成交时间,成交价,涨跌幅,价格变动,成交量(手),成交额(元),性质
09:15:00,0.0,-100.00%,--,0,0,中性盘
09:17:45,0.0,-100.00%,--,0,0,卖盘
09:50:13,218.99,+6.88%,--,42,919758,中性盘
09:50:16,219.0,+6.88%,+0.01,29,635100,卖盘
09:50:19,219.0,+6.88%,--,4,87600,卖盘
09:50:22,219.0,+6.88%,--,17,372300,卖盘
09:50:25,218.98,+6.87%,-0.02,9,197082,卖盘
09:50:28,219.0,+6.88%,+0.02,4,87600,买盘
09:50:31,219.0,+6.88%,--,6,131400,买盘
09:50:34,219.0,+6.88%,--,2,43800,买盘
09:50:37,218.97,+6.87%,-0.03,15,328455,卖盘
09:50:40,218.8,+6.78%,-0.17,18,393840,卖盘
09:50:43,218.97,+6.87%,+0.17,1,21897,买盘
09:50:46,218.96,+6.86%,-0.01,8,175168,买盘
09:50:49,218.8,+6.78%,-0.16,8,175040,卖盘
09:50:52,218.96,+6.86%,+0.16,10,218960,买盘
09:50:55,218.97,+6.87%,+0.01,26,569322,买盘
09:50:58,219.19,+6.97%,+0.22,107,2345333,买盘
09:51:01,219.38,+7.07%,+0.19,57,1250466,买盘
09:51:04,219.5,+7.13%,+0.12,20,439000,买盘
09:51:07,219.68,+7.21%,+0.18,32,702976,买盘
09:51:10,219.76,+7.25%,+0.08,22,483472,买盘
09:51:13,219.76,+7.25%,--,1,21976,中性盘
09:51:16,219.7,+7.22%,-0.06,7,153790,买盘
09:51:19,219.8,+7.27%,+0.1,18,395640,买盘
09:51:22,219.81,+7.28%,+0.01,11,241791,买盘
09:51:25,219.83,+7.29%,+0.02,19,417677,买盘
09:51:28,219.83,+7.29%,--,6,131898,卖盘
09:51:31,219.83,+7.29%,--,11,241813,卖盘
09:51:34,219.77,+7.26%,-0.06,11,241747,卖盘
09:51:37,219.83,+7.29%,+0.06,21,461643,买盘
09:51:40,219.7,+7.22%,-0.13,2,43940,中性盘
09:51:43,219.83,+7.29%,+0.13,27,593541,买盘
09:51:46,219.58,+7.16%,-0.25,8,175664,卖盘
09:51:49,219.59,+7.17%,+0.01,4,87836,卖盘
09:51:52,219.6,+7.17%,+0.01,9,197640,中性盘
09:51:55,219.73,+7.24%,+0.13,17,373541,买盘
09:51:58,219.61,+7.18%,-0.12,28,614908,卖盘
09:52:01,219.78,+7.26%,+0.17,5,109890,买盘
09:52:04,219.88,+7.31%,+0.1,86,1890968,买盘
09:52:07,220.0,+7.37%,+0.12,126,2772000,买盘
09:52:10,220.23,+7.48%,+0.23,194,4272462,买盘
09:52:13,220.49,+7.61%,+0.26,31,683519,买盘
09:52:16,220.54,+7.63%,+0.05,15,330810,买盘
09:52:19,220.54,+7.63%,--,7,154378,买盘
09:52:22,220.62,+7.67%,+0.08,46,1014852,买盘
09:52:25,220.71,+7.72%,+0.09,12,264852,买盘
09:52:28,220.75,+7.74%,+0.04,4,88300,买盘
09:52:31,220.75,+7.74%,--,11,242825,买盘
09:52:34,220.73,+7.73%,-0.02,39,860847,卖盘
09:52:37,220.63,+7.68%,-0.1,85,1875355,卖盘
09:52:40,220.73,+7.73%,+0.1,18,397314,买盘
09:52:43,220.63,+7.68%,-0.1,15,330945,卖盘
09:52:46,220.63,+7.68%,--,4,88252,买盘
09:52:49,220.57,+7.65%,-0.06,17,374969,卖盘
09:52:52,220.57,+7.65%,--,0,0,买盘
09:52:55,220.55,+7.64%,-0.02,13,286715,中性盘
09:52:58,220.2,+7.47%,-0.35,3,66060,卖盘
09:53:01,220.0,+7.37%,-0.2,10,220000,卖盘
09:53:04,220.03,+7.38%,+0.03,22,484066,中性盘
09:53:07,220.02,+7.38%,-0.01,14,308028,卖盘
09:53:10,220.04,+7.39%,+0.02,14,308056,中性盘
09:53:13,220.2,+7.47%,+0.16,14,308280,买盘
09:53:16,220.2,+7.47%,--,14,308280,卖盘
09:53:19,220.2,+7.47%,--,7,154140,卖盘
09:53:22,220.07,+7.40%,-0.13,83,1826581,中性盘
09:53:25,220.16,+7.45%,+0.09,27,594432,买盘
09:53:28,220.48,+7.60%,+0.32,24,529152,买盘
09:53:31,220.5,+7.61%,+0.02,12,264600,买盘
09:53:34,220.56,+7.64%,+0.06,112,2470272,买盘
09:53:37,220.73,+7.73%,+0.17,57,1258161,买盘
09:53:40,220.8,+7.76%,+0.07,37,816960,买盘
09:53:43,220.83,+7.77%,+0.03,15,331245,买盘
09:53:46,220.88,+7.80%,+0.05,81,1789128,中性盘
09:53:49,221.0,+7.86%,+0.12,245,5414500,买盘
09:53:49,221.0,+7.86%,--,245,5414500,中性盘
09:53:52,221.4,+8.05%,+0.4,123,2723220,买盘
09:53:55,221.53,+8.12%,+0.13,52,1151956,买盘
09:53:58,221.69,+8.19%,+0.16,43,953267,买盘
09:54:01,221.72,+8.21%,+0.03,157,3481004,中性盘
09:54:04,221.8,+8.25%,+0.08,15,332700,买盘
09:54:07,221.9,+8.30%,+0.1,61,1353590,买盘
09:54:10,221.91,+8.30%,+0.01,14,310674,买盘
09:54:13,221.92,+8.31%,+0.01,56,1242752,中性盘
09:54:16,221.95,+8.32%,+0.03,17,377315,买盘
09:54:19,222.07,+8.38%,+0.12,718,15944626,买盘
09:54:22,222.17,+8.43%,+0.1,36,799812,卖盘
09:54:25,222.36,+8.52%,+0.19,62,1378632,买盘
09:54:28,222.38,+8.53%,+0.02,36,800568,买盘
09:54:31,222.5,+8.59%,+0.12,39,867750,买盘
09:54:34,222.5,+8.59%,--,44,979000,买盘
09:54:37,222.67,+8.67%,+0.17,7,155869,买盘
09:54:40,222.67,+8.67%,--,23,512141,买盘
09:54:43,222.71,+8.69%,+0.04,11,244981,中性盘
09:54:46,222.88,+8.78%,+0.17,15,334320,买盘
09:54:49,222.91,+8.79%,+0.03,96,2139936,买盘
09:54:52,222.93,+8.80%,+0.02,119,2652867,中性盘
09:54:55,223.02,+8.84%,+0.09,10,223020,买盘
09:54:58,223.2,+8.93%,+0.18,36,803520,买盘
09:55:01,223.22,+8.94%,+0.02,21,468762,买盘
09:55:04,223.25,+8.96%,+0.03,13,290225,买盘
09:55:07,223.2,+8.93%,-0.05,117,2611440,卖盘
09:55:10,223.02,+8.84%,-0.18,106,2364012,卖盘
09:55:13,222.92,+8.79%,-0.1,114,2541288,卖盘
09:55:16,222.79,+8.73%,-0.13,23,512417,卖盘
09:55:19,222.32,+8.50%,-0.47,24,533568,卖盘
09:55:22,222.6,+8.64%,+0.28,18,400680,买盘
09:55:25,222.29,+8.49%,-0.31,16,355664,中性盘
09:55:28,221.95,+8.32%,-0.34,15,332925,卖盘
09:55:31,221.58,+8.14%,-0.37,27,598266,卖盘
09:55:34,221.58,+8.14%,--,1,22158,卖盘
09:55:37,221.0,+7.86%,-0.58,7,154700,卖盘
09:55:40,221.1,+7.91%,+0.1,10,221100,中性盘
09:55:43,221.58,+8.14%,+0.48,16,354528,买盘
09:55:46,221.09,+7.90%,-0.49,21,464289,中性盘
09:55:49,221.58,+8.14%,+0.49,15,332370,买盘
09:55:52,221.57,+8.14%,-0.01,20,443140,中性盘
09:55:55,221.39,+8.05%,-0.18,4,88556,中性盘
09:55:58,221.4,+8.05%,+0.01,5,110700,中性盘
09:56:01,221.14,+7.93%,-0.26,22,486508,卖盘
09:56:04,221.05,+7.88%,-0.09,22,486310,卖盘
09:56:07,221.39,+8.05%,+0.34,7,154973,买盘
09:56:10,221.14,+7.93%,-0.25,11,243254,卖盘
09:56:13,221.14,+7.93%,--,11,243254,卖盘
09:56:16,221.5,+8.10%,+0.36,18,398700,买盘
09:56:19,221.14,+7.93%,-0.36,12,265368,中性盘
09:56:22,221.13,+7.92%,-0.01,9,199017,中性盘
09:56:25,221.03,+7.87%,-0.1,7,154721,卖盘
09:56:28,221.01,+7.86%,-0.02,9,198909,卖盘
09:56:31,221.0,+7.86%,-0.01,86,1900600,卖盘
09:56:34,220.98,+7.85%,-0.02,23,508254,中性盘
09:56:37,220.97,+7.84%,-0.01,6,132582,卖盘
09:56:40,220.71,+7.72%,-0.26,3,66213,卖盘
09:56:43,220.97,+7.84%,+0.26,11,243067,买盘
09:56:46,220.99,+7.85%,+0.02,18,397782,买盘
09:56:49,220.9,+7.81%,-0.09,2,44180,中性盘
09:56:52,220.9,+7.81%,--,31,684790,中性盘
09:56:55,220.89,+7.80%,-0.01,5,110445,中性盘
09:56:58,220.66,+7.69%,-0.23,6,132396,卖盘
09:57:01,220.71,+7.72%,+0.05,18,397278,买盘
09:57:04,220.59,+7.66%,-0.12,19,419121,卖盘
09:57:07,220.7,+7.71%,+0.11,6,132420,中性盘
09:57:10,220.7,+7.71%,--,11,242770,中性盘
09:57:13,220.76,+7.74%,+0.06,8,181685,买盘
09:57:16,220.7,+7.71%,-0.06,8,193554,卖盘
09:57:19,220.71,+7.72%,+0.01,8,176568,买盘
09:57:22,220.75,+7.74%,+0.04,9,198675,买盘
09:57:25,220.7,+7.71%,-0.05,7,154490,卖盘
09:57:25,220.7,+7.71%,-0.12,7,154490,中性盘
09:57:28,220.58,+7.65%,-0.12,15,330870,卖盘
09:57:31,220.71,+7.72%,+0.13,21,463491,买盘
09:57:34,220.71,+7.72%,--,24,529704,买盘
09:57:37,220.72,+7.72%,+0.01,45,993240,卖盘
09:57:40,220.85,+7.78%,+0.13,25,557205,买盘
09:57:43,220.99,+7.85%,+0.14,2,44198,买盘
09:57:46,221.0,+7.86%,+0.01,15,331500,买盘
09:57:49,220.9,+7.81%,-0.1,13,287170,卖盘
09:57:52,220.98,+7.85%,+0.08,4,88392,中性盘
09:57:55,221.0,+7.86%,+0.02,47,1038700,买盘
09:57:58,221.0,+7.86%,--,6,132600,买盘
09:58:01,221.0,+7.86%,--,5,110500,卖盘
09:58:04,220.88,+7.80%,-0.12,6,132528,卖盘
09:58:07,220.87,+7.79%,-0.01,4,88348,中性盘
09:58:10,220.87,+7.79%,--,4,88348,买盘
09:58:13,220.89,+7.80%,+0.02,3,66267,中性盘
09:58:16,220.87,+7.79%,-0.02,6,132522,卖盘
09:58:19,220.82,+7.77%,-0.05,5,110410,中性盘
09:58:22,220.82,+7.77%,--,6,132492,卖盘
09:58:25,220.86,+7.79%,+0.04,6,132516,买盘
09:58:28,220.86,+7.79%,--,4,88344,卖盘
09:58:31,220.86,+7.79%,--,9,198774,卖盘
09:58:34,220.86,+7.79%,--,3,66258,卖盘
09:58:37,220.87,+7.79%,+0.01,17,375479,卖盘
09:58:40,220.87,+7.79%,--,13,287131,卖盘
09:58:43,220.93,+7.82%,+0.06,15,331395,买盘
09:58:46,220.93,+7.82%,--,7,154651,卖盘
09:58:49,220.93,+7.82%,--,2,44186,卖盘
09:58:52,220.88,+7.80%,-0.05,22,485936,卖盘
09:58:55,220.8,+7.76%,-0.08,25,552000,卖盘
09:58:58,220.86,+7.79%,+0.06,2,44172,卖盘
09:59:01,220.7,+7.71%,-0.16,21,463470,卖盘
09:59:04,220.87,+7.79%,+0.17,91,2009917,买盘
09:59:07,220.87,+7.79%,--,3,66261,卖盘
09:59:10,220.74,+7.73%,-0.13,3,66222,卖盘
09:59:13,220.74,+7.73%,--,10,220740,卖盘
09:59:16,220.57,+7.65%,-0.17,4,88228,中性盘
09:59:19,220.81,+7.76%,+0.24,19,419539,买盘
09:59:22,220.56,+7.64%,-0.25,4,88224,卖盘
09:59:25,220.61,+7.67%,+0.05,1,22061,卖盘
09:59:28,220.56,+7.64%,-0.05,33,727848,卖盘
09:59:31,220.56,+7.64%,--,8,176448,买盘
09:59:34,220.33,+7.53%,-0.23,4,88132,买盘
09:59:37,220.33,+7.53%,--,1,22033,卖盘
09:59:40,220.11,+7.42%,-0.22,11,242121,卖盘
09:59:46,220.0,+7.37%,-0.11,5,110000,卖盘
09:59:49,220.0,+7.37%,--,8,176000,卖盘
09:59:52,220.0,+7.37%,--,26,572000,卖盘
09:59:55,220.0,+7.37%,--,0,0,买盘
09:59:58,219.81,+7.28%,-0.19,8,175848,卖盘
10:00:01,219.8,+7.27%,-0.01,1,21980,卖盘
10:00:04,219.7,+7.22%,-0.1,4,87880,卖盘
10:00:07,219.7,+7.22%,--,7,153790,卖盘
10:00:10,219.66,+7.20%,-0.04,8,175728,卖盘
10:00:13,219.61,+7.18%,-0.05,7,153727,卖盘
10:00:16,219.65,+7.20%,+0.04,18,395370,买盘
10:00:19,219.4,+7.08%,-0.25,15,329100,卖盘
10:00:22,219.61,+7.18%,+0.21,16,351376,买盘
10:00:25,219.73,+7.24%,+0.12,46,1010758,买盘
10:00:28,220.11,+7.42%,+0.38,57,1254627,买盘
10:00:31,220.11,+7.42%,--,21,462231,买盘
10:00:34,220.33,+7.53%,+0.22,24,528792,买盘
10:00:37,220.5,+7.61%,+0.17,8,176400,买盘
10:00:40,220.5,+7.61%,--,9,198450,买盘
10:00:43,220.56,+7.64%,+0.06,16,352896,买盘
10:00:46,220.47,+7.60%,-0.09,10,220470,卖盘
10:00:49,220.47,+7.60%,--,11,242517,中性盘
10:00:52,220.79,+7.76%,+0.32,101,2229979,买盘
10:00:55,220.69,+7.71%,-0.1,22,485518,卖盘
10:00:58,220.87,+7.79%,+0.18,12,265044,买盘
10:01:01,220.91,+7.81%,+0.04,24,530184,买盘
10:01:01,220.91,+7.81%,-0.42,24,530184,中性盘
10:01:04,220.49,+7.61%,-0.42,123,2712027,卖盘
10:01:07,220.58,+7.65%,+0.09,1,22058,买盘
10:01:10,220.36,+7.55%,-0.22,22,484792,卖盘
10:01:13,220.36,+7.55%,--,16,352576,买盘
10:01:16,220.02,+7.38%,-0.34,2,44004,中性盘
10:01:19,220.02,+7.38%,--,3,66006,卖盘
10:01:22,220.11,+7.42%,+0.09,9,198099,买盘
10:01:25,220.0,+7.37%,-0.11,39,858000,卖盘
10:01:28,219.98,+7.36%,-0.02,31,681938,卖盘
10:01:31,219.98,+7.36%,--,0,0,买盘
10:01:34,219.72,+7.23%,-0.26,9,197748,卖盘
10:01:37,219.72,+7.23%,--,7,153804,卖盘
10:01:40,219.61,+7.18%,-0.11,4,87844,卖盘
10:01:43,219.68,+7.21%,+0.07,3,65904,买盘
10:01:46,219.68,+7.21%,--,1,21968,卖盘
10:01:49,219.68,+7.21%,--,0,0,买盘
10:01:52,219.42,+7.09%,-0.26,9,197478,卖盘
10:01:55,219.41,+7.08%,-0.01,6,131646,卖盘
10:01:58,219.41,+7.08%,--,25,548525,卖盘
10:02:01,219.5,+7.13%,+0.09,1,21950,卖盘
10:02:04,219.6,+7.17%,+0.1,25,549000,买盘
10:02:07,219.61,+7.18%,+0.01,29,636869,买盘
10:02:10,219.6,+7.17%,-0.01,27,592920,卖盘
10:02:13,219.56,+7.15%,-0.04,11,241516,卖盘
10:02:16,219.46,+7.11%,-0.1,6,131676,卖盘
10:02:19,219.38,+7.07%,-0.08,99,2171862,卖盘
10:02:22,219.16,+6.96%,-0.22,7,153412,卖盘
10:02:25,219.19,+6.97%,+0.03,7,153433,买盘
10:02:28,219.02,+6.89%,-0.17,3,65706,卖盘
10:02:31,219.0,+6.88%,-0.02,133,2912700,卖盘
10:02:34,218.88,+6.82%,-0.12,11,240768,卖盘
10:02:37,218.84,+6.80%,-0.04,5,109420,卖盘
10:02:40,218.74,+6.75%,-0.1,4,87496,卖盘
10:02:43,218.73,+6.75%,-0.01,6,131238,中性盘
10:02:46,218.61,+6.69%,-0.12,27,590247,卖盘
10:02:49,218.61,+6.69%,--,5,109305,卖盘
10:02:52,218.06,+6.42%,-0.55,42,915852,卖盘
10:02:55,218.51,+6.64%,+0.45,4,87404,中性盘
10:02:58,218.59,+6.68%,+0.08,14,306026,中性盘
10:03:01,218.5,+6.64%,-0.09,7,152950,中性盘
10:03:04,218.57,+6.67%,+0.07,83,1814131,中性盘
10:03:07,218.6,+6.69%,+0.03,18,411624,买盘
10:03:10,218.6,+6.69%,--,23,502780,买盘
10:03:13,218.66,+6.72%,+0.06,20,437320,买盘
10:03:16,218.6,+6.69%,-0.06,26,568360,卖盘
10:03:19,218.6,+6.69%,--,24,524640,卖盘
10:03:22,218.61,+6.69%,+0.01,3,65583,买盘
10:03:25,218.6,+6.69%,-0.01,12,262320,卖盘
10:03:28,218.61,+6.69%,+0.01,46,1005606,卖盘
10:03:31,218.61,+6.69%,--,10,218610,买盘
10:03:34,218.66,+6.72%,+0.05,22,481052,买盘
10:03:37,218.66,+6.72%,--,21,459186,卖盘
10:03:40,218.67,+6.72%,+0.01,15,328005,中性盘
10:03:43,218.61,+6.69%,-0.06,11,240471,卖盘
10:03:46,218.57,+6.67%,-0.04,26,568282,卖盘
10:03:49,218.18,+6.48%,-0.39,5,109090,卖盘
10:03:52,218.47,+6.62%,+0.29,2,43694,中性盘
10:03:55,218.47,+6.62%,--,0,0,中性盘
10:03:58,218.18,+6.48%,-0.29,10,218180,卖盘
10:04:01,218.46,+6.62%,+0.28,2,43692,买盘
10:04:04,218.45,+6.61%,-0.01,2,43690,卖盘
10:04:07,218.18,+6.48%,-0.27,12,261816,卖盘
10:04:10,218.17,+6.48%,-0.01,42,916314,中性盘
10:04:13,218.18,+6.48%,+0.01,9,196362,买盘
10:04:16,218.2,+6.49%,+0.02,8,174560,买盘
10:04:19,218.18,+6.48%,-0.02,5,113454,卖盘
10:04:22,218.35,+6.56%,+0.17,16,349360,买盘
10:04:25,218.19,+6.49%,-0.16,6,130914,卖盘
10:04:28,218.32,+6.55%,+0.13,17,371144,卖盘
10:04:31,218.2,+6.49%,-0.12,7,152740,卖盘
10:04:34,218.32,+6.55%,+0.12,3,65496,卖盘
10:04:37,218.2,+6.49%,-0.12,22,480040,卖盘
10:04:37,218.2,+6.49%,-0.02,22,480040,中性盘
10:04:40,218.18,+6.48%,-0.02,8,174544,卖盘
10:04:43,218.18,+6.48%,--,7,152726,卖盘
10:04:46,218.19,+6.49%,+0.01,1,21819,买盘
10:04:49,218.19,+6.49%,--,6,130914,买盘
10:04:52,218.19,+6.49%,--,15,327285,卖盘
10:04:55,218.18,+6.48%,-0.01,2,43636,卖盘
10:04:58,218.17,+6.48%,-0.01,5,126539,中性盘
10:05:01,218.12,+6.45%,-0.05,13,283556,卖盘
10:05:04,218.07,+6.43%,-0.05,45,981315,卖盘
10:05:07,217.8,+6.30%,-0.27,148,3223440,卖盘
10:05:10,217.5,+6.15%,-0.3,26,565500,卖盘
10:05:13,217.5,+6.15%,--,16,348000,卖盘
10:05:16,217.2,+6.00%,-0.3,18,390960,卖盘
10:05:19,217.45,+6.12%,+0.25,2,43490,买盘
10:05:22,217.28,+6.04%,-0.17,3,65184,中性盘
10:05:25,217.19,+6.00%,-0.09,3,65157,卖盘
10:05:28,217.4,+6.10%,+0.21,4,86960,买盘
10:05:31,217.2,+6.00%,-0.2,16,347520,卖盘
10:05:34,217.27,+6.04%,+0.07,9,195543,中性盘
10:05:37,217.2,+6.00%,-0.07,20,434400,卖盘
10:05:40,217.19,+6.00%,-0.01,17,369223,卖盘
10:05:43,217.2,+6.00%,+0.01,15,325800,买盘
10:05:46,217.17,+5.99%,-0.03,5,108585,卖盘
10:05:49,217.18,+5.99%,+0.01,6,130308,买盘
10:05:52,217.18,+5.99%,--,16,347488,卖盘
10:05:55,217.13,+5.97%,-0.05,14,303982,卖盘
10:05:58,217.18,+5.99%,+0.05,4,86872,中性盘
10:06:01,217.12,+5.96%,-0.06,5,108560,卖盘
10:06:04,217.11,+5.96%,-0.01,6,130266,卖盘
10:06:10,217.11,+5.96%,--,21,455931,卖盘
10:06:13,217.11,+5.96%,--,18,390798,卖盘
10:06:16,217.13,+5.97%,+0.02,32,694816,买盘
10:06:19,217.12,+5.96%,-0.01,9,195408,卖盘
10:06:22,217.13,+5.97%,+0.01,17,369121,买盘
10:06:28,217.13,+5.97%,--,4,86852,买盘
10:06:34,217.13,+5.97%,--,32,694816,买盘
10:06:37,217.1,+5.95%,-0.03,23,499330,卖盘
10:06:40,217.05,+5.93%,-0.05,18,390690,卖盘
10:06:43,217.03,+5.92%,-0.02,45,976635,卖盘
10:06:46,216.8,+5.81%,-0.23,50,1084000,卖盘
10:06:49,216.8,+5.81%,--,12,260160,卖盘
10:06:52,216.79,+5.80%,-0.01,2,43358,中性盘
10:06:55,216.79,+5.80%,--,5,108395,买盘
10:06:58,216.78,+5.80%,-0.01,5,108390,卖盘
10:07:01,216.73,+5.77%,-0.05,15,325095,卖盘
10:07:04,216.77,+5.79%,+0.04,8,173416,中性盘
10:07:07,216.77,+5.79%,--,22,476894,买盘
10:07:10,216.75,+5.78%,-0.02,4,86700,卖盘
10:07:13,216.78,+5.80%,+0.03,13,281814,买盘
10:07:16,216.79,+5.80%,+0.01,6,130074,买盘
10:07:19,216.79,+5.80%,--,21,455259,买盘
10:07:22,216.98,+5.90%,+0.19,18,390564,买盘
10:07:25,216.81,+5.81%,-0.17,15,325215,中性盘
10:07:28,217.04,+5.92%,+0.23,23,499192,买盘
10:07:31,216.98,+5.90%,-0.06,27,585846,卖盘
10:07:34,217.03,+5.92%,+0.05,7,151921,买盘
10:07:37,216.98,+5.90%,-0.05,5,108490,中性盘
10:07:40,217.04,+5.92%,+0.06,48,1041792,买盘
10:07:43,217.04,+5.92%,--,13,282152,中性盘
10:07:46,217.06,+5.93%,+0.02,34,738004,买盘
10:07:49,217.1,+5.95%,+0.04,32,694720,买盘
10:07:52,217.12,+5.96%,+0.02,4,86848,买盘
10:07:55,217.13,+5.97%,+0.01,4,86852,买盘
10:07:58,217.13,+5.97%,--,5,108565,买盘
10:08:01,217.13,+5.97%,--,19,412547,买盘
10:08:04,217.14,+5.97%,+0.01,4,86856,买盘
10:08:07,217.15,+5.98%,+0.01,29,629735,买盘
10:08:10,217.18,+5.99%,+0.03,6,130308,买盘
10:08:13,217.15,+5.98%,-0.03,34,738310,卖盘
10:08:13,217.15,+5.98%,-0.07,34,738310,中性盘
10:08:16,217.08,+5.94%,-0.07,70,1519560,卖盘
10:08:19,217.02,+5.92%,-0.06,73,1584246,卖盘
10:08:22,216.99,+5.90%,-0.03,11,238689,卖盘
10:08:25,216.81,+5.81%,-0.18,41,888921,卖盘
10:08:28,216.76,+5.79%,-0.05,41,888716,卖盘
10:08:31,216.56,+5.69%,-0.2,41,887896,卖盘
10:08:34,216.3,+5.56%,-0.26,27,584010,卖盘
10:08:37,216.3,+5.56%,--,8,173040,卖盘
10:08:40,216.18,+5.51%,-0.12,4,86472,卖盘
10:08:43,216.2,+5.51%,+0.02,1,21620,买盘
10:08:46,216.1,+5.47%,-0.1,42,907620,卖盘
10:08:49,216.1,+5.47%,--,11,237710,买盘
10:08:52,216.08,+5.46%,-0.02,29,626632,中性盘
10:08:55,216.01,+5.42%,-0.07,10,216010,卖盘
10:08:58,216.02,+5.43%,+0.01,18,388836,买盘
10:09:01,216.03,+5.43%,+0.01,14,302442,中性盘
10:09:04,216.02,+5.43%,-0.01,35,756070,卖盘
10:09:07,216.01,+5.42%,-0.01,15,324015,卖盘
10:09:10,216.1,+5.47%,+0.09,5,108050,中性盘
10:09:13,216.01,+5.42%,-0.09,19,410419,卖盘
10:09:16,216.2,+5.51%,+0.19,20,432400,买盘
10:09:19,216.49,+5.66%,+0.29,13,281437,买盘
10:09:22,216.2,+5.51%,-0.29,2,43240,卖盘
10:09:28,216.49,+5.66%,+0.29,3,64947,中性盘
10:09:31,216.55,+5.69%,+0.06,12,259860,买盘
10:09:34,216.49,+5.66%,-0.06,12,259788,卖盘
10:09:37,216.49,+5.66%,--,4,86596,买盘
10:09:40,216.49,+5.66%,--,6,129894,买盘
10:09:43,216.48,+5.65%,-0.01,9,194832,卖盘
10:09:46,216.54,+5.68%,+0.06,2,43308,买盘
10:09:49,216.49,+5.66%,-0.05,1,21649,卖盘
10:09:52,216.75,+5.78%,+0.26,5,108375,买盘
10:09:55,216.76,+5.79%,+0.01,1,21676,卖盘
10:09:58,216.76,+5.79%,--,5,108380,买盘
10:10:01,216.76,+5.79%,--,1,21676,买盘
10:10:04,216.75,+5.78%,-0.01,19,411825,卖盘
10:10:07,216.48,+5.65%,-0.27,55,1190640,卖盘
10:10:10,216.25,+5.54%,-0.23,49,1059625,卖盘
10:10:13,216.33,+5.58%,+0.08,10,216330,买盘
10:10:16,216.1,+5.47%,-0.23,2,43220,卖盘
10:10:19,216.06,+5.45%,-0.04,12,259272,卖盘
10:10:22,216.03,+5.43%,-0.03,6,129618,卖盘
10:10:25,216.03,+5.43%,--,80,1728240,中性盘
10:10:28,215.98,+5.41%,-0.05,14,302372,卖盘
10:10:31,216.0,+5.42%,+0.02,11,237600,中性盘
10:10:34,215.85,+5.34%,-0.15,11,237435,卖盘
10:10:37,215.87,+5.35%,+0.02,2,43174,买盘
10:10:46,215.87,+5.35%,--,22,474914,卖盘
10:10:49,215.99,+5.41%,+0.12,3,64797,中性盘
10:10:52,216.0,+5.42%,+0.01,5,108000,买盘
10:10:58,216.02,+5.43%,+0.02,3,64806,买盘
10:11:01,216.03,+5.43%,+0.01,22,475266,买盘
10:11:04,216.47,+5.65%,+0.44,3,64941,中性盘
10:11:07,216.12,+5.48%,-0.35,3,64836,卖盘
10:11:10,216.44,+5.63%,+0.32,5,108220,买盘
10:11:13,216.12,+5.48%,-0.32,11,237732,卖盘
10:11:16,216.13,+5.48%,+0.01,2,43226,中性盘
10:11:19,216.13,+5.48%,--,2,43226,卖盘
10:11:22,216.02,+5.43%,-0.11,16,345632,卖盘
10:11:25,216.12,+5.48%,+0.1,10,216120,买盘
10:11:28,216.01,+5.42%,-0.11,2,43202,卖盘
10:11:31,216.0,+5.42%,-0.01,36,777600,卖盘
10:11:34,216.0,+5.42%,--,4,86400,买盘
10:11:37,216.0,+5.42%,--,29,626400,买盘
10:11:43,216.01,+5.42%,+0.01,10,216010,买盘
10:11:46,216.12,+5.48%,+0.11,14,302568,买盘
10:11:46,216.12,+5.48%,--,14,302568,中性盘
10:11:55,216.13,+5.48%,+0.01,8,172904,买盘
10:11:58,216.3,+5.56%,+0.17,5,108150,买盘
10:12:01,216.16,+5.50%,-0.14,3,64848,中性盘
10:12:04,216.15,+5.49%,-0.01,2,43230,中性盘
10:12:07,216.47,+5.65%,+0.32,7,151529,买盘
10:12:10,216.46,+5.64%,-0.01,1,21646,卖盘
10:12:13,216.76,+5.79%,+0.3,4,86704,中性盘
10:12:16,216.46,+5.64%,-0.3,9,194814,卖盘
10:12:19,216.75,+5.78%,+0.29,6,130050,买盘
10:12:22,216.75,+5.78%,--,9,195075,卖盘
10:12:25,216.74,+5.78%,-0.01,16,346784,卖盘
10:12:28,216.72,+5.77%,-0.02,13,281736,中性盘
10:12:31,216.71,+5.76%,-0.01,11,238381,中性盘
10:12:34,216.73,+5.77%,+0.02,14,303422,买盘
10:12:37,216.73,+5.77%,--,4,86692,买盘
10:12:40,216.77,+5.79%,+0.04,5,108385,买盘
10:12:43,216.7,+5.76%,-0.07,8,173360,卖盘
10:12:46,216.7,+5.76%,--,4,86680,买盘
10:12:49,216.72,+5.77%,+0.02,1,21672,买盘
10:12:52,216.72,+5.77%,--,13,281736,买盘
10:12:55,216.43,+5.63%,-0.29,19,411217,卖盘
10:12:58,216.72,+5.77%,+0.29,7,151704,买盘
10:13:01,216.72,+5.77%,--,0,0,中性盘
10:13:04,216.35,+5.59%,-0.37,6,129810,卖盘
10:13:07,216.2,+5.51%,-0.15,26,562120,卖盘
10:13:10,216.46,+5.64%,+0.26,3,64938,买盘
10:13:13,216.2,+5.51%,-0.26,4,86480,卖盘
10:13:16,216.2,+5.51%,--,31,670220,卖盘
10:13:19,216.14,+5.49%,-0.06,22,475508,卖盘
10:13:22,216.14,+5.49%,--,8,172912,买盘
10:13:25,216.46,+5.64%,+0.32,21,454566,买盘
10:13:28,216.41,+5.62%,-0.05,1,21641,中性盘
10:13:31,216.2,+5.51%,-0.21,17,367540,卖盘
10:13:34,216.1,+5.47%,-0.1,9,194490,卖盘
10:13:37,216.21,+5.52%,+0.11,8,172968,买盘
10:13:40,216.2,+5.51%,-0.01,2,43240,卖盘
10:13:43,216.01,+5.42%,-0.19,33,712833,卖盘
10:13:46,216.01,+5.42%,--,4,86404,卖盘
10:13:49,216.06,+5.45%,+0.05,4,86424,买盘
10:13:52,216.06,+5.45%,--,2,43212,买盘
10:13:55,216.06,+5.45%,--,6,129636,买盘
10:13:58,216.07,+5.45%,+0.01,8,172856,买盘
10:14:01,216.27,+5.55%,+0.2,10,216270,买盘
10:14:04,216.34,+5.58%,+0.07,2,43268,买盘
10:14:07,216.36,+5.59%,+0.02,19,411084,买盘
10:14:10,216.36,+5.59%,--,5,108180,买盘
10:14:13,216.35,+5.59%,-0.01,17,367795,中性盘
10:14:16,216.5,+5.66%,+0.15,28,606200,买盘
10:14:19,216.11,+5.47%,-0.39,4,86444,中性盘
10:14:22,216.17,+5.50%,+0.06,44,951148,卖盘
10:14:25,216.17,+5.50%,--,57,1232169,买盘
10:14:28,216.05,+5.44%,-0.12,9,194445,卖盘
10:14:31,215.99,+5.41%,-0.06,87,1879113,卖盘
10:14:34,216.03,+5.43%,+0.04,36,777708,买盘
10:14:37,215.87,+5.35%,-0.16,22,474914,卖盘
10:14:40,215.8,+5.32%,-0.07,21,453180,卖盘
10:14:43,215.77,+5.31%,-0.03,5,107885,卖盘
10:14:46,216.0,+5.42%,+0.23,69,1490400,买盘
10:14:49,215.75,+5.30%,-0.25,11,237325,买盘
10:14:52,215.75,+5.30%,--,6,129450,卖盘
10:14:55,215.88,+5.36%,+0.13,16,345408,买盘
10:14:58,215.75,+5.30%,-0.13,57,1229775,卖盘
10:15:01,215.75,+5.30%,--,7,151025,中性盘
10:15:04,215.79,+5.31%,+0.04,17,366843,中性盘
10:15:07,215.88,+5.36%,+0.09,12,259056,买盘
10:15:10,216.0,+5.42%,+0.12,31,669600,买盘
10:15:13,216.02,+5.43%,+0.02,31,669662,买盘
10:15:16,215.88,+5.36%,-0.14,1,21588,卖盘
10:15:19,215.89,+5.36%,+0.01,1,21589,卖盘
10:15:22,216.18,+5.51%,+0.29,12,259416,买盘
10:15:25,216.5,+5.66%,+0.32,18,389700,买盘
10:15:25,216.5,+5.66%,--,18,389700,中性盘
10:15:28,216.5,+5.66%,--,23,498600,买盘
10:15:34,216.6,+5.71%,+0.1,3,64980,中性盘
10:15:37,216.6,+5.71%,--,4,86640,中性盘
10:15:40,216.51,+5.67%,-0.09,2,43302,卖盘
10:15:43,216.66,+5.74%,+0.15,10,216660,买盘
10:15:46,216.51,+5.67%,-0.15,3,64953,中性盘
10:15:52,216.51,+5.67%,--,5,108255,卖盘
10:15:55,216.5,+5.66%,-0.01,11,238150,卖盘
10:15:58,216.58,+5.70%,+0.08,2,43316,中性盘
10:16:01,216.5,+5.66%,-0.08,31,671150,卖盘
10:16:04,216.48,+5.65%,-0.02,16,346368,卖盘
10:16:07,216.35,+5.59%,-0.13,5,108175,卖盘
10:16:10,216.31,+5.57%,-0.04,8,173048,卖盘
10:16:13,216.5,+5.66%,+0.19,25,541250,买盘
10:16:16,216.5,+5.66%,--,0,0,买盘
10:16:19,216.32,+5.57%,-0.18,12,259584,买盘
10:16:22,216.18,+5.51%,-0.14,2,43236,卖盘
10:16:25,216.12,+5.48%,-0.06,1,21612,卖盘
10:16:28,216.12,+5.48%,--,4,86448,卖盘
10:16:31,216.2,+5.51%,+0.08,25,540500,买盘
10:16:37,216.05,+5.44%,-0.15,7,151235,卖盘
10:16:40,216.18,+5.51%,+0.13,15,324270,买盘
10:16:49,216.31,+5.57%,+0.13,1,21631,买盘
10:16:55,216.3,+5.56%,-0.01,6,129780,买盘
10:16:58,216.3,+5.56%,--,3,64890,买盘
10:17:01,216.2,+5.51%,-0.1,44,951280,卖盘
10:17:04,216.08,+5.46%,-0.12,2,43216,中性盘
10:17:07,216.08,+5.46%,--,1,21608,卖盘
10:17:10,216.08,+5.46%,--,3,64824,卖盘
10:17:13,216.2,+5.51%,+0.12,10,216200,买盘
10:17:16,216.31,+5.57%,+0.11,4,86524,买盘
10:17:19,216.2,+5.51%,-0.11,5,108100,卖盘
10:17:22,216.2,+5.51%,--,14,302680,卖盘
10:17:25,216.48,+5.65%,+0.28,1,21648,中性盘
10:17:28,216.41,+5.62%,-0.07,2,43282,中性盘
10:17:31,216.2,+5.51%,-0.21,3,64860,中性盘
10:17:34,216.49,+5.66%,+0.29,1,21649,买盘
10:17:37,216.49,+5.66%,--,9,194841,买盘
10:17:40,216.49,+5.66%,--,2,43298,买盘
10:17:43,216.41,+5.62%,-0.08,2,43282,卖盘
10:17:46,216.49,+5.66%,+0.08,3,64947,买盘
10:17:49,216.49,+5.66%,--,3,64947,买盘
10:17:52,216.53,+5.68%,+0.04,7,151571,买盘
10:17:55,216.55,+5.69%,+0.02,7,151585,买盘
10:18:01,216.6,+5.71%,+0.05,1,21660,买盘
10:18:07,216.72,+5.77%,+0.12,2,43344,买盘
10:18:10,216.6,+5.71%,-0.12,9,194940,卖盘
10:18:13,216.73,+5.77%,+0.13,6,130038,买盘
10:18:16,216.77,+5.79%,+0.04,9,195093,买盘
10:18:19,217.0,+5.91%,+0.23,23,499100,买盘
10:18:25,216.78,+5.80%,-0.22,8,173424,卖盘
10:18:28,217.14,+5.97%,+0.36,7,151998,买盘
10:18:31,217.14,+5.97%,--,25,542850,买盘
10:18:34,217.15,+5.98%,+0.01,10,217150,买盘
10:18:37,217.14,+5.97%,-0.01,3,65142,卖盘
10:18:40,217.1,+5.95%,-0.04,9,195390,买盘
10:18:43,217.05,+5.93%,-0.05,2,43410,卖盘
10:18:46,217.04,+5.92%,-0.01,2,43408,中性盘
10:18:49,217.0,+5.91%,-0.04,16,347851,中性盘
10:18:52,216.94,+5.88%,-0.06,1,21694,买盘
10:18:55,216.94,+5.88%,--,2,43388,卖盘
10:18:58,216.94,+5.88%,--,2,43388,中性盘
10:19:01,216.8,+5.81%,-0.14,10,216800,卖盘
10:19:01,216.8,+5.81%,--,10,216800,中性盘
10:19:04,216.8,+5.81%,--,5,129430,卖盘
10:19:07,216.81,+5.81%,+0.01,8,174098,买盘
10:19:10,216.79,+5.80%,-0.02,3,86066,卖盘
10:19:13,216.55,+5.69%,-0.24,46,996130,卖盘
10:19:16,216.41,+5.62%,-0.14,25,541025,卖盘
10:19:19,216.22,+5.52%,-0.19,19,410818,卖盘
10:19:22,216.22,+5.52%,--,0,0,中性盘
10:19:25,216.22,+5.52%,--,0,0,卖盘
10:19:28,216.3,+5.56%,+0.08,3,64890,卖盘
10:19:37,216.3,+5.56%,--,32,692160,卖盘
10:19:40,216.3,+5.56%,--,10,216300,买盘
10:19:43,216.3,+5.56%,--,9,194670,买盘
10:19:46,216.34,+5.58%,+0.04,5,108170,买盘
10:19:49,216.42,+5.62%,+0.08,2,43284,买盘
10:19:55,216.33,+5.58%,-0.09,2,43266,卖盘
10:19:58,216.42,+5.62%,+0.09,1,21642,买盘
10:20:01,216.42,+5.62%,--,0,0,买盘
10:20:04,216.3,+5.56%,-0.12,20,432600,卖盘
10:20:07,216.5,+5.66%,+0.2,32,692800,买盘
10:20:10,216.5,+5.66%,--,5,108250,卖盘
10:20:13,216.55,+5.69%,+0.05,1,21655,买盘
10:20:16,216.55,+5.69%,--,1,21655,买盘
10:20:19,216.55,+5.69%,--,2,43310,买盘
10:20:22,216.55,+5.69%,--,3,64965,买盘
10:20:28,216.44,+5.63%,-0.11,4,86576,卖盘
10:20:31,216.5,+5.66%,+0.06,7,151550,中性盘
10:20:34,216.55,+5.69%,+0.05,1,21655,中性盘
10:20:37,216.58,+5.70%,+0.03,1,21658,买盘
10:20:40,216.58,+5.70%,--,3,64974,买盘
10:20:43,216.58,+5.70%,--,2,43316,买盘
10:20:46,216.5,+5.66%,-0.08,10,216500,卖盘
10:20:49,216.58,+5.70%,+0.08,2,43316,买盘
10:20:52,216.58,+5.70%,--,2,43316,卖盘
10:20:55,216.59,+5.71%,+0.01,1,21659,买盘
10:20:58,216.5,+5.66%,-0.09,2,43300,卖盘
10:21:01,216.5,+5.66%,--,8,173200,卖盘
10:21:04,216.5,+5.66%,--,34,736100,卖盘
10:21:10,216.5,+5.66%,--,5,108250,买盘
10:21:13,216.32,+5.57%,-0.18,2,43264,卖盘
10:21:16,216.49,+5.66%,+0.17,2,43298,买盘
10:21:28,216.49,+5.66%,--,0,0,买盘
10:21:31,216.4,+5.61%,-0.09,1,21640,买盘
10:21:34,216.4,+5.61%,--,4,86560,买盘
10:21:40,216.5,+5.66%,+0.1,13,281450,买盘
10:21:43,216.51,+5.67%,+0.01,10,216510,买盘
10:21:46,216.58,+5.70%,+0.07,6,129948,买盘
10:21:49,216.6,+5.71%,+0.02,10,216600,买盘
10:21:52,216.6,+5.71%,--,5,108300,买盘
10:21:58,216.71,+5.76%,+0.11,4,86684,买盘
10:22:04,216.72,+5.77%,+0.01,4,86688,中性盘
10:22:07,216.95,+5.88%,+0.23,2,43390,买盘
10:22:10,216.99,+5.90%,+0.04,3,65097,买盘
10:22:13,216.96,+5.89%,-0.03,2,43392,中性盘
10:22:16,217.1,+5.95%,+0.14,7,151970,买盘
10:22:19,217.18,+5.99%,+0.08,7,152026,买盘
10:22:22,217.4,+6.10%,+0.22,12,260880,买盘
10:22:25,217.4,+6.10%,--,3,65220,买盘
10:22:28,217.4,+6.10%,--,8,173920,买盘
10:22:31,217.4,+6.10%,--,4,86960,买盘
10:22:34,217.4,+6.10%,--,7,152180,买盘
10:22:37,217.44,+6.12%,+0.04,3,65232,买盘
10:22:37,217.44,+6.12%,--,3,65232,中性盘
10:22:40,217.44,+6.12%,--,7,152208,中性盘
10:22:43,217.55,+6.17%,+0.11,5,108775,买盘
10:22:46,217.56,+6.18%,+0.01,1,21756,买盘
10:22:49,217.55,+6.17%,-0.01,1,21755,卖盘
10:22:52,217.6,+6.20%,+0.05,4,87040,买盘
10:22:55,217.6,+6.20%,--,2,43520,卖盘
10:22:58,217.6,+6.20%,--,0,0,卖盘
10:23:07,217.77,+6.28%,+0.17,10,217770,买盘
10:23:10,217.6,+6.20%,-0.17,3,65280,卖盘
10:23:13,217.63,+6.21%,+0.03,14,304682,买盘
10:23:16,217.4,+6.10%,-0.23,16,347840,卖盘
10:23:19,217.26,+6.03%,-0.14,7,152082,卖盘
10:23:22,217.26,+6.03%,--,5,108630,卖盘
10:23:25,217.23,+6.02%,-0.03,4,86892,卖盘
10:23:28,217.38,+6.09%,+0.15,8,173904,买盘
10:23:31,217.38,+6.09%,--,8,173904,卖盘
10:23:34,217.21,+6.01%,-0.17,1,21721,卖盘
10:23:37,217.25,+6.03%,+0.04,9,195525,中性盘
10:23:40,217.04,+5.92%,-0.21,4,86816,卖盘
10:23:43,217.05,+5.93%,+0.01,1,21705,卖盘
10:23:46,217.14,+5.97%,+0.09,2,43428,买盘
10:23:49,217.14,+5.97%,--,0,0,卖盘
10:23:52,217.04,+5.92%,-0.1,5,108520,卖盘
10:23:55,217.01,+5.91%,-0.03,13,282113,卖盘
10:23:58,217.2,+6.00%,+0.19,12,260640,买盘
10:24:01,217.2,+6.00%,--,0,0,中性盘
10:24:04,217.16,+5.98%,-0.04,1,21716,买盘
10:24:07,216.95,+5.88%,-0.21,3,65085,卖盘
10:24:10,216.95,+5.88%,--,4,86780,买盘
10:24:22,216.95,+5.88%,--,2,43390,买盘
10:24:25,216.8,+5.81%,-0.15,24,520320,卖盘
10:24:28,216.95,+5.88%,+0.15,2,43390,中性盘
10:24:31,216.6,+5.71%,-0.35,24,519840,卖盘
10:24:34,216.95,+5.88%,+0.35,1,21695,中性盘
10:24:43,216.95,+5.88%,--,2,43390,卖盘
10:24:49,216.73,+5.77%,-0.22,5,108365,卖盘
10:24:52,216.77,+5.79%,+0.04,3,65031,买盘
10:24:55,216.6,+5.71%,-0.17,1,21660,卖盘
10:24:58,216.72,+5.77%,+0.12,1,21672,买盘
10:25:01,216.6,+5.71%,-0.12,1,21660,卖盘
10:25:04,216.6,+5.71%,--,0,0,卖盘
10:25:07,216.59,+5.71%,-0.01,9,194931,卖盘
10:25:10,216.52,+5.67%,-0.07,36,779472,卖盘
10:25:13,216.4,+5.61%,-0.12,14,302960,卖盘
10:25:16,216.36,+5.59%,-0.04,16,346176,卖盘
10:25:19,216.31,+5.57%,-0.05,35,757085,卖盘
10:25:22,216.3,+5.56%,-0.01,58,1254540,卖盘
10:25:25,216.3,+5.56%,--,42,908460,卖盘
10:25:28,216.3,+5.56%,--,5,108150,卖盘
10:25:31,216.27,+5.55%,-0.03,26,562302,卖盘
10:25:34,216.3,+5.56%,+0.03,23,497490,买盘
10:25:40,216.06,+5.45%,-0.14,13,280878,卖盘
10:25:43,216.05,+5.44%,-0.01,6,129630,卖盘
10:25:46,216.2,+5.51%,+0.15,1,21620,中性盘
10:25:49,216.04,+5.44%,-0.16,5,108020,卖盘
10:25:55,216.04,+5.44%,--,2,43208,卖盘
10:25:58,216.2,+5.51%,+0.16,12,259440,买盘
10:26:07,216.2,+5.51%,--,3,64860,卖盘
10:26:10,216.22,+5.52%,+0.02,5,108110,买盘
10:26:13,216.27,+5.55%,+0.05,20,432540,买盘
10:26:16,216.27,+5.55%,--,0,0,中性盘
10:26:16,216.27,+5.55%,--,0,0,买盘
10:26:19,216.27,+5.55%,--,13,281151,买盘
10:26:25,216.27,+5.55%,--,1,21627,买盘
10:26:31,216.22,+5.52%,-0.05,22,475684,卖盘
10:26:37,216.22,+5.52%,--,0,0,买盘
10:26:40,216.2,+5.51%,-0.02,4,86480,卖盘
10:26:43,216.2,+5.51%,--,1,21620,买盘
10:26:52,216.29,+5.56%,+0.09,2,43258,中性盘
10:26:55,216.29,+5.56%,--,4,86516,卖盘
10:26:58,216.29,+5.56%,--,3,64887,卖盘
10:27:01,216.29,+5.56%,--,1,21629,卖盘
10:27:04,216.29,+5.56%,--,1,21629,中性盘
10:27:10,216.22,+5.52%,-0.07,6,129732,卖盘
10:27:13,216.22,+5.52%,--,15,324330,卖盘
10:27:16,216.22,+5.52%,--,3,64866,卖盘
10:27:19,216.13,+5.48%,-0.09,3,64839,卖盘
10:27:22,216.13,+5.48%,--,0,0,中性盘
10:27:25,216.3,+5.56%,+0.17,6,129780,买盘
10:27:37,216.31,+5.57%,+0.01,1,21631,买盘
10:27:40,216.31,+5.57%,--,9,194679,买盘
10:27:43,216.3,+5.56%,-0.01,26,562380,卖盘
10:27:46,216.3,+5.56%,--,0,0,卖盘
10:27:49,216.31,+5.57%,+0.01,2,43262,卖盘
10:27:55,216.31,+5.57%,--,0,0,中性盘
10:28:01,216.31,+5.57%,--,2,43262,卖盘
10:28:04,216.31,+5.57%,--,1,21631,中性盘
10:28:07,216.3,+5.56%,-0.01,7,151410,卖盘
10:28:10,216.2,+5.51%,-0.1,4,86480,卖盘
10:28:13,216.2,+5.51%,--,1,21620,卖盘
10:28:16,216.2,+5.51%,--,0,0,卖盘
10:28:19,216.2,+5.51%,--,7,151340,卖盘
10:28:22,216.2,+5.51%,--,4,86480,买盘
10:28:25,216.1,+5.47%,-0.1,5,108050,卖盘
10:28:28,216.09,+5.46%,-0.01,5,108045,卖盘
10:28:31,216.1,+5.47%,+0.01,10,216100,买盘
10:28:34,216.08,+5.46%,-0.02,4,86432,卖盘
10:28:37,216.07,+5.45%,-0.01,1,21607,卖盘
10:28:40,216.05,+5.44%,-0.02,12,259260,卖盘
10:28:43,216.05,+5.44%,--,3,64815,卖盘
10:28:46,216.04,+5.44%,-0.01,4,86416,卖盘
10:28:49,216.03,+5.43%,-0.01,45,972135,卖盘
10:28:52,216.0,+5.42%,-0.03,182,3931200,卖盘
10:28:55,216.03,+5.43%,+0.03,9,194427,买盘
10:28:58,216.05,+5.44%,+0.02,7,151235,买盘
10:29:01,216.03,+5.43%,-0.02,7,151221,买盘
10:29:04,216.03,+5.43%,--,2,43206,中性盘
10:29:07,216.03,+5.43%,--,5,108015,买盘
10:29:10,216.0,+5.42%,-0.03,2,43200,卖盘
10:29:13,216.01,+5.42%,+0.01,1,21601,中性盘
10:29:16,216.03,+5.43%,+0.02,4,86412,买盘
10:29:19,216.0,+5.42%,-0.03,4,86400,卖盘
10:29:22,216.03,+5.43%,+0.03,2,43206,买盘
10:29:25,216.0,+5.42%,-0.03,8,172800,卖盘
10:29:28,216.0,+5.42%,--,6,129600,卖盘
10:29:40,216.03,+5.43%,+0.03,8,172824,买盘
10:29:43,216.0,+5.42%,-0.03,6,129600,卖盘
10:29:52,215.94,+5.39%,-0.06,3,64782,卖盘
10:29:52,215.94,+5.39%,--,3,64782,中性盘
10:29:55,216.0,+5.42%,+0.06,2,43200,买盘
10:29:58,216.0,+5.42%,--,3,64800,买盘
10:30:04,216.0,+5.42%,--,1,21600,买盘
10:30:07,216.07,+5.45%,+0.07,9,194463,买盘
10:30:10,216.09,+5.46%,+0.02,6,129654,买盘
10:30:13,216.09,+5.46%,--,4,86436,买盘
10:30:16,216.09,+5.46%,--,0,0,买盘
10:30:19,216.09,+5.46%,--,2,43218,买盘
10:30:22,216.1,+5.47%,+0.01,28,605080,买盘
10:30:25,216.26,+5.54%,+0.16,5,108130,买盘
10:30:31,216.26,+5.54%,--,0,0,买盘
10:30:34,216.22,+5.52%,-0.04,1,21622,买盘
10:30:37,216.22,+5.52%,--,1,21622,买盘
10:30:40,216.1,+5.47%,-0.12,2,43220,卖盘
10:30:43,216.1,+5.47%,--,0,0,中性盘
10:30:46,216.08,+5.46%,-0.02,3,64824,卖盘
10:30:49,216.05,+5.44%,-0.03,7,151235,卖盘
10:30:52,216.1,+5.47%,+0.05,11,237710,买盘
10:30:55,216.1,+5.47%,--,5,108050,买盘
10:30:58,216.05,+5.44%,-0.05,1,21605,中性盘
10:31:01,216.09,+5.46%,+0.04,1,21609,买盘
10:31:04,216.05,+5.44%,-0.04,8,172840,卖盘
10:31:07,216.08,+5.46%,+0.03,1,21608,买盘
10:31:10,216.06,+5.45%,-0.02,1,21606,中性盘
10:31:13,216.09,+5.46%,+0.03,9,194481,买盘
10:31:16,216.05,+5.44%,-0.04,10,216050,卖盘
10:31:19,216.03,+5.43%,-0.02,14,302442,卖盘
10:31:22,215.9,+5.37%,-0.13,12,259080,卖盘
10:31:25,216.0,+5.42%,+0.1,2,43200,中性盘
10:31:28,215.88,+5.36%,-0.12,12,259056,卖盘
10:31:31,215.82,+5.33%,-0.06,2,43164,卖盘
10:31:34,215.97,+5.40%,+0.15,4,86388,中性盘
10:31:40,215.82,+5.33%,-0.15,3,64746,卖盘
10:31:52,215.83,+5.33%,+0.01,13,280579,卖盘
10:31:58,215.83,+5.33%,--,4,86332,卖盘
10:32:01,215.84,+5.34%,+0.01,8,172672,卖盘
10:32:04,215.95,+5.39%,+0.11,8,172760,中性盘
10:32:07,216.0,+5.42%,+0.05,16,345600,买盘
10:32:10,216.07,+5.45%,+0.07,21,453747,买盘
10:32:13,216.08,+5.46%,+0.01,5,108040,买盘
10:32:16,216.1,+5.47%,+0.02,7,151270,买盘
10:32:19,216.21,+5.52%,+0.11,9,194589,买盘
10:32:22,216.28,+5.55%,+0.07,4,86512,买盘
10:32:25,216.28,+5.55%,--,0,0,买盘
10:32:28,216.18,+5.51%,-0.1,1,21618,中性盘
10:32:31,216.26,+5.54%,+0.08,12,259512,买盘
10:32:34,216.26,+5.54%,--,5,108130,买盘
10:32:37,216.09,+5.46%,-0.17,9,194481,卖盘
10:32:40,216.09,+5.46%,--,2,43218,卖盘
10:32:43,216.26,+5.54%,+0.17,3,64878,买盘
10:32:46,216.28,+5.55%,+0.02,3,64884,买盘
10:32:49,216.28,+5.55%,--,3,64884,买盘
10:32:52,216.26,+5.54%,-0.02,3,64878,中性盘
10:32:58,216.28,+5.55%,+0.02,1,21628,买盘
10:33:01,216.28,+5.55%,--,6,129768,买盘
10:33:04,216.26,+5.54%,-0.02,2,43252,卖盘
10:33:10,216.25,+5.54%,-0.01,3,64875,卖盘
10:33:13,216.12,+5.48%,-0.13,1,21612,卖盘
10:33:16,216.11,+5.47%,-0.01,1,21611,卖盘
10:33:22,216.25,+5.54%,+0.14,3,64875,买盘
10:33:25,216.12,+5.48%,-0.13,5,108060,卖盘
10:33:28,216.12,+5.48%,--,4,86448,买盘
10:37:04,216.29,+5.56%,--,13,281177,中性盘
10:37:04,216.29,+5.56%,--,13,281177,卖盘
10:37:07,216.38,+5.60%,+0.09,1,21638,买盘
10:37:10,216.23,+5.53%,-0.15,33,713559,卖盘
10:37:13,216.23,+5.53%,--,2,43246,买盘
10:37:22,216.2,+5.51%,-0.03,3,64860,卖盘
10:37:28,216.2,+5.51%,--,8,172960,卖盘
10:37:31,216.23,+5.53%,+0.03,10,216230,买盘
10:37:34,216.23,+5.53%,--,11,237853,买盘
10:37:37,216.24,+5.53%,+0.01,1,21624,买盘
10:37:40,216.23,+5.53%,-0.01,3,64869,卖盘
10:37:46,216.24,+5.53%,+0.01,1,21624,卖盘
10:37:49,216.24,+5.53%,--,3,64872,卖盘
10:37:58,216.23,+5.53%,-0.01,4,86492,卖盘
10:38:01,216.25,+5.54%,+0.02,15,324375,买盘
10:38:04,216.2,+5.51%,-0.05,11,237820,卖盘
10:38:07,216.21,+5.52%,+0.01,5,108105,买盘
10:38:10,216.1,+5.47%,-0.11,13,280930,卖盘
10:38:13,216.04,+5.44%,-0.06,9,194436,买盘
10:38:16,216.04,+5.44%,--,4,86416,买盘
10:38:19,216.04,+5.44%,--,3,64812,卖盘
10:38:22,216.04,+5.44%,--,0,0,卖盘
10:38:28,216.04,+5.44%,--,7,151228,卖盘
10:38:31,216.16,+5.50%,+0.12,1,21616,买盘
10:38:37,216.0,+5.42%,-0.16,38,820800,卖盘
10:38:40,215.88,+5.36%,-0.12,16,345408,卖盘
10:38:55,215.88,+5.36%,--,2,43176,中性盘
10:38:58,215.85,+5.34%,-0.03,2,43170,卖盘
10:39:01,216.05,+5.44%,+0.2,15,324075,买盘
10:39:04,216.15,+5.49%,+0.1,5,108075,买盘
10:39:07,216.05,+5.44%,-0.1,1,21605,卖盘
10:39:10,216.0,+5.42%,-0.05,6,129600,卖盘
10:39:25,216.0,+5.42%,--,7,151200,卖盘
10:39:37,216.05,+5.44%,--,1,21605,卖盘
10:39:43,216.06,+5.45%,+0.05,2,43212,买盘
10:40:01,216.06,+5.45%,--,5,108030,买盘
10:40:10,216.06,+5.45%,--,10,216060,卖盘
10:40:16,216.0,+5.42%,-0.06,12,259200,卖盘
10:40:19,215.9,+5.37%,-0.1,5,107950,卖盘
10:40:22,215.87,+5.35%,-0.03,4,86348,卖盘
10:40:34,216.0,+5.42%,+0.13,5,108000,中性盘
10:40:37,216.0,+5.42%,--,0,0,中性盘
10:40:40,215.87,+5.35%,-0.13,1,21587,卖盘
10:40:40,215.87,+5.35%,--,1,21587,中性盘
10:40:49,216.06,+5.45%,+0.19,7,151242,买盘
10:40:55,216.06,+5.45%,--,6,129636,卖盘
10:40:58,216.06,+5.45%,--,1,21606,卖盘
10:41:01,216.07,+5.45%,+0.01,2,43214,买盘
10:41:10,216.15,+5.49%,+0.08,24,518760,买盘
10:41:16,216.07,+5.45%,-0.08,40,864280,卖盘
10:41:22,216.07,+5.45%,--,3,64821,买盘
10:41:28,216.06,+5.45%,-0.01,2,43212,卖盘
10:41:31,216.07,+5.45%,+0.01,4,86428,买盘
10:41:34,216.07,+5.45%,--,0,0,中性盘
10:41:37,216.2,+5.51%,+0.13,1,21620,中性盘
10:41:40,216.07,+5.45%,-0.13,1,21607,卖盘
10:41:43,216.06,+5.45%,-0.01,16,345696,卖盘
10:41:55,216.05,+5.44%,--,2,43210,买盘
10:42:10,216.0,+5.42%,-0.05,2,43200,卖盘
10:42:13,216.0,+5.42%,--,3,64800,卖盘
10:42:19,216.0,+5.42%,-0.05,1,21600,卖盘
10:42:22,216.05,+5.44%,+0.05,1,21605,买盘
10:42:34,216.06,+5.45%,+0.01,24,518544,买盘
10:42:37,216.01,+5.42%,-0.05,10,216010,卖盘
10:42:40,216.05,+5.44%,+0.04,3,64815,卖盘
10:42:46,216.06,+5.45%,--,3,64818,买盘
10:42:52,216.02,+5.43%,-0.03,1,21602,中性盘
10:42:55,216.05,+5.44%,+0.03,1,21605,买盘
10:42:58,216.05,+5.44%,--,1,21605,买盘
10:43:01,216.05,+5.44%,--,4,86420,卖盘
10:43:04,216.05,+5.44%,--,5,108025,卖盘
10:43:10,215.88,+5.36%,-0.17,20,431760,卖盘
10:43:13,215.84,+5.34%,-0.04,35,755440,卖盘
10:43:16,215.81,+5.32%,-0.03,9,194229,卖盘
10:43:19,215.82,+5.33%,+0.01,8,172656,中性盘
10:43:22,215.81,+5.32%,-0.01,3,64743,卖盘
10:43:25,215.8,+5.32%,-0.01,3,64740,卖盘
10:43:28,215.8,+5.32%,--,21,453180,卖盘
10:43:31,215.82,+5.33%,+0.02,3,64746,买盘
10:43:34,215.82,+5.33%,--,3,64746,卖盘
10:43:40,215.76,+5.30%,-0.06,1,21576,卖盘
10:43:49,215.76,+5.30%,--,4,86304,卖盘
10:43:52,215.75,+5.30%,-0.01,2,43150,卖盘
10:43:55,215.73,+5.29%,-0.02,1,21573,卖盘
10:43:58,215.82,+5.33%,+0.09,2,43164,买盘
10:44:04,215.8,+5.32%,-0.02,4,86320,中性盘
10:44:07,215.8,+5.32%,--,9,194220,买盘
10:44:10,215.76,+5.30%,-0.04,1,21576,卖盘
10:44:13,215.76,+5.30%,--,1,21576,卖盘
10:44:13,215.76,+5.30%,--,1,21576,中性盘
10:44:19,215.8,+5.32%,+0.04,2,43160,买盘
10:44:22,215.8,+5.32%,--,3,65172,卖盘
10:44:28,215.81,+5.32%,+0.01,3,64743,买盘
10:44:31,215.82,+5.33%,+0.01,1,21582,买盘
10:44:34,215.82,+5.33%,--,1,21582,买盘
10:44:37,215.83,+5.33%,+0.01,2,43166,买盘
10:44:40,215.82,+5.33%,-0.01,1,21582,卖盘
10:44:46,215.82,+5.33%,--,0,0,卖盘
10:44:52,215.83,+5.33%,+0.01,2,43166,卖盘
10:44:58,215.83,+5.33%,--,1,21583,卖盘
10:45:01,215.87,+5.35%,+0.04,5,107935,买盘
10:45:07,215.87,+5.35%,--,3,64761,买盘
10:45:10,215.83,+5.33%,-0.04,2,43166,卖盘
10:45:19,215.88,+5.36%,+0.05,5,107940,买盘
10:45:25,215.88,+5.36%,--,1,21588,卖盘
10:45:28,215.96,+5.40%,+0.08,5,107980,买盘
10:45:34,216.0,+5.42%,+0.04,4,86400,买盘
10:45:37,216.0,+5.42%,--,2,43200,买盘
10:45:40,216.0,+5.42%,--,2,43200,卖盘
10:45:43,216.05,+5.44%,+0.05,3,64815,买盘
10:45:49,216.01,+5.42%,-0.04,1,21601,卖盘
10:45:52,216.05,+5.44%,+0.04,10,216050,买盘
10:45:55,216.06,+5.45%,+0.01,10,216060,买盘
10:45:58,216.06,+5.45%,--,1,21606,买盘
10:46:01,216.06,+5.45%,--,5,108030,卖盘
10:46:04,216.06,+5.45%,--,0,0,卖盘
10:46:10,216.06,+5.45%,--,11,237666,卖盘
10:46:13,216.05,+5.44%,-0.01,19,410495,卖盘
10:46:16,216.06,+5.45%,+0.01,4,86424,买盘
10:46:22,216.06,+5.45%,--,4,86424,买盘
10:46:25,215.96,+5.40%,-0.1,1,21596,卖盘
10:46:34,215.98,+5.41%,+0.02,2,43196,买盘
10:46:37,215.97,+5.40%,-0.01,1,21597,卖盘
10:46:40,215.97,+5.40%,--,1,21597,卖盘
10:46:49,215.97,+5.40%,--,2,43194,卖盘
10:46:52,215.93,+5.38%,-0.04,2,43186,卖盘
10:46:58,215.93,+5.38%,--,0,0,中性盘
10:47:04,216.0,+5.42%,+0.07,9,194400,买盘
10:47:07,216.0,+5.42%,--,11,237600,卖盘
10:47:10,216.0,+5.42%,--,1,21600,卖盘
10:47:16,216.04,+5.44%,+0.04,1,21604,买盘
10:47:19,216.04,+5.44%,--,3,64812,买盘
10:47:22,216.05,+5.44%,+0.01,2,43210,买盘
10:47:25,216.05,+5.44%,--,0,0,买盘
10:47:28,216.01,+5.42%,-0.04,3,64803,卖盘
10:47:31,216.05,+5.44%,+0.04,1,21605,买盘
10:47:46,216.05,+5.44%,--,2,43210,卖盘
10:47:52,216.06,+5.45%,+0.01,1,21606,买盘
10:47:52,216.06,+5.45%,-0.01,1,21606,中性盘
10:47:55,216.05,+5.44%,-0.01,1,21605,卖盘
10:48:04,216.05,+5.44%,-0.01,3,64815,卖盘
10:48:07,216.04,+5.44%,-0.01,12,259248,卖盘
10:48:10,216.04,+5.44%,--,9,194436,买盘
10:48:13,215.98,+5.41%,-0.06,25,539950,卖盘
10:48:16,215.93,+5.38%,-0.05,3,64779,卖盘
10:48:19,215.9,+5.37%,-0.03,5,107950,卖盘
10:48:22,215.85,+5.34%,-0.05,1,21585,卖盘
10:48:25,215.81,+5.32%,-0.04,6,129486,卖盘
10:48:28,215.8,+5.32%,-0.01,14,302120,卖盘
10:48:31,215.8,+5.32%,--,6,129480,卖盘
10:48:34,216.0,+5.42%,+0.2,2,43200,买盘
10:48:40,215.8,+5.32%,-0.2,1,21580,卖盘
10:48:46,215.8,+5.32%,--,0,0,卖盘
10:48:55,215.87,+5.35%,+0.07,1,21587,卖盘
10:48:58,215.87,+5.35%,--,2,43174,卖盘
10:49:01,215.85,+5.34%,-0.02,10,215850,卖盘
10:49:04,215.85,+5.34%,--,28,604380,卖盘
10:49:07,215.85,+5.34%,--,9,194265,卖盘
10:49:10,215.87,+5.35%,+0.02,1,21587,卖盘
10:49:13,215.87,+5.35%,--,1,21587,卖盘
10:49:16,215.89,+5.36%,+0.02,2,43178,中性盘
10:49:19,215.85,+5.34%,-0.04,20,431700,卖盘
10:49:34,215.85,+5.34%,--,4,86340,卖盘
10:49:37,215.96,+5.40%,+0.11,6,129576,买盘
10:49:40,215.85,+5.34%,-0.11,16,345360,卖盘
10:49:43,215.85,+5.34%,--,1,21585,卖盘
10:49:46,215.96,+5.40%,+0.11,2,43192,买盘
10:50:04,215.97,+5.40%,+0.01,1,21597,买盘
10:50:07,215.96,+5.40%,-0.01,18,388728,卖盘
10:50:10,215.84,+5.34%,-0.12,2,43168,卖盘
10:50:16,215.94,+5.39%,+0.1,1,21594,买盘
10:50:19,215.94,+5.39%,--,0,0,买盘
10:50:22,215.94,+5.39%,--,1,21594,买盘
10:50:31,215.85,+5.34%,-0.09,2,43170,卖盘
10:50:34,215.94,+5.39%,+0.09,2,43188,买盘
10:50:37,215.96,+5.40%,+0.02,4,86384,买盘
10:50:40,215.96,+5.40%,--,1,21596,卖盘
10:50:46,215.94,+5.39%,-0.02,3,64782,卖盘
10:50:49,215.97,+5.40%,+0.03,1,21597,买盘
10:50:52,216.0,+5.42%,+0.03,10,216000,买盘
10:50:55,216.01,+5.42%,+0.01,2,43202,买盘
10:50:58,216.03,+5.43%,+0.02,1,21603,卖盘
10:51:01,216.03,+5.43%,--,0,0,中性盘
10:51:04,216.04,+5.44%,+0.01,1,21604,买盘
10:51:07,216.06,+5.45%,+0.02,1,21606,买盘
10:51:10,216.05,+5.44%,-0.01,2,43210,中性盘
10:51:16,216.06,+5.45%,+0.01,3,64818,买盘
10:51:19,216.05,+5.44%,-0.01,1,21605,中性盘
10:51:28,216.01,+5.42%,-0.04,2,43202,卖盘
10:51:28,216.01,+5.42%,-0.12,2,43202,中性盘
10:51:31,215.89,+5.36%,-0.12,19,410191,卖盘
10:51:34,215.86,+5.35%,-0.03,1,21586,卖盘
10:51:37,215.81,+5.32%,-0.05,43,927983,卖盘
10:51:40,215.8,+5.32%,-0.01,16,345280,卖盘
10:51:43,215.83,+5.33%,+0.03,12,258996,买盘
10:51:46,215.83,+5.33%,--,0,0,买盘
10:51:49,215.82,+5.33%,-0.01,13,280566,卖盘
10:52:01,215.82,+5.33%,-0.01,2,43164,卖盘
10:52:04,215.83,+5.33%,+0.01,4,86332,买盘
10:52:07,215.77,+5.31%,-0.06,14,302078,卖盘
10:52:10,215.77,+5.31%,--,5,107885,卖盘
10:52:13,215.8,+5.32%,+0.03,4,86320,卖盘
10:52:19,215.82,+5.33%,+0.02,1,42732,买盘
10:52:22,215.73,+5.29%,-0.09,6,129438,卖盘
10:52:25,215.7,+5.27%,-0.03,1,21570,卖盘
10:52:28,215.69,+5.27%,-0.01,3,64707,卖盘
10:52:31,215.69,+5.27%,--,6,129414,卖盘
10:52:34,215.65,+5.25%,-0.04,11,237215,卖盘
10:52:37,215.65,+5.25%,--,11,237215,买盘
10:52:40,215.58,+5.21%,-0.07,7,150906,卖盘
10:52:49,215.56,+5.20%,-0.02,1,21556,卖盘
10:52:52,215.55,+5.20%,-0.01,2,43110,卖盘
10:52:55,215.54,+5.19%,-0.01,2,43108,卖盘
10:52:58,215.54,+5.19%,--,0,0,中性盘
10:53:01,215.52,+5.18%,-0.02,4,86208,中性盘
10:53:04,215.52,+5.18%,--,1,21552,卖盘
10:53:07,215.48,+5.16%,-0.04,11,237028,卖盘
10:53:10,215.48,+5.16%,--,3,64644,中性盘
10:53:13,215.45,+5.15%,-0.03,2,43090,卖盘
10:53:16,215.44,+5.14%,-0.01,1,21544,卖盘
10:53:19,215.45,+5.15%,+0.01,2,43090,卖盘
10:53:22,215.44,+5.14%,-0.01,3,64632,卖盘
10:53:25,215.44,+5.14%,--,5,107720,卖盘
10:53:28,215.44,+5.14%,--,10,215440,中性盘
10:53:31,215.4,+5.12%,-0.04,2,43080,卖盘
10:53:34,215.44,+5.14%,+0.04,2,43088,卖盘
10:53:37,215.4,+5.12%,-0.04,1,21540,卖盘
10:53:40,215.37,+5.11%,-0.03,4,86148,卖盘
10:53:43,215.36,+5.10%,-0.01,2,43072,卖盘
10:53:46,215.36,+5.10%,--,2,43072,中性盘
10:53:52,215.29,+5.07%,-0.07,1,21529,卖盘
10:53:58,215.28,+5.07%,-0.01,5,107640,卖盘
10:54:01,215.29,+5.07%,+0.01,4,86116,中性盘
10:54:04,215.27,+5.06%,-0.02,7,150689,卖盘
10:54:07,215.25,+5.05%,-0.02,3,64575,卖盘
10:54:10,215.23,+5.04%,-0.02,1,21523,卖盘
10:54:13,215.2,+5.03%,-0.03,7,150640,卖盘
10:54:16,215.2,+5.03%,--,7,150640,卖盘
10:54:19,215.23,+5.04%,+0.03,9,193707,买盘
10:54:22,215.23,+5.04%,--,12,258276,买盘
10:54:25,215.2,+5.03%,-0.03,8,172160,卖盘
10:54:28,215.28,+5.07%,+0.08,26,559728,买盘
10:54:31,215.23,+5.04%,-0.05,7,150661,卖盘
10:54:34,215.23,+5.04%,--,1,21523,买盘
10:54:40,215.29,+5.07%,--,9,193761,买盘
10:54:43,215.28,+5.07%,-0.01,3,64584,卖盘
10:54:49,215.39,+5.12%,+0.11,6,129234,买盘
10:54:58,215.29,+5.07%,-0.1,2,43058,中性盘
10:55:04,215.29,+5.07%,--,0,0,卖盘
10:55:04,215.29,+5.07%,--,0,0,中性盘
10:55:07,215.3,+5.08%,+0.01,1,21530,中性盘
10:55:10,215.24,+5.05%,-0.06,10,215240,卖盘
10:55:13,215.23,+5.04%,-0.01,2,43046,卖盘
10:55:16,215.29,+5.07%,+0.06,6,129174,买盘
10:55:22,215.3,+5.08%,+0.01,2,43060,买盘
10:55:25,215.3,+5.08%,--,3,64590,买盘
10:55:28,215.29,+5.07%,-0.01,4,86116,卖盘
10:55:31,215.38,+5.11%,+0.09,14,301532,买盘
10:55:37,215.38,+5.11%,--,7,150766,卖盘
10:55:40,215.3,+5.08%,-0.08,8,172240,卖盘
10:55:43,215.34,+5.10%,+0.04,8,172272,中性盘
10:55:49,215.2,+5.03%,-0.14,7,150640,卖盘
10:55:52,215.2,+5.03%,--,3,64560,卖盘
10:55:58,215.2,+5.03%,--,3,64560,买盘
10:56:01,215.16,+5.01%,-0.04,2,43032,卖盘
10:56:04,215.18,+5.02%,+0.02,1,21518,中性盘
10:56:07,215.16,+5.01%,-0.02,2,43032,卖盘
10:56:10,215.16,+5.01%,--,1,21516,卖盘
10:56:16,215.17,+5.01%,+0.01,1,21517,卖盘
10:56:22,215.17,+5.01%,--,1,21517,卖盘
10:56:28,215.17,+5.01%,--,3,64551,卖盘
10:56:31,215.16,+5.01%,-0.01,4,86064,卖盘
10:56:34,215.17,+5.01%,+0.01,2,43034,买盘
10:56:37,215.17,+5.01%,--,2,43034,买盘
10:56:40,215.16,+5.01%,-0.01,7,150612,卖盘
10:56:43,215.16,+5.01%,--,3,64548,卖盘
10:56:46,215.15,+5.00%,-0.01,20,430300,卖盘
10:56:49,215.15,+5.00%,--,3,64545,中性盘
10:56:55,215.1,+4.98%,-0.05,2,43020,卖盘
10:56:58,215.11,+4.98%,+0.01,1,21511,买盘
10:57:01,215.1,+4.98%,-0.01,1,21510,卖盘
10:57:04,215.1,+4.98%,--,10,215100,买盘
10:57:07,215.06,+4.96%,-0.04,5,107530,卖盘
10:57:10,215.03,+4.94%,-0.03,1,21503,卖盘
10:57:13,215.02,+4.94%,-0.01,3,64506,卖盘
10:57:19,215.02,+4.94%,--,4,86008,卖盘
10:57:22,215.02,+4.94%,--,2,43004,卖盘
10:57:25,215.01,+4.93%,-0.01,15,322515,卖盘
10:57:28,215.0,+4.93%,-0.01,1,21500,卖盘
10:57:31,215.0,+4.93%,--,6,129000,卖盘
10:57:34,215.02,+4.94%,+0.02,1,21502,买盘
10:57:37,215.02,+4.94%,--,1,21502,买盘
10:57:40,215.0,+4.93%,-0.02,11,236500,卖盘
10:57:43,215.01,+4.93%,+0.01,3,64503,买盘
10:57:46,215.01,+4.93%,--,4,86004,中性盘
10:57:49,215.02,+4.94%,+0.01,1,21502,买盘
10:57:52,215.0,+4.93%,-0.02,20,430000,卖盘
10:57:55,215.0,+4.93%,--,0,0,卖盘
10:57:58,215.03,+4.94%,+0.03,2,43006,卖盘
10:58:01,215.06,+4.96%,+0.03,4,86024,买盘
10:58:04,215.07,+4.96%,+0.01,9,193563,买盘
10:58:07,215.1,+4.98%,+0.03,1,21510,中性盘
10:58:10,215.1,+4.98%,--,2,43020,买盘
10:58:16,215.09,+4.97%,-0.01,2,43018,卖盘
10:58:19,215.11,+4.98%,+0.02,9,193599,买盘
10:58:22,215.11,+4.98%,--,2,43022,买盘
10:58:25,215.09,+4.97%,-0.02,3,64527,卖盘
10:58:34,215.1,+4.98%,+0.01,8,172080,买盘
10:58:37,215.09,+4.97%,-0.01,3,64527,卖盘
10:58:40,215.09,+4.97%,--,2,43018,卖盘
10:58:40,215.09,+4.97%,--,2,43018,中性盘
10:58:46,215.09,+4.97%,--,0,0,卖盘
10:58:49,215.1,+4.98%,+0.01,3,64530,买盘
10:58:52,215.11,+4.98%,+0.01,6,129066,买盘
10:58:55,215.15,+5.00%,+0.04,2,43030,买盘
10:58:58,215.15,+5.00%,--,0,0,中性盘
10:59:01,215.21,+5.03%,+0.06,8,172168,买盘
10:59:04,215.23,+5.04%,+0.02,1,21523,买盘
10:59:07,215.26,+5.06%,+0.03,6,129156,买盘
10:59:10,215.24,+5.05%,-0.02,1,21524,卖盘
10:59:13,215.3,+5.08%,+0.06,3,64590,买盘
10:59:16,215.31,+5.08%,+0.01,3,64593,买盘
10:59:25,215.31,+5.08%,--,2,43062,买盘
10:59:28,215.34,+5.10%,+0.03,2,43068,买盘
10:59:31,215.34,+5.10%,--,0,0,中性盘
10:59:34,215.35,+5.10%,+0.01,1,21535,买盘
10:59:37,215.35,+5.10%,--,0,0,中性盘
10:59:40,215.37,+5.11%,+0.02,3,64611,买盘
10:59:43,215.35,+5.10%,-0.02,2,43070,卖盘
10:59:46,215.28,+5.07%,-0.07,21,452088,卖盘
10:59:49,215.23,+5.04%,-0.05,2,43046,卖盘
10:59:52,215.27,+5.06%,+0.04,2,43054,买盘
10:59:55,215.2,+5.03%,-0.07,4,86080,卖盘
10:59:58,215.18,+5.02%,-0.02,1,21518,中性盘
11:00:01,215.2,+5.03%,+0.02,1,21520,买盘
11:00:07,215.08,+4.97%,-0.12,19,408652,卖盘
11:00:10,215.02,+4.94%,-0.06,6,129012,卖盘
11:00:13,214.9,+4.88%,-0.12,117,2514330,卖盘
11:00:16,214.88,+4.87%,-0.02,3,64464,卖盘
11:00:19,214.8,+4.83%,-0.08,1,21480,卖盘
11:00:22,214.77,+4.82%,-0.03,1,21477,买盘
11:00:25,214.77,+4.82%,--,2,42954,买盘
11:00:31,214.87,+4.87%,+0.09,5,107435,买盘
11:00:34,214.77,+4.82%,-0.1,4,85908,卖盘
11:00:37,214.77,+4.82%,--,0,0,卖盘
11:00:40,214.77,+4.82%,--,2,42954,卖盘
11:00:43,214.78,+4.82%,+0.01,1,21478,买盘
11:00:46,214.69,+4.78%,-0.09,4,85876,卖盘
11:00:49,214.69,+4.78%,--,2,42938,买盘
11:00:52,214.69,+4.78%,--,0,0,买盘
11:00:55,214.69,+4.78%,--,6,128814,买盘
11:00:58,214.69,+4.78%,--,0,0,中性盘
11:01:01,214.68,+4.77%,-0.01,3,64404,卖盘
11:01:04,214.67,+4.77%,-0.01,3,64401,卖盘
11:01:07,214.68,+4.77%,+0.01,3,64404,买盘
11:01:10,214.66,+4.76%,-0.02,9,193194,卖盘
11:01:13,214.66,+4.76%,--,8,171728,卖盘
11:01:16,214.67,+4.77%,+0.01,1,21467,买盘
11:01:19,214.67,+4.77%,--,11,236137,买盘
11:01:22,214.68,+4.77%,+0.01,1,21468,买盘
11:01:25,214.68,+4.77%,--,6,128808,买盘
11:01:28,214.69,+4.78%,+0.01,28,601132,买盘
11:01:31,214.68,+4.77%,-0.01,2,42936,卖盘
11:01:34,214.69,+4.78%,+0.01,1,21469,买盘
11:01:37,214.69,+4.78%,--,1,21469,买盘
11:01:40,214.7,+4.78%,+0.01,2,42940,中性盘
11:01:46,214.74,+4.80%,+0.04,1,21474,买盘
11:01:49,214.72,+4.79%,-0.02,1,21472,卖盘
11:01:52,214.72,+4.79%,--,1,21472,中性盘
11:01:55,214.7,+4.78%,-0.02,2,42940,卖盘
11:01:58,214.73,+4.80%,+0.03,3,64419,买盘
11:02:01,214.72,+4.79%,-0.01,2,42944,卖盘
11:02:04,214.73,+4.80%,+0.01,1,21473,买盘
11:02:07,214.71,+4.79%,-0.02,7,150297,卖盘
11:02:10,214.71,+4.79%,--,2,42942,买盘
11:02:13,214.7,+4.78%,-0.01,23,493810,卖盘
11:02:16,214.71,+4.79%,+0.01,10,214710,买盘
11:02:16,214.71,+4.79%,--,10,214710,中性盘
11:02:19,214.71,+4.79%,--,0,0,买盘
11:02:22,214.7,+4.78%,-0.01,4,85880,买盘
11:02:25,214.7,+4.78%,--,2,42940,卖盘
11:02:31,214.7,+4.78%,--,6,128820,卖盘
11:02:34,214.72,+4.79%,+0.02,5,107360,买盘
11:02:37,214.72,+4.79%,--,3,64416,买盘
11:02:40,214.71,+4.79%,-0.01,2,42942,卖盘
11:02:43,214.73,+4.80%,+0.02,3,64419,买盘
11:02:49,214.73,+4.80%,--,1,21473,买盘
11:02:52,214.73,+4.80%,--,3,64419,买盘
11:02:55,214.72,+4.79%,-0.01,5,107360,卖盘
11:02:58,214.73,+4.80%,+0.01,8,171784,买盘
11:03:01,214.73,+4.80%,--,4,85892,卖盘
11:03:07,214.73,+4.80%,--,0,0,卖盘
11:03:10,214.75,+4.81%,+0.02,1,21475,卖盘
11:03:16,214.75,+4.81%,-0.01,10,214750,卖盘
11:03:19,214.76,+4.81%,+0.01,3,64428,买盘
11:03:22,214.75,+4.81%,-0.01,2,42950,中性盘
11:03:25,214.75,+4.81%,--,2,42950,卖盘
11:03:28,214.72,+4.79%,-0.03,1,21472,卖盘
11:03:31,214.67,+4.77%,-0.05,10,214670,卖盘
11:03:34,214.72,+4.79%,+0.05,8,171776,买盘
11:03:37,214.76,+4.81%,+0.04,1,21476,卖盘
11:03:40,214.67,+4.77%,-0.09,4,85868,卖盘
11:03:43,214.67,+4.77%,--,2,42934,卖盘
11:03:46,214.67,+4.77%,--,0,0,中性盘
11:03:49,214.67,+4.77%,--,0,0,卖盘
11:03:52,214.72,+4.79%,+0.05,1,21472,买盘
11:03:55,214.72,+4.79%,--,2,42944,买盘
11:03:58,214.72,+4.79%,--,0,0,买盘
11:04:04,214.72,+4.79%,--,9,193248,买盘
11:04:07,214.71,+4.79%,-0.01,1,21471,卖盘
11:04:13,214.71,+4.79%,--,1,21471,卖盘
11:04:16,214.71,+4.79%,--,4,85884,卖盘
11:04:19,214.7,+4.78%,-0.01,1,21470,卖盘
11:04:22,214.7,+4.78%,--,24,515280,卖盘
11:04:25,214.65,+4.76%,-0.05,18,386370,卖盘
11:04:28,214.64,+4.75%,-0.01,3,64392,卖盘
11:04:31,214.7,+4.78%,+0.06,9,193230,买盘
11:04:34,214.7,+4.78%,--,16,343520,卖盘
11:04:37,214.65,+4.76%,-0.05,4,85860,中性盘
11:04:40,214.61,+4.74%,-0.04,4,85844,卖盘
11:04:43,214.64,+4.75%,+0.03,2,42928,买盘
11:04:46,214.6,+4.73%,-0.04,6,128760,卖盘
11:04:49,214.59,+4.73%,-0.01,24,515016,卖盘
11:04:52,214.61,+4.74%,+0.02,1,21461,中性盘
11:04:55,214.6,+4.73%,-0.01,2,42920,卖盘
11:04:58,214.58,+4.72%,-0.02,2,42916,卖盘
11:05:01,214.56,+4.71%,-0.02,8,171648,卖盘
11:05:04,214.52,+4.69%,-0.04,3,64356,卖盘
11:05:07,214.5,+4.69%,-0.02,20,429000,卖盘
11:05:10,214.39,+4.63%,-0.11,2,42878,卖盘
11:05:13,214.5,+4.69%,+0.11,1,21450,买盘
11:05:16,214.39,+4.63%,-0.11,1,21439,卖盘
11:05:19,214.5,+4.69%,+0.11,6,128700,买盘
11:05:25,214.4,+4.64%,-0.1,1,21440,卖盘
11:05:28,214.38,+4.63%,-0.02,1,21438,卖盘
11:05:31,214.32,+4.60%,-0.06,4,85728,卖盘
11:05:37,214.3,+4.59%,-0.02,1,21430,卖盘
11:05:40,214.3,+4.59%,--,6,128580,卖盘
11:05:52,214.33,+4.60%,+0.03,4,85732,卖盘
11:05:52,214.33,+4.60%,--,4,85732,中性盘
11:05:55,214.33,+4.60%,--,5,107165,卖盘
11:05:58,214.33,+4.60%,--,1,21433,卖盘
11:06:07,214.33,+4.60%,--,0,0,卖盘
11:06:10,214.36,+4.62%,+0.03,2,42872,卖盘
11:06:13,214.37,+4.62%,+0.01,4,85748,中性盘
11:06:22,214.39,+4.63%,+0.02,3,64317,买盘
11:06:25,214.4,+4.64%,+0.01,11,235840,买盘
11:06:28,214.61,+4.74%,+0.21,28,600908,买盘
11:06:31,214.64,+4.75%,+0.03,1,21464,买盘
11:06:34,214.7,+4.78%,+0.06,4,85880,买盘
11:06:37,214.7,+4.78%,--,2,42940,买盘
11:06:40,214.64,+4.75%,-0.06,1,21464,卖盘
11:06:46,214.64,+4.75%,--,0,0,卖盘
11:06:49,214.67,+4.77%,+0.03,1,21467,买盘
11:06:52,214.67,+4.77%,--,1,21467,买盘
11:06:55,214.67,+4.77%,--,3,64401,买盘
11:07:01,214.7,+4.78%,+0.03,7,150290,买盘
11:07:07,214.7,+4.78%,--,13,279110,买盘
11:07:10,214.7,+4.78%,--,1,21470,卖盘
11:07:13,214.71,+4.79%,+0.01,2,42942,买盘
11:07:16,214.72,+4.79%,+0.01,2,42944,买盘
11:07:19,214.75,+4.81%,+0.03,9,193275,买盘
11:07:22,214.76,+4.81%,+0.01,1,21476,买盘
11:07:28,214.76,+4.81%,-0.01,1,21476,卖盘
11:07:31,214.77,+4.82%,+0.01,3,64431,买盘
11:07:34,214.78,+4.82%,+0.01,2,42956,买盘
11:07:37,214.79,+4.83%,+0.01,1,21479,买盘
11:07:40,214.78,+4.82%,-0.01,3,64434,卖盘
11:07:43,214.78,+4.82%,--,1,21478,卖盘
11:07:46,214.8,+4.83%,+0.02,1,21480,买盘
11:07:49,214.8,+4.83%,--,0,0,卖盘
11:07:52,214.78,+4.82%,-0.02,8,171824,卖盘
11:07:55,214.8,+4.83%,+0.02,7,150360,中性盘
11:08:01,214.8,+4.83%,--,4,85920,买盘
11:08:04,214.8,+4.83%,--,7,150360,买盘
11:08:10,214.8,+4.83%,--,3,64440,买盘
11:08:13,214.8,+4.83%,--,1,21480,买盘
11:08:16,214.8,+4.83%,--,5,107400,买盘
11:08:19,214.8,+4.83%,--,0,0,中性盘
11:08:25,214.87,+4.87%,+0.07,8,171896,买盘
11:08:31,214.87,+4.87%,--,0,0,中性盘
11:08:34,214.87,+4.87%,--,1,21487,卖盘
11:08:37,214.83,+4.85%,-0.04,1,21483,卖盘
11:08:40,214.79,+4.83%,-0.04,2,42958,卖盘
11:08:43,214.79,+4.83%,--,6,128874,卖盘
11:08:46,214.79,+4.83%,--,0,0,中性盘
11:08:49,214.8,+4.83%,+0.01,3,64440,卖盘
11:08:52,214.87,+4.87%,+0.07,3,64461,中性盘
11:08:55,214.7,+4.78%,-0.17,2,42940,卖盘
11:08:58,214.65,+4.76%,-0.05,4,85860,卖盘
11:09:01,214.64,+4.75%,-0.01,7,150248,卖盘
11:09:07,214.64,+4.75%,--,1,21464,卖盘
11:09:10,214.64,+4.75%,--,10,214640,卖盘
11:09:13,214.37,+4.62%,-0.27,9,192933,卖盘
11:09:25,214.37,+4.62%,--,0,0,卖盘
11:09:25,214.37,+4.62%,--,0,0,中性盘
11:09:31,214.37,+4.62%,--,3,64311,卖盘
11:09:34,214.37,+4.62%,--,2,42874,卖盘
11:09:37,214.4,+4.64%,+0.03,4,85760,卖盘
11:09:40,214.39,+4.63%,-0.01,1,21439,卖盘
11:09:43,214.55,+4.71%,+0.16,6,128730,买盘
11:09:46,214.4,+4.64%,-0.15,1,21440,卖盘
11:09:52,214.54,+4.70%,+0.14,1,21454,买盘
11:09:55,214.45,+4.66%,-0.09,1,21445,卖盘
11:09:58,214.41,+4.64%,-0.04,7,150087,中性盘
11:10:01,214.56,+4.71%,+0.15,5,107280,买盘
11:10:04,214.39,+4.63%,-0.17,1,21439,卖盘
11:10:07,214.5,+4.69%,+0.11,2,42900,中性盘
11:10:10,214.5,+4.69%,--,4,85800,买盘
11:10:16,214.51,+4.69%,+0.01,1,21451,买盘
11:10:25,214.39,+4.63%,-0.12,14,300146,卖盘
11:10:28,214.41,+4.64%,+0.02,3,64323,买盘
11:10:34,214.36,+4.62%,-0.05,1,21436,卖盘
11:10:40,214.31,+4.59%,-0.05,14,300034,卖盘
11:10:43,214.23,+4.55%,-0.08,12,257076,卖盘
11:10:49,214.22,+4.55%,-0.01,1,21422,卖盘
11:10:55,214.18,+4.53%,-0.04,3,64254,卖盘
11:11:01,214.18,+4.53%,+0.02,3,64254,买盘
11:11:04,214.18,+4.53%,--,0,0,买盘
11:11:07,214.17,+4.52%,-0.01,3,64251,买盘
11:11:10,214.12,+4.50%,-0.05,4,85648,卖盘
11:11:13,214.16,+4.52%,+0.04,1,21416,中性盘
11:11:16,214.1,+4.49%,-0.06,5,107050,卖盘
11:11:22,214.15,+4.51%,+0.05,1,21415,买盘
11:11:28,214.1,+4.49%,-0.05,7,149870,卖盘
11:11:31,214.1,+4.49%,--,9,192690,卖盘
11:11:46,214.08,+4.48%,--,5,107040,卖盘
11:11:49,214.1,+4.49%,+0.02,1,21410,卖盘
11:12:01,214.17,+4.52%,+0.07,4,85668,买盘
11:12:04,214.1,+4.49%,-0.07,2,42820,中性盘
11:12:07,214.08,+4.48%,-0.02,6,128448,卖盘
11:12:10,214.09,+4.49%,+0.01,4,85636,中性盘
11:12:13,214.08,+4.48%,-0.01,1,21408,卖盘
11:12:16,214.1,+4.49%,+0.02,4,85640,买盘
11:12:19,214.08,+4.48%,-0.02,3,64224,卖盘
11:12:22,214.1,+4.49%,+0.02,2,42820,买盘
11:12:25,214.17,+4.52%,+0.07,1,21417,买盘
11:12:31,214.17,+4.52%,--,0,0,买盘
11:12:40,214.17,+4.52%,--,4,85668,买盘
11:12:43,214.11,+4.49%,-0.06,1,21411,卖盘
11:12:49,214.17,+4.52%,+0.06,4,85668,卖盘
11:12:55,214.17,+4.52%,--,1,21417,买盘
11:13:01,214.16,+4.52%,-0.01,2,42832,卖盘
11:13:04,214.12,+4.50%,-0.04,3,64236,卖盘
11:13:04,214.12,+4.50%,--,3,64236,中性盘
11:13:10,214.12,+4.50%,-0.04,2,42824,中性盘
11:13:13,214.16,+4.52%,+0.04,2,42832,买盘
11:13:16,214.11,+4.49%,-0.05,2,42822,卖盘
11:13:19,214.11,+4.49%,--,1,21411,卖盘
11:13:22,214.11,+4.49%,--,0,0,卖盘
11:13:25,214.1,+4.49%,-0.01,19,406790,卖盘
11:13:28,214.1,+4.49%,--,1,21410,买盘
11:13:31,214.1,+4.49%,--,3,64230,买盘
11:13:34,214.14,+4.51%,+0.04,1,21414,买盘
11:13:46,214.14,+4.51%,+0.03,1,21414,买盘
11:13:49,214.14,+4.51%,--,1,21414,买盘
11:13:52,214.14,+4.51%,--,3,64242,买盘
11:14:01,214.12,+4.50%,+0.01,3,64236,中性盘
11:14:10,214.12,+4.50%,--,2,42824,买盘
11:14:13,214.11,+4.49%,-0.01,10,214110,卖盘
11:14:16,214.12,+4.50%,+0.01,4,85648,买盘
11:14:19,214.11,+4.49%,-0.01,2,42822,卖盘
11:14:25,214.12,+4.50%,+0.01,1,21412,买盘
11:14:31,214.11,+4.49%,--,2,42822,卖盘
11:14:37,214.11,+4.49%,-0.01,5,107055,卖盘
11:14:40,214.14,+4.51%,+0.03,10,214140,买盘
11:14:46,214.13,+4.50%,-0.01,1,21413,卖盘
11:14:52,214.1,+4.49%,-0.03,2,42820,卖盘
11:14:55,214.1,+4.49%,--,0,0,卖盘
11:14:58,214.14,+4.51%,+0.04,4,85656,买盘
11:15:01,214.11,+4.49%,-0.03,1,21411,卖盘
11:15:04,214.1,+4.49%,-0.01,2,42820,卖盘
11:15:07,214.0,+4.44%,-0.1,59,1262600,卖盘
11:15:10,213.9,+4.39%,-0.1,54,1155060,卖盘
11:15:13,213.86,+4.37%,-0.04,2,42772,卖盘
11:15:16,213.86,+4.37%,--,1,21386,卖盘
11:15:19,213.86,+4.37%,--,3,64158,买盘
11:15:22,213.79,+4.34%,-0.07,9,192411,卖盘
11:15:25,213.7,+4.29%,-0.09,3,64110,卖盘
11:15:28,213.72,+4.30%,+0.02,1,21372,买盘
11:15:31,213.75,+4.32%,+0.03,1,21375,卖盘
11:15:34,213.7,+4.29%,-0.05,5,106850,卖盘
11:15:37,213.7,+4.29%,--,6,128220,买盘
11:15:40,213.7,+4.29%,--,16,341920,买盘
11:15:46,213.68,+4.29%,-0.02,2,42736,卖盘
11:15:52,213.7,+4.29%,+0.02,1,21370,卖盘
11:15:55,213.68,+4.29%,-0.02,1,21368,卖盘
11:15:58,213.75,+4.32%,+0.07,4,85500,买盘
11:16:01,213.75,+4.32%,--,1,21375,卖盘
11:16:04,213.7,+4.29%,-0.05,1,21370,卖盘
11:16:10,213.82,+4.35%,+0.12,5,106910,中性盘
11:16:16,213.75,+4.32%,-0.07,3,64125,卖盘
11:16:19,213.68,+4.29%,-0.07,2,42736,卖盘
11:16:22,213.65,+4.27%,-0.03,9,192285,卖盘
11:16:25,213.75,+4.32%,+0.1,6,128250,买盘
11:16:28,213.61,+4.25%,-0.14,3,64083,卖盘
11:16:34,213.74,+4.31%,+0.13,1,21374,买盘
11:16:40,213.62,+4.26%,-0.12,3,64086,卖盘
11:16:40,213.62,+4.26%,--,3,64086,中性盘
11:16:43,213.62,+4.26%,--,0,0,中性盘
11:16:46,213.73,+4.31%,+0.11,1,21373,买盘
11:16:49,213.62,+4.26%,-0.11,4,85448,卖盘
11:16:55,213.62,+4.26%,--,0,0,卖盘
11:16:58,213.62,+4.26%,--,1,21362,卖盘
11:17:01,213.73,+4.31%,+0.11,5,106865,买盘
11:17:04,213.62,+4.26%,-0.11,3,64086,卖盘
11:17:07,213.7,+4.29%,+0.08,1,21370,买盘
11:17:13,213.69,+4.29%,-0.01,3,64107,买盘
11:17:16,213.69,+4.29%,--,2,42738,买盘
11:17:19,213.74,+4.31%,+0.05,23,491602,买盘
11:17:22,213.83,+4.36%,+0.09,3,64149,买盘
11:17:25,213.74,+4.31%,-0.09,1,21374,卖盘
11:17:31,213.84,+4.36%,+0.1,4,85536,买盘
11:17:34,213.86,+4.37%,+0.02,3,64158,买盘
11:17:37,213.74,+4.31%,-0.12,9,192366,卖盘
11:17:40,214.0,+4.44%,+0.26,39,834600,买盘
11:17:43,214.0,+4.44%,--,33,706200,买盘
11:17:46,214.18,+4.53%,+0.18,5,107090,买盘
11:17:49,214.2,+4.54%,+0.02,4,85680,买盘
11:17:52,214.2,+4.54%,--,0,0,中性盘
11:17:55,214.13,+4.50%,-0.07,5,107065,卖盘
11:17:58,214.2,+4.54%,+0.07,2,42840,买盘
11:18:01,214.2,+4.54%,--,9,192780,卖盘
11:18:07,214.2,+4.54%,--,2,42840,买盘
11:18:10,214.2,+4.54%,--,5,107100,买盘
11:18:13,214.16,+4.52%,-0.04,3,64248,卖盘
11:18:16,214.16,+4.52%,--,0,0,卖盘
11:18:19,214.32,+4.60%,+0.16,4,85728,买盘
11:18:22,214.14,+4.51%,-0.18,3,64242,卖盘
11:18:25,214.13,+4.50%,-0.01,3,64239,卖盘
11:18:28,214.14,+4.51%,+0.01,2,42828,买盘
11:18:34,214.0,+4.44%,-0.14,6,128400,卖盘
11:18:40,213.89,+4.39%,-0.11,1,21389,卖盘
11:18:43,213.89,+4.39%,--,0,0,中性盘
11:18:49,214.14,+4.51%,+0.25,2,42828,买盘
11:18:58,214.1,+4.49%,-0.04,2,42820,买盘
11:19:01,214.1,+4.49%,--,2,42820,买盘
11:19:07,214.07,+4.48%,-0.03,5,107035,卖盘
11:19:10,213.9,+4.39%,-0.17,1,21390,卖盘
11:19:16,213.9,+4.39%,--,3,64170,卖盘
11:19:19,213.9,+4.39%,--,8,171120,卖盘
11:19:28,213.91,+4.40%,+0.01,3,64173,卖盘
11:19:31,213.91,+4.40%,--,25,534775,中性盘
11:19:37,213.9,+4.39%,-0.02,1,21390,买盘
11:19:40,213.9,+4.39%,--,2,42780,中性盘
11:19:49,213.91,+4.40%,+0.01,2,42782,中性盘
11:19:52,213.9,+4.39%,-0.01,2,42780,买盘
11:19:55,213.87,+4.38%,-0.03,2,42774,中性盘
11:19:58,213.9,+4.39%,+0.03,1,21390,中性盘
11:20:04,214.05,+4.47%,+0.15,2,42810,买盘
11:20:07,214.05,+4.47%,--,0,0,买盘
11:20:10,213.87,+4.38%,-0.18,2,42774,卖盘
11:20:16,214.01,+4.45%,+0.14,6,128406,买盘
11:20:19,214.03,+4.46%,+0.02,4,85612,买盘
11:20:22,214.04,+4.46%,+0.01,1,21404,买盘
11:20:25,213.87,+4.38%,-0.17,2,42774,卖盘
11:20:28,214.04,+4.46%,+0.17,1,21404,买盘
11:20:40,213.9,+4.39%,-0.14,2,42780,卖盘
11:20:46,213.9,+4.39%,--,5,106950,卖盘
11:20:49,213.9,+4.39%,--,1,21390,买盘
11:20:52,213.9,+4.39%,--,4,85560,买盘
11:20:58,213.88,+4.38%,-0.02,1,21388,卖盘
11:21:01,213.9,+4.39%,+0.02,2,42780,卖盘
11:21:10,213.9,+4.39%,--,2,42780,买盘
11:21:19,213.95,+4.42%,+0.05,1,21395,买盘
11:21:31,213.9,+4.39%,+0.01,1,21390,中性盘
11:21:40,213.96,+4.42%,+0.06,6,128376,买盘
11:21:43,213.89,+4.39%,-0.07,1,21389,买盘
11:21:49,213.88,+4.38%,-0.01,1,21388,卖盘
11:21:52,213.88,+4.38%,--,5,106940,卖盘
11:21:58,213.88,+4.38%,--,2,42776,买盘
11:22:04,213.87,+4.38%,-0.01,2,42774,卖盘
11:22:10,213.87,+4.38%,--,1,21387,卖盘
11:22:16,213.88,+4.38%,+0.01,1,21388,买盘
11:22:19,213.87,+4.38%,-0.01,1,21387,卖盘
11:22:25,213.88,+4.38%,+0.01,4,85552,买盘
11:22:28,214.01,+4.45%,+0.13,1,21401,买盘
11:22:37,213.88,+4.38%,-0.13,1,21388,卖盘
11:22:40,214.01,+4.45%,+0.13,4,85604,买盘
11:22:58,213.88,+4.38%,-0.13,4,85552,卖盘
11:23:01,213.91,+4.40%,+0.03,1,21391,中性盘
11:23:04,214.0,+4.44%,+0.09,1,21400,买盘
11:23:10,213.89,+4.39%,-0.11,2,42778,卖盘
11:23:13,213.99,+4.44%,+0.1,2,42798,买盘
11:23:16,214.0,+4.44%,+0.01,10,214000,买盘
11:23:31,214.01,+4.45%,--,5,107005,买盘
11:23:40,214.01,+4.45%,--,4,85604,买盘
11:23:43,214.01,+4.45%,--,0,0,买盘
11:23:46,214.01,+4.45%,--,1,21401,买盘
11:23:52,214.01,+4.45%,--,6,128406,买盘
11:23:52,214.01,+4.45%,--,6,128406,中性盘
11:23:58,214.01,+4.45%,--,1,21401,卖盘
11:24:04,213.88,+4.38%,-0.13,40,855520,卖盘
11:24:07,213.94,+4.41%,+0.06,12,256728,买盘
11:24:10,213.87,+4.38%,-0.07,12,256644,卖盘
11:24:13,213.86,+4.37%,-0.01,4,85544,买盘
11:24:16,213.88,+4.38%,+0.02,1,21388,卖盘
11:24:19,213.87,+4.38%,-0.01,4,85548,买盘
11:24:28,213.87,+4.38%,--,0,0,中性盘
11:24:31,213.87,+4.38%,--,0,0,卖盘
11:24:34,213.9,+4.39%,+0.03,1,21390,买盘
11:24:40,213.87,+4.38%,-0.03,4,85548,卖盘
11:24:43,213.98,+4.43%,+0.11,23,492154,买盘
11:24:46,213.9,+4.39%,-0.08,1,21390,买盘
11:24:49,213.97,+4.43%,+0.07,1,21397,买盘
11:25:01,213.97,+4.43%,--,5,106985,买盘
11:25:07,213.97,+4.43%,--,2,42794,买盘
11:25:10,213.99,+4.44%,+0.02,1,21399,卖盘
11:25:13,213.99,+4.44%,--,2,42798,卖盘
11:25:16,214.0,+4.44%,+0.01,1,21400,中性盘
11:25:19,214.0,+4.44%,--,6,128400,中性盘
11:25:28,214.0,+4.44%,-0.01,3,64200,卖盘
11:25:34,214.0,+4.44%,-0.01,8,171200,卖盘
11:25:37,214.01,+4.45%,+0.01,2,42802,买盘
11:25:43,214.0,+4.44%,--,2,42800,卖盘
11:25:46,214.0,+4.44%,--,11,235400,卖盘
11:25:49,213.97,+4.43%,-0.03,4,85588,卖盘
11:25:52,213.97,+4.43%,--,4,85588,卖盘
11:25:55,213.97,+4.43%,--,16,342352,买盘
11:25:58,214.03,+4.46%,+0.06,15,321045,买盘
11:26:01,214.03,+4.46%,--,0,0,买盘
11:26:04,214.02,+4.45%,-0.01,1,21402,买盘
11:26:07,214.03,+4.46%,+0.01,5,107015,买盘
11:26:10,213.97,+4.43%,-0.06,2,42794,中性盘
11:26:13,213.97,+4.43%,--,0,0,中性盘
11:26:16,214.04,+4.46%,+0.07,3,64212,买盘
11:26:25,214.04,+4.46%,--,2,42808,买盘
11:26:37,214.04,+4.46%,--,1,21404,买盘
11:26:40,213.91,+4.40%,-0.13,1,21391,卖盘
11:26:43,214.04,+4.46%,+0.13,3,64212,买盘
11:26:46,214.03,+4.46%,-0.01,2,42806,卖盘
11:26:52,213.92,+4.40%,-0.11,1,21392,卖盘
11:26:55,213.92,+4.40%,--,1,21392,买盘
11:26:58,214.04,+4.46%,+0.12,3,64212,买盘
11:27:01,214.04,+4.46%,--,5,107020,卖盘
11:27:04,214.02,+4.45%,-0.02,2,42804,买盘
11:27:07,214.02,+4.45%,--,4,85608,买盘
11:27:16,214.02,+4.45%,+0.11,2,49439,买盘
11:27:19,214.07,+4.48%,+0.05,3,64221,买盘
11:27:25,214.07,+4.48%,--,1,21407,买盘
11:27:28,214.02,+4.45%,-0.05,0,14767,卖盘
11:27:31,214.02,+4.45%,--,0,6635,买盘
11:27:31,214.02,+4.45%,--,0,6635,中性盘
11:27:34,214.08,+4.48%,+0.06,1,21408,买盘
11:27:37,214.08,+4.48%,--,1,21408,买盘
11:27:40,214.08,+4.48%,--,3,64224,买盘
11:27:43,214.08,+4.48%,--,1,21408,卖盘
11:27:46,214.07,+4.48%,-0.01,1,21407,卖盘
11:27:55,214.08,+4.48%,+0.01,2,42816,买盘
11:27:58,214.07,+4.48%,-0.01,11,235477,卖盘
11:28:01,214.07,+4.48%,--,0,0,中性盘
11:28:07,214.1,+4.49%,+0.03,1,21410,买盘
11:28:10,214.1,+4.49%,--,1,21410,卖盘
11:28:13,214.11,+4.49%,+0.01,8,171288,买盘
11:28:19,214.07,+4.48%,-0.04,4,85628,卖盘
11:28:22,214.11,+4.49%,+0.04,7,149877,买盘
11:28:28,214.11,+4.49%,--,0,0,中性盘
11:28:31,214.12,+4.50%,+0.01,2,42824,买盘
11:28:40,214.12,+4.50%,--,5,107060,买盘
11:28:43,214.0,+4.44%,-0.12,3,64200,卖盘
11:28:49,214.02,+4.45%,+0.02,1,21402,中性盘
11:28:52,214.02,+4.45%,--,0,0,卖盘
11:28:55,214.05,+4.47%,+0.03,1,21405,卖盘
11:28:58,214.02,+4.45%,-0.03,1,21402,卖盘
11:29:01,214.0,+4.44%,-0.02,3,64200,卖盘
11:29:04,213.8,+4.34%,-0.2,31,662780,卖盘
11:29:07,213.76,+4.32%,-0.04,16,342016,卖盘
11:29:10,213.7,+4.29%,-0.06,3,64110,卖盘
11:29:13,213.7,+4.29%,--,5,106850,买盘
11:29:25,213.8,+4.34%,+0.1,2,42760,买盘
11:29:34,213.71,+4.30%,-0.09,3,64113,卖盘
11:29:40,213.91,+4.40%,+0.2,1,21391,买盘
11:29:46,213.92,+4.40%,+0.01,1,21392,买盘
11:29:49,213.92,+4.40%,--,2,42784,买盘
11:29:52,213.99,+4.44%,+0.07,2,42798,买盘
11:29:55,213.75,+4.32%,-0.24,3,64125,卖盘
11:29:58,213.73,+4.31%,-0.02,5,106865,卖盘
13:00:01,214.0,+4.44%,+0.27,20,428000,买盘
13:00:04,213.88,+4.38%,-0.12,11,235268,卖盘
13:00:07,213.74,+4.31%,-0.14,15,320610,卖盘
13:00:10,213.73,+4.31%,-0.01,10,213730,卖盘
13:00:13,213.6,+4.25%,-0.13,45,961200,卖盘
13:00:16,213.45,+4.17%,-0.15,27,576315,卖盘
13:00:19,213.37,+4.13%,-0.08,2,42674,卖盘
13:00:22,213.2,+4.05%,-0.17,4,85280,卖盘
13:00:25,213.18,+4.04%,-0.02,4,85272,卖盘
13:00:28,213.12,+4.01%,-0.06,5,106560,卖盘
13:00:31,213.17,+4.04%,+0.05,3,63951,买盘
13:00:34,213.1,+4.00%,-0.07,2,42620,卖盘
13:00:37,213.3,+4.10%,+0.2,6,127980,买盘
13:00:40,213.5,+4.20%,+0.2,4,85400,买盘
13:00:46,213.31,+4.10%,-0.19,1,21331,卖盘
13:00:49,213.49,+4.19%,+0.18,2,42698,买盘
13:00:55,213.49,+4.19%,--,0,0,中性盘
13:00:58,213.49,+4.19%,--,2,42698,中性盘
13:01:01,213.28,+4.09%,-0.21,4,85312,卖盘
13:01:04,213.1,+4.00%,-0.18,3,63930,卖盘
13:01:07,213.59,+4.24%,+0.49,31,662129,买盘
13:01:07,213.59,+4.24%,--,31,662129,中性盘
13:01:07,213.59,+4.24%,--,31,662129,买盘
13:01:13,213.28,+4.09%,-0.31,1,21328,卖盘
13:01:19,213.28,+4.09%,--,0,0,卖盘
13:01:22,213.48,+4.19%,+0.2,11,234828,中性盘
13:01:25,213.48,+4.19%,--,8,170784,买盘
13:01:31,213.47,+4.18%,-0.01,1,21347,买盘
13:01:34,213.3,+4.10%,-0.17,4,85320,卖盘
13:01:55,213.32,+4.11%,+0.02,1,21332,卖盘
13:02:01,213.35,+4.12%,+0.03,1,21335,卖盘
13:02:04,213.31,+4.10%,-0.04,6,127986,卖盘
13:02:10,213.35,+4.12%,+0.04,1,21335,买盘
13:02:13,213.35,+4.12%,--,1,21335,买盘
13:02:16,213.32,+4.11%,-0.03,14,298648,中性盘
13:02:19,213.31,+4.10%,-0.01,34,725254,中性盘
13:02:22,213.3,+4.10%,-0.01,10,213300,卖盘
13:02:25,213.28,+4.09%,-0.02,15,319920,卖盘
13:02:31,213.26,+4.08%,-0.02,2,42652,买盘
13:02:34,213.1,+4.00%,-0.16,1,21310,卖盘
13:02:37,213.26,+4.08%,+0.16,1,21326,买盘
13:02:40,213.26,+4.08%,--,4,85304,卖盘
13:02:43,213.26,+4.08%,--,0,0,中性盘
13:02:46,213.12,+4.01%,-0.14,2,42624,卖盘
13:02:49,213.12,+4.01%,--,1,21312,卖盘
13:02:55,213.28,+4.09%,+0.16,13,277264,买盘
13:02:58,213.32,+4.11%,+0.04,11,235505,买盘
13:03:01,213.28,+4.09%,-0.04,5,106640,卖盘
13:03:04,213.28,+4.09%,--,6,127968,卖盘
13:03:07,213.3,+4.10%,+0.02,2,42660,买盘
13:03:10,213.35,+4.12%,+0.05,3,64005,买盘
13:03:13,213.11,+4.01%,-0.24,12,255732,卖盘
13:03:16,213.46,+4.18%,+0.35,3,64038,买盘
13:03:19,213.12,+4.01%,-0.34,3,63936,卖盘
13:03:22,213.53,+4.21%,+0.41,4,85412,买盘
13:03:25,213.53,+4.21%,--,1,21353,卖盘
13:03:28,213.53,+4.21%,--,5,106765,卖盘
13:03:31,213.53,+4.21%,--,0,0,买盘
13:03:34,213.5,+4.20%,-0.03,2,42700,卖盘
13:03:40,213.48,+4.19%,--,1,21348,卖盘
13:03:43,213.47,+4.18%,-0.01,3,64041,买盘
13:03:49,213.46,+4.18%,-0.01,2,42692,卖盘
13:03:55,213.48,+4.19%,+0.02,1,21348,买盘
13:04:04,213.48,+4.19%,--,4,85392,卖盘
13:04:07,213.48,+4.19%,--,0,0,中性盘
13:04:10,213.49,+4.19%,+0.01,11,234839,卖盘
13:04:22,213.49,+4.19%,--,9,192141,卖盘
13:04:25,213.49,+4.19%,--,0,0,卖盘
13:04:28,213.49,+4.19%,--,2,42698,卖盘
13:04:31,213.49,+4.19%,--,1,21349,买盘
13:04:34,213.49,+4.19%,--,3,64047,中性盘
13:04:37,213.49,+4.19%,--,1,21349,中性盘
13:04:40,213.3,+4.10%,-0.19,7,149310,卖盘
13:04:43,213.48,+4.19%,+0.18,1,21348,买盘
13:11:55,213.7,+4.29%,--,1,21370,中性盘
13:11:55,213.7,+4.29%,--,1,21370,卖盘
13:11:58,213.7,+4.29%,--,2,42740,卖盘
13:12:01,213.7,+4.29%,--,5,106850,中性盘
13:12:04,213.7,+4.29%,--,2,42740,买盘
13:12:07,213.7,+4.29%,--,0,0,买盘
13:12:10,213.65,+4.27%,-0.05,3,64095,卖盘
13:12:19,213.7,+4.29%,+0.05,2,42740,买盘
13:12:22,213.69,+4.29%,-0.01,1,21369,中性盘
13:12:25,213.65,+4.27%,-0.04,7,149555,卖盘
13:12:28,213.57,+4.23%,-0.08,1,21357,卖盘
13:12:31,213.65,+4.27%,+0.08,1,21365,买盘
13:12:34,213.57,+4.23%,-0.08,2,42714,卖盘
13:12:37,213.57,+4.23%,--,0,0,卖盘
13:12:40,213.7,+4.29%,+0.13,9,192330,买盘
13:12:43,213.76,+4.32%,+0.06,2,42752,买盘
13:12:46,213.71,+4.30%,-0.05,1,21371,买盘
13:12:52,213.7,+4.29%,-0.01,1,21370,卖盘
13:12:55,213.7,+4.29%,--,0,0,中性盘
13:12:58,213.84,+4.36%,+0.14,1,21384,买盘
13:13:01,213.84,+4.36%,--,0,0,买盘
13:13:04,213.61,+4.25%,-0.23,2,42722,卖盘
13:13:10,213.6,+4.25%,-0.01,2,42720,卖盘
13:13:13,213.8,+4.34%,+0.2,2,42760,买盘
13:13:19,213.6,+4.25%,-0.2,1,21360,卖盘
13:13:22,213.83,+4.36%,+0.23,1,21383,买盘
13:13:25,213.63,+4.26%,-0.2,1,21363,中性盘
13:13:31,213.83,+4.36%,+0.2,2,42766,买盘
13:13:34,213.63,+4.26%,-0.2,2,42726,卖盘
13:13:40,213.63,+4.26%,--,0,0,卖盘
13:13:46,213.83,+4.36%,+0.2,1,21383,买盘
13:13:52,213.76,+4.32%,-0.07,1,21376,中性盘
13:13:55,213.64,+4.27%,-0.12,2,42728,卖盘
13:13:58,213.76,+4.32%,+0.12,2,42752,买盘
13:14:01,213.76,+4.32%,--,2,42752,买盘
13:14:04,213.63,+4.26%,-0.13,1,21363,卖盘
13:14:07,213.75,+4.32%,+0.12,5,106875,买盘
13:14:10,213.64,+4.27%,-0.11,1,21364,卖盘
13:14:13,213.76,+4.32%,+0.12,3,64128,买盘
13:14:16,213.77,+4.33%,+0.01,1,21377,中性盘
13:14:22,213.77,+4.33%,--,1,21377,卖盘
13:14:25,213.76,+4.32%,-0.01,1,21376,卖盘
13:14:28,213.77,+4.33%,+0.01,2,42754,卖盘
13:14:31,213.8,+4.34%,+0.03,4,85520,买盘
13:14:34,213.63,+4.26%,-0.17,3,64089,卖盘
13:14:37,213.63,+4.26%,--,4,85452,卖盘
13:14:40,213.63,+4.26%,--,2,42726,卖盘
13:14:43,213.61,+4.25%,-0.02,3,64083,卖盘
13:14:46,213.6,+4.25%,-0.01,3,64080,卖盘
13:14:49,213.6,+4.25%,--,12,256320,卖盘
13:14:52,213.55,+4.22%,-0.05,29,619295,卖盘
13:14:55,213.5,+4.20%,-0.05,6,128100,卖盘
13:14:58,213.3,+4.10%,-0.2,12,255960,卖盘
13:15:01,213.29,+4.09%,-0.01,8,170632,卖盘
13:15:04,213.2,+4.05%,-0.09,3,63960,卖盘
13:15:10,213.2,+4.05%,--,3,63960,卖盘
13:15:13,213.12,+4.01%,-0.08,1,21312,卖盘
13:15:16,213.28,+4.09%,+0.16,2,42656,卖盘
13:15:22,213.31,+4.10%,+0.03,6,127986,买盘
13:15:25,213.55,+4.22%,+0.24,2,42710,买盘
13:15:28,213.55,+4.22%,--,3,64065,买盘
13:15:31,213.55,+4.22%,--,0,0,中性盘
13:15:31,213.55,+4.22%,--,0,0,买盘
13:15:34,213.31,+4.10%,-0.24,2,42662,卖盘
13:15:46,213.31,+4.10%,--,1,21331,中性盘
13:15:49,213.2,+4.05%,-0.11,2,42640,卖盘
13:15:52,213.29,+4.09%,+0.09,2,42658,卖盘
13:15:58,213.3,+4.10%,+0.01,2,42660,买盘
13:16:01,213.31,+4.10%,+0.01,1,21331,买盘
13:16:04,213.31,+4.10%,--,3,63993,买盘
13:16:07,213.3,+4.10%,-0.01,1,21330,卖盘
13:16:16,213.23,+4.07%,-0.07,5,106615,卖盘
13:16:19,213.2,+4.05%,-0.03,3,63960,卖盘
13:16:22,213.19,+4.05%,-0.01,5,106595,买盘
13:16:28,213.18,+4.04%,-0.01,1,21318,卖盘
13:16:34,213.12,+4.01%,-0.06,3,63936,卖盘
13:16:43,213.18,+4.04%,+0.06,1,21318,买盘
13:16:46,213.12,+4.01%,-0.06,1,21312,卖盘
13:16:49,213.12,+4.01%,--,0,0,卖盘
13:16:52,213.19,+4.05%,+0.07,3,63957,买盘
13:17:04,213.3,+4.10%,+0.11,19,405270,买盘
13:17:07,213.31,+4.10%,+0.01,4,85324,买盘
13:17:16,213.31,+4.10%,--,2,42662,买盘
13:17:19,213.31,+4.10%,--,1,21331,买盘
13:17:22,213.31,+4.10%,--,4,85324,卖盘
13:17:25,213.31,+4.10%,--,0,0,卖盘
13:17:28,213.4,+4.15%,+0.09,1,21340,买盘
13:17:31,213.32,+4.11%,-0.08,1,21332,卖盘
13:17:34,213.31,+4.10%,-0.01,2,42662,卖盘
13:17:37,213.39,+4.14%,+0.08,1,21339,买盘
13:17:43,213.39,+4.14%,--,0,0,中性盘
13:17:52,213.39,+4.14%,--,6,128034,卖盘
13:17:55,213.36,+4.13%,-0.03,3,64008,中性盘
13:18:01,213.32,+4.11%,-0.04,4,85328,卖盘
13:18:04,213.16,+4.03%,-0.16,11,234476,卖盘
13:18:07,213.14,+4.02%,-0.02,2,42628,卖盘
13:18:16,213.16,+4.03%,+0.02,7,149212,中性盘
13:18:19,213.12,+4.01%,-0.04,17,362304,卖盘
13:18:22,213.1,+4.00%,-0.02,12,276178,卖盘
13:18:25,213.12,+4.01%,+0.02,2,42624,买盘
13:18:28,213.09,+4.00%,-0.03,9,191781,卖盘
13:18:31,213.1,+4.00%,+0.01,3,63930,买盘
13:18:43,213.1,+4.00%,+0.02,1,21310,买盘
13:18:46,213.08,+3.99%,-0.02,3,63924,卖盘
13:18:49,213.06,+3.98%,-0.02,2,42612,卖盘
13:18:52,213.09,+4.00%,+0.03,1,21309,买盘
13:19:04,213.09,+4.00%,+0.03,3,63927,买盘
13:19:07,213.06,+3.98%,-0.03,1,21306,卖盘
13:19:07,213.06,+3.98%,--,1,21306,中性盘
13:19:10,213.06,+3.98%,--,10,213060,卖盘
13:19:13,213.07,+3.99%,+0.01,2,42614,卖盘
13:19:19,213.04,+3.97%,-0.06,8,170432,卖盘
13:19:22,213.01,+3.96%,-0.03,16,340816,卖盘
13:19:25,212.83,+3.87%,-0.18,75,1596225,卖盘
13:19:28,212.8,+3.86%,-0.03,3,63840,卖盘
13:19:31,213.06,+3.98%,+0.26,20,426120,买盘
13:19:34,213.06,+3.98%,--,8,170448,卖盘
13:19:40,213.06,+3.98%,--,1,21306,卖盘
13:19:46,213.09,+4.00%,+0.03,7,149163,买盘
13:19:49,213.04,+3.97%,-0.05,30,639120,卖盘
13:19:52,213.0,+3.95%,-0.04,2,42600,买盘
13:19:58,213.0,+3.95%,+0.14,1,21300,买盘
13:20:04,212.86,+3.88%,-0.14,2,42572,卖盘
13:20:07,213.05,+3.98%,+0.19,5,106525,中性盘
13:20:10,213.0,+3.95%,-0.05,2,42600,买盘
13:20:19,212.89,+3.90%,-0.18,8,170312,卖盘
13:20:22,213.01,+3.96%,+0.12,3,63903,中性盘
13:20:25,213.08,+3.99%,+0.07,4,85232,买盘
13:20:28,213.07,+3.99%,-0.01,4,85228,中性盘
13:20:31,213.11,+4.01%,+0.04,4,85244,买盘
13:20:43,213.11,+4.01%,--,0,0,买盘
13:20:46,213.17,+4.04%,+0.06,8,170536,买盘
13:20:52,213.1,+4.00%,-0.07,10,213100,买盘
13:20:55,213.27,+4.08%,+0.17,12,255924,买盘
13:21:01,213.4,+4.15%,+0.13,21,448140,买盘
13:21:04,213.2,+4.05%,-0.2,5,106600,卖盘
13:21:10,213.2,+4.05%,--,2,42640,卖盘
13:21:13,213.43,+4.16%,+0.23,33,704319,买盘
13:21:16,213.43,+4.16%,--,0,0,卖盘
13:21:19,213.43,+4.16%,--,2,42686,卖盘
13:21:22,213.43,+4.16%,--,0,0,中性盘
13:21:25,213.48,+4.19%,+0.05,1,21348,买盘
13:21:34,213.5,+4.20%,+0.01,3,64050,买盘
13:21:37,213.5,+4.20%,--,5,106750,买盘
13:21:43,213.5,+4.20%,--,4,85400,买盘
13:21:46,213.51,+4.20%,+0.01,1,21351,中性盘
13:22:01,213.5,+4.20%,-0.01,6,128100,卖盘
13:22:04,213.47,+4.18%,-0.03,12,256164,卖盘
13:22:07,213.27,+4.08%,-0.2,37,789099,卖盘
13:22:10,213.2,+4.05%,-0.07,2,42640,卖盘
13:22:13,213.27,+4.08%,+0.07,4,85308,买盘
13:22:22,213.27,+4.08%,--,5,106635,买盘
13:22:25,213.27,+4.08%,--,1,21327,卖盘
13:22:34,213.44,+4.17%,+0.17,4,85376,买盘
13:22:37,213.44,+4.17%,--,0,0,中性盘
13:22:37,213.44,+4.17%,-0.16,0,0,中性盘
13:22:46,213.28,+4.09%,-0.16,3,63984,买盘
13:22:52,213.44,+4.17%,+0.16,2,42688,卖盘
13:22:55,213.44,+4.17%,--,2,42688,卖盘
13:22:58,213.28,+4.09%,-0.16,1,21328,卖盘
13:23:07,213.28,+4.09%,--,8,170624,卖盘
13:23:19,213.42,+4.16%,+0.14,3,64026,买盘
13:23:22,213.27,+4.08%,-0.15,27,575829,卖盘
13:23:25,213.27,+4.08%,--,3,63981,卖盘
13:23:28,213.28,+4.09%,+0.01,3,63984,买盘
13:23:31,213.03,+3.97%,-0.25,2,42606,卖盘
13:23:34,213.0,+3.95%,-0.03,6,127800,卖盘
13:23:40,213.03,+3.97%,--,0,0,中性盘
13:23:43,213.0,+3.95%,-0.03,1,21300,卖盘
13:23:49,213.03,+3.97%,+0.03,1,21303,买盘
13:23:52,213.27,+4.08%,+0.24,6,127962,中性盘
13:23:55,213.27,+4.08%,--,0,0,中性盘
13:23:58,213.03,+3.97%,-0.24,1,21303,卖盘
13:24:04,213.03,+3.97%,--,0,0,卖盘
13:24:10,213.0,+3.95%,-0.03,19,404700,卖盘
13:24:13,212.99,+3.95%,-0.01,3,63897,卖盘
13:24:19,213.0,+3.95%,+0.02,3,63900,卖盘
13:24:22,213.01,+3.96%,+0.01,1,21301,买盘
13:24:25,213.01,+3.96%,--,0,0,中性盘
13:24:28,213.08,+3.99%,+0.07,3,63924,买盘
13:24:34,213.0,+3.95%,-0.08,4,85200,卖盘
13:24:37,213.26,+4.08%,+0.26,4,85304,买盘
13:24:40,213.2,+4.05%,-0.06,2,42640,中性盘
13:24:43,213.02,+3.96%,-0.18,1,21302,中性盘
13:24:46,212.99,+3.95%,-0.03,8,170392,卖盘
13:24:49,212.99,+3.95%,--,1,21299,卖盘
13:24:52,212.99,+3.95%,--,9,191691,买盘
13:24:58,212.99,+3.95%,+0.01,4,85196,卖盘
13:25:01,212.93,+3.92%,-0.06,6,127758,卖盘
13:25:04,212.9,+3.90%,-0.03,5,106450,卖盘
13:25:07,212.81,+3.86%,-0.09,7,148967,卖盘
13:25:10,212.73,+3.82%,-0.08,15,319095,卖盘
13:25:13,212.79,+3.85%,+0.06,6,127674,买盘
13:25:19,212.75,+3.83%,-0.04,2,42550,卖盘
13:25:22,212.8,+3.86%,+0.05,4,85120,买盘
13:25:25,212.73,+3.82%,-0.07,1,21273,卖盘
13:25:28,212.72,+3.82%,-0.01,1,21272,卖盘
13:25:31,212.97,+3.94%,+0.25,7,149079,买盘
13:25:34,212.75,+3.83%,-0.22,12,255300,卖盘
13:25:37,212.73,+3.82%,-0.02,2,42546,卖盘
13:25:40,212.73,+3.82%,--,3,63819,卖盘
13:25:43,212.79,+3.85%,+0.06,1,21279,中性盘
13:25:49,212.79,+3.85%,--,0,0,中性盘
13:25:55,212.79,+3.85%,--,1,21279,中性盘
13:26:01,212.97,+3.94%,+0.18,3,63891,买盘
13:26:04,212.98,+3.94%,+0.01,7,149086,买盘
13:26:10,212.97,+3.94%,-0.01,1,21297,卖盘
13:26:13,212.98,+3.94%,+0.01,1,21298,买盘
13:26:16,212.98,+3.94%,--,4,85192,买盘
13:26:16,212.98,+3.94%,--,4,85192,中性盘
13:26:28,212.99,+3.95%,+0.01,2,42598,买盘
13:26:31,213.06,+3.98%,+0.07,1,21306,买盘
13:26:34,212.97,+3.94%,-0.09,8,170376,卖盘
13:26:37,212.97,+3.94%,--,2,42594,买盘
13:26:40,212.99,+3.95%,+0.02,1,21299,卖盘
13:26:46,212.99,+3.95%,--,2,42598,卖盘
13:26:49,212.8,+3.86%,-0.19,1,21280,卖盘
13:26:52,212.8,+3.86%,--,0,0,中性盘
13:26:55,213.01,+3.96%,+0.21,1,21301,买盘
13:27:04,213.07,+3.99%,+0.06,4,85228,买盘
13:27:07,213.0,+3.95%,-0.07,10,213000,中性盘
13:27:10,213.0,+3.95%,--,1,21300,中性盘
13:27:13,213.07,+3.99%,+0.07,1,21307,买盘
13:27:19,213.07,+3.99%,--,1,21307,买盘
13:27:22,213.07,+3.99%,--,0,0,买盘
13:27:34,213.02,+3.96%,-0.05,2,42604,卖盘
13:27:37,213.07,+3.99%,+0.05,6,127842,买盘
13:27:40,213.01,+3.96%,-0.06,1,21301,卖盘
13:27:43,213.01,+3.96%,--,0,0,卖盘
13:27:52,213.05,+3.98%,+0.04,1,21305,买盘
13:27:55,213.05,+3.98%,--,0,0,买盘
13:28:01,213.05,+3.98%,--,1,21305,买盘
13:28:04,213.03,+3.97%,-0.02,2,42606,卖盘
13:28:07,213.01,+3.96%,-0.02,3,63903,卖盘
13:28:10,212.99,+3.95%,-0.02,17,362083,卖盘
13:28:13,212.99,+3.95%,--,8,170392,卖盘
13:28:16,212.81,+3.86%,-0.18,2,42562,卖盘
13:28:19,212.99,+3.95%,+0.18,1,21299,买盘
13:28:22,212.96,+3.93%,-0.03,3,63888,中性盘
13:28:28,212.81,+3.86%,-0.15,3,63843,卖盘
13:28:34,212.8,+3.86%,-0.01,4,85120,卖盘
13:28:37,212.8,+3.86%,--,2,42560,卖盘
13:28:40,212.8,+3.86%,--,0,0,卖盘
13:28:46,212.99,+3.95%,+0.19,98,2087302,买盘
13:28:55,212.81,+3.86%,-0.18,4,85124,买盘
13:29:01,212.79,+3.85%,-0.02,2,42558,卖盘
13:29:04,212.99,+3.95%,+0.2,130,2768870,买盘
13:29:07,212.79,+3.85%,-0.2,7,148953,卖盘
13:29:10,212.79,+3.85%,--,0,0,卖盘
13:29:16,212.98,+3.94%,+0.19,1,21298,买盘
13:29:25,212.83,+3.87%,-0.15,10,212830,卖盘
13:29:28,212.98,+3.94%,+0.15,1,21298,买盘
13:29:34,212.85,+3.88%,-0.13,2,42570,卖盘
13:29:40,212.97,+3.94%,+0.12,1,21297,买盘
13:29:46,212.97,+3.94%,--,0,0,中性盘
13:29:52,212.97,+3.94%,--,1,21297,买盘
13:29:55,212.97,+3.94%,--,0,0,买盘
13:29:55,212.97,+3.94%,-0.03,0,0,中性盘
13:29:58,212.94,+3.92%,-0.03,2,42588,买盘
13:30:01,212.96,+3.93%,+0.02,1,21296,买盘
13:30:04,212.97,+3.94%,+0.01,4,85188,买盘
13:30:07,212.97,+3.94%,--,5,106485,买盘
13:30:10,212.87,+3.89%,-0.1,2,42574,中性盘
13:30:16,212.97,+3.94%,+0.1,5,106485,买盘
13:30:19,212.97,+3.94%,--,16,340752,买盘
13:30:22,213.26,+4.08%,+0.29,24,511824,买盘
13:30:25,213.28,+4.09%,+0.02,3,63984,买盘
13:30:28,213.38,+4.14%,+0.1,1,21338,买盘
13:30:34,213.09,+4.00%,-0.29,2,42618,卖盘
13:30:37,213.09,+4.00%,--,0,0,卖盘
13:30:40,213.46,+4.18%,+0.37,5,106730,买盘
13:30:43,213.39,+4.14%,-0.07,3,64017,中性盘
13:30:55,213.39,+4.14%,--,2,42678,买盘
13:30:58,213.39,+4.14%,--,1,21339,买盘
13:31:01,213.39,+4.14%,--,5,106695,卖盘
13:31:04,213.1,+4.00%,-0.29,4,85240,卖盘
13:31:10,213.46,+4.18%,+0.36,10,213460,买盘
13:31:13,213.32,+4.11%,-0.14,1,21332,中性盘
13:31:16,213.32,+4.11%,--,0,0,买盘
13:31:19,213.32,+4.11%,--,4,85328,买盘
13:31:22,213.28,+4.09%,-0.04,2,42656,买盘
13:31:31,213.12,+4.01%,-0.16,1,21312,卖盘
13:31:34,213.11,+4.01%,-0.01,2,42622,卖盘
13:31:49,213.11,+4.01%,--,0,0,卖盘
13:31:52,213.12,+4.01%,+0.01,1,21312,卖盘
13:31:55,213.24,+4.07%,+0.12,1,21324,买盘
13:31:58,213.13,+4.02%,-0.11,6,127878,中性盘
13:32:01,213.24,+4.07%,+0.11,2,42648,买盘
13:32:04,213.12,+4.01%,-0.12,2,42624,卖盘
13:32:07,213.13,+4.02%,+0.01,2,42626,中性盘
13:32:10,213.11,+4.01%,-0.02,9,191799,卖盘
13:32:13,213.1,+4.00%,-0.01,9,191790,卖盘
13:32:16,213.02,+3.96%,-0.08,1,21302,卖盘
13:32:19,213.01,+3.96%,-0.01,3,63903,中性盘
13:32:22,212.99,+3.95%,-0.02,1,21299,卖盘
13:32:28,212.99,+3.95%,--,1,21299,买盘
13:32:34,212.99,+3.95%,--,3,63897,买盘
13:32:46,213.02,+3.96%,+0.03,3,63906,买盘
13:32:52,213.02,+3.96%,--,1,21302,卖盘
13:32:55,213.02,+3.96%,--,2,42604,卖盘
13:32:58,212.99,+3.95%,-0.03,2,42598,卖盘
13:33:01,212.88,+3.89%,-0.11,4,85152,卖盘
13:33:04,212.86,+3.88%,-0.02,7,149002,卖盘
13:33:07,213.02,+3.96%,+0.16,9,191718,买盘
13:33:10,212.84,+3.88%,-0.18,2,42568,卖盘
13:33:16,212.84,+3.88%,--,0,0,卖盘
13:33:19,212.86,+3.88%,+0.02,2,42572,卖盘
13:33:28,212.85,+3.88%,-0.01,2,42570,卖盘
13:33:28,212.85,+3.88%,--,2,42570,中性盘
13:33:34,212.9,+3.90%,+0.05,2,42580,买盘
13:33:40,212.85,+3.88%,-0.05,5,106425,卖盘
13:33:43,212.9,+3.90%,+0.05,1,21290,买盘
13:33:46,212.9,+3.90%,--,0,0,买盘
13:33:55,212.9,+3.90%,--,3,63870,买盘
13:34:01,212.9,+3.90%,--,1,21290,买盘
13:34:07,212.9,+3.90%,--,8,170320,卖盘
13:34:10,212.9,+3.90%,--,5,106450,卖盘
13:34:13,212.92,+3.91%,+0.02,1,21292,卖盘
13:34:16,212.87,+3.89%,-0.05,2,42574,卖盘
13:34:19,212.87,+3.89%,--,3,63861,卖盘
13:34:22,212.86,+3.88%,-0.01,2,42572,卖盘
13:34:25,212.85,+3.88%,-0.01,5,106425,卖盘
13:34:28,212.83,+3.87%,-0.02,7,148981,卖盘
13:34:31,212.86,+3.88%,+0.03,10,212860,买盘
13:34:34,212.8,+3.86%,-0.06,2,42560,卖盘
13:34:40,212.8,+3.86%,--,7,148960,卖盘
13:34:43,212.79,+3.85%,-0.01,19,404301,卖盘
13:34:46,212.77,+3.84%,-0.02,21,446817,卖盘
13:34:49,212.73,+3.82%,-0.04,9,191457,卖盘
13:34:52,212.7,+3.81%,-0.03,14,297780,卖盘
13:34:55,212.7,+3.81%,--,4,85080,卖盘
13:34:58,212.7,+3.81%,--,2,42540,卖盘
13:35:01,212.71,+3.81%,+0.01,1,21271,买盘
13:35:04,212.7,+3.81%,-0.01,3,63810,卖盘
13:35:07,212.71,+3.81%,+0.01,13,276523,买盘
13:35:13,212.68,+3.80%,-0.03,1,21268,卖盘
13:35:16,212.72,+3.82%,+0.04,1,21272,中性盘
13:35:25,212.72,+3.82%,--,0,0,中性盘
13:35:31,212.71,+3.81%,-0.01,2,42542,卖盘
13:35:34,212.71,+3.81%,--,2,42542,卖盘
13:35:43,212.71,+3.81%,--,1,21271,卖盘
13:35:46,212.77,+3.84%,+0.06,1,21277,买盘
13:35:52,212.77,+3.84%,--,0,0,买盘
13:35:55,212.78,+3.85%,+0.01,10,212780,买盘
13:35:58,212.72,+3.82%,-0.06,3,63816,卖盘
13:36:01,212.79,+3.85%,+0.07,15,319185,买盘
13:36:04,212.89,+3.90%,+0.1,1,21289,卖盘
13:36:07,212.71,+3.81%,-0.18,26,553046,卖盘
13:36:10,212.72,+3.82%,+0.01,5,106360,买盘
13:36:16,212.77,+3.84%,+0.05,1,21277,买盘
13:36:19,213.08,+3.99%,+0.31,1,21308,买盘
13:36:31,213.08,+3.99%,--,1,21308,买盘
13:36:34,213.1,+4.00%,+0.02,5,106550,买盘
13:36:55,213.1,+4.00%,--,0,0,买盘
13:36:58,212.9,+3.90%,-0.2,1,21290,卖盘
13:37:19,213.08,+3.99%,+0.18,2,42616,买盘
13:37:28,213.08,+3.99%,--,6,127848,卖盘
13:37:31,213.09,+4.00%,+0.01,2,42618,买盘
13:37:34,213.08,+3.99%,-0.01,4,85232,买盘
13:37:40,213.1,+4.00%,+0.02,6,127860,买盘
13:37:52,213.1,+4.00%,--,5,106550,卖盘
13:37:55,213.1,+4.00%,--,0,0,卖盘
13:38:01,213.14,+4.02%,+0.04,1,21314,卖盘
13:38:07,213.14,+4.02%,--,2,42628,卖盘
13:38:10,213.14,+4.02%,--,4,85256,卖盘
13:38:13,213.08,+3.99%,-0.06,6,127848,卖盘
13:38:19,213.07,+3.99%,-0.01,1,21307,买盘
13:38:31,212.9,+3.90%,-0.17,1,21290,卖盘
13:38:43,213.06,+3.98%,+0.16,2,42612,买盘
13:38:49,213.07,+3.99%,+0.01,3,63921,卖盘
13:39:01,213.08,+3.99%,+0.01,22,468776,买盘
13:39:04,212.9,+3.90%,-0.18,16,340640,卖盘
13:39:10,213.08,+3.99%,+0.18,2,42616,中性盘
13:39:19,213.08,+3.99%,--,0,0,买盘
13:39:25,212.91,+3.91%,-0.17,2,42582,中性盘
13:39:28,212.9,+3.90%,-0.01,1,21290,卖盘
13:39:31,212.9,+3.90%,--,1,21290,卖盘
13:39:34,212.9,+3.90%,--,2,42580,卖盘
13:39:37,213.06,+3.98%,+0.16,1,21306,买盘
13:39:43,213.07,+3.99%,+0.01,1,21307,买盘
13:39:49,213.09,+4.00%,+0.02,7,149163,买盘
13:39:55,213.09,+4.00%,--,0,0,中性盘
13:39:58,213.09,+4.00%,--,1,21309,卖盘
13:40:01,212.91,+3.91%,-0.18,2,42582,卖盘
13:40:04,212.9,+3.90%,-0.01,2,42580,卖盘
13:40:13,213.09,+4.00%,+0.19,8,170472,买盘
13:40:16,213.1,+4.00%,+0.01,4,85240,买盘
13:40:19,213.12,+4.01%,+0.02,8,170496,买盘
13:40:25,213.12,+4.01%,--,0,0,中性盘
13:40:28,213.13,+4.02%,+0.01,2,42626,买盘
13:40:31,213.13,+4.02%,--,0,0,买盘
13:40:34,213.11,+4.01%,-0.02,1,21311,卖盘
13:40:40,213.12,+4.01%,+0.01,1,21312,买盘
13:40:43,213.13,+4.02%,+0.01,1,21313,买盘
13:40:43,213.13,+4.02%,-0.02,1,21313,中性盘
13:40:46,213.11,+4.01%,-0.02,3,63933,卖盘
13:40:49,213.09,+4.00%,-0.02,2,42618,卖盘
13:40:55,213.11,+4.01%,+0.02,17,362287,买盘
13:40:58,213.13,+4.02%,+0.02,9,191817,买盘
13:41:01,213.11,+4.01%,-0.02,4,85244,卖盘
13:41:04,213.17,+4.04%,+0.06,3,63951,卖盘
13:41:07,213.28,+4.09%,+0.11,1,21328,买盘
13:41:13,213.32,+4.11%,+0.04,2,42664,买盘
13:41:16,213.17,+4.04%,-0.15,2,42634,卖盘
13:41:19,213.31,+4.10%,+0.14,3,63993,中性盘
13:41:22,213.46,+4.18%,+0.15,3,64038,买盘
13:41:31,213.35,+4.12%,-0.11,2,42670,卖盘
13:41:34,213.28,+4.09%,-0.07,3,63984,卖盘
13:41:37,213.28,+4.09%,--,2,42656,卖盘
13:41:40,213.46,+4.18%,+0.18,3,64038,买盘
13:41:46,213.45,+4.17%,-0.01,1,21345,中性盘
13:41:49,213.45,+4.17%,--,0,0,买盘
13:41:55,213.45,+4.17%,--,1,21345,中性盘
13:42:04,213.29,+4.09%,-0.16,5,106645,卖盘
13:42:07,213.18,+4.04%,-0.11,5,106590,卖盘
13:42:10,213.28,+4.09%,+0.1,6,127968,买盘
13:42:19,213.28,+4.09%,--,1,21328,中性盘
13:42:22,213.28,+4.09%,--,0,0,买盘
13:42:34,213.18,+4.04%,-0.1,1,21318,卖盘
13:42:37,213.34,+4.12%,+0.16,1,21334,买盘
13:42:40,213.15,+4.03%,-0.19,1,21315,卖盘
13:42:43,213.35,+4.12%,+0.2,2,42670,买盘
13:42:46,213.35,+4.12%,--,1,21335,卖盘
13:42:49,213.18,+4.04%,-0.17,1,21318,卖盘
13:42:52,213.43,+4.16%,+0.25,3,64029,中性盘
13:42:55,213.35,+4.12%,-0.08,2,42670,卖盘
13:42:58,213.44,+4.17%,+0.09,2,42688,买盘
13:43:04,213.19,+4.05%,-0.25,2,42638,卖盘
13:43:07,213.43,+4.16%,+0.24,1,21343,中性盘
13:43:10,213.43,+4.16%,--,0,0,买盘
13:43:13,213.43,+4.16%,--,2,42686,买盘
13:43:16,213.43,+4.16%,--,4,85372,买盘
13:43:19,213.42,+4.16%,-0.01,5,106710,中性盘
13:43:22,213.45,+4.17%,+0.03,4,85380,买盘
13:43:25,213.21,+4.06%,-0.24,1,21321,卖盘
13:43:31,213.42,+4.16%,+0.21,4,85368,买盘
13:43:34,213.22,+4.06%,-0.2,3,63966,卖盘
13:43:46,213.22,+4.06%,--,0,0,中性盘
13:43:49,213.38,+4.14%,+0.16,1,21338,中性盘
13:43:58,213.38,+4.14%,--,4,85352,买盘
13:44:01,213.38,+4.14%,--,0,0,买盘
13:44:04,213.36,+4.13%,-0.02,3,64008,中性盘
13:44:07,213.22,+4.06%,-0.14,43,916846,卖盘
13:44:10,213.21,+4.06%,-0.01,6,127926,卖盘
13:44:13,213.19,+4.05%,-0.02,34,724846,卖盘
13:44:16,213.1,+4.00%,-0.09,10,213100,卖盘
13:44:19,213.19,+4.05%,+0.09,8,170552,买盘
13:44:19,213.19,+4.05%,-0.1,8,170552,中性盘
13:44:22,213.09,+4.00%,-0.1,1,21309,卖盘
13:44:25,213.07,+3.99%,-0.02,2,42614,买盘
13:44:28,213.19,+4.05%,+0.12,2,42638,买盘
13:44:31,213.02,+3.96%,-0.17,2,42604,卖盘
13:44:34,213.0,+3.95%,-0.02,3,63900,卖盘
13:44:52,213.15,+4.03%,+0.15,1,21315,买盘
13:45:01,213.15,+4.03%,--,9,191835,买盘
13:45:04,213.18,+4.04%,+0.03,9,191862,买盘
13:45:07,213.15,+4.03%,-0.03,4,85260,卖盘
13:45:13,213.08,+3.99%,-0.07,1,21308,卖盘
13:45:16,213.07,+3.99%,-0.01,5,106535,卖盘
13:45:22,213.07,+3.99%,--,0,0,中性盘
13:45:31,213.06,+3.98%,-0.01,2,42612,买盘
13:45:34,213.0,+3.95%,-0.06,2,42600,卖盘
13:45:37,213.07,+3.99%,+0.07,2,42614,买盘
13:45:52,213.0,+3.95%,-0.07,1,21300,卖盘
13:45:55,213.0,+3.95%,--,1,21300,卖盘
13:45:58,213.06,+3.98%,+0.06,2,42612,买盘
13:46:01,213.0,+3.95%,-0.06,1,21300,卖盘
13:46:04,213.0,+3.95%,--,5,106500,卖盘
13:46:13,213.0,+3.95%,--,0,0,卖盘
13:46:22,213.06,+3.98%,+0.06,8,170448,买盘
13:46:25,213.01,+3.96%,-0.05,1,21301,卖盘
13:46:31,213.05,+3.98%,+0.04,2,42610,买盘
13:46:34,213.01,+3.96%,-0.04,2,42602,卖盘
13:46:43,213.01,+3.96%,--,1,21301,卖盘
13:46:52,213.06,+3.98%,+0.05,1,21306,买盘
13:46:55,213.06,+3.98%,--,0,0,买盘
13:47:01,213.06,+3.98%,--,2,42612,买盘
13:47:04,213.02,+3.96%,-0.04,2,42604,卖盘
13:47:07,213.07,+3.99%,+0.05,1,21307,买盘
13:47:10,213.15,+4.03%,+0.08,3,63945,买盘
13:47:13,213.14,+4.02%,-0.01,1,21314,中性盘
13:47:16,213.15,+4.03%,+0.01,1,21315,买盘
13:47:22,213.15,+4.03%,--,1,21315,买盘
13:47:40,213.15,+4.03%,--,1,21315,卖盘
13:47:43,213.18,+4.04%,+0.03,3,63954,买盘
13:47:52,213.18,+4.04%,--,0,0,买盘
13:48:01,213.19,+4.05%,+0.01,4,85276,买盘
13:48:04,213.18,+4.04%,-0.01,20,426360,中性盘
13:48:07,213.18,+4.04%,--,5,106590,买盘
13:48:28,213.18,+4.04%,--,1,21318,买盘
13:48:31,213.15,+4.03%,-0.03,1,21315,卖盘
13:48:37,213.15,+4.03%,--,3,63945,卖盘
13:48:43,213.19,+4.05%,+0.04,4,85276,买盘
13:48:46,213.19,+4.05%,--,3,63957,买盘
13:48:58,213.16,+4.03%,-0.03,1,21316,卖盘
13:49:04,213.16,+4.03%,--,1,21316,买盘
13:49:07,213.19,+4.05%,+0.03,5,106595,买盘
13:49:10,213.19,+4.05%,--,12,255828,买盘
13:49:13,213.19,+4.05%,--,1,21319,买盘
13:49:22,213.19,+4.05%,--,0,0,买盘
13:49:25,213.19,+4.05%,--,2,42638,买盘
13:49:31,213.2,+4.05%,+0.01,4,85280,买盘
13:49:34,213.21,+4.06%,+0.01,3,63963,买盘
13:49:37,213.19,+4.05%,-0.02,3,63957,卖盘
13:49:40,213.19,+4.05%,--,2,42638,卖盘
13:49:46,213.2,+4.05%,+0.01,4,85280,卖盘
13:50:04,213.29,+4.09%,+0.09,4,85316,买盘
13:50:10,213.2,+4.05%,--,0,0,卖盘
13:50:16,213.24,+4.07%,+0.04,5,106620,买盘
13:50:19,213.2,+4.05%,-0.04,1,21320,卖盘
13:50:22,213.25,+4.08%,+0.05,3,63975,买盘
13:50:25,213.28,+4.09%,+0.03,1,21328,买盘
13:50:28,213.28,+4.09%,--,2,42656,买盘
13:50:37,213.28,+4.09%,+0.08,1,21328,买盘
13:50:43,213.2,+4.05%,-0.08,5,106600,卖盘
13:50:46,213.2,+4.05%,--,1,21320,卖盘
13:50:49,213.28,+4.09%,+0.08,3,63984,买盘
13:50:58,213.29,+4.09%,+0.01,1,21329,卖盘
13:51:01,213.3,+4.10%,+0.01,4,85320,买盘
13:51:04,213.3,+4.10%,--,3,63990,买盘
13:51:07,213.3,+4.10%,--,0,0,中性盘
13:51:10,213.3,+4.10%,--,1,21330,买盘
13:51:13,213.31,+4.10%,+0.01,2,42662,买盘
13:51:19,213.31,+4.10%,--,0,0,中性盘
13:51:22,213.32,+4.11%,+0.01,1,21332,买盘
13:51:25,213.33,+4.11%,+0.01,1,21333,买盘
13:51:28,213.33,+4.11%,--,3,63999,买盘
13:51:31,213.35,+4.12%,+0.02,3,64005,买盘
13:51:31,213.35,+4.12%,--,3,64005,中性盘
13:51:34,213.35,+4.12%,--,3,64005,买盘
13:51:40,213.36,+4.13%,+0.01,14,298704,买盘
13:51:43,213.36,+4.13%,--,5,106680,卖盘
13:51:46,213.37,+4.13%,+0.01,3,64011,买盘
13:51:49,213.41,+4.15%,+0.04,3,64023,买盘
13:51:52,213.38,+4.14%,-0.03,1,21338,卖盘
13:51:55,213.45,+4.17%,+0.07,1,21345,买盘
13:51:58,213.45,+4.17%,--,1,21345,买盘
13:52:01,213.45,+4.17%,--,2,42690,买盘
13:52:04,213.38,+4.14%,-0.07,2,42676,卖盘
13:52:07,213.47,+4.18%,+0.09,3,64041,买盘
13:52:13,213.49,+4.19%,+0.02,1,21349,买盘
13:52:16,213.5,+4.20%,+0.01,1,21350,买盘
13:52:19,213.5,+4.20%,--,1,21350,买盘
13:52:25,213.5,+4.20%,--,17,362950,买盘
13:52:28,213.51,+4.20%,+0.01,1,21351,卖盘
13:52:34,213.51,+4.20%,--,2,42702,卖盘
13:52:37,213.57,+4.23%,+0.06,1,21357,买盘
13:52:46,213.57,+4.23%,--,0,0,买盘
13:52:55,213.6,+4.25%,+0.03,2,42720,买盘
13:52:58,213.58,+4.24%,-0.02,1,21358,卖盘
13:53:01,213.77,+4.33%,+0.19,12,256524,买盘
13:53:04,213.57,+4.23%,-0.2,3,64071,卖盘
13:53:07,213.6,+4.25%,+0.03,22,469920,中性盘
13:53:13,213.6,+4.25%,+0.01,4,85440,买盘
13:53:16,213.59,+4.24%,-0.01,1,21359,卖盘
13:53:19,213.6,+4.25%,+0.01,1,21360,中性盘
13:53:25,213.6,+4.25%,--,1,21360,买盘
13:53:37,213.61,+4.25%,+0.01,1,21361,买盘
13:53:46,213.71,+4.30%,+0.1,1,21371,买盘
13:53:49,213.71,+4.30%,--,2,42742,买盘
13:53:55,213.75,+4.32%,+0.04,2,42750,买盘
13:53:58,213.71,+4.30%,-0.04,2,42742,卖盘
13:54:01,213.76,+4.32%,+0.05,7,149632,买盘
13:54:04,213.77,+4.33%,+0.01,5,106885,买盘
13:54:07,213.77,+4.33%,--,0,0,中性盘
13:54:13,213.83,+4.36%,+0.06,5,106915,买盘
13:54:16,213.82,+4.35%,-0.01,1,21382,卖盘
13:54:19,213.86,+4.37%,+0.04,5,106930,买盘
13:54:22,213.86,+4.37%,--,0,0,买盘
13:54:25,213.87,+4.38%,+0.01,1,21387,买盘
13:54:28,213.88,+4.38%,+0.01,3,64164,买盘
13:54:31,213.88,+4.38%,--,4,85552,买盘
13:54:34,213.89,+4.39%,+0.01,3,64167,买盘
13:54:37,213.88,+4.38%,-0.01,5,106940,卖盘
13:54:43,213.9,+4.39%,+0.02,1,21390,卖盘
13:54:46,213.9,+4.39%,--,0,0,中性盘
13:54:49,214.08,+4.48%,+0.18,3,64224,买盘
13:54:52,214.08,+4.48%,--,0,0,买盘
13:54:55,214.04,+4.46%,-0.04,2,42808,中性盘
13:54:58,214.08,+4.48%,+0.04,5,107040,买盘
13:55:01,214.08,+4.48%,--,3,64224,卖盘
13:55:04,214.1,+4.49%,+0.02,10,214100,买盘
13:55:07,214.14,+4.51%,+0.04,2,42828,买盘
13:55:07,214.14,+4.51%,--,2,42828,中性盘
13:55:13,214.2,+4.54%,+0.06,4,85680,买盘
13:55:16,214.29,+4.58%,+0.09,3,64287,中性盘
13:55:22,214.27,+4.57%,-0.02,2,42854,中性盘
13:55:25,214.08,+4.48%,-0.19,11,235488,卖盘
13:55:28,214.04,+4.46%,-0.04,12,256848,卖盘
13:55:31,214.05,+4.47%,+0.01,3,64215,买盘
13:55:34,214.08,+4.48%,+0.03,3,64224,买盘
13:55:37,213.88,+4.38%,-0.2,24,513312,卖盘
13:55:40,213.88,+4.38%,--,23,491924,卖盘
13:55:43,213.68,+4.29%,-0.2,12,256416,卖盘
13:55:46,213.8,+4.34%,+0.12,1,21380,买盘
13:55:49,213.8,+4.34%,--,0,0,买盘
13:55:55,213.8,+4.34%,--,1,21380,买盘
13:55:58,213.8,+4.34%,--,0,0,中性盘
13:56:01,213.81,+4.35%,+0.01,2,42762,买盘
13:56:04,213.81,+4.35%,--,2,42762,卖盘
13:56:07,213.86,+4.37%,+0.05,3,64158,买盘
13:56:10,213.89,+4.39%,+0.03,5,106945,买盘
13:56:16,213.81,+4.35%,-0.08,4,85524,卖盘
13:56:19,213.81,+4.35%,--,1,21381,买盘
13:56:22,213.88,+4.38%,+0.07,8,171104,买盘
13:56:28,213.89,+4.39%,+0.01,4,85556,买盘
13:56:34,213.92,+4.40%,+0.03,2,42784,卖盘
13:56:37,213.92,+4.40%,--,2,42784,卖盘
13:56:40,214.01,+4.45%,+0.09,6,128406,买盘
13:56:46,214.0,+4.44%,-0.01,6,128400,卖盘
13:56:49,214.24,+4.56%,+0.24,3,64272,买盘
13:56:58,214.24,+4.56%,--,0,0,买盘
13:57:01,214.2,+4.54%,-0.04,2,42840,中性盘
13:57:04,214.21,+4.54%,+0.01,5,107105,中性盘
13:57:07,214.21,+4.54%,--,2,42842,买盘
13:57:10,214.21,+4.54%,--,1,21421,买盘
13:57:13,214.22,+4.55%,+0.01,2,42844,买盘
13:57:16,214.21,+4.54%,-0.01,1,21421,卖盘
13:57:22,214.24,+4.56%,+0.03,4,85696,买盘
13:57:25,214.27,+4.57%,+0.03,6,128562,中性盘
13:57:28,214.25,+4.56%,-0.02,3,64275,买盘
13:57:31,214.25,+4.56%,--,1,21425,买盘
13:57:34,214.24,+4.56%,-0.01,6,128544,中性盘
13:57:37,214.24,+4.56%,--,0,0,中性盘
13:57:40,214.23,+4.55%,-0.01,1,21423,买盘
13:57:43,214.06,+4.47%,-0.17,10,214060,中性盘
13:57:46,214.19,+4.53%,+0.13,2,42838,中性盘
13:57:52,214.28,+4.58%,+0.09,3,64284,买盘
13:57:58,214.28,+4.58%,--,1,21428,买盘
13:58:01,214.28,+4.58%,--,5,107140,中性盘
13:58:04,214.24,+4.56%,-0.04,3,64272,买盘
13:58:07,214.13,+4.50%,-0.11,2,42826,卖盘
13:58:10,214.13,+4.50%,--,3,64239,卖盘
13:58:13,214.13,+4.50%,--,0,0,买盘
13:58:16,214.11,+4.49%,-0.02,1,21411,买盘
13:58:19,214.1,+4.49%,-0.01,1,21410,卖盘
13:58:25,214.21,+4.54%,+0.11,4,85684,买盘
13:58:28,214.23,+4.55%,+0.02,7,149961,卖盘
13:58:31,214.11,+4.49%,-0.12,1,21411,卖盘
13:58:34,214.07,+4.48%,-0.04,3,64221,卖盘
13:58:37,214.13,+4.50%,+0.06,2,42826,买盘
13:58:40,214.23,+4.55%,+0.1,16,342768,买盘
13:58:43,214.23,+4.55%,--,0,0,卖盘
13:58:46,214.23,+4.55%,--,2,42846,中性盘
13:58:46,214.23,+4.55%,--,2,42846,卖盘
13:58:55,214.23,+4.55%,--,1,21423,卖盘
13:58:58,214.25,+4.56%,+0.02,1,21425,买盘
13:59:04,214.23,+4.55%,-0.02,1,21423,卖盘
13:59:07,214.29,+4.58%,+0.06,3,64287,买盘
13:59:10,214.23,+4.55%,-0.06,1,21423,卖盘
13:59:13,214.29,+4.58%,+0.06,1,21429,买盘
13:59:22,214.29,+4.58%,--,4,85716,买盘
13:59:34,214.29,+4.58%,-0.01,3,64287,卖盘
13:59:37,214.22,+4.55%,-0.07,4,85688,卖盘
13:59:40,214.29,+4.58%,+0.07,2,42858,买盘
13:59:49,214.29,+4.58%,--,1,21429,中性盘
13:59:52,214.29,+4.58%,--,1,21429,卖盘
13:59:55,214.3,+4.59%,+0.01,5,107150,买盘
13:59:58,214.29,+4.58%,-0.01,11,235719,卖盘
14:00:01,214.29,+4.58%,--,3,64287,卖盘
14:00:04,214.3,+4.59%,+0.01,6,128580,买盘
14:00:07,214.22,+4.55%,-0.08,1,21422,卖盘
14:00:10,214.3,+4.59%,+0.08,1,21430,买盘
14:00:13,214.29,+4.58%,-0.01,1,21429,买盘
14:00:19,214.3,+4.59%,+0.01,1,21430,买盘
14:00:22,214.3,+4.59%,--,0,0,中性盘
14:00:25,214.3,+4.59%,--,1,21430,卖盘
14:00:28,214.13,+4.50%,-0.17,10,214130,卖盘
14:00:31,214.3,+4.59%,+0.17,6,128580,买盘
14:00:34,214.23,+4.55%,-0.07,4,85692,中性盘
14:00:40,214.23,+4.55%,--,1,21423,买盘
14:00:43,214.07,+4.48%,-0.16,1,21407,卖盘
14:00:46,214.01,+4.45%,-0.06,34,727634,卖盘
14:00:49,213.91,+4.40%,-0.1,17,363647,卖盘
14:00:52,213.85,+4.37%,-0.06,25,534625,卖盘
14:00:55,213.88,+4.38%,+0.03,11,235268,中性盘
14:00:58,213.8,+4.34%,-0.08,1,21380,卖盘
14:01:01,213.8,+4.34%,--,1,21380,卖盘
14:01:04,213.88,+4.38%,+0.08,6,128328,买盘
14:01:07,213.89,+4.39%,+0.01,3,64167,卖盘
14:01:13,213.9,+4.39%,+0.01,1,21390,买盘
14:01:31,214.02,+4.45%,+0.13,3,64206,买盘
14:01:34,213.91,+4.40%,-0.11,2,42782,卖盘
14:01:37,213.91,+4.40%,--,3,64173,卖盘
14:01:40,213.88,+4.38%,-0.03,14,299432,卖盘
14:01:43,213.8,+4.34%,-0.08,2,42760,卖盘
14:01:46,213.7,+4.29%,-0.1,1,21370,卖盘
14:01:49,213.6,+4.25%,-0.1,3,64080,卖盘
14:01:55,213.58,+4.24%,-0.02,4,85432,卖盘
14:01:58,213.57,+4.23%,-0.01,1,21357,买盘
14:02:01,213.5,+4.20%,-0.07,6,128100,卖盘
14:02:10,213.57,+4.23%,--,2,42714,买盘
14:02:13,213.5,+4.20%,-0.07,5,106750,卖盘
14:02:22,213.57,+4.23%,+0.07,1,21357,买盘
14:02:22,213.57,+4.23%,--,1,21357,中性盘
14:02:22,213.57,+4.23%,--,1,21357,买盘
14:02:31,213.5,+4.20%,-0.07,1,21350,卖盘
14:02:43,213.5,+4.20%,--,0,0,中性盘
14:02:55,213.46,+4.18%,-0.04,2,42692,卖盘
14:02:58,213.46,+4.18%,--,1,21346,买盘
14:03:01,213.46,+4.18%,--,2,42692,买盘
14:03:04,213.45,+4.17%,-0.01,4,85380,中性盘
14:03:07,213.4,+4.15%,-0.05,1,21340,卖盘
14:03:10,213.4,+4.15%,--,0,0,卖盘
14:03:13,213.4,+4.15%,--,2,42680,卖盘
14:03:16,213.4,+4.15%,--,5,106700,卖盘
14:03:19,213.35,+4.12%,-0.05,13,277355,卖盘
14:03:22,213.3,+4.10%,-0.05,2,42660,卖盘
14:03:25,213.29,+4.09%,-0.01,6,127974,卖盘
14:03:28,213.29,+4.09%,--,2,42658,买盘
14:03:31,213.2,+4.05%,-0.09,12,255840,卖盘
14:03:34,213.2,+4.05%,--,6,127920,买盘
14:03:37,213.23,+4.07%,+0.03,2,42646,卖盘
14:03:43,213.23,+4.07%,--,1,21323,卖盘
14:03:55,213.23,+4.07%,--,0,0,卖盘
14:04:01,213.25,+4.08%,+0.02,1,21325,中性盘
14:04:04,213.24,+4.07%,-0.01,4,85296,卖盘
14:04:07,213.25,+4.08%,+0.01,1,21325,中性盘
14:04:10,213.3,+4.10%,+0.05,2,42660,买盘
14:04:13,213.29,+4.09%,-0.01,5,106645,中性盘
14:04:16,213.23,+4.07%,-0.06,1,21323,卖盘
14:04:19,213.3,+4.10%,+0.07,1,21330,买盘
14:04:25,213.29,+4.09%,-0.01,1,21329,买盘
14:04:31,213.41,+4.15%,+0.12,10,213410,买盘
14:04:34,213.24,+4.07%,-0.17,3,63972,卖盘
14:04:37,213.24,+4.07%,--,1,21324,卖盘
14:04:43,213.24,+4.07%,--,0,0,卖盘
14:04:58,213.49,+4.19%,+0.25,3,64047,买盘
14:05:04,214.0,+4.44%,+0.51,32,684800,买盘
14:05:10,213.8,+4.34%,-0.2,1,21380,买盘
14:05:13,213.38,+4.14%,-0.42,1,21338,中性盘
14:05:19,214.04,+4.46%,+0.66,2,42808,买盘
14:05:28,214.04,+4.46%,--,0,0,买盘
14:05:31,214.03,+4.46%,-0.01,1,21403,买盘
14:05:34,214.02,+4.45%,-0.01,2,42804,中性盘
14:05:37,213.58,+4.24%,-0.44,1,21358,卖盘
14:05:43,214.04,+4.46%,+0.46,10,214040,买盘
14:05:49,213.93,+4.41%,-0.11,1,21393,中性盘
14:05:52,213.92,+4.40%,-0.01,1,21392,中性盘
14:05:55,213.6,+4.25%,-0.32,2,42720,卖盘
14:05:58,213.6,+4.25%,--,1,21360,中性盘
14:05:58,213.6,+4.25%,--,1,21360,卖盘
14:06:04,213.64,+4.27%,+0.04,2,42728,卖盘
14:06:07,213.61,+4.25%,-0.03,5,106805,卖盘
14:06:10,213.61,+4.25%,--,0,0,卖盘
14:06:16,214.1,+4.49%,+0.49,9,192690,买盘
14:06:19,213.93,+4.41%,-0.17,7,149751,卖盘
14:06:22,213.93,+4.41%,--,1,21393,卖盘
14:06:25,213.65,+4.27%,-0.28,4,85460,卖盘
14:06:34,213.64,+4.27%,-0.01,2,42728,卖盘
14:06:37,213.64,+4.27%,--,0,0,卖盘
14:06:43,213.65,+4.27%,+0.01,1,21365,卖盘
14:06:46,213.93,+4.41%,+0.28,1,21393,买盘
14:06:49,214.0,+4.44%,+0.07,8,171200,买盘
14:06:52,214.0,+4.44%,--,3,64200,卖盘
14:06:58,214.0,+4.44%,--,7,149800,买盘
14:07:01,214.07,+4.48%,+0.07,4,85628,中性盘
14:07:04,213.66,+4.28%,-0.41,8,170928,卖盘
14:07:07,213.98,+4.43%,+0.32,3,64194,买盘
14:07:10,214.07,+4.48%,+0.09,2,42814,买盘
14:07:16,213.66,+4.28%,-0.41,1,21366,卖盘
14:07:19,213.66,+4.28%,--,0,0,卖盘
14:07:28,213.67,+4.28%,+0.01,7,149569,中性盘
14:07:31,214.04,+4.46%,+0.37,2,42808,买盘
14:07:34,214.03,+4.46%,-0.01,5,107015,买盘
14:07:37,214.03,+4.46%,--,8,171224,买盘
14:07:40,213.66,+4.28%,-0.37,1,21366,卖盘
14:07:43,214.07,+4.48%,+0.41,5,107035,买盘
14:07:46,214.03,+4.46%,-0.04,3,64209,卖盘
14:07:52,214.03,+4.46%,--,2,42806,卖盘
14:08:04,213.68,+4.29%,-0.35,3,64104,卖盘
14:08:07,213.69,+4.29%,+0.01,1,21369,中性盘
14:08:10,213.69,+4.29%,--,0,0,中性盘
14:08:13,213.87,+4.38%,+0.18,1,21387,买盘
14:08:19,214.06,+4.47%,+0.19,2,42812,中性盘
14:08:22,213.87,+4.38%,-0.19,1,21387,中性盘
14:08:25,214.06,+4.47%,+0.19,5,107030,买盘
14:08:28,214.06,+4.47%,--,1,21406,买盘
14:08:31,214.1,+4.49%,+0.04,5,107050,买盘
14:08:34,214.1,+4.49%,--,5,107050,买盘
14:08:40,214.1,+4.49%,--,4,85640,买盘
14:08:49,214.1,+4.49%,--,2,42820,卖盘
14:08:52,214.09,+4.49%,-0.01,6,128454,买盘
14:08:55,214.1,+4.49%,+0.01,5,107050,买盘
14:09:01,214.1,+4.49%,--,0,0,中性盘
14:09:04,213.95,+4.42%,-0.15,21,449295,卖盘
14:09:10,213.9,+4.39%,-0.05,1,21390,卖盘
14:09:13,214.15,+4.51%,+0.25,2,42830,买盘
14:09:22,214.15,+4.51%,--,0,0,买盘
14:09:25,214.11,+4.49%,-0.04,1,21411,买盘
14:09:28,214.15,+4.51%,+0.04,17,364055,买盘
14:09:31,214.12,+4.50%,-0.03,3,64236,卖盘
14:09:34,214.12,+4.50%,--,2,42824,中性盘
14:09:34,214.12,+4.50%,--,2,42824,卖盘
14:09:40,214.16,+4.52%,+0.04,1,21416,买盘
14:09:46,214.16,+4.52%,--,1,21416,买盘
14:09:52,214.2,+4.54%,+0.04,2,42840,买盘
14:09:58,214.28,+4.58%,+0.08,7,149996,买盘
14:10:01,214.28,+4.58%,--,0,0,中性盘
14:10:04,214.18,+4.53%,-0.1,3,64254,卖盘
14:10:07,214.18,+4.53%,--,1,21418,卖盘
14:10:10,214.19,+4.53%,+0.01,1,21419,卖盘
14:10:16,214.26,+4.57%,+0.07,1,21426,买盘
14:10:22,214.2,+4.54%,-0.06,1,21420,卖盘
14:10:25,214.2,+4.54%,--,0,0,卖盘
14:10:37,214.26,+4.57%,+0.06,5,107130,卖盘
14:10:40,214.21,+4.54%,-0.05,1,21421,卖盘
14:10:52,214.26,+4.57%,+0.05,2,42852,买盘
14:10:58,214.26,+4.57%,--,0,0,中性盘
14:11:01,214.26,+4.57%,--,3,64278,卖盘
14:11:04,214.26,+4.57%,--,2,42852,卖盘
14:11:07,214.26,+4.57%,--,15,321390,卖盘
14:11:10,214.21,+4.54%,-0.05,4,85684,卖盘
14:11:16,214.18,+4.53%,-0.03,9,192762,卖盘
14:11:19,214.16,+4.52%,-0.02,1,21416,卖盘
14:11:28,214.16,+4.52%,--,0,0,买盘
14:11:34,214.12,+4.50%,-0.04,4,85648,卖盘
14:11:37,214.12,+4.50%,--,0,0,买盘
14:11:40,214.02,+4.45%,-0.1,1,21402,卖盘
14:12:04,214.0,+4.44%,-0.02,11,235400,卖盘
14:12:07,214.0,+4.44%,--,0,0,中性盘
14:12:10,214.03,+4.46%,+0.03,1,21403,中性盘
14:12:19,214.02,+4.45%,-0.01,4,85608,卖盘
14:12:22,214.02,+4.45%,--,1,21402,买盘
14:12:25,213.91,+4.40%,-0.11,1,21391,卖盘
14:12:28,213.91,+4.40%,--,0,0,卖盘
14:12:31,214.02,+4.45%,+0.11,1,21402,买盘
14:12:34,214.02,+4.45%,--,3,64206,中性盘
14:12:37,214.02,+4.45%,--,0,0,中性盘
14:12:52,214.0,+4.44%,-0.02,3,64200,中性盘
14:12:55,214.01,+4.45%,+0.01,1,21401,买盘
14:12:58,214.0,+4.44%,-0.01,1,21400,卖盘
14:13:01,214.02,+4.45%,+0.02,1,21402,买盘
14:13:04,214.0,+4.44%,-0.02,2,42800,卖盘
14:13:07,214.0,+4.44%,--,4,85600,卖盘
14:13:10,213.92,+4.40%,-0.08,1,21392,卖盘
14:13:10,213.92,+4.40%,--,1,21392,中性盘
14:13:10,213.92,+4.40%,--,1,21392,卖盘
14:13:13,214.0,+4.44%,+0.08,3,64200,买盘
14:13:28,214.09,+4.49%,+0.09,1,21409,买盘
14:13:31,214.11,+4.49%,+0.02,1,21411,买盘
14:13:34,214.12,+4.50%,+0.01,3,64236,买盘
14:13:37,214.12,+4.50%,--,1,21412,买盘
14:13:40,214.11,+4.49%,-0.01,1,21411,卖盘
14:13:43,214.17,+4.52%,+0.06,16,342672,买盘
14:13:46,214.24,+4.56%,+0.07,2,42848,买盘
14:13:49,214.26,+4.57%,+0.02,1,21426,买盘
14:13:55,214.29,+4.58%,+0.03,2,42858,买盘
14:13:58,214.29,+4.58%,--,0,0,买盘
14:14:01,214.27,+4.57%,-0.02,1,21427,买盘
14:14:04,214.27,+4.57%,--,4,85708,买盘
14:14:07,214.27,+4.57%,--,3,64281,买盘
14:14:13,214.17,+4.52%,-0.1,2,42834,卖盘
14:14:19,214.17,+4.52%,--,0,0,卖盘
14:14:22,214.17,+4.52%,--,1,21417,卖盘
14:14:25,214.17,+4.52%,--,5,107085,卖盘
14:14:28,214.15,+4.51%,-0.02,3,64245,卖盘
14:14:31,214.11,+4.49%,-0.04,5,107055,卖盘
14:14:34,214.01,+4.45%,-0.1,2,42802,卖盘
14:14:40,214.01,+4.45%,--,4,85604,卖盘
14:14:46,214.01,+4.45%,--,0,0,卖盘
14:14:49,214.02,+4.45%,+0.01,1,21402,卖盘
14:14:58,214.02,+4.45%,--,1,21402,卖盘
14:15:04,214.03,+4.46%,+0.01,1,21403,中性盘
14:15:10,214.03,+4.46%,--,1,21403,卖盘
14:15:13,214.03,+4.46%,--,0,0,中性盘
14:15:16,214.02,+4.45%,-0.01,18,385236,卖盘
14:15:19,214.01,+4.45%,-0.01,10,214010,卖盘
14:15:22,214.02,+4.45%,+0.01,35,749070,买盘
14:15:25,214.0,+4.44%,-0.02,1,21400,中性盘
14:15:28,213.95,+4.42%,-0.05,2,42790,中性盘
14:15:34,213.9,+4.39%,-0.05,2,42780,卖盘
14:15:58,213.91,+4.40%,--,2,42782,卖盘
14:16:01,213.9,+4.39%,-0.01,7,149730,卖盘
14:16:04,213.88,+4.38%,-0.02,21,449148,卖盘
14:16:07,214.0,+4.44%,+0.12,28,599200,买盘
14:16:10,213.72,+4.30%,-0.28,1,21372,中性盘
14:16:13,214.0,+4.44%,+0.28,1,21400,买盘
14:16:22,213.71,+4.30%,-0.29,2,42742,卖盘
14:16:25,213.71,+4.30%,--,0,0,卖盘
14:16:28,213.8,+4.34%,+0.09,5,106900,卖盘
14:16:34,213.88,+4.38%,+0.08,3,64164,卖盘
14:16:37,213.9,+4.39%,+0.02,5,106950,买盘
14:17:34,213.91,+4.40%,+0.01,2,42782,卖盘
14:17:37,213.91,+4.40%,--,0,0,中性盘
14:17:40,213.92,+4.40%,+0.01,1,21392,中性盘
14:17:43,213.91,+4.40%,-0.01,1,21391,卖盘
14:17:52,213.93,+4.41%,+0.02,6,128358,买盘
14:17:55,213.93,+4.41%,--,0,0,中性盘
14:17:58,213.94,+4.41%,+0.01,1,21394,买盘
14:18:04,213.94,+4.41%,--,2,42788,买盘
14:18:10,213.93,+4.41%,-0.01,3,64179,卖盘
14:18:16,213.9,+4.39%,-0.03,1,21390,卖盘
14:18:28,213.93,+4.41%,+0.03,12,256716,买盘
14:18:31,213.9,+4.39%,-0.03,4,85560,卖盘
14:18:40,213.91,+4.40%,+0.01,1,21391,卖盘
14:18:43,213.9,+4.39%,-0.01,3,64170,卖盘
14:18:46,213.89,+4.39%,-0.01,2,42778,卖盘
14:18:49,213.91,+4.40%,+0.02,1,21391,买盘
14:18:52,213.91,+4.40%,--,1,21391,卖盘
14:18:55,213.94,+4.41%,+0.03,1,21394,买盘
14:19:04,213.99,+4.44%,+0.05,6,128394,买盘
14:19:07,213.94,+4.41%,-0.05,5,106970,卖盘
14:19:10,213.9,+4.39%,-0.04,1,21390,卖盘
14:19:16,213.89,+4.39%,-0.01,4,85556,卖盘
14:19:19,213.94,+4.41%,+0.05,4,85576,买盘
14:19:22,213.89,+4.39%,-0.05,2,42778,卖盘
14:19:28,213.9,+4.39%,+0.01,1,21390,卖盘
14:19:31,213.9,+4.39%,--,1,21390,卖盘
14:19:34,213.89,+4.39%,-0.01,3,64167,卖盘
14:20:01,213.89,+4.39%,--,2,42778,卖盘
14:20:07,213.89,+4.39%,--,5,106945,卖盘
14:20:10,213.89,+4.39%,--,1,21389,卖盘
14:20:13,213.89,+4.39%,--,0,0,卖盘
14:20:16,213.99,+4.44%,+0.1,3,64197,买盘
14:20:22,213.9,+4.39%,-0.09,1,21390,卖盘
14:20:22,213.9,+4.39%,--,1,21390,中性盘
14:20:25,213.9,+4.39%,--,0,0,卖盘
14:20:34,213.9,+4.39%,--,2,42780,卖盘
14:20:37,213.98,+4.43%,+0.08,1,21398,买盘
14:20:40,213.9,+4.39%,-0.08,1,21390,卖盘
14:20:43,213.98,+4.43%,+0.08,2,42796,买盘
14:20:52,213.99,+4.44%,+0.01,2,42798,买盘
14:20:55,213.98,+4.43%,-0.01,1,21398,卖盘
14:20:58,213.99,+4.44%,+0.01,1,21399,买盘
14:21:04,213.98,+4.43%,-0.01,12,256776,卖盘
14:21:07,213.98,+4.43%,--,6,128388,卖盘
14:21:13,213.99,+4.44%,+0.01,8,171192,买盘
14:21:16,213.99,+4.44%,--,6,128394,买盘
14:21:19,214.0,+4.44%,+0.01,5,107000,买盘
14:21:22,213.99,+4.44%,-0.01,12,256788,中性盘
14:21:28,214.0,+4.44%,+0.01,2,42800,买盘
14:21:31,214.0,+4.44%,--,1,21400,卖盘
14:21:34,214.01,+4.45%,+0.01,3,64203,买盘
14:21:37,214.0,+4.44%,-0.01,2,42800,卖盘
14:21:40,214.03,+4.46%,+0.03,2,42806,买盘
14:21:43,214.07,+4.48%,+0.04,3,64221,买盘
14:21:46,214.11,+4.49%,+0.04,4,85644,买盘
14:21:58,214.03,+4.46%,-0.08,1,21403,卖盘
14:22:01,214.16,+4.52%,+0.13,1,21416,买盘
14:22:04,214.17,+4.52%,+0.01,2,42834,买盘
14:22:07,214.03,+4.46%,-0.14,6,128418,卖盘
14:22:10,214.18,+4.53%,+0.15,1,21418,买盘
14:22:16,214.03,+4.46%,-0.15,1,21403,卖盘
14:22:19,214.03,+4.46%,--,0,0,卖盘
14:22:22,214.15,+4.51%,+0.12,1,21415,买盘
14:22:28,214.15,+4.51%,--,0,0,中性盘
14:22:31,214.05,+4.47%,-0.1,3,64215,卖盘
14:22:34,214.05,+4.47%,--,2,42810,卖盘
14:22:37,214.13,+4.50%,+0.08,1,21413,中性盘
14:22:49,214.05,+4.47%,-0.08,1,21405,卖盘
14:22:55,214.15,+4.51%,+0.1,6,128490,买盘
14:23:01,214.15,+4.51%,--,3,64245,卖盘
14:23:04,214.07,+4.48%,-0.08,2,42814,卖盘
14:23:19,214.15,+4.51%,+0.08,6,128490,买盘
14:23:22,214.16,+4.52%,+0.01,1,21416,中性盘
14:23:25,214.16,+4.52%,--,2,42832,买盘
14:23:31,214.1,+4.49%,-0.06,3,64230,卖盘
14:23:34,214.14,+4.51%,+0.04,4,85656,中性盘
14:23:37,214.14,+4.51%,--,0,0,买盘
14:23:46,214.1,+4.49%,-0.04,2,42820,卖盘
14:23:55,214.07,+4.48%,-0.03,1,21407,卖盘
14:23:58,214.07,+4.48%,--,2,42814,卖盘
14:23:58,214.07,+4.48%,-0.01,2,42814,中性盘
14:24:01,214.06,+4.47%,-0.01,4,85624,卖盘
14:24:04,214.06,+4.47%,--,31,663586,买盘
14:24:07,214.01,+4.45%,-0.05,33,706233,卖盘
14:24:10,213.98,+4.43%,-0.03,29,620542,卖盘
14:24:13,213.98,+4.43%,--,13,278174,卖盘
14:24:16,213.88,+4.38%,-0.1,21,449148,卖盘
14:24:19,213.88,+4.38%,--,4,85552,卖盘
14:24:25,213.88,+4.38%,--,0,0,卖盘
14:24:28,213.89,+4.39%,+0.01,1,21389,卖盘
14:24:34,213.96,+4.42%,+0.07,3,64188,中性盘
14:24:37,213.96,+4.42%,--,0,0,中性盘
14:24:46,213.9,+4.39%,-0.06,1,21390,中性盘
14:24:49,213.89,+4.39%,-0.01,1,21389,卖盘
14:24:52,213.93,+4.41%,+0.04,2,42786,买盘
14:24:55,213.92,+4.40%,-0.01,1,21392,卖盘
14:25:04,213.93,+4.41%,+0.01,3,64179,买盘
14:25:07,213.93,+4.41%,--,1,21393,买盘
14:25:10,213.92,+4.40%,-0.01,4,85568,卖盘
14:25:16,213.92,+4.40%,--,14,299488,卖盘
14:25:19,213.89,+4.39%,-0.03,9,192501,卖盘
14:25:22,213.89,+4.39%,--,6,128334,买盘
14:25:25,213.89,+4.39%,--,75,1604175,中性盘
14:25:28,213.8,+4.34%,-0.09,41,876580,卖盘
14:25:31,213.7,+4.29%,-0.1,8,170960,卖盘
14:25:34,213.67,+4.28%,-0.03,4,85468,卖盘
14:25:37,213.66,+4.28%,-0.01,28,598248,卖盘
14:25:40,213.61,+4.25%,-0.05,2,42722,卖盘
14:25:43,213.6,+4.25%,-0.01,1,21360,卖盘
14:25:49,213.65,+4.27%,+0.05,2,42730,买盘
14:25:55,213.66,+4.28%,+0.01,4,85464,买盘
14:25:58,213.66,+4.28%,--,0,0,中性盘
14:26:01,213.65,+4.27%,-0.01,1,21365,卖盘
14:26:04,213.65,+4.27%,--,5,106825,卖盘
14:26:07,213.65,+4.27%,--,2,42730,卖盘
14:26:16,213.65,+4.27%,--,0,0,买盘
14:26:22,213.51,+4.20%,-0.14,1,21351,卖盘
14:26:28,213.51,+4.20%,--,6,128106,卖盘
14:26:34,213.63,+4.26%,+0.12,4,85452,买盘
14:26:37,213.5,+4.20%,-0.13,1,21350,卖盘
14:26:43,213.5,+4.20%,--,1,21350,卖盘
14:26:46,213.5,+4.20%,--,0,0,卖盘
14:26:55,213.65,+4.27%,+0.15,4,85460,买盘
14:27:01,213.65,+4.27%,--,0,0,中性盘
14:27:04,213.51,+4.20%,-0.14,2,42702,卖盘
14:27:07,213.51,+4.20%,--,0,0,中性盘
14:27:13,213.52,+4.21%,+0.01,1,21352,卖盘
14:27:16,213.68,+4.29%,+0.16,9,192312,买盘
14:27:19,213.68,+4.29%,--,0,0,买盘
14:27:22,213.61,+4.25%,-0.07,2,42722,卖盘
14:27:25,213.52,+4.21%,-0.09,2,42704,卖盘
14:27:28,213.52,+4.21%,--,0,0,中性盘
14:27:31,213.5,+4.20%,-0.02,9,192150,卖盘
14:27:34,213.5,+4.20%,--,2,42700,卖盘
14:27:34,213.5,+4.20%,--,2,42700,中性盘
14:27:37,213.5,+4.20%,--,14,298900,卖盘
14:27:43,213.5,+4.20%,--,0,0,买盘
14:27:46,213.48,+4.19%,-0.02,1,21348,卖盘
14:27:49,213.4,+4.15%,-0.08,1,21340,卖盘
14:27:52,213.38,+4.14%,-0.02,3,64014,卖盘
14:27:58,213.46,+4.18%,+0.08,1,21346,买盘
14:28:04,213.38,+4.14%,-0.08,4,85352,卖盘
14:28:10,213.38,+4.14%,--,0,0,卖盘
14:28:13,213.39,+4.14%,+0.01,4,85356,卖盘
14:28:19,213.35,+4.12%,-0.04,3,64005,卖盘
14:28:22,213.46,+4.18%,+0.11,22,469612,买盘
14:28:28,213.46,+4.18%,--,0,0,买盘
14:28:31,213.45,+4.17%,-0.01,1,21345,买盘
14:28:34,213.36,+4.13%,-0.09,5,106680,卖盘
14:28:37,213.32,+4.11%,-0.04,1,21332,卖盘
14:28:49,213.45,+4.17%,+0.13,1,21345,买盘
14:28:52,213.45,+4.17%,--,0,0,中性盘
14:28:55,213.44,+4.17%,-0.01,1,21344,买盘
14:29:01,213.46,+4.18%,+0.02,4,85384,买盘
14:29:04,213.33,+4.11%,-0.13,1,21333,卖盘
14:29:16,213.33,+4.11%,--,0,0,卖盘
14:29:19,213.37,+4.13%,+0.04,3,64011,中性盘
14:29:22,213.45,+4.17%,+0.08,1,21345,买盘
14:29:25,213.37,+4.13%,-0.08,1,21337,卖盘
14:29:40,213.38,+4.14%,+0.01,1,21338,卖盘
14:29:49,213.38,+4.14%,--,0,0,中性盘
14:29:55,213.39,+4.14%,+0.01,3,64017,卖盘
14:29:58,213.39,+4.14%,--,1,21339,中性盘
14:30:01,213.38,+4.14%,-0.01,1,21338,卖盘
14:30:04,213.37,+4.13%,-0.01,2,42674,卖盘
14:30:07,213.37,+4.13%,--,6,128022,卖盘
14:30:10,213.38,+4.14%,+0.01,1,21338,中性盘
14:30:13,213.4,+4.15%,+0.02,3,64020,买盘
14:30:19,213.4,+4.15%,--,0,0,中性盘
14:30:22,213.46,+4.18%,+0.06,4,85384,买盘
14:30:25,213.46,+4.18%,--,3,64038,买盘
14:30:28,213.47,+4.18%,+0.01,1,21347,买盘
14:30:31,213.46,+4.18%,-0.01,4,85384,卖盘
14:30:34,213.47,+4.18%,+0.01,3,64041,买盘
14:30:43,213.47,+4.18%,--,8,170776,买盘
14:30:52,213.47,+4.18%,--,2,42694,买盘
14:30:55,213.47,+4.18%,--,1,21347,买盘
14:31:04,213.48,+4.19%,+0.01,3,64044,买盘
14:31:07,213.48,+4.19%,--,2,42696,买盘
14:31:10,213.49,+4.19%,+0.01,2,42698,买盘
14:31:10,213.49,+4.19%,-0.01,2,42698,中性盘
14:31:13,213.48,+4.19%,-0.01,10,213480,卖盘
14:31:16,213.49,+4.19%,+0.01,1,21349,买盘
14:31:19,213.49,+4.19%,--,2,42698,买盘
14:31:22,213.47,+4.18%,-0.02,11,234817,卖盘
14:31:25,213.47,+4.18%,--,1,21347,卖盘
14:31:28,213.38,+4.14%,-0.09,25,533450,卖盘
14:31:31,213.35,+4.12%,-0.03,2,42670,卖盘
14:31:34,213.34,+4.12%,-0.01,2,42668,卖盘
14:31:37,213.33,+4.11%,-0.01,1,21333,卖盘
14:31:40,213.33,+4.11%,--,2,42666,卖盘
14:31:43,213.33,+4.11%,--,11,234663,卖盘
14:31:46,213.33,+4.11%,--,6,127998,卖盘
14:31:49,213.34,+4.12%,+0.01,6,128004,中性盘
14:31:52,213.34,+4.12%,--,2,42668,卖盘
14:31:55,213.33,+4.11%,-0.01,3,63999,卖盘
14:31:58,213.3,+4.10%,-0.03,9,191970,卖盘
14:32:01,213.3,+4.10%,--,14,298620,卖盘
14:32:04,213.28,+4.09%,-0.02,14,298592,卖盘
14:32:07,213.28,+4.09%,--,1,21328,买盘
14:32:10,213.2,+4.05%,-0.08,2,42640,卖盘
14:32:13,213.18,+4.04%,-0.02,6,127908,卖盘
14:32:16,213.2,+4.05%,+0.02,5,106600,买盘
14:32:19,213.16,+4.03%,-0.04,1,21316,卖盘
14:32:22,213.16,+4.03%,--,1,21316,卖盘
14:32:25,213.16,+4.03%,--,5,106580,卖盘
14:32:31,213.2,+4.05%,+0.04,4,85280,买盘
14:32:34,213.17,+4.04%,-0.03,5,106585,中性盘
14:32:40,213.16,+4.03%,-0.01,1,21316,卖盘
14:32:46,213.2,+4.05%,+0.04,11,234520,卖盘
14:32:58,213.2,+4.05%,--,1,21320,中性盘
14:33:01,213.16,+4.03%,-0.04,10,213160,卖盘
14:33:04,213.16,+4.03%,--,2,42632,卖盘
14:33:07,213.2,+4.05%,+0.04,2,42640,买盘
14:33:13,213.18,+4.04%,-0.02,5,106590,卖盘
14:33:16,213.18,+4.04%,--,1,21318,卖盘
14:33:19,213.21,+4.06%,+0.03,1,21321,买盘
14:33:22,213.16,+4.03%,-0.05,3,63948,卖盘
14:33:25,213.16,+4.03%,--,0,0,卖盘
14:33:28,213.2,+4.05%,+0.04,5,106600,卖盘
14:33:31,213.2,+4.05%,--,0,0,中性盘
14:33:34,213.17,+4.04%,-0.03,2,42634,卖盘
14:33:37,213.17,+4.04%,--,0,0,中性盘
14:33:40,213.21,+4.06%,+0.04,3,63963,买盘
14:33:43,213.29,+4.09%,+0.08,3,63987,买盘
14:33:46,213.2,+4.05%,-0.09,1,21320,卖盘
14:33:52,213.29,+4.09%,+0.09,1,21329,买盘
14:33:58,213.29,+4.09%,--,1,21329,中性盘
14:34:01,213.3,+4.10%,+0.01,3,63990,买盘
14:34:04,213.3,+4.10%,--,2,42660,买盘
14:34:07,213.21,+4.06%,-0.09,7,149247,卖盘
14:34:10,213.2,+4.05%,-0.01,2,42640,卖盘
14:34:16,213.18,+4.04%,-0.02,3,63954,卖盘
14:34:19,213.27,+4.08%,+0.09,8,170616,买盘
14:34:22,213.27,+4.08%,--,0,0,买盘
14:34:28,213.18,+4.04%,-0.09,3,63954,卖盘
14:34:31,213.18,+4.04%,--,1,21318,中性盘
14:34:34,213.17,+4.04%,-0.01,2,42634,卖盘
14:34:37,213.27,+4.08%,+0.1,1,21327,买盘
14:34:43,213.18,+4.04%,-0.09,6,127908,中性盘
14:34:43,213.18,+4.04%,--,6,127908,中性盘
14:34:49,213.18,+4.04%,--,9,191862,买盘
14:34:52,213.14,+4.02%,-0.04,15,319710,卖盘
14:34:55,213.28,+4.09%,+0.14,21,447888,买盘
14:34:58,213.28,+4.09%,--,0,0,中性盘
14:35:01,213.1,+4.00%,-0.18,2,42620,卖盘
14:35:04,213.1,+4.00%,--,2,42620,卖盘
14:35:10,213.14,+4.02%,+0.04,2,42628,买盘
14:35:13,213.2,+4.05%,+0.06,2,42640,卖盘
14:35:16,213.16,+4.03%,-0.04,4,85264,卖盘
14:35:22,213.16,+4.03%,--,0,0,中性盘
14:35:25,213.2,+4.05%,+0.04,10,213200,买盘
14:35:28,213.18,+4.04%,-0.02,1,21318,卖盘
14:35:31,213.18,+4.04%,--,0,0,中性盘
14:35:34,213.14,+4.02%,-0.04,2,42628,卖盘
14:35:55,213.14,+4.02%,--,1,21314,卖盘
14:36:04,213.13,+4.02%,-0.01,2,42626,卖盘
14:36:07,213.13,+4.02%,--,0,0,中性盘
14:36:10,213.13,+4.02%,--,2,42626,买盘
14:36:13,213.07,+3.99%,-0.06,14,298298,卖盘
14:36:16,213.1,+4.00%,+0.03,1,21310,买盘
14:36:19,213.11,+4.01%,+0.01,1,21311,买盘
14:36:22,213.1,+4.00%,-0.01,1,21310,卖盘
14:36:25,213.07,+3.99%,-0.03,4,85228,卖盘
14:36:28,213.09,+4.00%,+0.02,10,213090,买盘
14:36:31,213.06,+3.98%,-0.03,3,63918,卖盘
14:36:34,213.03,+3.97%,-0.03,2,42606,卖盘
14:36:37,213.09,+4.00%,+0.06,3,63927,买盘
14:36:43,213.07,+3.99%,-0.02,2,42614,卖盘
14:36:49,213.07,+3.99%,--,1,21307,卖盘
14:36:52,213.07,+3.99%,--,0,0,卖盘
14:36:58,213.11,+4.01%,+0.04,26,554086,买盘
14:37:01,213.08,+3.99%,-0.03,3,63924,卖盘
14:37:07,213.08,+3.99%,--,1,21308,卖盘
14:37:10,213.08,+3.99%,--,0,0,中性盘
14:37:13,213.07,+3.99%,-0.01,6,127842,卖盘
14:37:16,213.08,+3.99%,+0.01,3,63924,卖盘
14:37:22,213.08,+3.99%,--,3,63924,买盘
14:37:28,213.08,+3.99%,--,5,106540,卖盘
14:37:34,213.08,+3.99%,--,2,42616,卖盘
14:37:37,213.08,+3.99%,--,4,85232,卖盘
14:37:40,213.06,+3.98%,-0.02,13,276978,卖盘
14:37:46,213.06,+3.98%,--,0,0,中性盘
14:37:55,213.05,+3.98%,-0.01,2,42610,卖盘
14:38:04,213.06,+3.98%,+0.01,3,63918,中性盘
14:38:07,213.05,+3.98%,-0.01,5,106525,卖盘
14:38:13,213.07,+3.99%,+0.01,5,106535,买盘
14:38:16,213.03,+3.97%,-0.04,1,21303,卖盘
14:38:16,213.03,+3.97%,--,1,21303,中性盘
14:38:25,213.06,+3.98%,+0.03,1,21306,买盘
14:38:28,213.05,+3.98%,-0.01,2,42610,中性盘
14:38:31,213.01,+3.96%,-0.04,15,319515,卖盘
14:38:34,213.05,+3.98%,+0.04,4,85220,买盘
14:38:37,213.05,+3.98%,--,9,191745,卖盘
14:38:40,213.05,+3.98%,--,1,21305,卖盘
14:38:43,213.06,+3.98%,+0.01,2,42612,买盘
14:38:49,213.06,+3.98%,--,1,21306,买盘
14:38:52,213.05,+3.98%,-0.01,51,1086555,卖盘
14:38:58,213.06,+3.98%,+0.01,1,21306,卖盘
14:39:13,213.06,+3.98%,--,2,42612,卖盘
14:39:22,213.06,+3.98%,--,0,0,卖盘
14:39:28,213.08,+3.99%,+0.02,1,21308,买盘
14:39:31,213.08,+3.99%,--,2,42616,买盘
14:39:34,213.08,+3.99%,--,7,149156,买盘
14:39:37,213.1,+4.00%,+0.02,3,63930,买盘
14:39:46,213.11,+4.01%,+0.01,2,42622,买盘
14:39:49,213.11,+4.01%,--,1,21311,买盘
14:39:52,213.11,+4.01%,--,11,234421,买盘
14:39:55,213.1,+4.00%,-0.01,2,42620,卖盘
14:39:58,213.1,+4.00%,--,1,21310,买盘
14:40:01,213.08,+3.99%,-0.02,2,42616,卖盘
14:40:04,213.03,+3.97%,-0.05,21,447363,卖盘
14:40:07,213.0,+3.95%,-0.03,30,639000,卖盘
14:40:10,213.0,+3.95%,--,14,298200,卖盘
14:40:13,213.0,+3.95%,--,4,85200,卖盘
14:40:16,213.01,+3.96%,+0.01,6,127806,买盘
14:40:19,213.01,+3.96%,--,12,255612,买盘
14:40:22,213.0,+3.95%,-0.01,5,106500,卖盘
14:40:31,213.0,+3.95%,-0.01,15,319500,卖盘
14:40:34,213.0,+3.95%,--,27,575100,卖盘
14:40:37,213.01,+3.96%,+0.01,8,170408,买盘
14:40:43,213.01,+3.96%,--,2,42602,卖盘
14:40:46,213.02,+3.96%,+0.01,2,42604,买盘
14:40:49,213.0,+3.95%,-0.02,2,42600,卖盘
14:40:52,213.01,+3.96%,+0.01,4,85204,中性盘
14:40:55,213.02,+3.96%,+0.01,4,85208,中性盘
14:40:58,213.02,+3.96%,--,0,0,买盘
14:41:04,213.0,+3.95%,-0.02,12,255600,卖盘
14:41:07,213.0,+3.95%,--,11,234300,卖盘
14:41:10,213.01,+3.96%,+0.01,2,42602,买盘
14:41:13,213.01,+3.96%,--,6,127806,卖盘
14:41:16,213.02,+3.96%,+0.01,1,21302,中性盘
14:41:19,213.03,+3.97%,+0.01,1,21303,买盘
14:41:28,213.03,+3.97%,--,1,21303,卖盘
14:41:31,213.04,+3.97%,+0.01,2,42608,买盘
14:41:34,213.03,+3.97%,-0.01,2,42606,卖盘
14:41:40,213.03,+3.97%,--,2,42606,中性盘
14:41:43,213.04,+3.97%,+0.01,4,85216,买盘
14:41:52,213.04,+3.97%,--,6,127824,买盘
14:41:55,213.04,+3.97%,--,0,0,买盘
14:41:58,213.0,+3.95%,-0.04,25,532500,卖盘
14:41:58,213.0,+3.95%,--,25,532500,中性盘
14:42:04,212.96,+3.93%,-0.04,1,21296,卖盘
14:42:07,212.95,+3.93%,-0.01,8,170360,卖盘
14:42:10,213.0,+3.95%,+0.05,3,63900,买盘
14:42:22,213.0,+3.95%,+0.01,2,42600,中性盘
14:42:25,213.0,+3.95%,--,0,0,中性盘
14:42:34,212.99,+3.95%,-0.01,8,170392,中性盘
14:42:37,212.99,+3.95%,--,0,0,中性盘
14:42:49,212.99,+3.95%,--,0,0,买盘
14:42:52,212.98,+3.94%,-0.01,2,42596,卖盘
14:42:58,213.0,+3.95%,+0.01,4,85200,买盘
14:43:04,212.98,+3.94%,-0.02,3,63894,卖盘
14:43:07,212.98,+3.94%,--,2,42596,卖盘
14:43:19,213.0,+3.95%,+0.01,3,63900,买盘
14:43:28,213.0,+3.95%,--,5,106500,买盘
14:43:34,212.99,+3.95%,--,5,106495,卖盘
14:43:37,213.0,+3.95%,+0.01,11,234300,买盘
14:43:40,213.0,+3.95%,--,0,0,买盘
14:43:46,212.99,+3.95%,-0.01,1,21299,卖盘
14:43:49,213.0,+3.95%,+0.01,1,21300,买盘
14:43:52,212.99,+3.95%,-0.01,2,42598,卖盘
14:43:55,212.99,+3.95%,--,9,191691,中性盘
14:44:01,212.99,+3.95%,--,2,42598,买盘
14:44:04,212.99,+3.95%,--,5,106495,买盘
14:44:07,212.99,+3.95%,--,7,149093,中性盘
14:44:13,212.98,+3.94%,-0.01,1,21298,卖盘
14:44:16,212.98,+3.94%,--,8,170384,卖盘
14:44:19,212.96,+3.93%,-0.02,25,532400,卖盘
14:44:22,212.96,+3.93%,--,4,85184,卖盘
14:44:25,212.98,+3.94%,+0.02,1,21298,中性盘
14:44:28,212.96,+3.93%,-0.02,1,21296,卖盘
14:44:31,212.96,+3.93%,--,8,170368,卖盘
14:44:34,212.96,+3.93%,--,5,106480,卖盘
14:44:37,212.98,+3.94%,+0.02,5,106490,买盘
14:44:40,212.95,+3.93%,-0.03,1,21295,卖盘
14:44:46,212.95,+3.93%,--,2,42590,卖盘
14:44:52,212.95,+3.93%,--,1,21295,卖盘
14:44:58,212.95,+3.93%,--,8,170360,卖盘
14:45:01,212.95,+3.93%,--,5,106475,卖盘
14:45:04,212.96,+3.93%,+0.01,6,127776,买盘
14:45:07,212.91,+3.91%,-0.05,28,596148,卖盘
14:45:10,212.9,+3.90%,-0.01,4,85160,卖盘
14:45:13,212.89,+3.90%,-0.01,11,234179,卖盘
14:45:16,212.93,+3.92%,+0.04,1,21293,买盘
14:45:19,212.88,+3.89%,-0.05,15,319320,卖盘
14:45:22,212.88,+3.89%,--,5,106440,卖盘
14:45:25,212.89,+3.90%,+0.01,3,63867,中性盘
14:45:28,212.89,+3.90%,--,0,0,中性盘
14:45:31,212.89,+3.90%,--,2,42578,卖盘
14:45:34,212.89,+3.90%,--,7,149023,卖盘
14:45:34,212.89,+3.90%,--,7,149023,中性盘
14:45:37,212.9,+3.90%,+0.01,1,21290,买盘
14:45:40,212.89,+3.90%,-0.01,3,63867,卖盘
14:45:43,212.85,+3.88%,-0.04,18,383130,卖盘
14:45:46,212.8,+3.86%,-0.05,26,553280,卖盘
14:45:49,212.75,+3.83%,-0.05,7,148925,卖盘
14:45:52,212.75,+3.83%,--,7,148925,买盘
14:45:55,212.68,+3.80%,-0.07,8,170144,卖盘
14:45:58,212.66,+3.79%,-0.02,6,127596,卖盘
14:46:01,212.68,+3.80%,+0.02,3,63804,中性盘
14:46:04,212.68,+3.80%,--,6,127608,买盘
14:46:07,212.73,+3.82%,+0.05,3,63819,买盘
14:46:10,212.75,+3.83%,+0.02,5,106375,买盘
14:46:13,212.73,+3.82%,-0.02,3,63819,买盘
14:46:16,212.73,+3.82%,--,0,0,中性盘
14:46:22,212.72,+3.82%,-0.01,4,85088,中性盘
14:46:25,212.7,+3.81%,-0.02,1,21270,卖盘
14:46:31,212.7,+3.81%,--,3,63810,卖盘
14:46:34,212.75,+3.83%,+0.05,13,276575,买盘
14:46:37,212.75,+3.83%,--,1,21275,卖盘
14:46:40,212.76,+3.84%,+0.01,3,63828,买盘
14:46:43,212.78,+3.85%,+0.02,6,127668,卖盘
14:46:46,212.68,+3.80%,-0.1,28,595504,卖盘
14:46:49,212.65,+3.78%,-0.03,8,170120,卖盘
14:46:52,212.67,+3.79%,+0.02,3,63801,买盘
14:46:55,212.79,+3.85%,+0.12,14,297906,买盘
14:46:58,212.8,+3.86%,+0.01,3,63840,买盘
14:47:01,212.79,+3.85%,-0.01,1,21279,买盘
14:47:07,212.79,+3.85%,+0.01,5,106395,买盘
14:47:16,212.8,+3.86%,+0.01,1,21280,买盘
14:47:19,212.67,+3.79%,-0.13,1,21267,卖盘
14:47:22,212.79,+3.85%,+0.12,2,42558,买盘
14:47:25,212.78,+3.85%,-0.01,1,21278,中性盘
14:47:28,212.78,+3.85%,--,2,42556,卖盘
14:47:31,212.78,+3.85%,--,6,127668,卖盘
14:47:34,212.76,+3.84%,-0.02,3,63828,中性盘
14:47:40,212.76,+3.84%,--,1,21276,买盘
14:47:46,212.76,+3.84%,--,0,0,卖盘
14:47:49,212.79,+3.85%,+0.03,4,85116,买盘
14:47:52,212.79,+3.85%,--,6,127674,买盘
14:47:58,212.79,+3.85%,--,1,21279,买盘
14:48:01,212.78,+3.85%,-0.01,3,63834,买盘
14:48:04,212.78,+3.85%,--,4,85112,买盘
14:48:07,212.79,+3.85%,+0.01,6,127674,买盘
14:48:10,212.79,+3.85%,--,2,42558,买盘
14:48:16,212.8,+3.86%,+0.01,8,170240,买盘
14:48:19,212.79,+3.85%,-0.01,2,42558,卖盘
14:48:22,212.81,+3.86%,+0.02,1,21281,买盘
14:48:28,212.82,+3.87%,+0.01,2,42564,买盘
14:48:34,212.82,+3.87%,--,5,106410,买盘
14:48:40,212.85,+3.88%,+0.03,1,21285,买盘
14:48:43,212.87,+3.89%,+0.02,4,85148,买盘
14:48:49,212.87,+3.89%,--,2,42574,买盘
14:48:52,212.87,+3.89%,--,7,149009,买盘
14:48:55,212.89,+3.90%,+0.02,5,106445,买盘
14:48:58,212.88,+3.89%,-0.01,3,63864,卖盘
14:49:01,212.89,+3.90%,+0.01,1,21289,中性盘
14:49:04,212.89,+3.90%,--,39,830271,卖盘
14:49:07,212.9,+3.90%,+0.01,9,191610,买盘
14:49:10,212.9,+3.90%,--,0,0,卖盘
14:49:10,212.9,+3.90%,--,0,0,中性盘
14:49:13,212.93,+3.92%,+0.03,1,21293,买盘
14:49:16,212.94,+3.92%,+0.01,5,106470,买盘
14:49:19,212.94,+3.92%,--,2,42588,买盘
14:49:22,212.95,+3.93%,+0.01,7,149065,买盘
14:49:25,212.93,+3.92%,-0.02,3,63879,卖盘
14:49:28,212.97,+3.94%,+0.04,1,21297,买盘
14:49:31,212.95,+3.93%,-0.02,6,127770,卖盘
14:49:34,213.0,+3.95%,+0.05,16,340800,买盘
14:49:37,213.0,+3.95%,--,3,63900,买盘
14:49:43,213.0,+3.95%,--,2,42600,买盘
14:49:46,213.0,+3.95%,--,1,21300,买盘
14:49:49,212.99,+3.95%,-0.01,13,276887,中性盘
14:49:52,212.98,+3.94%,-0.01,2,42596,中性盘
14:49:55,212.99,+3.95%,+0.01,3,63897,买盘
14:50:01,212.99,+3.95%,--,10,212990,买盘
14:50:04,212.99,+3.95%,--,12,255588,买盘
14:50:07,212.96,+3.93%,-0.03,8,170368,中性盘
14:50:10,212.98,+3.94%,+0.02,2,42596,买盘
14:50:13,212.98,+3.94%,--,2,42596,买盘
14:50:16,212.99,+3.95%,+0.01,12,255588,买盘
14:50:19,212.93,+3.92%,-0.06,3,63879,卖盘
14:50:22,212.98,+3.94%,+0.05,6,127788,卖盘
14:50:25,212.98,+3.94%,--,1,21298,卖盘
14:50:28,212.99,+3.95%,+0.01,1,21299,买盘
14:50:31,212.98,+3.94%,-0.01,2,42596,买盘
14:50:34,212.95,+3.93%,-0.03,25,532375,卖盘
14:50:37,212.99,+3.95%,+0.04,1,21299,买盘
14:50:40,213.0,+3.95%,+0.01,9,191700,买盘
14:50:43,212.98,+3.94%,-0.02,22,468556,中性盘
14:50:46,212.98,+3.94%,--,0,0,买盘
14:50:49,212.98,+3.94%,--,0,0,中性盘
14:50:52,212.96,+3.93%,-0.02,9,191664,卖盘
14:50:55,212.97,+3.94%,+0.01,9,191673,买盘
14:51:01,212.94,+3.92%,-0.03,14,298116,卖盘
14:51:04,212.92,+3.91%,-0.02,13,276796,中性盘
14:51:07,212.87,+3.89%,-0.05,51,1085637,卖盘
14:51:10,212.88,+3.89%,+0.01,13,276744,买盘
14:51:13,212.88,+3.89%,--,1,21288,买盘
14:51:16,212.88,+3.89%,--,0,0,买盘
14:51:19,212.88,+3.89%,--,4,85152,买盘
14:51:22,212.88,+3.89%,--,0,0,中性盘
14:51:25,212.88,+3.89%,--,7,149016,买盘
14:51:28,212.8,+3.86%,-0.08,3,63840,卖盘
14:51:31,212.88,+3.89%,+0.08,1,21288,买盘
14:51:34,212.88,+3.89%,--,10,212880,买盘
14:51:37,212.88,+3.89%,--,3,63864,买盘
14:51:40,212.89,+3.90%,+0.01,5,106445,买盘
14:51:43,212.85,+3.88%,-0.04,2,42570,卖盘
14:51:46,212.88,+3.89%,+0.03,4,85152,买盘
14:51:49,212.88,+3.89%,--,1,21288,中性盘
14:51:52,212.9,+3.90%,+0.02,8,170320,买盘
14:51:55,212.9,+3.90%,--,4,85160,买盘
14:51:58,212.85,+3.88%,-0.05,4,85140,中性盘
14:52:01,212.92,+3.91%,+0.07,15,319380,买盘
14:52:04,212.98,+3.94%,+0.06,16,340768,买盘
14:52:07,213.0,+3.95%,+0.02,7,149100,买盘
14:52:10,213.01,+3.96%,+0.01,21,447321,买盘
14:52:13,213.01,+3.96%,--,2,42602,买盘
14:52:16,213.0,+3.95%,-0.01,3,63900,中性盘
14:52:19,213.01,+3.96%,+0.01,5,106505,买盘
14:52:22,213.01,+3.96%,--,4,85204,卖盘
14:52:28,213.01,+3.96%,--,1,21301,买盘
14:52:31,213.01,+3.96%,--,4,85204,买盘
14:52:34,213.02,+3.96%,+0.01,3,63906,买盘
14:52:37,213.05,+3.98%,+0.03,1,21305,买盘
14:52:40,213.06,+3.98%,+0.01,8,170448,买盘
14:52:43,213.05,+3.98%,-0.01,1,21305,卖盘
14:52:46,213.05,+3.98%,--,6,127830,卖盘
14:52:46,213.05,+3.98%,--,6,127830,中性盘
14:52:49,213.09,+4.00%,+0.04,4,85236,买盘
14:52:52,213.09,+4.00%,--,8,170472,买盘
14:52:55,213.08,+3.99%,-0.01,13,277004,卖盘
14:52:58,213.09,+4.00%,+0.01,3,63927,买盘
14:53:01,213.1,+4.00%,+0.01,6,127860,买盘
14:53:04,213.11,+4.01%,+0.01,11,240601,买盘
14:53:07,213.15,+4.03%,+0.04,7,149205,买盘
14:53:10,213.17,+4.04%,+0.02,2,42634,买盘
14:53:13,213.13,+4.02%,-0.04,11,234443,卖盘
14:53:16,213.18,+4.04%,+0.05,8,170544,买盘
14:53:19,213.17,+4.04%,-0.01,3,63951,买盘
14:53:22,213.15,+4.03%,-0.02,5,106575,卖盘
14:53:25,213.13,+4.02%,-0.02,10,213130,卖盘
14:53:28,213.17,+4.04%,+0.04,6,127902,买盘
14:53:31,213.15,+4.03%,-0.02,15,319725,买盘
14:53:34,213.15,+4.03%,--,26,569324,买盘
14:53:37,213.13,+4.02%,-0.02,14,298382,买盘
14:53:40,213.12,+4.01%,-0.01,5,106560,中性盘
14:53:43,213.15,+4.03%,+0.03,22,475111,买盘
14:53:46,213.15,+4.03%,--,2,42630,卖盘
14:53:49,213.13,+4.02%,-0.02,4,100384,卖盘
14:53:52,213.03,+3.97%,-0.1,19,404757,卖盘
14:53:55,213.11,+4.01%,+0.08,4,85244,买盘
14:53:58,213.12,+4.01%,+0.01,8,170496,买盘
14:54:01,213.12,+4.01%,--,14,298368,中性盘
14:54:04,213.11,+4.01%,-0.01,24,511464,卖盘
14:54:13,213.11,+4.01%,--,5,106555,买盘
14:54:16,213.06,+3.98%,-0.05,12,255672,卖盘
14:54:19,213.13,+4.02%,+0.07,2,42626,中性盘
14:54:22,213.06,+3.98%,-0.07,25,532650,卖盘
14:54:25,213.05,+3.98%,-0.01,14,298270,卖盘
14:54:28,213.12,+4.01%,+0.07,8,170496,买盘
14:54:31,213.13,+4.02%,+0.01,12,255756,买盘
14:54:34,213.13,+4.02%,--,6,127878,买盘
14:54:37,213.11,+4.01%,-0.02,2,42622,卖盘
14:54:40,213.14,+4.02%,+0.03,23,490222,买盘
14:54:43,213.1,+4.00%,-0.04,6,127860,卖盘
14:54:46,213.15,+4.03%,+0.05,10,213150,买盘
14:54:49,213.07,+3.99%,-0.08,4,85228,卖盘
14:54:52,213.1,+4.00%,+0.03,2,42620,买盘
14:54:55,213.1,+4.00%,--,11,234410,买盘
14:54:58,213.08,+3.99%,-0.02,16,340928,卖盘
14:55:01,213.14,+4.02%,+0.06,7,151543,买盘
14:55:04,213.08,+3.99%,-0.06,8,189428,卖盘
14:55:07,213.08,+3.99%,--,37,788396,买盘
14:55:10,213.02,+3.96%,-0.06,5,106510,卖盘
14:55:13,213.08,+3.99%,+0.06,11,234388,买盘
14:55:16,213.09,+4.00%,+0.01,2,47093,买盘
14:55:19,213.03,+3.97%,-0.06,11,234333,卖盘
14:55:22,213.12,+4.01%,+0.09,9,191808,买盘
14:55:28,213.09,+4.00%,-0.03,1,21309,卖盘
14:55:31,213.08,+3.99%,-0.01,5,106540,卖盘
14:55:34,213.08,+3.99%,--,12,255696,中性盘
14:55:37,213.02,+3.96%,-0.06,7,149114,卖盘
14:55:40,213.08,+3.99%,+0.06,6,127848,买盘
14:55:43,213.03,+3.97%,-0.05,5,106515,卖盘
14:55:46,213.09,+4.00%,+0.06,9,191781,买盘
14:55:49,213.03,+3.97%,-0.06,31,660393,卖盘
14:55:52,213.09,+4.00%,+0.06,15,319635,买盘
14:55:55,213.08,+3.99%,-0.01,5,106540,中性盘
14:55:58,213.08,+3.99%,--,0,0,卖盘
14:56:01,213.12,+4.01%,+0.04,10,213120,买盘
14:56:04,213.13,+4.02%,+0.01,18,383634,买盘
14:56:07,213.1,+4.00%,-0.03,27,575370,中性盘
14:56:10,213.13,+4.02%,+0.03,36,767268,买盘
14:56:13,213.13,+4.02%,--,4,85252,买盘
14:56:16,213.15,+4.03%,+0.02,19,404985,买盘
14:56:19,213.13,+4.02%,-0.02,5,106565,中性盘
14:56:22,213.15,+4.03%,+0.02,17,362355,买盘
14:56:22,213.15,+4.03%,--,17,362355,中性盘
14:56:25,213.17,+4.04%,+0.02,27,575559,买盘
14:56:28,213.15,+4.03%,-0.02,16,341040,卖盘
14:56:31,213.13,+4.02%,-0.02,6,127878,卖盘
14:56:34,213.17,+4.04%,+0.04,29,618833,买盘
14:56:37,213.19,+4.05%,+0.02,5,106595,买盘
14:56:40,213.18,+4.04%,-0.01,4,85272,中性盘
14:56:43,213.27,+4.08%,+0.09,5,106635,买盘
14:56:46,213.3,+4.10%,+0.03,12,255960,买盘
14:56:49,213.3,+4.10%,--,1,21330,卖盘
14:56:52,213.3,+4.10%,--,15,319950,卖盘
14:56:55,213.3,+4.10%,--,10,213300,买盘
14:56:58,213.3,+4.10%,--,2,42660,中性盘
14:57:01,213.3,+4.10%,--,5,106650,买盘
14:57:49,213.3,+4.10%,--,0,0,卖盘
14:59:58,213.3,+4.10%,--,0,0,买盘
15:00:01,212.69,+3.80%,-0.61,677,14408046,卖盘
15:00:01,212.69,+3.80%,--,0,0,卖盘
