成交时间,成交价,涨跌幅,价格变动,成交量(手),成交额(元),性质
09:15:03,0.0,-100.00%,--,0,0,中性盘
09:25:03,146.44,-0.77%,--,161,2357684,--
09:25:03,146.44,-0.77%,--,161,2357684,中性盘
09:30:03,147.41,-0.12%,+0.97,73,1076093,买盘
09:30:06,147.41,-0.12%,--,11,170996,卖盘
09:30:09,147.58,0.00%,+0.17,44,649795,买盘
09:30:12,147.58,0.00%,--,14,215467,卖盘
09:30:15,148.19,+0.41%,+0.61,31,459389,买盘
09:30:18,148.06,+0.33%,-0.13,25,370150,卖盘
09:30:21,147.77,+0.13%,-0.29,53,795003,卖盘
09:30:24,147.56,-0.01%,-0.21,64,956189,卖盘
09:30:27,147.58,0.00%,+0.02,7,103306,中性盘
09:30:30,147.51,-0.05%,-0.07,6,88506,卖盘
09:30:33,147.48,-0.07%,-0.03,3,50143,卖盘
09:30:36,147.43,-0.10%,-0.05,15,229991,卖盘
09:30:39,147.41,-0.12%,-0.02,5,73705,卖盘
09:30:42,147.01,-0.39%,-0.4,5,73505,卖盘
09:30:51,147.38,-0.14%,+0.38,1,14738,买盘
09:30:54,147.92,+0.23%,+0.54,75,1115317,买盘
09:30:57,147.72,+0.09%,-0.2,27,398844,中性盘
09:31:00,147.38,-0.14%,-0.34,37,545306,卖盘
09:31:03,147.68,+0.07%,+0.3,2,29536,中性盘
09:31:06,147.69,+0.07%,+0.01,12,177228,买盘
09:31:09,148.0,+0.28%,+0.31,36,532800,买盘
09:31:12,148.0,+0.28%,--,8,118400,卖盘
09:31:15,148.04,+0.31%,+0.04,12,177648,买盘
09:31:18,148.0,+0.28%,-0.04,15,222000,卖盘
09:31:21,147.68,+0.07%,-0.32,29,428272,卖盘
09:31:24,147.95,+0.25%,+0.27,14,207130,买盘
09:31:27,147.83,+0.17%,-0.12,9,133047,中性盘
09:31:30,147.65,+0.05%,-0.18,2,29530,中性盘
09:31:33,147.83,+0.17%,+0.18,8,118264,买盘
09:31:36,147.6,+0.01%,-0.23,3,44280,卖盘
09:31:39,147.63,+0.03%,+0.03,5,73815,中性盘
09:31:42,147.7,+0.08%,+0.07,1,14770,买盘
09:31:45,147.5,-0.05%,-0.2,7,103250,卖盘
09:31:48,147.53,-0.03%,+0.03,20,295060,中性盘
09:31:54,147.33,-0.17%,-0.2,11,162063,中性盘
09:31:57,147.01,-0.39%,-0.32,16,235216,卖盘
09:32:00,147.0,-0.39%,-0.01,3,44100,卖盘
09:32:03,147.26,-0.22%,+0.26,4,58904,买盘
09:32:06,147.41,-0.12%,+0.15,17,250597,买盘
09:32:09,147.06,-0.35%,-0.35,15,220590,卖盘
09:32:15,147.17,-0.28%,+0.11,1,14717,中性盘
09:32:18,147.17,-0.28%,--,1,14717,买盘
09:32:21,147.0,-0.39%,-0.17,18,264600,卖盘
09:32:24,146.94,-0.43%,-0.06,4,58776,卖盘
09:32:27,147.01,-0.39%,+0.07,1,14701,买盘
09:32:30,146.94,-0.43%,-0.07,1,14694,中性盘
09:32:33,146.81,-0.52%,-0.13,31,455111,卖盘
09:32:36,147.13,-0.30%,+0.32,16,235408,买盘
09:32:39,147.13,-0.30%,--,3,44139,买盘
09:32:42,147.3,-0.19%,+0.17,8,117840,买盘
09:32:45,147.14,-0.30%,-0.16,2,29428,中性盘
09:32:48,147.41,-0.12%,+0.27,2,29482,买盘
09:32:51,147.3,-0.19%,-0.11,4,58920,中性盘
09:32:57,147.08,-0.34%,-0.22,18,273569,卖盘
09:33:03,147.36,-0.15%,+0.28,12,176832,中性盘
09:33:06,147.35,-0.16%,-0.01,5,73675,中性盘
09:33:09,147.48,-0.07%,+0.13,26,383448,买盘
09:33:12,147.62,+0.03%,+0.14,3,44286,中性盘
09:33:15,147.35,-0.16%,-0.27,15,221025,卖盘
09:33:18,147.42,-0.11%,+0.07,7,103194,中性盘
09:33:21,147.61,+0.02%,+0.19,1,14761,买盘
09:33:24,147.61,+0.02%,--,1,14761,买盘
09:33:27,147.61,+0.02%,--,2,29522,买盘
09:33:30,147.61,+0.02%,--,3,44283,中性盘
09:33:33,147.45,-0.09%,-0.16,2,29490,中性盘
09:33:36,147.22,-0.24%,-0.23,30,441660,卖盘
09:33:39,147.35,-0.16%,+0.13,12,176820,买盘
09:33:42,147.3,-0.19%,-0.05,5,73650,中性盘
09:33:45,147.12,-0.31%,-0.18,1,14712,卖盘
09:33:48,147.37,-0.14%,+0.25,1,14737,买盘
09:33:48,147.37,-0.14%,--,1,14737,中性盘
09:33:48,147.37,-0.14%,--,1,14737,买盘
09:33:51,147.13,-0.30%,-0.24,3,44139,卖盘
09:33:54,147.37,-0.14%,+0.24,3,44211,买盘
09:33:57,147.37,-0.14%,--,2,29474,买盘
09:34:03,147.29,-0.20%,-0.08,4,58916,中性盘
09:34:06,147.11,-0.32%,-0.18,17,255971,卖盘
09:34:09,147.12,-0.31%,+0.01,8,117696,买盘
09:34:12,147.13,-0.30%,+0.01,2,29426,买盘
09:34:15,147.3,-0.19%,+0.17,14,206220,买盘
09:34:18,147.35,-0.16%,+0.05,5,73675,买盘
09:34:21,147.37,-0.14%,+0.02,1,14737,中性盘
09:34:27,147.38,-0.14%,+0.01,2,29476,中性盘
09:34:30,147.15,-0.29%,-0.23,12,176580,卖盘
09:34:36,147.29,-0.20%,+0.14,1,14729,买盘
09:34:39,147.54,-0.03%,+0.25,1,14754,中性盘
09:34:42,147.14,-0.30%,-0.4,32,470848,卖盘
09:34:48,147.56,-0.01%,+0.42,1,14756,买盘
09:34:57,147.56,-0.01%,--,2,29512,买盘
09:35:03,147.57,-0.01%,+0.01,6,88542,买盘
09:35:06,147.25,-0.22%,-0.32,27,397575,卖盘
09:35:09,147.01,-0.39%,-0.24,26,382226,卖盘
09:35:12,146.83,-0.51%,-0.18,16,234928,卖盘
09:35:15,147.0,-0.39%,+0.17,4,58800,买盘
09:35:18,146.71,-0.59%,-0.29,14,205394,卖盘
09:35:21,146.71,-0.59%,--,2,29342,中性盘
09:35:24,146.51,-0.73%,-0.2,13,190463,卖盘
09:35:27,146.53,-0.71%,+0.02,22,322366,中性盘
09:35:30,146.62,-0.65%,+0.09,2,29324,买盘
09:35:33,146.83,-0.51%,+0.21,39,572637,买盘
09:35:36,147.0,-0.39%,+0.17,9,132300,买盘
09:35:39,146.78,-0.54%,-0.22,12,176136,卖盘
09:35:42,146.84,-0.50%,+0.06,1,14684,买盘
09:35:45,146.99,-0.40%,+0.15,20,293980,买盘
09:35:54,146.64,-0.64%,-0.35,7,102648,卖盘
09:35:57,146.65,-0.63%,+0.01,1,14665,买盘
09:36:00,146.65,-0.63%,--,6,87990,买盘
09:36:03,146.62,-0.65%,-0.03,6,87972,卖盘
09:36:06,146.61,-0.66%,-0.01,3,43983,中性盘
09:36:09,146.52,-0.72%,-0.09,21,307692,卖盘
09:36:12,146.69,-0.60%,+0.17,83,1217527,买盘
09:36:15,146.62,-0.65%,-0.07,23,337226,卖盘
09:36:18,146.77,-0.55%,+0.15,14,205478,买盘
09:36:21,146.82,-0.51%,+0.05,14,205548,中性盘
09:36:24,146.63,-0.64%,-0.19,8,117304,卖盘
09:36:33,146.56,-0.69%,-0.07,8,117248,卖盘
09:36:36,146.63,-0.64%,+0.07,2,29326,买盘
09:36:39,146.61,-0.66%,-0.02,13,190593,买盘
09:36:45,146.59,-0.67%,-0.02,2,29318,中性盘
09:36:48,146.69,-0.60%,+0.1,82,1202858,买盘
09:36:51,146.67,-0.62%,-0.02,21,308007,卖盘
09:36:54,146.83,-0.51%,+0.16,6,88098,买盘
09:36:57,146.83,-0.51%,--,7,102781,买盘
09:37:00,146.83,-0.51%,--,1,14683,卖盘
09:37:03,146.96,-0.42%,+0.13,8,117568,买盘
09:37:06,147.16,-0.28%,+0.2,40,588640,买盘
09:37:09,147.14,-0.30%,-0.02,4,58856,中性盘
09:37:12,147.15,-0.29%,+0.01,5,73575,中性盘
09:37:18,147.41,-0.12%,+0.26,5,73705,买盘
09:37:27,147.39,-0.13%,-0.02,13,191607,买盘
09:37:30,147.4,-0.12%,+0.01,4,58960,买盘
09:37:33,147.39,-0.13%,-0.01,2,29478,卖盘
09:37:36,147.55,-0.02%,+0.16,33,486915,买盘
09:37:39,147.54,-0.03%,-0.01,19,280326,卖盘
09:37:42,147.54,-0.03%,--,2,29508,卖盘
09:37:45,147.6,+0.01%,+0.06,2,29520,买盘
09:37:51,147.63,+0.03%,+0.03,11,162393,买盘
09:37:54,147.65,+0.05%,+0.02,1,14765,买盘
09:37:57,147.83,+0.17%,+0.18,38,561754,买盘
09:38:00,147.74,+0.11%,-0.09,3,44322,卖盘
09:38:03,147.66,+0.05%,-0.08,10,147660,卖盘
09:38:06,147.74,+0.11%,+0.08,2,29548,中性盘
09:38:09,147.83,+0.17%,+0.09,10,147830,买盘
09:38:09,147.83,+0.17%,--,10,147830,中性盘
09:38:12,147.89,+0.21%,+0.06,1,14789,中性盘
09:38:15,147.89,+0.21%,--,4,59156,卖盘
09:38:18,147.98,+0.27%,+0.09,23,340354,买盘
09:38:21,147.94,+0.24%,-0.04,4,59176,中性盘
09:38:24,147.97,+0.26%,+0.03,1,14797,买盘
09:38:27,147.98,+0.27%,+0.01,9,133182,买盘
09:38:30,148.01,+0.29%,+0.03,16,236816,买盘
09:38:33,148.01,+0.29%,--,2,29602,卖盘
09:38:36,148.11,+0.36%,+0.1,4,59244,买盘
09:38:42,148.05,+0.32%,-0.06,10,148050,中性盘
09:38:45,148.27,+0.47%,+0.22,11,163097,买盘
09:38:48,148.17,+0.40%,-0.1,4,59268,卖盘
09:38:54,148.28,+0.47%,+0.11,8,118624,买盘
09:38:57,148.37,+0.54%,+0.09,2,29674,买盘
09:39:00,148.23,+0.44%,-0.14,4,67593,卖盘
09:39:03,148.38,+0.54%,+0.15,8,118704,买盘
09:39:06,148.3,+0.49%,-0.08,5,74150,中性盘
09:39:09,148.02,+0.30%,-0.28,57,846526,卖盘
09:39:12,148.37,+0.54%,+0.35,12,178044,中性盘
09:39:15,148.4,+0.56%,+0.03,8,118720,买盘
09:39:18,148.04,+0.31%,-0.36,28,414512,卖盘
09:39:21,148.3,+0.49%,+0.26,5,74150,买盘
09:39:24,148.4,+0.56%,+0.1,5,74200,买盘
09:39:30,148.03,+0.30%,-0.37,1,14803,卖盘
09:39:33,148.39,+0.55%,+0.36,6,89034,买盘
09:39:36,148.36,+0.53%,-0.03,2,29672,中性盘
09:39:39,148.49,+0.62%,+0.13,66,980034,买盘
09:39:42,148.59,+0.68%,+0.1,62,935968,买盘
09:39:45,148.5,+0.62%,-0.09,11,163350,卖盘
09:39:48,148.65,+0.73%,+0.15,2,29730,买盘
09:39:51,148.8,+0.83%,+0.15,23,342240,买盘
09:39:54,148.8,+0.83%,--,4,59520,卖盘
09:39:57,148.88,+0.88%,+0.08,11,163768,买盘
09:40:00,148.8,+0.83%,-0.08,3,44640,卖盘
09:40:03,148.83,+0.85%,+0.03,4,59532,中性盘
09:40:06,148.68,+0.75%,-0.15,21,312228,卖盘
09:40:09,148.78,+0.81%,+0.1,60,892680,买盘
09:40:12,148.8,+0.83%,+0.02,9,133920,买盘
09:40:15,148.95,+0.93%,+0.15,47,700065,买盘
09:40:18,148.96,+0.94%,+0.01,16,238336,中性盘
09:40:21,148.81,+0.83%,-0.15,22,327382,卖盘
09:40:24,149.0,+0.96%,+0.19,32,476800,买盘
09:40:27,148.78,+0.81%,-0.22,14,208292,卖盘
09:40:30,148.68,+0.75%,-0.1,19,282492,卖盘
09:40:33,148.7,+0.76%,+0.02,2,29740,买盘
09:40:36,148.51,+0.63%,-0.19,2,29702,卖盘
09:40:39,148.92,+0.91%,+0.41,11,163812,买盘
09:40:42,148.68,+0.75%,-0.24,3,44604,中性盘
09:40:45,148.75,+0.79%,+0.07,8,119000,中性盘
09:40:48,148.51,+0.63%,-0.24,3,44553,卖盘
09:40:51,148.78,+0.81%,+0.27,15,223170,中性盘
09:40:54,148.68,+0.75%,-0.1,10,148680,卖盘
09:40:57,148.66,+0.73%,-0.02,2,29732,中性盘
09:41:00,148.66,+0.73%,--,2,29732,买盘
09:41:03,148.66,+0.73%,--,8,118928,买盘
09:41:06,148.67,+0.74%,+0.01,5,74335,买盘
09:41:09,148.68,+0.75%,+0.01,1,14868,卖盘
09:41:12,148.65,+0.73%,-0.03,7,104055,卖盘
09:41:15,148.75,+0.79%,+0.1,40,595000,买盘
09:41:18,148.68,+0.75%,-0.07,14,208152,中性盘
09:41:27,148.68,+0.75%,--,2,29736,中性盘
09:41:30,148.65,+0.73%,-0.03,9,133785,卖盘
09:41:33,148.65,+0.73%,--,2,29730,卖盘
09:41:36,148.66,+0.73%,+0.01,5,74330,中性盘
09:41:39,148.66,+0.73%,--,1,14866,卖盘
09:41:42,148.65,+0.73%,-0.01,2,29730,卖盘
09:41:45,148.66,+0.73%,+0.01,27,401382,卖盘
09:41:48,148.38,+0.54%,-0.28,13,192894,卖盘
09:41:51,148.0,+0.28%,-0.38,12,177600,卖盘
09:41:57,147.94,+0.24%,-0.06,8,118352,卖盘
09:42:00,147.97,+0.26%,+0.03,5,73985,买盘
09:42:06,147.75,+0.12%,-0.22,11,162525,卖盘
09:42:09,147.83,+0.17%,+0.08,1,14783,中性盘
09:42:12,147.71,+0.09%,-0.12,8,118168,中性盘
09:42:15,147.55,-0.02%,-0.16,26,383630,卖盘
09:42:18,147.6,+0.01%,+0.05,4,59040,买盘
09:42:21,147.39,-0.13%,-0.21,2,29478,卖盘
09:42:24,147.6,+0.01%,+0.21,2,29520,买盘
09:42:27,147.32,-0.18%,-0.28,8,117856,中性盘
09:42:30,147.31,-0.18%,-0.01,3,44193,卖盘
09:42:33,147.42,-0.11%,+0.11,5,73710,买盘
09:42:33,147.42,-0.11%,--,5,73710,中性盘
09:42:36,147.39,-0.13%,-0.03,27,397953,卖盘
09:42:42,147.5,-0.05%,+0.11,2,29500,中性盘
09:42:45,147.59,+0.01%,+0.09,9,132831,买盘
09:42:48,147.46,-0.08%,-0.13,3,44238,中性盘
09:42:51,147.59,+0.01%,+0.13,8,118072,买盘
09:42:54,147.4,-0.12%,-0.19,12,176880,卖盘
09:42:57,147.61,+0.02%,+0.21,21,309981,买盘
09:43:06,147.43,-0.10%,-0.18,3,44229,中性盘
09:43:09,147.6,+0.01%,+0.17,7,103320,中性盘
09:43:15,147.64,+0.04%,+0.04,1,14764,中性盘
09:43:18,147.5,-0.05%,-0.14,4,59000,卖盘
09:43:21,147.48,-0.07%,-0.02,2,29496,卖盘
09:43:24,147.65,+0.05%,+0.17,51,753015,买盘
09:43:27,147.65,+0.05%,--,3,44295,卖盘
09:43:33,147.65,+0.05%,--,37,546305,卖盘
09:43:36,147.72,+0.09%,+0.07,2,29544,中性盘
09:43:39,147.65,+0.05%,-0.07,11,162415,中性盘
09:43:42,147.83,+0.17%,+0.18,2,29566,买盘
09:43:45,147.83,+0.17%,--,1,14783,买盘
09:43:48,147.97,+0.26%,+0.14,8,118376,买盘
09:43:51,148.0,+0.28%,+0.03,46,680800,买盘
09:43:54,148.25,+0.45%,+0.25,7,103775,买盘
09:43:57,148.25,+0.45%,--,1,14825,买盘
09:44:06,147.93,+0.24%,-0.32,9,133137,卖盘
09:44:09,147.93,+0.24%,--,13,192309,卖盘
09:44:12,147.89,+0.21%,-0.04,5,73945,卖盘
09:44:15,147.84,+0.18%,-0.05,1,14784,卖盘
09:44:18,148.0,+0.28%,+0.16,37,547600,买盘
09:44:21,147.99,+0.28%,-0.01,7,103593,买盘
09:44:24,147.84,+0.18%,-0.15,1,14784,中性盘
09:44:33,147.84,+0.18%,--,1,14784,买盘
09:44:36,147.84,+0.18%,--,2,29568,卖盘
09:44:39,147.72,+0.09%,-0.12,1,14772,卖盘
09:44:42,147.67,+0.06%,-0.05,2,29534,中性盘
09:44:45,147.84,+0.18%,+0.17,1,14784,卖盘
09:44:48,147.67,+0.06%,-0.17,1,14767,卖盘
09:44:51,147.67,+0.06%,--,2,29534,卖盘
09:44:54,147.65,+0.05%,-0.02,4,59060,卖盘
09:44:57,147.55,-0.02%,-0.1,8,118040,卖盘
09:45:03,147.65,+0.05%,+0.1,1,14765,中性盘
09:45:06,147.51,-0.05%,-0.14,4,59004,卖盘
09:45:09,147.56,-0.01%,+0.05,2,29512,卖盘
09:45:12,147.51,-0.05%,-0.05,1,14751,卖盘
09:45:15,147.44,-0.09%,-0.07,27,398088,卖盘
09:45:18,147.5,-0.05%,+0.06,5,73750,中性盘
09:45:21,147.6,+0.01%,+0.1,3,44428,买盘
09:45:24,147.58,0.00%,-0.02,3,44274,卖盘
09:45:27,147.58,0.00%,--,12,177096,卖盘
09:45:33,147.58,0.00%,--,1,14758,买盘
09:45:36,147.8,+0.15%,+0.22,2,29560,买盘
09:45:39,147.6,+0.01%,-0.2,1,14760,中性盘
09:45:42,147.57,-0.01%,-0.03,4,59028,卖盘
09:45:45,147.58,0.00%,+0.01,2,29516,买盘
09:45:57,147.6,+0.01%,+0.02,1,14760,中性盘
09:46:03,147.61,+0.02%,+0.01,3,44283,卖盘
09:46:06,147.61,+0.02%,--,1,14761,卖盘
09:46:09,147.8,+0.15%,+0.19,10,147800,买盘
09:46:12,147.61,+0.02%,-0.19,47,693767,卖盘
09:46:21,147.83,+0.17%,+0.22,1,14783,买盘
09:46:24,147.79,+0.14%,-0.04,8,124144,中性盘
09:46:27,148.0,+0.28%,+0.21,1,14800,买盘
09:46:30,148.0,+0.28%,--,12,177600,买盘
09:46:33,148.0,+0.28%,--,1,14800,卖盘
09:46:36,148.0,+0.28%,--,1,14800,中性盘
09:46:39,148.03,+0.30%,+0.03,15,222045,买盘
09:46:42,147.79,+0.14%,-0.24,2,29558,中性盘
09:46:45,147.7,+0.08%,-0.09,9,132930,卖盘
09:46:48,148.0,+0.28%,+0.3,2,29600,买盘
09:46:48,148.0,+0.28%,-0.21,2,29600,中性盘
09:46:57,147.79,+0.14%,-0.21,2,29558,中性盘
09:47:00,148.0,+0.28%,+0.21,2,29600,买盘
09:47:03,148.0,+0.28%,--,4,59200,中性盘
09:47:09,147.99,+0.28%,-0.01,4,59196,中性盘
09:47:12,147.87,+0.20%,-0.12,1,14787,卖盘
09:47:15,147.71,+0.09%,-0.16,12,177252,卖盘
09:47:18,147.71,+0.09%,--,3,44313,卖盘
09:47:21,147.58,0.00%,-0.13,11,162338,卖盘
09:47:24,147.61,+0.02%,+0.03,2,29522,买盘
09:47:33,147.5,-0.05%,-0.11,1,14750,卖盘
09:47:36,147.5,-0.05%,--,1,14750,卖盘
09:47:39,147.5,-0.05%,--,10,147500,卖盘
09:47:42,147.7,+0.08%,+0.2,18,265860,买盘
09:47:45,147.77,+0.13%,+0.07,5,73885,中性盘
09:47:57,147.41,-0.12%,-0.36,26,383266,卖盘
09:48:00,147.3,-0.19%,-0.11,4,58920,卖盘
09:48:03,147.3,-0.19%,--,3,44190,卖盘
09:48:06,147.23,-0.24%,-0.07,13,191399,卖盘
09:48:09,147.37,-0.14%,+0.14,29,427373,买盘
09:48:12,147.35,-0.16%,-0.02,1,14735,买盘
09:48:18,147.03,-0.37%,-0.32,1,14703,卖盘
09:48:24,147.01,-0.39%,-0.02,10,147010,卖盘
09:48:27,147.0,-0.39%,-0.01,6,88200,卖盘
09:48:36,147.0,-0.39%,-0.03,5,73500,卖盘
09:48:39,147.0,-0.39%,--,3,44100,卖盘
09:48:42,147.0,-0.39%,--,1,14700,卖盘
09:48:48,147.0,-0.39%,--,10,147000,中性盘
09:48:51,147.03,-0.37%,+0.03,1,14703,买盘
09:48:54,147.34,-0.16%,+0.31,1,14734,买盘
09:48:57,147.0,-0.39%,-0.34,1,14700,卖盘
09:49:06,147.0,-0.39%,--,18,264600,卖盘
09:49:09,147.34,-0.16%,+0.34,4,58936,买盘
09:49:12,147.2,-0.26%,-0.14,1,14720,买盘
09:49:15,147.07,-0.35%,-0.13,3,44121,卖盘
09:49:18,147.07,-0.35%,--,2,29414,买盘
09:49:21,147.07,-0.35%,--,4,58828,买盘
09:49:24,147.07,-0.35%,--,3,44121,卖盘
09:49:27,147.08,-0.34%,+0.01,2,29416,中性盘
09:49:33,147.03,-0.37%,-0.05,3,44109,卖盘
09:49:51,147.13,-0.30%,+0.1,1,14713,中性盘
09:49:54,147.06,-0.35%,-0.07,4,58824,卖盘
09:49:57,147.27,-0.21%,+0.21,1,14727,中性盘
09:50:00,147.14,-0.30%,-0.13,6,88284,卖盘
09:50:03,147.33,-0.17%,+0.19,17,259301,买盘
09:50:06,147.27,-0.21%,-0.06,5,79526,卖盘
09:50:09,147.36,-0.15%,+0.09,13,203652,买盘
09:50:15,147.45,-0.09%,+0.09,2,29490,买盘
09:50:18,147.41,-0.12%,-0.04,4,58964,卖盘
09:50:21,147.52,-0.04%,+0.11,4,59008,买盘
09:50:24,147.52,-0.04%,--,4,59008,中性盘
09:50:27,147.41,-0.12%,-0.11,13,191633,卖盘
09:50:30,147.38,-0.14%,-0.03,24,353712,卖盘
09:50:33,147.38,-0.14%,--,1,14738,买盘
09:50:36,147.52,-0.04%,+0.14,5,73760,买盘
09:50:45,147.32,-0.18%,-0.2,3,44196,中性盘
09:50:57,147.26,-0.22%,-0.06,2,29452,中性盘
09:51:06,147.32,-0.18%,+0.06,2,29464,中性盘
09:51:12,147.32,-0.18%,--,7,103124,买盘
09:51:15,147.43,-0.10%,+0.11,9,132687,买盘
09:51:18,147.58,0.00%,+0.15,6,88548,买盘
09:51:18,147.58,0.00%,--,6,88548,中性盘
09:51:18,147.58,0.00%,--,6,88548,买盘
09:51:24,147.52,-0.04%,-0.06,5,73760,中性盘
09:51:39,147.57,-0.01%,+0.05,4,59028,中性盘
09:51:51,147.57,-0.01%,--,0,11806,买盘
09:51:54,147.52,-0.04%,-0.05,1,14752,卖盘
09:51:57,147.58,0.00%,+0.06,8,118064,买盘
09:52:00,147.76,+0.12%,+0.18,14,206864,买盘
09:52:03,147.78,+0.14%,+0.02,11,162558,买盘
09:52:06,147.77,+0.13%,-0.01,2,29554,卖盘
09:52:09,147.77,+0.13%,--,4,59108,卖盘
09:52:18,147.77,+0.13%,--,23,339871,卖盘
09:52:21,147.94,+0.24%,+0.17,20,295880,买盘
09:52:24,147.66,+0.05%,-0.28,22,324852,卖盘
09:52:27,147.66,+0.05%,--,3,44298,卖盘
09:52:33,147.66,+0.05%,-0.27,3,44298,中性盘
09:52:36,147.93,+0.24%,+0.27,1,14793,买盘
09:52:39,147.58,0.00%,-0.35,9,132822,卖盘
09:52:42,147.93,+0.24%,+0.35,2,29586,买盘
09:52:51,147.75,+0.12%,-0.18,1,14775,卖盘
09:52:57,147.75,+0.12%,--,1,14775,中性盘
09:53:00,147.84,+0.18%,+0.09,1,14784,买盘
09:53:06,147.93,+0.24%,+0.09,4,59172,买盘
09:53:12,147.91,+0.22%,-0.02,1,14791,中性盘
09:53:15,147.92,+0.23%,+0.01,10,147920,买盘
09:53:18,147.67,+0.06%,-0.25,1,14767,卖盘
09:53:24,147.9,+0.22%,+0.23,5,73950,买盘
09:53:30,147.91,+0.22%,+0.01,3,44373,中性盘
09:53:33,148.01,+0.29%,+0.1,30,444030,买盘
09:53:39,148.18,+0.41%,+0.17,10,148180,买盘
09:53:42,148.01,+0.29%,-0.17,14,207214,卖盘
09:53:45,148.17,+0.40%,+0.16,12,177804,中性盘
09:53:48,148.17,+0.40%,--,12,177804,买盘
09:53:51,148.19,+0.41%,+0.02,3,44457,中性盘
09:53:57,148.25,+0.45%,+0.06,1,14825,买盘
09:54:00,148.24,+0.45%,-0.01,1,14824,中性盘
09:54:06,148.2,+0.42%,-0.04,3,44460,中性盘
09:54:09,148.24,+0.45%,+0.04,1,14824,买盘
09:54:12,148.38,+0.54%,+0.14,13,192894,买盘
09:54:18,148.56,+0.66%,+0.18,3,44568,买盘
09:54:24,148.3,+0.49%,-0.26,18,266940,卖盘
09:54:30,148.28,+0.47%,-0.02,2,29656,卖盘
09:54:33,148.36,+0.53%,+0.08,3,44508,买盘
09:54:36,148.29,+0.48%,-0.07,6,88974,买盘
09:54:39,148.28,+0.47%,-0.01,5,74140,中性盘
09:54:42,148.11,+0.36%,-0.17,3,44433,卖盘
09:54:45,148.21,+0.43%,+0.1,2,29642,买盘
09:54:48,148.01,+0.29%,-0.2,3,44403,卖盘
09:54:51,148.21,+0.43%,+0.2,1,14821,中性盘
09:54:54,148.01,+0.29%,-0.2,2,29602,卖盘
09:54:57,148.29,+0.48%,+0.28,5,74145,买盘
09:55:00,148.29,+0.48%,--,9,133461,买盘
09:55:03,148.41,+0.56%,+0.12,6,89046,买盘
09:55:06,148.5,+0.62%,+0.09,3,44550,买盘
09:55:09,148.38,+0.54%,-0.12,5,74190,买盘
09:55:12,148.5,+0.62%,+0.12,5,74250,买盘
09:55:15,148.53,+0.64%,+0.03,4,59412,买盘
09:55:18,148.56,+0.66%,+0.03,5,74280,买盘
09:55:21,148.41,+0.56%,-0.15,6,89046,买盘
09:55:24,148.3,+0.49%,-0.11,1,14830,中性盘
09:55:27,148.37,+0.54%,+0.07,10,148370,中性盘
09:55:30,148.41,+0.56%,+0.04,6,89046,卖盘
09:55:33,148.41,+0.56%,--,3,44523,卖盘
09:55:36,148.41,+0.56%,--,7,103887,卖盘
09:55:39,148.49,+0.62%,+0.08,6,89094,买盘
09:55:39,148.49,+0.62%,-0.08,6,89094,中性盘
09:55:42,148.41,+0.56%,-0.08,4,59364,卖盘
09:55:45,148.41,+0.56%,--,3,44523,中性盘
09:55:48,148.41,+0.56%,--,5,74205,卖盘
09:55:51,148.42,+0.57%,+0.01,3,44526,中性盘
09:55:54,148.74,+0.79%,+0.32,33,490842,买盘
09:55:57,148.75,+0.79%,+0.01,39,580125,买盘
09:56:00,148.74,+0.79%,-0.01,9,133866,卖盘
09:56:03,148.88,+0.88%,+0.14,21,312648,中性盘
09:56:06,148.88,+0.88%,--,8,119104,买盘
09:56:09,148.88,+0.88%,--,10,148880,中性盘
09:56:12,148.54,+0.65%,-0.34,5,74270,卖盘
09:56:15,148.54,+0.65%,--,1,14854,中性盘
09:56:18,148.69,+0.75%,+0.15,4,59476,中性盘
09:56:21,148.89,+0.89%,+0.2,12,178668,买盘
09:56:24,148.69,+0.75%,-0.2,2,29738,卖盘
09:56:27,148.64,+0.72%,-0.05,4,59456,卖盘
09:56:30,148.69,+0.75%,+0.05,2,29738,买盘
09:56:33,148.5,+0.62%,-0.19,3,44550,卖盘
09:56:36,148.5,+0.62%,--,1,14850,卖盘
09:56:39,148.74,+0.79%,+0.24,13,193362,买盘
09:56:42,148.83,+0.85%,+0.09,3,44649,买盘
09:56:45,148.6,+0.69%,-0.23,11,163460,中性盘
09:56:48,148.83,+0.85%,+0.23,7,104181,中性盘
09:56:51,148.83,+0.85%,--,6,89298,卖盘
09:56:57,148.78,+0.81%,-0.05,2,29756,中性盘
09:57:00,148.72,+0.77%,-0.06,1,14872,卖盘
09:57:03,148.8,+0.83%,+0.08,2,29760,买盘
09:57:06,148.85,+0.86%,+0.05,19,282815,买盘
09:57:09,148.9,+0.89%,+0.05,44,655160,买盘
09:57:12,148.95,+0.93%,+0.05,15,229383,买盘
09:57:15,148.9,+0.89%,-0.05,13,202504,卖盘
09:57:18,148.69,+0.75%,-0.21,58,862402,卖盘
09:57:21,148.68,+0.75%,-0.01,12,178416,卖盘
09:57:24,148.6,+0.69%,-0.08,14,208040,卖盘
09:57:27,148.63,+0.71%,+0.03,1,14863,买盘
09:57:30,148.51,+0.63%,-0.12,13,193063,卖盘
09:57:33,148.51,+0.63%,--,2,29702,卖盘
09:57:36,148.42,+0.57%,-0.09,19,281998,卖盘
09:57:39,148.46,+0.60%,+0.04,1,14846,买盘
09:57:42,148.45,+0.59%,-0.01,11,163295,买盘
09:57:48,148.16,+0.39%,-0.29,2,29632,卖盘
09:57:51,148.16,+0.39%,--,1,14816,中性盘
09:57:54,148.16,+0.39%,--,3,44448,买盘
09:58:00,148.01,+0.29%,-0.15,10,148010,卖盘
09:58:03,148.02,+0.30%,+0.01,2,29604,中性盘
09:58:06,148.01,+0.29%,-0.01,13,192413,卖盘
09:58:09,148.33,+0.51%,+0.32,1,14833,中性盘
09:58:12,148.04,+0.31%,-0.29,96,1421184,中性盘
09:58:15,148.34,+0.51%,+0.3,2,29668,中性盘
09:58:18,148.52,+0.64%,+0.18,26,386152,买盘
09:58:21,148.63,+0.71%,+0.11,4,59452,买盘
09:58:24,148.59,+0.68%,-0.04,9,133731,卖盘
09:58:27,148.71,+0.77%,+0.12,5,74355,中性盘
09:58:30,148.63,+0.71%,-0.08,8,118904,卖盘
09:58:33,148.71,+0.77%,+0.08,11,163581,中性盘
09:58:36,148.73,+0.78%,+0.02,6,89238,买盘
09:58:39,148.64,+0.72%,-0.09,19,282416,卖盘
09:58:42,148.71,+0.77%,+0.07,8,118968,中性盘
09:58:45,148.77,+0.81%,+0.06,9,133893,买盘
09:58:48,148.77,+0.81%,--,8,119016,卖盘
09:58:51,148.77,+0.81%,--,5,74385,卖盘
09:58:54,148.8,+0.83%,+0.03,29,431520,买盘
09:58:57,148.84,+0.85%,+0.04,3,53582,卖盘
09:59:00,148.89,+0.89%,+0.05,12,178668,买盘
09:59:03,148.89,+0.89%,--,6,89334,买盘
09:59:06,148.8,+0.83%,-0.09,20,297600,卖盘
09:59:09,148.84,+0.85%,+0.04,3,44652,买盘
09:59:12,148.8,+0.83%,-0.04,6,89280,卖盘
09:59:15,148.84,+0.85%,+0.04,4,59536,买盘
09:59:21,148.96,+0.94%,+0.12,12,178752,买盘
09:59:27,148.77,+0.81%,-0.19,9,139844,卖盘
09:59:33,148.8,+0.83%,+0.03,19,282720,买盘
09:59:36,148.81,+0.83%,+0.01,1,14881,中性盘
09:59:39,148.47,+0.60%,-0.34,33,489951,卖盘
09:59:42,148.8,+0.83%,+0.33,2,29760,中性盘
09:59:45,148.42,+0.57%,-0.38,8,118736,卖盘
09:59:48,148.84,+0.85%,+0.42,8,119072,买盘
09:59:51,148.8,+0.83%,-0.04,8,119040,中性盘
09:59:57,148.54,+0.65%,-0.26,7,103978,卖盘
10:00:03,148.6,+0.69%,+0.06,4,59440,中性盘
10:00:03,148.6,+0.69%,--,4,59440,中性盘
10:00:03,148.6,+0.69%,--,4,59440,卖盘
10:00:09,148.71,+0.77%,+0.11,3,44613,中性盘
10:00:12,148.66,+0.73%,-0.05,10,148660,卖盘
10:00:15,148.58,+0.68%,-0.08,9,133722,卖盘
10:00:18,148.32,+0.50%,-0.26,16,237312,卖盘
10:00:21,148.25,+0.45%,-0.07,9,133425,卖盘
10:00:24,148.18,+0.41%,-0.07,3,44454,卖盘
10:00:27,148.31,+0.49%,+0.13,16,237296,买盘
10:00:30,148.21,+0.43%,-0.1,4,59284,卖盘
10:00:33,148.27,+0.47%,+0.06,1,14827,买盘
10:00:36,148.17,+0.40%,-0.1,1,14817,买盘
10:00:45,148.04,+0.31%,-0.13,3,44412,卖盘
10:00:48,148.04,+0.31%,--,1,14804,卖盘
10:00:51,148.04,+0.31%,--,21,310884,卖盘
10:00:54,148.06,+0.33%,+0.02,1,14806,买盘
10:00:57,148.12,+0.37%,+0.06,21,311052,买盘
10:01:00,148.25,+0.45%,+0.13,10,148250,买盘
10:01:03,148.04,+0.31%,-0.21,19,281276,卖盘
10:01:09,148.01,+0.29%,-0.03,13,192413,卖盘
10:01:12,147.99,+0.28%,-0.02,23,340377,卖盘
10:01:15,147.94,+0.24%,-0.05,2,29588,中性盘
10:01:18,147.77,+0.13%,-0.17,3,44331,卖盘
10:01:21,147.74,+0.11%,-0.03,1,14774,买盘
10:01:24,147.61,+0.02%,-0.13,1,14761,卖盘
10:01:27,147.75,+0.12%,+0.14,6,88650,买盘
10:01:30,147.61,+0.02%,-0.14,2,29522,卖盘
10:01:36,147.61,+0.02%,--,3,44283,卖盘
10:01:39,147.73,+0.10%,+0.12,1,14773,买盘
10:01:42,147.75,+0.12%,+0.02,1,14775,买盘
10:01:48,147.73,+0.10%,-0.02,7,103411,卖盘
10:01:51,147.6,+0.01%,-0.13,31,457560,卖盘
10:01:54,147.57,-0.01%,-0.03,7,103299,卖盘
10:01:57,147.54,-0.03%,-0.03,17,250818,中性盘
10:02:00,147.72,+0.09%,+0.18,9,132948,买盘
10:02:03,147.74,+0.11%,+0.02,15,221610,买盘
10:02:06,147.74,+0.11%,--,2,29548,卖盘
10:02:09,147.7,+0.08%,-0.04,8,118160,卖盘
10:02:12,147.69,+0.07%,-0.01,29,428301,卖盘
10:02:15,147.71,+0.09%,+0.02,5,73855,中性盘
10:02:21,147.71,+0.09%,--,8,118168,买盘
10:02:24,147.67,+0.06%,-0.04,2,29534,中性盘
10:02:30,147.82,+0.16%,+0.15,1,14782,买盘
10:02:39,147.8,+0.15%,-0.02,1,14780,中性盘
10:02:42,147.94,+0.24%,+0.14,7,103558,买盘
10:02:48,147.82,+0.16%,-0.12,6,88692,卖盘
10:02:51,147.82,+0.16%,--,14,206948,卖盘
10:02:54,147.97,+0.26%,+0.15,2,29594,中性盘
10:02:57,147.74,+0.11%,-0.23,15,221610,卖盘
10:03:00,147.71,+0.09%,-0.03,9,132939,卖盘
10:03:03,147.68,+0.07%,-0.03,12,177216,卖盘
10:03:09,147.61,+0.02%,-0.07,7,103327,卖盘
10:03:15,147.68,+0.07%,+0.07,1,14768,中性盘
10:03:18,147.69,+0.07%,+0.01,1,14769,买盘
10:03:21,147.7,+0.08%,+0.01,3,44310,买盘
10:03:24,147.64,+0.04%,-0.06,2,29528,卖盘
10:03:27,147.69,+0.07%,+0.05,4,59076,买盘
10:03:33,147.62,+0.03%,-0.07,2,29524,卖盘
10:03:39,147.69,+0.07%,+0.07,3,44307,买盘
10:03:42,147.71,+0.09%,+0.02,1,14771,买盘
10:03:45,147.64,+0.04%,-0.07,3,44292,卖盘
10:03:48,147.62,+0.03%,-0.02,5,73810,卖盘
10:03:51,147.62,+0.03%,--,9,132858,卖盘
10:03:54,147.71,+0.09%,+0.09,6,88626,买盘
10:04:00,147.71,+0.09%,--,6,88626,卖盘
10:04:03,147.7,+0.08%,-0.01,1,14770,买盘
10:04:06,147.62,+0.03%,-0.08,6,88572,卖盘
10:04:09,147.46,-0.08%,-0.16,69,1017474,卖盘
10:04:12,147.5,-0.05%,+0.04,3,44250,买盘
10:04:15,147.37,-0.14%,-0.13,21,309477,中性盘
10:04:18,147.6,+0.01%,+0.23,17,250920,买盘
10:04:21,147.25,-0.22%,-0.35,8,117800,卖盘
10:04:24,147.58,0.00%,+0.33,1,14758,买盘
10:04:24,147.58,0.00%,-0.38,1,14758,中性盘
10:04:27,147.2,-0.26%,-0.38,7,103040,卖盘
10:04:30,147.25,-0.22%,+0.05,6,88350,中性盘
10:04:33,147.33,-0.17%,+0.08,2,29466,中性盘
10:04:36,147.58,0.00%,+0.25,2,29516,买盘
10:04:39,147.39,-0.13%,-0.19,4,58956,中性盘
10:04:42,147.59,+0.01%,+0.2,7,103313,买盘
10:04:45,147.59,+0.01%,--,1,14759,卖盘
10:04:48,147.54,-0.03%,-0.05,25,368850,卖盘
10:04:51,147.62,+0.03%,+0.08,43,634766,买盘
10:04:54,147.62,+0.03%,--,32,472384,卖盘
10:04:57,147.59,+0.01%,-0.03,1,14759,卖盘
10:05:03,147.54,-0.03%,-0.05,2,29508,中性盘
10:05:06,147.34,-0.16%,-0.2,13,191542,卖盘
10:05:09,147.34,-0.16%,--,4,58936,买盘
10:05:12,147.33,-0.17%,-0.01,2,29466,卖盘
10:05:15,147.28,-0.20%,-0.05,5,73640,卖盘
10:05:24,147.18,-0.27%,-0.1,11,164547,卖盘
10:05:27,147.1,-0.33%,-0.08,5,73550,卖盘
10:05:30,147.09,-0.33%,-0.01,15,220635,卖盘
10:05:33,147.03,-0.37%,-0.06,4,58812,卖盘
10:05:36,147.03,-0.37%,--,6,88218,卖盘
10:05:39,147.07,-0.35%,+0.04,7,102949,买盘
10:05:42,147.03,-0.37%,-0.04,7,102921,卖盘
10:05:45,147.08,-0.34%,+0.05,2,29416,中性盘
10:05:48,147.02,-0.38%,-0.06,4,58808,卖盘
10:05:51,147.0,-0.39%,-0.02,11,161700,卖盘
10:05:54,147.02,-0.38%,+0.02,22,323444,买盘
10:05:57,147.02,-0.38%,--,10,147020,买盘
10:06:00,147.08,-0.34%,+0.06,38,558904,买盘
10:06:03,147.07,-0.35%,-0.01,11,161777,卖盘
10:06:06,147.03,-0.37%,-0.04,39,573417,卖盘
10:06:09,147.08,-0.34%,+0.05,24,352992,中性盘
10:06:12,147.07,-0.35%,-0.01,13,191191,卖盘
10:06:15,147.07,-0.35%,--,9,135304,买盘
10:06:18,147.06,-0.35%,-0.01,1,14706,卖盘
10:06:24,147.16,-0.28%,+0.1,1,14716,买盘
10:06:27,147.16,-0.28%,--,1,14716,中性盘
10:06:30,147.05,-0.36%,-0.11,7,102935,卖盘
10:06:33,147.05,-0.36%,--,1,14705,卖盘
10:06:45,147.2,-0.26%,+0.15,4,58880,买盘
10:06:48,147.19,-0.26%,-0.01,3,44157,中性盘
10:06:51,147.2,-0.26%,+0.01,3,44160,中性盘
10:06:54,147.2,-0.26%,--,1,14720,卖盘
10:07:03,147.27,-0.21%,+0.07,1,14727,买盘
10:07:09,147.21,-0.25%,-0.06,1,14721,卖盘
10:07:12,147.27,-0.21%,+0.06,10,147270,买盘
10:07:15,147.22,-0.24%,-0.05,2,29444,卖盘
10:07:18,147.21,-0.25%,-0.01,56,824376,卖盘
10:07:24,147.08,-0.34%,-0.13,13,191204,卖盘
10:07:30,147.09,-0.33%,+0.01,3,44127,买盘
10:07:33,147.18,-0.27%,+0.09,10,147180,买盘
10:07:39,147.09,-0.33%,-0.09,1,14709,卖盘
10:07:45,147.23,-0.24%,+0.14,1,14723,买盘
10:07:48,147.1,-0.33%,-0.13,36,529560,卖盘
10:07:51,147.1,-0.33%,--,13,191230,买盘
10:07:54,147.05,-0.36%,-0.05,12,176460,卖盘
10:07:57,147.05,-0.36%,--,3,44115,卖盘
10:08:00,147.04,-0.37%,-0.01,3,44112,卖盘
10:08:03,147.01,-0.39%,-0.03,1,14701,卖盘
10:08:06,147.0,-0.39%,-0.01,7,102900,卖盘
10:08:09,146.96,-0.42%,-0.04,6,88176,卖盘
10:08:12,146.88,-0.47%,-0.08,11,161568,卖盘
10:08:15,146.88,-0.47%,--,1,14688,买盘
10:08:18,146.79,-0.54%,-0.09,12,176148,卖盘
10:08:21,146.79,-0.54%,--,1,14679,卖盘
10:08:24,146.9,-0.46%,+0.11,2,29380,买盘
10:08:33,146.75,-0.56%,-0.15,36,528300,卖盘
10:08:36,146.87,-0.48%,+0.12,3,44061,中性盘
10:08:39,146.7,-0.60%,-0.17,27,396090,中性盘
10:08:42,146.9,-0.46%,+0.2,8,117520,买盘
10:08:45,146.83,-0.51%,-0.07,15,220245,卖盘
10:08:45,146.83,-0.51%,--,15,220245,中性盘
10:08:57,146.94,-0.43%,+0.11,1,14694,中性盘
10:09:06,146.87,-0.48%,-0.07,4,58748,卖盘
10:09:09,146.87,-0.48%,--,1,14687,中性盘
10:09:12,146.75,-0.56%,-0.12,2,29350,卖盘
10:09:15,146.87,-0.48%,+0.12,5,73435,买盘
10:09:18,146.87,-0.48%,--,2,29374,买盘
10:09:21,146.87,-0.48%,--,1,14687,买盘
10:09:24,146.75,-0.56%,-0.12,16,234800,卖盘
10:09:30,146.75,-0.56%,--,7,102725,中性盘
10:09:36,146.75,-0.56%,--,2,29350,卖盘
10:09:39,146.8,-0.53%,+0.05,2,29360,买盘
10:09:42,146.75,-0.56%,-0.05,22,322850,卖盘
10:09:48,146.79,-0.54%,+0.04,10,146790,买盘
10:09:54,146.75,-0.56%,-0.04,6,88050,卖盘
10:09:57,146.79,-0.54%,+0.04,1,14679,买盘
10:10:00,146.72,-0.58%,-0.07,13,190736,卖盘
10:10:03,146.71,-0.59%,-0.01,10,146710,卖盘
10:10:06,146.71,-0.59%,--,7,102697,卖盘
10:10:09,146.79,-0.54%,+0.08,1,14679,中性盘
10:10:12,146.7,-0.60%,-0.09,13,190710,卖盘
10:10:15,146.68,-0.61%,-0.02,12,176016,卖盘
10:10:18,146.71,-0.59%,+0.03,7,102697,中性盘
10:10:21,146.72,-0.58%,+0.01,4,58688,买盘
10:10:24,146.7,-0.60%,-0.02,1,14670,卖盘
10:10:30,146.8,-0.53%,+0.1,49,719320,买盘
10:10:33,146.86,-0.49%,+0.06,9,132174,买盘
10:10:36,146.73,-0.58%,-0.13,13,190749,卖盘
10:10:39,146.75,-0.56%,+0.02,7,102725,卖盘
10:10:42,146.72,-0.58%,-0.03,7,102704,卖盘
10:10:45,146.71,-0.59%,-0.01,6,88026,卖盘
10:10:48,146.71,-0.59%,--,3,44013,买盘
10:10:51,146.76,-0.56%,+0.05,48,704448,买盘
10:10:57,146.67,-0.62%,-0.09,13,190671,卖盘
10:11:06,146.66,-0.62%,-0.01,2,29332,卖盘
10:11:12,146.7,-0.60%,+0.04,1,14670,中性盘
10:11:18,146.68,-0.61%,-0.02,2,29336,中性盘
10:11:27,146.66,-0.62%,-0.02,3,43998,卖盘
10:11:30,146.71,-0.59%,+0.05,9,132039,买盘
10:11:33,146.66,-0.62%,-0.05,8,117328,卖盘
10:11:36,146.71,-0.59%,+0.05,1,14671,买盘
10:11:39,146.71,-0.59%,--,2,29342,买盘
10:11:42,146.71,-0.59%,--,1,14671,买盘
10:11:45,146.61,-0.66%,-0.1,7,102627,卖盘
10:11:48,146.61,-0.66%,--,1,14661,卖盘
10:11:51,146.61,-0.66%,--,6,87966,卖盘
10:11:54,146.6,-0.66%,-0.01,3,43980,卖盘
10:11:57,146.61,-0.66%,+0.01,11,161271,中性盘
10:12:00,146.62,-0.65%,+0.01,1,14662,中性盘
10:12:03,146.71,-0.59%,+0.09,1,14671,买盘
10:12:06,146.7,-0.60%,-0.01,2,29340,中性盘
10:12:09,146.66,-0.62%,-0.04,3,43998,中性盘
10:12:12,146.71,-0.59%,+0.05,8,117368,买盘
10:12:15,146.68,-0.61%,-0.03,1,14668,中性盘
10:12:18,146.71,-0.59%,+0.03,2,29342,买盘
10:12:21,146.72,-0.58%,+0.01,12,184867,买盘
10:12:24,146.77,-0.55%,+0.05,5,73385,买盘
10:12:27,146.71,-0.59%,-0.06,8,117368,卖盘
10:12:33,146.77,-0.55%,+0.06,1,14677,买盘
10:12:39,146.84,-0.50%,+0.07,2,29368,买盘
10:12:48,146.77,-0.55%,-0.07,1,14677,中性盘
10:12:51,146.84,-0.50%,+0.07,1,14684,买盘
10:12:54,146.84,-0.50%,--,1,14684,买盘
10:13:06,146.81,-0.52%,-0.03,7,102767,卖盘
10:13:09,146.82,-0.51%,+0.01,17,249594,中性盘
10:13:09,146.82,-0.51%,-0.04,17,249594,中性盘
10:13:12,146.78,-0.54%,-0.04,9,132102,卖盘
10:13:15,146.83,-0.51%,+0.05,3,44049,买盘
10:13:18,146.81,-0.52%,-0.02,7,102767,卖盘
10:13:24,146.84,-0.50%,+0.03,2,29368,卖盘
10:13:27,146.9,-0.46%,+0.06,2,29380,买盘
10:13:30,146.86,-0.49%,-0.04,1,14686,卖盘
10:13:33,146.93,-0.44%,+0.07,2,29386,买盘
10:13:36,146.93,-0.44%,--,3,44079,买盘
10:13:42,146.96,-0.42%,+0.03,1,14696,买盘
10:13:48,146.97,-0.41%,+0.01,1,14697,买盘
10:13:54,146.96,-0.42%,-0.01,4,58784,卖盘
10:13:57,147.05,-0.36%,+0.09,2,29410,买盘
10:14:00,146.93,-0.44%,-0.12,5,73465,卖盘
10:14:09,147.05,-0.36%,+0.12,1,14705,买盘
10:14:12,147.2,-0.26%,+0.15,5,73600,买盘
10:14:15,147.2,-0.26%,--,3,44160,卖盘
10:14:18,147.2,-0.26%,--,7,103040,卖盘
10:14:21,147.31,-0.18%,+0.11,2,29462,中性盘
10:14:24,147.35,-0.16%,+0.04,2,29470,买盘
10:14:27,147.21,-0.25%,-0.14,8,117768,卖盘
10:14:30,147.35,-0.16%,+0.14,1,14735,中性盘
10:14:33,147.31,-0.18%,-0.04,5,73655,中性盘
10:14:36,147.35,-0.16%,+0.04,3,44205,买盘
10:14:39,147.37,-0.14%,+0.02,4,58948,买盘
10:14:42,147.35,-0.16%,-0.02,3,44205,中性盘
10:14:45,147.45,-0.09%,+0.1,19,280155,买盘
10:14:48,147.37,-0.14%,-0.08,23,338951,卖盘
10:14:51,147.47,-0.07%,+0.1,6,88482,中性盘
10:14:54,147.5,-0.05%,+0.03,11,162250,中性盘
10:15:00,147.5,-0.05%,--,1,14750,买盘
10:15:03,147.57,-0.01%,+0.07,3,44271,买盘
10:15:09,147.57,-0.01%,--,27,398439,卖盘
10:15:15,147.61,+0.02%,+0.04,35,516635,买盘
10:15:18,147.62,+0.03%,+0.01,30,442860,卖盘
10:15:21,147.62,+0.03%,--,16,236192,卖盘
10:15:24,147.98,+0.27%,+0.36,64,947072,买盘
10:15:27,148.0,+0.28%,+0.02,2,29600,买盘
10:15:30,148.0,+0.28%,--,16,236800,卖盘
10:15:33,147.99,+0.28%,-0.01,2,29598,中性盘
10:15:36,147.87,+0.20%,-0.12,21,310527,卖盘
10:15:39,147.58,0.00%,-0.29,10,147580,卖盘
10:15:42,147.58,0.00%,--,6,88548,卖盘
10:15:45,147.87,+0.20%,+0.29,3,44361,中性盘
10:15:51,147.9,+0.22%,+0.03,22,325380,买盘
10:15:54,147.91,+0.22%,+0.01,6,88746,买盘
10:16:00,147.94,+0.24%,+0.03,9,133146,买盘
10:16:06,147.99,+0.28%,+0.05,1,14799,买盘
10:16:15,147.94,+0.24%,-0.05,5,73970,卖盘
10:16:18,147.87,+0.20%,-0.07,7,103509,卖盘
10:16:21,147.9,+0.22%,+0.03,15,221850,中性盘
10:16:27,147.9,+0.22%,--,6,88740,买盘
10:16:30,147.9,+0.22%,--,1,14790,买盘
10:16:33,147.58,0.00%,-0.32,15,221370,卖盘
10:16:36,147.88,+0.20%,+0.3,1,14788,买盘
10:16:39,147.99,+0.28%,+0.11,14,207186,买盘
10:16:42,147.88,+0.20%,-0.11,15,221820,卖盘
10:16:45,147.99,+0.28%,+0.11,6,88794,买盘
10:16:48,147.9,+0.22%,-0.09,3,44370,买盘
10:16:54,147.97,+0.26%,+0.07,5,73985,卖盘
10:17:00,147.98,+0.27%,+0.01,6,88788,中性盘
10:17:03,147.99,+0.28%,+0.01,1,14799,买盘
10:17:15,147.84,+0.18%,-0.15,109,1611456,中性盘
10:17:18,147.78,+0.14%,-0.06,3,44334,卖盘
10:17:21,147.77,+0.13%,-0.01,1,14777,中性盘
10:17:24,147.77,+0.13%,--,2,29554,买盘
10:17:30,147.78,+0.14%,+0.01,2,29556,买盘
10:17:30,147.78,+0.14%,--,2,29556,中性盘
10:17:36,147.81,+0.16%,+0.03,5,73905,买盘
10:17:42,147.83,+0.17%,+0.02,6,88698,买盘
10:17:45,147.8,+0.15%,-0.03,5,73900,卖盘
10:17:48,147.82,+0.16%,+0.02,2,29564,买盘
10:17:51,147.83,+0.17%,+0.01,4,59132,买盘
10:17:54,147.77,+0.13%,-0.06,9,132993,卖盘
10:17:57,147.79,+0.14%,+0.02,2,29558,买盘
10:18:03,147.79,+0.14%,--,1,14779,买盘
10:18:06,147.71,+0.09%,-0.08,1,14771,卖盘
10:18:09,147.71,+0.09%,--,5,73855,买盘
10:18:24,147.71,+0.09%,--,1,14771,买盘
10:18:27,147.7,+0.08%,-0.01,1,14770,中性盘
10:18:30,147.7,+0.08%,--,1,14770,买盘
10:18:33,147.7,+0.08%,--,7,103390,买盘
10:18:36,147.72,+0.09%,+0.02,2,29544,中性盘
10:18:39,147.71,+0.09%,-0.01,2,29542,中性盘
10:18:42,147.7,+0.08%,-0.01,5,73850,卖盘
10:18:45,147.83,+0.17%,+0.13,7,103481,买盘
10:18:48,147.83,+0.17%,--,12,177396,买盘
10:18:54,147.71,+0.09%,-0.12,6,88626,卖盘
10:18:57,147.72,+0.09%,+0.01,7,103404,中性盘
10:19:00,147.72,+0.09%,--,2,29544,卖盘
10:19:06,147.7,+0.08%,-0.02,1,14770,卖盘
10:19:15,147.73,+0.10%,-0.14,2,29546,中性盘
10:19:24,147.71,+0.09%,-0.02,1,14771,中性盘
10:19:33,147.7,+0.08%,-0.01,1,14770,卖盘
10:19:45,147.87,+0.20%,+0.17,1,14787,买盘
10:19:51,147.75,+0.12%,-0.12,1,14775,中性盘
10:19:57,147.75,+0.12%,--,4,59100,买盘
10:20:00,147.75,+0.12%,--,3,44325,买盘
10:20:03,147.87,+0.20%,+0.12,1,14787,买盘
10:20:09,147.88,+0.20%,+0.01,24,354912,买盘
10:20:12,147.89,+0.21%,+0.01,10,147890,中性盘
10:20:15,147.93,+0.24%,+0.04,2,29586,卖盘
10:20:18,147.88,+0.20%,-0.05,2,29576,中性盘
10:20:21,147.98,+0.27%,+0.1,18,266364,买盘
10:20:24,147.94,+0.24%,-0.04,24,355056,卖盘
10:20:30,148.03,+0.30%,+0.09,18,266454,买盘
10:20:33,148.0,+0.28%,-0.03,3,44400,卖盘
10:20:36,148.09,+0.35%,+0.09,7,103663,买盘
10:20:39,148.2,+0.42%,+0.11,1,14820,买盘
10:20:42,148.05,+0.32%,-0.15,12,177660,卖盘
10:20:45,148.3,+0.49%,+0.25,7,103810,买盘
10:20:48,148.3,+0.49%,--,2,29660,买盘
10:20:51,148.25,+0.45%,-0.05,2,29650,卖盘
10:20:54,148.3,+0.49%,+0.05,2,29660,买盘
10:20:57,148.26,+0.46%,-0.04,26,385476,中性盘
10:21:03,148.3,+0.49%,+0.04,9,133470,中性盘
10:21:06,148.38,+0.54%,+0.08,1,14838,买盘
10:21:09,148.45,+0.59%,+0.07,11,163295,买盘
10:21:12,148.45,+0.59%,--,16,237520,买盘
10:21:15,148.58,+0.68%,+0.13,14,208012,买盘
10:21:18,148.58,+0.68%,--,43,638894,买盘
10:21:21,148.65,+0.73%,+0.07,16,237840,买盘
10:21:24,148.68,+0.75%,+0.03,2,29736,买盘
10:21:27,148.66,+0.73%,-0.02,17,252722,中性盘
10:21:30,148.8,+0.83%,+0.14,3,44640,买盘
10:21:33,148.8,+0.83%,--,27,401760,买盘
10:21:36,148.83,+0.85%,+0.03,24,357192,买盘
10:21:39,148.8,+0.83%,-0.03,2,29760,买盘
10:21:42,148.88,+0.88%,+0.08,35,521080,买盘
10:21:45,148.88,+0.88%,--,4,59552,买盘
10:21:48,148.89,+0.89%,+0.01,43,640227,买盘
10:21:51,148.92,+0.91%,+0.03,22,327624,买盘
10:21:54,149.1,+1.03%,+0.18,127,1902516,买盘
10:21:54,149.1,+1.03%,--,127,1902516,中性盘
10:21:57,149.2,+1.10%,+0.1,11,164120,买盘
10:22:00,149.15,+1.06%,-0.05,8,119320,卖盘
10:22:03,149.29,+1.16%,+0.14,2,29858,买盘
10:22:06,149.46,+1.27%,+0.17,21,313866,买盘
10:22:09,149.58,+1.36%,+0.12,6,89748,买盘
10:22:12,149.58,+1.36%,--,55,822690,买盘
10:22:15,149.66,+1.41%,+0.08,16,239456,买盘
10:22:18,149.66,+1.41%,--,5,74830,卖盘
10:22:21,149.77,+1.48%,+0.11,7,104839,买盘
10:22:24,149.78,+1.49%,+0.01,11,164758,买盘
10:22:27,149.8,+1.50%,+0.02,15,224700,买盘
10:22:30,149.87,+1.55%,+0.07,20,311730,买盘
10:22:33,149.87,+1.55%,--,9,134883,买盘
10:22:36,149.9,+1.57%,+0.03,9,134910,买盘
10:22:39,150.0,+1.64%,+0.1,134,2010000,买盘
10:22:42,149.93,+1.59%,-0.07,91,1376357,卖盘
10:22:45,150.23,+1.80%,+0.3,17,261400,买盘
10:22:48,149.97,+1.62%,-0.26,54,818836,卖盘
10:22:51,149.97,+1.62%,--,43,644871,买盘
10:22:54,150.25,+1.81%,+0.28,16,240400,买盘
10:22:57,150.3,+1.84%,+0.05,11,174348,买盘
10:23:00,150.48,+1.97%,+0.18,9,135432,买盘
10:23:03,150.48,+1.97%,--,12,180576,中性盘
10:23:06,150.39,+1.90%,-0.09,27,406053,卖盘
10:23:09,150.5,+1.98%,+0.11,10,150500,买盘
10:23:12,150.5,+1.98%,--,14,210700,买盘
10:23:15,150.3,+1.84%,-0.2,18,270540,中性盘
10:23:18,150.24,+1.80%,-0.06,42,637018,卖盘
10:23:21,150.47,+1.96%,+0.23,21,315987,买盘
10:23:24,150.03,+1.66%,-0.44,60,900180,中性盘
10:23:27,150.24,+1.80%,+0.21,20,300480,中性盘
10:23:30,150.39,+1.90%,+0.15,8,120312,中性盘
10:23:33,150.38,+1.90%,-0.01,120,1804560,中性盘
10:23:36,150.27,+1.82%,-0.11,8,120216,中性盘
10:23:39,150.39,+1.90%,+0.12,8,120312,买盘
10:23:42,150.3,+1.84%,-0.09,6,90180,中性盘
10:23:45,150.08,+1.69%,-0.22,2,30016,中性盘
10:23:48,150.3,+1.84%,+0.22,11,165330,中性盘
10:23:51,150.1,+1.71%,-0.2,2,30020,中性盘
10:23:57,150.07,+1.69%,-0.03,2,30014,中性盘
10:24:00,150.35,+1.88%,+0.28,26,390910,买盘
10:24:03,149.78,+1.49%,-0.57,72,1078416,卖盘
10:24:06,149.97,+1.62%,+0.19,2,29994,买盘
10:24:15,149.68,+1.42%,-0.29,1,14968,卖盘
10:24:18,149.4,+1.23%,-0.28,7,104580,卖盘
10:24:21,149.48,+1.29%,+0.08,1,14948,中性盘
10:24:24,149.81,+1.51%,+0.33,16,239696,买盘
10:24:27,149.34,+1.19%,-0.47,1,14934,中性盘
10:24:30,149.31,+1.17%,-0.03,23,343413,卖盘
10:24:33,149.3,+1.17%,-0.01,1,14930,卖盘
10:24:36,149.66,+1.41%,+0.36,1,14966,买盘
10:24:42,149.66,+1.41%,--,1,14966,中性盘
10:24:45,149.3,+1.17%,-0.36,37,552410,卖盘
10:24:48,149.3,+1.17%,--,5,74650,卖盘
10:24:51,149.3,+1.17%,--,14,209020,卖盘
10:24:54,149.28,+1.15%,-0.02,4,59712,卖盘
10:24:57,149.28,+1.15%,--,8,119424,卖盘
10:25:03,149.23,+1.12%,-0.05,1,14923,中性盘
10:25:06,149.3,+1.17%,+0.07,9,134370,买盘
10:25:09,149.31,+1.17%,+0.01,6,89586,卖盘
10:25:15,149.6,+1.37%,+0.29,7,104720,中性盘
10:25:18,149.64,+1.40%,+0.04,9,143654,买盘
10:25:21,149.94,+1.60%,+0.3,20,299880,买盘
10:25:27,149.87,+1.55%,-0.07,5,74935,卖盘
10:25:30,149.94,+1.60%,+0.07,2,29988,中性盘
10:25:36,149.96,+1.61%,+0.01,7,104972,买盘
10:25:39,149.95,+1.61%,-0.01,25,374875,中性盘
10:25:42,149.91,+1.58%,-0.04,4,59964,买盘
10:25:48,149.91,+1.58%,--,7,104937,中性盘
10:25:51,149.94,+1.60%,+0.03,2,29988,买盘
10:25:54,149.91,+1.58%,-0.03,10,149910,中性盘
10:25:57,149.94,+1.60%,+0.03,10,149940,买盘
10:26:00,149.94,+1.60%,--,1,14994,卖盘
10:26:03,150.0,+1.64%,+0.06,15,225000,买盘
10:26:06,149.96,+1.61%,-0.04,5,74980,买盘
10:26:09,150.0,+1.64%,+0.04,11,174000,买盘
10:26:12,150.0,+1.64%,--,42,630000,卖盘
10:26:18,150.3,+1.84%,+0.3,15,225450,买盘
10:26:18,150.3,+1.84%,--,15,225450,中性盘
10:26:18,150.3,+1.84%,--,15,225450,买盘
10:26:21,150.1,+1.71%,-0.2,2,30020,卖盘
10:26:24,150.35,+1.88%,+0.25,4,60140,买盘
10:26:27,150.37,+1.89%,+0.02,15,225555,买盘
10:26:30,150.2,+1.78%,-0.17,18,270360,卖盘
10:26:33,150.3,+1.84%,+0.1,12,180360,买盘
10:26:36,150.3,+1.84%,--,22,330660,中性盘
10:26:39,150.29,+1.84%,-0.01,3,45087,中性盘
10:26:45,150.29,+1.84%,--,51,766479,中性盘
10:26:48,150.32,+1.86%,+0.03,13,195416,中性盘
10:26:54,150.19,+1.77%,-0.13,1,15019,中性盘
10:26:57,150.4,+1.91%,+0.21,17,255680,买盘
10:27:00,150.3,+1.84%,-0.1,31,465930,中性盘
10:27:03,150.29,+1.84%,-0.01,2,30058,买盘
10:27:06,150.15,+1.74%,-0.14,3,45045,卖盘
10:27:09,150.33,+1.86%,+0.18,26,393865,买盘
10:27:12,150.4,+1.91%,+0.07,112,1684480,买盘
10:27:15,150.15,+1.74%,-0.25,4,60060,卖盘
10:27:18,150.19,+1.77%,+0.04,151,2267869,中性盘
10:27:24,150.18,+1.76%,-0.01,1,15018,买盘
10:27:27,149.99,+1.63%,-0.19,7,104993,中性盘
10:27:30,149.75,+1.47%,-0.24,8,119800,卖盘
10:27:33,150.12,+1.72%,+0.37,12,180144,买盘
10:27:36,149.89,+1.57%,-0.23,17,254813,中性盘
10:27:39,149.89,+1.57%,--,5,74945,买盘
10:27:42,149.69,+1.43%,-0.2,5,74845,卖盘
10:27:48,149.69,+1.43%,--,2,29938,中性盘
10:27:51,149.89,+1.57%,+0.2,12,179868,买盘
10:27:54,149.93,+1.59%,+0.04,2,29986,买盘
10:27:57,149.89,+1.57%,-0.04,26,389714,卖盘
10:28:00,149.91,+1.58%,+0.02,3,44973,中性盘
10:28:06,149.9,+1.57%,-0.01,2,29980,中性盘
10:28:09,149.99,+1.63%,+0.09,11,164989,买盘
10:28:15,149.89,+1.57%,-0.1,39,584571,卖盘
10:28:18,149.88,+1.56%,-0.01,1,14988,买盘
10:28:27,149.49,+1.29%,-0.39,3,44847,卖盘
10:28:30,149.48,+1.29%,-0.01,36,538128,卖盘
10:28:33,149.8,+1.50%,+0.32,3,44940,买盘
10:28:36,149.54,+1.33%,-0.26,2,29908,卖盘
10:28:39,149.49,+1.29%,-0.05,3,44847,中性盘
10:28:42,149.48,+1.29%,-0.01,18,269064,卖盘
10:28:45,149.54,+1.33%,+0.06,5,74770,买盘
10:28:48,149.48,+1.29%,-0.06,29,433492,卖盘
10:28:51,149.57,+1.35%,+0.09,3,44871,中性盘
10:28:57,149.54,+1.33%,-0.03,3,44862,卖盘
10:29:00,149.76,+1.48%,+0.22,10,149760,买盘
10:29:03,149.75,+1.47%,-0.01,3,44925,买盘
10:29:09,149.75,+1.47%,--,2,29950,卖盘
10:29:12,149.76,+1.48%,+0.01,3,44928,买盘
10:29:18,149.76,+1.48%,--,3,44928,中性盘
10:29:24,149.76,+1.48%,--,37,554112,买盘
10:29:27,149.76,+1.48%,--,20,299520,中性盘
10:29:33,149.76,+1.48%,--,2,29952,卖盘
10:29:36,149.79,+1.50%,+0.03,1,14979,买盘
10:29:39,149.76,+1.48%,-0.03,1,14976,卖盘
10:29:42,149.79,+1.50%,+0.03,5,74895,买盘
10:29:45,149.7,+1.44%,-0.09,2,29940,卖盘
10:29:51,149.54,+1.33%,-0.16,141,2108514,卖盘
10:29:54,149.64,+1.40%,+0.1,13,194532,买盘
10:29:57,149.64,+1.40%,--,1,14964,买盘
10:30:00,149.48,+1.29%,-0.16,2,29896,中性盘
10:30:12,149.29,+1.16%,-0.19,24,358296,卖盘
10:30:18,148.92,+0.91%,-0.37,24,357408,卖盘
10:30:21,148.88,+0.88%,-0.04,9,133992,卖盘
10:30:24,148.81,+0.83%,-0.07,10,148810,卖盘
10:30:27,148.78,+0.81%,-0.03,1,14878,卖盘
10:30:30,148.74,+0.79%,-0.04,10,148740,中性盘
10:30:33,148.67,+0.74%,-0.07,4,59468,中性盘
10:30:36,148.97,+0.94%,+0.3,16,238352,买盘
10:30:39,148.98,+0.95%,+0.01,5,74490,买盘
10:30:39,148.98,+0.95%,-0.08,5,74490,中性盘
10:30:42,148.9,+0.89%,-0.08,8,119120,中性盘
10:30:48,148.9,+0.89%,--,1,14890,中性盘
10:30:51,149.1,+1.03%,+0.2,8,119280,买盘
10:30:54,148.94,+0.92%,-0.16,1,14894,中性盘
10:30:57,149.02,+0.98%,+0.08,2,29804,中性盘
10:31:00,148.91,+0.90%,-0.11,1,14891,卖盘
10:31:03,149.03,+0.98%,+0.12,13,193739,中性盘
10:31:06,149.01,+0.97%,-0.02,5,74505,中性盘
10:31:09,149.01,+0.97%,--,9,134109,中性盘
10:31:12,149.07,+1.01%,+0.06,2,29814,买盘
10:31:15,148.96,+0.94%,-0.11,4,59584,买盘
10:31:18,149.07,+1.01%,+0.11,19,283233,买盘
10:31:24,149.06,+1.00%,-0.01,3,44718,买盘
10:31:27,149.05,+1.00%,-0.01,4,59620,中性盘
10:31:30,149.01,+0.97%,-0.04,16,238416,买盘
10:31:33,149.01,+0.97%,--,2,29802,卖盘
10:31:36,149.0,+0.96%,-0.01,9,134100,卖盘
10:31:45,149.01,+0.97%,+0.01,5,74505,买盘
10:31:48,149.0,+0.96%,-0.01,1,14900,卖盘
10:31:51,149.0,+0.96%,--,2,29800,卖盘
10:31:57,149.01,+0.97%,+0.01,3,44703,卖盘
10:32:00,149.01,+0.97%,--,1,14901,卖盘
10:32:03,149.0,+0.96%,-0.01,6,89400,买盘
10:32:06,148.98,+0.95%,-0.02,1,14898,卖盘
10:32:12,149.0,+0.96%,+0.02,8,119200,买盘
10:32:15,149.0,+0.96%,--,7,104300,买盘
10:32:18,149.0,+0.96%,--,5,74500,买盘
10:32:21,148.98,+0.95%,-0.02,2,29796,卖盘
10:32:24,148.98,+0.95%,--,6,89388,中性盘
10:32:27,148.8,+0.83%,-0.18,11,163680,卖盘
10:32:30,148.75,+0.79%,-0.05,4,59500,卖盘
10:32:33,148.71,+0.77%,-0.04,2,29742,中性盘
10:32:42,148.58,+0.68%,-0.13,1,14858,卖盘
10:32:45,148.58,+0.68%,--,1,14858,卖盘
10:32:48,148.51,+0.63%,-0.07,13,193063,卖盘
10:32:51,148.7,+0.76%,+0.19,1,14870,买盘
10:32:54,148.7,+0.76%,--,2,29740,买盘
10:32:57,148.59,+0.68%,-0.11,2,29718,卖盘
10:33:00,148.59,+0.68%,--,2,29718,中性盘
10:33:03,148.7,+0.76%,+0.11,4,59480,买盘
10:33:06,148.59,+0.68%,-0.11,1,14859,中性盘
10:33:09,148.7,+0.76%,+0.11,1,14870,买盘
10:33:15,148.71,+0.77%,+0.01,1,14871,买盘
10:33:18,148.71,+0.77%,--,3,44613,买盘
10:33:21,148.74,+0.79%,+0.03,1,14874,中性盘
10:33:27,148.71,+0.77%,-0.03,9,133839,卖盘
10:33:33,148.71,+0.77%,--,6,89226,卖盘
10:33:36,148.75,+0.79%,+0.04,1,14875,中性盘
10:33:39,148.71,+0.77%,-0.04,2,29742,卖盘
10:33:42,148.71,+0.77%,--,13,193323,卖盘
10:33:45,148.71,+0.77%,--,16,237936,买盘
10:33:51,148.71,+0.77%,--,1,14871,买盘
10:33:54,148.62,+0.70%,-0.09,2,29724,中性盘
10:33:57,148.7,+0.76%,+0.08,3,44610,买盘
10:34:00,148.62,+0.70%,-0.08,6,89172,中性盘
10:34:03,148.62,+0.70%,--,1,14862,卖盘
10:34:06,148.62,+0.70%,--,5,74310,卖盘
10:34:09,148.7,+0.76%,+0.08,4,59480,买盘
10:34:12,148.65,+0.73%,-0.05,4,59460,中性盘
10:34:15,148.7,+0.76%,+0.05,2,29740,买盘
10:34:18,148.69,+0.75%,-0.01,1,14869,买盘
10:34:21,148.62,+0.70%,-0.07,13,193206,卖盘
10:34:27,148.78,+0.81%,+0.16,12,178536,买盘
10:34:30,148.83,+0.85%,+0.05,12,178596,买盘
10:34:33,149.1,+1.03%,+0.27,154,2296140,买盘
10:34:39,149.09,+1.02%,-0.01,11,163999,卖盘
10:34:42,149.11,+1.04%,+0.02,10,149110,买盘
10:34:45,149.09,+1.02%,-0.02,14,208726,卖盘
10:34:48,149.15,+1.06%,+0.06,1,14915,买盘
10:34:51,149.15,+1.06%,--,4,59660,买盘
10:34:54,149.24,+1.12%,+0.09,1,14924,中性盘
10:34:57,149.41,+1.24%,+0.17,1,14941,买盘
10:35:03,149.41,+1.24%,--,15,224115,中性盘
10:35:03,149.41,+1.24%,--,15,224115,买盘
10:35:06,149.4,+1.23%,-0.01,3,44820,中性盘
10:35:15,149.69,+1.43%,+0.29,5,74845,买盘
10:35:18,149.61,+1.38%,-0.08,2,29922,中性盘
10:35:24,149.7,+1.44%,+0.09,2,29940,买盘
10:35:27,149.69,+1.43%,-0.01,11,164659,中性盘
10:35:30,149.62,+1.38%,-0.07,1,14962,中性盘
10:35:36,149.7,+1.44%,+0.08,71,1062870,买盘
10:35:39,149.63,+1.39%,-0.07,3,44889,买盘
10:35:45,149.75,+1.47%,+0.12,4,59900,买盘
10:35:48,149.44,+1.26%,-0.31,2,29888,卖盘
10:35:51,149.69,+1.43%,+0.25,6,89814,中性盘
10:35:57,149.4,+1.23%,-0.29,36,537840,卖盘
10:36:00,149.4,+1.23%,--,2,29880,买盘
10:36:03,149.24,+1.12%,-0.16,3,44772,卖盘
10:36:06,149.17,+1.08%,-0.07,3,44751,中性盘
10:36:09,149.19,+1.09%,+0.02,3,44757,买盘
10:36:12,149.24,+1.12%,+0.05,1,14924,买盘
10:36:15,149.28,+1.15%,+0.04,4,59712,买盘
10:36:18,149.11,+1.04%,-0.17,20,298220,卖盘
10:36:21,149.28,+1.15%,+0.17,2,29856,卖盘
10:36:24,149.28,+1.15%,--,2,29856,中性盘
10:36:27,149.28,+1.15%,--,1,14928,买盘
10:36:36,149.28,+1.15%,--,4,59712,买盘
10:36:39,149.18,+1.08%,-0.1,8,119344,卖盘
10:36:42,149.28,+1.15%,+0.1,2,29856,中性盘
10:36:45,149.26,+1.14%,-0.02,7,104482,卖盘
10:36:48,149.26,+1.14%,--,2,29852,买盘
10:36:54,149.18,+1.08%,-0.08,12,179016,卖盘
10:36:57,149.33,+1.19%,+0.15,5,74665,中性盘
10:37:00,149.18,+1.08%,-0.15,5,74590,中性盘
10:37:03,149.38,+1.22%,+0.2,2,29876,买盘
10:37:06,149.33,+1.19%,-0.05,1,14933,中性盘
10:37:09,149.33,+1.19%,--,3,44799,买盘
10:37:15,149.39,+1.23%,+0.06,1,14939,买盘
10:37:18,149.16,+1.07%,-0.23,15,223740,卖盘
10:37:33,149.33,+1.19%,+0.17,3,44799,中性盘
10:37:39,149.65,+1.40%,+0.32,14,209510,买盘
10:37:42,149.4,+1.23%,-0.25,21,313740,卖盘
10:37:45,149.45,+1.27%,+0.05,10,149450,中性盘
10:37:48,149.4,+1.23%,-0.05,3,44820,卖盘
10:37:51,149.45,+1.27%,+0.05,4,59780,中性盘
10:37:57,149.73,+1.46%,+0.28,3,44919,买盘
10:38:00,149.73,+1.46%,--,2,29946,卖盘
10:38:03,149.73,+1.46%,--,10,149730,中性盘
10:38:06,149.76,+1.48%,+0.03,2,29952,中性盘
10:38:09,149.9,+1.57%,+0.14,2,29980,买盘
10:38:15,149.73,+1.46%,-0.17,5,74865,卖盘
10:38:18,149.79,+1.50%,+0.06,16,239664,中性盘
10:38:30,149.98,+1.63%,+0.19,3,44994,买盘
10:38:36,149.98,+1.63%,--,7,104986,买盘
10:38:45,149.73,+1.46%,-0.25,5,74865,卖盘
10:38:51,149.91,+1.58%,+0.18,1,14991,中性盘
10:38:54,149.73,+1.46%,-0.18,14,209622,卖盘
10:39:00,149.87,+1.55%,+0.14,1,14987,中性盘
10:39:03,149.89,+1.57%,+0.02,15,224835,买盘
10:39:06,149.68,+1.42%,-0.21,2,29936,卖盘
10:39:09,149.9,+1.57%,+0.22,6,89940,买盘
10:39:12,149.91,+1.58%,+0.01,1,14991,买盘
10:39:15,149.91,+1.58%,--,1,14991,买盘
10:39:18,149.93,+1.59%,+0.02,9,134937,买盘
10:39:21,149.91,+1.58%,-0.02,1,14991,买盘
10:39:24,149.86,+1.54%,-0.05,2,29972,卖盘
10:39:24,149.86,+1.54%,--,2,29972,中性盘
10:39:27,149.91,+1.58%,+0.05,13,194883,中性盘
10:39:30,149.85,+1.54%,-0.06,2,29970,卖盘
10:39:33,149.88,+1.56%,+0.03,6,89928,中性盘
10:39:39,149.75,+1.47%,-0.13,3,44925,卖盘
10:39:42,149.75,+1.47%,--,1,14975,卖盘
10:39:45,149.85,+1.54%,+0.1,2,29970,买盘
10:39:51,149.88,+1.56%,+0.03,2,29976,买盘
10:39:54,149.85,+1.54%,-0.03,2,29970,卖盘
10:40:00,149.95,+1.61%,+0.1,5,74975,买盘
10:40:09,149.85,+1.54%,-0.1,5,74925,卖盘
10:40:12,149.74,+1.46%,-0.11,7,104818,卖盘
10:40:15,149.95,+1.61%,+0.21,6,89970,买盘
10:40:24,149.79,+1.50%,-0.16,1,14979,中性盘
10:40:36,149.95,+1.61%,+0.16,2,29990,买盘
10:40:42,149.94,+1.60%,-0.01,39,584766,卖盘
10:40:45,149.94,+1.60%,--,8,119952,中性盘
10:40:48,149.95,+1.61%,+0.01,1,14995,买盘
10:40:51,149.95,+1.61%,--,3,44985,买盘
10:40:54,149.94,+1.60%,-0.01,2,29988,买盘
10:41:00,149.97,+1.62%,+0.03,118,1769646,买盘
10:41:03,150.0,+1.64%,+0.03,71,1074000,买盘
10:41:06,150.1,+1.71%,+0.1,19,285190,买盘
10:41:09,150.12,+1.72%,+0.02,2,30024,买盘
10:41:12,150.13,+1.73%,+0.01,2,30026,买盘
10:41:15,150.2,+1.78%,+0.07,19,285380,买盘
10:41:18,150.18,+1.76%,-0.02,1,15018,卖盘
10:41:24,150.18,+1.76%,--,1,15018,中性盘
10:41:27,150.18,+1.76%,--,2,30036,买盘
10:41:30,150.25,+1.81%,+0.07,30,450750,买盘
10:41:33,150.18,+1.76%,-0.07,1,15018,卖盘
10:41:36,150.18,+1.76%,--,3,45054,卖盘
10:41:39,150.23,+1.80%,+0.05,1,15023,中性盘
10:41:42,150.24,+1.80%,+0.01,2,30048,中性盘
10:41:45,150.18,+1.76%,-0.06,22,330396,卖盘
10:41:48,150.13,+1.73%,-0.05,4,60052,卖盘
10:41:51,150.13,+1.73%,--,22,330286,买盘
10:42:00,150.29,+1.84%,+0.11,23,345667,买盘
10:42:03,150.18,+1.76%,-0.11,1,15018,卖盘
10:42:09,150.18,+1.76%,--,8,120144,买盘
10:42:15,150.18,+1.76%,--,5,75090,中性盘
10:42:24,150.15,+1.74%,-0.03,1,15015,买盘
10:42:27,150.1,+1.71%,-0.05,4,60040,卖盘
10:42:30,150.15,+1.74%,+0.05,10,150150,买盘
10:42:33,150.1,+1.71%,-0.05,1,15010,卖盘
10:42:36,150.17,+1.75%,+0.07,2,30034,中性盘
10:42:39,150.14,+1.73%,-0.03,2,30028,中性盘
10:42:42,150.0,+1.64%,-0.14,22,330000,卖盘
10:42:45,150.08,+1.69%,+0.08,9,135072,中性盘
10:42:51,150.09,+1.70%,+0.01,5,75045,买盘
10:43:00,149.95,+1.61%,-0.14,35,524825,卖盘
10:43:03,149.96,+1.61%,+0.01,1,14996,中性盘
10:43:06,149.79,+1.50%,-0.17,12,179748,卖盘
10:43:09,149.97,+1.62%,+0.18,1,14997,买盘
10:43:12,149.97,+1.62%,--,1,14997,买盘
10:43:15,149.97,+1.62%,--,3,44991,中性盘
10:43:18,150.0,+1.64%,+0.03,7,105000,买盘
10:43:21,150.01,+1.65%,+0.01,1,15001,卖盘
10:43:24,149.97,+1.62%,-0.04,8,119976,卖盘
10:43:27,149.98,+1.63%,+0.01,1,14998,中性盘
10:43:30,149.96,+1.61%,-0.02,21,314916,卖盘
10:43:33,150.0,+1.64%,+0.04,104,1560000,买盘
10:43:36,150.18,+1.76%,+0.18,63,946134,买盘
10:43:39,150.17,+1.75%,-0.01,2,30034,中性盘
10:43:45,150.5,+1.98%,+0.33,165,2483250,买盘
10:43:48,150.47,+1.96%,-0.03,45,683134,中性盘
10:43:48,150.47,+1.96%,--,45,683134,中性盘
10:43:48,150.47,+1.96%,--,45,683134,卖盘
10:43:51,150.6,+2.05%,+0.13,7,105420,买盘
10:43:54,150.54,+2.01%,-0.06,2,36130,卖盘
10:43:57,150.55,+2.01%,+0.01,1,15055,卖盘
10:44:03,150.8,+2.18%,+0.25,3,45240,买盘
10:44:06,150.55,+2.01%,-0.25,5,75275,卖盘
10:44:09,150.8,+2.18%,+0.25,20,301600,买盘
10:44:15,150.8,+2.18%,--,16,241280,买盘
10:44:18,150.85,+2.22%,+0.05,1,15085,买盘
10:44:21,150.8,+2.18%,-0.05,15,226200,卖盘
10:44:24,150.79,+2.18%,-0.01,15,226185,卖盘
10:44:30,150.79,+2.18%,--,5,75395,买盘
10:44:33,150.71,+2.12%,-0.08,6,90426,卖盘
10:44:36,150.71,+2.12%,--,1,15071,买盘
10:44:42,150.79,+2.18%,+0.08,11,165869,买盘
10:44:45,150.88,+2.24%,+0.09,60,908298,买盘
10:44:48,150.8,+2.18%,-0.08,11,165880,卖盘
10:44:51,150.89,+2.24%,+0.09,20,301780,中性盘
10:44:57,150.96,+2.29%,+0.07,14,211344,买盘
10:45:03,150.98,+2.30%,+0.02,10,150980,买盘
10:45:06,150.87,+2.23%,-0.11,2,30174,中性盘
10:45:09,150.96,+2.29%,+0.09,1,15096,买盘
10:45:12,150.89,+2.24%,-0.07,10,150890,卖盘
10:45:15,150.85,+2.22%,-0.04,1,15085,买盘
10:45:21,150.86,+2.22%,+0.07,5,75430,买盘
10:45:24,150.82,+2.20%,-0.04,2,30164,中性盘
10:45:27,150.75,+2.15%,-0.07,1,15075,买盘
10:45:30,150.98,+2.30%,+0.23,52,785096,买盘
10:45:33,150.68,+2.10%,-0.3,2,30136,中性盘
10:45:36,150.75,+2.15%,+0.07,20,301500,买盘
10:45:39,150.75,+2.15%,--,14,211050,买盘
10:45:42,150.6,+2.05%,-0.15,1,15060,买盘
10:45:45,150.6,+2.05%,--,9,135540,买盘
10:45:48,150.55,+2.01%,-0.05,3,45165,卖盘
10:45:51,150.55,+2.01%,--,12,180660,卖盘
10:45:57,150.55,+2.01%,--,1,15055,买盘
10:46:00,150.5,+1.98%,-0.05,3,45150,卖盘
10:46:03,150.47,+1.96%,-0.03,15,225705,卖盘
10:46:12,150.34,+1.87%,-0.13,1,15034,卖盘
10:46:18,150.34,+1.87%,--,2,30068,卖盘
10:46:24,150.34,+1.87%,--,13,195442,卖盘
10:46:30,150.13,+1.73%,-0.21,1,15013,中性盘
10:46:48,150.29,+1.84%,+0.16,1,15029,中性盘
10:46:57,150.29,+1.84%,+0.04,4,60116,买盘
10:47:06,150.25,+1.81%,-0.04,2,30050,中性盘
10:47:18,150.18,+1.76%,-0.07,16,240288,卖盘
10:47:21,150.24,+1.80%,+0.06,3,45072,中性盘
10:47:27,150.24,+1.80%,--,2,30048,中性盘
10:47:30,150.19,+1.77%,-0.05,4,60076,卖盘
10:47:33,150.04,+1.67%,-0.15,14,210056,卖盘
10:47:36,149.96,+1.61%,-0.08,80,1199680,卖盘
10:47:39,150.0,+1.64%,+0.04,4,60000,中性盘
10:47:42,149.8,+1.50%,-0.2,6,89880,卖盘
10:47:45,150.0,+1.64%,+0.2,6,90000,买盘
10:47:48,150.07,+1.69%,+0.07,7,105049,买盘
10:47:51,149.8,+1.50%,-0.27,4,59920,卖盘
10:47:57,150.0,+1.64%,+0.2,1,15000,中性盘
10:48:06,150.0,+1.64%,--,2,30000,中性盘
10:48:09,149.84,+1.53%,-0.16,3,44952,卖盘
10:48:09,149.84,+1.53%,--,3,44952,中性盘
10:48:12,150.0,+1.64%,+0.16,3,45000,中性盘
10:48:24,149.84,+1.53%,-0.16,30,449520,卖盘
10:48:27,150.0,+1.64%,+0.16,2,30000,卖盘
10:48:30,150.05,+1.67%,+0.05,3,45015,买盘
10:48:42,150.0,+1.64%,-0.05,2,30000,中性盘
10:48:45,149.86,+1.54%,-0.14,1,14986,买盘
10:48:48,150.0,+1.64%,+0.14,1,15000,买盘
10:49:12,149.98,+1.63%,-0.02,18,269964,卖盘
10:49:15,149.99,+1.63%,+0.01,1,14999,买盘
10:49:24,150.0,+1.64%,+0.01,9,135000,买盘
10:49:27,149.99,+1.63%,-0.01,1,14999,买盘
10:49:30,150.0,+1.64%,+0.01,5,75000,买盘
10:49:33,149.84,+1.53%,-0.16,5,77317,卖盘
10:49:45,150.0,+1.64%,+0.16,5,75000,买盘
10:49:57,149.99,+1.63%,-0.06,16,239984,卖盘
10:50:00,149.83,+1.52%,-0.16,8,119864,卖盘
10:50:03,149.79,+1.50%,-0.04,3,57370,卖盘
10:50:06,149.84,+1.53%,+0.05,7,107435,卖盘
10:50:12,149.79,+1.50%,-0.05,2,29958,中性盘
10:50:21,149.63,+1.39%,-0.16,6,89778,卖盘
10:50:24,149.77,+1.48%,+0.14,11,164747,买盘
10:50:27,149.77,+1.48%,--,2,29954,买盘
10:50:30,149.63,+1.39%,-0.14,2,29926,卖盘
10:50:36,149.77,+1.48%,+0.14,1,14977,买盘
10:50:39,149.74,+1.46%,-0.03,1,14974,卖盘
10:50:45,149.8,+1.50%,+0.06,8,119840,买盘
10:50:48,149.81,+1.51%,+0.01,13,194753,买盘
10:50:51,149.78,+1.49%,-0.03,11,164758,卖盘
10:50:54,149.82,+1.52%,+0.04,6,89892,买盘
10:50:57,149.83,+1.52%,+0.01,3,44949,卖盘
10:51:00,149.83,+1.52%,--,6,89898,中性盘
10:51:03,149.83,+1.52%,--,6,89898,买盘
10:51:06,149.8,+1.50%,-0.03,10,149800,卖盘
10:51:09,149.78,+1.49%,-0.02,26,389428,卖盘
10:51:15,149.84,+1.53%,+0.06,3,44952,买盘
10:51:18,149.6,+1.37%,-0.24,14,209440,卖盘
10:51:27,149.6,+1.37%,--,28,418880,买盘
10:51:30,149.5,+1.30%,-0.1,3,44850,买盘
10:51:39,149.4,+1.23%,-0.1,2,29880,卖盘
10:51:42,149.11,+1.04%,-0.29,8,119288,卖盘
10:51:45,149.4,+1.23%,+0.29,1,14940,中性盘
10:51:51,149.4,+1.23%,--,1,14940,卖盘
10:51:54,149.6,+1.37%,+0.2,2,29920,买盘
10:51:57,149.73,+1.46%,+0.13,25,374325,买盘
10:52:09,149.72,+1.45%,-0.01,1,14972,中性盘
10:52:18,149.7,+1.44%,-0.02,1,14970,中性盘
10:52:24,149.27,+1.15%,-0.43,3,44781,中性盘
10:52:27,149.55,+1.33%,+0.28,4,59820,中性盘
10:52:30,149.27,+1.15%,-0.28,2,29854,卖盘
10:52:33,149.28,+1.15%,+0.01,1,14928,卖盘
10:52:33,149.28,+1.15%,--,1,14928,中性盘
10:52:36,149.7,+1.44%,+0.42,5,74850,买盘
10:52:39,149.29,+1.16%,-0.41,1,14929,卖盘
10:52:48,149.65,+1.40%,+0.36,2,29930,中性盘
10:52:51,149.65,+1.40%,--,1,14965,中性盘
10:53:03,149.69,+1.43%,+0.04,4,59876,买盘
10:53:06,149.69,+1.43%,--,2,29938,买盘
10:53:12,149.65,+1.40%,-0.04,5,74825,卖盘
10:53:15,149.65,+1.40%,--,5,74825,中性盘
10:53:39,149.65,+1.40%,-0.01,1,14965,中性盘
10:53:48,149.66,+1.41%,--,4,59864,中性盘
10:53:51,149.66,+1.41%,--,4,59864,卖盘
10:53:54,149.61,+1.38%,-0.05,9,134649,卖盘
10:54:06,149.66,+1.41%,+0.05,4,59864,中性盘
10:54:09,149.67,+1.42%,+0.01,2,29934,中性盘
10:54:18,149.66,+1.41%,-0.01,2,29932,卖盘
10:54:24,149.67,+1.42%,+0.01,9,134703,买盘
10:54:27,149.39,+1.23%,-0.28,13,194207,卖盘
10:54:36,149.68,+1.42%,+0.29,43,643624,买盘
10:54:42,149.66,+1.41%,-0.02,1,14966,中性盘
10:54:48,149.4,+1.23%,-0.26,4,59760,卖盘
10:54:54,149.66,+1.41%,+0.26,3,44898,买盘
10:55:03,149.66,+1.41%,--,8,119728,买盘
10:55:06,149.66,+1.41%,--,3,44898,买盘
10:55:09,149.68,+1.42%,+0.02,3,44904,买盘
10:55:12,149.66,+1.41%,-0.02,46,688436,卖盘
10:55:15,149.68,+1.42%,+0.02,6,89808,买盘
10:55:18,149.68,+1.42%,--,3,44904,买盘
10:55:21,149.69,+1.43%,+0.01,2,29938,买盘
10:55:24,149.69,+1.43%,--,1,14969,买盘
10:55:30,149.73,+1.46%,+0.03,7,104811,买盘
10:55:36,149.76,+1.48%,+0.03,3,44928,买盘
10:55:42,149.77,+1.48%,+0.01,3,44931,买盘
10:55:45,149.8,+1.50%,+0.03,4,59920,买盘
10:55:48,149.74,+1.46%,-0.06,9,134766,卖盘
10:55:51,149.84,+1.53%,+0.1,4,59936,买盘
10:55:54,149.95,+1.61%,+0.11,1,14995,买盘
10:55:57,149.95,+1.61%,--,1,14995,买盘
10:56:00,149.95,+1.61%,--,5,74975,买盘
10:56:03,149.95,+1.61%,--,1,14995,卖盘
10:56:06,149.99,+1.63%,+0.04,1,14999,买盘
10:56:27,150.0,+1.64%,+0.01,2,30000,买盘
10:56:30,149.99,+1.63%,-0.01,1,14999,卖盘
10:56:36,149.99,+1.63%,--,12,179988,卖盘
10:56:42,149.75,+1.47%,-0.24,29,434275,卖盘
10:56:45,149.99,+1.63%,+0.24,40,599960,买盘
10:56:48,149.7,+1.44%,-0.29,5,74850,卖盘
10:56:51,149.95,+1.61%,+0.25,1,14995,买盘
10:56:51,149.95,+1.61%,-0.26,1,14995,中性盘
10:57:00,149.69,+1.43%,-0.26,1,14969,卖盘
10:57:06,149.94,+1.60%,+0.25,1,14994,中性盘
10:57:15,149.92,+1.59%,-0.02,7,104944,中性盘
10:57:18,149.94,+1.60%,+0.02,10,149940,买盘
10:57:21,149.71,+1.44%,-0.23,1,14971,卖盘
10:57:24,149.9,+1.57%,+0.19,2,29980,买盘
10:57:27,149.87,+1.55%,-0.03,1,14987,中性盘
10:57:30,149.69,+1.43%,-0.18,7,104783,卖盘
10:57:36,149.7,+1.44%,+0.01,1,14970,买盘
10:57:42,149.7,+1.44%,--,6,89820,买盘
10:57:48,149.69,+1.43%,-0.01,2,29938,卖盘
10:57:51,149.69,+1.43%,--,4,59876,卖盘
10:57:54,149.69,+1.43%,--,9,134721,卖盘
10:58:00,149.7,+1.44%,+0.01,2,29940,买盘
10:58:06,149.98,+1.63%,+0.28,50,749900,买盘
10:58:09,149.92,+1.59%,-0.06,2,29984,买盘
10:58:15,149.8,+1.50%,-0.12,2,29960,卖盘
10:58:21,149.8,+1.50%,--,8,119840,卖盘
10:58:30,149.93,+1.59%,+0.13,3,44979,买盘
10:58:36,149.99,+1.63%,+0.06,1,14999,买盘
10:58:42,149.99,+1.63%,--,1,14999,买盘
10:58:48,149.81,+1.51%,-0.18,3,44943,卖盘
10:58:57,149.99,+1.63%,+0.18,1,14999,买盘
10:59:00,149.98,+1.63%,-0.01,4,59992,中性盘
10:59:15,149.9,+1.57%,-0.08,3,44970,中性盘
10:59:18,149.98,+1.63%,+0.08,2,29996,买盘
10:59:30,149.92,+1.59%,-0.06,3,44976,卖盘
10:59:36,149.98,+1.63%,+0.06,1,14998,买盘
10:59:39,149.99,+1.63%,+0.01,2,29998,买盘
10:59:42,149.99,+1.63%,--,2,29998,买盘
10:59:48,150.06,+1.68%,+0.07,32,489196,买盘
10:59:51,150.0,+1.64%,-0.06,7,105000,中性盘
11:00:00,150.06,+1.68%,+0.06,2,30012,买盘
11:00:09,149.82,+1.52%,-0.24,34,509388,卖盘
11:00:12,149.69,+1.43%,-0.13,42,628698,卖盘
11:00:15,149.68,+1.42%,-0.01,8,119744,买盘
11:00:18,149.66,+1.41%,-0.02,1,14966,买盘
11:00:24,149.5,+1.30%,-0.16,2,29900,卖盘
11:00:27,149.69,+1.43%,+0.19,1,14969,中性盘
11:00:30,149.5,+1.30%,-0.19,2,29900,卖盘
11:00:33,149.57,+1.35%,+0.07,1,14957,买盘
11:00:36,149.68,+1.42%,+0.11,34,508912,买盘
11:00:39,149.69,+1.43%,+0.01,2,29938,卖盘
11:00:48,149.69,+1.43%,--,1,14969,卖盘
11:00:51,149.69,+1.43%,--,3,44907,卖盘
11:00:54,149.69,+1.43%,--,7,104783,卖盘
11:00:57,149.69,+1.43%,--,4,59876,买盘
11:01:03,149.68,+1.42%,-0.01,5,74840,卖盘
11:01:06,149.68,+1.42%,--,15,224520,卖盘
11:01:09,149.69,+1.43%,+0.01,1,14969,卖盘
11:01:18,149.68,+1.42%,-0.01,4,59872,卖盘
11:01:18,149.68,+1.42%,--,4,59872,中性盘
11:01:18,149.68,+1.42%,--,4,59872,卖盘
11:01:21,149.68,+1.42%,--,30,449040,卖盘
11:01:24,149.72,+1.45%,+0.04,2,29944,买盘
11:01:42,149.68,+1.42%,-0.04,1,14968,卖盘
11:01:48,149.73,+1.46%,+0.05,2,29946,买盘
11:01:57,149.68,+1.42%,-0.05,1,14968,卖盘
11:02:24,149.74,+1.46%,--,2,29948,买盘
11:02:27,149.74,+1.46%,--,4,59896,买盘
11:02:33,149.76,+1.48%,+0.02,2,29952,买盘
11:02:36,149.75,+1.47%,-0.01,1,14975,卖盘
11:02:39,149.81,+1.51%,+0.06,1,14981,买盘
11:02:42,149.81,+1.51%,--,1,14981,买盘
11:02:48,149.92,+1.59%,+0.11,3,44976,买盘
11:02:57,149.81,+1.51%,-0.11,3,44943,中性盘
11:03:03,150.0,+1.64%,+0.19,2,30000,买盘
11:03:06,149.92,+1.59%,-0.08,1,14992,买盘
11:03:12,150.0,+1.64%,+0.08,2,30000,买盘
11:03:15,149.81,+1.51%,-0.19,6,89886,卖盘
11:03:24,150.0,+1.64%,+0.19,7,105000,买盘
11:03:27,149.86,+1.54%,-0.14,2,29972,中性盘
11:03:33,149.82,+1.52%,-0.04,3,44946,卖盘
11:03:42,149.9,+1.57%,+0.08,1,14990,中性盘
11:03:45,149.82,+1.52%,-0.08,2,29964,卖盘
11:03:48,149.81,+1.51%,-0.01,8,119848,卖盘
11:03:51,149.81,+1.51%,--,7,104867,卖盘
11:03:54,149.81,+1.51%,--,1,14981,卖盘
11:03:57,149.82,+1.52%,+0.01,8,119856,中性盘
11:04:15,149.9,+1.57%,+0.08,4,59960,买盘
11:04:18,149.82,+1.52%,-0.08,4,59928,卖盘
11:04:33,149.9,+1.57%,+0.08,1,14990,买盘
11:04:36,149.93,+1.59%,+0.03,2,29986,买盘
11:04:42,149.9,+1.57%,-0.03,2,29980,卖盘
11:04:45,149.9,+1.57%,--,3,44970,卖盘
11:04:54,149.9,+1.57%,--,2,29980,买盘
11:05:09,149.9,+1.57%,--,1,14990,买盘
11:05:18,149.9,+1.57%,--,3,44970,中性盘
11:05:33,149.98,+1.63%,+0.01,2,29996,买盘
11:05:36,149.98,+1.63%,--,1,14998,中性盘
11:05:45,149.99,+1.63%,+0.01,5,74995,买盘
11:05:54,149.98,+1.63%,-0.01,1,14998,买盘
11:05:57,150.0,+1.64%,+0.02,11,165000,买盘
11:06:00,149.98,+1.63%,-0.02,1,23547,中性盘
11:06:06,149.98,+1.63%,--,4,59992,中性盘
11:06:27,150.0,+1.64%,+0.02,2,30000,买盘
11:06:45,149.97,+1.62%,-0.03,4,59988,中性盘
11:06:51,150.0,+1.64%,+0.03,25,378000,买盘
11:07:00,149.98,+1.63%,-0.02,7,104986,卖盘
11:07:03,150.05,+1.67%,+0.07,4,60020,买盘
11:07:06,150.0,+1.64%,-0.05,2,30000,卖盘
11:07:12,150.05,+1.67%,+0.05,1,15005,买盘
11:07:15,150.0,+1.64%,-0.05,1,15000,卖盘
11:07:36,150.07,+1.69%,+0.07,1,15007,中性盘
11:07:39,150.05,+1.67%,-0.02,1,15005,中性盘
11:07:42,150.06,+1.68%,+0.01,9,135054,中性盘
11:07:48,150.0,+1.64%,-0.06,1,15000,卖盘
11:07:51,149.97,+1.62%,-0.03,58,869826,卖盘
11:07:54,149.93,+1.59%,-0.04,12,179916,卖盘
11:07:57,149.9,+1.57%,-0.03,4,59960,卖盘
11:08:00,149.87,+1.55%,-0.03,3,44961,中性盘
11:08:03,149.82,+1.52%,-0.05,4,59928,卖盘
11:08:06,150.0,+1.64%,+0.18,6,90000,买盘
11:08:12,149.85,+1.54%,-0.15,2,29970,买盘
11:08:15,149.84,+1.53%,-0.01,2,29968,卖盘
11:08:18,149.85,+1.54%,+0.01,4,59940,买盘
11:08:21,149.85,+1.54%,--,2,29970,中性盘
11:08:24,149.86,+1.54%,+0.01,1,14986,中性盘
11:08:27,149.85,+1.54%,-0.01,2,29970,卖盘
11:08:30,149.85,+1.54%,--,1,14985,卖盘
11:08:33,149.9,+1.57%,+0.05,1,14990,买盘
11:08:36,149.95,+1.61%,+0.05,4,59980,买盘
11:08:39,149.9,+1.57%,-0.05,47,704530,卖盘
11:08:42,150.0,+1.64%,+0.1,1,15000,买盘
11:08:54,150.0,+1.64%,--,1,15000,中性盘
11:09:00,149.95,+1.61%,-0.05,4,59980,中性盘
11:09:03,150.02,+1.65%,+0.07,1,15002,买盘
11:09:06,150.02,+1.65%,--,1,15002,买盘
11:09:24,150.02,+1.65%,--,3,45006,中性盘
11:09:33,149.99,+1.63%,-0.03,10,149990,卖盘
11:09:36,149.98,+1.63%,-0.01,2,29996,买盘
11:09:39,150.02,+1.65%,+0.04,17,255034,买盘
11:09:42,150.02,+1.65%,--,2,30004,卖盘
11:09:45,150.0,+1.64%,-0.02,4,60000,卖盘
11:09:54,149.96,+1.61%,-0.04,6,89976,卖盘
11:10:00,150.0,+1.64%,+0.04,1,15000,中性盘
11:10:03,149.97,+1.62%,-0.03,1,14997,卖盘
11:10:03,149.97,+1.62%,--,1,14997,中性盘
11:10:18,149.98,+1.63%,-0.02,1,14998,中性盘
11:10:21,150.0,+1.64%,+0.02,4,60000,买盘
11:10:24,150.12,+1.72%,+0.12,32,480384,买盘
11:10:27,150.1,+1.71%,-0.02,8,120080,卖盘
11:10:30,150.19,+1.77%,+0.09,10,150190,买盘
11:10:33,150.18,+1.76%,-0.01,7,105126,中性盘
11:10:36,150.2,+1.78%,+0.02,7,105140,中性盘
11:10:39,150.2,+1.78%,--,1,15020,卖盘
11:10:42,150.29,+1.84%,+0.09,2,30058,买盘
11:10:45,150.27,+1.82%,-0.02,3,45081,中性盘
11:10:48,150.27,+1.82%,--,2,30054,买盘
11:10:51,150.19,+1.77%,-0.08,18,270342,卖盘
11:10:54,150.25,+1.81%,+0.06,2,30050,买盘
11:10:57,150.27,+1.82%,+0.02,1,15027,买盘
11:11:00,150.27,+1.82%,--,3,45081,卖盘
11:11:03,150.27,+1.82%,--,2,30054,卖盘
11:11:15,150.2,+1.78%,-0.07,24,360480,卖盘
11:11:21,150.27,+1.82%,+0.07,1,15027,买盘
11:11:39,150.17,+1.75%,-0.1,8,120136,卖盘
11:11:48,150.16,+1.75%,-0.01,1,15016,中性盘
11:11:57,150.0,+1.64%,-0.16,1,15000,卖盘
11:12:06,150.16,+1.75%,+0.16,3,45048,买盘
11:12:12,150.09,+1.70%,-0.07,2,30018,中性盘
11:12:15,150.18,+1.76%,+0.09,1,15018,买盘
11:12:21,150.09,+1.70%,-0.09,2,30018,卖盘
11:12:27,150.26,+1.82%,+0.17,17,255442,买盘
11:12:36,150.01,+1.65%,-0.25,1,15001,卖盘
11:12:39,150.27,+1.82%,+0.26,31,465837,买盘
11:12:51,150.27,+1.82%,--,3,45081,买盘
11:12:57,150.27,+1.82%,--,10,150270,买盘
11:13:03,150.27,+1.82%,--,5,75135,卖盘
11:13:06,150.27,+1.82%,--,3,45081,中性盘
11:13:21,150.28,+1.83%,+0.01,2,30056,买盘
11:13:27,150.02,+1.65%,-0.26,1,15002,卖盘
11:13:39,150.15,+1.74%,+0.13,1,15015,买盘
11:13:45,150.15,+1.74%,--,2,30030,卖盘
11:13:48,150.15,+1.74%,--,1,15015,买盘
11:13:51,150.28,+1.83%,+0.13,1,15028,买盘
11:14:09,150.13,+1.73%,-0.15,3,45039,中性盘
11:14:15,150.13,+1.73%,--,1,15013,卖盘
11:14:18,150.08,+1.69%,-0.05,1,15008,中性盘
11:14:24,150.03,+1.66%,-0.05,1,15003,卖盘
11:14:24,150.03,+1.66%,--,1,15003,中性盘
11:14:36,150.03,+1.66%,--,3,45009,卖盘
11:14:39,150.01,+1.65%,-0.02,5,75005,卖盘
11:14:42,150.0,+1.64%,-0.01,31,465000,卖盘
11:15:03,150.0,+1.64%,--,34,510000,卖盘
11:15:15,150.0,+1.64%,--,5,75000,卖盘
11:15:33,150.0,+1.64%,--,29,435000,卖盘
11:15:42,150.0,+1.64%,+0.03,1,15000,买盘
11:16:03,150.02,+1.65%,+0.02,47,711095,买盘
11:16:09,150.13,+1.73%,+0.11,1,15013,买盘
11:16:15,150.13,+1.73%,--,11,165143,卖盘
11:16:18,150.13,+1.73%,--,4,60052,卖盘
11:16:30,150.28,+1.83%,+0.15,1,15028,买盘
11:16:39,150.28,+1.83%,--,1,15028,买盘
11:16:42,150.28,+1.83%,--,1,15028,卖盘
11:16:45,150.28,+1.83%,--,5,75140,卖盘
11:16:48,150.23,+1.80%,-0.05,1,15023,中性盘
11:17:33,150.16,+1.75%,-0.07,1,15016,中性盘
11:17:36,150.13,+1.73%,-0.03,18,270234,卖盘
11:17:39,150.13,+1.73%,--,10,150130,卖盘
11:17:45,150.07,+1.69%,-0.06,4,60028,卖盘
11:17:51,150.0,+1.64%,-0.07,34,510000,卖盘
11:17:57,150.0,+1.64%,-0.06,3,54000,卖盘
11:18:12,149.97,+1.62%,-0.03,3,44991,卖盘
11:18:18,149.99,+1.63%,+0.02,8,119992,买盘
11:18:27,149.95,+1.61%,-0.04,2,29990,卖盘
11:18:33,150.0,+1.64%,+0.05,1,15000,中性盘
11:18:36,149.95,+1.61%,-0.05,1,14995,卖盘
11:18:42,149.95,+1.61%,--,2,29990,卖盘
11:18:48,149.98,+1.63%,+0.03,3,44994,买盘
11:18:48,149.98,+1.63%,--,3,44994,中性盘
11:18:54,149.95,+1.61%,-0.03,1,14995,卖盘
11:19:06,149.98,+1.63%,+0.03,1,14998,买盘
11:19:27,149.95,+1.61%,-0.03,2,29990,卖盘
11:19:33,150.0,+1.64%,+0.05,3,45000,买盘
11:19:42,150.0,+1.64%,--,2,30000,卖盘
11:19:45,149.82,+1.52%,-0.18,76,1138632,卖盘
11:19:48,149.82,+1.52%,--,4,59928,买盘
11:19:51,149.68,+1.42%,-0.14,22,329296,卖盘
11:20:00,149.81,+1.51%,+0.13,3,44943,中性盘
11:20:06,149.68,+1.42%,-0.13,4,59872,卖盘
11:20:09,149.81,+1.51%,+0.13,1,14981,买盘
11:20:18,149.81,+1.51%,--,2,29962,买盘
11:20:24,149.8,+1.50%,-0.01,4,59920,中性盘
11:20:30,149.81,+1.51%,+0.01,16,239696,买盘
11:20:33,149.68,+1.42%,-0.13,2,29936,卖盘
11:20:36,149.8,+1.50%,+0.12,3,44940,买盘
11:20:39,149.8,+1.50%,--,1,14980,买盘
11:20:45,149.69,+1.43%,-0.11,2,29938,卖盘
11:20:51,149.69,+1.43%,--,5,74845,卖盘
11:20:54,149.79,+1.50%,+0.1,1,14979,中性盘
11:20:57,149.79,+1.50%,--,1,14979,买盘
11:21:03,149.69,+1.43%,-0.1,24,359256,卖盘
11:21:06,149.79,+1.50%,+0.1,1,14979,卖盘
11:21:09,149.79,+1.50%,--,9,143948,卖盘
11:21:12,149.79,+1.50%,--,4,65758,卖盘
11:21:15,149.79,+1.50%,--,2,39095,买盘
11:21:21,149.8,+1.50%,+0.01,2,29960,买盘
11:21:27,149.74,+1.46%,-0.06,2,29948,中性盘
11:21:30,149.8,+1.50%,+0.06,4,59920,买盘
11:21:33,149.74,+1.46%,-0.06,4,59896,卖盘
11:21:54,149.81,+1.51%,+0.07,2,29962,买盘
11:21:57,149.74,+1.46%,-0.07,2,29948,卖盘
11:22:27,149.74,+1.46%,--,5,74870,卖盘
11:22:33,149.76,+1.48%,+0.02,1,14976,买盘
11:22:42,149.74,+1.46%,-0.02,5,74870,卖盘
11:22:45,149.68,+1.42%,-0.06,8,119744,卖盘
11:22:51,149.68,+1.42%,--,2,29936,卖盘
11:23:09,149.68,+1.42%,--,3,44904,卖盘
11:23:09,149.68,+1.42%,--,3,44904,中性盘
11:23:15,149.72,+1.45%,+0.04,1,14972,买盘
11:23:18,149.7,+1.44%,-0.02,2,29940,卖盘
11:23:24,149.7,+1.44%,--,2,29940,卖盘
11:23:27,149.7,+1.44%,--,1,14970,卖盘
11:23:33,149.7,+1.44%,--,1,14970,中性盘
11:23:42,149.68,+1.42%,-0.02,3,44904,卖盘
11:23:45,149.68,+1.42%,--,11,164648,卖盘
11:23:54,149.68,+1.42%,-0.06,3,44904,卖盘
11:24:00,149.74,+1.46%,+0.06,2,29948,买盘
11:24:03,149.74,+1.46%,--,1,14974,卖盘
11:24:06,149.75,+1.47%,+0.01,4,59900,买盘
11:24:12,149.74,+1.46%,-0.01,1,14974,卖盘
11:24:42,149.74,+1.46%,-0.01,2,29948,卖盘
11:25:00,149.74,+1.46%,-0.01,8,119792,卖盘
11:25:12,149.74,+1.46%,--,2,29948,卖盘
11:25:15,149.74,+1.46%,--,4,59896,卖盘
11:25:21,149.74,+1.46%,-0.01,4,59896,卖盘
11:25:33,149.74,+1.46%,--,1,14974,买盘
11:25:39,149.74,+1.46%,--,4,59896,中性盘
11:25:42,149.75,+1.47%,+0.01,2,29950,买盘
11:26:00,149.76,+1.48%,+0.01,2,29952,买盘
11:26:03,149.68,+1.42%,-0.08,2,29936,卖盘
11:26:12,149.75,+1.47%,+0.07,2,29950,中性盘
11:26:18,149.68,+1.42%,-0.07,2,29936,卖盘
11:26:24,149.74,+1.46%,+0.06,4,59896,中性盘
11:26:27,149.68,+1.42%,-0.06,2,29936,卖盘
11:26:30,149.74,+1.46%,+0.06,3,44922,买盘
11:26:42,149.68,+1.42%,-0.06,2,29936,中性盘
11:26:45,149.76,+1.48%,+0.08,2,29952,买盘
11:26:54,149.73,+1.46%,-0.03,2,29946,卖盘
11:27:06,149.5,+1.30%,-0.23,0,11960,卖盘
11:27:12,149.76,+1.48%,+0.26,13,194688,买盘
11:27:15,149.68,+1.42%,-0.08,3,44904,卖盘
11:27:18,149.79,+1.50%,+0.11,2,29958,买盘
11:27:21,149.44,+1.26%,-0.35,60,896640,卖盘
11:27:27,149.3,+1.17%,-0.14,3,44790,卖盘
11:27:27,149.3,+1.17%,--,3,44790,中性盘
11:27:42,149.44,+1.26%,+0.14,3,44832,中性盘
11:27:51,149.31,+1.17%,-0.13,1,14931,中性盘
11:28:03,149.31,+1.17%,--,2,29862,卖盘
11:28:06,149.44,+1.26%,+0.13,3,44832,买盘
11:28:12,149.32,+1.18%,-0.12,1,14932,卖盘
11:28:15,149.44,+1.26%,+0.12,2,29888,买盘
11:28:24,149.44,+1.26%,--,1,14944,中性盘
11:28:27,149.44,+1.26%,--,0,5978,卖盘
11:28:30,149.32,+1.18%,-0.12,8,119456,卖盘
11:28:42,149.68,+1.42%,+0.36,5,74840,买盘
11:28:48,149.32,+1.18%,-0.36,1,14932,卖盘
11:28:51,149.67,+1.42%,+0.35,1,14967,买盘
11:29:06,149.67,+1.42%,--,1,14967,买盘
11:29:12,149.67,+1.42%,--,3,44901,买盘
11:29:15,149.67,+1.42%,--,2,29934,中性盘
11:29:30,149.67,+1.42%,--,21,314307,买盘
11:29:36,149.67,+1.42%,--,9,134703,买盘
11:29:48,149.6,+1.37%,-0.07,2,29920,中性盘
11:29:51,149.62,+1.38%,+0.02,2,29924,买盘
11:29:57,149.69,+1.43%,+0.07,6,89814,买盘
11:30:03,149.69,+1.43%,--,0,0,买盘
13:00:03,149.33,+1.19%,-0.36,10,158290,卖盘
13:00:06,149.69,+1.43%,+0.36,27,404163,买盘
13:00:09,149.4,+1.23%,-0.29,14,209160,中性盘
13:00:12,149.37,+1.21%,-0.03,20,298740,卖盘
13:00:15,149.34,+1.19%,-0.03,20,298680,卖盘
13:00:18,149.26,+1.14%,-0.08,28,420913,卖盘
13:00:21,149.62,+1.38%,+0.36,54,807948,买盘
13:00:24,149.63,+1.39%,+0.01,9,134667,中性盘
13:00:27,149.69,+1.43%,+0.06,5,74845,买盘
13:00:30,149.65,+1.40%,-0.04,1,14965,卖盘
13:00:33,149.7,+1.44%,+0.05,5,74850,买盘
13:00:39,149.7,+1.44%,--,1,14970,买盘
13:00:42,149.68,+1.42%,-0.02,8,119744,卖盘
13:00:45,149.7,+1.44%,+0.02,1,14970,卖盘
13:00:48,149.7,+1.44%,--,4,59880,卖盘
13:00:51,149.72,+1.45%,+0.02,3,44916,卖盘
13:00:57,149.79,+1.50%,+0.07,3,44937,中性盘
13:01:00,149.84,+1.53%,+0.05,3,44952,中性盘
13:01:03,149.98,+1.63%,+0.14,11,164978,买盘
13:01:06,149.98,+1.63%,--,3,44994,买盘
13:01:09,149.98,+1.63%,--,4,59992,买盘
13:01:12,149.98,+1.63%,--,2,29996,中性盘
13:01:15,149.99,+1.63%,+0.01,7,104993,买盘
13:01:18,150.07,+1.69%,+0.08,26,390182,买盘
13:01:21,150.15,+1.74%,+0.08,7,117117,买盘
13:01:27,150.2,+1.78%,+0.05,4,60080,买盘
13:01:30,150.2,+1.78%,--,2,30040,买盘
13:01:36,150.19,+1.77%,-0.01,11,165209,卖盘
13:01:42,150.19,+1.77%,--,3,45057,卖盘
13:01:45,150.29,+1.84%,+0.1,6,90174,买盘
13:01:51,150.07,+1.69%,-0.22,18,270126,卖盘
13:01:54,150.14,+1.73%,+0.07,1,15014,买盘
13:01:54,150.14,+1.73%,-0.07,1,15014,中性盘
13:02:06,150.07,+1.69%,-0.07,12,180084,卖盘
13:02:09,149.99,+1.63%,-0.08,4,59996,卖盘
13:02:12,150.07,+1.69%,+0.08,3,45021,买盘
13:02:21,150.07,+1.69%,--,5,75035,买盘
13:02:24,150.13,+1.73%,+0.06,9,135117,买盘
13:02:27,150.21,+1.78%,+0.08,14,210294,买盘
13:02:30,150.14,+1.73%,-0.07,4,60056,中性盘
13:02:36,150.14,+1.73%,--,1,15014,卖盘
13:02:39,150.15,+1.74%,+0.01,1,15015,买盘
13:02:51,150.07,+1.69%,-0.08,5,75035,卖盘
13:02:54,150.06,+1.68%,-0.01,9,135054,卖盘
13:03:00,150.06,+1.68%,--,6,90036,买盘
13:03:06,149.98,+1.63%,-0.08,5,74990,卖盘
13:03:09,149.98,+1.63%,--,5,74990,中性盘
13:03:12,149.7,+1.44%,-0.28,25,374250,卖盘
13:03:15,149.7,+1.44%,--,9,134730,卖盘
13:03:18,149.7,+1.44%,--,13,194610,卖盘
13:03:21,149.71,+1.44%,+0.01,1,14971,卖盘
13:03:24,149.97,+1.62%,+0.26,3,44991,买盘
13:03:30,149.92,+1.59%,-0.05,1,14992,中性盘
13:03:39,149.82,+1.52%,-0.1,2,29964,中性盘
13:03:42,149.84,+1.53%,+0.02,6,89904,买盘
13:03:51,149.85,+1.54%,+0.01,2,29970,买盘
13:03:57,149.8,+1.50%,-0.05,7,104860,买盘
13:04:03,149.84,+1.53%,+0.04,5,74920,卖盘
13:04:06,149.87,+1.55%,+0.03,4,59948,卖盘
13:04:09,149.85,+1.54%,-0.02,3,44955,卖盘
13:04:12,149.82,+1.52%,-0.03,4,59928,卖盘
13:04:15,149.78,+1.49%,-0.04,3,44934,卖盘
13:04:18,149.83,+1.52%,+0.05,3,44949,买盘
13:04:21,149.84,+1.53%,+0.01,13,194792,买盘
13:04:24,149.84,+1.53%,--,1,14984,卖盘
13:04:39,149.94,+1.60%,+0.1,4,59976,买盘
13:04:45,149.95,+1.61%,+0.01,2,29990,买盘
13:04:48,149.94,+1.60%,-0.01,3,44982,卖盘
13:04:51,149.96,+1.61%,+0.02,4,59984,买盘
13:04:54,149.94,+1.60%,-0.02,4,59976,卖盘
13:05:03,149.94,+1.60%,--,4,59976,买盘
13:05:06,149.94,+1.60%,--,1,14994,买盘
13:05:09,149.84,+1.53%,-0.1,4,59936,卖盘
13:05:15,149.94,+1.60%,+0.1,2,29988,中性盘
13:05:18,149.85,+1.54%,-0.09,1,14985,中性盘
13:05:21,149.95,+1.61%,+0.1,2,29990,买盘
13:05:27,149.94,+1.60%,-0.01,1,14994,中性盘
13:05:30,149.85,+1.54%,-0.09,2,29970,卖盘
13:05:33,149.83,+1.52%,-0.02,1,14983,买盘
13:05:42,149.95,+1.61%,+0.12,5,74975,买盘
13:05:45,149.95,+1.61%,--,7,104965,买盘
13:05:48,149.83,+1.52%,-0.12,7,104881,卖盘
13:05:51,150.03,+1.66%,+0.2,1,15003,买盘
13:05:57,149.83,+1.52%,-0.2,1,14983,卖盘
13:06:06,149.82,+1.52%,-0.01,24,359568,卖盘
13:06:09,150.03,+1.66%,+0.21,2,30006,买盘
13:06:15,150.0,+1.64%,-0.03,4,60000,中性盘
13:06:18,149.47,+1.28%,-0.53,26,388622,卖盘
13:06:18,149.47,+1.28%,--,26,388622,中性盘
13:06:18,149.47,+1.28%,--,26,388622,卖盘
13:06:21,149.82,+1.52%,+0.35,5,74910,买盘
13:06:24,149.82,+1.52%,--,2,29964,买盘
13:06:33,149.76,+1.48%,-0.06,5,74880,中性盘
13:06:42,149.47,+1.28%,-0.29,2,29894,卖盘
13:06:45,149.72,+1.45%,+0.25,5,74860,买盘
13:07:06,149.71,+1.44%,-0.05,3,44913,中性盘
13:07:21,149.61,+1.38%,-0.1,4,59844,卖盘
13:07:27,149.68,+1.42%,+0.07,5,74840,买盘
13:07:30,149.66,+1.41%,-0.02,2,29932,买盘
13:07:33,149.6,+1.37%,-0.06,1,14960,中性盘
13:07:36,149.39,+1.23%,-0.21,2,29878,卖盘
13:07:39,149.61,+1.38%,+0.22,9,134649,买盘
13:08:00,149.6,+1.37%,-0.01,9,134640,卖盘
13:08:03,149.6,+1.37%,--,2,29920,买盘
13:08:06,149.6,+1.37%,--,5,74800,买盘
13:08:09,149.65,+1.40%,+0.05,7,104755,买盘
13:08:12,149.39,+1.23%,-0.26,9,134451,卖盘
13:08:18,149.49,+1.29%,+0.1,1,14949,中性盘
13:08:33,149.53,+1.32%,+0.04,10,149530,中性盘
13:08:36,149.46,+1.27%,-0.07,2,29892,卖盘
13:08:39,149.46,+1.27%,--,7,104622,中性盘
13:08:42,149.47,+1.28%,+0.01,1,14947,中性盘
13:08:51,149.48,+1.29%,+0.01,1,14948,卖盘
13:08:57,149.65,+1.40%,+0.17,1,14965,买盘
13:09:03,149.48,+1.29%,-0.17,3,44844,卖盘
13:09:06,149.48,+1.29%,--,2,29896,卖盘
13:09:12,149.6,+1.37%,+0.12,2,29920,买盘
13:09:18,149.48,+1.29%,-0.12,6,89688,卖盘
13:09:21,149.64,+1.40%,+0.16,2,29928,买盘
13:09:24,149.63,+1.39%,-0.01,3,44889,买盘
13:09:30,149.63,+1.39%,--,2,29926,买盘
13:09:36,149.64,+1.40%,+0.01,3,44892,买盘
13:09:39,149.65,+1.40%,+0.01,2,29930,买盘
13:09:42,149.53,+1.32%,-0.12,3,44859,卖盘
13:09:45,149.68,+1.42%,+0.15,6,89808,买盘
13:10:00,149.67,+1.42%,-0.01,3,44901,中性盘
13:10:06,149.67,+1.42%,--,3,44901,卖盘
13:10:09,149.64,+1.40%,-0.03,3,44892,卖盘
13:10:12,149.64,+1.40%,--,5,74820,中性盘
13:10:15,149.64,+1.40%,--,4,59856,买盘
13:10:18,149.64,+1.40%,--,7,104748,买盘
13:10:27,149.68,+1.42%,+0.04,5,74840,买盘
13:10:30,149.68,+1.42%,--,2,29936,买盘
13:10:33,149.7,+1.44%,+0.02,8,119760,买盘
13:10:36,149.68,+1.42%,-0.02,7,104776,中性盘
13:10:39,149.68,+1.42%,--,1,14968,卖盘
13:10:42,149.68,+1.42%,--,1,14968,中性盘
13:10:51,149.82,+1.52%,+0.14,14,209748,买盘
13:10:54,149.65,+1.40%,-0.17,4,59860,中性盘
13:11:00,149.62,+1.38%,-0.03,3,44886,卖盘
13:11:03,149.55,+1.33%,-0.07,1,14955,卖盘
13:11:06,149.6,+1.37%,+0.05,1,14960,买盘
13:11:09,149.55,+1.33%,-0.05,1,14955,卖盘
13:11:12,149.61,+1.38%,+0.06,3,44883,买盘
13:11:15,149.55,+1.33%,-0.06,5,74775,卖盘
13:11:18,149.55,+1.33%,--,2,29910,买盘
13:11:27,149.55,+1.33%,--,5,74775,卖盘
13:11:30,149.62,+1.38%,+0.07,3,44886,买盘
13:11:36,149.55,+1.33%,-0.07,3,44865,卖盘
13:11:51,149.55,+1.33%,--,12,179460,中性盘
13:12:15,149.35,+1.20%,-0.2,26,388310,卖盘
13:12:21,149.54,+1.33%,+0.19,3,44862,卖盘
13:12:24,149.55,+1.33%,+0.01,1,14955,买盘
13:12:27,149.55,+1.33%,--,5,74775,买盘
13:12:30,149.6,+1.37%,+0.05,6,89760,买盘
13:12:33,149.65,+1.40%,+0.05,5,74825,买盘
13:12:36,149.68,+1.42%,+0.03,1,14968,买盘
13:12:39,149.68,+1.42%,--,2,29936,中性盘
13:12:42,149.83,+1.52%,+0.15,3,44949,买盘
13:12:48,149.83,+1.52%,--,2,29966,买盘
13:12:57,149.88,+1.56%,+0.05,2,29976,买盘
13:13:18,149.88,+1.56%,--,3,44964,买盘
13:13:21,149.88,+1.56%,--,4,59952,买盘
13:13:24,149.9,+1.57%,+0.02,1,14990,买盘
13:13:27,149.91,+1.58%,+0.01,3,44973,买盘
13:13:30,149.98,+1.63%,+0.07,3,44994,买盘
13:13:39,150.0,+1.64%,+0.02,6,90000,买盘
13:13:54,150.03,+1.66%,+0.03,17,261052,买盘
13:13:57,150.02,+1.65%,-0.01,5,75010,卖盘
13:14:00,150.02,+1.65%,--,6,99013,卖盘
13:14:03,150.02,+1.65%,--,13,195026,买盘
13:14:09,150.0,+1.64%,-0.02,3,45000,中性盘
13:14:12,150.01,+1.65%,+0.01,1,15001,买盘
13:14:18,149.98,+1.63%,-0.03,3,44994,卖盘
13:14:21,149.98,+1.63%,--,1,14998,买盘
13:14:24,150.0,+1.64%,+0.02,3,45000,买盘
13:14:33,149.98,+1.63%,-0.02,2,29996,卖盘
13:14:36,149.93,+1.59%,-0.05,4,59972,中性盘
13:14:48,149.9,+1.57%,-0.03,8,119920,卖盘
13:14:54,149.96,+1.61%,+0.06,6,89976,中性盘
13:14:57,149.97,+1.62%,+0.01,1,14997,买盘
13:15:03,149.97,+1.62%,--,4,59988,买盘
13:15:03,149.97,+1.62%,--,4,59988,中性盘
13:15:03,149.97,+1.62%,--,4,59988,卖盘
13:15:09,150.0,+1.64%,+0.03,5,75000,买盘
13:15:12,150.01,+1.65%,+0.01,6,90006,买盘
13:15:15,150.05,+1.67%,+0.04,3,45015,买盘
13:15:18,150.01,+1.65%,-0.04,10,150010,卖盘
13:15:24,150.05,+1.67%,+0.04,2,30010,买盘
13:15:27,150.01,+1.65%,-0.04,1,15001,买盘
13:15:33,150.04,+1.67%,+0.03,1,15004,卖盘
13:15:42,150.01,+1.65%,-0.03,2,30002,中性盘
13:15:45,150.05,+1.67%,+0.04,7,105035,买盘
13:15:48,150.05,+1.67%,--,1,15005,卖盘
13:15:57,150.06,+1.68%,+0.06,1,15006,买盘
13:16:03,150.06,+1.68%,--,7,105042,买盘
13:16:09,149.94,+1.60%,-0.12,26,389844,卖盘
13:16:12,149.99,+1.63%,+0.05,6,89994,买盘
13:16:24,149.88,+1.56%,-0.11,8,119904,卖盘
13:16:27,149.88,+1.56%,--,6,89928,卖盘
13:16:30,149.99,+1.63%,+0.11,2,29998,买盘
13:16:36,149.99,+1.63%,--,1,14999,中性盘
13:16:39,149.99,+1.63%,--,3,44997,买盘
13:16:51,149.99,+1.63%,--,5,74995,买盘
13:16:54,149.99,+1.63%,--,2,29998,卖盘
13:16:57,149.94,+1.60%,-0.05,5,74970,卖盘
13:17:00,149.97,+1.62%,+0.03,2,29994,买盘
13:17:06,149.97,+1.62%,--,3,44991,买盘
13:17:09,150.0,+1.64%,+0.03,4,60000,买盘
13:17:12,149.97,+1.62%,-0.03,1,14997,中性盘
13:17:15,150.0,+1.64%,+0.03,2,30000,买盘
13:17:24,150.0,+1.64%,--,4,60000,买盘
13:17:42,150.02,+1.65%,+0.02,2,30004,买盘
13:17:45,150.05,+1.67%,+0.03,3,45015,买盘
13:17:48,150.02,+1.65%,-0.03,3,45006,卖盘
13:17:51,150.02,+1.65%,--,4,60008,卖盘
13:17:57,150.05,+1.67%,+0.03,2,30010,买盘
13:18:15,150.02,+1.65%,-0.03,1,15002,中性盘
13:18:18,150.0,+1.64%,-0.02,27,405000,卖盘
13:18:24,149.95,+1.61%,-0.05,12,179940,卖盘
13:18:30,149.93,+1.59%,-0.02,3,44979,中性盘
13:18:33,149.9,+1.57%,-0.03,7,104930,卖盘
13:18:36,149.97,+1.62%,+0.07,1,14997,买盘
13:18:42,149.95,+1.61%,-0.02,1,14995,中性盘
13:18:51,149.93,+1.59%,-0.02,1,14993,卖盘
13:18:57,149.93,+1.59%,--,5,74965,卖盘
13:19:00,149.93,+1.59%,--,4,59972,买盘
13:19:06,149.9,+1.57%,-0.03,1,14990,卖盘
13:19:12,149.93,+1.59%,+0.03,11,164923,买盘
13:19:15,149.93,+1.59%,--,5,74965,买盘
13:19:18,149.96,+1.61%,+0.03,46,689816,买盘
13:19:21,149.97,+1.62%,+0.01,4,59988,买盘
13:19:24,150.0,+1.64%,+0.03,10,150000,买盘
13:19:24,150.0,+1.64%,--,10,150000,中性盘
13:19:27,150.02,+1.65%,+0.02,8,120016,买盘
13:19:30,150.05,+1.67%,+0.03,10,150050,买盘
13:19:39,150.06,+1.68%,+0.01,2,30012,买盘
13:19:42,150.05,+1.67%,-0.01,3,45015,卖盘
13:19:45,150.0,+1.64%,-0.05,3,45000,卖盘
13:20:06,150.0,+1.64%,--,3,45000,买盘
13:20:09,150.0,+1.64%,--,8,120000,买盘
13:20:12,150.0,+1.64%,--,1,15000,卖盘
13:20:15,150.0,+1.64%,--,4,60000,卖盘
13:20:18,150.01,+1.65%,+0.01,4,60004,买盘
13:20:21,150.04,+1.67%,+0.03,2,30008,买盘
13:20:24,150.0,+1.64%,-0.04,1,15000,买盘
13:20:39,150.0,+1.64%,--,3,45000,卖盘
13:20:42,149.95,+1.61%,-0.05,8,119960,卖盘
13:20:45,150.0,+1.64%,+0.05,6,90000,买盘
13:20:48,150.0,+1.64%,--,1,15000,买盘
13:20:54,150.01,+1.65%,+0.01,4,60004,中性盘
13:20:57,149.97,+1.62%,-0.04,4,59988,卖盘
13:21:00,149.91,+1.58%,-0.06,6,89946,卖盘
13:21:09,149.93,+1.59%,+0.02,1,14993,中性盘
13:21:12,149.93,+1.59%,--,1,14993,卖盘
13:21:15,149.93,+1.59%,--,3,44979,卖盘
13:21:18,149.88,+1.56%,-0.05,8,119904,卖盘
13:21:21,149.95,+1.61%,+0.07,1,14995,中性盘
13:21:27,149.88,+1.56%,-0.07,18,269784,卖盘
13:21:30,149.95,+1.61%,+0.07,2,29990,买盘
13:21:48,149.88,+1.56%,--,3,44964,卖盘
13:21:51,149.95,+1.61%,+0.07,1,14995,买盘
13:21:57,149.88,+1.56%,-0.07,1,14988,卖盘
13:22:03,149.88,+1.56%,--,8,119904,卖盘
13:22:06,149.88,+1.56%,--,4,59952,卖盘
13:22:12,149.88,+1.56%,--,1,14988,卖盘
13:22:21,149.82,+1.52%,-0.06,3,44946,卖盘
13:22:33,149.8,+1.50%,-0.02,2,29960,卖盘
13:22:36,149.8,+1.50%,--,4,59920,卖盘
13:22:39,149.8,+1.50%,--,1,14980,中性盘
13:22:54,149.87,+1.55%,+0.07,9,134883,买盘
13:23:00,149.86,+1.54%,-0.01,5,74930,卖盘
13:23:03,149.95,+1.61%,+0.09,3,44985,买盘
13:23:09,149.89,+1.57%,-0.06,2,29978,中性盘
13:23:12,149.92,+1.59%,+0.03,3,44976,中性盘
13:23:15,149.87,+1.55%,-0.05,22,329714,卖盘
13:23:18,149.81,+1.51%,-0.06,13,194753,卖盘
13:23:21,149.8,+1.50%,-0.01,3,44940,卖盘
13:23:24,149.79,+1.50%,-0.01,1,14979,中性盘
13:23:27,149.68,+1.42%,-0.11,1,14968,卖盘
13:23:36,149.79,+1.50%,+0.11,1,14979,买盘
13:23:39,149.66,+1.41%,-0.13,7,104762,卖盘
13:23:45,149.69,+1.43%,+0.03,4,59876,买盘
13:23:45,149.69,+1.43%,-0.03,4,59876,中性盘
13:23:51,149.66,+1.41%,-0.03,1,14966,中性盘
13:24:00,149.66,+1.41%,--,1,14966,买盘
13:24:03,149.61,+1.38%,-0.05,2,29922,卖盘
13:24:06,149.61,+1.38%,--,3,44883,卖盘
13:24:09,149.61,+1.38%,--,2,29922,买盘
13:24:18,149.57,+1.35%,-0.04,4,59828,卖盘
13:24:21,149.57,+1.35%,--,2,29914,买盘
13:24:24,149.5,+1.30%,-0.07,1,14950,卖盘
13:24:27,149.66,+1.41%,+0.16,1,14966,买盘
13:24:30,149.69,+1.43%,+0.03,3,44907,买盘
13:24:39,149.5,+1.30%,-0.26,1,14950,卖盘
13:24:42,149.41,+1.24%,-0.09,2,29882,卖盘
13:24:54,149.78,+1.49%,+0.37,1,14978,买盘
13:24:57,149.78,+1.49%,--,2,29956,买盘
13:25:00,149.53,+1.32%,-0.25,8,119624,卖盘
13:25:03,149.53,+1.32%,--,2,29906,卖盘
13:25:09,149.53,+1.32%,--,9,134577,卖盘
13:25:12,149.47,+1.28%,-0.06,1,14947,卖盘
13:25:15,149.37,+1.21%,-0.1,21,313677,卖盘
13:25:18,149.47,+1.28%,+0.1,9,134523,买盘
13:25:21,149.32,+1.18%,-0.15,4,59728,卖盘
13:25:24,149.41,+1.24%,+0.09,1,14941,买盘
13:25:33,149.31,+1.17%,-0.1,2,29862,卖盘
13:25:39,149.67,+1.42%,+0.36,1,14967,买盘
13:25:42,149.46,+1.27%,-0.21,5,74730,卖盘
13:25:45,149.67,+1.42%,+0.21,2,29934,买盘
13:25:54,149.7,+1.44%,+0.03,1,26946,买盘
13:25:57,149.46,+1.27%,-0.24,3,44838,卖盘
13:26:06,149.5,+1.30%,+0.04,1,14950,中性盘
13:26:09,149.46,+1.27%,-0.04,10,152449,卖盘
13:26:12,149.4,+1.23%,-0.06,4,59760,买盘
13:26:18,149.39,+1.23%,-0.01,2,29878,买盘
13:26:21,149.4,+1.23%,+0.01,52,788832,买盘
13:26:27,149.45,+1.27%,+0.05,3,44835,买盘
13:26:30,149.46,+1.27%,+0.01,4,59784,买盘
13:26:33,149.41,+1.24%,-0.05,3,44823,卖盘
13:26:39,149.41,+1.24%,--,1,14941,卖盘
13:26:48,149.46,+1.27%,+0.05,2,29892,买盘
13:27:09,149.42,+1.25%,-0.04,6,89652,卖盘
13:27:12,149.41,+1.24%,-0.01,14,209174,卖盘
13:27:15,149.42,+1.25%,+0.01,1,14942,中性盘
13:27:27,149.37,+1.21%,-0.05,3,44811,卖盘
13:27:30,149.37,+1.21%,--,1,14937,卖盘
13:27:42,149.37,+1.21%,--,4,59748,卖盘
13:27:48,149.37,+1.21%,--,2,29874,买盘
13:27:51,149.36,+1.21%,-0.01,2,29872,卖盘
13:27:57,149.42,+1.25%,+0.06,8,119536,买盘
13:28:03,149.36,+1.21%,-0.06,12,185206,卖盘
13:28:06,149.36,+1.21%,--,1,14936,卖盘
13:28:09,149.36,+1.21%,--,4,68706,卖盘
13:28:09,149.36,+1.21%,--,4,68706,中性盘
13:28:12,149.36,+1.21%,--,2,29872,卖盘
13:28:18,149.34,+1.19%,-0.02,8,119472,卖盘
13:28:39,149.42,+1.25%,+0.08,3,44826,买盘
13:28:57,149.42,+1.25%,--,2,29884,买盘
13:29:03,149.36,+1.21%,-0.06,4,59744,卖盘
13:29:12,149.36,+1.21%,--,3,44808,卖盘
13:29:15,149.46,+1.27%,+0.1,3,44838,买盘
13:29:21,149.36,+1.21%,-0.1,15,224040,卖盘
13:29:24,149.33,+1.19%,-0.03,4,59732,卖盘
13:29:27,149.32,+1.18%,-0.01,9,134388,卖盘
13:29:30,149.32,+1.18%,--,1,14932,卖盘
13:29:42,149.34,+1.19%,+0.02,1,14934,买盘
13:29:48,149.33,+1.19%,-0.01,1,14933,卖盘
13:29:51,149.46,+1.27%,+0.13,2,29892,买盘
13:29:57,149.33,+1.19%,-0.13,29,433057,卖盘
13:30:00,149.33,+1.19%,--,2,29866,卖盘
13:30:06,149.33,+1.19%,--,4,59732,卖盘
13:30:09,149.32,+1.18%,-0.01,13,194116,卖盘
13:30:12,149.25,+1.13%,-0.07,42,626850,卖盘
13:30:15,149.31,+1.17%,+0.06,8,119448,买盘
13:30:18,149.21,+1.10%,-0.1,42,626682,中性盘
13:30:21,149.3,+1.17%,+0.09,14,209020,买盘
13:30:24,149.31,+1.17%,+0.01,6,89586,买盘
13:30:27,149.31,+1.17%,--,2,29862,中性盘
13:30:36,149.62,+1.38%,+0.31,2,29924,买盘
13:30:39,149.62,+1.38%,--,3,44886,买盘
13:30:45,149.67,+1.42%,+0.05,10,149670,买盘
13:30:48,149.3,+1.17%,-0.37,11,164230,卖盘
13:30:51,149.37,+1.21%,+0.07,1,14937,卖盘
13:30:57,149.51,+1.31%,+0.14,1,14951,买盘
13:31:00,149.51,+1.31%,--,1,14951,买盘
13:31:06,149.4,+1.23%,-0.11,3,44820,中性盘
13:31:12,149.5,+1.30%,+0.1,4,59800,买盘
13:31:18,149.51,+1.31%,+0.01,1,14951,买盘
13:31:27,149.45,+1.27%,-0.06,2,29890,中性盘
13:31:30,149.51,+1.31%,+0.06,2,29902,买盘
13:31:39,149.51,+1.31%,--,2,29902,买盘
13:31:45,149.49,+1.29%,-0.02,10,149490,中性盘
13:31:48,149.65,+1.40%,+0.16,2,29930,买盘
13:31:51,149.65,+1.40%,--,2,29930,买盘
13:31:57,149.67,+1.42%,+0.02,3,44901,买盘
13:32:06,149.67,+1.42%,--,2,29934,买盘
13:32:12,149.67,+1.42%,--,4,59868,买盘
13:32:18,149.67,+1.42%,--,5,74835,买盘
13:32:24,149.55,+1.33%,-0.12,3,44865,卖盘
13:32:27,149.5,+1.30%,-0.05,10,149500,卖盘
13:32:30,149.55,+1.33%,+0.05,2,29910,中性盘
13:32:33,149.5,+1.30%,-0.05,12,179400,卖盘
13:32:33,149.5,+1.30%,--,12,179400,中性盘
13:32:36,149.58,+1.36%,+0.08,1,14958,买盘
13:32:54,149.72,+1.45%,+0.14,3,44916,买盘
13:33:03,149.76,+1.48%,+0.04,2,29952,买盘
13:33:09,149.75,+1.47%,-0.01,4,59900,买盘
13:33:12,149.75,+1.47%,--,2,29950,中性盘
13:33:18,149.5,+1.30%,-0.25,1,14950,卖盘
13:33:21,149.5,+1.30%,--,1,14950,卖盘
13:33:24,149.47,+1.28%,-0.03,11,164417,卖盘
13:33:27,149.45,+1.27%,-0.02,4,59780,卖盘
13:33:30,149.4,+1.23%,-0.05,16,239040,卖盘
13:33:33,149.45,+1.27%,+0.05,7,104615,买盘
13:33:36,149.45,+1.27%,--,2,29890,中性盘
13:33:39,149.62,+1.38%,+0.17,4,59848,中性盘
13:33:45,149.56,+1.34%,-0.06,1,14956,中性盘
13:33:51,149.5,+1.30%,-0.06,3,44850,卖盘
13:33:54,149.5,+1.30%,--,1,14950,买盘
13:34:15,149.5,+1.30%,--,2,29900,买盘
13:34:18,149.56,+1.34%,+0.06,1,14956,买盘
13:34:21,149.48,+1.29%,-0.08,6,89688,卖盘
13:34:24,149.55,+1.33%,+0.07,1,14955,中性盘
13:34:27,149.55,+1.33%,--,2,29910,卖盘
13:34:33,149.56,+1.34%,+0.01,1,14956,中性盘
13:34:36,149.56,+1.34%,--,1,14956,买盘
13:34:39,149.56,+1.34%,--,2,29912,买盘
13:34:48,149.48,+1.29%,-0.08,17,254116,卖盘
13:34:51,149.63,+1.39%,+0.15,1,14963,买盘
13:34:54,149.63,+1.39%,--,1,14963,买盘
13:35:03,149.49,+1.29%,-0.14,1,14949,卖盘
13:35:15,149.6,+1.37%,+0.11,2,29920,买盘
13:35:24,149.6,+1.37%,--,1,14960,买盘
13:35:27,149.64,+1.40%,+0.04,2,29928,买盘
13:35:33,149.64,+1.40%,--,6,89784,卖盘
13:35:36,149.67,+1.42%,+0.03,8,119736,买盘
13:35:39,149.65,+1.40%,-0.02,10,149650,卖盘
13:35:42,149.65,+1.40%,--,1,14965,买盘
13:35:45,149.66,+1.41%,+0.01,1,14966,买盘
13:35:51,149.65,+1.40%,-0.01,2,29930,卖盘
13:35:54,149.64,+1.40%,-0.01,3,44892,卖盘
13:35:57,149.64,+1.40%,--,2,29928,中性盘
13:36:00,149.61,+1.38%,-0.03,1,14961,卖盘
13:36:06,149.59,+1.36%,-0.02,1,14959,卖盘
13:36:09,149.54,+1.33%,-0.05,1,14954,卖盘
13:36:12,149.59,+1.36%,+0.05,13,194467,买盘
13:36:18,149.67,+1.42%,+0.08,2,29934,买盘
13:36:21,149.68,+1.42%,+0.01,4,59872,买盘
13:36:30,149.68,+1.42%,--,4,59872,买盘
13:36:33,149.54,+1.33%,-0.14,4,59816,卖盘
13:36:36,149.55,+1.33%,+0.01,4,59820,卖盘
13:36:39,149.55,+1.33%,--,1,14955,买盘
13:36:42,149.55,+1.33%,--,1,14955,卖盘
13:36:54,149.63,+1.39%,+0.08,1,14963,中性盘
13:36:54,149.63,+1.39%,-0.08,1,14963,中性盘
13:36:57,149.55,+1.33%,-0.08,6,89730,卖盘
13:37:00,149.64,+1.40%,+0.09,3,44892,买盘
13:37:06,149.63,+1.39%,-0.01,4,59852,中性盘
13:37:12,149.62,+1.38%,-0.01,1,14962,中性盘
13:37:15,149.66,+1.41%,+0.04,13,194558,买盘
13:37:18,149.67,+1.42%,+0.01,6,89802,买盘
13:37:21,149.69,+1.43%,+0.02,2,38919,买盘
13:37:24,149.66,+1.41%,-0.03,24,359184,卖盘
13:37:27,149.69,+1.43%,+0.03,1,14969,卖盘
13:37:30,149.72,+1.45%,+0.03,7,104804,买盘
13:37:33,149.73,+1.46%,+0.01,3,51507,买盘
13:37:36,149.67,+1.42%,-0.06,8,128118,卖盘
13:37:39,149.8,+1.50%,+0.13,18,269640,买盘
13:37:42,149.71,+1.44%,-0.09,1,14971,中性盘
13:37:45,149.66,+1.41%,-0.05,6,89796,卖盘
13:37:48,149.71,+1.44%,+0.05,1,14971,中性盘
13:37:51,149.76,+1.48%,+0.05,2,29952,买盘
13:37:54,149.71,+1.44%,-0.05,3,44913,卖盘
13:37:57,149.71,+1.44%,--,2,29942,中性盘
13:38:00,149.67,+1.42%,-0.04,14,209538,卖盘
13:38:03,149.7,+1.44%,+0.03,1,14970,中性盘
13:38:09,149.66,+1.41%,-0.04,2,29932,卖盘
13:38:12,149.66,+1.41%,--,2,29932,买盘
13:38:24,149.7,+1.44%,+0.04,1,14970,买盘
13:38:27,149.72,+1.45%,+0.02,2,29944,买盘
13:38:39,149.63,+1.39%,-0.09,2,29926,卖盘
13:38:42,149.63,+1.39%,--,2,29926,卖盘
13:38:45,149.75,+1.47%,+0.12,2,29950,买盘
13:38:51,149.75,+1.47%,--,13,194675,买盘
13:39:00,149.73,+1.46%,-0.02,1,14973,中性盘
13:39:03,149.63,+1.39%,-0.1,3,44889,卖盘
13:39:06,149.69,+1.43%,+0.06,1,14969,买盘
13:39:09,149.74,+1.46%,+0.05,1,14974,中性盘
13:39:12,149.76,+1.48%,+0.02,5,74880,买盘
13:39:18,149.75,+1.47%,-0.01,6,89850,卖盘
13:39:21,149.69,+1.43%,-0.06,0,8981,卖盘
13:39:24,149.76,+1.48%,+0.07,9,134784,买盘
13:39:27,149.69,+1.43%,-0.07,10,149690,卖盘
13:39:30,149.76,+1.48%,+0.07,2,29952,买盘
13:39:39,149.76,+1.48%,--,1,14976,买盘
13:39:45,149.76,+1.48%,--,2,29952,买盘
13:39:48,149.77,+1.48%,+0.01,1,14977,买盘
13:39:51,149.76,+1.48%,-0.01,2,29952,中性盘
13:39:54,149.79,+1.50%,+0.03,3,44937,买盘
13:40:00,149.76,+1.48%,-0.03,3,44928,卖盘
13:40:06,149.78,+1.49%,+0.02,1,14978,买盘
13:40:09,149.76,+1.48%,-0.02,4,59904,卖盘
13:40:15,149.76,+1.48%,-0.01,1,14976,卖盘
13:40:18,149.8,+1.50%,+0.04,6,89880,买盘
13:40:24,149.76,+1.48%,-0.04,4,59904,卖盘
13:40:33,149.77,+1.48%,+0.01,1,14977,中性盘
13:40:36,149.78,+1.49%,+0.01,2,29956,买盘
13:40:42,149.77,+1.48%,-0.01,2,29954,卖盘
13:40:45,149.78,+1.49%,+0.01,6,89868,中性盘
13:40:48,149.87,+1.55%,+0.09,1,14987,买盘
13:40:51,149.88,+1.56%,+0.01,2,29976,买盘
13:40:54,149.85,+1.54%,-0.03,1,14985,中性盘
13:40:57,149.88,+1.56%,+0.03,4,59952,买盘
13:41:00,149.81,+1.51%,-0.07,1,14981,卖盘
13:41:03,149.87,+1.55%,+0.06,1,14987,中性盘
13:41:09,149.88,+1.56%,+0.01,6,89928,买盘
13:41:15,149.82,+1.52%,-0.06,1,14982,中性盘
13:41:18,149.81,+1.51%,-0.01,2,29962,卖盘
13:41:18,149.81,+1.51%,--,2,29962,中性盘
13:41:18,149.81,+1.51%,--,2,29962,卖盘
13:41:21,149.88,+1.56%,+0.07,13,194844,买盘
13:41:24,149.88,+1.56%,--,1,14988,买盘
13:41:27,149.87,+1.55%,-0.01,7,104909,中性盘
13:41:30,149.88,+1.56%,+0.01,22,329736,买盘
13:41:33,149.88,+1.56%,--,30,449640,买盘
13:41:36,149.88,+1.56%,--,7,104916,买盘
13:41:39,150.0,+1.64%,+0.12,248,3720600,买盘
13:41:42,150.1,+1.71%,+0.1,15,225150,买盘
13:41:45,150.05,+1.67%,-0.05,2,30010,中性盘
13:41:48,150.1,+1.71%,+0.05,2,30020,买盘
13:41:51,150.01,+1.65%,-0.09,4,60004,卖盘
13:41:54,150.06,+1.68%,+0.05,4,60024,中性盘
13:41:57,150.06,+1.68%,--,2,30012,买盘
13:42:00,150.1,+1.71%,+0.04,2,30020,买盘
13:42:09,150.1,+1.71%,--,2,30020,买盘
13:42:12,150.1,+1.71%,--,2,30020,中性盘
13:42:15,150.14,+1.73%,+0.04,2,30028,买盘
13:42:18,150.14,+1.73%,--,1,15014,买盘
13:42:27,150.15,+1.74%,+0.01,2,30030,买盘
13:42:33,150.14,+1.73%,-0.01,4,60056,卖盘
13:42:36,150.06,+1.68%,-0.08,9,135054,卖盘
13:42:39,150.06,+1.68%,--,12,180072,买盘
13:42:42,149.97,+1.62%,-0.09,16,239952,卖盘
13:42:45,150.02,+1.65%,+0.05,11,165022,买盘
13:42:48,150.06,+1.68%,+0.04,2,30012,中性盘
13:42:51,150.02,+1.65%,-0.04,3,45006,卖盘
13:42:57,150.14,+1.73%,+0.12,2,30028,买盘
13:43:03,150.15,+1.74%,+0.01,6,90090,买盘
13:43:06,150.15,+1.74%,--,4,60060,买盘
13:43:09,150.15,+1.74%,--,1,15015,卖盘
13:43:15,150.18,+1.76%,+0.03,3,45054,买盘
13:43:18,150.18,+1.76%,--,1,15018,买盘
13:43:21,150.11,+1.71%,-0.07,1,15011,中性盘
13:43:27,150.18,+1.76%,+0.07,2,30036,买盘
13:43:33,150.19,+1.77%,+0.01,6,90114,买盘
13:43:36,150.2,+1.78%,+0.01,5,75100,买盘
13:43:39,150.2,+1.78%,--,5,75100,买盘
13:43:42,150.19,+1.77%,-0.01,3,45057,卖盘
13:43:45,150.19,+1.77%,--,12,180228,卖盘
13:43:48,150.19,+1.77%,--,18,270342,卖盘
13:43:57,150.28,+1.83%,+0.09,4,60112,中性盘
13:44:03,150.3,+1.84%,+0.02,5,75150,买盘
13:44:06,150.3,+1.84%,--,2,30060,买盘
13:44:09,150.29,+1.84%,-0.01,1,15029,卖盘
13:44:12,150.29,+1.84%,--,1,15029,买盘
13:44:15,150.3,+1.84%,+0.01,6,90180,买盘
13:44:18,150.22,+1.79%,-0.08,2,30044,买盘
13:44:21,150.3,+1.84%,+0.08,5,75150,买盘
13:44:36,150.23,+1.80%,-0.07,1,15023,买盘
13:44:39,150.22,+1.79%,-0.01,2,30044,卖盘
13:44:54,150.2,+1.78%,-0.02,2,30040,卖盘
13:44:57,150.19,+1.77%,-0.01,7,105133,卖盘
13:45:00,150.23,+1.80%,+0.04,1,15023,买盘
13:45:06,150.28,+1.83%,+0.05,3,45084,买盘
13:45:12,150.14,+1.73%,-0.14,2,30028,卖盘
13:45:15,150.2,+1.78%,+0.06,29,435580,买盘
13:45:18,150.29,+1.84%,+0.09,9,135411,买盘
13:45:21,150.32,+1.86%,+0.03,8,120256,买盘
13:45:27,150.32,+1.86%,--,3,45096,卖盘
13:45:33,150.32,+1.86%,--,2,36077,卖盘
13:45:36,150.2,+1.78%,-0.12,22,339452,卖盘
13:45:39,150.31,+1.85%,+0.11,1,15031,买盘
13:45:39,150.31,+1.85%,--,1,15031,中性盘
13:45:48,150.31,+1.85%,--,4,60124,买盘
13:45:54,150.17,+1.75%,-0.14,3,45051,卖盘
13:45:57,150.3,+1.84%,+0.13,2,30060,买盘
13:46:06,150.3,+1.84%,--,4,60120,买盘
13:46:18,150.3,+1.84%,--,3,45090,买盘
13:46:21,150.3,+1.84%,--,7,105210,买盘
13:46:24,150.22,+1.79%,-0.08,1,15022,买盘
13:46:27,150.14,+1.73%,-0.08,1,15014,买盘
13:46:33,150.08,+1.69%,-0.06,2,30016,卖盘
13:46:36,150.3,+1.84%,+0.22,6,90180,买盘
13:46:42,150.18,+1.76%,-0.12,6,90108,中性盘
13:46:45,150.13,+1.73%,-0.05,1,15013,中性盘
13:46:48,150.18,+1.76%,+0.05,1,15018,卖盘
13:46:51,150.07,+1.69%,-0.11,2,30014,卖盘
13:46:54,150.18,+1.76%,+0.11,2,30036,买盘
13:46:57,150.29,+1.84%,+0.11,11,165319,买盘
13:47:03,150.07,+1.69%,-0.22,2,30014,卖盘
13:47:06,150.29,+1.84%,+0.22,14,210406,买盘
13:47:15,150.26,+1.82%,-0.03,13,195338,中性盘
13:47:18,150.08,+1.69%,-0.18,1,15008,卖盘
13:47:21,150.29,+1.84%,+0.21,7,105203,买盘
13:47:27,150.28,+1.83%,-0.01,1,15028,中性盘
13:47:36,150.28,+1.83%,--,4,60112,买盘
13:47:48,150.24,+1.80%,-0.04,1,15024,中性盘
13:47:54,150.1,+1.71%,-0.14,4,60040,卖盘
13:47:57,150.19,+1.77%,+0.09,7,105133,买盘
13:48:03,150.09,+1.70%,-0.01,2,30018,卖盘
13:48:06,150.19,+1.77%,+0.1,1,15019,买盘
13:48:12,150.1,+1.71%,-0.09,1,15010,中性盘
13:48:15,150.1,+1.71%,--,3,45030,买盘
13:48:18,150.19,+1.77%,+0.09,1,15019,买盘
13:48:21,150.09,+1.70%,-0.1,6,90054,卖盘
13:48:24,150.09,+1.70%,--,1,15009,买盘
13:48:27,150.2,+1.78%,+0.11,2,30040,买盘
13:48:36,150.1,+1.71%,-0.1,1,15010,中性盘
13:48:57,150.1,+1.71%,--,1,15010,买盘
13:49:03,150.08,+1.69%,-0.02,2,30016,卖盘
13:49:06,150.2,+1.78%,+0.12,4,60080,买盘
13:49:09,150.2,+1.78%,--,1,15020,买盘
13:49:12,150.2,+1.78%,--,4,60080,买盘
13:49:18,150.2,+1.78%,--,1,18024,买盘
13:49:24,150.24,+1.80%,+0.04,8,132211,买盘
13:49:27,150.2,+1.78%,-0.04,5,75100,卖盘
13:49:30,150.26,+1.82%,+0.06,5,75130,买盘
13:49:33,150.2,+1.78%,-0.06,1,15020,卖盘
13:49:36,150.25,+1.81%,+0.05,7,105175,中性盘
13:49:42,150.2,+1.78%,-0.05,2,30040,卖盘
13:49:48,150.26,+1.82%,+0.06,4,60104,买盘
13:49:54,150.25,+1.81%,-0.01,4,60100,卖盘
13:49:57,150.28,+1.83%,+0.03,6,90168,买盘
13:50:03,150.25,+1.81%,-0.03,4,60100,卖盘
13:50:03,150.25,+1.81%,--,4,60100,中性盘
13:50:03,150.25,+1.81%,--,4,60100,卖盘
13:50:06,150.25,+1.81%,--,3,45075,卖盘
13:50:09,150.25,+1.81%,--,5,75125,卖盘
13:50:15,150.28,+1.83%,+0.03,1,15028,中性盘
13:50:18,150.29,+1.84%,+0.01,1,15029,买盘
13:50:21,150.3,+1.84%,+0.01,5,75150,买盘
13:50:24,150.25,+1.81%,-0.05,1,15025,卖盘
13:50:27,150.29,+1.84%,+0.04,8,120232,卖盘
13:50:30,150.29,+1.84%,--,3,45087,买盘
13:50:33,150.29,+1.84%,--,2,30058,卖盘
13:50:42,150.3,+1.84%,+0.01,1,15030,买盘
13:50:45,150.29,+1.84%,-0.01,14,210406,卖盘
13:50:48,150.29,+1.84%,--,10,150290,中性盘
13:50:51,150.31,+1.85%,+0.02,1,15031,买盘
13:50:54,150.29,+1.84%,-0.02,2,30058,买盘
13:50:57,150.31,+1.85%,+0.02,22,330682,买盘
13:51:00,150.31,+1.85%,--,2,30062,买盘
13:51:03,150.2,+1.78%,-0.11,3,45060,卖盘
13:51:06,150.31,+1.85%,+0.11,6,90186,买盘
13:51:09,150.3,+1.84%,-0.01,3,45090,中性盘
13:51:12,150.21,+1.78%,-0.09,3,45063,中性盘
13:51:18,150.31,+1.85%,+0.1,1,15031,买盘
13:51:24,150.22,+1.79%,-0.09,1,15022,中性盘
13:51:27,150.31,+1.85%,+0.09,2,30062,中性盘
13:51:30,150.32,+1.86%,+0.01,1,15032,买盘
13:51:33,150.32,+1.86%,--,4,60128,买盘
13:51:36,150.35,+1.88%,+0.03,53,796855,买盘
13:51:39,150.39,+1.90%,+0.04,20,309803,买盘
13:51:42,150.45,+1.94%,+0.06,1,15045,买盘
13:51:45,150.4,+1.91%,-0.05,14,210560,卖盘
13:51:48,150.46,+1.95%,+0.06,28,421288,买盘
13:51:51,150.45,+1.94%,-0.01,2,30090,中性盘
13:51:54,150.46,+1.95%,+0.01,2,30092,买盘
13:51:57,150.46,+1.95%,--,1,15046,买盘
13:52:00,150.55,+2.01%,+0.09,32,481760,买盘
13:52:03,150.58,+2.03%,+0.03,1,15058,买盘
13:52:06,150.6,+2.05%,+0.02,12,180720,买盘
13:52:09,150.67,+2.09%,+0.07,3,45201,买盘
13:52:15,150.61,+2.05%,-0.06,1,15061,卖盘
13:52:21,150.62,+2.06%,+0.01,3,45186,卖盘
13:52:24,150.63,+2.07%,+0.01,4,60252,卖盘
13:52:27,150.68,+2.10%,+0.05,1,15068,中性盘
13:52:33,150.8,+2.18%,+0.12,4,60320,买盘
13:52:39,150.78,+2.17%,-0.02,3,45234,中性盘
13:52:42,150.79,+2.18%,+0.01,13,196027,买盘
13:52:45,150.63,+2.07%,-0.16,9,135567,卖盘
13:52:48,150.74,+2.14%,+0.11,2,30148,中性盘
13:52:51,150.78,+2.17%,+0.04,1,15078,中性盘
13:52:54,150.79,+2.18%,+0.01,1,15079,卖盘
13:52:57,150.79,+2.18%,--,8,120632,买盘
13:53:00,150.8,+2.18%,+0.01,3,45240,买盘
13:53:09,150.78,+2.17%,-0.02,22,331716,中性盘
13:53:15,150.65,+2.08%,-0.13,1,15065,中性盘
13:53:27,150.78,+2.17%,+0.13,2,30156,中性盘
13:53:30,150.78,+2.17%,--,2,30156,买盘
13:53:36,150.78,+2.17%,--,4,60312,买盘
13:53:39,150.8,+2.18%,+0.02,32,482560,买盘
13:53:42,150.8,+2.18%,--,4,60320,买盘
13:53:45,150.85,+2.22%,+0.05,10,159901,买盘
13:53:48,150.86,+2.22%,+0.01,10,150860,买盘
13:53:51,150.86,+2.22%,--,1,15086,买盘
13:53:54,150.87,+2.23%,+0.01,3,45261,买盘
13:53:57,150.87,+2.23%,--,2,30174,买盘
13:54:00,150.86,+2.22%,-0.01,5,75430,卖盘
13:54:12,150.88,+2.24%,+0.02,22,340989,买盘
13:54:15,150.95,+2.28%,+0.07,53,803054,买盘
13:54:21,150.92,+2.26%,-0.03,3,54331,中性盘
13:54:24,151.08,+2.37%,+0.16,128,1946213,买盘
13:54:24,151.08,+2.37%,--,128,1946213,中性盘
13:54:27,151.13,+2.41%,+0.05,10,151130,买盘
13:54:30,151.11,+2.39%,-0.02,9,135999,卖盘
13:54:33,151.13,+2.41%,+0.02,3,45339,卖盘
13:54:36,151.13,+2.41%,--,2,30226,卖盘
13:54:39,151.2,+2.45%,+0.07,6,90720,买盘
13:54:42,151.2,+2.45%,--,7,111888,买盘
13:54:45,151.17,+2.43%,-0.03,5,75585,卖盘
13:54:48,151.18,+2.44%,+0.01,2,30236,买盘
13:54:51,151.2,+2.45%,+0.02,9,136080,买盘
13:54:54,151.23,+2.47%,+0.03,14,217771,买盘
13:54:57,151.25,+2.49%,+0.02,9,145200,买盘
13:55:00,151.18,+2.44%,-0.07,1,15118,卖盘
13:55:03,151.18,+2.44%,--,5,75590,卖盘
13:55:06,151.28,+2.51%,+0.1,16,248099,买盘
13:55:12,151.3,+2.52%,+0.02,3,45390,买盘
13:55:15,151.26,+2.49%,-0.04,1,15126,卖盘
13:55:18,151.3,+2.52%,+0.04,3,45390,买盘
13:55:24,151.3,+2.52%,-0.01,12,181560,卖盘
13:55:27,151.31,+2.53%,+0.01,2,30262,卖盘
13:55:30,151.32,+2.53%,+0.01,38,575016,买盘
13:55:33,151.25,+2.49%,-0.07,1,15125,卖盘
13:55:36,151.25,+2.49%,--,9,145200,卖盘
13:55:39,151.25,+2.49%,--,14,211750,买盘
13:55:42,151.18,+2.44%,-0.07,4,60472,中性盘
13:55:45,151.32,+2.53%,+0.14,36,544752,买盘
13:55:51,151.18,+2.44%,-0.14,3,45354,卖盘
13:55:57,151.2,+2.45%,+0.02,8,120960,买盘
13:56:03,151.18,+2.44%,-0.02,5,75590,中性盘
13:56:09,151.3,+2.52%,+0.12,13,196690,买盘
13:56:12,151.33,+2.54%,+0.03,30,453990,买盘
13:56:15,151.35,+2.55%,+0.02,15,227025,买盘
13:56:18,151.38,+2.57%,+0.03,3,45414,买盘
13:56:21,151.36,+2.56%,-0.02,7,105952,买盘
13:56:24,151.42,+2.60%,+0.06,2,30284,买盘
13:56:30,151.48,+2.64%,+0.06,23,348404,中性盘
13:56:33,151.47,+2.64%,-0.01,1,15147,买盘
13:56:36,151.42,+2.60%,-0.05,1,15142,卖盘
13:56:42,151.48,+2.64%,+0.06,3,45444,买盘
13:56:45,151.49,+2.65%,+0.01,6,90894,买盘
13:56:48,151.5,+2.66%,+0.01,14,212100,买盘
13:56:51,151.5,+2.66%,--,9,136350,卖盘
13:56:54,151.36,+2.56%,-0.14,6,90816,卖盘
13:56:57,151.45,+2.62%,+0.09,4,60580,买盘
13:57:00,151.37,+2.57%,-0.08,4,60548,卖盘
13:57:06,151.45,+2.62%,+0.08,1,15145,中性盘
13:57:12,151.43,+2.61%,-0.02,2,30286,中性盘
13:57:15,151.45,+2.62%,+0.02,1,15145,中性盘
13:57:18,151.41,+2.60%,-0.04,3,45423,卖盘
13:57:21,151.5,+2.66%,+0.09,11,166650,买盘
13:57:24,151.43,+2.61%,-0.07,1,15143,卖盘
13:57:30,151.44,+2.62%,+0.01,66,999504,中性盘
13:57:39,151.37,+2.57%,-0.07,14,211918,卖盘
13:57:42,151.45,+2.62%,+0.08,2,30290,买盘
13:57:45,151.45,+2.62%,--,6,90870,买盘
13:57:48,151.4,+2.59%,-0.05,10,151400,卖盘
13:57:51,151.37,+2.57%,-0.03,3,45411,卖盘
13:57:54,151.37,+2.57%,--,3,45411,卖盘
13:57:57,151.37,+2.57%,--,5,75685,卖盘
13:58:00,151.4,+2.59%,+0.03,4,60560,中性盘
13:58:03,151.44,+2.62%,+0.04,2,30288,买盘
13:58:09,151.35,+2.55%,-0.09,2,30270,卖盘
13:58:15,151.37,+2.57%,+0.02,5,75685,中性盘
13:58:21,151.35,+2.55%,-0.02,6,90810,卖盘
13:58:24,151.34,+2.55%,-0.01,2,30268,卖盘
13:58:27,151.3,+2.52%,-0.04,3,45390,卖盘
13:58:30,151.32,+2.53%,+0.02,4,60528,买盘
13:58:36,151.28,+2.51%,-0.04,1,15128,卖盘
13:58:39,151.27,+2.50%,-0.01,3,45381,买盘
13:58:42,151.35,+2.55%,+0.08,13,205836,买盘
13:58:48,151.35,+2.55%,--,1,15135,卖盘
13:58:51,151.36,+2.56%,+0.01,3,45408,卖盘
13:58:54,151.36,+2.56%,--,1,15136,卖盘
13:58:57,151.35,+2.55%,-0.01,14,211890,卖盘
13:59:00,151.35,+2.55%,--,0,6054,卖盘
13:59:06,151.35,+2.55%,--,2,30270,买盘
13:59:09,151.28,+2.51%,-0.07,10,151280,卖盘
13:59:12,151.28,+2.51%,--,2,30256,中性盘
13:59:18,151.21,+2.46%,-0.07,3,45363,卖盘
13:59:21,151.16,+2.43%,-0.05,5,75580,卖盘
13:59:24,151.1,+2.39%,-0.06,4,60440,卖盘
13:59:30,151.0,+2.32%,-0.1,7,117780,卖盘
13:59:33,151.01,+2.32%,+0.01,1,15101,卖盘
13:59:36,151.09,+2.38%,+0.08,3,45327,买盘
13:59:39,151.1,+2.39%,+0.01,5,75550,买盘
13:59:42,151.01,+2.32%,-0.09,12,181212,买盘
13:59:45,151.1,+2.39%,+0.09,4,60440,买盘
13:59:48,151.02,+2.33%,-0.08,16,241632,卖盘
13:59:54,151.01,+2.32%,-0.01,8,120808,卖盘
14:00:00,151.02,+2.33%,+0.01,3,45306,中性盘
14:00:03,151.09,+2.38%,+0.07,1,15109,买盘
14:00:06,151.14,+2.41%,+0.05,9,136026,买盘
14:00:09,151.18,+2.44%,+0.04,2,30236,中性盘
14:00:12,151.11,+2.39%,-0.07,4,60444,卖盘
14:00:15,150.96,+2.29%,-0.15,73,1105027,卖盘
14:00:18,150.93,+2.27%,-0.03,25,377325,中性盘
14:00:21,151.04,+2.34%,+0.11,43,652493,买盘
14:00:24,151.04,+2.34%,--,9,135936,卖盘
14:00:27,151.1,+2.39%,+0.06,5,75550,买盘
14:00:33,151.0,+2.32%,-0.1,2,42280,卖盘
14:00:45,151.0,+2.32%,-0.04,7,114760,卖盘
14:00:48,151.0,+2.32%,--,2,30200,卖盘
14:00:57,151.0,+2.32%,--,6,96640,卖盘
14:01:00,151.0,+2.32%,--,1,15100,买盘
14:01:03,151.04,+2.34%,+0.04,3,54374,买盘
14:01:06,151.04,+2.34%,--,1,15104,中性盘
14:01:09,151.05,+2.35%,+0.01,4,60420,买盘
14:01:12,151.0,+2.32%,-0.05,20,302000,卖盘
14:01:15,151.0,+2.32%,--,5,87882,买盘
14:01:24,151.19,+2.45%,+0.19,11,166309,买盘
14:01:27,151.17,+2.43%,-0.02,3,57445,中性盘
14:01:30,151.18,+2.44%,+0.01,1,15118,卖盘
14:01:36,151.2,+2.45%,+0.02,3,45360,买盘
14:01:45,151.2,+2.45%,--,2,30240,买盘
14:01:48,151.2,+2.45%,--,5,75600,买盘
14:01:51,151.2,+2.45%,--,5,75600,中性盘
14:01:54,151.2,+2.45%,--,2,30240,卖盘
14:01:57,151.21,+2.46%,+0.01,1,15121,买盘
14:02:00,151.21,+2.46%,--,3,45363,买盘
14:02:03,151.28,+2.51%,+0.07,4,60512,买盘
14:02:06,151.3,+2.52%,+0.02,1,15130,买盘
14:02:12,151.24,+2.48%,-0.06,1,15124,中性盘
14:02:15,151.3,+2.52%,+0.06,1,15130,买盘
14:02:21,151.3,+2.52%,--,2,30260,买盘
14:02:24,151.35,+2.55%,+0.05,12,193728,买盘
14:02:27,151.42,+2.60%,+0.07,4,72682,买盘
14:02:39,151.42,+2.60%,--,1,15142,买盘
14:02:42,151.42,+2.60%,--,3,45426,卖盘
14:02:45,151.45,+2.62%,+0.03,7,106015,买盘
14:02:48,151.42,+2.60%,-0.03,1,15142,买盘
14:02:51,151.41,+2.60%,-0.01,3,45423,卖盘
14:02:54,151.45,+2.62%,+0.04,14,212030,买盘
14:03:00,151.46,+2.63%,+0.01,1,15146,买盘
14:03:06,151.4,+2.59%,-0.06,2,30280,卖盘
14:03:09,151.33,+2.54%,-0.07,1,15133,卖盘
14:03:09,151.33,+2.54%,--,1,15133,中性盘
14:03:12,151.39,+2.58%,+0.06,5,75695,买盘
14:03:15,151.33,+2.54%,-0.06,2,30266,中性盘
14:03:18,151.19,+2.45%,-0.14,14,211666,卖盘
14:03:21,151.18,+2.44%,-0.01,6,90708,卖盘
14:03:24,151.2,+2.45%,+0.02,1,15120,买盘
14:03:30,151.19,+2.45%,-0.01,1,15119,中性盘
14:03:33,151.18,+2.44%,-0.01,3,45354,卖盘
14:03:36,151.25,+2.49%,+0.07,2,30250,买盘
14:03:42,151.25,+2.49%,--,3,45375,卖盘
14:03:51,151.2,+2.45%,-0.05,2,30240,中性盘
14:03:54,151.16,+2.43%,-0.04,10,151160,卖盘
14:04:03,151.16,+2.43%,--,4,60464,卖盘
14:04:15,151.16,+2.43%,--,3,45348,卖盘
14:04:27,151.16,+2.43%,--,1,15116,卖盘
14:04:30,151.2,+2.45%,+0.04,2,30240,买盘
14:04:33,151.16,+2.43%,-0.04,2,30232,卖盘
14:04:39,151.19,+2.45%,+0.03,1,15119,中性盘
14:04:51,151.17,+2.43%,-0.02,8,120936,卖盘
14:04:57,151.15,+2.42%,-0.02,6,90690,卖盘
14:05:06,151.09,+2.38%,-0.06,1,15109,卖盘
14:05:24,151.09,+2.38%,--,1,15109,卖盘
14:05:36,151.0,+2.32%,-0.09,14,211400,卖盘
14:05:39,151.09,+2.38%,+0.09,4,60436,中性盘
14:05:42,151.15,+2.42%,+0.06,1,15115,买盘
14:05:45,151.02,+2.33%,-0.13,1,15102,卖盘
14:05:51,151.0,+2.32%,-0.02,3,45300,卖盘
14:06:03,151.0,+2.32%,--,8,129860,卖盘
14:06:09,151.09,+2.38%,+0.09,6,90654,买盘
14:06:21,151.15,+2.42%,+0.06,2,30230,买盘
14:06:24,151.09,+2.38%,-0.06,2,30218,卖盘
14:06:27,151.09,+2.38%,--,2,30218,卖盘
14:06:33,151.07,+2.36%,-0.02,1,15107,中性盘
14:06:45,151.08,+2.37%,+0.01,1,15108,买盘
14:06:51,151.05,+2.35%,-0.03,2,30210,卖盘
14:06:54,151.05,+2.35%,--,2,30210,买盘
14:06:57,151.08,+2.37%,+0.03,1,15108,买盘
14:07:00,151.05,+2.35%,-0.03,1,15105,卖盘
14:07:06,151.02,+2.33%,-0.03,1,15102,中性盘
14:07:09,151.08,+2.37%,+0.06,3,45324,买盘
14:07:12,151.09,+2.38%,+0.01,1,15109,买盘
14:07:18,151.03,+2.34%,-0.06,5,75515,卖盘
14:07:24,151.02,+2.33%,-0.01,6,90612,卖盘
14:07:24,151.02,+2.33%,-0.01,6,90612,中性盘
14:07:36,151.01,+2.32%,-0.01,3,45303,卖盘
14:07:39,151.01,+2.32%,--,1,15101,卖盘
14:07:45,151.06,+2.36%,+0.05,4,60424,中性盘
14:07:48,151.07,+2.36%,+0.01,1,15107,买盘
14:07:54,151.05,+2.35%,-0.02,1,15105,卖盘
14:08:00,151.06,+2.36%,+0.01,2,30212,买盘
14:08:03,151.05,+2.35%,-0.01,1,15105,卖盘
14:08:09,151.09,+2.38%,+0.04,2,30218,买盘
14:08:33,151.08,+2.37%,-0.01,3,45324,中性盘
14:08:36,151.09,+2.38%,+0.01,14,211526,买盘
14:08:42,151.0,+2.32%,-0.09,21,317100,卖盘
14:08:48,151.0,+2.32%,--,25,377500,卖盘
14:08:57,151.12,+2.40%,+0.12,4,60448,买盘
14:09:06,151.0,+2.32%,-0.12,13,196300,卖盘
14:09:09,151.1,+2.39%,+0.1,1,15110,中性盘
14:09:15,151.1,+2.39%,--,1,15110,中性盘
14:09:21,151.12,+2.40%,+0.02,2,30224,买盘
14:09:24,151.12,+2.40%,--,4,60448,买盘
14:09:33,151.12,+2.40%,--,1,15112,买盘
14:09:36,151.06,+2.36%,-0.06,1,15106,卖盘
14:09:45,151.06,+2.36%,--,1,15106,卖盘
14:09:54,151.1,+2.39%,+0.04,1,15110,买盘
14:10:00,151.12,+2.40%,+0.02,11,166232,买盘
14:10:03,151.11,+2.39%,-0.01,4,60444,中性盘
14:10:06,151.13,+2.41%,+0.02,8,120904,买盘
14:10:15,151.15,+2.42%,+0.02,5,75575,买盘
14:10:18,151.15,+2.42%,--,2,30230,买盘
14:10:27,151.1,+2.39%,-0.05,3,45330,中性盘
14:10:39,151.07,+2.36%,-0.03,1,15107,卖盘
14:10:42,151.14,+2.41%,+0.07,10,151140,买盘
14:10:51,151.09,+2.38%,-0.05,1,15109,中性盘
14:10:57,151.06,+2.36%,-0.03,11,166166,卖盘
14:11:00,151.09,+2.38%,+0.03,3,45327,买盘
14:11:03,151.01,+2.32%,-0.08,3,45303,卖盘
14:11:09,151.01,+2.32%,--,4,60404,卖盘
14:11:15,151.01,+2.32%,--,3,45303,卖盘
14:11:18,150.96,+2.29%,-0.05,91,1379774,卖盘
14:11:21,150.9,+2.25%,-0.06,13,196170,卖盘
14:11:24,150.99,+2.31%,+0.09,4,60396,买盘
14:11:30,150.97,+2.30%,-0.02,3,45291,中性盘
14:11:33,150.96,+2.29%,-0.01,1,15096,中性盘
14:11:39,150.96,+2.29%,--,4,60384,卖盘
14:11:42,150.96,+2.29%,--,2,30192,卖盘
14:11:45,150.96,+2.29%,--,6,90576,卖盘
14:11:48,150.93,+2.27%,-0.03,3,45279,中性盘
14:11:51,150.96,+2.29%,+0.03,2,30192,卖盘
14:16:15,151.21,+2.46%,--,1,15121,中性盘
14:16:27,151.31,+2.53%,+0.1,2,30262,买盘
14:16:33,151.21,+2.46%,-0.1,1,15121,卖盘
14:16:36,151.25,+2.49%,+0.04,1,15125,买盘
14:16:39,151.25,+2.49%,--,1,15125,买盘
14:16:45,151.25,+2.49%,--,9,136125,卖盘
14:16:51,151.25,+2.49%,--,1,15125,卖盘
14:16:57,151.25,+2.49%,--,2,30250,卖盘
14:17:00,151.26,+2.49%,+0.01,8,121008,卖盘
14:17:03,151.26,+2.49%,--,1,15126,卖盘
14:17:06,151.31,+2.53%,+0.05,1,15131,买盘
14:17:09,151.31,+2.53%,--,2,30262,买盘
14:17:15,151.33,+2.54%,+0.02,11,166463,买盘
14:17:18,151.35,+2.55%,+0.02,11,166485,买盘
14:17:21,151.33,+2.54%,-0.02,4,60532,中性盘
14:17:24,151.35,+2.55%,+0.02,0,3027,买盘
14:17:30,151.36,+2.56%,+0.01,1,15136,买盘
14:17:36,151.35,+2.55%,-0.01,1,15135,卖盘
14:17:39,151.36,+2.56%,+0.01,2,30272,中性盘
14:17:42,151.39,+2.58%,+0.03,1,15139,买盘
14:17:45,151.39,+2.58%,--,2,30278,买盘
14:17:48,151.35,+2.55%,-0.04,1,15135,卖盘
14:17:51,151.35,+2.55%,--,16,242160,卖盘
14:17:54,151.35,+2.55%,--,13,208863,卖盘
14:18:00,151.37,+2.57%,+0.02,1,15137,买盘
14:18:03,151.33,+2.54%,-0.04,1,15133,卖盘
14:18:09,151.37,+2.57%,+0.04,1,15137,买盘
14:18:15,151.35,+2.55%,-0.02,3,45405,卖盘
14:18:21,151.39,+2.58%,+0.04,9,136251,买盘
14:18:24,151.39,+2.58%,--,7,105973,买盘
14:18:27,151.33,+2.54%,-0.06,1,15133,卖盘
14:18:30,151.39,+2.58%,+0.06,22,333058,买盘
14:18:33,151.33,+2.54%,-0.06,13,205809,卖盘
14:18:45,151.36,+2.56%,+0.03,1,15136,中性盘
14:18:51,151.39,+2.58%,+0.03,7,105973,中性盘
14:18:57,151.35,+2.55%,-0.04,3,45405,卖盘
14:19:00,151.35,+2.55%,--,3,45405,买盘
14:19:06,151.35,+2.55%,--,1,15135,中性盘
14:19:09,151.35,+2.55%,--,2,30270,卖盘
14:19:12,151.31,+2.53%,-0.04,14,217886,卖盘
14:19:21,151.31,+2.53%,--,1,15131,买盘
14:19:27,151.3,+2.52%,-0.01,1,15130,卖盘
14:19:30,151.33,+2.54%,+0.03,1,15133,买盘
14:19:36,151.39,+2.58%,+0.06,2,30278,买盘
14:19:42,151.33,+2.54%,-0.06,2,30266,卖盘
14:19:45,151.33,+2.54%,--,3,45399,卖盘
14:19:51,151.39,+2.58%,+0.06,10,151390,买盘
14:20:00,151.39,+2.58%,--,3,45417,买盘
14:20:03,151.39,+2.58%,--,1,15139,买盘
14:20:06,151.3,+2.52%,-0.09,1,15130,卖盘
14:20:12,151.39,+2.58%,+0.09,4,60556,买盘
14:20:15,151.4,+2.59%,+0.01,16,242240,中性盘
14:20:18,151.4,+2.59%,--,7,109008,卖盘
14:20:21,151.39,+2.58%,-0.01,6,90834,卖盘
14:20:24,151.47,+2.64%,+0.08,1,15147,买盘
14:20:27,151.47,+2.64%,--,3,45441,买盘
14:20:30,151.4,+2.59%,-0.07,1,15140,卖盘
14:20:33,151.48,+2.64%,+0.08,7,106036,买盘
14:20:36,151.49,+2.65%,+0.01,5,75745,买盘
14:20:39,151.42,+2.60%,-0.07,5,75710,卖盘
14:20:39,151.42,+2.60%,-0.02,5,75710,中性盘
14:20:45,151.4,+2.59%,-0.02,1,15140,卖盘
14:20:48,151.49,+2.65%,+0.09,4,60596,买盘
14:20:51,151.5,+2.66%,+0.01,3,45450,买盘
14:20:57,151.48,+2.64%,-0.02,2,30296,中性盘
14:21:00,151.48,+2.64%,--,3,45444,买盘
14:21:03,151.45,+2.62%,-0.03,2,30290,买盘
14:21:06,151.48,+2.64%,+0.03,6,90888,买盘
14:21:09,151.47,+2.64%,-0.01,2,30294,中性盘
14:21:15,151.48,+2.64%,+0.01,5,75740,买盘
14:21:18,151.48,+2.64%,--,2,30296,买盘
14:21:24,151.5,+2.66%,+0.02,4,60600,买盘
14:21:30,151.5,+2.66%,--,1,15150,买盘
14:21:33,151.49,+2.65%,-0.01,1,15149,卖盘
14:21:36,151.5,+2.66%,+0.01,48,727200,买盘
14:21:45,151.48,+2.64%,-0.02,7,106036,卖盘
14:21:48,151.5,+2.66%,+0.02,2,30300,买盘
14:21:54,151.51,+2.66%,+0.01,20,303020,买盘
14:21:57,151.51,+2.66%,--,13,196963,卖盘
14:22:00,151.55,+2.69%,+0.04,2,30310,买盘
14:22:03,151.55,+2.69%,--,4,60620,买盘
14:22:06,151.55,+2.69%,--,5,75775,中性盘
14:22:09,151.58,+2.71%,+0.03,1,15158,买盘
14:22:15,151.53,+2.68%,-0.05,12,181836,卖盘
14:22:18,151.54,+2.68%,+0.01,4,60616,买盘
14:22:24,151.54,+2.68%,--,1,15154,买盘
14:22:27,151.5,+2.66%,-0.04,12,181800,卖盘
14:22:30,151.52,+2.67%,+0.02,7,106064,中性盘
14:22:33,151.53,+2.68%,+0.01,1,15153,买盘
14:22:36,151.54,+2.68%,+0.01,7,106078,买盘
14:22:39,151.54,+2.68%,--,1,15154,卖盘
14:22:42,151.5,+2.66%,-0.04,1,15150,卖盘
14:22:45,151.53,+2.68%,+0.03,2,30306,中性盘
14:22:48,151.53,+2.68%,--,3,45459,买盘
14:22:51,151.5,+2.66%,-0.03,3,45450,卖盘
14:22:57,151.55,+2.69%,+0.05,2,30310,买盘
14:23:00,151.5,+2.66%,-0.05,4,60600,卖盘
14:23:03,151.5,+2.66%,--,4,60600,卖盘
14:23:06,151.53,+2.68%,+0.03,4,60612,买盘
14:23:09,151.5,+2.66%,-0.03,6,90900,卖盘
14:23:12,151.5,+2.66%,--,1,15150,卖盘
14:23:15,151.55,+2.69%,+0.05,4,60620,买盘
14:23:24,151.54,+2.68%,-0.01,5,75770,中性盘
14:23:30,151.53,+2.68%,-0.01,10,151530,中性盘
14:23:33,151.48,+2.64%,-0.05,27,408996,卖盘
14:23:36,151.5,+2.66%,+0.02,11,166650,买盘
14:23:39,151.5,+2.66%,--,4,60600,买盘
14:23:45,151.49,+2.65%,-0.01,2,30298,买盘
14:23:54,151.49,+2.65%,--,1,15149,买盘
14:23:57,151.32,+2.53%,-0.17,1,15132,卖盘
14:24:00,151.36,+2.56%,+0.04,2,30272,买盘
14:24:03,151.53,+2.68%,+0.17,19,287907,买盘
14:24:09,151.36,+2.56%,-0.17,5,75680,卖盘
14:24:12,151.49,+2.65%,+0.13,1,15149,买盘
14:24:15,151.48,+2.64%,-0.01,1,15148,买盘
14:24:24,151.5,+2.66%,+0.02,1,15150,买盘
14:24:27,151.5,+2.66%,--,2,30300,买盘
14:24:33,151.51,+2.66%,+0.01,2,30302,买盘
14:24:45,151.51,+2.66%,--,1,15151,中性盘
14:24:51,151.5,+2.66%,-0.01,2,30300,卖盘
14:24:54,151.51,+2.66%,+0.01,2,30302,卖盘
14:24:57,151.51,+2.66%,--,2,30302,买盘
14:25:00,151.52,+2.67%,+0.01,3,45456,卖盘
14:25:00,151.52,+2.67%,--,3,45456,中性盘
14:25:09,151.52,+2.67%,--,2,30304,中性盘
14:25:15,151.5,+2.66%,-0.02,1,15150,买盘
14:25:18,151.41,+2.60%,-0.09,3,45423,卖盘
14:25:21,151.5,+2.66%,+0.09,1,15150,买盘
14:25:24,151.41,+2.60%,-0.09,1,15141,卖盘
14:25:27,151.5,+2.66%,+0.09,7,106050,买盘
14:25:33,151.38,+2.57%,-0.12,3,45414,卖盘
14:25:36,151.38,+2.57%,--,1,15138,卖盘
14:25:39,151.38,+2.57%,--,8,121104,卖盘
14:25:42,151.38,+2.57%,--,3,45414,中性盘
14:25:48,151.38,+2.57%,--,1,15138,买盘
14:25:57,151.38,+2.57%,--,3,45414,买盘
14:26:03,151.31,+2.53%,-0.07,2,30262,卖盘
14:26:06,151.38,+2.57%,+0.07,6,90828,买盘
14:26:09,151.38,+2.57%,--,9,136242,买盘
14:26:12,151.49,+2.65%,+0.11,2,30298,买盘
14:26:18,151.33,+2.54%,-0.16,5,75665,卖盘
14:26:21,151.38,+2.57%,+0.05,2,30276,卖盘
14:26:27,151.48,+2.64%,+0.1,1,15148,买盘
14:26:30,151.49,+2.65%,+0.01,1,15149,买盘
14:26:36,151.5,+2.66%,+0.01,18,272700,买盘
14:26:39,151.5,+2.66%,--,13,196950,买盘
14:26:42,151.41,+2.60%,-0.09,9,136269,卖盘
14:26:45,151.53,+2.68%,+0.12,8,121224,买盘
14:26:48,151.53,+2.68%,--,2,42580,买盘
14:26:54,151.54,+2.68%,+0.01,1,15154,买盘
14:26:57,151.55,+2.69%,+0.01,3,45465,买盘
14:27:03,151.55,+2.69%,--,13,197015,买盘
14:27:09,151.55,+2.69%,--,4,69713,买盘
14:27:18,151.57,+2.70%,--,5,75785,买盘
14:27:21,151.57,+2.70%,--,2,30314,卖盘
14:27:27,151.58,+2.71%,+0.01,8,121264,买盘
14:27:42,151.58,+2.71%,--,1,15158,买盘
14:27:45,151.58,+2.71%,--,4,60632,买盘
14:27:51,151.58,+2.71%,--,5,75790,买盘
14:27:57,151.58,+2.71%,--,1,15158,卖盘
14:28:00,151.57,+2.70%,-0.01,4,60628,卖盘
14:28:06,151.56,+2.70%,-0.01,5,75780,卖盘
14:28:09,151.57,+2.70%,+0.01,1,15157,买盘
14:28:12,151.57,+2.70%,--,2,30314,买盘
14:28:15,151.56,+2.70%,-0.01,1,15156,买盘
14:28:18,151.57,+2.70%,+0.01,1,15157,卖盘
14:28:24,151.57,+2.70%,--,1,15157,卖盘
14:28:27,151.57,+2.70%,--,3,45471,卖盘
14:28:42,151.58,+2.71%,+0.01,1,15158,买盘
14:28:48,151.57,+2.70%,-0.01,1,15157,中性盘
14:28:51,151.56,+2.70%,-0.01,1,15156,卖盘
14:28:54,151.56,+2.70%,--,9,136404,中性盘
14:28:57,151.57,+2.70%,+0.01,3,45471,买盘
14:29:03,151.53,+2.68%,-0.04,4,60612,卖盘
14:29:06,151.57,+2.70%,+0.04,1,15157,买盘
14:29:09,151.53,+2.68%,-0.04,1,15153,卖盘
14:29:12,151.56,+2.70%,+0.03,1,15156,买盘
14:29:15,151.55,+2.69%,-0.01,1,15155,买盘
14:29:24,151.57,+2.70%,+0.02,1,15157,买盘
14:29:24,151.57,+2.70%,--,1,15157,中性盘
14:29:27,151.57,+2.70%,--,4,60628,买盘
14:29:36,151.53,+2.68%,-0.04,1,21214,卖盘
14:29:39,151.51,+2.66%,-0.02,1,15151,卖盘
14:29:45,151.51,+2.66%,--,1,15151,卖盘
14:29:51,151.52,+2.67%,+0.01,1,15152,中性盘
14:29:57,151.5,+2.66%,-0.02,2,30300,卖盘
14:30:00,151.48,+2.64%,-0.02,2,30296,卖盘
14:30:03,151.46,+2.63%,-0.02,1,15146,卖盘
14:30:09,151.25,+2.49%,-0.21,13,196625,卖盘
14:30:12,151.24,+2.48%,-0.01,4,60496,买盘
14:30:15,151.18,+2.44%,-0.06,32,483776,买盘
14:30:18,151.18,+2.44%,--,3,45354,卖盘
14:30:21,151.18,+2.44%,--,1,15118,卖盘
14:30:24,151.02,+2.33%,-0.16,20,302040,卖盘
14:30:30,151.24,+2.48%,+0.22,3,45372,买盘
14:30:36,151.02,+2.33%,-0.22,3,45306,卖盘
14:30:39,151.24,+2.48%,+0.22,9,136116,买盘
14:30:42,151.22,+2.47%,-0.02,3,45366,买盘
14:30:45,151.22,+2.47%,--,2,30244,买盘
14:30:54,151.22,+2.47%,--,7,105854,买盘
14:31:06,151.2,+2.45%,-0.02,1,15120,中性盘
14:31:09,151.2,+2.45%,--,3,45360,中性盘
14:31:15,151.2,+2.45%,--,5,75600,卖盘
14:31:18,151.2,+2.45%,--,1,15120,卖盘
14:31:27,151.21,+2.46%,+0.01,10,151210,买盘
14:31:30,151.22,+2.47%,+0.01,2,30244,买盘
14:31:36,151.21,+2.46%,-0.01,1,15121,卖盘
14:31:39,151.21,+2.46%,--,1,15121,卖盘
14:31:45,151.06,+2.36%,-0.15,1,15106,卖盘
14:31:48,151.2,+2.45%,+0.14,2,30240,买盘
14:31:57,151.05,+2.35%,-0.15,6,90630,卖盘
14:32:03,151.02,+2.33%,-0.03,32,483264,卖盘
14:32:06,151.01,+2.32%,-0.01,16,241616,卖盘
14:32:09,151.01,+2.32%,--,10,151010,卖盘
14:32:12,151.01,+2.32%,--,18,271818,卖盘
14:32:15,151.02,+2.33%,+0.01,5,75510,买盘
14:32:18,151.02,+2.33%,--,7,108130,买盘
14:32:21,151.01,+2.32%,-0.01,9,135909,卖盘
14:32:24,151.01,+2.32%,--,0,9061,卖盘
14:32:27,150.98,+2.30%,-0.03,18,275388,卖盘
14:32:30,151.0,+2.32%,+0.02,5,75500,买盘
14:32:33,150.8,+2.18%,-0.2,1,15080,卖盘
14:32:36,150.8,+2.18%,--,3,45240,卖盘
14:32:45,151.0,+2.32%,+0.2,1,15100,买盘
14:32:57,150.8,+2.18%,-0.2,4,60320,卖盘
14:33:03,150.8,+2.18%,--,4,60320,卖盘
14:33:09,150.72,+2.13%,-0.08,13,195936,卖盘
14:33:12,150.8,+2.18%,+0.08,14,211120,买盘
14:33:15,150.8,+2.18%,--,3,45240,中性盘
14:33:21,150.74,+2.14%,-0.06,6,90444,卖盘
14:33:24,150.76,+2.15%,+0.02,4,60304,买盘
14:33:27,150.78,+2.17%,+0.02,2,30156,买盘
14:33:30,150.78,+2.17%,--,5,75390,中性盘
14:33:33,150.8,+2.18%,+0.02,6,90480,买盘
14:33:36,150.8,+2.18%,--,3,45240,买盘
14:33:42,150.78,+2.17%,-0.02,5,75390,卖盘
14:33:45,150.8,+2.18%,+0.02,7,105560,买盘
14:33:45,150.8,+2.18%,-0.08,7,105560,中性盘
14:33:51,150.72,+2.13%,-0.08,10,150720,卖盘
14:33:54,150.65,+2.08%,-0.07,3,45195,卖盘
14:33:57,150.63,+2.07%,-0.02,4,60252,中性盘
14:34:00,150.78,+2.17%,+0.15,5,75390,买盘
14:34:03,150.75,+2.15%,-0.03,6,90450,买盘
14:34:06,150.72,+2.13%,-0.03,1,15072,中性盘
14:34:12,150.75,+2.15%,+0.03,1,15075,买盘
14:34:21,150.68,+2.10%,-0.07,5,75340,卖盘
14:34:24,150.8,+2.18%,+0.12,3,45240,买盘
14:34:30,150.79,+2.18%,-0.01,2,30158,中性盘
14:34:36,150.6,+2.05%,-0.19,20,301200,卖盘
14:34:39,150.74,+2.14%,+0.14,1,15074,卖盘
14:34:42,150.72,+2.13%,-0.02,3,45216,买盘
14:34:45,150.72,+2.13%,--,8,120576,买盘
14:34:54,150.75,+2.15%,+0.03,2,30150,买盘
14:35:03,150.79,+2.18%,+0.04,5,75395,买盘
14:35:06,150.72,+2.13%,-0.07,20,301440,卖盘
14:35:09,150.76,+2.15%,+0.04,1,15076,买盘
14:35:12,150.75,+2.15%,-0.01,6,99495,中性盘
14:35:18,150.79,+2.18%,+0.03,4,60316,买盘
14:35:30,150.79,+2.18%,--,1,15079,买盘
14:35:39,150.76,+2.15%,-0.03,5,75380,中性盘
14:35:42,150.79,+2.18%,+0.03,3,45237,买盘
14:35:45,150.79,+2.18%,--,2,30158,买盘
14:35:48,150.8,+2.18%,+0.01,9,135720,买盘
14:35:54,150.84,+2.21%,+0.04,6,90504,买盘
14:36:00,150.88,+2.24%,+0.04,4,60352,买盘
14:36:03,150.84,+2.21%,-0.04,2,30168,卖盘
14:36:06,150.96,+2.29%,+0.12,15,226440,买盘
14:36:09,150.85,+2.22%,-0.11,1,15085,卖盘
14:36:12,150.89,+2.24%,+0.04,1,15089,买盘
14:36:15,150.84,+2.21%,-0.05,7,105588,卖盘
14:36:18,150.85,+2.22%,+0.01,4,60340,买盘
14:36:21,150.84,+2.21%,-0.01,1,15084,中性盘
14:36:33,150.84,+2.21%,--,1,15084,买盘
14:36:36,150.82,+2.20%,-0.02,2,30164,卖盘
14:36:39,150.85,+2.22%,+0.03,3,45255,买盘
14:36:57,150.85,+2.22%,--,62,935270,买盘
14:37:00,150.79,+2.18%,-0.06,10,150790,卖盘
14:37:03,150.85,+2.22%,+0.06,22,331870,买盘
14:37:06,150.79,+2.18%,-0.06,2,30158,卖盘
14:37:12,150.85,+2.22%,+0.06,4,60340,买盘
14:37:15,150.8,+2.18%,-0.05,1,15080,中性盘
14:37:18,150.85,+2.22%,+0.05,3,45255,买盘
14:37:24,150.84,+2.21%,-0.01,1,15084,买盘
14:37:39,150.82,+2.20%,-0.02,12,180984,中性盘
14:37:42,150.8,+2.18%,-0.02,3,45240,卖盘
14:37:45,150.8,+2.18%,--,5,75400,买盘
14:37:48,150.8,+2.18%,--,15,226200,买盘
14:37:51,150.81,+2.19%,+0.01,7,105567,买盘
14:37:54,150.81,+2.19%,--,2,30162,买盘
14:37:57,150.8,+2.18%,-0.01,1,15080,卖盘
14:38:06,150.8,+2.18%,--,5,75400,卖盘
14:38:09,150.8,+2.18%,--,7,105560,卖盘
14:38:09,150.8,+2.18%,--,7,105560,中性盘
14:38:12,150.8,+2.18%,--,7,105560,买盘
14:38:15,150.79,+2.18%,-0.01,21,316659,卖盘
14:38:18,150.8,+2.18%,+0.01,1,15080,中性盘
14:38:21,150.74,+2.14%,-0.06,13,195962,卖盘
14:38:33,150.74,+2.14%,--,1,15074,买盘
14:38:36,150.66,+2.09%,-0.08,1,15066,卖盘
14:38:42,150.74,+2.14%,+0.08,1,15074,买盘
14:38:45,150.66,+2.09%,-0.08,16,241056,卖盘
14:38:51,150.73,+2.13%,+0.07,2,30146,买盘
14:38:54,150.67,+2.09%,-0.06,6,90402,中性盘
14:39:03,150.67,+2.09%,--,1,15067,买盘
14:39:12,150.66,+2.09%,-0.01,2,30132,卖盘
14:39:15,150.65,+2.08%,-0.01,6,90390,卖盘
14:39:18,150.66,+2.09%,+0.01,11,165726,买盘
14:39:21,150.66,+2.09%,--,1,15066,买盘
14:39:24,150.66,+2.09%,--,50,753300,买盘
14:39:27,150.66,+2.09%,--,7,105462,买盘
14:39:30,150.66,+2.09%,--,2,30132,买盘
14:39:33,150.65,+2.08%,-0.01,18,271170,卖盘
14:39:36,150.65,+2.08%,--,3,45195,买盘
14:39:39,150.66,+2.09%,+0.01,10,150660,买盘
14:39:42,150.67,+2.09%,+0.01,9,135603,买盘
14:39:45,150.66,+2.09%,-0.01,3,45198,卖盘
14:39:48,150.7,+2.11%,+0.04,2,30140,买盘
14:39:51,150.67,+2.09%,-0.03,7,105469,卖盘
14:39:57,150.71,+2.12%,+0.01,1,15071,买盘
14:40:00,150.74,+2.14%,+0.03,4,60296,买盘
14:40:06,150.71,+2.12%,-0.03,2,30142,中性盘
14:40:09,150.78,+2.17%,+0.07,7,105546,买盘
14:40:12,150.69,+2.11%,-0.09,1,15069,中性盘
14:40:15,150.71,+2.12%,+0.02,1,15071,买盘
14:40:24,150.71,+2.12%,--,5,75355,中性盘
14:40:27,150.77,+2.16%,+0.06,3,45231,买盘
14:40:30,150.77,+2.16%,--,5,75385,买盘
14:40:33,150.75,+2.15%,-0.02,1,15075,买盘
14:40:39,150.71,+2.12%,-0.04,7,105497,卖盘
14:40:42,150.71,+2.12%,--,6,90426,卖盘
14:40:45,150.7,+2.11%,-0.01,3,45210,卖盘
14:40:48,150.69,+2.11%,-0.01,8,120552,卖盘
14:40:51,150.69,+2.11%,--,4,60276,买盘
14:40:54,150.67,+2.09%,-0.02,4,60268,卖盘
14:40:57,150.72,+2.13%,+0.05,7,105504,买盘
14:41:00,150.67,+2.09%,-0.05,3,45201,卖盘
14:41:03,150.74,+2.14%,+0.07,1,15074,买盘
14:41:06,150.67,+2.09%,-0.07,4,60268,卖盘
14:41:09,150.66,+2.09%,-0.01,1,15066,卖盘
14:41:12,150.66,+2.09%,--,13,195858,卖盘
14:41:15,150.65,+2.08%,-0.01,7,105455,卖盘
14:41:18,150.67,+2.09%,+0.02,1,15067,买盘
14:41:24,150.7,+2.11%,+0.03,7,105490,中性盘
14:41:27,150.64,+2.07%,-0.06,2,30128,卖盘
14:41:30,150.63,+2.07%,-0.01,3,45189,卖盘
14:41:36,150.66,+2.09%,+0.03,2,30132,中性盘
14:41:45,150.66,+2.09%,--,1,15066,卖盘
14:41:48,150.66,+2.09%,--,2,30132,卖盘
14:41:54,150.68,+2.10%,+0.02,2,30136,买盘
14:41:57,150.66,+2.09%,-0.02,4,60264,卖盘
14:42:09,150.68,+2.10%,+0.01,1,15068,买盘
14:42:12,150.66,+2.09%,-0.02,6,90396,卖盘
14:42:18,150.67,+2.09%,+0.01,1,15067,中性盘
14:42:24,150.68,+2.10%,+0.01,6,90408,中性盘
14:42:27,150.68,+2.10%,--,1,15068,中性盘
14:42:33,150.69,+2.11%,+0.01,1,15069,买盘
14:42:33,150.69,+2.11%,--,1,15069,中性盘
14:42:36,150.69,+2.11%,--,1,15069,买盘
14:42:39,150.7,+2.11%,+0.01,3,45210,买盘
14:42:48,150.71,+2.12%,--,3,45213,买盘
14:42:54,150.71,+2.12%,--,2,30142,买盘
14:43:00,150.71,+2.12%,--,21,316491,买盘
14:43:03,150.71,+2.12%,--,1,15071,卖盘
14:43:06,150.71,+2.12%,--,13,195923,卖盘
14:43:09,150.74,+2.14%,+0.03,6,90444,买盘
14:43:12,150.75,+2.15%,+0.01,1,15075,买盘
14:43:21,150.72,+2.13%,-0.03,2,30144,卖盘
14:43:24,150.72,+2.13%,--,2,30144,卖盘
14:43:27,150.75,+2.15%,+0.03,3,45225,买盘
14:43:36,150.72,+2.13%,-0.03,8,120576,卖盘
14:43:42,150.72,+2.13%,--,11,165792,买盘
14:43:45,150.71,+2.12%,-0.01,1,15071,卖盘
14:43:48,150.72,+2.13%,+0.01,7,105504,买盘
14:43:51,150.72,+2.13%,--,7,105504,买盘
14:43:54,150.74,+2.14%,+0.02,8,120592,买盘
14:43:57,150.74,+2.14%,--,7,105518,买盘
14:44:06,150.77,+2.16%,+0.03,10,150770,买盘
14:44:09,150.74,+2.14%,-0.03,3,51252,卖盘
14:44:12,150.75,+2.15%,+0.01,3,45225,买盘
14:44:15,150.74,+2.14%,-0.01,1,15074,卖盘
14:44:18,150.75,+2.15%,+0.01,2,30150,买盘
14:44:21,150.74,+2.14%,-0.01,5,75370,卖盘
14:44:24,150.74,+2.14%,--,8,120592,买盘
14:44:27,150.73,+2.13%,-0.01,4,60292,中性盘
14:44:30,150.72,+2.13%,-0.01,6,90432,卖盘
14:44:36,150.76,+2.15%,+0.04,2,30152,买盘
14:44:48,150.76,+2.15%,--,5,75380,买盘
14:44:51,150.73,+2.13%,-0.03,8,120584,卖盘
14:44:54,150.75,+2.15%,+0.02,1,15075,中性盘
14:44:57,150.75,+2.15%,--,1,15075,买盘
14:45:00,150.75,+2.15%,--,2,30150,买盘
14:45:03,150.75,+2.15%,--,1,15075,中性盘
14:45:09,150.76,+2.15%,+0.01,12,180912,买盘
14:45:12,150.75,+2.15%,-0.01,4,60300,卖盘
14:45:18,150.75,+2.15%,-0.01,1,15075,卖盘
14:45:21,150.76,+2.15%,+0.01,1,15076,买盘
14:45:24,150.76,+2.15%,--,2,30152,买盘
14:45:30,150.75,+2.15%,-0.01,2,30150,卖盘
14:45:36,150.76,+2.15%,+0.01,41,618116,买盘
14:45:39,150.76,+2.15%,--,5,75380,卖盘
14:45:42,150.77,+2.16%,+0.01,10,150770,买盘
14:45:45,150.77,+2.16%,--,1,15077,买盘
14:45:48,150.72,+2.13%,-0.05,22,331584,卖盘
14:45:54,150.72,+2.13%,--,23,346656,卖盘
14:45:57,150.72,+2.13%,--,7,105504,卖盘
14:46:00,150.72,+2.13%,--,8,120576,卖盘
14:46:03,150.72,+2.13%,--,4,60288,卖盘
14:46:06,150.71,+2.12%,-0.01,10,159753,卖盘
14:46:09,150.69,+2.11%,-0.02,24,361656,卖盘
14:46:12,150.71,+2.12%,+0.02,7,105497,买盘
14:46:15,150.67,+2.09%,-0.04,10,150670,卖盘
14:46:18,150.7,+2.11%,+0.03,9,135630,买盘
14:46:21,150.67,+2.09%,-0.03,1,15067,卖盘
14:46:27,150.65,+2.08%,-0.02,5,75325,卖盘
14:46:30,150.67,+2.09%,+0.02,6,90402,中性盘
14:46:33,150.65,+2.08%,-0.02,4,60260,卖盘
14:46:36,150.64,+2.07%,-0.01,1,15064,买盘
14:46:39,150.64,+2.07%,--,1,15064,买盘
14:46:42,150.62,+2.06%,-0.02,10,150620,卖盘
14:46:45,150.62,+2.06%,--,3,45186,买盘
14:46:51,150.61,+2.05%,-0.01,4,60244,卖盘
14:46:54,150.61,+2.05%,--,1,15061,中性盘
14:46:57,150.61,+2.05%,--,1,15061,买盘
14:47:00,150.62,+2.06%,+0.01,22,331364,买盘
14:47:03,150.62,+2.06%,--,7,105434,买盘
14:47:06,150.62,+2.06%,--,7,105434,卖盘
14:47:09,150.64,+2.07%,+0.02,6,90384,买盘
14:47:12,150.64,+2.07%,--,5,75320,买盘
14:47:15,150.62,+2.06%,-0.02,13,195806,卖盘
14:47:21,150.64,+2.07%,+0.02,1,15064,中性盘
14:47:27,150.64,+2.07%,--,29,436856,买盘
14:47:30,150.64,+2.07%,--,2,30128,买盘
14:47:33,150.64,+2.07%,--,4,60256,卖盘
14:47:39,150.64,+2.07%,--,12,180768,卖盘
14:47:45,150.65,+2.08%,+0.01,1,15065,中性盘
14:47:48,150.68,+2.10%,+0.03,3,45204,买盘
14:48:00,150.68,+2.10%,--,2,30136,买盘
14:48:03,150.65,+2.08%,-0.03,4,60260,卖盘
14:48:06,150.68,+2.10%,+0.03,2,30136,买盘
14:48:09,150.67,+2.09%,-0.01,2,30134,中性盘
14:48:12,150.66,+2.09%,-0.01,41,617706,卖盘
14:48:15,150.68,+2.10%,+0.02,1,15068,卖盘
14:48:18,150.73,+2.13%,+0.05,20,301460,买盘
14:48:21,150.72,+2.13%,-0.01,3,45216,买盘
14:48:24,150.71,+2.12%,-0.01,3,45213,中性盘
14:48:27,150.71,+2.12%,--,4,60284,买盘
14:48:30,150.66,+2.09%,-0.05,5,75330,卖盘
14:48:33,150.7,+2.11%,+0.04,1,15070,买盘
14:48:36,150.71,+2.12%,+0.01,2,30142,买盘
14:48:39,150.68,+2.10%,-0.03,2,30136,卖盘
14:48:42,150.68,+2.10%,--,11,165748,买盘
14:48:45,150.68,+2.10%,--,1,15068,买盘
14:48:48,150.67,+2.09%,-0.01,3,45201,买盘
14:48:51,150.64,+2.07%,-0.03,16,241024,卖盘
14:48:54,150.65,+2.08%,+0.01,2,30130,中性盘
14:48:57,150.64,+2.07%,-0.01,4,60256,中性盘
14:49:00,150.63,+2.07%,-0.01,6,90378,卖盘
14:49:03,150.63,+2.07%,--,13,195819,卖盘
14:49:06,150.63,+2.07%,--,12,180756,买盘
14:49:09,150.65,+2.08%,+0.02,2,30130,中性盘
14:49:12,150.65,+2.08%,--,1,15065,买盘
14:49:15,150.67,+2.09%,+0.02,8,129576,买盘
14:49:18,150.67,+2.09%,--,4,60268,买盘
14:49:24,150.67,+2.09%,--,4,60268,中性盘
14:49:30,150.68,+2.10%,+0.01,15,226020,买盘
14:49:33,150.66,+2.09%,-0.02,2,30132,中性盘
14:49:36,150.7,+2.11%,+0.04,3,45210,买盘
14:49:42,150.69,+2.11%,-0.01,2,30138,中性盘
14:49:45,150.67,+2.09%,-0.02,1,15067,卖盘
14:49:48,150.7,+2.11%,+0.03,1,15070,买盘
14:49:51,150.67,+2.09%,-0.03,4,60268,卖盘
14:49:57,150.66,+2.09%,-0.01,1,15066,中性盘
14:50:00,150.67,+2.09%,+0.01,5,75335,买盘
14:50:03,150.64,+2.07%,-0.03,11,168717,中性盘
14:50:06,150.65,+2.08%,+0.01,6,90390,买盘
14:50:09,150.62,+2.06%,-0.03,3,45186,卖盘
14:50:12,150.62,+2.06%,--,1,19882,卖盘
14:50:15,150.65,+2.08%,+0.03,3,45195,买盘
14:50:21,150.62,+2.06%,-0.03,6,90372,卖盘
14:50:24,150.65,+2.08%,+0.03,4,60260,买盘
14:50:27,150.64,+2.07%,-0.01,7,105448,中性盘
14:50:30,150.64,+2.07%,--,20,301280,中性盘
14:50:33,150.63,+2.07%,-0.01,29,436827,中性盘
14:50:36,150.62,+2.06%,-0.01,12,180744,卖盘
14:50:39,150.65,+2.08%,+0.03,7,118712,买盘
14:50:42,150.65,+2.08%,--,4,60260,买盘
14:50:45,150.63,+2.07%,-0.02,70,1054410,卖盘
14:50:48,150.64,+2.07%,+0.01,24,361536,卖盘
14:50:51,150.7,+2.11%,+0.06,52,783640,买盘
14:50:54,150.71,+2.12%,+0.01,15,226065,买盘
14:50:57,150.75,+2.15%,+0.04,47,708525,买盘
14:51:00,150.77,+2.16%,+0.02,1,15077,买盘
14:51:03,150.85,+2.22%,+0.08,50,754250,买盘
14:51:06,150.86,+2.22%,+0.01,17,256462,买盘
14:51:09,150.88,+2.24%,+0.02,9,135792,买盘
14:51:12,150.9,+2.25%,+0.02,9,135810,卖盘
14:51:15,150.99,+2.31%,+0.09,23,347277,中性盘
14:51:18,150.9,+2.25%,-0.09,45,679050,卖盘
14:51:18,150.9,+2.25%,--,45,679050,中性盘
14:51:18,150.9,+2.25%,--,45,679050,卖盘
14:51:21,151.02,+2.33%,+0.12,55,834537,买盘
14:51:24,151.04,+2.34%,+0.02,1,15104,买盘
14:51:27,151.1,+2.39%,+0.06,12,181320,买盘
14:51:33,151.05,+2.35%,-0.05,1,15105,中性盘
14:51:36,151.16,+2.43%,+0.11,7,105812,买盘
14:51:39,151.15,+2.42%,-0.01,25,377875,中性盘
14:51:42,151.06,+2.36%,-0.09,96,1450176,买盘
14:51:45,151.15,+2.42%,+0.09,33,498795,买盘
14:51:51,151.17,+2.43%,+0.02,3,45351,买盘
14:51:54,151.18,+2.44%,+0.01,8,120944,买盘
14:51:57,151.17,+2.43%,-0.01,2,30234,买盘
14:52:00,151.04,+2.34%,-0.13,5,75520,卖盘
14:52:03,150.99,+2.31%,-0.05,19,286881,卖盘
14:52:06,151.1,+2.39%,+0.11,4,60440,中性盘
14:52:09,151.1,+2.39%,--,5,75550,买盘
14:52:12,151.1,+2.39%,--,5,75550,中性盘
14:52:15,151.1,+2.39%,--,2,30220,买盘
14:52:18,151.06,+2.36%,-0.04,5,75530,卖盘
14:52:21,151.04,+2.34%,-0.02,2,30208,中性盘
14:52:27,151.06,+2.36%,+0.02,8,120848,买盘
14:52:30,151.04,+2.34%,-0.02,2,30208,卖盘
14:52:36,151.05,+2.35%,+0.01,1,15105,卖盘
14:52:39,151.05,+2.35%,--,1,15105,买盘
14:52:42,151.05,+2.35%,--,7,105735,买盘
14:52:51,151.04,+2.34%,-0.01,4,60416,中性盘
14:52:57,151.0,+2.32%,-0.04,3,45300,卖盘
14:53:03,151.04,+2.34%,+0.04,1,15104,买盘
14:53:09,151.0,+2.32%,-0.04,4,60400,卖盘
14:53:12,151.0,+2.32%,--,1,15100,卖盘
14:53:15,151.03,+2.34%,+0.03,10,151030,买盘
14:53:18,151.0,+2.32%,-0.03,1,15100,卖盘
14:53:27,151.0,+2.32%,--,3,45300,卖盘
14:53:30,151.03,+2.34%,+0.03,1,15103,买盘
14:53:33,151.01,+2.32%,-0.02,7,105707,卖盘
14:53:36,151.02,+2.33%,+0.01,1,15102,中性盘
14:53:42,151.01,+2.32%,-0.01,1,18121,中性盘
14:53:45,151.0,+2.32%,-0.01,4,60400,卖盘
14:53:48,151.0,+2.32%,--,6,102680,卖盘
14:53:51,151.0,+2.32%,--,3,48320,买盘
14:53:54,151.03,+2.34%,+0.03,18,283936,买盘
14:54:00,150.99,+2.31%,-0.04,2,30198,卖盘
14:54:03,150.99,+2.31%,--,6,90594,卖盘
14:54:06,151.02,+2.33%,+0.03,13,196326,买盘
14:54:09,151.02,+2.33%,--,1,15102,买盘
14:54:12,151.01,+2.32%,-0.01,1,15101,卖盘
14:54:15,151.01,+2.32%,--,11,166111,中性盘
14:54:18,151.0,+2.32%,-0.01,6,90600,中性盘
14:54:24,150.97,+2.30%,-0.03,4,60388,中性盘
14:54:27,150.97,+2.30%,--,3,45291,中性盘
14:54:33,150.94,+2.28%,-0.03,4,60376,卖盘
14:54:36,150.97,+2.30%,+0.03,3,51330,买盘
14:54:39,150.94,+2.28%,-0.03,3,45282,中性盘
14:54:42,150.94,+2.28%,--,3,45282,卖盘
14:54:45,150.91,+2.26%,-0.03,1,15091,中性盘
14:54:48,150.83,+2.20%,-0.08,3,45249,卖盘
14:54:51,150.85,+2.22%,+0.02,1,15085,买盘
14:54:54,150.77,+2.16%,-0.08,4,60308,卖盘
14:54:57,150.77,+2.16%,--,8,120616,卖盘
14:55:00,150.77,+2.16%,--,10,150770,卖盘
14:55:03,150.77,+2.16%,--,2,30154,买盘
14:55:06,150.74,+2.14%,-0.03,15,226110,卖盘
14:55:09,150.77,+2.16%,+0.03,16,241232,买盘
14:55:12,150.77,+2.16%,--,3,45231,中性盘
14:55:15,150.79,+2.18%,+0.02,10,150790,买盘
14:55:18,150.76,+2.15%,-0.03,2,30152,卖盘
14:55:21,150.76,+2.15%,--,20,301520,卖盘
14:55:24,150.77,+2.16%,+0.01,4,60308,卖盘
14:55:27,150.79,+2.18%,+0.02,4,60316,卖盘
14:55:30,150.92,+2.26%,+0.13,3,45276,买盘
14:55:33,150.97,+2.30%,+0.05,15,226455,买盘
14:55:36,150.97,+2.30%,--,4,69446,中性盘
14:55:39,151.0,+2.32%,+0.03,5,75500,买盘
14:55:39,151.0,+2.32%,--,5,75500,中性盘
14:55:45,151.0,+2.32%,--,2,30200,买盘
14:55:48,150.98,+2.30%,-0.02,1,15098,中性盘
14:55:51,151.0,+2.32%,+0.02,31,468100,买盘
14:55:54,151.0,+2.32%,--,4,60400,卖盘
14:55:57,151.0,+2.32%,--,22,332200,卖盘
14:56:00,150.92,+2.26%,-0.08,10,150920,卖盘
14:56:03,151.01,+2.32%,+0.09,37,558737,买盘
14:56:06,150.92,+2.26%,-0.09,7,105644,卖盘
14:56:09,150.99,+2.31%,+0.07,6,90594,中性盘
14:56:12,150.99,+2.31%,--,4,60396,买盘
14:56:15,151.0,+2.32%,+0.01,4,60400,买盘
14:56:18,150.95,+2.28%,-0.05,3,45285,中性盘
14:56:21,150.99,+2.31%,+0.04,9,135891,买盘
14:56:24,150.98,+2.30%,-0.01,1,15098,中性盘
14:56:27,150.99,+2.31%,+0.01,6,90594,买盘
14:56:30,150.93,+2.27%,-0.06,4,60372,卖盘
14:56:33,150.98,+2.30%,+0.05,4,60392,买盘
14:56:39,150.98,+2.30%,--,2,30196,买盘
14:56:42,150.95,+2.28%,-0.03,3,45285,卖盘
14:56:45,150.93,+2.27%,-0.02,2,30186,卖盘
14:56:48,150.97,+2.30%,+0.04,4,60388,中性盘
14:56:51,150.95,+2.28%,-0.02,4,60380,卖盘
14:56:54,150.93,+2.27%,-0.02,3,45279,卖盘
14:56:57,150.92,+2.26%,-0.01,4,60368,卖盘
14:57:00,151.0,+2.32%,+0.08,4,60400,买盘
14:57:03,150.95,+2.28%,-0.05,2,30190,买盘
15:00:03,151.0,+2.32%,+0.05,308,4650800,中性盘
