成交时间,成交价,涨跌幅,价格变动,成交量(手),成交额(元),性质
09:21:21,0.0,-100.00%,--,0,0,中性盘
09:24:51,0.0,-100.00%,--,0,0,卖盘
09:25:00,171.0,+1.19%,+171,280,4792788,买盘
09:25:00,171.0,+1.19%,--,280,4792788,--
09:25:00,171.0,+1.19%,--,280,4792788,中性盘
09:30:01,173.0,+2.37%,+2,120,2088975,买盘
09:30:04,173.01,+2.38%,+0.01,277,4804834,中性盘
09:30:07,172.79,+2.25%,-0.22,112,1936803,卖盘
09:30:10,172.51,+2.08%,-0.28,186,3220762,卖盘
09:30:13,173.5,+2.67%,+0.99,209,3628579,买盘
09:30:16,173.0,+2.37%,-0.5,104,1813559,买盘
09:30:19,172.96,+2.35%,-0.04,143,2475404,中性盘
09:30:22,172.02,+1.79%,-0.94,113,1958448,卖盘
09:30:25,171.93,+1.74%,-0.09,244,4204892,卖盘
09:30:28,172.99,+2.37%,+1.06,296,5131748,买盘
09:30:31,172.42,+2.03%,-0.57,121,2101283,卖盘
09:30:34,172.5,+2.08%,+0.08,115,1989960,买盘
09:30:37,172.5,+2.08%,--,114,1972020,卖盘
09:30:40,172.73,+2.21%,+0.23,67,1172491,中性盘
09:30:43,172.7,+2.20%,-0.03,125,2162377,中性盘
09:30:46,173.17,+2.47%,+0.47,174,3015236,买盘
09:30:49,173.45,+2.64%,+0.28,75,1313363,买盘
09:30:52,173.58,+2.72%,+0.13,70,1223045,买盘
09:30:55,173.32,+2.56%,-0.26,106,1839445,卖盘
09:30:58,173.45,+2.64%,+0.13,133,2314517,买盘
09:31:01,173.45,+2.64%,--,81,1409455,买盘
09:31:04,173.6,+2.73%,+0.15,95,1657880,买盘
09:31:07,173.87,+2.89%,+0.27,81,1411303,买盘
09:31:10,173.89,+2.90%,+0.02,53,936050,买盘
09:31:13,174.0,+2.96%,+0.11,261,4553406,买盘
09:31:16,174.11,+3.03%,+0.11,99,1733613,中性盘
09:31:19,174.18,+3.07%,+0.07,43,759251,买盘
09:31:22,173.89,+2.90%,-0.29,205,3571005,卖盘
09:31:25,174.11,+3.03%,+0.22,138,2403414,买盘
09:31:28,173.68,+2.78%,-0.43,57,1005086,中性盘
09:31:31,173.68,+2.78%,--,56,986676,卖盘
09:31:34,173.62,+2.74%,-0.06,161,2811950,卖盘
09:31:37,173.32,+2.56%,-0.3,97,1689177,卖盘
09:31:40,173.02,+2.38%,-0.3,24,425802,卖盘
09:31:43,173.0,+2.37%,-0.02,59,1021219,卖盘
09:31:46,172.75,+2.22%,-0.25,87,1506035,卖盘
09:31:49,172.02,+1.79%,-0.73,183,3154675,卖盘
09:31:52,172.03,+1.80%,+0.01,75,1306224,卖盘
09:31:55,172.03,+1.80%,--,153,2644445,卖盘
09:31:58,172.0,+1.78%,-0.03,225,3873440,中性盘
09:32:01,172.0,+1.78%,--,93,1613532,买盘
09:32:04,172.0,+1.78%,--,28,490888,卖盘
09:32:07,172.44,+2.04%,+0.44,76,1323649,买盘
09:32:10,172.5,+2.08%,+0.06,54,933225,买盘
09:32:13,172.49,+2.07%,-0.01,11,200088,卖盘
09:32:16,172.52,+2.09%,+0.03,51,880197,买盘
09:32:19,172.5,+2.08%,-0.02,19,338790,卖盘
09:32:22,172.5,+2.08%,--,11,197168,买盘
09:32:25,172.5,+2.08%,--,35,606510,卖盘
09:32:28,172.3,+1.96%,-0.2,21,361830,中性盘
09:32:31,172.33,+1.98%,+0.03,16,290031,买盘
09:32:34,172.07,+1.82%,-0.26,23,406085,卖盘
09:32:37,171.91,+1.73%,-0.16,194,3338320,卖盘
09:32:40,172.03,+1.80%,+0.12,120,2066596,买盘
09:32:43,171.91,+1.73%,-0.12,27,467423,卖盘
09:32:46,171.91,+1.73%,--,2,34382,买盘
09:32:49,171.86,+1.70%,-0.05,30,528126,中性盘
09:32:52,172.0,+1.78%,+0.14,51,882532,买盘
09:32:55,172.0,+1.78%,--,45,782084,卖盘
09:32:58,172.29,+1.95%,+0.29,23,409189,中性盘
09:33:01,172.09,+1.83%,-0.2,19,337124,中性盘
09:33:04,172.33,+1.98%,+0.24,45,792201,买盘
09:33:07,172.77,+2.24%,+0.44,53,919309,买盘
09:33:10,173.0,+2.37%,+0.23,67,1170345,买盘
09:33:13,173.08,+2.42%,+0.08,30,530490,卖盘
09:33:16,173.44,+2.63%,+0.36,34,602877,买盘
09:33:19,173.26,+2.53%,-0.18,40,706728,卖盘
09:33:22,173.29,+2.54%,+0.03,6,103974,卖盘
09:33:25,173.56,+2.70%,+0.27,13,229099,买盘
09:33:28,173.26,+2.53%,-0.3,41,718682,卖盘
09:33:31,173.57,+2.71%,+0.31,47,826193,买盘
09:33:34,173.45,+2.64%,-0.12,12,225138,中性盘
09:33:34,173.45,+2.64%,--,12,225138,中性盘
09:33:37,173.56,+2.70%,+0.11,31,554004,买盘
09:33:40,173.44,+2.63%,-0.12,56,971264,卖盘
09:33:43,173.44,+2.63%,--,43,749434,买盘
09:33:46,173.3,+2.55%,-0.14,16,277280,卖盘
09:33:49,173.44,+2.63%,+0.14,29,510954,买盘
09:33:52,172.45,+2.05%,-0.99,125,2165627,卖盘
09:33:55,172.51,+2.08%,+0.06,89,1536547,买盘
09:33:58,172.45,+2.05%,-0.06,8,155033,卖盘
09:34:01,172.51,+2.08%,+0.06,6,103506,买盘
09:34:04,172.51,+2.08%,--,36,625004,买盘
09:34:07,172.99,+2.37%,+0.48,107,1856183,买盘
09:34:10,173.18,+2.48%,+0.19,126,2184666,买盘
09:34:13,173.0,+2.37%,-0.18,12,207600,卖盘
09:34:16,173.38,+2.60%,+0.38,25,434144,买盘
09:34:19,172.56,+2.11%,-0.82,45,777900,卖盘
09:34:22,173.32,+2.56%,+0.76,23,406609,中性盘
09:34:25,172.74,+2.22%,-0.58,13,226808,卖盘
09:34:28,172.56,+2.11%,-0.18,65,1122503,买盘
09:34:31,172.56,+2.11%,--,26,450382,买盘
09:34:34,172.99,+2.37%,+0.43,54,948677,买盘
09:34:37,172.96,+2.35%,-0.03,7,121072,买盘
09:34:40,172.96,+2.35%,--,8,154972,买盘
09:34:43,173.0,+2.37%,+0.04,21,365895,买盘
09:34:46,172.96,+2.35%,-0.04,21,372902,卖盘
09:34:49,172.6,+2.14%,-0.36,50,874564,卖盘
09:34:52,172.96,+2.35%,+0.36,11,203747,卖盘
09:34:55,173.0,+2.37%,+0.04,36,628682,买盘
09:34:58,172.96,+2.35%,-0.04,23,407148,卖盘
09:35:01,172.97,+2.36%,+0.01,38,672853,买盘
09:35:04,172.65,+2.17%,-0.32,26,458040,卖盘
09:35:07,172.06,+1.82%,-0.59,102,1755528,卖盘
09:35:10,172.0,+1.78%,-0.06,45,781740,卖盘
09:35:13,171.9,+1.72%,-0.1,16,280713,卖盘
09:35:16,171.68,+1.59%,-0.22,64,1109224,卖盘
09:35:19,171.52,+1.50%,-0.16,61,1049531,卖盘
09:35:22,171.47,+1.47%,-0.05,6,109912,卖盘
09:35:25,171.32,+1.38%,-0.15,48,826105,卖盘
09:35:28,171.37,+1.41%,+0.05,27,467326,卖盘
09:35:31,171.23,+1.33%,-0.14,21,368145,卖盘
09:35:34,171.1,+1.25%,-0.13,19,334329,卖盘
09:35:37,171.37,+1.41%,+0.27,138,2372104,买盘
09:35:40,171.1,+1.25%,-0.27,45,783296,卖盘
09:35:43,171.5,+1.49%,+0.4,46,804164,买盘
09:35:46,171.13,+1.27%,-0.37,40,684691,卖盘
09:35:49,171.12,+1.26%,-0.01,17,305107,卖盘
09:35:52,171.12,+1.26%,--,12,205686,卖盘
09:35:55,171.43,+1.44%,+0.31,90,1546470,买盘
09:35:58,171.12,+1.26%,-0.31,27,478452,卖盘
09:36:01,171.16,+1.28%,+0.04,32,550793,买盘
09:36:04,171.43,+1.44%,+0.27,34,594519,买盘
09:36:07,171.15,+1.28%,-0.28,7,131614,卖盘
09:36:10,171.0,+1.19%,-0.15,424,7260147,卖盘
09:36:13,171.07,+1.23%,+0.07,61,1058239,买盘
09:36:16,171.06,+1.22%,-0.01,15,271643,中性盘
09:36:19,170.72,+1.02%,-0.34,2,48655,中性盘
09:36:22,170.72,+1.02%,--,34,588813,卖盘
09:36:25,170.72,+1.02%,--,17,295346,卖盘
09:36:28,170.92,+1.14%,+0.2,24,412259,买盘
09:36:31,171.07,+1.23%,+0.15,29,505170,买盘
09:36:34,171.05,+1.22%,-0.02,2,48920,中性盘
09:36:37,170.72,+1.02%,-0.33,10,170720,卖盘
09:36:40,170.8,+1.07%,+0.08,38,651431,卖盘
09:36:43,170.7,+1.01%,-0.1,18,307260,卖盘
09:36:46,170.7,+1.01%,--,19,325354,卖盘
09:36:49,170.8,+1.07%,+0.1,13,232971,买盘
09:36:52,170.68,+1.00%,-0.12,14,246633,卖盘
09:36:55,170.79,+1.07%,+0.11,93,1601498,买盘
09:36:58,170.68,+1.00%,-0.11,17,302786,中性盘
09:37:01,170.59,+0.95%,-0.09,122,2088704,卖盘
09:37:04,170.5,+0.89%,-0.09,56,959574,卖盘
09:37:07,170.43,+0.85%,-0.07,56,964804,买盘
09:37:10,170.42,+0.85%,-0.01,2,49933,买盘
09:37:13,170.42,+0.85%,--,46,784443,买盘
09:37:16,170.42,+0.85%,--,21,374242,卖盘
09:37:19,170.44,+0.86%,+0.02,9,156975,中性盘
09:37:22,170.42,+0.85%,-0.02,40,682703,卖盘
09:37:25,170.58,+0.94%,+0.16,18,322567,买盘
09:37:28,170.58,+0.94%,--,23,393357,买盘
09:37:31,170.8,+1.07%,+0.22,54,930518,买盘
09:37:34,170.72,+1.02%,-0.08,49,840284,卖盘
09:37:37,170.92,+1.14%,+0.2,5,89391,买盘
09:37:40,170.92,+1.14%,--,9,157588,买盘
09:37:43,170.88,+1.12%,-0.04,8,136704,卖盘
09:37:46,170.7,+1.01%,-0.18,18,308796,卖盘
09:37:49,170.92,+1.14%,+0.22,16,288684,买盘
09:37:52,170.7,+1.01%,-0.22,23,403876,卖盘
09:37:52,170.7,+1.01%,--,23,403876,中性盘
09:37:55,170.7,+1.01%,--,9,153630,买盘
09:37:58,170.7,+1.01%,--,26,454745,中性盘
09:38:01,170.58,+0.94%,-0.12,51,878999,卖盘
09:38:04,170.9,+1.13%,+0.32,21,363504,买盘
09:38:07,170.89,+1.12%,-0.01,17,290684,中性盘
09:38:10,170.88,+1.12%,-0.01,5,85440,中性盘
09:38:13,170.6,+0.95%,-0.28,6,102360,卖盘
09:38:16,170.88,+1.12%,+0.28,14,250168,买盘
09:38:19,170.88,+1.12%,--,18,320742,买盘
09:38:22,170.63,+0.97%,-0.25,10,170630,中性盘
09:38:25,170.88,+1.12%,+0.25,46,790320,买盘
09:38:28,170.9,+1.13%,+0.02,15,257375,买盘
09:38:31,171.02,+1.20%,+0.12,37,640128,买盘
09:38:34,171.0,+1.19%,-0.02,15,268470,卖盘
09:38:37,171.0,+1.19%,--,2,34200,卖盘
09:38:46,171.0,+1.19%,--,47,805068,卖盘
09:38:49,170.69,+1.01%,-0.31,117,1999975,卖盘
09:38:52,170.69,+1.01%,--,29,511046,买盘
09:38:55,170.9,+1.13%,+0.21,36,619000,买盘
09:38:58,170.61,+0.96%,-0.29,14,252503,卖盘
09:39:01,171.0,+1.19%,+0.39,82,1406646,买盘
09:39:04,171.0,+1.19%,--,230,3936762,卖盘
09:39:07,171.03,+1.21%,+0.03,66,1129653,买盘
09:39:13,171.03,+1.21%,--,0,0,卖盘
09:39:16,171.41,+1.43%,+0.38,5,93933,中性盘
09:39:19,171.25,+1.34%,-0.16,12,205500,卖盘
09:39:22,171.4,+1.43%,+0.15,20,342800,买盘
09:39:25,171.13,+1.27%,-0.27,9,165654,卖盘
09:39:28,171.19,+1.30%,+0.06,4,69161,买盘
09:39:31,171.22,+1.32%,+0.03,23,393806,买盘
09:39:34,171.22,+1.32%,--,9,171049,买盘
09:39:37,171.0,+1.19%,-0.22,28,479655,卖盘
09:39:40,171.19,+1.30%,+0.19,4,78234,买盘
09:39:43,171.19,+1.30%,--,7,130104,买盘
09:39:46,171.22,+1.32%,+0.03,34,590195,买盘
09:39:49,171.19,+1.30%,-0.03,39,683562,卖盘
09:39:52,171.19,+1.30%,--,41,713520,买盘
09:39:55,171.18,+1.30%,-0.01,3,51354,买盘
09:39:58,171.15,+1.28%,-0.03,5,97042,买盘
09:40:01,171.1,+1.25%,-0.05,4,68440,卖盘
09:40:04,170.89,+1.12%,-0.21,110,1888847,卖盘
09:40:07,170.88,+1.12%,-0.01,204,3493129,买盘
09:40:10,170.32,+0.79%,-0.56,22,383731,中性盘
09:40:13,171.1,+1.25%,+0.78,46,798010,买盘
09:40:16,171.33,+1.38%,+0.23,193,3319690,买盘
09:40:19,171.34,+1.39%,+0.01,84,1441655,中性盘
09:40:22,171.52,+1.50%,+0.18,17,301704,中性盘
09:40:25,171.54,+1.51%,+0.02,15,268632,买盘
09:40:28,171.54,+1.51%,--,0,0,卖盘
09:40:31,171.54,+1.51%,--,7,136031,卖盘
09:40:34,171.53,+1.50%,-0.01,7,125388,卖盘
09:40:37,171.54,+1.51%,+0.01,28,491119,中性盘
09:40:40,171.18,+1.30%,-0.36,2,37146,卖盘
09:40:43,171.18,+1.30%,--,0,0,卖盘
09:40:46,171.18,+1.30%,--,2,37317,卖盘
09:40:49,171.18,+1.30%,--,17,291520,卖盘
09:40:52,171.18,+1.30%,--,2,34236,买盘
09:40:55,171.18,+1.30%,--,57,988051,买盘
09:40:58,170.7,+1.01%,-0.48,15,256050,卖盘
09:41:01,171.1,+1.25%,+0.4,6,112926,买盘
09:41:04,170.72,+1.02%,-0.38,2,34144,中性盘
09:41:07,170.75,+1.04%,+0.03,28,490223,买盘
09:41:10,171.06,+1.22%,+0.31,2,34212,买盘
09:41:16,171.02,+1.20%,-0.04,2,34204,中性盘
09:41:19,171.02,+1.20%,--,0,0,中性盘
09:41:22,171.02,+1.20%,--,0,0,买盘
09:41:25,171.02,+1.20%,--,13,224207,买盘
09:41:28,171.02,+1.20%,--,12,206934,买盘
09:41:31,171.02,+1.20%,--,2,34204,买盘
09:41:34,170.75,+1.04%,-0.27,65,1119266,卖盘
09:41:37,170.55,+0.92%,-0.2,20,347751,卖盘
09:41:40,170.55,+0.92%,--,2,34110,卖盘
09:41:43,170.5,+0.89%,-0.05,12,204600,卖盘
09:41:46,170.49,+0.89%,-0.01,18,306882,卖盘
09:41:49,170.32,+0.79%,-0.17,7,123652,卖盘
09:41:52,170.4,+0.83%,+0.08,4,77191,中性盘
09:41:55,170.0,+0.60%,-0.4,128,2185860,卖盘
09:41:58,170.32,+0.79%,+0.32,9,153288,中性盘
09:42:01,170.0,+0.60%,-0.32,48,826540,卖盘
09:42:04,170.37,+0.82%,+0.37,30,521673,中性盘
09:42:07,170.0,+0.60%,-0.37,16,278460,卖盘
09:42:10,170.0,+0.60%,--,16,282710,卖盘
09:42:10,170.0,+0.60%,--,16,282710,中性盘
09:42:13,170.01,+0.60%,+0.01,16,287997,买盘
09:42:16,170.01,+0.60%,--,34,589935,卖盘
09:42:19,170.32,+0.79%,+0.31,12,204384,买盘
09:42:22,170.51,+0.90%,+0.19,192,3285728,买盘
09:42:25,170.52,+0.91%,+0.01,19,338141,中性盘
09:42:28,170.9,+1.13%,+0.38,2,34180,买盘
09:42:31,171.4,+1.43%,+0.5,39,683200,买盘
09:42:34,171.4,+1.43%,--,10,181855,买盘
09:42:37,171.42,+1.44%,+0.02,22,379524,买盘
09:42:40,171.45,+1.46%,+0.03,6,104756,买盘
09:42:43,171.19,+1.30%,-0.26,12,205428,卖盘
09:42:46,171.42,+1.44%,+0.23,4,85024,买盘
09:42:49,171.4,+1.43%,-0.02,2,34280,中性盘
09:42:52,171.21,+1.31%,-0.19,14,255445,卖盘
09:42:55,171.21,+1.31%,--,10,185592,卖盘
09:42:58,171.32,+1.38%,+0.11,8,152475,买盘
09:43:01,171.32,+1.38%,--,29,501625,买盘
09:43:04,171.31,+1.37%,-0.01,14,240691,中性盘
09:43:07,171.16,+1.28%,-0.15,12,205392,卖盘
09:43:10,171.3,+1.37%,+0.14,9,154170,买盘
09:43:13,171.29,+1.36%,-0.01,15,272351,买盘
09:43:16,171.3,+1.37%,+0.01,21,362300,买盘
09:43:19,171.3,+1.37%,--,46,792434,买盘
09:43:22,171.3,+1.37%,--,16,274080,买盘
09:43:25,171.31,+1.37%,+0.01,25,436155,买盘
09:43:28,171.3,+1.37%,-0.01,15,269626,买盘
09:43:31,171.3,+1.37%,--,8,149888,买盘
09:43:34,171.3,+1.37%,--,23,410435,买盘
09:43:37,171.3,+1.37%,--,6,107063,买盘
09:43:40,171.3,+1.37%,--,21,363327,买盘
09:43:43,171.5,+1.49%,+0.2,42,722358,买盘
09:43:46,171.5,+1.49%,--,21,373184,卖盘
09:43:49,171.5,+1.49%,--,0,0,卖盘
09:43:52,171.79,+1.66%,+0.29,2,34358,买盘
09:43:58,171.78,+1.65%,-0.01,2,34356,买盘
09:44:01,171.56,+1.52%,-0.22,28,495808,卖盘
09:44:04,171.41,+1.43%,-0.15,5,91533,卖盘
09:44:07,171.29,+1.36%,-0.12,107,1841539,卖盘
09:44:10,171.0,+1.19%,-0.29,39,668268,卖盘
09:44:13,170.99,+1.18%,-0.01,89,1524034,卖盘
09:44:19,170.98,+1.18%,-0.01,4,69760,买盘
09:44:25,170.98,+1.18%,--,5,86687,买盘
09:44:31,170.65,+0.98%,-0.33,3,63141,卖盘
09:44:34,170.6,+0.95%,-0.05,27,468468,卖盘
09:44:37,170.57,+0.93%,-0.03,7,127586,卖盘
09:44:40,170.5,+0.89%,-0.07,5,94798,卖盘
09:44:43,170.52,+0.91%,+0.02,2,34104,买盘
09:44:46,170.51,+0.90%,-0.01,2,34102,卖盘
09:44:49,170.52,+0.91%,+0.01,17,297557,买盘
09:44:52,170.5,+0.89%,-0.02,33,564526,卖盘
09:44:55,170.5,+0.89%,--,83,1424016,卖盘
09:44:58,170.31,+0.78%,-0.19,12,213058,卖盘
09:45:01,170.22,+0.73%,-0.09,8,136176,卖盘
09:45:04,170.05,+0.63%,-0.17,8,151515,卖盘
09:45:07,169.98,+0.59%,-0.07,38,657823,卖盘
09:45:10,169.79,+0.47%,-0.19,30,512256,卖盘
09:45:13,169.5,+0.30%,-0.29,304,5169581,卖盘
09:45:16,169.5,+0.30%,--,46,780717,卖盘
09:45:19,169.51,+0.31%,+0.01,15,261893,中性盘
09:45:22,169.33,+0.20%,-0.18,25,437718,卖盘
09:45:25,169.5,+0.30%,+0.17,5,84750,中性盘
09:45:28,169.5,+0.30%,--,0,0,买盘
09:45:31,169.5,+0.30%,--,5,84750,买盘
09:45:34,169.2,+0.12%,-0.3,16,274442,卖盘
09:45:37,169.5,+0.30%,+0.3,74,1259555,买盘
09:45:40,169.51,+0.31%,+0.01,2,33902,中性盘
09:45:43,169.51,+0.31%,--,0,0,中性盘
09:45:46,169.35,+0.21%,-0.16,28,484510,卖盘
09:45:49,169.35,+0.21%,--,54,919909,卖盘
09:45:52,169.35,+0.21%,--,55,939893,卖盘
09:45:55,169.35,+0.21%,--,80,1369872,卖盘
09:45:58,169.36,+0.22%,+0.01,17,300106,中性盘
09:46:01,169.5,+0.30%,+0.14,77,1310913,买盘
09:46:04,169.51,+0.31%,+0.01,59,1001126,中性盘
09:46:07,169.36,+0.22%,-0.15,7,127867,卖盘
09:46:10,169.25,+0.15%,-0.11,56,949831,卖盘
09:46:13,169.1,+0.07%,-0.15,62,1059750,卖盘
09:46:16,169.2,+0.12%,+0.1,27,468007,买盘
09:46:19,169.2,+0.12%,--,0,0,买盘
09:46:22,169.1,+0.07%,-0.1,9,154050,卖盘
09:46:25,169.19,+0.12%,+0.09,5,84595,买盘
09:46:28,169.18,+0.11%,-0.01,2,33836,买盘
09:46:28,169.18,+0.11%,-0.06,2,33836,中性盘
09:46:31,169.12,+0.08%,-0.06,10,183664,卖盘
09:46:34,169.12,+0.08%,--,45,764930,卖盘
09:46:37,169.11,+0.07%,-0.01,26,439686,中性盘
09:46:40,169.11,+0.07%,--,23,400791,卖盘
09:46:43,169.01,+0.01%,-0.1,38,658463,卖盘
09:46:46,169.3,+0.18%,+0.29,200,3387354,买盘
09:46:49,169.29,+0.18%,-0.01,8,145420,卖盘
09:46:52,169.08,+0.05%,-0.21,12,202896,卖盘
09:46:55,169.3,+0.18%,+0.22,67,1140066,买盘
09:46:58,169.3,+0.18%,--,34,575959,卖盘
09:47:01,169.31,+0.19%,+0.01,24,418534,卖盘
09:47:04,169.33,+0.20%,+0.02,4,67732,中性盘
09:47:07,169.31,+0.19%,-0.02,12,203172,卖盘
09:47:10,169.09,+0.06%,-0.22,134,2272570,卖盘
09:47:13,169.11,+0.07%,+0.02,53,903893,买盘
09:47:16,169.31,+0.19%,+0.2,2,33862,买盘
09:47:19,169.31,+0.19%,--,0,0,买盘
09:47:22,169.11,+0.07%,-0.2,10,177904,卖盘
09:47:25,169.1,+0.07%,-0.01,8,135280,卖盘
09:47:28,169.1,+0.07%,--,34,589990,卖盘
09:47:31,169.1,+0.07%,--,17,299138,买盘
09:47:34,169.01,+0.01%,-0.09,14,240332,卖盘
09:47:37,169.0,+0.01%,-0.01,48,814749,卖盘
09:47:43,169.0,+0.01%,--,44,745797,卖盘
09:47:46,169.01,+0.01%,+0.01,3,50703,中性盘
09:47:49,169.03,+0.02%,+0.02,26,453338,买盘
09:47:52,169.0,+0.01%,-0.03,16,270400,买盘
09:47:55,168.99,0.00%,-0.01,5,84495,卖盘
09:47:58,168.99,0.00%,--,6,108830,卖盘
09:48:01,168.99,0.00%,--,24,409294,卖盘
09:48:04,168.99,0.00%,--,6,106126,卖盘
09:48:07,168.96,-0.02%,-0.03,3,60150,卖盘
09:48:10,168.99,0.00%,+0.03,5,84495,买盘
09:48:13,168.68,-0.18%,-0.31,37,624116,卖盘
09:48:16,168.8,-0.11%,+0.12,26,439049,买盘
09:48:19,168.8,-0.11%,--,10,168800,卖盘
09:48:22,168.68,-0.18%,-0.12,18,303624,中性盘
09:48:25,168.5,-0.29%,-0.18,9,162771,卖盘
09:48:28,168.68,-0.18%,+0.18,6,101208,买盘
09:48:31,168.66,-0.20%,-0.02,4,67464,卖盘
09:48:34,168.67,-0.19%,+0.01,15,268523,中性盘
09:48:37,168.5,-0.29%,-0.17,17,294033,卖盘
09:48:40,168.28,-0.42%,-0.22,13,230712,卖盘
09:48:43,168.2,-0.47%,-0.08,124,2095604,卖盘
09:48:46,168.5,-0.29%,+0.3,5,84250,买盘
09:48:49,168.32,-0.40%,-0.18,21,369462,中性盘
09:48:52,168.5,-0.29%,+0.18,54,926582,卖盘
09:48:55,168.6,-0.23%,+0.1,26,452354,买盘
09:48:58,168.6,-0.23%,--,7,118020,卖盘
09:49:01,168.8,-0.11%,+0.2,47,805345,买盘
09:49:04,168.55,-0.26%,-0.25,58,990737,卖盘
09:49:10,168.6,-0.23%,+0.05,10,181245,卖盘
09:49:13,168.78,-0.12%,+0.18,7,118146,中性盘
09:49:16,168.8,-0.11%,+0.02,6,107526,买盘
09:49:19,168.8,-0.11%,--,2,33760,卖盘
09:49:22,168.6,-0.23%,-0.2,28,487591,卖盘
09:49:25,168.56,-0.25%,-0.04,8,134848,卖盘
09:49:28,168.6,-0.23%,+0.04,24,421331,买盘
09:49:31,168.8,-0.11%,+0.2,20,352623,买盘
09:49:34,168.8,-0.11%,--,7,118160,买盘
09:49:37,168.97,-0.01%,+0.17,10,170660,买盘
09:49:40,169.34,+0.21%,+0.37,54,930693,买盘
09:49:43,169.34,+0.21%,--,5,85009,买盘
09:49:46,169.34,+0.21%,--,8,135472,买盘
09:49:49,169.34,+0.21%,--,14,240463,卖盘
09:49:52,169.49,+0.30%,+0.15,6,101694,买盘
09:49:55,169.49,+0.30%,--,0,0,买盘
09:49:58,169.47,+0.28%,-0.02,14,249460,买盘
09:50:01,169.46,+0.28%,-0.01,11,198777,中性盘
09:50:04,169.46,+0.28%,--,3,50838,买盘
09:50:07,169.46,+0.28%,--,0,0,买盘
09:50:10,169.45,+0.27%,-0.01,10,169450,买盘
09:50:13,169.46,+0.28%,+0.01,20,338920,买盘
09:50:16,169.34,+0.21%,-0.12,6,116675,卖盘
09:50:19,169.34,+0.21%,--,4,67736,买盘
09:50:22,169.34,+0.21%,--,6,104652,买盘
09:50:25,169.0,+0.01%,-0.34,17,297440,卖盘
09:50:28,169.01,+0.01%,+0.01,2,33802,中性盘
09:50:31,169.0,+0.01%,-0.01,9,167310,卖盘
09:50:37,169.0,+0.01%,--,15,266513,买盘
09:50:40,168.82,-0.10%,-0.18,2,33764,卖盘
09:50:43,169.01,+0.01%,+0.19,2,33802,中性盘
09:50:46,168.94,-0.03%,-0.07,3,54061,卖盘
09:50:46,168.94,-0.03%,--,3,54061,中性盘
09:50:49,169.22,+0.14%,+0.28,3,50935,买盘
09:50:52,169.02,+0.02%,-0.2,7,120004,卖盘
09:51:01,169.02,+0.02%,--,0,0,买盘
09:51:04,169.02,+0.02%,--,18,313363,买盘
09:51:07,169.02,+0.02%,--,6,101412,买盘
09:51:13,169.02,+0.02%,--,4,74200,买盘
09:51:16,168.93,-0.04%,-0.09,14,236502,卖盘
09:51:19,169.05,+0.04%,+0.12,24,406227,中性盘
09:51:22,169.22,+0.14%,+0.17,10,169220,买盘
09:51:25,169.22,+0.14%,--,0,0,买盘
09:51:28,169.1,+0.07%,-0.12,1,33651,买盘
09:51:34,169.22,+0.14%,+0.12,4,67857,卖盘
09:51:37,169.2,+0.12%,-0.02,7,127577,买盘
09:51:43,169.1,+0.07%,-0.1,20,349530,卖盘
09:51:49,169.07,+0.05%,-0.03,7,134580,卖盘
09:51:52,169.2,+0.12%,+0.13,4,67680,买盘
09:51:58,169.12,+0.08%,-0.08,16,283952,卖盘
09:52:01,169.07,+0.05%,-0.05,2,33814,买盘
09:52:04,169.07,+0.05%,--,12,212352,买盘
09:52:07,168.89,-0.06%,-0.18,47,804592,卖盘
09:52:10,168.89,-0.06%,--,6,101334,卖盘
09:52:13,169.02,+0.02%,+0.13,6,101412,买盘
09:52:16,169.01,+0.01%,-0.01,5,84505,买盘
09:52:19,169.01,+0.01%,--,0,0,卖盘
09:52:22,169.02,+0.02%,+0.01,7,125751,卖盘
09:52:25,169.1,+0.07%,+0.08,2,33820,买盘
09:52:28,169.05,+0.04%,-0.05,13,228218,中性盘
09:52:31,169.05,+0.04%,--,2,33810,卖盘
09:52:37,169.05,+0.04%,--,2,37191,卖盘
09:52:43,169.05,+0.04%,--,3,58660,卖盘
09:52:46,169.12,+0.08%,+0.07,7,132928,买盘
09:52:52,169.12,+0.08%,--,0,0,买盘
09:52:55,168.98,-0.01%,-0.14,12,202776,买盘
09:52:58,168.9,-0.05%,-0.08,25,430357,卖盘
09:53:07,168.92,-0.04%,+0.02,2,33784,卖盘
09:53:10,168.92,-0.04%,--,35,606085,买盘
09:53:13,168.92,-0.04%,--,3,57433,买盘
09:53:16,168.94,-0.03%,+0.02,5,84470,买盘
09:53:19,168.94,-0.03%,--,5,87173,买盘
09:53:25,168.99,0.00%,+0.05,3,50697,买盘
09:53:31,169.0,+0.01%,+0.01,6,117624,买盘
09:53:37,169.0,+0.01%,--,7,127257,卖盘
09:53:40,169.0,+0.01%,--,0,0,卖盘
09:53:46,169.12,+0.08%,+0.12,5,98935,买盘
09:53:49,169.12,+0.08%,--,12,202944,卖盘
09:53:52,169.19,+0.12%,+0.07,26,439894,买盘
09:53:55,169.2,+0.12%,+0.01,1,16920,买盘
09:53:58,169.3,+0.18%,+0.1,2,33860,买盘
09:54:01,169.3,+0.18%,--,12,203160,买盘
09:54:04,169.3,+0.18%,--,5,84650,买盘
09:54:07,169.5,+0.30%,+0.2,23,398325,买盘
09:54:10,169.16,+0.10%,-0.34,77,1313189,卖盘
09:54:13,169.48,+0.29%,+0.32,18,306081,买盘
09:54:16,169.12,+0.08%,-0.36,2,43126,卖盘
09:54:19,169.3,+0.18%,+0.18,101,1718734,买盘
09:54:22,169.3,+0.18%,--,5,84650,卖盘
09:54:25,169.2,+0.12%,-0.1,18,320972,买盘
09:54:34,169.2,+0.12%,--,27,472576,买盘
09:54:37,169.49,+0.30%,+0.29,10,169490,买盘
09:54:40,169.48,+0.29%,-0.01,22,380652,中性盘
09:54:43,169.48,+0.29%,--,0,0,买盘
09:54:49,169.2,+0.12%,-0.28,14,246524,卖盘
09:54:52,169.48,+0.29%,+0.28,4,67792,买盘
09:54:55,169.49,+0.30%,+0.01,6,104406,买盘
09:55:01,169.21,+0.13%,-0.28,2,39934,卖盘
09:55:04,169.4,+0.24%,+0.19,23,389620,中性盘
09:55:04,169.4,+0.24%,-0.15,23,389620,中性盘
09:55:07,169.25,+0.15%,-0.15,2,41466,卖盘
09:55:10,169.07,+0.05%,-0.18,25,434679,卖盘
09:55:13,169.02,+0.02%,-0.05,6,101412,中性盘
09:55:16,169.0,+0.01%,-0.02,5,84500,卖盘
09:55:19,168.88,-0.07%,-0.12,20,339618,卖盘
09:55:22,168.82,-0.10%,-0.06,4,67528,卖盘
09:55:25,168.86,-0.08%,+0.04,12,204489,中性盘
09:55:28,168.86,-0.08%,--,0,0,中性盘
09:55:31,168.86,-0.08%,--,4,80715,买盘
09:55:34,168.86,-0.08%,--,3,50658,买盘
09:55:37,168.88,-0.07%,+0.02,9,164827,买盘
09:55:40,169.02,+0.02%,+0.14,12,203331,买盘
09:55:46,169.1,+0.07%,+0.08,7,118370,买盘
09:55:55,169.02,+0.02%,-0.08,17,303222,卖盘
09:55:58,169.1,+0.07%,+0.08,5,84550,买盘
09:56:04,169.1,+0.07%,--,4,68824,买盘
09:56:07,169.05,+0.04%,-0.05,2,33810,卖盘
09:56:10,169.23,+0.14%,+0.18,4,80892,买盘
09:56:13,169.1,+0.07%,-0.13,4,67640,卖盘
09:56:16,169.1,+0.07%,--,0,0,卖盘
09:56:19,169.1,+0.07%,--,10,176540,卖盘
09:56:22,169.1,+0.07%,--,45,761288,卖盘
09:56:25,169.13,+0.08%,+0.03,2,46172,买盘
09:56:28,169.23,+0.14%,+0.1,7,126584,买盘
09:56:31,169.14,+0.09%,-0.09,2,33828,卖盘
09:56:34,169.14,+0.09%,--,18,309188,卖盘
09:56:37,169.14,+0.09%,--,2,33828,卖盘
09:56:40,169.25,+0.15%,+0.11,3,51452,买盘
09:56:46,169.25,+0.15%,--,5,94442,卖盘
09:56:49,169.26,+0.16%,+0.01,2,33852,卖盘
09:56:52,169.25,+0.15%,-0.01,6,101550,买盘
09:56:58,169.25,+0.15%,--,2,33850,买盘
09:57:01,169.25,+0.15%,--,4,80563,买盘
09:57:04,169.25,+0.15%,--,5,92918,买盘
09:57:07,169.25,+0.15%,--,0,0,中性盘
09:57:10,169.25,+0.15%,--,4,67700,卖盘
09:57:16,169.35,+0.21%,+0.1,3,51821,中性盘
09:57:19,169.35,+0.21%,--,8,150383,买盘
09:57:28,169.21,+0.13%,-0.14,7,126061,卖盘
09:57:31,169.35,+0.21%,+0.14,94,1602390,买盘
09:57:34,169.31,+0.19%,-0.04,2,33862,买盘
09:57:37,169.21,+0.13%,-0.1,2,41964,卖盘
09:57:40,169.31,+0.19%,+0.1,2,43005,买盘
09:57:46,169.04,+0.03%,-0.27,5,84520,卖盘
09:57:49,169.31,+0.19%,+0.27,6,101586,买盘
09:57:52,169.31,+0.19%,--,5,92782,买盘
09:57:58,169.31,+0.19%,--,2,33862,买盘
09:58:01,169.05,+0.04%,-0.26,11,190857,卖盘
09:58:04,169.02,+0.02%,-0.03,38,653431,卖盘
09:58:07,168.88,-0.07%,-0.14,15,268688,卖盘
09:58:10,168.88,-0.07%,--,9,151992,卖盘
09:58:13,168.88,-0.07%,--,8,149797,卖盘
09:58:19,168.83,-0.09%,-0.05,12,214414,卖盘
09:58:22,168.81,-0.11%,-0.02,11,193963,卖盘
09:58:25,168.82,-0.10%,+0.01,18,303876,买盘
09:58:28,168.81,-0.11%,-0.01,2,33762,卖盘
09:58:31,168.82,-0.10%,+0.01,2,33764,买盘
09:58:34,168.88,-0.07%,+0.06,39,662516,买盘
09:58:37,168.86,-0.08%,-0.02,8,138972,卖盘
09:58:40,168.86,-0.08%,--,0,0,卖盘
09:58:46,168.97,-0.01%,+0.11,4,67588,买盘
09:58:49,168.86,-0.08%,-0.11,10,170549,卖盘
09:58:52,168.86,-0.08%,--,6,105200,卖盘
09:58:55,168.97,-0.01%,+0.11,2,33794,买盘
09:59:01,168.83,-0.09%,-0.14,0,14182,卖盘
09:59:04,168.83,-0.09%,--,2,33766,卖盘
09:59:07,168.86,-0.08%,+0.03,1,30395,买盘
09:59:19,168.88,-0.07%,+0.02,5,96937,买盘
09:59:22,168.86,-0.08%,-0.02,12,205503,卖盘
09:59:22,168.86,-0.08%,-0.03,12,205503,中性盘
09:59:25,168.83,-0.09%,-0.03,0,5234,卖盘
09:59:28,168.88,-0.07%,+0.05,3,52859,买盘
09:59:31,168.88,-0.07%,--,7,120580,卖盘
09:59:34,168.88,-0.07%,--,8,148783,卖盘
09:59:40,168.97,-0.01%,+0.09,4,72488,买盘
09:59:43,168.88,-0.07%,-0.09,2,33776,卖盘
09:59:46,169.05,+0.04%,+0.17,15,261689,买盘
09:59:49,169.05,+0.04%,--,1,24343,买盘
09:59:55,169.3,+0.18%,+0.25,2,43172,买盘
09:59:58,169.31,+0.19%,+0.01,23,392969,买盘
10:00:01,169.31,+0.19%,--,11,188273,中性盘
10:00:07,169.4,+0.24%,+0.09,43,736212,买盘
10:00:10,169.39,+0.24%,-0.01,4,67756,卖盘
10:00:13,169.39,+0.24%,--,15,262385,卖盘
10:00:16,169.39,+0.24%,--,0,0,买盘
10:00:19,169.34,+0.21%,-0.05,9,152406,中性盘
10:00:22,169.34,+0.21%,--,0,0,买盘
10:00:25,169.0,+0.01%,-0.34,9,164268,卖盘
10:00:28,168.97,-0.01%,-0.03,139,2361018,卖盘
10:00:31,168.96,-0.02%,-0.01,86,1468093,卖盘
10:00:34,168.83,-0.09%,-0.13,37,640203,卖盘
10:00:37,168.7,-0.17%,-0.13,88,1499237,卖盘
10:00:40,168.56,-0.25%,-0.14,32,539392,卖盘
10:00:43,168.52,-0.28%,-0.04,56,953149,卖盘
10:00:46,168.3,-0.41%,-0.22,21,357974,卖盘
10:00:49,168.14,-0.50%,-0.16,48,807072,卖盘
10:00:52,168.2,-0.47%,+0.06,59,997762,买盘
10:00:55,168.01,-0.58%,-0.19,102,1713702,卖盘
10:00:58,168.1,-0.53%,+0.09,78,1315719,中性盘
10:01:01,168.1,-0.53%,--,72,1210320,买盘
10:01:04,168.16,-0.49%,+0.06,35,590578,买盘
10:01:07,168.17,-0.49%,+0.01,43,736080,卖盘
10:01:10,168.02,-0.57%,-0.15,2,43181,卖盘
10:01:13,168.15,-0.50%,+0.13,5,84075,买盘
10:01:16,168.02,-0.57%,-0.13,4,71745,卖盘
10:01:22,168.02,-0.57%,--,17,293867,卖盘
10:01:25,168.0,-0.59%,-0.02,28,478464,卖盘
10:01:28,168.0,-0.59%,--,15,258216,卖盘
10:01:31,167.88,-0.66%,-0.12,28,486684,卖盘
10:01:34,167.88,-0.66%,--,6,100728,卖盘
10:01:37,167.77,-0.72%,-0.11,12,201324,卖盘
10:01:40,167.73,-0.75%,-0.04,2,33546,卖盘
10:01:43,167.73,-0.75%,--,2,40591,买盘
10:01:46,167.67,-0.78%,-0.06,4,67068,卖盘
10:01:49,167.65,-0.79%,-0.02,15,251475,卖盘
10:01:55,167.67,-0.78%,+0.02,22,373904,买盘
10:01:58,167.6,-0.82%,-0.07,40,670400,卖盘
10:02:01,167.43,-0.92%,-0.17,70,1174521,卖盘
10:02:04,167.45,-0.91%,+0.02,2,42365,买盘
10:02:07,167.57,-0.84%,+0.12,2,33514,买盘
10:02:10,167.45,-0.91%,-0.12,11,200438,卖盘
10:02:16,167.45,-0.91%,-0.2,12,207471,卖盘
10:02:19,167.65,-0.79%,+0.2,2,33530,买盘
10:02:22,167.65,-0.79%,--,0,0,买盘
10:02:25,167.65,-0.79%,--,52,871780,买盘
10:02:28,167.65,-0.79%,--,4,67060,买盘
10:02:31,167.65,-0.79%,--,4,82484,买盘
10:02:37,167.65,-0.79%,--,14,236051,卖盘
10:02:40,167.6,-0.82%,-0.05,25,424196,卖盘
10:02:43,167.67,-0.78%,+0.07,20,342550,买盘
10:02:46,167.63,-0.80%,-0.04,16,281451,卖盘
10:02:49,167.55,-0.85%,-0.08,13,217815,卖盘
10:02:52,167.51,-0.88%,-0.04,23,385273,卖盘
10:02:55,167.5,-0.88%,-0.01,5,86095,卖盘
10:02:58,167.5,-0.88%,--,7,117250,买盘
10:03:01,167.51,-0.88%,+0.01,2,33502,买盘
10:03:07,167.46,-0.91%,-0.05,4,70836,卖盘
10:03:10,167.45,-0.91%,-0.01,4,66980,卖盘
10:03:13,167.47,-0.90%,+0.02,7,126942,买盘
10:03:16,167.45,-0.91%,-0.02,13,232253,买盘
10:03:19,167.43,-0.92%,-0.02,2,36835,卖盘
10:03:22,167.36,-0.96%,-0.07,7,117152,卖盘
10:03:25,167.3,-1.00%,-0.06,37,628546,卖盘
10:03:28,167.3,-1.00%,--,0,0,卖盘
10:03:31,167.32,-0.99%,+0.02,4,75629,卖盘
10:03:34,167.46,-0.91%,+0.14,14,249180,买盘
10:03:37,167.51,-0.88%,+0.05,43,728836,买盘
10:03:40,167.41,-0.93%,-0.1,4,66964,中性盘
10:03:40,167.41,-0.93%,--,4,66964,中性盘
10:03:43,167.56,-0.85%,+0.15,40,684985,买盘
10:03:46,167.56,-0.85%,--,2,33512,买盘
10:03:49,167.6,-0.82%,+0.04,13,231120,买盘
10:03:55,167.88,-0.66%,+0.28,3,64298,买盘
10:03:58,167.7,-0.76%,-0.18,2,33540,买盘
10:04:01,167.56,-0.85%,-0.14,3,50268,卖盘
10:04:13,167.56,-0.85%,--,0,0,卖盘
10:04:16,167.87,-0.66%,+0.31,14,250462,买盘
10:04:19,167.88,-0.66%,+0.01,11,184668,中性盘
10:04:22,167.87,-0.66%,-0.01,9,152762,卖盘
10:04:28,167.9,-0.65%,+0.03,10,173609,卖盘
10:04:34,167.94,-0.62%,+0.04,2,33588,中性盘
10:04:37,167.97,-0.60%,+0.03,9,151173,买盘
10:04:40,167.97,-0.60%,--,2,33594,买盘
10:04:43,167.97,-0.60%,--,2,33594,卖盘
10:04:46,168.0,-0.59%,+0.03,4,67200,买盘
10:04:52,168.29,-0.41%,+0.29,2,33658,买盘
10:05:04,168.01,-0.58%,-0.28,2,33602,中性盘
10:05:07,168.27,-0.43%,+0.26,2,33654,中性盘
10:05:10,168.27,-0.43%,--,5,84135,买盘
10:05:13,168.27,-0.43%,--,2,33654,买盘
10:05:16,168.01,-0.58%,-0.26,4,74932,卖盘
10:05:19,167.87,-0.66%,-0.14,53,900790,卖盘
10:05:22,167.7,-0.76%,-0.17,6,100620,卖盘
10:05:25,167.7,-0.76%,--,0,0,中性盘
10:05:28,167.97,-0.60%,+0.27,2,38297,买盘
10:05:37,167.7,-0.76%,-0.27,3,60875,卖盘
10:05:40,167.97,-0.60%,+0.27,2,33594,买盘
10:05:43,167.7,-0.76%,-0.27,14,242327,卖盘
10:05:46,167.7,-0.76%,--,0,0,卖盘
10:05:49,167.81,-0.70%,+0.11,10,171334,卖盘
10:06:01,167.97,-0.60%,+0.16,20,351729,买盘
10:06:04,167.97,-0.60%,--,4,67188,买盘
10:06:07,167.73,-0.75%,-0.24,5,89232,卖盘
10:06:10,167.81,-0.70%,+0.08,2,33898,买盘
10:06:16,167.81,-0.70%,--,2,33730,买盘
10:06:19,167.72,-0.75%,-0.09,22,384582,卖盘
10:06:22,167.74,-0.74%,+0.02,25,433608,买盘
10:06:25,167.75,-0.73%,+0.01,6,100650,卖盘
10:06:31,167.75,-0.73%,--,0,0,中性盘
10:06:34,167.81,-0.70%,+0.06,2,33562,中性盘
10:06:37,167.66,-0.79%,-0.15,24,412276,卖盘
10:06:40,167.66,-0.79%,--,0,0,卖盘
10:06:46,167.66,-0.79%,--,9,158439,卖盘
10:06:49,167.81,-0.70%,+0.15,6,100686,买盘
10:06:52,167.66,-0.79%,-0.15,3,61531,卖盘
10:06:55,167.65,-0.79%,-0.01,2,34201,卖盘
10:06:58,167.66,-0.79%,+0.01,3,50298,买盘
10:07:01,167.64,-0.80%,-0.02,4,68900,买盘
10:07:04,167.62,-0.81%,-0.02,5,83810,卖盘
10:07:07,167.72,-0.75%,+0.1,45,757591,买盘
10:07:10,167.81,-0.70%,+0.09,2,33562,买盘
10:07:13,167.81,-0.70%,--,0,0,买盘
10:07:19,168.0,-0.59%,+0.19,26,446712,买盘
10:07:25,168.0,-0.59%,--,2,42000,买盘
10:07:28,168.0,-0.59%,--,0,0,买盘
10:07:31,168.0,-0.59%,--,4,67200,买盘
10:07:34,167.97,-0.60%,-0.03,12,217857,中性盘
10:07:37,167.89,-0.65%,-0.08,9,151101,中性盘
10:07:46,167.97,-0.60%,+0.08,2,33594,买盘
10:07:52,167.99,-0.59%,+0.02,2,33598,买盘
10:07:55,167.92,-0.63%,-0.07,10,171446,卖盘
10:07:58,167.92,-0.63%,--,0,0,卖盘
10:07:58,167.92,-0.63%,--,0,0,中性盘
10:08:01,167.92,-0.63%,--,10,170103,卖盘
10:08:04,168.0,-0.59%,+0.08,15,258384,买盘
10:08:07,168.26,-0.43%,+0.26,8,134608,买盘
10:08:10,168.0,-0.59%,-0.26,2,33600,卖盘
10:08:16,168.01,-0.58%,+0.01,6,112735,中性盘
10:08:22,168.11,-0.52%,+0.1,5,92461,买盘
10:08:25,168.0,-0.59%,-0.11,20,340200,卖盘
10:08:28,168.01,-0.58%,+0.01,2,33602,买盘
10:08:37,167.89,-0.65%,-0.12,5,99559,卖盘
10:08:40,167.95,-0.62%,+0.06,10,167950,卖盘
10:08:43,167.88,-0.66%,-0.07,12,202631,卖盘
10:08:46,167.84,-0.68%,-0.04,24,402816,卖盘
10:08:49,167.85,-0.67%,+0.01,6,107424,买盘
10:08:52,167.84,-0.68%,-0.01,2,36589,买盘
10:08:55,167.84,-0.68%,--,8,149881,买盘
10:08:58,167.84,-0.68%,--,2,33568,买盘
10:09:01,167.85,-0.67%,+0.01,15,267889,买盘
10:09:07,167.9,-0.65%,+0.05,3,50370,卖盘
10:09:10,167.91,-0.64%,+0.01,5,83955,卖盘
10:09:13,167.9,-0.65%,-0.01,10,167900,卖盘
10:09:16,167.94,-0.62%,+0.04,5,83970,买盘
10:09:19,167.94,-0.62%,--,10,183726,买盘
10:09:22,168.11,-0.52%,+0.17,18,309491,买盘
10:09:25,168.15,-0.50%,+0.04,7,134352,卖盘
10:09:31,168.14,-0.50%,-0.01,3,54141,买盘
10:09:37,168.14,-0.50%,--,2,33628,买盘
10:09:49,167.9,-0.65%,-0.24,97,1631149,卖盘
10:09:52,167.78,-0.72%,-0.12,197,3308957,卖盘
10:09:55,167.78,-0.72%,--,37,633034,卖盘
10:10:04,167.77,-0.72%,-0.01,4,67108,中性盘
10:10:07,167.67,-0.78%,-0.1,4,67068,卖盘
10:10:10,167.77,-0.72%,+0.1,6,100662,买盘
10:10:13,167.63,-0.80%,-0.14,11,184393,卖盘
10:10:16,167.6,-0.82%,-0.03,3,50280,卖盘
10:10:19,167.56,-0.85%,-0.04,10,182305,卖盘
10:10:22,167.42,-0.93%,-0.14,34,575925,卖盘
10:10:25,167.51,-0.88%,+0.09,14,234514,中性盘
10:10:28,167.51,-0.88%,--,8,134008,卖盘
10:10:34,167.42,-0.93%,-0.09,2,43529,卖盘
10:10:37,167.41,-0.93%,-0.01,36,612553,卖盘
10:10:40,167.38,-0.95%,-0.03,35,596710,卖盘
10:10:43,167.35,-0.97%,-0.03,5,92712,卖盘
10:10:46,167.53,-0.86%,+0.18,66,1110724,买盘
10:10:52,167.53,-0.86%,--,15,263022,卖盘
10:10:55,167.53,-0.86%,--,2,33506,买盘
10:10:58,167.36,-0.96%,-0.17,14,247191,卖盘
10:11:01,167.33,-0.98%,-0.03,18,312907,卖盘
10:11:07,167.33,-0.98%,--,3,50199,卖盘
10:11:10,167.32,-0.99%,-0.01,8,143393,卖盘
10:11:13,167.33,-0.98%,+0.01,2,33466,卖盘
10:11:16,167.33,-0.98%,--,3,55219,卖盘
10:11:19,167.32,-0.99%,-0.01,4,66928,卖盘
10:11:22,167.31,-0.99%,-0.01,4,70270,卖盘
10:11:25,167.3,-1.00%,-0.01,36,602949,卖盘
10:11:28,167.27,-1.02%,-0.03,31,518537,卖盘
10:11:31,167.3,-1.00%,+0.03,4,75954,买盘
10:11:34,167.2,-1.06%,-0.1,9,151316,卖盘
10:11:37,167.27,-1.02%,+0.07,10,177139,买盘
10:11:40,167.27,-1.02%,--,2,33454,买盘
10:11:43,167.18,-1.07%,-0.09,5,83590,卖盘
10:11:46,167.18,-1.07%,--,0,0,卖盘
10:11:49,167.18,-1.07%,--,5,83590,卖盘
10:11:52,167.18,-1.07%,--,2,33436,买盘
10:11:55,167.13,-1.10%,-0.05,5,90417,卖盘
10:11:58,167.13,-1.10%,--,20,334260,卖盘
10:12:01,167.18,-1.07%,+0.05,6,112011,买盘
10:12:04,167.13,-1.10%,-0.05,15,250695,卖盘
10:12:07,167.18,-1.07%,+0.05,14,236225,买盘
10:12:10,167.11,-1.11%,-0.07,11,200031,卖盘
10:12:13,167.1,-1.12%,-0.01,2,49295,卖盘
10:12:16,167.11,-1.11%,+0.01,0,501,买盘
10:12:16,167.11,-1.11%,-0.01,0,501,中性盘
10:12:19,167.1,-1.12%,-0.01,4,70182,卖盘
10:12:22,167.1,-1.12%,--,5,83550,卖盘
10:12:25,167.07,-1.14%,-0.03,44,746302,卖盘
10:12:28,167.05,-1.15%,-0.02,29,496807,卖盘
10:12:31,167.04,-1.15%,-0.01,2,33408,卖盘
10:12:37,167.03,-1.16%,-0.01,6,105229,卖盘
10:12:40,167.11,-1.11%,+0.08,56,948851,买盘
10:12:43,167.11,-1.11%,--,7,129510,卖盘
10:12:46,167.11,-1.11%,--,16,267376,卖盘
10:12:49,167.11,-1.11%,--,2,41778,卖盘
10:12:52,167.13,-1.10%,+0.02,2,33426,卖盘
10:12:55,167.14,-1.09%,+0.01,3,50142,卖盘
10:12:58,167.14,-1.09%,--,7,127026,卖盘
10:13:01,167.16,-1.08%,+0.02,2,33432,卖盘
10:13:07,167.02,-1.17%,-0.14,17,285604,卖盘
10:13:10,167.02,-1.17%,--,0,0,卖盘
10:13:13,167.16,-1.08%,+0.14,4,68368,买盘
10:13:16,167.16,-1.08%,--,12,208449,买盘
10:13:19,167.03,-1.16%,-0.13,13,223152,卖盘
10:13:25,167.03,-1.16%,--,9,157008,买盘
10:13:31,167.03,-1.16%,--,0,0,中性盘
10:13:34,167.1,-1.12%,+0.07,3,50130,中性盘
10:13:37,167.33,-0.98%,+0.23,66,1108227,买盘
10:13:40,167.33,-0.98%,--,0,0,卖盘
10:13:46,167.43,-0.92%,+0.1,3,53578,买盘
10:13:52,167.43,-0.92%,--,2,37504,卖盘
10:13:58,167.43,-0.92%,--,0,0,卖盘
10:14:04,167.5,-0.88%,+0.07,6,100500,买盘
10:14:07,167.43,-0.92%,-0.07,10,171783,卖盘
10:14:10,167.43,-0.92%,--,4,66972,卖盘
10:14:13,167.44,-0.92%,+0.01,7,133450,中性盘
10:14:16,167.35,-0.97%,-0.09,2,35980,卖盘
10:14:19,167.35,-0.97%,--,0,0,卖盘
10:14:22,167.35,-0.97%,--,5,84344,卖盘
10:14:25,167.38,-0.95%,+0.03,3,63772,中性盘
10:14:28,167.38,-0.95%,--,0,0,买盘
10:14:31,167.36,-0.96%,-0.02,2,33472,买盘
10:14:37,167.36,-0.96%,--,2,33472,买盘
10:14:49,167.34,-0.98%,-0.02,2,33468,卖盘
10:14:52,167.34,-0.98%,--,0,2175,卖盘
10:14:55,167.36,-0.96%,+0.02,11,187945,买盘
10:14:58,167.35,-0.97%,-0.01,4,76312,中性盘
10:15:01,167.36,-0.96%,+0.01,9,156147,买盘
10:15:07,167.36,-0.96%,--,4,71295,卖盘
10:15:10,167.31,-0.99%,-0.05,12,207799,卖盘
10:15:13,167.34,-0.98%,+0.03,6,100404,买盘
10:15:16,167.36,-0.96%,+0.02,2,33472,买盘
10:15:25,167.36,-0.96%,--,30,504758,买盘
10:15:28,167.3,-1.00%,-0.06,16,270691,卖盘
10:15:31,167.3,-1.00%,--,3,63909,买盘
10:15:34,167.3,-1.00%,--,2,33460,卖盘
10:15:37,167.3,-1.00%,--,1,20745,卖盘
10:15:43,167.22,-1.05%,-0.08,2,37123,卖盘
10:15:46,167.2,-1.06%,-0.02,25,422682,卖盘
10:15:49,167.3,-1.00%,+0.1,28,471953,买盘
10:15:55,167.3,-1.00%,--,13,233216,卖盘
10:15:58,167.32,-0.99%,+0.02,2,33464,买盘
10:16:01,167.33,-0.98%,+0.01,2,33466,买盘
10:16:04,167.33,-0.98%,--,0,0,中性盘
10:16:10,167.32,-0.99%,-0.01,2,35974,卖盘
10:16:13,167.32,-0.99%,--,1,30954,买盘
10:16:16,167.36,-0.96%,+0.04,0,5690,卖盘
10:16:19,167.36,-0.96%,--,0,0,买盘
10:16:22,167.3,-1.00%,-0.06,5,86829,卖盘
10:16:25,167.36,-0.96%,+0.06,2,36317,卖盘
10:16:28,167.3,-1.00%,-0.06,22,379102,卖盘
10:16:31,167.29,-1.01%,-0.01,8,137680,卖盘
10:16:34,167.3,-1.00%,+0.01,19,332760,买盘
10:16:34,167.3,-1.00%,--,19,332760,中性盘
10:16:34,167.3,-1.00%,--,19,332760,买盘
10:16:40,167.3,-1.00%,--,0,0,买盘
10:16:46,167.3,-1.00%,--,17,288425,买盘
10:16:49,167.21,-1.05%,-0.09,4,82769,卖盘
10:16:52,167.24,-1.04%,+0.03,7,117737,卖盘
10:16:58,167.24,-1.04%,--,5,96330,卖盘
10:17:01,167.2,-1.06%,-0.04,10,178235,卖盘
10:17:04,167.29,-1.01%,+0.09,9,161268,买盘
10:17:07,167.29,-1.01%,--,0,0,买盘
10:17:10,167.32,-0.99%,+0.03,16,274907,买盘
10:17:13,167.38,-0.95%,+0.06,9,160517,买盘
10:17:16,167.2,-1.06%,-0.18,24,414990,卖盘
10:17:19,167.2,-1.06%,--,0,0,卖盘
10:17:22,167.47,-0.90%,+0.27,11,184719,买盘
10:17:28,167.47,-0.90%,--,0,0,买盘
10:17:31,167.48,-0.89%,+0.01,2,33831,买盘
10:17:34,167.48,-0.89%,--,0,0,中性盘
10:17:43,167.47,-0.90%,-0.01,4,66988,卖盘
10:17:46,167.47,-0.90%,--,10,167637,卖盘
10:17:52,167.52,-0.87%,+0.05,9,161657,买盘
10:17:55,167.8,-0.70%,+0.28,5,83900,买盘
10:17:58,167.8,-0.70%,--,0,0,买盘
10:18:01,167.8,-0.70%,--,7,117460,买盘
10:18:04,167.8,-0.70%,--,5,83900,买盘
10:18:07,167.8,-0.70%,--,0,0,卖盘
10:18:10,167.8,-0.70%,--,5,85075,卖盘
10:18:13,167.87,-0.66%,+0.07,10,170556,买盘
10:18:16,168.01,-0.58%,+0.14,4,67204,买盘
10:18:19,167.87,-0.66%,-0.14,4,67148,卖盘
10:18:22,168.33,-0.39%,+0.46,9,151497,买盘
10:18:25,168.33,-0.39%,--,0,0,买盘
10:18:31,168.31,-0.40%,-0.02,7,117817,买盘
10:18:37,168.31,-0.40%,--,0,0,买盘
10:18:40,168.0,-0.59%,-0.31,2,33600,中性盘
10:18:46,168.0,-0.59%,--,0,0,卖盘
10:18:49,168.28,-0.42%,+0.28,9,151452,中性盘
10:18:55,168.01,-0.58%,-0.27,7,117607,卖盘
10:18:58,168.01,-0.58%,--,0,0,中性盘
10:19:04,168.01,-0.58%,--,2,44859,卖盘
10:19:10,168.01,-0.58%,--,0,0,卖盘
10:19:13,168.29,-0.41%,+0.28,21,354755,买盘
10:19:16,168.29,-0.41%,--,0,0,买盘
10:19:22,168.03,-0.57%,-0.26,2,33606,中性盘
10:19:25,168.16,-0.49%,+0.13,4,67264,买盘
10:19:43,168.29,-0.41%,+0.13,2,33658,买盘
10:19:46,168.29,-0.41%,--,2,33658,买盘
10:19:49,168.16,-0.49%,-0.13,6,100896,卖盘
10:19:52,168.16,-0.49%,--,2,44394,卖盘
10:19:55,168.29,-0.41%,+0.13,15,260681,买盘
10:19:58,168.02,-0.57%,-0.27,4,70064,卖盘
10:20:04,168.28,-0.42%,+0.26,8,135970,买盘
10:20:07,168.28,-0.42%,--,2,33656,买盘
10:20:10,168.28,-0.42%,--,5,93395,买盘
10:20:13,168.28,-0.42%,--,0,0,买盘
10:20:16,168.27,-0.43%,-0.01,2,33654,买盘
10:20:19,168.27,-0.43%,--,8,140674,买盘
10:20:22,168.28,-0.42%,+0.01,2,44089,买盘
10:20:25,168.3,-0.41%,+0.02,2,33660,买盘
10:20:28,168.33,-0.39%,+0.03,2,33666,买盘
10:20:31,168.33,-0.39%,--,21,367128,买盘
10:20:34,168.5,-0.29%,+0.17,4,67400,买盘
10:20:37,168.5,-0.29%,--,0,0,买盘
10:20:40,168.34,-0.38%,-0.16,18,309746,卖盘
10:20:43,168.49,-0.30%,+0.15,45,762249,买盘
10:20:46,168.47,-0.31%,-0.02,2,33694,买盘
10:20:49,168.44,-0.33%,-0.03,4,67376,中性盘
10:20:52,168.43,-0.33%,-0.01,2,33686,买盘
10:20:52,168.43,-0.33%,--,2,33686,中性盘
10:20:52,168.43,-0.33%,--,2,33686,买盘
10:21:04,168.43,-0.33%,--,0,0,买盘
10:21:07,168.42,-0.34%,-0.01,3,50526,买盘
10:21:19,168.42,-0.34%,--,0,0,买盘
10:21:22,168.34,-0.38%,-0.08,8,143257,买盘
10:21:25,168.34,-0.38%,--,10,173390,买盘
10:21:31,168.34,-0.38%,--,0,0,买盘
10:21:34,168.34,-0.38%,--,14,245945,买盘
10:21:37,168.1,-0.53%,-0.24,2,49253,卖盘
10:21:40,168.34,-0.38%,+0.24,0,8922,中性盘
10:21:43,168.09,-0.53%,-0.25,3,59336,卖盘
10:21:46,168.09,-0.53%,--,6,105897,卖盘
10:21:52,168.32,-0.40%,+0.23,2,44941,买盘
10:22:01,168.1,-0.53%,-0.22,2,36646,中性盘
10:22:13,168.11,-0.52%,+0.01,2,43709,中性盘
10:22:19,168.32,-0.40%,+0.21,48,815510,买盘
10:22:25,168.32,-0.40%,--,2,33664,卖盘
10:22:34,168.32,-0.40%,--,1,32486,卖盘
10:22:43,168.32,-0.40%,--,0,0,买盘
10:22:49,168.12,-0.51%,-0.2,7,123064,卖盘
10:22:52,168.12,-0.51%,--,0,0,卖盘
10:22:55,168.12,-0.51%,--,16,268992,卖盘
10:22:58,168.1,-0.53%,-0.02,20,343933,卖盘
10:23:01,168.09,-0.53%,-0.01,24,413669,卖盘
10:23:04,168.06,-0.55%,-0.03,34,586866,卖盘
10:23:07,168.07,-0.54%,+0.01,11,184877,买盘
10:23:10,168.01,-0.58%,-0.06,11,190355,卖盘
10:23:13,168.01,-0.58%,--,0,11257,买盘
10:23:16,168.01,-0.58%,--,5,89549,卖盘
10:23:19,168.0,-0.59%,-0.01,8,149184,卖盘
10:23:22,168.01,-0.58%,+0.01,2,41498,买盘
10:23:31,168.15,-0.50%,+0.14,14,235914,买盘
10:23:34,168.15,-0.50%,--,0,0,卖盘
10:23:43,168.26,-0.43%,+0.11,5,87159,买盘
10:23:49,168.26,-0.43%,--,0,0,买盘
10:23:52,168.26,-0.43%,--,15,253231,买盘
10:23:58,168.32,-0.40%,+0.06,8,137181,买盘
10:24:07,168.45,-0.32%,+0.13,10,168450,买盘
10:24:10,168.45,-0.32%,--,0,0,中性盘
10:24:13,168.45,-0.32%,--,1,16845,卖盘
10:24:16,168.49,-0.30%,+0.04,2,36899,买盘
10:24:19,168.49,-0.30%,--,2,46672,买盘
10:24:25,168.49,-0.30%,--,3,50547,买盘
10:24:28,168.49,-0.30%,--,2,33698,买盘
10:24:31,168.5,-0.29%,+0.01,23,390920,买盘
10:24:37,168.89,-0.06%,+0.39,2,33778,买盘
10:24:46,168.89,-0.06%,--,5,84614,买盘
10:24:52,168.87,-0.07%,-0.02,6,101322,买盘
10:24:55,169.0,+0.01%,+0.13,100,1690000,买盘
10:25:01,168.89,-0.06%,-0.11,2,33778,卖盘
10:25:04,169.04,+0.03%,+0.15,4,77758,买盘
10:25:07,169.04,+0.03%,--,0,0,买盘
10:25:10,168.87,-0.07%,-0.17,2,33774,卖盘
10:25:10,168.87,-0.07%,--,2,33774,中性盘
10:25:10,168.87,-0.07%,--,2,33774,买盘
10:25:16,168.98,-0.01%,+0.11,14,241472,买盘
10:25:19,168.98,-0.01%,--,0,0,买盘
10:25:22,168.8,-0.11%,-0.18,11,191419,卖盘
10:25:25,168.8,-0.11%,--,8,137234,买盘
10:25:31,168.8,-0.11%,--,2,36461,买盘
10:25:40,168.56,-0.25%,-0.24,6,101136,中性盘
10:25:43,168.49,-0.30%,-0.07,6,109013,卖盘
10:25:49,168.5,-0.29%,+0.01,4,67400,卖盘
10:25:52,168.5,-0.29%,--,3,58638,买盘
10:25:55,168.49,-0.30%,-0.01,2,35214,卖盘
10:26:01,168.49,-0.30%,--,2,47346,卖盘
10:26:04,168.49,-0.30%,--,0,0,卖盘
10:26:07,168.79,-0.12%,+0.3,4,67516,买盘
10:26:16,168.78,-0.12%,-0.01,4,67512,买盘
10:26:19,168.83,-0.09%,+0.05,31,531477,买盘
10:26:28,168.83,-0.09%,--,2,34272,卖盘
10:26:31,168.9,-0.05%,+0.07,5,85801,买盘
10:26:34,168.9,-0.05%,--,3,50670,卖盘
10:26:40,168.9,-0.05%,--,0,0,卖盘
10:26:49,169.0,+0.01%,+0.1,2,33800,卖盘
10:26:52,169.18,+0.11%,+0.18,3,50754,买盘
10:26:55,169.18,+0.11%,--,6,108952,买盘
10:26:58,169.18,+0.11%,--,8,142957,卖盘
10:27:01,169.18,+0.11%,--,0,9305,买盘
10:27:04,169.18,+0.11%,--,0,0,卖盘
10:27:07,169.19,+0.12%,+0.01,3,54818,买盘
10:27:10,169.19,+0.12%,--,3,66492,买盘
10:27:16,169.19,+0.12%,--,3,61416,买盘
10:27:19,169.18,+0.11%,-0.01,5,84590,中性盘
10:27:22,169.18,+0.11%,--,4,67672,卖盘
10:27:25,169.18,+0.11%,--,4,76300,卖盘
10:27:28,169.18,+0.11%,--,2,33836,买盘
10:27:31,169.1,+0.07%,-0.08,9,161152,卖盘
10:27:34,168.9,-0.05%,-0.2,92,1553880,卖盘
10:27:37,169.1,+0.07%,+0.2,6,106533,买盘
10:27:40,169.1,+0.07%,--,2,45319,买盘
10:27:55,168.61,-0.22%,-0.49,2,33722,卖盘
10:27:58,169.0,+0.01%,+0.39,25,422500,卖盘
10:28:01,169.0,+0.01%,--,44,743600,卖盘
10:28:04,169.0,+0.01%,--,31,540631,卖盘
10:28:07,169.0,+0.01%,--,0,9971,卖盘
10:28:10,169.0,+0.01%,--,0,0,买盘
10:28:13,168.65,-0.20%,-0.35,15,252975,卖盘
10:28:16,169.0,+0.01%,+0.35,15,253500,买盘
10:28:34,169.0,+0.01%,--,0,0,中性盘
10:28:46,168.65,-0.20%,-0.35,4,68641,卖盘
10:28:52,168.65,-0.20%,--,1,23442,卖盘
10:28:55,169.0,+0.01%,+0.35,103,1742897,买盘
10:28:58,169.0,+0.01%,--,6,106639,买盘
10:29:01,169.0,+0.01%,--,2,36504,卖盘
10:29:04,169.02,+0.02%,+0.02,4,74200,买盘
10:29:07,169.0,+0.01%,-0.02,10,169000,卖盘
10:29:13,169.0,+0.01%,--,4,67600,卖盘
10:29:16,169.01,+0.01%,+0.01,35,597788,买盘
10:29:19,169.01,+0.01%,--,2,33802,卖盘
10:29:22,169.02,+0.02%,+0.01,2,34480,买盘
10:29:22,169.02,+0.02%,--,2,34480,中性盘
10:29:31,169.08,+0.05%,+0.06,5,100434,买盘
10:29:34,169.08,+0.05%,--,0,0,买盘
10:29:37,169.02,+0.02%,-0.06,4,68960,卖盘
10:29:40,169.04,+0.03%,+0.02,6,101424,中性盘
10:29:43,169.02,+0.02%,-0.02,2,33804,中性盘
10:29:46,169.06,+0.04%,+0.04,12,202872,买盘
10:29:55,169.08,+0.05%,+0.02,10,169080,买盘
10:30:04,169.08,+0.05%,--,0,0,中性盘
10:30:07,169.0,+0.01%,-0.08,51,862576,卖盘
10:30:10,168.93,-0.04%,-0.07,23,404587,卖盘
10:30:13,168.68,-0.18%,-0.25,2,48411,卖盘
10:30:16,168.89,-0.06%,+0.21,11,187130,买盘
10:30:19,168.89,-0.06%,--,0,0,买盘
10:30:22,168.67,-0.19%,-0.22,2,33734,卖盘
10:30:25,168.62,-0.22%,-0.05,7,133547,卖盘
10:30:28,168.87,-0.07%,+0.25,12,214465,买盘
10:30:31,168.6,-0.23%,-0.27,2,35743,卖盘
10:30:49,168.8,-0.11%,+0.2,2,36292,卖盘
10:30:52,168.87,-0.07%,+0.07,2,38671,买盘
10:30:55,168.87,-0.07%,--,0,0,买盘
10:30:58,168.8,-0.11%,-0.07,2,39668,卖盘
10:31:04,168.73,-0.15%,-0.07,3,50788,卖盘
10:31:07,168.86,-0.08%,+0.13,9,166834,买盘
10:31:10,168.87,-0.07%,+0.01,3,66197,买盘
10:31:13,168.73,-0.15%,-0.14,2,43701,卖盘
10:31:22,168.73,-0.15%,--,0,0,买盘
10:31:25,168.61,-0.22%,-0.12,4,67444,卖盘
10:31:31,168.62,-0.22%,+0.01,4,68122,中性盘
10:31:34,168.6,-0.23%,-0.02,0,14837,卖盘
10:31:37,168.58,-0.24%,-0.02,16,270739,卖盘
10:31:40,168.58,-0.24%,--,5,93056,卖盘
10:31:43,168.58,-0.24%,--,13,219154,买盘
10:31:46,168.51,-0.28%,-0.07,2,42970,卖盘
10:31:49,168.51,-0.28%,--,0,0,卖盘
10:31:52,168.51,-0.28%,--,1,18873,卖盘
10:31:55,168.29,-0.41%,-0.22,81,1369712,卖盘
10:31:58,168.22,-0.46%,-0.07,5,87474,中性盘
10:32:01,168.2,-0.47%,-0.02,2,33640,中性盘
10:32:04,168.2,-0.47%,--,3,52815,买盘
10:32:07,168.2,-0.47%,--,0,0,卖盘
10:32:22,168.2,-0.47%,--,2,33640,卖盘
10:32:25,168.2,-0.47%,--,5,95538,卖盘
10:32:28,168.2,-0.47%,--,0,0,买盘
10:32:31,168.16,-0.49%,-0.04,2,34809,卖盘
10:32:34,168.16,-0.49%,--,4,67264,买盘
10:32:43,168.16,-0.49%,--,0,0,买盘
10:32:46,168.18,-0.48%,+0.02,11,200975,买盘
10:32:52,168.18,-0.48%,--,0,0,买盘
10:32:55,168.15,-0.50%,-0.03,4,67260,买盘
10:33:04,168.17,-0.49%,+0.02,2,37334,买盘
10:33:07,168.2,-0.47%,+0.03,2,33640,买盘
10:33:13,168.15,-0.50%,-0.05,1,29931,卖盘
10:33:19,168.1,-0.53%,-0.05,2,33620,卖盘
10:33:22,168.15,-0.50%,+0.05,6,100890,买盘
10:33:25,168.15,-0.50%,--,0,0,买盘
10:33:34,168.21,-0.46%,+0.06,2,33642,买盘
10:33:43,168.09,-0.53%,-0.12,2,33618,卖盘
10:33:46,168.09,-0.53%,--,2,40005,卖盘
10:33:46,168.09,-0.53%,--,2,40005,中性盘
10:33:52,168.02,-0.57%,-0.07,2,35116,卖盘
10:33:58,168.02,-0.57%,--,2,33604,卖盘
10:34:01,168.21,-0.46%,+0.19,2,41211,买盘
10:34:07,168.46,-0.31%,+0.25,3,55086,买盘
10:34:19,168.49,-0.30%,+0.03,10,171186,买盘
10:34:22,168.51,-0.28%,+0.02,3,58304,买盘
10:34:25,168.51,-0.28%,--,2,33702,买盘
10:34:28,168.51,-0.28%,--,0,0,买盘
10:34:34,168.24,-0.44%,-0.27,4,67296,中性盘
10:34:37,168.24,-0.44%,--,0,0,中性盘
10:34:40,168.52,-0.28%,+0.28,2,33704,买盘
10:34:43,168.52,-0.28%,--,1,29828,买盘
10:34:49,168.58,-0.24%,+0.06,2,33716,买盘
10:35:04,168.58,-0.24%,--,2,46697,买盘
10:35:10,168.58,-0.24%,--,4,70298,买盘
10:35:19,168.58,-0.24%,--,2,33716,买盘
10:35:22,168.58,-0.24%,--,0,0,中性盘
10:35:31,168.58,-0.24%,--,2,34222,卖盘
10:35:37,168.58,-0.24%,--,0,16352,卖盘
10:35:40,168.52,-0.28%,-0.06,4,68925,卖盘
10:35:43,168.5,-0.29%,-0.02,14,249717,卖盘
10:35:46,168.59,-0.24%,+0.09,98,1657240,买盘
10:35:52,168.3,-0.41%,-0.29,2,34333,卖盘
10:36:01,168.27,-0.43%,-0.03,2,37861,卖盘
10:36:04,168.27,-0.43%,--,5,85818,卖盘
10:36:10,168.23,-0.45%,-0.04,21,359003,卖盘
10:36:13,168.23,-0.45%,--,21,363545,卖盘
10:36:16,168.21,-0.46%,-0.02,24,415647,卖盘
10:36:19,168.5,-0.29%,+0.29,74,1251113,买盘
10:36:22,168.5,-0.29%,--,6,101943,卖盘
10:36:25,168.5,-0.29%,--,20,346099,卖盘
10:36:31,168.5,-0.29%,--,5,92001,买盘
10:36:46,168.73,-0.15%,+0.23,5,84365,买盘
10:36:49,168.73,-0.15%,--,0,0,中性盘
10:36:58,168.87,-0.07%,+0.14,2,33774,买盘
10:37:04,168.8,-0.11%,-0.07,4,67520,中性盘
10:37:10,168.8,-0.11%,--,0,0,买盘
10:37:16,168.55,-0.26%,-0.25,2,34216,卖盘
10:37:40,168.55,-0.26%,--,0,0,卖盘
10:37:43,168.65,-0.20%,+0.1,2,34236,中性盘
10:37:46,168.65,-0.20%,--,42,717943,买盘
10:37:49,168.66,-0.20%,+0.01,2,33732,买盘
10:37:52,168.67,-0.19%,+0.01,2,33734,卖盘
10:37:55,168.61,-0.22%,-0.06,11,201320,卖盘
10:37:58,168.6,-0.23%,-0.01,2,33720,卖盘
10:38:04,168.6,-0.23%,--,0,0,卖盘
10:38:04,168.6,-0.23%,--,0,0,中性盘
10:38:07,168.57,-0.25%,-0.03,4,67765,卖盘
10:38:10,168.57,-0.25%,--,0,9103,卖盘
10:38:13,168.55,-0.26%,-0.02,30,505650,卖盘
10:38:16,168.51,-0.28%,-0.04,5,87457,卖盘
10:38:25,168.5,-0.29%,-0.01,28,479214,卖盘
10:38:28,168.5,-0.29%,--,45,759261,卖盘
10:38:31,168.51,-0.28%,+0.01,2,45161,买盘
10:38:34,168.87,-0.07%,+0.36,30,506610,买盘
10:38:40,168.5,-0.29%,-0.37,4,68411,卖盘
10:39:01,168.5,-0.29%,--,0,0,卖盘
10:39:22,168.52,-0.28%,+0.02,25,431917,卖盘
10:39:25,168.73,-0.15%,+0.21,2,48257,买盘
10:39:28,168.75,-0.14%,+0.02,5,95175,卖盘
10:39:31,168.76,-0.14%,+0.01,2,33752,卖盘
10:39:37,168.89,-0.06%,+0.13,18,305015,买盘
10:39:43,168.97,-0.01%,+0.08,4,81106,中性盘
10:39:46,169.0,+0.01%,+0.03,2,33800,买盘
10:39:52,169.0,+0.01%,--,3,50869,买盘
10:39:55,169.0,+0.01%,--,10,169000,买盘
10:39:58,169.0,+0.01%,--,8,138580,买盘
10:40:01,168.89,-0.06%,-0.11,9,152001,卖盘
10:40:04,168.89,-0.06%,--,0,0,卖盘
10:40:07,168.99,0.00%,+0.1,4,67596,中性盘
10:40:10,168.8,-0.11%,-0.19,2,47264,卖盘
10:40:13,168.99,0.00%,+0.19,41,707392,买盘
10:40:16,168.99,0.00%,--,2,34812,卖盘
10:40:19,168.99,0.00%,--,0,0,卖盘
10:40:22,169.03,+0.02%,+0.04,16,280759,买盘
10:40:28,169.04,+0.03%,+0.01,10,172252,买盘
10:40:31,169.05,+0.04%,+0.01,4,74551,买盘
10:40:40,169.1,+0.07%,+0.05,2,33820,买盘
10:40:43,169.1,+0.07%,--,2,33820,买盘
10:40:46,169.1,+0.07%,--,0,7440,买盘
10:40:58,169.15,+0.09%,+0.05,6,108933,买盘
10:41:01,169.18,+0.11%,+0.03,0,8290,买盘
10:41:04,169.19,+0.12%,+0.01,1,22333,买盘
10:41:10,169.31,+0.19%,+0.12,7,118517,买盘
10:41:16,169.47,+0.28%,+0.16,8,135576,买盘
10:41:22,169.47,+0.28%,--,0,0,买盘
10:41:25,169.46,+0.28%,-0.01,10,169460,买盘
10:41:31,169.46,+0.28%,--,2,33892,买盘
10:41:34,169.5,+0.30%,+0.04,50,863433,买盘
10:41:37,169.68,+0.41%,+0.18,4,67872,买盘
10:41:40,169.69,+0.41%,+0.01,8,151363,买盘
10:41:43,169.8,+0.48%,+0.11,17,293754,买盘
10:41:46,169.8,+0.48%,--,7,130067,买盘
10:41:49,169.8,+0.48%,--,7,125143,买盘
10:41:52,169.8,+0.48%,--,1,17489,买盘
10:41:55,169.8,+0.48%,--,0,0,卖盘
10:41:58,169.95,+0.57%,+0.15,9,155334,买盘
10:42:01,170.0,+0.60%,+0.05,19,327590,买盘
10:42:04,170.0,+0.60%,--,2,37740,买盘
10:42:10,169.9,+0.54%,-0.1,24,411158,中性盘
10:42:13,170.0,+0.60%,+0.1,10,182410,买盘
10:42:19,170.0,+0.60%,--,3,55590,卖盘
10:42:22,170.0,+0.60%,--,15,270810,买盘
10:42:22,170.0,+0.60%,--,15,270810,中性盘
10:42:22,170.0,+0.60%,--,15,270810,卖盘
10:42:28,170.0,+0.60%,--,19,327760,卖盘
10:42:31,169.86,+0.51%,-0.14,8,135888,卖盘
10:42:34,169.86,+0.51%,--,3,66925,买盘
10:42:40,169.84,+0.50%,-0.02,0,16135,卖盘
10:42:43,169.86,+0.51%,+0.02,3,50958,买盘
10:43:10,169.84,+0.50%,-0.02,2,39063,买盘
10:43:16,169.84,+0.50%,--,5,84920,买盘
10:43:22,169.84,+0.50%,--,2,33968,买盘
10:43:25,169.84,+0.50%,--,4,68276,买盘
10:43:28,169.84,+0.50%,--,4,67936,卖盘
10:43:31,169.87,+0.52%,+0.03,7,118909,买盘
10:43:34,169.99,+0.59%,+0.12,11,196508,买盘
10:43:37,169.91,+0.54%,-0.08,2,48424,中性盘
10:43:40,169.98,+0.59%,+0.07,7,130545,买盘
10:43:43,169.99,+0.59%,+0.01,12,205688,买盘
10:43:49,170.01,+0.60%,+0.02,50,862461,买盘
10:43:55,170.11,+0.66%,+0.1,2,34022,卖盘
10:43:58,170.28,+0.76%,+0.17,2,39164,买盘
10:44:04,170.28,+0.76%,--,10,181689,买盘
10:44:07,170.19,+0.71%,-0.09,2,34549,卖盘
10:44:13,170.25,+0.75%,+0.06,6,102150,中性盘
10:44:16,170.28,+0.76%,+0.03,4,73731,买盘
10:44:19,170.28,+0.76%,--,0,0,买盘
10:44:22,170.26,+0.75%,-0.02,10,170260,买盘
10:44:28,170.2,+0.72%,-0.06,7,121523,买盘
10:44:31,170.21,+0.72%,+0.01,92,1579038,中性盘
10:44:34,170.21,+0.72%,--,2,34042,卖盘
10:44:37,170.21,+0.72%,--,0,8511,卖盘
10:44:43,170.46,+0.87%,+0.25,28,487345,买盘
10:44:46,170.5,+0.89%,+0.04,14,247566,买盘
10:44:49,170.46,+0.87%,-0.04,4,68184,卖盘
10:44:52,170.5,+0.89%,+0.04,2,34100,买盘
10:44:58,170.5,+0.89%,--,16,276722,买盘
10:45:01,170.5,+0.89%,--,3,58993,卖盘
10:45:04,170.57,+0.93%,+0.07,3,51171,买盘
10:45:07,170.5,+0.89%,-0.07,3,53537,卖盘
10:45:10,170.46,+0.87%,-0.04,66,1129127,卖盘
10:45:13,170.2,+0.72%,-0.26,2,34040,卖盘
10:45:19,170.2,+0.72%,--,7,129352,卖盘
10:45:22,170.2,+0.72%,--,5,85100,卖盘
10:45:28,170.21,+0.72%,+0.01,4,78126,买盘
10:45:31,170.2,+0.72%,-0.01,5,92078,卖盘
10:45:34,170.2,+0.72%,--,1,24679,卖盘
10:45:40,170.2,+0.72%,--,7,135309,买盘
10:45:43,170.2,+0.72%,--,14,241684,买盘
10:45:46,170.16,+0.69%,-0.04,9,160291,卖盘
10:45:49,170.22,+0.73%,+0.06,9,164433,买盘
10:45:52,170.38,+0.82%,+0.16,8,145334,买盘
10:45:55,170.41,+0.84%,+0.03,32,545312,买盘
10:46:01,170.41,+0.84%,--,0,0,卖盘
10:46:04,170.48,+0.88%,+0.07,2,48246,买盘
10:46:07,170.48,+0.88%,--,10,185482,买盘
10:46:13,170.5,+0.89%,+0.02,8,149529,买盘
10:46:19,170.56,+0.93%,+0.06,7,136277,买盘
10:46:25,170.58,+0.94%,+0.02,9,165292,买盘
10:46:28,170.51,+0.90%,-0.07,2,47743,卖盘
10:46:34,170.51,+0.90%,--,7,127883,卖盘
10:46:37,170.51,+0.90%,--,3,54563,卖盘
10:46:40,170.5,+0.89%,-0.01,39,665803,卖盘
10:46:40,170.5,+0.89%,--,39,665803,中性盘
10:46:40,170.5,+0.89%,--,39,665803,卖盘
10:46:43,170.4,+0.83%,-0.1,63,1082210,卖盘
10:46:46,170.4,+0.83%,--,2,34080,买盘
10:46:49,170.3,+0.78%,-0.1,6,102180,中性盘
10:46:52,170.3,+0.78%,--,0,0,卖盘
10:46:58,170.63,+0.97%,+0.33,50,869701,买盘
10:47:04,170.65,+0.98%,+0.02,60,1037211,买盘
10:47:07,170.51,+0.90%,-0.14,6,110832,中性盘
10:47:10,170.6,+0.95%,+0.09,9,169065,中性盘
10:47:13,170.64,+0.98%,+0.04,102,1743088,买盘
10:47:16,170.61,+0.96%,-0.03,4,71656,中性盘
10:47:19,170.61,+0.96%,--,5,85305,卖盘
10:47:22,170.61,+0.96%,--,2,42653,卖盘
10:47:25,170.61,+0.96%,--,0,0,卖盘
10:47:28,170.65,+0.98%,+0.04,24,409560,买盘
10:47:31,170.6,+0.95%,-0.05,12,204720,卖盘
10:47:34,170.54,+0.92%,-0.06,2,34108,中性盘
10:47:37,170.65,+0.98%,+0.11,167,2864019,买盘
10:47:40,170.53,+0.91%,-0.12,6,102318,卖盘
10:47:43,170.52,+0.91%,-0.01,2,47916,卖盘
10:47:46,170.55,+0.92%,+0.03,2,34110,卖盘
10:47:49,170.53,+0.91%,-0.02,4,71793,买盘
10:47:55,170.5,+0.89%,-0.03,34,593170,卖盘
10:48:01,170.5,+0.89%,--,11,187550,卖盘
10:48:04,170.5,+0.89%,--,70,1206970,卖盘
10:48:07,170.32,+0.79%,-0.18,4,68128,卖盘
10:48:10,170.27,+0.76%,-0.05,23,392302,卖盘
10:48:13,170.27,+0.76%,--,2,34054,卖盘
10:48:25,170.27,+0.76%,--,6,118508,卖盘
10:48:28,170.25,+0.75%,-0.02,2,34050,卖盘
10:48:31,170.2,+0.72%,-0.05,2,34040,卖盘
10:48:34,170.25,+0.75%,+0.05,12,220304,买盘
10:48:40,170.25,+0.75%,--,3,62312,卖盘
10:48:43,170.25,+0.75%,--,6,108960,买盘
10:48:46,170.15,+0.69%,-0.1,2,36412,卖盘
10:48:49,170.15,+0.69%,--,2,34030,卖盘
10:48:52,170.15,+0.69%,--,4,68060,卖盘
10:48:58,170.15,+0.69%,--,0,14633,卖盘
10:49:04,170.12,+0.67%,-0.03,6,102072,卖盘
10:49:07,170.15,+0.69%,+0.03,4,68230,买盘
10:49:10,170.12,+0.67%,-0.03,2,34024,买盘
10:49:13,170.1,+0.66%,-0.02,2,35891,卖盘
10:49:16,170.1,+0.66%,--,10,170100,卖盘
10:49:19,170.1,+0.66%,--,6,102060,卖盘
10:49:22,170.1,+0.66%,--,11,194084,卖盘
10:49:25,170.09,+0.65%,-0.01,21,369946,卖盘
10:49:31,169.9,+0.54%,-0.19,6,106357,卖盘
10:49:34,169.9,+0.54%,--,11,186890,卖盘
10:49:37,169.84,+0.50%,-0.06,29,492536,卖盘
10:49:40,169.84,+0.50%,--,6,114642,卖盘
10:49:43,169.84,+0.50%,--,25,425449,卖盘
10:49:49,169.76,+0.46%,-0.08,3,50928,中性盘
10:49:52,169.84,+0.50%,+0.08,10,170350,买盘
10:49:55,169.84,+0.50%,--,0,0,买盘
10:49:58,169.4,+0.24%,-0.44,2,33880,卖盘
10:50:04,169.4,+0.24%,--,0,0,卖盘
10:50:07,169.41,+0.25%,+0.01,8,145693,卖盘
10:50:10,169.4,+0.24%,-0.01,8,143990,卖盘
10:50:13,169.4,+0.24%,--,14,240548,卖盘
10:50:19,169.41,+0.25%,+0.01,26,456899,买盘
10:50:22,169.4,+0.24%,-0.01,2,35066,卖盘
10:50:25,169.4,+0.24%,--,15,254100,卖盘
10:50:28,169.41,+0.25%,+0.01,9,162634,买盘
10:50:34,169.4,+0.24%,-0.01,7,131116,卖盘
10:50:37,169.41,+0.25%,+0.01,17,299178,买盘
10:50:46,169.41,+0.25%,--,0,0,中性盘
10:50:49,169.71,+0.43%,+0.3,2,34960,买盘
10:50:52,169.82,+0.49%,+0.11,120,2047180,买盘
10:50:58,169.82,+0.49%,--,0,0,中性盘
10:51:04,169.82,+0.49%,--,0,0,买盘
10:51:07,169.71,+0.43%,-0.11,14,237594,卖盘
10:51:10,169.45,+0.27%,-0.26,2,33890,卖盘
10:51:13,169.42,+0.25%,-0.03,8,135705,卖盘
10:51:19,169.62,+0.37%,+0.2,7,130607,买盘
10:51:25,169.62,+0.37%,--,20,339240,买盘
10:51:28,169.62,+0.37%,--,0,0,中性盘
10:51:31,169.63,+0.38%,+0.01,4,76334,买盘
10:51:37,169.63,+0.38%,--,2,33926,卖盘
10:51:43,169.68,+0.41%,+0.05,7,118776,中性盘
10:51:46,169.63,+0.38%,-0.05,5,90413,卖盘
10:51:52,169.63,+0.38%,--,0,0,卖盘
10:51:55,169.82,+0.49%,+0.19,6,101892,买盘
10:52:01,169.82,+0.49%,--,8,151989,买盘
10:52:07,169.81,+0.49%,-0.01,2,33962,中性盘
10:52:19,169.82,+0.49%,+0.01,12,204633,买盘
10:52:25,170.0,+0.60%,+0.18,2,34000,买盘
10:52:34,170.0,+0.60%,--,10,183260,买盘
10:52:37,170.0,+0.60%,--,3,53550,卖盘
10:52:40,170.0,+0.60%,--,6,102000,卖盘
10:52:46,170.1,+0.66%,+0.1,4,68040,买盘
10:52:49,170.0,+0.60%,-0.1,2,34000,卖盘
10:52:52,170.0,+0.60%,--,0,1700,卖盘
10:53:01,170.0,+0.60%,--,46,782000,买盘
10:53:55,169.96,+0.57%,-0.04,12,203952,买盘
10:54:04,169.71,+0.43%,-0.25,2,33942,卖盘
10:54:07,169.88,+0.53%,+0.17,2,48076,买盘
10:54:10,169.9,+0.54%,+0.02,3,53858,买盘
10:54:16,169.9,+0.54%,--,2,33980,买盘
10:54:19,169.88,+0.53%,-0.02,2,48586,卖盘
10:54:22,169.83,+0.50%,-0.05,5,84915,买盘
10:54:31,169.83,+0.50%,--,2,33966,买盘
10:54:34,169.83,+0.50%,--,4,67932,买盘
10:54:40,169.75,+0.45%,-0.08,12,203700,卖盘
10:54:43,169.75,+0.45%,--,0,0,买盘
10:54:46,169.75,+0.45%,--,5,100832,买盘
10:54:49,169.75,+0.45%,--,9,157189,买盘
10:54:58,170.0,+0.60%,+0.25,31,540770,买盘
10:55:07,170.0,+0.60%,--,8,136000,卖盘
10:55:10,170.08,+0.65%,+0.08,2,34016,买盘
10:55:13,170.08,+0.65%,--,5,86741,买盘
10:55:13,170.08,+0.65%,--,5,86741,中性盘
10:55:31,170.08,+0.65%,--,2,34016,买盘
10:55:34,170.04,+0.62%,-0.04,2,34008,卖盘
10:55:37,170.08,+0.65%,+0.04,2,34016,买盘
10:55:40,170.08,+0.65%,--,3,65651,买盘
10:55:46,170.08,+0.65%,--,7,120587,买盘
10:55:52,170.08,+0.65%,--,2,34016,卖盘
10:55:55,170.08,+0.65%,--,5,85040,卖盘
10:55:58,170.01,+0.60%,-0.07,4,68004,卖盘
10:56:04,170.1,+0.66%,+0.09,6,109544,买盘
10:56:07,170.1,+0.66%,--,42,714420,卖盘
10:56:13,170.98,+1.18%,+0.88,200,3419600,买盘
10:56:19,170.98,+1.18%,--,0,0,买盘
10:56:22,170.71,+1.02%,-0.27,2,34142,买盘
10:56:28,170.71,+1.02%,--,13,221923,买盘
10:56:31,170.71,+1.02%,--,1,26801,卖盘
10:56:37,170.69,+1.01%,-0.02,4,68276,买盘
10:56:43,170.7,+1.01%,+0.01,7,135536,买盘
10:56:55,170.68,+1.00%,-0.02,4,81073,中性盘
10:57:04,170.35,+0.80%,-0.33,2,34070,卖盘
10:57:07,170.35,+0.80%,--,5,85175,卖盘
10:57:19,170.35,+0.80%,--,0,0,中性盘
10:57:34,170.36,+0.81%,+0.01,2,43953,卖盘
10:57:46,170.36,+0.81%,--,6,118911,卖盘
10:57:49,170.37,+0.82%,+0.01,7,129481,买盘
10:57:55,170.37,+0.82%,--,2,42593,买盘
10:57:58,170.37,+0.82%,--,2,34074,买盘
10:58:01,170.37,+0.82%,--,7,119259,买盘
10:58:04,170.36,+0.81%,-0.01,2,34072,卖盘
10:58:10,170.37,+0.82%,+0.01,4,79563,买盘
10:58:13,170.36,+0.81%,-0.01,7,119252,卖盘
10:58:19,170.37,+0.82%,+0.01,3,64741,卖盘
10:58:22,170.37,+0.82%,--,1,21978,买盘
10:58:31,170.56,+0.93%,+0.19,2,34112,买盘
10:58:34,170.56,+0.93%,--,0,0,买盘
10:58:40,170.47,+0.88%,-0.09,6,102282,卖盘
10:58:43,170.55,+0.92%,+0.08,4,68220,买盘
10:58:46,170.55,+0.92%,--,2,34451,买盘
10:58:49,170.37,+0.82%,-0.18,6,104096,卖盘
10:58:52,170.48,+0.88%,+0.11,2,34266,买盘
10:58:55,170.37,+0.82%,-0.11,2,34074,卖盘
10:58:58,170.37,+0.82%,--,1,32541,卖盘
10:59:01,170.34,+0.80%,-0.03,3,65070,卖盘
10:59:07,170.27,+0.76%,-0.07,7,119189,卖盘
10:59:10,170.35,+0.80%,+0.08,12,208679,买盘
10:59:13,170.34,+0.80%,-0.01,6,102204,中性盘
10:59:16,170.03,+0.62%,-0.31,2,37917,卖盘
10:59:22,170.03,+0.62%,--,0,0,卖盘
10:59:25,170.03,+0.62%,--,0,0,中性盘
10:59:28,170.2,+0.72%,+0.17,6,102120,卖盘
10:59:31,170.35,+0.80%,+0.15,10,170350,买盘
10:59:34,170.2,+0.72%,-0.15,2,34040,中性盘
10:59:34,170.2,+0.72%,--,2,34040,中性盘
10:59:37,170.35,+0.80%,+0.15,2,34070,买盘
10:59:40,170.22,+0.73%,-0.13,1,19235,中性盘
10:59:43,170.35,+0.80%,+0.13,2,34070,买盘
10:59:46,170.35,+0.80%,--,2,37307,买盘
10:59:49,170.24,+0.74%,-0.11,2,34899,卖盘
10:59:52,170.18,+0.70%,-0.06,2,34036,卖盘
11:00:01,170.18,+0.70%,--,3,58712,卖盘
11:00:04,170.37,+0.82%,+0.19,1,19422,买盘
11:00:07,170.37,+0.82%,--,10,170370,卖盘
11:00:10,170.36,+0.81%,-0.01,8,142080,中性盘
11:00:16,170.13,+0.67%,-0.23,2,44404,卖盘
11:00:19,170.36,+0.81%,+0.23,12,216698,买盘
11:00:22,170.36,+0.81%,--,0,15673,卖盘
11:00:25,170.96,+1.17%,+0.6,106,1812176,买盘
11:00:28,170.51,+0.90%,-0.45,2,41604,买盘
11:00:43,170.51,+0.90%,--,0,0,中性盘
11:00:46,171.0,+1.19%,+0.49,173,2972493,买盘
11:00:49,170.79,+1.07%,-0.21,8,140560,中性盘
11:00:52,171.0,+1.19%,+0.21,4,81567,买盘
11:00:58,170.99,+1.18%,-0.01,6,102594,买盘
11:01:01,170.99,+1.18%,--,12,205188,买盘
11:01:07,170.99,+1.18%,--,4,84982,买盘
11:01:10,171.0,+1.19%,+0.01,35,605169,买盘
11:01:13,171.0,+1.19%,--,20,352431,卖盘
11:01:16,170.67,+0.99%,-0.33,4,68268,卖盘
11:01:19,171.0,+1.19%,+0.33,14,241965,买盘
11:01:25,171.0,+1.19%,--,37,647235,卖盘
11:01:28,170.68,+1.00%,-0.32,15,256020,卖盘
11:01:31,170.99,+1.18%,+0.31,15,265547,中性盘
11:01:40,170.99,+1.18%,--,0,0,买盘
11:01:55,170.54,+0.92%,-0.45,2,34108,卖盘
11:01:58,170.9,+1.13%,+0.36,5,85450,卖盘
11:02:01,170.54,+0.92%,-0.36,28,477512,卖盘
11:02:16,170.54,+0.92%,--,4,68216,卖盘
11:02:22,170.54,+0.92%,--,3,51162,卖盘
11:02:25,170.54,+0.92%,--,2,42635,卖盘
11:02:28,170.54,+0.92%,--,0,0,卖盘
11:02:31,170.51,+0.90%,-0.03,9,153800,卖盘
11:02:34,170.44,+0.86%,-0.07,2,34088,卖盘
11:02:37,170.38,+0.82%,-0.06,4,68152,卖盘
11:02:46,170.38,+0.82%,--,2,34076,卖盘
11:02:52,170.38,+0.82%,--,0,10734,卖盘
11:02:55,170.2,+0.72%,-0.18,6,107226,卖盘
11:02:58,170.12,+0.67%,-0.08,22,386002,卖盘
11:03:07,170.12,+0.67%,--,1,31642,卖盘
11:03:10,170.12,+0.67%,--,76,1304480,买盘
11:03:13,170.11,+0.66%,-0.01,2,49332,卖盘
11:03:19,170.11,+0.66%,--,2,48311,卖盘
11:03:22,170.11,+0.66%,--,2,47461,卖盘
11:03:25,170.01,+0.60%,-0.1,2,34002,卖盘
11:03:28,170.0,+0.60%,-0.01,55,938230,卖盘
11:03:34,170.0,+0.60%,--,11,196350,卖盘
11:03:37,170.0,+0.60%,--,4,83300,卖盘
11:03:40,170.06,+0.63%,+0.06,5,96084,买盘
11:03:43,170.0,+0.60%,-0.06,9,155890,卖盘
11:03:46,170.0,+0.60%,--,5,88910,卖盘
11:03:46,170.0,+0.60%,--,5,88910,中性盘
11:03:58,170.02,+0.61%,+0.02,8,143157,买盘
11:04:04,170.02,+0.61%,--,5,88750,买盘
11:04:13,169.86,+0.51%,-0.16,2,33972,卖盘
11:04:25,169.86,+0.51%,--,8,135888,卖盘
11:04:28,169.86,+0.51%,--,2,33972,卖盘
11:04:34,169.86,+0.51%,--,12,215043,卖盘
11:04:37,169.8,+0.48%,-0.06,10,171158,卖盘
11:04:49,169.65,+0.39%,-0.15,32,549666,卖盘
11:04:52,169.65,+0.39%,--,7,127407,卖盘
11:05:04,169.65,+0.39%,--,2,36305,卖盘
11:05:07,169.54,+0.33%,-0.11,4,76293,卖盘
11:05:10,169.54,+0.33%,--,0,8477,卖盘
11:05:13,169.54,+0.33%,--,7,126646,买盘
11:05:16,169.5,+0.30%,-0.04,2,33900,卖盘
11:05:22,169.4,+0.24%,-0.1,0,15246,卖盘
11:05:25,169.37,+0.22%,-0.03,12,203244,卖盘
11:05:28,169.37,+0.22%,--,4,82653,卖盘
11:05:34,169.37,+0.22%,--,4,69780,卖盘
11:05:40,169.37,+0.22%,--,5,84685,买盘
11:05:43,169.37,+0.22%,--,6,108397,买盘
11:05:55,169.34,+0.21%,-0.03,4,67736,卖盘
11:05:58,169.27,+0.17%,-0.07,2,33854,卖盘
11:06:01,169.34,+0.21%,+0.07,2,33868,买盘
11:06:07,169.27,+0.17%,-0.07,4,67708,卖盘
11:06:10,169.27,+0.17%,--,20,349204,买盘
11:06:19,169.35,+0.21%,+0.08,2,43184,买盘
11:06:22,169.34,+0.21%,-0.01,3,50802,卖盘
11:06:28,169.3,+0.18%,-0.04,14,240575,卖盘
11:06:31,169.3,+0.18%,--,11,197742,卖盘
11:06:34,169.3,+0.18%,--,24,418848,卖盘
11:06:37,169.3,+0.18%,--,18,312020,卖盘
11:06:40,169.31,+0.19%,+0.01,4,70264,卖盘
11:06:49,169.3,+0.18%,-0.01,2,33860,买盘
11:06:52,169.2,+0.12%,-0.1,3,61927,卖盘
11:06:58,169.2,+0.12%,--,4,76986,卖盘
11:07:04,169.2,+0.12%,--,4,79016,卖盘
11:07:07,169.2,+0.12%,--,3,50760,买盘
11:07:10,169.19,+0.12%,-0.01,5,96946,卖盘
11:07:13,169.2,+0.12%,+0.01,6,103550,买盘
11:07:19,169.19,+0.12%,-0.01,2,49403,卖盘
11:07:28,169.2,+0.12%,+0.01,5,84600,卖盘
11:07:34,169.2,+0.12%,--,12,203040,卖盘
11:07:37,169.2,+0.12%,--,2,33840,买盘
11:07:43,169.19,+0.12%,-0.01,2,36376,卖盘
11:07:49,169.2,+0.12%,+0.01,4,67680,买盘
11:07:52,169.2,+0.12%,--,3,50929,买盘
11:07:55,169.19,+0.12%,-0.01,3,52618,卖盘
11:08:01,169.2,+0.12%,+0.01,2,34009,买盘
11:08:04,169.21,+0.13%,+0.01,7,119631,买盘
11:08:07,169.19,+0.12%,-0.02,11,199137,卖盘
11:08:07,169.19,+0.12%,--,11,199137,中性盘
11:08:10,169.19,+0.12%,--,0,0,卖盘
11:08:16,169.22,+0.14%,+0.03,6,101532,买盘
11:08:19,169.2,+0.12%,-0.02,2,33840,卖盘
11:08:22,169.3,+0.18%,+0.1,7,134424,买盘
11:08:25,169.3,+0.18%,--,1,32506,买盘
11:08:34,169.64,+0.38%,+0.24,2,33928,买盘
11:08:37,169.64,+0.38%,--,0,0,买盘
11:08:40,169.4,+0.24%,-0.24,4,67760,买盘
11:08:43,169.4,+0.24%,--,2,33880,买盘
11:08:52,169.4,+0.24%,--,6,101640,买盘
11:09:07,169.4,+0.24%,--,6,105197,买盘
11:09:10,169.26,+0.16%,-0.14,11,189063,卖盘
11:09:13,169.4,+0.24%,+0.14,3,50820,买盘
11:09:25,169.4,+0.24%,--,4,67760,买盘
11:09:28,169.3,+0.18%,-0.1,3,50790,卖盘
11:09:31,169.3,+0.18%,--,4,77709,卖盘
11:09:37,169.4,+0.24%,+0.1,19,328975,买盘
11:09:40,169.3,+0.18%,-0.1,4,67720,卖盘
11:09:58,169.4,+0.24%,+0.1,2,33880,买盘
11:10:07,169.4,+0.24%,--,0,0,买盘
11:10:16,169.38,+0.23%,-0.02,5,84690,买盘
11:10:28,169.31,+0.19%,-0.07,2,33862,卖盘
11:10:34,169.37,+0.22%,+0.06,2,33874,卖盘
11:10:37,169.31,+0.19%,-0.06,13,235002,卖盘
11:10:40,169.31,+0.19%,--,0,0,卖盘
11:10:43,169.31,+0.19%,--,2,33862,卖盘
11:10:46,169.3,+0.18%,-0.01,7,133239,卖盘
11:10:49,169.3,+0.18%,--,0,0,买盘
11:11:13,169.28,+0.17%,-0.02,6,117988,买盘
11:11:19,169.29,+0.18%,+0.01,3,66023,买盘
11:11:22,169.38,+0.23%,+0.09,13,231204,买盘
11:11:37,169.38,+0.23%,+0.09,2,33876,买盘
11:11:43,169.38,+0.23%,--,2,33876,买盘
11:11:49,169.38,+0.23%,--,0,0,买盘
11:11:52,169.29,+0.18%,-0.09,2,33858,卖盘
11:11:55,169.29,+0.18%,--,0,0,中性盘
11:12:01,169.38,+0.23%,+0.09,7,123309,买盘
11:12:04,169.29,+0.18%,-0.09,3,50787,卖盘
11:12:07,169.29,+0.18%,--,0,0,卖盘
11:12:19,169.4,+0.24%,+0.11,30,519042,买盘
11:12:25,169.4,+0.24%,--,3,50820,卖盘
11:12:25,169.4,+0.24%,--,3,50820,中性盘
11:12:40,169.4,+0.24%,--,2,36252,卖盘
11:12:49,169.63,+0.38%,+0.23,11,190325,买盘
11:12:52,169.61,+0.37%,-0.02,5,89554,卖盘
11:13:07,169.41,+0.25%,-0.2,2,44216,卖盘
11:13:10,169.61,+0.37%,+0.2,5,88197,买盘
11:13:25,169.41,+0.25%,-0.2,2,37440,卖盘
11:13:28,169.41,+0.25%,--,0,0,卖盘
11:13:31,169.4,+0.24%,-0.01,6,110110,卖盘
11:13:40,169.4,+0.24%,--,2,33880,卖盘
11:13:43,169.4,+0.24%,--,12,220051,卖盘
11:13:55,169.52,+0.31%,+0.12,2,33904,买盘
11:14:01,169.32,+0.20%,-0.2,7,118524,卖盘
11:14:07,169.52,+0.31%,+0.2,22,381759,买盘
11:14:10,169.61,+0.37%,+0.09,4,67844,买盘
11:14:16,169.61,+0.37%,--,2,33922,买盘
11:14:25,169.64,+0.38%,+0.03,9,166586,买盘
11:14:28,169.65,+0.39%,+0.01,6,115701,买盘
11:14:31,169.65,+0.39%,--,0,0,买盘
11:14:40,169.6,+0.36%,-0.05,4,67840,买盘
11:14:43,169.55,+0.33%,-0.05,6,101900,买盘
11:14:55,169.65,+0.39%,+0.1,2,33930,买盘
11:14:58,169.65,+0.39%,--,6,103995,买盘
11:15:01,169.55,+0.33%,-0.1,3,50865,卖盘
11:15:10,169.97,+0.58%,+0.42,67,1155286,买盘
11:15:19,169.97,+0.58%,--,2,33994,买盘
11:15:31,169.87,+0.52%,-0.1,2,33974,买盘
11:15:37,169.95,+0.57%,+0.08,5,84975,买盘
11:15:43,169.54,+0.33%,-0.41,0,678,卖盘
11:15:49,169.88,+0.53%,+0.34,16,273337,买盘
11:15:52,169.95,+0.57%,+0.07,9,152955,买盘
11:15:55,170.0,+0.60%,+0.05,12,214540,买盘
11:16:01,170.02,+0.61%,+0.02,4,68008,买盘
11:16:04,170.0,+0.60%,-0.02,2,37230,中性盘
11:16:07,170.02,+0.61%,+0.02,2,34004,买盘
11:16:10,170.0,+0.60%,-0.02,2,34000,卖盘
11:16:13,170.0,+0.60%,--,2,49980,卖盘
11:16:19,169.9,+0.54%,-0.1,4,67960,卖盘
11:16:22,170.0,+0.60%,+0.1,2,34000,买盘
11:16:25,170.0,+0.60%,--,12,217600,买盘
11:16:28,170.0,+0.60%,--,0,7990,卖盘
11:16:34,170.02,+0.61%,+0.02,27,464325,买盘
11:16:37,170.11,+0.66%,+0.09,2,34022,买盘
11:16:40,170.02,+0.61%,-0.09,6,118674,卖盘
11:16:46,170.02,+0.61%,--,2,34004,买盘
11:16:49,169.9,+0.54%,-0.12,20,351863,卖盘
11:16:52,169.88,+0.53%,-0.02,2,33976,卖盘
11:16:58,169.88,+0.53%,--,5,100399,卖盘
11:17:07,169.63,+0.38%,-0.25,2,33926,卖盘
11:17:22,169.64,+0.38%,+0.01,2,33928,卖盘
11:17:43,169.7,+0.42%,+0.06,2,43613,中性盘
11:17:49,169.75,+0.45%,+0.05,4,67900,中性盘
11:17:58,169.76,+0.46%,+0.01,0,8828,买盘
11:18:07,169.88,+0.53%,+0.12,2,33976,买盘
11:18:10,169.73,+0.44%,-0.15,2,33946,卖盘
11:18:13,169.73,+0.44%,--,0,0,买盘
11:18:19,169.65,+0.39%,-0.08,0,15947,中性盘
11:18:34,169.68,+0.41%,+0.03,17,289304,买盘
11:18:37,169.68,+0.41%,--,0,0,买盘
11:18:40,169.54,+0.33%,-0.14,16,279571,卖盘
11:18:46,169.54,+0.33%,--,12,203448,卖盘
11:18:49,169.6,+0.36%,+0.06,16,273056,买盘
11:18:52,169.6,+0.36%,--,2,33920,卖盘
11:18:55,169.6,+0.36%,--,0,0,卖盘
11:18:58,169.6,+0.36%,--,2,35616,卖盘
11:19:07,169.6,+0.36%,--,9,165360,卖盘
11:19:13,169.6,+0.36%,--,0,0,买盘
11:19:19,169.54,+0.33%,-0.06,7,128850,卖盘
11:19:22,169.54,+0.33%,--,2,45606,卖盘
11:19:28,169.54,+0.33%,-0.01,4,83414,卖盘
11:19:31,169.54,+0.33%,--,2,35264,买盘
11:19:40,169.54,+0.33%,--,6,106980,卖盘
11:19:43,169.54,+0.33%,--,2,34756,买盘
11:19:58,169.54,+0.33%,--,2,39672,买盘
11:20:01,169.55,+0.33%,+0.01,13,231605,买盘
11:20:07,169.55,+0.33%,--,8,152086,买盘
11:20:10,169.54,+0.33%,-0.01,1,20514,卖盘
11:20:13,169.55,+0.33%,+0.01,2,33910,买盘
11:20:31,169.55,+0.33%,--,6,101730,买盘
11:20:34,169.55,+0.33%,--,0,0,买盘
11:20:49,169.53,+0.32%,-0.02,4,67812,卖盘
11:20:52,169.55,+0.33%,+0.02,16,283149,买盘
11:20:55,169.53,+0.32%,-0.02,8,135624,卖盘
11:20:55,169.53,+0.32%,--,8,135624,中性盘
11:21:07,169.53,+0.32%,--,14,242597,卖盘
11:21:10,169.53,+0.32%,--,5,88325,卖盘
11:21:13,169.53,+0.32%,--,4,76628,卖盘
11:21:16,169.55,+0.33%,+0.02,15,254325,买盘
11:21:19,169.53,+0.32%,-0.02,2,40179,卖盘
11:21:28,169.55,+0.33%,+0.02,2,34080,买盘
11:21:43,169.55,+0.33%,--,2,33910,买盘
11:21:46,169.53,+0.32%,-0.02,0,7968,卖盘
11:21:49,169.53,+0.32%,--,2,33906,买盘
11:22:01,169.55,+0.33%,+0.02,9,169211,买盘
11:22:07,169.65,+0.39%,+0.1,31,541523,买盘
11:22:16,169.88,+0.53%,+0.23,5,87488,买盘
11:22:19,169.99,+0.59%,+0.11,1,23289,买盘
11:22:22,170.2,+0.72%,+0.21,2,34040,买盘
11:22:25,169.9,+0.54%,-0.3,4,67960,中性盘
11:22:28,169.9,+0.54%,--,3,50970,买盘
11:22:31,170.0,+0.60%,+0.1,2,35700,卖盘
11:22:34,170.0,+0.60%,--,2,43010,卖盘
11:22:37,170.0,+0.60%,--,3,51000,买盘
11:22:43,170.3,+0.78%,+0.3,5,102010,买盘
11:22:52,170.3,+0.78%,--,4,68120,买盘
11:22:55,170.3,+0.78%,--,2,34060,买盘
11:23:07,170.0,+0.60%,-0.3,4,68000,卖盘
11:23:13,170.26,+0.75%,+0.26,11,193586,买盘
11:23:16,170.22,+0.73%,-0.04,2,34044,买盘
11:23:25,170.22,+0.73%,--,0,0,买盘
11:23:28,170.0,+0.60%,-0.22,2,41990,卖盘
11:23:31,170.22,+0.73%,+0.22,50,851100,买盘
11:24:04,170.0,+0.60%,-0.26,2,38420,卖盘
11:24:16,170.01,+0.60%,+0.01,0,3570,卖盘
11:24:19,170.01,+0.60%,--,1,30602,卖盘
11:24:22,170.0,+0.60%,-0.01,3,58650,卖盘
11:24:31,170.01,+0.60%,+0.01,2,34002,买盘
11:24:40,170.0,+0.60%,-0.01,4,71230,卖盘
11:24:43,170.0,+0.60%,--,3,60350,卖盘
11:25:07,170.0,+0.60%,--,2,46920,卖盘
11:25:10,170.0,+0.60%,--,2,44200,卖盘
11:25:16,170.0,+0.60%,--,2,42670,卖盘
11:25:19,170.0,+0.60%,--,0,0,中性盘
11:25:28,170.11,+0.66%,+0.11,4,68044,买盘
11:25:31,170.12,+0.67%,+0.01,10,186962,买盘
11:25:37,170.0,+0.60%,-0.12,11,187170,卖盘
11:25:40,170.0,+0.60%,--,4,68000,买盘
11:25:46,170.0,+0.60%,--,7,125630,买盘
11:25:49,170.0,+0.60%,--,9,164220,买盘
11:26:04,170.0,+0.60%,-0.12,28,476000,卖盘
11:26:22,170.1,+0.66%,+0.1,6,102060,买盘
11:26:25,170.01,+0.60%,-0.09,2,46923,卖盘
11:26:28,170.11,+0.66%,+0.1,2,34022,买盘
11:26:52,170.0,+0.60%,-0.11,8,137190,卖盘
11:27:04,169.95,+0.57%,-0.05,10,183206,卖盘
11:27:07,170.0,+0.60%,+0.05,14,240210,买盘
11:27:34,170.01,+0.60%,+0.01,6,116797,买盘
11:27:40,170.01,+0.60%,--,7,119007,买盘
11:27:52,170.0,+0.60%,-0.01,3,66470,买盘
11:28:01,170.0,+0.60%,--,2,44200,买盘
11:28:07,170.0,+0.60%,--,4,84320,卖盘
11:28:25,170.0,+0.60%,--,5,87720,买盘
11:28:31,170.01,+0.60%,+0.01,4,68004,买盘
11:28:43,170.01,+0.60%,--,7,133288,买盘
11:28:52,170.01,+0.60%,--,2,34002,卖盘
11:28:55,170.14,+0.68%,+0.13,2,34028,买盘
11:29:01,170.01,+0.60%,-0.13,15,269976,卖盘
11:29:04,170.01,+0.60%,--,0,0,买盘
11:29:19,170.0,+0.60%,-0.01,19,339660,卖盘
11:29:34,169.93,+0.56%,-0.07,1,29908,卖盘
11:29:37,170.0,+0.60%,+0.07,11,189550,买盘
11:29:37,170.0,+0.60%,--,11,189550,中性盘
11:29:43,170.0,+0.60%,--,0,0,买盘
11:29:52,169.93,+0.56%,-0.07,2,33986,卖盘
11:29:59,169.93,+0.56%,--,4,78168,买盘
13:00:01,170.0,+0.60%,+0.07,67,1143760,买盘
13:00:04,169.99,+0.59%,-0.01,101,1722849,卖盘
13:00:07,169.9,+0.54%,-0.09,16,282204,卖盘
13:00:10,169.83,+0.50%,-0.07,10,179850,卖盘
13:00:13,169.57,+0.34%,-0.26,28,483614,卖盘
13:00:16,169.53,+0.32%,-0.04,9,164444,卖盘
13:00:19,169.57,+0.34%,+0.04,3,50871,买盘
13:00:25,169.57,+0.34%,--,6,113951,买盘
13:00:34,169.47,+0.28%,-0.1,1,16947,卖盘
13:00:37,169.47,+0.28%,--,3,50841,卖盘
13:00:40,169.47,+0.28%,--,9,152523,卖盘
13:00:43,169.43,+0.26%,-0.04,4,73194,卖盘
13:00:49,169.42,+0.25%,-0.01,6,108768,卖盘
13:00:52,169.4,+0.24%,-0.02,3,50820,卖盘
13:00:58,169.44,+0.27%,+0.04,16,276018,买盘
13:01:01,169.5,+0.30%,+0.06,17,292896,中性盘
13:01:04,169.4,+0.24%,-0.1,22,383691,卖盘
13:01:07,169.56,+0.34%,+0.16,4,83763,买盘
13:01:10,169.57,+0.34%,+0.01,8,151426,买盘
13:01:13,169.57,+0.34%,--,0,0,卖盘
13:01:19,169.59,+0.36%,+0.02,2,33918,卖盘
13:01:25,169.59,+0.36%,--,0,0,中性盘
13:01:28,169.79,+0.47%,+0.2,16,277267,买盘
13:01:31,169.86,+0.51%,+0.07,2,38558,买盘
13:01:52,169.71,+0.43%,-0.15,19,323467,卖盘
13:01:55,169.71,+0.43%,--,9,162922,卖盘
13:01:58,169.5,+0.30%,-0.21,7,122210,卖盘
13:02:01,169.5,+0.30%,--,0,0,卖盘
13:02:04,169.5,+0.30%,--,7,134075,卖盘
13:02:19,169.45,+0.27%,-0.05,5,98789,卖盘
13:02:22,169.44,+0.27%,-0.01,5,89973,卖盘
13:02:28,169.43,+0.26%,-0.01,2,33886,卖盘
13:02:31,169.45,+0.27%,+0.02,2,34398,买盘
13:02:34,169.43,+0.26%,-0.02,5,84715,中性盘
13:02:40,169.41,+0.25%,-0.02,2,44724,卖盘
13:02:43,169.41,+0.25%,--,10,169410,买盘
13:02:49,169.43,+0.26%,+0.02,17,288031,买盘
13:02:52,169.43,+0.26%,--,12,215007,买盘
13:02:55,169.43,+0.26%,--,0,0,买盘
13:02:58,169.44,+0.27%,+0.01,2,34566,买盘
13:03:01,169.44,+0.27%,--,0,0,买盘
13:03:04,169.49,+0.30%,+0.05,16,278811,买盘
13:03:07,169.43,+0.26%,-0.06,15,268038,卖盘
13:03:16,169.46,+0.28%,+0.03,4,67784,卖盘
13:03:19,169.45,+0.27%,-0.01,2,33890,卖盘
13:03:25,169.45,+0.27%,--,5,84725,买盘
13:03:28,169.45,+0.27%,--,3,50835,买盘
13:03:31,169.46,+0.28%,+0.01,12,215553,买盘
13:03:43,169.46,+0.28%,--,0,0,卖盘
13:03:43,169.46,+0.28%,--,0,0,中性盘
13:03:58,169.7,+0.42%,+0.24,2,33940,买盘
13:04:04,169.53,+0.32%,-0.17,4,67812,卖盘
13:04:07,169.7,+0.42%,+0.17,15,254550,买盘
13:04:10,169.7,+0.42%,--,5,92487,买盘
13:04:13,169.59,+0.36%,-0.11,6,101754,卖盘
13:04:16,169.59,+0.36%,--,0,0,卖盘
13:04:19,169.7,+0.42%,+0.11,10,185143,买盘
13:04:22,169.7,+0.42%,--,2,33940,买盘
13:04:40,169.64,+0.38%,-0.06,2,33928,买盘
13:04:43,169.59,+0.36%,-0.05,2,33918,买盘
13:04:46,169.59,+0.36%,--,0,8988,买盘
13:04:49,169.61,+0.37%,+0.02,1,25102,卖盘
13:04:52,169.64,+0.38%,+0.03,3,59713,买盘
13:04:55,169.61,+0.37%,-0.03,0,8820,卖盘
13:05:07,169.64,+0.38%,+0.03,4,84311,买盘
13:05:22,169.64,+0.38%,--,6,104329,买盘
13:05:25,169.64,+0.38%,--,2,33928,买盘
13:05:28,169.69,+0.41%,+0.05,8,150176,买盘
13:05:31,169.69,+0.41%,--,6,103341,买盘
13:05:40,169.7,+0.42%,+0.01,2,33940,买盘
13:05:55,169.69,+0.41%,-0.01,5,87221,卖盘
13:05:58,169.64,+0.38%,-0.05,4,67856,卖盘
13:06:04,169.59,+0.36%,-0.05,12,217584,卖盘
13:06:07,169.62,+0.37%,+0.03,7,129420,买盘
13:06:10,169.56,+0.34%,-0.06,1,29843,卖盘
13:06:25,169.59,+0.36%,+0.03,4,82590,买盘
13:06:28,169.5,+0.30%,-0.09,2,33900,卖盘
13:06:31,169.54,+0.33%,+0.04,2,33908,买盘
13:06:37,169.5,+0.30%,-0.04,16,271200,卖盘
13:06:40,169.59,+0.36%,+0.09,5,90052,买盘
13:06:43,169.59,+0.36%,--,0,0,买盘
13:06:46,169.59,+0.36%,--,15,265239,买盘
13:06:49,169.6,+0.36%,+0.01,22,389910,卖盘
13:06:52,169.64,+0.38%,+0.04,8,135712,买盘
13:07:04,169.63,+0.38%,-0.01,0,13740,卖盘
13:07:07,169.6,+0.36%,-0.03,2,33920,卖盘
13:07:10,169.46,+0.28%,-0.14,93,1577334,卖盘
13:07:13,169.51,+0.31%,+0.05,17,301897,买盘
13:07:16,169.51,+0.31%,--,0,0,买盘
13:07:28,169.51,+0.31%,--,2,42717,买盘
13:07:34,169.51,+0.31%,--,2,33902,买盘
13:07:37,169.5,+0.30%,-0.01,2,33900,卖盘
13:07:46,169.64,+0.38%,+0.14,56,962028,买盘
13:07:49,169.68,+0.41%,+0.04,14,254181,买盘
13:07:52,169.86,+0.51%,+0.18,6,101916,买盘
13:08:13,169.86,+0.51%,--,0,0,买盘
13:08:13,169.86,+0.51%,-0.21,0,0,中性盘
13:08:22,169.65,+0.39%,-0.21,2,33930,卖盘
13:08:25,169.65,+0.39%,--,0,0,中性盘
13:08:31,169.64,+0.38%,-0.01,3,50892,卖盘
13:08:34,169.64,+0.38%,--,4,83972,卖盘
13:08:40,169.64,+0.38%,--,0,0,卖盘
13:08:46,169.64,+0.38%,--,2,38508,卖盘
13:08:49,169.8,+0.48%,+0.16,2,35828,买盘
13:08:52,169.8,+0.48%,--,0,0,买盘
13:08:55,169.64,+0.38%,-0.16,5,96695,卖盘
13:08:58,169.66,+0.40%,+0.02,2,43433,中性盘
13:09:16,169.66,+0.40%,--,2,33932,买盘
13:09:22,169.65,+0.39%,-0.01,2,33930,中性盘
13:09:40,169.65,+0.39%,--,4,83807,买盘
13:09:43,169.66,+0.40%,+0.01,6,107564,买盘
13:09:49,169.72,+0.43%,+0.06,2,33944,买盘
13:09:52,169.72,+0.43%,--,2,36150,买盘
13:09:55,169.78,+0.47%,+0.06,5,84890,买盘
13:09:58,169.78,+0.47%,--,0,0,买盘
13:10:01,169.77,+0.46%,-0.01,2,33954,买盘
13:10:04,169.77,+0.46%,--,0,0,买盘
13:10:07,169.77,+0.46%,--,6,101862,买盘
13:10:10,169.71,+0.43%,-0.06,2,36148,卖盘
13:10:13,169.77,+0.46%,+0.06,2,35482,买盘
13:10:16,169.77,+0.46%,--,4,78943,买盘
13:10:19,169.72,+0.43%,-0.05,3,50916,卖盘
13:10:22,169.73,+0.44%,+0.01,2,33946,卖盘
13:10:25,169.77,+0.46%,+0.04,2,35482,买盘
13:10:31,169.77,+0.46%,--,5,93883,买盘
13:10:34,169.83,+0.50%,+0.06,38,648920,买盘
13:10:37,169.87,+0.52%,+0.04,21,359615,买盘
13:10:40,169.87,+0.52%,--,2,33974,卖盘
13:10:43,170.19,+0.71%,+0.32,4,68076,买盘
13:10:52,170.0,+0.60%,-0.19,2,34000,中性盘
13:10:55,170.2,+0.72%,+0.2,83,1412660,买盘
13:11:01,170.2,+0.72%,-0.05,4,68080,卖盘
13:11:04,170.26,+0.75%,+0.06,8,142848,买盘
13:11:07,170.25,+0.75%,-0.01,2,34050,买盘
13:11:13,170.19,+0.71%,-0.06,9,156915,卖盘
13:11:22,170.24,+0.74%,+0.05,4,76268,买盘
13:11:25,170.24,+0.74%,--,7,119168,卖盘
13:11:28,170.25,+0.75%,+0.01,52,885300,买盘
13:11:31,170.25,+0.75%,--,0,0,买盘
13:11:34,170.24,+0.74%,-0.01,2,34048,买盘
13:11:37,170.19,+0.71%,-0.05,19,335274,卖盘
13:11:58,170.19,+0.71%,--,2,34038,中性盘
13:12:04,170.19,+0.71%,--,5,85095,买盘
13:12:10,170.19,+0.71%,--,1,24848,买盘
13:12:13,170.19,+0.71%,--,2,43228,卖盘
13:12:13,170.19,+0.71%,-0.19,2,43228,中性盘
13:12:34,170.0,+0.60%,-0.19,2,34000,卖盘
13:12:37,170.18,+0.70%,+0.18,10,176477,买盘
13:12:40,170.0,+0.60%,-0.18,8,146200,卖盘
13:12:49,170.0,+0.60%,--,5,86530,卖盘
13:12:55,169.9,+0.54%,-0.1,2,33980,卖盘
13:13:04,169.9,+0.54%,--,0,0,中性盘
13:13:07,169.89,+0.53%,-0.01,2,33978,卖盘
13:13:31,169.83,+0.50%,-0.06,2,33966,卖盘
13:13:34,169.99,+0.59%,+0.16,2,35868,买盘
13:13:37,169.99,+0.59%,--,0,0,买盘
13:13:40,169.83,+0.50%,-0.16,6,107842,卖盘
13:13:43,169.85,+0.51%,+0.02,2,38046,中性盘
13:14:10,169.83,+0.50%,-0.02,1,28022,卖盘
13:14:13,169.8,+0.48%,-0.03,3,62486,卖盘
13:14:16,169.83,+0.50%,+0.03,4,71668,买盘
13:14:19,169.8,+0.48%,-0.03,4,83711,卖盘
13:14:22,169.83,+0.50%,+0.03,0,14096,买盘
13:14:43,169.85,+0.51%,+0.02,2,33970,买盘
13:14:49,169.85,+0.51%,--,4,79320,买盘
13:14:52,169.83,+0.50%,-0.02,5,94425,卖盘
13:14:55,169.83,+0.50%,--,9,155055,买盘
13:14:58,169.83,+0.50%,--,3,58082,买盘
13:15:01,169.83,+0.50%,--,2,35664,买盘
13:15:04,169.83,+0.50%,--,3,64366,买盘
13:15:10,169.83,+0.50%,--,4,67932,卖盘
13:15:13,169.83,+0.50%,--,6,101898,卖盘
13:15:16,169.83,+0.50%,--,12,210929,卖盘
13:15:19,169.83,+0.50%,--,6,102747,买盘
13:15:22,169.86,+0.51%,+0.03,2,33972,卖盘
13:15:25,169.83,+0.50%,-0.03,10,169830,卖盘
13:15:28,169.91,+0.54%,+0.08,4,82067,买盘
13:15:31,169.93,+0.56%,+0.02,3,52169,卖盘
13:15:34,169.95,+0.57%,+0.02,4,70529,买盘
13:15:37,169.97,+0.58%,+0.02,6,106571,买盘
13:15:46,169.97,+0.58%,--,2,46232,买盘
13:15:52,169.97,+0.58%,--,0,0,买盘
13:15:55,169.96,+0.57%,-0.01,5,101296,买盘
13:15:58,169.96,+0.57%,--,0,0,买盘
13:16:01,169.95,+0.57%,-0.01,3,50985,卖盘
13:16:04,169.99,+0.59%,+0.04,6,104714,买盘
13:16:07,169.96,+0.57%,-0.03,4,75632,中性盘
13:16:13,169.99,+0.59%,+0.03,0,5100,买盘
13:16:28,170.04,+0.62%,+0.05,3,51012,买盘
13:16:31,170.01,+0.60%,-0.03,3,51003,卖盘
13:16:34,170.03,+0.62%,+0.02,1,21254,中性盘
13:16:40,170.18,+0.70%,+0.15,7,127635,买盘
13:16:49,170.05,+0.63%,-0.13,2,34010,卖盘
13:16:49,170.05,+0.63%,--,2,34010,中性盘
13:16:52,170.05,+0.63%,--,0,0,卖盘
13:16:55,170.05,+0.63%,--,4,84005,卖盘
13:16:58,169.99,+0.59%,-0.06,10,183249,卖盘
13:17:01,170.05,+0.63%,+0.06,50,850250,买盘
13:17:04,170.0,+0.60%,-0.05,9,153000,卖盘
13:17:07,170.0,+0.60%,--,0,2720,买盘
13:17:13,170.0,+0.60%,--,7,126310,卖盘
13:17:19,170.05,+0.63%,+0.05,17,301329,买盘
13:17:25,169.99,+0.59%,-0.06,9,163020,卖盘
13:17:28,169.96,+0.57%,-0.03,9,152964,卖盘
13:17:31,169.96,+0.57%,--,8,141577,买盘
13:17:37,169.94,+0.56%,-0.02,2,33988,卖盘
13:17:40,169.9,+0.54%,-0.04,7,118930,卖盘
13:17:43,169.9,+0.54%,--,1,16990,卖盘
13:17:46,169.85,+0.51%,-0.05,2,36857,卖盘
13:17:52,169.8,+0.48%,-0.05,26,445046,卖盘
13:17:55,169.92,+0.55%,+0.12,2,48937,买盘
13:17:58,169.92,+0.55%,--,6,118434,卖盘
13:18:01,170.05,+0.63%,+0.13,23,401318,买盘
13:18:16,170.18,+0.70%,+0.13,11,196898,买盘
13:18:19,170.19,+0.71%,+0.01,4,68076,买盘
13:18:25,170.23,+0.73%,+0.04,10,170230,买盘
13:18:28,170.19,+0.71%,-0.04,2,34038,卖盘
13:18:31,170.23,+0.73%,+0.04,2,36770,买盘
13:18:34,170.23,+0.73%,--,3,57027,买盘
13:18:37,170.24,+0.74%,+0.01,4,68096,买盘
13:18:40,170.25,+0.75%,+0.01,2,34050,买盘
13:18:43,170.23,+0.73%,-0.02,5,100606,卖盘
13:18:46,170.25,+0.75%,+0.02,4,70143,买盘
13:18:49,170.28,+0.76%,+0.03,9,159723,买盘
13:18:55,170.29,+0.77%,+0.01,2,34058,买盘
13:18:58,170.2,+0.72%,-0.09,28,490006,卖盘
13:19:04,170.2,+0.72%,--,8,136160,买盘
13:19:07,170.19,+0.71%,-0.01,10,170190,卖盘
13:19:10,170.2,+0.72%,+0.01,2,34040,买盘
13:19:13,170.19,+0.71%,-0.01,8,136152,卖盘
13:19:16,170.19,+0.71%,--,6,102114,买盘
13:19:22,170.19,+0.71%,--,2,39484,买盘
13:19:25,170.19,+0.71%,--,11,191634,买盘
13:19:28,170.19,+0.71%,--,2,34038,卖盘
13:19:31,170.19,+0.71%,--,10,178870,卖盘
13:19:34,170.19,+0.71%,--,3,59056,卖盘
13:19:37,170.2,+0.72%,+0.01,11,187220,买盘
13:19:40,170.19,+0.71%,-0.01,2,41697,买盘
13:19:55,170.19,+0.71%,--,2,35910,买盘
13:20:01,170.13,+0.67%,-0.06,4,68052,卖盘
13:20:04,170.02,+0.61%,-0.11,9,165940,卖盘
13:20:07,170.01,+0.60%,-0.01,33,565283,卖盘
13:20:10,170.18,+0.70%,+0.17,25,429705,中性盘
13:20:13,170.18,+0.70%,--,7,119126,卖盘
13:20:16,170.18,+0.70%,--,0,0,买盘
13:20:22,170.2,+0.72%,+0.02,3,58889,买盘
13:20:25,170.2,+0.72%,--,53,916867,买盘
13:20:58,170.2,+0.72%,-0.02,5,92759,卖盘
13:21:01,170.2,+0.72%,--,7,120502,卖盘
13:21:07,170.19,+0.71%,-0.01,22,374418,买盘
13:21:07,170.19,+0.71%,--,22,374418,中性盘
13:21:13,170.19,+0.71%,--,2,34038,买盘
13:21:16,170.2,+0.72%,+0.01,7,126629,买盘
13:21:22,170.2,+0.72%,--,2,36763,买盘
13:21:25,170.2,+0.72%,--,98,1676810,买盘
13:21:28,170.2,+0.72%,--,10,176497,卖盘
13:21:31,170.22,+0.73%,+0.02,2,34044,买盘
13:21:37,170.22,+0.73%,--,1,17022,买盘
13:21:43,170.26,+0.75%,+0.04,2,34052,买盘
13:21:46,170.26,+0.75%,--,2,34052,买盘
13:21:49,170.2,+0.72%,-0.06,2,35231,卖盘
13:21:52,170.22,+0.73%,+0.02,4,68088,中性盘
13:21:58,170.21,+0.72%,-0.01,14,242719,卖盘
13:22:01,170.22,+0.73%,+0.01,9,166475,买盘
13:22:07,170.22,+0.73%,--,8,140942,买盘
13:22:10,170.2,+0.72%,-0.02,27,459540,卖盘
13:22:13,170.2,+0.72%,--,2,46805,买盘
13:22:16,170.2,+0.72%,--,3,57357,买盘
13:22:28,170.15,+0.69%,-0.05,7,134419,卖盘
13:22:31,170.2,+0.72%,+0.05,7,125437,买盘
13:22:34,170.2,+0.72%,--,5,85100,买盘
13:22:37,170.2,+0.72%,--,0,6468,买盘
13:22:40,170.2,+0.72%,--,3,51060,卖盘
13:22:46,170.21,+0.72%,+0.01,2,34042,买盘
13:22:52,170.22,+0.73%,+0.01,14,251926,买盘
13:22:58,170.22,+0.73%,--,9,161369,买盘
13:23:01,170.21,+0.72%,-0.01,4,70978,卖盘
13:23:07,170.22,+0.73%,+0.01,0,8000,买盘
13:23:10,170.26,+0.75%,+0.04,16,280588,买盘
13:23:13,170.21,+0.72%,-0.05,4,68084,中性盘
13:23:16,170.21,+0.72%,--,0,16000,买盘
13:23:25,170.21,+0.72%,--,0,0,卖盘
13:23:28,170.24,+0.74%,+0.03,2,34048,买盘
13:23:31,170.29,+0.77%,+0.05,28,487370,买盘
13:23:40,170.29,+0.77%,--,8,148152,买盘
13:23:43,170.32,+0.79%,+0.03,78,1332413,买盘
13:23:46,170.4,+0.83%,+0.08,6,102240,买盘
13:23:55,170.46,+0.87%,+0.06,2,34092,买盘
13:24:01,170.4,+0.83%,-0.06,2,34080,卖盘
13:24:07,170.46,+0.87%,+0.06,1,29490,买盘
13:24:13,170.31,+0.78%,-0.15,6,111383,卖盘
13:24:16,170.31,+0.78%,--,0,16861,买盘
13:24:22,170.36,+0.81%,+0.05,3,61841,买盘
13:24:25,170.36,+0.81%,--,2,45656,买盘
13:24:28,170.35,+0.80%,-0.01,2,34070,中性盘
13:24:31,170.35,+0.80%,--,0,0,买盘
13:24:34,170.36,+0.81%,+0.01,7,131007,买盘
13:24:43,170.37,+0.82%,+0.01,9,153333,卖盘
13:24:46,170.4,+0.83%,+0.03,10,175342,买盘
13:24:49,170.36,+0.81%,-0.04,3,65078,卖盘
13:24:55,170.36,+0.81%,--,4,74618,卖盘
13:24:58,170.4,+0.83%,+0.04,11,193745,买盘
13:25:04,170.17,+0.70%,-0.23,4,77598,卖盘
13:25:07,170.4,+0.83%,+0.23,10,183862,买盘
13:25:10,170.44,+0.86%,+0.04,7,119308,买盘
13:25:13,170.4,+0.83%,-0.04,8,151145,卖盘
13:25:19,170.36,+0.81%,-0.04,14,243274,卖盘
13:25:22,170.45,+0.86%,+0.09,20,345843,买盘
13:25:22,170.45,+0.86%,-0.29,20,345843,中性盘
13:25:28,170.16,+0.69%,-0.29,6,106520,卖盘
13:25:34,170.44,+0.86%,+0.28,7,119308,买盘
13:25:37,170.15,+0.69%,-0.29,6,110257,卖盘
13:25:40,170.15,+0.69%,--,4,72484,卖盘
13:25:55,170.42,+0.85%,+0.27,10,179111,买盘
13:25:58,170.15,+0.69%,-0.27,13,236338,卖盘
13:26:04,170.15,+0.69%,--,10,179678,卖盘
13:26:07,170.15,+0.69%,--,0,0,卖盘
13:26:10,170.4,+0.83%,+0.25,9,164266,买盘
13:26:13,170.15,+0.69%,-0.25,4,68060,卖盘
13:26:16,170.42,+0.85%,+0.27,32,557614,买盘
13:26:19,170.48,+0.88%,+0.06,24,419381,买盘
13:26:22,170.54,+0.92%,+0.06,306,5220570,买盘
13:26:25,170.68,+1.00%,+0.14,2,34136,买盘
13:26:28,170.98,+1.18%,+0.3,43,740856,买盘
13:26:31,170.98,+1.18%,--,0,0,中性盘
13:26:37,170.99,+1.18%,+0.01,4,68396,买盘
13:26:40,170.99,+1.18%,--,6,103449,买盘
13:26:43,170.99,+1.18%,--,3,61898,买盘
13:26:46,170.99,+1.18%,--,5,85495,买盘
13:26:49,170.98,+1.18%,-0.01,4,68392,买盘
13:26:52,170.98,+1.18%,--,30,512940,买盘
13:26:55,171.0,+1.19%,+0.02,3,51300,买盘
13:26:58,171.0,+1.19%,--,6,114399,买盘
13:27:07,171.0,+1.19%,--,0,0,买盘
13:27:10,171.05,+1.22%,+0.05,46,794014,买盘
13:27:13,171.0,+1.19%,-0.05,2,37620,卖盘
13:27:16,171.0,+1.19%,--,9,156465,卖盘
13:27:19,170.98,+1.18%,-0.02,2,34196,买盘
13:27:22,170.98,+1.18%,--,8,150804,买盘
13:27:25,171.05,+1.22%,+0.07,21,362455,买盘
13:27:31,171.05,+1.22%,--,17,300364,买盘
13:27:34,171.05,+1.22%,--,0,0,买盘
13:27:37,171.06,+1.22%,+0.01,11,188337,买盘
13:27:40,171.05,+1.22%,-0.01,19,341758,卖盘
13:27:43,171.05,+1.22%,--,6,119222,卖盘
13:27:46,171.05,+1.22%,--,0,0,卖盘
13:27:49,171.17,+1.29%,+0.12,4,68468,买盘
13:27:52,171.17,+1.29%,--,2,38342,买盘
13:27:55,171.17,+1.29%,--,2,47243,卖盘
13:27:58,171.19,+1.30%,+0.02,10,175983,买盘
13:28:01,171.19,+1.30%,--,4,70873,卖盘
13:28:04,171.2,+1.31%,+0.01,4,69678,买盘
13:28:07,171.2,+1.31%,--,5,101008,买盘
13:28:10,171.21,+1.31%,+0.01,6,116080,买盘
13:28:13,171.19,+1.30%,-0.02,6,114697,卖盘
13:28:16,171.21,+1.31%,+0.02,5,86461,买盘
13:28:19,171.36,+1.40%,+0.15,26,457188,买盘
13:28:22,171.38,+1.41%,+0.02,6,106941,买盘
13:28:25,171.19,+1.30%,-0.19,27,466835,卖盘
13:28:28,171.2,+1.31%,+0.01,11,204242,买盘
13:28:31,171.2,+1.31%,--,18,312269,买盘
13:28:34,171.2,+1.31%,--,2,34240,卖盘
13:28:37,171.19,+1.30%,-0.01,13,223232,卖盘
13:28:40,171.19,+1.30%,--,0,0,卖盘
13:28:43,171.18,+1.30%,-0.01,8,143791,卖盘
13:28:46,171.2,+1.31%,+0.02,6,102720,卖盘
13:28:49,171.33,+1.38%,+0.13,8,151456,买盘
13:28:52,171.33,+1.38%,--,0,0,买盘
13:28:55,171.25,+1.34%,-0.08,2,34250,中性盘
13:28:58,171.35,+1.40%,+0.1,21,360692,买盘
13:29:01,171.33,+1.38%,-0.02,13,223243,卖盘
13:29:04,171.33,+1.38%,--,3,51399,买盘
13:29:07,171.21,+1.31%,-0.12,0,16607,买盘
13:29:13,171.26,+1.34%,+0.05,12,205512,买盘
13:29:16,171.26,+1.34%,--,0,0,买盘
13:29:19,171.22,+1.32%,-0.04,4,68488,卖盘
13:29:22,171.22,+1.32%,--,0,0,卖盘
13:29:25,171.24,+1.33%,+0.02,30,518001,卖盘
13:29:28,171.24,+1.33%,--,0,1370,卖盘
13:29:37,171.22,+1.32%,-0.02,13,228236,卖盘
13:29:37,171.22,+1.32%,--,13,228236,中性盘
13:29:46,171.22,+1.32%,--,0,0,买盘
13:29:52,171.05,+1.22%,-0.17,2,42763,卖盘
13:29:55,171.09,+1.24%,+0.04,2,34560,中性盘
13:30:01,171.05,+1.22%,-0.04,5,85525,卖盘
13:30:04,170.9,+1.13%,-0.15,20,352054,卖盘
13:30:07,170.79,+1.07%,-0.11,25,432269,卖盘
13:30:10,170.79,+1.07%,--,2,34158,买盘
13:30:13,170.48,+0.88%,-0.31,35,604863,卖盘
13:30:19,170.45,+0.86%,-0.03,6,106531,卖盘
13:30:25,170.45,+0.86%,--,3,54033,卖盘
13:30:28,170.4,+0.83%,-0.05,4,71398,卖盘
13:30:31,170.4,+0.83%,--,0,0,买盘
13:30:34,170.16,+0.69%,-0.24,5,95800,卖盘
13:30:49,170.29,+0.77%,+0.13,3,64880,卖盘
13:30:52,170.31,+0.78%,+0.02,6,112064,买盘
13:30:55,170.39,+0.83%,+0.08,8,144320,买盘
13:31:01,170.41,+0.84%,+0.02,2,45840,买盘
13:31:04,170.4,+0.83%,-0.01,3,51120,中性盘
13:31:10,170.44,+0.86%,+0.04,6,115388,买盘
13:31:13,170.39,+0.83%,-0.05,1,26070,卖盘
13:31:16,170.32,+0.79%,-0.07,4,79199,卖盘
13:31:22,170.32,+0.79%,--,0,0,卖盘
13:31:25,170.42,+0.85%,+0.1,2,34084,买盘
13:31:34,170.33,+0.79%,-0.09,23,408451,卖盘
13:31:37,170.31,+0.78%,-0.02,5,95885,卖盘
13:31:40,170.33,+0.79%,+0.02,7,120083,买盘
13:31:43,170.33,+0.79%,--,5,85165,买盘
13:31:55,170.33,+0.79%,--,2,34066,买盘
13:31:58,170.33,+0.79%,--,2,37813,买盘
13:32:01,170.39,+0.83%,+0.06,2,41064,买盘
13:32:07,170.39,+0.83%,--,3,60318,买盘
13:32:16,170.44,+0.86%,+0.05,2,39372,买盘
13:32:22,170.48,+0.88%,+0.04,2,45859,买盘
13:32:25,170.48,+0.88%,--,0,14150,买盘
13:32:28,170.48,+0.88%,--,2,40574,卖盘
13:32:31,170.41,+0.84%,-0.07,8,151494,卖盘
13:32:37,170.41,+0.84%,--,0,0,中性盘
13:32:40,170.44,+0.86%,+0.03,7,120160,买盘
13:32:46,170.77,+1.05%,+0.33,15,257692,买盘
13:32:49,170.77,+1.05%,--,0,0,买盘
13:32:52,170.73,+1.03%,-0.04,4,81097,买盘
13:32:55,170.73,+1.03%,--,0,0,买盘
13:33:01,170.47,+0.88%,-0.26,5,92906,卖盘
13:33:04,170.46,+0.87%,-0.01,15,268475,卖盘
13:33:10,170.46,+0.87%,--,12,209495,买盘
13:33:13,170.69,+1.01%,+0.23,9,167276,买盘
13:33:16,170.68,+1.00%,-0.01,3,52911,买盘
13:33:19,170.68,+1.00%,--,2,34136,买盘
13:33:22,170.68,+1.00%,--,4,71856,买盘
13:33:25,170.68,+1.00%,--,3,62298,买盘
13:33:34,170.71,+1.02%,--,8,136568,买盘
13:33:37,170.71,+1.02%,--,13,238311,买盘
13:33:40,170.71,+1.02%,--,0,0,卖盘
13:33:46,170.74,+1.04%,+0.03,2,34148,买盘
13:33:49,170.71,+1.02%,-0.03,2,34142,卖盘
13:33:52,170.74,+1.04%,+0.03,6,102444,买盘
13:33:58,170.77,+1.05%,+0.03,13,228490,买盘
13:33:58,170.77,+1.05%,-0.06,13,228490,中性盘
13:34:07,170.71,+1.02%,-0.06,16,281501,卖盘
13:34:22,170.71,+1.02%,--,0,3073,买盘
13:34:25,170.71,+1.02%,--,3,53944,卖盘
13:34:28,170.71,+1.02%,--,28,485499,卖盘
13:34:31,170.71,+1.02%,--,18,321447,卖盘
13:34:34,170.68,+1.00%,-0.03,28,481488,卖盘
13:34:37,170.71,+1.02%,+0.03,2,34142,买盘
13:34:40,170.48,+0.88%,-0.23,6,102288,卖盘
13:34:49,170.68,+1.00%,+0.2,11,203280,买盘
13:34:55,170.68,+1.00%,--,0,0,买盘
13:34:58,170.65,+0.98%,-0.03,15,258364,买盘
13:35:10,170.63,+0.97%,-0.02,3,56649,买盘
13:35:16,170.63,+0.97%,--,1,23547,买盘
13:35:22,170.66,+0.99%,+0.03,8,136528,买盘
13:35:28,170.67,+0.99%,+0.01,18,322225,买盘
13:35:34,170.67,+0.99%,--,0,0,买盘
13:35:37,170.49,+0.89%,-0.18,6,112694,卖盘
13:35:40,170.49,+0.89%,--,0,0,中性盘
13:35:46,170.66,+0.99%,+0.17,5,87549,买盘
13:35:52,170.66,+0.99%,--,2,43177,买盘
13:35:58,170.49,+0.89%,-0.17,11,198621,卖盘
13:36:01,170.49,+0.89%,--,0,0,卖盘
13:36:04,170.49,+0.89%,--,7,132130,卖盘
13:36:07,170.48,+0.88%,-0.01,2,37506,中性盘
13:36:10,170.46,+0.87%,-0.02,11,190574,卖盘
13:36:13,170.48,+0.88%,+0.02,2,34096,卖盘
13:36:25,170.48,+0.88%,--,5,99731,卖盘
13:36:28,170.48,+0.88%,--,2,34096,卖盘
13:36:31,170.51,+0.90%,+0.03,20,345965,买盘
13:36:40,170.48,+0.88%,-0.03,2,34096,卖盘
13:36:49,170.48,+0.88%,--,0,0,卖盘
13:36:58,170.44,+0.86%,-0.04,24,419112,卖盘
13:37:04,170.44,+0.86%,--,2,35452,买盘
13:37:07,170.44,+0.86%,--,44,751300,买盘
13:37:16,170.44,+0.86%,--,5,91356,卖盘
13:37:19,170.44,+0.86%,--,4,77721,卖盘
13:37:22,170.5,+0.89%,+0.06,6,102300,买盘
13:37:28,170.57,+0.93%,+0.07,4,68228,买盘
13:37:34,170.57,+0.93%,--,4,68228,买盘
13:37:37,170.57,+0.93%,--,19,324595,买盘
13:37:40,170.44,+0.86%,-0.13,4,75164,卖盘
13:37:43,170.59,+0.95%,+0.15,2,45206,买盘
13:37:46,170.59,+0.95%,--,0,0,买盘
13:37:49,170.43,+0.85%,-0.16,3,59821,卖盘
13:37:52,170.59,+0.95%,+0.16,10,170761,买盘
13:37:55,170.59,+0.95%,--,7,123678,卖盘
13:37:58,170.63,+0.97%,+0.04,8,144353,买盘
13:38:04,170.66,+0.99%,+0.03,5,94375,买盘
13:38:13,170.71,+1.02%,+0.05,20,341420,买盘
13:38:16,170.71,+1.02%,--,0,0,买盘
13:38:19,170.71,+1.02%,--,6,110279,买盘
13:38:19,170.71,+1.02%,--,6,110279,中性盘
13:38:22,170.77,+1.05%,+0.06,6,102462,买盘
13:38:25,170.77,+1.05%,--,1,29885,买盘
13:38:28,170.81,+1.08%,+0.04,18,311728,买盘
13:38:31,170.81,+1.08%,--,2,34162,买盘
13:38:34,170.81,+1.08%,--,5,91896,买盘
13:38:37,170.81,+1.08%,--,32,550008,买盘
13:38:40,170.83,+1.09%,+0.02,12,210804,买盘
13:38:43,170.83,+1.09%,--,0,0,中性盘
13:38:46,170.9,+1.13%,+0.07,3,51441,买盘
13:38:52,170.9,+1.13%,--,8,138942,买盘
13:39:01,170.9,+1.13%,--,7,119630,买盘
13:39:10,170.9,+1.13%,--,30,512700,买盘
13:39:13,170.9,+1.13%,--,0,0,买盘
13:39:16,170.9,+1.13%,--,26,456474,买盘
13:39:37,170.95,+1.16%,+0.05,3,51285,买盘
13:39:40,170.96,+1.17%,+0.01,12,213871,买盘
13:39:43,170.96,+1.17%,--,6,102576,买盘
13:39:46,170.96,+1.17%,--,10,170960,买盘
13:39:49,170.96,+1.17%,--,8,144290,买盘
13:39:52,170.96,+1.17%,--,3,64110,买盘
13:39:55,170.96,+1.17%,--,3,60520,买盘
13:40:07,170.96,+1.17%,--,7,123091,卖盘
13:40:10,170.96,+1.17%,--,2,34192,卖盘
13:40:16,170.96,+1.17%,--,10,186517,卖盘
13:40:19,170.96,+1.17%,--,0,16925,卖盘
13:40:25,170.88,+1.12%,-0.08,7,119958,卖盘
13:40:28,170.88,+1.12%,--,0,0,买盘
13:40:31,170.81,+1.08%,-0.07,6,108635,卖盘
13:40:34,170.81,+1.08%,--,2,34845,买盘
13:40:37,170.81,+1.08%,--,2,41848,买盘
13:40:40,170.61,+0.96%,-0.2,2,34122,卖盘
13:40:43,170.81,+1.08%,+0.2,2,34162,买盘
13:40:46,170.61,+0.96%,-0.2,8,145019,卖盘
13:40:52,170.8,+1.07%,+0.19,6,109654,买盘
13:40:55,170.51,+0.90%,-0.29,6,105205,中性盘
13:41:01,170.51,+0.90%,--,2,34102,卖盘
13:41:04,170.51,+0.90%,--,6,105034,卖盘
13:41:07,170.8,+1.07%,+0.29,2,48678,买盘
13:41:28,170.8,+1.07%,--,4,68320,买盘
13:41:34,170.79,+1.07%,-0.01,21,361562,卖盘
13:41:37,170.8,+1.07%,+0.01,7,122805,买盘
13:42:01,170.8,+1.07%,--,0,0,买盘
13:42:07,170.52,+0.91%,-0.28,3,51156,卖盘
13:42:10,170.53,+0.91%,+0.01,5,86629,卖盘
13:42:13,170.78,+1.06%,+0.25,2,48672,买盘
13:42:16,170.53,+0.91%,-0.25,6,109480,卖盘
13:42:19,170.52,+0.91%,-0.01,2,34104,卖盘
13:42:22,170.52,+0.91%,--,4,79974,卖盘
13:42:31,170.53,+0.91%,+0.01,8,137959,买盘
13:42:34,170.51,+0.90%,-0.02,6,106569,卖盘
13:42:37,170.52,+0.91%,+0.01,2,46552,买盘
13:42:37,170.52,+0.91%,-0.01,2,46552,中性盘
13:42:40,170.51,+0.90%,-0.01,2,36489,卖盘
13:42:46,170.5,+0.89%,-0.01,17,292578,卖盘
13:42:49,170.5,+0.89%,--,17,295136,卖盘
13:42:52,170.53,+0.91%,+0.03,9,162686,买盘
13:42:55,170.53,+0.91%,--,0,0,买盘
13:42:58,170.53,+0.91%,--,2,36664,买盘
13:43:07,170.53,+0.91%,--,2,42291,买盘
13:43:13,170.58,+0.94%,+0.05,12,204696,买盘
13:43:19,170.58,+0.94%,--,4,83755,买盘
13:43:22,170.51,+0.90%,-0.07,10,186879,卖盘
13:43:25,170.59,+0.95%,+0.08,2,44865,买盘
13:43:28,170.79,+1.07%,+0.2,7,131167,买盘
13:43:34,170.8,+1.07%,+0.01,4,84717,买盘
13:43:37,170.7,+1.01%,-0.1,2,48479,买盘
13:43:43,170.7,+1.01%,--,0,0,买盘
13:43:46,170.59,+0.95%,-0.11,2,34118,卖盘
13:43:49,170.69,+1.01%,+0.1,2,34138,买盘
13:43:52,170.7,+1.01%,+0.01,15,256050,买盘
13:43:58,170.7,+1.01%,--,5,89959,买盘
13:44:01,170.75,+1.04%,+0.05,4,68300,买盘
13:44:16,170.75,+1.04%,--,6,102450,卖盘
13:44:46,170.75,+1.04%,--,0,0,买盘
13:44:49,170.63,+0.97%,-0.12,4,81220,卖盘
13:44:52,170.63,+0.97%,--,0,0,中性盘
13:44:55,170.61,+0.96%,-0.02,8,144507,卖盘
13:44:58,170.61,+0.96%,--,3,51183,卖盘
13:45:01,170.61,+0.96%,--,1,17061,卖盘
13:45:04,170.67,+0.99%,+0.06,5,94551,买盘
13:45:07,170.67,+0.99%,--,2,34134,买盘
13:45:10,170.61,+0.96%,-0.06,2,34122,卖盘
13:45:22,170.61,+0.96%,--,0,6654,卖盘
13:45:28,170.61,+0.96%,--,9,169075,买盘
13:45:31,170.61,+0.96%,--,8,145701,买盘
13:45:34,170.61,+0.96%,--,8,144336,卖盘
13:45:37,170.69,+1.01%,+0.08,7,130066,买盘
13:45:43,170.69,+1.01%,--,5,101048,买盘
13:45:46,170.7,+1.01%,+0.01,6,103786,买盘
13:45:55,170.7,+1.01%,--,5,85350,卖盘
13:45:58,170.72,+1.02%,+0.02,4,78360,买盘
13:46:01,170.7,+1.01%,-0.02,4,68280,卖盘
13:46:04,170.7,+1.01%,--,2,34140,卖盘
13:46:10,170.7,+1.01%,--,3,57014,卖盘
13:46:22,170.7,+1.01%,--,3,51210,卖盘
13:46:25,170.65,+0.98%,-0.05,53,904616,卖盘
13:46:28,170.64,+0.98%,-0.01,2,34128,买盘
13:46:31,170.64,+0.98%,--,7,121154,买盘
13:46:34,170.64,+0.98%,--,7,133440,买盘
13:46:40,170.75,+1.04%,+0.11,7,121233,买盘
13:46:43,170.75,+1.04%,--,6,102450,买盘
13:46:49,170.75,+1.04%,--,2,43541,买盘
13:46:52,170.75,+1.04%,--,19,327328,买盘
13:46:55,170.75,+1.04%,--,3,51225,卖盘
13:46:55,170.75,+1.04%,--,3,51225,中性盘
13:46:58,170.77,+1.05%,+0.02,7,129102,买盘
13:47:04,170.77,+1.05%,--,2,36203,买盘
13:47:07,170.65,+0.98%,-0.12,6,102390,卖盘
13:47:13,170.65,+0.98%,--,0,0,买盘
13:47:16,170.63,+0.97%,-0.02,4,76442,卖盘
13:47:28,170.64,+0.98%,+0.01,2,34128,卖盘
13:47:34,170.63,+0.97%,-0.01,6,107326,卖盘
13:47:37,170.63,+0.97%,--,0,0,买盘
13:47:40,170.63,+0.97%,--,0,15698,买盘
13:47:43,170.65,+0.98%,+0.02,2,37031,买盘
13:47:46,170.61,+0.96%,-0.04,2,34122,卖盘
13:47:52,170.61,+0.96%,--,0,0,中性盘
13:47:55,170.64,+0.98%,+0.03,2,37882,买盘
13:47:58,170.64,+0.98%,--,0,0,买盘
13:48:04,170.55,+0.92%,-0.09,2,39227,卖盘
13:48:07,170.55,+0.92%,--,4,78965,卖盘
13:48:10,170.54,+0.92%,-0.01,2,34108,卖盘
13:48:13,170.55,+0.92%,+0.01,2,34110,买盘
13:48:16,170.5,+0.89%,-0.05,4,68200,卖盘
13:48:19,170.5,+0.89%,--,0,0,卖盘
13:48:34,170.52,+0.91%,+0.02,59,1010160,买盘
13:48:37,170.51,+0.90%,-0.01,9,162837,卖盘
13:48:40,170.47,+0.88%,-0.04,4,68188,卖盘
13:48:43,170.51,+0.90%,+0.04,2,36148,买盘
13:48:46,170.52,+0.91%,+0.01,3,61728,卖盘
13:48:52,170.52,+0.91%,--,30,517528,卖盘
13:48:55,170.52,+0.91%,--,15,271297,卖盘
13:48:58,170.46,+0.87%,-0.06,12,208132,卖盘
13:49:22,170.46,+0.87%,--,3,51479,卖盘
13:49:46,170.46,+0.87%,--,3,51138,卖盘
13:49:55,170.45,+0.86%,-0.01,8,142667,卖盘
13:49:58,170.48,+0.88%,+0.03,6,102288,买盘
13:50:01,170.44,+0.86%,-0.04,10,179132,卖盘
13:50:19,170.4,+0.83%,-0.04,63,1088686,卖盘
13:50:25,170.38,+0.82%,-0.02,4,68152,卖盘
13:50:34,170.48,+0.88%,+0.1,33,562584,买盘
13:50:43,170.48,+0.88%,--,2,43643,买盘
13:50:46,170.38,+0.82%,-0.1,3,63381,卖盘
13:50:49,170.38,+0.82%,--,0,0,卖盘
13:50:58,170.39,+0.83%,+0.01,3,54525,卖盘
13:51:01,170.39,+0.83%,--,2,34078,卖盘
13:51:04,170.39,+0.83%,--,0,15846,卖盘
13:51:07,170.38,+0.82%,-0.01,1,29817,卖盘
13:51:10,170.35,+0.80%,-0.03,14,249563,卖盘
13:51:10,170.35,+0.80%,--,14,249563,中性盘
13:51:19,170.36,+0.81%,+0.01,5,85180,买盘
13:51:22,170.31,+0.78%,-0.05,6,106614,卖盘
13:51:25,170.31,+0.78%,--,1,31848,卖盘
13:51:28,170.22,+0.73%,-0.09,2,34044,卖盘
13:51:34,170.2,+0.72%,-0.02,15,262619,卖盘
13:51:40,170.15,+0.69%,-0.05,2,34030,卖盘
13:51:43,170.15,+0.69%,--,3,51045,卖盘
13:51:46,170.15,+0.69%,--,11,187165,卖盘
13:51:49,170.0,+0.60%,-0.15,63,1081880,卖盘
13:51:52,170.0,+0.60%,--,4,68000,卖盘
13:52:01,169.85,+0.51%,-0.15,15,262758,卖盘
13:52:04,169.85,+0.51%,--,19,322715,卖盘
13:52:07,169.84,+0.50%,-0.01,3,56727,买盘
13:52:13,169.84,+0.50%,--,1,28703,买盘
13:52:22,169.85,+0.51%,+0.01,2,33970,卖盘
13:52:25,170.0,+0.60%,+0.15,2,36380,买盘
13:52:28,169.86,+0.51%,-0.14,2,33972,卖盘
13:52:37,169.86,+0.51%,--,1,29216,卖盘
13:52:40,169.86,+0.51%,--,9,157630,卖盘
13:52:49,169.83,+0.50%,-0.03,5,95275,卖盘
13:52:52,169.83,+0.50%,--,2,48232,卖盘
13:52:55,169.82,+0.49%,-0.01,11,197161,买盘
13:52:58,169.82,+0.49%,--,1,19190,买盘
13:53:04,169.82,+0.49%,--,2,47210,卖盘
13:53:10,169.82,+0.49%,--,0,0,卖盘
13:53:13,169.85,+0.51%,+0.03,3,62845,卖盘
13:53:28,169.81,+0.49%,-0.04,40,679240,卖盘
13:53:31,169.86,+0.51%,+0.05,4,80174,买盘
13:53:34,169.86,+0.51%,--,0,0,卖盘
13:53:46,169.92,+0.55%,+0.06,3,61511,买盘
13:53:55,169.92,+0.55%,--,2,33984,买盘
13:54:04,169.97,+0.58%,+0.05,9,158412,买盘
13:54:07,169.97,+0.58%,--,2,33994,卖盘
13:54:10,169.98,+0.59%,+0.01,2,33996,买盘
13:54:16,169.98,+0.59%,--,2,33996,买盘
13:54:19,169.99,+0.59%,+0.01,5,98424,买盘
13:54:22,169.99,+0.59%,--,0,0,中性盘
13:54:25,170.14,+0.68%,+0.15,2,34028,买盘
13:54:28,170.0,+0.60%,-0.14,2,34000,卖盘
13:54:31,170.17,+0.70%,+0.17,4,68068,买盘
13:54:34,170.2,+0.72%,+0.03,6,102120,买盘
13:54:40,170.2,+0.72%,--,6,102120,买盘
13:54:46,170.2,+0.72%,--,0,0,买盘
13:54:49,170.15,+0.69%,-0.05,3,64657,卖盘
13:54:52,170.2,+0.72%,+0.05,2,48337,买盘
13:54:55,170.35,+0.80%,+0.15,26,442910,买盘
13:55:04,170.35,+0.80%,--,2,34070,中性盘
13:55:13,170.15,+0.69%,-0.2,3,54448,卖盘
13:55:16,170.15,+0.69%,--,4,69421,买盘
13:55:19,170.36,+0.81%,+0.21,20,340720,买盘
13:55:25,170.36,+0.81%,-0.16,0,0,中性盘
13:55:37,170.2,+0.72%,-0.16,3,51060,卖盘
13:55:40,170.12,+0.67%,-0.08,6,118574,卖盘
13:55:49,170.12,+0.67%,--,12,206866,买盘
13:56:10,170.0,+0.60%,-0.12,6,102000,卖盘
13:56:19,170.0,+0.60%,--,8,147220,卖盘
13:56:22,170.12,+0.67%,+0.12,2,34024,买盘
13:56:25,170.0,+0.60%,-0.12,3,51000,卖盘
13:56:34,170.12,+0.67%,+0.12,9,158722,买盘
13:56:55,170.16,+0.69%,+0.04,10,179519,买盘
13:57:04,170.16,+0.69%,--,0,0,卖盘
13:57:13,170.18,+0.70%,+0.02,2,34036,买盘
13:57:16,170.18,+0.70%,--,6,107384,买盘
13:57:31,170.24,+0.74%,+0.06,18,306943,买盘
13:57:37,170.25,+0.75%,+0.01,4,68100,买盘
13:57:40,170.25,+0.75%,--,6,102150,买盘
13:57:46,170.25,+0.75%,--,1,26389,买盘
13:57:55,170.31,+0.78%,+0.06,4,79875,买盘
13:57:58,170.36,+0.81%,+0.05,8,143102,买盘
13:58:01,170.4,+0.83%,+0.04,6,102240,买盘
13:58:04,170.36,+0.81%,-0.04,2,48723,卖盘
13:58:16,170.4,+0.83%,+0.04,19,323760,买盘
13:58:19,170.2,+0.72%,-0.2,26,456987,卖盘
13:58:25,170.25,+0.75%,+0.05,4,68100,买盘
13:58:28,170.2,+0.72%,-0.05,0,10212,卖盘
13:58:37,170.17,+0.70%,-0.03,3,57858,卖盘
13:58:40,170.17,+0.70%,--,3,51051,买盘
13:58:43,170.2,+0.72%,+0.03,5,94972,买盘
13:58:49,170.25,+0.75%,+0.05,4,78145,买盘
13:58:52,170.25,+0.75%,--,2,39668,卖盘
13:58:58,170.26,+0.75%,+0.01,4,81895,买盘
13:59:07,170.38,+0.82%,+0.12,6,102228,买盘
13:59:10,170.38,+0.82%,--,16,272608,买盘
13:59:13,170.3,+0.78%,-0.08,35,599286,卖盘
13:59:28,170.3,+0.78%,--,0,0,买盘
13:59:34,170.27,+0.76%,-0.03,4,84624,买盘
13:59:43,170.36,+0.81%,+0.09,15,268658,买盘
13:59:49,170.36,+0.81%,--,3,51108,卖盘
13:59:49,170.36,+0.81%,--,3,51108,中性盘
13:59:58,170.38,+0.82%,+0.02,6,117221,买盘
14:00:01,170.36,+0.81%,-0.02,2,34242,卖盘
14:00:07,170.28,+0.76%,-0.08,10,181008,卖盘
14:00:10,170.28,+0.76%,--,4,74242,卖盘
14:00:13,170.28,+0.76%,--,4,78499,卖盘
14:00:16,170.2,+0.72%,-0.08,109,1859095,卖盘
14:00:19,170.17,+0.70%,-0.03,67,1145755,卖盘
14:00:22,170.18,+0.70%,+0.01,18,320279,买盘
14:00:25,170.26,+0.75%,+0.08,20,340520,买盘
14:00:28,170.19,+0.71%,-0.07,2,34038,中性盘
14:00:37,170.26,+0.75%,+0.07,7,119182,买盘
14:00:49,170.32,+0.79%,+0.06,2,34064,买盘
14:00:52,170.32,+0.79%,--,2,42410,买盘
14:00:55,170.26,+0.75%,-0.06,14,254368,卖盘
14:01:04,170.18,+0.70%,-0.08,10,173754,卖盘
14:01:31,170.18,+0.70%,--,11,196218,卖盘
14:01:46,170.18,+0.70%,--,4,68072,卖盘
14:02:01,170.26,+0.75%,+0.08,16,272416,买盘
14:02:04,170.26,+0.75%,--,0,0,买盘
14:02:07,170.19,+0.71%,-0.07,2,41186,买盘
14:02:22,170.18,+0.70%,-0.01,18,316024,卖盘
14:02:31,170.19,+0.71%,+0.01,6,103135,买盘
14:02:34,170.2,+0.72%,+0.01,12,217175,卖盘
14:02:37,170.2,+0.72%,--,2,46805,卖盘
14:02:40,170.2,+0.72%,--,2,34040,卖盘
14:02:49,170.21,+0.72%,+0.01,4,68084,买盘
14:02:52,170.21,+0.72%,--,17,293782,卖盘
14:03:04,170.21,+0.72%,--,4,68084,卖盘
14:03:07,170.21,+0.72%,--,5,86807,卖盘
14:03:10,170.21,+0.72%,--,27,469950,卖盘
14:03:13,170.18,+0.70%,-0.03,5,98364,卖盘
14:03:16,170.18,+0.70%,--,2,34036,卖盘
14:03:22,170.0,+0.60%,-0.18,154,2623440,卖盘
14:03:25,170.0,+0.60%,--,12,220150,卖盘
14:03:37,170.0,+0.60%,--,0,0,卖盘
14:03:43,170.09,+0.65%,+0.09,7,125016,买盘
14:03:49,170.09,+0.65%,--,3,51027,卖盘
14:03:55,170.09,+0.65%,--,2,34018,卖盘
14:03:58,170.09,+0.65%,--,8,141685,卖盘
14:04:01,170.09,+0.65%,--,1,25003,卖盘
14:04:01,170.09,+0.65%,-0.09,1,25003,中性盘
14:04:10,170.0,+0.60%,-0.09,27,472090,卖盘
14:04:13,170.0,+0.60%,--,5,90780,买盘
14:04:19,170.0,+0.60%,--,2,34000,买盘
14:04:25,169.99,+0.59%,-0.01,8,147041,卖盘
14:04:37,169.99,+0.59%,--,2,33998,卖盘
14:04:40,170.0,+0.60%,+0.01,6,105060,买盘
14:04:43,170.0,+0.60%,--,2,34000,卖盘
14:04:46,170.09,+0.65%,+0.09,2,34018,买盘
14:04:49,170.09,+0.65%,--,6,118893,买盘
14:04:52,170.0,+0.60%,-0.09,28,478890,卖盘
14:05:07,170.0,+0.60%,--,10,170000,卖盘
14:05:13,170.02,+0.61%,+0.02,2,34004,卖盘
14:05:16,170.02,+0.61%,--,3,51006,卖盘
14:05:25,170.02,+0.61%,--,3,63928,卖盘
14:05:31,170.02,+0.61%,--,2,37404,卖盘
14:05:40,170.12,+0.67%,+0.1,2,34024,买盘
14:05:43,170.12,+0.67%,--,4,75874,买盘
14:05:49,170.12,+0.67%,--,0,0,中性盘
14:05:52,170.21,+0.72%,+0.09,60,1021600,买盘
14:05:55,170.18,+0.70%,-0.03,3,51054,卖盘
14:06:01,170.18,+0.70%,--,0,0,卖盘
14:06:04,170.31,+0.78%,+0.13,4,76299,买盘
14:06:07,170.25,+0.75%,-0.06,2,46308,卖盘
14:06:13,170.25,+0.75%,--,3,51075,卖盘
14:06:19,170.25,+0.75%,--,0,0,卖盘
14:06:22,170.26,+0.75%,+0.01,2,34052,卖盘
14:06:28,170.3,+0.78%,+0.04,1,33379,买盘
14:06:31,170.36,+0.81%,+0.06,5,91654,买盘
14:06:43,170.36,+0.81%,--,5,85350,买盘
14:06:46,170.36,+0.81%,--,0,0,卖盘
14:06:49,170.42,+0.85%,+0.06,3,67145,买盘
14:06:52,170.55,+0.92%,+0.13,1,23365,买盘
14:06:55,170.55,+0.92%,--,2,44855,卖盘
14:06:58,170.64,+0.98%,+0.09,15,264663,买盘
14:07:01,170.64,+0.98%,--,2,34128,买盘
14:07:07,170.64,+0.98%,--,8,136512,买盘
14:07:10,170.62,+0.96%,-0.02,8,143833,买盘
14:07:37,170.62,+0.96%,--,0,0,买盘
14:07:40,170.54,+0.92%,-0.08,2,34108,中性盘
14:07:43,170.51,+0.90%,-0.03,7,122767,卖盘
14:07:49,170.46,+0.87%,-0.05,2,34092,卖盘
14:07:52,170.4,+0.83%,-0.06,13,232255,卖盘
14:07:55,170.36,+0.81%,-0.04,2,34072,卖盘
14:08:01,170.36,+0.81%,--,2,34072,卖盘
14:08:04,170.36,+0.81%,--,14,245829,卖盘
14:08:10,170.36,+0.81%,--,0,0,买盘
14:08:13,170.19,+0.71%,-0.17,2,34038,卖盘
14:08:19,170.19,+0.71%,--,0,0,中性盘
14:08:19,170.19,+0.71%,-0.01,0,0,中性盘
14:08:28,170.18,+0.70%,-0.01,3,51054,卖盘
14:08:31,170.09,+0.65%,-0.09,2,34018,卖盘
14:08:34,170.09,+0.65%,--,0,0,中性盘
14:08:37,170.08,+0.65%,-0.01,10,181645,买盘
14:08:40,170.13,+0.67%,+0.05,8,143079,卖盘
14:08:52,170.12,+0.67%,-0.01,2,46443,买盘
14:09:04,170.12,+0.67%,--,5,85570,买盘
14:09:10,170.12,+0.67%,--,5,99010,卖盘
14:09:16,170.12,+0.67%,--,0,0,买盘
14:09:31,170.04,+0.62%,-0.08,2,34008,卖盘
14:09:37,170.11,+0.66%,+0.07,4,68044,买盘
14:09:40,170.11,+0.66%,--,5,98153,买盘
14:09:49,170.12,+0.67%,+0.01,2,34024,买盘
14:10:01,170.11,+0.66%,-0.01,2,48481,卖盘
14:10:04,170.04,+0.62%,-0.07,5,97773,卖盘
14:10:07,170.04,+0.62%,--,7,134672,卖盘
14:10:16,170.16,+0.69%,+0.12,66,1131394,买盘
14:10:19,170.16,+0.69%,--,5,85080,中性盘
14:10:22,170.33,+0.79%,+0.17,6,106967,中性盘
14:10:25,170.11,+0.66%,-0.22,5,85055,卖盘
14:10:31,170.11,+0.66%,--,3,52734,卖盘
14:10:34,170.11,+0.66%,--,0,0,卖盘
14:10:40,170.12,+0.67%,+0.01,2,34024,卖盘
14:10:49,170.32,+0.79%,+0.2,2,34064,中性盘
14:10:55,170.1,+0.66%,-0.22,3,61406,卖盘
14:10:58,170.05,+0.63%,-0.05,59,1011968,卖盘
14:11:04,170.04,+0.62%,-0.01,6,107635,卖盘
14:11:34,170.04,+0.62%,--,4,70737,卖盘
14:11:43,170.04,+0.62%,--,0,0,卖盘
14:11:46,170.05,+0.63%,+0.01,2,34010,卖盘
14:11:49,170.02,+0.61%,-0.03,24,417229,卖盘
14:11:52,170.07,+0.64%,+0.05,4,80783,买盘
14:11:55,170.02,+0.61%,-0.05,0,4080,卖盘
14:12:19,170.02,+0.61%,--,11,194163,买盘
14:12:28,170.02,+0.61%,--,5,85010,买盘
14:12:31,170.01,+0.60%,-0.01,4,84155,卖盘
14:12:40,170.02,+0.61%,+0.01,2,34004,买盘
14:12:40,170.02,+0.61%,-0.01,2,34004,中性盘
14:12:46,170.01,+0.60%,-0.01,5,100816,卖盘
14:12:49,170.01,+0.60%,--,33,563923,卖盘
14:12:52,170.02,+0.61%,+0.01,48,823577,买盘
14:13:01,170.07,+0.64%,+0.05,2,34014,买盘
14:13:07,170.03,+0.62%,-0.04,1,20744,卖盘
14:13:16,170.06,+0.63%,+0.03,2,34012,买盘
14:13:31,170.07,+0.64%,+0.01,7,126872,买盘
14:13:34,170.13,+0.67%,+0.06,13,232398,买盘
14:13:37,170.12,+0.67%,-0.01,3,56820,卖盘
14:13:40,170.13,+0.67%,+0.01,2,42192,买盘
14:13:43,170.13,+0.67%,--,0,0,买盘
14:13:49,170.13,+0.67%,--,5,86596,买盘
14:13:52,170.13,+0.67%,--,1,24158,买盘
14:13:55,170.19,+0.71%,+0.06,3,67736,买盘
14:14:01,170.19,+0.71%,--,0,0,买盘
14:14:04,170.19,+0.71%,--,0,15998,买盘
14:14:07,170.19,+0.71%,--,0,0,卖盘
14:14:13,170.31,+0.78%,+0.12,2,36787,买盘
14:14:19,170.31,+0.78%,--,0,0,中性盘
14:14:22,170.22,+0.73%,-0.09,4,79323,卖盘
14:14:31,170.22,+0.73%,--,0,0,中性盘
14:14:34,170.37,+0.82%,+0.15,8,150607,买盘
14:14:37,170.37,+0.82%,--,0,0,中性盘
14:14:40,170.24,+0.74%,-0.13,5,85120,中性盘
14:14:49,170.22,+0.73%,-0.02,8,151155,买盘
14:15:01,170.28,+0.76%,+0.06,14,243841,买盘
14:15:04,170.22,+0.73%,-0.06,1,21618,卖盘
14:15:07,170.2,+0.72%,-0.02,2,49018,卖盘
14:15:13,170.22,+0.73%,+0.02,1,17873,买盘
14:15:16,170.22,+0.73%,--,2,34044,卖盘
14:15:19,170.2,+0.72%,-0.02,3,62293,卖盘
14:15:25,170.18,+0.70%,-0.02,7,129677,卖盘
14:15:49,170.18,+0.70%,--,0,0,中性盘
14:15:52,170.2,+0.72%,+0.02,17,306190,买盘
14:15:55,170.2,+0.72%,--,9,159988,卖盘
14:16:07,170.2,+0.72%,--,0,0,卖盘
14:16:10,170.21,+0.72%,+0.01,2,34042,卖盘
14:16:22,170.2,+0.72%,-0.01,9,153180,卖盘
14:16:25,170.22,+0.73%,+0.02,6,106728,卖盘
14:16:31,170.22,+0.73%,--,2,34044,买盘
14:16:34,170.19,+0.71%,-0.03,49,833931,卖盘
14:16:37,170.19,+0.71%,--,1,22465,卖盘
14:16:40,170.13,+0.67%,-0.06,14,252643,卖盘
14:16:43,170.12,+0.67%,-0.01,49,834268,卖盘
14:16:46,170.09,+0.65%,-0.03,20,340180,卖盘
14:16:49,170.07,+0.64%,-0.02,3,62416,卖盘
14:16:49,170.07,+0.64%,--,3,62416,中性盘
14:17:07,170.07,+0.64%,--,1,22619,卖盘
14:17:10,170.06,+0.63%,-0.01,2,34012,卖盘
14:17:13,170.08,+0.65%,+0.02,4,68542,买盘
14:17:16,170.03,+0.62%,-0.05,16,273068,卖盘
14:17:19,170.03,+0.62%,--,2,34006,买盘
14:17:22,170.08,+0.65%,+0.05,2,34016,买盘
14:17:31,170.1,+0.66%,+0.08,6,118730,买盘
14:17:34,170.1,+0.66%,--,3,51030,卖盘
14:17:43,170.13,+0.67%,+0.03,3,51039,买盘
14:17:46,170.1,+0.66%,-0.03,4,69571,卖盘
14:17:49,170.1,+0.66%,--,5,93215,卖盘
14:17:52,170.08,+0.65%,-0.02,2,35036,卖盘
14:17:58,170.09,+0.65%,+0.01,5,101714,买盘
14:18:01,170.09,+0.65%,--,4,78582,买盘
14:18:04,170.1,+0.66%,+0.01,9,153090,买盘
14:18:07,170.1,+0.66%,--,2,34020,买盘
14:18:13,170.09,+0.65%,-0.01,2,37930,卖盘
14:18:22,170.1,+0.66%,+0.01,6,112946,买盘
14:18:28,170.11,+0.66%,+0.01,2,34022,卖盘
14:18:40,170.16,+0.69%,+0.05,10,170160,买盘
14:18:55,170.15,+0.69%,-0.01,2,34030,买盘
14:19:07,170.15,+0.69%,--,0,9018,买盘
14:19:22,170.16,+0.69%,+0.01,2,40498,买盘
14:19:31,170.16,+0.69%,--,2,34032,买盘
14:19:37,170.15,+0.69%,-0.01,2,34030,卖盘
14:19:40,170.16,+0.69%,+0.01,2,34372,买盘
14:19:46,170.15,+0.69%,-0.01,12,205201,卖盘
14:19:49,170.15,+0.69%,--,3,63976,卖盘
14:19:55,170.15,+0.69%,--,11,198225,卖盘
14:20:01,170.06,+0.63%,-0.09,65,1112533,卖盘
14:20:04,170.06,+0.63%,--,0,0,卖盘
14:20:07,170.02,+0.61%,-0.04,8,137036,卖盘
14:20:10,170.02,+0.61%,--,1,28223,卖盘
14:20:13,170.01,+0.60%,-0.01,4,69194,卖盘
14:20:25,170.07,+0.64%,+0.06,2,34014,买盘
14:20:34,170.07,+0.64%,--,2,34014,买盘
14:20:37,170.07,+0.64%,--,0,0,买盘
14:20:40,170.02,+0.61%,-0.05,6,102012,卖盘
14:20:43,170.07,+0.64%,+0.05,5,98981,买盘
14:20:52,170.07,+0.64%,--,2,34014,卖盘
14:20:55,170.01,+0.60%,-0.06,23,393743,卖盘
14:20:58,170.08,+0.65%,+0.07,2,34016,买盘
14:21:10,170.02,+0.61%,-0.06,2,34004,卖盘
14:21:13,170.02,+0.61%,--,0,0,中性盘
14:21:16,170.01,+0.60%,-0.01,7,119687,卖盘
14:21:19,170.02,+0.61%,+0.01,14,252820,买盘
14:21:19,170.02,+0.61%,--,14,252820,中性盘
14:21:19,170.02,+0.61%,--,14,252820,买盘
14:21:22,170.01,+0.60%,-0.01,14,247365,卖盘
14:21:25,170.01,+0.60%,--,10,170010,卖盘
14:21:28,170.01,+0.60%,--,21,363311,卖盘
14:21:31,170.02,+0.61%,+0.01,10,170020,买盘
14:21:37,170.02,+0.61%,--,0,0,买盘
14:21:40,170.0,+0.60%,-0.02,4,78030,卖盘
14:21:46,170.0,+0.60%,--,4,77690,卖盘
14:21:49,170.0,+0.60%,--,5,85000,卖盘
14:21:52,170.02,+0.61%,+0.02,8,150638,买盘
14:21:55,170.02,+0.61%,--,6,114934,卖盘
14:22:01,170.02,+0.61%,--,6,103712,卖盘
14:22:31,170.02,+0.61%,--,5,90111,卖盘
14:22:37,170.02,+0.61%,--,0,0,卖盘
14:22:40,170.02,+0.61%,--,4,84160,卖盘
14:22:43,170.02,+0.61%,--,2,34004,卖盘
14:22:46,170.06,+0.63%,+0.04,10,185025,买盘
14:22:49,170.06,+0.63%,--,2,34012,买盘
14:22:55,170.06,+0.63%,--,4,77717,买盘
14:23:04,170.06,+0.63%,--,6,102036,卖盘
14:23:07,170.06,+0.63%,--,2,34012,卖盘
14:23:13,170.07,+0.64%,+0.01,5,85035,买盘
14:23:16,170.06,+0.63%,-0.01,2,46767,卖盘
14:23:19,170.07,+0.64%,+0.01,3,59014,买盘
14:23:25,170.04,+0.62%,-0.03,2,40470,卖盘
14:23:34,170.09,+0.65%,+0.05,2,34018,买盘
14:23:37,170.07,+0.64%,-0.02,3,65817,卖盘
14:23:40,170.07,+0.64%,--,9,165138,卖盘
14:23:46,170.12,+0.67%,+0.05,3,65326,买盘
14:24:10,170.12,+0.67%,--,3,64475,买盘
14:24:19,170.12,+0.67%,--,0,0,卖盘
14:24:25,170.07,+0.64%,-0.05,5,85035,卖盘
14:24:28,170.14,+0.68%,+0.07,4,68226,买盘
14:24:31,170.15,+0.69%,+0.01,2,34030,买盘
14:24:34,170.07,+0.64%,-0.08,3,61565,卖盘
14:24:37,170.18,+0.70%,+0.11,6,102108,买盘
14:24:43,170.19,+0.71%,+0.01,12,204228,买盘
14:24:46,170.19,+0.71%,--,4,68076,买盘
14:24:49,170.22,+0.73%,+0.03,37,642410,买盘
14:24:58,170.22,+0.73%,--,20,356781,买盘
14:25:01,170.28,+0.76%,+0.06,2,34056,买盘
14:25:07,170.3,+0.78%,+0.02,60,1029804,买盘
14:25:10,170.29,+0.77%,-0.01,12,204348,卖盘
14:25:13,170.29,+0.77%,--,0,0,卖盘
14:25:19,170.42,+0.85%,+0.13,3,61692,买盘
14:25:22,170.46,+0.87%,+0.04,2,34092,买盘
14:25:28,170.46,+0.87%,--,5,85230,买盘
14:25:31,170.47,+0.88%,+0.01,2,34094,中性盘
14:25:34,170.47,+0.88%,--,0,0,中性盘
14:25:37,170.49,+0.89%,+0.02,4,68196,卖盘
14:25:37,170.49,+0.89%,--,4,68196,中性盘
14:25:37,170.49,+0.89%,--,4,68196,买盘
14:25:40,170.59,+0.95%,+0.1,12,208973,买盘
14:25:49,170.58,+0.94%,-0.01,4,77273,买盘
14:25:55,170.47,+0.88%,-0.11,4,68188,卖盘
14:25:58,170.47,+0.88%,--,10,182573,买盘
14:26:01,170.44,+0.86%,-0.03,2,37838,卖盘
14:26:04,170.44,+0.86%,--,0,13294,卖盘
14:26:07,170.45,+0.86%,+0.01,3,54885,买盘
14:26:13,170.45,+0.86%,--,3,51135,卖盘
14:26:16,170.45,+0.86%,--,3,59658,卖盘
14:26:19,170.48,+0.88%,+0.03,2,34096,买盘
14:26:22,170.52,+0.91%,+0.04,2,34104,买盘
14:26:25,170.52,+0.91%,--,0,0,买盘
14:26:28,170.52,+0.91%,--,6,106234,买盘
14:26:31,170.58,+0.94%,+0.06,3,51174,买盘
14:26:37,170.58,+0.94%,--,4,78979,买盘
14:26:46,170.58,+0.94%,--,4,68232,买盘
14:26:49,170.58,+0.94%,--,3,62432,买盘
14:26:52,170.6,+0.95%,+0.02,4,68240,买盘
14:26:55,170.61,+0.96%,+0.01,7,129152,买盘
14:26:58,170.57,+0.93%,-0.04,3,51171,卖盘
14:27:01,170.48,+0.88%,-0.09,3,56940,卖盘
14:27:04,170.65,+0.98%,+0.17,43,743863,买盘
14:27:07,170.65,+0.98%,--,5,90274,买盘
14:27:10,170.8,+1.07%,+0.15,5,88987,买盘
14:27:13,170.79,+1.07%,-0.01,2,34158,买盘
14:27:16,170.8,+1.07%,+0.01,2,34160,买盘
14:27:19,170.8,+1.07%,--,4,80618,买盘
14:27:28,170.8,+1.07%,--,14,250222,买盘
14:27:31,170.8,+1.07%,--,3,55852,卖盘
14:27:34,170.8,+1.07%,--,11,188051,卖盘
14:27:37,170.77,+1.05%,-0.03,2,36886,中性盘
14:27:40,170.67,+0.99%,-0.1,5,85676,卖盘
14:27:43,170.66,+0.99%,-0.01,6,111100,卖盘
14:27:49,170.75,+1.04%,+0.09,4,69325,买盘
14:27:52,170.58,+0.94%,-0.17,2,34116,卖盘
14:27:58,170.58,+0.94%,--,5,85461,买盘
14:28:04,170.58,+0.94%,--,2,34116,买盘
14:28:07,170.57,+0.93%,-0.01,2,34114,卖盘
14:28:13,170.57,+0.93%,--,2,49295,卖盘
14:28:16,170.58,+0.94%,+0.01,0,4606,买盘
14:28:19,170.62,+0.96%,+0.04,4,68248,买盘
14:28:22,170.62,+0.96%,--,2,34124,买盘
14:28:25,170.57,+0.93%,-0.05,4,77098,卖盘
14:28:28,170.57,+0.93%,--,3,59358,买盘
14:28:31,170.63,+0.97%,+0.06,3,64669,买盘
14:28:40,170.63,+0.97%,--,2,38221,买盘
14:28:43,170.64,+0.98%,+0.01,4,68939,买盘
14:28:46,170.62,+0.96%,-0.02,7,130695,卖盘
14:28:52,170.63,+0.97%,+0.01,21,372997,买盘
14:28:55,170.63,+0.97%,--,4,68252,卖盘
14:28:58,170.63,+0.97%,--,2,39074,卖盘
14:29:01,170.55,+0.92%,-0.08,12,216087,卖盘
14:29:04,170.63,+0.97%,+0.08,9,166364,买盘
14:29:13,170.63,+0.97%,--,4,68252,买盘
14:29:19,170.55,+0.92%,-0.08,4,68220,卖盘
14:29:22,170.55,+0.92%,--,0,0,卖盘
14:29:34,170.59,+0.95%,+0.04,5,90413,卖盘
14:29:37,170.62,+0.96%,+0.03,8,137349,中性盘
14:29:40,170.62,+0.96%,--,3,61082,买盘
14:29:43,170.66,+0.99%,+0.04,2,37887,买盘
14:29:46,170.66,+0.99%,--,0,0,买盘
14:29:52,170.66,+0.99%,--,8,144208,买盘
14:29:55,170.63,+0.97%,-0.03,9,157491,卖盘
14:29:55,170.63,+0.97%,--,9,157491,中性盘
14:29:55,170.63,+0.97%,--,9,157491,卖盘
14:29:58,170.67,+0.99%,+0.04,5,90626,买盘
14:30:01,170.63,+0.97%,-0.04,10,182574,卖盘
14:30:04,170.45,+0.86%,-0.18,10,180677,卖盘
14:30:07,170.61,+0.96%,+0.16,6,114309,中性盘
14:30:10,170.6,+0.95%,-0.01,12,212738,中性盘
14:30:13,170.45,+0.86%,-0.15,7,130224,卖盘
14:30:16,170.29,+0.77%,-0.16,4,68116,卖盘
14:30:19,170.4,+0.83%,+0.11,15,255600,买盘
14:30:22,170.39,+0.83%,-0.01,4,73097,买盘
14:30:25,170.25,+0.75%,-0.14,5,93297,卖盘
14:30:28,170.25,+0.75%,--,9,155949,卖盘
14:30:31,170.32,+0.79%,+0.07,4,80391,买盘
14:30:34,170.33,+0.79%,+0.01,4,73583,买盘
14:30:40,170.37,+0.82%,+0.04,6,117726,买盘
14:30:43,170.37,+0.82%,--,3,54348,买盘
14:30:46,170.33,+0.79%,-0.04,2,36110,卖盘
14:30:49,170.33,+0.79%,--,5,97429,卖盘
14:30:52,170.33,+0.79%,--,1,17033,卖盘
14:30:55,170.37,+0.82%,+0.04,8,137659,买盘
14:30:58,170.33,+0.79%,-0.04,2,34066,卖盘
14:31:01,170.35,+0.80%,+0.02,2,34070,中性盘
14:31:04,170.35,+0.80%,--,6,102210,卖盘
14:31:07,170.25,+0.75%,-0.1,83,1420907,卖盘
14:31:10,170.25,+0.75%,--,29,502067,卖盘
14:31:13,170.33,+0.79%,+0.08,15,264012,买盘
14:31:19,170.33,+0.79%,--,0,0,卖盘
14:31:22,170.36,+0.81%,+0.03,2,34072,卖盘
14:31:25,170.36,+0.81%,--,7,131859,卖盘
14:31:28,170.33,+0.79%,-0.03,2,34066,买盘
14:31:31,170.33,+0.79%,--,3,60808,买盘
14:31:40,170.37,+0.82%,+0.04,14,247718,买盘
14:31:52,170.37,+0.82%,--,4,81437,买盘
14:31:55,170.33,+0.79%,-0.04,9,155511,卖盘
14:31:58,170.3,+0.78%,-0.03,13,230075,卖盘
14:32:01,170.23,+0.73%,-0.07,32,561078,卖盘
14:32:04,170.33,+0.79%,+0.1,2,37813,买盘
14:32:07,170.22,+0.73%,-0.11,8,143666,卖盘
14:32:10,170.37,+0.82%,+0.15,11,193200,买盘
14:32:13,170.36,+0.81%,-0.01,5,99150,买盘
14:32:19,170.36,+0.81%,--,2,38161,买盘
14:32:22,170.37,+0.82%,+0.01,7,131866,买盘
14:32:25,170.37,+0.82%,--,0,0,买盘
14:32:28,170.32,+0.79%,-0.05,2,34405,买盘
14:32:31,170.32,+0.79%,--,32,545024,买盘
14:32:40,170.32,+0.79%,--,7,122119,买盘
14:32:43,170.32,+0.79%,--,12,213411,买盘
14:32:46,170.32,+0.79%,--,0,0,买盘
14:32:49,170.3,+0.78%,-0.02,4,68972,买盘
14:32:52,170.3,+0.78%,--,1,19414,买盘
14:32:55,170.3,+0.78%,--,15,256302,卖盘
14:32:58,170.35,+0.80%,+0.05,2,37818,买盘
14:33:01,170.35,+0.80%,--,1,30322,买盘
14:33:04,170.37,+0.82%,+0.02,14,238518,买盘
14:33:10,170.38,+0.82%,+0.01,10,182136,买盘
14:33:16,170.37,+0.82%,-0.01,3,64741,卖盘
14:33:19,170.29,+0.77%,-0.08,17,302435,卖盘
14:33:22,170.38,+0.82%,+0.09,6,114666,买盘
14:33:25,170.38,+0.82%,--,3,51114,买盘
14:33:28,170.37,+0.82%,-0.01,5,85185,卖盘
14:33:31,170.37,+0.82%,--,9,159977,卖盘
14:33:34,170.38,+0.82%,+0.01,3,53840,买盘
14:33:40,170.43,+0.85%,+0.05,12,209288,买盘
14:33:43,170.43,+0.85%,--,6,115552,买盘
14:33:46,170.4,+0.83%,-0.03,9,160346,卖盘
14:33:49,170.44,+0.86%,+0.04,2,34088,中性盘
14:33:52,170.45,+0.86%,+0.01,6,102270,买盘
14:34:01,170.45,+0.86%,--,3,66476,买盘
14:34:07,170.45,+0.86%,--,0,0,卖盘
14:34:10,170.45,+0.86%,--,0,0,中性盘
14:34:16,170.45,+0.86%,--,2,34090,买盘
14:34:19,170.4,+0.83%,-0.05,14,238560,卖盘
14:34:22,170.45,+0.86%,+0.05,3,51135,买盘
14:34:28,170.45,+0.86%,--,0,0,买盘
14:34:31,170.4,+0.83%,-0.05,9,153360,卖盘
14:34:34,170.35,+0.80%,-0.05,8,145990,卖盘
14:34:40,170.35,+0.80%,--,0,0,卖盘
14:34:46,170.44,+0.86%,+0.09,35,600460,买盘
14:34:49,170.44,+0.86%,--,2,41587,卖盘
14:34:58,170.35,+0.80%,-0.09,1,24360,卖盘
14:35:01,170.3,+0.78%,-0.05,7,126874,卖盘
14:35:16,170.44,+0.86%,+0.14,24,423032,买盘
14:35:19,170.44,+0.86%,--,69,1177059,卖盘
14:35:22,170.44,+0.86%,--,0,0,买盘
14:35:31,170.4,+0.83%,-0.04,2,34080,中性盘
14:35:34,170.32,+0.79%,-0.08,2,35597,卖盘
14:35:40,170.44,+0.86%,+0.12,20,352640,买盘
14:35:43,170.44,+0.86%,--,13,233503,卖盘
14:35:49,170.45,+0.86%,+0.01,9,162098,买盘
14:35:52,170.45,+0.86%,--,3,51135,买盘
14:35:55,170.45,+0.86%,--,4,69373,买盘
14:35:58,170.44,+0.86%,-0.01,6,113343,卖盘
14:36:01,170.44,+0.86%,--,9,164815,卖盘
14:36:04,170.44,+0.86%,--,0,0,卖盘
14:36:07,170.44,+0.86%,--,2,34088,卖盘
14:36:10,170.45,+0.86%,+0.01,6,108236,买盘
14:36:13,170.45,+0.86%,--,6,104997,卖盘
14:36:16,170.46,+0.87%,+0.01,15,267281,买盘
14:36:19,170.47,+0.88%,+0.01,2,34094,买盘
14:36:22,170.46,+0.87%,-0.01,0,3750,卖盘
14:36:25,170.48,+0.88%,+0.02,2,34096,买盘
14:36:31,170.49,+0.89%,+0.01,2,34098,买盘
14:36:37,170.5,+0.89%,+0.01,7,127875,买盘
14:36:40,170.5,+0.89%,--,9,164533,买盘
14:36:46,170.55,+0.92%,+0.05,7,128083,买盘
14:36:55,170.55,+0.92%,--,3,52529,买盘
14:37:04,170.6,+0.95%,+0.05,27,473415,买盘
14:37:13,170.64,+0.98%,+0.04,7,127980,买盘
14:37:16,170.64,+0.98%,--,5,98630,买盘
14:37:19,170.64,+0.98%,--,0,0,卖盘
14:37:22,170.67,+0.99%,+0.03,5,85335,买盘
14:37:25,170.64,+0.98%,-0.03,4,79348,卖盘
14:37:28,170.7,+1.01%,+0.06,10,184356,买盘
14:37:31,170.7,+1.01%,--,43,737424,买盘
14:37:40,170.71,+1.02%,+0.01,3,61285,买盘
14:37:49,170.74,+1.04%,+0.03,7,128055,买盘
14:37:52,170.73,+1.03%,-0.01,7,119511,买盘
14:37:55,170.74,+1.04%,+0.01,13,229475,买盘
14:37:58,170.73,+1.03%,-0.01,5,85365,中性盘
14:38:01,170.74,+1.04%,+0.01,3,55320,买盘
14:38:04,170.74,+1.04%,--,9,153666,卖盘
14:38:07,170.77,+1.05%,+0.03,3,63185,买盘
14:38:10,170.79,+1.07%,+0.02,4,68316,买盘
14:38:13,170.79,+1.07%,--,11,198629,买盘
14:38:16,170.78,+1.06%,-0.01,12,213475,卖盘
14:38:19,170.79,+1.07%,+0.01,10,180525,买盘
14:38:22,170.79,+1.07%,--,1,17079,卖盘
14:38:25,170.83,+1.09%,+0.04,22,382830,买盘
14:38:28,170.83,+1.09%,--,0,0,买盘
14:38:31,170.83,+1.09%,--,2,39803,中性盘
14:38:31,170.83,+1.09%,--,2,39803,买盘
14:38:34,170.79,+1.07%,-0.04,14,241668,卖盘
14:38:37,170.87,+1.11%,+0.08,2,34174,中性盘
14:38:40,170.87,+1.11%,--,2,34174,买盘
14:38:43,170.87,+1.11%,--,24,418461,买盘
14:38:46,170.79,+1.07%,-0.08,10,170790,卖盘
14:38:52,170.87,+1.11%,+0.08,4,77062,买盘
14:38:55,170.77,+1.05%,-0.1,5,101779,卖盘
14:38:58,170.77,+1.05%,--,0,0,卖盘
14:39:01,170.77,+1.05%,--,10,172307,卖盘
14:39:04,170.77,+1.05%,--,2,34154,买盘
14:39:10,170.75,+1.04%,-0.02,14,241099,卖盘
14:39:13,170.74,+1.04%,-0.01,2,45758,卖盘
14:39:19,170.74,+1.04%,--,7,130787,卖盘
14:39:25,170.74,+1.04%,--,18,321162,买盘
14:39:28,170.71,+1.02%,-0.03,8,138787,卖盘
14:39:37,170.7,+1.01%,-0.01,23,397731,卖盘
14:39:46,170.79,+1.07%,+0.09,19,326721,买盘
14:39:49,170.79,+1.07%,--,0,6319,卖盘
14:39:52,170.71,+1.02%,-0.08,2,40458,买盘
14:39:55,170.71,+1.02%,--,5,99183,买盘
14:39:58,170.79,+1.07%,+0.08,10,170790,买盘
14:40:04,170.79,+1.07%,--,3,63534,买盘
14:40:10,170.8,+1.07%,+0.01,12,213158,买盘
14:40:13,170.79,+1.07%,-0.01,17,294954,卖盘
14:40:16,170.8,+1.07%,+0.01,9,154745,买盘
14:40:22,170.78,+1.06%,-0.02,7,128085,买盘
14:40:25,170.7,+1.01%,-0.08,13,224129,卖盘
14:40:28,170.7,+1.01%,--,0,0,卖盘
14:40:31,170.78,+1.06%,+0.08,7,127914,买盘
14:40:34,170.78,+1.06%,--,14,241312,买盘
14:40:37,170.8,+1.07%,+0.02,5,85400,买盘
14:40:40,170.8,+1.07%,--,7,128100,买盘
14:40:46,170.79,+1.07%,-0.01,6,102474,买盘
14:40:49,170.78,+1.06%,-0.01,10,170780,卖盘
14:40:55,170.78,+1.06%,--,19,326531,卖盘
14:40:58,170.77,+1.05%,-0.01,11,196386,中性盘
14:41:01,170.79,+1.07%,+0.02,18,307422,买盘
14:41:04,170.76,+1.05%,-0.03,2,37226,卖盘
14:41:07,170.79,+1.07%,+0.03,2,35866,买盘
14:41:16,170.87,+1.11%,+0.08,7,127982,买盘
14:41:19,170.79,+1.07%,-0.08,3,51237,卖盘
14:41:22,170.79,+1.07%,--,0,0,卖盘
14:41:25,170.87,+1.11%,+0.08,11,202994,买盘
14:41:34,170.8,+1.07%,-0.07,7,128100,买盘
14:41:43,170.8,+1.07%,--,7,127929,买盘
14:41:52,170.8,+1.07%,--,28,478582,买盘
14:41:55,170.8,+1.07%,--,5,101455,买盘
14:42:01,170.92,+1.14%,+0.12,4,68368,买盘
14:42:04,170.92,+1.14%,--,3,54353,卖盘
14:42:10,170.95,+1.16%,+0.03,16,288051,买盘
14:42:19,170.95,+1.16%,--,13,228560,卖盘
14:42:25,170.96,+1.17%,+0.01,12,205494,买盘
14:42:28,170.95,+1.16%,-0.01,11,190096,卖盘
14:42:31,170.96,+1.17%,+0.01,4,68384,买盘
14:42:34,170.95,+1.16%,-0.01,2,34190,买盘
14:42:37,170.95,+1.16%,--,7,127871,买盘
14:42:40,170.94,+1.15%,-0.01,4,84957,买盘
14:42:46,170.95,+1.16%,+0.01,9,162232,卖盘
14:42:49,170.95,+1.16%,--,4,71457,卖盘
14:42:49,170.95,+1.16%,--,4,71457,中性盘
14:42:49,170.95,+1.16%,--,4,71457,买盘
14:42:52,170.95,+1.16%,--,3,51285,买盘
14:42:58,170.9,+1.13%,-0.05,2,34180,卖盘
14:43:01,170.95,+1.16%,+0.05,4,81030,买盘
14:43:04,170.95,+1.16%,--,7,128042,买盘
14:43:13,170.94,+1.15%,-0.01,7,127863,买盘
14:43:16,171.0,+1.19%,+0.06,99,1704357,买盘
14:43:19,170.9,+1.13%,-0.1,10,186623,卖盘
14:43:22,170.99,+1.18%,+0.09,9,162270,买盘
14:43:25,170.9,+1.13%,-0.09,5,85450,卖盘
14:43:28,170.99,+1.18%,+0.09,5,92506,买盘
14:43:31,170.99,+1.18%,--,7,128072,买盘
14:43:34,170.93,+1.15%,-0.06,2,47689,卖盘
14:43:37,170.98,+1.18%,+0.05,2,34196,买盘
14:43:40,170.93,+1.15%,-0.05,16,274685,卖盘
14:43:43,170.92,+1.14%,-0.01,2,34184,卖盘
14:43:46,170.93,+1.15%,+0.01,13,237422,买盘
14:43:49,170.93,+1.15%,--,8,147684,买盘
14:43:55,171.0,+1.19%,+0.07,32,547200,买盘
14:43:58,171.0,+1.19%,--,84,1442385,买盘
14:44:01,171.0,+1.19%,--,9,153900,卖盘
14:44:07,171.02,+1.20%,+0.02,14,243361,买盘
14:44:16,171.02,+1.20%,--,7,127923,买盘
14:44:19,171.02,+1.20%,--,0,16247,买盘
14:44:25,171.08,+1.24%,+0.06,2,34216,买盘
14:44:34,171.1,+1.25%,+0.02,7,119770,买盘
14:44:37,171.17,+1.29%,+0.07,2,34234,买盘
14:44:43,171.17,+1.29%,--,28,487835,买盘
14:44:46,171.18,+1.30%,+0.01,14,256428,买盘
14:44:49,171.18,+1.30%,--,8,136944,买盘
14:44:52,171.18,+1.30%,--,9,165018,买盘
14:44:55,171.17,+1.29%,-0.01,2,34234,买盘
14:45:01,171.17,+1.29%,--,16,282088,买盘
14:45:04,171.1,+1.25%,-0.07,13,232867,卖盘
14:45:07,171.03,+1.21%,-0.07,4,68412,卖盘
14:45:10,171.1,+1.25%,+0.07,6,102660,买盘
14:45:13,171.0,+1.19%,-0.1,15,257868,卖盘
14:45:16,171.0,+1.19%,--,0,6840,买盘
14:45:22,171.0,+1.19%,--,25,444087,卖盘
14:45:28,171.11,+1.25%,+0.11,12,213545,中性盘
14:45:31,171.0,+1.19%,-0.11,43,740430,卖盘
14:45:34,171.11,+1.25%,+0.11,12,208412,买盘
14:45:37,171.0,+1.19%,-0.11,16,281808,卖盘
14:45:43,171.0,+1.19%,--,7,119700,卖盘
14:45:46,171.01,+1.20%,+0.01,14,241637,买盘
14:45:49,171.11,+1.25%,+0.1,51,880703,买盘
14:45:52,171.0,+1.19%,-0.11,7,119871,卖盘
14:45:58,171.0,+1.19%,--,10,182628,卖盘
14:46:04,171.01,+1.20%,+0.01,15,264723,卖盘
14:46:07,170.99,+1.18%,-0.02,12,218696,卖盘
14:46:10,170.99,+1.18%,--,77,1325173,卖盘
14:46:13,170.99,+1.18%,--,11,204675,买盘
14:46:16,171.0,+1.19%,+0.01,25,427671,买盘
14:46:19,171.0,+1.19%,--,7,129960,卖盘
14:46:22,171.0,+1.19%,--,27,477090,卖盘
14:46:25,171.01,+1.20%,+0.01,11,198372,买盘
14:46:28,171.01,+1.20%,--,0,0,买盘
14:46:31,171.01,+1.20%,--,5,88070,买盘
14:46:34,171.01,+1.20%,--,5,95766,卖盘
14:46:37,171.01,+1.20%,--,0,0,卖盘
14:46:40,171.01,+1.20%,--,16,281824,卖盘
14:46:43,171.01,+1.20%,--,3,67378,卖盘
14:46:49,171.01,+1.20%,--,7,128086,买盘
14:46:52,171.01,+1.20%,--,2,34202,买盘
14:46:55,171.1,+1.25%,+0.09,6,102660,买盘
14:46:58,171.01,+1.20%,-0.09,21,359121,卖盘
14:47:01,171.0,+1.19%,-0.01,2,35739,卖盘
14:47:04,171.0,+1.19%,--,15,258723,卖盘
14:47:07,171.0,+1.19%,--,0,0,中性盘
14:47:10,171.01,+1.20%,+0.01,8,136808,买盘
14:47:13,171.01,+1.20%,--,3,55578,卖盘
14:47:16,171.0,+1.19%,-0.01,7,128079,买盘
14:47:19,171.0,+1.19%,--,2,36081,买盘
14:47:22,171.0,+1.19%,--,7,127908,买盘
14:47:25,171.07,+1.23%,+0.07,21,359418,买盘
14:47:28,171.06,+1.22%,-0.01,6,109821,买盘
14:47:31,171.06,+1.22%,--,7,127953,买盘
14:47:34,171.0,+1.19%,-0.06,6,102600,卖盘
14:47:37,171.07,+1.23%,+0.07,8,150199,买盘
14:47:40,171.07,+1.23%,--,11,203231,买盘
14:47:43,171.1,+1.25%,+0.03,11,202925,买盘
14:47:46,171.11,+1.25%,+0.01,11,188221,买盘
14:47:49,171.1,+1.25%,-0.01,17,293437,中性盘
14:47:52,171.1,+1.25%,--,10,175549,买盘
14:47:55,171.1,+1.25%,--,2,35247,买盘
14:48:01,171.11,+1.25%,+0.01,9,156223,买盘
14:48:04,171.11,+1.25%,--,13,233052,卖盘
14:48:07,171.12,+1.26%,+0.01,15,257193,买盘
14:48:10,171.12,+1.26%,--,12,213558,买盘
14:48:13,171.12,+1.26%,--,2,34224,买盘
14:48:16,171.12,+1.26%,--,19,330433,买盘
14:48:19,171.18,+1.30%,+0.06,46,794275,买盘
14:48:22,171.18,+1.30%,--,15,262590,买盘
14:48:25,171.18,+1.30%,--,12,215002,买盘
14:48:28,171.18,+1.30%,--,14,246842,买盘
14:48:31,171.18,+1.30%,--,6,118114,买盘
14:48:34,171.18,+1.30%,--,5,93635,卖盘
14:48:37,171.2,+1.31%,+0.02,7,128058,买盘
14:48:40,171.07,+1.23%,-0.13,24,418779,卖盘
14:48:43,171.19,+1.30%,+0.12,11,197553,买盘
14:48:46,171.03,+1.21%,-0.16,10,179068,卖盘
14:48:49,171.18,+1.30%,+0.15,19,329864,买盘
14:48:52,171.17,+1.29%,-0.01,14,248025,买盘
14:48:55,171.17,+1.29%,--,12,205404,买盘
14:48:58,171.17,+1.29%,--,6,108179,卖盘
14:49:01,171.04,+1.21%,-0.13,16,288887,卖盘
14:49:04,171.04,+1.21%,--,3,59351,买盘
14:49:07,171.03,+1.21%,-0.01,19,333166,卖盘
14:49:10,171.2,+1.31%,+0.17,12,211432,买盘
14:49:13,171.2,+1.31%,--,38,652443,买盘
14:49:16,171.2,+1.31%,--,17,291725,买盘
14:49:19,171.19,+1.30%,-0.01,4,71215,买盘
14:49:22,171.19,+1.30%,--,7,128050,买盘
14:49:25,171.19,+1.30%,--,9,162631,买盘
14:49:28,171.2,+1.31%,+0.01,4,78581,买盘
14:49:31,171.19,+1.30%,-0.01,11,188309,买盘
14:49:34,171.19,+1.30%,--,11,200292,卖盘
14:49:37,171.21,+1.31%,+0.02,91,1570509,买盘
14:49:40,171.22,+1.32%,+0.01,33,566738,买盘
14:49:43,171.22,+1.32%,--,6,119340,卖盘
14:49:46,171.24,+1.33%,+0.02,13,223126,买盘
14:49:49,171.25,+1.34%,+0.01,2,41956,买盘
14:49:55,171.25,+1.34%,--,4,77405,买盘
14:50:01,171.26,+1.34%,+0.01,5,99331,买盘
14:50:04,171.25,+1.34%,-0.01,12,211665,卖盘
14:50:07,171.25,+1.34%,--,49,854880,卖盘
14:50:10,171.02,+1.20%,-0.23,54,928126,卖盘
14:50:13,171.26,+1.34%,+0.24,39,683156,买盘
14:50:16,171.17,+1.29%,-0.09,27,472258,卖盘
14:50:19,171.01,+1.20%,-0.16,14,254121,中性盘
14:50:22,170.81,+1.08%,-0.2,12,206338,卖盘
14:50:25,171.17,+1.29%,+0.36,38,657806,买盘
14:50:28,171.17,+1.29%,--,21,360142,买盘
14:50:31,171.17,+1.29%,--,11,190170,卖盘
14:50:34,171.17,+1.29%,--,4,69666,卖盘
14:50:37,171.19,+1.30%,+0.02,16,279724,买盘
14:50:40,171.2,+1.31%,+0.01,10,174110,买盘
14:50:43,171.19,+1.30%,-0.01,40,700852,卖盘
14:50:46,171.3,+1.37%,+0.11,56,959451,买盘
14:50:49,170.98,+1.18%,-0.32,46,803264,卖盘
14:50:52,170.9,+1.13%,-0.08,42,722394,卖盘
14:50:55,170.9,+1.13%,--,10,176711,买盘
14:50:58,170.9,+1.13%,--,6,118605,买盘
14:51:01,170.9,+1.13%,--,2,34180,买盘
14:51:04,170.9,+1.13%,--,7,119630,中性盘
14:51:07,170.9,+1.13%,--,0,0,卖盘
14:51:10,170.9,+1.13%,--,13,222170,卖盘
14:51:13,171.01,+1.20%,+0.11,42,732436,买盘
14:51:16,170.77,+1.05%,-0.24,32,546635,卖盘
14:51:19,170.76,+1.05%,-0.01,9,168199,卖盘
14:51:22,170.9,+1.13%,+0.14,8,144240,买盘
14:51:25,170.77,+1.05%,-0.13,18,311997,卖盘
14:51:25,170.77,+1.05%,--,18,311997,中性盘
14:51:25,170.77,+1.05%,--,18,311997,卖盘
14:51:28,170.88,+1.12%,+0.11,3,53485,买盘
14:51:34,170.86,+1.11%,-0.02,2,34172,买盘
14:51:37,170.9,+1.13%,+0.04,2,37598,买盘
14:51:40,170.88,+1.12%,-0.02,4,79459,买盘
14:51:43,170.86,+1.11%,-0.02,8,149332,卖盘
14:51:46,170.9,+1.13%,+0.04,4,84766,买盘
14:51:52,170.88,+1.12%,-0.02,8,136704,卖盘
14:51:55,170.88,+1.12%,--,0,0,卖盘
14:51:58,171.0,+1.19%,+0.12,5,85500,买盘
14:52:01,170.7,+1.01%,-0.3,34,580380,卖盘
14:52:04,170.7,+1.01%,--,13,230274,买盘
14:52:07,171.0,+1.19%,+0.3,52,892620,买盘
14:52:10,170.71,+1.02%,-0.29,56,969633,卖盘
14:52:13,171.0,+1.19%,+0.29,4,68400,中性盘
14:52:16,171.0,+1.19%,--,4,68400,卖盘
14:52:19,171.09,+1.24%,+0.09,3,51327,中性盘
14:52:22,171.0,+1.19%,-0.09,3,52497,卖盘
14:52:25,171.0,+1.19%,--,14,239400,卖盘
14:52:28,171.0,+1.19%,--,0,0,卖盘
14:52:34,171.0,+1.19%,--,0,513,卖盘
14:52:37,171.09,+1.24%,+0.09,4,68436,买盘
14:52:40,171.09,+1.24%,--,3,56802,买盘
14:52:43,171.09,+1.24%,--,0,0,买盘
14:52:46,171.09,+1.24%,--,7,131397,买盘
14:52:49,171.08,+1.24%,-0.01,7,119756,卖盘
14:52:52,171.1,+1.25%,+0.02,9,160663,买盘
14:52:55,171.1,+1.25%,--,25,433396,买盘
14:52:58,171.16,+1.28%,+0.06,10,171160,买盘
14:53:01,171.16,+1.28%,--,8,145999,买盘
14:53:04,171.1,+1.25%,-0.06,12,206518,卖盘
14:53:07,171.15,+1.28%,+0.05,38,666629,买盘
14:53:10,171.15,+1.28%,--,2,37824,卖盘
14:53:13,171.18,+1.30%,+0.03,5,100654,买盘
14:53:16,171.2,+1.31%,+0.02,43,750198,买盘
14:53:19,171.13,+1.27%,-0.07,27,466672,买盘
14:53:22,171.22,+1.32%,+0.09,17,292273,买盘
14:53:25,171.29,+1.36%,+0.07,5,100547,买盘
14:53:31,171.29,+1.36%,--,11,192016,买盘
14:53:34,171.27,+1.35%,-0.02,14,239778,中性盘
14:53:37,171.27,+1.35%,--,0,0,买盘
14:53:40,171.16,+1.28%,-0.11,6,106290,卖盘
14:53:43,171.29,+1.36%,+0.13,14,256592,买盘
14:53:46,171.29,+1.36%,--,0,0,买盘
14:53:49,171.29,+1.36%,--,16,276976,买盘
14:53:52,171.29,+1.36%,--,5,87872,买盘
14:53:55,171.29,+1.36%,--,12,218737,卖盘
14:53:58,171.3,+1.37%,+0.01,23,399986,买盘
14:54:01,171.3,+1.37%,--,3,51390,卖盘
14:54:04,171.33,+1.38%,+0.03,12,222044,买盘
14:54:07,171.33,+1.38%,--,13,235750,买盘
14:54:10,171.38,+1.41%,+0.05,29,499915,买盘
14:54:13,171.4,+1.43%,+0.02,13,237218,买盘
14:54:19,171.4,+1.43%,--,4,69246,买盘
14:54:22,171.35,+1.40%,-0.05,15,260623,卖盘
14:54:25,171.38,+1.41%,+0.03,11,190746,买盘
14:54:28,171.35,+1.40%,-0.03,2,37697,中性盘
14:54:31,171.33,+1.38%,-0.02,50,856650,卖盘
14:54:34,171.49,+1.48%,+0.16,17,298564,买盘
14:54:37,171.49,+1.48%,--,18,308682,买盘
14:54:40,171.49,+1.48%,--,5,98778,买盘
14:54:43,171.5,+1.49%,+0.01,8,137886,买盘
14:54:46,171.48,+1.47%,-0.02,11,188628,中性盘
14:54:49,171.5,+1.49%,+0.02,16,281775,买盘
14:54:52,171.4,+1.43%,-0.1,33,566991,卖盘
14:54:55,171.5,+1.49%,+0.1,204,3501516,买盘
14:55:01,171.5,+1.49%,--,13,229467,中性盘
14:55:04,171.61,+1.55%,+0.11,9,170237,买盘
14:55:07,171.61,+1.55%,--,2,34322,买盘
14:55:10,171.66,+1.58%,+0.05,2,34332,买盘
14:55:13,171.66,+1.58%,--,14,248049,买盘
14:55:16,171.6,+1.54%,-0.06,4,68640,卖盘
14:55:19,171.6,+1.54%,--,0,0,卖盘
14:55:22,171.63,+1.56%,+0.03,4,75860,中性盘
14:55:25,171.57,+1.53%,-0.06,28,496352,卖盘
14:55:28,171.49,+1.48%,-0.08,14,241801,卖盘
14:55:31,171.49,+1.48%,--,6,102894,买盘
14:55:34,171.57,+1.53%,+0.08,9,169340,买盘
14:55:40,171.61,+1.55%,+0.04,26,448417,买盘
14:55:43,171.68,+1.59%,+0.07,5,99746,买盘
14:55:43,171.68,+1.59%,--,5,99746,中性盘
14:55:43,171.68,+1.59%,--,5,99746,买盘
14:55:46,171.6,+1.54%,-0.08,18,320549,卖盘
14:55:49,171.68,+1.59%,+0.08,8,149018,买盘
14:55:52,171.6,+1.54%,-0.08,4,76705,买盘
14:55:55,171.7,+1.60%,+0.1,9,158651,买盘
14:55:58,171.6,+1.54%,-0.1,4,74131,卖盘
14:56:01,171.67,+1.59%,+0.07,2,35879,中性盘
14:56:04,171.67,+1.59%,--,44,763416,买盘
14:56:07,171.7,+1.60%,+0.03,4,68680,买盘
14:56:10,171.7,+1.60%,--,1,33997,买盘
14:56:13,171.74,+1.63%,+0.04,10,179984,买盘
14:56:16,171.62,+1.56%,-0.12,13,236836,卖盘
14:56:19,171.67,+1.59%,+0.05,27,465226,买盘
14:56:22,171.68,+1.59%,+0.01,29,501306,买盘
14:56:25,171.7,+1.60%,+0.02,100,1724555,买盘
14:56:28,171.72,+1.62%,+0.02,9,164336,买盘
14:56:31,171.7,+1.60%,-0.02,8,152985,卖盘
14:56:34,171.75,+1.63%,+0.05,27,475404,买盘
14:56:37,171.74,+1.63%,-0.01,13,224636,买盘
14:56:40,171.76,+1.64%,+0.02,15,257640,买盘
14:56:43,171.75,+1.63%,-0.01,2,34350,卖盘
14:56:46,171.76,+1.64%,+0.01,2,39505,买盘
14:56:49,171.74,+1.63%,-0.02,36,634751,卖盘
14:56:52,171.74,+1.63%,--,34,600403,买盘
14:56:58,171.74,+1.63%,--,24,415611,卖盘
14:57:01,171.74,+1.63%,--,3,51522,买盘
14:57:04,171.74,+1.63%,--,0,0,买盘
14:59:55,171.74,+1.63%,--,0,0,卖盘
15:00:01,171.77,+1.65%,+0.03,434,7462548,卖盘
15:00:01,171.77,+1.65%,--,0,0,买盘
