成交时间,成交价,涨跌幅,价格变动,成交量(手),成交额(元),性质
09:21:30,0.0,-100.00%,--,0,0,中性盘
09:24:54,0.0,-100.00%,--,0,0,卖盘
09:25:00,151.79,+0.87%,+151.79,102,1558883,买盘
09:25:00,151.79,+0.87%,--,102,1558883,--
09:25:00,151.79,+0.87%,--,102,1558883,中性盘
09:30:01,151.79,+0.87%,--,9,150424,卖盘
09:30:04,151.79,+0.87%,--,22,339554,卖盘
09:30:07,151.78,+0.86%,-0.01,28,438492,买盘
09:30:10,151.43,+0.63%,-0.35,87,1328950,卖盘
09:30:13,151.11,+0.42%,-0.32,80,1216436,卖盘
09:30:16,151.4,+0.61%,+0.29,99,1502948,买盘
09:30:19,151.4,+0.61%,--,112,1696286,卖盘
09:30:22,151.08,+0.40%,-0.32,76,1155158,卖盘
09:30:25,151.11,+0.42%,+0.03,49,752830,买盘
09:30:28,150.81,+0.22%,-0.3,39,588762,中性盘
09:30:31,150.81,+0.22%,--,29,442024,卖盘
09:30:34,150.81,+0.22%,--,52,798388,卖盘
09:30:37,150.8,+0.21%,-0.01,33,508498,卖盘
09:30:40,150.73,+0.17%,-0.07,30,465906,买盘
09:30:43,150.73,+0.17%,--,12,185096,买盘
09:30:46,150.7,+0.15%,-0.03,9,141357,买盘
09:30:49,150.57,+0.06%,-0.13,12,181889,中性盘
09:30:52,150.48,0.00%,-0.09,31,467240,卖盘
09:30:55,150.22,-0.17%,-0.26,22,340248,卖盘
09:30:58,150.42,-0.04%,+0.2,5,82129,中性盘
09:31:01,150.42,-0.04%,--,21,325208,买盘
09:31:04,150.42,-0.04%,--,15,229691,买盘
09:31:07,150.0,-0.32%,-0.42,72,1080000,卖盘
09:31:10,149.96,-0.35%,-0.04,43,655325,中性盘
09:31:13,149.92,-0.37%,-0.04,18,274054,中性盘
09:31:16,149.69,-0.52%,-0.23,92,1389123,卖盘
09:31:19,149.68,-0.53%,-0.01,47,714423,中性盘
09:31:22,149.87,-0.41%,+0.19,77,1164490,买盘
09:31:25,149.87,-0.41%,--,29,444964,卖盘
09:31:28,150.11,-0.25%,+0.24,41,616802,买盘
09:31:31,150.19,-0.19%,+0.08,35,538281,买盘
09:31:34,150.2,-0.19%,+0.01,149,2251798,买盘
09:31:37,150.11,-0.25%,-0.09,78,1171458,中性盘
09:31:40,150.01,-0.31%,-0.1,166,2496766,卖盘
09:31:43,150.21,-0.18%,+0.2,49,749848,买盘
09:31:46,149.95,-0.35%,-0.26,52,788587,买盘
09:31:49,150.17,-0.21%,+0.22,12,187863,中性盘
09:31:52,149.92,-0.37%,-0.25,16,242720,卖盘
09:31:55,149.98,-0.33%,+0.06,16,245517,卖盘
09:31:58,149.95,-0.35%,-0.03,47,716161,卖盘
09:32:01,150.12,-0.24%,+0.17,27,408777,买盘
09:32:04,150.09,-0.26%,-0.03,29,441865,中性盘
09:32:07,149.95,-0.35%,-0.14,31,465145,卖盘
09:32:10,149.98,-0.33%,+0.03,23,358602,卖盘
09:32:13,150.06,-0.28%,+0.08,18,274160,买盘
09:32:16,150.06,-0.28%,--,9,145558,卖盘
09:32:16,150.06,-0.28%,-0.11,9,145558,中性盘
09:32:19,149.95,-0.35%,-0.11,19,295402,中性盘
09:32:22,149.91,-0.38%,-0.04,47,710573,卖盘
09:32:25,149.86,-0.41%,-0.05,19,290878,中性盘
09:32:28,149.73,-0.50%,-0.13,8,119934,卖盘
09:32:31,149.7,-0.52%,-0.03,68,1023798,卖盘
09:32:34,149.5,-0.65%,-0.2,14,212440,卖盘
09:32:37,149.49,-0.66%,-0.01,34,513797,卖盘
09:32:40,149.3,-0.78%,-0.19,2,29860,卖盘
09:32:43,149.5,-0.65%,+0.2,57,864858,买盘
09:32:46,149.58,-0.60%,+0.08,44,667875,中性盘
09:32:49,149.58,-0.60%,--,30,455471,买盘
09:32:52,149.5,-0.65%,-0.08,10,160563,中性盘
09:32:55,149.52,-0.64%,+0.02,60,901008,中性盘
09:32:58,149.59,-0.59%,+0.07,30,449069,买盘
09:33:01,149.64,-0.56%,+0.05,39,598111,中性盘
09:33:04,149.8,-0.45%,+0.16,78,1172634,买盘
09:33:07,149.81,-0.45%,+0.01,58,880134,买盘
09:33:10,149.64,-0.56%,-0.17,56,840827,卖盘
09:33:13,149.64,-0.56%,--,77,1155520,买盘
09:33:16,149.9,-0.39%,+0.26,19,284960,买盘
09:33:19,149.64,-0.56%,-0.26,11,175228,卖盘
09:33:22,149.81,-0.45%,+0.17,4,72658,中性盘
09:33:25,149.68,-0.53%,-0.13,14,213444,卖盘
09:33:28,149.66,-0.54%,-0.02,19,284953,卖盘
09:33:31,149.53,-0.63%,-0.13,37,557448,卖盘
09:33:34,149.53,-0.63%,--,7,108260,买盘
09:33:37,149.53,-0.63%,--,27,406423,买盘
09:33:40,149.3,-0.78%,-0.23,17,261126,卖盘
09:33:43,149.3,-0.78%,--,29,436404,卖盘
09:33:46,149.3,-0.78%,--,23,343987,卖盘
09:33:49,149.4,-0.72%,+0.1,21,315981,中性盘
09:33:52,149.28,-0.80%,-0.12,4,73296,中性盘
09:33:55,149.37,-0.74%,+0.09,29,447513,中性盘
09:33:58,149.28,-0.80%,-0.09,2,29856,卖盘
09:34:01,149.25,-0.82%,-0.03,18,269546,卖盘
09:34:04,149.1,-0.92%,-0.15,10,149100,卖盘
09:34:07,149.05,-0.95%,-0.05,36,543585,卖盘
09:34:10,149.0,-0.98%,-0.05,77,1151621,卖盘
09:34:13,148.88,-1.06%,-0.12,46,693930,卖盘
09:34:16,148.88,-1.06%,--,36,546687,卖盘
09:34:19,148.85,-1.08%,-0.03,24,371530,买盘
09:34:22,148.87,-1.07%,+0.02,46,692097,买盘
09:34:25,149.0,-0.98%,+0.13,19,295765,买盘
09:34:28,148.87,-1.07%,-0.13,20,311585,卖盘
09:34:31,148.95,-1.02%,+0.08,26,388164,买盘
09:34:34,148.9,-1.05%,-0.05,40,604087,中性盘
09:34:37,148.93,-1.03%,+0.03,4,59870,中性盘
09:34:40,149.04,-0.96%,+0.11,141,2106531,买盘
09:34:43,149.19,-0.86%,+0.15,29,440558,中性盘
09:34:46,149.2,-0.85%,+0.01,35,532644,买盘
09:34:49,148.98,-1.00%,-0.22,11,168943,买盘
09:34:52,148.97,-1.00%,-0.01,13,196193,中性盘
09:34:55,148.97,-1.00%,--,22,341439,卖盘
09:34:58,148.86,-1.08%,-0.11,51,766034,卖盘
09:35:01,148.81,-1.11%,-0.05,25,386013,中性盘
09:35:04,148.93,-1.03%,+0.12,16,239033,买盘
09:35:07,148.72,-1.17%,-0.21,16,251039,中性盘
09:35:10,148.97,-1.00%,+0.25,47,701798,买盘
09:35:13,148.93,-1.03%,-0.04,2,29786,卖盘
09:35:16,148.74,-1.16%,-0.19,24,369173,卖盘
09:35:19,148.8,-1.12%,+0.06,35,531960,中性盘
09:35:22,148.89,-1.06%,+0.09,15,223931,买盘
09:35:25,148.89,-1.06%,--,13,201597,买盘
09:35:28,148.89,-1.06%,--,26,394112,买盘
09:35:34,148.89,-1.06%,--,17,255197,买盘
09:35:37,148.86,-1.08%,-0.03,15,224183,卖盘
09:35:40,148.89,-1.06%,+0.03,25,374756,买盘
09:35:43,148.89,-1.06%,--,0,0,买盘
09:35:46,148.76,-1.14%,-0.13,10,160215,卖盘
09:35:49,148.76,-1.14%,--,19,284429,卖盘
09:35:52,148.76,-1.14%,--,12,182231,卖盘
09:35:55,148.76,-1.14%,--,9,146380,卖盘
09:35:58,148.86,-1.08%,+0.1,11,163895,买盘
09:35:58,148.86,-1.08%,--,11,163895,中性盘
09:35:58,148.86,-1.08%,--,11,163895,买盘
09:36:01,148.74,-1.16%,-0.12,26,389401,卖盘
09:36:04,148.85,-1.08%,+0.11,34,512639,中性盘
09:36:07,148.73,-1.16%,-0.12,40,599977,卖盘
09:36:10,148.73,-1.16%,--,23,345351,买盘
09:36:13,148.73,-1.16%,--,8,122256,买盘
09:36:16,148.73,-1.16%,--,11,174758,买盘
09:36:19,148.73,-1.16%,--,10,157654,买盘
09:36:22,148.86,-1.08%,+0.13,97,1448110,买盘
09:36:25,148.77,-1.14%,-0.09,52,788183,卖盘
09:36:28,149.0,-0.98%,+0.23,43,651726,买盘
09:36:31,149.16,-0.88%,+0.16,24,366337,中性盘
09:36:34,148.93,-1.03%,-0.23,12,191822,中性盘
09:36:37,148.93,-1.03%,--,4,59572,买盘
09:36:40,148.77,-1.14%,-0.16,4,59508,卖盘
09:36:43,148.9,-1.05%,+0.13,15,229306,买盘
09:36:46,148.93,-1.03%,+0.03,20,310817,买盘
09:36:49,148.94,-1.02%,+0.01,31,464544,买盘
09:36:52,148.99,-0.99%,+0.05,34,518038,买盘
09:36:55,149.15,-0.88%,+0.16,6,89490,买盘
09:36:58,149.03,-0.96%,-0.12,2,40536,中性盘
09:37:04,148.99,-0.99%,-0.04,22,338952,卖盘
09:37:07,148.99,-0.99%,--,20,311389,卖盘
09:37:10,149.15,-0.88%,+0.16,18,283087,买盘
09:37:13,149.2,-0.85%,+0.05,14,222756,买盘
09:37:16,149.21,-0.84%,+0.01,17,266041,买盘
09:37:19,149.15,-0.88%,-0.06,10,149150,卖盘
09:37:22,149.17,-0.87%,+0.02,6,89651,卖盘
09:37:25,149.19,-0.86%,+0.02,14,223636,中性盘
09:37:28,149.21,-0.84%,+0.02,6,89526,买盘
09:37:31,149.48,-0.66%,+0.27,17,268765,买盘
09:37:34,149.21,-0.84%,-0.27,8,119368,中性盘
09:37:37,149.43,-0.70%,+0.22,8,128809,买盘
09:37:40,149.2,-0.85%,-0.23,27,416716,卖盘
09:37:43,149.2,-0.85%,--,6,95488,买盘
09:37:46,149.18,-0.86%,-0.02,5,74590,买盘
09:37:49,149.12,-0.90%,-0.06,7,105279,卖盘
09:37:52,149.1,-0.92%,-0.02,13,193830,中性盘
09:37:55,149.0,-0.98%,-0.1,19,293977,卖盘
09:37:58,149.0,-0.98%,--,20,300235,买盘
09:38:01,148.99,-0.99%,-0.01,10,161505,中性盘
09:38:04,148.99,-0.99%,--,0,0,买盘
09:38:07,149.21,-0.84%,+0.22,76,1143844,买盘
09:38:10,149.48,-0.66%,+0.27,33,505541,买盘
09:38:13,149.44,-0.69%,-0.04,14,209216,买盘
09:38:16,149.18,-0.86%,-0.26,2,43710,中性盘
09:38:19,149.0,-0.98%,-0.18,38,573203,卖盘
09:38:25,149.0,-0.98%,--,5,80162,买盘
09:38:28,149.0,-0.98%,--,23,357302,买盘
09:38:31,148.77,-1.14%,-0.23,4,59508,卖盘
09:38:34,148.97,-1.00%,+0.2,11,164016,买盘
09:38:37,148.95,-1.02%,-0.02,4,62857,中性盘
09:38:40,148.97,-1.00%,+0.02,20,309560,买盘
09:38:43,148.94,-1.02%,-0.03,47,710295,卖盘
09:38:46,148.94,-1.02%,--,10,150429,买盘
09:38:49,148.79,-1.12%,-0.15,10,148790,买盘
09:38:52,148.76,-1.14%,-0.03,21,321470,卖盘
09:38:55,148.76,-1.14%,--,5,79587,买盘
09:38:58,148.79,-1.12%,+0.03,34,506481,买盘
09:39:01,148.86,-1.08%,+0.07,178,2662212,买盘
09:39:04,148.9,-1.05%,+0.04,40,609299,中性盘
09:39:07,148.98,-1.00%,+0.08,77,1156234,中性盘
09:39:10,149.44,-0.69%,+0.46,25,381670,买盘
09:39:13,149.44,-0.69%,--,29,436664,买盘
09:39:16,149.64,-0.56%,+0.2,25,387568,买盘
09:39:19,149.4,-0.72%,-0.24,11,171362,卖盘
09:39:22,149.4,-0.72%,--,10,150147,卖盘
09:39:25,149.4,-0.72%,--,22,330323,买盘
09:39:28,149.39,-0.72%,-0.01,2,29878,中性盘
09:39:31,149.39,-0.72%,--,6,99494,买盘
09:39:34,149.32,-0.77%,-0.07,11,174406,卖盘
09:39:37,149.32,-0.77%,--,20,301328,中性盘
09:39:37,149.32,-0.77%,--,20,301328,卖盘
09:39:40,149.37,-0.74%,+0.05,8,119496,买盘
09:39:43,149.37,-0.74%,--,146,2180802,买盘
09:39:46,149.12,-0.90%,-0.25,6,89472,中性盘
09:39:49,149.64,-0.56%,+0.52,50,748200,买盘
09:39:52,149.58,-0.60%,-0.06,22,337153,买盘
09:39:58,149.3,-0.78%,-0.28,8,119440,卖盘
09:40:01,149.31,-0.78%,+0.01,11,169915,买盘
09:40:04,149.3,-0.78%,-0.01,5,75397,卖盘
09:40:07,149.17,-0.87%,-0.13,18,274324,卖盘
09:40:10,149.26,-0.81%,+0.09,21,320461,买盘
09:40:13,149.31,-0.78%,+0.05,27,409707,买盘
09:40:16,149.31,-0.78%,--,19,288318,卖盘
09:40:19,149.31,-0.78%,--,6,104218,卖盘
09:40:22,149.32,-0.77%,+0.01,8,131850,买盘
09:40:25,149.3,-0.78%,-0.02,10,149300,买盘
09:40:28,149.28,-0.80%,-0.02,14,213172,卖盘
09:40:31,149.28,-0.80%,--,3,54338,买盘
09:40:34,149.31,-0.78%,+0.03,9,137515,买盘
09:40:37,149.27,-0.80%,-0.04,52,780682,中性盘
09:40:40,149.19,-0.86%,-0.08,17,257651,卖盘
09:40:43,149.16,-0.88%,-0.03,20,298320,卖盘
09:40:46,149.25,-0.82%,+0.09,10,149250,买盘
09:40:49,149.25,-0.82%,--,4,59700,买盘
09:40:52,149.24,-0.82%,-0.01,6,96558,中性盘
09:40:55,149.16,-0.88%,-0.08,17,255511,卖盘
09:40:58,149.11,-0.91%,-0.05,39,584809,卖盘
09:41:01,149.19,-0.86%,+0.08,10,159932,买盘
09:41:04,149.48,-0.66%,+0.29,13,208824,买盘
09:41:07,149.16,-0.88%,-0.32,17,254019,卖盘
09:41:10,149.26,-0.81%,+0.1,6,98213,中性盘
09:41:13,149.26,-0.81%,--,7,119109,卖盘
09:41:16,149.23,-0.83%,-0.03,11,167138,买盘
09:41:19,149.21,-0.84%,-0.02,2,29842,买盘
09:41:22,149.21,-0.84%,--,4,59684,买盘
09:41:25,149.04,-0.96%,-0.17,5,80333,卖盘
09:41:28,149.2,-0.85%,+0.16,9,135474,买盘
09:41:31,149.04,-0.96%,-0.16,5,81525,卖盘
09:41:34,149.04,-0.96%,--,8,122213,卖盘
09:41:37,149.14,-0.89%,+0.1,8,130945,中性盘
09:41:40,149.03,-0.96%,-0.11,2,29806,卖盘
09:41:43,149.03,-0.96%,--,0,0,卖盘
09:41:46,149.17,-0.87%,+0.14,146,2179075,买盘
09:41:49,149.62,-0.57%,+0.45,29,434646,买盘
09:41:52,149.16,-0.88%,-0.46,12,178992,卖盘
09:41:55,149.53,-0.63%,+0.37,16,240444,买盘
09:41:58,149.69,-0.52%,+0.16,27,404911,买盘
09:42:01,149.72,-0.51%,+0.03,32,488986,买盘
09:42:04,149.95,-0.35%,+0.23,33,495735,买盘
09:42:07,149.63,-0.56%,-0.32,26,398016,卖盘
09:42:10,149.63,-0.56%,--,8,123445,买盘
09:42:13,149.71,-0.51%,+0.08,9,134739,买盘
09:42:16,149.71,-0.51%,--,6,98210,买盘
09:42:19,149.63,-0.56%,-0.08,5,75862,卖盘
09:42:22,149.51,-0.64%,-0.12,5,82081,卖盘
09:42:25,149.51,-0.64%,--,9,146071,卖盘
09:42:28,149.36,-0.74%,-0.15,11,176544,卖盘
09:42:31,149.51,-0.64%,+0.15,5,74755,中性盘
09:42:34,149.58,-0.60%,+0.07,4,70901,中性盘
09:42:40,149.5,-0.65%,-0.08,2,33638,买盘
09:42:43,149.26,-0.81%,-0.24,9,134334,卖盘
09:42:46,149.36,-0.74%,+0.1,12,179531,买盘
09:42:49,149.18,-0.86%,-0.18,4,64147,卖盘
09:42:52,149.18,-0.86%,--,4,65639,买盘
09:42:55,149.16,-0.88%,-0.02,4,64139,买盘
09:42:58,149.18,-0.86%,+0.02,6,101592,买盘
09:43:01,149.15,-0.88%,-0.03,17,258775,卖盘
09:43:04,149.44,-0.69%,+0.29,6,102516,买盘
09:43:07,149.41,-0.71%,-0.03,4,59764,中性盘
09:43:10,149.41,-0.71%,--,0,0,买盘
09:43:13,149.12,-0.90%,-0.29,10,149120,卖盘
09:43:16,149.09,-0.92%,-0.03,9,143126,买盘
09:43:16,149.09,-0.92%,--,9,143126,中性盘
09:43:19,149.09,-0.92%,--,7,104512,买盘
09:43:22,149.09,-0.92%,--,0,0,卖盘
09:43:25,149.06,-0.94%,-0.03,5,80343,卖盘
09:43:28,149.04,-0.96%,-0.02,8,119977,卖盘
09:43:31,149.09,-0.92%,+0.05,18,277158,买盘
09:43:34,149.12,-0.90%,+0.03,47,704443,买盘
09:43:37,149.46,-0.68%,+0.34,40,602473,买盘
09:43:40,149.43,-0.70%,-0.03,18,276296,卖盘
09:43:43,149.39,-0.72%,-0.04,16,246792,中性盘
09:43:46,149.67,-0.54%,+0.28,48,727546,买盘
09:43:49,149.61,-0.58%,-0.06,38,580786,卖盘
09:43:52,149.9,-0.39%,+0.29,37,566922,买盘
09:43:55,149.54,-0.62%,-0.36,45,673229,卖盘
09:43:58,149.63,-0.56%,+0.09,9,139006,中性盘
09:44:01,149.54,-0.62%,-0.09,2,29908,卖盘
09:44:04,149.63,-0.56%,+0.09,67,1015389,买盘
09:44:07,149.63,-0.56%,--,16,253174,买盘
09:44:10,149.57,-0.60%,-0.06,9,142391,买盘
09:44:13,149.84,-0.43%,+0.27,25,381493,买盘
09:44:16,149.81,-0.45%,-0.03,33,508455,卖盘
09:44:19,149.69,-0.52%,-0.12,37,566876,中性盘
09:44:22,149.99,-0.33%,+0.3,22,329978,买盘
09:44:25,150.01,-0.31%,+0.02,15,235366,中性盘
09:44:28,149.99,-0.33%,-0.02,10,149990,买盘
09:44:31,149.99,-0.33%,--,0,0,中性盘
09:44:34,150.02,-0.31%,+0.03,26,397853,卖盘
09:44:37,150.34,-0.09%,+0.32,8,132901,买盘
09:44:40,150.08,-0.27%,-0.26,2,38871,中性盘
09:44:43,150.34,-0.09%,+0.26,2,35180,买盘
09:44:46,150.45,-0.02%,+0.11,6,102607,买盘
09:44:49,150.34,-0.09%,-0.11,24,369536,卖盘
09:44:52,150.34,-0.09%,--,32,491762,卖盘
09:44:55,150.49,+0.01%,+0.15,9,138451,买盘
09:44:58,150.45,-0.02%,-0.04,10,165194,买盘
09:45:01,150.45,-0.02%,--,14,218453,买盘
09:45:04,150.42,-0.04%,-0.03,4,65132,买盘
09:45:07,150.25,-0.15%,-0.17,2,30050,中性盘
09:45:16,150.28,-0.13%,+0.03,97,1463427,中性盘
09:45:19,150.07,-0.27%,-0.21,21,325202,中性盘
09:45:22,150.42,-0.04%,+0.35,35,529930,买盘
09:45:25,150.19,-0.19%,-0.23,18,274547,中性盘
09:45:28,150.19,-0.19%,--,11,167762,卖盘
09:45:31,150.48,0.00%,+0.29,7,110904,中性盘
09:45:34,150.6,+0.08%,+0.12,119,1802381,买盘
09:45:37,150.58,+0.07%,-0.02,24,363952,卖盘
09:45:40,150.86,+0.25%,+0.28,19,287087,买盘
09:45:43,150.89,+0.27%,+0.03,7,106679,买盘
09:45:49,150.72,+0.16%,-0.17,13,198046,中性盘
09:45:52,150.99,+0.34%,+0.27,6,91953,买盘
09:45:55,150.99,+0.34%,--,12,181188,卖盘
09:45:58,151.27,+0.52%,+0.28,39,596306,买盘
09:46:01,151.1,+0.41%,-0.17,13,202474,卖盘
09:46:04,151.28,+0.53%,+0.18,9,148860,买盘
09:46:07,151.43,+0.63%,+0.15,39,600874,买盘
09:46:10,151.68,+0.80%,+0.25,9,138636,买盘
09:46:13,151.44,+0.64%,-0.24,49,744479,中性盘
09:46:16,151.44,+0.64%,--,16,249876,卖盘
09:46:19,151.31,+0.55%,-0.13,20,304738,卖盘
09:46:25,151.45,+0.64%,+0.14,52,802231,买盘
09:46:28,151.43,+0.63%,-0.02,22,341929,卖盘
09:46:31,151.43,+0.63%,--,15,233202,买盘
09:46:34,151.5,+0.68%,+0.07,39,605091,买盘
09:46:37,151.5,+0.68%,--,24,363600,买盘
09:46:40,151.6,+0.74%,+0.1,13,197080,买盘
09:46:43,151.5,+0.68%,-0.1,8,123624,卖盘
09:46:46,151.6,+0.74%,+0.1,12,189197,中性盘
09:46:49,151.58,+0.73%,-0.02,7,113988,卖盘
09:46:52,151.58,+0.73%,--,0,0,买盘
09:46:55,151.58,+0.73%,--,5,75942,买盘
09:46:55,151.58,+0.73%,--,5,75942,中性盘
09:46:58,151.58,+0.73%,--,18,287093,卖盘
09:47:01,151.19,+0.47%,-0.39,54,822927,卖盘
09:47:04,151.47,+0.66%,+0.28,13,196911,买盘
09:47:07,151.47,+0.66%,--,31,481978,买盘
09:47:10,151.3,+0.54%,-0.17,4,60823,中性盘
09:47:13,151.48,+0.66%,+0.18,10,158751,买盘
09:47:16,151.45,+0.64%,-0.03,2,30290,中性盘
09:47:19,151.23,+0.50%,-0.22,2,30246,中性盘
09:47:22,151.42,+0.62%,+0.19,6,93578,买盘
09:47:25,151.45,+0.64%,+0.03,17,261857,买盘
09:47:28,151.4,+0.61%,-0.05,23,350642,卖盘
09:47:31,151.33,+0.56%,-0.07,2,30266,卖盘
09:47:34,151.33,+0.56%,--,14,224271,卖盘
09:47:37,151.3,+0.54%,-0.03,21,329229,卖盘
09:47:40,151.2,+0.48%,-0.1,17,271253,卖盘
09:47:43,151.21,+0.49%,+0.01,4,60484,中性盘
09:47:46,151.23,+0.50%,+0.02,8,126428,买盘
09:47:49,151.39,+0.60%,+0.16,27,412689,买盘
09:47:52,151.25,+0.51%,-0.14,11,171971,卖盘
09:47:55,151.33,+0.56%,+0.08,6,105628,买盘
09:47:58,151.33,+0.56%,--,16,243793,买盘
09:48:01,151.35,+0.58%,+0.02,59,899927,买盘
09:48:04,151.53,+0.70%,+0.18,30,465652,中性盘
09:48:07,151.53,+0.70%,--,1,16971,卖盘
09:48:10,151.42,+0.62%,-0.11,11,170196,卖盘
09:48:13,151.41,+0.62%,-0.01,22,338856,卖盘
09:48:16,151.4,+0.61%,-0.01,15,231945,卖盘
09:48:19,151.41,+0.62%,+0.01,2,43152,买盘
09:48:22,151.33,+0.56%,-0.08,15,237588,卖盘
09:48:25,151.41,+0.62%,+0.08,20,314781,买盘
09:48:28,151.41,+0.62%,--,15,239833,买盘
09:48:31,151.41,+0.62%,--,12,193956,买盘
09:48:34,151.42,+0.62%,+0.01,14,220165,买盘
09:48:37,151.5,+0.68%,+0.08,46,711444,中性盘
09:48:40,151.42,+0.62%,-0.08,5,82372,中性盘
09:48:43,151.42,+0.62%,--,10,153540,买盘
09:48:46,151.4,+0.61%,-0.02,22,338076,卖盘
09:48:49,151.4,+0.61%,--,8,136109,卖盘
09:48:52,151.34,+0.57%,-0.06,25,384706,卖盘
09:48:55,151.34,+0.57%,--,0,0,中性盘
09:48:58,151.34,+0.57%,--,22,337791,中性盘
09:49:01,151.32,+0.56%,-0.02,8,121964,中性盘
09:49:04,151.32,+0.56%,--,13,202769,买盘
09:49:07,151.32,+0.56%,--,0,0,买盘
09:49:10,150.95,+0.31%,-0.37,43,663878,卖盘
09:49:13,151.12,+0.43%,+0.17,16,248895,买盘
09:49:16,151.19,+0.47%,+0.07,6,90714,买盘
09:49:19,151.18,+0.47%,-0.01,2,43086,中性盘
09:49:22,151.19,+0.47%,+0.01,12,181428,买盘
09:49:25,151.1,+0.41%,-0.09,14,212749,卖盘
09:49:28,151.22,+0.49%,+0.12,26,394382,买盘
09:49:31,151.11,+0.42%,-0.11,16,253563,中性盘
09:49:34,151.2,+0.48%,+0.09,14,211680,买盘
09:49:37,151.14,+0.44%,-0.06,4,60456,卖盘
09:49:40,151.14,+0.44%,--,15,239859,买盘
09:49:43,151.19,+0.47%,+0.05,35,529770,买盘
09:49:46,151.16,+0.45%,-0.03,27,413423,卖盘
09:49:49,151.16,+0.45%,--,3,50790,买盘
09:49:55,151.06,+0.39%,-0.08,11,167374,卖盘
09:49:58,151.0,+0.35%,-0.06,15,229218,卖盘
09:50:01,150.98,+0.33%,-0.02,25,383791,中性盘
09:50:04,150.98,+0.33%,--,17,258931,买盘
09:50:07,151.02,+0.36%,+0.04,18,277273,买盘
09:50:10,151.02,+0.36%,--,10,151020,卖盘
09:50:13,151.11,+0.42%,+0.09,2,30222,中性盘
09:50:16,151.1,+0.41%,-0.01,20,304315,中性盘
09:50:19,151.02,+0.36%,-0.08,6,93632,卖盘
09:50:22,151.02,+0.36%,--,6,99824,卖盘
09:50:25,151.02,+0.36%,--,0,6192,买盘
09:50:28,151.05,+0.38%,+0.03,6,90630,卖盘
09:50:31,151.01,+0.35%,-0.04,7,111898,卖盘
09:50:34,151.01,+0.35%,--,13,208998,卖盘
09:50:34,151.01,+0.35%,-0.08,13,208998,中性盘
09:50:37,150.93,+0.30%,-0.08,5,80295,卖盘
09:50:40,150.93,+0.30%,--,3,53278,卖盘
09:50:43,150.93,+0.30%,--,12,190021,买盘
09:50:46,151.04,+0.37%,+0.11,9,138504,买盘
09:50:49,151.05,+0.38%,+0.01,31,476563,买盘
09:50:52,151.04,+0.37%,-0.01,9,141071,买盘
09:50:55,150.94,+0.31%,-0.1,4,61131,卖盘
09:50:58,151.01,+0.35%,+0.07,4,60404,买盘
09:51:01,151.01,+0.35%,--,4,74448,买盘
09:51:04,151.01,+0.35%,--,9,137570,买盘
09:51:07,151.09,+0.41%,+0.08,21,331038,买盘
09:51:10,151.02,+0.36%,-0.07,17,268665,买盘
09:51:13,151.02,+0.36%,--,2,30959,卖盘
09:51:16,151.01,+0.35%,-0.01,13,204166,卖盘
09:51:19,151.13,+0.43%,+0.12,15,229566,买盘
09:51:22,151.15,+0.45%,+0.02,2,30230,买盘
09:51:25,151.01,+0.35%,-0.14,2,30655,卖盘
09:51:28,151.16,+0.45%,+0.15,8,129695,买盘
09:51:31,151.19,+0.47%,+0.03,4,65919,买盘
09:51:34,151.01,+0.35%,-0.18,20,313648,卖盘
09:51:37,151.18,+0.47%,+0.17,9,150273,中性盘
09:51:40,151.19,+0.47%,+0.01,6,100995,买盘
09:51:43,151.05,+0.38%,-0.14,5,78999,买盘
09:51:46,150.93,+0.30%,-0.12,6,90558,卖盘
09:51:49,151.0,+0.35%,+0.07,12,192676,中性盘
09:51:52,150.94,+0.31%,-0.06,7,109432,买盘
09:51:55,150.94,+0.31%,--,0,0,卖盘
09:51:58,151.0,+0.35%,+0.06,12,191317,买盘
09:52:01,151.0,+0.35%,--,6,91204,卖盘
09:52:04,151.04,+0.37%,+0.04,2,30208,中性盘
09:52:07,151.18,+0.47%,+0.14,27,419827,买盘
09:52:10,151.15,+0.45%,-0.03,13,197855,卖盘
09:52:13,151.18,+0.47%,+0.03,10,165844,卖盘
09:52:16,151.31,+0.55%,+0.13,12,195644,买盘
09:52:19,151.27,+0.52%,-0.04,9,136143,卖盘
09:52:22,151.32,+0.56%,+0.05,4,68699,买盘
09:52:25,151.28,+0.53%,-0.04,4,60512,卖盘
09:52:28,151.27,+0.52%,-0.01,3,50524,卖盘
09:52:31,151.27,+0.52%,--,6,97267,买盘
09:52:34,151.09,+0.41%,-0.18,0,2417,卖盘
09:52:37,151.2,+0.48%,+0.11,12,192478,买盘
09:52:40,151.2,+0.48%,--,17,267473,卖盘
09:52:43,151.16,+0.45%,-0.04,4,74522,卖盘
09:52:46,151.16,+0.45%,--,4,61824,卖盘
09:52:49,151.25,+0.51%,+0.09,2,36300,买盘
09:52:52,151.26,+0.52%,+0.01,6,97260,买盘
09:53:01,151.25,+0.51%,-0.01,5,83944,买盘
09:53:04,151.1,+0.41%,-0.15,4,74795,卖盘
09:53:07,151.1,+0.41%,--,2,30220,卖盘
09:53:10,151.02,+0.36%,-0.08,11,171710,卖盘
09:53:13,150.96,+0.32%,-0.06,27,407592,卖盘
09:53:16,150.73,+0.17%,-0.23,12,180876,卖盘
09:53:19,151.0,+0.35%,+0.27,8,120800,买盘
09:53:22,150.72,+0.16%,-0.28,3,57575,卖盘
09:53:25,150.79,+0.21%,+0.07,9,148528,中性盘
09:53:28,150.77,+0.19%,-0.02,4,60760,中性盘
09:53:31,150.9,+0.28%,+0.13,4,60360,买盘
09:53:34,150.91,+0.29%,+0.01,4,60364,买盘
09:53:37,150.66,+0.12%,-0.25,11,168890,卖盘
09:53:40,150.66,+0.12%,--,21,326330,卖盘
09:53:43,151.0,+0.35%,+0.34,6,102529,买盘
09:53:46,150.66,+0.12%,-0.34,22,333712,卖盘
09:53:49,150.64,+0.11%,-0.02,4,67637,卖盘
09:53:52,150.97,+0.33%,+0.33,2,32760,中性盘
09:53:55,150.97,+0.33%,--,5,84996,买盘
09:53:58,150.42,-0.04%,-0.55,2,37003,中性盘
09:54:04,150.96,+0.32%,+0.54,2,30192,买盘
09:54:07,150.66,+0.12%,-0.3,12,195406,卖盘
09:54:10,151.16,+0.45%,+0.5,14,218729,买盘
09:54:13,151.2,+0.48%,+0.04,7,114005,买盘
09:54:13,151.2,+0.48%,--,7,114005,中性盘
09:54:16,151.2,+0.48%,--,23,352296,买盘
09:54:19,151.21,+0.49%,+0.01,39,590626,中性盘
09:54:22,151.19,+0.47%,-0.02,51,774093,中性盘
09:54:25,151.2,+0.48%,+0.01,15,230580,买盘
09:54:28,151.09,+0.41%,-0.11,6,105612,卖盘
09:54:31,151.21,+0.49%,+0.12,11,171321,买盘
09:54:34,151.4,+0.61%,+0.19,7,117486,买盘
09:54:40,151.24,+0.51%,-0.16,2,30248,买盘
09:54:43,151.24,+0.51%,--,0,0,中性盘
09:54:49,151.29,+0.54%,+0.05,2,30258,买盘
09:54:55,151.02,+0.36%,-0.27,5,79437,卖盘
09:54:58,151.29,+0.54%,+0.27,6,100608,买盘
09:55:01,151.02,+0.36%,-0.27,2,30657,卖盘
09:55:04,151.02,+0.36%,--,8,132898,卖盘
09:55:10,151.02,+0.36%,--,0,0,卖盘
09:55:13,151.28,+0.53%,+0.26,2,30256,中性盘
09:55:16,151.29,+0.54%,+0.01,6,94708,买盘
09:55:19,151.1,+0.41%,-0.19,26,395127,卖盘
09:55:22,151.28,+0.53%,+0.18,9,139480,买盘
09:55:25,151.35,+0.58%,+0.07,38,578157,买盘
09:55:28,151.35,+0.58%,--,16,251544,买盘
09:55:31,151.38,+0.60%,+0.03,6,96126,买盘
09:55:34,151.07,+0.39%,-0.31,19,291716,中性盘
09:55:37,151.47,+0.66%,+0.4,44,673739,买盘
09:55:40,151.4,+0.61%,-0.07,52,798181,卖盘
09:55:43,151.49,+0.67%,+0.09,8,124525,买盘
09:55:46,151.55,+0.71%,+0.06,22,345382,买盘
09:55:49,151.4,+0.61%,-0.15,3,56624,卖盘
09:55:52,151.19,+0.47%,-0.21,14,222552,卖盘
09:55:55,151.4,+0.61%,+0.21,4,72975,买盘
09:56:01,151.19,+0.47%,-0.21,2,37344,卖盘
09:56:04,151.41,+0.62%,+0.22,54,828970,买盘
09:56:07,151.42,+0.62%,+0.01,9,139004,中性盘
09:56:10,151.5,+0.68%,+0.08,20,304818,买盘
09:56:13,151.43,+0.63%,-0.07,20,310734,卖盘
09:56:16,151.5,+0.68%,+0.07,16,245279,买盘
09:56:22,151.4,+0.61%,-0.1,5,84027,买盘
09:56:25,151.53,+0.70%,+0.13,26,396554,买盘
09:56:28,151.58,+0.73%,+0.05,220,3348251,买盘
09:56:31,151.79,+0.87%,+0.21,33,512291,买盘
09:56:34,151.8,+0.88%,+0.01,21,323941,买盘
09:56:37,151.85,+0.91%,+0.05,39,603756,买盘
09:56:40,151.85,+0.91%,--,26,398454,卖盘
09:56:43,151.81,+0.88%,-0.04,20,314702,卖盘
09:56:46,151.53,+0.70%,-0.28,75,1140263,卖盘
09:56:49,151.88,+0.93%,+0.35,12,182256,中性盘
09:56:52,151.82,+0.89%,-0.06,16,253843,中性盘
09:56:55,151.88,+0.93%,+0.06,12,193495,买盘
09:56:58,151.96,+0.98%,+0.08,25,389018,买盘
09:57:01,151.99,+1.00%,+0.03,39,603248,买盘
09:57:04,152.1,+1.08%,+0.11,123,1884975,买盘
09:57:07,152.24,+1.17%,+0.14,33,516398,买盘
09:57:10,152.1,+1.08%,-0.14,16,245337,中性盘
09:57:13,152.29,+1.20%,+0.19,11,172240,中性盘
09:57:16,152.29,+1.20%,--,10,160666,买盘
09:57:19,152.3,+1.21%,+0.01,8,129150,买盘
09:57:22,152.0,+1.01%,-0.3,47,723976,卖盘
09:57:25,152.0,+1.01%,--,29,442016,买盘
09:57:28,152.0,+1.01%,--,2,35568,买盘
09:57:31,152.0,+1.01%,--,6,95152,买盘
09:57:34,151.52,+0.69%,-0.48,53,808056,卖盘
09:57:37,151.53,+0.70%,+0.01,77,1168145,买盘
09:57:40,151.81,+0.88%,+0.28,14,212534,买盘
09:57:43,151.97,+0.99%,+0.16,4,60788,买盘
09:57:46,151.81,+0.88%,-0.16,4,60724,中性盘
09:57:49,151.87,+0.92%,+0.06,2,34323,买盘
09:57:52,151.84,+0.90%,-0.03,8,135593,中性盘
09:57:52,151.84,+0.90%,-0.24,8,135593,中性盘
09:57:55,151.6,+0.74%,-0.24,4,60640,卖盘
09:57:58,151.87,+0.92%,+0.27,39,596393,买盘
09:58:01,151.79,+0.87%,-0.08,10,165148,中性盘
09:58:04,151.74,+0.84%,-0.05,15,229127,中性盘
09:58:07,151.43,+0.63%,-0.31,21,322849,卖盘
09:58:10,151.43,+0.63%,--,19,301497,买盘
09:58:13,151.43,+0.63%,--,7,111150,买盘
09:58:16,151.48,+0.66%,+0.05,2,33174,买盘
09:58:19,151.33,+0.56%,-0.15,11,167976,买盘
09:58:22,151.2,+0.48%,-0.13,10,157702,卖盘
09:58:25,151.2,+0.48%,--,5,82102,买盘
09:58:28,151.2,+0.48%,--,2,30240,买盘
09:58:34,150.66,+0.12%,-0.54,47,719853,卖盘
09:58:37,150.91,+0.29%,+0.25,11,175508,买盘
09:58:40,151.1,+0.41%,+0.19,11,167117,买盘
09:58:43,150.98,+0.33%,-0.12,14,214694,买盘
09:58:46,150.98,+0.33%,--,0,0,买盘
09:58:49,150.8,+0.21%,-0.18,2,30160,卖盘
09:58:52,150.7,+0.15%,-0.1,7,105490,卖盘
09:58:55,150.57,+0.06%,-0.13,28,436201,卖盘
09:58:58,150.61,+0.09%,+0.04,14,211456,买盘
09:59:01,150.48,0.00%,-0.13,35,526680,卖盘
09:59:04,150.7,+0.15%,+0.22,8,127643,买盘
09:59:07,150.7,+0.15%,--,55,841810,买盘
09:59:13,150.94,+0.31%,+0.24,16,243013,买盘
09:59:19,150.92,+0.29%,-0.02,6,93118,买盘
09:59:22,150.91,+0.29%,-0.01,4,60968,买盘
09:59:25,150.6,+0.08%,-0.31,4,60240,卖盘
09:59:28,150.89,+0.27%,+0.29,6,91138,买盘
09:59:34,150.89,+0.27%,--,2,30178,买盘
09:59:40,150.89,+0.27%,--,0,0,买盘
09:59:43,150.63,+0.10%,-0.26,69,1043263,卖盘
09:59:46,150.89,+0.27%,+0.26,21,325621,买盘
09:59:49,150.66,+0.12%,-0.23,11,165726,卖盘
09:59:52,150.91,+0.29%,+0.25,11,179583,买盘
09:59:55,150.72,+0.16%,-0.19,17,256224,卖盘
09:59:58,150.81,+0.22%,+0.09,14,212944,买盘
10:00:01,150.66,+0.12%,-0.15,10,163165,中性盘
10:00:04,150.57,+0.06%,-0.09,22,340138,卖盘
10:00:07,150.5,+0.01%,-0.07,51,770861,卖盘
10:00:10,150.5,+0.01%,--,5,85785,买盘
10:00:13,150.55,+0.05%,+0.05,25,384204,买盘
10:00:16,150.5,+0.01%,-0.05,6,90902,买盘
10:00:19,150.77,+0.19%,+0.27,14,212736,买盘
10:00:22,150.74,+0.17%,-0.03,13,198223,中性盘
10:00:25,150.77,+0.19%,+0.03,18,277417,买盘
10:00:28,150.58,+0.07%,-0.19,2,37344,卖盘
10:00:34,150.68,+0.13%,+0.1,15,235513,中性盘
10:00:37,150.66,+0.12%,-0.02,20,301320,卖盘
10:00:40,150.69,+0.14%,+0.03,10,153854,卖盘
10:00:43,150.79,+0.21%,+0.1,14,222717,买盘
10:00:46,151.07,+0.39%,+0.28,18,282652,买盘
10:00:49,150.71,+0.15%,-0.36,5,75355,卖盘
10:00:52,150.99,+0.34%,+0.28,7,114903,中性盘
10:00:55,150.99,+0.34%,--,9,142384,买盘
10:00:58,150.95,+0.31%,-0.04,2,30794,中性盘
10:01:01,150.94,+0.31%,-0.01,7,105658,中性盘
10:01:07,150.94,+0.31%,--,0,0,中性盘
10:01:10,150.61,+0.09%,-0.33,25,381796,卖盘
10:01:13,150.77,+0.19%,+0.16,18,281638,买盘
10:01:16,150.64,+0.11%,-0.13,6,93849,买盘
10:01:19,150.61,+0.09%,-0.03,2,30122,中性盘
10:01:22,150.58,+0.07%,-0.03,10,150580,中性盘
10:01:25,150.57,+0.06%,-0.01,2,30114,中性盘
10:01:28,150.5,+0.01%,-0.07,2,30100,卖盘
10:01:31,150.5,+0.01%,--,0,0,中性盘
10:01:34,150.5,+0.01%,--,2,30100,中性盘
10:01:34,150.5,+0.01%,--,2,30100,买盘
10:01:37,150.5,+0.01%,--,0,0,买盘
10:01:40,150.48,0.00%,-0.02,16,243778,卖盘
10:01:43,150.61,+0.09%,+0.13,7,110548,买盘
10:01:46,150.61,+0.09%,--,11,169286,买盘
10:01:49,150.63,+0.10%,+0.02,14,217660,中性盘
10:01:52,150.76,+0.19%,+0.13,9,140207,买盘
10:01:55,150.88,+0.27%,+0.12,14,214702,中性盘
10:01:58,150.85,+0.25%,-0.03,8,126261,卖盘
10:02:01,150.79,+0.21%,-0.06,18,275343,中性盘
10:02:04,150.84,+0.24%,+0.05,8,129572,买盘
10:02:07,150.84,+0.24%,--,5,78286,买盘
10:02:10,150.76,+0.19%,-0.08,16,252372,卖盘
10:02:16,150.59,+0.07%,-0.17,6,90354,卖盘
10:02:19,150.64,+0.11%,+0.05,5,87371,中性盘
10:02:22,150.63,+0.10%,-0.01,13,201543,买盘
10:02:25,150.63,+0.10%,--,0,0,买盘
10:02:28,150.58,+0.07%,-0.05,12,180696,买盘
10:02:31,150.51,+0.02%,-0.07,19,296204,中性盘
10:02:34,150.5,+0.01%,-0.01,5,81872,买盘
10:02:37,150.47,-0.01%,-0.03,12,181617,卖盘
10:02:40,150.47,-0.01%,--,32,484664,买盘
10:02:43,150.45,-0.02%,-0.02,31,471510,卖盘
10:02:46,150.45,-0.02%,--,0,0,卖盘
10:02:49,150.45,-0.02%,--,25,380639,卖盘
10:02:52,150.45,-0.02%,--,7,111483,卖盘
10:02:55,150.71,+0.15%,+0.26,4,73999,买盘
10:03:04,150.45,-0.02%,-0.26,2,30240,卖盘
10:03:07,150.63,+0.10%,+0.18,8,135416,中性盘
10:03:10,150.63,+0.10%,--,2,30126,买盘
10:03:13,150.44,-0.03%,-0.19,4,62282,卖盘
10:03:16,150.44,-0.03%,--,11,178422,卖盘
10:03:19,150.6,+0.08%,+0.16,14,222737,买盘
10:03:22,150.58,+0.07%,-0.02,2,37043,中性盘
10:03:28,150.47,-0.01%,-0.11,4,63799,卖盘
10:03:31,150.42,-0.04%,-0.05,7,119133,卖盘
10:03:34,150.46,-0.01%,+0.04,5,76434,中性盘
10:03:37,150.47,-0.01%,+0.01,15,233379,买盘
10:03:40,150.5,+0.01%,+0.03,13,202423,中性盘
10:03:43,150.39,-0.06%,-0.11,26,394774,卖盘
10:03:46,150.63,+0.10%,+0.24,16,241460,买盘
10:03:49,150.47,-0.01%,-0.16,4,70721,中性盘
10:03:52,150.64,+0.11%,+0.17,10,150791,买盘
10:03:55,150.5,+0.01%,-0.14,40,602452,卖盘
10:03:58,150.48,0.00%,-0.02,4,65007,买盘
10:04:01,150.48,0.00%,--,2,30096,买盘
10:04:04,150.48,0.00%,--,0,0,买盘
10:04:07,150.38,-0.07%,-0.1,28,433846,卖盘
10:04:10,150.4,-0.05%,+0.02,8,134458,买盘
10:04:13,150.71,+0.15%,+0.31,6,90426,买盘
10:04:28,150.6,+0.08%,-0.11,2,30120,中性盘
10:04:31,150.37,-0.07%,-0.23,30,451110,卖盘
10:04:34,150.6,+0.08%,+0.23,6,92167,买盘
10:04:37,150.58,+0.07%,-0.02,2,37645,中性盘
10:04:40,150.6,+0.08%,+0.02,5,89908,买盘
10:04:43,150.37,-0.07%,-0.23,15,234728,卖盘
10:04:46,150.6,+0.08%,+0.23,12,194575,买盘
10:04:49,150.57,+0.06%,-0.03,2,39901,中性盘
10:04:52,150.6,+0.08%,+0.03,4,60240,买盘
10:04:55,150.43,-0.03%,-0.17,8,126662,卖盘
10:04:58,150.58,+0.07%,+0.15,4,68363,买盘
10:05:01,150.38,-0.07%,-0.2,21,317001,卖盘
10:05:04,150.6,+0.08%,+0.22,12,189304,买盘
10:05:13,150.6,+0.08%,--,0,0,中性盘
10:05:16,150.42,-0.04%,-0.18,21,329871,卖盘
10:05:19,150.42,-0.04%,--,8,125751,买盘
10:05:22,150.42,-0.04%,--,0,0,卖盘
10:05:28,150.37,-0.07%,-0.05,24,368407,卖盘
10:05:31,150.57,+0.06%,+0.2,4,73779,买盘
10:05:34,150.55,+0.05%,-0.02,2,31314,中性盘
10:05:37,150.55,+0.05%,--,2,30110,买盘
10:05:40,150.47,-0.01%,-0.08,2,30094,卖盘
10:05:43,150.47,-0.01%,--,2,32201,卖盘
10:05:46,150.55,+0.05%,+0.08,4,60220,买盘
10:05:49,150.47,-0.01%,-0.08,5,89981,卖盘
10:05:52,150.55,+0.05%,+0.08,10,154464,买盘
10:05:55,150.55,+0.05%,--,18,272646,买盘
10:05:58,150.58,+0.07%,+0.03,2,36591,买盘
10:06:01,150.43,-0.03%,-0.15,2,32342,卖盘
10:06:04,150.37,-0.07%,-0.06,13,206308,卖盘
10:06:07,150.36,-0.08%,-0.01,9,137429,卖盘
10:06:10,150.31,-0.11%,-0.05,11,170301,卖盘
10:06:16,150.2,-0.19%,-0.11,14,212984,卖盘
10:06:19,150.37,-0.07%,+0.17,38,574714,买盘
10:06:22,150.37,-0.07%,--,4,71125,买盘
10:06:25,150.58,+0.07%,+0.21,45,687097,买盘
10:06:31,150.58,+0.07%,--,9,141395,买盘
10:06:34,150.56,+0.05%,-0.02,4,74226,中性盘
10:06:37,150.48,0.00%,-0.08,9,136485,卖盘
10:06:43,150.4,-0.05%,-0.08,2,30080,卖盘
10:06:46,150.13,-0.23%,-0.27,38,578901,卖盘
10:06:49,150.58,+0.07%,+0.45,9,138383,买盘
10:06:52,150.58,+0.07%,--,10,150580,买盘
10:06:55,150.6,+0.08%,+0.02,62,947575,买盘
10:06:58,150.71,+0.15%,+0.11,8,123582,买盘
10:07:01,150.71,+0.15%,--,4,60284,买盘
10:07:04,150.58,+0.07%,-0.13,2,34332,中性盘
10:07:07,150.58,+0.07%,--,0,0,买盘
10:07:10,150.43,-0.03%,-0.15,7,113123,卖盘
10:07:13,150.57,+0.06%,+0.14,4,62035,买盘
10:07:22,150.43,-0.03%,-0.14,32,482279,卖盘
10:07:25,150.43,-0.03%,--,10,161411,买盘
10:07:28,150.43,-0.03%,--,4,63181,买盘
10:07:31,150.43,-0.03%,--,6,90559,买盘
10:07:34,150.52,+0.03%,+0.09,13,199288,买盘
10:07:37,150.37,-0.07%,-0.15,8,122100,卖盘
10:07:40,150.57,+0.06%,+0.2,4,60228,买盘
10:07:43,150.57,+0.06%,--,0,0,买盘
10:07:46,150.71,+0.15%,+0.14,6,90426,买盘
10:07:49,150.54,+0.04%,-0.17,8,130217,卖盘
10:07:52,150.71,+0.15%,+0.17,8,130515,买盘
10:07:55,150.71,+0.15%,--,12,181606,买盘
10:07:58,150.67,+0.13%,-0.04,2,43092,中性盘
10:08:01,150.53,+0.03%,-0.14,6,90318,卖盘
10:08:04,150.69,+0.14%,+0.16,4,62838,买盘
10:08:07,150.56,+0.05%,-0.13,10,150711,卖盘
10:08:10,150.56,+0.05%,--,3,60073,卖盘
10:08:13,150.67,+0.13%,+0.11,4,64035,买盘
10:08:19,150.67,+0.13%,--,0,0,买盘
10:08:22,150.65,+0.11%,-0.02,3,48961,买盘
10:08:25,150.55,+0.05%,-0.1,2,30110,卖盘
10:08:28,150.52,+0.03%,-0.03,12,183032,卖盘
10:08:31,150.54,+0.04%,+0.02,17,270520,买盘
10:08:34,150.65,+0.11%,+0.11,5,86172,买盘
10:08:40,150.54,+0.04%,-0.11,2,30710,卖盘
10:08:43,150.55,+0.05%,+0.01,4,66694,卖盘
10:08:46,150.56,+0.05%,+0.01,2,30112,卖盘
10:08:49,150.63,+0.10%,+0.07,5,89173,买盘
10:08:52,150.65,+0.11%,+0.02,15,227482,买盘
10:08:52,150.65,+0.11%,--,15,227482,中性盘
10:08:52,150.65,+0.11%,--,15,227482,买盘
10:08:55,150.65,+0.11%,--,8,120972,买盘
10:09:01,150.65,+0.11%,--,0,0,买盘
10:09:04,150.63,+0.10%,-0.02,8,123667,买盘
10:09:07,150.57,+0.06%,-0.06,4,64896,卖盘
10:09:13,150.61,+0.09%,+0.04,10,151363,买盘
10:09:16,150.67,+0.13%,+0.06,19,296519,买盘
10:09:19,150.71,+0.15%,+0.04,5,77164,买盘
10:09:22,150.75,+0.18%,+0.04,6,94520,买盘
10:09:25,150.7,+0.15%,-0.05,9,149042,买盘
10:09:28,150.7,+0.15%,--,0,0,卖盘
10:09:31,150.9,+0.28%,+0.2,11,167801,买盘
10:09:34,150.88,+0.27%,-0.02,4,68801,中性盘
10:09:37,150.9,+0.28%,+0.02,4,63378,买盘
10:09:40,150.7,+0.15%,-0.2,5,87707,卖盘
10:09:43,150.71,+0.15%,+0.01,6,98866,中性盘
10:09:49,150.87,+0.26%,+0.16,7,112096,买盘
10:09:52,150.87,+0.26%,--,2,36661,买盘
10:09:55,150.87,+0.26%,--,7,113153,买盘
10:09:58,150.87,+0.26%,--,4,72418,买盘
10:10:01,150.85,+0.25%,-0.02,9,146928,中性盘
10:10:04,150.83,+0.23%,-0.02,10,153394,中性盘
10:10:07,150.74,+0.17%,-0.09,6,90444,卖盘
10:10:10,150.83,+0.23%,+0.09,4,64254,买盘
10:10:13,150.83,+0.23%,--,0,0,买盘
10:10:19,150.72,+0.16%,-0.11,5,80484,卖盘
10:10:22,150.64,+0.11%,-0.08,24,363344,卖盘
10:10:25,150.7,+0.15%,+0.06,4,60280,买盘
10:10:34,150.64,+0.11%,-0.06,2,31333,买盘
10:10:37,150.58,+0.07%,-0.06,5,75290,卖盘
10:10:43,150.58,+0.07%,--,0,0,卖盘
10:10:46,150.62,+0.09%,+0.04,10,152427,买盘
10:10:49,150.63,+0.10%,+0.01,12,190999,买盘
10:10:55,150.57,+0.06%,-0.06,2,30114,卖盘
10:11:04,150.57,+0.06%,--,2,30114,卖盘
10:11:07,150.61,+0.09%,+0.04,15,237813,买盘
10:11:10,150.61,+0.09%,--,5,79371,买盘
10:11:13,150.54,+0.04%,-0.07,4,63076,卖盘
10:11:16,150.61,+0.09%,+0.07,2,30122,买盘
10:11:19,150.53,+0.03%,-0.08,6,92576,卖盘
10:11:31,150.48,0.00%,-0.05,5,76293,卖盘
10:11:37,150.6,+0.08%,+0.12,2,30120,中性盘
10:11:40,150.61,+0.09%,+0.01,2,30574,买盘
10:11:43,150.48,0.00%,-0.13,2,30547,卖盘
10:11:46,150.59,+0.07%,+0.11,2,31774,买盘
10:11:49,150.59,+0.07%,--,0,0,买盘
10:11:52,150.59,+0.07%,--,6,90354,买盘
10:11:58,150.6,+0.08%,+0.01,4,60240,买盘
10:12:04,150.6,+0.08%,--,0,0,买盘
10:12:07,150.59,+0.07%,-0.01,2,44123,中性盘
10:12:10,150.6,+0.08%,+0.01,26,394873,买盘
10:12:13,150.66,+0.12%,+0.06,46,699062,买盘
10:12:16,150.83,+0.23%,+0.17,15,229111,中性盘
10:12:19,150.66,+0.12%,-0.17,8,120528,中性盘
10:12:22,150.79,+0.21%,+0.13,2,42523,买盘
10:12:31,150.79,+0.21%,--,0,0,中性盘
10:12:34,150.79,+0.21%,--,0,0,买盘
10:12:37,150.62,+0.09%,-0.17,12,184058,卖盘
10:12:40,150.58,+0.07%,-0.04,17,267129,卖盘
10:12:43,150.59,+0.07%,+0.01,10,164143,买盘
10:12:46,150.59,+0.07%,--,2,37346,买盘
10:12:49,150.62,+0.09%,+0.03,4,60248,买盘
10:13:01,150.62,+0.09%,--,0,0,买盘
10:13:04,150.49,+0.01%,-0.13,9,144470,卖盘
10:13:07,150.48,0.00%,-0.01,6,90288,中性盘
10:13:10,150.45,-0.02%,-0.03,4,63039,卖盘
10:13:13,150.49,+0.01%,+0.04,3,59293,买盘
10:13:16,150.5,+0.01%,+0.01,4,62458,买盘
10:13:19,150.45,-0.02%,-0.05,2,37613,卖盘
10:13:22,150.49,+0.01%,+0.04,4,60346,中性盘
10:13:28,150.34,-0.09%,-0.15,2,30068,卖盘
10:13:31,150.27,-0.14%,-0.07,10,152524,卖盘
10:13:52,150.27,-0.14%,--,0,0,中性盘
10:13:58,150.33,-0.10%,+0.06,2,30066,买盘
10:14:04,150.36,-0.08%,+0.03,10,162690,买盘
10:14:07,150.36,-0.08%,--,3,54731,卖盘
10:14:31,150.36,-0.08%,--,5,84202,卖盘
10:14:34,150.33,-0.10%,-0.03,6,93656,卖盘
10:14:37,150.33,-0.10%,--,18,274653,买盘
10:14:40,150.36,-0.08%,+0.03,8,128558,买盘
10:14:43,150.34,-0.09%,-0.02,4,70058,卖盘
10:14:46,150.34,-0.09%,--,4,72765,买盘
10:14:49,150.34,-0.09%,--,0,0,中性盘
10:14:52,150.35,-0.09%,+0.01,2,30070,买盘
10:14:55,150.35,-0.09%,--,5,90060,买盘
10:14:58,150.34,-0.09%,-0.01,2,32473,中性盘
10:15:01,150.28,-0.13%,-0.06,7,108502,卖盘
10:15:04,150.27,-0.14%,-0.01,25,389951,卖盘
10:15:07,150.28,-0.13%,+0.01,5,78897,买盘
10:15:10,150.27,-0.14%,-0.01,2,30054,买盘
10:15:19,150.21,-0.18%,-0.06,7,115962,卖盘
10:15:22,150.21,-0.18%,--,4,64290,卖盘
10:15:25,150.28,-0.13%,+0.07,5,76342,买盘
10:15:28,150.34,-0.09%,+0.06,4,64195,买盘
10:15:31,150.21,-0.18%,-0.13,4,64290,卖盘
10:15:34,150.21,-0.18%,--,9,136992,卖盘
10:15:37,150.34,-0.09%,+0.13,4,61339,买盘
10:15:40,150.34,-0.09%,--,0,0,买盘
10:15:43,150.34,-0.09%,--,8,121024,买盘
10:15:46,150.21,-0.18%,-0.13,2,30042,卖盘
10:15:49,150.21,-0.18%,--,0,0,卖盘
10:15:52,150.22,-0.17%,+0.01,2,30044,卖盘
10:15:55,150.22,-0.17%,--,2,32598,卖盘
10:15:58,150.2,-0.19%,-0.02,2,30040,卖盘
10:16:01,150.2,-0.19%,--,4,60080,卖盘
10:16:04,150.2,-0.19%,--,2,30040,卖盘
10:16:04,150.2,-0.19%,--,2,30040,中性盘
10:16:13,150.2,-0.19%,--,6,103187,卖盘
10:16:16,150.32,-0.11%,+0.12,6,98009,买盘
10:16:19,150.2,-0.19%,-0.12,1,29139,卖盘
10:16:22,150.16,-0.21%,-0.04,2,30933,卖盘
10:16:25,150.16,-0.21%,--,2,30332,卖盘
10:16:28,150.2,-0.19%,+0.04,2,30040,买盘
10:16:37,150.16,-0.21%,-0.04,1,28831,卖盘
10:16:40,150.16,-0.21%,--,2,42645,买盘
10:16:43,150.16,-0.21%,--,2,30032,买盘
10:16:52,150.07,-0.27%,-0.09,6,96795,卖盘
10:16:55,150.16,-0.21%,+0.09,4,66371,买盘
10:16:58,150.16,-0.21%,--,0,0,买盘
10:17:01,150.09,-0.26%,-0.07,10,162247,中性盘
10:17:07,150.09,-0.26%,--,20,309786,买盘
10:17:10,150.16,-0.21%,+0.07,12,190853,买盘
10:17:13,150.2,-0.19%,+0.04,16,254589,买盘
10:17:16,150.16,-0.21%,-0.04,8,125384,买盘
10:17:19,150.14,-0.23%,-0.02,2,30028,中性盘
10:17:22,150.14,-0.23%,--,0,0,买盘
10:17:25,150.07,-0.27%,-0.07,2,30014,卖盘
10:17:31,150.13,-0.23%,+0.06,2,30026,买盘
10:17:34,150.07,-0.27%,-0.06,2,30314,卖盘
10:17:37,150.05,-0.29%,-0.02,7,105035,卖盘
10:17:40,150.13,-0.23%,+0.08,2,30777,买盘
10:17:43,150.12,-0.24%,-0.01,4,60648,买盘
10:17:46,150.08,-0.27%,-0.04,2,30016,卖盘
10:17:49,150.05,-0.29%,-0.03,2,30010,卖盘
10:17:52,150.07,-0.27%,+0.02,3,45021,买盘
10:17:55,150.07,-0.27%,--,6,90042,买盘
10:17:58,150.07,-0.27%,--,12,180984,买盘
10:18:01,150.06,-0.28%,-0.01,2,32413,中性盘
10:18:04,150.05,-0.29%,-0.01,6,91080,卖盘
10:18:07,150.02,-0.31%,-0.03,36,549223,卖盘
10:18:10,150.0,-0.32%,-0.02,79,1188750,卖盘
10:18:13,150.0,-0.32%,--,17,262800,买盘
10:18:16,149.98,-0.33%,-0.02,40,603670,卖盘
10:18:19,149.98,-0.33%,--,4,71540,买盘
10:18:22,149.98,-0.33%,--,16,246117,买盘
10:18:25,149.98,-0.33%,--,10,152530,买盘
10:18:28,149.98,-0.33%,--,11,179076,卖盘
10:18:31,150.05,-0.29%,+0.07,2,42614,买盘
10:18:34,150.05,-0.29%,--,0,0,买盘
10:18:37,150.05,-0.29%,--,10,153051,买盘
10:18:40,150.06,-0.28%,+0.01,8,126801,买盘
10:18:43,150.02,-0.31%,-0.04,4,63608,卖盘
10:18:46,150.02,-0.31%,--,5,81161,卖盘
10:18:49,150.13,-0.23%,+0.11,16,243060,买盘
10:18:52,150.14,-0.23%,+0.01,4,60056,买盘
10:18:55,150.14,-0.23%,--,2,30028,买盘
10:19:04,150.13,-0.23%,-0.01,0,3453,卖盘
10:19:07,150.06,-0.28%,-0.07,8,121849,卖盘
10:19:10,150.13,-0.23%,+0.07,6,96233,买盘
10:19:13,150.05,-0.29%,-0.08,2,30010,买盘
10:19:16,150.0,-0.32%,-0.05,13,199650,卖盘
10:19:19,149.95,-0.35%,-0.05,9,149200,卖盘
10:19:22,149.9,-0.39%,-0.05,7,111076,卖盘
10:19:25,149.86,-0.41%,-0.04,8,133825,卖盘
10:19:28,149.8,-0.45%,-0.06,8,133921,卖盘
10:19:31,149.7,-0.52%,-0.1,14,212125,卖盘
10:19:34,149.69,-0.52%,-0.01,10,163162,卖盘
10:19:37,149.8,-0.45%,+0.11,2,32207,买盘
10:19:40,149.74,-0.49%,-0.06,9,139108,中性盘
10:19:43,149.69,-0.52%,-0.05,11,173191,买盘
10:19:46,149.69,-0.52%,--,27,418084,卖盘
10:19:49,149.8,-0.45%,+0.11,6,100216,买盘
10:19:49,149.8,-0.45%,-0.07,6,100216,中性盘
10:19:52,149.73,-0.50%,-0.07,6,98522,中性盘
10:19:55,149.74,-0.49%,+0.01,21,324786,中性盘
10:19:58,149.73,-0.50%,-0.01,28,424934,卖盘
10:20:01,150.17,-0.21%,+0.44,6,90102,买盘
10:20:04,149.83,-0.43%,-0.34,10,149830,卖盘
10:20:07,149.83,-0.43%,--,10,151628,卖盘
10:20:10,150.09,-0.26%,+0.26,4,62137,买盘
10:20:13,150.09,-0.26%,--,0,0,买盘
10:20:16,149.81,-0.45%,-0.28,8,128986,卖盘
10:20:22,149.81,-0.45%,--,7,105916,卖盘
10:20:25,149.83,-0.43%,+0.02,4,65925,买盘
10:20:28,149.83,-0.43%,--,2,29966,买盘
10:20:31,149.82,-0.44%,-0.01,2,30114,卖盘
10:20:34,149.82,-0.44%,--,6,95136,卖盘
10:20:40,149.83,-0.43%,+0.01,10,149830,买盘
10:20:43,149.82,-0.44%,-0.01,4,59928,卖盘
10:20:46,149.82,-0.44%,--,2,30264,卖盘
10:20:49,149.83,-0.43%,+0.01,6,90347,中性盘
10:20:52,150.08,-0.27%,+0.25,4,60032,买盘
10:20:55,150.08,-0.27%,--,0,0,买盘
10:20:58,150.05,-0.29%,-0.03,4,60020,买盘
10:21:01,149.85,-0.42%,-0.2,3,49451,卖盘
10:21:10,149.85,-0.42%,--,0,0,中性盘
10:21:13,149.86,-0.41%,+0.01,8,127831,卖盘
10:21:16,149.86,-0.41%,--,0,0,卖盘
10:21:19,149.97,-0.34%,+0.11,8,124925,中性盘
10:21:22,149.97,-0.34%,--,2,32993,买盘
10:21:25,149.82,-0.44%,-0.15,11,164802,卖盘
10:21:37,149.84,-0.43%,+0.02,2,29968,卖盘
10:21:43,149.92,-0.37%,+0.08,4,60718,中性盘
10:21:46,149.83,-0.43%,-0.09,12,179796,卖盘
10:21:49,149.92,-0.37%,+0.09,10,154717,买盘
10:21:52,149.83,-0.43%,-0.09,4,60232,卖盘
10:21:55,149.92,-0.37%,+0.09,8,119936,买盘
10:22:01,149.82,-0.44%,-0.1,2,29964,卖盘
10:22:04,149.83,-0.43%,+0.01,5,75364,买盘
10:22:07,149.92,-0.37%,+0.09,4,70462,买盘
10:22:10,149.92,-0.37%,--,2,31333,买盘
10:22:13,149.82,-0.44%,-0.1,8,132141,卖盘
10:22:16,149.82,-0.44%,--,5,83899,卖盘
10:22:19,149.8,-0.45%,-0.02,6,93775,卖盘
10:22:22,149.82,-0.44%,+0.02,6,99480,卖盘
10:22:34,149.82,-0.44%,--,8,119856,买盘
10:22:37,149.82,-0.44%,--,0,0,买盘
10:22:40,149.81,-0.45%,-0.01,2,31910,卖盘
10:22:43,149.82,-0.44%,+0.01,4,71764,买盘
10:22:46,149.82,-0.44%,--,4,65921,买盘
10:22:52,149.77,-0.47%,-0.05,7,110830,卖盘
10:22:55,149.82,-0.44%,+0.05,4,67419,买盘
10:22:58,149.74,-0.49%,-0.08,9,147644,卖盘
10:23:01,149.92,-0.37%,+0.18,2,33132,买盘
10:23:07,149.92,-0.37%,--,0,0,买盘
10:23:10,149.8,-0.45%,-0.12,2,29960,买盘
10:23:13,149.78,-0.47%,-0.02,4,59912,中性盘
10:23:16,149.75,-0.49%,-0.03,6,97487,卖盘
10:23:19,149.78,-0.47%,+0.03,5,88670,卖盘
10:23:22,149.74,-0.49%,-0.04,2,29948,卖盘
10:23:25,149.73,-0.50%,-0.01,2,29946,卖盘
10:23:28,149.8,-0.45%,+0.07,4,61418,买盘
10:23:28,149.8,-0.45%,--,4,61418,中性盘
10:23:31,149.8,-0.45%,--,0,0,买盘
10:23:34,149.8,-0.45%,--,2,29960,买盘
10:23:40,149.75,-0.49%,-0.05,8,125790,卖盘
10:23:43,149.75,-0.49%,--,2,32646,卖盘
10:23:46,149.8,-0.45%,+0.05,11,171221,买盘
10:23:49,150.08,-0.27%,+0.28,6,94851,买盘
10:23:52,149.88,-0.40%,-0.2,3,47362,卖盘
10:23:55,149.85,-0.42%,-0.03,6,95305,卖盘
10:23:58,149.75,-0.49%,-0.1,4,72180,卖盘
10:24:01,149.75,-0.49%,--,11,171015,卖盘
10:24:04,149.85,-0.42%,+0.1,4,69680,买盘
10:24:10,149.77,-0.47%,-0.08,10,160553,卖盘
10:24:13,149.85,-0.42%,+0.08,2,34615,买盘
10:24:16,149.76,-0.48%,-0.09,3,52266,卖盘
10:24:19,149.76,-0.48%,--,9,144518,买盘
10:24:22,149.76,-0.48%,--,7,116064,卖盘
10:24:25,149.76,-0.48%,--,6,89856,卖盘
10:24:28,149.85,-0.42%,+0.09,7,108791,买盘
10:24:31,149.85,-0.42%,--,4,68481,买盘
10:24:34,149.76,-0.48%,-0.09,28,419927,卖盘
10:24:37,149.99,-0.33%,+0.23,11,175338,买盘
10:24:40,149.85,-0.42%,-0.14,4,72378,卖盘
10:24:43,149.75,-0.49%,-0.1,4,66190,卖盘
10:24:46,149.76,-0.48%,+0.01,4,59904,卖盘
10:24:49,149.76,-0.48%,--,2,29952,买盘
10:24:52,149.76,-0.48%,--,6,95697,买盘
10:24:55,149.75,-0.49%,-0.01,31,472012,卖盘
10:24:58,149.75,-0.49%,--,18,277487,买盘
10:25:01,149.75,-0.49%,--,5,89101,买盘
10:25:07,150.08,-0.27%,+0.33,133,2010172,买盘
10:25:10,150.05,-0.29%,-0.03,36,554585,卖盘
10:25:13,150.16,-0.21%,+0.11,53,807410,买盘
10:25:16,150.16,-0.21%,--,0,0,卖盘
10:25:19,150.26,-0.15%,+0.1,6,100073,买盘
10:25:22,150.28,-0.13%,+0.02,4,65222,买盘
10:25:25,150.16,-0.21%,-0.12,4,70425,卖盘
10:25:28,150.15,-0.22%,-0.01,11,175525,中性盘
10:25:31,150.16,-0.21%,+0.01,2,42345,买盘
10:25:34,150.14,-0.23%,-0.02,2,33631,买盘
10:25:37,150.06,-0.28%,-0.08,6,95438,卖盘
10:25:40,150.06,-0.28%,--,1,24610,买盘
10:25:43,150.16,-0.21%,+0.1,6,90096,买盘
10:25:46,150.09,-0.26%,-0.07,5,80448,卖盘
10:25:49,150.14,-0.23%,+0.05,6,97441,中性盘
10:25:58,150.09,-0.26%,-0.05,2,31369,卖盘
10:26:01,150.11,-0.25%,+0.02,4,60644,中性盘
10:26:07,150.14,-0.23%,+0.03,15,230014,买盘
10:26:10,150.15,-0.22%,+0.01,19,285435,买盘
10:26:13,150.14,-0.23%,-0.01,4,73569,卖盘
10:26:16,150.16,-0.21%,+0.02,2,30032,买盘
10:26:19,149.89,-0.39%,-0.27,27,410099,卖盘
10:26:22,150.14,-0.23%,+0.25,2,34832,买盘
10:26:25,150.04,-0.29%,-0.1,7,105928,卖盘
10:26:28,150.04,-0.29%,--,1,15604,买盘
10:26:31,150.04,-0.29%,--,11,178097,卖盘
10:26:34,150.08,-0.27%,+0.04,6,94550,买盘
10:26:37,149.75,-0.49%,-0.33,7,112612,卖盘
10:26:40,150.04,-0.29%,+0.29,2,30008,中性盘
10:26:43,150.04,-0.29%,--,0,0,买盘
10:26:46,150.04,-0.29%,--,0,0,中性盘
10:26:49,150.12,-0.24%,+0.08,4,60048,买盘
10:27:04,150.07,-0.27%,-0.05,15,227956,买盘
10:27:07,150.13,-0.23%,+0.06,9,135417,买盘
10:27:07,150.13,-0.23%,-0.24,9,135417,中性盘
10:27:10,149.89,-0.39%,-0.24,12,183166,卖盘
10:27:13,150.11,-0.25%,+0.22,2,30022,买盘
10:27:16,150.11,-0.25%,--,11,165121,买盘
10:27:25,149.9,-0.39%,-0.21,2,39724,中性盘
10:27:28,149.9,-0.39%,--,0,0,卖盘
10:27:31,149.91,-0.38%,+0.01,4,59964,卖盘
10:27:40,149.91,-0.38%,--,3,44973,卖盘
10:27:43,149.98,-0.33%,+0.07,4,62542,买盘
10:27:46,149.91,-0.38%,-0.07,6,101189,卖盘
10:27:49,149.98,-0.33%,+0.07,0,11848,买盘
10:27:52,149.98,-0.33%,--,5,84439,卖盘
10:27:55,149.98,-0.33%,--,0,0,买盘
10:27:58,149.94,-0.36%,-0.04,5,74970,卖盘
10:28:01,149.93,-0.37%,-0.01,2,30586,卖盘
10:28:04,149.93,-0.37%,--,4,61621,买盘
10:28:10,149.87,-0.41%,-0.06,28,427279,卖盘
10:28:13,149.97,-0.34%,+0.1,187,2816137,买盘
10:28:16,149.89,-0.39%,-0.08,12,179868,卖盘
10:28:19,149.89,-0.39%,--,20,309523,买盘
10:28:22,150.07,-0.27%,+0.18,8,128460,中性盘
10:28:25,150.13,-0.23%,+0.06,13,195169,买盘
10:28:28,150.16,-0.21%,+0.03,13,206920,买盘
10:28:31,150.18,-0.20%,+0.02,11,178714,买盘
10:28:34,150.3,-0.12%,+0.12,13,201252,买盘
10:28:37,150.05,-0.29%,-0.25,4,64822,中性盘
10:28:40,150.16,-0.21%,+0.11,20,309330,中性盘
10:28:43,150.15,-0.22%,-0.01,8,120120,中性盘
10:28:46,150.4,-0.05%,+0.25,6,95203,买盘
10:28:49,150.37,-0.07%,-0.03,6,90823,中性盘
10:28:52,150.37,-0.07%,--,6,93530,买盘
10:28:55,150.46,-0.01%,+0.09,8,129245,买盘
10:28:58,150.33,-0.10%,-0.13,2,30066,买盘
10:29:04,150.23,-0.17%,-0.1,9,147526,买盘
10:29:07,150.21,-0.18%,-0.02,2,40557,中性盘
10:29:10,150.22,-0.17%,+0.01,4,62341,中性盘
10:29:13,150.33,-0.10%,+0.11,8,120865,买盘
10:29:16,150.33,-0.10%,--,2,30066,买盘
10:29:19,150.33,-0.10%,--,0,0,买盘
10:29:22,150.26,-0.15%,-0.07,2,30052,卖盘
10:29:25,150.18,-0.20%,-0.08,6,95815,卖盘
10:29:28,150.31,-0.11%,+0.13,4,73201,买盘
10:29:34,150.31,-0.11%,--,0,0,买盘
10:29:37,150.31,-0.11%,--,13,209682,买盘
10:29:40,150.45,-0.02%,+0.14,2,33701,买盘
10:29:43,150.33,-0.10%,-0.12,17,265032,中性盘
10:29:46,150.33,-0.10%,--,0,0,卖盘
10:29:49,150.42,-0.04%,+0.09,6,101233,买盘
10:29:52,150.41,-0.05%,-0.01,2,30082,买盘
10:29:55,150.4,-0.05%,-0.01,2,30080,中性盘
10:30:01,150.38,-0.07%,-0.02,2,30076,中性盘
10:30:04,150.37,-0.07%,-0.01,5,75185,中性盘
10:30:07,150.28,-0.13%,-0.09,8,130744,卖盘
10:30:10,150.28,-0.13%,--,2,30056,卖盘
10:30:13,150.36,-0.08%,+0.08,2,30072,买盘
10:30:19,150.37,-0.07%,+0.01,2,30074,买盘
10:30:22,150.36,-0.08%,-0.01,8,127355,中性盘
10:30:25,150.32,-0.11%,-0.04,6,90192,卖盘
10:30:28,150.37,-0.07%,+0.05,2,32029,买盘
10:30:31,150.31,-0.11%,-0.06,2,30062,卖盘
10:30:34,150.31,-0.11%,--,0,0,中性盘
10:30:37,150.31,-0.11%,--,2,30062,买盘
10:30:40,150.37,-0.07%,+0.06,6,98643,买盘
10:30:43,150.4,-0.05%,+0.03,4,60160,买盘
10:30:46,150.45,-0.02%,+0.05,2,30090,买盘
10:30:49,150.32,-0.11%,-0.13,7,105224,卖盘
10:30:49,150.32,-0.11%,--,7,105224,中性盘
10:30:49,150.32,-0.11%,--,7,105224,买盘
10:30:52,150.32,-0.11%,--,4,63134,买盘
10:30:55,150.45,-0.02%,+0.13,2,30090,买盘
10:30:58,150.45,-0.02%,--,2,30090,买盘
10:31:01,150.45,-0.02%,--,0,0,买盘
10:31:04,150.28,-0.13%,-0.17,64,970959,卖盘
10:31:07,150.64,+0.11%,+0.36,18,275822,买盘
10:31:10,150.7,+0.15%,+0.06,15,226954,买盘
10:31:13,150.46,-0.01%,-0.24,12,185517,卖盘
10:31:16,150.57,+0.06%,+0.11,6,95461,买盘
10:31:19,150.73,+0.17%,+0.16,3,47932,买盘
10:31:22,150.7,+0.15%,-0.03,2,30441,中性盘
10:31:25,150.55,+0.05%,-0.15,12,180660,卖盘
10:31:28,150.68,+0.13%,+0.13,7,111503,买盘
10:31:31,150.7,+0.15%,+0.02,4,72637,买盘
10:31:34,150.7,+0.15%,--,3,45210,买盘
10:31:40,150.7,+0.15%,--,0,0,买盘
10:31:43,150.7,+0.15%,--,31,479980,买盘
10:31:46,150.69,+0.14%,-0.01,20,313887,卖盘
10:31:49,150.65,+0.11%,-0.04,4,60260,卖盘
10:31:52,150.7,+0.15%,+0.05,12,188526,买盘
10:31:55,150.7,+0.15%,--,9,135630,卖盘
10:31:58,150.97,+0.33%,+0.27,4,60388,买盘
10:32:01,150.92,+0.29%,-0.05,2,33051,中性盘
10:32:04,150.92,+0.29%,--,0,0,买盘
10:32:07,150.92,+0.29%,--,6,90552,买盘
10:32:13,150.81,+0.22%,-0.11,3,53839,买盘
10:32:16,150.9,+0.28%,+0.09,7,116646,买盘
10:32:19,150.81,+0.22%,-0.09,2,33631,中性盘
10:32:22,150.8,+0.21%,-0.01,2,33628,卖盘
10:32:25,150.81,+0.22%,+0.01,5,79628,买盘
10:32:28,150.89,+0.27%,+0.08,10,155718,买盘
10:32:34,150.92,+0.29%,+0.03,30,456533,买盘
10:32:37,150.99,+0.34%,+0.07,19,286881,买盘
10:32:49,150.99,+0.34%,--,4,63567,买盘
10:32:52,150.99,+0.34%,--,5,81535,买盘
10:32:58,151.05,+0.38%,+0.06,20,306178,买盘
10:33:01,151.06,+0.39%,+0.01,8,121452,买盘
10:33:04,151.05,+0.38%,-0.01,2,30210,中性盘
10:33:07,151.05,+0.38%,--,4,60420,买盘
10:33:10,151.01,+0.35%,-0.04,6,90606,卖盘
10:33:16,151.0,+0.35%,-0.01,2,30200,卖盘
10:33:19,151.0,+0.35%,--,5,75500,卖盘
10:33:22,151.0,+0.35%,--,0,0,卖盘
10:33:25,150.97,+0.33%,-0.03,185,2794304,卖盘
10:33:28,151.17,+0.46%,+0.2,8,127285,中性盘
10:33:31,151.01,+0.35%,-0.16,50,755050,卖盘
10:33:34,151.33,+0.56%,+0.32,3,46307,中性盘
10:33:37,151.33,+0.56%,--,0,0,中性盘
10:33:40,151.28,+0.53%,-0.05,2,42207,买盘
10:33:46,151.26,+0.52%,-0.02,4,60504,买盘
10:34:10,150.91,+0.29%,-0.35,44,668531,卖盘
10:34:13,150.96,+0.32%,+0.05,14,211948,买盘
10:34:16,150.96,+0.32%,--,0,0,买盘
10:34:31,150.96,+0.32%,--,12,181152,买盘
10:34:34,150.93,+0.30%,-0.03,4,60372,中性盘
10:34:40,150.93,+0.30%,--,0,0,买盘
10:34:43,150.79,+0.21%,-0.14,2,30912,卖盘
10:34:46,150.79,+0.21%,--,0,0,卖盘
10:34:49,151.5,+0.68%,+0.71,204,3090600,买盘
10:34:52,151.39,+0.60%,-0.11,2,40270,中性盘
10:34:55,151.4,+0.61%,+0.01,2,30280,买盘
10:34:58,151.13,+0.43%,-0.27,2,30226,卖盘
10:35:01,151.16,+0.45%,+0.03,6,90696,卖盘
10:35:04,151.08,+0.40%,-0.08,9,143224,卖盘
10:35:10,151.16,+0.45%,+0.08,4,65452,买盘
10:35:13,151.17,+0.46%,+0.01,2,39758,买盘
10:35:16,151.21,+0.49%,+0.04,5,88760,卖盘
10:35:19,151.27,+0.52%,+0.06,14,212534,买盘
10:35:22,151.32,+0.56%,+0.05,8,121056,卖盘
10:35:25,151.36,+0.58%,+0.04,10,159988,买盘
10:35:31,151.29,+0.54%,-0.06,2,30258,卖盘
10:35:34,151.29,+0.54%,--,2,30258,中性盘
10:35:37,151.29,+0.54%,--,0,0,中性盘
10:35:43,151.27,+0.52%,-0.02,1,16640,卖盘
10:35:46,151.32,+0.56%,+0.05,8,133010,中性盘
10:35:49,151.27,+0.52%,-0.05,1,26018,卖盘
10:35:52,151.25,+0.51%,-0.02,4,73356,卖盘
10:35:55,151.25,+0.51%,--,26,398695,买盘
10:35:58,151.4,+0.61%,+0.15,31,481906,买盘
10:36:01,151.4,+0.61%,--,18,272520,卖盘
10:36:04,151.6,+0.74%,+0.2,18,272880,买盘
10:36:07,151.49,+0.67%,-0.11,4,71049,中性盘
10:36:10,151.52,+0.69%,+0.03,11,171672,买盘
10:36:13,151.4,+0.61%,-0.12,51,776682,卖盘
10:36:16,151.6,+0.74%,+0.2,12,187226,买盘
10:36:19,151.75,+0.84%,+0.15,26,395157,买盘
10:36:22,151.75,+0.84%,--,0,0,买盘
10:36:25,151.81,+0.88%,+0.06,10,156972,买盘
10:36:28,151.57,+0.72%,-0.24,2,30314,中性盘
10:36:31,151.51,+0.68%,-0.06,6,90906,卖盘
10:36:34,151.6,+0.74%,+0.09,2,37748,买盘
10:36:37,151.51,+0.68%,-0.09,2,30302,卖盘
10:36:40,151.51,+0.68%,--,3,48635,卖盘
10:36:43,151.5,+0.68%,-0.01,2,31967,卖盘
10:36:46,151.5,+0.68%,--,4,68781,买盘
10:36:55,151.6,+0.74%,+0.1,14,223762,买盘
10:36:58,151.41,+0.62%,-0.19,7,110984,卖盘
10:37:01,151.41,+0.62%,--,0,0,卖盘
10:37:04,151.5,+0.68%,+0.09,2,36360,买盘
10:37:07,151.44,+0.64%,-0.06,4,69662,中性盘
10:37:10,151.51,+0.68%,+0.07,4,60604,中性盘
10:37:13,151.5,+0.68%,-0.01,5,81507,卖盘
10:37:16,151.53,+0.70%,+0.03,33,511565,中性盘
10:37:19,151.59,+0.74%,+0.06,2,30318,买盘
10:37:22,151.66,+0.78%,+0.07,14,223092,买盘
10:37:25,151.5,+0.68%,-0.16,46,708263,卖盘
10:37:28,151.56,+0.72%,+0.06,2,31828,卖盘
10:37:31,151.66,+0.78%,+0.1,9,146655,买盘
10:37:34,151.66,+0.78%,--,8,121328,买盘
10:37:37,151.56,+0.72%,-0.1,4,74264,卖盘
10:37:40,151.59,+0.74%,+0.03,6,92470,买盘
10:37:46,151.56,+0.72%,-0.03,2,30312,买盘
10:37:55,151.59,+0.74%,+0.03,2,45174,买盘
10:37:58,151.59,+0.74%,--,7,111267,买盘
10:38:01,151.59,+0.74%,--,0,0,买盘
10:38:04,151.57,+0.72%,-0.02,6,90942,卖盘
10:38:07,151.56,+0.72%,-0.01,8,121248,卖盘
10:38:07,151.56,+0.72%,--,8,121248,中性盘
10:38:10,151.56,+0.72%,--,0,0,中性盘
10:38:13,151.5,+0.68%,-0.06,27,417686,卖盘
10:38:16,151.51,+0.68%,+0.01,2,31060,买盘
10:38:19,151.49,+0.67%,-0.02,3,45447,中性盘
10:38:22,151.51,+0.68%,+0.02,3,48483,买盘
10:38:28,151.48,+0.66%,-0.03,2,33174,卖盘
10:38:31,151.48,+0.66%,--,2,38476,卖盘
10:38:34,151.5,+0.68%,+0.02,24,370115,买盘
10:38:37,151.5,+0.68%,--,0,0,买盘
10:38:40,151.47,+0.66%,-0.03,2,32263,买盘
10:38:46,151.42,+0.62%,-0.05,2,41186,卖盘
10:38:49,151.42,+0.62%,--,2,31950,买盘
10:38:52,151.42,+0.62%,--,6,90852,买盘
10:38:55,151.42,+0.62%,--,23,362954,买盘
10:38:58,151.42,+0.62%,--,2,30284,买盘
10:39:01,151.42,+0.62%,--,14,226979,买盘
10:39:04,151.41,+0.62%,-0.01,8,121885,买盘
10:39:07,151.41,+0.62%,--,11,175787,卖盘
10:39:10,151.48,+0.66%,+0.07,4,60592,买盘
10:39:13,151.49,+0.67%,+0.01,4,60596,买盘
10:39:16,151.59,+0.74%,+0.1,89,1364007,买盘
10:39:19,151.71,+0.82%,+0.12,76,1159064,买盘
10:39:22,151.71,+0.82%,--,19,292042,卖盘
10:39:25,151.65,+0.78%,-0.06,10,158626,卖盘
10:39:28,151.68,+0.80%,+0.03,3,52481,中性盘
10:39:31,151.66,+0.78%,-0.02,4,74313,卖盘
10:39:34,151.81,+0.88%,+0.15,152,2311763,买盘
10:39:37,152.05,+1.04%,+0.24,26,400500,买盘
10:39:40,152.2,+1.14%,+0.15,19,289637,买盘
10:39:43,152.18,+1.13%,-0.02,16,251401,中性盘
10:39:46,152.18,+1.13%,--,4,60872,买盘
10:39:49,152.2,+1.14%,+0.02,19,295116,买盘
10:39:52,152.17,+1.12%,-0.03,25,391838,买盘
10:39:55,152.14,+1.10%,-0.03,2,30428,卖盘
10:39:58,152.07,+1.06%,-0.07,16,250003,卖盘
10:40:01,152.07,+1.06%,--,10,160130,卖盘
10:40:04,152.07,+1.06%,--,9,139296,卖盘
10:40:07,152.07,+1.06%,--,12,186742,买盘
10:40:10,152.06,+1.05%,-0.01,2,30412,买盘
10:40:13,152.1,+1.08%,+0.04,67,1027588,买盘
10:40:16,152.0,+1.01%,-0.1,20,312664,卖盘
10:40:19,152.0,+1.01%,--,12,195472,卖盘
10:40:22,152.01,+1.02%,+0.01,30,457094,买盘
10:40:25,151.96,+0.98%,-0.05,8,126431,卖盘
10:40:28,152.01,+1.02%,+0.05,9,138481,买盘
10:40:31,152.01,+1.02%,--,0,0,买盘
10:40:34,151.99,+1.00%,-0.02,0,6992,卖盘
10:40:37,151.96,+0.98%,-0.03,2,43764,买盘
10:40:40,151.96,+0.98%,--,0,11093,买盘
10:40:43,152.0,+1.01%,+0.04,19,300048,买盘
10:40:46,152.0,+1.01%,--,2,30400,买盘
10:40:49,152.0,+1.01%,--,0,9576,买盘
10:40:52,152.0,+1.01%,--,26,407968,卖盘
10:40:55,151.99,+1.00%,-0.01,12,188620,卖盘
10:40:58,152.17,+1.12%,+0.18,51,778654,买盘
10:41:01,152.25,+1.18%,+0.08,34,531505,买盘
10:41:04,152.26,+1.18%,+0.01,9,137643,买盘
10:41:07,152.31,+1.22%,+0.05,73,1114909,买盘
10:41:10,152.1,+1.08%,-0.21,62,944997,卖盘
10:41:13,152.32,+1.22%,+0.22,5,89412,买盘
10:41:16,152.32,+1.22%,--,0,0,卖盘
10:41:19,152.32,+1.22%,--,6,93829,卖盘
10:41:22,152.36,+1.25%,+0.04,4,71152,中性盘
10:41:25,152.32,+1.22%,-0.04,13,207003,卖盘
10:41:28,152.36,+1.25%,+0.04,13,210562,买盘
10:41:31,152.37,+1.26%,+0.01,19,293008,买盘
10:41:34,152.36,+1.25%,-0.01,4,60944,买盘
10:41:37,152.1,+1.08%,-0.26,56,860430,卖盘
10:41:40,152.36,+1.25%,+0.26,8,121888,卖盘
10:41:43,152.39,+1.27%,+0.03,11,177687,买盘
10:41:46,152.32,+1.22%,-0.07,6,97180,卖盘
10:41:46,152.32,+1.22%,--,6,97180,中性盘
10:41:49,152.37,+1.26%,+0.05,11,174464,买盘
10:41:52,152.45,+1.31%,+0.08,119,1817814,买盘
10:41:55,152.54,+1.37%,+0.09,81,1240760,买盘
10:41:58,152.66,+1.45%,+0.12,65,999618,买盘
10:42:01,152.57,+1.39%,-0.09,12,183084,卖盘
10:42:04,152.8,+1.54%,+0.23,27,421881,买盘
10:42:07,152.77,+1.52%,-0.03,5,85857,卖盘
10:42:10,152.7,+1.48%,-0.07,11,176979,买盘
10:42:13,152.78,+1.53%,+0.08,2,31167,买盘
10:42:16,152.61,+1.42%,-0.17,2,30522,买盘
10:42:19,152.5,+1.34%,-0.11,15,237443,卖盘
10:42:22,152.53,+1.36%,+0.03,6,98992,买盘
10:42:25,152.48,+1.33%,-0.05,2,34156,买盘
10:42:28,152.33,+1.23%,-0.15,13,208844,卖盘
10:42:31,152.3,+1.21%,-0.03,2,30460,买盘
10:42:34,152.3,+1.21%,--,17,264697,买盘
10:42:43,152.12,+1.09%,-0.18,2,31641,卖盘
10:42:46,152.12,+1.09%,--,0,0,卖盘
10:42:49,152.11,+1.08%,-0.01,4,60844,卖盘
10:42:52,152.12,+1.09%,+0.01,3,46244,中性盘
10:42:55,152.12,+1.09%,--,3,45636,中性盘
10:42:58,152.13,+1.10%,+0.01,2,30426,中性盘
10:43:04,152.31,+1.22%,+0.18,31,478863,买盘
10:43:07,152.11,+1.08%,-0.2,42,638862,卖盘
10:43:10,152.31,+1.22%,+0.2,4,73261,中性盘
10:43:13,152.31,+1.22%,--,2,30462,买盘
10:43:25,152.31,+1.22%,--,0,0,买盘
10:43:28,152.31,+1.22%,--,4,60924,买盘
10:43:31,152.3,+1.21%,-0.01,9,139050,中性盘
10:43:34,152.19,+1.14%,-0.11,7,115664,卖盘
10:43:37,152.3,+1.21%,+0.11,2,30460,买盘
10:43:40,152.31,+1.22%,+0.01,5,87274,买盘
10:43:43,152.4,+1.28%,+0.09,9,142799,中性盘
10:43:49,152.4,+1.28%,--,0,0,中性盘
10:43:52,152.4,+1.28%,--,0,0,买盘
10:43:55,152.31,+1.22%,-0.09,2,30462,卖盘
10:43:58,152.34,+1.24%,+0.03,7,110599,买盘
10:44:01,152.34,+1.24%,--,0,0,买盘
10:44:07,152.3,+1.21%,-0.04,2,30460,买盘
10:44:10,152.3,+1.21%,--,3,45690,买盘
10:44:13,152.35,+1.24%,+0.05,2,30470,买盘
10:44:16,152.19,+1.14%,-0.16,2,38352,卖盘
10:44:19,152.3,+1.21%,+0.11,7,112550,买盘
10:44:22,152.3,+1.21%,--,0,0,买盘
10:44:31,152.21,+1.15%,-0.09,4,71843,卖盘
10:44:34,152.19,+1.14%,-0.02,6,93292,卖盘
10:44:37,152.2,+1.14%,+0.01,1,21004,卖盘
10:44:40,152.19,+1.14%,-0.01,2,39265,买盘
10:44:43,152.19,+1.14%,--,5,76095,买盘
10:44:46,152.19,+1.14%,--,5,85683,买盘
10:44:49,152.2,+1.14%,+0.01,2,30440,买盘
10:44:52,152.2,+1.14%,--,0,0,买盘
10:44:55,152.13,+1.10%,-0.07,2,30426,卖盘
10:44:58,152.13,+1.10%,--,11,168712,中性盘
10:45:01,152.1,+1.08%,-0.03,10,159249,卖盘
10:45:04,152.11,+1.08%,+0.01,4,72404,买盘
10:45:07,152.11,+1.08%,--,0,0,中性盘
10:45:13,152.08,+1.06%,-0.03,8,128051,卖盘
10:45:16,152.01,+1.02%,-0.07,2,30402,卖盘
10:45:19,152.08,+1.06%,+0.07,2,33914,买盘
10:45:22,152.01,+1.02%,-0.07,4,60804,卖盘
10:45:25,152.03,+1.03%,+0.02,3,54883,中性盘
10:45:25,152.03,+1.03%,-0.03,3,54883,中性盘
10:45:28,152.0,+1.01%,-0.03,13,199424,卖盘
10:45:31,151.99,+1.00%,-0.01,4,70827,卖盘
10:45:34,151.96,+0.98%,-0.03,8,134637,卖盘
10:45:37,151.92,+0.96%,-0.04,30,469281,卖盘
10:45:40,151.85,+0.91%,-0.07,6,98399,卖盘
10:45:46,151.9,+0.94%,+0.05,4,65925,买盘
10:45:49,151.92,+0.96%,+0.02,2,30384,买盘
10:45:52,151.92,+0.96%,--,0,0,买盘
10:45:55,151.81,+0.88%,-0.11,8,121600,买盘
10:45:58,151.71,+0.82%,-0.1,3,45513,卖盘
10:46:01,151.71,+0.82%,--,0,0,卖盘
10:46:07,151.8,+0.88%,+0.09,13,198099,中性盘
10:46:10,151.69,+0.80%,-0.11,2,33372,卖盘
10:46:13,151.69,+0.80%,--,0,8343,卖盘
10:46:16,151.68,+0.80%,-0.01,15,233739,卖盘
10:46:22,151.6,+0.74%,-0.08,4,73678,卖盘
10:46:25,151.6,+0.74%,--,0,0,买盘
10:46:28,151.6,+0.74%,--,7,121128,买盘
10:46:31,151.6,+0.74%,--,4,60640,买盘
10:46:34,151.6,+0.74%,--,27,417506,买盘
10:46:37,151.8,+0.88%,+0.2,12,186562,买盘
10:46:40,151.99,+1.00%,+0.19,5,75995,买盘
10:46:43,151.83,+0.90%,-0.16,8,125867,卖盘
10:46:52,151.83,+0.90%,--,4,60732,买盘
10:46:55,151.8,+0.88%,-0.03,7,120529,卖盘
10:46:58,151.6,+0.74%,-0.2,60,909600,卖盘
10:47:01,151.81,+0.88%,+0.21,2,30362,中性盘
10:47:04,151.84,+0.90%,+0.03,2,30368,中性盘
10:47:10,151.83,+0.90%,-0.01,2,30366,卖盘
10:47:16,151.91,+0.95%,+0.08,2,42535,买盘
10:47:19,151.84,+0.90%,-0.07,2,35834,卖盘
10:47:22,151.93,+0.96%,+0.09,2,34944,买盘
10:47:25,151.93,+0.96%,--,0,0,买盘
10:47:28,151.84,+0.90%,-0.09,5,75920,卖盘
10:47:31,151.91,+0.95%,+0.07,8,131250,买盘
10:47:34,151.9,+0.94%,-0.01,6,100406,中性盘
10:47:37,151.9,+0.94%,--,0,0,买盘
10:47:40,151.85,+0.91%,-0.05,4,73040,卖盘
10:47:43,151.81,+0.88%,-0.04,17,273106,卖盘
10:47:46,151.82,+0.89%,+0.01,2,34615,买盘
10:47:49,151.74,+0.84%,-0.08,0,5007,卖盘
10:47:55,151.81,+0.88%,+0.07,8,136022,买盘
10:48:01,151.81,+0.88%,--,6,97462,买盘
10:48:07,151.81,+0.88%,--,0,0,买盘
10:48:10,151.61,+0.75%,-0.2,11,166771,卖盘
10:48:13,151.61,+0.75%,--,0,0,买盘
10:48:16,151.5,+0.68%,-0.11,30,459197,卖盘
10:48:19,151.4,+0.61%,-0.1,5,84633,卖盘
10:48:28,151.4,+0.61%,--,4,60560,卖盘
10:48:31,151.26,+0.52%,-0.14,7,112689,卖盘
10:48:34,151.25,+0.51%,-0.01,8,122513,中性盘
10:48:37,151.17,+0.46%,-0.08,5,85109,卖盘
10:48:40,151.17,+0.46%,--,14,225092,买盘
10:48:43,151.17,+0.46%,--,9,139681,卖盘
10:48:52,151.18,+0.47%,+0.01,29,439934,卖盘
10:48:55,151.17,+0.46%,-0.01,10,155403,卖盘
10:48:58,151.09,+0.41%,-0.08,9,135981,卖盘
10:49:04,151.18,+0.47%,+0.09,10,157681,买盘
10:49:04,151.18,+0.47%,--,10,157681,中性盘
10:49:07,151.23,+0.50%,+0.05,5,80152,买盘
10:49:10,151.16,+0.45%,-0.07,9,141335,卖盘
10:49:13,151.16,+0.45%,--,0,0,卖盘
10:49:16,151.2,+0.48%,+0.04,8,120960,买盘
10:49:19,151.2,+0.48%,--,0,6350,卖盘
10:49:22,151.17,+0.46%,-0.03,2,30234,卖盘
10:49:25,151.18,+0.47%,+0.01,2,30236,卖盘
10:49:28,151.16,+0.45%,-0.02,2,30232,卖盘
10:49:34,151.16,+0.45%,--,18,272088,中性盘
10:49:37,151.38,+0.60%,+0.22,5,81897,买盘
10:49:46,151.38,+0.60%,--,2,30276,买盘
10:49:52,151.23,+0.50%,-0.15,3,59887,卖盘
10:49:55,151.37,+0.59%,+0.14,10,153489,买盘
10:50:01,151.38,+0.60%,+0.01,3,45414,买盘
10:50:04,151.39,+0.60%,+0.01,9,148059,买盘
10:50:07,151.37,+0.59%,-0.02,5,77804,卖盘
10:50:10,151.39,+0.60%,+0.02,2,30278,卖盘
10:50:13,151.39,+0.60%,--,8,121112,买盘
10:50:16,151.38,+0.60%,-0.01,4,60552,卖盘
10:50:19,151.38,+0.60%,--,3,51621,卖盘
10:50:22,151.29,+0.54%,-0.09,2,30258,卖盘
10:50:28,151.38,+0.60%,+0.09,2,40418,买盘
10:50:34,151.37,+0.59%,-0.01,2,30274,中性盘
10:50:37,151.37,+0.59%,--,8,123367,买盘
10:50:43,151.37,+0.59%,--,2,30274,买盘
10:50:46,151.37,+0.59%,--,0,0,买盘
10:50:49,151.25,+0.51%,-0.12,0,7563,卖盘
10:50:52,151.25,+0.51%,--,2,30250,买盘
10:50:55,151.26,+0.52%,+0.01,11,179848,买盘
10:50:58,151.26,+0.52%,--,6,90756,买盘
10:51:07,151.35,+0.58%,+0.09,7,107004,买盘
10:51:10,151.26,+0.52%,-0.09,3,48101,卖盘
10:51:16,151.36,+0.58%,+0.1,5,89302,买盘
10:51:28,151.36,+0.58%,--,2,30272,买盘
10:51:31,151.36,+0.58%,--,0,2422,买盘
10:51:34,151.37,+0.59%,+0.01,6,90822,买盘
10:51:37,151.39,+0.60%,+0.02,2,30278,买盘
10:51:43,151.47,+0.66%,+0.08,5,76341,买盘
10:51:46,151.47,+0.66%,--,2,30294,买盘
10:51:49,151.47,+0.66%,--,1,26810,买盘
10:51:52,151.5,+0.68%,+0.03,4,60600,买盘
10:51:55,151.51,+0.68%,+0.01,7,106057,买盘
10:51:58,151.5,+0.68%,-0.01,5,76053,卖盘
10:52:01,151.5,+0.68%,--,0,0,卖盘
10:52:04,151.27,+0.52%,-0.23,4,70341,卖盘
10:52:07,151.27,+0.52%,--,0,0,卖盘
10:52:13,151.33,+0.56%,+0.06,2,33141,中性盘
10:52:16,151.56,+0.72%,+0.23,6,101394,买盘
10:52:19,151.53,+0.70%,-0.03,2,30306,买盘
10:52:22,151.42,+0.62%,-0.11,4,68139,中性盘
10:52:25,151.4,+0.61%,-0.02,4,67524,卖盘
10:52:31,151.4,+0.61%,--,0,0,卖盘
10:52:34,151.35,+0.58%,-0.05,49,744037,卖盘
10:52:37,151.52,+0.69%,+0.17,3,55002,买盘
10:52:40,151.55,+0.71%,+0.03,4,60620,买盘
10:52:43,151.55,+0.71%,--,0,0,中性盘
10:52:49,151.38,+0.60%,-0.17,5,75690,卖盘
10:52:55,151.55,+0.71%,+0.17,9,146852,买盘
10:52:58,151.53,+0.70%,-0.02,8,127134,中性盘
10:53:04,151.4,+0.61%,-0.13,2,30280,卖盘
10:53:07,151.53,+0.70%,+0.13,5,80765,买盘
10:53:10,151.53,+0.70%,--,0,0,卖盘
10:53:13,151.5,+0.68%,-0.03,5,88931,卖盘
10:53:16,151.55,+0.71%,+0.05,4,62136,买盘
10:53:22,151.55,+0.71%,--,0,0,买盘
10:53:25,151.55,+0.71%,--,10,156854,买盘
10:53:28,151.57,+0.72%,+0.02,3,59112,买盘
10:53:31,151.3,+0.54%,-0.27,5,81702,卖盘
10:53:34,151.52,+0.69%,+0.22,3,48183,中性盘
10:53:37,151.53,+0.70%,+0.01,5,84402,买盘
10:53:46,151.37,+0.59%,-0.16,2,30274,卖盘
10:53:49,151.49,+0.67%,+0.12,9,138613,买盘
10:53:52,151.49,+0.67%,--,0,0,买盘
10:53:55,151.4,+0.61%,-0.09,3,53747,中性盘
10:53:58,151.36,+0.58%,-0.04,2,33753,卖盘
10:54:01,151.4,+0.61%,+0.04,2,30280,买盘
10:54:07,151.36,+0.58%,-0.04,5,81886,卖盘
10:54:16,151.4,+0.61%,+0.04,4,73883,买盘
10:54:19,151.36,+0.58%,-0.04,2,30272,买盘
10:54:22,151.36,+0.58%,--,2,43440,卖盘
10:54:25,151.36,+0.58%,--,1,15136,卖盘
10:54:28,151.3,+0.54%,-0.06,4,72019,卖盘
10:54:31,151.27,+0.52%,-0.03,4,65349,买盘
10:54:34,151.4,+0.61%,+0.13,2,37850,买盘
10:54:37,151.4,+0.61%,--,2,43755,买盘
10:54:40,151.4,+0.61%,--,4,60560,买盘
10:54:43,151.29,+0.54%,-0.11,3,53859,卖盘
10:54:46,151.29,+0.54%,--,0,0,卖盘
10:54:49,151.38,+0.60%,+0.09,2,30276,买盘
10:54:52,151.38,+0.60%,--,0,0,买盘
10:54:55,151.38,+0.60%,--,9,136848,买盘
10:54:58,151.4,+0.61%,+0.02,3,50416,买盘
10:55:04,151.32,+0.56%,-0.08,2,30264,中性盘
10:55:07,151.32,+0.56%,--,0,0,中性盘
10:55:13,151.39,+0.60%,+0.07,2,36334,买盘
10:55:16,151.4,+0.61%,+0.01,2,33308,买盘
10:55:19,151.4,+0.61%,--,0,0,买盘
10:55:22,151.32,+0.56%,-0.08,10,153287,卖盘
10:55:25,151.35,+0.58%,+0.03,2,30270,卖盘
10:55:28,151.31,+0.55%,-0.04,5,88668,卖盘
10:55:31,151.31,+0.55%,--,0,0,卖盘
10:55:34,151.32,+0.56%,+0.01,10,151320,中性盘
10:55:37,151.36,+0.58%,+0.04,2,42229,买盘
10:55:43,151.35,+0.58%,-0.01,2,30270,中性盘
10:55:49,151.31,+0.55%,-0.04,2,30262,卖盘
10:55:52,151.32,+0.56%,+0.01,2,30264,中性盘
10:55:55,151.34,+0.57%,+0.02,10,162085,中性盘
10:55:58,151.34,+0.57%,--,0,0,买盘
10:56:04,151.32,+0.56%,-0.02,2,30264,中性盘
10:56:07,151.32,+0.56%,--,4,60528,卖盘
10:56:10,151.32,+0.56%,--,4,71574,中性盘
10:56:16,151.33,+0.56%,+0.01,11,180839,买盘
10:56:22,151.33,+0.56%,--,2,30266,买盘
10:56:22,151.33,+0.56%,-0.11,2,30266,中性盘
10:56:34,151.22,+0.49%,-0.11,4,63512,卖盘
10:56:37,151.32,+0.56%,+0.1,5,83983,买盘
10:56:40,151.21,+0.49%,-0.11,6,91331,卖盘
10:56:43,151.1,+0.41%,-0.11,16,252941,卖盘
10:56:46,150.96,+0.32%,-0.14,15,226893,卖盘
10:56:49,150.96,+0.32%,--,3,45288,卖盘
10:56:58,150.96,+0.32%,--,5,84085,卖盘
10:57:07,150.96,+0.32%,--,0,0,中性盘
10:57:13,150.95,+0.31%,-0.01,4,60380,卖盘
10:57:16,151.1,+0.41%,+0.15,3,53036,买盘
10:57:19,150.97,+0.33%,-0.13,4,60388,卖盘
10:57:22,151.05,+0.38%,+0.08,7,105735,中性盘
10:57:25,151.05,+0.38%,--,0,0,中性盘
10:57:31,151.09,+0.41%,+0.04,8,133564,买盘
10:57:37,151.1,+0.41%,+0.01,6,91567,买盘
10:57:40,150.93,+0.30%,-0.17,2,36525,卖盘
10:57:43,151.1,+0.41%,+0.17,2,30220,买盘
10:57:46,150.9,+0.28%,-0.2,8,134301,卖盘
10:57:49,151.2,+0.48%,+0.3,6,90720,买盘
10:57:58,151.2,+0.48%,+0.1,12,189000,买盘
10:58:01,151.1,+0.41%,-0.1,2,30220,卖盘
10:58:07,151.1,+0.41%,--,0,0,中性盘
10:58:10,150.91,+0.29%,-0.19,8,120728,卖盘
10:58:16,151.16,+0.45%,+0.25,2,43836,买盘
10:58:19,150.91,+0.29%,-0.25,8,125859,卖盘
10:58:22,151.03,+0.37%,+0.12,2,34888,买盘
10:58:25,151.03,+0.37%,--,3,58600,买盘
10:58:28,151.16,+0.45%,+0.13,2,35674,买盘
10:58:31,151.01,+0.35%,-0.15,0,1812,卖盘
10:58:34,151.01,+0.35%,--,2,30202,买盘
10:58:37,151.01,+0.35%,--,6,97703,买盘
10:58:40,151.01,+0.35%,--,0,0,买盘
10:58:46,151.01,+0.35%,-0.15,2,30202,卖盘
10:58:49,151.17,+0.46%,+0.16,2,30234,买盘
10:58:52,151.01,+0.35%,-0.16,8,122167,卖盘
10:58:55,151.16,+0.45%,+0.15,2,30232,买盘
10:58:58,151.16,+0.45%,--,13,205426,买盘
10:59:01,151.14,+0.44%,-0.02,2,30228,中性盘
10:59:04,151.04,+0.37%,-0.1,6,90624,卖盘
10:59:16,151.16,+0.45%,+0.12,12,187741,买盘
10:59:19,151.02,+0.36%,-0.14,4,70073,卖盘
10:59:22,151.16,+0.45%,+0.14,2,43685,买盘
10:59:34,151.17,+0.46%,+0.01,10,160391,买盘
10:59:37,151.17,+0.46%,--,3,50491,买盘
10:59:40,151.28,+0.53%,+0.11,10,152490,买盘
10:59:43,151.11,+0.42%,-0.17,2,40044,卖盘
10:59:46,151.11,+0.42%,--,0,0,中性盘
10:59:49,151.25,+0.51%,+0.14,2,30250,中性盘
10:59:52,151.03,+0.37%,-0.22,2,34133,卖盘
11:00:01,151.02,+0.36%,-0.01,2,31563,卖盘
11:00:04,151.06,+0.39%,+0.04,8,132329,买盘
11:00:04,151.06,+0.39%,--,8,132329,中性盘
11:00:04,151.06,+0.39%,--,8,132329,买盘
11:00:10,151.02,+0.36%,-0.04,7,114171,卖盘
11:00:16,151.25,+0.51%,+0.23,7,110110,买盘
11:00:25,151.02,+0.36%,-0.23,0,9212,卖盘
11:00:28,150.99,+0.34%,-0.03,3,45297,卖盘
11:00:31,150.91,+0.29%,-0.08,4,69268,卖盘
11:00:37,150.99,+0.34%,+0.08,8,124567,买盘
11:00:43,150.99,+0.34%,--,0,0,中性盘
11:00:46,150.91,+0.29%,-0.08,2,30182,卖盘
11:00:52,150.91,+0.29%,--,0,0,卖盘
11:00:55,151.01,+0.35%,+0.1,4,61310,买盘
11:00:58,151.02,+0.36%,+0.01,4,62220,买盘
11:01:01,151.02,+0.36%,--,4,60408,买盘
11:01:04,151.02,+0.36%,--,0,0,买盘
11:01:10,150.96,+0.32%,-0.06,10,150960,中性盘
11:01:13,150.96,+0.32%,--,2,30192,卖盘
11:01:16,151.04,+0.37%,+0.08,9,139863,买盘
11:01:22,151.04,+0.37%,--,0,0,买盘
11:01:25,150.98,+0.33%,-0.06,8,130900,买盘
11:01:28,150.97,+0.33%,-0.01,2,30194,卖盘
11:01:31,150.91,+0.29%,-0.06,7,119823,卖盘
11:01:34,150.95,+0.31%,+0.04,2,44983,买盘
11:01:37,151.02,+0.36%,+0.07,7,110245,买盘
11:01:40,150.92,+0.29%,-0.1,2,30184,卖盘
11:01:43,150.92,+0.29%,--,2,40748,卖盘
11:01:46,150.92,+0.29%,--,0,0,卖盘
11:01:49,151.01,+0.35%,+0.09,2,30353,买盘
11:01:52,150.92,+0.29%,-0.09,0,4528,卖盘
11:01:55,150.91,+0.29%,-0.01,2,30182,卖盘
11:02:01,150.91,+0.29%,--,7,119672,卖盘
11:02:04,150.9,+0.28%,-0.01,4,60511,卖盘
11:02:07,150.9,+0.28%,--,2,30331,卖盘
11:02:10,150.91,+0.29%,+0.01,4,60364,中性盘
11:02:13,150.91,+0.29%,--,4,60364,买盘
11:02:16,151.0,+0.35%,+0.09,6,101623,买盘
11:02:22,151.0,+0.35%,--,6,99056,买盘
11:02:25,151.0,+0.35%,--,4,60400,买盘
11:02:28,151.03,+0.37%,+0.03,12,193318,买盘
11:02:31,150.97,+0.33%,-0.06,8,131042,卖盘
11:02:34,150.97,+0.33%,--,7,118813,买盘
11:02:37,151.04,+0.37%,+0.07,13,205263,买盘
11:02:40,151.01,+0.35%,-0.03,8,129416,卖盘
11:02:43,151.01,+0.35%,--,5,81998,买盘
11:02:46,151.28,+0.53%,+0.27,4,60512,买盘
11:02:49,151.02,+0.36%,-0.26,4,69016,卖盘
11:02:52,151.23,+0.50%,+0.21,2,30246,买盘
11:02:55,151.01,+0.35%,-0.22,2,39716,卖盘
11:02:58,151.22,+0.49%,+0.21,5,83927,中性盘
11:03:01,151.22,+0.49%,--,4,60488,买盘
11:03:07,150.98,+0.33%,-0.24,11,168494,卖盘
11:03:10,151.2,+0.48%,+0.22,2,30240,中性盘
11:03:13,151.21,+0.49%,+0.01,2,30242,买盘
11:03:16,151.01,+0.35%,-0.2,2,34279,卖盘
11:03:19,151.22,+0.49%,+0.21,7,113717,买盘
11:03:22,151.05,+0.38%,-0.17,2,30210,中性盘
11:03:28,151.05,+0.38%,--,2,30210,卖盘
11:03:31,151.22,+0.49%,+0.17,5,81508,买盘
11:03:34,151.22,+0.49%,--,0,0,中性盘
11:03:40,151.02,+0.36%,-0.2,3,47118,卖盘
11:03:43,151.04,+0.37%,+0.02,4,60416,中性盘
11:03:43,151.04,+0.37%,--,4,60416,中性盘
11:03:43,151.04,+0.37%,--,4,60416,卖盘
11:03:49,151.04,+0.37%,--,3,57244,卖盘
11:03:58,151.21,+0.49%,+0.17,2,45061,买盘
11:04:04,151.06,+0.39%,-0.15,2,30212,中性盘
11:04:07,151.04,+0.37%,-0.02,3,45312,卖盘
11:04:10,151.11,+0.42%,+0.07,5,80391,买盘
11:04:13,151.11,+0.42%,--,2,30222,卖盘
11:04:19,151.15,+0.45%,+0.04,15,237910,买盘
11:04:22,151.12,+0.43%,-0.03,4,74049,卖盘
11:04:25,151.15,+0.45%,+0.03,2,30381,买盘
11:04:31,151.12,+0.43%,-0.03,2,30224,买盘
11:04:34,151.06,+0.39%,-0.06,3,50001,卖盘
11:04:37,151.12,+0.43%,+0.06,2,30224,买盘
11:04:40,151.12,+0.43%,--,2,30224,买盘
11:04:43,151.15,+0.45%,+0.03,2,30230,买盘
11:04:46,151.2,+0.48%,+0.05,2,30240,买盘
11:04:49,151.19,+0.47%,-0.01,2,30238,买盘
11:04:52,151.08,+0.40%,-0.11,8,120864,卖盘
11:04:55,151.2,+0.48%,+0.12,8,120960,买盘
11:04:58,151.22,+0.49%,+0.02,2,37200,买盘
11:05:01,151.07,+0.39%,-0.15,2,30214,卖盘
11:05:16,151.22,+0.49%,+0.15,2,30244,买盘
11:05:19,151.06,+0.39%,-0.16,6,93355,卖盘
11:05:22,151.06,+0.39%,--,2,42901,卖盘
11:05:25,152.0,+1.01%,+0.94,354,5380800,买盘
11:05:28,151.23,+0.50%,-0.77,17,269643,中性盘
11:05:31,151.2,+0.48%,-0.03,12,192175,卖盘
11:05:34,151.17,+0.46%,-0.03,9,141646,卖盘
11:05:37,151.54,+0.70%,+0.37,11,180030,中性盘
11:05:40,151.17,+0.46%,-0.37,2,42932,卖盘
11:05:46,151.53,+0.70%,+0.36,2,30306,买盘
11:05:52,151.15,+0.45%,-0.38,2,30230,卖盘
11:05:55,151.15,+0.45%,--,0,0,中性盘
11:05:58,151.53,+0.70%,+0.38,3,53642,买盘
11:06:04,151.53,+0.70%,--,0,0,买盘
11:06:07,151.19,+0.47%,-0.34,5,79677,卖盘
11:06:10,151.22,+0.49%,+0.03,7,111298,买盘
11:06:13,151.22,+0.49%,--,0,0,卖盘
11:06:16,151.19,+0.47%,-0.03,4,68943,卖盘
11:06:19,151.22,+0.49%,+0.03,7,117196,卖盘
11:06:31,151.16,+0.45%,-0.06,8,120928,卖盘
11:06:34,151.14,+0.44%,-0.02,4,60456,卖盘
11:06:37,151.14,+0.44%,--,11,174718,卖盘
11:06:40,151.14,+0.44%,--,5,83580,买盘
11:06:43,151.15,+0.45%,+0.01,4,60460,买盘
11:06:46,151.22,+0.49%,+0.07,4,60488,买盘
11:06:49,151.22,+0.49%,--,0,0,买盘
11:06:58,151.22,+0.49%,--,2,43400,买盘
11:07:01,151.22,+0.49%,--,2,30244,买盘
11:07:04,151.15,+0.45%,-0.07,9,141628,卖盘
11:07:07,151.46,+0.65%,+0.31,4,64673,买盘
11:07:16,151.22,+0.49%,-0.24,11,169971,买盘
11:07:19,151.46,+0.65%,+0.24,7,120714,买盘
11:07:22,151.46,+0.65%,--,0,0,买盘
11:07:22,151.46,+0.65%,-0.28,0,0,中性盘
11:07:28,151.18,+0.47%,-0.28,2,36888,卖盘
11:07:37,151.43,+0.63%,+0.25,4,71172,买盘
11:07:40,151.43,+0.63%,--,0,0,买盘
11:07:43,151.18,+0.47%,-0.25,0,4535,卖盘
11:07:46,151.18,+0.47%,--,1,25701,买盘
11:07:49,151.15,+0.45%,-0.03,7,113211,卖盘
11:07:52,151.15,+0.45%,--,4,68018,卖盘
11:07:55,151.15,+0.45%,--,0,0,卖盘
11:07:58,151.37,+0.59%,+0.22,2,42686,中性盘
11:08:10,151.15,+0.45%,-0.22,2,31742,卖盘
11:08:19,151.15,+0.45%,--,4,70587,卖盘
11:08:22,151.15,+0.45%,--,2,34311,卖盘
11:08:25,151.08,+0.40%,-0.07,4,62849,卖盘
11:08:34,151.08,+0.40%,--,0,0,卖盘
11:08:40,151.38,+0.60%,+0.3,3,47987,买盘
11:08:43,151.3,+0.54%,-0.08,2,30260,中性盘
11:08:46,151.3,+0.54%,--,4,60520,买盘
11:08:52,151.09,+0.41%,-0.21,2,30218,中性盘
11:08:58,151.26,+0.52%,+0.17,2,44319,买盘
11:09:04,151.26,+0.52%,--,0,0,中性盘
11:09:07,151.13,+0.43%,-0.13,8,120904,卖盘
11:09:16,151.09,+0.41%,-0.04,2,30218,中性盘
11:09:19,151.26,+0.52%,+0.17,4,60504,买盘
11:09:22,151.26,+0.52%,--,5,75630,买盘
11:09:34,151.09,+0.41%,-0.17,4,63307,卖盘
11:09:37,151.08,+0.40%,-0.01,2,30216,卖盘
11:09:40,151.25,+0.51%,+0.17,2,41594,买盘
11:09:43,151.08,+0.40%,-0.17,4,73727,卖盘
11:09:46,151.08,+0.40%,--,9,136727,卖盘
11:09:49,151.09,+0.41%,+0.01,2,30218,卖盘
11:09:52,151.09,+0.41%,--,0,0,卖盘
11:09:55,151.1,+0.41%,+0.01,4,60440,卖盘
11:09:58,151.25,+0.51%,+0.15,2,30250,买盘
11:10:01,151.0,+0.35%,-0.25,7,108267,卖盘
11:10:07,151.0,+0.35%,--,2,38958,卖盘
11:10:10,151.11,+0.42%,+0.11,2,30222,中性盘
11:10:16,151.01,+0.35%,-0.1,2,30202,卖盘
11:10:19,150.99,+0.34%,-0.02,10,158087,卖盘
11:10:22,151.04,+0.37%,+0.05,4,66156,买盘
11:10:25,151.19,+0.47%,+0.15,2,32355,买盘
11:10:37,151.19,+0.47%,--,0,0,买盘
11:10:40,151.2,+0.48%,+0.01,5,87091,买盘
11:10:46,151.2,+0.48%,--,0,0,买盘
11:10:49,151.04,+0.37%,-0.16,4,60416,卖盘
11:10:55,151.04,+0.37%,--,0,0,中性盘
11:10:58,151.18,+0.47%,+0.14,2,30236,买盘
11:10:58,151.18,+0.47%,-0.17,2,30236,中性盘
11:11:04,151.01,+0.35%,-0.17,2,30202,卖盘
11:11:13,150.98,+0.33%,-0.03,3,52994,卖盘
11:11:16,150.98,+0.33%,--,3,52994,卖盘
11:11:19,151.2,+0.48%,+0.22,4,61841,买盘
11:11:22,150.98,+0.33%,-0.22,5,90437,卖盘
11:11:34,150.97,+0.33%,-0.01,4,63407,卖盘
11:11:37,151.2,+0.48%,+0.23,6,90720,买盘
11:11:40,151.26,+0.52%,+0.06,5,82890,买盘
11:11:43,151.02,+0.36%,-0.24,6,90612,中性盘
11:11:55,151.02,+0.36%,--,0,0,中性盘
11:11:58,151.26,+0.52%,+0.24,13,205411,买盘
11:12:04,151.26,+0.52%,--,0,0,买盘
11:12:07,151.0,+0.35%,-0.26,4,60400,卖盘
11:12:19,151.26,+0.52%,+0.26,6,99529,买盘
11:12:22,150.99,+0.34%,-0.27,4,60396,卖盘
11:12:28,150.98,+0.33%,-0.01,4,60694,卖盘
11:12:31,150.97,+0.33%,-0.01,5,84543,卖盘
11:12:37,150.97,+0.33%,--,0,0,卖盘
11:12:40,151.19,+0.47%,+0.22,2,40972,买盘
11:12:43,150.97,+0.33%,-0.22,2,30496,卖盘
11:12:46,151.19,+0.47%,+0.22,4,60476,买盘
11:12:58,151.19,+0.47%,--,4,74688,买盘
11:13:01,150.98,+0.33%,-0.21,4,65223,卖盘
11:13:04,150.9,+0.28%,-0.08,30,462961,卖盘
11:13:16,151.15,+0.45%,+0.25,2,40962,买盘
11:13:19,150.97,+0.33%,-0.18,4,60388,中性盘
11:13:22,151.0,+0.35%,+0.03,6,101623,买盘
11:13:37,150.91,+0.29%,-0.09,2,30786,卖盘
11:13:40,151.15,+0.45%,+0.24,2,43229,买盘
11:13:46,150.9,+0.28%,-0.25,8,129472,卖盘
11:13:49,150.9,+0.28%,--,2,30180,卖盘
11:14:01,150.9,+0.28%,--,8,126756,卖盘
11:14:07,150.9,+0.28%,--,2,30784,卖盘
11:14:10,150.9,+0.28%,--,0,0,卖盘
11:14:13,150.9,+0.28%,--,4,65792,卖盘
11:14:16,151.1,+0.41%,+0.2,8,120880,买盘
11:14:19,151.1,+0.41%,--,28,429728,买盘
11:14:22,150.92,+0.29%,-0.18,4,61877,中性盘
11:14:25,150.95,+0.31%,+0.03,19,289069,买盘
11:14:31,150.91,+0.29%,-0.04,2,30937,卖盘
11:14:37,150.91,+0.29%,--,2,30182,卖盘
11:14:40,151.09,+0.41%,+0.18,2,30218,买盘
11:21:58,151.09,+0.41%,--,2,31427,中性盘
11:22:01,151.45,+0.64%,+0.36,2,44223,买盘
11:22:04,151.45,+0.64%,--,0,0,买盘
11:22:07,151.13,+0.43%,-0.32,8,120904,卖盘
11:22:10,151.1,+0.41%,-0.03,7,117254,卖盘
11:22:13,151.09,+0.41%,-0.01,2,30822,卖盘
11:22:16,151.44,+0.64%,+0.35,2,30288,买盘
11:22:19,151.44,+0.64%,--,6,92833,买盘
11:22:22,151.16,+0.45%,-0.28,4,70138,卖盘
11:22:25,151.13,+0.43%,-0.03,1,20554,买盘
11:22:28,151.13,+0.43%,--,0,0,卖盘
11:22:31,151.16,+0.45%,+0.03,2,30232,卖盘
11:22:34,151.13,+0.43%,-0.03,2,30226,买盘
11:22:37,151.16,+0.45%,+0.03,2,30232,买盘
11:22:40,151.43,+0.63%,+0.27,3,57089,买盘
11:22:43,151.11,+0.42%,-0.32,4,60444,卖盘
11:22:58,151.13,+0.43%,+0.02,12,186041,中性盘
11:23:01,151.13,+0.43%,--,11,180449,卖盘
11:23:04,151.19,+0.47%,+0.06,4,71210,中性盘
11:23:07,151.19,+0.47%,--,0,0,中性盘
11:23:10,151.06,+0.39%,-0.13,0,4079,卖盘
11:23:19,151.42,+0.62%,+0.36,6,90852,买盘
11:23:22,151.44,+0.64%,+0.02,2,40283,买盘
11:23:25,151.41,+0.62%,-0.03,7,105987,中性盘
11:23:28,151.41,+0.62%,--,0,0,中性盘
11:23:31,151.41,+0.62%,--,2,30282,中性盘
11:23:40,151.41,+0.62%,--,12,191382,买盘
11:23:43,151.1,+0.41%,-0.31,2,35811,卖盘
11:23:46,151.1,+0.41%,--,0,0,卖盘
11:23:49,151.11,+0.42%,+0.01,10,156248,卖盘
11:24:01,151.41,+0.62%,+0.3,4,70406,买盘
11:24:04,151.17,+0.46%,-0.24,4,60468,中性盘
11:24:16,151.17,+0.46%,--,0,0,中性盘
11:24:19,151.11,+0.42%,-0.06,7,117412,卖盘
11:24:22,151.13,+0.43%,+0.02,6,103524,卖盘
11:24:25,151.11,+0.42%,-0.02,2,30222,卖盘
11:24:28,151.11,+0.42%,--,3,50924,卖盘
11:24:31,151.11,+0.42%,--,0,0,卖盘
11:24:34,151.06,+0.39%,-0.05,12,193055,卖盘
11:24:37,151.06,+0.39%,--,0,0,卖盘
11:24:40,151.1,+0.41%,+0.04,2,30220,买盘
11:24:43,151.1,+0.41%,--,2,30522,买盘
11:24:55,151.1,+0.41%,--,2,30220,买盘
11:25:01,151.11,+0.42%,+0.01,11,169243,买盘
11:25:04,151.12,+0.43%,+0.01,8,129661,买盘
11:25:07,151.11,+0.42%,-0.01,6,100790,卖盘
11:25:10,151.1,+0.41%,-0.01,8,125564,卖盘
11:25:19,151.1,+0.41%,--,3,49863,卖盘
11:25:22,151.37,+0.59%,+0.27,2,30274,买盘
11:25:28,151.09,+0.41%,-0.28,4,61343,卖盘
11:25:31,151.37,+0.59%,+0.28,2,30425,买盘
11:25:37,151.09,+0.41%,-0.28,3,51371,卖盘
11:25:40,151.42,+0.62%,+0.33,4,62688,中性盘
13:13:55,150.76,+0.19%,--,2,40705,中性盘
13:13:58,150.76,+0.19%,--,0,0,卖盘
13:14:04,151.0,+0.35%,+0.24,5,88486,中性盘
13:14:07,151.03,+0.37%,+0.03,4,70984,买盘
13:14:10,151.03,+0.37%,--,2,30206,买盘
13:14:16,150.8,+0.21%,-0.23,2,30160,卖盘
13:14:19,150.8,+0.21%,--,2,30612,卖盘
13:14:22,150.77,+0.19%,-0.03,4,63173,买盘
13:14:25,151.03,+0.37%,+0.26,18,280765,买盘
13:14:28,150.82,+0.23%,-0.21,12,183850,卖盘
13:14:37,150.82,+0.23%,--,2,30164,买盘
13:14:40,150.82,+0.23%,--,0,14328,买盘
13:14:43,150.7,+0.15%,-0.12,16,249409,卖盘
13:14:46,150.73,+0.17%,+0.03,24,370344,买盘
13:14:49,150.7,+0.15%,-0.03,5,85146,卖盘
13:14:52,150.7,+0.15%,--,5,82734,卖盘
13:14:55,150.71,+0.15%,+0.01,2,30142,卖盘
13:15:01,150.71,+0.15%,--,0,2110,卖盘
13:15:04,150.62,+0.09%,-0.09,10,162670,卖盘
13:15:07,150.62,+0.09%,--,1,16116,买盘
13:15:13,150.62,+0.09%,--,0,0,卖盘
13:15:16,150.67,+0.13%,+0.05,2,30134,中性盘
13:15:19,150.67,+0.13%,--,4,60569,卖盘
13:15:25,150.88,+0.27%,+0.21,4,71819,买盘
13:15:28,150.88,+0.27%,--,0,0,买盘
13:15:31,150.88,+0.27%,--,0,0,中性盘
13:15:34,150.67,+0.13%,-0.21,4,60268,卖盘
13:15:37,150.88,+0.27%,+0.21,16,242917,买盘
13:15:40,150.88,+0.27%,--,8,120704,买盘
13:15:43,150.67,+0.13%,-0.21,4,69911,卖盘
13:15:46,150.99,+0.34%,+0.32,7,116111,买盘
13:15:49,150.68,+0.13%,-0.31,2,35410,中性盘
13:15:52,150.66,+0.12%,-0.02,15,239700,卖盘
13:16:04,150.99,+0.34%,+0.33,5,84705,买盘
13:16:07,150.99,+0.34%,--,0,0,买盘
13:16:10,150.69,+0.14%,-0.3,23,351258,卖盘
13:16:13,151.0,+0.35%,+0.31,2,34277,买盘
13:16:25,150.89,+0.27%,-0.11,7,107735,买盘
13:16:28,150.66,+0.12%,-0.23,2,39172,卖盘
13:16:34,150.66,+0.12%,--,3,54539,卖盘
13:16:37,150.66,+0.12%,--,6,98682,卖盘
13:16:40,150.67,+0.13%,+0.01,2,31038,中性盘
13:16:43,150.8,+0.21%,+0.13,7,107370,买盘
13:16:49,150.67,+0.13%,-0.13,2,30134,卖盘
13:16:55,150.6,+0.08%,-0.07,2,30120,卖盘
13:17:01,150.6,+0.08%,--,0,0,卖盘
13:17:04,151.0,+0.35%,+0.4,10,160513,买盘
13:17:07,150.65,+0.11%,-0.35,6,105304,卖盘
13:17:10,150.67,+0.13%,+0.02,5,81814,卖盘
13:17:16,150.65,+0.11%,-0.02,6,95512,卖盘
13:17:19,150.65,+0.11%,--,0,0,卖盘
13:17:25,150.67,+0.13%,+0.02,7,114811,中性盘
13:17:28,150.63,+0.10%,-0.04,2,30126,卖盘
13:17:31,150.64,+0.11%,+0.01,33,504041,卖盘
13:17:34,150.57,+0.06%,-0.07,17,263799,卖盘
13:17:34,150.57,+0.06%,--,17,263799,中性盘
13:17:37,150.57,+0.06%,--,37,562680,买盘
13:17:40,150.59,+0.07%,+0.02,21,320757,卖盘
13:17:43,150.6,+0.08%,+0.01,12,194726,卖盘
13:17:46,150.6,+0.08%,--,2,40813,卖盘
13:17:49,150.71,+0.15%,+0.11,2,30142,买盘
13:17:55,150.71,+0.15%,--,2,30142,买盘
13:17:58,150.71,+0.15%,--,0,0,买盘
13:18:01,150.58,+0.07%,-0.13,4,66406,卖盘
13:18:04,150.9,+0.28%,+0.32,2,30180,买盘
13:18:07,150.9,+0.28%,--,0,0,中性盘
13:18:10,150.56,+0.05%,-0.34,2,30112,中性盘
13:18:13,150.63,+0.10%,+0.07,5,89625,卖盘
13:18:16,150.6,+0.08%,-0.03,6,92920,买盘
13:18:19,150.55,+0.05%,-0.05,4,60220,买盘
13:18:22,150.57,+0.06%,+0.02,2,32975,买盘
13:18:25,150.57,+0.06%,--,2,33276,卖盘
13:18:28,150.51,+0.02%,-0.06,2,30102,卖盘
13:18:31,150.5,+0.01%,-0.01,5,84280,卖盘
13:18:34,150.56,+0.05%,+0.06,8,125115,买盘
13:18:37,150.57,+0.06%,+0.01,3,56163,买盘
13:18:40,150.57,+0.06%,--,8,123016,卖盘
13:18:43,150.57,+0.06%,--,0,0,卖盘
13:18:46,150.81,+0.22%,+0.24,5,85208,买盘
13:18:49,150.81,+0.22%,--,1,19605,卖盘
13:18:52,150.68,+0.13%,-0.13,8,124010,卖盘
13:18:55,150.68,+0.13%,--,0,0,买盘
13:18:58,150.6,+0.08%,-0.08,19,287797,中性盘
13:19:01,150.6,+0.08%,--,8,123793,卖盘
13:19:04,150.81,+0.22%,+0.21,4,66809,买盘
13:19:07,150.81,+0.22%,--,0,0,买盘
13:19:10,150.66,+0.12%,-0.15,6,90396,中性盘
13:19:13,150.66,+0.12%,--,0,0,卖盘
13:19:16,150.65,+0.11%,-0.01,6,103497,卖盘
13:19:22,150.65,+0.11%,--,3,48660,买盘
13:19:25,150.6,+0.08%,-0.05,7,119727,卖盘
13:19:28,150.6,+0.08%,--,2,42168,卖盘
13:19:37,150.6,+0.08%,--,1,18223,卖盘
13:19:43,150.65,+0.11%,+0.05,16,250832,买盘
13:19:46,150.88,+0.27%,+0.23,2,37116,买盘
13:19:49,150.78,+0.20%,-0.1,9,143090,卖盘
13:19:52,150.78,+0.20%,--,0,0,买盘
13:19:55,150.65,+0.11%,-0.13,8,134229,卖盘
13:19:58,150.62,+0.09%,-0.03,2,44734,卖盘
13:20:01,150.62,+0.09%,--,11,172008,卖盘
13:20:04,150.92,+0.29%,+0.3,2,39088,买盘
13:20:07,150.66,+0.12%,-0.26,7,116159,中性盘
13:20:10,150.66,+0.12%,--,9,150509,卖盘
13:20:13,151.0,+0.35%,+0.34,2,30200,买盘
13:20:16,150.66,+0.12%,-0.34,2,35706,卖盘
13:20:19,150.99,+0.34%,+0.33,28,424131,买盘
13:20:22,150.67,+0.13%,-0.32,11,171312,卖盘
13:20:25,151.0,+0.35%,+0.33,25,381426,买盘
13:20:28,150.99,+0.34%,-0.01,6,98747,买盘
13:20:31,151.0,+0.35%,+0.01,14,211400,买盘
13:20:34,150.71,+0.15%,-0.29,4,61339,卖盘
13:20:37,150.71,+0.15%,--,0,0,卖盘
13:20:40,150.89,+0.27%,+0.18,5,81631,买盘
13:20:43,150.9,+0.28%,+0.01,38,576136,买盘
13:20:46,150.89,+0.27%,-0.01,20,305250,卖盘
13:20:49,151.1,+0.41%,+0.21,4,68146,买盘
13:20:52,150.9,+0.28%,-0.2,35,532073,买盘
13:20:55,150.97,+0.33%,+0.07,12,186448,买盘
13:20:58,150.97,+0.33%,--,0,7850,卖盘
13:21:01,150.87,+0.26%,-0.1,2,30174,卖盘
13:21:04,151.09,+0.41%,+0.22,2,41701,买盘
13:21:10,150.88,+0.27%,-0.21,2,30176,卖盘
13:21:13,151.07,+0.39%,+0.19,2,31876,买盘
13:24:49,151.12,+0.43%,--,0,0,中性盘
13:24:58,151.12,+0.43%,--,0,0,买盘
13:25:01,151.11,+0.42%,-0.01,22,336069,买盘
13:25:04,150.99,+0.34%,-0.12,4,67342,卖盘
13:25:07,150.99,+0.34%,--,2,42579,卖盘
13:25:10,150.99,+0.34%,--,4,61000,卖盘
13:25:13,150.99,+0.34%,--,4,62812,卖盘
13:25:16,150.99,+0.34%,--,4,60396,卖盘
13:25:19,150.99,+0.34%,--,3,53148,卖盘
13:25:22,151.0,+0.35%,+0.01,7,113099,买盘
13:25:28,151.0,+0.35%,--,4,65232,卖盘
13:25:43,151.0,+0.35%,--,0,0,中性盘
13:25:46,150.89,+0.27%,-0.11,3,51303,中性盘
13:25:52,150.89,+0.27%,--,4,60356,卖盘
13:25:58,151.0,+0.35%,+0.11,8,124273,买盘
13:26:01,151.0,+0.35%,--,10,162627,买盘
13:26:04,151.0,+0.35%,--,18,271951,卖盘
13:26:07,151.0,+0.35%,--,0,0,买盘
13:26:10,151.0,+0.35%,--,4,72178,买盘
13:26:13,151.0,+0.35%,--,7,111891,卖盘
13:26:19,151.0,+0.35%,--,2,30351,卖盘
13:26:22,151.0,+0.35%,--,2,42733,卖盘
13:26:25,150.97,+0.33%,-0.03,6,92847,买盘
13:26:28,151.0,+0.35%,+0.03,2,30200,买盘
13:26:31,151.11,+0.42%,+0.11,6,90666,买盘
13:26:34,151.11,+0.42%,--,0,0,买盘
13:26:37,151.0,+0.35%,-0.11,4,75198,买盘
13:26:40,151.03,+0.37%,+0.03,15,228206,中性盘
13:26:43,151.1,+0.41%,+0.07,4,60440,买盘
13:26:55,151.1,+0.41%,--,8,124658,买盘
13:26:58,151.1,+0.41%,--,0,0,买盘
13:27:01,151.09,+0.41%,-0.01,9,141269,中性盘
13:27:04,151.09,+0.41%,--,0,0,买盘
13:27:07,151.09,+0.41%,--,8,120872,买盘
13:27:10,151.0,+0.35%,-0.09,0,10872,卖盘
13:27:13,150.96,+0.32%,-0.04,7,116239,卖盘
13:27:16,151.0,+0.35%,+0.04,2,30200,买盘
13:27:19,150.96,+0.32%,-0.04,2,30645,卖盘
13:27:22,150.96,+0.32%,--,10,157451,卖盘
13:27:28,150.96,+0.32%,--,6,90576,买盘
13:27:40,150.96,+0.32%,--,2,30192,买盘
13:27:43,150.96,+0.32%,--,1,29739,买盘
13:27:46,150.97,+0.33%,+0.01,10,153536,中性盘
13:27:52,150.96,+0.32%,-0.01,6,99332,卖盘
13:27:55,150.96,+0.32%,--,0,0,卖盘
13:27:58,150.96,+0.32%,--,6,101898,卖盘
13:28:04,150.9,+0.28%,-0.06,2,33349,卖盘
13:28:07,150.87,+0.26%,-0.03,2,30174,卖盘
13:28:10,150.87,+0.26%,--,8,132766,卖盘
13:28:13,150.86,+0.25%,-0.01,6,93684,卖盘
13:28:16,150.82,+0.23%,-0.04,1,23377,卖盘
13:28:19,150.82,+0.23%,--,2,30466,卖盘
13:28:25,150.9,+0.28%,+0.08,8,120720,买盘
13:28:25,150.9,+0.28%,--,8,120720,中性盘
13:28:37,150.9,+0.28%,--,4,61718,买盘
13:28:43,150.9,+0.28%,--,6,95067,卖盘
13:28:46,150.96,+0.32%,+0.06,2,30192,买盘
13:28:49,150.9,+0.28%,-0.06,4,67151,中性盘
13:28:58,150.9,+0.28%,--,16,250494,买盘
13:29:01,150.9,+0.28%,--,3,51306,买盘
13:29:04,150.8,+0.21%,-0.1,29,438225,卖盘
13:29:07,150.8,+0.21%,--,2,30462,卖盘
13:29:10,150.73,+0.17%,-0.07,7,120132,中性盘
13:29:13,150.7,+0.15%,-0.03,8,129301,卖盘
13:29:16,150.8,+0.21%,+0.1,11,172364,买盘
13:29:19,150.66,+0.12%,-0.14,2,38720,卖盘
13:29:22,150.61,+0.09%,-0.05,2,30122,卖盘
13:29:25,150.66,+0.12%,+0.05,15,233222,买盘
13:29:28,150.51,+0.02%,-0.15,4,63816,卖盘
13:29:34,150.5,+0.01%,-0.01,4,66371,卖盘
13:29:37,150.66,+0.12%,+0.16,11,180340,买盘
13:29:40,150.8,+0.21%,+0.14,8,131498,买盘
13:29:43,150.66,+0.12%,-0.14,17,260792,卖盘
13:29:46,150.66,+0.12%,--,2,30132,买盘
13:29:49,150.67,+0.13%,+0.01,37,558232,买盘
13:29:52,150.74,+0.17%,+0.07,2,36328,卖盘
13:29:55,150.67,+0.13%,-0.07,6,93566,卖盘
13:29:58,150.67,+0.13%,--,3,57104,卖盘
13:30:01,150.7,+0.15%,+0.03,9,148289,买盘
13:30:07,150.7,+0.15%,--,6,101723,卖盘
13:30:10,150.7,+0.15%,--,2,41443,卖盘
13:30:16,150.5,+0.01%,-0.2,7,112123,卖盘
13:30:19,150.62,+0.09%,+0.12,16,245059,买盘
13:30:22,150.65,+0.11%,+0.03,2,31034,买盘
13:30:25,150.5,+0.01%,-0.15,8,131838,卖盘
13:30:31,150.5,+0.01%,--,0,0,卖盘
13:30:34,150.55,+0.05%,+0.05,2,30110,买盘
13:30:37,150.55,+0.05%,--,0,0,卖盘
13:30:40,150.66,+0.12%,+0.11,25,382978,买盘
13:30:43,150.67,+0.13%,+0.01,4,60268,卖盘
13:30:46,150.6,+0.08%,-0.07,8,120480,卖盘
13:30:52,150.7,+0.15%,+0.1,2,41292,买盘
13:30:55,150.62,+0.09%,-0.08,22,344619,卖盘
13:30:58,150.63,+0.10%,+0.01,2,30126,中性盘
13:31:01,150.63,+0.10%,--,0,0,中性盘
13:31:04,150.79,+0.21%,+0.16,6,90474,买盘
13:31:07,150.7,+0.15%,-0.09,10,150700,中性盘
13:31:10,150.67,+0.13%,-0.03,6,90402,中性盘
13:31:13,150.64,+0.11%,-0.03,4,60256,卖盘
13:31:16,150.79,+0.21%,+0.15,5,75395,买盘
13:31:19,150.66,+0.12%,-0.13,4,60264,卖盘
13:31:22,150.66,+0.12%,--,2,40076,卖盘
13:31:25,150.62,+0.09%,-0.04,7,116128,卖盘
13:31:28,150.78,+0.20%,+0.16,4,68906,买盘
13:31:31,150.66,+0.12%,-0.12,5,79548,卖盘
13:31:34,150.66,+0.12%,--,0,0,买盘
13:31:37,150.75,+0.18%,+0.09,4,63466,中性盘
13:31:40,150.75,+0.18%,--,9,135675,买盘
13:31:43,150.75,+0.18%,--,0,0,买盘
13:31:46,150.62,+0.09%,-0.13,5,84347,卖盘
13:31:49,150.61,+0.09%,-0.01,5,84040,卖盘
13:31:52,150.61,+0.09%,--,0,301,买盘
13:31:55,150.75,+0.18%,+0.14,2,40703,买盘
13:31:58,150.75,+0.18%,--,7,110048,卖盘
13:32:01,150.62,+0.09%,-0.13,8,125768,卖盘
13:32:04,150.64,+0.11%,+0.02,26,394225,买盘
13:32:07,150.66,+0.12%,+0.02,9,141168,中性盘
13:32:10,150.75,+0.18%,+0.09,10,150750,买盘
13:32:13,150.68,+0.13%,-0.07,6,102161,卖盘
13:35:52,150.3,-0.12%,-0.02,0,0,中性盘
13:35:55,150.28,-0.13%,-0.02,4,74990,卖盘
13:36:01,150.28,-0.13%,--,3,47038,卖盘
13:36:07,150.28,-0.13%,--,0,0,卖盘
13:36:19,150.34,-0.09%,+0.06,2,31872,卖盘
13:36:22,150.34,-0.09%,--,1,25257,卖盘
13:36:25,150.28,-0.13%,-0.06,44,673254,卖盘
13:36:28,150.6,+0.08%,+0.32,10,150600,买盘
13:36:31,150.3,-0.12%,-0.3,6,94689,卖盘
13:36:34,150.55,+0.05%,+0.25,11,171778,买盘
13:36:37,150.31,-0.11%,-0.24,2,30062,卖盘
13:36:40,150.31,-0.11%,--,4,61777,卖盘
13:36:46,150.28,-0.13%,-0.03,7,112560,卖盘
13:36:49,150.31,-0.11%,+0.03,2,30062,卖盘
13:36:52,150.31,-0.11%,--,3,56517,卖盘
13:36:55,150.31,-0.11%,--,2,36826,卖盘
13:36:58,150.52,+0.03%,+0.21,8,135317,买盘
13:37:01,150.32,-0.11%,-0.2,2,38031,卖盘
13:37:04,150.25,-0.15%,-0.07,4,65810,卖盘
13:37:07,150.25,-0.15%,--,0,0,卖盘
13:37:10,150.33,-0.10%,+0.08,8,120715,卖盘
13:37:13,150.25,-0.15%,-0.08,13,202838,卖盘
13:37:16,150.25,-0.15%,--,2,34257,买盘
13:37:19,150.33,-0.10%,+0.08,14,219632,买盘
13:37:22,150.25,-0.15%,-0.08,4,60401,卖盘
13:37:25,150.22,-0.17%,-0.03,5,89080,卖盘
13:37:28,150.25,-0.15%,+0.03,6,99766,买盘
13:37:31,150.25,-0.15%,--,15,225375,买盘
13:37:34,150.25,-0.15%,--,17,256176,买盘
13:37:37,150.2,-0.19%,-0.05,4,62483,卖盘
13:37:40,150.18,-0.20%,-0.02,3,58420,卖盘
13:37:43,150.25,-0.15%,+0.07,2,30050,买盘
13:37:46,150.11,-0.25%,-0.14,5,77006,卖盘
13:37:49,150.25,-0.15%,+0.14,2,33656,买盘
13:37:55,150.26,-0.15%,+0.01,5,77684,买盘
13:37:58,150.26,-0.15%,--,0,0,买盘
13:38:01,150.24,-0.16%,-0.02,8,123047,买盘
13:38:04,150.24,-0.16%,--,0,0,卖盘
13:38:07,150.24,-0.16%,--,10,162109,卖盘
13:38:10,150.24,-0.16%,--,0,0,买盘
13:38:13,150.15,-0.22%,-0.09,2,30030,卖盘
13:38:16,150.1,-0.25%,-0.05,24,369846,卖盘
13:38:19,150.24,-0.16%,+0.14,4,65505,买盘
13:38:22,150.1,-0.25%,-0.14,7,110924,卖盘
13:38:25,150.1,-0.25%,--,19,287442,卖盘
13:38:31,150.1,-0.25%,--,18,280087,买盘
13:38:34,150.09,-0.26%,-0.01,5,86602,卖盘
13:38:37,150.05,-0.29%,-0.04,7,109987,卖盘
13:38:40,150.02,-0.31%,-0.03,2,30004,卖盘
13:38:43,150.02,-0.31%,--,4,72160,卖盘
13:38:46,150.0,-0.32%,-0.02,52,780000,卖盘
13:38:49,150.0,-0.32%,--,7,112800,卖盘
13:38:52,150.0,-0.32%,--,34,517350,卖盘
13:38:55,149.89,-0.39%,-0.11,17,261108,卖盘
13:38:58,149.89,-0.39%,--,7,117214,买盘
13:39:01,149.89,-0.39%,--,14,212094,买盘
13:39:04,149.89,-0.39%,--,4,67900,买盘
13:39:07,149.88,-0.40%,-0.01,2,29976,卖盘
13:39:10,149.89,-0.39%,+0.01,50,754546,买盘
13:39:13,150.04,-0.29%,+0.15,8,120782,买盘
13:39:16,149.89,-0.39%,-0.15,17,264706,卖盘
13:39:19,150.03,-0.30%,+0.14,7,114023,买盘
13:39:25,149.89,-0.39%,-0.14,2,33425,卖盘
13:39:31,150.03,-0.30%,+0.14,4,60012,买盘
13:43:07,150.18,-0.20%,-0.28,0,0,中性盘
13:43:16,149.9,-0.39%,-0.28,4,69104,卖盘
13:43:19,149.93,-0.37%,+0.03,2,35983,买盘
13:43:22,149.9,-0.39%,-0.03,5,77049,卖盘
13:43:25,149.99,-0.33%,+0.09,6,104543,卖盘
13:43:28,149.99,-0.33%,--,0,0,买盘
13:43:31,149.96,-0.35%,-0.03,3,58184,买盘
13:43:34,149.88,-0.40%,-0.08,7,109862,卖盘
13:43:40,149.88,-0.40%,--,4,59952,买盘
13:43:43,149.82,-0.44%,-0.06,10,152816,卖盘
13:43:49,149.82,-0.44%,--,0,0,卖盘
13:43:52,149.82,-0.44%,--,6,92439,卖盘
13:43:55,150.08,-0.27%,+0.26,13,195104,买盘
13:43:58,149.8,-0.45%,-0.28,4,68608,卖盘
13:44:01,149.97,-0.34%,+0.17,11,172915,买盘
13:44:04,149.97,-0.34%,--,0,0,买盘
13:44:07,149.83,-0.43%,-0.14,2,29966,卖盘
13:44:10,149.8,-0.45%,-0.03,19,287616,卖盘
13:44:13,149.94,-0.36%,+0.14,2,29988,中性盘
13:44:16,149.8,-0.45%,-0.14,3,53628,卖盘
13:44:19,149.8,-0.45%,--,2,29960,卖盘
13:44:31,149.81,-0.45%,+0.01,5,80298,卖盘
13:44:37,149.81,-0.45%,--,5,74905,卖盘
13:44:40,149.81,-0.45%,--,0,0,卖盘
13:44:43,149.8,-0.45%,-0.01,10,156391,卖盘
13:44:46,149.8,-0.45%,--,5,85536,卖盘
13:44:49,149.8,-0.45%,--,4,65912,买盘
13:44:52,149.8,-0.45%,--,0,0,中性盘
13:45:01,149.9,-0.39%,+0.1,2,29980,买盘
13:45:04,149.82,-0.44%,-0.08,2,29964,卖盘
13:45:07,149.93,-0.37%,+0.11,19,286366,买盘
13:45:10,149.94,-0.36%,+0.01,3,55478,买盘
13:45:13,149.8,-0.45%,-0.14,11,172120,卖盘
13:45:31,149.8,-0.45%,--,0,0,卖盘
13:45:34,149.82,-0.44%,+0.02,2,31612,卖盘
13:45:37,149.85,-0.42%,+0.03,4,61139,买盘
13:45:49,149.85,-0.42%,--,0,0,买盘
13:45:52,149.79,-0.46%,-0.06,10,154433,卖盘
13:45:55,149.83,-0.43%,+0.04,2,29966,中性盘
13:46:04,149.82,-0.44%,-0.01,2,29964,中性盘
13:46:07,149.79,-0.46%,-0.03,4,63361,卖盘
13:46:13,149.79,-0.46%,--,2,30258,卖盘
13:46:19,149.79,-0.46%,--,0,0,卖盘
13:46:22,149.77,-0.47%,-0.02,6,103042,卖盘
13:46:28,149.76,-0.48%,-0.01,15,236471,卖盘
13:46:31,149.76,-0.48%,--,57,856627,卖盘
13:46:34,149.7,-0.52%,-0.06,8,128892,卖盘
13:46:37,149.63,-0.56%,-0.07,5,84541,卖盘
13:46:43,149.63,-0.56%,--,2,29926,卖盘
13:46:49,149.63,-0.56%,--,0,0,卖盘
13:46:49,149.63,-0.56%,--,0,0,中性盘
13:46:52,149.68,-0.53%,+0.05,7,104776,买盘
13:46:55,149.59,-0.59%,-0.09,18,283024,卖盘
13:46:58,149.48,-0.66%,-0.11,31,468769,卖盘
13:47:01,149.5,-0.65%,+0.02,56,846768,买盘
13:47:04,149.52,-0.64%,+0.02,8,121560,中性盘
13:47:07,149.3,-0.78%,-0.22,19,283670,卖盘
13:47:13,149.59,-0.59%,+0.29,8,130143,买盘
13:47:16,149.59,-0.59%,--,13,208379,买盘
13:47:19,149.49,-0.66%,-0.1,17,254133,卖盘
13:47:22,149.37,-0.74%,-0.12,28,432127,卖盘
13:47:25,149.5,-0.65%,+0.13,7,117956,卖盘
13:47:28,149.5,-0.65%,--,9,134550,卖盘
13:47:31,149.66,-0.54%,+0.16,2,29932,买盘
13:47:34,149.5,-0.65%,-0.16,3,54418,卖盘
13:47:37,149.66,-0.54%,+0.16,6,104463,买盘
13:47:40,149.66,-0.54%,--,11,164626,买盘
13:47:43,149.54,-0.62%,-0.12,10,159260,中性盘
13:47:46,149.54,-0.62%,--,0,0,卖盘
13:47:49,149.54,-0.62%,--,16,241507,卖盘
13:47:52,149.54,-0.62%,--,0,14655,买盘
13:47:55,149.65,-0.55%,+0.11,7,117775,中性盘
13:47:58,149.67,-0.54%,+0.02,91,1363494,中性盘
13:48:01,149.67,-0.54%,--,4,59868,买盘
13:48:04,149.38,-0.73%,-0.29,6,93661,卖盘
13:48:07,149.4,-0.72%,+0.02,10,156123,中性盘
13:48:10,149.38,-0.73%,-0.02,8,120102,卖盘
13:48:13,149.37,-0.74%,-0.01,7,111729,卖盘
13:48:16,149.38,-0.73%,+0.01,2,29876,卖盘
13:48:25,149.61,-0.58%,+0.23,7,111310,买盘
13:48:28,149.38,-0.73%,-0.23,3,55569,卖盘
13:48:31,149.38,-0.73%,--,5,75288,卖盘
13:48:34,149.38,-0.73%,--,1,20913,卖盘
13:48:37,149.38,-0.73%,--,22,328636,卖盘
13:48:43,149.32,-0.77%,-0.06,5,78692,卖盘
13:48:46,149.58,-0.60%,+0.26,6,95881,买盘
13:48:49,149.39,-0.72%,-0.19,2,30177,中性盘
13:48:52,149.32,-0.77%,-0.07,44,670148,卖盘
13:48:55,149.38,-0.73%,+0.06,3,52134,买盘
13:48:58,149.56,-0.61%,+0.18,9,147616,中性盘
13:49:04,149.43,-0.70%,-0.13,4,59772,中性盘
13:49:07,149.58,-0.60%,+0.15,25,377390,买盘
13:49:10,149.58,-0.60%,--,4,59832,买盘
13:49:13,149.58,-0.60%,--,0,0,买盘
13:49:16,149.45,-0.68%,-0.13,8,119560,卖盘
13:49:19,149.43,-0.70%,-0.02,7,113119,卖盘
13:49:22,149.74,-0.49%,+0.31,6,103321,中性盘
13:49:25,149.7,-0.52%,-0.04,2,29940,中性盘
13:49:28,149.7,-0.52%,--,0,0,买盘
13:49:37,149.69,-0.52%,-0.01,2,29938,买盘
13:49:40,149.69,-0.52%,--,0,0,买盘
13:49:49,149.69,-0.52%,--,12,183221,买盘
13:49:52,149.69,-0.52%,--,25,380362,卖盘
13:49:55,149.69,-0.52%,--,18,272436,卖盘
13:49:58,149.45,-0.68%,-0.24,15,227762,卖盘
13:50:01,149.68,-0.53%,+0.23,6,89808,卖盘
13:50:04,149.59,-0.59%,-0.09,2,29918,卖盘
13:50:10,149.68,-0.53%,+0.09,4,59872,买盘
13:50:16,149.6,-0.58%,-0.08,4,72706,卖盘
13:50:22,149.68,-0.53%,+0.08,5,74840,买盘
13:50:25,149.68,-0.53%,--,0,0,买盘
13:50:31,149.61,-0.58%,-0.07,2,29922,卖盘
13:50:31,149.61,-0.58%,--,2,29922,中性盘
13:50:31,149.61,-0.58%,--,2,29922,买盘
13:50:37,149.61,-0.58%,--,4,66726,买盘
13:50:40,149.46,-0.68%,-0.15,2,29892,卖盘
13:50:43,149.45,-0.68%,-0.01,7,104615,卖盘
13:50:46,149.41,-0.71%,-0.04,7,112655,卖盘
13:50:49,149.45,-0.68%,+0.04,8,119560,买盘
13:50:52,149.38,-0.73%,-0.07,5,78723,卖盘
13:50:55,149.38,-0.73%,--,2,39436,卖盘
13:50:58,149.37,-0.74%,-0.01,2,39434,卖盘
13:51:01,149.38,-0.73%,+0.01,4,59752,卖盘
13:51:04,149.29,-0.79%,-0.09,39,593577,卖盘
13:51:07,149.41,-0.71%,+0.12,2,29882,买盘
13:51:10,149.38,-0.73%,-0.03,21,327292,卖盘
13:51:13,149.29,-0.79%,-0.09,15,226921,卖盘
13:51:16,149.29,-0.79%,--,14,214978,卖盘
13:51:19,149.29,-0.79%,--,10,149290,卖盘
13:51:22,149.29,-0.79%,--,8,119880,卖盘
13:51:25,149.21,-0.84%,-0.08,2,29842,卖盘
13:51:31,149.21,-0.84%,--,12,179052,卖盘
13:51:34,149.21,-0.84%,--,0,0,卖盘
13:51:37,149.3,-0.78%,+0.09,2,29860,卖盘
13:51:40,149.3,-0.78%,--,0,0,中性盘
13:51:43,149.39,-0.72%,+0.09,12,188978,买盘
13:51:46,149.03,-0.96%,-0.36,44,670337,卖盘
13:51:49,149.03,-0.96%,--,9,142324,卖盘
13:51:52,149.02,-0.97%,-0.01,16,251695,卖盘
13:51:55,149.36,-0.74%,+0.34,2,29872,买盘
13:51:58,149.03,-0.96%,-0.33,25,372575,卖盘
13:52:01,149.04,-0.96%,+0.01,25,381393,中性盘
13:52:04,149.05,-0.95%,+0.01,11,177519,卖盘
13:52:07,149.04,-0.96%,-0.01,15,223560,卖盘
13:52:10,149.24,-0.82%,+0.2,4,59696,买盘
13:52:13,149.08,-0.93%,-0.16,6,89448,卖盘
13:52:16,149.22,-0.84%,+0.14,8,122062,买盘
13:52:19,149.08,-0.93%,-0.14,26,388055,卖盘
13:52:25,149.15,-0.88%,+0.07,4,59660,卖盘
13:52:28,149.08,-0.93%,-0.07,12,178896,卖盘
13:52:31,149.22,-0.84%,+0.14,4,63269,买盘
13:52:34,149.09,-0.92%,-0.13,5,79167,卖盘
13:52:37,149.19,-0.86%,+0.1,2,29838,中性盘
13:52:43,149.19,-0.86%,--,2,29838,买盘
13:52:46,149.1,-0.92%,-0.09,6,94679,卖盘
13:52:52,149.18,-0.86%,+0.08,12,191995,中性盘
13:52:55,149.17,-0.87%,-0.01,2,29834,中性盘
13:52:58,149.17,-0.87%,--,6,89502,买盘
13:53:01,149.19,-0.86%,+0.02,11,175149,买盘
13:53:04,149.16,-0.88%,-0.03,8,133051,卖盘
13:53:07,149.1,-0.92%,-0.06,2,39213,卖盘
13:53:13,149.1,-0.92%,--,4,69928,卖盘
13:53:16,149.17,-0.87%,+0.07,2,38188,买盘
13:53:19,149.17,-0.87%,--,0,0,卖盘
13:53:22,149.1,-0.92%,-0.07,8,126586,卖盘
13:53:28,149.19,-0.86%,+0.09,2,29838,中性盘
13:53:34,149.1,-0.92%,-0.09,2,36231,卖盘
13:53:40,149.18,-0.86%,+0.08,4,59672,中性盘
13:53:43,149.19,-0.86%,+0.01,2,29838,买盘
13:53:49,149.19,-0.86%,--,0,0,买盘
13:53:52,149.18,-0.86%,-0.01,4,59672,买盘
13:53:55,149.19,-0.86%,+0.01,2,33419,买盘
13:53:58,149.1,-0.92%,-0.09,16,253172,卖盘
13:54:01,149.1,-0.92%,--,4,71568,卖盘
13:54:04,149.13,-0.90%,+0.03,2,29826,中性盘
13:54:07,149.1,-0.92%,-0.03,8,119280,卖盘
13:54:10,149.12,-0.90%,+0.02,6,104086,中性盘
13:54:10,149.12,-0.90%,--,6,104086,中性盘
13:54:10,149.12,-0.90%,--,6,104086,卖盘
13:54:13,149.13,-0.90%,+0.01,0,3579,买盘
13:54:16,149.18,-0.86%,+0.05,13,195127,中性盘
13:54:19,149.12,-0.90%,-0.06,4,66209,卖盘
13:54:22,149.11,-0.91%,-0.01,7,107956,卖盘
13:54:25,149.11,-0.91%,--,0,0,卖盘
13:54:31,149.1,-0.92%,-0.01,8,122709,卖盘
13:54:34,149.11,-0.91%,+0.01,8,119586,中性盘
13:54:37,149.1,-0.92%,-0.01,13,195321,卖盘
13:54:40,149.1,-0.92%,--,4,74252,卖盘
13:54:43,149.1,-0.92%,--,7,107948,卖盘
13:54:46,149.1,-0.92%,--,2,33697,卖盘
13:54:52,149.09,-0.92%,-0.01,6,94523,卖盘
13:54:58,149.08,-0.93%,-0.01,12,191419,卖盘
13:55:01,149.08,-0.93%,--,0,0,卖盘
13:55:04,149.08,-0.93%,--,18,276245,卖盘
13:55:07,149.12,-0.90%,+0.04,18,280196,买盘
13:55:10,149.12,-0.90%,--,2,33701,卖盘
13:55:13,149.12,-0.90%,--,2,35938,卖盘
13:55:16,149.12,-0.90%,--,2,29824,卖盘
13:55:19,149.13,-0.90%,+0.01,4,59950,买盘
13:55:22,149.1,-0.92%,-0.03,6,104072,卖盘
13:55:28,149.1,-0.92%,--,0,0,卖盘
13:55:31,149.13,-0.90%,+0.03,10,156139,买盘
13:55:34,149.13,-0.90%,--,0,0,中性盘
13:55:40,149.1,-0.92%,-0.03,4,64560,卖盘
13:55:43,149.1,-0.92%,--,8,128972,卖盘
13:55:46,149.14,-0.89%,+0.04,4,63235,买盘
13:55:49,149.13,-0.90%,-0.01,0,11930,卖盘
13:55:52,149.13,-0.90%,--,2,36089,卖盘
13:55:55,149.18,-0.86%,+0.05,4,59672,买盘
13:56:01,149.18,-0.86%,--,0,0,买盘
13:56:04,149.1,-0.92%,-0.08,6,94529,卖盘
13:56:07,149.14,-0.89%,+0.04,13,200146,中性盘
13:56:10,149.1,-0.92%,-0.04,8,132550,卖盘
13:56:13,149.12,-0.90%,+0.02,10,163436,中性盘
13:56:16,149.08,-0.93%,-0.04,7,108679,卖盘
13:56:19,149.1,-0.92%,+0.02,2,29820,买盘
13:56:22,149.08,-0.93%,-0.02,1,19231,卖盘
13:56:25,149.06,-0.94%,-0.02,2,29812,卖盘
13:56:28,149.02,-0.97%,-0.04,14,208628,卖盘
13:56:31,149.01,-0.98%,-0.01,37,561917,卖盘
13:56:34,149.0,-0.98%,-0.01,196,2925466,卖盘
13:56:37,149.0,-0.98%,--,36,540125,卖盘
13:56:40,149.01,-0.98%,+0.01,9,144093,买盘
13:56:43,148.9,-1.05%,-0.11,28,427641,卖盘
13:56:46,148.92,-1.04%,+0.02,2,37379,中性盘
13:56:49,148.89,-1.06%,-0.03,5,74743,卖盘
13:56:52,149.07,-0.94%,+0.18,2,29814,买盘
13:57:01,148.94,-1.02%,-0.13,5,74470,卖盘
13:57:04,148.91,-1.04%,-0.03,4,59564,卖盘
13:57:07,148.89,-1.06%,-0.02,14,212168,卖盘
13:57:10,148.91,-1.04%,+0.02,1,14891,买盘
13:57:13,148.99,-0.99%,+0.08,4,59596,中性盘
13:57:16,148.89,-1.06%,-0.1,9,145168,卖盘
13:57:19,148.88,-1.06%,-0.01,6,89328,卖盘
13:57:22,148.94,-1.02%,+0.06,20,304880,买盘
13:57:25,148.94,-1.02%,--,0,0,卖盘
13:57:31,148.94,-1.02%,--,2,30831,卖盘
13:57:34,148.89,-1.06%,-0.05,11,167501,卖盘
13:57:40,148.89,-1.06%,--,2,29778,卖盘
13:57:43,148.89,-1.06%,--,0,0,卖盘
13:57:46,148.93,-1.03%,+0.04,2,29786,买盘
13:57:49,148.81,-1.11%,-0.12,25,381698,卖盘
14:12:25,148.49,-1.32%,--,41,610145,中性盘
14:12:28,148.5,-1.32%,+0.01,5,83606,买盘
14:12:31,148.5,-1.32%,--,33,495990,买盘
14:12:34,148.5,-1.32%,--,73,1091030,卖盘
14:12:37,148.65,-1.22%,+0.15,8,118920,买盘
14:12:40,148.41,-1.38%,-0.24,8,118728,卖盘
14:12:43,148.41,-1.38%,--,33,494205,卖盘
14:12:46,148.41,-1.38%,--,0,0,卖盘
14:12:49,148.65,-1.22%,+0.24,5,74325,买盘
14:12:52,148.5,-1.32%,-0.15,15,222750,中性盘
14:12:55,148.46,-1.34%,-0.04,36,535050,卖盘
14:12:58,148.46,-1.34%,--,0,13064,买盘
14:13:01,148.49,-1.32%,+0.03,18,267282,卖盘
14:13:04,148.5,-1.32%,+0.01,18,271755,中性盘
14:13:07,148.5,-1.32%,--,39,590139,买盘
14:13:10,148.5,-1.32%,--,4,64746,卖盘
14:13:13,148.44,-1.36%,-0.06,4,70064,卖盘
14:13:16,148.47,-1.34%,+0.03,8,118776,卖盘
14:13:19,148.47,-1.34%,--,7,112243,买盘
14:13:22,148.5,-1.32%,+0.03,2,29700,买盘
14:13:25,148.5,-1.32%,--,3,44550,买盘
14:13:28,148.44,-1.36%,-0.06,12,192527,卖盘
14:13:31,148.5,-1.32%,+0.06,3,58509,中性盘
14:13:34,148.47,-1.34%,-0.03,15,236810,卖盘
14:13:37,148.44,-1.36%,-0.03,2,37555,卖盘
14:13:40,148.44,-1.36%,--,3,49579,卖盘
14:13:43,148.44,-1.36%,--,0,0,卖盘
14:13:49,148.64,-1.22%,+0.2,6,94535,买盘
14:13:55,148.47,-1.34%,-0.17,5,83737,卖盘
14:13:58,148.47,-1.34%,--,9,146985,卖盘
14:14:01,148.65,-1.22%,+0.18,4,60947,买盘
14:14:04,148.51,-1.31%,-0.14,4,68463,卖盘
14:14:16,148.52,-1.30%,+0.01,6,97281,卖盘
14:14:19,148.54,-1.29%,+0.02,2,29708,卖盘
14:14:22,148.64,-1.22%,+0.1,2,29728,买盘
14:14:25,148.64,-1.22%,--,7,118317,卖盘
14:14:31,148.54,-1.29%,-0.1,2,36244,卖盘
14:14:34,148.64,-1.22%,+0.1,10,148640,买盘
14:14:52,148.64,-1.22%,--,0,0,买盘
14:15:07,148.64,-1.22%,--,5,74320,买盘
14:15:10,148.64,-1.22%,--,2,29728,买盘
14:15:13,148.64,-1.22%,--,4,68969,买盘
14:15:16,148.68,-1.20%,+0.04,77,1155838,买盘
14:15:19,148.69,-1.19%,+0.01,10,153894,中性盘
14:15:28,148.86,-1.08%,+0.17,6,89316,买盘
14:15:31,148.86,-1.08%,--,0,0,买盘
14:15:34,148.65,-1.22%,-0.21,11,174812,卖盘
14:15:37,148.64,-1.22%,-0.01,3,54105,卖盘
14:15:46,148.64,-1.22%,--,0,0,卖盘
14:15:52,148.86,-1.08%,+0.22,3,44658,买盘
14:15:58,148.86,-1.08%,--,9,133974,买盘
14:16:01,148.86,-1.08%,--,25,375723,买盘
14:16:04,148.94,-1.02%,+0.08,6,89364,买盘
14:16:07,148.88,-1.06%,-0.06,6,99154,中性盘
14:19:46,149.07,-0.94%,--,4,61119,中性盘
14:19:46,149.07,-0.94%,--,4,61119,卖盘
14:19:49,149.06,-0.94%,-0.01,6,96144,卖盘
14:19:52,149.06,-0.94%,--,2,29812,卖盘
14:19:58,149.15,-0.88%,+0.09,4,59660,买盘
14:20:07,149.15,-0.88%,--,0,0,中性盘
14:20:10,149.16,-0.88%,+0.01,2,29832,买盘
14:20:13,149.18,-0.86%,+0.02,2,43859,买盘
14:20:16,149.18,-0.86%,--,10,149180,买盘
14:20:19,149.17,-0.87%,-0.01,2,31773,卖盘
14:20:22,149.18,-0.86%,+0.01,6,89508,买盘
14:20:25,149.18,-0.86%,--,6,94580,买盘
14:20:28,149.17,-0.87%,-0.01,2,29834,卖盘
14:20:31,149.11,-0.91%,-0.06,2,34146,卖盘
14:20:34,149.18,-0.86%,+0.07,17,266883,买盘
14:20:37,149.18,-0.86%,--,2,29836,卖盘
14:20:40,149.18,-0.86%,--,3,57285,卖盘
14:20:43,149.18,-0.86%,--,12,179016,买盘
14:20:46,149.11,-0.91%,-0.07,2,44435,卖盘
14:20:49,149.11,-0.91%,--,4,66354,买盘
14:20:52,149.09,-0.92%,-0.02,2,29818,卖盘
14:20:55,149.08,-0.93%,-0.01,2,29816,卖盘
14:20:58,149.07,-0.94%,-0.01,2,29814,卖盘
14:21:01,149.06,-0.94%,-0.01,2,34284,卖盘
14:21:04,149.06,-0.94%,--,0,0,买盘
14:21:07,149.0,-0.98%,-0.06,8,119796,卖盘
14:21:10,149.0,-0.98%,--,8,133802,买盘
14:21:16,149.0,-0.98%,--,4,59600,买盘
14:21:19,148.96,-1.01%,-0.04,7,104272,中性盘
14:21:25,149.0,-0.98%,+0.04,2,29800,买盘
14:21:28,148.96,-1.01%,-0.04,9,148811,卖盘
14:21:31,148.96,-1.01%,--,2,37240,卖盘
14:21:34,148.95,-1.02%,-0.01,3,44685,卖盘
14:21:37,148.94,-1.02%,-0.01,2,35895,卖盘
14:21:40,148.97,-1.00%,+0.03,2,29794,买盘
14:21:46,148.97,-1.00%,--,0,0,买盘
14:21:52,148.94,-1.02%,-0.03,0,6255,卖盘
14:21:55,148.93,-1.03%,-0.01,7,115421,卖盘
14:21:58,148.93,-1.03%,--,9,147887,卖盘
14:22:04,148.94,-1.02%,+0.01,13,202707,买盘
14:22:07,148.86,-1.08%,-0.08,30,456256,卖盘
14:22:10,148.93,-1.03%,+0.07,2,33360,买盘
14:22:13,148.86,-1.08%,-0.07,8,128913,卖盘
14:22:16,148.86,-1.08%,--,0,0,卖盘
14:22:28,148.8,-1.12%,-0.06,2,32736,卖盘
14:22:31,148.86,-1.08%,+0.06,5,74430,中性盘
14:22:34,148.8,-1.12%,-0.06,7,118296,卖盘
14:23:04,148.8,-1.12%,--,2,29760,卖盘
14:23:16,148.8,-1.12%,--,0,0,卖盘
14:23:19,148.81,-1.11%,+0.01,7,107887,卖盘
14:23:22,148.8,-1.12%,-0.01,4,69936,卖盘
14:23:25,148.92,-1.04%,+0.12,2,29784,买盘
14:23:25,148.92,-1.04%,--,2,29784,中性盘
14:23:25,148.92,-1.04%,--,2,29784,买盘
14:23:28,148.93,-1.03%,+0.01,17,261074,买盘
14:23:31,148.97,-1.00%,+0.04,4,68228,买盘
14:23:34,148.95,-1.02%,-0.02,12,178740,卖盘
14:23:40,148.92,-1.04%,-0.03,3,45123,卖盘
14:23:43,148.95,-1.02%,+0.03,0,2532,买盘
14:23:46,148.95,-1.02%,--,2,29790,卖盘
14:24:01,148.97,-1.00%,+0.02,3,49160,买盘
14:24:04,148.97,-1.00%,--,0,0,卖盘
14:24:10,148.95,-1.02%,-0.02,5,82220,卖盘
14:24:16,148.93,-1.03%,-0.02,5,78933,卖盘
14:24:25,148.95,-1.02%,+0.02,8,119160,买盘
14:24:31,148.94,-1.02%,-0.01,3,52725,卖盘
14:24:37,148.95,-1.02%,+0.01,4,59580,买盘
14:24:40,149.1,-0.92%,+0.15,5,79172,买盘
14:24:43,148.98,-1.00%,-0.12,6,103243,中性盘
14:24:46,148.99,-0.99%,+0.01,2,29798,卖盘
14:24:52,148.99,-0.99%,--,8,119192,卖盘
14:24:58,148.99,-0.99%,--,5,86712,买盘
14:25:01,148.99,-0.99%,--,1,14899,卖盘
14:25:04,148.99,-0.99%,--,0,0,卖盘
14:25:10,149.1,-0.92%,+0.11,2,29820,买盘
14:25:13,149.1,-0.92%,--,0,0,买盘
14:25:16,149.1,-0.92%,--,0,0,中性盘
14:25:19,149.13,-0.90%,+0.03,17,255609,买盘
14:25:22,149.02,-0.97%,-0.11,23,342746,卖盘
14:25:25,148.99,-0.99%,-0.03,21,321818,卖盘
14:25:28,148.99,-0.99%,--,2,35460,卖盘
14:25:31,148.92,-1.04%,-0.07,4,64929,卖盘
14:25:34,148.9,-1.05%,-0.02,6,90233,卖盘
14:25:37,149.0,-0.98%,+0.1,2,29800,买盘
14:25:43,148.9,-1.05%,-0.1,2,29780,卖盘
14:25:55,148.91,-1.04%,+0.01,14,208474,卖盘
14:25:58,149.0,-0.98%,+0.09,2,29800,买盘
14:26:04,149.0,-0.98%,--,14,218881,买盘
14:26:07,149.01,-0.98%,+0.01,2,29802,中性盘
14:26:22,149.01,-0.98%,--,0,0,卖盘
14:26:25,149.0,-0.98%,-0.01,6,89698,卖盘
14:26:28,148.93,-1.03%,-0.07,8,128229,卖盘
14:26:31,148.93,-1.03%,--,0,0,卖盘
14:26:34,148.95,-1.02%,+0.02,2,32769,卖盘
14:26:37,149.08,-0.93%,+0.13,4,59632,买盘
14:26:40,149.08,-0.93%,--,0,0,中性盘
14:26:46,149.07,-0.94%,-0.01,2,29814,买盘
14:26:49,149.07,-0.94%,--,2,29814,买盘
14:26:52,148.95,-1.02%,-0.12,3,56303,卖盘
14:26:55,148.95,-1.02%,--,2,29790,买盘
14:27:01,148.95,-1.02%,--,4,59580,买盘
14:41:40,148.52,-1.30%,--,2,29704,中性盘
14:41:43,148.52,-1.30%,--,22,334170,卖盘
14:41:46,148.52,-1.30%,--,9,138866,买盘
14:41:49,148.52,-1.30%,--,2,32526,买盘
14:41:58,148.51,-1.31%,-0.01,34,508053,卖盘
14:42:01,148.56,-1.28%,+0.05,31,470192,买盘
14:42:04,148.6,-1.25%,+0.04,8,126161,买盘
14:42:10,148.56,-1.28%,-0.04,6,90919,卖盘
14:42:13,148.56,-1.28%,--,1,19758,买盘
14:42:19,148.61,-1.24%,+0.05,4,59444,买盘
14:42:22,148.62,-1.24%,+0.01,86,1278429,买盘
14:42:25,148.56,-1.28%,-0.06,2,34912,买盘
14:42:28,148.51,-1.31%,-0.05,5,74404,卖盘
14:42:43,148.51,-1.31%,--,0,0,卖盘
14:42:46,148.57,-1.27%,+0.06,4,59428,卖盘
14:42:52,148.57,-1.27%,--,4,59428,卖盘
14:42:55,148.56,-1.28%,-0.01,19,289543,卖盘
14:42:58,148.57,-1.27%,+0.01,2,29714,中性盘
14:43:01,148.58,-1.26%,+0.01,4,59432,买盘
14:43:04,148.58,-1.26%,--,10,157346,卖盘
14:43:16,148.59,-1.26%,+0.01,3,44577,卖盘
14:43:19,148.58,-1.26%,-0.01,9,145608,卖盘
14:43:25,148.58,-1.26%,--,0,0,卖盘
14:43:28,148.63,-1.23%,+0.05,19,282397,买盘
14:43:31,148.63,-1.23%,--,0,0,买盘
14:43:37,148.62,-1.24%,-0.01,3,56178,卖盘
14:43:40,148.58,-1.26%,-0.04,16,237728,卖盘
14:43:46,148.58,-1.26%,--,4,66861,卖盘
14:43:52,148.57,-1.27%,-0.01,7,106525,卖盘
14:43:55,148.58,-1.26%,+0.01,3,48437,买盘
14:44:01,148.63,-1.23%,+0.05,2,29726,买盘
14:44:04,148.62,-1.24%,-0.01,6,101062,买盘
14:44:07,148.62,-1.24%,--,0,5499,卖盘
14:44:10,148.61,-1.24%,-0.01,2,39827,买盘
14:44:13,148.6,-1.25%,-0.01,2,29720,买盘
14:44:19,148.6,-1.25%,--,10,153058,卖盘
14:44:22,148.59,-1.26%,-0.01,5,74741,卖盘
14:44:28,148.58,-1.26%,-0.02,2,32836,卖盘
14:44:31,148.57,-1.27%,-0.01,2,43085,卖盘
14:44:34,148.58,-1.26%,+0.01,7,105492,买盘
14:44:37,148.58,-1.26%,--,0,0,中性盘
14:44:40,148.58,-1.26%,--,2,29716,卖盘
14:44:46,148.6,-1.25%,+0.02,3,51118,买盘
14:44:52,148.58,-1.26%,-0.02,2,30162,卖盘
14:44:58,148.59,-1.26%,+0.01,2,29718,买盘
14:45:04,148.6,-1.25%,+0.01,2,29720,买盘
14:45:07,148.6,-1.25%,--,2,36110,买盘
14:45:13,148.61,-1.24%,+0.01,2,29722,买盘
14:45:19,148.6,-1.25%,-0.01,2,29720,卖盘
14:45:22,148.61,-1.24%,+0.01,6,89166,买盘
14:45:22,148.61,-1.24%,--,6,89166,中性盘
14:45:25,148.59,-1.26%,-0.02,8,131502,卖盘
14:45:28,148.59,-1.26%,--,6,93166,买盘
14:45:31,148.58,-1.26%,-0.01,5,83948,卖盘
14:45:34,148.57,-1.27%,-0.01,2,29714,卖盘
14:45:37,148.59,-1.26%,+0.02,2,29718,买盘
14:45:40,148.59,-1.26%,--,17,252603,买盘
14:45:43,148.58,-1.26%,-0.01,2,29716,卖盘
14:45:49,148.58,-1.26%,--,0,9658,卖盘
14:45:52,148.57,-1.27%,-0.01,33,493252,卖盘
14:45:55,148.59,-1.26%,+0.02,7,117683,买盘
14:45:58,148.59,-1.26%,--,29,431060,买盘
14:46:01,148.61,-1.24%,+0.02,5,81587,买盘
14:46:04,148.59,-1.26%,-0.02,19,282321,卖盘
14:46:07,148.61,-1.24%,+0.02,2,29722,买盘
14:46:10,148.61,-1.24%,--,6,89166,买盘
14:46:13,148.6,-1.25%,-0.01,4,71031,卖盘
14:46:16,148.61,-1.24%,+0.01,6,95259,买盘
14:46:19,148.59,-1.26%,-0.02,2,29718,卖盘
14:46:22,148.57,-1.27%,-0.02,12,187792,卖盘
14:46:25,148.57,-1.27%,--,21,325963,卖盘
14:46:28,148.56,-1.28%,-0.01,51,763153,卖盘
14:46:31,148.58,-1.26%,+0.02,21,324944,买盘
14:46:34,148.52,-1.30%,-0.06,10,157877,卖盘
14:46:37,148.58,-1.26%,+0.06,0,11292,买盘
14:46:40,148.58,-1.26%,--,3,44574,卖盘
14:46:46,148.58,-1.26%,--,2,30756,卖盘
14:46:49,148.53,-1.30%,-0.05,3,44559,卖盘
14:46:52,148.54,-1.29%,+0.01,6,92095,中性盘
14:46:55,148.53,-1.30%,-0.01,4,59412,卖盘
14:46:58,148.53,-1.30%,--,1,26290,卖盘
14:47:01,148.56,-1.28%,+0.03,4,66109,买盘
14:47:04,148.56,-1.28%,--,0,0,卖盘
14:47:10,148.56,-1.28%,--,0,0,中性盘
14:47:16,148.56,-1.28%,--,0,0,买盘
14:47:19,148.52,-1.30%,-0.04,16,245207,卖盘
14:47:22,148.51,-1.31%,-0.01,9,135144,卖盘
14:47:28,148.52,-1.30%,+0.01,4,59408,买盘
14:47:40,148.52,-1.30%,--,2,29704,买盘
14:47:43,148.52,-1.30%,--,14,220255,买盘
14:47:49,148.51,-1.31%,-0.01,0,14108,卖盘
14:47:52,148.5,-1.32%,-0.01,2,32670,卖盘
14:47:55,148.5,-1.32%,--,8,129641,卖盘
14:47:58,148.51,-1.31%,+0.01,12,187568,买盘
14:48:01,148.48,-1.33%,-0.03,71,1056435,卖盘
14:48:04,148.48,-1.33%,--,10,151153,卖盘
14:48:10,148.44,-1.36%,-0.04,3,44532,卖盘
14:48:13,148.48,-1.33%,+0.04,5,78249,买盘
14:48:22,148.48,-1.33%,--,6,95324,卖盘
14:48:25,148.48,-1.33%,--,2,41574,卖盘
14:48:28,148.43,-1.36%,-0.05,2,29686,卖盘
14:48:31,148.42,-1.37%,-0.01,3,45862,卖盘
14:48:34,148.42,-1.37%,--,1,20185,卖盘
14:48:37,148.41,-1.38%,-0.01,6,103590,卖盘
14:48:40,148.4,-1.38%,-0.01,6,98834,卖盘
14:48:43,148.43,-1.36%,+0.03,12,187022,买盘
14:48:46,148.41,-1.38%,-0.02,2,29682,卖盘
14:48:49,148.41,-1.38%,--,4,73315,卖盘
14:48:52,148.41,-1.38%,--,1,17216,卖盘
14:48:55,148.42,-1.37%,+0.01,9,144264,买盘
14:48:58,148.41,-1.38%,-0.01,2,40219,卖盘
14:49:01,148.38,-1.40%,-0.03,4,59352,卖盘
14:49:01,148.38,-1.40%,--,4,59352,中性盘
14:49:01,148.38,-1.40%,--,4,59352,卖盘
14:49:04,148.41,-1.38%,+0.03,10,157166,买盘
14:49:07,148.38,-1.40%,-0.03,9,140367,卖盘
14:49:10,148.38,-1.40%,--,0,0,卖盘
14:49:13,148.41,-1.38%,+0.03,4,59364,买盘
14:49:16,148.4,-1.38%,-0.01,24,365954,中性盘
14:49:19,148.43,-1.36%,+0.03,24,363505,买盘
14:49:22,148.48,-1.33%,+0.05,6,92652,买盘
14:49:25,148.48,-1.33%,--,4,59392,买盘
14:49:28,148.51,-1.31%,+0.03,4,72473,买盘
14:49:31,148.44,-1.36%,-0.07,17,262739,卖盘
14:49:34,148.43,-1.36%,-0.01,2,29834,卖盘
14:49:43,148.44,-1.36%,+0.01,29,432703,买盘
14:49:46,148.43,-1.36%,-0.01,19,286618,卖盘
14:49:55,148.43,-1.36%,--,0,0,卖盘
14:49:58,148.45,-1.35%,+0.02,1,20783,卖盘
14:50:01,148.48,-1.33%,+0.03,8,118784,买盘
14:50:04,148.48,-1.33%,--,17,264443,买盘
14:50:07,148.5,-1.32%,+0.02,15,235967,买盘
14:50:10,148.5,-1.32%,--,11,163350,卖盘
14:50:13,148.45,-1.35%,-0.05,13,200853,卖盘
14:50:16,148.46,-1.34%,+0.01,4,59384,中性盘
14:50:22,148.46,-1.34%,--,0,0,中性盘
14:50:25,148.5,-1.32%,+0.04,2,29700,买盘
14:50:34,148.5,-1.32%,--,2,33413,买盘
14:50:46,148.47,-1.34%,-0.03,6,99029,卖盘
14:50:49,148.5,-1.32%,+0.03,9,138699,买盘
14:50:52,148.47,-1.34%,-0.03,6,89082,卖盘
14:50:55,148.47,-1.34%,--,0,0,卖盘
14:50:58,148.47,-1.34%,--,13,193011,卖盘
14:51:01,148.5,-1.32%,+0.03,9,133650,买盘
14:51:04,148.47,-1.34%,-0.03,28,428781,卖盘
14:51:07,148.47,-1.34%,--,23,347717,买盘
14:51:10,148.5,-1.32%,+0.03,12,188595,买盘
14:51:13,148.49,-1.32%,-0.01,14,209222,卖盘
14:51:16,148.5,-1.32%,+0.01,4,59400,卖盘
14:51:22,148.5,-1.32%,--,0,0,卖盘
14:51:25,148.5,-1.32%,--,4,71577,卖盘
14:51:28,148.5,-1.32%,--,2,29700,买盘
14:51:34,148.5,-1.32%,--,3,44699,买盘
14:51:40,148.48,-1.33%,-0.02,2,29696,卖盘
14:51:43,148.5,-1.32%,+0.02,9,143600,买盘
14:51:46,148.5,-1.32%,--,4,65340,卖盘
14:51:52,148.54,-1.29%,+0.04,13,193102,买盘
14:51:55,148.54,-1.29%,--,0,0,买盘
14:51:58,148.53,-1.30%,-0.01,2,29706,卖盘
14:52:01,148.54,-1.29%,+0.01,6,102344,买盘
14:52:04,148.53,-1.30%,-0.01,2,31340,卖盘
14:52:07,148.52,-1.30%,-0.01,4,62230,卖盘
14:52:10,148.5,-1.32%,-0.02,2,29700,卖盘
14:52:13,148.53,-1.30%,+0.03,2,29706,买盘
14:52:16,148.51,-1.31%,-0.02,6,89106,中性盘
14:52:19,148.52,-1.30%,+0.01,0,1188,买盘
14:52:22,148.52,-1.30%,--,10,148817,卖盘
14:52:25,148.55,-1.28%,+0.03,3,46496,买盘
14:52:31,148.55,-1.28%,--,5,74275,买盘
14:52:34,148.53,-1.30%,-0.02,6,98178,卖盘
14:52:37,148.51,-1.31%,-0.02,4,59404,卖盘
14:52:40,148.5,-1.32%,-0.01,5,78260,卖盘
14:52:40,148.5,-1.32%,--,5,78260,中性盘
14:52:43,148.53,-1.30%,+0.03,15,229182,买盘
14:52:46,148.5,-1.32%,-0.03,4,73211,卖盘
14:52:49,148.5,-1.32%,--,4,59400,卖盘
14:52:55,148.51,-1.31%,+0.01,13,200340,卖盘
14:52:58,148.47,-1.34%,-0.04,6,98733,卖盘
14:53:01,148.46,-1.34%,-0.01,12,188396,卖盘
14:53:04,148.45,-1.35%,-0.01,24,361030,卖盘
14:53:07,148.44,-1.36%,-0.01,10,156901,卖盘
14:53:10,148.41,-1.38%,-0.03,8,120361,卖盘
14:53:13,148.38,-1.40%,-0.03,19,286522,卖盘
14:53:16,148.33,-1.43%,-0.05,13,199504,卖盘
14:53:19,148.38,-1.40%,+0.05,34,506273,买盘
14:53:22,148.35,-1.42%,-0.03,4,73582,中性盘
14:53:25,148.41,-1.38%,+0.06,6,100919,买盘
14:53:28,148.36,-1.41%,-0.05,17,259037,卖盘
14:53:31,148.35,-1.42%,-0.01,13,201608,卖盘
14:53:37,148.3,-1.45%,-0.05,11,166838,卖盘
14:53:40,148.3,-1.45%,--,15,228234,卖盘
14:53:43,148.25,-1.48%,-0.05,11,175083,卖盘
14:53:46,148.31,-1.44%,+0.06,15,233440,买盘
14:53:49,148.31,-1.44%,--,0,0,卖盘
14:53:52,148.31,-1.44%,--,0,13348,卖盘
14:53:55,148.31,-1.44%,--,0,0,买盘
14:53:58,148.3,-1.45%,-0.01,3,54871,买盘
14:54:01,148.34,-1.42%,+0.04,4,62451,买盘
14:54:04,148.31,-1.44%,-0.03,29,430544,买盘
14:54:07,148.37,-1.40%,+0.06,9,133533,买盘
14:54:10,148.35,-1.42%,-0.02,2,39906,卖盘
14:54:13,148.32,-1.44%,-0.03,16,237312,卖盘
14:54:16,148.4,-1.38%,+0.08,2,29680,买盘
14:54:19,148.4,-1.38%,--,0,0,买盘
14:54:22,148.35,-1.42%,-0.05,7,113784,买盘
14:54:28,148.38,-1.40%,+0.03,36,541290,中性盘
14:54:31,148.35,-1.42%,-0.03,8,124762,卖盘
14:54:34,148.35,-1.42%,--,22,326370,卖盘
14:54:37,148.36,-1.41%,+0.01,5,87977,买盘
14:54:40,148.35,-1.42%,-0.01,12,189591,卖盘
14:54:43,148.35,-1.42%,--,2,36197,买盘
14:54:46,148.35,-1.42%,--,6,92867,买盘
14:54:49,148.34,-1.42%,-0.01,2,37827,卖盘
14:54:52,148.33,-1.43%,-0.01,4,66007,卖盘
14:54:55,148.34,-1.42%,+0.01,0,11126,买盘
14:54:58,148.34,-1.42%,--,5,74170,卖盘
14:55:01,148.34,-1.42%,--,11,166883,卖盘
14:55:04,148.3,-1.45%,-0.04,64,950306,卖盘
14:55:07,148.3,-1.45%,--,34,508669,买盘
14:55:10,148.26,-1.48%,-0.04,6,103337,卖盘
14:55:13,148.27,-1.47%,+0.01,6,97117,中性盘
14:55:16,148.3,-1.45%,+0.03,12,190121,买盘
14:55:19,148.27,-1.47%,-0.03,23,341911,中性盘
14:55:22,148.27,-1.47%,--,13,204020,买盘
14:55:25,148.28,-1.46%,+0.01,23,353500,买盘
14:55:28,148.26,-1.48%,-0.02,30,448635,卖盘
14:55:31,148.26,-1.48%,--,0,0,卖盘
14:55:34,148.3,-1.45%,+0.04,25,377127,买盘
14:55:37,148.3,-1.45%,--,0,0,卖盘
14:55:40,148.3,-1.45%,--,4,70887,中性盘
14:55:43,148.3,-1.45%,--,2,29660,卖盘
14:55:46,148.3,-1.45%,--,8,124572,买盘
14:55:49,148.28,-1.46%,-0.02,20,300712,卖盘
14:55:52,148.28,-1.46%,--,14,212189,买盘
14:55:55,148.28,-1.46%,--,16,240362,卖盘
14:55:58,148.28,-1.46%,--,10,152728,买盘
14:56:01,148.26,-1.48%,-0.02,28,417204,卖盘
14:56:04,148.27,-1.47%,+0.01,9,146194,卖盘
14:56:07,148.27,-1.47%,--,10,154053,卖盘
14:56:10,148.3,-1.45%,+0.03,14,212514,买盘
14:56:13,148.33,-1.43%,+0.03,40,608005,买盘
14:56:16,148.34,-1.42%,+0.01,2,29668,买盘
14:56:19,148.4,-1.38%,+0.06,10,156117,买盘
14:56:19,148.4,-1.38%,-0.05,10,156117,中性盘
14:56:25,148.35,-1.42%,-0.05,2,42725,卖盘
14:56:28,148.36,-1.41%,+0.01,4,66465,卖盘
14:56:31,148.4,-1.38%,+0.04,5,88150,买盘
14:56:34,148.49,-1.32%,+0.09,2,36380,买盘
14:56:37,148.49,-1.32%,--,0,0,买盘
14:56:40,148.5,-1.32%,+0.01,21,311999,买盘
14:56:43,148.5,-1.32%,--,6,89100,买盘
14:56:52,148.5,-1.32%,--,14,211316,买盘
14:56:55,148.5,-1.32%,--,12,179834,买盘
14:56:58,148.5,-1.32%,--,10,151916,买盘
14:59:58,148.5,-1.32%,--,0,0,买盘
15:00:00,148.59,-1.26%,+0.09,487,7248220,买盘
15:00:00,148.59,-1.26%,--,0,0,买盘
