成交时间,成交价,涨跌幅,价格变动,成交量(手),成交额(元),性质
09:18:33,0.0,-100.00%,--,0,0,中性盘
09:20:03,0.0,-100.00%,--,0,0,卖盘
09:31:26,61.26,+0.43%,--,57,349182,中性盘
09:31:26,61.26,+0.43%,--,57,349182,买盘
09:31:29,61.41,+0.67%,+0.15,193,1188652,买盘
09:31:32,61.41,+0.67%,--,44,276038,买盘
09:31:35,61.42,+0.69%,+0.01,99,613709,中性盘
09:31:38,61.48,+0.79%,+0.06,35,216348,买盘
09:31:41,61.46,+0.75%,-0.02,65,405083,卖盘
09:31:44,61.48,+0.79%,+0.02,77,479483,买盘
09:31:47,61.5,+0.82%,+0.02,213,1313763,买盘
09:31:50,61.46,+0.75%,-0.04,146,900819,卖盘
09:31:53,61.41,+0.67%,-0.05,117,722796,卖盘
09:31:56,61.4,+0.66%,-0.01,26,162035,卖盘
09:31:59,61.45,+0.74%,+0.05,318,1954110,买盘
09:32:02,61.46,+0.75%,+0.01,27,166249,买盘
09:32:05,61.54,+0.89%,+0.08,132,815959,买盘
09:32:08,61.6,+0.98%,+0.06,70,432986,买盘
09:32:11,61.6,+0.98%,--,35,219358,卖盘
09:32:14,61.68,+1.11%,+0.08,99,610632,买盘
09:32:17,61.68,+1.11%,--,29,179921,中性盘
09:32:20,61.64,+1.05%,-0.04,15,92460,中性盘
09:32:23,61.7,+1.15%,+0.06,36,225637,买盘
09:32:26,61.62,+1.02%,-0.08,42,264165,卖盘
09:32:29,61.74,+1.21%,+0.12,84,520221,买盘
09:32:32,61.79,+1.30%,+0.05,253,1564152,买盘
09:32:35,61.82,+1.34%,+0.03,39,245611,中性盘
09:32:38,61.84,+1.38%,+0.02,36,226087,买盘
09:32:41,61.88,+1.44%,+0.04,95,588850,买盘
09:32:44,61.89,+1.46%,+0.01,161,996800,中性盘
09:32:47,61.91,+1.49%,+0.02,90,561152,买盘
09:32:50,61.88,+1.44%,-0.03,20,128153,卖盘
09:32:53,61.9,+1.48%,+0.02,28,178643,买盘
09:32:56,61.95,+1.56%,+0.05,27,168442,买盘
09:32:59,61.88,+1.44%,-0.07,116,723625,卖盘
09:33:02,61.85,+1.39%,-0.03,202,1253019,卖盘
09:33:05,61.84,+1.38%,-0.01,27,170802,买盘
09:33:08,61.86,+1.41%,+0.02,226,1401500,买盘
09:33:11,61.87,+1.43%,+0.01,71,440576,买盘
09:33:14,61.86,+1.41%,-0.01,88,549193,卖盘
09:33:17,61.83,+1.36%,-0.03,42,262530,卖盘
09:33:20,61.86,+1.41%,+0.03,27,168012,买盘
09:33:23,61.78,+1.28%,-0.08,54,333736,卖盘
09:33:26,61.76,+1.25%,-0.02,60,371980,卖盘
09:33:29,61.8,+1.31%,+0.04,165,1024953,买盘
09:33:32,61.69,+1.13%,-0.11,79,493212,卖盘
09:33:35,61.8,+1.31%,+0.11,22,135960,中性盘
09:33:38,61.85,+1.39%,+0.05,27,166995,中性盘
09:33:41,61.76,+1.25%,-0.09,26,160576,中性盘
09:33:44,61.8,+1.31%,+0.04,20,129409,买盘
09:33:47,61.85,+1.39%,+0.05,89,556526,买盘
09:33:50,61.79,+1.30%,-0.06,29,180674,卖盘
09:33:53,61.81,+1.33%,+0.02,65,402012,买盘
09:33:56,61.85,+1.39%,+0.04,40,247400,买盘
09:33:59,61.85,+1.39%,--,124,767991,买盘
09:34:02,61.88,+1.44%,+0.03,124,772510,买盘
09:34:05,61.9,+1.48%,+0.02,98,607487,买盘
09:34:08,61.82,+1.34%,-0.08,163,1013106,卖盘
09:34:11,61.8,+1.31%,-0.02,159,983362,卖盘
09:34:14,61.8,+1.31%,--,86,536548,买盘
09:34:17,61.71,+1.16%,-0.09,27,170505,卖盘
09:34:20,61.8,+1.31%,+0.09,13,82688,中性盘
09:34:26,61.8,+1.31%,--,24,150483,买盘
09:34:29,61.76,+1.25%,-0.04,181,1123785,中性盘
09:34:32,61.79,+1.30%,+0.03,32,198469,中性盘
09:34:35,61.78,+1.28%,-0.01,7,48683,买盘
09:34:38,61.76,+1.25%,-0.02,23,142048,卖盘
09:37:53,61.71,+1.16%,--,4,30300,中性盘
09:37:53,61.71,+1.16%,--,4,30300,卖盘
09:37:56,61.79,+1.30%,+0.08,57,356899,买盘
09:37:59,61.81,+1.33%,+0.02,6,38260,买盘
09:38:02,61.82,+1.34%,+0.01,39,241778,买盘
09:38:05,61.83,+1.36%,+0.01,8,51752,买盘
09:38:08,61.87,+1.43%,+0.04,48,298337,买盘
09:38:11,61.88,+1.44%,+0.01,133,823870,买盘
09:38:14,61.89,+1.46%,+0.01,181,1126150,买盘
09:38:17,61.95,+1.56%,+0.06,51,319910,买盘
09:38:20,61.91,+1.49%,-0.04,122,759450,中性盘
09:38:23,61.95,+1.56%,+0.04,22,138520,买盘
09:38:26,61.87,+1.43%,-0.08,27,172927,卖盘
09:38:29,61.91,+1.49%,+0.04,183,1137534,买盘
09:38:32,61.97,+1.59%,+0.06,28,176862,买盘
09:38:35,61.87,+1.43%,-0.1,52,325312,中性盘
09:38:38,61.97,+1.59%,+0.1,158,984765,买盘
09:38:41,61.97,+1.59%,--,6,37182,买盘
09:38:44,61.89,+1.46%,-0.08,79,494068,买盘
09:38:47,61.89,+1.46%,--,85,529531,卖盘
09:38:50,61.75,+1.23%,-0.14,78,486837,卖盘
09:38:53,61.61,+1.00%,-0.14,93,578703,卖盘
09:38:56,61.61,+1.00%,--,24,148603,卖盘
09:38:59,61.6,+0.98%,-0.01,38,239994,卖盘
09:39:02,61.64,+1.05%,+0.04,99,611654,买盘
09:39:05,61.75,+1.23%,+0.11,67,418356,买盘
09:39:08,61.65,+1.07%,-0.1,86,535615,卖盘
09:39:11,61.77,+1.26%,+0.12,59,364443,买盘
09:39:14,61.68,+1.11%,-0.09,26,160861,卖盘
09:39:17,61.74,+1.21%,+0.06,4,25746,买盘
09:39:20,61.77,+1.26%,+0.03,15,98770,买盘
09:39:23,61.77,+1.26%,--,2,12354,买盘
09:39:26,61.77,+1.26%,--,30,189696,买盘
09:39:29,61.77,+1.26%,--,70,433687,卖盘
09:39:32,61.7,+1.15%,-0.07,28,175475,卖盘
09:39:35,61.68,+1.11%,-0.02,49,304082,卖盘
09:39:38,61.72,+1.18%,+0.04,8,51228,中性盘
09:39:41,61.68,+1.11%,-0.04,6,37008,买盘
09:39:44,61.71,+1.16%,+0.03,68,424873,买盘
09:39:47,61.71,+1.16%,--,7,43197,买盘
09:39:50,61.78,+1.28%,+0.07,14,89705,买盘
09:39:53,61.8,+1.31%,+0.02,14,86520,买盘
09:39:56,61.8,+1.31%,--,0,0,买盘
09:39:59,61.8,+1.31%,--,45,283600,买盘
09:40:02,61.87,+1.43%,+0.07,102,633611,买盘
09:40:05,61.96,+1.57%,+0.09,201,1245520,买盘
09:40:08,61.97,+1.59%,+0.01,238,1479720,买盘
09:40:11,61.99,+1.62%,+0.02,189,1177748,买盘
09:40:14,62.05,+1.72%,+0.06,443,2750677,买盘
09:40:17,62.03,+1.69%,-0.02,44,278329,卖盘
09:40:20,62.1,+1.80%,+0.07,238,1483942,买盘
09:40:23,62.08,+1.77%,-0.02,131,818711,中性盘
09:40:26,62.03,+1.69%,-0.05,397,2464514,卖盘
09:40:29,61.97,+1.59%,-0.06,115,717365,卖盘
09:40:32,61.92,+1.51%,-0.05,147,915921,卖盘
09:40:35,61.9,+1.48%,-0.02,197,1225187,卖盘
09:40:38,62.07,+1.75%,+0.17,115,717840,买盘
09:40:41,62.21,+1.98%,+0.14,365,2274149,买盘
09:40:44,62.21,+1.98%,--,227,1415962,买盘
09:40:47,62.15,+1.89%,-0.06,150,936165,中性盘
09:40:50,62.24,+2.03%,+0.09,530,3299903,买盘
09:40:53,62.2,+1.97%,-0.04,364,2268496,中性盘
09:40:56,62.2,+1.97%,--,123,767361,卖盘
09:40:59,62.37,+2.25%,+0.17,486,3036483,买盘
09:41:02,62.23,+2.02%,-0.14,177,1102778,卖盘
09:41:05,62.34,+2.20%,+0.11,371,2318175,买盘
09:41:05,62.34,+2.20%,--,371,2318175,中性盘
09:41:08,62.35,+2.21%,+0.01,431,2690777,买盘
09:41:11,62.39,+2.28%,+0.04,91,568311,买盘
09:41:14,62.34,+2.20%,-0.05,32,199613,卖盘
09:41:17,62.39,+2.28%,+0.05,51,323305,中性盘
09:41:20,62.42,+2.33%,+0.03,44,275709,买盘
09:41:23,62.4,+2.30%,-0.02,75,473117,中性盘
09:41:26,62.21,+1.98%,-0.19,136,846491,卖盘
09:41:29,62.11,+1.82%,-0.1,93,580666,卖盘
09:41:32,62.0,+1.64%,-0.11,48,298840,卖盘
09:41:35,62.1,+1.80%,+0.1,19,122089,买盘
09:41:38,62.11,+1.82%,+0.01,56,353344,买盘
09:41:41,62.1,+1.80%,-0.01,112,700612,卖盘
09:41:44,62.13,+1.85%,+0.03,92,571907,买盘
09:41:47,62.2,+1.97%,+0.07,138,861657,买盘
09:41:50,62.2,+1.97%,--,45,286058,买盘
09:41:53,62.2,+1.97%,--,14,91558,买盘
09:41:56,62.01,+1.66%,-0.19,50,314143,卖盘
09:41:59,62.16,+1.90%,+0.15,25,159503,买盘
09:42:02,62.01,+1.66%,-0.15,45,282642,卖盘
09:42:05,62.0,+1.64%,-0.01,86,536176,卖盘
09:42:08,62.0,+1.64%,--,76,477090,买盘
09:42:11,62.07,+1.75%,+0.07,21,130844,买盘
09:42:14,62.0,+1.64%,-0.07,14,88288,卖盘
09:42:17,61.97,+1.59%,-0.03,80,499044,卖盘
09:42:20,61.9,+1.48%,-0.07,47,294706,卖盘
09:42:23,61.95,+1.56%,+0.05,17,106988,买盘
09:42:26,61.87,+1.43%,-0.08,39,246799,卖盘
09:42:29,61.87,+1.43%,--,1,9652,买盘
09:42:32,61.91,+1.49%,+0.04,53,333014,买盘
09:42:35,61.9,+1.48%,-0.01,74,461341,卖盘
09:42:38,61.9,+1.48%,--,70,435033,买盘
09:42:41,62.03,+1.69%,+0.13,72,446864,中性盘
09:42:44,62.01,+1.66%,-0.02,63,395810,中性盘
09:42:47,62.0,+1.64%,-0.01,22,140926,中性盘
09:42:50,61.91,+1.49%,-0.09,55,340567,卖盘
09:42:53,62.06,+1.74%,+0.15,34,215286,买盘
09:42:56,61.91,+1.49%,-0.15,154,956386,卖盘
09:42:59,62.06,+1.74%,+0.15,68,423249,买盘
09:43:02,62.04,+1.70%,-0.02,14,88097,卖盘
09:43:05,62.07,+1.75%,+0.03,58,362054,买盘
09:43:08,61.93,+1.52%,-0.14,46,286179,卖盘
09:43:11,62.25,+2.05%,+0.32,550,3428855,买盘
09:43:14,62.25,+2.05%,--,156,976080,买盘
09:43:17,62.23,+2.02%,-0.02,77,481536,中性盘
09:43:20,62.15,+1.89%,-0.08,111,693843,卖盘
09:43:23,62.25,+2.05%,+0.1,182,1134818,买盘
09:43:26,62.24,+2.03%,-0.01,551,3430295,中性盘
09:43:29,62.23,+2.02%,-0.01,81,509104,中性盘
09:43:32,62.25,+2.05%,+0.02,6,40587,卖盘
09:43:35,62.22,+2.00%,-0.03,145,905985,卖盘
09:43:38,62.4,+2.30%,+0.18,230,1435886,买盘
09:43:41,62.4,+2.30%,--,96,605155,买盘
09:43:44,62.39,+2.28%,-0.01,42,265594,买盘
09:43:47,62.4,+2.30%,+0.01,76,477173,买盘
09:43:50,62.38,+2.26%,-0.02,191,1193828,卖盘
09:43:53,62.4,+2.30%,+0.02,656,4098120,买盘
09:43:56,62.51,+2.48%,+0.11,211,1320836,买盘
09:43:59,62.52,+2.49%,+0.01,41,256332,买盘
09:44:02,62.55,+2.54%,+0.03,20,128665,买盘
09:44:05,62.51,+2.48%,-0.04,58,365058,卖盘
09:44:08,62.52,+2.49%,+0.01,212,1330801,买盘
09:44:11,62.51,+2.48%,-0.01,132,830945,买盘
09:44:14,62.5,+2.46%,-0.01,190,1190500,买盘
09:44:17,62.52,+2.49%,+0.02,200,1252213,买盘
09:44:20,62.32,+2.16%,-0.2,42,261993,卖盘
09:44:20,62.32,+2.16%,--,42,261993,中性盘
09:44:20,62.32,+2.16%,--,42,261993,买盘
09:44:23,62.49,+2.44%,+0.17,234,1468328,买盘
09:44:26,62.48,+2.43%,-0.01,22,137456,买盘
09:44:29,62.33,+2.18%,-0.15,105,656896,卖盘
09:44:32,62.51,+2.48%,+0.18,80,503581,买盘
09:44:35,62.55,+2.54%,+0.04,222,1391863,买盘
09:44:38,62.56,+2.56%,+0.01,155,971870,买盘
09:44:41,62.61,+2.64%,+0.05,389,2436218,买盘
09:44:44,62.71,+2.80%,+0.1,199,1251692,买盘
09:44:47,62.68,+2.75%,-0.03,156,980064,卖盘
09:44:50,62.76,+2.89%,+0.08,199,1250054,买盘
09:44:53,62.79,+2.93%,+0.03,96,608686,买盘
09:44:56,62.85,+3.03%,+0.06,68,428009,买盘
09:44:59,62.89,+3.10%,+0.04,115,729147,买盘
09:45:02,62.8,+2.95%,-0.09,47,300121,卖盘
09:45:05,62.8,+2.95%,--,321,2016571,卖盘
09:45:08,62.77,+2.90%,-0.03,239,1505727,卖盘
09:45:11,62.68,+2.75%,-0.09,195,1225519,卖盘
09:45:14,62.64,+2.69%,-0.04,51,323911,中性盘
09:45:17,62.57,+2.57%,-0.07,106,668998,中性盘
09:45:20,62.58,+2.59%,+0.01,725,4540242,卖盘
09:45:23,62.58,+2.59%,--,492,3081064,买盘
09:45:26,62.53,+2.51%,-0.05,24,155575,买盘
09:45:29,62.56,+2.56%,+0.03,96,606769,买盘
09:45:32,62.6,+2.62%,+0.04,138,869639,买盘
09:45:35,62.62,+2.66%,+0.02,257,1611588,买盘
09:45:38,62.67,+2.74%,+0.05,58,369064,买盘
09:45:41,62.7,+2.79%,+0.03,294,1844132,买盘
09:45:44,62.7,+2.79%,--,92,577404,卖盘
09:45:47,62.75,+2.87%,+0.05,78,494282,买盘
09:45:50,62.75,+2.87%,--,298,1870076,买盘
09:45:53,62.67,+2.74%,-0.08,99,621436,卖盘
09:45:56,62.68,+2.75%,+0.01,132,827877,买盘
09:45:59,62.62,+2.66%,-0.06,69,434395,卖盘
09:46:02,62.65,+2.70%,+0.03,97,609083,中性盘
09:46:05,62.65,+2.70%,--,44,278793,买盘
09:46:08,62.68,+2.75%,+0.03,51,325372,买盘
09:46:11,62.66,+2.72%,-0.02,46,290178,卖盘
09:46:14,62.68,+2.75%,+0.02,105,663530,买盘
09:46:17,62.68,+2.75%,--,16,101103,卖盘
09:46:20,62.73,+2.84%,+0.05,16,102501,买盘
09:46:23,62.73,+2.84%,--,43,275008,买盘
09:46:26,62.75,+2.87%,+0.02,33,209522,买盘
09:46:29,62.75,+2.87%,--,40,254138,买盘
09:46:32,62.78,+2.92%,+0.03,58,367954,买盘
09:46:35,62.76,+2.89%,-0.02,7,46380,买盘
09:46:38,62.73,+2.84%,-0.03,78,494877,卖盘
09:46:41,62.73,+2.84%,--,90,568020,卖盘
09:46:44,62.73,+2.84%,--,3,18819,卖盘
09:46:47,62.78,+2.92%,+0.05,35,219730,买盘
09:46:50,62.76,+2.89%,-0.02,47,297859,卖盘
09:46:53,62.76,+2.89%,--,136,855921,买盘
09:46:56,62.76,+2.89%,--,209,1312814,买盘
09:46:59,62.68,+2.75%,-0.08,168,1058038,卖盘
09:47:02,62.75,+2.87%,+0.07,304,1907914,中性盘
09:47:05,62.72,+2.82%,-0.03,103,646016,中性盘
09:47:08,62.6,+2.62%,-0.12,88,555512,卖盘
09:47:11,62.69,+2.77%,+0.09,92,580447,中性盘
09:47:14,62.61,+2.64%,-0.08,31,194154,卖盘
09:47:17,62.68,+2.75%,+0.07,46,293092,买盘
09:47:20,62.69,+2.77%,+0.01,63,398896,买盘
09:47:23,62.69,+2.77%,--,80,504968,卖盘
09:47:26,62.7,+2.79%,+0.01,124,783186,买盘
09:47:29,62.72,+2.82%,+0.02,96,605812,买盘
09:47:32,62.69,+2.77%,-0.03,53,335642,卖盘
09:47:32,62.69,+2.77%,--,53,335642,中性盘
09:47:35,62.69,+2.77%,--,91,573488,卖盘
09:47:38,62.69,+2.77%,--,41,261104,买盘
09:47:41,62.62,+2.66%,-0.07,77,483740,卖盘
09:47:44,62.61,+2.64%,-0.01,38,242489,卖盘
09:47:47,62.62,+2.66%,+0.01,7,49532,卖盘
09:47:50,62.61,+2.64%,-0.01,66,418110,卖盘
09:47:53,62.61,+2.64%,--,51,320375,买盘
09:47:56,62.53,+2.51%,-0.08,3,23574,卖盘
09:47:59,62.61,+2.64%,+0.08,119,745059,买盘
09:48:02,62.53,+2.51%,-0.08,14,90669,卖盘
09:48:05,62.53,+2.51%,--,45,282010,卖盘
09:48:08,62.51,+2.48%,-0.02,14,90577,卖盘
09:48:11,62.49,+2.44%,-0.02,170,1065704,卖盘
09:48:14,62.49,+2.44%,--,4,27683,买盘
09:48:17,62.41,+2.31%,-0.08,141,885910,卖盘
09:48:20,62.42,+2.33%,+0.01,229,1434599,卖盘
09:48:23,62.61,+2.64%,+0.19,265,1664863,买盘
09:48:26,62.52,+2.49%,-0.09,35,220383,中性盘
09:48:29,62.61,+2.64%,+0.09,198,1245250,买盘
09:48:32,62.61,+2.64%,--,199,1249320,卖盘
09:48:35,62.69,+2.77%,+0.08,99,623327,买盘
09:48:38,62.69,+2.77%,--,13,83817,买盘
09:48:41,62.6,+2.62%,-0.09,66,419357,卖盘
09:48:44,62.6,+2.62%,--,24,150240,卖盘
09:48:47,62.62,+2.66%,+0.02,72,457001,中性盘
09:48:50,62.67,+2.74%,+0.05,76,477984,买盘
09:48:53,62.6,+2.62%,-0.07,5,31300,中性盘
09:48:56,62.67,+2.74%,+0.07,4,27825,买盘
09:48:59,62.67,+2.74%,--,162,1020706,买盘
09:49:02,62.62,+2.66%,-0.05,22,141834,中性盘
09:49:05,62.64,+2.69%,+0.02,60,377782,买盘
09:49:08,62.67,+2.74%,+0.03,13,82286,买盘
09:49:11,62.67,+2.74%,--,74,466892,买盘
09:49:14,62.67,+2.74%,--,28,178672,买盘
09:49:17,62.69,+2.77%,+0.02,166,1041970,买盘
09:49:20,62.71,+2.80%,+0.02,46,288780,买盘
09:49:23,62.76,+2.89%,+0.05,81,511745,买盘
09:49:26,62.78,+2.92%,+0.02,21,136609,买盘
09:49:29,62.77,+2.90%,-0.01,22,142865,中性盘
09:49:32,62.74,+2.85%,-0.03,120,755766,卖盘
09:49:35,62.69,+2.77%,-0.05,141,887189,卖盘
09:49:38,62.7,+2.79%,+0.01,112,704560,买盘
09:49:41,62.67,+2.74%,-0.03,128,803304,中性盘
09:49:44,62.67,+2.74%,--,85,536831,买盘
09:49:47,62.55,+2.54%,-0.12,70,442854,卖盘
09:49:50,62.69,+2.77%,+0.14,58,366862,买盘
09:49:53,62.53,+2.51%,-0.16,31,194156,卖盘
09:49:56,62.65,+2.70%,+0.12,13,83325,中性盘
09:49:59,62.64,+2.69%,-0.01,65,409603,中性盘
09:50:02,62.51,+2.48%,-0.13,109,681672,中性盘
09:50:05,62.5,+2.46%,-0.01,186,1168375,卖盘
09:50:08,62.34,+2.20%,-0.16,19,118758,卖盘
09:50:11,62.44,+2.36%,+0.1,31,195937,买盘
09:50:14,62.32,+2.16%,-0.12,199,1246088,卖盘
09:50:17,62.3,+2.13%,-0.02,58,363583,卖盘
09:50:20,62.34,+2.20%,+0.04,45,282837,买盘
09:50:23,62.33,+2.18%,-0.01,44,276184,买盘
09:50:26,62.3,+2.13%,-0.03,11,74635,卖盘
09:50:29,62.3,+2.13%,--,64,398720,买盘
09:50:32,62.3,+2.13%,--,16,102795,买盘
09:50:35,62.2,+1.97%,-0.1,9,59774,卖盘
09:50:38,62.28,+2.10%,+0.08,5,31140,买盘
09:50:41,62.28,+2.10%,--,104,653255,买盘
09:50:44,62.3,+2.13%,+0.02,37,233064,买盘
09:50:47,62.33,+2.18%,+0.03,33,209366,买盘
09:53:59,62.48,+2.43%,--,38,242610,中性盘
09:54:02,62.49,+2.44%,+0.01,30,187970,买盘
09:54:05,62.48,+2.43%,-0.01,38,243235,中性盘
09:54:08,62.47,+2.41%,-0.01,25,157799,中性盘
09:54:11,62.48,+2.43%,+0.01,156,978687,买盘
09:54:14,62.45,+2.38%,-0.03,50,312750,中性盘
09:54:17,62.47,+2.41%,+0.02,94,592840,买盘
09:54:20,62.46,+2.39%,-0.01,58,365828,中性盘
09:54:23,62.46,+2.39%,--,27,168892,买盘
09:54:26,62.46,+2.39%,--,30,187380,买盘
09:54:29,62.47,+2.41%,+0.01,48,304354,买盘
09:54:32,62.47,+2.41%,--,40,255190,买盘
09:54:35,62.5,+2.46%,+0.03,124,778063,买盘
09:54:38,62.5,+2.46%,--,7,44563,买盘
09:54:41,62.53,+2.51%,+0.03,242,1518729,买盘
09:54:44,62.58,+2.59%,+0.05,11,74783,买盘
09:54:47,62.55,+2.54%,-0.03,30,191903,卖盘
09:54:50,62.59,+2.61%,+0.04,89,559868,买盘
09:54:53,62.58,+2.59%,-0.01,96,606776,中性盘
09:54:56,62.58,+2.59%,--,118,744389,买盘
09:54:59,62.59,+2.61%,+0.01,69,435939,买盘
09:55:02,62.62,+2.66%,+0.03,169,1059844,买盘
09:55:05,62.66,+2.72%,+0.04,130,818152,买盘
09:55:08,62.59,+2.61%,-0.07,87,547037,卖盘
09:55:11,62.66,+2.72%,+0.07,136,858003,买盘
09:55:14,62.64,+2.69%,-0.02,56,354542,中性盘
09:55:17,62.55,+2.54%,-0.09,28,176266,卖盘
09:55:20,62.55,+2.54%,--,101,637447,卖盘
09:55:23,62.55,+2.54%,--,63,394691,卖盘
09:55:26,62.33,+2.18%,-0.22,105,656958,卖盘
09:55:29,62.38,+2.26%,+0.05,79,497605,买盘
09:55:32,62.2,+1.97%,-0.18,210,1311736,卖盘
09:55:35,62.27,+2.08%,+0.07,158,986481,卖盘
09:55:38,62.33,+2.18%,+0.06,103,646362,买盘
09:55:41,62.33,+2.18%,--,20,127340,买盘
09:55:44,62.22,+2.00%,-0.11,107,671416,卖盘
09:55:47,62.3,+2.13%,+0.08,26,167213,卖盘
09:55:50,62.36,+2.23%,+0.06,117,730797,买盘
09:55:53,62.36,+2.23%,--,8,49888,中性盘
09:55:56,62.36,+2.23%,--,0,0,卖盘
09:55:59,62.49,+2.44%,+0.13,46,291328,买盘
09:56:02,62.51,+2.48%,+0.02,131,824819,买盘
09:56:05,62.5,+2.46%,-0.01,4,27688,中性盘
09:56:08,62.41,+2.31%,-0.09,20,124820,卖盘
09:56:11,62.48,+2.43%,+0.07,65,406245,中性盘
09:56:14,62.54,+2.52%,+0.06,100,625588,买盘
09:56:17,62.56,+2.56%,+0.02,33,212391,买盘
09:56:20,62.61,+2.64%,+0.05,101,634615,买盘
09:56:23,62.63,+2.67%,+0.02,52,326678,买盘
09:56:26,62.65,+2.70%,+0.02,185,1164037,买盘
09:56:29,62.68,+2.75%,+0.03,58,369373,买盘
09:56:32,62.7,+2.79%,+0.02,119,748763,买盘
09:56:35,62.73,+2.84%,+0.03,76,477375,买盘
09:56:38,62.77,+2.90%,+0.04,104,654817,买盘
09:56:41,62.81,+2.97%,+0.04,248,1561205,买盘
09:56:44,62.79,+2.93%,-0.02,49,308424,卖盘
09:56:47,62.69,+2.77%,-0.1,200,1257561,卖盘
09:56:50,62.68,+2.75%,-0.01,239,1500308,卖盘
09:56:53,62.67,+2.74%,-0.01,286,1794806,卖盘
09:56:56,62.63,+2.67%,-0.04,123,776236,卖盘
09:56:59,62.67,+2.74%,+0.04,53,337290,买盘
09:57:02,62.56,+2.56%,-0.11,10,62560,卖盘
09:57:05,62.63,+2.67%,+0.07,26,163965,中性盘
09:57:08,62.56,+2.56%,-0.07,64,404450,中性盘
09:57:11,62.5,+2.46%,-0.06,91,572813,卖盘
09:57:14,62.56,+2.56%,+0.06,23,146203,买盘
09:57:14,62.56,+2.56%,--,23,146203,中性盘
09:57:14,62.56,+2.56%,--,23,146203,买盘
09:57:17,62.56,+2.56%,--,28,176357,买盘
09:57:20,62.61,+2.64%,+0.05,55,345294,买盘
09:57:23,62.56,+2.56%,-0.05,16,104100,卖盘
09:57:26,62.56,+2.56%,--,9,61747,卖盘
09:57:29,62.6,+2.62%,+0.04,47,295597,买盘
09:57:32,62.54,+2.52%,-0.06,21,134461,卖盘
09:57:35,62.54,+2.52%,--,5,31708,卖盘
09:57:38,62.53,+2.51%,-0.01,31,194406,中性盘
09:57:41,62.53,+2.51%,--,96,605415,买盘
09:57:44,62.41,+2.31%,-0.12,152,953126,卖盘
09:57:50,62.56,+2.56%,+0.15,150,938713,买盘
09:57:53,62.53,+2.51%,-0.03,22,137566,中性盘
09:57:56,62.45,+2.38%,-0.08,47,296263,卖盘
09:57:59,62.56,+2.56%,+0.11,199,1249886,买盘
09:58:02,62.58,+2.59%,+0.02,126,792638,买盘
09:58:05,62.61,+2.64%,+0.03,45,282246,买盘
09:58:08,62.58,+2.59%,-0.03,79,496697,卖盘
09:58:11,62.62,+2.66%,+0.04,117,736161,买盘
09:58:14,62.65,+2.70%,+0.03,70,440555,买盘
09:58:17,62.63,+2.67%,-0.02,44,275572,卖盘
09:58:20,62.66,+2.72%,+0.03,172,1082953,买盘
09:58:23,62.65,+2.70%,-0.01,46,293139,卖盘
09:58:26,62.66,+2.72%,+0.01,31,198570,中性盘
09:58:29,62.68,+2.75%,+0.02,47,295097,买盘
09:58:32,62.67,+2.74%,-0.01,28,178296,卖盘
09:58:35,62.68,+2.75%,+0.01,14,88441,买盘
09:58:38,62.69,+2.77%,+0.01,114,716860,买盘
09:58:41,62.69,+2.77%,--,71,450678,卖盘
09:58:44,62.7,+2.79%,+0.01,44,279015,买盘
09:58:47,62.74,+2.85%,+0.04,63,395764,买盘
09:58:50,62.74,+2.85%,--,73,462017,买盘
09:58:53,62.74,+2.85%,--,48,303975,卖盘
09:58:56,62.78,+2.92%,+0.04,603,3791096,买盘
09:58:59,62.8,+2.95%,+0.02,104,657956,买盘
09:59:02,62.8,+2.95%,--,269,1692020,买盘
09:59:05,62.76,+2.89%,-0.04,102,644106,中性盘
09:59:08,62.76,+2.89%,--,14,92634,买盘
09:59:11,62.8,+2.95%,+0.04,269,1692523,买盘
09:59:14,62.79,+2.93%,-0.01,35,219765,买盘
09:59:17,62.8,+2.95%,+0.01,207,1301342,买盘
09:59:20,62.78,+2.92%,-0.02,163,1024130,卖盘
09:59:23,62.79,+2.93%,+0.01,27,173991,中性盘
09:59:26,62.78,+2.92%,-0.01,87,550078,卖盘
09:59:29,62.77,+2.90%,-0.01,28,178832,卖盘
09:59:32,62.76,+2.89%,-0.01,48,307273,卖盘
09:59:35,62.7,+2.79%,-0.06,4,25080,卖盘
09:59:38,62.7,+2.79%,--,105,663491,卖盘
09:59:41,62.45,+2.38%,-0.25,122,764700,卖盘
09:59:44,62.4,+2.30%,-0.05,125,782870,卖盘
09:59:47,62.3,+2.13%,-0.1,85,534409,卖盘
09:59:50,62.18,+1.93%,-0.12,105,653761,卖盘
09:59:53,62.58,+2.59%,+0.4,196,1232638,买盘
09:59:56,62.38,+2.26%,-0.2,23,143786,卖盘
09:59:59,62.39,+2.28%,+0.01,9,60643,卖盘
10:00:02,62.38,+2.26%,-0.01,23,146468,卖盘
10:00:05,62.38,+2.26%,--,57,360182,卖盘
10:00:08,62.44,+2.36%,+0.06,141,882215,买盘
10:00:11,62.58,+2.59%,+0.14,102,641633,买盘
10:00:14,62.43,+2.34%,-0.15,24,153391,卖盘
10:00:17,62.43,+2.34%,--,37,232864,卖盘
10:00:20,62.46,+2.39%,+0.03,71,449087,中性盘
10:00:23,62.6,+2.62%,+0.14,480,3008869,买盘
10:00:26,62.7,+2.79%,+0.1,188,1183588,买盘
10:00:26,62.7,+2.79%,--,188,1183588,中性盘
10:00:29,62.7,+2.79%,--,98,614899,买盘
10:00:32,62.7,+2.79%,--,58,367547,卖盘
10:00:35,62.67,+2.74%,-0.03,93,585902,买盘
10:00:38,62.72,+2.82%,+0.05,83,523085,买盘
10:00:41,62.59,+2.61%,-0.13,58,363710,卖盘
10:00:44,62.5,+2.46%,-0.09,93,585688,卖盘
10:00:47,62.65,+2.70%,+0.15,74,464174,买盘
10:00:50,62.51,+2.48%,-0.14,67,419005,卖盘
10:00:53,62.55,+2.54%,+0.04,17,111527,买盘
10:00:56,62.55,+2.54%,--,266,1667833,买盘
10:00:59,62.5,+2.46%,-0.05,85,536000,卖盘
10:01:02,62.62,+2.66%,+0.12,58,366703,买盘
10:01:05,62.62,+2.66%,--,87,548238,买盘
10:01:08,62.63,+2.67%,+0.01,160,1002894,买盘
10:01:11,62.62,+2.66%,-0.01,41,259748,卖盘
10:01:14,62.63,+2.67%,+0.01,133,835860,卖盘
10:01:17,62.55,+2.54%,-0.08,184,1156675,卖盘
10:01:20,62.4,+2.30%,-0.15,203,1270339,卖盘
10:01:23,62.53,+2.51%,+0.13,76,480918,中性盘
10:01:26,62.4,+2.30%,-0.13,106,664872,卖盘
10:01:29,62.57,+2.57%,+0.17,209,1310278,买盘
10:01:32,62.57,+2.57%,--,147,923971,买盘
10:01:35,62.56,+2.56%,-0.01,60,380302,中性盘
10:01:38,62.51,+2.48%,-0.05,37,236288,卖盘
10:01:41,62.6,+2.62%,+0.09,406,2542186,买盘
10:01:44,62.6,+2.62%,--,280,1757808,卖盘
10:01:47,62.6,+2.62%,--,139,870516,买盘
10:01:50,62.74,+2.85%,+0.14,345,2166349,买盘
10:01:53,62.66,+2.72%,-0.08,88,554604,卖盘
10:01:56,62.73,+2.84%,+0.07,206,1294120,中性盘
10:01:59,62.63,+2.67%,-0.1,278,1742367,卖盘
10:02:02,62.62,+2.66%,-0.01,121,757765,中性盘
10:02:05,62.75,+2.87%,+0.13,358,2250341,买盘
10:02:08,62.76,+2.89%,+0.01,457,2869073,买盘
10:02:11,62.74,+2.85%,-0.02,52,328883,中性盘
10:02:14,62.6,+2.62%,-0.14,53,332343,卖盘
10:02:17,62.78,+2.92%,+0.18,334,2101561,买盘
10:02:20,62.56,+2.56%,-0.22,198,1244318,卖盘
10:02:23,62.55,+2.54%,-0.01,45,282789,卖盘
10:02:26,62.55,+2.54%,--,245,1537917,买盘
10:02:29,62.51,+2.48%,-0.04,49,312237,卖盘
10:02:32,62.5,+2.46%,-0.01,88,556125,卖盘
10:02:35,62.46,+2.39%,-0.04,127,793304,卖盘
10:02:38,62.46,+2.39%,--,279,1747256,卖盘
10:02:41,62.46,+2.39%,--,0,0,买盘
10:02:44,62.36,+2.23%,-0.1,147,920247,卖盘
10:02:47,62.35,+2.21%,-0.01,52,327899,卖盘
10:02:50,62.36,+2.23%,+0.01,150,939890,买盘
10:02:53,62.43,+2.34%,+0.07,39,248409,买盘
10:02:56,62.36,+2.23%,-0.07,51,318036,中性盘
10:02:59,62.36,+2.23%,--,68,429536,买盘
10:03:02,62.32,+2.16%,-0.04,48,304682,卖盘
10:03:05,62.36,+2.23%,+0.04,52,324521,卖盘
10:03:08,62.32,+2.16%,-0.04,50,313345,卖盘
10:03:11,62.32,+2.16%,--,68,426269,买盘
10:03:14,62.32,+2.16%,--,79,494447,买盘
10:03:17,62.4,+2.30%,+0.08,45,285730,买盘
10:03:20,62.31,+2.15%,-0.09,196,1222460,卖盘
10:03:23,62.31,+2.15%,--,27,172349,卖盘
10:03:26,62.4,+2.30%,+0.09,76,476549,买盘
10:03:29,62.32,+2.16%,-0.08,138,861886,中性盘
10:03:32,62.32,+2.16%,--,9,56088,卖盘
10:03:35,62.32,+2.16%,--,54,340330,卖盘
10:03:38,62.32,+2.16%,--,81,508220,买盘
10:03:41,62.31,+2.15%,-0.01,30,191666,卖盘
10:03:41,62.31,+2.15%,--,30,191666,中性盘
10:03:41,62.31,+2.15%,--,30,191666,卖盘
10:03:44,62.3,+2.13%,-0.01,325,2029672,卖盘
10:03:47,62.26,+2.07%,-0.04,31,196368,中性盘
10:03:50,62.26,+2.07%,--,178,1108602,买盘
10:03:53,62.3,+2.13%,+0.04,78,489367,买盘
10:03:56,62.22,+2.00%,-0.08,106,659781,卖盘
10:03:59,62.21,+1.98%,-0.01,52,327784,卖盘
10:04:02,62.26,+2.07%,+0.05,73,459852,买盘
10:04:05,62.2,+1.97%,-0.06,52,324871,卖盘
10:04:08,62.21,+1.98%,+0.01,102,637528,买盘
10:04:11,62.3,+2.13%,+0.09,221,1382686,买盘
10:04:14,62.3,+2.13%,--,55,342650,买盘
10:04:17,62.25,+2.05%,-0.05,67,417635,卖盘
10:04:20,62.27,+2.08%,+0.02,209,1304432,中性盘
10:04:23,62.3,+2.13%,+0.03,4,29904,买盘
10:04:26,62.33,+2.18%,+0.03,50,315390,买盘
10:04:29,62.3,+2.13%,-0.03,82,510860,卖盘
10:04:32,62.3,+2.13%,--,163,1020038,卖盘
10:04:35,62.31,+2.15%,+0.01,53,330928,卖盘
10:04:38,62.33,+2.18%,+0.02,43,270949,中性盘
10:04:41,62.31,+2.15%,-0.02,29,186618,卖盘
10:04:44,62.31,+2.15%,--,26,165495,买盘
10:04:47,62.3,+2.13%,-0.01,9,59497,中性盘
10:04:50,62.33,+2.18%,+0.03,108,673787,买盘
10:04:53,62.41,+2.31%,+0.08,50,314110,买盘
10:04:56,62.27,+2.08%,-0.14,42,262094,卖盘
10:04:59,62.3,+2.13%,+0.03,9,59870,中性盘
10:05:02,62.3,+2.13%,--,12,77875,买盘
10:05:05,62.31,+2.15%,+0.01,38,242386,买盘
10:05:08,62.4,+2.30%,+0.09,81,510869,买盘
10:05:11,62.4,+2.30%,--,276,1722240,卖盘
10:05:14,62.37,+2.25%,-0.03,58,364677,买盘
10:05:17,62.4,+2.30%,+0.03,84,526344,买盘
10:05:20,62.4,+2.30%,--,78,489902,买盘
10:05:23,62.37,+2.25%,-0.03,62,390124,卖盘
10:05:26,62.36,+2.23%,-0.01,80,499691,买盘
10:05:29,62.33,+2.18%,-0.03,28,178638,中性盘
10:05:32,62.33,+2.18%,--,59,372048,买盘
10:05:35,62.33,+2.18%,--,122,764041,买盘
10:05:38,62.35,+2.21%,+0.02,110,688968,买盘
10:05:41,62.39,+2.28%,+0.04,86,537240,买盘
10:05:44,62.43,+2.34%,+0.04,58,363655,买盘
10:05:47,62.56,+2.56%,+0.13,106,669079,买盘
10:05:50,62.4,+2.30%,-0.16,86,537326,卖盘
10:05:53,62.35,+2.21%,-0.05,78,492253,卖盘
10:05:56,62.35,+2.21%,--,27,172086,卖盘
10:05:59,62.36,+2.23%,+0.01,12,79509,买盘
10:06:02,62.32,+2.16%,-0.04,209,1305853,卖盘
10:06:05,62.22,+2.00%,-0.1,97,608947,卖盘
10:06:08,62.2,+1.97%,-0.02,202,1258617,卖盘
10:06:11,62.2,+1.97%,--,59,372702,买盘
10:06:14,62.2,+1.97%,--,85,528700,买盘
10:06:17,62.2,+1.97%,--,88,552087,买盘
10:06:20,62.1,+1.80%,-0.1,259,1610812,卖盘
10:06:23,62.12,+1.84%,+0.02,42,266246,卖盘
10:06:26,62.24,+2.03%,+0.12,31,198732,买盘
10:06:29,62.2,+1.97%,-0.04,32,199164,卖盘
10:06:32,62.11,+1.82%,-0.09,54,340984,卖盘
10:06:35,62.2,+1.97%,+0.09,63,394597,买盘
10:06:38,62.2,+1.97%,--,14,93113,买盘
10:06:41,62.2,+1.97%,--,33,208992,卖盘
10:06:44,62.2,+1.97%,--,53,332894,卖盘
10:06:47,62.19,+1.95%,-0.01,69,429111,中性盘
10:06:50,62.19,+1.95%,--,479,2982011,买盘
10:06:53,62.2,+1.97%,+0.01,43,268393,卖盘
10:10:08,62.42,+2.33%,--,71,446678,中性盘
10:10:08,62.42,+2.33%,--,71,446678,卖盘
10:10:11,62.42,+2.33%,--,224,1400081,卖盘
10:10:14,62.5,+2.46%,+0.08,18,115250,买盘
10:10:17,62.42,+2.33%,-0.08,189,1184295,中性盘
10:10:20,62.41,+2.31%,-0.01,190,1191220,卖盘
10:10:23,62.26,+2.07%,-0.15,133,832416,卖盘
10:10:26,62.25,+2.05%,-0.01,88,547925,卖盘
10:10:29,62.25,+2.05%,--,106,665515,卖盘
10:10:32,62.3,+2.13%,+0.05,47,292872,中性盘
10:10:35,62.4,+2.30%,+0.1,105,657446,买盘
10:10:38,62.4,+2.30%,--,29,182770,买盘
10:10:41,62.4,+2.30%,--,86,539386,买盘
10:10:44,62.42,+2.33%,+0.02,76,476702,买盘
10:10:47,62.59,+2.61%,+0.17,104,654942,买盘
10:10:50,62.36,+2.23%,-0.23,7,47394,卖盘
10:10:53,62.44,+2.36%,+0.08,167,1044559,中性盘
10:10:56,62.35,+2.21%,-0.09,108,675625,卖盘
10:10:59,62.4,+2.30%,+0.05,102,636979,买盘
10:11:02,62.35,+2.21%,-0.05,183,1144123,卖盘
10:11:05,62.44,+2.36%,+0.09,127,795923,买盘
10:11:08,62.44,+2.36%,--,33,211547,卖盘
10:11:11,62.57,+2.57%,+0.13,206,1294636,买盘
10:11:14,62.57,+2.57%,--,49,308658,卖盘
10:11:17,62.56,+2.56%,-0.01,145,910060,卖盘
10:11:20,62.48,+2.43%,-0.08,293,1834725,卖盘
10:11:23,62.48,+2.43%,--,91,572254,买盘
10:11:26,62.62,+2.66%,+0.14,149,933101,买盘
10:11:29,62.49,+2.44%,-0.13,39,249148,卖盘
10:11:32,62.59,+2.61%,+0.1,70,440696,中性盘
10:11:35,62.58,+2.59%,-0.01,281,1761001,中性盘
10:11:38,62.51,+2.48%,-0.07,267,1672955,中性盘
10:11:41,62.49,+2.44%,-0.02,224,1405275,卖盘
10:11:44,62.45,+2.38%,-0.04,191,1196042,卖盘
10:11:47,62.35,+2.21%,-0.1,134,838857,卖盘
10:11:53,62.35,+2.21%,--,33,205942,买盘
10:11:56,62.31,+2.15%,-0.04,33,206371,卖盘
10:11:59,62.35,+2.21%,+0.04,115,718584,买盘
10:12:02,62.32,+2.16%,-0.03,228,1426505,卖盘
10:12:05,62.43,+2.34%,+0.11,67,419467,买盘
10:12:08,62.35,+2.21%,-0.08,121,760545,卖盘
10:12:11,62.35,+2.21%,--,139,872651,卖盘
10:12:14,62.36,+2.23%,+0.01,62,387567,卖盘
10:12:17,62.38,+2.26%,+0.02,71,444458,买盘
10:12:20,62.42,+2.33%,+0.04,29,184576,买盘
10:12:23,62.38,+2.26%,-0.04,60,377586,中性盘
10:12:26,62.41,+2.31%,+0.03,118,739621,卖盘
10:12:29,62.46,+2.39%,+0.05,249,1556940,买盘
10:12:32,62.5,+2.46%,+0.04,156,975125,买盘
10:12:35,62.42,+2.33%,-0.08,112,703036,卖盘
10:12:38,62.49,+2.44%,+0.07,32,202093,买盘
10:12:41,62.42,+2.33%,-0.07,145,905277,中性盘
10:12:44,62.49,+2.44%,+0.07,41,259646,卖盘
10:12:47,62.45,+2.38%,-0.04,49,308690,中性盘
10:12:50,62.51,+2.48%,+0.06,167,1043917,买盘
10:12:53,62.45,+2.38%,-0.06,55,349283,卖盘
10:12:56,62.45,+2.38%,--,35,218575,买盘
10:12:59,62.35,+2.21%,-0.1,8,49880,卖盘
10:13:02,62.31,+2.15%,-0.04,29,185621,卖盘
10:13:05,62.31,+2.15%,--,104,649956,卖盘
10:13:08,62.3,+2.13%,-0.01,76,476595,卖盘
10:13:11,62.3,+2.13%,--,73,454790,卖盘
10:13:14,62.2,+1.97%,-0.1,104,651421,卖盘
10:13:17,62.2,+1.97%,--,148,921182,卖盘
10:13:20,62.2,+1.97%,--,64,401936,卖盘
10:16:32,62.5,+2.46%,--,100,625000,中性盘
10:16:35,62.52,+2.49%,+0.02,151,948991,买盘
10:16:38,62.3,+2.13%,-0.22,95,592286,卖盘
10:16:41,62.32,+2.16%,+0.02,33,207214,中性盘
10:16:44,62.5,+2.46%,+0.18,146,916125,买盘
10:16:47,62.3,+2.13%,-0.2,61,382771,卖盘
10:16:50,62.3,+2.13%,--,8,50089,买盘
10:16:53,62.31,+2.15%,+0.01,124,778127,买盘
10:16:56,62.41,+2.31%,+0.1,113,711162,买盘
10:16:59,62.22,+2.00%,-0.19,83,519288,卖盘
10:17:02,62.25,+2.05%,+0.03,43,272468,中性盘
10:17:05,62.39,+2.28%,+0.14,90,561572,买盘
10:17:08,62.25,+2.05%,-0.14,89,557387,卖盘
10:17:11,62.25,+2.05%,--,117,729570,卖盘
10:17:14,62.42,+2.33%,+0.17,58,367966,买盘
10:17:17,62.41,+2.31%,-0.01,89,555886,买盘
10:17:20,62.4,+2.30%,-0.01,45,283046,中性盘
10:17:23,62.4,+2.30%,--,148,926078,买盘
10:17:26,62.28,+2.10%,-0.12,33,209385,中性盘
10:17:29,62.38,+2.26%,+0.1,142,888977,中性盘
10:17:32,62.39,+2.28%,+0.01,40,254614,买盘
10:17:35,62.28,+2.10%,-0.11,99,620620,卖盘
10:17:38,62.3,+2.13%,+0.02,81,510486,买盘
10:17:41,62.3,+2.13%,--,169,1053244,卖盘
10:17:44,62.4,+2.30%,+0.1,31,197558,中性盘
10:17:47,62.45,+2.38%,+0.05,158,990769,买盘
10:17:50,62.43,+2.34%,-0.02,57,358910,中性盘
10:17:53,62.45,+2.38%,+0.02,79,496165,买盘
10:17:56,62.42,+2.33%,-0.03,76,479698,中性盘
10:17:59,62.45,+2.38%,+0.03,56,352280,买盘
10:18:02,62.45,+2.38%,--,51,323241,买盘
10:18:05,62.45,+2.38%,--,12,75127,买盘
10:18:08,62.47,+2.41%,+0.02,33,206713,买盘
10:18:11,62.45,+2.38%,-0.02,35,223946,买盘
10:18:14,62.38,+2.26%,-0.07,36,225816,卖盘
10:18:17,62.4,+2.30%,+0.02,39,247541,中性盘
10:18:20,62.38,+2.26%,-0.02,33,212030,卖盘
10:18:23,62.46,+2.39%,+0.08,78,488375,买盘
10:18:26,62.29,+2.11%,-0.17,67,417841,卖盘
10:18:29,62.48,+2.43%,+0.19,201,1257722,买盘
10:18:32,62.48,+2.43%,--,288,1800424,买盘
10:18:35,62.5,+2.46%,+0.02,99,620438,买盘
10:18:38,62.49,+2.44%,-0.01,144,905293,中性盘
10:18:41,62.5,+2.46%,+0.01,96,601438,买盘
10:18:44,62.32,+2.16%,-0.18,355,2217159,卖盘
10:18:47,62.48,+2.43%,+0.16,180,1130013,中性盘
10:18:50,62.33,+2.18%,-0.15,65,405332,卖盘
10:18:53,62.46,+2.39%,+0.13,183,1147328,中性盘
10:18:56,62.5,+2.46%,+0.04,222,1391563,买盘
10:18:59,62.54,+2.52%,+0.04,198,1238980,买盘
10:19:02,62.33,+2.18%,-0.21,114,715735,卖盘
10:19:05,62.5,+2.46%,+0.17,130,814375,买盘
10:19:08,62.24,+2.03%,-0.26,260,1620543,卖盘
10:19:11,62.44,+2.36%,+0.2,257,1609641,中性盘
10:19:14,62.43,+2.34%,-0.01,159,993698,卖盘
10:19:17,62.43,+2.34%,--,118,739234,买盘
10:19:20,62.43,+2.34%,--,24,155326,买盘
10:19:23,62.23,+2.02%,-0.2,111,691375,卖盘
10:19:26,62.24,+2.03%,+0.01,40,252694,中性盘
10:19:29,62.41,+2.31%,+0.17,64,403855,买盘
10:19:32,62.42,+2.33%,+0.01,166,1039792,买盘
10:19:35,62.24,+2.03%,-0.18,45,286117,卖盘
10:19:38,62.4,+2.30%,+0.16,80,503880,买盘
10:19:41,62.24,+2.03%,-0.16,69,431946,卖盘
10:19:44,62.4,+2.30%,+0.16,46,287914,买盘
10:19:47,62.42,+2.33%,+0.02,54,338192,买盘
10:19:47,62.42,+2.33%,--,54,338192,中性盘
10:19:50,62.42,+2.33%,--,24,151181,买盘
10:19:53,62.43,+2.34%,+0.01,88,550945,买盘
10:19:56,62.28,+2.10%,-0.15,77,480366,中性盘
10:19:59,62.43,+2.34%,+0.15,40,255151,中性盘
10:20:02,62.49,+2.44%,+0.06,124,776751,买盘
10:20:05,62.5,+2.46%,+0.01,221,1382563,买盘
10:20:08,62.54,+2.52%,+0.04,102,642161,买盘
10:20:11,62.46,+2.39%,-0.08,64,404304,中性盘
10:20:14,62.46,+2.39%,--,305,1908465,卖盘
10:20:17,62.54,+2.52%,+0.08,127,797948,买盘
10:20:20,62.54,+2.52%,--,35,220954,买盘
10:20:23,62.58,+2.59%,+0.04,74,464782,买盘
10:20:26,62.57,+2.57%,-0.01,106,664306,中性盘
10:20:29,62.43,+2.34%,-0.14,52,330192,卖盘
10:20:32,62.59,+2.61%,+0.16,95,600426,买盘
10:20:35,62.59,+2.61%,--,75,473619,卖盘
10:20:38,62.58,+2.59%,-0.01,77,483118,中性盘
10:20:41,62.45,+2.38%,-0.13,48,304756,卖盘
10:20:44,62.45,+2.38%,--,98,612385,卖盘
10:20:47,62.62,+2.66%,+0.17,189,1184207,买盘
10:20:50,62.45,+2.38%,-0.17,93,582971,卖盘
10:20:53,62.64,+2.69%,+0.19,97,611554,买盘
10:20:56,62.63,+2.67%,-0.01,110,690496,中性盘
10:20:59,62.45,+2.38%,-0.18,42,266162,卖盘
10:21:02,62.44,+2.36%,-0.01,85,531926,卖盘
10:21:05,62.44,+2.36%,--,94,588310,买盘
10:21:08,62.6,+2.62%,+0.16,233,1459206,买盘
10:21:11,62.43,+2.34%,-0.17,93,585032,卖盘
10:21:14,62.43,+2.34%,--,85,536274,卖盘
10:21:17,62.59,+2.61%,+0.16,59,370157,买盘
10:21:20,62.58,+2.59%,-0.01,17,109578,买盘
10:21:23,62.59,+2.61%,+0.01,195,1225575,买盘
10:21:26,62.59,+2.61%,--,83,522564,买盘
10:21:29,62.59,+2.61%,--,20,130438,买盘
10:21:32,62.59,+2.61%,--,104,656131,买盘
10:21:35,62.48,+2.43%,-0.11,110,689154,中性盘
10:21:38,62.63,+2.67%,+0.15,242,1521658,买盘
10:21:41,62.5,+2.46%,-0.13,127,793750,卖盘
10:21:44,62.5,+2.46%,--,320,2005375,买盘
10:21:47,62.5,+2.46%,--,175,1099375,卖盘
10:21:50,62.65,+2.70%,+0.15,194,1219106,买盘
10:21:53,62.66,+2.72%,+0.01,252,1581288,买盘
10:21:56,62.6,+2.62%,-0.06,54,341733,中性盘
10:21:59,62.6,+2.62%,--,190,1191341,买盘
10:22:02,62.48,+2.43%,-0.12,28,175444,卖盘
10:22:05,62.54,+2.52%,+0.06,76,476742,中性盘
10:22:08,62.47,+2.41%,-0.07,90,565166,卖盘
10:22:11,62.5,+2.46%,+0.03,73,460938,买盘
10:22:14,62.5,+2.46%,--,150,938750,买盘
10:22:17,62.55,+2.54%,+0.05,122,763173,买盘
10:22:20,62.46,+2.39%,-0.09,13,85383,卖盘
10:22:23,62.46,+2.39%,--,33,207929,卖盘
10:22:26,62.46,+2.39%,--,114,713918,卖盘
10:22:28,62.5,+2.46%,+0.04,37,236750,买盘
10:22:32,62.49,+2.44%,-0.01,117,734820,中性盘
10:22:35,62.55,+2.54%,+0.06,152,950823,买盘
10:22:38,62.34,+2.20%,-0.21,89,556073,卖盘
10:22:41,62.48,+2.43%,+0.14,40,252357,中性盘
10:22:44,62.48,+2.43%,--,74,468288,买盘
10:22:47,62.51,+2.48%,+0.03,91,570654,买盘
10:22:50,62.51,+2.48%,--,32,200907,买盘
10:22:53,62.51,+2.48%,--,79,494079,买盘
10:22:56,62.48,+2.43%,-0.03,8,53046,中性盘
10:22:59,62.48,+2.43%,--,81,507338,卖盘
10:22:59,62.48,+2.43%,--,81,507338,中性盘
10:23:02,62.48,+2.43%,--,73,457166,卖盘
10:23:05,62.55,+2.54%,+0.07,82,516100,买盘
10:23:08,62.49,+2.44%,-0.06,57,360255,卖盘
10:23:11,62.49,+2.44%,--,51,323636,买盘
10:23:14,62.39,+2.28%,-0.1,55,348448,卖盘
10:23:17,62.41,+2.31%,+0.02,59,372775,买盘
10:23:20,62.47,+2.41%,+0.06,78,491889,中性盘
10:23:23,62.49,+2.44%,+0.02,71,443991,买盘
10:23:26,62.48,+2.43%,-0.01,37,234862,中性盘
10:23:29,62.4,+2.30%,-0.08,20,126298,中性盘
10:23:32,62.48,+2.43%,+0.08,93,583751,买盘
10:23:35,62.5,+2.46%,+0.02,43,272750,买盘
10:23:38,62.5,+2.46%,--,8,55375,买盘
10:23:41,62.5,+2.46%,--,39,246563,买盘
10:23:44,62.5,+2.46%,--,57,361500,买盘
10:23:47,62.5,+2.46%,--,52,327250,卖盘
10:23:50,62.48,+2.43%,-0.02,14,87909,卖盘
10:23:53,62.5,+2.46%,+0.02,40,252563,买盘
10:23:56,62.5,+2.46%,--,22,141063,买盘
10:23:59,62.51,+2.48%,+0.01,93,581406,买盘
10:24:02,62.54,+2.52%,+0.03,100,628715,买盘
10:24:05,62.57,+2.57%,+0.03,53,333310,买盘
10:24:08,62.6,+2.62%,+0.03,48,303986,买盘
10:24:11,62.5,+2.46%,-0.1,80,502125,卖盘
10:24:14,62.59,+2.61%,+0.09,80,506040,买盘
10:24:17,62.6,+2.62%,+0.01,90,565278,买盘
10:24:20,62.58,+2.59%,-0.02,33,209831,买盘
10:24:23,62.62,+2.66%,+0.04,85,537154,买盘
10:24:25,62.6,+2.62%,-0.02,66,415101,卖盘
10:24:29,62.61,+2.64%,+0.01,77,487168,卖盘
10:24:32,62.61,+2.64%,--,102,643005,买盘
10:24:35,62.61,+2.64%,--,137,861075,买盘
10:24:38,62.65,+2.70%,+0.04,62,393379,买盘
10:24:41,62.65,+2.70%,--,60,380411,买盘
10:24:44,62.68,+2.75%,+0.03,349,2190478,买盘
10:24:47,62.69,+2.77%,+0.01,153,965175,中性盘
10:24:50,62.71,+2.80%,+0.02,157,985488,买盘
10:24:53,62.75,+2.87%,+0.04,26,163338,买盘
10:24:56,62.72,+2.82%,-0.03,193,1215764,卖盘
10:24:59,62.75,+2.87%,+0.03,153,963275,买盘
10:25:02,62.75,+2.87%,--,209,1316307,买盘
10:25:05,62.74,+2.85%,-0.01,77,483349,中性盘
10:25:08,62.75,+2.87%,+0.01,139,877120,买盘
10:25:11,62.67,+2.74%,-0.08,196,1233847,卖盘
10:25:14,62.7,+2.79%,+0.03,351,2204030,中性盘
10:25:17,62.78,+2.92%,+0.08,225,1417070,中性盘
10:25:20,62.82,+2.98%,+0.04,294,1848667,买盘
10:25:23,62.63,+2.67%,-0.19,191,1196358,卖盘
10:25:26,62.64,+2.69%,+0.01,149,935904,中性盘
10:25:29,62.75,+2.87%,+0.11,94,592486,买盘
10:25:32,62.77,+2.90%,+0.02,182,1148440,买盘
10:25:35,62.6,+2.62%,-0.17,137,858183,卖盘
10:25:38,62.82,+2.98%,+0.22,89,559475,买盘
10:25:41,62.56,+2.56%,-0.26,82,513367,卖盘
10:25:44,62.56,+2.56%,--,106,665013,卖盘
10:25:47,62.78,+2.92%,+0.22,27,174403,买盘
10:25:50,62.54,+2.52%,-0.24,57,360918,卖盘
10:25:53,62.73,+2.84%,+0.19,44,278270,买盘
10:25:56,62.52,+2.49%,-0.21,26,168116,卖盘
10:25:59,62.7,+2.79%,+0.18,13,84708,买盘
10:26:02,62.7,+2.79%,--,42,265848,买盘
10:26:05,62.72,+2.82%,+0.02,78,494798,买盘
10:26:08,62.55,+2.54%,-0.17,37,233687,中性盘
10:26:11,62.7,+2.79%,+0.15,103,649259,买盘
10:26:14,62.59,+2.61%,-0.11,62,393253,中性盘
10:26:14,62.59,+2.61%,--,62,393253,中性盘
10:26:17,62.73,+2.84%,+0.14,95,598256,买盘
10:26:20,62.59,+2.61%,-0.14,87,544658,卖盘
10:26:23,62.6,+2.62%,+0.01,99,623496,中性盘
10:26:26,62.6,+2.62%,--,43,271308,卖盘
10:26:29,62.62,+2.66%,+0.02,66,419429,中性盘
10:26:32,62.62,+2.66%,--,32,206521,卖盘
10:26:35,62.69,+2.77%,+0.07,263,1653825,中性盘
10:26:38,62.69,+2.77%,--,170,1069554,买盘
10:26:41,62.67,+2.74%,-0.02,64,406540,中性盘
10:26:44,62.67,+2.74%,--,104,654839,买盘
10:26:47,62.7,+2.79%,+0.03,93,584740,买盘
10:26:50,62.68,+2.75%,-0.02,18,116459,中性盘
10:26:53,62.67,+2.74%,-0.01,44,281639,中性盘
10:26:56,62.49,+2.44%,-0.18,17,111920,卖盘
10:26:59,62.49,+2.44%,--,34,214841,买盘
10:27:02,62.4,+2.30%,-0.09,156,977558,卖盘
10:27:05,62.41,+2.31%,+0.01,112,704796,买盘
10:27:08,62.4,+2.30%,-0.01,39,248290,中性盘
10:27:11,62.31,+2.15%,-0.09,54,340462,卖盘
10:27:14,62.24,+2.03%,-0.07,42,265952,卖盘
10:27:17,62.28,+2.10%,+0.04,102,638557,中性盘
10:27:20,62.2,+1.97%,-0.08,200,1245368,卖盘
10:27:23,62.13,+1.85%,-0.07,230,1434023,卖盘
10:27:26,62.06,+1.74%,-0.07,163,1012012,卖盘
10:27:29,62.06,+1.74%,--,230,1428311,卖盘
10:27:32,62.0,+1.64%,-0.06,386,2396734,卖盘
10:27:35,61.99,+1.62%,-0.01,161,998535,卖盘
10:27:38,61.98,+1.61%,-0.01,40,251267,中性盘
10:27:41,61.99,+1.62%,+0.01,93,582396,买盘
10:27:44,62.02,+1.67%,+0.03,186,1157913,买盘
10:27:47,61.99,+1.62%,-0.03,58,360658,卖盘
10:27:50,61.96,+1.57%,-0.03,65,404475,卖盘
10:27:53,61.99,+1.62%,+0.03,45,280877,买盘
10:27:56,61.92,+1.51%,-0.07,52,327928,卖盘
10:27:59,61.94,+1.54%,+0.02,32,200128,卖盘
10:28:02,61.93,+1.52%,-0.01,32,204059,卖盘
10:28:05,61.9,+1.48%,-0.03,126,780435,卖盘
10:28:08,61.9,+1.48%,--,23,143979,买盘
10:28:11,61.87,+1.43%,-0.03,62,389100,卖盘
10:28:14,61.9,+1.48%,+0.03,116,720640,买盘
10:28:17,61.83,+1.36%,-0.07,31,194208,卖盘
10:28:20,61.83,+1.36%,--,15,92745,买盘
10:28:23,61.8,+1.31%,-0.03,82,512878,卖盘
10:28:26,61.8,+1.31%,--,118,732824,卖盘
10:28:29,61.8,+1.31%,--,176,1090646,卖盘
10:28:32,61.8,+1.31%,--,40,252515,买盘
10:28:35,61.79,+1.30%,-0.01,29,183207,卖盘
10:28:38,61.79,+1.30%,--,0,1421,买盘
10:28:41,61.8,+1.31%,+0.01,47,296455,买盘
10:28:44,61.8,+1.31%,--,77,480186,买盘
10:28:47,61.8,+1.31%,--,19,119583,卖盘
10:28:50,61.8,+1.31%,--,16,104257,卖盘
10:28:53,61.87,+1.43%,+0.07,87,538888,买盘
10:28:56,61.81,+1.33%,-0.06,4,27938,卖盘
10:28:59,61.87,+1.43%,+0.06,15,94537,买盘
10:29:02,61.87,+1.43%,--,22,137846,买盘
10:29:05,61.87,+1.43%,--,51,316094,买盘
10:29:08,61.87,+1.43%,--,27,171937,买盘
10:29:11,61.87,+1.43%,--,38,240489,买盘
10:29:14,61.87,+1.43%,--,113,699131,卖盘
10:29:17,61.87,+1.43%,--,81,503993,卖盘
10:29:20,61.77,+1.26%,-0.1,91,564763,卖盘
10:29:23,61.74,+1.21%,-0.03,80,495896,卖盘
10:29:26,61.7,+1.15%,-0.04,95,587816,卖盘
10:32:41,61.81,+1.33%,--,30,187964,中性盘
10:32:44,61.81,+1.33%,--,2,16751,买盘
10:32:47,61.81,+1.33%,--,28,175602,买盘
10:32:50,61.81,+1.33%,--,19,122322,买盘
10:32:53,61.8,+1.31%,-0.01,14,88498,卖盘
10:32:56,61.78,+1.28%,-0.02,166,1028452,卖盘
10:32:59,61.76,+1.25%,-0.02,93,575233,卖盘
10:33:02,61.76,+1.25%,--,33,207205,卖盘
10:33:05,61.8,+1.31%,+0.04,110,679800,买盘
10:33:08,61.78,+1.28%,-0.02,60,375190,中性盘
10:33:11,61.78,+1.28%,--,4,25824,卖盘
10:33:14,61.8,+1.31%,+0.02,24,152831,买盘
10:33:17,61.8,+1.31%,--,127,787023,买盘
10:33:20,61.8,+1.31%,--,20,124712,卖盘
10:33:23,61.82,+1.34%,+0.02,14,87723,买盘
10:33:26,61.81,+1.33%,-0.01,102,635839,卖盘
10:33:29,61.81,+1.33%,--,0,0,卖盘
10:33:32,61.8,+1.31%,-0.01,89,554593,卖盘
10:33:35,61.81,+1.33%,+0.01,12,75532,卖盘
10:33:38,61.82,+1.34%,+0.01,26,163576,买盘
10:33:41,61.82,+1.34%,--,22,137920,买盘
10:33:44,61.78,+1.28%,-0.04,15,98477,卖盘
10:33:47,61.78,+1.28%,--,66,408736,卖盘
10:33:50,61.78,+1.28%,--,0,0,卖盘
10:33:53,61.79,+1.30%,+0.01,11,71676,卖盘
10:33:56,61.81,+1.33%,+0.02,22,137898,买盘
10:33:59,61.81,+1.33%,--,2,12362,买盘
10:34:02,61.8,+1.31%,-0.01,12,79228,卖盘
10:34:05,61.8,+1.31%,--,30,187934,卖盘
10:34:08,61.8,+1.31%,--,11,72244,卖盘
10:34:11,61.8,+1.31%,--,6,42209,卖盘
10:34:14,61.8,+1.31%,--,7,43260,买盘
10:34:20,61.8,+1.31%,--,24,148320,买盘
10:34:23,61.8,+1.31%,--,17,110684,买盘
10:34:26,61.79,+1.30%,-0.01,41,256737,卖盘
10:34:29,61.8,+1.31%,+0.01,5,30900,买盘
10:34:35,61.8,+1.31%,--,19,123106,买盘
10:34:38,61.8,+1.31%,--,4,24720,买盘
10:34:41,61.8,+1.31%,--,10,67486,买盘
10:34:44,61.79,+1.30%,-0.01,6,41955,卖盘
10:34:47,61.81,+1.33%,+0.02,41,254595,买盘
10:34:50,61.8,+1.31%,-0.01,4,26080,卖盘
10:34:53,61.82,+1.34%,+0.02,20,129327,买盘
10:34:59,61.83,+1.36%,+0.01,31,193590,买盘
10:35:02,61.82,+1.34%,-0.01,7,47540,卖盘
10:35:05,61.84,+1.38%,+0.02,13,83793,买盘
10:35:08,61.87,+1.43%,+0.03,13,83339,买盘
10:35:11,61.88,+1.44%,+0.01,209,1298490,买盘
10:35:14,61.9,+1.48%,+0.02,40,247600,买盘
10:35:17,61.9,+1.48%,--,122,760256,买盘
10:35:20,61.9,+1.48%,--,22,141318,买盘
10:35:23,61.93,+1.52%,+0.03,45,284011,买盘
10:35:29,61.93,+1.52%,--,44,275217,卖盘
10:35:32,61.9,+1.48%,-0.03,267,1656258,卖盘
10:35:35,61.88,+1.44%,-0.02,57,356429,卖盘
10:35:38,61.86,+1.41%,-0.02,11,68046,卖盘
10:35:41,61.86,+1.41%,--,111,690419,买盘
10:35:44,61.8,+1.31%,-0.06,102,633635,卖盘
10:35:47,61.79,+1.30%,-0.01,15,92685,卖盘
10:35:50,61.82,+1.34%,+0.03,48,302671,买盘
10:35:53,61.8,+1.31%,-0.02,23,142202,卖盘
10:35:53,61.8,+1.31%,--,23,142202,中性盘
10:35:56,61.81,+1.33%,+0.01,14,91108,中性盘
10:35:59,61.8,+1.31%,-0.01,60,374941,卖盘
10:36:02,61.81,+1.33%,+0.01,3,23117,中性盘
10:36:05,61.81,+1.33%,--,12,77263,卖盘
10:36:08,61.81,+1.33%,--,90,559257,卖盘
10:36:14,61.82,+1.34%,+0.01,13,85744,买盘
10:36:17,61.82,+1.34%,--,31,194424,买盘
10:36:20,61.84,+1.38%,+0.02,13,84844,买盘
10:36:23,61.82,+1.34%,-0.02,14,92545,卖盘
10:36:26,61.86,+1.41%,+0.04,4,27404,买盘
10:36:32,61.92,+1.51%,+0.06,200,1241496,买盘
10:36:35,61.92,+1.51%,--,28,177401,卖盘
10:36:38,61.92,+1.51%,--,4,27492,买盘
10:36:41,61.92,+1.51%,--,10,63158,买盘
10:36:44,61.92,+1.51%,--,30,189785,买盘
10:36:47,61.93,+1.52%,+0.01,6,38520,买盘
10:36:50,61.93,+1.52%,--,5,34805,买盘
10:36:53,61.92,+1.51%,-0.01,35,219506,卖盘
10:36:56,61.93,+1.52%,+0.01,20,128443,买盘
10:36:59,61.93,+1.52%,--,5,32575,卖盘
10:37:02,61.92,+1.51%,-0.01,6,37709,卖盘
10:37:05,61.93,+1.52%,+0.01,4,24772,买盘
10:37:08,61.99,+1.62%,+0.06,26,161174,买盘
10:37:11,62.0,+1.64%,+0.01,10,62000,买盘
10:37:17,62.0,+1.64%,--,40,250418,买盘
10:37:20,62.01,+1.66%,+0.01,49,309182,买盘
10:37:23,61.96,+1.57%,-0.05,41,257939,卖盘
10:37:26,62.01,+1.66%,+0.05,2,18355,买盘
10:37:29,62.07,+1.75%,+0.06,7,43449,中性盘
10:37:32,62.01,+1.66%,-0.06,3,24494,卖盘
10:37:35,62.07,+1.75%,+0.06,15,95588,买盘
10:37:38,62.02,+1.67%,-0.05,7,43786,卖盘
10:37:41,62.02,+1.67%,--,2,14637,卖盘
10:37:44,62.02,+1.67%,--,13,83045,卖盘
10:37:47,62.08,+1.77%,+0.06,4,27564,买盘
10:37:50,62.08,+1.77%,--,16,103363,买盘
10:37:53,62.08,+1.77%,--,4,24832,卖盘
10:37:56,62.1,+1.80%,+0.02,82,513194,买盘
10:37:59,62.1,+1.80%,--,2,12420,卖盘
10:38:02,62.1,+1.80%,--,32,200707,卖盘
10:38:05,62.1,+1.80%,--,92,574611,卖盘
10:38:08,62.15,+1.89%,+0.05,129,806769,买盘
10:38:11,62.08,+1.77%,-0.07,30,186488,卖盘
10:38:14,62.1,+1.80%,+0.02,90,559024,买盘
10:38:16,62.12,+1.84%,+0.02,420,2613885,买盘
10:38:20,62.12,+1.84%,--,68,422664,买盘
10:38:23,62.0,+1.64%,-0.12,105,651744,卖盘
10:38:26,62.03,+1.69%,+0.03,77,482097,买盘
10:38:29,62.09,+1.79%,+0.06,58,365524,买盘
10:38:32,62.1,+1.80%,+0.01,13,82469,卖盘
10:38:35,62.03,+1.69%,-0.07,17,108739,卖盘
10:38:41,62.1,+1.80%,+0.07,30,190709,买盘
10:38:44,62.1,+1.80%,--,22,136620,买盘
10:38:47,62.01,+1.66%,-0.09,3,21269,卖盘
10:38:53,62.05,+1.72%,+0.04,2,13217,卖盘
10:38:56,62.05,+1.72%,--,23,146934,卖盘
10:38:59,62.05,+1.72%,--,4,24820,卖盘
10:39:02,62.05,+1.72%,--,6,43311,卖盘
10:39:05,62.05,+1.72%,--,56,352878,卖盘
10:39:08,62.01,+1.66%,-0.04,11,72614,卖盘
10:39:08,62.01,+1.66%,--,11,72614,中性盘
10:39:08,62.01,+1.66%,--,11,72614,卖盘
10:39:11,62.05,+1.72%,+0.04,44,273392,买盘
10:39:14,62.1,+1.80%,+0.05,69,431098,买盘
10:39:17,62.05,+1.72%,-0.05,8,53301,卖盘
10:39:20,62.05,+1.72%,--,17,108463,卖盘
10:39:23,62.1,+1.80%,+0.05,8,49680,买盘
10:39:26,62.1,+1.80%,--,60,376823,买盘
10:39:29,62.12,+1.84%,+0.02,113,705683,买盘
10:39:32,62.17,+1.92%,+0.05,129,801993,买盘
10:39:35,62.17,+1.92%,--,25,157663,买盘
10:39:38,62.19,+1.95%,+0.02,104,647398,买盘
10:39:41,62.21,+1.98%,+0.02,111,694886,买盘
10:39:44,62.23,+2.02%,+0.02,30,190548,买盘
10:39:47,62.23,+2.02%,--,6,40076,买盘
10:39:50,62.29,+2.11%,+0.06,68,429490,买盘
10:39:53,62.23,+2.02%,-0.06,0,3112,卖盘
10:39:56,62.29,+2.11%,+0.06,15,97858,买盘
10:39:59,62.2,+1.97%,-0.09,16,101821,卖盘
10:40:02,62.25,+2.05%,+0.05,12,80116,买盘
10:40:05,62.23,+2.02%,-0.02,6,42130,买盘
10:40:08,62.25,+2.05%,+0.02,26,163718,买盘
10:40:11,62.25,+2.05%,--,0,0,中性盘
10:40:17,62.23,+2.02%,-0.02,136,851618,卖盘
10:40:20,62.24,+2.03%,+0.01,25,155724,中性盘
10:40:23,62.2,+1.97%,-0.04,28,177768,卖盘
10:40:26,62.22,+2.00%,+0.02,83,518106,中性盘
10:40:29,62.17,+1.92%,-0.05,5,32515,卖盘
10:40:32,62.17,+1.92%,--,3,21635,卖盘
10:40:35,62.1,+1.80%,-0.07,9,58995,卖盘
10:40:38,62.16,+1.90%,+0.06,29,186045,买盘
10:40:41,62.1,+1.80%,-0.06,14,92591,卖盘
10:40:44,62.1,+1.80%,--,10,66695,卖盘
10:40:47,62.11,+1.82%,+0.01,5,36024,中性盘
10:40:50,62.11,+1.82%,--,7,47949,卖盘
10:40:56,62.11,+1.82%,--,0,0,卖盘
10:40:59,62.11,+1.82%,--,6,37266,卖盘
10:41:01,62.11,+1.82%,--,29,181734,卖盘
10:41:05,62.11,+1.82%,--,98,614206,买盘
10:41:08,62.05,+1.72%,-0.06,3,20290,卖盘
10:41:11,62.01,+1.66%,-0.04,12,74722,卖盘
10:41:14,62.06,+1.74%,+0.05,33,205667,买盘
10:41:17,62.0,+1.64%,-0.06,26,164114,卖盘
10:41:20,62.0,+1.64%,--,112,700166,卖盘
10:41:23,62.0,+1.64%,--,41,260028,卖盘
10:41:26,62.0,+1.64%,--,32,203360,卖盘
10:41:32,62.0,+1.64%,--,5,37076,卖盘
10:41:35,62.06,+1.74%,+0.06,6,37236,买盘
10:41:38,62.06,+1.74%,--,53,329911,买盘
10:41:41,62.08,+1.77%,+0.02,4,24832,买盘
10:41:44,62.11,+1.82%,+0.03,22,136642,买盘
10:41:47,62.06,+1.74%,-0.05,39,242841,卖盘
10:41:50,62.06,+1.74%,--,0,0,买盘
10:41:53,62.0,+1.64%,-0.06,123,765886,卖盘
10:41:56,61.95,+1.56%,-0.05,17,105501,卖盘
10:41:59,62.01,+1.66%,+0.06,9,58351,买盘
10:42:02,62.01,+1.66%,--,34,215485,买盘
10:42:05,62.01,+1.66%,--,9,59282,卖盘
10:42:08,62.03,+1.69%,+0.02,2,12406,买盘
10:42:11,62.03,+1.69%,--,6,39699,买盘
10:42:14,62.03,+1.69%,--,12,79647,买盘
10:42:14,62.03,+1.69%,--,12,79647,中性盘
10:42:23,62.03,+1.69%,--,4,27603,卖盘
10:42:26,62.05,+1.72%,+0.02,9,57955,买盘
10:42:29,62.11,+1.82%,+0.06,27,173535,买盘
10:42:35,62.11,+1.82%,--,29,184964,买盘
10:42:38,62.03,+1.69%,-0.08,3,23757,卖盘
10:42:41,62.11,+1.82%,+0.08,17,107264,买盘
10:42:44,62.07,+1.75%,-0.04,4,30663,买盘
10:42:47,62.03,+1.69%,-0.04,3,24254,卖盘
10:42:50,62.03,+1.69%,--,0,0,卖盘
10:42:56,62.09,+1.79%,+0.06,14,91645,买盘
10:42:59,62.09,+1.79%,--,10,67554,卖盘
10:43:02,62.04,+1.70%,-0.05,13,83816,卖盘
10:43:08,62.09,+1.79%,+0.05,16,102883,买盘
10:43:11,62.09,+1.79%,--,5,33715,卖盘
10:43:14,62.1,+1.80%,+0.01,9,55890,买盘
10:43:17,62.1,+1.80%,--,5,31050,买盘
10:43:20,62.09,+1.79%,-0.01,8,49672,卖盘
10:43:26,62.09,+1.79%,--,27,169878,卖盘
10:43:29,62.09,+1.79%,--,27,172921,买盘
10:43:32,62.07,+1.75%,-0.02,23,147354,卖盘
10:43:41,62.08,+1.77%,+0.01,20,124160,买盘
10:43:44,62.07,+1.75%,-0.01,9,58967,买盘
10:43:47,62.04,+1.70%,-0.03,16,102180,卖盘
10:43:50,62.08,+1.77%,+0.04,5,34330,买盘
10:43:53,62.08,+1.77%,--,19,118014,买盘
10:43:56,62.09,+1.79%,+0.01,92,573153,买盘
10:43:59,62.09,+1.79%,--,5,31045,卖盘
10:44:02,62.1,+1.80%,+0.01,22,140098,买盘
10:44:08,62.09,+1.79%,-0.01,7,47623,卖盘
10:44:11,62.09,+1.79%,--,7,47437,卖盘
10:44:14,62.09,+1.79%,--,2,12418,买盘
10:44:17,62.09,+1.79%,--,12,79289,买盘
10:44:20,62.14,+1.87%,+0.05,233,1453330,买盘
10:44:23,62.15,+1.89%,+0.01,95,590425,买盘
10:44:26,62.11,+1.82%,-0.04,61,381480,卖盘
10:44:29,62.11,+1.82%,--,9,57141,卖盘
10:44:32,62.11,+1.82%,--,6,41738,卖盘
10:44:35,62.11,+1.82%,--,3,22546,卖盘
10:44:38,62.13,+1.85%,+0.02,12,74929,买盘
10:44:41,62.17,+1.92%,+0.04,14,88841,买盘
10:44:47,62.2,+1.97%,+0.03,80,499715,买盘
10:44:50,62.22,+2.00%,+0.02,72,452091,买盘
10:44:53,62.22,+2.00%,--,0,2302,卖盘
10:44:56,62.2,+1.97%,-0.02,12,74640,买盘
10:44:59,62.13,+1.85%,-0.07,11,69089,卖盘
10:45:02,62.13,+1.85%,--,4,28145,卖盘
10:45:05,62.14,+1.87%,+0.01,2,12428,中性盘
10:45:08,62.1,+1.80%,-0.04,48,301309,卖盘
10:45:11,62.09,+1.79%,-0.01,61,382971,卖盘
10:45:14,62.09,+1.79%,--,3,19000,买盘
10:45:17,62.19,+1.95%,+0.1,71,445716,买盘
10:45:20,62.09,+1.79%,-0.1,20,124180,中性盘
10:45:23,62.18,+1.93%,+0.09,17,109561,买盘
10:45:26,62.09,+1.79%,-0.09,1,10245,卖盘
10:45:29,62.09,+1.79%,--,0,0,中性盘
10:45:32,62.07,+1.75%,-0.02,9,61325,卖盘
10:45:35,62.07,+1.75%,--,13,82305,卖盘
10:45:35,62.07,+1.75%,--,13,82305,中性盘
10:45:35,62.07,+1.75%,--,13,82305,买盘
10:45:38,62.02,+1.67%,-0.05,23,147732,卖盘
10:45:41,62.08,+1.77%,+0.06,5,34144,中性盘
10:45:44,62.09,+1.79%,+0.01,6,38185,买盘
10:45:47,62.09,+1.79%,--,19,121696,买盘
10:45:50,62.18,+1.93%,+0.09,16,99737,买盘
10:45:53,62.08,+1.77%,-0.1,27,170223,卖盘
10:45:56,62.08,+1.77%,--,3,23156,卖盘
10:45:59,62.18,+1.93%,+0.1,3,21763,买盘
10:46:05,62.08,+1.77%,-0.1,18,114351,卖盘
10:46:11,62.06,+1.74%,-0.02,24,152481,卖盘
10:46:16,62.02,+1.67%,-0.04,7,48252,卖盘
10:46:20,62.1,+1.80%,+0.08,3,18630,买盘
10:46:23,62.1,+1.80%,--,19,121343,买盘
10:46:26,62.16,+1.90%,+0.06,4,27599,买盘
10:46:29,62.1,+1.80%,-0.06,11,68372,卖盘
10:46:32,62.1,+1.80%,--,5,34590,卖盘
10:46:35,62.16,+1.90%,+0.06,6,39409,买盘
10:46:38,62.16,+1.90%,--,0,3481,卖盘
10:46:41,62.14,+1.87%,-0.02,2,12428,卖盘
10:46:44,62.11,+1.82%,-0.03,29,183287,卖盘
10:46:47,62.11,+1.82%,--,2,18012,卖盘
10:46:50,62.14,+1.87%,+0.03,12,74568,买盘
10:46:53,62.1,+1.80%,-0.04,3,21238,卖盘
10:46:56,62.1,+1.80%,--,9,61479,卖盘
10:46:59,62.11,+1.82%,+0.01,2,13478,卖盘
10:47:02,62.14,+1.87%,+0.03,35,222399,买盘
10:47:05,62.05,+1.72%,-0.09,26,162943,卖盘
10:47:11,62.08,+1.77%,+0.03,3,22100,卖盘
10:47:14,62.08,+1.77%,--,10,62080,买盘
10:47:17,62.08,+1.77%,--,3,18624,买盘
10:47:20,62.08,+1.77%,--,12,76669,卖盘
10:47:23,62.09,+1.79%,+0.01,12,78544,买盘
10:47:26,62.08,+1.77%,-0.01,3,23901,卖盘
10:47:29,62.09,+1.79%,+0.01,34,214893,买盘
10:47:32,62.08,+1.77%,-0.01,5,31350,卖盘
10:47:35,62.08,+1.77%,--,9,58355,买盘
10:47:41,62.08,+1.77%,--,5,31102,买盘
10:47:44,62.08,+1.77%,--,26,161408,买盘
10:47:47,62.05,+1.72%,-0.03,3,21283,卖盘
10:47:53,62.05,+1.72%,--,2,12534,卖盘
10:47:56,62.05,+1.72%,--,12,80541,卖盘
10:47:59,62.03,+1.69%,-0.02,12,79957,卖盘
10:48:02,62.03,+1.69%,--,20,124556,买盘
10:48:05,61.95,+1.56%,-0.08,125,775800,卖盘
10:48:08,61.93,+1.52%,-0.02,15,96859,卖盘
10:48:11,61.92,+1.51%,-0.01,71,439632,卖盘
10:48:14,61.93,+1.52%,+0.01,13,85463,买盘
10:48:17,61.91,+1.49%,-0.02,42,262684,卖盘
10:48:20,61.91,+1.49%,--,41,258103,卖盘
10:48:23,61.91,+1.49%,--,12,78254,卖盘
10:48:26,61.9,+1.48%,-0.01,30,189909,卖盘
10:48:32,61.89,+1.46%,-0.01,10,62014,卖盘
10:48:38,61.9,+1.48%,+0.01,31,195480,买盘
10:48:41,61.9,+1.48%,--,30,185762,买盘
10:48:44,61.9,+1.48%,--,11,71928,买盘
10:48:47,61.9,+1.48%,--,7,46177,买盘
10:48:47,61.9,+1.48%,--,7,46177,中性盘
10:48:50,61.91,+1.49%,+0.01,13,84012,买盘
10:48:53,61.94,+1.54%,+0.03,124,772082,买盘
10:48:56,61.94,+1.54%,--,93,579820,买盘
10:48:59,61.94,+1.54%,--,0,0,卖盘
10:49:02,61.94,+1.54%,--,12,76000,卖盘
10:49:05,62.0,+1.64%,+0.06,5,31124,买盘
10:49:11,62.0,+1.64%,--,21,135718,买盘
10:49:14,61.94,+1.54%,-0.06,11,72284,卖盘
10:49:17,61.94,+1.54%,--,25,158381,卖盘
10:49:29,61.91,+1.49%,-0.03,6,40303,卖盘
10:49:32,61.94,+1.54%,+0.03,8,55065,买盘
10:49:35,61.95,+1.56%,+0.01,16,102218,买盘
10:49:38,61.95,+1.56%,--,8,50303,卖盘
10:49:41,62.0,+1.64%,+0.05,69,433070,买盘
10:49:44,62.0,+1.64%,--,8,51770,卖盘
10:49:47,61.95,+1.56%,-0.05,22,136290,卖盘
10:49:50,61.95,+1.56%,--,32,198798,卖盘
10:49:53,61.98,+1.61%,+0.03,9,55782,买盘
10:49:56,61.91,+1.49%,-0.07,13,80607,卖盘
10:49:59,61.91,+1.49%,--,17,105618,卖盘
10:50:08,61.91,+1.49%,--,42,262622,买盘
10:50:11,61.94,+1.54%,+0.03,30,189908,买盘
10:50:14,61.91,+1.49%,-0.03,50,311160,中性盘
10:50:17,61.9,+1.48%,-0.01,102,633299,卖盘
10:50:20,61.9,+1.48%,--,28,173320,卖盘
10:50:23,61.9,+1.48%,--,28,177220,卖盘
10:50:32,61.9,+1.48%,--,0,0,卖盘
10:50:35,61.98,+1.61%,+0.08,35,217054,买盘
10:50:38,61.91,+1.49%,-0.07,3,23092,卖盘
10:50:41,61.91,+1.49%,--,4,25816,卖盘
10:50:44,61.98,+1.61%,+0.07,5,31114,买盘
10:50:47,62.0,+1.64%,+0.02,18,113336,买盘
10:50:50,62.04,+1.70%,+0.04,26,162173,买盘
10:50:53,61.95,+1.56%,-0.09,2,12390,卖盘
10:50:56,61.97,+1.59%,+0.02,19,119416,买盘
10:50:59,62.04,+1.70%,+0.07,5,31144,买盘
10:51:08,62.04,+1.70%,--,34,212921,买盘
10:51:11,62.04,+1.70%,--,7,43428,买盘
10:51:14,61.98,+1.61%,-0.06,13,84727,买盘
10:51:17,61.98,+1.61%,--,32,199328,买盘
10:51:20,62.0,+1.64%,+0.02,46,285882,买盘
10:51:23,62.04,+1.70%,+0.04,8,50128,买盘
10:51:26,62.0,+1.64%,-0.04,19,119908,卖盘
10:51:29,62.03,+1.69%,+0.03,16,102598,买盘
10:51:32,62.03,+1.69%,--,22,139443,卖盘
10:51:35,62.0,+1.64%,-0.03,2,12400,卖盘
10:51:38,62.03,+1.69%,+0.03,13,81135,买盘
10:51:41,62.0,+1.64%,-0.03,23,145080,卖盘
10:51:44,62.0,+1.64%,--,17,108376,买盘
10:51:47,61.97,+1.59%,-0.03,10,65812,卖盘
10:51:50,62.0,+1.64%,+0.03,25,155062,中性盘
10:51:53,61.98,+1.61%,-0.02,3,23986,卖盘
10:51:56,62.0,+1.64%,+0.02,5,31124,买盘
10:51:59,61.98,+1.61%,-0.02,68,426236,卖盘
10:52:02,61.98,+1.61%,--,9,55782,中性盘
10:52:02,61.98,+1.61%,--,9,55782,买盘
10:52:05,61.97,+1.59%,-0.01,9,61908,卖盘
10:52:08,61.98,+1.61%,+0.01,53,331407,买盘
10:52:11,61.97,+1.59%,-0.01,4,27887,卖盘
10:52:14,61.97,+1.59%,--,19,121027,买盘
10:52:17,61.95,+1.56%,-0.02,11,70375,卖盘
10:52:20,61.95,+1.56%,--,12,79110,买盘
10:52:23,61.91,+1.49%,-0.04,7,48476,卖盘
10:52:26,61.95,+1.56%,+0.04,26,161070,买盘
10:52:32,61.95,+1.56%,--,19,121298,买盘
10:52:38,61.96,+1.57%,+0.01,6,37176,买盘
10:52:47,61.96,+1.57%,--,31,192820,买盘
10:52:50,62.02,+1.67%,+0.06,148,920687,买盘
10:52:53,61.98,+1.61%,-0.04,54,339526,卖盘
10:52:56,62.01,+1.66%,+0.03,31,197626,买盘
10:52:59,62.01,+1.66%,--,0,3721,买盘
10:53:02,62.03,+1.69%,+0.02,21,132558,买盘
10:53:05,62.03,+1.69%,--,11,68481,卖盘
10:53:08,62.04,+1.70%,+0.01,5,31144,买盘
10:53:11,62.01,+1.66%,-0.03,6,40307,卖盘
10:53:14,62.03,+1.69%,+0.02,7,48135,买盘
10:53:17,62.04,+1.70%,+0.01,9,61420,买盘
10:53:23,62.04,+1.70%,--,14,91199,买盘
10:53:26,62.04,+1.70%,--,8,49632,卖盘
10:53:29,62.04,+1.70%,--,3,20721,卖盘
10:53:32,62.04,+1.70%,--,12,74448,卖盘
10:53:35,62.04,+1.70%,--,19,118993,卖盘
10:53:38,62.01,+1.66%,-0.03,13,86008,卖盘
10:53:41,62.03,+1.69%,+0.02,6,38086,中性盘
10:53:44,62.04,+1.70%,+0.01,2,18426,买盘
10:53:47,62.04,+1.70%,--,11,68740,买盘
10:53:53,62.04,+1.70%,--,7,47709,买盘
10:53:56,62.05,+1.72%,+0.01,22,136510,买盘
10:53:59,62.05,+1.72%,--,4,27550,买盘
10:54:02,62.05,+1.72%,--,56,350893,买盘
10:54:05,62.07,+1.75%,+0.02,175,1088646,买盘
10:54:08,62.1,+1.80%,+0.03,109,676890,买盘
10:54:11,62.07,+1.75%,-0.03,46,290922,卖盘
10:54:14,62.1,+1.80%,+0.03,11,69738,买盘
10:54:20,62.07,+1.75%,-0.03,12,77774,卖盘
10:54:23,62.1,+1.80%,+0.03,17,110724,买盘
10:54:26,62.1,+1.80%,--,21,131528,卖盘
10:54:32,62.09,+1.79%,-0.01,18,114867,卖盘
10:54:35,62.09,+1.79%,--,0,2049,卖盘
10:54:38,62.1,+1.80%,+0.01,4,26020,买盘
10:54:50,62.11,+1.82%,+0.01,24,149064,买盘
10:54:53,62.11,+1.82%,--,4,24906,买盘
10:54:56,62.11,+1.82%,--,71,443279,买盘
10:54:59,62.11,+1.82%,--,4,25341,卖盘
10:55:02,62.12,+1.84%,+0.01,41,259724,买盘
10:55:05,62.11,+1.82%,-0.01,10,64284,卖盘
10:55:08,62.12,+1.84%,+0.01,31,196920,买盘
10:55:11,62.12,+1.84%,--,16,101380,卖盘
10:55:14,62.12,+1.84%,--,10,65350,卖盘
10:58:29,61.97,+1.59%,--,46,288594,中性盘
10:58:29,61.97,+1.59%,--,46,288594,买盘
10:58:32,61.96,+1.57%,-0.01,2,12392,买盘
10:58:35,61.95,+1.56%,-0.01,3,23107,卖盘
10:58:38,61.96,+1.57%,+0.01,35,222312,买盘
10:58:41,61.96,+1.57%,--,19,117910,卖盘
10:58:44,61.96,+1.57%,--,4,25528,买盘
10:58:47,61.96,+1.57%,--,7,47337,卖盘
10:58:50,61.96,+1.57%,--,8,53781,卖盘
10:58:53,61.95,+1.56%,-0.01,12,77066,卖盘
10:58:59,61.96,+1.57%,+0.01,6,37672,买盘
10:59:02,61.96,+1.57%,--,12,77388,买盘
10:59:05,61.96,+1.57%,--,7,43372,卖盘
10:59:08,61.95,+1.56%,-0.01,5,30975,卖盘
10:59:11,61.96,+1.57%,+0.01,30,187553,买盘
10:59:14,61.96,+1.57%,--,4,27262,卖盘
10:59:23,61.96,+1.57%,--,3,19332,卖盘
10:59:26,61.96,+1.57%,--,49,306516,买盘
10:59:29,61.97,+1.59%,+0.01,59,369093,买盘
10:59:32,62.01,+1.66%,+0.04,166,1035505,买盘
10:59:35,62.01,+1.66%,--,35,218151,买盘
10:59:38,62.01,+1.66%,--,44,276627,卖盘
10:59:41,62.04,+1.70%,+0.03,29,180412,买盘
10:59:44,62.04,+1.70%,--,8,50687,买盘
10:59:47,62.04,+1.70%,--,52,323290,买盘
10:59:50,62.04,+1.70%,--,22,142568,卖盘
10:59:53,62.03,+1.69%,-0.01,2,16686,中性盘
10:59:56,62.03,+1.69%,--,5,31015,买盘
10:59:59,62.03,+1.69%,--,5,36908,买盘
11:00:02,62.0,+1.64%,-0.03,6,40672,卖盘
11:00:05,62.05,+1.72%,+0.05,102,638246,买盘
11:00:08,62.04,+1.70%,-0.01,73,457235,卖盘
11:00:11,62.01,+1.66%,-0.03,13,85574,中性盘
11:00:17,62.0,+1.64%,-0.01,131,815672,卖盘
11:00:23,62.01,+1.66%,+0.01,33,206989,买盘
11:00:26,62.04,+1.70%,+0.03,45,282158,买盘
11:00:29,62.01,+1.66%,-0.03,8,49794,卖盘
11:00:32,62.04,+1.70%,+0.03,2,12408,买盘
11:00:35,62.04,+1.70%,--,5,36107,买盘
11:00:38,62.04,+1.70%,--,2,12656,卖盘
11:00:41,62.04,+1.70%,--,17,110493,卖盘
11:00:47,62.04,+1.70%,--,0,0,买盘
11:00:50,62.0,+1.64%,-0.04,200,1240000,卖盘
11:00:53,62.04,+1.70%,+0.04,15,93556,买盘
11:00:56,62.0,+1.64%,-0.04,40,253208,卖盘
11:00:59,62.0,+1.64%,--,3,20088,卖盘
11:01:02,62.04,+1.70%,+0.04,246,1528231,买盘
11:01:08,62.04,+1.70%,--,46,285880,卖盘
11:01:11,62.04,+1.70%,--,82,511892,卖盘
11:01:14,62.04,+1.70%,--,231,1437963,买盘
11:01:17,62.04,+1.70%,--,3,22396,卖盘
11:01:20,62.0,+1.64%,-0.04,108,674436,卖盘
11:01:23,62.04,+1.70%,+0.04,48,298785,买盘
11:01:26,61.99,+1.62%,-0.05,20,129125,卖盘
11:01:29,62.0,+1.64%,+0.01,1,10974,买盘
11:01:32,62.0,+1.64%,--,16,99820,卖盘
11:01:35,62.04,+1.70%,+0.04,6,40326,买盘
11:01:38,62.01,+1.66%,-0.03,14,87124,卖盘
11:01:41,62.01,+1.66%,-0.01,0,0,中性盘
11:01:44,62.0,+1.64%,-0.01,202,1252400,卖盘
11:01:47,62.05,+1.72%,+0.05,30,191983,买盘
11:01:50,62.05,+1.72%,--,2,12410,卖盘
11:01:53,62.05,+1.72%,--,42,261603,卖盘
11:01:56,62.07,+1.75%,+0.02,41,255418,买盘
11:01:59,62.05,+1.72%,-0.02,11,71171,卖盘
11:02:02,62.05,+1.72%,--,13,82278,卖盘
11:02:11,62.07,+1.75%,+0.02,100,620700,买盘
11:02:14,62.07,+1.75%,--,6,41773,买盘
11:02:17,62.05,+1.72%,-0.02,9,57086,卖盘
11:02:20,62.07,+1.75%,+0.02,19,121719,买盘
11:02:23,62.07,+1.75%,--,16,99436,买盘
11:02:26,62.1,+1.80%,+0.03,93,581132,买盘
11:02:29,62.1,+1.80%,--,103,642238,卖盘
11:02:32,62.13,+1.85%,+0.03,66,413102,买盘
11:02:35,62.13,+1.85%,--,10,62130,买盘
11:02:38,62.13,+1.85%,--,23,147621,买盘
11:02:41,62.13,+1.85%,--,9,57657,卖盘
11:02:44,62.15,+1.89%,+0.02,5,31759,买盘
11:02:47,62.15,+1.89%,--,4,26662,卖盘
11:02:50,62.19,+1.95%,+0.04,4,24876,买盘
11:02:53,62.2,+1.97%,+0.01,8,55669,买盘
11:02:56,62.21,+1.98%,+0.01,17,108556,买盘
11:03:02,62.24,+2.03%,+0.03,20,124480,买盘
11:03:05,62.23,+2.02%,-0.01,10,62915,买盘
11:03:08,62.24,+2.03%,+0.01,67,422547,买盘
11:03:11,62.24,+2.03%,--,12,80227,买盘
11:03:14,62.27,+2.08%,+0.03,205,1277843,买盘
11:03:17,62.28,+2.10%,+0.01,99,617444,买盘
11:03:20,62.33,+2.18%,+0.05,3,22065,买盘
11:03:23,62.34,+2.20%,+0.01,22,139205,中性盘
11:03:26,62.37,+2.25%,+0.03,33,211746,买盘
11:03:29,62.37,+2.25%,--,14,92058,买盘
11:03:32,62.34,+2.20%,-0.03,7,46256,卖盘
11:03:35,62.5,+2.46%,+0.16,210,1312500,买盘
11:03:38,62.37,+2.25%,-0.13,84,528835,买盘
11:03:41,62.5,+2.46%,+0.13,42,267000,买盘
11:03:44,62.38,+2.26%,-0.12,21,132370,卖盘
11:03:47,62.5,+2.46%,+0.12,152,955000,买盘
11:03:50,62.36,+2.23%,-0.14,140,876220,卖盘
11:03:53,62.36,+2.23%,--,11,73710,卖盘
11:03:56,62.37,+2.25%,+0.01,73,456049,买盘
11:03:59,62.36,+2.23%,-0.01,19,120916,中性盘
11:04:02,62.37,+2.25%,+0.01,35,221039,买盘
11:04:05,62.37,+2.25%,--,25,161725,买盘
11:04:08,62.39,+2.28%,+0.02,21,136010,买盘
11:04:14,62.4,+2.30%,+0.01,27,168605,买盘
11:04:20,62.37,+2.25%,-0.03,53,330561,卖盘
11:04:23,62.37,+2.25%,--,7,44782,卖盘
11:04:26,62.37,+2.25%,--,4,28628,卖盘
11:04:29,62.48,+2.43%,+0.11,91,570505,买盘
11:04:32,62.46,+2.39%,-0.02,2,12492,中性盘
11:04:35,62.36,+2.23%,-0.1,84,526755,卖盘
11:04:38,62.38,+2.26%,+0.02,34,214650,买盘
11:04:41,62.39,+2.28%,+0.01,48,302467,买盘
11:04:44,62.38,+2.26%,-0.01,64,400043,卖盘
11:04:47,62.38,+2.26%,--,2,12788,买盘
11:04:50,62.37,+2.25%,-0.01,103,645218,卖盘
11:04:53,62.34,+2.20%,-0.03,30,189140,卖盘
11:04:56,62.43,+2.34%,+0.09,24,154702,买盘
11:08:08,62.66,+2.72%,-0.01,35,220626,中性盘
11:08:11,62.65,+2.70%,-0.01,39,247593,卖盘
11:08:14,62.6,+2.62%,-0.05,43,272435,卖盘
11:08:17,62.6,+2.62%,--,48,303986,卖盘
11:08:20,62.59,+2.61%,-0.01,34,217563,卖盘
11:08:23,62.58,+2.59%,-0.01,16,104696,卖盘
11:08:26,62.57,+2.57%,-0.01,37,235889,卖盘
11:08:29,62.6,+2.62%,+0.03,55,348557,买盘
11:08:32,62.6,+2.62%,--,4,27794,卖盘
11:08:35,62.61,+2.64%,+0.01,29,185513,买盘
11:08:38,62.61,+2.64%,--,45,284437,买盘
11:08:41,62.65,+2.70%,+0.04,22,143030,买盘
11:08:44,62.65,+2.70%,--,28,176673,买盘
11:08:47,62.65,+2.70%,--,101,634206,买盘
11:08:50,62.61,+2.64%,-0.04,82,517472,卖盘
11:08:53,62.65,+2.70%,+0.04,30,191270,买盘
11:08:56,62.65,+2.70%,--,0,0,买盘
11:08:59,62.65,+2.70%,--,12,75180,买盘
11:09:02,62.63,+2.67%,-0.02,91,574630,中性盘
11:09:05,62.65,+2.70%,+0.02,59,370136,买盘
11:09:08,62.65,+2.70%,--,45,281925,卖盘
11:09:11,62.66,+2.72%,+0.01,137,861826,买盘
11:09:14,62.65,+2.70%,-0.01,19,123358,卖盘
11:09:17,62.65,+2.70%,--,106,669478,卖盘
11:09:20,62.63,+2.67%,-0.02,45,286344,卖盘
11:09:23,62.6,+2.62%,-0.03,51,320700,卖盘
11:09:26,62.55,+2.54%,-0.05,25,157188,卖盘
11:09:29,62.55,+2.54%,--,89,561074,卖盘
11:09:32,62.54,+2.52%,-0.01,41,259416,卖盘
11:09:35,62.54,+2.52%,--,125,785627,买盘
11:09:38,62.33,+2.18%,-0.21,157,981511,卖盘
11:09:44,62.45,+2.38%,+0.12,33,206834,中性盘
11:09:47,62.33,+2.18%,-0.12,61,385137,卖盘
11:09:50,62.34,+2.20%,+0.01,73,456641,卖盘
11:09:53,62.35,+2.21%,+0.01,99,619260,中性盘
11:09:56,62.34,+2.20%,-0.01,33,210335,卖盘
11:09:59,62.33,+2.18%,-0.01,91,571940,卖盘
11:10:02,62.36,+2.23%,+0.03,84,528563,买盘
11:10:05,62.45,+2.38%,+0.09,35,221198,买盘
11:10:08,62.44,+2.36%,-0.01,40,255692,中性盘
11:10:11,62.46,+2.39%,+0.02,70,438157,买盘
11:10:14,62.53,+2.51%,+0.07,61,387373,买盘
11:10:17,62.5,+2.46%,-0.03,39,244250,卖盘
11:10:20,62.5,+2.46%,--,7,44563,卖盘
11:10:23,62.5,+2.46%,--,16,105375,卖盘
11:10:26,62.53,+2.51%,+0.03,2,12506,买盘
11:10:32,62.54,+2.52%,+0.01,181,1132287,买盘
11:10:35,62.54,+2.52%,--,58,364233,卖盘
11:10:38,62.6,+2.62%,+0.06,46,292780,买盘
11:10:41,62.58,+2.59%,-0.02,15,100065,中性盘
11:10:44,62.58,+2.59%,--,4,29851,卖盘
11:10:47,62.59,+2.61%,+0.01,11,70351,买盘
11:10:50,62.59,+2.61%,--,42,265757,买盘
11:10:53,62.6,+2.62%,+0.01,162,1014683,买盘
11:10:56,62.6,+2.62%,--,97,607408,买盘
11:10:59,62.61,+2.64%,+0.01,101,633238,买盘
11:11:02,62.63,+2.67%,+0.02,85,532418,中性盘
11:11:05,62.65,+2.70%,+0.02,62,388430,买盘
11:11:08,62.63,+2.67%,-0.02,4,29436,卖盘
11:11:11,62.65,+2.70%,+0.02,36,227357,买盘
11:11:14,62.6,+2.62%,-0.05,18,118690,卖盘
11:11:17,62.59,+2.61%,-0.01,15,97140,卖盘
11:11:20,62.59,+2.61%,--,19,124492,买盘
11:11:23,62.59,+2.61%,--,16,100832,中性盘
11:11:23,62.59,+2.61%,--,16,100832,买盘
11:11:26,62.58,+2.59%,-0.01,50,312963,中性盘
11:11:29,62.59,+2.61%,+0.01,55,347875,买盘
11:11:32,62.59,+2.61%,--,7,48257,卖盘
11:11:35,62.59,+2.61%,--,16,105339,卖盘
11:11:38,62.59,+2.61%,--,75,472617,买盘
11:11:41,62.59,+2.61%,--,11,71916,买盘
11:11:44,62.58,+2.59%,-0.01,56,350949,卖盘
11:11:47,62.58,+2.59%,--,20,130041,买盘
11:11:50,62.57,+2.57%,-0.01,14,92040,中性盘
11:11:53,62.56,+2.56%,-0.01,22,143575,卖盘
11:11:56,62.54,+2.52%,-0.02,23,143905,卖盘
11:11:59,62.53,+2.51%,-0.01,25,157200,卖盘
11:12:02,62.53,+2.51%,--,34,213978,卖盘
11:12:05,62.49,+2.44%,-0.04,27,171535,卖盘
11:12:08,62.49,+2.44%,--,153,957159,卖盘
11:12:11,62.43,+2.34%,-0.06,12,74916,卖盘
11:12:14,62.46,+2.39%,+0.03,5,37289,买盘
11:12:17,62.43,+2.34%,-0.03,24,154015,卖盘
11:12:20,62.32,+2.16%,-0.11,49,306926,卖盘
11:12:23,62.39,+2.28%,+0.07,40,254926,买盘
11:12:26,62.34,+2.20%,-0.05,38,237391,卖盘
11:12:29,62.36,+2.23%,+0.02,67,422926,中性盘
11:12:32,62.43,+2.34%,+0.07,167,1048200,买盘
11:12:35,62.52,+2.49%,+0.09,47,298908,买盘
11:12:38,62.53,+2.51%,+0.01,55,345353,买盘
11:12:41,62.46,+2.39%,-0.07,16,103621,中性盘
11:12:44,62.47,+2.41%,+0.01,29,183662,卖盘
11:12:47,62.55,+2.54%,+0.08,80,500775,买盘
11:12:50,62.56,+2.56%,+0.01,56,352776,买盘
11:12:53,62.5,+2.46%,-0.06,48,302688,卖盘
11:12:56,62.51,+2.48%,+0.01,35,218848,卖盘
11:12:59,62.51,+2.48%,--,35,218910,卖盘
11:13:02,62.51,+2.48%,--,46,293609,买盘
11:13:05,62.51,+2.48%,--,9,60635,卖盘
11:13:08,62.51,+2.48%,--,28,179716,买盘
11:13:11,62.51,+2.48%,--,8,52383,卖盘
11:13:14,62.51,+2.48%,--,31,197469,卖盘
11:13:17,62.51,+2.48%,--,53,336304,卖盘
11:13:20,62.53,+2.51%,+0.02,25,162515,买盘
11:13:23,62.53,+2.51%,--,23,144319,买盘
11:13:26,62.53,+2.51%,--,42,264689,买盘
11:13:29,62.53,+2.51%,--,4,25012,买盘
11:13:32,62.55,+2.54%,+0.02,32,203850,买盘
11:13:35,62.55,+2.54%,--,12,80502,买盘
11:13:38,62.55,+2.54%,--,30,192842,卖盘
11:13:41,62.55,+2.54%,--,8,50853,买盘
11:13:44,62.58,+2.59%,+0.03,60,380486,买盘
11:13:47,62.56,+2.56%,-0.02,8,53239,卖盘
11:13:50,62.59,+2.61%,+0.03,30,190649,买盘
11:13:53,62.58,+2.59%,-0.01,23,148064,买盘
11:13:56,62.59,+2.61%,+0.01,38,239031,买盘
11:13:59,62.58,+2.59%,-0.01,19,124659,卖盘
11:14:02,62.6,+2.62%,+0.02,85,532601,买盘
11:14:05,62.62,+2.66%,+0.02,109,685439,买盘
11:14:08,62.62,+2.66%,--,31,194310,卖盘
11:14:11,62.65,+2.70%,+0.03,4,25060,买盘
11:14:14,62.67,+2.74%,+0.02,98,616297,买盘
11:14:17,62.67,+2.74%,--,58,368437,买盘
11:14:20,62.67,+2.74%,--,45,287718,卖盘
11:14:23,62.68,+2.75%,+0.01,77,487776,买盘
11:14:26,62.68,+2.75%,--,26,166729,买盘
11:14:29,62.68,+2.75%,--,52,329195,买盘
11:14:32,62.68,+2.75%,--,75,474613,卖盘
11:14:35,62.69,+2.77%,+0.01,130,815346,买盘
11:14:35,62.69,+2.77%,--,130,815346,中性盘
11:14:38,62.69,+2.77%,--,150,943861,卖盘
11:14:41,62.64,+2.69%,-0.05,73,457397,卖盘
11:14:44,62.64,+2.69%,--,25,158542,卖盘
11:14:47,62.64,+2.69%,--,0,0,卖盘
11:14:50,62.61,+2.64%,-0.03,64,405024,卖盘
11:14:53,62.6,+2.62%,-0.01,11,74744,卖盘
11:14:56,62.6,+2.62%,--,20,125200,中性盘
11:14:59,62.58,+2.59%,-0.02,52,325604,卖盘
11:15:02,62.58,+2.59%,--,9,61704,卖盘
11:15:05,62.55,+2.54%,-0.03,37,233937,卖盘
11:15:08,62.52,+2.49%,-0.03,46,290030,卖盘
11:15:11,62.53,+2.51%,+0.01,27,171958,中性盘
11:15:14,62.47,+2.41%,-0.06,2,12744,卖盘
11:15:17,62.46,+2.39%,-0.01,30,191003,中性盘
11:15:20,62.45,+2.38%,-0.01,11,71693,卖盘
11:15:23,62.44,+2.36%,-0.01,19,120572,卖盘
11:15:26,62.42,+2.33%,-0.02,76,476140,卖盘
11:15:29,62.33,+2.18%,-0.09,20,124660,卖盘
11:15:32,62.33,+2.18%,--,18,117554,卖盘
11:15:35,62.33,+2.18%,--,40,252499,卖盘
11:15:38,62.33,+2.18%,--,21,132514,买盘
11:15:41,62.31,+2.15%,-0.02,25,155900,买盘
11:15:44,62.28,+2.10%,-0.03,7,45464,卖盘
11:15:47,62.26,+2.07%,-0.02,7,47567,卖盘
11:15:50,62.28,+2.10%,+0.02,27,171021,买盘
11:15:53,62.25,+2.05%,-0.03,68,424483,卖盘
11:15:56,62.28,+2.10%,+0.03,11,68944,买盘
11:15:59,62.28,+2.10%,--,98,615513,卖盘
11:16:02,62.28,+2.10%,--,92,576152,卖盘
11:16:05,62.42,+2.33%,+0.14,19,123529,买盘
11:16:08,62.41,+2.31%,-0.01,70,438243,卖盘
11:16:11,62.39,+2.28%,-0.02,36,227973,卖盘
11:16:14,62.38,+2.26%,-0.01,12,80283,卖盘
11:16:17,62.39,+2.28%,+0.01,47,294730,买盘
11:16:20,62.39,+2.28%,--,18,116919,卖盘
11:16:23,62.41,+2.31%,+0.02,50,313049,买盘
11:16:26,62.39,+2.28%,-0.02,35,221796,买盘
11:16:29,62.31,+2.15%,-0.08,24,152099,卖盘
11:16:32,62.31,+2.15%,--,11,72467,卖盘
11:16:34,62.31,+2.15%,--,26,165994,买盘
11:16:38,62.3,+2.13%,-0.01,64,401150,卖盘
11:16:41,62.36,+2.23%,+0.06,93,581944,买盘
11:16:44,62.36,+2.23%,--,52,330009,卖盘
11:16:47,62.39,+2.28%,+0.03,176,1102743,买盘
11:16:50,62.41,+2.31%,+0.02,70,442050,买盘
11:16:53,62.41,+2.31%,--,126,788862,卖盘
11:16:56,62.42,+2.33%,+0.01,120,749352,中性盘
11:16:59,62.42,+2.33%,--,31,195063,卖盘
11:17:02,62.5,+2.46%,+0.08,60,375063,买盘
11:17:05,62.42,+2.33%,-0.08,54,342124,卖盘
11:17:08,62.59,+2.61%,+0.17,367,2299744,买盘
11:17:11,62.59,+2.61%,--,30,191212,买盘
11:17:14,62.53,+2.51%,-0.06,90,564959,卖盘
11:17:17,62.55,+2.54%,+0.02,191,1197082,买盘
11:17:20,62.57,+2.57%,+0.02,221,1388679,买盘
11:17:23,62.5,+2.46%,-0.07,88,554875,卖盘
11:17:26,62.46,+2.39%,-0.04,159,997236,卖盘
11:17:29,62.47,+2.41%,+0.01,72,454969,中性盘
11:17:32,62.46,+2.39%,-0.01,83,519730,卖盘
11:17:35,62.5,+2.46%,+0.04,81,507750,买盘
11:17:38,62.47,+2.41%,-0.03,223,1399203,卖盘
11:17:41,62.68,+2.75%,+0.21,247,1552521,买盘
11:17:44,62.47,+2.41%,-0.21,69,435603,卖盘
11:17:47,62.45,+2.38%,-0.02,53,335357,卖盘
11:17:50,62.5,+2.46%,+0.05,417,2608000,买盘
11:17:50,62.5,+2.46%,--,417,2608000,中性盘
11:17:50,62.5,+2.46%,--,417,2608000,买盘
11:17:53,62.47,+2.41%,-0.03,17,109323,中性盘
11:17:56,62.47,+2.41%,--,122,766070,买盘
11:17:59,62.45,+2.38%,-0.02,25,156750,卖盘
11:18:02,62.47,+2.41%,+0.02,71,448597,买盘
11:18:08,62.47,+2.41%,--,292,1824186,卖盘
11:18:11,62.49,+2.44%,+0.02,499,3123688,中性盘
11:18:14,62.49,+2.44%,--,50,313200,买盘
11:18:17,62.7,+2.79%,+0.21,346,2170361,买盘
11:18:20,62.45,+2.38%,-0.25,38,243493,中性盘
11:18:23,62.42,+2.33%,-0.03,65,407727,卖盘
11:18:26,62.41,+2.31%,-0.01,4,27148,卖盘
11:18:29,62.38,+2.26%,-0.03,35,220201,卖盘
11:18:32,62.3,+2.13%,-0.08,26,166092,卖盘
11:18:35,62.31,+2.15%,+0.01,59,370433,卖盘
11:18:38,62.31,+2.15%,--,0,0,卖盘
11:18:41,62.38,+2.26%,+0.07,32,200864,买盘
11:18:44,62.29,+2.11%,-0.09,30,192663,买盘
11:18:47,62.25,+2.05%,-0.04,29,181895,卖盘
11:18:50,62.2,+1.97%,-0.05,23,148658,卖盘
11:18:53,62.21,+1.98%,+0.01,11,69737,卖盘
11:18:56,62.21,+1.98%,--,27,171326,买盘
11:18:59,62.25,+2.05%,+0.04,15,97733,买盘
11:19:02,62.22,+2.00%,-0.03,3,22773,中性盘
11:19:05,62.24,+2.03%,+0.02,7,47863,卖盘
11:19:08,62.37,+2.25%,+0.13,2,16279,买盘
11:19:11,62.37,+2.25%,--,15,93742,买盘
11:19:14,62.38,+2.26%,+0.01,41,258316,买盘
11:19:17,62.34,+2.20%,-0.04,9,56854,卖盘
11:19:20,62.34,+2.20%,--,33,209462,卖盘
11:19:23,62.34,+2.20%,--,41,256965,卖盘
11:19:26,62.42,+2.33%,+0.08,35,221716,买盘
11:19:29,62.34,+2.20%,-0.08,42,265755,卖盘
11:19:32,62.31,+2.15%,-0.03,4,26170,卖盘
11:19:35,62.31,+2.15%,--,45,285567,卖盘
11:19:38,62.42,+2.33%,+0.11,13,84142,买盘
11:19:41,62.42,+2.33%,--,6,40698,买盘
11:19:44,62.42,+2.33%,--,3,18726,买盘
11:19:47,62.34,+2.20%,-0.08,17,108783,中性盘
11:19:50,62.34,+2.20%,--,31,197306,买盘
11:19:53,62.32,+2.16%,-0.02,21,136481,卖盘
11:19:56,62.32,+2.16%,--,32,203039,买盘
11:19:59,62.32,+2.16%,--,9,56088,买盘
11:20:02,62.29,+2.11%,-0.03,14,90383,卖盘
11:20:05,62.34,+2.20%,+0.05,82,512185,买盘
11:20:08,62.31,+2.15%,-0.03,61,381026,卖盘
11:20:11,62.4,+2.30%,+0.09,29,184891,买盘
11:20:14,62.4,+2.30%,--,35,221520,买盘
11:20:17,62.32,+2.16%,-0.08,2,12464,卖盘
11:20:20,62.4,+2.30%,+0.08,24,151382,买盘
11:20:23,62.36,+2.23%,-0.04,6,42218,卖盘
11:20:26,62.38,+2.26%,+0.02,31,193440,卖盘
11:20:29,62.4,+2.30%,+0.02,17,112133,买盘
11:20:32,62.38,+2.26%,-0.02,28,175724,卖盘
11:20:35,62.4,+2.30%,+0.02,40,252408,买盘
11:20:38,62.47,+2.41%,+0.07,185,1157507,买盘
11:20:41,62.44,+2.36%,-0.03,60,379448,中性盘
11:20:44,62.47,+2.41%,+0.03,3,21615,买盘
11:20:47,62.38,+2.26%,-0.09,32,204107,卖盘
11:20:50,62.29,+2.11%,-0.09,118,737514,卖盘
11:20:53,62.25,+2.05%,-0.04,40,253731,卖盘
11:20:55,62.2,+1.97%,-0.05,84,524346,卖盘
11:20:59,62.2,+1.97%,--,111,693219,卖盘
11:21:02,62.18,+1.93%,-0.02,8,54221,卖盘
11:21:02,62.18,+1.93%,--,8,54221,中性盘
11:21:05,62.19,+1.95%,+0.01,4,27612,中性盘
11:21:08,62.22,+2.00%,+0.03,181,1130102,买盘
11:21:11,62.38,+2.26%,+0.16,39,247150,买盘
11:21:13,62.2,+1.97%,-0.18,21,135907,卖盘
11:21:17,62.21,+1.98%,+0.01,37,232043,卖盘
11:21:20,62.21,+1.98%,--,0,0,卖盘
11:21:26,62.34,+2.20%,+0.13,24,149803,买盘
11:21:29,62.24,+2.03%,-0.1,42,265827,中性盘
11:21:32,62.34,+2.20%,+0.1,15,98996,买盘
11:21:35,62.35,+2.21%,+0.01,14,90719,买盘
11:21:38,62.34,+2.20%,-0.01,18,112337,卖盘
11:21:41,62.38,+2.26%,+0.04,106,663474,买盘
11:21:44,62.38,+2.26%,--,40,254011,买盘
11:21:47,62.39,+2.28%,+0.01,71,446962,中性盘
11:21:50,62.47,+2.41%,+0.08,68,424983,买盘
11:21:53,62.61,+2.64%,+0.14,257,1612896,买盘
11:21:56,62.55,+2.54%,-0.06,93,582591,买盘
11:21:59,62.5,+2.46%,-0.05,193,1210813,卖盘
11:22:02,62.47,+2.41%,-0.03,32,200154,卖盘
11:22:05,62.53,+2.51%,+0.06,6,40269,中性盘
11:22:08,62.5,+2.46%,-0.03,20,129250,中性盘
11:22:11,62.47,+2.41%,-0.03,13,85272,中性盘
11:22:14,62.41,+2.31%,-0.06,11,73394,卖盘
11:22:17,62.4,+2.30%,-0.01,48,299645,卖盘
11:22:20,62.39,+2.28%,-0.01,4,24956,卖盘
11:22:23,62.39,+2.28%,--,12,79734,卖盘
11:22:26,62.39,+2.28%,--,124,777130,买盘
11:22:29,62.39,+2.28%,--,30,187170,买盘
11:22:32,62.38,+2.26%,-0.01,18,117150,卖盘
11:22:35,62.37,+2.25%,-0.01,33,211809,卖盘
11:22:37,62.37,+2.25%,--,9,59875,中性盘
11:22:44,62.34,+2.20%,-0.03,8,51243,卖盘
11:22:47,62.34,+2.20%,--,26,163331,卖盘
11:22:50,62.32,+2.16%,-0.02,3,22186,卖盘
11:22:53,62.34,+2.20%,+0.02,83,521474,买盘
11:22:56,62.23,+2.02%,-0.11,21,136595,卖盘
11:22:59,62.23,+2.02%,--,2,12446,买盘
11:23:02,62.21,+1.98%,-0.02,19,118510,卖盘
11:23:05,62.15,+1.89%,-0.06,25,155375,卖盘
11:23:08,62.13,+1.85%,-0.02,28,174337,卖盘
11:23:11,62.1,+1.80%,-0.03,33,205551,卖盘
11:23:14,62.06,+1.74%,-0.04,46,287524,中性盘
11:23:17,62.06,+1.74%,--,97,606016,卖盘
11:23:20,62.29,+2.11%,+0.23,402,2506736,买盘
11:23:23,62.3,+2.13%,+0.01,43,268139,买盘
11:23:26,62.27,+2.08%,-0.03,106,660498,买盘
11:23:29,62.27,+2.08%,--,54,341364,卖盘
11:23:35,62.26,+2.07%,-0.01,19,121594,中性盘
11:23:37,62.16,+1.90%,-0.1,31,196985,卖盘
11:23:41,62.18,+1.93%,+0.02,11,68398,买盘
11:23:44,62.16,+1.90%,-0.02,5,35680,卖盘
11:23:47,62.2,+1.97%,+0.04,9,58966,买盘
11:23:50,62.16,+1.90%,-0.04,29,185361,卖盘
11:23:53,62.15,+1.89%,-0.01,20,125232,中性盘
11:23:56,62.2,+1.97%,+0.05,104,649430,买盘
11:23:59,62.2,+1.97%,--,33,206069,卖盘
11:24:02,62.2,+1.97%,--,0,0,卖盘
11:24:05,62.25,+2.05%,+0.05,21,135207,买盘
11:24:08,62.25,+2.05%,--,17,109622,买盘
11:24:11,62.21,+1.98%,-0.04,8,52194,中性盘
11:24:14,62.2,+1.97%,-0.01,49,306273,卖盘
11:24:17,62.2,+1.97%,--,4,24880,中性盘
11:24:17,62.2,+1.97%,--,4,24880,卖盘
11:24:20,62.21,+1.98%,+0.01,11,72412,买盘
11:24:23,62.23,+2.02%,+0.02,6,38520,买盘
11:24:26,62.24,+2.03%,+0.01,18,116015,买盘
11:24:29,62.24,+2.03%,--,47,295578,买盘
11:24:32,62.25,+2.05%,+0.01,16,105389,买盘
11:24:35,62.25,+2.05%,--,61,382215,买盘
11:24:38,62.26,+2.07%,+0.01,64,399709,买盘
11:24:41,62.26,+2.07%,--,23,144692,买盘
11:24:44,62.3,+2.13%,+0.04,92,576150,买盘
11:24:47,62.3,+2.13%,--,21,134319,卖盘
11:24:50,62.34,+2.20%,+0.04,22,142447,买盘
11:24:53,62.34,+2.20%,--,31,194625,卖盘
11:24:56,62.34,+2.20%,--,30,191010,卖盘
11:24:59,62.35,+2.21%,+0.01,14,90595,买盘
11:25:02,62.35,+2.21%,--,4,25626,卖盘
11:25:05,62.33,+2.18%,-0.02,26,167855,卖盘
11:25:08,62.33,+2.18%,--,10,63639,买盘
11:25:11,62.34,+2.20%,+0.01,33,211831,买盘
11:25:14,62.3,+2.13%,-0.04,5,34203,卖盘
11:25:17,62.31,+2.15%,+0.01,25,158891,中性盘
11:25:20,62.35,+2.21%,+0.04,12,77065,买盘
11:25:23,62.24,+2.03%,-0.11,3,22593,卖盘
11:25:26,62.25,+2.05%,+0.01,26,166955,中性盘
11:25:29,62.27,+2.08%,+0.02,12,79643,买盘
11:25:32,62.35,+2.21%,+0.08,30,191165,买盘
11:25:35,62.35,+2.21%,--,0,0,买盘
11:25:38,62.27,+2.08%,-0.08,3,23600,买盘
11:25:41,62.26,+2.07%,-0.01,18,112753,卖盘
11:25:44,62.26,+2.07%,--,40,251717,买盘
11:25:47,62.26,+2.07%,--,13,82308,买盘
11:25:50,62.26,+2.07%,--,27,170655,卖盘
11:25:53,62.26,+2.07%,--,11,68673,卖盘
11:25:56,62.32,+2.16%,+0.06,7,49108,买盘
11:25:59,62.34,+2.20%,+0.02,12,78361,买盘
11:26:02,62.34,+2.20%,--,2,12468,买盘
11:26:05,62.34,+2.20%,--,14,90455,买盘
11:26:08,62.33,+2.18%,-0.01,4,24932,卖盘
11:26:11,62.33,+2.18%,--,0,4675,卖盘
11:26:14,62.34,+2.20%,+0.01,70,436567,买盘
11:26:17,62.34,+2.20%,--,8,52179,买盘
11:26:20,62.35,+2.21%,+0.01,16,105372,买盘
11:26:23,62.25,+2.05%,-0.1,47,293820,卖盘
11:26:26,62.25,+2.05%,--,73,460526,买盘
11:26:29,62.24,+2.03%,-0.01,93,581695,卖盘
11:26:32,62.22,+2.00%,-0.02,45,279990,卖盘
11:26:35,62.25,+2.05%,+0.03,21,131597,买盘
11:26:38,62.25,+2.05%,--,81,505719,卖盘
11:26:41,62.2,+1.97%,-0.05,49,307703,卖盘
11:26:44,62.16,+1.90%,-0.04,28,176348,卖盘
11:26:47,62.2,+1.97%,+0.04,37,236173,买盘
11:26:50,62.16,+1.90%,-0.04,68,426355,卖盘
11:26:53,62.1,+1.80%,-0.06,47,296714,卖盘
11:26:56,62.22,+2.00%,+0.12,30,187344,买盘
11:26:59,62.22,+2.00%,--,9,57242,卖盘
11:27:02,62.11,+1.82%,-0.11,19,121363,卖盘
11:27:05,62.14,+1.87%,+0.03,9,56672,卖盘
11:27:11,62.24,+2.03%,+0.1,7,44377,买盘
11:27:14,62.22,+2.00%,-0.02,10,62220,中性盘
11:27:17,62.14,+1.87%,-0.08,10,64936,卖盘
11:27:20,62.22,+2.00%,+0.08,3,18666,中性盘
11:27:23,62.24,+2.03%,+0.02,26,162197,买盘
11:27:26,62.22,+2.00%,-0.02,22,140431,卖盘
11:27:29,62.22,+2.00%,--,7,48407,卖盘
11:27:29,62.22,+2.00%,--,7,48407,中性盘
11:27:32,62.24,+2.03%,+0.02,28,175579,买盘
11:27:35,62.22,+2.00%,-0.02,2,12444,买盘
11:27:38,62.22,+2.00%,--,48,303820,买盘
11:27:41,62.24,+2.03%,+0.02,18,114397,买盘
11:27:44,62.24,+2.03%,--,59,371511,卖盘
11:27:47,62.32,+2.16%,+0.08,28,176054,买盘
11:27:50,62.34,+2.20%,+0.02,19,120129,买盘
11:27:53,62.32,+2.16%,-0.02,7,45431,卖盘
11:27:56,62.35,+2.21%,+0.03,11,69396,买盘
11:27:59,62.32,+2.16%,-0.03,30,187770,卖盘
11:28:02,62.32,+2.16%,--,2,17512,买盘
11:28:05,62.24,+2.03%,-0.08,4,25207,卖盘
11:28:08,62.32,+2.16%,+0.08,43,273273,买盘
11:28:11,62.3,+2.13%,-0.02,38,241163,卖盘
11:28:14,62.32,+2.16%,+0.02,13,86936,买盘
11:28:17,62.32,+2.16%,--,31,196183,卖盘
11:28:20,62.3,+2.13%,-0.02,14,88466,卖盘
11:28:23,62.3,+2.13%,--,63,393362,卖盘
11:28:26,62.35,+2.21%,+0.05,32,202388,买盘
11:28:29,62.36,+2.23%,+0.01,10,67224,买盘
11:28:32,62.35,+2.21%,-0.01,27,169904,卖盘
11:28:35,62.32,+2.16%,-0.03,22,140843,卖盘
11:28:38,62.35,+2.21%,+0.03,67,423045,买盘
11:28:41,62.35,+2.21%,--,27,171026,卖盘
11:28:44,62.38,+2.26%,+0.03,3,24453,买盘
11:28:47,62.37,+2.25%,-0.01,63,394615,卖盘
11:28:50,62.37,+2.25%,--,13,83513,卖盘
11:28:53,62.39,+2.28%,+0.02,17,107186,买盘
11:28:56,62.38,+2.26%,-0.01,22,139419,卖盘
11:28:59,62.39,+2.28%,+0.01,10,64574,买盘
11:29:02,62.39,+2.28%,--,15,95893,卖盘
11:29:05,62.39,+2.28%,--,9,61641,卖盘
11:29:08,62.39,+2.28%,--,21,132516,买盘
11:29:11,62.39,+2.28%,--,32,200646,买盘
11:29:14,62.37,+2.25%,-0.02,42,263201,卖盘
11:29:17,62.35,+2.21%,-0.02,22,138853,卖盘
11:29:20,62.35,+2.21%,--,44,278892,卖盘
11:29:23,62.39,+2.28%,+0.04,28,180869,买盘
11:29:26,62.3,+2.13%,-0.09,36,230448,卖盘
11:29:29,62.3,+2.13%,--,27,173319,卖盘
11:29:32,62.3,+2.13%,--,12,79806,卖盘
11:29:35,62.3,+2.13%,--,50,312621,卖盘
11:29:38,62.3,+2.13%,--,28,179486,卖盘
11:29:41,62.35,+2.21%,+0.05,21,134925,买盘
11:29:44,62.4,+2.30%,+0.05,11,69638,买盘
11:29:47,62.31,+2.15%,-0.09,7,47667,中性盘
11:29:50,62.4,+2.30%,+0.09,10,68328,买盘
11:29:53,62.45,+2.38%,+0.05,13,87305,买盘
11:29:56,62.31,+2.15%,-0.14,2,12462,卖盘
11:29:59,62.41,+2.31%,+0.1,14,87499,买盘
11:29:59,62.41,+2.31%,--,0,0,卖盘
13:00:02,62.44,+2.36%,+0.03,265,1655846,买盘
13:00:05,62.44,+2.36%,--,435,2716640,卖盘
13:00:08,62.49,+2.44%,+0.05,330,2063232,买盘
13:00:11,62.43,+2.34%,-0.06,156,976842,卖盘
13:00:14,62.31,+2.15%,-0.12,201,1257416,卖盘
13:00:17,62.42,+2.33%,+0.11,69,435255,中性盘
13:00:20,62.37,+2.25%,-0.05,74,466590,中性盘
13:00:23,62.31,+2.15%,-0.06,33,207617,卖盘
13:00:26,62.31,+2.15%,--,66,417352,卖盘
13:00:29,62.25,+2.05%,-0.06,260,1621115,卖盘
13:00:32,62.25,+2.05%,--,148,924288,卖盘
13:00:35,62.25,+2.05%,--,38,237982,买盘
13:00:38,62.25,+2.05%,--,56,352211,买盘
13:00:41,62.3,+2.13%,+0.05,31,194127,买盘
13:00:41,62.3,+2.13%,--,31,194127,中性盘
13:00:44,62.3,+2.13%,--,59,372616,买盘
13:00:47,62.3,+2.13%,--,34,212132,买盘
13:00:50,62.25,+2.05%,-0.05,20,126679,卖盘
13:00:53,62.28,+2.10%,+0.03,83,516986,买盘
13:00:56,62.3,+2.13%,+0.02,36,230261,买盘
13:00:59,62.3,+2.13%,--,63,397661,买盘
13:01:02,62.3,+2.13%,--,34,217614,买盘
13:01:05,62.44,+2.36%,+0.14,117,730610,买盘
13:01:08,62.38,+2.26%,-0.06,119,746564,卖盘
13:01:11,62.38,+2.26%,--,67,423747,卖盘
13:01:13,62.38,+2.26%,--,13,86334,卖盘
13:01:17,62.38,+2.26%,--,26,166555,卖盘
13:01:20,62.38,+2.26%,--,34,213028,卖盘
13:01:23,62.38,+2.26%,--,56,353882,买盘
13:01:26,62.36,+2.23%,-0.02,23,148604,中性盘
13:01:29,62.3,+2.13%,-0.06,6,38377,卖盘
13:01:32,62.36,+2.23%,+0.06,3,23447,买盘
13:01:35,62.35,+2.21%,-0.01,21,136359,卖盘
13:01:38,62.36,+2.23%,+0.01,23,149602,买盘
13:01:41,62.36,+2.23%,--,50,317475,买盘
13:01:44,62.3,+2.13%,-0.06,36,224342,卖盘
13:01:47,62.28,+2.10%,-0.02,13,85946,卖盘
13:01:50,62.33,+2.18%,+0.05,3,18699,卖盘
13:01:53,62.36,+2.23%,+0.03,7,48142,买盘
13:01:56,62.28,+2.10%,-0.08,3,23978,卖盘
13:01:59,62.26,+2.07%,-0.02,21,134731,卖盘
13:02:02,62.26,+2.07%,--,31,193380,卖盘
13:02:05,62.22,+2.00%,-0.04,28,177638,卖盘
13:02:08,62.22,+2.00%,--,5,31732,买盘
13:02:11,62.21,+1.98%,-0.01,12,74839,卖盘
13:02:14,62.26,+2.07%,+0.05,32,199481,买盘
13:02:17,62.26,+2.07%,--,7,49248,买盘
13:02:20,62.26,+2.07%,--,5,35675,买盘
13:02:23,62.21,+1.98%,-0.05,40,254999,卖盘
13:02:26,62.2,+1.97%,-0.01,255,1589956,卖盘
13:02:29,62.2,+1.97%,--,78,488457,卖盘
13:02:32,62.2,+1.97%,--,47,295823,买盘
13:02:35,62.2,+1.97%,--,24,149280,买盘
13:02:38,62.2,+1.97%,--,39,245379,买盘
13:02:41,62.2,+1.97%,--,17,110032,卖盘
13:02:44,62.26,+2.07%,+0.06,3,18678,买盘
13:02:47,62.2,+1.97%,-0.06,61,381286,卖盘
13:02:50,62.2,+1.97%,--,12,77999,卖盘
13:02:53,62.2,+1.97%,--,16,101448,卖盘
13:02:56,62.2,+1.97%,--,45,285933,卖盘
13:02:59,62.2,+1.97%,--,16,105616,买盘
13:03:02,62.22,+2.00%,+0.02,22,139497,买盘
13:03:05,62.22,+2.00%,--,59,370458,卖盘
13:03:08,62.22,+2.00%,--,34,216215,买盘
13:03:11,62.21,+1.98%,-0.01,21,136178,卖盘
13:03:14,62.21,+1.98%,--,54,341720,买盘
13:03:17,62.25,+2.05%,+0.04,7,45878,买盘
13:03:20,62.25,+2.05%,--,13,87088,卖盘
13:03:23,62.25,+2.05%,--,36,228582,卖盘
13:03:26,62.25,+2.05%,--,20,127239,买盘
13:03:29,62.23,+2.02%,-0.02,63,392360,卖盘
13:03:32,62.25,+2.05%,+0.02,19,121574,买盘
13:03:35,62.23,+2.02%,-0.02,26,163416,卖盘
13:03:38,62.27,+2.08%,+0.04,46,287812,买盘
13:03:41,62.32,+2.16%,+0.05,10,65997,买盘
13:03:44,62.24,+2.03%,-0.08,54,341822,卖盘
13:03:47,62.23,+2.02%,-0.01,19,124211,卖盘
13:03:50,62.37,+2.25%,+0.14,4,28940,买盘
13:03:53,62.37,+2.25%,--,0,0,买盘
13:03:53,62.37,+2.25%,--,0,0,中性盘
13:03:59,62.37,+2.25%,--,3,18711,中性盘
13:04:02,62.37,+2.25%,--,22,138212,买盘
13:04:05,62.38,+2.26%,+0.01,65,406406,中性盘
13:04:08,62.38,+2.26%,--,10,67994,买盘
13:04:11,62.35,+2.21%,-0.03,31,195218,卖盘
13:04:14,62.34,+2.20%,-0.01,23,144068,卖盘
13:04:17,62.37,+2.25%,+0.03,20,130166,买盘
13:04:20,62.37,+2.25%,--,12,76091,买盘
13:04:23,62.35,+2.21%,-0.02,23,148206,卖盘
13:04:26,62.37,+2.25%,+0.02,37,231206,买盘
13:04:32,62.38,+2.26%,+0.01,31,195249,买盘
13:04:35,62.37,+2.25%,-0.01,20,126549,中性盘
13:04:38,62.32,+2.16%,-0.05,5,31160,卖盘
13:04:41,62.37,+2.25%,+0.05,18,112827,买盘
13:04:47,62.32,+2.16%,-0.05,8,51414,卖盘
13:04:50,62.32,+2.16%,--,0,0,买盘
13:04:53,62.32,+2.16%,--,9,58643,买盘
13:04:56,62.32,+2.16%,--,2,12464,买盘
13:04:59,62.32,+2.16%,--,10,66807,买盘
13:05:02,62.32,+2.16%,--,57,356533,买盘
13:05:05,62.36,+2.23%,+0.04,28,176728,买盘
13:05:08,62.38,+2.26%,+0.02,10,68493,买盘
13:05:11,62.46,+2.39%,+0.08,5,37101,中性盘
13:05:17,62.46,+2.39%,--,15,97250,买盘
13:05:20,62.47,+2.41%,+0.01,15,95767,买盘
13:05:23,62.39,+2.28%,-0.08,74,467675,卖盘
13:05:26,62.45,+2.38%,+0.06,8,53083,中性盘
13:05:29,62.46,+2.39%,+0.01,88,554395,买盘
13:05:32,62.46,+2.39%,--,20,126794,卖盘
13:05:35,62.46,+2.39%,--,16,103621,卖盘
13:05:38,62.39,+2.28%,-0.07,42,262225,卖盘
13:05:41,62.39,+2.28%,--,12,75804,买盘
13:05:44,62.39,+2.28%,--,16,104004,买盘
13:05:47,62.41,+2.31%,+0.02,32,202021,买盘
13:05:50,62.41,+2.31%,--,15,97609,买盘
13:05:53,62.39,+2.28%,-0.02,33,208757,中性盘
13:05:56,62.39,+2.28%,--,0,0,卖盘
13:05:59,62.39,+2.28%,--,38,241761,卖盘
13:06:02,62.32,+2.16%,-0.07,34,216811,卖盘
13:06:05,62.28,+2.10%,-0.04,46,286675,卖盘
13:06:08,62.3,+2.13%,+0.02,33,207646,中性盘
13:06:11,62.23,+2.02%,-0.07,62,388440,卖盘
13:06:14,62.27,+2.08%,+0.04,30,186810,卖盘
13:06:17,62.28,+2.10%,+0.01,44,278516,买盘
13:06:20,62.28,+2.10%,--,20,127113,卖盘
13:06:23,62.31,+2.15%,+0.03,23,145805,买盘
13:06:26,62.26,+2.07%,-0.05,29,180990,卖盘
13:06:29,62.26,+2.07%,--,24,153409,卖盘
13:06:32,62.26,+2.07%,--,5,32064,买盘
13:06:35,62.25,+2.05%,-0.01,22,141494,卖盘
13:06:38,62.23,+2.02%,-0.02,12,80463,卖盘
13:06:41,62.25,+2.05%,+0.02,19,120018,买盘
13:06:44,62.21,+1.98%,-0.04,5,31105,卖盘
13:06:47,62.23,+2.02%,+0.02,12,75983,买盘
13:06:50,62.22,+2.00%,-0.01,8,50896,卖盘
13:06:53,62.19,+1.95%,-0.03,56,349072,卖盘
13:06:56,62.19,+1.95%,--,5,36195,卖盘
13:06:59,62.19,+1.95%,--,7,43720,卖盘
13:07:02,62.19,+1.95%,--,16,104293,买盘
13:07:05,62.18,+1.93%,-0.01,17,105893,中性盘
13:07:08,62.17,+1.92%,-0.01,22,139696,卖盘
13:07:08,62.17,+1.92%,--,22,139696,中性盘
13:07:11,62.18,+1.93%,+0.01,27,171990,买盘
13:07:14,62.18,+1.93%,--,20,128713,买盘
13:07:17,62.18,+1.93%,--,117,729247,买盘
13:07:20,62.2,+1.97%,+0.02,16,101697,买盘
13:07:23,62.17,+1.92%,-0.03,21,132609,卖盘
13:07:26,62.18,+1.93%,+0.01,26,163596,卖盘
13:07:29,62.17,+1.92%,-0.01,13,81629,卖盘
13:07:32,62.18,+1.93%,+0.01,9,57019,买盘
13:07:35,62.18,+1.93%,--,2,12933,买盘
13:07:38,62.17,+1.92%,-0.01,21,134287,卖盘
13:07:41,62.18,+1.93%,+0.01,22,142268,买盘
13:07:44,62.17,+1.92%,-0.01,7,43706,卖盘
13:07:50,62.17,+1.92%,--,19,121915,买盘
13:07:53,62.17,+1.92%,--,41,256016,买盘
13:07:56,62.2,+1.97%,+0.03,110,688678,买盘
13:07:59,62.21,+1.98%,+0.01,86,540294,买盘
13:08:02,62.26,+2.07%,+0.05,85,533817,买盘
13:08:05,62.31,+2.15%,+0.05,6,38632,买盘
13:08:08,62.23,+2.02%,-0.08,16,101497,卖盘
13:08:11,62.26,+2.07%,+0.03,5,35301,买盘
13:08:14,62.21,+1.98%,-0.05,63,393354,卖盘
13:08:17,62.21,+1.98%,--,31,197268,买盘
13:08:20,62.21,+1.98%,--,10,66254,卖盘
13:08:23,62.16,+1.90%,-0.05,39,246900,卖盘
13:08:26,62.16,+1.90%,--,51,322797,卖盘
13:08:29,62.21,+1.98%,+0.05,30,191793,买盘
13:08:32,62.22,+2.00%,+0.01,25,157977,买盘
13:08:35,62.22,+2.00%,--,13,82255,卖盘
13:08:38,62.26,+2.07%,+0.04,29,180990,买盘
13:08:41,62.31,+2.15%,+0.05,16,99758,买盘
13:08:44,62.26,+2.07%,-0.05,2,12452,中性盘
13:08:47,62.26,+2.07%,--,22,141330,买盘
13:08:50,62.26,+2.07%,--,41,255328,买盘
13:08:53,62.22,+2.00%,-0.04,5,31110,卖盘
13:08:56,62.26,+2.07%,+0.04,3,18678,买盘
13:08:59,62.22,+2.00%,-0.04,10,65331,卖盘
13:09:02,62.28,+2.10%,+0.06,15,99212,买盘
13:09:05,62.28,+2.10%,--,63,395976,买盘
13:09:08,62.28,+2.10%,--,45,285367,买盘
13:09:11,62.28,+2.10%,--,16,100956,买盘
13:09:14,62.23,+2.02%,-0.05,31,196647,卖盘
13:09:17,62.23,+2.02%,--,41,258441,卖盘
13:09:20,62.23,+2.02%,--,8,54887,买盘
13:09:23,62.22,+2.00%,-0.01,72,451406,卖盘
13:09:26,62.25,+2.05%,+0.03,4,25025,买盘
13:09:29,62.25,+2.05%,--,26,165585,买盘
13:09:32,62.25,+2.05%,--,5,32993,买盘
13:09:35,62.23,+2.02%,-0.02,0,5912,卖盘
13:09:41,62.23,+2.02%,--,15,95523,买盘
13:09:44,62.28,+2.10%,+0.05,206,1283529,买盘
13:09:47,62.23,+2.02%,-0.05,25,159931,中性盘
13:09:50,62.2,+1.97%,-0.03,71,442802,卖盘
13:09:53,62.2,+1.97%,--,36,228523,卖盘
13:09:56,62.22,+2.00%,+0.02,9,62096,买盘
13:09:59,62.22,+2.00%,--,16,100610,买盘
13:10:02,62.23,+2.02%,+0.01,7,49473,买盘
13:10:05,62.31,+2.15%,+0.08,5,37012,买盘
13:10:08,62.22,+2.00%,-0.09,32,204268,卖盘
13:10:14,62.23,+2.02%,+0.01,5,35035,卖盘
13:10:17,62.28,+2.10%,+0.05,16,105565,买盘
13:10:20,62.3,+2.13%,+0.02,5,31960,买盘
13:10:23,62.23,+2.02%,-0.07,2,16678,卖盘
13:10:23,62.23,+2.02%,-0.01,2,16678,中性盘
13:10:26,62.22,+2.00%,-0.01,12,75846,卖盘
13:10:32,62.25,+2.05%,+0.03,5,31436,买盘
13:10:35,62.25,+2.05%,--,10,66981,买盘
13:10:38,62.22,+2.00%,-0.03,7,43865,卖盘
13:10:41,62.3,+2.13%,+0.08,3,21307,买盘
13:10:44,62.29,+2.11%,-0.01,8,53009,买盘
13:10:47,62.28,+2.10%,-0.01,29,185719,卖盘
13:10:50,62.27,+2.08%,-0.01,53,334016,卖盘
13:10:53,62.31,+2.15%,+0.04,19,118389,买盘
13:10:56,62.27,+2.08%,-0.04,10,66131,卖盘
13:10:59,62.32,+2.16%,+0.05,20,125076,买盘
13:11:02,62.31,+2.15%,-0.01,28,180014,中性盘
13:11:05,62.26,+2.07%,-0.05,3,21542,卖盘
13:11:08,62.31,+2.15%,+0.05,14,90599,买盘
13:11:11,62.31,+2.15%,--,30,192725,买盘
13:11:14,62.32,+2.16%,+0.01,31,194812,买盘
13:11:17,62.29,+2.11%,-0.03,15,93435,卖盘
13:11:20,62.28,+2.10%,-0.01,12,75919,卖盘
13:11:23,62.33,+2.18%,+0.05,16,104278,买盘
13:11:25,62.32,+2.16%,-0.01,11,69798,卖盘
13:11:29,62.37,+2.25%,+0.05,12,75405,买盘
13:11:32,62.37,+2.25%,--,31,197463,买盘
13:11:35,62.32,+2.16%,-0.05,7,48485,卖盘
13:11:38,62.35,+2.21%,+0.03,538,3355303,中性盘
13:11:41,62.32,+2.16%,-0.03,101,635228,卖盘
13:11:44,62.31,+2.15%,-0.01,23,146678,卖盘
13:11:47,62.32,+2.16%,+0.01,2,13835,中性盘
13:11:50,62.31,+2.15%,-0.01,5,33087,卖盘
13:11:53,62.29,+2.11%,-0.02,27,172606,卖盘
13:11:56,62.31,+2.15%,+0.02,17,106425,买盘
13:11:59,62.31,+2.15%,--,10,62310,买盘
13:12:02,62.31,+2.15%,--,114,716378,买盘
13:12:05,62.28,+2.10%,-0.03,39,243141,卖盘
13:12:08,62.28,+2.10%,--,16,100395,买盘
13:12:11,62.26,+2.07%,-0.02,19,123773,卖盘
13:12:14,62.24,+2.03%,-0.02,23,144957,卖盘
13:12:17,62.26,+2.07%,+0.02,2,12452,买盘
13:12:20,62.26,+2.07%,--,102,638974,买盘
13:12:23,62.2,+1.97%,-0.06,37,230264,卖盘
13:12:26,62.25,+2.05%,+0.05,23,144233,买盘
13:12:29,62.22,+2.00%,-0.03,41,255475,买盘
13:12:32,62.18,+1.93%,-0.04,27,170933,卖盘
13:12:35,62.19,+1.95%,+0.01,39,243101,买盘
13:12:38,62.18,+1.93%,-0.01,9,61247,卖盘
13:12:41,62.18,+1.93%,--,21,133749,卖盘
13:12:44,62.18,+1.93%,--,4,27421,卖盘
13:12:47,62.19,+1.95%,+0.01,19,120835,买盘
13:12:50,62.19,+1.95%,--,29,181533,买盘
13:12:53,62.18,+1.93%,-0.01,6,37619,中性盘
13:12:56,62.18,+1.93%,--,11,71383,买盘
13:12:59,62.17,+1.92%,-0.01,18,112901,卖盘
13:13:02,62.18,+1.93%,+0.01,3,22198,中性盘
13:13:05,62.2,+1.97%,+0.02,70,437390,买盘
13:13:08,62.2,+1.97%,--,37,235303,买盘
13:13:11,62.2,+1.97%,--,26,167007,买盘
13:13:14,62.18,+1.93%,-0.02,47,297593,卖盘
13:13:17,62.27,+2.08%,+0.09,18,113518,买盘
13:13:20,62.27,+2.08%,--,20,129646,买盘
13:13:23,62.2,+1.97%,-0.07,29,181064,卖盘
13:13:26,62.3,+2.13%,+0.1,50,312248,买盘
13:13:29,62.2,+1.97%,-0.1,31,194810,卖盘
13:13:32,62.26,+2.07%,+0.06,61,382152,中性盘
13:13:35,62.3,+2.13%,+0.04,33,211758,买盘
13:13:35,62.3,+2.13%,--,33,211758,中性盘
13:13:38,62.3,+2.13%,--,7,45977,买盘
13:13:41,62.25,+2.05%,-0.05,32,204740,卖盘
13:13:44,62.25,+2.05%,--,20,127675,卖盘
13:13:47,62.25,+2.05%,--,53,335652,买盘
13:13:50,62.25,+2.05%,--,93,584341,买盘
13:13:53,62.19,+1.95%,-0.06,27,173510,卖盘
13:13:56,62.25,+2.05%,+0.06,24,153073,买盘
13:13:59,62.21,+1.98%,-0.04,12,79131,卖盘
13:14:02,62.22,+2.00%,+0.01,21,136075,中性盘
13:14:05,62.24,+2.03%,+0.02,25,158463,买盘
13:14:08,62.24,+2.03%,--,3,20539,买盘
13:14:11,62.2,+1.97%,-0.04,32,201030,卖盘
13:14:14,62.19,+1.95%,-0.01,7,48259,卖盘
13:14:17,62.2,+1.97%,+0.01,2,12689,买盘
13:14:20,62.2,+1.97%,--,50,312804,买盘
13:14:23,62.21,+1.98%,+0.01,28,178294,买盘
13:14:26,62.24,+2.03%,+0.03,23,143339,买盘
13:14:29,62.21,+1.98%,-0.03,14,87654,卖盘
13:14:32,62.2,+1.97%,-0.01,19,119735,卖盘
13:14:35,62.2,+1.97%,--,651,4053885,卖盘
13:14:38,62.21,+1.98%,+0.01,62,391301,买盘
13:14:41,62.17,+1.92%,-0.04,66,415606,卖盘
13:14:44,62.2,+1.97%,+0.03,45,280211,买盘
13:14:47,62.15,+1.89%,-0.05,78,490177,卖盘
13:14:50,62.15,+1.89%,--,103,645117,卖盘
13:14:53,62.15,+1.89%,--,53,335051,卖盘
13:14:56,62.14,+1.87%,-0.01,17,109801,卖盘
13:14:59,62.18,+1.93%,+0.04,30,189338,买盘
13:15:02,62.1,+1.80%,-0.08,202,1256531,卖盘
13:15:05,62.17,+1.92%,+0.07,64,399877,买盘
13:15:08,62.2,+1.97%,+0.03,58,366109,买盘
13:15:11,62.1,+1.80%,-0.1,51,318263,卖盘
13:15:14,62.2,+1.97%,+0.1,25,158672,中性盘
13:15:17,62.2,+1.97%,--,6,41798,卖盘
13:15:20,62.23,+2.02%,+0.03,21,130932,买盘
13:15:23,62.2,+1.97%,-0.03,9,59090,卖盘
13:15:26,62.23,+2.02%,+0.03,24,149352,买盘
13:15:29,62.2,+1.97%,-0.03,57,360138,卖盘
13:15:32,62.2,+1.97%,--,16,99769,买盘
13:15:35,62.2,+1.97%,--,23,146668,买盘
13:15:38,62.2,+1.97%,--,68,425013,买盘
13:15:41,62.2,+1.97%,--,22,141132,卖盘
13:15:44,62.17,+1.92%,-0.03,11,69195,卖盘
13:15:47,62.17,+1.92%,--,10,62543,卖盘
13:15:50,62.2,+1.97%,+0.03,24,154754,买盘
13:15:53,62.2,+1.97%,--,39,247432,买盘
13:15:56,62.2,+1.97%,--,50,315976,卖盘
13:15:59,62.2,+1.97%,--,27,169184,卖盘
13:16:02,62.22,+2.00%,+0.02,14,92397,买盘
13:16:08,62.22,+2.00%,--,11,73544,卖盘
13:16:11,62.22,+2.00%,--,62,386822,买盘
13:16:14,62.23,+2.02%,+0.01,42,266718,买盘
13:16:17,62.22,+2.00%,-0.01,36,226543,卖盘
13:16:20,62.22,+2.00%,--,20,127489,卖盘
13:16:23,62.23,+2.02%,+0.01,13,81832,买盘
13:16:26,62.2,+1.97%,-0.03,26,167567,卖盘
13:16:29,62.23,+2.02%,+0.03,6,40201,买盘
13:16:32,62.23,+2.02%,--,13,85317,买盘
13:16:35,62.29,+2.11%,+0.06,9,58615,买盘
13:16:38,62.29,+2.11%,--,16,99664,买盘
13:16:41,62.25,+2.05%,-0.04,2,14940,中性盘
13:16:44,62.29,+2.11%,+0.04,32,204187,买盘
13:16:47,62.25,+2.05%,-0.04,22,139502,买盘
13:16:50,62.23,+2.02%,-0.02,28,174493,卖盘
13:16:50,62.23,+2.02%,--,28,174493,中性盘
13:16:53,62.23,+2.02%,--,12,77912,卖盘
13:16:56,62.2,+1.97%,-0.03,4,25378,卖盘
13:16:59,62.25,+2.05%,+0.05,10,64367,买盘
13:17:02,62.2,+1.97%,-0.05,25,157242,卖盘
13:17:05,62.2,+1.97%,--,71,446845,卖盘
13:17:08,62.17,+1.92%,-0.03,21,130557,卖盘
13:17:14,62.17,+1.92%,--,9,58502,买盘
13:17:17,62.19,+1.95%,+0.02,14,87999,买盘
13:17:20,62.19,+1.95%,--,12,77053,买盘
13:17:23,62.16,+1.90%,-0.03,8,55571,卖盘
13:17:26,62.19,+1.95%,+0.03,12,78484,买盘
13:17:29,62.19,+1.95%,--,9,59081,卖盘
13:17:32,62.19,+1.95%,--,5,31406,买盘
13:17:35,62.19,+1.95%,--,39,247267,买盘
13:17:38,62.19,+1.95%,--,28,175873,买盘
13:17:41,62.15,+1.89%,-0.04,7,45494,卖盘
13:17:44,62.19,+1.95%,+0.04,2,12438,买盘
13:17:47,62.21,+1.98%,+0.02,12,74901,买盘
13:17:50,62.15,+1.89%,-0.06,27,173212,卖盘
13:17:53,62.15,+1.89%,--,35,222248,买盘
13:17:56,62.21,+1.98%,+0.06,9,58353,买盘
13:17:59,62.19,+1.95%,-0.02,2,12438,中性盘
13:18:02,62.19,+1.95%,--,15,98074,买盘
13:18:05,62.2,+1.97%,+0.01,19,122410,买盘
13:18:08,62.28,+2.10%,+0.08,62,388254,买盘
13:18:11,62.2,+1.97%,-0.08,39,243513,卖盘
13:18:14,62.2,+1.97%,--,9,58717,卖盘
13:18:17,62.21,+1.98%,+0.01,30,188372,买盘
13:18:20,62.21,+1.98%,--,75,468566,买盘
13:18:23,62.18,+1.93%,-0.03,18,115530,卖盘
13:18:26,62.18,+1.93%,--,16,99799,卖盘
13:18:32,62.2,+1.97%,+0.02,14,92740,买盘
13:18:35,62.2,+1.97%,--,8,53305,卖盘
13:18:38,62.21,+1.98%,+0.01,6,42738,买盘
13:18:41,62.13,+1.85%,-0.08,22,137494,卖盘
13:18:44,62.13,+1.85%,--,42,262561,买盘
13:18:47,62.12,+1.84%,-0.01,7,46342,卖盘
13:18:50,62.12,+1.84%,--,3,23233,卖盘
13:18:53,62.12,+1.84%,--,132,823214,卖盘
13:18:56,62.12,+1.84%,--,48,303146,卖盘
13:18:59,62.2,+1.97%,+0.08,4,29358,买盘
13:19:02,62.2,+1.97%,--,0,0,买盘
13:19:05,62.2,+1.97%,--,2,14555,买盘
13:19:08,62.2,+1.97%,--,21,131864,买盘
13:19:11,62.19,+1.95%,-0.01,9,59827,中性盘
13:19:14,62.2,+1.97%,+0.01,4,28239,买盘
13:19:17,62.15,+1.89%,-0.05,12,75699,卖盘
13:19:20,62.19,+1.95%,+0.04,28,176246,买盘
13:19:23,62.19,+1.95%,--,7,44528,买盘
13:19:26,62.15,+1.89%,-0.04,110,688125,卖盘
13:19:29,62.14,+1.87%,-0.01,27,171134,卖盘
13:19:32,62.14,+1.87%,--,88,549131,买盘
13:19:35,62.12,+1.84%,-0.02,32,201642,卖盘
13:19:38,62.14,+1.87%,+0.02,14,91470,买盘
13:19:41,62.12,+1.84%,-0.02,15,94547,卖盘
13:19:47,62.15,+1.89%,+0.03,16,100248,买盘
13:19:50,62.14,+1.87%,-0.01,17,108931,卖盘
13:19:53,62.12,+1.84%,-0.02,7,47708,卖盘
13:19:56,62.14,+1.87%,+0.02,31,193255,买盘
13:19:59,62.14,+1.87%,--,17,106570,卖盘
13:20:02,62.15,+1.89%,+0.01,36,225232,买盘
13:20:02,62.15,+1.89%,-0.03,36,225232,中性盘
13:20:05,62.12,+1.84%,-0.03,2,15716,卖盘
13:20:08,62.12,+1.84%,--,2,12424,买盘
13:20:11,62.11,+1.82%,-0.01,9,57824,卖盘
13:20:14,62.13,+1.85%,+0.02,13,83316,买盘
13:20:20,62.14,+1.87%,+0.01,128,800985,买盘
13:20:23,62.13,+1.85%,-0.01,101,628880,中性盘
13:20:26,62.17,+1.92%,+0.04,23,147778,买盘
13:20:29,62.25,+2.05%,+0.08,32,202811,买盘
13:20:32,62.12,+1.84%,-0.13,26,164370,卖盘
13:20:35,62.12,+1.84%,--,10,63052,卖盘
13:20:38,62.12,+1.84%,--,5,31060,卖盘
13:20:44,62.12,+1.84%,--,0,0,卖盘
13:20:47,62.14,+1.87%,+0.02,3,21811,卖盘
13:20:50,62.14,+1.87%,--,2,12428,卖盘
13:20:56,62.18,+1.93%,+0.04,25,159927,买盘
13:20:59,62.25,+2.05%,+0.07,42,264065,买盘
13:21:02,62.24,+2.03%,-0.01,11,70580,中性盘
13:21:05,62.19,+1.95%,-0.05,3,18657,卖盘
13:21:08,62.18,+1.93%,-0.01,29,182996,卖盘
13:21:11,62.24,+2.03%,+0.06,12,74750,买盘
13:21:14,62.18,+1.93%,-0.06,3,22198,卖盘
13:21:17,62.24,+2.03%,+0.06,7,46493,买盘
13:21:20,62.18,+1.93%,-0.06,2,12436,卖盘
13:21:23,62.24,+2.03%,+0.06,126,786340,买盘
13:21:26,62.24,+2.03%,--,27,170538,买盘
13:21:29,62.24,+2.03%,--,9,59004,买盘
13:21:32,62.24,+2.03%,--,4,30124,买盘
13:21:35,62.24,+2.03%,--,13,84771,买盘
13:21:38,62.24,+2.03%,--,19,122924,买盘
13:21:41,62.12,+1.84%,-0.12,14,86968,卖盘
13:21:44,62.13,+1.85%,+0.01,36,226340,买盘
13:21:47,62.24,+2.03%,+0.11,34,215413,买盘
13:21:50,62.25,+2.05%,+0.01,57,358311,买盘
13:21:53,62.11,+1.82%,-0.14,13,82855,卖盘
13:21:56,62.15,+1.89%,+0.04,18,116158,中性盘
13:21:59,62.25,+2.05%,+0.1,3,19484,买盘
13:22:02,62.25,+2.05%,--,17,106510,买盘
13:22:05,62.19,+1.95%,-0.06,9,60200,中性盘
13:22:08,62.23,+2.02%,+0.04,23,144436,买盘
13:22:11,62.13,+1.85%,-0.1,6,39328,卖盘
13:22:17,62.23,+2.02%,+0.1,273,1702115,买盘
13:22:20,62.25,+2.05%,+0.02,25,160107,买盘
13:22:23,62.11,+1.82%,-0.14,48,299681,卖盘
13:22:26,62.1,+1.80%,-0.01,53,331552,卖盘
13:22:29,62.25,+2.05%,+0.15,15,99227,买盘
13:22:32,62.23,+2.02%,-0.02,12,76232,中性盘
13:22:35,62.23,+2.02%,--,11,74552,买盘
13:22:38,62.23,+2.02%,--,0,0,买盘
13:22:41,62.1,+1.80%,-0.13,2,12420,卖盘
13:22:44,62.1,+1.80%,--,54,339377,卖盘
13:22:47,62.22,+2.00%,+0.12,5,36648,买盘
13:22:50,62.22,+2.00%,--,20,124440,买盘
13:22:53,62.1,+1.80%,-0.12,125,780783,中性盘
13:22:56,62.07,+1.75%,-0.03,35,218797,卖盘
13:22:59,62.06,+1.74%,-0.01,19,120086,卖盘
13:23:02,62.18,+1.93%,+0.12,151,939478,买盘
13:23:05,62.11,+1.82%,-0.07,20,129499,卖盘
13:23:08,62.09,+1.79%,-0.02,21,133121,卖盘
13:23:11,62.08,+1.77%,-0.01,26,162463,卖盘
13:23:14,62.2,+1.97%,+0.12,57,357961,买盘
13:23:17,62.11,+1.82%,-0.09,14,88196,中性盘
13:23:17,62.11,+1.82%,--,14,88196,中性盘
13:23:17,62.11,+1.82%,--,14,88196,卖盘
13:23:20,62.11,+1.82%,--,18,112978,卖盘
13:23:23,62.1,+1.80%,-0.01,23,145500,卖盘
13:23:26,62.2,+1.97%,+0.1,32,199227,中性盘
13:23:29,62.1,+1.80%,-0.1,15,96628,卖盘
13:23:32,62.2,+1.97%,+0.1,16,102568,中性盘
13:23:35,62.2,+1.97%,--,16,102692,买盘
13:23:38,62.16,+1.90%,-0.04,16,102626,卖盘
13:23:44,62.2,+1.97%,+0.04,23,147227,买盘
13:23:47,62.2,+1.97%,--,63,396836,买盘
13:23:50,62.15,+1.89%,-0.05,9,56121,卖盘
13:23:53,62.17,+1.92%,+0.02,27,172087,买盘
13:23:56,62.17,+1.92%,--,6,37364,买盘
13:23:59,62.2,+1.97%,+0.03,21,133979,买盘
13:24:02,62.17,+1.92%,-0.03,5,33385,卖盘
13:24:05,62.17,+1.92%,--,2,12434,买盘
13:24:08,62.2,+1.97%,+0.03,68,425510,买盘
13:24:11,62.2,+1.97%,--,22,141443,卖盘
13:24:14,62.24,+2.03%,+0.04,2,14564,买盘
13:24:17,62.24,+2.03%,--,6,41078,买盘
13:24:20,62.2,+1.97%,-0.04,2,12440,卖盘
13:24:23,62.2,+1.97%,--,14,91683,卖盘
13:24:26,62.2,+1.97%,--,9,57348,买盘
13:24:29,62.2,+1.97%,--,4,25564,买盘
13:24:32,62.18,+1.93%,-0.02,35,220926,卖盘
13:24:35,62.2,+1.97%,+0.02,13,86271,中性盘
13:24:41,62.21,+1.98%,+0.01,4,25506,买盘
13:24:44,62.2,+1.97%,-0.01,4,24880,卖盘
13:24:47,62.18,+1.93%,-0.02,31,195370,卖盘
13:24:50,62.21,+1.98%,+0.03,2,17854,买盘
13:24:53,62.21,+1.98%,--,19,122367,买盘
13:24:56,62.18,+1.93%,-0.03,14,89166,卖盘
13:24:59,62.21,+1.98%,+0.03,6,37450,买盘
13:25:02,62.18,+1.93%,-0.03,24,151346,卖盘
13:25:05,62.18,+1.93%,--,13,84627,买盘
13:25:08,62.17,+1.92%,-0.01,4,25614,卖盘
13:25:11,62.16,+1.90%,-0.01,50,313473,卖盘
13:25:14,62.16,+1.90%,--,9,58182,买盘
13:25:17,62.17,+1.92%,+0.01,27,173765,买盘
13:25:23,62.13,+1.85%,-0.04,16,103881,卖盘
13:25:26,62.12,+1.84%,-0.01,7,46776,卖盘
13:25:29,62.13,+1.85%,+0.01,0,5281,买盘
13:25:32,62.14,+1.87%,+0.01,3,18953,买盘
13:25:35,62.14,+1.87%,--,2,12428,买盘
13:25:38,62.13,+1.85%,-0.01,6,42497,卖盘
13:25:41,62.12,+1.84%,-0.01,10,64481,卖盘
13:25:44,62.15,+1.89%,+0.03,65,404659,买盘
13:25:47,62.14,+1.87%,-0.01,21,136273,卖盘
13:25:50,62.14,+1.87%,--,23,145967,卖盘
13:25:53,62.15,+1.89%,+0.01,2,14046,买盘
13:25:56,62.23,+2.02%,+0.08,145,906007,买盘
13:25:59,62.14,+1.87%,-0.09,57,357678,卖盘
13:26:02,62.22,+2.00%,+0.08,65,407977,卖盘
13:26:05,62.22,+2.00%,--,19,120831,买盘
13:26:08,62.22,+2.00%,--,26,162892,买盘
13:26:11,62.23,+2.02%,+0.01,15,94963,买盘
13:26:14,62.22,+2.00%,-0.01,67,418243,卖盘
13:26:17,62.23,+2.02%,+0.01,17,107596,买盘
13:26:20,62.22,+2.00%,-0.01,8,51020,卖盘
13:26:23,62.2,+1.97%,-0.02,12,77750,卖盘
13:26:26,62.22,+2.00%,+0.02,6,37456,买盘
13:26:29,62.2,+1.97%,-0.02,7,45779,卖盘
13:26:29,62.2,+1.97%,--,7,45779,中性盘
13:26:32,62.22,+2.00%,+0.02,3,18977,买盘
13:26:35,62.22,+2.00%,--,3,20035,买盘
13:26:38,62.2,+1.97%,-0.02,17,107108,卖盘
13:26:41,62.2,+1.97%,--,5,32531,买盘
13:26:47,62.19,+1.95%,-0.01,24,150189,卖盘
13:26:50,62.19,+1.95%,--,11,70834,买盘
13:26:53,62.18,+1.93%,-0.01,21,131822,卖盘
13:26:56,62.17,+1.92%,-0.01,6,39727,卖盘
13:27:02,62.17,+1.92%,--,10,66584,卖盘
13:27:05,62.17,+1.92%,--,12,77402,卖盘
13:27:08,62.18,+1.93%,+0.01,2,12560,买盘
13:27:11,62.18,+1.93%,--,2,12436,买盘
13:27:14,62.17,+1.92%,-0.01,3,23935,卖盘
13:27:20,62.18,+1.93%,--,29,186043,买盘
13:27:23,62.18,+1.93%,--,6,40230,买盘
13:27:29,62.18,+1.93%,--,9,61807,买盘
13:27:32,62.18,+1.93%,--,5,33204,买盘
13:27:35,62.18,+1.93%,--,5,34323,买盘
13:27:38,62.17,+1.92%,-0.01,2,12434,卖盘
13:27:41,62.18,+1.93%,+0.01,2,12436,买盘
13:27:44,62.17,+1.92%,-0.01,3,24806,卖盘
13:27:53,62.18,+1.93%,+0.01,11,69517,买盘
13:27:56,62.17,+1.92%,-0.01,9,58937,卖盘
13:27:59,62.18,+1.93%,+0.01,43,268866,买盘
13:28:02,62.17,+1.92%,-0.01,22,142369,卖盘
13:28:05,62.18,+1.93%,+0.01,2,13120,买盘
13:28:08,62.19,+1.95%,+0.01,15,95586,买盘
13:28:11,62.18,+1.93%,-0.01,37,232056,卖盘
13:28:14,62.18,+1.93%,--,4,25867,卖盘
13:28:17,62.18,+1.93%,--,18,114473,卖盘
13:28:20,62.18,+1.93%,--,7,47132,卖盘
13:28:23,62.19,+1.95%,+0.01,45,283897,买盘
13:28:26,62.18,+1.93%,-0.01,13,86368,卖盘
13:28:29,62.18,+1.93%,--,9,57517,买盘
13:28:32,62.16,+1.90%,-0.02,16,100078,卖盘
13:28:35,62.17,+1.92%,+0.01,12,76966,买盘
13:28:41,62.16,+1.90%,-0.01,2,12432,卖盘
13:28:44,62.17,+1.92%,+0.01,10,66087,买盘
13:28:47,62.17,+1.92%,--,5,33137,买盘
13:28:50,62.18,+1.93%,+0.01,14,91218,买盘
13:28:53,62.2,+1.97%,+0.02,5,33899,买盘
13:28:56,62.21,+1.98%,+0.01,25,159320,买盘
13:28:59,62.2,+1.97%,-0.01,22,139452,卖盘
13:29:02,62.18,+1.93%,-0.02,15,96255,卖盘
13:29:05,62.17,+1.92%,-0.01,8,49736,卖盘
13:29:08,62.17,+1.92%,--,16,102207,卖盘
13:29:11,62.19,+1.95%,+0.02,6,38744,买盘
13:29:17,62.16,+1.90%,-0.03,18,114001,卖盘
13:29:20,62.16,+1.90%,--,49,310178,买盘
13:29:23,62.2,+1.97%,+0.04,37,231197,买盘
13:29:26,62.2,+1.97%,--,32,199973,买盘
13:29:29,62.2,+1.97%,--,46,292091,买盘
13:29:32,62.2,+1.97%,--,23,144739,买盘
13:29:35,62.2,+1.97%,--,11,73334,买盘
13:29:38,62.15,+1.89%,-0.05,21,134182,卖盘
13:29:41,62.16,+1.90%,+0.01,13,86651,买盘
13:29:44,62.15,+1.89%,-0.01,14,91858,卖盘
13:29:44,62.15,+1.89%,--,14,91858,中性盘
13:29:44,62.15,+1.89%,--,14,91858,卖盘
13:29:47,62.16,+1.90%,+0.01,6,37296,买盘
13:29:50,62.16,+1.90%,--,10,62222,买盘
13:29:53,62.16,+1.90%,--,11,70987,买盘
13:29:59,62.15,+1.89%,-0.01,31,193287,卖盘
13:30:02,62.15,+1.89%,--,60,376070,买盘
13:30:05,62.15,+1.89%,--,32,199377,卖盘
13:30:08,62.15,+1.89%,--,18,113548,卖盘
13:30:11,62.15,+1.89%,--,17,108017,卖盘
13:30:14,62.14,+1.87%,-0.01,15,97808,卖盘
13:30:17,62.14,+1.87%,--,59,370665,卖盘
13:30:20,62.14,+1.87%,--,56,348792,买盘
13:30:23,62.14,+1.87%,--,46,289635,卖盘
13:30:26,62.18,+1.93%,+0.04,17,105706,买盘
13:30:29,62.18,+1.93%,--,14,91840,买盘
13:30:32,62.18,+1.93%,--,46,288204,买盘
13:30:35,62.18,+1.93%,--,28,176280,买盘
13:30:38,62.15,+1.89%,-0.03,9,60658,卖盘
13:30:41,62.14,+1.87%,-0.01,43,273043,卖盘
13:30:44,62.15,+1.89%,+0.01,21,133436,买盘
13:30:47,62.15,+1.89%,--,17,110316,卖盘
13:30:50,62.16,+1.90%,+0.01,17,106791,买盘
13:30:56,62.17,+1.92%,+0.01,4,27852,卖盘
13:30:59,62.17,+1.92%,--,0,0,卖盘
13:31:02,62.18,+1.93%,+0.01,3,18965,买盘
13:31:05,62.18,+1.93%,--,11,68398,买盘
13:31:08,62.16,+1.90%,-0.02,55,341942,卖盘
13:31:11,62.16,+1.90%,--,52,327148,卖盘
13:31:14,62.18,+1.93%,+0.02,22,140216,买盘
13:31:17,62.18,+1.93%,--,22,138786,买盘
13:31:20,62.16,+1.90%,-0.02,4,30894,买盘
13:31:23,62.18,+1.93%,+0.02,25,157129,买盘
13:31:26,62.16,+1.90%,-0.02,62,386324,卖盘
13:31:29,62.14,+1.87%,-0.02,38,238183,卖盘
13:31:32,62.18,+1.93%,+0.04,20,129210,买盘
13:31:35,62.15,+1.89%,-0.03,17,108763,卖盘
13:31:38,62.14,+1.87%,-0.01,22,139194,卖盘
13:31:41,62.16,+1.90%,+0.02,7,43698,买盘
13:31:44,62.16,+1.90%,--,2,14235,买盘
13:31:47,62.16,+1.90%,--,12,78757,买盘
13:31:50,62.15,+1.89%,-0.01,10,63517,卖盘
13:31:56,62.15,+1.89%,--,6,43070,卖盘
13:31:59,62.16,+1.90%,+0.01,23,145392,买盘
13:32:02,62.15,+1.89%,-0.01,33,209446,卖盘
13:32:05,62.15,+1.89%,--,25,159726,买盘
13:32:08,62.15,+1.89%,--,42,264200,卖盘
13:32:11,62.15,+1.89%,--,22,139962,买盘
13:32:14,62.16,+1.90%,+0.01,31,197855,买盘
13:32:17,62.15,+1.89%,-0.01,20,124549,中性盘
13:32:20,62.16,+1.90%,+0.01,2,12432,买盘
13:32:23,62.15,+1.89%,-0.01,10,63331,卖盘
13:32:26,62.22,+2.00%,+0.07,16,99739,买盘
13:32:29,62.19,+1.95%,-0.03,9,57526,买盘
13:32:32,62.16,+1.90%,-0.03,7,45066,卖盘
13:32:35,62.19,+1.95%,+0.03,5,36132,买盘
13:32:38,62.16,+1.90%,-0.03,3,21445,卖盘
13:32:41,62.16,+1.90%,--,3,24180,卖盘
13:32:44,62.19,+1.95%,+0.03,9,55971,买盘
13:32:47,62.19,+1.95%,--,16,103173,买盘
13:32:50,62.21,+1.98%,+0.02,16,100220,买盘
13:32:53,62.22,+2.00%,+0.01,19,120022,买盘
13:32:56,62.14,+1.87%,-0.08,12,75314,卖盘
13:32:56,62.14,+1.87%,--,12,75314,中性盘
13:32:59,62.22,+2.00%,+0.08,5,32541,买盘
13:33:02,62.22,+2.00%,--,15,94450,买盘
13:33:11,62.22,+2.00%,--,2,16862,买盘
13:33:14,62.22,+2.00%,--,0,0,买盘
13:33:17,62.22,+2.00%,--,14,89472,买盘
13:33:20,62.2,+1.97%,-0.02,4,24880,卖盘
13:33:23,62.2,+1.97%,--,2,16918,卖盘
13:33:26,62.17,+1.92%,-0.03,6,39229,卖盘
13:33:32,62.17,+1.92%,--,3,18962,买盘
13:33:35,62.17,+1.92%,--,47,293442,买盘
13:33:38,62.17,+1.92%,--,36,226672,买盘
13:33:41,62.21,+1.98%,+0.04,14,88338,买盘
13:33:44,62.2,+1.97%,-0.01,20,127448,卖盘
13:33:47,62.22,+2.00%,+0.02,21,135764,买盘
13:33:50,62.22,+2.00%,--,89,557056,买盘
13:33:53,62.22,+2.00%,--,8,51705,卖盘
13:33:56,62.23,+2.02%,+0.01,20,129314,买盘
13:33:59,62.24,+2.03%,+0.01,23,149127,买盘
13:34:02,62.24,+2.03%,--,14,90621,买盘
13:34:05,62.25,+2.05%,+0.01,6,37475,买盘
13:34:08,62.26,+2.07%,+0.01,8,54913,买盘
13:34:11,62.27,+2.08%,+0.01,18,117130,买盘
13:34:13,62.26,+2.07%,-0.01,18,115679,中性盘
13:34:20,62.25,+2.05%,-0.01,31,198391,卖盘
13:34:23,62.27,+2.08%,+0.02,42,264149,买盘
13:34:26,62.27,+2.08%,--,13,81200,卖盘
13:34:29,62.28,+2.10%,+0.01,19,119578,买盘
13:34:32,62.27,+2.08%,-0.01,53,330342,卖盘
13:34:35,62.27,+2.08%,--,25,157854,卖盘
13:34:41,62.27,+2.08%,--,20,128650,买盘
13:34:44,62.26,+2.07%,-0.01,6,42524,卖盘
13:34:47,62.26,+2.07%,--,53,335893,买盘
13:34:50,62.26,+2.07%,--,22,142451,卖盘
13:34:53,62.22,+2.00%,-0.04,10,63029,卖盘
13:34:56,62.22,+2.00%,--,0,0,卖盘
13:35:02,62.23,+2.02%,+0.01,21,133857,卖盘
13:35:05,62.22,+2.00%,-0.01,16,100485,卖盘
13:35:08,62.22,+2.00%,--,6,37332,卖盘
13:35:11,62.22,+2.00%,--,24,150946,卖盘
13:35:17,62.22,+2.00%,--,7,46665,卖盘
13:35:20,62.22,+2.00%,--,3,23955,卖盘
13:35:23,62.22,+2.00%,--,5,36399,卖盘
13:35:26,62.23,+2.02%,+0.01,29,182023,买盘
13:35:29,62.24,+2.03%,+0.01,95,597380,买盘
13:35:32,62.25,+2.05%,+0.01,61,382028,买盘
13:35:35,62.24,+2.03%,-0.01,19,119625,卖盘
13:35:38,62.25,+2.05%,+0.01,4,29258,买盘
13:35:41,62.23,+2.02%,-0.02,8,51713,卖盘
13:35:44,62.25,+2.05%,+0.02,25,161041,买盘
13:35:47,62.25,+2.05%,--,16,104269,买盘
13:35:50,62.23,+2.02%,-0.02,7,47481,卖盘
13:35:53,62.24,+2.03%,+0.01,6,40207,买盘
13:35:56,62.23,+2.02%,-0.01,47,293788,卖盘
13:35:59,62.23,+2.02%,--,10,64533,卖盘
13:36:02,62.25,+2.05%,+0.02,3,18986,买盘
13:36:05,62.25,+2.05%,--,24,149587,买盘
13:36:08,62.25,+2.05%,--,35,220178,买盘
13:36:11,62.23,+2.02%,-0.02,11,73556,卖盘
13:36:11,62.23,+2.02%,--,11,73556,中性盘
13:36:11,62.23,+2.02%,--,11,73556,卖盘
13:36:14,62.25,+2.05%,+0.02,4,30752,买盘
13:36:17,62.25,+2.05%,--,7,46937,买盘
13:36:20,62.25,+2.05%,--,2,12450,买盘
13:36:26,62.25,+2.05%,--,30,192477,买盘
13:36:29,62.23,+2.02%,-0.02,10,63537,卖盘
13:36:32,62.21,+1.98%,-0.02,330,2056663,卖盘
13:36:35,62.21,+1.98%,--,33,208404,买盘
13:36:38,62.16,+1.90%,-0.05,11,71857,卖盘
13:36:41,62.14,+1.87%,-0.02,84,527817,卖盘
13:36:44,62.13,+1.85%,-0.01,68,423664,卖盘
13:36:47,62.2,+1.97%,+0.07,46,289354,买盘
13:36:50,62.17,+1.92%,-0.03,55,347406,买盘
13:36:53,62.21,+1.98%,+0.04,20,127593,买盘
13:36:56,62.2,+1.97%,-0.01,4,26808,卖盘
13:36:59,62.2,+1.97%,--,6,38377,买盘
13:37:02,62.2,+1.97%,--,3,18971,买盘
13:37:05,62.19,+1.95%,-0.01,9,59702,买盘
13:37:08,62.18,+1.93%,-0.01,32,204883,卖盘
13:37:11,62.19,+1.95%,+0.01,23,144281,中性盘
13:37:14,62.19,+1.95%,--,17,110138,买盘
13:37:17,62.21,+1.98%,+0.02,110,686239,买盘
13:37:20,62.23,+2.02%,+0.02,230,1433219,买盘
13:37:23,62.25,+2.05%,+0.02,42,262010,买盘
13:37:26,62.23,+2.02%,-0.02,47,294410,卖盘
13:37:29,62.25,+2.05%,+0.02,6,43513,买盘
13:37:31,62.27,+2.08%,+0.02,40,249080,买盘
13:37:35,62.27,+2.08%,--,17,107478,买盘
13:37:38,62.19,+1.95%,-0.08,27,172950,卖盘
13:37:44,62.19,+1.95%,--,43,268412,卖盘
13:37:47,62.27,+2.08%,+0.08,5,36926,买盘
13:37:50,62.2,+1.97%,-0.07,4,26559,卖盘
13:37:53,62.2,+1.97%,--,3,22952,卖盘
13:37:56,62.27,+2.08%,+0.07,10,63640,买盘
13:37:59,62.27,+2.08%,--,9,62208,买盘
13:38:02,62.27,+2.08%,--,0,0,买盘
13:38:05,62.27,+2.08%,--,52,324240,买盘
13:38:08,62.2,+1.97%,-0.07,15,98525,卖盘
13:38:11,62.19,+1.95%,-0.01,15,96830,卖盘
13:38:14,62.19,+1.95%,--,0,0,卖盘
13:38:17,62.19,+1.95%,--,27,168224,卖盘
13:38:20,62.19,+1.95%,--,10,62190,买盘
13:38:23,62.19,+1.95%,--,30,191856,买盘
13:38:26,62.13,+1.85%,-0.06,31,193721,卖盘
13:38:29,62.2,+1.97%,+0.07,55,342162,买盘
13:38:32,62.14,+1.87%,-0.06,63,396143,卖盘
13:38:35,62.14,+1.87%,--,26,167592,卖盘
13:38:38,62.23,+2.02%,+0.09,29,186441,买盘
13:38:41,62.23,+2.02%,--,13,84695,卖盘
13:38:44,62.14,+1.87%,-0.09,19,122478,卖盘
13:38:47,62.28,+2.10%,+0.14,147,918630,买盘
13:38:50,62.28,+2.10%,--,17,107059,买盘
13:38:53,62.23,+2.02%,-0.05,31,196087,卖盘
13:38:56,62.23,+2.02%,--,21,133670,卖盘
13:38:59,62.23,+2.02%,--,0,2365,卖盘
13:39:02,62.24,+2.03%,+0.01,7,44813,买盘
13:39:05,62.2,+1.97%,-0.04,7,46961,中性盘
13:39:08,62.23,+2.02%,+0.03,44,276675,买盘
13:39:11,62.23,+2.02%,--,15,93967,卖盘
13:39:14,62.13,+1.85%,-0.1,16,103819,卖盘
13:39:17,62.13,+1.85%,--,8,49704,卖盘
13:39:23,62.23,+2.02%,+0.1,16,102617,买盘
13:42:38,62.13,+1.85%,--,6,42683,中性盘
13:42:38,62.13,+1.85%,--,6,42683,买盘
13:42:41,62.13,+1.85%,--,23,146565,买盘
13:42:44,62.13,+1.85%,--,0,0,买盘
13:42:47,62.13,+1.85%,--,29,181730,买盘
13:42:50,62.12,+1.84%,-0.01,4,24848,中性盘
13:42:56,62.11,+1.82%,-0.01,73,456198,卖盘
13:42:59,62.13,+1.85%,+0.02,10,66479,买盘
13:43:02,62.11,+1.82%,-0.02,26,166890,卖盘
13:43:05,62.12,+1.84%,+0.01,2,16462,买盘
13:43:08,62.13,+1.85%,+0.01,12,77973,买盘
13:43:11,62.12,+1.84%,-0.01,14,92124,买盘
13:43:17,62.13,+1.85%,+0.01,73,458209,买盘
13:43:20,62.12,+1.84%,-0.01,46,287553,卖盘
13:43:23,62.15,+1.89%,+0.03,32,204225,买盘
13:43:26,62.15,+1.89%,--,15,96146,卖盘
13:43:29,62.16,+1.90%,+0.01,7,43885,买盘
13:43:32,62.16,+1.90%,--,3,18959,买盘
13:43:35,62.16,+1.90%,--,7,48298,买盘
13:43:38,62.17,+1.92%,+0.01,15,94685,买盘
13:43:44,62.16,+1.90%,-0.01,44,274188,买盘
13:43:50,62.15,+1.89%,-0.01,19,118520,卖盘
13:43:53,62.16,+1.90%,+0.01,22,141787,中性盘
13:43:56,62.15,+1.89%,-0.01,6,43008,卖盘
13:43:59,62.16,+1.90%,+0.01,33,206185,买盘
13:44:02,62.18,+1.93%,+0.02,23,146185,买盘
13:44:08,62.16,+1.90%,-0.02,8,49728,卖盘
13:44:11,62.16,+1.90%,--,0,0,卖盘
13:44:14,62.17,+1.92%,+0.01,36,227480,买盘
13:44:17,62.17,+1.92%,--,6,41405,买盘
13:44:20,62.16,+1.90%,-0.01,3,22688,卖盘
13:44:23,62.17,+1.92%,+0.01,52,326703,买盘
13:44:26,62.17,+1.92%,--,20,124962,买盘
13:44:29,62.15,+1.89%,-0.02,6,38036,卖盘
13:44:32,62.17,+1.92%,+0.02,20,126827,买盘
13:44:35,62.17,+1.92%,--,0,0,买盘
13:44:38,62.16,+1.90%,-0.01,2,12432,中性盘
13:44:41,62.15,+1.89%,-0.01,10,68179,卖盘
13:44:44,62.15,+1.89%,--,19,118209,卖盘
13:44:47,62.16,+1.90%,+0.01,20,124320,买盘
13:44:50,62.15,+1.89%,-0.01,8,52579,卖盘
13:44:56,62.15,+1.89%,--,4,25295,卖盘
13:44:59,62.15,+1.89%,--,2,12430,卖盘
13:45:02,62.16,+1.90%,+0.01,24,149806,买盘
13:45:05,62.16,+1.90%,--,10,66200,卖盘
13:45:08,62.16,+1.90%,--,4,26604,卖盘
13:45:14,62.16,+1.90%,--,3,18648,卖盘
13:45:17,62.16,+1.90%,--,13,83854,卖盘
13:45:20,62.14,+1.87%,-0.02,13,86685,卖盘
13:45:26,62.13,+1.85%,-0.01,10,66044,卖盘
13:45:29,62.13,+1.85%,--,12,74618,卖盘
13:45:32,62.14,+1.87%,+0.01,16,101785,买盘
13:45:35,62.13,+1.85%,-0.01,4,24852,卖盘
13:45:38,62.15,+1.89%,+0.02,28,178930,买盘
13:45:41,62.15,+1.89%,--,20,125294,卖盘
13:45:47,62.13,+1.85%,-0.02,31,192852,卖盘
13:45:50,62.15,+1.89%,+0.02,20,129210,买盘
13:45:50,62.15,+1.89%,--,20,129210,中性盘
13:45:53,62.17,+1.92%,+0.02,30,192416,买盘
13:45:56,62.19,+1.95%,+0.02,5,31779,买盘
13:45:59,62.19,+1.95%,--,39,246956,买盘
13:46:01,62.19,+1.95%,--,18,117850,买盘
13:46:05,62.19,+1.95%,--,0,0,买盘
13:46:08,62.18,+1.93%,-0.01,6,38800,买盘
13:46:11,62.18,+1.93%,--,3,18654,买盘
13:46:14,62.18,+1.93%,--,33,210728,买盘
13:46:17,62.17,+1.92%,-0.01,40,254400,卖盘
13:46:20,62.17,+1.92%,--,12,78086,卖盘
13:46:23,62.17,+1.92%,--,6,39043,卖盘
13:46:26,62.17,+1.92%,--,32,199131,卖盘
13:46:29,62.16,+1.90%,-0.01,93,580264,卖盘
13:46:32,62.17,+1.92%,+0.01,26,167548,买盘
13:46:35,62.17,+1.92%,--,15,97172,卖盘
13:46:38,62.17,+1.92%,--,12,79640,买盘
13:46:41,62.15,+1.89%,-0.02,2,13300,卖盘
13:46:44,62.16,+1.90%,+0.01,6,39596,卖盘
13:46:47,62.16,+1.90%,--,18,115680,卖盘
13:46:50,62.16,+1.90%,--,8,55882,卖盘
13:46:53,62.15,+1.89%,-0.01,19,119514,卖盘
13:46:56,62.15,+1.89%,--,15,98383,卖盘
13:46:59,62.14,+1.87%,-0.01,32,200153,中性盘
13:47:02,62.11,+1.82%,-0.03,16,103227,卖盘
13:47:05,62.11,+1.82%,--,10,65837,卖盘
13:47:08,62.1,+1.80%,-0.01,3,22915,卖盘
13:47:11,62.12,+1.84%,+0.02,24,150206,买盘
13:47:14,62.11,+1.82%,-0.01,6,42297,买盘
13:47:17,62.11,+1.82%,--,29,183721,卖盘
13:47:20,62.11,+1.82%,--,23,146269,买盘
13:47:23,62.11,+1.82%,--,2,14658,买盘
13:47:26,62.1,+1.80%,-0.01,4,25772,卖盘
13:47:29,62.11,+1.82%,+0.01,21,132356,买盘
13:47:32,62.11,+1.82%,--,3,18944,买盘
13:47:35,62.1,+1.80%,-0.01,4,24840,卖盘
13:47:38,62.1,+1.80%,--,214,1329251,卖盘
13:47:41,62.1,+1.80%,--,43,273178,卖盘
13:47:44,62.1,+1.80%,--,35,222380,卖盘
13:47:47,62.1,+1.80%,--,11,72409,买盘
13:47:49,62.1,+1.80%,--,14,88679,买盘
13:47:53,62.08,+1.77%,-0.02,3,18624,卖盘
13:47:56,62.09,+1.79%,+0.01,6,40731,买盘
13:47:59,62.08,+1.77%,-0.01,16,99390,卖盘
13:48:02,62.08,+1.77%,--,30,190337,买盘
13:48:08,62.07,+1.75%,-0.01,12,76656,买盘
13:48:11,62.06,+1.74%,-0.01,13,84402,买盘
13:48:14,62.07,+1.75%,+0.01,11,71877,买盘
13:48:17,62.04,+1.70%,-0.03,43,270184,卖盘
13:48:20,62.06,+1.74%,+0.02,16,103826,买盘
13:48:23,62.05,+1.72%,-0.01,13,84202,卖盘
13:48:26,62.05,+1.72%,--,17,111256,卖盘
13:48:32,62.04,+1.70%,-0.01,6,42373,卖盘
13:48:35,62.04,+1.70%,--,18,113161,卖盘
13:48:38,62.04,+1.70%,--,110,687962,买盘
13:48:41,62.04,+1.70%,--,114,708187,买盘
13:48:44,62.04,+1.70%,--,51,318762,买盘
13:48:47,62.03,+1.69%,-0.01,42,263752,卖盘
13:48:50,62.06,+1.74%,+0.03,48,303722,买盘
13:48:53,62.07,+1.75%,+0.01,51,319536,买盘
13:48:56,62.07,+1.75%,--,28,177955,买盘
13:48:59,62.05,+1.72%,-0.02,12,80293,卖盘
13:49:02,62.1,+1.80%,+0.05,21,131776,买盘
13:49:05,62.06,+1.74%,-0.04,56,349088,卖盘
13:49:05,62.06,+1.74%,--,56,349088,中性盘
13:49:05,62.06,+1.74%,--,56,349088,卖盘
13:49:08,62.07,+1.75%,+0.01,18,116195,中性盘
13:49:11,62.1,+1.80%,+0.03,11,73713,买盘
13:49:14,62.12,+1.84%,+0.02,64,398686,买盘
13:49:17,62.12,+1.84%,--,22,141509,买盘
13:49:20,62.12,+1.84%,--,8,55846,买盘
13:49:22,62.12,+1.84%,--,7,48454,买盘
13:49:29,62.11,+1.82%,-0.01,2,17204,中性盘
13:49:32,62.12,+1.84%,+0.01,7,48516,买盘
13:49:35,62.12,+1.84%,--,11,71500,买盘
13:49:38,62.12,+1.84%,--,3,21928,买盘
13:49:41,62.11,+1.82%,-0.01,11,69004,卖盘
13:49:44,62.11,+1.82%,--,12,76147,卖盘
13:49:47,62.12,+1.84%,+0.01,39,247051,买盘
13:49:50,62.13,+1.85%,+0.01,20,124695,买盘
13:49:53,62.12,+1.84%,-0.01,5,31930,卖盘
13:49:56,62.13,+1.85%,+0.01,161,1001349,买盘
13:49:59,62.12,+1.84%,-0.01,30,188907,卖盘
13:50:02,62.1,+1.80%,-0.02,32,204744,卖盘
13:50:05,62.1,+1.80%,--,43,270570,买盘
13:50:08,62.06,+1.74%,-0.04,29,181650,卖盘
13:50:10,62.04,+1.70%,-0.02,36,225702,卖盘
13:50:14,62.01,+1.66%,-0.03,305,1897258,卖盘
13:50:17,62.0,+1.64%,-0.01,67,420360,卖盘
13:50:20,62.0,+1.64%,--,103,643064,卖盘
13:50:23,62.01,+1.66%,+0.01,70,439465,中性盘
13:50:26,61.98,+1.61%,-0.03,59,367727,卖盘
13:50:29,62.04,+1.70%,+0.06,104,646519,买盘
13:50:32,62.11,+1.82%,+0.07,30,189808,买盘
13:50:35,62.05,+1.72%,-0.06,45,283196,卖盘
13:50:38,62.1,+1.80%,+0.05,17,107619,买盘
13:50:41,62.1,+1.80%,--,13,84332,买盘
13:50:44,62.11,+1.82%,+0.01,10,62358,买盘
13:50:47,62.05,+1.72%,-0.06,18,114917,卖盘
13:50:50,62.11,+1.82%,+0.06,17,105649,买盘
13:50:53,62.11,+1.82%,--,15,96519,买盘
13:50:56,62.05,+1.72%,-0.06,93,578430,卖盘
13:50:59,62.05,+1.72%,--,60,376519,卖盘
13:51:02,62.11,+1.82%,+0.06,43,269806,买盘
13:51:05,62.06,+1.74%,-0.05,19,120458,卖盘
13:51:08,62.11,+1.82%,+0.05,26,162977,买盘
13:51:11,62.06,+1.74%,-0.05,7,48097,卖盘
13:51:14,62.06,+1.74%,--,0,0,卖盘
13:51:17,62.11,+1.82%,+0.05,50,312351,买盘
13:51:20,62.11,+1.82%,--,23,143598,卖盘
13:51:23,62.09,+1.79%,-0.02,46,288036,卖盘
13:51:26,62.09,+1.79%,--,10,67554,买盘
13:51:29,62.08,+1.77%,-0.01,24,149054,卖盘
13:51:32,62.11,+1.82%,+0.03,47,297693,买盘
13:51:35,62.06,+1.74%,-0.05,29,183139,卖盘
13:51:38,62.11,+1.82%,+0.05,89,557996,买盘
13:51:41,62.06,+1.74%,-0.05,42,264686,卖盘
13:51:44,62.11,+1.82%,+0.05,34,213037,买盘
13:51:47,62.06,+1.74%,-0.05,28,174637,卖盘
13:51:50,62.06,+1.74%,--,25,157322,卖盘
13:51:53,62.06,+1.74%,--,14,91042,卖盘
13:51:56,62.06,+1.74%,--,22,138456,卖盘
13:51:59,62.07,+1.75%,+0.01,4,25759,买盘
13:52:02,62.07,+1.75%,--,16,104340,买盘
13:52:05,62.06,+1.74%,-0.01,20,124368,卖盘
13:52:08,62.1,+1.80%,+0.04,103,640437,买盘
13:52:11,62.09,+1.79%,-0.01,15,96177,卖盘
13:52:14,62.07,+1.75%,-0.02,6,38049,买盘
13:52:17,62.06,+1.74%,-0.01,50,310672,卖盘
13:52:17,62.06,+1.74%,--,50,310672,中性盘
13:52:20,62.07,+1.75%,+0.01,71,444173,买盘
13:52:23,62.06,+1.74%,-0.01,17,109846,卖盘
13:52:26,62.06,+1.74%,--,100,620662,卖盘
13:52:29,62.06,+1.74%,--,22,137277,买盘
13:52:32,62.05,+1.72%,-0.01,47,292566,卖盘
13:52:35,62.05,+1.72%,--,56,347976,卖盘
13:52:38,62.05,+1.72%,--,58,360883,卖盘
13:52:41,62.06,+1.74%,+0.01,120,746458,买盘
13:52:44,62.06,+1.74%,--,11,72362,买盘
13:52:47,62.06,+1.74%,--,18,115121,买盘
13:52:50,62.08,+1.77%,+0.02,60,373908,买盘
13:52:53,62.08,+1.77%,--,42,265020,买盘
13:52:56,62.09,+1.79%,+0.01,45,281889,卖盘
13:52:59,62.12,+1.84%,+0.03,22,140453,买盘
13:53:02,62.12,+1.84%,--,40,253947,买盘
13:53:05,62.14,+1.87%,+0.02,22,141679,买盘
13:53:07,62.12,+1.84%,-0.02,43,268110,卖盘
13:53:11,62.12,+1.84%,--,36,228539,卖盘
13:53:14,62.12,+1.84%,--,14,87216,卖盘
13:53:17,62.1,+1.80%,-0.02,17,110414,卖盘
13:53:20,62.12,+1.84%,+0.02,22,139273,买盘
13:53:23,62.12,+1.84%,--,27,172321,买盘
13:53:26,62.1,+1.80%,-0.02,2,12420,卖盘
13:53:29,62.1,+1.80%,--,25,157299,卖盘
13:53:32,62.12,+1.84%,+0.02,5,32613,买盘
13:53:35,62.09,+1.79%,-0.03,17,110210,卖盘
13:53:38,62.09,+1.79%,--,10,62090,卖盘
13:53:41,62.08,+1.77%,-0.01,11,71144,卖盘
13:53:44,62.08,+1.77%,--,13,85174,卖盘
13:53:47,62.08,+1.77%,--,23,148495,卖盘
13:53:50,62.08,+1.77%,--,0,0,卖盘
13:53:53,62.07,+1.75%,-0.01,17,109740,卖盘
13:53:56,62.07,+1.75%,--,7,46118,卖盘
13:53:59,62.08,+1.77%,+0.01,20,130182,买盘
13:54:02,62.07,+1.75%,-0.01,11,70698,中性盘
13:54:05,62.07,+1.75%,--,12,75291,卖盘
13:54:08,62.07,+1.75%,--,4,29359,卖盘
13:54:11,62.07,+1.75%,--,26,161382,买盘
13:54:14,62.06,+1.74%,-0.01,3,22217,卖盘
13:54:17,62.05,+1.72%,-0.01,21,134338,卖盘
13:54:20,62.05,+1.72%,--,13,81286,卖盘
13:54:23,62.0,+1.64%,-0.05,326,2022254,卖盘
13:54:26,62.0,+1.64%,--,156,968936,买盘
13:54:29,61.98,+1.61%,-0.02,13,80636,卖盘
13:54:32,61.97,+1.59%,-0.01,91,569566,卖盘
13:54:35,61.96,+1.57%,-0.01,4,28068,卖盘
13:54:38,61.97,+1.59%,+0.01,27,167939,买盘
13:54:41,61.97,+1.59%,--,3,18591,买盘
13:54:44,61.95,+1.56%,-0.02,16,99987,卖盘
13:54:47,61.95,+1.56%,--,13,80845,卖盘
13:54:50,61.93,+1.52%,-0.02,28,175262,卖盘
13:54:53,61.93,+1.52%,--,8,54622,卖盘
13:54:55,61.93,+1.52%,--,40,250878,买盘
13:54:59,61.9,+1.48%,-0.03,150,928500,卖盘
13:55:02,61.91,+1.49%,+0.01,9,60981,中性盘
13:55:05,61.92,+1.51%,+0.01,185,1149483,买盘
13:55:08,61.9,+1.48%,-0.02,105,655707,卖盘
13:55:11,61.91,+1.49%,+0.01,21,132364,买盘
13:55:14,61.91,+1.49%,--,11,69587,买盘
13:55:17,61.91,+1.49%,--,18,114967,买盘
13:55:20,61.86,+1.41%,-0.05,11,69159,卖盘
13:55:23,61.86,+1.41%,--,13,85552,卖盘
13:55:26,61.86,+1.41%,--,16,103306,买盘
13:55:29,61.86,+1.41%,--,47,292783,卖盘
13:55:32,61.86,+1.41%,--,8,51344,中性盘
13:55:32,61.86,+1.41%,--,8,51344,卖盘
13:55:38,61.86,+1.41%,--,2,12372,卖盘
13:55:41,61.91,+1.49%,+0.05,5,34670,中性盘
13:55:44,61.99,+1.62%,+0.08,166,1034799,买盘
13:55:53,61.98,+1.61%,-0.01,17,111130,买盘
13:55:59,61.92,+1.51%,-0.06,12,77895,卖盘
13:56:02,61.92,+1.51%,--,17,106502,卖盘
13:56:05,61.98,+1.61%,+0.06,14,90243,买盘
13:56:08,61.92,+1.51%,-0.06,12,75109,卖盘
13:56:11,61.96,+1.57%,+0.04,13,84328,买盘
13:56:14,61.93,+1.52%,-0.03,1,6193,卖盘
13:56:17,61.98,+1.61%,+0.05,54,335312,买盘
13:56:20,61.98,+1.61%,--,14,87268,买盘
13:56:23,61.99,+1.62%,+0.01,51,316211,买盘
13:56:26,61.98,+1.61%,-0.01,36,225545,卖盘
13:56:29,62.0,+1.64%,+0.02,17,105834,买盘
13:56:32,62.0,+1.64%,--,21,135966,买盘
13:56:35,62.0,+1.64%,--,5,34658,买盘
13:56:38,61.98,+1.61%,-0.02,4,25722,卖盘
13:56:41,62.0,+1.64%,+0.02,9,60636,买盘
13:56:44,61.98,+1.61%,-0.02,14,87640,卖盘
13:56:47,62.0,+1.64%,+0.02,13,86428,买盘
13:56:50,61.97,+1.59%,-0.03,9,56579,卖盘
13:57:02,61.98,+1.61%,+0.01,13,82433,买盘
13:57:05,61.98,+1.61%,--,13,80884,买盘
13:57:08,62.0,+1.64%,+0.02,219,1360218,买盘
13:57:11,62.01,+1.66%,+0.01,36,226771,卖盘
13:57:14,62.0,+1.64%,-0.01,39,247442,买盘
13:57:17,62.0,+1.64%,--,4,24800,卖盘
13:57:20,61.99,+1.62%,-0.01,4,26594,卖盘
13:57:23,62.0,+1.64%,+0.01,9,57846,买盘
13:57:26,62.0,+1.64%,--,7,44516,卖盘
13:57:29,62.0,+1.64%,--,7,47554,卖盘
13:57:32,62.0,+1.64%,--,46,287494,卖盘
13:57:35,62.01,+1.66%,+0.01,12,78133,买盘
13:57:38,62.01,+1.66%,--,5,36834,卖盘
13:57:41,62.0,+1.64%,-0.01,3,22072,中性盘
13:57:47,62.0,+1.64%,--,8,55118,买盘
13:57:53,62.0,+1.64%,--,14,89714,买盘
13:57:56,62.0,+1.64%,--,5,34534,买盘
13:58:02,62.0,+1.64%,--,5,31310,买盘
13:58:08,62.0,+1.64%,--,55,342860,买盘
13:58:11,62.01,+1.66%,+0.01,18,111990,买盘
13:58:14,62.0,+1.64%,-0.01,29,183272,卖盘
13:58:20,62.0,+1.64%,--,7,47120,卖盘
13:58:23,62.01,+1.66%,+0.01,3,18603,买盘
13:58:26,62.01,+1.66%,--,9,59654,买盘
13:58:29,62.0,+1.64%,-0.01,3,23746,卖盘
13:58:32,62.0,+1.64%,--,19,118978,卖盘
13:58:35,62.01,+1.66%,+0.01,27,171210,买盘
13:58:38,62.01,+1.66%,--,8,51344,卖盘
13:58:38,62.01,+1.66%,--,8,51344,中性盘
13:58:53,62.02,+1.67%,+0.01,2,12404,买盘
13:58:56,62.01,+1.66%,-0.01,33,210524,卖盘
13:58:59,62.0,+1.64%,-0.01,75,467976,卖盘
13:59:02,61.99,+1.62%,-0.01,29,183614,卖盘
13:59:05,62.01,+1.66%,+0.02,19,122284,买盘
13:59:08,61.98,+1.61%,-0.03,8,49956,卖盘
13:59:11,61.99,+1.62%,+0.01,11,72280,买盘
13:59:14,61.99,+1.62%,--,3,18597,买盘
13:59:17,61.96,+1.57%,-0.03,10,65863,卖盘
13:59:20,62.0,+1.64%,+0.04,34,215946,买盘
13:59:23,62.0,+1.64%,--,26,165726,卖盘
13:59:26,62.01,+1.66%,+0.01,43,272348,买盘
13:59:29,62.02,+1.67%,+0.01,4,27227,买盘
13:59:32,62.01,+1.66%,-0.01,18,116269,中性盘
13:59:35,62.0,+1.64%,-0.01,13,84072,卖盘
13:59:38,62.0,+1.64%,--,28,177444,卖盘
13:59:41,62.0,+1.64%,--,75,465930,卖盘
13:59:44,62.0,+1.64%,--,24,149978,卖盘
13:59:47,62.0,+1.64%,--,12,77376,卖盘
13:59:50,62.01,+1.66%,+0.01,9,58227,买盘
13:59:53,62.0,+1.64%,-0.01,15,96100,卖盘
13:59:56,62.01,+1.66%,+0.01,214,1330487,买盘
13:59:59,62.0,+1.64%,-0.01,26,165726,卖盘
14:00:02,61.96,+1.57%,-0.04,24,152236,卖盘
14:00:05,61.95,+1.56%,-0.01,14,90261,卖盘
14:00:08,61.95,+1.56%,--,27,171973,卖盘
14:00:11,61.94,+1.54%,-0.01,8,49800,买盘
14:00:14,61.93,+1.52%,-0.01,14,89860,卖盘
14:00:17,61.97,+1.59%,+0.04,15,97913,买盘
14:00:20,61.93,+1.52%,-0.04,10,61930,卖盘
14:00:23,61.98,+1.61%,+0.05,13,80698,买盘
14:00:26,61.98,+1.61%,--,9,60864,买盘
14:00:29,61.93,+1.52%,-0.05,8,49978,卖盘
14:00:32,61.93,+1.52%,--,15,94443,买盘
14:00:35,61.93,+1.52%,--,4,24772,卖盘
14:00:38,61.94,+1.54%,+0.01,3,20998,中性盘
14:00:41,61.93,+1.52%,-0.01,3,21366,卖盘
14:00:44,61.93,+1.52%,--,25,160584,卖盘
14:00:47,61.9,+1.48%,-0.03,53,329432,卖盘
14:00:50,61.9,+1.48%,--,14,87960,卖盘
14:00:53,61.9,+1.48%,--,3,20179,买盘
14:00:56,61.9,+1.48%,--,10,64190,买盘
14:00:59,61.91,+1.49%,+0.01,7,45070,买盘
14:01:02,61.9,+1.48%,-0.01,13,81770,卖盘
14:01:05,61.92,+1.51%,+0.02,4,29350,买盘
14:01:08,61.92,+1.51%,--,7,48917,卖盘
14:01:11,61.93,+1.52%,+0.01,16,99831,买盘
14:01:26,61.93,+1.52%,--,21,130672,买盘
14:01:29,61.94,+1.54%,+0.01,4,29607,中性盘
14:01:32,61.95,+1.56%,+0.01,16,100111,买盘
14:01:35,61.95,+1.56%,--,0,0,卖盘
14:01:38,61.96,+1.57%,+0.01,3,22925,卖盘
14:01:44,61.97,+1.59%,+0.01,3,18591,买盘
14:01:47,61.98,+1.61%,+0.01,108,670748,买盘
14:01:50,61.95,+1.56%,-0.03,10,68083,卖盘
14:01:53,61.99,+1.62%,+0.04,49,308772,买盘
14:01:56,61.97,+1.59%,-0.02,21,136272,卖盘
14:01:59,61.97,+1.59%,--,6,38917,买盘
14:01:59,61.97,+1.59%,--,6,38917,中性盘
14:01:59,61.97,+1.59%,--,6,38917,卖盘
14:02:02,62.02,+1.67%,+0.05,193,1198164,买盘
14:02:05,62.0,+1.64%,-0.02,25,155744,卖盘
14:02:08,61.99,+1.62%,-0.01,44,278335,卖盘
14:02:11,62.02,+1.67%,+0.03,4,24808,卖盘
14:02:14,62.0,+1.64%,-0.02,32,199144,买盘
14:02:17,62.02,+1.67%,+0.02,9,57679,买盘
14:02:20,62.05,+1.72%,+0.03,132,821356,买盘
14:02:23,62.05,+1.72%,--,23,148796,卖盘
14:02:26,62.01,+1.66%,-0.04,53,329211,卖盘
14:02:29,62.05,+1.72%,+0.04,127,791448,买盘
14:02:32,62.05,+1.72%,--,12,78617,卖盘
14:02:35,62.05,+1.72%,--,41,255026,卖盘
14:02:38,62.05,+1.72%,--,6,42256,卖盘
14:02:41,62.05,+1.72%,--,25,159469,卖盘
14:02:44,62.05,+1.72%,--,13,81844,卖盘
14:02:47,62.06,+1.74%,+0.01,18,115494,买盘
14:02:50,62.06,+1.74%,--,4,27803,卖盘
14:02:53,62.06,+1.74%,--,4,27927,卖盘
14:02:56,62.05,+1.72%,-0.01,8,50757,卖盘
14:02:59,62.06,+1.74%,+0.01,2,12412,中性盘
14:03:02,62.07,+1.75%,+0.01,80,496870,买盘
14:03:05,62.07,+1.75%,--,5,32090,卖盘
14:03:08,62.08,+1.77%,+0.01,66,414694,买盘
14:03:11,62.09,+1.79%,+0.01,19,121510,买盘
14:03:14,62.1,+1.80%,+0.01,35,218157,买盘
14:03:20,62.1,+1.80%,--,33,207538,买盘
14:03:23,62.08,+1.77%,-0.02,11,73316,卖盘
14:03:26,62.08,+1.77%,--,27,172707,卖盘
14:03:29,62.07,+1.75%,-0.01,103,642859,卖盘
14:03:32,62.08,+1.77%,+0.01,53,333059,买盘
14:03:35,62.05,+1.72%,-0.03,14,89228,卖盘
14:03:38,62.04,+1.70%,-0.01,106,659299,卖盘
14:03:41,62.05,+1.72%,+0.01,31,192355,买盘
14:03:44,62.05,+1.72%,--,72,449180,买盘
14:03:47,62.0,+1.64%,-0.05,4,25916,卖盘
14:03:50,62.05,+1.72%,+0.05,2,12410,买盘
14:03:53,62.0,+1.64%,-0.05,16,101122,卖盘
14:03:56,62.05,+1.72%,+0.05,10,62236,买盘
14:03:59,62.0,+1.64%,-0.05,17,108128,卖盘
14:04:02,62.05,+1.72%,+0.05,11,68255,买盘
14:04:05,62.0,+1.64%,-0.05,110,686526,卖盘
14:04:08,61.98,+1.61%,-0.02,32,199824,卖盘
14:04:11,62.02,+1.67%,+0.04,40,249444,买盘
14:04:14,62.0,+1.64%,-0.02,34,211172,卖盘
14:04:17,62.02,+1.67%,+0.02,55,343529,买盘
14:04:20,62.0,+1.64%,-0.02,7,45136,卖盘
14:04:23,62.02,+1.67%,+0.02,5,36034,买盘
14:04:26,62.0,+1.64%,-0.02,17,108252,卖盘
14:04:32,62.01,+1.66%,+0.01,14,92519,买盘
14:04:35,62.01,+1.66%,--,2,17921,买盘
14:04:38,62.0,+1.64%,-0.01,8,54436,卖盘
14:04:40,62.01,+1.66%,+0.01,107,667042,买盘
14:04:44,62.01,+1.66%,--,4,26416,卖盘
14:04:47,62.01,+1.66%,--,31,194091,卖盘
14:04:50,62.0,+1.64%,-0.01,11,70556,卖盘
14:04:53,62.01,+1.66%,+0.01,2,12402,买盘
14:04:56,61.99,+1.62%,-0.02,16,99680,卖盘
14:04:59,62.0,+1.64%,+0.01,18,113584,买盘
14:05:02,61.99,+1.62%,-0.01,7,43703,卖盘
14:05:05,61.99,+1.62%,--,4,24920,卖盘
14:05:11,61.99,+1.62%,--,10,61990,中性盘
14:05:14,61.99,+1.62%,--,3,18597,卖盘
14:05:17,61.99,+1.62%,--,3,22068,卖盘
14:05:20,61.99,+1.62%,--,10,61990,卖盘
14:05:23,62.0,+1.64%,+0.01,31,197036,买盘
14:05:26,61.99,+1.62%,-0.01,3,23060,卖盘
14:05:32,61.99,+1.62%,--,11,70111,卖盘
14:05:38,61.99,+1.62%,--,14,91621,卖盘
14:05:41,61.99,+1.62%,--,21,131295,卖盘
14:05:47,61.99,+1.62%,--,3,21263,卖盘
14:05:56,61.99,+1.62%,--,12,76992,卖盘
14:06:02,62.0,+1.64%,--,9,56110,买盘
14:06:05,61.99,+1.62%,-0.01,8,51886,卖盘
14:06:08,62.0,+1.64%,+0.01,17,105400,买盘
14:06:11,62.0,+1.64%,--,20,130138,买盘
14:06:14,62.01,+1.66%,+0.01,25,160110,买盘
14:06:20,62.01,+1.66%,--,0,0,买盘
14:06:23,62.01,+1.66%,--,10,66041,买盘
14:06:29,61.99,+1.62%,-0.02,3,23246,卖盘
14:06:32,62.01,+1.66%,+0.02,41,259760,买盘
14:06:35,62.01,+1.66%,--,6,38508,买盘
14:06:38,62.02,+1.67%,+0.01,28,179548,买盘
14:06:41,62.01,+1.66%,-0.01,2,17983,买盘
14:06:44,61.99,+1.62%,-0.02,8,52072,卖盘
14:06:47,61.99,+1.62%,--,6,37194,卖盘
14:06:50,61.99,+1.62%,--,2,14630,卖盘
14:06:53,62.0,+1.64%,+0.01,5,33108,买盘
14:06:56,62.0,+1.64%,--,16,103044,卖盘
14:06:59,62.0,+1.64%,--,7,46376,卖盘
14:07:02,62.01,+1.66%,+0.01,13,84148,买盘
14:07:05,62.01,+1.66%,--,14,90845,买盘
14:07:08,62.01,+1.66%,--,32,200044,卖盘
14:07:11,62.01,+1.66%,--,4,27284,卖盘
14:07:14,62.02,+1.67%,+0.01,20,130180,买盘
14:07:17,62.04,+1.70%,+0.02,32,203925,买盘
14:07:20,61.99,+1.62%,-0.05,15,96766,卖盘
14:07:23,62.03,+1.69%,+0.04,2,17182,买盘
14:07:26,62.03,+1.69%,--,15,97015,卖盘
14:07:29,62.06,+1.74%,+0.03,62,387813,买盘
14:07:32,62.05,+1.72%,-0.01,34,215562,卖盘
14:07:35,62.06,+1.74%,+0.01,2,12412,买盘
14:07:38,62.06,+1.74%,--,2,12412,买盘
14:07:41,62.06,+1.74%,--,29,183263,买盘
14:07:44,62.06,+1.74%,--,7,48531,卖盘
14:07:50,62.06,+1.74%,--,47,296833,卖盘
14:07:53,62.07,+1.75%,+0.01,5,32276,买盘
14:07:56,62.06,+1.74%,-0.01,6,40463,卖盘
14:07:59,62.07,+1.75%,+0.01,42,260880,买盘
14:08:02,62.07,+1.75%,--,6,40470,卖盘
14:08:05,62.08,+1.77%,+0.01,5,32778,买盘
14:08:08,62.08,+1.77%,--,18,112365,买盘
14:08:11,62.07,+1.75%,-0.01,10,62504,卖盘
14:08:14,62.08,+1.77%,+0.01,18,116772,买盘
14:08:17,62.07,+1.75%,-0.01,19,123581,卖盘
14:08:20,62.08,+1.77%,+0.01,52,323996,买盘
14:08:23,62.07,+1.75%,-0.01,48,298867,卖盘
14:08:26,62.06,+1.74%,-0.01,81,508582,卖盘
14:08:26,62.06,+1.74%,--,81,508582,中性盘
14:08:26,62.06,+1.74%,--,81,508582,买盘
14:08:29,62.07,+1.75%,+0.01,48,299177,买盘
14:08:32,62.04,+1.70%,-0.03,20,129291,卖盘
14:08:35,62.03,+1.69%,-0.01,81,503870,卖盘
14:08:38,62.05,+1.72%,+0.02,45,282079,中性盘
14:08:41,62.04,+1.70%,-0.01,16,101559,卖盘
14:08:44,62.06,+1.74%,+0.02,50,310548,买盘
14:08:47,62.03,+1.69%,-0.03,7,48445,卖盘
14:08:50,62.03,+1.69%,--,18,112771,卖盘
14:08:53,62.02,+1.67%,-0.01,11,73866,卖盘
14:08:56,62.01,+1.66%,-0.01,37,233902,卖盘
14:08:59,62.0,+1.64%,-0.01,8,49662,卖盘
14:09:02,62.0,+1.64%,--,38,238948,卖盘
14:09:05,62.01,+1.66%,+0.01,9,60522,买盘
14:09:08,62.01,+1.66%,--,40,249900,买盘
14:09:11,62.0,+1.64%,-0.01,5,36456,卖盘
14:09:14,62.0,+1.64%,--,9,59644,卖盘
14:09:17,62.0,+1.64%,--,10,67146,卖盘
14:09:20,62.01,+1.66%,+0.01,8,53019,买盘
14:09:23,62.0,+1.64%,-0.01,38,238452,卖盘
14:09:26,62.0,+1.64%,--,11,69936,卖盘
14:09:29,62.02,+1.67%,+0.02,11,72998,买盘
14:09:32,62.02,+1.67%,--,3,18854,买盘
14:09:35,62.0,+1.64%,-0.02,3,22320,卖盘
14:09:38,62.02,+1.67%,+0.02,23,142646,买盘
14:09:41,62.0,+1.64%,-0.02,3,23870,卖盘
14:09:44,62.0,+1.64%,--,2,12400,卖盘
14:09:50,62.0,+1.64%,--,4,25172,卖盘
14:09:53,62.01,+1.66%,+0.01,19,119803,买盘
14:09:56,62.02,+1.67%,+0.01,9,60842,买盘
14:09:59,62.02,+1.67%,--,2,12404,买盘
14:10:02,62.01,+1.66%,-0.01,37,229747,卖盘
14:10:05,62.04,+1.70%,+0.03,17,107515,买盘
14:10:08,62.02,+1.67%,-0.02,13,83603,卖盘
14:10:11,62.04,+1.70%,+0.02,22,140210,买盘
14:10:14,62.04,+1.70%,--,29,184445,买盘
14:10:20,62.04,+1.70%,--,20,124080,买盘
14:10:23,62.01,+1.66%,-0.03,22,139895,卖盘
14:10:26,62.02,+1.67%,+0.01,4,24808,买盘
14:10:29,62.01,+1.66%,-0.01,92,573158,卖盘
14:10:32,62.01,+1.66%,--,28,174496,买盘
14:10:35,62.0,+1.64%,-0.01,36,229276,卖盘
14:10:38,62.01,+1.66%,+0.01,51,321336,买盘
14:10:41,62.0,+1.64%,-0.01,42,266290,卖盘
14:10:44,61.99,+1.62%,-0.01,34,210952,卖盘
14:10:47,61.99,+1.62%,--,30,189503,卖盘
14:10:53,61.99,+1.62%,--,9,61928,卖盘
14:10:56,61.99,+1.62%,--,10,62548,卖盘
14:10:59,62.0,+1.64%,+0.01,41,254758,买盘
14:11:05,61.98,+1.61%,-0.02,4,25846,卖盘
14:11:08,61.98,+1.61%,--,33,205278,卖盘
14:11:14,61.98,+1.61%,--,4,24792,卖盘
14:11:17,61.97,+1.59%,-0.01,7,48523,卖盘
14:11:23,62.0,+1.64%,+0.03,75,466178,买盘
14:11:26,62.0,+1.64%,--,5,34038,买盘
14:11:29,61.97,+1.59%,-0.03,5,31729,卖盘
14:11:32,61.97,+1.59%,--,42,263249,卖盘
14:11:35,62.0,+1.64%,+0.03,12,76942,买盘
14:11:38,61.97,+1.59%,-0.03,21,132120,卖盘
14:11:38,61.97,+1.59%,--,21,132120,中性盘
14:11:44,61.97,+1.59%,--,26,166451,买盘
14:11:47,61.97,+1.59%,--,15,97541,卖盘
14:11:50,61.97,+1.59%,--,4,25903,卖盘
14:11:56,61.97,+1.59%,--,6,42140,卖盘
14:11:59,61.97,+1.59%,--,43,267277,卖盘
14:12:02,61.97,+1.59%,--,67,416996,卖盘
14:12:05,62.0,+1.64%,+0.03,10,67208,买盘
14:12:08,61.97,+1.59%,-0.03,11,72505,卖盘
14:12:11,62.01,+1.66%,+0.04,5,33423,买盘
14:12:20,62.05,+1.72%,+0.04,45,283010,买盘
14:12:23,61.99,+1.62%,-0.06,4,24796,卖盘
14:12:26,61.98,+1.61%,-0.01,10,65265,卖盘
14:12:31,61.98,+1.61%,--,6,41775,卖盘
14:12:35,62.03,+1.69%,+0.05,8,50306,买盘
14:12:38,62.03,+1.69%,--,7,45716,买盘
14:12:41,62.04,+1.70%,+0.01,38,239847,买盘
14:12:44,62.01,+1.66%,-0.03,17,109882,中性盘
14:12:47,62.01,+1.66%,--,21,130345,卖盘
14:12:50,62.01,+1.66%,--,4,27656,卖盘
14:12:53,62.03,+1.69%,+0.02,5,35915,买盘
14:12:56,62.01,+1.66%,-0.02,56,351473,卖盘
14:12:59,62.03,+1.69%,+0.02,26,161960,买盘
14:13:02,62.01,+1.66%,-0.02,10,63808,卖盘
14:13:05,62.03,+1.69%,+0.02,12,78778,买盘
14:13:08,62.01,+1.66%,-0.02,24,150560,卖盘
14:13:11,62.03,+1.69%,+0.02,3,22703,买盘
14:13:14,62.03,+1.69%,--,22,140312,买盘
14:13:17,62.02,+1.67%,-0.01,12,74796,卖盘
14:13:20,62.04,+1.70%,+0.02,9,55836,买盘
14:13:23,62.04,+1.70%,--,39,243011,买盘
14:13:26,62.06,+1.74%,+0.02,40,251715,买盘
14:13:29,62.04,+1.70%,-0.02,31,194868,卖盘
14:13:32,62.06,+1.74%,+0.02,16,104261,买盘
14:13:35,62.07,+1.75%,+0.01,2,12414,买盘
14:13:38,62.07,+1.75%,--,13,84229,买盘
14:13:44,62.07,+1.75%,--,7,49346,买盘
14:13:50,62.06,+1.74%,-0.01,16,103330,买盘
14:13:53,62.1,+1.80%,+0.04,98,611188,买盘
14:13:56,62.11,+1.82%,+0.01,22,138816,买盘
14:13:59,62.07,+1.75%,-0.04,18,115202,卖盘
14:14:02,62.07,+1.75%,--,60,373723,卖盘
14:14:05,62.07,+1.75%,--,40,253742,卖盘
14:14:08,62.07,+1.75%,--,44,278322,买盘
14:14:11,62.07,+1.75%,--,48,298991,卖盘
14:14:14,62.07,+1.75%,--,17,110609,卖盘
14:14:17,62.05,+1.72%,-0.02,18,117523,卖盘
14:14:20,62.07,+1.75%,+0.02,38,238349,买盘
14:14:23,62.05,+1.72%,-0.02,20,125155,卖盘
14:14:26,62.05,+1.72%,--,33,209977,卖盘
14:14:29,62.07,+1.75%,+0.02,49,305136,买盘
14:14:32,62.07,+1.75%,--,11,69270,买盘
14:14:35,62.01,+1.66%,-0.06,62,389609,卖盘
14:14:38,62.08,+1.77%,+0.07,17,106840,买盘
14:14:41,62.04,+1.70%,-0.04,14,87414,卖盘
14:14:44,62.04,+1.70%,--,25,160497,卖盘
14:14:47,62.0,+1.64%,-0.04,15,94054,卖盘
14:14:50,62.01,+1.66%,+0.01,4,28525,卖盘
14:14:50,62.01,+1.66%,--,4,28525,中性盘
14:14:53,62.01,+1.66%,--,32,200788,卖盘
14:14:56,62.01,+1.66%,--,19,123462,卖盘
14:14:59,62.03,+1.69%,+0.02,23,142855,买盘
14:15:02,62.03,+1.69%,--,7,47267,买盘
14:15:05,62.01,+1.66%,-0.02,6,37206,卖盘
14:15:08,62.01,+1.66%,--,10,62010,卖盘
14:15:11,62.03,+1.69%,+0.02,45,284594,买盘
14:15:14,62.01,+1.66%,-0.02,27,171210,卖盘
14:15:17,62.01,+1.66%,--,7,44151,卖盘
14:15:20,62.04,+1.70%,+0.03,33,205104,买盘
14:15:23,62.02,+1.67%,-0.02,11,74052,卖盘
14:15:26,62.1,+1.80%,+0.08,200,1242000,买盘
14:15:29,62.01,+1.66%,-0.09,89,556912,卖盘
14:15:32,62.02,+1.67%,+0.01,25,158895,买盘
14:15:35,62.01,+1.66%,-0.01,36,227453,卖盘
14:15:38,62.01,+1.66%,--,12,79993,卖盘
14:15:41,62.01,+1.66%,--,36,224538,卖盘
14:15:44,62.02,+1.67%,+0.01,17,109217,买盘
14:15:47,62.01,+1.66%,-0.01,8,50166,卖盘
14:15:50,62.02,+1.67%,+0.01,8,51539,卖盘
14:15:53,62.04,+1.70%,+0.02,7,44731,买盘
14:15:56,62.02,+1.67%,-0.02,3,22389,卖盘
14:15:59,62.04,+1.70%,+0.02,6,37782,买盘
14:16:02,62.04,+1.70%,--,3,18922,买盘
14:16:05,62.04,+1.70%,--,47,291588,买盘
14:16:08,62.03,+1.69%,-0.01,4,29650,中性盘
14:16:11,62.03,+1.69%,--,29,180073,卖盘
14:16:14,62.04,+1.70%,+0.01,6,40202,买盘
14:16:17,62.03,+1.69%,-0.01,7,49314,卖盘
14:16:20,62.04,+1.70%,+0.01,7,49384,买盘
14:16:23,62.04,+1.70%,--,2,12408,买盘
14:16:29,62.05,+1.72%,+0.01,78,484362,买盘
14:16:32,62.07,+1.75%,+0.02,17,106140,买盘
14:16:35,62.09,+1.79%,+0.02,4,24836,中性盘
14:16:38,62.02,+1.67%,-0.07,250,1550500,卖盘
14:16:41,62.02,+1.67%,--,4,28715,卖盘
14:16:44,62.06,+1.74%,+0.04,82,513360,买盘
14:16:47,62.01,+1.66%,-0.05,58,360402,卖盘
14:16:50,62.01,+1.66%,--,51,318297,买盘
14:16:53,62.01,+1.66%,--,41,257217,买盘
14:16:56,62.0,+1.64%,-0.01,25,155000,卖盘
14:16:59,62.04,+1.70%,+0.04,40,253557,买盘
14:17:02,62.03,+1.69%,-0.01,22,142359,中性盘
14:17:05,62.03,+1.69%,--,0,0,买盘
14:17:08,62.0,+1.64%,-0.03,17,108872,卖盘
14:17:11,62.0,+1.64%,--,240,1489860,卖盘
14:17:14,61.99,+1.62%,-0.01,7,45253,买盘
14:17:17,61.97,+1.59%,-0.02,42,264488,卖盘
14:17:20,61.96,+1.57%,-0.01,44,274359,卖盘
14:17:23,61.96,+1.57%,--,8,52542,卖盘
14:17:29,61.96,+1.57%,--,4,27758,卖盘
14:17:32,61.98,+1.61%,+0.02,3,18904,买盘
14:17:35,61.98,+1.61%,--,11,71649,买盘
14:17:38,61.98,+1.61%,--,3,21259,卖盘
14:17:41,61.99,+1.62%,+0.01,14,86786,买盘
14:17:44,61.98,+1.61%,-0.01,10,63468,卖盘
14:17:47,61.99,+1.62%,+0.01,4,26470,买盘
14:17:50,62.0,+1.64%,+0.01,14,89900,买盘
14:17:53,61.96,+1.57%,-0.04,8,50250,卖盘
14:17:56,62.0,+1.64%,+0.04,22,136400,买盘
14:18:02,61.99,+1.62%,-0.01,8,53931,中性盘
14:18:05,61.99,+1.62%,--,51,321170,买盘
14:18:05,61.99,+1.62%,--,51,321170,中性盘
14:18:14,62.0,+1.64%,+0.01,36,227974,买盘
14:18:20,62.01,+1.66%,+0.01,8,53949,中性盘
14:18:23,62.0,+1.64%,-0.01,5,37076,卖盘
14:18:26,61.99,+1.62%,-0.01,23,145738,卖盘
14:18:29,62.01,+1.66%,+0.02,3,18851,买盘
14:18:32,62.03,+1.69%,+0.02,47,295511,买盘
14:18:35,62.01,+1.66%,-0.02,8,51902,卖盘
14:18:38,62.0,+1.64%,-0.01,55,346642,卖盘
14:18:41,62.02,+1.67%,+0.02,0,3907,买盘
14:18:44,62.0,+1.64%,-0.02,41,254820,卖盘
14:18:47,62.0,+1.64%,--,16,101680,卖盘
14:18:50,62.0,+1.64%,--,25,158348,卖盘
14:18:53,62.0,+1.64%,--,3,22816,卖盘
14:18:56,62.0,+1.64%,--,0,0,卖盘
14:18:59,62.0,+1.64%,--,9,59706,卖盘
14:19:02,61.99,+1.62%,-0.01,28,174564,卖盘
14:19:08,61.99,+1.62%,-0.01,16,100300,卖盘
14:19:11,61.99,+1.62%,--,13,81207,卖盘
14:19:14,62.0,+1.64%,+0.01,116,720750,买盘
14:19:17,62.0,+1.64%,--,38,239196,买盘
14:19:20,61.91,+1.49%,-0.09,73,457886,卖盘
14:19:23,61.91,+1.49%,--,37,229686,卖盘
14:19:26,61.91,+1.49%,--,41,254698,卖盘
14:19:29,61.91,+1.49%,--,28,174834,卖盘
14:19:32,61.91,+1.49%,--,7,46061,卖盘
14:19:35,61.91,+1.49%,--,2,16344,卖盘
14:19:41,61.91,+1.49%,--,5,30955,卖盘
14:19:47,61.91,+1.49%,--,28,175020,卖盘
14:19:53,61.9,+1.48%,-0.01,38,236829,卖盘
14:19:56,61.91,+1.49%,+0.01,2,12382,中性盘
14:19:59,61.9,+1.48%,-0.01,5,30950,卖盘
14:20:02,61.93,+1.52%,+0.03,31,192293,买盘
14:20:05,61.96,+1.57%,+0.03,2,12392,买盘
14:20:08,61.95,+1.56%,-0.01,13,86172,买盘
14:20:11,61.95,+1.56%,--,5,30975,卖盘
14:20:14,61.96,+1.57%,+0.01,14,89346,买盘
14:20:17,61.96,+1.57%,--,9,58057,买盘
14:20:20,61.97,+1.59%,+0.01,5,32658,中性盘
14:20:23,61.97,+1.59%,--,4,26151,卖盘
14:20:26,61.97,+1.59%,--,3,22371,卖盘
14:20:29,61.97,+1.59%,--,2,14005,卖盘
14:20:32,61.98,+1.61%,+0.01,13,80884,买盘
14:20:35,61.97,+1.59%,-0.01,18,115636,卖盘
14:20:38,61.97,+1.59%,--,4,26833,卖盘
14:20:41,61.97,+1.59%,--,14,91468,卖盘
14:20:44,61.98,+1.61%,+0.01,13,81876,买盘
14:20:47,61.97,+1.59%,-0.01,11,73992,卖盘
14:20:53,61.97,+1.59%,--,20,128898,买盘
14:20:56,61.95,+1.56%,-0.02,14,90075,卖盘
14:20:59,61.98,+1.61%,+0.03,8,55224,买盘
14:21:02,61.95,+1.56%,-0.03,30,190620,卖盘
14:21:05,61.95,+1.56%,--,4,27878,卖盘
14:21:08,61.98,+1.61%,+0.03,11,72765,买盘
14:21:11,61.96,+1.57%,-0.02,9,61340,卖盘
14:21:14,61.96,+1.57%,--,13,86372,买盘
14:21:17,61.95,+1.56%,-0.01,11,69942,卖盘
14:21:17,61.95,+1.56%,--,11,69942,中性盘
14:21:23,61.95,+1.56%,--,41,257712,卖盘
14:21:26,61.95,+1.56%,--,36,228843,卖盘
14:21:32,61.95,+1.56%,--,18,112501,卖盘
14:21:35,61.94,+1.54%,-0.01,6,43234,卖盘
14:21:37,61.96,+1.57%,+0.02,3,19146,买盘
14:21:41,61.94,+1.54%,-0.02,14,92167,卖盘
14:21:44,61.92,+1.51%,-0.02,11,68112,卖盘
14:21:47,61.91,+1.49%,-0.01,8,49528,卖盘
14:21:50,61.91,+1.49%,--,2,12877,卖盘
14:21:53,61.92,+1.51%,+0.01,57,355049,买盘
14:21:56,61.9,+1.48%,-0.02,14,89322,卖盘
14:21:59,61.9,+1.48%,--,116,721197,卖盘
14:22:02,61.9,+1.48%,--,13,82327,卖盘
14:22:05,61.9,+1.48%,--,36,224078,卖盘
14:22:08,61.95,+1.56%,+0.05,42,260748,买盘
14:22:11,61.95,+1.56%,--,17,108536,卖盘
14:22:14,61.96,+1.57%,+0.01,7,48081,卖盘
14:22:17,61.95,+1.56%,-0.01,7,45905,卖盘
14:22:29,61.95,+1.56%,--,7,49250,买盘
14:22:32,61.92,+1.51%,-0.03,6,38576,卖盘
14:22:35,61.95,+1.56%,+0.03,2,12390,卖盘
14:22:38,61.95,+1.56%,--,2,12390,买盘
14:22:41,61.97,+1.59%,+0.02,25,157342,买盘
14:22:44,61.97,+1.59%,--,17,105349,买盘
14:22:47,61.96,+1.57%,-0.01,12,77636,卖盘
14:22:50,61.96,+1.57%,--,5,32963,卖盘
14:22:53,61.96,+1.57%,--,3,21438,卖盘
14:22:56,61.97,+1.59%,+0.01,5,31605,买盘
14:22:59,61.97,+1.59%,--,24,151145,买盘
14:23:02,61.97,+1.59%,--,7,43689,卖盘
14:23:05,61.96,+1.57%,-0.01,9,55950,卖盘
14:23:08,61.96,+1.57%,--,4,28564,卖盘
14:23:11,61.96,+1.57%,--,8,55206,卖盘
14:23:14,61.98,+1.61%,+0.02,20,125943,买盘
14:23:17,61.96,+1.57%,-0.02,4,26023,卖盘
14:23:20,61.96,+1.57%,--,5,31909,卖盘
14:23:23,61.96,+1.57%,--,0,0,卖盘
14:23:26,61.98,+1.61%,+0.02,6,37188,卖盘
14:23:29,62.0,+1.64%,+0.02,3,18600,买盘
14:23:32,61.97,+1.59%,-0.03,12,76161,卖盘
14:23:35,62.0,+1.64%,+0.03,18,115506,买盘
14:23:38,61.96,+1.57%,-0.04,7,44116,卖盘
14:23:44,61.97,+1.59%,+0.01,4,26771,卖盘
14:23:50,61.99,+1.62%,+0.02,7,45625,买盘
14:23:53,61.97,+1.59%,-0.02,2,18033,卖盘
14:23:59,61.99,+1.62%,+0.02,5,36822,买盘
14:24:02,61.99,+1.62%,--,5,31305,买盘
14:24:05,61.98,+1.61%,-0.01,4,29317,中性盘
14:24:08,61.99,+1.62%,+0.01,13,80835,买盘
14:24:11,61.97,+1.59%,-0.02,3,23115,卖盘
14:24:14,61.98,+1.61%,+0.01,2,12396,卖盘
14:24:23,61.98,+1.61%,--,13,80698,卖盘
14:24:26,61.98,+1.61%,--,3,23181,卖盘
14:24:29,61.98,+1.61%,--,7,43510,卖盘
14:24:32,61.98,+1.61%,--,19,118072,卖盘
14:24:32,61.98,+1.61%,--,19,118072,中性盘
14:24:35,61.98,+1.61%,--,6,40101,卖盘
14:24:38,61.98,+1.61%,--,18,111998,卖盘
14:24:41,61.99,+1.62%,+0.01,9,57899,买盘
14:24:44,61.97,+1.59%,-0.02,18,115636,卖盘
14:24:47,62.0,+1.64%,+0.03,63,393452,买盘
14:24:50,61.96,+1.57%,-0.04,14,91019,卖盘
14:24:53,62.0,+1.64%,+0.04,40,253332,买盘
14:24:56,61.96,+1.57%,-0.04,15,98950,卖盘
14:24:59,61.97,+1.59%,+0.01,18,113901,卖盘
14:25:02,61.96,+1.57%,-0.01,10,66235,卖盘
14:25:05,61.96,+1.57%,--,6,37176,卖盘
14:25:08,61.96,+1.57%,--,4,24784,卖盘
14:25:11,61.96,+1.57%,--,20,126646,卖盘
14:25:17,62.03,+1.69%,+0.07,195,1213679,买盘
14:25:20,62.0,+1.64%,-0.03,91,565068,卖盘
14:25:23,62.01,+1.66%,+0.01,18,117075,买盘
14:25:26,61.98,+1.61%,-0.03,60,376529,中性盘
14:25:29,61.97,+1.59%,-0.01,7,45176,买盘
14:25:32,61.96,+1.57%,-0.01,19,122371,卖盘
14:25:35,61.96,+1.57%,--,28,174541,卖盘
14:25:38,61.97,+1.59%,+0.01,42,265232,买盘
14:25:41,61.96,+1.57%,-0.01,12,77202,卖盘
14:25:44,61.97,+1.59%,+0.01,9,59801,中性盘
14:25:47,61.97,+1.59%,--,27,169302,卖盘
14:25:50,61.95,+1.56%,-0.02,49,305414,卖盘
14:25:53,61.96,+1.57%,+0.01,165,1023269,中性盘
14:25:56,61.93,+1.52%,-0.03,39,247410,卖盘
14:25:59,61.91,+1.49%,-0.02,29,183997,卖盘
14:26:02,61.91,+1.49%,--,10,63705,卖盘
14:26:05,61.9,+1.48%,-0.01,16,103373,卖盘
14:26:08,61.89,+1.46%,-0.01,46,286365,卖盘
14:26:11,61.91,+1.49%,+0.02,42,264975,买盘
14:26:14,61.88,+1.44%,-0.03,23,144490,卖盘
14:26:17,61.88,+1.44%,--,64,399126,卖盘
14:26:23,61.88,+1.44%,--,59,367877,卖盘
14:26:26,61.83,+1.36%,-0.05,21,131327,卖盘
14:26:29,61.89,+1.46%,+0.06,83,516658,买盘
14:26:32,61.94,+1.54%,+0.05,34,216728,买盘
14:26:35,61.88,+1.44%,-0.06,30,188115,卖盘
14:26:38,61.88,+1.44%,--,12,78031,卖盘
14:26:41,61.88,+1.44%,--,21,129948,卖盘
14:26:44,61.89,+1.46%,+0.01,39,246075,中性盘
14:26:47,61.89,+1.46%,--,31,195387,卖盘
14:26:50,61.89,+1.46%,--,46,285313,卖盘
14:26:56,61.89,+1.46%,--,11,71112,卖盘
14:26:59,61.89,+1.46%,--,5,34597,卖盘
14:27:02,61.99,+1.62%,+0.1,25,160492,买盘
14:27:05,61.99,+1.62%,--,26,162910,卖盘
14:27:08,61.9,+1.48%,-0.09,17,107706,中性盘
14:27:14,61.9,+1.48%,--,12,75951,卖盘
14:27:17,62.02,+1.67%,+0.12,215,1339260,买盘
14:27:20,61.92,+1.51%,-0.1,105,650841,卖盘
14:27:23,61.92,+1.51%,--,21,130032,卖盘
14:27:26,61.92,+1.51%,--,30,185822,卖盘
14:27:29,61.9,+1.48%,-0.02,28,177096,卖盘
14:27:32,61.89,+1.46%,-0.01,32,202380,卖盘
14:27:35,61.89,+1.46%,--,42,265941,卖盘
14:27:38,61.88,+1.44%,-0.01,60,377344,卖盘
14:27:41,61.86,+1.41%,-0.02,34,213603,卖盘
14:27:44,61.86,+1.41%,--,65,407843,卖盘
14:27:44,61.86,+1.41%,--,65,407843,中性盘
14:27:47,61.87,+1.43%,+0.01,23,145209,中性盘
14:27:50,61.84,+1.38%,-0.03,40,250885,卖盘
14:27:53,61.84,+1.38%,--,68,426634,卖盘
14:27:56,61.82,+1.34%,-0.02,44,275223,卖盘
14:27:59,61.98,+1.61%,+0.16,51,321304,买盘
14:28:02,61.88,+1.44%,-0.1,170,1051960,卖盘
14:28:08,61.88,+1.44%,--,58,362184,卖盘
14:28:11,61.88,+1.44%,--,43,268435,卖盘
14:28:14,61.88,+1.44%,--,809,5009372,卖盘
14:28:17,61.88,+1.44%,--,70,435759,卖盘
14:28:20,61.83,+1.36%,-0.05,137,849544,卖盘
14:28:23,61.98,+1.61%,+0.15,136,843238,买盘
14:28:26,61.88,+1.44%,-0.1,26,164106,卖盘
14:28:29,61.83,+1.36%,-0.05,26,165581,卖盘
14:28:32,61.97,+1.59%,+0.14,21,131934,买盘
14:28:35,61.89,+1.46%,-0.08,37,230850,中性盘
14:28:38,61.87,+1.43%,-0.02,26,163956,卖盘
14:28:41,61.98,+1.61%,+0.11,12,80264,买盘
14:28:47,61.85,+1.39%,-0.13,7,46449,卖盘
14:28:50,61.85,+1.39%,--,2,13731,卖盘
14:28:56,61.85,+1.39%,--,0,0,卖盘
14:28:59,61.96,+1.57%,+0.11,25,160786,买盘
14:29:02,61.87,+1.43%,-0.09,16,99239,卖盘
14:29:05,61.95,+1.56%,+0.08,12,74650,买盘
14:29:08,61.94,+1.54%,-0.01,8,53268,买盘
14:29:11,61.94,+1.54%,--,18,113722,卖盘
14:29:17,61.95,+1.56%,+0.01,5,30975,买盘
14:29:20,62.0,+1.64%,+0.05,128,793600,买盘
14:29:23,62.09,+1.79%,+0.09,163,1015979,买盘
14:29:26,62.09,+1.79%,--,91,567565,卖盘
14:29:29,62.11,+1.82%,+0.02,196,1218660,买盘
14:29:32,62.0,+1.64%,-0.11,31,195982,卖盘
14:29:35,62.0,+1.64%,--,36,225866,卖盘
14:29:38,62.01,+1.66%,+0.01,10,64428,中性盘
14:29:41,62.01,+1.66%,--,31,193533,卖盘
14:29:44,62.01,+1.66%,--,0,0,卖盘
14:29:47,62.07,+1.75%,+0.06,25,160327,买盘
14:29:50,62.0,+1.64%,-0.07,44,276272,卖盘
14:29:53,62.01,+1.66%,+0.01,32,200664,卖盘
14:29:56,62.0,+1.64%,-0.01,21,133424,卖盘
14:29:59,62.01,+1.66%,+0.01,4,25672,卖盘
14:30:02,62.05,+1.72%,+0.04,8,49640,买盘
14:30:05,62.01,+1.66%,-0.04,6,37206,卖盘
14:30:08,62.05,+1.72%,+0.04,2,12410,买盘
14:30:11,61.99,+1.62%,-0.06,95,588905,卖盘
14:30:14,62.0,+1.64%,+0.01,19,117800,中性盘
14:30:17,61.99,+1.62%,-0.01,36,226697,卖盘
14:30:20,61.99,+1.62%,--,20,123980,卖盘
14:30:23,61.99,+1.62%,--,9,55791,卖盘
14:30:26,62.0,+1.64%,+0.01,4,24800,买盘
14:30:29,61.98,+1.61%,-0.02,137,852969,卖盘
14:30:32,61.98,+1.61%,--,29,182593,卖盘
14:30:35,61.98,+1.61%,--,8,50762,卖盘
14:30:38,61.95,+1.56%,-0.03,11,72482,卖盘
14:30:41,61.94,+1.54%,-0.01,37,230665,卖盘
14:30:47,61.94,+1.54%,--,30,189165,卖盘
14:30:50,61.94,+1.54%,--,11,68753,卖盘
14:30:53,61.94,+1.54%,--,3,24590,卖盘
14:30:53,61.94,+1.54%,--,3,24590,中性盘
14:31:02,61.95,+1.56%,+0.01,5,31285,买盘
14:31:05,61.95,+1.56%,--,12,76322,买盘
14:31:08,61.95,+1.56%,--,17,109590,卖盘
14:31:11,61.94,+1.54%,-0.01,9,56242,卖盘
14:31:14,61.98,+1.61%,+0.04,10,67372,买盘
14:31:17,61.96,+1.57%,-0.02,19,117724,买盘
14:31:20,61.96,+1.57%,--,13,85319,卖盘
14:31:23,61.96,+1.57%,--,15,98702,卖盘
14:31:26,61.99,+1.62%,+0.03,23,147102,买盘
14:31:29,62.0,+1.64%,+0.01,51,321098,买盘
14:31:32,62.0,+1.64%,--,35,217062,买盘
14:31:38,62.0,+1.64%,--,39,247008,买盘
14:31:47,61.99,+1.62%,-0.01,7,46121,卖盘
14:31:50,62.0,+1.64%,+0.01,12,76322,买盘
14:32:02,61.99,+1.62%,-0.01,5,31367,卖盘
14:32:05,61.99,+1.62%,--,2,12398,买盘
14:32:08,62.0,+1.64%,+0.01,31,192262,买盘
14:32:11,61.99,+1.62%,-0.01,92,571858,卖盘
14:32:14,61.99,+1.62%,--,13,81765,卖盘
14:32:17,61.98,+1.61%,-0.01,13,86338,卖盘
14:32:23,61.98,+1.61%,--,16,100841,卖盘
14:32:29,61.98,+1.61%,--,0,0,卖盘
14:32:32,62.0,+1.64%,+0.02,3,18848,买盘
14:32:35,62.0,+1.64%,--,7,45074,买盘
14:32:38,62.04,+1.70%,+0.04,45,279304,买盘
14:32:41,62.02,+1.67%,-0.02,23,145127,卖盘
14:32:44,62.01,+1.66%,-0.01,51,318297,卖盘
14:32:47,62.0,+1.64%,-0.01,19,122512,卖盘
14:32:50,62.02,+1.67%,+0.02,11,70145,中性盘
14:32:53,62.0,+1.64%,-0.02,55,343108,卖盘
14:32:56,62.02,+1.67%,+0.02,25,160694,买盘
14:32:59,62.01,+1.66%,-0.01,93,577065,卖盘
14:33:02,62.05,+1.72%,+0.04,15,93385,买盘
14:33:05,62.01,+1.66%,-0.04,9,55809,卖盘
14:33:08,62.01,+1.66%,--,20,127369,卖盘
14:33:11,62.0,+1.64%,-0.01,22,137330,卖盘
14:33:14,62.01,+1.66%,+0.01,5,32493,中性盘
14:33:17,62.0,+1.64%,-0.01,21,136338,卖盘
14:33:20,62.0,+1.64%,--,8,50778,买盘
14:33:23,61.99,+1.62%,-0.01,6,41099,卖盘
14:33:26,62.0,+1.64%,+0.01,15,98394,买盘
14:33:29,61.99,+1.62%,-0.01,2,17171,中性盘
14:33:32,61.99,+1.62%,--,8,54551,卖盘
14:33:35,62.05,+1.72%,+0.06,176,1095431,买盘
14:33:38,62.02,+1.67%,-0.03,34,212915,卖盘
14:33:41,62.04,+1.70%,+0.02,62,387192,卖盘
14:33:44,62.02,+1.67%,-0.02,16,101961,卖盘
14:33:47,62.02,+1.67%,--,38,236110,卖盘
14:33:53,62.02,+1.67%,--,13,83479,卖盘
14:33:56,62.02,+1.67%,--,8,50174,卖盘
14:33:59,62.02,+1.67%,--,4,28529,卖盘
14:34:02,62.04,+1.70%,+0.02,14,88035,买盘
14:34:08,62.02,+1.67%,-0.02,15,93278,卖盘
14:34:08,62.02,+1.67%,--,15,93278,中性盘
14:34:14,62.03,+1.69%,+0.01,2,12406,买盘
14:34:17,62.02,+1.67%,-0.01,14,88565,卖盘
14:34:20,62.02,+1.67%,--,26,164043,卖盘
14:34:23,62.02,+1.67%,--,15,96193,卖盘
14:34:26,62.01,+1.66%,-0.01,72,448332,卖盘
14:34:29,62.01,+1.66%,--,22,140205,卖盘
14:34:32,62.01,+1.66%,--,34,212694,买盘
14:34:35,62.01,+1.66%,--,19,119245,卖盘
14:34:38,62.0,+1.64%,-0.01,19,117800,卖盘
14:34:41,61.98,+1.61%,-0.02,259,1609063,卖盘
14:34:44,61.98,+1.61%,--,87,541705,卖盘
14:34:47,61.95,+1.56%,-0.03,16,103333,卖盘
14:34:50,61.94,+1.54%,-0.01,82,507908,卖盘
14:34:53,61.94,+1.54%,--,15,96564,卖盘
14:34:56,61.94,+1.54%,--,57,354421,卖盘
14:34:59,61.91,+1.49%,-0.03,41,255812,卖盘
14:35:02,61.95,+1.56%,+0.04,5,31223,买盘
14:35:05,61.9,+1.48%,-0.05,27,168987,卖盘
14:35:08,61.91,+1.49%,+0.01,23,147717,中性盘
14:35:11,61.97,+1.59%,+0.06,10,62404,买盘
14:35:14,61.91,+1.49%,-0.06,15,93917,卖盘
14:35:17,61.99,+1.62%,+0.08,15,93109,买盘
14:35:20,61.95,+1.56%,-0.04,4,27134,中性盘
14:35:23,61.98,+1.61%,+0.03,5,36754,买盘
14:35:26,61.99,+1.62%,+0.01,13,83934,买盘
14:35:29,62.0,+1.64%,+0.01,14,89280,买盘
14:35:32,61.99,+1.62%,-0.01,24,149272,卖盘
14:35:35,61.99,+1.62%,--,6,37938,卖盘
14:35:38,61.99,+1.62%,--,7,45935,买盘
14:35:47,61.99,+1.62%,-0.01,9,56907,卖盘
14:35:50,62.0,+1.64%,+0.01,38,237708,买盘
14:35:53,61.99,+1.62%,-0.01,3,21325,卖盘
14:35:56,61.99,+1.62%,--,3,22254,卖盘
14:35:59,62.0,+1.64%,+0.01,32,199392,买盘
14:36:02,62.0,+1.64%,--,29,184264,买盘
14:36:05,62.0,+1.64%,--,5,31000,买盘
14:36:08,62.0,+1.64%,--,13,83142,买盘
14:36:11,62.0,+1.64%,--,85,532022,买盘
14:36:14,62.02,+1.67%,+0.02,46,288517,买盘
14:36:17,62.0,+1.64%,-0.02,29,180234,卖盘
14:36:20,62.0,+1.64%,--,2,14012,卖盘
14:36:23,62.01,+1.66%,+0.01,38,239049,买盘
14:36:25,61.99,+1.62%,-0.02,3,24672,卖盘
14:36:29,62.0,+1.64%,+0.01,10,66526,买盘
14:36:32,62.0,+1.64%,--,3,18910,买盘
14:36:41,62.0,+1.64%,--,2,12400,买盘
14:36:44,61.99,+1.62%,-0.01,6,37194,卖盘
14:36:47,62.0,+1.64%,+0.01,19,117800,买盘
14:36:53,61.99,+1.62%,-0.01,19,118215,卖盘
14:36:56,61.99,+1.62%,--,3,24052,卖盘
14:37:02,62.0,+1.64%,+0.01,16,100564,买盘
14:37:05,62.0,+1.64%,--,11,73532,买盘
14:37:08,61.99,+1.62%,-0.01,4,25168,卖盘
14:37:11,62.0,+1.64%,+0.01,26,166408,买盘
14:37:17,61.99,+1.62%,-0.01,22,139230,卖盘
14:37:20,61.99,+1.62%,--,29,185598,卖盘
14:37:23,61.99,+1.62%,--,26,163778,卖盘
14:37:26,61.99,+1.62%,--,10,64160,买盘
14:37:26,61.99,+1.62%,--,10,64160,中性盘
14:37:26,61.99,+1.62%,--,10,64160,卖盘
14:37:29,61.98,+1.61%,-0.01,8,50638,卖盘
14:37:32,61.99,+1.62%,+0.01,24,152681,卖盘
14:37:35,61.99,+1.62%,--,16,99184,卖盘
14:37:38,61.99,+1.62%,--,7,47174,卖盘
14:37:41,62.0,+1.64%,+0.01,13,85994,买盘
14:37:44,61.99,+1.62%,-0.01,2,12398,卖盘
14:37:47,61.99,+1.62%,--,25,159376,卖盘
14:37:50,61.99,+1.62%,--,5,35582,卖盘
14:37:56,61.98,+1.61%,-0.01,33,207013,卖盘
14:37:59,61.98,+1.61%,--,2,12396,卖盘
14:38:02,61.99,+1.62%,+0.01,27,172828,买盘
14:38:05,61.97,+1.59%,-0.02,14,92831,卖盘
14:38:08,62.0,+1.64%,+0.03,10,62000,买盘
14:38:14,61.98,+1.61%,-0.02,3,22127,中性盘
14:38:17,61.98,+1.61%,--,29,181230,卖盘
14:38:20,61.99,+1.62%,+0.01,5,30995,买盘
14:38:23,61.99,+1.62%,--,12,77921,买盘
14:38:26,62.0,+1.64%,+0.01,87,544546,买盘
14:38:29,62.01,+1.66%,+0.01,80,500731,买盘
14:38:32,62.01,+1.66%,--,53,330575,卖盘
14:38:35,62.0,+1.64%,-0.01,32,202616,卖盘
14:38:38,61.99,+1.62%,-0.01,5,32421,卖盘
14:38:41,61.98,+1.61%,-0.01,36,225235,卖盘
14:38:44,61.98,+1.61%,--,36,228086,卖盘
14:38:47,61.97,+1.59%,-0.01,15,98718,卖盘
14:38:50,61.97,+1.59%,--,2,12394,卖盘
14:38:53,62.0,+1.64%,+0.03,4,24800,买盘
14:38:56,62.0,+1.64%,--,3,18600,买盘
14:38:59,62.0,+1.64%,--,0,0,买盘
14:39:02,61.97,+1.59%,-0.03,14,91158,卖盘
14:39:05,61.96,+1.57%,-0.01,19,122619,卖盘
14:39:08,61.96,+1.57%,--,33,206203,卖盘
14:39:11,61.95,+1.56%,-0.01,30,187647,卖盘
14:39:14,61.96,+1.57%,+0.01,11,69643,买盘
14:39:17,61.97,+1.59%,+0.01,35,217639,买盘
14:39:20,61.93,+1.52%,-0.04,218,1352551,卖盘
14:39:23,61.93,+1.52%,--,4,25144,卖盘
14:39:26,61.95,+1.56%,+0.02,28,176372,卖盘
14:39:29,61.94,+1.54%,-0.01,63,392823,卖盘
14:39:32,61.94,+1.54%,--,29,179874,卖盘
14:39:35,61.94,+1.54%,--,14,88574,卖盘
14:39:38,61.94,+1.54%,--,21,131561,卖盘
14:39:41,61.94,+1.54%,--,17,105298,买盘
14:39:44,62.0,+1.64%,+0.06,2,12400,买盘
14:39:47,61.94,+1.54%,-0.06,21,131746,卖盘
14:39:50,61.92,+1.51%,-0.02,56,350158,卖盘
14:39:53,61.93,+1.52%,+0.01,14,88870,中性盘
14:39:56,62.02,+1.67%,+0.09,11,68222,买盘
14:39:59,62.0,+1.64%,-0.02,6,37200,买盘
14:40:02,62.0,+1.64%,--,8,54684,买盘
14:40:05,61.94,+1.54%,-0.06,7,43358,卖盘
14:40:08,61.95,+1.56%,+0.01,31,196258,卖盘
14:40:14,61.94,+1.54%,-0.01,13,81265,卖盘
14:40:17,61.96,+1.57%,+0.02,14,89346,卖盘
14:40:20,61.96,+1.57%,--,7,47523,卖盘
14:40:23,61.95,+1.56%,-0.01,42,265084,中性盘
14:40:26,61.95,+1.56%,--,16,104324,卖盘
14:40:29,61.95,+1.56%,--,6,38843,买盘
14:40:32,62.0,+1.64%,+0.05,35,217868,买盘
14:40:35,62.0,+1.64%,--,52,327298,卖盘
14:40:38,61.95,+1.56%,-0.05,40,252137,卖盘
14:40:38,61.95,+1.56%,-0.01,40,252137,中性盘
14:40:41,61.94,+1.54%,-0.01,65,405335,卖盘
14:40:44,61.94,+1.54%,--,17,106537,卖盘
14:40:47,61.94,+1.54%,--,11,68444,卖盘
14:40:50,61.94,+1.54%,--,2,12388,卖盘
14:40:53,61.99,+1.62%,+0.05,41,259924,买盘
14:40:59,61.93,+1.52%,-0.06,11,72334,卖盘
14:41:02,61.94,+1.54%,+0.01,40,248070,买盘
14:41:05,61.94,+1.54%,--,91,564583,买盘
14:41:08,61.94,+1.54%,--,44,275881,卖盘
14:41:11,61.92,+1.51%,-0.02,47,292077,卖盘
14:41:14,61.93,+1.52%,+0.01,7,43351,中性盘
14:41:17,62.0,+1.64%,+0.07,24,152830,买盘
14:41:20,62.0,+1.64%,--,10,62000,买盘
14:41:23,61.93,+1.52%,-0.07,7,47005,卖盘
14:41:26,61.93,+1.52%,--,75,466333,卖盘
14:41:29,61.93,+1.52%,--,6,40874,买盘
14:41:32,61.93,+1.52%,--,19,117667,卖盘
14:41:35,61.93,+1.52%,--,21,132282,买盘
14:41:38,62.0,+1.64%,+0.07,22,141422,买盘
14:41:41,61.99,+1.62%,-0.01,13,81207,中性盘
14:41:44,61.93,+1.52%,-0.06,11,74130,卖盘
14:41:47,61.92,+1.51%,-0.01,39,244398,卖盘
14:41:50,61.95,+1.56%,+0.03,30,187894,买盘
14:41:53,61.99,+1.62%,+0.04,4,27462,买盘
14:41:56,61.91,+1.49%,-0.08,11,68720,卖盘
14:41:59,61.92,+1.51%,+0.01,26,161611,买盘
14:42:02,62.0,+1.64%,+0.08,441,2738664,买盘
14:42:05,61.99,+1.62%,-0.01,95,589463,卖盘
14:42:08,61.91,+1.49%,-0.08,10,65563,卖盘
14:42:11,61.91,+1.49%,--,23,143507,卖盘
14:42:14,61.99,+1.62%,+0.08,131,813309,买盘
14:42:17,61.99,+1.62%,--,16,102655,买盘
14:42:20,62.01,+1.66%,+0.02,239,1482721,买盘
14:42:23,61.93,+1.52%,-0.08,317,1967702,卖盘
14:42:26,61.92,+1.51%,-0.01,13,80991,卖盘
14:42:29,61.91,+1.49%,-0.01,17,110757,卖盘
14:42:32,62.01,+1.66%,+0.1,88,546432,买盘
14:42:35,61.88,+1.44%,-0.13,106,658218,卖盘
14:42:38,61.91,+1.49%,+0.03,99,613838,买盘
14:42:41,62.01,+1.66%,+0.1,70,437977,买盘
14:42:44,61.91,+1.49%,-0.1,40,252840,卖盘
14:42:47,61.92,+1.51%,+0.01,7,43716,中性盘
14:42:50,61.9,+1.48%,-0.02,21,133766,卖盘
14:42:53,61.92,+1.51%,+0.02,3,23034,卖盘
14:42:56,62.0,+1.64%,+0.08,70,438402,买盘
14:42:59,61.97,+1.59%,-0.03,468,2901064,卖盘
14:43:02,61.9,+1.48%,-0.07,95,589102,卖盘
14:43:05,61.87,+1.43%,-0.03,81,506777,卖盘
14:43:08,61.88,+1.44%,+0.01,124,771953,卖盘
14:43:11,61.99,+1.62%,+0.11,34,212316,买盘
14:43:14,61.88,+1.44%,-0.11,55,344733,卖盘
14:43:17,61.87,+1.43%,-0.01,47,291717,卖盘
14:43:20,61.88,+1.44%,+0.01,34,215095,中性盘
14:43:23,61.88,+1.44%,--,48,301356,卖盘
14:43:26,61.88,+1.44%,--,8,51113,卖盘
14:43:29,62.0,+1.64%,+0.12,14,87792,买盘
14:43:32,61.89,+1.46%,-0.11,11,69564,卖盘
14:43:35,61.89,+1.46%,--,0,0,卖盘
14:43:38,61.99,+1.62%,+0.1,37,232772,卖盘
14:43:41,61.85,+1.39%,-0.14,25,157223,卖盘
14:43:44,61.85,+1.39%,--,21,132112,卖盘
14:43:47,61.85,+1.39%,--,2,12370,卖盘
14:43:50,61.97,+1.59%,+0.12,11,71885,买盘
14:43:53,61.87,+1.43%,-0.1,12,75605,卖盘
14:43:53,61.87,+1.43%,--,12,75605,中性盘
14:43:53,61.87,+1.43%,--,12,75605,卖盘
14:43:56,61.98,+1.61%,+0.11,39,241722,买盘
14:43:59,61.88,+1.44%,-0.1,3,21720,卖盘
14:44:02,61.88,+1.44%,--,15,93686,卖盘
14:44:05,61.99,+1.62%,+0.11,20,129497,买盘
14:44:08,61.86,+1.41%,-0.13,456,2825394,卖盘
14:44:11,62.0,+1.64%,+0.14,304,1889264,买盘
14:44:14,62.0,+1.64%,--,219,1359722,卖盘
14:44:17,61.92,+1.51%,-0.08,10,66874,卖盘
14:44:20,61.86,+1.41%,-0.06,5,33404,卖盘
14:44:23,61.88,+1.44%,+0.02,3,22524,卖盘
14:44:29,61.88,+1.44%,--,2,12376,卖盘
14:44:32,61.87,+1.43%,-0.01,10,62303,卖盘
14:44:35,62.0,+1.64%,+0.13,121,753734,买盘
14:44:38,61.99,+1.62%,-0.01,85,533052,买盘
14:44:41,62.0,+1.64%,+0.01,99,614978,买盘
14:44:44,61.88,+1.44%,-0.12,98,608899,卖盘
14:44:47,62.0,+1.64%,+0.12,120,749270,买盘
14:44:50,61.99,+1.62%,-0.01,56,349190,中性盘
14:44:53,61.88,+1.44%,-0.11,54,339288,卖盘
14:44:56,62.01,+1.66%,+0.13,33,205935,买盘
14:44:59,61.99,+1.62%,-0.02,42,261226,中性盘
14:45:02,61.99,+1.62%,--,45,281001,卖盘
14:45:05,61.99,+1.62%,--,32,203637,卖盘
14:45:08,61.99,+1.62%,--,11,73582,卖盘
14:45:11,61.99,+1.62%,--,13,86042,卖盘
14:45:14,61.99,+1.62%,--,0,0,买盘
14:45:17,61.89,+1.46%,-0.1,8,51554,卖盘
14:45:20,61.89,+1.46%,--,6,40229,卖盘
14:45:23,61.89,+1.46%,--,3,21352,卖盘
14:45:26,61.89,+1.46%,--,1,12007,卖盘
14:45:32,61.97,+1.59%,+0.08,4,24788,买盘
14:45:35,61.97,+1.59%,--,66,411667,买盘
14:45:38,61.95,+1.56%,-0.02,7,43365,卖盘
14:45:44,61.95,+1.56%,--,5,31347,卖盘
14:45:50,61.9,+1.48%,-0.05,16,100092,卖盘
14:45:53,61.89,+1.46%,-0.01,21,131764,卖盘
14:45:56,61.87,+1.43%,-0.02,67,415333,卖盘
14:45:59,61.95,+1.56%,+0.08,59,366558,买盘
14:46:02,61.87,+1.43%,-0.08,51,317764,卖盘
14:46:05,61.87,+1.43%,--,39,245253,卖盘
14:46:08,61.85,+1.39%,-0.02,75,463999,卖盘
14:46:11,61.88,+1.44%,+0.03,6,37128,中性盘
14:46:14,61.87,+1.43%,-0.01,15,92929,卖盘
14:46:17,61.85,+1.39%,-0.02,23,146708,卖盘
14:46:20,61.85,+1.39%,--,6,40079,卖盘
14:46:23,61.85,+1.39%,--,16,98960,卖盘
14:46:29,61.94,+1.54%,+0.09,6,42429,买盘
14:46:32,61.98,+1.61%,+0.04,25,155322,买盘
14:46:35,61.85,+1.39%,-0.13,31,194889,卖盘
14:46:38,61.84,+1.38%,-0.01,32,198135,卖盘
14:46:41,61.85,+1.39%,+0.01,3,18555,中性盘
14:46:44,61.97,+1.59%,+0.12,16,99152,买盘
14:46:47,61.85,+1.39%,-0.12,8,51583,卖盘
14:46:50,61.85,+1.39%,--,12,80281,卖盘
14:46:53,61.85,+1.39%,--,41,253894,买盘
14:46:56,61.98,+1.61%,+0.13,7,44068,买盘
14:46:59,61.95,+1.56%,-0.03,19,123219,卖盘
14:47:05,61.94,+1.54%,-0.04,12,77673,中性盘
14:47:05,61.94,+1.54%,--,12,77673,中性盘
14:47:08,61.95,+1.56%,+0.01,10,66101,买盘
14:47:11,61.95,+1.56%,--,14,91128,卖盘
14:47:14,61.95,+1.56%,--,4,24904,卖盘
14:47:17,61.99,+1.62%,+0.04,44,275979,买盘
14:47:20,61.99,+1.62%,--,16,104205,卖盘
14:47:26,61.99,+1.62%,--,29,182561,卖盘
14:47:29,61.99,+1.62%,--,2,12398,卖盘
14:47:32,61.99,+1.62%,--,12,77983,卖盘
14:47:35,61.99,+1.62%,--,21,133774,卖盘
14:47:38,62.0,+1.64%,+0.01,52,327422,买盘
14:47:41,61.99,+1.62%,-0.01,4,27276,卖盘
14:47:44,61.99,+1.62%,--,28,177725,卖盘
14:47:47,61.99,+1.62%,--,3,21820,卖盘
14:47:50,61.99,+1.62%,--,19,119703,卖盘
14:47:53,61.99,+1.62%,--,8,51824,卖盘
14:47:56,61.99,+1.62%,--,37,235252,卖盘
14:47:59,62.0,+1.64%,+0.01,76,473556,买盘
14:48:02,62.0,+1.64%,--,13,81592,卖盘
14:48:05,62.0,+1.64%,--,30,191828,卖盘
14:48:08,62.0,+1.64%,--,6,37200,卖盘
14:48:11,62.0,+1.64%,--,32,200880,卖盘
14:48:14,62.0,+1.64%,--,12,76632,卖盘
14:48:17,62.0,+1.64%,--,13,80600,卖盘
14:48:20,62.02,+1.67%,+0.02,13,83789,买盘
14:48:23,62.02,+1.67%,--,13,80626,买盘
14:48:26,61.99,+1.62%,-0.03,50,315467,卖盘
14:48:29,61.99,+1.62%,--,32,200972,卖盘
14:48:32,61.99,+1.62%,--,33,205683,卖盘
14:48:35,61.99,+1.62%,--,16,101106,卖盘
14:48:38,61.99,+1.62%,--,17,109722,卖盘
14:48:41,61.99,+1.62%,--,13,85794,卖盘
14:48:44,62.02,+1.67%,+0.03,77,477554,买盘
14:48:47,61.99,+1.62%,-0.03,31,196880,卖盘
14:48:50,61.99,+1.62%,--,65,405105,卖盘
14:48:56,61.98,+1.61%,-0.01,12,78467,卖盘
14:48:59,61.97,+1.59%,-0.01,3,20822,卖盘
14:49:02,61.97,+1.59%,--,5,31295,买盘
14:49:05,61.96,+1.57%,-0.01,17,105952,卖盘
14:49:08,61.95,+1.56%,-0.01,4,24780,卖盘
14:49:11,61.94,+1.54%,-0.01,6,37164,卖盘
14:49:14,61.96,+1.57%,+0.02,16,100375,买盘
14:49:17,61.95,+1.56%,-0.01,27,172779,卖盘
14:49:20,61.95,+1.56%,--,2,13071,卖盘
14:49:23,61.94,+1.54%,-0.01,5,33324,卖盘
14:49:26,61.95,+1.56%,+0.01,37,230268,买盘
14:49:32,61.95,+1.56%,--,19,119873,卖盘
14:49:38,61.95,+1.56%,--,2,12390,卖盘
14:49:44,61.99,+1.62%,+0.04,22,137804,买盘
14:49:47,61.92,+1.51%,-0.07,27,168732,卖盘
14:49:50,61.95,+1.56%,+0.03,4,27816,买盘
14:49:53,61.92,+1.51%,-0.03,6,41115,卖盘
14:49:56,61.9,+1.48%,-0.02,11,72918,卖盘
14:49:59,61.9,+1.48%,--,15,94583,卖盘
14:50:02,61.89,+1.46%,-0.01,14,91845,中性盘
14:50:05,61.88,+1.44%,-0.01,3,23948,卖盘
14:50:08,61.9,+1.48%,+0.02,152,945151,买盘
14:50:11,61.9,+1.48%,--,5,30950,卖盘
14:50:14,61.9,+1.48%,--,12,74280,卖盘
14:50:17,61.93,+1.52%,+0.03,23,144421,买盘
14:50:20,61.93,+1.52%,--,94,584248,中性盘
14:50:20,61.93,+1.52%,--,94,584248,买盘
14:50:23,61.94,+1.54%,+0.01,20,129269,买盘
14:50:26,61.9,+1.48%,-0.04,19,120953,卖盘
14:50:29,61.9,+1.48%,--,55,343855,卖盘
14:50:32,61.9,+1.48%,--,26,165149,卖盘
14:50:35,61.94,+1.54%,+0.04,80,500661,买盘
14:50:38,61.95,+1.56%,+0.01,34,212674,买盘
14:50:41,61.9,+1.48%,-0.05,32,203094,卖盘
14:50:44,61.95,+1.56%,+0.05,29,183620,买盘
14:50:47,61.9,+1.48%,-0.05,18,117053,卖盘
14:50:50,61.9,+1.48%,--,33,210089,买盘
14:50:53,61.95,+1.56%,+0.05,16,99306,买盘
14:50:56,61.91,+1.49%,-0.04,13,83145,中性盘
14:50:59,61.95,+1.56%,+0.04,6,42188,买盘
14:51:02,61.9,+1.48%,-0.05,16,102135,卖盘
14:51:05,61.95,+1.56%,+0.05,41,258827,买盘
14:51:08,62.0,+1.64%,+0.05,161,999812,买盘
14:51:11,61.99,+1.62%,-0.01,2,12398,买盘
14:51:14,61.95,+1.56%,-0.04,56,351133,中性盘
14:51:17,61.95,+1.56%,--,56,349956,卖盘
14:51:20,61.95,+1.56%,--,27,167451,卖盘
14:51:23,61.95,+1.56%,--,10,61950,买盘
14:51:26,61.92,+1.51%,-0.03,28,177277,卖盘
14:51:29,61.91,+1.49%,-0.01,23,147222,卖盘
14:51:32,61.95,+1.56%,+0.04,19,119625,买盘
14:51:35,61.94,+1.54%,-0.01,6,39456,中性盘
14:51:38,62.0,+1.64%,+0.06,107,665756,买盘
14:51:41,61.92,+1.51%,-0.08,8,53127,卖盘
14:51:44,61.9,+1.48%,-0.02,28,173691,卖盘
14:51:47,61.9,+1.48%,--,4,27174,卖盘
14:51:50,61.99,+1.62%,+0.09,2,12398,买盘
14:51:56,61.91,+1.49%,-0.08,2,12382,卖盘
14:51:59,61.92,+1.51%,+0.01,35,216720,卖盘
14:52:02,61.92,+1.51%,--,28,174305,卖盘
14:52:05,61.92,+1.51%,--,6,38638,卖盘
14:52:08,61.92,+1.51%,--,7,43344,卖盘
14:52:11,61.92,+1.51%,--,0,4334,卖盘
14:52:14,61.89,+1.46%,-0.03,159,989621,卖盘
14:52:17,61.88,+1.44%,-0.01,49,308534,卖盘
14:52:20,62.0,+1.64%,+0.12,258,1604498,买盘
14:52:23,62.0,+1.64%,--,39,244838,卖盘
14:52:26,62.0,+1.64%,--,55,346084,卖盘
14:52:29,62.02,+1.67%,+0.02,49,306999,买盘
14:52:32,61.99,+1.62%,-0.03,4,24796,中性盘
14:52:38,61.94,+1.54%,-0.05,20,123942,卖盘
14:52:41,62.0,+1.64%,+0.06,20,124000,买盘
14:52:44,61.95,+1.56%,-0.05,44,272580,卖盘
14:52:50,61.99,+1.62%,+0.04,2,12398,买盘
14:52:53,61.95,+1.56%,-0.04,11,68765,卖盘
14:52:56,61.99,+1.62%,+0.04,24,148776,买盘
14:53:02,61.95,+1.56%,-0.04,20,125697,卖盘
14:53:05,61.94,+1.54%,-0.01,33,210534,卖盘
14:53:08,61.91,+1.49%,-0.03,49,305402,卖盘
14:53:11,61.9,+1.48%,-0.01,87,541996,卖盘
14:53:14,61.9,+1.48%,--,59,371338,买盘
14:53:17,61.88,+1.44%,-0.02,84,521525,卖盘
14:53:20,61.9,+1.48%,+0.02,25,157102,买盘
14:53:23,61.9,+1.48%,--,10,66357,买盘
14:53:26,61.9,+1.48%,--,2,12380,买盘
14:53:29,61.87,+1.43%,-0.03,8,49496,卖盘
14:53:32,61.87,+1.43%,--,18,112108,卖盘
14:53:32,61.87,+1.43%,--,18,112108,中性盘
14:53:35,61.88,+1.44%,+0.01,13,80444,买盘
14:53:38,61.88,+1.44%,--,33,207422,卖盘
14:53:41,61.91,+1.49%,+0.03,35,219161,买盘
14:53:44,61.88,+1.44%,-0.03,9,60024,卖盘
14:53:47,61.88,+1.44%,--,15,96038,卖盘
14:53:50,61.91,+1.49%,+0.03,13,84198,买盘
14:53:53,61.91,+1.49%,--,0,0,卖盘
14:53:56,61.91,+1.49%,--,2,12382,卖盘
14:53:59,61.91,+1.49%,--,19,119362,卖盘
14:54:02,61.92,+1.51%,+0.01,13,85759,中性盘
14:54:05,61.95,+1.56%,+0.03,38,240490,买盘
14:54:08,61.95,+1.56%,--,9,61083,卖盘
14:54:11,61.98,+1.61%,+0.03,4,24792,买盘
14:54:14,61.95,+1.56%,-0.03,3,18585,卖盘
14:54:20,61.91,+1.49%,-0.04,21,135397,卖盘
14:54:23,62.0,+1.64%,+0.09,47,292082,买盘
14:54:26,61.92,+1.51%,-0.08,7,43344,卖盘
14:54:29,61.92,+1.51%,--,2,12384,卖盘
14:54:32,61.96,+1.57%,+0.04,26,161096,买盘
14:54:35,61.96,+1.57%,--,11,73980,买盘
14:54:38,61.96,+1.57%,--,9,55764,买盘
14:54:41,61.96,+1.57%,--,26,161096,买盘
14:54:44,61.95,+1.56%,-0.01,15,93235,卖盘
14:54:47,61.96,+1.57%,+0.01,29,181543,买盘
14:54:50,61.96,+1.57%,--,2,12392,买盘
14:54:53,61.93,+1.52%,-0.03,10,61930,卖盘
14:54:56,61.93,+1.52%,--,2,12386,卖盘
14:54:59,61.94,+1.54%,+0.01,6,37536,卖盘
14:55:02,61.96,+1.57%,+0.02,2,12392,买盘
14:55:05,61.97,+1.59%,+0.01,62,386383,买盘
14:55:08,62.0,+1.64%,+0.03,103,642630,买盘
14:55:11,62.0,+1.64%,--,108,673878,买盘
14:55:14,62.0,+1.64%,--,4,24800,买盘
14:55:17,61.94,+1.54%,-0.06,29,182785,卖盘
14:55:20,61.94,+1.54%,--,1,8672,卖盘
14:55:23,61.93,+1.52%,-0.01,25,160151,卖盘
14:55:26,61.94,+1.54%,+0.01,14,86716,买盘
14:55:29,61.93,+1.52%,-0.01,45,280357,卖盘
14:55:32,61.93,+1.52%,--,20,128009,卖盘
14:55:35,61.94,+1.54%,+0.01,14,91176,买盘
14:55:38,62.0,+1.64%,+0.06,14,87606,买盘
14:55:41,61.98,+1.61%,-0.02,2,12396,中性盘
14:55:44,61.98,+1.61%,--,4,24792,买盘
14:55:47,61.98,+1.61%,--,0,5392,买盘
14:55:50,61.95,+1.56%,-0.03,67,420331,卖盘
14:55:53,61.97,+1.59%,+0.02,26,161122,卖盘
14:55:56,61.95,+1.56%,-0.02,15,98315,卖盘
14:55:59,61.97,+1.59%,+0.02,32,201712,买盘
14:56:02,61.99,+1.62%,+0.02,2,12398,中性盘
14:56:05,61.97,+1.59%,-0.02,14,92211,卖盘
14:56:08,61.97,+1.59%,--,13,83412,卖盘
14:56:11,61.99,+1.62%,+0.02,6,38682,买盘
14:56:14,61.95,+1.56%,-0.04,6,37480,卖盘
14:56:17,61.97,+1.59%,+0.02,29,181572,买盘
14:56:20,61.95,+1.56%,-0.02,112,694893,卖盘
14:56:23,61.99,+1.62%,+0.04,22,139539,买盘
14:56:26,61.97,+1.59%,-0.02,62,388552,卖盘
14:56:29,61.99,+1.62%,+0.02,48,300961,买盘
14:56:32,61.99,+1.62%,--,11,69553,卖盘
14:56:38,61.99,+1.62%,--,9,60750,卖盘
14:56:41,62.0,+1.64%,+0.01,2,12400,买盘
14:56:44,61.99,+1.62%,-0.01,8,49592,卖盘
14:56:47,61.97,+1.59%,-0.02,18,113343,卖盘
14:56:47,61.97,+1.59%,--,18,113343,中性盘
14:56:47,61.97,+1.59%,--,18,113343,卖盘
14:56:50,61.99,+1.62%,+0.02,7,46988,买盘
14:56:53,61.97,+1.59%,-0.02,8,54720,卖盘
14:56:56,61.97,+1.59%,--,49,306132,卖盘
14:56:59,61.97,+1.59%,--,151,940333,卖盘
14:57:02,61.97,+1.59%,--,16,99710,卖盘
14:59:49,61.97,+1.59%,--,0,0,买盘
15:00:01,61.97,+1.59%,--,1043,6466879,买盘
15:00:01,61.97,+1.59%,--,0,0,卖盘
