成交时间,成交价,涨跌幅,价格变动,成交量(手),成交额(元),性质
09:21:57,0.0,-100.00%,--,0,0,中性盘
09:24:15,0.0,-100.00%,--,0,0,卖盘
09:25:00,61.4,-0.15%,+61.4,337,2069978,卖盘
09:25:00,61.4,-0.15%,--,337,2069978,--
09:25:00,61.4,-0.15%,-0.19,337,2069978,中性盘
09:30:00,61.21,-0.46%,-0.19,7,43275,卖盘
09:30:03,61.29,-0.33%,+0.08,71,438775,中性盘
09:30:06,61.28,-0.34%,-0.01,149,913072,中性盘
09:30:09,61.22,-0.44%,-0.06,185,1134468,卖盘
09:30:12,61.15,-0.55%,-0.07,83,512192,卖盘
09:30:15,61.11,-0.62%,-0.04,175,1073764,卖盘
09:30:18,61.11,-0.62%,--,108,662738,卖盘
09:30:21,61.0,-0.80%,-0.11,82,503982,卖盘
09:30:24,60.91,-0.94%,-0.09,121,737620,卖盘
09:30:27,61.0,-0.80%,+0.09,338,2063752,买盘
09:30:30,60.98,-0.83%,-0.02,51,311547,买盘
09:30:33,60.86,-1.02%,-0.12,59,359743,卖盘
09:30:36,60.85,-1.04%,-0.01,97,594748,卖盘
09:30:39,60.86,-1.02%,+0.01,211,1287006,中性盘
09:30:42,60.93,-0.91%,+0.07,112,685158,中性盘
09:30:45,61.01,-0.78%,+0.08,52,317984,中性盘
09:30:48,61.0,-0.80%,-0.01,165,1011197,卖盘
09:30:51,60.98,-0.83%,-0.02,78,475644,中性盘
09:30:54,61.02,-0.76%,+0.04,140,859284,中性盘
09:30:57,61.02,-0.76%,--,122,748349,买盘
09:31:00,60.98,-0.83%,-0.04,16,101532,卖盘
09:31:03,60.99,-0.81%,+0.01,95,583735,买盘
09:31:06,60.93,-0.91%,-0.06,55,337613,卖盘
09:31:09,60.94,-0.89%,+0.01,44,271610,买盘
09:31:12,60.88,-0.99%,-0.06,156,955025,卖盘
09:31:15,60.96,-0.86%,+0.08,62,377952,买盘
09:31:18,60.9,-0.96%,-0.06,57,351576,卖盘
09:31:21,61.08,-0.67%,+0.18,166,1017104,买盘
09:31:24,61.05,-0.72%,-0.03,103,630158,中性盘
09:31:27,60.96,-0.86%,-0.09,17,104729,中性盘
09:31:30,60.94,-0.89%,-0.02,91,557723,卖盘
09:31:33,60.95,-0.88%,+0.01,96,585973,买盘
09:31:36,60.96,-0.86%,+0.01,9,58095,卖盘
09:31:39,61.03,-0.75%,+0.07,43,266762,中性盘
09:31:42,60.9,-0.96%,-0.13,219,1337181,卖盘
09:31:45,61.0,-0.80%,+0.1,109,670634,买盘
09:31:48,60.94,-0.89%,-0.06,27,170144,卖盘
09:31:48,60.94,-0.89%,--,27,170144,中性盘
09:31:48,60.94,-0.89%,--,27,170144,卖盘
09:31:51,60.94,-0.89%,--,6,39063,卖盘
09:31:54,60.95,-0.88%,+0.01,46,281101,卖盘
09:31:57,61.0,-0.80%,+0.05,102,627324,买盘
09:32:00,60.93,-0.91%,-0.07,54,329570,中性盘
09:32:03,60.88,-0.99%,-0.05,78,480221,卖盘
09:32:06,60.89,-0.98%,+0.01,17,106436,中性盘
09:32:09,60.94,-0.89%,+0.05,12,73128,买盘
09:32:12,60.85,-1.04%,-0.09,102,624686,卖盘
09:32:15,60.85,-1.04%,--,95,580874,卖盘
09:32:18,60.83,-1.07%,-0.02,96,585550,卖盘
09:32:21,60.83,-1.07%,--,43,265949,卖盘
09:32:24,60.83,-1.07%,--,105,643703,买盘
09:32:27,60.84,-1.06%,+0.01,66,404890,买盘
09:32:30,60.99,-0.81%,+0.15,134,817266,买盘
09:32:33,60.83,-1.07%,-0.16,51,310355,卖盘
09:32:36,60.86,-1.02%,+0.03,59,364856,中性盘
09:32:39,60.85,-1.04%,-0.01,51,313743,买盘
09:32:42,60.87,-1.01%,+0.02,31,190949,买盘
09:32:45,60.87,-1.01%,--,146,891137,卖盘
09:32:48,60.84,-1.06%,-0.03,11,70392,卖盘
09:32:51,60.85,-1.04%,+0.01,21,129002,卖盘
09:32:54,60.87,-1.01%,+0.02,42,261376,买盘
09:32:57,60.88,-0.99%,+0.01,104,636561,买盘
09:33:00,60.85,-1.04%,-0.03,35,214192,买盘
09:33:03,60.84,-1.06%,-0.01,48,292762,卖盘
09:33:06,60.84,-1.06%,--,26,159462,卖盘
09:33:09,60.85,-1.04%,+0.01,74,453576,卖盘
09:33:12,60.85,-1.04%,--,10,63041,中性盘
09:33:15,60.85,-1.04%,--,11,72107,卖盘
09:33:18,60.85,-1.04%,--,52,317637,买盘
09:33:21,60.86,-1.02%,+0.01,16,102245,买盘
09:33:24,60.88,-0.99%,+0.02,113,693910,买盘
09:33:27,60.9,-0.96%,+0.02,75,460160,买盘
09:33:30,60.9,-0.96%,--,17,107062,卖盘
09:33:33,60.89,-0.98%,-0.01,62,380441,卖盘
09:33:36,60.89,-0.98%,--,0,0,卖盘
09:33:39,61.0,-0.80%,+0.11,11,67832,买盘
09:33:42,60.98,-0.83%,-0.02,11,67078,买盘
09:33:45,60.97,-0.85%,-0.01,10,60970,中性盘
09:33:48,60.97,-0.85%,--,80,492881,买盘
09:33:51,60.88,-0.99%,-0.09,75,456600,卖盘
09:33:54,60.87,-1.01%,-0.01,32,195575,卖盘
09:33:57,60.87,-1.01%,--,29,176645,买盘
09:34:00,60.82,-1.09%,-0.05,201,1226983,卖盘
09:34:03,60.81,-1.11%,-0.01,11,68168,卖盘
09:34:06,60.81,-1.11%,--,85,518953,买盘
09:34:09,60.81,-1.11%,--,50,304050,买盘
09:34:12,60.81,-1.11%,--,20,123079,买盘
09:34:15,60.76,-1.19%,-0.05,35,212903,卖盘
09:34:18,60.71,-1.27%,-0.05,160,972089,卖盘
09:34:21,60.8,-1.12%,+0.09,66,402982,买盘
09:34:24,60.72,-1.25%,-0.08,148,903939,卖盘
09:34:27,60.76,-1.19%,+0.04,98,597332,中性盘
09:34:30,60.72,-1.25%,-0.04,74,453153,卖盘
09:34:33,60.79,-1.14%,+0.07,17,103343,中性盘
09:34:36,60.79,-1.14%,--,6,40182,卖盘
09:34:39,60.79,-1.14%,--,50,307050,卖盘
09:34:42,60.77,-1.17%,-0.02,57,347787,卖盘
09:34:45,60.76,-1.19%,-0.01,24,145824,卖盘
09:34:48,60.8,-1.12%,+0.04,36,218880,买盘
09:34:51,60.77,-1.17%,-0.03,17,107320,中性盘
09:34:54,60.77,-1.17%,--,27,164383,卖盘
09:34:57,60.76,-1.19%,-0.01,40,247475,卖盘
09:35:00,60.76,-1.19%,--,56,344995,卖盘
09:35:03,60.74,-1.22%,-0.02,80,491873,中性盘
09:35:06,60.67,-1.33%,-0.07,130,794656,卖盘
09:35:09,60.63,-1.40%,-0.04,169,1029497,卖盘
09:35:12,60.64,-1.38%,+0.01,47,285796,中性盘
09:35:12,60.64,-1.38%,--,47,285796,中性盘
09:35:12,60.64,-1.38%,--,47,285796,买盘
09:35:15,60.63,-1.40%,-0.01,50,303150,中性盘
09:35:18,60.6,-1.45%,-0.03,48,291547,卖盘
09:35:21,60.6,-1.45%,--,107,649147,卖盘
09:35:24,60.53,-1.56%,-0.07,134,814371,卖盘
09:35:27,60.6,-1.45%,+0.07,65,399112,买盘
09:35:30,60.54,-1.54%,-0.06,118,718852,卖盘
09:35:33,60.52,-1.58%,-0.02,72,436652,卖盘
09:35:36,60.52,-1.58%,--,62,380550,卖盘
09:35:39,60.53,-1.56%,+0.01,192,1166837,买盘
09:35:42,60.54,-1.54%,+0.01,86,526577,买盘
09:35:45,60.51,-1.59%,-0.03,59,359308,卖盘
09:35:48,60.55,-1.53%,+0.04,75,454670,买盘
09:35:51,60.52,-1.58%,-0.03,74,449179,卖盘
09:35:54,60.51,-1.59%,-0.01,57,346722,卖盘
09:35:57,60.51,-1.59%,--,25,151275,卖盘
09:36:00,60.52,-1.58%,+0.01,315,1909830,买盘
09:36:03,60.51,-1.59%,-0.01,25,152848,卖盘
09:36:06,60.56,-1.51%,+0.05,222,1347763,买盘
09:36:09,60.54,-1.54%,-0.02,62,377346,卖盘
09:36:12,60.55,-1.53%,+0.01,22,135753,买盘
09:36:15,60.55,-1.53%,--,91,554880,买盘
09:36:18,60.6,-1.45%,+0.05,74,451894,买盘
09:36:21,60.54,-1.54%,-0.06,91,553336,卖盘
09:36:24,60.56,-1.51%,+0.02,57,346040,买盘
09:36:27,60.56,-1.51%,--,46,281786,卖盘
09:36:30,60.53,-1.56%,-0.03,140,852141,卖盘
09:36:33,60.51,-1.59%,-0.02,91,550702,卖盘
09:36:36,60.56,-1.51%,+0.05,77,469582,买盘
09:36:39,60.52,-1.58%,-0.04,83,503829,中性盘
09:36:42,60.53,-1.56%,+0.01,214,1298429,买盘
09:36:45,60.51,-1.59%,-0.02,20,121746,卖盘
09:36:48,60.53,-1.56%,+0.02,23,144969,买盘
09:36:51,60.52,-1.58%,-0.01,195,1180443,中性盘
09:36:54,60.55,-1.53%,+0.03,189,1150087,买盘
09:36:57,60.54,-1.54%,-0.01,88,536808,买盘
09:37:00,60.55,-1.53%,+0.01,21,129516,买盘
09:37:03,60.54,-1.54%,-0.01,56,343746,卖盘
09:37:06,60.6,-1.45%,+0.06,25,157015,买盘
09:37:09,60.6,-1.45%,--,0,0,买盘
09:37:12,60.56,-1.51%,-0.04,12,78365,卖盘
09:37:15,60.59,-1.46%,+0.03,10,60590,买盘
09:37:18,60.52,-1.58%,-0.07,190,1149880,卖盘
09:37:21,60.59,-1.46%,+0.07,34,207763,买盘
09:37:24,60.59,-1.46%,--,30,181770,买盘
09:37:27,60.59,-1.46%,--,13,79979,买盘
09:37:30,60.6,-1.45%,+0.01,53,325967,买盘
09:37:33,60.6,-1.45%,--,4,24240,买盘
09:37:36,60.6,-1.45%,--,35,216281,买盘
09:37:39,60.6,-1.45%,--,6,36360,卖盘
09:37:42,60.6,-1.45%,--,6,40360,卖盘
09:37:48,60.64,-1.38%,+0.04,11,67432,买盘
09:37:51,60.6,-1.45%,-0.04,64,391840,卖盘
09:37:54,60.63,-1.40%,+0.03,2,12126,卖盘
09:38:00,60.62,-1.41%,-0.01,46,284853,卖盘
09:38:03,60.64,-1.38%,+0.02,41,251171,买盘
09:38:06,60.63,-1.40%,-0.01,145,884713,中性盘
09:38:09,60.6,-1.45%,-0.03,54,327240,卖盘
09:38:12,60.56,-1.51%,-0.04,95,579256,卖盘
09:38:15,60.55,-1.53%,-0.01,15,95366,卖盘
09:38:18,60.51,-1.59%,-0.04,153,927013,卖盘
09:38:21,60.5,-1.61%,-0.01,190,1155127,卖盘
09:38:24,60.5,-1.61%,--,73,442921,卖盘
09:38:27,60.5,-1.61%,--,168,1019667,卖盘
09:38:30,60.45,-1.69%,-0.05,25,156928,卖盘
09:38:33,60.47,-1.66%,+0.02,73,444152,中性盘
09:38:36,60.42,-1.74%,-0.05,163,987746,卖盘
09:38:36,60.42,-1.74%,--,163,987746,中性盘
09:38:36,60.42,-1.74%,--,163,987746,买盘
09:38:39,60.43,-1.72%,+0.01,159,961502,买盘
09:38:42,60.35,-1.85%,-0.08,210,1268376,卖盘
09:38:45,60.31,-1.92%,-0.04,160,967976,卖盘
09:38:48,60.3,-1.94%,-0.01,153,925484,卖盘
09:38:51,60.3,-1.94%,--,269,1627738,卖盘
09:38:54,60.36,-1.84%,+0.06,106,642955,买盘
09:38:57,60.37,-1.82%,+0.01,241,1457030,买盘
09:39:00,60.33,-1.89%,-0.04,114,690356,中性盘
09:39:03,60.3,-1.94%,-0.03,89,537333,卖盘
09:39:06,60.39,-1.79%,+0.09,48,293918,中性盘
09:39:09,60.32,-1.90%,-0.07,152,920363,卖盘
09:39:12,60.38,-1.81%,+0.06,108,653312,中性盘
09:39:15,60.39,-1.79%,+0.01,2,12078,买盘
09:39:18,60.38,-1.81%,-0.01,21,128428,卖盘
09:39:21,60.38,-1.81%,--,71,430992,卖盘
09:39:24,60.39,-1.79%,+0.01,29,181110,买盘
09:39:27,60.39,-1.79%,--,94,568511,买盘
09:39:30,60.4,-1.77%,+0.01,19,120377,中性盘
09:39:33,60.42,-1.74%,+0.02,47,286391,买盘
09:39:36,60.53,-1.56%,+0.11,67,410393,买盘
09:39:39,60.51,-1.59%,-0.02,64,388232,中性盘
09:39:42,60.43,-1.72%,-0.08,17,107082,卖盘
09:39:45,60.51,-1.59%,+0.08,36,220983,买盘
09:39:48,60.49,-1.63%,-0.02,47,287630,卖盘
09:39:51,60.5,-1.61%,+0.01,55,334505,买盘
09:39:54,60.6,-1.45%,+0.1,82,501465,买盘
09:39:57,60.51,-1.59%,-0.09,30,184616,买盘
09:40:00,60.51,-1.59%,--,13,82475,卖盘
09:40:06,60.51,-1.59%,--,22,134816,卖盘
09:40:09,60.51,-1.59%,--,100,605705,中性盘
09:40:12,60.51,-1.59%,--,12,77937,卖盘
09:40:15,60.5,-1.61%,-0.01,158,960075,卖盘
09:40:18,60.49,-1.63%,-0.01,33,200343,卖盘
09:40:21,60.51,-1.59%,+0.02,30,181530,买盘
09:40:24,60.5,-1.61%,-0.01,25,151250,卖盘
09:40:27,60.48,-1.64%,-0.02,61,373343,卖盘
09:40:30,60.46,-1.68%,-0.02,31,192263,卖盘
09:40:33,60.45,-1.69%,-0.01,73,445154,卖盘
09:40:36,60.46,-1.68%,+0.01,25,155503,买盘
09:40:39,60.43,-1.72%,-0.03,183,1109011,卖盘
09:40:42,60.45,-1.69%,+0.02,39,236420,买盘
09:40:45,60.46,-1.68%,+0.01,106,646076,买盘
09:40:48,60.43,-1.72%,-0.03,226,1369767,卖盘
09:40:51,60.46,-1.68%,+0.03,53,326121,买盘
09:40:54,60.41,-1.76%,-0.05,64,392423,卖盘
09:40:57,60.41,-1.76%,--,40,241882,买盘
09:41:00,60.48,-1.64%,+0.07,135,819141,买盘
09:41:03,60.41,-1.76%,-0.07,86,519647,卖盘
09:41:06,60.49,-1.63%,+0.08,49,301845,买盘
09:41:09,60.5,-1.61%,+0.01,124,752378,买盘
09:41:12,60.55,-1.53%,+0.05,39,239596,买盘
09:41:15,60.58,-1.48%,+0.03,54,329737,买盘
09:41:18,60.51,-1.59%,-0.07,585,3542316,卖盘
09:41:21,60.48,-1.64%,-0.03,19,117634,中性盘
09:41:24,60.45,-1.69%,-0.03,82,495690,中性盘
09:41:27,60.41,-1.76%,-0.04,17,102999,中性盘
09:41:30,60.41,-1.76%,--,24,144984,卖盘
09:41:33,60.49,-1.63%,+0.08,307,1858132,买盘
09:41:36,60.5,-1.61%,+0.01,85,517759,买盘
09:41:39,60.45,-1.69%,-0.05,26,159528,卖盘
09:41:42,60.5,-1.61%,+0.05,27,167827,买盘
09:41:45,60.45,-1.69%,-0.05,13,81366,卖盘
09:41:48,60.48,-1.64%,+0.03,41,253169,中性盘
09:41:51,60.5,-1.61%,+0.02,26,161777,中性盘
09:41:54,60.39,-1.79%,-0.11,330,1998486,卖盘
09:41:57,60.4,-1.77%,+0.01,50,305141,买盘
09:42:00,60.35,-1.85%,-0.05,33,199577,卖盘
09:42:00,60.35,-1.85%,--,33,199577,中性盘
09:42:00,60.35,-1.85%,--,33,199577,买盘
09:42:03,60.35,-1.85%,--,21,129330,买盘
09:42:06,60.3,-1.94%,-0.05,9,59215,卖盘
09:42:09,60.3,-1.94%,--,5,31235,卖盘
09:42:12,60.26,-2.00%,-0.04,29,176080,卖盘
09:42:15,60.24,-2.03%,-0.02,32,192768,卖盘
09:42:18,60.2,-2.10%,-0.04,73,441386,卖盘
09:42:21,60.22,-2.07%,+0.02,70,422684,中性盘
09:42:24,60.26,-2.00%,+0.04,250,1506922,买盘
09:42:27,60.26,-2.00%,--,144,869070,买盘
09:42:30,60.26,-2.00%,--,58,351798,买盘
09:42:33,60.21,-2.08%,-0.05,109,659601,卖盘
09:42:36,60.21,-2.08%,--,142,856186,买盘
09:42:39,60.2,-2.10%,-0.01,121,728661,中性盘
09:42:42,60.2,-2.10%,--,123,745276,卖盘
09:42:45,60.23,-2.05%,+0.03,68,414443,中性盘
09:42:48,60.2,-2.10%,-0.03,70,424169,卖盘
09:42:51,60.2,-2.10%,--,79,477145,买盘
09:42:54,60.22,-2.07%,+0.02,62,375231,买盘
09:42:57,60.38,-1.81%,+0.16,687,4148529,买盘
09:43:00,60.3,-1.94%,-0.08,45,272375,卖盘
09:43:03,60.29,-1.95%,-0.01,105,635818,卖盘
09:43:06,60.26,-2.00%,-0.03,113,686843,卖盘
09:43:09,60.25,-2.02%,-0.01,34,210453,卖盘
09:43:12,60.25,-2.02%,--,29,174966,买盘
09:43:15,60.25,-2.02%,--,31,188040,买盘
09:43:18,60.25,-2.02%,--,97,587257,买盘
09:43:21,60.25,-2.02%,--,100,607079,买盘
09:43:24,60.26,-2.00%,+0.01,116,703355,买盘
09:43:27,60.25,-2.02%,-0.01,46,278536,卖盘
09:43:30,60.24,-2.03%,-0.01,83,505353,卖盘
09:43:33,60.24,-2.03%,--,47,285236,买盘
09:43:36,60.24,-2.03%,--,50,303851,买盘
09:43:39,60.22,-2.07%,-0.02,63,382879,卖盘
09:43:42,60.25,-2.02%,+0.03,33,204549,买盘
09:43:45,60.23,-2.05%,-0.02,610,3674271,中性盘
09:43:48,60.22,-2.07%,-0.01,48,291947,卖盘
09:43:51,60.23,-2.05%,+0.01,527,3178698,卖盘
09:43:54,60.19,-2.11%,-0.04,64,385698,中性盘
09:43:57,60.01,-2.41%,-0.18,544,3270485,卖盘
09:44:00,60.15,-2.18%,+0.14,73,441020,买盘
09:44:03,60.16,-2.16%,+0.01,83,501494,买盘
09:44:06,60.15,-2.18%,-0.01,93,564327,中性盘
09:44:09,60.15,-2.18%,--,1785,10742670,买盘
09:44:12,60.16,-2.16%,+0.01,42,253514,买盘
09:44:15,60.1,-2.26%,-0.06,91,552439,卖盘
09:44:18,60.02,-2.39%,-0.08,44,267029,卖盘
09:44:21,60.09,-2.28%,+0.07,47,285668,买盘
09:44:24,60.1,-2.26%,+0.01,84,507184,买盘
09:44:27,60.13,-2.21%,+0.03,150,902010,中性盘
09:44:30,60.19,-2.11%,+0.06,28,168652,买盘
09:44:33,60.15,-2.18%,-0.04,96,582493,卖盘
09:44:36,60.16,-2.16%,+0.01,58,353560,中性盘
09:44:39,60.2,-2.10%,+0.04,69,420437,买盘
09:44:42,60.2,-2.10%,--,75,456617,买盘
09:44:45,60.15,-2.18%,-0.05,94,570402,卖盘
09:44:48,60.2,-2.10%,+0.05,79,478891,买盘
09:44:51,60.2,-2.10%,--,396,2387833,卖盘
09:44:54,60.2,-2.10%,--,0,0,卖盘
09:44:57,60.26,-2.00%,+0.06,46,277196,买盘
09:45:00,60.26,-2.00%,--,13,79845,买盘
09:45:03,60.25,-2.02%,-0.01,54,328001,买盘
09:45:06,60.26,-2.00%,+0.01,113,682866,买盘
09:45:09,60.24,-2.03%,-0.02,25,150600,卖盘
09:45:12,60.24,-2.03%,--,119,720531,买盘
09:45:15,60.24,-2.03%,--,35,213189,中性盘
09:45:18,60.25,-2.02%,+0.01,29,174725,买盘
09:45:21,60.24,-2.03%,-0.01,36,222647,卖盘
09:45:24,60.24,-2.03%,--,116,703422,卖盘
09:45:24,60.24,-2.03%,--,116,703422,中性盘
09:45:27,60.25,-2.02%,+0.01,18,111643,买盘
09:45:30,60.25,-2.02%,--,62,373671,买盘
09:45:33,60.25,-2.02%,--,17,108209,买盘
09:45:36,60.26,-2.00%,+0.01,32,192832,买盘
09:45:39,60.26,-2.00%,--,1937,11677544,买盘
09:45:42,60.26,-2.00%,--,70,425556,买盘
09:45:45,60.25,-2.02%,-0.01,253,1525349,卖盘
09:45:48,60.12,-2.23%,-0.13,37,226713,卖盘
09:45:51,60.21,-2.08%,+0.09,8,52443,买盘
09:45:54,60.26,-2.00%,+0.05,42,257491,买盘
09:45:57,60.26,-2.00%,--,11,66286,买盘
09:46:00,60.22,-2.07%,-0.04,17,104000,中性盘
09:46:03,60.26,-2.00%,+0.04,103,624113,买盘
09:46:06,60.26,-2.00%,--,93,566384,买盘
09:46:09,60.26,-2.00%,--,578,3487728,买盘
09:46:12,60.21,-2.08%,-0.05,729,4393584,卖盘
09:46:15,60.24,-2.03%,+0.03,62,373488,卖盘
09:46:18,60.26,-2.00%,+0.02,38,232302,中性盘
09:46:24,60.26,-2.00%,--,110,664487,卖盘
09:46:27,60.26,-2.00%,--,135,815860,买盘
09:46:30,60.27,-1.98%,+0.01,95,577929,买盘
09:46:33,60.27,-1.98%,--,0,0,卖盘
09:46:36,60.34,-1.87%,+0.07,238,1437842,买盘
09:46:39,60.35,-1.85%,+0.01,116,705371,买盘
09:46:42,60.35,-1.85%,--,36,217501,买盘
09:46:45,60.35,-1.85%,--,20,120700,买盘
09:46:48,60.35,-1.85%,--,35,213277,买盘
09:46:51,60.35,-1.85%,--,74,451056,买盘
09:46:54,60.35,-1.85%,--,93,562945,买盘
09:46:57,60.35,-1.85%,--,118,712130,买盘
09:47:00,60.35,-1.85%,--,46,277610,买盘
09:47:03,60.37,-1.82%,+0.02,162,982039,买盘
09:47:06,60.38,-1.81%,+0.01,559,3380616,买盘
09:47:09,60.41,-1.76%,+0.03,728,4401352,买盘
09:47:12,60.41,-1.76%,--,198,1197870,卖盘
09:47:15,60.5,-1.61%,+0.09,39,236374,买盘
09:47:18,60.51,-1.59%,+0.01,47,286394,买盘
09:47:21,60.4,-1.77%,-0.11,371,2242229,卖盘
09:47:24,60.52,-1.58%,+0.12,37,226587,卖盘
09:47:27,60.4,-1.77%,-0.12,138,834426,卖盘
09:47:30,60.4,-1.77%,--,54,331898,卖盘
09:47:33,60.4,-1.77%,--,132,803078,买盘
09:47:36,60.41,-1.76%,+0.01,56,338296,卖盘
09:47:39,60.49,-1.63%,+0.08,134,811715,买盘
09:47:42,60.41,-1.76%,-0.08,35,214033,卖盘
09:47:45,60.42,-1.74%,+0.01,40,242828,买盘
09:47:48,60.41,-1.76%,-0.01,79,479957,中性盘
09:47:51,60.43,-1.72%,+0.02,35,217367,买盘
09:47:54,60.44,-1.71%,+0.01,26,157869,买盘
09:47:57,60.44,-1.71%,--,12,72528,买盘
09:48:00,60.44,-1.71%,--,128,775083,买盘
09:48:03,60.49,-1.63%,+0.05,16,100413,买盘
09:48:06,60.5,-1.61%,+0.01,150,912945,买盘
09:48:09,60.44,-1.71%,-0.06,60,365239,卖盘
09:48:12,60.46,-1.68%,+0.02,43,259978,中性盘
09:48:15,60.5,-1.61%,+0.04,49,302198,买盘
09:48:18,60.46,-1.68%,-0.04,27,169046,卖盘
09:48:21,60.5,-1.61%,+0.04,15,94078,买盘
09:48:24,60.5,-1.61%,--,71,432091,买盘
09:48:27,60.46,-1.68%,-0.04,112,679208,卖盘
09:48:30,60.5,-1.61%,+0.04,19,115434,买盘
09:48:33,60.46,-1.68%,-0.04,55,332530,卖盘
09:48:36,60.5,-1.61%,+0.04,36,217921,买盘
09:48:39,60.5,-1.61%,--,64,391133,买盘
09:48:42,60.5,-1.61%,--,33,199650,买盘
09:48:45,60.5,-1.61%,--,20,121000,买盘
09:48:48,60.51,-1.59%,+0.01,16,96816,买盘
09:48:48,60.51,-1.59%,-0.01,16,96816,中性盘
09:48:51,60.5,-1.61%,-0.01,62,378912,卖盘
09:48:54,60.51,-1.59%,+0.01,44,269209,买盘
09:48:57,60.51,-1.59%,--,47,289601,买盘
09:49:00,60.51,-1.59%,--,22,133122,卖盘
09:49:03,60.52,-1.58%,+0.01,47,286562,买盘
09:49:06,60.52,-1.58%,--,10,62275,卖盘
09:49:09,60.52,-1.58%,--,85,516599,买盘
09:49:12,60.53,-1.56%,+0.01,20,125116,中性盘
09:49:15,60.52,-1.58%,-0.01,76,464673,卖盘
09:49:18,60.52,-1.58%,--,65,397495,卖盘
09:49:21,60.54,-1.54%,+0.02,275,1669148,买盘
09:49:24,60.54,-1.54%,--,61,371352,卖盘
09:49:27,60.52,-1.58%,-0.02,85,520048,卖盘
09:49:30,60.5,-1.61%,-0.02,228,1382425,卖盘
09:49:33,60.4,-1.77%,-0.1,221,1337437,卖盘
09:49:36,60.4,-1.77%,--,143,866740,卖盘
09:49:39,60.4,-1.77%,--,31,191951,买盘
09:49:42,60.47,-1.66%,+0.07,137,828862,买盘
09:49:45,60.5,-1.61%,+0.03,31,192451,买盘
09:49:48,60.5,-1.61%,--,150,912945,卖盘
09:49:51,60.51,-1.59%,+0.01,28,174450,买盘
09:49:54,60.51,-1.59%,--,3,23720,卖盘
09:49:57,60.5,-1.61%,-0.01,61,369232,卖盘
09:50:00,60.57,-1.50%,+0.07,9,56996,中性盘
09:50:03,60.57,-1.50%,--,15,94913,买盘
09:50:06,60.59,-1.46%,+0.02,20,123058,买盘
09:50:09,60.6,-1.45%,+0.01,21,128714,买盘
09:50:12,60.63,-1.40%,+0.03,3,21099,买盘
09:50:15,60.69,-1.30%,+0.06,20,125203,买盘
09:50:18,60.72,-1.25%,+0.03,15,91080,买盘
09:50:21,60.8,-1.12%,+0.08,3,18240,买盘
09:50:24,60.72,-1.25%,-0.08,103,628391,卖盘
09:50:27,60.75,-1.20%,+0.03,35,215723,买盘
09:50:30,60.75,-1.20%,--,14,85354,卖盘
09:50:33,60.76,-1.19%,+0.01,78,479700,中性盘
09:50:36,60.75,-1.20%,-0.01,10,60750,中性盘
09:50:39,60.75,-1.20%,--,138,840233,卖盘
09:50:42,60.75,-1.20%,--,52,321793,买盘
09:50:45,60.75,-1.20%,--,32,195433,买盘
09:50:48,60.78,-1.15%,+0.03,8,48624,买盘
09:50:51,60.77,-1.17%,-0.01,11,68549,中性盘
09:50:54,60.78,-1.15%,+0.01,31,192004,买盘
09:50:57,60.75,-1.20%,-0.03,69,422638,卖盘
09:51:00,60.77,-1.17%,+0.02,31,194039,买盘
09:51:03,60.63,-1.40%,-0.14,37,226514,卖盘
09:51:06,60.68,-1.32%,+0.05,17,108132,中性盘
09:51:09,60.68,-1.32%,--,10,60680,买盘
09:51:12,60.63,-1.40%,-0.05,30,187771,中性盘
09:51:15,60.59,-1.46%,-0.04,7,42413,卖盘
09:51:18,60.63,-1.40%,+0.04,4,24252,买盘
09:51:21,60.63,-1.40%,--,37,224331,买盘
09:51:24,60.63,-1.40%,--,15,93552,买盘
09:51:27,60.67,-1.33%,+0.04,51,309417,买盘
09:51:30,60.7,-1.28%,+0.03,4,24280,买盘
09:51:36,60.68,-1.32%,-0.02,8,48544,卖盘
09:51:39,60.7,-1.28%,+0.02,14,85284,买盘
09:51:42,60.67,-1.33%,-0.03,17,106840,卖盘
09:51:51,60.71,-1.27%,+0.04,20,123302,买盘
09:51:54,60.72,-1.25%,+0.01,14,85129,买盘
09:51:57,60.72,-1.25%,--,9,57259,买盘
09:52:00,60.72,-1.25%,--,7,48515,买盘
09:52:03,60.75,-1.20%,+0.03,71,432297,买盘
09:52:09,60.72,-1.25%,-0.03,208,1267834,卖盘
09:52:12,60.72,-1.25%,--,37,224664,买盘
09:55:36,60.74,-1.22%,--,11,72038,中性盘
09:55:39,60.74,-1.22%,--,11,70155,卖盘
09:55:42,60.75,-1.20%,+0.01,19,116033,买盘
09:55:48,60.75,-1.20%,--,20,121500,买盘
09:55:51,60.76,-1.19%,+0.01,39,238848,买盘
09:55:54,60.78,-1.15%,+0.02,18,109404,买盘
09:56:06,60.76,-1.19%,-0.02,14,90411,卖盘
09:56:09,60.76,-1.19%,--,87,530678,买盘
09:56:12,60.7,-1.28%,-0.06,115,700478,卖盘
09:56:15,60.73,-1.24%,+0.03,5,30365,买盘
09:56:18,60.68,-1.32%,-0.05,41,250305,卖盘
09:56:21,60.68,-1.32%,--,7,42476,买盘
09:56:27,60.66,-1.35%,-0.02,7,47436,卖盘
09:56:30,60.67,-1.33%,+0.01,2,12134,中性盘
09:56:36,60.68,-1.32%,+0.01,3,18204,买盘
09:56:39,60.68,-1.32%,--,3,19721,买盘
09:56:45,60.68,-1.32%,--,2,12803,卖盘
09:56:48,60.68,-1.32%,--,3,22088,卖盘
09:56:51,60.62,-1.41%,-0.06,110,667669,卖盘
09:56:54,60.61,-1.43%,-0.01,17,108553,卖盘
09:56:57,60.61,-1.43%,--,27,164677,买盘
09:57:03,60.58,-1.48%,-0.03,62,380927,卖盘
09:57:06,60.6,-1.45%,+0.02,3,18180,买盘
09:57:12,60.59,-1.46%,-0.01,11,69315,卖盘
09:57:15,60.59,-1.46%,--,17,106033,卖盘
09:57:21,60.59,-1.46%,--,9,59742,卖盘
09:57:24,60.59,-1.46%,--,25,153535,卖盘
09:57:27,60.62,-1.41%,+0.03,3,19762,买盘
09:57:30,60.62,-1.41%,--,26,162098,卖盘
09:57:33,60.59,-1.46%,-0.03,37,224183,中性盘
09:57:36,60.61,-1.43%,+0.02,0,2485,卖盘
09:57:39,60.51,-1.59%,-0.1,34,205734,卖盘
09:57:42,60.6,-1.45%,+0.09,38,231189,买盘
09:57:45,60.6,-1.45%,--,5,33330,买盘
09:57:48,60.57,-1.50%,-0.03,2,17020,卖盘
09:57:57,60.53,-1.56%,-0.04,50,302650,卖盘
09:58:00,60.53,-1.56%,--,0,0,卖盘
09:58:03,60.56,-1.51%,+0.03,13,82119,买盘
09:58:06,60.57,-1.50%,+0.01,12,77590,买盘
09:58:12,60.57,-1.50%,--,10,61055,卖盘
09:58:18,60.57,-1.50%,--,1,9933,卖盘
09:58:21,60.62,-1.41%,+0.05,20,122271,买盘
09:58:24,60.62,-1.41%,--,20,126878,卖盘
09:58:27,60.63,-1.40%,+0.01,15,96584,买盘
09:58:33,60.62,-1.41%,-0.01,8,50375,卖盘
09:58:36,60.62,-1.41%,--,0,0,卖盘
09:58:39,60.64,-1.38%,+0.02,6,36384,买盘
09:58:42,60.64,-1.38%,--,2,12128,买盘
09:58:45,60.64,-1.38%,--,11,72465,买盘
09:58:48,60.58,-1.48%,-0.06,31,188464,卖盘
09:58:51,60.64,-1.38%,+0.06,28,174704,买盘
09:58:54,60.65,-1.37%,+0.01,12,72780,买盘
09:58:57,60.64,-1.38%,-0.01,16,101451,卖盘
09:59:00,60.63,-1.40%,-0.01,4,24252,卖盘
09:59:00,60.63,-1.40%,--,4,24252,中性盘
09:59:03,60.65,-1.37%,+0.02,23,140587,买盘
09:59:06,60.64,-1.38%,-0.01,24,146324,买盘
09:59:09,60.63,-1.40%,-0.01,25,151575,卖盘
09:59:12,60.64,-1.38%,+0.01,10,62702,买盘
09:59:15,60.66,-1.35%,+0.02,21,129266,买盘
09:59:21,60.66,-1.35%,--,20,121320,卖盘
09:59:24,60.66,-1.35%,--,65,398476,卖盘
09:59:27,60.64,-1.38%,-0.02,10,65552,卖盘
09:59:30,60.59,-1.46%,-0.05,8,48472,卖盘
09:59:36,60.59,-1.46%,--,18,112213,卖盘
09:59:39,60.65,-1.37%,+0.06,32,194080,买盘
09:59:42,60.58,-1.48%,-0.07,28,172290,卖盘
09:59:45,60.6,-1.45%,+0.02,11,69023,买盘
09:59:48,60.6,-1.45%,--,2,12120,买盘
09:59:51,60.6,-1.45%,--,15,91082,买盘
09:59:54,60.59,-1.46%,-0.01,13,79070,卖盘
09:59:57,60.6,-1.45%,+0.01,10,60600,买盘
10:00:03,60.6,-1.45%,--,2,17938,买盘
10:00:06,60.6,-1.45%,--,15,93263,卖盘
10:00:09,60.6,-1.45%,--,7,44299,卖盘
10:00:12,60.6,-1.45%,--,23,143986,卖盘
10:00:15,60.61,-1.43%,+0.01,15,90976,买盘
10:00:18,60.59,-1.46%,-0.02,24,147234,卖盘
10:00:21,60.58,-1.48%,-0.01,26,162960,卖盘
10:00:24,60.55,-1.53%,-0.03,67,410287,卖盘
10:00:27,60.53,-1.56%,-0.02,30,183527,卖盘
10:00:30,60.5,-1.61%,-0.03,130,789828,卖盘
10:00:33,60.5,-1.61%,--,185,1119916,卖盘
10:00:36,60.45,-1.69%,-0.05,264,1596968,卖盘
10:00:39,60.44,-1.71%,-0.01,43,260073,卖盘
10:00:42,60.44,-1.71%,--,60,362640,卖盘
10:00:45,60.41,-1.76%,-0.03,57,348203,卖盘
10:00:48,60.41,-1.76%,--,2,14136,卖盘
10:00:51,60.43,-1.72%,+0.02,29,175489,买盘
10:00:54,60.4,-1.77%,-0.03,36,217802,卖盘
10:00:57,60.4,-1.77%,--,22,138860,卖盘
10:01:00,60.4,-1.77%,--,27,167912,卖盘
10:01:03,60.38,-1.81%,-0.02,16,102042,卖盘
10:01:06,60.38,-1.81%,--,2,12076,卖盘
10:01:09,60.37,-1.82%,-0.01,21,132150,卖盘
10:01:12,60.36,-1.84%,-0.01,20,122772,卖盘
10:01:15,60.37,-1.82%,+0.01,20,120740,买盘
10:01:18,60.35,-1.85%,-0.02,92,555220,卖盘
10:01:21,60.36,-1.84%,+0.01,11,67120,中性盘
10:01:24,60.39,-1.79%,+0.03,15,93303,买盘
10:01:27,60.36,-1.84%,-0.03,59,356184,卖盘
10:01:30,60.36,-1.84%,--,13,80279,卖盘
10:01:33,60.34,-1.87%,-0.02,101,609856,卖盘
10:01:36,60.33,-1.89%,-0.01,17,105276,卖盘
10:01:39,60.36,-1.84%,+0.03,18,112934,买盘
10:01:42,60.33,-1.89%,-0.03,81,488673,卖盘
10:01:45,60.33,-1.89%,--,17,106603,买盘
10:01:48,60.31,-1.92%,-0.02,31,186961,卖盘
10:01:51,60.31,-1.92%,--,16,97943,卖盘
10:01:54,60.3,-1.94%,-0.01,21,126630,卖盘
10:01:57,60.3,-1.94%,--,43,262365,卖盘
10:02:00,60.31,-1.92%,+0.01,44,265364,买盘
10:02:03,60.31,-1.92%,--,12,72372,买盘
10:02:06,60.29,-1.95%,-0.02,70,423236,卖盘
10:02:09,60.29,-1.95%,--,2,15615,卖盘
10:02:12,60.3,-1.94%,+0.01,36,217080,买盘
10:02:15,60.3,-1.94%,--,17,102510,买盘
10:02:18,60.29,-1.95%,-0.01,4,24116,卖盘
10:02:21,60.28,-1.97%,-0.01,91,553310,卖盘
10:02:24,60.3,-1.94%,+0.02,63,382181,买盘
10:02:24,60.3,-1.94%,-0.01,63,382181,中性盘
10:02:27,60.29,-1.95%,-0.01,18,110813,买盘
10:02:30,60.29,-1.95%,--,8,48835,买盘
10:02:33,60.29,-1.95%,--,45,275586,买盘
10:02:36,60.29,-1.95%,--,15,95801,买盘
10:02:39,60.31,-1.92%,+0.02,24,150654,买盘
10:02:42,60.3,-1.94%,-0.01,50,306686,卖盘
10:02:45,60.3,-1.94%,--,0,0,卖盘
10:02:48,60.34,-1.87%,+0.04,5,35963,买盘
10:02:51,60.34,-1.87%,--,50,305863,卖盘
10:02:54,60.35,-1.85%,+0.01,10,65600,买盘
10:02:57,60.4,-1.77%,+0.05,61,370735,买盘
10:03:00,60.35,-1.85%,-0.05,40,243150,卖盘
10:03:03,60.37,-1.82%,+0.02,19,117118,买盘
10:03:06,60.35,-1.85%,-0.02,13,80809,卖盘
10:03:09,60.34,-1.87%,-0.01,26,162194,卖盘
10:03:12,60.36,-1.84%,+0.02,13,79192,买盘
10:03:15,60.31,-1.92%,-0.05,91,553043,卖盘
10:03:18,60.34,-1.87%,+0.03,36,218793,买盘
10:03:21,60.32,-1.90%,-0.02,22,132704,卖盘
10:03:24,60.31,-1.92%,-0.01,48,289488,卖盘
10:03:27,60.3,-1.94%,-0.01,35,211050,卖盘
10:03:30,60.29,-1.95%,-0.01,135,816990,卖盘
10:03:33,60.28,-1.97%,-0.01,93,565668,卖盘
10:03:36,60.25,-2.02%,-0.03,187,1128001,卖盘
10:03:39,60.25,-2.02%,--,7,42175,买盘
10:03:45,60.24,-2.03%,-0.01,25,154395,卖盘
10:03:48,60.25,-2.02%,+0.01,12,72300,买盘
10:03:51,60.25,-2.02%,--,26,156771,买盘
10:03:54,60.25,-2.02%,--,4,24100,买盘
10:03:57,60.24,-2.03%,-0.01,47,287947,买盘
10:04:00,60.25,-2.02%,+0.01,5,30125,买盘
10:04:03,60.24,-2.03%,-0.01,3,18072,卖盘
10:04:06,60.25,-2.02%,+0.01,42,254135,买盘
10:04:09,60.26,-2.00%,+0.01,37,224529,买盘
10:04:12,60.25,-2.02%,-0.01,15,93870,卖盘
10:04:15,60.24,-2.03%,-0.01,18,114336,卖盘
10:04:18,60.25,-2.02%,+0.01,30,186112,买盘
10:04:21,60.23,-2.05%,-0.02,7,42161,卖盘
10:04:24,60.25,-2.02%,+0.02,8,48200,买盘
10:04:27,60.26,-2.00%,+0.01,7,42182,买盘
10:04:30,60.24,-2.03%,-0.02,19,114456,卖盘
10:04:33,60.26,-2.00%,+0.02,52,316847,买盘
10:04:36,60.27,-1.98%,+0.01,92,556413,买盘
10:04:39,60.28,-1.97%,+0.01,2,12056,中性盘
10:04:42,60.28,-1.97%,--,18,108504,买盘
10:04:45,60.29,-1.95%,+0.01,42,254786,买盘
10:04:48,60.26,-2.00%,-0.03,125,754455,卖盘
10:04:51,60.26,-2.00%,--,28,174151,卖盘
10:04:54,60.26,-2.00%,--,91,553247,买盘
10:04:57,60.26,-2.00%,--,9,54234,买盘
10:05:00,60.29,-1.95%,+0.03,127,770687,买盘
10:05:03,60.29,-1.95%,--,35,215476,卖盘
10:05:06,60.27,-1.98%,-0.02,48,291888,卖盘
10:05:09,60.26,-2.00%,-0.01,54,327875,卖盘
10:05:12,60.26,-2.00%,--,2,12052,买盘
10:05:15,60.3,-1.94%,+0.04,101,612708,买盘
10:05:18,60.23,-2.05%,-0.07,85,511955,卖盘
10:05:21,60.24,-2.03%,+0.01,4,24096,卖盘
10:05:24,60.23,-2.05%,-0.01,26,161416,卖盘
10:05:27,60.23,-2.05%,--,21,126483,买盘
10:05:30,60.2,-2.10%,-0.03,92,559679,卖盘
10:05:33,60.2,-2.10%,--,134,812218,卖盘
10:05:36,60.2,-2.10%,--,44,269515,卖盘
10:05:42,60.21,-2.08%,--,10,60812,买盘
10:05:45,60.2,-2.10%,-0.01,10,64956,卖盘
10:05:48,60.18,-2.13%,-0.02,86,519654,卖盘
10:09:12,60.36,-1.84%,--,6,36216,中性盘
10:09:15,60.37,-1.82%,+0.01,73,441184,买盘
10:09:18,60.38,-1.81%,+0.01,3,18114,中性盘
10:09:21,60.4,-1.77%,+0.02,1,8818,买盘
10:09:24,60.43,-1.72%,+0.03,53,322998,买盘
10:09:27,60.48,-1.64%,+0.05,8,48384,买盘
10:09:30,60.48,-1.64%,--,10,60480,卖盘
10:09:33,60.5,-1.61%,+0.02,17,103818,买盘
10:09:36,60.51,-1.59%,+0.01,21,129007,买盘
10:09:39,60.51,-1.59%,--,57,346359,买盘
10:09:42,60.53,-1.56%,+0.02,9,58593,买盘
10:09:45,60.54,-1.54%,+0.01,8,52185,买盘
10:09:48,60.56,-1.51%,+0.02,2,12112,中性盘
10:09:51,60.54,-1.54%,-0.02,4,24216,卖盘
10:09:54,60.59,-1.46%,+0.05,22,133480,买盘
10:09:57,60.59,-1.46%,--,7,42413,卖盘
10:10:00,60.6,-1.45%,+0.01,90,551278,买盘
10:10:03,60.61,-1.43%,+0.01,21,129827,买盘
10:10:06,60.6,-1.45%,-0.01,19,116231,卖盘
10:10:09,60.61,-1.43%,+0.01,43,262744,买盘
10:10:12,60.61,-1.43%,--,43,260744,卖盘
10:10:15,60.61,-1.43%,--,2,14849,买盘
10:10:18,60.61,-1.43%,--,4,26971,买盘
10:10:21,60.57,-1.50%,-0.04,2,12114,卖盘
10:10:24,60.57,-1.50%,--,9,54513,卖盘
10:10:27,60.56,-1.51%,-0.01,42,255624,卖盘
10:10:30,60.52,-1.58%,-0.04,33,202076,卖盘
10:10:33,60.5,-1.61%,-0.02,15,95046,卖盘
10:10:36,60.49,-1.63%,-0.01,8,54018,卖盘
10:10:39,60.47,-1.66%,-0.02,20,125838,卖盘
10:10:42,60.47,-1.66%,--,11,70024,买盘
10:10:45,60.47,-1.66%,--,28,173005,买盘
10:10:48,60.41,-1.76%,-0.06,8,53644,中性盘
10:10:51,60.43,-1.72%,+0.02,7,43268,买盘
10:10:54,60.43,-1.72%,--,15,90766,卖盘
10:10:57,60.41,-1.76%,-0.02,12,73942,卖盘
10:11:00,60.44,-1.71%,+0.03,21,132243,买盘
10:11:03,60.41,-1.76%,-0.03,16,99737,卖盘
10:11:06,60.44,-1.71%,+0.03,40,247381,买盘
10:11:09,60.45,-1.69%,+0.01,10,65407,买盘
10:11:12,60.44,-1.71%,-0.01,13,82380,卖盘
10:11:15,60.46,-1.68%,+0.02,2,14813,买盘
10:11:18,60.46,-1.68%,--,6,38997,买盘
10:11:21,60.45,-1.69%,-0.01,3,21762,卖盘
10:11:24,60.46,-1.68%,+0.01,7,42322,买盘
10:11:27,60.46,-1.68%,--,31,193109,买盘
10:11:30,60.46,-1.68%,--,7,43773,买盘
10:11:33,60.46,-1.68%,--,7,44257,卖盘
10:11:36,60.46,-1.68%,--,40,242989,卖盘
10:11:39,60.46,-1.68%,--,6,39722,卖盘
10:11:42,60.48,-1.64%,+0.02,10,63202,买盘
10:11:45,60.48,-1.64%,--,2,12096,买盘
10:11:51,60.46,-1.68%,-0.02,22,135189,卖盘
10:11:54,60.47,-1.66%,+0.01,7,47590,买盘
10:11:57,60.47,-1.66%,--,12,72806,买盘
10:12:00,60.47,-1.66%,--,9,56298,买盘
10:12:03,60.44,-1.71%,-0.03,129,782638,卖盘
10:12:06,60.41,-1.76%,-0.03,36,217778,卖盘
10:12:09,60.45,-1.69%,+0.04,29,176877,买盘
10:12:12,60.41,-1.76%,-0.04,15,91702,卖盘
10:12:15,60.41,-1.76%,--,6,40716,卖盘
10:12:18,60.46,-1.68%,+0.05,3,18138,买盘
10:12:21,60.46,-1.68%,--,16,96917,买盘
10:12:24,60.41,-1.76%,-0.05,31,188177,卖盘
10:12:27,60.46,-1.68%,+0.05,5,30230,买盘
10:12:30,60.41,-1.76%,-0.05,3,18727,卖盘
10:12:33,60.41,-1.76%,--,10,63612,卖盘
10:12:36,60.42,-1.74%,+0.01,11,69604,买盘
10:29:39,60.21,-2.08%,--,23,141915,中性盘
10:29:39,60.21,-2.08%,--,23,141915,买盘
10:29:45,60.2,-2.10%,-0.01,8,52314,卖盘
10:29:51,60.21,-2.08%,+0.01,4,24084,买盘
10:29:54,60.2,-2.10%,-0.01,2,15351,卖盘
10:29:57,60.2,-2.10%,--,36,216720,卖盘
10:30:00,60.2,-2.10%,--,13,78501,卖盘
10:30:03,60.2,-2.10%,--,49,296425,卖盘
10:30:06,60.18,-2.13%,-0.02,6,39960,卖盘
10:30:09,60.16,-2.16%,-0.02,46,282090,卖盘
10:30:12,60.16,-2.16%,--,33,199611,卖盘
10:30:15,60.15,-2.18%,-0.01,71,427065,卖盘
10:30:18,60.12,-2.23%,-0.03,21,130040,卖盘
10:30:21,60.12,-2.23%,--,23,143386,卖盘
10:30:24,60.08,-2.29%,-0.04,788,4738329,卖盘
10:30:27,60.06,-2.33%,-0.02,24,144144,卖盘
10:30:30,60.06,-2.33%,--,170,1022642,卖盘
10:30:33,60.06,-2.33%,--,21,126126,卖盘
10:30:36,60.06,-2.33%,--,12,72072,卖盘
10:30:42,60.08,-2.29%,+0.02,11,69272,买盘
10:30:45,60.06,-2.33%,-0.02,15,95195,卖盘
10:30:48,60.08,-2.29%,+0.02,93,562409,买盘
10:30:51,60.08,-2.29%,--,34,205594,买盘
10:30:54,60.06,-2.33%,-0.02,6,36036,买盘
10:30:57,60.06,-2.33%,--,8,49309,买盘
10:31:00,60.05,-2.34%,-0.01,68,411463,卖盘
10:31:03,60.05,-2.34%,--,33,201228,买盘
10:31:06,60.03,-2.37%,-0.02,2,12006,卖盘
10:31:09,60.03,-2.37%,--,29,177269,卖盘
10:31:12,60.03,-2.37%,--,57,342171,卖盘
10:31:15,60.03,-2.37%,--,73,442541,卖盘
10:31:18,60.02,-2.39%,-0.01,58,352918,卖盘
10:31:21,60.03,-2.37%,+0.01,79,480060,买盘
10:31:24,60.03,-2.37%,--,123,742691,买盘
10:31:27,60.04,-2.36%,+0.01,113,683856,买盘
10:31:30,60.03,-2.37%,-0.01,54,330045,中性盘
10:31:33,60.01,-2.41%,-0.02,586,3516946,卖盘
10:31:36,60.01,-2.41%,--,183,1099323,买盘
10:31:39,60.02,-2.39%,+0.01,157,946695,买盘
10:31:42,60.02,-2.39%,--,20,120040,买盘
10:31:45,60.03,-2.37%,+0.01,112,673537,买盘
10:31:48,60.03,-2.37%,--,94,564762,买盘
10:31:51,60.01,-2.41%,-0.02,75,450615,卖盘
10:31:54,60.02,-2.39%,+0.01,40,245122,买盘
10:31:57,60.0,-2.42%,-0.02,144,868440,卖盘
10:32:00,60.02,-2.39%,+0.02,61,368823,买盘
10:32:03,60.01,-2.41%,-0.01,10,60010,中性盘
10:32:06,60.03,-2.37%,+0.02,152,912936,买盘
10:32:09,60.01,-2.41%,-0.02,102,613182,卖盘
10:32:12,60.01,-2.41%,--,498,2988618,卖盘
10:32:15,60.01,-2.41%,--,8,48008,买盘
10:32:18,60.02,-2.39%,+0.01,24,144768,中性盘
10:32:21,60.0,-2.42%,-0.02,438,2632260,卖盘
10:32:24,60.15,-2.18%,+0.15,30,182194,买盘
10:32:27,60.03,-2.37%,-0.12,9,57929,卖盘
10:32:33,60.05,-2.34%,+0.02,4,24020,卖盘
10:32:36,60.05,-2.34%,--,7,42035,卖盘
10:32:42,60.05,-2.34%,--,210,1261050,卖盘
10:32:45,60.09,-2.28%,+0.04,2,12018,买盘
10:32:48,60.09,-2.28%,--,10,60090,卖盘
10:32:51,60.0,-2.42%,-0.09,230,1380000,卖盘
10:32:54,60.05,-2.34%,+0.05,10,63833,卖盘
10:33:00,60.1,-2.26%,+0.05,31,186490,买盘
10:33:03,60.1,-2.26%,--,14,85703,卖盘
10:46:39,60.51,-1.59%,--,0,0,中性盘
10:46:42,60.51,-1.59%,--,12,73641,卖盘
10:46:45,60.51,-1.59%,--,2,12102,卖盘
10:46:51,60.51,-1.59%,--,20,121020,卖盘
10:46:54,60.5,-1.61%,-0.01,16,101943,卖盘
10:46:57,60.51,-1.59%,+0.01,2,12102,中性盘
10:47:00,60.5,-1.61%,-0.01,49,296450,卖盘
10:47:03,60.5,-1.61%,--,34,207939,卖盘
10:47:06,60.6,-1.45%,+0.1,34,208222,买盘
10:47:09,60.61,-1.43%,+0.01,14,90127,买盘
10:47:12,60.63,-1.40%,+0.02,65,400037,买盘
10:47:15,60.67,-1.33%,+0.04,67,410008,买盘
10:47:18,60.7,-1.28%,+0.03,86,524266,买盘
10:47:21,60.7,-1.28%,--,23,142827,买盘
10:47:24,60.68,-1.32%,-0.02,21,127428,卖盘
10:47:27,60.7,-1.28%,+0.02,23,142827,卖盘
10:47:30,60.7,-1.28%,--,4,25130,卖盘
10:47:33,60.73,-1.24%,+0.03,19,115387,买盘
10:47:36,60.71,-1.27%,-0.02,2,12142,卖盘
10:47:39,60.71,-1.27%,--,4,27502,卖盘
10:47:42,60.71,-1.27%,--,18,109278,卖盘
10:47:45,60.71,-1.27%,--,21,133441,卖盘
10:47:48,60.71,-1.27%,--,9,54639,卖盘
10:47:51,60.71,-1.27%,--,5,30355,卖盘
10:47:54,60.71,-1.27%,--,39,240897,卖盘
10:47:57,60.73,-1.24%,+0.02,49,301099,买盘
10:48:00,60.73,-1.24%,--,7,42511,卖盘
10:48:03,60.73,-1.24%,--,19,115387,卖盘
10:48:06,60.73,-1.24%,--,65,399907,卖盘
10:48:09,60.7,-1.28%,-0.03,43,265016,卖盘
10:48:12,60.67,-1.33%,-0.03,13,83421,卖盘
10:48:15,60.67,-1.33%,--,3,19475,卖盘
10:48:18,60.6,-1.45%,-0.07,74,451167,卖盘
10:48:21,60.64,-1.38%,+0.04,21,127344,卖盘
10:48:24,60.6,-1.45%,-0.04,21,127442,卖盘
10:48:27,60.64,-1.38%,+0.04,11,66704,买盘
10:48:33,60.63,-1.40%,-0.01,8,48686,买盘
10:48:36,60.6,-1.45%,-0.03,43,266276,卖盘
10:48:42,60.63,-1.40%,+0.03,11,68391,买盘
10:48:45,60.6,-1.45%,-0.03,16,96960,卖盘
10:48:48,60.63,-1.40%,+0.03,3,19159,买盘
10:48:51,60.61,-1.43%,-0.02,20,121220,卖盘
10:48:54,60.63,-1.40%,+0.02,32,194016,卖盘
10:48:57,60.63,-1.40%,--,16,97008,卖盘
10:49:00,60.62,-1.41%,-0.01,3,21884,中性盘
10:49:03,60.61,-1.43%,-0.01,2,12607,卖盘
10:49:06,60.61,-1.43%,--,26,161950,卖盘
10:49:09,60.62,-1.41%,+0.01,10,60620,买盘
10:49:15,60.61,-1.43%,-0.01,29,176072,卖盘
10:49:21,60.63,-1.40%,+0.02,10,60630,买盘
10:49:24,60.63,-1.40%,--,13,81184,买盘
10:49:27,60.64,-1.38%,+0.01,30,181920,买盘
10:49:30,60.6,-1.45%,-0.04,54,327240,卖盘
10:49:33,60.6,-1.45%,--,2,12120,卖盘
10:49:36,60.65,-1.37%,+0.05,18,109170,买盘
10:49:42,60.65,-1.37%,--,10,66472,买盘
10:49:48,60.65,-1.37%,--,38,232714,买盘
10:49:51,60.65,-1.37%,--,0,0,买盘
10:49:54,60.61,-1.43%,-0.04,59,358569,卖盘
10:49:57,60.65,-1.37%,+0.04,66,403626,买盘
10:50:00,60.67,-1.33%,+0.02,93,568175,买盘
10:50:03,60.68,-1.32%,+0.01,51,314080,买盘
10:53:27,60.66,-1.35%,-0.06,28,173609,中性盘
10:53:30,60.6,-1.45%,-0.06,108,658358,卖盘
10:53:33,60.61,-1.43%,+0.01,355,2153049,中性盘
10:53:36,60.6,-1.45%,-0.01,42,254702,卖盘
10:53:39,60.6,-1.45%,--,10,60600,卖盘
10:53:42,60.6,-1.45%,--,56,340451,卖盘
10:53:45,60.6,-1.45%,--,85,519463,卖盘
10:53:48,60.6,-1.45%,--,144,877185,卖盘
10:53:51,60.6,-1.45%,--,77,468983,卖盘
10:53:54,60.59,-1.46%,-0.01,3,20055,卖盘
10:53:57,60.59,-1.46%,--,2,12118,买盘
10:54:00,60.58,-1.48%,-0.01,28,173683,卖盘
10:54:03,60.51,-1.59%,-0.07,69,422662,卖盘
10:54:06,60.51,-1.59%,--,10,60510,卖盘
10:54:09,60.58,-1.48%,+0.07,2,17750,买盘
10:54:12,60.53,-1.56%,-0.05,24,150780,卖盘
10:54:15,60.6,-1.45%,+0.07,2,12120,买盘
10:54:18,60.6,-1.45%,--,175,1065954,卖盘
10:54:21,60.61,-1.43%,+0.01,10,65822,中性盘
10:54:24,60.65,-1.37%,+0.04,2,12979,买盘
10:54:27,60.65,-1.37%,--,36,221736,中性盘
10:54:30,60.62,-1.41%,-0.03,44,268728,卖盘
10:54:33,60.61,-1.43%,-0.01,24,146737,卖盘
10:54:36,60.61,-1.43%,--,17,107886,卖盘
10:54:39,60.61,-1.43%,--,5,34184,卖盘
10:54:42,60.67,-1.33%,+0.06,10,63400,买盘
10:54:45,60.6,-1.45%,-0.07,50,303000,卖盘
10:54:48,60.67,-1.33%,+0.07,16,97072,买盘
10:54:51,60.67,-1.33%,--,24,147064,买盘
10:54:54,60.68,-1.32%,+0.01,21,131372,买盘
10:54:57,60.67,-1.33%,-0.01,13,84271,卖盘
10:55:00,60.65,-1.37%,-0.02,9,55010,中性盘
10:55:03,60.7,-1.28%,+0.05,36,221252,买盘
10:55:06,60.7,-1.28%,--,16,97120,买盘
10:55:09,60.63,-1.40%,-0.07,36,218268,中性盘
10:55:12,60.62,-1.41%,-0.01,52,315224,卖盘
10:55:15,60.67,-1.33%,+0.05,4,25967,买盘
10:55:18,60.67,-1.33%,--,20,126800,卖盘
10:55:21,60.67,-1.33%,--,25,157378,卖盘
10:55:24,60.7,-1.28%,+0.03,2,14872,买盘
10:55:27,60.62,-1.41%,-0.08,52,319649,卖盘
10:55:30,60.7,-1.28%,+0.08,12,75572,买盘
10:55:33,60.61,-1.43%,-0.09,32,193952,卖盘
10:55:36,60.7,-1.28%,+0.09,5,33021,中性盘
10:55:42,60.7,-1.28%,--,59,358737,买盘
10:55:45,60.61,-1.43%,-0.09,36,218196,卖盘
10:55:48,60.7,-1.28%,+0.09,35,216396,买盘
10:55:54,60.61,-1.43%,-0.09,20,121220,卖盘
10:55:57,60.61,-1.43%,--,28,169708,卖盘
10:56:00,60.62,-1.41%,+0.01,28,171252,买盘
10:56:03,60.62,-1.41%,--,54,333107,买盘
10:56:06,60.64,-1.38%,+0.02,14,85502,买盘
10:56:09,60.64,-1.38%,--,60,366144,卖盘
10:56:12,60.66,-1.35%,+0.02,13,82498,买盘
10:56:15,60.66,-1.35%,--,23,144735,买盘
10:56:18,60.64,-1.38%,-0.02,9,54576,卖盘
10:56:21,60.66,-1.35%,+0.02,5,30755,买盘
10:56:24,60.66,-1.35%,--,2,14862,买盘
10:56:27,60.66,-1.35%,--,40,242640,买盘
10:56:30,60.64,-1.38%,-0.02,8,48512,卖盘
10:56:33,60.62,-1.41%,-0.02,10,60620,卖盘
10:56:36,60.66,-1.35%,+0.04,2,12132,买盘
10:56:42,60.62,-1.41%,-0.04,2,14428,卖盘
10:56:45,60.62,-1.41%,--,12,72744,卖盘
10:56:48,60.65,-1.37%,+0.03,2,15769,买盘
10:56:51,60.62,-1.41%,-0.03,6,36372,卖盘
11:03:39,60.65,-1.37%,--,14,86366,中性盘
11:03:45,60.65,-1.37%,--,118,716640,卖盘
11:03:51,60.65,-1.37%,--,13,80907,卖盘
11:03:54,60.67,-1.33%,+0.02,13,78871,买盘
11:03:57,60.67,-1.33%,--,12,72804,买盘
11:04:00,60.66,-1.35%,-0.01,14,84924,卖盘
11:04:03,60.65,-1.37%,-0.01,12,72780,卖盘
11:04:06,60.64,-1.38%,-0.01,8,48936,卖盘
11:04:09,60.67,-1.33%,+0.03,22,138388,买盘
11:04:12,60.64,-1.38%,-0.03,38,232736,卖盘
11:04:15,60.64,-1.38%,--,5,30320,卖盘
11:04:21,60.64,-1.38%,--,36,218304,卖盘
11:04:27,60.64,-1.38%,--,0,0,卖盘
11:04:30,60.65,-1.37%,+0.01,39,240781,买盘
11:04:33,60.65,-1.37%,--,8,48520,卖盘
11:04:39,60.67,-1.33%,+0.02,40,243893,买盘
11:04:42,60.67,-1.33%,--,63,384526,买盘
11:04:51,60.63,-1.40%,-0.04,79,484070,卖盘
11:04:54,60.63,-1.40%,--,32,194016,卖盘
11:04:57,60.63,-1.40%,--,10,60630,卖盘
11:05:03,60.66,-1.35%,+0.03,53,325987,买盘
11:05:06,60.63,-1.40%,-0.03,2,12126,卖盘
11:05:09,60.62,-1.41%,-0.01,6,40312,卖盘
11:05:12,60.58,-1.48%,-0.04,30,187435,卖盘
11:05:15,60.62,-1.41%,+0.04,45,275215,买盘
11:05:18,60.51,-1.59%,-0.11,35,217049,卖盘
11:05:21,60.51,-1.59%,--,18,108918,卖盘
11:05:24,60.47,-1.66%,-0.04,46,278162,卖盘
11:05:27,60.46,-1.68%,-0.01,26,157196,卖盘
11:05:30,60.52,-1.58%,+0.06,12,72624,中性盘
11:05:33,60.47,-1.66%,-0.05,37,224465,卖盘
11:05:36,60.45,-1.69%,-0.02,38,229952,卖盘
11:05:39,60.44,-1.71%,-0.01,87,530603,卖盘
11:05:42,60.44,-1.71%,--,0,0,卖盘
11:05:45,60.52,-1.58%,+0.08,156,948167,买盘
11:05:48,60.59,-1.46%,+0.07,103,626198,买盘
11:05:51,60.64,-1.38%,+0.05,34,208784,买盘
11:05:54,60.64,-1.38%,--,14,84896,卖盘
11:05:57,60.64,-1.38%,--,7,45116,卖盘
11:06:00,60.64,-1.38%,--,4,28501,卖盘
11:06:03,60.67,-1.33%,+0.03,33,203245,买盘
11:06:06,60.64,-1.38%,-0.03,133,809483,卖盘
11:06:09,60.62,-1.41%,-0.02,3,22187,卖盘
11:06:12,60.59,-1.46%,-0.03,56,344818,卖盘
11:06:15,60.59,-1.46%,--,12,72708,卖盘
11:06:18,60.59,-1.46%,--,19,115121,卖盘
11:06:21,60.59,-1.46%,--,8,48472,卖盘
11:06:30,60.59,-1.46%,--,7,45443,卖盘
11:06:33,60.59,-1.46%,--,6,36354,卖盘
11:06:39,60.59,-1.46%,--,10,60590,卖盘
11:06:42,60.59,-1.46%,--,38,232363,卖盘
11:06:48,60.59,-1.46%,--,57,348029,卖盘
11:06:51,60.6,-1.45%,+0.01,58,356328,中性盘
11:06:54,60.6,-1.45%,--,36,218160,卖盘
11:06:57,60.63,-1.40%,+0.03,55,335223,买盘
11:07:00,60.63,-1.40%,--,2,14854,买盘
11:07:03,60.63,-1.40%,--,26,163095,买盘
11:10:27,60.73,-1.24%,--,10,60730,中性盘
11:10:30,60.74,-1.22%,+0.01,16,102043,买盘
11:10:33,60.75,-1.20%,+0.01,37,229878,买盘
11:10:42,60.75,-1.20%,--,16,98051,买盘
11:10:51,60.75,-1.20%,--,7,42525,卖盘
11:10:54,60.76,-1.19%,+0.01,60,367173,买盘
11:11:00,60.77,-1.17%,--,34,206800,买盘
11:11:03,60.77,-1.17%,--,25,156057,卖盘
11:11:06,60.76,-1.19%,-0.01,23,140477,卖盘
11:11:09,60.76,-1.19%,--,2,12881,卖盘
11:11:12,60.76,-1.19%,--,20,125712,卖盘
11:11:15,60.76,-1.19%,--,26,162898,卖盘
11:11:21,60.75,-1.20%,-0.01,127,773651,卖盘
11:11:24,60.75,-1.20%,--,10,65975,买盘
11:11:33,60.75,-1.20%,--,5,34567,买盘
11:11:42,60.74,-1.22%,--,2,14456,卖盘
11:11:51,60.74,-1.22%,--,15,96455,卖盘
11:11:54,60.75,-1.20%,+0.01,7,42525,买盘
11:12:03,60.75,-1.20%,+0.01,18,114878,买盘
11:12:06,60.75,-1.20%,--,10,60750,买盘
11:12:09,60.74,-1.22%,-0.01,44,267256,卖盘
11:12:15,60.74,-1.22%,-0.01,1,10508,卖盘
11:12:30,60.75,-1.20%,--,2,12150,买盘
11:12:33,60.75,-1.20%,--,32,194400,买盘
11:12:36,60.75,-1.20%,--,5,36025,买盘
11:12:39,60.76,-1.19%,+0.01,13,80629,买盘
11:12:42,60.74,-1.22%,-0.02,9,59768,卖盘
11:12:45,60.75,-1.20%,+0.01,3,18225,买盘
11:12:48,60.75,-1.20%,--,1,7047,买盘
11:12:51,60.76,-1.19%,+0.01,10,60760,买盘
11:12:54,60.77,-1.17%,+0.01,10,60770,买盘
11:13:00,60.76,-1.19%,-0.01,7,47636,买盘
11:13:15,60.77,-1.17%,+0.01,13,79001,买盘
11:13:18,60.76,-1.19%,-0.01,10,62704,卖盘
11:13:21,60.77,-1.17%,+0.01,3,24065,买盘
11:13:24,60.77,-1.17%,--,20,121540,买盘
11:13:27,60.77,-1.17%,--,13,83620,买盘
11:13:33,60.77,-1.17%,--,24,150467,买盘
11:13:36,60.77,-1.17%,--,28,172040,买盘
11:13:42,60.77,-1.17%,--,5,32694,买盘
11:13:45,60.77,-1.17%,--,5,36280,买盘
11:13:48,60.76,-1.19%,-0.01,82,498232,卖盘
11:13:51,60.76,-1.19%,--,24,150928,卖盘
11:13:51,60.76,-1.19%,--,24,150928,中性盘
11:13:54,60.77,-1.17%,+0.01,15,94194,买盘
11:13:57,60.77,-1.17%,--,22,137766,买盘
11:14:00,60.78,-1.15%,+0.01,12,75975,买盘
11:14:03,60.77,-1.17%,-0.01,2,12154,中性盘
11:14:09,60.77,-1.17%,--,18,111270,买盘
11:14:12,60.76,-1.19%,-0.01,18,109368,卖盘
11:14:18,60.78,-1.15%,+0.02,8,53730,买盘
11:14:21,60.78,-1.15%,--,111,674658,买盘
11:14:24,60.76,-1.19%,-0.02,4,24304,卖盘
11:14:27,60.76,-1.19%,--,8,48608,卖盘
11:14:30,60.78,-1.15%,+0.02,8,52149,买盘
11:14:33,60.76,-1.19%,-0.02,2,12152,卖盘
11:14:36,60.76,-1.19%,--,20,122492,卖盘
11:14:42,60.78,-1.15%,+0.02,4,27594,买盘
11:14:45,60.78,-1.15%,--,5,30390,买盘
11:14:48,60.78,-1.15%,--,19,118643,买盘
11:14:51,60.76,-1.19%,-0.02,10,60760,卖盘
11:14:54,60.77,-1.17%,+0.01,3,24186,买盘
11:15:00,60.77,-1.17%,--,4,24308,买盘
11:15:03,60.76,-1.19%,-0.01,18,113743,卖盘
11:15:06,60.76,-1.19%,--,14,85854,卖盘
11:15:09,60.74,-1.22%,-0.02,64,394142,卖盘
11:15:15,60.74,-1.22%,--,88,539189,卖盘
11:15:18,60.73,-1.24%,-0.01,24,150793,卖盘
11:15:24,60.73,-1.24%,--,9,58301,卖盘
11:15:27,60.73,-1.24%,--,8,51256,卖盘
11:15:30,60.72,-1.25%,-0.01,7,47301,卖盘
11:15:33,60.72,-1.25%,--,103,626388,卖盘
11:15:36,60.73,-1.24%,+0.01,35,217535,买盘
11:15:39,60.72,-1.25%,-0.01,50,303600,卖盘
11:15:42,60.72,-1.25%,--,16,98427,卖盘
11:15:45,60.7,-1.28%,-0.02,10,60700,卖盘
11:15:48,60.7,-1.28%,--,9,54630,卖盘
11:15:51,60.67,-1.33%,-0.03,69,420382,卖盘
11:15:54,60.67,-1.33%,--,8,51266,卖盘
11:15:57,60.61,-1.43%,-0.06,67,408451,卖盘
11:16:00,60.6,-1.45%,-0.01,54,327240,卖盘
11:16:03,60.67,-1.33%,+0.07,4,26998,买盘
11:16:06,60.67,-1.33%,--,7,44592,买盘
11:16:09,60.68,-1.32%,+0.01,14,90413,买盘
11:16:15,60.7,-1.28%,+0.02,13,78910,买盘
11:16:18,60.68,-1.32%,-0.02,9,59588,买盘
11:16:21,60.68,-1.32%,--,5,30340,买盘
11:16:27,60.7,-1.28%,+0.02,10,60700,买盘
11:16:33,60.66,-1.35%,-0.04,2,12132,卖盘
11:16:36,60.66,-1.35%,--,2,12132,卖盘
11:16:39,60.66,-1.35%,--,0,0,卖盘
11:16:42,60.69,-1.30%,+0.03,10,60690,买盘
11:16:51,60.67,-1.33%,-0.02,2,12134,卖盘
11:16:54,60.69,-1.30%,+0.02,10,60690,买盘
11:17:03,60.69,-1.30%,--,31,188867,买盘
11:17:06,60.69,-1.30%,--,23,144503,买盘
11:17:09,60.69,-1.30%,--,2,13655,买盘
11:17:15,60.67,-1.33%,-0.02,24,145608,卖盘
11:17:15,60.67,-1.33%,--,24,145608,中性盘
11:17:18,60.67,-1.33%,--,19,115273,卖盘
11:17:27,60.67,-1.33%,--,16,97315,卖盘
11:17:30,60.67,-1.33%,--,4,28090,卖盘
11:17:36,60.67,-1.33%,--,10,64492,卖盘
11:17:39,60.67,-1.33%,--,4,29607,卖盘
11:17:42,60.67,-1.33%,--,16,97800,买盘
11:17:54,60.67,-1.33%,--,0,0,卖盘
11:17:57,60.69,-1.30%,+0.02,20,127267,买盘
11:18:00,60.68,-1.32%,-0.01,4,26092,卖盘
11:18:09,60.69,-1.30%,+0.01,5,35686,买盘
11:18:12,60.68,-1.32%,-0.01,12,76639,卖盘
11:18:15,60.69,-1.30%,+0.01,57,345933,中性盘
11:18:18,60.69,-1.30%,--,20,121380,卖盘
11:18:21,60.68,-1.32%,-0.01,13,78884,卖盘
11:18:24,60.68,-1.32%,--,10,60680,卖盘
11:18:27,60.68,-1.32%,--,0,0,卖盘
11:18:30,60.68,-1.32%,--,3,18204,卖盘
11:18:33,60.68,-1.32%,--,37,229431,卖盘
11:18:36,60.69,-1.30%,+0.01,4,29131,买盘
11:18:39,60.69,-1.30%,--,4,24276,买盘
11:18:42,60.68,-1.32%,-0.01,7,42476,卖盘
11:18:45,60.7,-1.28%,+0.02,8,51474,买盘
11:18:48,60.7,-1.28%,--,24,150172,买盘
11:18:51,60.68,-1.32%,-0.02,6,42415,卖盘
11:19:06,60.67,-1.33%,-0.01,2,12134,卖盘
11:19:09,60.67,-1.33%,--,10,60670,卖盘
11:19:12,60.67,-1.33%,--,2,14439,卖盘
11:19:15,60.66,-1.35%,-0.01,52,315493,卖盘
11:19:18,60.65,-1.37%,-0.01,39,241326,卖盘
11:19:24,60.61,-1.43%,-0.04,30,181830,卖盘
11:19:33,60.67,-1.33%,+0.06,3,23176,买盘
11:19:36,60.6,-1.45%,-0.07,37,229795,卖盘
11:19:39,60.6,-1.45%,--,49,301485,卖盘
11:19:42,60.58,-1.48%,-0.02,50,302900,卖盘
11:19:45,60.57,-1.50%,-0.01,22,135071,卖盘
11:19:51,60.53,-1.56%,-0.04,42,254226,卖盘
11:19:54,60.56,-1.51%,+0.03,5,31128,买盘
11:19:57,60.58,-1.48%,+0.02,22,133579,买盘
11:20:00,60.57,-1.50%,-0.01,38,235799,卖盘
11:20:03,60.59,-1.46%,+0.02,64,392926,买盘
11:20:06,60.61,-1.43%,+0.02,29,175769,买盘
11:20:09,60.67,-1.33%,+0.06,6,39800,买盘
11:20:12,60.63,-1.40%,-0.04,28,169764,卖盘
11:20:21,60.68,-1.32%,--,0,0,买盘
11:20:24,60.63,-1.40%,-0.05,10,60630,卖盘
11:20:27,60.68,-1.32%,+0.05,10,60680,买盘
11:20:30,60.64,-1.38%,-0.04,16,98964,卖盘
11:20:33,60.7,-1.28%,+0.06,30,182100,买盘
11:27:27,60.95,-0.88%,--,40,244349,中性盘
11:27:33,60.95,-0.88%,--,10,63449,买盘
11:27:39,60.95,-0.88%,--,20,121900,卖盘
11:27:42,60.95,-0.88%,--,17,103615,卖盘
11:27:45,60.96,-0.86%,+0.01,40,245791,买盘
11:27:51,60.96,-0.86%,--,2,12192,买盘
11:27:54,60.95,-0.88%,-0.01,40,248249,卖盘
11:27:57,60.94,-0.89%,-0.01,8,49727,卖盘
11:28:03,60.92,-0.93%,-0.02,7,42644,卖盘
11:28:06,60.92,-0.93%,--,47,289309,卖盘
11:28:09,60.92,-0.93%,--,2,16936,买盘
11:28:12,60.9,-0.96%,-0.02,30,182700,卖盘
11:28:15,60.9,-0.96%,--,32,198717,卖盘
11:28:18,60.84,-1.06%,-0.06,8,48672,卖盘
11:28:24,60.96,-0.86%,+0.12,183,1117153,买盘
11:28:30,60.81,-1.11%,-0.15,16,97296,卖盘
11:28:36,60.95,-0.88%,+0.14,17,103615,买盘
11:28:39,60.97,-0.85%,+0.02,25,158217,买盘
11:28:42,60.97,-0.85%,--,3,21827,买盘
11:28:45,60.93,-0.91%,-0.04,14,87983,中性盘
11:28:48,60.94,-0.89%,+0.01,6,36564,买盘
11:28:51,60.93,-0.91%,-0.01,18,113695,中性盘
11:28:54,60.97,-0.85%,+0.04,4,24388,买盘
11:28:57,60.91,-0.94%,-0.06,16,101293,卖盘
11:29:00,60.81,-1.11%,-0.1,80,489034,卖盘
11:29:09,60.85,-1.04%,+0.04,10,60850,卖盘
11:29:18,60.95,-0.88%,+0.1,6,36570,买盘
11:29:21,60.85,-1.04%,-0.1,6,36510,卖盘
11:29:27,60.94,-0.89%,+0.09,5,34187,买盘
11:29:30,60.85,-1.04%,-0.09,14,89815,卖盘
11:29:36,60.95,-0.88%,+0.1,41,253735,买盘
11:29:39,60.95,-0.88%,--,6,36570,买盘
11:29:45,60.95,-0.88%,--,3,20114,买盘
11:29:54,60.95,-0.88%,--,16,97520,买盘
11:29:57,60.95,-0.88%,--,10,60950,买盘
11:29:59,60.95,-0.88%,--,2,15786,买盘
13:00:03,60.85,-1.04%,-0.1,316,1928702,卖盘
13:00:06,60.94,-0.89%,+0.09,239,1458904,买盘
13:00:09,60.97,-0.85%,+0.03,183,1118495,买盘
13:00:12,60.96,-0.86%,-0.01,82,499933,中性盘
13:00:15,60.96,-0.86%,--,0,0,买盘
13:00:18,60.93,-0.91%,-0.03,5,30465,中性盘
13:00:21,60.85,-1.04%,-0.08,84,511383,卖盘
13:00:24,60.85,-1.04%,--,108,659553,卖盘
13:00:27,60.81,-1.11%,-0.04,17,109032,卖盘
13:00:30,60.82,-1.09%,+0.01,2,12164,中性盘
13:00:33,60.79,-1.14%,-0.03,77,468083,卖盘
13:00:36,60.79,-1.14%,--,33,201519,卖盘
13:00:42,60.79,-1.14%,--,15,96656,买盘
13:00:45,60.77,-1.17%,-0.02,14,89636,中性盘
13:00:51,60.79,-1.14%,+0.02,8,51246,买盘
13:00:54,60.75,-1.20%,-0.04,24,151693,卖盘
13:00:54,60.75,-1.20%,--,24,151693,中性盘
13:00:54,60.75,-1.20%,--,24,151693,买盘
13:00:57,60.73,-1.24%,-0.02,29,177332,卖盘
13:01:00,60.65,-1.37%,-0.08,107,654110,卖盘
13:01:03,60.65,-1.37%,--,15,90975,买盘
13:01:06,60.63,-1.40%,-0.02,23,142481,卖盘
13:01:09,60.6,-1.45%,-0.03,57,345420,卖盘
13:01:12,60.6,-1.45%,--,21,130229,卖盘
13:01:15,60.6,-1.45%,--,3,18180,买盘
13:01:18,60.58,-1.48%,-0.02,18,110316,卖盘
13:01:21,60.6,-1.45%,+0.02,14,84840,买盘
13:01:24,60.62,-1.41%,+0.02,64,390757,买盘
13:01:27,60.6,-1.45%,-0.02,19,119321,卖盘
13:01:30,60.59,-1.46%,-0.01,157,956656,卖盘
13:01:33,60.59,-1.46%,--,26,157534,买盘
13:01:36,60.58,-1.48%,-0.01,4,24353,卖盘
13:01:39,60.58,-1.48%,--,64,387712,卖盘
13:01:42,60.57,-1.50%,-0.01,6,36342,卖盘
13:01:45,60.58,-1.48%,+0.01,10,60580,买盘
13:01:48,60.57,-1.50%,-0.01,19,118717,卖盘
13:01:51,60.57,-1.50%,--,0,0,卖盘
13:01:57,60.6,-1.45%,+0.03,6,41390,买盘
13:02:00,60.59,-1.46%,-0.01,2,12118,中性盘
13:02:03,60.59,-1.46%,--,23,139357,卖盘
13:02:06,60.6,-1.45%,+0.01,6,36360,买盘
13:02:09,60.64,-1.38%,+0.04,198,1205705,买盘
13:02:12,60.65,-1.37%,+0.01,123,749391,买盘
13:02:15,60.6,-1.45%,-0.05,110,666600,卖盘
13:02:18,60.6,-1.45%,--,93,564065,卖盘
13:02:21,60.74,-1.22%,+0.14,18,109332,买盘
13:02:24,60.74,-1.22%,--,0,0,买盘
13:02:30,60.71,-1.27%,-0.03,2,12142,买盘
13:02:33,60.61,-1.43%,-0.1,136,824296,卖盘
13:02:36,60.71,-1.27%,+0.1,3,18213,中性盘
13:02:42,60.72,-1.25%,+0.01,9,54648,买盘
13:02:45,60.74,-1.22%,+0.02,34,207306,中性盘
13:02:48,60.7,-1.28%,-0.04,157,955297,卖盘
13:02:51,60.7,-1.28%,--,2,12140,买盘
13:02:54,60.67,-1.33%,-0.03,28,173092,卖盘
13:02:57,60.7,-1.28%,+0.03,2,12140,买盘
13:03:00,60.7,-1.28%,--,0,0,买盘
13:03:03,60.67,-1.33%,-0.03,23,143485,卖盘
13:03:06,60.67,-1.33%,--,28,169876,卖盘
13:03:09,60.67,-1.33%,--,61,375911,买盘
13:03:12,60.59,-1.46%,-0.08,95,578089,卖盘
13:03:15,60.59,-1.46%,--,18,112637,卖盘
13:03:18,60.57,-1.50%,-0.02,14,84798,卖盘
13:03:21,60.57,-1.50%,--,8,48456,买盘
13:03:24,60.55,-1.53%,-0.02,27,167542,卖盘
13:03:27,60.55,-1.53%,--,0,0,中性盘
13:03:30,60.56,-1.51%,+0.01,13,78728,买盘
13:03:33,60.55,-1.53%,-0.01,9,56372,中性盘
13:03:36,60.56,-1.51%,+0.01,2,12112,买盘
13:03:39,60.57,-1.50%,+0.01,7,43065,买盘
13:03:42,60.57,-1.50%,--,38,230166,买盘
13:03:45,60.7,-1.28%,+0.13,544,3302080,买盘
13:03:48,60.7,-1.28%,--,20,124192,买盘
13:03:54,60.7,-1.28%,--,9,57544,买盘
13:03:57,60.7,-1.28%,--,2,12626,卖盘
13:04:00,60.6,-1.45%,-0.1,21,129320,卖盘
13:04:03,60.59,-1.46%,-0.01,7,42716,卖盘
13:04:06,60.66,-1.35%,+0.07,2,12132,中性盘
13:04:09,60.55,-1.53%,-0.11,52,318190,卖盘
13:04:12,60.55,-1.53%,--,4,24220,买盘
13:04:15,60.55,-1.53%,--,5,34453,买盘
13:04:18,60.54,-1.54%,-0.01,9,56484,卖盘
13:04:18,60.54,-1.54%,--,9,56484,中性盘
13:04:18,60.54,-1.54%,--,9,56484,卖盘
13:04:21,60.55,-1.53%,+0.01,2,15743,买盘
13:04:24,60.55,-1.53%,--,15,90825,买盘
13:04:27,60.55,-1.53%,--,29,180621,买盘
13:04:33,60.55,-1.53%,--,0,0,卖盘
13:04:36,60.56,-1.51%,+0.01,4,24224,卖盘
13:04:39,60.58,-1.48%,+0.02,33,204942,买盘
13:04:45,60.55,-1.53%,-0.03,40,242200,卖盘
13:04:48,60.59,-1.46%,+0.04,5,33930,买盘
13:04:54,60.59,-1.46%,--,2,12239,买盘
13:04:57,60.58,-1.48%,-0.01,33,201550,卖盘
13:05:00,60.59,-1.46%,+0.01,7,42413,买盘
13:05:03,60.58,-1.48%,-0.01,111,674498,卖盘
13:05:06,60.58,-1.48%,--,53,322346,卖盘
13:05:12,60.58,-1.48%,--,35,213120,卖盘
13:05:15,60.61,-1.43%,+0.03,2,18062,买盘
13:05:18,60.51,-1.59%,-0.1,235,1426947,卖盘
13:05:21,60.59,-1.46%,+0.08,2,12118,中性盘
13:05:24,60.58,-1.48%,-0.01,4,24232,卖盘
13:05:27,60.31,-1.92%,-0.27,507,3059647,卖盘
13:05:30,60.31,-1.92%,--,0,0,卖盘
13:05:33,60.55,-1.53%,+0.24,2,12110,买盘
13:05:36,60.32,-1.90%,-0.23,200,1206400,卖盘
13:05:39,60.32,-1.90%,--,0,0,卖盘
13:05:42,60.5,-1.61%,+0.18,6,36300,买盘
13:05:45,60.33,-1.89%,-0.17,87,529577,卖盘
13:05:48,60.54,-1.54%,+0.21,98,599104,买盘
13:05:51,60.5,-1.61%,-0.04,62,375100,中性盘
13:05:54,60.46,-1.68%,-0.04,203,1229817,卖盘
13:05:57,60.49,-1.63%,+0.03,9,57768,买盘
13:06:00,60.49,-1.63%,--,0,0,买盘
13:06:03,60.49,-1.63%,--,4,24619,买盘
13:06:06,60.52,-1.58%,+0.03,58,351016,买盘
13:06:09,60.52,-1.58%,--,20,125518,卖盘
13:06:12,60.49,-1.63%,-0.03,33,203851,卖盘
13:06:15,60.48,-1.64%,-0.01,56,338869,卖盘
13:06:18,60.5,-1.61%,+0.02,4,27649,买盘
13:06:21,60.5,-1.61%,--,7,44165,卖盘
13:06:27,60.49,-1.63%,-0.01,10,66055,卖盘
13:06:30,60.48,-1.64%,-0.01,227,1377976,卖盘
13:06:33,60.5,-1.61%,+0.02,26,161535,买盘
13:06:36,60.51,-1.59%,+0.01,18,108918,买盘
13:06:39,60.51,-1.59%,--,7,42599,买盘
13:06:42,60.48,-1.64%,-0.03,52,314496,卖盘
13:06:45,60.29,-1.95%,-0.19,200,1205800,卖盘
13:06:51,60.48,-1.64%,+0.19,12,77898,买盘
13:06:54,60.23,-2.05%,-0.25,200,1204600,卖盘
13:06:57,60.37,-1.82%,+0.14,86,522080,卖盘
13:07:00,60.2,-2.10%,-0.17,214,1288280,卖盘
13:07:03,60.3,-1.94%,+0.1,10,60300,卖盘
13:07:06,60.29,-1.95%,-0.01,76,458204,卖盘
13:07:09,60.4,-1.77%,+0.11,21,132216,买盘
13:07:12,60.38,-1.81%,-0.02,2,12076,中性盘
13:07:15,60.42,-1.74%,+0.04,28,169176,买盘
13:07:18,60.41,-1.76%,-0.01,232,1404230,卖盘
13:07:21,60.41,-1.76%,--,0,0,买盘
13:07:24,60.3,-1.94%,-0.11,225,1356750,卖盘
13:07:27,60.38,-1.81%,+0.08,6,41421,中性盘
13:07:30,60.4,-1.77%,+0.02,38,230426,买盘
13:07:33,60.4,-1.77%,--,10,60400,买盘
13:07:36,60.31,-1.92%,-0.09,48,295157,卖盘
13:07:39,60.41,-1.76%,+0.1,10,63431,买盘
13:07:42,60.24,-2.03%,-0.17,209,1259377,卖盘
13:07:42,60.24,-2.03%,--,209,1259377,中性盘
13:07:42,60.24,-2.03%,--,209,1259377,卖盘
13:07:45,60.32,-1.90%,+0.08,17,102544,中性盘
13:07:48,60.43,-1.72%,+0.11,4,24172,买盘
13:07:51,60.42,-1.74%,-0.01,2,12084,卖盘
13:07:54,60.41,-1.76%,-0.01,36,217476,卖盘
13:07:57,60.41,-1.76%,--,0,0,卖盘
13:08:00,60.37,-1.82%,-0.04,303,1831324,卖盘
13:08:03,60.39,-1.79%,+0.02,5,34181,买盘
13:08:06,60.38,-1.81%,-0.01,34,206017,买盘
13:08:09,60.36,-1.84%,-0.02,368,2225111,卖盘
13:08:12,60.29,-1.95%,-0.07,23,142345,卖盘
13:08:15,60.29,-1.95%,--,19,114551,卖盘
13:08:18,60.37,-1.82%,+0.08,340,2053969,中性盘
13:08:21,60.3,-1.94%,-0.07,6,41366,卖盘
13:08:24,60.32,-1.90%,+0.02,2,12064,卖盘
13:08:27,60.32,-1.90%,--,0,0,中性盘
13:08:30,60.3,-1.94%,-0.02,40,241200,卖盘
13:08:33,60.25,-2.02%,-0.05,30,180750,卖盘
13:08:36,60.28,-1.97%,+0.03,14,84874,中性盘
13:08:39,60.29,-1.95%,+0.01,503,3034516,中性盘
13:08:42,60.15,-2.18%,-0.14,66,401441,卖盘
13:08:45,60.1,-2.26%,-0.05,54,324540,卖盘
13:08:48,60.1,-2.26%,--,900,5414529,卖盘
13:08:51,60.25,-2.02%,+0.15,11,66275,买盘
13:08:54,60.25,-2.02%,--,11,70854,买盘
13:08:57,60.2,-2.10%,-0.05,20,120400,卖盘
13:09:00,60.25,-2.02%,+0.05,7,42175,中性盘
13:09:03,60.25,-2.02%,--,4,29342,买盘
13:09:06,60.29,-1.95%,+0.04,41,250806,买盘
13:09:09,60.29,-1.95%,--,20,125886,买盘
13:09:12,60.29,-1.95%,--,126,759714,卖盘
13:09:15,60.31,-1.92%,+0.02,8,50902,买盘
13:09:18,60.34,-1.87%,+0.03,22,135946,买盘
13:09:21,60.32,-1.90%,-0.02,19,117805,中性盘
13:09:24,60.34,-1.87%,+0.02,8,48694,买盘
13:09:27,60.31,-1.92%,-0.03,9,57234,卖盘
13:09:30,60.38,-1.81%,+0.07,28,169064,买盘
13:09:33,60.39,-1.79%,+0.01,35,211486,买盘
13:09:36,60.37,-1.82%,-0.02,18,113979,卖盘
13:09:39,60.37,-1.82%,--,10,62724,买盘
13:09:42,60.37,-1.82%,--,0,0,买盘
13:09:45,60.37,-1.82%,--,5,30728,买盘
13:09:48,60.37,-1.82%,--,2,12074,买盘
13:09:51,60.34,-1.87%,-0.03,212,1280234,卖盘
13:09:54,60.38,-1.81%,+0.04,22,137666,买盘
13:09:57,60.33,-1.89%,-0.05,5,30346,卖盘
13:10:00,60.36,-1.84%,+0.03,12,76295,中性盘
13:10:03,60.36,-1.84%,--,2,12072,买盘
13:10:06,60.34,-1.87%,-0.02,17,105233,中性盘
13:10:09,60.34,-1.87%,--,21,126714,买盘
13:10:12,60.33,-1.89%,-0.01,7,42231,卖盘
13:10:15,60.3,-1.94%,-0.03,30,186448,卖盘
13:10:18,60.29,-1.95%,-0.01,30,183040,卖盘
13:10:21,60.28,-1.97%,-0.01,31,188918,卖盘
13:10:24,60.28,-1.97%,--,24,147385,买盘
13:10:27,60.3,-1.94%,+0.02,27,167574,买盘
13:10:33,60.3,-1.94%,+0.02,11,68441,买盘
13:10:36,60.28,-1.97%,-0.02,13,82704,卖盘
13:10:39,60.28,-1.97%,--,20,124358,卖盘
13:10:42,60.29,-1.95%,+0.01,6,36174,中性盘
13:10:45,60.28,-1.97%,-0.01,35,215320,卖盘
13:10:48,60.25,-2.02%,-0.03,68,413857,卖盘
13:10:51,60.3,-1.94%,+0.05,44,268094,买盘
13:10:54,60.28,-1.97%,-0.02,2,12056,卖盘
13:10:57,60.28,-1.97%,--,7,42196,卖盘
13:11:00,60.28,-1.97%,--,12,73783,卖盘
13:11:03,60.28,-1.97%,--,5,30140,卖盘
13:11:06,60.25,-2.02%,-0.03,41,249013,卖盘
13:11:06,60.25,-2.02%,--,41,249013,中性盘
13:11:06,60.25,-2.02%,--,41,249013,卖盘
13:11:09,60.23,-2.05%,-0.02,13,79142,卖盘
13:11:12,60.23,-2.05%,--,17,102391,卖盘
13:11:15,60.21,-2.08%,-0.02,52,313453,卖盘
13:11:18,60.22,-2.07%,+0.01,6,39143,中性盘
13:11:21,60.21,-2.08%,-0.01,6,39137,卖盘
13:11:24,60.2,-2.10%,-0.01,72,433861,卖盘
13:11:27,60.23,-2.05%,+0.03,16,97392,买盘
13:11:30,60.22,-2.07%,-0.01,7,42154,中性盘
13:11:33,60.21,-2.08%,-0.01,20,125237,卖盘
13:11:36,60.2,-2.10%,-0.01,30,182707,卖盘
13:11:39,60.22,-2.07%,+0.02,15,90330,买盘
13:11:42,60.22,-2.07%,--,9,54559,买盘
13:11:45,60.22,-2.07%,--,7,45767,买盘
13:11:48,60.2,-2.10%,-0.02,6,36120,卖盘
13:11:51,60.23,-2.05%,+0.03,6,37102,买盘
13:11:54,60.23,-2.05%,--,5,35114,卖盘
13:11:57,60.23,-2.05%,--,3,18069,卖盘
13:12:00,60.21,-2.08%,-0.02,21,129271,卖盘
13:12:03,60.21,-2.08%,--,10,60210,卖盘
13:12:06,60.24,-2.03%,+0.03,2,12048,买盘
13:12:09,60.24,-2.03%,--,0,0,中性盘
13:12:12,60.23,-2.05%,-0.01,60,361380,买盘
13:12:15,60.24,-2.03%,+0.01,3,18072,卖盘
13:12:18,60.25,-2.02%,+0.01,10,62419,买盘
13:12:21,60.25,-2.02%,--,10,60250,买盘
13:12:24,60.25,-2.02%,--,15,93207,买盘
13:12:27,60.25,-2.02%,--,5,32897,买盘
13:12:30,60.27,-1.98%,+0.02,36,221010,买盘
13:12:33,60.27,-1.98%,--,0,0,买盘
13:12:39,60.27,-1.98%,--,23,138621,买盘
13:12:42,60.27,-1.98%,--,39,237584,买盘
13:12:45,60.27,-1.98%,--,18,109089,买盘
13:12:48,60.27,-1.98%,--,43,263320,买盘
13:12:51,60.28,-1.97%,+0.01,5,30562,买盘
13:12:57,60.29,-1.95%,+0.01,50,303319,买盘
13:13:00,60.28,-1.97%,-0.01,38,229064,卖盘
13:13:03,60.3,-1.94%,+0.02,33,201281,买盘
13:13:06,60.3,-1.94%,--,0,0,买盘
13:13:09,60.31,-1.92%,+0.01,31,187624,买盘
13:13:12,60.31,-1.92%,--,8,48248,卖盘
13:13:15,60.32,-1.90%,+0.01,40,243090,买盘
13:13:18,60.31,-1.92%,-0.01,43,263615,卖盘
13:13:21,60.31,-1.92%,--,31,190037,买盘
13:13:24,60.33,-1.89%,+0.02,10,60933,买盘
13:13:27,60.31,-1.92%,-0.02,16,96556,卖盘
13:13:30,60.33,-1.89%,+0.02,14,84462,买盘
13:13:33,60.32,-1.90%,-0.01,10,63396,卖盘
13:13:36,60.3,-1.94%,-0.02,116,705389,卖盘
13:13:39,60.35,-1.85%,+0.05,27,168437,买盘
13:13:42,60.3,-1.94%,-0.05,57,348534,卖盘
13:13:45,60.3,-1.94%,--,42,258265,卖盘
13:13:48,60.32,-1.90%,+0.02,38,235067,买盘
13:13:51,60.3,-1.94%,-0.02,2,12060,卖盘
13:13:57,60.29,-1.95%,-0.01,106,644741,卖盘
13:14:00,60.31,-1.92%,+0.02,8,49394,买盘
13:14:03,60.29,-1.95%,-0.02,7,47509,买盘
13:14:06,60.28,-1.97%,-0.01,240,1446841,卖盘
13:14:09,60.31,-1.92%,+0.03,5,32929,买盘
13:14:12,60.3,-1.94%,-0.01,2,12060,中性盘
13:14:15,60.31,-1.92%,+0.01,8,54219,买盘
13:14:18,60.3,-1.94%,-0.01,48,289440,卖盘
13:14:21,60.29,-1.95%,-0.01,24,146927,卖盘
13:14:24,60.3,-1.94%,+0.01,13,78390,中性盘
13:14:27,60.27,-1.98%,-0.03,36,218057,卖盘
13:14:30,60.3,-1.94%,+0.03,36,220095,中性盘
13:14:30,60.3,-1.94%,--,36,220095,中性盘
13:14:30,60.3,-1.94%,--,36,220095,卖盘
13:14:33,60.32,-1.90%,+0.02,9,54288,买盘
13:14:36,60.34,-1.87%,+0.02,10,60340,买盘
13:14:39,60.31,-1.92%,-0.03,6,36186,卖盘
13:14:42,60.34,-1.87%,+0.03,2,12732,买盘
13:14:45,60.34,-1.87%,--,8,52918,买盘
13:14:48,60.34,-1.87%,--,6,36204,买盘
13:14:51,60.34,-1.87%,--,12,77175,买盘
13:14:54,60.34,-1.87%,--,2,12068,买盘
13:15:00,60.34,-1.87%,--,9,54306,买盘
13:15:06,60.26,-2.00%,-0.08,102,614652,卖盘
13:15:09,60.34,-1.87%,+0.08,10,60340,买盘
13:15:12,60.33,-1.89%,-0.01,2,12066,中性盘
13:15:15,60.26,-2.00%,-0.07,4,24104,卖盘
13:15:18,60.35,-1.85%,+0.09,2,12191,买盘
13:15:27,60.34,-1.87%,-0.01,10,60340,卖盘
13:15:30,60.33,-1.89%,-0.01,15,93150,卖盘
13:15:33,60.32,-1.90%,-0.01,5,35589,卖盘
13:15:36,60.27,-1.98%,-0.05,10,60270,卖盘
13:15:39,60.27,-1.98%,--,10,60270,卖盘
13:15:48,60.27,-1.98%,--,3,18081,卖盘
13:15:51,60.27,-1.98%,--,6,36162,卖盘
13:15:54,60.34,-1.87%,+0.07,10,60340,买盘
13:15:57,60.29,-1.95%,-0.05,4,24116,中性盘
13:16:00,60.29,-1.95%,--,0,0,卖盘
13:16:06,60.34,-1.87%,+0.05,24,144816,买盘
13:16:09,60.3,-1.94%,-0.04,5,31055,卖盘
13:16:12,60.34,-1.87%,+0.04,11,68788,买盘
13:16:15,60.31,-1.92%,-0.03,12,75448,买盘
13:16:18,60.26,-2.00%,-0.05,71,430076,卖盘
13:16:21,60.26,-2.00%,--,44,265626,卖盘
13:16:24,60.24,-2.03%,-0.02,150,908479,卖盘
13:16:27,60.22,-2.07%,-0.02,10,60220,卖盘
13:16:30,60.23,-2.05%,+0.01,18,108414,中性盘
13:16:33,60.21,-2.08%,-0.02,88,532377,卖盘
13:16:36,60.2,-2.10%,-0.01,28,171570,卖盘
13:16:39,60.25,-2.02%,+0.05,39,236963,买盘
13:16:42,60.25,-2.02%,--,5,30366,买盘
13:16:45,60.26,-2.00%,+0.01,48,293526,卖盘
13:16:54,60.27,-1.98%,+0.01,15,93660,买盘
13:16:57,60.26,-2.00%,-0.01,2,12052,卖盘
13:17:00,60.29,-1.95%,+0.03,10,60290,买盘
13:17:03,60.28,-1.97%,-0.01,4,24112,买盘
13:17:06,60.28,-1.97%,--,8,48767,卖盘
13:17:09,60.28,-1.97%,--,9,54252,买盘
13:17:12,60.27,-1.98%,-0.01,8,53701,卖盘
13:17:15,60.29,-1.95%,+0.02,8,49739,买盘
13:17:18,60.29,-1.95%,--,2,12058,买盘
13:17:21,60.26,-2.00%,-0.03,25,153000,卖盘
13:17:24,60.29,-1.95%,+0.03,2,12721,买盘
13:17:30,60.29,-1.95%,--,3,18087,买盘
13:17:36,60.29,-1.95%,--,15,90435,买盘
13:17:39,60.29,-1.95%,--,30,182257,买盘
13:17:48,60.3,-1.94%,+0.01,30,181925,买盘
13:17:51,60.31,-1.92%,+0.01,34,205054,买盘
13:17:54,60.31,-1.92%,--,2,13690,买盘
13:21:18,60.23,-2.05%,-0.02,11,66253,中性盘
13:21:21,60.21,-2.08%,-0.02,4,24084,卖盘
13:21:24,60.2,-2.10%,-0.01,7,43464,卖盘
13:21:27,60.23,-2.05%,+0.03,14,89020,买盘
13:21:33,60.21,-2.08%,-0.02,9,58885,卖盘
13:21:39,60.17,-2.15%,-0.04,204,1227468,卖盘
13:21:42,60.23,-2.05%,+0.06,3,18491,买盘
13:21:45,60.23,-2.05%,--,20,122026,买盘
13:21:48,60.21,-2.08%,-0.02,0,2047,卖盘
13:21:51,60.21,-2.08%,--,9,54189,买盘
13:21:54,60.2,-2.10%,-0.01,15,94634,卖盘
13:21:57,60.23,-2.05%,+0.03,8,48184,买盘
13:22:00,60.23,-2.05%,--,0,0,买盘
13:22:06,60.22,-2.07%,-0.01,2,12044,买盘
13:22:09,60.21,-2.08%,-0.01,60,361260,卖盘
13:22:12,60.23,-2.05%,+0.02,9,54990,买盘
13:22:18,60.23,-2.05%,--,14,84322,买盘
13:22:21,60.21,-2.08%,-0.02,36,216756,卖盘
13:22:24,60.22,-2.07%,+0.01,3,18066,卖盘
13:22:27,60.22,-2.07%,--,2,14995,买盘
13:22:33,60.21,-2.08%,-0.01,11,71710,卖盘
13:22:36,60.22,-2.07%,+0.01,12,72445,买盘
13:22:39,60.22,-2.07%,--,0,1024,买盘
13:22:42,60.22,-2.07%,--,5,30110,卖盘
13:22:45,60.22,-2.07%,--,18,110443,卖盘
13:22:48,60.22,-2.07%,--,20,120440,卖盘
13:22:51,60.23,-2.05%,+0.01,10,64326,买盘
13:22:54,60.22,-2.07%,-0.01,7,42154,卖盘
13:22:57,60.23,-2.05%,+0.01,16,96970,买盘
13:23:00,60.23,-2.05%,--,10,60230,买盘
13:23:03,60.24,-2.03%,+0.01,92,554208,买盘
13:23:06,60.24,-2.03%,--,3,19217,买盘
13:23:21,60.24,-2.03%,--,9,54216,卖盘
13:23:24,60.25,-2.02%,+0.01,22,132550,买盘
13:23:30,60.25,-2.02%,--,42,258111,买盘
13:23:33,60.27,-1.98%,+0.02,29,176953,买盘
13:23:36,60.28,-1.97%,+0.01,45,275058,买盘
13:23:42,60.28,-1.97%,--,2,12116,买盘
13:23:54,60.28,-1.97%,--,4,24112,买盘
13:23:57,60.28,-1.97%,--,3,18084,买盘
13:24:00,60.28,-1.97%,--,67,404660,买盘
13:24:03,60.28,-1.97%,--,11,66308,买盘
13:24:06,60.28,-1.97%,--,2,12056,买盘
13:24:12,60.29,-1.95%,+0.01,4,29361,买盘
13:24:15,60.29,-1.95%,--,4,28999,买盘
13:24:21,60.29,-1.95%,--,42,253218,买盘
13:24:24,60.28,-1.97%,-0.01,21,129120,卖盘
13:24:27,60.28,-1.97%,--,0,0,卖盘
13:24:30,60.28,-1.97%,--,39,235695,卖盘
13:24:33,60.31,-1.92%,+0.03,3,20505,买盘
13:24:36,60.3,-1.94%,-0.01,4,24120,卖盘
13:24:42,60.31,-1.92%,+0.01,38,234304,买盘
13:31:30,60.47,-1.66%,--,9,56600,中性盘
13:31:33,60.47,-1.66%,--,0,0,买盘
13:31:36,60.48,-1.64%,+0.01,55,333305,买盘
13:31:42,60.47,-1.66%,-0.01,2,12094,中性盘
13:31:48,60.49,-1.63%,+0.02,78,476540,买盘
13:31:51,60.49,-1.63%,--,24,145176,卖盘
13:31:54,60.49,-1.63%,--,6,42041,卖盘
13:31:57,60.5,-1.61%,+0.01,54,327668,买盘
13:32:00,60.5,-1.61%,--,4,24200,卖盘
13:32:03,60.52,-1.58%,+0.02,23,144098,买盘
13:32:06,60.52,-1.58%,--,0,0,买盘
13:32:09,60.52,-1.58%,--,12,72624,买盘
13:32:12,60.54,-1.54%,+0.02,53,321104,买盘
13:32:15,60.54,-1.54%,--,0,0,买盘
13:32:18,60.54,-1.54%,--,4,28393,买盘
13:32:21,60.54,-1.54%,--,3,23066,买盘
13:32:24,60.54,-1.54%,--,23,141119,买盘
13:32:30,60.54,-1.54%,--,2,12108,买盘
13:32:33,60.53,-1.56%,-0.01,13,80989,买盘
13:32:36,60.53,-1.56%,--,58,351498,买盘
13:32:39,60.51,-1.59%,-0.02,38,233629,卖盘
13:32:42,60.51,-1.59%,--,15,96211,买盘
13:32:48,60.54,-1.54%,+0.03,12,78278,卖盘
13:32:51,60.53,-1.56%,-0.01,7,42795,卖盘
13:32:54,60.52,-1.58%,-0.01,2,12104,中性盘
13:32:57,60.51,-1.59%,-0.01,16,96816,卖盘
13:33:00,60.52,-1.58%,+0.01,9,59128,卖盘
13:33:03,60.51,-1.59%,-0.01,4,25172,卖盘
13:33:06,60.52,-1.58%,+0.01,5,30260,中性盘
13:33:09,60.53,-1.56%,+0.01,2,12106,买盘
13:33:12,60.54,-1.54%,+0.01,10,60540,买盘
13:33:15,60.54,-1.54%,--,5,33479,买盘
13:33:18,60.53,-1.56%,-0.01,5,30265,卖盘
13:33:21,60.56,-1.51%,+0.03,15,93020,买盘
13:33:27,60.56,-1.51%,--,40,242240,买盘
13:33:30,60.53,-1.56%,-0.03,21,127113,卖盘
13:33:33,60.53,-1.56%,--,49,299987,卖盘
13:33:36,60.56,-1.51%,+0.03,2,12112,买盘
13:33:39,60.53,-1.56%,-0.03,55,335820,卖盘
13:33:42,60.54,-1.54%,+0.01,45,276849,买盘
13:33:45,60.56,-1.51%,+0.02,12,73338,买盘
13:33:48,60.58,-1.48%,+0.02,125,761369,买盘
13:33:51,60.57,-1.50%,-0.01,40,242280,卖盘
13:33:54,60.59,-1.46%,+0.02,12,72890,买盘
13:33:57,60.57,-1.50%,-0.02,8,49667,卖盘
13:34:00,60.56,-1.51%,-0.01,9,54504,卖盘
13:34:12,60.6,-1.45%,+0.04,155,940088,买盘
13:34:15,60.56,-1.51%,-0.04,58,351611,卖盘
13:34:18,60.63,-1.40%,+0.07,32,196199,买盘
13:34:21,60.63,-1.40%,--,14,84882,卖盘
13:34:24,60.66,-1.35%,+0.03,21,130055,买盘
13:34:27,60.69,-1.30%,+0.03,56,345205,买盘
13:34:30,60.69,-1.30%,--,2,12138,买盘
13:34:33,60.69,-1.30%,--,0,0,买盘
13:34:36,60.73,-1.24%,+0.04,22,133606,买盘
13:34:39,60.73,-1.24%,--,9,59212,买盘
13:34:42,60.69,-1.30%,-0.04,14,84966,卖盘
13:34:45,60.76,-1.19%,+0.07,54,333815,买盘
13:34:48,60.76,-1.19%,--,114,695884,卖盘
13:34:51,60.77,-1.17%,+0.01,15,94740,买盘
13:34:54,60.77,-1.17%,--,2,13005,买盘
13:34:54,60.77,-1.17%,--,2,13005,中性盘
13:34:57,60.77,-1.17%,--,113,689557,中性盘
13:35:00,60.77,-1.17%,--,17,107138,卖盘
13:35:03,60.8,-1.12%,+0.03,15,91200,买盘
13:35:06,60.84,-1.06%,+0.04,28,170352,买盘
13:35:09,60.86,-1.02%,+0.02,21,130484,买盘
13:35:12,60.85,-1.04%,-0.01,12,76367,卖盘
13:35:15,60.85,-1.04%,--,19,119266,买盘
13:35:18,60.85,-1.04%,--,29,177195,买盘
13:35:21,60.78,-1.15%,-0.07,55,335931,卖盘
13:35:24,60.84,-1.06%,+0.06,15,95945,中性盘
13:35:30,60.84,-1.06%,--,3,18252,买盘
13:35:33,60.84,-1.06%,--,0,0,买盘
13:35:36,60.84,-1.06%,--,21,129163,买盘
13:35:39,60.83,-1.07%,-0.01,24,146844,中性盘
13:35:42,60.81,-1.11%,-0.02,15,93951,卖盘
13:35:45,60.83,-1.07%,+0.02,115,701127,买盘
13:35:48,60.83,-1.07%,--,40,247517,买盘
13:35:51,60.8,-1.12%,-0.03,109,664666,卖盘
13:35:54,60.8,-1.12%,--,22,137104,买盘
13:35:57,60.8,-1.12%,--,3,21098,买盘
13:36:00,60.77,-1.17%,-0.03,44,268968,卖盘
13:36:03,60.8,-1.12%,+0.03,15,93814,买盘
13:36:06,60.77,-1.17%,-0.03,35,213971,卖盘
13:36:09,60.77,-1.17%,--,0,0,卖盘
13:36:12,60.77,-1.17%,--,368,2239861,卖盘
13:36:15,60.77,-1.17%,--,32,194464,卖盘
13:36:18,60.82,-1.09%,+0.05,2,12164,买盘
13:36:21,60.85,-1.04%,+0.03,35,217417,买盘
13:36:24,60.85,-1.04%,--,6,37423,卖盘
13:36:27,60.88,-0.99%,+0.03,97,592484,买盘
13:36:30,60.85,-1.04%,-0.03,11,70951,卖盘
13:36:33,60.87,-1.01%,+0.02,6,36522,买盘
13:36:36,60.87,-1.01%,--,1,10409,买盘
13:36:39,60.91,-0.94%,+0.04,18,109638,买盘
13:36:42,60.9,-0.96%,-0.01,32,197925,中性盘
13:36:45,60.87,-1.01%,-0.03,23,140001,卖盘
13:36:48,60.87,-1.01%,--,28,172262,卖盘
13:36:51,60.9,-0.96%,+0.03,21,132823,买盘
13:36:54,60.9,-0.96%,--,49,302490,买盘
13:37:00,60.9,-0.96%,--,6,39585,卖盘
13:37:03,60.93,-0.91%,+0.03,26,159515,买盘
13:37:06,60.9,-0.96%,-0.03,35,214368,卖盘
13:37:09,60.9,-0.96%,--,141,861126,卖盘
13:37:12,60.87,-1.01%,-0.03,67,407829,卖盘
13:37:15,60.85,-1.04%,-0.02,99,606857,卖盘
13:37:18,60.89,-0.98%,+0.04,5,34586,中性盘
13:37:21,60.83,-1.07%,-0.06,115,702647,卖盘
13:37:24,60.85,-1.04%,+0.02,58,353173,买盘
13:37:27,60.83,-1.07%,-0.02,45,273735,中性盘
13:37:30,60.85,-1.04%,+0.02,30,182550,买盘
13:37:33,60.81,-1.11%,-0.04,16,99059,卖盘
13:37:36,60.79,-1.14%,-0.02,4,28632,买盘
13:37:39,60.8,-1.12%,+0.01,9,56483,卖盘
13:37:45,60.85,-1.04%,+0.05,102,620670,买盘
13:37:48,60.79,-1.14%,-0.06,18,111914,卖盘
13:37:51,60.79,-1.14%,--,15,94589,卖盘
13:37:54,60.79,-1.14%,--,10,60790,卖盘
13:37:57,60.82,-1.09%,+0.03,20,121640,中性盘
13:38:06,60.79,-1.14%,-0.01,22,136778,卖盘
13:38:09,60.82,-1.09%,+0.03,20,122309,买盘
13:38:12,60.8,-1.12%,-0.02,9,57760,中性盘
13:38:15,60.81,-1.11%,+0.01,2,12162,中性盘
13:38:18,60.82,-1.09%,+0.01,60,367535,买盘
13:45:06,60.92,-0.93%,--,4,27658,中性盘
13:45:12,60.92,-0.93%,--,2,12184,买盘
13:45:15,60.92,-0.93%,--,6,39537,买盘
13:45:18,60.88,-0.99%,-0.04,16,97408,卖盘
13:45:21,60.91,-0.94%,+0.03,5,34110,中性盘
13:45:27,60.91,-0.94%,--,0,0,买盘
13:45:30,60.89,-0.98%,-0.02,27,168117,卖盘
13:45:33,60.9,-0.96%,+0.01,16,97440,买盘
13:45:39,60.9,-0.96%,--,33,203406,买盘
13:45:42,60.88,-0.99%,-0.02,14,86206,卖盘
13:45:45,60.88,-0.99%,--,18,114759,卖盘
13:45:48,60.88,-0.99%,--,10,61793,买盘
13:45:51,60.88,-0.99%,--,2,12176,买盘
13:45:54,60.86,-1.02%,-0.02,63,387617,卖盘
13:45:57,60.82,-1.09%,-0.04,45,277826,卖盘
13:46:00,60.86,-1.02%,+0.04,8,48688,买盘
13:46:06,60.85,-1.04%,-0.01,21,127785,买盘
13:46:09,60.85,-1.04%,--,9,54948,买盘
13:46:12,60.85,-1.04%,--,0,0,买盘
13:46:15,60.83,-1.07%,-0.02,19,117037,卖盘
13:46:18,60.82,-1.09%,-0.01,31,194259,卖盘
13:46:21,60.82,-1.09%,--,2,12164,卖盘
13:46:27,60.83,-1.07%,+0.01,38,233161,买盘
13:46:30,60.85,-1.04%,+0.02,10,60850,买盘
13:46:33,60.83,-1.07%,-0.02,9,56754,卖盘
13:46:36,60.83,-1.07%,--,16,97328,卖盘
13:46:39,60.83,-1.07%,--,6,37715,卖盘
13:46:45,60.83,-1.07%,--,17,103411,买盘
13:46:48,60.83,-1.07%,--,15,94712,买盘
13:46:51,60.82,-1.09%,-0.01,28,172303,中性盘
13:46:54,60.88,-0.99%,+0.06,416,2534982,买盘
13:46:57,60.88,-0.99%,--,23,144468,买盘
13:47:03,60.88,-0.99%,--,5,32449,买盘
13:47:06,60.87,-1.01%,-0.01,190,1160365,卖盘
13:47:09,60.87,-1.01%,--,5,33661,卖盘
13:47:12,60.9,-0.96%,+0.03,15,92690,买盘
13:47:15,60.88,-0.99%,-0.02,17,107027,卖盘
13:47:18,60.89,-0.98%,+0.01,11,67588,买盘
13:47:21,60.88,-0.99%,-0.01,12,75004,卖盘
13:47:24,60.89,-0.98%,+0.01,42,257686,中性盘
13:47:27,60.88,-0.99%,-0.01,5,33484,买盘
13:47:36,60.88,-0.99%,--,25,152261,买盘
13:47:39,60.89,-0.98%,+0.01,10,65091,买盘
13:47:42,60.89,-0.98%,--,25,157340,买盘
13:47:45,60.89,-0.98%,--,16,101686,买盘
13:47:48,60.9,-0.96%,+0.01,22,139644,买盘
13:47:51,60.89,-0.98%,-0.01,4,24356,卖盘
13:47:54,60.9,-0.96%,+0.01,27,169363,买盘
13:47:57,60.88,-0.99%,-0.02,31,190067,卖盘
13:48:03,60.9,-0.96%,+0.02,7,42630,买盘
13:48:06,60.9,-0.96%,--,0,0,买盘
13:48:09,60.9,-0.96%,--,28,173200,买盘
13:48:18,60.89,-0.98%,-0.01,8,50904,卖盘
13:48:21,60.88,-0.99%,-0.01,30,182701,卖盘
13:48:27,60.89,-0.98%,+0.01,16,102904,卖盘
13:48:30,60.89,-0.98%,--,2,12178,买盘
13:51:54,61.1,-0.63%,--,12,73320,中性盘
13:51:57,61.1,-0.63%,--,69,421590,卖盘
13:52:00,61.1,-0.63%,--,22,136131,卖盘
13:52:03,61.1,-0.63%,--,41,250632,买盘
13:52:06,61.03,-0.75%,-0.07,34,209821,卖盘
13:52:09,61.07,-0.68%,+0.04,19,119819,买盘
13:52:12,61.0,-0.80%,-0.07,78,478606,卖盘
13:52:15,61.04,-0.73%,+0.04,23,146069,中性盘
13:52:18,61.04,-0.73%,--,14,85456,买盘
13:52:21,61.05,-0.72%,+0.01,4,24603,买盘
13:52:24,61.04,-0.73%,-0.01,11,67327,卖盘
13:52:27,61.05,-0.72%,+0.01,92,566361,买盘
13:52:30,61.1,-0.63%,+0.05,125,765766,买盘
13:52:33,61.13,-0.59%,+0.03,13,83259,买盘
13:52:39,61.19,-0.49%,+0.06,52,323083,买盘
13:52:42,61.2,-0.47%,+0.01,148,907229,买盘
13:52:45,61.23,-0.42%,+0.03,77,472206,买盘
13:52:48,61.21,-0.46%,-0.02,6,36726,中性盘
13:52:51,61.23,-0.42%,+0.02,8,48984,买盘
13:52:54,61.23,-0.42%,--,31,193732,买盘
13:52:57,61.23,-0.42%,--,147,902040,买盘
13:53:00,61.23,-0.42%,--,184,1132265,卖盘
13:53:03,61.24,-0.41%,+0.01,45,277785,买盘
13:53:06,61.23,-0.42%,-0.01,84,518067,买盘
13:53:09,61.21,-0.46%,-0.02,104,639032,卖盘
13:53:12,61.19,-0.49%,-0.02,161,987056,卖盘
13:53:15,61.18,-0.50%,-0.01,25,157355,中性盘
13:53:18,61.16,-0.54%,-0.02,17,106663,中性盘
13:53:21,61.16,-0.54%,--,3,18348,买盘
13:53:24,61.09,-0.65%,-0.07,75,459458,卖盘
13:53:27,61.15,-0.55%,+0.06,26,163271,买盘
13:53:30,61.14,-0.57%,-0.01,17,103999,卖盘
13:53:33,61.15,-0.55%,+0.01,31,189565,买盘
13:53:36,61.1,-0.63%,-0.05,5,30550,卖盘
13:53:39,61.17,-0.52%,+0.07,16,99646,买盘
13:53:42,61.15,-0.55%,-0.02,10,61150,中性盘
13:53:45,61.15,-0.55%,--,22,134530,买盘
13:53:48,61.1,-0.63%,-0.05,5,34522,卖盘
13:53:54,61.1,-0.63%,--,32,195520,卖盘
13:53:57,61.13,-0.59%,+0.03,9,55017,中性盘
13:54:00,61.13,-0.59%,--,0,0,中性盘
13:54:03,61.11,-0.62%,-0.02,42,261001,卖盘
13:54:06,61.11,-0.62%,--,21,128331,卖盘
13:54:09,61.11,-0.62%,--,2,12222,卖盘
13:54:12,61.11,-0.62%,--,7,47788,卖盘
13:54:15,61.11,-0.62%,--,11,72476,卖盘
13:54:18,61.15,-0.55%,+0.04,26,163454,买盘
13:54:21,61.13,-0.59%,-0.02,42,261698,中性盘
13:54:24,61.13,-0.59%,--,6,36678,买盘
13:54:27,61.11,-0.62%,-0.02,4,24444,买盘
13:54:30,61.13,-0.59%,+0.02,14,87416,买盘
13:54:33,61.14,-0.57%,+0.01,128,787178,买盘
13:54:36,61.14,-0.57%,--,10,61751,买盘
13:54:39,61.11,-0.62%,-0.03,8,48888,中性盘
13:54:45,61.13,-0.59%,+0.02,14,87599,卖盘
13:54:48,61.13,-0.59%,--,33,206681,卖盘
13:54:51,61.14,-0.57%,+0.01,15,93789,买盘
13:54:57,61.14,-0.57%,--,14,85596,买盘
13:55:00,61.1,-0.63%,-0.04,70,427700,卖盘
13:55:03,61.1,-0.63%,--,26,164848,卖盘
13:55:06,61.1,-0.63%,--,12,73320,卖盘
13:55:09,61.1,-0.63%,--,94,575073,卖盘
13:55:12,61.1,-0.63%,--,17,107658,卖盘
13:55:15,61.13,-0.59%,+0.03,7,43097,买盘
13:55:18,61.1,-0.63%,-0.03,6,36660,卖盘
13:55:18,61.1,-0.63%,--,6,36660,中性盘
13:55:21,61.1,-0.63%,--,5,36416,卖盘
13:55:30,61.1,-0.63%,--,4,24440,卖盘
13:55:33,61.1,-0.63%,--,127,775970,卖盘
13:55:36,61.09,-0.65%,-0.01,86,526168,卖盘
13:55:39,61.05,-0.72%,-0.04,112,688705,卖盘
13:55:42,61.05,-0.72%,--,4,24420,卖盘
13:55:45,61.09,-0.65%,+0.04,2,12707,买盘
13:55:48,61.1,-0.63%,+0.01,54,330307,买盘
13:55:51,61.1,-0.63%,--,2,12220,卖盘
13:55:54,61.1,-0.63%,--,123,751958,卖盘
13:55:57,61.1,-0.63%,--,18,112913,买盘
13:56:00,61.09,-0.65%,-0.01,1,9652,卖盘
13:56:03,61.05,-0.72%,-0.04,9,54945,卖盘
13:56:06,61.09,-0.65%,+0.04,6,36654,买盘
13:56:09,61.04,-0.73%,-0.05,24,149731,卖盘
13:56:12,61.04,-0.73%,--,132,810001,卖盘
13:56:15,61.03,-0.75%,-0.01,8,53828,卖盘
13:56:18,61.0,-0.80%,-0.03,144,878400,卖盘
13:56:21,61.0,-0.80%,--,115,703635,卖盘
13:56:24,60.95,-0.88%,-0.05,6,36570,卖盘
13:56:27,60.94,-0.89%,-0.01,10,60940,卖盘
13:56:30,61.0,-0.80%,+0.06,130,796477,买盘
13:56:33,60.93,-0.91%,-0.07,10,60930,卖盘
13:56:36,60.93,-0.91%,--,2,15233,卖盘
13:56:39,60.91,-0.94%,-0.02,59,363755,卖盘
13:56:42,60.9,-0.96%,-0.01,74,451147,卖盘
13:56:45,60.9,-0.96%,--,17,106149,卖盘
13:56:48,60.89,-0.98%,-0.01,62,380745,卖盘
13:56:51,60.9,-0.96%,+0.01,8,51461,中性盘
13:56:54,60.9,-0.96%,--,38,233064,买盘
13:56:57,60.9,-0.96%,--,8,52130,买盘
13:57:00,60.9,-0.96%,--,5,30450,买盘
13:57:03,60.87,-1.01%,-0.03,28,170436,卖盘
13:57:09,60.89,-0.98%,+0.02,6,41405,买盘
13:57:12,60.87,-1.01%,-0.02,4,24348,卖盘
13:57:27,60.9,-0.96%,--,8,51826,买盘
13:57:30,60.89,-0.98%,-0.01,82,500638,卖盘
13:57:33,60.89,-0.98%,--,11,66979,卖盘
13:57:36,60.9,-0.96%,+0.01,4,24360,买盘
13:57:39,60.92,-0.93%,+0.02,171,1044656,买盘
13:57:45,60.93,-0.91%,+0.01,22,139286,买盘
13:57:48,60.93,-0.91%,--,7,44357,买盘
13:57:51,60.96,-0.86%,+0.03,19,121432,买盘
13:57:54,60.95,-0.88%,-0.01,15,95996,买盘
13:57:57,60.94,-0.89%,-0.01,36,225112,卖盘
13:58:00,60.94,-0.89%,--,162,989117,买盘
13:58:03,60.99,-0.81%,+0.05,11,72883,买盘
13:58:06,61.0,-0.80%,+0.01,56,341600,中性盘
13:58:09,60.99,-0.81%,-0.01,8,52512,卖盘
13:58:12,61.0,-0.80%,+0.01,26,158783,买盘
13:58:15,61.01,-0.78%,+0.01,21,129524,买盘
13:58:18,61.03,-0.75%,+0.02,38,235637,买盘
13:58:21,61.03,-0.75%,--,6,41073,买盘
13:58:24,61.02,-0.76%,-0.01,68,419635,卖盘
13:58:27,61.04,-0.73%,+0.02,23,146130,卖盘
13:58:30,61.14,-0.57%,+0.1,68,415752,买盘
13:58:33,61.12,-0.60%,-0.02,1,10940,卖盘
13:58:36,61.12,-0.60%,--,4,25487,买盘
13:58:42,61.12,-0.60%,--,2,12224,买盘
13:58:45,61.12,-0.60%,--,40,244480,中性盘
13:58:45,61.12,-0.60%,--,40,244480,买盘
13:58:48,61.12,-0.60%,--,0,0,买盘
13:58:51,61.12,-0.60%,--,5,33738,买盘
13:58:54,61.12,-0.60%,--,12,78234,卖盘
13:58:57,61.14,-0.57%,+0.02,17,108340,买盘
13:59:00,61.14,-0.57%,--,20,122953,买盘
13:59:03,61.13,-0.59%,-0.01,5,30565,中性盘
13:59:06,61.14,-0.57%,+0.01,16,98130,买盘
13:59:09,61.12,-0.60%,-0.02,10,61120,卖盘
13:59:12,61.11,-0.62%,-0.01,8,54571,卖盘
13:59:15,61.09,-0.65%,-0.02,31,193777,卖盘
13:59:18,61.11,-0.62%,+0.02,33,206735,买盘
13:59:21,61.09,-0.65%,-0.02,10,61090,中性盘
13:59:24,61.1,-0.63%,+0.01,2,12220,买盘
13:59:27,61.06,-0.70%,-0.04,16,99467,卖盘
13:59:30,61.1,-0.63%,+0.04,5,30550,买盘
13:59:36,61.1,-0.63%,--,0,0,买盘
13:59:39,61.1,-0.63%,--,15,91650,买盘
13:59:42,61.09,-0.65%,-0.01,5,30545,中性盘
13:59:45,61.08,-0.67%,-0.01,25,152700,卖盘
13:59:48,61.09,-0.65%,+0.01,5,30545,买盘
13:59:54,61.1,-0.63%,+0.01,51,316009,买盘
13:59:57,61.09,-0.65%,-0.01,3,22176,买盘
14:00:00,61.08,-0.67%,-0.01,22,136636,中性盘
14:00:03,61.1,-0.63%,+0.02,4,26823,买盘
14:00:06,61.08,-0.67%,-0.02,19,120511,卖盘
14:00:09,61.07,-0.68%,-0.01,20,125010,卖盘
14:00:12,61.06,-0.70%,-0.01,32,200826,卖盘
14:00:15,61.07,-0.68%,+0.01,14,85559,买盘
14:00:18,61.06,-0.70%,-0.01,39,241492,卖盘
14:00:21,61.06,-0.70%,--,0,0,卖盘
14:00:24,61.06,-0.70%,--,9,60022,卖盘
14:00:27,61.07,-0.68%,+0.01,4,24428,中性盘
14:00:30,61.06,-0.70%,-0.01,28,172006,卖盘
14:00:33,61.06,-0.70%,--,109,666042,卖盘
14:00:36,61.08,-0.67%,+0.02,13,83069,中性盘
14:00:39,61.08,-0.67%,--,48,293184,买盘
14:00:42,61.09,-0.65%,+0.01,30,188890,买盘
14:00:45,61.09,-0.65%,--,5,33172,买盘
14:00:51,61.08,-0.67%,-0.01,21,129367,中性盘
14:00:54,61.07,-0.68%,-0.01,4,24428,卖盘
14:00:57,61.07,-0.68%,--,13,82445,卖盘
14:01:00,61.08,-0.67%,+0.01,12,73296,买盘
14:01:03,61.09,-0.65%,+0.01,9,58769,买盘
14:01:06,61.09,-0.65%,--,10,63411,买盘
14:01:09,61.09,-0.65%,--,2,12218,买盘
14:01:12,61.1,-0.63%,+0.01,172,1051409,买盘
14:01:15,61.09,-0.65%,-0.01,4,30056,买盘
14:01:18,61.08,-0.67%,-0.01,26,158808,中性盘
14:01:21,61.08,-0.67%,--,13,81664,买盘
14:01:24,61.07,-0.68%,-0.01,55,338389,买盘
14:01:27,61.05,-0.72%,-0.02,144,881989,卖盘
14:01:30,61.04,-0.73%,-0.01,15,94368,卖盘
14:01:33,61.03,-0.75%,-0.01,61,373443,卖盘
14:01:36,60.98,-0.83%,-0.05,36,222699,卖盘
14:01:39,61.03,-0.75%,+0.05,38,237834,买盘
14:01:42,60.92,-0.93%,-0.11,22,134024,卖盘
14:01:45,60.92,-0.93%,--,13,84252,卖盘
14:01:48,60.9,-0.96%,-0.02,70,427335,卖盘
14:01:51,60.96,-0.86%,+0.06,11,69433,买盘
14:01:54,60.9,-0.96%,-0.06,25,155356,卖盘
14:01:57,60.9,-0.96%,--,28,170885,卖盘
14:02:00,60.91,-0.94%,+0.01,4,29724,卖盘
14:02:03,60.91,-0.94%,--,4,24364,卖盘
14:02:06,60.91,-0.94%,--,7,43368,卖盘
14:02:09,60.9,-0.96%,-0.01,14,85260,卖盘
14:02:09,60.9,-0.96%,--,14,85260,中性盘
14:02:09,60.9,-0.96%,--,14,85260,卖盘
14:02:12,60.95,-0.88%,+0.05,14,90694,买盘
14:02:15,60.87,-1.01%,-0.08,82,499134,卖盘
14:02:18,60.91,-0.94%,+0.04,2,12182,卖盘
14:02:21,60.91,-0.94%,--,0,0,中性盘
14:02:24,60.91,-0.94%,--,22,138692,买盘
14:02:27,60.91,-0.94%,--,2,15776,卖盘
14:02:30,60.91,-0.94%,--,21,131322,卖盘
14:02:33,60.91,-0.94%,--,2,12182,卖盘
14:02:36,60.91,-0.94%,--,20,124622,卖盘
14:02:39,60.88,-0.99%,-0.03,9,56314,卖盘
14:02:42,60.93,-0.91%,+0.05,2,12186,买盘
14:02:51,60.92,-0.93%,-0.01,10,63540,买盘
14:02:54,60.9,-0.96%,-0.02,32,196524,中性盘
14:02:57,60.87,-1.01%,-0.03,47,286089,卖盘
14:03:00,60.87,-1.01%,--,4,29705,卖盘
14:03:03,60.9,-0.96%,+0.03,2,12180,买盘
14:03:06,60.91,-0.94%,+0.01,5,34475,买盘
14:03:09,60.88,-0.99%,-0.03,38,232440,卖盘
14:03:12,60.91,-0.94%,+0.03,6,41906,买盘
14:03:15,60.9,-0.96%,-0.01,37,228740,中性盘
14:03:18,60.9,-0.96%,--,16,102068,卖盘
14:03:21,60.91,-0.94%,+0.01,32,199237,买盘
14:03:24,60.91,-0.94%,--,12,78452,卖盘
14:03:27,60.92,-0.93%,+0.01,3,24124,买盘
14:03:30,60.91,-0.94%,-0.01,5,30455,卖盘
14:03:33,60.91,-0.94%,--,6,41053,卖盘
14:03:36,60.91,-0.94%,--,12,76808,卖盘
14:03:39,60.9,-0.96%,-0.01,42,255780,卖盘
14:03:42,60.91,-0.94%,+0.01,48,297484,买盘
14:03:45,60.91,-0.94%,--,5,30455,买盘
14:03:48,60.91,-0.94%,--,20,123099,买盘
14:03:54,60.91,-0.94%,--,8,51408,买盘
14:03:57,60.9,-0.96%,-0.01,72,442682,中性盘
14:04:00,60.88,-0.99%,-0.02,12,73056,中性盘
14:04:03,60.86,-1.02%,-0.02,66,402771,卖盘
14:04:06,60.89,-0.98%,+0.03,2,12178,买盘
14:04:09,60.89,-0.98%,--,33,202520,买盘
14:04:12,60.86,-1.02%,-0.03,4,27570,卖盘
14:04:15,60.85,-1.04%,-0.01,40,248755,卖盘
14:04:18,60.89,-0.98%,+0.04,8,49138,买盘
14:04:24,60.89,-0.98%,--,8,50356,买盘
14:04:27,60.88,-0.99%,-0.01,4,24352,卖盘
14:04:30,60.88,-0.99%,--,5,33180,卖盘
14:04:33,60.88,-0.99%,--,15,93755,买盘
14:04:36,60.86,-1.02%,-0.02,8,48688,卖盘
14:04:39,60.82,-1.09%,-0.04,72,441857,卖盘
14:04:42,60.87,-1.01%,+0.05,33,202636,买盘
14:04:45,60.87,-1.01%,--,22,138784,买盘
14:04:48,60.81,-1.11%,-0.06,65,395447,卖盘
14:04:51,60.81,-1.11%,--,40,247010,卖盘
14:04:54,60.8,-1.12%,-0.01,129,786813,卖盘
14:04:57,60.81,-1.11%,+0.01,56,342725,买盘
14:05:00,60.8,-1.12%,-0.01,41,250678,卖盘
14:05:03,60.8,-1.12%,--,45,278221,卖盘
14:05:06,60.8,-1.12%,--,33,201978,卖盘
14:05:09,60.83,-1.07%,+0.03,6,42338,买盘
14:05:12,60.83,-1.07%,--,2,16181,买盘
14:05:15,60.82,-1.09%,-0.01,7,42574,卖盘
14:05:18,60.83,-1.07%,+0.01,9,54747,买盘
14:05:21,60.81,-1.11%,-0.02,33,202984,卖盘
14:05:24,60.83,-1.07%,+0.02,14,85162,买盘
14:05:27,60.83,-1.07%,--,18,109981,买盘
14:05:30,60.84,-1.06%,+0.01,62,380493,买盘
14:05:33,60.85,-1.04%,+0.01,43,263298,买盘
14:05:33,60.85,-1.04%,--,43,263298,中性盘
14:05:33,60.85,-1.04%,--,43,263298,买盘
14:05:36,60.84,-1.06%,-0.01,18,115292,买盘
14:05:39,60.86,-1.02%,+0.02,53,324749,买盘
14:05:42,60.85,-1.04%,-0.01,107,652190,买盘
14:05:48,60.85,-1.04%,--,4,25983,买盘
14:05:51,60.86,-1.02%,+0.01,4,24344,买盘
14:05:54,60.85,-1.04%,-0.01,2,14361,买盘
14:05:57,60.86,-1.02%,+0.01,11,66946,买盘
14:06:00,60.86,-1.02%,--,123,751378,买盘
14:06:03,60.86,-1.02%,--,22,136022,买盘
14:06:06,60.86,-1.02%,--,18,112774,买盘
14:06:09,60.87,-1.01%,+0.01,2,12174,买盘
14:06:12,60.88,-0.99%,+0.01,30,188424,买盘
14:06:15,60.88,-0.99%,--,7,42616,买盘
14:06:18,60.88,-0.99%,--,12,73726,买盘
14:06:21,60.87,-1.01%,-0.01,17,107740,卖盘
14:06:24,60.87,-1.01%,--,6,37131,买盘
14:06:27,60.88,-0.99%,+0.01,32,200234,买盘
14:06:30,60.86,-1.02%,-0.02,79,483654,卖盘
14:06:33,60.85,-1.04%,-0.01,21,132775,卖盘
14:06:39,60.85,-1.04%,-0.01,74,454245,卖盘
14:06:42,60.86,-1.02%,+0.01,120,731842,买盘
14:06:45,60.86,-1.02%,--,6,36577,买盘
14:06:48,60.86,-1.02%,--,26,159271,买盘
14:06:51,60.83,-1.07%,-0.03,4,30293,卖盘
14:06:54,60.82,-1.09%,-0.01,15,92872,卖盘
14:06:57,60.83,-1.07%,+0.01,3,21351,卖盘
14:07:00,60.84,-1.06%,+0.01,25,157941,买盘
14:07:03,60.84,-1.06%,--,17,108356,买盘
14:07:06,60.84,-1.06%,--,45,275362,卖盘
14:07:09,60.83,-1.07%,-0.01,185,1129491,卖盘
14:07:12,60.83,-1.07%,--,15,92583,买盘
14:07:15,60.81,-1.11%,-0.02,110,674261,卖盘
14:07:18,60.8,-1.12%,-0.01,32,200214,卖盘
14:07:21,60.82,-1.09%,+0.02,20,127600,买盘
14:07:24,60.81,-1.11%,-0.01,26,161268,中性盘
14:07:27,60.81,-1.11%,--,20,121620,买盘
14:07:30,60.8,-1.12%,-0.01,30,187872,卖盘
14:07:33,60.81,-1.11%,+0.01,27,167471,买盘
14:07:36,60.8,-1.12%,-0.01,4,25962,中性盘
14:07:39,60.79,-1.14%,-0.01,18,110881,卖盘
14:07:42,60.8,-1.12%,+0.01,7,46269,买盘
14:07:45,60.78,-1.15%,-0.02,34,206652,卖盘
14:07:48,60.78,-1.15%,--,63,384190,卖盘
14:07:51,60.77,-1.17%,-0.01,199,1212240,卖盘
14:07:54,60.73,-1.24%,-0.04,101,616592,卖盘
14:07:57,60.72,-1.25%,-0.01,4,24288,卖盘
14:08:00,60.72,-1.25%,--,143,871211,卖盘
14:08:03,60.73,-1.24%,+0.01,16,100630,买盘
14:08:06,60.73,-1.24%,--,14,85022,买盘
14:08:09,60.73,-1.24%,--,37,226523,买盘
14:08:15,60.73,-1.24%,+0.01,46,280633,买盘
14:08:18,60.72,-1.25%,-0.01,45,274515,卖盘
14:08:21,60.72,-1.25%,--,11,72257,买盘
14:08:24,60.72,-1.25%,--,42,255145,卖盘
14:08:27,60.73,-1.24%,+0.01,40,243102,买盘
14:08:30,60.73,-1.24%,--,9,54657,买盘
14:08:33,60.73,-1.24%,--,90,552522,买盘
14:08:36,60.74,-1.22%,+0.01,3,18951,买盘
14:08:39,60.74,-1.22%,--,83,504385,买盘
14:08:42,60.73,-1.24%,-0.01,15,95710,卖盘
14:08:45,60.75,-1.20%,+0.02,11,72232,买盘
14:08:48,60.74,-1.22%,-0.01,18,112612,卖盘
14:08:51,60.75,-1.20%,+0.01,2,12150,买盘
14:08:57,60.75,-1.20%,--,8,50180,中性盘
14:08:57,60.75,-1.20%,--,8,50180,买盘
14:09:00,60.74,-1.22%,-0.01,40,245693,卖盘
14:09:03,60.75,-1.20%,+0.01,16,97747,买盘
14:09:06,60.75,-1.20%,--,5,30375,卖盘
14:09:09,60.75,-1.20%,--,38,233341,卖盘
14:09:12,60.78,-1.15%,+0.03,60,367476,买盘
14:09:18,60.76,-1.19%,-0.02,3,18957,中性盘
14:09:21,60.75,-1.20%,-0.01,20,126056,卖盘
14:09:24,60.76,-1.19%,+0.01,10,63069,买盘
14:09:27,60.76,-1.19%,--,34,211506,买盘
14:09:30,60.76,-1.19%,--,11,68537,卖盘
14:09:33,60.75,-1.20%,-0.01,66,401740,卖盘
14:09:36,60.76,-1.19%,+0.01,6,41195,中性盘
14:09:39,60.77,-1.17%,+0.01,8,53295,买盘
14:09:45,60.77,-1.17%,--,29,176294,买盘
14:09:54,60.78,-1.15%,--,17,107094,买盘
14:09:57,60.77,-1.17%,-0.01,40,243080,卖盘
14:10:00,60.77,-1.17%,--,14,90426,卖盘
14:10:03,60.77,-1.17%,--,2,12154,卖盘
14:10:06,60.78,-1.15%,+0.01,34,211818,买盘
14:10:09,60.77,-1.17%,-0.01,55,340008,买盘
14:10:12,60.77,-1.17%,--,0,0,买盘
14:10:15,60.76,-1.19%,-0.01,24,149530,买盘
14:10:18,60.76,-1.19%,--,254,1543304,买盘
14:10:21,60.72,-1.25%,-0.04,68,415143,卖盘
14:10:24,60.76,-1.19%,+0.04,63,385158,买盘
14:10:27,60.75,-1.20%,-0.01,18,109350,买盘
14:10:30,60.71,-1.27%,-0.04,40,245451,卖盘
14:10:33,60.71,-1.27%,--,15,91126,卖盘
14:10:36,60.74,-1.22%,+0.03,2,12148,买盘
14:10:39,60.74,-1.22%,--,0,2855,买盘
14:10:45,60.71,-1.27%,-0.03,4,24284,卖盘
14:10:48,60.76,-1.19%,+0.05,8,48608,买盘
14:10:51,60.73,-1.24%,-0.03,6,40568,卖盘
14:10:54,60.73,-1.24%,--,22,135549,买盘
14:10:57,60.75,-1.20%,+0.02,11,66825,买盘
14:11:00,60.77,-1.17%,+0.02,12,72924,买盘
14:11:03,60.75,-1.20%,-0.02,11,69316,卖盘
14:11:06,60.73,-1.24%,-0.02,28,170044,卖盘
14:11:09,60.74,-1.22%,+0.01,7,47377,买盘
14:11:12,60.74,-1.22%,--,2,12148,买盘
14:11:15,60.74,-1.22%,--,26,162358,买盘
14:11:18,60.74,-1.22%,--,4,29823,买盘
14:11:21,60.74,-1.22%,--,2,12148,卖盘
14:11:27,60.74,-1.22%,--,10,64202,卖盘
14:11:30,60.75,-1.20%,+0.01,120,732463,买盘
14:11:36,60.76,-1.19%,+0.01,86,522840,买盘
14:11:39,60.76,-1.19%,--,2,12152,买盘
14:11:42,60.76,-1.19%,--,1,8749,买盘
14:11:45,60.77,-1.17%,+0.01,4,27407,买盘
14:11:48,60.77,-1.17%,--,39,239069,买盘
14:11:51,60.77,-1.17%,--,5,30385,买盘
14:11:54,60.77,-1.17%,--,5,34153,买盘
14:11:57,60.77,-1.17%,--,10,60770,买盘
14:12:00,60.77,-1.17%,--,11,66847,买盘
14:12:03,60.77,-1.17%,--,41,252196,买盘
14:12:06,60.76,-1.19%,-0.01,33,206098,卖盘
14:12:09,60.76,-1.19%,--,10,64102,买盘
14:12:15,60.77,-1.17%,+0.01,7,42539,买盘
14:12:18,60.77,-1.17%,--,3,23153,买盘
14:12:21,60.76,-1.19%,-0.01,28,174563,卖盘
14:12:21,60.76,-1.19%,--,28,174563,中性盘
14:12:21,60.76,-1.19%,--,28,174563,卖盘
14:12:24,60.77,-1.17%,+0.01,2,12154,买盘
14:12:30,60.77,-1.17%,--,4,27954,买盘
14:12:33,60.77,-1.17%,--,16,97293,买盘
14:12:36,60.77,-1.17%,--,14,85078,买盘
14:12:39,60.77,-1.17%,--,24,145848,买盘
14:12:42,60.77,-1.17%,--,10,60770,卖盘
14:12:45,60.78,-1.15%,+0.01,2,16350,买盘
14:12:48,60.78,-1.15%,--,12,72936,买盘
14:12:51,60.78,-1.15%,--,5,34584,买盘
14:12:54,60.76,-1.19%,-0.02,62,381026,卖盘
14:12:57,60.78,-1.15%,+0.02,6,41087,买盘
14:13:00,60.77,-1.17%,-0.01,9,57428,卖盘
14:13:03,60.78,-1.15%,+0.01,2,12156,买盘
14:13:06,60.8,-1.12%,+0.02,221,1347024,买盘
14:13:09,60.8,-1.12%,--,0,0,买盘
14:13:12,60.81,-1.11%,+0.01,21,129221,买盘
14:13:18,60.81,-1.11%,--,17,103681,买盘
14:13:21,60.81,-1.11%,--,6,39040,买盘
14:13:24,60.81,-1.11%,--,24,148559,买盘
14:13:27,60.81,-1.11%,--,28,174464,买盘
14:13:30,60.81,-1.11%,--,12,72972,卖盘
14:13:33,60.82,-1.09%,+0.01,13,83080,买盘
14:13:36,60.83,-1.07%,+0.01,22,137719,买盘
14:13:42,60.82,-1.09%,-0.01,4,27369,卖盘
14:13:45,60.83,-1.07%,+0.01,34,207126,买盘
14:13:48,60.81,-1.11%,-0.02,25,154093,卖盘
14:13:51,60.83,-1.07%,+0.02,3,19344,买盘
14:13:54,60.84,-1.06%,+0.01,24,146564,买盘
14:13:57,60.83,-1.07%,-0.01,2,12166,卖盘
14:14:00,60.84,-1.06%,+0.01,2,13263,买盘
14:14:03,60.83,-1.07%,-0.01,9,56085,卖盘
14:14:06,60.84,-1.06%,+0.01,15,91625,买盘
14:14:09,60.84,-1.06%,--,13,83472,买盘
14:14:12,60.84,-1.06%,--,12,73069,买盘
14:14:15,60.84,-1.06%,--,10,66376,买盘
14:14:21,60.86,-1.02%,+0.02,11,68468,买盘
14:14:24,60.83,-1.07%,-0.03,33,202929,卖盘
14:14:30,60.86,-1.02%,+0.03,4,29091,买盘
14:14:33,60.86,-1.02%,--,4,25926,买盘
14:14:36,60.86,-1.02%,--,2,12355,买盘
14:14:39,60.84,-1.06%,-0.02,5,30420,卖盘
14:14:42,60.86,-1.02%,+0.02,2,12172,买盘
14:14:45,60.86,-1.02%,--,2,12172,买盘
14:14:51,60.85,-1.04%,-0.01,18,113972,中性盘
14:14:54,60.84,-1.06%,-0.01,65,398867,卖盘
14:14:57,60.83,-1.07%,-0.01,7,43433,卖盘
14:15:00,60.86,-1.02%,+0.03,68,418108,买盘
14:15:03,60.86,-1.02%,--,10,62808,卖盘
14:15:06,60.85,-1.04%,-0.01,39,241879,卖盘
14:15:09,60.86,-1.02%,+0.01,5,30430,中性盘
14:15:15,60.87,-1.01%,+0.01,4,26783,买盘
14:15:21,60.87,-1.01%,--,2,12174,买盘
14:15:24,60.87,-1.01%,--,5,30435,买盘
14:15:27,60.87,-1.01%,--,89,544421,买盘
14:15:30,60.88,-0.99%,+0.01,10,60880,买盘
14:15:33,60.88,-0.99%,--,4,30075,买盘
14:15:36,60.88,-0.99%,--,19,119934,买盘
14:15:42,60.87,-1.01%,-0.01,9,59592,卖盘
14:15:45,60.88,-0.99%,+0.01,47,291980,买盘
14:15:45,60.88,-0.99%,--,47,291980,中性盘
14:15:45,60.88,-0.99%,--,47,291980,买盘
14:15:51,60.88,-0.99%,--,6,40120,买盘
14:15:54,60.88,-0.99%,--,14,85232,买盘
14:15:57,60.88,-0.99%,--,42,255696,买盘
14:16:00,60.88,-0.99%,--,52,321386,买盘
14:16:03,60.88,-0.99%,--,20,126143,买盘
14:16:06,60.89,-0.98%,+0.01,43,264506,买盘
14:16:09,60.89,-0.98%,--,24,146136,买盘
14:16:12,60.89,-0.98%,--,12,73068,买盘
14:16:15,60.89,-0.98%,--,20,124885,买盘
14:16:18,60.89,-0.98%,--,44,268829,买盘
14:16:21,60.89,-0.98%,--,8,52426,买盘
14:16:24,60.88,-0.99%,-0.01,10,60880,卖盘
14:16:27,60.89,-0.98%,+0.01,4,25696,买盘
14:16:30,60.89,-0.98%,--,63,386773,买盘
14:16:36,60.9,-0.96%,+0.01,16,97988,买盘
14:16:39,60.9,-0.96%,--,4,28136,买盘
14:16:45,60.9,-0.96%,--,8,51704,买盘
14:16:48,60.9,-0.96%,--,5,32399,买盘
14:16:51,60.9,-0.96%,--,7,46589,买盘
14:16:54,60.9,-0.96%,--,14,87087,买盘
14:16:57,60.89,-0.98%,-0.01,86,527186,卖盘
14:17:06,60.89,-0.98%,+0.01,25,157340,买盘
14:17:09,60.89,-0.98%,--,76,468427,买盘
14:17:15,60.89,-0.98%,--,9,60159,卖盘
14:17:18,60.9,-0.96%,+0.01,8,51034,买盘
14:17:21,60.9,-0.96%,--,49,300846,买盘
14:17:24,60.9,-0.96%,--,4,26979,买盘
14:17:27,60.9,-0.96%,--,12,75699,买盘
14:17:33,60.9,-0.96%,--,2,12180,买盘
14:17:36,60.9,-0.96%,--,10,61326,买盘
14:17:39,60.9,-0.96%,--,6,41412,买盘
14:17:45,60.9,-0.96%,--,12,74054,买盘
14:17:48,60.9,-0.96%,--,13,82215,买盘
14:17:54,60.91,-0.94%,+0.01,9,60057,买盘
14:17:57,60.9,-0.96%,-0.01,18,111812,卖盘
14:18:03,60.89,-0.98%,-0.01,30,186263,卖盘
14:18:06,60.9,-0.96%,+0.01,66,403097,买盘
14:18:09,60.9,-0.96%,--,11,67843,买盘
14:18:12,60.93,-0.91%,+0.03,304,1852272,买盘
14:18:15,60.93,-0.91%,--,0,0,买盘
14:18:21,60.93,-0.91%,--,29,179073,买盘
14:18:24,60.93,-0.91%,--,24,148243,买盘
14:18:27,60.93,-0.91%,--,18,114609,买盘
14:18:30,60.91,-0.94%,-0.02,6,36546,买盘
14:18:33,60.91,-0.94%,--,23,140093,买盘
14:18:36,60.91,-0.94%,--,8,48728,买盘
14:18:45,60.91,-0.94%,--,2,15958,买盘
14:18:48,60.93,-0.91%,+0.02,18,109735,买盘
14:18:51,60.93,-0.91%,--,25,156956,买盘
14:18:57,60.93,-0.91%,--,27,166095,买盘
14:19:00,60.94,-0.89%,+0.01,54,332550,买盘
14:19:06,60.89,-0.98%,-0.05,36,219204,卖盘
14:19:09,60.89,-0.98%,--,9,60342,卖盘
14:19:09,60.89,-0.98%,--,9,60342,中性盘
14:19:12,60.89,-0.98%,--,2,12178,卖盘
14:19:15,60.91,-0.94%,+0.02,6,37947,中性盘
14:19:18,60.88,-0.99%,-0.03,47,290458,卖盘
14:19:21,60.89,-0.98%,+0.01,14,85246,买盘
14:19:30,60.88,-0.99%,-0.01,44,267872,卖盘
14:19:33,60.88,-0.99%,--,2,12176,卖盘
14:19:36,60.88,-0.99%,--,23,145321,卖盘
14:19:39,60.88,-0.99%,--,4,27396,买盘
14:19:42,60.87,-1.01%,-0.01,23,140001,卖盘
14:19:45,60.87,-1.01%,--,26,158749,卖盘
14:19:48,60.86,-1.02%,-0.01,70,426020,卖盘
14:19:51,60.87,-1.01%,+0.01,31,191619,买盘
14:19:54,60.85,-1.04%,-0.02,3,18255,卖盘
14:20:00,60.85,-1.04%,-0.01,4,27322,卖盘
14:20:03,60.85,-1.04%,--,6,40283,卖盘
14:20:09,60.85,-1.04%,-0.01,3,20263,卖盘
14:20:12,60.86,-1.02%,+0.01,2,12963,买盘
14:20:15,60.86,-1.02%,--,5,30430,买盘
14:20:18,60.86,-1.02%,--,3,22883,买盘
14:20:27,60.85,-1.04%,-0.01,20,121700,卖盘
14:20:30,60.85,-1.04%,--,13,83669,卖盘
14:20:33,60.85,-1.04%,--,2,15943,卖盘
14:20:39,60.85,-1.04%,-0.01,22,134661,卖盘
14:20:42,60.86,-1.02%,+0.01,45,278069,买盘
14:20:45,60.86,-1.02%,--,16,97437,买盘
14:20:48,60.85,-1.04%,-0.01,72,438120,卖盘
14:20:51,60.85,-1.04%,--,24,151942,卖盘
14:20:54,60.86,-1.02%,+0.01,2,12172,买盘
14:20:57,60.85,-1.04%,-0.01,3,23184,卖盘
14:21:00,60.85,-1.04%,--,28,173666,卖盘
14:21:06,60.84,-1.06%,-0.01,42,255528,卖盘
14:21:09,60.85,-1.04%,+0.01,11,70708,买盘
14:21:15,60.84,-1.06%,-0.01,4,26587,卖盘
14:21:18,60.86,-1.02%,+0.02,161,981794,买盘
14:21:21,60.81,-1.11%,-0.05,10,64763,卖盘
14:21:30,60.8,-1.12%,-0.01,107,653418,卖盘
14:21:33,60.8,-1.12%,--,10,60800,卖盘
14:21:36,60.8,-1.12%,--,6,36480,卖盘
14:21:39,60.81,-1.11%,+0.01,2,12892,买盘
14:21:42,60.79,-1.14%,-0.02,34,210029,卖盘
14:21:45,60.78,-1.15%,-0.01,8,48746,卖盘
14:21:48,60.79,-1.14%,+0.01,4,30213,卖盘
14:21:51,60.78,-1.15%,-0.01,13,79014,卖盘
14:21:57,60.78,-1.15%,--,19,116576,卖盘
14:22:00,60.77,-1.17%,-0.01,4,26739,卖盘
14:22:03,60.78,-1.15%,+0.01,22,137484,买盘
14:22:06,60.75,-1.20%,-0.03,115,699111,卖盘
14:22:09,60.74,-1.22%,-0.01,103,628052,卖盘
14:22:18,60.74,-1.22%,--,7,47802,卖盘
14:22:21,60.73,-1.24%,-0.01,74,449402,卖盘
14:22:24,60.73,-1.24%,--,9,56965,卖盘
14:22:27,60.73,-1.24%,--,41,254641,卖盘
14:22:30,60.73,-1.24%,--,7,45851,买盘
14:22:33,60.74,-1.22%,+0.01,23,140978,卖盘
14:22:33,60.74,-1.22%,-0.02,23,140978,中性盘
14:22:36,60.72,-1.25%,-0.02,34,208027,卖盘
14:22:39,60.74,-1.22%,+0.02,16,103015,买盘
14:22:45,60.72,-1.25%,-0.02,21,131094,卖盘
14:22:48,60.72,-1.25%,--,6,39711,卖盘
14:22:51,60.75,-1.20%,+0.03,3,19076,买盘
14:22:57,60.75,-1.20%,--,38,230911,买盘
14:23:00,60.72,-1.25%,-0.03,44,268990,卖盘
14:23:06,60.75,-1.20%,+0.03,26,163235,买盘
14:23:12,60.76,-1.19%,+0.01,53,327618,买盘
14:23:15,60.74,-1.22%,-0.02,2,12148,中性盘
14:23:18,60.74,-1.22%,--,23,143468,买盘
14:23:21,60.73,-1.24%,-0.01,20,121460,卖盘
14:23:24,60.73,-1.24%,--,0,0,卖盘
14:23:27,60.74,-1.22%,+0.01,5,32131,卖盘
14:23:30,60.76,-1.19%,+0.02,10,60760,买盘
14:23:33,60.76,-1.19%,--,16,100497,买盘
14:23:36,60.75,-1.20%,-0.01,11,68648,中性盘
14:23:45,60.75,-1.20%,--,2,13061,买盘
14:23:51,60.75,-1.20%,--,9,58624,买盘
14:23:54,60.75,-1.20%,--,25,155642,买盘
14:23:57,60.75,-1.20%,--,3,23814,买盘
14:24:00,60.76,-1.19%,+0.01,5,30380,买盘
14:24:06,60.73,-1.24%,-0.03,90,551489,卖盘
14:24:12,60.76,-1.19%,+0.03,21,131181,买盘
14:24:15,60.76,-1.19%,--,0,0,买盘
14:24:18,60.75,-1.20%,-0.01,12,75026,卖盘
14:24:21,60.75,-1.20%,--,7,42525,买盘
14:24:24,60.74,-1.22%,-0.01,4,24296,卖盘
14:24:27,60.75,-1.20%,+0.01,112,684349,买盘
14:24:30,60.75,-1.20%,--,14,89060,卖盘
14:24:33,60.75,-1.20%,--,3,24057,买盘
14:24:36,60.77,-1.17%,+0.02,59,358968,买盘
14:24:39,60.77,-1.17%,--,40,245085,买盘
14:24:42,60.76,-1.19%,-0.01,2,12820,中性盘
14:24:45,60.77,-1.17%,+0.01,53,324451,买盘
14:24:48,60.78,-1.15%,+0.01,52,320554,买盘
14:24:54,60.77,-1.17%,-0.01,20,121540,卖盘
14:24:57,60.78,-1.15%,+0.01,15,95850,买盘
14:25:00,60.77,-1.17%,-0.01,10,60770,卖盘
14:25:03,60.78,-1.15%,+0.01,81,497059,买盘
14:25:09,60.78,-1.15%,--,20,121560,买盘
14:25:12,60.78,-1.15%,--,4,24798,买盘
14:25:15,60.78,-1.15%,--,45,275333,买盘
14:25:18,60.77,-1.17%,-0.01,23,139771,卖盘
14:25:21,60.78,-1.15%,+0.01,6,37805,买盘
14:25:27,60.77,-1.17%,-0.01,12,76570,卖盘
14:25:36,60.78,-1.15%,+0.01,6,40358,买盘
14:25:39,60.74,-1.22%,-0.04,79,482640,卖盘
14:25:42,60.77,-1.17%,+0.03,6,36462,中性盘
14:25:45,60.78,-1.15%,+0.01,10,66615,买盘
14:25:48,60.78,-1.15%,--,2,12156,买盘
14:25:51,60.78,-1.15%,--,2,12399,买盘
14:25:54,60.78,-1.15%,--,0,0,买盘
14:25:57,60.77,-1.17%,-0.01,36,218772,买盘
14:25:57,60.77,-1.17%,--,36,218772,中性盘
14:26:00,60.78,-1.15%,+0.01,6,42364,买盘
14:26:03,60.77,-1.17%,-0.01,21,127617,买盘
14:26:06,60.76,-1.19%,-0.01,23,141571,卖盘
14:26:09,60.75,-1.20%,-0.01,19,119617,卖盘
14:26:12,60.74,-1.22%,-0.01,32,194368,卖盘
14:26:15,60.74,-1.22%,--,50,308741,卖盘
14:26:18,60.75,-1.20%,+0.01,28,172166,买盘
14:26:21,60.73,-1.24%,-0.02,4,24292,卖盘
14:26:27,60.73,-1.24%,--,38,230774,卖盘
14:26:30,60.74,-1.22%,+0.01,52,315848,买盘
14:26:33,60.74,-1.22%,--,6,37659,买盘
14:26:39,60.74,-1.22%,--,4,25875,买盘
14:26:42,60.73,-1.24%,-0.01,5,30365,卖盘
14:26:45,60.73,-1.24%,--,10,60730,卖盘
14:26:51,60.73,-1.24%,--,25,151825,卖盘
14:26:54,60.75,-1.20%,+0.02,14,85050,买盘
14:27:00,60.75,-1.20%,--,2,14276,买盘
14:27:03,60.73,-1.24%,-0.02,48,291504,卖盘
14:27:06,60.73,-1.24%,--,25,157837,卖盘
14:27:09,60.73,-1.24%,--,24,148242,卖盘
14:27:12,60.73,-1.24%,--,6,36438,买盘
14:27:15,60.72,-1.25%,-0.01,2,12144,卖盘
14:27:18,60.73,-1.24%,+0.01,29,181583,买盘
14:27:21,60.72,-1.25%,-0.01,72,441192,卖盘
14:27:30,60.72,-1.25%,--,47,291092,卖盘
14:27:36,60.72,-1.25%,--,13,78936,卖盘
14:27:39,60.72,-1.25%,--,15,91141,卖盘
14:27:42,60.72,-1.25%,--,2,12144,卖盘
14:27:45,60.71,-1.27%,-0.01,29,179459,卖盘
14:27:48,60.71,-1.27%,--,30,182130,卖盘
14:27:51,60.72,-1.25%,+0.01,16,102981,买盘
14:27:54,60.75,-1.20%,+0.03,340,2065500,买盘
14:27:57,60.75,-1.20%,--,0,0,买盘
14:28:00,60.75,-1.20%,--,4,24300,买盘
14:28:03,60.74,-1.22%,-0.01,4,24296,买盘
14:28:06,60.72,-1.25%,-0.02,17,107414,卖盘
14:28:09,60.72,-1.25%,--,0,0,卖盘
14:28:12,60.75,-1.20%,+0.03,5,34506,买盘
14:28:18,60.75,-1.20%,--,17,107467,买盘
14:28:21,60.74,-1.22%,-0.01,10,60740,卖盘
14:28:24,60.76,-1.19%,+0.02,100,607600,买盘
14:28:27,60.74,-1.22%,-0.02,31,189327,卖盘
14:28:30,60.77,-1.17%,+0.03,34,211723,买盘
14:28:33,60.77,-1.17%,--,11,67090,买盘
14:28:36,60.75,-1.20%,-0.02,25,153333,卖盘
14:28:39,60.77,-1.17%,+0.02,19,118502,买盘
14:28:42,60.77,-1.17%,--,141,861779,买盘
14:28:45,60.78,-1.15%,+0.01,39,237042,买盘
14:28:48,60.74,-1.22%,-0.04,131,800492,卖盘
14:28:51,60.78,-1.15%,+0.04,35,214250,买盘
14:28:54,60.78,-1.15%,--,2,14952,买盘
14:28:57,60.79,-1.14%,+0.01,24,150698,买盘
14:29:00,60.78,-1.15%,-0.01,2,12156,卖盘
14:29:03,60.79,-1.14%,+0.01,7,45410,买盘
14:29:06,60.79,-1.14%,--,24,146018,买盘
14:29:12,60.79,-1.14%,--,2,12887,买盘
14:29:15,60.79,-1.14%,--,41,249786,买盘
14:29:18,60.79,-1.14%,--,44,267476,买盘
14:29:21,60.79,-1.14%,--,7,42614,买盘
14:29:21,60.79,-1.14%,--,7,42614,中性盘
14:29:27,60.79,-1.14%,--,45,273981,买盘
14:29:30,60.79,-1.14%,--,2,12158,卖盘
14:29:36,60.79,-1.14%,--,45,276351,卖盘
14:29:39,60.8,-1.12%,+0.01,21,128288,买盘
14:29:45,60.79,-1.14%,-0.01,49,298722,卖盘
14:29:48,60.8,-1.12%,+0.01,9,58733,买盘
14:29:54,60.8,-1.12%,--,11,68522,买盘
14:30:00,60.81,-1.11%,+0.01,13,79053,买盘
14:30:03,60.8,-1.12%,-0.01,2,12160,卖盘
14:30:06,60.79,-1.14%,-0.01,2,13435,卖盘
14:30:09,60.79,-1.14%,--,17,105045,卖盘
14:30:12,60.81,-1.11%,+0.02,20,124052,买盘
14:30:15,60.81,-1.11%,--,14,86411,买盘
14:30:18,60.81,-1.11%,--,34,206754,买盘
14:30:21,60.81,-1.11%,--,4,25115,买盘
14:30:24,60.81,-1.11%,--,9,57283,买盘
14:30:30,60.8,-1.12%,-0.01,12,78493,卖盘
14:30:33,60.81,-1.11%,+0.01,23,144241,买盘
14:30:36,60.82,-1.09%,+0.01,26,158497,买盘
14:30:42,60.81,-1.11%,-0.01,21,129404,卖盘
14:30:45,60.81,-1.11%,--,3,19763,卖盘
14:30:48,60.82,-1.09%,+0.01,29,181061,买盘
14:30:54,60.81,-1.11%,-0.01,2,12162,中性盘
14:31:00,60.81,-1.11%,--,5,30405,买盘
14:31:03,60.81,-1.11%,--,40,243240,买盘
14:31:09,60.81,-1.11%,--,35,217396,买盘
14:31:12,60.81,-1.11%,--,3,18243,买盘
14:31:15,60.8,-1.12%,-0.01,13,82506,卖盘
14:31:18,60.81,-1.11%,+0.01,6,36486,买盘
14:31:21,60.81,-1.11%,--,29,177200,买盘
14:31:24,60.81,-1.11%,--,58,356103,买盘
14:31:27,60.81,-1.11%,--,25,152025,买盘
14:31:30,60.79,-1.14%,-0.02,58,352582,卖盘
14:31:33,60.79,-1.14%,--,1,12097,卖盘
14:31:36,60.78,-1.15%,-0.01,50,304022,卖盘
14:31:39,60.76,-1.19%,-0.02,19,121216,卖盘
14:31:42,60.81,-1.11%,+0.05,13,83492,买盘
14:31:45,60.81,-1.11%,--,4,24324,买盘
14:31:48,60.8,-1.12%,-0.01,8,52288,卖盘
14:31:51,60.8,-1.12%,--,29,176806,买盘
14:31:54,60.8,-1.12%,--,22,136435,买盘
14:31:57,60.79,-1.14%,-0.01,56,340424,买盘
14:32:00,60.79,-1.14%,--,12,76474,买盘
14:32:03,60.79,-1.14%,--,0,0,买盘
14:32:09,60.75,-1.20%,-0.04,59,362981,卖盘
14:32:12,60.78,-1.15%,+0.03,11,68681,买盘
14:32:15,60.78,-1.15%,--,26,163741,买盘
14:32:18,60.82,-1.09%,+0.04,202,1232031,买盘
14:32:21,60.82,-1.09%,--,0,0,买盘
14:32:24,60.82,-1.09%,--,50,304100,买盘
14:32:27,60.81,-1.11%,-0.01,13,79783,中性盘
14:32:30,60.83,-1.07%,+0.02,34,207248,买盘
14:32:33,60.8,-1.12%,-0.03,61,374589,卖盘
14:32:36,60.84,-1.06%,+0.04,1,9430,买盘
14:32:39,60.83,-1.07%,-0.01,16,100065,卖盘
14:32:42,60.85,-1.04%,+0.02,77,469884,买盘
14:32:45,60.85,-1.04%,--,6,38092,卖盘
14:32:45,60.85,-1.04%,--,6,38092,中性盘
14:32:48,60.85,-1.04%,--,2,12170,买盘
14:32:51,60.86,-1.02%,+0.01,61,377028,买盘
14:32:54,60.87,-1.01%,+0.01,4,28852,买盘
14:32:57,60.87,-1.01%,--,4,27209,买盘
14:33:03,60.87,-1.01%,--,18,114436,卖盘
14:33:09,60.88,-0.99%,--,5,35858,买盘
14:33:12,60.86,-1.02%,-0.02,118,722286,卖盘
14:33:15,60.86,-1.02%,--,2,12172,卖盘
14:33:18,60.86,-1.02%,--,5,30430,卖盘
14:33:21,60.86,-1.02%,--,36,219096,卖盘
14:33:24,60.86,-1.02%,--,83,505138,卖盘
14:33:27,60.86,-1.02%,--,30,182580,卖盘
14:33:30,60.86,-1.02%,--,12,75649,卖盘
14:33:33,60.86,-1.02%,--,4,25561,卖盘
14:33:36,60.87,-1.01%,+0.01,21,128010,买盘
14:33:39,60.88,-0.99%,+0.01,9,55462,买盘
14:33:45,60.87,-1.01%,-0.01,21,127827,卖盘
14:33:48,60.88,-0.99%,+0.01,2,12176,买盘
14:33:51,60.87,-1.01%,-0.01,55,338194,卖盘
14:33:57,60.86,-1.02%,-0.01,26,158236,卖盘
14:34:00,60.86,-1.02%,--,9,60251,卖盘
14:34:03,60.85,-1.04%,-0.01,28,170380,卖盘
14:34:06,60.85,-1.04%,--,33,200805,卖盘
14:34:09,60.87,-1.01%,+0.02,2,12174,买盘
14:34:15,60.86,-1.02%,-0.01,12,73032,买盘
14:34:24,60.85,-1.04%,-0.01,2,13083,卖盘
14:34:27,60.86,-1.02%,+0.01,10,62625,买盘
14:34:30,60.86,-1.02%,--,4,28422,买盘
14:34:36,60.85,-1.04%,-0.01,17,106792,卖盘
14:34:39,60.85,-1.04%,--,16,102776,卖盘
14:34:42,60.85,-1.04%,--,7,47341,卖盘
14:34:45,60.85,-1.04%,--,4,25557,买盘
14:34:51,60.85,-1.04%,--,16,100768,买盘
14:34:54,60.86,-1.02%,+0.01,10,60860,买盘
14:34:57,60.85,-1.04%,-0.01,2,12292,中性盘
14:35:00,60.85,-1.04%,--,14,85190,卖盘
14:35:06,60.85,-1.04%,--,12,73020,卖盘
14:35:09,60.86,-1.02%,+0.01,88,538611,买盘
14:35:15,60.84,-1.06%,-0.02,7,46421,卖盘
14:35:18,60.83,-1.07%,-0.01,87,530255,买盘
14:35:21,60.81,-1.11%,-0.02,2,16905,卖盘
14:35:27,60.83,-1.07%,+0.02,2,12166,买盘
14:35:30,60.8,-1.12%,-0.03,38,231344,卖盘
14:35:33,60.79,-1.14%,-0.01,128,778112,卖盘
14:35:36,60.77,-1.17%,-0.02,72,437848,卖盘
14:35:39,60.83,-1.07%,+0.06,10,60830,买盘
14:35:42,60.75,-1.20%,-0.08,37,227813,卖盘
14:35:45,60.77,-1.17%,+0.02,53,322081,中性盘
14:35:48,60.83,-1.07%,+0.06,30,188026,买盘
14:35:51,60.77,-1.17%,-0.06,38,231959,买盘
14:35:54,60.74,-1.22%,-0.03,64,388736,卖盘
14:35:57,60.74,-1.22%,--,10,60740,卖盘
14:36:00,60.75,-1.20%,+0.01,2,12150,中性盘
14:36:03,60.84,-1.06%,+0.09,5,36261,买盘
14:36:06,60.74,-1.22%,-0.1,24,145776,卖盘
14:36:09,60.74,-1.22%,--,0,0,卖盘
14:36:09,60.74,-1.22%,--,0,0,中性盘
14:36:12,60.83,-1.07%,+0.09,34,207309,买盘
14:36:15,60.75,-1.20%,-0.08,8,48600,卖盘
14:36:24,60.76,-1.19%,+0.01,4,24304,中性盘
14:36:27,60.76,-1.19%,--,2,13975,卖盘
14:36:30,60.82,-1.09%,+0.06,14,85148,中性盘
14:36:33,60.77,-1.17%,-0.05,14,90183,卖盘
14:36:36,60.83,-1.07%,+0.06,3,18249,买盘
14:36:42,60.83,-1.07%,--,14,86622,买盘
14:36:48,60.84,-1.06%,+0.01,33,200772,买盘
14:36:51,60.84,-1.06%,--,5,31028,买盘
14:36:54,60.77,-1.17%,-0.07,16,98387,卖盘
14:36:57,60.84,-1.06%,+0.07,8,48855,买盘
14:37:00,60.8,-1.12%,-0.04,2,12160,中性盘
14:37:03,60.83,-1.07%,+0.03,2,17945,中性盘
14:37:06,60.84,-1.06%,+0.01,3,20746,买盘
14:37:12,60.84,-1.06%,--,15,95458,买盘
14:37:15,60.84,-1.06%,--,1,6814,卖盘
14:37:18,60.84,-1.06%,--,8,54026,买盘
14:37:24,60.85,-1.04%,+0.01,16,97786,买盘
14:37:27,60.84,-1.06%,-0.01,3,18252,卖盘
14:37:30,60.85,-1.04%,+0.01,23,142511,买盘
14:37:33,60.85,-1.04%,--,17,103810,买盘
14:37:36,60.85,-1.04%,--,28,170380,买盘
14:37:42,60.84,-1.06%,-0.01,36,222614,卖盘
14:37:45,60.85,-1.04%,+0.01,2,12170,中性盘
14:37:51,60.85,-1.04%,--,61,371185,卖盘
14:37:54,60.85,-1.04%,--,60,369725,卖盘
14:37:57,60.84,-1.06%,-0.01,3,21963,卖盘
14:38:00,60.84,-1.06%,--,14,87366,买盘
14:38:03,60.84,-1.06%,--,24,150457,买盘
14:38:06,60.85,-1.04%,+0.01,17,104054,买盘
14:38:09,60.83,-1.07%,-0.02,9,57241,卖盘
14:38:12,60.83,-1.07%,--,0,0,卖盘
14:38:15,60.84,-1.06%,+0.01,34,208194,买盘
14:38:18,60.86,-1.02%,+0.02,118,720278,买盘
14:38:21,60.86,-1.02%,--,0,0,买盘
14:38:27,60.86,-1.02%,--,10,60860,买盘
14:38:30,60.85,-1.04%,-0.01,10,62310,卖盘
14:38:33,60.86,-1.02%,+0.01,36,219096,买盘
14:38:36,60.85,-1.04%,-0.01,2,12170,卖盘
14:38:39,60.85,-1.04%,--,7,47098,卖盘
14:38:42,60.85,-1.04%,--,6,38640,卖盘
14:38:45,60.85,-1.04%,--,19,119449,买盘
14:38:48,60.84,-1.06%,-0.01,3,18556,卖盘
14:38:51,60.84,-1.06%,--,14,90712,卖盘
14:38:54,60.87,-1.01%,+0.03,75,458108,买盘
14:38:57,60.83,-1.07%,-0.04,30,182490,卖盘
14:39:00,60.84,-1.06%,+0.01,7,42588,买盘
14:39:03,60.84,-1.06%,--,30,183493,买盘
14:39:06,60.84,-1.06%,--,33,203692,买盘
14:39:09,60.86,-1.02%,+0.02,8,50210,中性盘
14:39:15,60.86,-1.02%,--,45,274661,买盘
14:39:18,60.87,-1.01%,+0.01,15,91305,买盘
14:39:21,60.87,-1.01%,--,82,499134,买盘
14:39:24,60.86,-1.02%,-0.01,4,24344,卖盘
14:39:27,60.87,-1.01%,+0.01,1,8644,买盘
14:39:30,60.87,-1.01%,--,17,109018,卖盘
14:39:33,60.87,-1.01%,--,22,133914,买盘
14:39:33,60.87,-1.01%,--,22,133914,中性盘
14:39:39,60.88,-0.99%,+0.01,8,50165,买盘
14:39:42,60.87,-1.01%,-0.01,7,42609,卖盘
14:39:45,60.88,-0.99%,+0.01,32,198956,买盘
14:39:48,60.89,-0.98%,+0.01,12,73068,买盘
14:39:51,60.89,-0.98%,--,53,325153,买盘
14:39:54,60.88,-0.99%,-0.01,2,12176,卖盘
14:39:57,60.88,-0.99%,--,46,285466,卖盘
14:40:00,60.89,-0.98%,+0.01,81,498446,买盘
14:40:03,60.87,-1.01%,-0.02,27,164349,买盘
14:40:06,60.88,-0.99%,+0.01,53,324917,买盘
14:40:12,60.88,-0.99%,--,9,60819,买盘
14:40:15,60.88,-0.99%,--,8,53574,买盘
14:40:18,60.87,-1.01%,-0.01,25,152175,卖盘
14:40:21,60.87,-1.01%,--,4,24652,买盘
14:40:24,60.87,-1.01%,--,17,105001,买盘
14:40:27,60.87,-1.01%,--,4,29339,买盘
14:40:30,60.87,-1.01%,--,4,24348,卖盘
14:40:33,60.88,-0.99%,+0.01,11,66968,买盘
14:40:36,60.87,-1.01%,-0.01,8,54235,买盘
14:40:39,60.88,-0.99%,+0.01,5,30440,买盘
14:40:42,60.88,-0.99%,--,2,15220,买盘
14:40:45,60.88,-0.99%,--,8,48704,买盘
14:40:51,60.87,-1.01%,-0.01,24,146088,卖盘
14:40:54,60.87,-1.01%,--,13,80288,买盘
14:40:57,60.87,-1.01%,--,15,93192,买盘
14:41:00,60.87,-1.01%,--,7,48453,卖盘
14:41:03,60.87,-1.01%,--,3,23374,买盘
14:41:06,60.87,-1.01%,--,6,41635,买盘
14:41:09,60.87,-1.01%,--,37,228689,买盘
14:41:18,60.87,-1.01%,--,28,175306,卖盘
14:41:21,60.87,-1.01%,--,72,438325,卖盘
14:41:27,60.88,-0.99%,+0.01,83,506461,买盘
14:41:30,60.87,-1.01%,-0.01,8,48696,中性盘
14:41:33,60.84,-1.06%,-0.03,26,158184,卖盘
14:41:36,60.88,-0.99%,+0.04,8,49922,买盘
14:41:39,60.84,-1.06%,-0.04,7,46603,卖盘
14:41:42,60.88,-0.99%,+0.04,3,18751,买盘
14:41:45,60.84,-1.06%,-0.04,10,60840,卖盘
14:41:48,60.84,-1.06%,--,4,24336,卖盘
14:41:51,60.84,-1.06%,--,10,60840,卖盘
14:41:54,60.88,-0.99%,+0.04,2,12176,买盘
14:41:57,60.87,-1.01%,-0.01,54,334298,买盘
14:42:00,60.85,-1.04%,-0.02,2,12170,中性盘
14:42:03,60.87,-1.01%,+0.02,22,138966,买盘
14:42:06,60.88,-0.99%,+0.01,14,87789,买盘
14:42:09,60.84,-1.06%,-0.04,76,462384,卖盘
14:42:12,60.87,-1.01%,+0.03,17,106705,买盘
14:42:15,60.87,-1.01%,--,13,84244,买盘
14:42:18,60.86,-1.02%,-0.01,92,562468,买盘
14:42:21,60.85,-1.04%,-0.01,30,183098,中性盘
14:42:24,60.83,-1.07%,-0.02,7,42581,中性盘
14:42:27,60.82,-1.09%,-0.01,16,98954,卖盘
14:42:30,60.82,-1.09%,--,12,76633,卖盘
14:42:33,60.8,-1.12%,-0.02,47,286307,卖盘
14:42:36,60.8,-1.12%,--,58,353613,卖盘
14:42:39,60.8,-1.12%,--,77,471565,卖盘
14:42:42,60.81,-1.11%,+0.01,10,63060,买盘
14:42:45,60.82,-1.09%,+0.01,40,245895,买盘
14:42:48,60.81,-1.11%,-0.01,7,42567,卖盘
14:42:51,60.81,-1.11%,--,4,24324,卖盘
14:42:54,60.82,-1.09%,+0.01,4,27856,买盘
14:42:57,60.81,-1.11%,-0.01,10,60810,卖盘
14:49:42,60.73,-1.24%,--,1,6620,中性盘
14:49:51,60.74,-1.22%,+0.01,22,138730,买盘
14:49:54,60.73,-1.24%,-0.01,26,158505,卖盘
14:49:57,60.73,-1.24%,--,28,174113,买盘
14:50:03,60.72,-1.25%,-0.01,34,206448,卖盘
14:50:06,60.73,-1.24%,+0.01,44,267819,买盘
14:50:09,60.73,-1.24%,--,75,460030,买盘
14:50:12,60.73,-1.24%,--,4,24292,买盘
14:50:15,60.72,-1.25%,-0.01,32,194304,中性盘
14:50:18,60.73,-1.24%,+0.01,29,177757,买盘
14:50:21,60.72,-1.25%,-0.01,5,30360,卖盘
14:50:24,60.71,-1.27%,-0.01,25,151775,卖盘
14:50:27,60.72,-1.25%,+0.01,79,483392,买盘
14:50:30,60.72,-1.25%,--,28,175845,买盘
14:50:33,60.72,-1.25%,--,59,358552,买盘
14:50:36,60.72,-1.25%,--,7,47787,卖盘
14:50:39,60.72,-1.25%,--,17,103224,卖盘
14:50:42,60.73,-1.24%,+0.01,6,37045,买盘
14:50:45,60.72,-1.25%,-0.01,124,754385,卖盘
14:50:48,60.73,-1.24%,+0.01,34,209397,买盘
14:50:51,60.72,-1.25%,-0.01,26,157872,买盘
14:50:54,60.7,-1.28%,-0.02,65,394975,卖盘
14:50:57,60.72,-1.25%,+0.02,80,486792,买盘
14:51:00,60.69,-1.30%,-0.03,57,347025,卖盘
14:51:03,60.7,-1.28%,+0.01,26,162797,买盘
14:51:06,60.7,-1.28%,--,11,66770,买盘
14:51:09,60.7,-1.28%,--,11,68166,买盘
14:51:12,60.71,-1.27%,+0.01,15,96529,买盘
14:51:15,60.7,-1.28%,-0.01,15,91050,卖盘
14:51:18,60.69,-1.30%,-0.01,37,227527,卖盘
14:51:21,60.68,-1.32%,-0.01,14,87561,卖盘
14:51:24,60.69,-1.30%,+0.01,163,993374,买盘
14:51:27,60.69,-1.30%,--,67,409597,买盘
14:51:30,60.7,-1.28%,+0.01,30,182100,买盘
14:51:33,60.72,-1.25%,+0.02,42,259274,买盘
14:51:36,60.72,-1.25%,--,49,298196,买盘
14:51:42,60.72,-1.25%,--,15,94784,买盘
14:51:45,60.71,-1.27%,-0.01,21,129434,卖盘
14:51:48,60.72,-1.25%,+0.01,120,731251,卖盘
14:51:51,60.72,-1.25%,--,2,12144,买盘
14:51:54,60.72,-1.25%,--,72,437184,买盘
14:51:57,60.72,-1.25%,--,48,295889,买盘
14:52:00,60.72,-1.25%,--,70,429594,买盘
14:52:03,60.72,-1.25%,--,86,522556,卖盘
14:52:06,60.72,-1.25%,--,87,528568,买盘
14:52:09,60.75,-1.20%,+0.03,10,60750,买盘
14:52:12,60.72,-1.25%,-0.03,23,144756,卖盘
14:52:15,60.72,-1.25%,--,66,403909,卖盘
14:52:18,60.73,-1.24%,+0.01,5,30365,卖盘
14:52:21,60.74,-1.22%,+0.01,9,57703,买盘
14:52:24,60.73,-1.24%,-0.01,4,24292,卖盘
14:52:27,60.74,-1.22%,+0.01,12,78112,买盘
14:52:30,60.74,-1.22%,--,4,24296,买盘
14:52:33,60.73,-1.24%,-0.01,13,83079,卖盘
14:52:36,60.74,-1.22%,+0.01,29,181552,买盘
14:52:42,60.74,-1.22%,--,36,221458,买盘
14:52:45,60.72,-1.25%,-0.02,68,413017,卖盘
14:52:48,60.72,-1.25%,--,4,27020,卖盘
14:52:51,60.72,-1.25%,--,49,299775,买盘
14:52:54,60.75,-1.20%,+0.03,51,310433,买盘
14:53:00,60.72,-1.25%,-0.03,63,382961,卖盘
14:53:03,60.7,-1.28%,-0.02,54,332757,卖盘
14:53:06,60.7,-1.28%,--,14,85223,买盘
14:53:09,60.69,-1.30%,-0.01,27,165320,卖盘
14:56:33,60.8,-1.12%,--,43,263264,中性盘
14:56:36,60.8,-1.12%,--,62,380669,买盘
14:56:39,60.77,-1.17%,-0.03,24,151439,卖盘
14:56:42,60.8,-1.12%,+0.03,3,18726,买盘
14:56:45,60.8,-1.12%,--,20,124093,卖盘
14:56:48,60.81,-1.11%,+0.01,30,182977,买盘
14:56:51,60.81,-1.11%,--,35,217213,卖盘
14:56:54,60.81,-1.11%,--,2,12162,卖盘
14:56:57,60.82,-1.09%,+0.01,28,170296,买盘
14:57:00,60.81,-1.11%,-0.01,4,24324,买盘
14:57:03,60.81,-1.11%,--,0,0,中性盘
14:57:12,60.81,-1.11%,--,0,0,买盘
14:59:57,60.81,-1.11%,--,0,0,卖盘
15:00:00,60.83,-1.07%,+0.02,2625,15973836,卖盘
15:00:00,60.83,-1.07%,--,0,0,买盘
