成交时间,成交价,涨跌幅,价格变动,成交量(手),成交额(元),性质
09:21:33,0.0,-100.00%,--,0,0,中性盘
09:24:48,0.0,-100.00%,--,0,0,卖盘
09:25:00,57.48,-1.03%,+57.48,414,2381281,买盘
09:25:00,57.48,-1.03%,--,414,2381281,中性盘
09:30:01,57.48,-1.03%,--,202,1166039,卖盘
09:30:04,57.4,-1.17%,-0.08,305,1756268,中性盘
09:30:07,57.39,-1.19%,-0.01,92,530800,中性盘
09:30:10,57.39,-1.19%,--,101,581877,买盘
09:30:13,57.3,-1.34%,-0.09,105,601707,中性盘
09:30:16,57.23,-1.46%,-0.07,184,1053547,卖盘
09:30:19,57.33,-1.29%,+0.1,66,383366,买盘
09:30:22,57.27,-1.39%,-0.06,103,594749,卖盘
09:30:25,57.28,-1.38%,+0.01,35,205062,中性盘
09:30:28,57.33,-1.29%,+0.05,87,500090,买盘
09:30:31,57.45,-1.08%,+0.12,274,1579186,买盘
09:30:34,57.45,-1.08%,--,44,255538,买盘
09:30:37,57.45,-1.08%,--,89,515441,买盘
09:30:40,57.36,-1.24%,-0.09,82,471901,卖盘
09:30:43,57.36,-1.24%,--,32,185846,买盘
09:30:46,57.36,-1.24%,--,61,354255,卖盘
09:30:49,57.25,-1.43%,-0.11,56,323921,卖盘
09:30:52,57.23,-1.46%,-0.02,53,305036,卖盘
09:30:55,57.23,-1.46%,--,42,240767,卖盘
09:30:58,57.16,-1.58%,-0.07,49,283056,卖盘
09:31:01,57.15,-1.60%,-0.01,44,254603,中性盘
09:31:04,57.1,-1.69%,-0.05,46,264088,卖盘
09:31:07,57.1,-1.69%,--,91,521894,卖盘
09:31:10,57.11,-1.67%,+0.01,297,1697538,卖盘
09:31:13,57.11,-1.67%,--,420,2402789,买盘
09:31:16,57.1,-1.69%,-0.01,127,727682,卖盘
09:31:19,57.11,-1.67%,+0.01,82,468873,中性盘
09:31:22,57.15,-1.60%,+0.04,47,268662,买盘
09:31:25,57.1,-1.69%,-0.05,100,572199,卖盘
09:31:28,57.11,-1.67%,+0.01,49,283951,买盘
09:31:31,57.15,-1.60%,+0.04,26,153105,买盘
09:31:34,57.12,-1.65%,-0.03,51,293254,卖盘
09:31:37,57.11,-1.67%,-0.01,55,315361,卖盘
09:31:40,57.11,-1.67%,--,22,130325,卖盘
09:31:43,57.19,-1.53%,+0.08,116,664834,买盘
09:31:46,57.11,-1.67%,-0.08,181,1035005,卖盘
09:31:49,57.12,-1.65%,+0.01,169,966528,卖盘
09:31:52,57.08,-1.72%,-0.04,65,371305,卖盘
09:31:52,57.08,-1.72%,-0.03,65,371305,中性盘
09:31:55,57.05,-1.77%,-0.03,49,283995,卖盘
09:31:58,57.02,-1.83%,-0.03,40,228080,卖盘
09:32:01,57.05,-1.77%,+0.03,134,765326,买盘
09:32:04,57.01,-1.84%,-0.04,69,395079,卖盘
09:32:07,57.02,-1.83%,+0.01,123,702829,买盘
09:32:10,57.06,-1.76%,+0.04,112,640499,买盘
09:32:13,56.99,-1.88%,-0.07,385,2197078,卖盘
09:32:16,57.0,-1.86%,+0.01,68,387771,买盘
09:32:19,57.01,-1.84%,+0.01,77,440630,买盘
09:32:22,57.01,-1.84%,--,25,146687,买盘
09:32:25,57.01,-1.84%,--,199,1136266,卖盘
09:32:28,57.11,-1.67%,+0.1,6,39349,买盘
09:32:31,57.18,-1.55%,+0.07,12,74105,买盘
09:32:34,57.22,-1.48%,+0.04,385,2205030,买盘
09:32:37,57.3,-1.34%,+0.08,52,300596,买盘
09:32:40,57.36,-1.24%,+0.06,49,283932,买盘
09:32:43,57.4,-1.17%,+0.04,222,1275658,买盘
09:32:46,57.44,-1.10%,+0.04,35,202936,买盘
09:32:49,57.44,-1.10%,--,108,625349,买盘
09:32:52,57.45,-1.08%,+0.01,66,380204,买盘
09:32:55,57.44,-1.10%,-0.01,71,410983,卖盘
09:32:58,57.45,-1.08%,+0.01,33,191768,买盘
09:33:01,57.44,-1.10%,-0.01,39,226199,卖盘
09:33:04,57.4,-1.17%,-0.04,191,1102023,卖盘
09:33:07,57.41,-1.15%,+0.01,86,498147,买盘
09:33:10,57.36,-1.24%,-0.05,78,447408,中性盘
09:33:13,57.36,-1.24%,--,18,104797,买盘
09:33:16,57.36,-1.24%,--,2,11472,买盘
09:33:19,57.36,-1.24%,--,37,212863,买盘
09:33:22,57.35,-1.26%,-0.01,9,51615,中性盘
09:33:25,57.32,-1.31%,-0.03,28,160496,卖盘
09:33:28,57.34,-1.27%,+0.02,17,97478,买盘
09:33:31,57.31,-1.33%,-0.03,24,142071,卖盘
09:33:34,57.34,-1.27%,+0.03,26,149084,买盘
09:33:37,57.34,-1.27%,--,22,131194,买盘
09:33:40,57.34,-1.27%,--,54,315141,买盘
09:33:43,57.34,-1.27%,--,62,355737,买盘
09:33:46,57.3,-1.34%,-0.04,24,142219,卖盘
09:33:49,57.32,-1.31%,+0.02,64,371606,买盘
09:33:52,57.28,-1.38%,-0.04,52,300892,中性盘
09:33:55,57.3,-1.34%,+0.02,4,22920,买盘
09:33:58,57.26,-1.41%,-0.04,62,358791,卖盘
09:34:01,57.3,-1.34%,+0.04,37,214760,买盘
09:34:04,57.3,-1.34%,--,29,166170,卖盘
09:34:07,57.34,-1.27%,+0.04,19,109577,买盘
09:34:10,57.34,-1.27%,--,30,177467,买盘
09:34:13,57.38,-1.21%,+0.04,256,1474092,买盘
09:34:16,57.4,-1.17%,+0.02,68,390779,买盘
09:34:19,57.39,-1.19%,-0.01,75,435246,卖盘
09:34:22,57.39,-1.19%,--,134,772527,卖盘
09:34:25,57.38,-1.21%,-0.01,70,403209,卖盘
09:34:28,57.3,-1.34%,-0.08,93,537130,卖盘
09:34:31,57.3,-1.34%,--,19,113454,买盘
09:34:34,57.3,-1.34%,--,22,129727,买盘
09:34:37,57.25,-1.43%,-0.05,30,176502,卖盘
09:34:40,57.18,-1.55%,-0.07,108,620632,卖盘
09:34:43,57.12,-1.65%,-0.06,68,388473,卖盘
09:34:46,57.19,-1.53%,+0.07,36,208801,买盘
09:34:52,57.17,-1.57%,-0.02,12,68604,卖盘
09:34:55,57.16,-1.58%,-0.01,18,103231,中性盘
09:34:58,57.16,-1.58%,--,77,443276,卖盘
09:35:01,57.16,-1.58%,--,11,62876,买盘
09:35:04,57.16,-1.58%,--,18,106718,买盘
09:35:07,57.16,-1.58%,--,2,11432,买盘
09:35:10,57.08,-1.72%,-0.08,134,765728,卖盘
09:35:13,57.07,-1.74%,-0.01,92,526471,中性盘
09:35:16,57.07,-1.74%,--,30,171210,买盘
09:35:19,57.07,-1.74%,--,26,152548,卖盘
09:35:19,57.07,-1.74%,-0.06,26,152548,中性盘
09:35:22,57.01,-1.84%,-0.06,196,1121159,卖盘
09:35:25,57.0,-1.86%,-0.01,120,688218,卖盘
09:35:28,56.99,-1.88%,-0.01,343,1960171,卖盘
09:35:31,56.98,-1.89%,-0.01,12,68661,卖盘
09:35:34,57.0,-1.86%,+0.02,28,164388,买盘
09:35:37,57.0,-1.86%,--,7,41496,买盘
09:35:40,56.96,-1.93%,-0.04,63,361468,卖盘
09:35:43,56.97,-1.91%,+0.01,32,182532,中性盘
09:35:46,57.01,-1.84%,+0.04,47,269657,买盘
09:35:49,57.01,-1.84%,--,54,308595,买盘
09:35:52,57.05,-1.77%,+0.04,70,399350,买盘
09:35:55,56.98,-1.89%,-0.07,73,420455,卖盘
09:35:58,57.12,-1.65%,+0.14,127,726052,买盘
09:36:01,57.12,-1.65%,--,0,0,买盘
09:36:04,57.1,-1.69%,-0.02,66,379087,买盘
09:36:07,57.1,-1.69%,--,0,4739,卖盘
09:36:10,57.06,-1.76%,-0.04,32,187214,买盘
09:36:13,57.02,-1.83%,-0.04,10,57020,卖盘
09:36:16,57.02,-1.83%,--,8,45616,卖盘
09:36:19,57.0,-1.86%,-0.02,59,336927,卖盘
09:36:22,57.0,-1.86%,--,66,378936,卖盘
09:36:25,57.0,-1.86%,--,50,286197,买盘
09:36:28,57.0,-1.86%,--,79,451839,买盘
09:36:31,57.1,-1.69%,+0.1,305,1742692,买盘
09:36:34,57.06,-1.76%,-0.04,4,27731,卖盘
09:36:37,57.06,-1.76%,--,0,0,卖盘
09:36:40,57.09,-1.70%,+0.03,4,22836,买盘
09:36:43,57.08,-1.72%,-0.01,32,182656,中性盘
09:36:46,57.01,-1.84%,-0.07,67,382651,卖盘
09:36:49,57.0,-1.86%,-0.01,27,153900,卖盘
09:36:52,57.06,-1.76%,+0.06,86,495452,买盘
09:36:55,57.06,-1.76%,--,0,0,买盘
09:36:58,56.99,-1.88%,-0.07,34,194393,买盘
09:37:01,56.99,-1.88%,--,12,70611,买盘
09:37:04,56.95,-1.95%,-0.04,142,811708,卖盘
09:37:07,56.96,-1.93%,+0.01,84,478464,买盘
09:37:10,56.91,-2.01%,-0.05,6,36821,卖盘
09:37:13,56.91,-2.01%,--,94,534954,卖盘
09:37:16,56.9,-2.03%,-0.01,37,211668,卖盘
09:37:19,56.91,-2.01%,+0.01,9,51219,中性盘
09:37:22,56.94,-1.96%,+0.03,32,182834,中性盘
09:37:25,56.91,-2.01%,-0.03,55,313631,卖盘
09:37:28,56.93,-1.98%,+0.02,30,173238,买盘
09:37:31,56.92,-2.00%,-0.01,76,436292,卖盘
09:37:34,56.93,-1.98%,+0.01,9,51237,买盘
09:37:37,56.92,-2.00%,-0.01,60,341520,买盘
09:37:40,56.9,-2.03%,-0.02,7,39830,卖盘
09:37:43,56.9,-2.03%,--,7,42220,卖盘
09:37:46,56.91,-2.01%,+0.01,44,251542,买盘
09:37:49,56.9,-2.03%,-0.01,7,39830,中性盘
09:37:52,56.91,-2.01%,+0.01,29,165039,买盘
09:37:55,56.89,-2.05%,-0.02,38,219994,买盘
09:37:58,56.89,-2.05%,--,25,147004,买盘
09:38:01,56.9,-2.03%,+0.01,44,250360,中性盘
09:38:04,56.88,-2.07%,-0.02,52,297482,卖盘
09:38:07,56.91,-2.01%,+0.03,111,632327,买盘
09:38:10,56.91,-2.01%,--,26,152462,买盘
09:38:13,56.93,-1.98%,+0.02,29,167716,买盘
09:38:16,56.91,-2.01%,-0.02,45,260989,卖盘
09:38:19,56.93,-1.98%,+0.02,47,269507,买盘
09:38:22,56.91,-2.01%,-0.02,44,250404,卖盘
09:38:25,57.0,-1.86%,+0.09,49,280212,买盘
09:38:28,57.0,-1.86%,--,13,74727,买盘
09:38:31,56.96,-1.93%,-0.04,2,11392,中性盘
09:38:34,56.93,-1.98%,-0.03,33,187869,卖盘
09:38:37,56.95,-1.95%,+0.02,217,1235815,中性盘
09:38:40,56.96,-1.93%,+0.01,9,51264,买盘
09:38:43,56.96,-1.93%,--,20,113920,买盘
09:38:46,56.92,-2.00%,-0.04,12,69898,卖盘
09:38:46,56.92,-2.00%,--,12,69898,中性盘
09:38:49,56.92,-2.00%,--,22,125224,买盘
09:38:52,56.89,-2.05%,-0.03,40,230120,卖盘
09:38:55,56.89,-2.05%,--,7,39823,卖盘
09:39:01,56.88,-2.07%,-0.01,52,295776,卖盘
09:39:04,56.89,-2.05%,+0.01,15,89317,买盘
09:39:07,56.89,-2.05%,--,57,325581,买盘
09:39:10,56.89,-2.05%,--,20,117933,买盘
09:39:13,56.91,-2.01%,+0.02,201,1148615,买盘
09:39:16,56.92,-2.00%,+0.01,26,147992,买盘
09:39:19,56.92,-2.00%,--,180,1024560,买盘
09:39:22,56.92,-2.00%,--,92,527648,卖盘
09:39:25,56.91,-2.01%,-0.01,8,45528,卖盘
09:39:28,56.85,-2.12%,-0.06,123,699880,卖盘
09:39:31,56.92,-2.00%,+0.07,24,138543,买盘
09:39:34,56.96,-1.93%,+0.04,47,269307,买盘
09:39:37,56.96,-1.93%,--,21,120755,买盘
09:39:43,56.99,-1.88%,+0.03,15,85485,买盘
09:39:46,56.91,-2.01%,-0.08,41,235266,卖盘
09:39:49,56.9,-2.03%,-0.01,13,74937,卖盘
09:39:52,56.86,-2.10%,-0.04,35,200545,卖盘
09:39:55,56.86,-2.10%,--,33,189514,卖盘
09:39:58,56.86,-2.10%,--,54,308977,卖盘
09:40:01,56.84,-2.13%,-0.02,50,284598,卖盘
09:40:04,56.84,-2.13%,--,8,47689,买盘
09:40:07,56.86,-2.10%,+0.02,119,677942,买盘
09:40:10,56.82,-2.17%,-0.04,89,511210,卖盘
09:40:13,56.89,-2.05%,+0.07,4,22756,买盘
09:40:16,56.89,-2.05%,--,12,68268,买盘
09:40:19,56.89,-2.05%,--,51,290139,卖盘
09:40:22,56.89,-2.05%,--,22,125158,买盘
09:40:25,56.89,-2.05%,--,9,51201,买盘
09:40:28,56.89,-2.05%,--,92,523388,卖盘
09:40:31,56.88,-2.07%,-0.01,6,34128,卖盘
09:40:34,56.88,-2.07%,--,41,234744,中性盘
09:40:37,56.8,-2.20%,-0.08,484,2751278,卖盘
09:40:40,56.78,-2.24%,-0.02,52,299969,卖盘
09:40:43,56.72,-2.34%,-0.06,66,377812,卖盘
09:40:46,56.7,-2.38%,-0.02,53,303855,卖盘
09:40:49,56.68,-2.41%,-0.02,20,113360,卖盘
09:40:52,56.79,-2.22%,+0.11,46,263619,买盘
09:40:55,56.79,-2.22%,--,2,11358,买盘
09:40:58,56.79,-2.22%,--,12,68148,买盘
09:41:01,56.72,-2.34%,-0.07,29,165622,卖盘
09:41:04,56.79,-2.22%,+0.07,9,51111,买盘
09:41:07,56.8,-2.20%,+0.01,37,213682,买盘
09:41:10,56.75,-2.29%,-0.05,2,11350,卖盘
09:41:13,56.68,-2.41%,-0.07,43,247522,卖盘
09:41:16,56.66,-2.44%,-0.02,39,226357,卖盘
09:41:19,56.65,-2.46%,-0.01,53,304947,卖盘
09:41:22,56.66,-2.44%,+0.01,47,266472,卖盘
09:41:25,56.72,-2.34%,+0.06,30,175775,中性盘
09:41:28,56.76,-2.27%,+0.04,24,139062,买盘
09:41:31,56.63,-2.50%,-0.13,102,577626,卖盘
09:41:34,56.78,-2.24%,+0.15,25,146720,买盘
09:41:37,56.8,-2.20%,+0.02,30,175512,买盘
09:41:40,56.79,-2.22%,-0.01,15,89274,卖盘
09:41:43,56.8,-2.20%,+0.01,3,19482,买盘
09:41:46,56.8,-2.20%,--,19,111158,卖盘
09:41:49,56.8,-2.20%,--,11,65377,买盘
09:41:52,56.79,-2.22%,-0.01,21,123802,中性盘
09:41:55,56.8,-2.20%,+0.01,30,172842,买盘
09:41:58,56.79,-2.22%,-0.01,75,427572,中性盘
09:42:01,56.76,-2.27%,-0.03,22,124872,卖盘
09:42:04,56.76,-2.27%,--,14,79464,中性盘
09:42:07,56.8,-2.20%,+0.04,22,126210,买盘
09:42:10,56.8,-2.20%,--,13,74465,买盘
09:42:13,56.78,-2.24%,-0.02,4,22712,买盘
09:42:13,56.78,-2.24%,--,4,22712,中性盘
09:42:16,56.79,-2.22%,+0.01,12,68148,买盘
09:42:19,56.79,-2.22%,--,10,60822,买盘
09:42:22,56.79,-2.22%,--,108,613332,买盘
09:42:25,56.76,-2.27%,-0.03,84,482006,中性盘
09:42:28,56.79,-2.22%,+0.03,21,122553,买盘
09:42:31,56.74,-2.31%,-0.05,36,207328,卖盘
09:42:34,56.79,-2.22%,+0.05,48,272592,买盘
09:42:37,56.71,-2.36%,-0.08,56,322113,卖盘
09:42:40,56.7,-2.38%,-0.01,9,51030,卖盘
09:42:43,56.72,-2.34%,+0.02,24,136128,买盘
09:42:46,56.71,-2.36%,-0.01,40,226840,中性盘
09:42:49,56.73,-2.32%,+0.02,12,73182,买盘
09:42:52,56.71,-2.36%,-0.02,27,157427,卖盘
09:42:55,56.79,-2.22%,+0.08,29,168098,买盘
09:42:58,56.79,-2.22%,--,46,265664,买盘
09:43:01,56.73,-2.32%,-0.06,63,359044,卖盘
09:43:04,56.78,-2.24%,+0.05,62,353172,买盘
09:43:07,56.91,-2.01%,+0.13,427,2431252,买盘
09:43:10,56.78,-2.24%,-0.13,129,733427,卖盘
09:43:13,56.79,-2.22%,+0.01,18,106936,买盘
09:43:16,56.79,-2.22%,--,8,47533,卖盘
09:43:19,56.79,-2.22%,--,11,62469,卖盘
09:43:22,56.84,-2.13%,+0.05,32,185469,中性盘
09:43:25,56.88,-2.07%,+0.04,20,117855,买盘
09:43:28,56.84,-2.13%,-0.04,35,201327,卖盘
09:43:31,56.84,-2.13%,--,17,98220,卖盘
09:43:34,56.84,-2.13%,--,5,28420,买盘
09:43:37,56.81,-2.19%,-0.03,17,97543,卖盘
09:43:40,56.8,-2.20%,-0.01,52,295360,卖盘
09:43:43,56.87,-2.08%,+0.07,10,56870,买盘
09:43:46,56.88,-2.07%,+0.01,63,363520,买盘
09:43:49,56.89,-2.05%,+0.01,5,28445,买盘
09:43:52,56.89,-2.05%,--,14,81125,买盘
09:43:55,56.89,-2.05%,--,3,21277,买盘
09:43:58,56.91,-2.01%,+0.02,320,1825388,买盘
09:44:01,56.9,-2.03%,-0.01,70,398357,中性盘
09:44:04,56.91,-2.01%,+0.01,9,51219,买盘
09:44:07,56.85,-2.12%,-0.06,62,352470,卖盘
09:44:16,56.95,-1.95%,+0.1,2,11390,买盘
09:44:19,56.9,-2.03%,-0.05,22,128025,卖盘
09:44:22,56.95,-1.95%,+0.05,26,148867,买盘
09:44:25,56.95,-1.95%,--,7,43908,买盘
09:44:28,56.95,-1.95%,--,40,229338,卖盘
09:44:31,56.99,-1.88%,+0.04,14,79957,买盘
09:44:34,57.0,-1.86%,+0.01,415,2370573,买盘
09:44:37,57.05,-1.77%,+0.05,39,226146,买盘
09:44:40,57.06,-1.76%,+0.01,223,1276660,买盘
09:44:43,57.06,-1.76%,--,48,273888,卖盘
09:44:46,57.02,-1.83%,-0.04,43,245186,卖盘
09:44:49,57.06,-1.76%,+0.04,18,103621,买盘
09:44:52,57.06,-1.76%,--,6,34464,买盘
09:44:55,57.06,-1.76%,--,33,191037,买盘
09:44:58,57.06,-1.76%,--,8,45705,买盘
09:45:01,57.05,-1.77%,-0.01,11,63668,中性盘
09:45:04,57.01,-1.84%,-0.04,28,159628,卖盘
09:45:07,57.0,-1.86%,-0.01,28,162564,卖盘
09:45:10,57.01,-1.84%,+0.01,19,110314,买盘
09:45:13,57.01,-1.84%,--,12,68412,买盘
09:45:16,57.02,-1.83%,+0.01,40,230475,买盘
09:45:19,57.08,-1.72%,+0.06,2,11416,买盘
09:45:22,57.06,-1.76%,-0.02,37,215459,卖盘
09:45:25,57.06,-1.76%,--,9,51354,卖盘
09:45:31,57.08,-1.72%,+0.02,26,152860,买盘
09:45:34,57.09,-1.70%,+0.01,65,373654,买盘
09:45:37,57.16,-1.58%,+0.07,197,1129825,买盘
09:45:40,57.2,-1.52%,+0.04,8,46389,买盘
09:49:07,57.05,-1.77%,--,121,692245,中性盘
09:49:10,57.06,-1.76%,+0.01,2,11412,买盘
09:49:13,57.05,-1.77%,-0.01,2,11410,买盘
09:49:16,57.0,-1.86%,-0.05,25,143298,卖盘
09:49:19,56.99,-1.88%,-0.01,2,11398,卖盘
09:49:22,57.0,-1.86%,+0.01,131,750975,买盘
09:49:28,57.0,-1.86%,--,6,34200,买盘
09:49:31,57.04,-1.79%,+0.04,106,609187,买盘
09:49:34,57.06,-1.76%,+0.02,75,428178,买盘
09:49:37,57.07,-1.74%,+0.01,11,63918,中性盘
09:49:40,57.11,-1.67%,+0.04,44,253511,买盘
09:49:43,57.08,-1.72%,-0.03,31,181343,卖盘
09:49:46,57.08,-1.72%,--,10,60619,买盘
09:49:49,57.11,-1.67%,+0.03,24,138663,买盘
09:49:52,57.09,-1.70%,-0.02,2,11418,卖盘
09:49:55,57.17,-1.57%,+0.08,2,11434,中性盘
09:49:58,57.19,-1.53%,+0.02,13,75491,买盘
09:50:01,57.04,-1.79%,-0.15,29,169523,卖盘
09:50:04,57.0,-1.86%,-0.04,16,92568,卖盘
09:50:07,57.01,-1.84%,+0.01,26,148226,卖盘
09:50:10,57.01,-1.84%,--,23,131864,卖盘
09:50:13,57.01,-1.84%,--,24,136824,卖盘
09:50:16,57.01,-1.84%,--,29,170346,卖盘
09:50:19,57.01,-1.84%,--,9,51309,买盘
09:50:25,57.01,-1.84%,--,11,62711,买盘
09:50:28,57.01,-1.84%,--,24,141271,买盘
09:50:31,57.01,-1.84%,--,2,11402,买盘
09:50:34,57.0,-1.86%,-0.01,86,492993,卖盘
09:50:37,57.0,-1.86%,--,4,23712,买盘
09:50:40,57.0,-1.86%,--,22,125400,买盘
09:50:43,57.01,-1.84%,+0.01,371,2120430,买盘
09:50:46,57.02,-1.83%,+0.01,8,48752,买盘
09:50:49,57.11,-1.67%,+0.09,4,22844,买盘
09:50:52,57.11,-1.67%,--,6,34266,卖盘
09:50:55,57.11,-1.67%,--,0,0,买盘
09:50:58,57.02,-1.83%,-0.09,6,34212,卖盘
09:51:01,57.11,-1.67%,+0.09,5,28555,买盘
09:51:04,57.02,-1.83%,-0.09,12,69850,卖盘
09:51:07,57.06,-1.76%,+0.04,2,11412,买盘
09:51:10,57.03,-1.81%,-0.03,4,22812,中性盘
09:51:13,57.01,-1.84%,-0.02,56,321764,卖盘
09:51:16,57.02,-1.83%,+0.01,20,114040,买盘
09:51:19,57.02,-1.83%,--,51,294166,买盘
09:51:22,57.01,-1.84%,-0.01,19,109744,卖盘
09:51:25,57.01,-1.84%,--,4,22804,买盘
09:51:31,57.0,-1.86%,-0.01,24,139251,卖盘
09:51:34,57.01,-1.84%,+0.01,15,88708,买盘
09:51:37,57.01,-1.84%,--,99,564456,卖盘
09:51:40,57.02,-1.83%,+0.01,9,54055,中性盘
09:51:43,57.01,-1.84%,-0.01,54,308367,卖盘
09:51:46,57.0,-1.86%,-0.01,26,148428,卖盘
09:51:49,57.01,-1.84%,+0.01,72,410472,买盘
09:51:52,57.01,-1.84%,--,15,89962,买盘
09:51:55,57.0,-1.86%,-0.01,22,125400,卖盘
09:51:58,57.0,-1.86%,--,142,813960,卖盘
09:52:01,56.91,-2.01%,-0.09,53,303387,卖盘
09:52:04,56.9,-2.03%,-0.01,10,58323,卖盘
09:52:07,56.96,-1.93%,+0.06,2,11449,买盘
09:52:10,56.9,-2.03%,-0.06,12,68280,卖盘
09:52:13,56.9,-2.03%,--,76,434545,卖盘
09:52:16,56.89,-2.05%,-0.01,19,108432,卖盘
09:52:19,56.87,-2.08%,-0.02,26,150080,卖盘
09:52:22,56.86,-2.10%,-0.01,2,12964,卖盘
09:52:25,56.87,-2.08%,+0.01,5,28435,买盘
09:52:34,56.86,-2.10%,-0.01,9,55268,卖盘
09:52:34,56.86,-2.10%,-0.01,9,55268,中性盘
09:52:37,56.85,-2.12%,-0.01,8,49573,卖盘
09:52:40,56.82,-2.17%,-0.03,11,63354,卖盘
09:52:43,56.82,-2.17%,--,12,68184,卖盘
09:52:46,56.85,-2.12%,+0.03,52,295620,买盘
09:52:49,56.81,-2.19%,-0.04,80,456809,卖盘
09:52:55,56.82,-2.17%,+0.01,5,28410,买盘
09:53:01,56.81,-2.19%,-0.01,16,94873,卖盘
09:53:04,56.82,-2.17%,+0.01,61,348079,买盘
09:53:07,56.82,-2.17%,--,35,201370,买盘
09:53:10,56.82,-2.17%,--,6,38751,买盘
09:53:13,56.85,-2.12%,+0.03,16,90960,买盘
09:53:16,56.86,-2.10%,+0.01,21,123898,买盘
09:53:19,56.87,-2.08%,+0.01,16,92584,买盘
09:53:22,56.95,-1.95%,+0.08,32,183664,买盘
09:53:25,56.87,-2.08%,-0.08,2,11374,卖盘
09:53:28,56.95,-1.95%,+0.08,11,63271,买盘
09:53:31,56.95,-1.95%,--,2,13155,买盘
09:53:34,56.95,-1.95%,--,5,28475,买盘
09:53:37,56.95,-1.95%,--,13,74661,买盘
09:53:40,56.88,-2.07%,-0.07,21,122918,卖盘
09:53:43,56.95,-1.95%,+0.07,14,82578,中性盘
09:53:46,56.88,-2.07%,-0.07,19,109096,卖盘
09:53:49,56.88,-2.07%,--,4,28326,买盘
09:53:52,56.87,-2.08%,-0.01,5,28719,卖盘
09:53:55,56.87,-2.08%,--,15,85931,卖盘
09:53:58,56.87,-2.08%,--,82,466391,卖盘
09:54:01,56.89,-2.05%,+0.02,8,45512,卖盘
09:54:04,56.89,-2.05%,--,10,58255,卖盘
09:54:07,56.91,-2.01%,+0.02,55,313005,卖盘
09:54:10,56.91,-2.01%,--,2,11382,买盘
09:54:13,56.91,-2.01%,--,19,110576,买盘
09:54:16,56.89,-2.05%,-0.02,7,39823,卖盘
09:54:19,56.89,-2.05%,--,55,316650,卖盘
09:54:22,56.91,-2.01%,+0.02,36,207722,买盘
09:54:25,56.91,-2.01%,--,31,180632,买盘
09:54:28,56.9,-2.03%,-0.01,27,154768,卖盘
09:54:31,56.91,-2.01%,+0.01,52,299005,买盘
09:54:34,56.89,-2.05%,-0.02,58,330588,卖盘
09:54:37,56.9,-2.03%,+0.01,35,199150,买盘
09:54:40,56.89,-2.05%,-0.01,6,38230,卖盘
09:54:43,56.89,-2.05%,--,17,100866,卖盘
09:54:46,56.89,-2.05%,--,2,11378,买盘
09:54:49,56.85,-2.12%,-0.04,152,869293,卖盘
09:54:52,56.81,-2.19%,-0.04,50,289617,卖盘
09:54:55,56.81,-2.19%,--,95,540774,卖盘
09:54:58,56.8,-2.20%,-0.01,149,847967,卖盘
09:55:01,56.77,-2.26%,-0.03,3,17031,卖盘
09:55:04,56.75,-2.29%,-0.02,23,132114,卖盘
09:55:10,56.73,-2.32%,-0.02,8,46859,卖盘
09:55:13,56.74,-2.31%,+0.01,22,124828,买盘
09:55:16,56.74,-2.31%,--,10,56740,买盘
09:55:19,56.73,-2.32%,-0.01,48,272304,卖盘
09:55:22,56.73,-2.32%,--,36,206724,卖盘
09:55:25,56.74,-2.31%,+0.01,30,173341,买盘
09:55:28,56.73,-2.32%,-0.01,15,86116,卖盘
09:55:31,56.73,-2.32%,--,6,34038,买盘
09:55:34,56.72,-2.34%,-0.01,12,69312,卖盘
09:55:37,56.71,-2.36%,-0.01,12,68052,卖盘
09:55:40,56.7,-2.38%,-0.01,126,717539,卖盘
09:55:43,56.7,-2.38%,--,42,238480,卖盘
09:55:46,56.68,-2.41%,-0.02,302,1715193,卖盘
09:55:49,56.68,-2.41%,--,78,442104,买盘
09:55:55,56.68,-2.41%,--,199,1131049,买盘
09:55:58,56.69,-2.39%,+0.01,173,981644,买盘
09:56:01,56.7,-2.38%,+0.01,22,126328,中性盘
09:56:01,56.7,-2.38%,--,22,126328,中性盘
09:56:04,56.72,-2.34%,+0.02,107,608435,买盘
09:56:07,56.72,-2.34%,--,53,300616,买盘
09:56:10,56.72,-2.34%,--,210,1191460,买盘
09:56:13,56.72,-2.34%,--,68,387171,买盘
09:56:16,56.69,-2.39%,-0.03,6,34014,卖盘
09:56:19,56.71,-2.36%,+0.02,4,22684,中性盘
09:56:25,56.73,-2.32%,+0.02,28,160603,买盘
09:56:28,56.71,-2.36%,-0.02,15,87220,卖盘
09:56:31,56.7,-2.38%,-0.01,55,311850,卖盘
09:56:34,56.73,-2.32%,+0.03,9,53610,买盘
09:56:37,56.7,-2.38%,-0.03,3,17010,卖盘
09:56:40,56.7,-2.38%,--,12,71442,卖盘
09:56:43,56.7,-2.38%,--,5,33226,卖盘
09:56:46,56.71,-2.36%,+0.01,8,49621,卖盘
09:56:49,56.71,-2.36%,--,12,68052,卖盘
09:56:52,56.71,-2.36%,--,29,166841,卖盘
09:56:55,56.71,-2.36%,--,50,283550,买盘
09:56:58,56.7,-2.38%,-0.01,46,260820,卖盘
09:57:01,56.71,-2.36%,+0.01,15,88524,买盘
09:57:04,56.7,-2.38%,-0.01,57,324664,卖盘
09:57:07,56.71,-2.36%,+0.01,75,430429,买盘
09:57:10,56.7,-2.38%,-0.01,10,56700,卖盘
09:57:13,56.71,-2.36%,+0.01,26,147673,买盘
09:57:16,56.71,-2.36%,--,51,289221,买盘
09:57:19,56.7,-2.38%,-0.01,31,175770,中性盘
09:57:22,56.68,-2.41%,-0.02,81,461432,卖盘
09:57:25,56.67,-2.43%,-0.01,9,51570,卖盘
09:57:28,56.66,-2.44%,-0.01,21,122159,卖盘
09:57:31,56.7,-2.38%,+0.04,118,671498,买盘
09:57:37,56.7,-2.38%,--,0,0,买盘
09:57:40,56.7,-2.38%,--,43,246588,买盘
09:57:43,56.7,-2.38%,--,13,78359,买盘
09:57:46,56.69,-2.39%,-0.01,2,11338,买盘
09:57:49,56.69,-2.39%,--,10,56690,买盘
09:57:52,56.69,-2.39%,--,2,11338,买盘
09:57:55,56.69,-2.39%,--,51,289119,买盘
09:57:58,56.68,-2.41%,-0.01,8,46704,卖盘
09:58:01,56.68,-2.41%,--,38,216744,卖盘
09:58:04,56.67,-2.43%,-0.01,30,174827,卖盘
09:58:07,56.68,-2.41%,+0.01,48,275295,买盘
09:58:10,56.68,-2.41%,--,6,34008,买盘
09:58:13,56.68,-2.41%,--,76,430995,买盘
09:58:16,56.66,-2.44%,-0.02,231,1311112,卖盘
09:58:19,56.66,-2.44%,--,53,300298,买盘
09:58:22,56.63,-2.50%,-0.03,22,129456,卖盘
09:58:25,56.63,-2.50%,--,19,111618,卖盘
09:58:28,56.65,-2.46%,+0.02,62,351230,买盘
09:58:31,56.63,-2.50%,-0.02,104,588952,买盘
09:58:34,56.6,-2.55%,-0.03,227,1287367,卖盘
09:58:37,56.6,-2.55%,--,50,283113,买盘
09:58:40,56.57,-2.60%,-0.03,15,87118,卖盘
09:58:43,56.56,-2.62%,-0.01,27,156558,卖盘
09:58:46,56.57,-2.60%,+0.01,14,81631,中性盘
09:58:49,56.56,-2.62%,-0.01,63,358986,卖盘
09:58:52,56.6,-2.55%,+0.04,49,280340,买盘
09:58:55,56.56,-2.62%,-0.04,56,318602,卖盘
09:58:58,56.56,-2.62%,--,62,352934,卖盘
09:59:01,56.56,-2.62%,--,39,221941,买盘
09:59:04,56.55,-2.63%,-0.01,27,155908,卖盘
09:59:07,56.55,-2.63%,--,31,177058,买盘
09:59:10,56.56,-2.62%,+0.01,69,395581,买盘
09:59:13,56.54,-2.65%,-0.02,105,597911,卖盘
09:59:16,56.6,-2.55%,+0.06,21,119483,买盘
09:59:19,56.56,-2.62%,-0.04,36,208650,中性盘
09:59:22,56.56,-2.62%,--,75,428725,卖盘
09:59:25,56.58,-2.58%,+0.02,49,277864,中性盘
09:59:28,56.63,-2.50%,+0.05,61,348954,买盘
09:59:28,56.63,-2.50%,--,61,348954,中性盘
09:59:31,56.63,-2.50%,--,52,296628,买盘
09:59:34,56.63,-2.50%,--,60,340290,买盘
09:59:37,56.63,-2.50%,--,24,139480,买盘
09:59:40,56.6,-2.55%,-0.03,28,158706,卖盘
09:59:43,56.63,-2.50%,+0.03,2,11326,买盘
09:59:46,56.6,-2.55%,-0.03,10,59430,卖盘
09:59:49,56.6,-2.55%,--,4,26772,买盘
09:59:52,56.59,-2.57%,-0.01,63,361214,卖盘
09:59:55,56.6,-2.55%,+0.01,11,66958,买盘
09:59:58,56.6,-2.55%,--,16,96107,买盘
10:00:01,56.61,-2.53%,+0.01,8,46590,中性盘
10:00:04,56.6,-2.55%,-0.01,23,135331,卖盘
10:00:07,56.63,-2.50%,+0.03,17,100122,买盘
10:00:10,56.63,-2.50%,--,23,131212,买盘
10:00:13,56.65,-2.46%,+0.02,146,831169,买盘
10:00:16,56.65,-2.46%,--,215,1219165,买盘
10:00:19,56.6,-2.55%,-0.05,185,1049817,卖盘
10:00:22,56.6,-2.55%,--,8,45280,卖盘
10:00:25,56.67,-2.43%,+0.07,52,295931,中性盘
10:00:28,56.73,-2.32%,+0.06,35,200257,买盘
10:00:31,56.83,-2.15%,+0.1,85,484589,买盘
10:00:34,56.73,-2.32%,-0.1,15,87818,中性盘
10:00:37,56.67,-2.43%,-0.06,82,469908,卖盘
10:00:40,56.65,-2.46%,-0.02,30,172669,卖盘
10:00:43,56.7,-2.38%,+0.05,32,181440,买盘
10:00:46,56.7,-2.38%,--,8,50973,买盘
10:00:49,56.7,-2.38%,--,12,68040,买盘
10:00:52,56.79,-2.22%,+0.09,50,287812,买盘
10:00:55,56.7,-2.38%,-0.09,8,45360,卖盘
10:00:58,56.7,-2.38%,--,53,301134,卖盘
10:01:01,56.77,-2.26%,+0.07,12,70168,买盘
10:01:04,56.7,-2.38%,-0.07,19,112550,卖盘
10:01:07,56.67,-2.43%,-0.03,51,289867,卖盘
10:01:10,56.77,-2.26%,+0.1,23,135737,买盘
10:01:13,56.76,-2.27%,-0.01,5,30367,中性盘
10:01:19,56.7,-2.38%,-0.06,57,326138,卖盘
10:01:22,56.67,-2.43%,-0.03,2,12581,卖盘
10:01:28,56.68,-2.41%,+0.01,7,40640,卖盘
10:01:31,56.67,-2.43%,-0.01,6,38649,卖盘
10:01:34,56.67,-2.43%,--,10,56670,买盘
10:01:37,56.63,-2.50%,-0.04,121,685903,卖盘
10:01:40,56.6,-2.55%,-0.03,15,87334,卖盘
10:01:43,56.63,-2.50%,+0.03,19,109749,买盘
10:01:46,56.6,-2.55%,-0.03,56,318205,卖盘
10:01:49,56.6,-2.55%,--,23,134425,卖盘
10:01:52,56.56,-2.62%,-0.04,36,203673,卖盘
10:01:55,56.6,-2.55%,+0.04,24,138330,买盘
10:01:58,56.55,-2.63%,-0.05,36,205785,卖盘
10:02:01,56.53,-2.67%,-0.02,16,91409,卖盘
10:02:04,56.55,-2.63%,+0.02,16,93194,买盘
10:02:07,56.52,-2.69%,-0.03,23,133896,卖盘
10:02:10,56.5,-2.72%,-0.02,138,783768,卖盘
10:02:13,56.5,-2.72%,--,359,2032079,卖盘
10:02:16,56.47,-2.77%,-0.03,38,220120,卖盘
10:02:19,56.44,-2.82%,-0.03,15,85676,卖盘
10:02:22,56.4,-2.89%,-0.04,188,1064606,卖盘
10:02:25,56.45,-2.81%,+0.05,52,295177,买盘
10:02:28,56.4,-2.89%,-0.05,109,617636,卖盘
10:02:31,56.37,-2.94%,-0.03,67,380779,卖盘
10:02:34,56.37,-2.94%,--,16,93236,卖盘
10:02:37,56.39,-2.91%,+0.02,53,298867,中性盘
10:02:40,56.39,-2.91%,--,20,116502,卖盘
10:02:43,56.39,-2.91%,--,22,128344,卖盘
10:02:46,56.37,-2.94%,-0.02,31,178411,卖盘
10:02:49,56.37,-2.94%,--,47,268208,买盘
10:02:52,56.36,-2.96%,-0.01,22,128332,中性盘
10:02:55,56.37,-2.94%,+0.01,20,114487,买盘
10:02:55,56.37,-2.94%,-0.07,20,114487,中性盘
10:02:58,56.3,-3.06%,-0.07,181,1023084,卖盘
10:03:01,56.29,-3.08%,-0.01,31,178102,中性盘
10:03:04,56.28,-3.10%,-0.01,106,598088,卖盘
10:03:07,56.28,-3.10%,--,216,1218462,卖盘
10:03:10,56.28,-3.10%,--,23,133271,买盘
10:03:13,56.28,-3.10%,--,58,327437,买盘
10:03:16,56.27,-3.12%,-0.01,101,568496,中性盘
10:03:19,56.25,-3.15%,-0.02,159,899100,中性盘
10:03:22,56.27,-3.12%,+0.02,330,1858317,买盘
10:03:25,56.36,-2.96%,+0.09,574,3239009,中性盘
10:03:28,56.39,-2.91%,+0.03,189,1070621,买盘
10:03:31,56.49,-2.74%,+0.1,170,963493,买盘
10:03:34,56.37,-2.94%,-0.12,125,709529,中性盘
10:03:37,56.33,-3.01%,-0.04,102,577439,卖盘
10:03:40,56.33,-3.01%,--,52,295733,卖盘
10:03:43,56.45,-2.81%,+0.12,27,157778,中性盘
10:03:46,56.34,-3.00%,-0.11,189,1069953,卖盘
10:03:49,56.35,-2.98%,+0.01,6,35331,卖盘
10:03:52,56.42,-2.86%,+0.07,14,78988,中性盘
10:03:55,56.44,-2.82%,+0.02,107,608423,买盘
10:04:01,56.36,-2.96%,-0.08,4,24066,卖盘
10:04:04,56.36,-2.96%,--,33,187397,卖盘
10:04:07,56.36,-2.96%,--,30,170094,卖盘
10:04:10,56.36,-2.96%,--,6,37254,卖盘
10:04:13,56.35,-2.98%,-0.01,21,123632,卖盘
10:04:16,56.39,-2.91%,+0.04,10,56390,中性盘
10:04:19,56.38,-2.93%,-0.01,6,34335,卖盘
10:04:22,56.35,-2.98%,-0.03,43,242869,卖盘
10:04:25,56.36,-2.96%,+0.01,16,90176,买盘
10:04:28,56.35,-2.98%,-0.01,45,256280,卖盘
10:04:31,56.36,-2.96%,+0.01,71,401734,买盘
10:04:34,56.35,-2.98%,-0.01,44,248785,卖盘
10:04:37,56.33,-3.01%,-0.02,61,343782,卖盘
10:04:40,56.33,-3.01%,--,7,42191,卖盘
10:04:43,56.34,-3.00%,+0.01,4,24283,中性盘
10:04:46,56.35,-2.98%,+0.01,3,16905,买盘
10:04:49,56.35,-2.98%,--,42,240389,买盘
10:04:52,56.33,-3.01%,-0.02,48,272581,卖盘
10:04:55,56.35,-2.98%,+0.02,98,554090,买盘
10:04:58,56.35,-2.98%,--,10,56350,卖盘
10:05:01,56.33,-3.01%,-0.02,13,76102,卖盘
10:05:04,56.33,-3.01%,--,14,80270,卖盘
10:05:07,56.32,-3.03%,-0.01,128,724163,卖盘
10:05:10,56.33,-3.01%,+0.01,62,350936,中性盘
10:05:13,56.3,-3.06%,-0.03,20,113613,卖盘
10:05:16,56.29,-3.08%,-0.01,7,39403,卖盘
10:05:19,56.29,-3.08%,--,6,34506,中性盘
10:05:22,56.27,-3.12%,-0.02,92,520723,卖盘
10:05:25,56.28,-3.10%,+0.01,84,472865,买盘
10:05:28,56.2,-3.24%,-0.08,371,2090078,卖盘
10:05:31,56.13,-3.36%,-0.07,30,168839,卖盘
10:05:37,56.11,-3.39%,-0.02,54,305463,卖盘
10:05:40,56.1,-3.41%,-0.01,101,570930,卖盘
10:05:43,56.07,-3.46%,-0.03,30,168210,卖盘
10:05:46,56.08,-3.44%,+0.01,75,420600,中性盘
10:05:49,56.07,-3.46%,-0.01,130,730200,买盘
10:05:52,56.08,-3.44%,+0.01,98,552893,买盘
10:05:55,56.07,-3.46%,-0.01,104,587558,卖盘
10:05:58,56.08,-3.44%,+0.01,276,1551117,中性盘
10:06:01,56.12,-3.37%,+0.04,199,1118023,买盘
10:06:04,56.13,-3.36%,+0.01,85,482213,买盘
10:06:07,56.08,-3.44%,-0.05,399,2240396,卖盘
10:06:10,56.08,-3.44%,--,49,279391,卖盘
10:06:13,56.08,-3.44%,--,52,292401,卖盘
10:06:16,56.08,-3.44%,--,32,179512,买盘
10:06:19,56.08,-3.44%,--,91,513637,买盘
10:06:22,56.08,-3.44%,--,47,265483,卖盘
10:06:22,56.08,-3.44%,--,47,265483,中性盘
10:06:25,56.08,-3.44%,--,118,663539,卖盘
10:06:28,56.1,-3.41%,+0.02,909,5103024,买盘
10:06:31,56.09,-3.43%,-0.01,99,556749,买盘
10:06:34,56.08,-3.44%,-0.01,97,547004,卖盘
10:06:37,56.19,-3.25%,+0.11,101,572014,买盘
10:06:40,56.19,-3.25%,--,14,82768,卖盘
10:06:43,56.18,-3.27%,-0.01,130,730340,卖盘
10:06:46,56.18,-3.27%,--,19,111349,买盘
10:06:49,56.18,-3.27%,--,54,305282,买盘
10:06:52,56.18,-3.27%,--,107,601182,买盘
10:06:55,56.18,-3.27%,--,146,824610,卖盘
10:06:58,56.18,-3.27%,--,0,0,卖盘
10:07:01,56.2,-3.24%,+0.02,35,201196,买盘
10:07:04,56.26,-3.13%,+0.06,34,196347,买盘
10:07:07,56.21,-3.22%,-0.05,39,219275,卖盘
10:07:10,56.21,-3.22%,--,40,224840,卖盘
10:07:13,56.25,-3.15%,+0.04,23,129375,中性盘
10:07:16,56.23,-3.19%,-0.02,121,681845,卖盘
10:07:19,56.2,-3.24%,-0.03,54,304211,卖盘
10:07:22,56.18,-3.27%,-0.02,23,129326,卖盘
10:07:25,56.2,-3.24%,+0.02,29,163261,中性盘
10:07:28,56.2,-3.24%,--,111,625956,买盘
10:07:31,56.2,-3.24%,--,22,125326,买盘
10:07:34,56.18,-3.27%,-0.02,55,311855,卖盘
10:07:37,56.13,-3.36%,-0.05,20,113046,卖盘
10:07:40,56.12,-3.37%,-0.01,25,140861,卖盘
10:07:43,56.13,-3.36%,+0.01,30,173442,买盘
10:07:46,56.11,-3.39%,-0.02,185,1038372,卖盘
10:07:49,56.13,-3.36%,+0.02,190,1067929,买盘
10:07:52,56.09,-3.43%,-0.04,111,623384,卖盘
10:07:55,56.13,-3.36%,+0.04,103,582068,买盘
10:07:58,56.13,-3.36%,--,74,418954,买盘
10:08:01,56.09,-3.43%,-0.04,138,775949,卖盘
10:08:04,56.11,-3.39%,+0.02,38,217875,买盘
10:08:07,56.11,-3.39%,--,67,379247,买盘
10:08:10,56.11,-3.39%,--,57,319883,卖盘
10:08:13,56.1,-3.41%,-0.01,33,187879,卖盘
10:08:16,56.11,-3.39%,+0.01,8,44888,买盘
10:08:19,56.1,-3.41%,-0.01,3,22103,卖盘
10:08:22,56.09,-3.43%,-0.01,66,374906,卖盘
10:08:25,56.22,-3.20%,+0.13,33,187381,买盘
10:08:28,56.11,-3.39%,-0.11,16,94658,卖盘
10:08:31,56.11,-3.39%,--,4,24801,卖盘
10:08:34,56.22,-3.20%,+0.11,30,168660,买盘
10:08:37,56.2,-3.24%,-0.02,12,67440,中性盘
10:08:40,56.09,-3.43%,-0.11,49,277589,卖盘
10:08:43,56.2,-3.24%,+0.11,30,173040,买盘
10:08:46,56.09,-3.43%,-0.11,24,137925,卖盘
10:08:49,56.1,-3.41%,+0.01,57,321846,中性盘
10:08:52,56.1,-3.41%,--,10,56100,卖盘
10:08:55,56.1,-3.41%,--,8,47292,卖盘
10:09:01,56.13,-3.36%,-0.01,2,11226,中性盘
10:09:04,56.11,-3.39%,-0.02,10,57569,卖盘
10:09:07,56.12,-3.37%,+0.01,16,94562,中性盘
10:09:10,56.13,-3.36%,+0.01,34,194715,买盘
10:09:13,56.12,-3.37%,-0.01,9,51911,卖盘
10:09:16,56.1,-3.41%,-0.02,31,177052,卖盘
10:09:19,56.12,-3.37%,+0.02,18,101577,买盘
10:09:22,56.11,-3.39%,-0.01,57,325157,卖盘
10:09:25,56.1,-3.41%,-0.01,16,93575,卖盘
10:09:28,56.09,-3.43%,-0.01,13,74656,卖盘
10:09:31,56.08,-3.44%,-0.01,33,189831,卖盘
10:09:34,56.12,-3.37%,+0.04,98,550088,买盘
10:09:37,56.12,-3.37%,--,34,193895,买盘
10:09:40,56.12,-3.37%,--,62,352826,卖盘
10:09:43,56.1,-3.41%,-0.02,14,81513,买盘
10:09:46,56.08,-3.44%,-0.02,42,236377,卖盘
10:09:49,56.09,-3.43%,+0.01,4,22436,中性盘
10:09:49,56.09,-3.43%,--,4,22436,中性盘
10:09:52,56.09,-3.43%,--,15,84135,买盘
10:09:55,56.09,-3.43%,--,16,91539,卖盘
10:09:58,56.09,-3.43%,--,42,241019,卖盘
10:10:01,56.1,-3.41%,+0.01,58,328241,买盘
10:10:04,56.09,-3.43%,-0.01,10,57436,卖盘
10:10:07,56.09,-3.43%,--,24,134728,卖盘
10:10:10,56.11,-3.39%,+0.02,62,347882,买盘
10:10:13,56.09,-3.43%,-0.02,9,52108,卖盘
10:10:16,56.1,-3.41%,+0.01,39,219463,中性盘
10:10:19,56.09,-3.43%,-0.01,12,70729,中性盘
10:10:22,56.08,-3.44%,-0.01,27,154220,卖盘
10:10:25,56.08,-3.44%,--,9,52323,卖盘
10:10:28,56.08,-3.44%,--,42,236770,卖盘
10:10:31,56.09,-3.43%,+0.01,25,140842,卖盘
10:10:34,56.18,-3.27%,+0.09,174,979049,买盘
10:10:37,56.08,-3.44%,-0.1,35,199028,卖盘
10:10:40,56.09,-3.43%,+0.01,127,717447,中性盘
10:10:43,56.18,-3.27%,+0.09,2,11236,买盘
10:10:46,56.17,-3.29%,-0.01,65,368700,中性盘
10:10:49,56.11,-3.39%,-0.06,2,11222,中性盘
10:10:52,56.08,-3.44%,-0.03,42,238284,卖盘
10:10:55,56.08,-3.44%,--,4,22937,卖盘
10:10:58,56.09,-3.43%,+0.01,8,48462,卖盘
10:11:01,56.08,-3.44%,-0.01,51,289261,卖盘
10:11:04,56.08,-3.44%,--,14,79914,卖盘
10:11:07,56.08,-3.44%,--,55,309169,卖盘
10:11:10,56.08,-3.44%,--,14,80643,卖盘
10:11:13,56.1,-3.41%,+0.02,57,323080,买盘
10:11:16,56.1,-3.41%,--,32,179520,买盘
10:11:22,56.09,-3.43%,-0.01,10,56090,卖盘
10:11:25,56.1,-3.41%,+0.01,6,33660,买盘
10:11:28,56.1,-3.41%,--,13,74837,买盘
10:11:31,56.07,-3.46%,-0.03,51,286966,卖盘
10:11:34,56.06,-3.48%,-0.01,133,746551,卖盘
10:11:37,56.01,-3.56%,-0.05,39,219559,卖盘
10:11:40,56.02,-3.55%,+0.01,22,125989,中性盘
10:11:43,56.0,-3.58%,-0.02,179,1004528,卖盘
10:11:46,56.01,-3.56%,+0.01,95,532711,买盘
10:11:49,56.02,-3.55%,+0.01,25,140722,买盘
10:11:52,56.0,-3.58%,-0.02,73,410536,卖盘
10:11:55,56.02,-3.55%,+0.02,18,105318,买盘
10:11:58,56.01,-3.56%,-0.01,34,195139,卖盘
10:12:01,56.02,-3.55%,+0.01,43,244415,买盘
10:12:04,56.0,-3.58%,-0.02,54,307048,卖盘
10:12:07,56.0,-3.58%,--,439,2458736,卖盘
10:12:10,56.0,-3.58%,--,6,33600,买盘
10:12:13,55.98,-3.62%,-0.02,45,255717,卖盘
10:12:16,55.98,-3.62%,--,129,723486,卖盘
10:12:19,56.02,-3.55%,+0.04,140,788145,买盘
10:12:22,55.96,-3.65%,-0.06,49,278121,卖盘
10:12:25,55.96,-3.65%,--,45,256912,卖盘
10:12:28,55.99,-3.60%,+0.03,16,91824,买盘
10:12:31,55.95,-3.67%,-0.04,75,424884,卖盘
10:12:34,55.99,-3.60%,+0.04,5,29787,买盘
10:12:37,55.95,-3.67%,-0.04,63,356961,卖盘
10:12:40,55.95,-3.67%,--,10,58748,卖盘
10:12:43,55.96,-3.65%,+0.01,18,100728,中性盘
10:12:46,55.96,-3.65%,--,38,215950,买盘
10:12:49,55.97,-3.63%,+0.01,23,131585,买盘
10:12:52,55.96,-3.65%,-0.01,81,457697,卖盘
10:12:58,55.96,-3.65%,--,22,128092,卖盘
10:13:01,55.96,-3.65%,--,97,546561,卖盘
10:13:04,55.95,-3.67%,-0.01,134,754038,卖盘
10:13:07,55.95,-3.67%,--,39,218205,卖盘
10:13:10,55.96,-3.65%,+0.01,5,27980,买盘
10:13:13,55.96,-3.65%,--,8,48629,卖盘
10:13:16,55.94,-3.68%,-0.02,34,190923,卖盘
10:16:43,55.72,-4.06%,--,20,113446,中性盘
10:16:46,55.72,-4.06%,--,23,128156,卖盘
10:16:49,55.72,-4.06%,--,13,74052,卖盘
10:16:52,55.71,-4.08%,-0.01,34,192757,卖盘
10:16:55,55.71,-4.08%,--,2,11142,买盘
10:16:58,55.71,-4.08%,--,73,411753,买盘
10:17:01,55.7,-4.10%,-0.01,121,677201,卖盘
10:17:04,55.72,-4.06%,+0.02,66,372711,卖盘
10:17:07,55.72,-4.06%,--,76,425144,卖盘
10:17:10,55.75,-4.01%,+0.03,10,57590,买盘
10:17:13,55.73,-4.05%,-0.02,39,218517,卖盘
10:17:16,55.72,-4.06%,-0.01,26,149831,卖盘
10:17:19,55.72,-4.06%,--,187,1043803,卖盘
10:17:22,55.72,-4.06%,--,155,866725,卖盘
10:17:25,55.74,-4.03%,+0.02,91,507791,卖盘
10:17:28,55.79,-3.94%,+0.05,126,703233,中性盘
10:17:31,55.8,-3.93%,+0.01,66,373525,买盘
10:17:34,55.81,-3.91%,+0.01,30,167430,中性盘
10:17:37,55.83,-3.87%,+0.02,46,261787,中性盘
10:17:40,55.86,-3.82%,+0.03,110,617644,买盘
10:17:43,55.98,-3.62%,+0.12,227,1275896,买盘
10:17:46,55.86,-3.82%,-0.12,33,187857,中性盘
10:17:49,55.9,-3.75%,+0.04,31,174911,买盘
10:17:52,55.83,-3.87%,-0.07,81,456187,卖盘
10:17:55,55.91,-3.74%,+0.08,5,29744,中性盘
10:17:58,55.96,-3.65%,+0.05,6,33576,买盘
10:18:01,55.91,-3.74%,-0.05,4,22364,卖盘
10:18:04,55.91,-3.74%,--,50,283631,卖盘
10:18:07,55.9,-3.75%,-0.01,14,78260,卖盘
10:18:10,55.91,-3.74%,+0.01,47,262777,买盘
10:18:13,55.89,-3.77%,-0.02,18,100602,卖盘
10:18:16,55.86,-3.82%,-0.03,25,143169,卖盘
10:18:19,55.91,-3.74%,+0.05,123,688196,买盘
10:18:22,55.81,-3.91%,-0.1,44,245787,卖盘
10:18:28,55.81,-3.91%,--,23,128921,卖盘
10:18:31,55.81,-3.91%,--,42,235183,卖盘
10:18:34,55.82,-3.89%,+0.01,86,484127,买盘
10:18:37,55.83,-3.87%,+0.01,33,184406,买盘
10:18:40,55.85,-3.84%,+0.02,107,599661,中性盘
10:18:43,55.85,-3.84%,--,7,39654,卖盘
10:18:46,55.85,-3.84%,--,26,147276,卖盘
10:18:49,55.88,-3.79%,+0.03,7,39116,买盘
10:18:52,55.85,-3.84%,-0.03,27,151465,卖盘
10:18:55,55.88,-3.79%,+0.03,82,462351,买盘
10:18:58,55.89,-3.77%,+0.01,34,193100,中性盘
10:19:01,55.91,-3.74%,+0.02,12,69552,买盘
10:19:04,55.9,-3.75%,-0.01,31,176868,卖盘
10:19:07,55.91,-3.74%,+0.01,45,251595,买盘
10:19:10,55.91,-3.74%,--,16,90854,买盘
10:19:13,55.89,-3.77%,-0.02,24,139613,卖盘
10:19:16,55.9,-3.75%,+0.01,31,175582,买盘
10:19:19,55.9,-3.75%,--,10,58192,买盘
10:19:22,55.88,-3.79%,-0.02,42,239278,卖盘
10:19:28,55.88,-3.79%,--,46,260680,卖盘
10:19:31,55.89,-3.77%,+0.01,5,27945,买盘
10:19:34,55.88,-3.79%,-0.01,196,1098210,卖盘
10:19:37,55.87,-3.81%,-0.01,49,273763,卖盘
10:19:40,55.86,-3.82%,-0.01,31,175289,卖盘
10:19:43,55.86,-3.82%,--,447,2498171,买盘
10:19:46,55.81,-3.91%,-0.05,13,76236,卖盘
10:19:49,55.81,-3.91%,--,31,173011,卖盘
10:19:52,55.75,-4.01%,-0.06,65,364215,卖盘
10:19:55,55.75,-4.01%,--,0,0,卖盘
10:19:58,55.78,-3.96%,+0.03,3,17794,买盘
10:20:01,55.78,-3.96%,--,7,41723,买盘
10:20:04,55.75,-4.01%,-0.03,62,348772,卖盘
10:20:07,55.74,-4.03%,-0.01,61,340627,卖盘
10:20:10,55.76,-3.99%,+0.02,40,227055,中性盘
10:20:10,55.76,-3.99%,--,40,227055,中性盘
10:20:13,55.76,-3.99%,--,61,343482,卖盘
10:20:16,55.76,-3.99%,--,11,61949,买盘
10:20:19,55.76,-3.99%,--,45,250920,买盘
10:20:22,55.74,-4.03%,-0.02,77,431372,卖盘
10:20:25,55.81,-3.91%,+0.07,41,231332,买盘
10:20:28,55.75,-4.01%,-0.06,32,179682,卖盘
10:20:31,55.74,-4.03%,-0.01,34,191021,卖盘
10:20:34,55.85,-3.84%,+0.11,13,72605,买盘
10:20:37,55.75,-4.01%,-0.1,42,235377,卖盘
10:20:40,55.77,-3.98%,+0.02,7,39039,卖盘
10:20:43,55.76,-3.99%,-0.01,19,106557,买盘
10:20:46,55.76,-3.99%,--,14,81354,买盘
10:20:49,55.76,-3.99%,--,36,205364,买盘
10:20:52,55.76,-3.99%,--,57,317832,买盘
10:20:55,55.74,-4.03%,-0.02,68,381317,卖盘
10:20:58,55.75,-4.01%,+0.01,17,96503,买盘
10:21:01,55.74,-4.03%,-0.01,26,148937,卖盘
10:21:04,55.73,-4.05%,-0.01,36,203359,卖盘
10:21:07,55.74,-4.03%,+0.01,49,273126,买盘
10:21:10,55.74,-4.03%,--,40,222960,买盘
10:21:13,55.73,-4.05%,-0.01,12,68269,中性盘
10:21:16,55.74,-4.03%,+0.01,140,784262,买盘
10:21:19,55.75,-4.01%,+0.01,24,135417,中性盘
10:21:22,55.77,-3.98%,+0.02,14,82149,中性盘
10:21:25,55.81,-3.91%,+0.04,176,982256,买盘
10:21:28,55.81,-3.91%,--,80,447485,买盘
10:21:31,55.86,-3.82%,+0.05,64,359627,买盘
10:21:34,55.81,-3.91%,-0.05,6,33486,买盘
10:21:37,55.8,-3.93%,-0.01,21,119300,中性盘
10:21:40,55.77,-3.98%,-0.03,39,217615,卖盘
10:21:43,55.73,-4.05%,-0.04,61,345415,卖盘
10:21:46,55.76,-3.99%,+0.03,22,122672,买盘
10:21:49,55.77,-3.98%,+0.01,9,50193,买盘
10:21:52,55.77,-3.98%,--,24,135465,买盘
10:21:55,55.77,-3.98%,--,3,20523,中性盘
10:21:58,55.77,-3.98%,--,0,0,卖盘
10:22:01,55.78,-3.96%,+0.01,52,291395,卖盘
10:22:04,55.73,-4.05%,-0.05,52,289796,卖盘
10:22:07,55.8,-3.93%,+0.07,5,27900,中性盘
10:22:10,55.8,-3.93%,--,5,27900,买盘
10:22:13,55.81,-3.91%,+0.01,8,44815,买盘
10:22:16,55.81,-3.91%,--,31,175969,买盘
10:22:19,55.86,-3.82%,+0.05,17,95967,买盘
10:22:22,55.83,-3.87%,-0.03,5,27915,中性盘
10:22:25,55.83,-3.87%,--,12,66996,卖盘
10:22:28,55.84,-3.86%,+0.01,14,83090,买盘
10:22:31,55.86,-3.82%,+0.02,81,453136,买盘
10:22:34,55.86,-3.82%,--,28,158810,买盘
10:22:37,55.84,-3.86%,-0.02,20,115477,中性盘
10:22:40,55.89,-3.77%,+0.05,2,15705,买盘
10:22:43,55.83,-3.87%,-0.06,59,333584,卖盘
10:22:49,55.84,-3.86%,+0.01,41,233132,买盘
10:22:52,55.85,-3.84%,+0.01,13,77129,中性盘
10:22:55,55.88,-3.79%,+0.03,76,428041,买盘
10:22:58,55.89,-3.77%,+0.01,54,303371,买盘
10:23:01,55.9,-3.75%,+0.01,27,155011,买盘
10:23:04,55.89,-3.77%,-0.01,43,242618,中性盘
10:23:07,55.88,-3.79%,-0.01,21,118745,卖盘
10:23:10,55.95,-3.67%,+0.07,19,110277,买盘
10:23:13,55.87,-3.81%,-0.08,51,286892,卖盘
10:23:16,55.84,-3.86%,-0.03,56,312704,卖盘
10:23:19,55.83,-3.87%,-0.01,20,113279,卖盘
10:23:22,55.86,-3.82%,+0.03,33,184729,中性盘
10:23:25,55.8,-3.93%,-0.06,13,75274,卖盘
10:23:28,55.8,-3.93%,--,21,118687,卖盘
10:23:31,55.8,-3.93%,--,0,3627,买盘
10:23:34,55.86,-3.82%,+0.06,5,33069,买盘
10:23:37,55.8,-3.93%,-0.06,4,27788,卖盘
10:23:37,55.8,-3.93%,-0.04,4,27788,中性盘
10:23:40,55.76,-3.99%,-0.04,29,165217,卖盘
10:23:43,55.86,-3.82%,+0.1,68,382473,买盘
10:23:46,55.86,-3.82%,--,11,61725,买盘
10:23:49,55.8,-3.93%,-0.06,18,100942,卖盘
10:23:52,55.8,-3.93%,--,10,60097,卖盘
10:23:55,55.8,-3.93%,--,4,27509,卖盘
10:23:58,55.85,-3.84%,+0.05,25,143925,买盘
10:24:01,55.8,-3.93%,-0.05,38,216058,卖盘
10:24:04,55.8,-3.93%,--,0,0,买盘
10:24:07,55.8,-3.93%,--,13,73210,中性盘
10:24:10,55.76,-3.99%,-0.04,16,89997,卖盘
10:24:13,55.77,-3.98%,+0.01,45,254032,中性盘
10:24:16,55.79,-3.94%,+0.02,3,18020,中性盘
10:24:19,55.8,-3.93%,+0.01,16,94190,买盘
10:24:22,55.76,-3.99%,-0.04,35,197781,卖盘
10:24:25,55.77,-3.98%,+0.01,9,53707,买盘
10:24:28,55.76,-3.99%,-0.01,16,91948,卖盘
10:24:31,55.8,-3.93%,+0.04,23,133585,买盘
10:24:34,55.8,-3.93%,--,18,100440,买盘
10:24:37,55.8,-3.93%,--,6,33480,买盘
10:24:40,55.8,-3.93%,--,14,80464,买盘
10:24:43,55.77,-3.98%,-0.03,30,170099,卖盘
10:24:46,55.76,-3.99%,-0.01,10,55760,卖盘
10:24:49,55.76,-3.99%,--,12,69700,卖盘
10:24:52,55.77,-3.98%,+0.01,8,49412,买盘
10:24:55,55.77,-3.98%,--,14,78580,买盘
10:24:58,55.77,-3.98%,--,54,301158,买盘
10:25:01,55.77,-3.98%,--,20,111540,买盘
10:25:04,55.77,-3.98%,--,0,0,买盘
10:25:07,55.76,-3.99%,-0.01,27,155793,买盘
10:25:10,55.75,-4.01%,-0.01,30,171264,买盘
10:25:13,55.76,-3.99%,+0.01,41,232073,中性盘
10:25:16,55.76,-3.99%,--,40,225884,卖盘
10:25:19,55.76,-3.99%,--,33,187131,卖盘
10:25:22,55.76,-3.99%,--,40,227055,卖盘
10:25:25,55.76,-3.99%,--,9,51634,买盘
10:25:28,55.76,-3.99%,--,37,207650,买盘
10:25:31,55.78,-3.96%,+0.02,58,328210,买盘
10:25:37,55.76,-3.99%,-0.02,20,112914,卖盘
10:25:40,55.76,-3.99%,--,10,58771,卖盘
10:25:43,55.76,-3.99%,--,268,1494535,卖盘
10:25:46,55.78,-3.96%,+0.02,8,49365,中性盘
10:25:49,55.79,-3.94%,+0.01,7,39053,买盘
10:25:52,55.76,-3.99%,-0.03,139,780250,卖盘
10:25:55,55.72,-4.06%,-0.04,20,111440,卖盘
10:25:58,55.76,-3.99%,+0.04,77,429854,买盘
10:26:01,55.72,-4.06%,-0.04,61,344517,卖盘
10:26:04,55.71,-4.08%,-0.01,25,139888,卖盘
10:26:07,55.67,-4.15%,-0.04,382,2127874,卖盘
10:26:10,55.6,-4.27%,-0.07,127,707899,卖盘
10:26:13,55.6,-4.27%,--,60,334768,卖盘
10:26:16,55.62,-4.24%,+0.02,2,11124,中性盘
10:26:19,55.6,-4.27%,-0.02,21,119762,卖盘
10:26:22,55.62,-4.24%,+0.02,104,583343,中性盘
10:26:25,55.6,-4.27%,-0.02,108,603149,卖盘
10:26:28,55.6,-4.27%,--,35,197992,买盘
10:26:31,55.6,-4.27%,--,4,22240,买盘
10:26:34,55.59,-4.29%,-0.01,20,115905,卖盘
10:26:37,55.59,-4.29%,--,93,519155,买盘
10:26:40,55.58,-4.30%,-0.01,33,185860,中性盘
10:26:43,55.57,-4.32%,-0.01,64,360316,卖盘
10:26:46,55.56,-4.34%,-0.01,59,329860,卖盘
10:26:49,55.56,-4.34%,--,8,45115,卖盘
10:26:51,55.56,-4.34%,--,6,37392,卖盘
10:26:55,55.56,-4.34%,--,105,585714,卖盘
10:26:58,55.56,-4.34%,--,21,120676,买盘
10:27:01,55.57,-4.32%,+0.01,106,589764,买盘
10:27:04,55.57,-4.32%,--,11,61127,卖盘
10:27:04,55.57,-4.32%,--,11,61127,中性盘
10:27:07,55.57,-4.32%,--,19,105694,买盘
10:27:10,55.57,-4.32%,--,61,342089,买盘
10:27:13,55.56,-4.34%,-0.01,32,178292,卖盘
10:27:16,55.57,-4.32%,+0.01,4,24340,卖盘
10:27:19,55.56,-4.34%,-0.01,30,170791,卖盘
10:27:22,55.57,-4.32%,+0.01,26,144482,买盘
10:27:25,55.57,-4.32%,--,8,44456,买盘
10:27:28,55.57,-4.32%,--,47,266569,买盘
10:27:31,55.57,-4.32%,--,13,72574,卖盘
10:27:34,55.6,-4.27%,+0.03,39,221455,中性盘
10:27:37,55.64,-4.20%,+0.04,4,23258,中性盘
10:27:40,55.59,-4.29%,-0.05,12,67931,卖盘
10:27:43,55.6,-4.27%,+0.01,2,11120,中性盘
10:27:49,55.61,-4.25%,+0.01,4,26248,卖盘
10:27:52,55.58,-4.30%,-0.03,2,11116,卖盘
10:27:55,55.6,-4.27%,+0.02,8,44647,买盘
10:27:57,55.6,-4.27%,--,14,78730,买盘
10:28:01,55.6,-4.27%,--,7,38920,买盘
10:28:04,55.59,-4.29%,-0.01,30,171773,卖盘
10:28:07,55.58,-4.30%,-0.01,3,22176,卖盘
10:28:10,55.59,-4.29%,+0.01,45,255269,买盘
10:28:13,55.57,-4.32%,-0.02,72,400104,卖盘
10:28:16,55.56,-4.34%,-0.01,24,138122,卖盘
10:28:19,55.58,-4.30%,+0.02,54,302022,买盘
10:28:22,55.56,-4.34%,-0.02,77,428979,卖盘
10:28:25,55.55,-4.36%,-0.01,21,121099,卖盘
10:28:28,55.59,-4.29%,+0.04,4,22236,买盘
10:28:31,55.56,-4.34%,-0.03,30,171514,卖盘
10:28:34,55.56,-4.34%,--,10,57949,卖盘
10:28:37,55.59,-4.29%,+0.03,35,196399,买盘
10:28:40,55.58,-4.30%,-0.01,26,144508,中性盘
10:28:42,55.57,-4.32%,-0.01,23,129700,卖盘
10:28:46,55.59,-4.29%,+0.02,16,89222,买盘
10:28:49,55.57,-4.32%,-0.02,4,25673,中性盘
10:28:52,55.55,-4.36%,-0.02,124,690042,卖盘
10:28:55,55.55,-4.36%,--,108,603606,卖盘
10:28:58,55.57,-4.32%,+0.02,25,141315,卖盘
10:29:01,55.59,-4.29%,+0.02,49,272558,买盘
10:29:04,55.55,-4.36%,-0.04,89,499450,卖盘
10:29:07,55.55,-4.36%,--,42,234532,买盘
10:29:10,55.55,-4.36%,--,118,657656,买盘
10:29:13,55.54,-4.37%,-0.01,40,227048,中性盘
10:29:16,55.52,-4.41%,-0.02,51,286816,卖盘
10:29:19,55.51,-4.42%,-0.01,39,220819,卖盘
10:29:22,55.53,-4.39%,+0.02,16,94234,中性盘
10:29:25,55.53,-4.39%,--,23,131717,买盘
10:29:28,55.53,-4.39%,--,94,522093,买盘
10:29:31,55.53,-4.39%,--,12,71301,买盘
10:29:34,55.52,-4.41%,-0.01,2,15712,卖盘
10:29:37,55.51,-4.42%,-0.01,41,229034,卖盘
10:29:40,55.5,-4.44%,-0.01,38,214119,卖盘
10:29:43,55.52,-4.41%,+0.02,18,101990,买盘
10:29:46,55.52,-4.41%,--,27,155400,买盘
10:29:52,55.52,-4.41%,--,11,61072,买盘
10:29:55,55.52,-4.41%,--,86,481525,买盘
10:29:58,55.52,-4.41%,--,2,11104,买盘
10:30:01,55.5,-4.44%,-0.02,33,184593,卖盘
10:30:04,55.52,-4.41%,+0.02,2,11104,买盘
10:30:07,55.52,-4.41%,--,62,349720,买盘
10:30:10,55.52,-4.41%,--,4,22319,买盘
10:30:13,55.52,-4.41%,--,90,502456,买盘
10:30:16,55.52,-4.41%,--,163,908585,买盘
10:30:19,55.52,-4.41%,--,73,408405,卖盘
10:30:22,55.53,-4.39%,+0.01,71,395651,卖盘
10:30:25,55.53,-4.39%,--,87,485721,卖盘
10:30:28,55.53,-4.39%,--,74,415364,买盘
10:30:31,55.52,-4.41%,-0.01,25,141076,中性盘
10:33:58,55.6,-4.27%,--,42,234799,中性盘
10:34:01,55.6,-4.27%,--,64,356507,买盘
10:34:04,55.65,-4.18%,+0.05,12,68783,买盘
10:34:07,55.65,-4.18%,--,18,101116,买盘
10:34:10,55.7,-4.10%,+0.05,33,188600,中性盘
10:34:13,55.64,-4.20%,-0.06,35,199247,卖盘
10:34:16,55.73,-4.05%,+0.09,4,22292,买盘
10:34:19,55.64,-4.20%,-0.09,113,631013,卖盘
10:34:22,55.64,-4.20%,--,32,178048,买盘
10:34:25,55.64,-4.20%,--,85,473942,买盘
10:34:28,55.72,-4.06%,+0.08,255,1424426,买盘
10:34:31,55.66,-4.17%,-0.06,26,146775,中性盘
10:34:34,55.68,-4.13%,+0.02,100,558025,中性盘
10:34:37,55.64,-4.20%,-0.04,86,479561,卖盘
10:34:40,55.64,-4.20%,--,131,732834,买盘
10:34:43,55.63,-4.22%,-0.01,159,884851,卖盘
10:34:46,55.62,-4.24%,-0.01,34,191778,卖盘
10:34:49,55.6,-4.27%,-0.02,23,128269,卖盘
10:34:52,55.6,-4.27%,--,20,115815,卖盘
10:34:55,55.64,-4.20%,+0.04,23,127972,买盘
10:34:58,55.61,-4.25%,-0.03,32,182901,中性盘
10:35:01,55.6,-4.27%,-0.01,7,41033,卖盘
10:35:04,55.6,-4.27%,--,30,169024,卖盘
10:35:07,55.59,-4.29%,-0.01,50,279562,卖盘
10:35:10,55.59,-4.29%,--,6,37468,卖盘
10:35:13,55.59,-4.29%,--,5,33076,卖盘
10:35:16,55.61,-4.25%,+0.02,53,295178,买盘
10:35:19,55.62,-4.24%,+0.01,2,13849,买盘
10:35:22,55.62,-4.24%,--,26,146726,买盘
10:35:25,55.64,-4.20%,+0.02,12,67436,买盘
10:35:28,55.64,-4.20%,--,2,11684,买盘
10:35:31,55.64,-4.20%,--,32,183056,卖盘
10:35:34,55.64,-4.20%,--,25,139100,买盘
10:35:37,55.67,-4.15%,+0.03,38,212214,买盘
10:35:40,55.67,-4.15%,--,48,267216,买盘
10:35:43,55.68,-4.13%,+0.01,15,84132,买盘
10:35:46,55.68,-4.13%,--,231,1289604,买盘
10:35:49,55.7,-4.10%,+0.02,12,68845,买盘
10:35:55,55.71,-4.08%,+0.01,4,26462,买盘
10:35:58,55.71,-4.08%,--,23,132701,买盘
10:36:01,55.68,-4.13%,-0.03,62,350004,卖盘
10:36:04,55.7,-4.10%,+0.02,37,210769,卖盘
10:36:07,55.71,-4.08%,+0.01,2,13928,买盘
10:36:10,55.7,-4.10%,-0.01,2,11307,中性盘
10:36:13,55.74,-4.03%,+0.04,53,300550,买盘
10:36:16,55.74,-4.03%,--,31,176361,卖盘
10:36:22,55.73,-4.05%,-0.01,29,165184,买盘
10:36:25,55.75,-4.01%,+0.02,8,45046,买盘
10:36:28,55.75,-4.01%,--,15,85186,买盘
10:36:34,55.69,-4.12%,-0.06,68,382813,卖盘
10:36:37,55.75,-4.01%,+0.06,12,69576,买盘
10:36:40,55.73,-4.05%,-0.02,90,502294,卖盘
10:36:43,55.73,-4.05%,--,0,0,买盘
10:36:46,55.73,-4.05%,--,37,206368,买盘
10:36:49,55.73,-4.05%,--,6,34107,买盘
10:36:55,55.69,-4.12%,-0.04,9,53462,卖盘
10:36:58,55.65,-4.18%,-0.04,9,53424,卖盘
10:37:01,55.73,-4.05%,+0.08,74,415857,买盘
10:37:04,55.75,-4.01%,+0.02,1,6300,买盘
10:37:07,55.73,-4.05%,-0.02,41,231948,卖盘
10:37:10,55.73,-4.05%,--,0,0,卖盘
10:37:13,55.73,-4.05%,--,17,95911,卖盘
10:37:16,55.72,-4.06%,-0.01,29,162089,卖盘
10:37:19,55.7,-4.10%,-0.02,89,496788,卖盘
10:37:22,55.66,-4.17%,-0.04,4,24991,卖盘
10:37:25,55.7,-4.10%,+0.04,40,226031,买盘
10:37:25,55.7,-4.10%,-0.02,40,226031,中性盘
10:37:28,55.68,-4.13%,-0.02,27,153788,中性盘
10:37:31,55.7,-4.10%,+0.02,13,74749,买盘
10:37:34,55.7,-4.10%,--,18,101541,买盘
10:37:37,55.7,-4.10%,--,8,45897,卖盘
10:37:40,55.7,-4.10%,--,7,38990,卖盘
10:37:46,55.69,-4.12%,-0.01,19,108039,卖盘
10:37:49,55.69,-4.12%,--,4,22276,买盘
10:37:55,55.69,-4.12%,--,5,32968,买盘
10:37:58,55.67,-4.15%,-0.02,43,243222,卖盘
10:38:01,55.66,-4.17%,-0.01,19,111153,卖盘
10:38:04,55.67,-4.15%,+0.01,19,110227,买盘
10:38:07,55.69,-4.12%,+0.02,86,483835,买盘
10:38:10,55.68,-4.13%,-0.01,71,396609,卖盘
10:38:13,55.68,-4.13%,--,17,96493,卖盘
10:38:16,55.67,-4.15%,-0.01,26,146412,卖盘
10:38:19,55.65,-4.18%,-0.02,79,443197,卖盘
10:38:22,55.65,-4.18%,--,39,217035,买盘
10:38:25,55.65,-4.18%,--,3,17418,买盘
10:38:28,55.65,-4.18%,--,15,86981,买盘
10:38:31,55.65,-4.18%,--,4,22371,买盘
10:38:34,55.62,-4.24%,-0.03,45,255185,卖盘
10:38:37,55.61,-4.25%,-0.01,2,11122,卖盘
10:38:40,55.61,-4.25%,--,37,207092,卖盘
10:38:43,55.6,-4.27%,-0.01,7,39754,卖盘
10:38:46,55.6,-4.27%,--,23,127991,卖盘
10:38:49,55.59,-4.29%,-0.01,9,50031,中性盘
10:38:52,55.59,-4.29%,--,21,120297,买盘
10:38:55,55.59,-4.29%,--,8,46751,买盘
10:38:58,55.59,-4.29%,--,2,11118,买盘
10:39:01,55.59,-4.29%,--,8,48530,买盘
10:39:04,55.63,-4.22%,+0.04,44,250112,买盘
10:39:07,55.6,-4.27%,-0.03,24,135497,中性盘
10:39:10,55.59,-4.29%,-0.01,3,18845,买盘
10:39:13,55.59,-4.29%,--,30,172051,卖盘
10:39:16,55.59,-4.29%,--,325,1810177,买盘
10:39:19,55.71,-4.08%,+0.12,3,17326,买盘
10:39:22,55.59,-4.29%,-0.12,90,500699,卖盘
10:39:25,55.76,-3.99%,+0.17,8,47842,买盘
10:39:28,55.76,-3.99%,--,2,15669,买盘
10:39:31,55.74,-4.03%,-0.02,21,122572,卖盘
10:39:34,55.76,-3.99%,+0.02,34,194101,买盘
10:39:40,55.75,-4.01%,-0.01,4,24307,买盘
10:39:43,55.75,-4.01%,--,2,11150,买盘
10:39:46,55.75,-4.01%,--,2,15610,买盘
10:39:49,55.75,-4.01%,--,0,0,买盘
10:39:52,55.75,-4.01%,--,19,107821,买盘
10:39:55,55.77,-3.98%,+0.02,17,94921,买盘
10:39:58,55.79,-3.94%,+0.02,20,115095,买盘
10:40:01,55.77,-3.98%,-0.02,8,46401,卖盘
10:40:04,55.78,-3.96%,+0.01,24,139060,买盘
10:40:07,55.78,-3.96%,--,17,96499,买盘
10:40:10,55.84,-3.86%,+0.06,32,181927,买盘
10:40:13,55.85,-3.84%,+0.01,35,197765,买盘
10:40:16,55.82,-3.89%,-0.03,48,272569,卖盘
10:40:19,55.85,-3.84%,+0.03,20,116112,买盘
10:40:22,55.85,-3.84%,--,11,65400,买盘
10:40:25,55.86,-3.82%,+0.01,20,112055,中性盘
10:40:28,55.87,-3.81%,+0.01,28,161576,买盘
10:40:31,55.87,-3.81%,--,23,132356,买盘
10:40:34,55.87,-3.81%,--,33,184371,买盘
10:40:37,55.82,-3.89%,-0.05,18,105723,卖盘
10:40:40,55.87,-3.81%,+0.05,61,340863,买盘
10:40:43,55.83,-3.87%,-0.04,5,30316,中性盘
10:40:45,55.8,-3.93%,-0.03,38,215388,卖盘
10:40:49,55.86,-3.82%,+0.06,3,18881,买盘
10:40:52,55.81,-3.91%,-0.05,31,175578,中性盘
10:40:52,55.81,-3.91%,-0.01,31,175578,中性盘
10:40:55,55.8,-3.93%,-0.01,13,77227,卖盘
10:40:58,55.83,-3.87%,+0.03,4,26184,卖盘
10:41:01,55.84,-3.86%,+0.01,38,214481,卖盘
10:41:04,55.85,-3.84%,+0.01,6,37196,中性盘
10:41:07,55.84,-3.86%,-0.01,11,65891,卖盘
10:41:10,55.84,-3.86%,--,21,120838,卖盘
10:41:13,55.84,-3.86%,--,4,22336,买盘
10:41:16,55.82,-3.89%,-0.02,31,173544,卖盘
10:41:19,55.82,-3.89%,--,26,145299,卖盘
10:41:22,55.77,-3.98%,-0.05,32,179524,卖盘
10:41:25,55.77,-3.98%,--,4,22308,卖盘
10:41:28,55.77,-3.98%,--,16,91017,卖盘
10:41:31,55.77,-3.98%,--,25,142158,卖盘
10:41:34,55.77,-3.98%,--,26,145615,卖盘
10:41:40,55.76,-3.99%,-0.01,9,53920,卖盘
10:41:43,55.76,-3.99%,--,0,0,买盘
10:41:49,55.76,-3.99%,--,4,27824,买盘
10:41:52,55.76,-3.99%,--,4,22304,买盘
10:41:55,55.73,-4.05%,-0.03,9,52944,中性盘
10:41:58,55.73,-4.05%,--,25,140551,卖盘
10:42:01,55.75,-4.01%,+0.02,21,117242,中性盘
10:42:04,55.77,-3.98%,+0.02,49,276062,买盘
10:42:07,55.82,-3.89%,+0.05,13,75748,买盘
10:42:10,55.83,-3.87%,+0.01,72,406777,中性盘
10:42:13,55.83,-3.87%,--,10,61357,卖盘
10:42:16,55.78,-3.96%,-0.05,97,541345,卖盘
10:42:25,55.75,-4.01%,-0.03,10,58761,卖盘
10:42:28,55.78,-3.96%,+0.03,2,11156,买盘
10:42:31,55.78,-3.96%,--,8,46855,买盘
10:42:34,55.78,-3.96%,--,2,11156,买盘
10:42:37,55.75,-4.01%,-0.03,19,107542,卖盘
10:42:40,55.74,-4.03%,-0.01,16,93699,卖盘
10:42:43,55.78,-3.96%,+0.04,77,432407,买盘
10:42:46,55.74,-4.03%,-0.04,31,173296,中性盘
10:42:49,55.72,-4.06%,-0.02,7,43462,卖盘
10:42:52,55.72,-4.06%,--,14,81741,卖盘
10:42:58,55.69,-4.12%,-0.03,11,64990,卖盘
10:43:01,55.7,-4.10%,+0.01,24,136911,卖盘
10:43:04,55.72,-4.06%,+0.02,4,24294,买盘
10:43:07,55.72,-4.06%,--,3,16716,买盘
10:43:13,55.72,-4.06%,--,20,114950,买盘
10:43:16,55.7,-4.10%,-0.02,27,151894,卖盘
10:43:19,55.72,-4.06%,+0.02,9,50259,买盘
10:43:22,55.7,-4.10%,-0.02,11,66339,卖盘
10:43:25,55.69,-4.12%,-0.01,91,510343,卖盘
10:43:28,55.66,-4.17%,-0.03,28,160245,卖盘
10:43:31,55.67,-4.15%,+0.01,4,22268,卖盘
10:43:34,55.66,-4.17%,-0.01,13,76143,卖盘
10:43:37,55.65,-4.18%,-0.01,16,93436,卖盘
10:43:43,55.65,-4.18%,--,2,11130,买盘
10:43:49,55.62,-4.24%,-0.03,31,174424,卖盘
10:43:52,55.65,-4.18%,+0.03,18,104066,买盘
10:43:55,55.6,-4.27%,-0.05,2,11176,卖盘
10:43:58,55.6,-4.27%,--,4,27411,卖盘
10:44:01,55.6,-4.27%,--,3,16958,卖盘
10:44:04,55.6,-4.27%,--,2,14567,买盘
10:44:07,55.6,-4.27%,--,29,165521,卖盘
10:44:10,55.6,-4.27%,--,16,90016,卖盘
10:44:13,55.63,-4.22%,+0.03,5,29094,买盘
10:44:16,55.59,-4.29%,-0.04,53,295572,卖盘
10:44:19,55.58,-4.30%,-0.01,36,205201,卖盘
10:44:19,55.58,-4.30%,--,36,205201,中性盘
10:44:22,55.63,-4.22%,+0.05,35,194705,买盘
10:44:25,55.59,-4.29%,-0.04,19,106399,中性盘
10:44:28,55.63,-4.22%,+0.04,45,254118,买盘
10:44:31,55.58,-4.30%,-0.05,9,51801,卖盘
10:44:34,55.63,-4.22%,+0.05,11,65755,卖盘
10:44:37,55.58,-4.30%,-0.05,62,346263,卖盘
10:44:40,55.57,-4.32%,-0.01,32,182659,卖盘
10:44:43,55.58,-4.30%,+0.01,2,11116,买盘
10:44:46,55.57,-4.32%,-0.01,10,59682,卖盘
10:44:49,55.58,-4.30%,+0.01,4,22232,买盘
10:44:52,55.57,-4.32%,-0.01,15,83911,卖盘
10:44:55,55.57,-4.32%,--,51,284852,卖盘
10:44:58,55.57,-4.32%,--,6,33731,买盘
10:45:01,55.56,-4.34%,-0.01,47,264132,卖盘
10:45:04,55.58,-4.30%,+0.02,27,155513,买盘
10:45:07,55.57,-4.32%,-0.01,50,278906,卖盘
10:45:10,55.58,-4.30%,+0.01,35,194530,中性盘
10:45:13,55.57,-4.32%,-0.01,12,70907,卖盘
10:45:16,55.56,-4.34%,-0.01,25,139400,卖盘
10:45:19,55.56,-4.34%,--,5,30725,买盘
10:45:22,55.55,-4.36%,-0.01,41,231810,卖盘
10:45:25,55.55,-4.36%,--,2,14665,卖盘
10:45:34,55.62,-4.24%,+0.07,2,11124,买盘
10:45:37,55.62,-4.24%,--,61,342119,买盘
10:45:40,55.62,-4.24%,--,28,156960,买盘
10:45:46,55.57,-4.32%,-0.05,12,72019,卖盘
10:45:49,55.58,-4.30%,+0.01,8,48466,卖盘
10:45:52,55.62,-4.24%,+0.04,28,160130,买盘
10:45:55,55.62,-4.24%,--,31,176371,买盘
10:46:01,55.63,-4.22%,+0.01,9,51513,买盘
10:46:04,55.63,-4.22%,--,6,35881,买盘
10:46:07,55.63,-4.22%,--,33,183690,买盘
10:46:10,55.63,-4.22%,--,148,823658,买盘
10:46:13,55.75,-4.01%,+0.12,17,96280,买盘
10:46:16,55.87,-3.81%,+0.12,60,339634,买盘
10:46:19,55.81,-3.91%,-0.06,33,184675,中性盘
10:46:22,55.81,-3.91%,--,0,0,中性盘
10:46:25,55.71,-4.08%,-0.1,22,127242,卖盘
10:46:28,55.82,-3.89%,+0.11,11,62742,买盘
10:46:31,55.81,-3.91%,-0.01,12,68144,中性盘
10:46:34,55.8,-3.93%,-0.01,9,53624,中性盘
10:46:37,55.8,-3.93%,--,5,31527,买盘
10:46:39,55.8,-3.93%,--,16,89671,买盘
10:46:46,55.72,-4.06%,-0.08,8,45133,卖盘
10:46:52,55.81,-3.91%,+0.09,206,1149686,买盘
10:46:55,55.81,-3.91%,--,14,83436,买盘
10:46:58,55.81,-3.91%,--,0,0,买盘
10:47:01,55.72,-4.06%,-0.09,68,379843,卖盘
10:47:04,55.8,-3.93%,+0.08,2,11160,买盘
10:47:07,55.71,-4.08%,-0.09,22,123676,卖盘
10:47:10,55.71,-4.08%,--,12,67521,卖盘
10:47:13,55.71,-4.08%,--,6,37604,卖盘
10:47:16,55.71,-4.08%,--,88,493981,买盘
10:47:19,55.68,-4.13%,-0.03,26,148443,卖盘
10:47:22,55.71,-4.08%,+0.03,27,152033,买盘
10:47:24,55.78,-3.96%,+0.07,51,288383,买盘
10:47:28,55.78,-3.96%,--,0,0,买盘
10:47:31,55.68,-4.13%,-0.1,10,55680,卖盘
10:47:34,55.69,-4.12%,+0.01,8,46501,卖盘
10:47:37,55.69,-4.12%,--,1,6850,卖盘
10:47:40,55.69,-4.12%,--,10,55690,买盘
10:47:43,55.69,-4.12%,--,4,22443,买盘
10:47:46,55.68,-4.13%,-0.01,34,190370,卖盘
10:47:49,55.77,-3.98%,+0.09,26,148069,买盘
10:47:49,55.77,-3.98%,--,26,148069,中性盘
10:47:49,55.77,-3.98%,--,26,148069,买盘
10:47:52,55.77,-3.98%,--,13,74620,买盘
10:47:55,55.68,-4.13%,-0.09,10,60079,卖盘
10:47:57,55.77,-3.98%,+0.09,15,86109,买盘
10:48:01,55.77,-3.98%,--,3,16731,买盘
10:48:04,55.77,-3.98%,--,2,11154,买盘
10:48:07,55.77,-3.98%,--,79,443706,买盘
10:48:10,55.75,-4.01%,-0.02,25,139375,中性盘
10:48:13,55.77,-3.98%,+0.02,22,127825,买盘
10:48:16,55.79,-3.94%,+0.02,45,255630,买盘
10:48:19,55.81,-3.91%,+0.02,95,531758,中性盘
10:48:22,55.77,-3.98%,-0.04,51,289335,卖盘
10:48:31,55.79,-3.94%,+0.02,28,157105,卖盘
10:48:37,55.78,-3.96%,-0.01,27,151554,卖盘
10:48:40,55.81,-3.91%,+0.03,35,198739,买盘
10:48:43,55.77,-3.98%,-0.04,4,23423,卖盘
10:48:46,55.79,-3.94%,+0.02,10,55790,买盘
10:48:52,55.77,-3.98%,-0.02,7,39039,卖盘
10:48:55,55.79,-3.94%,+0.02,2,11660,买盘
10:49:01,55.77,-3.98%,-0.02,40,227542,卖盘
10:49:04,55.79,-3.94%,+0.02,29,164915,买盘
10:49:07,55.79,-3.94%,--,11,66390,买盘
10:49:10,55.79,-3.94%,--,20,111971,买盘
10:49:13,55.79,-3.94%,--,55,307626,卖盘
10:49:16,55.79,-3.94%,--,0,0,卖盘
10:49:19,55.81,-3.91%,+0.02,34,190870,买盘
10:49:22,55.79,-3.94%,-0.02,33,185669,卖盘
10:49:25,55.8,-3.93%,+0.01,36,203503,卖盘
10:49:28,55.81,-3.91%,+0.01,23,128977,买盘
10:49:31,55.81,-3.91%,--,19,111006,卖盘
10:49:34,55.81,-3.91%,--,10,58601,买盘
10:49:37,55.81,-3.91%,--,24,133944,买盘
10:49:40,55.81,-3.91%,--,11,62451,买盘
10:49:43,55.86,-3.82%,+0.05,24,137862,买盘
10:49:46,55.82,-3.89%,-0.04,7,40302,卖盘
10:49:49,55.89,-3.77%,+0.07,35,198801,买盘
10:49:52,55.81,-3.91%,-0.08,25,141646,卖盘
10:49:55,55.81,-3.91%,--,0,0,卖盘
10:49:58,55.88,-3.79%,+0.07,20,111760,买盘
10:50:01,55.83,-3.87%,-0.05,6,33498,卖盘
10:50:04,55.83,-3.87%,--,5,30148,卖盘
10:50:07,55.83,-3.87%,--,0,0,卖盘
10:50:10,55.89,-3.77%,+0.06,33,184940,买盘
10:50:13,55.88,-3.79%,-0.01,2,11176,中性盘
10:50:16,55.86,-3.82%,-0.02,2,11172,卖盘
10:50:19,55.84,-3.86%,-0.02,35,198567,卖盘
10:50:22,55.84,-3.86%,--,20,111680,买盘
10:50:25,55.83,-3.87%,-0.01,14,79558,卖盘
10:50:28,55.84,-3.86%,+0.01,17,96938,买盘
10:50:31,55.84,-3.86%,--,30,170312,买盘
10:50:34,55.84,-3.86%,--,14,80912,买盘
10:50:37,55.87,-3.81%,+0.03,15,84978,买盘
10:50:40,55.84,-3.86%,-0.03,9,51484,买盘
10:50:43,55.85,-3.84%,+0.01,29,162803,买盘
10:50:46,55.85,-3.84%,--,8,45574,卖盘
10:50:49,55.89,-3.77%,+0.04,52,290628,买盘
10:50:52,55.84,-3.86%,-0.05,156,871662,卖盘
10:50:55,55.88,-3.79%,+0.04,4,25928,中性盘
10:50:58,55.87,-3.81%,-0.01,2,11174,中性盘
10:51:01,55.84,-3.86%,-0.03,36,205882,卖盘
10:51:04,55.83,-3.87%,-0.01,48,272227,卖盘
10:51:07,55.84,-3.86%,+0.01,40,225426,买盘
10:51:10,55.82,-3.89%,-0.02,17,97071,卖盘
10:51:13,55.83,-3.87%,+0.01,37,211093,卖盘
10:51:13,55.83,-3.87%,-0.01,37,211093,中性盘
10:51:19,55.82,-3.89%,-0.01,27,151049,卖盘
10:51:22,55.82,-3.89%,--,17,98020,买盘
10:51:25,55.82,-3.89%,--,0,0,卖盘
10:51:28,55.84,-3.86%,+0.02,4,27864,卖盘
10:51:31,55.83,-3.87%,-0.01,28,158557,卖盘
10:51:34,55.85,-3.84%,+0.02,10,57972,买盘
10:51:37,55.83,-3.87%,-0.02,9,50247,卖盘
10:51:40,55.85,-3.84%,+0.02,4,22340,买盘
10:51:43,55.85,-3.84%,--,27,155431,买盘
10:51:46,55.85,-3.84%,--,136,762799,买盘
10:51:49,55.83,-3.87%,-0.02,42,239176,卖盘
10:51:52,55.83,-3.87%,--,15,88714,卖盘
10:51:55,55.86,-3.82%,+0.03,16,89544,买盘
10:51:58,55.85,-3.84%,-0.01,4,23289,卖盘
10:52:01,55.86,-3.82%,+0.01,15,85913,买盘
10:52:04,55.85,-3.84%,-0.01,8,46244,买盘
10:52:07,55.83,-3.87%,-0.02,150,837897,卖盘
10:52:10,55.81,-3.91%,-0.02,69,388103,卖盘
10:52:13,55.8,-3.93%,-0.01,27,155682,卖盘
10:52:16,55.77,-3.98%,-0.03,57,317889,卖盘
10:52:19,55.74,-4.03%,-0.03,32,178535,卖盘
10:52:22,55.78,-3.96%,+0.04,8,47357,买盘
10:52:25,55.73,-4.05%,-0.05,64,357341,卖盘
10:52:28,55.74,-4.03%,+0.01,10,55740,买盘
10:52:30,55.74,-4.03%,--,30,170230,买盘
10:52:34,55.74,-4.03%,--,10,61203,卖盘
10:52:37,55.74,-4.03%,--,12,71905,卖盘
10:52:40,55.72,-4.06%,-0.02,16,93387,卖盘
10:52:43,55.75,-4.01%,+0.03,5,28377,卖盘
10:52:46,55.78,-3.96%,+0.03,6,33468,买盘
10:52:49,55.8,-3.93%,+0.02,45,256513,买盘
10:52:52,55.81,-3.91%,+0.01,21,120159,买盘
10:52:55,55.85,-3.84%,+0.04,4,23513,买盘
10:52:58,55.85,-3.84%,--,4,22340,买盘
10:53:01,55.86,-3.82%,+0.01,6,37203,买盘
10:53:04,55.88,-3.79%,+0.02,17,96672,买盘
10:53:07,55.92,-3.72%,+0.04,61,344076,买盘
10:53:10,55.92,-3.72%,--,56,313152,买盘
10:53:13,55.91,-3.74%,-0.01,66,369733,中性盘
10:53:16,55.93,-3.70%,+0.02,14,79197,中性盘
10:53:19,55.93,-3.70%,--,0,0,中性盘
10:53:22,55.92,-3.72%,-0.01,35,199411,卖盘
10:53:25,55.92,-3.72%,--,6,33552,买盘
10:53:28,55.9,-3.75%,-0.02,15,85192,卖盘
10:53:45,55.92,-3.72%,--,4,22368,买盘
10:53:49,55.91,-3.74%,-0.01,2,12132,卖盘
10:53:52,55.91,-3.74%,--,6,33546,买盘
10:53:55,55.91,-3.74%,--,12,69999,买盘
10:53:58,55.92,-3.72%,+0.01,14,80916,买盘
10:54:01,55.92,-3.72%,--,0,0,买盘
10:54:04,55.91,-3.74%,-0.01,18,101812,买盘
10:54:06,55.92,-3.72%,+0.01,14,78288,买盘
10:54:10,55.92,-3.72%,--,6,35565,买盘
10:54:13,55.92,-3.72%,--,28,160043,卖盘
10:54:19,55.99,-3.60%,+0.07,6,33594,买盘
10:54:22,56.0,-3.58%,+0.01,39,221144,买盘
10:54:25,56.01,-3.56%,+0.01,230,1288902,买盘
10:54:28,56.03,-3.53%,+0.02,1,5603,买盘
10:54:31,56.01,-3.56%,-0.02,12,70573,卖盘
10:54:34,56.07,-3.46%,+0.06,9,51248,买盘
10:54:37,56.07,-3.46%,--,2,11214,买盘
10:54:40,56.08,-3.44%,+0.01,18,101000,买盘
10:54:40,56.08,-3.44%,--,18,101000,中性盘
10:54:46,56.09,-3.43%,+0.01,22,127773,卖盘
10:54:49,56.1,-3.41%,+0.01,23,130433,买盘
10:54:52,56.1,-3.41%,--,81,457327,买盘
10:54:55,56.1,-3.41%,--,0,0,卖盘
10:54:58,56.14,-3.34%,+0.04,57,324489,买盘
10:55:01,56.1,-3.41%,-0.04,37,211217,卖盘
10:55:04,56.16,-3.31%,+0.06,24,139895,中性盘
10:55:07,56.1,-3.41%,-0.06,40,228327,卖盘
10:55:10,56.1,-3.41%,--,9,52454,买盘
10:55:13,56.1,-3.41%,--,6,33660,买盘
10:55:19,56.18,-3.27%,+0.08,100,561800,买盘
10:55:22,56.1,-3.41%,-0.08,38,217388,中性盘
10:55:25,56.1,-3.41%,--,0,4881,买盘
10:55:28,56.07,-3.46%,-0.03,56,318253,卖盘
10:55:31,56.1,-3.41%,+0.03,3,17952,中性盘
10:55:34,56.14,-3.34%,+0.04,108,606312,买盘
10:55:37,56.11,-3.39%,-0.03,2,11222,中性盘
10:55:40,56.07,-3.46%,-0.04,2,11270,卖盘
10:55:43,56.09,-3.43%,+0.02,45,257341,买盘
10:55:46,56.09,-3.43%,--,7,39263,卖盘
10:55:49,56.1,-3.41%,+0.01,5,33548,卖盘
10:55:52,56.14,-3.34%,+0.04,10,56140,买盘
10:55:58,56.14,-3.34%,--,7,39298,买盘
10:56:01,56.14,-3.34%,--,0,0,买盘
10:56:10,56.14,-3.34%,--,2,11228,买盘
10:56:16,56.17,-3.29%,+0.03,129,728356,买盘
10:56:19,56.14,-3.34%,-0.03,35,201374,卖盘
10:56:22,56.17,-3.29%,+0.03,35,196764,买盘
10:56:25,56.17,-3.29%,--,8,44936,买盘
10:56:28,56.17,-3.29%,--,43,241531,买盘
10:56:31,56.14,-3.34%,-0.03,3,21389,卖盘
10:56:34,56.17,-3.29%,+0.03,13,78582,买盘
10:56:37,56.17,-3.29%,--,20,112340,买盘
10:56:43,56.16,-3.31%,-0.01,35,199930,买盘
10:56:46,56.16,-3.31%,--,4,24879,买盘
10:56:49,56.16,-3.31%,--,1,10895,买盘
10:56:52,56.17,-3.29%,+0.01,10,58866,买盘
10:56:55,56.17,-3.29%,--,10,60102,中性盘
10:56:58,56.2,-3.24%,+0.03,32,184448,买盘
10:57:01,56.2,-3.24%,--,139,784383,买盘
10:57:04,56.2,-3.24%,--,48,272345,卖盘
10:57:07,56.2,-3.24%,--,11,66147,卖盘
10:57:10,56.24,-3.17%,+0.04,42,236658,买盘
10:57:13,56.24,-3.17%,--,7,39480,卖盘
10:57:16,56.24,-3.17%,--,24,139756,卖盘
10:57:19,56.25,-3.15%,+0.01,89,503944,买盘
10:57:22,56.25,-3.15%,--,114,643556,买盘
10:57:25,56.25,-3.15%,--,21,122850,买盘
10:57:28,56.22,-3.20%,-0.03,39,221957,卖盘
10:57:31,56.21,-3.22%,-0.01,39,222367,中性盘
10:57:34,56.22,-3.20%,+0.01,7,44470,买盘
10:57:37,56.2,-3.24%,-0.02,30,173321,卖盘
10:57:40,56.2,-3.24%,--,16,89920,卖盘
10:57:43,56.16,-3.31%,-0.04,37,210488,卖盘
10:57:46,56.2,-3.24%,+0.04,65,367042,买盘
10:57:52,56.14,-3.34%,-0.06,32,183241,卖盘
10:57:55,56.2,-3.24%,+0.06,134,753080,买盘
10:58:01,56.2,-3.24%,--,23,134824,卖盘
10:58:04,56.22,-3.20%,+0.02,22,128294,买盘
10:58:07,56.2,-3.24%,-0.02,24,136735,卖盘
10:58:10,56.22,-3.20%,+0.02,22,126045,买盘
10:58:10,56.22,-3.20%,--,22,126045,中性盘
10:58:10,56.22,-3.20%,--,22,126045,买盘
10:58:13,56.24,-3.17%,+0.02,170,958836,买盘
10:58:16,56.37,-2.94%,+0.13,26,146844,买盘
10:58:19,56.37,-2.94%,--,44,249099,买盘
10:58:21,56.39,-2.91%,+0.02,122,692187,买盘
10:58:25,56.45,-2.81%,+0.06,62,351740,买盘
10:58:28,56.4,-2.89%,-0.05,16,94696,卖盘
10:58:31,56.4,-2.89%,--,64,362426,买盘
10:58:34,56.4,-2.89%,--,26,151772,买盘
10:58:37,56.41,-2.88%,+0.01,24,138148,中性盘
10:58:40,56.4,-2.89%,-0.01,30,169651,买盘
10:58:43,56.39,-2.91%,-0.01,4,22556,买盘
10:58:46,56.37,-2.94%,-0.02,4,22548,买盘
10:58:49,56.4,-2.89%,+0.03,174,985646,买盘
10:58:52,56.24,-3.17%,-0.16,23,131377,卖盘
10:58:55,56.25,-3.15%,+0.01,26,150975,中性盘
10:58:58,56.22,-3.20%,-0.03,7,43739,卖盘
10:59:01,56.23,-3.19%,+0.01,20,118027,买盘
10:59:04,56.24,-3.17%,+0.01,16,90321,中性盘
10:59:07,56.23,-3.19%,-0.01,16,90530,卖盘
10:59:13,56.23,-3.19%,--,5,33007,卖盘
10:59:19,56.34,-3.00%,+0.11,13,74594,买盘
10:59:22,56.23,-3.19%,-0.11,46,264112,卖盘
10:59:25,56.32,-3.03%,+0.09,2,11264,中性盘
10:59:31,56.33,-3.01%,+0.01,6,33798,买盘
10:59:34,56.33,-3.01%,--,37,212815,买盘
10:59:40,56.33,-3.01%,--,12,67821,买盘
10:59:43,56.33,-3.01%,--,15,85960,买盘
10:59:46,56.33,-3.01%,--,0,0,买盘
10:59:49,56.33,-3.01%,--,32,181270,买盘
10:59:52,56.34,-3.00%,+0.01,52,298151,买盘
10:59:55,56.34,-3.00%,--,16,95102,卖盘
10:59:58,56.36,-2.96%,+0.02,9,50724,买盘
11:00:01,56.36,-2.96%,--,26,150876,买盘
11:00:04,56.36,-2.96%,--,3,17415,买盘
11:00:07,56.36,-2.96%,--,13,78059,卖盘
11:00:10,56.37,-2.94%,+0.01,17,99211,买盘
11:00:13,56.37,-2.94%,--,33,188501,中性盘
11:00:16,56.39,-2.91%,+0.02,16,90224,买盘
11:00:19,56.39,-2.91%,--,17,96991,买盘
11:00:22,56.4,-2.89%,+0.01,272,1536167,买盘
11:00:28,56.4,-2.89%,--,86,486281,卖盘
11:00:31,56.45,-2.81%,+0.05,52,294895,买盘
11:00:34,56.42,-2.86%,-0.03,2,11284,中性盘
11:00:37,56.5,-2.72%,+0.08,350,1979195,买盘
11:00:39,56.45,-2.81%,-0.05,38,216373,中性盘
11:00:42,56.44,-2.82%,-0.01,88,500792,卖盘
11:00:46,56.45,-2.81%,+0.01,12,69151,卖盘
11:00:48,56.45,-2.81%,--,0,0,买盘
11:00:55,56.45,-2.81%,--,4,22580,买盘
11:00:58,56.41,-2.88%,-0.04,14,79707,卖盘
11:01:01,56.42,-2.86%,+0.01,6,38986,中性盘
11:01:04,56.45,-2.81%,+0.03,57,325829,买盘
11:01:07,56.44,-2.82%,-0.01,25,146236,中性盘
11:01:10,56.44,-2.82%,--,4,26527,买盘
11:01:13,56.49,-2.74%,+0.05,33,191275,买盘
11:01:16,56.44,-2.82%,-0.05,4,27091,卖盘
11:01:19,56.45,-2.81%,+0.01,2,11290,买盘
11:01:22,56.43,-2.84%,-0.02,79,448223,卖盘
11:01:25,56.42,-2.86%,-0.01,27,154534,卖盘
11:01:28,56.4,-2.89%,-0.02,76,431911,卖盘
11:01:31,56.38,-2.93%,-0.02,344,1944152,卖盘
11:01:34,56.38,-2.93%,--,33,190564,买盘
11:01:37,56.35,-2.98%,-0.03,108,614046,卖盘
11:01:37,56.35,-2.98%,--,108,614046,中性盘
11:01:37,56.35,-2.98%,--,108,614046,买盘
11:01:40,56.27,-3.12%,-0.08,6,33762,卖盘
11:01:43,56.35,-2.98%,+0.08,10,56350,买盘
11:01:46,56.26,-3.13%,-0.09,133,752478,卖盘
11:01:52,56.25,-3.15%,-0.01,95,539325,卖盘
11:01:55,56.25,-3.15%,--,2,11419,卖盘
11:02:04,56.31,-3.05%,+0.06,51,289940,买盘
11:02:07,56.41,-2.88%,+0.1,76,430972,买盘
11:02:10,56.4,-2.89%,-0.01,30,172246,卖盘
11:02:13,56.4,-2.89%,--,18,102422,卖盘
11:02:19,56.41,-2.88%,+0.01,8,50148,买盘
11:02:22,56.4,-2.89%,-0.01,38,215166,卖盘
11:02:28,56.4,-2.89%,--,22,124757,卖盘
11:02:31,56.41,-2.88%,+0.01,24,135384,买盘
11:02:34,56.4,-2.89%,-0.01,9,52226,卖盘
11:02:37,56.41,-2.88%,+0.01,15,87548,买盘
11:02:40,56.41,-2.88%,--,2,11282,买盘
11:02:43,56.41,-2.88%,--,3,16923,买盘
11:02:46,56.4,-2.89%,-0.01,3,21319,卖盘
11:02:49,56.41,-2.88%,+0.01,8,49472,买盘
11:02:51,56.41,-2.88%,--,33,188127,买盘
11:02:55,56.41,-2.88%,--,11,64420,买盘
11:02:58,56.41,-2.88%,--,37,210917,买盘
11:03:01,56.41,-2.88%,--,45,256496,卖盘
11:03:04,56.4,-2.89%,-0.01,4,22560,卖盘
11:03:07,56.4,-2.89%,--,37,212120,卖盘
11:03:13,56.4,-2.89%,--,10,56400,卖盘
11:03:16,56.4,-2.89%,--,0,0,卖盘
11:03:19,56.4,-2.89%,--,51,289558,卖盘
11:03:22,56.39,-2.91%,-0.01,22,125750,卖盘
11:03:25,56.46,-2.79%,+0.07,156,880776,买盘
11:03:28,56.39,-2.91%,-0.07,15,87292,中性盘
11:03:31,56.41,-2.88%,+0.02,34,196814,中性盘
11:03:34,56.4,-2.89%,-0.01,24,138462,卖盘
11:03:37,56.48,-2.75%,+0.08,17,96016,买盘
11:03:42,56.48,-2.75%,--,0,0,买盘
11:03:55,56.41,-2.88%,-0.07,15,84841,卖盘
11:03:58,56.41,-2.88%,--,4,22564,买盘
11:04:01,56.4,-2.89%,-0.01,14,78960,卖盘
11:04:04,56.41,-2.88%,+0.01,2,16133,买盘
11:04:07,56.41,-2.88%,--,0,0,中性盘
11:04:10,56.41,-2.88%,--,2,11282,卖盘
11:04:16,56.46,-2.79%,+0.05,4,22584,买盘
11:04:19,56.46,-2.79%,--,41,235664,买盘
11:04:22,56.5,-2.72%,+0.04,360,2035526,买盘
11:04:25,56.51,-2.70%,+0.01,28,163088,中性盘
11:04:28,56.5,-2.72%,-0.01,84,478386,卖盘
11:04:31,56.5,-2.72%,--,47,268262,卖盘
11:04:34,56.56,-2.62%,+0.06,38,215437,买盘
11:04:37,56.49,-2.74%,-0.07,54,307701,卖盘
11:04:40,56.49,-2.74%,--,0,0,卖盘
11:04:43,56.55,-2.63%,+0.06,32,183505,买盘
11:04:49,56.53,-2.67%,-0.02,2,12663,买盘
11:04:52,56.53,-2.67%,--,14,79142,买盘
11:04:55,56.53,-2.67%,--,30,171682,买盘
11:04:58,56.55,-2.63%,+0.02,9,56098,买盘
11:05:01,56.53,-2.67%,-0.02,2,13454,卖盘
11:05:04,56.55,-2.63%,+0.02,8,49312,买盘
11:05:04,56.55,-2.63%,--,8,49312,中性盘
11:05:04,56.55,-2.63%,--,8,49312,买盘
11:05:07,56.57,-2.60%,+0.02,12,68337,买盘
11:05:10,56.57,-2.60%,--,10,61888,买盘
11:05:13,56.57,-2.60%,--,20,115686,买盘
11:05:16,56.56,-2.62%,-0.01,20,115269,买盘
11:05:22,56.55,-2.63%,-0.01,64,362259,卖盘
11:05:28,56.56,-2.62%,+0.01,71,405592,买盘
11:05:31,56.57,-2.60%,+0.01,2,11314,买盘
11:05:34,56.57,-2.60%,--,7,43050,买盘
11:05:37,56.57,-2.60%,--,33,191433,中性盘
11:05:40,56.57,-2.60%,--,8,49555,卖盘
11:05:43,56.65,-2.46%,+0.08,19,113073,买盘
11:05:46,56.65,-2.46%,--,45,259740,买盘
11:05:49,56.59,-2.57%,-0.06,9,53761,中性盘
11:05:52,56.66,-2.44%,+0.07,19,107937,买盘
11:05:55,56.69,-2.39%,+0.03,15,85829,买盘
11:05:58,56.7,-2.38%,+0.01,34,195332,买盘
11:06:01,56.69,-2.39%,-0.01,6,35318,买盘
11:06:04,56.69,-2.39%,--,29,168483,买盘
11:06:07,56.7,-2.38%,+0.01,10,60726,买盘
11:06:10,56.69,-2.39%,-0.01,42,241216,卖盘
11:06:13,56.67,-2.43%,-0.02,27,157089,卖盘
11:06:16,56.68,-2.41%,+0.01,22,125206,买盘
11:06:19,56.66,-2.44%,-0.02,76,432542,卖盘
11:06:22,56.57,-2.60%,-0.09,65,367705,卖盘
11:06:25,56.55,-2.63%,-0.02,25,144598,卖盘
11:06:28,56.56,-2.62%,+0.01,108,613280,买盘
11:06:31,56.56,-2.62%,--,39,226127,卖盘
11:06:34,56.55,-2.63%,-0.01,32,182204,卖盘
11:06:37,56.56,-2.62%,+0.01,21,122566,买盘
11:06:40,56.56,-2.62%,--,14,79184,卖盘
11:06:43,56.56,-2.62%,--,4,23755,卖盘
11:06:46,56.56,-2.62%,--,13,78166,卖盘
11:06:49,56.57,-2.60%,+0.01,11,67149,买盘
11:06:52,56.56,-2.62%,-0.01,11,63913,买盘
11:06:55,56.56,-2.62%,--,7,42420,买盘
11:06:58,56.56,-2.62%,--,4,26753,买盘
11:07:01,56.56,-2.62%,--,19,109613,买盘
11:07:04,56.56,-2.62%,--,7,42081,买盘
11:07:10,56.55,-2.63%,-0.01,1,9727,卖盘
11:07:19,56.56,-2.62%,+0.01,19,109953,买盘
11:07:22,56.56,-2.62%,--,2,11312,买盘
11:07:25,56.54,-2.65%,-0.02,102,580722,卖盘
11:07:28,56.57,-2.60%,+0.03,89,508904,买盘
11:07:31,56.58,-2.58%,+0.01,12,72536,买盘
11:07:34,56.57,-2.60%,-0.01,50,287998,卖盘
11:07:37,56.57,-2.60%,--,0,0,卖盘
11:07:40,56.59,-2.57%,+0.02,10,56590,中性盘
11:07:43,56.59,-2.57%,--,25,144078,卖盘
11:07:46,56.65,-2.46%,+0.06,5,33310,中性盘
11:07:49,56.65,-2.46%,--,18,103670,买盘
11:07:52,56.66,-2.44%,+0.01,17,101025,买盘
11:07:55,56.66,-2.44%,--,0,0,买盘
11:07:58,56.65,-2.46%,-0.01,36,206942,买盘
11:08:01,56.65,-2.46%,--,6,34443,买盘
11:08:04,56.66,-2.44%,+0.01,24,136437,买盘
11:08:07,56.66,-2.44%,--,6,35356,买盘
11:08:10,56.65,-2.46%,-0.01,14,82369,卖盘
11:08:12,56.66,-2.44%,+0.01,36,205109,买盘
11:08:16,56.67,-2.43%,+0.01,63,357701,买盘
11:08:19,56.64,-2.48%,-0.03,68,390759,卖盘
11:08:22,56.68,-2.41%,+0.04,40,228024,买盘
11:08:25,56.63,-2.50%,-0.05,26,152674,卖盘
11:08:28,56.7,-2.38%,+0.07,11,63561,买盘
11:08:28,56.7,-2.38%,-0.02,11,63561,中性盘
11:08:34,56.68,-2.41%,-0.02,2,15360,买盘
11:08:37,56.68,-2.41%,--,2,11336,买盘
11:08:40,56.68,-2.41%,--,3,22105,买盘
11:08:49,56.68,-2.41%,--,3,17004,买盘
11:08:52,56.68,-2.41%,--,10,56680,买盘
11:08:55,56.68,-2.41%,--,29,169700,买盘
11:08:58,56.7,-2.38%,+0.02,4,26989,买盘
11:09:01,56.69,-2.39%,-0.01,53,303972,中性盘
11:09:10,56.69,-2.39%,--,0,0,卖盘
11:09:13,56.73,-2.32%,+0.04,27,154986,买盘
11:09:16,56.79,-2.22%,+0.06,16,90978,买盘
11:09:19,56.79,-2.22%,--,0,0,买盘
11:09:22,56.72,-2.34%,-0.07,16,90752,卖盘
11:09:25,56.7,-2.38%,-0.02,26,151616,卖盘
11:09:31,56.77,-2.26%,+0.07,4,22708,买盘
11:09:34,56.78,-2.24%,+0.01,10,56780,买盘
11:09:37,56.73,-2.32%,-0.05,17,101150,买盘
11:09:40,56.72,-2.34%,-0.01,26,151953,卖盘
11:09:52,56.72,-2.34%,--,0,0,卖盘
11:09:55,56.73,-2.32%,+0.01,19,112042,卖盘
11:09:58,56.72,-2.34%,-0.01,65,371800,卖盘
11:10:01,56.73,-2.32%,+0.01,18,107390,中性盘
11:10:04,56.73,-2.32%,--,12,72558,卖盘
11:10:07,56.73,-2.32%,--,94,538027,卖盘
11:10:10,56.78,-2.24%,+0.05,100,571264,买盘
11:10:13,56.78,-2.24%,--,35,199411,卖盘
11:10:16,56.77,-2.26%,-0.01,14,80443,卖盘
11:10:19,56.78,-2.24%,+0.01,20,113617,买盘
11:10:22,56.85,-2.12%,+0.07,46,264750,买盘
11:10:25,56.78,-2.24%,-0.07,56,322454,卖盘
11:10:28,56.86,-2.10%,+0.08,16,90976,买盘
11:10:34,56.86,-2.10%,--,0,0,买盘
11:10:36,56.79,-2.22%,-0.07,22,129936,卖盘
11:10:40,56.86,-2.10%,+0.07,26,147836,买盘
11:10:43,56.79,-2.22%,-0.07,4,23170,卖盘
11:10:46,56.84,-2.13%,+0.05,9,54623,买盘
11:10:49,56.86,-2.10%,+0.02,67,383862,买盘
11:10:52,56.88,-2.07%,+0.02,35,199535,买盘
11:10:55,56.88,-2.07%,--,2,11376,买盘
11:10:58,56.92,-2.00%,+0.04,68,390016,买盘
11:11:01,56.96,-1.93%,+0.04,95,543284,买盘
11:11:04,56.96,-1.93%,--,2,11392,买盘
11:11:07,56.92,-2.00%,-0.04,4,22768,卖盘
11:11:10,56.92,-2.00%,--,22,125224,卖盘
11:11:13,56.92,-2.00%,--,5,32558,卖盘
11:11:16,56.91,-2.01%,-0.01,19,111145,卖盘
11:11:19,56.96,-1.93%,+0.05,301,1719736,买盘
11:11:22,56.8,-2.20%,-0.16,62,355341,卖盘
11:11:25,56.82,-2.17%,+0.02,74,424332,买盘
11:11:28,56.78,-2.24%,-0.04,22,126165,卖盘
11:11:31,56.82,-2.17%,+0.04,28,162448,买盘
11:11:34,56.82,-2.17%,--,44,250008,卖盘
11:11:37,56.73,-2.32%,-0.09,6,38917,卖盘
11:11:40,56.73,-2.32%,--,0,0,卖盘
11:11:43,56.82,-2.17%,+0.09,28,163358,买盘
11:11:46,56.73,-2.32%,-0.09,16,91392,卖盘
11:11:49,56.91,-2.01%,+0.18,105,602051,买盘
11:11:52,56.89,-2.05%,-0.02,44,250430,买盘
11:11:55,56.75,-2.29%,-0.14,4,22700,卖盘
11:11:55,56.75,-2.29%,--,4,22700,中性盘
11:12:01,56.82,-2.17%,+0.07,90,511380,卖盘
11:12:04,56.82,-2.17%,--,0,0,中性盘
11:12:07,56.8,-2.20%,-0.02,12,73499,卖盘
11:12:13,56.8,-2.20%,--,7,40101,卖盘
11:12:16,56.8,-2.20%,--,19,108772,买盘
11:12:25,56.78,-2.24%,-0.02,26,151092,卖盘
11:12:28,56.83,-2.15%,+0.05,11,64900,买盘
11:12:31,56.83,-2.15%,--,0,0,买盘
11:12:34,56.78,-2.24%,-0.05,2,16296,卖盘
11:12:37,56.8,-2.20%,+0.02,6,34080,买盘
11:12:43,56.78,-2.24%,-0.02,25,144619,卖盘
11:12:46,56.78,-2.24%,--,10,56780,买盘
11:12:49,56.79,-2.22%,+0.01,21,124711,买盘
11:12:52,56.78,-2.24%,-0.01,27,157053,卖盘
11:12:58,56.78,-2.24%,--,5,28390,卖盘
11:13:01,56.78,-2.24%,--,11,64616,卖盘
11:13:10,56.8,-2.20%,+0.02,9,53506,买盘
11:13:13,56.83,-2.15%,+0.03,39,223683,买盘
11:13:16,56.85,-2.12%,+0.02,12,68220,买盘
11:13:19,56.85,-2.12%,--,16,92324,买盘
11:13:22,56.85,-2.12%,--,16,96474,买盘
11:13:25,56.85,-2.12%,--,33,191585,卖盘
11:13:31,56.89,-2.05%,+0.04,10,56890,买盘
11:13:34,56.86,-2.10%,-0.03,12,68232,卖盘
11:13:37,56.9,-2.03%,+0.04,32,182080,买盘
11:13:40,56.88,-2.07%,-0.02,58,331610,卖盘
11:13:43,56.78,-2.24%,-0.1,37,212528,卖盘
11:13:46,56.86,-2.10%,+0.08,5,28430,买盘
11:13:49,56.78,-2.24%,-0.08,17,96526,卖盘
11:13:55,56.8,-2.20%,+0.02,4,22720,卖盘
11:14:01,56.84,-2.13%,+0.04,11,62524,买盘
11:14:04,56.84,-2.13%,--,3,20178,买盘
11:14:07,56.85,-2.12%,+0.01,19,108015,买盘
11:14:10,56.84,-2.13%,-0.01,11,64741,中性盘
11:14:13,56.85,-2.12%,+0.01,42,238770,买盘
11:14:16,56.84,-2.13%,-0.01,2,11368,卖盘
11:14:19,56.85,-2.12%,+0.01,5,32461,买盘
11:14:22,56.85,-2.12%,--,14,84309,卖盘
11:14:25,56.84,-2.13%,-0.01,31,179842,卖盘
11:14:31,56.83,-2.15%,-0.01,69,395025,卖盘
11:14:34,56.83,-2.15%,--,10,56830,卖盘
11:14:37,56.83,-2.15%,--,6,34098,卖盘
11:14:43,56.83,-2.15%,--,2,11536,卖盘
11:14:46,56.84,-2.13%,+0.01,6,35241,买盘
11:14:49,56.82,-2.17%,-0.02,49,280236,卖盘
11:14:52,56.84,-2.13%,+0.02,9,51156,买盘
11:14:55,56.84,-2.13%,--,0,0,买盘
11:14:58,56.83,-2.15%,-0.01,2,11366,买盘
11:15:01,56.83,-2.15%,--,20,115820,买盘
11:15:07,56.88,-2.07%,+0.05,146,833121,买盘
11:15:10,56.95,-1.95%,+0.07,354,2017739,买盘
11:15:13,56.97,-1.91%,+0.02,8,45690,买盘
11:15:16,56.99,-1.88%,+0.02,60,344334,买盘
11:15:19,56.98,-1.89%,-0.01,103,591794,卖盘
11:15:22,57.0,-1.86%,+0.02,45,260832,买盘
11:15:24,56.98,-1.89%,-0.02,45,257664,卖盘
11:15:24,56.98,-1.89%,--,45,257664,中性盘
11:15:28,57.08,-1.72%,+0.1,40,228320,买盘
11:15:34,57.08,-1.72%,--,4,23232,买盘
11:15:40,57.08,-1.72%,--,2,13128,买盘
11:15:43,57.08,-1.72%,--,18,104228,买盘
11:15:46,57.0,-1.86%,-0.08,35,204573,卖盘
11:15:49,57.08,-1.72%,+0.08,9,51372,买盘
11:15:52,57.0,-1.86%,-0.08,2,11400,卖盘
11:15:58,57.07,-1.74%,+0.07,2,11414,买盘
11:16:01,57.08,-1.72%,+0.01,13,74204,买盘
11:16:04,57.08,-1.72%,--,20,114160,买盘
11:16:07,57.07,-1.74%,-0.01,16,94508,卖盘
11:16:10,57.08,-1.72%,+0.01,30,171468,买盘
11:16:13,57.1,-1.69%,+0.02,30,176154,买盘
11:16:16,57.03,-1.81%,-0.07,6,34218,卖盘
11:16:19,57.07,-1.74%,+0.04,36,205452,买盘
11:16:22,57.0,-1.86%,-0.07,34,196650,卖盘
11:16:25,57.01,-1.84%,+0.01,14,81524,买盘
11:16:28,56.98,-1.89%,-0.03,95,544672,卖盘
11:16:31,57.01,-1.84%,+0.03,49,279349,买盘
11:16:34,56.97,-1.91%,-0.04,97,554945,卖盘
11:16:37,56.81,-2.19%,-0.16,33,188723,卖盘
11:16:40,56.97,-1.91%,+0.16,12,68991,买盘
11:16:43,56.97,-1.91%,--,24,136728,买盘
11:16:46,56.97,-1.91%,--,57,324729,买盘
11:16:49,56.96,-1.93%,-0.01,5,28480,中性盘
11:16:52,56.94,-1.96%,-0.02,102,580788,中性盘
11:16:55,56.9,-2.03%,-0.04,64,364786,卖盘
11:16:58,56.94,-1.96%,+0.04,3,17310,买盘
11:17:01,56.98,-1.89%,+0.04,12,70541,中性盘
11:17:07,56.98,-1.89%,--,2,11396,卖盘
11:17:10,56.98,-1.89%,--,5,28490,卖盘
11:17:13,57.0,-1.86%,+0.02,2,11400,买盘
11:17:16,56.99,-1.88%,-0.01,10,56990,卖盘
11:17:19,57.0,-1.86%,+0.01,53,305634,买盘
11:17:22,57.01,-1.84%,+0.01,53,302894,买盘
11:17:25,57.01,-1.84%,--,40,232544,卖盘
11:17:28,57.1,-1.69%,+0.09,50,285500,买盘
11:17:31,57.11,-1.67%,+0.01,26,153569,买盘
11:17:34,57.12,-1.65%,+0.01,58,334552,买盘
11:17:37,57.11,-1.67%,-0.01,14,82296,卖盘
11:17:40,57.13,-1.64%,+0.02,49,279937,买盘
11:17:43,57.13,-1.64%,--,0,0,卖盘
11:17:46,57.17,-1.57%,+0.04,10,57170,买盘
11:17:49,57.15,-1.60%,-0.02,15,85725,买盘
11:17:52,57.11,-1.67%,-0.04,35,199885,卖盘
11:17:55,57.14,-1.62%,+0.03,26,153478,买盘
11:17:58,57.1,-1.69%,-0.04,42,239820,卖盘
11:18:04,57.12,-1.65%,+0.02,8,45696,中性盘
11:18:07,57.1,-1.69%,-0.02,13,76742,卖盘
11:18:10,57.12,-1.65%,+0.02,6,34272,买盘
11:18:12,57.12,-1.65%,--,20,114240,买盘
11:18:16,57.1,-1.69%,-0.02,46,262660,卖盘
11:18:19,57.1,-1.69%,--,13,78912,卖盘
11:18:22,57.12,-1.65%,+0.02,19,108528,买盘
11:18:25,57.02,-1.83%,-0.1,11,65003,卖盘
11:18:28,57.02,-1.83%,--,15,88381,卖盘
11:18:31,57.1,-1.69%,+0.08,7,39970,买盘
11:18:34,57.1,-1.69%,--,4,25866,买盘
11:18:37,57.05,-1.77%,-0.05,2,11467,卖盘
11:18:40,57.05,-1.77%,--,55,313775,卖盘
11:18:43,57.04,-1.79%,-0.01,33,189601,卖盘
11:18:46,57.02,-1.83%,-0.02,33,192899,卖盘
11:18:49,57.02,-1.83%,--,20,115637,卖盘
11:18:52,57.02,-1.83%,--,42,244160,卖盘
11:18:52,57.02,-1.83%,--,42,244160,中性盘
11:18:52,57.02,-1.83%,--,42,244160,买盘
11:18:55,57.01,-1.84%,-0.01,57,327408,卖盘
11:18:58,57.0,-1.86%,-0.01,70,399912,卖盘
11:19:01,56.97,-1.91%,-0.03,163,930320,卖盘
11:19:04,56.97,-1.91%,--,25,146755,卖盘
11:19:07,56.97,-1.91%,--,2,14812,卖盘
11:19:10,56.97,-1.91%,--,19,108243,卖盘
11:19:13,56.97,-1.91%,--,4,27061,卖盘
11:19:19,57.0,-1.86%,+0.03,57,329973,买盘
11:19:22,57.01,-1.84%,+0.01,6,39736,买盘
11:19:25,57.04,-1.79%,+0.03,46,262384,买盘
11:19:28,57.0,-1.86%,-0.04,25,143013,卖盘
11:19:31,57.01,-1.84%,+0.01,2,11402,中性盘
11:19:34,57.02,-1.83%,+0.01,58,335905,买盘
11:19:40,57.03,-1.81%,+0.01,60,342180,买盘
11:19:43,57.03,-1.81%,--,7,39921,中性盘
11:19:49,57.03,-1.81%,--,40,228348,买盘
11:19:52,57.0,-1.86%,-0.03,64,368505,卖盘
11:19:55,57.03,-1.81%,+0.03,45,261368,买盘
11:19:58,57.03,-1.81%,--,6,34218,买盘
11:20:01,57.02,-1.83%,-0.01,8,49721,买盘
11:20:10,57.02,-1.83%,--,13,75723,卖盘
11:20:13,56.95,-1.95%,-0.07,115,655153,卖盘
11:20:16,56.95,-1.95%,--,105,602417,卖盘
11:20:19,56.97,-1.91%,+0.02,108,616301,买盘
11:20:22,56.93,-1.98%,-0.04,2,11386,买盘
11:20:25,56.9,-2.03%,-0.03,3,17070,卖盘
11:20:28,56.93,-1.98%,+0.03,29,169310,买盘
11:20:34,56.91,-2.01%,-0.02,10,56910,卖盘
11:20:37,56.9,-2.03%,-0.01,11,65207,卖盘
11:20:40,56.89,-2.05%,-0.01,35,204008,卖盘
11:20:43,56.91,-2.01%,+0.02,7,45243,买盘
11:20:46,56.89,-2.05%,-0.02,12,68268,卖盘
11:20:49,56.92,-2.00%,+0.03,99,569086,买盘
11:20:52,56.89,-2.05%,-0.03,25,142225,卖盘
11:20:55,56.89,-2.05%,--,4,27080,卖盘
11:20:58,56.87,-2.08%,-0.02,4,22748,卖盘
11:21:01,56.85,-2.12%,-0.02,23,133541,卖盘
11:21:04,56.85,-2.12%,--,0,0,卖盘
11:21:07,56.85,-2.12%,--,45,260487,卖盘
11:21:10,56.81,-2.19%,-0.04,166,946511,卖盘
11:21:13,56.79,-2.22%,-0.02,8,50146,卖盘
11:21:16,56.78,-2.24%,-0.01,25,142575,卖盘
11:21:19,56.78,-2.24%,--,1,7438,卖盘
11:21:22,56.75,-2.29%,-0.03,74,422163,卖盘
11:21:25,56.75,-2.29%,--,17,96475,卖盘
11:21:28,56.71,-2.36%,-0.04,33,191737,卖盘
11:21:31,56.75,-2.29%,+0.04,88,504905,买盘
11:21:34,56.76,-2.27%,+0.01,43,244068,买盘
11:21:37,56.75,-2.29%,-0.01,15,86317,卖盘
11:21:40,56.76,-2.27%,+0.01,2,11352,中性盘
11:21:43,56.77,-2.26%,+0.01,50,289300,买盘
11:21:46,56.79,-2.22%,+0.02,2,11415,买盘
11:21:49,56.8,-2.20%,+0.01,8,45440,买盘
11:21:55,56.78,-2.24%,-0.02,2,11356,卖盘
11:21:58,56.78,-2.24%,--,9,51727,卖盘
11:22:07,56.8,-2.20%,+0.02,20,114225,买盘
11:22:10,56.8,-2.20%,--,2,11360,买盘
11:22:19,56.8,-2.20%,--,2,13689,中性盘
11:22:19,56.8,-2.20%,--,2,13689,买盘
11:22:22,56.79,-2.22%,-0.01,22,124938,买盘
11:22:25,56.79,-2.22%,--,116,659616,卖盘
11:22:28,56.76,-2.27%,-0.03,26,150357,卖盘
11:22:34,56.78,-2.24%,+0.02,193,1097955,卖盘
11:22:40,56.81,-2.19%,+0.03,58,330691,买盘
11:22:43,56.81,-2.19%,--,9,54197,买盘
11:22:46,56.81,-2.19%,--,27,155716,卖盘
11:22:49,56.85,-2.12%,+0.04,3,20352,买盘
11:22:52,56.86,-2.10%,+0.01,39,225450,买盘
11:22:55,56.87,-2.08%,+0.01,4,22919,买盘
11:23:01,56.89,-2.05%,+0.02,39,227389,买盘
11:23:04,56.89,-2.05%,--,5,31972,卖盘
11:23:07,56.9,-2.03%,+0.01,27,156418,买盘
11:23:16,56.92,-2.00%,+0.02,9,51854,卖盘
11:23:19,56.92,-2.00%,--,4,24191,卖盘
11:23:22,56.96,-1.93%,+0.04,9,51264,中性盘
11:23:25,56.98,-1.89%,+0.02,5,28490,买盘
11:23:28,57.0,-1.86%,+0.02,74,425790,买盘
11:23:31,56.98,-1.89%,-0.02,3,21481,中性盘
11:23:34,56.98,-1.89%,--,18,103020,卖盘
11:23:40,56.98,-1.89%,--,5,28490,中性盘
11:23:43,56.97,-1.91%,-0.01,15,89728,卖盘
11:23:49,56.98,-1.89%,+0.01,2,11396,买盘
11:23:52,57.0,-1.86%,+0.02,42,239400,买盘
11:23:55,57.0,-1.86%,--,33,190950,买盘
11:23:58,57.03,-1.81%,+0.03,11,63931,买盘
11:24:01,57.04,-1.79%,+0.01,2,11408,买盘
11:24:04,57.07,-1.74%,+0.03,32,185478,买盘
11:24:07,57.08,-1.72%,+0.01,4,22832,买盘
11:24:10,57.05,-1.77%,-0.03,172,981260,卖盘
11:24:13,57.03,-1.81%,-0.02,4,22812,卖盘
11:24:16,57.05,-1.77%,+0.02,22,125510,买盘
11:24:19,57.01,-1.84%,-0.04,7,39907,中性盘
11:24:22,57.03,-1.81%,+0.02,9,51327,买盘
11:24:25,57.0,-1.86%,-0.03,226,1288656,卖盘
11:24:28,56.92,-2.00%,-0.08,59,337536,卖盘
11:24:31,56.82,-2.17%,-0.1,65,369330,卖盘
11:24:34,57.0,-1.86%,+0.18,55,313500,买盘
11:24:37,57.0,-1.86%,--,0,0,买盘
11:24:40,57.01,-1.84%,+0.01,118,678020,买盘
11:24:43,57.0,-1.86%,-0.01,65,375288,卖盘
11:24:46,57.0,-1.86%,--,0,0,卖盘
11:24:49,57.0,-1.86%,--,80,460617,卖盘
11:24:52,57.05,-1.77%,+0.05,57,325185,买盘
11:24:55,57.05,-1.77%,--,0,0,买盘
11:25:01,57.04,-1.79%,-0.01,4,24984,买盘
11:25:04,57.02,-1.83%,-0.02,4,22808,卖盘
11:25:10,57.02,-1.83%,--,14,79828,卖盘
11:25:13,57.02,-1.83%,--,63,359397,卖盘
11:25:16,57.04,-1.79%,+0.02,64,369733,卖盘
11:25:22,57.04,-1.79%,--,67,384221,卖盘
11:25:25,57.05,-1.77%,+0.01,26,153693,买盘
11:25:28,57.01,-1.84%,-0.04,29,170574,卖盘
11:25:31,57.05,-1.77%,+0.04,52,296660,买盘
11:25:34,57.02,-1.83%,-0.03,52,296504,中性盘
11:25:40,57.02,-1.83%,--,4,22808,买盘
11:25:46,57.02,-1.83%,--,5,28510,中性盘
11:25:46,57.02,-1.83%,--,5,28510,买盘
11:25:52,57.0,-1.86%,-0.02,68,389481,卖盘
11:25:55,56.97,-1.91%,-0.03,21,122429,中性盘
11:25:58,56.9,-2.03%,-0.07,30,171326,卖盘
11:26:01,56.9,-2.03%,--,12,68280,卖盘
11:26:04,56.83,-2.15%,-0.07,202,1150523,卖盘
11:26:07,56.73,-2.32%,-0.1,44,249612,卖盘
11:26:09,56.9,-2.03%,+0.17,62,354032,买盘
11:26:13,56.78,-2.24%,-0.12,12,68874,卖盘
11:26:22,56.78,-2.24%,--,2,11356,卖盘
11:26:24,56.89,-2.05%,+0.11,12,69064,买盘
11:26:31,56.88,-2.07%,-0.01,31,179627,中性盘
11:26:37,56.89,-2.05%,+0.01,16,91422,买盘
11:26:40,56.89,-2.05%,--,2,16498,买盘
11:26:43,56.9,-2.03%,+0.01,27,154085,买盘
11:26:45,56.9,-2.03%,--,5,28450,卖盘
11:26:49,56.9,-2.03%,--,86,494063,卖盘
11:26:52,56.9,-2.03%,--,0,0,卖盘
11:26:55,56.94,-1.96%,+0.04,7,42762,买盘
11:26:58,56.96,-1.93%,+0.02,6,34176,买盘
11:27:01,56.91,-2.01%,-0.05,15,85763,卖盘
11:27:04,56.94,-1.96%,+0.03,7,42819,买盘
11:27:07,56.91,-2.01%,-0.03,2,11382,卖盘
11:27:10,56.94,-1.96%,+0.03,2,11388,买盘
11:27:16,56.94,-1.96%,--,9,55175,买盘
11:27:19,56.97,-1.91%,+0.03,20,119181,买盘
11:27:22,56.97,-1.91%,--,0,0,中性盘
11:27:25,56.97,-1.91%,--,9,55261,买盘
11:27:28,56.95,-1.95%,-0.02,2,11390,卖盘
11:27:31,56.94,-1.96%,-0.01,28,159831,卖盘
11:27:34,56.97,-1.91%,+0.03,50,285135,买盘
11:27:40,56.97,-1.91%,--,18,105907,买盘
11:27:43,56.97,-1.91%,--,3,21763,卖盘
11:27:49,56.97,-1.91%,--,0,513,卖盘
11:27:55,56.97,-1.91%,--,14,79758,买盘
11:27:58,56.97,-1.91%,--,5,29510,买盘
11:28:01,56.99,-1.88%,+0.02,41,233659,买盘
11:28:04,57.0,-1.86%,+0.01,8,50673,买盘
11:28:07,57.0,-1.86%,--,56,320682,买盘
11:28:10,57.0,-1.86%,--,1,6897,买盘
11:28:13,57.0,-1.86%,--,17,97071,卖盘
11:28:16,57.02,-1.83%,+0.02,24,138045,买盘
11:28:22,57.02,-1.83%,--,2,11404,买盘
11:28:25,57.02,-1.83%,--,1,6158,买盘
11:28:31,56.99,-1.88%,-0.03,26,149086,卖盘
11:28:34,57.0,-1.86%,+0.01,2,11400,卖盘
11:28:37,57.02,-1.83%,+0.02,13,77091,中性盘
11:28:40,57.02,-1.83%,--,10,57020,买盘
11:28:43,57.04,-1.79%,+0.02,20,117902,买盘
11:28:46,57.02,-1.83%,-0.02,35,204873,卖盘
11:28:49,57.02,-1.83%,--,3,19672,买盘
11:28:52,57.03,-1.81%,+0.01,11,67409,买盘
11:28:55,57.02,-1.83%,-0.01,12,68424,买盘
11:29:01,57.04,-1.79%,+0.02,24,139577,买盘
11:29:04,57.04,-1.79%,--,8,49397,买盘
11:29:07,57.03,-1.81%,-0.01,6,34389,卖盘
11:29:10,57.04,-1.79%,+0.01,49,279496,买盘
11:29:10,57.04,-1.79%,--,49,279496,中性盘
11:29:16,57.04,-1.79%,--,29,169010,买盘
11:29:19,57.04,-1.79%,--,25,143227,卖盘
11:29:25,57.06,-1.76%,+0.02,166,949193,买盘
11:29:28,57.05,-1.77%,-0.01,27,155575,卖盘
11:29:31,57.1,-1.69%,+0.05,45,262317,买盘
11:29:34,57.12,-1.65%,+0.02,44,254527,买盘
11:29:37,57.14,-1.62%,+0.02,32,185762,买盘
11:29:40,57.16,-1.58%,+0.02,62,354392,买盘
11:29:43,57.16,-1.58%,--,32,183141,买盘
11:29:46,57.15,-1.60%,-0.01,8,49549,卖盘
11:29:49,57.17,-1.57%,+0.02,72,412367,买盘
11:29:52,57.18,-1.55%,+0.01,14,83197,买盘
11:29:55,57.19,-1.53%,+0.01,26,148694,买盘
11:29:58,57.17,-1.57%,-0.02,11,66089,卖盘
11:29:59,57.2,-1.52%,+0.03,60,345259,买盘
13:00:01,57.13,-1.64%,-0.07,95,544449,卖盘
13:00:04,57.09,-1.70%,-0.04,252,1440895,卖盘
13:00:07,57.08,-1.72%,-0.01,120,687129,中性盘
13:00:10,57.08,-1.72%,--,65,375415,买盘
13:00:13,57.11,-1.67%,+0.03,46,268131,中性盘
13:00:16,56.9,-2.03%,-0.21,43,245808,卖盘
13:00:19,56.8,-2.20%,-0.1,89,510632,卖盘
13:00:22,56.94,-1.96%,+0.14,17,97026,中性盘
13:00:25,56.81,-2.19%,-0.13,30,172305,卖盘
13:00:28,56.91,-2.01%,+0.1,19,113422,买盘
13:00:31,56.92,-2.00%,+0.01,39,224606,买盘
13:00:34,56.91,-2.01%,-0.01,8,50422,卖盘
13:00:37,56.98,-1.89%,+0.07,44,255042,买盘
13:00:40,56.99,-1.88%,+0.01,28,160940,买盘
13:00:42,56.99,-1.88%,--,13,77050,买盘
13:00:46,56.99,-1.88%,--,2,15558,买盘
13:00:49,56.99,-1.88%,--,15,87081,卖盘
13:00:52,56.98,-1.89%,-0.01,5,28661,中性盘
13:00:55,56.98,-1.89%,--,10,61424,买盘
13:00:58,56.97,-1.91%,-0.01,13,74631,买盘
13:01:01,56.88,-2.07%,-0.09,15,87254,卖盘
13:01:04,56.93,-1.98%,+0.05,10,56930,买盘
13:01:10,56.93,-1.98%,--,2,11614,买盘
13:01:13,56.93,-1.98%,--,10,59093,买盘
13:01:16,56.97,-1.91%,+0.04,25,147552,买盘
13:01:19,56.95,-1.95%,-0.02,4,22780,中性盘
13:01:22,56.95,-1.95%,--,15,88329,买盘
13:01:25,56.97,-1.91%,+0.02,16,92348,买盘
13:01:28,56.93,-1.98%,-0.04,31,180980,卖盘
13:01:34,56.88,-2.07%,-0.05,104,596728,卖盘
13:01:37,56.8,-2.20%,-0.08,13,74465,卖盘
13:01:40,56.8,-2.20%,--,0,0,卖盘
13:01:43,56.8,-2.20%,--,2,11360,卖盘
13:01:49,56.78,-2.24%,-0.02,20,115036,卖盘
13:01:52,56.78,-2.24%,--,0,0,卖盘
13:01:55,56.82,-2.17%,+0.04,2,11364,买盘
13:01:58,56.79,-2.22%,-0.03,6,34074,中性盘
13:02:01,56.79,-2.22%,--,32,186498,卖盘
13:02:04,56.79,-2.22%,--,5,30553,卖盘
13:02:10,56.78,-2.24%,-0.01,7,40882,卖盘
13:02:13,56.75,-2.29%,-0.03,29,167753,卖盘
13:02:19,56.73,-2.32%,-0.02,39,221247,卖盘
13:02:22,56.73,-2.32%,--,2,11346,卖盘
13:02:31,56.73,-2.32%,--,15,85095,卖盘
13:02:34,56.73,-2.32%,--,37,210922,卖盘
13:02:37,56.7,-2.38%,-0.03,75,429106,卖盘
13:02:40,56.73,-2.32%,+0.03,6,34038,买盘
13:47:31,56.6,-2.55%,--,8,48563,中性盘
13:47:34,56.6,-2.55%,--,56,322167,买盘
13:47:37,56.7,-2.38%,+0.1,46,262464,买盘
13:47:40,56.57,-2.60%,-0.13,19,108954,卖盘
13:47:43,56.57,-2.60%,--,5,28794,卖盘
13:47:46,56.57,-2.60%,--,3,17367,卖盘
13:47:49,56.7,-2.38%,+0.13,22,129503,买盘
13:47:52,56.69,-2.39%,-0.01,7,41270,中性盘
13:47:55,56.69,-2.39%,--,0,0,买盘
13:47:58,56.68,-2.41%,-0.01,2,11336,买盘
13:48:01,56.57,-2.60%,-0.11,4,27380,卖盘
13:48:04,56.57,-2.60%,--,32,186398,卖盘
13:48:07,56.57,-2.60%,--,2,11314,卖盘
13:48:10,56.58,-2.58%,+0.01,9,50922,买盘
13:48:13,56.57,-2.60%,-0.01,15,88193,卖盘
13:48:16,56.53,-2.67%,-0.04,64,362810,卖盘
13:48:19,56.5,-2.72%,-0.03,4,26442,卖盘
13:48:22,56.5,-2.72%,--,8,49268,卖盘
13:48:25,56.5,-2.72%,--,1,8193,卖盘
13:48:28,56.5,-2.72%,--,7,39550,买盘
13:48:31,56.55,-2.63%,+0.05,43,245031,买盘
13:48:37,56.55,-2.63%,--,20,117398,卖盘
13:48:46,56.55,-2.63%,--,14,79170,卖盘
13:48:49,56.55,-2.63%,--,2,11310,卖盘
13:48:52,56.55,-2.63%,--,3,16965,卖盘
13:48:55,56.55,-2.63%,--,0,0,卖盘
13:48:58,56.57,-2.60%,+0.02,17,96169,买盘
13:49:01,56.57,-2.60%,--,2,11314,买盘
13:49:04,56.55,-2.63%,-0.02,25,146634,卖盘
13:49:07,56.56,-2.62%,+0.01,46,264305,卖盘
13:49:10,56.56,-2.62%,--,2,14197,卖盘
13:49:13,56.56,-2.62%,--,0,0,卖盘
13:49:25,56.63,-2.50%,+0.07,29,168418,买盘
13:49:28,56.59,-2.57%,-0.04,61,350066,卖盘
13:49:31,56.59,-2.57%,--,9,56307,卖盘
13:49:34,56.59,-2.57%,--,0,0,卖盘
13:49:37,56.62,-2.51%,+0.03,4,22648,中性盘
13:49:43,56.61,-2.53%,-0.01,104,588744,卖盘
13:49:46,56.59,-2.57%,-0.02,3,18901,卖盘
13:49:52,56.59,-2.57%,--,9,52516,卖盘
13:49:55,56.59,-2.57%,--,7,44423,卖盘
13:49:58,56.56,-2.62%,-0.03,29,167644,卖盘
13:50:04,56.58,-2.58%,+0.02,55,312944,买盘
13:50:07,56.56,-2.62%,-0.02,2,16459,卖盘
13:50:13,56.55,-2.63%,-0.01,440,2489783,卖盘
13:50:16,56.5,-2.72%,-0.05,33,187637,卖盘
13:50:19,56.49,-2.74%,-0.01,16,93209,卖盘
13:50:22,56.55,-2.63%,+0.06,2,11310,买盘
13:50:25,56.49,-2.74%,-0.06,16,90384,卖盘
13:50:40,56.5,-2.72%,+0.01,8,45200,买盘
13:50:43,56.48,-2.75%,-0.02,43,247721,卖盘
13:50:46,56.48,-2.75%,--,3,20785,卖盘
13:50:55,56.5,-2.72%,+0.02,4,22600,买盘
13:50:58,56.49,-2.74%,-0.01,33,189919,中性盘
13:54:25,56.38,-2.93%,-0.01,6,39015,中性盘
13:54:28,56.37,-2.94%,-0.01,14,80158,卖盘
13:54:31,56.37,-2.94%,--,2,11274,卖盘
13:54:34,56.37,-2.94%,--,22,127960,卖盘
13:54:37,56.38,-2.93%,+0.01,2,11332,买盘
13:54:40,56.37,-2.94%,-0.01,2,11274,卖盘
13:54:43,56.36,-2.96%,-0.01,22,126979,卖盘
13:54:46,56.35,-2.98%,-0.01,4,22540,卖盘
13:54:49,56.35,-2.98%,--,0,0,卖盘
13:54:55,56.35,-2.98%,--,3,16905,卖盘
13:54:58,56.34,-3.00%,-0.01,83,470552,卖盘
13:55:01,56.34,-3.00%,--,34,195556,买盘
13:55:04,56.31,-3.05%,-0.03,35,197592,卖盘
13:55:07,56.31,-3.05%,--,15,86661,买盘
13:55:10,56.34,-3.00%,+0.03,13,74087,买盘
13:55:13,56.3,-3.06%,-0.04,87,492963,卖盘
13:55:16,56.31,-3.05%,+0.01,6,33955,中性盘
13:55:19,56.37,-2.94%,+0.06,14,80440,买盘
13:55:22,56.37,-2.94%,--,8,45096,买盘
13:55:28,56.34,-3.00%,-0.03,20,117187,卖盘
13:55:34,56.34,-3.00%,--,5,28170,买盘
13:55:37,56.34,-3.00%,--,0,0,买盘
13:55:40,56.33,-3.01%,-0.01,22,126123,中性盘
13:55:43,56.31,-3.05%,-0.02,40,227267,卖盘
13:55:45,56.31,-3.05%,--,9,55916,买盘
13:55:49,56.3,-3.06%,-0.01,21,119806,卖盘
13:55:52,56.3,-3.06%,--,28,161300,卖盘
13:55:55,56.3,-3.06%,--,0,0,买盘
13:55:58,56.28,-3.10%,-0.02,22,127530,卖盘
13:56:01,56.28,-3.10%,--,1,6191,卖盘
13:56:04,56.3,-3.06%,+0.02,27,153474,买盘
13:56:07,56.3,-3.06%,--,73,412961,买盘
13:56:10,56.3,-3.06%,--,37,208366,买盘
13:56:13,56.27,-3.12%,-0.03,125,705119,卖盘
13:56:16,56.29,-3.08%,+0.02,11,62369,买盘
13:56:19,56.29,-3.08%,--,0,0,卖盘
13:56:22,56.31,-3.05%,+0.02,32,184077,买盘
13:56:25,56.29,-3.08%,-0.02,9,50717,卖盘
13:56:28,56.27,-3.12%,-0.02,15,86318,买盘
13:56:31,56.29,-3.08%,+0.02,2,14692,买盘
13:56:43,56.29,-3.08%,--,21,121980,买盘
13:56:46,56.29,-3.08%,--,97,548321,卖盘
13:56:49,56.28,-3.10%,-0.01,7,43392,买盘
13:56:52,56.3,-3.06%,+0.02,2,11260,中性盘
13:56:55,56.29,-3.08%,-0.01,17,95693,卖盘
13:56:58,56.26,-3.13%,-0.03,130,735993,卖盘
13:57:01,56.26,-3.13%,--,9,50634,买盘
13:57:04,56.25,-3.15%,-0.01,11,65813,卖盘
13:57:07,56.26,-3.13%,+0.01,25,143576,买盘
13:57:10,56.26,-3.13%,--,0,0,买盘
13:57:13,56.21,-3.22%,-0.05,47,267110,卖盘
13:57:16,56.21,-3.22%,--,17,97581,买盘
13:57:19,56.25,-3.15%,+0.04,5,28125,买盘
13:57:25,56.2,-3.24%,-0.05,10,56200,卖盘
13:57:28,56.2,-3.24%,--,32,181526,卖盘
13:57:31,56.2,-3.24%,--,5,28831,卖盘
13:57:34,56.21,-3.22%,+0.01,16,89936,买盘
13:57:37,56.21,-3.22%,--,6,33726,买盘
13:57:40,56.21,-3.22%,--,22,123718,买盘
13:57:43,56.18,-3.27%,-0.03,30,172810,卖盘
13:57:46,56.21,-3.22%,+0.03,47,268515,买盘
13:57:49,56.21,-3.22%,--,10,56716,卖盘
14:01:16,56.28,-3.10%,--,9,53466,中性盘
14:01:25,56.31,-3.05%,+0.03,20,117012,买盘
14:01:28,56.27,-3.12%,-0.04,77,436149,卖盘
14:01:31,56.31,-3.05%,+0.04,41,234137,买盘
14:01:34,56.31,-3.05%,--,2,11262,买盘
14:01:37,56.3,-3.06%,-0.01,2,11598,卖盘
14:01:40,56.31,-3.05%,+0.01,26,146406,买盘
14:01:43,56.31,-3.05%,--,16,93869,买盘
14:01:46,56.3,-3.06%,-0.01,9,56131,卖盘
14:01:52,56.29,-3.08%,-0.01,36,202869,卖盘
14:01:58,56.28,-3.10%,-0.01,31,176719,卖盘
14:02:01,56.28,-3.10%,--,2,11256,卖盘
14:02:04,56.28,-3.10%,--,7,40747,卖盘
14:02:07,56.26,-3.13%,-0.02,107,607327,卖盘
14:02:10,56.23,-3.19%,-0.03,5,28790,卖盘
14:02:13,56.23,-3.19%,--,1,5623,卖盘
14:02:16,56.23,-3.19%,--,2,11246,卖盘
14:02:28,56.22,-3.20%,-0.01,46,264178,卖盘
14:02:31,56.25,-3.15%,+0.03,120,675000,买盘
14:02:34,56.2,-3.24%,-0.05,6,35069,卖盘
14:02:40,56.22,-3.20%,+0.02,15,88265,买盘
14:02:43,56.21,-3.22%,-0.01,52,294540,卖盘
14:02:49,56.23,-3.19%,+0.02,21,119208,买盘
14:02:52,56.25,-3.15%,+0.02,2,11250,买盘
14:02:58,56.25,-3.15%,--,0,0,买盘
14:03:01,56.23,-3.19%,-0.02,2,11246,买盘
14:03:04,56.21,-3.22%,-0.02,2,13378,卖盘
14:03:07,56.19,-3.25%,-0.02,25,140981,卖盘
14:03:10,56.23,-3.19%,+0.04,2,11246,买盘
14:03:13,56.18,-3.27%,-0.05,75,424777,卖盘
14:03:16,56.16,-3.31%,-0.02,5,32910,卖盘
14:03:27,56.23,-3.19%,+0.07,45,255734,买盘
14:03:31,56.22,-3.20%,-0.01,4,25299,中性盘
14:03:34,56.23,-3.19%,+0.01,15,89574,买盘
14:03:37,56.23,-3.19%,--,16,89968,买盘
14:03:40,56.19,-3.25%,-0.04,21,120303,卖盘
14:03:43,56.18,-3.27%,-0.01,37,211181,卖盘
14:03:46,56.18,-3.27%,--,2,12584,卖盘
14:03:58,56.16,-3.31%,-0.02,18,102773,卖盘
14:04:01,56.15,-3.32%,-0.01,35,197367,卖盘
14:04:04,56.15,-3.32%,--,24,135883,卖盘
14:04:07,56.15,-3.32%,--,23,131953,卖盘
14:04:10,56.15,-3.32%,--,2,13251,卖盘
14:04:13,56.18,-3.27%,+0.03,4,22472,买盘
14:04:16,56.18,-3.27%,--,6,33708,买盘
14:04:19,56.18,-3.27%,--,8,44944,买盘
14:04:22,56.2,-3.24%,+0.02,21,118638,买盘
14:04:25,56.2,-3.24%,--,9,50580,买盘
14:04:28,56.15,-3.32%,-0.05,14,79059,卖盘
14:04:31,56.23,-3.19%,+0.08,40,228462,买盘
14:04:34,56.23,-3.19%,--,7,39361,买盘
14:04:37,56.23,-3.19%,--,2,11246,买盘
14:04:40,56.23,-3.19%,--,13,74561,买盘
14:04:43,56.24,-3.17%,+0.01,65,368766,中性盘
14:04:46,56.3,-3.06%,+0.06,23,131348,买盘
14:04:46,56.3,-3.06%,-0.01,23,131348,中性盘
14:04:49,56.29,-3.08%,-0.01,47,264957,卖盘
14:04:52,56.29,-3.08%,--,3,21784,卖盘
14:04:58,56.29,-3.08%,--,63,357892,买盘
14:05:01,56.25,-3.15%,-0.04,3,21488,卖盘
14:05:04,56.25,-3.15%,--,2,13388,卖盘
14:05:10,56.25,-3.15%,--,22,124763,卖盘
14:05:13,56.22,-3.20%,-0.03,28,162476,卖盘
14:05:19,56.37,-2.94%,+0.15,48,270576,买盘
14:05:22,56.23,-3.19%,-0.14,2,14170,卖盘
14:05:31,56.38,-2.93%,+0.15,2,11276,买盘
14:05:34,56.25,-3.15%,-0.13,5,30938,卖盘
14:05:43,56.27,-3.12%,+0.02,18,101399,卖盘
14:05:46,56.27,-3.12%,--,31,177757,卖盘
14:05:49,56.27,-3.12%,--,0,0,卖盘
14:05:55,56.27,-3.12%,--,2,13842,卖盘
14:05:58,56.25,-3.15%,-0.02,35,201994,卖盘
14:06:07,56.27,-3.12%,+0.02,11,62178,买盘
14:06:10,56.27,-3.12%,--,27,154911,买盘
14:06:13,56.25,-3.15%,-0.02,36,207956,卖盘
14:06:19,56.25,-3.15%,--,12,69525,卖盘
14:06:22,56.26,-3.13%,+0.01,13,74432,买盘
14:06:25,56.27,-3.12%,+0.01,23,129421,买盘
14:06:28,56.25,-3.15%,-0.02,81,457256,卖盘
14:06:31,56.27,-3.12%,+0.02,22,124244,买盘
14:06:34,56.27,-3.12%,--,5,28135,买盘
14:06:43,56.25,-3.15%,-0.02,11,66094,卖盘
14:06:46,56.24,-3.17%,-0.01,8,47973,卖盘
14:06:49,56.27,-3.12%,+0.03,5,30330,买盘
14:06:52,56.27,-3.12%,--,0,0,买盘
14:06:55,56.25,-3.15%,-0.02,54,304481,卖盘
14:06:58,56.24,-3.17%,-0.01,47,265228,卖盘
14:07:01,56.22,-3.20%,-0.02,4,27604,卖盘
14:07:04,56.24,-3.17%,+0.02,31,177887,买盘
14:07:07,56.26,-3.13%,+0.02,11,66949,买盘
14:07:10,56.27,-3.12%,+0.01,32,181077,买盘
14:07:13,56.22,-3.20%,-0.05,56,319723,卖盘
14:07:16,56.22,-3.20%,--,2,11975,卖盘
14:07:22,56.22,-3.20%,--,0,0,卖盘
14:07:25,56.27,-3.12%,+0.05,7,39389,买盘
14:07:28,56.22,-3.20%,-0.05,7,39916,卖盘
14:07:31,56.27,-3.12%,+0.05,4,22508,买盘
14:07:34,56.21,-3.22%,-0.06,79,449118,卖盘
14:07:37,56.27,-3.12%,+0.06,4,22508,买盘
14:07:40,56.27,-3.12%,--,27,156599,买盘
14:07:43,56.25,-3.15%,-0.02,48,273206,卖盘
14:07:49,56.25,-3.15%,--,0,0,卖盘
14:07:52,56.2,-3.24%,-0.05,48,269760,卖盘
14:07:55,56.2,-3.24%,--,6,37991,卖盘
14:08:04,56.2,-3.24%,--,0,0,卖盘
14:08:07,56.24,-3.17%,+0.04,7,44823,卖盘
14:08:10,56.25,-3.15%,+0.01,24,137869,中性盘
14:08:13,56.23,-3.19%,-0.02,10,59154,卖盘
14:11:28,56.32,-3.03%,-0.01,6,38804,中性盘
14:11:46,56.31,-3.05%,-0.01,47,268486,卖盘
14:11:49,56.32,-3.03%,+0.01,58,328852,买盘
14:11:52,56.31,-3.05%,-0.01,30,170450,卖盘
14:11:55,56.31,-3.05%,--,0,0,买盘
14:11:58,56.3,-3.06%,-0.01,38,219007,卖盘
14:12:01,56.29,-3.08%,-0.01,48,275483,卖盘
14:12:04,56.29,-3.08%,--,9,50661,买盘
14:12:07,56.29,-3.08%,--,0,0,买盘
14:12:10,56.3,-3.06%,+0.01,34,195417,买盘
14:12:13,56.28,-3.10%,-0.02,27,153138,卖盘
14:12:16,56.31,-3.05%,+0.03,8,47582,买盘
14:12:22,56.29,-3.08%,-0.02,8,49648,卖盘
14:12:25,56.26,-3.13%,-0.03,10,59692,卖盘
14:12:28,56.26,-3.13%,--,2,11252,卖盘
14:12:37,56.27,-3.12%,+0.01,10,56270,中性盘
14:12:40,56.27,-3.12%,--,2,11254,卖盘
14:12:46,56.27,-3.12%,--,12,70338,卖盘
14:12:52,56.28,-3.10%,+0.01,55,313367,买盘
14:12:55,56.26,-3.13%,-0.02,5,33362,卖盘
14:12:58,56.28,-3.10%,+0.02,12,67536,买盘
14:13:01,56.29,-3.08%,+0.01,76,427804,买盘
14:13:04,56.26,-3.13%,-0.03,6,35613,卖盘
14:13:07,56.26,-3.13%,--,0,0,卖盘
14:13:13,56.26,-3.13%,--,24,135080,卖盘
14:13:16,56.26,-3.13%,--,5,31562,卖盘
14:13:19,56.25,-3.15%,-0.01,6,33750,卖盘
14:13:22,56.26,-3.13%,+0.01,27,153421,买盘
14:13:25,56.27,-3.12%,+0.01,21,120868,买盘
14:13:28,56.27,-3.12%,--,8,45016,买盘
14:13:31,56.28,-3.10%,+0.01,19,106932,买盘
14:13:34,56.27,-3.12%,-0.01,4,22508,买盘
14:13:40,56.27,-3.12%,--,4,22508,买盘
14:13:43,56.25,-3.15%,-0.02,22,124594,卖盘
14:13:46,56.27,-3.12%,+0.02,6,34043,买盘
14:13:49,56.28,-3.10%,+0.01,8,45024,买盘
14:13:55,56.26,-3.13%,-0.02,4,25880,卖盘
14:13:58,56.26,-3.13%,--,14,82421,买盘
14:14:01,56.26,-3.13%,--,13,78314,卖盘
14:14:04,56.25,-3.15%,-0.01,34,194850,卖盘
14:14:10,56.26,-3.13%,+0.01,11,61886,买盘
14:14:13,56.25,-3.15%,-0.01,36,203738,卖盘
14:14:16,56.26,-3.13%,+0.01,8,45008,买盘
14:14:22,56.25,-3.15%,-0.01,11,64181,卖盘
14:14:31,56.25,-3.15%,--,23,129375,买盘
14:14:34,56.25,-3.15%,--,38,215100,买盘
14:14:37,56.25,-3.15%,--,33,185625,买盘
14:14:40,56.23,-3.19%,-0.02,53,302686,卖盘
14:14:46,56.23,-3.19%,--,44,249830,卖盘
14:14:49,56.25,-3.15%,+0.02,2,13163,卖盘
14:14:52,56.25,-3.15%,--,3,16875,卖盘
14:14:55,56.23,-3.19%,-0.02,31,177406,卖盘
14:14:58,56.23,-3.19%,--,0,0,卖盘
14:15:01,56.23,-3.19%,--,7,44703,卖盘
14:15:04,56.21,-3.22%,-0.02,115,648495,卖盘
14:15:07,56.23,-3.19%,+0.02,22,127024,买盘
14:15:07,56.23,-3.19%,-0.02,22,127024,中性盘
14:15:10,56.21,-3.22%,-0.02,33,189147,卖盘
14:15:13,56.2,-3.24%,-0.01,35,199791,卖盘
14:15:16,56.2,-3.24%,--,39,221709,卖盘
14:15:19,56.2,-3.24%,--,55,312303,卖盘
14:15:25,56.19,-3.25%,-0.01,11,62708,卖盘
14:15:28,56.18,-3.27%,-0.01,29,165843,卖盘
14:15:31,56.16,-3.31%,-0.02,2,11232,卖盘
14:15:34,56.18,-3.27%,+0.02,10,56180,买盘
14:15:40,56.15,-3.32%,-0.03,65,366379,卖盘
14:15:46,56.14,-3.34%,-0.01,8,48954,卖盘
14:15:52,56.14,-3.34%,--,52,296026,卖盘
14:15:55,56.14,-3.34%,--,41,231072,卖盘
14:15:58,56.12,-3.37%,-0.02,6,34065,中性盘
14:16:01,56.14,-3.34%,+0.02,21,120308,买盘
14:16:04,56.12,-3.37%,-0.02,27,152759,卖盘
14:16:07,56.14,-3.34%,+0.02,55,310623,买盘
14:16:10,56.13,-3.36%,-0.01,44,251911,买盘
14:16:13,56.13,-3.36%,--,22,126854,卖盘
14:16:16,56.16,-3.31%,+0.03,10,56160,买盘
14:16:19,56.13,-3.36%,-0.03,62,348455,卖盘
14:16:22,56.17,-3.29%,+0.04,17,96669,买盘
14:16:25,56.16,-3.31%,-0.01,22,126809,卖盘
14:16:28,56.2,-3.24%,+0.04,4,24784,买盘
14:16:31,56.2,-3.24%,--,18,103352,买盘
14:16:34,56.19,-3.25%,-0.01,2,11238,中性盘
14:16:40,56.18,-3.27%,-0.01,10,56180,卖盘
14:16:43,56.19,-3.25%,+0.01,3,20172,买盘
14:16:46,56.19,-3.25%,--,16,89904,买盘
14:16:49,56.18,-3.27%,-0.01,4,26629,卖盘
14:16:55,56.19,-3.25%,+0.01,6,33714,买盘
14:17:04,56.18,-3.27%,-0.01,2,13371,卖盘
14:17:10,56.18,-3.27%,--,10,56180,卖盘
14:17:13,56.18,-3.27%,--,28,157753,卖盘
14:17:16,56.18,-3.27%,--,4,26124,卖盘
14:17:25,56.18,-3.27%,--,2,11236,卖盘
14:17:28,56.19,-3.25%,+0.01,15,84285,买盘
14:17:34,56.19,-3.25%,--,2,11238,买盘
14:17:37,56.18,-3.27%,-0.01,36,205001,卖盘
14:17:40,56.19,-3.25%,+0.01,19,106930,买盘
14:17:43,56.18,-3.27%,-0.01,2,11236,买盘
14:17:46,56.17,-3.29%,-0.01,27,156040,卖盘
14:17:49,56.17,-3.29%,--,9,54990,卖盘
14:17:55,56.17,-3.29%,--,0,0,买盘
14:18:01,56.17,-3.29%,--,35,199628,买盘
14:18:04,56.17,-3.29%,--,48,270065,买盘
14:18:07,56.17,-3.29%,--,49,277536,买盘
14:18:10,56.18,-3.27%,+0.01,15,89719,买盘
14:18:13,56.14,-3.34%,-0.04,26,146525,卖盘
14:18:16,56.14,-3.34%,--,2,12407,卖盘
14:18:19,56.18,-3.27%,+0.04,24,137248,买盘
14:18:22,56.18,-3.27%,--,35,198147,买盘
14:18:25,56.18,-3.27%,--,30,171855,买盘
14:18:31,56.18,-3.27%,--,11,62191,买盘
14:18:34,56.16,-3.31%,-0.02,7,40941,卖盘
14:18:34,56.16,-3.31%,--,7,40941,中性盘
14:18:37,56.18,-3.27%,+0.02,31,178989,买盘
14:18:43,56.18,-3.27%,--,0,0,买盘
14:18:46,56.17,-3.29%,-0.01,9,50553,买盘
14:18:49,56.18,-3.27%,+0.01,4,23315,买盘
14:18:55,56.18,-3.27%,--,7,39326,买盘
14:18:58,56.16,-3.31%,-0.02,37,213240,卖盘
14:19:01,56.18,-3.27%,+0.02,10,56461,买盘
14:19:04,56.16,-3.31%,-0.02,37,209701,卖盘
14:19:10,56.15,-3.32%,-0.01,50,280918,卖盘
14:19:13,56.15,-3.32%,--,21,122014,卖盘
14:19:22,56.16,-3.31%,+0.01,5,33359,买盘
14:19:25,56.15,-3.32%,-0.01,7,42899,卖盘
14:19:28,56.14,-3.34%,-0.01,6,36098,卖盘
14:19:31,56.15,-3.32%,+0.01,2,11230,买盘
14:19:34,56.14,-3.34%,-0.01,3,16842,卖盘
14:19:37,56.14,-3.34%,--,20,112280,卖盘
14:19:40,56.14,-3.34%,--,132,745259,卖盘
14:19:43,56.14,-3.34%,--,13,76519,中性盘
14:19:46,56.15,-3.32%,+0.01,16,94220,买盘
14:19:52,56.11,-3.39%,-0.04,102,572322,卖盘
14:19:55,56.16,-3.31%,+0.05,9,50881,买盘
14:19:58,56.1,-3.41%,-0.06,32,182045,卖盘
14:20:01,56.16,-3.31%,+0.06,5,28080,买盘
14:20:04,56.1,-3.41%,-0.06,5,28050,卖盘
14:20:07,56.11,-3.39%,+0.01,3,20424,中性盘
14:20:10,56.15,-3.32%,+0.04,55,309667,买盘
14:20:13,56.1,-3.41%,-0.05,44,252057,卖盘
14:20:16,56.14,-3.34%,+0.04,2,11228,中性盘
14:20:19,56.15,-3.32%,+0.01,12,67380,买盘
14:20:22,56.14,-3.34%,-0.01,2,13979,买盘
14:20:25,56.14,-3.34%,--,40,224560,卖盘
14:20:28,56.13,-3.36%,-0.01,7,43557,卖盘
14:20:31,56.15,-3.32%,+0.02,54,303210,买盘
14:20:34,56.14,-3.34%,-0.01,15,84828,买盘
14:20:37,56.12,-3.37%,-0.02,59,336103,卖盘
14:20:40,56.12,-3.37%,--,54,304563,卖盘
14:20:43,56.12,-3.37%,--,3,19025,卖盘
14:20:46,56.12,-3.37%,--,2,11224,卖盘
14:20:49,56.12,-3.37%,--,7,41697,卖盘
14:20:52,56.12,-3.37%,--,1,5949,卖盘
14:20:55,56.11,-3.39%,-0.01,7,39277,卖盘
14:20:58,56.11,-3.39%,--,20,113230,卖盘
14:21:04,56.1,-3.41%,-0.01,2,13352,卖盘
14:21:07,56.1,-3.41%,--,54,306474,卖盘
14:21:10,56.12,-3.37%,+0.02,16,90241,买盘
14:21:13,56.12,-3.37%,--,0,0,买盘
14:21:16,56.1,-3.41%,-0.02,20,112424,卖盘
14:21:19,56.1,-3.41%,--,29,163924,卖盘
14:21:22,56.1,-3.41%,--,37,208804,卖盘
14:21:25,56.1,-3.41%,--,29,163027,卖盘
14:21:28,56.12,-3.37%,+0.02,8,46748,买盘
14:21:31,56.08,-3.44%,-0.04,331,1857818,卖盘
14:21:34,56.12,-3.37%,+0.04,36,202032,卖盘
14:21:40,56.08,-3.44%,-0.04,15,85186,卖盘
14:21:43,56.08,-3.44%,--,5,29891,买盘
14:21:46,56.08,-3.44%,--,14,83896,卖盘
14:21:49,56.08,-3.44%,--,2,11216,卖盘
14:21:52,56.11,-3.39%,+0.03,4,26035,买盘
14:21:55,56.11,-3.39%,--,5,28728,卖盘
14:21:58,56.12,-3.37%,+0.01,49,280376,买盘
14:22:01,56.08,-3.44%,-0.04,6,39032,卖盘
14:22:01,56.08,-3.44%,--,6,39032,中性盘
14:22:07,56.12,-3.37%,+0.04,4,22560,买盘
14:22:10,56.14,-3.34%,+0.02,150,844233,买盘
14:22:13,56.15,-3.32%,+0.01,52,293047,买盘
14:22:16,56.17,-3.29%,+0.02,65,366734,买盘
14:22:19,56.17,-3.29%,--,8,49767,买盘
14:22:22,56.17,-3.29%,--,4,22468,买盘
14:22:25,56.17,-3.29%,--,10,60551,买盘
14:22:28,56.17,-3.29%,--,10,56170,买盘
14:22:31,56.15,-3.32%,-0.02,22,123586,卖盘
14:22:34,56.17,-3.29%,+0.02,71,398807,买盘
14:22:37,56.18,-3.27%,+0.01,28,161686,买盘
14:22:40,56.17,-3.29%,-0.01,135,761890,卖盘
14:22:43,56.17,-3.29%,--,8,47464,卖盘
14:22:46,56.23,-3.19%,+0.06,10,56230,买盘
14:22:52,56.19,-3.25%,-0.04,11,64843,卖盘
14:22:55,56.23,-3.19%,+0.04,16,91711,买盘
14:22:58,56.23,-3.19%,--,23,130116,买盘
14:23:01,56.23,-3.19%,--,3,17263,卖盘
14:23:04,56.24,-3.17%,+0.01,16,92065,买盘
14:23:07,56.24,-3.17%,--,4,22496,买盘
14:23:10,56.2,-3.24%,-0.04,48,273975,卖盘
14:23:13,56.2,-3.24%,--,2,12364,卖盘
14:23:16,56.19,-3.25%,-0.01,52,293087,卖盘
14:23:19,56.19,-3.25%,--,43,242516,卖盘
14:23:22,56.19,-3.25%,--,29,163401,卖盘
14:23:25,56.19,-3.25%,--,47,269431,卖盘
14:23:28,56.23,-3.19%,+0.04,4,22492,买盘
14:23:31,56.24,-3.17%,+0.01,14,79636,买盘
14:23:34,56.29,-3.08%,+0.05,111,626958,买盘
14:23:37,56.27,-3.12%,-0.02,92,520385,卖盘
14:23:40,56.25,-3.15%,-0.02,11,62719,卖盘
14:23:43,56.29,-3.08%,+0.04,60,341174,买盘
14:23:46,56.25,-3.15%,-0.04,67,377100,卖盘
14:23:49,56.24,-3.17%,-0.01,3,21315,卖盘
14:23:55,56.24,-3.17%,--,0,0,卖盘
14:23:58,56.28,-3.10%,+0.04,4,22512,买盘
14:24:01,56.27,-3.12%,-0.01,15,85924,卖盘
14:24:07,56.29,-3.08%,+0.02,10,56290,买盘
14:24:10,56.3,-3.06%,+0.01,28,162088,买盘
14:24:13,56.35,-2.98%,+0.05,28,161386,买盘
14:24:16,56.37,-2.94%,+0.02,33,190643,买盘
14:24:19,56.38,-2.93%,+0.01,20,118116,买盘
14:24:22,56.36,-2.96%,-0.02,126,714927,卖盘
14:24:25,56.36,-2.96%,--,12,68308,买盘
14:24:28,56.38,-2.93%,+0.02,8,47979,买盘
14:24:31,56.48,-2.75%,+0.1,10,57892,买盘
14:24:34,56.39,-2.91%,-0.09,2,11278,卖盘
14:24:37,56.39,-2.91%,--,31,178925,卖盘
14:24:40,56.39,-2.91%,--,9,50751,卖盘
14:24:43,56.38,-2.93%,-0.01,6,35576,卖盘
14:24:46,56.38,-2.93%,--,26,150253,卖盘
14:24:49,56.4,-2.89%,+0.02,23,130058,买盘
14:24:52,56.39,-2.91%,-0.01,46,259394,中性盘
14:24:55,56.36,-2.96%,-0.03,2,14203,卖盘
14:24:58,56.37,-2.94%,+0.01,12,67926,卖盘
14:25:01,56.39,-2.91%,+0.02,40,226406,买盘
14:25:04,56.36,-2.96%,-0.03,11,62672,卖盘
14:25:10,56.39,-2.91%,+0.03,2,11898,买盘
14:25:13,56.36,-2.96%,-0.03,57,323281,卖盘
14:25:16,56.34,-3.00%,-0.02,2,16001,卖盘
14:25:19,56.3,-3.06%,-0.04,12,67560,卖盘
14:25:19,56.3,-3.06%,--,12,67560,中性盘
14:25:31,56.3,-3.06%,--,10,56300,卖盘
14:25:34,56.3,-3.06%,--,5,28150,买盘
14:25:40,56.27,-3.12%,-0.03,47,265707,卖盘
14:25:43,56.26,-3.13%,-0.01,34,195391,卖盘
14:25:46,56.26,-3.13%,--,20,116571,买盘
14:25:49,56.25,-3.15%,-0.01,53,301950,卖盘
14:25:52,56.25,-3.15%,--,21,121725,卖盘
14:25:55,56.26,-3.13%,+0.01,13,77583,买盘
14:25:58,56.27,-3.12%,+0.01,36,204654,买盘
14:26:01,56.29,-3.08%,+0.02,20,117252,买盘
14:26:04,56.3,-3.06%,+0.01,72,409864,买盘
14:26:07,56.3,-3.06%,--,8,49713,买盘
14:26:10,56.3,-3.06%,--,89,506644,买盘
14:26:16,56.26,-3.13%,-0.04,54,307911,卖盘
14:26:19,56.2,-3.24%,-0.06,149,839178,卖盘
14:26:22,56.19,-3.25%,-0.01,30,169020,卖盘
14:26:25,56.2,-3.24%,+0.01,144,814113,买盘
14:26:28,56.2,-3.24%,--,6,38104,卖盘
14:26:31,56.2,-3.24%,--,51,291678,卖盘
14:26:34,56.2,-3.24%,--,38,217325,卖盘
14:26:40,56.29,-3.08%,+0.09,87,490398,买盘
14:26:43,56.29,-3.08%,--,2,11258,买盘
14:26:46,56.2,-3.24%,-0.09,36,206142,卖盘
14:26:49,56.29,-3.08%,+0.09,22,125583,买盘
14:26:52,56.19,-3.25%,-0.1,34,192732,卖盘
14:26:55,56.29,-3.08%,+0.1,15,87644,买盘
14:27:01,56.21,-3.22%,-0.08,9,53962,卖盘
14:27:04,56.23,-3.19%,+0.02,22,125562,中性盘
14:27:07,56.23,-3.19%,--,2,14058,卖盘
14:27:10,56.23,-3.19%,--,19,109311,卖盘
14:27:16,56.2,-3.24%,-0.03,37,208839,卖盘
14:27:19,56.19,-3.25%,-0.01,19,111537,卖盘
14:27:22,56.19,-3.25%,--,7,39333,买盘
14:27:25,56.18,-3.27%,-0.01,13,75056,卖盘
14:27:28,56.19,-3.25%,+0.01,2,11238,买盘
14:27:34,56.17,-3.29%,-0.02,24,135201,卖盘
14:27:37,56.18,-3.27%,+0.01,26,146855,中性盘
14:27:40,56.16,-3.31%,-0.02,12,71548,卖盘
14:27:43,56.12,-3.37%,-0.04,26,146866,卖盘
14:27:46,56.12,-3.37%,--,10,61115,买盘
14:27:49,56.13,-3.36%,+0.01,26,148408,买盘
14:27:52,56.17,-3.29%,+0.04,83,468963,买盘
14:27:55,56.16,-3.31%,-0.01,56,314889,卖盘
14:27:58,56.17,-3.29%,+0.01,26,149468,买盘
14:28:01,56.17,-3.29%,--,38,214232,卖盘
14:28:07,56.17,-3.29%,--,1,10223,买盘
14:28:10,56.19,-3.25%,+0.02,2,11238,买盘
14:28:13,56.23,-3.19%,+0.04,44,248424,买盘
14:28:16,56.14,-3.34%,-0.09,84,471801,卖盘
14:28:19,56.14,-3.34%,--,13,76912,卖盘
14:28:22,56.15,-3.32%,+0.01,14,83046,买盘
14:28:28,56.15,-3.32%,--,0,0,卖盘
14:28:31,56.12,-3.37%,-0.03,43,246086,卖盘
14:28:34,56.12,-3.37%,--,24,135754,卖盘
14:28:37,56.16,-3.31%,+0.04,2,11232,卖盘
14:28:39,56.16,-3.31%,--,8,50319,卖盘
14:28:43,56.14,-3.34%,-0.02,21,120589,卖盘
14:28:46,56.14,-3.34%,--,2,15888,卖盘
14:28:49,56.12,-3.37%,-0.02,10,56120,卖盘
14:28:52,56.12,-3.37%,--,9,52248,卖盘
14:28:55,56.1,-3.41%,-0.02,6,36016,卖盘
14:28:55,56.1,-3.41%,--,6,36016,中性盘
14:28:58,56.12,-3.37%,+0.02,2,11224,买盘
14:29:01,56.1,-3.41%,-0.02,4,26423,卖盘
14:29:04,56.09,-3.43%,-0.01,17,100177,卖盘
14:29:07,56.11,-3.39%,+0.02,4,26091,买盘
14:29:10,56.05,-3.50%,-0.06,12,67260,卖盘
14:29:13,56.05,-3.50%,--,15,87494,卖盘
14:29:16,56.07,-3.46%,+0.02,11,61677,中性盘
14:29:19,56.03,-3.53%,-0.04,61,345033,卖盘
14:29:22,56.03,-3.53%,--,63,353605,卖盘
14:29:25,56.14,-3.34%,+0.11,5,30989,买盘
14:29:28,56.05,-3.50%,-0.09,2,13900,卖盘
14:29:31,56.05,-3.50%,--,24,135193,卖盘
14:29:34,56.05,-3.50%,--,52,293029,卖盘
14:29:37,56.05,-3.50%,--,6,33630,卖盘
14:29:40,56.06,-3.48%,+0.01,116,655622,买盘
14:29:43,56.06,-3.48%,--,82,463448,卖盘
14:29:46,56.06,-3.48%,--,57,319542,卖盘
14:29:49,56.05,-3.50%,-0.01,60,337589,卖盘
14:29:55,56.16,-3.31%,+0.11,26,148150,买盘
14:29:58,56.04,-3.51%,-0.12,14,83836,卖盘
14:30:01,56.04,-3.51%,--,38,213400,卖盘
14:30:04,56.06,-3.48%,+0.02,4,22480,买盘
14:30:07,56.02,-3.55%,-0.04,17,97419,卖盘
14:30:10,56.01,-3.56%,-0.01,27,155596,卖盘
14:30:13,56.0,-3.58%,-0.01,87,490224,卖盘
14:30:19,56.02,-3.55%,+0.02,249,1399492,中性盘
14:30:22,55.95,-3.67%,-0.07,112,626920,卖盘
14:30:25,55.94,-3.68%,-0.01,41,230864,中性盘
14:30:28,56.0,-3.58%,+0.06,161,904064,买盘
14:30:31,55.97,-3.63%,-0.03,83,465950,卖盘
14:30:34,55.96,-3.65%,-0.01,22,124791,卖盘
14:30:37,55.92,-3.72%,-0.04,64,362026,卖盘
14:30:40,55.92,-3.72%,--,73,411795,买盘
14:30:43,55.92,-3.72%,--,113,633741,卖盘
14:30:46,55.96,-3.65%,+0.04,23,129380,买盘
14:30:49,55.91,-3.74%,-0.05,38,217658,卖盘
14:30:52,55.9,-3.75%,-0.01,14,81949,卖盘
14:30:55,55.88,-3.79%,-0.02,23,131039,卖盘
14:30:58,55.9,-3.75%,+0.02,16,94918,卖盘
14:31:04,55.96,-3.65%,+0.06,23,132961,买盘
14:31:07,55.85,-3.84%,-0.11,6,38760,卖盘
14:31:10,55.96,-3.65%,+0.11,16,94628,买盘
14:31:13,55.91,-3.74%,-0.05,22,124847,卖盘
14:31:16,55.92,-3.72%,+0.01,6,38249,中性盘
14:31:19,55.92,-3.72%,--,43,241407,卖盘
14:31:22,55.92,-3.72%,--,36,204052,买盘
14:31:25,55.92,-3.72%,--,55,311251,卖盘
14:31:28,55.96,-3.65%,+0.04,27,155737,中性盘
14:31:31,55.93,-3.70%,-0.03,137,769373,卖盘
14:31:34,55.95,-3.67%,+0.02,35,199126,中性盘
14:31:37,55.95,-3.67%,--,26,146309,卖盘
14:31:40,56.04,-3.51%,+0.09,32,183027,买盘
14:31:43,55.96,-3.65%,-0.08,27,154226,卖盘
14:31:46,55.96,-3.65%,--,87,487188,卖盘
14:31:49,55.98,-3.62%,+0.02,8,45400,中性盘
14:31:52,55.95,-3.67%,-0.03,11,65685,卖盘
14:31:55,55.95,-3.67%,--,0,0,卖盘
14:31:58,55.95,-3.67%,--,7,42074,卖盘
14:32:01,55.95,-3.67%,--,6,34801,卖盘
14:32:07,55.98,-3.62%,+0.03,10,56820,买盘
14:32:10,55.97,-3.63%,-0.01,5,29664,买盘
14:32:13,55.96,-3.65%,-0.01,4,25798,卖盘
14:32:19,55.98,-3.62%,+0.02,44,250175,买盘
14:32:22,55.96,-3.65%,-0.02,2,15389,卖盘
14:32:22,55.96,-3.65%,--,2,15389,中性盘
14:32:25,55.96,-3.65%,--,0,0,卖盘
14:32:31,55.97,-3.63%,+0.01,2,11194,卖盘
14:32:34,55.97,-3.63%,--,8,48806,卖盘
14:32:37,55.99,-3.60%,+0.02,30,168698,买盘
14:32:40,55.99,-3.60%,--,2,12038,卖盘
14:32:43,55.99,-3.60%,--,9,53862,卖盘
14:32:49,56.0,-3.58%,+0.01,63,356664,买盘
14:32:55,56.01,-3.56%,+0.01,2,11202,卖盘
14:32:58,56.03,-3.53%,+0.02,28,161534,买盘
14:33:04,56.05,-3.50%,+0.02,26,147692,买盘
14:33:10,56.2,-3.24%,+0.15,10,56200,买盘
14:33:13,56.06,-3.48%,-0.14,18,101413,卖盘
14:33:16,56.07,-3.46%,+0.01,2,15083,卖盘
14:33:19,56.08,-3.44%,+0.01,31,179288,卖盘
14:33:22,56.1,-3.41%,+0.02,18,104346,中性盘
14:33:25,56.1,-3.41%,--,16,90826,中性盘
14:33:28,56.07,-3.46%,-0.03,39,224056,卖盘
14:33:31,56.08,-3.44%,+0.01,2,11216,买盘
14:33:34,56.19,-3.25%,+0.11,54,303426,买盘
14:33:37,56.18,-3.27%,-0.01,10,56967,买盘
14:33:40,56.1,-3.41%,-0.08,33,187711,中性盘
14:33:43,56.1,-3.41%,--,25,140531,卖盘
14:33:48,56.09,-3.43%,-0.01,2,11218,卖盘
14:33:52,56.08,-3.44%,-0.01,5,28040,买盘
14:33:55,56.08,-3.44%,--,0,673,买盘
14:33:58,56.1,-3.41%,+0.02,5,28050,买盘
14:34:01,56.08,-3.44%,-0.02,15,85634,卖盘
14:34:04,56.07,-3.46%,-0.01,2,14859,卖盘
14:34:07,56.08,-3.44%,+0.01,4,22432,买盘
14:34:10,56.08,-3.44%,--,2,11216,买盘
14:34:13,56.08,-3.44%,--,27,152201,买盘
14:34:16,56.08,-3.44%,--,8,49911,买盘
14:34:19,56.1,-3.41%,+0.02,44,250374,买盘
14:34:22,56.1,-3.41%,--,19,110966,卖盘
14:34:28,56.1,-3.41%,--,36,201960,买盘
14:34:31,56.11,-3.39%,+0.01,14,81135,买盘
14:34:34,56.14,-3.34%,+0.03,2,11228,买盘
14:34:37,56.16,-3.31%,+0.02,23,132201,买盘
14:34:40,56.16,-3.31%,--,11,64416,买盘
14:34:43,56.13,-3.36%,-0.03,48,270434,卖盘
14:34:46,56.22,-3.20%,+0.09,24,134928,买盘
14:34:49,56.13,-3.36%,-0.09,37,209758,卖盘
14:34:52,56.13,-3.36%,--,47,264092,卖盘
14:34:55,56.13,-3.36%,--,4,22452,卖盘
14:34:58,56.22,-3.20%,+0.09,52,292344,买盘
14:35:01,56.14,-3.34%,-0.08,36,202104,中性盘
14:35:04,56.11,-3.39%,-0.03,2,13354,卖盘
14:35:07,56.13,-3.36%,+0.02,9,55962,买盘
14:35:10,56.22,-3.20%,+0.09,107,603803,买盘
14:35:13,56.12,-3.37%,-0.1,5,33223,卖盘
14:35:16,56.13,-3.36%,+0.01,13,74148,中性盘
14:35:19,56.17,-3.29%,+0.04,16,90658,买盘
14:35:22,56.1,-3.41%,-0.07,7,39270,买盘
14:35:25,56.1,-3.41%,--,0,4039,买盘
14:35:28,56.21,-3.22%,+0.11,18,103258,买盘
14:35:31,56.08,-3.44%,-0.13,105,588840,卖盘
14:35:34,56.1,-3.41%,+0.02,9,54529,卖盘
14:35:40,56.1,-3.41%,--,28,158258,卖盘
14:35:46,56.08,-3.44%,-0.02,14,83167,卖盘
14:35:49,56.21,-3.22%,+0.13,2,11242,买盘
14:35:49,56.21,-3.22%,-0.13,2,11242,中性盘
14:35:52,56.08,-3.44%,-0.13,8,47612,卖盘
14:35:58,56.2,-3.24%,+0.12,2,11240,中性盘
14:36:01,56.2,-3.24%,--,0,0,买盘
14:36:04,56.08,-3.44%,-0.12,11,65389,卖盘
14:36:13,56.08,-3.44%,-0.01,10,60735,卖盘
14:36:16,56.08,-3.44%,--,0,0,卖盘
14:36:19,56.1,-3.41%,+0.02,46,258509,卖盘
14:36:22,56.1,-3.41%,--,73,411381,卖盘
14:36:25,56.11,-3.39%,+0.01,38,216192,买盘
14:36:28,56.09,-3.43%,-0.02,18,103206,卖盘
14:36:31,56.09,-3.43%,--,0,0,卖盘
14:36:34,56.1,-3.41%,+0.01,13,76689,卖盘
14:36:37,56.17,-3.29%,+0.07,23,131831,买盘
14:36:43,56.08,-3.44%,-0.09,36,202112,卖盘
14:36:46,56.09,-3.43%,+0.01,2,11218,中性盘
14:36:49,56.04,-3.51%,-0.05,221,1239100,卖盘
14:36:52,56.02,-3.55%,-0.02,22,125821,卖盘
14:36:55,56.04,-3.51%,+0.02,19,106476,中性盘
14:36:58,56.1,-3.41%,+0.06,2,11220,买盘
14:37:01,56.1,-3.41%,--,0,0,买盘
14:37:04,56.1,-3.41%,--,43,244820,买盘
14:37:07,56.02,-3.55%,-0.08,81,457459,中性盘
14:37:10,56.06,-3.48%,+0.04,20,112288,买盘
14:37:19,56.06,-3.48%,--,10,61554,卖盘
14:37:22,56.09,-3.43%,+0.03,8,44872,买盘
14:37:25,56.05,-3.50%,-0.04,31,176501,卖盘
14:37:31,56.08,-3.44%,+0.03,26,149397,买盘
14:37:34,56.06,-3.48%,-0.02,76,427794,卖盘
14:37:37,56.06,-3.48%,--,16,94181,卖盘
14:37:40,56.08,-3.44%,+0.02,16,92756,中性盘
14:37:43,56.07,-3.46%,-0.01,14,80797,卖盘
14:37:46,56.06,-3.48%,-0.01,36,204058,卖盘
14:37:49,56.05,-3.50%,-0.01,35,198137,卖盘
14:37:52,56.02,-3.55%,-0.03,7,41511,卖盘
14:38:01,56.08,-3.44%,+0.06,15,87541,买盘
14:38:04,56.11,-3.39%,+0.03,0,505,卖盘
14:38:10,56.01,-3.56%,-0.1,54,302454,卖盘
14:38:13,56.01,-3.56%,--,3,18371,卖盘
14:38:16,56.02,-3.55%,+0.01,3,16806,卖盘
14:38:19,56.02,-3.55%,--,0,0,卖盘
14:38:22,56.02,-3.55%,--,48,271921,卖盘
14:38:25,56.03,-3.53%,+0.01,13,76817,中性盘
14:38:31,56.03,-3.53%,--,7,44488,买盘
14:38:34,56.08,-3.44%,+0.05,5,28993,买盘
14:38:37,56.05,-3.50%,-0.03,2,11210,卖盘
14:38:40,56.05,-3.50%,--,49,276887,卖盘
14:38:43,56.05,-3.50%,--,0,0,卖盘
14:38:46,56.1,-3.41%,+0.05,8,46956,买盘
14:38:49,56.07,-3.46%,-0.03,32,184022,卖盘
14:38:52,56.0,-3.58%,-0.07,155,873488,卖盘
14:38:55,56.0,-3.58%,--,8,46928,卖盘
14:39:04,56.0,-3.58%,--,28,159880,卖盘
14:39:07,56.07,-3.46%,+0.07,18,103225,买盘
14:39:10,56.07,-3.46%,--,0,0,买盘
14:39:13,56.0,-3.58%,-0.07,26,150920,卖盘
14:39:13,56.0,-3.58%,--,26,150920,中性盘
14:39:25,56.0,-3.58%,--,114,639072,卖盘
14:39:28,56.0,-3.58%,--,14,78400,卖盘
14:39:31,56.0,-3.58%,--,1,5600,卖盘
14:39:34,55.99,-3.60%,-0.01,16,93783,卖盘
14:39:37,55.98,-3.62%,-0.01,116,653343,卖盘
14:39:40,56.0,-3.58%,+0.02,4,22400,买盘
14:39:43,56.0,-3.58%,--,9,52248,买盘
14:39:46,56.0,-3.58%,--,6,33880,卖盘
14:39:49,56.0,-3.58%,--,24,135744,卖盘
14:39:52,55.98,-3.62%,-0.02,2,11196,卖盘
14:39:55,55.98,-3.62%,--,44,247656,中性盘
14:39:58,55.98,-3.62%,--,2,11196,卖盘
14:40:01,55.97,-3.63%,-0.01,30,168078,卖盘
14:40:04,55.95,-3.67%,-0.02,25,145078,卖盘
14:40:07,55.97,-3.63%,+0.02,45,256455,卖盘
14:40:10,55.97,-3.63%,--,4,24123,买盘
14:40:13,55.95,-3.67%,-0.02,3,16785,卖盘
14:40:16,55.95,-3.67%,--,38,216862,卖盘
14:40:19,55.94,-3.68%,-0.01,31,174141,卖盘
14:40:25,55.94,-3.68%,--,2,11188,卖盘
14:40:37,55.92,-3.72%,-0.02,84,470958,卖盘
14:40:40,55.95,-3.67%,+0.03,16,89520,买盘
14:40:43,55.94,-3.68%,-0.01,37,210838,中性盘
14:40:49,55.93,-3.70%,-0.01,8,44744,卖盘
14:40:52,55.93,-3.70%,--,15,88258,卖盘
14:40:55,55.92,-3.72%,-0.01,29,165915,卖盘
14:40:58,55.94,-3.68%,+0.02,14,81225,买盘
14:41:01,55.92,-3.72%,-0.02,23,128616,卖盘
14:41:04,55.9,-3.75%,-0.02,88,496392,卖盘
14:41:07,55.9,-3.75%,--,10,59757,买盘
14:41:10,55.9,-3.75%,--,18,102632,买盘
14:41:13,55.9,-3.75%,--,48,273407,卖盘
14:41:19,55.92,-3.72%,+0.02,10,57821,买盘
14:41:22,55.88,-3.79%,-0.04,67,378978,卖盘
14:41:28,55.89,-3.77%,+0.01,102,570581,买盘
14:41:31,55.88,-3.79%,-0.01,49,276550,卖盘
14:41:34,55.9,-3.75%,+0.02,66,370170,买盘
14:41:37,55.92,-3.72%,+0.02,17,99034,买盘
14:41:40,55.91,-3.74%,-0.01,13,73298,中性盘
14:41:43,55.91,-3.74%,--,0,0,买盘
14:41:46,55.89,-3.77%,-0.02,6,33813,中性盘
14:41:49,55.89,-3.77%,--,17,99596,卖盘
14:41:52,55.88,-3.79%,-0.01,130,730184,卖盘
14:41:55,55.88,-3.79%,--,14,79294,卖盘
14:41:58,55.91,-3.74%,+0.03,8,48754,卖盘
14:42:01,55.93,-3.70%,+0.02,19,111133,买盘
14:42:07,55.91,-3.74%,-0.02,1,7156,卖盘
14:42:10,55.89,-3.77%,-0.02,15,87356,卖盘
14:42:13,55.91,-3.74%,+0.02,10,59209,买盘
14:42:16,55.88,-3.79%,-0.03,41,232964,卖盘
14:42:19,55.88,-3.79%,--,35,196865,卖盘
14:42:22,55.87,-3.81%,-0.01,65,365725,卖盘
14:42:25,55.9,-3.75%,+0.03,2,11180,卖盘
14:42:28,55.87,-3.81%,-0.03,5,28382,卖盘
14:42:31,55.88,-3.79%,+0.01,12,67056,中性盘
14:42:34,55.88,-3.79%,--,11,62641,买盘
14:42:40,55.86,-3.82%,-0.02,69,388953,卖盘
14:42:43,55.86,-3.82%,--,24,134455,卖盘
14:42:43,55.86,-3.82%,--,24,134455,中性盘
14:42:46,55.87,-3.81%,+0.01,81,456626,买盘
14:42:49,55.87,-3.81%,--,34,194986,卖盘
14:42:52,55.88,-3.79%,+0.01,4,24308,中性盘
14:42:55,55.9,-3.75%,+0.02,2,14981,买盘
14:42:58,55.9,-3.75%,--,7,40472,买盘
14:43:04,55.91,-3.74%,+0.01,35,198536,买盘
14:43:07,55.91,-3.74%,--,31,176452,买盘
14:43:10,55.9,-3.75%,-0.01,20,117334,卖盘
14:43:13,55.89,-3.77%,-0.01,77,431191,卖盘
14:43:16,55.9,-3.75%,+0.01,12,71496,买盘
14:43:19,55.91,-3.74%,+0.01,13,72683,买盘
14:43:25,55.91,-3.74%,--,4,22364,买盘
14:43:28,55.91,-3.74%,--,126,704466,买盘
14:43:31,55.9,-3.75%,-0.01,12,67527,卖盘
14:43:34,55.9,-3.75%,--,35,197271,卖盘
14:43:37,55.91,-3.74%,+0.01,2,11182,买盘
14:43:40,55.9,-3.75%,-0.01,43,243668,卖盘
14:43:43,55.9,-3.75%,--,33,184750,买盘
14:43:49,55.9,-3.75%,--,44,246016,买盘
14:43:52,55.89,-3.77%,-0.01,3,21406,卖盘
14:43:55,55.89,-3.77%,--,25,139725,卖盘
14:43:58,55.88,-3.79%,-0.01,9,50292,卖盘
14:44:01,55.9,-3.75%,+0.02,2,12410,买盘
14:44:04,55.88,-3.79%,-0.02,4,22408,卖盘
14:44:07,55.88,-3.79%,--,0,0,卖盘
14:44:10,55.91,-3.74%,+0.03,28,156995,买盘
14:44:13,55.9,-3.75%,-0.01,9,50813,卖盘
14:44:16,55.9,-3.75%,--,16,94080,卖盘
14:44:19,55.91,-3.74%,+0.01,8,46405,买盘
14:44:22,55.92,-3.72%,+0.01,22,127106,买盘
14:44:25,55.92,-3.72%,--,29,164517,买盘
14:44:28,55.9,-3.75%,-0.02,32,180948,卖盘
14:44:31,55.91,-3.74%,+0.01,4,22755,中性盘
14:44:34,55.92,-3.72%,+0.01,10,60226,卖盘
14:44:37,55.92,-3.72%,--,48,270150,卖盘
14:44:40,55.92,-3.72%,--,11,62686,卖盘
14:44:43,55.92,-3.72%,--,84,470846,卖盘
14:44:46,55.9,-3.75%,-0.02,25,140085,卖盘
14:44:49,55.93,-3.70%,+0.03,31,175117,买盘
14:44:52,55.93,-3.70%,--,11,62138,买盘
14:44:55,55.95,-3.67%,+0.02,81,454426,买盘
14:44:58,55.92,-3.72%,-0.03,6,36516,卖盘
14:45:01,55.95,-3.67%,+0.03,8,44760,买盘
14:45:04,55.93,-3.70%,-0.02,4,24497,卖盘
14:45:07,55.93,-3.70%,--,5,27965,卖盘
14:45:10,55.95,-3.67%,+0.02,9,51474,买盘
14:45:13,55.98,-3.62%,+0.03,6,34372,买盘
14:45:19,55.95,-3.67%,-0.03,2,11190,卖盘
14:45:22,55.98,-3.62%,+0.03,25,145212,买盘
14:45:25,55.93,-3.70%,-0.05,23,129702,卖盘
14:45:28,55.95,-3.67%,+0.02,2,15946,买盘
14:45:31,55.93,-3.70%,-0.02,37,212310,卖盘
14:45:34,55.93,-3.70%,--,30,172544,买盘
14:45:37,55.91,-3.74%,-0.02,14,79672,卖盘
14:45:40,55.91,-3.74%,--,4,23594,卖盘
14:45:43,55.91,-3.74%,--,10,58370,卖盘
14:45:49,55.92,-3.72%,+0.01,16,90087,买盘
14:45:52,55.93,-3.70%,+0.01,13,74499,买盘
14:45:55,55.92,-3.72%,-0.01,9,54410,中性盘
14:45:58,55.92,-3.72%,--,55,311363,买盘
14:46:01,55.91,-3.74%,-0.01,51,287769,买盘
14:46:04,55.9,-3.75%,-0.01,17,95310,卖盘
14:46:10,55.91,-3.74%,+0.01,20,115678,买盘
14:46:10,55.91,-3.74%,--,20,115678,中性盘
14:46:13,55.91,-3.74%,--,6,33826,买盘
14:46:16,55.89,-3.77%,-0.02,128,718690,卖盘
14:46:19,55.92,-3.72%,+0.03,12,67104,买盘
14:46:22,55.92,-3.72%,--,12,67104,买盘
14:46:25,55.93,-3.70%,+0.01,123,691463,买盘
14:46:31,55.92,-3.72%,-0.01,61,344076,卖盘
14:46:34,55.94,-3.68%,+0.02,8,44752,中性盘
14:46:37,55.94,-3.68%,--,20,112495,买盘
14:46:40,55.93,-3.70%,-0.01,4,27350,买盘
14:46:43,55.89,-3.77%,-0.04,31,175047,卖盘
14:46:46,55.91,-3.74%,+0.02,4,25160,买盘
14:46:49,55.9,-3.75%,-0.01,33,185420,卖盘
14:46:52,55.9,-3.75%,--,32,182458,卖盘
14:46:55,55.9,-3.75%,--,26,145787,卖盘
14:46:58,55.9,-3.75%,--,31,178377,买盘
14:47:01,55.9,-3.75%,--,24,136843,买盘
14:47:04,55.89,-3.77%,-0.01,2,13302,卖盘
14:47:07,55.89,-3.77%,--,3,20791,卖盘
14:47:10,55.9,-3.75%,+0.01,4,22360,买盘
14:47:13,55.9,-3.75%,--,21,119794,买盘
14:47:16,55.89,-3.77%,-0.01,7,42532,卖盘
14:47:19,55.89,-3.77%,--,2,11178,卖盘
14:47:22,55.9,-3.75%,+0.01,26,148974,买盘
14:47:25,55.9,-3.75%,--,47,265525,买盘
14:47:28,55.89,-3.77%,-0.01,5,32696,卖盘
14:47:31,55.9,-3.75%,+0.01,27,154675,买盘
14:47:34,55.94,-3.68%,+0.04,26,147010,买盘
14:47:37,55.94,-3.68%,--,40,225438,卖盘
14:47:40,55.95,-3.67%,+0.01,12,72623,买盘
14:47:43,55.95,-3.67%,--,16,90863,买盘
14:47:46,55.99,-3.60%,+0.04,6,35442,买盘
14:47:49,55.95,-3.67%,-0.04,81,456664,卖盘
14:47:52,55.94,-3.68%,-0.01,5,32893,卖盘
14:47:55,55.95,-3.67%,+0.01,6,35193,买盘
14:47:58,55.95,-3.67%,--,26,148435,买盘
14:48:01,55.95,-3.67%,--,2,11190,买盘
14:48:04,55.95,-3.67%,--,54,305375,买盘
14:48:07,55.95,-3.67%,--,9,54551,买盘
14:48:10,55.97,-3.63%,+0.02,37,210223,卖盘
14:48:13,55.97,-3.63%,--,10,60392,卖盘
14:48:16,55.99,-3.60%,+0.02,13,78162,买盘
14:48:19,55.99,-3.60%,--,31,178496,买盘
14:48:22,55.97,-3.63%,-0.02,28,156716,卖盘
14:48:25,55.95,-3.67%,-0.02,90,506459,卖盘
14:48:28,55.95,-3.67%,--,55,309795,卖盘
14:48:31,55.94,-3.68%,-0.01,4,27467,卖盘
14:48:34,55.95,-3.67%,+0.01,12,71672,买盘
14:48:37,55.94,-3.68%,-0.01,21,119376,卖盘
14:48:40,55.93,-3.70%,-0.01,27,151962,卖盘
14:48:43,55.95,-3.67%,+0.02,7,44312,买盘
14:48:46,55.95,-3.67%,--,8,49460,买盘
14:48:49,55.92,-3.72%,-0.03,19,107143,卖盘
14:48:52,55.91,-3.74%,-0.01,2,11182,卖盘
14:48:55,55.92,-3.72%,+0.01,79,446298,买盘
14:48:58,55.91,-3.74%,-0.01,34,190150,卖盘
14:49:01,55.92,-3.72%,+0.01,79,444732,买盘
14:49:04,55.92,-3.72%,--,54,306442,买盘
14:49:07,55.92,-3.72%,--,2,11184,卖盘
14:49:10,55.97,-3.63%,+0.05,9,52276,买盘
14:49:13,55.98,-3.62%,+0.01,62,351163,买盘
14:49:16,55.93,-3.70%,-0.05,23,131883,卖盘
14:49:19,55.92,-3.72%,-0.01,97,545947,卖盘
14:49:22,55.88,-3.79%,-0.04,6,38613,卖盘
14:49:25,55.92,-3.72%,+0.04,7,43394,买盘
14:49:28,55.93,-3.70%,+0.01,4,22372,买盘
14:49:31,55.92,-3.72%,-0.01,4,27065,卖盘
14:49:34,55.92,-3.72%,--,7,39144,买盘
14:49:37,55.9,-3.75%,-0.02,6,36279,卖盘
14:49:37,55.9,-3.75%,--,6,36279,中性盘
14:49:40,55.9,-3.75%,--,2,11180,卖盘
14:49:43,55.92,-3.72%,+0.02,12,67104,买盘
14:49:46,55.9,-3.75%,-0.02,19,106657,卖盘
14:49:49,55.89,-3.77%,-0.01,5,27945,卖盘
14:49:55,55.89,-3.77%,--,8,48513,买盘
14:49:58,55.9,-3.75%,+0.01,10,55900,买盘
14:50:01,55.89,-3.77%,-0.01,11,61758,卖盘
14:50:04,55.89,-3.77%,--,44,247984,卖盘
14:50:07,55.89,-3.77%,--,27,152077,卖盘
14:50:13,55.89,-3.77%,--,2,11178,买盘
14:50:16,55.89,-3.77%,--,8,44880,买盘
14:50:19,55.92,-3.72%,+0.03,39,219206,买盘
14:50:22,55.89,-3.77%,-0.03,59,332378,卖盘
14:50:25,55.87,-3.81%,-0.02,40,228732,卖盘
14:50:28,55.89,-3.77%,+0.02,54,304656,买盘
14:50:31,55.89,-3.77%,--,73,411462,买盘
14:50:34,55.89,-3.77%,--,60,339532,卖盘
14:50:37,55.92,-3.72%,+0.03,2,11184,买盘
14:50:40,55.88,-3.79%,-0.04,72,405130,卖盘
14:50:43,55.87,-3.81%,-0.01,6,35980,卖盘
14:50:46,55.92,-3.72%,+0.05,192,1074279,卖盘
14:50:49,55.88,-3.79%,-0.04,28,156799,卖盘
14:50:52,55.89,-3.77%,+0.01,15,88865,卖盘
14:50:55,55.93,-3.70%,+0.04,2,11186,卖盘
14:50:58,55.89,-3.77%,-0.04,32,180469,卖盘
14:51:01,55.98,-3.62%,+0.09,12,72102,买盘
14:51:04,55.98,-3.62%,--,44,248943,卖盘
14:51:07,55.89,-3.77%,-0.09,22,124523,卖盘
14:51:10,55.97,-3.63%,+0.08,22,127724,买盘
14:51:13,55.98,-3.62%,+0.01,23,130545,买盘
14:51:16,56.0,-3.58%,+0.02,203,1140160,买盘
14:51:19,56.1,-3.41%,+0.1,45,254021,买盘
14:51:22,56.0,-3.58%,-0.1,3,16912,卖盘
14:51:25,56.06,-3.48%,+0.06,12,67272,卖盘
14:51:28,55.99,-3.60%,-0.07,8,44792,卖盘
14:51:31,56.1,-3.41%,+0.11,18,101597,买盘
14:51:34,56.1,-3.41%,--,4,27040,买盘
14:51:37,56.1,-3.41%,--,2,11220,买盘
14:51:40,56.01,-3.56%,-0.09,4,24084,卖盘
14:51:43,56.09,-3.43%,+0.08,4,22436,买盘
14:51:46,56.09,-3.43%,--,0,0,买盘
14:51:49,56.06,-3.48%,-0.03,13,78204,中性盘
14:51:52,56.05,-3.50%,-0.01,24,137547,卖盘
14:51:55,56.05,-3.50%,--,4,26344,卖盘
14:51:58,56.05,-3.50%,--,4,22420,卖盘
14:52:01,56.04,-3.51%,-0.01,8,48643,卖盘
14:52:04,56.09,-3.43%,+0.05,3,17164,买盘
14:52:07,56.05,-3.50%,-0.04,18,101731,卖盘
14:52:10,56.05,-3.50%,--,6,33854,买盘
14:52:13,56.05,-3.50%,--,7,39235,买盘
14:52:16,56.05,-3.50%,--,8,44840,买盘
14:52:19,56.05,-3.50%,--,21,118266,买盘
14:52:22,56.01,-3.56%,-0.04,44,247060,卖盘
14:52:25,56.01,-3.56%,--,4,23580,卖盘
14:52:28,56.01,-3.56%,--,34,191330,卖盘
14:52:31,56.0,-3.58%,-0.01,51,287112,卖盘
14:52:34,56.0,-3.58%,--,2,11200,卖盘
14:52:37,56.0,-3.58%,--,8,49280,卖盘
14:52:40,56.0,-3.58%,--,10,56000,买盘
14:52:43,55.99,-3.60%,-0.01,9,50391,卖盘
14:52:46,56.0,-3.58%,+0.01,128,717024,买盘
14:52:49,55.97,-3.63%,-0.03,66,374103,卖盘
14:52:52,55.97,-3.63%,--,9,53563,卖盘
14:52:55,55.97,-3.63%,--,2,11194,卖盘
14:52:58,55.98,-3.62%,+0.01,2,11196,卖盘
14:53:01,55.98,-3.62%,--,19,106978,中性盘
14:53:04,56.02,-3.55%,+0.04,43,242230,买盘
14:53:04,56.02,-3.55%,--,43,242230,中性盘
14:53:07,56.03,-3.53%,+0.01,31,178063,买盘
14:53:10,55.97,-3.63%,-0.06,45,252705,卖盘
14:53:13,55.98,-3.62%,+0.01,29,164189,买盘
14:53:16,55.98,-3.62%,--,17,97517,卖盘
14:53:19,55.98,-3.62%,--,9,52061,买盘
14:53:22,55.98,-3.62%,--,49,279284,买盘
14:53:25,55.91,-3.74%,-0.07,16,91133,卖盘
14:53:28,55.91,-3.74%,--,7,43051,卖盘
14:53:31,55.91,-3.74%,--,40,223808,买盘
14:53:34,55.93,-3.70%,+0.02,6,36858,买盘
14:53:37,55.92,-3.72%,-0.01,37,208917,卖盘
14:53:40,55.92,-3.72%,--,28,160882,卖盘
14:53:43,55.98,-3.62%,+0.06,35,201192,买盘
14:53:46,55.97,-3.63%,-0.01,7,42761,中性盘
14:53:49,55.97,-3.63%,--,2,11194,买盘
14:53:52,55.91,-3.74%,-0.06,25,140670,卖盘
14:53:55,55.94,-3.68%,+0.03,8,48332,中性盘
14:53:58,55.91,-3.74%,-0.03,37,208321,卖盘
14:54:01,55.9,-3.75%,-0.01,28,158197,卖盘
14:54:04,55.91,-3.74%,+0.01,19,110255,买盘
14:54:07,55.93,-3.70%,+0.02,9,50952,卖盘
14:54:10,55.94,-3.68%,+0.01,23,128662,买盘
14:54:13,55.93,-3.70%,-0.01,13,73604,卖盘
14:54:16,55.94,-3.68%,+0.01,2,11188,买盘
14:54:19,55.91,-3.74%,-0.03,56,318519,卖盘
14:54:22,55.91,-3.74%,--,12,67316,买盘
14:54:25,55.92,-3.72%,+0.01,21,122800,买盘
14:54:28,55.9,-3.75%,-0.02,21,120241,卖盘
14:54:31,55.92,-3.72%,+0.02,4,22368,中性盘
14:54:34,55.9,-3.75%,-0.02,46,257420,卖盘
14:54:37,55.92,-3.72%,+0.02,16,92548,买盘
14:54:40,55.9,-3.75%,-0.02,6,34155,卖盘
14:54:43,55.89,-3.77%,-0.01,2,11178,卖盘
14:54:46,55.9,-3.75%,+0.01,4,27167,买盘
14:54:49,55.9,-3.75%,--,11,63726,买盘
14:54:52,55.9,-3.75%,--,70,393983,买盘
14:54:55,55.87,-3.81%,-0.03,56,318180,卖盘
14:54:58,55.86,-3.82%,-0.01,2,15417,卖盘
14:55:01,55.86,-3.82%,--,13,73288,卖盘
14:55:04,55.87,-3.81%,+0.01,12,70955,买盘
14:55:07,55.87,-3.81%,--,37,210630,卖盘
14:55:10,55.87,-3.81%,--,0,0,卖盘
14:55:13,55.9,-3.75%,+0.03,17,95701,买盘
14:55:16,55.91,-3.74%,+0.01,140,784250,中性盘
14:55:19,55.92,-3.72%,+0.01,662,3702295,买盘
14:55:22,55.91,-3.74%,-0.01,23,133178,卖盘
14:55:25,55.91,-3.74%,--,0,0,卖盘
14:55:28,55.92,-3.72%,+0.01,6,36068,卖盘
14:55:31,55.97,-3.63%,+0.05,0,728,买盘
14:55:34,55.99,-3.60%,+0.02,2,11198,买盘
14:55:37,55.99,-3.60%,--,2,11198,买盘
14:55:40,55.99,-3.60%,--,2,12094,买盘
14:55:43,55.97,-3.63%,-0.02,19,108358,卖盘
14:55:46,55.99,-3.60%,+0.02,21,118587,买盘
14:55:49,55.96,-3.65%,-0.03,20,112144,卖盘
14:55:52,55.92,-3.72%,-0.04,18,101886,卖盘
14:55:55,55.99,-3.60%,+0.07,11,62205,买盘
14:55:58,55.99,-3.60%,--,0,0,买盘
14:56:01,55.93,-3.70%,-0.06,4,26567,卖盘
14:56:04,55.99,-3.60%,+0.06,42,235606,买盘
14:56:07,55.98,-3.62%,-0.01,33,184734,中性盘
14:56:10,55.93,-3.70%,-0.05,11,61747,中性盘
14:56:13,55.93,-3.70%,--,0,0,卖盘
14:56:16,55.94,-3.68%,+0.01,10,55940,卖盘
14:56:19,55.96,-3.65%,+0.02,8,44768,买盘
14:56:22,55.93,-3.70%,-0.03,44,251461,卖盘
14:56:25,55.9,-3.75%,-0.03,105,591254,卖盘
14:56:28,55.9,-3.75%,--,17,98216,买盘
14:56:31,55.9,-3.75%,--,5,27950,买盘
14:56:31,55.9,-3.75%,--,5,27950,中性盘
14:56:34,55.9,-3.75%,--,101,569397,买盘
14:56:37,55.9,-3.75%,--,12,70937,买盘
14:56:40,55.97,-3.63%,+0.07,13,73377,买盘
14:56:43,55.9,-3.75%,-0.07,47,265413,卖盘
14:56:46,55.92,-3.72%,+0.02,15,83880,中性盘
14:56:49,55.97,-3.63%,+0.05,11,62183,买盘
14:56:55,55.99,-3.60%,+0.02,41,234542,买盘
14:56:58,55.97,-3.63%,-0.02,2,11194,中性盘
14:57:04,55.97,-3.63%,--,0,0,中性盘
14:59:19,55.97,-3.63%,--,0,0,买盘
15:00:00,56.0,-3.58%,+0.03,1063,5956944,买盘
15:00:00,56.0,-3.58%,--,0,0,卖盘
