股票简称,日期,10日净买入率总和,买入率总和增速
大宏立,2023-08-21,0.1577,7.844155844155843
大宏立,2023-08-18,0.028300000000000002,7.844155844155843
大宏立,2023-07-17,0.0102,7.844155844155843
大宏立,2023-07-14,0.0144,7.844155844155843
大宏立,2023-07-13,0.0173,7.844155844155843
大宏立,2023-07-12,0.0154,7.844155844155843
大宏立,2023-08-23,0.1362,7.844155844155843
天晟新材,2023-07-14,0.0147,5.376712328767123
天晟新材,2023-07-13,0.0108,5.376712328767123
天晟新材,2023-07-12,0.0146,5.376712328767123
天晟新材,2023-08-23,0.0931,5.376712328767123
天晟新材,2023-08-21,0.0784,5.376712328767123
天晟新材,2023-08-18,0.015,5.376712328767123
天晟新材,2023-08-16,0.09939999999999999,5.376712328767123
天晟新材,2023-07-19,0.019799999999999998,5.376712328767123
天晟新材,2023-08-15,0.08289999999999999,5.376712328767123
宏景科技,2023-07-27,0.028300000000000002,4.454545454545454
宏景科技,2023-08-15,0.0827,4.454545454545454
宏景科技,2023-08-23,0.06,4.454545454545454
宏景科技,2023-08-21,0.1058,4.454545454545454
宏景科技,2023-07-26,0.0351,4.454545454545454
宏景科技,2023-08-16,0.08220000000000001,4.454545454545454
宏景科技,2023-08-18,0.0421,4.454545454545454
宏景科技,2023-08-14,0.0789,4.454545454545454
宏景科技,2023-07-20,0.011000000000000001,4.454545454545454
宏景科技,2023-07-28,0.0226,4.454545454545454
宏景科技,2023-07-24,0.0521,4.454545454545454
太平洋,2023-08-21,0.0703,4.131386861313868
太平洋,2023-08-23,0.0703,4.131386861313868
太平洋,2023-08-16,0.0742,4.131386861313868
太平洋,2023-08-15,0.0622,4.131386861313868
太平洋,2023-08-14,0.04019999999999999,4.131386861313868
太平洋,2023-08-11,0.0711,4.131386861313868
太平洋,2023-08-10,0.0137,4.131386861313868
太平洋,2023-08-18,0.1056,4.131386861313868
港通医疗,2023-08-23,0.0751,3.753164556962025
港通医疗,2023-08-21,0.0158,3.753164556962025
金杨股份,2023-08-16,0.0443,3.0642201834862384
金杨股份,2023-08-15,0.0414,3.0642201834862384
金杨股份,2023-08-14,0.0455,3.0642201834862384
金杨股份,2023-08-11,0.0672,3.0642201834862384
金杨股份,2023-08-10,0.0109,3.0642201834862384
银之杰,2023-08-14,0.045700000000000005,2.554455445544555
银之杰,2023-08-15,0.044800000000000006,2.554455445544555
银之杰,2023-08-04,0.044199999999999996,2.554455445544555
银之杰,2023-08-03,0.014199999999999999,2.554455445544555
银之杰,2023-07-28,0.0101,2.554455445544555
银之杰,2023-08-09,0.0527,2.554455445544555
银之杰,2023-08-10,0.0625,2.554455445544555
银之杰,2023-08-11,0.0625,2.554455445544555
银之杰,2023-08-08,0.043,2.554455445544555
银之杰,2023-08-07,0.0454,2.554455445544555
银之杰,2023-08-16,0.057699999999999994,2.554455445544555
银之杰,2023-08-18,0.047,2.554455445544555
银之杰,2023-08-21,0.0359,2.554455445544555
艾布鲁,2023-08-18,0.013999999999999999,2.508064516129032
艾布鲁,2023-07-12,0.0124,2.508064516129032
艾布鲁,2023-08-23,0.0435,2.508064516129032
艾布鲁,2023-08-21,0.031400000000000004,2.508064516129032
佳云科技,2023-08-10,0.044199999999999996,2.4803149606299213
佳云科技,2023-08-09,0.0132,2.4803149606299213
佳云科技,2023-08-08,0.010700000000000001,2.4803149606299213
佳云科技,2023-08-07,0.0127,2.4803149606299213
佳云科技,2023-08-04,0.0127,2.4803149606299213
华骐环保,2023-07-27,0.016200000000000003,2.3960396039603964
华骐环保,2023-07-26,0.015300000000000001,2.3960396039603964
华骐环保,2023-07-19,0.0101,2.3960396039603964
华骐环保,2023-07-31,0.010700000000000001,2.3960396039603964
华骐环保,2023-08-21,0.018000000000000002,2.3960396039603964
华骐环保,2023-08-23,0.034300000000000004,2.3960396039603964
华骐环保,2023-07-28,0.011000000000000001,2.3960396039603964
星源卓镁,2023-08-11,0.015600000000000001,2.2796610169491527
星源卓镁,2023-08-14,0.0387,2.2796610169491527
星源卓镁,2023-08-01,0.0118,2.2796610169491527
宝丽迪,2023-07-26,0.0105,2.269565217391304
宝丽迪,2023-08-15,0.037599999999999995,2.269565217391304
宝丽迪,2023-07-13,0.0115,2.269565217391304
宝丽迪,2023-07-14,0.0115,2.269565217391304
宝丽迪,2023-07-19,0.013500000000000002,2.269565217391304
宝丽迪,2023-07-17,0.0105,2.269565217391304
汇隆新材,2023-08-15,0.0265,2.2586206896551726
汇隆新材,2023-08-16,0.0208,2.2586206896551726
汇隆新材,2023-08-14,0.013000000000000001,2.2586206896551726
汇隆新材,2023-08-18,0.032,2.2586206896551726
汇隆新材,2023-08-21,0.039900000000000005,2.2586206896551726
汇隆新材,2023-08-23,0.0378,2.2586206896551726
汇隆新材,2023-08-02,0.0116,2.2586206896551726
弘业期货,2023-08-15,0.07690000000000001,2.230769230769231
弘业期货,2023-08-02,0.013000000000000001,2.230769230769231
弘业期货,2023-08-21,0.042,2.230769230769231
弘业期货,2023-08-18,0.06860000000000001,2.230769230769231
弘业期货,2023-08-16,0.0732,2.230769230769231
弘业期货,2023-07-28,0.013000000000000001,2.230769230769231
弘业期货,2023-08-14,0.0683,2.230769230769231
弘业期货,2023-08-11,0.1476,2.230769230769231
弘业期货,2023-08-10,0.1452,2.230769230769231
弘业期货,2023-08-01,0.0116,2.230769230769231
弘业期货,2023-08-03,0.04190000000000001,2.230769230769231
弘业期货,2023-08-04,0.13019999999999998,2.230769230769231
弘业期货,2023-08-07,0.1305,2.230769230769231
弘业期货,2023-08-08,0.1305,2.230769230769231
弘业期货,2023-08-09,0.13,2.230769230769231
君逸数码,2023-08-09,0.1311,2.1339950372208434
君逸数码,2023-08-10,0.1052,2.1339950372208434
君逸数码,2023-08-11,0.1402,2.1339950372208434
君逸数码,2023-08-14,0.1986,2.1339950372208434
君逸数码,2023-08-23,0.1263,2.1339950372208434
君逸数码,2023-08-15,0.1438,2.1339950372208434
君逸数码,2023-08-08,0.11320000000000001,2.1339950372208434
君逸数码,2023-07-26,0.0403,2.1339950372208434
君逸数码,2023-08-16,0.1953,2.1339950372208434
君逸数码,2023-08-04,0.099,2.1339950372208434
君逸数码,2023-08-03,0.0762,2.1339950372208434
君逸数码,2023-08-02,0.0466,2.1339950372208434
君逸数码,2023-08-01,0.0466,2.1339950372208434
君逸数码,2023-08-21,0.1263,2.1339950372208434
君逸数码,2023-07-31,0.0466,2.1339950372208434
君逸数码,2023-07-28,0.0394,2.1339950372208434
君逸数码,2023-08-18,0.1491,2.1339950372208434
君逸数码,2023-07-27,0.0649,2.1339950372208434
君逸数码,2023-08-07,0.1365,2.1339950372208434
建科股份,2023-07-28,0.0109,2.031496062992126
建科股份,2023-07-12,0.0127,2.031496062992126
建科股份,2023-07-27,0.0358,2.031496062992126
建科股份,2023-07-13,0.0176,2.031496062992126
建科股份,2023-07-14,0.0215,2.031496062992126
建科股份,2023-07-17,0.0148,2.031496062992126
建科股份,2023-07-19,0.0165,2.031496062992126
建科股份,2023-08-23,0.0385,2.031496062992126
建科股份,2023-08-21,0.0181,2.031496062992126
建科股份,2023-07-26,0.013999999999999999,2.031496062992126
信达证券,2023-08-23,0.039,1.9999999999999996
信达证券,2023-08-18,0.013000000000000001,1.9999999999999996
信达证券,2023-08-16,0.013000000000000001,1.9999999999999996
信达证券,2023-08-21,0.0125,1.9999999999999996
神州数码,2023-08-15,0.0626,1.9460784313725488
神州数码,2023-08-07,0.0204,1.9460784313725488
神州数码,2023-08-11,0.0509,1.9460784313725488
神州数码,2023-08-10,0.05,1.9460784313725488
神州数码,2023-08-09,0.0451,1.9460784313725488
神州数码,2023-08-16,0.0641,1.9460784313725488
神州数码,2023-08-18,0.0683,1.9460784313725488
神州数码,2023-08-21,0.067,1.9460784313725488
神州数码,2023-08-23,0.0601,1.9460784313725488
神州数码,2023-08-14,0.06709999999999999,1.9460784313725488
神州数码,2023-08-08,0.018600000000000002,1.9460784313725488
彩蝶实业,2023-08-16,0.0352,1.9176136363636362
彩蝶实业,2023-08-18,0.06570000000000001,1.9176136363636362
彩蝶实业,2023-08-23,0.1027,1.9176136363636362
彩蝶实业,2023-08-21,0.10980000000000001,1.9176136363636362
天力锂能,2023-08-10,0.1362,1.7459016393442628
天力锂能,2023-08-11,0.1686,1.7459016393442628
天力锂能,2023-08-14,0.19870000000000002,1.7459016393442628
天力锂能,2023-08-15,0.19190000000000002,1.7459016393442628
天力锂能,2023-08-16,0.19190000000000002,1.7459016393442628
天力锂能,2023-08-23,0.134,1.7459016393442628
天力锂能,2023-08-09,0.09720000000000001,1.7459016393442628
天力锂能,2023-07-20,0.0466,1.7459016393442628
天力锂能,2023-07-26,0.0259,1.7459016393442628
天力锂能,2023-07-27,0.0155,1.7459016393442628
天力锂能,2023-08-08,0.050499999999999996,1.7459016393442628
天力锂能,2023-08-07,0.0255,1.7459016393442628
天力锂能,2023-08-02,0.013300000000000001,1.7459016393442628
天力锂能,2023-08-01,0.0326,1.7459016393442628
天力锂能,2023-07-31,0.0125,1.7459016393442628
天力锂能,2023-07-28,0.0137,1.7459016393442628
天力锂能,2023-08-21,0.1343,1.7459016393442628
天力锂能,2023-07-24,0.0276,1.7459016393442628
天力锂能,2023-07-21,0.0378,1.7459016393442628
天力锂能,2023-08-18,0.1975,1.7459016393442628
天力锂能,2023-07-19,0.048799999999999996,1.7459016393442628
中兰环保,2023-07-12,0.0116,1.7068965517241383
中兰环保,2023-08-23,0.031400000000000004,1.7068965517241383
中兰环保,2023-08-21,0.0311,1.7068965517241383
中兰环保,2023-07-26,0.0171,1.7068965517241383
中兰环保,2023-07-17,0.018799999999999997,1.7068965517241383
深圳瑞捷,2023-08-21,0.0571,1.6999999999999997
深圳瑞捷,2023-08-23,0.048600000000000004,1.6999999999999997
深圳瑞捷,2023-08-18,0.0297,1.6999999999999997
深圳瑞捷,2023-07-24,0.018000000000000002,1.6999999999999997
金埔园林,2023-07-21,0.04019999999999999,1.6964285714285716
金埔园林,2023-07-13,0.016,1.6964285714285716
金埔园林,2023-08-23,0.0453,1.6964285714285716
金埔园林,2023-08-21,0.0398,1.6964285714285716
金埔园林,2023-07-12,0.0168,1.6964285714285716
金埔园林,2023-08-16,0.0132,1.6964285714285716
金埔园林,2023-07-26,0.0182,1.6964285714285716
金埔园林,2023-07-24,0.0139,1.6964285714285716
金埔园林,2023-08-18,0.0248,1.6964285714285716
金埔园林,2023-07-20,0.0116,1.6964285714285716
金埔园林,2023-07-19,0.011200000000000002,1.6964285714285716
智莱科技,2023-08-09,0.0197,1.6824324324324325
智莱科技,2023-07-31,0.0109,1.6824324324324325
智莱科技,2023-07-19,0.0103,1.6824324324324325
智莱科技,2023-07-12,0.0148,1.6824324324324325
智莱科技,2023-08-14,0.0397,1.6824324324324325
智莱科技,2023-08-10,0.0147,1.6824324324324325
锦龙股份,2023-08-21,0.036699999999999997,1.6574074074074074
锦龙股份,2023-08-11,0.054299999999999994,1.6574074074074074
锦龙股份,2023-08-23,0.0287,1.6574074074074074
锦龙股份,2023-08-18,0.0409,1.6574074074074074
锦龙股份,2023-08-16,0.047,1.6574074074074074
锦龙股份,2023-08-15,0.0436,1.6574074074074074
锦龙股份,2023-08-09,0.0329,1.6574074074074074
锦龙股份,2023-08-08,0.0322,1.6574074074074074
锦龙股份,2023-08-07,0.027200000000000002,1.6574074074074074
锦龙股份,2023-08-04,0.0184,1.6574074074074074
锦龙股份,2023-08-14,0.044000000000000004,1.6574074074074074
锦龙股份,2023-08-10,0.054299999999999994,1.6574074074074074
锦龙股份,2023-08-03,0.0108,1.6574074074074074
卓创资讯,2023-08-16,0.030699999999999998,1.5993485342019547
卓创资讯,2023-08-23,0.07980000000000001,1.5993485342019547
卓创资讯,2023-08-21,0.0438,1.5993485342019547
卓创资讯,2023-08-18,0.030699999999999998,1.5993485342019547
中南建设,2023-07-24,0.012199999999999999,1.598360655737705
中南建设,2023-08-03,0.0317,1.598360655737705
中南建设,2023-08-02,0.0235,1.598360655737705
中南建设,2023-08-01,0.0379,1.598360655737705
中南建设,2023-07-31,0.0554,1.598360655737705
中南建设,2023-07-28,0.0305,1.598360655737705
中南建设,2023-07-27,0.021400000000000002,1.598360655737705
中南建设,2023-07-26,0.0229,1.598360655737705
盛帮股份,2023-07-12,0.0118,1.5593220338983054
盛帮股份,2023-08-23,0.0302,1.5593220338983054
慧博云通,2023-08-15,0.056900000000000006,1.4420600858369101
慧博云通,2023-08-10,0.045,1.4420600858369101
慧博云通,2023-08-11,0.045,1.4420600858369101
慧博云通,2023-08-14,0.045,1.4420600858369101
慧博云通,2023-08-09,0.0204,1.4420600858369101
慧博云通,2023-07-28,0.0233,1.4420600858369101
南宁百货,2023-07-31,0.022799999999999997,1.407766990291262
南宁百货,2023-08-02,0.0248,1.407766990291262
南宁百货,2023-07-28,0.018000000000000002,1.407766990291262
南宁百货,2023-07-27,0.011399999999999999,1.407766990291262
南宁百货,2023-07-26,0.0166,1.407766990291262
南宁百货,2023-07-24,0.010700000000000001,1.407766990291262
南宁百货,2023-07-20,0.014199999999999999,1.407766990291262
南宁百货,2023-08-01,0.0151,1.407766990291262
南宁百货,2023-07-21,0.013000000000000001,1.407766990291262
南宁百货,2023-07-19,0.0103,1.407766990291262
华新环保,2023-07-26,0.0682,1.3899521531100483
华新环保,2023-08-21,0.1057,1.3899521531100483
华新环保,2023-08-18,0.035,1.3899521531100483
华新环保,2023-07-27,0.0397,1.3899521531100483
华新环保,2023-07-24,0.0219,1.3899521531100483
华新环保,2023-07-21,0.0352,1.3899521531100483
华新环保,2023-07-17,0.0418,1.3899521531100483
华新环保,2023-07-19,0.054400000000000004,1.3899521531100483
华新环保,2023-07-20,0.033,1.3899521531100483
华新环保,2023-08-23,0.0999,1.3899521531100483
宝地矿业,2023-08-01,0.0246,1.3883495145631066
宝地矿业,2023-07-28,0.0169,1.3883495145631066
宝地矿业,2023-07-27,0.0116,1.3883495145631066
宝地矿业,2023-07-26,0.0103,1.3883495145631066
宏昌科技,2023-08-21,0.0294,1.31304347826087
宏昌科技,2023-08-23,0.053200000000000004,1.31304347826087
宏昌科技,2023-07-27,0.023,1.31304347826087
康芝药业,2023-08-11,0.0131,1.3129770992366407
康芝药业,2023-08-14,0.0176,1.3129770992366407
康芝药业,2023-08-15,0.0239,1.3129770992366407
康芝药业,2023-08-16,0.030299999999999997,1.3129770992366407
新天地,2023-08-10,0.032400000000000005,1.281690140845071
新天地,2023-08-09,0.014199999999999999,1.281690140845071
春雪食品,2023-08-01,0.0124,1.1683168316831685
春雪食品,2023-08-02,0.010700000000000001,1.1683168316831685
春雪食品,2023-08-03,0.0219,1.1683168316831685
春雪食品,2023-07-31,0.0101,1.1683168316831685
建霖家居,2023-07-17,0.016399999999999998,1.1470588235294117
建霖家居,2023-07-14,0.014199999999999999,1.1470588235294117
建霖家居,2023-07-13,0.0134,1.1470588235294117
建霖家居,2023-07-12,0.0102,1.1470588235294117
建霖家居,2023-07-20,0.0219,1.1470588235294117
建霖家居,2023-07-19,0.0219,1.1470588235294117
我爱我家,2023-08-04,0.0218,1.1372549019607843
我爱我家,2023-08-03,0.0279,1.1372549019607843
我爱我家,2023-07-26,0.0102,1.1372549019607843
我爱我家,2023-08-02,0.0282,1.1372549019607843
我爱我家,2023-08-01,0.0225,1.1372549019607843
我爱我家,2023-07-27,0.015700000000000002,1.1372549019607843
我爱我家,2023-07-28,0.026000000000000002,1.1372549019607843
我爱我家,2023-07-31,0.0329,1.1372549019607843
国中水务,2023-07-26,0.013500000000000002,1.126984126984127
国中水务,2023-07-31,0.0268,1.126984126984127
国中水务,2023-07-28,0.016,1.126984126984127
国中水务,2023-07-27,0.015,1.126984126984127
国中水务,2023-07-19,0.0126,1.126984126984127
国中水务,2023-07-21,0.0154,1.126984126984127
美芯晟,2023-07-12,0.0104,1.0961538461538463
美芯晟,2023-08-15,0.0218,1.0961538461538463
美芯晟,2023-08-14,0.0182,1.0961538461538463
美芯晟,2023-08-11,0.0179,1.0961538461538463
美芯晟,2023-08-10,0.013999999999999999,1.0961538461538463
美芯晟,2023-08-08,0.016200000000000003,1.0961538461538463
美芯晟,2023-08-07,0.0171,1.0961538461538463
溯联股份,2023-07-21,0.0358,1.0754189944134076
溯联股份,2023-07-24,0.0424,1.0754189944134076
溯联股份,2023-07-26,0.0632,1.0754189944134076
溯联股份,2023-07-27,0.07429999999999999,1.0754189944134076
新晨科技,2023-08-18,0.021099999999999997,1.068627450980392
新晨科技,2023-08-07,0.0102,1.068627450980392
新晨科技,2023-08-16,0.015,1.068627450980392
金迪克,2023-08-07,0.030899999999999997,1.067307692307692
金迪克,2023-08-04,0.023399999999999997,1.067307692307692
金迪克,2023-08-08,0.0215,1.067307692307692
金迪克,2023-08-03,0.0176,1.067307692307692
金迪克,2023-07-31,0.0104,1.067307692307692
金迪克,2023-08-01,0.0131,1.067307692307692
金迪克,2023-08-02,0.0176,1.067307692307692
嘉曼服饰,2023-07-26,0.0438,1.0467289719626165
嘉曼服饰,2023-07-12,0.021400000000000002,1.0467289719626165
嘉曼服饰,2023-07-13,0.0146,1.0467289719626165
嘉曼服饰,2023-07-20,0.0187,1.0467289719626165
嘉曼服饰,2023-07-21,0.049,1.0467289719626165
嘉曼服饰,2023-07-24,0.0168,1.0467289719626165
中国武夷,2023-07-26,0.0187,1.0365853658536586
中国武夷,2023-08-01,0.0334,1.0365853658536586
中国武夷,2023-07-31,0.025699999999999997,1.0365853658536586
中国武夷,2023-07-28,0.0254,1.0365853658536586
中国武夷,2023-07-27,0.028399999999999998,1.0365853658536586
中国武夷,2023-07-21,0.016399999999999998,1.0365853658536586
益客食品,2023-07-21,0.023,1.0175438596491229
益客食品,2023-07-20,0.0102,1.0175438596491229
益客食品,2023-07-13,0.0144,1.0175438596491229
益客食品,2023-07-12,0.011399999999999999,1.0175438596491229
达嘉维康,2023-08-14,0.0311,1.0
达嘉维康,2023-08-11,0.0304,1.0
达嘉维康,2023-08-16,0.054900000000000004,1.0
达嘉维康,2023-08-15,0.0632,1.0
达嘉维康,2023-07-27,0.0149,1.0
金力泰,2023-07-19,0.0246,1.0
金力泰,2023-07-14,0.0285,1.0
金力泰,2023-07-13,0.0116,1.0
金力泰,2023-07-27,0.0316,1.0
达嘉维康,2023-08-18,0.054900000000000004,1.0
金力泰,2023-07-20,0.0337,1.0
金力泰,2023-07-26,0.0366,1.0
金力泰,2023-07-24,0.0366,1.0
金力泰,2023-07-21,0.0275,1.0
达嘉维康,2023-08-09,0.0118,1.0
金力泰,2023-07-17,0.021,1.0
达嘉维康,2023-08-23,0.0298,1.0
金力泰,2023-07-28,0.0223,1.0
金力泰,2023-07-31,0.026600000000000002,1.0
达嘉维康,2023-08-21,0.027000000000000003,1.0
金力泰,2023-08-01,0.0232,1.0
三五互联,2023-08-10,0.0108,0.9902912621359221
三五互联,2023-08-15,0.020499999999999997,0.9902912621359221
三五互联,2023-08-07,0.0103,0.9902912621359221
三五互联,2023-08-08,0.0104,0.9902912621359221
三五互联,2023-08-14,0.018500000000000003,0.9902912621359221
三五互联,2023-08-11,0.010700000000000001,0.9902912621359221
三五互联,2023-08-09,0.0175,0.9902912621359221
福莱新材,2023-07-13,0.0155,0.9870967741935484
福莱新材,2023-08-08,0.028900000000000002,0.9870967741935484
福莱新材,2023-08-23,0.0308,0.9870967741935484
福莱新材,2023-08-10,0.024399999999999998,0.9870967741935484
福莱新材,2023-08-09,0.0165,0.9870967741935484
福莱新材,2023-07-17,0.04,0.9870967741935484
福莱新材,2023-08-07,0.021,0.9870967741935484
福莱新材,2023-08-04,0.045899999999999996,0.9870967741935484
福莱新材,2023-07-14,0.0292,0.9870967741935484
福莱新材,2023-07-20,0.0248,0.9870967741935484
福莱新材,2023-07-19,0.0302,0.9870967741935484
福莱新材,2023-07-28,0.0696,0.9870967741935484
福莱新材,2023-08-03,0.056100000000000004,0.9870967741935484
福莱新材,2023-08-02,0.0799,0.9870967741935484
福莱新材,2023-08-01,0.0799,0.9870967741935484
福莱新材,2023-07-31,0.07769999999999999,0.9870967741935484
福莱新材,2023-07-12,0.0155,0.9870967741935484
福莱新材,2023-07-27,0.0572,0.9870967741935484
福莱新材,2023-07-26,0.0582,0.9870967741935484
福莱新材,2023-07-21,0.026699999999999998,0.9870967741935484
福莱新材,2023-07-24,0.0526,0.9870967741935484
麒麟信安,2023-08-10,0.0348,0.9574468085106382
麒麟信安,2023-08-11,0.0441,0.9574468085106382
麒麟信安,2023-08-14,0.0644,0.9574468085106382
麒麟信安,2023-08-15,0.0574,0.9574468085106382
麒麟信安,2023-08-16,0.0574,0.9574468085106382
麒麟信安,2023-08-23,0.046,0.9574468085106382
麒麟信安,2023-08-18,0.046900000000000004,0.9574468085106382
麒麟信安,2023-08-09,0.0268,0.9574468085106382
麒麟信安,2023-07-12,0.0235,0.9574468085106382
麒麟信安,2023-07-13,0.034300000000000004,0.9574468085106382
麒麟信安,2023-08-21,0.0518,0.9574468085106382
麒麟信安,2023-07-14,0.0265,0.9574468085106382
远翔新材,2023-07-19,0.0202,0.9516908212560387
远翔新材,2023-07-12,0.0207,0.9516908212560387
远翔新材,2023-07-14,0.031200000000000002,0.9516908212560387
远翔新材,2023-07-13,0.013000000000000001,0.9516908212560387
远翔新材,2023-07-17,0.0202,0.9516908212560387
远翔新材,2023-08-21,0.0363,0.9516908212560387
远翔新材,2023-08-18,0.015300000000000001,0.9516908212560387
远翔新材,2023-08-23,0.0404,0.9516908212560387
拓山重工,2023-07-13,0.045700000000000005,0.9199999999999997
拓山重工,2023-07-26,0.061900000000000004,0.9199999999999997
拓山重工,2023-07-27,0.0429,0.9199999999999997
拓山重工,2023-07-28,0.0184,0.9199999999999997
拓山重工,2023-07-21,0.042199999999999994,0.9199999999999997
拓山重工,2023-07-12,0.0475,0.9199999999999997
拓山重工,2023-07-20,0.07440000000000001,0.9199999999999997
拓山重工,2023-07-31,0.021099999999999997,0.9199999999999997
拓山重工,2023-08-01,0.0323,0.9199999999999997
拓山重工,2023-08-02,0.012,0.9199999999999997
拓山重工,2023-08-07,0.015600000000000001,0.9199999999999997
拓山重工,2023-08-08,0.022099999999999998,0.9199999999999997
拓山重工,2023-08-10,0.0229,0.9199999999999997
拓山重工,2023-08-11,0.050499999999999996,0.9199999999999997
拓山重工,2023-08-14,0.0729,0.9199999999999997
拓山重工,2023-08-15,0.0434,0.9199999999999997
拓山重工,2023-08-16,0.0516,0.9199999999999997
拓山重工,2023-08-18,0.0767,0.9199999999999997
拓山重工,2023-08-21,0.09369999999999999,0.9199999999999997
拓山重工,2023-08-23,0.09119999999999999,0.9199999999999997
拓山重工,2023-07-19,0.0559,0.9199999999999997
拓山重工,2023-07-17,0.061900000000000004,0.9199999999999997
拓山重工,2023-07-14,0.047,0.9199999999999997
拓山重工,2023-07-24,0.0339,0.9199999999999997
华远地产,2023-08-18,0.0233,0.9098360655737707
华远地产,2023-07-21,0.012199999999999999,0.9098360655737707
华远地产,2023-08-16,0.0281,0.9098360655737707
铜峰电子,2023-07-12,0.014499999999999999,0.903448275862069
铜峰电子,2023-08-15,0.0276,0.903448275862069
铜峰电子,2023-08-14,0.035699999999999996,0.903448275862069
铜峰电子,2023-08-11,0.0271,0.903448275862069
铜峰电子,2023-08-09,0.0219,0.903448275862069
铜峰电子,2023-07-13,0.027999999999999997,0.903448275862069
铜峰电子,2023-08-08,0.0167,0.903448275862069
铜峰电子,2023-08-07,0.019299999999999998,0.903448275862069
铜峰电子,2023-08-10,0.0276,0.903448275862069
西点药业,2023-08-16,0.022799999999999997,0.8999999999999997
西点药业,2023-08-15,0.0311,0.8999999999999997
西点药业,2023-08-11,0.0281,0.8999999999999997
西点药业,2023-08-10,0.0109,0.8999999999999997
西点药业,2023-08-03,0.012,0.8999999999999997
西点药业,2023-08-14,0.0281,0.8999999999999997
野马电池,2023-07-20,0.0178,0.8931297709923662
野马电池,2023-07-19,0.0167,0.8931297709923662
野马电池,2023-07-21,0.0172,0.8931297709923662
野马电池,2023-07-24,0.0225,0.8931297709923662
野马电池,2023-07-26,0.0248,0.8931297709923662
野马电池,2023-07-17,0.016399999999999998,0.8931297709923662
野马电池,2023-07-14,0.0134,0.8931297709923662
野马电池,2023-07-13,0.0179,0.8931297709923662
野马电池,2023-07-12,0.0131,0.8931297709923662
智能自控,2023-07-17,0.0125,0.8879999999999999
智能自控,2023-07-19,0.0438,0.8879999999999999
智能自控,2023-07-20,0.0405,0.8879999999999999
智能自控,2023-07-21,0.021099999999999997,0.8879999999999999
智能自控,2023-07-24,0.0161,0.8879999999999999
智能自控,2023-07-28,0.0236,0.8879999999999999
智能自控,2023-07-26,0.012199999999999999,0.8879999999999999
宿迁联盛,2023-08-23,0.0305,0.8827160493827158
宿迁联盛,2023-08-21,0.016200000000000003,0.8827160493827158
荣盛发展,2023-07-27,0.0349,0.8717948717948716
荣盛发展,2023-07-31,0.07429999999999999,0.8717948717948716
荣盛发展,2023-07-21,0.0649,0.8717948717948716
荣盛发展,2023-07-20,0.0482,0.8717948717948716
荣盛发展,2023-07-26,0.0349,0.8717948717948716
荣盛发展,2023-08-03,0.0653,0.8717948717948716
荣盛发展,2023-08-02,0.0571,0.8717948717948716
荣盛发展,2023-08-01,0.0664,0.8717948717948716
荣盛发展,2023-07-24,0.0425,0.8717948717948716
荣盛发展,2023-08-21,0.0292,0.8717948717948716
荣盛发展,2023-07-19,0.015600000000000001,0.8717948717948716
荣盛发展,2023-07-28,0.0565,0.8717948717948716
荣盛发展,2023-08-18,0.0155,0.8717948717948716
荣盛发展,2023-08-04,0.026600000000000002,0.8717948717948716
荣盛发展,2023-08-07,0.026600000000000002,0.8717948717948716
荣盛发展,2023-08-15,0.0116,0.8717948717948716
巴安水务,2023-07-26,0.013000000000000001,0.8615384615384614
巴安水务,2023-07-27,0.0192,0.8615384615384614
巴安水务,2023-07-28,0.0171,0.8615384615384614
巴安水务,2023-07-31,0.0191,0.8615384615384614
巴安水务,2023-08-23,0.0242,0.8615384615384614
森鹰窗业,2023-07-27,0.024300000000000002,0.8437500000000002
森鹰窗业,2023-07-19,0.023399999999999997,0.8437500000000002
森鹰窗业,2023-07-20,0.024700000000000003,0.8437500000000002
森鹰窗业,2023-07-21,0.015600000000000001,0.8437500000000002
森鹰窗业,2023-08-03,0.030899999999999997,0.8437500000000002
森鹰窗业,2023-07-31,0.0359,0.8437500000000002
森鹰窗业,2023-08-01,0.0359,0.8437500000000002
森鹰窗业,2023-08-08,0.0104,0.8437500000000002
森鹰窗业,2023-08-07,0.011399999999999999,0.8437500000000002
森鹰窗业,2023-08-04,0.020499999999999997,0.8437500000000002
森鹰窗业,2023-08-02,0.051,0.8437500000000002
森鹰窗业,2023-07-17,0.0192,0.8437500000000002
森鹰窗业,2023-08-14,0.0354,0.8437500000000002
森鹰窗业,2023-08-09,0.0232,0.8437500000000002
森鹰窗业,2023-08-10,0.021400000000000002,0.8437500000000002
慈文传媒,2023-07-24,0.0194,0.8301886792452831
慈文传媒,2023-07-21,0.0277,0.8301886792452831
慈文传媒,2023-07-20,0.0326,0.8301886792452831
慈文传媒,2023-07-19,0.0106,0.8301886792452831
洪兴股份,2023-07-26,0.0108,0.824074074074074
洪兴股份,2023-07-28,0.0218,0.824074074074074
洪兴股份,2023-07-31,0.0118,0.824074074074074
洪兴股份,2023-08-01,0.0113,0.824074074074074
洪兴股份,2023-08-18,0.013000000000000001,0.824074074074074
洪兴股份,2023-08-23,0.0197,0.824074074074074
洪兴股份,2023-08-16,0.010700000000000001,0.824074074074074
洪兴股份,2023-08-21,0.026000000000000002,0.824074074074074
圣诺生物,2023-08-01,0.0123,0.7966101694915255
圣诺生物,2023-08-07,0.0173,0.7966101694915255
圣诺生物,2023-08-08,0.0212,0.7966101694915255
圣诺生物,2023-07-28,0.0118,0.7966101694915255
圣诺生物,2023-08-04,0.013500000000000002,0.7966101694915255
圣诺生物,2023-08-03,0.013500000000000002,0.7966101694915255
圣诺生物,2023-08-02,0.0124,0.7966101694915255
圣诺生物,2023-07-31,0.0126,0.7966101694915255
英唐智控,2023-07-12,0.0144,0.7638888888888888
英唐智控,2023-07-13,0.0254,0.7638888888888888
渝开发,2023-07-28,0.0163,0.758928571428571
渝开发,2023-07-27,0.0161,0.758928571428571
渝开发,2023-07-26,0.011200000000000002,0.758928571428571
渝开发,2023-08-01,0.0197,0.758928571428571
渝开发,2023-07-31,0.0161,0.758928571428571
*ST美尚,2023-08-18,0.011200000000000002,0.7499999999999998
*ST美尚,2023-08-21,0.0203,0.7499999999999998
*ST美尚,2023-08-23,0.0196,0.7499999999999998
劲旅环境,2023-08-23,0.0331,0.7421052631578946
劲旅环境,2023-08-21,0.019,0.7421052631578946
严牌股份,2023-08-23,0.0292,0.7380952380952381
严牌股份,2023-07-14,0.016200000000000003,0.7380952380952381
严牌股份,2023-07-12,0.0168,0.7380952380952381
严牌股份,2023-07-13,0.018500000000000003,0.7380952380952381
严牌股份,2023-08-21,0.0209,0.7380952380952381
严牌股份,2023-07-17,0.0166,0.7380952380952381
严牌股份,2023-07-19,0.0204,0.7380952380952381
严牌股份,2023-07-20,0.0148,0.7380952380952381
严牌股份,2023-07-21,0.0139,0.7380952380952381
严牌股份,2023-07-24,0.019,0.7380952380952381
严牌股份,2023-07-26,0.0288,0.7380952380952381
信雅达,2023-08-08,0.0155,0.7328767123287672
信雅达,2023-08-07,0.019,0.7328767123287672
信雅达,2023-08-10,0.0253,0.7328767123287672
信雅达,2023-08-09,0.020499999999999997,0.7328767123287672
信雅达,2023-08-04,0.0146,0.7328767123287672
易联众,2023-08-07,0.0108,0.7314814814814816
易联众,2023-08-09,0.0141,0.7314814814814816
易联众,2023-08-10,0.0187,0.7314814814814816
京能置业,2023-08-03,0.030600000000000002,0.6862745098039214
京能置业,2023-07-28,0.0149,0.6862745098039214
京能置业,2023-07-31,0.016200000000000003,0.6862745098039214
京能置业,2023-08-01,0.0253,0.6862745098039214
京能置业,2023-08-04,0.0252,0.6862745098039214
京能置业,2023-08-02,0.027200000000000002,0.6862745098039214
京能置业,2023-07-27,0.0159,0.6862745098039214
京能置业,2023-08-07,0.0172,0.6862745098039214
京能置业,2023-07-26,0.0102,0.6862745098039214
实朴检测,2023-07-26,0.013300000000000001,0.6698113207547169
实朴检测,2023-07-27,0.0113,0.6698113207547169
实朴检测,2023-08-01,0.0126,0.6698113207547169
实朴检测,2023-07-31,0.0126,0.6698113207547169
实朴检测,2023-07-28,0.0129,0.6698113207547169
实朴检测,2023-07-12,0.0106,0.6698113207547169
实朴检测,2023-08-02,0.0177,0.6698113207547169
神农科技,2023-08-07,0.0212,0.6654411764705881
神农科技,2023-07-20,0.011899999999999999,0.6654411764705881
神农科技,2023-07-19,0.014499999999999999,0.6654411764705881
神农科技,2023-07-21,0.0282,0.6654411764705881
神农科技,2023-08-08,0.026000000000000002,0.6654411764705881
神农科技,2023-08-10,0.0453,0.6654411764705881
神农科技,2023-07-17,0.0282,0.6654411764705881
神农科技,2023-07-14,0.020099999999999996,0.6654411764705881
神农科技,2023-07-13,0.0167,0.6654411764705881
神农科技,2023-07-12,0.027200000000000002,0.6654411764705881
中银绒业,2023-07-28,0.0171,0.6615384615384614
中银绒业,2023-07-31,0.0277,0.6615384615384614
中银绒业,2023-07-21,0.013000000000000001,0.6615384615384614
中银绒业,2023-07-24,0.0108,0.6615384615384614
中银绒业,2023-07-26,0.020499999999999997,0.6615384615384614
中银绒业,2023-07-27,0.021400000000000002,0.6615384615384614
中银绒业,2023-08-01,0.024700000000000003,0.6615384615384614
中银绒业,2023-08-03,0.0216,0.6615384615384614
中银绒业,2023-08-02,0.0176,0.6615384615384614
东方财富,2023-07-28,0.0111,0.6486486486486487
东方财富,2023-08-10,0.0183,0.6486486486486487
东方财富,2023-08-09,0.0123,0.6486486486486487
东方财富,2023-08-04,0.0103,0.6486486486486487
东方财富,2023-08-03,0.0106,0.6486486486486487
联科科技,2023-07-13,0.0194,0.6440677966101696
联科科技,2023-07-12,0.0118,0.6440677966101696
恒生电子,2023-07-31,0.0103,0.6407766990291259
恒生电子,2023-08-04,0.012199999999999999,0.6407766990291259
恒生电子,2023-08-07,0.013300000000000001,0.6407766990291259
恒生电子,2023-08-08,0.013000000000000001,0.6407766990291259
恒生电子,2023-08-09,0.0146,0.6407766990291259
恒生电子,2023-08-10,0.0169,0.6407766990291259
挖金客,2023-08-04,0.0248,0.6370967741935483
挖金客,2023-08-09,0.0406,0.6370967741935483
挖金客,2023-08-08,0.049400000000000006,0.6370967741935483
挖金客,2023-08-07,0.040999999999999995,0.6370967741935483
莱斯信息,2023-07-12,0.0194,0.6237113402061856
莱斯信息,2023-07-14,0.0315,0.6237113402061856
莱斯信息,2023-07-13,0.024900000000000002,0.6237113402061856
天迈科技,2023-08-04,0.0176,0.6146788990825689
天迈科技,2023-08-03,0.0109,0.6146788990825689
天玑科技,2023-08-10,0.024900000000000002,0.6104417670682729
天玑科技,2023-08-11,0.0341,0.6104417670682729
天玑科技,2023-08-14,0.0401,0.6104417670682729
朗坤环境,2023-08-23,0.06509999999999999,0.6074074074074072
朗坤环境,2023-07-17,0.0405,0.6074074074074072
朗坤环境,2023-07-19,0.0452,0.6074074074074072
朗坤环境,2023-07-20,0.051,0.6074074074074072
朗坤环境,2023-07-21,0.0707,0.6074074074074072
朗坤环境,2023-07-24,0.0519,0.6074074074074072
朗坤环境,2023-07-26,0.09390000000000001,0.6074074074074072
朗坤环境,2023-07-27,0.054400000000000004,0.6074074074074072
朗坤环境,2023-07-28,0.032799999999999996,0.6074074074074072
朗坤环境,2023-08-15,0.023700000000000002,0.6074074074074072
朗坤环境,2023-08-21,0.0524,0.6074074074074072
南凌科技,2023-08-07,0.0101,0.6039603960396043
南凌科技,2023-08-14,0.016200000000000003,0.6039603960396043
源飞宠物,2023-08-21,0.0279,0.6037735849056605
源飞宠物,2023-08-18,0.0362,0.6037735849056605
源飞宠物,2023-08-16,0.057699999999999994,0.6037735849056605
源飞宠物,2023-08-15,0.049800000000000004,0.6037735849056605
源飞宠物,2023-08-23,0.017,0.6037735849056605
源飞宠物,2023-08-11,0.0553,0.6037735849056605
源飞宠物,2023-08-10,0.0599,0.6037735849056605
源飞宠物,2023-08-03,0.0492,0.6037735849056605
源飞宠物,2023-08-08,0.0529,0.6037735849056605
源飞宠物,2023-08-07,0.047400000000000005,0.6037735849056605
源飞宠物,2023-08-04,0.053399999999999996,0.6037735849056605
源飞宠物,2023-08-09,0.048,0.6037735849056605
源飞宠物,2023-08-02,0.0377,0.6037735849056605
源飞宠物,2023-07-26,0.0199,0.6037735849056605
源飞宠物,2023-07-21,0.0106,0.6037735849056605
源飞宠物,2023-07-24,0.011200000000000002,0.6037735849056605
源飞宠物,2023-08-01,0.0373,0.6037735849056605
源飞宠物,2023-08-14,0.056900000000000006,0.6037735849056605
源飞宠物,2023-07-31,0.0348,0.6037735849056605
源飞宠物,2023-07-28,0.024300000000000002,0.6037735849056605
源飞宠物,2023-07-27,0.0141,0.6037735849056605
兴业证券,2023-08-09,0.0155,0.5913043478260871
兴业证券,2023-08-07,0.0141,0.5913043478260871
兴业证券,2023-08-04,0.0139,0.5913043478260871
兴业证券,2023-08-03,0.0115,0.5913043478260871
兴业证券,2023-08-08,0.0154,0.5913043478260871
兴业证券,2023-08-10,0.0183,0.5913043478260871
腾景科技,2023-07-20,0.021099999999999997,0.5905511811023623
腾景科技,2023-07-21,0.0141,0.5905511811023623
腾景科技,2023-07-24,0.0192,0.5905511811023623
腾景科技,2023-07-26,0.0202,0.5905511811023623
腾景科技,2023-07-17,0.0127,0.5905511811023623
腾景科技,2023-07-19,0.021,0.5905511811023623
金禄电子,2023-07-13,0.0526,0.5891238670694865
金禄电子,2023-07-12,0.0331,0.5891238670694865
浪潮信息,2023-07-28,0.014499999999999999,0.5862068965517242
浪潮信息,2023-08-07,0.023,0.5862068965517242
浪潮信息,2023-08-04,0.017,0.5862068965517242
联合光电,2023-08-08,0.024300000000000002,0.580152671755725
联合光电,2023-08-09,0.0319,0.580152671755725
联合光电,2023-08-10,0.0348,0.580152671755725
联合光电,2023-08-07,0.0131,0.580152671755725
联合光电,2023-08-18,0.0207,0.580152671755725
联合光电,2023-08-11,0.0421,0.580152671755725
联合光电,2023-08-16,0.0346,0.580152671755725
联合光电,2023-08-15,0.0383,0.580152671755725
联合光电,2023-08-14,0.039900000000000005,0.580152671755725
康力源,2023-07-28,0.0163,0.5705521472392641
康力源,2023-07-31,0.016399999999999998,0.5705521472392641
康力源,2023-08-15,0.0138,0.5705521472392641
康力源,2023-08-16,0.0256,0.5705521472392641
唯捷创芯,2023-08-07,0.0168,0.5648148148148147
唯捷创芯,2023-08-21,0.0163,0.5648148148148147
唯捷创芯,2023-08-18,0.0146,0.5648148148148147
唯捷创芯,2023-08-16,0.014199999999999999,0.5648148148148147
唯捷创芯,2023-08-15,0.0178,0.5648148148148147
唯捷创芯,2023-08-23,0.0169,0.5648148148148147
唯捷创芯,2023-08-08,0.0169,0.5648148148148147
唯捷创芯,2023-08-04,0.0176,0.5648148148148147
唯捷创芯,2023-08-03,0.0139,0.5648148148148147
唯捷创芯,2023-08-14,0.0183,0.5648148148148147
唯捷创芯,2023-08-11,0.0169,0.5648148148148147
唯捷创芯,2023-08-02,0.0108,0.5648148148148147
唯捷创芯,2023-08-09,0.018500000000000003,0.5648148148148147
唯捷创芯,2023-08-10,0.0189,0.5648148148148147
乐心医疗,2023-08-23,0.0199,0.5546875
乐心医疗,2023-08-14,0.0128,0.5546875
乐心医疗,2023-08-15,0.0323,0.5546875
乐心医疗,2023-08-16,0.0298,0.5546875
乐心医疗,2023-08-18,0.0233,0.5546875
乐心医疗,2023-08-21,0.0169,0.5546875
山子股份,2023-08-04,0.0158,0.5490196078431373
山子股份,2023-07-27,0.0178,0.5490196078431373
山子股份,2023-07-26,0.0102,0.5490196078431373
山子股份,2023-07-28,0.021099999999999997,0.5490196078431373
山子股份,2023-07-31,0.0339,0.5490196078431373
山子股份,2023-08-01,0.0294,0.5490196078431373
山子股份,2023-08-02,0.024900000000000002,0.5490196078431373
山子股份,2023-08-03,0.025699999999999997,0.5490196078431373
世纪恒通,2023-07-14,0.0109,0.5412844036697246
世纪恒通,2023-07-19,0.0168,0.5412844036697246
粤宏远A,2023-07-20,0.0154,0.5402298850574714
粤宏远A,2023-07-19,0.0174,0.5402298850574714
粤宏远A,2023-08-02,0.0268,0.5402298850574714
粤宏远A,2023-08-01,0.0258,0.5402298850574714
常青科技,2023-08-16,0.0354,0.5324675324675325
常青科技,2023-08-15,0.0231,0.5324675324675325
善水科技,2023-07-26,0.02,0.5321100917431192
善水科技,2023-07-21,0.0109,0.5321100917431192
善水科技,2023-08-03,0.0167,0.5321100917431192
东华能源,2023-08-16,0.0137,0.5229357798165137
东华能源,2023-08-23,0.0166,0.5229357798165137
东华能源,2023-08-14,0.0109,0.5229357798165137
东华能源,2023-08-15,0.013999999999999999,0.5229357798165137
东华能源,2023-08-18,0.0158,0.5229357798165137
东华能源,2023-08-21,0.0174,0.5229357798165137
弘业股份,2023-08-01,0.0253,0.5203252032520327
弘业股份,2023-08-02,0.0226,0.5203252032520327
弘业股份,2023-08-03,0.0189,0.5203252032520327
弘业股份,2023-08-04,0.0187,0.5203252032520327
弘业股份,2023-07-27,0.0113,0.5203252032520327
弘业股份,2023-07-28,0.0168,0.5203252032520327
弘业股份,2023-07-31,0.0259,0.5203252032520327
弘业股份,2023-07-26,0.0123,0.5203252032520327
中亦科技,2023-08-14,0.0259,0.5117845117845119
中亦科技,2023-08-09,0.0337,0.5117845117845119
中亦科技,2023-08-10,0.0169,0.5117845117845119
中亦科技,2023-08-11,0.0169,0.5117845117845119
中亦科技,2023-08-23,0.0449,0.5117845117845119
中亦科技,2023-08-07,0.0297,0.5117845117845119
中亦科技,2023-08-15,0.018000000000000002,0.5117845117845119
中亦科技,2023-08-16,0.0784,0.5117845117845119
中亦科技,2023-08-08,0.0297,0.5117845117845119
中亦科技,2023-08-18,0.044500000000000005,0.5117845117845119
中亦科技,2023-08-21,0.0731,0.5117845117845119
药易购,2023-07-24,0.0274,0.5109489051094891
药易购,2023-08-14,0.0416,0.5109489051094891
药易购,2023-08-15,0.048600000000000004,0.5109489051094891
药易购,2023-08-16,0.0397,0.5109489051094891
药易购,2023-08-18,0.0245,0.5109489051094891
药易购,2023-08-21,0.0414,0.5109489051094891
药易购,2023-08-11,0.025099999999999997,0.5109489051094891
望变电气,2023-07-12,0.0134,0.5074626865671641
望变电气,2023-07-19,0.0332,0.5074626865671641
望变电气,2023-07-20,0.0181,0.5074626865671641
望变电气,2023-07-24,0.0202,0.5074626865671641
海辰药业,2023-08-01,0.0207,0.5
海辰药业,2023-08-03,0.024700000000000003,0.5
海辰药业,2023-08-02,0.0212,0.5
海辰药业,2023-08-04,0.0154,0.5
海辰药业,2023-07-31,0.020499999999999997,0.5
海辰药业,2023-07-28,0.015,0.5
海辰药业,2023-08-09,0.017,0.5
海辰药业,2023-08-10,0.018799999999999997,0.5
海辰药业,2023-08-11,0.0225,0.5
华夏幸福,2023-07-31,0.0163,0.49541284403669716
华夏幸福,2023-07-24,0.0103,0.49541284403669716
华夏幸福,2023-07-21,0.0109,0.49541284403669716
海科新源,2023-08-21,0.0166,0.48795180722891573
海科新源,2023-08-23,0.024700000000000003,0.48795180722891573
蓝晓科技,2023-08-14,0.0173,0.4850746268656716
蓝晓科技,2023-08-16,0.018000000000000002,0.4850746268656716
蓝晓科技,2023-08-18,0.0208,0.4850746268656716
蓝晓科技,2023-08-21,0.0204,0.4850746268656716
蓝晓科技,2023-08-23,0.0199,0.4850746268656716
蓝晓科技,2023-08-11,0.0143,0.4850746268656716
蓝晓科技,2023-08-15,0.0182,0.4850746268656716
蓝晓科技,2023-08-10,0.0134,0.4850746268656716
珠江股份,2023-08-08,0.0137,0.4841269841269842
珠江股份,2023-07-28,0.0126,0.4841269841269842
珠江股份,2023-08-16,0.0217,0.4841269841269842
珠江股份,2023-08-15,0.0195,0.4841269841269842
珠江股份,2023-08-14,0.0103,0.4841269841269842
珠江股份,2023-07-31,0.0138,0.4841269841269842
珠江股份,2023-08-01,0.013500000000000002,0.4841269841269842
珠江股份,2023-08-02,0.0155,0.4841269841269842
珠江股份,2023-08-03,0.0143,0.4841269841269842
珠江股份,2023-08-04,0.023799999999999998,0.4841269841269842
珠江股份,2023-08-07,0.0212,0.4841269841269842
珠江股份,2023-08-11,0.0113,0.4841269841269842
珠江股份,2023-08-18,0.0187,0.4841269841269842
梦网科技,2023-07-31,0.0537,0.48085106382978715
梦网科技,2023-07-26,0.052300000000000006,0.48085106382978715
梦网科技,2023-07-28,0.0527,0.48085106382978715
梦网科技,2023-07-24,0.045700000000000005,0.48085106382978715
梦网科技,2023-08-01,0.0475,0.48085106382978715
梦网科技,2023-08-02,0.0265,0.48085106382978715
梦网科技,2023-08-03,0.0335,0.48085106382978715
梦网科技,2023-08-04,0.0348,0.48085106382978715
梦网科技,2023-07-21,0.047599999999999996,0.48085106382978715
梦网科技,2023-07-20,0.022799999999999997,0.48085106382978715
梦网科技,2023-07-19,0.022799999999999997,0.48085106382978715
梦网科技,2023-07-17,0.0175,0.48085106382978715
梦网科技,2023-07-27,0.057999999999999996,0.48085106382978715
梦网科技,2023-07-14,0.0235,0.48085106382978715
华鑫股份,2023-08-04,0.015600000000000001,0.4722222222222223
华鑫股份,2023-08-16,0.0159,0.4722222222222223
华鑫股份,2023-07-31,0.0108,0.4722222222222223
华鑫股份,2023-08-01,0.011399999999999999,0.4722222222222223
华鑫股份,2023-08-07,0.028399999999999998,0.4722222222222223
华鑫股份,2023-08-02,0.0152,0.4722222222222223
华鑫股份,2023-08-10,0.026600000000000002,0.4722222222222223
华鑫股份,2023-08-15,0.013300000000000001,0.4722222222222223
华鑫股份,2023-08-14,0.0168,0.4722222222222223
华鑫股份,2023-08-11,0.0241,0.4722222222222223
华鑫股份,2023-08-03,0.0255,0.4722222222222223
华鑫股份,2023-08-09,0.0286,0.4722222222222223
华鑫股份,2023-08-08,0.028399999999999998,0.4722222222222223
华菱钢铁,2023-07-31,0.0319,0.4716981132075473
华菱钢铁,2023-08-01,0.0333,0.4716981132075473
华菱钢铁,2023-08-02,0.032400000000000005,0.4716981132075473
华菱钢铁,2023-08-10,0.015600000000000001,0.4716981132075473
华菱钢铁,2023-08-09,0.0235,0.4716981132075473
华菱钢铁,2023-08-08,0.027200000000000002,0.4716981132075473
华菱钢铁,2023-08-07,0.0255,0.4716981132075473
华菱钢铁,2023-07-28,0.0337,0.4716981132075473
华菱钢铁,2023-08-04,0.0287,0.4716981132075473
华菱钢铁,2023-08-03,0.03,0.4716981132075473
华菱钢铁,2023-07-27,0.0203,0.4716981132075473
华菱钢铁,2023-07-26,0.0137,0.4716981132075473
华菱钢铁,2023-07-13,0.0106,0.4716981132075473
宁波建工,2023-07-26,0.0134,0.4701492537313432
宁波建工,2023-07-31,0.021,0.4701492537313432
宁波建工,2023-08-01,0.0154,0.4701492537313432
宁波建工,2023-08-03,0.0121,0.4701492537313432
宁波建工,2023-08-04,0.0197,0.4701492537313432
东南电子,2023-08-18,0.0462,0.46762589928057574
东南电子,2023-08-10,0.0139,0.46762589928057574
东南电子,2023-08-21,0.0359,0.46762589928057574
东南电子,2023-08-23,0.0204,0.46762589928057574
天元宠物,2023-08-23,0.0154,0.46666666666666656
天元宠物,2023-08-21,0.015700000000000002,0.46666666666666656
天元宠物,2023-08-18,0.0147,0.46666666666666656
天元宠物,2023-08-15,0.020499999999999997,0.46666666666666656
天元宠物,2023-07-31,0.0121,0.46666666666666656
天元宠物,2023-07-24,0.0154,0.46666666666666656
天元宠物,2023-07-20,0.0104,0.46666666666666656
天元宠物,2023-07-19,0.0105,0.46666666666666656
誉衡药业,2023-07-31,0.0105,0.46666666666666656
誉衡药业,2023-08-03,0.0154,0.46666666666666656
天元宠物,2023-08-16,0.0147,0.46666666666666656
盛邦安全,2023-08-21,0.0943,0.4639556377079481
盛邦安全,2023-07-26,0.0541,0.4639556377079481
盛邦安全,2023-08-16,0.0271,0.4639556377079481
盛邦安全,2023-08-23,0.07919999999999999,0.4639556377079481
盛邦安全,2023-08-18,0.0877,0.4639556377079481
兴源环境,2023-08-18,0.0141,0.46099290780141855
兴源环境,2023-08-21,0.0141,0.46099290780141855
兴源环境,2023-08-23,0.0206,0.46099290780141855
华联股份,2023-07-20,0.0128,0.4453125000000002
华联股份,2023-07-27,0.026000000000000002,0.4453125000000002
华联股份,2023-08-01,0.018500000000000003,0.4453125000000002
华联股份,2023-07-31,0.0239,0.4453125000000002
华联股份,2023-07-28,0.030699999999999998,0.4453125000000002
华联股份,2023-07-21,0.0189,0.4453125000000002
华联股份,2023-07-24,0.0177,0.4453125000000002
华联股份,2023-07-26,0.0278,0.4453125000000002
老白干酒,2023-08-02,0.019299999999999998,0.4444444444444444
老白干酒,2023-08-03,0.022400000000000003,0.4444444444444444
老白干酒,2023-08-04,0.0169,0.4444444444444444
老白干酒,2023-07-28,0.0178,0.4444444444444444
老白干酒,2023-07-27,0.011699999999999999,0.4444444444444444
老白干酒,2023-08-01,0.0167,0.4444444444444444
永安期货,2023-08-03,0.0275,0.44324324324324293
永安期货,2023-08-04,0.034,0.44324324324324293
永安期货,2023-08-02,0.0256,0.44324324324324293
永安期货,2023-07-28,0.018500000000000003,0.44324324324324293
永安期货,2023-08-08,0.0282,0.44324324324324293
永安期货,2023-08-10,0.026699999999999998,0.44324324324324293
永安期货,2023-08-09,0.0265,0.44324324324324293
永安期货,2023-07-31,0.0208,0.44324324324324293
永安期货,2023-08-01,0.0231,0.44324324324324293
永安期货,2023-08-07,0.0278,0.44324324324324293
海南椰岛,2023-08-04,0.0176,0.4426229508196724
海南椰岛,2023-08-03,0.0202,0.4426229508196724
海南椰岛,2023-08-02,0.018799999999999997,0.4426229508196724
海南椰岛,2023-08-01,0.0199,0.4426229508196724
海南椰岛,2023-07-28,0.012199999999999999,0.4426229508196724
江阴银行,2023-08-04,0.0178,0.44036697247706447
江阴银行,2023-07-31,0.0109,0.44036697247706447
江阴银行,2023-08-10,0.015700000000000002,0.44036697247706447
江阴银行,2023-08-08,0.0155,0.44036697247706447
江阴银行,2023-08-03,0.0138,0.44036697247706447
江阴银行,2023-08-07,0.0146,0.44036697247706447
江阴银行,2023-08-01,0.013500000000000002,0.44036697247706447
江阴银行,2023-08-09,0.016,0.44036697247706447
江阴银行,2023-08-02,0.0128,0.44036697247706447
欧亚集团,2023-07-20,0.013500000000000002,0.4363636363636363
欧亚集团,2023-07-21,0.0177,0.4363636363636363
药石科技,2023-08-09,0.014199999999999999,0.4363636363636363
欧亚集团,2023-07-28,0.033,0.4363636363636363
药石科技,2023-08-04,0.0102,0.4363636363636363
欧亚集团,2023-07-31,0.0361,0.4363636363636363
药石科技,2023-08-03,0.011000000000000001,0.4363636363636363
药石科技,2023-08-10,0.0158,0.4363636363636363
欧亚集团,2023-08-03,0.0318,0.4363636363636363
欧亚集团,2023-08-01,0.0373,0.4363636363636363
欧亚集团,2023-08-02,0.035699999999999996,0.4363636363636363
欧亚集团,2023-08-04,0.0258,0.4363636363636363
欧亚集团,2023-07-24,0.020099999999999996,0.4363636363636363
欧亚集团,2023-07-12,0.011000000000000001,0.4363636363636363
欧亚集团,2023-08-07,0.0202,0.4363636363636363
欧亚集团,2023-08-08,0.0158,0.4363636363636363
欧亚集团,2023-07-27,0.0292,0.4363636363636363
欧亚集团,2023-07-26,0.0255,0.4363636363636363
深水海纳,2023-08-23,0.0197,0.42753623188405787
深水海纳,2023-08-21,0.0101,0.42753623188405787
深水海纳,2023-07-28,0.0134,0.42753623188405787
深水海纳,2023-07-27,0.0138,0.42753623188405787
多瑞医药,2023-08-11,0.0199,0.4214285714285717
多瑞医药,2023-07-12,0.013999999999999999,0.4214285714285717
多瑞医药,2023-07-13,0.015,0.4214285714285717
多瑞医药,2023-07-14,0.0101,0.4214285714285717
百济神州,2023-07-27,0.0101,0.415841584158416
百济神州,2023-07-28,0.0143,0.415841584158416
大智慧,2023-08-02,0.0128,0.4140625
大智慧,2023-08-10,0.0181,0.4140625
甬矽电子,2023-07-21,0.051,0.412742382271468
甬矽电子,2023-07-20,0.016200000000000003,0.412742382271468
甬矽电子,2023-07-19,0.0361,0.412742382271468
华曙高科,2023-07-28,0.0286,0.40594059405940586
华曙高科,2023-07-13,0.0101,0.40594059405940586
华曙高科,2023-07-19,0.061500000000000006,0.40594059405940586
华曙高科,2023-07-20,0.0484,0.40594059405940586
华曙高科,2023-07-21,0.026099999999999998,0.40594059405940586
华曙高科,2023-07-24,0.0275,0.40594059405940586
华曙高科,2023-07-26,0.0387,0.40594059405940586
华曙高科,2023-07-27,0.0356,0.40594059405940586
华曙高科,2023-07-17,0.061500000000000006,0.40594059405940586
华曙高科,2023-07-14,0.0315,0.40594059405940586
华曙高科,2023-07-31,0.014199999999999999,0.40594059405940586
中银证券,2023-08-10,0.0177,0.4047619047619049
中银证券,2023-08-09,0.016,0.4047619047619049
中银证券,2023-08-07,0.0132,0.4047619047619049
中银证券,2023-08-04,0.0126,0.4047619047619049
中银证券,2023-08-08,0.014199999999999999,0.4047619047619049
格林精密,2023-07-17,0.018500000000000003,0.40384615384615397
格林精密,2023-07-14,0.0104,0.40384615384615397
格林精密,2023-07-19,0.0168,0.40384615384615397
格林精密,2023-07-20,0.0146,0.40384615384615397
得利斯,2023-07-31,0.011699999999999999,0.4017094017094016
得利斯,2023-08-03,0.016399999999999998,0.4017094017094016
北方国际,2023-08-02,0.0132,0.39393939393939403
北方国际,2023-08-09,0.013500000000000002,0.39393939393939403
北方国际,2023-08-10,0.0125,0.39393939393939403
北方国际,2023-08-11,0.013500000000000002,0.39393939393939403
北方国际,2023-08-08,0.015,0.39393939393939403
北方国际,2023-08-07,0.015600000000000001,0.39393939393939403
北方国际,2023-08-14,0.0184,0.39393939393939403
北方国际,2023-08-03,0.015600000000000001,0.39393939393939403
北方国际,2023-08-04,0.015600000000000001,0.39393939393939403
冠捷科技,2023-08-07,0.0147,0.3867924528301887
冠捷科技,2023-08-03,0.0116,0.3867924528301887
冠捷科技,2023-08-02,0.0207,0.3867924528301887
冠捷科技,2023-08-01,0.0202,0.3867924528301887
冠捷科技,2023-07-31,0.0106,0.3867924528301887
冠捷科技,2023-08-04,0.013999999999999999,0.3867924528301887
广宇集团,2023-07-27,0.0161,0.375
广宇集团,2023-08-02,0.0254,0.375
广宇集团,2023-08-04,0.0194,0.375
广宇集团,2023-07-28,0.0163,0.375
广宇集团,2023-07-31,0.021,0.375
广宇集团,2023-08-01,0.0227,0.375
广宇集团,2023-08-07,0.0143,0.375
广宇集团,2023-08-03,0.0254,0.375
广宇集团,2023-07-26,0.0115,0.375
广宇集团,2023-07-24,0.0104,0.375
国力股份,2023-07-13,0.0213,0.3706896551724139
国力股份,2023-07-12,0.0116,0.3706896551724139
国力股份,2023-07-20,0.0159,0.3706896551724139
国力股份,2023-07-19,0.0161,0.3706896551724139
国力股份,2023-07-17,0.0218,0.3706896551724139
国力股份,2023-07-14,0.023,0.3706896551724139
亚香股份,2023-07-26,0.0108,0.37037037037037046
亚香股份,2023-07-28,0.0148,0.37037037037037046
首开股份,2023-08-07,0.0139,0.3627450980392155
首开股份,2023-07-27,0.0102,0.3627450980392155
首开股份,2023-07-28,0.013600000000000001,0.3627450980392155
首开股份,2023-07-31,0.0215,0.3627450980392155
首开股份,2023-08-01,0.022000000000000002,0.3627450980392155
首开股份,2023-08-04,0.0178,0.3627450980392155
首开股份,2023-08-02,0.0242,0.3627450980392155
首开股份,2023-08-03,0.0265,0.3627450980392155
天键股份,2023-08-14,0.0106,0.35849056603773577
天键股份,2023-08-15,0.0111,0.35849056603773577
天键股份,2023-08-18,0.0144,0.35849056603773577
祖名股份,2023-07-28,0.0174,0.357142857142857
祖名股份,2023-07-31,0.0151,0.357142857142857
祖名股份,2023-08-01,0.016200000000000003,0.357142857142857
祖名股份,2023-08-02,0.0183,0.357142857142857
祖名股份,2023-08-03,0.019299999999999998,0.357142857142857
祖名股份,2023-08-04,0.0152,0.357142857142857
祖名股份,2023-07-27,0.011200000000000002,0.357142857142857
科顺股份,2023-08-01,0.010700000000000001,0.35483870967741926
科顺股份,2023-07-31,0.0124,0.35483870967741926
科顺股份,2023-08-02,0.0168,0.35483870967741926
永辉超市,2023-07-31,0.0105,0.35238095238095224
永辉超市,2023-08-01,0.014199999999999999,0.35238095238095224
赛恩斯,2023-08-21,0.0134,0.35074626865671643
赛恩斯,2023-08-23,0.0181,0.35074626865671643
通达创智,2023-07-13,0.0722,0.34251968503937014
通达创智,2023-07-12,0.0508,0.34251968503937014
通达创智,2023-08-16,0.0301,0.34251968503937014
通达创智,2023-08-15,0.0394,0.34251968503937014
通达创智,2023-08-23,0.0682,0.34251968503937014
通达创智,2023-07-19,0.022400000000000003,0.34251968503937014
通达创智,2023-08-21,0.07629999999999999,0.34251968503937014
通达创智,2023-07-17,0.0259,0.34251968503937014
通达创智,2023-07-14,0.0124,0.34251968503937014
通达创智,2023-08-18,0.0824,0.34251968503937014
浩丰科技,2023-08-14,0.0233,0.3421052631578949
浩丰科技,2023-08-16,0.030600000000000002,0.3421052631578949
浩丰科技,2023-08-15,0.0226,0.3421052631578949
浩丰科技,2023-07-19,0.0159,0.3421052631578949
浩丰科技,2023-08-10,0.021099999999999997,0.3421052631578949
浩丰科技,2023-08-11,0.020499999999999997,0.3421052631578949
浩丰科技,2023-07-17,0.021099999999999997,0.3421052631578949
浩丰科技,2023-07-14,0.022799999999999997,0.3421052631578949
苏宁环球,2023-08-01,0.015700000000000002,0.3398058252427185
苏宁环球,2023-07-31,0.0144,0.3398058252427185
苏宁环球,2023-07-28,0.0116,0.3398058252427185
苏宁环球,2023-07-27,0.0103,0.3398058252427185
苏宁环球,2023-08-04,0.0138,0.3398058252427185
苏宁环球,2023-08-03,0.0166,0.3398058252427185
苏宁环球,2023-08-02,0.0181,0.3398058252427185
普瑞眼科,2023-07-20,0.0144,0.3381294964028778
普瑞眼科,2023-07-28,0.018600000000000002,0.3381294964028778
普瑞眼科,2023-07-21,0.0203,0.3381294964028778
普瑞眼科,2023-07-27,0.0124,0.3381294964028778
普瑞眼科,2023-07-24,0.0147,0.3381294964028778
普瑞眼科,2023-07-26,0.0111,0.3381294964028778
普瑞眼科,2023-07-19,0.0256,0.3381294964028778
普瑞眼科,2023-07-17,0.029500000000000002,0.3381294964028778
普瑞眼科,2023-07-14,0.0311,0.3381294964028778
普瑞眼科,2023-07-13,0.026000000000000002,0.3381294964028778
普瑞眼科,2023-07-12,0.0139,0.3381294964028778
唯科科技,2023-07-19,0.021099999999999997,0.33571428571428585
唯科科技,2023-07-20,0.0187,0.33571428571428585
唯科科技,2023-07-17,0.013999999999999999,0.33571428571428585
川宁生物,2023-08-10,0.011699999999999999,0.3333333333333335
川宁生物,2023-08-16,0.032400000000000005,0.3333333333333335
川宁生物,2023-08-15,0.0355,0.3333333333333335
川宁生物,2023-08-14,0.015600000000000001,0.3333333333333335
川宁生物,2023-08-11,0.0332,0.3333333333333335
川宁生物,2023-08-09,0.024300000000000002,0.3333333333333335
金杯电工,2023-07-12,0.0105,0.33333333333333304
金杯电工,2023-08-01,0.013999999999999999,0.33333333333333304
捷邦科技,2023-07-17,0.014499999999999999,0.3310344827586207
捷邦科技,2023-07-20,0.019299999999999998,0.3310344827586207
康希诺,2023-08-02,0.0109,0.32258064516129026
康希诺,2023-08-03,0.015600000000000001,0.32258064516129026
康希诺,2023-07-28,0.0124,0.32258064516129026
康希诺,2023-08-04,0.016399999999999998,0.32258064516129026
康希诺,2023-08-01,0.0141,0.32258064516129026
天承科技,2023-07-13,0.0116,0.31896551724137945
天承科技,2023-07-27,0.015300000000000001,0.31896551724137945
北新路桥,2023-08-14,0.025,0.3185185185185184
北新路桥,2023-08-09,0.0134,0.3185185185185184
北新路桥,2023-08-03,0.0173,0.3185185185185184
北新路桥,2023-08-04,0.0131,0.3185185185185184
北新路桥,2023-08-07,0.016200000000000003,0.3185185185185184
北新路桥,2023-08-08,0.0171,0.3185185185185184
北新路桥,2023-08-16,0.0178,0.3185185185185184
北新路桥,2023-08-15,0.018799999999999997,0.3185185185185184
北新路桥,2023-08-02,0.013500000000000002,0.3185185185185184
北新路桥,2023-08-11,0.0207,0.3185185185185184
北新路桥,2023-08-10,0.0158,0.3185185185185184
创识科技,2023-08-08,0.013600000000000001,0.3157894736842106
创识科技,2023-08-10,0.0373,0.3157894736842106
创识科技,2023-08-18,0.0175,0.3157894736842106
创识科技,2023-08-16,0.0451,0.3157894736842106
创识科技,2023-08-15,0.0613,0.3157894736842106
创识科技,2023-08-11,0.0329,0.3157894736842106
创识科技,2023-08-09,0.024399999999999998,0.3157894736842106
创识科技,2023-08-14,0.0479,0.3157894736842106
创识科技,2023-08-07,0.011000000000000001,0.3157894736842106
创识科技,2023-07-14,0.013300000000000001,0.3157894736842106
迪马股份,2023-07-31,0.025699999999999997,0.3106796116504855
迪马股份,2023-07-28,0.014199999999999999,0.3106796116504855
迪马股份,2023-07-21,0.0103,0.3106796116504855
迪马股份,2023-08-03,0.013500000000000002,0.3106796116504855
古鳌科技,2023-08-07,0.0487,0.3097826086956521
古鳌科技,2023-08-01,0.0347,0.3097826086956521
古鳌科技,2023-07-27,0.0184,0.3097826086956521
古鳌科技,2023-07-28,0.015600000000000001,0.3097826086956521
古鳌科技,2023-08-14,0.0241,0.3097826086956521
古鳌科技,2023-08-11,0.0285,0.3097826086956521
古鳌科技,2023-08-10,0.031200000000000002,0.3097826086956521
古鳌科技,2023-08-09,0.048,0.3097826086956521
古鳌科技,2023-08-08,0.0492,0.3097826086956521
古鳌科技,2023-07-31,0.026099999999999998,0.3097826086956521
古鳌科技,2023-08-04,0.047400000000000005,0.3097826086956521
古鳌科技,2023-08-03,0.0408,0.3097826086956521
古鳌科技,2023-08-02,0.0345,0.3097826086956521
青农商行,2023-08-03,0.0216,0.3097345132743363
青农商行,2023-08-09,0.018000000000000002,0.3097345132743363
青农商行,2023-08-07,0.0204,0.3097345132743363
青农商行,2023-08-08,0.019299999999999998,0.3097345132743363
青农商行,2023-08-02,0.0181,0.3097345132743363
青农商行,2023-08-10,0.0148,0.3097345132743363
青农商行,2023-08-01,0.018600000000000002,0.3097345132743363
青农商行,2023-07-31,0.011000000000000001,0.3097345132743363
青农商行,2023-07-28,0.0113,0.3097345132743363
青农商行,2023-08-04,0.023,0.3097345132743363
中大力德,2023-08-03,0.0318,0.308641975308642
中大力德,2023-08-02,0.0361,0.308641975308642
中大力德,2023-08-01,0.0326,0.308641975308642
中大力德,2023-07-24,0.024300000000000002,0.308641975308642
中大力德,2023-07-26,0.0322,0.308641975308642
中大力德,2023-07-27,0.0319,0.308641975308642
中大力德,2023-07-28,0.0335,0.308641975308642
中大力德,2023-07-31,0.0356,0.308641975308642
南国置业,2023-07-27,0.0132,0.30722891566265065
南国置业,2023-08-04,0.0217,0.30722891566265065
南国置业,2023-08-03,0.0326,0.30722891566265065
南国置业,2023-08-02,0.0301,0.30722891566265065
南国置业,2023-08-01,0.0294,0.30722891566265065
南国置业,2023-07-31,0.0294,0.30722891566265065
南国置业,2023-07-28,0.0213,0.30722891566265065
南国置业,2023-07-26,0.0166,0.30722891566265065
瑞松科技,2023-08-02,0.013500000000000002,0.3037037037037036
瑞松科技,2023-08-04,0.0152,0.3037037037037036
瑞松科技,2023-08-08,0.0155,0.3037037037037036
瑞松科技,2023-08-09,0.0159,0.3037037037037036
瑞松科技,2023-08-10,0.0176,0.3037037037037036
瑞松科技,2023-08-03,0.0167,0.3037037037037036
瑞松科技,2023-08-07,0.0175,0.3037037037037036
翔宇医疗,2023-07-24,0.0239,0.30147058823529416
翔宇医疗,2023-07-26,0.026600000000000002,0.30147058823529416
翔宇医疗,2023-07-19,0.022000000000000002,0.30147058823529416
翔宇医疗,2023-07-20,0.030699999999999998,0.30147058823529416
翔宇医疗,2023-07-21,0.026000000000000002,0.30147058823529416
翔宇医疗,2023-07-27,0.0246,0.30147058823529416
翔宇医疗,2023-07-28,0.021400000000000002,0.30147058823529416
翔宇医疗,2023-07-31,0.0177,0.30147058823529416
翔宇医疗,2023-07-14,0.013600000000000001,0.30147058823529416
翔宇医疗,2023-07-17,0.0174,0.30147058823529416
逸豪新材,2023-07-20,0.0171,0.2991452991452992
逸豪新材,2023-07-12,0.011699999999999999,0.2991452991452992
逸豪新材,2023-07-13,0.0158,0.2991452991452992
逸豪新材,2023-07-14,0.0339,0.2991452991452992
逸豪新材,2023-07-19,0.0339,0.2991452991452992
逸豪新材,2023-07-17,0.0297,0.2991452991452992
逸豪新材,2023-07-21,0.0141,0.2991452991452992
逸豪新材,2023-07-26,0.0152,0.2991452991452992
逸豪新材,2023-07-24,0.0179,0.2991452991452992
晶合集成,2023-07-20,0.0264,0.2983870967741935
晶合集成,2023-07-13,0.0248,0.2983870967741935
晶合集成,2023-07-17,0.0638,0.2983870967741935
晶合集成,2023-07-19,0.0415,0.2983870967741935
晶合集成,2023-07-14,0.060899999999999996,0.2983870967741935
晶合集成,2023-07-21,0.0302,0.2983870967741935
晶合集成,2023-07-24,0.0322,0.2983870967741935
三六五网,2023-07-31,0.0192,0.29729729729729715
三六五网,2023-07-28,0.0148,0.29729729729729715
中信证券,2023-07-28,0.013000000000000001,0.29230769230769216
中信证券,2023-08-10,0.0168,0.29230769230769216
中信证券,2023-08-09,0.0166,0.29230769230769216
中信证券,2023-08-08,0.0171,0.29230769230769216
中信证券,2023-08-07,0.0154,0.29230769230769216
中信证券,2023-08-04,0.0152,0.29230769230769216
中信证券,2023-08-02,0.0118,0.29230769230769216
中信证券,2023-08-01,0.0102,0.29230769230769216
中信证券,2023-07-31,0.011899999999999999,0.29230769230769216
中信证券,2023-08-03,0.0111,0.29230769230769216
南钢股份,2023-07-31,0.0175,0.29166666666666674
南钢股份,2023-08-04,0.0207,0.29166666666666674
南钢股份,2023-07-12,0.012,0.29166666666666674
南钢股份,2023-07-13,0.0128,0.29166666666666674
南钢股份,2023-07-14,0.0116,0.29166666666666674
南钢股份,2023-07-21,0.010700000000000001,0.29166666666666674
南钢股份,2023-07-28,0.0171,0.29166666666666674
南钢股份,2023-08-01,0.0213,0.29166666666666674
南钢股份,2023-08-02,0.0213,0.29166666666666674
南钢股份,2023-08-03,0.0219,0.29166666666666674
南钢股份,2023-08-10,0.0155,0.29166666666666674
南钢股份,2023-08-09,0.0183,0.29166666666666674
南钢股份,2023-08-08,0.020099999999999996,0.29166666666666674
南钢股份,2023-08-07,0.0208,0.29166666666666674
中交地产,2023-08-01,0.0288,0.2857142857142856
中交地产,2023-07-26,0.022400000000000003,0.2857142857142856
中交地产,2023-07-27,0.026699999999999998,0.2857142857142856
中交地产,2023-07-28,0.0371,0.2857142857142856
中交地产,2023-07-31,0.0298,0.2857142857142856
天源环保,2023-08-23,0.0172,0.28358208955223874
天源环保,2023-07-26,0.0134,0.28358208955223874
东宝生物,2023-07-26,0.0138,0.2777777777777777
东宝生物,2023-07-24,0.0134,0.2777777777777777
东宝生物,2023-07-21,0.0108,0.2777777777777777
南亚新材,2023-07-13,0.0101,0.27722772277227725
南亚新材,2023-07-20,0.0129,0.27722772277227725
华体科技,2023-07-13,0.0127,0.27722772277227725
华体科技,2023-07-12,0.0101,0.27722772277227725
华体科技,2023-07-19,0.0129,0.27722772277227725
华体科技,2023-07-17,0.013500000000000002,0.27722772277227725
华体科技,2023-07-14,0.0113,0.27722772277227725
昊志机电,2023-07-31,0.0141,0.27659574468085135
昊志机电,2023-08-01,0.013000000000000001,0.27659574468085135
昊志机电,2023-08-04,0.018000000000000002,0.27659574468085135
中国软件,2023-08-04,0.0311,0.27586206896551757
中国软件,2023-08-07,0.0298,0.27586206896551757
中国软件,2023-08-03,0.0229,0.27586206896551757
中国软件,2023-08-02,0.0215,0.27586206896551757
中国软件,2023-08-08,0.0253,0.27586206896551757
中国软件,2023-08-01,0.0227,0.27586206896551757
中国软件,2023-07-31,0.0134,0.27586206896551757
中国软件,2023-08-09,0.022400000000000003,0.27586206896551757
中国软件,2023-08-10,0.0209,0.27586206896551757
中国软件,2023-08-11,0.0105,0.27586206896551757
中国软件,2023-08-14,0.018500000000000003,0.27586206896551757
中国软件,2023-07-28,0.014499999999999999,0.27586206896551757
聚杰微纤,2023-07-12,0.0127,0.27559055118110254
聚杰微纤,2023-08-23,0.016200000000000003,0.27559055118110254
聚杰微纤,2023-08-21,0.0148,0.27559055118110254
瑞华泰,2023-08-11,0.013000000000000001,0.27450980392156854
瑞华泰,2023-08-07,0.0102,0.27450980392156854
瑞华泰,2023-08-08,0.018000000000000002,0.27450980392156854
瑞华泰,2023-08-09,0.0207,0.27450980392156854
瑞华泰,2023-08-10,0.0202,0.27450980392156854
浙商证券,2023-08-03,0.0139,0.27338129496402885
浙商证券,2023-08-10,0.0177,0.27338129496402885
浙商证券,2023-08-09,0.0159,0.27338129496402885
浙商证券,2023-08-08,0.015700000000000002,0.27338129496402885
浙商证券,2023-08-07,0.0148,0.27338129496402885
浙商证券,2023-08-04,0.0149,0.27338129496402885
零点有数,2023-08-14,0.0146,0.26956521739130435
零点有数,2023-08-10,0.0115,0.26956521739130435
沃特股份,2023-08-04,0.0132,0.2692307692307694
沃特股份,2023-08-03,0.014499999999999999,0.2692307692307694
沃特股份,2023-08-02,0.0116,0.2692307692307694
沃特股份,2023-08-01,0.0104,0.2692307692307694
凯旺科技,2023-07-12,0.0217,0.26728110599078336
凯旺科技,2023-07-14,0.0275,0.26728110599078336
凯旺科技,2023-07-13,0.0334,0.26728110599078336
合肥百货,2023-08-02,0.0138,0.2660550458715596
合肥百货,2023-08-01,0.0111,0.2660550458715596
合肥百货,2023-07-31,0.0216,0.2660550458715596
合肥百货,2023-07-28,0.0137,0.2660550458715596
合肥百货,2023-07-27,0.011699999999999999,0.2660550458715596
合肥百货,2023-07-26,0.0158,0.2660550458715596
合肥百货,2023-07-24,0.011699999999999999,0.2660550458715596
合肥百货,2023-07-21,0.0123,0.2660550458715596
合肥百货,2023-07-20,0.0109,0.2660550458715596
兆易创新,2023-07-13,0.018500000000000003,0.265486725663717
兆易创新,2023-07-26,0.0143,0.265486725663717
兆易创新,2023-07-21,0.015700000000000002,0.265486725663717
兆易创新,2023-07-20,0.0173,0.265486725663717
兆易创新,2023-07-19,0.0215,0.265486725663717
兆易创新,2023-07-17,0.0223,0.265486725663717
兆易创新,2023-07-14,0.0199,0.265486725663717
兆易创新,2023-07-24,0.0158,0.265486725663717
兆易创新,2023-07-12,0.0113,0.265486725663717
财信发展,2023-07-28,0.0113,0.265486725663717
财信发展,2023-07-31,0.0144,0.265486725663717
财信发展,2023-08-01,0.0105,0.265486725663717
财信发展,2023-08-02,0.0143,0.265486725663717
好上好,2023-07-17,0.0178,0.26241134751773054
好上好,2023-07-14,0.0191,0.26241134751773054
好上好,2023-07-13,0.0141,0.26241134751773054
亚太药业,2023-08-10,0.0104,0.2596153846153848
亚太药业,2023-08-11,0.0106,0.2596153846153848
亚太药业,2023-08-14,0.0131,0.2596153846153848
北特科技,2023-07-14,0.0128,0.25766871165644156
北特科技,2023-07-12,0.0163,0.25766871165644156
北特科技,2023-07-13,0.0353,0.25766871165644156
北特科技,2023-07-17,0.020499999999999997,0.25766871165644156
亚钾国际,2023-08-23,0.0138,0.2545454545454544
亚钾国际,2023-07-19,0.011000000000000001,0.2545454545454544
亚钾国际,2023-08-21,0.0127,0.2545454545454544
亚钾国际,2023-07-21,0.0106,0.2545454545454544
亚钾国际,2023-08-18,0.012199999999999999,0.2545454545454544
亚钾国际,2023-08-01,0.011399999999999999,0.2545454545454544
亚钾国际,2023-07-31,0.0123,0.2545454545454544
亚钾国际,2023-07-28,0.0152,0.2545454545454544
亚钾国际,2023-07-20,0.0138,0.2545454545454544
科拓生物,2023-07-20,0.0138,0.2536231884057971
科拓生物,2023-07-21,0.0169,0.2536231884057971
科拓生物,2023-07-24,0.0173,0.2536231884057971
汇得科技,2023-08-21,0.0149,0.24778761061946897
汇得科技,2023-08-23,0.0141,0.24778761061946897
汇得科技,2023-08-18,0.0171,0.24778761061946897
汇得科技,2023-08-16,0.0154,0.24778761061946897
汇得科技,2023-08-15,0.0154,0.24778761061946897
汇得科技,2023-08-14,0.015300000000000001,0.24778761061946897
汇得科技,2023-08-11,0.0123,0.24778761061946897
汇得科技,2023-08-09,0.0113,0.24778761061946897
汇得科技,2023-08-10,0.0113,0.24778761061946897
南王科技,2023-08-10,0.061500000000000006,0.24715447154471537
南王科技,2023-08-11,0.0489,0.24715447154471537
南王科技,2023-08-15,0.057699999999999994,0.24715447154471537
南王科技,2023-08-16,0.0361,0.24715447154471537
南王科技,2023-08-18,0.0318,0.24715447154471537
南王科技,2023-08-21,0.0767,0.24715447154471537
南王科技,2023-08-23,0.0767,0.24715447154471537
鼎泰高科,2023-07-14,0.0102,0.24509803921568607
鼎泰高科,2023-07-17,0.0127,0.24509803921568607
晶晨股份,2023-07-24,0.015,0.2429906542056075
晶晨股份,2023-07-26,0.013300000000000001,0.2429906542056075
晶晨股份,2023-07-21,0.0166,0.2429906542056075
晶晨股份,2023-07-20,0.0169,0.2429906542056075
晶晨股份,2023-07-19,0.0167,0.2429906542056075
晶晨股份,2023-07-17,0.016399999999999998,0.2429906542056075
晶晨股份,2023-07-13,0.0127,0.2429906542056075
晶晨股份,2023-07-12,0.010700000000000001,0.2429906542056075
晶晨股份,2023-07-14,0.013999999999999999,0.2429906542056075
威士顿,2023-08-21,0.1091,0.24259681093394092
威士顿,2023-08-23,0.1091,0.24259681093394092
威士顿,2023-08-16,0.0311,0.24259681093394092
威士顿,2023-08-15,0.0311,0.24259681093394092
威士顿,2023-08-14,0.041100000000000005,0.24259681093394092
威士顿,2023-08-10,0.08779999999999999,0.24259681093394092
威士顿,2023-08-18,0.0868,0.24259681093394092
力合微,2023-07-12,0.011699999999999999,0.23931623931623935
力合微,2023-07-13,0.014499999999999999,0.23931623931623935
翰博高新,2023-07-17,0.0161,0.23846153846153828
翰博高新,2023-07-14,0.013000000000000001,0.23846153846153828
上海瀚讯,2023-08-08,0.013600000000000001,0.23636363636363633
上海瀚讯,2023-08-07,0.013000000000000001,0.23636363636363633
上海瀚讯,2023-08-04,0.011000000000000001,0.23636363636363633
亚虹医药,2023-07-12,0.0115,0.23478260869565215
亚虹医药,2023-07-13,0.013300000000000001,0.23478260869565215
亚虹医药,2023-07-28,0.0104,0.23478260869565215
亚虹医药,2023-08-01,0.014199999999999999,0.23478260869565215
中南文化,2023-08-02,0.0127,0.23300970873786397
中南文化,2023-08-01,0.0103,0.23300970873786397
天宸股份,2023-08-02,0.013300000000000001,0.23148148148148162
天宸股份,2023-08-03,0.013300000000000001,0.23148148148148162
天宸股份,2023-08-01,0.0108,0.23148148148148162
天宸股份,2023-08-04,0.013300000000000001,0.23148148148148162
鼎通科技,2023-08-11,0.0141,0.23015873015873023
鼎通科技,2023-08-14,0.0155,0.23015873015873023
鼎通科技,2023-08-10,0.0125,0.23015873015873023
鼎通科技,2023-08-08,0.011200000000000002,0.23015873015873023
鼎通科技,2023-08-07,0.0126,0.23015873015873023
创新新材,2023-07-28,0.0115,0.22608695652173916
创新新材,2023-07-31,0.0141,0.22608695652173916
天健集团,2023-07-27,0.016,0.226027397260274
天健集团,2023-08-23,0.0179,0.226027397260274
天健集团,2023-07-28,0.0302,0.226027397260274
天健集团,2023-08-04,0.0379,0.226027397260274
天健集团,2023-08-07,0.032799999999999996,0.226027397260274
天健集团,2023-07-31,0.0281,0.226027397260274
天健集团,2023-08-01,0.015600000000000001,0.226027397260274
天健集团,2023-08-03,0.035,0.226027397260274
天健集团,2023-08-16,0.0213,0.226027397260274
天健集团,2023-07-26,0.0146,0.226027397260274
天健集团,2023-08-15,0.0218,0.226027397260274
天健集团,2023-08-10,0.0233,0.226027397260274
天健集团,2023-08-09,0.0276,0.226027397260274
天健集团,2023-08-08,0.0282,0.226027397260274
天健集团,2023-08-02,0.024,0.226027397260274
四方股份,2023-07-26,0.0147,0.22499999999999987
四方股份,2023-07-24,0.013600000000000001,0.22499999999999987
四方股份,2023-07-20,0.012,0.22499999999999987
四方股份,2023-07-21,0.0128,0.22499999999999987
品渥食品,2023-07-21,0.0258,0.22480620155038777
品渥食品,2023-07-24,0.024399999999999998,0.22480620155038777
品渥食品,2023-07-26,0.022799999999999997,0.22480620155038777
品渥食品,2023-07-28,0.0143,0.22480620155038777
品渥食品,2023-07-31,0.0316,0.22480620155038777
深振业A,2023-08-03,0.016200000000000003,0.22115384615384626
深振业A,2023-08-04,0.0127,0.22115384615384626
深振业A,2023-08-02,0.0126,0.22115384615384626
深振业A,2023-08-01,0.0118,0.22115384615384626
深振业A,2023-07-31,0.0104,0.22115384615384626
深粮控股,2023-07-31,0.0155,0.22047244094488194
深粮控股,2023-07-26,0.0141,0.22047244094488194
深粮控股,2023-07-28,0.011000000000000001,0.22047244094488194
深粮控股,2023-07-13,0.0127,0.22047244094488194
深粮控股,2023-07-17,0.011899999999999999,0.22047244094488194
深粮控股,2023-07-14,0.0171,0.22047244094488194
爱威科技,2023-08-21,0.0105,0.21904761904761894
爱威科技,2023-08-23,0.0128,0.21904761904761894
滨江集团,2023-08-01,0.0124,0.2178217821782178
滨江集团,2023-07-31,0.0101,0.2178217821782178
滨江集团,2023-08-02,0.013000000000000001,0.2178217821782178
滨江集团,2023-08-03,0.0137,0.2178217821782178
滨江集团,2023-08-04,0.0123,0.2178217821782178
ST中利,2023-08-21,0.018000000000000002,0.21621621621621623
ST中利,2023-08-18,0.0148,0.21621621621621623
太极股份,2023-08-08,0.0168,0.2142857142857142
太极股份,2023-08-09,0.022799999999999997,0.2142857142857142
太极股份,2023-08-14,0.013600000000000001,0.2142857142857142
太极股份,2023-08-07,0.015600000000000001,0.2142857142857142
太极股份,2023-08-04,0.017,0.2142857142857142
太极股份,2023-08-03,0.011200000000000002,0.2142857142857142
太极股份,2023-08-11,0.0144,0.2142857142857142
太极股份,2023-08-10,0.016399999999999998,0.2142857142857142
锡业股份,2023-07-12,0.011000000000000001,0.209090909090909
锡业股份,2023-07-13,0.013300000000000001,0.209090909090909
华映科技,2023-08-01,0.012199999999999999,0.20792079207920788
华映科技,2023-07-28,0.0101,0.20792079207920788
精达股份,2023-08-08,0.012199999999999999,0.20792079207920788
精达股份,2023-07-12,0.0101,0.20792079207920788
精达股份,2023-08-01,0.0104,0.20792079207920788
精达股份,2023-08-04,0.013000000000000001,0.20792079207920788
精达股份,2023-08-07,0.023799999999999998,0.20792079207920788
华映科技,2023-07-31,0.0111,0.20792079207920788
城投控股,2023-08-02,0.026000000000000002,0.2075471698113207
城投控股,2023-08-09,0.0128,0.2075471698113207
城投控股,2023-08-08,0.0171,0.2075471698113207
城投控股,2023-08-07,0.0183,0.2075471698113207
城投控股,2023-08-03,0.0258,0.2075471698113207
城投控股,2023-08-01,0.0149,0.2075471698113207
城投控股,2023-08-04,0.021099999999999997,0.2075471698113207
城投控股,2023-07-28,0.0134,0.2075471698113207
城投控股,2023-07-31,0.0159,0.2075471698113207
城投控股,2023-07-27,0.0106,0.2075471698113207
联泰环保,2023-08-21,0.0111,0.2072072072072071
联泰环保,2023-08-23,0.0134,0.2072072072072071
敦煌种业,2023-08-07,0.0134,0.2072072072072071
敦煌种业,2023-07-17,0.0111,0.2072072072072071
敦煌种业,2023-07-31,0.0182,0.2072072072072071
*ST爱迪,2023-07-28,0.0274,0.20615384615384613
*ST爱迪,2023-07-19,0.0339,0.20615384615384613
*ST爱迪,2023-07-20,0.0329,0.20615384615384613
*ST爱迪,2023-07-26,0.0327,0.20615384615384613
*ST爱迪,2023-07-31,0.0392,0.20615384615384613
*ST爱迪,2023-07-24,0.0338,0.20615384615384613
*ST爱迪,2023-07-17,0.0278,0.20615384615384613
*ST爱迪,2023-07-14,0.0325,0.20615384615384613
*ST爱迪,2023-07-27,0.0331,0.20615384615384613
*ST爱迪,2023-07-21,0.0334,0.20615384615384613
世联行,2023-07-24,0.0102,0.2058823529411764
世联行,2023-07-26,0.0144,0.2058823529411764
世联行,2023-07-31,0.0242,0.2058823529411764
世联行,2023-07-27,0.0143,0.2058823529411764
世联行,2023-08-07,0.016399999999999998,0.2058823529411764
世联行,2023-08-01,0.025,0.2058823529411764
世联行,2023-08-02,0.0323,0.2058823529411764
世联行,2023-08-03,0.0276,0.2058823529411764
世联行,2023-08-04,0.0231,0.2058823529411764
世联行,2023-08-08,0.0123,0.2058823529411764
世联行,2023-07-28,0.0192,0.2058823529411764
玉马遮阳,2023-08-08,0.0282,0.2056737588652484
玉马遮阳,2023-08-09,0.0305,0.2056737588652484
玉马遮阳,2023-08-10,0.0398,0.2056737588652484
玉马遮阳,2023-08-11,0.041299999999999996,0.2056737588652484
玉马遮阳,2023-08-21,0.034,0.2056737588652484
玉马遮阳,2023-08-18,0.0345,0.2056737588652484
玉马遮阳,2023-08-16,0.049100000000000005,0.2056737588652484
玉马遮阳,2023-08-15,0.0482,0.2056737588652484
玉马遮阳,2023-08-14,0.0271,0.2056737588652484
吉视传媒,2023-07-26,0.012199999999999999,0.20491803278688536
吉视传媒,2023-07-27,0.011899999999999999,0.20491803278688536
吉视传媒,2023-07-31,0.0227,0.20491803278688536
吉视传媒,2023-08-01,0.0222,0.20491803278688536
吉视传媒,2023-08-02,0.018500000000000003,0.20491803278688536
吉视传媒,2023-08-04,0.0171,0.20491803278688536
吉视传媒,2023-08-07,0.0128,0.20491803278688536
吉视传媒,2023-08-08,0.0147,0.20491803278688536
吉视传媒,2023-07-28,0.0215,0.20491803278688536
吉视传媒,2023-08-03,0.0169,0.20491803278688536
高凌信息,2023-07-21,0.013600000000000001,0.20353982300884965
高凌信息,2023-07-20,0.0182,0.20353982300884965
高凌信息,2023-07-19,0.0113,0.20353982300884965
亚盛集团,2023-08-04,0.0137,0.2019230769230771
亚盛集团,2023-08-01,0.013300000000000001,0.2019230769230771
亚盛集团,2023-08-03,0.0146,0.2019230769230771
亚盛集团,2023-08-10,0.0125,0.2019230769230771
亚盛集团,2023-08-08,0.0128,0.2019230769230771
亚盛集团,2023-08-07,0.0125,0.2019230769230771
亚盛集团,2023-07-13,0.0104,0.2019230769230771
亚盛集团,2023-07-31,0.0146,0.2019230769230771
亚盛集团,2023-08-02,0.014199999999999999,0.2019230769230771
水羊股份,2023-08-04,0.042199999999999994,0.19692307692307698
水羊股份,2023-08-02,0.0583,0.19692307692307698
水羊股份,2023-08-07,0.0351,0.19692307692307698
水羊股份,2023-08-03,0.057999999999999996,0.19692307692307698
水羊股份,2023-08-08,0.0326,0.19692307692307698
水羊股份,2023-08-09,0.0379,0.19692307692307698
水羊股份,2023-08-10,0.038900000000000004,0.19692307692307698
水羊股份,2023-07-28,0.0325,0.19692307692307698
水羊股份,2023-07-31,0.0525,0.19692307692307698
水羊股份,2023-08-01,0.0601,0.19692307692307698
微电生理,2023-07-26,0.011200000000000002,0.1964285714285714
微电生理,2023-07-28,0.0134,0.1964285714285714
通程控股,2023-07-31,0.0195,0.19631901840490817
通程控股,2023-07-28,0.0163,0.19631901840490817
建业股份,2023-08-01,0.0123,0.19626168224299056
建业股份,2023-07-31,0.0129,0.19626168224299056
建业股份,2023-07-28,0.010700000000000001,0.19626168224299056
建业股份,2023-08-02,0.0128,0.19626168224299056
新湖中宝,2023-08-02,0.015,0.19607843137254877
新湖中宝,2023-08-03,0.012199999999999999,0.19607843137254877
新湖中宝,2023-07-31,0.0128,0.19607843137254877
新湖中宝,2023-07-28,0.0102,0.19607843137254877
瑞泰新材,2023-07-13,0.0165,0.19565217391304346
瑞泰新材,2023-07-12,0.0138,0.19565217391304346
明新旭腾,2023-07-31,0.0123,0.1941747572815533
明新旭腾,2023-07-12,0.0103,0.1941747572815533
香江控股,2023-07-31,0.024300000000000002,0.19117647058823528
香江控股,2023-07-26,0.0204,0.19117647058823528
香江控股,2023-07-27,0.019299999999999998,0.19117647058823528
香江控股,2023-07-28,0.0202,0.19117647058823528
本立科技,2023-07-26,0.0163,0.18978102189781
本立科技,2023-07-12,0.0137,0.18978102189781
本立科技,2023-07-13,0.0129,0.18978102189781
中科蓝讯,2023-08-02,0.0111,0.18918918918918903
中科蓝讯,2023-08-03,0.0115,0.18918918918918903
中科蓝讯,2023-08-04,0.0118,0.18918918918918903
中科蓝讯,2023-08-07,0.015,0.18918918918918903
中科蓝讯,2023-08-09,0.0177,0.18918918918918903
中科蓝讯,2023-08-08,0.019299999999999998,0.18918918918918903
中科蓝讯,2023-08-10,0.0132,0.18918918918918903
奥雅股份,2023-07-31,0.0123,0.1869918699186992
奥雅股份,2023-08-21,0.016399999999999998,0.1869918699186992
奥雅股份,2023-08-23,0.0146,0.1869918699186992
雷曼光电,2023-07-14,0.0129,0.18604651162790709
雷曼光电,2023-07-17,0.015300000000000001,0.18604651162790709
思特威,2023-07-14,0.018600000000000002,0.1847133757961783
思特威,2023-07-13,0.015700000000000002,0.1847133757961783
博思软件,2023-07-26,0.0103,0.18446601941747565
博思软件,2023-07-28,0.012199999999999999,0.18446601941747565
三维天地,2023-08-18,0.0917,0.18439716312056742
三维天地,2023-08-16,0.11199999999999999,0.18439716312056742
三维天地,2023-08-09,0.022000000000000002,0.18439716312056742
三维天地,2023-08-21,0.1125,0.18439716312056742
三维天地,2023-08-14,0.0655,0.18439716312056742
三维天地,2023-08-15,0.0608,0.18439716312056742
三维天地,2023-08-23,0.0167,0.18439716312056742
三维天地,2023-08-11,0.0358,0.18439716312056742
三维天地,2023-08-10,0.0358,0.18439716312056742
三维天地,2023-08-08,0.0141,0.18439716312056742
东方雨虹,2023-07-28,0.011699999999999999,0.17948717948717952
东方雨虹,2023-08-03,0.0138,0.17948717948717952
趣睡科技,2023-07-21,0.0202,0.17910447761194037
趣睡科技,2023-07-28,0.0158,0.17910447761194037
趣睡科技,2023-07-26,0.0105,0.17910447761194037
趣睡科技,2023-07-20,0.0134,0.17910447761194037
趣睡科技,2023-07-24,0.0127,0.17910447761194037
宝立食品,2023-08-02,0.0454,0.17647058823529416
宝立食品,2023-08-10,0.016,0.17647058823529416
宝立食品,2023-08-09,0.0147,0.17647058823529416
宝立食品,2023-08-08,0.0206,0.17647058823529416
宝立食品,2023-08-07,0.0104,0.17647058823529416
海特生物,2023-07-17,0.013999999999999999,0.17647058823529416
海特生物,2023-07-14,0.0154,0.17647058823529416
海特生物,2023-07-13,0.0116,0.17647058823529416
海特生物,2023-07-12,0.011899999999999999,0.17647058823529416
宝立食品,2023-08-01,0.0355,0.17647058823529416
宝立食品,2023-07-31,0.037000000000000005,0.17647058823529416
宝立食品,2023-07-28,0.0179,0.17647058823529416
赛伦生物,2023-08-21,0.0102,0.17647058823529416
赛伦生物,2023-08-23,0.012,0.17647058823529416
宝立食品,2023-07-27,0.013600000000000001,0.17647058823529416
格力地产,2023-07-28,0.0172,0.17307692307692313
格力地产,2023-07-31,0.018600000000000002,0.17307692307692313
格力地产,2023-08-01,0.0129,0.17307692307692313
格力地产,2023-08-02,0.0146,0.17307692307692313
格力地产,2023-08-03,0.0152,0.17307692307692313
格力地产,2023-08-04,0.012199999999999999,0.17307692307692313
格力地产,2023-07-27,0.0104,0.17307692307692313
信濠光电,2023-07-12,0.0134,0.17164179104477628
信濠光电,2023-07-13,0.015700000000000002,0.17164179104477628
华大九天,2023-08-10,0.0141,0.1694915254237288
华大九天,2023-08-09,0.0139,0.1694915254237288
华大九天,2023-08-08,0.0144,0.1694915254237288
华大九天,2023-08-07,0.0132,0.1694915254237288
华大九天,2023-08-03,0.0126,0.1694915254237288
华大九天,2023-08-02,0.0118,0.1694915254237288
华大九天,2023-08-14,0.0138,0.1694915254237288
华大九天,2023-08-11,0.0121,0.1694915254237288
乾景园林,2023-08-09,0.0152,0.16923076923076907
乾景园林,2023-07-13,0.013000000000000001,0.16923076923076907
乾景园林,2023-07-27,0.0125,0.16923076923076907
乾景园林,2023-08-08,0.0195,0.16923076923076907
国金证券,2023-08-10,0.0279,0.16814159292035402
国金证券,2023-08-16,0.0132,0.16814159292035402
国金证券,2023-08-15,0.013500000000000002,0.16814159292035402
国金证券,2023-08-14,0.013600000000000001,0.16814159292035402
国金证券,2023-08-01,0.0113,0.16814159292035402
国金证券,2023-08-11,0.0192,0.16814159292035402
国金证券,2023-08-03,0.0246,0.16814159292035402
国金证券,2023-08-09,0.026600000000000002,0.16814159292035402
国金证券,2023-08-02,0.0123,0.16814159292035402
国金证券,2023-08-04,0.0285,0.16814159292035402
国金证券,2023-08-07,0.0301,0.16814159292035402
国金证券,2023-08-08,0.027999999999999997,0.16814159292035402
张家港行,2023-08-01,0.0118,0.16799999999999993
张家港行,2023-07-31,0.0125,0.16799999999999993
张家港行,2023-08-07,0.0147,0.16799999999999993
张家港行,2023-08-03,0.013300000000000001,0.16799999999999993
张家港行,2023-08-04,0.0172,0.16799999999999993
张家港行,2023-08-08,0.014499999999999999,0.16799999999999993
张家港行,2023-08-09,0.0147,0.16799999999999993
张家港行,2023-08-10,0.0146,0.16799999999999993
张家港行,2023-08-02,0.0121,0.16799999999999993
中金公司,2023-08-10,0.013300000000000001,0.16666666666666696
中金公司,2023-07-28,0.011399999999999999,0.16666666666666696
中金公司,2023-08-03,0.0137,0.16666666666666696
中金公司,2023-08-04,0.0115,0.16666666666666696
中金公司,2023-08-07,0.0111,0.16666666666666696
中金公司,2023-08-08,0.019,0.16666666666666696
中金公司,2023-08-09,0.0141,0.16666666666666696
天玛智控,2023-08-21,0.0161,0.16666666666666674
天玛智控,2023-08-18,0.0138,0.16666666666666674
学大教育,2023-07-13,0.0102,0.16666666666666652
鹏都农牧,2023-08-03,0.0174,0.16666666666666652
鹏都农牧,2023-08-07,0.011899999999999999,0.16666666666666652
鹏都农牧,2023-08-04,0.0165,0.16666666666666652
学大教育,2023-07-20,0.029300000000000003,0.16666666666666652
学大教育,2023-07-21,0.011899999999999999,0.16666666666666652
鹏都农牧,2023-08-08,0.011899999999999999,0.16666666666666652
学大教育,2023-07-19,0.0212,0.16666666666666652
学大教育,2023-07-14,0.0158,0.16666666666666652
鹏都农牧,2023-08-01,0.0102,0.16666666666666652
富士莱,2023-08-16,0.0279,0.16589861751152069
富士莱,2023-08-21,0.0317,0.16589861751152069
富士莱,2023-08-18,0.0245,0.16589861751152069
富士莱,2023-08-23,0.0253,0.16589861751152069
富士莱,2023-08-15,0.0217,0.16589861751152069
埃科光电,2023-08-18,0.0218,0.1657754010695187
埃科光电,2023-08-07,0.0187,0.1657754010695187
埃科光电,2023-08-14,0.0192,0.1657754010695187
埃科光电,2023-08-15,0.018000000000000002,0.1657754010695187
荃银高科,2023-07-31,0.0148,0.16535433070866157
荃银高科,2023-07-21,0.0127,0.16535433070866157
上海港湾,2023-07-20,0.0109,0.16513761467889898
上海港湾,2023-07-21,0.0127,0.16513761467889898
台基股份,2023-07-12,0.0104,0.16346153846153855
台基股份,2023-07-13,0.014199999999999999,0.16346153846153855
台基股份,2023-07-14,0.011399999999999999,0.16346153846153855
台基股份,2023-07-17,0.0121,0.16346153846153855
金盘科技,2023-07-31,0.0121,0.16346153846153855
金盘科技,2023-07-26,0.0165,0.16346153846153855
金盘科技,2023-07-27,0.0159,0.16346153846153855
金盘科技,2023-07-13,0.0104,0.16346153846153855
金盘科技,2023-07-12,0.0104,0.16346153846153855
金盘科技,2023-07-24,0.0155,0.16346153846153855
ST星源,2023-08-04,0.012199999999999999,0.16190476190476177
ST星源,2023-07-31,0.0105,0.16190476190476177
ST星源,2023-08-02,0.018799999999999997,0.16190476190476177
ST星源,2023-08-03,0.018799999999999997,0.16190476190476177
农发种业,2023-07-19,0.0137,0.16176470588235303
农发种业,2023-07-21,0.023700000000000002,0.16176470588235303
农发种业,2023-07-12,0.0204,0.16176470588235303
农发种业,2023-07-17,0.020099999999999996,0.16176470588235303
农发种业,2023-07-14,0.0206,0.16176470588235303
农发种业,2023-07-13,0.0166,0.16176470588235303
福星股份,2023-07-26,0.013000000000000001,0.1607142857142856
福星股份,2023-07-14,0.0103,0.1607142857142856
福星股份,2023-07-19,0.0132,0.1607142857142856
福星股份,2023-07-20,0.0147,0.1607142857142856
福星股份,2023-07-21,0.0132,0.1607142857142856
福星股份,2023-07-24,0.0116,0.1607142857142856
福星股份,2023-07-13,0.011200000000000002,0.1607142857142856
奥浦迈,2023-08-02,0.012199999999999999,0.15573770491803285
奥浦迈,2023-08-03,0.0227,0.15573770491803285
奥浦迈,2023-08-14,0.0141,0.15573770491803285
奥浦迈,2023-08-04,0.0229,0.15573770491803285
奥浦迈,2023-08-07,0.0115,0.15573770491803285
奥浦迈,2023-08-08,0.0165,0.15573770491803285
兰州黄河,2023-07-28,0.010700000000000001,0.14953271028037363
兰州黄河,2023-08-03,0.0123,0.14953271028037363
兰州黄河,2023-08-04,0.0123,0.14953271028037363
森泰股份,2023-07-27,0.0254,0.14932126696832593
森泰股份,2023-07-24,0.0371,0.14932126696832593
森泰股份,2023-07-20,0.0264,0.14932126696832593
森泰股份,2023-07-19,0.022099999999999998,0.14932126696832593
森泰股份,2023-07-26,0.0254,0.14932126696832593
森泰股份,2023-07-21,0.026600000000000002,0.14932126696832593
华西能源,2023-08-01,0.028900000000000002,0.14864864864864846
华西能源,2023-07-31,0.0222,0.14864864864864846
华西能源,2023-08-03,0.0255,0.14864864864864846
华西能源,2023-08-02,0.0255,0.14864864864864846
广发证券,2023-08-03,0.012199999999999999,0.14754098360655732
广发证券,2023-08-09,0.014499999999999999,0.14754098360655732
广发证券,2023-08-10,0.013999999999999999,0.14754098360655732
广发证券,2023-08-08,0.0148,0.14754098360655732
广发证券,2023-08-04,0.0147,0.14754098360655732
广发证券,2023-08-07,0.013600000000000001,0.14754098360655732
博瑞医药,2023-08-23,0.011699999999999999,0.14705882352941146
博瑞医药,2023-08-16,0.0102,0.14705882352941146
博瑞医药,2023-08-18,0.0128,0.14705882352941146
博瑞医药,2023-08-21,0.014499999999999999,0.14705882352941146
塔牌集团,2023-07-28,0.011000000000000001,0.14545454545454528
塔牌集团,2023-07-31,0.0126,0.14545454545454528
酷特智能,2023-08-10,0.023799999999999998,0.1445086705202312
酷特智能,2023-08-11,0.0217,0.1445086705202312
酷特智能,2023-08-09,0.0181,0.1445086705202312
酷特智能,2023-08-02,0.0173,0.1445086705202312
酷特智能,2023-08-03,0.0141,0.1445086705202312
酷特智能,2023-08-07,0.0104,0.1445086705202312
酷特智能,2023-08-08,0.011899999999999999,0.1445086705202312
酷特智能,2023-08-14,0.019799999999999998,0.1445086705202312
南山控股,2023-08-08,0.0175,0.14379084967320255
南山控股,2023-08-02,0.035,0.14379084967320255
南山控股,2023-08-04,0.0321,0.14379084967320255
南山控股,2023-07-28,0.022400000000000003,0.14379084967320255
南山控股,2023-07-31,0.029500000000000002,0.14379084967320255
南山控股,2023-08-01,0.030899999999999997,0.14379084967320255
南山控股,2023-07-26,0.015300000000000001,0.14379084967320255
南山控股,2023-08-03,0.0336,0.14379084967320255
南山控股,2023-07-27,0.019,0.14379084967320255
南山控股,2023-08-07,0.0259,0.14379084967320255
华旺科技,2023-08-07,0.0292,0.1417322834645669
华旺科技,2023-07-31,0.0248,0.1417322834645669
华旺科技,2023-07-19,0.0127,0.1417322834645669
华旺科技,2023-08-08,0.0268,0.1417322834645669
华旺科技,2023-08-04,0.031,0.1417322834645669
华旺科技,2023-08-03,0.0281,0.1417322834645669
华旺科技,2023-07-28,0.0146,0.1417322834645669
华旺科技,2023-07-20,0.010700000000000001,0.1417322834645669
华旺科技,2023-07-27,0.0116,0.1417322834645669
华旺科技,2023-08-02,0.0288,0.1417322834645669
华旺科技,2023-07-21,0.0102,0.1417322834645669
华旺科技,2023-08-09,0.025699999999999997,0.1417322834645669
华旺科技,2023-08-10,0.0282,0.1417322834645669
华旺科技,2023-08-11,0.0268,0.1417322834645669
华旺科技,2023-08-01,0.0252,0.1417322834645669
华旺科技,2023-08-14,0.0166,0.1417322834645669
华旺科技,2023-08-15,0.014499999999999999,0.1417322834645669
坚朗五金,2023-08-10,0.0146,0.140625
汇纳科技,2023-08-23,0.0146,0.140625
汇纳科技,2023-08-15,0.0113,0.140625
汇纳科技,2023-08-14,0.0128,0.140625
坚朗五金,2023-08-01,0.0128,0.140625
坚朗五金,2023-08-09,0.0168,0.140625
坚朗五金,2023-08-03,0.0175,0.140625
坚朗五金,2023-08-08,0.021400000000000002,0.140625
坚朗五金,2023-08-07,0.0194,0.140625
坚朗五金,2023-08-04,0.0208,0.140625
坚朗五金,2023-08-02,0.0141,0.140625
铜牛信息,2023-08-15,0.045,0.14016172506738545
铜牛信息,2023-08-21,0.0481,0.14016172506738545
铜牛信息,2023-08-23,0.042300000000000004,0.14016172506738545
铜牛信息,2023-08-14,0.0371,0.14016172506738545
铜牛信息,2023-08-16,0.051500000000000004,0.14016172506738545
铜牛信息,2023-08-18,0.0471,0.14016172506738545
中孚信息,2023-08-18,0.0131,0.13913043478260878
中孚信息,2023-08-21,0.0131,0.13913043478260878
中孚信息,2023-08-15,0.023399999999999997,0.13913043478260878
中孚信息,2023-08-14,0.0264,0.13913043478260878
中孚信息,2023-08-11,0.0115,0.13913043478260878
中孚信息,2023-08-16,0.013500000000000002,0.13913043478260878
绿岛风,2023-08-16,0.011399999999999999,0.13888888888888884
绿岛风,2023-07-14,0.0126,0.13888888888888884
绿岛风,2023-07-12,0.0144,0.13888888888888884
绿岛风,2023-07-13,0.0172,0.13888888888888884
绿岛风,2023-08-10,0.0123,0.13888888888888884
绿岛风,2023-08-18,0.016399999999999998,0.13888888888888884
美邦股份,2023-07-17,0.015700000000000002,0.13768115942029002
美邦股份,2023-07-12,0.0138,0.13768115942029002
美邦股份,2023-07-13,0.0197,0.13768115942029002
威力传动,2023-08-18,0.06,0.13636363636363624
威力传动,2023-08-11,0.0368,0.13636363636363624
威力传动,2023-08-14,0.052300000000000006,0.13636363636363624
威力传动,2023-08-15,0.052300000000000006,0.13636363636363624
威力传动,2023-08-23,0.03,0.13636363636363624
威力传动,2023-08-21,0.041100000000000005,0.13636363636363624
威力传动,2023-08-16,0.0482,0.13636363636363624
威力传动,2023-08-09,0.0264,0.13636363636363624
威力传动,2023-08-10,0.0264,0.13636363636363624
金新农,2023-08-04,0.011699999999999999,0.13592233009708732
维维股份,2023-08-03,0.011699999999999999,0.13592233009708732
金新农,2023-07-12,0.0103,0.13592233009708732
金徽酒,2023-08-04,0.0149,0.13592233009708732
金徽酒,2023-08-03,0.019299999999999998,0.13592233009708732
维维股份,2023-08-01,0.011699999999999999,0.13592233009708732
金徽酒,2023-08-02,0.013999999999999999,0.13592233009708732
金徽酒,2023-08-07,0.0129,0.13592233009708732
金徽酒,2023-08-08,0.011699999999999999,0.13592233009708732
金徽酒,2023-08-01,0.0131,0.13592233009708732
金徽酒,2023-07-31,0.0106,0.13592233009708732
金徽酒,2023-07-28,0.0103,0.13592233009708732
维维股份,2023-08-02,0.011399999999999999,0.13592233009708732
维维股份,2023-07-28,0.0103,0.13592233009708732
维维股份,2023-07-31,0.014499999999999999,0.13592233009708732
渤海租赁,2023-08-08,0.0191,0.13559322033898313
渤海租赁,2023-08-04,0.013999999999999999,0.13559322033898313
佳隆股份,2023-08-01,0.0118,0.13559322033898313
渤海租赁,2023-08-07,0.0149,0.13559322033898313
渤海租赁,2023-08-02,0.0118,0.13559322033898313
渤海租赁,2023-08-09,0.0161,0.13559322033898313
渤海租赁,2023-08-10,0.0134,0.13559322033898313
佳隆股份,2023-07-31,0.0118,0.13559322033898313
渤海租赁,2023-08-03,0.013500000000000002,0.13559322033898313
佳隆股份,2023-08-02,0.0101,0.13559322033898313
佳隆股份,2023-08-03,0.0134,0.13559322033898313
永泰能源,2023-07-31,0.0148,0.1351351351351351
永泰能源,2023-08-01,0.024900000000000002,0.1351351351351351
永泰能源,2023-08-04,0.018799999999999997,0.1351351351351351
永泰能源,2023-08-02,0.0191,0.1351351351351351
永泰能源,2023-08-07,0.015300000000000001,0.1351351351351351
永泰能源,2023-08-08,0.0168,0.1351351351351351
永泰能源,2023-08-03,0.018799999999999997,0.1351351351351351
显盈科技,2023-07-14,0.0104,0.13207547169811318
显盈科技,2023-07-13,0.0106,0.13207547169811318
显盈科技,2023-07-17,0.015300000000000001,0.13207547169811318
显盈科技,2023-07-19,0.012,0.13207547169811318
显盈科技,2023-07-20,0.012,0.13207547169811318
震有科技,2023-07-21,0.0103,0.13084112149532712
震有科技,2023-07-24,0.0282,0.13084112149532712
震有科技,2023-07-13,0.0321,0.13084112149532712
震有科技,2023-07-26,0.026099999999999998,0.13084112149532712
震有科技,2023-07-14,0.0103,0.13084112149532712
震有科技,2023-07-19,0.0222,0.13084112149532712
震有科技,2023-07-20,0.011699999999999999,0.13084112149532712
震有科技,2023-07-27,0.0363,0.13084112149532712
丰乐种业,2023-07-13,0.013600000000000001,0.128834355828221
丰乐种业,2023-07-12,0.0163,0.128834355828221
丰乐种业,2023-07-17,0.0184,0.128834355828221
丰乐种业,2023-07-14,0.0165,0.128834355828221
嘉戎技术,2023-07-31,0.0132,0.12820512820512842
嘉戎技术,2023-07-17,0.011699999999999999,0.12820512820512842
嘉戎技术,2023-07-26,0.0433,0.12820512820512842
荣联科技,2023-08-11,0.0118,0.12711864406779672
荣联科技,2023-08-14,0.013300000000000001,0.12711864406779672
华软科技,2023-08-10,0.0116,0.12621359223300965
华软科技,2023-08-04,0.0103,0.12621359223300965
天桥起重,2023-07-31,0.0174,0.12389380530973448
天桥起重,2023-07-28,0.0167,0.12389380530973448
天桥起重,2023-07-27,0.0137,0.12389380530973448
天桥起重,2023-07-26,0.0113,0.12389380530973448
天桥起重,2023-08-01,0.0127,0.12389380530973448
兰州银行,2023-08-04,0.0248,0.12217194570135748
兰州银行,2023-08-03,0.0159,0.12217194570135748
兰州银行,2023-07-28,0.022099999999999998,0.12217194570135748
兰州银行,2023-07-31,0.0124,0.12217194570135748
兰州银行,2023-08-01,0.01,0.12217194570135748
珠海中富,2023-08-02,0.0113,0.12068965517241392
珠海中富,2023-08-03,0.013000000000000001,0.12068965517241392
珠海中富,2023-07-28,0.011399999999999999,0.12068965517241392
珠海中富,2023-07-24,0.0116,0.12068965517241392
珠海中富,2023-07-26,0.013000000000000001,0.12068965517241392
珠海中富,2023-07-27,0.011200000000000002,0.12068965517241392
永信至诚,2023-07-17,0.0176,0.11956521739130443
永信至诚,2023-08-23,0.0206,0.11956521739130443
永信至诚,2023-07-14,0.0184,0.11956521739130443
永信至诚,2023-08-21,0.0103,0.11956521739130443
漱玉平民,2023-08-14,0.0113,0.1188118811881187
漱玉平民,2023-08-03,0.0161,0.1188118811881187
漱玉平民,2023-07-12,0.0101,0.1188118811881187
康龙化成,2023-08-03,0.0103,0.11650485436893199
康龙化成,2023-08-09,0.011399999999999999,0.11650485436893199
贵阳银行,2023-08-03,0.011699999999999999,0.11650485436893199
贵阳银行,2023-08-01,0.0115,0.11650485436893199
贵阳银行,2023-08-02,0.011699999999999999,0.11650485436893199
贵阳银行,2023-08-07,0.0123,0.11650485436893199
康龙化成,2023-08-08,0.0101,0.11650485436893199
康龙化成,2023-08-10,0.0115,0.11650485436893199
贵阳银行,2023-08-08,0.011399999999999999,0.11650485436893199
贵阳银行,2023-08-09,0.0115,0.11650485436893199
贵阳银行,2023-08-04,0.013300000000000001,0.11650485436893199
贵阳银行,2023-07-28,0.0103,0.11650485436893199
南都物业,2023-07-24,0.0105,0.1142857142857141
南都物业,2023-07-28,0.013000000000000001,0.1142857142857141
南都物业,2023-07-31,0.0111,0.1142857142857141
南都物业,2023-08-01,0.011200000000000002,0.1142857142857141
南都物业,2023-08-02,0.012,0.1142857142857141
南都物业,2023-08-03,0.011699999999999999,0.1142857142857141
四川美丰,2023-07-13,0.011200000000000002,0.11382113821138207
四川美丰,2023-07-14,0.011200000000000002,0.11382113821138207
四川美丰,2023-07-20,0.0124,0.11382113821138207
四川美丰,2023-07-17,0.0101,0.11382113821138207
四川美丰,2023-07-12,0.0123,0.11382113821138207
四川美丰,2023-07-26,0.0137,0.11382113821138207
楚环科技,2023-08-02,0.0219,0.11167512690355341
楚环科技,2023-08-01,0.0219,0.11167512690355341
楚环科技,2023-07-20,0.11960000000000001,0.11167512690355341
楚环科技,2023-07-31,0.0478,0.11167512690355341
楚环科技,2023-07-28,0.061900000000000004,0.11167512690355341
楚环科技,2023-07-27,0.0629,0.11167512690355341
楚环科技,2023-07-26,0.052199999999999996,0.11167512690355341
楚环科技,2023-07-21,0.0374,0.11167512690355341
楚环科技,2023-07-14,0.0431,0.11167512690355341
楚环科技,2023-07-13,0.0141,0.11167512690355341
楚环科技,2023-07-19,0.11960000000000001,0.11167512690355341
楚环科技,2023-07-17,0.0385,0.11167512690355341
楚环科技,2023-07-12,0.0197,0.11167512690355341
楚环科技,2023-07-24,0.065,0.11167512690355341
美瑞新材,2023-07-19,0.0108,0.11111111111111116
美瑞新材,2023-07-26,0.012,0.11111111111111116
美瑞新材,2023-07-21,0.0108,0.11111111111111116
江盐集团,2023-08-18,0.0138,0.10869565217391308
江盐集团,2023-08-21,0.015300000000000001,0.10869565217391308
青岛银行,2023-08-02,0.012,0.10476190476190461
青岛银行,2023-08-03,0.0121,0.10476190476190461
青岛银行,2023-07-31,0.013300000000000001,0.10476190476190461
青岛银行,2023-07-28,0.0105,0.10476190476190461
青岛银行,2023-08-07,0.0116,0.10476190476190461
青岛银行,2023-08-04,0.0131,0.10476190476190461
青岛银行,2023-08-01,0.013500000000000002,0.10476190476190461
索菲亚,2023-08-02,0.0139,0.10317460317460303
索菲亚,2023-08-01,0.0131,0.10317460317460303
索菲亚,2023-07-31,0.0126,0.10317460317460303
力盛体育,2023-08-16,0.0124,0.10185185185185164
力盛体育,2023-07-28,0.0108,0.10185185185185164
阳光诺和,2023-08-10,0.0154,0.10185185185185164
阳光诺和,2023-08-11,0.011899999999999999,0.10185185185185164
力盛体育,2023-08-23,0.011899999999999999,0.10185185185185164
力盛体育,2023-08-21,0.0101,0.10185185185185164
阳光诺和,2023-08-08,0.0108,0.10185185185185164
阳光诺和,2023-08-09,0.0146,0.10185185185185164
尚荣医疗,2023-07-28,0.0179,0.1005586592178771
尚荣医疗,2023-07-31,0.015300000000000001,0.1005586592178771
尚荣医疗,2023-08-03,0.0146,0.1005586592178771
尚荣医疗,2023-08-04,0.032400000000000005,0.1005586592178771
尚荣医疗,2023-08-07,0.023,0.1005586592178771
尚荣医疗,2023-08-09,0.0197,0.1005586592178771
尚荣医疗,2023-08-08,0.0215,0.1005586592178771
森麒麟,2023-08-02,0.019799999999999998,0.09944751381215466
森麒麟,2023-07-26,0.0167,0.09944751381215466
森麒麟,2023-07-12,0.0181,0.09944751381215466
森麒麟,2023-07-13,0.0155,0.09944751381215466
森麒麟,2023-07-24,0.019299999999999998,0.09944751381215466
森麒麟,2023-08-07,0.0199,0.09944751381215466
森麒麟,2023-08-04,0.0125,0.09944751381215466
森麒麟,2023-08-03,0.0169,0.09944751381215466
森麒麟,2023-08-01,0.0151,0.09944751381215466
森麒麟,2023-07-31,0.0155,0.09944751381215466
华铭智能,2023-07-12,0.0163,0.09815950920245409
华铭智能,2023-07-17,0.0179,0.09815950920245409
华铭智能,2023-07-14,0.0109,0.09815950920245409
中际旭创,2023-07-13,0.0103,0.09708737864077666
中际旭创,2023-08-07,0.0113,0.09708737864077666
中际旭创,2023-08-04,0.0121,0.09708737864077666
中际旭创,2023-08-01,0.0104,0.09708737864077666
中际旭创,2023-07-24,0.0166,0.09708737864077666
中际旭创,2023-07-21,0.0131,0.09708737864077666
中际旭创,2023-07-31,0.0134,0.09708737864077666
中际旭创,2023-07-20,0.013600000000000001,0.09708737864077666
中际旭创,2023-07-19,0.013600000000000001,0.09708737864077666
中际旭创,2023-07-17,0.0151,0.09708737864077666
中际旭创,2023-07-14,0.012,0.09708737864077666
中际旭创,2023-07-27,0.0127,0.09708737864077666
中际旭创,2023-07-26,0.0159,0.09708737864077666
南京高科,2023-08-03,0.018000000000000002,0.09615384615384603
南京高科,2023-08-01,0.0184,0.09615384615384603
南京高科,2023-07-31,0.0179,0.09615384615384603
南京高科,2023-07-28,0.0168,0.09615384615384603
南京高科,2023-07-27,0.0113,0.09615384615384603
南京高科,2023-07-26,0.0104,0.09615384615384603
南京高科,2023-08-07,0.011399999999999999,0.09615384615384603
南京高科,2023-08-04,0.0172,0.09615384615384603
南京高科,2023-08-02,0.0194,0.09615384615384603
酒钢宏兴,2023-08-01,0.0115,0.09523809523809512
酒钢宏兴,2023-07-31,0.0105,0.09523809523809512
舒泰神,2023-08-11,0.0118,0.09259259259259256
舒泰神,2023-08-09,0.0108,0.09259259259259256
容百科技,2023-08-11,0.012199999999999999,0.08737864077669921
容百科技,2023-08-18,0.011200000000000002,0.08737864077669921
容百科技,2023-08-14,0.0105,0.08737864077669921
容百科技,2023-08-09,0.0103,0.08737864077669921
博迈科,2023-08-14,0.0137,0.08730158730158721
博迈科,2023-08-10,0.0259,0.08730158730158721
博迈科,2023-08-09,0.025,0.08730158730158721
博迈科,2023-08-08,0.0253,0.08730158730158721
博迈科,2023-08-07,0.0253,0.08730158730158721
博迈科,2023-08-04,0.0219,0.08730158730158721
博迈科,2023-08-03,0.022000000000000002,0.08730158730158721
博迈科,2023-08-02,0.021,0.08730158730158721
博迈科,2023-08-01,0.021,0.08730158730158721
博迈科,2023-07-31,0.0231,0.08730158730158721
博迈科,2023-07-28,0.0126,0.08730158730158721
博迈科,2023-08-11,0.0199,0.08730158730158721
济南高新,2023-07-27,0.0139,0.08593749999999978
济南高新,2023-07-26,0.0128,0.08593749999999978
光明地产,2023-07-31,0.021400000000000002,0.0840336134453783
光明地产,2023-07-28,0.0127,0.0840336134453783
光明地产,2023-08-02,0.0259,0.0840336134453783
光明地产,2023-07-26,0.011899999999999999,0.0840336134453783
光明地产,2023-08-03,0.0259,0.0840336134453783
光明地产,2023-08-04,0.019299999999999998,0.0840336134453783
光明地产,2023-08-07,0.0129,0.0840336134453783
光明地产,2023-08-01,0.0227,0.0840336134453783
财富趋势,2023-08-16,0.0467,0.08235294117647052
财富趋势,2023-08-02,0.024900000000000002,0.08235294117647052
财富趋势,2023-07-28,0.017,0.08235294117647052
财富趋势,2023-08-01,0.0102,0.08235294117647052
财富趋势,2023-08-18,0.0393,0.08235294117647052
财富趋势,2023-08-03,0.037200000000000004,0.08235294117647052
财富趋势,2023-08-09,0.0415,0.08235294117647052
财富趋势,2023-08-21,0.0184,0.08235294117647052
财富趋势,2023-08-15,0.0394,0.08235294117647052
财富趋势,2023-08-14,0.051100000000000007,0.08235294117647052
财富趋势,2023-08-11,0.0429,0.08235294117647052
财富趋势,2023-08-04,0.0407,0.08235294117647052
财富趋势,2023-08-10,0.061200000000000004,0.08235294117647052
财富趋势,2023-08-08,0.0407,0.08235294117647052
财富趋势,2023-08-07,0.0407,0.08235294117647052
迎丰股份,2023-07-28,0.0287,0.0769230769230771
迎丰股份,2023-07-27,0.0313,0.0769230769230771
迎丰股份,2023-07-26,0.0233,0.0769230769230771
迎丰股份,2023-07-24,0.0219,0.0769230769230771
迎丰股份,2023-07-31,0.0279,0.0769230769230771
迎丰股份,2023-08-01,0.0275,0.0769230769230771
迎丰股份,2023-08-02,0.024,0.0769230769230771
迎丰股份,2023-08-03,0.0199,0.0769230769230771
迎丰股份,2023-08-21,0.011200000000000002,0.0769230769230771
迎丰股份,2023-07-19,0.0104,0.0769230769230771
迎丰股份,2023-07-20,0.021400000000000002,0.0769230769230771
迎丰股份,2023-07-21,0.0231,0.0769230769230771
嘉亨家化,2023-07-13,0.0154,0.07692307692307687
嘉亨家化,2023-07-12,0.0143,0.07692307692307687
宝新能源,2023-08-07,0.0151,0.07627118644067798
宝新能源,2023-08-04,0.0108,0.07627118644067798
宝新能源,2023-08-03,0.0118,0.07627118644067798
宝新能源,2023-08-09,0.0158,0.07627118644067798
宝新能源,2023-08-08,0.011899999999999999,0.07627118644067798
宝新能源,2023-08-10,0.013300000000000001,0.07627118644067798
宝新能源,2023-08-11,0.0129,0.07627118644067798
宝新能源,2023-08-14,0.0127,0.07627118644067798
阿特斯,2023-08-18,0.0199,0.07567567567567557
阿特斯,2023-08-16,0.018500000000000003,0.07567567567567557
同花顺,2023-08-11,0.011399999999999999,0.07547169811320731
同花顺,2023-08-10,0.0106,0.07547169811320731
葫芦娃,2023-07-13,0.0129,0.07499999999999996
葫芦娃,2023-07-12,0.012,0.07499999999999996
重庆建工,2023-08-01,0.012199999999999999,0.0747663551401867
重庆建工,2023-07-31,0.010700000000000001,0.0747663551401867
重庆建工,2023-08-02,0.0115,0.0747663551401867
大为股份,2023-07-17,0.0232,0.07407407407407396
大为股份,2023-07-13,0.0216,0.07407407407407396
大为股份,2023-07-14,0.019,0.07407407407407396
清研环境,2023-07-12,0.0176,0.07386363636363624
清研环境,2023-07-13,0.016399999999999998,0.07386363636363624
清研环境,2023-07-14,0.0141,0.07386363636363624
清研环境,2023-07-17,0.021099999999999997,0.07386363636363624
清研环境,2023-07-19,0.0189,0.07386363636363624
顺络电子,2023-07-12,0.0111,0.072072072072072
顺络电子,2023-08-10,0.011899999999999999,0.072072072072072
顺络电子,2023-08-09,0.0104,0.072072072072072
顺络电子,2023-07-13,0.011399999999999999,0.072072072072072
爱慕股份,2023-07-27,0.0108,0.07000000000000006
爱慕股份,2023-08-02,0.0163,0.07000000000000006
爱慕股份,2023-07-26,0.01,0.07000000000000006
爱慕股份,2023-08-03,0.014499999999999999,0.07000000000000006
爱慕股份,2023-08-04,0.010700000000000001,0.07000000000000006
爱慕股份,2023-07-28,0.0172,0.07000000000000006
爱慕股份,2023-08-01,0.022000000000000002,0.07000000000000006
爱慕股份,2023-07-31,0.0223,0.07000000000000006
建科机械,2023-07-13,0.0124,0.06896551724137945
建科机械,2023-07-12,0.0116,0.06896551724137945
红宝丽,2023-08-02,0.0102,0.06862745098039214
红宝丽,2023-08-03,0.0109,0.06862745098039214
中金岭南,2023-07-21,0.0161,0.06832298136645965
中金岭南,2023-07-24,0.0146,0.06832298136645965
中金岭南,2023-08-02,0.0172,0.06832298136645965
中金岭南,2023-08-01,0.0206,0.06832298136645965
中金岭南,2023-07-31,0.0173,0.06832298136645965
中金岭南,2023-07-28,0.019799999999999998,0.06832298136645965
中金岭南,2023-07-27,0.0155,0.06832298136645965
中金岭南,2023-07-26,0.016,0.06832298136645965
陕国投A,2023-08-10,0.0128,0.06666666666666665
光大嘉宝,2023-07-31,0.0236,0.06666666666666665
宁波联合,2023-07-31,0.0105,0.06666666666666665
陕国投A,2023-08-09,0.0124,0.06666666666666665
陕国投A,2023-08-04,0.0176,0.06666666666666665
光大嘉宝,2023-07-26,0.012,0.06666666666666665
光大嘉宝,2023-07-27,0.018799999999999997,0.06666666666666665
光大嘉宝,2023-07-28,0.022099999999999998,0.06666666666666665
光大嘉宝,2023-08-07,0.0276,0.06666666666666665
光大嘉宝,2023-08-01,0.024900000000000002,0.06666666666666665
陕国投A,2023-08-02,0.0123,0.06666666666666665
宁波联合,2023-08-04,0.011200000000000002,0.06666666666666665
宁波联合,2023-08-03,0.0131,0.06666666666666665
陕国投A,2023-08-01,0.012,0.06666666666666665
光大嘉宝,2023-08-10,0.0128,0.06666666666666665
陕国投A,2023-08-03,0.011200000000000002,0.06666666666666665
陕国投A,2023-07-31,0.012,0.06666666666666665
正源股份,2023-07-26,0.0128,0.06666666666666665
光大嘉宝,2023-08-02,0.0341,0.06666666666666665
正源股份,2023-07-13,0.012,0.06666666666666665
正源股份,2023-07-21,0.0108,0.06666666666666665
陕国投A,2023-08-07,0.015300000000000001,0.06666666666666665
光大嘉宝,2023-08-09,0.022400000000000003,0.06666666666666665
光大嘉宝,2023-08-03,0.0341,0.06666666666666665
宁波联合,2023-08-01,0.0141,0.06666666666666665
光大嘉宝,2023-08-08,0.023,0.06666666666666665
陕国投A,2023-08-08,0.014199999999999999,0.06666666666666665
光大嘉宝,2023-08-04,0.0275,0.06666666666666665
宁波联合,2023-08-02,0.0138,0.06666666666666665
西部牧业,2023-07-13,0.013300000000000001,0.06349206349206349
西部牧业,2023-07-26,0.0134,0.06349206349206349
西部牧业,2023-07-21,0.0194,0.06349206349206349
西部牧业,2023-07-14,0.010700000000000001,0.06349206349206349
西部牧业,2023-07-12,0.0126,0.06349206349206349
盟升电子,2023-08-14,0.011200000000000002,0.06249999999999978
盟升电子,2023-08-23,0.011899999999999999,0.06249999999999978
盟升电子,2023-08-21,0.0127,0.06249999999999978
盟升电子,2023-08-18,0.012,0.06249999999999978
盟升电子,2023-08-16,0.0116,0.06249999999999978
东百集团,2023-07-31,0.0147,0.0620155038759691
东百集团,2023-07-28,0.0129,0.0620155038759691
东百集团,2023-08-01,0.013000000000000001,0.0620155038759691
东百集团,2023-08-02,0.0137,0.0620155038759691
山西证券,2023-07-28,0.011399999999999999,0.061403508771930015
山西证券,2023-07-31,0.011699999999999999,0.061403508771930015
山西证券,2023-08-02,0.013000000000000001,0.061403508771930015
山西证券,2023-08-07,0.0161,0.061403508771930015
山西证券,2023-08-10,0.0121,0.061403508771930015
山西证券,2023-08-01,0.0129,0.061403508771930015
山西证券,2023-08-09,0.0143,0.061403508771930015
山西证券,2023-08-03,0.013500000000000002,0.061403508771930015
山西证券,2023-08-04,0.016200000000000003,0.061403508771930015
山西证券,2023-08-08,0.016200000000000003,0.061403508771930015
招标股份,2023-07-21,0.012199999999999999,0.060869565217391175
招标股份,2023-07-28,0.012199999999999999,0.060869565217391175
招标股份,2023-07-24,0.0163,0.060869565217391175
招标股份,2023-07-26,0.0341,0.060869565217391175
招标股份,2023-07-27,0.0215,0.060869565217391175
招标股份,2023-07-19,0.0139,0.060869565217391175
招标股份,2023-07-12,0.0115,0.060869565217391175
迪哲医药,2023-07-28,0.0301,0.06000000000000005
迪哲医药,2023-07-31,0.0301,0.06000000000000005
迪哲医药,2023-07-27,0.0163,0.06000000000000005
迪哲医药,2023-07-26,0.0219,0.06000000000000005
迪哲医药,2023-07-24,0.0155,0.06000000000000005
东北证券,2023-08-03,0.0118,0.06000000000000005
迪哲医药,2023-07-21,0.0121,0.06000000000000005
迪哲医药,2023-07-20,0.01,0.06000000000000005
迪哲医药,2023-08-07,0.0111,0.06000000000000005
东北证券,2023-08-04,0.016399999999999998,0.06000000000000005
迪哲医药,2023-08-01,0.0118,0.06000000000000005
东北证券,2023-08-07,0.018600000000000002,0.06000000000000005
迪哲医药,2023-08-02,0.0172,0.06000000000000005
东北证券,2023-08-01,0.01,0.06000000000000005
东北证券,2023-08-08,0.0181,0.06000000000000005
迪哲医药,2023-08-08,0.0106,0.06000000000000005
东北证券,2023-08-10,0.0184,0.06000000000000005
东北证券,2023-08-11,0.0106,0.06000000000000005
东北证券,2023-08-09,0.0177,0.06000000000000005
迪哲医药,2023-08-03,0.0184,0.06000000000000005
东北证券,2023-08-02,0.0102,0.06000000000000005
迪哲医药,2023-08-04,0.0194,0.06000000000000005
凯格精机,2023-07-17,0.022799999999999997,0.0588235294117645
凯格精机,2023-07-14,0.013000000000000001,0.0588235294117645
凯格精机,2023-07-19,0.0862,0.0588235294117645
凯格精机,2023-07-20,0.1081,0.0588235294117645
凯格精机,2023-07-13,0.0187,0.0588235294117645
凯格精机,2023-07-27,0.019799999999999998,0.0588235294117645
凯格精机,2023-07-26,0.0475,0.0588235294117645
凯格精机,2023-07-24,0.0642,0.0588235294117645
凯格精机,2023-07-21,0.1081,0.0588235294117645
飞马国际,2023-07-28,0.0109,0.058252427184465994
飞马国际,2023-07-26,0.011899999999999999,0.058252427184465994
飞马国际,2023-07-21,0.0103,0.058252427184465994
蠡湖股份,2023-07-12,0.0121,0.05785123966942152
蠡湖股份,2023-07-17,0.0128,0.05785123966942152
*ST美谷,2023-07-28,0.011000000000000001,0.05769230769230793
*ST美谷,2023-07-27,0.0104,0.05769230769230793
卧龙地产,2023-07-31,0.0111,0.05714285714285716
卧龙地产,2023-07-28,0.0105,0.05714285714285716
开开实业,2023-08-04,0.0111,0.05714285714285716
开开实业,2023-08-03,0.013000000000000001,0.05714285714285716
开开实业,2023-08-02,0.0105,0.05714285714285716
信安世纪,2023-08-14,0.0163,0.05660377358490587
信安世纪,2023-08-08,0.014499999999999999,0.05660377358490587
信安世纪,2023-08-03,0.0106,0.05660377358490587
信安世纪,2023-08-04,0.014499999999999999,0.05660377358490587
信安世纪,2023-08-07,0.013000000000000001,0.05660377358490587
新光药业,2023-07-24,0.0106,0.05660377358490587
新光药业,2023-07-26,0.011200000000000002,0.05660377358490587
信安世纪,2023-08-15,0.011200000000000002,0.05660377358490587
信安世纪,2023-08-10,0.0138,0.05660377358490587
信安世纪,2023-08-09,0.0128,0.05660377358490587
百诚医药,2023-08-15,0.0194,0.05645161290322598
百诚医药,2023-08-16,0.0196,0.05645161290322598
百诚医药,2023-08-03,0.0124,0.05645161290322598
百诚医药,2023-08-11,0.030600000000000002,0.05645161290322598
百诚医药,2023-08-14,0.0253,0.05645161290322598
百诚医药,2023-08-10,0.0241,0.05645161290322598
百诚医药,2023-08-18,0.0169,0.05645161290322598
百诚医药,2023-08-21,0.0101,0.05645161290322598
百诚医药,2023-08-23,0.0131,0.05645161290322598
百诚医药,2023-08-09,0.018000000000000002,0.05645161290322598
杰普特,2023-08-10,0.0125,0.05599999999999983
杰普特,2023-08-11,0.0132,0.05599999999999983
宁波中百,2023-07-20,0.0125,0.05599999999999983
宁波中百,2023-08-03,0.0132,0.05599999999999983
宁波中百,2023-08-02,0.015300000000000001,0.05599999999999983
宁波中百,2023-08-01,0.017,0.05599999999999983
宁波中百,2023-07-28,0.0169,0.05599999999999983
宁波中百,2023-07-27,0.013300000000000001,0.05599999999999983
宁波中百,2023-07-24,0.0168,0.05599999999999983
宁波中百,2023-07-26,0.016,0.05599999999999983
宁波中百,2023-07-21,0.0141,0.05599999999999983
宁波中百,2023-07-31,0.0173,0.05599999999999983
申华控股,2023-08-02,0.0206,0.05555555555555536
申华控股,2023-08-03,0.0383,0.05555555555555536
申华控股,2023-07-31,0.0281,0.05555555555555536
申华控股,2023-08-01,0.0233,0.05555555555555536
申华控股,2023-08-08,0.022799999999999997,0.05555555555555536
申华控股,2023-07-28,0.0165,0.05555555555555536
申华控股,2023-07-27,0.0216,0.05555555555555536
申华控股,2023-08-07,0.0248,0.05555555555555536
申华控股,2023-08-04,0.027999999999999997,0.05555555555555536
美思德,2023-07-13,0.0116,0.05454545454545445
美思德,2023-07-12,0.011000000000000001,0.05454545454545445
*ST西发,2023-08-07,0.013000000000000001,0.05384615384615388
*ST西发,2023-08-08,0.0159,0.05384615384615388
*ST西发,2023-08-09,0.028300000000000002,0.05384615384615388
*ST西发,2023-08-10,0.0178,0.05384615384615388
*ST西发,2023-08-11,0.0146,0.05384615384615388
*ST西发,2023-08-14,0.0137,0.05384615384615388
莱尔科技,2023-08-10,0.0159,0.05263157894736814
莱尔科技,2023-08-07,0.013300000000000001,0.05263157894736814
莱尔科技,2023-08-14,0.03,0.05263157894736814
莱尔科技,2023-08-09,0.0149,0.05263157894736814
莱尔科技,2023-08-11,0.019799999999999998,0.05263157894736814
莱尔科技,2023-08-08,0.0128,0.05263157894736814
莱尔科技,2023-08-15,0.022400000000000003,0.05263157894736814
莱尔科技,2023-08-16,0.016399999999999998,0.05263157894736814
莱尔科技,2023-08-18,0.013999999999999999,0.05263157894736814
绝味食品,2023-07-24,0.0146,0.051851851851851594
绝味食品,2023-07-21,0.013500000000000002,0.051851851851851594
绝味食品,2023-07-27,0.0152,0.051851851851851594
绝味食品,2023-07-28,0.014199999999999999,0.051851851851851594
绝味食品,2023-07-26,0.0158,0.051851851851851594
普邦股份,2023-08-01,0.015,0.051724137931034475
普邦股份,2023-08-04,0.012199999999999999,0.051724137931034475
普邦股份,2023-08-03,0.0161,0.051724137931034475
普邦股份,2023-08-02,0.0172,0.051724137931034475
普邦股份,2023-07-31,0.0245,0.051724137931034475
普邦股份,2023-07-24,0.0108,0.051724137931034475
普邦股份,2023-07-28,0.0203,0.051724137931034475
普邦股份,2023-07-21,0.0116,0.051724137931034475
普邦股份,2023-07-27,0.0246,0.051724137931034475
普邦股份,2023-07-26,0.016399999999999998,0.051724137931034475
博硕科技,2023-07-14,0.0141,0.05128205128205132
博硕科技,2023-07-13,0.0146,0.05128205128205132
博硕科技,2023-07-12,0.011699999999999999,0.05128205128205132
博硕科技,2023-07-17,0.0123,0.05128205128205132
东旭光电,2023-08-03,0.0123,0.05128205128205132
东旭光电,2023-08-02,0.0171,0.05128205128205132
东旭光电,2023-08-01,0.0245,0.05128205128205132
东旭光电,2023-07-31,0.011699999999999999,0.05128205128205132
山东钢铁,2023-07-31,0.013600000000000001,0.04958677685950419
山东钢铁,2023-08-02,0.0141,0.04958677685950419
山东钢铁,2023-08-03,0.016,0.04958677685950419
山东钢铁,2023-07-28,0.0121,0.04958677685950419
山东钢铁,2023-08-01,0.018799999999999997,0.04958677685950419
山东钢铁,2023-08-07,0.0127,0.04958677685950419
山东钢铁,2023-08-04,0.0151,0.04958677685950419
皖通科技,2023-07-13,0.0101,0.0490196078431373
皖通科技,2023-07-14,0.0106,0.0490196078431373
皖通科技,2023-07-17,0.010700000000000001,0.0490196078431373
皖通科技,2023-07-12,0.0102,0.0490196078431373
药明康德,2023-08-10,0.0137,0.045454545454545414
药明康德,2023-08-11,0.0115,0.045454545454545414
药明康德,2023-08-09,0.011000000000000001,0.045454545454545414
中泰化学,2023-08-01,0.012,0.04347826086956519
中泰化学,2023-07-28,0.0115,0.04347826086956519
中泰化学,2023-07-31,0.0131,0.04347826086956519
中国天楹,2023-08-02,0.0147,0.04132231404958686
中国天楹,2023-08-09,0.0126,0.04132231404958686
中国天楹,2023-08-07,0.013300000000000001,0.04132231404958686
中国天楹,2023-08-03,0.0139,0.04132231404958686
中国天楹,2023-08-04,0.014199999999999999,0.04132231404958686
中国天楹,2023-08-01,0.0172,0.04132231404958686
中国天楹,2023-07-31,0.0121,0.04132231404958686
中国天楹,2023-08-08,0.0128,0.04132231404958686
广百股份,2023-07-24,0.0143,0.040983606557376984
广百股份,2023-07-20,0.012199999999999999,0.040983606557376984
广百股份,2023-07-26,0.0154,0.040983606557376984
广百股份,2023-07-28,0.015600000000000001,0.040983606557376984
广百股份,2023-07-31,0.0194,0.040983606557376984
广百股份,2023-08-01,0.021,0.040983606557376984
广百股份,2023-08-02,0.021099999999999997,0.040983606557376984
广百股份,2023-07-21,0.013999999999999999,0.040983606557376984
广百股份,2023-07-27,0.0139,0.040983606557376984
广百股份,2023-08-03,0.02,0.040983606557376984
广百股份,2023-08-04,0.0127,0.040983606557376984
中泰证券,2023-08-10,0.0129,0.040322580645161255
中泰证券,2023-08-09,0.011699999999999999,0.040322580645161255
中泰证券,2023-08-08,0.0132,0.040322580645161255
中泰证券,2023-08-07,0.011000000000000001,0.040322580645161255
中泰证券,2023-08-04,0.0129,0.040322580645161255
中泰证券,2023-08-03,0.0124,0.040322580645161255
飞鹿股份,2023-07-26,0.02,0.040000000000000036
飞鹿股份,2023-08-21,0.0235,0.040000000000000036
飞鹿股份,2023-07-27,0.027999999999999997,0.040000000000000036
飞鹿股份,2023-07-28,0.027999999999999997,0.040000000000000036
飞鹿股份,2023-08-18,0.0195,0.040000000000000036
飞鹿股份,2023-08-23,0.0208,0.040000000000000036
粤桂股份,2023-07-13,0.010700000000000001,0.038834951456310884
粤桂股份,2023-07-12,0.0103,0.038834951456310884
宏力达,2023-07-13,0.0109,0.03809523809523796
宏力达,2023-07-12,0.0105,0.03809523809523796
赢合科技,2023-08-08,0.014199999999999999,0.03649635036496335
赢合科技,2023-07-13,0.0424,0.03649635036496335
赢合科技,2023-07-12,0.0137,0.03649635036496335
赢合科技,2023-08-02,0.0275,0.03649635036496335
赢合科技,2023-07-17,0.061200000000000004,0.03649635036496335
赢合科技,2023-07-19,0.0764,0.03649635036496335
赢合科技,2023-07-20,0.0766,0.03649635036496335
赢合科技,2023-07-21,0.075,0.03649635036496335
赢合科技,2023-07-24,0.075,0.03649635036496335
赢合科技,2023-08-01,0.0353,0.03649635036496335
赢合科技,2023-08-07,0.013999999999999999,0.03649635036496335
赢合科技,2023-07-26,0.08449999999999999,0.03649635036496335
赢合科技,2023-07-27,0.0776,0.03649635036496335
赢合科技,2023-07-14,0.048799999999999996,0.03649635036496335
赢合科技,2023-07-28,0.0688,0.03649635036496335
赢合科技,2023-07-31,0.04019999999999999,0.03649635036496335
英方软件,2023-08-07,0.011000000000000001,0.036363636363636154
英方软件,2023-08-15,0.011399999999999999,0.036363636363636154
国联证券,2023-08-01,0.015300000000000001,0.034482758620689946
国联证券,2023-07-28,0.0174,0.034482758620689946
国联证券,2023-07-31,0.011399999999999999,0.034482758620689946
国联证券,2023-08-02,0.018000000000000002,0.034482758620689946
汇嘉时代,2023-07-31,0.0154,0.034482758620689724
汇嘉时代,2023-08-01,0.012,0.034482758620689724
汇嘉时代,2023-07-28,0.0116,0.034482758620689724
起帆电缆,2023-07-13,0.0151,0.03424657534246589
起帆电缆,2023-07-12,0.0146,0.03424657534246589
统一股份,2023-07-12,0.011699999999999999,0.03418803418803429
统一股份,2023-07-13,0.0121,0.03418803418803429
长城证券,2023-08-09,0.0115,0.03361344537815136
长城证券,2023-08-10,0.0123,0.03361344537815136
长城证券,2023-08-07,0.0125,0.03361344537815136
长城证券,2023-08-04,0.011899999999999999,0.03361344537815136
长城证券,2023-08-08,0.011699999999999999,0.03361344537815136
维康药业,2023-07-12,0.021,0.033333333333333215
维康药业,2023-08-15,0.0124,0.033333333333333215
维康药业,2023-07-17,0.0137,0.033333333333333215
维康药业,2023-08-23,0.0217,0.033333333333333215
维康药业,2023-07-14,0.015700000000000002,0.033333333333333215
维康药业,2023-07-13,0.022400000000000003,0.033333333333333215
维康药业,2023-07-19,0.0102,0.033333333333333215
维康药业,2023-08-16,0.0254,0.033333333333333215
维康药业,2023-08-18,0.0178,0.033333333333333215
维康药业,2023-08-21,0.013600000000000001,0.033333333333333215
张家界,2023-08-01,0.0158,0.03200000000000003
张家界,2023-08-03,0.0129,0.03200000000000003
张家界,2023-08-02,0.013500000000000002,0.03200000000000003
张家界,2023-07-31,0.0125,0.03200000000000003
浦东金桥,2023-08-02,0.0104,0.030000000000000027
浦东金桥,2023-07-31,0.01,0.030000000000000027
浦东金桥,2023-08-03,0.0103,0.030000000000000027
天山铝业,2023-07-27,0.0101,0.02970297029702973
天山铝业,2023-07-28,0.0137,0.02970297029702973
天山铝业,2023-07-31,0.0104,0.02970297029702973
天山铝业,2023-08-01,0.0104,0.02970297029702973
金禾实业,2023-07-24,0.0159,0.02941176470588225
金禾实业,2023-07-21,0.0102,0.02941176470588225
金禾实业,2023-07-26,0.0105,0.02941176470588225
步科股份,2023-08-07,0.0209,0.028846153846153966
步科股份,2023-08-08,0.010700000000000001,0.028846153846153966
步科股份,2023-07-19,0.0104,0.028846153846153966
步科股份,2023-07-20,0.023399999999999997,0.028846153846153966
步科股份,2023-07-24,0.0302,0.028846153846153966
步科股份,2023-08-04,0.0421,0.028846153846153966
步科股份,2023-07-26,0.0227,0.028846153846153966
步科股份,2023-07-28,0.0441,0.028846153846153966
步科股份,2023-07-31,0.038900000000000004,0.028846153846153966
步科股份,2023-08-01,0.0346,0.028846153846153966
步科股份,2023-08-02,0.0504,0.028846153846153966
步科股份,2023-08-03,0.0218,0.028846153846153966
步科股份,2023-07-27,0.0358,0.028846153846153966
联德股份,2023-07-19,0.0152,0.028571428571428692
联德股份,2023-07-17,0.0144,0.028571428571428692
联德股份,2023-07-14,0.0132,0.028571428571428692
联德股份,2023-07-13,0.013999999999999999,0.028571428571428692
联德股份,2023-07-24,0.0138,0.028571428571428692
联德股份,2023-07-20,0.0159,0.028571428571428692
联德股份,2023-07-21,0.0167,0.028571428571428692
联德股份,2023-07-26,0.0144,0.028571428571428692
爱建集团,2023-08-07,0.0131,0.028037383177569986
爱建集团,2023-08-04,0.0161,0.028037383177569986
爱建集团,2023-08-03,0.0169,0.028037383177569986
爱建集团,2023-08-08,0.0127,0.028037383177569986
爱建集团,2023-08-09,0.0106,0.028037383177569986
爱建集团,2023-07-31,0.010700000000000001,0.028037383177569986
爱建集团,2023-08-02,0.0137,0.028037383177569986
爱建集团,2023-08-01,0.0134,0.028037383177569986
爱建集团,2023-08-10,0.011000000000000001,0.028037383177569986
宁波色母,2023-07-24,0.0121,0.02777777777777768
宁波色母,2023-07-21,0.0131,0.02777777777777768
宁波色母,2023-07-20,0.0139,0.02777777777777768
宁波色母,2023-07-19,0.0137,0.02777777777777768
宁波色母,2023-07-17,0.0123,0.02777777777777768
宁波色母,2023-07-12,0.0108,0.02777777777777768
宁波色母,2023-07-26,0.015700000000000002,0.02777777777777768
宁波色母,2023-07-27,0.013600000000000001,0.02777777777777768
宁波色母,2023-07-28,0.0111,0.02777777777777768
广联达,2023-07-31,0.0109,0.026548672566371723
广联达,2023-08-01,0.0118,0.026548672566371723
广联达,2023-08-02,0.0111,0.026548672566371723
广联达,2023-08-03,0.0102,0.026548672566371723
广联达,2023-08-04,0.0116,0.026548672566371723
广联达,2023-07-28,0.0113,0.026548672566371723
通力科技,2023-07-20,0.0269,0.025236593059936974
通力科技,2023-08-02,0.048600000000000004,0.025236593059936974
通力科技,2023-08-01,0.09539999999999998,0.025236593059936974
通力科技,2023-08-04,0.0325,0.025236593059936974
通力科技,2023-07-13,0.0317,0.025236593059936974
通力科技,2023-07-14,0.045700000000000005,0.025236593059936974
通力科技,2023-07-17,0.020099999999999996,0.025236593059936974
通力科技,2023-07-21,0.0269,0.025236593059936974
通力科技,2023-07-26,0.057300000000000004,0.025236593059936974
通力科技,2023-07-27,0.057300000000000004,0.025236593059936974
通力科技,2023-07-28,0.0818,0.025236593059936974
通力科技,2023-07-31,0.071,0.025236593059936974
欧圣电气,2023-07-12,0.012,0.02499999999999991
欧圣电气,2023-08-18,0.0123,0.02499999999999991
华谊兄弟,2023-08-08,0.021099999999999997,0.02499999999999991
华谊兄弟,2023-08-10,0.0123,0.02499999999999991
华谊兄弟,2023-07-21,0.012,0.02499999999999991
华谊兄弟,2023-07-31,0.0113,0.02499999999999991
华谊兄弟,2023-07-24,0.01,0.02499999999999991
华谊兄弟,2023-08-07,0.012,0.02499999999999991
喜悦智行,2023-07-12,0.0125,0.02400000000000002
喜悦智行,2023-07-19,0.0128,0.02400000000000002
喜悦智行,2023-07-13,0.010700000000000001,0.02400000000000002
金科股份,2023-08-15,0.011200000000000002,0.022222222222222143
金科股份,2023-08-16,0.0337,0.022222222222222143
金科股份,2023-08-18,0.023,0.022222222222222143
金科股份,2023-08-14,0.0353,0.022222222222222143
金科股份,2023-08-07,0.0548,0.022222222222222143
金科股份,2023-08-04,0.0548,0.022222222222222143
金科股份,2023-08-03,0.059000000000000004,0.022222222222222143
金科股份,2023-08-02,0.0713,0.022222222222222143
金科股份,2023-08-01,0.0693,0.022222222222222143
金科股份,2023-07-31,0.0605,0.022222222222222143
金科股份,2023-07-28,0.042300000000000004,0.022222222222222143
金科股份,2023-07-27,0.0225,0.022222222222222143
金科股份,2023-08-11,0.0353,0.022222222222222143
*ST中期,2023-08-01,0.0151,0.020270270270270174
*ST中期,2023-07-31,0.0148,0.020270270270270174
寒武纪,2023-07-13,0.0171,0.019607843137254832
寒武纪,2023-07-17,0.0191,0.019607843137254832
寒武纪,2023-07-14,0.0235,0.019607843137254832
寒武纪,2023-07-12,0.0102,0.019607843137254832
家联科技,2023-07-14,0.0104,0.019607843137254832
家联科技,2023-07-13,0.0101,0.019607843137254832
家联科技,2023-07-12,0.0102,0.019607843137254832
寒武纪,2023-07-19,0.0104,0.019607843137254832
重庆路桥,2023-07-26,0.0116,0.01941747572815533
重庆路桥,2023-07-27,0.0105,0.01941747572815533
重庆路桥,2023-07-19,0.013600000000000001,0.01941747572815533
重庆路桥,2023-07-17,0.0121,0.01941747572815533
重庆路桥,2023-07-14,0.0131,0.01941747572815533
重庆路桥,2023-07-13,0.0103,0.01941747572815533
重庆路桥,2023-07-24,0.011200000000000002,0.01941747572815533
豪尔赛,2023-07-12,0.0104,0.019230769230769384
豪尔赛,2023-07-31,0.0103,0.019230769230769384
豪尔赛,2023-08-01,0.0108,0.019230769230769384
豪尔赛,2023-08-02,0.0106,0.019230769230769384
赛托生物,2023-07-31,0.0105,0.019047619047619202
赛托生物,2023-08-03,0.010700000000000001,0.019047619047619202
赛托生物,2023-08-04,0.010700000000000001,0.019047619047619202
苏州高新,2023-08-04,0.011200000000000002,0.0181818181818183
苏州高新,2023-08-03,0.015300000000000001,0.0181818181818183
苏州高新,2023-08-02,0.0146,0.0181818181818183
苏州高新,2023-08-01,0.0195,0.0181818181818183
苏州高新,2023-07-31,0.0174,0.0181818181818183
苏州高新,2023-07-28,0.0167,0.0181818181818183
苏州高新,2023-07-27,0.011000000000000001,0.0181818181818183
博亚精工,2023-07-17,0.0118,0.017241379310344973
博亚精工,2023-07-14,0.0116,0.017241379310344973
天虹股份,2023-07-31,0.0131,0.017094017094017033
迈威生物,2023-07-13,0.011899999999999999,0.017094017094017033
迈威生物,2023-07-12,0.011699999999999999,0.017094017094017033
天虹股份,2023-07-24,0.011699999999999999,0.017094017094017033
天虹股份,2023-07-26,0.0109,0.017094017094017033
天虹股份,2023-07-27,0.0102,0.017094017094017033
天虹股份,2023-07-28,0.011899999999999999,0.017094017094017033
天虹股份,2023-08-02,0.011899999999999999,0.017094017094017033
天虹股份,2023-08-01,0.011399999999999999,0.017094017094017033
长电科技,2023-07-14,0.0169,0.016666666666666607
长电科技,2023-07-17,0.0171,0.016666666666666607
长电科技,2023-07-26,0.0189,0.016666666666666607
长电科技,2023-07-27,0.0129,0.016666666666666607
长电科技,2023-07-19,0.0155,0.016666666666666607
中国海油,2023-07-13,0.012,0.016666666666666607
中国海油,2023-07-14,0.012199999999999999,0.016666666666666607
长电科技,2023-07-24,0.0197,0.016666666666666607
长电科技,2023-07-20,0.0168,0.016666666666666607
长电科技,2023-07-28,0.012199999999999999,0.016666666666666607
长电科技,2023-07-21,0.0197,0.016666666666666607
长电科技,2023-07-13,0.012,0.016666666666666607
仙坛股份,2023-07-13,0.0129,0.015748031496062964
仙坛股份,2023-07-12,0.0127,0.015748031496062964
毅昌科技,2023-07-12,0.0129,0.015503875968992276
毅昌科技,2023-07-13,0.0131,0.015503875968992276
文投控股,2023-07-21,0.013300000000000001,0.015037593984962516
文投控股,2023-07-24,0.0105,0.015037593984962516
文投控股,2023-07-31,0.013500000000000002,0.015037593984962516
中创环保,2023-07-12,0.014199999999999999,0.014084507042253502
中创环保,2023-07-17,0.0147,0.014084507042253502
中创环保,2023-07-19,0.0144,0.014084507042253502
爱丽家居,2023-07-14,0.0102,0.00990099009900991
莱绅通灵,2023-08-03,0.0102,0.00990099009900991
莱绅通灵,2023-08-02,0.0106,0.00990099009900991
莱绅通灵,2023-08-01,0.0101,0.00990099009900991
万年青,2023-08-02,0.0102,0.00990099009900991
万年青,2023-08-01,0.0101,0.00990099009900991
爱丽家居,2023-07-13,0.0102,0.00990099009900991
爱丽家居,2023-07-12,0.0101,0.00990099009900991
惠城环保,2023-08-07,0.011899999999999999,0.009803921568627416
惠城环保,2023-08-04,0.0102,0.009803921568627416
惠城环保,2023-08-08,0.0103,0.009803921568627416
恒润股份,2023-08-16,0.0103,0.009803921568627416
恒润股份,2023-08-14,0.0123,0.009803921568627416
恒润股份,2023-08-08,0.0111,0.009803921568627416
恒润股份,2023-08-07,0.0102,0.009803921568627416
卓胜微,2023-08-01,0.0102,0.009803921568627416
卓胜微,2023-08-04,0.0103,0.009803921568627416
安源煤业,2023-08-02,0.0104,0.009708737864077666
安源煤业,2023-08-01,0.010700000000000001,0.009708737864077666
安源煤业,2023-07-28,0.0103,0.009708737864077666
无锡银行,2023-08-02,0.0104,0.009615384615384803
无锡银行,2023-08-10,0.0105,0.009615384615384803
无锡银行,2023-08-07,0.0113,0.009615384615384803
无锡银行,2023-08-04,0.011000000000000001,0.009615384615384803
无锡银行,2023-08-03,0.011000000000000001,0.009615384615384803
南华期货,2023-08-01,0.0108,0.009345794392523255
深赛格,2023-07-28,0.010700000000000001,0.009345794392523255
南华期货,2023-07-31,0.013600000000000001,0.009345794392523255
深赛格,2023-07-31,0.0108,0.009345794392523255
南华期货,2023-07-28,0.010700000000000001,0.009345794392523255
华纺股份,2023-08-03,0.011200000000000002,0.009009009009009139
华纺股份,2023-08-02,0.0132,0.009009009009009139
华纺股份,2023-08-01,0.015,0.009009009009009139
华纺股份,2023-07-31,0.0149,0.009009009009009139
华纺股份,2023-07-28,0.0111,0.009009009009009139
华友钴业,2023-07-20,0.0132,0.008928571428571175
华友钴业,2023-07-13,0.011200000000000002,0.008928571428571175
华友钴业,2023-07-26,0.0113,0.008928571428571175
乔治白,2023-07-12,0.0115,0.008695652173912993
乔治白,2023-07-14,0.011000000000000001,0.008695652173912993
乔治白,2023-07-20,0.011899999999999999,0.008695652173912993
乔治白,2023-07-31,0.0116,0.008695652173912993
乔治白,2023-07-19,0.0105,0.008695652173912993
哈投股份,2023-08-03,0.012199999999999999,0.008264462809917328
哈投股份,2023-08-02,0.0121,0.008264462809917328
飞荣达,2023-07-26,0.030299999999999997,0.006644518272425293
飞荣达,2023-07-24,0.04019999999999999,0.006644518272425293
飞荣达,2023-07-19,0.0337,0.006644518272425293
飞荣达,2023-07-21,0.037000000000000005,0.006644518272425293
飞荣达,2023-07-20,0.042199999999999994,0.006644518272425293
飞荣达,2023-07-13,0.0301,0.006644518272425293
飞荣达,2023-07-14,0.0286,0.006644518272425293
飞荣达,2023-07-17,0.0347,0.006644518272425293
亚宝药业,2023-08-16,0.031,0.00588235294117645
亚宝药业,2023-08-23,0.0171,0.00588235294117645
亚宝药业,2023-08-21,0.017,0.00588235294117645
亚宝药业,2023-08-18,0.021099999999999997,0.00588235294117645
亚宝药业,2023-08-11,0.017,0.00588235294117645
亚宝药业,2023-08-15,0.027999999999999997,0.00588235294117645
亚宝药业,2023-08-14,0.0161,0.00588235294117645
通行宝,2023-08-07,0.0166,0.005376344086021501
通行宝,2023-08-15,0.0187,0.005376344086021501
通行宝,2023-08-14,0.014499999999999999,0.005376344086021501
通行宝,2023-08-11,0.0148,0.005376344086021501
通行宝,2023-08-10,0.015300000000000001,0.005376344086021501
通行宝,2023-07-12,0.018600000000000002,0.005376344086021501
通行宝,2023-08-09,0.0161,0.005376344086021501
通行宝,2023-08-08,0.0118,0.005376344086021501
博闻科技,2023-07-27,0.0102,0.0
博闻科技,2023-07-28,0.0101,0.0
博闻科技,2023-07-31,0.010700000000000001,0.0
宝利国际,2023-07-27,0.0182,0.0
宝利国际,2023-07-28,0.0171,0.0
博闻科技,2023-08-01,0.0113,0.0
浙江正特,2023-07-19,0.0101,0.0
宝利国际,2023-07-31,0.0232,0.0
宝利国际,2023-08-01,0.0262,0.0
天龙集团,2023-07-28,0.0118,0.0
宝利国际,2023-08-02,0.0302,0.0
宝利国际,2023-08-03,0.0259,0.0
宝利国际,2023-08-04,0.0138,0.0
天喻信息,2023-08-10,0.0104,0.0
宝利国际,2023-08-07,0.0126,0.0
宝利国际,2023-08-08,0.0182,0.0
浙江正特,2023-07-20,0.0101,0.0
天龙集团,2023-07-31,0.0123,0.0
科安达,2023-07-12,0.0108,0.0
博闻科技,2023-07-24,0.011399999999999999,0.0
东珠生态,2023-07-28,0.0113,0.0
昆药集团,2023-07-27,0.018799999999999997,0.0
东兴证券,2023-08-10,0.0165,0.0
东兴证券,2023-08-11,0.0103,0.0
东珠生态,2023-08-01,0.011699999999999999,0.0
东珠生态,2023-07-31,0.0121,0.0
昆药集团,2023-07-28,0.0182,0.0
昆药集团,2023-07-31,0.013500000000000002,0.0
东方智造,2023-08-02,0.0131,0.0
锴威特,2023-08-18,0.0462,0.0
德福科技,2023-08-23,0.029900000000000003,0.0
锴威特,2023-08-21,0.0462,0.0
锴威特,2023-08-23,0.0462,0.0
东方智造,2023-08-03,0.0131,0.0
京东方A,2023-07-19,0.0106,0.0
京东方A,2023-07-17,0.0109,0.0
京东方A,2023-07-14,0.0116,0.0
京东方A,2023-07-13,0.0129,0.0
京东方A,2023-07-12,0.0106,0.0
昆药集团,2023-07-26,0.0194,0.0
东兴证券,2023-08-09,0.0151,0.0
东珠生态,2023-08-02,0.0113,0.0
博众精工,2023-07-17,0.0125,0.0
德福科技,2023-08-21,0.029900000000000003,0.0
博闻科技,2023-07-21,0.011899999999999999,0.0
博闻科技,2023-07-20,0.0123,0.0
博闻科技,2023-07-19,0.0123,0.0
博闻科技,2023-07-17,0.0138,0.0
博闻科技,2023-07-14,0.0115,0.0
博闻科技,2023-07-13,0.011399999999999999,0.0
博闻科技,2023-07-12,0.0113,0.0
科安达,2023-07-17,0.0108,0.0
天龙集团,2023-07-24,0.0147,0.0
天龙集团,2023-07-20,0.0105,0.0
协昌科技,2023-08-21,0.0689,0.0
德福科技,2023-08-18,0.029900000000000003,0.0
协昌科技,2023-08-23,0.0689,0.0
昆药集团,2023-07-24,0.013500000000000002,0.0
博众精工,2023-07-20,0.0125,0.0
博众精工,2023-07-19,0.0125,0.0
博闻科技,2023-07-26,0.0103,0.0
天龙集团,2023-08-02,0.0105,0.0
东兴证券,2023-08-03,0.0103,0.0
歌尔股份,2023-07-13,0.014499999999999999,0.0
集友股份,2023-07-13,0.0101,0.0
中铁装配,2023-08-04,0.0144,0.0
中铁装配,2023-08-03,0.013500000000000002,0.0
中铁装配,2023-08-02,0.0144,0.0
华恒生物,2023-07-14,0.0108,0.0
科净源,2023-08-11,0.0199,0.0
腾龙股份,2023-07-17,0.0108,0.0
腾龙股份,2023-07-19,0.0108,0.0
东华测试,2023-08-11,0.011899999999999999,0.0
东兴证券,2023-08-08,0.0146,0.0
东华测试,2023-08-10,0.0113,0.0
睿创微纳,2023-08-11,0.0106,0.0
睿创微纳,2023-08-14,0.0105,0.0
东华测试,2023-08-09,0.0101,0.0
东兴证券,2023-08-07,0.013300000000000001,0.0
东兴证券,2023-08-04,0.011699999999999999,0.0
华中数控,2023-07-12,0.0109,0.0
华中数控,2023-07-13,0.0115,0.0
华海诚科,2023-08-07,0.0141,0.0
华中数控,2023-07-17,0.0109,0.0
首药控股,2023-07-31,0.0147,0.0
首药控股,2023-07-28,0.0147,0.0
华海诚科,2023-08-03,0.0141,0.0
华海诚科,2023-08-04,0.0141,0.0
睿创微纳,2023-08-15,0.0106,0.0
集友股份,2023-07-17,0.0104,0.0
华恒生物,2023-07-13,0.0108,0.0
桐昆股份,2023-07-27,0.0124,0.0
雪迪龙,2023-08-07,0.025099999999999997,0.0
科净源,2023-08-15,0.0199,0.0
天喻信息,2023-08-09,0.0104,0.0
宜宾纸业,2023-08-02,0.010700000000000001,0.0
宜宾纸业,2023-08-01,0.010700000000000001,0.0
东华测试,2023-08-14,0.0101,0.0
雪迪龙,2023-08-15,0.0129,0.0
雪迪龙,2023-08-14,0.015600000000000001,0.0
雪迪龙,2023-08-11,0.012,0.0
雪迪龙,2023-08-10,0.0134,0.0
雪迪龙,2023-08-09,0.015600000000000001,0.0
雪迪龙,2023-08-08,0.021099999999999997,0.0
雪迪龙,2023-08-04,0.0233,0.0
集友股份,2023-07-19,0.013000000000000001,0.0
雪迪龙,2023-08-03,0.028999999999999998,0.0
雪迪龙,2023-08-02,0.0129,0.0
集友股份,2023-07-31,0.0101,0.0
集友股份,2023-07-28,0.0101,0.0
集友股份,2023-07-27,0.0109,0.0
集友股份,2023-07-26,0.015300000000000001,0.0
集友股份,2023-07-24,0.0154,0.0
科净源,2023-08-14,0.0199,0.0
桐昆股份,2023-07-26,0.0124,0.0
集友股份,2023-07-21,0.0152,0.0
集友股份,2023-07-20,0.0131,0.0
歌尔股份,2023-07-14,0.014499999999999999,0.0
蜂助手,2023-07-24,0.0175,-0.005714285714285894
蜂助手,2023-08-14,0.0174,-0.005714285714285894
苏豪弘业,2023-08-03,0.0189,-0.008130081300813052
苏豪弘业,2023-07-26,0.0123,-0.008130081300813052
苏豪弘业,2023-08-08,0.016399999999999998,-0.008130081300813052
苏豪弘业,2023-08-09,0.0111,-0.008130081300813052
苏豪弘业,2023-08-10,0.012199999999999999,-0.008130081300813052
苏豪弘业,2023-07-31,0.0259,-0.008130081300813052
苏豪弘业,2023-08-04,0.0187,-0.008130081300813052
苏豪弘业,2023-07-28,0.0168,-0.008130081300813052
苏豪弘业,2023-08-07,0.018000000000000002,-0.008130081300813052
苏豪弘业,2023-08-02,0.0226,-0.008130081300813052
苏豪弘业,2023-08-01,0.0253,-0.008130081300813052
苏豪弘业,2023-07-27,0.0113,-0.008130081300813052
东方集团,2023-08-04,0.0115,-0.008620689655172376
东方集团,2023-08-01,0.011899999999999999,-0.008620689655172376
东方集团,2023-07-31,0.0116,-0.008620689655172376
东方集团,2023-08-03,0.0149,-0.008620689655172376
东方集团,2023-08-02,0.0149,-0.008620689655172376
美农生物,2023-07-26,0.0115,-0.008695652173913104
美农生物,2023-07-27,0.011000000000000001,-0.008695652173913104
美农生物,2023-07-28,0.011399999999999999,-0.008695652173913104
财通证券,2023-08-04,0.024399999999999998,-0.009009009009008917
财通证券,2023-08-10,0.024399999999999998,-0.009009009009008917
财通证券,2023-08-14,0.0144,-0.009009009009008917
常熟银行,2023-08-07,0.0104,-0.009009009009008917
常熟银行,2023-08-04,0.0111,-0.009009009009008917
财通证券,2023-08-11,0.0148,-0.009009009009008917
财通证券,2023-08-09,0.024700000000000003,-0.009009009009008917
财通证券,2023-07-31,0.0111,-0.009009009009008917
财通证券,2023-08-03,0.0192,-0.009009009009008917
财通证券,2023-08-08,0.0254,-0.009009009009008917
财通证券,2023-08-01,0.013300000000000001,-0.009009009009008917
财通证券,2023-08-02,0.0197,-0.009009009009008917
财通证券,2023-08-07,0.024700000000000003,-0.009009009009008917
财通证券,2023-08-15,0.011000000000000001,-0.009009009009008917
常熟银行,2023-08-08,0.0113,-0.009009009009008917
抚顺特钢,2023-07-13,0.011000000000000001,-0.009009009009008917
抚顺特钢,2023-07-12,0.0111,-0.009009009009008917
常熟银行,2023-08-09,0.011000000000000001,-0.009009009009008917
博迁新材,2023-07-27,0.010700000000000001,-0.00925925925925919
博迁新材,2023-07-17,0.0108,-0.00925925925925919
银泰黄金,2023-07-27,0.0104,-0.009708737864077666
银泰黄金,2023-07-26,0.0144,-0.009708737864077666
银泰黄金,2023-07-24,0.013600000000000001,-0.009708737864077666
银泰黄金,2023-07-28,0.0102,-0.009708737864077666
银泰黄金,2023-07-21,0.0129,-0.009708737864077666
银泰黄金,2023-07-20,0.0103,-0.009708737864077666
银泰黄金,2023-07-19,0.0103,-0.009708737864077666
建研设计,2023-07-24,0.0292,-0.012987012987012991
建研设计,2023-07-21,0.0241,-0.012987012987012991
建研设计,2023-07-19,0.0151,-0.012987012987012991
建研设计,2023-07-13,0.0183,-0.012987012987012991
建研设计,2023-07-12,0.0154,-0.012987012987012991
建研设计,2023-08-23,0.0152,-0.012987012987012991
建研设计,2023-07-28,0.0222,-0.012987012987012991
建研设计,2023-07-27,0.0318,-0.012987012987012991
建研设计,2023-07-26,0.04769999999999999,-0.012987012987012991
建研设计,2023-07-20,0.0121,-0.012987012987012991
尚太科技,2023-08-11,0.014199999999999999,-0.01342281879194629
尚太科技,2023-08-10,0.017,-0.01342281879194629
尚太科技,2023-08-14,0.0143,-0.01342281879194629
尚太科技,2023-08-15,0.0147,-0.01342281879194629
尚太科技,2023-08-09,0.0149,-0.01342281879194629
海波重科,2023-08-04,0.0138,-0.01449275362318836
海波重科,2023-08-10,0.0158,-0.01449275362318836
海波重科,2023-08-11,0.0131,-0.01449275362318836
海波重科,2023-08-14,0.0134,-0.01449275362318836
海波重科,2023-08-15,0.013600000000000001,-0.01449275362318836
海波重科,2023-08-09,0.010700000000000001,-0.01449275362318836
万朗磁塑,2023-07-12,0.019299999999999998,-0.015544041450777146
万朗磁塑,2023-07-13,0.0184,-0.015544041450777146
万朗磁塑,2023-07-14,0.019,-0.015544041450777146
信达地产,2023-07-31,0.0123,-0.016949152542372947
信达地产,2023-08-01,0.0129,-0.016949152542372947
信达地产,2023-07-28,0.012,-0.016949152542372947
信达地产,2023-07-27,0.0118,-0.016949152542372947
信达地产,2023-08-02,0.016200000000000003,-0.016949152542372947
信达地产,2023-08-03,0.0151,-0.016949152542372947
信达地产,2023-08-04,0.0116,-0.016949152542372947
包钢股份,2023-08-01,0.0175,-0.017094017094017033
包钢股份,2023-08-03,0.0172,-0.017094017094017033
包钢股份,2023-08-02,0.0173,-0.017094017094017033
包钢股份,2023-08-04,0.0165,-0.017094017094017033
包钢股份,2023-08-07,0.017,-0.017094017094017033
包钢股份,2023-08-08,0.0132,-0.017094017094017033
包钢股份,2023-08-09,0.0115,-0.017094017094017033
包钢股份,2023-07-12,0.011699999999999999,-0.017094017094017033
海螺新材,2023-07-13,0.0115,-0.017094017094017033
包钢股份,2023-07-14,0.0106,-0.017094017094017033
包钢股份,2023-07-13,0.0123,-0.017094017094017033
海螺新材,2023-07-12,0.011699999999999999,-0.017094017094017033
税友股份,2023-08-03,0.011399999999999999,-0.017699115044247704
税友股份,2023-08-02,0.0129,-0.017699115044247704
税友股份,2023-08-04,0.013300000000000001,-0.017699115044247704
税友股份,2023-08-07,0.0132,-0.017699115044247704
固德威,2023-08-11,0.0111,-0.017699115044247704
税友股份,2023-08-08,0.0143,-0.017699115044247704
税友股份,2023-08-14,0.0111,-0.017699115044247704
税友股份,2023-08-11,0.018799999999999997,-0.017699115044247704
税友股份,2023-08-10,0.018500000000000003,-0.017699115044247704
税友股份,2023-08-09,0.0175,-0.017699115044247704
税友股份,2023-07-31,0.0101,-0.017699115044247704
固德威,2023-07-20,0.0173,-0.017699115044247704
固德威,2023-07-19,0.0113,-0.017699115044247704
税友股份,2023-07-24,0.0113,-0.017699115044247704
税友股份,2023-08-01,0.0127,-0.017699115044247704
华安证券,2023-08-04,0.0109,-0.018018018018018056
华安证券,2023-08-02,0.0106,-0.018018018018018056
华安证券,2023-08-01,0.013999999999999999,-0.018018018018018056
华安证券,2023-07-31,0.013000000000000001,-0.018018018018018056
华安证券,2023-07-28,0.0111,-0.018018018018018056
浪莎股份,2023-08-21,0.0109,-0.0183486238532109
浪莎股份,2023-08-23,0.010700000000000001,-0.0183486238532109
东莞控股,2023-08-04,0.0105,-0.01904761904761909
嘉化能源,2023-07-26,0.0105,-0.01904761904761909
东莞控股,2023-08-08,0.0103,-0.01904761904761909
嘉化能源,2023-07-28,0.0103,-0.01904761904761909
朗进科技,2023-08-10,0.0108,-0.019230769230769162
朗进科技,2023-08-11,0.0121,-0.019230769230769162
朗进科技,2023-08-14,0.0102,-0.019230769230769162
朗进科技,2023-08-07,0.0104,-0.019230769230769162
朗进科技,2023-08-09,0.0113,-0.019230769230769162
朗进科技,2023-08-08,0.0105,-0.019230769230769162
松炀资源,2023-08-11,0.0131,-0.02238805970149249
松炀资源,2023-08-10,0.0134,-0.02238805970149249
亚通股份,2023-08-09,0.0127,-0.023076923076923217
亚通股份,2023-08-08,0.0167,-0.023076923076923217
亚通股份,2023-07-28,0.018500000000000003,-0.023076923076923217
亚通股份,2023-07-31,0.021,-0.023076923076923217
亚通股份,2023-08-07,0.021099999999999997,-0.023076923076923217
亚通股份,2023-08-04,0.0276,-0.023076923076923217
亚通股份,2023-08-03,0.0285,-0.023076923076923217
亚通股份,2023-08-02,0.0212,-0.023076923076923217
亚通股份,2023-07-26,0.013000000000000001,-0.023076923076923217
亚通股份,2023-07-27,0.0148,-0.023076923076923217
亚通股份,2023-08-01,0.0165,-0.023076923076923217
思进智能,2023-07-13,0.0123,-0.023809523809523836
思进智能,2023-07-12,0.0126,-0.023809523809523836
陇神戎发,2023-08-09,0.0121,-0.024193548387096753
陇神戎发,2023-08-08,0.0124,-0.024193548387096753
青岛食品,2023-07-21,0.0199,-0.02450980392156865
青岛食品,2023-07-20,0.0154,-0.02450980392156865
青岛食品,2023-07-13,0.018000000000000002,-0.02450980392156865
青岛食品,2023-07-14,0.018600000000000002,-0.02450980392156865
青岛食品,2023-07-12,0.0204,-0.02450980392156865
晨化股份,2023-07-12,0.0118,-0.025423728813559365
晨化股份,2023-07-13,0.013600000000000001,-0.025423728813559365
晨化股份,2023-07-17,0.0115,-0.025423728813559365
新钢股份,2023-08-04,0.0321,-0.02645502645502651
新钢股份,2023-08-03,0.032799999999999996,-0.02645502645502651
新钢股份,2023-07-27,0.0189,-0.02645502645502651
新钢股份,2023-08-07,0.0264,-0.02645502645502651
新钢股份,2023-08-08,0.024,-0.02645502645502651
新钢股份,2023-08-09,0.0184,-0.02645502645502651
新钢股份,2023-07-28,0.032400000000000005,-0.02645502645502651
新钢股份,2023-07-31,0.027000000000000003,-0.02645502645502651
新钢股份,2023-08-01,0.0301,-0.02645502645502651
新钢股份,2023-08-02,0.0323,-0.02645502645502651
未来电器,2023-07-12,0.0452,-0.0265486725663715
未来电器,2023-07-13,0.044000000000000004,-0.0265486725663715
徐家汇,2023-08-01,0.0183,-0.026595744680850908
徐家汇,2023-07-31,0.026699999999999998,-0.026595744680850908
徐家汇,2023-07-28,0.0166,-0.026595744680850908
徐家汇,2023-07-20,0.018799999999999997,-0.026595744680850908
徐工机械,2023-07-26,0.013600000000000001,-0.027272727272727226
盛美上海,2023-08-18,0.0115,-0.027272727272727226
徐工机械,2023-07-17,0.011000000000000001,-0.027272727272727226
盛美上海,2023-08-11,0.011000000000000001,-0.027272727272727226
徐工机械,2023-07-19,0.011699999999999999,-0.027272727272727226
盛美上海,2023-08-21,0.0124,-0.027272727272727226
盛美上海,2023-08-16,0.012199999999999999,-0.027272727272727226
盛美上海,2023-08-15,0.016,-0.027272727272727226
盛美上海,2023-08-14,0.0129,-0.027272727272727226
盛美上海,2023-08-23,0.010700000000000001,-0.027272727272727226
徐工机械,2023-07-20,0.0132,-0.027272727272727226
徐工机械,2023-07-21,0.015700000000000002,-0.027272727272727226
徐工机械,2023-07-24,0.013600000000000001,-0.027272727272727226
徐工机械,2023-07-31,0.010700000000000001,-0.027272727272727226
徐工机械,2023-07-28,0.0127,-0.027272727272727226
徐工机械,2023-07-27,0.012199999999999999,-0.027272727272727226
奥海科技,2023-08-11,0.0109,-0.02752293577981646
奥海科技,2023-08-14,0.0141,-0.02752293577981646
奥海科技,2023-08-18,0.0106,-0.02752293577981646
中科飞测,2023-07-31,0.018500000000000003,-0.028037383177570208
中科飞测,2023-07-24,0.010700000000000001,-0.028037383177570208
中科飞测,2023-08-14,0.0104,-0.028037383177570208
中科飞测,2023-08-10,0.0132,-0.028037383177570208
中科飞测,2023-08-04,0.0172,-0.028037383177570208
中科飞测,2023-08-03,0.024399999999999998,-0.028037383177570208
中科飞测,2023-08-02,0.024399999999999998,-0.028037383177570208
中科飞测,2023-08-01,0.0223,-0.028037383177570208
中科飞测,2023-07-28,0.015600000000000001,-0.028037383177570208
中科飞测,2023-07-27,0.0148,-0.028037383177570208
中科飞测,2023-07-26,0.0176,-0.028037383177570208
招商南油,2023-07-21,0.023700000000000002,-0.028301886792452824
招商南油,2023-07-12,0.0106,-0.028301886792452824
招商南油,2023-07-24,0.0279,-0.028301886792452824
招商南油,2023-07-13,0.021400000000000002,-0.028301886792452824
招商南油,2023-07-17,0.0124,-0.028301886792452824
招商南油,2023-07-20,0.024700000000000003,-0.028301886792452824
招商南油,2023-08-10,0.0103,-0.028301886792452824
招商南油,2023-08-01,0.0132,-0.028301886792452824
招商南油,2023-07-31,0.012,-0.028301886792452824
招商南油,2023-07-28,0.015,-0.028301886792452824
招商南油,2023-07-27,0.0116,-0.028301886792452824
招商南油,2023-07-26,0.0146,-0.028301886792452824
招商南油,2023-07-19,0.024700000000000003,-0.028301886792452824
招商南油,2023-07-14,0.0207,-0.028301886792452824
辽港股份,2023-07-26,0.0105,-0.02857142857142858
辽港股份,2023-08-07,0.0102,-0.02857142857142858
辽港股份,2023-08-02,0.016200000000000003,-0.02857142857142858
辽港股份,2023-07-27,0.0102,-0.02857142857142858
辽港股份,2023-07-28,0.0138,-0.02857142857142858
辽港股份,2023-07-31,0.015,-0.02857142857142858
辽港股份,2023-08-01,0.0187,-0.02857142857142858
辽港股份,2023-08-04,0.0146,-0.02857142857142858
辽港股份,2023-08-03,0.0169,-0.02857142857142858
洪涛股份,2023-08-03,0.013000000000000001,-0.02985074626865669
洪涛股份,2023-08-02,0.011399999999999999,-0.02985074626865669
洪涛股份,2023-08-01,0.011699999999999999,-0.02985074626865669
洪涛股份,2023-07-26,0.0126,-0.02985074626865669
洪涛股份,2023-07-24,0.0101,-0.02985074626865669
洪涛股份,2023-07-21,0.0134,-0.02985074626865669
洪涛股份,2023-07-31,0.0184,-0.02985074626865669
同益股份,2023-07-12,0.0215,-0.032558139534883734
同益股份,2023-07-13,0.0208,-0.032558139534883734
天佑德酒,2023-08-02,0.012199999999999999,-0.033898305084745894
天佑德酒,2023-08-08,0.011399999999999999,-0.033898305084745894
天佑德酒,2023-08-01,0.0118,-0.033898305084745894
天佑德酒,2023-08-03,0.0158,-0.033898305084745894
天佑德酒,2023-08-04,0.0152,-0.033898305084745894
天佑德酒,2023-08-07,0.012,-0.033898305084745894
大连友谊,2023-07-13,0.0161,-0.03401360544217691
大连友谊,2023-07-12,0.0147,-0.03401360544217691
大连友谊,2023-07-14,0.014199999999999999,-0.03401360544217691
甘源食品,2023-08-03,0.0113,-0.03418803418803418
甘源食品,2023-08-02,0.0149,-0.03418803418803418
甘源食品,2023-07-28,0.011699999999999999,-0.03418803418803418
金融街,2023-08-01,0.0103,-0.034782608695652084
金融街,2023-07-31,0.0115,-0.034782608695652084
金融街,2023-08-02,0.0113,-0.034782608695652084
金融街,2023-08-03,0.0115,-0.034782608695652084
金融街,2023-08-04,0.0111,-0.034782608695652084
新力金融,2023-08-03,0.0362,-0.035211267605633756
新力金融,2023-08-02,0.0281,-0.035211267605633756
新力金融,2023-08-01,0.0235,-0.035211267605633756
新力金融,2023-07-31,0.021400000000000002,-0.035211267605633756
新力金融,2023-08-04,0.0137,-0.035211267605633756
新力金融,2023-07-28,0.014199999999999999,-0.035211267605633756
朗科智能,2023-07-14,0.0103,-0.03539823008849552
朗科智能,2023-07-17,0.0109,-0.03539823008849552
朗科智能,2023-07-12,0.0113,-0.03539823008849552
超图软件,2023-08-14,0.013600000000000001,-0.03546099290780136
超图软件,2023-08-10,0.0141,-0.03546099290780136
筑博设计,2023-08-23,0.0132,-0.03649635036496357
筑博设计,2023-07-12,0.0137,-0.03649635036496357
华大智造,2023-07-27,0.0144,-0.03658536585365835
华大智造,2023-07-20,0.0183,-0.03658536585365835
华大智造,2023-07-12,0.016399999999999998,-0.03658536585365835
华大智造,2023-07-13,0.020099999999999996,-0.03658536585365835
华大智造,2023-07-14,0.0322,-0.03658536585365835
华大智造,2023-07-17,0.0327,-0.03658536585365835
华大智造,2023-07-19,0.0124,-0.03658536585365835
华大智造,2023-07-21,0.021,-0.03658536585365835
华大智造,2023-07-26,0.014499999999999999,-0.03658536585365835
华大智造,2023-07-24,0.014199999999999999,-0.03658536585365835
华大智造,2023-07-28,0.0158,-0.03658536585365835
天风证券,2023-07-28,0.0219,-0.038674033149171394
天风证券,2023-07-26,0.0181,-0.038674033149171394
天风证券,2023-08-14,0.0174,-0.038674033149171394
郑中设计,2023-07-13,0.0124,-0.03875968992248069
郑中设计,2023-07-12,0.0129,-0.03875968992248069
*ST京蓝,2023-08-16,0.0118,-0.04065040650406504
*ST京蓝,2023-08-15,0.014499999999999999,-0.04065040650406504
*ST京蓝,2023-08-14,0.0226,-0.04065040650406504
*ST京蓝,2023-08-11,0.0118,-0.04065040650406504
*ST京蓝,2023-08-10,0.0123,-0.04065040650406504
美晨生态,2023-07-27,0.0116,-0.04069767441860461
美晨生态,2023-07-21,0.0172,-0.04069767441860461
美晨生态,2023-07-24,0.012199999999999999,-0.04069767441860461
美晨生态,2023-07-26,0.04,-0.04069767441860461
美晨生态,2023-07-31,0.0165,-0.04069767441860461
南京证券,2023-08-09,0.015600000000000001,-0.040983606557377095
南京证券,2023-08-14,0.0115,-0.040983606557377095
南京证券,2023-08-15,0.0115,-0.040983606557377095
南京证券,2023-08-16,0.011699999999999999,-0.040983606557377095
南京证券,2023-08-10,0.018500000000000003,-0.040983606557377095
南京证券,2023-08-11,0.0109,-0.040983606557377095
南京证券,2023-08-08,0.0154,-0.040983606557377095
南京证券,2023-08-07,0.015600000000000001,-0.040983606557377095
南京证券,2023-08-04,0.012199999999999999,-0.040983606557377095
军信股份,2023-07-28,0.0116,-0.04166666666666663
军信股份,2023-07-27,0.0174,-0.04166666666666663
军信股份,2023-08-23,0.0184,-0.04166666666666663
军信股份,2023-07-26,0.0192,-0.04166666666666663
羚锐制药,2023-08-18,0.011200000000000002,-0.04273504273504247
羚锐制药,2023-08-23,0.011200000000000002,-0.04273504273504247
羚锐制药,2023-08-16,0.011699999999999999,-0.04273504273504247
羚锐制药,2023-08-21,0.0115,-0.04273504273504247
黑牡丹,2023-07-28,0.0116,-0.04310344827586199
黑牡丹,2023-07-31,0.013600000000000001,-0.04310344827586199
黑牡丹,2023-08-01,0.0141,-0.04310344827586199
黑牡丹,2023-08-02,0.016,-0.04310344827586199
黑牡丹,2023-08-03,0.0184,-0.04310344827586199
黑牡丹,2023-08-04,0.015700000000000002,-0.04310344827586199
黑牡丹,2023-08-07,0.0111,-0.04310344827586199
精艺股份,2023-07-12,0.0115,-0.04347826086956508
中谷物流,2023-07-31,0.0115,-0.04347826086956508
中谷物流,2023-08-03,0.011000000000000001,-0.04347826086956508
中谷物流,2023-08-02,0.012199999999999999,-0.04347826086956508
精艺股份,2023-07-13,0.011000000000000001,-0.04347826086956508
中谷物流,2023-08-01,0.011200000000000002,-0.04347826086956508
萤石网络,2023-08-18,0.0102,-0.044642857142857206
萤石网络,2023-08-21,0.010700000000000001,-0.044642857142857206
萤石网络,2023-08-08,0.0102,-0.044642857142857206
萤石网络,2023-08-09,0.0202,-0.044642857142857206
萤石网络,2023-08-10,0.019299999999999998,-0.044642857142857206
萤石网络,2023-07-14,0.011200000000000002,-0.044642857142857206
萤石网络,2023-08-11,0.0203,-0.044642857142857206
萤石网络,2023-08-14,0.017,-0.044642857142857206
萤石网络,2023-08-15,0.0165,-0.044642857142857206
萤石网络,2023-08-16,0.0139,-0.044642857142857206
晶丰明源,2023-07-17,0.0127,-0.04511278195488733
晶丰明源,2023-07-14,0.013300000000000001,-0.04511278195488733
辽宁成大,2023-08-07,0.0121,-0.045454545454545525
云南城投,2023-07-26,0.011000000000000001,-0.045454545454545525
辽宁成大,2023-08-09,0.0105,-0.045454545454545525
云南城投,2023-07-27,0.0113,-0.045454545454545525
云南城投,2023-07-31,0.012199999999999999,-0.045454545454545525
辽宁成大,2023-08-08,0.0121,-0.045454545454545525
云南城投,2023-08-01,0.0105,-0.045454545454545525
辽宁成大,2023-08-04,0.011000000000000001,-0.045454545454545525
辽宁成大,2023-08-10,0.0105,-0.045454545454545525
金银河,2023-07-13,0.0109,-0.04587155963302758
金银河,2023-08-08,0.011699999999999999,-0.04587155963302758
皖能电力,2023-08-02,0.0105,-0.04587155963302758
皖能电力,2023-08-01,0.0109,-0.04587155963302758
金银河,2023-08-09,0.0104,-0.04587155963302758
皖能电力,2023-08-03,0.0104,-0.04587155963302758
金银河,2023-08-07,0.0144,-0.04587155963302758
金银河,2023-08-04,0.0177,-0.04587155963302758
齐鲁银行,2023-08-02,0.0123,-0.046511627906976716
齐鲁银行,2023-08-10,0.0123,-0.046511627906976716
齐鲁银行,2023-08-09,0.0144,-0.046511627906976716
齐鲁银行,2023-08-08,0.0113,-0.046511627906976716
齐鲁银行,2023-08-07,0.011899999999999999,-0.046511627906976716
齐鲁银行,2023-08-04,0.014199999999999999,-0.046511627906976716
齐鲁银行,2023-08-03,0.012,-0.046511627906976716
齐鲁银行,2023-08-01,0.0131,-0.046511627906976716
齐鲁银行,2023-07-31,0.0115,-0.046511627906976716
齐鲁银行,2023-07-28,0.0129,-0.046511627906976716
众生药业,2023-08-16,0.016399999999999998,-0.04651162790697683
众生药业,2023-08-14,0.0138,-0.04651162790697683
众生药业,2023-08-11,0.0172,-0.04651162790697683
众生药业,2023-08-15,0.017,-0.04651162790697683
胜宏科技,2023-07-14,0.0126,-0.04761904761904756
胜宏科技,2023-07-20,0.0197,-0.04761904761904756
胜宏科技,2023-07-28,0.012,-0.04761904761904756
胜宏科技,2023-07-27,0.0161,-0.04761904761904756
胜宏科技,2023-07-17,0.0245,-0.04761904761904756
胜宏科技,2023-07-19,0.020499999999999997,-0.04761904761904756
胜宏科技,2023-07-26,0.0175,-0.04761904761904756
胜宏科技,2023-07-24,0.0182,-0.04761904761904756
西大门,2023-07-13,0.0126,-0.048000000000000154
西大门,2023-07-31,0.0115,-0.048000000000000154
西大门,2023-08-02,0.013500000000000002,-0.048000000000000154
西大门,2023-08-03,0.011899999999999999,-0.048000000000000154
西大门,2023-07-12,0.0125,-0.048000000000000154
东鹏控股,2023-07-26,0.016,-0.04861111111111105
东鹏控股,2023-08-01,0.0137,-0.04861111111111105
东鹏控股,2023-07-27,0.0161,-0.04861111111111105
东鹏控股,2023-07-17,0.0144,-0.04861111111111105
东鹏控股,2023-07-24,0.016200000000000003,-0.04861111111111105
东鹏控股,2023-07-21,0.0163,-0.04861111111111105
东鹏控股,2023-07-20,0.0183,-0.04861111111111105
东鹏控股,2023-07-19,0.0116,-0.04861111111111105
东鹏控股,2023-07-31,0.0176,-0.04861111111111105
东鹏控股,2023-07-28,0.0173,-0.04861111111111105
瑞丰银行,2023-07-12,0.0123,-0.0487804878048782
瑞丰银行,2023-07-27,0.013300000000000001,-0.0487804878048782
瑞丰银行,2023-08-02,0.0113,-0.0487804878048782
瑞丰银行,2023-07-21,0.0139,-0.0487804878048782
瑞丰银行,2023-07-24,0.0128,-0.0487804878048782
瑞丰银行,2023-07-26,0.0138,-0.0487804878048782
瑞丰银行,2023-07-17,0.016,-0.0487804878048782
黄山胶囊,2023-08-15,0.0123,-0.0487804878048782
黄山胶囊,2023-08-16,0.011699999999999999,-0.0487804878048782
瑞丰银行,2023-07-19,0.0149,-0.0487804878048782
瑞丰银行,2023-07-28,0.0196,-0.0487804878048782
瑞丰银行,2023-07-31,0.0174,-0.0487804878048782
瑞丰银行,2023-08-01,0.013300000000000001,-0.0487804878048782
瑞丰银行,2023-07-20,0.012199999999999999,-0.0487804878048782
瑞丰银行,2023-08-03,0.0113,-0.0487804878048782
瑞丰银行,2023-07-14,0.0215,-0.0487804878048782
瑞丰银行,2023-07-13,0.0218,-0.0487804878048782
瑞丰银行,2023-08-04,0.011699999999999999,-0.0487804878048782
先锋新材,2023-07-26,0.011899999999999999,-0.050420168067226934
先锋新材,2023-07-27,0.0113,-0.050420168067226934
北京人力,2023-08-08,0.0105,-0.0512820512820511
北京人力,2023-08-04,0.0138,-0.0512820512820511
北京人力,2023-08-07,0.0102,-0.0512820512820511
北京人力,2023-08-01,0.012199999999999999,-0.0512820512820511
北京人力,2023-07-13,0.011699999999999999,-0.0512820512820511
北京人力,2023-08-02,0.011899999999999999,-0.0512820512820511
北京人力,2023-08-09,0.0111,-0.0512820512820511
北京人力,2023-08-03,0.013999999999999999,-0.0512820512820511
安阳钢铁,2023-07-28,0.013500000000000002,-0.05185185185185193
安阳钢铁,2023-07-31,0.0128,-0.05185185185185193
昆仑万维,2023-07-17,0.0115,-0.052631578947368474
昆仑万维,2023-08-11,0.0126,-0.052631578947368474
昆仑万维,2023-07-14,0.013300000000000001,-0.052631578947368474
三晖电气,2023-07-14,0.010700000000000001,-0.05309734513274322
罗牛山,2023-08-03,0.010700000000000001,-0.05309734513274322
罗牛山,2023-08-01,0.0108,-0.05309734513274322
罗牛山,2023-07-31,0.0113,-0.05309734513274322
三晖电气,2023-07-12,0.0113,-0.05309734513274322
翔鹭钨业,2023-07-12,0.0131,-0.05343511450381688
翔鹭钨业,2023-07-13,0.014499999999999999,-0.05343511450381688
翔鹭钨业,2023-07-14,0.0124,-0.05343511450381688
浦东建设,2023-08-03,0.0125,-0.053571428571428714
浦东建设,2023-08-02,0.0125,-0.053571428571428714
浦东建设,2023-08-01,0.011200000000000002,-0.053571428571428714
浦东建设,2023-08-07,0.0106,-0.053571428571428714
浦东建设,2023-08-04,0.0134,-0.053571428571428714
狮头股份,2023-07-12,0.011000000000000001,-0.054545454545454675
狮头股份,2023-07-31,0.0104,-0.054545454545454675
富祥药业,2023-07-14,0.014199999999999999,-0.05504587155963303
富祥药业,2023-07-21,0.0103,-0.05504587155963303
富祥药业,2023-07-17,0.0141,-0.05504587155963303
富祥药业,2023-07-13,0.0172,-0.05504587155963303
富祥药业,2023-07-12,0.0109,-0.05504587155963303
富祥药业,2023-07-19,0.013000000000000001,-0.05504587155963303
华锐精密,2023-07-20,0.011899999999999999,-0.05555555555555558
华锐精密,2023-07-17,0.0118,-0.05555555555555558
华锐精密,2023-07-14,0.0141,-0.05555555555555558
华锐精密,2023-07-12,0.0126,-0.05555555555555558
铭普光磁,2023-07-24,0.014199999999999999,-0.05633802816901401
铭普光磁,2023-08-02,0.0143,-0.05633802816901401
铭普光磁,2023-08-03,0.0113,-0.05633802816901401
铭普光磁,2023-08-04,0.0305,-0.05633802816901401
铭普光磁,2023-08-07,0.018500000000000003,-0.05633802816901401
铭普光磁,2023-08-14,0.0155,-0.05633802816901401
铭普光磁,2023-08-15,0.016200000000000003,-0.05633802816901401
铭普光磁,2023-08-16,0.0134,-0.05633802816901401
建投能源,2023-08-01,0.0159,-0.05660377358490576
建投能源,2023-08-03,0.015,-0.05660377358490576
中核科技,2023-07-26,0.013999999999999999,-0.057591623036649
中核科技,2023-07-27,0.0159,-0.057591623036649
中核科技,2023-07-28,0.0143,-0.057591623036649
中核科技,2023-07-31,0.018000000000000002,-0.057591623036649
中核科技,2023-07-24,0.0191,-0.057591623036649
中光防雷,2023-08-18,0.032799999999999996,-0.05769230769230771
中光防雷,2023-08-14,0.0236,-0.05769230769230771
中光防雷,2023-08-15,0.0311,-0.05769230769230771
中光防雷,2023-08-11,0.0208,-0.05769230769230771
中光防雷,2023-08-16,0.0317,-0.05769230769230771
中光防雷,2023-08-21,0.023700000000000002,-0.05769230769230771
中光防雷,2023-08-23,0.0196,-0.05769230769230771
建研院,2023-08-03,0.0182,-0.0630630630630632
建研院,2023-07-27,0.012,-0.0630630630630632
建研院,2023-08-07,0.0152,-0.0630630630630632
建研院,2023-08-04,0.0183,-0.0630630630630632
建研院,2023-07-26,0.0111,-0.0630630630630632
建研院,2023-08-08,0.0104,-0.0630630630630632
建研院,2023-07-28,0.015600000000000001,-0.0630630630630632
建研院,2023-08-02,0.0175,-0.0630630630630632
建研院,2023-07-31,0.0174,-0.0630630630630632
建研院,2023-08-01,0.0171,-0.0630630630630632
市北高新,2023-08-01,0.0125,-0.06400000000000017
市北高新,2023-08-02,0.0146,-0.06400000000000017
市北高新,2023-08-03,0.015,-0.06400000000000017
市北高新,2023-08-04,0.0148,-0.06400000000000017
市北高新,2023-08-07,0.011699999999999999,-0.06400000000000017
上海凯鑫,2023-08-23,0.0263,-0.06405693950177938
上海凯鑫,2023-07-12,0.0281,-0.06405693950177938
上海凯鑫,2023-08-18,0.0236,-0.06405693950177938
上海凯鑫,2023-08-15,0.0125,-0.06405693950177938
上海凯鑫,2023-07-17,0.0105,-0.06405693950177938
上海凯鑫,2023-08-21,0.0311,-0.06405693950177938
上海凯鑫,2023-07-14,0.0103,-0.06405693950177938
上海凯鑫,2023-07-13,0.0163,-0.06405693950177938
中海达,2023-07-13,0.0131,-0.06428571428571417
中海达,2023-07-12,0.013999999999999999,-0.06428571428571417
天阳科技,2023-08-15,0.0126,-0.06504065040650409
天阳科技,2023-08-14,0.0166,-0.06504065040650409
天阳科技,2023-08-11,0.0137,-0.06504065040650409
天阳科技,2023-08-10,0.0182,-0.06504065040650409
天阳科技,2023-08-09,0.0179,-0.06504065040650409
天阳科技,2023-08-07,0.0155,-0.06504065040650409
天阳科技,2023-08-16,0.0115,-0.06504065040650409
丽岛新材,2023-07-17,0.0115,-0.06504065040650409
丽岛新材,2023-07-13,0.0113,-0.06504065040650409
丽岛新材,2023-07-12,0.0123,-0.06504065040650409
天阳科技,2023-08-04,0.0123,-0.06504065040650409
丽岛新材,2023-07-14,0.012,-0.06504065040650409
巨化股份,2023-07-20,0.016,-0.06542056074766367
巨化股份,2023-07-24,0.0194,-0.06542056074766367
巨化股份,2023-07-26,0.013300000000000001,-0.06542056074766367
巨化股份,2023-07-27,0.0134,-0.06542056074766367
巨化股份,2023-07-28,0.01,-0.06542056074766367
巨化股份,2023-07-19,0.010700000000000001,-0.06542056074766367
巨化股份,2023-07-21,0.0195,-0.06542056074766367
赤峰黄金,2023-07-27,0.0199,-0.06611570247933884
赤峰黄金,2023-07-21,0.0121,-0.06611570247933884
赤峰黄金,2023-07-24,0.016200000000000003,-0.06611570247933884
赤峰黄金,2023-07-26,0.0171,-0.06611570247933884
赤峰黄金,2023-08-01,0.0105,-0.06611570247933884
赤峰黄金,2023-07-28,0.0174,-0.06611570247933884
赤峰黄金,2023-07-31,0.0128,-0.06611570247933884
赤峰黄金,2023-08-02,0.0105,-0.06611570247933884
赤峰黄金,2023-08-08,0.012,-0.06611570247933884
赤峰黄金,2023-08-09,0.0152,-0.06611570247933884
赤峰黄金,2023-08-10,0.0147,-0.06611570247933884
赤峰黄金,2023-08-11,0.0113,-0.06611570247933884
国机汽车,2023-07-13,0.0152,-0.06748466257668706
国机汽车,2023-07-12,0.0163,-0.06748466257668706
镇海股份,2023-07-13,0.0109,-0.06837606837606824
镇海股份,2023-07-12,0.011699999999999999,-0.06837606837606824
西部黄金,2023-07-13,0.0131,-0.06896551724137923
西部黄金,2023-07-12,0.0116,-0.06896551724137923
西部黄金,2023-08-09,0.0108,-0.06896551724137923
西部黄金,2023-08-07,0.0183,-0.06896551724137923
西部黄金,2023-08-04,0.0232,-0.06896551724137923
西部黄金,2023-08-03,0.021099999999999997,-0.06896551724137923
西部黄金,2023-08-02,0.0173,-0.06896551724137923
西部黄金,2023-08-01,0.0191,-0.06896551724137923
西部黄金,2023-07-31,0.0163,-0.06896551724137923
西部黄金,2023-07-28,0.0181,-0.06896551724137923
西部黄金,2023-07-27,0.0195,-0.06896551724137923
西部黄金,2023-07-26,0.0166,-0.06896551724137923
西部黄金,2023-07-24,0.0131,-0.06896551724137923
西部黄金,2023-07-21,0.0115,-0.06896551724137923
西部黄金,2023-07-14,0.0123,-0.06896551724137923
西部黄金,2023-08-08,0.0173,-0.06896551724137923
晶方科技,2023-07-24,0.0121,-0.06923076923076932
晶方科技,2023-07-20,0.013000000000000001,-0.06923076923076932
三只松鼠,2023-08-09,0.010700000000000001,-0.06956521739130428
三只松鼠,2023-08-08,0.0128,-0.06956521739130428
三只松鼠,2023-08-07,0.0104,-0.06956521739130428
三只松鼠,2023-08-04,0.0129,-0.06956521739130428
三只松鼠,2023-08-03,0.0115,-0.06956521739130428
浙江震元,2023-08-10,0.0106,-0.07017543859649111
浙江震元,2023-08-09,0.0152,-0.07017543859649111
浙江震元,2023-07-12,0.011399999999999999,-0.07017543859649111
神火股份,2023-07-14,0.0128,-0.07246376811594202
迈信林,2023-07-12,0.0138,-0.07246376811594202
迈信林,2023-07-14,0.0113,-0.07246376811594202
迈信林,2023-07-17,0.0128,-0.07246376811594202
神火股份,2023-07-13,0.0138,-0.07246376811594202
东宏股份,2023-07-13,0.0115,-0.07258064516129026
东宏股份,2023-07-12,0.0124,-0.07258064516129026
澳弘电子,2023-07-14,0.0227,-0.07346938775510203
澳弘电子,2023-07-13,0.025,-0.07346938775510203
澳弘电子,2023-07-12,0.0245,-0.07346938775510203
新疆火炬,2023-07-13,0.0109,-0.07377049180327866
新疆火炬,2023-07-20,0.0113,-0.07377049180327866
新疆火炬,2023-07-19,0.0113,-0.07377049180327866
新疆火炬,2023-07-17,0.0113,-0.07377049180327866
新疆火炬,2023-07-14,0.0115,-0.07377049180327866
新疆火炬,2023-07-12,0.012199999999999999,-0.07377049180327866
恒宝股份,2023-08-04,0.0148,-0.07432432432432434
恒宝股份,2023-08-09,0.0146,-0.07432432432432434
恒宝股份,2023-08-10,0.0137,-0.07432432432432434
恒宝股份,2023-08-07,0.0154,-0.07432432432432434
浩洋股份,2023-07-12,0.0118,-0.07627118644067798
浩洋股份,2023-07-13,0.0104,-0.07627118644067798
浩洋股份,2023-07-14,0.011000000000000001,-0.07627118644067798
浩洋股份,2023-07-17,0.0108,-0.07627118644067798
浩洋股份,2023-07-19,0.0116,-0.07627118644067798
浩洋股份,2023-07-20,0.013000000000000001,-0.07627118644067798
浩洋股份,2023-07-21,0.0126,-0.07627118644067798
浩洋股份,2023-07-24,0.0109,-0.07627118644067798
芯朋微,2023-07-26,0.0189,-0.07741935483870965
芯朋微,2023-07-13,0.028900000000000002,-0.07741935483870965
芯朋微,2023-07-28,0.0143,-0.07741935483870965
芯朋微,2023-07-27,0.0163,-0.07741935483870965
芯朋微,2023-07-14,0.0325,-0.07741935483870965
芯朋微,2023-07-20,0.0287,-0.07741935483870965
芯朋微,2023-07-12,0.0155,-0.07741935483870965
芯朋微,2023-07-24,0.0208,-0.07741935483870965
芯朋微,2023-07-19,0.0282,-0.07741935483870965
芯朋微,2023-07-17,0.029300000000000003,-0.07741935483870965
芯朋微,2023-07-21,0.021099999999999997,-0.07741935483870965
新洋丰,2023-07-21,0.010700000000000001,-0.0775862068965516
新洋丰,2023-07-12,0.0116,-0.0775862068965516
新洋丰,2023-07-13,0.0128,-0.0775862068965516
新洋丰,2023-07-14,0.0102,-0.0775862068965516
新洋丰,2023-07-17,0.011399999999999999,-0.0775862068965516
新洋丰,2023-07-19,0.010700000000000001,-0.0775862068965516
新洋丰,2023-07-20,0.0102,-0.0775862068965516
华鹏飞,2023-08-16,0.0132,-0.07792207792207806
华鹏飞,2023-08-18,0.0104,-0.07792207792207806
华鹏飞,2023-08-04,0.0154,-0.07792207792207806
华鹏飞,2023-08-21,0.014199999999999999,-0.07792207792207806
华鹏飞,2023-08-07,0.0144,-0.07792207792207806
华鹏飞,2023-08-10,0.0362,-0.07792207792207806
华鹏飞,2023-08-11,0.0362,-0.07792207792207806
华鹏飞,2023-08-14,0.0292,-0.07792207792207806
华创云信,2023-07-21,0.0115,-0.07826086956521738
华创云信,2023-07-28,0.0259,-0.07826086956521738
华创云信,2023-08-14,0.0178,-0.07826086956521738
华创云信,2023-08-16,0.0106,-0.07826086956521738
华创云信,2023-08-15,0.0169,-0.07826086956521738
金三江,2023-07-12,0.0268,-0.07835820895522383
金三江,2023-07-13,0.024700000000000003,-0.07835820895522383
智翔金泰,2023-08-01,0.017,-0.07860262008733643
智翔金泰,2023-08-03,0.0268,-0.07860262008733643
智翔金泰,2023-08-02,0.017,-0.07860262008733643
智翔金泰,2023-08-11,0.028300000000000002,-0.07860262008733643
智翔金泰,2023-08-14,0.0317,-0.07860262008733643
智翔金泰,2023-07-14,0.0308,-0.07860262008733643
智翔金泰,2023-08-04,0.024399999999999998,-0.07860262008733643
智翔金泰,2023-08-15,0.0149,-0.07860262008733643
智翔金泰,2023-08-09,0.03,-0.07860262008733643
智翔金泰,2023-08-18,0.0184,-0.07860262008733643
智翔金泰,2023-08-08,0.03,-0.07860262008733643
智翔金泰,2023-08-07,0.024399999999999998,-0.07860262008733643
智翔金泰,2023-08-16,0.0226,-0.07860262008733643
智翔金泰,2023-08-10,0.0298,-0.07860262008733643
智翔金泰,2023-07-24,0.0103,-0.07860262008733643
智翔金泰,2023-07-28,0.0168,-0.07860262008733643
智翔金泰,2023-07-12,0.0229,-0.07860262008733643
智翔金泰,2023-07-13,0.0387,-0.07860262008733643
智翔金泰,2023-08-23,0.021099999999999997,-0.07860262008733643
智翔金泰,2023-08-21,0.0124,-0.07860262008733643
金凯生科,2023-08-16,0.0109,-0.07865168539325851
金凯生科,2023-08-23,0.016399999999999998,-0.07865168539325851
金凯生科,2023-08-10,0.0178,-0.07865168539325851
金凯生科,2023-08-11,0.0339,-0.07865168539325851
金凯生科,2023-08-14,0.0235,-0.07865168539325851
金凯生科,2023-08-15,0.0235,-0.07865168539325851
德尔玛,2023-07-26,0.0222,-0.07878787878787885
德尔玛,2023-07-19,0.0129,-0.07878787878787885
德尔玛,2023-07-20,0.0187,-0.07878787878787885
德尔玛,2023-07-28,0.0152,-0.07878787878787885
德尔玛,2023-07-14,0.0165,-0.07878787878787885
小崧股份,2023-08-15,0.0139,-0.07947019867549676
小崧股份,2023-08-09,0.0165,-0.07947019867549676
小崧股份,2023-08-08,0.012,-0.07947019867549676
小崧股份,2023-07-17,0.0151,-0.07947019867549676
小崧股份,2023-08-11,0.019799999999999998,-0.07947019867549676
小崧股份,2023-08-14,0.0219,-0.07947019867549676
小崧股份,2023-08-10,0.0159,-0.07947019867549676
小崧股份,2023-07-20,0.022799999999999997,-0.07947019867549676
小崧股份,2023-07-19,0.021400000000000002,-0.07947019867549676
亚振家居,2023-07-12,0.0137,-0.08029197080291972
亚振家居,2023-07-14,0.0134,-0.08029197080291972
亚振家居,2023-07-13,0.011899999999999999,-0.08029197080291972
亚振家居,2023-07-17,0.0126,-0.08029197080291972
新通联,2023-07-13,0.0102,-0.08108108108108103
新通联,2023-07-12,0.0111,-0.08108108108108103
药康生物,2023-08-03,0.0148,-0.08108108108108103
药康生物,2023-08-04,0.013600000000000001,-0.08108108108108103
东材科技,2023-07-17,0.0143,-0.08196721311475386
东材科技,2023-07-13,0.012199999999999999,-0.08196721311475386
东材科技,2023-07-24,0.0137,-0.08196721311475386
东材科技,2023-07-19,0.0129,-0.08196721311475386
东材科技,2023-07-20,0.0143,-0.08196721311475386
东材科技,2023-07-21,0.014499999999999999,-0.08196721311475386
东材科技,2023-07-27,0.011200000000000002,-0.08196721311475386
东材科技,2023-07-26,0.0131,-0.08196721311475386
方大集团,2023-07-14,0.0134,-0.0821917808219178
方大集团,2023-07-12,0.0146,-0.0821917808219178
方大集团,2023-07-13,0.0132,-0.0821917808219178
马钢股份,2023-08-02,0.0109,-0.08333333333333326
马钢股份,2023-08-04,0.011000000000000001,-0.08333333333333326
马钢股份,2023-08-03,0.0124,-0.08333333333333326
马钢股份,2023-08-01,0.012,-0.08333333333333326
紫燕食品,2023-07-26,0.011000000000000001,-0.08333333333333326
紫燕食品,2023-07-21,0.015,-0.08333333333333326
紫燕食品,2023-07-20,0.0158,-0.08333333333333326
紫燕食品,2023-07-19,0.012,-0.08333333333333326
紫燕食品,2023-07-24,0.0154,-0.08333333333333326
莲花健康,2023-07-27,0.0143,-0.08391608391608385
莲花健康,2023-08-01,0.0104,-0.08391608391608385
莲花健康,2023-08-02,0.011000000000000001,-0.08391608391608385
莲花健康,2023-07-28,0.0158,-0.08391608391608385
莲花健康,2023-08-03,0.0131,-0.08391608391608385
奥特维,2023-07-12,0.0128,-0.08593750000000011
奥特维,2023-07-13,0.0118,-0.08593750000000011
奥特维,2023-07-19,0.011699999999999999,-0.08593750000000011
奥特维,2023-07-14,0.0118,-0.08593750000000011
奥特维,2023-07-17,0.011399999999999999,-0.08593750000000011
云铝股份,2023-07-31,0.0144,-0.08759124087591241
云铝股份,2023-08-02,0.018799999999999997,-0.08759124087591241
云铝股份,2023-08-03,0.016399999999999998,-0.08759124087591241
云铝股份,2023-08-04,0.0115,-0.08759124087591241
云铝股份,2023-08-07,0.0115,-0.08759124087591241
云铝股份,2023-08-08,0.0131,-0.08759124087591241
云铝股份,2023-08-09,0.0125,-0.08759124087591241
云铝股份,2023-07-28,0.0179,-0.08759124087591241
云铝股份,2023-08-01,0.0171,-0.08759124087591241
云铝股份,2023-07-27,0.0137,-0.08759124087591241
佰维存储,2023-07-27,0.054900000000000004,-0.08785046728971968
佰维存储,2023-07-31,0.048799999999999996,-0.08785046728971968
佰维存储,2023-07-28,0.0217,-0.08785046728971968
佰维存储,2023-07-19,0.062,-0.08785046728971968
佰维存储,2023-07-26,0.0424,-0.08785046728971968
佰维存储,2023-07-24,0.0127,-0.08785046728971968
佰维存储,2023-07-21,0.045899999999999996,-0.08785046728971968
佰维存储,2023-07-20,0.062,-0.08785046728971968
佰维存储,2023-07-17,0.0781,-0.08785046728971968
佰维存储,2023-07-14,0.0639,-0.08785046728971968
佰维存储,2023-07-13,0.0535,-0.08785046728971968
菲利华,2023-08-18,0.013600000000000001,-0.08823529411764719
菲利华,2023-08-23,0.0124,-0.08823529411764719
菲利华,2023-08-21,0.014499999999999999,-0.08823529411764719
德联集团,2023-07-13,0.018500000000000003,-0.08866995073891604
德联集团,2023-07-12,0.0203,-0.08866995073891604
晶升股份,2023-08-23,0.0108,-0.09243697478991586
晶升股份,2023-08-09,0.011899999999999999,-0.09243697478991586
晶升股份,2023-08-10,0.0154,-0.09243697478991586
晶升股份,2023-08-21,0.012199999999999999,-0.09243697478991586
绿茵生态,2023-07-19,0.0105,-0.09482758620689646
绿茵生态,2023-07-12,0.0116,-0.09482758620689646
山大地纬,2023-07-28,0.023399999999999997,-0.09644670050761417
山大地纬,2023-07-31,0.0178,-0.09644670050761417
山大地纬,2023-07-20,0.0206,-0.09644670050761417
山大地纬,2023-07-27,0.0217,-0.09644670050761417
山大地纬,2023-07-26,0.0202,-0.09644670050761417
山大地纬,2023-07-24,0.024700000000000003,-0.09644670050761417
山大地纬,2023-07-21,0.020499999999999997,-0.09644670050761417
山大地纬,2023-07-19,0.029500000000000002,-0.09644670050761417
山大地纬,2023-07-17,0.0197,-0.09644670050761417
科隆股份,2023-07-13,0.0149,-0.0972222222222221
科隆股份,2023-07-17,0.0154,-0.0972222222222221
科隆股份,2023-07-14,0.0168,-0.0972222222222221
科隆股份,2023-07-19,0.013000000000000001,-0.0972222222222221
科隆股份,2023-07-12,0.0144,-0.0972222222222221
梅雁吉祥,2023-08-02,0.0113,-0.09734513274336276
梅雁吉祥,2023-08-03,0.0102,-0.09734513274336276
果麦文化,2023-07-13,0.012199999999999999,-0.0983606557377048
果麦文化,2023-08-15,0.020499999999999997,-0.0983606557377048
果麦文化,2023-08-14,0.0298,-0.0983606557377048
果麦文化,2023-08-11,0.029900000000000003,-0.0983606557377048
果麦文化,2023-08-10,0.0277,-0.0983606557377048
果麦文化,2023-08-09,0.0315,-0.0983606557377048
果麦文化,2023-08-08,0.0462,-0.0983606557377048
果麦文化,2023-08-07,0.0227,-0.0983606557377048
果麦文化,2023-08-04,0.010700000000000001,-0.0983606557377048
果麦文化,2023-07-19,0.0121,-0.0983606557377048
果麦文化,2023-07-17,0.0168,-0.0983606557377048
果麦文化,2023-07-14,0.021400000000000002,-0.0983606557377048
果麦文化,2023-08-16,0.0182,-0.0983606557377048
果麦文化,2023-08-18,0.0148,-0.0983606557377048
果麦文化,2023-08-21,0.011000000000000001,-0.0983606557377048
上海艾录,2023-07-19,0.0209,-0.09913793103448276
上海艾录,2023-07-12,0.0232,-0.09913793103448276
上海艾录,2023-07-13,0.019799999999999998,-0.09913793103448276
上海艾录,2023-07-14,0.0215,-0.09913793103448276
上海艾录,2023-07-17,0.0209,-0.09913793103448276
赢时胜,2023-08-07,0.0171,-0.09999999999999998
赢时胜,2023-08-09,0.0173,-0.09999999999999998
赢时胜,2023-08-10,0.0302,-0.09999999999999998
赢时胜,2023-08-11,0.0302,-0.09999999999999998
赢时胜,2023-08-04,0.0169,-0.09999999999999998
赢时胜,2023-08-03,0.0106,-0.09999999999999998
赢时胜,2023-08-14,0.0108,-0.09999999999999998
赢时胜,2023-07-28,0.012,-0.09999999999999998
泰坦股份,2023-07-13,0.0242,-0.1003717472118959
泰坦股份,2023-07-12,0.0269,-0.1003717472118959
广和通,2023-07-12,0.011699999999999999,-0.10256410256410242
广和通,2023-07-19,0.0102,-0.10256410256410242
广和通,2023-07-24,0.0105,-0.10256410256410242
龙韵股份,2023-07-12,0.0116,-0.10344827586206895
龙韵股份,2023-07-13,0.0125,-0.10344827586206895
龙韵股份,2023-07-14,0.0132,-0.10344827586206895
龙韵股份,2023-07-17,0.016,-0.10344827586206895
龙韵股份,2023-07-19,0.013999999999999999,-0.10344827586206895
龙韵股份,2023-07-20,0.0104,-0.10344827586206895
新益昌,2023-07-24,0.0103,-0.10434782608695647
新益昌,2023-07-21,0.0115,-0.10434782608695647
新炬网络,2023-08-16,0.013600000000000001,-0.10526315789473673
新炬网络,2023-08-15,0.013300000000000001,-0.10526315789473673
新炬网络,2023-08-14,0.0152,-0.10526315789473673
君亭酒店,2023-08-09,0.0102,-0.10526315789473673
君亭酒店,2023-08-07,0.0111,-0.10526315789473673
君亭酒店,2023-08-03,0.011399999999999999,-0.10526315789473673
赛隆药业,2023-07-13,0.0108,-0.10638297872340419
赛隆药业,2023-08-08,0.013300000000000001,-0.10638297872340419
赛隆药业,2023-07-12,0.0141,-0.10638297872340419
赛隆药业,2023-08-07,0.011200000000000002,-0.10638297872340419
赛隆药业,2023-08-03,0.016399999999999998,-0.10638297872340419
赛隆药业,2023-08-10,0.0115,-0.10638297872340419
赛隆药业,2023-08-11,0.0126,-0.10638297872340419
赛隆药业,2023-08-04,0.0123,-0.10638297872340419
赛隆药业,2023-08-01,0.0108,-0.10638297872340419
赛隆药业,2023-08-02,0.0109,-0.10638297872340419
全志科技,2023-07-24,0.015,-0.1071428571428571
全志科技,2023-07-19,0.0168,-0.1071428571428571
全志科技,2023-07-20,0.013000000000000001,-0.1071428571428571
全志科技,2023-07-21,0.0146,-0.1071428571428571
亚泰集团,2023-08-07,0.013300000000000001,-0.10738255033557043
亚泰集团,2023-08-04,0.0229,-0.10738255033557043
亚泰集团,2023-08-03,0.0168,-0.10738255033557043
亚泰集团,2023-08-01,0.0149,-0.10738255033557043
亚泰集团,2023-08-02,0.015600000000000001,-0.10738255033557043
西力科技,2023-07-13,0.0163,-0.10769230769230786
西力科技,2023-07-12,0.013000000000000001,-0.10769230769230786
西力科技,2023-07-14,0.0168,-0.10769230769230786
西力科技,2023-07-19,0.0175,-0.10769230769230786
西力科技,2023-07-20,0.0116,-0.10769230769230786
西力科技,2023-07-17,0.0171,-0.10769230769230786
金证股份,2023-08-04,0.0173,-0.10982658959537561
金证股份,2023-08-07,0.0109,-0.10982658959537561
金证股份,2023-08-08,0.0131,-0.10982658959537561
金证股份,2023-08-09,0.0154,-0.10982658959537561
保力新,2023-08-04,0.0361,-0.11023622047244097
保力新,2023-08-08,0.0226,-0.11023622047244097
保力新,2023-08-03,0.0768,-0.11023622047244097
保力新,2023-08-01,0.0904,-0.11023622047244097
保力新,2023-07-31,0.0852,-0.11023622047244097
保力新,2023-07-28,0.0462,-0.11023622047244097
保力新,2023-07-27,0.0444,-0.11023622047244097
保力新,2023-07-26,0.043,-0.11023622047244097
保力新,2023-07-24,0.028300000000000002,-0.11023622047244097
保力新,2023-07-21,0.0366,-0.11023622047244097
保力新,2023-08-02,0.0901,-0.11023622047244097
保力新,2023-07-20,0.0254,-0.11023622047244097
法狮龙,2023-08-02,0.0121,-0.11029411764705888
法狮龙,2023-07-21,0.0225,-0.11029411764705888
法狮龙,2023-07-20,0.0217,-0.11029411764705888
法狮龙,2023-07-19,0.011000000000000001,-0.11029411764705888
法狮龙,2023-07-14,0.013600000000000001,-0.11029411764705888
法狮龙,2023-07-31,0.0127,-0.11029411764705888
法狮龙,2023-08-01,0.0121,-0.11029411764705888
法狮龙,2023-07-26,0.0177,-0.11029411764705888
法狮龙,2023-07-24,0.0141,-0.11029411764705888
石化机械,2023-07-27,0.011200000000000002,-0.11111111111111094
石化机械,2023-07-12,0.0126,-0.11111111111111094
石化机械,2023-07-24,0.0116,-0.11111111111111094
石化机械,2023-07-26,0.0111,-0.11111111111111094
兴业科技,2023-07-13,0.011899999999999999,-0.11194029850746279
兴业科技,2023-07-12,0.0134,-0.11194029850746279
润丰股份,2023-07-21,0.0109,-0.11206896551724133
润丰股份,2023-07-13,0.0116,-0.11206896551724133
润丰股份,2023-07-17,0.013000000000000001,-0.11206896551724133
润丰股份,2023-07-26,0.0103,-0.11206896551724133
润丰股份,2023-07-24,0.0108,-0.11206896551724133
新华网,2023-08-15,0.0118,-0.1127819548872181
新华网,2023-08-14,0.013300000000000001,-0.1127819548872181
华光新材,2023-07-12,0.0195,-0.11282051282051286
华光新材,2023-07-28,0.0173,-0.11282051282051286
华光新材,2023-07-14,0.0204,-0.11282051282051286
华光新材,2023-07-27,0.0152,-0.11282051282051286
华光新材,2023-07-26,0.0181,-0.11282051282051286
华光新材,2023-07-24,0.0179,-0.11282051282051286
华光新材,2023-07-20,0.019299999999999998,-0.11282051282051286
华光新材,2023-07-19,0.0159,-0.11282051282051286
华光新材,2023-07-17,0.0182,-0.11282051282051286
华光新材,2023-07-21,0.018600000000000002,-0.11282051282051286
华光新材,2023-07-13,0.024700000000000003,-0.11282051282051286
中南股份,2023-07-28,0.015300000000000001,-0.11304347826086947
中南股份,2023-08-04,0.0174,-0.11304347826086947
中南股份,2023-08-10,0.0102,-0.11304347826086947
中南股份,2023-07-27,0.0115,-0.11304347826086947
中南股份,2023-08-08,0.0176,-0.11304347826086947
中南股份,2023-08-07,0.0167,-0.11304347826086947
中南股份,2023-08-09,0.0158,-0.11304347826086947
中南股份,2023-08-03,0.0172,-0.11304347826086947
中南股份,2023-08-02,0.0177,-0.11304347826086947
中南股份,2023-08-01,0.019799999999999998,-0.11304347826086947
中南股份,2023-07-31,0.0154,-0.11304347826086947
凤凰股份,2023-07-12,0.011399999999999999,-0.11403508771929816
新易盛,2023-08-09,0.0101,-0.11403508771929816
新易盛,2023-08-08,0.013500000000000002,-0.11403508771929816
新易盛,2023-08-07,0.023399999999999997,-0.11403508771929816
新易盛,2023-08-04,0.0199,-0.11403508771929816
新易盛,2023-08-02,0.018500000000000003,-0.11403508771929816
新易盛,2023-08-01,0.024900000000000002,-0.11403508771929816
新易盛,2023-07-31,0.025699999999999997,-0.11403508771929816
凤凰股份,2023-07-13,0.011000000000000001,-0.11403508771929816
新易盛,2023-07-27,0.0183,-0.11403508771929816
新易盛,2023-07-26,0.0226,-0.11403508771929816
凤凰股份,2023-07-26,0.0116,-0.11403508771929816
凤凰股份,2023-07-27,0.011399999999999999,-0.11403508771929816
凤凰股份,2023-07-28,0.0195,-0.11403508771929816
凤凰股份,2023-07-31,0.018500000000000003,-0.11403508771929816
凤凰股份,2023-08-01,0.011699999999999999,-0.11403508771929816
凤凰股份,2023-08-02,0.0123,-0.11403508771929816
凤凰股份,2023-08-03,0.0101,-0.11403508771929816
新易盛,2023-07-28,0.016399999999999998,-0.11403508771929816
新易盛,2023-07-12,0.011399999999999999,-0.11403508771929816
新易盛,2023-07-13,0.0125,-0.11403508771929816
新易盛,2023-07-17,0.0172,-0.11403508771929816
新易盛,2023-07-19,0.0143,-0.11403508771929816
新易盛,2023-07-20,0.0143,-0.11403508771929816
新易盛,2023-07-21,0.0191,-0.11403508771929816
新易盛,2023-07-24,0.0172,-0.11403508771929816
合肥城建,2023-07-31,0.011399999999999999,-0.11627906976744196
合肥城建,2023-07-28,0.0181,-0.11627906976744196
合肥城建,2023-07-27,0.020499999999999997,-0.11627906976744196
合肥城建,2023-07-26,0.0129,-0.11627906976744196
创益通,2023-07-17,0.0894,-0.11795543905635641
创益通,2023-07-26,0.0661,-0.11795543905635641
创益通,2023-07-24,0.0637,-0.11795543905635641
创益通,2023-07-21,0.0675,-0.11795543905635641
创益通,2023-07-20,0.0677,-0.11795543905635641
创益通,2023-07-19,0.0894,-0.11795543905635641
创益通,2023-07-14,0.08810000000000001,-0.11795543905635641
创益通,2023-07-13,0.1025,-0.11795543905635641
创益通,2023-07-12,0.07629999999999999,-0.11795543905635641
创益通,2023-07-27,0.0673,-0.11795543905635641
益生股份,2023-07-13,0.0147,-0.11976047904191622
益生股份,2023-07-12,0.0167,-0.11976047904191622
青云科技,2023-08-21,0.011000000000000001,-0.12
青云科技,2023-08-15,0.012199999999999999,-0.12
青云科技,2023-08-08,0.0116,-0.12
青云科技,2023-08-04,0.0125,-0.12
青云科技,2023-08-10,0.011000000000000001,-0.12
青云科技,2023-08-07,0.0125,-0.12
青云科技,2023-08-11,0.01,-0.12
青云科技,2023-08-14,0.0149,-0.12
国机通用,2023-07-13,0.0109,-0.12096774193548387
国机通用,2023-07-12,0.0124,-0.12096774193548387
博腾股份,2023-08-03,0.0131,-0.12213740458015276
博腾股份,2023-08-04,0.0129,-0.12213740458015276
博腾股份,2023-08-08,0.010700000000000001,-0.12213740458015276
博腾股份,2023-08-09,0.0115,-0.12213740458015276
金刚光伏,2023-07-13,0.0106,-0.12396694214876025
金刚光伏,2023-07-12,0.0121,-0.12396694214876025
开能健康,2023-07-19,0.0129,-0.1240310077519381
开能健康,2023-07-26,0.0113,-0.1240310077519381
开能健康,2023-07-13,0.013300000000000001,-0.1240310077519381
开能健康,2023-07-12,0.0129,-0.1240310077519381
百洋股份,2023-07-21,0.012,-0.12408759124087587
百洋股份,2023-07-12,0.0137,-0.12408759124087587
三利谱,2023-07-12,0.0216,-0.125
三利谱,2023-07-28,0.0189,-0.125
三利谱,2023-07-14,0.0285,-0.125
三利谱,2023-07-17,0.0353,-0.125
三利谱,2023-07-19,0.0308,-0.125
三利谱,2023-07-20,0.0258,-0.125
三利谱,2023-07-21,0.023,-0.125
三利谱,2023-07-24,0.022400000000000003,-0.125
三利谱,2023-07-26,0.0226,-0.125
三利谱,2023-07-27,0.021099999999999997,-0.125
三利谱,2023-07-13,0.0313,-0.125
TCL科技,2023-07-13,0.0134,-0.1268656716417912
TCL科技,2023-07-14,0.0184,-0.1268656716417912
TCL科技,2023-07-17,0.018600000000000002,-0.1268656716417912
TCL科技,2023-07-20,0.0175,-0.1268656716417912
TCL科技,2023-07-19,0.0181,-0.1268656716417912
TCL科技,2023-07-21,0.011699999999999999,-0.1268656716417912
思瑞浦,2023-07-13,0.0118,-0.1271186440677966
思瑞浦,2023-07-14,0.0115,-0.1271186440677966
思瑞浦,2023-07-24,0.0103,-0.1271186440677966
思瑞浦,2023-07-21,0.010700000000000001,-0.1271186440677966
方正证券,2023-08-03,0.011699999999999999,-0.12820512820512808
方正证券,2023-08-07,0.0108,-0.12820512820512808
方正证券,2023-08-08,0.0102,-0.12820512820512808
源杰科技,2023-08-08,0.0345,-0.1287128712871286
源杰科技,2023-08-11,0.0176,-0.1287128712871286
源杰科技,2023-08-10,0.0245,-0.1287128712871286
源杰科技,2023-08-09,0.0313,-0.1287128712871286
源杰科技,2023-08-07,0.0513,-0.1287128712871286
源杰科技,2023-08-04,0.0596,-0.1287128712871286
源杰科技,2023-07-31,0.0223,-0.1287128712871286
源杰科技,2023-08-01,0.029500000000000002,-0.1287128712871286
源杰科技,2023-08-02,0.0143,-0.1287128712871286
源杰科技,2023-08-03,0.014499999999999999,-0.1287128712871286
源杰科技,2023-07-28,0.0202,-0.1287128712871286
苏州龙杰,2023-07-13,0.0131,-0.12903225806451601
苏州龙杰,2023-07-14,0.0103,-0.12903225806451601
苏州龙杰,2023-07-19,0.0121,-0.12903225806451601
苏州龙杰,2023-07-20,0.011399999999999999,-0.12903225806451601
苏州龙杰,2023-07-21,0.0113,-0.12903225806451601
苏州龙杰,2023-07-24,0.0108,-0.12903225806451601
苏州龙杰,2023-07-12,0.0124,-0.12903225806451601
顺博合金,2023-07-13,0.0121,-0.1294964028776978
顺博合金,2023-07-12,0.0139,-0.1294964028776978
河钢股份,2023-08-03,0.011399999999999999,-0.12977099236641232
河钢股份,2023-08-01,0.0131,-0.12977099236641232
河钢股份,2023-08-02,0.0132,-0.12977099236641232
锦盛新材,2023-07-12,0.012199999999999999,-0.13114754098360648
锦盛新材,2023-07-13,0.0106,-0.13114754098360648
思特奇,2023-08-10,0.025699999999999997,-0.131782945736434
思特奇,2023-08-09,0.0129,-0.131782945736434
思特奇,2023-08-15,0.011200000000000002,-0.131782945736434
思特奇,2023-08-11,0.0179,-0.131782945736434
思特奇,2023-08-14,0.024700000000000003,-0.131782945736434
聚辰股份,2023-07-17,0.0105,-0.13223140495867758
聚辰股份,2023-07-14,0.010700000000000001,-0.13223140495867758
聚辰股份,2023-07-13,0.0163,-0.13223140495867758
聚辰股份,2023-07-12,0.0121,-0.13223140495867758
纳睿雷达,2023-08-15,0.0106,-0.13259668508287292
纳睿雷达,2023-08-18,0.015700000000000002,-0.13259668508287292
纳睿雷达,2023-07-12,0.0181,-0.13259668508287292
厦门银行,2023-07-28,0.012,-0.13333333333333341
厦门银行,2023-08-04,0.0159,-0.13333333333333341
厦门银行,2023-08-08,0.0104,-0.13333333333333341
厦门银行,2023-07-31,0.015600000000000001,-0.13333333333333341
厦门银行,2023-08-01,0.0149,-0.13333333333333341
厦门银行,2023-08-02,0.0149,-0.13333333333333341
厦门银行,2023-08-03,0.015700000000000002,-0.13333333333333341
厦门银行,2023-08-07,0.0123,-0.13333333333333341
聚胶股份,2023-08-08,0.0183,-0.13661202185792343
聚胶股份,2023-08-09,0.0167,-0.13661202185792343
聚胶股份,2023-08-11,0.0265,-0.13661202185792343
聚胶股份,2023-08-14,0.0158,-0.13661202185792343
江苏舜天,2023-08-01,0.014499999999999999,-0.13669064748201432
江苏舜天,2023-07-31,0.015600000000000001,-0.13669064748201432
江苏舜天,2023-07-28,0.0139,-0.13669064748201432
江苏舜天,2023-08-03,0.012,-0.13669064748201432
江苏舜天,2023-08-02,0.013000000000000001,-0.13669064748201432
*ST美盛,2023-08-10,0.0144,-0.13888888888888895
*ST美盛,2023-08-11,0.0124,-0.13888888888888895
三生国健,2023-07-31,0.019299999999999998,-0.139240506329114
三生国健,2023-08-01,0.019299999999999998,-0.139240506329114
三生国健,2023-07-27,0.0158,-0.139240506329114
三生国健,2023-08-03,0.0189,-0.139240506329114
三生国健,2023-08-04,0.0202,-0.139240506329114
三生国健,2023-08-08,0.013600000000000001,-0.139240506329114
三生国健,2023-07-28,0.025,-0.139240506329114
三生国健,2023-08-02,0.0159,-0.139240506329114
益方生物,2023-08-01,0.0129,-0.14
益方生物,2023-07-31,0.015,-0.14
益方生物,2023-07-28,0.015,-0.14
隆华新材,2023-07-13,0.0103,-0.14166666666666672
隆华新材,2023-07-12,0.012,-0.14166666666666672
太极实业,2023-07-19,0.0146,-0.1428571428571428
太极实业,2023-07-20,0.0108,-0.1428571428571428
太极实业,2023-07-17,0.0126,-0.1428571428571428
黑猫股份,2023-08-11,0.010700000000000001,-0.1439999999999999
黑猫股份,2023-07-31,0.0125,-0.1439999999999999
黑猫股份,2023-08-04,0.0128,-0.1439999999999999
普利制药,2023-08-14,0.0105,-0.14406779661016955
深物业A,2023-08-07,0.0137,-0.14406779661016955
普利制药,2023-08-15,0.0101,-0.14406779661016955
深物业A,2023-07-28,0.0118,-0.14406779661016955
普利制药,2023-07-26,0.0132,-0.14406779661016955
普利制药,2023-07-24,0.010700000000000001,-0.14406779661016955
普利制药,2023-07-21,0.0118,-0.14406779661016955
深物业A,2023-07-31,0.0137,-0.14406779661016955
深物业A,2023-08-08,0.0102,-0.14406779661016955
深物业A,2023-08-09,0.0101,-0.14406779661016955
深物业A,2023-08-04,0.0149,-0.14406779661016955
深物业A,2023-08-03,0.0167,-0.14406779661016955
深物业A,2023-08-02,0.0167,-0.14406779661016955
深物业A,2023-08-01,0.0143,-0.14406779661016955
郑州银行,2023-08-07,0.0179,-0.14465408805031443
郑州银行,2023-08-04,0.020099999999999996,-0.14465408805031443
郑州银行,2023-08-03,0.0174,-0.14465408805031443
郑州银行,2023-08-02,0.0163,-0.14465408805031443
郑州银行,2023-08-01,0.0141,-0.14465408805031443
郑州银行,2023-07-31,0.013600000000000001,-0.14465408805031443
郑州银行,2023-07-28,0.0159,-0.14465408805031443
郑州银行,2023-08-08,0.0152,-0.14465408805031443
郑州银行,2023-08-09,0.013600000000000001,-0.14465408805031443
佳发教育,2023-07-19,0.016399999999999998,-0.1450381679389312
佳发教育,2023-07-17,0.0132,-0.1450381679389312
佳发教育,2023-07-21,0.015300000000000001,-0.1450381679389312
佳发教育,2023-07-24,0.0184,-0.1450381679389312
佳发教育,2023-07-26,0.0175,-0.1450381679389312
佳发教育,2023-07-27,0.011200000000000002,-0.1450381679389312
佳发教育,2023-07-13,0.0131,-0.1450381679389312
佳发教育,2023-07-14,0.0182,-0.1450381679389312
佳发教育,2023-07-20,0.0154,-0.1450381679389312
确成股份,2023-07-13,0.0152,-0.1460674157303371
确成股份,2023-07-12,0.0178,-0.1460674157303371
德必集团,2023-07-24,0.0111,-0.1461538461538462
德必集团,2023-07-26,0.0111,-0.1461538461538462
德必集团,2023-07-20,0.013000000000000001,-0.1461538461538462
昂利康,2023-07-12,0.012199999999999999,-0.14754098360655732
昂利康,2023-07-13,0.0104,-0.14754098360655732
线上线下,2023-08-01,0.0161,-0.14814814814814814
线上线下,2023-07-31,0.026600000000000002,-0.14814814814814814
线上线下,2023-07-28,0.011000000000000001,-0.14814814814814814
线上线下,2023-07-27,0.0113,-0.14814814814814814
线上线下,2023-07-26,0.0168,-0.14814814814814814
线上线下,2023-07-24,0.0189,-0.14814814814814814
晶品特装,2023-07-12,0.0182,-0.14835164835164838
晶品特装,2023-07-13,0.0155,-0.14835164835164838
通用电梯,2023-08-23,0.0109,-0.1484375
通用电梯,2023-07-17,0.0128,-0.1484375
山煤国际,2023-08-23,0.0106,-0.15200000000000002
山煤国际,2023-07-12,0.0125,-0.15200000000000002
山煤国际,2023-07-13,0.013999999999999999,-0.15200000000000002
山煤国际,2023-07-14,0.0123,-0.15200000000000002
塞力医疗,2023-08-01,0.031200000000000002,-0.152317880794702
塞力医疗,2023-07-31,0.0151,-0.152317880794702
塞力医疗,2023-08-04,0.0128,-0.152317880794702
塞力医疗,2023-08-02,0.026099999999999998,-0.152317880794702
塞力医疗,2023-08-03,0.0233,-0.152317880794702
鲁西化工,2023-07-13,0.0143,-0.15328467153284675
鲁西化工,2023-07-19,0.0152,-0.15328467153284675
鲁西化工,2023-07-20,0.0138,-0.15328467153284675
鲁西化工,2023-07-14,0.011399999999999999,-0.15328467153284675
鲁西化工,2023-07-17,0.0138,-0.15328467153284675
鲁西化工,2023-07-12,0.0137,-0.15328467153284675
鲁西化工,2023-07-21,0.0116,-0.15328467153284675
惠发食品,2023-07-19,0.011000000000000001,-0.15384615384615385
惠发食品,2023-07-17,0.011000000000000001,-0.15384615384615385
惠发食品,2023-07-13,0.0127,-0.15384615384615385
惠发食品,2023-07-12,0.013000000000000001,-0.15384615384615385
惠发食品,2023-07-14,0.011200000000000002,-0.15384615384615385
帅丰电器,2023-07-13,0.0131,-0.1548387096774193
帅丰电器,2023-07-12,0.0155,-0.1548387096774193
唯赛勃,2023-07-13,0.018000000000000002,-0.15492957746478864
唯赛勃,2023-07-12,0.0213,-0.15492957746478864
第一创业,2023-08-07,0.032,-0.15503875968992253
新华都,2023-07-26,0.0102,-0.15503875968992253
新华都,2023-07-27,0.0103,-0.15503875968992253
新华都,2023-07-28,0.0151,-0.15503875968992253
新华都,2023-07-21,0.0129,-0.15503875968992253
第一创业,2023-07-28,0.0129,-0.15503875968992253
第一创业,2023-07-31,0.0127,-0.15503875968992253
第一创业,2023-08-01,0.015600000000000001,-0.15503875968992253
第一创业,2023-08-02,0.0161,-0.15503875968992253
第一创业,2023-08-03,0.0274,-0.15503875968992253
第一创业,2023-08-04,0.028300000000000002,-0.15503875968992253
新华都,2023-07-24,0.0109,-0.15503875968992253
第一创业,2023-08-08,0.028999999999999998,-0.15503875968992253
第一创业,2023-08-09,0.025,-0.15503875968992253
第一创业,2023-08-10,0.0277,-0.15503875968992253
第一创业,2023-08-11,0.0121,-0.15503875968992253
第一创业,2023-08-16,0.0109,-0.15503875968992253
新华都,2023-08-02,0.025699999999999997,-0.15503875968992253
新华都,2023-08-03,0.0252,-0.15503875968992253
新华都,2023-08-01,0.0235,-0.15503875968992253
森林包装,2023-07-12,0.0129,-0.15503875968992253
森林包装,2023-07-17,0.0109,-0.15503875968992253
新华都,2023-08-04,0.0168,-0.15503875968992253
新华都,2023-08-07,0.0109,-0.15503875968992253
新华都,2023-07-31,0.0203,-0.15503875968992253
蓝丰生化,2023-07-13,0.0159,-0.1572327044025158
蓝丰生化,2023-07-14,0.0134,-0.1572327044025158
朝阳科技,2023-07-14,0.0226,-0.1575757575757577
朝阳科技,2023-07-31,0.0139,-0.1575757575757577
朝阳科技,2023-07-28,0.0207,-0.1575757575757577
朝阳科技,2023-07-27,0.0202,-0.1575757575757577
朝阳科技,2023-07-26,0.0196,-0.1575757575757577
朝阳科技,2023-07-24,0.016,-0.1575757575757577
朝阳科技,2023-07-19,0.019799999999999998,-0.1575757575757577
朝阳科技,2023-07-17,0.022099999999999998,-0.1575757575757577
朝阳科技,2023-07-21,0.0154,-0.1575757575757577
朝阳科技,2023-07-13,0.0197,-0.1575757575757577
朝阳科技,2023-07-12,0.0165,-0.1575757575757577
朝阳科技,2023-07-20,0.0184,-0.1575757575757577
联翔股份,2023-07-28,0.016,-0.1578947368421052
联翔股份,2023-07-27,0.015700000000000002,-0.1578947368421052
联翔股份,2023-07-13,0.0181,-0.1578947368421052
联翔股份,2023-07-14,0.011699999999999999,-0.1578947368421052
联翔股份,2023-07-17,0.0132,-0.1578947368421052
联翔股份,2023-07-19,0.0137,-0.1578947368421052
联翔股份,2023-07-20,0.0137,-0.1578947368421052
联翔股份,2023-07-21,0.0103,-0.1578947368421052
联翔股份,2023-07-24,0.015,-0.1578947368421052
联翔股份,2023-07-26,0.0227,-0.1578947368421052
联翔股份,2023-07-12,0.019,-0.1578947368421052
天振股份,2023-07-26,0.011899999999999999,-0.15966386554621836
天振股份,2023-07-28,0.01,-0.15966386554621836
华达新材,2023-07-13,0.018000000000000002,-0.16000000000000003
新城市,2023-07-27,0.0125,-0.16000000000000003
新城市,2023-07-26,0.0125,-0.16000000000000003
华达新材,2023-07-19,0.0105,-0.16000000000000003
华达新材,2023-07-17,0.0105,-0.16000000000000003
华达新材,2023-07-12,0.0125,-0.16000000000000003
华达新材,2023-07-14,0.0137,-0.16000000000000003
新城市,2023-07-28,0.0105,-0.16000000000000003
新风光,2023-07-13,0.0548,-0.1607142857142856
新风光,2023-07-12,0.055999999999999994,-0.1607142857142856
新风光,2023-07-14,0.047,-0.1607142857142856
高伟达,2023-08-04,0.0174,-0.16091954022988497
高伟达,2023-08-07,0.0334,-0.16091954022988497
高伟达,2023-08-08,0.024399999999999998,-0.16091954022988497
高伟达,2023-08-09,0.0279,-0.16091954022988497
高伟达,2023-08-10,0.0277,-0.16091954022988497
高伟达,2023-08-11,0.0103,-0.16091954022988497
高伟达,2023-08-15,0.011200000000000002,-0.16091954022988497
高伟达,2023-08-16,0.0146,-0.16091954022988497
高伟达,2023-08-14,0.011200000000000002,-0.16091954022988497
永鼎股份,2023-08-11,0.015600000000000001,-0.16216216216216206
永鼎股份,2023-08-14,0.0161,-0.16216216216216206
永鼎股份,2023-08-15,0.011699999999999999,-0.16216216216216206
永鼎股份,2023-08-16,0.018600000000000002,-0.16216216216216206
永鼎股份,2023-08-07,0.0222,-0.16216216216216206
永鼎股份,2023-08-08,0.0125,-0.16216216216216206
锌业股份,2023-07-17,0.0187,-0.1645021645021646
锌业股份,2023-07-14,0.023,-0.1645021645021646
锌业股份,2023-07-13,0.0255,-0.1645021645021646
锌业股份,2023-07-12,0.0231,-0.1645021645021646
锌业股份,2023-07-19,0.019299999999999998,-0.1645021645021646
浙江永强,2023-07-13,0.0132,-0.16455696202531656
浙江永强,2023-07-12,0.0158,-0.16455696202531656
华通线缆,2023-08-21,0.0236,-0.16597510373444002
华通线缆,2023-08-23,0.020099999999999996,-0.16597510373444002
华通线缆,2023-08-18,0.0225,-0.16597510373444002
华通线缆,2023-08-16,0.021,-0.16597510373444002
华通线缆,2023-08-15,0.0241,-0.16597510373444002
凡拓数创,2023-07-19,0.0155,-0.16774193548387095
凡拓数创,2023-08-15,0.0129,-0.16774193548387095
凡拓数创,2023-08-14,0.011699999999999999,-0.16774193548387095
延江股份,2023-07-12,0.0149,-0.16778523489932884
延江股份,2023-07-13,0.0124,-0.16778523489932884
常青股份,2023-07-17,0.013000000000000001,-0.1692307692307693
常青股份,2023-07-24,0.0108,-0.1692307692307693
常青股份,2023-07-20,0.0118,-0.1692307692307693
常青股份,2023-07-19,0.011399999999999999,-0.1692307692307693
常青股份,2023-07-21,0.010700000000000001,-0.1692307692307693
茶花股份,2023-08-02,0.010700000000000001,-0.1705426356589146
茶花股份,2023-07-28,0.0129,-0.1705426356589146
茶花股份,2023-07-31,0.0105,-0.1705426356589146
华升股份,2023-07-12,0.0123,-0.1707317073170731
华升股份,2023-07-28,0.0129,-0.1707317073170731
华升股份,2023-07-31,0.0166,-0.1707317073170731
华升股份,2023-08-01,0.016200000000000003,-0.1707317073170731
华升股份,2023-08-02,0.016,-0.1707317073170731
华升股份,2023-08-03,0.016,-0.1707317073170731
华升股份,2023-08-07,0.0102,-0.1707317073170731
华升股份,2023-08-04,0.011399999999999999,-0.1707317073170731
悦安新材,2023-07-12,0.026699999999999998,-0.17228464419475653
悦安新材,2023-07-13,0.0187,-0.17228464419475653
悦安新材,2023-07-17,0.022099999999999998,-0.17228464419475653
悦安新材,2023-07-14,0.017,-0.17228464419475653
芯海科技,2023-07-26,0.0118,-0.1748251748251749
芯海科技,2023-07-12,0.0143,-0.1748251748251749
芯海科技,2023-07-13,0.016,-0.1748251748251749
芯海科技,2023-07-14,0.015,-0.1748251748251749
芯海科技,2023-07-17,0.0151,-0.1748251748251749
芯海科技,2023-07-21,0.011000000000000001,-0.1748251748251749
芯海科技,2023-07-24,0.0124,-0.1748251748251749
芯海科技,2023-07-19,0.0116,-0.1748251748251749
*ST吉药,2023-08-15,0.0131,-0.17610062893081757
*ST吉药,2023-07-17,0.0146,-0.17610062893081757
*ST吉药,2023-07-14,0.0159,-0.17610062893081757
栖霞建设,2023-07-27,0.0212,-0.1777777777777778
栖霞建设,2023-08-07,0.0256,-0.1777777777777778
栖霞建设,2023-07-26,0.013500000000000002,-0.1777777777777778
栖霞建设,2023-08-08,0.0111,-0.1777777777777778
栖霞建设,2023-08-04,0.0297,-0.1777777777777778
栖霞建设,2023-08-03,0.035699999999999996,-0.1777777777777778
栖霞建设,2023-07-28,0.025699999999999997,-0.1777777777777778
栖霞建设,2023-07-31,0.0262,-0.1777777777777778
栖霞建设,2023-08-01,0.0262,-0.1777777777777778
栖霞建设,2023-08-02,0.0297,-0.1777777777777778
康为世纪,2023-07-12,0.0174,-0.17816091954022983
康为世纪,2023-07-13,0.0174,-0.17816091954022983
康为世纪,2023-07-14,0.0172,-0.17816091954022983
康为世纪,2023-07-17,0.0124,-0.17816091954022983
康为世纪,2023-07-20,0.019299999999999998,-0.17816091954022983
康为世纪,2023-07-31,0.0143,-0.17816091954022983
康为世纪,2023-07-28,0.0113,-0.17816091954022983
康为世纪,2023-07-26,0.011200000000000002,-0.17816091954022983
康为世纪,2023-07-24,0.019,-0.17816091954022983
康为世纪,2023-07-21,0.015700000000000002,-0.17816091954022983
泰达股份,2023-07-31,0.0127,-0.18110236220472442
泰达股份,2023-08-04,0.0104,-0.18110236220472442
盛弘股份,2023-07-12,0.0414,-0.1811594202898551
盛弘股份,2023-07-13,0.0432,-0.1811594202898551
盛弘股份,2023-07-14,0.0339,-0.1811594202898551
一博科技,2023-07-19,0.0263,-0.18250950570342217
一博科技,2023-07-24,0.027000000000000003,-0.18250950570342217
一博科技,2023-07-26,0.0215,-0.18250950570342217
永冠新材,2023-07-12,0.015300000000000001,-0.18300653594771243
永冠新材,2023-07-13,0.0125,-0.18300653594771243
德才股份,2023-07-26,0.0163,-0.18404907975460105
德才股份,2023-07-27,0.019299999999999998,-0.18404907975460105
德才股份,2023-07-28,0.0189,-0.18404907975460105
德才股份,2023-07-31,0.013300000000000001,-0.18404907975460105
徕木股份,2023-07-13,0.011699999999999999,-0.1875000000000001
徕木股份,2023-07-12,0.0144,-0.1875000000000001
粤万年青,2023-08-14,0.0123,-0.18781725888324863
粤万年青,2023-08-11,0.0197,-0.18781725888324863
粤万年青,2023-08-15,0.016,-0.18781725888324863
苏文电能,2023-07-12,0.0138,-0.1884057971014491
苏文电能,2023-07-13,0.011200000000000002,-0.1884057971014491
航宇科技,2023-07-24,0.0129,-0.18867924528301894
航宇科技,2023-07-17,0.0103,-0.18867924528301894
航宇科技,2023-07-12,0.0159,-0.18867924528301894
航宇科技,2023-07-13,0.017,-0.18867924528301894
航宇科技,2023-07-14,0.0179,-0.18867924528301894
中旗新材,2023-07-17,0.0146,-0.18965517241379304
中旗新材,2023-07-19,0.0109,-0.18965517241379304
中旗新材,2023-07-26,0.0116,-0.18965517241379304
中旗新材,2023-07-12,0.0174,-0.18965517241379304
中旗新材,2023-07-27,0.0116,-0.18965517241379304
中旗新材,2023-07-28,0.0108,-0.18965517241379304
中旗新材,2023-07-31,0.0151,-0.18965517241379304
中旗新材,2023-08-01,0.0141,-0.18965517241379304
中旗新材,2023-07-14,0.014199999999999999,-0.18965517241379304
中旗新材,2023-07-13,0.0171,-0.18965517241379304
中国移动,2023-08-14,0.0131,-0.19083969465648853
中国移动,2023-08-15,0.015300000000000001,-0.19083969465648853
中国移动,2023-08-16,0.0143,-0.19083969465648853
中国移动,2023-08-18,0.0131,-0.19083969465648853
中国移动,2023-08-21,0.0109,-0.19083969465648853
中国移动,2023-08-23,0.0106,-0.19083969465648853
荣旗科技,2023-08-09,0.037000000000000005,-0.19105691056910568
荣旗科技,2023-08-07,0.028900000000000002,-0.19105691056910568
荣旗科技,2023-08-14,0.0199,-0.19105691056910568
荣旗科技,2023-08-11,0.0418,-0.19105691056910568
荣旗科技,2023-08-10,0.046,-0.19105691056910568
荣旗科技,2023-08-04,0.0246,-0.19105691056910568
荣旗科技,2023-08-08,0.035,-0.19105691056910568
英飞拓,2023-08-14,0.0291,-0.1924398625429553
英飞拓,2023-08-18,0.0235,-0.1924398625429553
英飞拓,2023-08-15,0.0313,-0.1924398625429553
英飞拓,2023-08-16,0.0356,-0.1924398625429553
哈三联,2023-07-13,0.016200000000000003,-0.19289340101522834
哈三联,2023-08-23,0.0159,-0.19289340101522834
哈三联,2023-08-16,0.0104,-0.19289340101522834
哈三联,2023-08-11,0.0111,-0.19289340101522834
哈三联,2023-08-03,0.011200000000000002,-0.19289340101522834
哈三联,2023-07-17,0.011000000000000001,-0.19289340101522834
哈三联,2023-07-14,0.0123,-0.19289340101522834
哈三联,2023-07-12,0.0197,-0.19289340101522834
中曼石油,2023-07-21,0.0141,-0.19463087248322142
中曼石油,2023-07-20,0.015700000000000002,-0.19463087248322142
中曼石油,2023-07-19,0.0191,-0.19463087248322142
中曼石油,2023-07-12,0.0149,-0.19463087248322142
中曼石油,2023-07-17,0.0229,-0.19463087248322142
中曼石油,2023-07-14,0.0255,-0.19463087248322142
中曼石油,2023-07-13,0.0235,-0.19463087248322142
中曼石油,2023-07-27,0.012,-0.19463087248322142
中曼石油,2023-07-26,0.0132,-0.19463087248322142
中曼石油,2023-07-24,0.011899999999999999,-0.19463087248322142
众信旅游,2023-08-01,0.016,-0.1960784313725491
众信旅游,2023-08-02,0.013300000000000001,-0.1960784313725491
众信旅游,2023-08-03,0.0123,-0.1960784313725491
众信旅游,2023-07-31,0.015300000000000001,-0.1960784313725491
长安汽车,2023-08-11,0.013000000000000001,-0.19753086419753096
长安汽车,2023-08-10,0.0106,-0.19753086419753096
长安汽车,2023-07-12,0.016200000000000003,-0.19753086419753096
长安汽车,2023-07-13,0.015700000000000002,-0.19753086419753096
长安汽车,2023-07-14,0.014499999999999999,-0.19753086419753096
长安汽车,2023-08-07,0.011699999999999999,-0.19753086419753096
农尚环境,2023-08-08,0.0131,-0.1984732824427481
农尚环境,2023-08-10,0.011200000000000002,-0.1984732824427481
农尚环境,2023-08-11,0.0105,-0.1984732824427481
农尚环境,2023-08-09,0.010700000000000001,-0.1984732824427481
华铁应急,2023-08-04,0.0105,-0.1984732824427481
华铁应急,2023-08-02,0.0131,-0.1984732824427481
华铁应急,2023-08-03,0.013000000000000001,-0.1984732824427481
志邦家居,2023-07-31,0.013000000000000001,-0.20000000000000007
志邦家居,2023-08-01,0.011699999999999999,-0.20000000000000007
通达电气,2023-07-13,0.0104,-0.20000000000000007
志邦家居,2023-08-02,0.0104,-0.20000000000000007
通达电气,2023-07-12,0.013000000000000001,-0.20000000000000007
通源环境,2023-07-14,0.0109,-0.20229007633587792
通源环境,2023-08-18,0.0197,-0.20229007633587792
通源环境,2023-08-23,0.0209,-0.20229007633587792
通源环境,2023-07-12,0.0262,-0.20229007633587792
通源环境,2023-07-13,0.0152,-0.20229007633587792
通源环境,2023-07-17,0.010700000000000001,-0.20229007633587792
通源环境,2023-07-19,0.0124,-0.20229007633587792
通源环境,2023-07-20,0.011200000000000002,-0.20229007633587792
通源环境,2023-07-24,0.013999999999999999,-0.20229007633587792
通源环境,2023-07-26,0.011200000000000002,-0.20229007633587792
通源环境,2023-07-27,0.0102,-0.20229007633587792
通源环境,2023-07-28,0.0101,-0.20229007633587792
通源环境,2023-07-31,0.0108,-0.20229007633587792
通源环境,2023-08-16,0.016,-0.20229007633587792
通源环境,2023-08-21,0.0184,-0.20229007633587792
锦州港,2023-07-31,0.0106,-0.20300751879699253
锦州港,2023-07-28,0.013300000000000001,-0.20300751879699253
骏成科技,2023-07-17,0.029500000000000002,-0.20304568527918765
骏成科技,2023-07-14,0.0197,-0.20304568527918765
骏成科技,2023-08-04,0.015700000000000002,-0.20304568527918765
骏成科技,2023-07-31,0.0197,-0.20304568527918765
骏成科技,2023-07-28,0.0466,-0.20304568527918765
骏成科技,2023-07-27,0.0269,-0.20304568527918765
骏成科技,2023-07-26,0.0231,-0.20304568527918765
骏成科技,2023-07-24,0.0216,-0.20304568527918765
骏成科技,2023-07-21,0.0275,-0.20304568527918765
骏成科技,2023-07-19,0.0207,-0.20304568527918765
四方新材,2023-07-27,0.013600000000000001,-0.20359281437125742
四方新材,2023-07-13,0.0129,-0.20359281437125742
四方新材,2023-07-12,0.0167,-0.20359281437125742
四方新材,2023-07-31,0.0207,-0.20359281437125742
四方新材,2023-08-02,0.0196,-0.20359281437125742
四方新材,2023-07-14,0.0118,-0.20359281437125742
四方新材,2023-08-01,0.0203,-0.20359281437125742
四方新材,2023-08-03,0.018500000000000003,-0.20359281437125742
四方新材,2023-08-04,0.0139,-0.20359281437125742
四方新材,2023-07-28,0.0155,-0.20359281437125742
四方新材,2023-08-07,0.013300000000000001,-0.20359281437125742
四方新材,2023-07-26,0.0138,-0.20359281437125742
派生科技,2023-07-12,0.0146,-0.20547945205479456
派生科技,2023-07-14,0.0116,-0.20547945205479456
派生科技,2023-07-13,0.013000000000000001,-0.20547945205479456
中设股份,2023-07-19,0.0143,-0.2055555555555556
中设股份,2023-07-13,0.0182,-0.2055555555555556
中设股份,2023-07-12,0.018000000000000002,-0.2055555555555556
耐普矿机,2023-08-14,0.0177,-0.20707070707070685
耐普矿机,2023-08-21,0.0158,-0.20707070707070685
耐普矿机,2023-08-23,0.015700000000000002,-0.20707070707070685
耐普矿机,2023-08-16,0.0127,-0.20707070707070685
耐普矿机,2023-08-18,0.0139,-0.20707070707070685
耐普矿机,2023-08-15,0.0163,-0.20707070707070685
耐普矿机,2023-07-24,0.015700000000000002,-0.20707070707070685
耐普矿机,2023-07-17,0.013000000000000001,-0.20707070707070685
耐普矿机,2023-08-09,0.0178,-0.20707070707070685
耐普矿机,2023-08-03,0.0155,-0.20707070707070685
耐普矿机,2023-08-02,0.017,-0.20707070707070685
耐普矿机,2023-08-01,0.0111,-0.20707070707070685
耐普矿机,2023-07-26,0.015300000000000001,-0.20707070707070685
耐普矿机,2023-08-04,0.0158,-0.20707070707070685
耐普矿机,2023-07-21,0.015700000000000002,-0.20707070707070685
耐普矿机,2023-08-10,0.0189,-0.20707070707070685
耐普矿机,2023-08-11,0.0177,-0.20707070707070685
耐普矿机,2023-07-19,0.013000000000000001,-0.20707070707070685
耐普矿机,2023-08-08,0.0166,-0.20707070707070685
耐普矿机,2023-07-13,0.0163,-0.20707070707070685
耐普矿机,2023-07-12,0.019799999999999998,-0.20707070707070685
耐普矿机,2023-07-14,0.0111,-0.20707070707070685
安联锐视,2023-07-19,0.0113,-0.2097902097902099
安联锐视,2023-07-17,0.0143,-0.2097902097902099
万丰股份,2023-08-18,0.0128,-0.2098765432098766
万丰股份,2023-07-12,0.016200000000000003,-0.2098765432098766
万丰股份,2023-07-13,0.0103,-0.2098765432098766
华资实业,2023-08-07,0.0101,-0.2109375000000001
华资实业,2023-08-03,0.0115,-0.2109375000000001
华资实业,2023-08-01,0.011000000000000001,-0.2109375000000001
华资实业,2023-07-31,0.0128,-0.2109375000000001
华资实业,2023-08-04,0.0134,-0.2109375000000001
颀中科技,2023-07-19,0.0172,-0.21100917431192656
颀中科技,2023-07-17,0.0199,-0.21100917431192656
颀中科技,2023-07-14,0.0161,-0.21100917431192656
颀中科技,2023-07-13,0.0218,-0.21100917431192656
祥鑫科技,2023-07-12,0.015600000000000001,-0.21153846153846156
祥鑫科技,2023-07-19,0.0123,-0.21153846153846156
祥鑫科技,2023-07-14,0.0301,-0.21153846153846156
祥鑫科技,2023-07-17,0.0315,-0.21153846153846156
祥鑫科技,2023-07-13,0.020099999999999996,-0.21153846153846156
世华科技,2023-07-17,0.0129,-0.21341463414634132
世华科技,2023-07-14,0.0115,-0.21341463414634132
世华科技,2023-07-13,0.0123,-0.21341463414634132
世华科技,2023-07-12,0.016399999999999998,-0.21341463414634132
好当家,2023-08-03,0.018500000000000003,-0.21468926553672318
好当家,2023-08-02,0.0106,-0.21468926553672318
好当家,2023-07-31,0.0177,-0.21468926553672318
好当家,2023-08-04,0.0139,-0.21468926553672318
好当家,2023-08-01,0.015,-0.21468926553672318
史丹利,2023-07-14,0.0163,-0.21568627450980393
史丹利,2023-07-21,0.015700000000000002,-0.21568627450980393
史丹利,2023-07-24,0.012,-0.21568627450980393
史丹利,2023-07-13,0.0151,-0.21568627450980393
史丹利,2023-07-20,0.018500000000000003,-0.21568627450980393
史丹利,2023-07-19,0.0178,-0.21568627450980393
史丹利,2023-07-17,0.0168,-0.21568627450980393
史丹利,2023-07-12,0.015300000000000001,-0.21568627450980393
首创证券,2023-07-26,0.0449,-0.21603563474387533
首创证券,2023-07-28,0.0352,-0.21603563474387533
长高电新,2023-07-13,0.013000000000000001,-0.216867469879518
长高电新,2023-07-12,0.0166,-0.216867469879518
青岛双星,2023-07-17,0.0104,-0.21804511278195493
青岛双星,2023-07-14,0.011899999999999999,-0.21804511278195493
青岛双星,2023-07-12,0.013300000000000001,-0.21804511278195493
青岛双星,2023-07-13,0.0147,-0.21804511278195493
经纬纺机,2023-08-08,0.0216,-0.21875
经纬纺机,2023-08-04,0.016,-0.21875
经纬纺机,2023-08-09,0.0144,-0.21875
经纬纺机,2023-08-10,0.0125,-0.21875
经纬纺机,2023-08-07,0.0171,-0.21875
永和股份,2023-07-24,0.0103,-0.21969696969696972
永和股份,2023-07-21,0.0118,-0.21969696969696972
永和股份,2023-07-12,0.0132,-0.21969696969696972
永和股份,2023-07-13,0.0128,-0.21969696969696972
华测导航,2023-07-12,0.0168,-0.22023809523809512
华测导航,2023-07-13,0.0131,-0.22023809523809512
宝莱特,2023-08-16,0.026099999999999998,-0.22085889570552142
宝莱特,2023-08-15,0.0174,-0.22085889570552142
宝莱特,2023-08-18,0.015700000000000002,-0.22085889570552142
宝莱特,2023-08-21,0.0127,-0.22085889570552142
宝莱特,2023-08-14,0.0163,-0.22085889570552142
百普赛斯,2023-08-11,0.016399999999999998,-0.22274881516587675
百普赛斯,2023-08-10,0.02,-0.22274881516587675
百普赛斯,2023-08-07,0.0273,-0.22274881516587675
百普赛斯,2023-08-09,0.0179,-0.22274881516587675
百普赛斯,2023-08-04,0.035,-0.22274881516587675
百普赛斯,2023-08-03,0.0358,-0.22274881516587675
百普赛斯,2023-08-02,0.028999999999999998,-0.22274881516587675
百普赛斯,2023-08-01,0.0252,-0.22274881516587675
百普赛斯,2023-07-31,0.021099999999999997,-0.22274881516587675
百普赛斯,2023-08-08,0.0182,-0.22274881516587675
玉龙股份,2023-07-19,0.0121,-0.22297297297297303
玉龙股份,2023-07-20,0.013600000000000001,-0.22297297297297303
玉龙股份,2023-07-21,0.0172,-0.22297297297297303
玉龙股份,2023-07-24,0.018799999999999997,-0.22297297297297303
玉龙股份,2023-07-26,0.015600000000000001,-0.22297297297297303
玉龙股份,2023-07-28,0.0115,-0.22297297297297303
玉龙股份,2023-07-27,0.011699999999999999,-0.22297297297297303
玉龙股份,2023-07-14,0.0148,-0.22297297297297303
创源股份,2023-07-12,0.013000000000000001,-0.22307692307692317
创源股份,2023-07-28,0.0101,-0.22307692307692317
三力士,2023-08-01,0.013000000000000001,-0.22307692307692317
三力士,2023-08-02,0.013000000000000001,-0.22307692307692317
三力士,2023-08-03,0.0106,-0.22307692307692317
三力士,2023-08-04,0.0101,-0.22307692307692317
东吴证券,2023-07-13,0.0134,-0.22388059701492546
东吴证券,2023-07-14,0.0104,-0.22388059701492546
中岩大地,2023-07-12,0.016399999999999998,-0.22560975609756095
中岩大地,2023-07-13,0.0127,-0.22560975609756095
中岩大地,2023-07-14,0.011200000000000002,-0.22560975609756095
中岩大地,2023-07-17,0.0102,-0.22560975609756095
中岩大地,2023-07-19,0.0127,-0.22560975609756095
拓荆科技,2023-07-14,0.013300000000000001,-0.22627737226277378
拓荆科技,2023-07-13,0.010700000000000001,-0.22627737226277378
拓荆科技,2023-07-12,0.0137,-0.22627737226277378
拓荆科技,2023-08-11,0.0106,-0.22627737226277378
中晟高科,2023-07-14,0.0132,-0.2279411764705882
中晟高科,2023-07-19,0.0105,-0.2279411764705882
中晟高科,2023-07-13,0.013600000000000001,-0.2279411764705882
中晟高科,2023-07-17,0.0105,-0.2279411764705882
凯莱英,2023-08-03,0.013999999999999999,-0.22857142857142843
凯莱英,2023-08-16,0.0108,-0.22857142857142843
凯莱英,2023-08-15,0.0116,-0.22857142857142843
凯莱英,2023-08-14,0.0121,-0.22857142857142843
凯莱英,2023-08-11,0.0139,-0.22857142857142843
凯莱英,2023-08-10,0.0161,-0.22857142857142843
凯莱英,2023-08-09,0.0152,-0.22857142857142843
凯莱英,2023-08-08,0.0155,-0.22857142857142843
凯莱英,2023-08-07,0.0158,-0.22857142857142843
凯莱英,2023-08-04,0.0146,-0.22857142857142843
*ST日海,2023-07-17,0.0287,-0.2299651567944252
*ST日海,2023-08-01,0.022099999999999998,-0.2299651567944252
*ST日海,2023-07-31,0.0217,-0.2299651567944252
*ST日海,2023-07-28,0.0254,-0.2299651567944252
*ST日海,2023-07-26,0.0212,-0.2299651567944252
*ST日海,2023-07-19,0.0323,-0.2299651567944252
*ST日海,2023-07-27,0.020099999999999996,-0.2299651567944252
*ST日海,2023-07-24,0.020099999999999996,-0.2299651567944252
*ST日海,2023-07-21,0.023700000000000002,-0.2299651567944252
*ST日海,2023-07-20,0.028300000000000002,-0.2299651567944252
华人健康,2023-08-11,0.0401,-0.23192019950124676
华人健康,2023-08-14,0.0308,-0.23192019950124676
城建发展,2023-08-01,0.0171,-0.235294117647059
城建发展,2023-07-31,0.0171,-0.235294117647059
城建发展,2023-07-28,0.0264,-0.235294117647059
城建发展,2023-08-02,0.0191,-0.235294117647059
城建发展,2023-08-04,0.025699999999999997,-0.235294117647059
城建发展,2023-07-27,0.015300000000000001,-0.235294117647059
城建发展,2023-08-07,0.022799999999999997,-0.235294117647059
城建发展,2023-08-23,0.011699999999999999,-0.235294117647059
城建发展,2023-08-18,0.0103,-0.235294117647059
城建发展,2023-08-09,0.02,-0.235294117647059
城建发展,2023-08-08,0.021400000000000002,-0.235294117647059
城建发展,2023-08-03,0.021099999999999997,-0.235294117647059
重庆银行,2023-08-07,0.0106,-0.237410071942446
重庆银行,2023-07-27,0.0141,-0.237410071942446
重庆银行,2023-08-04,0.0179,-0.237410071942446
重庆银行,2023-07-24,0.0139,-0.237410071942446
重庆银行,2023-07-26,0.014199999999999999,-0.237410071942446
重庆银行,2023-07-28,0.018500000000000003,-0.237410071942446
重庆银行,2023-07-31,0.0177,-0.237410071942446
重庆银行,2023-08-01,0.018000000000000002,-0.237410071942446
重庆银行,2023-08-02,0.015700000000000002,-0.237410071942446
重庆银行,2023-08-03,0.0149,-0.237410071942446
金字火腿,2023-08-10,0.0102,-0.23880597014925375
金字火腿,2023-08-08,0.0104,-0.23880597014925375
金字火腿,2023-08-07,0.0134,-0.23880597014925375
华丽家族,2023-08-07,0.0101,-0.2406015037593986
华丽家族,2023-08-02,0.0397,-0.2406015037593986
华丽家族,2023-08-03,0.0355,-0.2406015037593986
华丽家族,2023-08-04,0.026600000000000002,-0.2406015037593986
华丽家族,2023-07-31,0.032400000000000005,-0.2406015037593986
精华制药,2023-08-03,0.013300000000000001,-0.2406015037593986
华丽家族,2023-07-28,0.020499999999999997,-0.2406015037593986
华丽家族,2023-07-27,0.013300000000000001,-0.2406015037593986
精华制药,2023-08-04,0.0101,-0.2406015037593986
华丽家族,2023-08-01,0.0281,-0.2406015037593986
嘉华股份,2023-07-13,0.0204,-0.24193548387096786
嘉华股份,2023-07-14,0.0123,-0.24193548387096786
嘉华股份,2023-07-17,0.0141,-0.24193548387096786
嘉华股份,2023-07-19,0.0141,-0.24193548387096786
嘉华股份,2023-07-12,0.018600000000000002,-0.24193548387096786
东来技术,2023-07-13,0.0175,-0.2422360248447205
东来技术,2023-07-14,0.0147,-0.2422360248447205
东来技术,2023-07-12,0.0161,-0.2422360248447205
东来技术,2023-07-17,0.012199999999999999,-0.2422360248447205
深科技,2023-07-20,0.0233,-0.2429906542056074
深科技,2023-07-12,0.021400000000000002,-0.2429906542056074
深科技,2023-07-13,0.0271,-0.2429906542056074
深科技,2023-07-14,0.0274,-0.2429906542056074
深科技,2023-07-26,0.016200000000000003,-0.2429906542056074
深科技,2023-07-24,0.0158,-0.2429906542056074
深科技,2023-07-17,0.0333,-0.2429906542056074
深科技,2023-07-19,0.030299999999999997,-0.2429906542056074
利民股份,2023-07-13,0.0125,-0.24444444444444446
利民股份,2023-07-17,0.0108,-0.24444444444444446
利民股份,2023-07-14,0.011899999999999999,-0.24444444444444446
利民股份,2023-07-20,0.0102,-0.24444444444444446
利民股份,2023-07-12,0.013500000000000002,-0.24444444444444446
利民股份,2023-07-19,0.0108,-0.24444444444444446
科华数据,2023-07-17,0.0105,-0.2446043165467625
科华数据,2023-07-13,0.0139,-0.2446043165467625
大名城,2023-08-04,0.0111,-0.2448979591836734
大名城,2023-07-31,0.015,-0.2448979591836734
大名城,2023-08-01,0.0158,-0.2448979591836734
大名城,2023-08-02,0.0139,-0.2448979591836734
大名城,2023-08-03,0.0137,-0.2448979591836734
大名城,2023-07-28,0.0147,-0.2448979591836734
五洲医疗,2023-08-09,0.012,-0.24521072796934862
五洲医疗,2023-07-17,0.0124,-0.24521072796934862
五洲医疗,2023-07-14,0.010700000000000001,-0.24521072796934862
五洲医疗,2023-07-13,0.0178,-0.24521072796934862
五洲医疗,2023-07-12,0.026099999999999998,-0.24521072796934862
五洲医疗,2023-08-10,0.0197,-0.24521072796934862
金贵银业,2023-08-01,0.016200000000000003,-0.2469135802469138
金贵银业,2023-08-02,0.0144,-0.2469135802469138
金贵银业,2023-08-07,0.0104,-0.2469135802469138
金贵银业,2023-08-08,0.012199999999999999,-0.2469135802469138
豪鹏科技,2023-07-13,0.0109,-0.24827586206896546
豪鹏科技,2023-07-12,0.014499999999999999,-0.24827586206896546
双枪科技,2023-07-14,0.0131,-0.24840764331210208
双枪科技,2023-08-21,0.0134,-0.24840764331210208
双枪科技,2023-08-18,0.0143,-0.24840764331210208
双枪科技,2023-07-26,0.0102,-0.24840764331210208
双枪科技,2023-08-08,0.013600000000000001,-0.24840764331210208
双枪科技,2023-08-07,0.0159,-0.24840764331210208
双枪科技,2023-08-04,0.015,-0.24840764331210208
双枪科技,2023-08-03,0.0168,-0.24840764331210208
双枪科技,2023-08-23,0.0118,-0.24840764331210208
双枪科技,2023-08-02,0.0178,-0.24840764331210208
双枪科技,2023-07-28,0.0118,-0.24840764331210208
双枪科技,2023-07-27,0.0102,-0.24840764331210208
双枪科技,2023-07-13,0.015700000000000002,-0.24840764331210208
双枪科技,2023-07-12,0.015700000000000002,-0.24840764331210208
双枪科技,2023-07-31,0.0137,-0.24840764331210208
双枪科技,2023-08-01,0.0151,-0.24840764331210208
天亿马,2023-07-17,0.0181,-0.24861878453038677
天亿马,2023-08-15,0.022000000000000002,-0.24861878453038677
天亿马,2023-08-21,0.013600000000000001,-0.24861878453038677
天亿马,2023-08-14,0.026699999999999998,-0.24861878453038677
天亿马,2023-07-21,0.0178,-0.24861878453038677
天亿马,2023-07-28,0.0192,-0.24861878453038677
天亿马,2023-07-27,0.021,-0.24861878453038677
天亿马,2023-07-26,0.025099999999999997,-0.24861878453038677
天亿马,2023-07-24,0.0196,-0.24861878453038677
天亿马,2023-08-16,0.0173,-0.24861878453038677
天亿马,2023-07-19,0.0218,-0.24861878453038677
天亿马,2023-07-20,0.0173,-0.24861878453038677
天亿马,2023-07-31,0.0168,-0.24861878453038677
三友联众,2023-07-12,0.020499999999999997,-0.24878048780487794
三友联众,2023-07-19,0.0154,-0.24878048780487794
三友联众,2023-07-17,0.0302,-0.24878048780487794
三友联众,2023-07-14,0.0219,-0.24878048780487794
三友联众,2023-07-13,0.0219,-0.24878048780487794
圣阳股份,2023-07-12,0.0187,-0.25133689839572204
圣阳股份,2023-07-13,0.013999999999999999,-0.25133689839572204
南都电源,2023-07-13,0.0103,-0.2536231884057971
南都电源,2023-07-12,0.0138,-0.2536231884057971
黑芝麻,2023-07-21,0.0248,-0.254032258064516
黑芝麻,2023-07-31,0.018500000000000003,-0.254032258064516
恺英网络,2023-08-15,0.015700000000000002,-0.25531914893617014
恺英网络,2023-08-16,0.0105,-0.25531914893617014
恺英网络,2023-08-10,0.0235,-0.25531914893617014
恺英网络,2023-08-04,0.0141,-0.25531914893617014
恺英网络,2023-08-11,0.022099999999999998,-0.25531914893617014
恺英网络,2023-08-07,0.0176,-0.25531914893617014
恺英网络,2023-08-14,0.0256,-0.25531914893617014
恺英网络,2023-08-09,0.0175,-0.25531914893617014
恺英网络,2023-08-08,0.0175,-0.25531914893617014
中科通达,2023-07-19,0.013300000000000001,-0.25698324022346364
中科通达,2023-07-17,0.0179,-0.25698324022346364
康众医疗,2023-07-13,0.011200000000000002,-0.2571428571428571
康众医疗,2023-07-12,0.013999999999999999,-0.2571428571428571
乐通股份,2023-08-11,0.0146,-0.2571428571428571
乐通股份,2023-08-23,0.0104,-0.2571428571428571
乐通股份,2023-08-14,0.0124,-0.2571428571428571
康众医疗,2023-07-14,0.0104,-0.2571428571428571
乐通股份,2023-08-10,0.013999999999999999,-0.2571428571428571
力源科技,2023-08-23,0.018600000000000002,-0.2589641434262947
力源科技,2023-08-21,0.013000000000000001,-0.2589641434262947
力源科技,2023-07-17,0.011200000000000002,-0.2589641434262947
力源科技,2023-07-13,0.0172,-0.2589641434262947
力源科技,2023-07-14,0.013500000000000002,-0.2589641434262947
力源科技,2023-07-12,0.025099999999999997,-0.2589641434262947
朗源股份,2023-08-04,0.0196,-0.2602040816326531
朗源股份,2023-08-07,0.014499999999999999,-0.2602040816326531
信德新材,2023-07-12,0.0192,-0.26041666666666663
信德新材,2023-07-13,0.014199999999999999,-0.26041666666666663
天邦食品,2023-08-01,0.0105,-0.26056338028169
天邦食品,2023-07-31,0.014199999999999999,-0.26056338028169
银轮股份,2023-08-16,0.011699999999999999,-0.26060606060606073
银轮股份,2023-08-09,0.013000000000000001,-0.26060606060606073
银轮股份,2023-07-13,0.0131,-0.26060606060606073
银轮股份,2023-07-12,0.0165,-0.26060606060606073
银轮股份,2023-08-18,0.012199999999999999,-0.26060606060606073
伟测科技,2023-08-07,0.024399999999999998,-0.26136363636363635
伟测科技,2023-08-03,0.0176,-0.26136363636363635
伟测科技,2023-08-04,0.0225,-0.26136363636363635
伟测科技,2023-08-11,0.0263,-0.26136363636363635
伟测科技,2023-08-08,0.028300000000000002,-0.26136363636363635
伟测科技,2023-08-09,0.016,-0.26136363636363635
伟测科技,2023-08-10,0.015600000000000001,-0.26136363636363635
伟测科技,2023-08-14,0.022400000000000003,-0.26136363636363635
伟测科技,2023-08-23,0.013000000000000001,-0.26136363636363635
华泰证券,2023-07-31,0.0207,-0.26190476190476186
华泰证券,2023-08-08,0.0301,-0.26190476190476186
华泰证券,2023-08-16,0.0139,-0.26190476190476186
华泰证券,2023-08-15,0.015600000000000001,-0.26190476190476186
华泰证券,2023-08-14,0.013300000000000001,-0.26190476190476186
华泰证券,2023-08-11,0.0155,-0.26190476190476186
华泰证券,2023-08-10,0.029500000000000002,-0.26190476190476186
华泰证券,2023-08-09,0.0281,-0.26190476190476186
华泰证券,2023-08-07,0.0292,-0.26190476190476186
华泰证券,2023-08-04,0.0271,-0.26190476190476186
华泰证券,2023-08-03,0.0235,-0.26190476190476186
华泰证券,2023-08-18,0.0124,-0.26190476190476186
华泰证券,2023-07-28,0.0168,-0.26190476190476186
华泰证券,2023-08-02,0.02,-0.26190476190476186
华泰证券,2023-08-01,0.0176,-0.26190476190476186
盾安环境,2023-07-12,0.016399999999999998,-0.2621951219512194
盾安环境,2023-07-13,0.0113,-0.2621951219512194
盾安环境,2023-07-14,0.0121,-0.2621951219512194
天孚通信,2023-07-20,0.0167,-0.2628205128205129
天孚通信,2023-07-27,0.013000000000000001,-0.2628205128205129
天孚通信,2023-08-14,0.0115,-0.2628205128205129
天孚通信,2023-07-14,0.0219,-0.2628205128205129
天孚通信,2023-07-17,0.0163,-0.2628205128205129
天孚通信,2023-07-21,0.013300000000000001,-0.2628205128205129
天孚通信,2023-07-19,0.0167,-0.2628205128205129
天孚通信,2023-07-26,0.0139,-0.2628205128205129
天孚通信,2023-07-24,0.0158,-0.2628205128205129
天孚通信,2023-07-13,0.0204,-0.2628205128205129
天孚通信,2023-07-12,0.015600000000000001,-0.2628205128205129
新时达,2023-08-01,0.0226,-0.26384364820846906
新时达,2023-07-28,0.030699999999999998,-0.26384364820846906
新时达,2023-07-31,0.0226,-0.26384364820846906
兆日科技,2023-08-03,0.0176,-0.2645161290322582
兆日科技,2023-08-04,0.024300000000000002,-0.2645161290322582
兆日科技,2023-07-26,0.0121,-0.2645161290322582
兆日科技,2023-07-28,0.011399999999999999,-0.2645161290322582
兆日科技,2023-07-24,0.0155,-0.2645161290322582
兆日科技,2023-08-07,0.011399999999999999,-0.2645161290322582
美芝股份,2023-08-23,0.015,-0.26470588235294124
美芝股份,2023-08-18,0.011899999999999999,-0.26470588235294124
美芝股份,2023-07-12,0.0204,-0.26470588235294124
美芝股份,2023-08-21,0.0144,-0.26470588235294124
美芝股份,2023-07-14,0.0134,-0.26470588235294124
美芝股份,2023-07-13,0.016200000000000003,-0.26470588235294124
美芝股份,2023-07-17,0.0152,-0.26470588235294124
美芝股份,2023-08-16,0.0109,-0.26470588235294124
美芝股份,2023-08-14,0.011000000000000001,-0.26470588235294124
美芝股份,2023-08-11,0.0115,-0.26470588235294124
美芝股份,2023-08-10,0.0108,-0.26470588235294124
美芝股份,2023-07-27,0.0103,-0.26470588235294124
美芝股份,2023-07-26,0.0104,-0.26470588235294124
美芝股份,2023-07-24,0.0125,-0.26470588235294124
美芝股份,2023-07-21,0.0146,-0.26470588235294124
美芝股份,2023-07-20,0.0134,-0.26470588235294124
美芝股份,2023-07-19,0.0152,-0.26470588235294124
矩阵股份,2023-08-21,0.0108,-0.26530612244897955
矩阵股份,2023-07-21,0.0147,-0.26530612244897955
易德龙,2023-07-12,0.015700000000000002,-0.26751592356687914
易德龙,2023-07-13,0.0115,-0.26751592356687914
美力科技,2023-07-13,0.011200000000000002,-0.26797385620915026
美力科技,2023-07-12,0.015300000000000001,-0.26797385620915026
平潭发展,2023-07-31,0.0184,-0.26943005181347146
平潭发展,2023-08-02,0.0174,-0.26943005181347146
平潭发展,2023-08-03,0.0141,-0.26943005181347146
平潭发展,2023-07-24,0.019299999999999998,-0.26943005181347146
平潭发展,2023-07-26,0.0246,-0.26943005181347146
平潭发展,2023-07-27,0.0223,-0.26943005181347146
平潭发展,2023-07-28,0.0269,-0.26943005181347146
平潭发展,2023-08-01,0.0174,-0.26943005181347146
国泰集团,2023-07-28,0.0149,-0.270718232044199
国泰集团,2023-08-03,0.0139,-0.270718232044199
国泰集团,2023-08-04,0.0132,-0.270718232044199
国泰集团,2023-07-26,0.0155,-0.270718232044199
国泰集团,2023-08-02,0.0129,-0.270718232044199
国泰集团,2023-08-01,0.0132,-0.270718232044199
国泰集团,2023-07-27,0.014199999999999999,-0.270718232044199
国泰集团,2023-07-31,0.014199999999999999,-0.270718232044199
国泰集团,2023-07-24,0.0178,-0.270718232044199
国泰集团,2023-07-21,0.0181,-0.270718232044199
法本信息,2023-08-07,0.024,-0.27083333333333326
法本信息,2023-08-16,0.0286,-0.27083333333333326
时空科技,2023-08-01,0.0105,-0.27083333333333326
时空科技,2023-07-31,0.0151,-0.27083333333333326
时空科技,2023-07-28,0.0144,-0.27083333333333326
法本信息,2023-08-18,0.0175,-0.27083333333333326
法本信息,2023-08-08,0.0182,-0.27083333333333326
法本信息,2023-08-09,0.0282,-0.27083333333333326
法本信息,2023-08-10,0.0375,-0.27083333333333326
法本信息,2023-08-11,0.0321,-0.27083333333333326
法本信息,2023-08-14,0.0322,-0.27083333333333326
法本信息,2023-08-15,0.029500000000000002,-0.27083333333333326
时空科技,2023-08-02,0.0105,-0.27083333333333326
软控股份,2023-08-03,0.0138,-0.27142857142857135
软控股份,2023-08-07,0.0141,-0.27142857142857135
软控股份,2023-08-02,0.013999999999999999,-0.27142857142857135
软控股份,2023-08-04,0.0138,-0.27142857142857135
软控股份,2023-08-09,0.0102,-0.27142857142857135
软控股份,2023-08-08,0.014199999999999999,-0.27142857142857135
八一钢铁,2023-08-01,0.0151,-0.27152317880794696
八一钢铁,2023-08-02,0.011000000000000001,-0.27152317880794696
广联航空,2023-07-13,0.0115,-0.27215189873417733
广联航空,2023-07-12,0.0158,-0.27215189873417733
新华百货,2023-07-14,0.011200000000000002,-0.2727272727272726
新华百货,2023-07-13,0.0154,-0.2727272727272726
武商集团,2023-07-31,0.0143,-0.2727272727272728
蒙娜丽莎,2023-08-04,0.0104,-0.2727272727272728
蒙娜丽莎,2023-07-19,0.0143,-0.2727272727272728
蒙娜丽莎,2023-07-20,0.017,-0.2727272727272728
蒙娜丽莎,2023-07-21,0.0255,-0.2727272727272728
蒙娜丽莎,2023-07-26,0.0277,-0.2727272727272728
蒙娜丽莎,2023-07-27,0.032799999999999996,-0.2727272727272728
蒙娜丽莎,2023-07-28,0.0374,-0.2727272727272728
蒙娜丽莎,2023-07-24,0.0239,-0.2727272727272728
蒙娜丽莎,2023-07-31,0.0236,-0.2727272727272728
武商集团,2023-08-03,0.0104,-0.2727272727272728
蒙娜丽莎,2023-08-01,0.026099999999999998,-0.2727272727272728
武商集团,2023-08-02,0.0134,-0.2727272727272728
武商集团,2023-08-01,0.0127,-0.2727272727272728
蒙娜丽莎,2023-08-03,0.010700000000000001,-0.2727272727272728
蒙娜丽莎,2023-08-02,0.018600000000000002,-0.2727272727272728
春立医疗,2023-07-26,0.0146,-0.273972602739726
春立医疗,2023-07-27,0.0106,-0.273972602739726
世纪鼎利,2023-07-21,0.0111,-0.27450980392156865
世纪鼎利,2023-07-19,0.015300000000000001,-0.27450980392156865
统联精密,2023-07-21,0.0108,-0.27516778523489926
统联精密,2023-07-19,0.0183,-0.27516778523489926
统联精密,2023-07-20,0.0134,-0.27516778523489926
统联精密,2023-07-14,0.0149,-0.27516778523489926
统联精密,2023-07-17,0.022799999999999997,-0.27516778523489926
华自科技,2023-07-12,0.0279,-0.2759856630824373
华自科技,2023-07-13,0.0202,-0.2759856630824373
立达信,2023-07-12,0.0173,-0.2774566473988439
立达信,2023-08-02,0.0158,-0.2774566473988439
立达信,2023-08-07,0.0125,-0.2774566473988439
立达信,2023-08-04,0.0113,-0.2774566473988439
立达信,2023-08-03,0.0111,-0.2774566473988439
亚太股份,2023-07-14,0.018500000000000003,-0.2775665399239544
亚太股份,2023-07-17,0.019,-0.2775665399239544
亚太股份,2023-07-13,0.0161,-0.2775665399239544
亚太股份,2023-07-12,0.0263,-0.2775665399239544
华统股份,2023-07-19,0.0124,-0.2781456953642384
华统股份,2023-07-14,0.0126,-0.2781456953642384
华统股份,2023-07-21,0.013000000000000001,-0.2781456953642384
华统股份,2023-07-24,0.0116,-0.2781456953642384
华统股份,2023-07-26,0.012,-0.2781456953642384
华统股份,2023-07-27,0.0109,-0.2781456953642384
华统股份,2023-07-17,0.0141,-0.2781456953642384
华统股份,2023-07-12,0.0151,-0.2781456953642384
华统股份,2023-07-13,0.0137,-0.2781456953642384
华统股份,2023-07-20,0.0134,-0.2781456953642384
优德精密,2023-07-28,0.019,-0.2789473684210526
优德精密,2023-07-31,0.0182,-0.2789473684210526
优德精密,2023-08-01,0.0115,-0.2789473684210526
优德精密,2023-08-04,0.0137,-0.2789473684210526
新国都,2023-07-13,0.0187,-0.27922077922077926
新国都,2023-07-17,0.0124,-0.27922077922077926
新国都,2023-08-09,0.0102,-0.27922077922077926
新国都,2023-08-10,0.0111,-0.27922077922077926
新国都,2023-07-14,0.0132,-0.27922077922077926
新国都,2023-07-12,0.0154,-0.27922077922077926
天禄科技,2023-07-13,0.0181,-0.2804878048780487
天禄科技,2023-07-14,0.0118,-0.2804878048780487
天禄科技,2023-07-12,0.016399999999999998,-0.2804878048780487
友阿股份,2023-07-31,0.0167,-0.281437125748503
友阿股份,2023-08-02,0.016399999999999998,-0.281437125748503
友阿股份,2023-08-03,0.0169,-0.281437125748503
友阿股份,2023-08-04,0.012,-0.281437125748503
友阿股份,2023-08-01,0.0167,-0.281437125748503
通化金马,2023-07-13,0.0148,-0.28169014084507027
通化金马,2023-07-14,0.0141,-0.28169014084507027
通化金马,2023-07-19,0.0102,-0.28169014084507027
通化金马,2023-07-17,0.011200000000000002,-0.28169014084507027
通化金马,2023-07-12,0.014199999999999999,-0.28169014084507027
德方纳米,2023-07-19,0.0116,-0.2836879432624113
德方纳米,2023-07-26,0.0115,-0.2836879432624113
德方纳米,2023-07-24,0.0121,-0.2836879432624113
德方纳米,2023-07-21,0.0104,-0.2836879432624113
德方纳米,2023-07-28,0.0101,-0.2836879432624113
德方纳米,2023-07-17,0.0141,-0.2836879432624113
沪电股份,2023-07-14,0.0225,-0.2844444444444444
沪电股份,2023-07-19,0.0161,-0.2844444444444444
沪电股份,2023-07-17,0.0256,-0.2844444444444444
嘉澳环保,2023-07-13,0.0113,-0.28481012658227856
嘉澳环保,2023-07-12,0.0158,-0.28481012658227856
冠农股份,2023-07-12,0.0178,-0.2865168539325843
冠农股份,2023-07-13,0.020499999999999997,-0.2865168539325843
冠农股份,2023-07-17,0.0149,-0.2865168539325843
冠农股份,2023-07-20,0.0127,-0.2865168539325843
冠农股份,2023-07-14,0.014499999999999999,-0.2865168539325843
冠农股份,2023-07-19,0.0146,-0.2865168539325843
会畅通讯,2023-07-24,0.015700000000000002,-0.2866242038216561
会畅通讯,2023-07-26,0.0169,-0.2866242038216561
会畅通讯,2023-07-31,0.0137,-0.2866242038216561
会畅通讯,2023-07-28,0.0169,-0.2866242038216561
会畅通讯,2023-07-27,0.0126,-0.2866242038216561
会畅通讯,2023-08-01,0.011200000000000002,-0.2866242038216561
思创医惠,2023-08-09,0.0102,-0.28671328671328666
思创医惠,2023-08-04,0.012199999999999999,-0.28671328671328666
思创医惠,2023-07-31,0.0143,-0.28671328671328666
豪恩汽电,2023-07-12,0.0857,-0.28704784130688443
豪恩汽电,2023-08-18,0.021,-0.28704784130688443
豪恩汽电,2023-07-13,0.10769999999999999,-0.28704784130688443
豪恩汽电,2023-07-14,0.0708,-0.28704784130688443
豪恩汽电,2023-07-17,0.0449,-0.28704784130688443
豪恩汽电,2023-08-23,0.0611,-0.28704784130688443
正裕工业,2023-07-14,0.016200000000000003,-0.2896174863387978
正裕工业,2023-07-13,0.0189,-0.2896174863387978
正裕工业,2023-07-12,0.0183,-0.2896174863387978
正裕工业,2023-07-17,0.013000000000000001,-0.2896174863387978
长盈通,2023-07-13,0.0225,-0.29000000000000004
长盈通,2023-07-14,0.013000000000000001,-0.29000000000000004
长盈通,2023-07-17,0.0213,-0.29000000000000004
长盈通,2023-07-12,0.03,-0.29000000000000004
白云电器,2023-07-12,0.0155,-0.29032258064516125
白云电器,2023-07-13,0.011000000000000001,-0.29032258064516125
长华集团,2023-07-14,0.0194,-0.29084967320261446
长华集团,2023-07-13,0.024,-0.29084967320261446
长华集团,2023-07-17,0.0217,-0.29084967320261446
长华集团,2023-07-12,0.030600000000000002,-0.29084967320261446
浩云科技,2023-08-08,0.0216,-0.29166666666666663
浩云科技,2023-08-09,0.035699999999999996,-0.29166666666666663
浩云科技,2023-08-10,0.0322,-0.29166666666666663
浩云科技,2023-08-11,0.015300000000000001,-0.29166666666666663
金种子酒,2023-07-28,0.0115,-0.29230769230769227
金种子酒,2023-07-31,0.010700000000000001,-0.29230769230769227
金种子酒,2023-07-24,0.0206,-0.29230769230769227
金种子酒,2023-07-21,0.0195,-0.29230769230769227
金种子酒,2023-08-04,0.0138,-0.29230769230769227
金种子酒,2023-08-01,0.0137,-0.29230769230769227
金种子酒,2023-08-03,0.0171,-0.29230769230769227
金种子酒,2023-08-02,0.013500000000000002,-0.29230769230769227
泉阳泉,2023-07-31,0.0139,-0.29333333333333333
泉阳泉,2023-08-01,0.0106,-0.29333333333333333
泉阳泉,2023-07-28,0.015,-0.29333333333333333
天禾股份,2023-07-13,0.0194,-0.2941176470588236
天禾股份,2023-07-12,0.0204,-0.2941176470588236
天禾股份,2023-07-14,0.013000000000000001,-0.2941176470588236
天禾股份,2023-07-19,0.0154,-0.2941176470588236
天禾股份,2023-07-20,0.0144,-0.2941176470588236
炜冈科技,2023-07-12,0.0163,-0.29447852760736193
炜冈科技,2023-07-13,0.011899999999999999,-0.29447852760736193
炜冈科技,2023-07-14,0.013999999999999999,-0.29447852760736193
炜冈科技,2023-07-17,0.0195,-0.29447852760736193
炜冈科技,2023-08-21,0.0115,-0.29447852760736193
晨光新材,2023-07-12,0.0203,-0.29556650246305416
晨光新材,2023-07-13,0.0143,-0.29556650246305416
正和生态,2023-07-12,0.014499999999999999,-0.29655172413793096
正和生态,2023-07-13,0.0118,-0.29655172413793096
正和生态,2023-07-21,0.0102,-0.29655172413793096
正和生态,2023-07-17,0.0126,-0.29655172413793096
正和生态,2023-07-19,0.0108,-0.29655172413793096
正和生态,2023-07-14,0.0115,-0.29655172413793096
阳光股份,2023-08-02,0.011000000000000001,-0.2993630573248408
阳光股份,2023-07-28,0.0239,-0.2993630573248408
阳光股份,2023-07-27,0.020099999999999996,-0.2993630573248408
阳光股份,2023-07-31,0.0269,-0.2993630573248408
阳光股份,2023-07-21,0.015700000000000002,-0.2993630573248408
阳光股份,2023-07-26,0.0116,-0.2993630573248408
上海凯宝,2023-08-11,0.017,-0.30051813471502575
上海凯宝,2023-08-10,0.0151,-0.30051813471502575
上海凯宝,2023-08-15,0.013500000000000002,-0.30051813471502575
上海凯宝,2023-08-09,0.019299999999999998,-0.30051813471502575
上海凯宝,2023-08-14,0.0103,-0.30051813471502575
直真科技,2023-08-15,0.0121,-0.3005780346820809
直真科技,2023-08-14,0.0216,-0.3005780346820809
直真科技,2023-08-11,0.0183,-0.3005780346820809
直真科技,2023-08-10,0.0158,-0.3005780346820809
直真科技,2023-08-09,0.0137,-0.3005780346820809
直真科技,2023-07-14,0.0173,-0.3005780346820809
华业香料,2023-07-27,0.0129,-0.30270270270270283
华业香料,2023-07-26,0.019299999999999998,-0.30270270270270283
华业香料,2023-07-12,0.018500000000000003,-0.30270270270270283
华业香料,2023-07-24,0.0183,-0.30270270270270283
华业香料,2023-07-14,0.018799999999999997,-0.30270270270270283
华业香料,2023-07-17,0.0248,-0.30270270270270283
华业香料,2023-07-13,0.0197,-0.30270270270270283
华业香料,2023-07-21,0.0171,-0.30270270270270283
华业香料,2023-07-20,0.0202,-0.30270270270270283
华业香料,2023-07-19,0.021,-0.30270270270270283
中钢国际,2023-08-10,0.0108,-0.3032258064516129
中钢国际,2023-08-09,0.0103,-0.3032258064516129
中钢国际,2023-08-04,0.0155,-0.3032258064516129
深中华A,2023-07-19,0.0111,-0.3033707865168539
深中华A,2023-07-13,0.0187,-0.3033707865168539
深中华A,2023-07-12,0.0178,-0.3033707865168539
深中华A,2023-07-17,0.0126,-0.3033707865168539
深中华A,2023-07-20,0.0124,-0.3033707865168539
深中华A,2023-07-14,0.015700000000000002,-0.3033707865168539
唐源电气,2023-07-17,0.015,-0.3055555555555556
唐源电气,2023-07-12,0.0216,-0.3055555555555556
唐源电气,2023-07-14,0.0166,-0.3055555555555556
唐源电气,2023-07-13,0.0226,-0.3055555555555556
信宇人,2023-08-18,0.037599999999999995,-0.3058510638297872
信宇人,2023-08-21,0.037599999999999995,-0.3058510638297872
信宇人,2023-08-23,0.026099999999999998,-0.3058510638297872
国泰环保,2023-07-27,0.026699999999999998,-0.3064935064935065
国泰环保,2023-07-21,0.09449999999999999,-0.3064935064935065
国泰环保,2023-07-26,0.0638,-0.3064935064935065
国泰环保,2023-07-24,0.0191,-0.3064935064935065
国泰环保,2023-07-12,0.0385,-0.3064935064935065
国泰环保,2023-07-13,0.0311,-0.3064935064935065
国泰环保,2023-07-14,0.0146,-0.3064935064935065
国泰环保,2023-07-19,0.0129,-0.3064935064935065
同力日升,2023-07-13,0.0192,-0.3093525179856115
同力日升,2023-07-12,0.0278,-0.3093525179856115
北京文化,2023-07-24,0.0113,-0.3109756097560975
北京文化,2023-07-21,0.016399999999999998,-0.3109756097560975
湘财股份,2023-08-16,0.0104,-0.3112582781456954
湘财股份,2023-08-10,0.0151,-0.3112582781456954
*ST新纺,2023-08-21,0.0106,-0.3116883116883117
*ST新纺,2023-08-18,0.015600000000000001,-0.3116883116883117
*ST新纺,2023-08-15,0.0161,-0.3116883116883117
*ST新纺,2023-08-14,0.0154,-0.3116883116883117
国缆检测,2023-07-12,0.0154,-0.3116883116883117
国缆检测,2023-07-13,0.0106,-0.3116883116883117
太和水,2023-08-02,0.017,-0.31176470588235305
太和水,2023-08-03,0.011699999999999999,-0.31176470588235305
指南针,2023-08-16,0.0418,-0.3124999999999999
指南针,2023-08-18,0.028300000000000002,-0.3124999999999999
指南针,2023-08-11,0.0387,-0.3124999999999999
指南针,2023-08-21,0.0231,-0.3124999999999999
指南针,2023-08-23,0.0132,-0.3124999999999999
指南针,2023-08-03,0.0192,-0.3124999999999999
指南针,2023-08-04,0.024900000000000002,-0.3124999999999999
指南针,2023-08-07,0.0333,-0.3124999999999999
指南针,2023-08-08,0.0337,-0.3124999999999999
指南针,2023-08-15,0.0432,-0.3124999999999999
指南针,2023-08-14,0.0391,-0.3124999999999999
指南针,2023-08-10,0.053399999999999996,-0.3124999999999999
指南针,2023-08-09,0.039,-0.3124999999999999
飞利信,2023-08-07,0.0104,-0.31474103585657365
飞利信,2023-08-04,0.025099999999999997,-0.31474103585657365
飞利信,2023-08-09,0.0172,-0.31474103585657365
飞凯材料,2023-07-13,0.0184,-0.3152173913043478
飞凯材料,2023-07-24,0.0132,-0.3152173913043478
飞凯材料,2023-07-21,0.013500000000000002,-0.3152173913043478
飞凯材料,2023-07-20,0.013000000000000001,-0.3152173913043478
飞凯材料,2023-07-19,0.013600000000000001,-0.3152173913043478
飞凯材料,2023-07-17,0.0151,-0.3152173913043478
飞凯材料,2023-07-14,0.013000000000000001,-0.3152173913043478
飞凯材料,2023-07-26,0.0126,-0.3152173913043478
泰和科技,2023-07-19,0.012199999999999999,-0.31543624161073824
泰和科技,2023-07-17,0.0128,-0.31543624161073824
航天宏图,2023-07-19,0.0149,-0.31543624161073824
泰和科技,2023-07-12,0.0149,-0.31543624161073824
航天宏图,2023-07-26,0.0102,-0.31543624161073824
泰和科技,2023-07-13,0.0182,-0.31543624161073824
航天宏图,2023-07-24,0.0104,-0.31543624161073824
泰和科技,2023-07-14,0.013999999999999999,-0.31543624161073824
泰和科技,2023-07-20,0.0113,-0.31543624161073824
泰和科技,2023-07-24,0.0102,-0.31543624161073824
泰和科技,2023-07-21,0.011699999999999999,-0.31543624161073824
航天宏图,2023-07-20,0.0108,-0.31543624161073824
杭华股份,2023-07-26,0.0123,-0.3204419889502763
杭华股份,2023-07-20,0.012199999999999999,-0.3204419889502763
杭华股份,2023-07-19,0.0181,-0.3204419889502763
博通股份,2023-07-12,0.0184,-0.32065217391304346
博通股份,2023-07-13,0.0169,-0.32065217391304346
博通股份,2023-07-14,0.0149,-0.32065217391304346
博通股份,2023-08-18,0.0125,-0.32065217391304346
博通股份,2023-07-17,0.0128,-0.32065217391304346
安车检测,2023-07-12,0.0177,-0.3220338983050848
安车检测,2023-07-13,0.0152,-0.3220338983050848
安车检测,2023-07-14,0.018000000000000002,-0.3220338983050848
安车检测,2023-07-19,0.011699999999999999,-0.3220338983050848
安车检测,2023-07-20,0.012,-0.3220338983050848
众源新材,2023-07-12,0.0155,-0.32258064516129026
众源新材,2023-07-14,0.0105,-0.32258064516129026
众源新材,2023-07-13,0.015300000000000001,-0.32258064516129026
正弦电气,2023-07-20,0.012,-0.3227848101265822
正弦电气,2023-07-21,0.010700000000000001,-0.3227848101265822
正弦电气,2023-07-12,0.0158,-0.3227848101265822
正弦电气,2023-07-13,0.011000000000000001,-0.3227848101265822
正弦电气,2023-07-17,0.024900000000000002,-0.3227848101265822
正弦电气,2023-07-19,0.011399999999999999,-0.3227848101265822
保立佳,2023-08-04,0.0121,-0.32456140350877183
保立佳,2023-07-12,0.022799999999999997,-0.32456140350877183
保立佳,2023-07-13,0.0147,-0.32456140350877183
保立佳,2023-07-26,0.011000000000000001,-0.32456140350877183
保立佳,2023-07-27,0.0108,-0.32456140350877183
保立佳,2023-07-28,0.0126,-0.32456140350877183
保立佳,2023-08-14,0.0167,-0.32456140350877183
保立佳,2023-07-31,0.0125,-0.32456140350877183
保立佳,2023-08-09,0.0184,-0.32456140350877183
保立佳,2023-08-08,0.0183,-0.32456140350877183
保立佳,2023-08-03,0.0121,-0.32456140350877183
保立佳,2023-08-02,0.0121,-0.32456140350877183
保立佳,2023-08-10,0.0223,-0.32456140350877183
保立佳,2023-08-11,0.015700000000000002,-0.32456140350877183
保立佳,2023-08-15,0.0154,-0.32456140350877183
保立佳,2023-08-01,0.0325,-0.32456140350877183
皓元医药,2023-07-17,0.0104,-0.3246753246753248
皓元医药,2023-07-12,0.0154,-0.3246753246753248
皓元医药,2023-07-14,0.0127,-0.3246753246753248
皓元医药,2023-07-13,0.0121,-0.3246753246753248
中晶科技,2023-07-19,0.0108,-0.32499999999999996
中晶科技,2023-07-17,0.0166,-0.32499999999999996
中晶科技,2023-07-14,0.015,-0.32499999999999996
中晶科技,2023-07-13,0.0196,-0.32499999999999996
中晶科技,2023-07-12,0.016,-0.32499999999999996
泰福泵业,2023-07-14,0.018600000000000002,-0.326086956521739
泰福泵业,2023-07-13,0.020099999999999996,-0.326086956521739
泰福泵业,2023-07-12,0.0276,-0.326086956521739
泰福泵业,2023-07-17,0.018600000000000002,-0.326086956521739
神剑股份,2023-07-13,0.011899999999999999,-0.32768361581920913
神剑股份,2023-07-12,0.0177,-0.32768361581920913
百利电气,2023-08-11,0.0123,-0.3278688524590164
百利电气,2023-08-07,0.0183,-0.3278688524590164
百利电气,2023-08-08,0.0183,-0.3278688524590164
百利电气,2023-08-09,0.0183,-0.3278688524590164
百利电气,2023-08-10,0.0183,-0.3278688524590164
安德利,2023-07-17,0.0436,-0.32863849765258213
安德利,2023-07-24,0.025099999999999997,-0.32863849765258213
安德利,2023-07-12,0.0213,-0.32863849765258213
安德利,2023-07-13,0.0336,-0.32863849765258213
安德利,2023-07-14,0.0458,-0.32863849765258213
安德利,2023-07-21,0.0356,-0.32863849765258213
安德利,2023-07-28,0.0143,-0.32863849765258213
安德利,2023-07-19,0.0426,-0.32863849765258213
安德利,2023-07-26,0.0216,-0.32863849765258213
安德利,2023-07-27,0.0104,-0.32863849765258213
安德利,2023-07-20,0.0398,-0.32863849765258213
铂力特,2023-08-02,0.012199999999999999,-0.3296703296703297
铂力特,2023-08-01,0.0242,-0.3296703296703297
铂力特,2023-07-31,0.0298,-0.3296703296703297
铂力特,2023-07-28,0.0365,-0.3296703296703297
铂力特,2023-07-27,0.0391,-0.3296703296703297
铂力特,2023-07-21,0.0425,-0.3296703296703297
铂力特,2023-07-12,0.0182,-0.3296703296703297
铂力特,2023-07-26,0.0425,-0.3296703296703297
铂力特,2023-07-24,0.0431,-0.3296703296703297
铂力特,2023-07-13,0.0242,-0.3296703296703297
铂力特,2023-07-14,0.029900000000000003,-0.3296703296703297
铂力特,2023-07-17,0.0404,-0.3296703296703297
铂力特,2023-07-19,0.0404,-0.3296703296703297
铂力特,2023-07-20,0.0408,-0.3296703296703297
鼎际得,2023-07-13,0.028999999999999998,-0.32971014492753614
鼎际得,2023-07-17,0.018500000000000003,-0.32971014492753614
鼎际得,2023-07-14,0.0124,-0.32971014492753614
鼎际得,2023-07-12,0.0276,-0.32971014492753614
百川畅银,2023-07-17,0.0154,-0.33043478260869563
百川畅银,2023-07-14,0.0232,-0.33043478260869563
百川畅银,2023-07-13,0.023,-0.33043478260869563
中科金财,2023-08-04,0.0239,-0.33054393305439334
中科金财,2023-08-10,0.0382,-0.33054393305439334
中科金财,2023-08-07,0.027999999999999997,-0.33054393305439334
中科金财,2023-08-08,0.026699999999999998,-0.33054393305439334
中科金财,2023-08-09,0.0354,-0.33054393305439334
中科金财,2023-08-11,0.0275,-0.33054393305439334
中科金财,2023-08-15,0.0305,-0.33054393305439334
中科金财,2023-08-16,0.029900000000000003,-0.33054393305439334
中科金财,2023-08-18,0.016,-0.33054393305439334
中科金财,2023-08-14,0.0311,-0.33054393305439334
冠中生态,2023-07-14,0.0212,-0.33098591549295775
冠中生态,2023-07-17,0.024900000000000002,-0.33098591549295775
冠中生态,2023-07-24,0.018600000000000002,-0.33098591549295775
冠中生态,2023-07-21,0.0115,-0.33098591549295775
冠中生态,2023-07-27,0.024300000000000002,-0.33098591549295775
冠中生态,2023-07-20,0.031,-0.33098591549295775
冠中生态,2023-07-19,0.0316,-0.33098591549295775
冠中生态,2023-07-12,0.0426,-0.33098591549295775
冠中生态,2023-07-13,0.0207,-0.33098591549295775
冠中生态,2023-08-23,0.0285,-0.33098591549295775
冠中生态,2023-08-21,0.026099999999999998,-0.33098591549295775
冠中生态,2023-08-18,0.0131,-0.33098591549295775
冠中生态,2023-07-31,0.012199999999999999,-0.33098591549295775
冠中生态,2023-07-26,0.02,-0.33098591549295775
冠中生态,2023-07-28,0.0168,-0.33098591549295775
千味央厨,2023-07-28,0.0203,-0.33333333333333326
千味央厨,2023-07-31,0.0128,-0.33333333333333326
千味央厨,2023-07-27,0.0192,-0.33333333333333326
侨银股份,2023-07-13,0.021,-0.3348623853211009
侨银股份,2023-07-14,0.0176,-0.3348623853211009
侨银股份,2023-07-17,0.014499999999999999,-0.3348623853211009
侨银股份,2023-07-12,0.0218,-0.3348623853211009
国新健康,2023-08-10,0.0105,-0.33544303797468356
国新健康,2023-08-09,0.0158,-0.33544303797468356
富临运业,2023-07-13,0.0151,-0.3375
富临运业,2023-07-20,0.0106,-0.3375
富临运业,2023-07-12,0.016,-0.3375
富临运业,2023-07-14,0.0113,-0.3375
上海九百,2023-08-03,0.0181,-0.33757961783439505
上海九百,2023-08-04,0.0104,-0.33757961783439505
上海九百,2023-07-28,0.015700000000000002,-0.33757961783439505
上海九百,2023-07-31,0.0239,-0.33757961783439505
上海九百,2023-08-01,0.0209,-0.33757961783439505
上海九百,2023-08-02,0.0194,-0.33757961783439505
仁和药业,2023-07-28,0.0286,-0.33783783783783794
仁和药业,2023-08-01,0.0199,-0.33783783783783794
仁和药业,2023-08-03,0.0196,-0.33783783783783794
仁和药业,2023-07-27,0.0259,-0.33783783783783794
仁和药业,2023-07-31,0.024,-0.33783783783783794
仁和药业,2023-07-26,0.029300000000000003,-0.33783783783783794
仁和药业,2023-07-24,0.0296,-0.33783783783783794
仁和药业,2023-08-02,0.016200000000000003,-0.33783783783783794
大地海洋,2023-07-26,0.01,-0.33986928104575176
大地海洋,2023-07-27,0.0118,-0.33986928104575176
大地海洋,2023-07-14,0.024700000000000003,-0.33986928104575176
大地海洋,2023-07-17,0.0209,-0.33986928104575176
大地海洋,2023-07-20,0.013999999999999999,-0.33986928104575176
大地海洋,2023-07-19,0.0218,-0.33986928104575176
大地海洋,2023-07-12,0.015300000000000001,-0.33986928104575176
大地海洋,2023-07-31,0.0101,-0.33986928104575176
大地海洋,2023-07-13,0.0171,-0.33986928104575176
名雕股份,2023-07-12,0.015300000000000001,-0.33986928104575176
名雕股份,2023-07-13,0.0127,-0.33986928104575176
名雕股份,2023-07-19,0.011699999999999999,-0.33986928104575176
名雕股份,2023-07-27,0.0101,-0.33986928104575176
联合化学,2023-07-24,0.0158,-0.34025974025974026
联合化学,2023-07-17,0.0213,-0.34025974025974026
联合化学,2023-07-19,0.0265,-0.34025974025974026
联合化学,2023-07-20,0.015,-0.34025974025974026
联合化学,2023-07-21,0.0171,-0.34025974025974026
联合化学,2023-08-18,0.0165,-0.34025974025974026
联合化学,2023-07-26,0.018600000000000002,-0.34025974025974026
联合化学,2023-08-14,0.0146,-0.34025974025974026
联合化学,2023-07-12,0.0385,-0.34025974025974026
联合化学,2023-08-21,0.0322,-0.34025974025974026
联合化学,2023-08-23,0.0254,-0.34025974025974026
联合化学,2023-07-13,0.0521,-0.34025974025974026
联合化学,2023-07-14,0.029500000000000002,-0.34025974025974026
双乐股份,2023-07-14,0.022099999999999998,-0.34123222748815163
双乐股份,2023-08-01,0.0143,-0.34123222748815163
双乐股份,2023-07-27,0.023,-0.34123222748815163
双乐股份,2023-07-26,0.023700000000000002,-0.34123222748815163
双乐股份,2023-07-13,0.026000000000000002,-0.34123222748815163
双乐股份,2023-07-31,0.018500000000000003,-0.34123222748815163
双乐股份,2023-07-24,0.0226,-0.34123222748815163
双乐股份,2023-07-17,0.0208,-0.34123222748815163
双乐股份,2023-07-19,0.024300000000000002,-0.34123222748815163
双乐股份,2023-08-02,0.0139,-0.34123222748815163
双乐股份,2023-07-12,0.021099999999999997,-0.34123222748815163
双乐股份,2023-07-21,0.024,-0.34123222748815163
双乐股份,2023-07-28,0.0239,-0.34123222748815163
双乐股份,2023-07-20,0.024300000000000002,-0.34123222748815163
爱克股份,2023-07-12,0.019299999999999998,-0.34196891191709844
爱克股份,2023-07-13,0.0139,-0.34196891191709844
爱克股份,2023-07-19,0.0127,-0.34196891191709844
爱克股份,2023-07-17,0.0127,-0.34196891191709844
风光股份,2023-07-12,0.025099999999999997,-0.34262948207171307
风光股份,2023-07-13,0.022000000000000002,-0.34262948207171307
风光股份,2023-07-17,0.0165,-0.34262948207171307
风光股份,2023-07-14,0.018000000000000002,-0.34262948207171307
欣贺股份,2023-07-12,0.0207,-0.3429951690821256
欣贺股份,2023-07-13,0.0144,-0.3429951690821256
欣贺股份,2023-07-14,0.0101,-0.3429951690821256
欣贺股份,2023-07-17,0.0126,-0.3429951690821256
欣贺股份,2023-07-28,0.0141,-0.3429951690821256
欣贺股份,2023-07-31,0.013600000000000001,-0.3429951690821256
龙利得,2023-07-24,0.011200000000000002,-0.34337349397590367
龙利得,2023-07-19,0.0102,-0.34337349397590367
龙利得,2023-07-28,0.0109,-0.34337349397590367
龙利得,2023-07-26,0.0151,-0.34337349397590367
龙利得,2023-07-12,0.0166,-0.34337349397590367
龙利得,2023-07-13,0.010700000000000001,-0.34337349397590367
恩威医药,2023-08-11,0.0364,-0.34615384615384626
恩威医药,2023-08-16,0.011899999999999999,-0.34615384615384626
恩威医药,2023-08-15,0.0235,-0.34615384615384626
恩威医药,2023-08-14,0.022799999999999997,-0.34615384615384626
恩威医药,2023-08-10,0.0728,-0.34615384615384626
恩威医药,2023-08-09,0.036699999999999997,-0.34615384615384626
恩威医药,2023-08-08,0.0182,-0.34615384615384626
强力新材,2023-07-12,0.0196,-0.346938775510204
强力新材,2023-07-13,0.0187,-0.346938775510204
强力新材,2023-07-14,0.0128,-0.346938775510204
英诺激光,2023-08-14,0.010700000000000001,-0.34756097560975596
英诺激光,2023-07-13,0.0116,-0.34756097560975596
英诺激光,2023-07-12,0.016399999999999998,-0.34756097560975596
英诺激光,2023-08-11,0.010700000000000001,-0.34756097560975596
华阳国际,2023-08-09,0.023799999999999998,-0.3500000000000002
华阳国际,2023-07-31,0.018000000000000002,-0.3500000000000002
华阳国际,2023-08-14,0.0223,-0.3500000000000002
华阳国际,2023-08-11,0.023700000000000002,-0.3500000000000002
华阳国际,2023-08-10,0.022400000000000003,-0.3500000000000002
华阳国际,2023-08-08,0.0207,-0.3500000000000002
华阳国际,2023-08-01,0.018000000000000002,-0.3500000000000002
华阳国际,2023-08-07,0.0282,-0.3500000000000002
华阳国际,2023-08-04,0.0296,-0.3500000000000002
华阳国际,2023-08-03,0.026000000000000002,-0.3500000000000002
华阳国际,2023-08-02,0.0242,-0.3500000000000002
华阳国际,2023-08-15,0.011699999999999999,-0.3500000000000002
北辰实业,2023-07-27,0.0165,-0.35151515151515145
北辰实业,2023-07-28,0.0197,-0.35151515151515145
北辰实业,2023-07-31,0.0216,-0.35151515151515145
北辰实业,2023-08-01,0.018500000000000003,-0.35151515151515145
北辰实业,2023-08-02,0.0182,-0.35151515151515145
北辰实业,2023-08-03,0.0179,-0.35151515151515145
北辰实业,2023-08-04,0.0147,-0.35151515151515145
北辰实业,2023-08-07,0.010700000000000001,-0.35151515151515145
麦澜德,2023-08-03,0.0105,-0.35185185185185186
麦澜德,2023-07-28,0.016200000000000003,-0.35185185185185186
智洋创新,2023-08-23,0.0105,-0.35582822085889565
智洋创新,2023-08-18,0.0171,-0.35582822085889565
智洋创新,2023-08-21,0.017,-0.35582822085889565
智洋创新,2023-08-14,0.011699999999999999,-0.35582822085889565
智洋创新,2023-08-08,0.0116,-0.35582822085889565
智洋创新,2023-08-07,0.011200000000000002,-0.35582822085889565
智洋创新,2023-07-26,0.0163,-0.35582822085889565
瑞康医药,2023-08-14,0.0139,-0.35593220338983056
瑞康医药,2023-08-15,0.0169,-0.35593220338983056
瑞康医药,2023-08-16,0.011399999999999999,-0.35593220338983056
瑞康医药,2023-08-03,0.0177,-0.35593220338983056
瑞康医药,2023-08-04,0.0139,-0.35593220338983056
共创草坪,2023-07-13,0.0513,-0.3565573770491802
共创草坪,2023-07-24,0.031400000000000004,-0.3565573770491802
共创草坪,2023-07-17,0.0433,-0.3565573770491802
共创草坪,2023-07-19,0.0436,-0.3565573770491802
共创草坪,2023-07-12,0.048799999999999996,-0.3565573770491802
共创草坪,2023-07-20,0.043,-0.3565573770491802
共创草坪,2023-07-21,0.0434,-0.3565573770491802
共创草坪,2023-07-14,0.0501,-0.3565573770491802
鸿铭股份,2023-08-21,0.019799999999999998,-0.3568281938325991
鸿铭股份,2023-08-18,0.0199,-0.3568281938325991
鸿铭股份,2023-07-27,0.011899999999999999,-0.3568281938325991
鸿铭股份,2023-07-19,0.0123,-0.3568281938325991
鸿铭股份,2023-07-17,0.0169,-0.3568281938325991
鸿铭股份,2023-07-14,0.0199,-0.3568281938325991
鸿铭股份,2023-07-13,0.0268,-0.3568281938325991
鸿铭股份,2023-07-12,0.0227,-0.3568281938325991
鸿铭股份,2023-08-23,0.0146,-0.3568281938325991
长青股份,2023-07-12,0.0168,-0.3571428571428571
长青股份,2023-07-13,0.0173,-0.3571428571428571
长青股份,2023-07-14,0.016,-0.3571428571428571
长青股份,2023-07-17,0.015,-0.3571428571428571
长青股份,2023-07-19,0.0127,-0.3571428571428571
长青股份,2023-07-20,0.0118,-0.3571428571428571
长青股份,2023-07-21,0.012199999999999999,-0.3571428571428571
长青股份,2023-07-26,0.0108,-0.3571428571428571
长青股份,2023-07-24,0.0125,-0.3571428571428571
科汇股份,2023-07-17,0.0116,-0.3591160220994476
科汇股份,2023-07-12,0.0181,-0.3591160220994476
科汇股份,2023-07-13,0.0172,-0.3591160220994476
科汇股份,2023-07-14,0.0123,-0.3591160220994476
德石股份,2023-07-14,0.021099999999999997,-0.35943060498220636
德石股份,2023-07-13,0.022400000000000003,-0.35943060498220636
德石股份,2023-07-12,0.0281,-0.35943060498220636
德石股份,2023-07-17,0.018000000000000002,-0.35943060498220636
亨迪药业,2023-08-23,0.0323,-0.36039603960396027
亨迪药业,2023-08-21,0.0441,-0.36039603960396027
亨迪药业,2023-08-18,0.0426,-0.36039603960396027
亨迪药业,2023-08-16,0.058499999999999996,-0.36039603960396027
亨迪药业,2023-08-15,0.0461,-0.36039603960396027
亨迪药业,2023-08-14,0.026099999999999998,-0.36039603960396027
亨迪药业,2023-08-11,0.050499999999999996,-0.36039603960396027
数字认证,2023-07-26,0.012,-0.36363636363636354
数字认证,2023-07-21,0.0125,-0.36363636363636354
数字认证,2023-08-04,0.011200000000000002,-0.36363636363636354
数字认证,2023-07-24,0.0102,-0.36363636363636354
数字认证,2023-07-20,0.0176,-0.36363636363636354
中原证券,2023-07-28,0.016200000000000003,-0.3641975308641976
中原证券,2023-07-31,0.0175,-0.3641975308641976
中原证券,2023-08-04,0.0337,-0.3641975308641976
中原证券,2023-08-01,0.0263,-0.3641975308641976
中原证券,2023-08-02,0.0259,-0.3641975308641976
中原证券,2023-08-15,0.0103,-0.3641975308641976
中原证券,2023-08-14,0.0103,-0.3641975308641976
中原证券,2023-08-11,0.0183,-0.3641975308641976
中原证券,2023-08-10,0.0337,-0.3641975308641976
中原证券,2023-08-09,0.0286,-0.3641975308641976
中原证券,2023-08-08,0.0358,-0.3641975308641976
中原证券,2023-08-07,0.0408,-0.3641975308641976
中原证券,2023-08-03,0.024,-0.3641975308641976
同兴环保,2023-07-14,0.019799999999999998,-0.3645484949832777
同兴环保,2023-07-13,0.0331,-0.3645484949832777
同兴环保,2023-07-17,0.019,-0.3645484949832777
同兴环保,2023-07-12,0.029900000000000003,-0.3645484949832777
华源控股,2023-07-12,0.0197,-0.36548223350253795
华源控股,2023-07-13,0.0125,-0.36548223350253795
东星医疗,2023-08-21,0.0319,-0.3661971830985915
东星医疗,2023-08-23,0.0315,-0.3661971830985915
东星医疗,2023-08-14,0.0559,-0.3661971830985915
东星医疗,2023-08-15,0.0653,-0.3661971830985915
东星医疗,2023-08-16,0.0616,-0.3661971830985915
东星医疗,2023-08-11,0.049699999999999994,-0.3661971830985915
东星医疗,2023-08-18,0.0282,-0.3661971830985915
涛涛车业,2023-07-21,0.07139999999999999,-0.36777777777777765
涛涛车业,2023-07-26,0.056900000000000006,-0.36777777777777765
涛涛车业,2023-07-12,0.09,-0.36777777777777765
涛涛车业,2023-07-13,0.09029999999999999,-0.36777777777777765
涛涛车业,2023-07-24,0.0441,-0.36777777777777765
涛涛车业,2023-07-14,0.0933,-0.36777777777777765
涛涛车业,2023-07-17,0.0956,-0.36777777777777765
涛涛车业,2023-07-19,0.0766,-0.36777777777777765
涛涛车业,2023-07-20,0.0737,-0.36777777777777765
新锐股份,2023-07-12,0.0171,-0.368421052631579
新锐股份,2023-07-13,0.0121,-0.368421052631579
新锐股份,2023-07-14,0.0101,-0.368421052631579
新锐股份,2023-07-26,0.0108,-0.368421052631579
科信技术,2023-07-21,0.0359,-0.36904761904761896
科信技术,2023-07-24,0.0371,-0.36904761904761896
科信技术,2023-07-20,0.04,-0.36904761904761896
科信技术,2023-07-19,0.0487,-0.36904761904761896
科信技术,2023-07-17,0.0617,-0.36904761904761896
科信技术,2023-07-12,0.0588,-0.36904761904761896
科信技术,2023-07-13,0.0675,-0.36904761904761896
科信技术,2023-07-14,0.0757,-0.36904761904761896
中信博,2023-08-16,0.0139,-0.37104072398190047
中信博,2023-08-15,0.013500000000000002,-0.37104072398190047
中信博,2023-08-10,0.0103,-0.37104072398190047
中信博,2023-07-12,0.022099999999999998,-0.37104072398190047
久量股份,2023-07-20,0.0103,-0.37305699481865284
久量股份,2023-07-12,0.019299999999999998,-0.37305699481865284
久量股份,2023-07-13,0.0192,-0.37305699481865284
久量股份,2023-07-26,0.0121,-0.37305699481865284
久量股份,2023-07-19,0.0139,-0.37305699481865284
久量股份,2023-07-17,0.0176,-0.37305699481865284
久量股份,2023-07-24,0.0121,-0.37305699481865284
久量股份,2023-07-14,0.0167,-0.37305699481865284
胜蓝股份,2023-07-20,0.0144,-0.37391304347826093
胜蓝股份,2023-07-14,0.0181,-0.37391304347826093
胜蓝股份,2023-07-12,0.023,-0.37391304347826093
胜蓝股份,2023-07-13,0.0171,-0.37391304347826093
胜蓝股份,2023-07-17,0.0241,-0.37391304347826093
胜蓝股份,2023-07-19,0.0161,-0.37391304347826093
碧兴物联,2023-08-16,0.0194,-0.37419354838709673
碧兴物联,2023-08-09,0.031,-0.37419354838709673
碧兴物联,2023-08-14,0.0139,-0.37419354838709673
碧兴物联,2023-08-11,0.0139,-0.37419354838709673
碧兴物联,2023-08-15,0.0139,-0.37419354838709673
碧兴物联,2023-08-10,0.031,-0.37419354838709673
荣昌生物,2023-07-14,0.0265,-0.37603305785123964
荣昌生物,2023-07-13,0.0268,-0.37603305785123964
荣昌生物,2023-07-21,0.0194,-0.37603305785123964
荣昌生物,2023-07-20,0.019,-0.37603305785123964
荣昌生物,2023-07-19,0.019,-0.37603305785123964
荣昌生物,2023-07-17,0.0254,-0.37603305785123964
荣昌生物,2023-07-24,0.0165,-0.37603305785123964
荣昌生物,2023-07-31,0.0151,-0.37603305785123964
荣昌生物,2023-07-28,0.0154,-0.37603305785123964
荣昌生物,2023-07-27,0.0174,-0.37603305785123964
荣昌生物,2023-07-26,0.0167,-0.37603305785123964
荣昌生物,2023-07-12,0.0242,-0.37603305785123964
北矿科技,2023-07-13,0.0113,-0.3791208791208792
北矿科技,2023-07-12,0.0182,-0.3791208791208792
金达莱,2023-07-14,0.0229,-0.38129496402877694
金达莱,2023-07-19,0.0172,-0.38129496402877694
金达莱,2023-07-12,0.0278,-0.38129496402877694
金达莱,2023-07-13,0.0255,-0.38129496402877694
金达莱,2023-07-17,0.0204,-0.38129496402877694
拉卡拉,2023-07-19,0.0216,-0.3827160493827161
拉卡拉,2023-07-20,0.0216,-0.3827160493827161
拉卡拉,2023-07-21,0.0231,-0.3827160493827161
拉卡拉,2023-07-17,0.026600000000000002,-0.3827160493827161
拉卡拉,2023-07-24,0.015,-0.3827160493827161
拉卡拉,2023-07-14,0.0276,-0.3827160493827161
拉卡拉,2023-07-13,0.0278,-0.3827160493827161
拉卡拉,2023-07-12,0.024300000000000002,-0.3827160493827161
可靠股份,2023-07-28,0.0102,-0.3833333333333334
可靠股份,2023-07-12,0.018000000000000002,-0.3833333333333334
可靠股份,2023-07-13,0.016399999999999998,-0.3833333333333334
可靠股份,2023-07-14,0.0123,-0.3833333333333334
可靠股份,2023-07-21,0.020099999999999996,-0.3833333333333334
可靠股份,2023-07-24,0.011000000000000001,-0.3833333333333334
可靠股份,2023-07-31,0.0111,-0.3833333333333334
原尚股份,2023-07-12,0.016399999999999998,-0.38414634146341453
原尚股份,2023-07-13,0.0138,-0.38414634146341453
原尚股份,2023-07-19,0.0101,-0.38414634146341453
原尚股份,2023-07-17,0.0108,-0.38414634146341453
原尚股份,2023-07-14,0.0132,-0.38414634146341453
好想你,2023-07-12,0.0296,-0.3851351351351351
好想你,2023-07-13,0.0245,-0.3851351351351351
好想你,2023-07-14,0.0182,-0.3851351351351351
侨源股份,2023-07-31,0.0113,-0.38586956521739135
侨源股份,2023-07-28,0.0305,-0.38586956521739135
侨源股份,2023-07-27,0.013600000000000001,-0.38586956521739135
侨源股份,2023-07-26,0.0184,-0.38586956521739135
返利科技,2023-08-07,0.0189,-0.3862433862433863
返利科技,2023-08-10,0.0116,-0.3862433862433863
返利科技,2023-08-08,0.0113,-0.3862433862433863
澜起科技,2023-07-17,0.0167,-0.3867403314917127
澜起科技,2023-07-13,0.021,-0.3867403314917127
澜起科技,2023-07-14,0.019799999999999998,-0.3867403314917127
澜起科技,2023-07-12,0.0181,-0.3867403314917127
澜起科技,2023-07-20,0.0111,-0.3867403314917127
澜起科技,2023-07-19,0.0111,-0.3867403314917127
石头科技,2023-07-17,0.0103,-0.38690476190476186
石头科技,2023-07-13,0.0165,-0.38690476190476186
石头科技,2023-07-12,0.0168,-0.38690476190476186
石头科技,2023-07-14,0.0151,-0.38690476190476186
大华股份,2023-07-14,0.013300000000000001,-0.390625
大华股份,2023-08-10,0.011699999999999999,-0.390625
大华股份,2023-08-07,0.013000000000000001,-0.390625
大华股份,2023-08-04,0.010700000000000001,-0.390625
大华股份,2023-07-13,0.0187,-0.390625
大华股份,2023-08-09,0.0101,-0.390625
大华股份,2023-07-12,0.0192,-0.390625
恒锋信息,2023-08-10,0.0182,-0.39560439560439553
恒锋信息,2023-08-15,0.011000000000000001,-0.39560439560439553
恒锋信息,2023-08-14,0.016399999999999998,-0.39560439560439553
恒锋信息,2023-08-11,0.0149,-0.39560439560439553
国联水产,2023-08-08,0.0143,-0.3966244725738397
国联水产,2023-08-01,0.0147,-0.3966244725738397
国联水产,2023-08-04,0.021,-0.3966244725738397
国联水产,2023-08-03,0.0363,-0.3966244725738397
国联水产,2023-07-31,0.023700000000000002,-0.3966244725738397
中荣股份,2023-07-28,0.0166,-0.40501792114695345
中荣股份,2023-07-26,0.0356,-0.40501792114695345
中荣股份,2023-07-24,0.053399999999999996,-0.40501792114695345
中荣股份,2023-07-21,0.0366,-0.40501792114695345
中荣股份,2023-07-20,0.0173,-0.40501792114695345
中荣股份,2023-07-19,0.0351,-0.40501792114695345
中荣股份,2023-07-17,0.0279,-0.40501792114695345
中荣股份,2023-07-27,0.0148,-0.40501792114695345
开普检测,2023-07-12,0.047400000000000005,-0.40717299578059074
开普检测,2023-07-13,0.0281,-0.40717299578059074
豫光金铅,2023-08-07,0.0349,-0.40909090909090906
豫光金铅,2023-08-04,0.0223,-0.40909090909090906
豫光金铅,2023-08-03,0.0274,-0.40909090909090906
豫光金铅,2023-08-08,0.052000000000000005,-0.40909090909090906
豫光金铅,2023-08-09,0.0461,-0.40909090909090906
豫光金铅,2023-08-02,0.0274,-0.40909090909090906
豫光金铅,2023-08-01,0.019799999999999998,-0.40909090909090906
豫光金铅,2023-08-10,0.0341,-0.40909090909090906
豫光金铅,2023-08-14,0.0232,-0.40909090909090906
豫光金铅,2023-08-15,0.011699999999999999,-0.40909090909090906
豫光金铅,2023-08-11,0.020099999999999996,-0.40909090909090906
蒙泰高新,2023-08-04,0.0137,-0.4094827586206896
蒙泰高新,2023-08-03,0.018799999999999997,-0.4094827586206896
蒙泰高新,2023-07-12,0.0232,-0.4094827586206896
蒙泰高新,2023-07-13,0.0165,-0.4094827586206896
蒙泰高新,2023-08-02,0.018799999999999997,-0.4094827586206896
凤竹纺织,2023-07-13,0.0191,-0.4120603015075378
凤竹纺织,2023-07-14,0.011699999999999999,-0.4120603015075378
凤竹纺织,2023-07-12,0.0199,-0.4120603015075378
长亮科技,2023-08-15,0.011000000000000001,-0.4120603015075378
长亮科技,2023-08-09,0.0199,-0.4120603015075378
长亮科技,2023-08-10,0.026699999999999998,-0.4120603015075378
长亮科技,2023-08-11,0.0167,-0.4120603015075378
长亮科技,2023-08-16,0.011699999999999999,-0.4120603015075378
长亮科技,2023-08-14,0.019799999999999998,-0.4120603015075378
江苏博云,2023-07-19,0.0106,-0.41279069767441867
特发服务,2023-07-31,0.0101,-0.41279069767441867
江苏博云,2023-07-20,0.0101,-0.41279069767441867
江苏博云,2023-07-12,0.0172,-0.41279069767441867
特发服务,2023-07-21,0.0172,-0.41279069767441867
江苏博云,2023-07-13,0.0166,-0.41279069767441867
江苏博云,2023-07-17,0.011200000000000002,-0.41279069767441867
江苏博云,2023-07-14,0.015300000000000001,-0.41279069767441867
威迈斯,2023-08-16,0.0819,-0.41295546558704466
威迈斯,2023-08-18,0.0535,-0.41295546558704466
威迈斯,2023-08-21,0.014499999999999999,-0.41295546558704466
威迈斯,2023-08-15,0.0599,-0.41295546558704466
威迈斯,2023-08-14,0.024700000000000003,-0.41295546558704466
长城电工,2023-07-12,0.0184,-0.4130434782608695
长城电工,2023-07-14,0.0108,-0.4130434782608695
长城电工,2023-07-13,0.0152,-0.4130434782608695
复旦微电,2023-07-13,0.0183,-0.41436464088397795
复旦微电,2023-07-14,0.0192,-0.41436464088397795
复旦微电,2023-07-19,0.0174,-0.41436464088397795
复旦微电,2023-07-17,0.0171,-0.41436464088397795
复旦微电,2023-07-12,0.0181,-0.41436464088397795
复旦微电,2023-07-20,0.0106,-0.41436464088397795
经纬恒润,2023-08-08,0.0104,-0.4152542372881356
经纬恒润,2023-07-14,0.0197,-0.4152542372881356
经纬恒润,2023-07-13,0.0191,-0.4152542372881356
经纬恒润,2023-07-12,0.0236,-0.4152542372881356
经纬恒润,2023-08-09,0.0138,-0.4152542372881356
海光信息,2023-07-24,0.0187,-0.4183266932270916
海光信息,2023-07-14,0.0368,-0.4183266932270916
海光信息,2023-07-12,0.025099999999999997,-0.4183266932270916
海光信息,2023-07-17,0.0387,-0.4183266932270916
海光信息,2023-07-13,0.027000000000000003,-0.4183266932270916
海光信息,2023-07-21,0.022099999999999998,-0.4183266932270916
海光信息,2023-07-19,0.035699999999999996,-0.4183266932270916
海光信息,2023-07-20,0.0331,-0.4183266932270916
海光信息,2023-08-07,0.0166,-0.4183266932270916
海光信息,2023-08-08,0.026000000000000002,-0.4183266932270916
海光信息,2023-08-09,0.023399999999999997,-0.4183266932270916
海光信息,2023-08-10,0.019299999999999998,-0.4183266932270916
海光信息,2023-08-14,0.0146,-0.4183266932270916
建艺集团,2023-07-12,0.0215,-0.41860465116279066
建艺集团,2023-07-28,0.0125,-0.41860465116279066
建艺集团,2023-07-27,0.010700000000000001,-0.41860465116279066
建艺集团,2023-07-20,0.0104,-0.41860465116279066
建艺集团,2023-07-19,0.012199999999999999,-0.41860465116279066
建艺集团,2023-07-17,0.0181,-0.41860465116279066
建艺集团,2023-07-14,0.019,-0.41860465116279066
建艺集团,2023-07-13,0.0197,-0.41860465116279066
永茂泰,2023-07-12,0.0229,-0.4192139737991266
永茂泰,2023-07-13,0.013300000000000001,-0.4192139737991266
奇德新材,2023-07-14,0.0127,-0.4200913242009132
奇德新材,2023-07-12,0.0219,-0.4200913242009132
奇德新材,2023-07-13,0.0232,-0.4200913242009132
崧盛股份,2023-07-17,0.0151,-0.4207650273224044
崧盛股份,2023-07-12,0.0183,-0.4207650273224044
崧盛股份,2023-07-13,0.0115,-0.4207650273224044
崧盛股份,2023-07-19,0.0106,-0.4207650273224044
利欧股份,2023-08-09,0.01,-0.4219653179190751
利欧股份,2023-08-08,0.013000000000000001,-0.4219653179190751
赛力斯,2023-07-17,0.01,-0.4219653179190751
利欧股份,2023-08-04,0.0104,-0.4219653179190751
利欧股份,2023-08-07,0.0149,-0.4219653179190751
利欧股份,2023-07-31,0.0248,-0.4219653179190751
赛力斯,2023-07-12,0.0173,-0.4219653179190751
赛力斯,2023-07-13,0.0171,-0.4219653179190751
利欧股份,2023-07-28,0.0173,-0.4219653179190751
赛力斯,2023-07-14,0.0141,-0.4219653179190751
利欧股份,2023-08-01,0.0124,-0.4219653179190751
利欧股份,2023-08-03,0.0116,-0.4219653179190751
利欧股份,2023-08-02,0.0187,-0.4219653179190751
东亚药业,2023-07-12,0.0286,-0.423076923076923
东亚药业,2023-07-13,0.0178,-0.423076923076923
东亚药业,2023-07-14,0.0138,-0.423076923076923
东亚药业,2023-07-17,0.0165,-0.423076923076923
彩虹股份,2023-07-17,0.026699999999999998,-0.4232558139534883
彩虹股份,2023-07-13,0.0236,-0.4232558139534883
友邦吊顶,2023-07-12,0.0215,-0.4232558139534883
友邦吊顶,2023-07-13,0.018600000000000002,-0.4232558139534883
友邦吊顶,2023-07-14,0.018600000000000002,-0.4232558139534883
彩虹股份,2023-07-14,0.025699999999999997,-0.4232558139534883
友邦吊顶,2023-07-19,0.0124,-0.4232558139534883
彩虹股份,2023-07-12,0.0215,-0.4232558139534883
彩虹股份,2023-07-26,0.013999999999999999,-0.4232558139534883
彩虹股份,2023-07-24,0.0126,-0.4232558139534883
彩虹股份,2023-07-21,0.0148,-0.4232558139534883
彩虹股份,2023-07-27,0.0124,-0.4232558139534883
彩虹股份,2023-07-20,0.0147,-0.4232558139534883
彩虹股份,2023-07-19,0.0219,-0.4232558139534883
友邦吊顶,2023-07-17,0.0171,-0.4232558139534883
汇金科技,2023-08-16,0.0377,-0.42358078602620086
汇金科技,2023-08-23,0.0132,-0.42358078602620086
汇金科技,2023-08-21,0.026600000000000002,-0.42358078602620086
汇金科技,2023-08-18,0.02,-0.42358078602620086
汇金科技,2023-08-11,0.023,-0.42358078602620086
汇金科技,2023-08-07,0.0229,-0.42358078602620086
汇金科技,2023-08-10,0.023,-0.42358078602620086
汇金科技,2023-08-09,0.0113,-0.42358078602620086
汇金科技,2023-08-15,0.0177,-0.42358078602620086
安记食品,2023-07-12,0.02,-0.42500000000000004
安记食品,2023-07-14,0.0155,-0.42500000000000004
安记食品,2023-07-13,0.021400000000000002,-0.42500000000000004
安记食品,2023-07-17,0.0121,-0.42500000000000004
安记食品,2023-07-21,0.0115,-0.42500000000000004
杰美特,2023-07-13,0.0169,-0.42629482071713143
杰美特,2023-07-24,0.0144,-0.42629482071713143
杰美特,2023-07-17,0.010700000000000001,-0.42629482071713143
杰美特,2023-07-20,0.0533,-0.42629482071713143
杰美特,2023-07-21,0.0144,-0.42629482071713143
杰美特,2023-07-12,0.025099999999999997,-0.42629482071713143
杰美特,2023-07-14,0.0101,-0.42629482071713143
科瑞思,2023-07-28,0.010700000000000001,-0.4308510638297871
科瑞思,2023-07-20,0.018799999999999997,-0.4308510638297871
科瑞思,2023-07-27,0.0219,-0.4308510638297871
科瑞思,2023-07-26,0.0286,-0.4308510638297871
科瑞思,2023-07-24,0.0209,-0.4308510638297871
日联科技,2023-07-17,0.0104,-0.4316939890710383
日联科技,2023-07-12,0.0183,-0.4316939890710383
日联科技,2023-07-13,0.014199999999999999,-0.4316939890710383
日联科技,2023-07-14,0.0217,-0.4316939890710383
晶雪节能,2023-07-28,0.0168,-0.4329896907216494
晶雪节能,2023-07-27,0.0103,-0.4329896907216494
晶雪节能,2023-07-31,0.011000000000000001,-0.4329896907216494
晶雪节能,2023-07-13,0.0175,-0.4329896907216494
晶雪节能,2023-07-12,0.0194,-0.4329896907216494
南芯科技,2023-07-14,0.0191,-0.4329896907216495
南芯科技,2023-07-17,0.0165,-0.4329896907216495
南芯科技,2023-07-13,0.0291,-0.4329896907216495
英力股份,2023-07-12,0.0274,-0.43430656934306566
英力股份,2023-07-13,0.0155,-0.43430656934306566
凯中精密,2023-07-12,0.033,-0.4363636363636363
凯中精密,2023-07-14,0.018600000000000002,-0.4363636363636363
凯中精密,2023-07-13,0.018600000000000002,-0.4363636363636363
中百集团,2023-07-21,0.024,-0.4391534391534392
中百集团,2023-08-02,0.04,-0.4391534391534392
中百集团,2023-08-03,0.04,-0.4391534391534392
中百集团,2023-08-04,0.0326,-0.4391534391534392
中百集团,2023-08-07,0.0202,-0.4391534391534392
中百集团,2023-08-08,0.0106,-0.4391534391534392
中百集团,2023-07-31,0.0363,-0.4391534391534392
中百集团,2023-07-28,0.0222,-0.4391534391534392
中百集团,2023-07-27,0.016399999999999998,-0.4391534391534392
中百集团,2023-07-26,0.020099999999999996,-0.4391534391534392
中百集团,2023-07-24,0.0195,-0.4391534391534392
中百集团,2023-08-01,0.0291,-0.4391534391534392
中百集团,2023-07-20,0.0189,-0.4391534391534392
协创数据,2023-07-20,0.0105,-0.4444444444444444
协创数据,2023-07-19,0.022799999999999997,-0.4444444444444444
协创数据,2023-07-17,0.026600000000000002,-0.4444444444444444
协创数据,2023-07-14,0.029900000000000003,-0.4444444444444444
协创数据,2023-07-13,0.0189,-0.4444444444444444
普冉股份,2023-07-17,0.025099999999999997,-0.44610778443113763
普冉股份,2023-07-14,0.0287,-0.44610778443113763
普冉股份,2023-07-13,0.0404,-0.44610778443113763
普冉股份,2023-07-12,0.0334,-0.44610778443113763
普冉股份,2023-07-19,0.018500000000000003,-0.44610778443113763
科蓝软件,2023-08-14,0.0229,-0.44666666666666666
科蓝软件,2023-08-04,0.03,-0.44666666666666666
科蓝软件,2023-08-16,0.023700000000000002,-0.44666666666666666
科蓝软件,2023-08-11,0.0317,-0.44666666666666666
科蓝软件,2023-08-10,0.0311,-0.44666666666666666
科蓝软件,2023-08-09,0.027200000000000002,-0.44666666666666666
科蓝软件,2023-08-18,0.0166,-0.44666666666666666
科蓝软件,2023-08-08,0.024700000000000003,-0.44666666666666666
科蓝软件,2023-08-07,0.0298,-0.44666666666666666
科蓝软件,2023-08-15,0.0232,-0.44666666666666666
方正科技,2023-08-16,0.011200000000000002,-0.4482758620689654
方正科技,2023-07-14,0.0432,-0.4482758620689654
方正科技,2023-07-17,0.0352,-0.4482758620689654
方正科技,2023-08-04,0.011399999999999999,-0.4482758620689654
方正科技,2023-07-12,0.0203,-0.4482758620689654
方正科技,2023-07-19,0.0381,-0.4482758620689654
方正科技,2023-07-26,0.0189,-0.4482758620689654
方正科技,2023-07-24,0.0276,-0.4482758620689654
方正科技,2023-07-20,0.0352,-0.4482758620689654
方正科技,2023-07-13,0.031,-0.4482758620689654
方正科技,2023-07-21,0.0288,-0.4482758620689654
方正科技,2023-07-27,0.0187,-0.4482758620689654
方正科技,2023-07-28,0.0178,-0.4482758620689654
科创信息,2023-08-16,0.0273,-0.4496124031007752
科创信息,2023-08-21,0.0167,-0.4496124031007752
科创信息,2023-08-23,0.014199999999999999,-0.4496124031007752
科创信息,2023-08-18,0.0109,-0.4496124031007752
科创信息,2023-08-15,0.0316,-0.4496124031007752
科创信息,2023-08-11,0.0258,-0.4496124031007752
科创信息,2023-08-14,0.04650000000000001,-0.4496124031007752
大业股份,2023-07-17,0.0171,-0.45000000000000007
大业股份,2023-07-13,0.022000000000000002,-0.45000000000000007
大业股份,2023-07-14,0.0172,-0.45000000000000007
大业股份,2023-07-20,0.020499999999999997,-0.45000000000000007
大业股份,2023-07-19,0.0242,-0.45000000000000007
大业股份,2023-07-24,0.0146,-0.45000000000000007
大业股份,2023-07-21,0.0154,-0.45000000000000007
大业股份,2023-07-26,0.0121,-0.45000000000000007
华峰铝业,2023-08-04,0.013600000000000001,-0.4509803921568627
华峰铝业,2023-07-17,0.0134,-0.4509803921568627
华峰铝业,2023-07-12,0.0204,-0.4509803921568627
华峰铝业,2023-08-08,0.011200000000000002,-0.4509803921568627
华峰铝业,2023-07-14,0.0181,-0.4509803921568627
华峰铝业,2023-08-07,0.013500000000000002,-0.4509803921568627
华峰铝业,2023-07-13,0.0202,-0.4509803921568627
华峰铝业,2023-08-03,0.013600000000000001,-0.4509803921568627
宝胜股份,2023-08-01,0.018799999999999997,-0.452127659574468
宝胜股份,2023-08-07,0.0103,-0.452127659574468
宝胜股份,2023-08-02,0.0124,-0.452127659574468
华凯易佰,2023-07-17,0.0174,-0.4528301886792454
华凯易佰,2023-07-14,0.0316,-0.4528301886792454
华凯易佰,2023-07-12,0.0318,-0.4528301886792454
华凯易佰,2023-07-13,0.0379,-0.4528301886792454
光大同创,2023-07-19,0.0346,-0.4542586750788643
光大同创,2023-07-17,0.0347,-0.4542586750788643
光大同创,2023-07-12,0.0634,-0.4542586750788643
光大同创,2023-07-13,0.052199999999999996,-0.4542586750788643
光大同创,2023-07-14,0.0604,-0.4542586750788643
园林股份,2023-07-13,0.0182,-0.456989247311828
园林股份,2023-07-21,0.0101,-0.456989247311828
园林股份,2023-07-20,0.0147,-0.456989247311828
园林股份,2023-07-19,0.0176,-0.456989247311828
园林股份,2023-07-17,0.0161,-0.456989247311828
园林股份,2023-07-14,0.018000000000000002,-0.456989247311828
园林股份,2023-07-12,0.018600000000000002,-0.456989247311828
美邦服饰,2023-07-31,0.0248,-0.458041958041958
美邦服饰,2023-07-28,0.0206,-0.458041958041958
美邦服饰,2023-08-01,0.0155,-0.458041958041958
美邦服饰,2023-07-21,0.0286,-0.458041958041958
美邦服饰,2023-07-27,0.0259,-0.458041958041958
美邦服饰,2023-07-26,0.0203,-0.458041958041958
美邦服饰,2023-07-24,0.023799999999999998,-0.458041958041958
和远气体,2023-07-14,0.011000000000000001,-0.4607843137254902
和远气体,2023-07-13,0.0168,-0.4607843137254902
和远气体,2023-07-12,0.0204,-0.4607843137254902
准油股份,2023-07-21,0.013500000000000002,-0.46568627450980393
准油股份,2023-07-17,0.023700000000000002,-0.46568627450980393
准油股份,2023-07-13,0.023700000000000002,-0.46568627450980393
准油股份,2023-07-14,0.023700000000000002,-0.46568627450980393
准油股份,2023-07-12,0.0204,-0.46568627450980393
准油股份,2023-07-27,0.0109,-0.46568627450980393
准油股份,2023-07-20,0.0168,-0.46568627450980393
准油股份,2023-07-19,0.0233,-0.46568627450980393
准油股份,2023-07-26,0.0138,-0.46568627450980393
准油股份,2023-07-24,0.011699999999999999,-0.46568627450980393
安凯微,2023-07-17,0.030699999999999998,-0.46608695652173915
安凯微,2023-07-14,0.0575,-0.46608695652173915
安凯微,2023-07-13,0.0575,-0.46608695652173915
宏昌电子,2023-07-21,0.0151,-0.4676616915422884
宏昌电子,2023-07-20,0.0167,-0.4676616915422884
宏昌电子,2023-07-28,0.010700000000000001,-0.4676616915422884
宏昌电子,2023-07-14,0.020099999999999996,-0.4676616915422884
宏昌电子,2023-07-17,0.026099999999999998,-0.4676616915422884
宏昌电子,2023-07-19,0.022000000000000002,-0.4676616915422884
宏昌电子,2023-07-26,0.011699999999999999,-0.4676616915422884
宏昌电子,2023-07-24,0.0137,-0.4676616915422884
金地集团,2023-07-28,0.0232,-0.46982758620689646
金地集团,2023-07-31,0.0265,-0.46982758620689646
金地集团,2023-08-08,0.0149,-0.46982758620689646
金地集团,2023-08-01,0.025,-0.46982758620689646
金地集团,2023-08-02,0.028399999999999998,-0.46982758620689646
金地集团,2023-08-03,0.032400000000000005,-0.46982758620689646
金地集团,2023-08-04,0.026099999999999998,-0.46982758620689646
金地集团,2023-08-07,0.018500000000000003,-0.46982758620689646
金地集团,2023-08-10,0.0123,-0.46982758620689646
金地集团,2023-08-09,0.0129,-0.46982758620689646
北京君正,2023-07-28,0.013500000000000002,-0.47058823529411753
北京君正,2023-07-14,0.0363,-0.47058823529411753
北京君正,2023-07-13,0.0363,-0.47058823529411753
北京君正,2023-07-12,0.0255,-0.47058823529411753
北京君正,2023-07-19,0.0336,-0.47058823529411753
北京君正,2023-07-20,0.0302,-0.47058823529411753
北京君正,2023-07-21,0.0291,-0.47058823529411753
北京君正,2023-07-17,0.0363,-0.47058823529411753
北京君正,2023-07-26,0.028300000000000002,-0.47058823529411753
北京君正,2023-07-24,0.029300000000000003,-0.47058823529411753
北京君正,2023-07-27,0.013500000000000002,-0.47058823529411753
铖昌科技,2023-07-12,0.0276,-0.47101449275362317
铖昌科技,2023-07-13,0.0177,-0.47101449275362317
铖昌科技,2023-07-14,0.0146,-0.47101449275362317
宏源药业,2023-08-14,0.0663,-0.47227191413237923
宏源药业,2023-08-16,0.057300000000000004,-0.47227191413237923
宏源药业,2023-08-15,0.057300000000000004,-0.47227191413237923
宏源药业,2023-08-18,0.0453,-0.47227191413237923
宏源药业,2023-08-11,0.0559,-0.47227191413237923
宏源药业,2023-08-21,0.0313,-0.47227191413237923
宏源药业,2023-08-23,0.029500000000000002,-0.47227191413237923
亚华电子,2023-07-24,0.0199,-0.4723618090452262
亚华电子,2023-07-26,0.0124,-0.4723618090452262
亚华电子,2023-07-28,0.0105,-0.4723618090452262
熊猫乳品,2023-07-26,0.0141,-0.47263681592039786
熊猫乳品,2023-08-23,0.0106,-0.47263681592039786
熊猫乳品,2023-08-18,0.0226,-0.47263681592039786
熊猫乳品,2023-08-16,0.044500000000000005,-0.47263681592039786
熊猫乳品,2023-07-20,0.020099999999999996,-0.47263681592039786
熊猫乳品,2023-07-21,0.056799999999999996,-0.47263681592039786
熊猫乳品,2023-07-24,0.0373,-0.47263681592039786
镇洋发展,2023-07-12,0.022000000000000002,-0.4727272727272728
镇洋发展,2023-07-17,0.0116,-0.4727272727272728
镇洋发展,2023-07-13,0.0174,-0.4727272727272728
镇洋发展,2023-07-14,0.013500000000000002,-0.4727272727272728
镇洋发展,2023-07-19,0.0116,-0.4727272727272728
哈尔斯,2023-07-13,0.0206,-0.4752066115702479
哈尔斯,2023-07-12,0.0242,-0.4752066115702479
哈尔斯,2023-07-17,0.0127,-0.4752066115702479
皮阿诺,2023-08-10,0.023700000000000002,-0.47844827586206895
皮阿诺,2023-08-09,0.0253,-0.47844827586206895
皮阿诺,2023-08-08,0.019799999999999998,-0.47844827586206895
皮阿诺,2023-08-07,0.0181,-0.47844827586206895
皮阿诺,2023-08-11,0.0121,-0.47844827586206895
皮阿诺,2023-08-02,0.027000000000000003,-0.47844827586206895
皮阿诺,2023-08-03,0.026099999999999998,-0.47844827586206895
皮阿诺,2023-08-01,0.0232,-0.47844827586206895
皮阿诺,2023-07-31,0.0232,-0.47844827586206895
皮阿诺,2023-08-04,0.0199,-0.47844827586206895
诚邦股份,2023-07-12,0.0217,-0.47926267281105994
诚邦股份,2023-07-13,0.0194,-0.47926267281105994
诚邦股份,2023-07-19,0.0113,-0.47926267281105994
诚邦股份,2023-07-14,0.0128,-0.47926267281105994
诚邦股份,2023-07-17,0.016200000000000003,-0.47926267281105994
丛麟科技,2023-07-31,0.0144,-0.4801444043321299
丛麟科技,2023-07-28,0.0175,-0.4801444043321299
丛麟科技,2023-07-26,0.0277,-0.4801444043321299
丛麟科技,2023-07-27,0.0147,-0.4801444043321299
长江材料,2023-07-13,0.026099999999999998,-0.4811133200795229
长江材料,2023-07-12,0.050300000000000004,-0.4811133200795229
庄园牧场,2023-07-14,0.0229,-0.4821428571428572
庄园牧场,2023-07-17,0.0183,-0.4821428571428572
庄园牧场,2023-07-13,0.0229,-0.4821428571428572
庄园牧场,2023-07-12,0.022400000000000003,-0.4821428571428572
庄园牧场,2023-07-19,0.0102,-0.4821428571428572
庄园牧场,2023-07-21,0.0177,-0.4821428571428572
庄园牧场,2023-07-24,0.0161,-0.4821428571428572
庄园牧场,2023-07-27,0.0116,-0.4821428571428572
庄园牧场,2023-07-26,0.0143,-0.4821428571428572
杭州高新,2023-08-02,0.0104,-0.48416289592760187
杭州高新,2023-07-13,0.0146,-0.48416289592760187
杭州高新,2023-07-14,0.0124,-0.48416289592760187
杭州高新,2023-07-17,0.0116,-0.48416289592760187
杭州高新,2023-08-03,0.011399999999999999,-0.48416289592760187
杭州高新,2023-07-12,0.022099999999999998,-0.48416289592760187
胜利精密,2023-08-02,0.0235,-0.48510638297872344
胜利精密,2023-08-03,0.0121,-0.48510638297872344
炬申股份,2023-07-14,0.0141,-0.4869565217391304
炬申股份,2023-07-13,0.018500000000000003,-0.4869565217391304
炬申股份,2023-07-12,0.023,-0.4869565217391304
炬申股份,2023-08-01,0.0182,-0.4869565217391304
炬申股份,2023-08-07,0.0118,-0.4869565217391304
炬申股份,2023-08-04,0.0121,-0.4869565217391304
炬申股份,2023-08-03,0.0149,-0.4869565217391304
炬申股份,2023-08-02,0.0176,-0.4869565217391304
炬申股份,2023-07-19,0.011000000000000001,-0.4869565217391304
炬申股份,2023-07-20,0.0105,-0.4869565217391304
炬申股份,2023-07-21,0.0123,-0.4869565217391304
炬申股份,2023-07-24,0.013999999999999999,-0.4869565217391304
炬申股份,2023-07-26,0.0208,-0.4869565217391304
炬申股份,2023-07-27,0.0194,-0.4869565217391304
炬申股份,2023-07-28,0.0206,-0.4869565217391304
炬申股份,2023-07-31,0.0199,-0.4869565217391304
致欧科技,2023-07-12,0.024399999999999998,-0.4877049180327868
致欧科技,2023-07-13,0.0125,-0.4877049180327868
航天环宇,2023-07-12,0.07780000000000001,-0.48843187660668386
航天环宇,2023-07-14,0.0398,-0.48843187660668386
航天环宇,2023-07-13,0.054400000000000004,-0.48843187660668386
南极光,2023-07-17,0.025699999999999997,-0.4886877828054299
南极光,2023-07-14,0.022099999999999998,-0.4886877828054299
南极光,2023-07-19,0.0173,-0.4886877828054299
南极光,2023-07-20,0.0113,-0.4886877828054299
凌玮科技,2023-07-12,0.0259,-0.49034749034749037
凌玮科技,2023-07-13,0.0132,-0.49034749034749037
南大环境,2023-07-12,0.0364,-0.4917582417582417
南大环境,2023-07-14,0.026699999999999998,-0.4917582417582417
南大环境,2023-07-17,0.0323,-0.4917582417582417
南大环境,2023-08-23,0.018500000000000003,-0.4917582417582417
南大环境,2023-07-13,0.0268,-0.4917582417582417
瑞纳智能,2023-08-02,0.012199999999999999,-0.4925373134328357
瑞纳智能,2023-08-01,0.020099999999999996,-0.4925373134328357
瑞纳智能,2023-08-04,0.0102,-0.4925373134328357
索辰科技,2023-08-08,0.0231,-0.49350649350649356
索辰科技,2023-08-11,0.011699999999999999,-0.49350649350649356
索辰科技,2023-08-10,0.0204,-0.49350649350649356
索辰科技,2023-08-09,0.026699999999999998,-0.49350649350649356
丽臣实业,2023-07-19,0.0141,-0.4936170212765958
丽臣实业,2023-07-20,0.011899999999999999,-0.4936170212765958
丽臣实业,2023-07-13,0.0222,-0.4936170212765958
丽臣实业,2023-07-12,0.0235,-0.4936170212765958
丽臣实业,2023-07-14,0.0215,-0.4936170212765958
丽臣实业,2023-07-17,0.015700000000000002,-0.4936170212765958
百花医药,2023-07-13,0.030299999999999997,-0.49595687331536387
百花医药,2023-07-12,0.0371,-0.49595687331536387
百花医药,2023-07-17,0.026600000000000002,-0.49595687331536387
百花医药,2023-07-14,0.032400000000000005,-0.49595687331536387
百花医药,2023-07-21,0.023799999999999998,-0.49595687331536387
百花医药,2023-07-19,0.025099999999999997,-0.49595687331536387
百花医药,2023-07-20,0.0262,-0.49595687331536387
百花医药,2023-07-26,0.0187,-0.49595687331536387
百花医药,2023-07-24,0.023399999999999997,-0.49595687331536387
中集车辆,2023-07-12,0.0219,-0.49771689497716887
中集车辆,2023-07-13,0.011000000000000001,-0.49771689497716887
金钟股份,2023-07-13,0.0799,-0.5
金钟股份,2023-07-14,0.0913,-0.5
金钟股份,2023-07-19,0.043,-0.5
金钟股份,2023-07-17,0.0662,-0.5
工大高科,2023-07-12,0.0212,-0.5
工大高科,2023-07-13,0.0126,-0.5
工大高科,2023-07-14,0.010700000000000001,-0.5
工大高科,2023-07-17,0.011200000000000002,-0.5
工大高科,2023-07-19,0.0106,-0.5
金钟股份,2023-07-12,0.086,-0.5
航天软件,2023-08-07,0.0391,-0.5012787723785166
航天软件,2023-08-08,0.041100000000000005,-0.5012787723785166
航天软件,2023-08-09,0.039900000000000005,-0.5012787723785166
航天软件,2023-08-10,0.0195,-0.5012787723785166
鼎捷软件,2023-07-20,0.0297,-0.5016835016835017
鼎捷软件,2023-07-19,0.0297,-0.5016835016835017
鼎捷软件,2023-07-21,0.0276,-0.5016835016835017
鼎捷软件,2023-07-24,0.0183,-0.5016835016835017
鼎捷软件,2023-07-26,0.025,-0.5016835016835017
鼎捷软件,2023-07-27,0.020499999999999997,-0.5016835016835017
鼎捷软件,2023-07-31,0.0281,-0.5016835016835017
鼎捷软件,2023-08-01,0.0148,-0.5016835016835017
鼎捷软件,2023-07-28,0.0246,-0.5016835016835017
凌云股份,2023-07-28,0.0255,-0.5019607843137255
凌云股份,2023-07-31,0.0127,-0.5019607843137255
上声电子,2023-07-12,0.0383,-0.5039164490861618
上声电子,2023-07-13,0.019,-0.5039164490861618
满坤科技,2023-07-12,0.095,-0.5042105263157894
满坤科技,2023-07-13,0.0892,-0.5042105263157894
满坤科技,2023-07-19,0.0471,-0.5042105263157894
富春染织,2023-07-19,0.013500000000000002,-0.5054945054945055
富春染织,2023-07-17,0.013300000000000001,-0.5054945054945055
富春染织,2023-07-14,0.0158,-0.5054945054945055
富春染织,2023-07-13,0.0232,-0.5054945054945055
富春染织,2023-07-12,0.0273,-0.5054945054945055
亚光股份,2023-07-14,0.015600000000000001,-0.5125
亚光股份,2023-07-13,0.0245,-0.5125
亚光股份,2023-07-12,0.032,-0.5125
德昌股份,2023-07-13,0.0151,-0.5144694533762058
德昌股份,2023-07-12,0.0311,-0.5144694533762058
艾为电子,2023-07-17,0.0222,-0.5148936170212767
艾为电子,2023-07-26,0.0111,-0.5148936170212767
艾为电子,2023-08-23,0.011399999999999999,-0.5148936170212767
艾为电子,2023-07-24,0.014199999999999999,-0.5148936170212767
艾为电子,2023-07-12,0.0235,-0.5148936170212767
艾为电子,2023-07-13,0.0259,-0.5148936170212767
艾为电子,2023-07-19,0.0181,-0.5148936170212767
艾为电子,2023-07-20,0.0182,-0.5148936170212767
艾为电子,2023-07-21,0.017,-0.5148936170212767
艾为电子,2023-07-14,0.0227,-0.5148936170212767
艾为电子,2023-08-21,0.012,-0.5148936170212767
艾为电子,2023-08-16,0.0149,-0.5148936170212767
艾为电子,2023-08-15,0.0149,-0.5148936170212767
艾为电子,2023-08-14,0.0152,-0.5148936170212767
艾为电子,2023-08-11,0.0126,-0.5148936170212767
艾为电子,2023-08-10,0.011000000000000001,-0.5148936170212767
艾为电子,2023-08-18,0.0128,-0.5148936170212767
宁波方正,2023-07-17,0.025699999999999997,-0.5149700598802394
宁波方正,2023-08-01,0.0353,-0.5149700598802394
宁波方正,2023-07-13,0.028999999999999998,-0.5149700598802394
宁波方正,2023-07-14,0.026000000000000002,-0.5149700598802394
宁波方正,2023-07-21,0.012199999999999999,-0.5149700598802394
宁波方正,2023-07-19,0.0194,-0.5149700598802394
宁波方正,2023-07-20,0.0104,-0.5149700598802394
宁波方正,2023-07-24,0.0115,-0.5149700598802394
宁波方正,2023-07-28,0.0111,-0.5149700598802394
宁波方正,2023-08-03,0.0579,-0.5149700598802394
宁波方正,2023-08-02,0.0475,-0.5149700598802394
宁波方正,2023-07-12,0.0334,-0.5149700598802394
宁波方正,2023-08-18,0.031,-0.5149700598802394
宁波方正,2023-08-16,0.026600000000000002,-0.5149700598802394
宁波方正,2023-08-08,0.08929999999999999,-0.5149700598802394
宁波方正,2023-08-07,0.0696,-0.5149700598802394
宁波方正,2023-08-04,0.07200000000000001,-0.5149700598802394
宁波方正,2023-08-10,0.0802,-0.5149700598802394
宁波方正,2023-08-11,0.055,-0.5149700598802394
宁波方正,2023-08-09,0.08929999999999999,-0.5149700598802394
宁波方正,2023-08-14,0.0556,-0.5149700598802394
宁波方正,2023-08-21,0.016200000000000003,-0.5149700598802394
宁波方正,2023-08-15,0.0368,-0.5149700598802394
汇金股份,2023-08-21,0.0215,-0.5162790697674419
汇金股份,2023-08-23,0.0104,-0.5162790697674419
仁智股份,2023-07-24,0.0128,-0.5183673469387755
仁智股份,2023-07-26,0.0187,-0.5183673469387755
仁智股份,2023-07-17,0.0161,-0.5183673469387755
仁智股份,2023-07-27,0.0118,-0.5183673469387755
仁智股份,2023-07-12,0.0245,-0.5183673469387755
仁智股份,2023-07-21,0.0149,-0.5183673469387755
仁智股份,2023-07-20,0.0115,-0.5183673469387755
仁智股份,2023-07-19,0.0161,-0.5183673469387755
仁智股份,2023-07-13,0.024,-0.5183673469387755
仁智股份,2023-07-14,0.0197,-0.5183673469387755
霍普股份,2023-07-14,0.0291,-0.5188172043010754
霍普股份,2023-07-19,0.0255,-0.5188172043010754
霍普股份,2023-07-21,0.0179,-0.5188172043010754
霍普股份,2023-07-20,0.020099999999999996,-0.5188172043010754
霍普股份,2023-07-13,0.0331,-0.5188172043010754
霍普股份,2023-07-17,0.0258,-0.5188172043010754
霍普股份,2023-07-12,0.037200000000000004,-0.5188172043010754
华锡有色,2023-07-12,0.0316,-0.518987341772152
华锡有色,2023-07-17,0.0152,-0.518987341772152
华锡有色,2023-07-14,0.0252,-0.518987341772152
华锡有色,2023-07-13,0.0447,-0.518987341772152
优彩资源,2023-07-28,0.0253,-0.5214521452145214
优彩资源,2023-07-20,0.0356,-0.5214521452145214
优彩资源,2023-07-31,0.0219,-0.5214521452145214
优彩资源,2023-07-24,0.0366,-0.5214521452145214
优彩资源,2023-07-21,0.0342,-0.5214521452145214
优彩资源,2023-07-12,0.030299999999999997,-0.5214521452145214
优彩资源,2023-07-13,0.029900000000000003,-0.5214521452145214
优彩资源,2023-07-14,0.027999999999999997,-0.5214521452145214
优彩资源,2023-07-17,0.030899999999999997,-0.5214521452145214
优彩资源,2023-07-19,0.032,-0.5214521452145214
优彩资源,2023-07-27,0.0269,-0.5214521452145214
优彩资源,2023-07-26,0.0405,-0.5214521452145214
优彩资源,2023-08-01,0.021,-0.5214521452145214
优彩资源,2023-08-03,0.014499999999999999,-0.5214521452145214
优彩资源,2023-08-02,0.0179,-0.5214521452145214
模塑科技,2023-08-02,0.023,-0.5223880597014925
模塑科技,2023-07-19,0.016200000000000003,-0.5223880597014925
模塑科技,2023-08-10,0.0128,-0.5223880597014925
模塑科技,2023-08-09,0.0173,-0.5223880597014925
模塑科技,2023-08-03,0.0163,-0.5223880597014925
模塑科技,2023-07-12,0.0268,-0.5223880597014925
模塑科技,2023-07-31,0.0197,-0.5223880597014925
模塑科技,2023-07-28,0.012,-0.5223880597014925
模塑科技,2023-08-01,0.017,-0.5223880597014925
模塑科技,2023-07-17,0.0222,-0.5223880597014925
模塑科技,2023-07-14,0.0217,-0.5223880597014925
模塑科技,2023-07-13,0.025099999999999997,-0.5223880597014925
模塑科技,2023-08-08,0.0338,-0.5223880597014925
模塑科技,2023-08-07,0.0362,-0.5223880597014925
模塑科技,2023-08-04,0.0217,-0.5223880597014925
赛维时代,2023-07-17,0.0308,-0.5227655986509274
赛维时代,2023-07-12,0.0593,-0.5227655986509274
赛维时代,2023-08-08,0.028300000000000002,-0.5227655986509274
赛维时代,2023-07-13,0.0199,-0.5227655986509274
赛维时代,2023-07-14,0.0308,-0.5227655986509274
赛维时代,2023-08-07,0.0574,-0.5227655986509274
赛维时代,2023-07-19,0.0134,-0.5227655986509274
四川黄金,2023-07-21,0.0137,-0.5254237288135593
四川黄金,2023-07-24,0.011200000000000002,-0.5254237288135593
四川黄金,2023-07-19,0.0236,-0.5254237288135593
四川黄金,2023-07-20,0.027999999999999997,-0.5254237288135593
奥比中光,2023-07-12,0.023399999999999997,-0.5256410256410255
奥比中光,2023-08-07,0.010700000000000001,-0.5256410256410255
奥比中光,2023-08-09,0.0111,-0.5256410256410255
奥比中光,2023-08-08,0.010700000000000001,-0.5256410256410255
奥比中光,2023-07-17,0.0184,-0.5256410256410255
奥比中光,2023-07-14,0.0174,-0.5256410256410255
永悦科技,2023-07-19,0.04650000000000001,-0.5259938837920489
永悦科技,2023-07-26,0.0347,-0.5259938837920489
永悦科技,2023-07-28,0.0155,-0.5259938837920489
永悦科技,2023-07-27,0.0282,-0.5259938837920489
永悦科技,2023-07-24,0.038900000000000004,-0.5259938837920489
永悦科技,2023-07-21,0.037000000000000005,-0.5259938837920489
永悦科技,2023-07-14,0.0646,-0.5259938837920489
永悦科技,2023-07-13,0.056799999999999996,-0.5259938837920489
永悦科技,2023-07-12,0.0327,-0.5259938837920489
永悦科技,2023-07-20,0.038,-0.5259938837920489
永悦科技,2023-07-17,0.0637,-0.5259938837920489
珠海冠宇,2023-07-17,0.0111,-0.5263157894736841
珠海冠宇,2023-07-20,0.0108,-0.5263157894736841
珠海冠宇,2023-07-14,0.0139,-0.5263157894736841
珠海冠宇,2023-07-24,0.014199999999999999,-0.5263157894736841
珠海冠宇,2023-07-13,0.018600000000000002,-0.5263157894736841
珠海冠宇,2023-07-26,0.0148,-0.5263157894736841
珠海冠宇,2023-07-27,0.0113,-0.5263157894736841
珠海冠宇,2023-08-01,0.012,-0.5263157894736841
珠海冠宇,2023-08-02,0.0128,-0.5263157894736841
珠海冠宇,2023-08-03,0.0123,-0.5263157894736841
珠海冠宇,2023-08-04,0.0108,-0.5263157894736841
珠海冠宇,2023-07-19,0.011699999999999999,-0.5263157894736841
珠海冠宇,2023-07-12,0.022799999999999997,-0.5263157894736841
金富科技,2023-07-28,0.0101,-0.5263157894736843
金富科技,2023-07-13,0.024399999999999998,-0.5263157894736843
金富科技,2023-07-17,0.0165,-0.5263157894736843
金富科技,2023-07-14,0.0179,-0.5263157894736843
金富科技,2023-07-19,0.014499999999999999,-0.5263157894736843
金富科技,2023-07-20,0.012,-0.5263157894736843
金富科技,2023-07-21,0.0102,-0.5263157894736843
金富科技,2023-07-26,0.0102,-0.5263157894736843
金富科技,2023-07-12,0.0323,-0.5263157894736843
金富科技,2023-07-27,0.0115,-0.5263157894736843
金富科技,2023-07-31,0.0108,-0.5263157894736843
金富科技,2023-08-23,0.015300000000000001,-0.5263157894736843
一鸣食品,2023-07-24,0.014199999999999999,-0.5279720279720279
一鸣食品,2023-07-19,0.026099999999999998,-0.5279720279720279
一鸣食品,2023-07-17,0.026099999999999998,-0.5279720279720279
一鸣食品,2023-07-31,0.013500000000000002,-0.5279720279720279
一鸣食品,2023-07-13,0.029500000000000002,-0.5279720279720279
一鸣食品,2023-07-14,0.0287,-0.5279720279720279
一鸣食品,2023-07-26,0.0109,-0.5279720279720279
一鸣食品,2023-07-12,0.0286,-0.5279720279720279
一鸣食品,2023-07-21,0.0246,-0.5279720279720279
福莱蒽特,2023-07-21,0.0187,-0.5280373831775702
福莱蒽特,2023-07-17,0.020499999999999997,-0.5280373831775702
福莱蒽特,2023-07-12,0.021400000000000002,-0.5280373831775702
福莱蒽特,2023-07-20,0.0169,-0.5280373831775702
福莱蒽特,2023-07-13,0.0166,-0.5280373831775702
福莱蒽特,2023-07-31,0.0101,-0.5280373831775702
福莱蒽特,2023-07-14,0.0187,-0.5280373831775702
福莱蒽特,2023-07-28,0.0128,-0.5280373831775702
福莱蒽特,2023-07-27,0.013600000000000001,-0.5280373831775702
福莱蒽特,2023-07-26,0.0148,-0.5280373831775702
福莱蒽特,2023-07-24,0.015700000000000002,-0.5280373831775702
福莱蒽特,2023-07-19,0.0195,-0.5280373831775702
博菲电气,2023-07-14,0.0179,-0.5286783042394014
博菲电气,2023-07-13,0.0229,-0.5286783042394014
博菲电气,2023-07-12,0.0401,-0.5286783042394014
博菲电气,2023-07-17,0.0189,-0.5286783042394014
湖南裕能,2023-07-19,0.0659,-0.5288574793875147
湖南裕能,2023-07-21,0.056299999999999996,-0.5288574793875147
湖南裕能,2023-07-20,0.0576,-0.5288574793875147
湖南裕能,2023-07-24,0.0567,-0.5288574793875147
湖南裕能,2023-07-26,0.04,-0.5288574793875147
湖南裕能,2023-07-17,0.0756,-0.5288574793875147
湖南裕能,2023-07-14,0.066,-0.5288574793875147
湖南裕能,2023-07-13,0.0857,-0.5288574793875147
湖南裕能,2023-07-12,0.0849,-0.5288574793875147
长盛轴承,2023-07-14,0.0111,-0.5322033898305085
长盛轴承,2023-07-17,0.0138,-0.5322033898305085
长盛轴承,2023-07-12,0.029500000000000002,-0.5322033898305085
朗威股份,2023-08-10,0.0339,-0.5339233038348081
朗威股份,2023-08-11,0.0158,-0.5339233038348081
金太阳,2023-07-14,0.032400000000000005,-0.5339506172839507
金太阳,2023-07-17,0.0374,-0.5339506172839507
金太阳,2023-07-20,0.0151,-0.5339506172839507
金太阳,2023-07-19,0.0374,-0.5339506172839507
恒大高新,2023-07-17,0.0139,-0.53515625
恒大高新,2023-07-12,0.0256,-0.53515625
恒大高新,2023-07-13,0.021400000000000002,-0.53515625
恒大高新,2023-07-14,0.0111,-0.53515625
恒大高新,2023-07-19,0.011899999999999999,-0.53515625
仟源医药,2023-07-14,0.044199999999999996,-0.5400624349635796
仟源医药,2023-07-13,0.08039999999999999,-0.5400624349635796
仟源医药,2023-07-12,0.09609999999999999,-0.5400624349635796
均普智能,2023-07-12,0.023399999999999997,-0.5427350427350426
均普智能,2023-07-13,0.013500000000000002,-0.5427350427350426
均普智能,2023-07-14,0.010700000000000001,-0.5427350427350426
金百泽,2023-07-20,0.0134,-0.5454545454545454
金百泽,2023-07-19,0.0131,-0.5454545454545454
金百泽,2023-08-07,0.0105,-0.5454545454545454
金百泽,2023-07-12,0.0231,-0.5454545454545454
金百泽,2023-07-13,0.0152,-0.5454545454545454
金百泽,2023-07-14,0.024,-0.5454545454545454
金百泽,2023-07-17,0.0215,-0.5454545454545454
华生科技,2023-07-12,0.0359,-0.5487465181058495
华生科技,2023-07-13,0.0296,-0.5487465181058495
华生科技,2023-07-19,0.014199999999999999,-0.5487465181058495
华生科技,2023-07-17,0.017,-0.5487465181058495
华生科技,2023-07-14,0.0226,-0.5487465181058495
华生科技,2023-07-20,0.0141,-0.5487465181058495
华生科技,2023-07-24,0.0141,-0.5487465181058495
华生科技,2023-07-21,0.015600000000000001,-0.5487465181058495
华生科技,2023-07-26,0.016200000000000003,-0.5487465181058495
德明利,2023-07-31,0.010700000000000001,-0.553191489361702
德明利,2023-07-13,0.026699999999999998,-0.553191489361702
德明利,2023-08-01,0.0168,-0.553191489361702
德明利,2023-07-12,0.037599999999999995,-0.553191489361702
神农集团,2023-07-12,0.0231,-0.5541125541125541
神农集团,2023-07-14,0.02,-0.5541125541125541
神农集团,2023-08-04,0.0103,-0.5541125541125541
神农集团,2023-08-03,0.011000000000000001,-0.5541125541125541
神农集团,2023-07-20,0.011899999999999999,-0.5541125541125541
神农集团,2023-07-19,0.0182,-0.5541125541125541
神农集团,2023-07-17,0.0184,-0.5541125541125541
神农集团,2023-07-13,0.0227,-0.5541125541125541
华融化学,2023-07-14,0.0258,-0.5543478260869565
华融化学,2023-08-23,0.020499999999999997,-0.5543478260869565
华融化学,2023-07-12,0.046,-0.5543478260869565
华融化学,2023-07-13,0.0369,-0.5543478260869565
天山电子,2023-07-17,0.02,-0.5545657015590201
天山电子,2023-07-14,0.0326,-0.5545657015590201
天山电子,2023-07-13,0.0567,-0.5545657015590201
天山电子,2023-07-12,0.0449,-0.5545657015590201
智迪科技,2023-07-19,0.016399999999999998,-0.5579514824797844
智迪科技,2023-07-17,0.0371,-0.5579514824797844
禾望电气,2023-07-13,0.0239,-0.5596026490066225
禾望电气,2023-07-14,0.013300000000000001,-0.5596026490066225
禾望电气,2023-07-12,0.0302,-0.5596026490066225
瑞联新材,2023-07-14,0.0169,-0.5598958333333333
瑞联新材,2023-07-13,0.039599999999999996,-0.5598958333333333
瑞联新材,2023-07-12,0.0384,-0.5598958333333333
宁波富邦,2023-07-14,0.0161,-0.5642023346303501
宁波富邦,2023-07-13,0.022000000000000002,-0.5642023346303501
宁波富邦,2023-07-17,0.011200000000000002,-0.5642023346303501
宁波富邦,2023-07-12,0.025699999999999997,-0.5642023346303501
上海三毛,2023-07-12,0.031,-0.564516129032258
上海三毛,2023-07-13,0.0271,-0.564516129032258
上海三毛,2023-07-14,0.0181,-0.564516129032258
上海三毛,2023-07-17,0.013500000000000002,-0.564516129032258
大洋生物,2023-07-17,0.0147,-0.5695364238410596
大洋生物,2023-07-12,0.0302,-0.5695364238410596
大洋生物,2023-07-14,0.015300000000000001,-0.5695364238410596
大洋生物,2023-07-13,0.0197,-0.5695364238410596
大洋生物,2023-07-19,0.013000000000000001,-0.5695364238410596
箭牌家居,2023-07-28,0.05,-0.5698529411764707
箭牌家居,2023-07-26,0.0147,-0.5698529411764707
箭牌家居,2023-07-21,0.0281,-0.5698529411764707
箭牌家居,2023-08-10,0.011699999999999999,-0.5698529411764707
箭牌家居,2023-08-01,0.0455,-0.5698529411764707
箭牌家居,2023-07-20,0.027200000000000002,-0.5698529411764707
箭牌家居,2023-08-03,0.0331,-0.5698529411764707
箭牌家居,2023-08-02,0.0374,-0.5698529411764707
箭牌家居,2023-07-31,0.0478,-0.5698529411764707
瑞晨环保,2023-07-14,0.0124,-0.5738831615120275
瑞晨环保,2023-07-13,0.0151,-0.5738831615120275
瑞晨环保,2023-07-12,0.0291,-0.5738831615120275
贝肯能源,2023-07-12,0.034300000000000004,-0.577259475218659
贝肯能源,2023-07-13,0.0355,-0.577259475218659
贝肯能源,2023-07-20,0.024900000000000002,-0.577259475218659
贝肯能源,2023-08-01,0.014499999999999999,-0.577259475218659
贝肯能源,2023-07-31,0.0118,-0.577259475218659
贝肯能源,2023-07-27,0.0121,-0.577259475218659
贝肯能源,2023-07-26,0.013999999999999999,-0.577259475218659
贝肯能源,2023-07-21,0.0208,-0.577259475218659
贝肯能源,2023-07-24,0.015300000000000001,-0.577259475218659
贝肯能源,2023-07-19,0.024900000000000002,-0.577259475218659
贝肯能源,2023-07-14,0.0369,-0.577259475218659
贝肯能源,2023-07-17,0.0319,-0.577259475218659
固高科技,2023-08-15,0.067,-0.5776119402985074
固高科技,2023-08-23,0.028300000000000002,-0.5776119402985074
固高科技,2023-08-16,0.067,-0.5776119402985074
固高科技,2023-08-21,0.028300000000000002,-0.5776119402985074
固高科技,2023-08-18,0.0363,-0.5776119402985074
福立旺,2023-07-17,0.042199999999999994,-0.5806451612903226
福立旺,2023-07-14,0.0507,-0.5806451612903226
福立旺,2023-07-13,0.0496,-0.5806451612903226
福立旺,2023-07-12,0.04650000000000001,-0.5806451612903226
福立旺,2023-07-19,0.0195,-0.5806451612903226
恒烁股份,2023-07-17,0.0393,-0.581679389312977
恒烁股份,2023-07-13,0.0983,-0.581679389312977
恒烁股份,2023-07-12,0.0655,-0.581679389312977
恒烁股份,2023-07-14,0.0525,-0.581679389312977
恒烁股份,2023-07-19,0.0274,-0.581679389312977
锦富技术,2023-07-12,0.053099999999999994,-0.583804143126177
锦富技术,2023-07-17,0.0223,-0.583804143126177
锦富技术,2023-07-14,0.022400000000000003,-0.583804143126177
锦富技术,2023-07-19,0.022099999999999998,-0.583804143126177
锦富技术,2023-07-13,0.0392,-0.583804143126177
联创电子,2023-07-17,0.0126,-0.5855263157894737
联创电子,2023-07-14,0.0168,-0.5855263157894737
联创电子,2023-07-12,0.0304,-0.5855263157894737
联创电子,2023-07-13,0.011200000000000002,-0.5855263157894737
江淮汽车,2023-07-12,0.029900000000000003,-0.5886287625418061
江淮汽车,2023-07-14,0.0217,-0.5886287625418061
江淮汽车,2023-07-17,0.0123,-0.5886287625418061
江淮汽车,2023-07-13,0.0286,-0.5886287625418061
东芯股份,2023-07-12,0.0297,-0.5925925925925926
东芯股份,2023-07-17,0.0236,-0.5925925925925926
东芯股份,2023-07-13,0.0478,-0.5925925925925926
东芯股份,2023-07-19,0.0189,-0.5925925925925926
东芯股份,2023-07-26,0.0121,-0.5925925925925926
东芯股份,2023-07-14,0.0253,-0.5925925925925926
潜能恒信,2023-07-17,0.011200000000000002,-0.5927272727272727
潜能恒信,2023-07-14,0.024,-0.5927272727272727
潜能恒信,2023-07-13,0.0274,-0.5927272727272727
潜能恒信,2023-07-12,0.0275,-0.5927272727272727
三湘印象,2023-07-27,0.0265,-0.5962264150943395
三湘印象,2023-07-31,0.022400000000000003,-0.5962264150943395
三湘印象,2023-07-28,0.021400000000000002,-0.5962264150943395
三湘印象,2023-08-03,0.026000000000000002,-0.5962264150943395
三湘印象,2023-08-01,0.019799999999999998,-0.5962264150943395
三湘印象,2023-08-02,0.026099999999999998,-0.5962264150943395
三湘印象,2023-08-04,0.019799999999999998,-0.5962264150943395
三湘印象,2023-08-07,0.010700000000000001,-0.5962264150943395
南天信息,2023-08-15,0.014499999999999999,-0.5964391691394659
南天信息,2023-08-14,0.0304,-0.5964391691394659
南天信息,2023-08-16,0.013600000000000001,-0.5964391691394659
南天信息,2023-08-11,0.0223,-0.5964391691394659
南天信息,2023-08-10,0.0337,-0.5964391691394659
均胜电子,2023-07-12,0.0262,-0.5992366412213741
均胜电子,2023-07-26,0.0105,-0.5992366412213741
均胜电子,2023-07-13,0.0227,-0.5992366412213741
均胜电子,2023-07-14,0.0155,-0.5992366412213741
均胜电子,2023-07-17,0.0212,-0.5992366412213741
均胜电子,2023-07-19,0.0125,-0.5992366412213741
均胜电子,2023-07-20,0.0137,-0.5992366412213741
均胜电子,2023-07-21,0.0103,-0.5992366412213741
均胜电子,2023-07-24,0.0134,-0.5992366412213741
南华仪器,2023-07-14,0.019,-0.5993690851735016
南华仪器,2023-07-17,0.0166,-0.5993690851735016
南华仪器,2023-07-19,0.0127,-0.5993690851735016
南华仪器,2023-07-13,0.0262,-0.5993690851735016
南华仪器,2023-07-12,0.0317,-0.5993690851735016
中自科技,2023-07-14,0.025099999999999997,-0.6106870229007633
中自科技,2023-08-02,0.0102,-0.6106870229007633
中自科技,2023-07-17,0.022799999999999997,-0.6106870229007633
中自科技,2023-07-19,0.0202,-0.6106870229007633
中自科技,2023-07-13,0.0296,-0.6106870229007633
中自科技,2023-07-12,0.0262,-0.6106870229007633
中自科技,2023-07-26,0.012,-0.6106870229007633
中自科技,2023-07-20,0.018799999999999997,-0.6106870229007633
维科精密,2023-07-27,0.0405,-0.6119402985074627
维科精密,2023-07-21,0.0268,-0.6119402985074627
维科精密,2023-07-28,0.0512,-0.6119402985074627
维科精密,2023-08-02,0.019,-0.6119402985074627
维科精密,2023-08-03,0.0104,-0.6119402985074627
维科精密,2023-07-31,0.0431,-0.6119402985074627
贵州轮胎,2023-07-14,0.024399999999999998,-0.6140350877192983
贵州轮胎,2023-07-20,0.0161,-0.6140350877192983
贵州轮胎,2023-07-17,0.0262,-0.6140350877192983
贵州轮胎,2023-07-19,0.0161,-0.6140350877192983
贵州轮胎,2023-07-21,0.0163,-0.6140350877192983
贵州轮胎,2023-07-24,0.0138,-0.6140350877192983
贵州轮胎,2023-07-26,0.0132,-0.6140350877192983
贵州轮胎,2023-07-13,0.0318,-0.6140350877192983
贵州轮胎,2023-07-12,0.0342,-0.6140350877192983
南方精工,2023-07-13,0.0638,-0.614853195164076
南方精工,2023-07-20,0.0223,-0.614853195164076
南方精工,2023-07-12,0.0579,-0.614853195164076
南方精工,2023-07-14,0.0285,-0.614853195164076
南方精工,2023-07-17,0.031,-0.614853195164076
南方精工,2023-07-19,0.045,-0.614853195164076
索菱股份,2023-07-19,0.0206,-0.6167247386759582
索菱股份,2023-07-13,0.029500000000000002,-0.6167247386759582
索菱股份,2023-07-20,0.011000000000000001,-0.6167247386759582
索菱股份,2023-07-21,0.011000000000000001,-0.6167247386759582
索菱股份,2023-07-14,0.0273,-0.6167247386759582
索菱股份,2023-07-17,0.0235,-0.6167247386759582
索菱股份,2023-07-12,0.0287,-0.6167247386759582
华斯股份,2023-07-28,0.0166,-0.617363344051447
华斯股份,2023-07-24,0.0104,-0.617363344051447
华斯股份,2023-08-01,0.0118,-0.617363344051447
华斯股份,2023-07-21,0.0127,-0.617363344051447
华斯股份,2023-07-20,0.0127,-0.617363344051447
华斯股份,2023-07-14,0.024,-0.617363344051447
华斯股份,2023-07-17,0.0204,-0.617363344051447
华斯股份,2023-07-31,0.0175,-0.617363344051447
华斯股份,2023-07-27,0.013600000000000001,-0.617363344051447
华斯股份,2023-08-02,0.0118,-0.617363344051447
华斯股份,2023-08-03,0.011899999999999999,-0.617363344051447
华斯股份,2023-07-19,0.0155,-0.617363344051447
华斯股份,2023-07-13,0.027200000000000002,-0.617363344051447
华斯股份,2023-07-12,0.0311,-0.617363344051447
泰慕士,2023-08-21,0.0823,-0.6177049180327869
泰慕士,2023-08-16,0.134,-0.6177049180327869
泰慕士,2023-08-23,0.0583,-0.6177049180327869
泰慕士,2023-08-15,0.1291,-0.6177049180327869
泰慕士,2023-08-14,0.1336,-0.6177049180327869
泰慕士,2023-08-11,0.16469999999999999,-0.6177049180327869
泰慕士,2023-08-08,0.217,-0.6177049180327869
泰慕士,2023-08-18,0.1017,-0.6177049180327869
泰慕士,2023-07-31,0.0684,-0.6177049180327869
泰慕士,2023-08-09,0.2096,-0.6177049180327869
泰慕士,2023-08-07,0.2182,-0.6177049180327869
泰慕士,2023-08-02,0.1009,-0.6177049180327869
泰慕士,2023-07-28,0.046799999999999994,-0.6177049180327869
泰慕士,2023-07-27,0.0262,-0.6177049180327869
泰慕士,2023-08-03,0.1562,-0.6177049180327869
泰慕士,2023-07-20,0.0208,-0.6177049180327869
泰慕士,2023-07-19,0.0208,-0.6177049180327869
泰慕士,2023-08-10,0.18239999999999998,-0.6177049180327869
泰慕士,2023-07-17,0.0915,-0.6177049180327869
泰慕士,2023-07-14,0.1168,-0.6177049180327869
泰慕士,2023-07-13,0.1168,-0.6177049180327869
泰慕士,2023-07-12,0.1525,-0.6177049180327869
泰慕士,2023-08-01,0.0874,-0.6177049180327869
泰慕士,2023-08-04,0.1833,-0.6177049180327869
普利特,2023-07-12,0.0288,-0.6180555555555556
普利特,2023-07-14,0.011000000000000001,-0.6180555555555556
普利特,2023-07-13,0.0206,-0.6180555555555556
蕾奥规划,2023-07-26,0.0395,-0.6203966005665722
蕾奥规划,2023-07-31,0.0362,-0.6203966005665722
蕾奥规划,2023-07-21,0.0353,-0.6203966005665722
蕾奥规划,2023-07-27,0.0395,-0.6203966005665722
蕾奥规划,2023-07-28,0.0395,-0.6203966005665722
蕾奥规划,2023-08-01,0.0134,-0.6203966005665722
蕾奥规划,2023-07-24,0.0735,-0.6203966005665722
三博脑科,2023-08-16,0.014499999999999999,-0.6233766233766234
三博脑科,2023-08-15,0.0147,-0.6233766233766234
三博脑科,2023-08-11,0.0385,-0.6233766233766234
三博脑科,2023-08-14,0.021099999999999997,-0.6233766233766234
德邦科技,2023-07-20,0.038,-0.625615763546798
德邦科技,2023-07-21,0.051699999999999996,-0.625615763546798
德邦科技,2023-07-24,0.022799999999999997,-0.625615763546798
德邦科技,2023-07-26,0.0152,-0.625615763546798
德邦科技,2023-07-17,0.0385,-0.625615763546798
德邦科技,2023-07-14,0.0458,-0.625615763546798
德邦科技,2023-07-13,0.0406,-0.625615763546798
德邦科技,2023-07-19,0.0576,-0.625615763546798
天普股份,2023-07-14,0.025099999999999997,-0.627177700348432
天普股份,2023-07-17,0.0291,-0.627177700348432
天普股份,2023-07-19,0.010700000000000001,-0.627177700348432
天普股份,2023-07-12,0.0287,-0.627177700348432
天普股份,2023-07-13,0.028999999999999998,-0.627177700348432
岱勒新材,2023-07-17,0.030600000000000002,-0.6276041666666666
岱勒新材,2023-07-12,0.0384,-0.6276041666666666
岱勒新材,2023-07-26,0.0143,-0.6276041666666666
岱勒新材,2023-07-24,0.026600000000000002,-0.6276041666666666
岱勒新材,2023-07-21,0.029300000000000003,-0.6276041666666666
岱勒新材,2023-07-20,0.026600000000000002,-0.6276041666666666
岱勒新材,2023-07-19,0.026000000000000002,-0.6276041666666666
岱勒新材,2023-07-14,0.0418,-0.6276041666666666
岱勒新材,2023-07-13,0.0363,-0.6276041666666666
香农芯创,2023-07-12,0.027999999999999997,-0.6321428571428571
香农芯创,2023-07-14,0.0262,-0.6321428571428571
香农芯创,2023-07-17,0.0241,-0.6321428571428571
香农芯创,2023-07-19,0.0103,-0.6321428571428571
香农芯创,2023-07-13,0.031,-0.6321428571428571
金春股份,2023-07-13,0.023399999999999997,-0.6327160493827162
金春股份,2023-07-21,0.011899999999999999,-0.6327160493827162
金春股份,2023-07-12,0.032400000000000005,-0.6327160493827162
圣泉集团,2023-07-31,0.0202,-0.6327272727272728
圣泉集团,2023-07-28,0.032,-0.6327272727272728
圣泉集团,2023-07-27,0.0381,-0.6327272727272728
圣泉集团,2023-07-26,0.0518,-0.6327272727272728
圣泉集团,2023-07-21,0.0592,-0.6327272727272728
圣泉集团,2023-07-20,0.0774,-0.6327272727272728
圣泉集团,2023-07-24,0.0518,-0.6327272727272728
圣泉集团,2023-07-19,0.0891,-0.6327272727272728
圣泉集团,2023-07-17,0.09269999999999999,-0.6327272727272728
圣泉集团,2023-07-14,0.09029999999999999,-0.6327272727272728
圣泉集团,2023-07-13,0.0667,-0.6327272727272728
圣泉集团,2023-07-12,0.055,-0.6327272727272728
深科达,2023-07-13,0.0197,-0.6358267716535433
深科达,2023-07-19,0.0147,-0.6358267716535433
深科达,2023-07-20,0.0147,-0.6358267716535433
深科达,2023-07-21,0.018500000000000003,-0.6358267716535433
深科达,2023-07-12,0.0508,-0.6358267716535433
超捷股份,2023-07-31,0.0172,-0.6365914786967419
超捷股份,2023-07-28,0.0202,-0.6365914786967419
超捷股份,2023-07-20,0.0277,-0.6365914786967419
超捷股份,2023-08-02,0.0163,-0.6365914786967419
超捷股份,2023-08-01,0.0139,-0.6365914786967419
超捷股份,2023-07-19,0.0385,-0.6365914786967419
超捷股份,2023-07-17,0.0385,-0.6365914786967419
超捷股份,2023-08-15,0.0103,-0.6365914786967419
超捷股份,2023-07-21,0.0362,-0.6365914786967419
超捷股份,2023-08-18,0.0111,-0.6365914786967419
超捷股份,2023-08-21,0.0147,-0.6365914786967419
超捷股份,2023-08-23,0.014499999999999999,-0.6365914786967419
超捷股份,2023-07-24,0.0304,-0.6365914786967419
超捷股份,2023-08-14,0.0103,-0.6365914786967419
超捷股份,2023-07-27,0.0199,-0.6365914786967419
超捷股份,2023-08-10,0.011200000000000002,-0.6365914786967419
超捷股份,2023-08-09,0.013999999999999999,-0.6365914786967419
超捷股份,2023-08-08,0.016399999999999998,-0.6365914786967419
超捷股份,2023-08-04,0.013999999999999999,-0.6365914786967419
超捷股份,2023-08-03,0.011699999999999999,-0.6365914786967419
超捷股份,2023-07-14,0.039900000000000005,-0.6365914786967419
超捷股份,2023-07-26,0.0252,-0.6365914786967419
超捷股份,2023-07-12,0.039900000000000005,-0.6365914786967419
超捷股份,2023-07-13,0.0368,-0.6365914786967419
茂莱光学,2023-07-24,0.0139,-0.6370967741935484
茂莱光学,2023-08-10,0.0134,-0.6370967741935484
茂莱光学,2023-08-16,0.013500000000000002,-0.6370967741935484
茂莱光学,2023-08-15,0.023799999999999998,-0.6370967741935484
茂莱光学,2023-07-13,0.037200000000000004,-0.6370967741935484
茂莱光学,2023-07-17,0.047599999999999996,-0.6370967741935484
茂莱光学,2023-07-19,0.0273,-0.6370967741935484
茂莱光学,2023-07-20,0.0282,-0.6370967741935484
茂莱光学,2023-08-14,0.023799999999999998,-0.6370967741935484
茂莱光学,2023-07-28,0.0147,-0.6370967741935484
茂莱光学,2023-08-11,0.023799999999999998,-0.6370967741935484
深城交,2023-08-04,0.032,-0.6416938110749185
深城交,2023-08-03,0.024700000000000003,-0.6416938110749185
深城交,2023-08-02,0.0232,-0.6416938110749185
深城交,2023-08-01,0.022400000000000003,-0.6416938110749185
深城交,2023-08-08,0.027999999999999997,-0.6416938110749185
深城交,2023-07-31,0.0139,-0.6416938110749185
深城交,2023-07-13,0.0196,-0.6416938110749185
深城交,2023-07-12,0.030699999999999998,-0.6416938110749185
深城交,2023-08-07,0.0288,-0.6416938110749185
深城交,2023-08-09,0.011000000000000001,-0.6416938110749185
海顺新材,2023-07-12,0.0353,-0.6430594900849858
海顺新材,2023-07-13,0.030299999999999997,-0.6430594900849858
海顺新材,2023-07-14,0.0126,-0.6430594900849858
星光农机,2023-07-20,0.0168,-0.6455696202531647
星光农机,2023-07-14,0.0425,-0.6455696202531647
星光农机,2023-07-17,0.04019999999999999,-0.6455696202531647
星光农机,2023-07-19,0.0264,-0.6455696202531647
星光农机,2023-07-12,0.047400000000000005,-0.6455696202531647
星光农机,2023-07-13,0.0458,-0.6455696202531647
利仁科技,2023-07-17,0.0178,-0.6463104325699747
利仁科技,2023-08-21,0.016399999999999998,-0.6463104325699747
利仁科技,2023-07-14,0.022400000000000003,-0.6463104325699747
利仁科技,2023-08-23,0.0139,-0.6463104325699747
利仁科技,2023-07-13,0.027999999999999997,-0.6463104325699747
利仁科技,2023-07-12,0.0393,-0.6463104325699747
威马农机,2023-08-23,0.0222,-0.6509433962264151
威马农机,2023-08-18,0.0636,-0.6509433962264151
威马农机,2023-08-21,0.0222,-0.6509433962264151
安奈儿,2023-07-12,0.0499,-0.6513026052104209
安奈儿,2023-07-13,0.042199999999999994,-0.6513026052104209
安奈儿,2023-07-14,0.0174,-0.6513026052104209
赛腾股份,2023-07-12,0.0333,-0.6546546546546547
赛腾股份,2023-07-13,0.016200000000000003,-0.6546546546546547
赛腾股份,2023-07-14,0.0165,-0.6546546546546547
赛腾股份,2023-07-17,0.0115,-0.6546546546546547
赛腾股份,2023-07-24,0.011000000000000001,-0.6546546546546547
赛腾股份,2023-08-03,0.0115,-0.6546546546546547
赛腾股份,2023-08-02,0.0103,-0.6546546546546547
天元股份,2023-08-23,0.0105,-0.6590909090909091
天元股份,2023-07-12,0.0308,-0.6590909090909091
天元股份,2023-08-21,0.0129,-0.6590909090909091
天元股份,2023-07-13,0.0232,-0.6590909090909091
天元股份,2023-07-17,0.016,-0.6590909090909091
天元股份,2023-07-20,0.017,-0.6590909090909091
天元股份,2023-07-27,0.0154,-0.6590909090909091
天元股份,2023-08-02,0.0158,-0.6590909090909091
天元股份,2023-08-04,0.0137,-0.6590909090909091
天元股份,2023-08-03,0.0154,-0.6590909090909091
天元股份,2023-08-01,0.015300000000000001,-0.6590909090909091
天元股份,2023-07-14,0.016200000000000003,-0.6590909090909091
天元股份,2023-07-31,0.015300000000000001,-0.6590909090909091
天元股份,2023-07-19,0.017,-0.6590909090909091
天元股份,2023-07-28,0.016200000000000003,-0.6590909090909091
天元股份,2023-07-21,0.016399999999999998,-0.6590909090909091
天元股份,2023-07-24,0.0167,-0.6590909090909091
天元股份,2023-07-26,0.0174,-0.6590909090909091
伟时电子,2023-07-19,0.0209,-0.6604774535809018
伟时电子,2023-07-17,0.034300000000000004,-0.6604774535809018
伟时电子,2023-07-14,0.0333,-0.6604774535809018
伟时电子,2023-07-13,0.0277,-0.6604774535809018
伟时电子,2023-07-26,0.0128,-0.6604774535809018
伟时电子,2023-07-21,0.0113,-0.6604774535809018
伟时电子,2023-07-12,0.0377,-0.6604774535809018
伟时电子,2023-07-20,0.0176,-0.6604774535809018
上能电气,2023-07-13,0.011399999999999999,-0.6627218934911243
上能电气,2023-07-12,0.0338,-0.6627218934911243
新柴股份,2023-08-03,0.0102,-0.6633663366336633
新柴股份,2023-07-13,0.0183,-0.6633663366336633
新柴股份,2023-07-12,0.030299999999999997,-0.6633663366336633
新柴股份,2023-08-02,0.010700000000000001,-0.6633663366336633
众望布艺,2023-07-24,0.016200000000000003,-0.6636363636363636
众望布艺,2023-07-17,0.0144,-0.6636363636363636
众望布艺,2023-07-19,0.0178,-0.6636363636363636
众望布艺,2023-07-20,0.0163,-0.6636363636363636
众望布艺,2023-07-21,0.0171,-0.6636363636363636
众望布艺,2023-07-14,0.0148,-0.6636363636363636
众望布艺,2023-07-26,0.0154,-0.6636363636363636
众望布艺,2023-07-27,0.0118,-0.6636363636363636
众望布艺,2023-07-28,0.0178,-0.6636363636363636
众望布艺,2023-07-31,0.0182,-0.6636363636363636
众望布艺,2023-08-01,0.016,-0.6636363636363636
众望布艺,2023-08-02,0.0181,-0.6636363636363636
众望布艺,2023-08-03,0.0111,-0.6636363636363636
众望布艺,2023-07-12,0.033,-0.6636363636363636
众望布艺,2023-07-13,0.0265,-0.6636363636363636
红墙股份,2023-07-13,0.038900000000000004,-0.6692307692307693
红墙股份,2023-07-14,0.0279,-0.6692307692307693
红墙股份,2023-07-20,0.0129,-0.6692307692307693
红墙股份,2023-07-17,0.0175,-0.6692307692307693
红墙股份,2023-07-19,0.0167,-0.6692307692307693
红墙股份,2023-07-12,0.039,-0.6692307692307693
中润光学,2023-07-12,0.048799999999999996,-0.6700819672131147
中润光学,2023-07-14,0.0161,-0.6700819672131147
真爱美家,2023-07-12,0.0323,-0.6718266253869969
真爱美家,2023-07-28,0.0213,-0.6718266253869969
真爱美家,2023-07-31,0.0123,-0.6718266253869969
真爱美家,2023-08-01,0.0102,-0.6718266253869969
真爱美家,2023-07-14,0.021,-0.6718266253869969
真爱美家,2023-08-02,0.0106,-0.6718266253869969
真爱美家,2023-07-13,0.025099999999999997,-0.6718266253869969
真爱美家,2023-07-19,0.0189,-0.6718266253869969
真爱美家,2023-07-17,0.02,-0.6718266253869969
真爱美家,2023-07-27,0.015600000000000001,-0.6718266253869969
真爱美家,2023-07-24,0.0125,-0.6718266253869969
真爱美家,2023-07-26,0.0171,-0.6718266253869969
真爱美家,2023-07-21,0.0174,-0.6718266253869969
真爱美家,2023-07-20,0.0199,-0.6718266253869969
万得凯,2023-07-17,0.0209,-0.6738461538461539
万得凯,2023-07-20,0.0106,-0.6738461538461539
万得凯,2023-07-19,0.0177,-0.6738461538461539
万得凯,2023-07-14,0.0325,-0.6738461538461539
隆扬电子,2023-07-17,0.0116,-0.6750700280112045
隆扬电子,2023-07-14,0.0137,-0.6750700280112045
隆扬电子,2023-07-13,0.0268,-0.6750700280112045
隆扬电子,2023-07-12,0.035699999999999996,-0.6750700280112045
冠盛股份,2023-07-14,0.0199,-0.6774941995359629
冠盛股份,2023-07-12,0.0431,-0.6774941995359629
冠盛股份,2023-07-13,0.0352,-0.6774941995359629
冠盛股份,2023-07-17,0.0139,-0.6774941995359629
地铁设计,2023-07-12,0.032799999999999996,-0.6798780487804877
地铁设计,2023-07-13,0.030899999999999997,-0.6798780487804877
地铁设计,2023-07-14,0.0215,-0.6798780487804877
地铁设计,2023-07-17,0.0105,-0.6798780487804877
雅创电子,2023-07-13,0.0717,-0.6828193832599119
雅创电子,2023-07-20,0.0255,-0.6828193832599119
雅创电子,2023-07-19,0.0275,-0.6828193832599119
雅创电子,2023-07-17,0.068,-0.6828193832599119
雅创电子,2023-07-14,0.0676,-0.6828193832599119
雅创电子,2023-07-12,0.0454,-0.6828193832599119
雅创电子,2023-07-21,0.0144,-0.6828193832599119
电连技术,2023-07-20,0.026699999999999998,-0.6900584795321638
电连技术,2023-07-17,0.039,-0.6900584795321638
电连技术,2023-07-26,0.0106,-0.6900584795321638
电连技术,2023-07-24,0.0199,-0.6900584795321638
电连技术,2023-07-21,0.0209,-0.6900584795321638
电连技术,2023-07-19,0.0308,-0.6900584795321638
电连技术,2023-07-12,0.0342,-0.6900584795321638
电连技术,2023-07-13,0.0356,-0.6900584795321638
电连技术,2023-07-14,0.0349,-0.6900584795321638
聚赛龙,2023-07-12,0.0475,-0.7031578947368421
聚赛龙,2023-07-13,0.0347,-0.7031578947368421
聚赛龙,2023-07-19,0.0141,-0.7031578947368421
聚赛龙,2023-07-17,0.0169,-0.7031578947368421
聚赛龙,2023-07-14,0.0118,-0.7031578947368421
西上海,2023-07-13,0.042199999999999994,-0.7032967032967032
西上海,2023-07-12,0.0455,-0.7032967032967032
西上海,2023-07-20,0.013500000000000002,-0.7032967032967032
西上海,2023-07-19,0.0223,-0.7032967032967032
西上海,2023-07-17,0.0421,-0.7032967032967032
西上海,2023-07-14,0.0387,-0.7032967032967032
浙江恒威,2023-07-12,0.0403,-0.707196029776675
浙江恒威,2023-07-13,0.023799999999999998,-0.707196029776675
浙江恒威,2023-07-20,0.011200000000000002,-0.707196029776675
浙江恒威,2023-07-26,0.0118,-0.707196029776675
山水比德,2023-07-13,0.032,-0.7092731829573935
山水比德,2023-07-12,0.039900000000000005,-0.7092731829573935
山水比德,2023-07-19,0.0116,-0.7092731829573935
山水比德,2023-07-14,0.018799999999999997,-0.7092731829573935
山水比德,2023-07-17,0.0169,-0.7092731829573935
广信材料,2023-07-14,0.0222,-0.7130801687763713
广信材料,2023-07-12,0.047400000000000005,-0.7130801687763713
广信材料,2023-07-13,0.0495,-0.7130801687763713
广信材料,2023-07-17,0.013600000000000001,-0.7130801687763713
雅艺科技,2023-07-20,0.013300000000000001,-0.715203426124197
雅艺科技,2023-07-19,0.0134,-0.715203426124197
雅艺科技,2023-07-17,0.0195,-0.715203426124197
雅艺科技,2023-07-14,0.030600000000000002,-0.715203426124197
雅艺科技,2023-07-13,0.0332,-0.715203426124197
雅艺科技,2023-07-12,0.0467,-0.715203426124197
精智达,2023-07-20,0.013500000000000002,-0.7244444444444444
精智达,2023-07-19,0.045,-0.7244444444444444
精智达,2023-07-21,0.0199,-0.7244444444444444
精智达,2023-07-27,0.0124,-0.7244444444444444
精智达,2023-07-26,0.025699999999999997,-0.7244444444444444
精智达,2023-07-24,0.014499999999999999,-0.7244444444444444
新莱福,2023-08-23,0.0373,-0.7249262536873156
新莱福,2023-07-13,0.0397,-0.7249262536873156
新莱福,2023-07-12,0.1356,-0.7249262536873156
斯瑞新材,2023-07-17,0.0276,-0.7315436241610738
斯瑞新材,2023-07-14,0.0322,-0.7315436241610738
斯瑞新材,2023-07-13,0.0405,-0.7315436241610738
斯瑞新材,2023-07-12,0.0447,-0.7315436241610738
斯瑞新材,2023-07-19,0.0233,-0.7315436241610738
斯瑞新材,2023-07-21,0.012,-0.7315436241610738
斯瑞新材,2023-07-20,0.0146,-0.7315436241610738
德迈仕,2023-07-27,0.056100000000000004,-0.7379679144385027
德迈仕,2023-08-04,0.0147,-0.7379679144385027
德迈仕,2023-08-02,0.026699999999999998,-0.7379679144385027
德迈仕,2023-08-03,0.0173,-0.7379679144385027
德迈仕,2023-07-28,0.051399999999999994,-0.7379679144385027
华工科技,2023-08-21,0.013300000000000001,-0.7381889763779528
华工科技,2023-07-21,0.0274,-0.7381889763779528
华工科技,2023-07-12,0.0508,-0.7381889763779528
华工科技,2023-07-13,0.0489,-0.7381889763779528
华工科技,2023-07-14,0.0318,-0.7381889763779528
华工科技,2023-07-19,0.0443,-0.7381889763779528
华工科技,2023-07-20,0.0443,-0.7381889763779528
华工科技,2023-07-17,0.0446,-0.7381889763779528
华工科技,2023-07-26,0.0189,-0.7381889763779528
华工科技,2023-07-27,0.0204,-0.7381889763779528
有研粉材,2023-07-17,0.057800000000000004,-0.7550274223034734
有研粉材,2023-07-28,0.0335,-0.7550274223034734
有研粉材,2023-07-31,0.0339,-0.7550274223034734
有研粉材,2023-07-27,0.0344,-0.7550274223034734
有研粉材,2023-07-26,0.0377,-0.7550274223034734
有研粉材,2023-07-24,0.044800000000000006,-0.7550274223034734
有研粉材,2023-07-21,0.048799999999999996,-0.7550274223034734
有研粉材,2023-08-01,0.0334,-0.7550274223034734
有研粉材,2023-07-20,0.0545,-0.7550274223034734
有研粉材,2023-07-19,0.053,-0.7550274223034734
有研粉材,2023-08-02,0.0134,-0.7550274223034734
有研粉材,2023-07-14,0.043899999999999995,-0.7550274223034734
有研粉材,2023-07-12,0.0547,-0.7550274223034734
有研粉材,2023-07-13,0.053200000000000004,-0.7550274223034734
开勒股份,2023-07-19,0.0121,-0.7575057736720554
开勒股份,2023-08-23,0.0105,-0.7575057736720554
开勒股份,2023-08-21,0.0154,-0.7575057736720554
开勒股份,2023-08-18,0.0236,-0.7575057736720554
开勒股份,2023-07-17,0.029900000000000003,-0.7575057736720554
开勒股份,2023-08-15,0.0222,-0.7575057736720554
开勒股份,2023-08-14,0.024,-0.7575057736720554
开勒股份,2023-08-16,0.0297,-0.7575057736720554
开勒股份,2023-08-11,0.0197,-0.7575057736720554
开勒股份,2023-07-14,0.0403,-0.7575057736720554
开勒股份,2023-08-09,0.013300000000000001,-0.7575057736720554
开勒股份,2023-08-08,0.011899999999999999,-0.7575057736720554
开勒股份,2023-07-12,0.0433,-0.7575057736720554
开勒股份,2023-07-13,0.0398,-0.7575057736720554
开勒股份,2023-08-10,0.019799999999999998,-0.7575057736720554
耐科装备,2023-07-19,0.049,-0.76592082616179
耐科装备,2023-07-20,0.0304,-0.76592082616179
耐科装备,2023-07-21,0.037200000000000004,-0.76592082616179
耐科装备,2023-07-24,0.0496,-0.76592082616179
耐科装备,2023-07-17,0.038900000000000004,-0.76592082616179
耐科装备,2023-07-14,0.0581,-0.76592082616179
耐科装备,2023-07-26,0.013600000000000001,-0.76592082616179
耐科装备,2023-07-27,0.013600000000000001,-0.76592082616179
通源石油,2023-07-12,0.0507,-0.777120315581854
通源石油,2023-07-14,0.0484,-0.777120315581854
通源石油,2023-07-17,0.0311,-0.777120315581854
通源石油,2023-07-24,0.0113,-0.777120315581854
通源石油,2023-07-13,0.0425,-0.777120315581854
通源石油,2023-07-20,0.0163,-0.777120315581854
通源石油,2023-07-19,0.022099999999999998,-0.777120315581854
浙江荣泰,2023-08-09,0.0165,-0.7776280323450134
浙江荣泰,2023-08-08,0.0366,-0.7776280323450134
浙江荣泰,2023-08-07,0.1,-0.7776280323450134
浙江荣泰,2023-08-04,0.12,-0.7776280323450134
浙江荣泰,2023-08-03,0.0864,-0.7776280323450134
浙江荣泰,2023-08-02,0.0864,-0.7776280323450134
浙江荣泰,2023-08-01,0.0742,-0.7776280323450134
元力股份,2023-07-24,0.0167,-0.786447638603696
元力股份,2023-07-26,0.0104,-0.786447638603696
元力股份,2023-07-12,0.0487,-0.786447638603696
元力股份,2023-07-13,0.0451,-0.786447638603696
元力股份,2023-07-14,0.0371,-0.786447638603696
元力股份,2023-07-17,0.0276,-0.786447638603696
元力股份,2023-07-19,0.0245,-0.786447638603696
元力股份,2023-07-20,0.018500000000000003,-0.786447638603696
元力股份,2023-07-21,0.0143,-0.786447638603696
经纬股份,2023-07-17,0.10189999999999999,-0.8
经纬股份,2023-07-31,0.094,-0.8
经纬股份,2023-07-12,0.092,-0.8
经纬股份,2023-08-07,0.040999999999999995,-0.8
经纬股份,2023-07-28,0.1215,-0.8
经纬股份,2023-08-01,0.0693,-0.8
经纬股份,2023-07-27,0.1185,-0.8
经纬股份,2023-08-02,0.10619999999999999,-0.8
经纬股份,2023-08-03,0.061900000000000004,-0.8
经纬股份,2023-08-04,0.0432,-0.8
经纬股份,2023-08-08,0.043,-0.8
经纬股份,2023-07-19,0.08900000000000001,-0.8
经纬股份,2023-08-09,0.0184,-0.8
经纬股份,2023-07-26,0.1185,-0.8
经纬股份,2023-07-24,0.102,-0.8
经纬股份,2023-07-21,0.0785,-0.8
经纬股份,2023-07-13,0.08839999999999999,-0.8
经纬股份,2023-07-20,0.08220000000000001,-0.8
经纬股份,2023-07-14,0.0663,-0.8
王力安防,2023-07-12,0.0745,-0.8067114093959732
王力安防,2023-07-26,0.030600000000000002,-0.8067114093959732
王力安防,2023-07-21,0.0409,-0.8067114093959732
王力安防,2023-07-24,0.0296,-0.8067114093959732
王力安防,2023-07-20,0.0545,-0.8067114093959732
王力安防,2023-07-27,0.0194,-0.8067114093959732
王力安防,2023-07-28,0.0144,-0.8067114093959732
王力安防,2023-07-19,0.056900000000000006,-0.8067114093959732
王力安防,2023-07-17,0.0536,-0.8067114093959732
王力安防,2023-07-14,0.0611,-0.8067114093959732
王力安防,2023-07-13,0.0718,-0.8067114093959732
智信精密,2023-07-27,0.1027,-0.8207739307535642
智信精密,2023-07-26,0.1328,-0.8207739307535642
智信精密,2023-07-24,0.1328,-0.8207739307535642
智信精密,2023-07-21,0.1328,-0.8207739307535642
智信精密,2023-07-28,0.0814,-0.8207739307535642
智信精密,2023-07-31,0.061,-0.8207739307535642
智信精密,2023-07-20,0.14730000000000001,-0.8207739307535642
智信精密,2023-08-01,0.030299999999999997,-0.8207739307535642
智信精密,2023-08-02,0.0431,-0.8207739307535642
智信精密,2023-08-03,0.0264,-0.8207739307535642
倍杰特,2023-07-13,0.044800000000000006,-0.8262350936967632
倍杰特,2023-07-12,0.0587,-0.8262350936967632
倍杰特,2023-07-14,0.037200000000000004,-0.8262350936967632
倍杰特,2023-07-17,0.028900000000000002,-0.8262350936967632
倍杰特,2023-07-20,0.0163,-0.8262350936967632
倍杰特,2023-08-23,0.0102,-0.8262350936967632
倍杰特,2023-07-19,0.028900000000000002,-0.8262350936967632
江波龙,2023-07-19,0.1481,-0.8362416107382551
江波龙,2023-08-15,0.012199999999999999,-0.8362416107382551
江波龙,2023-07-12,0.0745,-0.8362416107382551
江波龙,2023-07-13,0.1316,-0.8362416107382551
江波龙,2023-07-14,0.1399,-0.8362416107382551
江波龙,2023-07-28,0.0127,-0.8362416107382551
江波龙,2023-07-27,0.1,-0.8362416107382551
江波龙,2023-07-26,0.0913,-0.8362416107382551
江波龙,2023-07-24,0.0702,-0.8362416107382551
江波龙,2023-07-21,0.1066,-0.8362416107382551
江波龙,2023-07-20,0.1093,-0.8362416107382551
江波龙,2023-07-17,0.14429999999999998,-0.8362416107382551
