成交时间,成交价,涨跌幅,价格变动,成交量(手),成交额(元),性质
09:15:00,0.0,-100.00%,--,0,0,中性盘
09:25:00,20.4,-2.11%,--,2522,5144880,中性盘
09:25:00,20.4,-2.11%,--,2522,5144880,--
09:25:00,20.4,-2.11%,-0.04,2522,5144880,中性盘
09:30:00,20.36,-2.30%,-0.04,1352,2752672,卖盘
09:30:03,20.3,-2.59%,-0.06,1609,3266270,卖盘
09:30:06,20.26,-2.78%,-0.04,509,1031234,卖盘
09:30:09,20.26,-2.78%,--,212,429512,卖盘
09:30:12,20.21,-3.02%,-0.05,218,440578,卖盘
09:30:15,20.19,-3.12%,-0.02,310,625890,卖盘
09:30:18,20.12,-3.45%,-0.07,254,511048,卖盘
09:30:21,20.14,-3.36%,+0.02,405,815670,买盘
09:30:24,20.12,-3.45%,-0.02,308,619696,卖盘
09:30:27,20.11,-3.50%,-0.01,249,500739,卖盘
09:30:30,20.08,-3.65%,-0.03,365,732920,卖盘
09:30:33,20.08,-3.65%,--,681,1367448,卖盘
09:30:36,20.07,-3.69%,-0.01,301,604107,卖盘
09:30:39,20.09,-3.60%,+0.02,1069,2149590,买盘
09:30:42,20.13,-3.41%,+0.04,1301,2619275,买盘
09:30:45,20.07,-3.69%,-0.06,779,1563453,卖盘
09:30:48,20.15,-3.31%,+0.08,384,773760,买盘
09:30:51,20.15,-3.31%,--,436,878540,卖盘
09:30:54,20.16,-3.26%,+0.01,498,1003968,卖盘
09:30:57,20.21,-3.02%,+0.05,339,686695,买盘
09:31:00,20.21,-3.02%,--,344,695224,买盘
09:31:03,20.22,-2.98%,+0.01,578,1168716,买盘
09:31:06,20.2,-3.07%,-0.02,970,1959844,卖盘
09:31:09,20.2,-3.07%,--,234,472680,买盘
09:31:12,20.21,-3.02%,+0.01,321,648741,买盘
09:31:15,20.17,-3.21%,-0.04,535,1079095,卖盘
09:31:18,20.2,-3.07%,+0.03,857,1731140,买盘
09:31:21,20.2,-3.07%,--,247,498940,买盘
09:31:24,20.2,-3.07%,--,476,961520,卖盘
09:31:27,20.18,-3.17%,-0.02,25,50450,中性盘
09:31:30,20.16,-3.26%,-0.02,856,1725696,中性盘
09:31:33,20.16,-3.26%,--,183,368928,卖盘
09:31:36,20.16,-3.26%,--,134,270144,卖盘
09:31:39,20.15,-3.31%,-0.01,497,1001455,卖盘
09:31:42,20.14,-3.36%,-0.01,160,322240,中性盘
09:31:45,20.11,-3.50%,-0.03,182,366002,卖盘
09:31:48,20.12,-3.45%,+0.01,88,177056,中性盘
09:31:51,20.15,-3.31%,+0.03,427,860405,买盘
09:31:54,20.16,-3.26%,+0.01,1147,2312352,买盘
09:31:57,20.15,-3.31%,-0.01,126,253890,卖盘
09:32:00,20.19,-3.12%,+0.04,570,1150830,买盘
09:32:03,20.17,-3.21%,-0.02,183,369111,卖盘
09:32:06,20.24,-2.88%,+0.07,1045,2115080,买盘
09:32:06,20.24,-2.88%,--,1045,2115080,中性盘
09:32:06,20.24,-2.88%,--,1045,2115080,卖盘
09:32:09,20.23,-2.93%,-0.01,675,1365525,卖盘
09:32:12,20.28,-2.69%,+0.05,15,30420,中性盘
09:32:15,20.29,-2.64%,+0.01,115,233335,买盘
09:32:18,20.27,-2.74%,-0.02,218,441886,中性盘
09:32:21,20.29,-2.64%,+0.02,51,103479,买盘
09:32:24,20.27,-2.74%,-0.02,396,802692,中性盘
09:32:27,20.29,-2.64%,+0.02,169,342901,买盘
09:32:30,20.3,-2.59%,+0.01,160,324800,买盘
09:32:33,20.32,-2.50%,+0.02,65,132080,买盘
09:32:36,20.32,-2.50%,--,61,123952,买盘
09:32:39,20.34,-2.40%,+0.02,95,193230,买盘
09:32:42,20.34,-2.40%,--,433,880722,买盘
09:32:45,20.34,-2.40%,--,68,138312,卖盘
09:32:48,20.35,-2.35%,+0.01,168,341880,中性盘
09:32:51,20.37,-2.26%,+0.02,38,77406,买盘
09:32:54,20.36,-2.30%,-0.01,30,61080,中性盘
09:32:57,20.36,-2.30%,--,289,588404,卖盘
09:33:00,20.37,-2.26%,+0.01,129,262773,买盘
09:33:03,20.36,-2.30%,-0.01,244,496784,卖盘
09:33:06,20.4,-2.11%,+0.04,1496,3051840,买盘
09:33:09,20.42,-2.02%,+0.02,695,1419190,买盘
09:33:12,20.44,-1.92%,+0.02,222,453768,买盘
09:33:15,20.43,-1.97%,-0.01,75,153225,卖盘
09:33:18,20.46,-1.82%,+0.03,166,339636,买盘
09:33:21,20.46,-1.82%,--,66,135036,买盘
09:33:24,20.46,-1.82%,--,353,722238,买盘
09:33:27,20.47,-1.78%,+0.01,250,511750,买盘
09:33:30,20.46,-1.82%,-0.01,145,296670,卖盘
09:33:33,20.45,-1.87%,-0.01,368,752560,卖盘
09:33:36,20.47,-1.78%,+0.02,527,1078769,买盘
09:33:39,20.45,-1.87%,-0.02,85,173825,卖盘
09:33:42,20.45,-1.87%,--,105,214725,卖盘
09:33:45,20.42,-2.02%,-0.03,826,1686692,卖盘
09:33:48,20.4,-2.11%,-0.02,168,342720,卖盘
09:33:51,20.44,-1.92%,+0.04,725,1481900,买盘
09:33:54,20.43,-1.97%,-0.01,1237,2527191,卖盘
09:33:57,20.45,-1.87%,+0.02,330,674850,卖盘
09:34:00,20.45,-1.87%,--,198,404910,买盘
09:34:03,20.42,-2.02%,-0.03,166,338972,卖盘
09:34:06,20.44,-1.92%,+0.02,137,280028,中性盘
09:34:09,20.46,-1.82%,+0.02,136,278256,买盘
09:34:12,20.46,-1.82%,--,222,454212,卖盘
09:34:15,20.48,-1.73%,+0.02,736,1508803,买盘
09:34:18,20.5,-1.63%,+0.02,91,186550,卖盘
09:34:21,20.53,-1.49%,+0.03,125,256625,买盘
09:34:24,20.57,-1.30%,+0.04,169,347633,买盘
09:34:27,20.55,-1.39%,-0.02,49,100695,卖盘
09:34:30,20.56,-1.34%,+0.01,52,106912,中性盘
09:34:33,20.59,-1.20%,+0.03,106,218254,买盘
09:34:36,20.57,-1.30%,-0.02,65,133705,卖盘
09:34:39,20.6,-1.15%,+0.03,47,96820,买盘
09:34:42,20.6,-1.15%,--,45,92700,卖盘
09:34:45,20.6,-1.15%,--,156,321360,卖盘
09:34:48,20.64,-0.96%,+0.04,52,107328,买盘
09:34:51,20.63,-1.01%,-0.01,60,123780,中性盘
09:34:54,20.61,-1.10%,-0.02,676,1393236,卖盘
09:34:57,20.58,-1.25%,-0.03,616,1267728,卖盘
09:35:00,20.6,-1.15%,+0.02,287,591220,买盘
09:35:03,20.69,-0.72%,+0.09,1038,2147622,买盘
09:35:06,20.74,-0.48%,+0.05,456,945744,买盘
09:35:09,20.76,-0.38%,+0.02,737,1530012,买盘
09:35:12,20.77,-0.34%,+0.01,164,340628,中性盘
09:35:15,20.8,-0.19%,+0.03,254,528320,买盘
09:35:18,20.74,-0.48%,-0.06,1288,2671312,卖盘
09:35:21,20.77,-0.34%,+0.03,77,159929,买盘
09:35:24,20.75,-0.43%,-0.02,60,124500,中性盘
09:35:27,20.77,-0.34%,+0.02,357,741489,买盘
09:35:30,20.76,-0.38%,-0.01,149,309324,卖盘
09:35:33,20.79,-0.24%,+0.03,618,1284822,买盘
09:35:36,20.8,-0.19%,+0.01,185,384800,买盘
09:35:39,20.79,-0.24%,-0.01,64,133056,中性盘
09:35:39,20.79,-0.24%,--,64,133056,中性盘
09:35:39,20.79,-0.24%,--,64,133056,买盘
09:35:42,20.79,-0.24%,--,75,155925,买盘
09:35:45,20.74,-0.48%,-0.05,1023,2121702,卖盘
09:35:48,20.74,-0.48%,--,27,55998,卖盘
09:35:51,20.77,-0.34%,+0.03,39,81003,买盘
09:35:54,20.75,-0.43%,-0.02,126,261450,中性盘
09:35:57,20.73,-0.53%,-0.02,114,236322,卖盘
09:36:03,20.71,-0.62%,-0.01,117,242307,卖盘
09:36:06,20.7,-0.67%,-0.01,168,347760,卖盘
09:36:09,20.74,-0.48%,+0.04,630,1306620,买盘
09:36:12,20.74,-0.48%,--,473,981002,卖盘
09:36:15,20.74,-0.48%,--,110,228140,卖盘
09:36:18,20.73,-0.53%,-0.01,28,58044,卖盘
09:36:21,20.73,-0.53%,--,10,20730,中性盘
09:36:24,20.72,-0.58%,-0.01,23,47656,卖盘
09:36:27,20.72,-0.58%,--,174,360528,卖盘
09:36:30,20.7,-0.67%,-0.02,10,20700,卖盘
09:36:33,20.7,-0.67%,--,154,318780,卖盘
09:36:36,20.72,-0.58%,+0.02,489,1013208,中性盘
09:36:39,20.74,-0.48%,+0.02,375,777750,买盘
09:36:42,20.81,-0.14%,+0.07,534,1111254,买盘
09:36:45,20.8,-0.19%,-0.01,82,170560,买盘
09:36:48,20.79,-0.24%,-0.01,36,74844,卖盘
09:36:51,20.82,-0.10%,+0.03,609,1267938,买盘
09:36:54,20.79,-0.24%,-0.03,76,158004,卖盘
09:36:57,20.79,-0.24%,--,129,268191,买盘
09:37:00,20.79,-0.24%,--,49,101871,卖盘
09:37:03,20.76,-0.38%,-0.03,401,832476,卖盘
09:37:06,20.72,-0.58%,-0.04,47,97384,卖盘
09:37:09,20.71,-0.62%,-0.01,14,28994,卖盘
09:37:12,20.7,-0.67%,-0.01,59,122130,卖盘
09:37:15,20.71,-0.62%,+0.01,45,93195,买盘
09:37:18,20.71,-0.62%,--,51,105621,买盘
09:37:21,20.68,-0.77%,-0.03,128,264704,卖盘
09:37:24,20.7,-0.67%,+0.02,43,89010,买盘
09:37:27,20.7,-0.67%,--,118,244260,买盘
09:37:30,20.68,-0.77%,-0.02,71,146828,卖盘
09:37:33,20.67,-0.82%,-0.01,185,382395,卖盘
09:37:36,20.68,-0.77%,+0.01,31,64108,买盘
09:37:39,20.68,-0.77%,--,15,31020,买盘
09:37:42,20.66,-0.86%,-0.02,8,16528,卖盘
09:37:45,20.66,-0.86%,--,86,177676,卖盘
09:37:48,20.65,-0.91%,-0.01,124,256060,卖盘
09:37:51,20.65,-0.91%,--,7,14455,中性盘
09:37:54,20.65,-0.91%,--,62,128030,买盘
09:37:57,20.6,-1.15%,-0.05,33,67980,卖盘
09:38:00,20.65,-0.91%,+0.05,135,278775,买盘
09:38:03,20.58,-1.25%,-0.07,229,471282,卖盘
09:38:06,20.65,-0.91%,+0.07,117,241605,买盘
09:38:09,20.61,-1.10%,-0.04,14,28854,卖盘
09:38:12,20.61,-1.10%,--,19,39159,卖盘
09:38:15,20.61,-1.10%,--,23,47403,卖盘
09:38:18,20.61,-1.10%,--,42,86562,卖盘
09:38:21,20.61,-1.10%,--,45,92745,卖盘
09:38:24,20.64,-0.96%,+0.03,175,361200,买盘
09:38:27,20.65,-0.91%,+0.01,63,130095,中性盘
09:38:30,20.71,-0.62%,+0.06,353,731063,买盘
09:38:33,20.71,-0.62%,--,122,252662,卖盘
09:38:36,20.7,-0.67%,-0.01,25,51750,卖盘
09:38:39,20.71,-0.62%,+0.01,110,227810,卖盘
09:38:42,20.71,-0.62%,--,213,441123,买盘
09:38:45,20.71,-0.62%,--,162,335502,买盘
09:38:48,20.71,-0.62%,--,30,62130,买盘
09:38:51,20.68,-0.77%,-0.03,416,860288,卖盘
09:38:54,20.68,-0.77%,--,130,268840,卖盘
09:38:57,20.69,-0.72%,+0.01,87,180003,中性盘
09:39:00,20.66,-0.86%,-0.03,15,30990,中性盘
09:39:03,20.68,-0.77%,+0.02,37,76516,买盘
09:39:06,20.66,-0.86%,-0.02,59,121894,中性盘
09:39:09,20.67,-0.82%,+0.01,225,465075,买盘
09:39:12,20.61,-1.10%,-0.06,103,212283,卖盘
09:39:12,20.61,-1.10%,--,103,212283,中性盘
09:39:12,20.61,-1.10%,--,103,212283,卖盘
09:39:15,20.61,-1.10%,--,169,348309,卖盘
09:39:18,20.63,-1.01%,+0.02,14,28882,买盘
09:39:21,20.6,-1.15%,-0.03,44,90640,卖盘
09:39:24,20.6,-1.15%,--,74,152440,卖盘
09:39:27,20.6,-1.15%,--,80,164800,卖盘
09:39:30,20.6,-1.15%,--,112,230720,卖盘
09:39:33,20.6,-1.15%,--,32,65920,卖盘
09:39:36,20.64,-0.96%,+0.04,236,487104,买盘
09:39:39,20.63,-1.01%,-0.01,25,51575,中性盘
09:39:42,20.63,-1.01%,--,49,101087,买盘
09:39:45,20.63,-1.01%,--,14,28882,买盘
09:39:51,20.61,-1.10%,-0.02,9,18549,买盘
09:39:54,20.63,-1.01%,+0.02,12,24756,买盘
09:39:57,20.61,-1.10%,-0.02,224,461664,卖盘
09:40:00,20.62,-1.06%,+0.01,87,179394,中性盘
09:40:03,20.62,-1.06%,--,68,140216,卖盘
09:40:06,20.62,-1.06%,--,185,381470,卖盘
09:40:09,20.62,-1.06%,--,28,57736,买盘
09:40:12,20.62,-1.06%,--,284,585608,买盘
09:40:15,20.65,-0.91%,+0.03,49,101185,买盘
09:40:18,20.66,-0.86%,+0.01,13,26858,买盘
09:40:21,20.64,-0.96%,-0.02,3,6192,卖盘
09:40:24,20.7,-0.67%,+0.06,86,178020,买盘
09:40:27,20.67,-0.82%,-0.03,14,28938,卖盘
09:40:30,20.68,-0.77%,+0.01,11,22748,中性盘
09:40:33,20.7,-0.67%,+0.02,98,202860,买盘
09:40:36,20.7,-0.67%,--,56,115920,买盘
09:40:39,20.7,-0.67%,--,154,318780,买盘
09:40:42,20.68,-0.77%,-0.02,13,26884,卖盘
09:40:45,20.69,-0.72%,+0.01,11,22759,买盘
09:40:48,20.69,-0.72%,--,56,115864,买盘
09:40:51,20.71,-0.62%,+0.02,195,403845,买盘
09:40:54,20.68,-0.77%,-0.03,226,467368,卖盘
09:40:57,20.66,-0.86%,-0.02,509,1051594,卖盘
09:41:00,20.68,-0.77%,+0.02,261,539748,买盘
09:41:03,20.67,-0.82%,-0.01,1,2067,买盘
09:41:06,20.66,-0.86%,-0.01,39,80574,卖盘
09:41:09,20.65,-0.91%,-0.01,6,12390,卖盘
09:41:12,20.66,-0.86%,+0.01,5,10330,中性盘
09:41:15,20.65,-0.91%,-0.01,30,61950,卖盘
09:41:18,20.63,-1.01%,-0.02,11,22693,卖盘
09:41:21,20.63,-1.01%,--,9,18567,卖盘
09:41:24,20.62,-1.06%,-0.01,111,228882,卖盘
09:41:27,20.63,-1.01%,+0.01,40,82520,买盘
09:41:30,20.62,-1.06%,-0.01,35,72170,卖盘
09:41:33,20.59,-1.20%,-0.03,242,498278,卖盘
09:41:36,20.6,-1.15%,+0.01,73,150380,卖盘
09:41:39,20.65,-0.91%,+0.05,105,216825,买盘
09:41:42,20.6,-1.15%,-0.05,64,131840,卖盘
09:41:45,20.6,-1.15%,--,171,352260,卖盘
09:41:48,20.6,-1.15%,--,267,550020,买盘
09:41:51,20.62,-1.06%,+0.02,310,639220,买盘
09:41:54,20.62,-1.06%,--,196,404152,买盘
09:41:57,20.59,-1.20%,-0.03,75,154425,卖盘
09:42:00,20.58,-1.25%,-0.01,26,53508,卖盘
09:42:03,20.59,-1.20%,+0.01,152,312968,买盘
09:42:06,20.57,-1.30%,-0.02,293,602701,卖盘
09:42:09,20.58,-1.25%,+0.01,71,146118,买盘
09:42:12,20.6,-1.15%,+0.02,36,74160,买盘
09:42:15,20.54,-1.44%,-0.06,44,90376,卖盘
09:42:18,20.58,-1.25%,+0.04,17,34986,中性盘
09:42:21,20.6,-1.15%,+0.02,4,8240,买盘
09:42:24,20.56,-1.34%,-0.04,31,63736,卖盘
09:42:27,20.58,-1.25%,+0.02,13,26754,中性盘
09:42:30,20.55,-1.39%,-0.03,55,113025,卖盘
09:42:33,20.56,-1.34%,+0.01,21,43176,买盘
09:42:39,20.54,-1.44%,-0.02,20,41080,卖盘
09:42:42,20.53,-1.49%,-0.01,27,55431,卖盘
09:42:45,20.55,-1.39%,+0.02,24,49320,买盘
09:42:45,20.55,-1.39%,--,24,49320,中性盘
09:42:45,20.55,-1.39%,--,24,49320,买盘
09:42:48,20.52,-1.54%,-0.03,89,182628,卖盘
09:42:51,20.51,-1.58%,-0.01,86,176386,卖盘
09:42:54,20.5,-1.63%,-0.01,83,170150,卖盘
09:43:00,20.49,-1.68%,-0.01,26,53274,卖盘
09:43:03,20.49,-1.68%,--,103,211047,买盘
09:43:06,20.48,-1.73%,-0.01,25,51200,卖盘
09:43:09,20.49,-1.68%,+0.01,54,110646,买盘
09:43:12,20.49,-1.68%,--,41,84009,买盘
09:43:15,20.46,-1.82%,-0.03,28,57288,卖盘
09:43:18,20.49,-1.68%,+0.03,111,227439,买盘
09:43:21,20.47,-1.78%,-0.02,90,184230,卖盘
09:43:24,20.47,-1.78%,--,323,661181,卖盘
09:43:27,20.5,-1.63%,+0.03,84,172200,买盘
09:43:30,20.5,-1.63%,--,94,192700,买盘
09:43:36,20.48,-1.73%,-0.02,120,245760,中性盘
09:43:39,20.5,-1.63%,+0.02,30,61500,买盘
09:43:45,20.5,-1.63%,--,43,88150,买盘
09:43:48,20.5,-1.63%,--,131,268550,买盘
09:43:51,20.48,-1.73%,-0.02,1,2048,中性盘
09:43:54,20.48,-1.73%,--,28,57344,卖盘
09:43:57,20.51,-1.58%,+0.03,9,18459,买盘
09:44:00,20.51,-1.58%,--,163,334313,买盘
09:44:06,20.49,-1.68%,-0.02,21,43029,中性盘
09:44:09,20.53,-1.49%,+0.04,58,119074,买盘
09:44:12,20.51,-1.58%,-0.02,6,12306,卖盘
09:44:15,20.53,-1.49%,+0.02,6,12318,买盘
09:44:18,20.52,-1.54%,-0.01,38,77976,卖盘
09:44:21,20.52,-1.54%,--,21,43092,卖盘
09:44:24,20.52,-1.54%,--,47,96444,卖盘
09:44:27,20.53,-1.49%,+0.01,12,24636,中性盘
09:44:30,20.52,-1.54%,-0.01,48,98496,卖盘
09:44:33,20.52,-1.54%,--,38,77976,卖盘
09:44:36,20.53,-1.49%,+0.01,22,45166,买盘
09:44:39,20.53,-1.49%,--,32,65696,买盘
09:44:42,20.52,-1.54%,-0.01,58,119016,卖盘
09:44:45,20.53,-1.49%,+0.01,30,61590,买盘
09:44:48,20.53,-1.49%,--,9,18477,中性盘
09:44:51,20.52,-1.54%,-0.01,22,45144,卖盘
09:44:54,20.54,-1.44%,+0.02,10,20540,买盘
09:44:57,20.53,-1.49%,-0.01,7,14371,买盘
09:45:00,20.54,-1.44%,+0.01,42,86268,买盘
09:45:03,20.55,-1.39%,+0.01,15,30825,买盘
09:45:06,20.56,-1.34%,+0.01,193,396808,买盘
09:45:09,20.57,-1.30%,+0.01,7,14399,买盘
09:45:12,20.56,-1.34%,-0.01,17,34952,卖盘
09:45:15,20.57,-1.30%,+0.01,116,238612,中性盘
09:45:18,20.55,-1.39%,-0.02,25,51375,卖盘
09:45:21,20.54,-1.44%,-0.01,91,186914,卖盘
09:45:24,20.54,-1.44%,--,49,100646,卖盘
09:45:27,20.55,-1.39%,+0.01,1,2055,买盘
09:45:30,20.57,-1.30%,+0.02,64,131648,买盘
09:45:33,20.54,-1.44%,-0.03,83,170482,卖盘
09:45:36,20.53,-1.49%,-0.01,15,30795,卖盘
09:45:39,20.54,-1.44%,+0.01,9,18486,买盘
09:45:42,20.52,-1.54%,-0.02,226,463752,卖盘
09:45:45,20.55,-1.39%,+0.03,39,80145,买盘
09:45:48,20.52,-1.54%,-0.03,255,523260,卖盘
09:45:51,20.52,-1.54%,--,79,162108,卖盘
09:45:54,20.51,-1.58%,-0.01,406,832850,卖盘
09:45:57,20.51,-1.58%,--,116,239823,卖盘
09:46:00,20.5,-1.63%,-0.01,21,43050,卖盘
09:46:03,20.5,-1.63%,--,2,4100,卖盘
09:46:06,20.5,-1.63%,--,37,75850,卖盘
09:46:09,20.5,-1.63%,--,129,264450,卖盘
09:46:12,20.48,-1.73%,-0.02,69,141312,卖盘
09:46:15,20.48,-1.73%,--,1,2048,卖盘
09:46:18,20.48,-1.73%,--,32,65536,卖盘
09:46:18,20.48,-1.73%,--,32,65536,中性盘
09:46:21,20.47,-1.78%,-0.01,94,192418,卖盘
09:46:24,20.45,-1.87%,-0.02,161,329245,卖盘
09:46:27,20.44,-1.92%,-0.01,64,130816,卖盘
09:46:30,20.44,-1.92%,--,184,376096,卖盘
09:46:33,20.44,-1.92%,--,37,75628,买盘
09:46:36,20.44,-1.92%,--,211,431284,买盘
09:46:39,20.42,-2.02%,-0.02,248,506416,卖盘
09:46:42,20.44,-1.92%,+0.02,182,372008,买盘
09:46:45,20.43,-1.97%,-0.01,100,204300,中性盘
09:46:48,20.43,-1.97%,--,234,478062,中性盘
09:46:51,20.42,-2.02%,-0.01,66,134772,卖盘
09:46:54,20.43,-1.97%,+0.01,118,241074,中性盘
09:46:57,20.42,-2.02%,-0.01,164,334888,中性盘
09:47:00,20.41,-2.06%,-0.01,219,446979,买盘
09:47:03,20.43,-1.97%,+0.02,96,196128,买盘
09:47:06,20.45,-1.87%,+0.02,318,650310,买盘
09:47:09,20.47,-1.78%,+0.02,47,96209,买盘
09:47:12,20.48,-1.73%,+0.01,104,212992,买盘
09:47:15,20.47,-1.78%,-0.01,91,186277,卖盘
09:47:18,20.47,-1.78%,--,6,12282,卖盘
09:47:21,20.47,-1.78%,--,6,12282,中性盘
09:47:24,20.46,-1.82%,-0.01,11,22506,卖盘
09:47:27,20.5,-1.63%,+0.04,130,266500,买盘
09:47:30,20.45,-1.87%,-0.05,29,59305,卖盘
09:47:33,20.47,-1.78%,+0.02,3,6141,中性盘
09:47:36,20.45,-1.87%,-0.02,20,40900,卖盘
09:47:39,20.51,-1.58%,+0.06,175,358925,买盘
09:47:42,20.48,-1.73%,-0.03,50,102400,卖盘
09:47:45,20.48,-1.73%,--,30,61440,卖盘
09:47:48,20.54,-1.44%,+0.06,300,616200,买盘
09:47:51,20.5,-1.63%,-0.04,87,178494,卖盘
09:47:54,20.51,-1.58%,+0.01,40,82040,中性盘
09:47:57,20.55,-1.39%,+0.04,11,22605,买盘
09:48:00,20.55,-1.39%,--,9,18495,卖盘
09:48:03,20.55,-1.39%,--,5,10275,卖盘
09:48:06,20.56,-1.34%,+0.01,17,34952,买盘
09:48:12,20.56,-1.34%,--,23,47288,卖盘
09:48:15,20.58,-1.25%,+0.02,399,821142,买盘
09:48:18,20.6,-1.15%,+0.02,56,115360,买盘
09:48:21,20.6,-1.15%,--,35,72100,买盘
09:48:24,20.6,-1.15%,--,76,156560,买盘
09:48:27,20.6,-1.15%,--,5,10300,卖盘
09:48:33,20.62,-1.06%,+0.01,40,82480,买盘
09:48:36,20.61,-1.10%,-0.01,22,45342,卖盘
09:48:39,20.6,-1.15%,-0.01,201,414060,卖盘
09:48:42,20.61,-1.10%,+0.01,75,154575,买盘
09:48:45,20.6,-1.15%,-0.01,65,133900,买盘
09:48:48,20.6,-1.15%,--,16,32960,买盘
09:48:51,20.6,-1.15%,--,63,129780,买盘
09:48:57,20.6,-1.15%,--,21,43260,买盘
09:49:00,20.6,-1.15%,--,59,121540,买盘
09:49:03,20.6,-1.15%,--,141,290460,买盘
09:49:06,20.59,-1.20%,-0.01,1,2059,中性盘
09:49:09,20.58,-1.25%,-0.01,42,86436,卖盘
09:49:12,20.58,-1.25%,--,62,127596,卖盘
09:49:18,20.57,-1.30%,-0.01,6,12342,卖盘
09:49:21,20.57,-1.30%,--,147,302379,卖盘
09:49:24,20.56,-1.34%,-0.01,224,460544,卖盘
09:49:27,20.56,-1.34%,--,2,4112,买盘
09:49:33,20.55,-1.39%,-0.01,7,14385,卖盘
09:49:39,20.57,-1.30%,+0.02,28,57596,买盘
09:49:45,20.55,-1.39%,-0.02,34,69870,卖盘
09:49:48,20.55,-1.39%,--,67,137685,卖盘
09:49:51,20.52,-1.54%,-0.03,7,14364,卖盘
09:49:51,20.52,-1.54%,--,7,14364,中性盘
09:49:51,20.52,-1.54%,--,7,14364,买盘
09:49:54,20.55,-1.39%,+0.03,34,69870,买盘
09:49:57,20.55,-1.39%,--,102,209610,买盘
09:50:00,20.55,-1.39%,--,22,45210,卖盘
09:50:03,20.52,-1.54%,-0.03,33,67716,卖盘
09:50:06,20.52,-1.54%,--,14,28728,买盘
09:50:09,20.5,-1.63%,-0.02,15,30750,卖盘
09:50:12,20.51,-1.58%,+0.01,29,59479,中性盘
09:50:15,20.51,-1.58%,--,24,49224,买盘
09:50:18,20.5,-1.63%,-0.01,80,164000,卖盘
09:50:21,20.51,-1.58%,+0.01,115,235865,卖盘
09:50:24,20.51,-1.58%,--,69,141519,卖盘
09:50:27,20.5,-1.63%,-0.01,70,143500,卖盘
09:50:33,20.5,-1.63%,--,49,100450,卖盘
09:50:36,20.49,-1.68%,-0.01,4,8196,卖盘
09:50:39,20.48,-1.73%,-0.01,33,67584,卖盘
09:50:42,20.49,-1.68%,+0.01,55,112695,买盘
09:50:45,20.46,-1.82%,-0.03,39,79794,卖盘
09:50:48,20.46,-1.82%,--,37,75702,卖盘
09:50:51,20.45,-1.87%,-0.01,88,179960,卖盘
09:50:54,20.46,-1.82%,+0.01,117,239382,卖盘
09:50:57,20.46,-1.82%,--,63,128898,卖盘
09:51:00,20.45,-1.87%,-0.01,25,51125,卖盘
09:51:03,20.47,-1.78%,+0.02,10,20470,中性盘
09:51:06,20.47,-1.78%,--,69,141243,买盘
09:51:09,20.47,-1.78%,--,41,83927,买盘
09:51:12,20.48,-1.73%,+0.01,16,32768,中性盘
09:51:15,20.49,-1.68%,+0.01,25,51225,买盘
09:51:18,20.45,-1.87%,-0.04,43,87935,卖盘
09:51:21,20.47,-1.78%,+0.02,17,34799,买盘
09:51:24,20.45,-1.87%,-0.02,56,114520,卖盘
09:51:27,20.47,-1.78%,+0.02,141,288627,买盘
09:51:30,20.45,-1.87%,-0.02,60,122700,卖盘
09:51:33,20.45,-1.87%,--,62,126790,卖盘
09:51:36,20.46,-1.82%,+0.01,49,100254,卖盘
09:51:39,20.45,-1.87%,-0.01,213,435585,卖盘
09:51:42,20.46,-1.82%,+0.01,13,26598,中性盘
09:51:45,20.43,-1.97%,-0.03,266,543438,卖盘
09:51:48,20.46,-1.82%,+0.03,49,100254,卖盘
09:51:51,20.46,-1.82%,--,28,57288,买盘
09:51:54,20.43,-1.97%,-0.03,113,230859,卖盘
09:52:00,20.46,-1.82%,+0.03,4,8184,买盘
09:52:03,20.46,-1.82%,--,10,20460,卖盘
09:52:06,20.46,-1.82%,--,7,14322,卖盘
09:52:09,20.45,-1.87%,-0.01,1,2045,卖盘
09:52:12,20.43,-1.97%,-0.02,124,253332,卖盘
09:52:15,20.43,-1.97%,--,95,194085,卖盘
09:52:18,20.45,-1.87%,+0.02,207,423315,中性盘
09:52:21,20.46,-1.82%,+0.01,25,51150,买盘
09:52:24,20.43,-1.97%,-0.03,146,298278,卖盘
09:52:27,20.49,-1.68%,+0.06,192,393408,买盘
09:52:30,20.5,-1.63%,+0.01,350,717500,买盘
09:52:33,20.52,-1.54%,+0.02,72,147744,买盘
09:52:36,20.54,-1.44%,+0.02,43,88322,买盘
09:52:39,20.55,-1.39%,+0.01,63,129465,买盘
09:52:42,20.55,-1.39%,--,13,26715,卖盘
09:52:45,20.54,-1.44%,-0.01,70,143780,卖盘
09:52:48,20.54,-1.44%,--,14,28756,卖盘
09:52:51,20.57,-1.30%,+0.03,30,61710,买盘
09:52:54,20.54,-1.44%,-0.03,124,254696,卖盘
09:52:57,20.55,-1.39%,+0.01,103,211665,买盘
09:53:00,20.55,-1.39%,--,19,39045,卖盘
09:53:03,20.54,-1.44%,-0.01,2,4108,卖盘
09:53:06,20.54,-1.44%,--,62,127348,买盘
09:53:09,20.54,-1.44%,--,200,410800,买盘
09:53:12,20.53,-1.49%,-0.01,54,110862,卖盘
09:53:15,20.53,-1.49%,--,44,90332,卖盘
09:53:18,20.53,-1.49%,--,158,324374,买盘
09:53:21,20.6,-1.15%,+0.07,1113,2292780,买盘
09:53:24,20.56,-1.34%,-0.04,82,168592,中性盘
09:53:24,20.56,-1.34%,--,82,168592,中性盘
09:53:24,20.56,-1.34%,--,82,168592,卖盘
09:53:27,20.54,-1.44%,-0.02,23,47242,卖盘
09:53:30,20.58,-1.25%,+0.04,2,4116,买盘
09:53:33,20.58,-1.25%,--,53,109074,买盘
09:53:36,20.58,-1.25%,--,24,49392,卖盘
09:53:39,20.58,-1.25%,--,5,10290,买盘
09:53:42,20.58,-1.25%,--,43,88494,买盘
09:53:45,20.55,-1.39%,-0.03,5,10275,卖盘
09:53:51,20.57,-1.30%,+0.02,12,24684,买盘
09:53:54,20.57,-1.30%,--,15,30855,买盘
09:53:57,20.58,-1.25%,+0.01,47,96726,买盘
09:54:00,20.57,-1.30%,-0.01,19,39083,卖盘
09:54:03,20.58,-1.25%,+0.01,22,45276,买盘
09:54:06,20.58,-1.25%,--,66,135828,买盘
09:54:09,20.58,-1.25%,--,132,271656,卖盘
09:54:12,20.58,-1.25%,--,38,78204,买盘
09:54:15,20.6,-1.15%,+0.02,22,45320,买盘
09:54:18,20.58,-1.25%,-0.02,40,82320,卖盘
09:54:24,20.59,-1.20%,+0.01,7,14413,卖盘
09:54:27,20.59,-1.20%,--,62,127658,买盘
09:54:30,20.59,-1.20%,--,29,59711,中性盘
09:54:33,20.59,-1.20%,--,10,20590,买盘
09:54:36,20.58,-1.25%,-0.01,86,176988,卖盘
09:54:39,20.58,-1.25%,--,6,12348,买盘
09:54:42,20.58,-1.25%,--,15,30870,买盘
09:54:51,20.58,-1.25%,--,4,8232,中性盘
09:54:54,20.58,-1.25%,--,20,41160,买盘
09:54:57,20.54,-1.44%,-0.04,160,328640,卖盘
09:55:00,20.56,-1.34%,+0.02,2,4112,中性盘
09:55:03,20.56,-1.34%,--,16,32896,买盘
09:55:06,20.56,-1.34%,--,26,53456,买盘
09:55:09,20.6,-1.15%,+0.04,109,224540,买盘
09:55:12,20.58,-1.25%,-0.02,141,290178,卖盘
09:55:15,20.61,-1.10%,+0.03,5,10305,中性盘
09:55:18,20.61,-1.10%,--,12,24732,买盘
09:55:21,20.57,-1.30%,-0.04,5,10285,卖盘
09:55:24,20.58,-1.25%,+0.01,39,80262,买盘
09:55:27,20.57,-1.30%,-0.01,47,96679,卖盘
09:55:30,20.57,-1.30%,--,30,61710,卖盘
09:55:33,20.59,-1.20%,+0.02,5,10295,买盘
09:55:36,20.59,-1.20%,--,5,10295,中性盘
09:55:42,20.59,-1.20%,--,8,16472,卖盘
09:55:45,20.59,-1.20%,--,7,14413,卖盘
09:55:48,20.6,-1.15%,+0.01,63,129780,买盘
09:55:51,20.59,-1.20%,-0.01,20,41180,卖盘
09:55:54,20.59,-1.20%,--,35,72065,买盘
09:55:57,20.59,-1.20%,--,3,6177,买盘
09:56:00,20.59,-1.20%,--,81,166779,买盘
09:56:03,20.6,-1.15%,+0.01,31,63860,买盘
09:56:06,20.6,-1.15%,--,210,432600,买盘
09:56:09,20.61,-1.10%,+0.01,317,653337,买盘
09:56:12,20.61,-1.10%,--,64,131904,买盘
09:56:15,20.6,-1.15%,-0.01,8,16480,卖盘
09:56:18,20.58,-1.25%,-0.02,82,168756,卖盘
09:56:21,20.59,-1.20%,+0.01,41,84419,买盘
09:56:24,20.59,-1.20%,--,32,65888,买盘
09:56:27,20.59,-1.20%,--,28,57652,卖盘
09:56:30,20.59,-1.20%,--,15,30885,买盘
09:56:33,20.57,-1.30%,-0.02,258,530706,卖盘
09:56:36,20.55,-1.39%,-0.02,152,312360,卖盘
09:56:39,20.54,-1.44%,-0.01,41,84214,卖盘
09:56:45,20.53,-1.49%,-0.01,119,244307,卖盘
09:56:51,20.52,-1.54%,-0.01,116,238032,卖盘
09:56:54,20.54,-1.44%,+0.02,336,690144,买盘
09:56:57,20.56,-1.34%,+0.02,6,12336,买盘
09:56:57,20.56,-1.34%,--,6,12336,中性盘
09:56:57,20.56,-1.34%,--,6,12336,买盘
09:57:00,20.57,-1.30%,+0.01,12,24684,买盘
09:57:03,20.56,-1.34%,-0.01,14,28784,卖盘
09:57:06,20.56,-1.34%,--,8,16448,买盘
09:57:09,20.55,-1.39%,-0.01,3,6165,卖盘
09:57:12,20.55,-1.39%,--,32,65760,卖盘
09:57:15,20.55,-1.39%,--,14,28770,买盘
09:57:18,20.54,-1.44%,-0.01,177,363558,卖盘
09:57:21,20.54,-1.44%,--,45,92430,买盘
09:57:30,20.54,-1.44%,--,57,117078,买盘
09:57:33,20.54,-1.44%,--,34,69836,卖盘
09:57:36,20.53,-1.49%,-0.01,2,4106,卖盘
09:57:39,20.52,-1.54%,-0.01,20,41040,卖盘
09:57:42,20.53,-1.49%,+0.01,36,73908,买盘
09:57:48,20.52,-1.54%,--,28,57456,卖盘
09:57:51,20.48,-1.73%,-0.04,386,790528,卖盘
09:57:54,20.48,-1.73%,--,7,14336,卖盘
09:57:57,20.49,-1.68%,+0.01,26,53274,买盘
09:58:00,20.49,-1.68%,--,51,104499,买盘
09:58:06,20.49,-1.68%,--,76,155724,卖盘
09:58:09,20.48,-1.73%,-0.01,101,206848,卖盘
09:58:12,20.49,-1.68%,+0.01,2,4098,买盘
09:58:15,20.48,-1.73%,-0.01,26,53248,卖盘
09:58:18,20.48,-1.73%,--,6,12288,卖盘
09:58:21,20.49,-1.68%,+0.01,34,69666,买盘
09:58:27,20.49,-1.68%,--,9,18441,买盘
09:58:30,20.49,-1.68%,--,13,26637,买盘
09:58:33,20.49,-1.68%,--,105,215145,买盘
09:58:39,20.5,-1.63%,+0.01,354,725700,买盘
09:58:42,20.5,-1.63%,--,1,2050,卖盘
09:58:45,20.52,-1.54%,+0.02,86,176472,买盘
09:58:48,20.52,-1.54%,--,33,67716,买盘
09:58:51,20.5,-1.63%,-0.02,67,137350,卖盘
09:58:54,20.53,-1.49%,+0.03,2,4106,买盘
09:58:57,20.52,-1.54%,-0.01,6,12312,卖盘
09:59:00,20.52,-1.54%,--,30,61560,卖盘
09:59:03,20.49,-1.68%,-0.03,327,670023,卖盘
09:59:06,20.5,-1.63%,+0.01,79,161950,买盘
09:59:09,20.49,-1.68%,-0.01,36,73764,中性盘
09:59:15,20.49,-1.68%,--,35,71715,买盘
09:59:18,20.48,-1.73%,-0.01,15,30720,买盘
09:59:21,20.47,-1.78%,-0.01,11,22517,卖盘
09:59:24,20.48,-1.73%,+0.01,34,69632,买盘
09:59:27,20.48,-1.73%,--,32,65536,买盘
09:59:30,20.49,-1.68%,+0.01,11,22539,买盘
09:59:33,20.48,-1.73%,-0.01,96,196608,卖盘
09:59:36,20.49,-1.68%,+0.01,3,6147,买盘
09:59:39,20.49,-1.68%,--,207,424143,买盘
09:59:42,20.49,-1.68%,--,79,161871,买盘
09:59:45,20.48,-1.73%,-0.01,16,32768,卖盘
09:59:48,20.49,-1.68%,+0.01,146,299154,买盘
09:59:51,20.53,-1.49%,+0.04,1325,2720225,买盘
09:59:57,20.54,-1.44%,+0.01,4,8216,买盘
10:00:00,20.54,-1.44%,--,3,6162,买盘
10:00:03,20.55,-1.39%,+0.01,48,98640,买盘
10:00:06,20.55,-1.39%,--,72,147960,买盘
10:00:09,20.59,-1.20%,+0.04,141,290319,买盘
10:00:12,20.59,-1.20%,--,16,32944,买盘
10:00:15,20.59,-1.20%,--,19,39121,卖盘
10:00:18,20.59,-1.20%,--,88,181192,卖盘
10:00:21,20.59,-1.20%,--,22,45298,卖盘
10:00:27,20.59,-1.20%,--,43,88537,买盘
10:00:30,20.59,-1.20%,--,13,26767,中性盘
10:00:30,20.59,-1.20%,--,13,26767,卖盘
10:00:33,20.6,-1.15%,+0.01,107,220420,买盘
10:00:36,20.6,-1.15%,--,15,30900,买盘
10:00:39,20.59,-1.20%,-0.01,83,170897,卖盘
10:00:42,20.6,-1.15%,+0.01,16,32960,买盘
10:00:45,20.6,-1.15%,--,41,84460,买盘
10:00:48,20.6,-1.15%,--,26,53560,买盘
10:00:54,20.59,-1.20%,-0.01,207,426213,卖盘
10:00:57,20.6,-1.15%,+0.01,11,22660,买盘
10:01:00,20.64,-0.96%,+0.04,42,86688,买盘
10:01:03,20.65,-0.91%,+0.01,105,216825,买盘
10:01:06,20.64,-0.96%,-0.01,22,45408,卖盘
10:01:09,20.64,-0.96%,--,37,76368,买盘
10:01:12,20.64,-0.96%,--,28,57792,买盘
10:01:15,20.64,-0.96%,--,10,20640,买盘
10:01:18,20.64,-0.96%,--,30,61920,买盘
10:01:21,20.66,-0.86%,+0.02,91,188006,买盘
10:01:27,20.64,-0.96%,-0.02,64,132096,卖盘
10:01:30,20.64,-0.96%,--,14,28896,买盘
10:01:33,20.64,-0.96%,--,31,63984,买盘
10:01:36,20.63,-1.01%,-0.01,12,24756,卖盘
10:01:39,20.64,-0.96%,+0.01,34,70176,买盘
10:01:42,20.64,-0.96%,--,27,55728,买盘
10:01:45,20.64,-0.96%,--,8,16512,买盘
10:01:48,20.65,-0.91%,+0.01,227,468755,买盘
10:01:51,20.66,-0.86%,+0.01,16,33056,买盘
10:01:54,20.66,-0.86%,--,151,311966,卖盘
10:01:57,20.66,-0.86%,--,22,45452,卖盘
10:02:00,20.68,-0.77%,+0.02,177,366036,买盘
10:02:03,20.69,-0.72%,+0.01,14,28966,买盘
10:02:06,20.69,-0.72%,--,65,134485,买盘
10:02:09,20.7,-0.67%,+0.01,31,64170,买盘
10:02:12,20.7,-0.67%,--,79,163530,买盘
10:02:15,20.7,-0.67%,--,122,252540,买盘
10:02:18,20.7,-0.67%,--,86,178020,买盘
10:02:21,20.71,-0.62%,+0.01,9,18639,买盘
10:02:24,20.71,-0.62%,--,204,422484,买盘
10:02:27,20.71,-0.62%,--,68,140828,买盘
10:02:30,20.66,-0.86%,-0.05,75,154950,卖盘
10:02:33,20.68,-0.77%,+0.02,116,239888,买盘
10:02:36,20.67,-0.82%,-0.01,149,307983,买盘
10:02:42,20.66,-0.86%,-0.01,21,43386,中性盘
10:02:48,20.67,-0.82%,+0.01,20,41340,买盘
10:02:51,20.67,-0.82%,--,11,22737,买盘
10:02:57,20.65,-0.91%,-0.02,29,59885,卖盘
10:03:00,20.65,-0.91%,--,47,97055,买盘
10:03:03,20.66,-0.86%,+0.01,30,61980,买盘
10:03:06,20.66,-0.86%,--,16,33056,买盘
10:03:09,20.67,-0.82%,+0.01,38,78546,买盘
10:03:12,20.67,-0.82%,--,61,126087,买盘
10:03:15,20.68,-0.77%,+0.01,118,244024,买盘
10:03:18,20.68,-0.77%,--,36,74448,买盘
10:03:21,20.68,-0.77%,--,40,82720,买盘
10:03:24,20.68,-0.77%,--,1,2068,买盘
10:03:27,20.67,-0.82%,-0.01,89,183963,卖盘
10:03:30,20.67,-0.82%,--,84,173628,买盘
10:03:33,20.67,-0.82%,--,28,57876,买盘
10:03:36,20.66,-0.86%,-0.01,4,8264,中性盘
10:03:48,20.65,-0.91%,-0.01,92,189980,卖盘
10:03:51,20.64,-0.96%,-0.01,9,18576,卖盘
10:03:54,20.65,-0.91%,+0.01,36,74340,买盘
10:04:00,20.65,-0.91%,--,17,35105,买盘
10:04:03,20.65,-0.91%,--,11,22715,中性盘
10:04:03,20.65,-0.91%,--,11,22715,买盘
10:04:06,20.64,-0.96%,-0.01,204,421056,卖盘
10:04:09,20.65,-0.91%,+0.01,10,20650,买盘
10:04:12,20.64,-0.96%,-0.01,8,16512,卖盘
10:04:15,20.64,-0.96%,--,62,127968,卖盘
10:04:18,20.64,-0.96%,--,1,2064,卖盘
10:04:21,20.64,-0.96%,--,11,22704,卖盘
10:04:24,20.62,-1.06%,-0.02,82,169084,卖盘
10:04:27,20.63,-1.01%,+0.01,15,30945,买盘
10:04:30,20.63,-1.01%,--,3,6189,中性盘
10:04:33,20.62,-1.06%,-0.01,11,22682,卖盘
10:04:36,20.61,-1.10%,-0.01,36,74196,卖盘
10:04:39,20.61,-1.10%,--,7,14427,卖盘
10:04:42,20.61,-1.10%,--,32,65952,卖盘
10:04:48,20.61,-1.10%,--,3,6183,卖盘
10:04:51,20.61,-1.10%,--,15,30915,卖盘
10:04:57,20.62,-1.06%,+0.01,67,138154,买盘
10:05:00,20.6,-1.15%,-0.02,10,20600,卖盘
10:05:03,20.62,-1.06%,+0.02,30,61860,买盘
10:05:06,20.6,-1.15%,-0.02,30,61800,卖盘
10:05:09,20.61,-1.10%,+0.01,18,37098,买盘
10:05:12,20.61,-1.10%,--,8,16488,卖盘
10:05:15,20.63,-1.01%,+0.02,190,391970,买盘
10:05:18,20.66,-0.86%,+0.03,35,72310,买盘
10:05:21,20.64,-0.96%,-0.02,105,216720,卖盘
10:05:24,20.68,-0.77%,+0.04,54,111672,买盘
10:05:27,20.67,-0.82%,-0.01,14,28938,卖盘
10:05:30,20.68,-0.77%,+0.01,32,66176,买盘
10:05:33,20.68,-0.77%,--,315,651420,买盘
10:05:36,20.67,-0.82%,-0.01,3,6201,中性盘
10:05:39,20.62,-1.06%,-0.05,30,61860,卖盘
10:05:42,20.67,-0.82%,+0.05,83,171561,买盘
10:05:45,20.67,-0.82%,--,65,134355,买盘
10:05:48,20.66,-0.86%,-0.01,1,2066,卖盘
10:05:51,20.68,-0.77%,+0.02,21,43428,买盘
10:05:54,20.68,-0.77%,--,12,24816,买盘
10:06:00,20.71,-0.62%,+0.03,610,1263310,买盘
10:06:03,20.72,-0.58%,+0.01,26,53872,买盘
10:06:06,20.73,-0.53%,+0.01,32,66336,买盘
10:06:09,20.73,-0.53%,--,10,20730,买盘
10:06:12,20.74,-0.48%,+0.01,119,246806,买盘
10:06:15,20.74,-0.48%,--,199,412726,买盘
10:06:18,20.74,-0.48%,--,31,64294,卖盘
10:06:21,20.79,-0.24%,+0.05,87,180873,买盘
10:06:24,20.76,-0.38%,-0.03,23,47748,买盘
10:06:27,20.8,-0.19%,+0.04,180,374400,买盘
10:06:30,20.77,-0.34%,-0.03,1,2077,卖盘
10:06:33,20.78,-0.29%,+0.01,263,546514,卖盘
10:06:36,20.79,-0.24%,+0.01,47,97713,买盘
10:06:39,20.77,-0.34%,-0.02,207,429939,卖盘
10:06:42,20.8,-0.19%,+0.03,506,1052480,买盘
10:06:45,20.82,-0.10%,+0.02,165,343530,买盘
10:06:48,20.82,-0.10%,--,41,85362,买盘
10:06:51,20.82,-0.10%,--,115,239430,买盘
10:06:54,20.82,-0.10%,--,118,245676,买盘
10:06:57,20.83,-0.05%,+0.01,264,549912,买盘
10:07:03,20.84,0.00%,--,10,20840,买盘
10:07:06,20.85,+0.05%,+0.01,120,250200,买盘
10:07:09,20.86,+0.10%,+0.01,157,327502,买盘
10:07:12,20.88,+0.19%,+0.02,40,83520,买盘
10:07:15,20.88,+0.19%,--,86,179568,买盘
10:07:18,20.93,+0.43%,+0.05,516,1079988,买盘
10:07:21,20.88,+0.19%,-0.05,117,244296,卖盘
10:07:24,20.91,+0.34%,+0.03,20,41820,中性盘
10:07:27,20.92,+0.38%,+0.01,198,414216,买盘
10:07:30,20.92,+0.38%,--,94,196648,买盘
10:07:33,20.87,+0.14%,-0.05,105,219135,卖盘
10:07:36,20.9,+0.29%,+0.03,146,305140,买盘
10:07:36,20.9,+0.29%,--,146,305140,中性盘
10:07:36,20.9,+0.29%,--,146,305140,买盘
10:07:39,20.88,+0.19%,-0.02,132,275616,中性盘
10:07:42,20.86,+0.10%,-0.02,232,483952,卖盘
10:07:45,20.87,+0.14%,+0.01,16,33392,买盘
10:07:48,20.88,+0.19%,+0.01,169,352872,中性盘
10:07:51,20.87,+0.14%,-0.01,156,325572,中性盘
10:07:54,20.85,+0.05%,-0.02,64,133440,卖盘
10:07:57,20.87,+0.14%,+0.02,61,127307,买盘
10:08:00,20.84,0.00%,-0.03,77,160468,卖盘
10:08:06,20.85,+0.05%,--,33,68805,卖盘
10:08:09,20.87,+0.14%,+0.02,148,308876,买盘
10:08:12,20.85,+0.05%,-0.02,35,72975,卖盘
10:08:15,20.85,+0.05%,--,142,296070,卖盘
10:08:18,20.85,+0.05%,--,205,427425,买盘
10:08:21,20.84,0.00%,-0.01,51,106284,卖盘
10:08:24,20.84,0.00%,--,26,54184,卖盘
10:08:27,20.85,+0.05%,+0.01,29,60465,买盘
10:08:30,20.83,-0.05%,-0.02,85,177055,卖盘
10:08:33,20.84,0.00%,+0.01,175,364700,买盘
10:08:39,20.82,-0.10%,-0.02,2,4164,中性盘
10:08:42,20.82,-0.10%,--,19,39558,买盘
10:08:45,20.84,0.00%,+0.02,78,162552,买盘
10:08:48,20.82,-0.10%,-0.02,99,206118,卖盘
10:08:51,20.82,-0.10%,--,1,2082,买盘
10:08:54,20.82,-0.10%,--,13,27066,买盘
10:08:57,20.81,-0.14%,-0.01,35,72835,卖盘
10:09:00,20.82,-0.10%,+0.01,26,54132,买盘
10:09:03,20.81,-0.14%,-0.01,17,35377,卖盘
10:09:06,20.8,-0.19%,-0.01,103,214240,卖盘
10:09:09,20.79,-0.24%,-0.01,86,178794,卖盘
10:09:12,20.77,-0.34%,-0.02,66,137082,卖盘
10:09:15,20.74,-0.48%,-0.03,31,64294,卖盘
10:09:18,20.76,-0.38%,+0.02,135,280260,买盘
10:09:21,20.76,-0.38%,--,10,20760,卖盘
10:09:24,20.74,-0.48%,-0.02,20,41480,卖盘
10:09:27,20.75,-0.43%,+0.01,17,35275,中性盘
10:09:30,20.74,-0.48%,-0.01,11,22814,中性盘
10:09:39,20.75,-0.43%,--,2,4150,中性盘
10:09:42,20.76,-0.38%,+0.01,26,53976,买盘
10:09:45,20.76,-0.38%,--,1,2076,买盘
10:09:48,20.75,-0.43%,-0.01,3,6225,卖盘
10:09:51,20.75,-0.43%,--,103,213725,卖盘
10:09:54,20.76,-0.38%,+0.01,52,107952,买盘
10:09:57,20.76,-0.38%,--,13,26988,买盘
10:10:00,20.76,-0.38%,--,8,16608,买盘
10:10:03,20.77,-0.34%,+0.01,3,6231,买盘
10:10:06,20.77,-0.34%,--,319,662563,买盘
10:10:09,20.79,-0.24%,+0.02,21,43659,买盘
10:10:12,20.79,-0.24%,--,1,2079,买盘
10:10:15,20.8,-0.19%,+0.01,19,39520,买盘
10:10:18,20.81,-0.14%,+0.01,37,76997,买盘
10:10:21,20.79,-0.24%,-0.02,98,203742,中性盘
10:10:27,20.78,-0.29%,-0.01,64,132992,卖盘
10:10:30,20.78,-0.29%,--,76,157928,卖盘
10:10:33,20.78,-0.29%,--,10,20780,买盘
10:10:36,20.78,-0.29%,--,57,118446,买盘
10:10:39,20.78,-0.29%,--,215,446770,卖盘
10:10:42,20.76,-0.38%,-0.02,326,676776,卖盘
10:10:45,20.77,-0.34%,+0.01,23,47771,买盘
10:10:48,20.75,-0.43%,-0.02,6,12450,卖盘
10:10:51,20.75,-0.43%,--,205,425375,买盘
10:10:54,20.75,-0.43%,--,52,107900,买盘
10:10:57,20.74,-0.48%,-0.01,20,41480,卖盘
10:11:00,20.75,-0.43%,+0.01,2,4150,买盘
10:11:03,20.74,-0.48%,-0.01,119,246806,卖盘
10:11:06,20.74,-0.48%,--,416,862784,买盘
10:11:09,20.79,-0.24%,+0.05,3,6237,买盘
10:11:09,20.79,-0.24%,--,3,6237,中性盘
10:11:09,20.79,-0.24%,--,3,6237,买盘
10:11:12,20.8,-0.19%,+0.01,5,10400,买盘
10:11:15,20.79,-0.24%,-0.01,2,4158,卖盘
10:11:18,20.8,-0.19%,+0.01,143,297440,买盘
10:11:21,20.81,-0.14%,+0.01,12,24972,中性盘
10:11:24,20.83,-0.05%,+0.02,47,97901,买盘
10:11:30,20.83,-0.05%,--,1,2083,卖盘
10:11:33,20.84,0.00%,+0.01,92,191811,买盘
10:11:36,20.84,0.00%,--,58,120872,卖盘
10:11:39,20.85,+0.05%,+0.01,150,312750,买盘
10:11:42,20.85,+0.05%,--,153,319005,买盘
10:11:45,20.85,+0.05%,--,19,39615,买盘
10:11:48,20.85,+0.05%,--,1,2085,买盘
10:11:51,20.85,+0.05%,--,16,33360,买盘
10:11:54,20.85,+0.05%,--,78,162630,买盘
10:11:57,20.86,+0.10%,+0.01,11,22946,买盘
10:12:00,20.86,+0.10%,--,43,89698,买盘
10:12:03,20.86,+0.10%,--,55,114730,买盘
10:12:06,20.84,0.00%,-0.02,72,150048,卖盘
10:12:09,20.85,+0.05%,+0.01,1,2085,买盘
10:12:12,20.83,-0.05%,-0.02,262,545746,卖盘
10:12:15,20.84,0.00%,+0.01,3,6252,买盘
10:12:21,20.81,-0.14%,-0.03,60,124860,卖盘
10:12:24,20.83,-0.05%,+0.02,52,108316,买盘
10:12:27,20.81,-0.14%,-0.02,7,14567,卖盘
10:12:30,20.84,0.00%,+0.03,24,50016,买盘
10:12:33,20.85,+0.05%,+0.01,69,143865,买盘
10:12:39,20.81,-0.14%,-0.04,20,41620,卖盘
10:12:45,20.85,+0.05%,+0.04,27,56295,买盘
10:12:48,20.85,+0.05%,--,5,10425,买盘
10:12:51,20.85,+0.05%,--,6,12510,买盘
10:12:54,20.84,0.00%,-0.01,36,75024,买盘
10:12:57,20.83,-0.05%,-0.01,101,210383,中性盘
10:13:00,20.84,0.00%,+0.01,22,45848,买盘
10:13:03,20.84,0.00%,--,9,18756,买盘
10:13:06,20.84,0.00%,--,96,200064,买盘
10:13:09,20.85,+0.05%,+0.01,232,483720,买盘
10:13:12,20.86,+0.10%,+0.01,33,68838,买盘
10:13:15,20.87,+0.14%,+0.01,32,66784,买盘
10:13:18,20.87,+0.14%,--,25,52175,买盘
10:13:21,20.88,+0.19%,+0.01,1,2088,买盘
10:13:24,20.88,+0.19%,--,44,91872,买盘
10:13:30,20.88,+0.19%,--,55,114840,卖盘
10:13:33,20.9,+0.29%,+0.02,68,142120,买盘
10:13:36,20.9,+0.29%,--,90,188100,买盘
10:13:39,20.9,+0.29%,--,10,20900,买盘
10:13:42,20.9,+0.29%,--,79,165110,买盘
10:13:45,20.9,+0.29%,--,25,52250,卖盘
10:13:48,20.91,+0.34%,+0.01,155,324105,买盘
10:13:51,20.9,+0.29%,-0.01,64,133760,卖盘
10:13:54,20.91,+0.34%,+0.01,29,60639,买盘
10:13:57,20.91,+0.34%,--,39,81549,买盘
10:14:00,20.91,+0.34%,--,115,240465,买盘
10:14:03,20.88,+0.19%,-0.03,466,973008,卖盘
10:14:06,20.87,+0.14%,-0.01,148,308876,中性盘
10:14:09,20.88,+0.19%,+0.01,28,58464,买盘
10:14:12,20.88,+0.19%,--,20,41760,中性盘
10:14:15,20.85,+0.05%,-0.03,51,106335,卖盘
10:14:18,20.85,+0.05%,--,44,91740,卖盘
10:14:21,20.86,+0.10%,+0.01,9,18774,买盘
10:14:24,20.85,+0.05%,-0.01,47,97995,卖盘
10:14:30,20.83,-0.05%,-0.02,110,229130,卖盘
10:14:33,20.84,0.00%,+0.01,60,125040,中性盘
10:14:36,20.84,0.00%,--,6,12504,卖盘
10:14:39,20.85,+0.05%,+0.01,7,14595,买盘
10:14:42,20.84,0.00%,-0.01,31,64604,卖盘
10:14:42,20.84,0.00%,--,31,64604,中性盘
10:14:42,20.84,0.00%,--,31,64604,买盘
10:14:45,20.85,+0.05%,+0.01,9,18765,买盘
10:14:51,20.84,0.00%,-0.01,23,47932,卖盘
10:14:54,20.85,+0.05%,+0.01,13,27105,买盘
10:14:57,20.85,+0.05%,--,18,37530,买盘
10:15:00,20.85,+0.05%,--,13,27105,买盘
10:15:03,20.86,+0.10%,+0.01,39,81354,买盘
10:15:06,20.86,+0.10%,--,4,8344,买盘
10:15:09,20.85,+0.05%,-0.01,2,4170,卖盘
10:15:12,20.86,+0.10%,+0.01,72,150192,买盘
10:15:15,20.86,+0.10%,--,34,70924,买盘
10:15:18,20.86,+0.10%,--,76,158536,买盘
10:15:24,20.87,+0.14%,+0.01,20,41740,买盘
10:15:27,20.86,+0.10%,-0.01,112,233632,卖盘
10:15:30,20.89,+0.24%,+0.03,54,112806,买盘
10:15:33,20.86,+0.10%,-0.03,374,780164,卖盘
10:15:36,20.86,+0.10%,--,12,25032,买盘
10:15:39,20.89,+0.24%,+0.03,35,73115,买盘
10:15:48,20.88,+0.19%,-0.01,25,52200,中性盘
10:15:51,20.89,+0.24%,+0.01,20,41780,买盘
10:15:54,20.88,+0.19%,-0.01,3,6264,中性盘
10:15:57,20.89,+0.24%,+0.01,10,20890,买盘
10:16:00,20.89,+0.24%,--,129,269481,买盘
10:16:03,20.9,+0.29%,+0.01,11,22990,买盘
10:16:06,20.9,+0.29%,--,28,58520,买盘
10:16:09,20.9,+0.29%,--,671,1402390,买盘
10:16:12,20.91,+0.34%,+0.01,42,87822,买盘
10:16:15,20.91,+0.34%,--,33,69003,卖盘
10:16:18,20.91,+0.34%,--,8,16728,卖盘
10:16:21,20.93,+0.43%,+0.02,221,462553,买盘
10:16:24,20.92,+0.38%,-0.01,77,161084,卖盘
10:16:30,20.94,+0.48%,+0.01,56,117264,买盘
10:16:33,20.93,+0.43%,-0.01,112,234416,卖盘
10:16:36,20.95,+0.53%,+0.02,456,955320,买盘
10:16:39,20.98,+0.67%,+0.03,618,1296564,买盘
10:16:42,21.03,+0.91%,+0.05,1357,2853771,买盘
10:16:45,21.01,+0.82%,-0.02,59,123959,卖盘
10:16:48,21.04,+0.96%,+0.03,26,54704,买盘
10:16:51,21.03,+0.91%,-0.01,162,340686,中性盘
10:16:54,21.03,+0.91%,--,301,633003,买盘
10:16:57,21.02,+0.86%,-0.01,77,161854,中性盘
10:17:00,20.96,+0.58%,-0.06,717,1502832,卖盘
10:17:03,21.02,+0.86%,+0.06,273,573846,买盘
10:17:06,21.0,+0.77%,-0.02,222,466200,中性盘
10:17:09,20.97,+0.62%,-0.03,148,310356,卖盘
10:17:12,21.0,+0.77%,+0.03,30,63000,买盘
10:17:15,21.0,+0.77%,--,185,388500,买盘
10:17:18,21.0,+0.77%,--,74,155400,卖盘
10:17:21,21.0,+0.77%,--,186,390600,卖盘
10:17:24,21.02,+0.86%,+0.02,62,130324,买盘
10:17:27,21.0,+0.77%,-0.02,166,348600,卖盘
10:17:30,21.02,+0.86%,+0.02,46,96692,买盘
10:17:33,21.01,+0.82%,-0.01,339,712239,中性盘
10:17:36,21.02,+0.86%,+0.01,79,166058,买盘
10:17:39,21.0,+0.77%,-0.02,151,317100,卖盘
10:17:42,20.99,+0.72%,-0.01,142,298058,中性盘
10:17:45,21.02,+0.86%,+0.03,246,517092,买盘
10:17:48,21.0,+0.77%,-0.02,26,54600,卖盘
10:18:00,21.01,+0.82%,+0.02,58,121858,买盘
10:18:03,20.99,+0.72%,-0.02,14,29386,卖盘
10:18:06,21.0,+0.77%,+0.01,3,6300,中性盘
10:18:15,21.0,+0.77%,--,31,65100,中性盘
10:18:15,21.0,+0.77%,--,31,65100,买盘
10:18:18,20.99,+0.72%,-0.01,84,176316,卖盘
10:18:21,20.99,+0.72%,--,75,157425,卖盘
10:18:24,21.0,+0.77%,+0.01,45,94500,中性盘
10:18:27,21.0,+0.77%,--,125,262500,卖盘
10:18:30,21.01,+0.82%,+0.01,125,262625,买盘
10:18:36,21.01,+0.82%,-0.01,11,23111,卖盘
10:18:39,21.01,+0.82%,--,120,252120,卖盘
10:18:42,21.01,+0.82%,--,20,42020,中性盘
10:18:45,21.02,+0.86%,+0.01,25,52550,买盘
10:18:48,21.01,+0.82%,-0.01,31,65131,中性盘
10:18:51,21.02,+0.86%,+0.01,98,205996,买盘
10:18:54,21.01,+0.82%,-0.01,306,642906,中性盘
10:18:57,21.0,+0.77%,-0.01,17,35700,卖盘
10:19:00,21.02,+0.86%,+0.02,37,77774,买盘
10:19:03,20.97,+0.62%,-0.05,279,585063,卖盘
10:19:06,21.0,+0.77%,+0.03,445,934500,买盘
10:19:09,20.98,+0.67%,-0.02,4,8392,买盘
10:19:12,21.0,+0.77%,+0.02,9,18900,买盘
10:19:15,20.98,+0.67%,-0.02,12,25176,中性盘
10:19:18,20.94,+0.48%,-0.04,201,420894,卖盘
10:19:21,20.99,+0.72%,+0.05,58,121742,买盘
10:19:24,21.0,+0.77%,+0.01,12,25200,买盘
10:19:27,20.98,+0.67%,-0.02,19,39862,卖盘
10:19:36,20.98,+0.67%,--,90,188820,中性盘
10:19:39,20.96,+0.58%,-0.02,4,8384,卖盘
10:19:42,20.92,+0.38%,-0.04,346,723832,卖盘
10:19:45,20.95,+0.53%,+0.03,16,33520,买盘
10:19:48,20.92,+0.38%,-0.03,51,106692,卖盘
10:19:51,20.95,+0.53%,+0.03,45,94275,买盘
10:19:54,20.91,+0.34%,-0.04,6,12546,买盘
10:19:57,20.94,+0.48%,+0.03,48,100512,买盘
10:20:00,20.9,+0.29%,-0.04,121,252890,卖盘
10:20:03,20.94,+0.48%,+0.04,158,330852,买盘
10:20:09,20.91,+0.34%,-0.03,25,52275,中性盘
10:20:12,20.91,+0.34%,--,2,4182,中性盘
10:20:15,20.93,+0.43%,+0.02,91,190463,买盘
10:20:21,20.93,+0.43%,--,26,54418,买盘
10:20:24,20.92,+0.38%,-0.01,63,131796,卖盘
10:20:27,20.94,+0.48%,+0.02,13,27222,买盘
10:20:30,20.94,+0.48%,--,57,119358,买盘
10:20:33,20.93,+0.43%,-0.01,192,401856,卖盘
10:20:36,20.92,+0.38%,-0.01,8,16736,卖盘
10:20:39,20.9,+0.29%,-0.02,9,18810,卖盘
10:20:42,20.89,+0.24%,-0.01,99,206811,卖盘
10:20:45,20.9,+0.29%,+0.01,430,898700,买盘
10:20:48,20.87,+0.14%,-0.03,28,58436,卖盘
10:20:51,20.88,+0.19%,+0.01,28,58464,中性盘
10:20:57,20.89,+0.24%,+0.01,1,2089,买盘
10:21:00,20.86,+0.10%,-0.03,20,41720,卖盘
10:21:03,20.88,+0.19%,+0.02,2,4176,买盘
10:21:06,20.88,+0.19%,--,48,100224,买盘
10:21:09,20.88,+0.19%,--,21,43848,买盘
10:21:12,20.9,+0.29%,+0.02,238,497420,买盘
10:21:15,20.93,+0.43%,+0.03,61,127673,买盘
10:21:18,20.94,+0.48%,+0.01,21,43974,买盘
10:21:21,20.95,+0.53%,+0.01,15,31425,买盘
10:21:24,20.94,+0.48%,-0.01,76,159144,卖盘
10:21:27,20.95,+0.53%,+0.01,111,232545,买盘
10:21:30,20.94,+0.48%,-0.01,15,31410,中性盘
10:21:33,20.95,+0.53%,+0.01,9,18855,买盘
10:21:36,20.94,+0.48%,-0.01,55,115170,卖盘
10:21:39,20.95,+0.53%,+0.01,120,251400,买盘
10:21:42,20.94,+0.48%,-0.01,4,8376,中性盘
10:21:45,20.95,+0.53%,+0.01,123,257685,买盘
10:21:48,20.91,+0.34%,-0.04,51,106641,卖盘
10:21:48,20.91,+0.34%,--,51,106641,中性盘
10:21:48,20.91,+0.34%,--,51,106641,买盘
10:21:51,20.91,+0.34%,--,77,161007,买盘
10:21:57,20.91,+0.34%,--,12,25092,卖盘
10:22:00,20.92,+0.38%,+0.01,10,20920,买盘
10:22:03,20.92,+0.38%,--,107,223844,买盘
10:22:09,20.94,+0.48%,+0.02,11,23034,买盘
10:22:12,20.94,+0.48%,--,9,18846,买盘
10:22:15,20.94,+0.48%,--,15,31410,卖盘
10:22:21,20.94,+0.48%,-0.01,46,96324,卖盘
10:22:24,20.94,+0.48%,--,39,81666,买盘
10:22:27,20.95,+0.53%,+0.01,43,90085,买盘
10:22:30,20.95,+0.53%,--,68,142460,买盘
10:22:33,20.95,+0.53%,--,143,299585,买盘
10:22:36,20.95,+0.53%,--,489,1024455,买盘
10:22:39,20.97,+0.62%,+0.02,17,35649,买盘
10:22:42,20.98,+0.67%,+0.01,38,79724,买盘
10:22:45,20.99,+0.72%,+0.01,11,23089,买盘
10:22:48,20.99,+0.72%,--,22,46178,买盘
10:22:51,21.0,+0.77%,+0.01,241,506100,买盘
10:22:54,21.0,+0.77%,--,34,71400,买盘
10:22:57,21.02,+0.86%,+0.02,760,1597520,买盘
10:23:00,21.02,+0.86%,--,44,92488,买盘
10:23:03,21.02,+0.86%,--,334,702068,买盘
10:23:06,21.02,+0.86%,--,12,25224,中性盘
10:23:09,21.04,+0.96%,+0.02,103,216712,买盘
10:23:12,21.04,+0.96%,--,234,492336,买盘
10:23:15,21.03,+0.91%,-0.01,496,1043088,卖盘
10:23:18,21.05,+1.01%,+0.02,19,39995,中性盘
10:23:24,21.05,+1.01%,--,150,315750,买盘
10:23:27,21.03,+0.91%,-0.02,195,410085,卖盘
10:23:30,21.05,+1.01%,+0.02,221,465205,买盘
10:23:33,21.04,+0.96%,-0.01,30,63120,买盘
10:23:36,21.03,+0.91%,-0.01,44,92532,中性盘
10:23:39,21.04,+0.96%,+0.01,169,355576,买盘
10:23:45,21.04,+0.96%,--,132,277728,买盘
10:23:48,21.02,+0.86%,-0.02,149,313198,卖盘
10:23:51,21.05,+1.01%,+0.03,21,44205,买盘
10:23:54,21.02,+0.86%,-0.03,43,90386,买盘
10:23:57,21.02,+0.86%,--,16,33632,买盘
10:24:00,21.02,+0.86%,--,54,113508,买盘
10:24:03,21.01,+0.82%,-0.01,20,42020,卖盘
10:24:09,21.02,+0.86%,--,69,145038,买盘
10:24:12,21.0,+0.77%,-0.02,24,50400,卖盘
10:24:15,21.02,+0.86%,+0.02,8,16816,买盘
10:24:18,21.02,+0.86%,--,100,210200,买盘
10:24:21,21.01,+0.82%,-0.01,57,119757,中性盘
10:24:24,21.01,+0.82%,--,66,138666,卖盘
10:24:27,21.02,+0.86%,+0.01,45,94590,买盘
10:24:30,21.0,+0.77%,-0.02,158,331800,卖盘
10:24:36,21.0,+0.77%,--,36,75600,买盘
10:24:39,20.99,+0.72%,-0.01,87,182613,卖盘
10:24:45,21.02,+0.86%,+0.03,258,542316,买盘
10:24:48,21.02,+0.86%,--,68,142936,买盘
10:24:51,21.02,+0.86%,--,4,8408,买盘
10:24:57,21.02,+0.86%,--,71,149242,买盘
10:25:00,21.02,+0.86%,--,29,60958,卖盘
10:25:03,21.02,+0.86%,--,15,31530,卖盘
10:25:06,21.03,+0.91%,+0.01,81,170343,买盘
10:25:09,21.01,+0.82%,-0.02,92,193292,卖盘
10:25:12,21.03,+0.91%,+0.02,24,50472,中性盘
10:25:18,21.04,+0.96%,+0.01,25,52600,买盘
10:25:21,21.04,+0.96%,--,173,363992,卖盘
10:25:21,21.04,+0.96%,--,173,363992,中性盘
10:25:21,21.04,+0.96%,--,173,363992,买盘
10:25:24,21.05,+1.01%,+0.01,311,654655,买盘
10:25:27,21.02,+0.86%,-0.03,7,14714,卖盘
10:25:30,21.01,+0.82%,-0.01,100,210100,中性盘
10:25:33,21.01,+0.82%,--,151,317251,买盘
10:25:36,21.01,+0.82%,--,37,77737,买盘
10:25:39,21.0,+0.77%,-0.01,7,14700,卖盘
10:25:42,21.01,+0.82%,+0.01,32,67232,买盘
10:25:45,21.0,+0.77%,-0.01,36,75600,卖盘
10:25:48,21.0,+0.77%,--,44,92400,买盘
10:25:54,21.0,+0.77%,--,8,16800,买盘
10:25:57,20.98,+0.67%,-0.02,41,86018,卖盘
10:26:00,20.99,+0.72%,+0.01,28,58772,买盘
10:26:03,20.98,+0.67%,-0.01,57,120446,卖盘
10:26:06,21.0,+0.77%,+0.02,92,193200,买盘
10:26:09,21.04,+0.96%,+0.04,219,460776,买盘
10:26:12,21.0,+0.77%,-0.04,12,25200,卖盘
10:26:15,21.04,+0.96%,+0.04,12,25248,买盘
10:26:21,21.02,+0.86%,-0.02,13,27326,中性盘
10:26:24,21.04,+0.96%,+0.02,17,35768,买盘
10:26:27,21.03,+0.91%,-0.01,25,52575,中性盘
10:26:30,21.04,+0.96%,+0.01,57,119928,买盘
10:26:33,21.04,+0.96%,--,103,216712,买盘
10:26:39,21.05,+1.01%,--,35,73675,买盘
10:26:42,21.05,+1.01%,--,44,92620,买盘
10:26:45,21.05,+1.01%,--,42,88410,买盘
10:26:48,21.04,+0.96%,-0.01,324,681696,卖盘
10:26:51,21.05,+1.01%,+0.01,81,170505,买盘
10:26:54,21.05,+1.01%,--,71,149455,买盘
10:26:57,21.06,+1.06%,+0.01,562,1183572,买盘
10:27:03,21.08,+1.15%,+0.01,2,4216,买盘
10:27:06,21.09,+1.20%,+0.01,135,284715,买盘
10:27:09,21.07,+1.10%,-0.02,127,267589,卖盘
10:27:12,21.08,+1.15%,+0.01,96,202368,买盘
10:27:15,21.06,+1.06%,-0.02,39,82134,卖盘
10:27:18,21.09,+1.20%,+0.03,186,392274,买盘
10:27:21,21.08,+1.15%,-0.01,169,356252,买盘
10:27:24,21.07,+1.10%,-0.01,98,206486,中性盘
10:27:27,21.08,+1.15%,+0.01,47,99076,中性盘
10:27:30,21.06,+1.06%,-0.02,1604,3378024,卖盘
10:27:33,21.01,+0.82%,-0.05,34,71434,卖盘
10:27:36,21.01,+0.82%,--,54,113454,卖盘
10:27:39,21.03,+0.91%,+0.02,44,92532,买盘
10:27:42,21.0,+0.77%,-0.03,33,69300,卖盘
10:27:45,21.02,+0.86%,+0.02,6,12612,买盘
10:27:57,21.02,+0.86%,--,29,60958,买盘
10:28:03,21.02,+0.86%,--,80,168160,买盘
10:28:06,21.03,+0.91%,+0.01,54,113562,买盘
10:28:09,21.03,+0.91%,--,2,4206,买盘
10:28:12,21.04,+0.96%,+0.01,72,151488,买盘
10:28:15,21.02,+0.86%,-0.02,131,275362,卖盘
10:28:21,21.01,+0.82%,-0.01,13,27313,卖盘
10:28:27,21.02,+0.86%,+0.01,22,46244,买盘
10:28:30,21.01,+0.82%,-0.01,53,111353,卖盘
10:28:36,21.01,+0.82%,--,22,46222,买盘
10:28:39,21.02,+0.86%,+0.01,95,199690,买盘
10:28:45,21.02,+0.86%,--,22,46244,买盘
10:28:48,21.02,+0.86%,--,7,14714,买盘
10:28:51,21.02,+0.86%,--,19,39938,买盘
10:28:54,21.02,+0.86%,--,17,35734,中性盘
10:28:54,21.02,+0.86%,--,17,35734,买盘
10:28:57,21.02,+0.86%,--,24,50448,买盘
10:29:00,21.01,+0.82%,-0.01,181,380281,卖盘
10:29:03,21.01,+0.82%,--,186,390786,买盘
10:29:06,21.01,+0.82%,--,7,14707,买盘
10:29:12,21.0,+0.77%,--,61,128100,卖盘
10:29:15,21.0,+0.77%,--,134,281400,买盘
10:29:18,20.99,+0.72%,-0.01,10,20990,中性盘
10:29:21,20.97,+0.62%,-0.02,213,447898,卖盘
10:29:24,20.96,+0.58%,-0.01,1,2096,卖盘
10:29:27,20.95,+0.53%,-0.01,9,18855,卖盘
10:29:30,20.95,+0.53%,--,88,184360,卖盘
10:29:33,20.96,+0.58%,+0.01,18,37728,买盘
10:29:36,20.96,+0.58%,--,23,48208,买盘
10:29:39,20.97,+0.62%,+0.01,34,71298,买盘
10:29:45,21.0,+0.77%,+0.03,50,105000,买盘
10:29:48,20.97,+0.62%,-0.03,292,612324,卖盘
10:29:51,21.0,+0.77%,+0.03,179,375900,买盘
10:29:57,21.01,+0.82%,+0.01,3,6303,买盘
10:30:00,21.0,+0.77%,-0.01,18,37800,卖盘
10:30:03,21.0,+0.77%,--,18,37800,买盘
10:30:06,21.01,+0.82%,+0.01,75,157575,买盘
10:30:09,20.99,+0.72%,-0.02,343,719957,卖盘
10:30:12,21.0,+0.77%,+0.01,321,674100,买盘
10:30:15,21.01,+0.82%,+0.01,8,16808,卖盘
10:30:18,21.01,+0.82%,--,1,2101,卖盘
10:30:21,21.01,+0.82%,--,88,184888,卖盘
10:30:24,21.01,+0.82%,--,40,84040,卖盘
10:30:30,21.01,+0.82%,--,69,144969,卖盘
10:30:33,21.03,+0.91%,+0.02,38,79914,买盘
10:30:39,21.03,+0.91%,--,18,37854,卖盘
10:30:42,21.03,+0.91%,--,82,172446,卖盘
10:30:45,21.05,+1.01%,+0.02,26,54730,买盘
10:30:48,21.05,+1.01%,--,32,67360,买盘
10:30:51,21.06,+1.06%,+0.01,43,90558,买盘
10:30:54,21.05,+1.01%,-0.01,8,16840,卖盘
10:30:57,21.06,+1.06%,+0.01,50,105300,买盘
10:31:00,21.05,+1.01%,-0.01,108,227340,卖盘
10:31:03,21.06,+1.06%,+0.01,63,132678,中性盘
10:31:06,21.07,+1.10%,+0.01,43,90601,买盘
10:31:09,21.07,+1.10%,--,89,187523,买盘
10:31:12,21.04,+0.96%,-0.03,42,88368,卖盘
10:31:15,21.03,+0.91%,-0.01,369,776007,卖盘
10:31:18,21.01,+0.82%,-0.02,30,63030,卖盘
10:31:21,21.02,+0.86%,+0.01,3,6306,买盘
10:31:24,21.03,+0.91%,+0.01,3,6309,买盘
10:31:27,21.02,+0.86%,-0.01,111,233322,买盘
10:31:30,21.01,+0.82%,-0.01,20,42020,中性盘
10:31:33,21.01,+0.82%,--,53,111353,买盘
10:31:39,21.01,+0.82%,--,24,50424,卖盘
10:31:42,21.02,+0.86%,+0.01,18,37836,买盘
10:31:45,21.02,+0.86%,--,81,170262,卖盘
10:31:48,21.03,+0.91%,+0.01,35,73605,买盘
10:31:51,21.02,+0.86%,-0.01,19,39938,卖盘
10:31:54,21.03,+0.91%,+0.01,43,90429,买盘
10:31:57,21.04,+0.96%,+0.01,19,39976,买盘
10:32:03,21.04,+0.96%,--,21,44184,买盘
10:32:09,21.04,+0.96%,--,30,63120,买盘
10:32:12,21.03,+0.91%,-0.01,22,46266,卖盘
10:32:15,21.04,+0.96%,+0.01,49,103096,买盘
10:32:18,21.04,+0.96%,--,22,46288,买盘
10:32:21,21.04,+0.96%,--,3,6312,买盘
10:32:24,21.03,+0.91%,-0.01,35,73605,卖盘
10:32:27,21.03,+0.91%,--,8,16824,中性盘
10:32:33,21.03,+0.91%,--,15,31545,买盘
10:32:39,21.02,+0.86%,--,11,23122,卖盘
10:32:42,21.02,+0.86%,--,23,48346,卖盘
10:32:45,21.03,+0.91%,+0.01,11,23133,买盘
10:32:48,21.02,+0.86%,-0.01,341,716782,卖盘
10:32:54,21.02,+0.86%,--,35,73570,买盘
10:32:57,21.0,+0.77%,-0.02,93,195300,卖盘
10:33:00,21.02,+0.86%,+0.02,1,2102,买盘
10:33:03,21.02,+0.86%,--,9,18918,买盘
10:33:06,21.0,+0.77%,-0.02,45,94500,卖盘
10:33:09,21.02,+0.86%,+0.02,200,420400,买盘
10:33:12,20.99,+0.72%,-0.03,10,20990,卖盘
10:33:15,21.01,+0.82%,+0.02,16,33616,买盘
10:33:18,21.01,+0.82%,--,14,29414,买盘
10:33:21,21.02,+0.86%,+0.01,20,42040,买盘
10:33:24,21.02,+0.86%,--,2,4204,买盘
10:33:27,21.01,+0.82%,-0.01,26,54626,卖盘
10:33:30,21.01,+0.82%,--,12,25212,卖盘
10:33:33,21.02,+0.86%,+0.01,21,44142,买盘
10:33:36,21.02,+0.86%,--,13,27326,买盘
10:33:39,21.02,+0.86%,--,15,31530,买盘
10:33:42,21.02,+0.86%,--,27,56754,卖盘
10:33:48,21.02,+0.86%,--,36,75672,卖盘
10:33:51,21.03,+0.91%,+0.01,80,168240,买盘
10:33:54,21.03,+0.91%,--,20,42060,买盘
10:33:57,21.03,+0.91%,--,8,16824,买盘
10:34:00,21.04,+0.96%,+0.01,1,2104,买盘
10:34:03,21.05,+1.01%,+0.01,90,189450,买盘
10:34:09,21.05,+1.01%,+0.01,100,210500,买盘
10:34:15,21.04,+0.96%,-0.01,4,8416,买盘
10:34:18,21.04,+0.96%,--,1,2104,买盘
10:34:21,21.02,+0.86%,-0.02,244,512888,卖盘
10:34:24,21.03,+0.91%,+0.01,2,4206,卖盘
10:34:30,21.01,+0.82%,-0.02,136,285799,卖盘
10:34:33,21.04,+0.96%,+0.03,4,8416,中性盘
10:34:36,21.01,+0.82%,-0.03,14,29414,卖盘
10:34:39,21.01,+0.82%,--,3,6303,卖盘
10:34:42,21.01,+0.82%,--,13,27313,卖盘
10:34:45,21.01,+0.82%,--,11,23111,卖盘
10:34:48,21.01,+0.82%,--,70,147070,卖盘
10:34:51,21.01,+0.82%,--,101,212201,卖盘
10:34:54,21.01,+0.82%,--,103,218441,卖盘
10:34:57,21.01,+0.82%,--,120,252120,买盘
10:35:00,21.01,+0.82%,--,21,44121,买盘
10:35:03,21.0,+0.77%,-0.01,15,31500,卖盘
10:35:06,21.01,+0.82%,+0.01,22,46285,买盘
10:35:09,21.0,+0.77%,-0.01,466,980070,卖盘
10:35:12,21.0,+0.77%,--,113,237300,卖盘
10:35:15,20.99,+0.72%,-0.01,50,105517,卖盘
10:35:18,21.03,+0.91%,+0.04,86,180858,买盘
10:35:21,21.0,+0.77%,-0.03,70,147000,买盘
10:35:24,21.0,+0.77%,--,10,21000,卖盘
10:35:30,21.01,+0.82%,+0.01,32,67232,中性盘
10:35:33,21.0,+0.77%,-0.01,20,42000,卖盘
10:35:36,21.01,+0.82%,+0.01,25,52525,中性盘
10:35:39,21.01,+0.82%,--,7,14707,卖盘
10:35:42,21.0,+0.77%,-0.01,22,46200,卖盘
10:35:45,21.0,+0.77%,--,27,56700,卖盘
10:35:48,21.02,+0.86%,+0.02,3,6306,买盘
10:35:54,21.0,+0.77%,-0.02,105,220500,卖盘
10:35:57,21.01,+0.82%,+0.01,11,23111,买盘
10:35:57,21.01,+0.82%,-0.01,11,23111,中性盘
10:36:03,21.0,+0.77%,-0.01,27,56700,卖盘
10:36:06,21.0,+0.77%,--,11,23100,卖盘
10:36:12,21.01,+0.82%,+0.01,36,75636,买盘
10:36:15,21.0,+0.77%,-0.01,1,2100,卖盘
10:36:18,21.0,+0.77%,--,22,46200,卖盘
10:36:21,20.99,+0.72%,-0.01,74,155326,卖盘
10:36:24,20.99,+0.72%,--,4,8396,卖盘
10:36:30,21.01,+0.82%,+0.01,84,176484,买盘
10:36:33,20.99,+0.72%,-0.02,12,25188,卖盘
10:36:36,21.0,+0.77%,+0.01,1,2100,买盘
10:36:39,21.0,+0.77%,--,11,23100,买盘
10:36:42,21.0,+0.77%,--,9,18900,买盘
10:36:45,20.99,+0.72%,-0.01,30,62970,卖盘
10:36:48,21.0,+0.77%,+0.01,11,23100,买盘
10:36:51,21.0,+0.77%,--,3,6300,买盘
10:37:00,20.99,+0.72%,-0.01,23,48277,卖盘
10:37:03,21.0,+0.77%,+0.01,10,21000,买盘
10:37:09,20.98,+0.67%,-0.02,236,495128,卖盘
10:37:12,20.97,+0.62%,-0.01,55,115335,卖盘
10:37:15,20.97,+0.62%,--,3,6291,卖盘
10:37:18,20.97,+0.62%,--,28,58716,卖盘
10:37:21,20.99,+0.72%,+0.02,157,329543,买盘
10:37:24,20.98,+0.67%,-0.01,6,12588,中性盘
10:37:27,20.97,+0.62%,-0.01,15,31455,卖盘
10:37:30,20.97,+0.62%,--,5,10485,卖盘
10:37:33,20.97,+0.62%,--,30,62910,卖盘
10:37:36,20.97,+0.62%,--,37,77589,卖盘
10:37:39,20.97,+0.62%,--,2,4194,卖盘
10:37:42,20.97,+0.62%,--,51,106947,卖盘
10:37:48,20.97,+0.62%,-0.01,28,58716,卖盘
10:37:51,20.97,+0.62%,--,15,31455,买盘
10:37:54,20.95,+0.53%,-0.02,26,54470,卖盘
10:37:57,20.97,+0.62%,+0.02,10,20970,买盘
10:38:00,20.96,+0.58%,-0.01,2,4192,买盘
10:38:03,20.96,+0.58%,--,89,186670,买盘
10:38:06,20.97,+0.62%,+0.01,445,933165,买盘
10:38:09,20.99,+0.72%,+0.02,1223,2567077,买盘
10:38:12,20.99,+0.72%,--,27,56673,买盘
10:38:15,20.99,+0.72%,--,50,104950,买盘
10:38:18,20.99,+0.72%,--,6,12594,买盘
10:38:21,20.99,+0.72%,--,9,18891,买盘
10:38:24,20.99,+0.72%,--,70,146930,买盘
10:38:27,20.98,+0.67%,-0.01,200,419600,卖盘
10:38:33,20.99,+0.72%,+0.01,16,33584,买盘
10:38:36,21.0,+0.77%,+0.01,6,12600,买盘
10:38:39,20.99,+0.72%,-0.01,31,65069,卖盘
10:38:42,20.99,+0.72%,--,30,62970,买盘
10:38:45,20.99,+0.72%,--,13,27287,买盘
10:38:48,20.99,+0.72%,--,20,41980,卖盘
10:38:54,21.0,+0.77%,+0.01,30,63000,买盘
10:38:57,21.0,+0.77%,--,20,42000,买盘
10:39:00,21.0,+0.77%,--,39,83160,买盘
10:39:09,21.01,+0.82%,+0.01,21,44121,买盘
10:39:15,21.0,+0.77%,--,13,27300,卖盘
10:39:18,21.01,+0.82%,+0.01,5,10505,买盘
10:39:21,21.0,+0.77%,-0.01,52,109200,卖盘
10:39:24,21.01,+0.82%,+0.01,4,8404,买盘
10:39:27,21.0,+0.77%,-0.01,5,10500,卖盘
10:39:30,20.99,+0.72%,-0.01,118,247682,卖盘
10:39:33,21.01,+0.82%,+0.02,4,8404,买盘
10:39:33,21.01,+0.82%,--,4,8404,中性盘
10:39:33,21.01,+0.82%,--,4,8404,买盘
10:39:36,20.99,+0.72%,-0.02,18,38622,卖盘
10:39:39,20.97,+0.62%,-0.02,11,23067,卖盘
10:39:45,20.98,+0.67%,+0.01,1,2098,买盘
10:39:48,20.96,+0.58%,-0.02,33,69168,卖盘
10:39:51,20.99,+0.72%,+0.03,1,2099,买盘
10:40:03,20.97,+0.62%,-0.01,13,27261,买盘
10:40:06,20.96,+0.58%,-0.01,5,10480,卖盘
10:40:09,20.96,+0.58%,--,1,2096,卖盘
10:40:12,20.97,+0.62%,+0.01,21,44037,买盘
10:40:15,20.95,+0.53%,-0.02,21,43995,卖盘
10:40:21,20.95,+0.53%,--,5,10475,卖盘
10:40:24,20.95,+0.53%,--,20,41900,卖盘
10:40:27,20.95,+0.53%,--,82,171790,卖盘
10:40:30,20.94,+0.48%,-0.01,13,27222,卖盘
10:40:33,20.94,+0.48%,--,5,10470,卖盘
10:40:36,20.94,+0.48%,--,6,12564,卖盘
10:40:39,20.95,+0.53%,+0.01,2,4190,买盘
10:40:45,20.94,+0.48%,-0.01,10,20940,卖盘
10:40:48,20.94,+0.48%,--,23,50130,卖盘
10:40:51,20.94,+0.48%,--,1,2094,买盘
10:40:57,20.93,+0.43%,-0.01,37,77441,卖盘
10:41:00,20.93,+0.43%,--,83,173719,卖盘
10:41:03,20.93,+0.43%,--,25,52325,买盘
10:41:06,20.93,+0.43%,--,36,75348,买盘
10:41:15,20.93,+0.43%,--,10,20930,卖盘
10:41:21,20.94,+0.48%,+0.01,8,16752,买盘
10:41:24,20.96,+0.58%,+0.02,113,236848,买盘
10:41:27,20.96,+0.58%,--,38,79648,买盘
10:41:36,20.99,+0.72%,+0.03,42,88158,买盘
10:41:39,20.98,+0.67%,-0.01,26,54548,卖盘
10:41:45,20.99,+0.72%,--,1,3358,买盘
10:41:48,20.99,+0.72%,--,13,27287,卖盘
10:41:54,21.0,+0.77%,+0.02,19,39900,买盘
10:41:57,20.98,+0.67%,-0.02,2,4196,卖盘
10:42:00,20.98,+0.67%,--,18,37764,卖盘
10:42:03,20.98,+0.67%,--,74,155378,卖盘
10:42:06,20.98,+0.67%,--,26,55261,卖盘
10:42:12,20.99,+0.72%,+0.01,20,41980,买盘
10:42:15,20.98,+0.67%,-0.01,10,20980,卖盘
10:42:18,20.99,+0.72%,+0.01,31,65069,买盘
10:42:21,20.98,+0.67%,-0.01,54,113292,卖盘
10:42:24,20.98,+0.67%,--,34,71332,卖盘
10:42:27,20.98,+0.67%,--,40,83920,买盘
10:42:30,20.97,+0.62%,-0.01,26,54522,卖盘
10:42:39,20.98,+0.67%,--,35,73430,买盘
10:42:57,20.97,+0.62%,+0.01,21,44037,卖盘
10:43:03,20.97,+0.62%,--,10,20970,买盘
10:43:06,20.96,+0.58%,-0.01,13,27248,卖盘
10:43:06,20.96,+0.58%,--,13,27248,中性盘
10:43:06,20.96,+0.58%,--,13,27248,卖盘
10:43:09,20.98,+0.67%,+0.02,22,46156,买盘
10:43:15,20.98,+0.67%,--,10,20980,买盘
10:43:21,20.98,+0.67%,--,11,23078,买盘
10:43:24,20.99,+0.72%,+0.01,7,14693,买盘
10:43:27,20.96,+0.58%,-0.03,35,73360,卖盘
10:43:30,20.96,+0.58%,--,2,4192,卖盘
10:43:39,20.97,+0.62%,+0.01,1,2097,中性盘
10:43:45,20.98,+0.67%,+0.01,4,8392,买盘
10:43:48,20.97,+0.62%,-0.01,7,14679,卖盘
10:43:51,20.98,+0.67%,+0.01,3,6294,买盘
10:43:57,20.97,+0.62%,-0.01,2,4194,卖盘
10:44:00,20.98,+0.67%,+0.01,15,31470,买盘
10:44:03,20.97,+0.62%,-0.01,17,35649,卖盘
10:44:06,20.98,+0.67%,+0.01,11,23078,买盘
10:44:09,20.98,+0.67%,--,58,121684,买盘
10:44:12,20.96,+0.58%,-0.02,14,29344,卖盘
10:44:24,20.97,+0.62%,+0.01,10,20970,中性盘
10:44:27,20.98,+0.67%,+0.01,42,88116,买盘
10:44:30,20.97,+0.62%,-0.01,23,48231,卖盘
10:44:33,20.97,+0.62%,--,10,20970,卖盘
10:44:36,20.96,+0.58%,-0.01,11,23056,卖盘
10:44:45,20.96,+0.58%,--,51,106896,卖盘
10:44:48,20.97,+0.62%,+0.01,67,140499,买盘
10:44:51,20.97,+0.62%,--,14,29358,卖盘
10:44:54,20.94,+0.48%,-0.03,277,580038,卖盘
10:45:00,20.94,+0.48%,--,15,31410,买盘
10:45:03,20.93,+0.43%,-0.01,5,10465,卖盘
10:45:15,20.93,+0.43%,-0.01,8,16744,卖盘
10:45:18,20.93,+0.43%,--,25,52325,卖盘
10:45:21,20.93,+0.43%,--,30,62790,买盘
10:45:24,20.93,+0.43%,--,14,29302,买盘
10:45:27,20.93,+0.43%,--,5,10465,卖盘
10:45:30,20.93,+0.43%,--,33,69069,卖盘
10:45:33,20.94,+0.48%,+0.01,29,60726,买盘
10:45:36,20.93,+0.43%,-0.01,60,125580,卖盘
10:45:39,20.92,+0.38%,-0.01,5,10460,卖盘
10:45:42,20.93,+0.43%,+0.01,10,20930,买盘
10:45:45,20.93,+0.43%,--,21,43953,买盘
10:45:48,20.92,+0.38%,-0.01,4,8368,卖盘
10:45:51,20.93,+0.43%,+0.01,12,25116,买盘
10:45:54,20.92,+0.38%,-0.01,17,35564,卖盘
10:46:00,20.92,+0.38%,--,5,10460,卖盘
10:46:03,20.93,+0.43%,+0.01,7,14651,买盘
10:46:12,20.93,+0.43%,--,29,60697,买盘
10:46:15,20.93,+0.43%,--,17,35581,卖盘
10:46:18,20.94,+0.48%,+0.01,24,50256,买盘
10:46:21,20.94,+0.48%,--,10,20940,买盘
10:46:24,20.94,+0.48%,--,24,50256,买盘
10:46:27,20.94,+0.48%,--,14,29316,买盘
10:46:30,20.94,+0.48%,--,2,4188,买盘
10:46:33,20.93,+0.43%,-0.01,30,62790,卖盘
10:46:36,20.94,+0.48%,+0.01,26,54444,买盘
10:46:39,20.93,+0.43%,-0.01,36,75348,卖盘
10:46:39,20.93,+0.43%,--,36,75348,中性盘
10:46:42,20.94,+0.48%,+0.01,30,62820,买盘
10:46:45,20.93,+0.43%,-0.01,10,20930,卖盘
10:46:51,20.93,+0.43%,--,1,2093,卖盘
10:46:54,20.93,+0.43%,--,4,8372,卖盘
10:46:57,20.94,+0.48%,+0.01,90,188460,买盘
10:47:00,20.94,+0.48%,--,20,41880,卖盘
10:47:03,20.94,+0.48%,--,9,18846,卖盘
10:47:06,20.96,+0.58%,+0.02,17,35632,买盘
10:47:09,20.96,+0.58%,--,71,148816,买盘
10:47:12,20.95,+0.53%,-0.01,18,37710,中性盘
10:47:15,20.96,+0.58%,+0.01,33,69168,买盘
10:47:18,20.96,+0.58%,--,9,18864,买盘
10:47:21,20.96,+0.58%,--,13,27248,买盘
10:47:24,20.96,+0.58%,--,20,41920,买盘
10:47:33,20.97,+0.62%,+0.01,14,29358,买盘
10:47:36,20.98,+0.67%,+0.01,23,48254,买盘
10:47:39,20.95,+0.53%,-0.03,23,48185,卖盘
10:47:42,20.95,+0.53%,--,15,31425,卖盘
10:47:45,20.96,+0.58%,+0.01,4,8384,买盘
10:47:48,20.95,+0.53%,-0.01,10,20950,卖盘
10:47:51,20.95,+0.53%,--,31,64945,卖盘
10:47:54,20.96,+0.58%,+0.01,5,10480,买盘
10:47:57,20.96,+0.58%,--,10,20960,买盘
10:48:00,20.97,+0.62%,+0.01,4,8388,买盘
10:48:03,20.97,+0.62%,--,2,4194,买盘
10:48:09,20.97,+0.62%,--,23,48231,买盘
10:48:12,20.96,+0.58%,-0.01,80,167680,卖盘
10:48:15,20.95,+0.53%,-0.01,46,96370,卖盘
10:48:18,20.97,+0.62%,+0.02,33,69201,卖盘
10:48:21,20.98,+0.67%,+0.01,88,184624,买盘
10:48:24,20.98,+0.67%,--,28,58744,卖盘
10:48:27,20.99,+0.72%,+0.01,10,20990,买盘
10:48:30,20.99,+0.72%,--,318,667482,买盘
10:48:33,20.98,+0.67%,-0.01,62,130076,卖盘
10:48:42,21.01,+0.82%,+0.03,9,18909,买盘
10:48:45,21.01,+0.82%,--,2,4202,买盘
10:48:54,21.01,+0.82%,--,28,58828,买盘
10:48:57,21.0,+0.77%,-0.01,21,44100,卖盘
10:49:00,21.0,+0.77%,--,58,121800,卖盘
10:49:03,21.0,+0.77%,--,40,84000,卖盘
10:49:15,21.0,+0.77%,--,24,50400,买盘
10:49:18,20.99,+0.72%,-0.01,14,29386,卖盘
10:49:21,21.0,+0.77%,+0.01,15,31500,买盘
10:49:24,21.0,+0.77%,--,23,48300,买盘
10:49:27,21.0,+0.77%,--,12,25200,买盘
10:49:30,21.02,+0.86%,+0.02,17,35734,买盘
10:49:33,21.0,+0.77%,-0.02,29,60900,卖盘
10:49:36,21.02,+0.86%,+0.02,7,14714,买盘
10:49:39,21.0,+0.77%,-0.02,5,10500,卖盘
10:49:42,21.01,+0.82%,+0.01,2,4202,买盘
10:49:45,21.02,+0.86%,+0.01,29,60958,买盘
10:49:48,21.01,+0.82%,-0.01,20,42020,买盘
10:49:51,21.01,+0.82%,--,30,63030,买盘
10:50:00,21.02,+0.86%,+0.01,86,180772,买盘
10:50:03,21.02,+0.86%,--,1,2102,买盘
10:50:09,21.02,+0.86%,--,3,6306,买盘
10:50:12,21.02,+0.86%,--,14,29428,买盘
10:50:12,21.02,+0.86%,--,14,29428,中性盘
10:50:15,21.02,+0.86%,--,33,69366,买盘
10:50:18,21.04,+0.96%,+0.02,151,317704,买盘
10:50:27,21.04,+0.96%,--,37,77848,卖盘
10:50:30,21.04,+0.96%,--,127,267208,买盘
10:50:33,21.05,+1.01%,+0.01,14,29470,买盘
10:50:36,21.04,+0.96%,-0.01,31,65224,卖盘
10:50:45,21.04,+0.96%,--,46,96784,卖盘
10:50:48,21.03,+0.91%,-0.01,86,180858,卖盘
10:50:54,21.04,+0.96%,+0.01,35,73640,买盘
10:51:06,21.04,+0.96%,--,13,27352,买盘
10:51:09,21.04,+0.96%,--,12,25248,买盘
10:51:12,21.03,+0.91%,-0.01,2,4206,中性盘
10:51:15,21.04,+0.96%,+0.01,20,42080,买盘
10:51:21,21.04,+0.96%,--,4,8416,买盘
10:51:24,21.04,+0.96%,--,15,31560,买盘
10:51:30,21.04,+0.96%,--,56,117824,买盘
10:51:33,21.04,+0.96%,--,17,35768,买盘
10:51:42,21.05,+1.01%,+0.01,55,115775,买盘
10:51:48,21.05,+1.01%,--,15,31575,买盘
10:51:51,21.05,+1.01%,--,25,52625,买盘
10:51:54,21.05,+1.01%,--,86,181030,买盘
10:51:57,21.05,+1.01%,--,70,147350,买盘
10:52:00,21.05,+1.01%,--,17,35785,买盘
10:52:03,21.05,+1.01%,--,149,313645,买盘
10:52:06,21.05,+1.01%,--,16,33680,买盘
10:52:09,21.05,+1.01%,--,1,2105,买盘
10:52:12,21.05,+1.01%,--,29,61045,买盘
10:52:15,21.05,+1.01%,--,31,65255,买盘
10:52:18,21.04,+0.96%,-0.01,42,88368,卖盘
10:52:21,21.05,+1.01%,+0.01,16,33680,中性盘
10:52:24,21.06,+1.06%,+0.01,22,46332,买盘
10:52:42,21.05,+1.01%,-0.01,29,61045,卖盘
10:52:45,21.05,+1.01%,--,8,16840,卖盘
10:52:51,21.05,+1.01%,--,105,221025,卖盘
10:52:54,21.04,+0.96%,-0.01,52,109408,卖盘
10:52:57,21.05,+1.01%,+0.01,62,130510,买盘
10:53:00,21.04,+0.96%,-0.01,264,555456,卖盘
10:53:03,21.05,+1.01%,+0.01,7,14735,买盘
10:53:06,21.05,+1.01%,--,33,69465,卖盘
10:53:09,21.06,+1.06%,+0.01,23,48438,买盘
10:53:15,21.04,+0.96%,-0.01,49,103096,卖盘
10:53:21,21.04,+0.96%,--,23,48392,卖盘
10:53:24,21.04,+0.96%,--,30,63120,卖盘
10:53:33,21.06,+1.06%,+0.02,203,427518,买盘
10:53:36,21.06,+1.06%,--,34,71604,卖盘
10:53:39,21.06,+1.06%,--,47,98982,卖盘
10:53:42,21.06,+1.06%,--,15,31590,卖盘
10:53:45,21.06,+1.06%,--,65,136890,中性盘
10:53:51,21.06,+1.06%,--,112,235872,卖盘
10:53:54,21.06,+1.06%,--,69,145314,买盘
10:53:57,21.07,+1.10%,+0.01,104,219128,买盘
10:54:06,21.08,+1.15%,+0.01,107,225556,买盘
10:54:09,21.08,+1.15%,--,37,77996,买盘
10:54:15,21.08,+1.15%,--,68,143344,买盘
10:54:18,21.08,+1.15%,--,56,118048,卖盘
10:54:21,21.08,+1.15%,--,131,276148,卖盘
10:54:24,21.09,+1.20%,+0.01,79,166611,买盘
10:54:27,21.09,+1.20%,--,33,69597,卖盘
10:54:30,21.09,+1.20%,--,351,740259,卖盘
10:54:33,21.09,+1.20%,--,29,61161,买盘
10:54:36,21.09,+1.20%,--,8,16872,买盘
10:54:39,21.09,+1.20%,--,32,67488,买盘
10:54:42,21.08,+1.15%,-0.01,15,31620,卖盘
10:54:48,21.08,+1.15%,--,150,316200,卖盘
10:54:51,21.08,+1.15%,--,76,160208,买盘
10:54:54,21.07,+1.10%,-0.01,108,227556,卖盘
10:54:57,21.08,+1.15%,+0.01,9,18972,中性盘
10:55:06,21.09,+1.20%,+0.02,61,128649,买盘
10:55:12,21.08,+1.15%,-0.01,29,61132,买盘
10:55:18,21.07,+1.10%,-0.01,52,109564,卖盘
10:55:24,21.07,+1.10%,--,2,4214,中性盘
10:55:30,21.09,+1.20%,+0.02,37,78033,买盘
10:55:33,21.09,+1.20%,--,57,120213,买盘
10:55:36,21.07,+1.10%,-0.02,2,4214,中性盘
10:55:45,21.06,+1.06%,-0.01,13,27378,卖盘
10:55:51,21.08,+1.15%,+0.01,13,27404,买盘
10:55:54,21.08,+1.15%,--,49,103292,买盘
10:56:00,21.02,+0.86%,-0.06,923,1940146,卖盘
10:56:03,21.08,+1.15%,+0.06,20,42160,买盘
10:56:06,21.08,+1.15%,--,30,63240,买盘
10:56:18,21.06,+1.06%,-0.02,28,58968,卖盘
10:56:21,21.08,+1.15%,+0.02,60,126480,买盘
10:56:24,21.06,+1.06%,-0.02,42,88452,卖盘
10:56:30,21.06,+1.06%,--,35,73710,买盘
10:56:33,21.05,+1.01%,-0.01,10,21050,卖盘
10:56:36,21.06,+1.06%,+0.01,39,82134,买盘
10:56:39,21.05,+1.01%,-0.01,11,23155,卖盘
10:56:42,21.05,+1.01%,--,56,117880,卖盘
10:56:48,21.05,+1.01%,--,2,4210,买盘
10:56:51,21.06,+1.06%,+0.01,30,63180,买盘
10:56:54,21.05,+1.01%,-0.01,1,2105,卖盘
10:56:57,21.06,+1.06%,+0.01,120,252720,买盘
10:57:00,21.07,+1.10%,+0.01,28,58996,买盘
10:57:09,21.08,+1.15%,+0.01,9,18972,买盘
10:57:12,21.07,+1.10%,-0.01,47,99029,卖盘
10:57:15,21.07,+1.10%,--,13,27391,买盘
10:57:15,21.07,+1.10%,--,13,27391,中性盘
10:57:24,21.07,+1.10%,--,17,35819,买盘
10:57:36,21.07,+1.10%,--,3,6321,卖盘
10:57:42,21.07,+1.10%,--,36,75852,卖盘
10:57:51,21.06,+1.06%,-0.01,10,21060,卖盘
10:57:54,21.07,+1.10%,+0.01,13,27391,买盘
10:58:00,21.06,+1.06%,-0.01,2,4212,卖盘
10:58:03,21.06,+1.06%,--,3,6318,卖盘
10:58:06,21.07,+1.10%,+0.01,35,73745,买盘
10:58:09,21.07,+1.10%,--,2,4214,买盘
10:58:18,21.07,+1.10%,--,11,23177,买盘
10:58:24,21.06,+1.06%,-0.01,102,214812,卖盘
10:58:27,21.06,+1.06%,--,27,56862,卖盘
10:58:33,21.07,+1.10%,+0.01,36,75852,买盘
10:58:36,21.07,+1.10%,--,52,109564,卖盘
10:58:39,21.08,+1.15%,+0.01,169,356252,买盘
10:58:45,21.08,+1.15%,--,49,103292,卖盘
10:58:48,21.06,+1.06%,-0.02,226,475956,卖盘
10:58:57,21.07,+1.10%,+0.01,10,21070,买盘
10:59:09,21.05,+1.01%,-0.02,84,176820,卖盘
10:59:21,21.05,+1.01%,--,28,58940,卖盘
10:59:30,21.04,+0.96%,--,5,10520,卖盘
10:59:33,21.04,+0.96%,--,6,12624,卖盘
10:59:36,21.04,+0.96%,--,2,4208,卖盘
10:59:42,21.02,+0.86%,-0.02,1,2102,卖盘
10:59:48,21.03,+0.91%,+0.01,2,4206,买盘
10:59:51,21.02,+0.86%,-0.01,4,8408,卖盘
11:00:06,21.02,+0.86%,--,12,25224,卖盘
11:00:09,21.04,+0.96%,+0.02,2,4208,买盘
11:00:12,21.05,+1.01%,+0.01,32,67360,买盘
11:00:15,21.05,+1.01%,--,24,50520,买盘
11:00:18,21.05,+1.01%,--,108,227340,买盘
11:00:21,21.05,+1.01%,--,12,25260,买盘
11:00:24,21.05,+1.01%,--,5,10525,买盘
11:00:30,21.06,+1.06%,+0.01,26,54756,买盘
11:00:33,21.06,+1.06%,--,17,35802,买盘
11:00:39,21.05,+1.01%,-0.01,21,44205,卖盘
11:00:42,21.06,+1.06%,+0.01,10,21060,买盘
11:00:45,21.06,+1.06%,--,3,6318,买盘
11:00:51,21.06,+1.06%,+0.01,16,33696,卖盘
11:00:51,21.06,+1.06%,--,16,33696,中性盘
11:00:54,21.07,+1.10%,+0.01,30,63210,买盘
11:00:57,21.06,+1.06%,-0.01,3,6318,卖盘
11:01:00,21.07,+1.10%,+0.01,2,4214,买盘
11:01:03,21.07,+1.10%,--,57,120099,买盘
11:01:06,21.05,+1.01%,-0.02,5,10525,卖盘
11:01:09,21.07,+1.10%,+0.02,16,33712,买盘
11:01:12,21.05,+1.01%,-0.02,9,18945,卖盘
11:01:24,21.05,+1.01%,--,22,46310,卖盘
11:01:27,21.05,+1.01%,--,46,96830,卖盘
11:01:33,21.05,+1.01%,--,4,8420,中性盘
11:01:36,21.04,+0.96%,-0.01,6,12624,卖盘
11:01:39,21.03,+0.91%,-0.01,38,79914,卖盘
11:01:45,21.03,+0.91%,--,9,18927,卖盘
11:01:57,21.02,+0.86%,-0.01,8,16816,卖盘
11:02:03,21.03,+0.91%,+0.01,33,69399,买盘
11:02:15,21.03,+0.91%,--,5,10515,卖盘
11:02:18,21.03,+0.91%,--,1,2103,卖盘
11:02:21,21.04,+0.96%,+0.01,4,8416,买盘
11:02:24,21.04,+0.96%,--,2,4208,买盘
11:02:30,21.04,+0.96%,--,1,2104,卖盘
11:02:33,21.05,+1.01%,+0.01,20,42100,买盘
11:02:36,21.05,+1.01%,--,45,94725,买盘
11:02:39,21.05,+1.01%,--,7,14735,买盘
11:02:48,21.05,+1.01%,--,6,12630,卖盘
11:02:51,21.05,+1.01%,--,7,14735,卖盘
11:02:54,21.06,+1.06%,+0.01,7,14742,买盘
11:03:00,21.06,+1.06%,--,41,86346,买盘
11:03:03,21.05,+1.01%,-0.01,25,52625,卖盘
11:03:06,21.06,+1.06%,+0.01,17,35802,卖盘
11:03:09,21.07,+1.10%,+0.01,52,109564,买盘
11:03:12,21.07,+1.10%,--,104,219128,买盘
11:03:24,21.08,+1.15%,--,66,139128,买盘
11:03:27,21.08,+1.15%,--,31,65348,买盘
11:03:30,21.08,+1.15%,--,19,40052,买盘
11:03:33,21.08,+1.15%,--,16,33728,买盘
11:03:39,21.07,+1.10%,-0.01,51,107457,卖盘
11:03:51,21.07,+1.10%,--,3,6321,买盘
11:04:03,21.08,+1.15%,+0.01,225,474300,买盘
11:04:09,21.09,+1.20%,+0.01,18,37962,买盘
11:04:12,21.09,+1.20%,--,63,132867,买盘
11:04:15,21.09,+1.20%,--,48,101232,买盘
11:04:18,21.09,+1.20%,--,101,213009,买盘
11:04:24,21.1,+1.25%,--,12,25320,中性盘
11:04:27,21.1,+1.25%,--,32,67520,买盘
11:04:30,21.11,+1.30%,+0.01,345,728295,买盘
11:04:33,21.11,+1.30%,--,170,358870,买盘
11:04:36,21.12,+1.34%,+0.01,54,114048,买盘
11:04:39,21.12,+1.34%,--,58,122496,买盘
11:04:42,21.13,+1.39%,+0.01,94,198622,买盘
11:04:45,21.14,+1.44%,+0.01,17,35938,买盘
11:04:51,21.15,+1.49%,+0.01,17,35955,买盘
11:04:54,21.15,+1.49%,--,129,272835,买盘
11:04:57,21.15,+1.49%,--,236,499140,买盘
11:05:00,21.18,+1.63%,+0.03,60,127080,买盘
11:05:03,21.18,+1.63%,--,129,273222,买盘
11:05:06,21.15,+1.49%,-0.03,117,247455,卖盘
11:05:09,21.17,+1.58%,+0.02,171,362007,买盘
11:05:12,21.15,+1.49%,-0.02,187,395505,中性盘
11:05:15,21.13,+1.39%,-0.02,39,82407,卖盘
11:05:18,21.15,+1.49%,+0.02,264,558360,买盘
11:05:21,21.14,+1.44%,-0.01,11,23254,中性盘
11:05:30,21.12,+1.34%,-0.01,39,82368,卖盘
11:05:33,21.1,+1.25%,-0.02,306,645660,卖盘
11:05:36,21.09,+1.20%,-0.01,295,622155,卖盘
11:05:39,21.1,+1.25%,+0.01,14,29540,买盘
11:05:42,21.08,+1.15%,-0.02,15,31620,中性盘
11:05:45,21.11,+1.30%,+0.03,27,56997,买盘
11:05:48,21.08,+1.15%,-0.03,15,31620,中性盘
11:05:54,21.09,+1.20%,+0.01,14,29526,中性盘
11:06:00,21.1,+1.25%,+0.02,10,21100,买盘
11:06:09,21.1,+1.25%,--,15,31650,中性盘
11:06:12,21.1,+1.25%,--,24,50640,买盘
11:06:15,21.11,+1.30%,+0.01,22,46442,买盘
11:06:18,21.12,+1.34%,+0.01,3,6336,买盘
11:06:21,21.12,+1.34%,--,24,50688,买盘
11:06:24,21.1,+1.25%,-0.02,148,312280,卖盘
11:06:30,21.09,+1.20%,--,40,84360,卖盘
11:06:33,21.11,+1.30%,+0.02,118,249098,买盘
11:06:45,21.1,+1.25%,+0.01,13,27430,买盘
11:06:51,21.09,+1.20%,-0.01,2,4218,中性盘
11:06:54,21.08,+1.15%,-0.01,132,278256,卖盘
11:06:57,21.09,+1.20%,+0.01,26,54834,买盘
11:07:00,21.07,+1.10%,-0.02,17,35819,卖盘
11:07:03,21.08,+1.15%,+0.01,1,2108,卖盘
11:07:06,21.08,+1.15%,--,19,40052,卖盘
11:07:24,21.11,+1.30%,+0.02,11,23221,买盘
11:07:27,21.1,+1.25%,-0.01,63,132930,卖盘
11:07:30,21.11,+1.30%,+0.01,11,23221,买盘
11:07:33,21.09,+1.20%,-0.02,591,1246419,卖盘
11:07:36,21.07,+1.10%,-0.02,879,1852053,卖盘
11:07:39,21.08,+1.15%,+0.01,51,107508,买盘
11:07:42,21.06,+1.06%,-0.02,23,48438,卖盘
11:07:48,21.08,+1.15%,+0.02,4,8432,买盘
11:07:51,21.08,+1.15%,--,4,8432,买盘
11:07:51,21.08,+1.15%,-0.02,4,8432,中性盘
11:08:00,21.06,+1.06%,-0.02,2,4212,卖盘
11:08:03,21.08,+1.15%,+0.02,10,21080,买盘
11:08:09,21.08,+1.15%,--,10,21080,买盘
11:08:12,21.07,+1.10%,-0.01,15,31605,中性盘
11:08:15,21.07,+1.10%,--,31,65317,中性盘
11:08:18,21.08,+1.15%,+0.01,17,35836,买盘
11:08:24,21.06,+1.06%,-0.02,61,128466,卖盘
11:08:27,21.08,+1.15%,+0.02,6,12648,买盘
11:08:30,21.08,+1.15%,--,3,6324,买盘
11:08:36,21.06,+1.06%,-0.02,3,6318,卖盘
11:08:39,21.09,+1.20%,+0.03,283,596847,买盘
11:08:51,21.06,+1.06%,-0.03,43,90558,卖盘
11:08:54,21.06,+1.06%,--,4,8424,买盘
11:08:57,21.06,+1.06%,--,30,63180,买盘
11:09:00,21.06,+1.06%,--,133,280098,买盘
11:09:03,21.09,+1.20%,+0.03,12,25308,买盘
11:09:06,21.06,+1.06%,-0.03,5,10530,卖盘
11:09:09,21.09,+1.20%,+0.03,59,124431,买盘
11:09:15,21.06,+1.06%,-0.03,210,442260,卖盘
11:09:18,21.07,+1.10%,+0.01,1,2107,卖盘
11:09:21,21.12,+1.34%,+0.05,191,403392,买盘
11:09:27,21.13,+1.39%,+0.01,10,21130,买盘
11:09:30,21.13,+1.39%,--,81,171153,买盘
11:09:33,21.13,+1.39%,--,26,54938,买盘
11:09:36,21.13,+1.39%,--,29,61277,卖盘
11:09:39,21.14,+1.44%,+0.01,4,8456,买盘
11:09:42,21.13,+1.39%,-0.01,69,145797,卖盘
11:09:51,21.13,+1.39%,--,13,27469,买盘
11:09:54,21.12,+1.34%,-0.01,100,211200,卖盘
11:09:57,21.13,+1.39%,+0.01,43,90859,买盘
11:10:00,21.13,+1.39%,--,96,202848,买盘
11:10:03,21.12,+1.34%,-0.01,85,179520,卖盘
11:10:06,21.12,+1.34%,--,10,21120,买盘
11:10:12,21.11,+1.30%,--,1,2111,买盘
11:10:15,21.1,+1.25%,-0.01,261,550710,卖盘
11:10:27,21.09,+1.20%,--,61,128649,卖盘
11:10:36,21.15,+1.49%,+0.06,228,482220,买盘
11:10:42,21.08,+1.15%,-0.07,1,2108,卖盘
11:10:45,21.12,+1.34%,+0.04,21,44352,买盘
11:10:48,21.08,+1.15%,-0.04,5,10540,卖盘
11:10:51,21.11,+1.30%,+0.03,12,25332,中性盘
11:10:54,21.12,+1.34%,+0.01,100,211200,买盘
11:10:57,21.13,+1.39%,+0.01,100,211300,买盘
11:11:00,21.14,+1.44%,+0.01,252,532728,买盘
11:11:06,21.14,+1.44%,--,19,40166,买盘
11:11:09,21.11,+1.30%,-0.03,19,40109,卖盘
11:11:12,21.13,+1.39%,+0.02,109,230317,中性盘
11:11:15,21.15,+1.49%,+0.02,100,211500,买盘
11:11:18,21.13,+1.39%,-0.02,9,19017,卖盘
11:11:21,21.13,+1.39%,--,101,213413,卖盘
11:11:27,21.15,+1.49%,+0.02,48,101520,买盘
11:11:30,21.12,+1.34%,-0.03,77,162624,卖盘
11:11:30,21.12,+1.34%,-0.01,77,162624,中性盘
11:11:33,21.11,+1.30%,-0.01,33,69663,卖盘
11:11:36,21.15,+1.49%,+0.04,106,224190,买盘
11:11:39,21.11,+1.30%,-0.04,40,84440,卖盘
11:11:42,21.11,+1.30%,--,7,14777,卖盘
11:11:45,21.14,+1.44%,+0.03,2,4228,买盘
11:11:51,21.13,+1.39%,-0.01,4,8452,中性盘
11:11:57,21.14,+1.44%,+0.01,118,249452,买盘
11:12:06,21.13,+1.39%,-0.01,27,57051,中性盘
11:12:12,21.12,+1.34%,-0.01,2,4224,卖盘
11:12:15,21.11,+1.30%,-0.01,59,124549,卖盘
11:12:18,21.13,+1.39%,+0.02,26,54938,买盘
11:12:27,21.13,+1.39%,--,133,281029,买盘
11:12:30,21.13,+1.39%,--,19,40147,买盘
11:12:33,21.1,+1.25%,-0.03,87,183570,卖盘
11:12:36,21.12,+1.34%,+0.02,2,4224,买盘
11:12:39,21.1,+1.25%,-0.02,1,2110,中性盘
11:12:42,21.12,+1.34%,+0.02,35,73920,买盘
11:12:45,21.09,+1.20%,-0.03,5,10545,卖盘
11:12:51,21.09,+1.20%,--,27,56943,卖盘
11:12:54,21.09,+1.20%,--,2,4218,卖盘
11:12:57,21.09,+1.20%,--,6,12654,买盘
11:13:03,21.09,+1.20%,--,7,14763,买盘
11:13:09,21.1,+1.25%,+0.01,15,31650,买盘
11:13:12,21.1,+1.25%,--,13,27430,买盘
11:13:18,21.09,+1.20%,-0.01,27,56943,卖盘
11:13:21,21.1,+1.25%,+0.01,38,80180,买盘
11:13:24,21.1,+1.25%,--,3,6330,买盘
11:13:30,21.09,+1.20%,-0.01,1,3817,卖盘
11:13:33,21.1,+1.25%,+0.01,2,4220,买盘
11:13:36,21.1,+1.25%,--,18,37980,买盘
11:13:39,21.09,+1.20%,-0.01,7,14763,卖盘
11:13:42,21.1,+1.25%,+0.01,101,213110,买盘
11:13:51,21.1,+1.25%,+0.01,18,37980,买盘
11:13:54,21.09,+1.20%,-0.01,45,94905,卖盘
11:13:57,21.11,+1.30%,+0.02,1,2111,买盘
11:14:03,21.09,+1.20%,-0.01,5,10545,卖盘
11:14:15,21.09,+1.20%,--,90,189810,卖盘
11:14:18,21.09,+1.20%,--,282,595139,卖盘
11:14:24,21.07,+1.10%,-0.02,9,18963,卖盘
11:14:30,21.09,+1.20%,+0.02,16,33744,买盘
11:14:39,21.09,+1.20%,--,5,12253,买盘
11:14:42,21.07,+1.10%,-0.02,44,93108,卖盘
11:14:48,21.07,+1.10%,--,8,16856,买盘
11:14:51,21.07,+1.10%,--,14,29498,买盘
11:14:54,21.06,+1.06%,-0.01,6,12636,卖盘
11:15:03,21.06,+1.06%,--,46,96876,中性盘
11:15:06,21.06,+1.06%,--,25,52650,卖盘
11:15:09,21.07,+1.10%,+0.01,4,8428,买盘
11:15:18,21.07,+1.10%,+0.01,8,16856,买盘
11:15:24,21.06,+1.06%,--,9,18954,卖盘
11:15:30,21.06,+1.06%,--,2,4212,卖盘
11:15:42,21.06,+1.06%,--,24,50544,卖盘
11:15:48,21.06,+1.06%,--,10,21060,卖盘
11:15:51,21.07,+1.10%,+0.01,29,62810,买盘
11:15:57,21.06,+1.06%,-0.01,63,132678,卖盘
11:16:06,21.06,+1.06%,--,14,29484,卖盘
11:16:09,21.06,+1.06%,--,50,105300,卖盘
11:16:18,21.06,+1.06%,--,11,23166,卖盘
11:16:30,21.08,+1.15%,+0.02,43,90644,中性盘
11:16:36,21.1,+1.25%,+0.02,46,97060,买盘
11:16:39,21.1,+1.25%,--,14,29540,买盘
11:16:42,21.1,+1.25%,--,36,75960,中性盘
11:16:45,21.09,+1.20%,-0.01,8,16872,卖盘
11:16:51,21.1,+1.25%,+0.01,44,92840,买盘
11:17:00,21.1,+1.25%,--,35,73850,卖盘
11:17:06,21.1,+1.25%,--,252,531720,卖盘
11:17:15,21.09,+1.20%,-0.01,6,12654,卖盘
11:17:18,21.1,+1.25%,+0.01,8,16880,买盘
11:17:21,21.09,+1.20%,-0.01,10,21090,卖盘
11:17:24,21.09,+1.20%,--,67,141303,卖盘
11:17:27,21.1,+1.25%,+0.01,30,63300,买盘
11:17:30,21.1,+1.25%,--,1,2110,买盘
11:17:36,21.09,+1.20%,-0.01,2,4218,卖盘
11:17:42,21.09,+1.20%,--,6,12654,卖盘
11:17:54,21.1,+1.25%,+0.01,22,46420,买盘
11:17:57,21.09,+1.20%,-0.01,34,71706,卖盘
11:18:00,21.09,+1.20%,--,2,4218,买盘
11:18:18,21.07,+1.10%,-0.01,89,187523,卖盘
11:18:21,21.07,+1.10%,--,25,52675,买盘
11:18:24,21.05,+1.01%,-0.02,2,4210,卖盘
11:18:27,21.05,+1.01%,--,49,103145,卖盘
11:18:33,21.05,+1.01%,-0.01,2,4210,中性盘
11:18:39,21.04,+0.96%,-0.01,1,2104,卖盘
11:18:42,21.05,+1.01%,+0.01,1,2105,买盘
11:18:45,21.04,+0.96%,-0.01,30,63120,卖盘
11:18:48,21.05,+1.01%,+0.01,2,4210,买盘
11:18:51,21.05,+1.01%,--,11,23155,买盘
11:18:54,21.05,+1.01%,--,19,39995,卖盘
11:19:03,21.05,+1.01%,--,17,35785,中性盘
11:19:09,21.04,+0.96%,-0.01,2,4208,卖盘
11:19:12,21.04,+0.96%,--,24,50496,卖盘
11:19:15,21.04,+0.96%,--,7,14728,卖盘
11:19:18,21.04,+0.96%,--,18,37872,卖盘
11:19:21,21.05,+1.01%,+0.01,27,56835,买盘
11:19:24,21.05,+1.01%,--,20,42100,买盘
11:19:27,21.05,+1.01%,--,17,35785,卖盘
11:19:30,21.06,+1.06%,+0.01,2,4212,买盘
11:19:33,21.05,+1.01%,-0.01,13,27365,卖盘
11:19:39,21.05,+1.01%,--,10,21050,卖盘
11:19:42,21.06,+1.06%,+0.01,4,8424,买盘
11:19:54,21.06,+1.06%,--,51,107406,卖盘
11:20:00,21.03,+0.91%,-0.03,288,605664,卖盘
11:20:03,21.03,+0.91%,--,11,23133,卖盘
11:20:06,21.02,+0.86%,-0.01,17,35734,卖盘
11:20:15,21.02,+0.86%,--,8,16816,卖盘
11:20:21,21.02,+0.86%,--,6,12612,卖盘
11:20:24,21.02,+0.86%,--,6,12612,买盘
11:20:33,21.01,+0.82%,-0.01,74,155474,卖盘
11:20:36,21.01,+0.82%,--,16,33616,卖盘
11:20:39,21.0,+0.77%,-0.01,38,79800,卖盘
11:20:42,21.0,+0.77%,--,62,130200,卖盘
11:20:45,21.0,+0.77%,--,90,189000,卖盘
11:20:48,21.0,+0.77%,--,127,266700,买盘
11:20:51,21.0,+0.77%,--,7,14700,买盘
11:20:54,21.01,+0.82%,+0.01,29,60929,买盘
11:20:57,21.01,+0.82%,--,3,6303,买盘
11:21:00,21.0,+0.77%,-0.01,11,23100,卖盘
11:21:03,21.0,+0.77%,--,5,10500,卖盘
11:21:09,21.0,+0.77%,+0.01,16,33600,买盘
11:21:12,21.0,+0.77%,--,25,52500,买盘
11:21:15,21.0,+0.77%,--,12,25200,卖盘
11:21:18,21.0,+0.77%,--,4,8400,买盘
11:21:21,21.0,+0.77%,--,5,10500,买盘
11:21:27,21.0,+0.77%,--,15,31500,买盘
11:21:30,20.99,+0.72%,-0.01,5,10495,卖盘
11:21:33,20.99,+0.72%,--,3,6297,卖盘
11:21:36,20.99,+0.72%,--,36,75564,卖盘
11:21:39,21.0,+0.77%,+0.01,3,6300,买盘
11:21:45,21.0,+0.77%,--,66,138600,买盘
11:21:48,20.99,+0.72%,-0.01,10,20990,卖盘
11:21:54,20.99,+0.72%,--,5,10495,卖盘
11:21:57,20.98,+0.67%,-0.01,5,10490,卖盘
11:22:00,20.98,+0.67%,--,41,86018,卖盘
11:22:03,20.99,+0.72%,+0.01,3,6297,买盘
11:22:06,21.02,+0.86%,+0.03,236,496072,买盘
11:22:09,21.03,+0.91%,+0.01,21,44163,买盘
11:22:09,21.03,+0.91%,-0.01,21,44163,中性盘
11:22:15,21.02,+0.86%,-0.01,3,6306,卖盘
11:22:21,21.02,+0.86%,--,2,4204,卖盘
11:22:24,21.06,+1.06%,+0.04,55,115830,买盘
11:22:27,21.06,+1.06%,--,6,12636,卖盘
11:22:39,21.07,+1.10%,+0.01,18,37926,买盘
11:22:48,21.09,+1.20%,+0.02,45,94905,买盘
11:22:51,21.06,+1.06%,-0.03,18,37908,卖盘
11:22:57,21.09,+1.20%,+0.03,71,149739,买盘
11:23:03,21.06,+1.06%,-0.03,25,52650,卖盘
11:23:12,21.1,+1.25%,+0.04,55,116050,买盘
11:23:15,21.09,+1.20%,-0.01,6,12654,中性盘
11:23:27,21.08,+1.15%,-0.01,1,2108,卖盘
11:23:30,21.09,+1.20%,+0.01,2,4218,买盘
11:23:33,21.09,+1.20%,--,12,25308,买盘
11:23:36,21.09,+1.20%,--,33,69597,买盘
11:23:48,21.09,+1.20%,+0.01,7,14763,买盘
11:23:54,21.09,+1.20%,--,9,18981,买盘
11:24:00,21.08,+1.15%,--,11,23188,卖盘
11:24:09,21.08,+1.15%,--,23,48484,卖盘
11:24:12,21.08,+1.15%,--,3,6324,卖盘
11:24:15,21.08,+1.15%,--,12,25296,卖盘
11:24:18,21.08,+1.15%,--,4,8432,卖盘
11:24:21,21.09,+1.20%,+0.01,4,8436,买盘
11:24:24,21.08,+1.15%,-0.01,34,71672,卖盘
11:24:36,21.07,+1.10%,-0.02,7,14749,卖盘
11:24:39,21.07,+1.10%,--,2,4214,卖盘
11:24:42,21.07,+1.10%,--,16,33712,卖盘
11:24:54,21.07,+1.10%,--,20,42140,卖盘
11:25:00,21.08,+1.15%,+0.01,83,174964,买盘
11:25:03,21.08,+1.15%,--,5,10540,买盘
11:25:24,21.07,+1.10%,-0.01,8,16856,卖盘
11:25:27,21.08,+1.15%,+0.01,39,82212,买盘
11:25:36,21.07,+1.10%,--,20,42140,中性盘
11:25:51,21.08,+1.15%,+0.01,10,21080,买盘
11:26:15,21.08,+1.15%,+0.01,14,29512,买盘
11:26:21,21.07,+1.10%,-0.01,31,65317,卖盘
11:26:27,21.08,+1.15%,+0.01,31,65348,买盘
11:26:39,21.07,+1.10%,-0.01,17,35819,卖盘
11:26:42,21.07,+1.10%,--,15,31605,卖盘
11:27:03,21.07,+1.10%,--,21,44247,卖盘
11:27:06,21.08,+1.15%,+0.01,20,42160,买盘
11:27:21,21.08,+1.15%,-0.01,2,4216,中性盘
11:27:27,21.08,+1.15%,--,25,52700,卖盘
11:27:33,21.08,+1.15%,--,10,21080,卖盘
11:27:39,21.09,+1.20%,+0.01,20,42180,买盘
11:27:42,21.08,+1.15%,-0.01,13,27404,卖盘
11:27:45,21.09,+1.20%,+0.01,22,46398,买盘
11:27:51,21.09,+1.20%,--,30,63270,买盘
11:27:54,21.09,+1.20%,--,19,40071,买盘
11:28:00,21.08,+1.15%,-0.01,20,42160,卖盘
11:28:03,21.08,+1.15%,--,1,2108,买盘
11:28:09,21.07,+1.10%,--,4,8428,卖盘
11:28:12,21.08,+1.15%,+0.01,82,172856,买盘
11:28:15,21.09,+1.20%,+0.01,1,2109,买盘
11:28:27,21.09,+1.20%,+0.01,16,33744,买盘
11:28:30,21.08,+1.15%,-0.01,5,10540,卖盘
11:28:39,21.08,+1.15%,--,1,2108,卖盘
11:28:42,21.08,+1.15%,--,6,12648,卖盘
11:28:45,21.08,+1.15%,--,5,10540,卖盘
11:28:48,21.1,+1.25%,+0.02,192,405120,买盘
11:28:51,21.1,+1.25%,--,59,124490,买盘
11:28:54,21.1,+1.25%,--,12,25320,卖盘
11:29:00,21.1,+1.25%,--,3,7976,卖盘
11:29:09,21.11,+1.30%,+0.01,4,8444,买盘
11:29:12,21.11,+1.30%,--,19,40109,买盘
11:29:12,21.11,+1.30%,-0.01,19,40109,中性盘
11:29:27,21.1,+1.25%,-0.01,6,12660,卖盘
11:29:30,21.1,+1.25%,--,25,52750,卖盘
11:29:42,21.11,+1.30%,--,12,25332,买盘
11:29:48,21.11,+1.30%,+0.01,5,10555,买盘
13:00:00,21.12,+1.34%,+0.02,321,677952,买盘
13:00:03,21.11,+1.30%,-0.01,464,979504,卖盘
13:00:06,21.06,+1.06%,-0.05,483,1017661,卖盘
13:00:09,21.03,+0.91%,-0.03,78,164034,卖盘
13:00:12,21.07,+1.10%,+0.04,10,21070,买盘
13:00:15,21.06,+1.06%,-0.01,9,18954,中性盘
13:00:18,21.05,+1.01%,-0.01,30,63150,卖盘
13:00:21,21.06,+1.06%,+0.01,28,58968,买盘
13:00:24,21.05,+1.01%,-0.01,14,29470,卖盘
13:00:27,21.06,+1.06%,+0.01,22,46332,中性盘
13:00:30,21.06,+1.06%,--,6,12636,中性盘
13:00:33,21.08,+1.15%,+0.02,12,25296,买盘
13:00:36,21.1,+1.25%,+0.02,101,213110,买盘
13:00:42,21.1,+1.25%,--,118,248980,买盘
13:00:45,21.1,+1.25%,--,45,94950,买盘
13:00:48,21.1,+1.25%,--,36,75960,买盘
13:00:51,21.11,+1.30%,+0.01,8,16888,买盘
13:01:00,21.12,+1.34%,+0.01,5,10560,买盘
13:01:03,21.11,+1.30%,-0.01,5,10555,卖盘
13:01:09,21.11,+1.30%,--,15,31665,买盘
13:01:12,21.11,+1.30%,--,6,12666,买盘
13:01:15,21.08,+1.15%,-0.03,133,280364,卖盘
13:01:18,21.08,+1.15%,--,34,71672,中性盘
13:01:21,21.08,+1.15%,--,1,2108,中性盘
13:01:30,21.1,+1.25%,+0.01,68,143480,买盘
13:01:33,21.1,+1.25%,--,109,229990,买盘
13:01:39,21.11,+1.30%,--,16,33776,买盘
13:01:42,21.1,+1.25%,-0.01,8,16880,卖盘
13:01:45,21.11,+1.30%,+0.01,13,27443,买盘
13:01:48,21.11,+1.30%,--,126,265986,卖盘
13:01:51,21.1,+1.25%,-0.01,26,54860,卖盘
13:01:57,21.09,+1.20%,-0.01,107,225663,卖盘
13:02:00,21.08,+1.15%,-0.01,9,18972,卖盘
13:02:03,21.08,+1.15%,--,17,35836,买盘
13:02:09,21.07,+1.10%,-0.01,4,8428,卖盘
13:02:15,21.07,+1.10%,--,1,2107,买盘
13:02:18,21.06,+1.06%,-0.01,5,10530,卖盘
13:02:21,21.06,+1.06%,--,12,25272,卖盘
13:02:24,21.06,+1.06%,--,5,10530,卖盘
13:02:27,21.07,+1.10%,+0.01,40,84280,买盘
13:02:30,21.06,+1.06%,-0.01,15,31590,卖盘
13:02:33,21.06,+1.06%,--,65,136890,卖盘
13:02:36,21.06,+1.06%,--,1,2106,买盘
13:02:42,21.05,+1.01%,-0.01,17,35785,卖盘
13:02:45,21.08,+1.15%,+0.03,100,210800,买盘
13:02:48,21.09,+1.20%,+0.01,105,221445,买盘
13:02:48,21.09,+1.20%,-0.04,105,221445,中性盘
13:02:57,21.05,+1.01%,-0.04,1,2105,中性盘
13:03:00,21.05,+1.01%,--,2,4210,卖盘
13:03:06,21.05,+1.01%,--,18,37890,买盘
13:03:09,21.1,+1.25%,+0.05,57,120270,买盘
13:03:12,21.05,+1.01%,-0.05,2,4210,卖盘
13:03:15,21.1,+1.25%,+0.05,13,27430,买盘
13:03:18,21.09,+1.20%,-0.01,192,404928,卖盘
13:03:21,21.09,+1.20%,--,36,75924,卖盘
13:03:24,21.12,+1.34%,+0.03,39,82368,买盘
13:03:27,21.09,+1.20%,-0.03,32,69091,卖盘
13:03:30,21.12,+1.34%,+0.03,3,6336,买盘
13:03:48,21.09,+1.20%,-0.02,30,63270,卖盘
13:03:51,21.09,+1.20%,--,91,192425,卖盘
13:03:54,21.09,+1.20%,--,13,27417,买盘
13:04:06,21.09,+1.20%,--,70,147630,买盘
13:04:12,21.08,+1.15%,-0.01,27,56916,卖盘
13:04:21,21.09,+1.20%,+0.01,5,10545,买盘
13:04:30,21.08,+1.15%,-0.01,10,21080,卖盘
13:04:36,21.09,+1.20%,+0.01,10,21090,买盘
13:04:39,21.09,+1.20%,--,61,130252,买盘
13:04:48,21.1,+1.25%,+0.01,5,10550,卖盘
13:04:54,21.1,+1.25%,--,15,31650,买盘
13:05:00,21.1,+1.25%,--,28,59080,买盘
13:05:06,21.1,+1.25%,--,26,54860,买盘
13:05:12,21.11,+1.30%,--,27,56997,买盘
13:05:18,21.1,+1.25%,-0.01,21,44310,卖盘
13:05:21,21.1,+1.25%,--,19,40090,买盘
13:05:30,21.11,+1.30%,+0.01,19,40109,买盘
13:05:33,21.11,+1.30%,--,10,21110,买盘
13:05:42,21.12,+1.34%,+0.02,39,82368,买盘
13:05:48,21.11,+1.30%,-0.01,15,31665,买盘
13:05:51,21.11,+1.30%,--,3,6333,买盘
13:06:00,21.11,+1.30%,--,5,10555,中性盘
13:06:03,21.11,+1.30%,--,4,8444,买盘
13:06:09,21.1,+1.25%,-0.01,14,29540,卖盘
13:06:12,21.08,+1.15%,-0.02,235,495380,卖盘
13:06:15,21.09,+1.20%,+0.01,15,31635,买盘
13:06:21,21.09,+1.20%,--,1,2109,买盘
13:06:21,21.09,+1.20%,--,1,2109,中性盘
13:06:24,21.09,+1.20%,--,10,21090,买盘
13:06:30,21.09,+1.20%,--,21,44289,买盘
13:06:39,21.08,+1.15%,-0.01,261,550188,卖盘
13:06:51,21.08,+1.15%,--,29,61132,买盘
13:06:54,21.08,+1.15%,--,2,4216,买盘
13:07:03,21.07,+1.10%,-0.01,1,2107,中性盘
13:07:06,21.07,+1.10%,--,8,16856,中性盘
13:07:09,21.06,+1.06%,-0.01,67,141102,卖盘
13:07:15,21.07,+1.10%,+0.01,6,12642,中性盘
13:07:18,21.07,+1.10%,--,10,21070,买盘
13:07:21,21.07,+1.10%,--,31,65317,买盘
13:07:24,21.06,+1.06%,-0.01,41,86346,卖盘
13:07:27,21.05,+1.01%,-0.01,185,389425,卖盘
13:07:54,21.05,+1.01%,--,1,2105,中性盘
13:07:57,21.05,+1.01%,--,3,6315,卖盘
13:08:00,21.05,+1.01%,--,10,21050,买盘
13:08:03,21.06,+1.06%,+0.01,29,61074,买盘
13:08:06,21.05,+1.01%,-0.01,22,46310,卖盘
13:08:09,21.06,+1.06%,+0.01,3,6318,买盘
13:08:12,21.06,+1.06%,--,9,18954,买盘
13:08:18,21.07,+1.10%,+0.01,145,305515,买盘
13:08:21,21.07,+1.10%,--,30,63210,买盘
13:08:24,21.07,+1.10%,--,14,29498,中性盘
13:08:27,21.09,+1.20%,+0.02,27,56943,买盘
13:08:39,21.1,+1.25%,+0.01,355,749050,买盘
13:08:42,21.1,+1.25%,--,2,4220,卖盘
13:08:45,21.1,+1.25%,--,154,324940,卖盘
13:08:48,21.1,+1.25%,--,20,42200,买盘
13:08:51,21.09,+1.20%,-0.01,21,44289,卖盘
13:08:54,21.08,+1.15%,-0.01,6,12648,卖盘
13:09:00,21.09,+1.20%,+0.01,7,14763,中性盘
13:09:03,21.1,+1.25%,+0.01,12,25320,买盘
13:09:06,21.1,+1.25%,--,8,16880,买盘
13:09:15,21.1,+1.25%,-0.01,1,2110,卖盘
13:09:18,21.11,+1.30%,+0.01,37,78107,买盘
13:09:21,21.11,+1.30%,--,23,48553,卖盘
13:09:24,21.12,+1.34%,+0.01,161,340032,买盘
13:09:27,21.12,+1.34%,--,85,179520,卖盘
13:09:33,21.13,+1.39%,--,128,270464,买盘
13:09:36,21.15,+1.49%,+0.02,298,630270,买盘
13:09:39,21.15,+1.49%,--,17,35955,买盘
13:09:42,21.14,+1.44%,-0.01,5,10570,中性盘
13:09:48,21.15,+1.49%,+0.01,67,141705,买盘
13:09:51,21.15,+1.49%,--,4,8460,买盘
13:09:54,21.14,+1.44%,-0.01,30,63420,中性盘
13:09:54,21.14,+1.44%,--,30,63420,中性盘
13:09:57,21.14,+1.44%,--,12,25368,买盘
13:10:00,21.14,+1.44%,--,90,190260,卖盘
13:10:03,21.16,+1.54%,+0.02,200,423200,买盘
13:10:06,21.16,+1.54%,--,39,82524,买盘
13:10:09,21.16,+1.54%,--,35,74060,买盘
13:10:12,21.15,+1.49%,-0.01,24,50760,中性盘
13:10:15,21.14,+1.44%,-0.01,25,52850,卖盘
13:10:18,21.15,+1.49%,+0.01,34,71910,买盘
13:10:21,21.14,+1.44%,-0.01,29,61306,买盘
13:10:24,21.15,+1.49%,+0.01,20,42300,买盘
13:10:30,21.14,+1.44%,-0.01,2,4228,中性盘
13:10:33,21.14,+1.44%,--,45,95130,买盘
13:10:39,21.14,+1.44%,--,16,33824,卖盘
13:10:42,21.15,+1.49%,+0.01,6,12690,买盘
13:10:45,21.15,+1.49%,--,51,107865,买盘
13:10:48,21.15,+1.49%,--,32,67680,买盘
13:10:51,21.14,+1.44%,-0.01,54,114156,卖盘
13:10:54,21.15,+1.49%,+0.01,1,2115,卖盘
13:11:00,21.15,+1.49%,-0.01,6,12690,卖盘
13:11:03,21.16,+1.54%,+0.01,41,86756,买盘
13:11:06,21.14,+1.44%,-0.02,139,293846,卖盘
13:11:09,21.13,+1.39%,-0.01,38,80294,卖盘
13:11:12,21.15,+1.49%,+0.02,53,112095,买盘
13:11:15,21.13,+1.39%,-0.02,55,116215,卖盘
13:11:21,21.14,+1.44%,+0.01,2,4228,中性盘
13:11:24,21.11,+1.30%,-0.03,447,943617,卖盘
13:11:27,21.12,+1.34%,+0.01,8,16896,买盘
13:11:33,21.12,+1.34%,--,25,52800,买盘
13:11:39,21.11,+1.30%,-0.01,114,240654,卖盘
13:11:42,21.12,+1.34%,+0.01,1,2112,买盘
13:11:45,21.12,+1.34%,--,8,16896,买盘
13:11:48,21.12,+1.34%,--,4,8448,买盘
13:11:54,21.11,+1.30%,-0.01,2,4222,卖盘
13:11:57,21.1,+1.25%,-0.01,114,240540,卖盘
13:12:00,21.13,+1.39%,+0.03,17,35921,买盘
13:12:03,21.11,+1.30%,-0.02,40,84440,买盘
13:12:09,21.13,+1.39%,+0.02,3,6339,买盘
13:12:21,21.13,+1.39%,--,38,80294,卖盘
13:12:27,21.14,+1.44%,+0.01,14,29596,买盘
13:12:30,21.15,+1.49%,+0.01,2,4230,买盘
13:12:33,21.14,+1.44%,-0.01,14,29596,中性盘
13:12:36,21.13,+1.39%,-0.01,103,217639,卖盘
13:12:39,21.16,+1.54%,+0.03,110,232760,买盘
13:12:45,21.15,+1.49%,-0.01,49,103635,买盘
13:12:51,21.15,+1.49%,--,60,126900,卖盘
13:12:54,21.16,+1.54%,+0.01,74,156584,买盘
13:13:00,21.15,+1.49%,-0.01,5,10575,买盘
13:13:03,21.15,+1.49%,--,25,52875,买盘
13:13:06,21.15,+1.49%,--,89,188235,中性盘
13:13:09,21.16,+1.54%,+0.01,40,84640,买盘
13:13:12,21.15,+1.49%,-0.01,1,2115,买盘
13:13:15,21.16,+1.54%,+0.01,53,112148,买盘
13:13:18,21.13,+1.39%,-0.03,25,52825,卖盘
13:13:21,21.13,+1.39%,--,2,4226,卖盘
13:13:24,21.13,+1.39%,--,69,145797,卖盘
13:13:30,21.12,+1.34%,--,5,10560,卖盘
13:13:39,21.12,+1.34%,--,19,40128,卖盘
13:13:42,21.12,+1.34%,--,18,38016,卖盘
13:13:45,21.12,+1.34%,--,84,177408,卖盘
13:13:57,21.11,+1.30%,-0.01,3,6333,卖盘
13:14:03,21.11,+1.30%,--,98,206878,卖盘
13:14:09,21.12,+1.34%,+0.01,69,145728,买盘
13:14:27,21.11,+1.30%,-0.01,35,73885,卖盘
13:14:30,21.12,+1.34%,+0.01,28,59136,买盘
13:14:36,21.12,+1.34%,--,44,92928,买盘
13:14:39,21.12,+1.34%,--,35,73920,买盘
13:14:42,21.12,+1.34%,--,3,6336,买盘
13:14:51,21.12,+1.34%,--,88,185856,买盘
13:14:54,21.12,+1.34%,--,2,4224,卖盘
13:15:03,21.11,+1.30%,-0.01,19,40109,卖盘
13:15:06,21.13,+1.39%,+0.02,12,25356,买盘
13:15:09,21.13,+1.39%,--,1,2113,买盘
13:15:21,21.15,+1.49%,+0.02,59,124785,买盘
13:15:24,21.15,+1.49%,--,33,69795,买盘
13:15:27,21.15,+1.49%,--,31,65565,买盘
13:15:33,21.15,+1.49%,--,23,48645,买盘
13:15:36,21.15,+1.49%,--,20,42300,买盘
13:15:42,21.15,+1.49%,--,7,14805,中性盘
13:15:45,21.15,+1.49%,--,36,76140,买盘
13:15:48,21.15,+1.49%,--,35,74025,买盘
13:15:51,21.15,+1.49%,--,135,285525,卖盘
13:15:54,21.15,+1.49%,--,10,21150,买盘
13:15:57,21.14,+1.44%,-0.01,2,4228,卖盘
13:16:00,21.15,+1.49%,+0.01,35,74025,买盘
13:16:03,21.15,+1.49%,--,4,8460,卖盘
13:16:06,21.15,+1.49%,--,24,50760,卖盘
13:16:12,21.16,+1.54%,+0.01,37,78292,买盘
13:16:15,21.16,+1.54%,--,22,46552,买盘
13:16:18,21.16,+1.54%,--,28,59248,买盘
13:16:27,21.16,+1.54%,--,72,152352,买盘
13:16:30,21.16,+1.54%,--,8,16928,买盘
13:16:33,21.17,+1.58%,+0.01,10,21170,买盘
13:16:39,21.17,+1.58%,--,43,91031,买盘
13:16:45,21.17,+1.58%,--,6,12702,买盘
13:16:51,21.17,+1.58%,--,120,254040,买盘
13:16:57,21.16,+1.54%,-0.01,42,88872,卖盘
13:17:00,21.16,+1.54%,--,14,29624,卖盘
13:17:00,21.16,+1.54%,--,14,29624,中性盘
13:17:03,21.17,+1.58%,+0.01,5,10585,买盘
13:17:06,21.17,+1.58%,--,51,107967,买盘
13:17:09,21.17,+1.58%,--,11,23287,卖盘
13:17:15,21.18,+1.63%,+0.01,18,38124,买盘
13:17:21,21.17,+1.58%,-0.01,19,40223,中性盘
13:17:27,21.17,+1.58%,--,31,65627,买盘
13:17:30,21.16,+1.54%,-0.01,33,69828,卖盘
13:17:33,21.16,+1.54%,--,2,4232,卖盘
13:17:36,21.17,+1.58%,+0.01,2,4234,买盘
13:17:39,21.16,+1.54%,-0.01,14,29624,卖盘
13:17:42,21.15,+1.49%,-0.01,489,1034235,卖盘
13:17:45,21.14,+1.44%,-0.01,72,152208,卖盘
13:17:51,21.14,+1.44%,--,51,107814,卖盘
13:17:54,21.14,+1.44%,--,27,57078,买盘
13:17:57,21.13,+1.39%,-0.01,214,452182,卖盘
13:18:00,21.13,+1.39%,--,4,8452,买盘
13:18:03,21.13,+1.39%,--,31,65503,买盘
13:18:06,21.13,+1.39%,--,173,365549,买盘
13:18:09,21.14,+1.44%,+0.01,3,6342,卖盘
13:18:12,21.15,+1.49%,+0.01,5,10575,买盘
13:18:24,21.14,+1.44%,--,60,126840,卖盘
13:18:27,21.16,+1.54%,+0.02,11,23276,买盘
13:18:36,21.16,+1.54%,--,18,38088,买盘
13:18:42,21.16,+1.54%,--,24,50784,买盘
13:18:51,21.17,+1.58%,+0.01,27,57159,买盘
13:18:54,21.17,+1.58%,--,36,76212,买盘
13:18:57,21.17,+1.58%,--,20,42340,买盘
13:19:00,21.18,+1.63%,+0.01,3,6354,买盘
13:19:03,21.18,+1.63%,--,184,389712,买盘
13:19:06,21.17,+1.58%,-0.01,32,67744,卖盘
13:19:09,21.18,+1.63%,+0.01,57,120726,买盘
13:19:12,21.18,+1.63%,--,9,19062,卖盘
13:19:15,21.18,+1.63%,--,52,110136,卖盘
13:19:18,21.18,+1.63%,--,8,16944,卖盘
13:19:21,21.18,+1.63%,--,16,33888,卖盘
13:19:24,21.18,+1.63%,--,18,38124,卖盘
13:19:27,21.17,+1.58%,-0.01,195,412815,卖盘
13:19:33,21.18,+1.63%,--,3,6354,买盘
13:19:36,21.18,+1.63%,--,198,419364,买盘
13:19:39,21.16,+1.54%,-0.02,33,69828,卖盘
13:19:42,21.17,+1.58%,+0.01,106,224402,买盘
13:19:51,21.17,+1.58%,--,98,207466,买盘
13:19:54,21.17,+1.58%,--,57,120669,卖盘
13:19:57,21.17,+1.58%,--,6,12702,卖盘
13:20:00,21.18,+1.63%,+0.01,413,874734,买盘
13:20:03,21.18,+1.63%,--,47,99546,卖盘
13:20:06,21.18,+1.63%,--,220,465960,卖盘
13:20:09,21.18,+1.63%,--,100,211800,买盘
13:20:12,21.17,+1.58%,-0.01,16,33872,卖盘
13:20:15,21.18,+1.63%,+0.01,14,29652,买盘
13:20:18,21.17,+1.58%,-0.01,10,21170,中性盘
13:20:27,21.17,+1.58%,--,10,21170,卖盘
13:20:30,21.19,+1.68%,+0.02,1015,2150785,买盘
13:20:33,21.18,+1.63%,-0.01,59,124962,卖盘
13:20:33,21.18,+1.63%,--,59,124962,中性盘
13:20:36,21.18,+1.63%,--,5,10590,卖盘
13:20:39,21.19,+1.68%,+0.01,12,25428,中性盘
13:20:42,21.19,+1.68%,--,17,36023,买盘
13:20:45,21.2,+1.73%,+0.01,154,326480,买盘
13:20:48,21.19,+1.68%,-0.01,40,84760,买盘
13:20:54,21.19,+1.68%,--,14,29666,卖盘
13:20:57,21.2,+1.73%,+0.01,56,118720,买盘
13:21:00,21.2,+1.73%,--,78,165360,买盘
13:21:06,21.2,+1.73%,--,36,76320,卖盘
13:21:09,21.21,+1.78%,+0.01,9,19089,买盘
13:21:12,21.2,+1.73%,-0.01,123,260760,卖盘
13:21:15,21.21,+1.78%,+0.01,111,235431,买盘
13:21:18,21.22,+1.82%,+0.01,180,381960,买盘
13:21:21,21.2,+1.73%,-0.02,374,792880,卖盘
13:21:24,21.21,+1.78%,+0.01,60,127260,买盘
13:21:27,21.21,+1.78%,--,43,91203,买盘
13:21:30,21.2,+1.73%,-0.01,54,114480,卖盘
13:21:33,21.2,+1.73%,--,34,72080,买盘
13:21:36,21.18,+1.63%,-0.02,275,582450,卖盘
13:21:39,21.19,+1.68%,+0.01,37,78403,买盘
13:21:42,21.17,+1.58%,-0.02,39,82563,卖盘
13:21:45,21.17,+1.58%,--,11,23287,买盘
13:21:51,21.17,+1.58%,--,5,10585,买盘
13:22:03,21.18,+1.63%,+0.01,22,46596,买盘
13:22:12,21.18,+1.63%,-0.01,12,25416,卖盘
13:22:15,21.18,+1.63%,--,77,163086,卖盘
13:22:18,21.17,+1.58%,-0.01,38,80446,卖盘
13:22:21,21.18,+1.63%,+0.01,28,59304,买盘
13:22:24,21.18,+1.63%,--,16,33888,买盘
13:22:27,21.17,+1.58%,-0.01,59,124903,卖盘
13:22:30,21.17,+1.58%,--,49,103733,卖盘
13:22:36,21.18,+1.63%,+0.01,9,19062,买盘
13:22:39,21.17,+1.58%,-0.01,2,4234,买盘
13:22:51,21.18,+1.63%,+0.01,61,129198,买盘
13:22:54,21.16,+1.54%,-0.02,123,260268,卖盘
13:22:57,21.15,+1.49%,-0.01,83,175545,卖盘
13:23:03,21.18,+1.63%,+0.03,26,55068,买盘
13:23:06,21.17,+1.58%,-0.01,107,226519,卖盘
13:23:09,21.2,+1.73%,+0.03,42,89040,买盘
13:23:15,21.17,+1.58%,-0.03,127,268859,卖盘
13:23:18,21.19,+1.68%,+0.02,59,125021,中性盘
13:23:21,21.18,+1.63%,-0.01,26,55068,买盘
13:23:24,21.16,+1.54%,-0.02,94,198904,卖盘
13:23:27,21.18,+1.63%,+0.02,113,239334,买盘
13:23:30,21.19,+1.68%,+0.01,2,4238,买盘
13:23:33,21.17,+1.58%,-0.02,115,243455,卖盘
13:23:36,21.16,+1.54%,-0.01,24,50784,卖盘
13:23:39,21.19,+1.68%,+0.03,100,211900,中性盘
13:23:42,21.18,+1.63%,-0.01,14,29652,买盘
13:23:45,21.18,+1.63%,--,17,36006,买盘
13:23:48,21.18,+1.63%,--,123,260514,买盘
13:23:51,21.18,+1.63%,--,1,2118,买盘
13:23:54,21.18,+1.63%,--,21,44478,买盘
13:23:57,21.18,+1.63%,--,10,21180,买盘
13:24:00,21.18,+1.63%,--,11,23298,买盘
13:24:03,21.17,+1.58%,-0.01,27,57159,卖盘
13:24:06,21.18,+1.63%,-0.02,10,21180,中性盘
13:24:09,21.16,+1.54%,-0.02,32,67712,卖盘
13:24:12,21.16,+1.54%,--,150,317400,卖盘
13:24:15,21.15,+1.49%,-0.01,227,480105,卖盘
13:24:18,21.15,+1.49%,--,41,86715,卖盘
13:24:21,21.15,+1.49%,--,8,16920,卖盘
13:24:24,21.15,+1.49%,--,5,10575,卖盘
13:24:27,21.15,+1.49%,--,147,310905,卖盘
13:24:30,21.15,+1.49%,--,7,14805,买盘
13:24:33,21.14,+1.44%,-0.01,11,23254,卖盘
13:24:36,21.15,+1.49%,+0.01,108,228420,买盘
13:24:39,21.14,+1.44%,-0.01,32,67648,卖盘
13:24:45,21.14,+1.44%,--,1,2114,买盘
13:24:51,21.14,+1.44%,--,13,27482,买盘
13:24:54,21.14,+1.44%,--,47,99358,卖盘
13:25:12,21.16,+1.54%,+0.02,2,4232,买盘
13:25:15,21.15,+1.49%,-0.01,15,31725,卖盘
13:25:18,21.15,+1.49%,--,1,2115,卖盘
13:25:21,21.16,+1.54%,+0.01,1,2116,买盘
13:25:24,21.15,+1.49%,-0.01,9,19035,卖盘
13:25:27,21.15,+1.49%,--,17,35955,卖盘
13:25:33,21.16,+1.54%,+0.01,36,76176,买盘
13:25:36,21.16,+1.54%,--,14,29624,买盘
13:25:39,21.17,+1.58%,+0.01,4,8468,买盘
13:25:42,21.18,+1.63%,+0.01,16,33888,买盘
13:25:45,21.17,+1.58%,-0.01,9,19053,卖盘
13:25:48,21.18,+1.63%,+0.01,50,105900,买盘
13:25:51,21.18,+1.63%,--,58,122844,买盘
13:25:54,21.18,+1.63%,--,74,156732,买盘
13:25:57,21.17,+1.58%,-0.01,122,258274,卖盘
13:26:00,21.16,+1.54%,-0.01,3,6348,卖盘
13:26:06,21.17,+1.58%,+0.01,64,135488,买盘
13:26:09,21.17,+1.58%,--,67,141839,卖盘
13:26:15,21.17,+1.58%,--,7,14819,买盘
13:26:18,21.16,+1.54%,-0.01,53,112148,卖盘
13:26:21,21.16,+1.54%,--,29,61364,买盘
13:26:24,21.16,+1.54%,--,40,84640,买盘
13:26:30,21.16,+1.54%,--,43,90988,买盘
13:26:33,21.16,+1.54%,--,16,33856,卖盘
13:26:45,21.16,+1.54%,--,20,42320,买盘
13:26:48,21.15,+1.49%,-0.01,309,653535,卖盘
13:26:51,21.16,+1.54%,+0.01,8,16928,买盘
13:26:57,21.15,+1.49%,-0.01,7,14805,卖盘
13:27:00,21.15,+1.49%,--,25,52875,卖盘
13:27:03,21.14,+1.44%,-0.01,103,217742,卖盘
13:27:06,21.14,+1.44%,--,81,171234,卖盘
13:27:09,21.14,+1.44%,--,13,27482,卖盘
13:27:12,21.14,+1.44%,--,3,6342,卖盘
13:27:15,21.14,+1.44%,--,58,122612,卖盘
13:27:18,21.15,+1.49%,+0.01,10,21150,买盘
13:27:21,21.15,+1.49%,--,8,16920,买盘
13:27:27,21.14,+1.44%,-0.01,1,2114,卖盘
13:27:30,21.14,+1.44%,--,10,21140,卖盘
13:27:36,21.14,+1.44%,--,49,103586,卖盘
13:27:36,21.14,+1.44%,--,49,103586,中性盘
13:27:45,21.15,+1.49%,+0.01,3,6345,买盘
13:27:48,21.13,+1.39%,-0.02,7,14791,卖盘
13:27:54,21.15,+1.49%,+0.02,1,2115,买盘
13:27:57,21.14,+1.44%,-0.01,23,48622,卖盘
13:28:00,21.14,+1.44%,--,40,84560,卖盘
13:28:03,21.14,+1.44%,--,78,164892,卖盘
13:28:09,21.15,+1.49%,+0.01,24,50760,买盘
13:28:12,21.14,+1.44%,-0.01,14,29596,卖盘
13:28:18,21.14,+1.44%,--,9,19026,卖盘
13:28:24,21.15,+1.49%,+0.01,12,25380,买盘
13:28:27,21.13,+1.39%,-0.02,101,213413,卖盘
13:28:33,21.13,+1.39%,--,3,6339,卖盘
13:28:36,21.13,+1.39%,--,6,12678,卖盘
13:28:39,21.12,+1.34%,-0.01,116,244992,卖盘
13:28:42,21.12,+1.34%,--,49,103488,卖盘
13:28:45,21.11,+1.30%,-0.01,78,164658,卖盘
13:28:51,21.11,+1.30%,--,59,124549,卖盘
13:28:54,21.1,+1.25%,-0.01,117,246870,卖盘
13:28:57,21.09,+1.20%,-0.01,235,495615,卖盘
13:29:00,21.07,+1.10%,-0.02,5,10535,卖盘
13:29:03,21.07,+1.10%,--,1,2107,卖盘
13:29:06,21.07,+1.10%,--,57,120099,卖盘
13:29:09,21.07,+1.10%,--,5,10535,卖盘
13:29:12,21.06,+1.06%,-0.01,11,23166,卖盘
13:29:15,21.06,+1.06%,--,46,96876,卖盘
13:29:18,21.07,+1.10%,+0.01,15,31605,买盘
13:29:21,21.07,+1.10%,--,8,16856,卖盘
13:29:24,21.07,+1.10%,--,30,63210,卖盘
13:29:27,21.1,+1.25%,+0.03,7,14770,买盘
13:29:30,21.1,+1.25%,--,2,4220,买盘
13:29:33,21.12,+1.34%,+0.02,112,236544,买盘
13:29:36,21.12,+1.34%,--,36,76032,买盘
13:29:42,21.14,+1.44%,+0.02,14,29596,买盘
13:29:45,21.13,+1.39%,-0.01,18,38034,卖盘
13:29:48,21.13,+1.39%,--,5,10565,卖盘
13:29:54,21.14,+1.44%,+0.01,11,23254,买盘
13:29:57,21.14,+1.44%,--,15,31710,买盘
13:30:00,21.13,+1.39%,-0.01,19,40147,卖盘
13:30:06,21.13,+1.39%,--,75,158496,卖盘
13:30:09,21.13,+1.39%,--,1,2113,卖盘
13:30:12,21.13,+1.39%,--,8,16904,卖盘
13:30:15,21.13,+1.39%,--,82,173266,卖盘
13:30:18,21.13,+1.39%,--,58,122554,买盘
13:30:21,21.13,+1.39%,--,28,59164,买盘
13:30:24,21.13,+1.39%,--,29,61277,买盘
13:30:27,21.14,+1.44%,+0.01,10,21140,买盘
13:30:30,21.14,+1.44%,--,4,8456,买盘
13:30:33,21.13,+1.39%,-0.01,188,397244,卖盘
13:30:36,21.13,+1.39%,--,8,16904,买盘
13:30:39,21.13,+1.39%,--,2,4226,买盘
13:30:42,21.14,+1.44%,+0.01,65,137410,买盘
13:30:48,21.13,+1.39%,-0.01,1,2113,卖盘
13:30:51,21.13,+1.39%,--,42,88746,买盘
13:30:57,21.12,+1.34%,--,22,46464,卖盘
13:31:00,21.12,+1.34%,--,46,97152,买盘
13:31:06,21.12,+1.34%,--,3,6336,卖盘
13:31:12,21.12,+1.34%,--,10,21120,卖盘
13:31:12,21.12,+1.34%,--,10,21120,中性盘
13:31:18,21.12,+1.34%,--,52,109824,卖盘
13:31:21,21.13,+1.39%,+0.01,65,137345,买盘
13:31:24,21.13,+1.39%,--,45,95085,买盘
13:31:27,21.12,+1.34%,-0.01,66,139392,卖盘
13:31:30,21.12,+1.34%,--,16,33792,卖盘
13:31:36,21.12,+1.34%,--,27,57024,卖盘
13:31:39,21.12,+1.34%,--,31,65472,卖盘
13:31:45,21.11,+1.30%,--,20,42220,卖盘
13:31:48,21.11,+1.30%,--,38,80218,卖盘
13:31:54,21.11,+1.30%,+0.01,27,56997,买盘
13:31:57,21.11,+1.30%,--,2,4222,卖盘
13:32:03,21.11,+1.30%,--,9,18999,卖盘
13:32:06,21.11,+1.30%,--,13,27443,卖盘
13:32:12,21.1,+1.25%,-0.01,4,8440,卖盘
13:32:21,21.1,+1.25%,--,57,120270,卖盘
13:32:27,21.1,+1.25%,--,22,46420,卖盘
13:32:30,21.1,+1.25%,--,10,21100,买盘
13:32:33,21.09,+1.20%,-0.01,1,2109,卖盘
13:32:36,21.09,+1.20%,--,1,2109,卖盘
13:32:39,21.09,+1.20%,--,5,10545,卖盘
13:32:42,21.09,+1.20%,--,55,115995,卖盘
13:32:45,21.09,+1.20%,--,45,94905,买盘
13:32:48,21.09,+1.20%,--,12,25308,卖盘
13:32:51,21.09,+1.20%,--,54,113886,卖盘
13:32:54,21.09,+1.20%,--,13,27417,卖盘
13:33:06,21.09,+1.20%,--,38,80142,卖盘
13:33:09,21.09,+1.20%,--,5,10545,买盘
13:33:15,21.09,+1.20%,--,11,23199,买盘
13:33:21,21.08,+1.15%,-0.01,8,16864,卖盘
13:33:24,21.08,+1.15%,--,24,50592,卖盘
13:33:30,21.08,+1.15%,--,16,33728,卖盘
13:33:33,21.08,+1.15%,--,15,31620,卖盘
13:33:36,21.08,+1.15%,--,9,18972,卖盘
13:33:39,21.08,+1.15%,--,14,29512,卖盘
13:33:42,21.09,+1.20%,+0.01,36,75924,买盘
13:33:45,21.08,+1.15%,-0.01,33,69564,卖盘
13:33:48,21.08,+1.15%,--,14,29512,买盘
13:33:54,21.08,+1.15%,--,29,61132,卖盘
13:33:57,21.08,+1.15%,--,42,88536,卖盘
13:34:00,21.07,+1.10%,-0.01,1,2107,卖盘
13:34:09,21.07,+1.10%,--,7,14749,卖盘
13:34:12,21.07,+1.10%,--,33,69531,卖盘
13:34:15,21.07,+1.10%,--,31,65317,卖盘
13:34:18,21.07,+1.10%,--,110,231770,卖盘
13:34:21,21.08,+1.15%,+0.01,79,166532,买盘
13:34:24,21.07,+1.10%,-0.01,20,42140,卖盘
13:34:27,21.07,+1.10%,--,18,37926,卖盘
13:34:33,21.06,+1.06%,-0.01,18,37908,卖盘
13:34:39,21.06,+1.06%,--,58,122148,卖盘
13:34:42,21.06,+1.06%,--,1,2106,卖盘
13:34:45,21.09,+1.20%,+0.03,392,826728,买盘
13:34:45,21.09,+1.20%,--,392,826728,中性盘
13:34:48,21.1,+1.25%,+0.01,177,373470,买盘
13:34:51,21.1,+1.25%,--,1,2110,卖盘
13:34:57,21.11,+1.30%,+0.01,1,2111,买盘
13:35:00,21.1,+1.25%,-0.01,106,223660,卖盘
13:35:06,21.11,+1.30%,+0.01,906,1912566,买盘
13:35:09,21.11,+1.30%,--,2,4222,买盘
13:35:12,21.11,+1.30%,--,9,18999,买盘
13:35:18,21.1,+1.25%,-0.01,7,14770,卖盘
13:35:24,21.1,+1.25%,-0.01,16,33760,卖盘
13:35:30,21.1,+1.25%,--,7,14770,卖盘
13:35:39,21.11,+1.30%,+0.01,50,105550,买盘
13:35:42,21.11,+1.30%,--,55,116105,中性盘
13:35:45,21.1,+1.25%,-0.01,9,18990,买盘
13:35:51,21.12,+1.34%,+0.02,38,80256,买盘
13:35:54,21.1,+1.25%,-0.02,1,2110,买盘
13:35:57,21.12,+1.34%,+0.02,47,99264,买盘
13:36:00,21.12,+1.34%,--,5,10560,买盘
13:36:03,21.12,+1.34%,--,7,14784,买盘
13:36:09,21.12,+1.34%,--,11,23232,买盘
13:36:12,21.12,+1.34%,--,1,2112,买盘
13:36:15,21.12,+1.34%,--,30,63360,买盘
13:36:21,21.12,+1.34%,--,8,16896,中性盘
13:36:24,21.1,+1.25%,-0.02,120,253200,卖盘
13:36:30,21.11,+1.30%,+0.01,16,33776,买盘
13:36:45,21.11,+1.30%,--,13,27443,买盘
13:36:48,21.1,+1.25%,-0.01,65,137150,卖盘
13:36:51,21.12,+1.34%,+0.02,85,179520,买盘
13:37:03,21.11,+1.30%,-0.01,3,6333,中性盘
13:37:09,21.12,+1.34%,+0.01,167,352704,买盘
13:37:21,21.12,+1.34%,--,12,25344,卖盘
13:37:30,21.13,+1.39%,--,10,21130,买盘
13:37:33,21.13,+1.39%,--,27,57051,买盘
13:37:36,21.13,+1.39%,--,61,128893,买盘
13:37:39,21.13,+1.39%,--,16,33808,买盘
13:37:42,21.13,+1.39%,--,6,12678,买盘
13:37:48,21.14,+1.44%,--,17,35938,买盘
13:37:51,21.13,+1.39%,-0.01,28,59164,卖盘
13:37:54,21.13,+1.39%,--,11,23243,买盘
13:37:57,21.14,+1.44%,+0.01,12,25368,买盘
13:38:03,21.13,+1.39%,-0.01,51,107763,卖盘
13:38:06,21.13,+1.39%,--,21,44373,卖盘
13:38:09,21.13,+1.39%,--,7,14791,买盘
13:38:15,21.12,+1.34%,-0.01,14,29568,卖盘
13:38:18,21.12,+1.34%,--,1,2112,卖盘
13:38:18,21.12,+1.34%,--,1,2112,中性盘
13:38:21,21.13,+1.39%,+0.01,36,76068,买盘
13:38:30,21.13,+1.39%,+0.01,7,14791,买盘
13:38:36,21.13,+1.39%,--,12,25356,买盘
13:38:42,21.13,+1.39%,--,21,44373,买盘
13:38:45,21.12,+1.34%,-0.01,5,10560,卖盘
13:38:51,21.12,+1.34%,--,4,8448,卖盘
13:38:54,21.13,+1.39%,+0.01,80,169040,买盘
13:38:57,21.13,+1.39%,--,3,6339,买盘
13:39:03,21.12,+1.34%,-0.01,1,2112,卖盘
13:39:06,21.13,+1.39%,+0.01,11,23243,买盘
13:39:12,21.13,+1.39%,+0.01,20,42260,买盘
13:39:18,21.12,+1.34%,-0.01,45,95040,卖盘
13:39:24,21.13,+1.39%,+0.01,1,2113,买盘
13:39:27,21.12,+1.34%,-0.01,3,6336,卖盘
13:39:30,21.12,+1.34%,--,17,35904,卖盘
13:39:42,21.11,+1.30%,-0.01,18,37998,卖盘
13:39:45,21.11,+1.30%,--,5,10555,卖盘
13:39:51,21.11,+1.30%,--,4,8444,卖盘
13:39:54,21.11,+1.30%,--,16,33776,卖盘
13:40:00,21.11,+1.30%,--,34,71774,卖盘
13:40:03,21.1,+1.25%,-0.01,2,4220,卖盘
13:40:09,21.1,+1.25%,--,14,29540,卖盘
13:40:12,21.1,+1.25%,--,3,6330,卖盘
13:40:15,21.1,+1.25%,--,28,59080,卖盘
13:40:21,21.1,+1.25%,--,5,10550,卖盘
13:40:24,21.1,+1.25%,--,11,23210,卖盘
13:40:30,21.08,+1.15%,-0.02,405,853740,卖盘
13:40:33,21.08,+1.15%,--,8,16864,卖盘
13:40:36,21.09,+1.20%,+0.01,6,12654,买盘
13:40:48,21.09,+1.20%,--,43,90687,买盘
13:40:54,21.09,+1.20%,--,10,21090,卖盘
13:40:57,21.09,+1.20%,--,15,31635,卖盘
13:41:00,21.1,+1.25%,+0.01,11,23210,买盘
13:41:03,21.11,+1.30%,+0.01,3,6333,买盘
13:41:06,21.1,+1.25%,-0.01,43,90730,卖盘
13:41:15,21.11,+1.30%,+0.01,2,4222,买盘
13:41:18,21.1,+1.25%,-0.01,30,63300,卖盘
13:41:21,21.1,+1.25%,--,4,8440,卖盘
13:41:24,21.1,+1.25%,--,16,33760,卖盘
13:41:33,21.11,+1.30%,--,47,99217,买盘
13:41:36,21.11,+1.30%,--,8,16888,卖盘
13:41:48,21.11,+1.30%,--,25,52775,卖盘
13:41:51,21.1,+1.25%,-0.01,3,6330,卖盘
13:41:51,21.1,+1.25%,--,3,6330,中性盘
13:41:54,21.1,+1.25%,--,15,31650,卖盘
13:41:57,21.11,+1.30%,+0.01,10,21110,买盘
13:42:00,21.12,+1.34%,+0.01,105,221760,买盘
13:42:03,21.12,+1.34%,--,32,67584,买盘
13:42:06,21.11,+1.30%,-0.01,25,52775,卖盘
13:42:09,21.11,+1.30%,--,1,2111,卖盘
13:42:12,21.13,+1.39%,+0.02,100,211300,买盘
13:42:21,21.13,+1.39%,--,5,10565,买盘
13:42:24,21.13,+1.39%,--,65,138486,买盘
13:42:27,21.13,+1.39%,--,41,86633,卖盘
13:42:33,21.13,+1.39%,--,56,118328,卖盘
13:42:36,21.13,+1.39%,--,4,8452,卖盘
13:42:39,21.13,+1.39%,--,3,7311,卖盘
13:42:42,21.14,+1.44%,+0.01,14,30738,买盘
13:42:45,21.14,+1.44%,--,9,19026,买盘
13:42:51,21.14,+1.44%,--,5,10570,买盘
13:42:57,21.14,+1.44%,--,129,272706,买盘
13:43:00,21.14,+1.44%,--,7,14798,卖盘
13:43:03,21.13,+1.39%,-0.01,74,156362,卖盘
13:43:09,21.13,+1.39%,--,12,25356,卖盘
13:43:12,21.13,+1.39%,--,19,40147,卖盘
13:43:15,21.14,+1.44%,+0.01,141,298074,买盘
13:43:18,21.14,+1.44%,--,36,76104,卖盘
13:43:24,21.15,+1.49%,+0.01,160,338400,买盘
13:43:27,21.15,+1.49%,--,1,2115,买盘
13:43:30,21.15,+1.49%,--,74,156510,买盘
13:43:33,21.15,+1.49%,--,107,226305,买盘
13:43:36,21.15,+1.49%,--,82,173430,买盘
13:43:39,21.16,+1.54%,+0.01,10,21160,买盘
13:43:42,21.16,+1.54%,--,2,4232,买盘
13:43:45,21.16,+1.54%,--,25,52900,买盘
13:43:48,21.16,+1.54%,--,19,40204,买盘
13:43:51,21.16,+1.54%,--,17,35972,买盘
13:43:54,21.16,+1.54%,--,3,6348,买盘
13:43:57,21.16,+1.54%,--,5,10580,买盘
13:44:00,21.16,+1.54%,--,16,33856,买盘
13:44:03,21.16,+1.54%,--,368,778688,卖盘
13:44:06,21.15,+1.49%,-0.01,27,57105,卖盘
13:44:09,21.16,+1.54%,+0.01,18,38088,中性盘
13:44:12,21.14,+1.44%,-0.02,213,450282,卖盘
13:44:15,21.13,+1.39%,-0.01,62,131006,卖盘
13:44:18,21.15,+1.49%,+0.02,9,19035,买盘
13:44:21,21.14,+1.44%,-0.01,15,31710,中性盘
13:44:24,21.15,+1.49%,+0.01,15,31725,买盘
13:44:27,21.13,+1.39%,-0.02,552,1166376,卖盘
13:44:30,21.14,+1.44%,+0.01,160,338240,买盘
13:44:33,21.14,+1.44%,--,12,25368,卖盘
13:44:36,21.15,+1.49%,+0.01,9,19035,买盘
13:44:39,21.14,+1.44%,-0.01,24,50736,卖盘
13:44:45,21.14,+1.44%,--,4,8456,卖盘
13:44:48,21.13,+1.39%,-0.01,130,274690,卖盘
13:44:57,21.14,+1.44%,+0.01,1,2114,中性盘
13:45:00,21.15,+1.49%,+0.01,98,207270,买盘
13:45:15,21.14,+1.44%,-0.01,19,40166,卖盘
13:45:18,21.14,+1.44%,--,18,38052,买盘
13:45:21,21.14,+1.44%,--,3,6342,买盘
13:48:54,21.15,+1.49%,--,15,31725,中性盘
13:49:00,21.17,+1.58%,+0.02,9,19053,买盘
13:49:06,21.17,+1.58%,--,10,21170,买盘
13:49:09,21.17,+1.58%,--,12,25404,买盘
13:49:12,21.15,+1.49%,-0.02,11,23265,卖盘
13:49:15,21.15,+1.49%,--,20,42300,卖盘
13:49:18,21.15,+1.49%,--,2,4230,卖盘
13:49:24,21.15,+1.49%,--,11,23265,卖盘
13:49:30,21.16,+1.54%,+0.01,2,4232,买盘
13:49:39,21.17,+1.58%,+0.01,16,33872,买盘
13:49:42,21.17,+1.58%,--,1,2117,买盘
13:49:45,21.17,+1.58%,--,15,31755,买盘
13:49:48,21.17,+1.58%,--,35,74095,买盘
13:49:54,21.17,+1.58%,--,26,55042,买盘
13:49:57,21.17,+1.58%,--,27,57159,买盘
13:50:03,21.17,+1.58%,--,1,2117,卖盘
13:50:15,21.18,+1.63%,--,44,93192,买盘
13:50:21,21.17,+1.58%,--,16,33872,卖盘
13:50:39,21.17,+1.58%,--,5,10585,卖盘
13:50:42,21.17,+1.58%,--,3,6351,卖盘
13:50:45,21.17,+1.58%,--,17,35989,卖盘
13:50:48,21.18,+1.63%,+0.01,26,55068,买盘
13:50:51,21.17,+1.58%,-0.01,18,38106,卖盘
13:50:54,21.17,+1.58%,--,42,88914,卖盘
13:50:57,21.18,+1.63%,+0.01,58,122844,买盘
13:51:00,21.17,+1.58%,-0.01,6,12702,卖盘
13:51:03,21.17,+1.58%,--,40,84680,卖盘
13:51:06,21.18,+1.63%,+0.01,41,86838,买盘
13:51:09,21.18,+1.63%,--,9,19062,买盘
13:51:12,21.18,+1.63%,--,28,59304,买盘
13:51:15,21.18,+1.63%,--,4,8472,卖盘
13:51:21,21.18,+1.63%,-0.01,10,21180,卖盘
13:51:24,21.18,+1.63%,--,35,74130,卖盘
13:51:30,21.19,+1.68%,+0.01,22,46618,买盘
13:51:33,21.18,+1.63%,-0.01,1,2118,卖盘
13:51:36,21.18,+1.63%,--,11,23298,卖盘
13:51:42,21.19,+1.68%,+0.01,28,59332,买盘
13:51:45,21.19,+1.68%,--,9,19071,买盘
13:51:48,21.2,+1.73%,+0.01,408,864960,买盘
13:51:51,21.2,+1.73%,--,62,131440,买盘
13:51:54,21.2,+1.73%,--,4,8480,买盘
13:52:00,21.2,+1.73%,--,111,235320,买盘
13:52:03,21.2,+1.73%,--,18,38160,买盘
13:52:06,21.19,+1.68%,-0.01,9,19071,卖盘
13:52:09,21.19,+1.68%,--,21,44499,卖盘
13:52:15,21.19,+1.68%,--,11,23309,卖盘
13:52:18,21.19,+1.68%,--,17,36595,卖盘
13:52:21,21.19,+1.68%,--,7,14833,卖盘
13:52:24,21.2,+1.73%,+0.01,139,294680,买盘
13:52:27,21.21,+1.78%,+0.01,15,31815,买盘
13:52:30,21.2,+1.73%,-0.01,5,10600,买盘
13:52:30,21.2,+1.73%,--,5,10600,中性盘
13:52:33,21.21,+1.78%,+0.01,228,483588,买盘
13:52:39,21.2,+1.73%,--,20,42400,买盘
13:52:42,21.2,+1.73%,--,45,95400,买盘
13:52:48,21.2,+1.73%,--,30,63600,卖盘
13:52:51,21.21,+1.78%,+0.01,254,538734,买盘
13:52:54,21.2,+1.73%,-0.01,38,80560,卖盘
13:52:57,21.2,+1.73%,--,14,29680,买盘
13:53:00,21.2,+1.73%,--,17,36040,买盘
13:53:03,21.2,+1.73%,--,5,10600,买盘
13:53:06,21.2,+1.73%,--,30,63600,买盘
13:53:09,21.2,+1.73%,--,31,65720,买盘
13:53:12,21.2,+1.73%,--,119,252280,卖盘
13:53:15,21.18,+1.63%,-0.02,683,1448140,卖盘
13:53:18,21.18,+1.63%,--,57,120726,卖盘
13:53:21,21.18,+1.63%,--,15,31770,买盘
13:53:24,21.16,+1.54%,-0.02,15,31740,卖盘
13:53:27,21.18,+1.63%,+0.02,6,12708,中性盘
13:53:36,21.18,+1.63%,--,3,6354,卖盘
13:53:39,21.18,+1.63%,--,127,268986,卖盘
13:53:42,21.19,+1.68%,+0.01,45,95355,买盘
13:53:45,21.19,+1.68%,--,505,1070095,卖盘
13:53:48,21.19,+1.68%,--,13,27547,卖盘
13:53:54,21.19,+1.68%,--,2,4238,卖盘
13:53:57,21.2,+1.73%,+0.01,90,190800,买盘
13:54:00,21.19,+1.68%,-0.01,77,163163,卖盘
13:54:09,21.2,+1.73%,+0.01,21,44520,买盘
13:54:12,21.2,+1.73%,--,21,44520,买盘
13:54:15,21.19,+1.68%,-0.01,19,40261,卖盘
13:54:18,21.18,+1.63%,-0.01,24,50832,卖盘
13:54:24,21.19,+1.68%,+0.01,39,82641,买盘
13:54:27,21.18,+1.63%,-0.01,60,127080,卖盘
13:54:30,21.19,+1.68%,+0.01,487,1031953,买盘
13:54:33,21.18,+1.63%,-0.01,66,139788,买盘
13:54:36,21.17,+1.58%,-0.01,1,2117,卖盘
13:54:39,21.17,+1.58%,--,9,19053,买盘
13:54:42,21.17,+1.58%,--,44,93148,卖盘
13:54:45,21.17,+1.58%,--,13,27521,卖盘
13:54:48,21.17,+1.58%,--,2,4234,买盘
13:54:54,21.17,+1.58%,--,2,4234,卖盘
13:54:57,21.18,+1.63%,+0.01,10,21180,买盘
13:55:00,21.17,+1.58%,-0.01,41,86797,卖盘
13:55:03,21.18,+1.63%,+0.01,13,27534,买盘
13:55:06,21.17,+1.58%,-0.01,55,116435,卖盘
13:55:09,21.17,+1.58%,--,14,29638,卖盘
13:55:12,21.17,+1.58%,--,4,8468,卖盘
13:55:15,21.18,+1.63%,+0.01,1,2118,买盘
13:55:18,21.18,+1.63%,--,60,127080,买盘
13:55:21,21.17,+1.58%,-0.01,4,8468,卖盘
13:55:24,21.18,+1.63%,+0.01,6,12708,买盘
13:55:27,21.18,+1.63%,--,321,679878,买盘
13:55:30,21.18,+1.63%,--,2,4236,卖盘
13:55:36,21.19,+1.68%,+0.01,101,214019,买盘
13:55:39,21.19,+1.68%,--,1,2119,买盘
13:55:48,21.18,+1.63%,-0.02,37,78366,卖盘
13:55:51,21.19,+1.68%,+0.01,5,10595,卖盘
13:55:54,21.19,+1.68%,--,17,36023,卖盘
13:55:57,21.19,+1.68%,--,3,6357,卖盘
13:56:00,21.19,+1.68%,--,18,38142,卖盘
13:56:03,21.2,+1.73%,+0.01,20,42400,买盘
13:56:03,21.2,+1.73%,-0.01,20,42400,中性盘
13:56:06,21.19,+1.68%,-0.01,14,29666,卖盘
13:56:09,21.19,+1.68%,--,12,25428,卖盘
13:56:12,21.19,+1.68%,--,95,201305,卖盘
13:56:15,21.2,+1.73%,+0.01,50,106000,买盘
13:56:18,21.19,+1.68%,-0.01,10,21190,买盘
13:56:24,21.19,+1.68%,--,30,63570,买盘
13:56:27,21.19,+1.68%,--,2,4238,买盘
13:56:30,21.18,+1.63%,-0.01,45,95310,卖盘
13:56:33,21.19,+1.68%,+0.01,15,31785,买盘
13:56:36,21.18,+1.63%,-0.01,15,31770,卖盘
13:56:39,21.18,+1.63%,--,15,31770,卖盘
13:56:42,21.18,+1.63%,--,66,139788,卖盘
13:56:45,21.18,+1.63%,--,223,472314,卖盘
13:56:48,21.18,+1.63%,--,190,402420,卖盘
13:56:51,21.18,+1.63%,--,1,2118,卖盘
13:56:54,21.18,+1.63%,--,54,114372,卖盘
13:56:57,21.18,+1.63%,--,14,29652,卖盘
13:57:00,21.18,+1.63%,--,58,122844,卖盘
13:57:03,21.18,+1.63%,--,10,21180,卖盘
13:57:06,21.19,+1.68%,+0.01,42,88998,买盘
13:57:09,21.19,+1.68%,--,81,171639,买盘
13:57:12,21.18,+1.63%,-0.01,16,33888,卖盘
13:57:15,21.19,+1.68%,+0.01,213,451347,买盘
13:57:18,21.19,+1.68%,--,10,21190,卖盘
13:57:21,21.19,+1.68%,--,135,286065,卖盘
13:57:24,21.2,+1.73%,+0.01,19,40280,买盘
13:57:30,21.19,+1.68%,-0.01,22,46618,买盘
13:57:36,21.2,+1.73%,+0.01,224,474880,买盘
13:57:39,21.19,+1.68%,-0.01,32,67808,卖盘
13:57:42,21.2,+1.73%,+0.01,370,784400,买盘
13:57:45,21.19,+1.68%,-0.01,71,150449,卖盘
13:57:48,21.19,+1.68%,--,25,52975,买盘
13:57:51,21.19,+1.68%,--,8,16952,买盘
13:58:00,21.19,+1.68%,--,6,12714,买盘
13:58:03,21.19,+1.68%,--,140,296660,买盘
13:58:06,21.21,+1.78%,+0.02,29,61509,买盘
13:58:18,21.2,+1.73%,-0.01,13,27560,中性盘
13:58:21,21.21,+1.78%,+0.01,23,48783,买盘
13:58:24,21.2,+1.73%,-0.01,54,114480,中性盘
13:58:27,21.2,+1.73%,--,100,212000,卖盘
13:58:30,21.21,+1.78%,+0.01,102,216342,买盘
13:58:36,21.22,+1.82%,+0.01,34,72148,买盘
13:58:39,21.21,+1.78%,-0.01,10,21210,卖盘
13:58:48,21.21,+1.78%,--,11,23331,卖盘
13:58:51,21.21,+1.78%,--,40,84840,卖盘
13:58:54,21.21,+1.78%,--,1,2121,卖盘
13:58:57,21.21,+1.78%,--,29,61509,卖盘
13:59:00,21.22,+1.82%,+0.01,16,33952,买盘
13:59:03,21.22,+1.82%,--,51,108222,买盘
13:59:09,21.21,+1.78%,--,209,443289,卖盘
13:59:12,21.22,+1.82%,+0.01,15,31830,买盘
13:59:15,21.22,+1.82%,--,55,116710,买盘
13:59:18,21.21,+1.78%,-0.01,9,19089,卖盘
13:59:21,21.22,+1.82%,+0.01,144,305568,买盘
13:59:24,21.21,+1.78%,-0.01,466,988386,卖盘
13:59:27,21.22,+1.82%,+0.01,78,165516,买盘
13:59:30,21.22,+1.82%,--,5,10610,买盘
13:59:33,21.21,+1.78%,-0.01,160,339360,卖盘
13:59:36,21.22,+1.82%,+0.01,176,373472,买盘
13:59:36,21.22,+1.82%,--,176,373472,中性盘
13:59:42,21.22,+1.82%,--,28,59416,卖盘
13:59:45,21.22,+1.82%,--,108,229176,卖盘
13:59:48,21.22,+1.82%,--,14,29708,卖盘
13:59:51,21.23,+1.87%,+0.01,187,397001,买盘
14:00:00,21.28,+2.11%,+0.05,580,1234240,买盘
14:00:03,21.24,+1.92%,-0.04,28,59472,中性盘
14:00:06,21.24,+1.92%,--,5,10620,卖盘
14:00:09,21.28,+2.11%,+0.04,113,240464,买盘
14:00:12,21.28,+2.11%,--,56,119168,买盘
14:00:15,21.28,+2.11%,--,127,270256,买盘
14:00:18,21.29,+2.16%,+0.01,109,232061,买盘
14:00:21,21.28,+2.11%,-0.01,393,836304,卖盘
14:00:24,21.28,+2.11%,--,206,438368,卖盘
14:00:27,21.28,+2.11%,--,330,702240,买盘
14:00:30,21.28,+2.11%,--,121,257488,买盘
14:00:33,21.29,+2.16%,+0.01,190,404510,买盘
14:00:36,21.28,+2.11%,-0.01,136,289408,卖盘
14:00:39,21.29,+2.16%,+0.01,66,140514,中性盘
14:00:42,21.28,+2.11%,-0.01,841,1789648,卖盘
14:00:45,21.29,+2.16%,+0.01,1105,2352545,买盘
14:00:48,21.28,+2.11%,-0.01,126,268128,卖盘
14:00:51,21.28,+2.11%,--,2,4256,卖盘
14:00:54,21.28,+2.11%,--,137,291536,卖盘
14:00:57,21.29,+2.16%,+0.01,35,74515,买盘
14:01:00,21.3,+2.21%,+0.01,54,115020,买盘
14:01:03,21.29,+2.16%,-0.01,611,1300819,卖盘
14:01:06,21.29,+2.16%,--,23,48967,卖盘
14:01:09,21.3,+2.21%,+0.01,172,368405,买盘
14:01:12,21.29,+2.16%,-0.01,439,934716,卖盘
14:01:15,21.28,+2.11%,-0.01,79,168112,卖盘
14:01:18,21.28,+2.11%,--,145,308560,卖盘
14:01:24,21.27,+2.06%,-0.01,74,157398,中性盘
14:01:27,21.25,+1.97%,-0.02,7,14875,卖盘
14:01:30,21.26,+2.02%,+0.01,127,270002,中性盘
14:01:33,21.25,+1.97%,-0.01,32,68000,卖盘
14:01:36,21.26,+2.02%,+0.01,78,165828,买盘
14:01:45,21.26,+2.02%,--,12,25512,卖盘
14:01:48,21.26,+2.02%,--,74,157324,卖盘
14:01:54,21.26,+2.02%,--,32,68032,买盘
14:01:57,21.25,+1.97%,-0.01,141,299625,卖盘
14:02:00,21.24,+1.92%,-0.01,24,50976,卖盘
14:02:03,21.25,+1.97%,+0.01,18,38250,中性盘
14:02:06,21.24,+1.92%,-0.01,25,53100,卖盘
14:02:09,21.25,+1.97%,+0.01,106,225250,买盘
14:02:12,21.25,+1.97%,--,53,112625,买盘
14:02:18,21.25,+1.97%,--,15,31875,卖盘
14:02:21,21.24,+1.92%,-0.01,65,138060,卖盘
14:02:27,21.24,+1.92%,--,242,514008,卖盘
14:02:30,21.25,+1.97%,+0.01,50,106250,买盘
14:02:33,21.25,+1.97%,--,4,8500,买盘
14:02:36,21.25,+1.97%,--,118,250750,买盘
14:02:51,21.25,+1.97%,--,94,199750,卖盘
14:02:54,21.24,+1.92%,-0.01,160,339840,卖盘
14:02:57,21.23,+1.87%,-0.01,33,70059,卖盘
14:03:03,21.23,+1.87%,--,5,10615,卖盘
14:03:09,21.23,+1.87%,--,17,36091,中性盘
14:03:12,21.23,+1.87%,--,4,8492,卖盘
14:03:18,21.23,+1.87%,--,75,159225,卖盘
14:03:21,21.23,+1.87%,--,73,154979,买盘
14:03:24,21.22,+1.82%,-0.01,1,2122,卖盘
14:03:27,21.22,+1.82%,--,20,42440,卖盘
14:03:30,21.22,+1.82%,--,21,44562,卖盘
14:03:33,21.24,+1.92%,+0.02,226,480024,买盘
14:03:36,21.23,+1.87%,-0.01,193,409739,卖盘
14:03:39,21.23,+1.87%,--,8,16984,卖盘
14:03:48,21.23,+1.87%,-0.01,2,4246,卖盘
14:03:51,21.24,+1.92%,+0.01,80,169920,买盘
14:03:54,21.24,+1.92%,--,26,55224,卖盘
14:04:00,21.25,+1.97%,+0.01,10,21250,买盘
14:04:03,21.24,+1.92%,-0.01,95,201780,卖盘
14:04:06,21.24,+1.92%,--,10,21240,卖盘
14:04:09,21.24,+1.92%,--,39,82836,买盘
14:04:12,21.23,+1.87%,-0.01,51,108273,中性盘
14:04:18,21.23,+1.87%,--,3,6369,买盘
14:04:21,21.23,+1.87%,--,37,78551,卖盘
14:04:24,21.24,+1.92%,+0.01,86,182664,买盘
14:04:30,21.24,+1.92%,--,19,40356,卖盘
14:04:33,21.24,+1.92%,--,48,101952,卖盘
14:04:39,21.25,+1.97%,--,32,68000,买盘
14:04:45,21.25,+1.97%,--,42,89250,卖盘
14:04:48,21.26,+2.02%,+0.01,58,123308,买盘
14:04:51,21.27,+2.06%,+0.01,436,927372,买盘
14:04:54,21.28,+2.11%,+0.01,38,80864,买盘
14:04:57,21.28,+2.11%,--,2,4256,买盘
14:05:00,21.28,+2.11%,--,20,42560,买盘
14:05:03,21.28,+2.11%,--,69,146832,买盘
14:05:09,21.29,+2.16%,+0.01,51,108579,买盘
14:05:12,21.29,+2.16%,--,90,191610,买盘
14:05:15,21.3,+2.21%,+0.01,20,42600,买盘
14:05:18,21.3,+2.21%,--,74,157620,买盘
14:05:21,21.3,+2.21%,--,328,698640,买盘
14:05:24,21.3,+2.21%,--,92,195960,买盘
14:05:27,21.3,+2.21%,--,41,87330,买盘
14:05:33,21.3,+2.21%,--,116,247080,卖盘
14:05:36,21.3,+2.21%,--,50,106500,买盘
14:05:39,21.3,+2.21%,--,83,176790,买盘
14:05:42,21.28,+2.11%,-0.02,30,63840,卖盘
14:05:45,21.29,+2.16%,+0.01,2,4258,买盘
14:05:48,21.3,+2.21%,+0.01,25,53250,买盘
14:05:51,21.27,+2.06%,-0.03,458,974166,卖盘
14:05:54,21.29,+2.16%,+0.02,51,108579,买盘
14:05:57,21.3,+2.21%,+0.01,109,232170,买盘
14:06:00,21.3,+2.21%,--,90,191700,卖盘
14:06:03,21.28,+2.11%,-0.02,6,12768,卖盘
14:06:06,21.29,+2.16%,+0.01,29,61741,中性盘
14:06:09,21.28,+2.11%,-0.01,33,70224,卖盘
14:06:15,21.29,+2.16%,+0.01,9,19161,买盘
14:06:18,21.29,+2.16%,--,107,227803,买盘
14:06:24,21.28,+2.11%,-0.01,5,10640,卖盘
14:06:30,21.28,+2.11%,--,16,34048,卖盘
14:06:36,21.29,+2.16%,+0.01,29,61741,买盘
14:06:39,21.27,+2.06%,-0.02,57,121239,卖盘
14:06:42,21.28,+2.11%,+0.01,2,4256,买盘
14:06:42,21.28,+2.11%,--,2,4256,中性盘
14:06:51,21.28,+2.11%,--,8,17024,卖盘
14:06:54,21.28,+2.11%,--,68,144704,卖盘
14:06:57,21.27,+2.06%,-0.01,25,53175,卖盘
14:07:00,21.27,+2.06%,--,33,70191,卖盘
14:07:06,21.28,+2.11%,+0.01,59,125552,买盘
14:07:12,21.28,+2.11%,--,22,46816,卖盘
14:07:15,21.28,+2.11%,--,7,14896,卖盘
14:07:18,21.29,+2.16%,+0.01,15,31935,买盘
14:07:21,21.29,+2.16%,--,150,319350,买盘
14:07:24,21.29,+2.16%,--,8,17032,买盘
14:07:27,21.29,+2.16%,--,158,336382,买盘
14:07:30,21.29,+2.16%,--,55,117095,买盘
14:07:33,21.27,+2.06%,-0.02,24,51048,卖盘
14:07:42,21.28,+2.11%,+0.01,28,59584,中性盘
14:07:48,21.28,+2.11%,--,10,21280,卖盘
14:07:51,21.29,+2.16%,+0.01,120,255480,买盘
14:07:57,21.28,+2.11%,-0.01,7,14896,卖盘
14:08:00,21.29,+2.16%,+0.01,238,506702,买盘
14:08:06,21.3,+2.21%,+0.01,9,19170,买盘
14:08:12,21.29,+2.16%,-0.01,2,4258,卖盘
14:08:15,21.3,+2.21%,+0.01,71,151230,买盘
14:08:21,21.29,+2.16%,-0.01,5,10645,卖盘
14:08:24,21.3,+2.21%,+0.01,160,340800,买盘
14:08:27,21.29,+2.16%,-0.01,36,76644,卖盘
14:08:30,21.29,+2.16%,--,3,6387,卖盘
14:08:33,21.29,+2.16%,--,167,355543,卖盘
14:08:36,21.29,+2.16%,--,26,55354,卖盘
14:08:39,21.28,+2.11%,-0.01,162,344736,卖盘
14:08:42,21.28,+2.11%,--,1,2128,卖盘
14:08:45,21.28,+2.11%,--,49,104272,卖盘
14:08:48,21.29,+2.16%,+0.01,68,144772,买盘
14:08:51,21.29,+2.16%,--,13,27677,卖盘
14:08:54,21.3,+2.21%,+0.01,349,743370,买盘
14:08:57,21.32,+2.30%,+0.02,1109,2366435,买盘
14:09:00,21.32,+2.30%,--,34,72488,买盘
14:09:03,21.32,+2.30%,--,301,641732,买盘
14:09:06,21.32,+2.30%,--,97,206804,卖盘
14:09:09,21.34,+2.40%,+0.02,63,134442,买盘
14:09:12,21.34,+2.40%,--,6,12804,买盘
14:09:15,21.33,+2.35%,-0.01,37,78921,卖盘
14:09:18,21.33,+2.35%,--,14,29862,卖盘
14:09:21,21.33,+2.35%,--,36,76788,卖盘
14:09:24,21.34,+2.40%,+0.01,94,200596,买盘
14:09:30,21.33,+2.35%,--,10,21330,卖盘
14:09:33,21.33,+2.35%,--,43,91719,卖盘
14:09:36,21.33,+2.35%,--,112,238896,买盘
14:09:39,21.33,+2.35%,--,25,53325,卖盘
14:09:42,21.33,+2.35%,--,104,221832,买盘
14:09:45,21.34,+2.40%,+0.01,52,110968,买盘
14:09:48,21.33,+2.35%,-0.01,33,70389,卖盘
14:09:51,21.34,+2.40%,+0.01,11,23474,买盘
14:09:54,21.34,+2.40%,--,203,433202,买盘
14:10:00,21.33,+2.35%,-0.01,17,36261,卖盘
14:10:03,21.33,+2.35%,--,12,25596,卖盘
14:10:06,21.34,+2.40%,+0.01,446,951764,买盘
14:10:09,21.34,+2.40%,--,136,290224,买盘
14:10:12,21.34,+2.40%,--,46,98164,买盘
14:10:15,21.35,+2.45%,+0.01,1,2135,买盘
14:10:15,21.35,+2.45%,-0.01,1,2135,中性盘
14:10:18,21.34,+2.40%,-0.01,70,149380,卖盘
14:10:21,21.34,+2.40%,--,66,140844,买盘
14:10:24,21.33,+2.35%,-0.01,14,29862,卖盘
14:10:27,21.34,+2.40%,+0.01,257,548438,买盘
14:10:33,21.34,+2.40%,--,4,8536,中性盘
14:10:36,21.35,+2.45%,+0.01,711,1517985,买盘
14:10:39,21.35,+2.45%,--,50,106750,卖盘
14:10:42,21.36,+2.50%,+0.01,160,341760,买盘
14:10:45,21.34,+2.40%,-0.02,5,10670,卖盘
14:10:51,21.35,+2.45%,+0.01,26,55510,买盘
14:10:54,21.37,+2.54%,+0.02,651,1391187,买盘
14:10:57,21.36,+2.50%,-0.01,17,36312,买盘
14:11:00,21.36,+2.50%,--,100,213600,买盘
14:11:03,21.36,+2.50%,--,51,108936,卖盘
14:11:06,21.37,+2.54%,+0.01,108,230796,买盘
14:11:09,21.36,+2.50%,-0.01,390,833040,卖盘
14:11:12,21.37,+2.54%,+0.01,47,100439,买盘
14:11:15,21.36,+2.50%,-0.01,90,192240,卖盘
14:11:18,21.37,+2.54%,+0.01,100,213700,买盘
14:11:21,21.37,+2.54%,--,29,61973,买盘
14:11:24,21.35,+2.45%,-0.02,102,217770,卖盘
14:11:27,21.35,+2.45%,--,7,14945,买盘
14:11:30,21.35,+2.45%,--,40,85400,买盘
14:11:33,21.34,+2.40%,-0.01,39,83226,中性盘
14:11:36,21.34,+2.40%,--,336,717024,中性盘
14:11:39,21.33,+2.35%,-0.01,4,8532,卖盘
14:11:42,21.35,+2.45%,+0.02,18,38430,买盘
14:11:45,21.35,+2.45%,--,69,147315,卖盘
14:11:48,21.35,+2.45%,--,6,12810,卖盘
14:11:51,21.35,+2.45%,--,214,456890,卖盘
14:11:54,21.34,+2.40%,-0.01,16,34144,卖盘
14:12:00,21.35,+2.45%,+0.01,552,1178520,买盘
14:12:03,21.35,+2.45%,--,207,441945,卖盘
14:12:06,21.35,+2.45%,--,1032,2203320,买盘
14:12:09,21.36,+2.50%,+0.01,54,115344,买盘
14:12:12,21.37,+2.54%,+0.01,12,25644,买盘
14:12:15,21.35,+2.45%,-0.02,11,23485,卖盘
14:12:18,21.37,+2.54%,+0.02,114,243618,买盘
14:12:21,21.39,+2.64%,+0.02,28,59892,买盘
14:12:24,21.37,+2.54%,-0.02,12,25644,卖盘
14:12:27,21.39,+2.64%,+0.02,79,168981,买盘
14:12:30,21.39,+2.64%,--,220,470580,买盘
14:12:33,21.37,+2.54%,-0.02,468,1000116,卖盘
14:12:36,21.39,+2.64%,+0.02,287,613893,买盘
14:12:39,21.38,+2.59%,-0.01,14,29932,中性盘
14:12:42,21.4,+2.69%,+0.02,52,111280,买盘
14:12:45,21.39,+2.64%,-0.01,13,27807,卖盘
14:12:48,21.38,+2.59%,-0.01,10,21380,卖盘
14:12:51,21.4,+2.69%,+0.02,118,252520,买盘
14:12:54,21.4,+2.69%,--,128,273920,买盘
14:12:57,21.4,+2.69%,--,79,169060,卖盘
14:13:00,21.39,+2.64%,-0.01,390,834210,卖盘
14:13:03,21.4,+2.69%,+0.01,18,38520,买盘
14:13:06,21.4,+2.69%,--,3,6420,买盘
14:13:09,21.39,+2.64%,-0.01,71,151869,中性盘
14:13:12,21.4,+2.69%,+0.01,75,160500,卖盘
14:13:15,21.38,+2.59%,-0.02,61,130418,卖盘
14:13:21,21.37,+2.54%,-0.01,71,151727,卖盘
14:13:24,21.38,+2.59%,+0.01,29,62002,中性盘
14:13:27,21.4,+2.69%,+0.02,100,214000,买盘
14:13:30,21.38,+2.59%,-0.02,5,10690,买盘
14:13:33,21.37,+2.54%,-0.01,110,235070,卖盘
14:13:36,21.37,+2.54%,--,3,6411,卖盘
14:13:39,21.36,+2.50%,-0.01,407,869352,卖盘
14:13:42,21.36,+2.50%,--,55,117480,买盘
14:13:45,21.35,+2.45%,-0.01,235,501725,卖盘
14:13:48,21.35,+2.45%,--,51,108885,卖盘
14:17:15,21.35,+2.45%,--,14,29890,中性盘
14:17:24,21.36,+2.50%,+0.01,3,6408,买盘
14:17:27,21.36,+2.50%,--,3,6408,买盘
14:17:30,21.35,+2.45%,-0.01,1,2135,卖盘
14:17:33,21.36,+2.50%,+0.01,2,4272,买盘
14:17:36,21.35,+2.45%,-0.01,12,25620,卖盘
14:17:39,21.35,+2.45%,--,61,130235,卖盘
14:17:45,21.36,+2.50%,+0.01,41,87576,买盘
14:17:54,21.35,+2.45%,-0.01,155,330925,卖盘
14:17:57,21.34,+2.40%,-0.01,216,460944,卖盘
14:18:00,21.34,+2.40%,--,155,330770,卖盘
14:18:03,21.34,+2.40%,--,142,303028,卖盘
14:18:06,21.34,+2.40%,--,29,61886,卖盘
14:18:09,21.34,+2.40%,--,5,10670,卖盘
14:18:12,21.34,+2.40%,--,33,70422,卖盘
14:18:15,21.34,+2.40%,--,20,42680,卖盘
14:18:18,21.34,+2.40%,--,12,25608,卖盘
14:18:21,21.35,+2.45%,+0.01,14,29890,买盘
14:18:24,21.35,+2.45%,--,4,8540,买盘
14:18:27,21.33,+2.35%,-0.02,12,25596,卖盘
14:18:30,21.33,+2.35%,--,1,2133,卖盘
14:18:33,21.33,+2.35%,--,3,6399,卖盘
14:18:36,21.33,+2.35%,--,11,23463,卖盘
14:18:48,21.33,+2.35%,--,57,121581,卖盘
14:18:51,21.33,+2.35%,--,273,582309,卖盘
14:18:54,21.33,+2.35%,--,126,268758,卖盘
14:19:00,21.33,+2.35%,--,17,36261,卖盘
14:19:03,21.33,+2.35%,--,23,49059,卖盘
14:19:06,21.32,+2.30%,-0.01,4,8528,卖盘
14:19:09,21.32,+2.30%,--,5,10660,卖盘
14:19:12,21.32,+2.30%,--,7,14924,卖盘
14:19:15,21.32,+2.30%,--,8,17056,卖盘
14:19:18,21.33,+2.35%,+0.01,138,294354,买盘
14:19:21,21.33,+2.35%,--,8,17064,卖盘
14:19:24,21.33,+2.35%,--,27,57591,卖盘
14:19:27,21.33,+2.35%,--,16,34128,卖盘
14:19:30,21.33,+2.35%,--,2,4266,卖盘
14:19:33,21.34,+2.40%,+0.01,16,34144,买盘
14:19:36,21.33,+2.35%,-0.01,5,10665,卖盘
14:19:39,21.34,+2.40%,+0.01,56,119504,买盘
14:19:48,21.34,+2.40%,--,54,115236,买盘
14:19:51,21.36,+2.50%,+0.02,257,548952,买盘
14:19:54,21.36,+2.50%,--,43,91848,卖盘
14:20:00,21.36,+2.50%,-0.01,28,59808,卖盘
14:20:03,21.36,+2.50%,--,19,40584,卖盘
14:20:06,21.37,+2.54%,+0.01,125,267125,买盘
14:20:09,21.37,+2.54%,--,23,49151,卖盘
14:20:12,21.36,+2.50%,-0.01,48,102528,卖盘
14:20:15,21.37,+2.54%,+0.01,1,2137,买盘
14:20:18,21.36,+2.50%,-0.01,10,21360,卖盘
14:20:21,21.36,+2.50%,--,49,104664,卖盘
14:20:24,21.38,+2.59%,+0.02,146,312148,买盘
14:20:27,21.37,+2.54%,-0.01,53,113261,卖盘
14:20:30,21.37,+2.54%,--,36,76932,卖盘
14:20:33,21.38,+2.59%,+0.01,14,29932,买盘
14:20:36,21.37,+2.54%,-0.01,117,250029,卖盘
14:20:39,21.37,+2.54%,--,26,55562,卖盘
14:20:45,21.36,+2.50%,-0.01,26,55536,卖盘
14:20:48,21.37,+2.54%,+0.01,35,74795,买盘
14:20:51,21.36,+2.50%,-0.01,17,36312,卖盘
14:20:54,21.36,+2.50%,--,7,14952,卖盘
14:24:27,21.34,+2.40%,-0.02,14,29876,中性盘
14:24:30,21.32,+2.30%,-0.02,477,1016964,卖盘
14:24:33,21.32,+2.30%,--,127,270764,买盘
14:24:36,21.32,+2.30%,--,40,85280,买盘
14:24:39,21.32,+2.30%,--,12,25584,买盘
14:24:42,21.32,+2.30%,--,4,8528,买盘
14:24:48,21.31,+2.26%,-0.01,18,38358,卖盘
14:24:54,21.32,+2.30%,+0.01,19,40508,买盘
14:24:57,21.31,+2.26%,-0.01,5,10655,卖盘
14:25:00,21.32,+2.30%,+0.01,12,25584,买盘
14:25:03,21.31,+2.26%,-0.01,51,108681,卖盘
14:25:06,21.32,+2.30%,+0.01,43,91676,买盘
14:25:09,21.32,+2.30%,--,149,317668,买盘
14:25:12,21.31,+2.26%,-0.01,33,70323,卖盘
14:25:15,21.3,+2.21%,-0.01,9,19170,卖盘
14:25:18,21.3,+2.21%,--,7,14910,卖盘
14:25:24,21.3,+2.21%,--,11,23430,卖盘
14:25:27,21.3,+2.21%,--,133,283290,卖盘
14:25:30,21.3,+2.21%,--,22,46860,卖盘
14:25:33,21.31,+2.26%,+0.01,13,27703,买盘
14:25:36,21.3,+2.21%,-0.01,244,519720,卖盘
14:25:39,21.3,+2.21%,--,73,155490,卖盘
14:25:45,21.3,+2.21%,--,4,8520,卖盘
14:25:48,21.31,+2.26%,+0.01,10,21310,买盘
14:25:51,21.3,+2.21%,-0.01,5,10650,卖盘
14:25:57,21.3,+2.21%,--,5,10650,卖盘
14:26:00,21.3,+2.21%,--,24,51120,卖盘
14:26:06,21.3,+2.21%,--,64,136320,卖盘
14:26:09,21.31,+2.26%,+0.01,6,12786,买盘
14:26:12,21.3,+2.21%,-0.01,29,61770,卖盘
14:26:15,21.3,+2.21%,--,10,21300,卖盘
14:26:21,21.3,+2.21%,--,12,25560,卖盘
14:26:24,21.3,+2.21%,--,82,174660,卖盘
14:26:27,21.3,+2.21%,--,217,462210,卖盘
14:26:30,21.3,+2.21%,--,52,110760,卖盘
14:26:33,21.29,+2.16%,-0.01,189,402381,卖盘
14:26:36,21.29,+2.16%,--,54,114966,卖盘
14:26:39,21.29,+2.16%,--,99,210771,卖盘
14:26:42,21.28,+2.11%,-0.01,24,51072,卖盘
14:26:45,21.28,+2.11%,--,20,42560,卖盘
14:26:51,21.28,+2.11%,--,26,55328,卖盘
14:26:54,21.27,+2.06%,-0.01,49,104223,卖盘
14:26:57,21.27,+2.06%,--,3,6381,卖盘
14:27:00,21.28,+2.11%,+0.01,130,276640,买盘
14:27:03,21.28,+2.11%,--,5,10640,卖盘
14:27:06,21.28,+2.11%,--,30,63840,卖盘
14:27:09,21.28,+2.11%,--,3,6384,卖盘
14:27:12,21.27,+2.06%,-0.01,75,159525,卖盘
14:27:15,21.27,+2.06%,--,11,23397,卖盘
14:27:21,21.28,+2.11%,+0.01,13,27664,中性盘
14:27:24,21.28,+2.11%,--,24,51072,卖盘
14:27:27,21.29,+2.16%,+0.01,1,2129,买盘
14:27:30,21.28,+2.11%,-0.01,38,80864,卖盘
14:27:33,21.28,+2.11%,--,15,31920,买盘
14:27:36,21.28,+2.11%,--,28,59584,买盘
14:27:39,21.28,+2.11%,--,54,114912,买盘
14:27:45,21.28,+2.11%,--,6,12768,卖盘
14:27:48,21.29,+2.16%,+0.01,21,44709,买盘
14:27:51,21.28,+2.11%,-0.01,22,46816,卖盘
14:27:54,21.29,+2.16%,+0.01,100,212900,买盘
14:27:57,21.29,+2.16%,--,17,36193,买盘
14:28:00,21.29,+2.16%,--,1,2129,买盘
14:28:00,21.29,+2.16%,-0.01,1,2129,中性盘
14:28:03,21.28,+2.11%,-0.01,9,19152,卖盘
14:28:06,21.28,+2.11%,--,25,53200,卖盘
14:28:09,21.29,+2.16%,+0.01,14,29806,买盘
14:28:12,21.28,+2.11%,-0.01,3,6384,卖盘
14:28:15,21.29,+2.16%,+0.01,10,21290,买盘
14:28:21,21.29,+2.16%,--,14,29806,买盘
14:28:27,21.29,+2.16%,--,28,59612,买盘
14:28:36,21.28,+2.11%,--,19,40432,卖盘
14:28:39,21.28,+2.11%,--,27,57456,卖盘
14:28:42,21.3,+2.21%,+0.02,53,112890,买盘
14:28:45,21.28,+2.11%,-0.02,19,40432,卖盘
14:28:48,21.3,+2.21%,+0.02,57,121410,买盘
14:28:51,21.3,+2.21%,--,13,27690,买盘
14:28:54,21.3,+2.21%,--,218,464340,买盘
14:28:57,21.3,+2.21%,--,15,31950,买盘
14:29:00,21.29,+2.16%,-0.01,46,97934,卖盘
14:29:03,21.3,+2.21%,+0.01,11,23430,买盘
14:29:06,21.3,+2.21%,--,17,36210,卖盘
14:29:09,21.31,+2.26%,+0.01,3,6393,买盘
14:29:12,21.3,+2.21%,-0.01,16,34080,卖盘
14:29:15,21.31,+2.26%,+0.01,34,72454,买盘
14:29:18,21.3,+2.21%,-0.01,1,2130,中性盘
14:29:21,21.31,+2.26%,+0.01,7,14917,买盘
14:29:24,21.29,+2.16%,-0.02,6,12774,卖盘
14:29:27,21.29,+2.16%,--,59,125611,卖盘
14:29:33,21.29,+2.16%,--,45,95805,中性盘
14:29:36,21.3,+2.21%,+0.01,47,100110,买盘
14:29:39,21.29,+2.16%,-0.01,4,8516,卖盘
14:29:42,21.29,+2.16%,--,29,61741,卖盘
14:29:45,21.29,+2.16%,--,5,10645,卖盘
14:29:48,21.29,+2.16%,--,27,57483,卖盘
14:29:51,21.29,+2.16%,--,15,31935,卖盘
14:29:54,21.29,+2.16%,--,61,129869,卖盘
14:29:57,21.3,+2.21%,+0.01,7,14910,买盘
14:30:00,21.29,+2.16%,-0.01,3,6387,卖盘
14:30:03,21.29,+2.16%,--,117,249093,卖盘
14:30:06,21.29,+2.16%,--,21,44709,买盘
14:30:09,21.27,+2.06%,-0.02,314,667878,卖盘
14:30:15,21.25,+1.97%,-0.01,66,140250,卖盘
14:30:21,21.25,+1.97%,--,25,53125,卖盘
14:30:33,21.25,+1.97%,--,22,46750,卖盘
14:30:36,21.25,+1.97%,--,7,14875,卖盘
14:30:39,21.25,+1.97%,--,9,19125,卖盘
14:30:42,21.24,+1.92%,-0.01,34,72216,卖盘
14:30:48,21.24,+1.92%,--,37,78588,卖盘
14:30:51,21.24,+1.92%,--,32,67968,卖盘
14:30:54,21.23,+1.87%,-0.01,37,78551,卖盘
14:30:57,21.23,+1.87%,--,17,36091,卖盘
14:31:03,21.23,+1.87%,--,140,297220,卖盘
14:31:06,21.22,+1.82%,-0.01,5,10610,卖盘
14:31:09,21.22,+1.82%,--,60,127320,卖盘
14:31:12,21.23,+1.87%,+0.01,64,135872,中性盘
14:31:15,21.22,+1.82%,-0.01,85,180370,卖盘
14:31:18,21.23,+1.87%,+0.01,10,21230,中性盘
14:31:21,21.22,+1.82%,-0.01,13,27586,卖盘
14:31:24,21.23,+1.87%,+0.01,8,16984,卖盘
14:31:27,21.24,+1.92%,+0.01,21,44604,买盘
14:31:33,21.25,+1.97%,+0.01,37,78625,买盘
14:31:33,21.25,+1.97%,--,37,78625,中性盘
14:31:36,21.25,+1.97%,--,15,31875,买盘
14:31:39,21.25,+1.97%,--,2,4250,买盘
14:31:42,21.25,+1.97%,--,48,102000,买盘
14:31:45,21.26,+2.02%,+0.01,45,95670,卖盘
14:31:48,21.3,+2.21%,+0.04,269,572970,买盘
14:31:51,21.3,+2.21%,--,81,172530,卖盘
14:31:54,21.3,+2.21%,--,689,1467570,卖盘
14:31:57,21.3,+2.21%,--,5,10650,买盘
14:32:00,21.29,+2.16%,-0.01,34,72386,卖盘
14:32:03,21.29,+2.16%,--,16,34064,卖盘
14:32:06,21.3,+2.21%,+0.01,6,12780,买盘
14:32:09,21.29,+2.16%,-0.01,26,55354,卖盘
14:32:12,21.28,+2.11%,-0.01,13,27664,卖盘
14:32:15,21.3,+2.21%,+0.02,511,1088430,买盘
14:32:18,21.28,+2.11%,-0.02,12,25536,卖盘
14:32:21,21.3,+2.21%,+0.02,1,2130,买盘
14:32:24,21.28,+2.11%,-0.02,10,21280,卖盘
14:32:27,21.28,+2.11%,--,4,8512,卖盘
14:32:30,21.28,+2.11%,--,10,21280,买盘
14:32:33,21.27,+2.06%,-0.01,5,10635,卖盘
14:32:36,21.27,+2.06%,--,1,2127,卖盘
14:32:39,21.26,+2.02%,-0.01,25,53150,卖盘
14:32:42,21.27,+2.06%,+0.01,4,8508,买盘
14:32:48,21.26,+2.02%,--,83,176458,卖盘
14:32:51,21.26,+2.02%,--,6,12756,买盘
14:32:57,21.25,+1.97%,-0.01,38,80750,卖盘
14:33:00,21.25,+1.97%,--,39,82875,卖盘
14:33:06,21.25,+1.97%,--,20,42500,买盘
14:33:12,21.25,+1.97%,--,61,129625,卖盘
14:33:15,21.26,+2.02%,+0.01,43,91418,买盘
14:33:18,21.26,+2.02%,--,25,53150,买盘
14:33:21,21.26,+2.02%,--,47,99922,买盘
14:33:27,21.26,+2.02%,-0.01,85,180710,卖盘
14:33:30,21.26,+2.02%,--,49,104174,买盘
14:33:36,21.26,+2.02%,--,23,48898,买盘
14:33:45,21.25,+1.97%,--,2,4250,卖盘
14:33:48,21.25,+1.97%,--,12,25500,卖盘
14:33:51,21.24,+1.92%,-0.01,3,6372,卖盘
14:33:57,21.25,+1.97%,+0.01,13,27625,买盘
14:34:06,21.25,+1.97%,+0.01,5,10625,买盘
14:34:09,21.25,+1.97%,--,40,85000,买盘
14:34:12,21.25,+1.97%,--,30,63750,买盘
14:34:15,21.24,+1.92%,-0.01,50,106200,卖盘
14:34:18,21.25,+1.97%,+0.01,2,4250,买盘
14:34:21,21.25,+1.97%,--,85,180625,买盘
14:34:24,21.25,+1.97%,--,5,10625,买盘
14:34:30,21.24,+1.92%,-0.01,2,4248,中性盘
14:34:33,21.23,+1.87%,-0.01,12,25476,卖盘
14:34:39,21.23,+1.87%,--,11,23353,卖盘
14:34:42,21.24,+1.92%,+0.01,26,55224,买盘
14:34:45,21.24,+1.92%,--,28,59472,买盘
14:34:51,21.24,+1.92%,--,24,50976,买盘
14:34:54,21.24,+1.92%,--,109,231516,买盘
14:34:57,21.22,+1.82%,-0.02,46,97612,卖盘
14:35:03,21.22,+1.82%,--,8,16976,卖盘
14:35:06,21.23,+1.87%,+0.01,17,36091,买盘
14:35:06,21.23,+1.87%,-0.01,17,36091,中性盘
14:35:09,21.22,+1.82%,-0.01,8,16976,卖盘
14:35:12,21.23,+1.87%,+0.01,2,4246,买盘
14:35:15,21.23,+1.87%,--,4,8492,买盘
14:35:18,21.24,+1.92%,+0.01,116,246384,买盘
14:35:21,21.24,+1.92%,--,15,31860,买盘
14:35:24,21.23,+1.87%,-0.01,46,97658,卖盘
14:35:30,21.24,+1.92%,+0.01,39,82836,卖盘
14:35:33,21.23,+1.87%,-0.01,112,237776,卖盘
14:35:36,21.23,+1.87%,--,219,464937,买盘
14:35:39,21.26,+2.02%,+0.03,98,208348,买盘
14:35:42,21.27,+2.06%,+0.01,26,55961,买盘
14:35:45,21.25,+1.97%,-0.02,6,12750,卖盘
14:35:48,21.26,+2.02%,+0.01,55,116930,卖盘
14:35:51,21.26,+2.02%,--,6,12756,中性盘
14:35:54,21.26,+2.02%,--,14,29764,卖盘
14:36:00,21.27,+2.06%,+0.01,50,106350,买盘
14:36:15,21.27,+2.06%,--,41,87207,卖盘
14:36:18,21.27,+2.06%,--,21,44667,卖盘
14:36:21,21.27,+2.06%,--,70,148890,卖盘
14:36:27,21.27,+2.06%,--,6,12762,买盘
14:36:33,21.27,+2.06%,+0.01,1,2127,买盘
14:36:36,21.26,+2.02%,-0.01,10,21260,卖盘
14:36:42,21.28,+2.11%,--,34,72352,买盘
14:36:45,21.28,+2.11%,--,1,2128,中性盘
14:36:48,21.28,+2.11%,--,14,29792,买盘
14:36:51,21.27,+2.06%,-0.01,29,61683,卖盘
14:36:54,21.27,+2.06%,--,157,333939,买盘
14:36:57,21.27,+2.06%,--,76,161652,买盘
14:37:03,21.27,+2.06%,+0.01,46,97842,买盘
14:37:06,21.26,+2.02%,-0.01,4,8504,卖盘
14:37:18,21.25,+1.97%,-0.01,56,119000,卖盘
14:37:21,21.26,+2.02%,+0.01,79,167954,买盘
14:37:24,21.25,+1.97%,-0.01,20,43966,卖盘
14:37:27,21.25,+1.97%,--,9,19125,买盘
14:37:30,21.25,+1.97%,--,49,104125,买盘
14:37:33,21.24,+1.92%,-0.01,10,21240,卖盘
14:37:39,21.25,+1.97%,+0.01,26,55250,买盘
14:37:42,21.24,+1.92%,-0.01,15,31860,卖盘
14:37:51,21.25,+1.97%,+0.01,9,19125,买盘
14:37:57,21.24,+1.92%,-0.01,17,36108,卖盘
14:38:00,21.24,+1.92%,--,27,57348,卖盘
14:38:12,21.24,+1.92%,--,3,6372,卖盘
14:38:15,21.24,+1.92%,--,31,65844,卖盘
14:38:21,21.24,+1.92%,-0.01,4,8496,卖盘
14:38:24,21.24,+1.92%,--,51,108324,卖盘
14:38:27,21.25,+1.97%,+0.01,11,23375,买盘
14:38:36,21.25,+1.97%,--,18,38250,买盘
14:38:39,21.25,+1.97%,--,46,97750,买盘
14:38:39,21.25,+1.97%,-0.01,46,97750,中性盘
14:38:45,21.24,+1.92%,--,25,53100,卖盘
14:38:48,21.24,+1.92%,--,1,2124,卖盘
14:38:57,21.25,+1.97%,+0.01,2,4250,卖盘
14:39:12,21.25,+1.97%,--,40,85000,卖盘
14:39:15,21.26,+2.02%,+0.01,5,10630,买盘
14:39:27,21.25,+1.97%,--,3,6375,卖盘
14:39:30,21.26,+2.02%,+0.01,2,4252,买盘
14:39:33,21.26,+2.02%,--,24,51024,买盘
14:39:36,21.25,+1.97%,-0.01,7,14875,卖盘
14:39:39,21.25,+1.97%,--,124,263500,卖盘
14:39:42,21.24,+1.92%,-0.01,140,297360,卖盘
14:39:45,21.25,+1.97%,+0.01,63,133875,买盘
14:39:51,21.25,+1.97%,--,80,170000,买盘
14:39:57,21.25,+1.97%,--,3,6375,买盘
14:40:00,21.24,+1.92%,-0.01,36,76464,卖盘
14:40:03,21.22,+1.82%,-0.02,154,326788,卖盘
14:40:06,21.23,+1.87%,+0.01,13,27599,买盘
14:40:09,21.23,+1.87%,--,96,203808,买盘
14:40:15,21.22,+1.82%,-0.01,15,31830,卖盘
14:40:18,21.23,+1.87%,+0.01,102,216546,买盘
14:40:21,21.24,+1.92%,+0.01,10,21240,买盘
14:40:33,21.24,+1.92%,+0.01,2,4248,买盘
14:40:36,21.24,+1.92%,--,4,8496,买盘
14:40:39,21.24,+1.92%,--,40,84960,卖盘
14:40:42,21.24,+1.92%,--,15,31860,卖盘
14:40:51,21.23,+1.87%,--,6,12738,卖盘
14:40:54,21.24,+1.92%,+0.01,49,104076,买盘
14:40:57,21.23,+1.87%,-0.01,58,123134,卖盘
14:41:00,21.24,+1.92%,+0.01,108,229392,买盘
14:41:06,21.24,+1.92%,--,16,33984,买盘
14:41:09,21.23,+1.87%,-0.01,11,23353,卖盘
14:41:12,21.24,+1.92%,+0.01,23,48852,买盘
14:41:15,21.23,+1.87%,-0.01,4,8492,卖盘
14:41:21,21.24,+1.92%,+0.01,260,552240,买盘
14:41:24,21.25,+1.97%,+0.01,51,108375,买盘
14:41:27,21.25,+1.97%,--,82,174250,买盘
14:41:30,21.24,+1.92%,-0.01,42,89208,卖盘
14:41:33,21.24,+1.92%,--,8,16992,买盘
14:41:36,21.24,+1.92%,--,14,29736,卖盘
14:41:42,21.25,+1.97%,+0.01,112,238000,买盘
14:41:48,21.25,+1.97%,--,1,2125,卖盘
14:41:51,21.26,+2.02%,+0.01,16,34016,买盘
14:41:54,21.26,+2.02%,--,2,4252,买盘
14:41:57,21.25,+1.97%,-0.01,52,110500,卖盘
14:42:00,21.26,+2.02%,+0.01,47,99922,买盘
14:42:03,21.27,+2.06%,+0.01,29,61683,买盘
14:42:06,21.27,+2.06%,--,13,27651,买盘
14:42:12,21.27,+2.06%,+0.01,64,136128,买盘
14:42:12,21.27,+2.06%,--,64,136128,中性盘
14:42:15,21.28,+2.11%,+0.01,68,144704,买盘
14:42:24,21.28,+2.11%,--,41,87248,买盘
14:42:27,21.28,+2.11%,--,33,70224,买盘
14:42:30,21.28,+2.11%,--,44,93632,卖盘
14:42:36,21.28,+2.11%,--,13,27664,买盘
14:42:39,21.28,+2.11%,--,8,17024,买盘
14:42:42,21.28,+2.11%,--,146,310688,买盘
14:42:45,21.28,+2.11%,--,33,70224,卖盘
14:42:48,21.28,+2.11%,--,36,76608,卖盘
14:42:51,21.29,+2.16%,+0.01,39,83031,买盘
14:42:54,21.28,+2.11%,-0.01,12,25536,卖盘
14:42:57,21.28,+2.11%,--,63,134064,卖盘
14:43:00,21.28,+2.11%,--,29,61712,卖盘
14:43:03,21.28,+2.11%,--,40,85120,卖盘
14:43:06,21.27,+2.06%,-0.01,6,12762,卖盘
14:43:09,21.28,+2.11%,+0.01,39,82992,买盘
14:43:12,21.28,+2.11%,--,25,53200,买盘
14:43:15,21.28,+2.11%,--,26,55328,买盘
14:43:18,21.28,+2.11%,--,150,319200,买盘
14:43:21,21.27,+2.06%,-0.01,10,21270,卖盘
14:43:24,21.27,+2.06%,--,52,110604,卖盘
14:43:30,21.27,+2.06%,--,79,168033,卖盘
14:43:33,21.27,+2.06%,--,29,61683,买盘
14:43:39,21.27,+2.06%,--,117,248859,买盘
14:43:42,21.26,+2.02%,-0.01,16,34016,卖盘
14:43:45,21.27,+2.06%,+0.01,21,44667,中性盘
14:43:48,21.27,+2.06%,--,1350,2871450,卖盘
14:43:51,21.27,+2.06%,--,5,10635,中性盘
14:43:54,21.27,+2.06%,--,4,8508,买盘
14:44:00,21.27,+2.06%,+0.01,5,10635,买盘
14:44:03,21.26,+2.02%,-0.01,6,12756,卖盘
14:44:09,21.26,+2.02%,--,21,44646,卖盘
14:44:12,21.27,+2.06%,+0.01,103,219081,买盘
14:44:15,21.27,+2.06%,--,7,14889,买盘
14:44:18,21.26,+2.02%,-0.01,32,68032,卖盘
14:44:30,21.26,+2.02%,--,32,68032,卖盘
14:44:33,21.26,+2.02%,--,23,48898,卖盘
14:44:36,21.27,+2.06%,+0.01,18,38286,买盘
14:44:39,21.26,+2.02%,-0.01,2,4252,卖盘
14:44:42,21.25,+1.97%,-0.01,2,4250,卖盘
14:44:45,21.25,+1.97%,--,11,23375,卖盘
14:44:48,21.26,+2.02%,+0.01,48,102048,买盘
14:44:51,21.27,+2.06%,+0.01,30,63810,买盘
14:44:57,21.27,+2.06%,+0.01,68,144636,买盘
14:45:00,21.26,+2.02%,-0.01,9,19134,卖盘
14:45:03,21.26,+2.02%,--,95,201970,买盘
14:45:12,21.26,+2.02%,--,5,10630,买盘
14:45:15,21.26,+2.02%,--,11,23386,买盘
14:45:18,21.25,+1.97%,-0.01,62,131750,卖盘
14:45:21,21.25,+1.97%,--,10,21250,卖盘
14:45:24,21.25,+1.97%,--,19,40375,卖盘
14:45:27,21.25,+1.97%,--,60,127500,卖盘
14:45:30,21.25,+1.97%,--,4,8500,卖盘
14:45:33,21.25,+1.97%,--,22,47366,卖盘
14:45:36,21.25,+1.97%,--,67,143884,卖盘
14:45:42,21.25,+1.97%,+0.01,48,102000,买盘
14:45:45,21.25,+1.97%,--,1,2125,买盘
14:49:18,21.27,+2.06%,--,56,119112,中性盘
14:49:21,21.27,+2.06%,--,28,59556,卖盘
14:49:24,21.28,+2.11%,+0.01,148,314944,买盘
14:49:27,21.27,+2.06%,-0.01,9,19143,卖盘
14:49:30,21.27,+2.06%,--,128,272256,卖盘
14:49:33,21.27,+2.06%,--,64,136128,卖盘
14:49:36,21.27,+2.06%,--,12,25524,卖盘
14:49:39,21.27,+2.06%,--,8,17016,卖盘
14:49:42,21.27,+2.06%,--,31,65937,卖盘
14:49:45,21.27,+2.06%,--,26,55302,卖盘
14:49:48,21.27,+2.06%,--,83,176541,卖盘
14:49:51,21.27,+2.06%,--,13,27651,卖盘
14:49:54,21.27,+2.06%,--,27,57429,卖盘
14:49:57,21.27,+2.06%,--,7,14889,卖盘
14:50:00,21.27,+2.06%,--,35,74445,卖盘
14:50:03,21.26,+2.02%,-0.01,466,990716,卖盘
14:50:06,21.26,+2.02%,--,76,161576,买盘
14:50:09,21.25,+1.97%,-0.01,8,17000,卖盘
14:50:12,21.25,+1.97%,--,13,27625,卖盘
14:50:18,21.25,+1.97%,+0.01,24,51000,买盘
14:50:21,21.25,+1.97%,--,8,17000,买盘
14:50:24,21.24,+1.92%,-0.01,1,2124,买盘
14:50:30,21.23,+1.87%,-0.01,20,42460,卖盘
14:50:33,21.23,+1.87%,--,25,53075,卖盘
14:50:36,21.23,+1.87%,--,10,21230,卖盘
14:50:39,21.24,+1.92%,+0.01,112,237888,买盘
14:50:42,21.26,+2.02%,+0.02,112,238112,买盘
14:50:45,21.26,+2.02%,--,54,114804,买盘
14:50:48,21.26,+2.02%,--,6,12756,卖盘
14:50:51,21.26,+2.02%,--,1,2126,卖盘
14:50:54,21.25,+1.97%,-0.01,48,102000,卖盘
14:50:57,21.27,+2.06%,+0.02,76,161652,买盘
14:51:00,21.25,+1.97%,-0.02,35,74375,卖盘
14:51:03,21.25,+1.97%,--,5,10625,卖盘
14:51:06,21.26,+2.02%,+0.01,102,216852,买盘
14:51:09,21.25,+1.97%,-0.01,28,59500,卖盘
14:51:12,21.25,+1.97%,--,16,34000,卖盘
14:51:18,21.25,+1.97%,--,21,44625,卖盘
14:51:21,21.26,+2.02%,+0.01,1,2126,买盘
14:51:24,21.26,+2.02%,--,13,27638,买盘
14:51:27,21.25,+1.97%,-0.01,18,38250,卖盘
14:51:30,21.25,+1.97%,--,17,36125,卖盘
14:51:33,21.26,+2.02%,+0.01,128,272128,买盘
14:51:36,21.26,+2.02%,--,9,19134,卖盘
14:51:42,21.26,+2.02%,--,28,59528,卖盘
14:51:48,21.26,+2.02%,--,15,31890,卖盘
14:51:51,21.26,+2.02%,--,3,6378,卖盘
14:51:54,21.26,+2.02%,--,22,46772,卖盘
14:51:57,21.27,+2.06%,+0.01,197,419019,买盘
14:52:00,21.28,+2.11%,+0.01,144,306432,买盘
14:52:03,21.27,+2.06%,-0.01,158,336066,卖盘
14:52:06,21.28,+2.11%,+0.01,786,1672608,买盘
14:52:09,21.28,+2.11%,--,116,246848,卖盘
14:52:12,21.28,+2.11%,--,11,23408,买盘
14:52:15,21.28,+2.11%,--,16,34048,买盘
14:52:18,21.28,+2.11%,--,109,231952,买盘
14:52:21,21.26,+2.02%,-0.02,34,72284,卖盘
14:52:24,21.28,+2.11%,+0.02,3,6384,买盘
14:52:30,21.26,+2.02%,-0.02,141,299766,卖盘
14:52:33,21.26,+2.02%,--,17,36142,卖盘
14:52:36,21.27,+2.06%,+0.01,2,4254,买盘
14:52:39,21.28,+2.11%,+0.01,21,44688,买盘
14:52:42,21.26,+2.02%,-0.02,42,89292,卖盘
14:52:45,21.28,+2.11%,+0.02,14,29792,买盘
14:52:48,21.27,+2.06%,-0.01,4,8508,卖盘
14:52:51,21.26,+2.02%,-0.01,20,42520,卖盘
14:52:51,21.26,+2.02%,--,20,42520,中性盘
14:52:54,21.28,+2.11%,+0.02,16,34048,买盘
14:52:57,21.27,+2.06%,-0.01,22,46794,中性盘
14:53:00,21.26,+2.02%,-0.01,53,112678,卖盘
14:53:03,21.27,+2.06%,+0.01,8,17016,买盘
14:53:06,21.26,+2.02%,-0.01,12,25512,卖盘
14:53:09,21.27,+2.06%,+0.01,34,72318,买盘
14:53:12,21.27,+2.06%,--,15,31905,买盘
14:53:15,21.26,+2.02%,-0.01,137,291262,卖盘
14:53:18,21.26,+2.02%,--,43,91418,买盘
14:53:21,21.25,+1.97%,-0.01,14,29750,卖盘
14:53:24,21.26,+2.02%,+0.01,312,663312,买盘
14:53:27,21.26,+2.02%,--,5,10630,卖盘
14:53:30,21.26,+2.02%,--,88,187088,卖盘
14:53:33,21.26,+2.02%,--,7,14882,卖盘
14:53:36,21.26,+2.02%,--,16,34016,卖盘
14:53:39,21.27,+2.06%,+0.01,159,338193,买盘
14:53:42,21.27,+2.06%,--,35,74445,买盘
14:53:45,21.27,+2.06%,--,1,2127,买盘
14:53:51,21.26,+2.02%,-0.01,63,133938,卖盘
14:53:54,21.26,+2.02%,--,11,23386,卖盘
14:53:57,21.27,+2.06%,+0.01,11,23397,买盘
14:54:00,21.26,+2.02%,-0.01,76,161576,卖盘
14:54:03,21.26,+2.02%,--,174,369924,卖盘
14:54:09,21.26,+2.02%,--,67,142442,买盘
14:54:12,21.25,+1.97%,-0.01,369,784125,卖盘
14:54:15,21.25,+1.97%,--,56,119000,卖盘
14:54:18,21.26,+2.02%,+0.01,27,57402,买盘
14:54:21,21.26,+2.02%,--,9,19134,买盘
14:54:27,21.26,+2.02%,+0.01,10,21260,买盘
14:54:30,21.26,+2.02%,--,129,274254,买盘
14:54:33,21.25,+1.97%,-0.01,33,70125,卖盘
14:54:36,21.25,+1.97%,--,6,12750,卖盘
14:54:39,21.25,+1.97%,--,48,102000,卖盘
14:54:42,21.25,+1.97%,--,34,72250,卖盘
14:54:45,21.25,+1.97%,--,36,76500,卖盘
14:54:48,21.26,+2.02%,+0.01,11,23386,买盘
14:54:51,21.25,+1.97%,-0.01,6,12750,卖盘
14:54:54,21.25,+1.97%,--,8,17000,卖盘
14:54:57,21.25,+1.97%,--,18,38250,卖盘
14:55:00,21.26,+2.02%,+0.01,55,116930,买盘
14:55:03,21.26,+2.02%,--,45,95670,买盘
14:55:06,21.25,+1.97%,-0.01,97,206125,卖盘
14:55:09,21.25,+1.97%,--,13,27625,买盘
14:55:12,21.24,+1.92%,-0.01,14,29736,卖盘
14:55:15,21.24,+1.92%,--,8,16992,卖盘
14:55:18,21.24,+1.92%,--,83,176292,卖盘
14:55:21,21.25,+1.97%,+0.01,42,89250,买盘
14:55:24,21.24,+1.92%,-0.01,144,305856,卖盘
14:55:27,21.24,+1.92%,--,31,65844,买盘
14:55:30,21.24,+1.92%,--,17,36108,买盘
14:55:33,21.24,+1.92%,--,52,110448,买盘
14:55:36,21.23,+1.87%,-0.01,213,452199,卖盘
14:55:39,21.23,+1.87%,--,6,12738,买盘
14:55:42,21.23,+1.87%,--,17,36091,买盘
14:55:45,21.23,+1.87%,--,24,50952,买盘
14:55:48,21.23,+1.87%,--,56,118888,买盘
14:55:51,21.23,+1.87%,--,34,72182,买盘
14:55:54,21.23,+1.87%,--,120,254760,买盘
14:55:57,21.23,+1.87%,--,46,97658,卖盘
14:56:00,21.24,+1.92%,+0.01,50,106200,买盘
14:56:03,21.23,+1.87%,-0.01,346,734558,卖盘
14:56:06,21.24,+1.92%,+0.01,234,497016,买盘
14:56:09,21.25,+1.97%,+0.01,33,70125,买盘
14:56:12,21.24,+1.92%,-0.01,28,59472,卖盘
14:56:15,21.24,+1.92%,--,50,106200,卖盘
14:56:18,21.24,+1.92%,--,11,23364,买盘
14:56:21,21.24,+1.92%,--,77,163548,买盘
14:56:24,21.23,+1.87%,-0.01,153,324819,卖盘
14:56:24,21.23,+1.87%,--,153,324819,中性盘
14:56:27,21.24,+1.92%,+0.01,7,14868,中性盘
14:56:30,21.23,+1.87%,-0.01,5,10615,卖盘
14:56:33,21.24,+1.92%,+0.01,29,61596,买盘
14:56:36,21.24,+1.92%,--,4,8496,卖盘
14:56:39,21.24,+1.92%,--,36,76464,卖盘
14:56:42,21.24,+1.92%,--,61,129564,卖盘
14:56:45,21.24,+1.92%,--,35,74340,卖盘
14:56:48,21.24,+1.92%,--,54,114696,卖盘
14:56:51,21.24,+1.92%,--,34,72216,卖盘
14:56:54,21.25,+1.97%,+0.01,20,42500,买盘
14:56:57,21.24,+1.92%,-0.01,11,23364,卖盘
14:57:00,21.25,+1.97%,+0.01,46,97750,买盘
15:00:00,21.24,+1.92%,-0.01,3057,6493068,卖盘
