成交时间,成交价,涨跌幅,价格变动,成交量(手),成交额(元),性质
09:15:00,0.0,-100.00%,--,0,0,中性盘
09:25:00,20.71,-0.77%,--,2025,4193775,--
09:25:00,20.71,-0.77%,--,2025,4193775,中性盘
09:30:00,20.72,-0.72%,+0.01,1150,2382800,中性盘
09:30:03,20.7,-0.81%,-0.02,599,1239930,卖盘
09:30:06,20.79,-0.38%,+0.09,432,898128,中性盘
09:30:09,20.79,-0.38%,--,303,629937,买盘
09:30:12,20.8,-0.34%,+0.01,193,401440,买盘
09:30:15,20.81,-0.29%,+0.01,96,199776,买盘
09:30:18,20.83,-0.19%,+0.02,789,1645174,买盘
09:30:21,20.97,+0.48%,+0.14,780,1635660,买盘
09:30:24,21.01,+0.67%,+0.04,599,1258499,买盘
09:30:27,21.01,+0.67%,--,148,310948,买盘
09:30:30,20.99,+0.57%,-0.02,668,1402447,卖盘
09:30:33,20.99,+0.57%,--,608,1277976,卖盘
09:30:36,21.01,+0.67%,+0.02,277,581977,买盘
09:30:39,21.04,+0.81%,+0.03,256,538624,买盘
09:30:42,21.05,+0.86%,+0.01,856,1802196,买盘
09:30:45,21.04,+0.81%,-0.01,630,1325520,卖盘
09:30:48,21.05,+0.86%,+0.01,279,587295,买盘
09:30:51,21.02,+0.72%,-0.03,364,765128,卖盘
09:30:54,21.07,+0.96%,+0.05,193,406651,中性盘
09:30:57,21.1,+1.10%,+0.03,306,645660,买盘
09:31:00,21.14,+1.29%,+0.04,462,976668,买盘
09:31:03,21.14,+1.29%,--,214,452396,买盘
09:31:06,21.15,+1.34%,+0.01,187,395505,买盘
09:31:09,21.19,+1.53%,+0.04,87,184353,买盘
09:31:12,21.19,+1.53%,--,142,300898,买盘
09:31:15,21.19,+1.53%,--,137,290303,中性盘
09:31:18,21.21,+1.63%,+0.02,133,282093,中性盘
09:31:21,21.2,+1.58%,-0.01,198,419760,卖盘
09:31:24,21.24,+1.77%,+0.04,717,1522908,买盘
09:31:27,21.21,+1.63%,-0.03,364,772044,中性盘
09:31:30,21.22,+1.68%,+0.01,228,483816,中性盘
09:31:33,21.23,+1.72%,+0.01,204,433092,中性盘
09:31:36,21.21,+1.63%,-0.02,478,1013838,卖盘
09:31:39,21.2,+1.58%,-0.01,220,466400,卖盘
09:31:42,21.18,+1.49%,-0.02,210,444780,卖盘
09:31:45,21.21,+1.63%,+0.03,276,585396,买盘
09:31:48,21.19,+1.53%,-0.02,291,616629,买盘
09:31:51,21.2,+1.58%,+0.01,139,294680,买盘
09:31:54,21.18,+1.49%,-0.02,230,487140,卖盘
09:31:57,21.18,+1.49%,--,137,290166,卖盘
09:32:00,21.17,+1.44%,-0.01,245,518665,卖盘
09:32:03,21.18,+1.49%,+0.01,202,427836,买盘
09:32:06,21.17,+1.44%,-0.01,235,497495,卖盘
09:32:09,21.17,+1.44%,--,160,338720,买盘
09:32:12,21.15,+1.34%,-0.02,274,579510,卖盘
09:32:15,21.14,+1.29%,-0.01,234,494676,卖盘
09:32:18,21.11,+1.15%,-0.03,133,280763,卖盘
09:32:21,21.14,+1.29%,+0.03,160,338240,买盘
09:32:24,21.13,+1.25%,-0.01,378,798714,卖盘
09:32:27,21.15,+1.34%,+0.02,293,619695,买盘
09:32:30,21.17,+1.44%,+0.02,965,2042905,买盘
09:32:33,21.2,+1.58%,+0.03,287,608440,买盘
09:32:36,21.2,+1.58%,--,362,767440,买盘
09:32:39,21.24,+1.77%,+0.04,1445,3069180,买盘
09:32:39,21.24,+1.77%,--,1445,3069180,中性盘
09:32:42,21.23,+1.72%,-0.01,205,435215,卖盘
09:32:45,21.25,+1.82%,+0.02,58,123250,买盘
09:32:48,21.23,+1.72%,-0.02,352,747296,卖盘
09:32:51,21.22,+1.68%,-0.01,1175,2493350,中性盘
09:32:54,21.22,+1.68%,--,59,125198,买盘
09:32:57,21.22,+1.68%,--,546,1158612,买盘
09:33:00,21.21,+1.63%,-0.01,318,674478,中性盘
09:33:03,21.22,+1.68%,+0.01,132,280104,中性盘
09:33:06,21.24,+1.77%,+0.02,402,853848,买盘
09:33:09,21.24,+1.77%,--,517,1098108,买盘
09:33:12,21.24,+1.77%,--,196,416304,卖盘
09:33:15,21.24,+1.77%,--,159,337716,卖盘
09:33:18,21.26,+1.87%,+0.02,173,367798,中性盘
09:33:21,21.29,+2.01%,+0.03,45,95805,买盘
09:33:24,21.29,+2.01%,--,152,323608,买盘
09:33:27,21.31,+2.11%,+0.02,137,291947,买盘
09:33:30,21.29,+2.01%,-0.02,211,449219,卖盘
09:33:33,21.3,+2.06%,+0.01,406,864780,买盘
09:33:36,21.29,+2.01%,-0.01,187,398123,卖盘
09:33:39,21.29,+2.01%,--,412,877148,卖盘
09:33:42,21.27,+1.92%,-0.02,175,372225,卖盘
09:33:45,21.26,+1.87%,-0.01,103,218978,卖盘
09:33:48,21.23,+1.72%,-0.03,459,974457,卖盘
09:33:51,21.24,+1.77%,+0.01,135,286740,买盘
09:33:54,21.27,+1.92%,+0.03,423,900593,买盘
09:33:57,21.27,+1.92%,--,132,280764,买盘
09:34:00,21.26,+1.87%,-0.01,205,435830,卖盘
09:34:03,21.24,+1.77%,-0.02,285,605340,卖盘
09:34:06,21.21,+1.63%,-0.03,82,173922,卖盘
09:34:09,21.21,+1.63%,--,106,224826,卖盘
09:34:12,21.2,+1.58%,-0.01,276,585120,卖盘
09:34:15,21.2,+1.58%,--,19,40280,中性盘
09:34:18,21.2,+1.58%,--,47,99640,买盘
09:34:21,21.17,+1.44%,-0.03,139,294263,卖盘
09:34:24,21.17,+1.44%,--,55,116435,买盘
09:34:33,21.14,+1.29%,-0.01,37,78218,卖盘
09:34:36,21.13,+1.25%,-0.01,34,71842,卖盘
09:34:39,21.13,+1.25%,--,105,221865,买盘
09:34:42,21.08,+1.01%,-0.05,72,151776,卖盘
09:34:45,21.11,+1.15%,+0.03,34,71774,买盘
09:34:48,21.13,+1.25%,+0.02,108,228204,买盘
09:34:51,21.12,+1.20%,-0.01,342,722304,中性盘
09:34:54,21.12,+1.20%,--,37,78144,卖盘
09:34:57,21.13,+1.25%,+0.01,25,52825,买盘
09:35:00,21.12,+1.20%,-0.01,216,456192,卖盘
09:35:03,21.15,+1.34%,+0.03,266,562590,买盘
09:35:06,21.12,+1.20%,-0.03,119,251328,卖盘
09:35:09,21.13,+1.25%,+0.01,216,456408,买盘
09:35:12,21.16,+1.39%,+0.03,466,986056,买盘
09:35:15,21.18,+1.49%,+0.02,295,624810,买盘
09:35:18,21.19,+1.53%,+0.01,253,536107,中性盘
09:35:21,21.2,+1.58%,+0.01,47,99640,卖盘
09:35:24,21.22,+1.68%,+0.02,223,473206,卖盘
09:35:27,21.22,+1.68%,--,73,154906,卖盘
09:35:30,21.23,+1.72%,+0.01,122,259006,中性盘
09:35:33,21.19,+1.53%,-0.04,136,288184,卖盘
09:35:36,21.23,+1.72%,+0.04,233,494659,买盘
09:35:39,21.24,+1.77%,+0.01,45,95580,买盘
09:35:42,21.22,+1.68%,-0.02,17,36074,中性盘
09:35:45,21.21,+1.63%,-0.01,74,156954,卖盘
09:35:48,21.22,+1.68%,+0.01,132,280104,卖盘
09:35:51,21.22,+1.68%,--,92,195224,买盘
09:35:54,21.2,+1.58%,-0.02,428,907360,卖盘
09:35:57,21.2,+1.58%,--,42,89040,卖盘
09:36:00,21.21,+1.63%,+0.01,78,165438,买盘
09:36:03,21.18,+1.49%,-0.03,243,514674,卖盘
09:36:06,21.18,+1.49%,--,119,252042,卖盘
09:36:09,21.17,+1.44%,-0.01,52,110084,卖盘
09:36:12,21.17,+1.44%,--,44,93148,卖盘
09:36:15,21.17,+1.44%,--,92,194764,买盘
09:36:18,21.14,+1.29%,-0.03,46,97244,卖盘
09:36:21,21.14,+1.29%,--,36,76104,卖盘
09:36:24,21.11,+1.15%,-0.03,585,1234935,卖盘
09:36:27,21.13,+1.25%,+0.02,110,232430,买盘
09:36:27,21.13,+1.25%,-0.07,110,232430,中性盘
09:36:30,21.06,+0.91%,-0.07,16,33696,中性盘
09:36:33,21.05,+0.86%,-0.01,62,130510,卖盘
09:36:36,21.05,+0.86%,--,28,58940,卖盘
09:36:39,21.04,+0.81%,-0.01,427,898408,卖盘
09:36:42,21.02,+0.72%,-0.02,138,290076,卖盘
09:36:45,21.01,+0.67%,-0.01,119,250019,卖盘
09:36:48,21.02,+0.72%,+0.01,214,449828,买盘
09:36:51,21.03,+0.77%,+0.01,249,523647,中性盘
09:36:54,21.01,+0.67%,-0.02,160,336160,卖盘
09:36:57,21.07,+0.96%,+0.06,419,882833,买盘
09:37:00,21.03,+0.77%,-0.04,442,929526,卖盘
09:37:03,21.02,+0.72%,-0.01,84,176568,卖盘
09:37:06,21.02,+0.72%,--,32,67264,买盘
09:37:09,21.02,+0.72%,--,142,298484,买盘
09:37:12,21.02,+0.72%,--,41,86182,卖盘
09:37:15,21.02,+0.72%,--,295,620090,买盘
09:37:18,21.02,+0.72%,--,34,71468,买盘
09:37:21,21.02,+0.72%,--,206,433012,买盘
09:37:24,20.98,+0.53%,-0.04,45,94410,卖盘
09:37:27,21.0,+0.62%,+0.02,2,4200,买盘
09:37:30,20.99,+0.57%,-0.01,51,107049,中性盘
09:37:33,20.98,+0.53%,-0.01,63,132174,卖盘
09:37:36,20.97,+0.48%,-0.01,60,125820,卖盘
09:37:39,20.96,+0.43%,-0.01,62,129952,卖盘
09:37:42,20.97,+0.48%,+0.01,60,125820,买盘
09:37:45,20.96,+0.43%,-0.01,273,572208,卖盘
09:37:48,20.95,+0.38%,-0.01,166,347770,卖盘
09:37:51,20.97,+0.48%,+0.02,92,192924,买盘
09:37:54,20.97,+0.48%,--,19,39843,买盘
09:37:57,20.95,+0.38%,-0.02,101,211595,卖盘
09:38:00,20.97,+0.48%,+0.02,34,71298,卖盘
09:38:03,20.98,+0.53%,+0.01,9,18882,买盘
09:38:06,21.0,+0.62%,+0.02,85,178500,买盘
09:38:09,21.01,+0.67%,+0.01,113,237413,买盘
09:38:15,21.03,+0.77%,+0.02,92,193476,买盘
09:38:18,21.03,+0.77%,--,17,35751,买盘
09:38:21,21.04,+0.81%,+0.01,65,136760,买盘
09:38:24,21.07,+0.96%,+0.03,104,219128,买盘
09:38:27,21.06,+0.91%,-0.01,3,6318,买盘
09:38:30,21.07,+0.96%,+0.01,31,65317,买盘
09:38:33,21.07,+0.96%,--,112,235984,买盘
09:38:36,21.07,+0.96%,--,555,1169385,中性盘
09:38:39,21.07,+0.96%,--,7,14749,买盘
09:38:42,21.09,+1.05%,+0.02,210,442890,买盘
09:38:45,21.1,+1.10%,+0.01,78,164580,买盘
09:38:48,21.09,+1.05%,-0.01,66,139194,卖盘
09:38:51,21.06,+0.91%,-0.03,93,195858,卖盘
09:38:54,21.1,+1.10%,+0.04,22,46420,买盘
09:38:57,21.08,+1.01%,-0.02,57,120156,卖盘
09:39:00,21.07,+0.96%,-0.01,19,40033,卖盘
09:39:03,21.05,+0.86%,-0.02,228,479940,卖盘
09:39:06,21.08,+1.01%,+0.03,66,139128,买盘
09:39:09,21.05,+0.86%,-0.03,44,92620,中性盘
09:39:15,21.05,+0.86%,--,151,317855,买盘
09:39:18,21.05,+0.86%,--,96,202080,卖盘
09:39:21,21.05,+0.86%,--,25,52625,卖盘
09:39:24,21.05,+0.86%,--,36,75780,卖盘
09:39:27,21.05,+0.86%,--,56,117880,卖盘
09:39:30,21.05,+0.86%,--,53,111565,卖盘
09:39:33,21.07,+0.96%,+0.02,39,82173,买盘
09:39:36,21.05,+0.86%,-0.02,23,48415,卖盘
09:39:39,21.06,+0.91%,+0.01,90,189540,卖盘
09:39:42,21.05,+0.86%,-0.01,56,117880,卖盘
09:39:45,21.06,+0.91%,+0.01,10,21060,买盘
09:39:48,21.06,+0.91%,--,43,90558,买盘
09:39:51,21.06,+0.91%,--,37,77922,买盘
09:39:54,21.06,+0.91%,--,63,132678,卖盘
09:39:57,21.06,+0.91%,--,89,187434,卖盘
09:40:00,21.06,+0.91%,--,48,101088,买盘
09:40:03,21.06,+0.91%,--,62,130572,买盘
09:40:06,21.06,+0.91%,--,82,172692,买盘
09:40:09,21.03,+0.77%,-0.03,444,933732,卖盘
09:40:12,21.03,+0.77%,--,13,27339,买盘
09:40:18,21.03,+0.77%,--,45,94635,买盘
09:40:18,21.03,+0.77%,--,45,94635,中性盘
09:40:18,21.03,+0.77%,--,45,94635,卖盘
09:40:21,21.03,+0.77%,--,27,56781,卖盘
09:40:24,21.04,+0.81%,+0.01,5,10520,买盘
09:40:27,21.07,+0.96%,+0.03,203,427721,买盘
09:40:30,21.09,+1.05%,+0.02,356,750804,买盘
09:40:33,21.12,+1.20%,+0.03,6,12672,买盘
09:40:36,21.09,+1.05%,-0.03,27,56943,卖盘
09:40:39,21.09,+1.05%,--,31,65379,卖盘
09:40:42,21.09,+1.05%,--,25,52725,卖盘
09:40:45,21.13,+1.25%,+0.04,19,40147,买盘
09:40:51,21.13,+1.25%,+0.01,197,416261,买盘
09:40:54,21.13,+1.25%,--,110,232430,卖盘
09:40:57,21.16,+1.39%,+0.03,10,21160,买盘
09:41:03,21.15,+1.34%,-0.01,30,63450,中性盘
09:41:06,21.18,+1.49%,+0.03,270,571860,买盘
09:41:09,21.19,+1.53%,+0.01,797,1688843,买盘
09:41:12,21.2,+1.58%,+0.01,417,884040,中性盘
09:41:15,21.22,+1.68%,+0.02,13,27586,中性盘
09:41:18,21.2,+1.58%,-0.02,246,521520,卖盘
09:41:21,21.2,+1.58%,--,129,273480,买盘
09:41:24,21.18,+1.49%,-0.02,19,40242,中性盘
09:41:27,21.17,+1.44%,-0.01,25,52925,卖盘
09:41:30,21.17,+1.44%,--,27,57159,卖盘
09:41:33,21.17,+1.44%,--,66,139722,卖盘
09:41:36,21.17,+1.44%,--,125,264625,卖盘
09:41:39,21.16,+1.39%,-0.01,205,433780,卖盘
09:41:42,21.17,+1.44%,+0.01,16,33872,买盘
09:41:45,21.16,+1.39%,-0.01,80,169280,中性盘
09:41:48,21.16,+1.39%,--,7,14812,中性盘
09:41:51,21.16,+1.39%,--,111,234876,买盘
09:41:54,21.15,+1.34%,-0.01,81,171315,中性盘
09:42:00,21.14,+1.29%,-0.01,56,118384,卖盘
09:42:03,21.14,+1.29%,--,68,143752,卖盘
09:42:06,21.14,+1.29%,--,40,84560,买盘
09:42:12,21.14,+1.29%,--,92,194488,买盘
09:42:15,21.12,+1.20%,-0.02,438,925056,卖盘
09:42:18,21.12,+1.20%,--,14,29568,买盘
09:42:21,21.11,+1.15%,-0.01,35,73885,卖盘
09:42:24,21.11,+1.15%,--,58,122438,买盘
09:42:27,21.11,+1.15%,--,74,156214,买盘
09:42:30,21.1,+1.10%,-0.01,52,109720,卖盘
09:42:33,21.1,+1.10%,--,4,8440,买盘
09:42:42,21.1,+1.10%,--,2,4220,买盘
09:42:45,21.15,+1.34%,+0.05,354,748710,买盘
09:42:48,21.13,+1.25%,-0.02,40,84520,中性盘
09:42:51,21.11,+1.15%,-0.02,15,31665,卖盘
09:42:54,21.15,+1.34%,+0.04,25,52875,买盘
09:42:57,21.13,+1.25%,-0.02,10,21130,买盘
09:43:00,21.13,+1.25%,--,6,12678,买盘
09:43:03,21.13,+1.25%,--,262,553606,买盘
09:43:06,21.13,+1.25%,--,38,80294,买盘
09:43:12,21.13,+1.25%,--,116,245108,卖盘
09:43:15,21.12,+1.20%,-0.01,55,116160,卖盘
09:43:18,21.12,+1.20%,--,53,111936,卖盘
09:43:21,21.12,+1.20%,--,189,399168,卖盘
09:43:27,21.11,+1.15%,-0.01,154,325094,卖盘
09:43:36,21.11,+1.15%,--,54,113994,买盘
09:43:39,21.1,+1.10%,-0.01,36,75960,卖盘
09:43:42,21.08,+1.01%,-0.02,587,1237396,卖盘
09:43:45,21.1,+1.10%,+0.02,133,280630,买盘
09:43:48,21.05,+0.86%,-0.05,18,37890,卖盘
09:43:51,21.05,+0.86%,--,12,25260,卖盘
09:43:57,21.05,+0.86%,--,96,202080,买盘
09:44:00,21.05,+0.86%,--,23,48415,卖盘
09:44:03,21.08,+1.01%,+0.03,55,115940,买盘
09:44:06,21.07,+0.96%,-0.01,80,168560,中性盘
09:44:06,21.07,+0.96%,--,80,168560,中性盘
09:44:12,21.08,+1.01%,+0.01,84,177072,买盘
09:44:15,21.07,+0.96%,-0.01,31,65317,卖盘
09:44:21,21.08,+1.01%,+0.01,177,373116,买盘
09:44:24,21.07,+0.96%,-0.01,61,128527,卖盘
09:44:27,21.08,+1.01%,+0.01,14,29512,买盘
09:44:30,21.08,+1.01%,--,32,67456,卖盘
09:44:33,21.09,+1.05%,+0.01,99,208791,买盘
09:44:36,21.09,+1.05%,--,100,210900,买盘
09:44:42,21.1,+1.10%,+0.01,37,78070,买盘
09:44:45,21.09,+1.05%,-0.01,17,35853,卖盘
09:44:48,21.1,+1.10%,+0.01,24,50640,中性盘
09:44:51,21.1,+1.10%,--,24,50640,卖盘
09:44:54,21.11,+1.15%,+0.01,141,297651,买盘
09:44:57,21.12,+1.20%,+0.01,108,229743,买盘
09:45:00,21.13,+1.25%,+0.01,16,33808,买盘
09:45:03,21.12,+1.20%,-0.01,22,46464,卖盘
09:45:06,21.13,+1.25%,+0.01,142,300046,买盘
09:45:09,21.12,+1.20%,-0.01,202,426624,买盘
09:45:12,21.11,+1.15%,-0.01,31,65441,卖盘
09:45:15,21.12,+1.20%,+0.01,37,78144,买盘
09:45:18,21.11,+1.15%,-0.01,406,857530,卖盘
09:45:21,21.1,+1.10%,-0.01,57,120270,卖盘
09:45:24,21.08,+1.01%,-0.02,247,520676,卖盘
09:45:27,21.05,+0.86%,-0.03,675,1420875,卖盘
09:45:30,21.06,+0.91%,+0.01,15,31590,买盘
09:45:33,21.03,+0.77%,-0.03,11,23133,卖盘
09:45:36,21.05,+0.86%,+0.02,5,10525,买盘
09:45:39,21.06,+0.91%,+0.01,108,227448,买盘
09:45:42,21.08,+1.01%,+0.02,8,16864,卖盘
09:45:48,21.1,+1.10%,+0.02,79,166690,买盘
09:46:00,21.15,+1.34%,+0.05,54,114210,买盘
09:46:03,21.16,+1.39%,+0.01,106,224296,买盘
09:46:06,21.16,+1.39%,--,18,38088,买盘
09:46:09,21.15,+1.34%,-0.01,25,52875,中性盘
09:46:12,21.16,+1.39%,+0.01,2,4232,买盘
09:46:15,21.15,+1.34%,-0.01,36,76140,卖盘
09:46:18,21.15,+1.34%,--,24,50760,买盘
09:46:21,21.15,+1.34%,--,12,25380,买盘
09:46:24,21.15,+1.34%,--,61,129015,买盘
09:46:33,21.15,+1.34%,--,100,211500,卖盘
09:46:36,21.16,+1.39%,+0.01,4,8464,买盘
09:46:39,21.13,+1.25%,-0.03,182,384566,卖盘
09:46:51,21.13,+1.25%,-0.01,74,156362,卖盘
09:46:54,21.15,+1.34%,+0.02,93,196695,买盘
09:46:57,21.15,+1.34%,--,25,52875,买盘
09:47:00,21.15,+1.34%,--,224,473760,买盘
09:47:06,21.16,+1.39%,+0.01,150,317400,买盘
09:47:09,21.16,+1.39%,--,158,334328,买盘
09:47:15,21.16,+1.39%,--,31,65596,买盘
09:47:18,21.16,+1.39%,--,2,4232,卖盘
09:47:21,21.16,+1.39%,--,15,31740,卖盘
09:47:24,21.18,+1.49%,+0.02,8,16944,买盘
09:47:27,21.16,+1.39%,-0.02,24,50784,卖盘
09:47:30,21.18,+1.49%,+0.02,30,63540,买盘
09:47:33,21.19,+1.53%,+0.01,86,182234,买盘
09:47:36,21.19,+1.53%,--,1,2119,买盘
09:47:39,21.19,+1.53%,--,17,36023,买盘
09:47:42,21.2,+1.58%,+0.01,119,252280,买盘
09:47:45,21.21,+1.63%,+0.01,181,383901,买盘
09:47:48,21.21,+1.63%,--,8,16968,买盘
09:47:51,21.22,+1.68%,+0.01,12,25464,买盘
09:47:54,21.23,+1.72%,+0.01,137,290851,买盘
09:47:57,21.22,+1.68%,-0.01,118,250396,买盘
09:47:57,21.22,+1.68%,--,118,250396,中性盘
09:48:00,21.24,+1.77%,+0.02,250,531000,买盘
09:48:03,21.25,+1.82%,+0.01,296,629000,买盘
09:48:06,21.25,+1.82%,--,140,297500,买盘
09:48:09,21.25,+1.82%,--,50,106250,卖盘
09:48:12,21.26,+1.87%,+0.01,301,639926,买盘
09:48:15,21.26,+1.87%,--,97,206222,买盘
09:48:18,21.26,+1.87%,--,316,671816,买盘
09:48:21,21.29,+2.01%,+0.03,18,38322,买盘
09:48:24,21.27,+1.92%,-0.02,116,246732,卖盘
09:48:27,21.27,+1.92%,--,680,1446360,卖盘
09:48:30,21.27,+1.92%,--,317,674259,买盘
09:48:33,21.26,+1.87%,-0.01,43,91418,卖盘
09:48:36,21.27,+1.92%,+0.01,577,1227279,买盘
09:48:42,21.26,+1.87%,--,51,108426,卖盘
09:48:45,21.26,+1.87%,--,155,329530,卖盘
09:48:48,21.28,+1.96%,+0.02,88,187264,买盘
09:48:51,21.26,+1.87%,-0.02,35,74410,中性盘
09:48:54,21.27,+1.92%,+0.01,21,44667,买盘
09:48:57,21.27,+1.92%,--,61,129747,买盘
09:49:00,21.27,+1.92%,--,85,180795,卖盘
09:49:03,21.28,+1.96%,+0.01,126,268128,买盘
09:49:06,21.28,+1.96%,--,127,270256,买盘
09:49:09,21.28,+1.96%,--,131,278768,买盘
09:49:12,21.33,+2.20%,+0.05,1594,3400002,买盘
09:49:15,21.34,+2.25%,+0.01,291,620994,买盘
09:49:18,21.35,+2.30%,+0.01,80,170800,买盘
09:49:21,21.36,+2.35%,+0.01,54,115344,买盘
09:49:24,21.36,+2.35%,--,274,585264,买盘
09:49:27,21.36,+2.35%,--,272,580992,买盘
09:49:30,21.36,+2.35%,--,160,341760,买盘
09:49:33,21.37,+2.40%,+0.01,119,254303,买盘
09:49:36,21.37,+2.40%,--,284,606908,买盘
09:49:39,21.36,+2.35%,-0.01,629,1343544,卖盘
09:49:42,21.38,+2.44%,+0.02,189,404082,买盘
09:49:45,21.39,+2.49%,+0.01,182,389298,买盘
09:49:48,21.39,+2.49%,--,300,641700,买盘
09:49:51,21.39,+2.49%,--,122,260958,买盘
09:49:54,21.39,+2.49%,--,114,243846,中性盘
09:49:57,21.4,+2.54%,+0.01,153,327420,买盘
09:50:00,21.39,+2.49%,-0.01,119,254541,买盘
09:50:03,21.35,+2.30%,-0.04,245,523075,卖盘
09:50:06,21.34,+2.25%,-0.01,207,441738,卖盘
09:50:09,21.34,+2.25%,--,25,53350,买盘
09:50:12,21.32,+2.16%,-0.02,58,123656,中性盘
09:50:15,21.33,+2.20%,+0.01,446,951318,买盘
09:50:18,21.31,+2.11%,-0.02,208,443248,卖盘
09:50:21,21.3,+2.06%,-0.01,152,323760,卖盘
09:50:24,21.28,+1.96%,-0.02,256,544768,卖盘
09:50:27,21.3,+2.06%,+0.02,21,44730,买盘
09:50:30,21.28,+1.96%,-0.02,35,74480,卖盘
09:50:33,21.3,+2.06%,+0.02,104,221520,买盘
09:50:36,21.3,+2.06%,--,15,31950,买盘
09:50:39,21.29,+2.01%,-0.01,404,860116,卖盘
09:50:42,21.3,+2.06%,+0.01,89,189570,中性盘
09:50:45,21.32,+2.16%,+0.02,62,132184,买盘
09:50:48,21.3,+2.06%,-0.02,40,85200,买盘
09:50:51,21.28,+1.96%,-0.02,118,251104,卖盘
09:50:54,21.32,+2.16%,+0.04,304,648128,买盘
09:50:57,21.28,+1.96%,-0.04,7,14896,买盘
09:51:00,21.3,+2.06%,+0.02,114,242820,买盘
09:51:03,21.3,+2.06%,--,21,44730,卖盘
09:51:06,21.3,+2.06%,--,35,74550,卖盘
09:51:09,21.29,+2.01%,-0.01,127,270383,中性盘
09:51:12,21.29,+2.01%,--,5,10645,买盘
09:51:15,21.29,+2.01%,--,120,255480,买盘
09:51:18,21.29,+2.01%,--,161,342769,买盘
09:51:21,21.3,+2.06%,+0.01,43,91590,买盘
09:51:24,21.29,+2.01%,-0.01,10,21290,卖盘
09:51:27,21.31,+2.11%,+0.02,209,445379,买盘
09:51:33,21.32,+2.16%,+0.01,24,51168,买盘
09:51:36,21.32,+2.16%,--,74,157768,买盘
09:51:39,21.32,+2.16%,--,24,51168,买盘
09:51:42,21.33,+2.20%,+0.01,175,373275,买盘
09:51:45,21.33,+2.20%,--,109,232497,中性盘
09:51:48,21.35,+2.30%,+0.02,65,138775,买盘
09:51:51,21.36,+2.35%,+0.01,12,25632,买盘
09:51:54,21.37,+2.40%,+0.01,109,232933,买盘
09:51:57,21.4,+2.54%,+0.03,183,391620,买盘
09:52:00,21.4,+2.54%,--,700,1498000,买盘
09:52:03,21.41,+2.59%,+0.01,68,145588,卖盘
09:52:06,21.42,+2.64%,+0.01,189,404838,中性盘
09:52:09,21.44,+2.73%,+0.02,229,490976,中性盘
09:52:12,21.46,+2.83%,+0.02,283,607318,买盘
09:52:15,21.4,+2.54%,-0.06,418,894520,卖盘
09:52:18,21.38,+2.44%,-0.02,106,226628,卖盘
09:52:21,21.39,+2.49%,+0.01,44,94116,买盘
09:52:24,21.38,+2.44%,-0.01,118,252284,中性盘
09:52:27,21.36,+2.35%,-0.02,318,679248,卖盘
09:52:30,21.35,+2.30%,-0.01,124,264740,卖盘
09:52:33,21.35,+2.30%,--,113,241255,买盘
09:52:36,21.33,+2.20%,-0.02,127,270891,卖盘
09:52:39,21.35,+2.30%,+0.02,241,514535,买盘
09:52:42,21.32,+2.16%,-0.03,64,136448,卖盘
09:52:45,21.3,+2.06%,-0.02,39,83070,卖盘
09:52:48,21.32,+2.16%,+0.02,20,42640,买盘
09:52:51,21.34,+2.25%,+0.02,381,813054,买盘
09:52:54,21.29,+2.01%,-0.05,20,42580,中性盘
09:52:57,21.34,+2.25%,+0.05,57,121638,买盘
09:53:00,21.32,+2.16%,-0.02,13,27716,卖盘
09:53:03,21.3,+2.06%,-0.02,235,500550,卖盘
09:53:06,21.28,+1.96%,-0.02,106,225568,卖盘
09:53:09,21.29,+2.01%,+0.01,53,112837,中性盘
09:53:12,21.29,+2.01%,--,20,42580,买盘
09:53:15,21.29,+2.01%,--,150,319350,买盘
09:53:18,21.29,+2.01%,--,65,138385,买盘
09:53:21,21.3,+2.06%,+0.01,55,117150,中性盘
09:53:24,21.3,+2.06%,--,40,85200,卖盘
09:53:27,21.28,+1.96%,-0.02,78,165984,卖盘
09:53:30,21.29,+2.01%,+0.01,56,119224,买盘
09:53:33,21.3,+2.06%,+0.01,90,191700,买盘
09:53:36,21.28,+1.96%,-0.02,199,423472,卖盘
09:53:39,21.29,+2.01%,+0.01,71,151159,买盘
09:53:42,21.27,+1.92%,-0.02,156,331812,卖盘
09:53:45,21.27,+1.92%,--,24,51048,买盘
09:53:48,21.26,+1.87%,-0.01,54,114804,卖盘
09:53:51,21.25,+1.82%,-0.01,21,44625,卖盘
09:53:54,21.25,+1.82%,--,23,48875,卖盘
09:53:57,21.26,+1.87%,+0.01,50,106300,买盘
09:54:00,21.24,+1.77%,-0.02,7,14868,卖盘
09:54:03,21.19,+1.53%,-0.05,231,489489,卖盘
09:54:06,21.17,+1.44%,-0.02,215,455155,卖盘
09:54:09,21.17,+1.44%,--,13,27521,买盘
09:54:12,21.16,+1.39%,-0.01,137,289892,卖盘
09:54:15,21.16,+1.39%,--,34,71944,卖盘
09:54:18,21.16,+1.39%,--,85,179860,卖盘
09:54:21,21.16,+1.39%,--,74,156584,买盘
09:54:24,21.15,+1.34%,-0.01,95,200925,卖盘
09:54:27,21.17,+1.44%,+0.02,57,120669,买盘
09:54:30,21.19,+1.53%,+0.02,82,173758,买盘
09:54:33,21.17,+1.44%,-0.02,20,42340,中性盘
09:54:36,21.19,+1.53%,+0.02,61,129259,买盘
09:54:39,21.19,+1.53%,--,24,50856,买盘
09:54:42,21.19,+1.53%,--,47,99593,买盘
09:54:45,21.19,+1.53%,--,33,69927,卖盘
09:54:48,21.2,+1.58%,+0.01,2,4240,买盘
09:54:51,21.19,+1.53%,-0.01,7,14833,卖盘
09:54:57,21.19,+1.53%,--,6,12714,买盘
09:55:00,21.19,+1.53%,--,6,12714,卖盘
09:55:03,21.19,+1.53%,--,46,97474,买盘
09:55:06,21.17,+1.44%,-0.02,120,254040,卖盘
09:55:09,21.15,+1.34%,-0.02,134,283410,卖盘
09:55:12,21.16,+1.39%,+0.01,44,93104,买盘
09:55:15,21.17,+1.44%,+0.01,67,141839,买盘
09:55:21,21.17,+1.44%,+0.01,12,25404,买盘
09:55:27,21.17,+1.44%,+0.01,29,61393,买盘
09:55:30,21.16,+1.39%,-0.01,68,143888,卖盘
09:55:33,21.15,+1.34%,-0.01,101,213615,卖盘
09:55:33,21.15,+1.34%,--,101,213615,中性盘
09:55:39,21.15,+1.34%,--,8,16920,卖盘
09:55:42,21.15,+1.34%,--,34,71910,卖盘
09:55:45,21.16,+1.39%,+0.01,18,38088,买盘
09:55:48,21.15,+1.34%,-0.01,16,33840,卖盘
09:55:51,21.14,+1.29%,-0.01,481,1016834,卖盘
09:55:54,21.14,+1.29%,--,99,209286,卖盘
09:55:57,21.15,+1.34%,+0.01,16,33840,买盘
09:56:00,21.14,+1.29%,-0.01,75,158550,卖盘
09:56:03,21.14,+1.29%,--,20,42280,买盘
09:56:06,21.12,+1.20%,-0.02,225,475200,卖盘
09:56:09,21.14,+1.29%,+0.02,165,348810,卖盘
09:56:12,21.15,+1.34%,+0.01,43,90945,买盘
09:56:15,21.14,+1.29%,-0.01,25,52850,中性盘
09:56:18,21.14,+1.29%,--,103,217742,买盘
09:56:21,21.14,+1.29%,--,133,281162,中性盘
09:56:24,21.13,+1.25%,-0.01,505,1067065,卖盘
09:56:27,21.13,+1.25%,--,32,67616,买盘
09:56:30,21.13,+1.25%,--,3,6339,买盘
09:56:33,21.13,+1.25%,--,10,21130,买盘
09:56:36,21.13,+1.25%,--,29,61277,买盘
09:56:39,21.11,+1.15%,-0.02,76,160436,卖盘
09:56:45,21.11,+1.15%,--,29,61219,买盘
09:56:51,21.1,+1.10%,-0.01,45,94950,卖盘
09:56:54,21.1,+1.10%,--,115,242650,卖盘
09:56:57,21.1,+1.10%,--,118,248980,卖盘
09:57:00,21.1,+1.10%,--,7,14770,买盘
09:57:03,21.09,+1.05%,-0.01,1,2109,卖盘
09:57:06,21.1,+1.10%,+0.01,4,8440,买盘
09:57:09,21.09,+1.05%,-0.01,40,84360,卖盘
09:57:12,21.09,+1.05%,--,19,40071,买盘
09:57:15,21.1,+1.10%,+0.01,43,90730,买盘
09:57:18,21.11,+1.15%,+0.01,296,624856,买盘
09:57:21,21.09,+1.05%,-0.02,71,149739,卖盘
09:57:24,21.11,+1.15%,+0.02,20,42220,买盘
09:57:27,21.11,+1.15%,--,61,128771,买盘
09:57:30,21.11,+1.15%,--,12,25332,买盘
09:57:33,21.1,+1.10%,-0.01,24,50640,卖盘
09:57:36,21.11,+1.15%,+0.01,96,202656,买盘
09:57:39,21.11,+1.15%,--,91,192101,卖盘
09:57:45,21.11,+1.15%,--,5,10555,买盘
09:57:48,21.11,+1.15%,--,70,147770,买盘
09:57:51,21.11,+1.15%,--,84,177324,买盘
09:57:54,21.1,+1.10%,-0.01,25,52750,卖盘
09:57:57,21.11,+1.15%,+0.01,14,29554,买盘
09:58:00,21.11,+1.15%,--,30,63330,买盘
09:58:06,21.11,+1.15%,--,16,33776,买盘
09:58:09,21.11,+1.15%,--,19,40109,买盘
09:58:12,21.11,+1.15%,--,25,52775,买盘
09:58:18,21.11,+1.15%,--,16,33776,卖盘
09:58:21,21.12,+1.20%,+0.01,190,401280,买盘
09:58:24,21.12,+1.20%,--,3,6336,买盘
09:58:27,21.12,+1.20%,--,9,19008,买盘
09:58:30,21.09,+1.05%,-0.03,811,1710399,卖盘
09:58:33,21.09,+1.05%,--,134,282606,卖盘
09:58:36,21.06,+0.91%,-0.03,985,2074410,卖盘
09:58:42,21.05,+0.86%,-0.01,22,46310,卖盘
09:58:45,21.05,+0.86%,--,41,86305,卖盘
09:58:48,21.07,+0.96%,+0.02,26,54782,买盘
09:58:51,21.07,+0.96%,--,14,29498,买盘
09:58:54,21.05,+0.86%,-0.02,39,82095,卖盘
09:58:57,21.06,+0.91%,+0.01,78,164268,中性盘
09:59:06,21.05,+0.86%,--,163,343115,卖盘
09:59:09,21.05,+0.86%,--,47,98935,卖盘
09:59:12,21.05,+0.86%,--,30,63150,买盘
09:59:15,21.04,+0.81%,-0.01,42,88368,卖盘
09:59:18,21.04,+0.81%,--,5,10520,买盘
09:59:21,21.03,+0.77%,-0.01,81,170343,卖盘
09:59:24,21.02,+0.72%,-0.01,9,18918,卖盘
09:59:27,21.03,+0.77%,+0.01,35,73605,买盘
09:59:27,21.03,+0.77%,--,35,73605,中性盘
09:59:30,21.04,+0.81%,+0.01,362,761648,买盘
09:59:33,21.01,+0.67%,-0.03,375,787875,卖盘
09:59:36,21.01,+0.67%,--,71,149171,卖盘
09:59:42,21.01,+0.67%,--,10,21010,卖盘
09:59:45,21.04,+0.81%,+0.03,29,61016,买盘
09:59:48,21.04,+0.81%,--,12,25248,买盘
09:59:51,21.03,+0.77%,-0.01,26,54678,卖盘
09:59:54,21.05,+0.86%,+0.02,33,69465,买盘
09:59:57,21.04,+0.81%,-0.01,57,119928,卖盘
10:00:00,21.03,+0.77%,-0.01,29,60987,卖盘
10:00:03,21.04,+0.81%,+0.01,19,39976,买盘
10:00:06,21.03,+0.77%,-0.01,8,16824,卖盘
10:00:09,21.05,+0.86%,+0.02,745,1568225,买盘
10:00:12,21.05,+0.86%,--,50,105250,买盘
10:00:15,21.05,+0.86%,--,95,199975,买盘
10:00:18,21.1,+1.10%,+0.05,69,145590,买盘
10:00:21,21.04,+0.81%,-0.06,113,237752,卖盘
10:00:24,21.04,+0.81%,--,41,86264,卖盘
10:00:27,21.02,+0.72%,-0.02,481,1011062,卖盘
10:00:30,21.02,+0.72%,--,226,475052,买盘
10:00:33,21.03,+0.77%,+0.01,63,132489,买盘
10:00:36,21.01,+0.67%,-0.02,38,79838,卖盘
10:00:39,21.05,+0.86%,+0.04,86,181030,买盘
10:00:42,21.04,+0.81%,-0.01,4,8416,中性盘
10:00:45,21.04,+0.81%,--,3,6312,买盘
10:00:48,21.03,+0.77%,-0.01,14,29442,卖盘
10:00:51,21.04,+0.81%,+0.01,20,42080,买盘
10:00:54,21.04,+0.81%,--,27,56808,买盘
10:00:57,21.04,+0.81%,--,135,284040,卖盘
10:01:00,21.06,+0.91%,+0.02,69,145314,买盘
10:01:03,21.06,+0.91%,--,109,229554,买盘
10:01:06,21.08,+1.01%,+0.02,42,88536,买盘
10:01:09,21.09,+1.05%,+0.01,393,828837,买盘
10:01:12,21.09,+1.05%,--,6,12654,买盘
10:01:15,21.1,+1.10%,+0.01,11,23210,买盘
10:01:18,21.1,+1.10%,--,12,25320,买盘
10:01:24,21.12,+1.20%,+0.01,2,4224,买盘
10:01:27,21.12,+1.20%,--,62,130944,买盘
10:01:30,21.12,+1.20%,--,24,50688,卖盘
10:01:33,21.14,+1.29%,+0.02,107,226198,买盘
10:01:36,21.13,+1.25%,-0.01,45,95085,卖盘
10:01:42,21.14,+1.29%,+0.01,19,40166,买盘
10:01:45,21.14,+1.29%,--,113,238882,买盘
10:01:48,21.14,+1.29%,--,91,192374,买盘
10:01:51,21.15,+1.34%,+0.01,9,19035,买盘
10:01:57,21.18,+1.49%,+0.01,3,6354,买盘
10:02:00,21.15,+1.34%,-0.03,99,209385,卖盘
10:02:03,21.15,+1.34%,--,81,171315,卖盘
10:02:06,21.15,+1.34%,--,161,340515,中性盘
10:02:09,21.15,+1.34%,--,29,61335,买盘
10:02:12,21.12,+1.20%,-0.03,79,166848,卖盘
10:02:15,21.11,+1.15%,-0.01,37,78107,卖盘
10:02:18,21.12,+1.20%,+0.01,138,291456,买盘
10:02:21,21.12,+1.20%,--,30,63360,买盘
10:02:24,21.12,+1.20%,--,2,4224,买盘
10:02:27,21.12,+1.20%,--,54,114048,买盘
10:02:30,21.11,+1.15%,-0.01,26,54886,卖盘
10:02:36,21.12,+1.20%,+0.01,231,487872,买盘
10:02:42,21.12,+1.20%,+0.01,13,27456,买盘
10:02:45,21.11,+1.15%,-0.01,28,59108,卖盘
10:02:48,21.11,+1.15%,--,13,27443,买盘
10:02:51,21.11,+1.15%,--,44,92884,买盘
10:02:54,21.1,+1.10%,-0.01,340,717400,卖盘
10:02:57,21.1,+1.10%,--,86,181460,买盘
10:03:00,21.1,+1.10%,--,32,67520,买盘
10:03:03,21.1,+1.10%,--,33,69630,买盘
10:03:09,21.1,+1.10%,--,9,18990,买盘
10:03:12,21.1,+1.10%,--,15,31650,买盘
10:03:15,21.1,+1.10%,--,79,166690,买盘
10:03:15,21.1,+1.10%,--,79,166690,中性盘
10:03:18,21.1,+1.10%,--,57,120270,买盘
10:03:24,21.09,+1.05%,-0.01,107,225663,卖盘
10:03:30,21.09,+1.05%,--,8,16872,买盘
10:03:33,21.08,+1.01%,-0.01,7,14756,卖盘
10:03:36,21.08,+1.01%,--,123,259284,卖盘
10:03:42,21.06,+0.91%,-0.02,156,328536,卖盘
10:03:45,21.08,+1.01%,+0.02,11,23188,买盘
10:03:48,21.08,+1.01%,--,3,6324,买盘
10:03:51,21.08,+1.01%,--,2,4216,买盘
10:03:54,21.08,+1.01%,--,132,278256,买盘
10:03:57,21.08,+1.01%,--,20,42160,买盘
10:04:00,21.08,+1.01%,--,14,29512,买盘
10:04:03,21.09,+1.05%,+0.01,6,12654,买盘
10:04:06,21.1,+1.10%,+0.01,97,204670,买盘
10:04:09,21.08,+1.01%,-0.02,184,387872,卖盘
10:04:12,21.1,+1.10%,+0.02,121,255310,买盘
10:04:15,21.1,+1.10%,--,12,25320,卖盘
10:04:18,21.11,+1.15%,+0.01,57,120327,买盘
10:04:21,21.11,+1.15%,--,3,6333,买盘
10:04:24,21.1,+1.10%,-0.01,7,14770,卖盘
10:04:27,21.11,+1.15%,+0.01,21,44331,买盘
10:04:30,21.11,+1.15%,--,21,44331,买盘
10:04:36,21.11,+1.15%,--,38,80218,卖盘
10:04:42,21.12,+1.20%,--,64,135168,买盘
10:04:45,21.11,+1.15%,-0.01,163,344093,卖盘
10:04:48,21.16,+1.39%,+0.05,25,52900,买盘
10:04:54,21.16,+1.39%,--,16,33856,买盘
10:05:00,21.16,+1.39%,--,5,10580,买盘
10:05:03,21.15,+1.34%,-0.01,7,14805,中性盘
10:05:06,21.12,+1.20%,-0.03,108,228096,卖盘
10:05:09,21.11,+1.15%,-0.01,86,181546,卖盘
10:05:12,21.11,+1.15%,--,4,8444,买盘
10:05:15,21.13,+1.25%,+0.02,37,78181,买盘
10:05:21,21.12,+1.20%,-0.01,24,50688,中性盘
10:05:24,21.13,+1.25%,+0.01,9,19017,买盘
10:05:30,21.1,+1.10%,-0.03,111,234210,卖盘
10:05:33,21.1,+1.10%,--,150,316500,卖盘
10:05:36,21.08,+1.01%,-0.02,16,33728,卖盘
10:05:39,21.1,+1.10%,+0.02,69,145590,买盘
10:05:42,21.07,+0.96%,-0.03,57,120099,卖盘
10:05:45,21.06,+0.91%,-0.01,29,61074,卖盘
10:05:48,21.08,+1.01%,+0.02,7,14756,买盘
10:05:51,21.06,+0.91%,-0.02,8,16848,卖盘
10:05:54,21.08,+1.01%,+0.02,3,6324,买盘
10:05:57,21.07,+0.96%,-0.01,10,21070,中性盘
10:06:00,21.06,+0.91%,-0.01,56,117936,卖盘
10:06:03,21.07,+0.96%,+0.01,23,48461,买盘
10:06:06,21.06,+0.91%,-0.01,85,179010,卖盘
10:06:09,21.07,+0.96%,+0.01,3,6321,中性盘
10:06:12,21.06,+0.91%,-0.01,33,69498,卖盘
10:06:15,21.05,+0.86%,-0.01,3,6315,卖盘
10:06:21,21.04,+0.81%,-0.01,29,61016,卖盘
10:06:24,21.05,+0.86%,+0.01,121,254705,买盘
10:06:27,21.05,+0.86%,--,34,71570,卖盘
10:06:30,21.05,+0.86%,--,178,374690,卖盘
10:06:33,21.06,+0.91%,+0.01,139,292734,买盘
10:06:36,21.04,+0.81%,-0.02,68,143072,卖盘
10:06:39,21.04,+0.81%,--,17,35768,卖盘
10:06:45,21.05,+0.86%,+0.01,57,119985,买盘
10:06:48,21.04,+0.81%,-0.01,40,84160,卖盘
10:06:51,21.03,+0.77%,-0.01,2,4206,卖盘
10:06:54,21.04,+0.81%,+0.01,17,35768,买盘
10:06:57,21.04,+0.81%,--,2,4208,卖盘
10:07:00,21.03,+0.77%,-0.01,32,67296,卖盘
10:07:03,21.05,+0.86%,+0.02,50,105250,买盘
10:07:06,21.04,+0.81%,-0.01,20,42080,中性盘
10:14:45,21.1,+1.10%,--,68,143480,中性盘
10:14:45,21.1,+1.10%,--,68,143480,买盘
10:14:48,21.1,+1.10%,--,47,99170,买盘
10:14:51,21.09,+1.05%,-0.01,5,10545,买盘
10:14:54,21.09,+1.05%,--,21,44289,买盘
10:14:57,21.1,+1.10%,+0.01,32,67520,买盘
10:15:00,21.1,+1.10%,--,5,10550,买盘
10:15:03,21.09,+1.05%,-0.01,2,4218,卖盘
10:15:12,21.06,+0.91%,-0.03,108,227448,卖盘
10:15:15,21.06,+0.91%,--,9,18954,卖盘
10:15:18,21.06,+0.91%,--,77,162162,卖盘
10:15:21,21.0,+0.62%,-0.06,950,1995000,卖盘
10:15:24,21.03,+0.77%,+0.03,6,12618,买盘
10:15:30,21.01,+0.67%,-0.02,1,2101,中性盘
10:15:33,21.0,+0.62%,-0.01,15,31500,卖盘
10:15:36,21.03,+0.77%,+0.03,8,16824,买盘
10:15:39,21.02,+0.72%,-0.01,16,33632,卖盘
10:15:42,21.02,+0.72%,--,6,12612,买盘
10:15:45,21.02,+0.72%,--,40,84080,卖盘
10:15:48,21.02,+0.72%,--,42,88284,卖盘
10:15:51,21.06,+0.91%,+0.04,87,183222,买盘
10:16:00,21.06,+0.91%,--,28,58968,买盘
10:16:03,21.05,+0.86%,-0.01,5,10525,买盘
10:16:06,21.05,+0.86%,--,15,31575,买盘
10:16:12,21.05,+0.86%,--,4,8420,买盘
10:16:15,21.07,+0.96%,+0.02,23,48461,买盘
10:16:21,21.05,+0.86%,-0.02,28,58940,卖盘
10:16:24,21.07,+0.96%,+0.02,18,37926,买盘
10:16:27,21.05,+0.86%,-0.02,16,33680,卖盘
10:16:30,21.07,+0.96%,+0.02,3,6321,买盘
10:16:33,21.03,+0.77%,-0.04,20,42060,卖盘
10:16:36,21.03,+0.77%,--,35,73605,卖盘
10:16:54,21.03,+0.77%,--,63,132489,卖盘
10:17:00,21.03,+0.77%,--,58,121974,买盘
10:17:03,21.04,+0.81%,+0.01,46,96784,买盘
10:17:09,21.03,+0.77%,-0.01,83,174549,卖盘
10:17:12,21.02,+0.72%,-0.01,500,1051000,卖盘
10:17:18,21.02,+0.72%,--,9,18918,买盘
10:17:21,21.01,+0.67%,-0.01,11,23111,卖盘
10:17:24,21.01,+0.67%,--,9,18909,卖盘
10:17:30,21.02,+0.72%,--,11,23122,买盘
10:17:33,21.01,+0.67%,-0.01,3,6303,卖盘
10:17:39,21.02,+0.72%,+0.01,10,21020,买盘
10:17:42,21.01,+0.67%,-0.01,59,123959,卖盘
10:17:45,21.0,+0.62%,-0.01,123,258300,卖盘
10:17:48,21.01,+0.67%,+0.01,44,92444,买盘
10:17:51,21.01,+0.67%,--,285,598785,买盘
10:17:57,21.0,+0.62%,-0.01,59,123900,卖盘
10:18:06,21.01,+0.67%,+0.01,79,165979,买盘
10:18:09,21.0,+0.62%,-0.01,31,65100,卖盘
10:18:12,21.0,+0.62%,--,29,60900,卖盘
10:18:18,20.99,+0.57%,--,1,2099,卖盘
10:18:21,20.99,+0.57%,--,36,75564,卖盘
10:18:30,20.99,+0.57%,-0.01,1,2099,卖盘
10:18:33,20.98,+0.53%,--,19,39862,中性盘
10:18:45,20.99,+0.57%,--,21,44079,买盘
10:18:54,20.98,+0.53%,-0.01,75,157350,卖盘
10:18:57,20.99,+0.57%,+0.01,24,50376,买盘
10:19:03,20.99,+0.57%,--,72,151128,买盘
10:19:06,20.99,+0.57%,--,67,140633,买盘
10:19:15,21.0,+0.62%,+0.01,22,46200,买盘
10:19:18,21.0,+0.62%,--,118,247800,买盘
10:19:21,20.98,+0.53%,-0.02,15,31470,卖盘
10:19:24,21.0,+0.62%,+0.02,12,25200,买盘
10:19:27,20.99,+0.57%,-0.01,5,10495,卖盘
10:19:39,21.0,+0.62%,--,2,4200,买盘
10:19:48,20.99,+0.57%,-0.01,8,16792,卖盘
10:19:54,21.0,+0.62%,--,15,31500,买盘
10:19:57,21.0,+0.62%,--,20,42000,买盘
10:20:00,20.99,+0.57%,-0.01,50,104950,卖盘
10:20:03,21.03,+0.77%,+0.04,15,31545,买盘
10:20:06,20.99,+0.57%,-0.04,133,279167,卖盘
10:20:09,20.98,+0.53%,-0.01,19,39862,卖盘
10:20:12,21.0,+0.62%,+0.02,57,119700,中性盘
10:20:15,21.0,+0.62%,--,17,35700,卖盘
10:20:18,20.99,+0.57%,-0.01,27,56673,中性盘
10:20:21,20.99,+0.57%,--,9,18891,中性盘
10:20:36,20.98,+0.53%,-0.01,16,33568,卖盘
10:20:39,21.0,+0.62%,+0.02,30,63000,买盘
10:20:42,20.99,+0.57%,-0.01,20,41980,卖盘
10:20:51,21.0,+0.62%,+0.01,6,12600,买盘
10:20:54,21.0,+0.62%,--,53,111300,买盘
10:20:57,20.99,+0.57%,-0.01,15,31485,卖盘
10:21:00,20.99,+0.57%,--,25,52475,卖盘
10:21:03,21.0,+0.62%,+0.01,17,35700,买盘
10:21:06,21.0,+0.62%,--,35,73500,买盘
10:21:09,20.99,+0.57%,-0.01,32,67168,卖盘
10:21:12,21.0,+0.62%,+0.01,62,130200,买盘
10:21:15,20.99,+0.57%,-0.01,137,287563,卖盘
10:21:18,20.98,+0.53%,-0.01,115,241270,卖盘
10:21:21,20.99,+0.57%,+0.01,46,96554,买盘
10:21:24,21.0,+0.62%,+0.01,31,65100,买盘
10:21:27,20.99,+0.57%,-0.01,13,27287,卖盘
10:21:30,20.99,+0.57%,--,285,598215,卖盘
10:21:33,21.0,+0.62%,+0.01,44,92400,买盘
10:21:36,21.0,+0.62%,--,9,18900,买盘
10:21:57,21.0,+0.62%,--,99,207900,买盘
10:22:03,21.0,+0.62%,--,35,73500,卖盘
10:22:06,21.0,+0.62%,--,73,153300,卖盘
10:22:09,20.98,+0.53%,-0.02,7,14686,卖盘
10:22:18,20.99,+0.57%,+0.01,1,2099,卖盘
10:22:21,20.99,+0.57%,--,21,44079,卖盘
10:22:24,20.99,+0.57%,--,63,132237,卖盘
10:26:12,20.95,+0.38%,--,424,888280,中性盘
10:26:18,20.95,+0.38%,--,12,25140,卖盘
10:26:21,20.95,+0.38%,--,89,186455,卖盘
10:26:24,20.97,+0.48%,+0.02,75,157275,买盘
10:26:27,20.95,+0.38%,-0.02,76,159220,卖盘
10:26:30,20.95,+0.38%,--,12,25140,买盘
10:26:33,20.93,+0.29%,-0.02,1,2093,卖盘
10:26:36,20.93,+0.29%,--,48,100464,卖盘
10:26:39,20.93,+0.29%,--,11,23023,卖盘
10:26:42,20.93,+0.29%,--,16,33488,买盘
10:26:45,20.92,+0.24%,-0.01,11,23012,卖盘
10:27:06,20.92,+0.24%,+0.01,2,4184,买盘
10:27:12,20.91,+0.19%,-0.01,105,219555,卖盘
10:27:18,20.92,+0.24%,+0.01,27,56484,中性盘
10:27:21,20.93,+0.29%,+0.01,5,10465,买盘
10:27:27,20.92,+0.24%,-0.01,10,20920,卖盘
10:27:36,20.92,+0.24%,--,110,230120,卖盘
10:27:39,20.92,+0.24%,--,27,56484,买盘
10:27:42,20.91,+0.19%,-0.01,95,198645,卖盘
10:27:45,20.91,+0.19%,--,63,131733,卖盘
10:27:48,20.92,+0.24%,+0.01,5,10460,买盘
10:27:51,20.91,+0.19%,-0.01,12,25092,卖盘
10:28:00,20.92,+0.24%,+0.01,19,39748,中性盘
10:28:03,20.92,+0.24%,--,25,52300,买盘
10:28:06,20.92,+0.24%,--,24,50208,卖盘
10:28:12,20.95,+0.38%,+0.03,1,2095,买盘
10:28:15,20.92,+0.24%,-0.03,94,196648,卖盘
10:28:18,20.95,+0.38%,+0.03,68,142460,买盘
10:28:24,20.92,+0.24%,-0.03,2,4184,卖盘
10:28:27,20.93,+0.29%,+0.01,17,35581,买盘
10:28:30,20.93,+0.29%,--,21,43953,买盘
10:28:36,20.93,+0.29%,+0.01,128,267904,买盘
10:28:42,20.93,+0.29%,--,42,87906,买盘
10:28:48,20.92,+0.24%,-0.01,27,56484,卖盘
10:28:51,20.92,+0.24%,--,64,133888,卖盘
10:28:57,20.92,+0.24%,--,49,102508,卖盘
10:29:00,20.92,+0.24%,--,40,83680,卖盘
10:29:03,20.92,+0.24%,--,17,35564,卖盘
10:29:06,20.93,+0.29%,+0.01,25,52325,买盘
10:29:09,20.93,+0.29%,--,14,29302,买盘
10:29:12,20.95,+0.38%,+0.02,77,161315,买盘
10:29:15,20.94,+0.34%,-0.01,15,31410,卖盘
10:29:18,20.94,+0.34%,--,8,16752,卖盘
10:29:21,20.95,+0.38%,+0.01,33,69135,买盘
10:29:30,20.95,+0.38%,--,64,134080,买盘
10:29:33,20.95,+0.38%,--,5,10475,买盘
10:29:39,20.94,+0.34%,-0.01,21,43974,卖盘
10:29:42,20.94,+0.34%,--,12,25128,买盘
10:29:48,20.95,+0.38%,+0.01,3,6285,买盘
10:29:54,20.95,+0.38%,--,15,31425,买盘
10:29:57,20.93,+0.29%,-0.02,23,48139,卖盘
10:30:00,20.95,+0.38%,+0.02,26,54470,买盘
10:30:03,20.94,+0.34%,-0.01,29,60726,卖盘
10:30:03,20.94,+0.34%,-0.03,29,60726,中性盘
10:30:06,20.91,+0.19%,-0.03,150,313650,卖盘
10:30:09,20.91,+0.19%,--,94,196554,卖盘
10:30:15,20.92,+0.24%,+0.01,57,119244,买盘
10:30:18,20.91,+0.19%,-0.01,74,154734,卖盘
10:30:21,20.9,+0.14%,-0.01,21,43890,卖盘
10:30:27,20.91,+0.19%,+0.01,25,52275,买盘
10:30:36,20.91,+0.19%,--,28,58548,卖盘
10:30:39,20.9,+0.14%,-0.01,17,35530,卖盘
10:30:48,20.9,+0.14%,--,20,41800,卖盘
10:30:51,20.9,+0.14%,--,17,35530,卖盘
10:30:54,20.91,+0.19%,+0.01,2,4182,买盘
10:30:57,20.91,+0.19%,--,18,37638,买盘
10:31:03,20.9,+0.14%,--,124,259160,卖盘
10:31:09,20.89,+0.10%,-0.02,189,394821,卖盘
10:31:12,20.89,+0.10%,--,8,16712,卖盘
10:31:15,20.9,+0.14%,+0.01,19,39710,买盘
10:31:21,20.9,+0.14%,--,43,89870,买盘
10:31:24,20.9,+0.14%,--,50,104500,买盘
10:31:27,20.88,+0.05%,-0.02,5,10440,卖盘
10:31:30,20.89,+0.10%,+0.01,11,22979,买盘
10:31:39,20.89,+0.10%,--,51,106539,卖盘
10:31:42,20.91,+0.19%,+0.02,424,888612,买盘
10:31:45,20.91,+0.19%,--,71,148461,买盘
10:31:48,20.96,+0.43%,+0.05,42,88032,买盘
10:31:51,20.94,+0.34%,-0.02,34,71196,中性盘
10:31:54,20.91,+0.19%,-0.03,3,6273,卖盘
10:31:57,20.94,+0.34%,+0.03,11,23034,买盘
10:32:00,20.9,+0.14%,-0.04,28,58520,卖盘
10:32:06,20.89,+0.10%,-0.01,128,267392,卖盘
10:32:09,20.89,+0.10%,--,21,43869,中性盘
10:32:12,20.9,+0.14%,+0.01,25,52250,买盘
10:32:15,20.88,+0.05%,-0.02,2,4176,卖盘
10:32:21,20.89,+0.10%,+0.01,2,4178,卖盘
10:32:24,20.89,+0.10%,--,2,4178,买盘
10:32:27,20.89,+0.10%,--,72,150408,买盘
10:32:30,20.89,+0.10%,--,17,35513,卖盘
10:32:33,20.9,+0.14%,+0.01,50,104500,买盘
10:32:39,20.91,+0.19%,+0.01,12,25092,买盘
10:32:48,20.9,+0.14%,--,81,169290,卖盘
10:33:00,20.92,+0.24%,+0.02,26,54392,买盘
10:33:03,20.91,+0.19%,-0.01,24,50184,卖盘
10:33:06,20.93,+0.29%,+0.02,23,48139,买盘
10:33:09,20.92,+0.24%,-0.01,5,10460,卖盘
10:33:15,20.93,+0.29%,+0.01,20,41860,买盘
10:33:18,20.93,+0.29%,--,8,16744,卖盘
10:33:21,20.94,+0.34%,+0.01,8,16752,买盘
10:33:24,20.93,+0.29%,-0.01,14,29302,卖盘
10:33:27,20.94,+0.34%,+0.01,11,23034,买盘
10:33:30,20.93,+0.29%,-0.01,13,27209,卖盘
10:33:33,20.94,+0.34%,+0.01,5,10470,卖盘
10:33:39,20.94,+0.34%,+0.01,3,6282,卖盘
10:33:42,20.93,+0.29%,-0.01,65,136045,卖盘
10:33:45,20.95,+0.38%,+0.02,56,117320,买盘
10:33:48,20.93,+0.29%,-0.02,6,12558,卖盘
10:33:51,20.94,+0.34%,+0.01,27,56538,卖盘
10:33:54,20.93,+0.29%,-0.01,54,113022,卖盘
10:33:54,20.93,+0.29%,--,54,113022,中性盘
10:33:54,20.93,+0.29%,--,54,113022,卖盘
10:33:57,20.94,+0.34%,+0.01,4,8376,中性盘
10:34:00,20.95,+0.38%,+0.01,36,75420,买盘
10:34:03,20.93,+0.29%,-0.02,3,6279,卖盘
10:34:06,20.92,+0.24%,-0.01,114,238488,卖盘
10:34:12,20.94,+0.34%,+0.02,11,23034,买盘
10:34:15,20.91,+0.19%,-0.03,42,87822,卖盘
10:34:21,20.92,+0.24%,+0.01,62,129704,买盘
10:34:24,20.9,+0.14%,-0.02,7,14630,卖盘
10:34:27,20.94,+0.34%,+0.04,23,48162,买盘
10:34:30,20.9,+0.14%,-0.04,5,10450,卖盘
10:34:33,20.9,+0.14%,--,6,12540,卖盘
10:34:39,20.91,+0.19%,--,15,31365,买盘
10:34:42,20.91,+0.19%,--,11,23001,买盘
10:34:45,20.91,+0.19%,--,8,16728,买盘
10:34:48,20.9,+0.14%,-0.01,15,31350,卖盘
10:34:54,20.91,+0.19%,+0.01,6,12546,中性盘
10:34:57,20.91,+0.19%,--,28,58548,中性盘
10:35:00,20.93,+0.29%,+0.02,7,14651,买盘
10:35:03,20.92,+0.24%,-0.01,14,29288,中性盘
10:35:06,20.89,+0.10%,-0.03,61,127429,卖盘
10:35:09,20.89,+0.10%,--,22,45958,卖盘
10:35:12,20.89,+0.10%,--,9,18801,卖盘
10:35:15,20.91,+0.19%,+0.02,16,33456,买盘
10:35:18,20.89,+0.10%,-0.02,22,45958,卖盘
10:35:21,20.89,+0.10%,--,5,10445,买盘
10:35:24,20.9,+0.14%,+0.01,10,20900,买盘
10:35:27,20.89,+0.10%,-0.01,63,131607,卖盘
10:35:33,20.89,+0.10%,--,65,135785,买盘
10:35:36,20.88,+0.05%,-0.01,69,144072,卖盘
10:35:39,20.88,+0.05%,--,81,169128,卖盘
10:35:45,20.88,+0.05%,--,67,139896,卖盘
10:35:48,20.91,+0.19%,+0.03,23,48093,买盘
10:35:51,20.9,+0.14%,-0.01,16,33440,卖盘
10:36:03,20.9,+0.14%,--,25,52250,买盘
10:36:06,20.9,+0.14%,--,7,14630,卖盘
10:36:09,20.91,+0.19%,+0.01,41,85731,买盘
10:36:21,20.9,+0.14%,-0.01,24,50160,卖盘
10:36:36,20.89,+0.10%,--,6,12534,卖盘
10:36:39,20.88,+0.05%,-0.01,4,8352,卖盘
10:36:42,20.88,+0.05%,--,4,8352,卖盘
10:36:48,20.88,+0.05%,--,3,6264,卖盘
10:36:51,20.88,+0.05%,--,70,146160,卖盘
10:36:57,20.88,+0.05%,--,10,20880,卖盘
10:37:09,20.88,+0.05%,--,85,177480,买盘
10:37:12,20.87,0.00%,-0.01,2,4174,卖盘
10:37:33,20.87,0.00%,--,18,37566,卖盘
10:37:39,20.87,0.00%,-0.01,7,14609,卖盘
10:37:39,20.87,0.00%,--,7,14609,中性盘
10:37:48,20.87,0.00%,--,30,62610,卖盘
10:37:54,20.87,0.00%,--,55,114785,卖盘
10:38:09,20.86,-0.05%,-0.01,33,68838,卖盘
10:38:18,20.87,0.00%,+0.01,1,2087,买盘
10:38:21,20.87,0.00%,--,39,81393,买盘
10:38:27,20.87,0.00%,--,5,10435,买盘
10:38:30,20.86,-0.05%,-0.01,1,2086,卖盘
10:38:33,20.87,0.00%,+0.01,5,10435,买盘
10:38:39,20.87,0.00%,--,11,22957,买盘
10:38:45,20.86,-0.05%,-0.01,84,175224,卖盘
10:38:48,20.85,-0.10%,-0.01,12,25020,卖盘
10:38:51,20.85,-0.10%,--,1,2085,卖盘
10:38:54,20.85,-0.10%,--,36,75060,卖盘
10:38:57,20.85,-0.10%,--,61,127185,卖盘
10:39:00,20.86,-0.05%,+0.01,56,116816,买盘
10:39:03,20.87,0.00%,+0.01,104,217048,买盘
10:39:06,20.87,0.00%,--,13,27131,卖盘
10:39:12,20.87,0.00%,--,28,58436,卖盘
10:39:15,20.86,-0.05%,-0.01,12,25032,卖盘
10:39:18,20.86,-0.05%,--,16,33376,卖盘
10:39:21,20.87,0.00%,+0.01,3,6261,买盘
10:39:27,20.87,0.00%,--,113,235831,买盘
10:39:33,20.87,0.00%,--,25,52175,卖盘
10:39:39,20.87,0.00%,--,29,60523,卖盘
10:39:42,20.85,-0.10%,-0.02,283,590305,卖盘
10:39:45,20.87,0.00%,+0.02,34,70958,卖盘
10:39:54,20.88,+0.05%,--,8,16704,买盘
10:39:57,20.87,0.00%,-0.01,64,133568,卖盘
10:40:03,20.88,+0.05%,+0.01,23,48024,中性盘
10:40:09,20.88,+0.05%,--,43,89784,买盘
10:40:12,20.89,+0.10%,+0.01,14,29246,中性盘
10:40:15,20.92,+0.24%,+0.03,5,10460,买盘
10:40:18,20.93,+0.29%,+0.01,39,81627,买盘
10:40:21,20.9,+0.14%,-0.03,14,29260,买盘
10:40:27,20.89,+0.10%,-0.01,25,52225,卖盘
10:40:30,20.91,+0.19%,+0.02,14,29274,买盘
10:40:33,20.89,+0.10%,-0.02,2,4178,买盘
10:40:39,20.88,+0.05%,-0.01,28,58464,卖盘
10:40:45,20.87,0.00%,-0.01,17,35479,卖盘
10:40:48,20.87,0.00%,--,46,96002,卖盘
10:41:00,20.88,+0.05%,+0.01,1,2088,买盘
10:41:03,20.87,0.00%,-0.01,76,158612,卖盘
10:41:06,20.87,0.00%,--,5,10435,中性盘
10:41:15,20.87,0.00%,--,10,20870,买盘
10:41:18,20.87,0.00%,--,8,16696,买盘
10:41:21,20.87,0.00%,--,6,12522,买盘
10:41:24,20.87,0.00%,--,1,2087,卖盘
10:41:33,20.87,0.00%,--,3,6261,中性盘
10:41:33,20.87,0.00%,--,3,6261,卖盘
10:41:36,20.87,0.00%,--,2,4174,卖盘
10:41:39,20.87,0.00%,--,10,20870,卖盘
10:41:45,20.88,+0.05%,+0.01,2,4176,买盘
10:41:51,20.88,+0.05%,--,12,25056,买盘
10:41:57,20.87,0.00%,-0.01,1,2087,卖盘
10:42:03,20.87,0.00%,--,20,41740,卖盘
10:42:06,20.88,+0.05%,+0.01,42,87696,买盘
10:42:09,20.88,+0.05%,--,55,114840,买盘
10:42:15,20.91,+0.19%,+0.01,70,146370,买盘
10:42:24,20.91,+0.19%,+0.01,23,48093,买盘
10:42:27,20.9,+0.14%,-0.01,37,77330,卖盘
10:42:33,20.9,+0.14%,--,25,52250,卖盘
10:42:36,20.93,+0.29%,+0.03,26,54418,买盘
10:42:39,20.91,+0.19%,-0.02,62,129642,卖盘
10:42:45,20.91,+0.19%,--,3,6273,买盘
10:42:48,20.9,+0.14%,-0.01,30,62700,卖盘
10:42:51,20.91,+0.19%,+0.01,51,106641,买盘
10:42:54,20.91,+0.19%,--,1,2091,买盘
10:43:00,20.91,+0.19%,--,5,10455,买盘
10:43:03,20.91,+0.19%,--,10,20910,买盘
10:43:06,20.91,+0.19%,--,86,179826,买盘
10:43:09,20.92,+0.24%,+0.01,9,18828,买盘
10:43:12,20.91,+0.19%,-0.01,4,8364,卖盘
10:43:21,20.92,+0.24%,+0.01,125,261500,卖盘
10:43:27,20.91,+0.19%,--,56,117096,卖盘
10:43:30,20.91,+0.19%,--,12,25092,卖盘
10:43:36,20.91,+0.19%,--,16,33456,卖盘
10:43:39,20.9,+0.14%,-0.01,56,117040,卖盘
10:43:42,20.91,+0.19%,+0.01,171,357561,买盘
10:43:45,20.91,+0.19%,--,16,33456,中性盘
10:43:54,20.9,+0.14%,--,5,10450,卖盘
10:44:03,20.9,+0.14%,--,10,20900,买盘
10:44:06,20.9,+0.14%,--,1,2090,买盘
10:44:09,20.9,+0.14%,--,13,27170,买盘
10:44:15,20.89,+0.10%,-0.01,16,33424,卖盘
10:44:18,20.9,+0.14%,+0.01,14,29260,买盘
10:44:21,20.9,+0.14%,--,16,33440,买盘
10:44:27,20.89,+0.10%,-0.01,30,62670,卖盘
10:44:36,20.9,+0.14%,+0.01,7,14630,买盘
10:44:48,20.9,+0.14%,--,24,50160,卖盘
10:44:51,20.91,+0.19%,+0.01,5,10455,买盘
10:44:57,20.89,+0.10%,-0.02,19,39691,卖盘
10:45:03,20.9,+0.14%,+0.01,74,154660,买盘
10:45:09,20.9,+0.14%,--,20,41800,买盘
10:45:12,20.88,+0.05%,-0.02,32,66816,卖盘
10:45:15,20.9,+0.14%,+0.02,13,27170,买盘
10:45:21,20.9,+0.14%,--,2,4180,中性盘
10:45:24,20.91,+0.19%,+0.01,8,16728,中性盘
10:45:33,20.9,+0.14%,--,17,35530,买盘
10:45:51,20.89,+0.10%,-0.01,9,18801,卖盘
10:45:54,20.89,+0.10%,--,12,25068,卖盘
10:45:57,20.9,+0.14%,+0.01,96,200640,中性盘
10:46:06,20.9,+0.14%,--,38,79420,卖盘
10:46:18,20.92,+0.24%,+0.02,60,125520,买盘
10:46:21,20.9,+0.14%,-0.02,4,8360,卖盘
10:46:27,20.93,+0.29%,+0.03,45,94185,买盘
10:46:30,20.92,+0.24%,-0.01,10,20920,买盘
10:46:33,20.89,+0.10%,-0.03,22,45958,卖盘
10:46:36,20.91,+0.19%,+0.02,19,39729,买盘
10:46:39,20.91,+0.19%,--,23,48093,买盘
10:46:54,20.92,+0.24%,+0.02,6,12552,买盘
10:46:57,20.91,+0.19%,-0.01,14,29274,卖盘
10:47:00,20.9,+0.14%,-0.01,22,45980,卖盘
10:47:06,20.89,+0.10%,-0.01,4,8356,卖盘
10:47:09,20.91,+0.19%,+0.02,18,37638,买盘
10:47:12,20.9,+0.14%,-0.01,3,6270,卖盘
10:47:15,20.91,+0.19%,+0.01,7,14637,买盘
10:47:18,20.9,+0.14%,-0.01,11,22990,卖盘
10:47:24,20.9,+0.14%,--,42,87780,卖盘
10:47:30,20.9,+0.14%,+0.01,47,98230,买盘
10:47:33,20.9,+0.14%,--,34,71060,买盘
10:47:36,20.9,+0.14%,--,7,14630,买盘
10:47:39,20.89,+0.10%,-0.01,3,6267,卖盘
10:47:42,20.89,+0.10%,--,3,6267,卖盘
10:47:45,20.9,+0.14%,+0.01,8,16720,买盘
10:47:48,20.9,+0.14%,--,117,244530,买盘
10:47:51,20.89,+0.10%,-0.01,6,12534,卖盘
10:47:54,20.89,+0.10%,--,2,4178,卖盘
10:47:57,20.9,+0.14%,+0.01,5,10450,买盘
10:48:00,20.89,+0.10%,-0.01,18,37602,卖盘
10:48:03,20.89,+0.10%,--,28,58492,卖盘
10:48:06,20.9,+0.14%,+0.01,16,33440,买盘
10:48:09,20.9,+0.14%,--,68,142120,买盘
10:48:12,20.91,+0.19%,+0.01,76,158916,买盘
10:48:15,20.91,+0.19%,--,16,33456,买盘
10:48:21,20.92,+0.24%,+0.01,77,161084,买盘
10:48:24,20.92,+0.24%,--,13,27196,买盘
10:48:27,20.92,+0.24%,--,5,10460,买盘
10:48:30,20.92,+0.24%,--,18,37656,买盘
10:48:33,20.9,+0.14%,-0.02,3,6270,卖盘
10:48:36,20.9,+0.14%,--,12,25080,卖盘
10:48:39,20.91,+0.19%,+0.01,2,4182,卖盘
10:48:42,20.91,+0.19%,--,2,4182,卖盘
10:48:48,20.9,+0.14%,-0.01,7,14630,卖盘
10:48:51,20.92,+0.24%,+0.02,8,16736,买盘
10:48:54,20.91,+0.19%,-0.01,3,6273,卖盘
10:49:00,20.91,+0.19%,--,6,12546,卖盘
10:49:03,20.91,+0.19%,--,5,10455,卖盘
10:49:12,20.92,+0.24%,+0.01,18,37656,买盘
10:49:12,20.92,+0.24%,-0.01,18,37656,中性盘
10:49:15,20.91,+0.19%,-0.01,37,77367,卖盘
10:49:18,20.92,+0.24%,+0.01,3,6276,中性盘
10:49:21,20.93,+0.29%,+0.01,13,27209,买盘
10:49:24,20.92,+0.24%,-0.01,8,16736,卖盘
10:49:27,20.92,+0.24%,--,61,127612,卖盘
10:49:33,20.93,+0.29%,+0.01,14,29302,买盘
10:49:36,20.93,+0.29%,--,31,64883,买盘
10:49:42,20.94,+0.34%,+0.01,38,79572,买盘
10:49:45,20.94,+0.34%,--,106,221964,买盘
10:49:48,20.95,+0.38%,+0.01,21,43995,买盘
10:49:51,20.96,+0.43%,+0.01,4,8384,中性盘
10:49:54,20.95,+0.38%,-0.01,49,102655,卖盘
10:49:57,20.95,+0.38%,--,186,389670,卖盘
10:50:03,20.95,+0.38%,--,53,111035,卖盘
10:50:06,20.94,+0.34%,-0.01,254,531876,卖盘
10:50:09,20.93,+0.29%,-0.01,36,75348,卖盘
10:50:12,20.95,+0.38%,+0.02,13,27235,买盘
10:50:15,20.94,+0.34%,-0.01,195,408330,中性盘
10:50:18,20.92,+0.24%,-0.02,97,202924,卖盘
10:50:24,20.92,+0.24%,--,2,4184,卖盘
10:50:39,20.94,+0.34%,+0.02,78,163332,买盘
10:50:42,20.92,+0.24%,-0.02,13,27196,卖盘
10:50:51,20.91,+0.19%,-0.01,36,75276,卖盘
10:50:54,20.91,+0.19%,--,11,23001,卖盘
10:50:57,20.91,+0.19%,--,1,2091,卖盘
10:51:00,20.93,+0.29%,+0.02,8,16744,买盘
10:51:03,20.9,+0.14%,-0.03,18,37620,卖盘
10:51:06,20.9,+0.14%,--,8,16720,卖盘
10:51:15,20.9,+0.14%,--,11,22990,卖盘
10:51:21,20.92,+0.24%,+0.02,3,6276,买盘
10:51:24,20.92,+0.24%,--,7,14644,买盘
10:51:30,20.91,+0.19%,-0.01,5,10455,卖盘
10:51:33,20.92,+0.24%,+0.01,11,23012,买盘
10:51:36,20.92,+0.24%,--,40,83680,买盘
10:51:45,20.92,+0.24%,-0.01,6,12552,卖盘
10:51:51,20.93,+0.29%,+0.01,12,25116,买盘
10:51:54,20.93,+0.29%,--,30,62790,买盘
10:51:57,20.93,+0.29%,--,10,20930,卖盘
10:52:03,20.93,+0.29%,+0.01,49,102557,买盘
10:52:06,20.93,+0.29%,--,49,102557,买盘
10:52:18,20.91,+0.19%,--,48,100368,卖盘
10:52:21,20.9,+0.14%,-0.01,4,8360,卖盘
10:52:24,20.89,+0.10%,-0.01,40,83560,卖盘
10:52:30,20.93,+0.29%,+0.04,8,16744,买盘
10:52:33,20.89,+0.10%,-0.04,4,8356,卖盘
10:52:36,20.93,+0.29%,+0.04,11,23023,买盘
10:52:39,20.89,+0.10%,-0.04,3,6267,卖盘
10:52:42,20.9,+0.14%,+0.01,12,25080,卖盘
10:52:45,20.89,+0.10%,-0.01,14,29246,卖盘
10:52:51,20.93,+0.29%,+0.04,13,27209,买盘
10:52:54,20.92,+0.24%,-0.01,37,77404,卖盘
10:53:00,20.93,+0.29%,-0.03,11,23023,中性盘
10:53:03,20.9,+0.14%,-0.03,106,221540,卖盘
10:53:06,20.93,+0.29%,+0.03,8,16744,买盘
10:53:09,20.93,+0.29%,--,10,20930,买盘
10:53:12,20.93,+0.29%,--,15,31395,买盘
10:53:18,20.93,+0.29%,+0.02,9,18837,买盘
10:53:21,20.91,+0.19%,-0.02,4,8364,卖盘
10:53:24,20.93,+0.29%,+0.02,18,37674,买盘
10:53:27,20.94,+0.34%,+0.01,33,69102,买盘
10:53:30,20.93,+0.29%,-0.01,3,6279,中性盘
10:53:36,20.92,+0.24%,--,10,20920,卖盘
10:53:42,20.92,+0.24%,--,12,25104,卖盘
10:53:57,20.91,+0.19%,-0.01,58,121278,卖盘
10:54:00,20.91,+0.19%,--,9,18819,卖盘
10:54:03,20.9,+0.14%,-0.01,78,163020,卖盘
10:54:09,20.92,+0.24%,+0.02,16,33472,买盘
10:54:12,20.9,+0.14%,-0.02,6,12540,卖盘
10:54:18,20.9,+0.14%,--,9,18810,卖盘
10:54:21,20.92,+0.24%,+0.02,4,8368,买盘
10:54:27,20.9,+0.14%,-0.02,14,29260,卖盘
10:54:42,20.9,+0.14%,--,15,31350,卖盘
10:54:48,20.9,+0.14%,--,10,20900,卖盘
10:54:54,20.9,+0.14%,--,13,27170,卖盘
10:54:57,20.9,+0.14%,--,85,177650,卖盘
10:55:06,20.91,+0.19%,+0.01,7,14637,卖盘
10:55:12,20.91,+0.19%,--,7,14637,卖盘
10:55:15,20.93,+0.29%,+0.02,11,23023,买盘
10:55:18,20.91,+0.19%,-0.02,3,6273,卖盘
10:55:24,20.91,+0.19%,--,13,27183,卖盘
10:55:27,20.91,+0.19%,--,14,29274,卖盘
10:55:30,20.91,+0.19%,--,3,6273,卖盘
10:55:33,20.91,+0.19%,--,23,48093,卖盘
10:55:39,20.92,+0.24%,+0.01,4,8368,中性盘
10:55:42,20.93,+0.29%,+0.01,7,14651,买盘
10:55:45,20.93,+0.29%,--,5,10465,买盘
10:55:48,20.92,+0.24%,-0.01,7,14644,卖盘
10:55:54,20.92,+0.24%,-0.01,39,81588,卖盘
10:55:57,20.92,+0.24%,--,6,12552,卖盘
10:56:00,20.93,+0.29%,+0.01,83,173719,买盘
10:56:03,20.93,+0.29%,--,39,81627,买盘
10:56:06,20.93,+0.29%,--,64,133952,买盘
10:56:09,20.92,+0.24%,-0.01,14,29288,卖盘
10:56:12,20.93,+0.29%,+0.01,16,33488,买盘
10:56:15,20.93,+0.29%,--,22,46046,卖盘
10:56:18,20.92,+0.24%,-0.01,4,8368,卖盘
10:56:21,20.93,+0.29%,+0.01,22,46046,买盘
10:56:24,20.92,+0.24%,-0.01,3,6276,卖盘
10:56:27,20.93,+0.29%,+0.01,8,16744,买盘
10:56:30,20.93,+0.29%,--,6,12558,卖盘
10:56:33,20.93,+0.29%,--,3,6279,卖盘
10:56:36,20.94,+0.34%,+0.01,99,207306,买盘
10:56:39,20.94,+0.34%,--,9,18846,买盘
10:56:42,20.92,+0.24%,-0.02,3,6276,卖盘
10:56:48,20.92,+0.24%,--,4,8368,卖盘
10:56:51,20.92,+0.24%,--,3,6276,中性盘
10:56:54,20.92,+0.24%,--,3,6276,卖盘
10:56:57,20.92,+0.24%,--,7,14644,卖盘
10:57:00,20.93,+0.29%,+0.01,3,6279,卖盘
10:57:03,20.93,+0.29%,--,13,27209,卖盘
10:57:06,20.94,+0.34%,+0.01,10,20940,买盘
10:57:09,20.93,+0.29%,-0.01,3,6279,卖盘
10:57:12,20.94,+0.34%,+0.01,4,8376,买盘
10:57:18,20.94,+0.34%,--,4,8376,卖盘
10:57:21,20.95,+0.38%,+0.01,24,50280,买盘
10:57:24,20.95,+0.38%,--,13,27235,买盘
10:57:27,20.95,+0.38%,--,108,226260,买盘
10:57:30,20.95,+0.38%,--,29,60755,卖盘
10:57:36,20.96,+0.43%,+0.01,35,73360,买盘
10:57:39,20.95,+0.38%,-0.01,32,67040,卖盘
10:57:42,20.95,+0.38%,--,63,131985,卖盘
10:57:45,20.95,+0.38%,--,26,54470,买盘
10:57:48,20.96,+0.43%,+0.01,9,18864,买盘
10:57:51,20.94,+0.34%,-0.02,19,39786,卖盘
10:57:54,20.95,+0.38%,+0.01,13,27235,买盘
10:57:57,20.94,+0.34%,-0.01,4,8376,卖盘
10:58:00,20.96,+0.43%,+0.02,5,10480,买盘
10:58:03,20.96,+0.43%,--,50,104800,卖盘
10:58:06,20.96,+0.43%,--,4,8384,卖盘
10:58:09,20.97,+0.48%,+0.01,44,92268,买盘
10:58:12,20.95,+0.38%,-0.02,18,37710,卖盘
10:58:15,20.97,+0.48%,+0.02,43,90171,买盘
10:58:18,20.95,+0.38%,-0.02,3,6285,卖盘
10:58:21,20.95,+0.38%,--,5,10475,卖盘
10:58:27,20.98,+0.53%,+0.03,33,69234,买盘
10:58:36,20.96,+0.43%,-0.02,4,8384,卖盘
10:58:39,20.97,+0.48%,+0.01,9,18873,卖盘
10:58:42,20.98,+0.53%,+0.01,8,16784,买盘
10:58:45,20.96,+0.43%,-0.02,16,33536,卖盘
10:58:48,20.98,+0.53%,+0.02,21,44058,买盘
10:58:54,20.96,+0.43%,-0.02,59,123664,卖盘
10:58:57,20.98,+0.53%,+0.02,18,37764,买盘
10:59:00,20.98,+0.53%,--,26,54548,买盘
10:59:03,20.96,+0.43%,-0.02,3,6288,卖盘
10:59:06,20.98,+0.53%,+0.02,17,35666,买盘
10:59:09,20.98,+0.53%,--,18,37764,卖盘
10:59:12,21.0,+0.62%,+0.02,159,333900,买盘
10:59:15,21.04,+0.81%,+0.04,176,370304,买盘
10:59:18,21.01,+0.67%,-0.03,4,8404,卖盘
10:59:21,21.01,+0.67%,--,3,6303,卖盘
10:59:24,21.01,+0.67%,--,27,56727,卖盘
10:59:27,21.0,+0.62%,-0.01,24,50400,卖盘
10:59:33,21.0,+0.62%,--,66,138600,卖盘
10:59:36,21.03,+0.77%,+0.03,21,44163,买盘
10:59:39,21.0,+0.62%,-0.03,3,6300,卖盘
10:59:48,21.03,+0.77%,+0.03,23,48369,买盘
10:59:51,21.05,+0.86%,+0.02,361,759905,买盘
10:59:54,21.03,+0.77%,-0.02,27,56781,中性盘
10:59:57,21.05,+0.86%,+0.02,3,6315,中性盘
11:00:03,21.06,+0.91%,+0.01,17,35802,买盘
11:00:06,21.05,+0.86%,-0.01,84,176820,卖盘
11:00:09,21.05,+0.86%,--,9,18945,买盘
11:00:12,21.04,+0.81%,-0.01,16,33664,卖盘
11:00:15,21.06,+0.91%,+0.02,22,46332,买盘
11:00:18,21.03,+0.77%,-0.03,97,203991,卖盘
11:00:24,21.02,+0.72%,-0.02,1,2102,中性盘
11:00:27,21.01,+0.67%,-0.01,4,8404,卖盘
11:00:33,21.01,+0.67%,--,32,67232,卖盘
11:00:36,21.02,+0.72%,+0.01,10,21020,中性盘
11:00:39,21.03,+0.77%,+0.01,1,2103,买盘
11:00:42,21.01,+0.67%,-0.02,5,10505,卖盘
11:00:42,21.01,+0.67%,--,5,10505,中性盘
11:00:45,21.03,+0.77%,+0.02,19,39957,买盘
11:00:48,21.03,+0.77%,--,1,2103,买盘
11:00:51,21.03,+0.77%,--,4,8412,买盘
11:01:00,21.03,+0.77%,--,15,31545,买盘
11:01:03,21.03,+0.77%,--,63,132489,买盘
11:01:09,21.04,+0.81%,+0.01,7,14728,买盘
11:01:18,21.05,+0.86%,+0.01,3,6315,买盘
11:01:24,21.03,+0.77%,-0.02,20,42060,卖盘
11:01:27,21.04,+0.81%,+0.01,32,67328,买盘
11:01:30,21.03,+0.77%,-0.01,6,12618,买盘
11:01:33,21.03,+0.77%,--,158,332274,卖盘
11:01:36,21.03,+0.77%,--,44,92532,卖盘
11:01:39,21.04,+0.81%,+0.01,59,124136,卖盘
11:01:42,21.05,+0.86%,+0.01,4,8420,买盘
11:01:45,21.08,+1.01%,+0.03,228,480624,买盘
11:01:48,21.08,+1.01%,--,141,297228,买盘
11:01:54,21.1,+1.10%,+0.02,171,360810,买盘
11:01:57,21.09,+1.05%,-0.01,5,10545,中性盘
11:02:03,21.09,+1.05%,--,3,6327,中性盘
11:02:06,21.1,+1.10%,+0.01,1,2110,买盘
11:02:09,21.1,+1.10%,--,73,154030,卖盘
11:02:12,21.1,+1.10%,--,10,21100,卖盘
11:02:15,21.09,+1.05%,-0.01,10,21090,卖盘
11:02:24,21.1,+1.10%,+0.01,13,27430,买盘
11:02:27,21.1,+1.10%,--,28,59080,买盘
11:02:30,21.1,+1.10%,--,63,132930,卖盘
11:02:33,21.1,+1.10%,--,6,12660,买盘
11:02:36,21.1,+1.10%,--,35,73850,买盘
11:02:39,21.09,+1.05%,-0.01,5,10545,卖盘
11:02:42,21.08,+1.01%,-0.01,18,37944,卖盘
11:02:45,21.08,+1.01%,--,10,21080,中性盘
11:02:48,21.09,+1.05%,+0.01,5,10545,买盘
11:02:51,21.09,+1.05%,--,27,56943,买盘
11:02:54,21.11,+1.15%,+0.02,74,156214,买盘
11:03:00,21.11,+1.15%,--,6,12666,买盘
11:03:03,21.09,+1.05%,-0.02,83,175047,卖盘
11:03:06,21.08,+1.01%,-0.01,11,23188,卖盘
11:03:09,21.07,+0.96%,-0.01,7,14749,卖盘
11:03:21,21.08,+1.01%,+0.01,15,31620,卖盘
11:03:24,21.11,+1.15%,+0.03,29,61219,买盘
11:03:27,21.07,+0.96%,-0.04,4,8428,卖盘
11:03:30,21.07,+0.96%,--,20,42140,卖盘
11:03:33,21.07,+0.96%,--,3,6321,中性盘
11:03:36,21.07,+0.96%,--,6,12642,卖盘
11:03:42,21.12,+1.20%,+0.05,367,775104,买盘
11:03:45,21.09,+1.05%,-0.03,106,223554,卖盘
11:03:48,21.16,+1.39%,+0.07,132,279312,买盘
11:03:51,21.13,+1.25%,-0.03,22,46486,中性盘
11:03:54,21.15,+1.34%,+0.02,1,2115,中性盘
11:03:57,21.17,+1.44%,+0.02,22,46574,买盘
11:04:00,21.15,+1.34%,-0.02,13,27495,卖盘
11:04:03,21.17,+1.44%,+0.02,42,88914,买盘
11:04:06,21.14,+1.29%,-0.03,9,19026,卖盘
11:04:09,21.14,+1.29%,--,9,19026,卖盘
11:04:12,21.15,+1.34%,+0.01,19,40185,中性盘
11:04:15,21.16,+1.39%,+0.01,38,80408,买盘
11:04:18,21.15,+1.34%,-0.01,12,25380,中性盘
11:04:21,21.16,+1.39%,+0.01,42,88872,买盘
11:04:24,21.15,+1.34%,-0.01,8,16920,中性盘
11:04:27,21.15,+1.34%,--,46,97290,买盘
11:04:30,21.14,+1.29%,-0.01,5,10570,卖盘
11:04:30,21.14,+1.29%,--,5,10570,中性盘
11:04:33,21.14,+1.29%,--,18,38052,卖盘
11:04:36,21.15,+1.34%,+0.01,2,4230,买盘
11:04:48,21.15,+1.34%,--,35,74025,卖盘
11:04:51,21.15,+1.34%,--,24,50760,卖盘
11:04:57,21.15,+1.34%,--,73,154395,买盘
11:05:00,21.14,+1.29%,-0.01,11,23254,卖盘
11:05:03,21.15,+1.34%,+0.01,16,33840,中性盘
11:05:06,21.15,+1.34%,--,16,33840,卖盘
11:05:09,21.15,+1.34%,--,21,44415,卖盘
11:05:12,21.15,+1.34%,--,79,167085,买盘
11:05:15,21.15,+1.34%,--,11,23265,买盘
11:05:18,21.15,+1.34%,--,15,31725,卖盘
11:05:21,21.17,+1.44%,+0.02,3,6351,买盘
11:05:24,21.16,+1.39%,-0.01,16,33856,卖盘
11:05:30,21.16,+1.39%,--,1,2116,中性盘
11:05:33,21.16,+1.39%,--,23,48668,买盘
11:05:36,21.16,+1.39%,--,11,23276,买盘
11:05:42,21.15,+1.34%,-0.01,27,57105,卖盘
11:05:48,21.16,+1.39%,+0.01,59,124844,买盘
11:05:51,21.17,+1.44%,+0.01,63,133371,买盘
11:05:57,21.18,+1.49%,+0.01,37,78366,买盘
11:06:00,21.17,+1.44%,-0.01,1,2117,卖盘
11:06:03,21.17,+1.44%,--,84,177828,卖盘
11:06:06,21.18,+1.49%,+0.01,10,21180,卖盘
11:06:09,21.18,+1.49%,--,17,36006,买盘
11:06:12,21.19,+1.53%,+0.01,199,421681,买盘
11:06:15,21.2,+1.58%,+0.01,225,477000,买盘
11:06:18,21.19,+1.53%,-0.01,1,2119,买盘
11:06:21,21.19,+1.53%,--,779,1650701,买盘
11:06:24,21.2,+1.58%,+0.01,437,926440,买盘
11:06:27,21.19,+1.53%,-0.01,38,80522,卖盘
11:06:30,21.2,+1.58%,+0.01,504,1068480,买盘
11:06:33,21.2,+1.58%,--,55,116600,买盘
11:06:36,21.21,+1.63%,+0.01,1085,2301285,买盘
11:06:39,21.24,+1.77%,+0.03,8,16992,买盘
11:06:42,21.25,+1.82%,+0.01,69,146625,买盘
11:06:48,21.24,+1.77%,-0.01,4,8496,中性盘
11:06:51,21.26,+1.87%,+0.02,79,167954,买盘
11:06:54,21.26,+1.87%,--,32,68032,买盘
11:06:57,21.27,+1.92%,+0.01,196,416892,买盘
11:07:00,21.27,+1.92%,--,32,68064,买盘
11:07:03,21.26,+1.87%,-0.01,105,223230,卖盘
11:07:06,21.26,+1.87%,--,16,34016,卖盘
11:07:09,21.26,+1.87%,--,5,10630,卖盘
11:07:12,21.26,+1.87%,--,46,97796,卖盘
11:07:21,21.2,+1.58%,-0.06,355,752600,卖盘
11:07:27,21.18,+1.49%,-0.02,52,110136,卖盘
11:07:30,21.22,+1.68%,+0.04,37,78514,买盘
11:07:39,21.18,+1.49%,-0.04,9,19062,卖盘
11:07:42,21.18,+1.49%,--,1,2118,卖盘
11:07:48,21.18,+1.49%,--,25,52950,卖盘
11:07:54,21.18,+1.49%,--,4,8472,卖盘
11:08:00,21.19,+1.53%,+0.01,10,21190,买盘
11:08:03,21.18,+1.49%,-0.01,22,46596,卖盘
11:08:06,21.18,+1.49%,--,2,4236,买盘
11:08:12,21.18,+1.49%,--,61,129198,买盘
11:08:15,21.18,+1.49%,--,5,10590,买盘
11:08:18,21.17,+1.44%,-0.01,4,8468,买盘
11:08:21,21.17,+1.44%,--,3,6351,中性盘
11:08:21,21.17,+1.44%,--,3,6351,买盘
11:08:24,21.16,+1.39%,-0.01,2,4232,卖盘
11:08:27,21.17,+1.44%,+0.01,13,27521,买盘
11:08:30,21.16,+1.39%,-0.01,10,21160,卖盘
11:08:33,21.17,+1.44%,+0.01,7,14819,买盘
11:08:36,21.17,+1.44%,--,30,63510,买盘
11:08:39,21.16,+1.39%,-0.01,25,52900,卖盘
11:08:51,21.17,+1.44%,+0.01,1,2117,中性盘
11:08:54,21.17,+1.44%,--,8,16936,卖盘
11:08:57,21.18,+1.49%,+0.01,52,110136,买盘
11:09:03,21.18,+1.49%,--,10,21180,买盘
11:09:06,21.17,+1.44%,-0.01,73,154541,卖盘
11:09:15,21.2,+1.58%,+0.03,37,78440,买盘
11:09:21,21.2,+1.58%,--,25,53000,买盘
11:09:24,21.19,+1.53%,-0.01,6,12714,卖盘
11:09:27,21.19,+1.53%,--,9,19071,买盘
11:09:30,21.2,+1.58%,+0.01,1,2120,卖盘
11:09:36,21.2,+1.58%,--,4,8480,买盘
11:09:42,21.21,+1.63%,+0.01,13,27573,买盘
11:09:51,21.2,+1.58%,-0.01,6,12720,买盘
11:09:54,21.19,+1.53%,-0.01,4,8476,卖盘
11:09:57,21.2,+1.58%,+0.01,3,6360,买盘
11:10:03,21.21,+1.63%,+0.01,4,8484,买盘
11:10:15,21.2,+1.58%,-0.01,51,108120,中性盘
11:10:18,21.2,+1.58%,--,34,72080,买盘
11:10:21,21.2,+1.58%,--,19,40280,卖盘
11:10:30,21.2,+1.58%,--,10,21200,卖盘
11:10:39,21.2,+1.58%,-0.02,13,27560,中性盘
11:10:45,21.22,+1.68%,+0.02,15,31830,买盘
11:10:48,21.2,+1.58%,-0.02,8,16960,卖盘
11:10:54,21.22,+1.68%,+0.02,3,6366,买盘
11:10:57,21.22,+1.68%,--,113,239786,买盘
11:11:06,21.21,+1.63%,-0.01,4,8484,中性盘
11:11:09,21.21,+1.63%,--,1,2121,卖盘
11:11:15,21.2,+1.58%,-0.01,54,114480,中性盘
11:11:18,21.2,+1.58%,--,178,377360,卖盘
11:11:24,21.2,+1.58%,--,42,89040,买盘
11:11:27,21.18,+1.49%,-0.02,45,95310,卖盘
11:11:33,21.18,+1.49%,--,20,42360,买盘
11:11:36,21.17,+1.44%,-0.01,16,33872,卖盘
11:11:39,21.16,+1.39%,-0.01,30,63480,卖盘
11:11:42,21.17,+1.44%,+0.01,11,23287,卖盘
11:11:48,21.17,+1.44%,--,56,118552,买盘
11:11:51,21.17,+1.44%,--,2,4234,卖盘
11:11:54,21.17,+1.44%,--,97,205349,卖盘
11:12:00,21.17,+1.44%,--,397,840449,卖盘
11:12:03,21.18,+1.49%,+0.01,8,16944,买盘
11:12:06,21.17,+1.44%,-0.01,11,23287,卖盘
11:12:09,21.17,+1.44%,--,47,99499,买盘
11:19:45,21.31,+2.11%,--,235,500785,中性盘
11:19:51,21.31,+2.11%,--,133,283423,卖盘
11:19:54,21.31,+2.11%,--,10,21310,卖盘
11:19:57,21.32,+2.16%,+0.01,5,10660,卖盘
11:20:00,21.32,+2.16%,--,1,2132,卖盘
11:20:03,21.32,+2.16%,--,10,21320,卖盘
11:20:06,21.33,+2.20%,+0.01,1,2133,买盘
11:20:09,21.31,+2.11%,-0.02,86,183266,卖盘
11:20:12,21.32,+2.16%,+0.01,16,34112,买盘
11:20:18,21.32,+2.16%,--,17,36244,买盘
11:20:21,21.29,+2.01%,-0.03,4,8516,卖盘
11:20:24,21.29,+2.01%,--,1,2129,卖盘
11:20:30,21.29,+2.01%,--,11,23419,卖盘
11:20:33,21.28,+1.96%,-0.01,181,385168,卖盘
11:20:36,21.27,+1.92%,-0.01,5,10635,中性盘
11:20:39,21.29,+2.01%,+0.02,15,31935,买盘
11:20:42,21.26,+1.87%,-0.03,10,21260,卖盘
11:20:45,21.29,+2.01%,+0.03,60,127740,买盘
11:20:48,21.26,+1.87%,-0.03,97,206222,卖盘
11:20:51,21.26,+1.87%,--,123,261498,买盘
11:20:54,21.27,+1.92%,+0.01,31,65937,卖盘
11:21:00,21.28,+1.96%,+0.01,17,36176,买盘
11:21:03,21.27,+1.92%,-0.01,9,19143,卖盘
11:21:06,21.26,+1.87%,-0.01,15,31890,卖盘
11:21:09,21.26,+1.87%,--,5,10630,买盘
11:21:12,21.25,+1.82%,-0.01,18,38250,卖盘
11:21:15,21.26,+1.87%,+0.01,15,31890,买盘
11:21:18,21.25,+1.82%,-0.01,96,204000,卖盘
11:21:21,21.25,+1.82%,--,71,150875,卖盘
11:21:24,21.25,+1.82%,--,20,42500,卖盘
11:21:27,21.25,+1.82%,--,46,97750,卖盘
11:21:30,21.25,+1.82%,--,30,63750,卖盘
11:21:33,21.25,+1.82%,--,4,8500,卖盘
11:21:36,21.25,+1.82%,--,123,261375,卖盘
11:21:39,21.25,+1.82%,--,15,31875,卖盘
11:21:42,21.26,+1.87%,+0.01,93,197718,买盘
11:21:45,21.26,+1.87%,--,1,2126,买盘
11:21:48,21.25,+1.82%,-0.01,78,165750,卖盘
11:21:51,21.25,+1.82%,--,11,23375,买盘
11:21:57,21.24,+1.77%,-0.01,15,31860,卖盘
11:22:00,21.22,+1.68%,-0.02,3,6366,卖盘
11:22:06,21.22,+1.68%,--,1,2122,卖盘
11:22:09,21.22,+1.68%,--,10,21220,卖盘
11:22:18,21.21,+1.63%,-0.01,5,10605,卖盘
11:22:21,21.22,+1.68%,+0.01,9,19098,买盘
11:22:24,21.21,+1.63%,-0.01,18,38178,卖盘
11:22:27,21.21,+1.63%,--,32,67872,买盘
11:22:30,21.23,+1.72%,+0.02,90,191070,买盘
11:22:33,21.21,+1.63%,-0.02,13,27573,卖盘
11:22:39,21.24,+1.77%,+0.03,5,10620,买盘
11:22:45,21.23,+1.72%,-0.01,7,14861,中性盘
11:22:51,21.26,+1.87%,+0.02,106,225356,买盘
11:22:54,21.26,+1.87%,--,15,31890,买盘
11:22:57,21.26,+1.87%,--,38,80788,买盘
11:23:03,21.26,+1.87%,--,25,53150,卖盘
11:23:06,21.26,+1.87%,--,33,70158,卖盘
11:23:09,21.27,+1.92%,+0.01,2,4254,买盘
11:23:21,21.29,+2.01%,+0.01,10,21290,买盘
11:23:24,21.28,+1.96%,-0.01,11,23408,卖盘
11:23:30,21.28,+1.96%,--,7,14896,卖盘
11:23:36,21.29,+2.01%,+0.01,27,57483,买盘
11:23:39,21.29,+2.01%,--,9,19161,买盘
11:23:39,21.29,+2.01%,-0.01,9,19161,中性盘
11:23:42,21.28,+1.96%,-0.01,2,4256,卖盘
11:23:45,21.28,+1.96%,--,33,70224,卖盘
11:23:48,21.28,+1.96%,--,49,104272,买盘
11:23:51,21.28,+1.96%,--,21,44688,买盘
11:23:54,21.28,+1.96%,--,19,40432,买盘
11:23:57,21.31,+2.11%,+0.03,246,524226,买盘
11:24:03,21.3,+2.06%,-0.01,2,4260,卖盘
11:24:06,21.3,+2.06%,--,3,6390,买盘
11:24:12,21.3,+2.06%,--,21,44730,买盘
11:24:15,21.28,+1.96%,-0.02,84,178752,卖盘
11:24:18,21.28,+1.96%,--,53,112784,卖盘
11:24:21,21.27,+1.92%,-0.01,100,212700,卖盘
11:24:24,21.29,+2.01%,+0.02,52,110708,买盘
11:24:27,21.27,+1.92%,-0.02,63,134001,卖盘
11:24:30,21.28,+1.96%,+0.01,7,14896,买盘
11:24:33,21.28,+1.96%,--,23,48944,买盘
11:24:42,21.28,+1.96%,--,8,17024,买盘
11:24:45,21.27,+1.92%,-0.01,27,57429,卖盘
11:24:48,21.27,+1.92%,--,5,10635,卖盘
11:24:51,21.26,+1.87%,-0.01,78,165828,卖盘
11:24:54,21.26,+1.87%,--,10,21260,买盘
11:24:57,21.27,+1.92%,+0.01,58,123366,买盘
11:25:00,21.25,+1.82%,-0.02,1,2125,卖盘
11:25:03,21.25,+1.82%,--,13,27625,买盘
11:25:06,21.27,+1.92%,+0.02,11,23397,买盘
11:25:15,21.27,+1.92%,--,110,233970,买盘
11:25:18,21.26,+1.87%,-0.01,65,138190,卖盘
11:25:21,21.27,+1.92%,+0.01,44,93588,买盘
11:25:24,21.28,+1.96%,+0.01,56,119168,买盘
11:25:30,21.26,+1.87%,-0.02,20,42520,卖盘
11:25:33,21.27,+1.92%,+0.01,11,23397,卖盘
11:25:36,21.28,+1.96%,+0.01,1,2128,买盘
11:25:42,21.27,+1.92%,-0.01,2,4254,卖盘
11:25:48,21.27,+1.92%,--,2,4254,买盘
11:25:51,21.27,+1.92%,--,83,176541,买盘
11:25:54,21.27,+1.92%,--,10,21270,买盘
11:25:57,21.27,+1.92%,--,28,59556,买盘
11:26:00,21.26,+1.87%,-0.01,94,199844,卖盘
11:26:03,21.23,+1.72%,-0.03,57,121011,卖盘
11:26:06,21.22,+1.68%,-0.01,32,67904,卖盘
11:26:09,21.2,+1.58%,-0.02,20,42400,卖盘
11:26:12,21.2,+1.58%,--,8,16960,卖盘
11:26:15,21.2,+1.58%,--,190,402800,卖盘
11:26:18,21.23,+1.72%,+0.03,12,25476,买盘
11:26:21,21.2,+1.58%,-0.03,117,248040,卖盘
11:26:27,21.25,+1.82%,+0.05,7,14875,买盘
11:26:30,21.21,+1.63%,-0.04,43,91203,中性盘
11:26:33,21.21,+1.63%,--,3,6363,买盘
11:26:36,21.22,+1.68%,+0.01,229,485938,买盘
11:26:39,21.2,+1.58%,-0.02,4,8480,卖盘
11:26:48,21.2,+1.58%,--,111,235320,卖盘
11:26:51,21.22,+1.68%,+0.02,1,2122,买盘
11:26:54,21.22,+1.68%,--,6,12732,买盘
11:26:57,21.22,+1.68%,--,44,93368,买盘
11:27:03,21.22,+1.68%,--,290,615380,买盘
11:27:06,21.22,+1.68%,--,1,2122,买盘
11:27:09,21.23,+1.72%,+0.01,505,1072115,买盘
11:27:12,21.18,+1.49%,-0.05,7,14826,卖盘
11:27:15,21.18,+1.49%,--,52,110136,卖盘
11:27:18,21.18,+1.49%,--,182,385476,卖盘
11:27:21,21.19,+1.53%,+0.01,6,12714,中性盘
11:27:21,21.19,+1.53%,--,6,12714,中性盘
11:27:33,21.19,+1.53%,--,7,14833,卖盘
11:27:36,21.22,+1.68%,+0.03,15,31830,买盘
11:27:42,21.19,+1.53%,-0.03,3,6357,卖盘
11:27:51,21.19,+1.53%,--,14,29666,卖盘
11:27:57,21.21,+1.63%,+0.02,2,4242,中性盘
11:28:00,21.23,+1.72%,+0.02,272,577456,买盘
11:28:03,21.25,+1.82%,+0.02,19,40375,买盘
11:28:06,21.23,+1.72%,-0.02,16,33968,卖盘
11:28:09,21.23,+1.72%,--,8,16984,买盘
11:28:12,21.23,+1.72%,--,5,10615,买盘
11:28:15,21.23,+1.72%,--,4,8492,买盘
11:28:21,21.23,+1.72%,--,7,14861,买盘
11:28:27,21.25,+1.82%,+0.02,22,46750,买盘
11:28:30,21.23,+1.72%,-0.02,21,44583,卖盘
11:28:33,21.23,+1.72%,--,16,33968,卖盘
11:28:36,21.25,+1.82%,+0.02,5,10625,买盘
11:28:39,21.23,+1.72%,-0.02,1,2123,卖盘
11:28:42,21.23,+1.72%,--,10,21230,卖盘
11:28:54,21.24,+1.77%,+0.01,2,4248,买盘
11:28:57,21.24,+1.77%,--,30,63720,买盘
11:29:03,21.23,+1.72%,-0.01,52,110396,卖盘
11:29:06,21.23,+1.72%,--,59,125257,卖盘
11:29:12,21.25,+1.82%,+0.02,99,210375,买盘
11:29:15,21.25,+1.82%,--,204,433500,卖盘
11:29:21,21.23,+1.72%,-0.01,6,12738,卖盘
11:29:24,21.25,+1.82%,+0.02,106,225250,买盘
11:29:27,21.26,+1.87%,+0.01,29,61654,中性盘
11:29:30,21.24,+1.77%,-0.02,15,31860,卖盘
11:29:39,21.25,+1.82%,+0.01,25,53125,买盘
11:29:42,21.24,+1.77%,-0.01,1,2124,卖盘
11:29:48,21.24,+1.77%,--,3,6372,中性盘
11:29:51,21.24,+1.77%,--,7,14868,卖盘
11:29:57,21.24,+1.77%,--,9,19116,买盘
11:30:00,21.24,+1.77%,--,0,0,买盘
13:00:00,21.2,+1.58%,-0.04,73,154760,卖盘
13:00:03,21.24,+1.77%,+0.04,42,89208,买盘
13:00:06,21.24,+1.77%,--,5,10620,卖盘
13:00:09,21.24,+1.77%,--,57,121068,卖盘
13:00:12,21.21,+1.63%,-0.03,63,133623,卖盘
13:00:15,21.21,+1.63%,--,19,40299,卖盘
13:00:18,21.2,+1.58%,-0.01,18,38160,卖盘
13:00:21,21.19,+1.53%,-0.01,68,144092,卖盘
13:00:24,21.18,+1.49%,-0.01,4,8472,卖盘
13:00:27,21.18,+1.49%,--,2,4236,卖盘
13:00:30,21.18,+1.49%,--,146,309228,卖盘
13:00:33,21.18,+1.49%,--,23,48714,卖盘
13:00:36,21.17,+1.44%,-0.01,130,275210,卖盘
13:00:39,21.18,+1.49%,+0.01,5,10590,买盘
13:00:42,21.17,+1.44%,-0.01,156,330252,卖盘
13:00:45,21.19,+1.53%,+0.02,85,180115,买盘
13:00:51,21.19,+1.53%,-0.01,56,118664,卖盘
13:00:54,21.19,+1.53%,--,5,10595,卖盘
13:00:57,21.19,+1.53%,--,1,2119,卖盘
13:01:00,21.19,+1.53%,--,2,4238,卖盘
13:01:03,21.19,+1.53%,--,11,23309,卖盘
13:01:06,21.19,+1.53%,--,67,141973,卖盘
13:01:09,21.17,+1.44%,-0.02,21,44457,卖盘
13:01:12,21.17,+1.44%,--,1,2117,卖盘
13:01:15,21.16,+1.39%,-0.01,289,611524,卖盘
13:01:18,21.15,+1.34%,-0.01,13,27495,卖盘
13:01:18,21.15,+1.34%,--,13,27495,中性盘
13:01:24,21.15,+1.34%,--,39,82485,卖盘
13:01:27,21.14,+1.29%,-0.01,90,190260,卖盘
13:01:39,21.14,+1.29%,+0.01,31,65534,买盘
13:01:48,21.12,+1.20%,-0.01,3,6336,卖盘
13:01:51,21.14,+1.29%,+0.02,99,209286,买盘
13:01:54,21.15,+1.34%,+0.01,22,46530,买盘
13:02:18,21.16,+1.39%,+0.01,8,16928,买盘
13:02:30,21.16,+1.39%,--,118,249688,买盘
13:02:36,21.2,+1.58%,+0.04,22,46640,买盘
13:02:39,21.2,+1.58%,--,1,2120,卖盘
13:02:45,21.19,+1.53%,-0.01,3,6357,中性盘
13:02:51,21.18,+1.49%,-0.02,1,2118,卖盘
13:02:54,21.17,+1.44%,-0.01,2,4234,卖盘
13:02:57,21.17,+1.44%,--,3,6351,卖盘
13:03:00,21.17,+1.44%,--,12,25404,买盘
13:03:06,21.18,+1.49%,+0.01,162,343116,买盘
13:03:09,21.19,+1.53%,+0.01,5,10595,买盘
13:03:12,21.2,+1.58%,+0.01,7,14840,买盘
13:03:18,21.18,+1.49%,-0.02,3,6354,卖盘
13:03:21,21.2,+1.58%,+0.02,1,2120,买盘
13:03:27,21.18,+1.49%,-0.02,53,112254,卖盘
13:03:39,21.19,+1.53%,+0.01,4,8476,中性盘
13:03:48,21.2,+1.58%,+0.01,5,10600,买盘
13:03:51,21.19,+1.53%,-0.01,14,29666,卖盘
13:03:57,21.19,+1.53%,--,7,14833,买盘
13:04:09,21.18,+1.49%,-0.01,283,599394,卖盘
13:04:15,21.16,+1.39%,-0.02,32,67712,卖盘
13:04:42,21.16,+1.39%,--,25,52900,卖盘
13:04:45,21.16,+1.39%,--,17,35972,卖盘
13:04:48,21.16,+1.39%,--,53,112148,卖盘
13:04:51,21.15,+1.34%,-0.01,61,129015,卖盘
13:04:54,21.15,+1.34%,--,26,54990,卖盘
13:04:57,21.14,+1.29%,-0.01,17,35938,卖盘
13:05:00,21.14,+1.29%,--,29,61306,卖盘
13:05:06,21.14,+1.29%,--,157,331898,卖盘
13:05:06,21.14,+1.29%,-0.01,157,331898,中性盘
13:05:24,21.14,+1.29%,+0.01,2,4228,买盘
13:05:51,21.14,+1.29%,--,28,59192,买盘
13:05:54,21.13,+1.25%,-0.01,5,10565,卖盘
13:06:06,21.14,+1.29%,+0.01,7,14798,买盘
13:06:24,21.13,+1.25%,-0.01,1,2113,卖盘
13:06:27,21.13,+1.25%,--,3,6339,卖盘
13:06:36,21.14,+1.29%,+0.01,20,42280,买盘
13:06:39,21.14,+1.29%,--,6,12684,买盘
13:06:48,21.15,+1.34%,+0.01,1,2115,买盘
13:06:51,21.15,+1.34%,--,2,4230,买盘
13:07:06,21.16,+1.39%,--,2,4232,中性盘
13:07:15,21.17,+1.44%,+0.01,4,8468,买盘
13:07:30,21.15,+1.34%,-0.02,17,35955,卖盘
13:07:45,21.15,+1.34%,--,2,4230,卖盘
13:08:06,21.15,+1.34%,--,23,48645,卖盘
13:08:09,21.15,+1.34%,--,6,12690,卖盘
13:08:12,21.15,+1.34%,--,45,95175,卖盘
13:08:27,21.15,+1.34%,--,1,2115,买盘
13:08:30,21.15,+1.34%,--,7,14805,买盘
13:08:33,21.15,+1.34%,--,70,148050,买盘
13:08:48,21.16,+1.39%,+0.01,10,21160,买盘
13:08:57,21.16,+1.39%,--,20,42320,中性盘
13:08:57,21.16,+1.39%,-0.01,20,42320,中性盘
13:09:00,21.15,+1.34%,-0.01,8,16920,卖盘
13:09:03,21.16,+1.39%,+0.01,26,55016,买盘
13:09:06,21.14,+1.29%,-0.02,4,8456,卖盘
13:09:15,21.15,+1.34%,+0.01,17,35955,中性盘
13:09:18,21.16,+1.39%,+0.01,72,152352,买盘
13:09:21,21.15,+1.34%,-0.01,11,23265,卖盘
13:09:24,21.15,+1.34%,--,7,14805,卖盘
13:09:33,21.15,+1.34%,--,13,27495,卖盘
13:09:39,21.15,+1.34%,-0.01,22,46530,卖盘
13:09:42,21.16,+1.39%,+0.01,1,2116,买盘
13:09:51,21.16,+1.39%,--,10,21160,买盘
13:09:54,21.15,+1.34%,-0.01,18,38070,卖盘
13:10:00,21.15,+1.34%,--,13,27495,买盘
13:10:03,21.15,+1.34%,--,4,8460,买盘
13:10:06,21.14,+1.29%,-0.01,6,12684,卖盘
13:10:09,21.16,+1.39%,+0.02,10,21160,买盘
13:10:12,21.14,+1.29%,-0.02,2,4228,卖盘
13:10:15,21.14,+1.29%,--,59,124726,卖盘
13:10:18,21.15,+1.34%,+0.01,13,27495,买盘
13:10:24,21.14,+1.29%,-0.01,1,2114,中性盘
13:10:30,21.14,+1.29%,--,23,48622,卖盘
13:10:48,21.15,+1.34%,+0.01,10,21150,买盘
13:10:51,21.15,+1.34%,--,10,21150,买盘
13:10:54,21.15,+1.34%,--,8,16920,买盘
13:10:57,21.15,+1.34%,--,4,8460,卖盘
13:11:00,21.16,+1.39%,+0.01,179,378764,买盘
13:11:06,21.16,+1.39%,-0.01,34,71944,卖盘
13:11:09,21.16,+1.39%,--,40,84640,买盘
13:11:12,21.16,+1.39%,--,1,2116,卖盘
13:11:15,21.16,+1.39%,--,10,21160,卖盘
13:11:18,21.17,+1.44%,+0.01,25,52925,买盘
13:11:21,21.17,+1.44%,--,59,124903,买盘
13:11:33,21.17,+1.44%,--,56,118552,卖盘
13:11:36,21.16,+1.39%,-0.01,226,478216,卖盘
13:11:39,21.17,+1.44%,+0.01,158,334486,买盘
13:11:42,21.18,+1.49%,+0.01,88,186384,买盘
13:11:45,21.17,+1.44%,-0.01,27,57159,卖盘
13:11:48,21.18,+1.49%,+0.01,70,148260,买盘
13:11:57,21.18,+1.49%,--,1,2118,中性盘
13:12:00,21.19,+1.53%,+0.01,1,2119,买盘
13:12:03,21.19,+1.53%,--,2,4238,买盘
13:12:06,21.18,+1.49%,-0.01,16,33888,卖盘
13:12:09,21.18,+1.49%,--,72,152496,卖盘
13:12:12,21.15,+1.34%,-0.03,45,95175,卖盘
13:12:15,21.19,+1.53%,+0.04,30,63570,买盘
13:12:27,21.18,+1.49%,-0.01,2,4236,中性盘
13:12:33,21.15,+1.34%,-0.03,27,57105,卖盘
13:12:39,21.13,+1.25%,-0.02,35,73955,卖盘
13:12:45,21.13,+1.25%,--,20,42260,中性盘
13:13:00,21.13,+1.25%,--,12,25356,买盘
13:13:06,21.13,+1.25%,--,2,4226,买盘
13:13:09,21.13,+1.25%,--,17,35921,买盘
13:13:12,21.12,+1.20%,-0.01,19,40128,卖盘
13:13:15,21.13,+1.25%,+0.01,13,27469,买盘
13:13:18,21.13,+1.25%,--,53,111989,买盘
13:13:27,21.13,+1.25%,--,1,2113,卖盘
13:13:33,21.13,+1.25%,--,20,42260,卖盘
13:13:42,21.13,+1.25%,--,10,21130,卖盘
13:13:45,21.13,+1.25%,--,35,73955,卖盘
13:13:48,21.14,+1.29%,+0.01,6,12684,买盘
13:13:51,21.14,+1.29%,--,19,40166,买盘
13:13:54,21.14,+1.29%,--,4,8456,买盘
13:14:03,21.13,+1.25%,-0.01,59,124667,卖盘
13:14:06,21.13,+1.25%,--,96,202848,卖盘
13:14:12,21.14,+1.29%,+0.01,16,33824,买盘
13:14:18,21.12,+1.20%,-0.02,1,2112,卖盘
13:14:21,21.13,+1.25%,+0.01,6,12678,中性盘
13:14:24,21.13,+1.25%,--,10,21130,中性盘
13:14:30,21.15,+1.34%,+0.02,100,211500,买盘
13:14:33,21.12,+1.20%,-0.03,2,4224,卖盘
13:14:36,21.12,+1.20%,--,2,4224,卖盘
13:14:39,21.12,+1.20%,--,6,12672,卖盘
13:14:51,21.14,+1.29%,+0.02,1,2114,中性盘
13:14:57,21.13,+1.25%,-0.01,4,8452,中性盘
13:15:00,21.13,+1.25%,--,13,27469,买盘
13:15:03,21.14,+1.29%,+0.01,73,154322,买盘
13:15:06,21.15,+1.34%,+0.01,3,6345,买盘
13:15:12,21.14,+1.29%,-0.01,14,29596,卖盘
13:15:18,21.14,+1.29%,--,19,40166,卖盘
13:15:21,21.14,+1.29%,--,5,10570,卖盘
13:15:27,21.15,+1.34%,+0.01,5,10575,买盘
13:15:33,21.17,+1.44%,+0.02,66,139722,买盘
13:15:36,21.17,+1.44%,--,7,14819,买盘
13:15:39,21.17,+1.44%,--,7,14819,卖盘
13:15:45,21.17,+1.44%,--,2,4234,中性盘
13:15:48,21.16,+1.39%,-0.01,156,330096,中性盘
13:15:51,21.17,+1.44%,+0.01,144,304848,买盘
13:15:57,21.17,+1.44%,--,2,4234,买盘
13:16:03,21.18,+1.49%,+0.01,14,29652,买盘
13:16:09,21.17,+1.44%,-0.01,40,84680,卖盘
13:16:12,21.17,+1.44%,--,9,19053,买盘
13:16:15,21.16,+1.39%,-0.01,19,40204,卖盘
13:16:18,21.14,+1.29%,-0.02,13,27482,卖盘
13:16:21,21.13,+1.25%,-0.01,13,27469,卖盘
13:16:33,21.13,+1.25%,--,1,2113,中性盘
13:16:39,21.13,+1.25%,--,1,2113,买盘
13:16:51,21.13,+1.25%,--,37,78181,卖盘
13:16:57,21.13,+1.25%,--,11,23243,买盘
13:17:00,21.12,+1.20%,-0.01,17,35904,卖盘
13:17:09,21.12,+1.20%,--,1,2112,卖盘
13:17:12,21.13,+1.25%,+0.01,99,209187,买盘
13:17:18,21.15,+1.34%,+0.02,27,57105,买盘
13:17:24,21.13,+1.25%,-0.02,2,4226,卖盘
13:17:27,21.15,+1.34%,+0.02,1,2115,买盘
13:17:30,21.15,+1.34%,--,5,10575,买盘
13:17:33,21.15,+1.34%,--,21,44415,买盘
13:17:36,21.16,+1.39%,+0.01,3,6348,买盘
13:17:48,21.16,+1.39%,--,1,2116,买盘
13:17:54,21.16,+1.39%,--,19,40204,买盘
13:17:57,21.15,+1.34%,-0.01,34,71910,卖盘
13:18:00,21.16,+1.39%,+0.01,117,247572,买盘
13:18:03,21.14,+1.29%,-0.02,16,33824,卖盘
13:18:06,21.14,+1.29%,--,8,16912,卖盘
13:18:09,21.13,+1.25%,-0.01,37,78181,卖盘
13:18:21,21.16,+1.39%,+0.03,50,105800,买盘
13:18:24,21.13,+1.25%,-0.03,16,33808,卖盘
13:18:33,21.15,+1.34%,+0.02,10,21150,买盘
13:18:42,21.15,+1.34%,--,15,31725,买盘
13:18:45,21.15,+1.34%,--,100,211500,买盘
13:18:48,21.14,+1.29%,-0.01,2,4228,买盘
13:19:09,21.14,+1.29%,--,5,10570,买盘
13:19:12,21.13,+1.25%,-0.01,114,240882,卖盘
13:19:15,21.13,+1.25%,--,100,211300,买盘
13:19:18,21.13,+1.25%,--,9,19017,买盘
13:19:21,21.13,+1.25%,--,26,54938,买盘
13:19:24,21.14,+1.29%,+0.01,4,8456,买盘
13:19:54,21.14,+1.29%,+0.01,3,6342,买盘
13:19:57,21.14,+1.29%,--,21,44394,买盘
13:20:06,21.13,+1.25%,--,53,111989,卖盘
13:20:09,21.13,+1.25%,--,22,46486,卖盘
13:20:12,21.14,+1.29%,+0.01,9,19026,买盘
13:20:24,21.13,+1.25%,-0.01,4,8452,卖盘
13:20:27,21.12,+1.20%,-0.01,262,553344,卖盘
13:20:27,21.12,+1.20%,-0.01,262,553344,中性盘
13:20:30,21.11,+1.15%,-0.01,59,124549,卖盘
13:20:33,21.12,+1.20%,+0.01,15,31680,买盘
13:20:39,21.11,+1.15%,-0.01,66,139326,卖盘
13:20:45,21.12,+1.20%,+0.01,8,16896,买盘
13:20:48,21.11,+1.15%,-0.01,4,8444,卖盘
13:21:00,21.11,+1.15%,--,3,6333,卖盘
13:21:03,21.12,+1.20%,+0.01,4,8448,买盘
13:21:09,21.11,+1.15%,-0.01,1,2111,卖盘
13:21:12,21.11,+1.15%,--,2,4222,卖盘
13:21:21,21.11,+1.15%,--,22,46442,卖盘
13:21:24,21.12,+1.20%,+0.01,10,21120,买盘
13:21:27,21.12,+1.20%,--,10,21120,买盘
13:21:39,21.12,+1.20%,--,44,92928,买盘
13:21:42,21.13,+1.25%,+0.01,4,8452,买盘
13:21:51,21.12,+1.20%,-0.01,59,124608,卖盘
13:21:54,21.12,+1.20%,--,60,126720,卖盘
13:21:57,21.11,+1.15%,-0.01,10,21110,卖盘
13:22:15,21.11,+1.15%,--,1,2111,卖盘
13:22:30,21.12,+1.20%,--,4,8448,买盘
13:22:36,21.11,+1.15%,-0.01,30,63330,卖盘
13:22:39,21.12,+1.20%,+0.01,11,23232,买盘
13:22:42,21.12,+1.20%,--,29,61248,买盘
13:22:45,21.11,+1.15%,-0.01,15,31665,卖盘
13:22:54,21.12,+1.20%,+0.01,3,6336,买盘
13:23:00,21.11,+1.15%,-0.01,5,10555,卖盘
13:23:06,21.12,+1.20%,+0.01,21,44352,买盘
13:23:09,21.11,+1.15%,-0.01,2,4222,卖盘
13:23:18,21.12,+1.20%,+0.01,6,12672,买盘
13:23:21,21.12,+1.20%,--,13,27456,买盘
13:23:42,21.12,+1.20%,--,34,71808,买盘
13:23:48,21.13,+1.25%,--,19,40147,买盘
13:23:57,21.14,+1.29%,+0.01,8,16912,买盘
13:24:00,21.14,+1.29%,--,2,4228,买盘
13:24:06,21.14,+1.29%,--,1,2114,买盘
13:24:09,21.14,+1.29%,--,46,97244,买盘
13:24:12,21.14,+1.29%,--,7,14798,中性盘
13:24:24,21.14,+1.29%,--,2,4228,卖盘
13:24:27,21.14,+1.29%,--,10,21140,卖盘
13:24:30,21.14,+1.29%,--,1,2114,卖盘
13:24:33,21.13,+1.25%,-0.01,214,452182,卖盘
13:24:36,21.15,+1.34%,+0.02,33,69795,买盘
13:24:39,21.13,+1.25%,-0.02,37,78181,卖盘
13:24:45,21.15,+1.34%,+0.02,7,14805,买盘
13:24:48,21.14,+1.29%,-0.01,5,10570,买盘
13:24:54,21.13,+1.25%,-0.01,3,6339,卖盘
13:25:03,21.13,+1.25%,-0.01,10,21130,卖盘
13:25:06,21.13,+1.25%,--,6,12678,卖盘
13:25:09,21.14,+1.29%,+0.01,1,2114,买盘
13:25:12,21.14,+1.29%,--,7,14798,买盘
13:25:15,21.11,+1.15%,-0.03,75,158325,卖盘
13:25:30,21.12,+1.20%,+0.01,5,10560,买盘
13:25:33,21.12,+1.20%,--,11,23232,买盘
13:25:42,21.13,+1.25%,+0.01,5,10565,买盘
13:25:48,21.12,+1.20%,-0.01,10,21120,卖盘
13:25:51,21.12,+1.20%,--,3,6336,卖盘
13:25:54,21.13,+1.25%,+0.01,193,407809,买盘
13:25:57,21.13,+1.25%,--,5,10565,卖盘
13:26:00,21.13,+1.25%,--,39,82407,卖盘
13:26:03,21.12,+1.20%,-0.01,92,194304,卖盘
13:26:06,21.11,+1.15%,-0.01,54,113994,卖盘
13:26:09,21.11,+1.15%,--,9,18999,卖盘
13:26:12,21.09,+1.05%,-0.02,380,801420,卖盘
13:26:15,21.09,+1.05%,--,12,25308,卖盘
13:26:18,21.09,+1.05%,--,2,4218,买盘
13:26:24,21.08,+1.01%,-0.01,53,111724,卖盘
13:26:27,21.08,+1.01%,--,14,29512,卖盘
13:26:30,21.07,+0.96%,-0.01,10,21070,卖盘
13:26:42,21.08,+1.01%,+0.01,5,10540,中性盘
13:26:45,21.08,+1.01%,--,4,8432,买盘
13:26:48,21.07,+0.96%,-0.01,3,6321,卖盘
13:26:51,21.07,+0.96%,--,12,25284,卖盘
13:26:54,21.07,+0.96%,--,8,16856,卖盘
13:26:57,21.08,+1.01%,+0.01,5,10540,买盘
13:27:00,21.07,+0.96%,-0.01,71,149597,卖盘
13:27:09,21.06,+0.91%,-0.01,57,120042,卖盘
13:27:12,21.08,+1.01%,+0.02,4,8432,买盘
13:27:15,21.09,+1.05%,+0.01,4,8436,买盘
13:27:18,21.08,+1.01%,-0.01,26,54808,卖盘
13:27:21,21.08,+1.01%,--,18,37944,卖盘
13:27:24,21.1,+1.10%,+0.02,9,18990,买盘
13:27:27,21.08,+1.01%,-0.02,23,48484,中性盘
13:27:33,21.09,+1.05%,+0.01,8,16872,中性盘
13:27:36,21.1,+1.10%,+0.01,6,12660,买盘
13:27:39,21.1,+1.10%,--,11,23210,买盘
13:27:42,21.1,+1.10%,--,1,2110,买盘
13:27:45,21.09,+1.05%,-0.01,7,14763,卖盘
13:28:00,21.1,+1.10%,+0.01,17,35870,中性盘
13:28:03,21.09,+1.05%,-0.01,227,478743,卖盘
13:28:06,21.11,+1.15%,+0.02,32,67552,买盘
13:39:36,21.06,+0.91%,--,6,12636,中性盘
13:39:39,21.06,+0.91%,--,111,234293,卖盘
13:39:42,21.05,+0.86%,-0.01,36,75780,卖盘
13:39:45,21.06,+0.91%,+0.01,3,6318,卖盘
13:39:54,21.07,+0.96%,+0.01,5,10535,买盘
13:40:03,21.07,+0.96%,--,29,61103,买盘
13:40:06,21.07,+0.96%,--,33,69531,卖盘
13:40:27,21.08,+1.01%,+0.02,19,40052,买盘
13:40:30,21.08,+1.01%,--,23,48484,买盘
13:40:45,21.07,+0.96%,+0.01,11,23177,买盘
13:41:00,21.08,+1.01%,+0.02,38,80104,买盘
13:41:06,21.06,+0.91%,-0.02,24,50544,卖盘
13:41:12,21.08,+1.01%,+0.02,10,21080,买盘
13:41:24,21.06,+0.91%,-0.02,1,2106,卖盘
13:41:27,21.08,+1.01%,+0.02,56,118048,买盘
13:41:30,21.06,+0.91%,-0.02,5,10530,卖盘
13:41:33,21.09,+1.05%,+0.03,32,67488,买盘
13:41:36,21.08,+1.01%,-0.01,6,12648,卖盘
13:41:39,21.07,+0.96%,-0.01,67,141169,卖盘
13:41:42,21.06,+0.91%,-0.01,3,6318,卖盘
13:41:48,21.08,+1.01%,+0.02,8,16864,买盘
13:41:54,21.08,+1.01%,--,17,35836,买盘
13:41:57,21.08,+1.01%,--,1,2108,买盘
13:42:03,21.06,+0.91%,-0.02,51,107406,卖盘
13:42:06,21.06,+0.91%,--,29,61074,卖盘
13:42:12,21.06,+0.91%,--,104,219024,卖盘
13:42:15,21.06,+0.91%,--,13,27378,卖盘
13:42:18,21.07,+0.96%,+0.01,3,6321,买盘
13:42:30,21.06,+0.91%,-0.01,6,12636,卖盘
13:42:39,21.06,+0.91%,--,17,35802,卖盘
13:43:03,21.06,+0.91%,-0.01,55,115830,卖盘
13:43:09,21.06,+0.91%,--,61,128466,中性盘
13:43:12,21.05,+0.86%,-0.01,7,14735,卖盘
13:43:21,21.05,+0.86%,--,20,42100,中性盘
13:43:33,21.05,+0.86%,--,2,4210,卖盘
13:43:36,21.05,+0.86%,--,7,14735,卖盘
13:43:39,21.05,+0.86%,--,16,33680,卖盘
13:43:42,21.05,+0.86%,--,110,231550,卖盘
13:43:45,21.05,+0.86%,--,20,43679,卖盘
13:43:54,21.04,+0.81%,-0.01,17,35768,卖盘
13:43:57,21.04,+0.81%,--,22,46288,卖盘
13:44:03,21.04,+0.81%,--,10,21040,卖盘
13:44:09,21.04,+0.81%,--,5,10520,卖盘
13:44:12,21.04,+0.81%,--,28,58912,卖盘
13:44:15,21.04,+0.81%,--,2,4208,买盘
13:44:18,21.04,+0.81%,--,6,12624,买盘
13:44:21,21.04,+0.81%,--,57,119928,买盘
13:44:24,21.05,+0.86%,+0.01,6,12630,买盘
13:44:27,21.05,+0.86%,--,1,2105,卖盘
13:44:30,21.06,+0.91%,+0.01,8,16848,买盘
13:44:33,21.04,+0.81%,-0.02,4,8416,卖盘
13:44:36,21.07,+0.96%,+0.03,11,23177,买盘
13:44:39,21.05,+0.86%,-0.02,50,105250,卖盘
13:44:42,21.07,+0.96%,+0.02,1,2107,中性盘
13:44:45,21.08,+1.01%,+0.01,8,16864,买盘
13:44:54,21.05,+0.86%,-0.03,2,4210,卖盘
13:45:03,21.07,+0.96%,+0.02,1,2107,买盘
13:45:06,21.05,+0.86%,-0.02,6,12630,卖盘
13:45:12,21.05,+0.86%,--,1,2105,中性盘
13:45:21,21.04,+0.81%,-0.02,13,27352,卖盘
13:45:24,21.06,+0.91%,+0.02,14,29484,买盘
13:45:33,21.06,+0.91%,--,2,4212,买盘
13:45:36,21.06,+0.91%,--,8,16848,买盘
13:46:12,21.05,+0.86%,--,10,21050,卖盘
13:46:15,21.06,+0.91%,+0.01,11,23166,买盘
13:46:21,21.06,+0.91%,--,29,61074,买盘
13:46:36,21.06,+0.91%,--,7,14742,买盘
13:46:39,21.06,+0.91%,--,6,12636,买盘
13:46:45,21.06,+0.91%,--,5,10530,买盘
13:46:54,21.05,+0.86%,-0.01,6,12630,卖盘
13:47:00,21.05,+0.86%,--,62,130510,卖盘
13:47:09,21.06,+0.91%,+0.01,5,10530,买盘
13:47:15,21.06,+0.91%,--,1,2106,中性盘
13:47:15,21.06,+0.91%,--,1,2106,买盘
13:47:18,21.05,+0.86%,-0.01,23,48415,卖盘
13:47:27,21.06,+0.91%,+0.01,2,4212,买盘
13:47:33,21.06,+0.91%,--,32,67392,买盘
13:47:36,21.06,+0.91%,--,13,27378,买盘
13:47:45,21.07,+0.96%,+0.01,26,54782,买盘
13:47:48,21.06,+0.91%,-0.01,38,80028,卖盘
13:47:51,21.07,+0.96%,+0.01,22,46354,买盘
13:47:54,21.06,+0.91%,-0.01,23,48438,中性盘
13:48:03,21.07,+0.96%,+0.01,10,21070,买盘
13:48:18,21.07,+0.96%,--,15,31605,买盘
13:48:21,21.07,+0.96%,--,11,23177,买盘
13:48:24,21.06,+0.91%,-0.01,2,4212,卖盘
13:48:27,21.07,+0.96%,+0.01,2,4214,买盘
13:48:30,21.07,+0.96%,--,21,44247,买盘
13:48:33,21.07,+0.96%,--,2,4214,卖盘
13:48:36,21.08,+1.01%,+0.01,58,122264,买盘
13:48:39,21.07,+0.96%,-0.01,13,27391,卖盘
13:48:42,21.07,+0.96%,--,1,2107,卖盘
13:48:45,21.07,+0.96%,--,3,6321,卖盘
13:48:51,21.08,+1.01%,+0.01,7,14756,买盘
13:48:54,21.08,+1.01%,--,5,10540,买盘
13:48:57,21.09,+1.05%,+0.01,107,225663,买盘
13:49:03,21.09,+1.05%,--,14,29526,买盘
13:49:09,21.07,+0.96%,-0.02,4,8428,卖盘
13:49:12,21.07,+0.96%,--,240,505680,卖盘
13:49:27,21.07,+0.96%,--,8,16856,买盘
13:49:30,21.06,+0.91%,-0.01,5,10530,卖盘
13:49:33,21.06,+0.91%,--,2,4212,卖盘
13:49:36,21.06,+0.91%,--,4,8424,卖盘
13:49:39,21.06,+0.91%,--,330,694980,卖盘
13:49:48,21.06,+0.91%,--,48,101088,卖盘
13:49:54,21.06,+0.91%,--,7,14742,卖盘
13:49:57,21.06,+0.91%,--,14,29484,卖盘
13:50:00,21.07,+0.96%,+0.01,4,8428,买盘
13:50:03,21.07,+0.96%,--,1,2107,买盘
13:50:06,21.06,+0.91%,-0.01,1,2106,卖盘
13:50:09,21.06,+0.91%,--,1,2106,卖盘
13:50:18,21.06,+0.91%,--,9,18954,买盘
13:50:36,21.06,+0.91%,--,6,12636,卖盘
13:50:39,21.06,+0.91%,--,5,10530,卖盘
13:50:42,21.06,+0.91%,--,3,6318,卖盘
13:50:54,21.05,+0.86%,-0.01,20,42100,卖盘
13:51:00,21.06,+0.91%,-0.01,1,2106,中性盘
13:51:06,21.05,+0.86%,-0.01,1,2105,卖盘
13:51:09,21.06,+0.91%,+0.01,1,2106,买盘
13:51:12,21.05,+0.86%,-0.01,105,221025,卖盘
13:51:15,21.05,+0.86%,--,9,18945,卖盘
13:51:24,21.06,+0.91%,+0.01,4,8424,买盘
13:51:33,21.05,+0.86%,--,61,128405,卖盘
13:51:36,21.05,+0.86%,--,2,4210,买盘
13:51:39,21.04,+0.81%,-0.01,53,111512,卖盘
13:52:00,21.04,+0.81%,--,23,48392,卖盘
13:52:06,21.04,+0.81%,--,20,42080,卖盘
13:52:09,21.04,+0.81%,--,15,31560,卖盘
13:52:12,21.05,+0.86%,+0.01,8,16840,买盘
13:52:18,21.06,+0.91%,+0.01,25,52650,买盘
13:52:21,21.06,+0.91%,--,3,6318,买盘
13:52:30,21.05,+0.86%,-0.01,10,21050,卖盘
13:52:48,21.05,+0.86%,--,6,12630,卖盘
13:52:51,21.05,+0.86%,--,3,6315,卖盘
13:52:54,21.05,+0.86%,--,20,42100,卖盘
13:53:03,21.05,+0.86%,--,8,16840,卖盘
13:53:06,21.04,+0.81%,-0.01,12,25248,卖盘
13:53:15,21.04,+0.81%,--,1,2104,卖盘
13:53:27,21.04,+0.81%,--,7,14728,卖盘
13:53:30,21.04,+0.81%,--,12,25248,卖盘
13:53:33,21.04,+0.81%,--,8,16832,卖盘
13:53:39,21.03,+0.77%,-0.01,38,79914,卖盘
13:53:54,21.03,+0.77%,--,60,126180,卖盘
13:54:00,21.03,+0.77%,--,6,12618,卖盘
13:54:03,21.03,+0.77%,--,4,8412,卖盘
13:54:06,21.04,+0.81%,+0.01,15,31560,买盘
13:54:09,21.03,+0.77%,-0.01,1,2103,卖盘
13:54:12,21.01,+0.67%,-0.02,200,420200,卖盘
13:54:15,21.03,+0.77%,+0.02,3,6309,买盘
13:54:21,21.01,+0.67%,-0.02,36,75636,卖盘
13:54:27,21.02,+0.72%,+0.01,2,4204,卖盘
13:54:30,21.02,+0.72%,--,16,33632,卖盘
13:54:36,21.02,+0.72%,--,32,67264,卖盘
13:54:39,21.03,+0.77%,+0.01,3,6309,买盘
13:54:45,21.03,+0.77%,--,11,23133,买盘
13:54:48,21.02,+0.72%,-0.01,1,2102,卖盘
13:54:51,21.02,+0.72%,--,84,176568,卖盘
13:54:54,21.02,+0.72%,--,1,2102,买盘
13:54:54,21.02,+0.72%,-0.01,1,2102,中性盘
13:54:57,21.01,+0.67%,-0.01,6,12606,卖盘
13:55:00,21.01,+0.67%,--,2,4202,卖盘
13:55:03,21.01,+0.67%,--,110,231110,卖盘
13:55:06,21.01,+0.67%,--,20,42020,卖盘
13:55:09,21.01,+0.67%,--,7,14707,卖盘
13:55:15,21.01,+0.67%,--,8,16808,卖盘
13:55:18,21.02,+0.72%,+0.01,11,23122,买盘
13:55:33,21.01,+0.67%,-0.01,5,10505,卖盘
13:55:39,21.01,+0.67%,--,135,283635,卖盘
13:55:45,21.01,+0.67%,--,15,31515,买盘
13:55:48,21.0,+0.62%,-0.01,20,42000,卖盘
13:55:51,21.0,+0.62%,--,16,33600,卖盘
13:55:54,21.0,+0.62%,--,51,107100,卖盘
13:55:57,21.0,+0.62%,--,83,174300,卖盘
13:56:09,21.0,+0.62%,--,136,285600,卖盘
13:56:12,21.0,+0.62%,--,38,79800,卖盘
13:56:15,21.0,+0.62%,--,36,75600,卖盘
13:56:18,21.0,+0.62%,--,13,27300,卖盘
13:56:21,21.0,+0.62%,--,7,14700,卖盘
13:56:27,21.0,+0.62%,--,11,23100,卖盘
13:56:30,21.0,+0.62%,--,14,29400,卖盘
13:56:36,21.0,+0.62%,--,9,18900,卖盘
13:56:39,21.01,+0.67%,+0.01,3,6303,买盘
13:56:42,21.0,+0.62%,-0.01,55,115500,卖盘
13:56:54,21.0,+0.62%,--,18,37800,卖盘
13:56:57,21.0,+0.62%,--,5,10500,卖盘
13:57:00,21.0,+0.62%,--,52,109200,买盘
13:57:03,21.0,+0.62%,--,10,21000,买盘
13:57:09,21.0,+0.62%,--,2,4200,中性盘
13:57:12,21.01,+0.67%,+0.01,453,951753,买盘
13:57:18,21.0,+0.62%,-0.01,1,2100,中性盘
13:57:21,20.98,+0.53%,-0.02,14,29372,卖盘
13:57:27,20.99,+0.57%,--,12,25188,买盘
13:57:33,20.98,+0.53%,-0.01,30,62940,卖盘
13:57:42,20.97,+0.48%,-0.02,123,257931,卖盘
13:58:12,20.97,+0.48%,-0.01,59,123723,卖盘
13:58:15,20.98,+0.53%,+0.01,17,35666,买盘
13:58:18,20.97,+0.48%,-0.01,11,23067,卖盘
13:58:21,20.97,+0.48%,--,1,2097,卖盘
13:58:30,20.97,+0.48%,--,20,41940,卖盘
13:58:33,20.97,+0.48%,--,11,23067,卖盘
13:58:39,20.98,+0.53%,+0.01,207,434286,买盘
13:58:42,20.97,+0.48%,-0.01,7,14679,卖盘
13:58:42,20.97,+0.48%,--,7,14679,中性盘
13:59:00,20.97,+0.48%,--,9,18873,卖盘
13:59:12,20.97,+0.48%,--,18,37746,卖盘
13:59:30,20.98,+0.53%,--,117,245466,买盘
13:59:33,20.98,+0.53%,--,24,50352,买盘
13:59:42,20.99,+0.57%,+0.01,140,293860,买盘
13:59:45,20.99,+0.57%,--,38,79762,买盘
13:59:48,20.99,+0.57%,--,220,461780,买盘
13:59:51,20.99,+0.57%,--,11,23089,卖盘
13:59:57,20.98,+0.53%,-0.01,150,314700,卖盘
14:00:00,20.98,+0.53%,--,17,35666,买盘
14:00:12,20.98,+0.53%,+0.01,28,58744,买盘
14:00:18,21.0,+0.62%,+0.02,17,35700,买盘
14:00:24,20.99,+0.57%,-0.01,39,81861,卖盘
14:00:30,20.98,+0.53%,-0.01,20,41960,卖盘
14:00:33,20.98,+0.53%,--,11,23078,卖盘
14:00:39,20.98,+0.53%,--,3,6294,买盘
14:00:45,20.99,+0.57%,+0.01,18,37782,买盘
14:00:48,20.99,+0.57%,--,4,8396,卖盘
14:00:54,20.99,+0.57%,--,13,27287,买盘
14:00:57,21.0,+0.62%,+0.01,14,29400,买盘
14:01:03,21.0,+0.62%,--,4,8400,买盘
14:01:06,21.01,+0.67%,+0.01,135,283635,买盘
14:01:12,21.03,+0.77%,+0.01,8,16824,买盘
14:01:15,21.03,+0.77%,--,25,52575,买盘
14:01:18,21.03,+0.77%,--,49,103047,买盘
14:01:21,21.02,+0.72%,-0.01,23,48346,买盘
14:01:27,21.0,+0.62%,-0.02,1,2100,卖盘
14:01:30,21.0,+0.62%,--,3,6300,卖盘
14:01:33,21.0,+0.62%,--,2,4200,卖盘
14:01:39,21.01,+0.67%,+0.01,33,69333,买盘
14:01:42,21.0,+0.62%,-0.01,1,2100,卖盘
14:01:45,21.01,+0.67%,+0.01,1,2101,买盘
14:01:48,21.01,+0.67%,--,24,50424,买盘
14:02:06,21.01,+0.67%,--,6,12606,买盘
14:02:09,21.0,+0.62%,-0.01,159,333900,卖盘
14:02:12,20.99,+0.57%,-0.01,40,83960,卖盘
14:02:21,20.99,+0.57%,--,5,10495,卖盘
14:02:33,20.99,+0.57%,-0.01,28,58772,卖盘
14:02:33,20.99,+0.57%,--,28,58772,中性盘
14:02:36,21.0,+0.62%,+0.01,21,44100,买盘
14:02:39,21.0,+0.62%,--,3,6300,买盘
14:02:42,21.0,+0.62%,--,19,39900,买盘
14:02:45,20.99,+0.57%,-0.01,3,6297,卖盘
14:02:48,20.99,+0.57%,--,17,35683,卖盘
14:03:03,20.98,+0.53%,-0.01,3,6294,卖盘
14:03:06,20.98,+0.53%,--,48,100704,卖盘
14:03:09,20.99,+0.57%,+0.01,2,4198,买盘
14:03:12,20.98,+0.53%,-0.01,25,52450,卖盘
14:03:15,20.98,+0.53%,--,70,146860,卖盘
14:03:21,20.97,+0.48%,-0.01,3,6291,卖盘
14:03:24,20.97,+0.48%,--,75,157275,卖盘
14:03:27,20.98,+0.53%,+0.01,34,71332,买盘
14:03:30,20.97,+0.48%,-0.01,33,69201,卖盘
14:03:33,20.98,+0.53%,+0.01,63,132174,买盘
14:03:36,20.97,+0.48%,-0.01,38,79686,卖盘
14:03:39,20.98,+0.53%,+0.01,6,12588,买盘
14:03:42,20.96,+0.43%,-0.02,45,94320,卖盘
14:03:45,20.97,+0.48%,+0.01,7,14679,卖盘
14:03:51,20.96,+0.43%,-0.01,4,8384,卖盘
14:03:54,20.96,+0.43%,--,154,322784,卖盘
14:04:00,20.96,+0.43%,--,10,20960,卖盘
14:04:03,20.96,+0.43%,--,1,2096,卖盘
14:04:12,20.97,+0.48%,+0.01,4,8388,买盘
14:04:15,20.97,+0.48%,--,48,100656,买盘
14:04:18,20.97,+0.48%,--,3,6291,买盘
14:04:21,20.97,+0.48%,--,1,2097,买盘
14:04:27,20.98,+0.53%,+0.01,146,306308,买盘
14:04:30,20.98,+0.53%,--,9,18882,买盘
14:04:45,20.97,+0.48%,-0.01,31,65007,卖盘
14:04:51,20.98,+0.53%,+0.01,26,54548,买盘
14:05:30,20.98,+0.53%,-0.01,129,270642,卖盘
14:05:33,20.98,+0.53%,--,16,33568,买盘
14:05:54,20.98,+0.53%,-0.01,33,69234,卖盘
14:05:57,20.98,+0.53%,--,8,16784,买盘
14:06:00,20.99,+0.57%,+0.01,10,20990,买盘
14:06:06,21.0,+0.62%,+0.01,7,14700,买盘
14:06:09,21.0,+0.62%,--,6,12600,买盘
14:06:12,20.99,+0.57%,-0.01,7,14693,卖盘
14:06:15,20.99,+0.57%,--,10,20990,买盘
14:06:21,20.99,+0.57%,--,4,8396,买盘
14:06:24,20.98,+0.53%,--,57,119586,中性盘
14:06:24,20.98,+0.53%,--,57,119586,卖盘
14:06:30,20.99,+0.57%,+0.01,4,8396,买盘
14:06:36,20.99,+0.57%,--,2,4198,买盘
14:06:39,20.99,+0.57%,--,18,37782,买盘
14:06:42,20.98,+0.53%,-0.01,57,119586,卖盘
14:06:48,20.99,+0.57%,+0.01,6,12594,买盘
14:06:54,20.98,+0.53%,-0.01,11,23078,卖盘
14:07:12,20.99,+0.57%,+0.01,33,69267,买盘
14:07:18,20.98,+0.53%,-0.01,50,104900,卖盘
14:07:21,20.98,+0.53%,--,7,14686,买盘
14:07:24,20.99,+0.57%,+0.01,14,29386,买盘
14:07:30,20.99,+0.57%,--,14,29386,买盘
14:07:33,20.98,+0.53%,-0.01,21,44058,卖盘
14:07:36,20.98,+0.53%,--,8,16784,卖盘
14:07:39,20.98,+0.53%,--,2,4196,卖盘
14:07:42,20.98,+0.53%,--,10,20980,卖盘
14:07:45,20.98,+0.53%,--,3,6294,卖盘
14:07:51,20.99,+0.57%,+0.01,5,10495,买盘
14:07:57,20.98,+0.53%,-0.01,6,12588,卖盘
14:08:09,20.98,+0.53%,--,16,33568,卖盘
14:08:15,20.98,+0.53%,--,13,27274,卖盘
14:08:24,20.98,+0.53%,--,22,46156,卖盘
14:08:27,20.98,+0.53%,--,7,14686,卖盘
14:08:30,20.98,+0.53%,--,5,10490,卖盘
14:08:51,20.97,+0.48%,-0.01,49,102753,卖盘
14:08:57,20.96,+0.43%,--,75,157200,卖盘
14:09:03,20.96,+0.43%,--,8,16768,买盘
14:09:06,20.96,+0.43%,--,11,23056,买盘
14:09:09,20.96,+0.43%,--,5,10480,买盘
14:09:12,20.97,+0.48%,+0.01,24,50328,买盘
14:09:15,20.98,+0.53%,+0.01,5,10490,买盘
14:09:18,20.98,+0.53%,--,10,20980,买盘
14:09:21,20.97,+0.48%,-0.01,9,18873,卖盘
14:09:24,20.98,+0.53%,+0.01,170,356660,买盘
14:09:27,20.98,+0.53%,--,13,27274,买盘
14:09:30,20.98,+0.53%,--,386,809828,买盘
14:09:33,20.99,+0.57%,+0.01,13,27287,买盘
14:09:36,20.99,+0.57%,--,3,6297,买盘
14:09:42,21.0,+0.62%,+0.01,37,77700,买盘
14:09:45,20.99,+0.57%,-0.01,26,54574,卖盘
14:09:48,21.0,+0.62%,+0.01,35,73500,买盘
14:09:51,21.0,+0.62%,--,28,58800,买盘
14:09:54,21.0,+0.62%,--,68,142800,买盘
14:10:00,21.01,+0.67%,+0.01,3,6303,中性盘
14:10:03,21.01,+0.67%,--,5,10505,卖盘
14:10:09,21.0,+0.62%,-0.01,56,117600,卖盘
14:10:09,21.0,+0.62%,-0.02,56,117600,中性盘
14:10:15,20.98,+0.53%,-0.02,170,356660,卖盘
14:10:18,20.98,+0.53%,--,1,2098,卖盘
14:10:24,20.98,+0.53%,--,49,102802,卖盘
14:10:48,21.0,+0.62%,+0.02,1,2100,买盘
14:10:57,20.99,+0.57%,-0.01,100,209900,卖盘
14:11:00,21.0,+0.62%,+0.01,10,21000,买盘
14:11:03,20.98,+0.53%,-0.02,89,186722,卖盘
14:11:06,20.99,+0.57%,+0.01,8,16792,买盘
14:11:21,20.98,+0.53%,-0.01,31,65038,卖盘
14:11:27,20.97,+0.48%,-0.01,51,106947,卖盘
14:11:30,20.97,+0.48%,--,5,10485,买盘
14:11:36,20.97,+0.48%,--,18,37746,买盘
14:11:39,20.96,+0.43%,-0.01,2,4192,卖盘
14:11:45,20.96,+0.43%,--,177,370992,卖盘
14:11:48,20.95,+0.38%,-0.01,113,236735,卖盘
14:11:51,20.95,+0.38%,--,9,18855,卖盘
14:11:54,20.95,+0.38%,--,3,6285,卖盘
14:12:00,20.95,+0.38%,--,13,27235,卖盘
14:12:03,20.96,+0.43%,+0.01,8,16768,买盘
14:12:06,20.96,+0.43%,--,45,94320,买盘
14:12:09,20.95,+0.38%,-0.01,19,39805,卖盘
14:12:15,20.95,+0.38%,--,23,48185,卖盘
14:12:18,20.96,+0.43%,+0.01,14,29344,买盘
14:12:27,20.96,+0.43%,--,3,6288,买盘
14:12:33,20.97,+0.48%,+0.01,83,174051,买盘
14:12:36,20.97,+0.48%,--,4,8388,买盘
14:12:42,20.97,+0.48%,--,51,106947,买盘
14:12:51,20.96,+0.43%,-0.01,49,102704,卖盘
14:12:54,20.95,+0.38%,-0.01,2,4190,卖盘
14:12:57,20.96,+0.43%,+0.01,6,12576,买盘
14:13:03,20.95,+0.38%,-0.01,54,113130,卖盘
14:13:06,20.94,+0.34%,-0.01,28,58632,卖盘
14:13:09,20.95,+0.38%,+0.01,38,79610,买盘
14:13:12,20.95,+0.38%,--,145,303775,买盘
14:13:15,20.94,+0.34%,-0.01,12,25128,中性盘
14:13:18,20.93,+0.29%,-0.01,11,23023,卖盘
14:13:24,20.94,+0.34%,+0.01,12,25128,买盘
14:13:36,20.94,+0.34%,--,24,50256,买盘
14:13:39,20.95,+0.38%,+0.01,18,37710,买盘
14:13:45,20.93,+0.29%,-0.02,179,374647,卖盘
14:13:51,20.93,+0.29%,--,3,6279,买盘
14:13:54,20.93,+0.29%,--,6,12558,买盘
14:13:57,20.91,+0.19%,-0.02,120,250920,卖盘
14:14:03,20.91,+0.19%,--,18,37638,中性盘
14:14:03,20.91,+0.19%,--,18,37638,卖盘
14:14:06,20.91,+0.19%,--,61,127551,卖盘
14:14:09,20.91,+0.19%,--,38,79458,卖盘
14:14:12,20.91,+0.19%,--,24,50184,买盘
14:14:15,20.9,+0.14%,-0.01,31,64790,卖盘
14:14:18,20.91,+0.19%,+0.01,34,71094,买盘
14:14:21,20.91,+0.19%,--,26,54366,买盘
14:14:24,20.9,+0.14%,-0.01,8,16720,卖盘
14:14:27,20.91,+0.19%,+0.01,8,16728,买盘
14:14:30,20.91,+0.19%,--,7,14637,买盘
14:14:33,20.91,+0.19%,--,9,18819,买盘
14:14:36,20.9,+0.14%,-0.01,53,110770,卖盘
14:14:39,20.9,+0.14%,--,1,2090,卖盘
14:14:45,20.9,+0.14%,-0.01,72,150480,卖盘
14:14:51,20.9,+0.14%,-0.01,126,263340,卖盘
14:14:54,20.9,+0.14%,--,72,150480,卖盘
14:15:00,20.9,+0.14%,--,21,43890,卖盘
14:15:03,20.9,+0.14%,--,11,22990,中性盘
14:15:06,20.9,+0.14%,--,12,25080,买盘
14:15:12,20.9,+0.14%,--,64,133760,卖盘
14:15:15,20.91,+0.19%,+0.01,6,12546,买盘
14:15:18,20.92,+0.24%,+0.01,34,71128,买盘
14:15:21,20.92,+0.24%,--,4,8368,买盘
14:15:24,20.92,+0.24%,--,6,12552,买盘
14:15:27,20.92,+0.24%,--,15,31380,买盘
14:15:33,20.92,+0.24%,--,23,48116,买盘
14:15:36,20.91,+0.19%,-0.01,118,246738,卖盘
14:15:39,20.91,+0.19%,--,19,39729,买盘
14:15:42,20.92,+0.24%,+0.01,3,6276,买盘
14:15:51,20.91,+0.19%,-0.01,17,35547,卖盘
14:15:54,20.91,+0.19%,--,34,71094,卖盘
14:16:03,20.92,+0.24%,+0.01,13,27196,中性盘
14:16:06,20.91,+0.19%,-0.01,64,133824,卖盘
14:16:09,20.92,+0.24%,+0.01,95,198740,买盘
14:16:12,20.92,+0.24%,--,58,121336,买盘
14:16:15,20.92,+0.24%,--,38,79496,买盘
14:16:18,20.92,+0.24%,--,54,112968,买盘
14:16:21,20.93,+0.29%,+0.01,6,12558,买盘
14:16:24,20.93,+0.29%,--,20,41860,买盘
14:16:27,20.94,+0.34%,+0.01,29,60726,买盘
14:16:30,20.93,+0.29%,-0.01,12,25116,中性盘
14:16:33,20.95,+0.38%,+0.02,3,6285,买盘
14:16:39,20.93,+0.29%,-0.02,9,18837,卖盘
14:16:42,20.93,+0.29%,--,4,8372,买盘
14:16:45,20.93,+0.29%,--,11,23023,买盘
14:16:48,20.94,+0.34%,+0.01,7,14658,买盘
14:16:51,20.92,+0.24%,-0.02,25,52300,卖盘
14:16:57,20.93,+0.29%,+0.01,9,18837,买盘
14:17:00,20.92,+0.24%,-0.01,21,43932,卖盘
14:17:03,20.92,+0.24%,--,30,62760,卖盘
14:17:06,20.91,+0.19%,-0.01,122,255102,卖盘
14:17:09,20.91,+0.19%,--,4,8364,卖盘
14:17:12,20.91,+0.19%,--,10,20910,卖盘
14:17:15,20.91,+0.19%,--,95,198645,卖盘
14:17:18,20.9,+0.14%,-0.01,63,131670,卖盘
14:17:21,20.91,+0.19%,+0.01,31,64821,买盘
14:17:24,20.9,+0.14%,-0.01,2,4180,卖盘
14:17:36,20.9,+0.14%,-0.01,26,54340,卖盘
14:17:42,20.89,+0.10%,-0.01,2,4178,卖盘
14:17:45,20.89,+0.10%,--,152,317528,卖盘
14:17:48,20.9,+0.14%,+0.01,24,50160,买盘
14:17:51,20.9,+0.14%,--,8,16720,买盘
14:17:51,20.9,+0.14%,--,8,16720,中性盘
14:17:54,20.9,+0.14%,--,37,77330,买盘
14:17:57,20.89,+0.10%,-0.01,35,73115,卖盘
14:18:00,20.89,+0.10%,--,81,169209,卖盘
14:18:09,20.89,+0.10%,--,113,236057,卖盘
14:18:12,20.89,+0.10%,--,13,27157,买盘
14:18:15,20.89,+0.10%,--,14,29246,买盘
14:18:18,20.89,+0.10%,--,26,54314,买盘
14:18:21,20.89,+0.10%,--,114,238146,买盘
14:18:24,20.89,+0.10%,--,40,83560,卖盘
14:18:27,20.88,+0.05%,-0.01,67,139896,卖盘
14:18:30,20.88,+0.05%,--,8,16704,卖盘
14:18:33,20.88,+0.05%,--,84,175392,卖盘
14:18:39,20.88,+0.05%,--,594,1240272,卖盘
14:18:42,20.88,+0.05%,--,29,60552,买盘
14:18:45,20.87,0.00%,-0.01,26,54262,卖盘
14:18:51,20.88,+0.05%,--,33,68904,买盘
14:18:54,20.87,0.00%,-0.01,10,20870,卖盘
14:19:00,20.87,0.00%,--,64,133568,卖盘
14:19:03,20.87,0.00%,--,139,290093,卖盘
14:19:09,20.87,0.00%,--,180,375660,卖盘
14:19:12,20.88,+0.05%,+0.01,33,68904,中性盘
14:19:18,20.9,+0.14%,+0.02,17,35530,买盘
14:19:21,20.88,+0.05%,-0.02,3,6264,卖盘
14:19:24,20.88,+0.05%,--,9,18792,卖盘
14:19:30,20.88,+0.05%,--,11,22968,卖盘
14:19:33,20.9,+0.14%,+0.02,3,6270,买盘
14:19:36,20.89,+0.10%,-0.01,11,22979,卖盘
14:19:39,20.89,+0.10%,--,18,37602,买盘
14:19:42,20.88,+0.05%,-0.01,98,204624,卖盘
14:19:48,20.88,+0.05%,--,95,198360,卖盘
14:19:57,20.88,+0.05%,--,53,110664,买盘
14:20:00,20.88,+0.05%,--,1,2088,买盘
14:20:06,20.88,+0.05%,--,220,459360,买盘
14:20:09,20.87,0.00%,-0.01,61,127307,买盘
14:20:12,20.87,0.00%,--,25,52175,买盘
14:20:15,20.88,+0.05%,+0.01,45,93960,买盘
14:20:18,20.88,+0.05%,--,26,54288,买盘
14:20:24,20.87,0.00%,-0.01,85,177395,卖盘
14:20:30,20.89,+0.10%,+0.02,3,6267,中性盘
14:20:33,20.88,+0.05%,-0.01,9,18792,中性盘
14:20:42,20.88,+0.05%,--,2,4176,买盘
14:20:51,20.88,+0.05%,--,10,20880,买盘
14:20:54,20.88,+0.05%,--,11,22968,买盘
14:20:57,20.87,0.00%,-0.01,265,553055,卖盘
14:21:00,20.87,0.00%,--,4,8348,买盘
14:21:06,20.87,0.00%,--,3,6261,买盘
14:21:15,20.86,-0.05%,-0.01,13,27118,卖盘
14:21:18,20.87,0.00%,+0.01,62,129394,买盘
14:21:21,20.87,0.00%,--,27,56349,买盘
14:21:24,20.87,0.00%,--,14,29218,买盘
14:21:27,20.87,0.00%,--,26,54262,买盘
14:21:39,20.87,0.00%,--,156,325572,卖盘
14:21:42,20.87,0.00%,--,2,4174,中性盘
14:21:51,20.88,+0.05%,+0.01,3,6264,买盘
14:21:54,20.87,0.00%,-0.01,3,6261,卖盘
14:21:57,20.88,+0.05%,+0.01,4,8352,买盘
14:22:03,20.88,+0.05%,--,4,8352,买盘
14:22:06,20.87,0.00%,-0.01,92,192004,卖盘
14:22:09,20.89,+0.10%,+0.02,7,14623,买盘
14:22:12,20.9,+0.14%,+0.01,15,31350,买盘
14:22:15,20.9,+0.14%,--,6,12540,买盘
14:22:18,20.9,+0.14%,--,3,6270,买盘
14:22:21,20.9,+0.14%,--,207,432630,买盘
14:22:24,20.9,+0.14%,--,30,62700,卖盘
14:22:27,20.91,+0.19%,+0.01,3,6273,买盘
14:22:30,20.91,+0.19%,--,17,35547,买盘
14:22:33,20.92,+0.24%,+0.01,12,25104,买盘
14:22:36,20.92,+0.24%,--,12,25104,买盘
14:22:39,20.94,+0.34%,+0.02,8,16752,买盘
14:22:42,20.93,+0.29%,-0.01,17,35581,中性盘
14:22:45,20.92,+0.24%,-0.01,15,31380,卖盘
14:22:48,20.94,+0.34%,+0.02,26,54444,买盘
14:22:54,20.94,+0.34%,--,13,27222,买盘
14:22:57,20.94,+0.34%,--,10,20940,买盘
14:23:00,20.95,+0.38%,+0.01,14,29330,买盘
14:23:03,20.95,+0.38%,--,21,43995,买盘
14:23:06,20.95,+0.38%,--,105,219975,买盘
14:23:12,20.95,+0.38%,--,37,77515,买盘
14:23:21,20.95,+0.38%,-0.01,8,16760,卖盘
14:23:24,20.94,+0.34%,-0.01,286,598884,卖盘
14:23:27,20.94,+0.34%,--,3,6282,买盘
14:23:30,20.96,+0.43%,+0.02,27,56592,买盘
14:23:33,20.93,+0.29%,-0.03,82,171626,卖盘
14:23:36,20.96,+0.43%,+0.03,7,14672,买盘
14:23:39,20.96,+0.43%,--,12,25152,买盘
14:23:42,20.95,+0.38%,-0.01,10,20950,卖盘
14:23:45,20.97,+0.48%,+0.02,6,12582,买盘
14:23:51,20.97,+0.48%,--,15,31455,中性盘
14:23:54,20.97,+0.48%,--,10,20970,买盘
14:24:00,20.97,+0.48%,--,19,39843,中性盘
14:24:03,20.98,+0.53%,+0.01,11,23078,买盘
14:24:06,20.98,+0.53%,--,4,8392,卖盘
14:24:09,20.98,+0.53%,--,54,113292,卖盘
14:24:12,20.97,+0.48%,-0.01,27,56619,中性盘
14:24:18,20.97,+0.48%,--,8,16776,买盘
14:24:24,20.97,+0.48%,--,52,109044,卖盘
14:24:27,20.97,+0.48%,--,29,60813,买盘
14:24:30,20.98,+0.53%,+0.01,1,2098,买盘
14:24:33,20.98,+0.53%,--,1,2098,买盘
14:24:36,20.99,+0.57%,+0.01,27,56673,买盘
14:24:39,20.99,+0.57%,--,8,16792,买盘
14:24:48,20.98,+0.53%,-0.01,70,146860,卖盘
14:24:54,20.99,+0.57%,+0.01,1,2099,买盘
14:24:57,20.99,+0.57%,--,40,83960,买盘
14:25:03,21.0,+0.62%,+0.01,5,10500,买盘
14:25:06,20.99,+0.57%,-0.01,526,1104074,卖盘
14:25:09,20.99,+0.57%,--,64,134336,卖盘
14:25:12,20.98,+0.53%,-0.01,33,69234,买盘
14:25:18,20.98,+0.53%,--,38,79724,买盘
14:25:21,20.95,+0.38%,-0.03,59,123605,卖盘
14:25:27,20.99,+0.57%,+0.03,210,440790,买盘
14:25:30,20.95,+0.38%,-0.04,1,2095,卖盘
14:25:30,20.95,+0.38%,--,1,2095,中性盘
14:25:33,20.96,+0.43%,+0.01,10,20960,中性盘
14:25:36,20.95,+0.38%,-0.01,41,85895,卖盘
14:25:42,20.97,+0.48%,+0.02,202,423594,买盘
14:25:45,20.98,+0.53%,+0.01,3,6294,买盘
14:25:51,20.98,+0.53%,--,5,10490,买盘
14:25:54,20.98,+0.53%,--,2,4196,买盘
14:26:00,21.0,+0.62%,+0.02,42,88200,买盘
14:26:03,21.0,+0.62%,--,5,10500,买盘
14:26:06,20.99,+0.57%,-0.01,9,18891,卖盘
14:26:09,21.01,+0.67%,+0.02,24,50424,买盘
14:26:12,21.0,+0.62%,-0.01,4,8400,买盘
14:26:15,21.01,+0.67%,+0.01,60,126060,买盘
14:26:18,21.01,+0.67%,--,23,48323,买盘
14:26:24,21.01,+0.67%,--,39,81939,买盘
14:26:27,21.02,+0.72%,+0.01,26,54652,买盘
14:26:30,21.02,+0.72%,--,17,35734,买盘
14:26:33,21.02,+0.72%,--,33,69366,买盘
14:26:36,21.02,+0.72%,--,1,2102,卖盘
14:26:39,21.02,+0.72%,--,35,73570,买盘
14:26:42,21.0,+0.62%,-0.02,14,29400,卖盘
14:26:45,21.0,+0.62%,--,6,12600,卖盘
14:26:48,21.0,+0.62%,--,20,42000,卖盘
14:26:51,21.0,+0.62%,--,12,25200,卖盘
14:26:54,21.0,+0.62%,--,4,8400,卖盘
14:26:57,21.01,+0.67%,+0.01,6,12606,买盘
14:27:00,21.0,+0.62%,-0.01,12,25200,卖盘
14:27:03,20.99,+0.57%,-0.01,16,33584,卖盘
14:27:06,20.99,+0.57%,--,11,23089,买盘
14:27:09,20.99,+0.57%,--,5,10495,买盘
14:27:15,20.99,+0.57%,--,38,79762,中性盘
14:27:21,21.0,+0.62%,+0.01,1,2100,买盘
14:27:27,20.98,+0.53%,-0.02,34,71332,卖盘
14:27:30,20.98,+0.53%,--,18,37764,买盘
14:27:36,20.98,+0.53%,--,6,12588,买盘
14:27:39,20.97,+0.48%,-0.01,58,121626,卖盘
14:27:42,20.96,+0.43%,-0.01,9,18864,卖盘
14:27:45,20.97,+0.48%,+0.01,39,81783,中性盘
14:27:48,20.95,+0.38%,-0.02,102,213690,卖盘
14:27:51,20.95,+0.38%,--,4,8380,卖盘
14:27:54,20.96,+0.43%,+0.01,7,14672,买盘
14:28:06,20.95,+0.38%,-0.01,23,48185,卖盘
14:28:12,20.95,+0.38%,-0.01,11,23045,卖盘
14:28:15,20.96,+0.43%,+0.01,1,2096,买盘
14:28:18,20.96,+0.43%,--,20,41920,买盘
14:28:21,20.96,+0.43%,--,1,2096,买盘
14:28:27,20.95,+0.38%,-0.01,1,2095,卖盘
14:28:30,20.95,+0.38%,--,15,31425,卖盘
14:28:36,20.96,+0.43%,+0.01,134,280864,买盘
14:28:39,20.96,+0.43%,--,25,52400,卖盘
14:28:45,20.95,+0.38%,-0.01,3,6285,卖盘
14:28:48,20.95,+0.38%,--,17,35615,卖盘
14:28:51,20.95,+0.38%,--,1,2095,卖盘
14:28:54,20.94,+0.34%,-0.01,253,529782,卖盘
14:28:57,20.94,+0.34%,--,62,129828,卖盘
14:29:00,20.93,+0.29%,-0.01,7,14651,卖盘
14:29:03,20.95,+0.38%,+0.02,19,39805,买盘
14:29:09,20.92,+0.24%,-0.03,4,8368,卖盘
14:29:18,20.92,+0.24%,--,1,2092,卖盘
14:29:21,20.92,+0.24%,--,5,10460,卖盘
14:29:21,20.92,+0.24%,--,5,10460,中性盘
14:29:27,20.92,+0.24%,--,25,52300,卖盘
14:29:30,20.92,+0.24%,--,84,175728,卖盘
14:29:33,20.92,+0.24%,--,9,18828,买盘
14:29:42,20.91,+0.19%,-0.01,42,87822,中性盘
14:29:51,20.91,+0.19%,--,6,12546,买盘
14:30:03,20.91,+0.19%,--,4,8364,买盘
14:30:06,20.9,+0.14%,-0.01,103,215270,卖盘
14:30:09,20.88,+0.05%,-0.02,43,89784,卖盘
14:30:15,20.9,+0.14%,+0.02,56,117040,买盘
14:30:18,20.9,+0.14%,--,23,48070,买盘
14:30:21,20.88,+0.05%,-0.02,9,18792,卖盘
14:30:24,20.89,+0.10%,+0.01,6,12534,中性盘
14:30:27,20.88,+0.05%,-0.01,33,68904,卖盘
14:30:30,20.9,+0.14%,+0.02,206,430540,买盘
14:30:33,20.9,+0.14%,--,2,4180,买盘
14:30:36,20.89,+0.10%,-0.01,57,119073,卖盘
14:30:39,20.89,+0.10%,--,4,8356,中性盘
14:30:45,20.89,+0.10%,--,11,22979,卖盘
14:30:48,20.89,+0.10%,--,18,37602,卖盘
14:30:54,20.89,+0.10%,--,4,8356,卖盘
14:30:57,20.9,+0.14%,+0.01,42,87780,买盘
14:31:00,20.9,+0.14%,--,7,14630,中性盘
14:31:03,20.89,+0.10%,-0.01,17,35513,卖盘
14:31:06,20.89,+0.10%,--,1,2089,卖盘
14:31:12,20.9,+0.14%,+0.01,18,37620,买盘
14:31:15,20.9,+0.14%,--,5,10450,买盘
14:31:24,20.89,+0.10%,--,13,27157,中性盘
14:31:27,20.89,+0.10%,--,4,8356,买盘
14:31:30,20.9,+0.14%,+0.01,13,27170,买盘
14:31:33,20.89,+0.10%,-0.01,1,2089,卖盘
14:31:36,20.9,+0.14%,+0.01,11,22990,买盘
14:31:39,20.9,+0.14%,--,231,482790,买盘
14:31:42,20.9,+0.14%,--,3,6270,卖盘
14:31:51,20.9,+0.14%,--,4,8360,卖盘
14:31:54,20.9,+0.14%,--,35,73150,卖盘
14:32:00,20.89,+0.10%,-0.01,7,14623,卖盘
14:32:03,20.9,+0.14%,+0.01,2,4180,买盘
14:32:06,20.89,+0.10%,-0.01,12,25068,卖盘
14:32:09,20.89,+0.10%,--,24,50136,卖盘
14:32:12,20.88,+0.05%,-0.01,90,187920,卖盘
14:32:18,20.88,+0.05%,-0.01,3,6264,卖盘
14:32:21,20.89,+0.10%,+0.01,11,22979,卖盘
14:32:24,20.89,+0.10%,--,5,10445,卖盘
14:32:36,20.87,0.00%,-0.02,156,325572,卖盘
14:32:39,20.87,0.00%,--,21,43827,卖盘
14:32:42,20.88,+0.05%,+0.01,19,39672,买盘
14:32:45,20.88,+0.05%,--,5,10440,买盘
14:32:48,20.88,+0.05%,--,3,6264,买盘
14:32:51,20.88,+0.05%,--,1,2088,卖盘
14:33:00,20.88,+0.05%,--,15,31320,买盘
14:33:09,20.88,+0.05%,--,26,54288,卖盘
14:48:30,20.83,-0.19%,--,19,39577,中性盘
14:48:30,20.83,-0.19%,--,19,39577,卖盘
14:48:36,20.83,-0.19%,--,8,16664,卖盘
14:48:39,20.84,-0.14%,+0.01,25,52100,买盘
14:48:42,20.83,-0.19%,-0.01,9,18747,买盘
14:48:45,20.83,-0.19%,--,36,74988,卖盘
14:48:48,20.82,-0.24%,-0.01,4,8328,卖盘
14:48:51,20.83,-0.19%,+0.01,6,12498,卖盘
14:48:54,20.83,-0.19%,--,14,29162,买盘
14:48:57,20.83,-0.19%,--,4,8332,中性盘
14:49:00,20.83,-0.19%,--,31,64573,买盘
14:49:03,20.82,-0.24%,-0.01,12,24984,卖盘
14:49:06,20.82,-0.24%,--,1,2082,卖盘
14:49:09,20.81,-0.29%,-0.01,30,62430,卖盘
14:49:12,20.81,-0.29%,--,40,83240,卖盘
14:49:15,20.82,-0.24%,+0.01,11,22902,买盘
14:49:21,20.81,-0.29%,-0.01,82,170642,卖盘
14:49:24,20.81,-0.29%,--,8,16648,买盘
14:49:30,20.8,-0.34%,-0.01,2,4160,卖盘
14:49:33,20.81,-0.29%,+0.01,19,39539,买盘
14:49:36,20.8,-0.34%,-0.01,14,29120,卖盘
14:49:39,20.8,-0.34%,--,109,226720,卖盘
14:49:42,20.8,-0.34%,--,24,49920,卖盘
14:49:45,20.8,-0.34%,--,10,20800,卖盘
14:49:48,20.81,-0.29%,+0.01,218,453658,买盘
14:49:51,20.8,-0.34%,-0.01,191,397280,卖盘
14:49:54,20.82,-0.24%,+0.02,6,12492,买盘
14:49:57,20.8,-0.34%,-0.02,69,143520,卖盘
14:50:00,20.81,-0.29%,+0.01,42,87402,买盘
14:50:03,20.82,-0.24%,+0.01,6,12492,买盘
14:50:06,20.82,-0.24%,--,71,147822,买盘
14:50:09,20.82,-0.24%,--,124,258168,买盘
14:50:12,20.82,-0.24%,--,302,628764,买盘
14:50:15,20.82,-0.24%,--,5,10410,卖盘
14:50:18,20.82,-0.24%,--,14,29148,卖盘
14:50:21,20.82,-0.24%,--,13,27066,卖盘
14:50:24,20.82,-0.24%,--,213,443466,卖盘
14:50:30,20.83,-0.19%,+0.01,12,24996,买盘
14:50:33,20.83,-0.19%,--,54,112482,买盘
14:50:36,20.83,-0.19%,--,17,35411,买盘
14:50:39,20.83,-0.19%,--,21,43743,买盘
14:50:45,20.83,-0.19%,--,7,14581,卖盘
14:50:48,20.84,-0.14%,+0.01,1,2084,买盘
14:50:51,20.84,-0.14%,--,27,56268,买盘
14:50:54,20.83,-0.19%,-0.01,76,158308,卖盘
14:50:57,20.84,-0.14%,+0.01,61,127124,买盘
14:51:00,20.84,-0.14%,--,39,81276,买盘
14:51:03,20.84,-0.14%,--,5,10420,买盘
14:51:06,20.83,-0.19%,-0.01,102,212466,卖盘
14:51:09,20.84,-0.14%,+0.01,9,18756,中性盘
14:51:12,20.85,-0.10%,+0.01,5,10425,买盘
14:51:15,20.84,-0.14%,-0.01,1,2084,卖盘
14:51:18,20.85,-0.10%,+0.01,19,39615,买盘
14:51:21,20.85,-0.10%,--,486,1013310,买盘
14:51:24,20.85,-0.10%,--,113,235605,买盘
14:51:27,20.85,-0.10%,--,101,210585,买盘
14:51:30,20.86,-0.05%,+0.01,7,14602,买盘
14:51:33,20.86,-0.05%,--,33,68838,买盘
14:51:36,20.87,0.00%,+0.01,19,39653,买盘
14:51:39,20.85,-0.10%,-0.02,339,706815,卖盘
14:51:42,20.85,-0.10%,--,11,22935,买盘
14:51:45,20.85,-0.10%,--,69,143865,买盘
14:51:48,20.84,-0.14%,-0.01,322,671048,卖盘
14:51:51,20.85,-0.10%,+0.01,7,14595,卖盘
14:51:54,20.86,-0.05%,+0.01,9,18774,买盘
14:51:57,20.86,-0.05%,--,21,43806,买盘
14:52:00,20.86,-0.05%,--,81,168966,买盘
14:52:03,20.86,-0.05%,--,4,8344,卖盘
14:52:09,20.86,-0.05%,--,30,62580,卖盘
14:52:18,20.87,0.00%,+0.01,44,91828,买盘
14:52:18,20.87,0.00%,--,44,91828,中性盘
14:52:24,20.87,0.00%,--,7,14609,卖盘
14:52:27,20.87,0.00%,--,4,8348,卖盘
14:52:30,20.86,-0.05%,-0.01,97,202342,卖盘
14:52:33,20.87,0.00%,+0.01,10,20870,买盘
14:52:36,20.86,-0.05%,-0.01,30,62580,卖盘
14:52:39,20.86,-0.05%,--,47,98042,卖盘
14:52:42,20.87,0.00%,+0.01,37,77219,买盘
14:52:45,20.87,0.00%,--,17,35479,买盘
14:52:48,20.87,0.00%,--,63,131481,买盘
14:52:51,20.87,0.00%,--,2,4174,买盘
14:52:57,20.86,-0.05%,-0.01,34,70924,卖盘
14:53:03,20.87,0.00%,--,15,31305,买盘
14:53:06,20.87,0.00%,--,18,37566,买盘
14:53:09,20.86,-0.05%,-0.01,21,43806,卖盘
14:53:12,20.87,0.00%,+0.01,141,294267,买盘
14:53:15,20.87,0.00%,--,58,121046,买盘
14:53:18,20.87,0.00%,--,289,603143,买盘
14:53:21,20.87,0.00%,--,13,27131,买盘
14:53:24,20.87,0.00%,--,31,64697,买盘
14:53:27,20.87,0.00%,--,83,173221,买盘
14:53:30,20.86,-0.05%,-0.01,38,79268,卖盘
14:53:33,20.87,0.00%,+0.01,20,41740,买盘
14:53:36,20.88,+0.05%,+0.01,13,27144,买盘
14:53:39,20.87,0.00%,-0.01,46,96002,卖盘
14:53:45,20.87,0.00%,--,12,25044,卖盘
14:53:48,20.88,+0.05%,+0.01,21,43848,买盘
14:53:51,20.88,+0.05%,--,22,45936,买盘
14:53:54,20.88,+0.05%,--,60,125280,买盘
14:53:57,20.88,+0.05%,--,18,37584,买盘
14:54:00,20.87,0.00%,-0.01,141,294267,卖盘
14:54:03,20.88,+0.05%,+0.01,7,14616,中性盘
14:54:09,20.87,0.00%,-0.01,15,31305,卖盘
14:54:12,20.88,+0.05%,+0.01,22,45936,卖盘
14:54:18,20.89,+0.10%,+0.01,2,4178,买盘
14:54:24,20.88,+0.05%,-0.01,10,20880,卖盘
14:54:27,20.89,+0.10%,+0.01,18,37602,买盘
14:54:30,20.88,+0.05%,-0.01,116,242208,卖盘
14:54:39,20.88,+0.05%,--,20,41760,卖盘
14:54:42,20.89,+0.10%,+0.01,10,20890,买盘
14:54:48,20.88,+0.05%,-0.01,11,22968,卖盘
14:54:51,20.88,+0.05%,--,2,4176,卖盘
14:54:54,20.89,+0.10%,+0.01,27,56403,买盘
14:54:57,20.88,+0.05%,-0.01,50,104400,卖盘
14:55:00,20.89,+0.10%,+0.01,28,58492,买盘
14:55:03,20.88,+0.05%,-0.01,109,227592,卖盘
14:55:06,20.88,+0.05%,--,47,98136,卖盘
14:55:09,20.89,+0.10%,+0.01,62,129518,中性盘
14:55:12,20.88,+0.05%,-0.01,38,79344,卖盘
14:55:18,20.88,+0.05%,-0.01,21,43848,卖盘
14:55:21,20.88,+0.05%,--,106,221328,卖盘
14:55:24,20.88,+0.05%,--,46,96048,卖盘
14:55:27,20.88,+0.05%,--,57,119016,卖盘
14:55:30,20.88,+0.05%,--,44,91872,卖盘
14:55:33,20.89,+0.10%,+0.01,74,154586,买盘
14:55:39,20.88,+0.05%,+0.01,40,83520,中性盘
14:55:42,20.87,0.00%,-0.01,30,62610,卖盘
14:55:45,20.88,+0.05%,+0.01,15,31320,买盘
14:55:48,20.89,+0.10%,+0.01,100,208900,买盘
14:55:51,20.87,0.00%,-0.02,29,60523,卖盘
14:55:54,20.88,+0.05%,+0.01,91,190008,买盘
14:55:57,20.88,+0.05%,--,28,58464,卖盘
14:56:00,20.87,0.00%,-0.01,27,56349,卖盘
14:56:03,20.88,+0.05%,+0.01,37,77256,买盘
14:56:06,20.89,+0.10%,+0.01,52,108628,买盘
14:56:09,20.88,+0.05%,-0.01,34,70992,卖盘
14:56:09,20.88,+0.05%,--,34,70992,中性盘
14:56:12,20.88,+0.05%,--,21,43848,卖盘
14:56:15,20.88,+0.05%,--,31,64728,卖盘
14:56:18,20.89,+0.10%,+0.01,30,62670,买盘
14:56:21,20.88,+0.05%,-0.01,19,39672,卖盘
14:56:24,20.88,+0.05%,--,112,233856,卖盘
14:56:27,20.9,+0.14%,+0.02,6,12540,买盘
14:56:30,20.9,+0.14%,--,120,250800,买盘
14:56:33,20.91,+0.19%,+0.01,11,23001,买盘
14:56:36,20.9,+0.14%,-0.01,19,39710,卖盘
14:56:39,20.91,+0.19%,+0.01,40,83640,买盘
14:56:42,20.9,+0.14%,-0.01,90,188100,卖盘
14:56:45,20.9,+0.14%,--,86,179740,买盘
14:56:48,20.88,+0.05%,-0.02,41,85608,卖盘
14:56:51,20.9,+0.14%,+0.02,100,209000,买盘
14:56:57,20.9,+0.14%,--,2,4180,卖盘
14:57:00,20.9,+0.14%,--,41,85690,卖盘
15:00:00,20.86,-0.05%,-0.04,3368,7025648,卖盘
