成交时间,成交价,涨跌幅,价格变动,成交量(手),成交额(元),性质
09:15:03,0.0,-100.00%,--,0,0,中性盘
09:25:03,44.6,+5.74%,--,3102,13837596,--
09:25:03,44.6,+5.74%,--,3102,13837596,中性盘
09:30:03,44.77,+6.14%,+0.17,3597,16107216,买盘
09:30:06,44.75,+6.09%,-0.02,1767,7911621,卖盘
09:30:09,44.98,+6.64%,+0.23,1255,5647014,买盘
09:30:12,44.99,+6.66%,+0.01,486,2186514,买盘
09:30:15,44.9,+6.45%,-0.09,762,3421380,中性盘
09:30:18,45.05,+6.80%,+0.15,1719,7744095,买盘
09:30:21,44.84,+6.31%,-0.21,1460,6547985,卖盘
09:30:24,44.71,+6.00%,-0.13,1322,5911824,卖盘
09:30:27,44.82,+6.26%,+0.11,1885,8449466,买盘
09:30:30,44.64,+5.83%,-0.18,3624,16179813,卖盘
09:30:33,44.59,+5.71%,-0.05,1268,5655796,卖盘
09:30:36,44.5,+5.50%,-0.09,1646,7324700,卖盘
09:30:39,44.59,+5.71%,+0.09,1000,4459580,买盘
09:30:42,44.5,+5.50%,-0.09,286,1272700,卖盘
09:30:45,44.37,+5.19%,-0.13,479,2129183,卖盘
09:30:48,44.37,+5.19%,--,511,2267307,买盘
09:30:51,44.27,+4.95%,-0.1,229,1013783,卖盘
09:30:54,44.16,+4.69%,-0.11,262,1156992,卖盘
09:30:57,44.2,+4.79%,+0.04,197,870740,买盘
09:31:00,44.32,+5.07%,+0.12,2057,9118707,买盘
09:31:03,44.15,+4.67%,-0.17,944,4169968,卖盘
09:31:06,44.15,+4.67%,--,447,1973505,买盘
09:31:09,44.32,+5.07%,+0.17,925,4099600,买盘
09:31:12,44.27,+4.95%,-0.05,306,1358956,卖盘
09:31:15,44.04,+4.41%,-0.23,2369,10435410,卖盘
09:31:18,44.0,+4.31%,-0.04,673,2961200,卖盘
09:31:21,43.99,+4.29%,-0.01,607,2670193,卖盘
09:31:24,44.0,+4.31%,+0.01,417,1834800,买盘
09:31:27,43.94,+4.17%,-0.06,417,1832298,中性盘
09:31:30,43.95,+4.20%,+0.01,576,2531520,买盘
09:31:33,43.86,+3.98%,-0.09,275,1206150,中性盘
09:31:36,43.83,+3.91%,-0.03,226,990558,中性盘
09:31:39,43.7,+3.60%,-0.13,168,734160,中性盘
09:31:42,43.66,+3.51%,-0.04,54,235764,中性盘
09:31:45,43.5,+3.13%,-0.16,450,1961415,卖盘
09:31:45,43.5,+3.13%,--,450,1961415,中性盘
09:31:45,43.5,+3.13%,--,450,1961415,卖盘
09:31:48,43.5,+3.13%,--,138,600735,卖盘
09:31:51,43.5,+3.13%,--,187,813450,买盘
09:31:54,43.5,+3.13%,--,484,2105400,买盘
09:31:57,43.45,+3.01%,-0.05,705,3063225,卖盘
09:32:00,43.45,+3.01%,--,547,2376715,买盘
09:32:03,43.6,+3.37%,+0.15,899,3923782,买盘
09:32:06,43.68,+3.56%,+0.08,673,2941455,买盘
09:32:09,43.66,+3.51%,-0.02,323,1410218,卖盘
09:32:12,43.59,+3.34%,-0.07,371,1619369,卖盘
09:32:15,43.5,+3.13%,-0.09,537,2338125,卖盘
09:32:18,43.76,+3.75%,+0.26,171,748296,买盘
09:32:21,43.62,+3.41%,-0.14,352,1535424,卖盘
09:32:24,43.6,+3.37%,-0.02,230,1002800,中性盘
09:32:27,43.57,+3.30%,-0.03,329,1433453,卖盘
09:32:30,43.62,+3.41%,+0.05,509,2222177,买盘
09:32:33,43.62,+3.41%,--,282,1230084,中性盘
09:32:36,43.61,+3.39%,-0.01,100,436100,卖盘
09:32:39,43.58,+3.32%,-0.03,309,1346622,卖盘
09:32:42,43.62,+3.41%,+0.04,190,828780,买盘
09:32:45,43.6,+3.37%,-0.02,188,819680,卖盘
09:32:48,43.6,+3.37%,--,428,1866080,买盘
09:32:51,43.61,+3.39%,+0.01,448,1953728,买盘
09:32:54,43.6,+3.37%,-0.01,267,1164120,卖盘
09:32:57,43.62,+3.41%,+0.02,346,1509252,买盘
09:33:00,43.61,+3.39%,-0.01,227,992128,卖盘
09:33:03,43.57,+3.30%,-0.04,232,1010824,卖盘
09:33:06,43.55,+3.25%,-0.02,554,2414848,中性盘
09:33:09,43.39,+2.87%,-0.16,322,1397158,卖盘
09:33:12,43.4,+2.89%,+0.01,469,2035460,买盘
09:33:15,43.23,+2.49%,-0.17,62,268026,卖盘
09:33:18,43.22,+2.47%,-0.01,72,311184,卖盘
09:33:21,43.22,+2.47%,--,184,795248,买盘
09:33:24,43.0,+1.94%,-0.22,369,1586700,卖盘
09:33:27,43.0,+1.94%,--,272,1169600,卖盘
09:33:30,43.06,+2.09%,+0.06,59,254054,中性盘
09:33:33,43.0,+1.94%,-0.06,141,606300,卖盘
09:33:36,42.96,+1.85%,-0.04,106,455376,卖盘
09:33:39,42.95,+1.83%,-0.01,83,356485,中性盘
09:33:42,43.09,+2.16%,+0.14,1414,6097020,买盘
09:33:45,43.0,+1.94%,-0.09,573,2466050,卖盘
09:33:48,42.96,+1.85%,-0.04,249,1069704,卖盘
09:33:51,43.03,+2.02%,+0.07,298,1285177,买盘
09:33:54,43.01,+1.97%,-0.02,184,791384,中性盘
09:33:57,42.97,+1.87%,-0.04,290,1246130,卖盘
09:34:00,43.01,+1.97%,+0.04,383,1647283,中性盘
09:34:03,43.0,+1.94%,-0.01,134,576200,中性盘
09:34:06,42.95,+1.83%,-0.05,163,700085,卖盘
09:34:09,42.92,+1.75%,-0.03,617,2648164,中性盘
09:34:12,42.95,+1.83%,+0.03,302,1297090,买盘
09:34:15,42.76,+1.38%,-0.19,419,1791644,卖盘
09:34:18,42.73,+1.30%,-0.03,229,978517,中性盘
09:34:21,42.72,+1.28%,-0.01,84,358848,中性盘
09:34:24,42.62,+1.04%,-0.1,176,750112,卖盘
09:34:27,42.73,+1.30%,+0.11,112,478576,买盘
09:34:30,42.71,+1.26%,-0.02,277,1183067,中性盘
09:34:33,42.64,+1.09%,-0.07,156,665184,中性盘
09:34:36,42.72,+1.28%,+0.08,197,841584,中性盘
09:34:39,42.6,+1.00%,-0.12,133,566580,卖盘
09:34:42,42.6,+1.00%,--,203,864780,买盘
09:34:45,42.62,+1.04%,+0.02,250,1065500,买盘
09:34:48,42.59,+0.97%,-0.03,180,769175,卖盘
09:34:51,42.64,+1.09%,+0.05,150,639600,买盘
09:34:54,42.51,+0.78%,-0.13,330,1402830,卖盘
09:34:57,42.51,+0.78%,--,273,1164731,卖盘
09:35:00,42.52,+0.81%,+0.01,337,1435050,卖盘
09:35:03,42.6,+1.00%,+0.08,331,1410060,卖盘
09:35:06,42.62,+1.04%,+0.02,497,2122433,卖盘
09:35:06,42.62,+1.04%,-0.09,497,2122433,中性盘
09:35:09,42.53,+0.83%,-0.09,153,650709,卖盘
09:35:12,42.49,+0.73%,-0.04,273,1159977,卖盘
09:35:15,42.51,+0.78%,+0.02,400,1700400,买盘
09:35:18,42.47,+0.69%,-0.04,132,560604,中性盘
09:35:21,42.39,+0.50%,-0.08,267,1131813,卖盘
09:35:24,42.4,+0.52%,+0.01,195,826800,买盘
09:35:27,42.39,+0.50%,-0.01,146,618894,卖盘
09:35:30,42.36,+0.43%,-0.03,197,834492,卖盘
09:35:33,42.33,+0.36%,-0.03,565,2391645,卖盘
09:35:36,42.36,+0.43%,+0.03,326,1380936,买盘
09:35:39,42.32,+0.33%,-0.04,92,389344,中性盘
09:35:42,42.32,+0.33%,--,139,588248,买盘
09:35:45,42.34,+0.38%,+0.02,427,1811940,买盘
09:35:48,42.29,+0.26%,-0.05,307,1298514,卖盘
09:35:51,42.35,+0.40%,+0.06,320,1359223,买盘
09:35:54,42.31,+0.31%,-0.04,134,566954,卖盘
09:35:57,42.31,+0.31%,--,216,914108,卖盘
09:36:00,42.32,+0.33%,+0.01,135,571320,买盘
09:36:03,42.38,+0.47%,+0.06,81,347304,买盘
09:36:06,42.5,+0.76%,+0.12,202,862665,买盘
09:36:09,42.44,+0.62%,-0.06,148,628112,卖盘
09:36:12,42.39,+0.50%,-0.05,365,1547235,卖盘
09:36:15,42.36,+0.43%,-0.03,378,1601420,卖盘
09:36:18,42.45,+0.64%,+0.09,411,1748728,买盘
09:36:21,42.44,+0.62%,-0.01,132,561099,卖盘
09:36:24,42.59,+0.97%,+0.15,279,1188261,买盘
09:36:27,42.6,+1.00%,+0.01,73,310980,买盘
09:36:30,42.6,+1.00%,--,259,1103340,买盘
09:36:33,42.67,+1.16%,+0.07,49,209083,买盘
09:36:36,42.73,+1.30%,+0.06,279,1192167,买盘
09:36:39,42.67,+1.16%,-0.06,350,1493706,卖盘
09:36:42,42.73,+1.30%,+0.06,86,367478,卖盘
09:36:45,42.83,+1.54%,+0.1,106,453998,买盘
09:36:48,42.92,+1.75%,+0.09,476,2042992,买盘
09:36:51,42.9,+1.71%,-0.02,175,750750,卖盘
09:36:54,42.9,+1.71%,--,305,1310595,卖盘
09:36:57,42.98,+1.90%,+0.08,274,1177652,中性盘
09:37:00,43.01,+1.97%,+0.03,607,2614406,买盘
09:37:03,42.99,+1.92%,-0.02,330,1418670,卖盘
09:37:06,43.0,+1.94%,+0.01,569,2448248,中性盘
09:37:09,43.01,+1.97%,+0.01,338,1453738,买盘
09:37:12,43.15,+2.30%,+0.14,79,340885,买盘
09:37:15,43.02,+1.99%,-0.13,190,817380,卖盘
09:37:18,43.08,+2.13%,+0.06,136,585888,中性盘
09:37:21,42.9,+1.71%,-0.18,1882,8073780,卖盘
09:37:24,43.02,+1.99%,+0.12,270,1161540,买盘
09:37:27,43.04,+2.04%,+0.02,201,865104,买盘
09:37:30,42.98,+1.90%,-0.06,73,313754,卖盘
09:37:33,43.02,+1.99%,+0.04,232,998064,买盘
09:37:36,43.05,+2.06%,+0.03,205,882525,买盘
09:37:39,43.08,+2.13%,+0.03,91,392028,买盘
09:37:42,43.07,+2.11%,-0.01,82,353174,中性盘
09:37:45,43.08,+2.13%,+0.01,69,298846,买盘
09:37:48,43.08,+2.13%,--,141,607428,卖盘
09:37:51,43.19,+2.39%,+0.11,275,1188848,买盘
09:37:54,43.1,+2.18%,-0.09,85,366350,中性盘
09:37:57,43.17,+2.35%,+0.07,12,51804,中性盘
09:38:00,43.19,+2.39%,+0.02,33,142527,买盘
09:38:03,43.19,+2.39%,--,149,643531,卖盘
09:38:06,43.19,+2.39%,--,286,1235234,卖盘
09:38:09,43.26,+2.56%,+0.07,172,748268,买盘
09:38:12,43.28,+2.61%,+0.02,145,627690,买盘
09:38:15,43.15,+2.30%,-0.13,616,2658040,卖盘
09:38:18,43.21,+2.44%,+0.06,364,1572844,买盘
09:38:21,43.2,+2.42%,-0.01,92,397440,中性盘
09:38:24,43.22,+2.47%,+0.02,146,631012,买盘
09:38:27,43.15,+2.30%,-0.07,122,526430,卖盘
09:38:27,43.15,+2.30%,--,122,526430,中性盘
09:38:30,43.22,+2.47%,+0.07,265,1145330,卖盘
09:38:33,43.39,+2.87%,+0.17,401,1739939,买盘
09:38:36,43.3,+2.66%,-0.09,91,394030,卖盘
09:38:39,43.39,+2.87%,+0.09,217,941563,中性盘
09:38:42,43.31,+2.68%,-0.08,8,34648,卖盘
09:38:45,43.44,+2.99%,+0.13,161,702946,买盘
09:38:48,43.46,+3.03%,+0.02,35,152110,买盘
09:38:51,43.39,+2.87%,-0.07,91,395630,卖盘
09:38:54,43.43,+2.96%,+0.04,142,616706,买盘
09:38:57,43.4,+2.89%,-0.03,323,1401820,中性盘
09:39:00,43.43,+2.96%,+0.03,246,1068378,买盘
09:39:03,43.4,+2.89%,-0.03,44,190960,卖盘
09:39:06,43.41,+2.92%,+0.01,99,429802,中性盘
09:39:09,43.51,+3.15%,+0.1,502,2186378,买盘
09:39:12,43.42,+2.94%,-0.09,139,603538,卖盘
09:39:15,43.5,+3.13%,+0.08,150,656285,买盘
09:39:18,43.46,+3.03%,-0.04,182,790972,卖盘
09:39:21,43.46,+3.03%,--,138,599748,卖盘
09:39:24,43.51,+3.15%,+0.05,247,1074697,买盘
09:39:27,43.48,+3.08%,-0.03,151,656548,卖盘
09:39:30,43.46,+3.03%,-0.02,154,669284,卖盘
09:39:33,43.5,+3.13%,+0.04,176,765600,买盘
09:39:36,43.48,+3.08%,-0.02,87,378276,卖盘
09:39:39,43.52,+3.18%,+0.04,119,517888,买盘
09:39:42,43.5,+3.13%,-0.02,150,652500,卖盘
09:39:45,43.5,+3.13%,--,47,204450,卖盘
09:39:48,43.56,+3.27%,+0.06,245,1067220,买盘
09:39:51,43.55,+3.25%,-0.01,26,113230,中性盘
09:39:54,43.59,+3.34%,+0.04,495,2159667,买盘
09:39:57,43.6,+3.37%,+0.01,198,863280,买盘
09:40:00,43.58,+3.32%,-0.02,136,595085,卖盘
09:40:03,43.59,+3.34%,+0.01,280,1222482,买盘
09:40:06,43.61,+3.39%,+0.02,138,603911,买盘
09:40:09,43.53,+3.20%,-0.08,521,2268218,卖盘
09:40:12,43.49,+3.11%,-0.04,708,3079092,卖盘
09:40:15,43.6,+3.37%,+0.11,267,1164120,买盘
09:40:18,43.68,+3.56%,+0.08,334,1458912,买盘
09:40:21,43.59,+3.34%,-0.09,108,470772,卖盘
09:40:24,43.59,+3.34%,--,177,771543,卖盘
09:40:27,43.6,+3.37%,+0.01,96,418560,买盘
09:40:30,43.62,+3.41%,+0.02,44,191928,中性盘
09:40:33,43.68,+3.56%,+0.06,197,862505,买盘
09:40:36,43.61,+3.39%,-0.07,445,1944919,卖盘
09:40:39,43.65,+3.49%,+0.04,71,309915,买盘
09:40:42,43.6,+3.37%,-0.05,190,828400,卖盘
09:40:45,43.6,+3.37%,--,495,2160380,卖盘
09:40:48,43.56,+3.27%,-0.04,181,788436,中性盘
09:40:51,43.52,+3.18%,-0.04,81,354688,中性盘
09:40:54,43.55,+3.25%,+0.03,203,884065,中性盘
09:40:57,43.52,+3.18%,-0.03,29,126208,卖盘
09:41:00,43.56,+3.27%,+0.04,118,515097,买盘
09:41:03,43.56,+3.27%,--,71,309276,买盘
09:41:06,43.51,+3.15%,-0.05,119,521032,卖盘
09:41:09,43.55,+3.25%,+0.04,66,287430,买盘
09:41:12,43.6,+3.37%,+0.05,376,1639360,买盘
09:41:15,43.67,+3.53%,+0.07,527,2301409,买盘
09:41:18,43.63,+3.44%,-0.04,332,1448516,卖盘
09:41:21,43.67,+3.53%,+0.04,180,788112,中性盘
09:41:24,43.68,+3.56%,+0.01,43,187824,买盘
09:41:27,43.68,+3.56%,--,108,471744,买盘
09:41:30,43.68,+3.56%,--,101,441168,卖盘
09:41:33,43.69,+3.58%,+0.01,110,480590,卖盘
09:41:36,43.69,+3.58%,--,114,498066,卖盘
09:41:39,43.7,+3.60%,+0.01,223,974510,买盘
09:41:42,43.63,+3.44%,-0.07,597,2604711,卖盘
09:41:45,43.59,+3.34%,-0.04,107,466413,卖盘
09:41:48,43.58,+3.32%,-0.01,184,801872,中性盘
09:41:48,43.58,+3.32%,--,184,801872,中性盘
09:41:51,43.58,+3.32%,--,41,178678,买盘
09:41:54,43.61,+3.39%,+0.03,56,244216,买盘
09:41:57,43.6,+3.37%,-0.01,39,170040,中性盘
09:42:00,43.62,+3.41%,+0.02,89,388218,买盘
09:42:06,43.59,+3.34%,-0.03,193,841287,卖盘
09:42:09,43.63,+3.44%,+0.04,126,553359,买盘
09:42:12,43.6,+3.37%,-0.03,168,733221,卖盘
09:42:15,43.61,+3.39%,+0.01,61,266021,卖盘
09:42:18,43.67,+3.53%,+0.06,71,310057,买盘
09:42:21,43.65,+3.49%,-0.02,164,719483,卖盘
09:42:24,43.69,+3.58%,+0.04,277,1214407,买盘
09:42:27,43.73,+3.67%,+0.04,23,100579,中性盘
09:42:30,43.76,+3.75%,+0.03,56,245056,卖盘
09:42:33,43.86,+3.98%,+0.1,170,745620,买盘
09:42:36,43.86,+3.98%,--,71,311406,买盘
09:42:39,43.9,+4.08%,+0.04,78,346591,买盘
09:42:42,43.9,+4.08%,--,233,1022870,中性盘
09:42:45,43.91,+4.10%,+0.01,50,219550,中性盘
09:42:48,43.92,+4.13%,+0.01,120,527260,买盘
09:42:51,43.89,+4.05%,-0.03,203,890967,卖盘
09:42:54,43.94,+4.17%,+0.05,350,1537900,买盘
09:42:57,43.92,+4.13%,-0.02,85,377492,卖盘
09:43:00,43.95,+4.20%,+0.03,77,338415,买盘
09:43:03,43.95,+4.20%,--,311,1366845,卖盘
09:43:06,43.95,+4.20%,--,120,527400,中性盘
09:43:09,43.92,+4.13%,-0.03,58,254736,中性盘
09:43:12,43.89,+4.05%,-0.03,590,2589510,卖盘
09:43:15,43.9,+4.08%,+0.01,187,820930,买盘
09:43:18,43.91,+4.10%,+0.01,37,162467,买盘
09:43:21,43.9,+4.08%,-0.01,39,171210,中性盘
09:43:24,43.9,+4.08%,--,117,513630,买盘
09:43:27,43.9,+4.08%,--,140,614600,买盘
09:43:30,43.86,+3.98%,-0.04,104,456144,中性盘
09:43:33,43.8,+3.84%,-0.06,141,617580,中性盘
09:43:36,43.75,+3.72%,-0.05,101,441875,卖盘
09:43:39,43.79,+3.82%,+0.04,23,100717,买盘
09:43:42,43.78,+3.79%,-0.01,145,634810,买盘
09:43:45,43.74,+3.70%,-0.04,25,109350,中性盘
09:43:48,43.71,+3.63%,-0.03,377,1647867,中性盘
09:43:51,43.7,+3.60%,-0.01,69,301530,卖盘
09:43:54,43.75,+3.72%,+0.05,81,354375,中性盘
09:43:57,43.72,+3.65%,-0.03,112,489664,中性盘
09:44:00,43.79,+3.82%,+0.07,120,529246,买盘
09:44:03,43.79,+3.82%,--,59,258361,卖盘
09:44:06,43.75,+3.72%,-0.04,56,245000,卖盘
09:44:09,43.79,+3.82%,+0.04,128,560512,中性盘
09:44:12,43.7,+3.60%,-0.09,35,152950,卖盘
09:44:15,43.76,+3.75%,+0.06,24,105024,卖盘
09:44:18,43.79,+3.82%,+0.03,26,113854,买盘
09:44:21,43.76,+3.75%,-0.03,268,1172768,卖盘
09:44:24,43.79,+3.82%,+0.03,122,536340,卖盘
09:44:27,43.9,+4.08%,+0.11,209,920978,买盘
09:44:30,43.79,+3.82%,-0.11,88,385352,卖盘
09:44:33,43.9,+4.08%,+0.11,33,144870,中性盘
09:44:36,43.91,+4.10%,+0.01,54,239222,中性盘
09:44:39,43.92,+4.13%,+0.01,264,1161772,中性盘
09:44:42,43.92,+4.13%,--,58,256844,买盘
09:44:45,43.92,+4.13%,--,52,228384,卖盘
09:44:48,43.96,+4.22%,+0.04,18,79128,买盘
09:44:51,43.92,+4.13%,-0.04,288,1264896,卖盘
09:44:54,43.94,+4.17%,+0.02,87,382278,中性盘
09:44:57,43.97,+4.24%,+0.03,22,96734,中性盘
09:45:00,43.99,+4.29%,+0.02,58,255142,买盘
09:45:03,43.99,+4.29%,--,90,397098,买盘
09:45:06,44.0,+4.31%,+0.01,175,773212,买盘
09:45:09,43.95,+4.20%,-0.05,70,307650,卖盘
09:45:09,43.95,+4.20%,-0.05,70,307650,中性盘
09:45:12,43.9,+4.08%,-0.05,361,1584790,卖盘
09:45:15,43.91,+4.10%,+0.01,61,267851,买盘
09:45:18,43.94,+4.17%,+0.03,35,153790,买盘
09:45:21,43.95,+4.20%,+0.01,546,2399670,买盘
09:45:24,43.99,+4.29%,+0.04,22,96778,买盘
09:45:27,43.95,+4.20%,-0.04,92,404340,卖盘
09:45:30,43.95,+4.20%,--,245,1076775,卖盘
09:45:33,43.95,+4.20%,--,48,210960,中性盘
09:45:36,43.95,+4.20%,--,114,501030,买盘
09:45:39,43.92,+4.13%,-0.03,84,368928,卖盘
09:45:42,43.93,+4.15%,+0.01,282,1238826,买盘
09:45:45,43.92,+4.13%,-0.01,43,188856,买盘
09:45:48,43.87,+4.01%,-0.05,78,342186,卖盘
09:45:51,43.86,+3.98%,-0.01,92,403512,中性盘
09:45:54,43.87,+4.01%,+0.01,36,157932,买盘
09:45:57,43.84,+3.94%,-0.03,33,144672,卖盘
09:46:00,43.86,+3.98%,+0.02,34,149124,买盘
09:46:03,43.8,+3.84%,-0.06,178,779640,卖盘
09:46:06,43.77,+3.77%,-0.03,99,436518,卖盘
09:46:09,43.78,+3.79%,+0.01,92,402776,买盘
09:46:12,43.8,+3.84%,+0.02,65,284700,买盘
09:46:15,43.77,+3.77%,-0.03,62,271374,买盘
09:46:18,43.7,+3.60%,-0.07,19,83030,中性盘
09:46:27,43.67,+3.53%,-0.03,45,196515,卖盘
09:46:30,43.67,+3.53%,--,80,349360,卖盘
09:46:33,43.66,+3.51%,-0.01,4,17464,中性盘
09:46:36,43.63,+3.44%,-0.03,94,410122,卖盘
09:46:39,43.62,+3.41%,-0.01,25,109050,卖盘
09:46:42,43.61,+3.39%,-0.01,94,411896,卖盘
09:46:45,43.61,+3.39%,--,127,556246,卖盘
09:46:48,43.58,+3.32%,-0.03,32,139456,卖盘
09:46:54,43.57,+3.30%,-0.01,44,191708,中性盘
09:46:57,43.55,+3.25%,-0.02,14,60970,中性盘
09:47:00,43.5,+3.13%,-0.05,7,30450,卖盘
09:47:03,43.48,+3.08%,-0.02,33,143484,卖盘
09:47:06,43.42,+2.94%,-0.06,115,499330,卖盘
09:47:09,43.42,+2.94%,--,67,290914,中性盘
09:47:12,43.42,+2.94%,--,28,121576,买盘
09:47:15,43.4,+2.89%,-0.02,26,112840,卖盘
09:47:18,43.4,+2.89%,--,31,134540,卖盘
09:47:21,43.38,+2.84%,-0.02,50,219026,卖盘
09:47:24,43.4,+2.89%,+0.02,95,412300,买盘
09:47:27,43.38,+2.84%,-0.02,33,143154,卖盘
09:47:30,43.38,+2.84%,--,26,112788,卖盘
09:47:33,43.38,+2.84%,--,30,130140,买盘
09:47:36,43.37,+2.82%,-0.01,11,47707,中性盘
09:47:39,43.34,+2.75%,-0.03,15,65010,卖盘
09:47:42,43.32,+2.70%,-0.02,11,47652,中性盘
09:47:45,43.34,+2.75%,+0.02,22,95348,买盘
09:47:48,43.31,+2.68%,-0.03,38,164578,卖盘
09:47:51,43.31,+2.68%,--,15,64965,买盘
09:47:54,43.31,+2.68%,--,56,242536,买盘
09:47:57,43.3,+2.66%,-0.01,35,155360,卖盘
09:48:00,43.3,+2.66%,--,47,203510,卖盘
09:48:03,43.31,+2.68%,+0.01,149,645319,买盘
09:48:06,43.3,+2.66%,-0.01,28,121760,卖盘
09:48:09,43.3,+2.66%,--,17,73610,买盘
09:48:12,43.3,+2.66%,--,46,199180,买盘
09:48:15,43.34,+2.75%,+0.04,154,669083,买盘
09:48:18,43.4,+2.89%,+0.06,569,2469460,买盘
09:48:21,43.43,+2.96%,+0.03,69,299667,中性盘
09:48:24,43.36,+2.80%,-0.07,55,238480,卖盘
09:48:27,43.44,+2.99%,+0.08,4,17376,中性盘
09:48:30,43.49,+3.11%,+0.05,20,86980,买盘
09:48:30,43.49,+3.11%,--,20,86980,中性盘
09:48:33,43.49,+3.11%,--,77,334873,买盘
09:48:36,43.49,+3.11%,--,44,191356,中性盘
09:48:39,43.5,+3.13%,+0.01,7,30450,中性盘
09:48:42,43.53,+3.20%,+0.03,28,121884,买盘
09:48:45,43.53,+3.20%,--,80,348240,卖盘
09:48:48,43.57,+3.30%,+0.04,81,354921,买盘
09:48:51,43.65,+3.49%,+0.08,115,501975,买盘
09:48:54,43.57,+3.30%,-0.08,21,91497,卖盘
09:48:57,43.58,+3.32%,+0.01,46,200468,中性盘
09:49:00,43.58,+3.32%,--,108,470664,卖盘
09:49:03,43.58,+3.32%,--,49,213542,卖盘
09:49:06,43.57,+3.30%,-0.01,85,370345,卖盘
09:49:09,43.62,+3.41%,+0.05,113,492906,买盘
09:49:12,43.56,+3.27%,-0.06,118,514008,买盘
09:49:15,43.56,+3.27%,--,73,317988,买盘
09:49:18,43.53,+3.20%,-0.03,66,287298,卖盘
09:49:21,43.59,+3.34%,+0.06,48,209232,买盘
09:49:24,43.56,+3.27%,-0.03,32,139392,卖盘
09:49:27,43.69,+3.58%,+0.13,292,1276884,买盘
09:49:30,43.68,+3.56%,-0.01,24,104832,卖盘
09:49:33,43.79,+3.82%,+0.11,142,621818,买盘
09:49:36,43.73,+3.67%,-0.06,18,78714,中性盘
09:49:39,43.77,+3.77%,+0.04,76,332652,买盘
09:49:42,43.73,+3.67%,-0.04,54,236142,卖盘
09:49:45,43.74,+3.70%,+0.01,12,52488,中性盘
09:49:48,43.73,+3.67%,-0.01,53,231769,中性盘
09:49:51,43.74,+3.70%,+0.01,35,153090,买盘
09:49:54,43.77,+3.77%,+0.03,91,398307,买盘
09:49:57,43.68,+3.56%,-0.09,31,135408,卖盘
09:50:00,43.74,+3.70%,+0.06,97,428302,买盘
09:50:03,43.8,+3.84%,+0.06,73,319740,买盘
09:50:06,43.74,+3.70%,-0.06,27,118098,中性盘
09:50:09,43.6,+3.37%,-0.14,96,422135,卖盘
09:50:12,43.68,+3.56%,+0.08,69,301392,买盘
09:50:15,43.6,+3.37%,-0.08,36,156960,中性盘
09:50:18,43.69,+3.58%,+0.09,64,279616,买盘
09:50:21,43.65,+3.49%,-0.04,38,165870,中性盘
09:50:24,43.67,+3.53%,+0.02,12,52404,中性盘
09:50:27,43.69,+3.58%,+0.02,25,110011,买盘
09:50:30,43.68,+3.56%,-0.01,17,78580,卖盘
09:50:33,43.71,+3.63%,+0.03,16,69936,买盘
09:50:36,43.74,+3.70%,+0.03,22,96228,买盘
09:50:39,43.69,+3.58%,-0.05,78,340782,卖盘
09:50:42,43.72,+3.65%,+0.03,50,218600,买盘
09:50:45,43.69,+3.58%,-0.03,85,371365,卖盘
09:50:48,43.67,+3.53%,-0.02,39,173938,卖盘
09:50:51,43.67,+3.53%,--,48,209616,买盘
09:50:54,43.68,+3.56%,+0.01,49,214032,买盘
09:50:57,43.67,+3.53%,-0.01,21,91707,中性盘
09:51:00,43.66,+3.51%,-0.01,22,96052,买盘
09:51:03,43.62,+3.41%,-0.04,61,266082,中性盘
09:51:06,43.66,+3.51%,+0.04,38,165908,买盘
09:51:09,43.61,+3.39%,-0.05,25,109025,卖盘
09:51:12,43.65,+3.49%,+0.04,35,152775,买盘
09:51:15,43.61,+3.39%,-0.04,14,61054,卖盘
09:51:18,43.65,+3.49%,+0.04,16,69840,买盘
09:51:21,43.64,+3.46%,-0.01,34,148376,中性盘
09:51:24,43.62,+3.41%,-0.02,49,213738,卖盘
09:51:30,43.61,+3.39%,--,50,218050,卖盘
09:51:33,43.65,+3.49%,+0.04,25,109125,买盘
09:51:36,43.64,+3.46%,-0.01,22,96008,中性盘
09:51:39,43.65,+3.49%,+0.01,66,288090,买盘
09:51:42,43.74,+3.70%,+0.09,294,1287968,买盘
09:51:45,43.72,+3.65%,-0.02,30,131160,卖盘
09:51:48,43.81,+3.86%,+0.09,170,744770,买盘
09:51:51,43.75,+3.72%,-0.06,44,192500,卖盘
09:55:15,43.69,+3.58%,--,84,366996,中性盘
09:55:15,43.69,+3.58%,--,84,366996,买盘
09:55:18,43.73,+3.67%,+0.04,54,236142,买盘
09:55:21,43.75,+3.72%,+0.02,20,87500,买盘
09:55:24,43.68,+3.56%,-0.07,9,39312,中性盘
09:55:27,43.73,+3.67%,+0.05,15,65595,买盘
09:55:30,43.69,+3.58%,-0.04,75,327675,卖盘
09:55:33,43.75,+3.72%,+0.06,30,131250,买盘
09:55:36,43.75,+3.72%,--,16,70000,买盘
09:55:42,43.73,+3.67%,-0.02,71,310483,卖盘
09:55:45,43.74,+3.70%,+0.01,25,109350,买盘
09:55:48,43.72,+3.65%,-0.02,137,598964,买盘
09:55:51,43.69,+3.58%,-0.03,34,148546,中性盘
09:55:54,43.72,+3.65%,+0.03,6,26232,中性盘
09:55:57,43.68,+3.56%,-0.04,13,56784,卖盘
09:56:00,43.72,+3.65%,+0.04,11,48092,中性盘
09:56:03,43.69,+3.58%,-0.03,30,131070,卖盘
09:56:06,43.69,+3.58%,--,45,200930,卖盘
09:56:09,43.68,+3.56%,-0.01,63,275184,卖盘
09:56:12,43.7,+3.60%,+0.02,3,13110,买盘
09:56:18,43.69,+3.58%,--,22,96118,卖盘
09:56:21,43.68,+3.56%,-0.01,40,174720,卖盘
09:56:24,43.66,+3.51%,-0.02,34,148488,卖盘
09:56:27,43.67,+3.53%,+0.01,38,165946,中性盘
09:56:30,43.67,+3.53%,--,10,43670,买盘
09:56:33,43.65,+3.49%,-0.02,15,65475,中性盘
09:56:39,43.65,+3.49%,+0.01,10,43650,买盘
09:56:42,43.65,+3.49%,--,51,226805,买盘
09:56:45,43.65,+3.49%,--,23,100570,卖盘
09:56:48,43.66,+3.51%,+0.01,20,87320,买盘
09:56:51,43.63,+3.44%,-0.03,14,61082,卖盘
09:56:54,43.65,+3.49%,+0.02,25,109125,买盘
09:57:00,43.64,+3.46%,-0.01,43,187652,卖盘
09:57:03,43.65,+3.49%,+0.01,21,91665,买盘
09:57:06,43.65,+3.49%,--,34,148410,买盘
09:57:09,43.65,+3.49%,--,10,43650,买盘
09:57:12,43.64,+3.46%,-0.01,24,104736,卖盘
09:57:18,43.63,+3.44%,-0.01,18,78534,卖盘
09:57:24,43.63,+3.44%,--,38,165794,卖盘
09:57:27,43.63,+3.44%,--,27,117801,卖盘
09:57:30,43.63,+3.44%,--,15,67627,卖盘
09:57:33,43.63,+3.44%,--,19,82897,卖盘
09:57:36,43.63,+3.44%,--,10,43630,买盘
09:57:39,43.62,+3.41%,-0.01,81,353322,卖盘
09:57:42,43.62,+3.41%,--,9,39258,卖盘
09:57:45,43.63,+3.44%,+0.01,34,150349,买盘
09:57:48,43.62,+3.41%,-0.01,32,139584,卖盘
09:57:54,43.62,+3.41%,--,17,74328,卖盘
09:57:57,43.63,+3.44%,+0.01,13,60907,买盘
09:58:00,43.63,+3.44%,--,11,47993,买盘
09:58:03,43.61,+3.39%,-0.02,34,148274,卖盘
09:58:06,43.64,+3.46%,+0.03,38,165832,买盘
09:58:09,43.62,+3.41%,-0.02,42,183204,卖盘
09:58:12,43.63,+3.44%,+0.01,12,52356,中性盘
09:58:15,43.61,+3.39%,-0.02,44,191884,卖盘
09:58:18,43.63,+3.44%,+0.02,25,109075,中性盘
09:58:24,43.61,+3.39%,-0.02,78,340332,卖盘
09:58:27,43.61,+3.39%,--,14,61054,买盘
09:58:30,43.61,+3.39%,--,26,117573,买盘
09:58:33,43.61,+3.39%,--,11,47971,卖盘
09:58:36,43.6,+3.37%,-0.01,82,357520,卖盘
09:58:36,43.6,+3.37%,--,82,357520,中性盘
09:58:36,43.6,+3.37%,--,82,357520,卖盘
09:58:39,43.6,+3.37%,--,35,152600,卖盘
09:58:42,43.59,+3.34%,-0.01,22,95898,卖盘
09:58:45,43.56,+3.27%,-0.03,83,361548,卖盘
09:58:48,43.58,+3.32%,+0.02,30,130740,买盘
09:58:51,43.6,+3.37%,+0.02,138,601680,买盘
09:58:54,43.53,+3.20%,-0.07,32,139296,卖盘
09:58:57,43.54,+3.22%,+0.01,7,30478,中性盘
09:59:00,43.53,+3.20%,-0.01,10,43530,卖盘
09:59:03,43.56,+3.27%,+0.03,37,161172,买盘
09:59:06,43.51,+3.15%,-0.05,44,191444,卖盘
09:59:09,43.52,+3.18%,+0.01,12,52224,中性盘
09:59:12,43.53,+3.20%,+0.01,21,91413,买盘
09:59:15,43.51,+3.15%,-0.02,70,304570,卖盘
09:59:18,43.51,+3.15%,--,16,69616,卖盘
09:59:21,43.5,+3.13%,-0.01,31,134850,卖盘
09:59:24,43.51,+3.15%,+0.01,8,34808,买盘
09:59:27,43.48,+3.08%,-0.03,170,739160,卖盘
09:59:33,43.48,+3.08%,-0.02,32,139136,中性盘
09:59:36,43.48,+3.08%,--,2,8696,买盘
09:59:39,43.43,+2.96%,-0.05,156,677508,卖盘
09:59:42,43.43,+2.96%,--,16,69488,买盘
09:59:45,43.41,+2.92%,-0.02,18,78138,卖盘
09:59:48,43.41,+2.92%,--,49,212709,买盘
09:59:51,43.37,+2.82%,-0.04,48,208176,卖盘
09:59:54,43.4,+2.89%,+0.03,12,52080,买盘
09:59:57,43.39,+2.87%,-0.01,17,73763,卖盘
10:00:03,43.39,+2.87%,--,23,99797,买盘
10:00:06,43.37,+2.82%,-0.02,56,242872,卖盘
10:00:09,43.37,+2.82%,--,31,134447,买盘
10:00:12,43.36,+2.80%,-0.01,28,121408,卖盘
10:00:15,43.37,+2.82%,+0.01,21,91077,买盘
10:00:18,43.36,+2.80%,-0.01,36,156096,买盘
10:00:21,43.35,+2.77%,-0.01,40,173400,中性盘
10:00:24,43.36,+2.80%,+0.01,51,221136,买盘
10:00:27,43.36,+2.80%,--,71,307856,买盘
10:00:30,43.35,+2.77%,-0.01,25,108375,中性盘
10:00:33,43.34,+2.75%,-0.01,42,182028,中性盘
10:00:36,43.34,+2.75%,--,20,86680,卖盘
10:00:39,43.32,+2.70%,-0.02,14,60648,买盘
10:00:42,43.32,+2.70%,--,10,43320,买盘
10:00:45,43.31,+2.68%,-0.01,50,216550,卖盘
10:00:48,43.31,+2.68%,--,14,64922,卖盘
10:00:51,43.3,+2.66%,-0.01,55,238193,卖盘
10:00:54,43.3,+2.66%,--,22,95260,卖盘
10:00:57,43.28,+2.61%,-0.02,54,233712,卖盘
10:01:00,43.28,+2.61%,--,20,90801,卖盘
10:01:03,43.27,+2.58%,-0.01,44,190475,卖盘
10:01:06,43.28,+2.61%,+0.01,5,21640,买盘
10:01:09,43.26,+2.56%,-0.02,42,185931,卖盘
10:01:12,43.26,+2.56%,--,1,4326,卖盘
10:01:15,43.27,+2.58%,+0.01,83,359141,买盘
10:01:18,43.26,+2.56%,-0.01,55,238017,卖盘
10:01:21,43.26,+2.56%,--,7,30282,买盘
10:01:24,43.2,+2.42%,-0.06,357,1542240,卖盘
10:01:27,43.26,+2.56%,+0.06,198,860787,买盘
10:01:30,43.23,+2.49%,-0.03,33,142659,卖盘
10:01:33,43.26,+2.56%,+0.03,24,103824,买盘
10:01:36,43.27,+2.58%,+0.01,65,281255,买盘
10:01:39,43.22,+2.47%,-0.05,308,1331176,卖盘
10:01:42,43.25,+2.54%,+0.03,20,86500,买盘
10:01:45,43.25,+2.54%,--,53,229225,买盘
10:01:48,43.25,+2.54%,--,8,34600,买盘
10:01:51,43.25,+2.54%,--,274,1185050,买盘
10:01:54,43.3,+2.66%,+0.05,309,1337970,买盘
10:01:57,43.27,+2.58%,-0.03,153,662031,卖盘
10:01:57,43.27,+2.58%,--,153,662031,中性盘
10:02:00,43.34,+2.75%,+0.07,14,60676,中性盘
10:02:03,43.35,+2.77%,+0.01,114,494190,中性盘
10:02:06,43.32,+2.70%,-0.03,28,121296,卖盘
10:02:09,43.35,+2.77%,+0.03,69,299115,卖盘
10:02:12,43.38,+2.84%,+0.03,13,56394,买盘
10:02:15,43.36,+2.80%,-0.02,48,208128,买盘
10:02:18,43.36,+2.80%,--,20,86720,卖盘
10:02:21,43.36,+2.80%,--,15,65040,中性盘
10:02:24,43.33,+2.73%,-0.03,88,381304,卖盘
10:02:27,43.3,+2.66%,-0.03,42,181860,卖盘
10:02:30,43.3,+2.66%,--,101,437330,卖盘
10:02:33,43.37,+2.82%,+0.07,65,281905,买盘
10:02:36,43.33,+2.73%,-0.04,30,129990,卖盘
10:02:39,43.38,+2.84%,+0.05,42,182196,买盘
10:02:42,43.33,+2.73%,-0.05,18,77994,卖盘
10:02:45,43.35,+2.77%,+0.02,2,8670,买盘
10:02:48,43.34,+2.75%,-0.01,38,164692,卖盘
10:02:51,43.35,+2.77%,+0.01,12,52020,中性盘
10:02:54,43.39,+2.87%,+0.04,18,78102,买盘
10:02:57,43.39,+2.87%,--,15,65085,卖盘
10:03:00,43.39,+2.87%,--,12,52068,卖盘
10:03:03,43.4,+2.89%,+0.01,44,193043,买盘
10:03:06,43.4,+2.89%,--,10,43400,卖盘
10:03:09,43.4,+2.89%,--,92,401537,卖盘
10:03:12,43.4,+2.89%,--,33,143220,中性盘
10:03:15,43.39,+2.87%,-0.01,33,143187,卖盘
10:03:18,43.39,+2.87%,--,28,121492,买盘
10:03:21,43.37,+2.82%,-0.02,8,34696,卖盘
10:03:24,43.4,+2.89%,+0.03,11,47740,买盘
10:03:27,43.4,+2.89%,--,61,264740,买盘
10:03:30,43.37,+2.82%,-0.03,69,299253,卖盘
10:03:33,43.36,+2.80%,-0.01,23,99728,中性盘
10:03:36,43.35,+2.77%,-0.01,30,130050,卖盘
10:03:39,43.35,+2.77%,--,50,216750,卖盘
10:03:42,43.37,+2.82%,+0.02,21,91077,买盘
10:03:45,43.34,+2.75%,-0.03,65,281710,卖盘
10:03:48,43.35,+2.77%,+0.01,1,4335,买盘
10:03:51,43.35,+2.77%,--,43,186405,买盘
10:03:54,43.35,+2.77%,--,40,177692,买盘
10:03:57,43.35,+2.77%,--,3,13005,卖盘
10:04:00,43.36,+2.80%,+0.01,1,4336,买盘
10:04:03,43.36,+2.80%,--,18,78048,买盘
10:04:06,43.38,+2.84%,+0.02,13,58433,买盘
10:04:09,43.44,+2.99%,+0.06,244,1059936,买盘
10:04:12,43.47,+3.06%,+0.03,7,30429,中性盘
10:04:15,43.39,+2.87%,-0.08,297,1290853,卖盘
10:04:18,43.51,+3.15%,+0.12,105,456855,中性盘
10:04:21,43.59,+3.34%,+0.08,1,4359,买盘
10:04:24,43.58,+3.32%,-0.01,24,104592,中性盘
10:04:30,43.58,+3.32%,--,11,50073,买盘
10:04:33,43.52,+3.18%,-0.06,18,80556,卖盘
10:04:36,43.58,+3.32%,+0.06,107,466306,买盘
10:04:39,43.53,+3.20%,-0.05,7,30471,中性盘
10:04:42,43.58,+3.32%,+0.05,6,26148,买盘
10:04:45,43.59,+3.34%,+0.01,23,100257,买盘
10:04:51,43.58,+3.32%,-0.01,3,13074,卖盘
10:04:57,43.6,+3.37%,+0.01,67,293820,买盘
10:05:00,43.63,+3.44%,+0.03,12,52356,买盘
10:05:03,43.63,+3.44%,--,59,257417,买盘
10:05:06,43.64,+3.46%,+0.01,5,21820,买盘
10:05:09,43.64,+3.46%,--,25,109100,买盘
10:05:12,43.65,+3.49%,+0.01,43,187695,买盘
10:05:15,43.66,+3.51%,+0.01,3,13098,买盘
10:05:18,43.64,+3.46%,-0.02,52,226928,卖盘
10:05:18,43.64,+3.46%,-0.06,52,226928,中性盘
10:05:21,43.58,+3.32%,-0.06,118,514244,卖盘
10:05:24,43.57,+3.30%,-0.01,50,220508,卖盘
10:05:27,43.55,+3.25%,-0.02,25,108875,卖盘
10:05:30,43.52,+3.18%,-0.03,98,426496,卖盘
10:05:33,43.5,+3.13%,-0.02,30,130500,中性盘
10:05:36,43.53,+3.20%,+0.03,283,1231899,买盘
10:05:39,43.52,+3.18%,-0.01,105,456960,中性盘
10:05:42,43.47,+3.06%,-0.05,19,82593,中性盘
10:05:45,43.45,+3.01%,-0.02,6,26070,买盘
10:05:48,43.42,+2.94%,-0.03,3,13026,卖盘
10:05:51,43.43,+2.96%,+0.01,19,82517,买盘
10:05:54,43.42,+2.94%,-0.01,2,8684,中性盘
10:05:57,43.4,+2.89%,-0.02,12,52080,卖盘
10:06:00,43.42,+2.94%,+0.02,29,125918,中性盘
10:06:03,43.4,+2.89%,-0.02,32,138880,卖盘
10:06:06,43.5,+3.13%,+0.1,77,337125,买盘
10:06:09,43.4,+2.89%,-0.1,55,238700,卖盘
10:06:12,43.52,+3.18%,+0.12,20,87040,买盘
10:06:15,43.5,+3.13%,-0.02,6,26100,中性盘
10:06:18,43.53,+3.20%,+0.03,3,13059,买盘
10:06:21,43.44,+2.99%,-0.09,32,139442,卖盘
10:06:24,43.53,+3.20%,+0.09,11,47883,卖盘
10:06:27,43.5,+3.13%,-0.03,9,39150,卖盘
10:06:30,43.58,+3.32%,+0.08,7,32206,买盘
10:06:33,43.51,+3.15%,-0.07,16,72270,卖盘
10:06:36,43.51,+3.15%,--,1,4351,买盘
10:06:39,43.5,+3.13%,-0.01,16,71297,卖盘
10:06:42,43.51,+3.15%,+0.01,17,73967,中性盘
10:06:45,43.46,+3.03%,-0.05,17,76533,卖盘
10:06:48,43.7,+3.60%,+0.24,1321,5772770,买盘
10:06:57,43.69,+3.58%,--,20,87380,买盘
10:07:00,43.59,+3.34%,-0.1,6,26154,卖盘
10:07:03,43.68,+3.56%,+0.09,11,48048,买盘
10:07:06,43.68,+3.56%,--,32,139776,买盘
10:07:09,43.59,+3.34%,-0.09,70,305130,卖盘
10:07:12,43.66,+3.51%,+0.07,25,109150,中性盘
10:07:15,43.6,+3.37%,-0.06,37,161320,卖盘
10:07:18,43.59,+3.34%,-0.01,39,170001,中性盘
10:07:21,43.58,+3.32%,-0.01,47,204826,卖盘
10:07:24,43.51,+3.15%,-0.07,52,226252,卖盘
10:07:27,43.54,+3.22%,+0.03,23,100142,中性盘
10:07:30,43.5,+3.13%,-0.04,34,147900,卖盘
10:07:33,43.54,+3.22%,+0.04,3,13062,中性盘
10:07:36,43.54,+3.22%,--,1,4354,买盘
10:07:39,43.51,+3.15%,-0.03,35,152285,卖盘
10:07:42,43.55,+3.25%,+0.04,48,209040,中性盘
10:07:45,43.54,+3.22%,-0.01,282,1227828,中性盘
10:07:48,43.46,+3.03%,-0.08,13,56498,卖盘
10:07:51,43.51,+3.15%,+0.05,56,243656,买盘
10:07:54,43.46,+3.03%,-0.05,9,39114,中性盘
10:07:57,43.45,+3.01%,-0.01,6,26070,买盘
10:08:00,43.45,+3.01%,--,15,65175,买盘
10:08:03,43.47,+3.06%,+0.02,28,121716,买盘
10:08:06,43.48,+3.08%,+0.01,5,21740,中性盘
10:08:09,43.5,+3.13%,+0.02,70,304500,买盘
10:08:12,43.51,+3.15%,+0.01,15,65265,买盘
10:08:18,43.51,+3.15%,--,24,104424,买盘
10:08:21,43.51,+3.15%,--,18,78318,买盘
10:08:24,43.51,+3.15%,--,7,30457,买盘
10:08:27,43.55,+3.25%,+0.04,39,169845,买盘
10:08:33,43.5,+3.13%,-0.05,30,130500,卖盘
10:08:36,43.55,+3.25%,+0.05,49,213395,买盘
10:08:39,43.57,+3.30%,+0.02,2,8714,买盘
10:08:39,43.57,+3.30%,-0.02,2,8714,中性盘
10:08:42,43.55,+3.25%,-0.02,34,152381,卖盘
10:08:45,43.54,+3.22%,-0.01,19,82770,卖盘
10:08:48,43.55,+3.25%,+0.01,40,174200,买盘
10:08:51,43.55,+3.25%,--,16,69680,买盘
10:08:54,43.55,+3.25%,--,54,239481,买盘
10:08:57,43.55,+3.25%,--,9,39195,卖盘
10:09:00,43.55,+3.25%,--,7,30485,卖盘
10:09:09,43.55,+3.25%,-0.03,42,182910,卖盘
10:09:12,43.55,+3.25%,--,219,953789,卖盘
10:09:15,43.58,+3.32%,+0.03,121,527318,买盘
10:09:18,43.58,+3.32%,--,13,56654,买盘
10:09:24,43.53,+3.20%,-0.06,35,152355,卖盘
10:09:27,43.53,+3.20%,--,55,239415,买盘
10:09:30,43.53,+3.20%,--,18,78354,买盘
10:09:33,43.54,+3.22%,+0.01,65,283010,买盘
10:09:36,43.54,+3.22%,--,15,65310,买盘
10:09:39,43.54,+3.22%,--,33,143682,买盘
10:09:42,43.59,+3.34%,+0.05,24,104616,买盘
10:09:45,43.58,+3.32%,-0.01,11,47938,中性盘
10:09:48,43.59,+3.34%,+0.01,27,117693,买盘
10:09:57,43.58,+3.32%,-0.01,35,152530,中性盘
10:10:00,43.58,+3.32%,--,34,148172,买盘
10:10:03,43.58,+3.32%,--,18,78444,买盘
10:10:06,43.61,+3.39%,+0.03,142,621443,买盘
10:10:09,43.63,+3.44%,+0.02,150,654450,买盘
10:10:12,43.7,+3.60%,+0.07,60,262200,买盘
10:10:15,43.76,+3.75%,+0.06,621,2720953,买盘
10:10:18,43.78,+3.79%,+0.02,15,65670,买盘
10:10:21,43.8,+3.84%,+0.02,233,1024132,买盘
10:10:24,43.82,+3.89%,+0.02,151,661682,买盘
10:10:27,43.85,+3.96%,+0.03,26,114010,买盘
10:10:30,43.84,+3.94%,-0.01,10,43840,中性盘
10:10:33,43.86,+3.98%,+0.02,72,315792,买盘
10:10:36,43.9,+4.08%,+0.04,180,794458,买盘
10:10:39,43.9,+4.08%,--,2,8780,买盘
10:10:42,43.89,+4.05%,-0.01,72,316008,卖盘
10:10:45,43.9,+4.08%,+0.01,127,557530,买盘
10:10:48,43.95,+4.20%,+0.05,154,681181,买盘
10:10:51,43.93,+4.15%,-0.02,175,768775,中性盘
10:10:51,43.93,+4.15%,--,175,768775,卖盘
10:10:54,43.95,+4.20%,+0.02,59,259305,买盘
10:10:54,43.95,+4.20%,--,59,259305,卖盘
10:10:57,43.98,+4.27%,+0.03,229,1007142,买盘
10:10:57,43.98,+4.27%,--,229,1007142,买盘
10:11:00,43.99,+4.29%,+0.01,60,263940,买盘
10:11:00,43.99,+4.29%,--,60,263940,买盘
10:11:03,44.1,+4.55%,+0.11,1427,6293379,买盘
10:11:03,44.1,+4.55%,--,1427,6293379,中性盘
10:11:06,44.1,+4.55%,--,31,136710,中性盘
10:11:06,44.1,+4.55%,--,31,136710,卖盘
10:11:09,44.11,+4.58%,+0.01,124,546964,中性盘
10:11:09,44.11,+4.58%,--,124,546964,卖盘
10:11:12,44.14,+4.65%,+0.03,60,264840,买盘
10:11:12,44.14,+4.65%,--,60,264840,中性盘
10:11:15,44.17,+4.72%,+0.03,142,627214,买盘
10:11:15,44.17,+4.72%,--,142,627214,卖盘
10:11:18,44.18,+4.74%,+0.01,38,167884,买盘
10:11:18,44.18,+4.74%,--,38,167884,卖盘
10:11:21,44.2,+4.79%,+0.02,134,592280,买盘
10:11:21,44.2,+4.79%,--,134,592280,买盘
10:11:24,44.25,+4.91%,+0.05,90,402631,买盘
10:11:24,44.25,+4.91%,--,90,402631,卖盘
10:11:27,44.25,+4.91%,--,31,137175,卖盘
10:11:30,44.29,+5.00%,+0.04,114,504906,买盘
10:11:30,44.29,+5.00%,--,114,504906,买盘
10:11:33,44.29,+5.00%,--,26,117103,买盘
10:11:33,44.29,+5.00%,--,26,117103,卖盘
10:11:36,44.32,+5.07%,+0.03,90,398880,买盘
10:11:36,44.32,+5.07%,--,90,398880,买盘
10:11:39,44.33,+5.10%,+0.01,24,106392,买盘
10:11:39,44.33,+5.10%,--,24,106392,买盘
10:11:42,44.36,+5.17%,+0.03,24,108638,买盘
10:11:42,44.36,+5.17%,--,24,108638,卖盘
10:11:45,44.38,+5.22%,+0.02,64,284032,买盘
10:11:45,44.38,+5.22%,--,64,284032,卖盘
10:11:48,44.38,+5.22%,--,180,802879,卖盘
10:11:48,44.38,+5.22%,--,180,802879,买盘
10:11:51,44.39,+5.24%,+0.01,504,2237256,买盘
10:11:51,44.39,+5.24%,--,504,2237256,买盘
10:11:54,44.38,+5.22%,-0.01,234,1041155,中性盘
10:11:54,44.38,+5.22%,--,234,1041155,卖盘
10:11:57,44.4,+5.26%,+0.02,781,3470126,中性盘
10:11:57,44.4,+5.26%,--,781,3470126,买盘
10:12:00,44.25,+4.91%,-0.15,463,2048775,卖盘
10:12:00,44.25,+4.91%,--,463,2048775,卖盘
10:12:00,44.25,+4.91%,--,463,2048775,中性盘
10:12:03,44.35,+5.14%,+0.1,218,966830,中性盘
10:12:03,44.35,+5.14%,--,218,966830,买盘
10:12:06,44.22,+4.84%,-0.13,188,831336,卖盘
10:12:06,44.22,+4.84%,--,188,831336,中性盘
10:12:09,44.16,+4.69%,-0.06,227,1002432,卖盘
10:12:09,44.16,+4.69%,--,227,1002432,卖盘
10:12:12,44.16,+4.69%,--,83,366528,卖盘
10:12:15,44.1,+4.55%,-0.06,293,1292130,卖盘
10:12:15,44.1,+4.55%,--,293,1292130,买盘
10:12:18,44.02,+4.36%,-0.08,17,74834,中性盘
10:12:21,44.16,+4.69%,+0.14,69,304704,买盘
10:12:24,44.02,+4.36%,-0.14,177,779154,中性盘
10:12:27,44.09,+4.53%,+0.07,110,484990,买盘
10:12:30,44.02,+4.36%,-0.07,41,180482,买盘
10:12:33,44.01,+4.34%,-0.01,82,360882,中性盘
10:12:36,44.02,+4.36%,+0.01,156,686712,买盘
10:12:39,44.0,+4.31%,-0.02,103,453200,卖盘
10:12:42,44.0,+4.31%,--,162,712800,卖盘
10:12:45,44.0,+4.31%,--,12,52800,买盘
10:12:48,43.96,+4.22%,-0.04,24,105504,卖盘
10:12:51,43.96,+4.22%,--,416,1828736,卖盘
10:12:54,44.05,+4.43%,+0.09,35,154175,买盘
10:12:57,43.91,+4.10%,-0.14,42,184466,卖盘
10:13:00,44.0,+4.31%,+0.09,45,198000,买盘
10:13:03,44.05,+4.43%,+0.05,154,682070,买盘
10:13:06,43.96,+4.22%,-0.09,174,764948,卖盘
10:13:09,44.02,+4.36%,+0.06,44,193688,中性盘
10:13:12,44.02,+4.36%,--,27,118854,买盘
10:13:15,44.05,+4.43%,+0.03,98,431690,买盘
10:13:18,44.02,+4.36%,-0.03,83,369680,卖盘
10:13:21,44.05,+4.43%,+0.03,36,158580,中性盘
10:13:24,44.07,+4.48%,+0.02,21,92547,卖盘
10:13:27,44.1,+4.55%,+0.03,53,235847,中性盘
10:13:30,44.1,+4.55%,--,71,313110,卖盘
10:13:33,44.1,+4.55%,--,68,302173,卖盘
10:13:36,44.06,+4.46%,-0.04,230,1013380,卖盘
10:13:39,44.09,+4.53%,+0.03,108,476172,买盘
10:13:42,44.09,+4.53%,--,119,524671,买盘
10:13:45,44.03,+4.39%,-0.06,188,827764,卖盘
10:13:48,44.05,+4.43%,+0.02,130,572650,买盘
10:13:51,44.09,+4.53%,+0.04,93,410037,买盘
10:13:54,44.09,+4.53%,--,11,48499,买盘
10:13:57,44.09,+4.53%,--,12,52908,卖盘
10:14:00,44.01,+4.34%,-0.08,67,294867,卖盘
10:14:03,44.05,+4.43%,+0.04,26,114530,买盘
10:14:06,44.02,+4.36%,-0.03,56,246512,卖盘
10:14:09,44.13,+4.62%,+0.11,89,392801,买盘
10:14:12,44.07,+4.48%,-0.06,102,449514,卖盘
10:14:15,44.06,+4.46%,-0.01,87,383322,卖盘
10:14:18,44.09,+4.53%,+0.03,131,581812,买盘
10:14:21,44.09,+4.53%,--,114,502626,买盘
10:14:24,44.04,+4.41%,-0.05,49,217734,中性盘
10:14:27,44.09,+4.53%,+0.05,174,767166,买盘
10:14:30,44.03,+4.39%,-0.06,89,394333,卖盘
10:14:33,44.01,+4.34%,-0.02,13,57213,卖盘
10:14:36,44.02,+4.36%,+0.01,54,237708,中性盘
10:14:39,44.03,+4.39%,+0.01,37,162911,买盘
10:14:42,44.04,+4.41%,+0.01,116,510864,买盘
10:14:45,44.04,+4.41%,--,5,22020,卖盘
10:14:48,44.03,+4.39%,-0.01,39,174051,卖盘
10:14:51,44.04,+4.41%,+0.01,13,57252,买盘
10:14:54,44.06,+4.46%,+0.02,56,246736,买盘
10:14:57,44.06,+4.46%,--,58,255548,卖盘
10:15:00,44.07,+4.48%,+0.01,68,299676,卖盘
10:15:03,44.08,+4.50%,+0.01,35,154280,中性盘
10:15:06,44.12,+4.60%,+0.04,92,407845,买盘
10:15:09,44.15,+4.67%,+0.03,34,152229,买盘
10:15:12,44.1,+4.55%,-0.05,76,335160,卖盘
10:15:15,44.16,+4.69%,+0.06,8,35328,中性盘
10:15:18,44.18,+4.74%,+0.02,243,1073574,中性盘
10:15:21,44.15,+4.67%,-0.03,140,618100,卖盘
10:15:21,44.15,+4.67%,--,140,618100,中性盘
10:15:24,44.19,+4.77%,+0.04,154,680526,买盘
10:15:27,44.12,+4.60%,-0.07,18,79416,中性盘
10:15:30,44.09,+4.53%,-0.03,73,322210,卖盘
10:15:33,44.06,+4.46%,-0.03,22,96932,卖盘
10:15:36,44.04,+4.41%,-0.02,52,229008,卖盘
10:15:39,44.06,+4.46%,+0.02,16,70496,中性盘
10:15:42,44.03,+4.39%,-0.03,36,158508,卖盘
10:15:45,44.07,+4.48%,+0.04,124,546468,买盘
10:15:48,44.1,+4.55%,+0.03,33,145530,买盘
10:15:51,44.1,+4.55%,--,34,149940,卖盘
10:15:54,44.1,+4.55%,--,5,22050,中性盘
10:15:57,44.13,+4.62%,+0.03,61,269193,买盘
10:16:00,44.1,+4.55%,-0.03,83,366030,卖盘
10:16:03,44.1,+4.55%,--,32,141120,买盘
10:16:06,44.13,+4.62%,+0.03,51,225063,买盘
10:16:09,44.07,+4.48%,-0.06,91,401037,卖盘
10:16:12,44.08,+4.50%,+0.01,50,220400,买盘
10:16:15,44.02,+4.36%,-0.06,65,286130,卖盘
10:16:18,43.96,+4.22%,-0.06,120,531740,卖盘
10:16:21,43.9,+4.08%,-0.06,23,101321,卖盘
10:16:24,43.95,+4.20%,+0.05,9,39555,买盘
10:16:27,43.99,+4.29%,+0.04,58,255142,买盘
10:16:30,43.92,+4.13%,-0.07,15,65880,中性盘
10:16:33,43.98,+4.27%,+0.06,2,8796,买盘
10:16:36,44.0,+4.31%,+0.02,20,88000,买盘
10:16:42,44.0,+4.31%,--,11,48400,买盘
10:16:45,44.0,+4.31%,--,33,149424,卖盘
10:16:48,44.0,+4.31%,--,22,99000,卖盘
10:16:51,44.0,+4.31%,--,12,52800,卖盘
10:16:54,44.01,+4.34%,+0.01,28,123228,卖盘
10:16:57,44.02,+4.36%,+0.01,19,83638,中性盘
10:17:00,44.1,+4.55%,+0.08,466,2055060,买盘
10:17:03,44.05,+4.43%,-0.05,69,303945,中性盘
10:17:06,44.1,+4.55%,+0.05,161,710010,买盘
10:17:09,44.13,+4.62%,+0.03,26,114738,买盘
10:17:12,44.1,+4.55%,-0.03,13,57330,卖盘
10:17:15,44.09,+4.53%,-0.01,26,114634,卖盘
10:17:18,44.11,+4.58%,+0.02,16,70576,买盘
10:17:21,44.12,+4.60%,+0.01,20,88240,中性盘
10:17:27,44.13,+4.62%,+0.01,124,547212,买盘
10:17:30,44.13,+4.62%,--,10,44130,卖盘
10:17:33,44.15,+4.67%,+0.02,55,242825,中性盘
10:17:36,44.15,+4.67%,--,28,125783,卖盘
10:17:39,44.18,+4.74%,+0.03,2,8836,中性盘
10:17:42,44.19,+4.77%,+0.01,17,77863,买盘
10:17:45,44.16,+4.69%,-0.03,55,244558,卖盘
10:17:48,44.18,+4.74%,+0.02,90,399829,买盘
10:17:51,44.16,+4.69%,-0.02,56,247340,卖盘
10:17:54,44.19,+4.77%,+0.03,30,132570,买盘
10:17:57,44.16,+4.69%,-0.03,50,220800,卖盘
10:18:00,44.15,+4.67%,-0.01,81,357615,卖盘
10:18:03,44.17,+4.72%,+0.02,67,295939,买盘
10:18:06,44.16,+4.69%,-0.01,79,348864,卖盘
10:18:09,44.15,+4.67%,-0.01,26,114790,中性盘
10:18:12,44.12,+4.60%,-0.03,21,92652,卖盘
10:18:15,44.15,+4.67%,+0.03,191,843265,买盘
10:18:18,44.13,+4.62%,-0.02,21,92673,中性盘
10:18:21,44.13,+4.62%,--,27,119151,卖盘
10:18:24,44.13,+4.62%,--,1,4413,买盘
10:18:27,44.14,+4.65%,+0.01,52,229528,买盘
10:18:30,44.14,+4.65%,--,9,39726,买盘
10:18:33,44.1,+4.55%,-0.04,5,22050,卖盘
10:18:36,44.1,+4.55%,--,13,57330,卖盘
10:18:39,44.1,+4.55%,--,10,44100,卖盘
10:18:42,44.13,+4.62%,+0.03,46,202998,买盘
10:18:42,44.13,+4.62%,--,46,202998,中性盘
10:18:45,44.13,+4.62%,--,20,88260,中性盘
10:18:48,44.08,+4.50%,-0.05,22,96976,卖盘
10:18:51,44.08,+4.50%,--,17,74936,卖盘
10:18:54,44.1,+4.55%,+0.02,48,211680,买盘
10:18:57,44.1,+4.55%,--,6,26460,卖盘
10:19:00,44.1,+4.55%,--,3,13230,卖盘
10:19:03,44.12,+4.60%,+0.02,5,22060,买盘
10:19:06,44.1,+4.55%,-0.02,24,105840,卖盘
10:19:09,44.12,+4.60%,+0.02,26,116874,买盘
10:19:12,44.11,+4.58%,-0.01,186,822696,卖盘
10:19:15,44.1,+4.55%,-0.01,34,149940,中性盘
10:19:18,44.02,+4.36%,-0.08,87,382974,卖盘
10:19:21,44.08,+4.50%,+0.06,22,96976,中性盘
10:19:24,44.05,+4.43%,-0.03,43,189415,买盘
10:19:27,44.0,+4.31%,-0.05,47,206800,卖盘
10:19:30,44.09,+4.53%,+0.09,7,30863,买盘
10:19:33,44.02,+4.36%,-0.07,3,13206,卖盘
10:19:36,44.07,+4.48%,+0.05,1,4407,中性盘
10:19:39,44.07,+4.48%,--,1,4407,买盘
10:19:42,44.07,+4.48%,--,14,61698,买盘
10:19:45,44.07,+4.48%,--,7,30849,买盘
10:19:48,44.02,+4.36%,-0.05,17,74834,卖盘
10:19:51,44.02,+4.36%,--,2,8804,买盘
10:19:54,44.01,+4.34%,-0.01,26,114426,卖盘
10:19:57,44.02,+4.36%,+0.01,18,79236,买盘
10:20:03,44.01,+4.34%,--,30,132030,卖盘
10:20:06,44.02,+4.36%,+0.01,111,488622,买盘
10:20:09,44.02,+4.36%,--,22,96844,买盘
10:20:12,44.01,+4.34%,-0.01,14,61614,卖盘
10:20:15,44.06,+4.46%,+0.05,26,114556,买盘
10:20:18,44.06,+4.46%,--,3,13218,买盘
10:20:21,44.02,+4.36%,-0.04,34,149668,卖盘
10:20:24,44.06,+4.46%,+0.04,77,339262,买盘
10:20:27,44.06,+4.46%,--,40,176240,卖盘
10:20:30,44.06,+4.46%,--,30,132180,卖盘
10:20:33,44.07,+4.48%,+0.01,18,79326,买盘
10:20:36,44.06,+4.46%,-0.01,11,50625,卖盘
10:20:39,44.06,+4.46%,--,71,315073,卖盘
10:20:42,44.07,+4.48%,+0.01,26,114582,买盘
10:20:45,44.06,+4.46%,-0.01,27,118962,买盘
10:20:48,44.07,+4.48%,+0.01,12,52884,买盘
10:20:51,44.07,+4.48%,--,54,237978,买盘
10:20:54,44.06,+4.46%,-0.01,26,114556,卖盘
10:21:00,44.06,+4.46%,+0.02,21,92526,买盘
10:21:03,44.03,+4.39%,-0.03,5,22015,卖盘
10:21:06,43.98,+4.27%,-0.05,130,574115,卖盘
10:21:09,44.01,+4.34%,+0.03,16,70416,买盘
10:21:12,43.97,+4.24%,-0.04,24,105528,中性盘
10:21:15,43.97,+4.24%,--,61,268217,买盘
10:21:18,43.93,+4.15%,-0.04,15,65895,中性盘
10:21:21,43.97,+4.24%,+0.04,28,123116,买盘
10:21:24,43.9,+4.08%,-0.07,16,70240,卖盘
10:21:27,43.97,+4.24%,+0.07,24,105528,买盘
10:21:30,43.88,+4.03%,-0.09,443,1943884,卖盘
10:21:33,43.91,+4.10%,+0.03,76,333716,买盘
10:21:36,43.9,+4.08%,-0.01,48,210720,卖盘
10:21:42,43.86,+3.98%,-0.04,6,26316,中性盘
10:21:45,43.88,+4.03%,+0.02,40,175520,卖盘
10:21:48,43.88,+4.03%,--,7,30716,卖盘
10:21:51,43.9,+4.08%,+0.02,76,335703,买盘
10:21:54,43.88,+4.03%,-0.02,32,142742,卖盘
10:21:57,43.87,+4.01%,-0.01,12,52644,中性盘
10:22:00,43.88,+4.03%,+0.01,22,96536,买盘
10:22:03,43.86,+3.98%,-0.02,10,43860,卖盘
10:22:06,43.88,+4.03%,+0.02,10,43880,买盘
10:22:06,43.88,+4.03%,--,10,43880,中性盘
10:22:06,43.88,+4.03%,--,10,43880,买盘
10:22:09,43.87,+4.01%,-0.01,30,131610,中性盘
10:22:12,43.9,+4.08%,+0.03,33,146933,买盘
10:22:15,43.87,+4.01%,-0.03,8,37421,卖盘
10:22:18,43.85,+3.96%,-0.02,12,52620,卖盘
10:22:21,43.87,+4.01%,+0.02,9,39483,中性盘
10:22:24,43.85,+3.96%,-0.02,21,94190,卖盘
10:22:27,43.87,+4.01%,+0.02,5,21935,中性盘
10:22:30,43.88,+4.03%,+0.01,15,65820,买盘
10:22:33,43.85,+3.96%,-0.03,29,127165,卖盘
10:22:36,43.86,+3.98%,+0.01,6,26316,卖盘
10:22:39,43.88,+4.03%,+0.02,6,26328,买盘
10:22:42,43.85,+3.96%,-0.03,32,142600,卖盘
10:22:45,43.86,+3.98%,+0.01,6,26316,买盘
10:22:48,43.85,+3.96%,-0.01,2,8770,中性盘
10:22:54,43.86,+3.98%,--,41,179826,买盘
10:22:57,43.82,+3.89%,-0.04,4,17528,卖盘
10:23:00,43.86,+3.98%,+0.04,17,74562,买盘
10:23:03,43.82,+3.89%,-0.04,7,30674,卖盘
10:23:06,43.83,+3.91%,+0.01,4,17532,买盘
10:23:09,43.86,+3.98%,+0.03,57,250002,买盘
10:23:12,43.85,+3.96%,-0.01,12,52620,中性盘
10:23:15,43.83,+3.91%,-0.02,5,21915,卖盘
10:23:18,43.82,+3.89%,-0.01,72,315504,卖盘
10:23:21,43.86,+3.98%,+0.04,6,29430,买盘
10:23:24,43.86,+3.98%,--,15,65790,卖盘
10:23:27,43.87,+4.01%,+0.01,8,35096,买盘
10:23:30,43.86,+3.98%,-0.01,75,330222,卖盘
10:23:33,43.86,+3.98%,--,13,57018,买盘
10:23:36,43.86,+3.98%,--,43,188598,买盘
10:23:39,43.86,+3.98%,--,8,35088,买盘
10:23:42,43.87,+4.01%,+0.01,14,61418,买盘
10:23:45,43.87,+4.01%,--,3,13161,卖盘
10:23:48,43.88,+4.03%,+0.01,14,61432,买盘
10:23:51,43.87,+4.01%,-0.01,4,17548,中性盘
10:23:54,43.86,+3.98%,-0.01,29,127194,卖盘
10:23:57,43.88,+4.03%,+0.02,7,30716,买盘
10:24:00,43.87,+4.01%,-0.01,19,83353,卖盘
10:24:06,43.88,+4.03%,+0.01,54,237742,买盘
10:24:09,43.88,+4.03%,--,46,201848,卖盘
10:24:12,43.88,+4.03%,--,50,219400,卖盘
10:24:15,43.91,+4.10%,+0.03,8,35128,买盘
10:24:18,43.91,+4.10%,--,54,239222,卖盘
10:24:21,43.92,+4.13%,+0.01,10,46116,卖盘
10:24:24,43.92,+4.13%,--,15,65880,卖盘
10:24:27,43.97,+4.24%,+0.05,9,39573,买盘
10:24:30,43.97,+4.24%,--,28,123116,买盘
10:24:36,43.97,+4.24%,--,24,105528,买盘
10:24:39,43.94,+4.17%,-0.03,16,70304,中性盘
10:24:42,43.91,+4.10%,-0.03,30,131730,卖盘
10:24:45,43.93,+4.15%,+0.02,43,188899,买盘
10:24:48,43.91,+4.10%,-0.02,89,390799,卖盘
10:24:51,43.91,+4.10%,--,9,39519,卖盘
10:24:57,43.91,+4.10%,--,21,92211,中性盘
10:25:00,43.9,+4.08%,-0.01,12,52680,中性盘
10:25:03,43.91,+4.10%,+0.01,19,83429,买盘
10:25:06,43.9,+4.08%,-0.01,88,386320,中性盘
10:25:09,43.85,+3.96%,-0.05,37,165841,卖盘
10:25:12,43.78,+3.79%,-0.07,174,761772,卖盘
10:25:15,43.85,+3.96%,+0.07,65,285025,买盘
10:25:18,43.79,+3.82%,-0.06,5,21895,中性盘
10:25:21,43.76,+3.75%,-0.03,14,61264,卖盘
10:25:24,43.76,+3.75%,--,4,17504,买盘
10:25:27,43.76,+3.75%,--,84,367584,买盘
10:25:27,43.76,+3.75%,--,84,367584,中性盘
10:25:27,43.76,+3.75%,--,84,367584,卖盘
10:25:30,43.75,+3.72%,-0.01,36,157500,卖盘
10:25:33,43.78,+3.79%,+0.03,45,197010,中性盘
10:25:36,43.76,+3.75%,-0.02,35,153160,卖盘
10:25:39,43.78,+3.79%,+0.02,51,223278,买盘
10:25:42,43.79,+3.82%,+0.01,13,56927,中性盘
10:25:45,43.88,+4.03%,+0.09,152,666976,买盘
10:25:48,43.77,+3.77%,-0.11,6,26262,买盘
10:25:51,43.78,+3.79%,+0.01,42,183876,买盘
10:25:54,43.78,+3.79%,--,17,74426,买盘
10:25:57,43.75,+3.72%,-0.03,8,35000,买盘
10:26:03,43.72,+3.65%,-0.03,11,48092,卖盘
10:26:06,43.72,+3.65%,--,10,43720,卖盘
10:26:09,43.72,+3.65%,--,3,13116,买盘
10:26:12,43.69,+3.58%,-0.03,23,100487,卖盘
10:26:15,43.7,+3.60%,+0.01,17,74290,买盘
10:26:18,43.67,+3.53%,-0.03,85,371195,卖盘
10:26:21,43.6,+3.37%,-0.07,17,74120,卖盘
10:26:24,43.66,+3.51%,+0.06,14,61124,买盘
10:26:27,43.65,+3.49%,-0.01,10,43650,中性盘
10:26:30,43.67,+3.53%,+0.02,140,611380,买盘
10:26:33,43.65,+3.49%,-0.02,53,231345,卖盘
10:26:39,43.66,+3.51%,+0.01,16,69856,买盘
10:26:42,43.7,+3.60%,+0.04,14,61180,买盘
10:26:45,43.55,+3.25%,-0.15,75,326625,卖盘
10:26:48,43.65,+3.49%,+0.1,11,48015,中性盘
10:26:51,43.7,+3.60%,+0.05,148,646760,买盘
10:26:54,43.77,+3.77%,+0.07,10,43770,中性盘
10:26:57,43.7,+3.60%,-0.07,67,292790,卖盘
10:27:00,43.7,+3.60%,--,6,26220,卖盘
10:27:06,43.77,+3.77%,+0.07,22,96294,买盘
10:27:09,43.76,+3.75%,-0.01,6,26256,卖盘
10:27:15,43.72,+3.65%,-0.04,15,65580,卖盘
10:27:18,43.77,+3.77%,+0.05,1,4377,买盘
10:27:21,43.72,+3.65%,-0.05,20,87440,卖盘
10:27:27,43.72,+3.65%,--,26,113672,买盘
10:27:30,43.72,+3.65%,--,30,131160,买盘
10:27:33,43.72,+3.65%,--,46,201112,买盘
10:27:36,43.73,+3.67%,+0.01,9,39357,中性盘
10:27:39,43.72,+3.65%,-0.01,27,118044,卖盘
10:27:42,43.77,+3.77%,+0.05,17,74409,买盘
10:27:45,43.78,+3.79%,+0.01,149,654161,买盘
10:27:51,43.77,+3.77%,--,5,21885,卖盘
10:27:54,43.8,+3.84%,+0.03,15,65700,买盘
10:27:57,43.78,+3.79%,-0.02,2,8756,卖盘
10:28:00,43.87,+4.01%,+0.09,5,21935,买盘
10:28:06,43.78,+3.79%,-0.1,39,170742,卖盘
10:28:09,43.87,+4.01%,+0.09,4,17548,买盘
10:28:12,43.8,+3.84%,-0.07,33,144540,卖盘
10:28:15,43.86,+3.98%,+0.06,23,100878,中性盘
10:28:18,43.78,+3.79%,-0.08,27,118206,卖盘
10:28:21,43.8,+3.84%,+0.02,21,91980,中性盘
10:28:24,43.86,+3.98%,+0.06,15,65790,买盘
10:28:27,43.86,+3.98%,--,7,30702,买盘
10:28:30,43.82,+3.89%,-0.04,24,105168,中性盘
10:28:33,43.82,+3.89%,--,20,87640,中性盘
10:28:36,43.86,+3.98%,+0.04,36,157896,买盘
10:28:39,43.79,+3.82%,-0.07,30,131370,卖盘
10:28:42,43.79,+3.82%,--,21,91959,买盘
10:28:45,43.88,+4.03%,+0.09,23,100924,买盘
10:28:48,43.78,+3.79%,-0.1,33,144474,卖盘
10:28:48,43.78,+3.79%,--,33,144474,中性盘
10:28:51,43.78,+3.79%,--,25,109450,卖盘
10:28:54,43.88,+4.03%,+0.1,16,70208,买盘
10:28:57,43.85,+3.96%,-0.03,13,57005,中性盘
10:29:00,43.79,+3.82%,-0.06,38,168329,卖盘
10:29:03,43.8,+3.84%,+0.01,6,26280,中性盘
10:29:06,43.88,+4.03%,+0.08,41,179908,买盘
10:29:09,43.88,+4.03%,--,64,280832,买盘
10:29:12,43.9,+4.08%,+0.02,65,285350,中性盘
10:29:15,43.88,+4.03%,-0.02,68,298384,卖盘
10:29:18,43.92,+4.13%,+0.04,12,52704,卖盘
10:29:21,43.95,+4.20%,+0.03,24,105480,中性盘
10:29:24,43.98,+4.27%,+0.03,8,35184,买盘
10:29:30,44.0,+4.31%,--,14,61600,买盘
10:29:33,44.0,+4.31%,--,4,19756,买盘
10:29:36,44.0,+4.31%,--,58,255200,买盘
10:29:39,44.0,+4.31%,--,21,92400,买盘
10:29:42,44.0,+4.31%,--,23,101200,买盘
10:29:45,44.01,+4.34%,+0.01,47,206847,买盘
10:29:48,44.0,+4.31%,-0.01,18,79200,中性盘
10:29:51,44.0,+4.31%,--,67,294800,买盘
10:29:54,44.0,+4.31%,--,75,330000,买盘
10:29:57,44.0,+4.31%,--,73,321200,买盘
10:30:00,44.04,+4.41%,+0.04,176,776645,买盘
10:30:03,44.06,+4.46%,+0.02,26,116627,买盘
10:30:06,44.04,+4.41%,-0.02,73,323826,卖盘
10:30:09,44.03,+4.39%,-0.01,74,325822,中性盘
10:30:12,43.99,+4.29%,-0.04,179,791160,卖盘
10:30:15,44.0,+4.31%,+0.01,48,211200,买盘
10:30:18,43.99,+4.29%,-0.01,137,602663,中性盘
10:30:21,44.01,+4.34%,+0.02,30,132030,买盘
10:30:24,44.03,+4.39%,+0.02,19,83657,买盘
10:30:27,43.97,+4.24%,-0.06,7,30779,中性盘
10:30:30,44.0,+4.31%,+0.03,29,127600,买盘
10:30:33,44.03,+4.39%,+0.03,8,35224,中性盘
10:30:36,44.0,+4.31%,-0.03,24,105600,卖盘
10:30:42,44.02,+4.36%,+0.04,26,114452,买盘
10:30:45,44.02,+4.36%,--,11,48422,卖盘
10:30:48,43.98,+4.27%,-0.04,53,233094,卖盘
10:30:51,43.98,+4.27%,--,11,48378,卖盘
10:30:54,43.98,+4.27%,--,36,158328,买盘
10:30:57,43.98,+4.27%,--,24,105552,买盘
10:31:00,43.98,+4.27%,--,1,4398,买盘
10:31:03,44.0,+4.31%,+0.02,22,96800,买盘
10:31:06,43.98,+4.27%,-0.02,27,118746,卖盘
10:31:09,43.97,+4.24%,-0.01,9,39573,卖盘
10:31:12,44.01,+4.34%,+0.04,24,105624,买盘
10:31:15,44.01,+4.34%,--,35,156191,中性盘
10:31:18,44.01,+4.34%,--,260,1146505,卖盘
10:31:21,43.98,+4.27%,-0.03,5,21990,买盘
10:31:27,44.0,+4.31%,+0.01,16,70400,买盘
10:31:30,43.98,+4.27%,-0.02,40,175920,卖盘
10:31:33,44.01,+4.34%,+0.03,9,39609,买盘
10:31:36,44.01,+4.34%,--,16,70416,卖盘
10:31:39,43.99,+4.29%,-0.02,12,52788,卖盘
10:31:42,44.0,+4.31%,+0.01,3,13200,中性盘
10:31:45,43.99,+4.29%,-0.01,1,4399,中性盘
10:31:48,43.98,+4.27%,-0.01,18,79164,卖盘
10:31:51,43.97,+4.24%,-0.01,2,8794,卖盘
10:31:54,43.98,+4.27%,+0.01,2,13062,买盘
10:31:57,43.99,+4.29%,+0.01,7,30793,买盘
10:32:00,43.98,+4.27%,-0.01,28,123144,卖盘
10:32:03,43.96,+4.22%,-0.02,59,259364,卖盘
10:32:06,43.98,+4.27%,+0.02,13,57174,中性盘
10:32:09,43.99,+4.29%,+0.01,35,153965,买盘
10:32:09,43.99,+4.29%,--,35,153965,中性盘
10:32:12,44.0,+4.31%,+0.01,106,466400,买盘
10:32:15,44.0,+4.31%,--,14,61600,卖盘
10:32:18,43.98,+4.27%,-0.02,29,127542,卖盘
10:32:21,43.99,+4.29%,+0.01,19,83581,中性盘
10:32:24,44.0,+4.31%,+0.01,18,79200,买盘
10:32:27,43.96,+4.22%,-0.04,4,17584,卖盘
10:32:30,43.98,+4.27%,+0.02,126,554148,中性盘
10:32:33,43.92,+4.13%,-0.06,18,79056,卖盘
10:32:36,43.92,+4.13%,--,27,118584,卖盘
10:32:39,43.92,+4.13%,--,2,8784,卖盘
10:32:42,43.97,+4.24%,+0.05,12,52764,买盘
10:32:48,43.91,+4.10%,-0.06,8,35128,卖盘
10:32:54,43.91,+4.10%,--,1,4391,卖盘
10:32:57,43.97,+4.24%,+0.06,6,26382,买盘
10:33:00,43.97,+4.24%,--,3,13191,买盘
10:33:03,43.91,+4.10%,-0.06,2,8782,卖盘
10:33:06,43.91,+4.10%,--,28,122948,卖盘
10:33:09,43.97,+4.24%,+0.06,2,8794,买盘
10:33:12,43.93,+4.15%,-0.04,3,13179,买盘
10:33:15,43.93,+4.15%,--,5,21965,卖盘
10:33:18,43.92,+4.13%,-0.01,4,17568,中性盘
10:33:21,43.9,+4.08%,-0.02,6,26340,卖盘
10:33:27,43.93,+4.15%,+0.03,1,4393,中性盘
10:33:33,43.87,+4.01%,-0.06,32,140384,卖盘
10:33:36,43.9,+4.08%,+0.03,16,70240,买盘
10:33:39,43.93,+4.15%,+0.03,75,329475,买盘
10:33:42,43.9,+4.08%,-0.03,1,4390,买盘
10:33:45,43.85,+3.96%,-0.05,13,57005,卖盘
10:33:48,43.9,+4.08%,+0.05,39,171210,买盘
10:33:51,43.85,+3.96%,-0.05,6,26310,卖盘
10:33:54,43.83,+3.91%,-0.02,25,109575,卖盘
10:33:57,43.85,+3.96%,+0.02,5,21925,买盘
10:34:00,43.85,+3.96%,--,3,13155,卖盘
10:34:03,43.85,+3.96%,--,29,127165,卖盘
10:34:06,43.85,+3.96%,--,45,197325,卖盘
10:34:09,43.85,+3.96%,--,8,35080,卖盘
10:34:12,43.86,+3.98%,+0.01,7,30702,买盘
10:34:15,43.86,+3.98%,--,130,571584,卖盘
10:34:18,43.87,+4.01%,+0.01,54,239048,卖盘
10:34:21,43.96,+4.22%,+0.09,60,268024,买盘
10:34:24,43.97,+4.24%,+0.01,22,96734,买盘
10:34:27,43.98,+4.27%,+0.01,13,57174,买盘
10:34:30,43.98,+4.27%,--,10,43980,买盘
10:34:33,43.97,+4.24%,-0.01,20,87940,买盘
10:34:36,43.98,+4.27%,+0.01,17,74766,买盘
10:34:39,43.98,+4.27%,--,16,70368,买盘
10:34:42,43.99,+4.29%,+0.01,52,228748,买盘
10:34:45,43.99,+4.29%,--,38,168394,买盘
10:34:48,43.99,+4.29%,--,16,70384,卖盘
10:34:51,44.0,+4.31%,+0.01,36,158400,买盘
10:34:54,44.0,+4.31%,--,46,202400,买盘
10:34:57,44.0,+4.31%,--,28,123200,买盘
10:35:00,44.0,+4.31%,--,35,154000,买盘
10:35:03,44.0,+4.31%,--,31,136400,买盘
10:35:06,44.01,+4.34%,+0.01,120,530276,买盘
10:35:09,44.0,+4.31%,-0.01,12,52800,卖盘
10:35:12,44.01,+4.34%,+0.01,29,127629,买盘
10:35:15,44.01,+4.34%,--,54,237654,买盘
10:35:18,44.01,+4.34%,--,72,316872,买盘
10:35:21,44.01,+4.34%,--,58,255258,买盘
10:35:24,43.98,+4.27%,-0.03,35,156173,卖盘
10:35:27,43.87,+4.01%,-0.11,35,153545,卖盘
10:35:30,44.0,+4.31%,+0.13,13,57200,买盘
10:35:30,44.0,+4.31%,--,13,57200,中性盘
10:35:33,44.0,+4.31%,--,19,83600,买盘
10:35:36,43.88,+4.03%,-0.12,3,13164,卖盘
10:35:39,44.0,+4.31%,+0.12,5,22000,买盘
10:35:45,43.93,+4.15%,-0.07,7,30751,中性盘
10:35:48,43.92,+4.13%,-0.01,1,4392,卖盘
10:35:51,43.92,+4.13%,--,10,43920,买盘
10:35:54,43.92,+4.13%,--,1,4392,中性盘
10:35:57,43.89,+4.05%,-0.03,6,26334,卖盘
10:36:00,43.9,+4.08%,+0.01,4,17560,买盘
10:36:03,43.87,+4.01%,-0.03,10,43870,卖盘
10:36:06,43.88,+4.03%,+0.01,4,17552,卖盘
10:36:09,43.87,+4.01%,-0.01,4,17548,卖盘
10:36:12,43.86,+3.98%,-0.01,8,37325,卖盘
10:36:15,43.87,+4.01%,+0.01,2,10924,买盘
10:36:21,43.87,+4.01%,--,23,100901,卖盘
10:36:24,43.87,+4.01%,--,23,103138,买盘
10:36:30,43.85,+3.96%,+0.02,6,26310,买盘
10:36:33,43.87,+4.01%,+0.02,28,124898,买盘
10:36:36,43.87,+4.01%,--,24,105288,卖盘
10:36:39,43.88,+4.03%,+0.01,1,4388,中性盘
10:36:45,43.87,+4.01%,-0.01,37,164644,卖盘
10:36:48,43.88,+4.03%,+0.01,5,21940,买盘
10:36:51,43.87,+4.01%,-0.01,2,8774,买盘
10:36:54,43.87,+4.01%,--,5,21935,买盘
10:36:57,43.85,+3.96%,-0.02,10,43850,卖盘
10:37:00,43.86,+3.98%,+0.01,13,57018,买盘
10:37:03,43.83,+3.91%,-0.03,1,4383,卖盘
10:37:06,43.84,+3.94%,+0.01,17,74528,中性盘
10:37:09,43.84,+3.94%,--,15,65760,买盘
10:37:12,43.8,+3.84%,-0.04,37,162060,卖盘
10:37:18,43.8,+3.84%,+0.01,14,61320,中性盘
10:37:21,43.8,+3.84%,--,2,8760,卖盘
10:37:24,43.78,+3.79%,-0.02,15,65670,卖盘
10:37:30,43.78,+3.79%,--,3,13134,卖盘
10:37:33,43.78,+3.79%,--,7,30646,卖盘
10:37:36,43.8,+3.84%,+0.02,6,26280,买盘
10:37:42,43.78,+3.79%,-0.02,4,17512,买盘
10:37:45,43.77,+3.77%,-0.01,11,48147,卖盘
10:37:48,43.78,+3.79%,+0.01,33,144474,买盘
10:37:51,43.74,+3.70%,-0.04,25,109350,卖盘
10:37:54,43.77,+3.77%,+0.03,4,17508,买盘
10:37:57,43.8,+3.84%,+0.03,23,100740,买盘
10:38:00,43.73,+3.67%,-0.07,8,34984,卖盘
10:38:03,43.77,+3.77%,+0.04,29,126933,买盘
10:38:06,43.75,+3.72%,-0.02,84,367500,卖盘
10:38:09,43.77,+3.77%,+0.02,8,35016,买盘
10:38:12,43.75,+3.72%,-0.02,18,78750,中性盘
10:38:15,43.75,+3.72%,--,14,61250,卖盘
10:38:18,43.76,+3.75%,+0.01,1,4376,中性盘
10:38:21,43.76,+3.75%,--,3,13128,卖盘
10:38:27,43.76,+3.75%,+0.01,15,65640,中性盘
10:38:30,43.75,+3.72%,-0.01,3,13125,中性盘
10:38:33,43.74,+3.70%,-0.01,3,13122,卖盘
10:38:36,43.75,+3.72%,+0.01,18,78750,买盘
10:38:39,43.75,+3.72%,--,8,35000,卖盘
10:38:42,43.75,+3.72%,--,20,87500,卖盘
10:38:45,43.76,+3.75%,+0.01,13,56888,买盘
10:38:48,43.76,+3.75%,--,6,26256,买盘
10:38:51,43.75,+3.72%,-0.01,9,39375,卖盘
10:38:51,43.75,+3.72%,--,9,39375,中性盘
10:38:57,43.75,+3.72%,--,20,87500,买盘
10:39:00,43.74,+3.70%,-0.01,7,30618,卖盘
10:39:06,43.75,+3.72%,--,25,109375,买盘
10:39:09,43.78,+3.79%,+0.03,35,157302,买盘
10:39:12,43.75,+3.72%,-0.03,4,17500,卖盘
10:39:15,43.8,+3.84%,+0.05,7,30660,买盘
10:39:18,43.76,+3.75%,-0.04,3,13128,卖盘
10:39:21,43.76,+3.75%,--,2,8752,卖盘
10:39:27,43.77,+3.77%,+0.01,17,74409,买盘
10:39:30,43.77,+3.77%,--,57,249489,买盘
10:39:33,43.77,+3.77%,--,7,30639,卖盘
10:39:36,43.77,+3.77%,--,58,253866,卖盘
10:39:39,43.77,+3.77%,--,10,43770,卖盘
10:39:42,43.76,+3.75%,-0.01,26,113776,卖盘
10:39:45,43.77,+3.77%,+0.01,9,39393,买盘
10:39:48,43.73,+3.67%,-0.04,83,363265,卖盘
10:39:51,43.77,+3.77%,+0.04,68,297636,买盘
10:39:54,43.73,+3.67%,-0.04,30,131190,卖盘
10:39:57,43.73,+3.67%,--,35,153055,卖盘
10:40:06,43.72,+3.65%,-0.01,20,87440,卖盘
10:40:12,43.73,+3.67%,+0.01,6,26238,买盘
10:40:18,43.72,+3.65%,-0.01,21,91812,卖盘
10:40:21,43.71,+3.63%,-0.01,57,249147,卖盘
10:40:24,43.71,+3.63%,--,34,148614,卖盘
10:40:27,43.72,+3.65%,+0.01,9,39348,中性盘
10:40:30,43.71,+3.63%,-0.01,16,69936,卖盘
10:40:33,43.71,+3.63%,--,3,15299,卖盘
10:40:36,43.71,+3.63%,--,67,292857,卖盘
10:40:42,43.72,+3.65%,+0.01,13,56836,中性盘
10:40:45,43.71,+3.63%,-0.01,45,198881,卖盘
10:40:48,43.73,+3.67%,+0.02,47,205531,买盘
10:40:54,43.71,+3.63%,--,24,104904,卖盘
10:41:00,43.71,+3.63%,--,100,439286,中性盘
10:41:03,43.73,+3.67%,+0.02,11,48103,中性盘
10:41:06,43.73,+3.67%,--,33,144309,中性盘
10:41:09,43.75,+3.72%,+0.02,22,96250,买盘
10:41:12,43.75,+3.72%,--,28,122500,卖盘
10:41:15,43.77,+3.77%,+0.02,26,113802,买盘
10:41:21,43.77,+3.77%,--,50,218850,买盘
10:41:24,43.77,+3.77%,--,18,78786,卖盘
10:41:27,43.75,+3.72%,-0.02,33,144375,卖盘
10:41:30,43.77,+3.77%,+0.02,3,13131,卖盘
10:41:33,43.76,+3.75%,-0.01,7,30632,卖盘
10:41:42,43.76,+3.75%,+0.01,8,35008,买盘
10:41:45,43.74,+3.70%,-0.02,18,78732,卖盘
10:41:48,43.74,+3.70%,--,8,34992,卖盘
10:41:51,43.73,+3.67%,-0.01,18,80901,卖盘
10:41:54,43.73,+3.67%,--,21,91833,买盘
10:41:57,43.7,+3.60%,-0.03,14,61180,卖盘
10:42:00,43.73,+3.67%,+0.03,6,26238,买盘
10:42:03,43.7,+3.60%,-0.03,40,174800,卖盘
10:42:06,43.69,+3.58%,-0.01,16,69904,中性盘
10:42:09,43.71,+3.63%,+0.02,35,152985,买盘
10:42:12,43.71,+3.63%,--,17,74307,卖盘
10:42:12,43.71,+3.63%,-0.05,17,74307,中性盘
10:42:15,43.66,+3.51%,-0.05,5,21830,卖盘
10:42:18,43.67,+3.53%,+0.01,17,74239,中性盘
10:42:21,43.69,+3.58%,+0.02,41,179129,买盘
10:42:27,43.66,+3.51%,--,61,266326,买盘
10:42:30,43.67,+3.53%,+0.01,5,21835,买盘
10:42:33,43.66,+3.51%,-0.01,245,1069670,买盘
10:42:36,43.66,+3.51%,--,32,139712,买盘
10:42:39,43.64,+3.46%,-0.02,72,314208,卖盘
10:42:42,43.64,+3.46%,--,8,34912,中性盘
10:42:57,43.64,+3.46%,--,5,21820,卖盘
10:43:00,43.64,+3.46%,--,6,26184,卖盘
10:43:09,43.63,+3.44%,--,36,157068,卖盘
10:43:12,43.64,+3.46%,+0.01,17,74188,买盘
10:43:15,43.63,+3.44%,-0.01,24,104712,卖盘
10:43:18,43.64,+3.46%,+0.01,8,34912,买盘
10:43:21,43.63,+3.44%,-0.01,10,43630,卖盘
10:43:30,43.62,+3.41%,--,12,52344,卖盘
10:43:33,43.6,+3.37%,-0.02,22,95920,卖盘
10:43:42,43.6,+3.37%,--,1,4360,买盘
10:43:45,43.58,+3.32%,-0.02,2,8716,卖盘
10:43:51,43.57,+3.30%,-0.01,72,317669,卖盘
10:43:54,43.58,+3.32%,+0.01,2,8716,中性盘
10:43:57,43.58,+3.32%,--,7,30506,中性盘
10:44:00,43.57,+3.30%,-0.01,19,82783,卖盘
10:44:03,43.58,+3.32%,+0.01,16,70120,买盘
10:44:06,43.58,+3.32%,--,4,17432,买盘
10:44:09,43.63,+3.44%,+0.05,237,1034424,买盘
10:44:12,43.69,+3.58%,+0.06,78,340782,买盘
10:44:15,43.67,+3.53%,-0.02,109,478187,中性盘
10:44:18,43.73,+3.67%,+0.06,12,52476,买盘
10:44:21,43.69,+3.58%,-0.04,18,78642,卖盘
10:44:27,43.77,+3.77%,+0.04,33,144441,买盘
10:44:30,43.79,+3.82%,+0.02,34,148886,买盘
10:44:36,43.79,+3.82%,--,12,52548,卖盘
10:44:39,43.78,+3.79%,-0.01,43,188254,卖盘
10:44:42,43.8,+3.84%,+0.02,12,52560,卖盘
10:44:45,43.79,+3.82%,-0.01,13,56927,卖盘
10:44:48,43.76,+3.75%,-0.03,4,17504,卖盘
10:44:51,43.8,+3.84%,+0.04,47,205860,买盘
10:44:54,43.76,+3.75%,-0.04,13,56888,卖盘
10:44:57,43.77,+3.77%,+0.01,24,105048,买盘
10:45:00,43.75,+3.72%,-0.02,10,43750,中性盘
10:45:03,43.8,+3.84%,+0.05,76,332880,买盘
10:45:06,43.77,+3.77%,-0.03,11,48147,买盘
10:45:12,43.75,+3.72%,-0.04,3,13125,卖盘
10:45:15,43.77,+3.77%,+0.02,9,39393,买盘
10:45:18,43.72,+3.65%,-0.05,87,382550,卖盘
10:45:21,43.72,+3.65%,--,6,26232,买盘
10:45:24,43.72,+3.65%,--,19,83068,买盘
10:45:30,43.75,+3.72%,+0.03,11,48125,买盘
10:45:33,43.72,+3.65%,-0.03,7,30604,卖盘
10:45:33,43.72,+3.65%,--,7,30604,中性盘
10:45:42,43.73,+3.67%,-0.03,12,52476,卖盘
10:45:45,43.75,+3.72%,+0.02,8,35000,买盘
10:45:48,43.73,+3.67%,-0.02,16,69968,卖盘
10:45:51,43.72,+3.65%,-0.01,15,65580,卖盘
10:45:54,43.75,+3.72%,+0.03,15,65625,买盘
10:45:57,43.73,+3.67%,-0.02,22,96206,卖盘
10:46:06,43.72,+3.65%,-0.01,2,8744,卖盘
10:46:09,43.73,+3.67%,+0.01,44,192412,买盘
10:46:12,43.73,+3.67%,--,2,8746,买盘
10:46:15,43.73,+3.67%,--,30,131190,买盘
10:46:18,43.72,+3.65%,-0.01,32,139904,卖盘
10:46:21,43.73,+3.67%,+0.01,20,87460,买盘
10:46:24,43.73,+3.67%,--,21,91833,卖盘
10:46:27,43.73,+3.67%,--,8,34984,卖盘
10:46:30,43.73,+3.67%,--,15,65595,卖盘
10:46:33,43.73,+3.67%,--,23,100579,卖盘
10:46:36,43.73,+3.67%,--,19,83087,买盘
10:46:39,43.73,+3.67%,--,5,21865,买盘
10:46:42,43.72,+3.65%,-0.01,18,78696,卖盘
10:46:45,43.71,+3.63%,-0.01,21,91791,卖盘
10:46:48,43.72,+3.65%,+0.01,17,74324,买盘
10:46:51,43.71,+3.63%,-0.01,17,74307,卖盘
10:46:54,43.72,+3.65%,+0.01,8,34976,买盘
10:46:57,43.72,+3.65%,--,21,91812,卖盘
10:47:03,43.72,+3.65%,--,5,21860,买盘
10:47:06,43.72,+3.65%,--,119,520268,卖盘
10:47:09,43.78,+3.79%,+0.06,441,1932843,买盘
10:47:12,43.78,+3.79%,--,26,113828,卖盘
10:47:15,43.85,+3.96%,+0.07,70,306950,买盘
10:47:18,43.79,+3.82%,-0.06,28,122612,卖盘
10:47:21,43.78,+3.79%,-0.01,10,43780,卖盘
10:47:27,43.78,+3.79%,--,19,83182,买盘
10:47:30,43.78,+3.79%,--,28,122584,买盘
10:47:33,43.77,+3.77%,-0.01,11,48147,中性盘
10:47:36,43.75,+3.72%,-0.02,8,35000,卖盘
10:47:39,43.74,+3.70%,-0.01,14,63467,卖盘
10:47:42,43.72,+3.65%,-0.02,90,393480,卖盘
10:47:45,43.72,+3.65%,--,8,34976,买盘
10:47:48,43.7,+3.60%,-0.02,27,117990,卖盘
10:47:57,43.72,+3.65%,+0.02,4,17488,买盘
10:48:00,43.7,+3.60%,-0.02,3,13110,买盘
10:48:06,43.69,+3.58%,-0.01,1,4369,中性盘
10:48:09,43.71,+3.63%,+0.02,57,251289,买盘
10:48:12,43.72,+3.65%,+0.01,2,10930,买盘
10:48:15,43.75,+3.72%,+0.03,6,26250,买盘
10:48:18,43.71,+3.63%,-0.04,7,30597,中性盘
10:48:21,43.69,+3.58%,-0.02,34,150774,卖盘
10:48:24,43.69,+3.58%,--,14,61166,买盘
10:48:27,43.71,+3.63%,+0.02,44,192324,买盘
10:48:33,43.69,+3.58%,-0.02,11,48059,买盘
10:48:36,43.67,+3.53%,-0.02,4,17468,中性盘
10:48:39,43.64,+3.46%,-0.03,3,13092,卖盘
10:48:42,43.68,+3.56%,+0.04,22,96096,买盘
10:48:45,43.64,+3.46%,-0.04,16,69824,中性盘
10:48:57,43.64,+3.46%,--,66,288024,中性盘
10:48:57,43.64,+3.46%,--,66,288024,买盘
10:49:00,43.64,+3.46%,--,5,21820,买盘
10:49:03,43.67,+3.53%,+0.03,6,26202,买盘
10:49:06,43.6,+3.37%,-0.07,15,65400,卖盘
10:49:09,43.63,+3.44%,+0.03,11,47993,中性盘
10:49:12,43.64,+3.46%,+0.01,3,13092,买盘
10:49:15,43.6,+3.37%,-0.04,18,78480,卖盘
10:49:24,43.59,+3.34%,-0.01,6,26154,卖盘
10:49:27,43.59,+3.34%,--,15,65385,卖盘
10:49:30,43.6,+3.37%,+0.01,8,34880,买盘
10:49:33,43.59,+3.34%,-0.01,8,34872,中性盘
10:49:36,43.58,+3.32%,-0.01,2,8716,卖盘
10:49:45,43.53,+3.20%,-0.05,64,278592,卖盘
10:49:48,43.56,+3.27%,+0.03,24,104544,买盘
10:49:51,43.59,+3.34%,+0.03,43,187437,买盘
10:49:54,43.52,+3.18%,-0.07,7,30464,卖盘
10:49:57,43.56,+3.27%,+0.04,5,21780,买盘
10:50:06,43.53,+3.20%,-0.03,1,4353,卖盘
10:50:09,43.53,+3.20%,--,2,8706,买盘
10:50:12,43.5,+3.13%,-0.03,76,330600,卖盘
10:50:15,43.49,+3.11%,-0.01,181,787169,卖盘
10:50:18,43.5,+3.13%,+0.01,5,21750,中性盘
10:50:21,43.52,+3.18%,+0.02,51,221952,买盘
10:50:24,43.5,+3.13%,-0.02,23,100050,买盘
10:50:30,43.5,+3.13%,--,18,78300,买盘
10:50:33,43.51,+3.15%,+0.01,14,60914,买盘
10:50:36,43.5,+3.13%,-0.01,27,117450,卖盘
10:50:39,43.5,+3.13%,--,43,187050,买盘
10:50:42,43.5,+3.13%,--,39,169650,买盘
10:50:45,43.47,+3.06%,-0.03,8,34776,卖盘
10:50:48,43.49,+3.11%,+0.02,11,47839,买盘
10:50:51,43.5,+3.13%,+0.01,20,87000,买盘
10:50:54,43.43,+2.96%,-0.07,68,295324,卖盘
10:50:57,43.42,+2.94%,-0.01,32,138944,卖盘
10:51:00,43.42,+2.94%,--,10,43420,卖盘
10:51:03,43.42,+2.94%,--,16,69472,卖盘
10:51:06,43.4,+2.89%,-0.02,22,95480,卖盘
10:51:09,43.39,+2.87%,-0.01,24,104136,卖盘
10:51:15,43.39,+2.87%,--,16,69424,买盘
10:51:18,43.39,+2.87%,--,13,56407,中性盘
10:51:21,43.38,+2.84%,-0.01,33,143154,卖盘
10:51:24,43.4,+2.89%,+0.02,25,108500,买盘
10:51:27,43.41,+2.92%,+0.01,21,91161,买盘
10:51:30,43.42,+2.94%,+0.01,32,138944,买盘
10:51:33,43.44,+2.99%,+0.02,31,134664,买盘
10:51:36,43.45,+3.01%,+0.01,16,69520,买盘
10:51:39,43.42,+2.94%,-0.03,22,95524,卖盘
10:51:42,43.45,+3.01%,+0.03,4,17380,买盘
10:51:45,43.42,+2.94%,-0.03,60,260520,卖盘
10:51:48,43.45,+3.01%,+0.03,22,95590,买盘
10:51:51,43.47,+3.06%,+0.02,11,47817,买盘
10:51:54,43.46,+3.03%,-0.01,9,39114,中性盘
10:51:57,43.45,+3.01%,-0.01,18,78210,卖盘
10:52:00,43.49,+3.11%,+0.04,5,21745,买盘
10:52:03,43.49,+3.11%,--,8,34792,买盘
10:52:06,43.45,+3.01%,-0.04,35,152075,卖盘
10:52:09,43.45,+3.01%,--,4,17380,买盘
10:52:12,43.46,+3.03%,+0.01,20,86920,买盘
10:52:15,43.42,+2.94%,-0.04,63,273546,卖盘
10:52:18,43.44,+2.99%,+0.02,4,17376,中性盘
10:52:18,43.44,+2.99%,--,4,17376,中性盘
10:52:18,43.44,+2.99%,--,4,17376,卖盘
10:52:21,43.46,+3.03%,+0.02,28,121688,买盘
10:52:24,43.46,+3.03%,--,21,91266,卖盘
10:52:27,43.44,+2.99%,-0.02,50,217200,买盘
10:52:30,43.44,+2.99%,--,51,221544,中性盘
10:52:33,43.42,+2.94%,-0.02,9,39078,卖盘
10:52:36,43.46,+3.03%,+0.04,15,65190,买盘
10:52:42,43.46,+3.03%,--,20,86920,卖盘
10:52:45,43.46,+3.03%,--,12,52152,卖盘
10:52:48,43.46,+3.03%,--,15,65190,买盘
10:52:51,43.46,+3.03%,--,16,69536,买盘
10:52:54,43.46,+3.03%,--,13,56498,买盘
10:52:57,43.46,+3.03%,--,2,8692,买盘
10:53:09,43.45,+3.01%,-0.01,4,17380,卖盘
10:53:12,43.46,+3.03%,+0.01,1,4346,买盘
10:53:15,43.45,+3.01%,-0.01,23,99935,卖盘
10:53:18,43.45,+3.01%,--,74,321530,买盘
10:53:21,43.46,+3.03%,+0.01,22,95612,买盘
10:53:24,43.46,+3.03%,--,7,30422,卖盘
10:53:27,43.5,+3.13%,+0.04,81,352350,买盘
10:53:30,43.54,+3.22%,+0.04,17,74018,买盘
10:53:36,43.56,+3.27%,+0.02,17,74052,买盘
10:53:39,43.54,+3.22%,-0.02,4,17416,卖盘
10:53:42,43.57,+3.30%,+0.03,105,457485,买盘
10:53:45,43.56,+3.27%,-0.01,36,156816,卖盘
10:53:48,43.58,+3.32%,+0.02,10,43580,中性盘
10:53:51,43.6,+3.37%,+0.02,41,178760,买盘
10:53:54,43.6,+3.37%,--,5,21800,买盘
10:53:57,43.56,+3.27%,-0.04,6,26136,中性盘
10:54:00,43.58,+3.32%,+0.02,11,47938,买盘
10:54:03,43.58,+3.32%,--,7,30506,买盘
10:54:09,43.58,+3.32%,--,50,217900,买盘
10:54:12,43.56,+3.27%,-0.02,35,152460,卖盘
10:54:15,43.56,+3.27%,--,6,26136,买盘
10:54:21,43.53,+3.20%,-0.03,35,152355,卖盘
10:54:24,43.53,+3.20%,--,1,4353,买盘
10:54:27,43.53,+3.20%,--,33,143649,买盘
10:54:30,43.55,+3.25%,+0.02,35,152425,买盘
10:54:36,43.55,+3.25%,+0.02,11,47905,买盘
10:54:39,43.53,+3.20%,-0.02,1,4353,中性盘
10:54:42,43.53,+3.20%,--,2,8706,卖盘
10:54:45,43.53,+3.20%,--,1,4353,中性盘
10:54:48,43.53,+3.20%,--,7,30471,买盘
10:54:51,43.52,+3.18%,-0.01,13,56576,卖盘
10:54:57,43.53,+3.20%,+0.01,4,17412,买盘
10:55:00,43.52,+3.18%,-0.01,3,13056,卖盘
10:55:03,43.53,+3.20%,+0.01,29,126237,买盘
10:55:06,43.52,+3.18%,-0.01,6,26112,卖盘
10:55:12,43.51,+3.15%,-0.01,2,8702,卖盘
10:55:15,43.52,+3.18%,+0.01,1,4352,买盘
10:55:21,43.52,+3.18%,--,10,43520,买盘
10:55:24,43.51,+3.15%,-0.01,1,4351,卖盘
10:55:27,43.51,+3.15%,--,4,17404,卖盘
10:55:30,43.51,+3.15%,--,1,4351,卖盘
10:55:39,43.51,+3.15%,--,4,17404,中性盘
10:55:45,43.51,+3.15%,--,49,213199,买盘
10:55:48,43.5,+3.13%,-0.01,8,34800,卖盘
10:55:51,43.5,+3.13%,--,25,108750,卖盘
10:55:54,43.51,+3.15%,+0.01,4,17404,买盘
10:55:57,43.51,+3.15%,--,30,130530,买盘
10:56:00,43.51,+3.15%,--,3,13053,卖盘
10:56:03,43.52,+3.18%,+0.01,5,21760,买盘
10:56:06,43.52,+3.18%,--,2,8704,买盘
10:56:09,43.52,+3.18%,--,1,4352,买盘
10:56:12,43.51,+3.15%,-0.01,8,34808,卖盘
10:56:15,43.51,+3.15%,--,3,13053,买盘
10:56:18,43.51,+3.15%,--,112,487312,买盘
10:56:21,43.52,+3.18%,+0.01,12,52224,买盘
10:56:24,43.52,+3.18%,--,11,47872,中性盘
10:56:27,43.54,+3.22%,+0.02,9,39186,买盘
10:56:42,43.55,+3.25%,+0.03,59,256945,买盘
10:56:45,43.56,+3.27%,+0.01,37,161172,买盘
10:56:48,43.59,+3.34%,+0.03,42,183078,买盘
10:56:51,43.64,+3.46%,+0.05,25,109100,买盘
10:56:54,43.59,+3.34%,-0.05,4,17436,中性盘
10:56:57,43.66,+3.51%,+0.07,8,34928,买盘
10:57:00,43.64,+3.46%,-0.02,2,8728,买盘
10:57:06,43.68,+3.56%,+0.04,10,43680,买盘
10:57:09,43.64,+3.46%,-0.04,18,78552,卖盘
10:57:15,43.68,+3.56%,+0.04,20,87360,买盘
10:57:21,43.68,+3.56%,--,15,65520,买盘
10:57:24,43.67,+3.53%,-0.01,7,30569,中性盘
10:57:27,43.67,+3.53%,--,5,21835,中性盘
10:57:30,43.64,+3.46%,-0.03,13,56732,卖盘
10:57:33,43.68,+3.56%,+0.04,44,192192,买盘
10:57:36,43.64,+3.46%,-0.04,48,209472,卖盘
10:57:39,43.68,+3.56%,+0.04,32,139776,买盘
10:57:42,43.69,+3.58%,+0.01,11,48059,买盘
10:57:48,43.68,+3.56%,-0.01,7,30576,买盘
10:57:51,43.68,+3.56%,--,9,39312,买盘
10:57:54,43.6,+3.37%,-0.08,5,21800,卖盘
10:57:57,43.68,+3.56%,+0.08,12,52416,买盘
10:58:03,43.63,+3.44%,-0.05,1,4363,中性盘
10:58:06,43.6,+3.37%,-0.03,12,52320,卖盘
10:58:09,43.6,+3.37%,--,15,65400,卖盘
10:58:15,43.57,+3.30%,-0.03,9,39213,卖盘
10:58:18,43.59,+3.34%,+0.02,4,17436,中性盘
10:58:24,43.58,+3.32%,-0.01,5,21790,中性盘
10:58:27,43.59,+3.34%,+0.01,4,17436,买盘
10:58:30,43.59,+3.34%,--,3,13077,卖盘
10:58:33,43.59,+3.34%,--,33,143847,卖盘
10:58:36,43.59,+3.34%,--,6,26154,卖盘
10:58:48,43.58,+3.32%,-0.01,5,21790,卖盘
10:58:51,43.59,+3.34%,+0.01,48,209232,买盘
10:59:00,43.59,+3.34%,--,46,200514,买盘
10:59:00,43.59,+3.34%,--,46,200514,中性盘
10:59:03,43.59,+3.34%,--,2,8718,卖盘
10:59:06,43.59,+3.34%,--,12,52308,买盘
10:59:18,43.59,+3.34%,--,16,69744,中性盘
10:59:21,43.59,+3.34%,--,7,30513,卖盘
10:59:24,43.59,+3.34%,--,44,191796,卖盘
10:59:36,43.59,+3.34%,--,77,335643,买盘
10:59:42,43.59,+3.34%,--,9,39231,买盘
10:59:51,43.56,+3.27%,-0.02,27,117612,卖盘
10:59:57,43.58,+3.32%,+0.01,10,43580,买盘
11:00:09,43.55,+3.25%,-0.01,31,135005,卖盘
11:00:15,43.56,+3.27%,+0.01,30,130680,买盘
11:00:18,43.53,+3.20%,-0.03,2,8706,卖盘
11:00:21,43.55,+3.25%,+0.02,1,4355,买盘
11:00:27,43.52,+3.18%,-0.03,13,56576,卖盘
11:00:30,43.52,+3.18%,--,15,65280,买盘
11:00:33,43.5,+3.13%,-0.02,3,13050,卖盘
11:00:36,43.5,+3.13%,--,22,95700,卖盘
11:00:42,43.49,+3.11%,-0.01,276,1200324,卖盘
11:00:45,43.5,+3.13%,+0.01,13,56550,买盘
11:00:48,43.51,+3.15%,+0.01,30,130530,买盘
11:00:51,43.5,+3.13%,-0.01,72,313200,买盘
11:00:54,43.49,+3.11%,-0.01,3,13047,中性盘
11:00:57,43.45,+3.01%,-0.04,50,217250,卖盘
11:01:00,43.48,+3.08%,+0.03,24,104352,中性盘
11:01:03,43.45,+3.01%,-0.03,12,52140,卖盘
11:01:06,43.43,+2.96%,-0.02,50,217150,卖盘
11:01:09,43.48,+3.08%,+0.05,35,152180,买盘
11:01:12,43.47,+3.06%,-0.01,10,43470,买盘
11:01:15,43.44,+2.99%,-0.03,70,304080,卖盘
11:01:21,43.44,+2.99%,--,52,225888,卖盘
11:01:24,43.44,+2.99%,--,32,139008,买盘
11:01:27,43.44,+2.99%,--,10,43440,卖盘
11:01:30,43.45,+3.01%,+0.01,33,143385,买盘
11:01:33,43.45,+3.01%,--,98,425810,买盘
11:01:36,43.45,+3.01%,--,33,143385,买盘
11:01:39,43.43,+2.96%,-0.02,17,73831,卖盘
11:01:42,43.4,+2.89%,-0.03,70,303800,卖盘
11:01:45,43.44,+2.99%,+0.04,5,21720,买盘
11:01:48,43.4,+2.89%,-0.04,43,186620,卖盘
11:01:51,43.43,+2.96%,+0.03,95,412585,买盘
11:01:54,43.45,+3.01%,+0.02,78,338910,买盘
11:01:57,43.44,+2.99%,-0.01,19,82536,卖盘
11:02:00,43.45,+3.01%,+0.01,4,17380,买盘
11:02:03,43.4,+2.89%,-0.05,71,308140,卖盘
11:02:06,43.47,+3.06%,+0.07,14,60858,买盘
11:02:09,43.48,+3.08%,+0.01,60,262793,买盘
11:02:12,43.51,+3.15%,+0.03,159,691809,买盘
11:02:15,43.5,+3.13%,-0.01,33,143550,卖盘
11:02:18,43.47,+3.06%,-0.03,38,165186,卖盘
11:02:21,43.55,+3.25%,+0.08,10,47644,买盘
11:02:21,43.55,+3.25%,-0.05,10,47644,中性盘
11:02:24,43.5,+3.13%,-0.05,20,87000,卖盘
11:02:27,43.56,+3.27%,+0.06,9,39204,买盘
11:02:30,43.5,+3.13%,-0.06,16,69600,卖盘
11:02:33,43.55,+3.25%,+0.05,11,47905,买盘
11:02:36,43.53,+3.20%,-0.02,7,30471,中性盘
11:02:42,43.55,+3.25%,+0.02,9,39195,买盘
11:02:48,43.54,+3.22%,+0.01,30,130620,买盘
11:02:51,43.55,+3.25%,+0.01,24,104520,买盘
11:02:54,43.54,+3.22%,-0.01,2,8708,买盘
11:02:57,43.54,+3.22%,--,5,21770,卖盘
11:03:00,43.54,+3.22%,--,15,65310,卖盘
11:03:06,43.54,+3.22%,--,7,30478,买盘
11:03:09,43.54,+3.22%,--,10,43540,买盘
11:03:15,43.54,+3.22%,--,17,74018,卖盘
11:03:30,43.55,+3.25%,+0.01,20,87100,买盘
11:03:36,43.53,+3.20%,-0.01,4,17412,卖盘
11:03:39,43.55,+3.25%,+0.02,13,56615,买盘
11:03:45,43.53,+3.20%,--,36,156708,卖盘
11:03:51,43.52,+3.18%,-0.01,16,69632,卖盘
11:03:54,43.52,+3.18%,--,4,17408,卖盘
11:03:57,43.51,+3.15%,-0.01,13,56563,卖盘
11:04:00,43.51,+3.15%,--,168,730968,卖盘
11:04:03,43.51,+3.15%,--,2,8702,卖盘
11:04:06,43.53,+3.20%,+0.02,38,165414,买盘
11:04:09,43.51,+3.15%,-0.02,10,43510,卖盘
11:04:12,43.54,+3.22%,+0.03,20,90041,买盘
11:04:15,43.53,+3.20%,-0.01,11,47883,卖盘
11:04:18,43.53,+3.20%,--,25,108825,卖盘
11:04:21,43.54,+3.22%,+0.01,3,13062,买盘
11:04:24,43.53,+3.20%,-0.01,15,65295,卖盘
11:04:27,43.53,+3.20%,--,7,30471,卖盘
11:04:30,43.54,+3.22%,+0.01,4,17416,买盘
11:04:36,43.54,+3.22%,+0.01,32,139328,买盘
11:04:39,43.54,+3.22%,--,2,8708,卖盘
11:04:42,43.55,+3.25%,+0.01,22,95810,买盘
11:04:45,43.54,+3.22%,-0.01,4,17416,卖盘
11:04:48,43.54,+3.22%,--,10,43540,卖盘
11:04:51,43.54,+3.22%,--,12,52248,买盘
11:04:54,43.53,+3.20%,-0.01,12,52236,卖盘
11:04:57,43.53,+3.20%,--,11,47883,卖盘
11:05:00,43.55,+3.25%,+0.02,6,26130,买盘
11:05:03,43.53,+3.20%,-0.02,6,26118,卖盘
11:05:06,43.53,+3.20%,--,6,26118,卖盘
11:05:15,43.52,+3.18%,-0.01,2,8704,卖盘
11:05:18,43.52,+3.18%,--,25,108800,卖盘
11:05:21,43.51,+3.15%,-0.01,24,104424,卖盘
11:05:24,43.5,+3.13%,-0.01,17,73950,卖盘
11:05:27,43.5,+3.13%,--,9,39150,卖盘
11:05:33,43.5,+3.13%,--,1,4350,卖盘
11:05:36,43.5,+3.13%,--,4,17400,卖盘
11:05:42,43.5,+3.13%,--,24,104400,买盘
11:05:42,43.5,+3.13%,--,24,104400,中性盘
11:05:45,43.51,+3.15%,+0.01,10,43510,买盘
11:05:48,43.5,+3.13%,-0.01,48,208800,卖盘
11:05:51,43.5,+3.13%,--,2,8700,卖盘
11:05:54,43.51,+3.15%,+0.01,11,47861,买盘
11:05:57,43.52,+3.18%,+0.01,19,82688,买盘
11:06:00,43.53,+3.20%,+0.01,18,78354,买盘
11:06:03,43.54,+3.22%,+0.01,12,52248,中性盘
11:06:06,43.53,+3.20%,-0.01,5,21765,卖盘
11:06:09,43.55,+3.25%,+0.02,3,13065,买盘
11:06:12,43.53,+3.20%,-0.02,2,8706,卖盘
11:06:15,43.55,+3.25%,+0.02,28,121940,买盘
11:06:18,43.55,+3.25%,--,20,87100,买盘
11:06:21,43.55,+3.25%,--,39,169845,买盘
11:06:24,43.54,+3.22%,-0.01,3,13062,卖盘
11:06:27,43.53,+3.20%,-0.01,36,156708,卖盘
11:06:33,43.55,+3.25%,+0.02,159,692445,买盘
11:06:36,43.6,+3.37%,+0.05,97,424795,买盘
11:06:39,43.6,+3.37%,--,10,43600,卖盘
11:06:42,43.62,+3.41%,+0.02,22,95964,买盘
11:06:45,43.62,+3.41%,--,1,4362,买盘
11:06:57,43.61,+3.39%,--,3,13083,买盘
11:07:00,43.61,+3.39%,--,5,21805,买盘
11:07:03,43.61,+3.39%,--,10,43610,买盘
11:07:09,43.6,+3.37%,-0.01,3,13080,中性盘
11:07:12,43.61,+3.39%,+0.01,32,139552,买盘
11:07:15,43.6,+3.37%,-0.01,19,82840,买盘
11:07:18,43.61,+3.39%,+0.01,34,148274,买盘
11:07:21,43.61,+3.39%,--,9,39249,卖盘
11:07:27,43.62,+3.41%,--,11,47982,买盘
11:07:39,43.61,+3.39%,-0.01,2,8722,卖盘
11:07:45,43.61,+3.39%,--,27,119840,卖盘
11:07:48,43.61,+3.39%,--,11,50239,卖盘
11:08:00,43.61,+3.39%,--,2,8722,买盘
11:08:06,43.61,+3.39%,--,26,115479,买盘
11:08:18,43.61,+3.39%,--,16,69776,卖盘
11:08:21,43.62,+3.41%,+0.01,1,4362,买盘
11:08:24,43.61,+3.39%,-0.01,87,379407,卖盘
11:08:27,43.62,+3.41%,+0.01,41,178842,买盘
11:08:30,43.61,+3.39%,-0.01,15,65415,卖盘
11:08:33,43.62,+3.41%,+0.01,6,26172,买盘
11:08:36,43.61,+3.39%,-0.01,19,82859,卖盘
11:08:39,43.62,+3.41%,+0.01,26,113412,买盘
11:08:42,43.61,+3.39%,-0.01,5,21805,中性盘
11:08:51,43.6,+3.37%,-0.01,14,61040,卖盘
11:08:54,43.59,+3.34%,-0.01,38,167909,卖盘
11:08:57,43.59,+3.34%,--,37,161283,买盘
11:09:03,43.58,+3.32%,-0.01,3,13074,买盘
11:09:03,43.58,+3.32%,-0.02,3,13074,中性盘
11:09:12,43.56,+3.27%,--,9,39204,卖盘
11:09:15,43.55,+3.25%,-0.01,2,8710,卖盘
11:09:21,43.55,+3.25%,--,2,8710,卖盘
11:09:27,43.55,+3.25%,--,29,128429,买盘
11:09:33,43.54,+3.22%,-0.01,12,52248,卖盘
11:09:36,43.55,+3.25%,+0.01,4,17420,买盘
11:09:39,43.55,+3.25%,--,21,91455,卖盘
11:09:42,43.55,+3.25%,--,34,152381,卖盘
11:09:45,43.55,+3.25%,--,8,34840,买盘
11:09:48,43.56,+3.27%,+0.01,16,69696,卖盘
11:09:51,43.56,+3.27%,--,40,176418,卖盘
11:09:54,43.56,+3.27%,--,1,4356,中性盘
11:09:57,43.58,+3.32%,+0.02,1,4358,买盘
11:10:03,43.58,+3.32%,--,117,509886,买盘
11:10:06,43.58,+3.32%,--,22,95876,买盘
11:10:09,43.57,+3.30%,-0.01,29,126353,卖盘
11:10:12,43.57,+3.30%,--,17,74069,买盘
11:10:15,43.55,+3.25%,-0.02,10,43550,卖盘
11:10:18,43.57,+3.30%,+0.02,6,26142,买盘
11:10:21,43.55,+3.25%,-0.02,16,69680,卖盘
11:10:24,43.55,+3.25%,--,27,119763,卖盘
11:10:27,43.53,+3.20%,-0.02,20,89324,卖盘
11:10:30,43.55,+3.25%,+0.02,16,69680,买盘
11:10:36,43.52,+3.18%,-0.03,12,52224,卖盘
11:10:39,43.52,+3.18%,--,7,30464,卖盘
11:10:42,43.52,+3.18%,--,78,339456,卖盘
11:10:45,43.52,+3.18%,--,31,134912,买盘
11:10:48,43.52,+3.18%,--,11,47872,买盘
11:10:51,43.52,+3.18%,--,9,39168,买盘
11:10:54,43.52,+3.18%,--,33,143616,买盘
11:10:57,43.54,+3.22%,+0.02,8,34832,买盘
11:11:00,43.54,+3.22%,--,8,34832,买盘
11:11:03,43.53,+3.20%,-0.01,1,4353,卖盘
11:11:06,43.52,+3.18%,-0.01,13,56576,买盘
11:11:09,43.52,+3.18%,--,4,17408,买盘
11:11:12,43.53,+3.20%,+0.01,3,13059,卖盘
11:11:15,43.51,+3.15%,-0.02,19,82669,卖盘
11:11:18,43.51,+3.15%,--,16,69616,买盘
11:11:21,43.51,+3.15%,--,6,26106,买盘
11:11:24,43.51,+3.15%,--,10,43510,买盘
11:11:27,43.5,+3.13%,-0.01,5,21750,卖盘
11:11:30,43.5,+3.13%,--,11,47850,卖盘
11:11:33,43.5,+3.13%,--,31,134850,买盘
11:11:36,43.5,+3.13%,--,10,43500,买盘
11:11:39,43.49,+3.11%,-0.01,15,65235,卖盘
11:11:45,43.49,+3.11%,--,1,4349,买盘
11:11:48,43.5,+3.13%,+0.01,135,587250,买盘
11:11:51,43.5,+3.13%,--,31,134850,卖盘
11:11:54,43.53,+3.20%,+0.03,65,282945,买盘
11:11:57,43.5,+3.13%,-0.03,40,174000,卖盘
11:12:00,43.5,+3.13%,--,49,213150,卖盘
11:12:03,43.52,+3.18%,+0.02,4,17408,中性盘
11:12:06,43.49,+3.11%,-0.03,275,1195975,卖盘
11:12:09,43.49,+3.11%,--,38,165262,买盘
11:12:12,43.49,+3.11%,--,34,147866,卖盘
11:12:15,43.52,+3.18%,+0.03,13,56576,买盘
11:12:18,43.49,+3.11%,-0.03,14,60886,中性盘
11:12:21,43.48,+3.08%,-0.01,15,65220,中性盘
11:12:24,43.49,+3.11%,+0.01,7,30443,买盘
11:12:24,43.49,+3.11%,--,7,30443,中性盘
11:12:27,43.52,+3.18%,+0.03,42,184786,买盘
11:12:30,43.52,+3.18%,--,12,52224,卖盘
11:12:33,43.52,+3.18%,--,5,21760,卖盘
11:12:36,43.53,+3.20%,+0.01,12,52236,买盘
11:12:39,43.53,+3.20%,--,14,63249,买盘
11:12:42,43.53,+3.20%,--,6,26118,买盘
11:12:45,43.53,+3.20%,--,12,52236,买盘
11:12:48,43.53,+3.20%,--,19,82707,买盘
11:12:51,43.53,+3.20%,--,10,43530,买盘
11:12:54,43.52,+3.18%,-0.01,17,73984,卖盘
11:12:57,43.52,+3.18%,--,13,56576,卖盘
11:13:00,43.52,+3.18%,--,2,8704,卖盘
11:13:03,43.51,+3.15%,-0.01,34,147934,卖盘
11:13:09,43.52,+3.18%,+0.01,3,13056,买盘
11:13:12,43.51,+3.15%,-0.01,1,8615,卖盘
11:13:15,43.51,+3.15%,--,2,8789,卖盘
11:13:18,43.52,+3.18%,+0.01,25,113065,买盘
11:13:21,43.52,+3.18%,--,9,39255,卖盘
11:13:24,43.51,+3.15%,-0.01,1,4351,买盘
11:13:30,43.52,+3.18%,+0.01,31,139177,买盘
11:13:33,43.5,+3.13%,-0.02,24,104400,卖盘
11:13:36,43.5,+3.13%,--,5,21750,买盘
11:13:39,43.5,+3.13%,--,9,39150,买盘
11:13:45,43.5,+3.13%,-0.01,5,21750,买盘
11:13:48,43.49,+3.11%,-0.01,22,95678,卖盘
11:13:54,43.49,+3.11%,-0.01,4,17396,卖盘
11:13:57,43.53,+3.20%,+0.04,53,230709,买盘
11:14:03,43.55,+3.25%,+0.02,24,104520,买盘
11:14:06,43.52,+3.18%,-0.03,4,17408,卖盘
11:14:09,43.55,+3.25%,+0.03,8,34840,买盘
11:14:12,43.53,+3.20%,-0.02,4,17412,卖盘
11:14:15,43.55,+3.25%,+0.02,8,34840,买盘
11:14:18,43.55,+3.25%,--,22,95810,中性盘
11:14:24,43.53,+3.20%,-0.02,1,4353,卖盘
11:14:33,43.53,+3.20%,--,15,65295,买盘
11:14:36,43.53,+3.20%,--,3,13059,买盘
11:14:39,43.53,+3.20%,--,8,34824,买盘
11:14:42,43.53,+3.20%,--,14,60942,中性盘
11:14:45,43.59,+3.34%,+0.06,79,344361,买盘
11:14:48,43.55,+3.25%,-0.04,18,78390,卖盘
11:14:51,43.55,+3.25%,--,20,87100,卖盘
11:14:54,43.55,+3.25%,--,8,34840,卖盘
11:15:00,43.55,+3.25%,-0.04,7,30485,卖盘
11:15:03,43.59,+3.34%,+0.04,5,21795,买盘
11:15:09,43.6,+3.37%,+0.01,10,43600,买盘
11:15:12,43.56,+3.27%,-0.04,2,13024,卖盘
11:15:15,43.59,+3.34%,+0.03,1,4359,中性盘
11:15:18,43.56,+3.27%,-0.03,35,152460,卖盘
11:15:24,43.59,+3.34%,+0.03,2,8718,中性盘
11:15:30,43.59,+3.34%,-0.01,11,47949,买盘
11:15:45,43.59,+3.34%,-0.01,6,30469,卖盘
11:15:48,43.59,+3.34%,--,19,82865,卖盘
11:15:48,43.59,+3.34%,--,19,82865,中性盘
11:15:48,43.59,+3.34%,--,19,82865,买盘
11:15:54,43.6,+3.37%,+0.01,29,126440,买盘
11:16:03,43.58,+3.32%,-0.02,7,30506,卖盘
11:16:06,43.58,+3.32%,--,1,4358,买盘
11:16:09,43.55,+3.25%,-0.03,44,191664,卖盘
11:16:12,43.52,+3.18%,-0.03,1,4352,卖盘
11:16:15,43.52,+3.18%,--,17,73984,卖盘
11:16:18,43.53,+3.20%,+0.01,6,26118,买盘
11:16:21,43.53,+3.20%,--,26,113178,卖盘
11:16:24,43.52,+3.18%,-0.01,1,4352,买盘
11:16:27,43.51,+3.15%,-0.01,331,1440181,卖盘
11:16:30,43.5,+3.13%,-0.01,21,91350,中性盘
11:16:33,43.51,+3.15%,+0.01,5,21755,买盘
11:16:39,43.51,+3.15%,--,4,17404,买盘
11:16:42,43.51,+3.15%,--,2,8702,买盘
11:16:45,43.48,+3.08%,-0.03,12,52176,卖盘
11:16:48,43.5,+3.13%,+0.02,9,39150,买盘
11:16:51,43.48,+3.08%,-0.02,22,95656,卖盘
11:16:57,43.5,+3.13%,+0.02,9,39150,中性盘
11:17:00,43.48,+3.08%,-0.02,1,4348,卖盘
11:17:03,43.47,+3.06%,-0.01,5,21735,卖盘
11:17:06,43.5,+3.13%,+0.03,13,56550,买盘
11:17:09,43.5,+3.13%,--,67,291450,买盘
11:17:12,43.5,+3.13%,--,19,82650,卖盘
11:17:15,43.5,+3.13%,--,10,43500,卖盘
11:17:21,43.52,+3.18%,+0.02,15,65280,买盘
11:17:24,43.46,+3.03%,-0.06,118,512828,卖盘
11:17:30,43.46,+3.03%,--,11,47806,买盘
11:17:33,43.46,+3.03%,--,20,86920,买盘
11:17:36,43.42,+2.94%,-0.04,2,8684,卖盘
11:17:39,43.46,+3.03%,+0.04,30,130380,买盘
11:17:42,43.47,+3.06%,+0.01,111,486603,买盘
11:17:45,43.46,+3.03%,-0.01,3,13038,卖盘
11:17:48,43.47,+3.06%,+0.01,47,204309,中性盘
11:17:51,43.47,+3.06%,--,7,30429,卖盘
11:17:54,43.49,+3.11%,+0.02,9,39141,买盘
11:17:57,43.46,+3.03%,-0.03,9,39114,卖盘
11:18:00,43.47,+3.06%,+0.01,9,39123,买盘
11:18:03,43.47,+3.06%,--,5,21735,卖盘
11:18:06,43.49,+3.11%,+0.02,16,69584,买盘
11:18:09,43.51,+3.15%,+0.02,50,217550,买盘
11:18:12,43.54,+3.22%,+0.03,28,126222,买盘
11:18:15,43.52,+3.18%,-0.02,4,17408,买盘
11:18:18,43.55,+3.25%,+0.03,16,69680,买盘
11:18:21,43.5,+3.13%,-0.05,11,47850,卖盘
11:18:24,43.54,+3.22%,+0.04,5,21770,买盘
11:18:30,43.55,+3.25%,+0.01,5,21775,买盘
11:18:33,43.54,+3.22%,-0.01,1,4354,卖盘
11:18:39,43.54,+3.22%,-0.01,17,74018,卖盘
11:18:42,43.54,+3.22%,--,6,26124,卖盘
11:18:45,43.55,+3.25%,+0.01,7,30485,买盘
11:18:48,43.54,+3.22%,-0.01,20,87080,卖盘
11:18:51,43.51,+3.15%,-0.03,3,13053,卖盘
11:18:57,43.54,+3.22%,+0.03,4,17416,买盘
11:19:03,43.51,+3.15%,-0.03,6,26106,卖盘
11:19:06,43.51,+3.15%,--,0,2001,买盘
11:19:09,43.51,+3.15%,--,15,65265,中性盘
11:19:09,43.51,+3.15%,--,15,65265,卖盘
11:19:12,43.53,+3.20%,+0.02,5,21765,买盘
11:19:15,43.55,+3.25%,+0.02,52,226460,买盘
11:19:18,43.55,+3.25%,--,33,143715,卖盘
11:19:21,43.6,+3.37%,+0.05,5,21800,买盘
11:19:27,43.59,+3.34%,-0.02,14,61026,中性盘
11:19:30,43.6,+3.37%,+0.01,8,34880,中性盘
11:19:33,43.62,+3.41%,+0.02,39,171078,买盘
11:19:36,43.65,+3.49%,+0.03,42,186735,买盘
11:19:39,43.65,+3.49%,--,22,96030,买盘
11:19:45,43.65,+3.49%,--,4,18420,买盘
11:19:48,43.69,+3.58%,+0.04,13,56797,买盘
11:19:51,43.65,+3.49%,-0.04,4,17460,买盘
11:19:54,43.64,+3.46%,-0.01,3,16496,卖盘
11:20:00,43.65,+3.49%,+0.01,29,126585,买盘
11:20:03,43.68,+3.56%,+0.03,27,121081,买盘
11:20:06,43.69,+3.58%,+0.01,19,83011,买盘
11:20:09,43.62,+3.41%,-0.07,116,505992,卖盘
11:20:12,43.69,+3.58%,+0.07,54,235926,买盘
11:20:15,43.69,+3.58%,--,76,332044,卖盘
11:20:18,43.69,+3.58%,--,16,69904,卖盘
11:20:21,43.77,+3.77%,+0.08,89,389553,买盘
11:20:27,43.69,+3.58%,-0.08,44,192236,买盘
11:20:30,43.62,+3.41%,-0.07,26,114633,卖盘
11:20:36,43.68,+3.56%,+0.06,12,55561,买盘
11:20:39,43.6,+3.37%,-0.08,7,31741,卖盘
11:20:42,43.69,+3.58%,+0.09,1,4369,买盘
11:20:45,43.61,+3.39%,-0.08,1,4361,卖盘
11:20:48,43.68,+3.56%,+0.07,5,21840,买盘
11:20:51,43.61,+3.39%,-0.07,1,4361,卖盘
11:20:54,43.68,+3.56%,+0.07,1,4368,中性盘
11:20:57,43.6,+3.37%,-0.08,9,39240,卖盘
11:21:03,43.68,+3.56%,+0.06,5,21840,买盘
11:21:06,43.62,+3.41%,-0.06,24,104688,买盘
11:21:09,43.63,+3.44%,+0.01,1,4363,中性盘
11:21:12,43.64,+3.46%,+0.01,6,26184,买盘
11:21:15,43.62,+3.41%,-0.02,3,13086,卖盘
11:21:21,43.64,+3.46%,+0.02,2,8728,中性盘
11:21:24,43.62,+3.41%,-0.02,11,47982,卖盘
11:21:27,43.62,+3.41%,--,17,74154,卖盘
11:21:30,43.64,+3.46%,+0.02,7,30548,买盘
11:21:33,43.62,+3.41%,-0.02,48,209376,卖盘
11:21:36,43.62,+3.41%,--,7,30534,买盘
11:21:42,43.62,+3.41%,--,4,17448,买盘
11:21:45,43.62,+3.41%,--,12,52344,买盘
11:21:48,43.62,+3.41%,--,8,34896,卖盘
11:21:51,43.62,+3.41%,--,5,21810,买盘
11:21:54,43.61,+3.39%,-0.01,7,30527,卖盘
11:21:57,43.62,+3.41%,+0.01,7,30534,买盘
11:22:00,43.62,+3.41%,--,47,205014,卖盘
11:22:03,43.61,+3.39%,-0.01,1,4361,买盘
11:22:06,43.61,+3.39%,--,7,30527,中性盘
11:22:09,43.6,+3.37%,-0.01,20,87200,卖盘
11:22:12,43.6,+3.37%,--,30,130800,卖盘
11:22:18,43.61,+3.39%,+0.01,13,56693,中性盘
11:22:21,43.62,+3.41%,+0.01,3,13086,买盘
11:22:27,43.61,+3.39%,--,4,17444,买盘
11:22:30,43.6,+3.37%,-0.01,2,8720,卖盘
11:22:30,43.6,+3.37%,--,2,8720,中性盘
11:22:36,43.62,+3.41%,+0.01,65,283530,买盘
11:22:39,43.62,+3.41%,--,15,65430,卖盘
11:22:42,43.62,+3.41%,--,4,17448,卖盘
11:22:45,43.62,+3.41%,--,1,4362,卖盘
11:22:51,43.68,+3.56%,+0.06,46,202806,买盘
11:22:57,43.68,+3.56%,--,15,65520,卖盘
11:23:00,43.69,+3.58%,+0.01,20,89870,买盘
11:23:03,43.69,+3.58%,--,6,26214,买盘
11:23:06,43.62,+3.41%,-0.07,4,17448,卖盘
11:23:12,43.62,+3.41%,--,5,21810,中性盘
11:23:15,43.63,+3.44%,+0.01,2,8726,买盘
11:23:18,43.62,+3.41%,-0.01,20,87240,卖盘
11:23:21,43.62,+3.41%,--,13,56706,卖盘
11:23:24,43.63,+3.44%,+0.01,10,43630,买盘
11:23:33,43.63,+3.44%,--,5,21815,卖盘
11:23:39,43.63,+3.44%,--,2,8726,卖盘
11:23:42,43.67,+3.53%,+0.04,12,52404,买盘
11:23:45,43.67,+3.53%,--,18,78606,卖盘
11:23:51,43.65,+3.49%,-0.02,2,8730,中性盘
11:23:57,43.67,+3.53%,+0.02,12,52404,买盘
11:24:00,43.65,+3.49%,-0.02,10,43650,卖盘
11:24:03,43.67,+3.53%,+0.02,6,26202,买盘
11:24:06,43.64,+3.46%,-0.03,1,4364,买盘
11:24:09,43.63,+3.44%,-0.01,9,39267,卖盘
11:24:12,43.62,+3.41%,-0.01,18,78516,卖盘
11:24:15,43.65,+3.49%,+0.03,5,21825,买盘
11:24:18,43.62,+3.41%,-0.03,36,157032,卖盘
11:24:21,43.62,+3.41%,--,41,178842,卖盘
11:24:27,43.58,+3.32%,-0.04,4,17432,中性盘
11:24:30,43.61,+3.39%,+0.03,3,13083,买盘
11:24:36,43.62,+3.41%,+0.01,5,21810,买盘
11:24:42,43.61,+3.39%,-0.01,30,130830,卖盘
11:24:51,43.6,+3.37%,--,10,43600,买盘
11:24:57,43.6,+3.37%,--,41,178760,买盘
11:25:00,43.61,+3.39%,+0.01,7,30527,买盘
11:25:03,43.61,+3.39%,--,6,26166,买盘
11:25:06,43.6,+3.37%,-0.01,24,104640,卖盘
11:25:12,43.61,+3.39%,+0.01,16,69776,买盘
11:25:15,43.59,+3.34%,-0.02,13,56667,卖盘
11:25:21,43.58,+3.32%,-0.01,6,26148,卖盘
11:25:27,43.6,+3.37%,+0.02,4,17440,买盘
11:25:36,43.61,+3.39%,+0.01,2,8722,买盘
11:25:39,43.6,+3.37%,-0.01,16,69760,卖盘
11:25:42,43.6,+3.37%,--,13,56680,卖盘
11:25:45,43.61,+3.39%,-0.03,1,4361,中性盘
11:25:54,43.58,+3.32%,-0.03,2,8716,卖盘
11:25:57,43.6,+3.37%,+0.02,3,13080,买盘
11:26:03,43.58,+3.32%,-0.02,63,274554,卖盘
11:26:06,43.58,+3.32%,--,10,43580,卖盘
11:26:15,43.59,+3.34%,+0.01,14,61026,买盘
11:26:21,43.58,+3.32%,-0.01,20,87160,中性盘
11:26:24,43.58,+3.32%,--,1,4358,卖盘
11:26:33,43.59,+3.34%,--,5,21795,买盘
11:26:45,43.59,+3.34%,--,6,26154,中性盘
11:26:51,43.59,+3.34%,--,16,69744,买盘
11:26:54,43.59,+3.34%,--,5,21795,卖盘
11:26:57,43.59,+3.34%,--,8,34872,卖盘
11:27:00,43.58,+3.32%,-0.01,28,122024,卖盘
11:27:03,43.59,+3.34%,+0.01,7,30513,中性盘
11:27:18,43.59,+3.34%,-0.01,12,52308,卖盘
11:27:24,43.6,+3.37%,+0.01,4,17440,买盘
11:27:27,43.6,+3.37%,--,18,78480,买盘
11:27:33,43.6,+3.37%,+0.01,19,82840,买盘
11:27:42,43.61,+3.39%,+0.01,57,248577,买盘
11:27:45,43.59,+3.34%,-0.02,3,13077,卖盘
11:27:51,43.61,+3.39%,+0.02,7,30527,买盘
11:27:54,43.59,+3.34%,-0.02,1,4359,卖盘
11:27:57,43.61,+3.39%,+0.02,2,8722,买盘
11:28:03,43.61,+3.39%,--,21,91581,买盘
11:28:06,43.61,+3.39%,--,6,26166,卖盘
11:28:09,43.69,+3.58%,+0.08,170,742730,买盘
11:28:12,43.68,+3.56%,-0.01,22,96751,卖盘
11:28:21,43.75,+3.72%,+0.07,363,1588125,买盘
11:28:24,43.75,+3.72%,--,2,8750,卖盘
11:28:27,43.83,+3.91%,+0.08,78,345600,买盘
11:28:30,43.72,+3.65%,-0.11,9,39348,卖盘
11:28:33,43.68,+3.56%,-0.04,18,78624,卖盘
11:28:36,43.78,+3.79%,+0.1,1,4378,中性盘
11:28:39,43.75,+3.72%,-0.03,15,65625,买盘
11:28:42,43.69,+3.58%,-0.06,5,21845,卖盘
11:28:45,43.72,+3.65%,+0.03,7,30604,买盘
11:28:48,43.7,+3.60%,-0.02,16,69920,卖盘
11:28:51,43.7,+3.60%,--,4,17480,卖盘
11:28:54,43.7,+3.60%,--,14,61180,卖盘
11:28:57,43.83,+3.91%,+0.13,22,96426,买盘
11:29:00,43.8,+3.84%,-0.03,9,39420,中性盘
11:29:03,43.73,+3.67%,-0.07,14,61222,卖盘
11:29:06,43.7,+3.60%,-0.03,46,201020,卖盘
11:29:12,43.7,+3.60%,--,39,170430,卖盘
13:02:33,43.56,+3.27%,-0.01,7,30492,中性盘
13:02:36,43.55,+3.25%,-0.01,14,60970,卖盘
13:02:39,43.59,+3.34%,+0.04,6,26154,买盘
13:02:42,43.57,+3.30%,-0.02,11,47927,中性盘
13:02:51,43.58,+3.32%,+0.01,13,56654,中性盘
13:02:57,43.6,+3.37%,--,6,26160,买盘
13:03:03,43.61,+3.39%,+0.01,1,4361,中性盘
13:03:06,43.6,+3.37%,-0.01,7,30520,卖盘
13:03:09,43.6,+3.37%,--,20,87200,买盘
13:03:15,43.59,+3.34%,-0.01,2,8718,卖盘
13:03:18,43.59,+3.34%,--,9,39231,卖盘
13:03:24,43.59,+3.34%,--,21,91539,买盘
13:03:30,43.59,+3.34%,+0.01,6,26154,买盘
13:03:33,43.6,+3.37%,+0.01,2,8720,买盘
13:03:36,43.59,+3.34%,-0.01,1,4359,卖盘
13:03:39,43.59,+3.34%,--,13,56667,卖盘
13:03:42,43.59,+3.34%,--,15,65385,买盘
13:03:48,43.58,+3.32%,-0.01,27,117666,卖盘
13:03:51,43.59,+3.34%,+0.01,1,4359,买盘
13:04:00,43.58,+3.32%,--,14,61012,卖盘
13:04:03,43.6,+3.37%,+0.02,89,388040,买盘
13:04:09,43.64,+3.46%,+0.04,2,8728,买盘
13:04:18,43.64,+3.46%,--,2,8728,买盘
13:04:24,43.64,+3.46%,--,9,39276,买盘
13:04:27,43.64,+3.46%,--,29,126556,买盘
13:04:30,43.63,+3.44%,-0.01,8,34904,中性盘
13:04:39,43.63,+3.44%,--,1,4363,卖盘
13:04:45,43.63,+3.44%,--,7,30541,卖盘
13:04:48,43.63,+3.44%,--,23,100349,买盘
13:05:00,43.63,+3.44%,--,31,135253,买盘
13:05:03,43.63,+3.44%,--,3,13089,买盘
13:05:06,43.63,+3.44%,--,1,4363,买盘
13:05:09,43.6,+3.37%,-0.03,5,21800,卖盘
13:05:21,43.6,+3.37%,-0.02,6,26160,卖盘
13:05:30,43.6,+3.37%,--,31,135160,买盘
13:05:33,43.59,+3.34%,-0.01,3,13077,卖盘
13:05:36,43.62,+3.41%,+0.03,1,4362,买盘
13:05:39,43.59,+3.34%,-0.03,2,8718,卖盘
13:05:42,43.59,+3.34%,--,13,56667,买盘
13:05:51,43.59,+3.34%,--,24,104616,买盘
13:05:54,43.59,+3.34%,--,3,13077,中性盘
13:05:57,43.6,+3.37%,+0.01,3,13080,中性盘
13:06:03,43.59,+3.34%,-0.01,4,19616,卖盘
13:06:06,43.6,+3.37%,+0.01,9,39240,卖盘
13:06:12,43.62,+3.41%,+0.01,16,69792,买盘
13:06:15,43.56,+3.27%,-0.06,56,243936,卖盘
13:06:21,43.56,+3.27%,--,1,4356,买盘
13:06:24,43.56,+3.27%,--,190,827640,买盘
13:06:30,43.61,+3.39%,+0.05,106,462266,买盘
13:06:36,43.62,+3.41%,+0.01,61,266082,买盘
13:06:39,43.64,+3.46%,+0.02,17,76195,买盘
13:06:42,43.65,+3.49%,+0.01,23,100395,买盘
13:06:48,43.67,+3.53%,+0.02,5,21835,买盘
13:06:51,43.66,+3.51%,-0.01,16,69856,卖盘
13:06:54,43.67,+3.53%,+0.01,15,69654,买盘
13:06:57,43.67,+3.53%,--,34,148478,卖盘
13:07:03,43.68,+3.56%,+0.01,5,21840,买盘
13:07:06,43.67,+3.53%,-0.01,0,4236,卖盘
13:07:12,43.69,+3.58%,+0.02,9,39321,买盘
13:07:15,43.7,+3.60%,+0.01,44,192280,买盘
13:07:18,43.7,+3.60%,--,5,21850,买盘
13:07:21,43.7,+3.60%,--,26,113620,中性盘
13:07:24,43.74,+3.70%,+0.04,1,4374,买盘
13:07:27,43.74,+3.70%,--,1,4374,买盘
13:07:30,43.73,+3.67%,-0.01,3,13119,中性盘
13:07:33,43.74,+3.70%,+0.01,12,52488,买盘
13:07:36,43.74,+3.70%,--,12,52488,买盘
13:07:42,43.74,+3.70%,--,4,17496,卖盘
13:07:48,43.75,+3.72%,+0.01,8,35000,买盘
13:07:51,43.74,+3.70%,-0.01,11,48114,卖盘
13:08:00,43.78,+3.79%,+0.03,13,56914,买盘
13:08:03,43.78,+3.79%,--,270,1182060,中性盘
13:08:06,43.8,+3.84%,+0.02,47,205860,买盘
13:08:09,43.8,+3.84%,--,14,61320,买盘
13:08:12,43.8,+3.84%,--,13,56940,买盘
13:08:15,43.8,+3.84%,--,5,21900,卖盘
13:08:24,43.8,+3.84%,--,12,52560,买盘
13:08:36,43.8,+3.84%,--,3,13140,买盘
13:08:39,43.79,+3.82%,-0.01,3,13137,中性盘
13:08:45,43.8,+3.84%,+0.01,57,249660,买盘
13:08:48,43.79,+3.82%,-0.01,60,262740,买盘
13:08:51,43.79,+3.82%,--,12,56883,买盘
13:08:54,43.8,+3.84%,+0.01,13,56940,买盘
13:08:57,43.82,+3.89%,+0.02,19,83258,中性盘
13:09:00,43.85,+3.96%,+0.03,4,17540,买盘
13:09:03,43.89,+4.05%,+0.04,86,379561,买盘
13:09:06,43.9,+4.08%,+0.01,7,30730,买盘
13:09:09,43.95,+4.20%,+0.05,18,79110,买盘
13:09:12,43.92,+4.13%,-0.03,58,254736,卖盘
13:09:15,43.98,+4.27%,+0.06,97,428673,买盘
13:09:15,43.98,+4.27%,--,97,428673,中性盘
13:09:18,43.98,+4.27%,--,20,87960,买盘
13:09:21,43.98,+4.27%,--,2,8796,买盘
13:09:24,43.99,+4.29%,+0.01,76,334324,买盘
13:09:27,43.99,+4.29%,--,57,250743,买盘
13:09:30,43.99,+4.29%,--,16,70384,买盘
13:09:33,43.99,+4.29%,--,122,536678,买盘
13:09:36,44.0,+4.31%,+0.01,134,589600,买盘
13:09:39,43.99,+4.29%,-0.01,19,83581,中性盘
13:09:42,43.98,+4.27%,-0.01,54,237492,卖盘
13:09:45,43.98,+4.27%,--,11,48378,中性盘
13:09:48,44.0,+4.31%,+0.02,58,255200,买盘
13:09:51,43.98,+4.27%,-0.02,10,43980,卖盘
13:09:54,44.0,+4.31%,+0.02,34,149600,买盘
13:09:57,44.03,+4.39%,+0.03,464,2042992,买盘
13:10:00,44.05,+4.43%,+0.02,67,295928,买盘
13:10:03,44.05,+4.43%,--,24,105720,买盘
13:10:09,44.06,+4.46%,+0.01,44,193864,买盘
13:10:12,44.07,+4.48%,+0.01,7,30849,买盘
13:10:15,44.06,+4.46%,-0.01,48,211488,卖盘
13:10:18,44.07,+4.48%,+0.01,18,79326,中性盘
13:10:21,44.06,+4.46%,-0.01,10,44060,卖盘
13:10:24,44.05,+4.43%,-0.01,81,356805,卖盘
13:10:27,44.05,+4.43%,--,31,136555,买盘
13:10:30,44.06,+4.46%,+0.01,18,79308,买盘
13:10:33,44.04,+4.41%,-0.02,11,48444,买盘
13:10:36,44.06,+4.46%,+0.02,5,22030,买盘
13:10:39,44.04,+4.41%,-0.02,3,13212,中性盘
13:10:42,44.06,+4.46%,+0.02,54,237924,买盘
13:10:45,44.07,+4.48%,+0.01,103,455772,买盘
13:10:48,44.08,+4.50%,+0.01,6,29005,买盘
13:10:51,44.06,+4.46%,-0.02,2,8812,卖盘
13:10:54,44.06,+4.46%,--,7,30842,买盘
13:10:57,44.09,+4.53%,+0.03,85,374765,买盘
13:11:00,44.07,+4.48%,-0.02,4,17628,中性盘
13:11:03,44.06,+4.46%,-0.01,1,4406,买盘
13:11:06,44.07,+4.48%,+0.01,2,8814,买盘
13:11:09,44.06,+4.46%,-0.01,23,101338,卖盘
13:11:12,44.07,+4.48%,+0.01,21,92547,中性盘
13:11:15,44.09,+4.53%,+0.02,4,17636,买盘
13:11:18,44.03,+4.39%,-0.06,65,286195,卖盘
13:11:21,43.99,+4.29%,-0.04,117,514683,卖盘
13:11:24,43.96,+4.22%,-0.03,140,615440,卖盘
13:11:27,44.0,+4.31%,+0.04,2,8800,买盘
13:11:30,43.95,+4.20%,-0.05,16,70320,卖盘
13:11:33,43.95,+4.20%,--,1,4395,卖盘
13:11:39,43.92,+4.13%,-0.05,6,26352,卖盘
13:11:45,43.91,+4.10%,-0.01,32,140512,买盘
13:11:48,43.91,+4.10%,--,18,79038,卖盘
13:11:51,43.86,+3.98%,-0.05,15,65790,卖盘
13:11:54,43.86,+3.98%,--,1,4386,买盘
13:11:57,43.86,+3.98%,--,12,52632,买盘
13:12:00,43.86,+3.98%,--,15,65790,买盘
13:12:06,43.91,+4.10%,+0.05,39,171249,买盘
13:12:09,43.86,+3.98%,-0.05,32,140352,卖盘
13:12:12,43.86,+3.98%,--,17,78816,买盘
13:12:15,43.92,+4.13%,+0.06,30,131760,卖盘
13:12:18,43.92,+4.13%,--,13,57096,卖盘
13:12:21,43.92,+4.13%,--,14,61488,卖盘
13:12:24,43.92,+4.13%,--,9,39528,卖盘
13:12:33,43.96,+4.22%,+0.04,8,35168,买盘
13:12:36,43.97,+4.24%,+0.01,10,48323,买盘
13:12:39,43.97,+4.24%,--,11,48367,卖盘
13:16:00,44.2,+4.79%,--,25,110500,中性盘
13:16:00,44.2,+4.79%,--,25,110500,卖盘
13:16:03,44.22,+4.84%,+0.02,27,119394,买盘
13:16:06,44.22,+4.84%,--,15,66330,卖盘
13:16:09,44.25,+4.91%,+0.03,24,106200,买盘
13:16:12,44.2,+4.79%,-0.05,114,503880,卖盘
13:16:15,44.26,+4.93%,+0.06,175,774550,买盘
13:16:18,44.18,+4.74%,-0.08,15,66270,卖盘
13:16:21,44.2,+4.79%,+0.02,9,39780,买盘
13:16:27,44.18,+4.74%,-0.02,71,313678,卖盘
13:16:30,44.18,+4.74%,--,37,163466,卖盘
13:16:33,44.2,+4.79%,+0.02,21,92820,中性盘
13:16:36,44.2,+4.79%,--,40,176800,卖盘
13:16:39,44.2,+4.79%,--,11,48620,买盘
13:16:42,44.16,+4.69%,-0.04,11,48576,卖盘
13:16:45,44.18,+4.74%,+0.02,10,44180,买盘
13:16:48,44.16,+4.69%,-0.02,16,70656,卖盘
13:16:51,44.18,+4.74%,+0.02,4,17672,买盘
13:16:54,44.18,+4.74%,--,34,150212,买盘
13:16:57,44.17,+4.72%,-0.01,3,13251,卖盘
13:17:00,44.16,+4.69%,-0.01,76,335616,卖盘
13:17:03,44.15,+4.67%,-0.01,7,30905,卖盘
13:17:06,44.11,+4.58%,-0.04,68,299992,卖盘
13:17:09,44.12,+4.60%,+0.01,25,110300,买盘
13:17:12,44.06,+4.46%,-0.06,3,13218,卖盘
13:17:15,44.04,+4.41%,-0.02,14,61656,卖盘
13:17:18,44.06,+4.46%,+0.02,67,295202,中性盘
13:17:21,44.04,+4.41%,-0.02,9,39636,中性盘
13:17:24,44.01,+4.34%,-0.03,2,8802,卖盘
13:17:27,43.98,+4.27%,-0.03,31,136338,卖盘
13:17:36,43.98,+4.27%,-0.02,15,65970,卖盘
13:17:39,43.98,+4.27%,--,16,70368,中性盘
13:17:42,43.98,+4.27%,--,15,65970,买盘
13:17:48,43.96,+4.22%,-0.02,15,65940,卖盘
13:17:51,43.98,+4.27%,+0.02,4,17592,买盘
13:17:54,43.96,+4.22%,-0.02,28,123088,卖盘
13:17:57,43.95,+4.20%,-0.01,4,17580,买盘
13:18:00,43.95,+4.20%,--,15,65925,买盘
13:18:03,43.97,+4.24%,+0.02,28,123116,买盘
13:18:06,43.97,+4.24%,--,5,21985,买盘
13:18:09,44.0,+4.31%,+0.03,38,167200,买盘
13:18:12,44.0,+4.31%,--,10,44000,买盘
13:18:15,44.0,+4.31%,--,48,211200,买盘
13:18:18,43.99,+4.29%,-0.01,24,105576,卖盘
13:18:21,43.98,+4.27%,-0.01,15,65970,卖盘
13:18:24,44.0,+4.31%,+0.02,18,79200,买盘
13:18:27,44.0,+4.31%,--,18,79200,买盘
13:18:30,44.0,+4.31%,--,34,149600,卖盘
13:18:33,44.04,+4.41%,+0.04,56,246624,买盘
13:18:36,44.02,+4.36%,-0.02,54,237708,卖盘
13:18:39,44.0,+4.31%,-0.02,48,211200,卖盘
13:18:42,44.02,+4.36%,+0.02,22,96844,买盘
13:18:45,44.02,+4.36%,--,3,13206,买盘
13:18:48,43.98,+4.27%,-0.04,3,13194,卖盘
13:18:51,44.01,+4.34%,+0.03,3,13203,买盘
13:18:54,43.95,+4.20%,-0.06,25,109875,卖盘
13:18:57,43.97,+4.24%,+0.02,10,43970,买盘
13:19:00,43.97,+4.24%,--,46,202262,买盘
13:19:03,43.97,+4.24%,--,43,189071,买盘
13:19:06,43.97,+4.24%,--,22,96734,买盘
13:19:09,43.96,+4.22%,-0.01,3,13188,中性盘
13:19:12,43.92,+4.13%,-0.04,4,17568,卖盘
13:19:15,43.92,+4.13%,--,28,122976,卖盘
13:19:18,43.96,+4.22%,+0.04,6,26376,中性盘
13:19:21,43.92,+4.13%,-0.04,26,114192,卖盘
13:19:21,43.92,+4.13%,--,26,114192,中性盘
13:19:21,43.92,+4.13%,--,26,114192,卖盘
13:19:24,43.94,+4.17%,+0.02,24,105456,买盘
13:19:27,43.96,+4.22%,+0.02,12,52752,中性盘
13:19:30,43.97,+4.24%,+0.01,1,4397,卖盘
13:19:33,43.98,+4.27%,+0.01,14,61572,买盘
13:19:36,43.96,+4.22%,-0.02,25,109900,卖盘
13:19:42,43.96,+4.22%,--,6,26376,买盘
13:19:45,43.96,+4.22%,--,15,65940,买盘
13:19:48,43.93,+4.15%,-0.03,25,109825,卖盘
13:19:51,43.96,+4.22%,+0.03,27,118692,中性盘
13:19:57,43.93,+4.15%,-0.03,11,48323,中性盘
13:20:00,43.95,+4.20%,+0.02,7,30765,买盘
13:20:03,43.95,+4.20%,--,3,13185,卖盘
13:20:06,43.94,+4.17%,-0.01,16,70304,卖盘
13:20:09,43.94,+4.17%,--,2,8788,卖盘
13:20:12,43.95,+4.20%,+0.01,28,123060,买盘
13:20:15,43.93,+4.15%,-0.02,20,87860,卖盘
13:20:18,43.94,+4.17%,+0.01,8,35152,卖盘
13:20:21,43.93,+4.15%,-0.01,202,887386,卖盘
13:20:24,43.93,+4.15%,--,23,101039,买盘
13:20:33,43.92,+4.13%,-0.01,7,30744,中性盘
13:20:36,43.9,+4.08%,-0.02,21,92190,卖盘
13:20:42,43.9,+4.08%,--,13,57070,卖盘
13:20:45,43.92,+4.13%,+0.02,30,131760,买盘
13:20:48,43.91,+4.10%,-0.01,4,17564,卖盘
13:20:51,43.91,+4.10%,--,46,201986,卖盘
13:20:54,43.91,+4.10%,--,8,35128,卖盘
13:20:57,43.91,+4.10%,--,19,83429,卖盘
13:21:00,43.91,+4.10%,--,21,92211,买盘
13:21:03,43.9,+4.08%,-0.01,8,35120,卖盘
13:21:06,43.92,+4.13%,+0.02,61,267912,买盘
13:21:09,43.95,+4.20%,+0.03,68,298860,买盘
13:21:15,43.95,+4.20%,--,30,131850,中性盘
13:21:18,43.95,+4.20%,--,6,26370,卖盘
13:21:21,43.97,+4.24%,+0.02,63,277011,买盘
13:21:24,43.97,+4.24%,--,18,79146,卖盘
13:21:27,43.99,+4.29%,+0.02,15,65985,买盘
13:21:30,43.99,+4.29%,--,5,21995,买盘
13:21:33,43.99,+4.29%,--,7,30793,买盘
13:21:36,43.98,+4.27%,-0.01,12,52776,卖盘
13:21:39,43.95,+4.20%,-0.03,68,298860,卖盘
13:21:42,43.95,+4.20%,--,7,30765,买盘
13:21:45,44.0,+4.31%,+0.05,11,48400,买盘
13:21:51,43.98,+4.27%,-0.02,2,8796,买盘
13:21:54,44.0,+4.31%,+0.02,6,26400,买盘
13:21:57,43.98,+4.27%,-0.02,18,79164,卖盘
13:22:00,43.98,+4.27%,--,31,136338,卖盘
13:22:03,43.99,+4.29%,+0.01,14,61586,买盘
13:22:06,43.98,+4.27%,-0.01,29,127542,卖盘
13:22:09,43.99,+4.29%,+0.01,19,83581,买盘
13:22:12,43.99,+4.29%,--,28,123172,卖盘
13:22:15,43.97,+4.24%,-0.02,32,140704,中性盘
13:22:18,43.96,+4.22%,-0.01,33,145068,中性盘
13:22:21,43.93,+4.15%,-0.03,19,83467,中性盘
13:22:24,43.9,+4.08%,-0.03,16,70240,卖盘
13:22:27,43.89,+4.05%,-0.01,13,57057,卖盘
13:22:30,43.9,+4.08%,+0.01,2,8780,买盘
13:22:33,43.9,+4.08%,--,5,21950,买盘
13:22:36,43.9,+4.08%,--,3,13170,卖盘
13:22:42,43.9,+4.08%,--,24,105360,中性盘
13:22:45,43.94,+4.17%,+0.04,67,294398,买盘
13:22:48,43.9,+4.08%,-0.04,21,92190,卖盘
13:22:51,43.94,+4.17%,+0.04,12,52728,买盘
13:22:54,43.94,+4.17%,--,4,17576,买盘
13:22:57,43.9,+4.08%,-0.04,53,234733,卖盘
13:23:00,43.9,+4.08%,--,24,105360,卖盘
13:23:03,43.94,+4.17%,+0.04,7,30758,买盘
13:23:06,43.91,+4.10%,-0.03,43,188813,卖盘
13:23:09,43.92,+4.13%,+0.01,3,13176,卖盘
13:23:12,43.94,+4.17%,+0.02,5,21970,中性盘
13:23:15,43.95,+4.20%,+0.01,12,52740,买盘
13:23:18,43.95,+4.20%,--,3,13185,买盘
13:23:21,43.95,+4.20%,--,28,123060,买盘
13:23:24,43.95,+4.20%,--,2,8790,卖盘
13:23:30,44.0,+4.31%,+0.05,346,1522400,买盘
13:23:33,43.92,+4.13%,-0.08,41,180072,中性盘
13:23:36,44.0,+4.31%,+0.08,70,308000,买盘
13:23:39,43.92,+4.13%,-0.08,2,8784,中性盘
13:23:42,44.0,+4.31%,+0.08,5,22000,买盘
13:23:51,43.95,+4.20%,-0.05,3,13185,买盘
13:23:54,43.95,+4.20%,--,2,8790,买盘
13:24:03,43.99,+4.29%,+0.04,25,109975,买盘
13:24:06,43.97,+4.24%,-0.02,4,17588,卖盘
13:24:09,43.98,+4.27%,+0.01,15,65970,买盘
13:24:12,43.96,+4.22%,-0.02,7,30772,卖盘
13:24:15,43.97,+4.24%,+0.01,87,382539,中性盘
13:24:18,43.96,+4.22%,-0.01,11,48356,卖盘
13:24:21,43.95,+4.20%,-0.01,5,21975,卖盘
13:24:24,43.93,+4.15%,-0.02,6,26358,卖盘
13:24:27,43.85,+3.96%,-0.08,121,532909,卖盘
13:24:30,43.83,+3.91%,-0.02,4,17532,卖盘
13:24:33,43.9,+4.08%,+0.07,7,30730,买盘
13:24:39,43.83,+3.91%,-0.07,2,8766,卖盘
13:24:45,43.85,+3.96%,+0.02,3,13155,买盘
13:24:48,43.87,+4.01%,+0.02,21,92127,卖盘
13:24:51,43.87,+4.01%,--,11,48257,卖盘
13:25:00,43.84,+3.94%,-0.03,12,52608,卖盘
13:25:03,43.84,+3.94%,--,13,56992,卖盘
13:25:06,43.84,+3.94%,--,51,223584,卖盘
13:25:09,43.84,+3.94%,--,22,96448,买盘
13:25:12,43.84,+3.94%,--,7,30688,买盘
13:25:21,43.83,+3.91%,--,25,109575,卖盘
13:25:27,43.81,+3.86%,-0.01,4,17524,卖盘
13:25:30,43.81,+3.86%,--,4,17524,卖盘
13:25:33,43.79,+3.82%,-0.02,69,302151,卖盘
13:25:36,43.76,+3.75%,-0.03,16,70016,卖盘
13:25:39,43.79,+3.82%,+0.03,1,4379,买盘
13:25:42,43.78,+3.79%,-0.01,13,56914,买盘
13:25:45,43.74,+3.70%,-0.04,11,48114,中性盘
13:25:48,43.76,+3.75%,+0.02,10,43760,中性盘
13:25:51,43.77,+3.77%,+0.01,16,70032,买盘
13:25:54,43.75,+3.72%,-0.02,22,96250,卖盘
13:26:00,43.77,+3.77%,+0.02,1,4377,中性盘
13:26:03,43.78,+3.79%,+0.01,4,17512,买盘
13:26:03,43.78,+3.79%,-0.03,4,17512,中性盘
13:26:06,43.75,+3.72%,-0.03,6,26250,卖盘
13:26:09,43.75,+3.72%,--,1,4375,中性盘
13:26:12,43.75,+3.72%,--,16,70000,卖盘
13:26:21,43.74,+3.70%,-0.01,2,8748,卖盘
13:26:24,43.75,+3.72%,+0.01,23,100625,买盘
13:26:27,43.74,+3.70%,-0.01,4,17496,卖盘
13:26:30,43.74,+3.70%,--,21,91854,卖盘
13:26:33,43.74,+3.70%,--,1,4374,卖盘
13:26:39,43.72,+3.65%,-0.02,4,17488,卖盘
13:26:42,43.71,+3.63%,-0.01,11,48081,卖盘
13:26:51,43.72,+3.65%,--,24,104928,买盘
13:26:54,43.72,+3.65%,--,28,122416,卖盘
13:27:00,43.64,+3.46%,-0.08,188,820432,卖盘
13:27:03,43.64,+3.46%,--,171,746244,买盘
13:27:06,43.7,+3.60%,+0.06,65,284050,买盘
13:27:09,43.67,+3.53%,-0.03,39,170313,卖盘
13:27:12,43.75,+3.72%,+0.08,175,765625,买盘
13:27:18,43.78,+3.79%,+0.02,12,52536,买盘
13:27:21,43.81,+3.86%,+0.03,9,39429,买盘
13:27:24,43.76,+3.75%,-0.05,7,30632,卖盘
13:27:27,43.76,+3.75%,--,2,8752,买盘
13:27:30,43.76,+3.75%,--,17,74392,买盘
13:27:42,43.75,+3.72%,--,6,26250,买盘
13:27:54,43.74,+3.70%,-0.01,26,118054,中性盘
13:28:06,43.72,+3.65%,-0.03,17,74324,卖盘
13:28:09,43.75,+3.72%,+0.03,22,96250,买盘
13:28:15,43.72,+3.65%,-0.03,1,4416,卖盘
13:28:18,43.71,+3.63%,-0.01,4,21811,卖盘
13:28:21,43.71,+3.63%,--,18,78678,中性盘
13:28:24,43.71,+3.63%,--,1,4371,中性盘
13:28:27,43.72,+3.65%,+0.01,16,69952,买盘
13:28:30,43.72,+3.65%,--,2,8744,买盘
13:28:36,43.71,+3.63%,-0.01,4,17484,卖盘
13:28:39,43.71,+3.63%,--,4,17484,买盘
13:28:45,43.72,+3.65%,+0.01,61,266692,买盘
13:28:48,43.72,+3.65%,--,5,21860,卖盘
13:28:51,43.72,+3.65%,--,60,262320,卖盘
13:28:54,43.72,+3.65%,--,17,74324,卖盘
13:28:57,43.74,+3.70%,+0.02,14,61236,买盘
13:29:00,43.72,+3.65%,-0.02,7,30604,中性盘
13:29:03,43.72,+3.65%,--,11,48092,买盘
13:29:06,43.72,+3.65%,--,16,69952,买盘
13:29:09,43.72,+3.65%,--,8,34976,中性盘
13:29:12,43.74,+3.70%,+0.02,15,65610,买盘
13:29:15,43.75,+3.72%,+0.01,5,21875,买盘
13:29:21,43.75,+3.72%,--,11,48125,买盘
13:29:24,43.75,+3.72%,--,26,113750,买盘
13:32:45,43.65,+3.49%,--,50,218250,中性盘
13:32:48,43.65,+3.49%,--,26,113490,卖盘
13:32:54,43.6,+3.37%,-0.04,282,1229520,卖盘
13:32:57,43.64,+3.46%,+0.04,17,74188,买盘
13:33:00,43.62,+3.41%,-0.02,52,226824,买盘
13:33:03,43.6,+3.37%,-0.02,9,39240,卖盘
13:33:06,43.64,+3.46%,+0.04,49,213836,买盘
13:33:09,43.61,+3.39%,-0.03,110,479710,卖盘
13:33:12,43.63,+3.44%,+0.02,15,65445,中性盘
13:33:15,43.64,+3.46%,+0.01,22,96008,中性盘
13:33:18,43.63,+3.44%,-0.01,2,8726,卖盘
13:33:21,43.61,+3.39%,-0.02,3,13083,中性盘
13:33:27,43.59,+3.34%,-0.02,2,8718,卖盘
13:33:30,43.58,+3.32%,-0.01,12,52296,卖盘
13:33:42,43.59,+3.34%,--,26,113334,买盘
13:33:48,43.58,+3.32%,-0.01,13,56654,卖盘
13:33:51,43.59,+3.34%,+0.01,15,65385,买盘
13:33:54,43.58,+3.32%,-0.01,8,34864,卖盘
13:33:57,43.58,+3.32%,--,106,461948,卖盘
13:34:03,43.57,+3.30%,-0.01,54,235278,中性盘
13:34:09,43.59,+3.34%,+0.02,55,239745,买盘
13:34:12,43.59,+3.34%,--,1,4359,卖盘
13:34:15,43.6,+3.37%,+0.01,6,26160,买盘
13:34:18,43.58,+3.32%,-0.02,5,21790,卖盘
13:34:21,43.57,+3.30%,-0.01,9,39213,卖盘
13:34:24,43.57,+3.30%,--,5,21785,买盘
13:34:30,43.57,+3.30%,--,10,43570,买盘
13:34:36,43.57,+3.30%,--,7,30499,买盘
13:34:39,43.57,+3.30%,--,20,87140,买盘
13:34:42,43.58,+3.32%,+0.01,4,17432,中性盘
13:34:45,43.5,+3.13%,-0.08,202,878700,卖盘
13:34:51,43.5,+3.13%,--,62,269700,买盘
13:34:54,43.5,+3.13%,--,4,17400,买盘
13:34:57,43.5,+3.13%,--,11,47850,买盘
13:35:00,43.49,+3.11%,-0.01,2,8698,中性盘
13:35:03,43.5,+3.13%,+0.01,29,126150,买盘
13:35:06,43.49,+3.11%,-0.01,16,69584,卖盘
13:35:09,43.49,+3.11%,--,14,60886,卖盘
13:35:12,43.5,+3.13%,+0.01,4,17400,买盘
13:35:15,43.5,+3.13%,--,12,52200,卖盘
13:35:18,43.5,+3.13%,--,37,160950,卖盘
13:35:21,43.5,+3.13%,--,32,139200,卖盘
13:35:24,43.5,+3.13%,--,18,78300,卖盘
13:35:27,43.5,+3.13%,--,14,60900,卖盘
13:35:30,43.5,+3.13%,--,17,73950,卖盘
13:35:33,43.57,+3.30%,+0.07,2,8714,中性盘
13:35:39,43.57,+3.30%,--,1,4357,卖盘
13:35:42,43.59,+3.34%,+0.02,12,52308,买盘
13:35:45,43.59,+3.34%,--,28,122052,买盘
13:35:48,43.59,+3.34%,--,39,170001,卖盘
13:35:51,43.59,+3.34%,--,4,17436,卖盘
13:35:54,43.59,+3.34%,--,23,100257,卖盘
13:35:57,43.6,+3.37%,+0.01,27,117720,买盘
13:36:00,43.59,+3.34%,-0.01,4,17436,中性盘
13:36:03,43.59,+3.34%,--,4,17436,买盘
13:36:06,43.6,+3.37%,+0.01,5,21800,买盘
13:36:06,43.6,+3.37%,--,5,21800,中性盘
13:36:09,43.6,+3.37%,--,8,34880,卖盘
13:36:12,43.6,+3.37%,--,104,453440,卖盘
13:36:18,43.62,+3.41%,+0.02,4,17448,买盘
13:36:21,43.61,+3.39%,-0.01,12,52332,卖盘
13:36:24,43.6,+3.37%,-0.01,118,514480,卖盘
13:36:27,43.62,+3.41%,+0.02,3,13086,买盘
13:36:30,43.63,+3.44%,+0.01,7,30541,买盘
13:36:33,43.68,+3.56%,+0.05,18,78624,买盘
13:36:36,43.68,+3.56%,--,38,165984,卖盘
13:36:42,43.68,+3.56%,--,28,122304,卖盘
13:36:45,43.71,+3.63%,+0.03,10,43710,买盘
13:36:48,43.73,+3.67%,+0.02,17,74341,买盘
13:37:00,43.73,+3.67%,+0.02,58,253634,中性盘
13:37:03,43.78,+3.79%,+0.05,100,437800,买盘
13:37:06,43.75,+3.72%,-0.03,11,48125,中性盘
13:37:12,43.79,+3.82%,+0.04,20,87580,买盘
13:37:15,43.78,+3.79%,-0.01,186,814308,卖盘
13:37:18,43.78,+3.79%,--,31,135718,卖盘
13:37:21,43.79,+3.82%,+0.01,10,43790,买盘
13:37:24,43.77,+3.77%,-0.02,2,8754,卖盘
13:37:30,43.77,+3.77%,--,5,21885,买盘
13:37:36,43.77,+3.77%,--,3,13131,买盘
13:37:42,43.77,+3.77%,--,8,35016,买盘
13:37:45,43.77,+3.77%,--,4,17508,买盘
13:37:48,43.85,+3.96%,+0.08,145,635825,买盘
13:37:51,43.85,+3.96%,--,281,1232185,卖盘
13:37:54,43.77,+3.77%,-0.08,38,166326,中性盘
13:37:57,43.85,+3.96%,+0.08,14,61390,买盘
13:38:00,43.79,+3.82%,-0.06,3,13137,中性盘
13:38:03,43.77,+3.77%,-0.02,18,78786,卖盘
13:38:09,43.75,+3.72%,-0.02,39,170625,卖盘
13:38:12,43.75,+3.72%,--,5,21875,买盘
13:38:15,43.72,+3.65%,-0.03,22,96184,卖盘
13:38:18,43.71,+3.63%,-0.01,34,148614,卖盘
13:38:21,43.71,+3.63%,--,1,4371,买盘
13:38:24,43.7,+3.60%,-0.01,6,26220,中性盘
13:38:36,43.72,+3.65%,+0.02,30,131160,买盘
13:38:39,43.7,+3.60%,-0.02,11,48070,卖盘
13:38:42,43.71,+3.63%,+0.01,2,8742,卖盘
13:38:45,43.73,+3.67%,+0.02,6,26238,买盘
13:38:48,43.72,+3.65%,-0.01,563,2461436,中性盘
13:38:51,43.77,+3.77%,+0.05,5,21885,买盘
13:38:54,43.77,+3.77%,--,14,61278,买盘
13:38:57,43.76,+3.75%,-0.01,3,13128,买盘
13:39:00,43.75,+3.72%,-0.01,12,52500,中性盘
13:39:03,43.76,+3.75%,+0.01,23,100648,买盘
13:39:09,43.77,+3.77%,+0.01,4,17508,买盘
13:39:12,43.8,+3.84%,+0.03,25,109500,买盘
13:39:15,43.8,+3.84%,--,11,48180,卖盘
13:39:18,43.84,+3.94%,+0.04,1,4384,买盘
13:39:21,43.8,+3.84%,-0.04,24,105120,卖盘
13:39:24,43.8,+3.84%,--,10,43800,卖盘
13:39:30,43.78,+3.79%,--,4,17512,中性盘
13:39:30,43.78,+3.79%,--,4,17512,卖盘
13:39:33,43.79,+3.82%,+0.01,38,166402,买盘
13:39:39,43.78,+3.79%,-0.01,13,56914,卖盘
13:39:42,43.79,+3.82%,+0.01,2,8758,买盘
13:39:45,43.79,+3.82%,--,8,35032,卖盘
13:39:51,43.81,+3.86%,+0.02,12,52572,买盘
13:39:54,43.79,+3.82%,-0.02,88,385352,卖盘
13:40:00,43.79,+3.82%,--,25,109475,卖盘
13:40:03,43.79,+3.82%,--,11,48169,买盘
13:40:06,43.84,+3.94%,+0.05,17,74528,买盘
13:40:09,43.8,+3.84%,-0.04,13,56940,中性盘
13:40:12,43.84,+3.94%,+0.04,2,8768,买盘
13:40:15,43.84,+3.94%,--,2,8768,买盘
13:40:21,43.81,+3.86%,-0.03,6,26286,卖盘
13:40:24,43.84,+3.94%,+0.03,1,4384,买盘
13:40:30,43.81,+3.86%,-0.03,9,39429,卖盘
13:40:36,43.81,+3.86%,--,2,8762,买盘
13:40:39,43.8,+3.84%,-0.01,62,271560,卖盘
13:40:48,43.8,+3.84%,--,224,981120,卖盘
13:40:54,43.77,+3.77%,-0.03,36,157572,卖盘
13:40:57,43.77,+3.77%,--,1,4377,卖盘
13:41:03,43.77,+3.77%,--,2,8754,买盘
13:41:09,43.77,+3.77%,--,109,477093,买盘
13:41:12,43.8,+3.84%,+0.03,26,113880,中性盘
13:41:15,43.8,+3.84%,--,15,69949,卖盘
13:41:18,43.85,+3.96%,+0.05,25,109625,买盘
13:41:24,43.78,+3.79%,-0.07,13,56914,卖盘
13:41:27,43.8,+3.84%,+0.02,1,4380,买盘
13:41:30,43.78,+3.79%,-0.02,4,17512,卖盘
13:41:36,43.77,+3.77%,-0.01,15,65655,卖盘
13:41:39,43.79,+3.82%,+0.02,1,4379,买盘
13:41:42,43.75,+3.72%,-0.04,21,91875,卖盘
13:41:45,43.75,+3.72%,--,47,205625,卖盘
13:41:48,43.73,+3.67%,-0.02,5,21865,卖盘
13:41:51,43.77,+3.77%,+0.04,45,196965,买盘
13:41:54,43.76,+3.75%,-0.01,17,74392,卖盘
13:41:57,43.72,+3.65%,-0.04,50,218600,卖盘
13:42:00,43.73,+3.67%,+0.01,1,4373,买盘
13:42:03,43.71,+3.63%,-0.02,8,34968,卖盘
13:42:09,43.7,+3.60%,-0.01,35,152950,卖盘
13:42:15,43.71,+3.63%,+0.01,17,74307,买盘
13:42:30,43.66,+3.51%,-0.06,8,34928,卖盘
13:42:48,43.66,+3.51%,+0.01,31,135346,买盘
13:42:51,43.65,+3.49%,--,3,13095,中性盘
13:42:51,43.65,+3.49%,--,3,13095,买盘
13:42:54,43.63,+3.44%,-0.02,3,13089,卖盘
13:42:57,43.65,+3.49%,+0.02,1,4365,买盘
13:43:03,43.65,+3.49%,--,1,4365,买盘
13:43:06,43.61,+3.39%,-0.04,11,47971,中性盘
13:43:09,43.6,+3.37%,-0.01,1,4360,卖盘
13:43:12,43.65,+3.49%,+0.05,2,8730,买盘
13:43:18,43.6,+3.37%,-0.05,9,39240,卖盘
13:43:21,43.65,+3.49%,+0.05,16,69840,买盘
13:43:24,43.58,+3.32%,-0.07,73,318134,卖盘
13:43:27,43.6,+3.37%,+0.02,24,104640,买盘
13:43:30,43.6,+3.37%,--,2,8720,买盘
13:43:33,43.57,+3.30%,-0.03,6,26142,卖盘
13:43:36,43.6,+3.37%,+0.03,1,4360,买盘
13:43:39,43.57,+3.30%,-0.03,3,13071,卖盘
13:43:42,43.5,+3.13%,-0.07,50,217500,卖盘
13:43:48,43.58,+3.32%,+0.08,1,4358,买盘
13:43:51,43.57,+3.30%,-0.01,44,191708,卖盘
13:43:54,43.5,+3.13%,-0.07,87,378450,卖盘
13:43:57,43.57,+3.30%,+0.07,8,34856,买盘
13:44:00,43.55,+3.25%,-0.02,4,17420,卖盘
13:44:03,43.53,+3.20%,-0.02,23,100119,卖盘
13:44:06,43.5,+3.13%,-0.03,21,91350,卖盘
13:44:09,43.57,+3.30%,+0.07,37,161209,买盘
13:44:12,43.5,+3.13%,-0.07,86,374100,卖盘
13:44:15,43.57,+3.30%,+0.07,89,387773,买盘
13:44:21,43.56,+3.27%,-0.01,12,52272,卖盘
13:44:27,43.57,+3.30%,--,52,226564,买盘
13:44:30,43.57,+3.30%,--,8,34856,买盘
13:44:33,43.56,+3.27%,-0.01,46,200376,卖盘
13:44:36,43.55,+3.25%,-0.01,5,21775,卖盘
13:44:39,43.56,+3.27%,+0.01,6,26136,买盘
13:44:42,43.56,+3.27%,--,14,60984,买盘
13:44:45,43.56,+3.27%,--,5,21780,买盘
13:44:51,43.56,+3.27%,+0.01,2,8712,买盘
13:44:54,43.56,+3.27%,--,2,8712,买盘
13:44:57,43.55,+3.25%,-0.01,1,4355,买盘
13:45:00,43.55,+3.25%,--,17,74035,买盘
13:45:03,43.54,+3.22%,-0.01,10,43540,中性盘
13:45:06,43.55,+3.25%,+0.01,15,65325,买盘
13:45:09,43.55,+3.25%,--,5,21775,买盘
13:45:12,43.57,+3.30%,+0.02,117,509769,买盘
13:45:21,43.57,+3.30%,--,3,13071,买盘
13:45:24,43.56,+3.27%,-0.01,22,95832,中性盘
13:45:27,43.57,+3.30%,+0.01,17,74069,买盘
13:45:30,43.57,+3.30%,--,4,17428,买盘
13:45:33,43.56,+3.27%,-0.01,8,34848,卖盘
13:45:39,43.56,+3.27%,--,1,4356,卖盘
13:45:42,43.56,+3.27%,--,3,13068,卖盘
13:45:48,43.65,+3.49%,+0.09,193,844235,买盘
13:45:54,43.65,+3.49%,--,32,139680,买盘
13:46:00,43.63,+3.44%,-0.02,20,87260,卖盘
13:46:03,43.65,+3.49%,+0.02,5,21825,买盘
13:46:06,43.68,+3.56%,+0.03,22,96096,买盘
13:46:09,43.67,+3.53%,-0.01,2,13057,中性盘
13:46:12,43.7,+3.60%,+0.03,18,78660,买盘
13:46:12,43.7,+3.60%,--,18,78660,中性盘
13:46:15,43.69,+3.58%,-0.01,23,100487,中性盘
13:46:21,43.77,+3.77%,+0.08,59,262182,买盘
13:46:24,43.74,+3.70%,-0.03,45,196830,卖盘
13:46:27,43.74,+3.70%,--,6,26244,卖盘
13:46:30,43.77,+3.77%,+0.03,3,13131,买盘
13:46:33,43.78,+3.79%,+0.01,2,8756,买盘
13:46:36,43.81,+3.86%,+0.03,42,184002,买盘
13:46:39,43.8,+3.84%,-0.01,3,13140,卖盘
13:46:42,43.84,+3.94%,+0.04,59,258656,中性盘
13:46:45,43.79,+3.82%,-0.05,8,35032,中性盘
13:46:51,43.78,+3.79%,-0.01,77,337106,卖盘
13:46:54,43.75,+3.72%,-0.03,31,135625,卖盘
13:46:57,43.78,+3.79%,+0.03,5,21890,买盘
13:47:06,43.76,+3.75%,-0.02,2,8752,中性盘
13:47:12,43.76,+3.75%,--,34,148784,买盘
13:47:15,43.75,+3.72%,-0.01,1,4375,中性盘
13:47:18,43.76,+3.75%,+0.01,18,78768,买盘
13:47:21,43.73,+3.67%,-0.03,2,8746,中性盘
13:47:24,43.77,+3.77%,+0.04,9,39393,买盘
13:47:27,43.77,+3.77%,--,195,853515,卖盘
13:47:30,43.75,+3.72%,-0.02,7,30625,买盘
13:47:33,43.77,+3.77%,+0.02,10,43770,买盘
13:47:36,43.77,+3.77%,--,69,302013,买盘
13:47:39,43.78,+3.79%,+0.01,8,35024,买盘
13:47:42,43.76,+3.75%,-0.02,30,131280,卖盘
13:47:45,43.77,+3.77%,+0.01,19,83163,卖盘
13:47:48,43.79,+3.82%,+0.02,6,26274,买盘
13:47:51,43.78,+3.79%,-0.01,36,157608,卖盘
13:47:54,43.79,+3.82%,+0.01,27,118233,买盘
13:47:57,43.79,+3.82%,--,9,39411,中性盘
13:48:00,43.78,+3.79%,-0.01,4,17512,卖盘
13:48:06,43.78,+3.79%,--,9,39402,卖盘
13:48:09,44.0,+4.31%,+0.22,1348,5931200,买盘
13:48:12,44.01,+4.34%,+0.01,71,312471,买盘
13:48:15,43.98,+4.27%,-0.03,68,299064,卖盘
13:48:18,43.99,+4.29%,+0.01,17,74783,中性盘
13:48:21,44.01,+4.34%,+0.02,16,70416,买盘
13:48:24,43.97,+4.24%,-0.04,3,13191,卖盘
13:48:27,43.9,+4.08%,-0.07,12,52680,卖盘
13:48:30,43.97,+4.24%,+0.07,31,136307,买盘
13:48:33,43.9,+4.08%,-0.07,5,21950,中性盘
13:48:36,43.9,+4.08%,--,3,13170,买盘
13:48:39,43.83,+3.91%,-0.07,11,48213,中性盘
13:48:51,43.78,+3.79%,-0.04,60,262680,卖盘
13:48:54,43.83,+3.91%,+0.05,55,241065,买盘
13:48:57,43.83,+3.91%,--,36,157788,卖盘
13:49:00,43.83,+3.91%,--,2,8766,中性盘
13:49:03,43.83,+3.91%,--,7,30681,买盘
13:49:06,43.86,+3.98%,+0.03,1,4386,中性盘
13:49:09,43.83,+3.91%,-0.03,2,8766,卖盘
13:49:12,43.9,+4.08%,+0.07,3,13170,买盘
13:49:15,43.9,+4.08%,--,17,74630,买盘
13:49:18,43.86,+3.98%,-0.04,65,285090,卖盘
13:49:21,43.87,+4.01%,+0.01,9,39483,卖盘
13:49:24,43.9,+4.08%,+0.03,11,48290,买盘
13:49:27,43.86,+3.98%,-0.04,13,57018,卖盘
13:49:33,43.9,+4.08%,+0.04,2,8780,买盘
13:49:33,43.9,+4.08%,--,2,8780,中性盘
13:49:42,43.89,+4.05%,-0.01,9,39501,中性盘
13:49:45,43.88,+4.03%,-0.01,15,70164,中性盘
13:49:51,43.87,+4.01%,-0.01,3,13161,卖盘
13:49:54,43.87,+4.01%,--,8,35096,卖盘
13:49:57,43.88,+4.03%,+0.01,12,52656,中性盘
13:50:00,43.89,+4.05%,+0.01,9,39501,买盘
13:50:06,43.89,+4.05%,--,7,30723,卖盘
13:50:09,43.87,+4.01%,-0.02,16,70192,卖盘
13:50:12,43.89,+4.05%,+0.02,6,26334,买盘
13:50:15,43.86,+3.98%,-0.03,16,70176,卖盘
13:50:18,43.88,+4.03%,+0.02,8,35104,卖盘
13:50:21,43.87,+4.01%,-0.01,6,26322,买盘
13:50:24,43.83,+3.91%,-0.04,7,30681,卖盘
13:50:27,43.87,+4.01%,+0.04,1,4387,中性盘
13:50:30,43.8,+3.84%,-0.07,102,446760,卖盘
13:50:33,43.81,+3.86%,+0.01,16,70096,买盘
13:50:36,43.86,+3.98%,+0.05,9,39474,买盘
13:50:39,43.82,+3.89%,-0.04,52,227864,中性盘
13:50:42,43.9,+4.08%,+0.08,62,272180,买盘
13:50:45,43.9,+4.08%,--,1,4390,买盘
13:50:48,43.89,+4.05%,-0.01,2,8778,买盘
13:50:51,43.89,+4.05%,--,73,320397,买盘
13:50:54,43.86,+3.98%,-0.03,2,8772,卖盘
13:50:57,43.83,+3.91%,-0.03,10,43830,卖盘
13:51:03,43.8,+3.84%,-0.03,107,468660,卖盘
13:51:06,43.81,+3.86%,+0.01,1,4381,买盘
13:51:09,43.82,+3.89%,+0.01,2,8764,买盘
13:51:15,43.81,+3.86%,-0.01,11,48191,中性盘
13:51:21,43.83,+3.91%,+0.01,1,4383,买盘
13:51:27,43.81,+3.86%,-0.01,6,26286,卖盘
13:51:30,43.82,+3.89%,+0.01,5,21910,买盘
13:51:33,43.86,+3.98%,+0.04,7,30702,买盘
13:51:36,43.83,+3.91%,-0.03,5,21915,卖盘
13:51:39,43.83,+3.91%,--,1,4383,卖盘
13:51:42,43.86,+3.98%,+0.03,2,8772,买盘
13:51:48,43.86,+3.98%,--,3,13158,卖盘
13:51:51,43.87,+4.01%,+0.01,15,65805,买盘
13:51:54,43.87,+4.01%,--,14,61418,中性盘
13:51:57,43.87,+4.01%,--,4,17548,卖盘
13:52:00,43.86,+3.98%,-0.01,57,250002,卖盘
13:52:03,43.89,+4.05%,+0.03,127,557403,买盘
13:52:06,43.9,+4.08%,+0.01,52,228280,买盘
13:52:09,43.92,+4.13%,+0.02,53,232776,买盘
13:52:12,43.91,+4.10%,-0.01,10,43910,中性盘
13:52:15,43.92,+4.13%,+0.01,14,61488,买盘
13:52:18,43.95,+4.20%,+0.03,67,294465,买盘
13:52:21,43.9,+4.08%,-0.05,27,118530,卖盘
13:52:24,43.95,+4.20%,+0.05,19,83505,中性盘
13:52:27,43.97,+4.24%,+0.02,9,39573,买盘
13:52:30,43.95,+4.20%,-0.02,4,17580,中性盘
13:52:33,43.97,+4.24%,+0.02,19,83543,买盘
13:52:36,43.98,+4.27%,+0.01,29,127542,买盘
13:52:39,43.98,+4.27%,--,58,255084,买盘
13:52:42,43.98,+4.27%,--,6,28455,买盘
13:52:45,43.95,+4.20%,-0.03,60,266029,卖盘
13:52:48,43.95,+4.20%,--,25,109875,买盘
13:52:51,44.0,+4.31%,+0.05,512,2252800,买盘
13:52:54,43.94,+4.17%,-0.06,41,180154,卖盘
13:52:54,43.94,+4.17%,--,41,180154,中性盘
13:52:57,43.98,+4.27%,+0.04,14,61572,买盘
13:53:00,43.9,+4.08%,-0.08,121,531190,卖盘
13:53:03,43.9,+4.08%,--,36,158040,买盘
13:53:06,43.9,+4.08%,--,24,105360,买盘
13:53:09,43.89,+4.05%,-0.01,18,79002,卖盘
13:53:12,43.9,+4.08%,+0.01,1,4390,买盘
13:53:15,43.89,+4.05%,-0.01,1,4389,卖盘
13:53:18,43.9,+4.08%,+0.01,11,48290,买盘
13:53:21,43.89,+4.05%,-0.01,35,157872,卖盘
13:53:24,43.87,+4.01%,-0.02,363,1592613,卖盘
13:53:27,43.89,+4.05%,+0.02,17,74613,买盘
13:53:30,43.89,+4.05%,--,7,30723,买盘
13:53:33,43.84,+3.94%,-0.05,2,8768,卖盘
13:53:36,43.84,+3.94%,--,1,4384,中性盘
13:53:42,43.83,+3.91%,-0.01,20,87660,卖盘
13:53:48,43.83,+3.91%,--,4,17532,买盘
13:53:54,43.82,+3.89%,-0.01,4,17528,卖盘
13:53:57,43.83,+3.91%,+0.01,3,13149,买盘
13:54:00,43.82,+3.89%,-0.01,3,13146,买盘
13:54:03,43.83,+3.91%,+0.01,14,61362,买盘
13:54:09,43.83,+3.91%,+0.01,2,8766,买盘
13:54:12,43.82,+3.89%,-0.01,2,8764,卖盘
13:54:15,43.82,+3.89%,--,5,21910,卖盘
13:54:18,43.82,+3.89%,--,1,4382,卖盘
13:54:21,43.82,+3.89%,--,12,52584,卖盘
13:54:24,43.81,+3.86%,-0.01,10,43810,卖盘
13:54:27,43.81,+3.86%,--,2,8762,卖盘
13:54:30,43.8,+3.84%,-0.01,6,26280,卖盘
13:54:33,43.8,+3.84%,--,4,17520,卖盘
13:54:36,43.8,+3.84%,--,9,41566,卖盘
13:54:39,43.8,+3.84%,--,11,50414,卖盘
13:54:45,43.8,+3.84%,--,1,4380,买盘
13:54:48,43.82,+3.89%,+0.02,111,488549,买盘
13:54:51,43.82,+3.89%,--,33,144606,卖盘
13:54:54,43.83,+3.91%,+0.01,7,30681,买盘
13:54:57,43.84,+3.94%,+0.01,52,227968,买盘
13:55:00,43.82,+3.89%,-0.02,216,946512,卖盘
13:55:03,43.84,+3.94%,+0.02,2,8768,买盘
13:55:09,43.84,+3.94%,--,61,267424,买盘
13:55:12,43.84,+3.94%,--,11,48224,买盘
13:55:15,43.85,+3.96%,+0.01,18,79982,中性盘
13:55:18,43.88,+4.03%,+0.03,1,4388,买盘
13:55:21,43.84,+3.94%,-0.04,10,43840,卖盘
13:55:24,43.88,+4.03%,+0.04,9,39492,买盘
13:55:27,43.88,+4.03%,--,2,8776,买盘
13:55:36,43.88,+4.03%,--,1,4388,买盘
13:55:42,43.85,+3.96%,-0.03,1,4385,卖盘
13:55:45,43.84,+3.94%,-0.01,10,43840,卖盘
13:55:48,43.84,+3.94%,--,2,8768,卖盘
13:55:51,43.84,+3.94%,--,9,42788,卖盘
13:55:54,43.84,+3.94%,--,13,56992,买盘
13:55:57,43.84,+3.94%,--,16,70144,买盘
13:56:00,43.84,+3.94%,--,8,35072,买盘
13:56:06,43.83,+3.91%,-0.01,7,30681,卖盘
13:56:09,43.83,+3.91%,--,12,52596,卖盘
13:56:12,43.84,+3.94%,+0.01,56,245504,买盘
13:56:15,43.83,+3.91%,-0.01,1,4383,卖盘
13:56:15,43.83,+3.91%,--,1,4383,中性盘
13:56:18,43.83,+3.91%,--,6,26298,卖盘
13:56:24,43.85,+3.96%,+0.02,10,43850,买盘
13:56:27,43.83,+3.91%,-0.02,12,52596,卖盘
13:56:39,43.83,+3.91%,--,8,35064,卖盘
13:56:45,43.82,+3.89%,-0.01,9,39438,卖盘
13:56:51,43.82,+3.89%,--,19,83258,卖盘
13:56:54,43.8,+3.84%,-0.02,10,43800,卖盘
13:56:57,43.82,+3.89%,+0.02,1,4382,买盘
13:57:00,43.8,+3.84%,-0.02,65,284700,卖盘
13:57:03,43.79,+3.82%,-0.01,35,153265,卖盘
13:57:06,43.82,+3.89%,+0.03,102,446964,买盘
13:57:12,43.79,+3.82%,-0.03,1,4379,中性盘
13:57:15,43.79,+3.82%,--,14,61306,买盘
13:57:18,43.78,+3.79%,-0.01,3,13134,卖盘
13:57:21,43.78,+3.79%,--,1,4378,卖盘
13:57:24,43.78,+3.79%,--,5,21890,卖盘
13:57:27,43.78,+3.79%,--,2,8756,卖盘
13:57:36,43.76,+3.75%,-0.02,1,4376,卖盘
13:57:39,43.76,+3.75%,--,12,52512,卖盘
13:57:48,43.76,+3.75%,--,3,13128,中性盘
13:57:57,43.75,+3.72%,--,6,26250,卖盘
13:58:03,43.75,+3.72%,--,97,424375,买盘
13:58:12,43.73,+3.67%,-0.02,1,4373,中性盘
13:58:18,43.72,+3.65%,-0.01,2,8744,买盘
13:58:21,43.69,+3.58%,-0.03,28,122332,卖盘
13:58:24,43.69,+3.58%,--,12,52428,卖盘
13:58:33,43.68,+3.56%,-0.01,3,13104,卖盘
13:58:36,43.69,+3.58%,+0.01,3,13107,买盘
13:58:42,43.68,+3.56%,-0.01,16,69888,中性盘
13:58:51,43.68,+3.56%,--,28,122304,买盘
13:58:57,43.68,+3.56%,--,64,279552,卖盘
13:59:00,43.7,+3.60%,+0.02,28,122360,买盘
13:59:06,43.7,+3.60%,--,36,157320,卖盘
13:59:15,43.7,+3.60%,--,13,56810,买盘
13:59:18,43.69,+3.58%,-0.01,8,34952,卖盘
13:59:21,43.7,+3.60%,+0.01,12,52440,买盘
13:59:24,43.69,+3.58%,-0.01,21,91749,中性盘
13:59:27,43.7,+3.60%,+0.01,43,187910,买盘
13:59:33,43.74,+3.70%,+0.04,7,30618,买盘
13:59:36,43.71,+3.63%,-0.03,10,43710,卖盘
13:59:36,43.71,+3.63%,--,10,43710,中性盘
13:59:39,43.74,+3.70%,+0.03,1,4374,买盘
13:59:42,43.73,+3.67%,-0.01,6,26238,中性盘
13:59:45,43.71,+3.63%,-0.02,21,91791,卖盘
14:00:03,43.7,+3.60%,-0.01,0,4239,卖盘
14:00:06,43.68,+3.56%,-0.02,20,87491,卖盘
14:00:09,43.7,+3.60%,+0.02,18,78660,买盘
14:00:21,43.69,+3.58%,--,9,39321,卖盘
14:00:24,43.69,+3.58%,--,6,26214,卖盘
14:00:27,43.69,+3.58%,--,3,13107,卖盘
14:00:33,43.69,+3.58%,-0.01,1,4369,买盘
14:00:36,43.71,+3.63%,+0.02,100,441296,买盘
14:00:42,43.73,+3.67%,+0.02,38,166174,买盘
14:00:45,43.7,+3.60%,-0.03,24,104880,卖盘
14:00:48,43.71,+3.63%,+0.01,3,13113,中性盘
14:00:51,43.72,+3.65%,+0.01,1,4372,买盘
14:00:54,43.72,+3.65%,--,4,17488,卖盘
14:00:57,43.69,+3.58%,-0.03,31,135439,卖盘
14:01:06,43.73,+3.67%,+0.04,9,39357,买盘
14:01:09,43.71,+3.63%,-0.02,20,87420,卖盘
14:01:12,43.73,+3.67%,+0.02,37,161801,买盘
14:01:18,43.73,+3.67%,--,1,4373,买盘
14:01:21,43.73,+3.67%,--,20,87460,买盘
14:01:27,43.73,+3.67%,--,51,223023,买盘
14:01:30,43.72,+3.65%,-0.01,1,4372,卖盘
14:01:33,43.73,+3.67%,+0.01,18,78714,买盘
14:01:36,43.72,+3.65%,-0.01,17,74324,卖盘
14:01:39,43.73,+3.67%,+0.01,102,446046,买盘
14:01:42,43.73,+3.67%,--,57,249261,买盘
14:01:45,43.73,+3.67%,--,291,1272543,买盘
14:01:48,43.75,+3.72%,+0.02,78,341250,买盘
14:01:51,43.75,+3.72%,--,22,96250,买盘
14:01:54,43.75,+3.72%,--,19,85138,买盘
14:01:57,43.75,+3.72%,--,16,72363,卖盘
14:02:00,43.75,+3.72%,--,8,35000,买盘
14:02:06,43.75,+3.72%,--,2,8750,买盘
14:02:09,43.75,+3.72%,--,12,52500,卖盘
14:02:12,43.74,+3.70%,-0.01,16,69984,卖盘
14:02:15,43.75,+3.72%,+0.01,2,8750,买盘
14:02:18,43.76,+3.75%,+0.01,26,115789,买盘
14:02:21,43.77,+3.77%,+0.01,1,4377,中性盘
14:02:27,43.76,+3.75%,-0.01,11,50499,卖盘
14:02:30,43.76,+3.75%,--,3,13128,买盘
14:02:36,43.76,+3.75%,--,17,76405,买盘
14:02:39,43.76,+3.75%,--,10,43760,卖盘
14:02:45,43.76,+3.75%,--,10,43760,买盘
14:02:51,43.75,+3.72%,-0.01,7,30625,卖盘
14:02:57,43.75,+3.72%,--,4,17500,卖盘
14:02:57,43.75,+3.72%,--,4,17500,中性盘
14:03:00,43.76,+3.75%,+0.01,3,13128,买盘
14:03:06,43.76,+3.75%,+0.01,7,30632,买盘
14:03:12,43.76,+3.75%,--,46,201296,买盘
14:03:18,43.77,+3.77%,+0.01,1,4377,买盘
14:03:24,43.77,+3.77%,--,7,30639,买盘
14:03:27,43.76,+3.75%,-0.01,21,91896,卖盘
14:03:30,43.76,+3.75%,--,9,39384,卖盘
14:03:36,43.77,+3.77%,+0.01,20,87540,买盘
14:03:39,43.76,+3.75%,-0.01,2,8752,买盘
14:03:42,43.76,+3.75%,--,39,170664,买盘
14:03:51,43.77,+3.77%,+0.01,27,118179,买盘
14:03:54,43.76,+3.75%,-0.01,5,21880,卖盘
14:03:57,43.77,+3.77%,+0.01,14,61278,买盘
14:04:00,43.76,+3.75%,-0.01,60,262560,中性盘
14:04:09,43.76,+3.75%,--,7,32820,卖盘
14:04:12,43.76,+3.75%,--,6,28444,卖盘
14:04:15,43.76,+3.75%,--,1,4376,买盘
14:04:24,43.76,+3.75%,--,51,223176,买盘
14:04:30,43.76,+3.75%,--,8,35008,买盘
14:04:42,43.75,+3.72%,-0.01,4,17500,卖盘
14:04:45,43.76,+3.75%,+0.01,14,61264,买盘
14:04:48,43.75,+3.72%,-0.01,1,4375,卖盘
14:04:51,43.76,+3.75%,+0.01,1,4376,买盘
14:04:57,43.76,+3.75%,--,81,354456,买盘
14:05:00,43.75,+3.72%,-0.01,14,61250,卖盘
14:05:03,43.75,+3.72%,--,1,4375,买盘
14:05:06,43.76,+3.75%,+0.01,10,45948,买盘
14:05:12,43.74,+3.70%,-0.02,58,255879,卖盘
14:05:18,43.74,+3.70%,--,6,26244,买盘
14:05:21,43.74,+3.70%,--,5,21870,买盘
14:05:24,43.74,+3.70%,--,58,253692,买盘
14:05:30,43.74,+3.70%,--,2,8748,买盘
14:05:33,43.74,+3.70%,--,4,17496,买盘
14:05:36,43.73,+3.67%,-0.01,57,249261,卖盘
14:05:39,43.74,+3.70%,+0.01,71,310554,买盘
14:05:42,43.73,+3.67%,-0.01,15,67782,卖盘
14:05:45,43.75,+3.72%,+0.02,3,13125,中性盘
14:05:54,43.75,+3.72%,--,10,43750,买盘
14:05:57,43.75,+3.72%,--,54,236250,买盘
14:06:03,43.75,+3.72%,--,4,17500,买盘
14:06:09,43.76,+3.75%,+0.01,31,135656,买盘
14:06:12,43.75,+3.72%,-0.01,24,105000,卖盘
14:06:15,43.74,+3.70%,-0.01,9,39366,卖盘
14:06:18,43.75,+3.72%,+0.01,3,13125,买盘
14:06:21,43.75,+3.72%,--,3,13125,中性盘
14:06:24,43.75,+3.72%,--,3,13125,买盘
14:06:30,43.75,+3.72%,-0.01,16,70000,买盘
14:06:33,43.75,+3.72%,--,35,153125,卖盘
14:06:39,43.75,+3.72%,-0.01,8,35000,卖盘
14:06:42,43.74,+3.70%,-0.01,25,109350,卖盘
14:06:45,43.75,+3.72%,+0.01,7,30625,买盘
14:06:54,43.75,+3.72%,--,15,65625,买盘
14:07:00,43.75,+3.72%,+0.01,22,96250,买盘
14:07:03,43.74,+3.70%,-0.01,6,26244,卖盘
14:07:12,43.74,+3.70%,--,28,122472,卖盘
14:07:15,43.73,+3.67%,-0.01,2,8746,卖盘
14:07:18,43.73,+3.67%,--,14,61222,卖盘
14:07:21,43.72,+3.65%,-0.01,54,236088,卖盘
14:07:24,43.71,+3.63%,-0.01,12,52452,卖盘
14:07:30,43.71,+3.63%,--,12,52452,卖盘
14:07:36,43.71,+3.63%,--,11,48081,买盘
14:07:39,43.72,+3.65%,+0.01,16,72051,买盘
14:07:42,43.72,+3.65%,--,34,150921,卖盘
14:07:45,43.69,+3.58%,-0.03,10,43690,卖盘
14:07:48,43.71,+3.63%,+0.02,2,10840,买盘
14:07:57,43.71,+3.63%,--,6,28499,卖盘
14:08:00,43.72,+3.65%,+0.01,15,65580,买盘
14:08:09,43.7,+3.60%,-0.02,1,4370,卖盘
14:08:18,43.7,+3.60%,--,13,56810,卖盘
14:08:24,43.73,+3.67%,+0.03,175,767330,买盘
14:08:27,43.7,+3.60%,-0.03,13,56810,卖盘
14:08:30,43.74,+3.70%,+0.04,4,17496,买盘
14:08:33,43.69,+3.58%,-0.05,14,61166,卖盘
14:08:36,43.72,+3.65%,+0.03,1,4372,买盘
14:08:42,43.69,+3.58%,-0.03,1,4369,中性盘
14:08:45,43.69,+3.58%,--,5,21845,买盘
14:08:51,43.66,+3.51%,-0.03,45,196470,卖盘
14:08:54,43.69,+3.58%,+0.03,2,8738,买盘
14:08:57,43.66,+3.51%,-0.03,14,61124,卖盘
14:09:03,43.69,+3.58%,+0.03,48,211678,买盘
14:09:09,43.68,+3.56%,-0.01,2,8736,中性盘
14:09:12,43.69,+3.58%,+0.01,42,183498,中性盘
14:09:15,43.66,+3.51%,-0.03,102,447733,卖盘
14:09:18,43.66,+3.51%,--,4,17464,买盘
14:09:21,43.66,+3.51%,--,14,61124,买盘
14:09:30,43.65,+3.49%,-0.01,45,196425,卖盘
14:09:33,43.64,+3.46%,-0.01,3,13092,买盘
14:09:36,43.64,+3.46%,--,1,4364,买盘
14:09:42,43.63,+3.44%,-0.01,3,13089,卖盘
14:09:42,43.63,+3.44%,--,3,13089,中性盘
14:09:42,43.63,+3.44%,--,3,13089,卖盘
14:09:45,43.64,+3.46%,+0.01,43,187652,买盘
14:09:48,43.6,+3.37%,-0.04,51,222360,卖盘
14:09:51,43.64,+3.46%,+0.04,84,368671,买盘
14:09:57,43.64,+3.46%,-0.01,18,78552,卖盘
14:10:00,43.65,+3.49%,+0.01,55,242258,买盘
14:10:06,43.66,+3.51%,+0.01,143,627569,买盘
14:10:09,43.72,+3.65%,+0.06,288,1261103,买盘
14:10:12,43.65,+3.49%,-0.07,35,152775,卖盘
14:10:15,43.65,+3.49%,--,22,96030,卖盘
14:10:18,43.72,+3.65%,+0.07,1,4372,买盘
14:10:21,43.66,+3.51%,-0.06,5,21830,卖盘
14:10:24,43.72,+3.65%,+0.06,2,8744,买盘
14:10:27,43.69,+3.58%,-0.03,5,21845,卖盘
14:10:33,43.7,+3.60%,+0.01,1,4370,中性盘
14:10:36,43.7,+3.60%,--,3,13110,中性盘
14:10:48,43.7,+3.60%,+0.01,42,183540,买盘
14:10:54,43.69,+3.58%,-0.01,6,26214,卖盘
14:11:12,43.7,+3.60%,--,23,100510,买盘
14:11:27,43.7,+3.60%,--,2,8740,买盘
14:11:33,43.7,+3.60%,+0.01,14,61180,买盘
14:11:39,43.7,+3.60%,-0.01,8,34960,中性盘
14:11:42,43.7,+3.60%,--,15,65550,卖盘
14:11:45,43.69,+3.58%,-0.01,2,8738,中性盘
14:12:00,43.7,+3.60%,+0.01,6,26220,买盘
14:12:06,43.7,+3.60%,--,21,91770,买盘
14:12:18,43.69,+3.58%,-0.01,22,96118,卖盘
14:12:27,43.69,+3.58%,-0.01,14,61166,卖盘
14:12:33,43.69,+3.58%,--,8,37049,卖盘
14:12:36,43.69,+3.58%,--,31,135439,卖盘
14:12:39,43.69,+3.58%,--,4,17476,卖盘
14:12:42,43.69,+3.58%,--,0,2272,卖盘
14:12:45,43.69,+3.58%,--,8,34952,买盘
14:12:48,43.68,+3.56%,-0.01,5,21840,卖盘
14:12:54,43.7,+3.60%,+0.02,315,1376550,买盘
14:12:57,43.68,+3.56%,-0.02,18,78624,卖盘
14:13:00,43.7,+3.60%,+0.02,21,91770,买盘
14:13:00,43.7,+3.60%,--,21,91770,中性盘
14:13:06,43.7,+3.60%,--,29,126730,买盘
14:13:09,43.69,+3.58%,-0.01,9,39321,卖盘
14:13:12,43.7,+3.60%,+0.01,10,43700,买盘
14:13:18,43.7,+3.60%,--,45,196650,买盘
14:13:21,43.69,+3.58%,-0.01,20,91618,卖盘
14:13:24,43.7,+3.60%,+0.01,7,30590,买盘
14:13:27,43.69,+3.58%,-0.01,21,91880,卖盘
14:13:30,43.72,+3.65%,+0.03,60,264287,买盘
14:13:33,43.72,+3.65%,--,9,39348,买盘
14:13:36,43.72,+3.65%,--,4,21816,买盘
14:13:39,43.73,+3.67%,+0.01,31,135563,买盘
14:13:42,43.72,+3.65%,-0.01,40,174880,中性盘
14:13:45,43.74,+3.70%,+0.02,56,247044,买盘
14:13:48,43.74,+3.70%,--,3,13122,卖盘
14:13:51,43.75,+3.72%,+0.01,6,26250,买盘
14:13:57,43.75,+3.72%,--,49,214375,买盘
14:14:03,43.75,+3.72%,--,5,21875,卖盘
14:14:06,43.76,+3.75%,+0.01,4,17504,买盘
14:14:09,43.76,+3.75%,--,50,218800,买盘
14:14:12,43.74,+3.70%,-0.02,74,328006,卖盘
14:14:15,43.77,+3.77%,+0.03,45,196965,买盘
14:14:18,43.78,+3.79%,+0.01,37,161986,买盘
14:14:24,43.77,+3.77%,-0.01,10,43770,卖盘
14:14:27,43.77,+3.77%,--,12,52524,卖盘
14:14:30,43.78,+3.79%,+0.01,20,87560,买盘
14:14:33,43.78,+3.79%,--,12,52536,买盘
14:14:36,43.78,+3.79%,--,52,227656,买盘
14:14:42,43.78,+3.79%,--,1,4378,买盘
14:14:45,43.78,+3.79%,--,4,17512,买盘
14:14:48,43.78,+3.79%,--,40,175120,买盘
14:14:51,43.77,+3.77%,-0.01,22,96294,卖盘
14:14:54,43.77,+3.77%,--,9,39393,买盘
14:14:57,43.76,+3.75%,-0.01,2,8752,卖盘
14:15:00,43.77,+3.77%,+0.01,10,43770,买盘
14:15:12,43.77,+3.77%,--,10,43770,买盘
14:15:18,43.76,+3.75%,-0.01,1,8708,卖盘
14:15:24,43.76,+3.75%,--,1,4376,卖盘
14:15:27,43.76,+3.75%,--,17,74392,卖盘
14:15:30,43.76,+3.75%,--,20,87520,卖盘
14:15:33,43.75,+3.72%,-0.01,23,100625,卖盘
14:15:42,43.75,+3.72%,--,6,26294,卖盘
14:15:51,43.74,+3.70%,-0.01,5,21870,卖盘
14:15:54,43.75,+3.72%,+0.01,1,4375,买盘
14:15:57,43.73,+3.67%,-0.02,47,205531,卖盘
14:16:00,43.73,+3.67%,--,4,17492,卖盘
14:16:03,43.73,+3.67%,--,3,15437,卖盘
14:16:06,43.74,+3.70%,+0.01,1,4374,买盘
14:16:12,43.72,+3.65%,-0.02,6,26232,卖盘
14:16:15,43.72,+3.65%,--,1,4372,卖盘
14:16:18,43.71,+3.63%,-0.01,2,8742,卖盘
14:16:24,43.7,+3.60%,--,10,43700,中性盘
14:16:33,43.7,+3.60%,+0.01,24,104880,买盘
14:16:39,43.7,+3.60%,--,31,135470,买盘
14:16:42,43.69,+3.58%,-0.01,27,117963,卖盘
14:16:45,43.7,+3.60%,+0.01,18,78660,买盘
14:16:48,43.7,+3.60%,--,6,26220,买盘
14:16:51,43.69,+3.58%,-0.01,28,122332,卖盘
14:16:54,43.68,+3.56%,-0.01,1,4368,卖盘
14:17:06,43.68,+3.56%,--,66,288288,卖盘
14:17:09,43.67,+3.53%,-0.01,15,65505,卖盘
14:17:12,43.67,+3.53%,--,2,8734,买盘
14:17:18,43.68,+3.56%,+0.01,10,43680,买盘
14:17:21,43.66,+3.51%,-0.02,32,139712,卖盘
14:17:24,43.66,+3.51%,--,144,628704,买盘
14:17:30,43.66,+3.51%,--,3,13098,买盘
14:17:33,43.69,+3.58%,+0.03,215,943311,买盘
14:17:36,43.71,+3.63%,+0.02,89,389019,买盘
14:17:39,43.7,+3.60%,-0.01,13,56810,卖盘
14:17:42,43.71,+3.63%,+0.01,55,244732,中性盘
14:17:45,43.72,+3.65%,+0.01,3,13116,买盘
14:17:48,43.71,+3.63%,-0.01,27,118017,卖盘
14:17:51,43.71,+3.63%,--,4,17484,卖盘
14:17:54,43.73,+3.67%,+0.02,4,17492,买盘
14:17:57,43.71,+3.63%,-0.02,13,56823,卖盘
14:18:00,43.71,+3.63%,--,22,96162,卖盘
14:18:09,43.7,+3.60%,-0.01,2,8740,卖盘
14:18:15,43.71,+3.63%,--,5,21855,买盘
14:18:18,43.71,+3.63%,--,20,87420,买盘
14:18:21,43.71,+3.63%,--,2,8742,买盘
14:18:24,43.7,+3.60%,-0.01,5,21850,卖盘
14:18:27,43.7,+3.60%,--,8,34960,卖盘
14:18:30,43.7,+3.60%,--,4,17480,买盘
14:18:33,43.71,+3.63%,+0.01,1,4371,买盘
14:18:36,43.7,+3.60%,-0.01,10,43700,卖盘
14:18:39,43.69,+3.58%,-0.01,15,65535,卖盘
14:18:45,43.71,+3.63%,+0.01,2,8742,买盘
14:18:54,43.7,+3.60%,-0.01,3,13110,中性盘
14:19:00,43.7,+3.60%,--,1,4370,买盘
14:19:15,43.69,+3.58%,--,1,4369,卖盘
14:19:18,43.7,+3.60%,+0.01,4,17480,买盘
14:19:33,43.7,+3.60%,+0.01,15,65550,买盘
14:19:36,43.7,+3.60%,--,7,30590,买盘
14:19:42,43.7,+3.60%,--,3,13110,买盘
14:19:45,43.7,+3.60%,--,28,122360,买盘
14:19:45,43.7,+3.60%,-0.01,28,122360,中性盘
14:19:48,43.69,+3.58%,-0.01,1,4369,卖盘
14:19:51,43.7,+3.60%,+0.01,1,4370,买盘
14:20:03,43.69,+3.58%,--,2,8738,卖盘
14:20:06,43.69,+3.58%,--,49,216266,卖盘
14:20:12,43.69,+3.58%,--,5,24030,卖盘
14:20:24,43.68,+3.56%,-0.01,26,117499,卖盘
14:20:30,43.69,+3.58%,+0.01,2,8738,买盘
14:20:33,43.68,+3.56%,-0.01,13,57221,卖盘
14:20:48,43.68,+3.56%,--,5,21840,买盘
14:20:51,43.68,+3.56%,--,30,131040,买盘
14:20:57,43.67,+3.53%,-0.01,5,21835,卖盘
14:21:00,43.67,+3.53%,--,13,56771,卖盘
14:21:03,43.68,+3.56%,+0.01,1,4368,买盘
14:21:06,43.68,+3.56%,--,40,174720,买盘
14:21:09,43.69,+3.58%,+0.01,21,91749,买盘
14:21:12,43.68,+3.56%,-0.01,47,205296,卖盘
14:21:15,43.68,+3.56%,--,10,43680,买盘
14:21:30,43.68,+3.56%,--,1,4368,买盘
14:21:33,43.68,+3.56%,--,29,126672,买盘
14:21:39,43.68,+3.56%,--,24,104832,买盘
14:21:42,43.7,+3.60%,+0.02,305,1332850,买盘
14:21:45,43.72,+3.65%,+0.02,299,1311425,买盘
14:21:48,43.75,+3.72%,+0.03,579,2533125,买盘
14:21:51,43.75,+3.72%,--,21,91875,买盘
14:21:54,43.77,+3.77%,+0.02,103,455164,买盘
14:21:57,43.78,+3.79%,+0.01,36,157608,买盘
14:22:00,43.79,+3.82%,+0.01,39,170781,买盘
14:22:03,43.79,+3.82%,--,17,74443,买盘
14:22:06,43.78,+3.79%,-0.01,47,205766,卖盘
14:22:09,43.8,+3.84%,+0.02,2,8760,买盘
14:22:12,43.78,+3.79%,-0.02,39,170742,卖盘
14:22:15,43.78,+3.79%,--,11,48158,买盘
14:22:18,43.84,+3.94%,+0.06,251,1100384,买盘
14:22:21,43.81,+3.86%,-0.03,1,4381,中性盘
14:22:24,43.83,+3.91%,+0.02,19,83277,中性盘
14:22:27,43.8,+3.84%,-0.03,1,4380,买盘
14:22:30,43.8,+3.84%,--,4,17520,买盘
14:22:33,43.8,+3.84%,--,3,13140,卖盘
14:22:36,43.81,+3.86%,+0.01,16,74433,买盘
14:22:42,43.8,+3.84%,-0.01,79,346020,卖盘
14:22:45,43.83,+3.91%,+0.03,1,4383,买盘
14:22:48,43.83,+3.91%,--,1,4383,买盘
14:22:51,43.83,+3.91%,--,18,78894,买盘
14:22:57,43.84,+3.94%,+0.01,1,4384,买盘
14:23:00,43.84,+3.94%,--,25,111617,买盘
14:23:03,43.83,+3.91%,-0.01,56,247815,卖盘
14:23:03,43.83,+3.91%,--,56,247815,中性盘
14:23:09,43.84,+3.94%,+0.01,15,67294,买盘
14:23:12,43.83,+3.91%,-0.01,1,7232,卖盘
14:23:15,43.83,+3.91%,--,2,8766,买盘
14:23:18,43.82,+3.89%,-0.01,15,65730,卖盘
14:23:21,43.81,+3.86%,-0.01,18,78858,卖盘
14:23:24,43.8,+3.84%,-0.01,232,1016204,卖盘
14:23:27,43.8,+3.84%,--,8,35040,买盘
14:23:30,43.78,+3.79%,-0.02,11,48158,卖盘
14:23:33,43.78,+3.79%,--,11,48158,卖盘
14:23:42,43.76,+3.75%,-0.02,2,8752,卖盘
14:23:45,43.76,+3.75%,--,5,21880,卖盘
14:23:51,43.75,+3.72%,-0.01,5,21875,卖盘
14:23:54,43.76,+3.75%,+0.01,5,21880,买盘
14:23:57,43.74,+3.70%,-0.02,45,196830,卖盘
14:24:03,43.75,+3.72%,+0.01,16,70000,买盘
14:24:18,43.72,+3.65%,-0.03,2,8744,卖盘
14:24:27,43.72,+3.65%,--,6,26232,卖盘
14:24:39,43.72,+3.65%,--,1,4372,买盘
14:24:42,43.71,+3.63%,-0.01,24,104904,卖盘
14:24:51,43.71,+3.63%,--,5,21855,卖盘
14:25:00,43.71,+3.63%,--,3,13113,卖盘
14:25:03,43.7,+3.60%,-0.01,22,96140,卖盘
14:25:06,43.7,+3.60%,--,2,8740,卖盘
14:25:09,43.71,+3.63%,+0.01,15,65565,买盘
14:25:12,43.7,+3.60%,-0.01,17,74290,买盘
14:25:18,43.7,+3.60%,--,12,52440,买盘
14:25:21,43.69,+3.58%,-0.01,2,8738,卖盘
14:25:24,43.7,+3.60%,+0.01,2,8740,买盘
14:25:30,43.69,+3.58%,-0.01,13,56797,卖盘
14:25:36,43.69,+3.58%,--,26,113594,卖盘
14:25:39,43.69,+3.58%,--,4,17476,买盘
14:25:42,43.69,+3.58%,--,15,65535,买盘
14:25:48,43.69,+3.58%,--,1,4369,买盘
14:25:51,43.68,+3.56%,-0.01,25,109200,卖盘
14:25:54,43.68,+3.56%,--,4,19569,卖盘
14:25:57,43.68,+3.56%,--,54,238143,卖盘
14:26:00,43.68,+3.56%,--,7,30576,买盘
14:26:06,43.67,+3.53%,--,12,52404,卖盘
14:26:15,43.66,+3.51%,--,5,21830,卖盘
14:26:18,43.66,+3.51%,--,1,4366,买盘
14:26:27,43.66,+3.51%,--,8,34928,买盘
14:26:27,43.66,+3.51%,-0.01,8,34928,中性盘
14:26:30,43.65,+3.49%,-0.01,2,8730,卖盘
14:26:33,43.66,+3.51%,+0.01,2,8732,买盘
14:26:39,43.65,+3.49%,-0.01,24,104760,卖盘
14:26:42,43.65,+3.49%,--,5,21825,卖盘
14:26:45,43.66,+3.51%,+0.01,1,4366,买盘
14:26:51,43.65,+3.49%,--,1,4365,卖盘
14:26:54,43.66,+3.51%,+0.01,8,34928,买盘
14:26:57,43.65,+3.49%,-0.01,32,139680,卖盘
14:27:00,43.65,+3.49%,--,8,34920,卖盘
14:27:03,43.62,+3.41%,-0.03,17,74154,卖盘
14:27:06,43.66,+3.51%,+0.04,19,82954,买盘
14:27:12,43.65,+3.49%,--,7,30555,卖盘
14:27:15,43.65,+3.49%,--,19,82935,卖盘
14:27:24,43.64,+3.46%,-0.01,20,87280,卖盘
14:27:30,43.64,+3.46%,-0.01,1,4364,卖盘
14:27:36,43.64,+3.46%,--,7,30548,卖盘
14:27:39,43.64,+3.46%,--,1,4364,卖盘
14:27:42,43.64,+3.46%,--,18,78552,卖盘
14:27:51,43.64,+3.46%,--,7,30548,买盘
14:27:54,43.63,+3.44%,-0.01,19,82897,卖盘
14:28:00,43.63,+3.44%,--,11,47993,卖盘
14:28:03,43.63,+3.44%,--,18,78534,卖盘
14:28:06,43.63,+3.44%,--,4,17452,买盘
14:28:09,43.62,+3.41%,-0.01,27,117774,卖盘
14:28:12,43.63,+3.44%,+0.01,149,650087,买盘
14:28:15,43.65,+3.49%,+0.02,90,392850,买盘
14:28:18,43.64,+3.46%,-0.01,204,890256,中性盘
14:28:21,43.65,+3.49%,+0.01,32,140859,中性盘
14:28:24,43.67,+3.53%,+0.02,48,209616,买盘
14:28:27,43.69,+3.58%,+0.02,181,792886,买盘
14:28:30,43.69,+3.58%,--,32,139808,买盘
14:28:33,43.7,+3.60%,+0.01,57,249090,买盘
14:28:36,43.7,+3.60%,--,18,78660,买盘
14:28:39,43.7,+3.60%,--,14,61180,买盘
14:28:42,43.7,+3.60%,--,19,83030,买盘
14:28:45,43.7,+3.60%,--,8,34960,买盘
14:28:48,43.69,+3.58%,-0.01,102,445638,卖盘
14:28:51,43.68,+3.56%,-0.01,13,56784,中性盘
14:28:54,43.69,+3.58%,+0.01,12,52428,买盘
14:28:57,43.69,+3.58%,--,9,39321,买盘
14:29:00,43.68,+3.56%,-0.01,20,87360,卖盘
14:29:12,43.68,+3.56%,--,35,152880,买盘
14:29:15,43.68,+3.56%,--,6,26208,买盘
14:29:18,43.68,+3.56%,--,2,8736,买盘
14:29:21,43.69,+3.58%,+0.01,69,301461,买盘
14:29:27,43.69,+3.58%,--,7,30583,卖盘
14:29:30,43.69,+3.58%,--,19,83011,卖盘
14:29:33,43.69,+3.58%,--,3,13107,买盘
14:29:36,43.69,+3.58%,--,2,8738,买盘
14:29:39,43.68,+3.56%,-0.01,8,34944,卖盘
14:29:42,43.68,+3.56%,--,1,4368,卖盘
14:29:45,43.68,+3.56%,--,63,275184,卖盘
14:29:48,43.68,+3.56%,--,5,21840,卖盘
14:29:48,43.68,+3.56%,--,5,21840,中性盘
14:29:51,43.68,+3.56%,--,9,39312,卖盘
14:29:54,43.7,+3.60%,+0.02,55,240350,买盘
14:29:57,43.69,+3.58%,-0.01,12,52428,中性盘
14:30:00,43.69,+3.58%,--,67,292723,卖盘
14:30:03,43.69,+3.58%,--,66,288354,卖盘
14:30:06,43.7,+3.60%,+0.01,8,39199,买盘
14:30:09,43.7,+3.60%,--,3,13241,卖盘
14:30:12,43.7,+3.60%,--,16,69920,买盘
14:30:15,43.68,+3.56%,-0.02,2,8736,卖盘
14:30:18,43.68,+3.56%,--,16,69888,中性盘
14:30:24,43.67,+3.53%,--,26,113542,卖盘
14:30:27,43.66,+3.51%,-0.01,24,104784,卖盘
14:30:30,43.67,+3.53%,+0.01,16,69872,买盘
14:30:33,43.65,+3.49%,-0.02,1,4365,买盘
14:30:36,43.64,+3.46%,-0.01,2,8728,卖盘
14:30:42,43.64,+3.46%,-0.01,7,30548,卖盘
14:30:45,43.64,+3.46%,--,8,34912,买盘
14:30:51,43.64,+3.46%,--,15,65460,买盘
14:30:54,43.64,+3.46%,--,14,61096,买盘
14:30:57,43.65,+3.49%,+0.01,1,4365,买盘
14:31:00,43.64,+3.46%,-0.01,14,61096,卖盘
14:31:03,43.67,+3.53%,+0.03,29,126643,买盘
14:31:06,43.66,+3.51%,-0.01,20,87320,卖盘
14:31:09,43.68,+3.56%,+0.02,2,8736,买盘
14:31:12,43.67,+3.53%,-0.01,16,69872,卖盘
14:31:15,43.66,+3.51%,-0.01,10,43660,卖盘
14:31:18,43.67,+3.53%,+0.01,2,8734,买盘
14:31:21,43.67,+3.53%,--,1,4367,买盘
14:31:24,43.67,+3.53%,--,39,170313,买盘
14:31:27,43.69,+3.58%,+0.02,21,91749,买盘
14:31:30,43.68,+3.56%,-0.01,20,91641,卖盘
14:31:33,43.68,+3.56%,--,21,91728,卖盘
14:31:36,43.68,+3.56%,--,3,13104,卖盘
14:31:39,43.68,+3.56%,--,14,61152,卖盘
14:31:42,43.68,+3.56%,--,10,43680,卖盘
14:31:45,43.67,+3.53%,-0.01,45,196515,卖盘
14:31:48,43.68,+3.56%,+0.01,16,69888,买盘
14:31:51,43.68,+3.56%,--,45,196560,买盘
14:31:54,43.68,+3.56%,--,4,17472,买盘
14:31:57,43.67,+3.53%,-0.01,6,26202,卖盘
14:32:00,43.68,+3.56%,+0.01,2,8736,买盘
14:32:03,43.67,+3.53%,-0.01,1,4367,卖盘
14:32:06,43.67,+3.53%,--,9,39303,卖盘
14:32:09,43.67,+3.53%,--,3,13101,卖盘
14:32:18,43.66,+3.51%,-0.01,5,21830,卖盘
14:32:21,43.67,+3.53%,+0.01,70,305690,买盘
14:32:24,43.67,+3.53%,--,17,74239,买盘
14:32:27,43.67,+3.53%,--,14,61138,卖盘
14:32:30,43.67,+3.53%,--,3,13101,中性盘
14:32:36,43.68,+3.56%,+0.01,14,61152,买盘
14:32:39,43.67,+3.53%,-0.01,6,26202,中性盘
14:32:42,43.66,+3.51%,-0.01,28,122248,卖盘
14:32:45,43.65,+3.49%,-0.01,126,549990,卖盘
14:32:48,43.66,+3.51%,+0.01,17,74222,买盘
14:32:51,43.65,+3.49%,-0.01,3,13095,卖盘
14:32:54,43.65,+3.49%,--,29,126585,买盘
14:32:57,43.66,+3.51%,+0.01,26,113516,买盘
14:33:00,43.66,+3.51%,--,32,139712,卖盘
14:33:03,43.66,+3.51%,--,24,104784,卖盘
14:33:06,43.64,+3.46%,-0.02,67,292388,卖盘
14:33:12,43.64,+3.46%,--,4,17456,中性盘
14:33:12,43.64,+3.46%,--,4,17456,买盘
14:33:15,43.63,+3.44%,-0.01,1,4363,卖盘
14:33:18,43.64,+3.46%,+0.01,21,91644,买盘
14:33:21,43.63,+3.44%,-0.01,15,65445,卖盘
14:33:24,43.64,+3.46%,+0.01,9,39276,买盘
14:33:27,43.63,+3.44%,-0.01,12,52356,卖盘
14:33:30,43.63,+3.44%,--,8,34904,卖盘
14:33:33,43.64,+3.46%,+0.01,20,87280,买盘
14:33:36,43.62,+3.41%,-0.02,12,52344,卖盘
14:33:39,43.63,+3.44%,+0.01,1,4363,卖盘
14:33:42,43.62,+3.41%,-0.01,19,82878,卖盘
14:33:51,43.61,+3.39%,-0.01,6,26166,卖盘
14:33:54,43.61,+3.39%,--,13,56693,卖盘
14:33:57,43.6,+3.37%,-0.01,39,170040,卖盘
14:34:00,43.6,+3.37%,--,1,4360,卖盘
14:34:03,43.6,+3.37%,--,2,8720,卖盘
14:34:06,43.6,+3.37%,--,4,17440,卖盘
14:34:09,43.6,+3.37%,--,26,113360,卖盘
14:34:18,43.6,+3.37%,+0.01,35,156306,买盘
14:34:21,43.59,+3.34%,-0.01,52,226668,卖盘
14:34:27,43.6,+3.37%,+0.01,15,65400,中性盘
14:34:30,43.58,+3.32%,-0.02,96,418368,卖盘
14:34:33,43.6,+3.37%,+0.02,9,39240,买盘
14:34:36,43.61,+3.39%,+0.01,1,4361,买盘
14:34:39,43.58,+3.32%,-0.03,17,78313,卖盘
14:34:42,43.6,+3.37%,+0.02,1,4360,买盘
14:34:45,43.6,+3.37%,--,6,30476,买盘
14:34:48,43.6,+3.37%,--,28,122080,卖盘
14:34:51,43.58,+3.32%,-0.02,51,224393,卖盘
14:34:54,43.59,+3.34%,+0.01,42,183078,卖盘
14:35:00,43.58,+3.32%,-0.01,20,87160,卖盘
14:35:03,43.59,+3.34%,+0.01,3,13077,买盘
14:35:06,43.59,+3.34%,--,6,26154,买盘
14:35:09,43.58,+3.32%,-0.01,9,39222,卖盘
14:35:12,43.58,+3.32%,--,22,95876,卖盘
14:35:15,43.58,+3.32%,--,2,8716,卖盘
14:35:18,43.58,+3.32%,--,36,158849,卖盘
14:35:21,43.58,+3.32%,--,13,56654,卖盘
14:35:24,43.58,+3.32%,--,4,17432,卖盘
14:35:27,43.58,+3.32%,--,18,82366,卖盘
14:35:30,43.58,+3.32%,--,20,87160,卖盘
14:35:33,43.58,+3.32%,--,3,13074,卖盘
14:35:36,43.57,+3.30%,-0.01,27,118510,卖盘
14:35:39,43.59,+3.34%,+0.02,78,342225,买盘
14:35:42,43.57,+3.30%,-0.02,38,167701,卖盘
14:35:45,43.58,+3.32%,+0.01,32,139456,买盘
14:35:48,43.57,+3.30%,-0.01,4,17428,买盘
14:35:51,43.59,+3.34%,+0.02,51,222353,买盘
14:35:54,43.61,+3.39%,+0.02,165,723882,买盘
14:35:57,43.6,+3.37%,-0.01,5,21800,卖盘
14:36:00,43.59,+3.34%,-0.01,29,126411,卖盘
14:36:03,43.62,+3.41%,+0.03,46,200652,买盘
14:36:06,43.61,+3.39%,-0.01,41,178801,卖盘
14:36:09,43.62,+3.41%,+0.01,22,95964,中性盘
14:36:12,43.63,+3.44%,+0.01,37,161431,买盘
14:36:15,43.62,+3.41%,-0.01,41,178842,卖盘
14:36:18,43.62,+3.41%,--,21,91602,买盘
14:36:21,43.62,+3.41%,--,3,13086,买盘
14:36:24,43.64,+3.46%,+0.02,70,309320,买盘
14:36:27,43.65,+3.49%,+0.01,5,21825,买盘
14:36:30,43.62,+3.41%,-0.03,51,222462,卖盘
14:36:33,43.64,+3.46%,+0.02,3,13092,中性盘
14:36:33,43.64,+3.46%,--,3,13092,中性盘
14:36:33,43.64,+3.46%,--,3,13092,卖盘
14:36:36,43.66,+3.51%,+0.02,30,130980,买盘
14:36:39,43.66,+3.51%,--,7,30562,买盘
14:36:42,43.65,+3.49%,-0.01,11,48015,卖盘
14:36:45,43.66,+3.51%,+0.01,5,21830,买盘
14:36:48,43.64,+3.46%,-0.02,63,274932,卖盘
14:36:51,43.67,+3.53%,+0.03,16,69872,买盘
14:36:54,43.67,+3.53%,--,13,56771,买盘
14:36:57,43.66,+3.51%,-0.01,13,56758,卖盘
14:37:00,43.67,+3.53%,+0.01,9,39303,买盘
14:37:03,43.67,+3.53%,--,6,26202,买盘
14:37:06,43.66,+3.51%,-0.01,17,74222,卖盘
14:37:09,43.65,+3.49%,-0.01,7,30555,卖盘
14:37:12,43.65,+3.49%,--,23,100395,卖盘
14:37:15,43.62,+3.41%,-0.03,49,213738,卖盘
14:37:18,43.63,+3.44%,+0.01,20,87260,买盘
14:37:21,43.64,+3.46%,+0.01,1,4364,中性盘
14:37:24,43.63,+3.44%,-0.01,4,17452,卖盘
14:37:27,43.62,+3.41%,-0.01,11,47982,卖盘
14:37:30,43.63,+3.44%,+0.01,23,100349,买盘
14:37:36,43.62,+3.41%,-0.01,9,39258,卖盘
14:37:39,43.63,+3.44%,+0.01,35,152705,中性盘
14:37:42,43.62,+3.41%,-0.01,8,35419,卖盘
14:37:45,43.62,+3.41%,--,14,61068,买盘
14:37:48,43.61,+3.39%,-0.01,38,165718,卖盘
14:37:51,43.61,+3.39%,--,13,56693,买盘
14:37:54,43.61,+3.39%,--,4,17444,卖盘
14:37:57,43.62,+3.41%,+0.01,64,279168,买盘
14:38:00,43.62,+3.41%,--,0,3839,买盘
14:38:03,43.61,+3.39%,-0.01,16,69776,卖盘
14:38:06,43.63,+3.44%,+0.02,1,4363,买盘
14:38:12,43.62,+3.41%,-0.01,13,56706,中性盘
14:38:15,43.6,+3.37%,-0.02,38,166203,卖盘
14:38:18,43.6,+3.37%,--,14,61040,卖盘
14:38:21,43.62,+3.41%,+0.02,23,100326,买盘
14:38:24,43.62,+3.41%,--,26,113412,买盘
14:38:27,43.6,+3.37%,-0.02,11,47960,卖盘
14:38:30,43.6,+3.37%,--,3,13080,卖盘
14:38:33,43.61,+3.39%,+0.01,2,8722,卖盘
14:38:36,43.6,+3.37%,-0.01,35,152600,卖盘
14:38:42,43.6,+3.37%,--,3,13080,中性盘
14:38:45,43.6,+3.37%,--,3,13080,买盘
14:38:48,43.6,+3.37%,--,16,69760,买盘
14:38:51,43.6,+3.37%,--,23,100280,买盘
14:38:54,43.6,+3.37%,--,56,244160,买盘
14:38:57,43.59,+3.34%,-0.01,5,21795,卖盘
14:39:00,43.59,+3.34%,--,40,174360,卖盘
14:39:03,43.59,+3.34%,--,18,78462,卖盘
14:39:06,43.6,+3.37%,+0.01,36,159053,中性盘
14:39:09,43.59,+3.34%,-0.01,13,56667,卖盘
14:39:12,43.59,+3.34%,--,21,93806,卖盘
14:39:15,43.6,+3.37%,+0.01,17,74120,买盘
14:39:18,43.6,+3.37%,--,12,52320,买盘
14:39:21,43.6,+3.37%,--,25,109000,买盘
14:39:24,43.59,+3.34%,-0.01,7,30513,卖盘
14:39:27,43.6,+3.37%,+0.01,11,47960,买盘
14:39:30,43.59,+3.34%,-0.01,32,139488,卖盘
14:39:33,43.59,+3.34%,--,34,148206,买盘
14:39:36,43.59,+3.34%,--,3,13077,买盘
14:39:39,43.58,+3.32%,-0.01,33,143814,卖盘
14:39:42,43.58,+3.32%,--,11,47938,卖盘
14:39:45,43.59,+3.34%,+0.01,11,47949,买盘
14:39:48,43.58,+3.32%,-0.01,44,191752,卖盘
14:39:51,43.58,+3.32%,--,31,135098,卖盘
14:39:54,43.58,+3.32%,--,25,108950,中性盘
14:39:54,43.58,+3.32%,--,25,108950,卖盘
14:39:57,43.58,+3.32%,--,33,143814,卖盘
14:40:00,43.58,+3.32%,--,34,152486,卖盘
14:40:03,43.58,+3.32%,--,52,226616,卖盘
14:40:06,43.58,+3.32%,--,42,185259,卖盘
14:40:09,43.58,+3.32%,--,27,117666,买盘
14:40:12,43.58,+3.32%,--,2,8716,买盘
14:40:15,43.57,+3.30%,-0.01,1,4357,卖盘
14:40:18,43.58,+3.32%,+0.01,68,296344,买盘
14:40:21,43.57,+3.30%,-0.01,40,174280,卖盘
14:40:24,43.58,+3.32%,+0.01,14,61012,买盘
14:40:27,43.56,+3.27%,-0.02,3,13068,卖盘
14:40:30,43.57,+3.30%,+0.01,2,8714,买盘
14:40:36,43.56,+3.27%,-0.01,2,8712,卖盘
14:40:39,43.56,+3.27%,--,17,74052,卖盘
14:40:42,43.57,+3.30%,+0.01,105,457485,买盘
14:40:45,43.56,+3.27%,-0.01,136,592416,卖盘
14:40:48,43.56,+3.27%,--,28,121968,买盘
14:40:51,43.58,+3.32%,+0.02,10,43580,买盘
14:40:57,43.58,+3.32%,--,67,291986,买盘
14:41:00,43.6,+3.37%,+0.02,140,614629,买盘
14:41:03,43.6,+3.37%,--,124,544913,买盘
14:41:06,43.61,+3.39%,+0.01,9,39249,买盘
14:41:09,43.62,+3.41%,+0.01,43,189747,买盘
14:41:12,43.62,+3.41%,--,2,8724,买盘
14:41:15,43.62,+3.41%,--,108,471096,买盘
14:41:18,43.62,+3.41%,--,165,719730,买盘
14:41:21,43.61,+3.39%,-0.01,62,274045,卖盘
14:41:24,43.63,+3.44%,+0.02,2,8726,买盘
14:41:27,43.6,+3.37%,-0.03,36,157658,卖盘
14:41:30,43.63,+3.44%,+0.03,16,73473,买盘
14:41:33,43.62,+3.41%,-0.01,17,74852,卖盘
14:41:36,43.5,+3.13%,-0.12,193,843813,卖盘
14:41:39,43.61,+3.39%,+0.11,1,4361,中性盘
14:41:42,43.62,+3.41%,+0.01,25,109050,买盘
14:41:45,43.62,+3.41%,--,38,165756,买盘
14:41:48,43.6,+3.37%,-0.02,5,21800,中性盘
14:41:51,43.61,+3.39%,+0.01,5,21805,中性盘
14:41:54,43.61,+3.39%,--,19,82859,卖盘
14:41:57,43.6,+3.37%,-0.01,19,82840,卖盘
14:42:00,43.62,+3.41%,+0.02,35,152670,买盘
14:42:03,43.61,+3.39%,-0.01,13,56693,卖盘
14:42:06,43.63,+3.44%,+0.02,136,593368,买盘
14:42:09,43.62,+3.41%,-0.01,2,8724,卖盘
14:42:12,43.64,+3.46%,+0.02,15,65460,买盘
14:42:15,43.63,+3.44%,-0.01,16,69808,卖盘
14:42:18,43.63,+3.44%,--,8,34904,买盘
14:42:21,43.64,+3.46%,+0.01,34,148376,买盘
14:42:24,43.63,+3.44%,-0.01,64,279232,卖盘
14:42:27,43.64,+3.46%,+0.01,4,17456,买盘
14:42:30,43.64,+3.46%,--,24,104736,买盘
14:42:33,43.65,+3.49%,+0.01,104,453960,买盘
14:42:36,43.64,+3.46%,-0.01,3,13092,卖盘
14:42:39,43.64,+3.46%,--,10,43640,卖盘
14:42:42,43.64,+3.46%,--,14,61096,卖盘
14:42:45,43.64,+3.46%,--,45,196380,卖盘
14:42:48,43.65,+3.49%,+0.01,30,130950,买盘
14:42:51,43.65,+3.49%,--,206,899190,买盘
14:42:54,43.65,+3.49%,--,6,26190,买盘
14:42:57,43.64,+3.46%,-0.01,6,26184,卖盘
14:43:00,43.65,+3.49%,+0.01,8,34920,买盘
14:43:03,43.65,+3.49%,--,18,78570,买盘
14:43:06,43.64,+3.46%,-0.01,27,117828,卖盘
14:43:09,43.65,+3.49%,+0.01,2,8730,买盘
14:43:12,43.65,+3.49%,--,8,34920,买盘
14:43:15,43.65,+3.49%,--,76,331740,买盘
14:46:36,43.59,+3.34%,--,15,65385,中性盘
14:46:42,43.59,+3.34%,--,25,108975,买盘
14:46:45,43.58,+3.32%,-0.01,24,106684,卖盘
14:46:48,43.59,+3.34%,+0.01,8,34872,买盘
14:46:51,43.58,+3.32%,-0.01,85,372696,卖盘
14:46:54,43.58,+3.32%,--,8,36956,买盘
14:47:00,43.59,+3.34%,+0.01,53,231027,买盘
14:47:03,43.59,+3.34%,--,7,30513,买盘
14:47:06,43.57,+3.30%,-0.02,55,239635,卖盘
14:47:09,43.58,+3.32%,+0.01,3,13074,中性盘
14:47:15,43.57,+3.30%,-0.01,5,24051,卖盘
14:47:18,43.59,+3.34%,+0.02,49,215683,买盘
14:47:21,43.59,+3.34%,--,8,34872,买盘
14:47:24,43.57,+3.30%,-0.02,57,248349,卖盘
14:47:27,43.59,+3.34%,+0.02,31,135129,买盘
14:47:30,43.58,+3.32%,-0.01,27,117666,中性盘
14:47:33,43.58,+3.32%,--,3,13074,买盘
14:47:36,43.56,+3.27%,-0.02,14,63249,卖盘
14:47:39,43.57,+3.30%,+0.01,30,130710,买盘
14:47:42,43.56,+3.27%,-0.01,3,13068,卖盘
14:47:45,43.57,+3.30%,+0.01,25,108925,买盘
14:47:48,43.56,+3.27%,-0.01,7,30492,卖盘
14:47:51,43.57,+3.30%,+0.01,7,30499,买盘
14:47:57,43.56,+3.27%,--,19,82764,卖盘
14:48:00,43.55,+3.25%,-0.01,67,291785,卖盘
14:48:03,43.55,+3.25%,--,19,82745,卖盘
14:48:06,43.53,+3.20%,-0.02,19,82707,卖盘
14:48:09,43.55,+3.25%,+0.02,20,87100,中性盘
14:48:12,43.53,+3.20%,-0.02,60,261180,中性盘
14:48:15,43.55,+3.25%,+0.02,43,187265,买盘
14:48:18,43.55,+3.25%,--,65,283075,买盘
14:48:21,43.5,+3.13%,-0.05,19,82650,卖盘
14:48:24,43.53,+3.20%,+0.03,42,182826,买盘
14:48:27,43.52,+3.18%,-0.01,31,134912,卖盘
14:48:30,43.54,+3.22%,+0.02,51,222054,买盘
14:48:33,43.54,+3.22%,--,39,169806,卖盘
14:48:36,43.56,+3.27%,+0.02,250,1091178,买盘
14:48:39,43.57,+3.30%,+0.01,318,1386136,买盘
14:48:42,43.58,+3.32%,+0.01,67,291986,买盘
14:48:45,43.59,+3.34%,+0.01,375,1636717,买盘
14:48:48,43.59,+3.34%,--,18,78462,买盘
14:48:51,43.6,+3.37%,+0.01,303,1325178,买盘
14:48:54,43.6,+3.37%,--,213,930468,买盘
14:48:57,43.6,+3.37%,--,22,95920,卖盘
14:49:00,43.63,+3.44%,+0.03,32,139616,买盘
14:49:03,43.6,+3.37%,-0.03,245,1070772,卖盘
14:49:06,43.6,+3.37%,--,28,122080,买盘
14:49:09,43.6,+3.37%,--,17,74120,买盘
14:49:12,43.63,+3.44%,+0.03,93,407417,买盘
14:49:15,43.63,+3.44%,--,14,61082,卖盘
14:49:18,43.6,+3.37%,-0.03,79,347143,卖盘
14:49:21,43.59,+3.34%,-0.01,26,113334,卖盘
14:49:24,43.59,+3.34%,--,51,222309,卖盘
14:49:27,43.59,+3.34%,--,2,8718,买盘
14:49:30,43.58,+3.32%,-0.01,14,61012,卖盘
14:49:33,43.59,+3.34%,+0.01,9,39231,买盘
14:49:36,43.55,+3.25%,-0.04,23,102691,卖盘
14:49:39,43.59,+3.34%,+0.04,31,135129,买盘
14:49:42,43.55,+3.25%,-0.04,30,130650,卖盘
14:49:45,43.58,+3.32%,+0.03,50,217900,买盘
14:49:48,43.55,+3.25%,-0.03,12,52260,买盘
14:49:51,43.58,+3.32%,+0.03,7,30506,买盘
14:49:54,43.55,+3.25%,-0.03,18,80524,卖盘
14:49:57,43.55,+3.25%,--,2,8710,买盘
14:49:57,43.55,+3.25%,--,2,8710,中性盘
14:50:00,43.55,+3.25%,--,7,30485,买盘
14:50:03,43.55,+3.25%,--,31,135005,卖盘
14:50:06,43.56,+3.27%,+0.01,20,87120,买盘
14:50:09,43.56,+3.27%,--,70,304920,买盘
14:50:12,43.57,+3.30%,+0.01,104,453128,买盘
14:50:15,43.58,+3.32%,+0.01,62,270196,买盘
14:50:18,43.58,+3.32%,--,5,21790,买盘
14:50:21,43.58,+3.32%,--,17,74086,买盘
14:50:24,43.58,+3.32%,--,142,618836,买盘
14:50:27,43.57,+3.30%,-0.01,6,26142,卖盘
14:50:30,43.58,+3.32%,+0.01,34,148172,买盘
14:50:33,43.58,+3.32%,--,8,34864,买盘
14:50:36,43.58,+3.32%,--,17,75611,买盘
14:50:42,43.57,+3.30%,-0.01,17,76160,中性盘
14:50:45,43.56,+3.27%,-0.01,32,139392,卖盘
14:50:48,43.57,+3.30%,+0.01,3,15250,买盘
14:50:51,43.57,+3.30%,--,19,82783,买盘
14:50:54,43.57,+3.30%,--,45,196065,卖盘
14:50:57,43.57,+3.30%,--,17,74069,卖盘
14:51:00,43.57,+3.30%,--,21,91497,卖盘
14:51:03,43.57,+3.30%,--,23,100211,卖盘
14:51:06,43.57,+3.30%,--,117,509769,买盘
14:51:09,43.56,+3.27%,-0.01,14,60984,卖盘
14:51:12,43.57,+3.30%,+0.01,28,121996,买盘
14:51:15,43.57,+3.30%,--,29,126353,买盘
14:51:18,43.57,+3.30%,--,27,117639,买盘
14:51:24,43.56,+3.27%,--,236,1030673,卖盘
14:51:27,43.56,+3.27%,--,19,83025,卖盘
14:51:30,43.56,+3.27%,--,13,56628,买盘
14:51:33,43.56,+3.27%,--,3,13068,买盘
14:51:39,43.55,+3.25%,-0.02,31,135005,卖盘
14:51:42,43.55,+3.25%,--,90,391950,卖盘
14:51:48,43.54,+3.22%,-0.01,38,165452,卖盘
14:51:51,43.55,+3.25%,+0.01,8,34840,买盘
14:51:54,43.55,+3.25%,--,4,17420,买盘
14:51:57,43.55,+3.25%,--,102,444210,买盘
14:52:00,43.54,+3.22%,-0.01,7,30478,卖盘
14:52:03,43.55,+3.25%,+0.01,49,213395,买盘
14:52:06,43.54,+3.22%,-0.01,15,65310,卖盘
14:52:09,43.55,+3.25%,+0.01,57,248235,买盘
14:52:12,43.55,+3.25%,--,47,204685,买盘
14:52:15,43.55,+3.25%,--,10,43550,买盘
14:52:18,43.55,+3.25%,--,32,139360,买盘
14:52:21,43.55,+3.25%,--,73,317915,买盘
14:52:24,43.55,+3.25%,--,6,26130,买盘
14:52:27,43.54,+3.22%,-0.01,73,317842,卖盘
14:52:30,43.54,+3.22%,--,61,265594,卖盘
14:52:33,43.57,+3.30%,+0.03,518,2258407,买盘
14:52:36,43.56,+3.27%,-0.01,33,143748,卖盘
14:52:39,43.55,+3.25%,-0.01,43,187265,卖盘
14:52:42,43.55,+3.25%,--,30,130650,卖盘
14:52:45,43.57,+3.30%,+0.02,17,74069,买盘
14:52:48,43.55,+3.25%,-0.02,22,95810,卖盘
14:52:51,43.54,+3.22%,-0.01,253,1105394,卖盘
14:52:54,43.56,+3.27%,+0.02,28,121968,中性盘
14:52:57,43.57,+3.30%,+0.01,43,187351,买盘
14:53:00,43.57,+3.30%,--,46,204735,买盘
14:53:03,43.56,+3.27%,-0.01,145,634669,中性盘
14:53:06,43.57,+3.30%,+0.01,41,178637,买盘
14:53:09,43.56,+3.27%,-0.01,94,410945,卖盘
14:53:12,43.57,+3.30%,+0.01,8,34856,中性盘
14:53:15,43.56,+3.27%,-0.01,21,91476,卖盘
14:53:18,43.56,+3.27%,--,23,100188,卖盘
14:53:18,43.56,+3.27%,--,23,100188,中性盘
14:53:21,43.56,+3.27%,--,6,26136,卖盘
14:53:24,43.56,+3.27%,--,102,444312,卖盘
14:53:27,43.56,+3.27%,--,175,764391,卖盘
14:53:30,43.56,+3.27%,--,69,300564,买盘
14:53:36,43.57,+3.30%,+0.01,6,26142,买盘
14:53:39,43.55,+3.25%,-0.02,9,39195,卖盘
14:53:42,43.56,+3.27%,+0.01,17,74052,中性盘
14:53:45,43.56,+3.27%,--,35,152460,买盘
14:53:48,43.55,+3.25%,-0.01,50,217750,卖盘
14:53:51,43.56,+3.27%,+0.01,43,187308,买盘
14:53:57,43.56,+3.27%,--,82,357192,买盘
14:54:00,43.55,+3.25%,-0.01,75,328759,卖盘
14:54:03,43.56,+3.27%,+0.01,25,108900,中性盘
14:54:06,43.56,+3.27%,--,55,239580,卖盘
14:54:12,43.57,+3.30%,+0.01,121,527197,买盘
14:54:15,43.56,+3.27%,-0.01,26,113256,卖盘
14:54:18,43.56,+3.27%,--,32,139392,卖盘
14:54:21,43.57,+3.30%,+0.01,14,60998,买盘
14:54:24,43.56,+3.27%,-0.01,24,104544,卖盘
14:54:27,43.57,+3.30%,+0.01,19,82783,买盘
14:54:30,43.57,+3.30%,--,2,8714,买盘
14:54:33,43.56,+3.27%,-0.01,37,161172,卖盘
14:54:36,43.55,+3.25%,-0.01,62,270010,卖盘
14:54:39,43.56,+3.27%,+0.01,15,65340,买盘
14:54:42,43.56,+3.27%,--,9,39204,买盘
14:54:48,43.55,+3.25%,-0.01,37,161135,卖盘
14:54:51,43.55,+3.25%,--,153,666315,卖盘
14:54:54,43.55,+3.25%,--,52,226460,买盘
14:54:57,43.55,+3.25%,--,58,252590,买盘
14:55:00,43.55,+3.25%,--,12,52260,买盘
14:55:03,43.55,+3.25%,--,77,335335,买盘
14:55:06,43.55,+3.25%,--,52,227897,买盘
14:55:09,43.56,+3.27%,+0.01,67,291852,买盘
14:55:12,43.57,+3.30%,+0.01,143,627059,买盘
14:55:15,43.57,+3.30%,--,65,283205,买盘
14:55:18,43.57,+3.30%,--,58,252706,买盘
14:55:21,43.56,+3.27%,-0.01,229,997524,卖盘
14:55:24,43.55,+3.25%,-0.01,8,34840,卖盘
14:55:27,43.56,+3.27%,+0.01,72,313632,买盘
14:55:30,43.56,+3.27%,--,15,65340,买盘
14:55:33,43.55,+3.25%,-0.01,27,117585,卖盘
14:55:36,43.56,+3.27%,+0.01,32,139392,买盘
14:55:39,43.56,+3.27%,--,72,313632,买盘
14:55:42,43.56,+3.27%,--,32,143487,买盘
14:55:45,43.57,+3.30%,+0.01,148,644836,买盘
14:55:48,43.57,+3.30%,--,45,196065,买盘
14:55:51,43.56,+3.27%,-0.01,203,884529,卖盘
14:55:54,43.56,+3.27%,--,10,43560,买盘
14:55:57,43.55,+3.25%,-0.01,49,213395,卖盘
14:56:00,43.57,+3.30%,+0.02,67,291919,买盘
14:56:03,43.56,+3.27%,-0.01,17,74052,卖盘
14:56:06,43.56,+3.27%,--,35,152460,卖盘
14:56:09,43.56,+3.27%,--,56,243936,卖盘
14:56:12,43.56,+3.27%,--,29,126324,买盘
14:56:15,43.56,+3.27%,--,36,156816,买盘
14:56:18,43.56,+3.27%,--,356,1550736,买盘
14:56:21,43.56,+3.27%,--,27,117612,买盘
14:56:24,43.57,+3.30%,+0.01,133,579481,买盘
14:56:27,43.56,+3.27%,-0.01,61,265716,卖盘
14:56:30,43.56,+3.27%,--,134,585446,卖盘
14:56:33,43.56,+3.27%,--,30,130680,卖盘
14:56:36,43.56,+3.27%,--,127,557307,卖盘
14:56:39,43.56,+3.27%,--,76,331056,卖盘
14:56:39,43.56,+3.27%,--,76,331056,中性盘
14:56:42,43.56,+3.27%,--,109,478027,卖盘
14:56:45,43.56,+3.27%,--,4,17424,买盘
14:56:48,43.57,+3.30%,+0.01,50,221031,买盘
14:56:51,43.56,+3.27%,-0.01,118,515184,卖盘
14:56:54,43.56,+3.27%,--,30,130680,买盘
14:56:57,43.56,+3.27%,--,38,165528,买盘
14:57:00,43.55,+3.25%,-0.01,2,8710,中性盘
14:57:03,43.55,+3.25%,--,150,653860,买盘
15:00:03,43.6,+3.37%,+0.05,2306,10054160,买盘
