成交时间,成交价,涨跌幅,价格变动,成交量(手),成交额(元),性质
09:23:57,0.0,-100.00%,--,0,0,中性盘
09:24:54,0.0,-100.00%,--,0,0,卖盘
09:25:00,221.09,-0.97%,+221.09,157,3483936,卖盘
09:25:00,221.09,-0.97%,--,157,3483936,--
09:25:00,221.09,-0.97%,--,157,3483936,中性盘
09:30:01,221.11,-0.96%,+0.02,91,2013207,买盘
09:30:04,222.98,-0.12%,+1.87,71,1596091,中性盘
09:30:07,221.11,-0.96%,-1.87,71,1588454,卖盘
09:30:10,221.14,-0.95%,+0.03,90,2002865,中性盘
09:30:13,221.15,-0.94%,+0.01,91,2031484,中性盘
09:30:16,221.11,-0.96%,-0.04,29,644315,卖盘
09:30:19,221.2,-0.92%,+0.09,147,3255179,买盘
09:30:22,221.2,-0.92%,--,67,1493100,卖盘
09:30:25,221.09,-0.97%,-0.11,40,887234,卖盘
09:30:28,220.91,-1.05%,-0.18,47,1055287,卖盘
09:30:31,220.81,-1.09%,-0.1,80,1782378,卖盘
09:30:34,220.12,-1.40%,-0.69,34,766898,卖盘
09:30:37,220.07,-1.42%,-0.05,137,3031684,卖盘
09:30:40,220.0,-1.46%,-0.07,110,2439360,卖盘
09:30:43,219.6,-1.63%,-0.4,53,1167174,卖盘
09:30:46,219.5,-1.68%,-0.1,64,1419507,卖盘
09:30:49,219.1,-1.86%,-0.4,84,1847451,卖盘
09:30:52,219.2,-1.81%,+0.1,40,885349,买盘
09:30:55,218.97,-1.92%,-0.23,57,1250319,卖盘
09:30:58,218.8,-1.99%,-0.17,71,1565733,卖盘
09:31:01,218.1,-2.31%,-0.7,30,662370,卖盘
09:31:04,217.77,-2.45%,-0.33,23,508493,卖盘
09:31:07,217.77,-2.45%,--,53,1164634,卖盘
09:31:10,217.76,-2.46%,-0.01,135,2954350,买盘
09:31:13,217.12,-2.75%,-0.64,68,1494654,卖盘
09:31:16,217.31,-2.66%,+0.19,96,2086176,买盘
09:31:19,217.31,-2.66%,--,57,1250184,买盘
09:31:22,217.4,-2.62%,+0.09,46,1011562,中性盘
09:31:25,217.97,-2.37%,+0.57,86,1896121,买盘
09:31:28,217.77,-2.45%,-0.2,19,416376,中性盘
09:31:31,217.97,-2.37%,+0.2,50,1092902,买盘
09:31:34,218.5,-2.13%,+0.53,100,2195051,买盘
09:31:37,218.8,-1.99%,+0.3,18,393840,买盘
09:31:40,218.27,-2.23%,-0.53,41,905384,卖盘
09:31:43,219.42,-1.72%,+1.15,54,1196278,买盘
09:31:46,219.77,-1.56%,+0.35,16,353830,买盘
09:31:46,219.77,-1.56%,-0.35,16,353830,中性盘
09:31:49,219.42,-1.72%,-0.35,63,1390903,卖盘
09:31:52,219.77,-1.56%,+0.35,8,186145,中性盘
09:31:55,219.77,-1.56%,--,28,627883,卖盘
09:31:58,219.92,-1.49%,+0.15,40,881219,买盘
09:32:01,219.92,-1.49%,--,20,448197,卖盘
09:32:04,219.9,-1.50%,-0.02,3,65970,中性盘
09:32:07,219.5,-1.68%,-0.4,35,787347,卖盘
09:32:10,219.7,-1.59%,+0.2,50,1098939,卖盘
09:32:13,219.42,-1.72%,-0.28,154,3385870,卖盘
09:32:16,220.0,-1.46%,+0.58,19,436260,卖盘
09:32:19,219.64,-1.62%,-0.36,11,241604,卖盘
09:32:22,219.8,-1.55%,+0.16,2,43960,中性盘
09:32:25,219.99,-1.46%,+0.19,23,527096,买盘
09:32:28,219.99,-1.46%,--,21,478918,卖盘
09:32:31,219.9,-1.50%,-0.09,36,795378,卖盘
09:32:34,220.0,-1.46%,+0.1,41,905300,买盘
09:32:37,220.0,-1.46%,--,63,1403820,买盘
09:32:40,220.01,-1.45%,+0.01,19,434300,中性盘
09:32:43,220.47,-1.25%,+0.46,2,52031,买盘
09:32:46,220.41,-1.27%,-0.06,5,110205,中性盘
09:32:49,220.05,-1.43%,-0.36,6,132030,中性盘
09:32:52,220.04,-1.44%,-0.01,2,62051,卖盘
09:32:55,220.03,-1.44%,-0.01,3,66009,卖盘
09:32:58,220.37,-1.29%,+0.34,35,778788,买盘
09:33:01,220.3,-1.32%,-0.07,8,176240,买盘
09:33:04,220.27,-1.33%,-0.03,11,262342,中性盘
09:33:07,220.01,-1.45%,-0.26,68,1515869,卖盘
09:33:10,219.9,-1.50%,-0.11,174,3831977,卖盘
09:33:13,219.86,-1.52%,-0.04,8,180945,卖盘
09:33:16,219.77,-1.56%,-0.09,37,824357,中性盘
09:33:19,219.0,-1.90%,-0.77,30,667512,卖盘
09:33:22,219.49,-1.68%,+0.49,6,134767,中性盘
09:33:25,219.01,-1.90%,-0.48,9,208498,卖盘
09:33:28,219.0,-1.90%,-0.01,26,569400,卖盘
09:33:31,219.5,-1.68%,+0.5,67,1489747,买盘
09:33:34,218.95,-1.93%,-0.55,10,235152,中性盘
09:33:37,218.86,-1.97%,-0.09,14,321505,卖盘
09:33:40,218.0,-2.35%,-0.86,30,662720,卖盘
09:33:43,218.0,-2.35%,--,18,400248,卖盘
09:33:46,218.01,-2.35%,+0.01,22,498807,中性盘
09:33:49,218.0,-2.35%,-0.01,107,2338704,卖盘
09:33:52,218.0,-2.35%,--,61,1350510,买盘
09:33:55,218.09,-2.31%,+0.09,178,3887672,中性盘
09:33:58,218.16,-2.28%,+0.07,3,71993,中性盘
09:34:01,218.0,-2.35%,-0.16,73,1596414,卖盘
09:34:04,218.79,-2.00%,+0.79,190,4159198,买盘
09:34:07,218.78,-2.00%,-0.01,49,1072678,卖盘
09:34:10,218.73,-2.02%,-0.05,73,1611165,买盘
09:34:13,218.73,-2.02%,--,63,1388936,买盘
09:34:16,218.73,-2.02%,--,137,3002069,买盘
09:34:19,218.73,-2.02%,--,37,828331,卖盘
09:34:22,218.73,-2.02%,--,73,1607228,买盘
09:34:25,218.74,-2.02%,+0.01,32,703905,中性盘
09:34:28,219.4,-1.72%,+0.66,142,3115480,买盘
09:34:31,218.73,-2.02%,-0.67,15,343406,卖盘
09:34:34,218.74,-2.02%,+0.01,59,1309378,买盘
09:34:37,219.0,-1.90%,+0.26,78,1719807,买盘
09:34:40,218.74,-2.02%,-0.26,20,439886,卖盘
09:34:43,218.69,-2.04%,-0.05,38,845018,卖盘
09:34:46,218.74,-2.02%,+0.05,32,712217,买盘
09:34:49,219.15,-1.84%,+0.41,24,539766,买盘
09:34:52,219.15,-1.84%,--,58,1280932,买盘
09:34:55,218.91,-1.94%,-0.24,55,1214294,卖盘
09:34:58,219.5,-1.68%,+0.59,21,476096,买盘
09:35:01,219.48,-1.69%,-0.02,42,923791,中性盘
09:35:04,218.85,-1.97%,-0.63,51,1131017,卖盘
09:35:07,218.85,-1.97%,--,97,2124377,买盘
09:35:10,218.98,-1.91%,+0.13,62,1359209,中性盘
09:35:10,218.98,-1.91%,--,62,1359209,中性盘
09:35:13,219.39,-1.73%,+0.41,22,482658,中性盘
09:35:16,218.33,-2.20%,-1.06,101,2210155,卖盘
09:35:19,218.0,-2.35%,-0.33,59,1289034,卖盘
09:35:22,218.0,-2.35%,--,40,872654,卖盘
09:35:25,218.1,-2.31%,+0.1,63,1393659,买盘
09:35:28,218.15,-2.28%,+0.05,37,824389,买盘
09:35:31,218.0,-2.35%,-0.15,48,1051196,卖盘
09:35:34,218.18,-2.27%,+0.18,13,290398,买盘
09:35:37,218.85,-1.97%,+0.67,107,2358984,买盘
09:35:40,218.82,-1.98%,-0.03,26,568932,卖盘
09:35:43,218.91,-1.94%,+0.09,24,525384,买盘
09:35:46,218.91,-1.94%,--,3,76619,卖盘
09:35:49,218.31,-2.21%,-0.6,41,901402,卖盘
09:35:52,218.96,-1.92%,+0.65,7,158746,中性盘
09:35:55,219.03,-1.89%,+0.07,33,728056,中性盘
09:35:58,218.91,-1.94%,-0.12,6,131346,卖盘
09:36:01,218.91,-1.94%,--,20,437820,买盘
09:36:04,218.91,-1.94%,--,25,563693,买盘
09:36:07,218.46,-2.15%,-0.45,30,661934,卖盘
09:36:10,218.32,-2.21%,-0.14,35,779839,卖盘
09:36:13,218.45,-2.15%,+0.13,33,742075,买盘
09:36:16,218.91,-1.94%,+0.46,44,977214,买盘
09:36:19,219.03,-1.89%,+0.12,17,377608,买盘
09:36:22,219.04,-1.89%,+0.01,47,1042411,买盘
09:36:25,219.37,-1.74%,+0.33,30,666446,买盘
09:36:28,219.37,-1.74%,--,56,1233737,卖盘
09:36:31,219.38,-1.73%,+0.01,50,1100191,买盘
09:36:34,219.73,-1.58%,+0.35,28,615244,买盘
09:36:37,219.87,-1.51%,+0.14,63,1394196,买盘
09:36:40,219.89,-1.51%,+0.02,41,918920,买盘
09:36:43,220.1,-1.41%,+0.21,76,1684425,买盘
09:36:46,220.46,-1.25%,+0.36,79,1741634,买盘
09:36:49,220.46,-1.25%,--,36,796963,卖盘
09:36:52,220.47,-1.25%,+0.01,58,1288647,中性盘
09:36:55,220.37,-1.29%,-0.1,45,998717,中性盘
09:36:58,219.1,-1.86%,-1.27,54,1184893,卖盘
09:37:01,219.83,-1.53%,+0.73,21,468238,中性盘
09:37:04,220.4,-1.28%,+0.57,53,1173630,买盘
09:37:07,220.24,-1.35%,-0.16,78,1724479,中性盘
09:37:10,219.89,-1.51%,-0.35,77,1709425,中性盘
09:37:13,219.83,-1.53%,-0.06,81,1792274,卖盘
09:37:16,219.84,-1.53%,+0.01,34,766362,买盘
09:37:19,219.46,-1.70%,-0.38,31,690202,卖盘
09:37:22,220.02,-1.45%,+0.56,48,1064237,买盘
09:37:25,220.02,-1.45%,--,13,306928,卖盘
09:37:28,220.3,-1.32%,+0.28,24,536871,买盘
09:37:31,220.3,-1.32%,--,11,245414,买盘
09:37:34,220.84,-1.08%,+0.54,8,189702,买盘
09:37:37,220.38,-1.29%,-0.46,35,771991,买盘
09:37:40,220.33,-1.31%,-0.05,45,995451,卖盘
09:37:43,220.38,-1.29%,+0.05,47,1054959,卖盘
09:37:46,220.22,-1.36%,-0.16,50,1101100,卖盘
09:37:49,220.22,-1.36%,--,17,389349,卖盘
09:37:52,220.17,-1.38%,-0.05,41,918329,中性盘
09:37:55,220.21,-1.36%,+0.04,26,575189,买盘
09:37:58,220.32,-1.31%,+0.11,19,429183,买盘
09:38:01,220.32,-1.31%,--,49,1090804,买盘
09:38:04,219.13,-1.85%,-1.19,70,1546839,卖盘
09:38:07,219.89,-1.51%,+0.76,48,1073063,中性盘
09:38:10,219.08,-1.87%,-0.81,35,785183,中性盘
09:38:13,219.0,-1.90%,-0.08,15,348867,卖盘
09:38:16,218.95,-1.93%,-0.05,30,677869,卖盘
09:38:19,219.04,-1.89%,+0.09,13,296799,买盘
09:38:22,218.95,-1.93%,-0.09,19,426734,卖盘
09:38:25,218.95,-1.93%,--,4,94149,卖盘
09:38:28,219.14,-1.84%,+0.19,7,164136,买盘
09:38:31,218.64,-2.06%,-0.5,11,242034,卖盘
09:38:34,218.65,-2.06%,+0.01,18,394226,中性盘
09:38:34,218.65,-2.06%,--,18,394226,中性盘
09:38:37,218.65,-2.06%,--,6,152180,卖盘
09:38:40,218.65,-2.06%,--,30,662947,卖盘
09:38:43,218.66,-2.06%,+0.01,16,369973,卖盘
09:38:46,219.0,-1.90%,+0.34,12,279444,买盘
09:38:49,218.66,-2.06%,-0.34,23,512539,卖盘
09:38:52,218.61,-2.08%,-0.05,15,349557,卖盘
09:38:55,218.34,-2.20%,-0.27,20,454584,卖盘
09:38:58,218.31,-2.21%,-0.03,26,575247,卖盘
09:39:01,218.31,-2.21%,--,26,569134,卖盘
09:39:04,218.31,-2.21%,--,45,993092,买盘
09:39:07,218.2,-2.26%,-0.11,58,1276470,卖盘
09:39:10,218.2,-2.26%,--,136,2971884,买盘
09:39:13,218.08,-2.32%,-0.12,132,2890650,卖盘
09:39:16,218.2,-2.26%,+0.12,103,2254879,卖盘
09:39:19,218.15,-2.28%,-0.05,80,1756544,卖盘
09:39:22,218.7,-2.04%,+0.55,26,568620,买盘
09:39:25,219.0,-1.90%,+0.3,46,1025139,买盘
09:39:28,218.65,-2.06%,-0.35,6,135126,卖盘
09:39:31,218.17,-2.28%,-0.48,29,634002,卖盘
09:39:34,218.65,-2.06%,+0.48,19,430085,买盘
09:39:37,218.17,-2.28%,-0.48,26,581205,卖盘
09:39:40,218.98,-1.91%,+0.81,27,600005,买盘
09:39:43,218.98,-1.91%,--,7,153724,买盘
09:39:46,219.0,-1.90%,+0.02,15,339450,买盘
09:39:49,218.98,-1.91%,-0.02,5,110366,卖盘
09:39:52,218.98,-1.91%,--,11,259272,卖盘
09:39:55,219.0,-1.90%,+0.02,24,539397,买盘
09:39:58,219.0,-1.90%,--,212,4661634,买盘
09:40:01,220.0,-1.46%,+1,13,306460,买盘
09:40:04,218.59,-2.09%,-1.41,136,2992934,卖盘
09:40:07,218.51,-2.12%,-0.08,24,545182,买盘
09:40:10,218.89,-1.95%,+0.38,36,801356,买盘
09:40:13,219.0,-1.90%,+0.11,26,575751,买盘
09:40:16,218.95,-1.93%,-0.05,26,569270,卖盘
09:40:19,219.02,-1.89%,+0.07,42,923826,买盘
09:40:22,219.9,-1.50%,+0.88,11,242110,买盘
09:40:25,219.29,-1.77%,-0.61,24,526296,卖盘
09:40:28,219.99,-1.46%,+0.7,5,110435,买盘
09:40:31,219.61,-1.63%,-0.38,34,765121,卖盘
09:40:34,220.0,-1.46%,+0.39,2,46640,买盘
09:40:37,219.9,-1.50%,-0.1,6,131940,卖盘
09:40:40,219.9,-1.50%,--,6,136998,买盘
09:40:43,219.26,-1.79%,-0.64,45,1003772,卖盘
09:40:46,218.96,-1.92%,-0.3,22,492660,卖盘
09:40:49,218.7,-2.04%,-0.26,39,862990,卖盘
09:40:52,218.7,-2.04%,--,18,398690,买盘
09:40:55,218.8,-1.99%,+0.1,2,43760,中性盘
09:40:58,218.95,-1.93%,+0.15,8,195303,买盘
09:41:01,219.34,-1.75%,+0.39,29,645518,买盘
09:41:04,219.43,-1.71%,+0.09,21,468044,买盘
09:41:07,219.52,-1.67%,+0.09,14,307767,买盘
09:41:10,219.43,-1.71%,-0.09,5,122661,卖盘
09:41:13,220.0,-1.46%,+0.57,52,1161600,买盘
09:41:16,220.44,-1.26%,+0.44,18,407814,买盘
09:41:19,220.96,-1.03%,+0.52,10,220960,买盘
09:41:22,220.96,-1.03%,--,14,326579,买盘
09:41:25,220.93,-1.04%,-0.03,8,188895,卖盘
09:41:28,220.97,-1.02%,+0.04,8,185615,买盘
09:41:31,220.98,-1.02%,+0.01,28,637085,中性盘
09:41:34,220.97,-1.02%,-0.01,228,5049827,中性盘
09:41:37,220.75,-1.12%,-0.22,4,88300,中性盘
09:41:40,220.0,-1.46%,-0.75,104,2298780,卖盘
09:41:43,220.3,-1.32%,+0.3,12,280001,中性盘
09:41:46,220.3,-1.32%,--,1,41637,卖盘
09:41:49,220.0,-1.46%,-0.3,17,378840,卖盘
09:41:52,219.43,-1.71%,-0.57,6,139338,卖盘
09:41:55,220.6,-1.19%,+1.17,97,2151512,买盘
09:41:58,220.32,-1.31%,-0.28,23,526565,买盘
09:42:01,220.06,-1.43%,-0.26,17,389066,中性盘
09:42:01,220.06,-1.43%,--,17,389066,中性盘
09:42:01,220.06,-1.43%,--,17,389066,买盘
09:42:04,219.97,-1.47%,-0.09,14,316097,卖盘
09:42:07,219.82,-1.54%,-0.15,34,762116,卖盘
09:42:10,219.79,-1.55%,-0.03,4,102642,中性盘
09:42:13,220.06,-1.43%,+0.27,52,1153775,买盘
09:42:16,219.65,-1.61%,-0.41,8,190217,中性盘
09:42:19,219.22,-1.81%,-0.43,8,184364,卖盘
09:42:22,218.92,-1.94%,-0.3,42,929753,卖盘
09:42:25,218.7,-2.04%,-0.22,28,616953,卖盘
09:42:28,218.69,-2.04%,-0.01,7,153083,卖盘
09:42:31,218.69,-2.04%,--,4,87476,买盘
09:42:34,218.78,-2.00%,+0.09,7,155553,中性盘
09:42:37,218.72,-2.03%,-0.06,12,280399,卖盘
09:42:40,219.01,-1.90%,+0.29,8,180245,买盘
09:42:43,218.99,-1.91%,-0.02,4,87596,中性盘
09:42:46,218.99,-1.91%,--,17,388050,买盘
09:42:49,218.84,-1.98%,-0.15,10,228688,卖盘
09:42:52,218.84,-1.98%,--,11,240724,买盘
09:42:55,218.83,-1.98%,-0.01,4,105038,买盘
09:42:58,218.83,-1.98%,--,1,38295,买盘
09:43:01,218.7,-2.04%,-0.13,44,975402,卖盘
09:43:04,218.5,-2.13%,-0.2,95,2089734,卖盘
09:43:07,218.66,-2.06%,+0.16,90,1980622,买盘
09:43:10,218.71,-2.03%,+0.05,26,580456,买盘
09:43:13,218.75,-2.02%,+0.04,44,962938,买盘
09:43:16,218.71,-2.03%,-0.04,22,487286,中性盘
09:43:19,218.75,-2.02%,+0.04,58,1278156,买盘
09:43:22,218.87,-1.96%,+0.12,35,780272,买盘
09:43:25,218.93,-1.94%,+0.06,6,132015,买盘
09:43:28,218.89,-1.95%,-0.04,22,481558,中性盘
09:43:31,219.07,-1.87%,+0.18,8,189934,买盘
09:43:34,219.22,-1.81%,+0.15,34,751486,买盘
09:43:37,218.87,-1.96%,-0.35,72,1596876,卖盘
09:43:40,218.87,-1.96%,--,0,0,卖盘
09:43:43,218.81,-1.99%,-0.06,34,756864,卖盘
09:43:46,218.93,-1.94%,+0.12,30,670364,买盘
09:43:49,218.8,-1.99%,-0.13,94,2056720,中性盘
09:43:52,218.92,-1.94%,+0.12,29,649536,中性盘
09:43:55,219.0,-1.90%,+0.08,2,43800,中性盘
09:43:58,218.92,-1.94%,-0.08,102,2248527,卖盘
09:44:01,219.2,-1.81%,+0.28,4,100174,买盘
09:44:04,218.9,-1.95%,-0.3,2,43780,卖盘
09:44:07,218.39,-2.18%,-0.51,42,920951,卖盘
09:44:10,218.2,-2.26%,-0.19,64,1397789,卖盘
09:44:13,218.12,-2.30%,-0.08,7,169479,卖盘
09:44:16,218.17,-2.28%,+0.05,42,918932,买盘
09:44:19,218.36,-2.19%,+0.19,60,1330904,买盘
09:44:22,218.5,-2.13%,+0.14,22,501895,买盘
09:44:25,218.36,-2.19%,-0.14,17,374924,卖盘
09:44:28,218.36,-2.19%,--,39,854006,卖盘
09:44:31,218.2,-2.26%,-0.16,30,666819,卖盘
09:44:34,218.45,-2.15%,+0.25,21,473163,买盘
09:44:37,218.19,-2.27%,-0.26,2,45384,卖盘
09:44:40,218.2,-2.26%,+0.01,25,553355,卖盘
09:44:43,218.2,-2.26%,--,3,65460,卖盘
09:44:46,218.2,-2.26%,--,41,913167,卖盘
09:44:49,218.31,-2.21%,+0.11,20,444916,买盘
09:44:52,218.19,-2.27%,-0.12,47,1034875,卖盘
09:44:55,218.8,-1.99%,+0.61,26,584415,买盘
09:44:58,218.5,-2.13%,-0.3,5,123016,卖盘
09:45:01,218.36,-2.19%,-0.14,13,299153,卖盘
09:45:04,218.21,-2.26%,-0.15,28,615789,卖盘
09:45:07,218.24,-2.24%,+0.03,19,426877,中性盘
09:45:10,218.9,-1.95%,+0.66,31,689097,买盘
09:45:13,218.88,-1.96%,-0.02,23,517870,中性盘
09:45:16,218.92,-1.94%,+0.04,42,929753,买盘
09:45:19,218.87,-1.96%,-0.05,61,1338171,卖盘
09:45:22,218.55,-2.11%,-0.32,19,415245,中性盘
09:45:25,218.96,-1.92%,+0.41,16,350336,买盘
09:45:25,218.96,-1.92%,--,16,350336,中性盘
09:45:28,218.87,-1.96%,-0.09,6,139420,卖盘
09:45:31,219.31,-1.76%,+0.44,24,535994,中性盘
09:45:34,219.3,-1.77%,-0.01,7,161624,中性盘
09:45:37,218.88,-1.96%,-0.42,23,509990,卖盘
09:45:40,218.96,-1.92%,+0.08,22,490470,买盘
09:45:43,218.88,-1.96%,-0.08,18,402301,卖盘
09:45:46,218.96,-1.92%,+0.08,2,43792,买盘
09:45:49,218.96,-1.92%,--,6,138821,买盘
09:45:52,219.0,-1.90%,+0.04,60,1321008,买盘
09:45:55,218.88,-1.96%,-0.12,11,247991,卖盘
09:45:58,219.0,-1.90%,+0.12,9,197100,买盘
09:46:01,219.2,-1.81%,+0.2,8,190266,买盘
09:46:04,219.3,-1.77%,+0.1,2,43860,买盘
09:46:07,219.41,-1.72%,+0.11,84,1850723,买盘
09:46:10,219.5,-1.68%,+0.09,110,2428548,买盘
09:46:13,220.1,-1.41%,+0.6,44,986268,买盘
09:46:16,220.0,-1.46%,-0.1,2,44000,卖盘
09:46:19,219.5,-1.68%,-0.5,34,766494,卖盘
09:46:22,219.5,-1.68%,--,24,545897,卖盘
09:46:28,219.5,-1.68%,--,19,426489,卖盘
09:46:31,220.0,-1.46%,+0.5,8,188540,买盘
09:46:34,220.0,-1.46%,--,2,48400,买盘
09:46:40,219.66,-1.61%,-0.34,48,1075455,中性盘
09:46:43,219.9,-1.50%,+0.24,15,348322,中性盘
09:46:46,219.9,-1.50%,--,8,186915,买盘
09:46:49,219.88,-1.51%,-0.02,34,755508,中性盘
09:46:52,219.9,-1.50%,+0.02,20,443318,卖盘
09:46:55,219.98,-1.46%,+0.08,12,267276,买盘
09:46:58,219.65,-1.61%,-0.33,36,809850,卖盘
09:47:01,219.7,-1.59%,+0.05,6,131820,中性盘
09:47:04,220.05,-1.43%,+0.35,17,387508,买盘
09:47:07,219.58,-1.64%,-0.47,25,561686,卖盘
09:47:10,220.27,-1.33%,+0.69,5,110135,中性盘
09:47:13,220.41,-1.27%,+0.14,2,44082,买盘
09:47:16,220.41,-1.27%,--,9,215341,买盘
09:47:19,220.5,-1.23%,+0.09,42,941976,买盘
09:47:22,220.05,-1.43%,-0.45,45,991325,卖盘
09:47:25,220.05,-1.43%,--,4,105844,卖盘
09:47:28,220.05,-1.43%,--,20,455063,中性盘
09:47:31,220.06,-1.43%,+0.01,18,400289,买盘
09:47:34,220.05,-1.43%,-0.01,27,595675,买盘
09:47:37,219.99,-1.46%,-0.06,4,95916,卖盘
09:47:40,219.99,-1.46%,--,2,43998,买盘
09:47:43,219.99,-1.46%,--,18,397522,买盘
09:47:46,220.06,-1.43%,+0.07,10,220940,买盘
09:47:49,220.06,-1.43%,--,2,44012,买盘
09:47:52,219.99,-1.46%,-0.07,5,115055,卖盘
09:47:55,220.07,-1.42%,+0.08,7,161531,买盘
09:47:58,220.36,-1.29%,+0.29,5,120317,买盘
09:48:01,220.07,-1.42%,-0.29,8,176056,卖盘
09:48:04,220.07,-1.42%,--,31,682217,卖盘
09:48:07,220.08,-1.42%,+0.01,51,1133852,买盘
09:48:10,220.17,-1.38%,+0.09,16,357996,买盘
09:48:13,220.07,-1.42%,-0.1,6,136443,卖盘
09:48:16,220.3,-1.32%,+0.23,32,718619,买盘
09:48:19,220.3,-1.32%,--,40,881861,买盘
09:48:22,220.3,-1.32%,--,20,450514,卖盘
09:48:25,220.36,-1.29%,+0.06,16,366238,中性盘
09:48:28,220.3,-1.32%,-0.06,16,354242,卖盘
09:48:31,220.3,-1.32%,--,3,77105,买盘
09:48:34,220.0,-1.46%,-0.3,13,286000,卖盘
09:48:37,220.48,-1.24%,+0.48,16,361146,买盘
09:48:43,220.48,-1.24%,--,56,1249240,卖盘
09:48:46,220.48,-1.24%,--,3,85767,卖盘
09:48:49,220.3,-1.32%,-0.18,16,363715,卖盘
09:52:13,219.89,-1.51%,--,62,1369035,中性盘
09:52:13,219.89,-1.51%,--,62,1369035,买盘
09:52:16,219.9,-1.50%,+0.01,10,219900,买盘
09:52:19,219.88,-1.51%,-0.02,26,571688,买盘
09:52:22,219.65,-1.61%,-0.23,30,663563,卖盘
09:52:25,219.5,-1.68%,-0.15,57,1266735,卖盘
09:52:28,219.28,-1.78%,-0.22,118,2589916,卖盘
09:52:31,219.24,-1.80%,-0.04,13,287204,卖盘
09:52:34,219.5,-1.68%,+0.26,89,1955526,买盘
09:52:37,219.51,-1.68%,+0.01,17,389191,买盘
09:52:40,219.15,-1.84%,-0.36,62,1362017,卖盘
09:52:43,219.5,-1.68%,+0.35,11,251547,卖盘
09:52:46,219.58,-1.64%,+0.08,43,956930,买盘
09:52:49,219.65,-1.61%,+0.07,62,1363807,买盘
09:52:52,219.8,-1.55%,+0.15,14,326403,买盘
09:52:55,219.68,-1.60%,-0.12,30,659040,中性盘
09:52:58,219.7,-1.59%,+0.02,29,651630,中性盘
09:53:01,219.63,-1.62%,-0.07,35,784079,买盘
09:53:04,220.24,-1.35%,+0.61,97,2148441,买盘
09:53:07,220.46,-1.25%,+0.22,43,960985,买盘
09:53:10,220.28,-1.33%,-0.18,9,207283,中性盘
09:53:13,220.49,-1.24%,+0.21,69,1533287,买盘
09:53:16,220.47,-1.25%,-0.02,2,44094,买盘
09:53:19,220.47,-1.25%,--,24,529128,买盘
09:53:22,220.47,-1.25%,--,6,149038,买盘
09:53:25,220.45,-1.25%,-0.02,2,45413,买盘
09:53:28,220.09,-1.42%,-0.36,7,155604,卖盘
09:53:34,220.43,-1.26%,+0.34,12,267602,买盘
09:53:37,220.4,-1.28%,-0.03,6,132240,中性盘
09:53:40,220.09,-1.42%,-0.31,15,351044,卖盘
09:53:43,220.09,-1.42%,--,17,380976,卖盘
09:53:46,220.08,-1.42%,-0.01,10,222941,卖盘
09:53:49,220.04,-1.44%,-0.04,2,45548,中性盘
09:53:52,219.88,-1.51%,-0.16,17,373796,卖盘
09:53:55,219.88,-1.51%,--,0,0,买盘
09:53:58,219.74,-1.57%,-0.14,12,279290,卖盘
09:54:01,219.74,-1.57%,--,7,164805,买盘
09:54:04,219.69,-1.59%,-0.05,50,1109215,卖盘
09:54:07,219.38,-1.73%,-0.31,101,2228243,卖盘
09:54:10,219.37,-1.74%,-0.01,9,208402,卖盘
09:54:13,219.32,-1.76%,-0.05,12,263184,中性盘
09:54:16,219.42,-1.72%,+0.1,89,1962712,买盘
09:54:19,219.42,-1.72%,--,10,223370,卖盘
09:54:22,219.37,-1.74%,-0.05,55,1210045,卖盘
09:54:25,219.32,-1.76%,-0.05,112,2467350,卖盘
09:54:28,219.27,-1.78%,-0.05,20,447749,卖盘
09:54:31,219.27,-1.78%,--,0,0,卖盘
09:54:34,219.27,-1.78%,--,6,137702,中性盘
09:54:37,219.69,-1.59%,+0.42,14,322285,买盘
09:54:40,219.7,-1.59%,+0.01,4,95130,买盘
09:54:43,219.41,-1.72%,-0.29,53,1169236,卖盘
09:54:46,219.41,-1.72%,--,0,0,卖盘
09:54:49,219.71,-1.59%,+0.3,2,43942,买盘
09:54:52,219.71,-1.59%,--,5,115567,买盘
09:54:55,219.82,-1.54%,+0.11,60,1319140,中性盘
09:54:58,219.81,-1.54%,-0.01,8,196071,中性盘
09:55:04,219.81,-1.54%,--,7,155186,买盘
09:55:07,219.71,-1.59%,-0.1,7,154896,卖盘
09:55:10,219.81,-1.54%,+0.1,79,1739796,买盘
09:55:13,219.35,-1.75%,-0.46,107,2348142,卖盘
09:55:16,219.75,-1.57%,+0.4,2,43950,卖盘
09:55:19,219.8,-1.55%,+0.05,3,65940,卖盘
09:55:22,219.98,-1.46%,+0.18,35,775210,买盘
09:55:25,219.98,-1.46%,--,28,631783,卖盘
09:55:28,219.99,-1.46%,+0.01,3,83816,卖盘
09:55:31,220.09,-1.42%,+0.1,33,726297,买盘
09:55:34,220.58,-1.20%,+0.49,34,757031,买盘
09:55:37,220.65,-1.16%,+0.07,18,416146,买盘
09:55:37,220.65,-1.16%,--,18,416146,中性盘
09:55:37,220.65,-1.16%,--,18,416146,卖盘
09:55:40,220.66,-1.16%,+0.01,2,44132,买盘
09:55:43,220.7,-1.14%,+0.04,2,44140,买盘
09:55:49,220.9,-1.05%,+0.2,22,494816,买盘
09:55:52,221.09,-0.97%,+0.19,57,1261761,买盘
09:55:55,221.09,-0.97%,--,17,397299,卖盘
09:55:58,221.07,-0.98%,-0.02,18,397926,买盘
09:56:01,221.08,-0.97%,+0.01,7,160725,中性盘
09:56:04,221.59,-0.74%,+0.51,22,505225,中性盘
09:56:07,221.62,-0.73%,+0.03,21,465402,买盘
09:56:10,221.5,-0.78%,-0.12,8,177422,中性盘
09:56:13,221.3,-0.87%,-0.2,8,181023,买盘
09:56:16,221.5,-0.78%,+0.2,3,66450,买盘
09:56:19,221.5,-0.78%,--,17,378987,买盘
09:56:22,221.51,-0.78%,+0.01,30,684909,买盘
09:56:25,221.0,-1.01%,-0.51,36,804219,卖盘
09:56:28,221.45,-0.81%,+0.45,14,325310,买盘
09:56:31,221.45,-0.81%,--,16,360299,买盘
09:56:34,221.44,-0.81%,-0.01,9,206604,中性盘
09:56:37,221.44,-0.81%,--,4,89462,买盘
09:56:40,221.45,-0.81%,+0.01,17,378237,买盘
09:56:43,221.45,-0.81%,--,13,305380,卖盘
09:56:46,221.45,-0.81%,--,12,266404,卖盘
09:56:49,221.49,-0.79%,+0.04,27,602674,中性盘
09:56:52,221.45,-0.81%,-0.04,14,329075,买盘
09:56:55,221.5,-0.78%,+0.05,39,864072,买盘
09:56:58,221.5,-0.78%,--,13,294595,卖盘
09:57:01,221.45,-0.81%,-0.05,37,820694,卖盘
09:57:04,221.45,-0.81%,--,6,152136,买盘
09:57:07,221.6,-0.74%,+0.15,67,1500232,卖盘
09:57:10,221.5,-0.78%,-0.1,13,298139,卖盘
09:57:13,221.45,-0.81%,-0.05,2,49826,卖盘
09:57:16,221.5,-0.78%,+0.05,26,575900,买盘
09:57:19,221.45,-0.81%,-0.05,7,162766,中性盘
09:57:22,221.38,-0.84%,-0.07,6,132828,中性盘
09:57:25,221.34,-0.86%,-0.04,10,235948,买盘
09:57:28,220.97,-1.02%,-0.37,35,778919,卖盘
09:57:31,221.29,-0.88%,+0.32,7,156895,买盘
09:57:34,221.12,-0.95%,-0.17,5,128692,卖盘
09:57:37,220.96,-1.03%,-0.16,15,351326,卖盘
09:57:40,220.7,-1.14%,-0.26,19,421978,卖盘
09:57:43,220.95,-1.03%,+0.25,7,154665,买盘
09:57:46,220.95,-1.03%,--,2,44190,买盘
09:57:49,220.95,-1.03%,--,1,41539,买盘
09:57:55,220.97,-1.02%,+0.02,0,7071,买盘
09:57:58,221.0,-1.01%,+0.03,5,110500,买盘
09:58:01,221.2,-0.92%,+0.2,4,88480,买盘
09:58:04,221.45,-0.81%,+0.25,18,415883,买盘
09:58:07,221.37,-0.84%,-0.08,2,44274,卖盘
09:58:10,221.0,-1.01%,-0.37,32,707200,卖盘
09:58:13,221.45,-0.81%,+0.45,5,113382,买盘
09:58:16,220.96,-1.03%,-0.49,4,109596,卖盘
09:58:19,221.0,-1.01%,+0.04,9,207961,买盘
09:58:22,220.95,-1.03%,-0.05,15,339379,卖盘
09:58:25,220.95,-1.03%,--,7,154665,买盘
09:58:28,221.0,-1.01%,+0.05,55,1222793,买盘
09:58:34,221.45,-0.81%,+0.45,23,516643,买盘
09:58:37,221.0,-1.01%,-0.45,5,110500,卖盘
09:58:40,221.45,-0.81%,+0.45,2,44290,买盘
09:58:43,221.44,-0.81%,-0.01,10,221440,买盘
09:58:46,221.0,-1.01%,-0.44,7,174148,卖盘
09:58:49,221.45,-0.81%,+0.45,11,243595,买盘
09:58:52,221.45,-0.81%,--,0,0,买盘
09:58:55,221.0,-1.01%,-0.45,4,100334,卖盘
09:59:04,221.43,-0.82%,+0.43,24,541175,买盘
09:59:07,221.6,-0.74%,+0.17,62,1376136,买盘
09:59:10,222.03,-0.55%,+0.43,111,2472970,买盘
09:59:13,222.22,-0.46%,+0.19,14,320219,买盘
09:59:16,222.5,-0.34%,+0.28,4,105465,买盘
09:59:19,222.23,-0.46%,-0.27,2,44446,中性盘
09:59:22,222.0,-0.56%,-0.23,48,1074702,卖盘
09:59:25,222.48,-0.34%,+0.48,65,1450125,买盘
09:59:28,222.48,-0.34%,--,9,204237,买盘
09:59:31,222.23,-0.46%,-0.25,27,605355,卖盘
09:59:34,222.56,-0.31%,+0.33,57,1288177,买盘
09:59:37,222.49,-0.34%,-0.07,0,12237,买盘
09:59:40,222.69,-0.25%,+0.2,2,44538,买盘
09:59:43,222.75,-0.22%,+0.06,4,89100,中性盘
09:59:46,222.78,-0.21%,+0.03,4,89112,买盘
09:59:49,222.75,-0.22%,-0.03,9,207380,买盘
09:59:52,222.8,-0.20%,+0.05,47,1048942,买盘
09:59:55,222.9,-0.16%,+0.1,17,395425,买盘
09:59:58,222.98,-0.12%,+0.08,3,78935,买盘
10:00:01,222.99,-0.12%,+0.01,13,300591,买盘
10:00:04,223.1,-0.07%,+0.11,92,2067468,买盘
10:00:07,223.2,-0.02%,+0.1,44,992347,买盘
10:00:10,223.49,+0.11%,+0.29,40,909157,中性盘
10:00:13,223.5,+0.11%,+0.01,22,509133,买盘
10:00:16,223.58,+0.15%,+0.08,34,768444,买盘
10:00:19,223.68,+0.19%,+0.1,73,1645837,买盘
10:00:22,223.58,+0.15%,-0.1,24,541287,买盘
10:00:25,223.78,+0.24%,+0.2,41,920183,中性盘
10:00:28,223.56,+0.14%,-0.22,111,2503648,卖盘
10:00:31,223.24,-0.00%,-0.32,38,859251,卖盘
10:00:34,222.7,-0.25%,-0.54,109,2446137,卖盘
10:00:37,222.46,-0.35%,-0.24,17,391530,卖盘
10:00:40,222.44,-0.36%,-0.02,21,473130,买盘
10:00:43,222.01,-0.56%,-0.43,16,372533,卖盘
10:00:49,222.69,-0.25%,+0.68,28,629545,买盘
10:00:52,222.03,-0.55%,-0.66,17,377451,卖盘
10:00:55,222.44,-0.36%,+0.41,2,44710,卖盘
10:00:58,222.69,-0.25%,+0.25,29,661612,买盘
10:01:01,222.69,-0.25%,--,4,89076,卖盘
10:01:04,223.1,-0.07%,+0.41,26,580060,买盘
10:01:07,223.08,-0.08%,-0.02,20,462668,卖盘
10:01:10,223.18,-0.03%,+0.1,33,740958,买盘
10:01:13,223.5,+0.11%,+0.32,38,857570,买盘
10:01:16,223.18,-0.03%,-0.32,39,878213,卖盘
10:01:19,223.48,+0.10%,+0.3,34,776816,中性盘
10:01:22,223.48,+0.10%,--,6,134088,买盘
10:01:25,223.48,+0.10%,--,19,446513,买盘
10:01:28,223.2,-0.02%,-0.28,34,778075,卖盘
10:01:31,222.69,-0.25%,-0.51,47,1061118,卖盘
10:01:34,223.0,-0.11%,+0.31,14,318221,买盘
10:01:37,223.0,-0.11%,--,49,1109871,买盘
10:01:40,223.06,-0.09%,+0.06,25,575272,买盘
10:01:43,223.08,-0.08%,+0.02,34,779442,买盘
10:01:46,223.07,-0.08%,-0.01,58,1297375,中性盘
10:01:49,223.01,-0.11%,-0.06,30,681296,卖盘
10:01:52,223.0,-0.11%,-0.01,20,456481,卖盘
10:01:55,222.81,-0.20%,-0.19,22,502214,卖盘
10:01:58,223.41,+0.07%,+0.6,10,223410,买盘
10:02:01,223.41,+0.07%,--,0,0,买盘
10:02:04,223.01,-0.11%,-0.4,18,419928,卖盘
10:02:07,222.81,-0.20%,-0.2,52,1173540,卖盘
10:02:10,223.0,-0.11%,+0.19,13,296367,买盘
10:02:13,222.99,-0.12%,-0.01,22,490578,买盘
10:02:16,222.71,-0.24%,-0.28,10,226051,卖盘
10:02:19,222.85,-0.18%,+0.14,11,264746,买盘
10:02:22,222.81,-0.20%,-0.04,15,345356,卖盘
10:02:25,222.01,-0.56%,-0.8,114,2532468,卖盘
10:02:25,222.01,-0.56%,--,114,2532468,中性盘
10:02:28,222.69,-0.25%,+0.68,36,801684,中性盘
10:02:31,222.71,-0.24%,+0.02,42,936496,买盘
10:02:34,222.68,-0.26%,-0.03,55,1234538,卖盘
10:02:37,222.69,-0.25%,+0.01,9,218014,买盘
10:02:40,222.66,-0.26%,-0.03,11,266969,中性盘
10:02:43,222.22,-0.46%,-0.44,28,622216,中性盘
10:02:46,222.1,-0.52%,-0.12,2,44420,卖盘
10:02:49,222.1,-0.52%,--,27,620547,卖盘
10:02:52,222.37,-0.39%,+0.27,2,44474,买盘
10:02:55,222.37,-0.39%,--,4,88948,买盘
10:02:58,221.61,-0.73%,-0.76,90,1997149,卖盘
10:03:01,221.07,-0.98%,-0.54,60,1338137,卖盘
10:03:04,221.02,-1.00%,-0.05,20,460164,卖盘
10:03:07,221.6,-0.74%,+0.58,2,44320,中性盘
10:03:10,221.61,-0.73%,+0.01,29,657960,买盘
10:03:13,221.61,-0.73%,--,4,88644,卖盘
10:03:16,221.86,-0.62%,+0.25,19,443054,买盘
10:03:19,222.0,-0.56%,+0.14,10,222000,买盘
10:03:25,221.84,-0.63%,-0.16,4,88736,卖盘
10:03:28,222.35,-0.40%,+0.51,46,1032816,买盘
10:03:34,221.84,-0.63%,-0.51,32,712550,卖盘
10:03:37,222.34,-0.41%,+0.5,46,1031658,中性盘
10:03:40,222.36,-0.40%,+0.02,15,333540,买盘
10:03:43,221.97,-0.57%,-0.39,7,155379,卖盘
10:03:46,222.43,-0.37%,+0.46,21,467103,买盘
10:03:49,222.0,-0.56%,-0.43,59,1327782,卖盘
10:03:52,222.43,-0.37%,+0.43,18,404155,中性盘
10:03:55,222.34,-0.41%,-0.09,4,108280,卖盘
10:03:58,222.0,-0.56%,-0.34,8,177600,卖盘
10:04:01,222.0,-0.56%,--,24,532800,卖盘
10:04:04,222.08,-0.52%,+0.08,9,213641,买盘
10:04:07,221.88,-0.61%,-0.2,14,315291,卖盘
10:04:10,221.97,-0.57%,+0.09,8,188009,买盘
10:04:13,221.97,-0.57%,--,12,275687,买盘
10:04:16,222.01,-0.56%,+0.04,12,275292,中性盘
10:04:19,221.88,-0.61%,-0.13,28,630805,卖盘
10:04:22,222.0,-0.56%,+0.12,87,1937838,买盘
10:04:28,221.88,-0.61%,-0.12,51,1147563,买盘
10:04:31,221.84,-0.63%,-0.04,13,302812,卖盘
10:04:34,221.84,-0.63%,--,39,886694,卖盘
10:04:37,221.84,-0.63%,--,6,154844,买盘
10:04:40,221.84,-0.63%,--,23,512007,买盘
10:04:43,221.84,-0.63%,--,22,499362,买盘
10:04:46,221.65,-0.72%,-0.19,11,243815,卖盘
10:04:49,221.6,-0.74%,-0.05,4,89083,卖盘
10:04:52,221.6,-0.74%,--,8,177280,卖盘
10:04:58,221.6,-0.74%,--,7,170410,卖盘
10:05:04,221.17,-0.93%,-0.43,4,88468,卖盘
10:05:07,221.6,-0.74%,+0.43,16,368299,买盘
10:05:10,221.16,-0.94%,-0.44,10,221160,卖盘
10:05:13,221.5,-0.78%,+0.34,2,44300,买盘
10:05:16,221.17,-0.93%,-0.33,18,398106,中性盘
10:05:19,221.58,-0.75%,+0.41,2,44316,中性盘
10:05:22,221.23,-0.90%,-0.35,56,1259462,卖盘
10:05:25,222.01,-0.56%,+0.78,11,264858,买盘
10:05:28,222.08,-0.52%,+0.07,8,181217,买盘
10:05:31,222.1,-0.52%,+0.02,6,138146,买盘
10:05:34,222.08,-0.52%,-0.02,3,66624,卖盘
10:05:37,222.1,-0.52%,+0.02,2,60411,买盘
10:05:40,222.37,-0.39%,+0.27,21,483432,买盘
10:05:43,222.08,-0.52%,-0.29,3,66624,卖盘
10:05:46,222.11,-0.51%,+0.03,4,108834,中性盘
10:05:49,222.11,-0.51%,--,6,143705,卖盘
10:05:49,222.11,-0.51%,--,6,143705,中性盘
10:05:52,222.11,-0.51%,--,0,0,卖盘
10:05:55,222.62,-0.28%,+0.51,5,113536,买盘
10:05:58,222.62,-0.28%,--,0,0,买盘
10:06:01,222.59,-0.30%,-0.03,3,81245,买盘
10:06:04,222.62,-0.28%,+0.03,4,90384,卖盘
10:06:07,222.36,-0.40%,-0.26,17,394911,卖盘
10:06:10,222.36,-0.40%,--,5,129636,买盘
10:06:13,222.23,-0.46%,-0.13,13,290010,买盘
10:06:16,222.1,-0.52%,-0.13,30,681181,卖盘
10:06:19,222.01,-0.56%,-0.09,7,168728,卖盘
10:06:22,222.01,-0.56%,--,8,183158,中性盘
10:06:25,222.0,-0.56%,-0.01,30,677988,买盘
10:06:28,221.6,-0.74%,-0.4,11,256391,卖盘
10:06:31,221.58,-0.75%,-0.02,13,296252,卖盘
10:06:34,221.6,-0.74%,+0.02,13,290518,买盘
10:06:37,221.58,-0.75%,-0.02,22,491908,卖盘
10:06:40,221.6,-0.74%,+0.02,11,243760,中性盘
10:06:43,221.6,-0.74%,--,0,0,卖盘
10:06:46,221.6,-0.74%,--,26,597434,卖盘
10:06:49,221.58,-0.75%,-0.02,10,221580,买盘
10:06:52,221.6,-0.74%,+0.02,14,312456,买盘
10:06:55,221.5,-0.78%,-0.1,17,393384,卖盘
10:06:58,222.0,-0.56%,+0.5,10,241314,买盘
10:07:01,222.0,-0.56%,--,47,1057608,买盘
10:07:04,222.0,-0.56%,--,13,301476,卖盘
10:07:07,222.0,-0.56%,--,17,393384,卖盘
10:07:13,221.81,-0.65%,-0.19,2,44362,卖盘
10:07:19,221.81,-0.65%,--,5,129759,卖盘
10:07:22,221.81,-0.65%,--,2,62550,买盘
10:07:25,221.51,-0.78%,-0.3,5,111641,卖盘
10:07:28,222.0,-0.56%,+0.49,2,48840,买盘
10:07:31,221.64,-0.72%,-0.36,2,58956,卖盘
10:07:34,221.52,-0.77%,-0.12,12,278451,卖盘
10:07:37,221.18,-0.93%,-0.34,39,867689,卖盘
10:07:40,221.57,-0.75%,+0.39,8,177478,买盘
10:07:43,221.18,-0.93%,-0.39,26,587896,卖盘
10:07:46,221.18,-0.93%,--,17,389056,卖盘
10:07:49,221.81,-0.65%,+0.63,14,322068,买盘
10:07:52,221.81,-0.65%,--,27,612417,买盘
10:07:55,221.99,-0.56%,+0.18,6,153173,买盘
10:07:58,221.81,-0.65%,-0.18,25,558739,卖盘
10:08:01,222.0,-0.56%,+0.19,54,1204572,买盘
10:08:04,222.22,-0.46%,+0.22,66,1479763,买盘
10:08:07,222.59,-0.30%,+0.37,4,89036,买盘
10:08:10,222.22,-0.46%,-0.37,6,133332,卖盘
10:08:13,222.58,-0.30%,+0.36,16,356128,买盘
10:08:16,222.32,-0.42%,-0.26,2,44464,中性盘
10:08:19,222.58,-0.30%,+0.26,7,155806,买盘
10:08:22,222.59,-0.30%,+0.01,41,912619,买盘
10:08:25,222.62,-0.28%,+0.03,74,1649837,买盘
10:08:28,223.0,-0.11%,+0.38,47,1063710,买盘
10:08:31,223.0,-0.11%,--,47,1063710,买盘
10:08:34,223.07,-0.08%,+0.07,15,355797,买盘
10:08:37,223.24,-0.00%,+0.17,14,316778,买盘
10:08:40,223.05,-0.09%,-0.19,59,1326924,卖盘
10:08:43,223.29,+0.02%,+0.24,60,1342419,买盘
10:08:46,223.25,0.00%,-0.04,33,741190,中性盘
10:08:49,223.37,+0.05%,+0.12,15,343766,中性盘
10:08:52,223.45,+0.09%,+0.08,28,637950,买盘
10:08:55,223.46,+0.09%,+0.01,5,130277,买盘
10:08:58,223.48,+0.10%,+0.02,34,760726,买盘
10:09:01,223.46,+0.09%,-0.02,34,760658,卖盘
10:09:04,223.68,+0.19%,+0.22,79,1770651,买盘
10:09:07,223.48,+0.10%,-0.2,21,473554,卖盘
10:09:10,223.74,+0.22%,+0.26,24,547044,买盘
10:09:13,223.88,+0.28%,+0.14,53,1186788,买盘
10:09:13,223.88,+0.28%,--,53,1186788,中性盘
10:09:16,223.9,+0.29%,+0.02,95,2133767,买盘
10:09:19,224.0,+0.34%,+0.1,24,556640,买盘
10:09:22,224.16,+0.41%,+0.16,36,808993,买盘
10:09:25,224.3,+0.47%,+0.14,44,1005986,买盘
10:09:28,224.5,+0.56%,+0.2,40,917981,买盘
10:09:31,224.54,+0.58%,+0.04,15,343097,中性盘
10:09:34,224.88,+0.73%,+0.34,39,899070,买盘
10:09:37,224.8,+0.69%,-0.08,9,222777,买盘
10:09:40,224.98,+0.77%,+0.18,28,650417,买盘
10:09:43,224.94,+0.76%,-0.04,7,158133,中性盘
10:09:46,224.94,+0.76%,--,45,1032700,买盘
10:09:49,224.72,+0.66%,-0.22,45,1020678,卖盘
10:09:52,224.5,+0.56%,-0.22,119,2674020,卖盘
10:09:55,224.51,+0.56%,+0.01,50,1133326,买盘
10:09:58,224.0,+0.34%,-0.51,148,3326176,卖盘
10:10:01,224.5,+0.56%,+0.5,36,814711,买盘
10:10:04,223.7,+0.20%,-0.8,75,1697659,卖盘
10:10:07,223.48,+0.10%,-0.22,30,677368,卖盘
10:10:10,223.7,+0.20%,+0.22,15,355236,买盘
10:10:13,223.7,+0.20%,--,29,648954,买盘
10:10:16,223.46,+0.09%,-0.24,12,274409,卖盘
10:10:19,223.45,+0.09%,-0.01,29,664093,卖盘
10:10:22,223.46,+0.09%,+0.01,8,178768,卖盘
10:10:25,223.46,+0.09%,--,14,333849,买盘
10:10:28,223.46,+0.09%,--,11,261448,买盘
10:10:31,223.31,+0.03%,-0.15,20,465155,卖盘
10:10:34,223.31,+0.03%,--,7,167259,买盘
10:10:37,223.7,+0.20%,+0.39,37,841112,买盘
10:10:40,223.46,+0.09%,-0.24,25,576303,卖盘
10:10:43,223.5,+0.11%,+0.04,48,1089786,买盘
10:10:46,223.33,+0.04%,-0.17,6,138018,中性盘
10:10:49,223.33,+0.04%,--,8,183354,卖盘
10:10:52,223.3,+0.02%,-0.03,21,486794,卖盘
10:10:55,223.3,+0.02%,--,25,569192,买盘
10:10:58,223.3,+0.02%,--,10,241387,买盘
10:11:01,223.25,0.00%,-0.05,53,1185904,卖盘
10:11:04,223.25,0.00%,--,44,983193,买盘
10:11:07,222.58,-0.30%,-0.67,85,1898607,卖盘
10:11:10,221.81,-0.65%,-0.77,41,911417,卖盘
10:11:13,222.0,-0.56%,+0.19,3,73038,买盘
10:11:16,222.22,-0.46%,+0.22,24,553106,买盘
10:11:19,221.81,-0.65%,-0.41,44,990160,卖盘
10:11:22,222.23,-0.46%,+0.42,9,211785,卖盘
10:11:25,222.0,-0.56%,-0.23,27,610944,卖盘
10:11:28,222.57,-0.30%,+0.57,11,261520,买盘
10:11:31,222.63,-0.28%,+0.06,7,173206,买盘
10:11:34,222.25,-0.45%,-0.38,22,488950,卖盘
10:11:37,222.57,-0.30%,+0.32,3,66771,卖盘
10:11:40,222.74,-0.23%,+0.17,14,315177,买盘
10:11:43,222.74,-0.23%,--,8,178192,卖盘
10:11:46,222.84,-0.18%,+0.1,9,211252,买盘
10:11:49,222.83,-0.19%,-0.01,2,48354,买盘
10:11:52,222.83,-0.19%,--,380,8471997,买盘
10:11:55,222.0,-0.56%,-0.83,19,430902,卖盘
10:11:58,222.0,-0.56%,--,18,413808,买盘
10:12:01,222.0,-0.56%,--,57,1271394,买盘
10:12:04,222.1,-0.52%,+0.1,28,643868,买盘
10:12:07,221.73,-0.68%,-0.37,122,2724840,卖盘
10:12:10,222.0,-0.56%,+0.27,56,1257852,买盘
10:12:13,222.0,-0.56%,--,127,2822730,买盘
10:12:16,222.0,-0.56%,--,375,8345868,买盘
10:12:19,222.07,-0.53%,+0.07,355,7898586,买盘
10:12:22,222.53,-0.32%,+0.46,6,133518,中性盘
10:12:25,222.53,-0.32%,--,1,29151,买盘
10:12:28,223.0,-0.11%,+0.47,14,331601,卖盘
10:12:31,223.06,-0.09%,+0.06,9,220383,买盘
10:12:34,223.06,-0.09%,--,7,171310,买盘
10:12:37,223.06,-0.09%,--,2,53981,卖盘
10:12:37,223.06,-0.09%,--,2,53981,中性盘
10:12:43,223.2,-0.02%,+0.14,10,232128,买盘
10:12:49,223.29,+0.02%,+0.09,4,92665,买盘
10:12:52,223.5,+0.11%,+0.21,4,103928,买盘
10:12:55,223.5,+0.11%,--,12,268200,卖盘
10:12:58,223.5,+0.11%,--,29,667148,卖盘
10:13:01,224.0,+0.34%,+0.5,8,190624,买盘
10:13:04,224.0,+0.34%,--,0,0,买盘
10:13:07,223.5,+0.11%,-0.5,84,1883211,卖盘
10:13:10,223.2,-0.02%,-0.3,50,1128499,卖盘
10:13:13,223.36,+0.05%,+0.16,3,82420,买盘
10:13:16,223.9,+0.29%,+0.54,18,408618,买盘
10:13:19,223.9,+0.29%,--,20,447800,买盘
10:13:22,223.49,+0.11%,-0.41,15,342387,中性盘
10:13:25,223.12,-0.06%,-0.37,6,142127,卖盘
10:13:28,223.2,-0.02%,+0.08,5,113162,卖盘
10:13:31,223.8,+0.25%,+0.6,22,507131,买盘
10:13:34,223.8,+0.25%,--,4,108543,买盘
10:13:37,223.8,+0.25%,--,4,95339,买盘
10:13:40,223.79,+0.24%,-0.01,8,183955,买盘
10:13:43,223.79,+0.24%,--,11,256016,买盘
10:13:46,223.49,+0.11%,-0.3,16,370099,卖盘
10:13:49,223.3,+0.02%,-0.19,16,366435,卖盘
10:13:52,223.49,+0.11%,+0.19,6,150185,中性盘
10:13:55,223.23,-0.01%,-0.26,49,1095166,卖盘
10:13:58,223.11,-0.06%,-0.12,26,597489,卖盘
10:14:01,223.47,+0.10%,+0.36,44,988855,买盘
10:14:04,223.51,+0.12%,+0.04,67,1512269,买盘
10:14:07,223.98,+0.33%,+0.47,49,1102206,买盘
10:14:10,224.0,+0.34%,+0.02,35,787136,买盘
10:14:13,224.5,+0.56%,+0.5,6,147946,买盘
10:14:22,224.02,+0.34%,-0.48,8,197138,卖盘
10:14:25,223.88,+0.28%,-0.14,32,735670,卖盘
10:14:28,224.0,+0.34%,+0.12,14,320992,买盘
10:14:31,224.0,+0.34%,--,26,603904,卖盘
10:14:34,223.8,+0.25%,-0.2,17,394783,中性盘
10:14:37,223.99,+0.33%,+0.19,10,239221,买盘
10:14:40,224.0,+0.34%,+0.01,24,555072,买盘
10:14:43,224.3,+0.47%,+0.3,21,471030,买盘
10:14:46,224.5,+0.56%,+0.2,21,471450,买盘
10:14:52,224.5,+0.56%,--,0,0,买盘
10:14:55,224.24,+0.44%,-0.26,6,134544,买盘
10:14:58,224.01,+0.34%,-0.23,14,330415,卖盘
10:15:01,224.24,+0.44%,+0.23,9,205628,中性盘
10:15:04,224.5,+0.56%,+0.26,30,673500,买盘
10:15:07,224.24,+0.44%,-0.26,23,523376,卖盘
10:15:10,224.02,+0.34%,-0.22,31,716416,中性盘
10:15:13,224.02,+0.34%,--,0,0,卖盘
10:15:16,224.24,+0.44%,+0.22,15,349814,买盘
10:15:19,224.49,+0.56%,+0.25,54,1222348,买盘
10:15:22,224.6,+0.60%,+0.11,43,983523,买盘
10:15:25,224.6,+0.60%,--,12,269520,买盘
10:15:28,224.7,+0.65%,+0.1,53,1205740,买盘
10:15:31,224.88,+0.73%,+0.18,43,966984,买盘
10:15:34,224.81,+0.70%,-0.07,8,179848,中性盘
10:15:37,224.98,+0.77%,+0.17,42,958190,买盘
10:15:40,225.0,+0.78%,+0.02,88,1997775,买盘
10:15:43,225.0,+0.78%,--,160,3607650,买盘
10:15:46,225.0,+0.78%,--,143,3222225,买盘
10:15:49,225.08,+0.82%,+0.08,131,2953950,买盘
10:15:52,225.03,+0.80%,-0.05,8,199152,卖盘
10:15:55,225.1,+0.83%,+0.07,4,95668,中性盘
10:15:58,225.08,+0.82%,-0.02,31,703600,中性盘
10:16:01,225.21,+0.88%,+0.13,52,1176722,买盘
10:16:01,225.21,+0.88%,--,52,1176722,中性盘
10:16:04,225.21,+0.88%,--,8,183321,买盘
10:16:07,224.98,+0.77%,-0.23,61,1376203,卖盘
10:16:10,225.27,+0.90%,+0.29,48,1088955,买盘
10:16:13,225.26,+0.90%,-0.01,23,539498,买盘
10:16:16,225.3,+0.92%,+0.04,21,473130,买盘
10:16:19,225.3,+0.92%,--,53,1211213,买盘
10:16:22,225.4,+0.96%,+0.1,11,247940,买盘
10:16:25,225.5,+1.01%,+0.1,16,377713,买盘
10:16:28,225.5,+1.01%,--,38,859606,买盘
10:16:31,225.5,+1.01%,--,34,771661,买盘
10:16:34,225.5,+1.01%,--,29,659813,卖盘
10:16:37,225.5,+1.01%,--,103,2335955,买盘
10:16:40,225.55,+1.03%,+0.05,32,743864,买盘
10:16:43,225.4,+0.96%,-0.15,36,824964,卖盘
10:16:46,225.4,+0.96%,--,14,327055,买盘
10:16:49,225.4,+0.96%,--,9,222921,买盘
10:16:52,225.47,+0.99%,+0.07,17,402464,买盘
10:16:55,225.47,+0.99%,--,121,2739461,买盘
10:16:58,225.49,+1.00%,+0.02,11,248039,中性盘
10:17:01,225.58,+1.04%,+0.09,7,163094,买盘
10:17:04,225.66,+1.08%,+0.08,86,1951733,买盘
10:17:07,225.68,+1.09%,+0.02,18,409609,买盘
10:17:10,225.75,+1.12%,+0.07,29,671381,买盘
10:17:13,225.68,+1.09%,-0.07,8,187314,卖盘
10:17:16,225.77,+1.13%,+0.09,20,469150,买盘
10:17:19,225.77,+1.13%,--,55,1248734,买盘
10:17:22,225.8,+1.14%,+0.03,50,1134193,买盘
10:17:25,225.86,+1.17%,+0.06,17,389609,买盘
10:17:28,225.87,+1.17%,+0.01,14,335869,买盘
10:17:31,225.87,+1.17%,--,63,1432919,买盘
10:17:34,225.87,+1.17%,--,18,416278,卖盘
10:17:37,225.88,+1.18%,+0.01,32,730722,买盘
10:17:40,225.9,+1.19%,+0.02,29,671149,买盘
10:17:43,225.96,+1.21%,+0.06,25,584107,买盘
10:17:46,225.98,+1.22%,+0.02,20,452412,买盘
10:17:49,225.99,+1.23%,+0.01,2,45198,中性盘
10:17:52,226.0,+1.23%,+0.01,33,753936,买盘
10:17:55,226.0,+1.23%,--,110,2500238,买盘
10:17:58,226.08,+1.27%,+0.08,13,315156,买盘
10:18:01,226.1,+1.28%,+0.02,2,45220,买盘
10:18:04,226.2,+1.32%,+0.1,6,152685,买盘
10:18:07,226.29,+1.36%,+0.09,58,1333527,买盘
10:18:10,226.29,+1.36%,--,35,806498,买盘
10:18:13,226.3,+1.37%,+0.01,38,859940,买盘
10:18:16,226.5,+1.46%,+0.2,23,526613,买盘
10:18:19,226.5,+1.46%,--,45,1021515,买盘
10:18:22,226.3,+1.37%,-0.2,4,95046,卖盘
10:18:25,226.1,+1.28%,-0.2,98,2226633,卖盘
10:18:28,226.1,+1.28%,--,88,2003246,卖盘
10:18:31,225.95,+1.21%,-0.15,79,1792235,卖盘
10:18:34,225.76,+1.12%,-0.19,53,1207139,卖盘
10:18:37,225.55,+1.03%,-0.21,7,162396,卖盘
10:18:40,225.5,+1.01%,-0.05,5,115456,卖盘
10:18:43,225.5,+1.01%,--,4,90200,买盘
10:18:46,225.3,+0.92%,-0.2,73,1645366,卖盘
10:18:49,225.1,+0.83%,-0.2,17,395276,卖盘
10:18:52,225.0,+0.78%,-0.1,13,292500,中性盘
10:18:55,225.1,+0.83%,+0.1,2,45245,买盘
10:18:58,225.0,+0.78%,-0.1,24,544725,卖盘
10:19:01,225.0,+0.78%,--,7,158400,买盘
10:19:04,225.0,+0.78%,--,2,45000,买盘
10:19:07,224.88,+0.73%,-0.12,2,44976,中性盘
10:19:10,224.8,+0.69%,-0.08,8,191080,中性盘
10:19:13,224.77,+0.68%,-0.03,8,191055,卖盘
10:19:16,224.77,+0.68%,--,16,361205,卖盘
10:19:19,224.61,+0.61%,-0.16,28,636545,卖盘
10:19:22,224.24,+0.44%,-0.37,109,2448252,卖盘
10:19:25,224.02,+0.34%,-0.22,11,264120,卖盘
10:19:25,224.02,+0.34%,-0.02,11,264120,中性盘
10:19:28,224.0,+0.34%,-0.02,7,163296,卖盘
10:19:31,224.0,+0.34%,--,6,135744,中性盘
10:19:34,223.68,+0.19%,-0.32,14,313152,卖盘
10:19:37,224.21,+0.43%,+0.53,15,339230,买盘
10:19:40,224.0,+0.34%,-0.21,2,52192,买盘
10:19:43,224.2,+0.43%,+0.2,3,79367,买盘
10:19:46,224.0,+0.34%,-0.2,2,44800,卖盘
10:19:49,224.0,+0.34%,--,17,380800,卖盘
10:19:52,224.21,+0.43%,+0.21,2,44842,买盘
10:19:55,224.21,+0.43%,--,7,174660,买盘
10:19:58,224.3,+0.47%,+0.09,28,632750,卖盘
10:20:01,224.3,+0.47%,--,2,44860,买盘
10:20:04,224.0,+0.34%,-0.3,62,1410976,卖盘
10:20:07,224.11,+0.39%,+0.11,47,1058247,买盘
10:20:10,224.3,+0.47%,+0.19,7,158132,买盘
10:20:13,224.3,+0.47%,--,0,0,买盘
10:20:16,224.11,+0.39%,-0.19,3,67233,中性盘
10:20:19,224.11,+0.39%,--,0,0,买盘
10:20:22,224.12,+0.39%,+0.01,7,156884,买盘
10:20:25,224.12,+0.39%,--,0,0,买盘
10:20:28,224.11,+0.39%,-0.01,9,201699,买盘
10:20:31,224.11,+0.39%,--,59,1327404,卖盘
10:20:34,224.11,+0.39%,--,2,44822,买盘
10:20:37,224.12,+0.39%,+0.01,6,134472,买盘
10:20:40,224.28,+0.46%,+0.16,5,127391,买盘
10:20:43,224.28,+0.46%,--,7,159239,买盘
10:20:46,224.12,+0.39%,-0.16,6,134472,卖盘
10:20:49,224.28,+0.46%,+0.16,10,241325,买盘
10:20:52,224.12,+0.39%,-0.16,18,418432,卖盘
10:20:58,224.28,+0.46%,+0.16,4,89712,买盘
10:21:01,224.12,+0.39%,-0.16,10,240257,卖盘
10:21:04,224.3,+0.47%,+0.18,26,597535,买盘
10:21:07,224.39,+0.51%,+0.09,26,584985,买盘
10:21:10,224.5,+0.56%,+0.11,10,233929,买盘
10:21:13,225.0,+0.78%,+0.5,19,436275,买盘
10:21:16,225.0,+0.78%,--,0,0,买盘
10:21:19,225.0,+0.78%,--,4,90000,买盘
10:21:22,225.0,+0.78%,--,4,111825,买盘
10:21:25,225.11,+0.83%,+0.11,2,45022,买盘
10:21:28,225.11,+0.83%,--,2,45022,买盘
10:21:31,225.11,+0.83%,--,12,270132,卖盘
10:21:34,225.12,+0.84%,+0.01,8,180096,中性盘
10:21:37,224.98,+0.77%,-0.14,8,184709,卖盘
10:21:40,225.12,+0.84%,+0.14,16,376626,买盘
10:21:43,225.1,+0.83%,-0.02,3,67530,买盘
10:21:46,224.91,+0.74%,-0.19,4,89964,中性盘
10:21:49,224.76,+0.68%,-0.15,7,158006,中性盘
10:21:52,224.87,+0.73%,+0.11,21,480322,买盘
10:21:55,224.87,+0.73%,--,2,54868,买盘
10:21:58,224.87,+0.73%,--,16,367887,买盘
10:22:01,224.87,+0.73%,--,0,0,买盘
10:22:04,224.73,+0.66%,-0.14,3,86746,卖盘
10:22:07,224.42,+0.52%,-0.31,224,5030374,卖盘
10:22:10,224.28,+0.46%,-0.14,22,493865,卖盘
10:22:13,224.41,+0.52%,+0.13,9,217902,买盘
10:22:16,224.28,+0.46%,-0.13,5,112140,卖盘
10:22:19,224.28,+0.46%,--,1,31623,卖盘
10:22:22,224.28,+0.46%,--,6,147801,买盘
10:22:25,224.27,+0.46%,-0.01,6,134562,中性盘
10:22:28,224.11,+0.39%,-0.16,58,1306785,卖盘
10:22:31,224.11,+0.39%,--,11,253244,卖盘
10:22:34,224.11,+0.39%,--,3,67457,卖盘
10:22:37,224.27,+0.46%,+0.16,4,89708,买盘
10:22:40,224.41,+0.52%,+0.14,14,322028,买盘
10:22:43,224.1,+0.38%,-0.31,8,179280,卖盘
10:22:46,223.9,+0.29%,-0.2,32,729690,卖盘
10:22:49,224.0,+0.34%,+0.1,7,165984,买盘
10:22:49,224.0,+0.34%,-0.1,7,165984,中性盘
10:22:52,223.9,+0.29%,-0.1,10,240693,卖盘
10:22:55,224.0,+0.34%,+0.1,5,115808,买盘
10:22:58,224.0,+0.34%,--,0,0,中性盘
10:23:01,224.0,+0.34%,--,6,134400,买盘
10:23:07,224.23,+0.44%,+0.23,29,660582,买盘
10:23:13,224.0,+0.34%,-0.23,3,67200,卖盘
10:23:19,224.23,+0.44%,+0.23,6,140144,买盘
10:23:22,224.23,+0.44%,--,0,448,卖盘
10:23:25,224.23,+0.44%,--,11,256968,买盘
10:23:28,224.16,+0.41%,-0.07,2,44832,买盘
10:23:37,224.0,+0.34%,-0.16,16,358400,卖盘
10:23:40,224.0,+0.34%,--,21,474880,卖盘
10:23:43,224.2,+0.43%,+0.2,18,403784,买盘
10:23:46,223.81,+0.25%,-0.39,31,709925,卖盘
10:23:49,223.79,+0.24%,-0.02,36,814819,卖盘
10:23:52,223.59,+0.15%,-0.2,26,585582,卖盘
10:23:55,223.5,+0.11%,-0.09,181,4047585,卖盘
10:23:58,223.78,+0.24%,+0.28,119,2672381,买盘
10:24:01,223.25,0.00%,-0.53,22,501866,卖盘
10:24:04,223.25,0.00%,--,22,505215,买盘
10:24:07,223.25,0.00%,--,27,603445,买盘
10:24:10,223.25,0.00%,--,88,1976209,买盘
10:24:13,223.5,+0.11%,+0.25,26,602556,买盘
10:24:16,223.9,+0.29%,+0.4,13,300698,买盘
10:24:25,223.79,+0.24%,-0.11,8,182836,买盘
10:24:28,223.79,+0.24%,--,0,0,买盘
10:24:31,223.79,+0.24%,--,4,89516,买盘
10:24:37,223.7,+0.20%,-0.09,5,111850,中性盘
10:24:40,223.7,+0.20%,--,7,156590,买盘
10:24:43,223.7,+0.20%,--,0,0,中性盘
10:24:46,223.5,+0.11%,-0.2,6,134100,买盘
10:24:49,223.45,+0.09%,-0.05,10,238421,卖盘
10:24:58,223.45,+0.09%,--,0,0,卖盘
10:25:01,223.5,+0.11%,+0.05,9,201150,卖盘
10:25:04,223.5,+0.11%,--,0,0,中性盘
10:25:07,223.33,+0.04%,-0.17,34,770042,卖盘
10:25:10,223.26,0.00%,-0.07,49,1115407,卖盘
10:25:13,223.26,0.00%,--,31,705278,卖盘
10:25:16,223.31,+0.03%,+0.05,2,44662,卖盘
10:25:19,223.31,+0.03%,--,0,0,中性盘
10:25:22,223.3,+0.02%,-0.01,2,44883,买盘
10:25:25,223.3,+0.02%,--,16,368222,卖盘
10:25:28,223.3,+0.02%,--,0,9379,买盘
10:25:34,223.3,+0.02%,--,0,0,卖盘
10:25:40,223.45,+0.09%,+0.15,10,230154,买盘
10:25:43,223.32,+0.03%,-0.13,2,60296,买盘
10:25:49,223.32,+0.03%,--,0,0,卖盘
10:25:52,223.7,+0.20%,+0.38,10,223700,买盘
10:25:58,223.7,+0.20%,--,2,44740,买盘
10:26:01,223.7,+0.20%,--,0,0,买盘
10:26:10,223.3,+0.02%,-0.4,97,2166233,卖盘
10:26:13,223.25,0.00%,-0.05,181,4047076,卖盘
10:26:13,223.25,0.00%,-0.38,181,4047076,中性盘
10:26:16,222.87,-0.17%,-0.38,186,4154743,卖盘
10:26:19,222.53,-0.32%,-0.34,10,222530,卖盘
10:26:22,222.5,-0.34%,-0.03,10,222723,卖盘
10:26:25,222.4,-0.38%,-0.1,2,44480,卖盘
10:26:28,222.22,-0.46%,-0.18,6,133332,卖盘
10:26:31,222.0,-0.56%,-0.22,232,5169048,卖盘
10:26:34,222.4,-0.38%,+0.4,16,375634,卖盘
10:26:37,222.4,-0.38%,--,23,517970,买盘
10:26:40,222.4,-0.38%,--,7,175474,卖盘
10:26:43,223.0,-0.11%,+0.6,13,297928,买盘
10:26:46,222.55,-0.31%,-0.45,2,49851,中性盘
10:26:49,223.0,-0.11%,+0.45,13,291015,买盘
10:26:52,222.54,-0.32%,-0.46,2,47846,卖盘
10:26:55,223.0,-0.11%,+0.46,2,44600,买盘
10:26:58,222.61,-0.29%,-0.39,6,146477,中性盘
10:27:01,223.0,-0.11%,+0.39,15,344312,买盘
10:27:04,223.0,-0.11%,--,94,2096200,买盘
10:27:07,222.81,-0.20%,-0.19,65,1459851,中性盘
10:27:10,223.0,-0.11%,+0.19,34,759315,买盘
10:27:13,222.84,-0.18%,-0.16,110,2464165,中性盘
10:27:16,223.29,+0.02%,+0.45,63,1410523,买盘
10:27:19,223.37,+0.05%,+0.08,28,640625,买盘
10:27:22,223.94,+0.31%,+0.57,2,44788,中性盘
10:27:25,224.0,+0.34%,+0.06,7,156800,买盘
10:27:31,224.0,+0.34%,--,9,204736,买盘
10:27:37,224.17,+0.41%,+0.17,4,89668,买盘
10:27:40,223.95,+0.31%,-0.22,11,257319,卖盘
10:27:43,224.0,+0.34%,+0.05,4,95648,买盘
10:27:46,223.9,+0.29%,-0.1,2,45228,卖盘
10:27:49,223.9,+0.29%,--,0,0,买盘
10:27:52,223.91,+0.30%,+0.01,10,223910,买盘
10:27:55,224.0,+0.34%,+0.09,3,67200,买盘
10:27:58,224.0,+0.34%,--,7,168000,买盘
10:28:01,223.91,+0.30%,-0.09,3,89116,卖盘
10:28:04,224.0,+0.34%,+0.09,8,179200,买盘
10:28:07,223.9,+0.29%,-0.1,5,111950,卖盘
10:28:10,223.91,+0.30%,+0.01,18,403262,买盘
10:28:13,223.91,+0.30%,--,0,0,买盘
10:28:16,223.99,+0.33%,+0.08,10,233398,买盘
10:28:19,223.98,+0.33%,-0.01,4,89592,中性盘
10:28:22,223.29,+0.02%,-0.69,28,640842,卖盘
10:28:25,223.29,+0.02%,--,20,446580,卖盘
10:28:31,223.55,+0.13%,+0.26,4,89420,买盘
10:28:34,223.55,+0.13%,--,30,681380,卖盘
10:28:37,223.59,+0.15%,+0.04,12,283289,买盘
10:28:43,223.68,+0.19%,+0.09,5,111840,买盘
10:28:46,223.68,+0.19%,--,2,48091,买盘
10:28:52,223.68,+0.19%,--,24,557411,买盘
10:28:55,223.61,+0.16%,-0.07,9,203485,中性盘
10:28:58,223.55,+0.13%,-0.06,6,134130,卖盘
10:29:01,223.36,+0.05%,-0.19,10,224030,卖盘
10:29:04,223.6,+0.16%,+0.24,32,729607,买盘
10:29:07,223.29,+0.02%,-0.31,98,2204319,卖盘
10:29:10,223.29,+0.02%,--,4,89316,卖盘
10:29:13,223.01,-0.11%,-0.28,2,44602,卖盘
10:29:16,223.01,-0.11%,--,52,1166119,买盘
10:29:19,223.3,+0.02%,+0.29,15,334950,买盘
10:29:22,223.3,+0.02%,--,6,133980,卖盘
10:29:25,223.3,+0.02%,--,3,70116,卖盘
10:29:28,223.1,-0.07%,-0.2,2,44620,卖盘
10:29:31,223.0,-0.11%,-0.1,15,334500,卖盘
10:29:34,223.09,-0.07%,+0.09,3,70720,买盘
10:29:37,223.26,0.00%,+0.17,16,361458,买盘
10:29:37,223.26,0.00%,-0.13,16,361458,中性盘
10:29:43,223.13,-0.05%,-0.13,12,274896,卖盘
10:29:46,223.0,-0.11%,-0.13,74,1654883,卖盘
10:29:49,223.0,-0.11%,--,31,704234,买盘
10:29:55,223.0,-0.11%,--,7,173494,买盘
10:29:58,223.0,-0.11%,--,22,490600,买盘
10:30:01,222.99,-0.12%,-0.01,3,72472,中性盘
10:30:04,222.68,-0.26%,-0.31,14,327340,卖盘
10:30:07,222.67,-0.26%,-0.01,20,445340,卖盘
10:30:10,222.04,-0.54%,-0.63,32,719410,卖盘
10:30:13,221.88,-0.61%,-0.16,136,3029106,卖盘
10:30:16,222.01,-0.56%,+0.13,80,1788513,买盘
10:30:19,222.1,-0.52%,+0.09,34,775573,买盘
10:30:22,222.15,-0.49%,+0.05,1,25547,买盘
10:30:25,222.16,-0.49%,+0.01,11,256595,卖盘
10:30:28,222.36,-0.40%,+0.2,5,121853,中性盘
10:30:31,222.5,-0.34%,+0.14,11,250313,买盘
10:30:34,222.36,-0.40%,-0.14,6,143422,卖盘
10:30:37,222.5,-0.34%,+0.14,9,202253,买盘
10:30:40,222.36,-0.40%,-0.14,23,527883,卖盘
10:30:43,222.62,-0.28%,+0.26,13,308997,买盘
10:30:46,222.62,-0.28%,--,9,219949,买盘
10:30:52,222.38,-0.39%,-0.24,5,118751,卖盘
10:30:55,222.38,-0.39%,--,8,181907,卖盘
10:30:58,222.2,-0.47%,-0.18,9,221756,卖盘
10:31:01,222.36,-0.40%,+0.16,7,172996,中性盘
10:31:07,222.36,-0.40%,--,2,44472,买盘
10:31:10,222.2,-0.47%,-0.16,7,155540,卖盘
10:31:13,222.38,-0.39%,+0.18,2,44476,买盘
10:31:16,222.38,-0.39%,--,0,0,中性盘
10:31:19,222.21,-0.47%,-0.17,26,594190,卖盘
10:31:22,222.2,-0.47%,-0.01,22,506172,卖盘
10:31:28,222.59,-0.30%,+0.39,10,223035,买盘
10:31:31,222.22,-0.46%,-0.37,2,44444,卖盘
10:31:34,222.55,-0.31%,+0.33,19,440872,中性盘
10:31:37,222.22,-0.46%,-0.33,2,45111,中性盘
10:31:40,222.54,-0.32%,+0.32,2,44508,买盘
10:31:43,222.54,-0.32%,--,0,0,买盘
10:31:46,222.23,-0.46%,-0.31,6,133338,卖盘
10:31:49,222.23,-0.46%,--,0,0,卖盘
10:31:52,222.53,-0.32%,+0.3,15,353155,买盘
10:31:55,222.6,-0.29%,+0.07,2,44520,买盘
10:31:58,222.65,-0.27%,+0.05,2,44530,买盘
10:32:01,223.0,-0.11%,+0.35,11,252882,买盘
10:32:04,223.0,-0.11%,--,3,66900,买盘
10:32:07,222.99,-0.12%,-0.01,13,289887,中性盘
10:32:10,223.0,-0.11%,+0.01,3,69799,买盘
10:32:13,223.0,-0.11%,--,12,289231,买盘
10:32:16,223.0,-0.11%,--,0,0,买盘
10:32:19,222.99,-0.12%,-0.01,3,66897,买盘
10:32:22,223.0,-0.11%,+0.01,26,600316,买盘
10:32:25,223.0,-0.11%,--,21,477220,买盘
10:32:31,223.0,-0.11%,--,20,460272,买盘
10:32:34,223.0,-0.11%,--,51,1146889,买盘
10:32:37,223.0,-0.11%,--,12,267600,买盘
10:32:40,223.0,-0.11%,--,41,934816,买盘
10:32:43,223.14,-0.05%,+0.14,234,5223707,买盘
10:32:46,223.01,-0.11%,-0.13,6,151201,卖盘
10:32:49,222.68,-0.26%,-0.33,23,518176,卖盘
10:32:52,223.0,-0.11%,+0.32,4,89200,卖盘
10:32:55,223.0,-0.11%,--,4,98789,卖盘
10:32:58,222.6,-0.29%,-0.4,10,237737,卖盘
10:33:01,222.6,-0.29%,--,4,93492,卖盘
10:33:04,223.21,-0.02%,+0.61,8,178568,买盘
10:33:04,223.21,-0.02%,--,8,178568,中性盘
10:33:04,223.21,-0.02%,--,8,178568,买盘
10:33:07,222.52,-0.33%,-0.69,11,249222,卖盘
10:33:10,222.52,-0.33%,--,11,249222,卖盘
10:33:16,222.52,-0.33%,--,8,194482,卖盘
10:33:19,222.18,-0.48%,-0.34,52,1155336,卖盘
10:33:22,222.41,-0.38%,+0.23,10,230862,中性盘
10:33:25,222.41,-0.38%,--,0,0,卖盘
10:33:28,222.46,-0.35%,+0.05,4,96103,卖盘
10:33:31,223.28,+0.01%,+0.82,36,816758,买盘
10:33:34,223.28,+0.01%,--,4,89312,买盘
10:33:37,222.7,-0.25%,-0.58,4,93979,卖盘
10:33:40,222.7,-0.25%,--,2,44540,买盘
10:33:43,222.7,-0.25%,--,17,387275,买盘
10:33:46,222.5,-0.34%,-0.2,49,1093365,卖盘
10:33:49,222.5,-0.34%,--,45,1004810,卖盘
10:33:52,222.36,-0.40%,-0.14,11,249710,卖盘
10:33:55,222.36,-0.40%,--,0,0,买盘
10:33:58,222.33,-0.41%,-0.03,4,88932,买盘
10:34:01,222.23,-0.46%,-0.1,8,185340,卖盘
10:34:04,222.33,-0.41%,+0.1,4,88932,买盘
10:34:07,222.2,-0.47%,-0.13,16,365297,卖盘
10:34:10,222.33,-0.41%,+0.13,4,88932,卖盘
10:34:13,222.34,-0.41%,+0.01,15,342848,卖盘
10:34:16,222.49,-0.34%,+0.15,6,133494,中性盘
10:34:19,222.33,-0.41%,-0.16,63,1411351,卖盘
10:34:22,222.7,-0.25%,+0.37,7,174820,买盘
10:34:28,222.7,-0.25%,--,11,257441,买盘
10:34:31,223.06,-0.09%,+0.36,27,614530,买盘
10:34:34,222.33,-0.41%,-0.73,24,551156,卖盘
10:34:37,222.33,-0.41%,--,0,0,卖盘
10:34:40,222.44,-0.36%,+0.11,35,793888,卖盘
10:34:43,222.98,-0.12%,+0.54,2,44596,买盘
10:34:46,223.28,+0.01%,+0.3,22,508409,中性盘
10:34:49,223.09,-0.07%,-0.19,2,44618,买盘
10:34:52,223.09,-0.07%,--,5,111991,卖盘
10:34:55,222.71,-0.24%,-0.38,5,114028,买盘
10:34:58,222.5,-0.34%,-0.21,23,511973,卖盘
10:35:04,222.5,-0.34%,--,12,275010,卖盘
10:35:07,222.71,-0.24%,+0.21,5,129172,买盘
10:35:10,222.5,-0.34%,-0.21,6,139063,卖盘
10:35:13,222.43,-0.37%,-0.07,78,1756085,卖盘
10:35:16,222.44,-0.36%,+0.01,4,88976,买盘
10:35:19,222.37,-0.39%,-0.07,18,412496,卖盘
10:35:22,222.18,-0.48%,-0.19,23,513014,卖盘
10:35:25,222.18,-0.48%,--,0,0,卖盘
10:35:28,222.15,-0.49%,-0.03,15,351663,卖盘
10:35:31,222.16,-0.49%,+0.01,8,177728,中性盘
10:35:34,222.01,-0.56%,-0.15,17,395400,卖盘
10:35:37,222.18,-0.48%,+0.17,10,222180,买盘
10:35:40,222.12,-0.51%,-0.06,2,44424,卖盘
10:35:43,222.0,-0.56%,-0.12,103,2297922,卖盘
10:35:46,221.99,-0.56%,-0.01,8,178036,中性盘
10:35:49,222.02,-0.55%,+0.03,12,279523,中性盘
10:35:52,222.37,-0.39%,+0.35,19,422503,买盘
10:35:55,222.03,-0.55%,-0.34,19,441396,中性盘
10:35:58,222.0,-0.56%,-0.03,3,83694,买盘
10:36:01,222.0,-0.56%,--,22,490620,卖盘
10:36:04,221.88,-0.61%,-0.12,15,342139,卖盘
10:36:07,221.88,-0.61%,--,0,0,卖盘
10:36:10,221.89,-0.61%,+0.01,7,174184,卖盘
10:36:13,222.02,-0.55%,+0.13,3,72823,卖盘
10:36:16,222.0,-0.56%,-0.02,27,601842,卖盘
10:36:19,222.0,-0.56%,--,7,155400,卖盘
10:36:22,222.37,-0.39%,+0.37,20,461418,买盘
10:36:25,222.0,-0.56%,-0.37,15,339882,卖盘
10:36:28,222.37,-0.39%,+0.37,9,207249,买盘
10:36:28,222.37,-0.39%,--,9,207249,中性盘
10:36:28,222.37,-0.39%,--,9,207249,买盘
10:36:31,222.37,-0.39%,--,75,1683341,买盘
10:36:34,222.38,-0.39%,+0.01,2,44698,买盘
10:36:37,222.38,-0.39%,--,0,0,卖盘
10:36:40,222.37,-0.39%,-0.01,6,146319,卖盘
10:36:43,222.4,-0.38%,+0.03,9,208611,卖盘
10:36:46,222.37,-0.39%,-0.03,12,272403,卖盘
10:36:49,222.97,-0.13%,+0.6,2,44594,中性盘
10:36:52,222.37,-0.39%,-0.6,5,116300,卖盘
10:36:55,222.37,-0.39%,--,0,0,卖盘
10:36:58,222.97,-0.13%,+0.6,9,220294,买盘
10:37:01,222.3,-0.43%,-0.67,6,153832,卖盘
10:37:04,222.8,-0.20%,+0.5,6,138136,买盘
10:37:07,222.31,-0.42%,-0.49,3,71806,卖盘
10:37:10,222.3,-0.43%,-0.01,18,411033,卖盘
10:37:13,222.3,-0.43%,--,2,44460,买盘
10:37:16,222.3,-0.43%,--,6,153165,买盘
10:37:19,222.3,-0.43%,--,3,73359,买盘
10:37:22,222.33,-0.41%,+0.03,0,22011,买盘
10:37:28,222.6,-0.29%,+0.27,4,89040,买盘
10:37:34,222.6,-0.29%,--,0,0,卖盘
10:37:37,222.79,-0.21%,+0.19,3,66837,买盘
10:37:43,222.61,-0.29%,-0.18,4,89044,卖盘
10:37:52,222.66,-0.26%,+0.05,2,44532,卖盘
10:37:55,222.61,-0.29%,-0.05,4,98171,卖盘
10:37:58,222.66,-0.26%,+0.05,6,144284,买盘
10:38:01,222.66,-0.26%,--,3,75927,买盘
10:38:04,222.79,-0.21%,+0.13,2,53692,买盘
10:38:07,222.97,-0.13%,+0.18,46,1037033,买盘
10:38:10,223.0,-0.11%,+0.03,14,332270,买盘
10:38:13,223.0,-0.11%,--,6,133800,买盘
10:38:16,222.8,-0.20%,-0.2,8,178240,卖盘
10:38:19,223.0,-0.11%,+0.2,1,31443,买盘
10:38:22,223.0,-0.11%,--,22,508440,卖盘
10:38:25,223.39,+0.06%,+0.39,14,324139,买盘
10:38:31,223.02,-0.10%,-0.37,5,116416,中性盘
10:38:34,223.5,+0.11%,+0.48,2,44700,买盘
10:38:37,223.51,+0.12%,+0.01,2,44702,卖盘
10:38:40,223.47,+0.10%,-0.04,2,44694,中性盘
10:38:43,223.51,+0.12%,+0.04,22,491722,买盘
10:38:46,223.5,+0.11%,-0.01,6,134100,卖盘
10:38:49,223.51,+0.12%,+0.01,2,44702,买盘
10:38:52,223.5,+0.11%,-0.01,2,44700,卖盘
10:38:55,223.5,+0.11%,--,14,322511,卖盘
10:38:58,223.5,+0.11%,--,15,353130,买盘
10:39:01,223.12,-0.06%,-0.38,4,94603,卖盘
10:39:04,223.49,+0.11%,+0.37,4,89396,买盘
10:39:07,223.5,+0.11%,+0.01,20,464433,买盘
10:39:10,223.17,-0.04%,-0.33,2,51775,卖盘
10:39:13,223.5,+0.11%,+0.33,15,335250,买盘
10:39:16,223.49,+0.11%,-0.01,4,103252,买盘
10:39:19,223.5,+0.11%,+0.01,52,1162200,买盘
10:39:22,223.34,+0.04%,-0.16,19,431270,卖盘
10:39:25,223.34,+0.04%,--,21,469014,卖盘
10:39:28,223.17,-0.04%,-0.17,15,341673,卖盘
10:39:31,223.12,-0.06%,-0.05,10,227582,卖盘
10:39:34,223.33,+0.04%,+0.21,14,312662,买盘
10:39:37,223.33,+0.04%,--,2,49579,卖盘
10:39:40,223.33,+0.04%,--,4,107198,卖盘
10:39:43,223.33,+0.04%,--,1,31490,卖盘
10:39:46,223.39,+0.06%,+0.06,2,44678,买盘
10:39:49,223.28,+0.01%,-0.11,4,94671,卖盘
10:39:49,223.28,+0.01%,-0.14,4,94671,中性盘
10:39:55,223.14,-0.05%,-0.14,49,1102535,卖盘
10:39:58,223.0,-0.11%,-0.14,69,1546728,卖盘
10:40:01,222.51,-0.33%,-0.49,16,364026,卖盘
10:40:04,222.99,-0.12%,+0.48,42,937673,买盘
10:40:07,222.46,-0.35%,-0.53,3,72077,卖盘
10:40:10,222.53,-0.32%,+0.07,17,388092,买盘
10:40:13,222.3,-0.43%,-0.23,2,56687,卖盘
10:40:16,222.51,-0.33%,+0.21,2,61190,买盘
10:40:19,222.51,-0.33%,--,12,285480,买盘
10:40:22,222.51,-0.33%,--,12,281253,卖盘
10:40:25,222.51,-0.33%,--,8,188911,卖盘
10:40:28,223.0,-0.11%,+0.49,6,144058,买盘
10:40:31,223.0,-0.11%,--,2,48837,买盘
10:40:40,223.0,-0.11%,--,12,278750,买盘
10:40:43,223.0,-0.11%,--,19,432620,买盘
10:40:46,223.0,-0.11%,--,6,152532,买盘
10:40:49,223.0,-0.11%,--,9,200923,卖盘
10:40:52,223.21,-0.02%,+0.21,2,44642,卖盘
10:40:55,223.0,-0.11%,-0.21,12,269161,卖盘
10:40:58,223.0,-0.11%,--,9,218094,卖盘
10:41:01,223.0,-0.11%,--,5,111500,卖盘
10:41:04,223.27,+0.01%,+0.27,14,319723,买盘
10:41:07,223.0,-0.11%,-0.27,9,216533,卖盘
10:41:10,223.23,-0.01%,+0.23,8,185058,中性盘
10:41:13,223.0,-0.11%,-0.23,34,765782,卖盘
10:41:16,223.0,-0.11%,--,17,383337,买盘
10:41:19,222.95,-0.13%,-0.05,2,44590,卖盘
10:41:22,223.0,-0.11%,+0.05,8,195125,买盘
10:41:25,223.0,-0.11%,--,46,1042748,买盘
10:41:28,223.24,-0.00%,+0.24,16,369016,买盘
10:41:31,223.25,0.00%,+0.01,5,120778,买盘
10:41:34,223.0,-0.11%,-0.25,6,139598,卖盘
10:41:40,223.0,-0.11%,--,0,0,中性盘
10:41:43,223.0,-0.11%,--,3,88308,卖盘
10:41:46,223.0,-0.11%,--,15,335615,卖盘
10:41:49,222.99,-0.12%,-0.01,36,808116,卖盘
10:41:52,223.0,-0.11%,+0.01,4,95444,买盘
10:41:55,223.24,-0.00%,+0.24,10,233732,买盘
10:41:58,223.0,-0.11%,-0.24,6,152755,卖盘
10:42:01,223.24,-0.00%,+0.24,4,89966,买盘
10:42:07,223.24,-0.00%,--,5,132381,买盘
10:42:10,223.25,0.00%,+0.01,6,155382,买盘
10:42:13,223.26,0.00%,+0.01,15,339132,买盘
10:42:16,223.24,-0.00%,-0.02,2,52908,卖盘
10:42:19,223.26,0.00%,+0.02,2,64299,买盘
10:42:22,223.24,-0.00%,-0.02,17,379954,卖盘
10:42:25,223.25,0.00%,+0.01,5,119439,买盘
10:42:31,223.25,0.00%,--,29,657471,买盘
10:42:34,223.25,0.00%,--,27,623537,买盘
10:42:37,223.25,0.00%,--,2,52017,买盘
10:42:40,223.01,-0.11%,-0.24,10,243527,中性盘
10:42:43,223.1,-0.07%,+0.09,5,112442,中性盘
10:42:46,223.25,0.00%,+0.15,4,98677,买盘
10:42:49,223.25,0.00%,--,10,227492,买盘
10:42:52,223.25,0.00%,--,4,110286,买盘
10:42:55,223.2,-0.02%,-0.05,1,29909,卖盘
10:43:04,223.2,-0.02%,--,4,89280,卖盘
10:43:07,223.2,-0.02%,--,2,44640,卖盘
10:43:10,223.2,-0.02%,--,1,38390,卖盘
10:43:13,223.1,-0.07%,-0.1,6,140776,卖盘
10:43:16,223.1,-0.07%,--,12,272405,中性盘
10:43:16,223.1,-0.07%,--,12,272405,卖盘
10:43:19,223.25,0.00%,+0.15,8,180609,买盘
10:43:22,223.0,-0.11%,-0.25,69,1550073,卖盘
10:43:25,222.81,-0.20%,-0.19,14,320624,卖盘
10:43:28,222.8,-0.20%,-0.01,7,172002,卖盘
10:43:31,222.8,-0.20%,--,4,101597,卖盘
10:43:34,222.8,-0.20%,--,7,161084,卖盘
10:43:37,222.8,-0.20%,--,57,1274193,卖盘
10:43:40,223.28,+0.01%,+0.48,21,480722,买盘
10:43:43,223.0,-0.11%,-0.28,27,604776,卖盘
10:43:46,223.31,+0.03%,+0.31,14,315760,买盘
10:43:49,223.31,+0.03%,--,9,214154,卖盘
10:43:52,223.33,+0.04%,+0.02,5,124395,买盘
10:43:55,223.4,+0.07%,+0.07,4,102987,买盘
10:43:58,223.0,-0.11%,-0.4,2,44823,卖盘
10:44:01,223.0,-0.11%,--,24,549918,卖盘
10:44:04,223.35,+0.04%,+0.35,11,258639,买盘
10:44:07,223.35,+0.04%,--,4,108101,买盘
10:44:10,223.0,-0.11%,-0.35,4,96782,卖盘
10:44:13,223.34,+0.04%,+0.34,11,249024,买盘
10:44:16,223.35,+0.04%,+0.01,5,127310,买盘
10:44:19,223.35,+0.04%,--,2,45787,买盘
10:44:22,223.35,+0.04%,--,4,100284,买盘
10:44:25,223.35,+0.04%,--,4,95147,买盘
10:44:28,222.9,-0.16%,-0.45,4,97184,卖盘
10:44:31,223.35,+0.04%,+0.45,2,49584,买盘
10:44:34,223.34,+0.04%,-0.01,4,94920,买盘
10:44:40,223.12,-0.06%,-0.22,2,58681,买盘
10:44:43,223.12,-0.06%,--,2,65597,买盘
10:44:46,222.99,-0.12%,-0.13,40,893744,卖盘
10:44:49,222.9,-0.16%,-0.09,8,181441,卖盘
10:44:52,222.99,-0.12%,+0.09,2,55525,买盘
10:44:55,223.0,-0.11%,+0.01,4,97451,买盘
10:44:58,222.9,-0.16%,-0.1,2,45472,卖盘
10:45:01,223.0,-0.11%,+0.1,5,124211,买盘
10:45:04,222.9,-0.16%,-0.1,6,155361,卖盘
10:45:10,222.9,-0.16%,--,0,0,卖盘
10:45:13,223.34,+0.04%,+0.44,2,46231,买盘
10:45:16,223.35,+0.04%,+0.01,14,320731,买盘
10:45:19,223.0,-0.11%,-0.35,4,106371,卖盘
10:45:22,222.91,-0.15%,-0.09,7,173647,卖盘
10:45:25,223.34,+0.04%,+0.43,8,198996,中性盘
10:45:28,222.93,-0.14%,-0.41,12,283121,卖盘
10:45:31,223.34,+0.04%,+0.41,6,134897,买盘
10:45:34,223.4,+0.07%,+0.06,6,134487,买盘
10:45:37,223.4,+0.07%,--,4,90477,买盘
10:45:40,223.34,+0.04%,-0.06,17,385485,卖盘
10:45:43,223.4,+0.07%,+0.06,13,296675,买盘
10:45:46,222.96,-0.13%,-0.44,2,49051,中性盘
10:45:52,222.96,-0.13%,--,0,0,卖盘
10:46:01,223.37,+0.05%,+0.41,12,278989,买盘
10:46:04,223.11,-0.06%,-0.26,12,274202,卖盘
10:46:07,223.02,-0.10%,-0.09,11,260041,卖盘
10:46:10,223.01,-0.11%,-0.01,7,171049,卖盘
10:46:13,223.0,-0.11%,-0.01,20,466962,卖盘
10:46:16,223.0,-0.11%,--,4,106817,卖盘
10:46:25,223.03,-0.10%,+0.03,10,223030,卖盘
10:46:28,223.03,-0.10%,--,2,44606,卖盘
10:46:40,223.37,+0.05%,+0.34,10,223370,买盘
10:46:40,223.37,+0.05%,--,10,223370,中性盘
10:46:43,223.37,+0.05%,--,0,0,买盘
10:46:46,223.37,+0.05%,--,5,125981,买盘
10:46:49,223.37,+0.05%,--,0,0,中性盘
10:46:52,223.35,+0.04%,-0.02,2,44670,买盘
10:46:55,223.03,-0.10%,-0.32,7,164819,卖盘
10:47:04,223.03,-0.10%,--,0,0,卖盘
10:47:07,223.35,+0.04%,+0.32,12,287005,买盘
10:47:10,223.05,-0.09%,-0.3,2,54201,卖盘
10:47:13,223.04,-0.09%,-0.01,4,89216,卖盘
10:47:22,223.04,-0.09%,--,0,0,卖盘
10:47:25,223.32,+0.03%,+0.28,2,44664,买盘
10:47:37,223.32,+0.03%,--,2,44664,买盘
10:47:40,223.32,+0.03%,--,0,0,买盘
10:47:43,223.04,-0.09%,-0.28,32,723319,卖盘
10:47:46,223.03,-0.10%,-0.01,60,1350670,卖盘
10:47:49,222.93,-0.14%,-0.1,32,718058,卖盘
10:47:52,222.91,-0.15%,-0.02,24,554377,卖盘
10:47:55,223.14,-0.05%,+0.23,12,277586,买盘
10:47:58,222.9,-0.16%,-0.24,4,106769,卖盘
10:48:07,222.9,-0.16%,--,3,86262,卖盘
10:48:13,223.13,-0.05%,+0.23,10,223130,买盘
10:48:22,223.13,-0.05%,--,2,44626,买盘
10:48:28,223.11,-0.06%,-0.02,3,66933,买盘
10:48:37,223.11,-0.06%,--,3,76973,买盘
10:48:43,223.11,-0.06%,--,0,0,买盘
10:48:46,223.12,-0.06%,+0.01,8,192999,买盘
10:48:49,223.1,-0.07%,-0.02,10,235147,卖盘
10:48:52,223.26,0.00%,+0.16,2,45768,买盘
10:48:58,223.26,0.00%,--,11,258758,买盘
10:49:01,223.27,+0.01%,+0.01,2,50236,买盘
10:49:07,223.27,+0.01%,--,14,324858,买盘
10:49:10,223.27,+0.01%,--,13,290921,买盘
10:49:13,223.27,+0.01%,--,9,200943,卖盘
10:49:16,223.29,+0.02%,+0.02,13,291840,买盘
10:49:19,223.29,+0.02%,--,4,99587,买盘
10:49:22,223.35,+0.04%,+0.06,34,776365,买盘
10:49:25,223.4,+0.07%,+0.05,11,248197,买盘
10:49:28,223.34,+0.04%,-0.06,18,417869,卖盘
10:49:37,223.58,+0.15%,+0.24,32,715680,买盘
10:49:40,223.61,+0.16%,+0.03,6,156303,买盘
10:49:43,223.58,+0.15%,-0.03,11,250410,买盘
10:49:46,223.58,+0.15%,--,0,0,买盘
10:49:55,223.62,+0.17%,+0.04,6,134172,买盘
10:49:58,223.62,+0.17%,--,8,198798,买盘
10:50:01,223.68,+0.19%,+0.06,2,59946,买盘
10:50:01,223.68,+0.19%,-0.01,2,59946,中性盘
10:50:07,223.67,+0.19%,-0.01,10,223670,卖盘
10:50:10,223.49,+0.11%,-0.18,32,728354,卖盘
10:50:13,223.64,+0.17%,+0.15,25,574531,买盘
10:50:16,223.4,+0.07%,-0.24,35,791283,卖盘
10:50:19,223.4,+0.07%,--,8,196592,买盘
10:50:22,223.4,+0.07%,--,8,192571,买盘
10:50:25,223.38,+0.06%,-0.02,7,163291,买盘
10:50:28,223.52,+0.12%,+0.14,54,1223772,买盘
10:50:31,223.52,+0.12%,--,32,724875,买盘
10:50:34,223.52,+0.12%,--,2,48727,买盘
10:50:37,223.3,+0.02%,-0.22,6,150281,中性盘
10:50:40,223.29,+0.02%,-0.01,4,98024,卖盘
10:50:43,223.0,-0.11%,-0.29,42,947081,卖盘
10:50:46,223.26,0.00%,+0.26,14,313011,买盘
10:50:49,223.29,+0.02%,+0.03,2,60958,买盘
10:50:58,223.25,0.00%,-0.04,6,135959,买盘
10:51:01,223.3,+0.02%,+0.05,2,57611,买盘
10:51:16,223.3,+0.02%,--,0,0,买盘
10:51:19,223.3,+0.02%,--,12,267960,买盘
10:51:22,223.28,+0.01%,-0.02,73,1646690,卖盘
10:51:25,223.59,+0.15%,+0.31,37,834661,买盘
10:51:28,223.67,+0.19%,+0.08,28,639696,买盘
10:51:31,223.68,+0.19%,+0.01,3,68670,买盘
10:51:34,223.68,+0.19%,--,3,71801,买盘
10:51:37,223.68,+0.19%,--,12,273113,买盘
10:51:40,223.8,+0.25%,+0.12,24,545177,买盘
10:51:43,223.8,+0.25%,--,9,221562,买盘
10:51:46,223.67,+0.19%,-0.13,8,183857,卖盘
10:51:49,223.6,+0.16%,-0.07,17,380120,卖盘
10:51:52,223.67,+0.19%,+0.07,10,235301,买盘
10:51:55,223.88,+0.28%,+0.21,12,272910,买盘
10:51:58,223.32,+0.03%,-0.56,5,133769,中性盘
10:52:01,223.74,+0.22%,+0.42,12,281912,中性盘
10:52:04,223.87,+0.28%,+0.13,4,109920,买盘
10:52:07,223.86,+0.27%,-0.01,4,98498,买盘
10:52:10,223.85,+0.27%,-0.01,4,89540,中性盘
10:52:13,223.42,+0.08%,-0.43,8,199291,卖盘
10:52:16,223.42,+0.08%,--,2,56749,卖盘
10:52:19,223.86,+0.27%,+0.44,8,181550,中性盘
10:52:22,223.86,+0.27%,--,20,463390,买盘
10:52:25,223.45,+0.09%,-0.41,6,144349,卖盘
10:52:28,223.6,+0.16%,+0.15,9,221811,中性盘
10:52:31,223.85,+0.27%,+0.25,38,851302,买盘
10:52:34,223.43,+0.08%,-0.42,8,179638,卖盘
10:52:37,223.6,+0.16%,+0.17,2,50534,卖盘
10:52:40,223.6,+0.16%,--,4,89440,卖盘
10:52:43,223.83,+0.26%,+0.23,2,44766,中性盘
10:52:46,223.84,+0.26%,+0.01,4,103414,买盘
10:52:49,223.84,+0.26%,--,0,0,买盘
10:52:52,223.76,+0.23%,-0.08,4,89504,买盘
10:52:55,223.61,+0.16%,-0.15,4,89444,卖盘
10:53:01,223.61,+0.16%,--,0,0,中性盘
10:53:04,223.77,+0.23%,+0.16,112,2506224,买盘
10:53:07,223.76,+0.23%,-0.01,21,488916,买盘
10:53:13,223.44,+0.09%,-0.32,4,109709,卖盘
10:53:16,223.76,+0.23%,+0.32,5,115236,买盘
10:53:19,223.76,+0.23%,--,2,44752,卖盘
10:53:25,223.76,+0.23%,-0.06,0,0,中性盘
10:53:34,223.7,+0.20%,-0.06,4,89480,买盘
10:53:37,223.75,+0.22%,+0.05,4,89500,买盘
10:53:40,223.7,+0.20%,-0.05,3,70018,卖盘
10:53:43,223.47,+0.10%,-0.23,4,95869,卖盘
10:53:46,223.77,+0.23%,+0.3,26,586054,买盘
10:53:49,223.77,+0.23%,--,15,354004,卖盘
10:53:52,223.81,+0.25%,+0.04,26,587277,买盘
10:53:55,223.77,+0.23%,-0.04,2,66236,卖盘
10:53:58,223.77,+0.23%,--,44,991525,卖盘
10:54:01,223.77,+0.23%,--,53,1193365,卖盘
10:54:04,223.77,+0.23%,--,0,0,买盘
10:54:07,223.77,+0.23%,--,11,247490,买盘
10:54:16,223.82,+0.26%,+0.05,22,501581,买盘
10:54:19,223.82,+0.26%,--,11,259407,卖盘
10:54:22,223.83,+0.26%,+0.01,10,231888,买盘
10:54:25,223.82,+0.26%,-0.01,10,235459,中性盘
10:54:28,223.58,+0.15%,-0.24,2,52094,卖盘
10:54:34,223.83,+0.26%,+0.25,2,44766,买盘
10:54:37,223.83,+0.26%,--,2,44766,买盘
10:54:40,223.83,+0.26%,--,2,55958,买盘
10:54:43,223.8,+0.25%,-0.03,2,44760,买盘
10:54:46,223.84,+0.26%,+0.04,4,89536,买盘
10:54:49,223.58,+0.15%,-0.26,8,184006,卖盘
10:54:52,223.58,+0.15%,--,7,171486,卖盘
10:54:55,223.58,+0.15%,--,8,183559,买盘
10:54:58,223.58,+0.15%,--,12,285065,买盘
10:55:01,223.58,+0.15%,--,4,89432,买盘
10:55:04,223.58,+0.15%,--,2,44716,买盘
10:55:07,223.8,+0.25%,+0.22,11,252223,买盘
10:55:10,223.58,+0.15%,-0.22,5,112908,卖盘
10:55:13,223.8,+0.25%,+0.22,4,89968,买盘
10:55:16,223.8,+0.25%,--,2,44760,中性盘
10:55:19,223.83,+0.26%,+0.03,12,272849,买盘
10:55:22,223.6,+0.16%,-0.23,4,91676,卖盘
10:55:25,223.81,+0.25%,+0.21,12,268572,买盘
10:55:28,223.85,+0.27%,+0.04,4,107896,买盘
10:55:31,223.83,+0.26%,-0.02,2,48123,卖盘
10:55:43,224.0,+0.34%,+0.17,77,1724800,买盘
10:55:46,223.99,+0.33%,-0.01,18,411918,买盘
10:55:49,223.99,+0.33%,--,2,65629,买盘
10:55:52,224.02,+0.34%,+0.03,66,1491525,买盘
10:55:55,224.02,+0.34%,--,27,605526,卖盘
10:55:58,224.08,+0.37%,+0.06,3,67224,买盘
10:56:01,224.0,+0.34%,-0.08,11,266560,卖盘
10:56:04,224.05,+0.36%,+0.05,14,330698,买盘
10:56:07,224.0,+0.34%,-0.05,13,294112,中性盘
10:56:10,223.98,+0.33%,-0.02,4,89592,中性盘
10:56:13,223.98,+0.33%,--,8,184784,买盘
10:56:16,223.98,+0.33%,--,16,378974,买盘
10:56:19,223.97,+0.32%,-0.01,11,251966,买盘
10:56:22,224.0,+0.34%,+0.03,10,235424,买盘
10:56:25,223.95,+0.31%,-0.05,7,177592,中性盘
10:56:28,223.91,+0.30%,-0.04,6,144646,中性盘
10:56:31,223.45,+0.09%,-0.46,2,50276,卖盘
10:56:34,223.91,+0.30%,+0.46,8,196369,买盘
10:56:37,223.78,+0.24%,-0.13,13,296509,中性盘
10:56:40,223.46,+0.09%,-0.32,2,50055,卖盘
10:56:43,223.76,+0.23%,+0.3,8,189525,买盘
10:56:46,223.76,+0.23%,--,0,0,买盘
10:56:49,223.47,+0.10%,-0.29,6,145926,卖盘
10:56:52,223.76,+0.23%,+0.29,13,298720,买盘
10:56:52,223.76,+0.23%,--,13,298720,中性盘
10:56:55,223.76,+0.23%,--,15,352198,卖盘
10:56:58,223.95,+0.31%,+0.19,35,790767,买盘
10:57:01,223.77,+0.23%,-0.18,12,279713,卖盘
10:57:04,223.96,+0.32%,+0.19,7,174913,买盘
10:57:10,223.96,+0.32%,--,0,0,买盘
10:57:13,223.96,+0.32%,--,2,50839,买盘
10:57:19,223.99,+0.33%,+0.03,8,200247,买盘
10:57:22,224.0,+0.34%,+0.01,15,336000,买盘
10:57:25,224.0,+0.34%,--,4,100352,买盘
10:57:28,224.04,+0.35%,+0.04,6,134424,买盘
10:57:37,224.04,+0.35%,--,16,362945,卖盘
10:57:40,224.13,+0.39%,+0.09,4,107582,买盘
10:57:43,224.13,+0.39%,--,44,1004775,卖盘
10:57:46,224.0,+0.34%,-0.13,70,1577408,卖盘
10:57:49,224.09,+0.38%,+0.09,15,336135,买盘
10:57:52,224.09,+0.38%,--,2,46163,买盘
10:57:55,224.1,+0.38%,+0.01,3,67230,买盘
10:57:58,224.0,+0.34%,-0.1,91,2059456,卖盘
10:58:01,223.89,+0.29%,-0.11,16,367851,卖盘
10:58:04,223.63,+0.17%,-0.26,2,44726,卖盘
10:58:07,224.08,+0.37%,+0.45,7,178144,买盘
10:58:10,223.99,+0.33%,-0.09,4,98332,中性盘
10:58:16,223.99,+0.33%,--,3,88252,买盘
10:58:19,223.63,+0.17%,-0.36,22,505404,卖盘
10:58:25,223.99,+0.33%,+0.36,14,313586,买盘
10:58:28,223.99,+0.33%,--,0,0,买盘
10:58:34,223.88,+0.28%,-0.11,6,142388,买盘
10:58:40,223.87,+0.28%,-0.01,10,223870,买盘
10:58:46,223.88,+0.28%,+0.01,48,1078878,买盘
10:58:49,223.87,+0.28%,-0.01,6,150441,买盘
10:58:52,223.7,+0.20%,-0.17,2,44740,卖盘
10:58:55,223.87,+0.28%,+0.17,6,138576,买盘
10:58:58,223.88,+0.28%,+0.01,3,67164,买盘
10:59:01,223.88,+0.28%,--,15,344551,买盘
10:59:04,223.87,+0.28%,-0.01,12,268644,卖盘
10:59:10,223.88,+0.28%,+0.01,9,211790,买盘
10:59:13,223.88,+0.28%,--,3,74552,买盘
10:59:16,223.88,+0.28%,--,2,44776,买盘
10:59:25,223.87,+0.28%,-0.01,1,40520,卖盘
10:59:28,223.68,+0.19%,-0.19,9,201312,卖盘
10:59:31,223.63,+0.17%,-0.05,9,201267,卖盘
10:59:34,223.71,+0.21%,+0.08,4,89484,中性盘
10:59:37,223.63,+0.17%,-0.08,3,78271,卖盘
10:59:40,223.68,+0.19%,+0.05,7,170444,买盘
10:59:43,223.42,+0.08%,-0.26,12,268104,卖盘
10:59:46,223.42,+0.08%,--,0,0,卖盘
10:59:49,223.47,+0.10%,+0.05,7,169167,中性盘
10:59:52,222.97,-0.13%,-0.5,3,66891,卖盘
10:59:55,223.43,+0.08%,+0.46,4,89372,买盘
11:00:01,223.43,+0.08%,--,0,0,中性盘
11:00:04,223.08,-0.08%,-0.35,6,133848,买盘
11:00:07,223.08,-0.08%,--,0,0,中性盘
11:00:10,223.27,+0.01%,+0.19,8,190226,中性盘
11:00:13,223.0,-0.11%,-0.27,2,44600,卖盘
11:00:13,223.0,-0.11%,--,2,44600,中性盘
11:00:19,223.0,-0.11%,--,0,0,卖盘
11:00:22,223.0,-0.11%,--,6,133800,卖盘
11:00:25,222.98,-0.12%,-0.02,22,501705,卖盘
11:00:28,222.98,-0.12%,--,9,219635,买盘
11:00:31,222.92,-0.15%,-0.06,5,125727,中性盘
11:00:34,222.9,-0.16%,-0.02,2,44580,卖盘
11:00:37,222.98,-0.12%,+0.08,0,11372,买盘
11:00:40,222.92,-0.15%,-0.06,4,105441,卖盘
11:00:43,223.1,-0.07%,+0.18,4,89240,买盘
11:00:46,223.22,-0.01%,+0.12,22,502468,买盘
11:00:49,223.24,-0.00%,+0.02,6,133944,买盘
11:00:52,223.26,0.00%,+0.02,5,111630,买盘
11:00:55,223.25,0.00%,-0.01,10,223250,卖盘
11:00:58,223.25,0.00%,--,4,89300,卖盘
11:01:01,223.0,-0.11%,-0.25,21,468300,卖盘
11:01:04,223.23,-0.01%,+0.23,10,223230,买盘
11:01:07,223.23,-0.01%,--,4,108713,买盘
11:01:10,222.8,-0.20%,-0.43,42,948905,卖盘
11:01:16,222.8,-0.20%,--,4,95804,买盘
11:01:19,222.68,-0.26%,-0.12,4,89072,中性盘
11:01:28,222.8,-0.20%,+0.12,6,136131,买盘
11:01:31,222.8,-0.20%,--,2,44560,买盘
11:01:34,222.68,-0.26%,-0.12,5,111340,卖盘
11:01:37,222.67,-0.26%,-0.01,4,89068,卖盘
11:01:43,222.67,-0.26%,--,3,66801,卖盘
11:01:46,222.64,-0.27%,-0.03,14,315481,卖盘
11:01:49,222.5,-0.34%,-0.14,15,352218,卖盘
11:01:58,222.5,-0.34%,--,0,0,卖盘
11:02:01,222.5,-0.34%,--,1,36713,卖盘
11:02:04,222.5,-0.34%,--,8,178223,买盘
11:02:07,222.63,-0.28%,+0.13,23,516279,买盘
11:02:10,222.8,-0.20%,+0.17,6,133680,买盘
11:02:13,222.6,-0.29%,-0.2,7,174741,买盘
11:02:16,222.8,-0.20%,+0.2,14,315262,买盘
11:02:19,222.6,-0.29%,-0.2,7,158269,卖盘
11:02:22,222.8,-0.20%,+0.2,23,533606,买盘
11:02:25,222.8,-0.20%,--,10,222800,卖盘
11:02:31,223.1,-0.07%,+0.3,2,64030,卖盘
11:02:34,222.8,-0.20%,-0.3,17,387449,卖盘
11:02:37,222.81,-0.20%,+0.01,2,45899,卖盘
11:02:40,222.84,-0.18%,+0.03,2,44568,中性盘
11:02:43,222.84,-0.18%,--,0,3120,卖盘
11:02:46,222.84,-0.18%,--,0,0,买盘
11:02:49,222.82,-0.19%,-0.02,4,92247,卖盘
11:02:52,222.8,-0.20%,-0.02,20,446714,卖盘
11:02:55,222.62,-0.28%,-0.18,5,115095,卖盘
11:02:58,222.8,-0.20%,+0.18,6,136799,卖盘
11:03:01,222.8,-0.20%,--,0,0,卖盘
11:03:04,223.0,-0.11%,+0.2,16,366612,买盘
11:03:07,222.8,-0.20%,-0.2,6,149053,卖盘
11:03:10,222.89,-0.16%,+0.09,15,334335,中性盘
11:03:13,223.0,-0.11%,+0.11,30,683718,买盘
11:03:16,222.8,-0.20%,-0.2,4,94244,卖盘
11:03:19,222.7,-0.25%,-0.1,32,721325,买盘
11:03:22,222.0,-0.56%,-0.7,61,1356642,卖盘
11:03:25,222.12,-0.51%,+0.12,10,243221,卖盘
11:03:28,222.0,-0.56%,-0.12,49,1109556,卖盘
11:03:31,222.0,-0.56%,--,0,0,卖盘
11:03:34,222.01,-0.56%,+0.01,16,355216,卖盘
11:03:37,222.0,-0.56%,-0.01,1,22200,卖盘
11:03:40,222.0,-0.56%,--,2,59496,卖盘
11:03:40,222.0,-0.56%,--,2,59496,中性盘
11:03:43,222.0,-0.56%,--,6,138084,买盘
11:03:46,222.0,-0.56%,--,14,321900,买盘
11:03:49,222.01,-0.56%,+0.01,30,666918,买盘
11:03:52,221.9,-0.60%,-0.11,23,525015,卖盘
11:03:55,222.0,-0.56%,+0.1,24,551226,中性盘
11:04:01,222.0,-0.56%,--,2,47730,卖盘
11:04:04,222.0,-0.56%,--,16,374070,卖盘
11:04:07,222.01,-0.56%,+0.01,4,92578,中性盘
11:04:10,222.03,-0.55%,+0.02,5,119230,中性盘
11:04:13,222.0,-0.56%,-0.03,33,732600,卖盘
11:04:16,222.03,-0.55%,+0.03,14,313284,中性盘
11:04:19,222.4,-0.38%,+0.37,2,44480,买盘
11:04:22,222.03,-0.55%,-0.37,6,145652,卖盘
11:04:25,222.04,-0.54%,+0.01,4,88816,中性盘
11:04:28,222.4,-0.38%,+0.36,2,44480,买盘
11:04:31,222.1,-0.52%,-0.3,2,44420,中性盘
11:04:34,222.11,-0.51%,+0.01,9,206118,卖盘
11:04:37,222.4,-0.38%,+0.29,0,16235,买盘
11:04:40,222.5,-0.34%,+0.1,4,89000,买盘
11:04:43,222.55,-0.31%,+0.05,8,178040,卖盘
11:04:49,222.55,-0.31%,--,0,0,买盘
11:04:52,222.4,-0.38%,-0.15,16,366070,买盘
11:04:55,222.26,-0.44%,-0.14,2,56232,中性盘
11:04:58,222.26,-0.44%,--,4,94905,卖盘
11:05:01,222.26,-0.44%,--,1,44230,卖盘
11:05:04,222.2,-0.47%,-0.06,42,933240,卖盘
11:05:07,222.2,-0.47%,--,0,0,卖盘
11:05:10,222.57,-0.30%,+0.37,9,210996,买盘
11:05:16,222.57,-0.30%,--,0,0,买盘
11:05:19,222.57,-0.30%,--,2,64545,买盘
11:05:22,222.22,-0.46%,-0.35,5,111110,卖盘
11:05:25,222.22,-0.46%,--,6,143110,卖盘
11:05:28,222.5,-0.34%,+0.28,4,89000,中性盘
11:05:31,222.5,-0.34%,--,5,125490,买盘
11:05:37,222.5,-0.34%,--,11,254985,买盘
11:05:40,222.5,-0.34%,--,9,221165,买盘
11:05:43,222.0,-0.56%,-0.5,160,3558660,卖盘
11:05:46,221.91,-0.60%,-0.09,6,133146,卖盘
11:05:49,221.88,-0.61%,-0.03,3,85424,卖盘
11:05:52,221.91,-0.60%,+0.03,6,149124,中性盘
11:05:55,221.88,-0.61%,-0.03,6,136678,卖盘
11:05:58,222.0,-0.56%,+0.12,11,244200,买盘
11:06:01,221.38,-0.84%,-0.62,79,1769269,卖盘
11:06:04,221.38,-0.84%,--,17,376789,卖盘
11:06:07,221.38,-0.84%,--,10,238426,卖盘
11:06:10,221.38,-0.84%,--,14,323658,卖盘
11:06:13,221.38,-0.84%,--,0,0,卖盘
11:06:16,222.0,-0.56%,+0.62,19,441780,买盘
11:06:19,221.3,-0.87%,-0.7,6,152918,卖盘
11:06:22,221.4,-0.83%,+0.1,16,360661,中性盘
11:06:25,221.38,-0.84%,-0.02,5,110690,卖盘
11:06:28,221.48,-0.79%,+0.1,0,2215,买盘
11:06:31,221.41,-0.82%,-0.07,2,44282,卖盘
11:06:34,222.0,-0.56%,+0.59,4,109002,买盘
11:06:37,221.38,-0.84%,-0.62,14,319230,卖盘
11:06:40,221.3,-0.87%,-0.08,9,208907,卖盘
11:06:43,221.49,-0.79%,+0.19,8,177192,买盘
11:06:46,221.49,-0.79%,--,6,140425,卖盘
11:06:49,222.0,-0.56%,+0.51,6,146742,买盘
11:06:52,221.53,-0.77%,-0.47,2,44306,卖盘
11:06:55,221.52,-0.77%,-0.01,2,44304,卖盘
11:06:58,222.0,-0.56%,+0.48,16,356754,买盘
11:07:01,222.0,-0.56%,--,22,502830,买盘
11:07:04,221.58,-0.75%,-0.42,7,162861,卖盘
11:07:04,221.58,-0.75%,-0.06,7,162861,中性盘
11:07:07,221.52,-0.77%,-0.06,6,140444,卖盘
11:07:10,221.52,-0.77%,--,2,56931,卖盘
11:07:16,221.52,-0.77%,--,0,0,卖盘
11:07:22,221.58,-0.75%,+0.06,19,427649,卖盘
11:07:25,221.53,-0.77%,-0.05,12,275140,卖盘
11:07:31,221.52,-0.77%,-0.01,2,48291,卖盘
11:07:34,221.58,-0.75%,+0.06,2,59827,买盘
11:07:37,221.58,-0.75%,--,0,0,卖盘
11:07:40,221.61,-0.73%,+0.03,9,214297,卖盘
11:07:43,221.61,-0.73%,--,12,274575,卖盘
11:07:46,221.53,-0.77%,-0.08,7,174787,卖盘
11:07:49,221.58,-0.75%,+0.05,12,283622,买盘
11:07:52,221.5,-0.78%,-0.08,6,143311,卖盘
11:07:55,221.5,-0.78%,--,20,451196,卖盘
11:07:58,221.5,-0.78%,--,6,134008,卖盘
11:08:01,221.5,-0.78%,--,31,686650,卖盘
11:08:04,221.5,-0.78%,--,2,57147,卖盘
11:08:07,221.52,-0.77%,+0.02,13,305255,买盘
11:08:10,221.51,-0.78%,-0.01,4,88604,中性盘
11:08:13,221.5,-0.78%,-0.01,19,433919,卖盘
11:08:16,221.51,-0.78%,+0.01,21,477354,卖盘
11:08:19,221.5,-0.78%,-0.01,3,85942,卖盘
11:08:22,221.31,-0.87%,-0.19,10,226179,卖盘
11:08:25,221.3,-0.87%,-0.01,6,133223,卖盘
11:08:34,221.0,-1.01%,-0.3,51,1127100,卖盘
11:08:37,221.0,-1.01%,--,19,440895,卖盘
11:08:40,221.0,-1.01%,--,21,468520,卖盘
11:08:43,221.0,-1.01%,--,14,320008,卖盘
11:08:46,221.0,-1.01%,--,28,639795,卖盘
11:08:49,221.0,-1.01%,--,29,658580,卖盘
11:08:52,220.88,-1.06%,-0.12,6,144456,卖盘
11:08:55,220.86,-1.07%,-0.02,18,418971,卖盘
11:08:58,220.86,-1.07%,--,20,461156,卖盘
11:09:01,220.68,-1.15%,-0.18,2,44136,卖盘
11:09:04,220.88,-1.06%,+0.2,9,201663,买盘
11:09:07,221.03,-0.99%,+0.15,34,764543,买盘
11:09:10,221.02,-1.00%,-0.01,6,150073,中性盘
11:09:13,221.02,-1.00%,--,8,192287,卖盘
11:09:16,221.02,-1.00%,--,6,145431,卖盘
11:09:19,221.73,-0.68%,+0.71,3,84923,买盘
11:09:22,221.73,-0.68%,--,0,0,中性盘
11:09:25,221.77,-0.66%,+0.04,12,266124,买盘
11:09:28,221.75,-0.67%,-0.02,2,51003,中性盘
11:09:31,221.24,-0.90%,-0.51,12,280311,卖盘
11:09:34,221.75,-0.67%,+0.51,6,133050,买盘
11:09:37,221.8,-0.65%,+0.05,7,171451,买盘
11:09:43,221.8,-0.65%,--,5,116001,卖盘
11:09:46,221.77,-0.66%,-0.03,6,138606,卖盘
11:09:49,221.75,-0.67%,-0.02,4,100675,买盘
11:09:52,221.35,-0.85%,-0.4,6,132810,卖盘
11:09:55,221.35,-0.85%,--,0,0,买盘
11:09:58,221.7,-0.69%,+0.35,4,88680,买盘
11:10:01,221.21,-0.91%,-0.49,2,47118,卖盘
11:10:04,221.24,-0.90%,+0.03,6,132744,卖盘
11:10:07,221.24,-0.90%,--,10,221461,买盘
11:10:10,221.8,-0.65%,+0.56,10,243758,买盘
11:10:13,221.24,-0.90%,-0.56,4,106195,卖盘
11:10:22,221.24,-0.90%,--,0,0,卖盘
11:10:25,221.24,-0.90%,--,4,88496,卖盘
11:10:28,221.54,-0.77%,+0.3,14,325221,中性盘
11:10:28,221.54,-0.77%,--,14,325221,中性盘
11:10:31,221.55,-0.76%,+0.01,5,124290,中性盘
11:10:34,221.25,-0.90%,-0.3,6,154211,卖盘
11:10:37,221.25,-0.90%,--,4,94916,卖盘
11:10:40,221.25,-0.90%,--,4,88500,中性盘
11:10:43,221.25,-0.90%,--,7,154875,买盘
11:10:46,221.54,-0.77%,+0.29,2,44308,买盘
11:10:49,221.26,-0.89%,-0.28,7,154882,卖盘
11:10:52,221.25,-0.90%,-0.01,3,77216,卖盘
11:10:58,221.5,-0.78%,+0.25,11,254725,买盘
11:11:01,221.21,-0.91%,-0.29,5,120338,卖盘
11:11:13,221.16,-0.94%,-0.05,10,221160,卖盘
11:11:16,221.15,-0.94%,-0.01,7,158343,卖盘
11:11:28,221.02,-1.00%,-0.13,146,3243469,卖盘
11:11:31,221.0,-1.01%,-0.02,27,615706,卖盘
11:11:34,220.88,-1.06%,-0.12,23,518847,卖盘
11:11:37,220.8,-1.10%,-0.08,7,154560,卖盘
11:11:40,221.0,-1.01%,+0.2,6,146302,买盘
11:11:43,220.88,-1.06%,-0.12,4,88352,卖盘
11:11:46,220.8,-1.10%,-0.08,8,197395,卖盘
11:11:52,221.0,-1.01%,+0.2,93,2065245,买盘
11:11:55,220.88,-1.06%,-0.12,32,719848,卖盘
11:11:58,220.68,-1.15%,-0.2,10,234804,卖盘
11:12:01,220.66,-1.16%,-0.02,13,303849,卖盘
11:12:07,220.55,-1.21%,-0.11,61,1347781,卖盘
11:12:10,220.5,-1.23%,-0.05,14,314874,卖盘
11:12:13,220.3,-1.32%,-0.2,6,133942,卖盘
11:12:16,220.6,-1.19%,+0.3,39,876003,买盘
11:12:19,220.6,-1.19%,--,52,1164768,卖盘
11:12:22,220.6,-1.19%,--,19,427964,卖盘
11:12:25,220.65,-1.16%,+0.05,14,320384,中性盘
11:12:28,220.65,-1.16%,--,9,212486,卖盘
11:12:31,220.65,-1.16%,--,5,124888,卖盘
11:12:34,220.6,-1.19%,-0.05,166,3672328,卖盘
11:12:37,220.47,-1.25%,-0.13,6,132282,卖盘
11:12:40,220.6,-1.19%,+0.13,4,88240,买盘
11:12:43,220.25,-1.34%,-0.35,6,132811,卖盘
11:12:46,220.6,-1.19%,+0.35,3,66180,买盘
11:12:49,220.26,-1.34%,-0.34,14,311668,中性盘
11:12:52,220.3,-1.32%,+0.04,4,103982,买盘
11:12:58,220.3,-1.32%,--,6,152888,卖盘
11:13:01,220.3,-1.32%,--,5,119843,卖盘
11:13:04,220.26,-1.34%,-0.04,4,89866,卖盘
11:13:07,221.0,-1.01%,+0.74,62,1370200,买盘
11:13:13,220.59,-1.19%,-0.41,6,153089,卖盘
11:13:19,220.8,-1.10%,+0.21,330,7302739,买盘
11:13:22,220.5,-1.23%,-0.3,5,126788,中性盘
11:13:28,220.4,-1.28%,-0.1,2,44080,卖盘
11:13:31,220.4,-1.28%,--,2,53116,卖盘
11:13:34,220.35,-1.30%,-0.05,4,105768,卖盘
11:13:37,220.26,-1.34%,-0.09,18,407922,卖盘
11:13:40,220.4,-1.28%,+0.14,20,441902,买盘
11:13:43,220.26,-1.34%,-0.14,22,491841,卖盘
11:13:46,220.25,-1.34%,-0.01,9,210339,卖盘
11:13:49,220.25,-1.34%,--,22,491378,买盘
11:13:52,219.98,-1.46%,-0.27,18,411803,卖盘
11:13:52,219.98,-1.46%,--,18,411803,中性盘
11:13:55,220.02,-1.45%,+0.04,5,130912,卖盘
11:13:58,219.98,-1.46%,-0.04,4,105590,卖盘
11:14:01,219.98,-1.46%,--,53,1166334,卖盘
11:14:04,219.8,-1.55%,-0.18,16,362890,卖盘
11:14:07,219.77,-1.56%,-0.03,37,827874,卖盘
11:14:10,219.71,-1.59%,-0.06,22,484680,卖盘
11:14:13,219.56,-1.65%,-0.15,25,562074,卖盘
11:14:16,219.36,-1.74%,-0.2,14,311491,卖盘
11:14:19,219.35,-1.75%,-0.01,15,333412,中性盘
11:14:22,219.3,-1.77%,-0.05,21,462284,卖盘
11:14:25,219.3,-1.77%,--,21,471934,卖盘
11:14:28,219.13,-1.85%,-0.17,107,2362879,卖盘
11:14:31,219.32,-1.76%,+0.19,8,175456,买盘
11:14:34,219.4,-1.72%,+0.08,13,289169,买盘
11:14:37,219.32,-1.76%,-0.08,21,468468,卖盘
11:14:40,219.32,-1.76%,--,9,206161,买盘
11:14:43,219.71,-1.59%,+0.39,157,3468342,买盘
11:14:46,219.71,-1.59%,--,2,43942,卖盘
11:14:49,219.98,-1.46%,+0.27,66,1469026,买盘
11:14:52,219.5,-1.68%,-0.48,63,1385265,卖盘
11:14:55,219.41,-1.72%,-0.09,23,514955,卖盘
11:14:58,219.41,-1.72%,--,9,216558,卖盘
11:15:01,219.98,-1.46%,+0.57,4,87992,买盘
11:15:04,219.98,-1.46%,--,15,333710,买盘
11:15:07,219.5,-1.68%,-0.48,15,338689,中性盘
11:15:10,219.51,-1.68%,+0.01,8,188120,中性盘
11:15:13,219.51,-1.68%,--,2,46536,卖盘
11:15:16,219.95,-1.48%,+0.44,14,323107,中性盘
11:15:19,219.95,-1.48%,--,14,322447,买盘
11:15:22,219.57,-1.65%,-0.38,6,132401,中性盘
11:15:25,219.77,-1.56%,+0.2,2,43954,买盘
11:15:28,219.95,-1.48%,+0.18,6,142748,买盘
11:15:31,219.93,-1.49%,-0.02,7,153951,卖盘
11:15:34,219.99,-1.46%,+0.06,5,121654,买盘
11:15:37,220.0,-1.46%,+0.01,31,688600,买盘
11:15:40,220.0,-1.46%,--,26,584760,买盘
11:15:43,220.0,-1.46%,--,11,263120,卖盘
11:15:46,219.8,-1.55%,-0.2,7,170345,卖盘
11:15:49,220.0,-1.46%,+0.2,10,222420,卖盘
11:15:52,220.26,-1.34%,+0.26,22,506378,买盘
11:15:55,220.39,-1.28%,+0.13,3,78238,买盘
11:15:58,220.26,-1.34%,-0.13,6,132156,卖盘
11:16:01,220.8,-1.10%,+0.54,4,105763,买盘
11:16:04,220.8,-1.10%,--,2,44160,买盘
11:16:07,221.5,-0.78%,+0.7,37,825974,买盘
11:16:10,221.76,-0.67%,+0.26,27,616936,买盘
11:16:13,221.5,-0.78%,-0.26,3,66450,卖盘
11:16:16,221.8,-0.65%,+0.3,11,251965,买盘
11:16:19,221.71,-0.69%,-0.09,18,406173,卖盘
11:16:22,220.92,-1.04%,-0.79,8,182922,卖盘
11:16:25,221.68,-0.70%,+0.76,2,44779,中性盘
11:16:28,220.93,-1.04%,-0.75,2,44186,卖盘
11:16:34,221.6,-0.74%,+0.67,14,310240,买盘
11:16:37,221.0,-1.01%,-0.6,6,141440,卖盘
11:16:43,221.0,-1.01%,--,19,426972,卖盘
11:16:46,221.0,-1.01%,--,7,162214,买盘
11:16:49,221.0,-1.01%,--,6,138788,买盘
11:16:52,220.93,-1.04%,-0.07,4,108918,中性盘
11:16:55,220.93,-1.04%,--,0,0,买盘
11:16:58,220.93,-1.04%,--,4,91907,买盘
11:17:01,220.93,-1.04%,--,30,668976,买盘
11:17:04,220.26,-1.34%,-0.67,7,156825,卖盘
11:17:07,220.26,-1.34%,--,82,1814061,卖盘
11:17:10,220.26,-1.34%,--,0,0,卖盘
11:17:13,220.27,-1.33%,+0.01,2,44495,卖盘
11:17:13,220.27,-1.33%,-0.25,2,44495,中性盘
11:17:19,220.02,-1.45%,-0.25,2,65126,卖盘
11:17:22,220.29,-1.33%,+0.27,3,77102,中性盘
11:17:28,220.29,-1.33%,--,6,138783,卖盘
11:17:31,220.3,-1.32%,+0.01,2,44060,卖盘
11:17:37,220.32,-1.31%,+0.02,32,705024,卖盘
11:17:40,220.3,-1.32%,-0.02,33,746376,卖盘
11:17:43,220.27,-1.33%,-0.03,16,361243,卖盘
11:17:46,220.43,-1.26%,+0.16,54,1192967,买盘
11:17:49,220.3,-1.32%,-0.13,21,473204,卖盘
11:17:52,220.94,-1.03%,+0.64,6,150239,买盘
11:17:55,220.33,-1.31%,-0.61,2,44066,买盘
11:17:58,220.31,-1.32%,-0.02,3,66093,卖盘
11:18:01,220.24,-1.35%,-0.07,18,408105,卖盘
11:18:04,220.21,-1.36%,-0.03,2,44482,卖盘
11:18:07,220.3,-1.32%,+0.09,2,44280,中性盘
11:18:10,220.3,-1.32%,--,0,0,卖盘
11:18:13,220.33,-1.31%,+0.03,4,92539,卖盘
11:18:19,220.33,-1.31%,--,7,175603,卖盘
11:18:22,220.33,-1.31%,--,4,94742,卖盘
11:18:25,220.34,-1.30%,+0.01,2,45831,中性盘
11:18:28,220.85,-1.08%,+0.51,12,273191,买盘
11:18:31,220.34,-1.30%,-0.51,4,88136,卖盘
11:18:34,220.14,-1.39%,-0.2,2,47110,卖盘
11:18:40,220.9,-1.05%,+0.76,3,66270,买盘
11:18:43,220.9,-1.05%,--,7,162582,买盘
11:18:46,220.84,-1.08%,-0.06,2,44168,中性盘
11:18:49,221.0,-1.01%,+0.16,7,157131,买盘
11:18:52,221.0,-1.01%,--,0,0,买盘
11:18:58,220.9,-1.05%,-0.09,10,229515,中性盘
11:19:04,220.51,-1.23%,-0.39,2,47189,中性盘
11:19:07,220.89,-1.06%,+0.38,6,132534,中性盘
11:19:13,220.89,-1.06%,--,4,93436,中性盘
11:19:16,220.89,-1.06%,--,2,61407,卖盘
11:19:19,220.84,-1.08%,-0.05,2,44168,买盘
11:19:22,220.89,-1.06%,+0.05,3,66267,买盘
11:19:25,220.5,-1.23%,-0.39,16,357431,卖盘
11:19:28,220.5,-1.23%,--,6,133844,卖盘
11:19:31,220.78,-1.11%,+0.28,4,100013,买盘
11:19:37,220.5,-1.23%,-0.28,1,42557,卖盘
11:19:40,220.33,-1.31%,-0.17,1,22033,卖盘
11:19:43,220.48,-1.24%,+0.15,2,44096,买盘
11:19:46,220.32,-1.31%,-0.16,8,187272,卖盘
11:19:49,220.21,-1.36%,-0.11,4,93809,卖盘
11:19:52,220.14,-1.39%,-0.07,23,519090,卖盘
11:19:55,220.01,-1.45%,-0.13,15,342776,卖盘
11:19:58,219.7,-1.59%,-0.31,25,551886,卖盘
11:20:04,220.2,-1.37%,+0.5,7,154140,买盘
11:20:07,220.33,-1.31%,+0.13,11,256023,买盘
11:20:10,220.15,-1.39%,-0.18,70,1561304,卖盘
11:20:13,220.0,-1.46%,-0.15,77,1704560,卖盘
11:20:16,220.0,-1.46%,--,19,430320,买盘
11:20:19,220.0,-1.46%,--,32,704000,买盘
11:20:22,219.72,-1.58%,-0.28,41,901731,卖盘
11:20:25,220.05,-1.43%,+0.33,2,44010,买盘
11:20:28,220.05,-1.43%,--,2,44010,买盘
11:20:31,219.7,-1.59%,-0.35,50,1098500,卖盘
11:20:40,219.7,-1.59%,--,0,0,卖盘
11:20:40,219.7,-1.59%,--,0,0,中性盘
11:20:46,219.8,-1.55%,+0.1,7,153860,卖盘
11:20:49,220.05,-1.43%,+0.25,1,36748,买盘
11:20:52,220.06,-1.43%,+0.01,4,103648,中性盘
11:20:55,220.07,-1.42%,+0.01,4,90009,中性盘
11:20:58,220.77,-1.11%,+0.7,2,44154,买盘
11:21:01,220.77,-1.11%,--,4,88308,中性盘
11:21:04,220.77,-1.11%,--,0,0,中性盘
11:21:07,220.1,-1.41%,-0.67,2,44680,中性盘
11:21:10,220.99,-1.01%,+0.89,8,176792,买盘
11:21:13,220.99,-1.01%,--,3,66297,买盘
11:21:16,221.0,-1.01%,+0.01,7,175916,买盘
11:21:19,221.0,-1.01%,--,0,0,中性盘
11:21:22,220.99,-1.01%,-0.01,16,362645,卖盘
11:21:25,220.3,-1.32%,-0.69,10,222503,卖盘
11:21:28,220.86,-1.07%,+0.56,2,54552,买盘
11:21:34,220.86,-1.07%,--,15,342996,卖盘
11:21:37,220.86,-1.07%,--,0,0,中性盘
11:21:40,220.86,-1.07%,--,2,44172,中性盘
11:21:43,220.86,-1.07%,--,2,48368,买盘
11:21:49,220.64,-1.17%,-0.22,4,106790,买盘
11:21:52,221.01,-1.00%,+0.37,2,44202,买盘
11:21:58,221.01,-1.00%,--,0,0,买盘
11:22:01,221.0,-1.01%,-0.01,13,289731,买盘
11:22:04,221.01,-1.00%,+0.01,7,162221,买盘
11:22:07,221.01,-1.00%,--,7,170399,买盘
11:22:10,221.01,-1.00%,--,13,294164,买盘
11:22:13,221.01,-1.00%,--,21,470751,卖盘
11:22:16,221.01,-1.00%,--,18,411521,卖盘
11:22:19,221.49,-0.79%,+0.48,22,503668,买盘
11:22:22,221.49,-0.79%,--,11,259808,卖盘
11:22:25,221.49,-0.79%,--,3,79736,卖盘
11:22:28,221.46,-0.80%,-0.03,2,64666,买盘
11:22:31,221.46,-0.80%,--,0,0,卖盘
11:22:34,221.55,-0.76%,+0.09,22,490955,买盘
11:22:37,221.46,-0.80%,-0.09,8,190899,卖盘
11:22:40,221.65,-0.72%,+0.19,3,75139,买盘
11:22:43,221.65,-0.72%,--,11,256449,买盘
11:22:46,221.78,-0.66%,+0.13,5,123975,买盘
11:22:49,221.8,-0.65%,+0.02,8,194297,买盘
11:22:52,221.8,-0.65%,--,15,345564,卖盘
11:22:55,221.97,-0.57%,+0.17,4,93227,买盘
11:22:58,221.97,-0.57%,--,7,164258,卖盘
11:23:01,221.8,-0.65%,-0.17,60,1336567,卖盘
11:23:04,221.65,-0.72%,-0.15,22,507800,卖盘
11:23:07,221.65,-0.72%,--,22,507800,卖盘
11:23:13,221.03,-0.99%,-0.62,8,196054,卖盘
11:23:16,221.21,-0.91%,+0.18,24,539531,中性盘
11:23:19,221.42,-0.82%,+0.21,3,69304,中性盘
11:23:22,221.42,-0.82%,--,14,320395,买盘
11:23:25,221.43,-0.82%,+0.01,12,265716,买盘
11:23:28,221.42,-0.82%,-0.01,2,44284,买盘
11:23:31,221.55,-0.76%,+0.13,8,189204,买盘
11:23:34,221.55,-0.76%,--,13,301308,买盘
11:23:37,221.55,-0.76%,--,4,109224,买盘
11:23:43,221.33,-0.86%,-0.22,2,44266,买盘
11:23:46,221.33,-0.86%,--,4,88975,买盘
11:23:52,221.1,-0.96%,-0.23,8,186387,卖盘
11:23:55,221.65,-0.72%,+0.55,51,1147039,买盘
11:23:58,221.43,-0.82%,-0.22,12,265716,卖盘
11:24:01,221.65,-0.72%,+0.22,42,937136,买盘
11:24:04,221.65,-0.72%,--,8,190176,买盘
11:24:07,221.45,-0.81%,-0.2,30,670994,卖盘
11:27:31,221.89,-0.61%,--,3,80324,中性盘
11:27:31,221.89,-0.61%,--,3,80324,卖盘
11:27:34,222.0,-0.56%,+0.11,3,73038,买盘
11:27:37,222.0,-0.56%,--,1,31302,买盘
11:27:40,222.01,-0.56%,+0.01,4,89692,卖盘
11:27:43,222.01,-0.56%,--,11,247985,卖盘
11:27:49,222.0,-0.56%,-0.01,50,1110000,卖盘
11:27:52,222.01,-0.56%,+0.01,6,151411,买盘
11:27:55,222.22,-0.46%,+0.21,12,284219,买盘
11:28:01,222.22,-0.46%,--,8,185776,买盘
11:28:04,222.56,-0.31%,+0.34,2,44512,买盘
11:28:07,222.56,-0.31%,--,4,101932,买盘
11:28:10,222.57,-0.30%,+0.01,2,44514,中性盘
11:28:13,222.6,-0.29%,+0.03,3,79246,中性盘
11:28:16,222.59,-0.30%,-0.01,11,250414,卖盘
11:28:19,222.6,-0.29%,+0.01,3,71455,买盘
11:28:22,222.6,-0.29%,--,0,0,买盘
11:28:25,222.59,-0.30%,-0.01,4,94378,买盘
11:28:28,222.57,-0.30%,-0.02,4,91699,中性盘
11:28:31,222.6,-0.29%,+0.03,48,1076716,买盘
11:28:34,222.59,-0.30%,-0.01,2,44518,中性盘
11:28:37,222.54,-0.32%,-0.05,7,161564,买盘
11:28:40,222.54,-0.32%,--,0,0,中性盘
11:28:46,222.01,-0.56%,-0.53,5,127656,卖盘
11:28:49,222.0,-0.56%,-0.01,2,44400,卖盘
11:28:52,222.1,-0.52%,+0.1,9,201445,卖盘
11:28:55,222.49,-0.34%,+0.39,2,55400,买盘
11:28:58,222.38,-0.39%,-0.11,2,44476,买盘
11:29:01,222.48,-0.34%,+0.1,8,199565,买盘
11:29:04,222.48,-0.34%,--,4,88992,买盘
11:29:07,222.48,-0.34%,--,2,47611,卖盘
11:29:10,221.99,-0.56%,-0.49,26,587386,卖盘
11:29:13,221.99,-0.56%,--,6,136968,买盘
11:29:16,222.49,-0.34%,+0.5,15,343970,买盘
11:29:19,222.5,-0.34%,+0.01,8,190015,买盘
11:29:22,222.5,-0.34%,--,0,0,买盘
11:29:25,222.2,-0.47%,-0.3,35,790365,买盘
11:29:28,221.93,-0.59%,-0.27,2,44386,卖盘
11:29:31,221.67,-0.71%,-0.26,2,57856,卖盘
11:29:34,221.18,-0.93%,-0.49,2,44236,卖盘
11:29:37,221.13,-0.95%,-0.05,5,117641,买盘
11:29:40,221.12,-0.95%,-0.01,4,91323,卖盘
11:29:43,221.12,-0.95%,--,0,0,卖盘
11:29:46,221.03,-0.99%,-0.09,34,756586,卖盘
11:29:49,221.02,-1.00%,-0.01,12,278485,卖盘
13:00:01,221.74,-0.68%,+0.72,11,246131,买盘
13:00:04,221.8,-0.65%,+0.06,53,1193506,买盘
13:00:07,221.11,-0.96%,-0.69,37,823193,卖盘
13:00:10,221.81,-0.65%,+0.7,11,245987,中性盘
13:00:13,222.2,-0.47%,+0.39,18,415958,买盘
13:00:16,222.56,-0.31%,+0.36,17,388812,买盘
13:00:19,222.58,-0.30%,+0.02,6,152022,买盘
13:00:22,222.8,-0.20%,+0.22,27,612254,买盘
13:00:25,222.5,-0.34%,-0.3,13,303713,卖盘
13:00:28,222.89,-0.16%,+0.39,23,519779,买盘
13:00:31,222.5,-0.34%,-0.39,4,100125,卖盘
13:00:34,222.58,-0.30%,+0.08,10,225474,买盘
13:00:37,222.23,-0.46%,-0.35,4,104893,卖盘
13:00:40,222.58,-0.30%,+0.35,11,259751,买盘
13:00:43,222.22,-0.46%,-0.36,4,88888,卖盘
13:00:46,221.86,-0.62%,-0.36,8,181038,卖盘
13:00:49,221.86,-0.62%,--,0,0,卖盘
13:00:52,221.86,-0.62%,--,60,1352237,卖盘
13:00:55,222.58,-0.30%,+0.72,2,66551,买盘
13:00:55,222.58,-0.30%,--,2,66551,中性盘
13:00:55,222.58,-0.30%,--,2,66551,买盘
13:00:58,222.59,-0.30%,+0.01,8,182524,买盘
13:01:01,221.93,-0.59%,-0.66,16,363965,卖盘
13:01:04,222.48,-0.34%,+0.55,13,307467,买盘
13:01:07,222.22,-0.46%,-0.26,11,244442,中性盘
13:01:10,221.23,-0.90%,-0.99,22,488255,卖盘
13:01:13,221.33,-0.86%,+0.1,2,49135,卖盘
13:01:16,221.33,-0.86%,--,11,243463,卖盘
13:01:19,221.34,-0.86%,+0.01,2,44268,中性盘
13:01:25,221.23,-0.90%,-0.11,5,117031,卖盘
13:01:28,221.23,-0.90%,--,0,0,卖盘
13:01:31,221.35,-0.85%,+0.12,7,165570,卖盘
13:01:34,220.72,-1.13%,-0.63,116,2580879,卖盘
13:01:43,220.72,-1.13%,--,0,0,卖盘
13:01:46,220.71,-1.14%,-0.01,8,188707,卖盘
13:01:49,220.71,-1.14%,--,2,44142,卖盘
13:01:52,220.7,-1.14%,-0.01,3,86073,卖盘
13:01:58,220.7,-1.14%,--,0,0,卖盘
13:02:01,220.71,-1.14%,+0.01,10,220710,买盘
13:02:04,220.7,-1.14%,-0.01,15,332374,卖盘
13:02:07,220.7,-1.14%,--,97,2159329,卖盘
13:02:10,220.38,-1.29%,-0.32,7,161098,卖盘
13:02:13,220.6,-1.19%,+0.22,12,264720,卖盘
13:02:16,220.59,-1.19%,-0.01,46,1021552,卖盘
13:02:19,220.6,-1.19%,+0.01,2,44120,买盘
13:02:22,220.45,-1.25%,-0.15,16,352940,卖盘
13:02:28,220.31,-1.32%,-0.14,7,166995,卖盘
13:02:31,220.59,-1.19%,+0.28,9,216178,买盘
13:02:37,220.31,-1.32%,-0.28,5,129102,卖盘
13:02:40,220.31,-1.32%,--,5,115222,卖盘
13:02:43,220.59,-1.19%,+0.28,16,363974,买盘
13:02:49,220.32,-1.31%,-0.27,2,46928,卖盘
13:02:52,220.0,-1.46%,-0.32,156,3444760,卖盘
13:02:58,219.89,-1.51%,-0.11,5,117421,卖盘
13:03:01,219.89,-1.51%,--,0,0,卖盘
13:03:04,220.59,-1.19%,+0.7,2,48309,买盘
13:03:07,220.59,-1.19%,--,4,88236,买盘
13:03:16,220.58,-1.20%,-0.01,6,132348,买盘
13:03:19,220.58,-1.20%,--,0,0,中性盘
13:03:25,220.59,-1.19%,+0.01,5,110736,买盘
13:03:28,220.58,-1.20%,-0.01,2,44116,中性盘
13:03:31,220.3,-1.32%,-0.28,15,339482,卖盘
13:03:34,220.58,-1.20%,+0.28,10,226315,买盘
13:03:37,220.28,-1.33%,-0.3,2,44056,卖盘
13:03:40,220.22,-1.36%,-0.06,4,109449,卖盘
13:03:46,220.22,-1.36%,--,3,75535,买盘
13:03:49,220.22,-1.36%,--,6,135435,买盘
13:03:52,220.28,-1.33%,+0.06,6,132168,买盘
13:03:55,220.28,-1.33%,--,2,54409,买盘
13:03:58,220.57,-1.20%,+0.29,4,88228,买盘
13:04:01,220.81,-1.09%,+0.24,5,110405,买盘
13:04:04,220.81,-1.09%,--,1,32459,买盘
13:04:07,220.81,-1.09%,--,0,0,卖盘
13:04:10,220.59,-1.19%,-0.22,4,99266,卖盘
13:04:16,220.9,-1.05%,+0.31,7,174732,卖盘
13:04:19,221.41,-0.82%,+0.51,15,336322,买盘
13:04:19,221.41,-0.82%,--,15,336322,中性盘
13:04:19,221.41,-0.82%,--,15,336322,买盘
13:04:25,221.68,-0.70%,+0.27,10,221680,买盘
13:04:28,221.4,-0.83%,-0.28,11,256381,中性盘
13:04:31,221.41,-0.82%,+0.01,2,44282,买盘
13:04:34,221.4,-0.83%,-0.01,13,301547,中性盘
13:04:37,221.4,-0.83%,--,4,92767,卖盘
13:04:40,221.39,-0.83%,-0.01,4,88556,中性盘
13:04:43,221.4,-0.83%,+0.01,5,110700,买盘
13:04:46,221.4,-0.83%,--,2,44280,买盘
13:04:49,221.4,-0.83%,--,18,399848,买盘
13:04:52,221.4,-0.83%,--,14,309960,买盘
13:04:55,221.77,-0.66%,+0.37,36,806577,买盘
13:04:58,221.77,-0.66%,--,4,88708,买盘
13:05:01,221.73,-0.68%,-0.04,2,44346,买盘
13:05:04,221.73,-0.68%,--,2,44346,买盘
13:05:07,221.77,-0.66%,+0.04,26,576602,买盘
13:05:10,221.82,-0.64%,+0.05,7,174572,买盘
13:05:13,221.76,-0.67%,-0.06,9,221095,卖盘
13:05:19,221.76,-0.67%,--,0,0,卖盘
13:05:25,221.83,-0.64%,+0.07,2,44366,买盘
13:05:28,221.8,-0.65%,-0.03,7,163023,买盘
13:05:31,221.8,-0.65%,--,2,58555,买盘
13:05:34,221.83,-0.64%,+0.03,9,208077,买盘
13:05:37,221.8,-0.65%,-0.03,3,74525,卖盘
13:05:40,221.8,-0.65%,--,2,44360,买盘
13:05:43,221.76,-0.67%,-0.04,0,16632,卖盘
13:05:46,221.76,-0.67%,--,0,0,买盘
13:05:49,221.75,-0.67%,-0.01,2,44350,买盘
13:05:52,221.75,-0.67%,--,0,0,买盘
13:05:55,221.75,-0.67%,--,16,364557,买盘
13:05:58,222.0,-0.56%,+0.25,7,155400,买盘
13:06:01,221.75,-0.67%,-0.25,2,44350,卖盘
13:06:04,222.73,-0.23%,+0.98,38,847265,买盘
13:06:07,222.51,-0.33%,-0.22,7,155757,买盘
13:06:10,222.51,-0.33%,--,0,0,中性盘
13:06:13,222.35,-0.40%,-0.16,8,185440,买盘
13:06:19,222.35,-0.40%,--,0,0,买盘
13:06:22,221.97,-0.57%,-0.38,2,65259,中性盘
13:06:25,222.07,-0.53%,+0.1,10,222070,中性盘
13:06:28,222.33,-0.41%,+0.26,6,155186,买盘
13:06:31,222.36,-0.40%,+0.03,6,148092,买盘
13:06:34,222.34,-0.41%,-0.02,4,88936,卖盘
13:06:37,222.47,-0.35%,+0.13,30,667410,买盘
13:06:40,222.47,-0.35%,--,6,133482,卖盘
13:06:43,222.54,-0.32%,+0.07,13,292195,买盘
13:06:46,222.56,-0.31%,+0.02,2,44512,买盘
13:06:49,222.4,-0.38%,-0.16,46,1041499,卖盘
13:06:52,222.4,-0.38%,--,4,95854,买盘
13:06:58,222.35,-0.40%,-0.05,4,88940,卖盘
13:07:01,222.35,-0.40%,--,0,0,卖盘
13:07:04,222.4,-0.38%,+0.05,42,938306,买盘
13:07:07,222.41,-0.38%,+0.01,22,489302,买盘
13:07:10,222.58,-0.30%,+0.17,2,44516,买盘
13:07:13,222.57,-0.30%,-0.01,8,178056,卖盘
13:07:16,222.7,-0.25%,+0.13,2,44540,中性盘
13:07:19,222.72,-0.24%,+0.02,10,222720,中性盘
13:07:22,222.7,-0.25%,-0.02,10,222700,卖盘
13:07:25,222.79,-0.21%,+0.09,36,802044,买盘
13:07:28,222.74,-0.23%,-0.05,9,216503,卖盘
13:07:31,222.71,-0.24%,-0.03,8,178168,买盘
13:07:34,222.7,-0.25%,-0.01,2,49885,卖盘
13:07:43,222.71,-0.24%,+0.01,9,204448,买盘
13:07:43,222.71,-0.24%,--,9,204448,中性盘
13:07:46,222.72,-0.24%,+0.01,14,326508,买盘
13:07:49,222.72,-0.24%,--,1,22272,买盘
13:07:55,222.72,-0.24%,--,2,44544,卖盘
13:07:58,222.73,-0.23%,+0.01,8,181079,买盘
13:08:04,222.73,-0.23%,--,3,66819,卖盘
13:08:07,222.61,-0.29%,-0.12,53,1200981,卖盘
13:08:10,222.73,-0.23%,+0.12,39,886688,买盘
13:08:13,222.73,-0.23%,--,0,0,买盘
13:08:16,222.78,-0.21%,+0.05,16,356448,买盘
13:08:22,222.73,-0.23%,-0.05,6,133638,买盘
13:08:25,222.73,-0.23%,--,21,485329,卖盘
13:08:28,222.7,-0.25%,-0.03,2,44540,买盘
13:08:31,222.7,-0.25%,--,12,283497,买盘
13:08:34,222.4,-0.38%,-0.3,2,47816,卖盘
13:08:37,222.3,-0.43%,-0.1,180,4016294,卖盘
13:08:40,222.4,-0.38%,+0.1,100,2224000,买盘
13:08:43,222.13,-0.50%,-0.27,2,57754,买盘
13:08:49,221.75,-0.67%,-0.38,40,892322,卖盘
13:08:52,221.75,-0.67%,--,2,44350,卖盘
13:08:58,222.11,-0.51%,+0.36,123,2744391,中性盘
13:09:01,222.37,-0.39%,+0.26,4,88948,买盘
13:09:04,221.75,-0.67%,-0.62,9,209110,卖盘
13:09:07,222.35,-0.40%,+0.6,9,200115,买盘
13:09:10,221.75,-0.67%,-0.6,5,110875,卖盘
13:09:13,222.35,-0.40%,+0.6,2,44470,买盘
13:09:16,222.4,-0.38%,+0.05,30,667200,买盘
13:09:22,222.4,-0.38%,--,0,0,买盘
13:09:25,221.75,-0.67%,-0.65,3,66525,卖盘
13:09:28,221.75,-0.67%,--,0,0,卖盘
13:09:31,221.75,-0.67%,--,3,66525,卖盘
13:09:34,222.22,-0.46%,+0.47,29,649549,买盘
13:09:40,222.22,-0.46%,--,0,0,买盘
13:09:43,222.17,-0.48%,-0.05,2,44434,买盘
13:09:49,222.17,-0.48%,--,0,0,买盘
13:09:52,221.75,-0.67%,-0.42,4,100675,卖盘
13:10:01,221.71,-0.69%,-0.04,4,95114,中性盘
13:10:13,221.71,-0.69%,--,0,0,买盘
13:10:16,221.68,-0.70%,-0.03,8,181999,买盘
13:10:25,221.68,-0.70%,--,0,0,买盘
13:10:28,221.34,-0.86%,-0.34,3,66845,卖盘
13:10:37,221.34,-0.86%,--,0,0,卖盘
13:10:40,221.39,-0.83%,+0.05,0,664,中性盘
13:10:43,221.67,-0.71%,+0.28,2,44334,买盘
13:10:46,221.67,-0.71%,--,3,85786,买盘
13:10:52,221.7,-0.69%,+0.03,10,221700,买盘
13:10:55,221.77,-0.66%,+0.07,11,244834,买盘
13:10:58,222.0,-0.56%,+0.23,5,111000,买盘
13:11:04,222.06,-0.53%,+0.06,10,222060,买盘
13:11:07,222.12,-0.51%,+0.06,20,444240,买盘
13:11:07,222.12,-0.51%,--,20,444240,中性盘
13:11:10,222.12,-0.51%,--,0,0,买盘
13:11:13,222.12,-0.51%,--,2,44424,买盘
13:11:16,222.08,-0.52%,-0.04,3,76618,买盘
13:11:25,222.14,-0.50%,+0.06,3,66642,买盘
13:11:28,222.38,-0.39%,+0.24,5,111190,买盘
13:11:31,222.38,-0.39%,--,1,22238,买盘
13:11:34,222.4,-0.38%,+0.02,27,602926,买盘
13:11:37,222.7,-0.25%,+0.3,18,400860,买盘
13:11:43,222.7,-0.25%,--,4,89080,买盘
13:11:49,222.5,-0.34%,-0.2,6,133500,卖盘
13:11:52,222.5,-0.34%,--,18,409400,卖盘
13:11:55,222.7,-0.25%,+0.2,16,361219,买盘
13:11:58,222.5,-0.34%,-0.2,0,19580,卖盘
13:12:01,222.5,-0.34%,--,22,489500,卖盘
13:12:04,222.5,-0.34%,--,25,565373,卖盘
13:12:07,222.43,-0.37%,-0.07,4,92976,卖盘
13:12:10,222.02,-0.55%,-0.41,11,244222,卖盘
13:12:13,222.02,-0.55%,--,2,44404,卖盘
13:12:16,222.38,-0.39%,+0.36,3,74053,买盘
13:12:19,222.38,-0.39%,--,0,0,买盘
13:12:25,222.28,-0.43%,-0.1,2,44456,买盘
13:12:28,222.28,-0.43%,--,0,0,中性盘
13:12:31,222.28,-0.43%,--,6,139147,买盘
13:12:37,222.02,-0.55%,-0.26,0,2886,卖盘
13:12:40,221.8,-0.65%,-0.22,9,199620,卖盘
13:12:43,221.58,-0.75%,-0.22,2,44316,卖盘
13:12:46,221.88,-0.61%,+0.3,2,44376,买盘
13:12:52,221.56,-0.76%,-0.32,2,44312,卖盘
13:12:55,221.88,-0.61%,+0.32,3,77214,买盘
13:12:58,221.69,-0.70%,-0.19,22,487718,中性盘
13:13:04,221.87,-0.62%,+0.18,2,44374,买盘
13:13:07,221.89,-0.61%,+0.02,2,55916,买盘
13:13:10,222.0,-0.56%,+0.11,26,579642,买盘
13:13:13,222.0,-0.56%,--,0,0,买盘
13:13:16,221.93,-0.59%,-0.07,5,110965,买盘
13:13:19,221.73,-0.68%,-0.2,106,2355881,卖盘
13:13:22,222.0,-0.56%,+0.27,5,129648,买盘
13:13:25,221.83,-0.64%,-0.17,0,19299,中性盘
13:13:28,221.83,-0.64%,--,0,0,中性盘
13:13:31,221.8,-0.65%,-0.03,4,88720,卖盘
13:13:34,221.8,-0.65%,--,4,100254,买盘
13:13:40,221.8,-0.65%,--,11,258397,买盘
13:13:43,221.76,-0.67%,-0.04,18,399168,中性盘
13:13:46,221.76,-0.67%,--,3,82051,买盘
13:13:49,221.6,-0.74%,-0.16,2,44320,卖盘
13:13:52,221.21,-0.91%,-0.39,9,199089,卖盘
13:13:55,221.21,-0.91%,--,2,44242,卖盘
13:14:01,221.6,-0.74%,+0.39,20,443200,卖盘
13:14:07,221.6,-0.74%,--,6,136062,买盘
13:14:13,221.6,-0.74%,--,0,0,买盘
13:14:16,221.59,-0.74%,-0.01,2,44318,买盘
13:14:19,221.56,-0.76%,-0.03,3,66468,买盘
13:14:22,221.56,-0.76%,--,8,185667,买盘
13:14:25,221.56,-0.76%,--,0,2659,买盘
13:14:31,221.57,-0.75%,+0.01,7,160195,买盘
13:14:31,221.57,-0.75%,-0.02,7,160195,中性盘
13:14:34,221.55,-0.76%,-0.02,2,44310,卖盘
13:14:40,221.55,-0.76%,--,3,86626,卖盘
13:14:43,221.54,-0.77%,-0.01,11,243694,中性盘
13:14:46,221.54,-0.77%,--,5,131152,买盘
13:14:49,221.56,-0.76%,+0.02,13,290244,买盘
13:14:55,221.56,-0.76%,--,4,88624,卖盘
13:15:01,221.58,-0.75%,+0.02,42,930636,买盘
13:15:04,221.58,-0.75%,--,3,66474,卖盘
13:15:07,221.58,-0.75%,--,3,76667,卖盘
13:15:10,221.58,-0.75%,--,12,265896,买盘
13:15:13,221.58,-0.75%,--,13,294480,卖盘
13:15:16,221.43,-0.82%,-0.15,9,199287,中性盘
13:15:19,221.43,-0.82%,--,0,0,卖盘
13:15:22,221.43,-0.82%,--,0,0,中性盘
13:15:25,221.32,-0.86%,-0.11,3,66396,卖盘
13:15:28,221.31,-0.87%,-0.01,10,226400,卖盘
13:15:31,221.26,-0.89%,-0.05,2,44252,卖盘
13:15:34,221.21,-0.91%,-0.05,35,782862,卖盘
13:15:37,221.2,-0.92%,-0.01,19,421607,卖盘
13:15:40,221.05,-0.99%,-0.15,9,218176,卖盘
13:15:43,221.19,-0.92%,+0.14,19,422694,买盘
13:15:58,221.05,-0.99%,-0.14,4,90631,卖盘
13:16:04,221.05,-0.99%,--,2,44210,卖盘
13:16:07,221.19,-0.92%,+0.14,2,55076,买盘
13:16:13,221.19,-0.92%,--,4,88476,卖盘
13:16:16,221.05,-0.99%,-0.14,4,103230,卖盘
13:16:25,221.21,-0.91%,+0.16,2,48003,买盘
13:16:34,221.21,-0.91%,--,0,0,买盘
13:16:40,221.76,-0.67%,+0.55,2,49009,买盘
13:16:46,221.08,-0.97%,-0.68,16,362571,中性盘
13:16:49,221.76,-0.67%,+0.68,30,665280,买盘
13:16:52,221.1,-0.96%,-0.66,0,221,中性盘
13:16:55,221.08,-0.97%,-0.02,2,47532,卖盘
13:17:07,221.14,-0.95%,+0.06,14,329277,卖盘
13:17:10,221.14,-0.95%,--,4,88456,卖盘
13:17:13,221.74,-0.68%,+0.6,10,229057,买盘
13:17:19,221.74,-0.68%,--,4,88696,买盘
13:17:22,221.74,-0.68%,--,12,279392,买盘
13:17:25,221.14,-0.95%,-0.6,18,398494,卖盘
13:17:31,221.25,-0.90%,+0.11,2,44250,卖盘
13:17:34,221.25,-0.90%,--,2,44250,卖盘
13:17:37,221.25,-0.90%,--,0,0,卖盘
13:17:46,221.45,-0.81%,+0.2,5,110725,中性盘
13:17:55,221.45,-0.81%,--,0,0,中性盘
13:17:58,221.45,-0.81%,--,4,101867,卖盘
13:18:01,221.45,-0.81%,--,0,0,卖盘
13:18:04,221.45,-0.81%,--,22,487190,卖盘
13:18:07,221.69,-0.70%,+0.24,11,249401,买盘
13:18:10,221.33,-0.86%,-0.36,2,44266,卖盘
13:18:13,221.69,-0.70%,+0.36,8,177574,买盘
13:18:16,221.3,-0.87%,-0.39,4,88520,卖盘
13:18:19,221.26,-0.89%,-0.04,8,183203,卖盘
13:18:22,221.28,-0.88%,+0.02,2,44256,买盘
13:18:25,221.33,-0.86%,+0.05,10,221330,买盘
13:18:31,221.33,-0.86%,--,0,0,买盘
13:18:34,221.28,-0.88%,-0.05,2,44256,卖盘
13:18:40,221.28,-0.88%,--,21,474424,卖盘
13:18:46,221.26,-0.89%,-0.02,12,273477,卖盘
13:18:49,221.65,-0.72%,+0.39,4,94201,买盘
13:19:04,221.33,-0.86%,-0.32,13,288836,卖盘
13:19:13,221.33,-0.86%,--,0,0,卖盘
13:19:16,221.33,-0.86%,--,43,972524,卖盘
13:19:19,221.26,-0.89%,-0.07,35,778614,卖盘
13:19:22,221.08,-0.97%,-0.18,12,273255,卖盘
13:19:25,221.05,-0.99%,-0.03,13,305270,卖盘
13:19:28,221.25,-0.90%,+0.2,12,268155,买盘
13:19:31,221.01,-1.00%,-0.24,2,51495,卖盘
13:19:40,221.01,-1.00%,--,7,160895,卖盘
13:19:43,221.01,-1.00%,--,2,44202,卖盘
13:19:46,221.03,-0.99%,+0.02,4,103663,买盘
13:19:49,221.03,-0.99%,--,12,273193,卖盘
13:19:52,221.1,-0.96%,+0.07,8,192578,中性盘
13:19:55,221.1,-0.96%,--,0,0,买盘
13:20:01,221.01,-1.00%,-0.09,4,88404,卖盘
13:20:04,221.0,-1.01%,-0.01,13,291941,卖盘
13:20:07,221.0,-1.01%,--,5,117351,卖盘
13:20:10,221.0,-1.01%,--,12,283985,卖盘
13:20:13,221.01,-1.00%,+0.01,2,48843,买盘
13:20:16,221.01,-1.00%,--,5,121556,买盘
13:20:19,221.0,-1.01%,-0.01,12,278018,卖盘
13:20:22,221.24,-0.90%,+0.24,14,318143,买盘
13:20:25,221.0,-1.01%,-0.24,4,103649,卖盘
13:20:43,221.16,-0.94%,+0.16,2,44232,中性盘
13:20:46,221.24,-0.90%,+0.08,3,71239,买盘
13:20:49,221.16,-0.94%,-0.08,6,135571,卖盘
13:20:52,221.16,-0.94%,--,0,0,卖盘
13:20:55,221.17,-0.93%,+0.01,7,157473,卖盘
13:20:58,221.17,-0.93%,--,2,49984,卖盘
13:21:01,221.17,-0.93%,--,2,44234,卖盘
13:21:10,221.31,-0.87%,+0.14,2,44483,买盘
13:21:13,221.15,-0.94%,-0.16,31,693084,卖盘
13:21:16,220.9,-1.05%,-0.25,51,1137193,卖盘
13:21:19,220.9,-1.05%,--,19,426779,卖盘
13:21:19,220.9,-1.05%,--,19,426779,中性盘
13:21:22,221.12,-0.95%,+0.22,12,267776,买盘
13:21:25,220.9,-1.05%,-0.22,7,164571,卖盘
13:21:28,221.15,-0.94%,+0.25,5,115661,买盘
13:21:31,221.12,-0.95%,-0.03,4,88448,卖盘
13:21:34,221.12,-0.95%,--,12,281486,买盘
13:21:37,221.12,-0.95%,--,0,0,买盘
13:21:43,220.9,-1.05%,-0.22,11,251605,卖盘
13:21:46,220.9,-1.05%,--,2,53237,卖盘
13:21:49,220.9,-1.05%,--,6,134749,卖盘
13:21:52,220.9,-1.05%,--,2,45947,卖盘
13:21:55,220.9,-1.05%,--,3,66270,卖盘
13:21:58,221.11,-0.96%,+0.21,14,314861,买盘
13:22:01,220.9,-1.05%,-0.21,2,60306,卖盘
13:22:04,220.9,-1.05%,--,14,309260,卖盘
13:22:07,220.9,-1.05%,--,2,46610,卖盘
13:22:10,221.33,-0.86%,+0.43,46,1024758,买盘
13:22:13,221.0,-1.01%,-0.33,17,380341,卖盘
13:22:16,220.99,-1.01%,-0.01,2,44198,买盘
13:22:19,220.9,-1.05%,-0.09,2,44180,卖盘
13:22:22,220.99,-1.01%,+0.09,39,881529,买盘
13:22:25,221.33,-0.86%,+0.34,15,339078,买盘
13:22:28,220.99,-1.01%,-0.34,2,45303,卖盘
13:22:31,220.99,-1.01%,--,2,44861,卖盘
13:22:34,221.33,-0.86%,+0.34,12,274228,买盘
13:22:37,221.33,-0.86%,--,26,593607,买盘
13:22:40,220.99,-1.01%,-0.34,11,249940,卖盘
13:22:43,221.67,-0.71%,+0.68,6,133002,买盘
13:22:49,221.67,-0.71%,--,0,0,买盘
13:22:52,221.67,-0.71%,--,5,110835,买盘
13:22:55,221.67,-0.71%,--,3,77806,买盘
13:23:07,221.71,-0.69%,+0.04,2,55206,卖盘
13:23:10,221.76,-0.67%,+0.05,2,62093,买盘
13:23:19,221.76,-0.67%,--,12,283188,买盘
13:23:22,221.33,-0.86%,-0.43,6,140987,卖盘
13:23:25,221.76,-0.67%,+0.43,7,155232,买盘
13:23:28,221.33,-0.86%,-0.43,3,78793,卖盘
13:23:34,221.33,-0.86%,--,2,44266,卖盘
13:23:40,221.7,-0.69%,+0.37,3,66510,买盘
13:23:43,221.7,-0.69%,--,17,393739,买盘
13:23:46,221.7,-0.69%,--,0,0,买盘
13:23:49,221.7,-0.69%,--,12,266040,买盘
13:23:52,221.0,-1.01%,-0.7,2,57681,卖盘
13:23:55,221.68,-0.70%,+0.68,10,221680,买盘
13:23:58,221.33,-0.86%,-0.35,11,243463,中性盘
13:24:01,221.19,-0.92%,-0.14,4,97545,卖盘
13:24:04,221.76,-0.67%,+0.57,18,415800,买盘
13:24:07,221.21,-0.91%,-0.55,4,95563,卖盘
13:24:13,221.21,-0.91%,--,0,0,卖盘
13:24:34,221.65,-0.72%,+0.44,2,44330,买盘
13:24:43,221.65,-0.72%,--,0,0,中性盘
13:24:49,221.67,-0.71%,+0.02,11,249157,买盘
13:24:52,221.65,-0.72%,-0.02,5,123902,卖盘
13:24:58,221.67,-0.71%,+0.02,2,44334,买盘
13:25:01,221.23,-0.90%,-0.44,2,44467,卖盘
13:25:04,221.23,-0.90%,--,12,265476,卖盘
13:25:07,221.22,-0.91%,-0.01,2,51765,卖盘
13:25:10,221.22,-0.91%,--,2,45571,卖盘
13:25:13,221.22,-0.91%,--,0,0,卖盘
13:25:16,221.22,-0.91%,--,42,929124,卖盘
13:25:19,221.0,-1.01%,-0.22,6,153374,卖盘
13:25:22,221.0,-1.01%,--,4,88621,卖盘
13:25:25,221.0,-1.01%,--,0,0,卖盘
13:25:28,221.0,-1.01%,--,6,134589,卖盘
13:25:31,221.0,-1.01%,--,0,11050,卖盘
13:25:37,221.19,-0.92%,+0.19,4,90024,买盘
13:25:43,221.19,-0.92%,--,2,44238,卖盘
13:25:46,221.21,-0.91%,+0.02,2,44242,买盘
13:25:49,221.62,-0.73%,+0.41,7,158902,买盘
13:25:52,221.21,-0.91%,-0.41,3,66363,卖盘
13:25:55,221.21,-0.91%,--,3,66363,买盘
13:25:58,221.2,-0.92%,-0.01,8,177624,卖盘
13:26:13,221.2,-0.92%,--,2,62600,卖盘
13:26:28,221.2,-0.92%,--,1,22120,卖盘
13:26:40,221.2,-0.92%,--,2,44240,卖盘
13:26:43,221.5,-0.78%,+0.3,7,155050,买盘
13:26:46,221.36,-0.85%,-0.14,2,45600,卖盘
13:27:01,221.5,-0.78%,+0.14,5,112965,买盘
13:27:04,221.61,-0.73%,+0.11,4,108589,买盘
13:27:07,221.39,-0.83%,-0.22,3,66417,卖盘
13:27:10,221.39,-0.83%,--,4,99847,卖盘
13:27:13,221.61,-0.73%,+0.22,10,224048,买盘
13:27:16,221.61,-0.73%,--,0,0,买盘
13:27:19,221.39,-0.83%,-0.22,8,185082,卖盘
13:27:22,221.02,-1.00%,-0.37,2,46635,卖盘
13:27:25,221.61,-0.73%,+0.59,4,93076,买盘
13:27:28,221.61,-0.73%,--,5,124545,买盘
13:27:31,221.2,-0.92%,-0.41,2,44240,卖盘
13:27:34,221.61,-0.73%,+0.41,4,93076,买盘
13:27:37,221.1,-0.96%,-0.51,2,46873,卖盘
13:27:40,221.61,-0.73%,+0.51,3,76677,买盘
13:27:43,221.63,-0.73%,+0.02,8,189494,买盘
13:27:46,221.1,-0.96%,-0.53,5,110550,卖盘
13:27:49,221.1,-0.96%,--,9,216899,卖盘
13:27:52,221.62,-0.73%,+0.52,7,160453,买盘
13:27:55,221.64,-0.72%,+0.02,6,139190,买盘
13:27:58,221.1,-0.96%,-0.54,2,45326,卖盘
13:28:01,221.1,-0.96%,--,2,45104,卖盘
13:28:04,221.6,-0.74%,+0.5,6,133846,中性盘
13:28:07,221.1,-0.96%,-0.5,13,290083,卖盘
13:28:07,221.1,-0.96%,-0.02,13,290083,中性盘
13:28:10,221.08,-0.97%,-0.02,13,303101,买盘
13:28:16,221.08,-0.97%,--,0,0,卖盘
13:28:19,221.65,-0.72%,+0.57,4,90433,中性盘
13:28:25,221.65,-0.72%,--,0,0,买盘
13:28:28,221.5,-0.78%,-0.15,2,44300,买盘
13:28:31,221.5,-0.78%,--,5,129799,买盘
13:28:34,221.55,-0.76%,+0.05,2,57160,卖盘
13:28:37,221.7,-0.69%,+0.15,13,306611,买盘
13:28:40,221.7,-0.69%,--,5,124374,买盘
13:28:43,221.15,-0.94%,-0.55,2,44672,卖盘
13:28:55,221.69,-0.70%,+0.54,2,52984,中性盘
13:28:58,221.69,-0.70%,--,0,0,买盘
13:29:04,221.15,-0.94%,-0.54,14,318014,卖盘
13:29:07,221.15,-0.94%,--,16,371974,买盘
13:29:10,221.15,-0.94%,--,1,41797,卖盘
13:29:13,221.15,-0.94%,--,26,576980,买盘
13:29:16,221.0,-1.01%,-0.15,8,182325,卖盘
13:29:19,221.0,-1.01%,--,2,44200,卖盘
13:29:22,221.0,-1.01%,--,2,45526,卖盘
13:29:25,221.62,-0.73%,+0.62,4,89313,买盘
13:29:31,221.62,-0.73%,--,2,44324,买盘
13:29:37,221.62,-0.73%,--,5,119453,买盘
13:29:43,221.62,-0.73%,--,0,0,买盘
13:29:46,221.5,-0.78%,-0.12,2,45186,买盘
13:29:52,221.5,-0.78%,--,0,0,买盘
13:29:55,221.49,-0.79%,-0.01,2,44298,买盘
13:29:58,221.5,-0.78%,+0.01,3,87714,买盘
13:30:04,221.0,-1.01%,-0.5,3,66300,卖盘
13:30:07,221.01,-1.00%,+0.01,2,45528,中性盘
13:30:10,221.49,-0.79%,+0.48,3,70877,买盘
13:30:13,221.06,-0.98%,-0.43,12,265272,卖盘
13:30:16,221.09,-0.97%,+0.03,4,102144,中性盘
13:30:22,221.09,-0.97%,--,0,0,卖盘
13:30:28,221.2,-0.92%,+0.11,4,97770,卖盘
13:30:34,221.2,-0.92%,--,0,0,卖盘
13:30:37,221.25,-0.90%,+0.05,12,265500,中性盘
13:30:40,221.24,-0.90%,-0.01,6,142921,卖盘
13:30:43,221.48,-0.79%,+0.24,9,214614,买盘
13:30:46,221.48,-0.79%,--,0,0,中性盘
13:30:52,221.3,-0.87%,-0.18,6,132780,卖盘
13:30:55,221.3,-0.87%,--,2,47137,卖盘
13:30:58,221.5,-0.78%,+0.2,5,124040,买盘
13:31:01,221.57,-0.75%,+0.07,2,52291,买盘
13:31:04,221.6,-0.74%,+0.03,6,151574,买盘
13:31:07,221.36,-0.85%,-0.24,2,44493,卖盘
13:31:10,221.36,-0.85%,--,0,0,卖盘
13:31:13,221.36,-0.85%,--,2,50691,卖盘
13:31:19,221.35,-0.85%,-0.01,2,44270,卖盘
13:31:22,221.35,-0.85%,--,4,88540,卖盘
13:31:25,221.35,-0.85%,--,1,22135,卖盘
13:31:28,221.3,-0.87%,-0.05,2,60194,卖盘
13:31:31,221.3,-0.87%,--,5,119723,卖盘
13:31:31,221.3,-0.87%,-0.06,5,119723,中性盘
13:31:34,221.24,-0.90%,-0.06,2,48673,卖盘
13:31:37,221.3,-0.87%,+0.06,10,232365,买盘
13:31:40,221.2,-0.92%,-0.1,2,54636,卖盘
13:31:43,221.2,-0.92%,--,28,629314,卖盘
13:31:46,221.08,-0.97%,-0.12,2,46206,卖盘
13:31:49,221.3,-0.87%,+0.22,6,132780,买盘
13:31:52,221.0,-1.01%,-0.3,13,297466,卖盘
13:31:55,221.0,-1.01%,--,9,208624,卖盘
13:31:58,221.02,-1.00%,+0.02,4,88408,中性盘
13:32:01,221.02,-1.00%,--,0,0,卖盘
13:32:04,221.03,-0.99%,+0.01,11,253963,卖盘
13:32:07,221.25,-0.90%,+0.22,11,245588,买盘
13:32:10,221.02,-1.00%,-0.23,4,88408,卖盘
13:32:16,221.02,-1.00%,--,2,44204,卖盘
13:32:19,221.0,-1.01%,-0.02,2,45968,卖盘
13:32:22,221.02,-1.00%,+0.02,2,44204,买盘
13:32:25,221.29,-0.88%,+0.27,2,44258,买盘
13:32:28,221.3,-0.87%,+0.01,2,44260,买盘
13:32:31,221.02,-1.00%,-0.28,2,44204,卖盘
13:32:34,221.02,-1.00%,--,4,88408,买盘
13:32:37,221.0,-1.01%,-0.02,2,46410,卖盘
13:32:40,221.0,-1.01%,--,17,382551,卖盘
13:32:43,221.02,-1.00%,+0.02,28,630349,买盘
13:32:46,220.9,-1.05%,-0.12,12,270382,卖盘
13:32:49,220.52,-1.22%,-0.38,6,138707,卖盘
13:32:52,220.92,-1.04%,+0.4,2,44184,买盘
13:32:55,220.5,-1.23%,-0.42,13,306716,卖盘
13:32:58,220.51,-1.23%,+0.01,1,24036,买盘
13:33:01,220.5,-1.23%,-0.01,4,88200,卖盘
13:33:04,220.5,-1.23%,--,4,95036,卖盘
13:33:07,220.52,-1.22%,+0.02,65,1433380,中性盘
13:33:10,220.5,-1.23%,-0.02,17,382568,卖盘
13:33:13,220.5,-1.23%,--,4,98123,卖盘
13:33:16,220.5,-1.23%,--,7,155673,卖盘
13:33:19,220.5,-1.23%,--,2,65268,卖盘
13:33:22,220.5,-1.23%,--,2,45864,卖盘
13:33:25,220.28,-1.33%,-0.22,10,232616,卖盘
13:33:34,220.5,-1.23%,+0.22,47,1054872,买盘
13:33:37,220.2,-1.37%,-0.3,12,275911,卖盘
13:33:40,220.24,-1.35%,+0.04,9,199317,卖盘
13:33:46,220.19,-1.37%,-0.05,3,66057,卖盘
13:33:49,220.18,-1.38%,-0.01,5,110090,卖盘
13:33:52,220.24,-1.35%,+0.06,11,251734,买盘
13:33:55,220.18,-1.38%,-0.06,6,133429,卖盘
13:33:58,220.1,-1.41%,-0.08,12,271824,卖盘
13:34:01,220.1,-1.41%,--,16,366907,卖盘
13:34:07,220.07,-1.42%,-0.03,6,132042,卖盘
13:34:10,220.06,-1.43%,-0.01,2,46653,卖盘
13:34:13,220.06,-1.43%,--,6,140838,卖盘
13:34:16,220.05,-1.43%,-0.01,4,91981,中性盘
13:34:19,220.02,-1.45%,-0.03,22,488444,中性盘
13:34:22,220.01,-1.45%,-0.01,9,211430,卖盘
13:34:25,220.0,-1.46%,-0.01,62,1376320,卖盘
13:34:28,219.89,-1.51%,-0.11,16,354902,卖盘
13:34:31,219.8,-1.55%,-0.09,12,283322,卖盘
13:34:34,219.8,-1.55%,--,3,82865,卖盘
13:34:37,219.7,-1.59%,-0.1,2,56024,卖盘
13:34:40,219.7,-1.59%,--,9,208495,卖盘
13:34:43,219.6,-1.63%,-0.1,5,129564,卖盘
13:34:46,219.7,-1.59%,+0.1,4,87880,买盘
13:34:49,219.6,-1.63%,-0.1,9,213232,卖盘
13:34:52,219.58,-1.64%,-0.02,4,100348,卖盘
13:34:55,219.58,-1.64%,--,0,5270,卖盘
13:34:55,219.58,-1.64%,--,0,5270,中性盘
13:34:58,219.6,-1.63%,+0.02,8,189076,买盘
13:35:01,219.6,-1.63%,--,14,307440,买盘
13:35:04,219.6,-1.63%,--,44,969314,买盘
13:35:07,219.6,-1.63%,--,23,521550,卖盘
13:35:10,219.6,-1.63%,--,15,341039,卖盘
13:35:13,219.88,-1.51%,+0.28,12,277708,买盘
13:35:16,219.89,-1.51%,+0.01,12,282779,买盘
13:35:19,219.89,-1.51%,--,9,201419,买盘
13:35:22,219.7,-1.59%,-0.19,11,246723,卖盘
13:35:25,219.89,-1.51%,+0.19,2,65087,买盘
13:35:31,220.0,-1.46%,+0.11,12,276980,买盘
13:35:34,219.9,-1.50%,-0.1,10,226277,卖盘
13:35:37,219.9,-1.50%,--,6,141836,卖盘
13:35:40,220.0,-1.46%,+0.1,6,137720,买盘
13:35:43,220.0,-1.46%,--,4,92620,买盘
13:35:46,220.0,-1.46%,--,13,289080,买盘
13:35:49,219.91,-1.50%,-0.09,6,135465,卖盘
13:35:52,220.0,-1.46%,+0.09,8,176000,买盘
13:35:55,220.0,-1.46%,--,79,1759780,买盘
13:35:58,220.0,-1.46%,--,20,449460,卖盘
13:36:01,220.51,-1.23%,+0.51,9,208161,买盘
13:36:04,220.5,-1.23%,-0.01,6,150161,卖盘
13:36:07,220.04,-1.44%,-0.46,21,468465,中性盘
13:36:10,220.5,-1.23%,+0.46,2,44100,买盘
13:36:13,220.04,-1.44%,-0.46,7,175592,卖盘
13:36:16,220.51,-1.23%,+0.47,10,233079,买盘
13:36:19,220.5,-1.23%,-0.01,8,178826,卖盘
13:36:22,220.03,-1.44%,-0.47,42,925666,卖盘
13:36:25,220.04,-1.44%,+0.01,19,425337,中性盘
13:36:31,220.25,-1.34%,+0.21,16,363413,买盘
13:36:34,220.4,-1.28%,+0.15,9,200344,买盘
13:36:37,220.25,-1.34%,-0.15,14,316940,卖盘
13:36:40,220.25,-1.34%,--,2,44050,卖盘
13:36:43,220.04,-1.44%,-0.21,4,94617,卖盘
13:36:46,220.93,-1.04%,+0.89,50,1104650,买盘
13:36:49,220.69,-1.15%,-0.24,16,363256,中性盘
13:36:55,220.45,-1.25%,-0.24,14,317889,买盘
13:37:01,220.26,-1.34%,-0.19,8,196252,卖盘
13:37:04,220.26,-1.34%,--,13,288320,卖盘
13:37:07,220.04,-1.44%,-0.22,22,486288,卖盘
13:37:10,220.04,-1.44%,--,7,172511,卖盘
13:37:13,220.04,-1.44%,--,4,93957,卖盘
13:37:16,220.04,-1.44%,--,13,286052,卖盘
13:37:19,220.0,-1.46%,-0.04,25,569800,卖盘
13:37:22,219.7,-1.59%,-0.3,9,204321,卖盘
13:37:25,220.04,-1.44%,+0.34,10,225761,买盘
13:37:28,220.01,-1.45%,-0.03,15,333975,卖盘
13:37:31,219.7,-1.59%,-0.31,2,52289,卖盘
13:37:34,220.0,-1.46%,+0.3,5,123860,卖盘
13:37:40,219.89,-1.51%,-0.11,24,546866,中性盘
13:37:43,219.89,-1.51%,--,9,205597,买盘
13:37:46,219.6,-1.63%,-0.29,4,91354,卖盘
13:37:49,219.89,-1.51%,+0.29,17,384148,买盘
13:37:58,219.89,-1.51%,--,0,0,买盘
13:38:01,219.63,-1.62%,-0.26,13,288594,卖盘
13:38:04,219.6,-1.63%,-0.03,14,312710,卖盘
13:38:07,219.53,-1.67%,-0.07,9,206578,卖盘
13:38:10,219.53,-1.67%,--,2,43906,买盘
13:38:16,219.5,-1.68%,-0.03,15,335835,卖盘
13:38:22,219.5,-1.68%,--,3,72216,中性盘
13:38:22,219.5,-1.68%,--,3,72216,卖盘
13:38:25,219.5,-1.68%,--,4,87800,卖盘
13:38:31,219.6,-1.63%,+0.1,2,52704,买盘
13:38:34,219.6,-1.63%,--,19,435906,买盘
13:38:37,219.5,-1.68%,-0.1,48,1059746,卖盘
13:38:40,219.5,-1.68%,--,23,506826,买盘
13:38:43,219.31,-1.76%,-0.19,11,253742,卖盘
13:38:46,219.26,-1.79%,-0.05,15,334372,卖盘
13:38:49,219.26,-1.79%,--,0,0,卖盘
13:38:52,219.19,-1.82%,-0.07,7,170749,卖盘
13:38:55,219.19,-1.82%,--,0,0,卖盘
13:38:58,219.19,-1.82%,--,4,91841,卖盘
13:39:01,219.1,-1.86%,-0.09,9,212746,卖盘
13:39:04,219.25,-1.79%,+0.15,5,110064,中性盘
13:39:07,219.31,-1.76%,+0.06,15,346510,买盘
13:39:10,219.39,-1.73%,+0.08,39,869223,中性盘
13:39:13,219.5,-1.68%,+0.11,12,281619,中性盘
13:39:19,219.6,-1.63%,+0.1,8,189954,买盘
13:39:22,219.6,-1.63%,--,2,43920,买盘
13:39:25,219.58,-1.64%,-0.02,2,43916,中性盘
13:39:28,219.61,-1.63%,+0.03,16,355109,买盘
13:39:31,219.6,-1.63%,-0.01,7,160967,卖盘
13:39:34,219.58,-1.64%,-0.02,4,88710,卖盘
13:39:40,219.61,-1.63%,+0.03,10,239814,中性盘
13:39:43,219.58,-1.64%,-0.03,8,194767,卖盘
13:39:46,219.58,-1.64%,--,10,221995,买盘
13:39:49,219.58,-1.64%,--,11,263057,买盘
13:39:52,219.58,-1.64%,--,17,390633,买盘
13:39:55,219.58,-1.64%,--,2,57969,卖盘
13:39:58,219.6,-1.63%,+0.02,2,43920,卖盘
13:40:01,219.88,-1.51%,+0.28,10,223398,买盘
13:40:04,219.6,-1.63%,-0.28,23,515182,卖盘
13:40:07,219.67,-1.60%,+0.07,13,290843,中性盘
13:40:10,219.67,-1.60%,--,6,147838,买盘
13:40:13,219.88,-1.51%,+0.21,10,225817,买盘
13:40:16,219.67,-1.60%,-0.21,22,483274,卖盘
13:40:19,219.89,-1.51%,+0.22,5,128636,买盘
13:40:22,219.9,-1.50%,+0.01,2,44420,卖盘
13:40:25,220.2,-1.37%,+0.3,24,533545,买盘
13:40:28,219.68,-1.60%,-0.52,5,114893,卖盘
13:40:31,220.2,-1.37%,+0.52,23,509763,买盘
13:40:34,220.2,-1.37%,--,7,155021,卖盘
13:40:37,220.5,-1.23%,+0.3,3,70560,买盘
13:40:40,220.2,-1.37%,-0.3,2,59234,卖盘
13:40:43,220.5,-1.23%,+0.3,16,364266,买盘
13:40:46,220.78,-1.11%,+0.28,4,95819,买盘
13:40:49,220.51,-1.23%,-0.27,2,44543,中性盘
13:40:52,220.52,-1.22%,+0.01,6,138266,中性盘
13:40:55,220.52,-1.22%,--,6,140471,卖盘
13:40:58,220.52,-1.22%,--,14,328575,中性盘
13:41:01,220.93,-1.04%,+0.41,2,44186,买盘
13:41:04,221.0,-1.01%,+0.07,37,834054,买盘
13:41:07,220.91,-1.05%,-0.09,38,861328,卖盘
13:41:10,220.9,-1.05%,-0.01,12,280764,中性盘
13:41:13,220.79,-1.10%,-0.11,8,195178,卖盘
13:41:16,221.01,-1.00%,+0.22,6,138131,买盘
13:41:19,220.91,-1.05%,-0.1,2,54786,卖盘
13:41:22,220.91,-1.05%,--,6,147789,卖盘
13:41:25,220.91,-1.05%,--,4,110013,卖盘
13:41:31,220.91,-1.05%,--,13,301984,买盘
13:41:34,221.3,-0.87%,+0.39,25,569848,买盘
13:41:37,220.91,-1.05%,-0.39,11,244989,卖盘
13:41:40,220.92,-1.04%,+0.01,5,121285,买盘
13:41:43,221.08,-0.97%,+0.16,4,95507,中性盘
13:41:46,221.07,-0.98%,-0.01,2,44214,卖盘
13:41:46,221.07,-0.98%,--,2,44214,中性盘
13:41:46,221.07,-0.98%,--,2,44214,卖盘
13:41:49,221.07,-0.98%,--,0,0,卖盘
13:41:52,221.29,-0.88%,+0.22,37,820986,买盘
13:41:55,220.52,-1.22%,-0.77,9,200673,卖盘
13:42:01,221.08,-0.97%,+0.56,6,146355,买盘
13:42:04,221.08,-0.97%,--,0,0,买盘
13:42:07,220.85,-1.08%,-0.23,9,212458,买盘
13:42:10,220.87,-1.07%,+0.02,4,93207,中性盘
13:42:13,220.86,-1.07%,-0.01,5,130970,卖盘
13:42:19,221.35,-0.85%,+0.49,9,199879,买盘
13:42:22,220.87,-1.07%,-0.48,25,555267,卖盘
13:42:25,220.68,-1.15%,-0.19,2,52743,卖盘
13:42:28,220.87,-1.07%,+0.19,12,275425,买盘
13:42:31,220.87,-1.07%,--,9,209827,买盘
13:42:34,220.65,-1.16%,-0.22,2,44130,卖盘
13:42:37,220.87,-1.07%,+0.22,2,48371,买盘
13:42:40,220.87,-1.07%,--,9,213140,买盘
13:42:43,220.87,-1.07%,--,2,44174,卖盘
13:42:49,220.91,-1.05%,+0.04,2,44182,买盘
13:42:52,220.65,-1.16%,-0.26,2,44130,卖盘
13:42:58,220.91,-1.05%,+0.26,5,110455,买盘
13:43:01,220.91,-1.05%,--,5,121059,买盘
13:43:04,220.91,-1.05%,--,7,154637,买盘
13:43:07,220.91,-1.05%,--,6,132546,买盘
13:43:10,220.91,-1.05%,--,5,123489,买盘
13:43:13,221.08,-0.97%,+0.17,3,66324,买盘
13:43:16,221.09,-0.97%,+0.01,19,441738,买盘
13:43:19,221.1,-0.96%,+0.01,4,94410,中性盘
13:43:22,221.3,-0.87%,+0.2,18,399004,买盘
13:43:25,221.35,-0.85%,+0.05,39,863265,买盘
13:43:31,221.32,-0.86%,-0.03,8,187901,买盘
13:43:34,221.32,-0.86%,--,4,88528,卖盘
13:43:40,221.35,-0.85%,+0.03,2,44270,买盘
13:43:43,221.48,-0.79%,+0.13,2,44296,买盘
13:43:46,221.14,-0.95%,-0.34,51,1142630,卖盘
13:43:49,221.14,-0.95%,--,2,44228,买盘
13:43:52,221.14,-0.95%,--,6,139318,买盘
13:44:07,220.71,-1.14%,-0.43,5,110355,卖盘
13:44:10,220.54,-1.21%,-0.17,29,650593,卖盘
13:44:13,221.14,-0.95%,+0.6,5,110570,买盘
13:44:16,220.92,-1.04%,-0.22,3,68043,买盘
13:44:19,220.88,-1.06%,-0.04,2,44176,中性盘
13:44:22,220.88,-1.06%,--,1,22088,卖盘
13:44:25,220.7,-1.14%,-0.18,2,58486,买盘
13:44:28,220.71,-1.14%,+0.01,2,44142,卖盘
13:44:34,220.92,-1.04%,+0.21,10,220920,买盘
13:44:43,220.71,-1.14%,-0.21,2,65992,卖盘
13:44:49,220.71,-1.14%,--,0,0,卖盘
13:44:52,220.9,-1.05%,+0.19,6,148224,买盘
13:44:58,220.9,-1.05%,--,4,99847,买盘
13:45:01,220.89,-1.06%,-0.01,2,44178,买盘
13:45:04,220.7,-1.14%,-0.19,8,180974,卖盘
13:45:07,220.7,-1.14%,--,4,92473,卖盘
13:45:10,220.7,-1.14%,--,0,0,中性盘
13:45:10,220.7,-1.14%,--,0,0,买盘
13:45:13,220.55,-1.21%,-0.15,5,122185,卖盘
13:45:16,220.55,-1.21%,--,0,0,卖盘
13:45:19,220.55,-1.21%,--,0,0,买盘
13:45:22,220.53,-1.22%,-0.02,8,176424,卖盘
13:45:28,220.54,-1.21%,+0.01,6,136735,买盘
13:45:31,220.51,-1.23%,-0.03,0,19184,卖盘
13:45:34,220.51,-1.23%,--,0,0,买盘
13:45:37,220.06,-1.43%,-0.45,3,66018,中性盘
13:45:43,220.11,-1.41%,+0.05,4,88044,卖盘
13:45:46,220.89,-1.06%,+0.78,10,220890,买盘
13:45:49,220.22,-1.36%,-0.67,2,44044,中性盘
13:45:52,220.89,-1.06%,+0.67,5,131209,买盘
13:45:55,220.24,-1.35%,-0.65,5,110120,中性盘
13:45:58,220.24,-1.35%,--,6,151966,卖盘
13:46:04,220.24,-1.35%,--,0,0,卖盘
13:46:07,220.28,-1.33%,+0.04,9,201776,卖盘
13:46:10,220.28,-1.33%,--,0,0,卖盘
13:46:13,220.89,-1.06%,+0.61,4,96750,买盘
13:46:19,220.89,-1.06%,--,0,0,买盘
13:46:22,220.59,-1.19%,-0.3,2,44118,卖盘
13:46:28,220.59,-1.19%,--,6,132575,卖盘
13:46:31,220.38,-1.29%,-0.21,2,44076,卖盘
13:46:34,220.59,-1.19%,+0.21,5,120442,买盘
13:46:37,220.84,-1.08%,+0.25,8,186610,中性盘
13:46:46,220.84,-1.08%,--,2,46376,买盘
13:46:52,220.59,-1.19%,-0.25,12,264708,卖盘
13:46:55,220.59,-1.19%,--,0,0,卖盘
13:46:58,220.89,-1.06%,+0.3,5,110445,买盘
13:47:01,220.66,-1.16%,-0.23,2,44132,买盘
13:47:04,220.59,-1.19%,-0.07,7,161472,卖盘
13:47:16,220.45,-1.25%,-0.14,5,110225,卖盘
13:47:19,220.44,-1.26%,-0.01,4,91262,卖盘
13:47:25,220.59,-1.19%,+0.15,2,44118,买盘
13:47:28,220.56,-1.20%,-0.03,3,79181,中性盘
13:47:31,220.45,-1.25%,-0.11,0,9038,买盘
13:47:37,220.45,-1.25%,--,0,0,卖盘
13:47:43,220.59,-1.19%,+0.14,7,166766,买盘
13:47:46,220.59,-1.19%,--,2,44118,买盘
13:47:55,220.59,-1.19%,--,0,0,买盘
13:47:58,220.43,-1.26%,-0.16,8,186043,卖盘
13:48:01,220.43,-1.26%,--,0,0,卖盘
13:48:04,220.44,-1.26%,+0.01,4,88176,卖盘
13:48:10,220.55,-1.21%,+0.11,7,162766,买盘
13:48:13,220.43,-1.26%,-0.12,2,44086,卖盘
13:48:19,220.43,-1.26%,--,8,180973,买盘
13:48:31,220.43,-1.26%,--,3,83543,买盘
13:48:34,220.32,-1.31%,-0.11,22,499245,卖盘
13:48:34,220.32,-1.31%,--,22,499245,中性盘
13:48:34,220.32,-1.31%,--,22,499245,买盘
13:48:40,220.33,-1.31%,+0.01,4,103996,买盘
13:48:43,220.3,-1.32%,-0.03,8,189458,卖盘
13:48:58,220.3,-1.32%,--,17,395218,卖盘
13:49:01,220.24,-1.35%,-0.06,2,46471,卖盘
13:49:04,220.07,-1.42%,-0.17,3,85607,买盘
13:49:07,220.1,-1.41%,+0.03,8,176080,中性盘
13:49:10,220.29,-1.33%,+0.19,6,153762,买盘
13:49:13,220.29,-1.33%,--,3,75119,买盘
13:49:25,220.56,-1.20%,+0.27,13,291360,买盘
13:49:28,220.37,-1.29%,-0.19,16,363611,卖盘
13:49:34,220.87,-1.07%,+0.5,2,46383,买盘
13:49:37,220.69,-1.15%,-0.18,0,2869,卖盘
13:49:40,220.87,-1.07%,+0.18,2,44174,买盘
13:49:49,220.6,-1.19%,-0.27,2,50959,卖盘
13:49:52,220.87,-1.07%,+0.27,2,44174,买盘
13:49:55,220.87,-1.07%,--,4,89011,买盘
13:49:58,220.6,-1.19%,-0.27,8,195010,卖盘
13:50:04,220.6,-1.19%,--,7,165450,买盘
13:50:10,220.6,-1.19%,--,2,44120,买盘
13:50:13,220.51,-1.23%,-0.09,34,753042,卖盘
13:50:16,220.5,-1.23%,-0.01,7,158540,卖盘
13:50:19,220.6,-1.19%,+0.1,6,133904,中性盘
13:50:22,220.5,-1.23%,-0.1,8,188528,卖盘
13:50:43,220.5,-1.23%,--,5,120173,买盘
13:50:46,220.5,-1.23%,--,0,0,中性盘
13:50:55,220.35,-1.30%,-0.15,4,88801,卖盘
13:50:58,220.33,-1.31%,-0.02,2,59709,卖盘
13:51:01,220.35,-1.30%,+0.02,5,110175,买盘
13:51:04,220.35,-1.30%,--,0,0,买盘
13:51:07,220.34,-1.30%,-0.01,2,44068,卖盘
13:51:16,220.33,-1.31%,-0.01,4,88132,卖盘
13:51:25,220.33,-1.31%,--,2,44066,卖盘
13:51:34,220.35,-1.30%,+0.02,3,67647,买盘
13:51:37,220.8,-1.10%,+0.45,20,441600,买盘
13:51:40,220.37,-1.29%,-0.43,14,310061,中性盘
13:51:43,220.58,-1.20%,+0.21,2,44116,买盘
13:51:46,220.37,-1.29%,-0.21,8,190840,卖盘
13:51:52,220.37,-1.29%,--,3,73604,卖盘
13:51:52,220.37,-1.29%,-0.01,3,73604,中性盘
13:52:04,220.36,-1.29%,-0.01,0,14544,买盘
13:52:10,220.8,-1.10%,+0.44,15,342682,买盘
13:52:16,220.8,-1.10%,--,6,153456,买盘
13:52:19,221.0,-1.01%,+0.2,30,663000,买盘
13:52:22,220.38,-1.29%,-0.62,2,58621,卖盘
13:52:25,220.37,-1.29%,-0.01,12,279209,卖盘
13:52:28,220.37,-1.29%,--,0,0,卖盘
13:52:31,220.8,-1.10%,+0.43,10,220800,买盘
13:52:34,220.8,-1.10%,--,9,204461,买盘
13:52:37,220.74,-1.12%,-0.06,2,44148,卖盘
13:52:40,220.5,-1.23%,-0.24,8,197348,卖盘
13:52:43,220.74,-1.12%,+0.24,29,648534,中性盘
13:52:46,220.5,-1.23%,-0.24,17,379260,买盘
13:52:49,220.4,-1.28%,-0.1,6,132240,卖盘
13:52:52,220.4,-1.28%,--,0,0,卖盘
13:52:58,220.55,-1.21%,-0.19,2,47418,中性盘
13:53:01,220.52,-1.22%,-0.03,2,49617,卖盘
13:53:04,220.5,-1.23%,-0.02,2,44100,卖盘
13:53:07,220.5,-1.23%,--,2,44100,中性盘
13:53:10,220.52,-1.22%,+0.02,9,218756,买盘
13:53:13,220.52,-1.22%,--,0,0,中性盘
13:53:19,220.52,-1.22%,--,2,44104,卖盘
13:53:25,220.52,-1.22%,--,0,0,卖盘
13:53:28,220.53,-1.22%,+0.01,4,88212,卖盘
13:53:34,220.53,-1.22%,--,0,0,卖盘
13:53:37,220.54,-1.21%,+0.01,3,66162,卖盘
13:53:40,220.72,-1.13%,+0.18,2,44365,买盘
13:53:46,220.74,-1.12%,+0.02,3,84764,买盘
13:53:49,220.74,-1.12%,--,0,0,中性盘
13:53:55,220.54,-1.21%,-0.2,64,1418513,卖盘
13:54:01,220.42,-1.27%,-0.12,14,309029,卖盘
13:54:04,220.42,-1.27%,--,2,50035,买盘
13:54:07,220.4,-1.28%,-0.02,4,96315,卖盘
13:54:16,220.74,-1.12%,+0.34,6,132444,买盘
13:54:19,220.76,-1.12%,+0.02,3,66228,买盘
13:54:28,220.76,-1.12%,--,7,154532,买盘
13:54:31,220.45,-1.25%,-0.31,4,88180,卖盘
13:54:34,220.76,-1.12%,+0.31,2,52099,买盘
13:54:37,220.76,-1.12%,--,3,66228,卖盘
13:54:40,220.4,-1.28%,-0.36,38,839063,卖盘
13:54:43,220.36,-1.29%,-0.04,10,232700,卖盘
13:54:46,220.4,-1.28%,+0.04,23,506920,买盘
13:54:49,220.33,-1.31%,-0.07,7,161722,卖盘
13:54:52,220.33,-1.31%,--,4,97606,卖盘
13:54:58,220.18,-1.38%,-0.15,2,44036,卖盘
13:55:04,220.33,-1.31%,+0.15,2,46049,卖盘
13:55:07,220.4,-1.28%,+0.07,6,132240,买盘
13:55:10,220.4,-1.28%,--,0,0,买盘
13:55:13,220.4,-1.28%,--,6,145023,买盘
13:55:16,220.33,-1.31%,-0.07,2,44507,中性盘
13:55:16,220.33,-1.31%,-0.15,2,44507,中性盘
13:55:28,220.18,-1.38%,-0.15,15,345462,卖盘
13:55:31,220.18,-1.38%,--,0,0,卖盘
13:55:34,220.19,-1.37%,+0.01,2,44038,卖盘
13:55:40,220.12,-1.40%,-0.07,12,264144,卖盘
13:55:43,220.12,-1.40%,--,2,49307,卖盘
13:55:46,220.12,-1.40%,--,2,45785,卖盘
13:55:52,220.12,-1.40%,--,2,44024,卖盘
13:55:55,220.1,-1.41%,-0.02,5,110930,卖盘
13:55:58,220.12,-1.40%,+0.02,2,44024,买盘
13:56:01,220.1,-1.41%,-0.02,2,44020,卖盘
13:56:13,220.1,-1.41%,--,2,44020,卖盘
13:56:16,220.18,-1.38%,+0.08,1,41394,买盘
13:56:22,220.24,-1.35%,+0.06,8,176192,买盘
13:56:25,220.12,-1.40%,-0.12,5,112041,中性盘
13:56:28,220.11,-1.41%,-0.01,18,396198,卖盘
13:56:31,220.12,-1.40%,+0.01,11,242132,中性盘
13:56:34,220.32,-1.31%,+0.2,13,297652,买盘
13:56:37,220.12,-1.40%,-0.2,7,156285,卖盘
13:56:40,220.12,-1.40%,--,57,1258206,卖盘
13:56:46,220.12,-1.40%,--,15,346029,卖盘
13:56:49,220.12,-1.40%,--,5,118645,卖盘
13:56:52,220.12,-1.40%,--,4,88048,卖盘
13:57:01,220.12,-1.40%,--,2,50848,卖盘
13:57:04,220.21,-1.36%,+0.09,4,96452,买盘
13:57:07,220.31,-1.32%,+0.1,2,45164,中性盘
13:57:10,220.32,-1.31%,+0.01,13,292805,买盘
13:57:13,220.12,-1.40%,-0.2,2,44024,卖盘
13:57:16,220.32,-1.31%,+0.2,6,136158,买盘
13:57:19,220.32,-1.31%,--,8,187492,买盘
13:57:22,220.12,-1.40%,-0.2,2,51288,卖盘
13:57:25,220.32,-1.31%,+0.2,2,63672,买盘
13:57:34,220.14,-1.39%,-0.18,2,44028,卖盘
13:57:46,220.14,-1.39%,--,2,44468,卖盘
13:57:52,220.14,-1.39%,--,2,65602,买盘
13:57:55,220.14,-1.39%,--,0,0,中性盘
13:58:04,220.32,-1.31%,+0.18,9,213270,买盘
13:58:07,220.14,-1.39%,-0.18,2,49091,卖盘
13:58:16,220.15,-1.39%,+0.01,2,44030,中性盘
13:58:25,220.32,-1.31%,+0.17,11,242352,买盘
13:58:28,220.14,-1.39%,-0.18,7,158061,卖盘
13:58:31,220.14,-1.39%,--,2,48871,卖盘
13:58:34,220.14,-1.39%,--,0,0,卖盘
13:58:37,220.15,-1.39%,+0.01,10,230057,卖盘
13:58:40,220.32,-1.31%,+0.17,2,44064,买盘
13:58:43,220.15,-1.39%,-0.17,10,232478,卖盘
13:58:43,220.15,-1.39%,--,10,232478,中性盘
13:58:49,220.15,-1.39%,--,2,44030,卖盘
13:58:58,220.15,-1.39%,--,2,54377,卖盘
13:59:07,220.2,-1.37%,+0.05,2,57472,买盘
13:59:10,220.16,-1.38%,-0.04,2,44032,中性盘
13:59:13,220.16,-1.38%,--,2,44032,卖盘
13:59:16,220.14,-1.39%,-0.02,44,969937,卖盘
13:59:19,220.14,-1.39%,--,2,44028,买盘
13:59:22,220.14,-1.39%,--,25,556294,买盘
13:59:25,220.32,-1.31%,+0.18,8,195424,买盘
13:59:28,220.32,-1.31%,--,2,44064,买盘
13:59:31,220.17,-1.38%,-0.15,3,66051,中性盘
13:59:37,220.27,-1.33%,+0.1,2,62116,买盘
13:59:40,220.28,-1.33%,+0.01,9,204640,卖盘
13:59:43,220.17,-1.38%,-0.11,2,44254,卖盘
13:59:46,220.32,-1.31%,+0.15,10,233760,买盘
13:59:49,220.32,-1.31%,--,0,0,买盘
13:59:55,220.3,-1.32%,-0.02,2,45822,卖盘
13:59:58,220.32,-1.31%,+0.02,10,220320,买盘
14:00:01,220.4,-1.28%,+0.08,116,2562370,买盘
14:00:04,220.5,-1.23%,+0.1,7,161627,买盘
14:00:07,220.76,-1.12%,+0.26,20,441520,买盘
14:00:10,220.93,-1.04%,+0.17,8,176744,买盘
14:00:13,220.98,-1.02%,+0.05,14,321305,买盘
14:00:16,221.0,-1.01%,+0.02,3,87958,买盘
14:00:19,221.0,-1.01%,--,45,995384,买盘
14:00:22,220.93,-1.04%,-0.07,6,141395,卖盘
14:00:25,220.79,-1.10%,-0.14,14,309106,买盘
14:00:28,220.8,-1.10%,+0.01,22,485760,中性盘
14:00:31,220.83,-1.08%,+0.03,6,136694,中性盘
14:00:34,221.43,-0.82%,+0.6,5,121122,买盘
14:00:40,221.43,-0.82%,--,0,0,买盘
14:00:43,221.01,-1.00%,-0.42,5,118903,卖盘
14:00:46,221.41,-0.82%,+0.4,2,44282,买盘
14:00:49,221.41,-0.82%,--,0,0,买盘
14:00:52,221.04,-0.99%,-0.37,12,274532,中性盘
14:00:55,221.03,-0.99%,-0.01,3,67856,卖盘
14:00:58,221.03,-0.99%,--,0,0,卖盘
14:01:01,221.04,-0.99%,+0.01,11,258396,卖盘
14:01:04,221.04,-0.99%,--,2,45313,卖盘
14:01:10,221.33,-0.86%,+0.29,2,44266,买盘
14:01:16,221.2,-0.92%,-0.13,6,136480,中性盘
14:01:19,221.33,-0.86%,+0.13,14,310747,买盘
14:01:22,221.01,-1.00%,-0.32,3,86194,卖盘
14:01:25,221.37,-0.84%,+0.36,4,108471,买盘
14:01:28,221.38,-0.84%,+0.01,2,44497,买盘
14:01:31,221.39,-0.83%,+0.01,8,199030,买盘
14:01:34,221.18,-0.93%,-0.21,2,44236,卖盘
14:01:37,221.38,-0.84%,+0.2,9,204334,买盘
14:01:40,221.38,-0.84%,--,0,0,买盘
14:01:43,221.35,-0.85%,-0.03,2,44270,买盘
14:01:46,221.38,-0.84%,+0.03,4,106705,买盘
14:01:49,221.08,-0.97%,-0.3,2,59028,中性盘
14:01:52,221.1,-0.96%,+0.02,4,88440,中性盘
14:01:55,221.08,-0.97%,-0.02,2,51291,卖盘
14:01:58,221.25,-0.90%,+0.17,2,44693,买盘
14:02:01,221.06,-0.98%,-0.19,2,44212,卖盘
14:02:07,221.41,-0.82%,+0.35,43,966897,买盘
14:02:10,221.19,-0.92%,-0.22,18,418491,卖盘
14:02:10,221.19,-0.92%,--,18,418491,中性盘
14:02:13,221.2,-0.92%,+0.01,14,331358,买盘
14:02:16,221.41,-0.82%,+0.21,5,113362,买盘
14:02:19,221.43,-0.82%,+0.02,3,66429,买盘
14:02:22,221.43,-0.82%,--,4,88572,买盘
14:02:25,221.55,-0.76%,+0.12,12,277824,买盘
14:02:28,221.55,-0.76%,--,6,132930,买盘
14:02:31,221.55,-0.76%,--,9,199395,买盘
14:02:34,221.84,-0.63%,+0.29,25,571682,买盘
14:02:37,221.62,-0.73%,-0.22,145,3233879,中性盘
14:02:40,221.84,-0.63%,+0.22,10,222727,买盘
14:02:43,221.99,-0.56%,+0.15,6,133194,买盘
14:02:46,222.0,-0.56%,+0.01,8,198246,买盘
14:02:52,221.63,-0.73%,-0.37,23,515733,卖盘
14:02:55,222.0,-0.56%,+0.37,6,143856,买盘
14:02:58,222.0,-0.56%,--,2,44400,买盘
14:03:01,222.0,-0.56%,--,25,558330,买盘
14:03:04,222.0,-0.56%,--,6,144966,买盘
14:03:07,221.78,-0.66%,-0.22,4,89599,买盘
14:03:10,221.55,-0.76%,-0.23,19,437340,卖盘
14:03:13,221.4,-0.83%,-0.15,5,120663,卖盘
14:03:16,221.56,-0.76%,+0.16,5,130942,买盘
14:03:19,221.56,-0.76%,--,0,0,买盘
14:03:22,221.55,-0.76%,-0.01,7,171037,买盘
14:03:25,221.55,-0.76%,--,0,0,买盘
14:03:28,221.33,-0.86%,-0.22,2,45373,买盘
14:03:31,221.19,-0.92%,-0.14,2,50653,卖盘
14:03:37,221.63,-0.73%,+0.44,4,105053,买盘
14:03:43,221.63,-0.73%,--,0,0,买盘
14:03:46,221.55,-0.76%,-0.08,18,403221,买盘
14:03:49,221.78,-0.66%,+0.23,5,125306,买盘
14:03:52,221.55,-0.76%,-0.23,2,44310,卖盘
14:03:55,221.55,-0.76%,--,6,132930,卖盘
14:03:58,221.4,-0.83%,-0.15,2,53800,卖盘
14:04:01,221.56,-0.76%,+0.16,6,135816,买盘
14:04:04,221.55,-0.76%,-0.01,4,97482,中性盘
14:04:07,221.4,-0.83%,-0.15,4,98744,卖盘
14:04:10,221.2,-0.92%,-0.2,3,67466,卖盘
14:04:16,221.2,-0.92%,--,2,51540,卖盘
14:04:19,221.28,-0.88%,+0.08,4,89618,买盘
14:04:22,221.28,-0.88%,--,2,44477,卖盘
14:04:28,221.28,-0.88%,--,3,68818,卖盘
14:04:31,221.28,-0.88%,--,0,0,卖盘
14:04:34,221.28,-0.88%,--,20,451190,卖盘
14:04:37,221.21,-0.91%,-0.07,22,487104,卖盘
14:04:43,221.2,-0.92%,-0.01,2,44240,卖盘
14:04:46,221.2,-0.92%,--,5,117900,卖盘
14:04:49,221.19,-0.92%,-0.01,50,1112143,卖盘
14:04:52,221.14,-0.95%,-0.05,15,340777,卖盘
14:04:55,221.14,-0.95%,--,0,0,买盘
14:04:58,221.06,-0.98%,-0.08,7,176406,买盘
14:05:04,221.0,-1.01%,-0.06,18,416806,卖盘
14:05:07,221.05,-0.99%,+0.05,24,551078,买盘
14:05:10,221.05,-0.99%,--,4,98146,买盘
14:05:13,221.05,-0.99%,--,12,265260,买盘
14:05:16,221.05,-0.99%,--,11,248902,买盘
14:05:19,221.01,-1.00%,-0.04,4,98570,卖盘
14:05:22,221.01,-1.00%,--,4,96139,卖盘
14:05:25,221.01,-1.00%,--,3,86636,卖盘
14:05:31,221.05,-0.99%,+0.04,4,96157,买盘
14:05:34,221.06,-0.98%,+0.01,19,438583,买盘
14:05:34,221.06,-0.98%,-0.01,19,438583,中性盘
14:05:37,221.05,-0.99%,-0.01,3,85546,卖盘
14:05:46,221.05,-0.99%,--,0,0,卖盘
14:05:49,221.06,-0.98%,+0.01,2,46202,卖盘
14:05:52,221.28,-0.88%,+0.22,2,54877,买盘
14:05:55,221.27,-0.89%,-0.01,10,232112,买盘
14:06:04,221.27,-0.89%,--,0,0,买盘
14:06:07,221.26,-0.89%,-0.01,2,44252,买盘
14:06:10,221.26,-0.89%,--,2,44252,买盘
14:06:25,221.26,-0.89%,--,0,0,买盘
14:06:28,221.18,-0.93%,-0.08,12,265416,买盘
14:06:34,221.06,-0.98%,-0.12,3,66318,卖盘
14:06:40,221.05,-0.99%,-0.01,6,141472,卖盘
14:06:43,221.05,-0.99%,--,12,283828,卖盘
14:06:46,221.05,-0.99%,--,2,50620,买盘
14:06:49,221.04,-0.99%,-0.01,2,57249,中性盘
14:06:52,221.01,-1.00%,-0.03,8,184985,卖盘
14:06:58,221.04,-0.99%,+0.03,6,133287,买盘
14:07:07,221.05,-0.99%,+0.01,5,118704,买盘
14:07:10,221.05,-0.99%,--,0,0,买盘
14:07:13,220.93,-1.04%,-0.12,5,121512,卖盘
14:07:16,220.93,-1.04%,--,1,33140,卖盘
14:07:19,221.0,-1.01%,+0.07,3,66300,买盘
14:07:22,221.01,-1.00%,+0.01,3,72049,买盘
14:07:28,220.93,-1.04%,-0.08,2,44186,买盘
14:07:34,220.93,-1.04%,--,2,44186,买盘
14:07:37,220.92,-1.04%,-0.01,5,115320,卖盘
14:07:40,220.92,-1.04%,--,4,95217,卖盘
14:07:43,220.92,-1.04%,--,8,198607,卖盘
14:07:46,220.92,-1.04%,--,7,167678,卖盘
14:08:01,220.98,-1.02%,+0.06,32,718185,买盘
14:08:04,220.98,-1.02%,--,0,0,买盘
14:08:07,220.6,-1.19%,-0.38,19,437891,中性盘
14:08:16,220.52,-1.22%,-0.08,28,627820,卖盘
14:08:19,220.52,-1.22%,--,10,220520,买盘
14:08:22,220.59,-1.19%,+0.07,20,441180,买盘
14:08:25,220.52,-1.22%,-0.07,2,63730,中性盘
14:08:31,220.52,-1.22%,+0.01,0,14554,买盘
14:08:37,220.59,-1.19%,+0.07,8,186840,买盘
14:08:43,220.52,-1.22%,-0.07,20,461989,卖盘
14:08:46,220.52,-1.22%,--,4,95926,卖盘
14:08:49,220.51,-1.23%,-0.01,3,66153,卖盘
14:08:55,220.52,-1.22%,+0.01,5,110260,买盘
14:08:58,220.51,-1.23%,-0.01,2,65491,卖盘
14:08:58,220.51,-1.23%,-0.14,2,65491,中性盘
14:09:01,220.37,-1.29%,-0.14,2,44955,卖盘
14:09:04,220.2,-1.37%,-0.17,3,87640,卖盘
14:09:07,220.52,-1.22%,+0.32,5,131209,买盘
14:09:10,220.38,-1.29%,-0.14,4,98730,卖盘
14:09:13,220.38,-1.29%,--,8,195036,卖盘
14:09:16,220.38,-1.29%,--,2,59503,卖盘
14:09:19,220.38,-1.29%,--,4,88152,卖盘
14:09:22,220.38,-1.29%,--,0,0,卖盘
14:09:25,220.4,-1.28%,+0.02,2,44080,买盘
14:09:34,220.16,-1.38%,-0.24,29,653655,卖盘
14:09:37,220.15,-1.39%,-0.01,8,195273,卖盘
14:09:40,220.02,-1.45%,-0.13,21,483824,卖盘
14:09:43,220.02,-1.45%,--,13,303628,买盘
14:09:46,220.0,-1.46%,-0.02,47,1048080,卖盘
14:09:49,219.8,-1.55%,-0.2,10,225735,卖盘
14:09:55,219.61,-1.63%,-0.19,5,131327,卖盘
14:09:58,219.68,-1.60%,+0.07,5,109840,卖盘
14:10:01,219.69,-1.59%,+0.01,5,130496,买盘
14:10:04,219.8,-1.55%,+0.11,9,201996,买盘
14:10:07,220.0,-1.46%,+0.2,7,172040,买盘
14:10:10,220.0,-1.46%,--,42,937200,买盘
14:10:13,219.87,-1.51%,-0.13,18,404781,卖盘
14:10:16,220.08,-1.42%,+0.21,4,88252,中性盘
14:10:19,219.8,-1.55%,-0.28,2,50994,卖盘
14:10:22,220.37,-1.29%,+0.57,6,142359,买盘
14:10:28,220.37,-1.29%,--,2,44074,买盘
14:10:31,219.92,-1.49%,-0.45,5,127114,中性盘
14:10:34,219.93,-1.49%,+0.01,2,43986,卖盘
14:10:37,220.3,-1.32%,+0.37,7,166987,买盘
14:10:40,219.94,-1.48%,-0.36,26,586140,卖盘
14:10:43,219.94,-1.48%,--,0,0,卖盘
14:10:46,219.93,-1.49%,-0.01,5,127779,卖盘
14:10:49,220.59,-1.19%,+0.66,29,644564,买盘
14:10:52,220.6,-1.19%,+0.01,9,204276,买盘
14:10:55,220.6,-1.19%,--,46,1020275,买盘
14:10:58,220.6,-1.19%,--,39,881959,买盘
14:11:01,220.6,-1.19%,--,12,281265,买盘
14:11:04,220.07,-1.42%,-0.53,13,299955,卖盘
14:11:10,220.07,-1.42%,--,0,0,卖盘
14:11:22,220.1,-1.41%,+0.03,12,264120,卖盘
14:11:25,220.11,-1.41%,+0.01,6,136688,买盘
14:11:28,220.11,-1.41%,--,0,0,卖盘
14:11:31,220.89,-1.06%,+0.78,6,132534,买盘
14:11:34,220.1,-1.41%,-0.79,5,111811,买盘
14:11:37,220.1,-1.41%,--,0,0,卖盘
14:11:40,220.0,-1.46%,-0.1,12,264000,卖盘
14:11:43,220.0,-1.46%,--,3,81840,卖盘
14:11:46,220.51,-1.23%,+0.51,12,264612,中性盘
14:11:49,220.51,-1.23%,--,12,286222,买盘
14:11:52,220.51,-1.23%,--,2,44102,买盘
14:11:55,220.51,-1.23%,--,5,117973,买盘
14:11:58,220.0,-1.46%,-0.51,2,49940,卖盘
14:12:07,220.5,-1.23%,+0.5,6,149058,买盘
14:12:10,220.5,-1.23%,--,5,129654,买盘
14:12:13,220.0,-1.46%,-0.5,10,239800,卖盘
14:12:16,220.0,-1.46%,--,17,390280,卖盘
14:12:19,220.0,-1.46%,--,2,60060,买盘
14:12:22,219.95,-1.48%,-0.05,6,136369,卖盘
14:12:22,219.95,-1.48%,--,6,136369,中性盘
14:12:25,220.0,-1.46%,+0.05,9,206140,买盘
14:12:28,219.95,-1.48%,-0.05,3,87760,卖盘
14:12:31,220.0,-1.46%,+0.05,23,519640,买盘
14:12:34,220.0,-1.46%,--,69,1519980,买盘
14:12:37,219.93,-1.49%,-0.07,22,491544,卖盘
14:12:40,219.93,-1.49%,--,4,87972,买盘
14:12:43,219.9,-1.50%,-0.03,2,47938,卖盘
14:12:46,219.85,-1.52%,-0.05,12,284046,卖盘
14:12:49,219.9,-1.50%,+0.05,13,294666,买盘
14:12:52,219.77,-1.56%,-0.13,12,275592,卖盘
14:12:55,219.73,-1.58%,-0.04,11,252690,卖盘
14:12:58,219.61,-1.63%,-0.12,11,244646,买盘
14:13:01,219.61,-1.63%,--,21,472820,买盘
14:13:04,219.93,-1.49%,+0.32,4,93250,买盘
14:13:07,219.93,-1.49%,--,7,166487,卖盘
14:13:16,219.76,-1.56%,-0.17,2,54061,卖盘
14:13:19,220.26,-1.34%,+0.5,19,418494,买盘
14:13:22,219.76,-1.56%,-0.5,19,418643,卖盘
14:13:25,219.76,-1.56%,--,9,218002,卖盘
14:13:28,219.76,-1.56%,--,10,239758,卖盘
14:13:31,219.94,-1.48%,+0.18,2,43988,买盘
14:13:34,219.76,-1.56%,-0.18,12,272502,卖盘
14:13:37,219.5,-1.68%,-0.26,102,2253826,卖盘
14:13:40,219.4,-1.72%,-0.1,29,655787,卖盘
14:13:49,219.37,-1.74%,-0.03,9,197433,卖盘
14:13:52,219.37,-1.74%,--,0,0,买盘
14:13:55,219.38,-1.73%,+0.01,15,334774,买盘
14:13:58,219.33,-1.76%,-0.05,8,186211,卖盘
14:14:01,219.5,-1.68%,+0.17,5,109750,买盘
14:14:04,219.38,-1.73%,-0.12,10,240879,买盘
14:14:07,219.38,-1.73%,--,7,173530,买盘
14:14:10,219.5,-1.68%,+0.12,4,87800,买盘
14:14:13,219.5,-1.68%,--,43,948679,买盘
14:14:19,219.39,-1.73%,-0.11,18,412234,卖盘
14:14:22,219.5,-1.68%,+0.11,13,294350,中性盘
14:14:25,219.5,-1.68%,--,13,303349,买盘
14:14:28,219.99,-1.46%,+0.49,9,197991,买盘
14:14:31,219.5,-1.68%,-0.49,8,188112,卖盘
14:14:34,219.5,-1.68%,--,0,0,卖盘
14:14:40,219.99,-1.46%,+0.49,15,341644,买盘
14:14:43,220.0,-1.46%,+0.01,9,207900,买盘
14:14:46,219.9,-1.50%,-0.1,2,43980,中性盘
14:14:49,220.0,-1.46%,+0.1,8,176000,买盘
14:14:52,220.0,-1.46%,--,16,354420,买盘
14:14:58,219.6,-1.63%,-0.4,4,102773,卖盘
14:15:01,219.6,-1.63%,--,5,109800,卖盘
14:15:04,220.3,-1.32%,+0.7,12,267224,买盘
14:15:07,220.45,-1.25%,+0.15,30,661350,买盘
14:15:10,220.5,-1.23%,+0.05,18,411674,买盘
14:15:13,219.61,-1.63%,-0.89,43,961672,卖盘
14:15:16,219.58,-1.64%,-0.03,25,555977,卖盘
14:15:19,219.58,-1.64%,--,0,0,卖盘
14:15:22,220.03,-1.44%,+0.45,9,202208,买盘
14:15:25,220.14,-1.39%,+0.11,7,154098,中性盘
14:15:28,219.66,-1.61%,-0.48,8,188029,卖盘
14:15:31,220.0,-1.46%,+0.34,26,572000,卖盘
14:15:34,219.81,-1.54%,-0.19,12,268168,卖盘
14:15:43,219.81,-1.54%,--,0,0,卖盘
14:15:46,220.29,-1.33%,+0.48,8,176893,买盘
14:15:46,220.29,-1.33%,--,8,176893,中性盘
14:15:49,220.34,-1.30%,+0.05,6,141458,买盘
14:15:58,220.3,-1.32%,-0.04,2,44060,卖盘
14:16:01,220.34,-1.30%,+0.04,10,241052,买盘
14:16:04,220.02,-1.45%,-0.32,2,49945,卖盘
14:16:07,220.29,-1.33%,+0.27,6,147815,买盘
14:16:10,220.03,-1.44%,-0.26,26,580219,卖盘
14:16:13,220.0,-1.46%,-0.03,19,432520,卖盘
14:16:16,220.03,-1.44%,+0.03,2,44006,买盘
14:16:19,220.03,-1.44%,--,6,149180,买盘
14:16:22,220.03,-1.44%,--,10,220030,买盘
14:16:25,220.0,-1.46%,-0.03,20,457600,卖盘
14:16:28,220.0,-1.46%,--,56,1238160,卖盘
14:16:31,220.02,-1.45%,+0.02,43,951587,买盘
14:16:34,220.0,-1.46%,-0.02,14,314160,卖盘
14:16:37,219.83,-1.53%,-0.17,7,171248,卖盘
14:16:43,220.0,-1.46%,+0.17,2,48180,买盘
14:16:49,220.0,-1.46%,--,2,44000,买盘
14:16:58,220.0,-1.46%,--,10,222640,买盘
14:17:01,220.0,-1.46%,--,7,167860,买盘
14:17:04,220.01,-1.45%,+0.01,5,120345,卖盘
14:17:13,220.01,-1.45%,--,5,115285,卖盘
14:17:16,220.2,-1.37%,+0.19,12,278773,买盘
14:17:19,220.34,-1.30%,+0.14,5,123390,买盘
14:17:22,220.34,-1.30%,--,10,220781,买盘
14:17:25,220.5,-1.23%,+0.16,2,46526,买盘
14:17:37,220.5,-1.23%,--,3,66150,买盘
14:17:40,220.5,-1.23%,--,19,425124,买盘
14:17:43,220.5,-1.23%,--,3,86216,买盘
14:17:46,220.5,-1.23%,--,9,217634,买盘
14:17:49,220.5,-1.23%,--,2,44100,买盘
14:17:52,220.65,-1.16%,+0.15,2,45895,买盘
14:17:55,220.22,-1.36%,-0.43,5,117597,卖盘
14:17:58,220.25,-1.34%,+0.03,2,60349,卖盘
14:18:01,220.2,-1.37%,-0.05,23,512846,卖盘
14:18:04,220.2,-1.37%,--,9,210952,买盘
14:18:13,220.03,-1.44%,-0.17,13,298141,卖盘
14:18:16,220.2,-1.37%,+0.17,6,141809,买盘
14:18:19,220.03,-1.44%,-0.17,8,188566,卖盘
14:18:22,220.03,-1.44%,--,10,240933,买盘
14:18:25,220.01,-1.45%,-0.02,4,88444,中性盘
14:18:28,220.01,-1.45%,--,4,99445,买盘
14:18:31,220.01,-1.45%,--,0,0,买盘
14:18:34,219.9,-1.50%,-0.11,12,264320,买盘
14:18:37,219.9,-1.50%,--,5,110170,买盘
14:18:40,219.9,-1.50%,--,12,275315,买盘
14:18:43,219.9,-1.50%,--,7,159867,买盘
14:18:46,219.9,-1.50%,--,19,432543,买盘
14:18:49,220.0,-1.46%,+0.1,24,537680,买盘
14:18:52,220.0,-1.46%,--,7,172700,卖盘
14:18:55,220.0,-1.46%,--,45,991760,卖盘
14:19:01,220.34,-1.30%,+0.34,16,358053,买盘
14:19:07,220.05,-1.43%,-0.29,8,188363,中性盘
14:19:10,220.63,-1.17%,+0.58,5,132157,买盘
14:19:10,220.63,-1.17%,--,5,132157,中性盘
14:19:13,220.63,-1.17%,--,12,264756,买盘
14:19:16,220.63,-1.17%,--,5,116051,买盘
14:19:22,220.63,-1.17%,--,5,110315,买盘
14:19:25,220.6,-1.19%,-0.03,3,66180,中性盘
14:19:28,220.63,-1.17%,+0.03,31,703368,买盘
14:19:31,220.63,-1.17%,--,14,328959,买盘
14:19:34,220.07,-1.42%,-0.56,7,154049,卖盘
14:19:37,220.09,-1.42%,+0.02,7,155824,卖盘
14:19:52,220.6,-1.19%,+0.51,5,114491,买盘
14:19:55,220.6,-1.19%,--,2,45664,买盘
14:19:58,220.59,-1.19%,-0.01,15,337503,中性盘
14:20:01,220.59,-1.19%,--,2,45662,买盘
14:20:04,220.56,-1.20%,-0.03,5,118441,买盘
14:20:10,220.56,-1.20%,--,0,0,买盘
14:20:13,220.11,-1.41%,-0.45,3,74617,卖盘
14:20:16,220.55,-1.21%,+0.44,21,481461,买盘
14:20:19,220.56,-1.20%,+0.01,11,260040,买盘
14:20:22,220.56,-1.20%,--,4,93959,买盘
14:20:25,220.56,-1.20%,--,3,66168,卖盘
14:20:28,220.63,-1.17%,+0.07,6,145836,买盘
14:20:31,220.6,-1.19%,-0.03,5,116477,卖盘
14:20:34,220.63,-1.17%,+0.03,3,77221,买盘
14:20:37,220.56,-1.20%,-0.07,11,249012,卖盘
14:20:40,220.59,-1.19%,+0.03,3,66177,卖盘
14:20:43,220.5,-1.23%,-0.09,12,271215,买盘
14:20:52,220.14,-1.39%,-0.36,2,56796,卖盘
14:20:55,220.5,-1.23%,+0.36,4,98784,买盘
14:21:01,220.5,-1.23%,--,6,150822,买盘
14:21:04,220.14,-1.39%,-0.36,2,44028,卖盘
14:21:07,220.5,-1.23%,+0.36,6,132300,买盘
14:21:10,220.0,-1.46%,-0.5,23,507980,卖盘
14:21:13,220.0,-1.46%,--,25,566280,买盘
14:21:16,220.15,-1.39%,+0.15,18,397371,卖盘
14:21:22,220.03,-1.44%,-0.12,12,279878,卖盘
14:21:25,220.42,-1.27%,+0.39,7,175675,买盘
14:21:28,220.42,-1.27%,--,3,78249,买盘
14:21:31,220.14,-1.39%,-0.28,4,101485,买盘
14:21:34,220.49,-1.24%,+0.35,4,93929,买盘
14:21:37,220.5,-1.23%,+0.01,5,113778,买盘
14:21:40,220.5,-1.23%,--,26,593366,买盘
14:21:43,219.93,-1.49%,-0.57,5,124700,卖盘
14:21:46,219.93,-1.49%,--,3,75656,买盘
14:21:49,219.93,-1.49%,--,0,0,卖盘
14:21:52,220.43,-1.26%,+0.5,2,44086,买盘
14:21:55,220.45,-1.25%,+0.02,3,81567,买盘
14:21:58,220.45,-1.25%,--,9,213396,买盘
14:22:04,220.43,-1.26%,-0.02,8,176344,中性盘
14:22:07,220.44,-1.26%,+0.01,18,414427,买盘
14:22:10,220.43,-1.26%,-0.01,2,44086,中性盘
14:22:13,220.44,-1.26%,+0.01,13,290540,买盘
14:22:22,220.06,-1.43%,-0.38,2,44012,中性盘
14:22:25,220.03,-1.44%,-0.03,2,46426,卖盘
14:22:28,220.45,-1.25%,+0.42,21,471543,买盘
14:22:31,220.03,-1.44%,-0.42,17,389673,卖盘
14:22:34,220.5,-1.23%,+0.47,3,80042,买盘
14:22:34,220.5,-1.23%,--,3,80042,中性盘
14:22:37,220.5,-1.23%,--,10,222264,买盘
14:22:43,220.5,-1.23%,--,0,0,买盘
14:22:46,220.5,-1.23%,--,8,194922,买盘
14:22:49,220.5,-1.23%,--,6,134505,买盘
14:22:52,219.94,-1.48%,-0.56,5,124926,卖盘
14:22:55,220.49,-1.24%,+0.55,2,44098,买盘
14:23:01,220.49,-1.24%,+0.5,4,98339,买盘
14:23:04,219.99,-1.46%,-0.5,2,43998,卖盘
14:23:07,220.0,-1.46%,+0.01,4,88220,卖盘
14:23:10,220.0,-1.46%,--,0,0,中性盘
14:23:13,219.99,-1.46%,-0.01,13,285987,卖盘
14:23:16,220.0,-1.46%,+0.01,9,208120,中性盘
14:23:19,220.0,-1.46%,--,5,121660,卖盘
14:23:22,220.0,-1.46%,--,24,547140,买盘
14:23:25,220.0,-1.46%,--,16,359700,买盘
14:23:31,220.0,-1.46%,--,4,88000,买盘
14:23:34,220.4,-1.28%,+0.4,25,562461,买盘
14:23:37,220.03,-1.44%,-0.37,2,44006,中性盘
14:23:40,220.03,-1.44%,--,8,176024,买盘
14:23:43,220.02,-1.45%,-0.01,2,54565,卖盘
14:23:49,220.4,-1.28%,+0.38,14,314290,买盘
14:23:52,220.0,-1.46%,-0.4,3,77880,卖盘
14:24:01,220.0,-1.46%,--,2,44000,卖盘
14:24:07,220.03,-1.44%,+0.03,10,221350,买盘
14:24:10,220.03,-1.44%,--,5,128938,卖盘
14:24:13,220.04,-1.44%,+0.01,2,44008,卖盘
14:24:16,220.06,-1.43%,+0.02,2,44012,中性盘
14:24:19,220.06,-1.43%,--,1,23326,中性盘
14:24:43,220.06,-1.43%,--,10,220060,卖盘
14:24:46,220.06,-1.43%,--,9,199154,卖盘
14:24:52,220.28,-1.33%,+0.22,11,244291,买盘
14:24:55,220.08,-1.42%,-0.2,3,86491,卖盘
14:24:58,220.06,-1.43%,-0.02,21,462126,卖盘
14:25:01,220.1,-1.41%,+0.04,27,599332,买盘
14:25:04,220.1,-1.41%,--,23,527140,卖盘
14:25:07,219.84,-1.53%,-0.26,11,251057,卖盘
14:25:10,219.9,-1.50%,+0.06,14,307860,买盘
14:25:13,219.82,-1.54%,-0.08,20,450851,卖盘
14:25:16,219.8,-1.55%,-0.02,40,880519,卖盘
14:25:19,219.6,-1.63%,-0.2,13,305903,卖盘
14:25:22,219.58,-1.64%,-0.02,9,218482,卖盘
14:25:25,219.61,-1.63%,+0.03,6,147798,买盘
14:25:28,219.41,-1.72%,-0.2,24,526584,卖盘
14:25:31,219.4,-1.72%,-0.01,19,426075,卖盘
14:25:34,219.37,-1.74%,-0.03,21,461774,卖盘
14:25:37,219.33,-1.76%,-0.04,132,2910509,卖盘
14:25:40,219.32,-1.76%,-0.01,17,389074,卖盘
14:25:43,219.25,-1.79%,-0.07,6,144047,卖盘
14:25:46,219.19,-1.82%,-0.06,26,589183,卖盘
14:25:49,219.11,-1.85%,-0.08,20,456187,卖盘
14:25:52,219.1,-1.86%,-0.01,8,196314,卖盘
14:25:55,219.03,-1.89%,-0.07,19,421195,卖盘
14:25:55,219.03,-1.89%,-0.01,19,421195,中性盘
14:26:01,219.02,-1.89%,-0.01,6,138202,卖盘
14:26:04,219.02,-1.89%,--,8,184415,卖盘
14:26:07,219.01,-1.90%,-0.01,10,230399,卖盘
14:26:10,219.03,-1.89%,+0.02,12,271816,买盘
14:26:13,219.01,-1.90%,-0.02,21,462768,卖盘
14:26:16,219.03,-1.89%,+0.02,34,745578,买盘
14:26:19,219.0,-1.90%,-0.03,70,1543074,卖盘
14:26:22,219.0,-1.90%,--,17,372300,卖盘
14:26:25,219.0,-1.90%,--,62,1372254,卖盘
14:26:28,218.92,-1.94%,-0.08,17,372164,卖盘
14:26:31,218.91,-1.94%,-0.01,17,375868,中性盘
14:26:34,218.88,-1.96%,-0.03,8,175104,卖盘
14:26:37,218.89,-1.95%,+0.01,12,272956,买盘
14:26:40,218.87,-1.96%,-0.02,5,109435,卖盘
14:26:43,218.86,-1.97%,-0.01,6,145323,卖盘
14:26:46,218.85,-1.97%,-0.01,6,142690,买盘
14:26:49,218.86,-1.97%,+0.01,7,160862,买盘
14:26:52,218.85,-1.97%,-0.01,5,109425,卖盘
14:26:55,218.87,-1.96%,+0.02,37,826015,买盘
14:26:58,219.03,-1.89%,+0.16,41,906346,买盘
14:27:01,219.02,-1.89%,-0.01,47,1033993,中性盘
14:27:04,219.34,-1.75%,+0.32,23,519836,买盘
14:27:07,219.4,-1.72%,+0.06,20,449989,中性盘
14:27:10,219.61,-1.63%,+0.21,9,215877,中性盘
14:27:13,219.35,-1.75%,-0.26,6,152010,卖盘
14:27:16,219.5,-1.68%,+0.15,2,43900,卖盘
14:27:19,219.41,-1.72%,-0.09,4,87764,卖盘
14:27:22,219.4,-1.72%,-0.01,8,175520,卖盘
14:27:25,219.4,-1.72%,--,7,175081,卖盘
14:27:28,219.39,-1.73%,-0.01,9,199206,卖盘
14:27:31,219.41,-1.72%,+0.02,7,159072,卖盘
14:27:34,219.4,-1.72%,-0.01,7,157310,卖盘
14:27:37,219.41,-1.72%,+0.01,6,150735,买盘
14:27:40,219.41,-1.72%,--,4,87764,卖盘
14:27:43,219.4,-1.72%,-0.01,27,593696,卖盘
14:27:46,219.4,-1.72%,--,8,177714,买盘
14:27:49,219.35,-1.75%,-0.05,8,180525,卖盘
14:27:52,219.4,-1.72%,+0.05,6,150070,买盘
14:27:55,219.4,-1.72%,--,0,0,买盘
14:27:58,219.32,-1.76%,-0.08,15,342139,卖盘
14:28:01,219.31,-1.76%,-0.01,9,209880,卖盘
14:28:04,219.31,-1.76%,--,3,79171,卖盘
14:28:07,219.31,-1.76%,--,8,175448,买盘
14:28:10,219.15,-1.84%,-0.16,12,262980,卖盘
14:28:16,219.27,-1.78%,+0.12,2,49994,买盘
14:28:19,219.15,-1.84%,-0.12,10,230984,买盘
14:28:22,219.05,-1.88%,-0.1,4,92220,卖盘
14:28:25,219.06,-1.88%,+0.01,11,243814,买盘
14:28:28,219.06,-1.88%,--,8,192773,买盘
14:28:31,219.06,-1.88%,--,9,201535,卖盘
14:28:34,218.88,-1.96%,-0.18,135,2955537,卖盘
14:28:40,218.89,-1.95%,+0.01,10,226332,买盘
14:28:43,218.88,-1.96%,-0.01,26,569307,卖盘
14:28:46,218.9,-1.95%,+0.02,2,43780,卖盘
14:28:49,218.9,-1.95%,--,8,186503,卖盘
14:28:52,218.93,-1.94%,+0.03,14,309567,卖盘
14:28:55,218.9,-1.95%,-0.03,19,434517,卖盘
14:28:58,218.88,-1.96%,-0.02,5,120384,卖盘
14:29:01,218.86,-1.97%,-0.02,15,344267,卖盘
14:29:04,218.87,-1.96%,+0.01,2,43774,买盘
14:29:07,218.86,-1.97%,-0.01,4,87544,卖盘
14:29:10,218.88,-1.96%,+0.02,15,345393,买盘
14:29:13,218.72,-2.03%,-0.16,40,878380,卖盘
14:29:16,218.7,-2.04%,-0.02,4,87480,卖盘
14:29:19,218.83,-1.98%,+0.13,4,87532,买盘
14:29:22,218.7,-2.04%,-0.13,4,87480,卖盘
14:29:25,218.68,-2.05%,-0.02,10,218680,卖盘
14:29:25,218.68,-2.05%,--,10,218680,中性盘
14:29:28,218.68,-2.05%,--,12,262416,中性盘
14:29:31,218.64,-2.06%,-0.04,26,578084,卖盘
14:29:34,218.64,-2.06%,--,76,1669098,卖盘
14:29:37,218.7,-2.04%,+0.06,29,645165,中性盘
14:29:40,218.72,-2.03%,+0.02,16,368981,买盘
14:29:43,218.64,-2.06%,-0.08,39,864940,卖盘
14:29:46,218.85,-1.97%,+0.21,26,571199,买盘
14:29:49,218.65,-2.06%,-0.2,23,515795,卖盘
14:29:52,218.7,-2.04%,+0.05,43,942378,中性盘
14:29:55,218.65,-2.06%,-0.05,5,110637,中性盘
14:29:58,218.88,-1.96%,+0.23,5,122135,买盘
14:30:01,218.88,-1.96%,--,1,33708,买盘
14:30:04,218.71,-2.03%,-0.17,56,1228275,卖盘
14:30:07,219.15,-1.84%,+0.44,78,1723834,买盘
14:30:10,219.15,-1.84%,--,63,1390726,买盘
14:30:13,219.29,-1.77%,+0.14,8,186616,买盘
14:30:16,219.31,-1.76%,+0.02,2,43862,中性盘
14:30:19,219.33,-1.76%,+0.02,7,153531,卖盘
14:30:22,219.34,-1.75%,+0.01,6,137526,中性盘
14:30:25,219.39,-1.73%,+0.05,14,323820,中性盘
14:30:28,219.83,-1.53%,+0.44,5,114971,买盘
14:30:34,219.83,-1.53%,--,10,230382,卖盘
14:30:37,219.83,-1.53%,--,4,89251,卖盘
14:30:40,219.97,-1.47%,+0.14,32,703904,中性盘
14:30:43,219.83,-1.53%,-0.14,13,289956,中性盘
14:30:46,219.45,-1.70%,-0.38,2,43890,中性盘
14:30:49,219.32,-1.76%,-0.13,82,1798424,卖盘
14:30:52,219.45,-1.70%,+0.13,5,109725,中性盘
14:30:55,219.3,-1.77%,-0.15,6,140791,卖盘
14:30:58,219.3,-1.77%,--,2,52632,买盘
14:31:01,219.05,-1.88%,-0.25,35,773027,卖盘
14:31:04,219.19,-1.82%,+0.14,24,539427,买盘
14:31:07,219.3,-1.77%,+0.11,4,87720,买盘
14:31:10,219.16,-1.83%,-0.14,19,422102,卖盘
14:31:13,219.17,-1.83%,+0.01,46,1027031,中性盘
14:31:16,219.17,-1.83%,--,12,273963,卖盘
14:31:19,219.38,-1.73%,+0.21,84,1857271,买盘
14:31:22,219.45,-1.70%,+0.07,55,1228481,买盘
14:31:25,219.21,-1.81%,-0.24,57,1258265,卖盘
14:31:28,219.21,-1.81%,--,36,790033,卖盘
14:31:31,219.16,-1.83%,-0.05,20,441607,卖盘
14:31:34,219.79,-1.55%,+0.63,4,87916,中性盘
14:31:37,219.96,-1.47%,+0.17,22,491831,买盘
14:31:40,219.34,-1.75%,-0.62,2,48035,卖盘
14:31:43,219.96,-1.47%,+0.62,9,205223,买盘
14:31:46,219.53,-1.67%,-0.43,2,43906,卖盘
14:31:49,219.95,-1.48%,+0.42,4,106896,买盘
14:31:52,219.35,-1.75%,-0.6,8,195002,卖盘
14:31:55,219.34,-1.75%,-0.01,7,170208,中性盘
14:31:58,219.34,-1.75%,--,5,122172,买盘
14:32:01,219.34,-1.75%,--,8,180517,买盘
14:32:04,219.35,-1.75%,+0.01,4,109017,买盘
14:32:07,219.35,-1.75%,--,10,220227,买盘
14:32:10,219.94,-1.48%,+0.59,23,522797,买盘
14:32:13,219.95,-1.48%,+0.01,19,429342,买盘
14:32:16,219.95,-1.48%,--,0,0,买盘
14:32:19,219.95,-1.48%,--,27,612561,买盘
14:32:22,219.42,-1.72%,-0.53,7,167856,卖盘
14:32:25,219.99,-1.46%,+0.57,19,422161,买盘
14:32:28,219.98,-1.46%,-0.01,9,208101,买盘
14:32:31,219.45,-1.70%,-0.53,25,569692,卖盘
14:32:34,219.45,-1.70%,--,0,0,卖盘
14:32:37,219.99,-1.46%,+0.54,12,272128,买盘
14:32:40,220.0,-1.46%,+0.01,15,346720,买盘
14:32:43,220.0,-1.46%,--,27,610940,买盘
14:32:49,220.0,-1.46%,--,15,332860,中性盘
14:32:49,220.0,-1.46%,--,15,332860,买盘
14:32:52,220.0,-1.46%,--,12,264000,买盘
14:32:55,219.96,-1.47%,-0.04,20,456637,卖盘
14:32:58,220.0,-1.46%,+0.04,18,411620,买盘
14:33:01,220.2,-1.37%,+0.2,29,640562,买盘
14:33:04,220.2,-1.37%,--,0,0,买盘
14:33:07,220.2,-1.37%,--,11,246624,买盘
14:33:10,220.2,-1.37%,--,16,364431,买盘
14:33:13,220.0,-1.46%,-0.2,16,352000,卖盘
14:33:16,220.0,-1.46%,--,2,58080,卖盘
14:33:19,219.96,-1.47%,-0.04,10,225239,卖盘
14:33:22,219.98,-1.46%,+0.02,7,171584,中性盘
14:33:25,220.0,-1.46%,+0.02,21,465300,买盘
14:33:28,220.0,-1.46%,--,0,0,买盘
14:33:31,220.0,-1.46%,--,8,186780,买盘
14:33:34,219.48,-1.69%,-0.52,2,45213,卖盘
14:33:37,219.49,-1.68%,+0.01,3,68042,买盘
14:33:40,219.45,-1.70%,-0.04,42,924323,卖盘
14:33:43,219.45,-1.70%,--,16,360995,买盘
14:33:46,219.95,-1.48%,+0.5,22,497527,买盘
14:33:49,219.25,-1.79%,-0.7,15,342907,卖盘
14:33:52,219.82,-1.54%,+0.57,14,320498,买盘
14:33:55,219.27,-1.78%,-0.55,10,221024,卖盘
14:33:58,219.78,-1.55%,+0.51,4,101758,买盘
14:34:01,219.28,-1.78%,-0.5,3,76748,买盘
14:34:04,219.33,-1.76%,+0.05,2,56148,卖盘
14:34:13,219.33,-1.76%,--,0,0,卖盘
14:34:16,219.44,-1.71%,+0.11,10,236556,买盘
14:34:19,219.7,-1.59%,+0.26,8,196412,买盘
14:34:22,219.7,-1.59%,--,16,363384,买盘
14:34:25,219.95,-1.48%,+0.25,10,240845,买盘
14:34:28,219.95,-1.48%,--,4,90180,买盘
14:34:31,219.96,-1.47%,+0.01,16,362714,买盘
14:34:34,219.38,-1.73%,-0.58,3,77222,中性盘
14:34:37,219.99,-1.46%,+0.61,4,95916,买盘
14:34:40,219.99,-1.46%,--,12,263988,买盘
14:34:43,219.99,-1.46%,--,7,155093,买盘
14:34:49,219.96,-1.47%,-0.03,9,203903,买盘
14:34:52,219.99,-1.46%,+0.03,6,139914,买盘
14:34:55,219.95,-1.48%,-0.04,2,47509,卖盘
14:34:58,219.95,-1.48%,--,34,761027,卖盘
14:35:01,220.0,-1.46%,+0.05,20,457160,买盘
14:35:07,219.96,-1.47%,-0.04,8,185646,卖盘
14:35:10,219.99,-1.46%,+0.03,17,383443,买盘
14:35:13,220.0,-1.46%,+0.01,11,258500,买盘
14:35:19,219.99,-1.46%,-0.01,4,106475,卖盘
14:35:22,219.96,-1.47%,-0.03,6,147373,卖盘
14:35:25,219.99,-1.46%,+0.03,6,150913,买盘
14:35:28,219.96,-1.47%,-0.03,5,109980,卖盘
14:35:31,219.94,-1.48%,-0.02,7,170673,中性盘
14:35:34,219.49,-1.68%,-0.45,2,54653,中性盘
14:35:37,219.33,-1.76%,-0.16,17,394575,卖盘
14:35:40,219.96,-1.47%,+0.63,10,240416,买盘
14:35:43,219.96,-1.47%,--,0,0,买盘
14:35:46,219.94,-1.48%,-0.02,6,145820,买盘
14:35:49,219.99,-1.46%,+0.05,9,198431,买盘
14:35:52,219.95,-1.48%,-0.04,2,43990,卖盘
14:35:55,219.87,-1.51%,-0.08,4,97622,卖盘
14:35:58,219.99,-1.46%,+0.12,13,286427,买盘
14:36:01,219.99,-1.46%,--,5,128254,买盘
14:36:04,219.84,-1.53%,-0.15,3,86397,中性盘
14:36:07,220.0,-1.46%,+0.16,40,884180,买盘
14:36:10,220.11,-1.41%,+0.11,38,838399,买盘
14:36:13,220.4,-1.28%,+0.29,42,940888,买盘
14:36:13,220.4,-1.28%,--,42,940888,中性盘
14:36:13,220.4,-1.28%,--,42,940888,买盘
14:36:16,220.11,-1.41%,-0.29,32,721741,中性盘
14:36:19,220.39,-1.28%,+0.28,29,659407,买盘
14:36:22,220.39,-1.28%,--,14,324634,买盘
14:36:25,220.03,-1.44%,-0.36,10,235212,卖盘
14:36:28,220.0,-1.46%,-0.03,33,732160,买盘
14:36:31,220.0,-1.46%,--,27,595980,买盘
14:36:34,220.0,-1.46%,--,14,312620,买盘
14:36:37,220.31,-1.32%,+0.31,85,1876601,买盘
14:36:40,220.31,-1.32%,--,27,600785,买盘
14:36:43,219.53,-1.67%,-0.78,32,722254,卖盘
14:36:46,219.77,-1.56%,+0.24,16,368554,卖盘
14:36:49,220.6,-1.19%,+0.83,7,166994,买盘
14:36:52,220.6,-1.19%,--,0,0,买盘
14:36:55,220.37,-1.29%,-0.23,2,44074,买盘
14:36:58,220.37,-1.29%,--,11,248577,买盘
14:37:04,220.4,-1.28%,+0.03,9,204752,买盘
14:37:07,219.79,-1.55%,-0.61,5,127039,卖盘
14:37:10,220.37,-1.29%,+0.58,12,280090,中性盘
14:37:13,219.59,-1.64%,-0.78,14,314672,卖盘
14:37:16,219.71,-1.59%,+0.12,5,110294,买盘
14:37:19,219.71,-1.59%,--,9,202573,卖盘
14:37:22,220.39,-1.28%,+0.68,2,45400,买盘
14:37:25,220.39,-1.28%,--,18,398906,买盘
14:37:28,220.18,-1.38%,-0.21,9,210052,中性盘
14:37:31,220.17,-1.38%,-0.01,23,524225,买盘
14:37:34,220.32,-1.31%,+0.15,6,145852,买盘
14:37:37,220.39,-1.28%,+0.07,34,758582,买盘
14:37:40,220.39,-1.28%,--,10,236478,买盘
14:37:43,219.0,-1.90%,-1.39,59,1293195,卖盘
14:37:46,220.39,-1.28%,+1.39,15,347555,买盘
14:37:49,219.59,-1.64%,-0.8,25,552708,中性盘
14:37:52,219.8,-1.55%,+0.21,20,442897,中性盘
14:37:55,219.59,-1.64%,-0.21,2,62803,卖盘
14:37:58,219.8,-1.55%,+0.21,25,554116,买盘
14:38:01,219.6,-1.63%,-0.2,15,346529,卖盘
14:38:04,220.37,-1.29%,+0.77,16,357661,买盘
14:38:07,220.36,-1.29%,-0.01,4,105993,卖盘
14:38:10,220.3,-1.32%,-0.06,4,88340,买盘
14:38:13,220.35,-1.30%,+0.05,3,86598,买盘
14:38:16,220.3,-1.32%,-0.05,3,67192,买盘
14:38:19,219.6,-1.63%,-0.7,20,439200,卖盘
14:38:22,220.36,-1.29%,+0.76,5,126046,买盘
14:38:25,220.11,-1.41%,-0.25,2,44242,买盘
14:38:28,220.11,-1.41%,--,9,208224,买盘
14:38:31,220.11,-1.41%,--,2,62731,买盘
14:38:34,219.88,-1.51%,-0.23,2,47054,卖盘
14:38:37,219.84,-1.53%,-0.04,15,329760,卖盘
14:38:40,220.11,-1.41%,+0.27,4,93767,买盘
14:38:43,219.84,-1.53%,-0.27,19,420114,卖盘
14:38:46,220.0,-1.46%,+0.16,3,84480,买盘
14:38:49,220.11,-1.41%,+0.11,5,125463,买盘
14:38:52,219.54,-1.66%,-0.57,16,351264,卖盘
14:38:55,220.28,-1.33%,+0.74,3,87671,买盘
14:38:58,219.77,-1.56%,-0.51,7,169662,卖盘
14:39:01,219.93,-1.49%,+0.16,6,136357,买盘
14:39:04,219.96,-1.47%,+0.03,3,76106,买盘
14:39:07,220.0,-1.46%,+0.04,5,116820,买盘
14:39:10,220.33,-1.31%,+0.33,15,330495,买盘
14:39:13,220.47,-1.25%,+0.14,26,584246,买盘
14:39:16,220.47,-1.25%,--,14,313067,买盘
14:39:19,220.01,-1.45%,-0.46,25,559705,卖盘
14:39:22,220.49,-1.24%,+0.48,10,220490,买盘
14:39:25,220.49,-1.24%,--,13,291047,买盘
14:39:28,219.81,-1.54%,-0.68,10,219810,卖盘
14:39:31,219.84,-1.53%,+0.03,9,206869,中性盘
14:39:34,219.86,-1.52%,+0.02,10,219860,中性盘
14:39:37,219.81,-1.54%,-0.05,24,547547,卖盘
14:39:37,219.81,-1.54%,--,24,547547,中性盘
14:39:37,219.81,-1.54%,--,24,547547,卖盘
14:39:40,220.46,-1.25%,+0.65,2,44092,买盘
14:39:43,219.8,-1.55%,-0.66,17,394761,卖盘
14:39:46,220.47,-1.25%,+0.67,10,224879,买盘
14:39:49,220.5,-1.23%,+0.03,58,1286838,买盘
14:39:52,220.52,-1.22%,+0.02,28,636641,买盘
14:39:55,219.8,-1.55%,-0.72,26,577195,卖盘
14:39:58,219.83,-1.53%,+0.03,18,410203,卖盘
14:40:01,219.84,-1.53%,+0.01,6,135202,卖盘
14:40:04,220.26,-1.34%,+0.42,10,228189,买盘
14:40:07,219.83,-1.53%,-0.43,8,180261,卖盘
14:40:10,220.24,-1.35%,+0.41,2,65852,买盘
14:40:13,220.26,-1.34%,+0.02,10,227088,买盘
14:40:16,220.26,-1.34%,--,20,440520,买盘
14:40:19,219.84,-1.53%,-0.42,17,384500,卖盘
14:40:22,219.84,-1.53%,--,0,0,卖盘
14:40:25,220.26,-1.34%,+0.42,5,117839,买盘
14:40:28,219.84,-1.53%,-0.42,15,346688,卖盘
14:40:31,219.84,-1.53%,--,25,553117,卖盘
14:40:34,219.84,-1.53%,--,2,53201,买盘
14:40:37,220.24,-1.35%,+0.4,17,386081,买盘
14:40:40,220.24,-1.35%,--,7,154608,买盘
14:40:43,220.24,-1.35%,--,9,206145,买盘
14:40:49,220.24,-1.35%,--,25,562273,买盘
14:40:52,220.45,-1.25%,+0.21,125,2755625,买盘
14:40:55,219.8,-1.55%,-0.65,73,1624322,卖盘
14:40:58,219.61,-1.63%,-0.19,20,440757,卖盘
14:41:01,220.6,-1.19%,+0.99,19,426199,买盘
14:41:04,219.62,-1.63%,-0.98,17,382798,卖盘
14:41:07,220.5,-1.23%,+0.88,6,139577,买盘
14:41:10,219.61,-1.63%,-0.89,10,219610,卖盘
14:41:13,220.24,-1.35%,+0.63,16,358110,中性盘
14:41:16,219.61,-1.63%,-0.63,14,307454,卖盘
14:41:19,220.25,-1.34%,+0.64,15,349537,卖盘
14:41:22,220.2,-1.37%,-0.05,20,441941,买盘
14:41:25,219.86,-1.52%,-0.34,6,131916,卖盘
14:41:28,220.21,-1.36%,+0.35,27,599852,买盘
14:41:31,219.61,-1.63%,-0.6,10,219610,卖盘
14:41:34,220.42,-1.27%,+0.81,7,156057,买盘
14:41:37,220.16,-1.38%,-0.26,20,440320,买盘
14:41:40,219.66,-1.61%,-0.5,10,219660,卖盘
14:41:43,219.94,-1.48%,+0.28,9,207843,中性盘
14:41:46,220.16,-1.38%,+0.22,2,45353,买盘
14:41:49,220.16,-1.38%,--,13,286208,卖盘
14:41:52,220.49,-1.24%,+0.33,4,93488,买盘
14:41:55,219.74,-1.57%,-0.75,12,263688,卖盘
14:41:58,220.43,-1.26%,+0.69,7,173699,中性盘
14:42:01,219.7,-1.59%,-0.73,10,219700,卖盘
14:42:04,220.38,-1.29%,+0.68,6,142145,中性盘
14:42:07,220.43,-1.26%,+0.05,13,286559,买盘
14:42:10,220.49,-1.24%,+0.06,2,44098,买盘
14:42:13,220.49,-1.24%,--,24,529176,买盘
14:42:16,219.94,-1.48%,-0.55,10,219940,卖盘
14:42:19,220.5,-1.23%,+0.56,15,352359,买盘
14:42:22,220.36,-1.29%,-0.14,2,44072,卖盘
14:42:25,220.49,-1.24%,+0.13,2,58209,买盘
14:42:28,220.49,-1.24%,--,0,0,买盘
14:42:31,220.36,-1.29%,-0.13,2,45394,中性盘
14:42:34,220.0,-1.46%,-0.36,3,66000,卖盘
14:42:37,220.36,-1.29%,+0.36,6,144997,买盘
14:42:40,220.36,-1.29%,--,4,108858,买盘
14:42:43,219.84,-1.53%,-0.52,5,109920,卖盘
14:42:46,220.0,-1.46%,+0.16,4,106700,买盘
14:42:49,220.0,-1.46%,--,7,155100,买盘
14:42:52,219.84,-1.53%,-0.16,10,219840,卖盘
14:42:55,220.36,-1.29%,+0.52,3,77126,买盘
14:42:58,220.36,-1.29%,--,3,78448,买盘
14:42:58,220.36,-1.29%,-0.06,3,78448,中性盘
14:43:04,220.3,-1.32%,-0.06,2,44060,中性盘
14:43:07,220.3,-1.32%,--,4,99135,买盘
14:43:10,220.36,-1.29%,+0.06,2,55090,买盘
14:43:16,219.9,-1.50%,-0.46,3,65970,卖盘
14:43:19,219.87,-1.51%,-0.03,10,219870,卖盘
14:43:22,220.0,-1.46%,+0.13,9,209000,中性盘
14:43:25,220.0,-1.46%,--,0,16060,买盘
14:43:28,219.89,-1.51%,-0.11,2,43978,卖盘
14:43:31,220.35,-1.30%,+0.46,2,49358,买盘
14:43:37,220.35,-1.30%,--,5,115023,买盘
14:43:43,220.0,-1.46%,-0.35,2,54120,卖盘
14:43:58,220.36,-1.29%,+0.36,22,495369,买盘
14:44:01,220.34,-1.30%,-0.02,7,165035,买盘
14:44:04,220.0,-1.46%,-0.34,45,1005620,卖盘
14:44:07,220.0,-1.46%,--,22,504020,买盘
14:44:10,220.0,-1.46%,--,0,0,卖盘
14:44:13,220.35,-1.30%,+0.35,2,63020,买盘
14:44:16,219.99,-1.46%,-0.36,10,219990,卖盘
14:44:19,219.99,-1.46%,--,3,73477,卖盘
14:44:25,219.99,-1.46%,--,0,0,卖盘
14:44:28,220.01,-1.45%,+0.02,28,636709,卖盘
14:44:31,220.34,-1.30%,+0.33,39,873428,买盘
14:44:34,219.98,-1.46%,-0.36,20,439960,卖盘
14:44:37,220.34,-1.30%,+0.36,12,286001,买盘
14:44:40,220.04,-1.44%,-0.3,14,315977,中性盘
14:44:43,220.34,-1.30%,+0.3,3,78661,买盘
14:44:52,220.34,-1.30%,--,2,44068,买盘
14:44:55,220.34,-1.30%,--,2,45390,买盘
14:44:58,220.34,-1.30%,--,17,395951,买盘
14:45:01,220.34,-1.30%,--,5,120526,买盘
14:45:10,220.34,-1.30%,--,8,196103,买盘
14:45:13,220.05,-1.43%,-0.29,6,146553,卖盘
14:45:16,220.06,-1.43%,+0.01,2,44012,中性盘
14:45:19,220.34,-1.30%,+0.28,16,365103,买盘
14:45:22,220.29,-1.33%,-0.05,11,261044,中性盘
14:45:25,220.34,-1.30%,+0.05,3,66102,买盘
14:45:28,220.29,-1.33%,-0.05,9,201345,卖盘
14:45:31,220.29,-1.33%,--,2,44058,买盘
14:45:34,220.04,-1.44%,-0.25,11,243144,卖盘
14:45:37,220.29,-1.33%,+0.25,2,44058,买盘
14:45:40,220.3,-1.32%,+0.01,7,158396,买盘
14:45:43,220.34,-1.30%,+0.04,8,177153,买盘
14:45:46,220.34,-1.30%,--,0,0,买盘
14:45:49,220.3,-1.32%,-0.04,4,97152,卖盘
14:45:52,220.33,-1.31%,+0.03,8,190365,买盘
14:45:55,220.29,-1.33%,-0.04,6,135038,卖盘
14:45:58,220.33,-1.31%,+0.04,5,121182,买盘
14:46:01,220.35,-1.30%,+0.02,8,182229,买盘
14:46:04,220.4,-1.28%,+0.05,12,272635,买盘
14:46:07,220.36,-1.29%,-0.04,2,44072,中性盘
14:46:13,220.46,-1.25%,+0.1,15,336422,买盘
14:46:16,220.47,-1.25%,+0.01,4,88188,买盘
14:46:19,220.46,-1.25%,-0.01,11,245813,买盘
14:46:22,220.5,-1.23%,+0.04,71,1565771,买盘
14:46:25,220.73,-1.13%,+0.23,109,2423395,买盘
14:46:25,220.73,-1.13%,--,109,2423395,中性盘
14:46:28,220.79,-1.10%,+0.06,17,376226,买盘
14:46:31,220.98,-1.02%,+0.19,3,66294,买盘
14:46:34,221.0,-1.01%,+0.02,46,1016600,买盘
14:46:37,221.0,-1.01%,--,36,813059,买盘
14:46:40,221.0,-1.01%,--,20,463658,买盘
14:46:43,220.99,-1.01%,-0.01,21,477559,卖盘
14:46:46,221.0,-1.01%,+0.01,16,367965,买盘
14:46:49,221.0,-1.01%,--,10,221000,买盘
14:46:52,220.99,-1.01%,-0.01,0,12154,卖盘
14:46:55,220.99,-1.01%,--,13,287508,买盘
14:46:58,220.87,-1.07%,-0.12,4,88348,卖盘
14:47:01,220.99,-1.01%,+0.12,9,207289,买盘
14:47:04,221.0,-1.01%,+0.01,4,88400,买盘
14:47:07,220.9,-1.05%,-0.1,11,258674,中性盘
14:47:10,220.86,-1.07%,-0.04,10,220860,卖盘
14:47:13,220.85,-1.08%,-0.01,18,405260,卖盘
14:47:16,220.85,-1.08%,--,3,72660,卖盘
14:47:19,220.86,-1.07%,+0.01,17,375462,买盘
14:47:22,220.79,-1.10%,-0.07,43,958891,卖盘
14:47:25,220.5,-1.23%,-0.29,6,132300,卖盘
14:47:28,220.37,-1.29%,-0.13,12,264444,卖盘
14:47:31,220.38,-1.29%,+0.01,30,671057,中性盘
14:47:34,220.37,-1.29%,-0.01,15,330555,卖盘
14:47:37,220.69,-1.15%,+0.32,12,264828,中性盘
14:47:40,220.69,-1.15%,--,0,0,买盘
14:47:43,220.38,-1.29%,-0.31,5,111072,买盘
14:47:46,220.03,-1.44%,-0.35,16,364810,卖盘
14:47:49,220.03,-1.44%,--,0,0,卖盘
14:47:55,220.37,-1.29%,+0.34,7,165498,买盘
14:47:58,220.06,-1.43%,-0.31,15,341093,卖盘
14:48:01,220.37,-1.29%,+0.31,10,230287,卖盘
14:48:04,220.67,-1.16%,+0.3,14,311586,买盘
14:48:07,220.06,-1.43%,-0.61,4,88024,卖盘
14:48:10,220.06,-1.43%,--,0,0,卖盘
14:48:13,220.06,-1.43%,--,52,1144312,卖盘
14:48:19,220.29,-1.33%,+0.23,2,44058,卖盘
14:48:25,220.09,-1.42%,-0.2,2,44018,中性盘
14:48:31,220.29,-1.33%,+0.2,4,103757,买盘
14:48:34,220.29,-1.33%,--,10,239235,卖盘
14:48:37,220.45,-1.25%,+0.16,13,286585,买盘
14:48:40,220.45,-1.25%,--,0,0,买盘
14:48:43,220.29,-1.33%,-0.16,42,926319,买盘
14:48:46,220.1,-1.41%,-0.19,5,110050,中性盘
14:48:49,220.29,-1.33%,+0.19,2,65867,买盘
14:48:55,220.29,-1.33%,--,2,62342,买盘
14:49:01,220.49,-1.24%,+0.2,6,134940,买盘
14:49:04,220.3,-1.32%,-0.19,4,96712,卖盘
14:49:10,220.47,-1.25%,+0.17,2,61070,买盘
14:49:19,220.43,-1.26%,-0.04,2,44086,买盘
14:49:22,220.45,-1.25%,+0.02,3,66135,买盘
14:49:25,220.44,-1.26%,-0.01,2,46954,卖盘
14:49:28,220.44,-1.26%,--,0,0,买盘
14:49:31,220.44,-1.26%,--,4,88176,买盘
14:49:34,220.45,-1.25%,+0.01,6,151890,买盘
14:49:37,220.44,-1.26%,-0.01,12,272464,卖盘
14:49:43,220.42,-1.27%,-0.02,1,33945,买盘
14:49:46,220.47,-1.25%,+0.05,5,124786,买盘
14:49:49,220.2,-1.37%,-0.27,8,182105,卖盘
14:49:49,220.2,-1.37%,--,8,182105,中性盘
14:49:52,220.47,-1.25%,+0.27,7,158297,买盘
14:49:55,220.18,-1.38%,-0.29,21,483295,卖盘
14:49:58,220.18,-1.38%,--,0,0,买盘
14:50:01,220.15,-1.39%,-0.03,4,88060,卖盘
14:50:04,220.18,-1.38%,+0.03,14,309353,买盘
14:50:07,220.43,-1.26%,+0.25,10,220430,买盘
14:50:13,220.18,-1.38%,-0.25,14,322123,卖盘
14:50:16,220.18,-1.38%,--,5,130567,买盘
14:50:19,220.19,-1.37%,+0.01,14,313771,卖盘
14:50:22,220.08,-1.42%,-0.11,26,585853,卖盘
14:50:25,220.08,-1.42%,--,2,44016,买盘
14:50:28,220.08,-1.42%,--,7,171222,买盘
14:50:31,220.07,-1.42%,-0.01,45,1004399,卖盘
14:50:34,220.4,-1.28%,+0.33,26,588909,买盘
14:50:37,220.09,-1.42%,-0.31,4,88036,中性盘
14:50:40,220.09,-1.42%,--,0,0,卖盘
14:50:43,220.38,-1.29%,+0.29,2,44076,买盘
14:50:49,220.1,-1.41%,-0.28,2,44020,卖盘
14:50:52,220.11,-1.41%,+0.01,4,92666,中性盘
14:50:55,220.12,-1.40%,+0.01,9,218799,中性盘
14:50:58,220.12,-1.40%,--,0,0,卖盘
14:51:01,220.3,-1.32%,+0.18,18,397201,卖盘
14:51:04,220.37,-1.29%,+0.07,17,376612,买盘
14:51:07,220.43,-1.26%,+0.06,14,328220,买盘
14:51:10,220.4,-1.28%,-0.03,4,105792,中性盘
14:51:13,220.47,-1.25%,+0.07,7,155211,买盘
14:51:16,220.38,-1.29%,-0.09,5,110190,卖盘
14:51:19,220.39,-1.28%,+0.01,23,524528,中性盘
14:51:22,220.47,-1.25%,+0.08,12,284847,买盘
14:51:25,220.39,-1.28%,-0.08,10,223475,卖盘
14:51:28,220.37,-1.29%,-0.02,14,316451,卖盘
14:51:31,220.38,-1.29%,+0.01,4,88152,买盘
14:51:34,220.37,-1.29%,-0.01,2,48922,中性盘
14:51:37,220.37,-1.29%,--,2,44955,买盘
14:51:40,220.37,-1.29%,--,8,189077,买盘
14:51:43,220.37,-1.29%,--,0,0,买盘
14:51:49,220.4,-1.28%,+0.03,133,2939695,买盘
14:51:52,220.4,-1.28%,--,11,242440,买盘
14:51:55,220.36,-1.29%,-0.04,2,47157,卖盘
14:51:58,220.4,-1.28%,+0.04,2,44080,买盘
14:52:01,220.36,-1.29%,-0.04,5,116570,卖盘
14:52:04,220.4,-1.28%,+0.04,6,140615,买盘
14:52:07,220.4,-1.28%,--,5,124746,买盘
14:52:10,220.4,-1.28%,--,8,186238,买盘
14:52:13,220.4,-1.28%,--,67,1480427,买盘
14:52:16,220.4,-1.28%,--,40,900554,买盘
14:52:22,220.62,-1.18%,+0.22,22,485364,买盘
14:52:25,220.47,-1.25%,-0.15,12,268532,卖盘
14:52:28,220.47,-1.25%,--,2,44094,买盘
14:52:31,220.47,-1.25%,--,5,126550,买盘
14:52:34,220.41,-1.27%,-0.06,24,535596,卖盘
14:52:37,220.47,-1.25%,+0.06,3,75180,买盘
14:52:40,220.47,-1.25%,--,7,154329,卖盘
14:52:43,220.4,-1.28%,-0.07,49,1096270,卖盘
14:52:49,220.4,-1.28%,--,10,235828,买盘
14:52:55,220.4,-1.28%,--,8,176320,卖盘
14:52:58,220.4,-1.28%,--,4,93009,卖盘
14:53:01,220.46,-1.25%,+0.06,4,88184,买盘
14:53:04,220.47,-1.25%,+0.01,29,647520,买盘
14:53:07,220.47,-1.25%,--,0,0,买盘
14:53:10,220.4,-1.28%,-0.07,5,110200,买盘
14:53:13,220.47,-1.25%,+0.07,15,330705,买盘
14:56:37,221.0,-1.01%,--,22,496587,中性盘
14:56:40,221.01,-1.00%,+0.01,5,119787,买盘
14:56:43,221.01,-1.00%,--,85,1890078,买盘
14:56:46,221.0,-1.01%,-0.01,13,287300,卖盘
14:56:49,221.0,-1.01%,--,47,1048866,卖盘
14:56:52,221.0,-1.01%,--,1,22100,卖盘
14:56:55,221.01,-1.00%,+0.01,12,284440,买盘
14:56:58,221.01,-1.00%,--,21,477161,买盘
14:57:01,221.04,-0.99%,+0.03,7,154728,卖盘
14:59:16,221.04,-0.99%,--,0,0,买盘
14:59:31,221.04,-0.99%,--,0,0,卖盘
15:00:03,221.2,-0.92%,+0.16,729,16132558,卖盘
15:00:03,221.2,-0.92%,--,0,0,买盘
