成交时间,成交价,涨跌幅,价格变动,成交量(手),成交额(元),性质
09:21:54,0.0,-100.00%,--,0,0,中性盘
09:24:48,0.0,-100.00%,--,0,0,卖盘
09:25:00,227.5,+1.20%,+227.5,1115,25372393,卖盘
09:25:00,227.5,+1.20%,--,1115,25372393,--
09:25:00,227.5,+1.20%,-0.02,1115,25372393,中性盘
09:30:01,227.48,+1.19%,-0.02,59,1356236,卖盘
09:30:04,227.5,+1.20%,0.02,477,10854253,买盘
09:30:07,226.92,+0.94%,-0.58,273,6208531,中性盘
09:30:10,226.4,+0.71%,-0.52,157,3561046,卖盘
09:30:13,225.84,+0.46%,-0.56,382,8627540,卖盘
09:30:16,226.01,+0.54%,0.17,236,5336774,买盘
09:30:19,226.49,+0.75%,0.48,206,4676113,买盘
09:30:22,227.43,+1.17%,0.94,48,1091664,中性盘
09:30:25,227.48,+1.19%,0.05,146,3329397,买盘
09:30:28,227.66,+1.27%,0.18,335,7628431,买盘
09:30:31,227.5,+1.20%,-0.16,159,3622938,中性盘
09:30:34,227.51,+1.21%,0.01,129,2951715,中性盘
09:30:37,227.99,+1.42%,0.48,179,4084897,买盘
09:30:40,228.0,+1.42%,0.01,229,5224392,买盘
09:30:43,228.49,+1.64%,0.49,83,1906521,买盘
09:30:46,228.55,+1.67%,0.06,149,3408595,买盘
09:30:49,228.47,+1.63%,-0.08,88,2020360,中性盘
09:30:52,228.45,+1.62%,-0.02,214,4903222,买盘
09:30:55,228.16,+1.49%,-0.29,153,3500203,卖盘
09:30:58,228.55,+1.67%,0.39,82,1896508,买盘
09:31:01,228.36,+1.58%,-0.19,124,2842397,卖盘
09:31:04,228.6,+1.69%,0.24,131,2995346,买盘
09:31:07,228.32,+1.57%,-0.28,168,3853357,卖盘
09:31:10,228.0,+1.42%,-0.32,175,4002084,卖盘
09:31:13,227.92,+1.39%,-0.08,140,3213444,卖盘
09:31:16,227.66,+1.27%,-0.26,102,2341938,卖盘
09:31:19,227.43,+1.17%,-0.23,118,2702778,卖盘
09:31:22,226.4,+0.71%,-1.03,193,4388311,卖盘
09:31:25,226.89,+0.93%,0.49,59,1347046,买盘
09:31:25,226.89,+0.93%,--,59,1347046,中性盘
09:31:28,227.0,+0.98%,+0.11,135,3084930,买盘
09:31:31,226.89,+0.93%,-0.11,72,1635877,卖盘
09:31:34,227.21,+1.07%,+0.32,105,2400928,买盘
09:31:37,227.0,+0.98%,-0.21,45,1024905,卖盘
09:31:40,227.4,+1.16%,+0.4,159,3619298,买盘
09:31:43,227.66,+1.27%,+0.26,234,5330659,买盘
09:31:46,227.43,+1.17%,-0.23,299,6815395,中性盘
09:31:49,227.5,+1.20%,+0.07,36,836063,中性盘
09:31:52,228.0,+1.42%,+0.5,179,4085532,买盘
09:31:55,227.97,+1.41%,-0.03,73,1683786,中性盘
09:31:58,228.0,+1.42%,+0.03,54,1238952,买盘
09:32:01,227.51,+1.21%,-0.49,94,2159070,卖盘
09:32:04,227.5,+1.20%,-0.01,78,1780188,卖盘
09:32:07,227.0,+0.98%,-0.5,76,1743814,卖盘
09:32:10,227.47,+1.19%,+0.47,34,781587,买盘
09:32:13,227.14,+1.04%,-0.33,41,938088,中性盘
09:32:16,227.0,+0.98%,-0.14,38,864870,中性盘
09:32:19,227.48,+1.19%,+0.48,62,1421977,买盘
09:32:22,227.0,+0.98%,-0.48,33,755456,中性盘
09:32:25,226.84,+0.91%,-0.16,102,2333957,卖盘
09:32:28,226.49,+0.75%,-0.35,48,1097344,卖盘
09:32:31,226.49,+0.75%,--,33,765310,买盘
09:32:34,227.0,+0.98%,+0.51,58,1332263,买盘
09:32:37,227.48,+1.19%,+0.48,19,433804,买盘
09:32:40,227.5,+1.20%,+0.02,72,1638455,买盘
09:32:43,227.37,+1.14%,-0.13,39,906752,卖盘
09:32:46,227.08,+1.01%,-0.29,35,804317,卖盘
09:32:49,227.49,+1.20%,+0.41,56,1280086,买盘
09:32:52,227.08,+1.01%,-0.41,86,1957203,卖盘
09:32:55,227.37,+1.14%,+0.29,51,1181642,买盘
09:32:58,227.49,+1.20%,+0.12,144,3277448,中性盘
09:33:01,227.37,+1.14%,-0.12,67,1532701,中性盘
09:33:04,227.49,+1.20%,+0.12,60,1380409,买盘
09:33:07,227.48,+1.19%,-0.01,57,1300276,卖盘
09:33:10,227.07,+1.01%,-0.41,27,624443,卖盘
09:33:13,227.0,+0.98%,-0.07,64,1466193,卖盘
09:33:16,227.37,+1.14%,+0.37,83,1892628,买盘
09:33:19,227.37,+1.14%,--,184,4199297,买盘
09:33:22,226.99,+0.97%,-0.38,71,1633874,卖盘
09:33:25,227.37,+1.14%,+0.38,35,813075,买盘
09:33:28,227.37,+1.14%,--,44,1019072,卖盘
09:33:31,227.23,+1.08%,-0.14,24,566257,中性盘
09:33:34,227.49,+1.20%,+0.26,60,1381774,买盘
09:33:37,227.49,+1.20%,--,70,1600165,买盘
09:33:40,227.0,+0.98%,-0.49,25,573856,卖盘
09:33:43,227.48,+1.19%,+0.48,22,519337,买盘
09:33:46,227.48,+1.19%,--,24,546179,买盘
09:33:49,227.01,+0.98%,-0.47,73,1665118,卖盘
09:33:52,227.23,+1.08%,+0.22,46,1054120,卖盘
09:33:55,227.19,+1.06%,-0.04,67,1535804,卖盘
09:33:58,227.0,+0.98%,-0.19,106,2413464,卖盘
09:34:01,226.9,+0.93%,-0.1,66,1513877,卖盘
09:34:04,227.0,+0.98%,+0.1,22,499627,中性盘
09:34:07,226.49,+0.75%,-0.51,71,1616912,卖盘
09:34:10,226.49,+0.75%,--,51,1166876,卖盘
09:34:13,226.9,+0.93%,+0.41,42,971813,买盘
09:34:16,227.1,+1.02%,+0.2,34,783949,买盘
09:34:19,227.0,+0.98%,-0.1,66,1505237,买盘
09:34:22,226.51,+0.76%,-0.49,46,1061879,卖盘
09:34:25,227.0,+0.98%,+0.49,21,495314,买盘
09:34:28,226.51,+0.76%,-0.49,56,1287709,卖盘
09:34:31,227.04,+1.00%,+0.53,37,845043,买盘
09:34:34,227.04,+1.00%,--,15,357588,卖盘
09:34:37,227.0,+0.98%,-0.04,4,112365,卖盘
09:34:40,226.97,+0.97%,-0.03,25,582859,中性盘
09:34:40,226.97,+0.97%,--,25,582859,中性盘
09:34:40,226.97,+0.97%,--,25,582859,买盘
09:34:43,227.0,+0.98%,+0.03,23,535039,买盘
09:34:46,226.97,+0.97%,-0.03,7,165007,买盘
09:34:49,226.55,+0.78%,-0.42,11,261212,中性盘
09:34:52,227.01,+0.98%,+0.46,48,1102815,买盘
09:34:55,227.31,+1.12%,+0.3,55,1257934,买盘
09:34:58,227.15,+1.05%,-0.16,42,959254,中性盘
09:35:01,227.22,+1.08%,+0.07,61,1391723,中性盘
09:35:04,227.4,+1.16%,+0.18,56,1275714,买盘
09:35:07,227.56,+1.23%,+0.16,208,4750543,买盘
09:35:10,228.0,+1.42%,+0.44,86,1976988,买盘
09:35:13,228.14,+1.49%,+0.14,265,6063277,买盘
09:35:16,228.55,+1.67%,+0.41,37,845635,买盘
09:35:19,228.66,+1.72%,+0.11,84,1934464,买盘
09:35:22,228.87,+1.81%,+0.21,79,1830731,买盘
09:35:25,228.92,+1.83%,+0.05,92,2125751,买盘
09:35:28,228.89,+1.82%,-0.03,56,1302384,卖盘
09:35:31,229.04,+1.89%,+0.15,128,2941103,买盘
09:35:34,229.12,+1.92%,+0.08,131,3021405,买盘
09:35:37,229.45,+2.07%,+0.33,208,4774166,买盘
09:35:40,228.99,+1.86%,-0.46,209,4787723,卖盘
09:35:43,228.99,+1.86%,--,120,2756811,卖盘
09:35:46,229.05,+1.89%,+0.06,97,2226824,买盘
09:35:49,228.55,+1.67%,-0.5,94,2157283,卖盘
09:35:52,229.2,+1.96%,+0.65,124,2852165,买盘
09:35:55,229.45,+2.07%,+0.25,43,994895,买盘
09:35:58,229.27,+1.99%,-0.18,82,1881160,中性盘
09:36:01,229.5,+2.09%,+0.23,128,2939436,买盘
09:36:04,229.49,+2.09%,-0.01,162,3725770,中性盘
09:36:07,229.49,+2.09%,--,113,2601040,买盘
09:36:10,229.68,+2.17%,+0.19,115,2651426,买盘
09:36:13,229.77,+2.21%,+0.09,54,1263505,中性盘
09:36:16,229.8,+2.22%,+0.03,124,2856644,买盘
09:36:19,229.88,+2.26%,+0.08,272,6253656,买盘
09:36:22,229.88,+2.26%,--,156,3604978,卖盘
09:36:25,230.0,+2.31%,+0.12,263,6050610,买盘
09:36:28,230.27,+2.43%,+0.27,239,5511282,买盘
09:36:31,230.56,+2.56%,+0.29,58,1351543,买盘
09:36:34,230.77,+2.66%,+0.21,200,4637785,中性盘
09:36:37,230.8,+2.67%,+0.03,92,2134438,买盘
09:36:40,230.88,+2.70%,+0.08,212,4905738,买盘
09:36:43,230.06,+2.34%,-0.82,131,3031041,卖盘
09:36:46,230.77,+2.66%,+0.71,114,2652932,买盘
09:36:49,230.77,+2.66%,--,176,4074937,买盘
09:36:52,230.66,+2.61%,-0.11,119,2763076,买盘
09:36:55,230.77,+2.66%,+0.11,111,2562701,买盘
09:36:58,230.88,+2.70%,+0.11,127,2944182,买盘
09:37:01,230.12,+2.37%,-0.76,64,1483584,卖盘
09:37:04,230.13,+2.37%,+0.01,67,1560742,买盘
09:37:07,230.5,+2.54%,+0.37,45,1038633,买盘
09:37:10,230.0,+2.31%,-0.5,70,1627020,卖盘
09:37:13,229.88,+2.26%,-0.12,252,5809527,卖盘
09:37:16,229.02,+1.88%,-0.86,65,1504661,卖盘
09:37:19,229.34,+2.02%,+0.32,87,2007872,中性盘
09:37:22,229.25,+1.98%,-0.09,106,2441742,卖盘
09:37:25,229.34,+2.02%,+0.09,37,864841,中性盘
09:37:28,229.25,+1.98%,-0.09,22,517188,卖盘
09:37:31,229.95,+2.29%,+0.7,61,1404535,买盘
09:37:34,229.25,+1.98%,-0.7,19,445891,中性盘
09:37:37,229.14,+1.93%,-0.11,18,420243,买盘
09:37:40,229.0,+1.87%,-0.14,44,1019966,卖盘
09:37:43,229.0,+1.87%,--,20,469679,卖盘
09:37:46,228.6,+1.69%,-0.4,47,1094537,卖盘
09:37:49,229.0,+1.87%,+0.4,29,678756,买盘
09:37:52,228.61,+1.69%,-0.39,65,1493966,卖盘
09:37:52,228.61,+1.69%,-0.01,65,1493966,中性盘
09:37:55,228.6,+1.69%,-0.01,11,255575,卖盘
09:37:58,229.0,+1.87%,+0.4,83,1919478,买盘
09:38:01,229.0,+1.87%,--,77,1780704,买盘
09:38:04,229.12,+1.92%,+0.12,48,1120168,买盘
09:38:07,229.11,+1.92%,-0.01,44,1017248,中性盘
09:38:10,229.15,+1.94%,+0.04,64,1484205,中性盘
09:38:13,229.26,+1.98%,+0.11,22,505518,买盘
09:38:16,229.79,+2.22%,+0.53,70,1609219,买盘
09:38:19,229.8,+2.22%,+0.01,46,1078222,买盘
09:38:22,229.2,+1.96%,-0.6,41,955535,卖盘
09:38:25,229.35,+2.02%,+0.15,15,362832,中性盘
09:38:28,229.45,+2.07%,+0.1,42,981817,中性盘
09:38:31,229.88,+2.26%,+0.43,75,1726399,买盘
09:38:34,229.35,+2.02%,-0.53,50,1152254,卖盘
09:38:37,229.3,+2.00%,-0.05,17,394396,中性盘
09:38:40,229.21,+1.96%,-0.09,22,511826,卖盘
09:38:43,229.22,+1.97%,+0.01,41,956764,买盘
09:38:46,229.0,+1.87%,-0.22,46,1065308,卖盘
09:38:49,229.0,+1.87%,--,55,1273698,卖盘
09:38:52,229.0,+1.87%,--,18,430749,买盘
09:38:55,228.9,+1.82%,-0.1,33,761093,卖盘
09:38:58,229.04,+1.89%,+0.14,39,906311,买盘
09:39:01,229.0,+1.87%,-0.04,19,438535,卖盘
09:39:04,228.9,+1.82%,-0.1,57,1307706,卖盘
09:39:07,228.87,+1.81%,-0.03,32,740623,卖盘
09:39:10,228.96,+1.85%,+0.09,16,375265,卖盘
09:39:13,228.96,+1.85%,--,4,96392,卖盘
09:39:16,229.0,+1.87%,+0.04,4,107630,买盘
09:39:19,228.96,+1.85%,-0.04,8,193013,卖盘
09:39:22,229.0,+1.87%,+0.04,88,2018864,买盘
09:39:25,228.95,+1.85%,-0.05,57,1322415,中性盘
09:39:28,228.87,+1.81%,-0.08,16,371914,卖盘
09:39:31,228.96,+1.85%,+0.09,19,439832,买盘
09:39:34,228.76,+1.76%,-0.2,19,434644,卖盘
09:39:37,228.73,+1.75%,-0.03,16,371458,卖盘
09:39:40,228.64,+1.71%,-0.09,26,602924,卖盘
09:39:43,228.6,+1.69%,-0.04,67,1543736,卖盘
09:39:46,228.6,+1.69%,--,18,419710,卖盘
09:39:49,228.51,+1.65%,-0.09,48,1117642,卖盘
09:39:52,228.57,+1.68%,+0.06,24,549939,买盘
09:39:55,228.22,+1.52%,-0.35,38,882755,卖盘
09:39:58,228.22,+1.52%,--,27,636277,买盘
09:40:01,227.98,+1.41%,-0.24,75,1719881,卖盘
09:40:04,227.8,+1.33%,-0.18,32,741489,卖盘
09:40:07,227.8,+1.33%,--,6,158777,买盘
09:40:10,227.59,+1.24%,-0.21,11,251032,卖盘
09:40:13,227.55,+1.22%,-0.04,19,448274,卖盘
09:40:16,227.5,+1.20%,-0.05,34,778960,中性盘
09:40:19,227.42,+1.17%,-0.08,19,446425,中性盘
09:40:22,227.1,+1.02%,-0.32,93,2119979,卖盘
09:40:25,227.1,+1.02%,--,54,1244962,中性盘
09:40:28,227.18,+1.06%,+0.08,91,2078470,中性盘
09:40:31,227.11,+1.03%,-0.07,46,1062648,卖盘
09:40:34,227.1,+1.02%,-0.01,39,889551,卖盘
09:40:37,227.1,+1.02%,--,34,775092,卖盘
09:40:40,227.11,+1.03%,+0.01,39,903444,中性盘
09:40:43,227.16,+1.05%,+0.05,35,808008,中性盘
09:40:46,227.1,+1.02%,-0.06,64,1455484,卖盘
09:40:49,227.1,+1.02%,--,10,227100,卖盘
09:40:52,227.1,+1.02%,--,13,314079,卖盘
09:40:55,227.0,+0.98%,-0.1,81,1852774,卖盘
09:40:58,227.0,+0.98%,--,56,1285955,卖盘
09:41:01,226.96,+0.96%,-0.04,180,4091181,卖盘
09:41:04,226.61,+0.81%,-0.35,20,467043,卖盘
09:41:07,226.93,+0.95%,+0.32,20,458852,买盘
09:41:07,226.93,+0.95%,--,20,458852,中性盘
09:41:10,226.75,+0.87%,-0.18,20,458489,中性盘
09:41:13,226.6,+0.80%,-0.15,13,294580,中性盘
09:41:16,226.75,+0.87%,+0.15,43,991805,买盘
09:41:19,226.55,+0.78%,-0.2,31,723601,买盘
09:41:22,226.9,+0.93%,+0.35,16,374385,买盘
09:41:25,226.68,+0.84%,-0.22,8,181344,中性盘
09:41:28,226.68,+0.84%,--,22,498696,卖盘
09:41:31,226.87,+0.92%,+0.19,77,1765049,买盘
09:41:34,226.6,+0.80%,-0.27,54,1238369,卖盘
09:41:37,226.96,+0.96%,+0.36,59,1339972,买盘
09:41:40,226.95,+0.96%,-0.01,27,616396,中性盘
09:41:43,226.61,+0.81%,-0.34,20,457526,卖盘
09:41:46,226.41,+0.72%,-0.2,39,900206,卖盘
09:41:49,226.6,+0.80%,+0.19,33,753445,买盘
09:41:52,226.41,+0.72%,-0.19,12,271692,卖盘
09:41:55,226.37,+0.70%,-0.04,37,851151,卖盘
09:41:58,226.44,+0.73%,+0.07,32,733439,中性盘
09:42:01,226.55,+0.78%,+0.11,30,692790,买盘
09:42:04,226.01,+0.54%,-0.54,53,1217968,卖盘
09:42:07,226.43,+0.73%,+0.42,24,554074,买盘
09:42:10,226.1,+0.58%,-0.33,15,352490,卖盘
09:42:13,226.1,+0.58%,--,44,999362,买盘
09:42:16,226.43,+0.73%,+0.33,43,986782,买盘
09:42:19,226.1,+0.58%,-0.33,13,311114,卖盘
09:42:22,226.1,+0.58%,--,13,300713,卖盘
09:42:25,226.39,+0.71%,+0.29,16,373544,买盘
09:42:28,226.1,+0.58%,-0.29,18,426877,卖盘
09:42:31,226.1,+0.58%,--,20,473001,买盘
09:42:34,226.01,+0.54%,-0.09,50,1138186,卖盘
09:42:37,226.14,+0.60%,+0.13,16,361824,买盘
09:42:40,226.0,+0.53%,-0.14,51,1173392,卖盘
09:42:43,226.0,+0.53%,--,53,1207292,卖盘
09:42:46,225.99,+0.53%,-0.01,79,1799332,卖盘
09:42:49,226.01,+0.54%,+0.02,37,840079,买盘
09:42:52,226.14,+0.60%,+0.13,31,708270,买盘
09:42:55,226.33,+0.68%,+0.19,37,844664,买盘
09:42:58,226.43,+0.73%,+0.1,34,771673,买盘
09:43:01,226.34,+0.69%,-0.09,31,719988,卖盘
09:43:04,226.39,+0.71%,+0.05,2,67464,卖盘
09:43:07,226.55,+0.78%,+0.16,58,1332794,买盘
09:43:10,226.0,+0.53%,-0.55,100,2279210,卖盘
09:43:13,226.34,+0.69%,+0.34,41,946780,中性盘
09:43:16,226.34,+0.69%,--,8,181072,买盘
09:43:19,226.0,+0.53%,-0.34,30,685232,卖盘
09:43:22,226.32,+0.68%,+0.32,20,454224,中性盘
09:43:25,226.32,+0.68%,--,16,370938,卖盘
09:43:28,226.0,+0.53%,-0.32,59,1335886,卖盘
09:43:31,226.1,+0.58%,+0.1,7,177941,买盘
09:43:34,226.3,+0.67%,+0.2,22,507817,买盘
09:43:37,226.0,+0.53%,-0.3,24,544434,卖盘
09:43:40,225.95,+0.51%,-0.05,17,390442,卖盘
09:43:43,225.94,+0.51%,-0.01,23,536382,卖盘
09:43:46,225.94,+0.51%,--,1,24402,卖盘
09:43:49,225.94,+0.51%,--,9,213965,买盘
09:43:52,225.81,+0.45%,-0.13,29,658462,卖盘
09:43:55,225.7,+0.40%,-0.11,29,670780,卖盘
09:43:58,225.7,+0.40%,--,4,111722,卖盘
09:44:01,225.79,+0.44%,+0.09,6,147215,买盘
09:44:04,225.22,+0.19%,-0.57,67,1508974,卖盘
09:44:07,225.7,+0.40%,+0.48,38,865560,买盘
09:44:10,225.23,+0.19%,-0.47,26,592805,卖盘
09:44:13,225.23,+0.19%,--,21,479965,买盘
09:44:16,225.31,+0.23%,+0.08,35,790387,中性盘
09:44:19,225.23,+0.19%,-0.08,39,890109,买盘
09:44:19,225.23,+0.19%,-0.01,39,890109,中性盘
09:44:22,225.22,+0.19%,-0.01,26,602238,中性盘
09:44:25,225.23,+0.19%,+0.01,33,743709,买盘
09:44:28,225.2,+0.18%,-0.03,41,928274,买盘
09:44:31,225.15,+0.16%,-0.05,24,552068,卖盘
09:44:34,225.16,+0.16%,+0.01,13,298112,中性盘
09:44:37,225.14,+0.15%,-0.02,39,898534,卖盘
09:44:40,225.13,+0.15%,-0.01,19,432024,中性盘
09:44:43,225.0,+0.09%,-0.13,34,779850,卖盘
09:44:46,225.2,+0.18%,+0.2,45,1015652,买盘
09:44:49,226.0,+0.53%,+0.8,129,2932350,买盘
09:44:52,225.89,+0.48%,-0.11,40,915758,卖盘
09:44:55,225.89,+0.48%,--,13,312180,中性盘
09:44:58,225.89,+0.48%,--,15,359843,买盘
09:45:01,225.34,+0.24%,-0.55,18,408992,中性盘
09:45:04,225.97,+0.52%,+0.63,6,135808,中性盘
09:45:07,225.34,+0.24%,-0.63,6,154809,中性盘
09:45:10,225.97,+0.52%,+0.63,7,177160,买盘
09:45:13,225.4,+0.27%,-0.57,4,90611,中性盘
09:45:16,225.37,+0.25%,-0.03,15,338731,卖盘
09:45:19,225.97,+0.52%,+0.6,13,293761,中性盘
09:45:22,225.44,+0.28%,-0.53,92,2091858,卖盘
09:45:25,225.97,+0.52%,+0.53,10,225970,中性盘
09:45:28,225.44,+0.28%,-0.53,7,157808,卖盘
09:45:31,225.4,+0.27%,-0.04,6,151920,卖盘
09:45:34,225.44,+0.28%,+0.04,21,489881,买盘
09:45:37,225.36,+0.25%,-0.08,11,266826,卖盘
09:45:40,225.4,+0.27%,+0.04,2,45080,买盘
09:45:43,225.4,+0.27%,--,7,178066,卖盘
09:45:46,225.44,+0.28%,+0.04,45,1035897,买盘
09:45:49,225.4,+0.27%,-0.04,44,994014,卖盘
09:45:52,225.4,+0.27%,--,15,350722,卖盘
09:45:55,225.43,+0.28%,+0.03,31,718896,买盘
09:45:58,225.37,+0.25%,-0.06,19,437218,卖盘
09:46:01,225.36,+0.25%,-0.01,99,2231740,卖盘
09:46:04,225.37,+0.25%,+0.01,4,90148,中性盘
09:46:07,225.32,+0.23%,-0.05,39,888211,卖盘
09:46:10,225.2,+0.18%,-0.12,21,478550,卖盘
09:46:13,225.29,+0.22%,+0.09,50,1146050,中性盘
09:46:16,225.14,+0.15%,-0.15,48,1082698,卖盘
09:46:19,225.27,+0.21%,+0.13,24,543126,买盘
09:46:22,225.1,+0.13%,-0.17,2,47946,买盘
09:46:25,225.02,+0.10%,-0.08,19,436314,卖盘
09:46:28,225.0,+0.09%,-0.02,164,3690675,卖盘
09:46:31,224.9,+0.04%,-0.1,89,2020052,卖盘
09:46:34,224.85,+0.02%,-0.05,43,968429,卖盘
09:46:37,224.85,+0.02%,--,28,637675,买盘
09:46:40,224.79,-0.00%,-0.06,17,398553,卖盘
09:46:43,224.65,-0.07%,-0.14,18,426386,卖盘
09:46:46,224.65,-0.07%,--,12,269580,买盘
09:46:49,224.44,-0.16%,-0.21,9,214565,中性盘
09:46:52,224.1,-0.31%,-0.34,47,1062458,卖盘
09:46:55,224.1,-0.31%,--,46,1036238,卖盘
09:46:58,224.1,-0.31%,--,53,1209020,买盘
09:47:01,223.3,-0.67%,-0.8,121,2720687,卖盘
09:47:04,223.96,-0.37%,+0.66,39,880387,中性盘
09:47:07,223.3,-0.67%,-0.66,33,750735,中性盘
09:47:10,223.27,-0.68%,-0.03,29,648376,卖盘
09:47:13,223.95,-0.38%,+0.68,34,761430,买盘
09:47:16,223.94,-0.38%,-0.01,45,1014000,买盘
09:47:19,223.91,-0.40%,-0.03,47,1064020,中性盘
09:47:22,223.49,-0.58%,-0.42,45,1006152,中性盘
09:47:25,223.31,-0.66%,-0.18,26,589985,卖盘
09:47:28,223.9,-0.40%,+0.59,40,914632,买盘
09:47:31,223.3,-0.67%,-0.6,14,317533,卖盘
09:47:34,223.27,-0.68%,-0.03,35,787250,卖盘
09:50:46,222.45,-1.05%,-0.34,25,570362,中性盘
09:50:49,222.11,-1.20%,-0.34,67,1509682,卖盘
09:50:52,222.08,-1.21%,-0.03,68,1522580,卖盘
09:50:55,222.0,-1.25%,-0.08,16,370296,卖盘
09:50:58,222.0,-1.25%,--,54,1216116,卖盘
09:51:01,222.0,-1.25%,--,13,291708,卖盘
09:51:04,222.0,-1.25%,--,30,669330,卖盘
09:51:07,222.0,-1.25%,--,36,816072,卖盘
09:51:10,222.09,-1.21%,+0.09,38,864818,买盘
09:51:13,222.09,-1.21%,--,146,3251398,买盘
09:51:16,222.05,-1.22%,-0.04,92,2064177,卖盘
09:51:19,222.4,-1.07%,+0.35,3,71390,买盘
09:51:22,222.07,-1.21%,-0.33,35,786572,卖盘
09:51:25,222.0,-1.25%,-0.07,91,2034408,卖盘
09:51:28,222.0,-1.25%,--,11,244200,买盘
09:51:31,222.0,-1.25%,--,19,432456,买盘
09:51:34,222.03,-1.23%,+0.03,72,1610828,买盘
09:51:37,221.99,-1.25%,-0.04,14,324327,卖盘
09:51:40,222.0,-1.25%,+0.01,22,488622,买盘
09:51:43,221.98,-1.25%,-0.02,42,932316,卖盘
09:51:46,222.0,-1.25%,+0.02,2,44400,中性盘
09:51:49,222.0,-1.25%,--,44,986124,卖盘
09:51:52,222.0,-1.25%,--,27,606060,买盘
09:51:55,221.81,-1.33%,-0.19,23,532122,卖盘
09:51:58,222.0,-1.25%,+0.19,11,244200,买盘
09:52:01,221.81,-1.33%,-0.19,2,49685,卖盘
09:52:04,221.81,-1.33%,--,36,820032,卖盘
09:52:07,221.81,-1.33%,--,15,349794,买盘
09:52:10,221.81,-1.33%,--,49,1092636,买盘
09:52:13,221.82,-1.33%,+0.01,4,94495,中性盘
09:52:16,222.0,-1.25%,+0.18,55,1242756,买盘
09:52:19,221.7,-1.38%,-0.3,67,1486720,卖盘
09:52:22,222.0,-1.25%,+0.3,11,250638,买盘
09:52:25,221.7,-1.38%,-0.3,6,144105,卖盘
09:52:28,221.7,-1.38%,--,17,386201,卖盘
09:52:31,221.99,-1.25%,+0.29,7,161387,买盘
09:52:34,221.67,-1.39%,-0.32,17,376839,卖盘
09:52:37,221.8,-1.33%,+0.13,7,155482,买盘
09:52:40,221.7,-1.38%,-0.1,9,221035,卖盘
09:52:43,221.7,-1.38%,--,5,110850,卖盘
09:52:46,221.7,-1.38%,--,23,524321,卖盘
09:52:49,221.67,-1.39%,-0.03,17,389696,卖盘
09:52:52,221.6,-1.42%,-0.07,21,473338,卖盘
09:52:55,221.7,-1.38%,+0.1,10,221700,买盘
09:52:58,221.57,-1.44%,-0.13,41,915527,卖盘
09:53:01,221.59,-1.43%,+0.02,6,140931,买盘
09:53:04,221.51,-1.46%,-0.08,17,395838,卖盘
09:53:07,221.3,-1.56%,-0.21,17,376210,卖盘
09:53:10,221.33,-1.54%,+0.03,24,538717,卖盘
09:53:13,221.3,-1.56%,-0.03,4,95823,卖盘
09:53:16,221.5,-1.47%,+0.2,9,199350,买盘
09:53:19,221.3,-1.56%,-0.2,36,802876,卖盘
09:53:22,221.33,-1.54%,+0.03,52,1160433,买盘
09:53:25,221.3,-1.56%,-0.03,32,708160,中性盘
09:53:28,221.23,-1.59%,-0.07,46,1032259,卖盘
09:53:31,221.23,-1.59%,--,16,354853,买盘
09:53:34,221.21,-1.60%,-0.02,32,714508,卖盘
09:53:37,221.2,-1.60%,-0.01,8,181605,卖盘
09:53:40,221.2,-1.60%,--,25,570475,卖盘
09:53:43,221.2,-1.60%,--,38,849850,买盘
09:53:46,221.13,-1.63%,-0.07,24,534250,卖盘
09:53:49,221.16,-1.62%,+0.03,39,878890,中性盘
09:53:52,221.1,-1.65%,-0.06,25,561373,卖盘
09:53:55,221.1,-1.65%,--,14,329881,买盘
09:53:58,221.07,-1.66%,-0.03,38,842719,卖盘
09:53:58,221.07,-1.66%,--,38,842719,中性盘
09:54:01,221.1,-1.65%,+0.03,7,163835,买盘
09:54:04,221.05,-1.67%,-0.05,48,1079608,卖盘
09:54:07,221.05,-1.67%,--,11,248902,买盘
09:54:10,221.01,-1.69%,-0.04,51,1127372,卖盘
09:54:13,221.04,-1.67%,+0.03,19,432354,买盘
09:54:16,221.01,-1.69%,-0.03,50,1106155,卖盘
09:54:19,220.98,-1.70%,-0.03,72,1597243,卖盘
09:54:22,221.0,-1.69%,+0.02,25,568412,买盘
09:54:25,220.8,-1.78%,-0.2,12,272688,卖盘
09:54:28,220.88,-1.74%,+0.08,4,88352,买盘
09:54:31,220.88,-1.74%,--,24,540714,买盘
09:54:34,220.8,-1.78%,-0.08,10,220800,卖盘
09:54:37,220.8,-1.78%,--,15,341136,卖盘
09:54:40,220.8,-1.78%,--,25,561936,卖盘
09:54:43,220.8,-1.78%,--,14,323693,买盘
09:54:46,220.8,-1.78%,--,35,786490,卖盘
09:54:49,220.8,-1.78%,--,50,1105546,买盘
09:54:52,220.81,-1.77%,+0.01,32,719620,买盘
09:54:55,220.88,-1.74%,+0.07,10,220880,买盘
09:54:58,220.8,-1.78%,-0.08,102,2264966,卖盘
09:55:01,220.81,-1.77%,+0.01,18,416889,买盘
09:55:04,220.88,-1.74%,+0.07,21,477763,买盘
09:55:07,220.81,-1.77%,-0.07,17,387301,卖盘
09:55:10,220.81,-1.77%,--,21,475846,买盘
09:55:13,220.88,-1.74%,+0.07,9,220217,买盘
09:55:16,220.81,-1.77%,-0.07,10,220810,卖盘
09:55:19,220.87,-1.75%,+0.06,32,723349,卖盘
09:55:22,220.88,-1.74%,+0.01,13,307686,中性盘
09:55:25,220.82,-1.77%,-0.06,39,870252,卖盘
09:55:28,220.87,-1.75%,+0.05,19,419653,买盘
09:55:31,220.92,-1.73%,+0.05,14,329834,买盘
09:55:34,220.89,-1.74%,-0.03,65,1436227,卖盘
09:55:37,220.99,-1.69%,+0.1,9,198891,买盘
09:55:40,221.01,-1.69%,+0.02,44,984821,买盘
09:55:43,220.87,-1.75%,-0.14,52,1152500,卖盘
09:55:46,221.01,-1.69%,+0.14,16,375054,买盘
09:55:49,221.0,-1.69%,-0.01,9,214149,中性盘
09:55:52,220.95,-1.71%,-0.05,14,327448,中性盘
09:55:55,221.01,-1.69%,+0.06,18,411300,买盘
09:55:58,221.01,-1.69%,--,33,737289,买盘
09:56:01,221.12,-1.64%,+0.11,73,1619483,买盘
09:56:04,221.13,-1.63%,+0.01,47,1052137,中性盘
09:56:07,221.23,-1.59%,+0.1,12,272777,买盘
09:56:10,221.23,-1.59%,--,11,247335,买盘
09:56:13,221.23,-1.59%,--,23,530510,买盘
09:56:16,221.28,-1.57%,+0.05,11,251595,买盘
09:56:19,221.28,-1.57%,--,18,408704,买盘
09:56:22,221.27,-1.57%,-0.01,39,877778,中性盘
09:56:25,221.28,-1.57%,+0.01,106,2354198,买盘
09:56:28,221.26,-1.57%,-0.02,54,1205424,中性盘
09:56:31,221.03,-1.68%,-0.23,58,1290815,卖盘
09:56:34,221.0,-1.69%,-0.03,50,1108315,卖盘
09:56:37,221.0,-1.69%,--,124,2745262,卖盘
09:56:40,221.0,-1.69%,--,29,641342,卖盘
09:56:43,221.04,-1.67%,+0.04,13,292436,中性盘
09:56:46,220.82,-1.77%,-0.22,272,6008733,卖盘
09:56:49,221.25,-1.58%,+0.43,22,497149,买盘
09:56:52,221.0,-1.69%,-0.25,10,221000,买盘
09:56:55,220.82,-1.77%,-0.18,2,44164,买盘
09:56:58,220.82,-1.77%,--,9,198738,买盘
09:57:01,220.8,-1.78%,-0.02,33,730627,卖盘
09:57:04,220.82,-1.77%,+0.02,8,182177,买盘
09:57:07,220.82,-1.77%,--,26,582082,卖盘
09:57:10,220.81,-1.77%,-0.01,12,270934,卖盘
09:57:13,220.6,-1.87%,-0.21,84,1874879,卖盘
10:06:52,223.0,-0.80%,--,9,202261,中性盘
10:06:55,223.0,-0.80%,--,39,870369,卖盘
10:06:58,223.0,-0.80%,--,2,44600,买盘
10:07:01,223.0,-0.80%,--,32,727649,买盘
10:07:04,222.98,-0.81%,-0.02,5,111490,卖盘
10:07:07,223.0,-0.80%,+0.02,21,481680,买盘
10:07:10,223.0,-0.80%,--,21,488816,买盘
10:07:13,222.97,-0.81%,-0.03,8,193538,卖盘
10:07:16,222.97,-0.81%,--,2,48384,买盘
10:07:19,222.97,-0.81%,--,0,0,买盘
10:07:22,222.97,-0.81%,--,12,284733,买盘
10:07:28,222.98,-0.81%,+0.01,33,739179,买盘
10:07:31,222.94,-0.83%,-0.04,4,90291,卖盘
10:07:40,222.94,-0.83%,--,5,111470,卖盘
10:07:43,222.98,-0.81%,+0.04,63,1422835,买盘
10:07:46,222.97,-0.81%,-0.01,12,285402,卖盘
10:07:49,222.97,-0.81%,--,10,222970,卖盘
10:07:52,222.98,-0.81%,+0.01,6,133788,买盘
10:07:55,222.97,-0.81%,-0.01,2,44594,卖盘
10:07:58,222.98,-0.81%,+0.01,11,249738,买盘
10:08:01,223.0,-0.80%,+0.02,33,741252,买盘
10:08:04,222.97,-0.81%,-0.03,30,688531,卖盘
10:08:07,222.97,-0.81%,--,20,461994,卖盘
10:08:10,222.94,-0.83%,-0.03,13,300969,卖盘
10:08:13,222.94,-0.83%,--,1,33441,卖盘
10:08:16,222.92,-0.84%,-0.02,2,44584,买盘
10:08:19,222.88,-0.85%,-0.04,3,66864,中性盘
10:08:22,222.66,-0.95%,-0.22,4,89064,卖盘
10:08:25,222.66,-0.95%,--,21,467586,买盘
10:08:28,222.48,-1.03%,-0.18,35,791584,卖盘
10:08:31,222.44,-1.05%,-0.04,46,1032789,卖盘
10:08:34,222.44,-1.05%,--,9,213320,卖盘
10:08:37,222.53,-1.01%,+0.09,6,141529,买盘
10:08:40,222.8,-0.89%,+0.27,5,111400,买盘
10:08:43,223.0,-0.80%,+0.2,48,1081327,买盘
10:08:46,223.0,-0.80%,--,23,518921,买盘
10:08:49,223.0,-0.80%,--,12,274067,买盘
10:08:52,222.97,-0.81%,-0.03,12,272246,中性盘
10:08:55,223.0,-0.80%,+0.03,19,423700,买盘
10:08:58,222.97,-0.81%,-0.03,7,170572,卖盘
10:09:01,223.0,-0.80%,+0.03,4,99904,买盘
10:09:04,223.0,-0.80%,--,21,479673,买盘
10:09:07,223.0,-0.80%,--,20,452467,买盘
10:09:10,223.0,-0.80%,--,4,91876,买盘
10:09:13,222.99,-0.81%,-0.01,40,898650,卖盘
10:09:16,222.99,-0.81%,--,10,222990,买盘
10:09:19,223.0,-0.80%,+0.01,25,570657,买盘
10:09:22,222.42,-1.06%,-0.58,8,189057,卖盘
10:09:25,222.4,-1.07%,-0.02,7,173694,卖盘
10:09:28,222.95,-0.82%,+0.55,16,373218,买盘
10:09:31,222.95,-0.82%,--,25,572982,卖盘
10:09:34,223.0,-0.80%,+0.05,5,111500,买盘
10:09:37,222.95,-0.82%,-0.05,10,224734,卖盘
10:09:40,222.99,-0.81%,+0.04,2,47497,买盘
10:09:43,222.95,-0.82%,-0.04,2,44590,卖盘
10:09:46,222.99,-0.81%,+0.04,4,93879,买盘
10:09:49,222.99,-0.81%,--,41,924071,卖盘
10:09:52,222.99,-0.81%,--,4,105920,卖盘
10:09:55,222.99,-0.81%,--,3,74033,卖盘
10:09:58,222.4,-1.07%,-0.59,81,1810781,卖盘
10:10:01,222.46,-1.04%,+0.06,5,120796,买盘
10:10:04,222.46,-1.04%,--,0,0,中性盘
10:10:10,222.5,-1.02%,+0.04,2,44500,卖盘
10:10:13,222.5,-1.02%,--,15,350660,卖盘
10:10:16,222.5,-1.02%,--,4,93450,买盘
10:10:19,222.79,-0.89%,+0.29,2,44558,中性盘
10:10:25,222.55,-1.00%,-0.24,28,640944,卖盘
10:10:28,222.82,-0.88%,+0.27,11,266493,买盘
10:10:34,222.84,-0.87%,+0.02,31,691473,买盘
10:10:37,222.84,-0.87%,--,16,360332,买盘
10:10:40,222.85,-0.87%,+0.01,7,166469,卖盘
10:10:43,222.94,-0.83%,+0.09,6,144465,买盘
10:10:46,222.87,-0.86%,-0.07,13,291291,卖盘
10:10:52,222.94,-0.83%,+0.07,7,160517,买盘
10:10:58,222.95,-0.82%,+0.01,7,173455,买盘
10:11:01,222.95,-0.82%,--,14,318819,买盘
10:11:04,222.99,-0.81%,+0.04,15,338722,买盘
10:11:07,222.99,-0.81%,--,15,353216,买盘
10:11:10,222.99,-0.81%,--,12,267588,买盘
10:11:13,222.99,-0.81%,--,9,215854,买盘
10:11:16,223.0,-0.80%,+0.01,24,538099,买盘
10:11:19,222.99,-0.81%,-0.01,6,138254,卖盘
10:11:22,223.0,-0.80%,+0.01,50,1121244,买盘
10:11:25,223.0,-0.80%,--,6,133800,买盘
10:11:28,223.0,-0.80%,--,36,817518,买盘
10:11:31,223.0,-0.80%,--,10,237718,卖盘
10:11:34,223.13,-0.74%,+0.13,4,104202,买盘
10:11:37,223.13,-0.74%,--,7,162662,买盘
10:11:40,223.13,-0.74%,--,33,755964,卖盘
10:11:43,223.0,-0.80%,-0.13,13,289900,卖盘
10:11:46,223.0,-0.80%,--,3,72475,卖盘
10:11:49,223.08,-0.77%,+0.08,2,50416,买盘
10:11:52,223.13,-0.74%,+0.05,3,85236,买盘
10:11:55,223.08,-0.77%,-0.05,6,145448,卖盘
10:11:58,223.0,-0.80%,-0.08,11,245300,卖盘
10:12:01,223.3,-0.67%,+0.3,40,915307,买盘
10:12:04,223.3,-0.67%,--,1,33495,卖盘
10:12:07,223.5,-0.58%,+0.2,22,501534,买盘
10:12:10,223.5,-0.58%,--,16,366540,卖盘
10:12:13,223.5,-0.58%,--,21,484548,买盘
10:12:16,223.5,-0.58%,--,7,166731,卖盘
10:12:19,223.61,-0.53%,+0.11,3,83183,买盘
10:12:22,223.61,-0.53%,--,2,62611,卖盘
10:12:25,223.62,-0.52%,+0.01,2,44724,卖盘
10:12:28,223.62,-0.52%,--,18,408777,买盘
10:12:31,223.62,-0.52%,--,57,1291853,卖盘
10:12:34,223.7,-0.49%,+0.08,16,367763,买盘
10:12:37,223.7,-0.49%,--,24,551197,买盘
10:12:40,223.7,-0.49%,--,23,518984,卖盘
10:12:43,223.62,-0.52%,-0.08,6,154969,卖盘
10:12:46,223.7,-0.49%,+0.08,14,320115,买盘
10:12:49,223.61,-0.53%,-0.09,16,360459,卖盘
10:12:52,223.7,-0.49%,+0.09,18,415635,买盘
10:12:55,223.7,-0.49%,--,30,684522,买盘
10:12:58,223.7,-0.49%,--,12,284546,买盘
10:13:01,223.7,-0.49%,--,14,315193,买盘
10:13:04,223.88,-0.41%,+0.18,10,233507,买盘
10:13:07,223.88,-0.41%,--,10,233059,买盘
10:13:10,223.88,-0.41%,--,49,1117833,买盘
10:13:13,223.88,-0.41%,--,12,282984,买盘
10:13:16,223.88,-0.41%,--,9,216716,买盘
10:13:19,224.1,-0.31%,+0.22,54,1227396,买盘
10:23:01,221.43,-1.50%,--,9,205930,中性盘
10:23:01,221.43,-1.50%,--,9,205930,卖盘
10:23:04,221.5,-1.47%,+0.07,9,201344,卖盘
10:23:07,221.44,-1.49%,-0.06,4,88576,卖盘
10:23:10,221.5,-1.47%,+0.06,10,231246,买盘
10:23:16,221.5,-1.47%,--,9,199350,买盘
10:23:19,221.41,-1.51%,-0.09,10,242887,卖盘
10:23:22,221.3,-1.56%,-0.11,16,368686,卖盘
10:23:25,221.2,-1.60%,-0.1,17,390639,卖盘
10:23:31,221.28,-1.57%,+0.08,4,91389,买盘
10:23:34,221.15,-1.62%,-0.13,21,472598,卖盘
10:23:37,221.15,-1.62%,--,10,222698,卖盘
10:23:40,221.15,-1.62%,--,13,287937,卖盘
10:23:43,221.58,-1.43%,+0.43,30,685125,买盘
10:23:46,221.17,-1.61%,-0.41,2,62149,卖盘
10:23:49,221.15,-1.62%,-0.02,4,109912,卖盘
10:23:52,221.1,-1.65%,-0.05,21,479124,卖盘
10:23:55,221.12,-1.64%,+0.02,8,181761,买盘
10:23:58,221.01,-1.69%,-0.11,19,429422,卖盘
10:24:04,221.01,-1.69%,--,13,309193,卖盘
10:24:07,221.06,-1.66%,+0.05,4,107435,买盘
10:24:10,221.0,-1.69%,-0.06,17,378794,卖盘
10:24:13,221.07,-1.66%,+0.07,2,44656,买盘
10:24:16,221.07,-1.66%,--,5,110535,买盘
10:24:19,220.9,-1.73%,-0.17,145,3210561,卖盘
10:24:22,220.99,-1.69%,+0.09,4,88396,中性盘
10:24:25,220.9,-1.73%,-0.09,2,44180,卖盘
10:24:28,221.0,-1.69%,+0.1,2,45305,买盘
10:24:31,220.86,-1.75%,-0.14,6,149081,卖盘
10:24:34,220.68,-1.83%,-0.18,6,137925,卖盘
10:24:40,220.82,-1.77%,+0.14,20,446719,中性盘
10:24:43,220.68,-1.83%,-0.14,5,118726,卖盘
10:24:49,220.68,-1.83%,--,6,143442,卖盘
10:24:55,220.7,-1.82%,+0.02,19,435662,中性盘
10:24:58,220.6,-1.87%,-0.1,8,196996,卖盘
10:25:01,220.6,-1.87%,--,11,251043,卖盘
10:25:04,220.51,-1.91%,-0.09,109,2423625,卖盘
10:25:07,220.68,-1.83%,+0.17,12,282691,买盘
10:25:10,220.55,-1.89%,-0.13,15,331707,卖盘
10:25:13,220.52,-1.90%,-0.03,3,67700,卖盘
10:25:16,220.67,-1.84%,+0.15,4,88930,中性盘
10:25:19,220.68,-1.83%,+0.01,4,88272,买盘
10:25:22,220.67,-1.84%,-0.01,2,44134,中性盘
10:25:25,220.68,-1.83%,+0.01,22,495647,买盘
10:25:28,220.68,-1.83%,--,12,271878,买盘
10:25:31,220.68,-1.83%,--,3,66204,买盘
10:25:34,220.68,-1.83%,--,37,834391,买盘
10:25:37,220.61,-1.86%,-0.07,46,1035985,卖盘
10:25:40,220.61,-1.86%,--,9,208918,卖盘
10:25:43,220.58,-1.88%,-0.03,6,148892,卖盘
10:25:46,220.7,-1.82%,+0.12,30,670487,买盘
10:25:52,220.82,-1.77%,+0.12,36,811955,买盘
10:25:55,220.55,-1.89%,-0.27,22,485210,卖盘
10:25:58,221.07,-1.66%,+0.52,10,225712,买盘
10:26:01,220.82,-1.77%,-0.25,2,50126,中性盘
10:26:04,220.82,-1.77%,--,0,0,卖盘
10:26:07,221.07,-1.66%,+0.25,8,185478,买盘
10:26:10,220.85,-1.76%,-0.22,4,101812,卖盘
10:26:13,220.82,-1.77%,-0.03,12,267634,卖盘
10:26:13,220.82,-1.77%,--,12,267634,中性盘
10:26:16,220.82,-1.77%,--,23,520252,卖盘
10:26:19,221.07,-1.66%,+0.25,13,287391,买盘
10:26:22,220.86,-1.75%,-0.21,9,209154,卖盘
10:26:28,220.5,-1.91%,-0.36,120,2664743,卖盘
10:26:31,220.85,-1.76%,+0.35,2,44170,买盘
10:26:34,221.06,-1.66%,+0.21,30,663180,买盘
10:26:37,220.5,-1.91%,-0.56,26,591822,卖盘
10:26:40,220.5,-1.91%,--,19,429534,买盘
10:26:43,220.5,-1.91%,--,4,110030,买盘
10:26:46,220.85,-1.76%,+0.35,8,189489,买盘
10:26:49,220.85,-1.76%,--,4,92757,买盘
10:26:52,220.5,-1.91%,-0.35,6,142443,卖盘
10:26:55,220.5,-1.91%,--,22,488849,卖盘
10:26:58,220.5,-1.91%,--,8,176400,卖盘
10:27:01,220.5,-1.91%,--,6,138915,卖盘
10:27:04,220.6,-1.87%,+0.1,4,101255,买盘
10:27:07,220.6,-1.87%,--,5,110300,买盘
10:27:13,220.6,-1.87%,--,9,217291,买盘
10:27:16,220.59,-1.87%,-0.01,4,97942,中性盘
10:27:19,220.6,-1.87%,+0.01,16,369064,买盘
10:27:22,220.6,-1.87%,--,0,0,卖盘
10:27:25,220.85,-1.76%,+0.25,2,54329,买盘
10:27:28,220.68,-1.83%,-0.17,14,308952,卖盘
10:27:31,220.68,-1.83%,--,0,0,卖盘
10:27:34,220.85,-1.76%,+0.17,13,308748,买盘
10:27:37,220.85,-1.76%,--,8,176680,卖盘
10:27:40,220.83,-1.77%,-0.02,5,110857,卖盘
10:27:43,220.85,-1.76%,+0.02,2,44170,买盘
10:27:46,221.0,-1.69%,+0.15,7,154700,买盘
10:27:49,220.75,-1.80%,-0.25,15,336202,卖盘
10:27:52,220.76,-1.80%,+0.01,4,88304,买盘
10:27:55,220.7,-1.82%,-0.06,13,297724,卖盘
10:27:58,220.7,-1.82%,--,20,445814,买盘
10:28:01,220.76,-1.80%,+0.06,11,261380,买盘
10:28:04,220.7,-1.82%,-0.06,19,432351,卖盘
10:28:07,220.7,-1.82%,--,11,242770,买盘
10:28:10,220.67,-1.84%,-0.03,8,179405,卖盘
10:28:13,220.67,-1.84%,--,2,44134,买盘
10:28:16,220.67,-1.84%,--,15,333432,买盘
10:28:19,220.6,-1.87%,-0.07,1,42135,卖盘
10:28:22,220.67,-1.84%,+0.07,20,441340,买盘
10:28:25,220.65,-1.85%,-0.02,72,1588680,中性盘
10:28:28,220.51,-1.91%,-0.14,9,206177,卖盘
10:28:31,220.2,-2.05%,-0.31,25,559969,卖盘
10:28:34,220.47,-1.93%,+0.27,9,198423,买盘
10:28:37,220.09,-2.10%,-0.38,47,1039485,卖盘
10:28:40,220.09,-2.10%,--,2,44018,卖盘
10:28:43,220.09,-2.10%,--,13,286117,卖盘
10:28:46,220.01,-2.13%,-0.08,32,707112,卖盘
10:28:49,219.99,-2.14%,-0.02,397,8754502,卖盘
10:28:52,219.9,-2.18%,-0.09,168,3706195,卖盘
10:28:55,219.98,-2.14%,+0.08,25,567328,买盘
10:28:58,219.99,-2.14%,+0.01,38,839702,卖盘
10:29:01,220.01,-2.13%,+0.02,34,751554,买盘
10:29:04,219.97,-2.15%,-0.04,49,1083352,卖盘
10:29:07,220.0,-2.14%,+0.03,37,828960,买盘
10:29:10,220.0,-2.14%,--,11,247060,卖盘
10:29:16,220.05,-2.11%,+0.05,2,53912,买盘
10:29:19,220.0,-2.14%,-0.05,30,662860,卖盘
10:29:22,220.02,-2.13%,+0.02,8,182177,买盘
10:29:25,220.01,-2.13%,-0.01,12,282933,卖盘
10:29:28,220.06,-2.11%,+0.05,9,210157,买盘
10:29:28,220.06,-2.11%,--,9,210157,中性盘
10:29:28,220.06,-2.11%,--,9,210157,买盘
10:29:31,220.02,-2.13%,-0.04,15,344111,中性盘
10:29:34,220.02,-2.13%,--,8,181957,买盘
10:29:37,220.0,-2.14%,-0.02,20,440880,卖盘
10:29:40,220.09,-2.10%,+0.09,26,572234,买盘
10:29:43,220.05,-2.11%,-0.04,2,44010,中性盘
10:29:49,220.05,-2.11%,--,35,770175,卖盘
10:29:52,220.0,-2.14%,-0.05,14,312620,卖盘
10:29:55,220.0,-2.14%,--,64,1419880,卖盘
10:29:58,220.02,-2.13%,+0.02,5,110010,买盘
10:30:01,220.01,-2.13%,-0.01,2,44002,中性盘
10:30:04,220.02,-2.13%,+0.01,8,176456,买盘
10:30:07,220.02,-2.13%,--,14,308028,卖盘
10:30:10,220.0,-2.14%,-0.02,15,346500,卖盘
10:30:13,220.0,-2.14%,--,35,770000,卖盘
10:30:16,220.0,-2.14%,--,2,45760,卖盘
10:30:19,220.0,-2.14%,--,25,562100,卖盘
10:30:25,220.02,-2.13%,+0.02,13,287346,买盘
10:30:28,220.03,-2.12%,+0.01,48,1071106,买盘
10:30:31,220.03,-2.12%,--,37,831053,买盘
10:30:34,220.1,-2.09%,+0.07,26,586126,买盘
10:30:37,220.09,-2.10%,-0.01,17,377234,卖盘
10:30:40,220.1,-2.09%,+0.01,16,367567,卖盘
10:30:43,220.2,-2.05%,+0.1,12,266882,买盘
10:30:46,220.4,-1.96%,+0.2,4,98298,买盘
10:30:49,220.4,-1.96%,--,31,684122,买盘
10:30:52,220.4,-1.96%,--,54,1204045,买盘
10:30:55,220.2,-2.05%,-0.2,4,88080,中性盘
10:30:58,220.3,-2.00%,+0.1,9,198270,买盘
10:31:01,220.3,-2.00%,--,2,49347,卖盘
10:31:04,220.2,-2.05%,-0.1,6,142910,卖盘
10:31:07,220.2,-2.05%,--,0,0,卖盘
10:31:10,220.2,-2.05%,--,13,301013,卖盘
10:31:13,220.13,-2.08%,-0.07,11,263055,卖盘
10:31:16,220.13,-2.08%,--,2,44026,买盘
10:31:19,220.0,-2.14%,-0.13,74,1637460,卖盘
10:31:22,220.11,-2.09%,+0.11,64,1419930,买盘
10:31:25,220.5,-1.91%,+0.39,82,1825520,买盘
10:31:28,220.5,-1.91%,--,4,103635,卖盘
10:31:37,220.5,-1.91%,--,5,116204,卖盘
10:31:40,220.5,-1.91%,--,5,130977,卖盘
10:31:43,220.7,-1.82%,+0.2,27,600304,买盘
10:31:46,220.5,-1.91%,-0.2,11,250047,卖盘
10:31:49,220.5,-1.91%,--,0,0,卖盘
10:31:52,220.51,-1.91%,+0.01,6,132306,卖盘
10:31:55,220.51,-1.91%,--,0,0,卖盘
10:31:58,220.85,-1.76%,+0.34,71,1581507,买盘
10:32:01,220.99,-1.69%,+0.14,2,48618,买盘
10:32:04,220.99,-1.69%,--,0,4420,买盘
10:32:07,220.99,-1.69%,--,3,78009,卖盘
10:32:10,221.0,-1.69%,+0.01,4,88400,买盘
10:32:13,221.0,-1.69%,--,2,44200,买盘
10:32:16,221.0,-1.69%,--,5,110500,买盘
10:32:19,221.0,-1.69%,--,9,220116,买盘
10:32:22,220.99,-1.69%,-0.01,21,484189,卖盘
10:32:25,221.0,-1.69%,+0.01,10,221000,买盘
10:32:28,221.07,-1.66%,+0.07,3,76490,买盘
10:32:31,221.0,-1.69%,-0.07,9,202436,卖盘
10:32:34,221.07,-1.66%,+0.07,57,1276900,买盘
10:32:37,220.99,-1.69%,-0.08,7,155798,卖盘
10:32:40,221.07,-1.66%,+0.08,24,530568,买盘
10:42:22,221.0,-1.69%,--,7,162877,中性盘
10:42:22,221.0,-1.69%,--,7,162877,卖盘
10:42:28,221.01,-1.69%,+0.01,4,102107,卖盘
10:42:31,221.01,-1.69%,--,0,0,卖盘
10:42:34,221.01,-1.69%,--,4,93929,卖盘
10:42:37,221.03,-1.68%,+0.02,9,205779,中性盘
10:42:40,221.01,-1.69%,-0.02,5,111831,卖盘
10:42:43,221.57,-1.44%,+0.56,9,209605,买盘
10:42:46,221.15,-1.62%,-0.42,5,127161,中性盘
10:42:49,221.14,-1.63%,-0.01,2,49314,卖盘
10:42:52,221.57,-1.44%,+0.43,2,50075,买盘
10:42:55,221.07,-1.66%,-0.5,19,424012,卖盘
10:42:58,221.02,-1.68%,-0.05,10,226546,卖盘
10:43:01,221.07,-1.66%,+0.05,2,50183,中性盘
10:43:10,221.07,-1.66%,--,2,50183,卖盘
10:43:13,221.14,-1.63%,+0.07,22,504641,买盘
10:43:16,221.07,-1.66%,-0.07,4,99703,卖盘
10:43:19,221.14,-1.63%,+0.07,2,44228,买盘
10:43:22,221.02,-1.68%,-0.12,5,117362,卖盘
10:43:25,221.14,-1.63%,+0.12,2,50862,买盘
10:43:31,221.14,-1.63%,--,4,88456,买盘
10:43:34,221.14,-1.63%,--,17,382130,买盘
10:43:37,221.14,-1.63%,--,2,65679,买盘
10:43:40,221.0,-1.69%,-0.14,20,442221,卖盘
10:43:43,221.0,-1.69%,--,3,70499,卖盘
10:43:46,220.92,-1.73%,-0.08,29,649284,卖盘
10:43:49,220.92,-1.73%,--,24,530208,卖盘
10:43:52,220.92,-1.73%,--,7,154644,卖盘
10:43:55,220.91,-1.73%,-0.01,48,1066995,卖盘
10:43:58,220.9,-1.73%,-0.01,13,304179,卖盘
10:44:01,220.92,-1.73%,+0.02,11,249198,买盘
10:44:04,220.9,-1.73%,-0.02,34,752165,卖盘
10:44:07,220.88,-1.74%,-0.02,52,1166909,卖盘
10:44:10,220.9,-1.73%,+0.02,21,463890,买盘
10:44:13,220.8,-1.78%,-0.1,58,1290355,卖盘
10:44:16,220.7,-1.82%,-0.1,24,545570,卖盘
10:44:19,220.71,-1.82%,+0.01,8,188486,卖盘
10:44:22,220.8,-1.78%,+0.09,5,110400,买盘
10:44:25,220.71,-1.82%,-0.09,7,171050,卖盘
10:44:28,220.71,-1.82%,--,0,0,卖盘
10:44:31,220.75,-1.80%,+0.04,8,195143,买盘
10:44:34,220.7,-1.82%,-0.05,5,127785,卖盘
10:44:37,220.75,-1.80%,+0.05,2,55850,买盘
10:44:40,220.7,-1.82%,-0.05,17,375631,卖盘
10:44:43,220.66,-1.84%,-0.04,15,339154,卖盘
10:44:49,220.7,-1.82%,+0.04,22,495030,买盘
10:44:52,220.51,-1.91%,-0.19,11,244546,卖盘
10:44:55,220.51,-1.91%,--,3,66153,卖盘
10:44:58,220.51,-1.91%,--,4,101655,卖盘
10:45:01,220.5,-1.91%,-0.01,22,503181,卖盘
10:45:04,220.5,-1.91%,--,4,101430,卖盘
10:45:07,220.5,-1.91%,--,17,390065,卖盘
10:45:10,220.35,-1.98%,-0.15,3,78445,卖盘
10:45:13,220.33,-1.99%,-0.02,3,80641,卖盘
10:45:16,220.33,-1.99%,--,2,44066,卖盘
10:45:19,220.21,-2.04%,-0.12,7,170663,卖盘
10:45:22,220.21,-2.04%,--,7,165158,卖盘
10:45:25,220.21,-2.04%,--,2,54172,卖盘
10:45:28,220.2,-2.05%,-0.01,8,192675,卖盘
10:45:31,220.2,-2.05%,--,5,118027,卖盘
10:45:34,220.1,-2.09%,-0.1,12,272704,卖盘
10:45:34,220.1,-2.09%,--,12,272704,中性盘
10:45:37,220.14,-2.07%,+0.04,105,2319395,中性盘
10:45:40,220.0,-2.14%,-0.14,2,44000,卖盘
10:45:43,220.01,-2.13%,+0.01,1,34542,卖盘
10:45:46,220.0,-2.14%,-0.01,5,118580,卖盘
10:45:49,220.0,-2.14%,--,4,96800,卖盘
10:45:52,220.13,-2.08%,+0.13,8,191733,买盘
10:45:55,219.98,-2.14%,-0.15,296,6513168,卖盘
10:45:58,220.0,-2.14%,+0.02,142,3131700,买盘
10:46:01,220.0,-2.14%,--,9,208120,卖盘
10:46:04,220.0,-2.14%,--,24,528660,卖盘
10:46:07,220.01,-2.13%,+0.01,2,44002,买盘
10:46:10,220.0,-2.14%,-0.01,65,1438360,卖盘
10:46:13,219.96,-2.15%,-0.04,72,1594710,卖盘
10:46:16,219.96,-2.15%,--,10,223259,卖盘
10:46:19,219.98,-2.14%,+0.02,17,377046,中性盘
10:46:22,220.0,-2.14%,+0.02,40,898700,买盘
10:46:25,220.0,-2.14%,--,51,1142020,卖盘
10:46:28,220.0,-2.14%,--,21,462220,买盘
10:46:31,220.0,-2.14%,--,32,708620,卖盘
10:46:34,220.0,-2.14%,--,12,274340,卖盘
10:46:37,220.01,-2.13%,+0.01,32,717013,卖盘
10:46:40,220.0,-2.14%,-0.01,5,117260,卖盘
10:46:46,220.0,-2.14%,--,20,451220,卖盘
10:46:49,220.02,-2.13%,+0.02,25,569632,中性盘
10:46:52,220.0,-2.14%,-0.02,17,380820,卖盘
10:46:55,220.0,-2.14%,--,95,2106500,卖盘
10:46:58,220.0,-2.14%,--,11,242000,买盘
10:47:01,219.98,-2.14%,-0.02,30,668079,卖盘
10:47:04,219.98,-2.14%,--,7,153986,买盘
10:47:07,219.96,-2.15%,-0.02,106,2340154,卖盘
10:47:10,219.94,-2.16%,-0.02,25,567225,卖盘
10:47:13,220.0,-2.14%,+0.06,53,1183820,买盘
10:47:16,219.98,-2.14%,-0.02,14,313691,卖盘
10:47:19,220.0,-2.14%,+0.02,26,588720,买盘
10:47:22,219.96,-2.15%,-0.04,37,824850,卖盘
10:47:25,220.0,-2.14%,+0.04,15,330880,买盘
10:47:28,220.01,-2.13%,+0.01,17,395798,买盘
10:47:31,220.01,-2.13%,--,2,44002,卖盘
10:47:34,220.02,-2.13%,+0.01,18,403517,买盘
10:47:37,220.02,-2.13%,--,24,537069,买盘
10:47:40,220.02,-2.13%,--,15,338391,买盘
10:47:46,219.99,-2.14%,-0.03,8,186552,卖盘
10:47:49,219.96,-2.15%,-0.03,12,270991,卖盘
10:47:52,220.06,-2.11%,+0.1,7,171867,买盘
10:47:55,220.11,-2.09%,+0.05,8,196338,卖盘
10:47:58,219.99,-2.14%,-0.12,11,252769,卖盘
10:48:01,220.06,-2.11%,+0.07,3,85823,买盘
10:48:04,220.0,-2.14%,-0.06,3,71500,卖盘
10:48:07,220.12,-2.08%,+0.12,6,142638,买盘
10:48:10,219.97,-2.15%,-0.15,10,221070,卖盘
10:48:13,220.0,-2.14%,+0.03,17,385440,中性盘
10:48:16,219.99,-2.14%,-0.01,31,687689,卖盘
10:48:19,220.11,-2.09%,+0.12,9,203382,买盘
10:48:22,219.97,-2.15%,-0.14,21,471396,卖盘
10:48:25,220.0,-2.14%,+0.03,7,174680,中性盘
10:48:28,220.08,-2.10%,+0.08,6,133368,中性盘
10:48:31,220.1,-2.09%,+0.02,2,44020,买盘
10:48:34,220.0,-2.14%,-0.1,2,44000,卖盘
10:48:37,220.0,-2.14%,--,22,492580,卖盘
10:48:40,220.1,-2.09%,+0.1,2,58547,中性盘
10:48:43,220.1,-2.09%,--,6,135582,卖盘
10:48:46,220.0,-2.14%,-0.1,17,394460,卖盘
10:48:49,219.98,-2.14%,-0.02,4,89092,卖盘
10:48:49,219.98,-2.14%,--,4,89092,中性盘
10:48:49,219.98,-2.14%,--,4,89092,卖盘
10:48:52,220.02,-2.13%,+0.04,5,110010,卖盘
10:48:55,220.02,-2.13%,--,2,44664,卖盘
10:48:58,220.02,-2.13%,--,0,0,卖盘
10:49:01,220.1,-2.09%,+0.08,18,398601,买盘
10:49:04,220.1,-2.09%,--,11,259718,买盘
10:49:07,220.1,-2.09%,--,2,44020,买盘
10:49:10,220.1,-2.09%,--,8,188406,买盘
10:49:13,220.02,-2.13%,-0.08,11,254343,卖盘
10:49:16,220.02,-2.13%,--,5,128052,卖盘
10:49:19,219.99,-2.14%,-0.03,25,560095,卖盘
10:49:22,219.99,-2.14%,--,17,384983,买盘
10:49:25,219.98,-2.14%,-0.01,15,344929,中性盘
10:49:28,219.99,-2.14%,+0.01,17,385862,买盘
10:49:31,220.0,-2.14%,+0.01,9,198880,买盘
10:49:37,220.0,-2.14%,--,2,44000,卖盘
10:49:40,220.0,-2.14%,--,4,100760,卖盘
10:49:43,220.0,-2.14%,--,4,94820,卖盘
10:49:46,220.0,-2.14%,--,8,176000,买盘
10:49:49,219.99,-2.14%,-0.01,6,143873,卖盘
10:49:52,219.99,-2.14%,--,6,131994,卖盘
10:49:55,220.0,-2.14%,+0.01,4,88000,中性盘
10:49:58,219.99,-2.14%,-0.01,3,66877,卖盘
10:50:01,220.0,-2.14%,+0.01,4,88000,卖盘
10:50:07,220.0,-2.14%,--,3,67540,卖盘
10:50:10,220.1,-2.09%,+0.1,15,332791,买盘
10:50:13,219.98,-2.14%,-0.12,3,69074,卖盘
10:50:16,219.98,-2.14%,--,9,210081,卖盘
10:50:19,219.97,-2.15%,-0.01,18,414863,卖盘
10:50:22,219.97,-2.15%,--,12,279142,卖盘
10:50:25,219.97,-2.15%,--,0,0,卖盘
10:50:28,219.96,-2.15%,-0.01,10,235577,卖盘
10:50:31,219.97,-2.15%,+0.01,10,236248,中性盘
10:50:34,219.97,-2.15%,--,0,9019,买盘
10:50:37,219.96,-2.15%,-0.01,7,153972,卖盘
10:50:40,219.96,-2.15%,--,3,77866,卖盘
10:50:43,219.99,-2.14%,+0.03,2,47298,买盘
10:50:46,219.99,-2.14%,--,6,153333,买盘
10:50:49,219.96,-2.15%,-0.03,2,50591,卖盘
10:50:52,219.99,-2.14%,+0.03,7,153993,买盘
10:50:55,219.98,-2.14%,-0.01,7,167405,卖盘
10:50:58,219.99,-2.14%,+0.01,7,170932,买盘
10:51:01,219.99,-2.14%,--,15,337245,卖盘
10:51:04,219.98,-2.14%,-0.01,10,237798,买盘
10:51:07,219.93,-2.17%,-0.05,22,483846,卖盘
10:51:10,219.98,-2.14%,+0.05,8,184123,买盘
10:51:13,219.96,-2.15%,-0.02,10,226559,卖盘
10:51:16,219.95,-2.16%,-0.01,6,138129,卖盘
10:51:19,219.93,-2.17%,-0.02,9,206294,卖盘
10:51:22,219.91,-2.18%,-0.02,7,168671,卖盘
10:51:25,219.91,-2.18%,--,0,0,卖盘
10:51:28,219.9,-2.18%,-0.01,26,575258,卖盘
10:51:31,219.95,-2.16%,+0.05,12,272958,买盘
10:51:34,219.9,-2.18%,-0.05,4,87960,卖盘
10:51:37,219.9,-2.18%,--,36,805274,卖盘
10:51:40,219.91,-2.18%,+0.01,51,1124840,中性盘
10:51:43,219.89,-2.18%,-0.02,10,230885,卖盘
10:51:46,219.9,-2.18%,+0.01,16,361296,买盘
10:51:49,219.89,-2.18%,-0.01,16,369855,卖盘
10:51:52,219.79,-2.23%,-0.1,101,2236803,卖盘
10:51:55,219.53,-2.34%,-0.26,54,1189853,卖盘
10:51:58,219.79,-2.23%,+0.26,18,415623,中性盘
10:52:01,219.79,-2.23%,--,0,0,买盘
10:52:01,219.79,-2.23%,-0.19,0,0,中性盘
10:52:04,219.6,-2.31%,-0.19,11,241780,卖盘
10:52:07,219.71,-2.26%,+0.11,3,65913,卖盘
10:52:10,219.71,-2.26%,--,2,61519,卖盘
10:52:13,219.79,-2.23%,+0.08,17,386611,买盘
10:52:16,219.71,-2.26%,-0.08,4,105681,中性盘
10:52:19,219.63,-2.30%,-0.08,7,159012,卖盘
10:52:22,219.63,-2.30%,--,4,92245,卖盘
10:52:25,219.71,-2.26%,+0.08,1,33835,买盘
10:52:28,219.79,-2.23%,+0.08,22,496725,买盘
10:52:31,219.89,-2.18%,+0.1,36,810295,买盘
10:52:34,219.71,-2.26%,-0.18,34,747014,卖盘
10:52:37,219.89,-2.18%,+0.18,9,207356,买盘
10:52:40,219.7,-2.27%,-0.19,101,2224243,卖盘
10:52:43,220.0,-2.14%,+0.3,2,44000,中性盘
10:52:46,219.7,-2.27%,-0.3,34,767852,卖盘
10:52:49,220.1,-2.09%,+0.4,41,913855,买盘
10:52:52,219.75,-2.25%,-0.35,22,483450,卖盘
10:52:55,219.7,-2.27%,-0.05,19,433248,卖盘
10:52:58,220.0,-2.14%,+0.3,2,44220,卖盘
10:53:01,220.0,-2.14%,--,0,0,卖盘
10:53:04,220.06,-2.11%,+0.06,25,555872,中性盘
10:53:07,220.06,-2.11%,--,5,124114,买盘
10:53:13,220.06,-2.11%,--,19,427357,卖盘
10:53:16,220.06,-2.11%,--,24,540247,卖盘
10:53:19,220.07,-2.10%,+0.01,35,772446,买盘
10:53:22,220.09,-2.10%,+0.02,9,198081,买盘
10:53:25,220.09,-2.10%,--,3,74831,买盘
10:53:28,220.13,-2.08%,+0.04,6,132078,买盘
10:53:31,220.1,-2.09%,-0.03,29,656999,中性盘
10:53:34,220.13,-2.08%,+0.03,13,286169,买盘
10:53:37,220.13,-2.08%,--,6,132298,买盘
10:53:40,220.17,-2.06%,+0.04,6,136065,买盘
10:53:43,220.13,-2.08%,-0.04,24,530733,卖盘
10:53:49,220.82,-1.77%,+0.69,41,913532,买盘
10:53:52,220.25,-2.02%,-0.57,4,90963,卖盘
10:53:55,220.13,-2.08%,-0.12,20,440260,卖盘
10:53:58,220.13,-2.08%,--,6,132078,卖盘
10:54:04,220.13,-2.08%,--,0,0,卖盘
10:54:07,220.21,-2.04%,+0.08,6,148422,卖盘
10:54:10,220.15,-2.07%,-0.06,3,66045,卖盘
10:54:13,220.15,-2.07%,--,0,0,卖盘
10:54:16,220.69,-1.83%,+0.54,2,44138,买盘
10:54:19,220.25,-2.02%,-0.44,1,22025,买盘
10:54:22,220.2,-2.05%,-0.05,2,44040,卖盘
10:54:25,220.6,-1.87%,+0.4,3,66180,中性盘
10:54:28,220.6,-1.87%,--,2,44120,买盘
10:54:31,220.39,-1.96%,-0.21,2,44298,中性盘
10:54:34,220.39,-1.96%,--,2,44078,卖盘
10:54:37,220.39,-1.96%,--,3,70745,卖盘
10:54:40,220.3,-2.00%,-0.09,6,145178,卖盘
10:54:43,220.3,-2.00%,--,3,66090,卖盘
10:54:46,220.56,-1.89%,+0.26,10,226295,中性盘
10:54:49,220.3,-2.00%,-0.26,3,66090,卖盘
10:54:52,220.56,-1.89%,+0.26,2,44112,买盘
10:54:55,220.57,-1.88%,+0.01,7,166310,买盘
10:55:01,220.56,-1.89%,-0.01,4,88224,卖盘
10:55:07,220.59,-1.87%,+0.03,2,44118,买盘
10:55:13,220.59,-1.87%,--,3,66177,中性盘
10:55:16,220.59,-1.87%,--,9,198531,卖盘
10:55:16,220.59,-1.87%,--,9,198531,中性盘
10:55:16,220.59,-1.87%,--,9,198531,买盘
10:55:19,220.57,-1.88%,-0.02,27,603480,卖盘
10:55:22,220.6,-1.87%,+0.03,14,308840,买盘
10:55:25,220.6,-1.87%,--,11,264499,买盘
10:55:28,220.56,-1.89%,-0.04,9,204680,卖盘
10:55:31,220.51,-1.91%,-0.05,9,198459,中性盘
10:55:34,220.55,-1.89%,+0.04,7,154385,中性盘
10:55:37,220.56,-1.89%,+0.01,13,301506,买盘
10:55:40,220.56,-1.89%,--,8,188138,卖盘
10:55:43,220.5,-1.91%,-0.06,14,315095,卖盘
10:55:46,220.33,-1.99%,-0.17,4,88132,卖盘
10:55:49,220.33,-1.99%,--,0,0,卖盘
10:55:52,220.49,-1.92%,+0.16,3,75187,买盘
10:55:55,220.35,-1.98%,-0.14,2,44070,卖盘
10:56:04,220.34,-1.98%,-0.01,8,176272,卖盘
10:56:07,220.35,-1.98%,+0.01,25,559689,中性盘
10:56:10,220.35,-1.98%,--,17,374595,买盘
10:56:13,220.3,-2.00%,-0.05,7,171173,卖盘
10:56:16,220.3,-2.00%,--,11,246516,卖盘
10:56:19,220.23,-2.03%,-0.07,12,276168,卖盘
10:56:22,220.22,-2.04%,-0.01,5,122222,卖盘
10:56:25,220.2,-2.05%,-0.02,11,260937,卖盘
10:56:28,220.2,-2.05%,--,12,285820,卖盘
10:56:31,220.2,-2.05%,--,3,66060,卖盘
10:56:34,220.22,-2.04%,+0.02,8,196656,买盘
10:56:37,220.22,-2.04%,--,41,916335,中性盘
10:56:40,220.22,-2.04%,--,8,194674,卖盘
10:56:43,220.01,-2.13%,-0.21,37,815577,卖盘
10:56:46,220.0,-2.14%,-0.01,14,325600,卖盘
10:56:49,220.01,-2.13%,+0.01,28,616028,买盘
10:56:52,220.0,-2.14%,-0.01,8,181280,卖盘
10:56:55,220.01,-2.13%,+0.01,5,110005,买盘
10:56:58,220.0,-2.14%,-0.01,21,478500,卖盘
10:57:01,219.99,-2.14%,-0.01,2,47078,中性盘
10:57:04,219.99,-2.14%,--,3,83156,买盘
10:57:07,219.85,-2.20%,-0.14,3,81564,卖盘
10:57:10,219.99,-2.14%,+0.14,4,87996,买盘
10:57:13,219.88,-2.19%,-0.11,10,219880,卖盘
10:57:16,219.88,-2.19%,--,7,168208,卖盘
10:57:19,219.8,-2.22%,-0.08,19,426192,卖盘
10:57:22,219.79,-2.23%,-0.01,11,250561,卖盘
10:57:25,219.78,-2.23%,-0.01,2,52967,卖盘
10:57:28,219.78,-2.23%,--,8,188791,卖盘
10:57:31,219.78,-2.23%,--,26,578901,买盘
10:57:34,219.7,-2.27%,-0.08,9,207836,卖盘
10:57:37,219.78,-2.23%,+0.08,8,194066,买盘
10:57:40,219.78,-2.23%,--,2,43956,卖盘
10:57:43,219.79,-2.23%,+0.01,18,401776,买盘
10:57:46,219.7,-2.27%,-0.09,22,497181,卖盘
10:57:49,219.78,-2.23%,+0.08,7,153846,买盘
10:57:52,219.7,-2.27%,-0.08,11,245185,卖盘
10:57:55,219.7,-2.27%,--,27,608569,卖盘
10:57:58,219.7,-2.27%,--,33,742586,卖盘
10:58:01,219.7,-2.27%,--,10,222556,卖盘
10:58:04,219.7,-2.27%,--,36,811352,卖盘
10:58:07,219.7,-2.27%,--,7,153790,买盘
10:58:10,219.58,-2.32%,-0.12,29,638539,卖盘
10:58:13,219.58,-2.32%,--,8,192791,卖盘
10:58:16,219.77,-2.24%,+0.19,28,619751,买盘
10:58:19,219.77,-2.24%,--,23,523712,卖盘
10:58:22,219.78,-2.23%,+0.01,21,470329,买盘
10:58:25,219.71,-2.26%,-0.07,18,415032,卖盘
10:58:28,219.63,-2.30%,-0.08,20,458807,卖盘
10:58:28,219.63,-2.30%,--,20,458807,中性盘
10:58:31,219.78,-2.23%,+0.15,14,329450,买盘
10:58:34,219.78,-2.23%,--,6,137143,卖盘
10:58:37,219.79,-2.23%,+0.01,7,165722,买盘
10:58:40,219.78,-2.23%,-0.01,4,109231,卖盘
10:58:43,219.78,-2.23%,--,4,98681,卖盘
10:58:46,219.8,-2.22%,+0.02,21,468394,买盘
10:58:49,219.78,-2.23%,-0.02,15,336263,卖盘
10:58:52,219.79,-2.23%,+0.01,2,43958,买盘
10:58:55,219.8,-2.22%,+0.01,17,395420,买盘
10:58:58,219.83,-2.21%,+0.03,56,1238083,卖盘
10:59:01,219.83,-2.21%,--,22,491540,卖盘
10:59:04,220.0,-2.14%,+0.17,8,182600,买盘
10:59:07,219.85,-2.20%,-0.15,59,1301512,卖盘
10:59:10,219.85,-2.20%,--,12,274373,买盘
10:59:13,219.85,-2.20%,--,36,809708,买盘
10:59:16,219.83,-2.21%,-0.02,18,412401,卖盘
10:59:19,219.83,-2.21%,--,10,227964,卖盘
10:59:22,219.83,-2.21%,--,3,65949,卖盘
10:59:25,220.0,-2.14%,+0.17,13,289080,买盘
10:59:28,219.84,-2.21%,-0.16,6,142456,卖盘
10:59:31,219.98,-2.14%,+0.14,2,43996,中性盘
10:59:34,219.83,-2.21%,-0.15,18,413720,卖盘
10:59:37,219.83,-2.21%,--,12,274568,卖盘
10:59:40,219.83,-2.21%,--,13,298749,卖盘
10:59:43,219.83,-2.21%,--,8,186636,卖盘
10:59:46,219.83,-2.21%,--,12,273469,卖盘
10:59:49,219.83,-2.21%,--,18,414819,卖盘
10:59:52,219.83,-2.21%,--,2,55617,卖盘
10:59:55,219.83,-2.21%,--,5,111454,卖盘
10:59:58,219.97,-2.15%,+0.14,2,43994,买盘
11:00:01,219.96,-2.15%,-0.01,2,51691,卖盘
11:00:04,219.84,-2.21%,-0.12,8,189722,中性盘
11:00:07,219.85,-2.20%,+0.01,13,295039,买盘
11:00:10,219.85,-2.20%,--,20,446076,卖盘
11:00:16,219.85,-2.20%,--,15,329995,卖盘
11:00:19,220.0,-2.14%,+0.15,16,358380,买盘
11:00:22,219.86,-2.20%,-0.14,6,139391,卖盘
11:00:25,219.83,-2.21%,-0.03,169,3723920,卖盘
11:00:28,219.72,-2.26%,-0.11,47,1044549,卖盘
11:00:31,219.8,-2.22%,+0.08,13,290356,买盘
11:00:34,219.65,-2.29%,-0.15,2,43930,卖盘
11:00:37,219.64,-2.30%,-0.01,28,615431,卖盘
11:00:40,219.63,-2.30%,-0.01,18,403021,卖盘
11:00:43,219.63,-2.30%,--,25,555225,卖盘
11:00:46,219.63,-2.30%,--,11,244448,卖盘
11:00:49,219.83,-2.21%,+0.2,33,728956,买盘
11:00:52,219.83,-2.21%,--,9,216972,买盘
11:00:55,219.58,-2.32%,-0.25,13,296872,卖盘
11:00:58,219.83,-2.21%,+0.25,17,384703,买盘
11:01:01,219.65,-2.29%,-0.18,8,176599,卖盘
11:01:04,219.66,-2.29%,+0.01,13,293685,中性盘
11:01:07,219.63,-2.30%,-0.03,8,187784,卖盘
11:01:10,219.63,-2.30%,--,4,100810,卖盘
11:01:13,219.63,-2.30%,--,5,126507,卖盘
11:01:16,219.64,-2.30%,+0.01,8,181642,中性盘
11:01:19,219.6,-2.31%,-0.04,11,254516,卖盘
11:01:22,219.6,-2.31%,--,5,117925,卖盘
11:01:25,219.6,-2.31%,--,4,106286,卖盘
11:01:28,219.63,-2.30%,+0.03,12,271463,买盘
11:01:31,219.62,-2.30%,-0.01,35,768670,中性盘
11:01:34,219.58,-2.32%,-0.04,19,429718,卖盘
11:01:37,219.53,-2.34%,-0.05,57,1257687,卖盘
11:01:40,219.53,-2.34%,--,18,403057,卖盘
11:01:43,219.53,-2.34%,--,44,973835,中性盘
11:01:43,219.53,-2.34%,--,44,973835,卖盘
11:01:46,219.49,-2.36%,-0.04,38,836476,卖盘
11:01:49,219.45,-2.38%,-0.04,17,383160,卖盘
11:01:52,219.45,-2.38%,--,14,309644,买盘
11:01:55,219.33,-2.43%,-0.12,15,344348,卖盘
11:01:58,219.45,-2.38%,+0.12,5,110164,买盘
11:02:01,219.32,-2.44%,-0.13,18,394995,卖盘
11:02:04,219.3,-2.45%,-0.02,8,187940,卖盘
11:02:07,219.32,-2.44%,+0.02,2,50882,中性盘
11:02:10,219.28,-2.46%,-0.04,26,587013,卖盘
11:02:13,219.27,-2.46%,-0.01,5,115555,卖盘
11:02:16,219.27,-2.46%,--,0,0,买盘
11:02:19,219.25,-2.47%,-0.02,8,175400,买盘
11:02:22,219.19,-2.50%,-0.06,8,192668,卖盘
11:02:25,219.25,-2.47%,+0.06,33,729445,买盘
11:02:28,219.24,-2.47%,-0.01,22,489563,卖盘
11:02:31,219.23,-2.48%,-0.01,75,1645321,卖盘
11:02:34,219.18,-2.50%,-0.05,16,356387,卖盘
11:02:37,219.11,-2.53%,-0.07,46,1020833,卖盘
11:02:40,219.1,-2.54%,-0.01,24,544464,卖盘
11:02:43,219.07,-2.55%,-0.03,23,517662,卖盘
11:02:46,219.07,-2.55%,--,12,280629,买盘
11:02:49,219.05,-2.56%,-0.02,19,420357,卖盘
11:02:52,219.04,-2.56%,-0.01,42,935958,中性盘
11:02:55,219.0,-2.58%,-0.04,522,11440560,卖盘
11:02:58,219.0,-2.58%,--,38,839865,卖盘
11:03:01,219.0,-2.58%,--,38,844026,卖盘
11:03:04,219.02,-2.57%,+0.02,23,505498,买盘
11:03:07,218.9,-2.62%,-0.12,15,334917,卖盘
11:03:10,218.82,-2.66%,-0.08,59,1295633,卖盘
11:03:13,218.88,-2.63%,+0.06,9,213846,中性盘
11:03:16,218.8,-2.67%,-0.08,50,1112817,卖盘
11:03:19,218.81,-2.66%,+0.01,31,694284,中性盘
11:03:22,218.71,-2.71%,-0.1,44,966698,卖盘
11:03:25,218.65,-2.74%,-0.06,30,674535,卖盘
11:03:28,218.6,-2.76%,-0.05,36,807508,卖盘
11:03:31,218.55,-2.78%,-0.05,49,1085101,卖盘
11:03:34,218.57,-2.77%,+0.02,14,320424,买盘
11:03:37,218.44,-2.83%,-0.13,163,3570620,卖盘
11:03:40,218.37,-2.86%,-0.07,28,623010,卖盘
11:03:43,218.34,-2.87%,-0.03,36,807421,卖盘
11:03:46,218.3,-2.89%,-0.04,59,1292991,卖盘
11:03:49,218.3,-2.89%,--,11,261742,买盘
11:03:52,218.21,-2.93%,-0.09,38,833780,卖盘
11:03:55,218.21,-2.93%,--,20,452349,卖盘
11:03:58,218.2,-2.94%,-0.01,80,1748655,卖盘
11:04:01,218.11,-2.98%,-0.09,51,1122176,卖盘
11:04:04,218.11,-2.98%,--,128,2801841,买盘
11:04:07,218.03,-3.01%,-0.08,28,625092,中性盘
11:04:10,218.01,-3.02%,-0.02,78,1708326,卖盘
11:04:13,218.0,-3.02%,-0.01,131,2869970,卖盘
11:04:16,218.01,-3.02%,+0.01,66,1450857,卖盘
11:04:19,218.11,-2.98%,+0.1,80,1753168,买盘
11:04:22,218.2,-2.94%,+0.09,143,3128333,买盘
11:04:25,218.2,-2.94%,--,10,218200,买盘
11:04:28,218.02,-3.02%,-0.18,61,1347582,卖盘
11:04:31,218.05,-3.00%,+0.03,32,718475,中性盘
11:04:34,218.05,-3.00%,--,52,1141274,卖盘
11:04:37,218.18,-2.94%,+0.13,82,1799330,买盘
11:04:40,218.02,-3.02%,-0.16,52,1154416,卖盘
11:04:43,218.02,-3.02%,--,18,405299,卖盘
11:04:46,218.02,-3.02%,--,46,1019898,卖盘
11:04:49,218.18,-2.94%,+0.16,11,250471,买盘
11:04:52,218.18,-2.94%,--,29,640576,买盘
11:04:55,218.05,-3.00%,-0.13,47,1044896,卖盘
11:04:55,218.05,-3.00%,--,47,1044896,中性盘
11:04:58,218.21,-2.93%,+0.16,57,1261472,买盘
11:05:01,218.21,-2.93%,--,0,5673,买盘
11:05:04,218.06,-3.00%,-0.15,71,1557603,卖盘
11:05:07,218.3,-2.89%,+0.24,12,279424,买盘
11:05:10,218.05,-3.00%,-0.25,40,873072,卖盘
11:05:13,218.21,-2.93%,+0.16,39,872404,买盘
11:05:16,218.19,-2.94%,-0.02,18,401906,卖盘
11:05:19,218.29,-2.90%,+0.1,11,260638,买盘
11:05:22,218.3,-2.89%,+0.01,4,87320,买盘
11:05:25,218.3,-2.89%,--,0,0,买盘
11:05:28,218.3,-2.89%,--,9,208477,买盘
11:05:31,218.32,-2.88%,+0.02,13,288619,买盘
11:05:34,218.26,-2.91%,-0.06,49,1076895,卖盘
11:05:37,218.34,-2.87%,+0.08,17,380785,买盘
11:05:40,218.32,-2.88%,-0.02,8,179022,卖盘
11:05:43,218.34,-2.87%,+0.02,3,82969,买盘
11:05:46,218.35,-2.87%,+0.01,6,135377,中性盘
11:05:49,218.34,-2.87%,-0.01,19,434060,卖盘
11:05:52,218.37,-2.86%,+0.03,5,128620,买盘
11:05:55,218.44,-2.83%,+0.07,9,215600,买盘
11:06:01,218.44,-2.83%,--,0,0,卖盘
11:06:04,218.44,-2.83%,--,9,209047,卖盘
11:06:07,218.76,-2.69%,+0.32,4,87504,买盘
11:06:10,218.76,-2.69%,--,5,110693,买盘
11:06:13,218.5,-2.80%,-0.26,17,377568,卖盘
11:06:16,218.5,-2.80%,--,2,55936,卖盘
11:06:19,218.75,-2.69%,+0.25,6,131250,买盘
11:06:25,218.75,-2.69%,--,4,87500,买盘
11:06:28,218.75,-2.69%,--,0,0,中性盘
11:06:31,218.75,-2.69%,--,15,339938,卖盘
11:06:34,218.51,-2.80%,-0.24,14,310503,中性盘
11:06:37,218.51,-2.80%,--,11,240580,买盘
11:06:40,218.51,-2.80%,--,28,611828,买盘
11:06:43,218.51,-2.80%,--,7,153176,买盘
11:06:46,218.52,-2.79%,+0.01,15,329965,卖盘
11:06:52,218.75,-2.69%,+0.23,18,394625,买盘
11:06:58,218.78,-2.68%,+0.03,50,1093900,买盘
11:07:01,218.75,-2.69%,-0.03,4,92531,中性盘
11:07:04,218.51,-2.80%,-0.24,25,561134,卖盘
11:07:07,218.78,-2.68%,+0.27,12,262536,买盘
11:07:10,218.5,-2.80%,-0.28,124,2715300,卖盘
11:07:13,218.44,-2.83%,-0.06,32,704687,卖盘
11:07:16,218.36,-2.86%,-0.08,25,546555,卖盘
11:07:19,218.36,-2.86%,--,6,152197,卖盘
11:07:22,218.42,-2.84%,+0.06,13,289188,买盘
11:07:25,218.36,-2.86%,-0.06,17,378636,卖盘
11:07:28,218.34,-2.87%,-0.02,20,446505,卖盘
11:07:31,218.26,-2.91%,-0.08,48,1067946,卖盘
11:07:34,218.22,-2.93%,-0.04,64,1414720,卖盘
11:07:37,218.1,-2.98%,-0.12,135,2944350,卖盘
11:07:40,218.09,-2.98%,-0.01,2,43618,卖盘
11:07:43,218.21,-2.93%,+0.12,29,654412,买盘
11:07:46,218.05,-3.00%,-0.16,12,266675,卖盘
11:07:49,218.05,-3.00%,--,11,239855,卖盘
11:07:52,218.1,-2.98%,+0.05,14,312974,买盘
11:07:55,218.05,-3.00%,-0.05,24,523320,卖盘
11:07:58,218.05,-3.00%,--,8,187959,卖盘
11:08:01,218.05,-3.00%,--,17,380497,卖盘
11:08:04,218.1,-2.98%,+0.05,30,658880,买盘
11:08:07,218.1,-2.98%,--,6,152234,买盘
11:08:07,218.1,-2.98%,-0.05,6,152234,中性盘
11:08:10,218.05,-3.00%,-0.05,62,1361068,卖盘
11:08:13,218.05,-3.00%,--,44,966180,买盘
11:08:16,218.05,-3.00%,--,9,196245,买盘
11:08:19,218.04,-3.01%,-0.01,17,373721,中性盘
11:08:22,218.2,-2.94%,+0.16,51,1119584,买盘
11:08:25,218.01,-3.02%,-0.19,502,10960453,卖盘
11:08:28,218.08,-2.99%,+0.07,4,101843,中性盘
11:08:31,218.1,-2.98%,+0.02,16,348960,中性盘
11:08:34,218.05,-3.00%,-0.05,2,43610,卖盘
11:08:37,218.1,-2.98%,+0.05,23,512099,买盘
11:08:40,218.04,-3.01%,-0.06,16,370232,卖盘
11:08:43,218.1,-2.98%,+0.06,2,43620,卖盘
11:08:46,218.16,-2.95%,+0.06,2,43850,中性盘
11:08:49,218.23,-2.92%,+0.07,16,355715,买盘
11:08:52,218.13,-2.97%,-0.1,34,759529,卖盘
11:08:55,218.1,-2.98%,-0.03,19,414390,卖盘
11:08:58,218.04,-3.01%,-0.06,5,115997,卖盘
11:09:01,218.0,-3.02%,-0.04,602,13143874,卖盘
11:09:04,218.08,-2.99%,+0.08,13,283504,买盘
11:09:07,218.03,-3.01%,-0.05,28,622258,卖盘
11:09:10,218.08,-2.99%,+0.05,43,949302,买盘
11:09:13,218.04,-3.01%,-0.04,73,1613278,中性盘
11:09:16,218.08,-2.99%,+0.04,257,5608581,买盘
11:09:19,218.07,-2.99%,-0.01,69,1521692,卖盘
11:09:22,218.07,-2.99%,--,64,1415710,卖盘
11:09:25,218.1,-2.98%,+0.03,9,207413,买盘
11:09:28,218.07,-2.99%,-0.03,25,554552,卖盘
11:09:31,218.07,-2.99%,--,19,417604,卖盘
11:09:34,218.1,-2.98%,+0.03,12,282876,买盘
11:09:37,218.1,-2.98%,--,6,137839,卖盘
11:09:40,218.1,-2.98%,--,27,593232,卖盘
11:09:43,218.13,-2.97%,+0.03,8,177558,买盘
11:09:46,218.07,-2.99%,-0.06,79,1738018,卖盘
11:09:49,218.07,-2.99%,--,15,338445,卖盘
11:09:52,218.07,-2.99%,--,34,752778,卖盘
11:09:55,218.07,-2.99%,--,14,311186,卖盘
11:09:58,218.07,-2.99%,--,15,335610,卖盘
11:10:01,218.1,-2.98%,+0.03,16,367935,中性盘
11:10:04,218.1,-2.98%,--,4,103379,卖盘
11:10:07,218.12,-2.97%,+0.02,3,70453,中性盘
11:10:10,218.13,-2.97%,+0.01,9,209405,买盘
11:10:13,218.1,-2.98%,-0.03,3,66521,卖盘
11:10:16,218.08,-2.99%,-0.02,4,100099,卖盘
11:10:19,218.12,-2.97%,+0.04,9,215939,买盘
11:10:22,218.08,-2.99%,-0.04,15,339987,卖盘
11:10:25,218.1,-2.98%,+0.02,12,277423,中性盘
11:10:28,218.12,-2.97%,+0.02,8,192600,卖盘
11:10:31,218.12,-2.97%,--,3,68053,卖盘
11:10:34,218.12,-2.97%,--,2,45805,卖盘
11:10:37,218.13,-2.97%,+0.01,22,495591,买盘
11:10:40,218.1,-2.98%,-0.03,35,775782,卖盘
11:10:43,218.12,-2.97%,+0.02,10,220737,买盘
11:10:46,218.07,-2.99%,-0.05,28,626515,卖盘
11:10:49,218.26,-2.91%,+0.19,85,1862413,买盘
11:10:52,218.02,-3.02%,-0.24,144,3144720,卖盘
11:10:55,218.02,-3.02%,--,30,654932,卖盘
11:10:58,218.02,-3.02%,--,73,1602011,卖盘
11:11:01,218.02,-3.02%,--,37,820191,卖盘
11:11:04,218.02,-3.02%,--,40,873170,卖盘
11:11:07,218.07,-2.99%,+0.05,14,323180,中性盘
11:11:10,218.02,-3.02%,-0.05,20,456970,卖盘
11:11:13,218.02,-3.02%,--,43,939230,卖盘
11:11:16,218.02,-3.02%,--,44,970189,卖盘
11:11:19,218.01,-3.02%,-0.01,28,615442,卖盘
11:11:22,218.01,-3.02%,--,256,5581928,卖盘
11:11:22,218.01,-3.02%,--,256,5581928,中性盘
11:11:25,218.03,-3.01%,+0.02,143,3136362,中性盘
11:11:28,218.0,-3.02%,-0.03,132,2897220,卖盘
11:11:31,217.8,-3.11%,-0.2,275,5994945,卖盘
11:11:34,217.8,-3.11%,--,83,1817105,卖盘
11:11:37,217.7,-3.16%,-0.1,26,580824,卖盘
11:11:40,217.66,-3.18%,-0.04,131,2851346,卖盘
11:11:43,217.62,-3.19%,-0.04,18,391716,卖盘
11:11:46,217.61,-3.20%,-0.01,29,650001,卖盘
11:11:49,217.54,-3.23%,-0.07,13,300205,卖盘
11:11:52,217.52,-3.24%,-0.02,22,484635,卖盘
11:11:55,217.52,-3.24%,--,22,493770,卖盘
11:11:58,217.5,-3.25%,-0.02,39,868478,卖盘
11:12:01,217.47,-3.26%,-0.03,8,178978,卖盘
11:12:04,217.38,-3.30%,-0.09,54,1173852,卖盘
11:12:07,217.36,-3.31%,-0.02,7,152152,卖盘
11:12:10,217.3,-3.34%,-0.06,46,1014574,卖盘
11:12:13,217.3,-3.34%,--,15,340726,买盘
11:12:16,217.2,-3.38%,-0.1,28,613373,卖盘
11:12:19,217.17,-3.39%,-0.03,29,646298,卖盘
11:12:22,217.12,-3.42%,-0.05,16,347392,卖盘
11:12:25,217.08,-3.43%,-0.04,122,2654888,卖盘
11:12:28,217.32,-3.33%,+0.24,422,9191549,买盘
11:12:31,217.31,-3.33%,-0.01,215,4685856,卖盘
11:12:34,217.05,-3.45%,-0.26,178,3882156,卖盘
11:12:37,217.05,-3.45%,--,58,1274518,卖盘
11:12:40,217.01,-3.47%,-0.04,41,898421,卖盘
11:12:43,217.01,-3.47%,--,163,3543990,卖盘
11:12:46,217.0,-3.47%,-0.01,138,2999374,卖盘
11:12:49,216.85,-3.54%,-0.15,185,4012159,卖盘
11:12:52,217.06,-3.44%,+0.21,322,6990417,买盘
11:12:55,217.06,-3.44%,--,155,3384834,卖盘
11:12:58,217.0,-3.47%,-0.06,219,4769877,卖盘
11:13:01,217.0,-3.47%,--,8,173600,卖盘
11:13:04,217.01,-3.47%,+0.01,67,1462213,买盘
11:13:07,216.85,-3.54%,-0.16,19,413967,买盘
11:13:10,217.0,-3.47%,+0.15,109,2380273,买盘
11:13:13,217.0,-3.47%,--,10,225029,买盘
11:13:16,216.55,-3.67%,-0.45,86,1875756,卖盘
11:13:19,216.51,-3.69%,-0.04,109,2365588,卖盘
11:13:22,216.51,-3.69%,--,16,358757,卖盘
11:13:25,216.51,-3.69%,--,74,1604989,卖盘
11:13:28,216.35,-3.76%,-0.16,8,189739,中性盘
11:13:31,216.5,-3.69%,+0.15,12,281017,中性盘
11:13:34,216.35,-3.76%,-0.15,59,1296369,卖盘
11:13:37,216.35,-3.76%,--,31,685613,买盘
11:13:40,216.52,-3.68%,+0.17,86,1864454,买盘
11:13:43,216.57,-3.66%,+0.05,52,1141974,中性盘
11:13:46,216.79,-3.56%,+0.22,22,490379,买盘
11:13:49,216.85,-3.54%,+0.06,79,1728511,买盘
11:13:52,216.66,-3.62%,-0.19,34,749210,中性盘
11:13:55,216.61,-3.64%,-0.05,42,915177,卖盘
11:13:58,216.66,-3.62%,+0.05,12,278625,卖盘
11:14:01,216.62,-3.64%,-0.04,92,2002435,卖盘
11:14:04,216.62,-3.64%,--,67,1452004,卖盘
11:14:07,216.56,-3.67%,-0.06,76,1664913,卖盘
11:14:10,217.17,-3.39%,+0.61,24,521208,中性盘
11:14:13,216.88,-3.52%,-0.29,23,518343,卖盘
11:14:16,217.17,-3.39%,+0.29,7,160054,买盘
11:14:19,217.16,-3.40%,-0.01,59,1292753,买盘
11:14:22,217.16,-3.40%,--,35,763535,买盘
11:14:25,217.16,-3.40%,--,13,282525,卖盘
11:14:28,217.17,-3.39%,+0.01,39,862165,中性盘
11:14:31,217.17,-3.39%,--,17,373967,买盘
11:14:34,217.17,-3.39%,--,31,682782,卖盘
11:14:34,217.17,-3.39%,--,31,682782,中性盘
11:14:37,217.31,-3.33%,+0.14,7,152117,买盘
11:14:40,217.01,-3.47%,-0.3,25,557282,卖盘
11:14:43,217.47,-3.26%,+0.46,18,408409,买盘
11:14:46,217.46,-3.27%,-0.01,31,675213,中性盘
11:14:49,217.27,-3.35%,-0.19,36,793253,卖盘
11:14:52,217.47,-3.26%,+0.2,16,360130,买盘
11:14:55,217.01,-3.47%,-0.46,108,2344142,卖盘
11:14:58,217.54,-3.23%,+0.53,4,87016,买盘
11:15:01,217.54,-3.23%,--,14,304556,买盘
11:15:04,217.53,-3.23%,-0.01,17,377632,买盘
11:15:07,217.53,-3.23%,--,5,112681,买盘
11:15:10,217.53,-3.23%,--,6,142265,买盘
11:15:13,217.53,-3.23%,--,21,472040,卖盘
11:15:16,217.46,-3.27%,-0.07,7,152874,卖盘
11:15:19,217.05,-3.45%,-0.41,12,264150,卖盘
11:15:22,217.43,-3.28%,+0.38,10,217430,买盘
11:15:25,217.11,-3.42%,-0.32,13,284848,中性盘
11:15:28,217.11,-3.42%,--,20,449635,买盘
11:15:31,217.02,-3.46%,-0.09,30,659307,卖盘
11:15:34,217.0,-3.47%,-0.02,95,2076473,卖盘
11:15:37,217.0,-3.47%,--,17,389949,买盘
11:15:40,217.0,-3.47%,--,13,287525,买盘
11:15:43,216.98,-3.48%,-0.02,54,1176249,买盘
11:15:46,216.9,-3.51%,-0.08,35,759150,卖盘
11:15:49,216.89,-3.52%,-0.01,18,396041,卖盘
11:15:52,216.97,-3.48%,+0.08,137,2981385,买盘
11:15:55,216.8,-3.56%,-0.17,46,997497,卖盘
11:15:58,216.71,-3.60%,-0.09,4,91018,卖盘
11:16:01,216.71,-3.60%,--,8,173368,买盘
11:16:04,216.6,-3.65%,-0.11,27,595650,卖盘
11:16:07,216.6,-3.65%,--,2,43320,卖盘
11:16:10,216.56,-3.67%,-0.04,115,2496504,卖盘
11:16:13,216.55,-3.67%,-0.01,22,481174,卖盘
11:16:16,216.6,-3.65%,+0.05,27,584820,买盘
11:16:19,216.57,-3.66%,-0.03,18,409101,中性盘
11:16:22,216.6,-3.65%,+0.03,33,726693,卖盘
11:16:25,216.71,-3.60%,+0.11,27,597686,买盘
11:16:28,216.8,-3.56%,+0.09,34,756632,买盘
11:16:31,216.66,-3.62%,-0.14,20,437437,卖盘
11:16:34,216.8,-3.56%,+0.14,30,663842,买盘
11:16:37,216.66,-3.62%,-0.14,57,1237129,卖盘
11:16:40,216.72,-3.59%,+0.06,15,325080,中性盘
11:16:43,216.72,-3.59%,--,13,288888,买盘
11:16:46,216.8,-3.56%,+0.08,8,179727,买盘
11:16:49,216.72,-3.59%,-0.08,4,86688,卖盘
11:16:52,216.78,-3.57%,+0.06,4,86712,中性盘
11:16:55,216.8,-3.56%,+0.02,10,232843,买盘
11:16:58,216.8,-3.56%,--,5,118373,买盘
11:17:01,216.89,-3.52%,+0.09,15,333143,买盘
11:17:04,216.8,-3.56%,-0.09,7,160432,卖盘
11:17:07,216.89,-3.52%,+0.09,12,278487,买盘
11:17:10,216.9,-3.51%,+0.01,9,198247,买盘
11:17:13,216.89,-3.52%,-0.01,4,89142,卖盘
11:17:16,216.9,-3.51%,+0.01,9,209742,买盘
11:17:19,217.0,-3.47%,+0.1,22,496930,买盘
11:17:22,216.99,-3.47%,-0.01,8,180102,中性盘
11:17:25,217.0,-3.47%,+0.01,62,1350391,买盘
11:17:28,217.0,-3.47%,--,19,432264,买盘
11:17:31,217.0,-3.47%,--,19,412300,买盘
11:17:34,217.06,-3.44%,+0.06,19,430213,买盘
11:17:37,216.99,-3.47%,-0.07,5,108495,卖盘
11:17:40,217.05,-3.45%,+0.06,6,134571,买盘
11:17:43,217.0,-3.47%,-0.05,4,86800,卖盘
11:17:46,217.05,-3.45%,+0.05,14,305389,买盘
11:17:49,217.05,-3.45%,--,4,86820,卖盘
11:17:49,217.05,-3.45%,--,4,86820,中性盘
11:17:55,217.06,-3.44%,+0.01,9,206424,买盘
11:17:58,217.06,-3.44%,--,9,195354,买盘
11:18:01,217.06,-3.44%,--,5,108530,买盘
11:18:04,217.05,-3.45%,-0.01,5,113300,卖盘
11:18:07,217.06,-3.44%,+0.01,21,472974,买盘
11:18:10,217.06,-3.44%,--,18,391576,卖盘
11:18:13,217.06,-3.44%,--,6,130236,卖盘
11:18:16,217.06,-3.44%,--,5,121337,卖盘
11:18:19,217.09,-3.43%,+0.03,29,630864,买盘
11:18:22,217.06,-3.44%,-0.03,8,173648,卖盘
11:18:25,217.06,-3.44%,--,7,151942,卖盘
11:18:28,217.11,-3.42%,+0.05,18,403825,买盘
11:18:31,217.09,-3.43%,-0.02,8,173672,卖盘
11:18:34,217.09,-3.43%,--,11,244009,卖盘
11:18:37,217.09,-3.43%,--,0,0,卖盘
11:18:40,217.34,-3.32%,+0.25,2,53031,买盘
11:18:43,217.34,-3.32%,--,0,0,买盘
11:18:46,217.09,-3.43%,-0.25,3,65127,卖盘
11:18:49,217.29,-3.34%,+0.2,13,299860,买盘
11:18:52,217.29,-3.34%,--,0,0,买盘
11:18:55,217.26,-3.35%,-0.03,9,195534,买盘
11:18:58,217.22,-3.37%,-0.04,4,86888,中性盘
11:19:01,217.26,-3.35%,+0.04,12,279179,买盘
11:19:04,217.28,-3.35%,+0.02,6,142101,中性盘
11:19:07,217.3,-3.34%,+0.02,12,280100,买盘
11:19:10,217.28,-3.35%,-0.02,10,230317,卖盘
11:19:13,217.32,-3.33%,+0.04,22,498967,买盘
11:19:16,217.37,-3.31%,+0.05,3,65211,买盘
11:19:19,217.29,-3.34%,-0.08,7,152103,卖盘
11:19:22,217.31,-3.33%,+0.02,0,12604,买盘
11:19:25,217.37,-3.31%,+0.06,23,521036,买盘
11:19:31,217.37,-3.31%,--,15,338445,买盘
11:19:34,217.54,-3.23%,+0.17,6,130524,买盘
11:19:37,217.52,-3.24%,-0.02,18,391754,中性盘
11:19:40,217.54,-3.23%,+0.02,10,226242,买盘
11:19:43,217.54,-3.23%,--,12,261048,卖盘
11:19:46,217.59,-3.21%,+0.05,2,43518,中性盘
11:19:49,217.54,-3.23%,-0.05,13,288023,卖盘
11:19:52,217.53,-3.23%,-0.01,13,297364,中性盘
11:19:55,217.59,-3.21%,+0.06,13,301362,买盘
11:19:58,217.62,-3.19%,+0.03,8,178231,中性盘
11:20:01,217.62,-3.19%,--,4,102064,买盘
11:20:04,217.63,-3.19%,+0.01,17,383682,买盘
11:20:07,217.62,-3.19%,-0.01,4,105763,卖盘
11:20:10,217.62,-3.19%,--,15,333611,买盘
11:20:13,217.62,-3.19%,--,13,287041,买盘
11:20:19,217.62,-3.19%,--,15,326430,卖盘
11:20:22,217.63,-3.19%,+0.01,2,43526,买盘
11:20:25,217.62,-3.19%,-0.01,10,231112,卖盘
11:20:28,217.78,-3.12%,+0.16,23,516139,买盘
11:20:31,217.61,-3.20%,-0.17,14,308136,卖盘
11:20:34,217.63,-3.19%,+0.02,4,87052,中性盘
11:20:37,217.76,-3.13%,+0.13,9,207525,买盘
11:20:40,217.78,-3.12%,+0.02,6,133935,买盘
11:20:43,217.78,-3.12%,--,5,108890,买盘
11:20:46,217.78,-3.12%,--,13,283114,买盘
11:20:49,217.76,-3.13%,-0.02,4,87104,中性盘
11:20:55,217.76,-3.13%,--,7,164627,买盘
11:20:58,217.95,-3.05%,+0.19,24,542260,买盘
11:21:01,217.95,-3.05%,--,0,0,买盘
11:21:01,217.95,-3.05%,-0.02,0,0,中性盘
11:21:04,217.93,-3.06%,-0.02,2,43586,买盘
11:21:07,217.79,-3.12%,-0.14,7,152453,卖盘
11:21:10,217.78,-3.12%,-0.01,7,167037,卖盘
11:21:13,217.89,-3.07%,+0.11,4,87156,买盘
11:21:16,217.78,-3.12%,-0.11,21,477374,卖盘
11:21:19,217.76,-3.13%,-0.02,36,802446,卖盘
11:21:22,217.78,-3.12%,+0.02,16,348448,买盘
11:21:25,217.61,-3.20%,-0.17,42,924190,卖盘
11:21:28,217.6,-3.20%,-0.01,13,295936,卖盘
11:21:31,217.61,-3.20%,+0.01,2,43522,卖盘
11:21:34,217.6,-3.20%,-0.01,5,123814,卖盘
11:21:37,217.6,-3.20%,--,4,87040,卖盘
11:21:40,217.6,-3.20%,--,19,431718,卖盘
11:21:43,217.61,-3.20%,+0.01,18,391698,买盘
11:21:46,217.61,-3.20%,--,15,344694,买盘
11:21:49,217.61,-3.20%,--,7,152545,买盘
11:21:52,217.61,-3.20%,--,31,677420,买盘
11:21:58,217.61,-3.20%,--,42,919402,买盘
11:22:01,217.61,-3.20%,--,0,0,买盘
11:22:07,217.61,-3.20%,--,12,261132,买盘
11:22:10,217.61,-3.20%,--,33,737263,买盘
11:22:13,217.61,-3.20%,--,8,177135,买盘
11:22:16,217.61,-3.20%,--,8,189756,卖盘
11:22:19,217.61,-3.20%,--,1,21761,卖盘
11:22:22,217.69,-3.16%,+0.08,8,179377,买盘
11:22:25,217.61,-3.20%,-0.08,4,99013,卖盘
11:22:28,217.61,-3.20%,--,10,217610,卖盘
11:22:31,217.61,-3.20%,--,0,0,卖盘
11:22:34,217.67,-3.17%,+0.06,4,87068,买盘
11:22:37,217.61,-3.20%,-0.06,3,72464,卖盘
11:22:40,217.67,-3.17%,+0.06,2,43534,买盘
11:22:43,217.61,-3.20%,-0.06,8,187145,卖盘
11:22:46,217.67,-3.17%,+0.06,3,72702,买盘
11:22:49,217.67,-3.17%,--,10,224635,卖盘
11:22:58,217.68,-3.17%,+0.01,6,145846,买盘
11:23:01,217.68,-3.17%,--,7,152376,买盘
11:23:04,217.68,-3.17%,--,7,153682,买盘
11:23:07,217.6,-3.20%,-0.08,13,287450,卖盘
11:23:10,217.6,-3.20%,--,9,214118,卖盘
11:23:13,217.6,-3.20%,--,3,80512,卖盘
11:23:16,217.6,-3.20%,--,4,100749,卖盘
11:23:19,217.6,-3.20%,--,47,1030989,买盘
11:23:22,217.5,-3.25%,-0.1,37,804750,卖盘
11:23:25,217.54,-3.23%,+0.04,4,87016,中性盘
11:23:28,217.38,-3.30%,-0.16,19,427586,卖盘
11:23:31,217.38,-3.30%,--,0,0,卖盘
11:23:37,217.4,-3.29%,+0.02,2,43480,卖盘
11:23:43,217.32,-3.33%,-0.08,2,43464,卖盘
11:23:46,217.32,-3.33%,--,8,177333,卖盘
11:23:49,217.36,-3.31%,+0.04,6,146718,买盘
11:23:52,217.32,-3.33%,-0.04,1,27165,卖盘
11:23:55,217.31,-3.33%,-0.01,0,1738,卖盘
11:23:58,217.36,-3.31%,+0.05,22,499711,买盘
11:24:01,217.29,-3.34%,-0.07,5,112991,卖盘
11:24:10,217.35,-3.31%,+0.06,8,183226,买盘
11:24:13,217.5,-3.25%,+0.15,66,1446375,买盘
11:24:16,217.5,-3.25%,--,0,0,买盘
11:24:16,217.5,-3.25%,-0.18,0,0,中性盘
11:24:19,217.32,-3.33%,-0.18,17,369444,买盘
11:24:22,217.3,-3.34%,-0.02,9,216431,卖盘
11:24:25,217.27,-3.35%,-0.03,5,121888,卖盘
11:24:28,217.25,-3.36%,-0.02,11,250055,卖盘
11:24:31,217.25,-3.36%,--,0,0,买盘
11:24:37,217.22,-3.37%,-0.03,22,477884,卖盘
11:24:40,217.22,-3.37%,--,2,46702,卖盘
11:24:46,217.09,-3.43%,-0.13,11,251173,卖盘
11:24:49,217.09,-3.43%,--,6,140457,卖盘
11:24:52,217.2,-3.38%,+0.11,2,43440,买盘
11:24:55,217.07,-3.44%,-0.13,4,86828,卖盘
11:24:58,217.05,-3.45%,-0.02,8,178198,卖盘
11:25:04,217.09,-3.43%,+0.04,9,195381,卖盘
11:25:07,217.09,-3.43%,--,30,662125,买盘
11:25:10,217.0,-3.47%,-0.09,13,301196,卖盘
11:25:13,217.0,-3.47%,--,4,93527,卖盘
11:25:16,217.0,-3.47%,--,10,217000,卖盘
11:25:19,217.01,-3.47%,+0.01,4,103080,买盘
11:25:22,217.0,-3.47%,-0.01,8,187271,卖盘
11:25:25,217.0,-3.47%,--,7,151900,卖盘
11:25:28,217.01,-3.47%,+0.01,4,86804,买盘
11:25:31,217.0,-3.47%,-0.01,3,68138,卖盘
11:25:34,217.01,-3.47%,+0.01,4,88540,买盘
11:25:37,217.0,-3.47%,-0.01,13,282100,卖盘
11:25:40,217.0,-3.47%,--,1,33201,卖盘
11:25:43,217.0,-3.47%,--,5,108500,卖盘
11:25:49,217.0,-3.47%,--,32,710458,卖盘
11:25:52,217.0,-3.47%,--,27,602826,卖盘
11:25:55,217.0,-3.47%,--,26,579607,卖盘
11:25:58,217.0,-3.47%,--,8,176421,买盘
11:26:01,217.0,-3.47%,--,8,190309,买盘
11:26:04,217.0,-3.47%,--,3,82460,买盘
11:26:07,216.98,-3.48%,-0.02,23,520318,卖盘
11:26:10,217.0,-3.47%,+0.02,2,43400,买盘
11:26:13,216.99,-3.47%,-0.01,2,43398,买盘
11:26:19,216.98,-3.48%,-0.01,5,125631,卖盘
11:26:22,216.9,-3.51%,-0.08,10,226227,卖盘
11:26:25,216.98,-3.48%,+0.08,18,409875,买盘
11:26:28,216.98,-3.48%,--,0,0,买盘
11:26:31,216.89,-3.52%,-0.09,9,213637,卖盘
11:26:34,216.89,-3.52%,--,2,54223,买盘
11:26:37,216.88,-3.52%,-0.01,5,112344,卖盘
11:26:40,216.86,-3.53%,-0.02,18,400974,卖盘
11:26:43,216.8,-3.56%,-0.06,6,145256,卖盘
11:26:46,216.72,-3.59%,-0.08,27,600965,卖盘
11:26:49,216.89,-3.52%,+0.17,6,145750,买盘
11:26:52,216.7,-3.60%,-0.19,15,327867,卖盘
11:26:55,216.7,-3.60%,--,15,337619,买盘
11:26:58,216.66,-3.62%,-0.04,63,1385324,卖盘
11:27:01,216.78,-3.57%,+0.12,10,216780,中性盘
11:27:04,216.66,-3.62%,-0.12,13,291841,卖盘
11:27:07,216.67,-3.62%,+0.01,8,190886,买盘
11:27:10,216.66,-3.62%,-0.01,7,162495,卖盘
11:27:13,216.61,-3.64%,-0.05,86,1862846,卖盘
11:27:16,216.67,-3.62%,+0.06,18,404523,买盘
11:27:22,216.67,-3.62%,--,23,503974,卖盘
11:27:25,216.52,-3.68%,-0.15,130,2819090,卖盘
11:27:28,216.6,-3.65%,+0.08,7,161150,买盘
11:27:28,216.6,-3.65%,-0.08,7,161150,中性盘
11:27:31,216.52,-3.68%,-0.08,86,1862072,卖盘
11:27:34,216.59,-3.65%,+0.07,4,92701,买盘
11:27:37,216.59,-3.65%,--,5,108295,买盘
11:27:40,216.52,-3.68%,-0.07,5,108260,卖盘
11:27:43,216.5,-3.69%,-0.02,91,1981408,卖盘
11:27:46,216.52,-3.68%,+0.02,22,494965,买盘
11:27:49,216.3,-3.78%,-0.22,188,4067305,卖盘
11:27:52,216.3,-3.78%,--,45,980272,买盘
11:27:55,216.21,-3.82%,-0.09,49,1075861,卖盘
11:27:58,216.17,-3.84%,-0.04,37,817339,卖盘
11:28:01,216.05,-3.89%,-0.12,175,3797727,卖盘
11:28:04,216.05,-3.89%,--,22,490650,卖盘
11:28:07,216.03,-3.90%,-0.02,71,1553472,卖盘
11:28:10,216.03,-3.90%,--,67,1447401,卖盘
11:28:13,216.03,-3.90%,--,110,2388860,卖盘
11:28:16,216.02,-3.91%,-0.01,28,611337,卖盘
11:28:19,216.05,-3.89%,+0.03,53,1157596,买盘
11:28:22,216.01,-3.91%,-0.04,66,1436467,卖盘
11:28:25,216.03,-3.90%,+0.02,61,1328801,买盘
11:28:28,216.04,-3.90%,+0.01,61,1317844,买盘
11:28:31,216.02,-3.91%,-0.02,99,2158904,卖盘
11:28:34,216.02,-3.91%,--,57,1245139,卖盘
11:28:37,216.02,-3.91%,--,75,1640888,卖盘
11:28:40,216.02,-3.91%,--,31,682623,买盘
11:28:43,216.0,-3.91%,-0.02,41,898344,卖盘
11:28:46,216.0,-3.91%,--,16,355104,卖盘
11:28:49,216.02,-3.91%,+0.02,25,551931,买盘
11:28:52,216.01,-3.91%,-0.01,76,1657229,卖盘
11:28:55,216.01,-3.91%,--,17,371969,卖盘
11:28:58,216.11,-3.87%,+0.1,13,297800,买盘
11:29:01,216.01,-3.91%,-0.1,27,591651,卖盘
11:29:04,216.11,-3.87%,+0.1,4,90766,买盘
11:29:07,216.06,-3.89%,-0.05,14,322578,中性盘
11:29:10,216.1,-3.87%,+0.04,15,340358,中性盘
11:29:13,216.11,-3.87%,+0.01,4,105462,买盘
11:29:16,216.01,-3.91%,-0.1,68,1485285,卖盘
11:29:19,216.11,-3.87%,+0.1,22,484951,买盘
11:29:22,216.0,-3.91%,-0.11,92,2005992,卖盘
11:29:25,216.0,-3.91%,--,63,1361664,卖盘
11:29:28,216.0,-3.91%,--,6,146880,卖盘
11:29:31,216.0,-3.91%,--,53,1155600,卖盘
11:29:34,216.0,-3.91%,--,87,1891512,卖盘
11:29:37,215.94,-3.94%,-0.06,17,367962,卖盘
11:29:40,216.0,-3.91%,+0.06,4,86400,卖盘
11:29:43,215.9,-3.96%,-0.1,11,243103,卖盘
11:29:46,216.0,-3.91%,+0.1,6,136296,中性盘
11:29:49,216.0,-3.91%,--,2,44064,买盘
11:29:52,215.88,-3.97%,-0.12,15,342817,卖盘
11:29:55,215.88,-3.97%,--,4,106645,卖盘
11:29:58,215.86,-3.98%,-0.02,28,609157,卖盘
11:29:59,215.86,-3.98%,--,7,159305,买盘
13:00:01,215.66,-4.07%,-0.2,145,3135912,卖盘
13:00:04,215.8,-4.00%,+0.14,173,3743267,卖盘
13:00:07,215.56,-4.11%,-0.24,66,1424420,卖盘
13:00:10,215.56,-4.11%,--,39,841115,卖盘
13:00:13,215.5,-4.14%,-0.06,102,2210815,卖盘
13:00:16,215.38,-4.19%,-0.12,25,556327,卖盘
13:00:19,215.1,-4.31%,-0.28,40,870080,卖盘
13:00:22,215.39,-4.19%,+0.29,15,324162,买盘
13:00:25,215.01,-4.35%,-0.38,27,587622,卖盘
13:00:28,215.01,-4.35%,--,24,527635,卖盘
13:00:31,215.0,-4.36%,-0.01,48,1051995,卖盘
13:00:34,215.0,-4.36%,--,24,526965,卖盘
13:00:37,215.0,-4.36%,--,147,3162220,卖盘
13:00:40,215.0,-4.36%,--,97,2106785,卖盘
13:00:43,215.0,-4.36%,--,73,1585625,中性盘
13:00:43,215.0,-4.36%,--,73,1585625,卖盘
13:00:46,214.88,-4.41%,-0.12,65,1398009,卖盘
13:00:49,214.58,-4.55%,-0.3,21,454051,卖盘
13:00:52,214.38,-4.64%,-0.2,18,385884,卖盘
13:00:55,214.38,-4.64%,--,39,856448,买盘
13:00:58,214.06,-4.78%,-0.32,40,861592,卖盘
13:01:01,214.0,-4.80%,-0.06,72,1548932,卖盘
13:01:04,214.06,-4.78%,+0.06,57,1230631,买盘
13:01:07,214.05,-4.78%,-0.01,103,2220341,卖盘
13:01:10,214.0,-4.80%,-0.05,96,2070450,卖盘
13:01:13,214.38,-4.64%,+0.38,90,1941211,买盘
13:01:16,214.06,-4.78%,-0.32,67,1454966,中性盘
13:01:19,213.92,-4.84%,-0.14,41,897822,卖盘
13:01:22,213.8,-4.89%,-0.12,51,1092518,卖盘
13:01:25,213.8,-4.89%,--,15,341225,卖盘
13:01:28,213.68,-4.95%,-0.12,122,2621854,卖盘
13:01:31,213.8,-4.89%,+0.12,54,1159437,买盘
13:01:34,213.56,-5.00%,-0.24,45,969135,卖盘
13:01:37,213.56,-5.00%,--,38,828613,买盘
13:01:40,213.55,-5.00%,-0.01,31,667984,中性盘
13:01:43,213.38,-5.08%,-0.17,46,990937,卖盘
13:01:46,213.23,-5.15%,-0.15,30,650352,卖盘
13:01:49,213.34,-5.10%,+0.11,36,782531,中性盘
13:01:52,213.3,-5.12%,-0.04,48,1042397,买盘
13:01:55,213.0,-5.25%,-0.3,211,4501329,卖盘
13:01:58,212.77,-5.35%,-0.23,51,1100021,卖盘
13:02:01,212.58,-5.44%,-0.19,13,278267,卖盘
13:02:04,212.72,-5.37%,+0.14,44,951497,买盘
13:02:07,212.77,-5.35%,+0.05,149,3176231,买盘
13:02:10,213.0,-5.25%,+0.23,134,2861016,中性盘
13:02:13,213.5,-5.03%,+0.5,85,1824785,买盘
13:02:16,213.56,-5.00%,+0.06,79,1692677,买盘
13:02:19,213.5,-5.03%,-0.06,52,1124505,买盘
13:02:22,213.81,-4.89%,+0.31,64,1379930,买盘
13:02:25,213.84,-4.88%,+0.03,16,352836,中性盘
13:02:28,214.3,-4.67%,+0.46,16,358524,买盘
13:02:31,214.05,-4.78%,-0.25,2,42810,中性盘
13:02:34,214.3,-4.67%,+0.25,40,862986,买盘
13:02:37,214.4,-4.63%,+0.1,46,986669,买盘
13:02:40,214.3,-4.67%,-0.1,52,1124861,买盘
13:02:43,214.06,-4.78%,-0.24,17,364758,卖盘
13:02:46,213.88,-4.86%,-0.18,16,345630,卖盘
13:02:49,214.0,-4.80%,+0.12,22,472084,买盘
13:02:52,214.0,-4.80%,--,11,255944,买盘
13:02:55,214.3,-4.67%,+0.3,12,257589,买盘
13:02:58,213.89,-4.85%,-0.41,38,824760,卖盘
13:03:01,213.89,-4.85%,--,24,534297,卖盘
13:03:04,213.86,-4.87%,-0.03,28,603513,中性盘
13:03:07,213.89,-4.85%,+0.03,47,1014266,买盘
13:03:10,213.66,-4.96%,-0.23,22,471548,卖盘
13:03:13,213.8,-4.89%,+0.14,15,337804,卖盘
13:03:16,213.5,-5.03%,-0.3,20,444721,卖盘
13:03:19,213.49,-5.03%,-0.01,30,660538,卖盘
13:03:22,213.48,-5.04%,-0.01,37,803112,卖盘
13:03:25,213.49,-5.03%,+0.01,22,473094,买盘
13:03:28,213.33,-5.10%,-0.16,105,2245938,卖盘
13:03:31,213.6,-4.98%,+0.27,54,1157926,买盘
13:03:34,213.15,-5.18%,-0.45,47,1012036,卖盘
13:03:37,213.22,-5.15%,+0.07,42,902987,卖盘
13:03:40,213.78,-4.90%,+0.56,34,743741,中性盘
13:03:43,213.8,-4.89%,+0.02,12,273450,买盘
13:03:46,213.61,-4.98%,-0.19,18,390265,卖盘
13:03:49,213.88,-4.86%,+0.27,27,591592,买盘
13:03:52,214.0,-4.80%,+0.12,14,299600,买盘
13:03:55,214.3,-4.67%,+0.3,8,183441,买盘
13:07:10,214.0,-4.80%,--,47,1011150,中性盘
13:07:10,214.0,-4.80%,--,47,1011150,买盘
13:07:13,213.9,-4.85%,-0.1,37,801269,卖盘
13:07:16,213.89,-4.85%,-0.01,22,473125,卖盘
13:07:19,213.9,-4.85%,+0.01,34,730682,买盘
13:07:22,213.9,-4.85%,--,20,440848,买盘
13:07:25,213.56,-5.00%,-0.34,30,654348,卖盘
13:07:28,213.62,-4.97%,+0.06,28,618857,卖盘
13:07:31,213.9,-4.85%,+0.28,4,100961,中性盘
13:07:34,213.73,-4.92%,-0.17,27,598017,卖盘
13:07:37,214.12,-4.75%,+0.39,4,85648,中性盘
13:07:40,213.73,-4.92%,-0.39,9,192784,卖盘
13:07:43,213.9,-4.85%,+0.17,6,137538,买盘
13:07:46,213.73,-4.92%,-0.17,16,356502,卖盘
13:07:49,213.9,-4.85%,+0.17,6,128340,卖盘
13:07:52,214.06,-4.78%,+0.16,2,42812,买盘
13:07:55,214.06,-4.78%,--,0,0,买盘
13:07:58,214.04,-4.79%,-0.02,6,147045,买盘
13:08:01,213.9,-4.85%,-0.14,13,280423,卖盘
13:08:04,213.9,-4.85%,--,0,0,卖盘
13:08:07,214.01,-4.80%,+0.11,2,42802,买盘
13:08:10,213.99,-4.81%,-0.02,41,882067,中性盘
13:08:13,213.9,-4.85%,-0.09,2,42780,卖盘
13:08:16,214.0,-4.80%,+0.1,8,171200,买盘
13:08:19,213.99,-4.81%,-0.01,3,64197,卖盘
13:08:22,213.99,-4.81%,--,40,857458,中性盘
13:08:25,213.95,-4.83%,-0.04,4,85580,卖盘
13:08:28,213.95,-4.83%,--,6,139709,买盘
13:08:31,213.95,-4.83%,--,16,351948,买盘
13:08:34,213.91,-4.84%,-0.04,79,1704435,卖盘
13:08:37,213.91,-4.84%,--,2,42782,卖盘
13:08:40,213.98,-4.81%,+0.07,42,898716,买盘
13:08:43,213.99,-4.81%,+0.01,33,723072,买盘
13:08:46,213.97,-4.82%,-0.02,14,315820,中性盘
13:08:49,214.0,-4.80%,+0.03,6,128400,买盘
13:08:52,214.0,-4.80%,--,6,140384,买盘
13:08:55,214.13,-4.75%,+0.13,27,584789,买盘
13:08:58,213.98,-4.81%,-0.15,2,63766,卖盘
13:09:01,214.0,-4.80%,+0.02,6,129256,卖盘
13:09:07,214.46,-4.60%,+0.46,4,85784,买盘
13:09:10,214.49,-4.59%,+0.03,7,164299,买盘
13:09:13,214.5,-4.58%,+0.01,6,128700,买盘
13:09:19,214.5,-4.58%,--,0,0,卖盘
13:09:22,214.6,-4.54%,+0.1,10,214600,买盘
13:09:25,214.55,-4.56%,-0.05,34,737623,卖盘
13:09:28,215.0,-4.36%,+0.45,6,129000,买盘
13:09:34,215.13,-4.30%,+0.13,3,67121,买盘
13:09:40,215.4,-4.18%,+0.27,6,129240,买盘
13:09:43,215.4,-4.18%,--,1,21540,买盘
13:09:46,215.48,-4.15%,+0.08,5,107740,中性盘
13:09:49,215.49,-4.14%,+0.01,2,53011,买盘
13:09:52,215.49,-4.14%,--,5,110977,买盘
13:09:55,215.49,-4.14%,--,25,546914,买盘
13:09:58,215.5,-4.14%,+0.01,4,86200,买盘
13:10:01,215.5,-4.14%,--,4,86200,买盘
13:10:07,215.6,-4.09%,+0.1,34,743173,买盘
13:10:10,215.49,-4.14%,-0.11,32,690430,卖盘
13:10:13,215.49,-4.14%,--,8,179072,买盘
13:10:16,215.48,-4.15%,-0.01,23,513273,中性盘
13:10:19,215.48,-4.15%,--,0,0,买盘
13:10:22,215.47,-4.15%,-0.01,2,43094,买盘
13:10:22,215.47,-4.15%,--,2,43094,中性盘
13:10:25,215.48,-4.15%,+0.01,11,239829,买盘
13:10:28,215.4,-4.18%,-0.08,2,43080,卖盘
13:10:31,215.49,-4.14%,+0.09,17,371720,买盘
13:10:34,215.4,-4.18%,-0.09,10,221431,中性盘
13:10:37,215.4,-4.18%,--,0,0,买盘
13:10:40,215.38,-4.19%,-0.02,2,43076,买盘
13:10:43,215.4,-4.18%,+0.02,3,64620,买盘
13:10:46,215.4,-4.18%,--,7,152503,买盘
13:10:49,215.44,-4.16%,+0.04,13,280072,买盘
13:10:52,215.4,-4.18%,-0.04,2,43080,中性盘
13:10:55,215.39,-4.19%,-0.01,10,215390,卖盘
13:10:58,215.44,-4.16%,+0.05,5,126894,买盘
13:11:01,215.44,-4.16%,--,12,258528,卖盘
13:11:07,215.44,-4.16%,--,2,43088,卖盘
13:11:13,215.48,-4.15%,+0.04,7,156654,买盘
13:11:16,215.44,-4.16%,-0.04,3,64632,卖盘
13:11:19,215.58,-4.10%,+0.14,30,654932,买盘
13:11:22,215.77,-4.02%,+0.19,3,73793,买盘
13:11:28,215.77,-4.02%,--,5,107885,买盘
13:11:34,215.8,-4.00%,+0.03,23,515546,买盘
13:11:37,215.85,-3.98%,+0.05,16,345360,买盘
13:11:40,215.83,-3.99%,-0.02,13,286838,中性盘
13:11:43,215.83,-3.99%,--,2,43166,买盘
13:11:46,215.83,-3.99%,--,19,416768,买盘
13:11:49,215.82,-3.99%,-0.01,13,295026,卖盘
13:11:52,216.0,-3.91%,+0.18,6,129600,买盘
13:11:55,216.42,-3.73%,+0.42,25,541050,买盘
13:11:58,216.42,-3.73%,--,5,116434,买盘
13:12:01,216.42,-3.73%,--,0,0,卖盘
13:12:07,216.49,-3.70%,+0.07,23,510916,买盘
13:12:10,216.4,-3.74%,-0.09,34,735760,中性盘
13:12:16,216.39,-3.74%,-0.01,4,86556,中性盘
13:12:22,216.41,-3.73%,+0.02,27,584307,买盘
13:12:25,215.99,-3.92%,-0.42,79,1711289,卖盘
13:12:28,216.0,-3.91%,+0.01,5,126360,买盘
13:12:31,215.99,-3.92%,-0.01,5,110587,中性盘
13:12:34,215.9,-3.96%,-0.09,36,791058,卖盘
13:12:37,215.9,-3.96%,--,0,0,买盘
13:12:43,215.77,-4.02%,-0.13,43,942915,卖盘
13:12:46,215.77,-4.02%,--,0,0,买盘
13:12:49,215.77,-4.02%,--,17,366809,买盘
13:12:52,215.49,-4.14%,-0.28,6,136836,卖盘
13:12:58,215.48,-4.15%,-0.01,7,171522,卖盘
13:13:01,215.44,-4.16%,-0.04,5,115260,卖盘
13:13:07,215.44,-4.16%,--,7,160072,卖盘
13:13:10,215.44,-4.16%,--,6,129264,买盘
13:13:13,215.49,-4.14%,+0.05,4,86196,买盘
13:13:16,215.23,-4.26%,-0.26,76,1639407,卖盘
13:13:22,215.01,-4.35%,-0.22,8,172008,卖盘
13:13:25,215.0,-4.36%,-0.01,19,412800,卖盘
13:13:28,215.0,-4.36%,--,0,0,中性盘
13:13:31,215.0,-4.36%,--,0,0,卖盘
13:13:34,214.6,-4.54%,-0.4,33,708180,卖盘
13:13:37,214.55,-4.56%,-0.05,8,171640,卖盘
13:13:37,214.55,-4.56%,--,8,171640,中性盘
13:13:37,214.55,-4.56%,--,8,171640,卖盘
13:13:43,214.55,-4.56%,--,2,42910,卖盘
13:13:46,214.52,-4.57%,-0.03,6,148662,卖盘
13:13:49,214.5,-4.58%,-0.02,17,375375,卖盘
13:13:52,214.5,-4.58%,--,5,107679,卖盘
13:13:55,214.58,-4.55%,+0.08,7,159433,买盘
13:13:58,214.57,-4.55%,-0.01,15,321855,中性盘
13:14:01,214.58,-4.55%,+0.01,30,653611,买盘
13:14:04,214.49,-4.59%,-0.09,9,193041,卖盘
13:14:07,214.0,-4.80%,-0.49,85,1838260,卖盘
13:14:10,214.0,-4.80%,--,11,254660,买盘
13:14:13,213.98,-4.81%,-0.02,7,153638,卖盘
13:14:16,214.0,-4.80%,+0.02,6,128400,买盘
13:14:19,213.98,-4.81%,-0.02,8,171184,卖盘
13:14:22,214.0,-4.80%,+0.02,2,51788,买盘
13:14:25,213.99,-4.81%,-0.01,4,105497,中性盘
13:14:28,213.91,-4.84%,-0.08,41,890935,卖盘
13:14:31,213.91,-4.84%,--,2,42782,买盘
13:14:34,213.91,-4.84%,--,7,162572,买盘
13:14:37,213.91,-4.84%,--,11,240007,买盘
13:14:40,213.91,-4.84%,--,45,977355,买盘
13:14:43,214.0,-4.80%,+0.09,93,1998332,买盘
13:14:46,213.98,-4.81%,-0.02,62,1345506,卖盘
13:14:49,214.0,-4.80%,+0.02,2,45582,买盘
13:14:52,214.0,-4.80%,--,10,214214,买盘
13:14:55,214.0,-4.80%,--,14,299600,买盘
13:14:58,214.0,-4.80%,--,8,171200,买盘
13:15:01,213.91,-4.84%,-0.09,61,1313407,卖盘
13:15:04,213.91,-4.84%,--,7,158935,买盘
13:15:07,213.9,-4.85%,-0.01,4,106308,卖盘
13:15:10,213.91,-4.84%,+0.01,2,45563,买盘
13:15:13,213.91,-4.84%,--,6,136261,买盘
13:15:16,213.91,-4.84%,--,4,98613,买盘
13:15:19,213.87,-4.86%,-0.04,40,863607,卖盘
13:15:22,213.87,-4.86%,--,12,266054,买盘
13:15:25,213.87,-4.86%,--,5,106935,买盘
13:15:28,213.86,-4.87%,-0.01,4,85544,买盘
13:15:31,213.7,-4.94%,-0.16,53,1143936,卖盘
13:15:34,213.68,-4.95%,-0.02,5,122866,卖盘
13:15:37,213.7,-4.94%,+0.02,10,213700,买盘
13:15:40,213.66,-4.96%,-0.04,4,96147,卖盘
13:15:43,213.68,-4.95%,+0.02,5,106840,中性盘
13:15:46,213.68,-4.95%,--,4,94874,买盘
13:15:49,213.68,-4.95%,--,12,264322,买盘
13:15:52,213.68,-4.95%,--,12,256416,买盘
13:15:55,213.7,-4.94%,+0.02,58,1245871,买盘
13:15:58,213.6,-4.98%,-0.1,72,1551377,卖盘
13:16:01,213.6,-4.98%,--,3,64080,买盘
13:16:04,213.5,-5.03%,-0.1,50,1076040,卖盘
13:16:07,213.5,-5.03%,--,41,891790,买盘
13:16:10,213.5,-5.03%,--,26,556381,买盘
13:16:13,213.39,-5.08%,-0.11,36,778447,卖盘
13:16:16,213.39,-5.08%,--,18,395412,买盘
13:16:19,213.39,-5.08%,--,4,85356,买盘
13:16:22,213.31,-5.11%,-0.08,55,1194109,卖盘
13:16:25,213.31,-5.11%,--,47,1021328,买盘
13:16:28,213.21,-5.16%,-0.1,113,2420786,卖盘
13:16:31,213.21,-5.16%,--,8,179949,买盘
13:16:34,213.21,-5.16%,--,12,255852,买盘
13:16:37,213.13,-5.19%,-0.08,12,262789,卖盘
13:16:40,213.3,-5.12%,+0.17,49,1057328,买盘
13:16:43,213.39,-5.08%,+0.09,65,1387889,买盘
13:16:46,213.21,-5.16%,-0.18,42,915524,卖盘
13:16:49,213.21,-5.16%,--,0,0,卖盘
13:20:04,214.21,-4.71%,--,8,182293,中性盘
13:20:04,214.21,-4.71%,--,8,182293,卖盘
13:20:07,214.22,-4.71%,+0.01,14,310405,中性盘
13:20:10,214.24,-4.70%,+0.02,13,283654,买盘
13:20:13,214.21,-4.71%,-0.03,10,214210,卖盘
13:20:16,214.24,-4.70%,+0.03,6,128972,买盘
13:20:19,214.16,-4.73%,-0.08,2,42832,卖盘
13:20:22,213.99,-4.81%,-0.17,8,185529,卖盘
13:20:25,214.03,-4.79%,+0.04,2,45374,卖盘
13:20:28,214.03,-4.79%,--,22,489701,卖盘
13:20:31,214.0,-4.80%,-0.03,25,537996,卖盘
13:20:34,213.98,-4.81%,-0.02,6,131598,中性盘
13:20:37,213.98,-4.81%,--,7,162197,买盘
13:20:40,213.96,-4.82%,-0.02,4,85584,中性盘
13:20:43,213.83,-4.88%,-0.13,9,192447,中性盘
13:20:46,213.8,-4.89%,-0.03,25,548397,卖盘
13:20:49,213.8,-4.89%,--,12,261477,卖盘
13:20:52,213.96,-4.82%,+0.16,7,170098,中性盘
13:20:55,213.97,-4.82%,+0.01,4,103134,买盘
13:21:01,214.03,-4.79%,+0.06,77,1666224,买盘
13:21:04,213.97,-4.82%,-0.06,32,688983,卖盘
13:21:07,213.97,-4.82%,--,4,87300,卖盘
13:21:10,213.99,-4.81%,+0.02,33,716439,买盘
13:21:13,213.98,-4.81%,-0.01,7,154280,中性盘
13:21:16,214.08,-4.77%,+0.1,20,435867,买盘
13:21:22,214.16,-4.73%,+0.08,3,64248,买盘
13:21:25,214.05,-4.78%,-0.11,11,242091,卖盘
13:21:28,214.08,-4.77%,+0.03,26,563673,买盘
13:21:31,214.14,-4.74%,+0.06,8,175167,买盘
13:21:34,214.1,-4.76%,-0.04,10,214528,卖盘
13:21:37,214.15,-4.74%,+0.05,4,86088,中性盘
13:21:40,214.1,-4.76%,-0.05,4,86068,卖盘
13:21:43,214.15,-4.74%,+0.05,3,77522,买盘
13:21:46,214.15,-4.74%,--,5,118425,卖盘
13:21:49,214.15,-4.74%,--,2,45400,卖盘
13:21:52,214.5,-4.58%,+0.35,11,242600,买盘
13:21:55,214.6,-4.54%,+0.1,6,128760,买盘
13:21:58,214.6,-4.54%,--,10,233914,买盘
13:22:01,214.5,-4.58%,-0.1,8,189833,卖盘
13:22:04,214.6,-4.54%,+0.1,94,2017240,买盘
13:22:07,214.5,-4.58%,-0.1,31,682539,卖盘
13:22:10,214.6,-4.54%,+0.1,28,608176,买盘
13:22:13,214.5,-4.58%,-0.1,31,669884,卖盘
13:22:16,214.6,-4.54%,+0.1,36,793162,买盘
13:22:19,214.6,-4.54%,--,9,195930,买盘
13:22:22,214.58,-4.55%,-0.02,44,956168,中性盘
13:22:25,214.6,-4.54%,+0.02,9,196788,买盘
13:22:28,214.6,-4.54%,--,32,705390,买盘
13:22:31,214.5,-4.58%,-0.1,31,674174,卖盘
13:22:34,214.19,-4.72%,-0.31,19,406961,卖盘
13:22:37,214.16,-4.73%,-0.03,4,88020,卖盘
13:22:40,214.16,-4.73%,--,7,153767,卖盘
13:22:43,214.45,-4.60%,+0.29,17,372500,买盘
13:22:46,214.16,-4.73%,-0.29,6,131066,卖盘
13:22:49,214.38,-4.64%,+0.22,7,151138,买盘
13:22:52,214.16,-4.73%,-0.22,12,272197,中性盘
13:22:55,214.16,-4.73%,--,6,134921,卖盘
13:22:58,214.16,-4.73%,--,4,102583,卖盘
13:23:01,214.16,-4.73%,--,0,0,卖盘
13:23:04,214.16,-4.73%,--,5,114790,卖盘
13:23:07,214.29,-4.68%,+0.13,8,173789,买盘
13:23:10,214.28,-4.68%,-0.01,2,44785,卖盘
13:23:13,214.28,-4.68%,--,9,193281,卖盘
13:23:16,214.17,-4.73%,-0.11,2,50544,卖盘
13:23:16,214.17,-4.73%,--,2,50544,中性盘
13:23:19,214.29,-4.68%,+0.12,6,128574,买盘
13:23:22,214.29,-4.68%,--,0,0,买盘
13:23:25,214.0,-4.80%,-0.29,284,6081666,卖盘
13:23:28,213.84,-4.88%,-0.16,108,2324868,卖盘
13:23:31,213.84,-4.88%,--,37,807460,买盘
13:23:34,213.8,-4.89%,-0.04,16,351060,卖盘
13:23:37,213.8,-4.89%,--,8,173606,卖盘
13:23:40,213.83,-4.88%,+0.03,14,312619,中性盘
13:23:43,213.8,-4.89%,-0.03,4,94927,卖盘
13:23:46,213.81,-4.89%,+0.01,9,211458,中性盘
13:23:49,213.8,-4.89%,-0.01,25,534500,卖盘
13:23:52,213.8,-4.89%,--,70,1497455,卖盘
13:23:55,213.77,-4.91%,-0.03,16,359989,卖盘
13:23:58,213.97,-4.82%,+0.2,10,218463,买盘
13:24:01,213.85,-4.87%,-0.12,4,85540,中性盘
13:24:04,213.83,-4.88%,-0.02,5,109053,卖盘
13:24:07,213.96,-4.82%,+0.13,3,66756,买盘
13:24:10,214.24,-4.70%,+0.28,4,94480,买盘
13:24:13,214.0,-4.80%,-0.24,18,386484,卖盘
13:24:16,214.0,-4.80%,--,3,69550,卖盘
13:24:19,214.01,-4.80%,+0.01,33,716505,卖盘
13:24:22,214.38,-4.64%,+0.37,2,53809,买盘
13:24:25,214.0,-4.80%,-0.38,54,1175930,卖盘
13:24:28,214.6,-4.54%,+0.6,30,663758,买盘
13:24:31,214.26,-4.69%,-0.34,9,197119,中性盘
13:24:34,214.46,-4.60%,+0.2,4,102726,中性盘
13:24:37,214.3,-4.67%,-0.16,19,421100,中性盘
13:24:40,214.6,-4.54%,+0.3,14,300440,买盘
13:24:43,214.4,-4.63%,-0.2,5,108915,卖盘
13:24:46,214.46,-4.60%,+0.06,9,195802,卖盘
13:24:49,214.6,-4.54%,+0.14,53,1153475,买盘
13:24:52,214.58,-4.55%,-0.02,8,188401,中性盘
13:24:55,214.6,-4.54%,+0.02,11,236489,买盘
13:25:01,214.6,-4.54%,--,11,241210,卖盘
13:25:04,214.97,-4.37%,+0.37,7,166602,卖盘
13:25:07,214.99,-4.36%,+0.02,2,42998,中性盘
13:25:13,215.0,-4.36%,+0.01,10,215000,买盘
13:25:19,215.01,-4.35%,+0.01,73,1576883,买盘
13:25:22,215.1,-4.31%,+0.09,38,824693,买盘
13:25:25,215.1,-4.31%,--,0,0,卖盘
13:25:31,215.63,-4.08%,+0.53,6,130241,买盘
13:25:34,215.6,-4.09%,-0.03,2,43120,中性盘
13:25:37,215.61,-4.09%,+0.01,5,107805,买盘
13:25:40,215.6,-4.09%,-0.01,8,172480,中性盘
13:25:43,215.63,-4.08%,+0.03,7,154822,买盘
13:25:46,215.4,-4.18%,-0.23,40,862892,卖盘
13:25:49,215.4,-4.18%,--,11,251372,买盘
13:25:52,215.15,-4.29%,-0.25,14,307234,卖盘
13:25:55,215.2,-4.27%,+0.05,6,143754,买盘
13:25:58,215.2,-4.27%,--,27,593952,买盘
13:26:01,215.15,-4.29%,-0.05,19,411582,卖盘
13:26:04,215.2,-4.27%,+0.05,7,170654,买盘
13:26:07,215.33,-4.21%,+0.13,13,293495,中性盘
13:26:10,215.2,-4.27%,-0.13,16,349270,卖盘
13:26:13,215.2,-4.27%,--,7,162046,卖盘
13:26:16,215.35,-4.20%,+0.15,2,43070,卖盘
13:26:19,215.2,-4.27%,-0.15,6,134715,卖盘
13:26:22,215.35,-4.20%,+0.15,2,50823,卖盘
13:26:25,215.35,-4.20%,--,3,80972,卖盘
13:26:31,215.35,-4.20%,--,2,43070,中性盘
13:26:31,215.35,-4.20%,--,2,43070,买盘
13:26:34,215.35,-4.20%,--,0,0,买盘
13:26:37,215.35,-4.20%,--,14,308381,买盘
13:26:40,215.35,-4.20%,--,8,184770,卖盘
13:26:43,215.35,-4.20%,--,12,268972,买盘
13:26:46,215.35,-4.20%,--,11,253898,买盘
13:26:49,215.23,-4.26%,-0.12,4,98360,中性盘
13:26:52,215.35,-4.20%,+0.12,15,332070,买盘
13:26:55,215.39,-4.19%,+0.04,71,1536377,买盘
13:26:58,215.39,-4.19%,--,11,251576,卖盘
13:27:01,215.4,-4.18%,+0.01,19,428215,买盘
13:27:04,215.43,-4.17%,+0.03,4,87465,买盘
13:27:07,215.45,-4.16%,+0.02,4,91135,买盘
13:27:10,215.45,-4.16%,--,0,20252,买盘
13:27:13,215.47,-4.15%,+0.02,2,43094,买盘
13:27:16,215.47,-4.15%,--,8,177547,买盘
13:27:19,215.47,-4.15%,--,0,9265,买盘
13:27:22,215.47,-4.15%,--,0,0,卖盘
13:27:28,215.47,-4.15%,--,13,284636,卖盘
13:27:31,215.47,-4.15%,--,17,383968,卖盘
13:27:34,215.48,-4.15%,+0.01,7,170660,买盘
13:27:37,215.48,-4.15%,--,2,45682,卖盘
13:27:40,215.48,-4.15%,--,22,475564,卖盘
13:27:43,215.49,-4.14%,+0.01,0,862,中性盘
13:27:46,215.49,-4.14%,--,6,140715,卖盘
13:27:49,215.49,-4.14%,--,5,107745,卖盘
13:27:52,215.5,-4.14%,+0.01,25,554697,买盘
13:27:58,215.5,-4.14%,+0.01,22,474100,买盘
13:28:01,215.5,-4.14%,--,5,107750,买盘
13:28:04,215.5,-4.14%,--,23,495650,买盘
13:28:07,215.49,-4.14%,-0.01,2,43098,中性盘
13:28:10,215.45,-4.16%,-0.04,17,371436,卖盘
13:28:13,215.43,-4.17%,-0.02,52,1120451,卖盘
13:28:16,215.43,-4.17%,--,0,0,卖盘
13:28:19,215.45,-4.16%,+0.02,22,484547,卖盘
13:28:22,215.45,-4.16%,--,0,0,买盘
13:28:25,215.43,-4.17%,-0.02,5,107715,卖盘
13:28:28,215.44,-4.16%,+0.01,6,150593,买盘
13:28:31,215.43,-4.17%,-0.01,2,43086,买盘
13:28:34,215.43,-4.17%,--,0,0,中性盘
13:28:37,215.41,-4.18%,-0.02,28,603148,买盘
13:28:40,215.25,-4.25%,-0.16,25,549749,卖盘
13:28:43,215.25,-4.25%,--,5,108271,卖盘
13:28:46,215.23,-4.26%,-0.02,12,272696,卖盘
13:28:49,215.23,-4.26%,--,0,0,卖盘
13:28:52,215.23,-4.26%,--,7,150661,中性盘
13:28:55,215.2,-4.27%,-0.03,49,1073202,卖盘
13:28:58,214.97,-4.37%,-0.23,66,1432560,卖盘
13:29:01,214.6,-4.54%,-0.37,6,129618,卖盘
13:29:04,214.6,-4.54%,--,0,0,卖盘
13:29:07,214.8,-4.45%,+0.2,2,42960,中性盘
13:29:10,215.0,-4.36%,+0.2,9,213280,买盘
13:29:16,215.0,-4.36%,--,5,107500,买盘
13:29:19,214.6,-4.54%,-0.4,11,236275,卖盘
13:29:22,214.6,-4.54%,--,21,452377,买盘
13:29:25,214.6,-4.54%,--,5,107729,买盘
13:29:28,214.6,-4.54%,--,0,0,买盘
13:29:31,214.6,-4.54%,--,11,257305,买盘
13:29:34,214.5,-4.58%,-0.1,22,482196,中性盘
13:29:37,214.42,-4.62%,-0.08,5,121576,卖盘
13:29:40,214.99,-4.36%,+0.57,3,64497,买盘
13:29:43,214.42,-4.62%,-0.57,4,92844,卖盘
13:29:43,214.42,-4.62%,--,4,92844,中性盘
13:29:46,214.42,-4.62%,--,12,266310,买盘
13:29:49,214.42,-4.62%,--,8,183972,卖盘
13:29:52,214.42,-4.62%,--,5,116216,买盘
13:29:55,214.6,-4.54%,+0.18,8,171680,卖盘
13:29:58,214.6,-4.54%,--,2,53650,卖盘
13:30:01,214.51,-4.58%,-0.09,20,433310,卖盘
13:30:07,214.77,-4.46%,+0.26,19,413862,买盘
13:30:10,214.61,-4.53%,-0.16,9,210532,卖盘
13:30:13,214.59,-4.54%,-0.02,0,8369,买盘
13:30:16,214.59,-4.54%,--,0,0,卖盘
13:30:19,214.75,-4.47%,+0.16,2,42950,买盘
13:30:22,214.51,-4.58%,-0.24,62,1334896,卖盘
13:30:25,214.51,-4.58%,--,3,71861,买盘
13:30:28,214.62,-4.53%,+0.11,5,107310,买盘
13:30:31,214.5,-4.58%,-0.12,4,91163,卖盘
13:30:34,214.62,-4.53%,+0.12,3,64386,买盘
13:30:37,214.62,-4.53%,--,24,533545,买盘
13:30:40,214.59,-4.54%,-0.03,3,84119,买盘
13:30:43,214.59,-4.54%,--,10,215019,买盘
13:30:46,214.59,-4.54%,--,3,75536,买盘
13:30:52,214.99,-4.36%,+0.4,32,689043,买盘
13:30:55,215.0,-4.36%,+0.01,7,150500,卖盘
13:30:58,215.03,-4.35%,+0.03,7,150521,买盘
13:31:04,215.02,-4.35%,-0.01,9,203624,中性盘
13:31:07,215.03,-4.35%,+0.01,5,119987,买盘
13:31:10,215.02,-4.35%,-0.01,14,302318,卖盘
13:31:13,215.22,-4.26%,+0.2,10,215220,买盘
13:31:16,215.02,-4.35%,-0.2,5,127507,卖盘
13:31:22,215.02,-4.35%,--,2,43004,买盘
13:31:25,215.02,-4.35%,--,8,172016,买盘
13:31:28,215.0,-4.36%,-0.02,11,237145,卖盘
13:31:31,215.0,-4.36%,--,5,120185,卖盘
13:31:43,214.98,-4.37%,-0.02,2,42996,中性盘
13:31:49,214.98,-4.37%,--,0,0,买盘
13:31:52,214.7,-4.49%,-0.28,11,238746,卖盘
13:31:58,214.63,-4.52%,-0.07,7,150241,中性盘
13:32:01,214.7,-4.49%,+0.07,10,214700,买盘
13:32:04,214.7,-4.49%,--,9,213197,买盘
13:32:10,214.73,-4.48%,+0.03,13,293106,买盘
13:32:13,214.69,-4.50%,-0.04,2,42938,卖盘
13:32:16,214.73,-4.48%,+0.04,12,258750,买盘
13:32:19,214.73,-4.48%,--,4,85892,买盘
13:32:22,215.0,-4.36%,+0.27,38,817000,买盘
13:32:25,214.69,-4.50%,-0.31,9,209323,卖盘
13:32:28,214.73,-4.48%,+0.04,2,44234,卖盘
13:32:31,214.89,-4.41%,+0.16,3,64467,买盘
13:32:37,215.0,-4.36%,+0.11,4,89225,买盘
13:32:40,214.7,-4.49%,-0.3,7,168540,卖盘
13:32:43,214.88,-4.41%,+0.18,3,64464,买盘
13:32:46,214.7,-4.49%,-0.18,5,123023,卖盘
13:32:52,214.71,-4.49%,+0.01,6,138917,中性盘
13:32:55,214.71,-4.49%,--,0,0,卖盘
13:32:58,214.95,-4.38%,+0.24,3,64485,买盘
13:32:58,214.95,-4.38%,--,3,64485,中性盘
13:32:58,214.95,-4.38%,--,3,64485,买盘
13:33:01,214.88,-4.41%,-0.07,5,107440,中性盘
13:33:04,214.93,-4.39%,+0.05,2,43416,买盘
13:33:07,214.88,-4.41%,-0.05,2,42976,卖盘
13:33:16,214.9,-4.40%,-0.05,10,219198,卖盘
13:33:19,214.88,-4.41%,-0.02,22,487563,卖盘
13:33:22,214.95,-4.38%,+0.07,5,107475,买盘
13:33:28,214.95,-4.38%,--,7,150465,买盘
13:33:31,214.95,-4.38%,--,5,111344,买盘
13:33:34,214.9,-4.40%,-0.05,4,90043,卖盘
13:33:37,214.75,-4.47%,-0.15,36,775892,卖盘
13:33:40,214.73,-4.48%,-0.02,5,107365,卖盘
13:33:43,214.72,-4.48%,-0.01,3,84170,卖盘
13:33:46,214.72,-4.48%,--,3,79017,卖盘
13:33:49,214.72,-4.48%,--,4,85888,买盘
13:33:52,214.79,-4.45%,+0.07,12,264192,买盘
13:33:55,214.72,-4.48%,-0.07,2,42944,中性盘
13:33:58,214.78,-4.46%,+0.06,3,64434,买盘
13:34:01,214.73,-4.48%,-0.05,5,107365,中性盘
13:34:07,214.78,-4.46%,+0.05,2,42956,买盘
13:34:10,214.71,-4.49%,-0.07,23,511439,卖盘
13:34:13,214.78,-4.46%,+0.07,6,147339,中性盘
13:34:16,214.74,-4.48%,-0.04,6,129488,买盘
13:34:19,214.77,-4.46%,+0.03,3,64431,买盘
13:34:31,214.74,-4.48%,-0.03,4,87184,卖盘
13:34:40,214.74,-4.48%,--,3,84822,卖盘
13:34:43,214.71,-4.49%,-0.03,10,214710,卖盘
13:34:46,214.7,-4.49%,-0.01,7,150290,卖盘
13:34:49,214.7,-4.49%,--,33,719460,卖盘
13:34:52,214.7,-4.49%,--,23,494884,买盘
13:34:55,214.7,-4.49%,--,15,329565,买盘
13:34:58,214.6,-4.54%,-0.1,2,42920,卖盘
13:35:01,214.69,-4.50%,+0.09,3,64407,买盘
13:35:04,214.61,-4.53%,-0.08,5,107305,卖盘
13:35:10,214.61,-4.53%,--,11,245085,卖盘
13:35:13,214.69,-4.50%,+0.08,3,64407,买盘
13:35:16,214.6,-4.54%,-0.09,5,107300,卖盘
13:35:19,214.6,-4.54%,--,2,45924,卖盘
13:35:22,214.6,-4.54%,--,5,107300,卖盘
13:35:25,214.68,-4.50%,+0.08,2,42936,买盘
13:35:28,214.68,-4.50%,--,16,343488,买盘
13:35:31,214.58,-4.55%,-0.1,2,54503,卖盘
13:35:34,214.59,-4.54%,+0.01,3,78540,中性盘
13:35:37,214.57,-4.55%,-0.02,9,210279,卖盘
13:35:43,214.68,-4.50%,+0.11,14,302055,买盘
13:35:46,214.6,-4.54%,-0.08,5,108158,买盘
13:35:49,214.57,-4.55%,-0.03,14,305333,卖盘
13:35:52,214.57,-4.55%,--,7,169296,买盘
13:35:55,214.51,-4.58%,-0.06,4,100176,卖盘
13:35:58,214.51,-4.58%,--,0,0,卖盘
13:36:01,214.59,-4.54%,+0.08,6,128754,买盘
13:36:07,214.65,-4.52%,+0.06,8,181594,买盘
13:36:10,214.67,-4.51%,+0.02,7,152845,中性盘
13:36:10,214.67,-4.51%,-0.08,7,152845,中性盘
13:36:13,214.59,-4.54%,-0.08,2,55793,卖盘
13:36:16,214.59,-4.54%,--,2,47639,卖盘
13:36:19,214.5,-4.58%,-0.09,49,1060703,卖盘
13:36:22,214.41,-4.62%,-0.09,8,173458,卖盘
13:36:25,214.4,-4.63%,-0.01,6,130784,卖盘
13:36:28,214.4,-4.63%,--,7,154797,买盘
13:36:31,214.3,-4.67%,-0.1,19,420671,卖盘
13:36:34,214.3,-4.67%,--,15,339023,买盘
13:36:37,214.22,-4.71%,-0.08,6,142671,中性盘
13:36:40,214.29,-4.68%,+0.07,11,236790,中性盘
13:36:43,214.23,-4.70%,-0.06,2,42846,卖盘
13:36:46,214.13,-4.75%,-0.1,3,64239,买盘
13:36:49,214.1,-4.76%,-0.03,7,169995,卖盘
13:36:52,214.02,-4.80%,-0.08,11,246123,卖盘
13:36:55,214.02,-4.80%,--,6,128412,卖盘
13:36:58,214.0,-4.80%,-0.02,129,2779218,卖盘
13:37:01,214.0,-4.80%,--,27,577800,卖盘
13:37:04,214.0,-4.80%,--,14,319288,卖盘
13:37:07,214.0,-4.80%,--,65,1406622,卖盘
13:37:10,214.01,-4.80%,+0.01,13,294478,中性盘
13:37:13,213.98,-4.81%,-0.03,34,736733,卖盘
13:37:16,214.01,-4.80%,+0.03,64,1388283,买盘
13:37:22,214.02,-4.80%,+0.01,5,126272,中性盘
13:37:25,214.02,-4.80%,--,0,0,卖盘
13:37:28,214.08,-4.77%,+0.06,15,332038,买盘
13:37:31,214.1,-4.76%,+0.02,10,226518,买盘
13:37:34,214.08,-4.77%,-0.02,4,99761,卖盘
13:37:37,214.08,-4.77%,--,0,0,卖盘
13:37:43,214.11,-4.76%,+0.03,9,203405,卖盘
13:37:46,214.11,-4.76%,--,4,103843,卖盘
13:37:49,214.12,-4.75%,+0.01,2,52245,卖盘
13:37:52,214.12,-4.75%,--,0,0,卖盘
13:37:55,214.26,-4.69%,+0.14,4,94274,中性盘
13:37:58,214.28,-4.68%,+0.02,16,351205,买盘
13:38:01,214.28,-4.68%,--,6,147210,卖盘
13:38:04,214.3,-4.67%,+0.02,7,151724,买盘
13:38:10,214.4,-4.63%,+0.1,10,228979,买盘
13:38:13,214.49,-4.59%,+0.09,4,106816,买盘
13:38:16,214.5,-4.58%,+0.01,2,42900,买盘
13:38:19,214.5,-4.58%,--,7,150150,买盘
13:38:25,214.5,-4.58%,--,60,1293650,买盘
13:38:31,214.5,-4.58%,--,19,410124,买盘
13:38:34,214.48,-4.59%,-0.02,12,257590,中性盘
13:38:37,214.5,-4.58%,+0.02,5,107250,买盘
13:38:40,214.5,-4.58%,--,4,85800,买盘
13:38:43,214.5,-4.58%,--,20,429000,买盘
13:38:46,214.5,-4.58%,--,8,171600,买盘
13:38:49,214.29,-4.68%,-0.21,2,50358,中性盘
13:38:52,214.48,-4.59%,+0.19,2,42896,中性盘
13:38:58,214.49,-4.59%,+0.01,5,120114,买盘
13:39:01,214.29,-4.68%,-0.2,2,48430,卖盘
13:39:04,214.48,-4.59%,+0.19,3,64344,中性盘
13:39:07,214.48,-4.59%,--,0,0,买盘
13:39:10,214.46,-4.60%,-0.02,3,64338,买盘
13:39:13,214.5,-4.58%,+0.04,15,330974,买盘
13:39:16,214.5,-4.58%,--,6,130416,买盘
13:39:22,214.5,-4.58%,--,10,214500,买盘
13:39:28,214.5,-4.58%,--,25,536894,买盘
13:39:34,214.5,-4.58%,--,9,194337,买盘
13:39:37,214.5,-4.58%,--,2,42900,买盘
13:39:40,214.5,-4.58%,--,10,216431,买盘
13:39:43,214.35,-4.65%,-0.15,2,52087,卖盘
13:39:46,214.3,-4.67%,-0.05,22,473603,卖盘
13:39:49,214.3,-4.67%,--,7,150010,买盘
13:39:52,214.28,-4.68%,-0.02,8,185138,卖盘
13:39:55,214.29,-4.68%,+0.01,10,220933,中性盘
13:39:58,214.3,-4.67%,+0.01,5,107150,买盘
13:40:01,214.28,-4.68%,-0.02,28,599984,卖盘
13:40:04,214.24,-4.70%,-0.04,23,505606,卖盘
13:40:07,214.24,-4.70%,--,17,379848,卖盘
13:40:10,214.24,-4.70%,--,0,0,买盘
13:40:13,214.21,-4.71%,-0.03,7,149947,买盘
13:40:16,214.21,-4.71%,--,5,119101,买盘
13:40:19,214.12,-4.75%,-0.09,2,42824,卖盘
13:40:22,214.21,-4.71%,+0.09,8,173939,买盘
13:40:25,214.21,-4.71%,--,5,107105,买盘
13:40:28,214.21,-4.71%,--,16,356660,买盘
13:40:31,214.21,-4.71%,--,10,217637,买盘
13:40:34,214.25,-4.69%,+0.04,17,382651,买盘
13:40:37,214.21,-4.71%,-0.04,2,44556,卖盘
13:40:40,214.25,-4.69%,+0.04,10,214464,买盘
13:40:43,214.4,-4.63%,+0.15,6,147936,买盘
13:40:46,214.5,-4.58%,+0.1,20,442943,买盘
13:40:52,214.41,-4.62%,-0.09,54,1175396,卖盘
13:40:55,214.41,-4.62%,--,0,0,中性盘
13:40:58,214.21,-4.71%,-0.2,33,722745,卖盘
13:41:01,214.41,-4.62%,+0.2,15,341126,买盘
13:41:04,214.4,-4.63%,-0.01,4,85760,卖盘
13:41:07,214.4,-4.63%,--,6,129283,卖盘
13:41:10,214.4,-4.63%,--,5,107200,买盘
13:41:13,214.28,-4.68%,-0.12,3,72641,卖盘
13:41:16,214.41,-4.62%,+0.13,10,214410,买盘
13:41:19,214.41,-4.62%,--,6,128646,买盘
13:41:22,214.28,-4.68%,-0.13,6,144639,卖盘
13:41:28,214.28,-4.68%,--,5,125568,卖盘
13:41:31,214.28,-4.68%,--,4,87855,中性盘
13:41:34,214.21,-4.71%,-0.07,18,394146,卖盘
13:41:37,214.28,-4.68%,+0.07,2,42856,卖盘
13:41:40,214.28,-4.68%,--,0,0,卖盘
13:41:43,214.29,-4.68%,+0.01,2,42858,卖盘
13:41:46,214.29,-4.68%,--,4,85716,买盘
13:41:52,214.29,-4.68%,--,6,128574,买盘
13:41:55,214.29,-4.68%,--,2,57430,买盘
13:41:58,214.29,-4.68%,--,2,42858,买盘
13:42:01,214.29,-4.68%,--,17,365150,买盘
13:42:07,214.31,-4.67%,+0.02,7,154946,买盘
13:42:10,214.31,-4.67%,--,4,93011,卖盘
13:42:13,214.3,-4.67%,-0.01,5,111650,卖盘
13:42:16,214.38,-4.64%,+0.08,2,42876,买盘
13:42:19,214.38,-4.64%,--,4,85752,卖盘
13:42:22,214.39,-4.63%,+0.01,8,171512,买盘
13:42:28,214.39,-4.63%,--,3,64317,买盘
13:42:31,214.39,-4.63%,--,17,365964,买盘
13:42:34,214.5,-4.58%,+0.11,13,278850,买盘
13:42:37,214.5,-4.58%,--,0,0,买盘
13:42:37,214.5,-4.58%,--,0,0,中性盘
13:42:40,214.59,-4.54%,+0.09,43,922737,买盘
13:42:43,214.49,-4.59%,-0.1,0,2145,买盘
13:42:46,214.55,-4.56%,+0.06,3,64365,卖盘
13:42:49,214.55,-4.56%,--,0,0,卖盘
13:42:52,214.38,-4.64%,-0.17,72,1553612,卖盘
13:42:55,214.38,-4.64%,--,0,0,卖盘
13:43:01,214.56,-4.56%,+0.18,2,42912,卖盘
13:43:04,214.97,-4.37%,+0.41,2,42994,买盘
13:43:07,214.5,-4.58%,-0.47,21,459245,卖盘
13:43:10,215.0,-4.36%,+0.5,8,174580,买盘
13:43:16,215.1,-4.31%,+0.1,3,64530,买盘
13:43:19,215.1,-4.31%,--,6,139385,买盘
13:43:22,215.19,-4.27%,+0.09,4,96836,买盘
13:43:25,215.19,-4.27%,--,5,107595,买盘
13:43:28,215.2,-4.27%,+0.01,7,150640,买盘
13:43:31,215.2,-4.27%,--,3,64560,买盘
13:43:34,215.23,-4.26%,+0.03,8,191555,买盘
13:43:37,215.23,-4.26%,--,8,192416,买盘
13:43:40,215.23,-4.26%,--,4,86092,买盘
13:43:43,215.2,-4.27%,-0.03,15,325598,卖盘
13:43:46,215.25,-4.25%,+0.05,4,101813,买盘
13:43:49,215.25,-4.25%,--,4,86100,买盘
13:43:52,215.32,-4.22%,+0.07,4,101631,买盘
13:43:55,215.45,-4.16%,+0.13,5,114619,买盘
13:43:58,215.45,-4.16%,--,0,0,卖盘
13:44:01,215.49,-4.14%,+0.04,4,104513,买盘
13:44:04,215.5,-4.14%,+0.01,5,107750,买盘
13:44:10,215.5,-4.14%,--,2,43100,买盘
13:44:13,215.5,-4.14%,--,7,150850,买盘
13:44:16,215.5,-4.14%,--,13,295882,买盘
13:44:19,215.59,-4.10%,+0.09,9,199852,买盘
13:44:22,215.77,-4.02%,+0.18,38,822947,买盘
13:44:25,215.25,-4.25%,-0.52,10,215250,卖盘
13:44:28,215.45,-4.16%,+0.2,14,311325,买盘
13:44:31,215.4,-4.18%,-0.05,2,46742,中性盘
13:44:34,215.2,-4.27%,-0.2,35,760302,卖盘
13:44:37,215.12,-4.31%,-0.08,2,43024,卖盘
13:44:40,215.11,-4.31%,-0.01,3,64533,买盘
13:44:43,215.0,-4.36%,-0.11,25,551905,卖盘
13:44:46,215.0,-4.36%,--,9,193500,买盘
13:44:55,214.97,-4.37%,-0.03,22,472934,卖盘
13:44:58,214.97,-4.37%,--,4,102541,买盘
13:45:01,214.89,-4.41%,-0.08,16,352420,卖盘
13:45:07,214.89,-4.41%,--,2,42978,买盘
13:45:10,214.97,-4.37%,+0.08,3,64491,买盘
13:45:13,214.97,-4.37%,--,10,218195,买盘
13:45:16,214.68,-4.50%,-0.29,13,294112,中性盘
13:45:19,214.97,-4.37%,+0.29,7,158648,买盘
13:45:25,214.89,-4.41%,-0.08,9,194690,卖盘
13:45:28,214.7,-4.49%,-0.19,11,244758,中性盘
13:45:31,214.9,-4.40%,+0.2,7,153224,买盘
13:45:34,214.9,-4.40%,--,3,84671,买盘
13:45:37,214.9,-4.40%,--,2,42980,卖盘
13:45:40,214.9,-4.40%,--,0,0,卖盘
13:45:43,214.92,-4.40%,+0.02,2,42984,卖盘
13:45:46,214.9,-4.40%,-0.02,5,110029,卖盘
13:45:49,214.9,-4.40%,--,25,537250,买盘
13:45:52,214.73,-4.48%,-0.17,8,171784,卖盘
13:45:52,214.73,-4.48%,--,8,171784,中性盘
13:45:52,214.73,-4.48%,--,8,171784,买盘
13:45:55,214.72,-4.48%,-0.01,13,279136,中性盘
13:45:58,214.72,-4.48%,--,10,231468,买盘
13:46:01,214.72,-4.48%,--,1,26196,买盘
13:46:04,214.77,-4.46%,+0.05,4,102660,卖盘
13:46:07,214.76,-4.47%,-0.01,2,42952,中性盘
13:46:10,214.73,-4.48%,-0.03,12,262185,卖盘
13:46:13,214.73,-4.48%,--,0,0,卖盘
13:46:16,214.76,-4.47%,+0.03,8,171808,买盘
13:46:19,214.68,-4.50%,-0.08,54,1159272,卖盘
13:46:22,214.9,-4.40%,+0.22,3,64470,买盘
13:46:25,214.76,-4.47%,-0.14,4,85904,卖盘
13:46:28,214.9,-4.40%,+0.14,7,153654,买盘
13:46:31,214.77,-4.46%,-0.13,8,176111,卖盘
13:46:34,214.77,-4.46%,--,9,195655,卖盘
13:46:40,214.76,-4.47%,-0.01,7,168372,卖盘
13:46:43,214.77,-4.46%,+0.01,3,64431,买盘
13:46:46,214.77,-4.46%,--,2,44028,买盘
13:46:49,214.89,-4.41%,+0.12,3,64467,买盘
13:46:52,214.87,-4.42%,-0.02,3,64461,买盘
13:47:01,214.61,-4.53%,-0.26,29,624515,卖盘
13:47:04,214.77,-4.46%,+0.16,16,361673,中性盘
13:47:07,214.77,-4.46%,--,4,85908,买盘
13:47:13,214.6,-4.54%,-0.17,11,246146,卖盘
13:47:16,214.62,-4.53%,+0.02,6,137571,买盘
13:47:19,214.99,-4.36%,+0.37,101,2191393,买盘
13:47:25,215.1,-4.31%,+0.11,5,107550,买盘
13:47:28,215.1,-4.31%,--,54,1166918,买盘
13:47:31,214.99,-4.36%,-0.11,3,64497,卖盘
13:47:40,215.0,-4.36%,+0.01,3,64500,买盘
13:47:43,215.0,-4.36%,--,2,43000,买盘
13:47:49,215.0,-4.36%,--,4,94600,买盘
13:47:52,215.0,-4.36%,--,57,1228080,买盘
13:47:55,214.99,-4.36%,-0.01,6,139529,卖盘
13:47:58,215.0,-4.36%,+0.01,10,235210,买盘
13:48:01,215.0,-4.36%,--,6,141470,卖盘
13:48:04,215.09,-4.32%,+0.09,9,203905,买盘
13:48:07,215.09,-4.32%,--,2,43018,买盘
13:48:10,214.99,-4.36%,-0.1,57,1234473,中性盘
13:48:13,214.95,-4.38%,-0.04,4,85980,卖盘
13:48:16,215.0,-4.36%,+0.05,2,50310,买盘
13:48:22,214.99,-4.36%,-0.01,2,42998,中性盘
13:48:25,214.99,-4.36%,--,10,224235,买盘
13:48:28,214.82,-4.44%,-0.17,2,63802,卖盘
13:48:31,214.95,-4.38%,+0.13,4,85980,买盘
13:48:34,214.8,-4.45%,-0.15,4,85920,卖盘
13:48:37,214.77,-4.46%,-0.03,28,609947,卖盘
13:48:43,214.77,-4.46%,--,2,42954,买盘
13:48:46,214.79,-4.45%,+0.02,3,64437,买盘
13:48:49,214.5,-4.58%,-0.29,85,1836335,卖盘
13:48:52,214.5,-4.58%,--,28,602531,卖盘
13:48:55,214.5,-4.58%,--,4,85800,卖盘
13:48:58,214.49,-4.59%,-0.01,5,112822,卖盘
13:49:01,214.5,-4.58%,+0.01,2,42900,中性盘
13:49:04,214.48,-4.59%,-0.02,21,450408,卖盘
13:55:31,213.81,-4.89%,-0.16,0,0,中性盘
13:55:34,213.65,-4.96%,-0.16,1,21365,卖盘
13:55:37,213.81,-4.89%,+0.16,2,54735,中性盘
13:55:43,213.81,-4.89%,--,0,0,买盘
13:55:46,213.66,-4.96%,-0.15,7,166868,买盘
13:55:49,213.66,-4.96%,--,8,188234,买盘
13:55:52,213.65,-4.96%,-0.01,29,628131,卖盘
13:55:55,213.62,-4.97%,-0.03,10,230069,卖盘
13:55:58,213.64,-4.96%,+0.02,6,144207,中性盘
13:56:01,213.61,-4.98%,-0.03,11,254196,卖盘
13:56:04,213.63,-4.97%,+0.02,49,1051487,买盘
13:56:07,213.63,-4.97%,--,13,296305,买盘
13:56:10,213.6,-4.98%,-0.03,20,431045,买盘
13:56:13,213.53,-5.01%,-0.07,7,154809,卖盘
13:56:16,213.53,-5.01%,--,36,783015,卖盘
13:56:19,213.4,-5.07%,-0.13,20,441098,卖盘
13:56:22,213.4,-5.07%,--,10,222576,卖盘
13:56:25,213.4,-5.07%,--,0,0,卖盘
13:56:28,213.4,-5.07%,--,23,506825,卖盘
13:56:31,213.49,-5.03%,+0.09,8,170792,中性盘
13:56:34,213.38,-5.08%,-0.11,14,305133,卖盘
13:56:37,213.31,-5.11%,-0.07,22,481867,卖盘
13:56:40,213.3,-5.12%,-0.01,13,294781,卖盘
13:56:43,213.31,-5.11%,+0.01,6,127986,买盘
13:56:46,213.3,-5.12%,-0.01,33,724793,卖盘
13:56:49,213.21,-5.16%,-0.09,21,463305,卖盘
13:56:52,213.3,-5.12%,+0.09,19,410603,买盘
13:56:55,213.29,-5.12%,-0.01,90,1933687,中性盘
13:56:58,213.21,-5.16%,-0.08,10,218114,卖盘
13:57:01,213.21,-5.16%,--,61,1304419,卖盘
13:57:04,213.3,-5.12%,+0.09,21,466914,买盘
13:57:07,213.38,-5.08%,+0.08,10,215514,买盘
13:57:10,213.29,-5.12%,-0.09,71,1514359,卖盘
13:57:13,213.29,-5.12%,--,2,49057,卖盘
13:57:16,213.29,-5.12%,--,0,0,卖盘
13:57:19,213.29,-5.12%,--,19,406531,卖盘
13:57:22,213.29,-5.12%,--,202,4308458,卖盘
13:57:25,213.29,-5.12%,--,37,807516,卖盘
13:57:28,213.21,-5.16%,-0.08,15,337725,卖盘
13:57:31,213.29,-5.12%,+0.08,3,63987,中性盘
13:57:34,213.21,-5.16%,-0.08,38,820432,卖盘
13:57:37,213.21,-5.16%,--,2,53303,买盘
13:57:40,213.21,-5.16%,--,22,486119,买盘
13:57:43,213.2,-5.16%,-0.01,4,85280,买盘
13:57:46,213.18,-5.17%,-0.02,7,152424,卖盘
13:57:49,213.18,-5.17%,--,9,195912,卖盘
13:57:52,213.16,-5.18%,-0.02,4,99333,卖盘
13:57:55,213.15,-5.18%,-0.01,2,42630,卖盘
13:57:58,213.15,-5.18%,--,21,453583,卖盘
13:58:01,213.15,-5.18%,--,6,127890,卖盘
13:58:04,213.15,-5.18%,--,2,50730,卖盘
13:58:07,213.16,-5.18%,+0.01,11,238313,买盘
13:58:10,213.16,-5.18%,--,21,455523,买盘
13:58:13,213.15,-5.18%,-0.01,16,341040,卖盘
13:58:16,213.18,-5.17%,+0.03,0,3198,买盘
13:58:19,213.18,-5.17%,--,12,256456,卖盘
13:58:22,213.19,-5.16%,+0.01,9,211698,买盘
13:58:25,213.12,-5.20%,-0.07,48,1032780,卖盘
13:58:28,213.18,-5.17%,+0.06,7,156474,买盘
13:58:31,213.19,-5.16%,+0.01,18,394615,买盘
13:58:34,213.19,-5.16%,--,16,341104,卖盘
13:58:37,213.18,-5.17%,-0.01,11,238335,卖盘
13:58:40,213.28,-5.12%,+0.1,9,208801,买盘
13:58:43,213.2,-5.16%,-0.08,5,106600,卖盘
13:58:43,213.2,-5.16%,--,5,106600,中性盘
13:58:46,213.35,-5.09%,+0.15,2,42670,卖盘
13:58:49,213.29,-5.12%,-0.06,4,85316,买盘
13:58:55,213.28,-5.12%,-0.01,2,42656,中性盘
13:58:58,213.29,-5.12%,+0.01,7,165940,买盘
13:59:01,213.2,-5.16%,-0.09,15,321292,卖盘
13:59:04,213.29,-5.12%,+0.09,9,191961,买盘
13:59:07,213.28,-5.12%,-0.01,6,133300,卖盘
13:59:10,213.28,-5.12%,--,5,113465,买盘
13:59:13,213.28,-5.12%,--,8,184061,买盘
13:59:19,213.28,-5.12%,--,11,235035,买盘
13:59:22,213.16,-5.18%,-0.12,15,332743,卖盘
13:59:25,213.16,-5.18%,--,2,42632,买盘
13:59:28,213.16,-5.18%,--,14,301408,买盘
13:59:31,213.15,-5.18%,-0.01,21,462749,卖盘
13:59:34,213.13,-5.19%,-0.02,42,895146,卖盘
13:59:37,213.15,-5.18%,+0.02,22,484490,买盘
13:59:40,213.13,-5.19%,-0.02,10,220803,卖盘
13:59:43,213.13,-5.19%,--,31,670294,卖盘
13:59:49,213.12,-5.20%,-0.01,7,149184,卖盘
13:59:52,213.13,-5.19%,+0.01,15,319695,买盘
13:59:55,213.12,-5.20%,-0.01,62,1329869,卖盘
13:59:58,213.12,-5.20%,--,39,836283,卖盘
14:00:01,213.12,-5.20%,--,60,1279146,卖盘
14:00:04,213.14,-5.19%,+0.02,22,488304,买盘
14:00:07,213.16,-5.18%,+0.02,39,851361,买盘
14:00:10,213.35,-5.09%,+0.19,22,480891,买盘
14:00:13,213.65,-4.96%,+0.3,28,615312,买盘
14:00:16,213.66,-4.96%,+0.01,10,217506,买盘
14:00:19,214.5,-4.58%,+0.84,4,95667,买盘
14:00:22,213.71,-4.93%,-0.79,14,300904,中性盘
14:00:25,213.78,-4.90%,+0.07,2,42756,中性盘
14:00:28,213.98,-4.81%,+0.2,12,262339,中性盘
14:00:31,214.08,-4.77%,+0.1,7,152639,买盘
14:00:34,214.0,-4.80%,-0.08,15,321642,中性盘
14:00:37,214.12,-4.75%,+0.12,5,124832,买盘
14:00:40,214.12,-4.75%,--,3,74300,卖盘
14:00:43,214.12,-4.75%,--,6,132112,卖盘
14:00:46,214.16,-4.73%,+0.04,2,52041,卖盘
14:00:49,214.15,-4.74%,-0.01,18,395749,卖盘
14:00:52,214.42,-4.62%,+0.27,26,564997,买盘
14:00:55,214.17,-4.73%,-0.25,2,42834,卖盘
14:00:58,214.0,-4.80%,-0.17,8,191316,卖盘
14:01:01,214.36,-4.64%,+0.36,2,42872,中性盘
14:01:04,213.7,-4.94%,-0.66,34,731068,卖盘
14:01:07,213.91,-4.84%,+0.21,11,251558,中性盘
14:01:10,213.36,-5.09%,-0.55,13,277368,卖盘
14:01:13,213.91,-4.84%,+0.55,8,184818,买盘
14:01:16,213.9,-4.85%,-0.01,2,42780,中性盘
14:01:19,213.91,-4.84%,+0.01,2,45777,买盘
14:01:22,213.91,-4.84%,--,2,51124,买盘
14:01:25,213.89,-4.85%,-0.02,6,128334,卖盘
14:01:28,213.78,-4.90%,-0.11,3,80168,卖盘
14:01:34,213.78,-4.90%,--,0,0,买盘
14:01:37,213.77,-4.91%,-0.01,2,42754,买盘
14:01:40,213.75,-4.92%,-0.02,2,42750,中性盘
14:01:43,213.77,-4.91%,+0.02,15,338825,买盘
14:01:46,213.77,-4.91%,--,0,0,卖盘
14:01:52,213.84,-4.88%,+0.07,20,428749,买盘
14:01:55,213.84,-4.88%,--,7,156745,买盘
14:01:58,213.83,-4.88%,-0.01,10,214044,卖盘
14:01:58,213.83,-4.88%,--,10,214044,中性盘
14:02:01,213.83,-4.88%,--,0,0,卖盘
14:02:04,213.89,-4.85%,+0.06,6,128334,买盘
14:02:07,213.77,-4.91%,-0.12,12,270633,卖盘
14:02:13,213.77,-4.91%,--,2,42754,买盘
14:02:16,213.77,-4.91%,--,4,96410,买盘
14:02:22,213.86,-4.87%,+0.09,2,42772,买盘
14:02:25,213.77,-4.91%,-0.09,3,80164,卖盘
14:02:31,213.8,-4.89%,+0.03,10,222993,中性盘
14:02:34,213.78,-4.90%,-0.02,2,42756,卖盘
14:02:37,213.81,-4.89%,+0.03,6,128286,中性盘
14:02:43,213.82,-4.88%,+0.01,7,160365,买盘
14:02:46,213.82,-4.88%,--,0,0,买盘
14:02:52,213.82,-4.88%,--,2,42764,买盘
14:02:55,213.82,-4.88%,--,4,85528,买盘
14:02:58,213.8,-4.89%,-0.02,6,128280,卖盘
14:03:01,213.8,-4.89%,--,1,29077,买盘
14:03:04,213.8,-4.89%,--,4,85520,卖盘
14:03:07,213.82,-4.88%,+0.02,6,145611,买盘
14:03:10,213.81,-4.89%,-0.01,12,277098,买盘
14:03:13,213.88,-4.86%,+0.07,7,159982,买盘
14:03:19,213.88,-4.86%,--,13,288952,买盘
14:03:22,213.81,-4.89%,-0.07,12,268759,卖盘
14:03:25,213.8,-4.89%,-0.01,54,1165210,卖盘
14:03:28,213.8,-4.89%,--,7,160136,买盘
14:03:31,213.79,-4.90%,-0.01,13,290113,中性盘
14:03:34,213.79,-4.90%,--,7,169108,买盘
14:03:37,213.78,-4.90%,-0.01,4,89788,中性盘
14:03:40,213.78,-4.90%,--,2,42756,买盘
14:03:46,213.78,-4.90%,--,3,64134,买盘
14:03:49,213.7,-4.94%,-0.08,9,196818,卖盘
14:03:52,213.66,-4.96%,-0.04,6,133538,卖盘
14:03:58,213.61,-4.98%,-0.05,15,332804,卖盘
14:04:01,213.7,-4.94%,+0.09,6,128220,买盘
14:04:04,213.7,-4.94%,--,2,42740,买盘
14:04:07,213.62,-4.97%,-0.08,0,1709,卖盘
14:04:10,213.7,-4.94%,+0.08,8,172029,买盘
14:04:13,213.69,-4.94%,-0.01,13,287840,中性盘
14:04:19,213.69,-4.94%,--,4,85476,卖盘
14:04:22,213.69,-4.94%,--,6,129924,卖盘
14:04:25,213.59,-4.99%,-0.1,43,932534,卖盘
14:04:28,213.55,-5.00%,-0.04,4,85420,卖盘
14:04:31,213.45,-5.05%,-0.1,17,377166,卖盘
14:04:34,213.41,-5.07%,-0.04,6,145119,卖盘
14:04:37,213.59,-4.99%,+0.18,8,189454,买盘
14:04:40,213.59,-4.99%,--,2,42718,买盘
14:04:43,213.59,-4.99%,--,14,318890,买盘
14:04:46,213.59,-4.99%,--,0,0,买盘
14:04:49,213.58,-4.99%,-0.01,7,149506,买盘
14:04:52,213.5,-5.03%,-0.08,4,86254,卖盘
14:04:58,213.5,-5.03%,--,2,44408,卖盘
14:05:04,213.57,-5.00%,+0.07,12,274010,买盘
14:05:07,213.58,-4.99%,+0.01,10,213580,买盘
14:05:10,213.58,-4.99%,--,4,98247,买盘
14:05:10,213.58,-4.99%,--,4,98247,中性盘
14:05:13,213.58,-4.99%,--,10,219987,卖盘
14:05:16,213.58,-4.99%,--,4,92267,买盘
14:05:19,213.58,-4.99%,--,35,749879,买盘
14:05:22,213.58,-4.99%,--,5,125158,买盘
14:05:28,213.58,-4.99%,--,4,92694,买盘
14:05:31,213.45,-5.05%,-0.13,2,43544,卖盘
14:05:34,213.5,-5.03%,+0.05,8,172935,卖盘
14:05:37,213.5,-5.03%,--,8,185959,卖盘
14:05:40,213.5,-5.03%,--,2,56791,卖盘
14:05:43,213.5,-5.03%,--,14,305092,卖盘
14:05:46,213.45,-5.05%,-0.05,7,163076,卖盘
14:05:49,213.4,-5.07%,-0.05,7,155142,卖盘
14:05:52,213.36,-5.09%,-0.04,3,84917,卖盘
14:05:55,213.49,-5.03%,+0.13,2,42698,中性盘
14:05:58,213.36,-5.09%,-0.13,8,170688,卖盘
14:06:04,213.36,-5.09%,--,0,0,卖盘
14:06:07,213.36,-5.09%,--,21,460644,卖盘
14:06:10,213.36,-5.09%,--,4,99852,买盘
14:06:13,213.29,-5.12%,-0.07,21,452601,卖盘
14:06:16,213.35,-5.09%,+0.06,7,149345,买盘
14:06:19,213.28,-5.12%,-0.07,2,57586,买盘
14:06:22,213.28,-5.12%,--,0,0,中性盘
14:06:25,213.35,-5.09%,+0.07,2,42670,买盘
14:06:28,213.35,-5.09%,--,2,42670,买盘
14:06:31,213.34,-5.10%,-0.01,5,109230,买盘
14:06:34,213.29,-5.12%,-0.05,4,85529,卖盘
14:06:37,213.27,-5.13%,-0.02,9,199621,卖盘
14:06:40,213.21,-5.16%,-0.06,7,149247,卖盘
14:06:43,213.18,-5.17%,-0.03,45,959736,卖盘
14:06:46,213.29,-5.12%,+0.11,5,106645,买盘
14:06:49,213.2,-5.16%,-0.09,10,225992,买盘
14:06:55,213.18,-5.17%,-0.02,8,170544,卖盘
14:06:58,213.15,-5.18%,-0.03,21,464880,卖盘
14:07:01,213.11,-5.20%,-0.04,17,376352,卖盘
14:07:04,213.15,-5.18%,+0.04,21,454649,买盘
14:07:10,213.13,-5.19%,-0.02,10,221442,买盘
14:07:13,213.13,-5.19%,--,1,40282,买盘
14:07:16,213.13,-5.19%,--,4,87170,卖盘
14:07:19,213.13,-5.19%,--,5,110188,卖盘
14:07:22,213.06,-5.22%,-0.07,177,3789485,卖盘
14:07:25,213.06,-5.22%,--,15,337487,买盘
14:07:28,213.03,-5.24%,-0.03,25,544931,卖盘
14:07:31,213.03,-5.24%,--,54,1164209,卖盘
14:07:34,213.03,-5.24%,--,12,259258,卖盘
14:07:37,213.06,-5.22%,+0.03,43,919993,买盘
14:07:40,213.06,-5.22%,--,41,894000,买盘
14:07:43,213.06,-5.22%,--,11,249493,买盘
14:07:46,213.03,-5.24%,-0.03,27,575181,卖盘
14:07:49,213.03,-5.24%,--,31,661671,卖盘
14:07:52,213.03,-5.24%,--,22,481448,卖盘
14:07:55,213.06,-5.22%,+0.03,7,167465,买盘
14:07:58,213.06,-5.22%,--,28,609778,买盘
14:08:01,213.05,-5.23%,-0.01,22,485754,中性盘
14:08:04,213.03,-5.24%,-0.02,2,42606,卖盘
14:08:07,213.03,-5.24%,--,11,234333,卖盘
14:08:10,213.05,-5.23%,+0.02,11,235420,买盘
14:08:13,213.03,-5.24%,-0.02,32,700230,卖盘
14:08:16,213.05,-5.23%,+0.02,2,42610,买盘
14:08:19,213.05,-5.23%,--,0,0,买盘
14:08:22,213.03,-5.24%,-0.02,34,729628,卖盘
14:08:25,213.03,-5.24%,--,16,359169,买盘
14:08:25,213.03,-5.24%,--,16,359169,中性盘
14:08:28,213.03,-5.24%,--,2,42606,卖盘
14:08:31,213.03,-5.24%,--,13,283330,卖盘
14:08:37,213.03,-5.24%,--,11,243706,卖盘
14:08:40,213.05,-5.23%,+0.02,4,87564,买盘
14:08:43,213.03,-5.24%,-0.02,310,6610321,卖盘
14:08:46,213.04,-5.23%,+0.01,23,508526,买盘
14:08:49,213.11,-5.20%,+0.07,2,56474,中性盘
14:08:52,213.12,-5.20%,+0.01,2,45395,中性盘
14:08:55,213.12,-5.20%,--,4,96756,买盘
14:08:58,213.13,-5.19%,+0.01,2,42626,买盘
14:09:01,213.12,-5.20%,-0.01,32,681984,卖盘
14:09:04,213.15,-5.18%,+0.03,16,353403,买盘
14:09:07,213.15,-5.18%,--,1,30907,买盘
14:09:10,213.18,-5.17%,+0.03,2,55853,买盘
14:09:13,213.21,-5.16%,+0.03,24,525136,买盘
14:09:16,213.21,-5.16%,--,0,0,买盘
14:09:22,213.18,-5.17%,-0.03,4,85272,卖盘
14:09:28,213.27,-5.13%,+0.09,4,88294,买盘
14:09:31,213.22,-5.15%,-0.05,2,42644,卖盘
14:09:34,213.27,-5.13%,+0.05,3,65474,买盘
14:09:37,213.27,-5.13%,--,4,85308,卖盘
14:09:40,213.34,-5.10%,+0.07,2,63575,买盘
14:09:46,213.3,-5.12%,-0.04,6,129047,买盘
14:09:49,213.35,-5.09%,+0.05,42,905031,买盘
14:09:52,213.4,-5.07%,+0.05,22,469480,买盘
14:09:55,213.4,-5.07%,--,0,0,买盘
14:09:58,213.3,-5.12%,-0.1,4,101957,卖盘
14:10:01,213.4,-5.07%,+0.1,80,1708694,买盘
14:10:04,213.3,-5.12%,-0.1,4,85320,买盘
14:10:07,213.3,-5.12%,--,7,149310,买盘
14:10:10,213.3,-5.12%,--,19,424467,买盘
14:10:13,213.3,-5.12%,--,8,188557,买盘
14:10:16,213.3,-5.12%,--,2,42660,买盘
14:10:19,213.3,-5.12%,--,14,298620,买盘
14:10:22,213.05,-5.23%,-0.25,26,575022,卖盘
14:10:25,213.2,-5.16%,+0.15,2,42640,卖盘
14:10:28,213.15,-5.18%,-0.05,2,42630,卖盘
14:10:31,213.05,-5.23%,-0.1,3,66046,卖盘
14:10:34,213.05,-5.23%,--,2,42610,卖盘
14:10:37,213.14,-5.19%,+0.09,8,170938,买盘
14:10:40,213.04,-5.23%,-0.1,6,144441,卖盘
14:10:43,213.03,-5.24%,-0.01,9,197053,卖盘
14:10:46,213.06,-5.22%,+0.03,11,254820,买盘
14:10:49,213.06,-5.22%,--,7,167465,买盘
14:10:52,213.06,-5.22%,--,14,305954,卖盘
14:10:55,213.11,-5.20%,+0.05,5,106555,中性盘
14:10:58,213.06,-5.22%,-0.05,21,465536,卖盘
14:11:01,213.04,-5.23%,-0.02,13,283343,卖盘
14:11:04,213.05,-5.23%,+0.01,4,98855,中性盘
14:11:07,213.06,-5.22%,+0.01,41,882708,买盘
14:11:10,213.13,-5.19%,+0.07,13,288365,买盘
14:11:13,213.05,-5.23%,-0.08,2,42610,卖盘
14:11:16,213.06,-5.22%,+0.01,8,177053,中性盘
14:11:19,213.05,-5.23%,-0.01,29,636593,卖盘
14:11:22,213.06,-5.22%,+0.01,4,85224,中性盘
14:11:28,213.06,-5.22%,--,19,425268,买盘
14:11:31,213.12,-5.20%,+0.06,2,42624,买盘
14:11:34,213.06,-5.22%,-0.06,18,390752,卖盘
14:11:37,213.06,-5.22%,--,24,511344,买盘
14:11:37,213.06,-5.22%,--,24,511344,中性盘
14:11:40,213.06,-5.22%,--,24,521145,买盘
14:11:43,213.12,-5.20%,+0.06,6,127872,买盘
14:11:46,213.05,-5.23%,-0.07,6,127830,卖盘
14:11:49,213.03,-5.24%,-0.02,129,2758525,卖盘
14:11:52,213.03,-5.24%,--,4,101828,买盘
14:11:55,213.07,-5.22%,+0.04,2,42614,中性盘
14:12:01,213.02,-5.24%,-0.05,40,869974,卖盘
14:12:04,213.02,-5.24%,--,6,127812,卖盘
14:12:07,213.03,-5.24%,+0.01,41,891104,买盘
14:12:10,213.02,-5.24%,-0.01,5,106510,卖盘
14:12:13,213.03,-5.24%,+0.01,7,158068,买盘
14:12:16,213.02,-5.24%,-0.01,24,513591,卖盘
14:12:19,213.02,-5.24%,--,14,304193,卖盘
14:12:22,213.01,-5.24%,-0.01,52,1111060,卖盘
14:12:25,213.02,-5.24%,+0.01,20,427957,买盘
14:12:28,213.01,-5.24%,-0.01,52,1107652,卖盘
14:12:31,213.01,-5.24%,--,48,1030968,卖盘
14:12:34,213.0,-5.25%,-0.01,45,977883,卖盘
14:12:37,213.0,-5.25%,--,70,1501437,卖盘
14:12:40,213.0,-5.25%,--,30,639000,卖盘
14:12:43,213.0,-5.25%,--,38,822393,卖盘
14:12:46,213.0,-5.25%,--,348,7421985,卖盘
14:12:49,213.0,-5.25%,--,26,558699,卖盘
14:12:52,213.02,-5.24%,+0.02,2,42604,卖盘
14:12:55,213.01,-5.24%,-0.01,39,846928,卖盘
14:12:58,213.01,-5.24%,--,100,2130100,卖盘
14:13:01,213.13,-5.19%,+0.12,14,298595,买盘
14:13:04,213.07,-5.22%,-0.06,9,204973,卖盘
14:13:10,213.01,-5.24%,-0.06,172,3675488,卖盘
14:13:13,213.0,-5.25%,-0.01,11,249210,卖盘
14:13:16,213.07,-5.22%,+0.07,2,42614,买盘
14:13:19,213.01,-5.24%,-0.06,6,134622,买盘
14:13:22,213.07,-5.22%,+0.06,4,93751,买盘
14:13:25,213.06,-5.22%,-0.01,89,1904117,中性盘
14:13:28,213.06,-5.22%,--,0,0,买盘
14:13:31,213.05,-5.23%,-0.01,4,87990,买盘
14:13:34,213.04,-5.23%,-0.01,8,170645,中性盘
14:13:37,213.0,-5.25%,-0.04,9,192339,卖盘
14:13:40,213.01,-5.24%,+0.01,148,3164690,中性盘
14:13:43,213.01,-5.24%,--,7,151024,卖盘
14:13:46,213.01,-5.24%,--,45,961314,卖盘
14:13:49,213.0,-5.25%,-0.01,7,156342,卖盘
14:13:52,212.98,-5.26%,-0.02,20,443850,卖盘
14:13:55,212.98,-5.26%,--,6,140567,卖盘
14:13:58,212.94,-5.28%,-0.04,5,115413,卖盘
14:14:01,212.94,-5.28%,--,2,43227,卖盘
14:14:04,212.94,-5.28%,--,17,365192,卖盘
14:14:07,212.94,-5.28%,--,5,106470,买盘
14:14:10,212.94,-5.28%,--,9,191646,买盘
14:14:13,212.93,-5.28%,-0.01,1,38753,卖盘
14:14:16,212.93,-5.28%,--,102,2171886,买盘
14:14:19,212.88,-5.30%,-0.05,45,977119,卖盘
14:14:22,212.88,-5.30%,--,5,116871,卖盘
14:14:28,212.86,-5.31%,-0.02,27,583024,卖盘
14:14:31,212.8,-5.34%,-0.06,27,583072,卖盘
14:14:34,212.86,-5.31%,+0.06,4,99618,买盘
14:14:37,212.8,-5.34%,-0.06,12,272597,卖盘
14:14:40,212.73,-5.37%,-0.07,6,139338,卖盘
14:14:43,212.8,-5.34%,+0.07,16,345162,买盘
14:14:46,212.76,-5.36%,-0.04,15,326587,中性盘
14:14:49,212.76,-5.36%,--,21,461264,买盘
14:14:52,212.7,-5.38%,-0.06,34,732326,卖盘
14:14:52,212.7,-5.38%,--,34,732326,中性盘
14:14:52,212.7,-5.38%,--,34,732326,买盘
14:14:55,212.7,-5.38%,--,11,235884,买盘
14:14:58,212.7,-5.38%,--,8,174414,买盘
14:15:01,212.66,-5.40%,-0.04,43,922944,卖盘
14:15:04,212.6,-5.43%,-0.06,40,864644,卖盘
14:15:07,212.63,-5.41%,+0.03,5,110780,中性盘
14:15:10,212.6,-5.43%,-0.03,11,242577,卖盘
14:15:13,212.6,-5.43%,--,10,223868,卖盘
14:15:16,212.6,-5.43%,--,10,221529,卖盘
14:15:19,212.6,-5.43%,--,9,212387,买盘
14:15:22,212.59,-5.43%,-0.01,52,1106318,卖盘
14:15:25,212.58,-5.44%,-0.01,30,642204,卖盘
14:15:28,212.58,-5.44%,--,34,739353,买盘
14:15:31,212.51,-5.47%,-0.07,35,756323,卖盘
14:15:34,212.5,-5.47%,-0.01,28,603925,卖盘
14:15:37,212.5,-5.47%,--,38,816000,卖盘
14:15:40,212.5,-5.47%,--,93,1987300,卖盘
14:15:43,212.4,-5.52%,-0.1,31,664812,卖盘
14:15:46,212.39,-5.52%,-0.01,120,2566096,卖盘
14:15:49,212.34,-5.54%,-0.05,23,491142,中性盘
14:15:52,212.35,-5.54%,+0.01,13,295804,卖盘
14:15:55,212.17,-5.62%,-0.18,5,126241,中性盘
14:15:58,212.13,-5.64%,-0.04,13,296770,卖盘
14:16:01,212.2,-5.60%,+0.07,7,152147,买盘
14:16:04,212.13,-5.64%,-0.07,58,1242445,卖盘
14:16:07,212.29,-5.56%,+0.16,76,1620622,买盘
14:16:10,212.37,-5.53%,+0.08,46,983273,买盘
14:16:13,212.38,-5.52%,+0.01,59,1268333,买盘
14:16:16,212.51,-5.47%,+0.13,96,2053484,买盘
14:16:19,212.47,-5.48%,-0.04,36,774028,卖盘
14:16:22,212.76,-5.36%,+0.29,11,234036,买盘
14:16:25,212.61,-5.42%,-0.15,7,152229,卖盘
14:16:28,212.76,-5.36%,+0.15,14,311481,买盘
14:16:31,212.8,-5.34%,+0.04,9,197053,买盘
14:16:34,212.79,-5.34%,-0.01,33,702207,中性盘
14:16:37,212.79,-5.34%,--,2,42558,买盘
14:16:40,212.62,-5.42%,-0.17,8,182428,中性盘
14:16:43,212.79,-5.34%,+0.17,4,85116,卖盘
14:16:46,212.8,-5.34%,+0.01,2,51285,买盘
14:16:49,212.8,-5.34%,--,35,756291,买盘
14:16:52,212.8,-5.34%,--,1,28090,买盘
14:16:55,212.8,-5.34%,--,9,205990,买盘
14:16:58,212.79,-5.34%,-0.01,38,821369,卖盘
14:17:01,212.79,-5.34%,--,4,87457,买盘
14:17:04,212.79,-5.34%,--,9,198533,买盘
14:17:07,212.8,-5.34%,+0.01,3,63840,买盘
14:17:10,212.82,-5.33%,+0.02,5,119818,买盘
14:17:13,212.8,-5.34%,-0.02,5,113848,卖盘
14:17:16,212.8,-5.34%,--,3,63840,买盘
14:17:19,212.77,-5.35%,-0.03,11,254686,卖盘
14:17:22,212.77,-5.35%,--,5,106385,买盘
14:17:25,212.79,-5.34%,+0.02,13,287267,买盘
14:17:28,212.63,-5.41%,-0.16,5,124814,卖盘
14:17:31,212.63,-5.41%,--,5,112481,卖盘
14:17:34,212.78,-5.35%,+0.15,13,289806,买盘
14:17:37,212.63,-5.41%,-0.15,7,152030,卖盘
14:17:40,212.77,-5.35%,+0.14,10,212770,买盘
14:17:43,212.76,-5.36%,-0.01,8,186378,中性盘
14:17:46,212.63,-5.41%,-0.13,2,42526,卖盘
14:17:52,212.63,-5.41%,--,0,0,卖盘
14:17:55,212.66,-5.40%,+0.03,2,42532,中性盘
14:17:58,212.66,-5.40%,--,0,0,中性盘
14:18:01,212.63,-5.41%,-0.03,14,301722,卖盘
14:18:04,212.64,-5.41%,+0.01,6,128009,中性盘
14:18:04,212.64,-5.41%,--,6,128009,中性盘
14:18:07,212.64,-5.41%,--,22,485670,卖盘
14:18:10,212.71,-5.38%,+0.07,6,137836,买盘
14:18:13,212.75,-5.36%,+0.04,4,85100,买盘
14:18:16,212.76,-5.36%,+0.01,13,277226,买盘
14:18:19,212.77,-5.35%,+0.01,18,382986,买盘
14:18:22,212.77,-5.35%,--,0,0,买盘
14:18:25,212.68,-5.39%,-0.09,23,504264,卖盘
14:18:28,212.65,-5.40%,-0.03,9,197765,卖盘
14:18:31,212.65,-5.40%,--,18,384684,卖盘
14:18:37,212.68,-5.39%,+0.03,26,568068,买盘
14:18:40,212.65,-5.40%,-0.03,19,416581,卖盘
14:18:43,212.65,-5.40%,--,8,174160,卖盘
14:18:46,212.68,-5.39%,+0.03,6,131649,买盘
14:18:49,212.63,-5.41%,-0.05,21,465234,卖盘
14:18:52,212.68,-5.39%,+0.05,5,106340,买盘
14:18:55,212.68,-5.39%,--,6,133988,买盘
14:18:58,212.67,-5.40%,-0.01,9,199697,卖盘
14:19:01,212.65,-5.40%,-0.02,20,425513,卖盘
14:19:04,212.68,-5.39%,+0.03,13,295625,买盘
14:19:07,212.67,-5.40%,-0.01,2,42534,卖盘
14:19:10,212.67,-5.40%,--,10,230960,买盘
14:19:13,212.66,-5.40%,-0.01,14,317714,买盘
14:19:16,212.63,-5.41%,-0.03,5,110993,卖盘
14:19:19,212.63,-5.41%,--,8,179460,卖盘
14:19:22,212.65,-5.40%,+0.02,9,210098,买盘
14:19:25,212.65,-5.40%,--,13,277721,买盘
14:19:28,212.63,-5.41%,-0.02,6,127578,卖盘
14:19:31,212.63,-5.41%,--,9,191367,卖盘
14:19:34,212.68,-5.39%,+0.05,23,489164,买盘
14:19:37,212.67,-5.40%,-0.01,10,221389,中性盘
14:19:40,212.63,-5.41%,-0.04,13,293429,卖盘
14:19:43,212.61,-5.42%,-0.02,13,290000,卖盘
14:19:46,212.6,-5.43%,-0.01,20,435405,卖盘
14:19:49,212.61,-5.42%,+0.01,8,189223,买盘
14:19:52,212.6,-5.43%,-0.01,8,183686,卖盘
14:19:55,212.66,-5.40%,+0.06,14,316438,买盘
14:19:58,212.68,-5.39%,+0.02,28,599970,买盘
14:20:01,212.61,-5.42%,-0.07,4,85044,卖盘
14:20:04,212.61,-5.42%,--,11,233871,卖盘
14:20:10,212.61,-5.42%,--,0,0,卖盘
14:20:13,212.62,-5.42%,+0.01,5,106310,卖盘
14:20:16,212.63,-5.41%,+0.01,4,85052,卖盘
14:20:19,212.67,-5.40%,+0.04,6,143765,买盘
14:20:22,212.65,-5.40%,-0.02,6,127590,卖盘
14:20:25,212.71,-5.38%,+0.06,20,444351,买盘
14:20:28,212.68,-5.39%,-0.03,4,85072,卖盘
14:20:31,212.68,-5.39%,--,10,216721,卖盘
14:20:34,212.69,-5.39%,+0.01,19,412619,卖盘
14:20:37,212.7,-5.38%,+0.01,4,85080,卖盘
14:20:40,212.72,-5.37%,+0.02,65,1397996,买盘
14:20:43,212.66,-5.40%,-0.06,18,401715,卖盘
14:20:46,212.79,-5.34%,+0.13,6,132994,买盘
14:20:49,212.79,-5.34%,--,24,529847,买盘
14:20:52,212.79,-5.34%,--,11,247688,买盘
14:20:55,212.79,-5.34%,--,13,297268,卖盘
14:20:58,212.8,-5.34%,+0.01,29,631165,卖盘
14:21:01,212.88,-5.30%,+0.08,7,149016,买盘
14:21:04,212.84,-5.32%,-0.04,8,191343,卖盘
14:21:07,212.84,-5.32%,--,2,51933,卖盘
14:21:10,212.87,-5.31%,+0.03,7,149009,买盘
14:21:13,212.8,-5.34%,-0.07,4,85120,卖盘
14:21:16,212.82,-5.33%,+0.02,6,129820,买盘
14:21:19,212.88,-5.30%,+0.06,13,286324,买盘
14:21:19,212.88,-5.30%,--,13,286324,中性盘
14:21:19,212.88,-5.30%,--,13,286324,买盘
14:21:22,212.88,-5.30%,--,21,466633,买盘
14:21:25,212.8,-5.34%,-0.08,6,135766,卖盘
14:21:28,212.94,-5.28%,+0.14,7,149058,买盘
14:21:31,212.94,-5.28%,--,0,0,买盘
14:21:34,212.98,-5.26%,+0.04,12,255576,买盘
14:21:37,213.0,-5.25%,+0.02,6,127800,买盘
14:21:40,212.98,-5.26%,-0.02,2,54097,卖盘
14:21:43,212.8,-5.34%,-0.18,36,781827,卖盘
14:21:46,212.85,-5.32%,+0.05,7,166874,买盘
14:21:49,212.8,-5.34%,-0.05,12,261318,卖盘
14:21:55,213.2,-5.16%,+0.4,7,149240,买盘
14:21:58,213.2,-5.16%,--,0,3411,买盘
14:22:01,213.2,-5.16%,--,0,0,卖盘
14:22:04,213.26,-5.13%,+0.06,3,63978,中性盘
14:22:07,213.2,-5.16%,-0.06,1,39229,卖盘
14:22:10,213.2,-5.16%,--,0,0,买盘
14:22:13,213.19,-5.16%,-0.01,4,85276,买盘
14:22:16,213.19,-5.16%,--,2,42638,买盘
14:22:19,213.01,-5.24%,-0.18,10,215140,中性盘
14:22:22,213.17,-5.17%,+0.16,8,189721,买盘
14:22:25,213.17,-5.17%,--,5,125770,卖盘
14:22:28,213.17,-5.17%,--,0,0,买盘
14:22:31,213.18,-5.17%,+0.01,12,266475,买盘
14:22:34,213.17,-5.17%,-0.01,5,127689,中性盘
14:22:37,213.01,-5.24%,-0.16,9,191709,卖盘
14:22:40,213.02,-5.24%,+0.01,4,100545,中性盘
14:22:43,213.01,-5.24%,-0.01,11,234311,卖盘
14:22:46,213.13,-5.19%,+0.12,11,241689,买盘
14:22:49,213.13,-5.19%,--,7,167094,卖盘
14:22:52,213.17,-5.17%,+0.04,6,130673,买盘
14:22:55,213.18,-5.17%,+0.01,6,130893,买盘
14:22:58,213.14,-5.19%,-0.04,23,490435,中性盘
14:23:01,213.02,-5.24%,-0.12,6,139954,卖盘
14:23:04,213.16,-5.18%,+0.14,9,192057,中性盘
14:23:07,213.02,-5.24%,-0.14,12,256476,卖盘
14:23:10,213.02,-5.24%,--,13,279908,卖盘
14:23:16,213.18,-5.17%,+0.16,7,156687,买盘
14:23:19,213.15,-5.18%,-0.03,2,42630,中性盘
14:23:22,213.08,-5.21%,-0.07,2,42616,卖盘
14:23:25,213.08,-5.21%,--,0,0,中性盘
14:23:28,213.14,-5.19%,+0.06,2,42628,买盘
14:23:31,213.03,-5.24%,-0.11,5,117167,卖盘
14:23:34,213.12,-5.20%,+0.09,4,85248,中性盘
14:23:37,213.13,-5.19%,+0.01,6,132354,买盘
14:23:40,213.03,-5.24%,-0.1,2,42606,卖盘
14:23:43,213.05,-5.23%,+0.02,15,336832,中性盘
14:23:46,213.05,-5.23%,--,32,691134,买盘
14:23:49,213.03,-5.24%,-0.02,4,90538,卖盘
14:23:52,213.0,-5.25%,-0.03,11,239412,卖盘
14:23:55,213.0,-5.25%,--,2,42600,买盘
14:23:58,213.0,-5.25%,--,7,152934,买盘
14:24:01,212.85,-5.32%,-0.15,45,958251,卖盘
14:24:04,212.81,-5.33%,-0.04,4,85124,卖盘
14:24:07,212.8,-5.34%,-0.01,5,110018,卖盘
14:24:10,212.85,-5.32%,+0.05,2,42570,买盘
14:24:13,212.8,-5.34%,-0.05,15,321328,卖盘
14:24:16,212.8,-5.34%,--,12,275789,卖盘
14:24:19,212.79,-5.34%,-0.01,8,173849,卖盘
14:24:22,212.78,-5.35%,-0.01,6,145754,卖盘
14:24:25,212.7,-5.38%,-0.08,11,243754,卖盘
14:24:28,212.78,-5.35%,+0.08,6,127668,卖盘
14:24:31,212.68,-5.39%,-0.1,6,146111,卖盘
14:24:31,212.68,-5.39%,--,6,146111,中性盘
14:24:37,212.68,-5.39%,--,0,0,卖盘
14:24:40,212.7,-5.38%,+0.02,4,98906,买盘
14:24:43,212.68,-5.39%,-0.02,10,219698,卖盘
14:24:46,212.68,-5.39%,--,5,123567,买盘
14:24:49,212.68,-5.39%,--,13,280950,买盘
14:24:52,212.62,-5.42%,-0.06,22,477332,卖盘
14:24:55,212.65,-5.40%,+0.03,13,295796,买盘
14:24:58,212.6,-5.43%,-0.05,5,109489,卖盘
14:25:01,212.6,-5.43%,--,28,596343,卖盘
14:25:04,212.59,-5.43%,-0.01,4,102043,卖盘
14:25:07,212.61,-5.42%,+0.02,12,271928,买盘
14:25:10,212.62,-5.42%,+0.01,28,599801,买盘
14:25:13,212.6,-5.43%,-0.02,45,957125,中性盘
14:25:16,212.65,-5.40%,+0.05,14,311532,买盘
14:25:19,212.65,-5.40%,--,0,0,买盘
14:25:22,212.61,-5.42%,-0.04,21,448182,买盘
14:25:28,212.61,-5.42%,--,2,42522,买盘
14:25:31,212.65,-5.40%,+0.04,132,2818463,买盘
14:25:34,212.65,-5.40%,--,83,1773501,买盘
14:25:37,212.7,-5.38%,+0.05,32,697018,买盘
14:25:40,212.67,-5.40%,-0.03,9,192254,卖盘
14:25:43,212.77,-5.35%,+0.1,6,127662,买盘
14:25:46,212.73,-5.37%,-0.04,21,456519,卖盘
14:25:49,212.75,-5.36%,+0.02,9,191475,买盘
14:25:52,212.78,-5.35%,+0.03,10,212780,买盘
14:25:55,212.74,-5.36%,-0.04,13,284221,卖盘
14:25:58,212.78,-5.35%,+0.04,7,150648,买盘
14:26:01,212.78,-5.35%,--,12,266613,买盘
14:26:07,212.78,-5.35%,--,6,127668,买盘
14:26:10,212.78,-5.35%,--,6,138945,买盘
14:26:13,212.73,-5.37%,-0.05,39,840709,卖盘
14:26:16,212.78,-5.35%,+0.05,4,85112,买盘
14:26:19,212.78,-5.35%,--,9,191502,买盘
14:26:25,212.78,-5.35%,--,2,42556,买盘
14:26:28,212.77,-5.35%,-0.01,4,85108,卖盘
14:26:31,212.77,-5.35%,--,20,442562,买盘
14:26:34,212.77,-5.35%,--,8,177237,买盘
14:26:37,212.77,-5.35%,--,5,106385,卖盘
14:26:43,212.78,-5.35%,+0.01,9,204056,买盘
14:26:46,212.77,-5.35%,-0.01,7,154684,卖盘
14:26:49,212.78,-5.35%,+0.01,7,148946,买盘
14:26:52,212.77,-5.35%,-0.01,2,43405,卖盘
14:26:55,212.78,-5.35%,+0.01,22,483223,买盘
14:26:58,212.79,-5.34%,+0.01,4,85754,买盘
14:27:01,212.77,-5.35%,-0.02,32,692141,卖盘
14:27:04,212.77,-5.35%,--,10,230855,买盘
14:27:07,212.71,-5.38%,-0.06,8,190163,卖盘
14:27:10,212.7,-5.38%,-0.01,14,315221,卖盘
14:27:13,212.77,-5.35%,+0.07,15,325325,买盘
14:27:16,212.76,-5.36%,-0.01,2,42552,中性盘
14:27:19,212.76,-5.36%,--,2,52552,买盘
14:27:25,212.77,-5.35%,+0.01,5,106385,买盘
14:27:28,212.73,-5.37%,-0.04,16,348877,卖盘
14:27:31,212.73,-5.37%,--,15,327179,卖盘
14:27:34,212.78,-5.35%,+0.05,10,215759,买盘
14:27:37,212.76,-5.36%,-0.02,2,53828,卖盘
14:27:40,212.76,-5.36%,--,0,0,买盘
14:27:43,212.76,-5.36%,--,13,283184,买盘
14:27:46,212.73,-5.37%,-0.03,4,85092,卖盘
14:30:58,213.33,-5.10%,-0.01,5,106665,中性盘
14:31:01,213.32,-5.11%,-0.01,13,281156,卖盘
14:31:04,213.32,-5.11%,--,4,89381,卖盘
14:31:07,213.32,-5.11%,--,11,246385,买盘
14:31:10,213.32,-5.11%,--,20,442212,买盘
14:31:13,213.31,-5.11%,-0.01,20,428966,卖盘
14:31:16,213.2,-5.16%,-0.11,2,63320,卖盘
14:31:19,213.18,-5.17%,-0.02,29,632931,卖盘
14:31:22,213.29,-5.12%,+0.11,12,259574,买盘
14:31:25,213.26,-5.13%,-0.03,9,207715,中性盘
14:31:28,213.26,-5.13%,--,3,78480,中性盘
14:31:31,213.35,-5.09%,+0.09,54,1161691,买盘
14:31:34,213.2,-5.16%,-0.15,14,306582,中性盘
14:31:37,213.04,-5.23%,-0.16,15,330851,卖盘
14:31:40,213.15,-5.18%,+0.11,2,46254,卖盘
14:31:43,213.03,-5.24%,-0.12,14,306976,卖盘
14:31:46,213.03,-5.24%,--,9,192792,卖盘
14:31:49,213.14,-5.19%,+0.11,25,537113,买盘
14:31:52,213.03,-5.24%,-0.11,23,500621,卖盘
14:31:55,213.03,-5.24%,--,18,392614,卖盘
14:31:58,213.03,-5.24%,--,50,1084749,卖盘
14:32:01,213.08,-5.21%,+0.05,30,639666,卖盘
14:32:04,213.04,-5.23%,-0.04,42,904142,卖盘
14:32:07,213.15,-5.18%,+0.11,20,434400,买盘
14:32:10,213.15,-5.18%,--,37,798460,买盘
14:32:13,213.14,-5.19%,-0.01,2,42628,中性盘
14:32:16,213.04,-5.23%,-0.1,12,268643,卖盘
14:32:19,213.03,-5.24%,-0.01,2,42606,卖盘
14:32:22,213.03,-5.24%,--,9,195988,卖盘
14:32:25,213.03,-5.24%,--,56,1202341,卖盘
14:32:28,213.1,-5.20%,+0.07,12,268080,中性盘
14:32:31,213.02,-5.24%,-0.08,30,646090,卖盘
14:32:34,213.02,-5.24%,--,0,0,卖盘
14:32:37,213.03,-5.24%,+0.01,9,192366,买盘
14:32:40,213.03,-5.24%,--,9,191727,买盘
14:32:43,213.0,-5.25%,-0.03,7,157620,卖盘
14:32:49,213.0,-5.25%,--,49,1054137,卖盘
14:32:52,212.99,-5.25%,-0.01,2,52396,中性盘
14:32:58,212.95,-5.27%,-0.04,15,329647,卖盘
14:33:01,212.95,-5.27%,--,0,0,卖盘
14:33:04,212.88,-5.30%,-0.07,12,260352,卖盘
14:33:07,212.76,-5.36%,-0.12,18,402967,卖盘
14:33:10,212.76,-5.36%,--,32,680832,卖盘
14:33:13,212.96,-5.27%,+0.2,2,47277,买盘
14:33:16,212.95,-5.27%,-0.01,6,146297,卖盘
14:33:19,212.75,-5.36%,-0.2,7,158924,卖盘
14:33:22,212.95,-5.27%,+0.2,2,42590,买盘
14:33:25,212.76,-5.36%,-0.19,6,148719,中性盘
14:33:28,212.95,-5.27%,+0.19,16,355414,中性盘
14:33:31,212.7,-5.38%,-0.25,33,722755,卖盘
14:33:34,212.76,-5.36%,+0.06,17,362543,买盘
14:33:37,212.66,-5.40%,-0.1,32,683915,卖盘
14:33:40,212.65,-5.40%,-0.01,22,469957,卖盘
14:33:43,212.65,-5.40%,--,0,0,卖盘
14:33:46,212.66,-5.40%,+0.01,5,110583,卖盘
14:33:49,212.64,-5.41%,-0.02,35,756998,卖盘
14:33:52,212.61,-5.42%,-0.03,10,218563,卖盘
14:33:55,212.58,-5.44%,-0.03,22,480643,卖盘
14:33:58,212.52,-5.46%,-0.06,17,372123,卖盘
14:34:01,212.54,-5.45%,+0.02,2,42508,中性盘
14:34:04,212.5,-5.47%,-0.04,8,180413,卖盘
14:34:07,212.5,-5.47%,--,29,618375,卖盘
14:34:10,212.5,-5.47%,--,30,644300,卖盘
14:34:13,212.5,-5.47%,--,32,680425,卖盘
14:37:25,212.55,-5.45%,--,9,195546,中性盘
14:37:28,212.56,-5.44%,+0.01,2,42512,买盘
14:37:31,212.51,-5.47%,-0.05,18,398244,卖盘
14:37:34,212.51,-5.47%,--,25,539138,买盘
14:37:37,212.51,-5.47%,--,11,236524,中性盘
14:37:40,212.5,-5.47%,-0.01,42,901000,卖盘
14:37:43,212.48,-5.48%,-0.02,6,127488,卖盘
14:37:46,212.51,-5.47%,+0.03,17,363605,买盘
14:37:49,212.48,-5.48%,-0.03,15,335293,卖盘
14:37:52,212.48,-5.48%,--,17,361216,买盘
14:37:55,212.46,-5.49%,-0.02,6,127476,卖盘
14:37:58,212.47,-5.48%,+0.01,17,377559,中性盘
14:38:01,212.44,-5.50%,-0.03,12,270011,卖盘
14:38:04,212.4,-5.52%,-0.04,20,433296,卖盘
14:38:07,212.38,-5.52%,-0.02,4,84952,卖盘
14:38:10,212.37,-5.53%,-0.01,5,124661,卖盘
14:38:13,212.37,-5.53%,--,0,0,卖盘
14:38:16,212.37,-5.53%,--,12,265675,卖盘
14:38:19,212.37,-5.53%,--,21,453198,卖盘
14:38:22,212.3,-5.56%,-0.07,46,978278,卖盘
14:38:25,212.21,-5.60%,-0.09,48,1027733,卖盘
14:38:28,212.21,-5.60%,--,2,42442,卖盘
14:38:31,212.3,-5.56%,+0.09,62,1321355,买盘
14:38:34,212.21,-5.60%,-0.09,57,1217449,卖盘
14:38:37,212.21,-5.60%,--,18,396196,买盘
14:38:40,212.15,-5.63%,-0.06,41,879574,卖盘
14:38:43,212.2,-5.60%,+0.05,31,657820,买盘
14:38:46,212.2,-5.60%,--,11,248486,买盘
14:38:49,212.14,-5.63%,-0.06,45,965661,卖盘
14:38:52,212.23,-5.59%,+0.09,96,2046109,买盘
14:38:55,212.23,-5.59%,--,11,248946,卖盘
14:38:58,212.15,-5.63%,-0.08,32,693943,卖盘
14:39:01,212.21,-5.60%,+0.06,4,87006,中性盘
14:39:04,212.15,-5.63%,-0.06,2,42430,卖盘
14:39:07,212.15,-5.63%,--,60,1276507,卖盘
14:39:10,212.15,-5.63%,--,12,262217,卖盘
14:39:13,212.15,-5.63%,--,15,318225,卖盘
14:39:16,212.15,-5.63%,--,46,983740,卖盘
14:39:19,212.15,-5.63%,--,96,2041944,买盘
14:39:22,212.1,-5.65%,-0.05,334,7098351,卖盘
14:39:25,212.07,-5.66%,-0.03,34,728460,卖盘
14:39:28,212.11,-5.65%,+0.04,32,693600,买盘
14:39:31,212.04,-5.68%,-0.07,57,1228136,卖盘
14:39:34,212.15,-5.63%,+0.11,31,658938,买盘
14:39:37,212.04,-5.68%,-0.11,16,343293,卖盘
14:39:40,212.07,-5.66%,+0.03,72,1532206,买盘
14:39:43,212.14,-5.63%,+0.07,26,565777,买盘
14:39:46,212.07,-5.66%,-0.07,12,266360,中性盘
14:39:49,212.07,-5.66%,--,12,255332,买盘
14:39:52,212.02,-5.69%,-0.05,19,405382,卖盘
14:39:55,212.0,-5.69%,-0.02,562,11916520,卖盘
14:39:58,212.0,-5.69%,--,15,318000,卖盘
14:40:01,212.0,-5.69%,--,34,720800,卖盘
14:40:04,212.0,-5.69%,--,127,2704484,卖盘
14:40:07,212.0,-5.69%,--,52,1110456,买盘
14:40:10,212.0,-5.69%,--,13,284716,卖盘
14:40:13,211.86,-5.76%,-0.14,99,2106312,卖盘
14:40:16,211.98,-5.70%,+0.12,7,150506,买盘
14:40:19,211.8,-5.78%,-0.18,28,593040,卖盘
14:40:22,211.86,-5.76%,+0.06,38,809093,中性盘
14:40:25,211.79,-5.79%,-0.07,83,1775224,卖盘
14:40:28,211.7,-5.83%,-0.09,37,795780,卖盘
14:40:31,211.69,-5.83%,-0.01,6,127014,中性盘
14:40:34,211.68,-5.84%,-0.01,12,254016,中性盘
14:40:37,211.51,-5.91%,-0.17,27,591805,卖盘
14:40:40,211.5,-5.92%,-0.01,35,756113,卖盘
14:40:40,211.5,-5.92%,--,35,756113,中性盘
14:40:40,211.5,-5.92%,--,35,756113,卖盘
14:40:43,211.5,-5.92%,--,7,164759,卖盘
14:40:46,211.47,-5.93%,-0.03,43,921375,卖盘
14:40:49,211.41,-5.96%,-0.06,48,1016248,卖盘
14:40:52,211.37,-5.97%,-0.04,11,236100,卖盘
14:40:55,211.33,-5.99%,-0.04,29,624269,卖盘
14:40:58,211.3,-6.01%,-0.03,20,441617,卖盘
14:41:01,211.3,-6.01%,--,41,883657,卖盘
14:41:04,211.25,-6.03%,-0.05,107,2275163,卖盘
14:41:07,211.3,-6.01%,+0.05,92,1946496,买盘
14:41:10,211.33,-5.99%,+0.03,96,2046731,中性盘
14:41:13,211.36,-5.98%,+0.03,103,2179122,中性盘
14:41:16,211.31,-6.00%,-0.05,112,2372800,卖盘
14:41:19,211.31,-6.00%,--,17,376132,卖盘
14:41:22,211.7,-5.83%,+0.39,46,978689,买盘
14:41:25,211.7,-5.83%,--,14,316280,卖盘
14:41:28,211.7,-5.83%,--,21,465105,卖盘
14:41:31,211.7,-5.83%,--,4,87432,买盘
14:41:34,211.7,-5.83%,--,13,275210,买盘
14:41:37,211.4,-5.96%,-0.3,26,568666,卖盘
14:41:40,211.5,-5.92%,+0.1,10,221018,买盘
14:41:43,211.49,-5.92%,-0.01,4,87557,中性盘
14:41:46,211.4,-5.96%,-0.09,45,968423,卖盘
14:41:49,211.55,-5.89%,+0.15,43,917492,买盘
14:41:52,211.53,-5.90%,-0.02,7,162244,卖盘
14:41:55,211.7,-5.83%,+0.17,26,550420,买盘
14:41:58,211.68,-5.84%,-0.02,12,257403,中性盘
14:42:01,211.7,-5.83%,+0.02,62,1314022,买盘
14:42:04,211.68,-5.84%,-0.02,16,338688,卖盘
14:42:07,211.8,-5.78%,+0.12,26,562964,买盘
14:42:10,211.7,-5.83%,-0.1,49,1042411,卖盘
14:42:13,211.8,-5.78%,+0.1,16,338880,买盘
14:42:16,211.8,-5.78%,--,25,546656,买盘
14:42:19,211.73,-5.81%,-0.07,29,634767,卖盘
14:42:22,211.8,-5.78%,+0.07,2,59728,中性盘
14:42:25,211.8,-5.78%,--,20,423600,买盘
14:42:28,211.8,-5.78%,--,10,211800,买盘
14:42:31,211.75,-5.81%,-0.05,12,254100,卖盘
14:42:34,211.73,-5.81%,-0.02,13,276943,卖盘
14:42:37,211.68,-5.84%,-0.05,27,571536,卖盘
14:42:40,211.78,-5.79%,+0.1,49,1051276,买盘
14:42:43,211.5,-5.92%,-0.28,4,103847,卖盘
14:42:46,211.68,-5.84%,+0.18,2,42336,卖盘
14:42:49,211.5,-5.92%,-0.18,22,477567,卖盘
14:42:55,211.5,-5.92%,--,17,369279,卖盘
14:42:58,211.5,-5.92%,--,10,231804,卖盘
14:43:01,211.5,-5.92%,--,33,715082,卖盘
14:43:04,211.65,-5.85%,+0.15,4,84660,买盘
14:43:07,211.66,-5.85%,+0.01,24,518567,买盘
14:43:10,211.41,-5.96%,-0.25,14,303585,卖盘
14:43:13,211.64,-5.85%,+0.23,14,312592,买盘
14:43:16,211.65,-5.85%,+0.01,13,277473,买盘
14:43:19,211.6,-5.87%,-0.05,2,42320,中性盘
14:43:22,211.39,-5.97%,-0.21,81,1727268,卖盘
14:43:25,211.39,-5.97%,--,22,467383,买盘
14:43:28,211.39,-5.97%,--,0,0,买盘
14:43:31,211.39,-5.97%,--,22,476896,买盘
14:43:34,211.31,-6.00%,-0.08,31,673234,卖盘
14:43:37,211.39,-5.97%,+0.08,16,347948,买盘
14:43:40,211.31,-6.00%,-0.08,46,992946,卖盘
14:43:43,211.31,-6.00%,--,69,1469450,买盘
14:43:46,211.41,-5.96%,+0.1,147,3119566,买盘
14:43:49,211.31,-6.00%,-0.1,31,665415,卖盘
14:43:52,211.39,-5.97%,+0.08,37,784680,中性盘
14:43:52,211.39,-5.97%,-0.08,37,784680,中性盘
14:43:55,211.31,-6.00%,-0.08,52,1112125,卖盘
14:43:58,211.3,-6.01%,-0.01,70,1495370,卖盘
14:44:01,211.29,-6.01%,-0.01,64,1359862,卖盘
14:44:04,211.31,-6.00%,+0.02,113,2400904,买盘
14:44:07,211.58,-5.88%,+0.27,35,753648,买盘
14:44:10,211.31,-6.00%,-0.27,52,1101559,卖盘
14:44:13,211.29,-6.01%,-0.02,54,1150685,卖盘
14:44:16,211.31,-6.00%,+0.02,32,691618,卖盘
14:44:19,211.29,-6.01%,-0.02,10,228616,卖盘
14:44:22,211.6,-5.87%,+0.31,40,861212,买盘
14:44:25,211.29,-6.01%,-0.31,44,942142,卖盘
14:44:28,211.3,-6.01%,+0.01,37,795122,买盘
14:44:31,211.28,-6.01%,-0.02,18,390868,卖盘
14:44:34,211.55,-5.89%,+0.27,5,118680,中性盘
14:44:37,211.5,-5.92%,-0.05,16,354686,中性盘
14:44:40,211.31,-6.00%,-0.19,5,105655,卖盘
14:44:43,211.49,-5.92%,+0.18,4,86499,买盘
14:44:46,211.28,-6.01%,-0.21,47,993016,卖盘
14:44:49,211.49,-5.92%,+0.21,36,777014,买盘
14:44:52,211.31,-6.00%,-0.18,20,423465,卖盘
14:44:55,211.3,-6.01%,-0.01,62,1326753,卖盘
14:44:58,211.31,-6.00%,+0.01,2,42262,买盘
14:45:01,211.48,-5.93%,+0.17,80,1691840,中性盘
14:45:04,211.29,-6.01%,-0.19,20,439483,卖盘
14:45:07,211.22,-6.04%,-0.07,65,1381379,卖盘
14:45:10,211.18,-6.06%,-0.04,64,1353664,卖盘
14:45:13,211.13,-6.08%,-0.05,34,719320,卖盘
14:45:16,211.31,-6.00%,+0.18,47,994002,中性盘
14:45:19,211.49,-5.92%,+0.18,12,255480,买盘
14:45:22,211.5,-5.92%,+0.01,64,1357407,买盘
14:45:25,211.19,-6.05%,-0.31,25,535367,卖盘
14:45:28,211.31,-6.00%,+0.12,78,1648429,中性盘
14:45:31,211.45,-5.94%,+0.14,13,283766,中性盘
14:45:34,211.45,-5.94%,--,0,0,中性盘
14:45:37,211.43,-5.95%,-0.02,10,215024,中性盘
14:45:40,211.32,-6.00%,-0.11,27,570564,卖盘
14:45:43,211.31,-6.00%,-0.01,13,294144,卖盘
14:45:46,211.3,-6.01%,-0.01,2,42260,中性盘
14:45:49,211.24,-6.03%,-0.06,7,149347,卖盘
14:45:52,211.3,-6.01%,+0.06,15,324979,买盘
14:45:55,211.2,-6.05%,-0.1,43,912384,卖盘
14:45:58,211.2,-6.05%,--,35,751450,买盘
14:46:01,211.3,-6.01%,+0.1,81,1726744,买盘
14:46:04,211.33,-5.99%,+0.03,134,2839853,买盘
14:46:07,211.31,-6.00%,-0.02,39,829180,卖盘
14:46:10,211.31,-6.00%,--,20,423043,卖盘
14:46:13,211.33,-5.99%,+0.02,2,42266,买盘
14:46:16,211.3,-6.01%,-0.03,12,268985,卖盘
14:46:19,211.31,-6.00%,+0.01,21,445441,中性盘
14:46:22,211.31,-6.00%,--,11,232441,买盘
14:46:25,211.31,-6.00%,--,27,588076,卖盘
14:46:28,211.31,-6.00%,--,30,653371,卖盘
14:46:31,211.3,-6.01%,-0.01,23,502049,卖盘
14:46:34,211.3,-6.01%,--,2,51135,买盘
14:46:37,211.3,-6.01%,--,8,178337,买盘
14:46:40,211.29,-6.01%,-0.01,9,190161,中性盘
14:46:43,211.29,-6.01%,--,4,103532,买盘
14:46:46,211.29,-6.01%,--,9,195655,买盘
14:46:49,211.22,-6.04%,-0.07,5,125465,卖盘
14:46:52,211.24,-6.03%,+0.02,9,200256,买盘
14:46:55,211.22,-6.04%,-0.02,2,57663,卖盘
14:46:58,211.2,-6.05%,-0.02,17,372134,卖盘
14:47:01,211.23,-6.04%,+0.03,9,209540,买盘
14:47:04,211.23,-6.04%,--,2,43302,中性盘
14:47:07,211.22,-6.04%,-0.01,38,823124,卖盘
14:47:07,211.22,-6.04%,--,38,823124,中性盘
14:47:07,211.22,-6.04%,--,38,823124,卖盘
14:47:10,211.23,-6.04%,+0.01,95,2009431,卖盘
14:47:13,211.33,-5.99%,+0.1,119,2521801,买盘
14:47:16,211.6,-5.87%,+0.27,178,3784043,买盘
14:47:19,211.66,-5.85%,+0.06,178,3774956,买盘
14:47:22,211.66,-5.85%,--,31,672867,买盘
14:47:25,211.66,-5.85%,--,22,483008,卖盘
14:47:28,211.79,-5.79%,+0.13,12,258596,中性盘
14:47:31,211.66,-5.85%,-0.13,5,105830,中性盘
14:47:34,211.67,-5.84%,+0.01,24,519015,买盘
14:47:37,211.67,-5.84%,--,0,0,中性盘
14:47:40,211.5,-5.92%,-0.17,5,120344,中性盘
14:47:43,211.5,-5.92%,--,0,0,卖盘
14:47:46,211.68,-5.84%,+0.18,12,272856,中性盘
14:47:49,211.5,-5.92%,-0.18,2,42300,卖盘
14:47:52,211.5,-5.92%,--,1,27072,卖盘
14:47:55,211.5,-5.92%,--,17,371183,卖盘
14:47:58,211.63,-5.86%,+0.13,5,114915,中性盘
14:48:01,211.5,-5.92%,-0.13,18,381758,卖盘
14:48:04,211.51,-5.91%,+0.01,2,54147,卖盘
14:48:07,211.51,-5.91%,--,57,1220201,卖盘
14:48:10,211.39,-5.97%,-0.12,74,1576547,卖盘
14:48:13,211.38,-5.97%,-0.01,28,591864,卖盘
14:48:16,211.35,-5.98%,-0.03,16,354434,卖盘
14:48:19,211.35,-5.98%,--,2,51781,卖盘
14:48:22,211.35,-5.98%,--,15,322520,买盘
14:48:25,211.35,-5.98%,--,18,387827,买盘
14:48:28,211.29,-6.01%,-0.06,12,265592,卖盘
14:48:31,211.23,-6.04%,-0.06,34,727054,卖盘
14:48:34,211.29,-6.01%,+0.06,36,773321,买盘
14:48:37,211.22,-6.04%,-0.07,20,438704,卖盘
14:48:40,211.22,-6.04%,--,30,650135,卖盘
14:48:43,211.21,-6.05%,-0.01,121,2570214,卖盘
14:48:46,211.29,-6.01%,+0.08,85,1796810,买盘
14:48:49,211.29,-6.01%,--,56,1202663,买盘
14:48:52,211.27,-6.02%,-0.02,50,1056984,卖盘
14:48:55,211.29,-6.01%,+0.02,37,799733,中性盘
14:48:58,211.29,-6.01%,--,28,594359,买盘
14:49:01,211.27,-6.02%,-0.02,4,84508,中性盘
14:49:04,211.25,-6.03%,-0.02,22,466863,中性盘
14:49:07,211.23,-6.04%,-0.02,24,518992,卖盘
14:49:10,211.24,-6.03%,+0.01,65,1385946,买盘
14:49:13,211.23,-6.04%,-0.01,22,469353,卖盘
14:49:16,211.23,-6.04%,--,11,238267,买盘
14:49:19,211.21,-6.05%,-0.02,18,397286,卖盘
14:49:22,211.2,-6.05%,-0.01,10,224506,卖盘
14:49:25,211.2,-6.05%,--,76,1613990,卖盘
14:49:28,211.16,-6.07%,-0.04,45,963101,卖盘
14:49:31,211.18,-6.06%,+0.02,12,264820,买盘
14:49:34,211.16,-6.07%,-0.02,8,175263,卖盘
14:49:37,211.16,-6.07%,--,11,240934,买盘
14:49:40,211.12,-6.09%,-0.04,23,502254,卖盘
14:49:43,211.15,-6.07%,+0.03,18,392950,买盘
14:49:46,211.13,-6.08%,-0.02,29,620933,中性盘
14:49:49,211.11,-6.09%,-0.02,18,398365,卖盘
14:49:52,211.12,-6.09%,+0.01,21,451375,买盘
14:49:55,211.11,-6.09%,-0.01,14,298087,买盘
14:49:58,211.1,-6.09%,-0.01,32,678264,卖盘
14:50:01,211.06,-6.11%,-0.04,55,1165473,卖盘
14:50:04,211.05,-6.12%,-0.01,36,763157,卖盘
14:50:07,211.03,-6.13%,-0.02,37,780811,卖盘
14:50:10,211.06,-6.11%,+0.03,244,5160417,中性盘
14:50:13,211.02,-6.13%,-0.04,55,1163564,中性盘
14:50:16,211.02,-6.13%,--,13,280868,买盘
14:50:19,211.1,-6.09%,+0.08,210,4450410,买盘
14:50:19,211.1,-6.09%,--,210,4450410,中性盘
14:50:22,211.24,-6.03%,+0.14,242,5120880,买盘
14:50:25,211.35,-5.98%,+0.11,135,2872458,买盘
14:50:28,211.52,-5.91%,+0.17,135,2868000,买盘
14:50:31,211.1,-6.09%,-0.42,96,2039859,卖盘
14:50:34,211.52,-5.91%,+0.42,2,42304,卖盘
14:50:37,211.74,-5.81%,+0.22,5,112434,买盘
14:50:40,211.1,-6.09%,-0.64,61,1296154,卖盘
14:50:43,211.24,-6.03%,+0.14,14,295736,买盘
14:50:46,211.22,-6.04%,-0.02,9,208685,买盘
14:50:49,211.15,-6.07%,-0.07,38,810605,卖盘
14:50:52,211.15,-6.07%,--,29,614869,卖盘
14:50:55,211.22,-6.04%,+0.07,15,320843,中性盘
14:50:58,211.24,-6.03%,+0.02,10,225393,卖盘
14:51:01,211.25,-6.03%,+0.01,6,132876,中性盘
14:51:04,211.49,-5.92%,+0.24,38,810853,买盘
14:51:07,211.47,-5.93%,-0.02,8,179750,卖盘
14:51:10,211.47,-5.93%,--,2,42294,卖盘
14:51:13,211.4,-5.96%,-0.07,51,1082791,卖盘
14:51:16,211.4,-5.96%,--,14,311815,买盘
14:51:19,211.26,-6.02%,-0.14,4,84504,中性盘
14:51:22,211.4,-5.96%,+0.14,71,1509185,买盘
14:51:25,211.35,-5.98%,-0.05,14,297158,中性盘
14:51:28,211.26,-6.02%,-0.09,8,189500,买盘
14:51:31,211.4,-5.96%,+0.14,14,295960,买盘
14:51:34,211.35,-5.98%,-0.05,5,108211,卖盘
14:51:37,211.35,-5.98%,--,16,341964,卖盘
14:51:40,211.39,-5.97%,+0.04,13,275018,买盘
14:51:43,211.36,-5.98%,-0.03,4,89405,卖盘
14:51:46,211.36,-5.98%,--,10,220448,卖盘
14:51:49,211.39,-5.97%,+0.03,29,622755,买盘
14:51:52,211.39,-5.97%,--,3,63417,买盘
14:51:55,211.37,-5.97%,-0.02,9,197420,卖盘
14:51:58,211.37,-5.97%,--,7,154723,卖盘
14:52:01,211.38,-5.97%,+0.01,3,63414,中性盘
14:52:04,211.3,-6.01%,-0.08,26,558255,卖盘
14:52:07,211.3,-6.01%,--,24,509233,买盘
14:52:10,211.26,-6.02%,-0.04,24,516742,卖盘
14:52:13,211.3,-6.01%,+0.04,32,683978,买盘
14:52:16,211.2,-6.05%,-0.1,48,1022630,卖盘
14:52:19,211.19,-6.05%,-0.01,32,684256,卖盘
14:52:22,211.19,-6.05%,--,22,471798,买盘
14:52:25,211.29,-6.01%,+0.1,60,1271966,买盘
14:52:28,211.01,-6.13%,-0.28,168,3549188,卖盘
14:52:31,211.35,-5.98%,+0.34,21,447005,中性盘
14:52:34,211.19,-6.05%,-0.16,271,5726628,卖盘
14:52:37,211.22,-6.04%,+0.03,11,232342,中性盘
14:52:40,211.22,-6.04%,--,41,866213,买盘
14:52:43,211.0,-6.14%,-0.22,104,2201363,卖盘
14:52:46,211.17,-6.06%,+0.17,24,514621,卖盘
14:52:49,211.0,-6.14%,-0.17,84,1777042,卖盘
14:52:52,211.09,-6.10%,+0.09,33,714329,卖盘
14:52:55,211.15,-6.07%,+0.06,2,42230,买盘
14:52:58,211.2,-6.05%,+0.05,73,1542816,买盘
14:53:01,211.01,-6.13%,-0.19,125,2655561,卖盘
14:53:04,211.01,-6.13%,--,20,437002,卖盘
14:53:07,211.3,-6.01%,+0.29,6,126780,买盘
14:53:10,211.3,-6.01%,--,65,1380634,买盘
14:53:13,211.3,-6.01%,--,20,433376,卖盘
14:53:16,211.15,-6.07%,-0.15,18,400552,中性盘
14:53:19,211.13,-6.08%,-0.02,36,769569,中性盘
14:53:22,211.09,-6.10%,-0.04,28,603928,卖盘
14:53:25,211.09,-6.10%,--,69,1468342,卖盘
14:53:28,211.29,-6.01%,+0.2,38,813255,买盘
14:53:31,211.3,-6.01%,+0.01,72,1541222,买盘
14:53:34,211.29,-6.01%,-0.01,70,1489595,卖盘
14:53:34,211.29,-6.01%,--,70,1489595,中性盘
14:53:34,211.29,-6.01%,--,70,1489595,买盘
14:53:37,211.35,-5.98%,+0.06,106,2255105,买盘
14:53:40,211.3,-6.01%,-0.05,26,557621,卖盘
14:53:43,211.19,-6.05%,-0.11,44,949510,中性盘
14:53:46,211.12,-6.09%,-0.07,39,824212,卖盘
14:53:49,211.35,-5.98%,+0.23,90,1922651,中性盘
14:53:52,211.37,-5.97%,+0.02,29,625867,买盘
14:53:55,211.47,-5.93%,+0.1,90,1906614,买盘
14:53:58,211.5,-5.92%,+0.03,60,1287612,买盘
14:54:01,211.75,-5.81%,+0.25,55,1180930,买盘
14:54:04,211.8,-5.78%,+0.05,46,988682,买盘
14:54:07,211.81,-5.78%,+0.01,5,105905,买盘
14:54:10,212.01,-5.69%,+0.2,55,1179200,买盘
14:54:13,211.8,-5.78%,-0.21,78,1660936,卖盘
14:54:16,212.01,-5.69%,+0.21,58,1237714,买盘
14:54:19,212.2,-5.60%,+0.19,11,253791,买盘
14:54:22,212.2,-5.60%,--,11,249972,买盘
14:54:25,212.2,-5.60%,--,16,339520,买盘
14:54:28,212.2,-5.60%,--,18,391509,买盘
14:54:31,212.19,-5.61%,-0.01,42,897988,卖盘
14:54:34,212.22,-5.60%,+0.03,8,189300,中性盘
14:54:37,212.58,-5.44%,+0.36,17,372865,买盘
14:54:40,212.58,-5.44%,--,29,634339,买盘
14:54:43,212.58,-5.44%,--,23,495099,买盘
14:54:46,212.58,-5.44%,--,14,297612,买盘
14:54:49,212.58,-5.44%,--,5,106290,买盘
14:54:52,212.5,-5.47%,-0.08,28,600525,买盘
14:54:55,212.58,-5.44%,+0.08,68,1449583,买盘
14:54:58,212.57,-5.44%,-0.01,27,573939,买盘
14:55:01,212.23,-5.59%,-0.34,18,382863,中性盘
14:55:04,212.19,-5.61%,-0.04,7,168903,卖盘
14:55:07,212.01,-5.69%,-0.18,27,573699,卖盘
14:55:10,212.0,-5.69%,-0.01,67,1424852,卖盘
14:55:13,212.0,-5.69%,--,28,610348,卖盘
14:55:16,212.03,-5.68%,+0.03,42,904308,中性盘
14:55:19,212.0,-5.69%,-0.03,35,761292,卖盘
14:55:22,211.8,-5.78%,-0.2,19,408986,卖盘
14:55:25,211.44,-5.94%,-0.36,23,504919,卖盘
14:55:28,211.37,-5.97%,-0.07,10,212638,卖盘
14:55:31,211.37,-5.97%,--,21,461632,卖盘
14:55:34,211.37,-5.97%,--,15,317055,买盘
14:55:37,211.12,-6.09%,-0.25,43,916261,卖盘
14:55:40,211.21,-6.05%,+0.09,21,443541,中性盘
14:55:43,211.38,-5.97%,+0.17,38,803667,买盘
14:55:46,211.31,-6.00%,-0.07,18,401278,卖盘
14:55:49,211.32,-6.00%,+0.01,33,703062,卖盘
14:55:52,211.2,-6.05%,-0.12,6,143616,中性盘
14:55:55,211.13,-6.08%,-0.07,39,825941,卖盘
14:55:58,211.11,-6.09%,-0.02,35,740996,卖盘
14:56:01,211.21,-6.05%,+0.1,90,1911451,买盘
14:56:04,211.9,-5.74%,+0.69,44,949524,买盘
14:56:07,211.9,-5.74%,--,39,829800,中性盘
14:56:10,211.37,-5.97%,-0.53,32,684416,卖盘
14:56:13,211.95,-5.72%,+0.58,77,1644944,买盘
14:56:16,211.37,-5.97%,-0.58,18,399067,中性盘
14:56:19,211.4,-5.96%,+0.03,36,767171,中性盘
14:56:22,211.39,-5.97%,-0.01,55,1182093,卖盘
14:56:25,211.39,-5.97%,--,51,1082740,中性盘
14:56:28,211.39,-5.97%,--,28,600770,卖盘
14:56:31,211.89,-5.74%,+0.5,8,175445,中性盘
14:56:34,211.39,-5.97%,-0.5,25,545175,卖盘
14:56:37,211.4,-5.96%,+0.01,21,464657,中性盘
14:56:40,211.34,-5.99%,-0.06,10,223598,卖盘
14:56:43,211.35,-5.98%,+0.01,40,852797,买盘
14:56:46,211.31,-6.00%,-0.04,11,244063,卖盘
14:56:46,211.31,-6.00%,-0.06,11,244063,中性盘
14:56:49,211.25,-6.03%,-0.06,19,418275,卖盘
14:56:52,211.24,-6.03%,-0.01,38,803134,卖盘
14:56:55,211.3,-6.01%,+0.06,19,420698,中性盘
14:56:58,211.2,-6.05%,-0.1,42,903514,卖盘
14:57:01,211.2,-6.05%,--,11,238445,买盘
14:58:28,211.2,-6.05%,--,0,0,卖盘
14:59:28,211.2,-6.05%,--,0,0,买盘
15:00:01,211.0,-6.14%,-0.2,1412,29797420,卖盘
15:00:01,211.0,-6.14%,--,0,0,买盘
