成交时间,成交价,涨跌幅,价格变动,成交量(手),成交额(元),性质
09:22:22,0.0,-100.00%,--,0,0,中性盘
09:24:54,0.0,-100.00%,--,0,0,卖盘
09:25:00,227.0,-1.44%,+227,382,8689560,买盘
09:25:00,227.0,-1.44%,--,382,8689560,--
09:25:00,227.0,-1.44%,--,382,8689560,中性盘
09:30:02,228.56,-0.76%,+1.56,157,3596849,中性盘
09:30:05,227.01,-1.44%,-1.55,216,4920442,卖盘
09:30:08,228.58,-0.76%,+1.57,57,1307249,买盘
09:30:11,228.57,-0.76%,-0.01,196,4499172,卖盘
09:30:14,229.88,-0.19%,+1.31,61,1415601,买盘
09:30:17,229.52,-0.35%,-0.36,105,2431994,卖盘
09:30:20,230.01,-0.13%,+0.49,75,1727375,买盘
09:30:23,230.2,-0.05%,+0.19,27,630978,买盘
09:30:26,230.66,+0.15%,+0.46,114,2644978,买盘
09:30:29,230.91,+0.26%,+0.25,77,1787936,买盘
09:30:32,230.88,+0.24%,-0.03,260,6025506,卖盘
09:30:35,230.9,+0.25%,+0.02,154,3558862,卖盘
09:30:38,230.49,+0.07%,-0.41,43,996869,卖盘
09:30:41,230.03,-0.13%,-0.46,82,1891307,卖盘
09:30:44,230.47,+0.07%,+0.44,21,483987,中性盘
09:30:47,229.99,-0.14%,-0.48,114,2625336,卖盘
09:30:50,230.12,-0.09%,+0.13,42,980541,买盘
09:30:53,230.0,-0.14%,-0.12,45,1045580,卖盘
09:30:56,230.0,-0.14%,--,41,955880,卖盘
09:30:59,230.0,-0.14%,--,7,171580,买盘
09:31:02,229.51,-0.35%,-0.49,45,1047254,卖盘
09:31:05,228.91,-0.61%,-0.6,29,670020,卖盘
09:31:08,229.0,-0.57%,+0.09,64,1478653,买盘
09:31:11,228.91,-0.61%,-0.09,13,318872,中性盘
09:31:14,228.64,-0.73%,-0.27,4,91456,中性盘
09:31:17,228.88,-0.63%,+0.24,21,482250,买盘
09:31:20,228.9,-0.62%,+0.02,59,1355317,买盘
09:31:23,229.51,-0.35%,+0.61,219,5037745,买盘
09:31:26,229.51,-0.35%,--,147,3379535,中性盘
09:31:26,229.51,-0.35%,--,147,3379535,买盘
09:31:29,229.51,-0.35%,--,37,865941,买盘
09:31:32,229.54,-0.34%,+0.03,27,635137,买盘
09:31:35,229.9,-0.18%,+0.36,43,1000065,买盘
09:31:38,229.58,-0.32%,-0.32,152,3495126,卖盘
09:31:41,230.3,-0.01%,+0.72,22,506660,买盘
09:31:44,229.91,-0.18%,-0.39,15,363718,中性盘
09:31:47,229.94,-0.16%,+0.03,15,352728,中性盘
09:31:50,229.94,-0.16%,--,8,183952,卖盘
09:31:53,230.3,-0.01%,+0.36,8,206809,买盘
09:31:56,230.2,-0.05%,-0.1,22,520943,卖盘
09:31:59,230.3,-0.01%,+0.1,33,761832,买盘
09:32:02,230.03,-0.13%,-0.27,46,1063659,中性盘
09:32:05,230.39,+0.03%,+0.36,49,1130524,中性盘
09:32:08,229.67,-0.28%,-0.72,134,3099397,卖盘
09:32:11,229.64,-0.30%,-0.03,31,721988,卖盘
09:32:14,229.61,-0.31%,-0.03,43,1000640,卖盘
09:32:17,229.65,-0.29%,+0.04,56,1286040,买盘
09:32:20,229.0,-0.57%,-0.65,135,3111194,卖盘
09:32:23,230.21,-0.05%,+1.21,154,3567334,买盘
09:32:26,229.65,-0.29%,-0.56,8,197040,中性盘
09:32:29,230.0,-0.14%,+0.35,32,738300,买盘
09:32:32,230.0,-0.14%,--,16,368230,买盘
09:32:35,230.2,-0.05%,+0.2,22,527849,买盘
09:32:38,230.0,-0.14%,-0.2,118,2723430,卖盘
09:32:41,230.32,0.00%,+0.32,12,295731,中性盘
09:32:44,229.95,-0.16%,-0.37,133,3067763,卖盘
09:32:47,230.0,-0.14%,+0.05,103,2376360,买盘
09:32:50,229.73,-0.26%,-0.27,39,898704,卖盘
09:32:53,230.3,-0.01%,+0.57,5,115150,买盘
09:32:56,229.73,-0.26%,-0.57,5,130487,卖盘
09:32:59,229.95,-0.16%,+0.22,31,717444,买盘
09:33:02,230.0,-0.14%,+0.05,22,525320,中性盘
09:33:05,230.19,-0.06%,+0.19,173,3982978,卖盘
09:33:08,230.49,+0.07%,+0.3,25,599044,买盘
09:33:11,230.51,+0.08%,+0.02,53,1230693,买盘
09:33:14,230.9,+0.25%,+0.39,15,346350,买盘
09:33:17,230.81,+0.21%,-0.09,27,646037,卖盘
09:33:20,230.81,+0.21%,--,3,69243,买盘
09:33:23,230.73,+0.18%,-0.08,36,841242,中性盘
09:33:26,230.8,+0.21%,+0.07,30,709248,买盘
09:33:29,230.5,+0.08%,-0.3,39,906787,卖盘
09:33:32,230.73,+0.18%,+0.23,25,587208,卖盘
09:33:35,230.88,+0.24%,+0.15,21,505858,买盘
09:33:38,230.7,+0.16%,-0.18,26,610432,中性盘
09:33:41,230.9,+0.25%,+0.2,35,808843,买盘
09:33:44,230.9,+0.25%,--,44,1033047,买盘
09:33:47,230.81,+0.21%,-0.09,14,328673,买盘
09:33:50,231.0,+0.30%,+0.19,51,1191960,买盘
09:33:53,231.35,+0.45%,+0.35,36,846741,买盘
09:33:56,232.0,+0.73%,+0.65,88,2048328,买盘
09:33:59,231.57,+0.54%,-0.43,30,706289,中性盘
09:34:02,231.99,+0.73%,+0.42,88,2060999,买盘
09:34:05,231.98,+0.72%,-0.01,49,1142270,卖盘
09:34:08,231.95,+0.71%,-0.03,71,1648701,卖盘
09:34:11,232.0,+0.73%,+0.05,122,2839448,买盘
09:34:14,231.98,+0.72%,-0.02,30,696868,卖盘
09:34:17,231.89,+0.68%,-0.09,88,2059879,中性盘
09:34:20,231.41,+0.47%,-0.48,45,1062866,卖盘
09:34:23,231.42,+0.48%,+0.01,92,2134850,卖盘
09:34:26,231.11,+0.34%,-0.31,10,253065,中性盘
09:34:29,231.07,+0.33%,-0.04,51,1184465,卖盘
09:34:32,231.0,+0.30%,-0.07,105,2431275,卖盘
09:34:35,231.0,+0.30%,--,45,1059135,卖盘
09:34:38,230.7,+0.16%,-0.3,66,1523081,卖盘
09:34:38,230.7,+0.16%,--,66,1523081,中性盘
09:34:41,230.88,+0.24%,+0.18,65,1518729,买盘
09:34:44,230.72,+0.17%,-0.16,37,859201,中性盘
09:34:47,230.87,+0.24%,+0.15,25,587795,买盘
09:34:50,230.7,+0.16%,-0.17,17,411107,卖盘
09:34:53,230.87,+0.24%,+0.17,12,292281,买盘
09:34:56,230.89,+0.25%,+0.02,37,864452,中性盘
09:34:59,231.1,+0.34%,+0.21,25,594851,买盘
09:35:02,230.97,+0.28%,-0.13,6,145280,卖盘
09:35:05,230.9,+0.25%,-0.07,31,722486,卖盘
09:35:08,230.7,+0.16%,-0.2,69,1603596,卖盘
09:35:11,230.64,+0.14%,-0.06,19,446980,卖盘
09:35:14,230.0,-0.14%,-0.64,57,1312150,卖盘
09:35:17,230.0,-0.14%,--,98,2271710,卖盘
09:35:20,230.37,+0.02%,+0.37,20,479861,买盘
09:35:23,230.0,-0.14%,-0.37,12,278300,卖盘
09:35:26,230.19,-0.06%,+0.19,2,46038,卖盘
09:35:29,229.98,-0.15%,-0.21,95,2199759,卖盘
09:35:32,230.34,+0.01%,+0.36,37,853870,买盘
09:35:35,230.45,+0.06%,+0.11,9,229298,买盘
09:35:38,230.53,+0.09%,+0.08,40,939410,卖盘
09:35:41,230.53,+0.09%,--,4,97975,卖盘
09:35:44,230.45,+0.06%,-0.08,9,221232,卖盘
09:35:47,230.33,0.00%,-0.12,94,2184910,卖盘
09:35:50,230.33,0.00%,--,11,259582,买盘
09:35:53,230.33,0.00%,--,19,445458,买盘
09:35:56,229.98,-0.15%,-0.35,4,91992,卖盘
09:35:59,229.98,-0.15%,--,10,229980,买盘
09:36:02,229.95,-0.16%,-0.03,14,335497,卖盘
09:36:05,229.73,-0.26%,-0.22,35,810947,卖盘
09:36:08,229.63,-0.30%,-0.1,66,1528188,卖盘
09:36:11,229.34,-0.43%,-0.29,7,160538,卖盘
09:36:14,229.34,-0.43%,--,9,206406,买盘
09:36:17,229.64,-0.30%,+0.3,24,567670,买盘
09:36:20,229.26,-0.46%,-0.38,31,716667,卖盘
09:36:23,229.25,-0.46%,-0.01,16,366800,中性盘
09:36:26,229.26,-0.46%,+0.01,31,710706,买盘
09:36:29,229.26,-0.46%,--,50,1146300,卖盘
09:36:32,229.09,-0.53%,-0.17,21,484754,中性盘
09:36:35,229.55,-0.33%,+0.46,47,1078885,中性盘
09:36:38,229.35,-0.42%,-0.2,28,642180,中性盘
09:36:41,229.0,-0.57%,-0.35,42,966838,卖盘
09:36:44,229.05,-0.55%,+0.05,30,703184,中性盘
09:36:47,229.0,-0.57%,-0.05,52,1190800,卖盘
09:36:50,229.31,-0.44%,+0.31,45,1048176,中性盘
09:36:53,229.3,-0.44%,-0.01,17,396918,中性盘
09:36:56,228.91,-0.61%,-0.39,8,183128,卖盘
09:36:59,228.9,-0.62%,-0.01,4,101861,卖盘
09:37:02,228.88,-0.63%,-0.02,12,279920,卖盘
09:37:05,228.9,-0.62%,+0.02,19,434910,买盘
09:37:08,228.58,-0.76%,-0.32,118,2699987,卖盘
09:37:11,228.26,-0.89%,-0.32,12,277108,中性盘
09:37:14,228.28,-0.89%,+0.02,16,371868,中性盘
09:37:17,229.26,-0.46%,+0.98,121,2791470,买盘
09:37:20,229.56,-0.33%,+0.3,31,723114,买盘
09:37:23,229.31,-0.44%,-0.25,8,183448,卖盘
09:37:26,229.33,-0.43%,+0.02,17,389861,卖盘
09:37:29,229.56,-0.33%,+0.23,9,227494,买盘
09:37:32,229.48,-0.36%,-0.08,15,352022,卖盘
09:37:38,228.99,-0.58%,-0.49,35,807877,卖盘
09:37:41,229.0,-0.57%,+0.01,20,477923,买盘
09:37:44,228.99,-0.58%,-0.01,81,1869474,中性盘
09:37:47,228.89,-0.62%,-0.1,15,359586,卖盘
09:37:50,229.01,-0.57%,+0.12,19,452982,买盘
09:37:53,229.01,-0.57%,--,21,485501,卖盘
09:37:53,229.01,-0.57%,--,21,485501,中性盘
09:37:53,229.01,-0.57%,--,21,485501,买盘
09:37:56,229.0,-0.57%,-0.01,11,274342,卖盘
09:37:59,229.03,-0.56%,+0.03,2,45806,卖盘
09:38:02,229.07,-0.54%,+0.04,0,3894,买盘
09:38:05,229.55,-0.33%,+0.48,6,145305,买盘
09:38:08,229.55,-0.33%,--,12,287397,买盘
09:38:11,229.07,-0.54%,-0.48,27,625361,卖盘
09:38:14,229.11,-0.53%,+0.04,26,610120,买盘
09:38:17,229.11,-0.53%,--,3,68733,卖盘
09:38:20,229.11,-0.53%,--,30,709095,卖盘
09:38:23,229.54,-0.34%,+0.43,8,188223,卖盘
09:38:26,229.54,-0.34%,--,33,766205,卖盘
09:38:29,230.0,-0.14%,+0.46,23,532680,买盘
09:38:32,229.4,-0.40%,-0.6,21,482428,中性盘
09:38:35,230.0,-0.14%,+0.6,20,468970,买盘
09:38:38,229.95,-0.16%,-0.05,13,307213,中性盘
09:38:41,229.42,-0.39%,-0.53,21,481782,卖盘
09:38:44,229.99,-0.14%,+0.57,32,735968,中性盘
09:38:47,229.11,-0.53%,-0.88,75,1736654,卖盘
09:38:50,229.95,-0.16%,+0.84,23,529345,中性盘
09:38:53,229.18,-0.49%,-0.77,20,458360,卖盘
09:38:56,229.33,-0.43%,+0.15,19,447652,卖盘
09:38:59,229.34,-0.43%,+0.01,26,596284,中性盘
09:39:02,229.3,-0.44%,-0.04,9,209122,卖盘
09:39:05,229.3,-0.44%,--,10,229300,卖盘
09:39:08,229.15,-0.51%,-0.15,21,486027,卖盘
09:39:11,229.31,-0.44%,+0.16,14,328601,买盘
09:39:14,229.3,-0.44%,-0.01,18,418243,卖盘
09:39:17,229.32,-0.43%,+0.02,8,199508,买盘
09:39:20,229.3,-0.44%,-0.02,46,1065099,卖盘
09:39:23,229.15,-0.51%,-0.15,8,205089,卖盘
09:39:26,229.16,-0.50%,+0.01,19,439987,买盘
09:39:29,229.16,-0.50%,--,21,490632,卖盘
09:39:32,229.13,-0.52%,-0.03,20,473612,卖盘
09:39:35,229.13,-0.52%,--,12,275185,卖盘
09:39:38,229.32,-0.43%,+0.19,9,206388,买盘
09:39:41,229.16,-0.50%,-0.16,1,43082,卖盘
09:39:47,229.11,-0.53%,-0.05,18,412398,卖盘
09:39:50,229.11,-0.53%,--,6,139528,卖盘
09:39:56,229.1,-0.53%,-0.01,21,494627,卖盘
09:39:59,229.01,-0.57%,-0.09,17,404203,卖盘
09:40:02,229.0,-0.57%,-0.01,61,1409037,卖盘
09:40:05,228.8,-0.66%,-0.2,40,935106,卖盘
09:40:08,228.58,-0.76%,-0.22,35,812830,卖盘
09:40:11,228.58,-0.76%,--,8,204579,卖盘
09:40:14,228.33,-0.86%,-0.25,8,186089,卖盘
09:40:17,228.25,-0.90%,-0.08,13,296725,卖盘
09:40:20,228.26,-0.89%,+0.01,9,218445,卖盘
09:40:23,228.0,-1.01%,-0.26,30,703380,卖盘
09:40:26,228.26,-0.89%,+0.26,95,2180568,卖盘
09:40:29,228.2,-0.92%,-0.06,99,2274698,卖盘
09:40:32,228.15,-0.94%,-0.05,96,2190240,中性盘
09:40:35,228.0,-1.01%,-0.15,66,1505256,卖盘
09:40:38,228.0,-1.01%,--,11,252624,买盘
09:40:41,227.95,-1.03%,-0.05,87,2002313,中性盘
09:40:44,227.66,-1.15%,-0.29,15,359247,卖盘
09:40:47,227.77,-1.11%,+0.11,24,552798,中性盘
09:40:50,227.55,-1.20%,-0.22,122,2793859,卖盘
09:40:53,227.69,-1.14%,+0.14,39,900742,中性盘
09:40:56,227.77,-1.11%,+0.08,23,533437,中性盘
09:40:59,227.77,-1.11%,--,41,952534,卖盘
09:41:02,227.77,-1.11%,--,17,387209,卖盘
09:41:05,227.78,-1.10%,+0.01,56,1282629,中性盘
09:41:05,227.78,-1.10%,-0.01,56,1282629,中性盘
09:41:08,227.77,-1.11%,-0.01,15,359193,卖盘
09:41:11,227.71,-1.13%,-0.06,10,227710,卖盘
09:41:14,227.78,-1.10%,+0.07,67,1532276,买盘
09:41:17,227.7,-1.14%,-0.08,23,530313,中性盘
09:41:20,227.7,-1.14%,--,73,1682931,买盘
09:41:23,228.0,-1.01%,+0.3,21,489744,中性盘
09:41:26,228.0,-1.01%,--,15,342000,卖盘
09:41:29,227.77,-1.11%,-0.23,7,169916,卖盘
09:41:32,227.77,-1.11%,--,9,209321,买盘
09:41:35,227.81,-1.09%,+0.04,31,712134,卖盘
09:41:38,227.77,-1.11%,-0.04,20,474217,卖盘
09:41:41,228.39,-0.84%,+0.62,45,1035063,买盘
09:41:44,228.0,-1.01%,-0.39,16,384864,卖盘
09:41:47,228.42,-0.82%,+0.42,23,531762,买盘
09:41:50,228.14,-0.95%,-0.28,10,228140,卖盘
09:41:53,228.42,-0.82%,+0.28,14,337376,买盘
09:41:56,228.98,-0.58%,+0.56,19,452236,买盘
09:41:59,228.65,-0.73%,-0.33,36,823140,卖盘
09:42:02,229.34,-0.43%,+0.69,17,394694,买盘
09:42:05,230.33,0.00%,+0.99,91,2110974,买盘
09:42:08,229.34,-0.43%,-0.99,8,183472,中性盘
09:42:11,229.56,-0.33%,+0.22,14,321384,卖盘
09:42:14,230.33,0.00%,+0.77,18,426341,买盘
09:42:17,229.66,-0.29%,-0.67,10,249640,卖盘
09:42:20,230.4,+0.03%,+0.74,36,833587,买盘
09:42:23,230.33,0.00%,-0.07,30,690990,卖盘
09:42:26,230.33,0.00%,--,13,312097,卖盘
09:42:29,230.32,0.00%,-0.01,16,368512,卖盘
09:42:32,230.4,+0.03%,+0.08,27,625075,买盘
09:42:35,230.32,0.00%,-0.08,24,559217,卖盘
09:42:38,230.33,0.00%,+0.01,15,345495,买盘
09:42:41,230.34,+0.01%,+0.01,30,705071,买盘
09:42:44,230.33,0.00%,-0.01,18,435554,中性盘
09:42:47,230.37,+0.02%,+0.04,20,468342,中性盘
09:42:50,230.53,+0.09%,+0.16,55,1283361,买盘
09:42:53,231.1,+0.34%,+0.57,67,1549988,买盘
09:42:56,231.0,+0.30%,-0.1,12,286671,中性盘
09:42:59,230.7,+0.16%,-0.3,30,708710,中性盘
09:43:02,231.4,+0.47%,+0.7,110,2550491,买盘
09:43:05,231.0,+0.30%,-0.4,54,1269807,卖盘
09:43:08,231.42,+0.48%,+0.42,42,977750,买盘
09:43:11,231.0,+0.30%,-0.42,27,625086,中性盘
09:43:14,231.0,+0.30%,--,38,896511,买盘
09:43:17,230.0,-0.14%,-1,104,2398440,卖盘
09:43:20,231.09,+0.33%,+1.09,63,1463724,买盘
09:43:23,230.0,-0.14%,-1.09,9,207000,中性盘
09:43:26,230.77,+0.20%,+0.77,6,138462,买盘
09:43:29,231.0,+0.30%,+0.23,44,1024254,买盘
09:43:32,231.0,+0.30%,--,16,382536,卖盘
09:43:35,230.01,-0.13%,-0.99,39,897039,卖盘
09:43:38,231.33,+0.44%,+1.32,38,884143,买盘
09:43:41,231.38,+0.46%,+0.05,36,833894,买盘
09:43:44,230.25,-0.03%,-1.13,59,1378277,卖盘
09:43:47,231.0,+0.30%,+0.75,13,314391,买盘
09:43:50,231.0,+0.30%,--,19,453915,卖盘
09:43:53,230.26,-0.03%,-0.74,19,450158,卖盘
09:43:56,230.14,-0.08%,-0.12,126,2900685,卖盘
09:43:59,230.55,+0.10%,+0.41,41,956321,买盘
09:44:02,230.53,+0.09%,-0.02,6,147539,买盘
09:44:05,230.14,-0.08%,-0.39,22,515744,卖盘
09:44:08,230.13,-0.08%,-0.01,28,646435,中性盘
09:44:11,230.0,-0.14%,-0.13,93,2141990,卖盘
09:44:14,230.0,-0.14%,--,22,526010,买盘
09:44:17,230.3,-0.01%,+0.3,26,611907,买盘
09:44:20,229.73,-0.26%,-0.57,6,156676,卖盘
09:44:20,229.73,-0.26%,--,6,156676,中性盘
09:44:20,229.73,-0.26%,--,6,156676,买盘
09:44:23,229.73,-0.26%,--,13,298649,买盘
09:44:26,229.71,-0.26%,-0.02,20,479175,卖盘
09:44:29,229.71,-0.26%,--,0,0,买盘
09:44:32,229.0,-0.57%,-0.71,7,174727,卖盘
09:44:35,228.82,-0.65%,-0.18,8,190378,卖盘
09:44:38,228.82,-0.65%,--,4,105028,卖盘
09:44:41,228.82,-0.65%,--,0,0,买盘
09:44:44,229.72,-0.26%,+0.9,32,737171,买盘
09:44:47,228.82,-0.65%,-0.9,22,503404,卖盘
09:44:50,228.85,-0.64%,+0.03,10,228850,卖盘
09:44:53,229.09,-0.53%,+0.24,22,503998,中性盘
09:44:56,228.65,-0.73%,-0.44,72,1646280,卖盘
09:44:59,229.54,-0.34%,+0.89,2,45908,买盘
09:45:02,229.08,-0.54%,-0.46,4,91632,卖盘
09:45:05,229.82,-0.22%,+0.74,19,436658,买盘
09:45:08,228.88,-0.63%,-0.94,2,45776,卖盘
09:45:11,229.97,-0.15%,+1.09,38,873886,买盘
09:45:14,229.85,-0.20%,-0.12,9,212381,卖盘
09:45:17,229.82,-0.22%,-0.03,7,173514,卖盘
09:45:20,229.85,-0.20%,+0.03,15,358106,卖盘
09:45:23,229.97,-0.15%,+0.12,15,354614,买盘
09:45:26,229.97,-0.15%,--,21,487996,买盘
09:45:29,229.97,-0.15%,--,0,0,买盘
09:45:32,230.01,-0.13%,+0.04,13,299013,买盘
09:45:35,229.86,-0.20%,-0.15,10,231929,卖盘
09:45:38,229.85,-0.20%,-0.01,10,234217,卖盘
09:45:41,230.3,-0.01%,+0.45,30,692512,买盘
09:45:44,230.3,-0.01%,--,0,0,买盘
09:45:47,229.91,-0.18%,-0.39,39,906765,卖盘
09:45:50,229.91,-0.18%,--,18,413838,买盘
09:45:53,230.21,-0.05%,+0.3,6,138126,买盘
09:45:56,230.21,-0.05%,--,5,115105,卖盘
09:45:59,230.3,-0.01%,+0.09,8,184470,买盘
09:46:02,230.3,-0.01%,--,15,345450,买盘
09:46:05,230.6,+0.12%,+0.3,63,1464541,买盘
09:46:08,230.6,+0.12%,--,24,562433,卖盘
09:46:11,230.61,+0.13%,+0.01,49,1137138,中性盘
09:46:14,230.6,+0.12%,-0.01,37,871668,卖盘
09:46:17,230.84,+0.23%,+0.24,42,986379,买盘
09:46:20,230.0,-0.14%,-0.84,26,611340,卖盘
09:46:23,230.01,-0.13%,+0.01,22,515452,买盘
09:46:26,230.78,+0.20%,+0.77,19,441713,买盘
09:46:29,230.77,+0.20%,-0.01,4,113308,卖盘
09:46:32,230.01,-0.13%,-0.76,8,188608,卖盘
09:46:35,230.58,+0.11%,+0.57,33,777746,买盘
09:46:38,230.01,-0.13%,-0.57,13,304073,卖盘
09:46:41,230.1,-0.10%,+0.09,11,262544,买盘
09:46:44,230.1,-0.10%,--,10,239764,卖盘
09:46:47,230.02,-0.13%,-0.08,3,90168,买盘
09:46:50,230.02,-0.13%,--,26,598512,卖盘
09:46:53,230.03,-0.13%,+0.01,13,317211,卖盘
09:46:56,230.6,+0.12%,+0.57,22,512624,买盘
09:46:59,230.0,-0.14%,-0.6,91,2094380,卖盘
09:47:02,230.0,-0.14%,--,63,1452450,买盘
09:47:05,229.9,-0.18%,-0.1,4,91960,中性盘
09:47:08,230.0,-0.14%,+0.1,13,316480,买盘
09:47:11,230.0,-0.14%,--,18,416070,买盘
09:47:14,229.99,-0.14%,-0.01,5,114995,买盘
09:47:17,229.9,-0.18%,-0.09,11,257718,卖盘
09:47:20,229.9,-0.18%,--,8,183920,买盘
09:47:23,229.9,-0.18%,--,2,45980,买盘
09:47:26,229.9,-0.18%,--,14,331056,买盘
09:47:29,229.76,-0.24%,-0.14,36,844368,卖盘
09:47:32,229.76,-0.24%,--,11,261697,买盘
09:47:32,229.76,-0.24%,-0.56,11,261697,中性盘
09:47:35,229.2,-0.49%,-0.56,8,183360,卖盘
09:47:38,229.2,-0.49%,--,6,137520,买盘
09:47:41,229.06,-0.55%,-0.14,12,282431,卖盘
09:47:44,229.07,-0.54%,+0.01,18,412326,买盘
09:47:47,229.06,-0.55%,-0.01,40,929755,卖盘
09:47:50,229.2,-0.49%,+0.14,18,412560,买盘
09:47:53,229.07,-0.54%,-0.13,8,183256,卖盘
09:47:56,229.03,-0.56%,-0.04,30,687090,卖盘
09:47:59,229.01,-0.57%,-0.02,19,453211,卖盘
09:48:02,229.03,-0.56%,+0.02,34,778702,中性盘
09:48:05,229.06,-0.55%,+0.03,20,458349,中性盘
09:48:08,229.02,-0.56%,-0.04,34,800883,卖盘
09:48:11,229.06,-0.55%,+0.04,10,244407,买盘
09:48:14,229.02,-0.56%,-0.04,14,320628,卖盘
09:48:17,229.04,-0.56%,+0.02,8,187126,卖盘
09:48:20,229.04,-0.56%,--,58,1350191,卖盘
09:48:23,229.76,-0.24%,+0.72,34,785090,买盘
09:48:26,229.76,-0.24%,--,36,827136,买盘
09:48:29,229.76,-0.24%,--,0,0,买盘
09:48:32,229.06,-0.55%,-0.7,14,329617,卖盘
09:48:38,229.06,-0.55%,--,17,403375,卖盘
09:48:41,229.1,-0.53%,+0.04,40,934499,买盘
09:48:44,229.72,-0.26%,+0.62,22,517329,买盘
09:48:47,229.12,-0.52%,-0.6,9,206208,中性盘
09:48:50,229.7,-0.27%,+0.58,104,2392785,买盘
09:48:53,230.0,-0.14%,+0.3,100,2318170,买盘
09:48:56,230.01,-0.13%,+0.01,56,1302547,买盘
09:48:59,230.65,+0.14%,+0.64,16,369040,买盘
09:49:02,230.65,+0.14%,--,2,46130,买盘
09:49:05,230.64,+0.14%,-0.01,12,293374,中性盘
09:49:08,230.5,+0.08%,-0.14,44,1020193,卖盘
09:49:11,230.5,+0.08%,--,22,529920,卖盘
09:49:14,230.1,-0.10%,-0.4,8,190293,卖盘
09:49:17,230.48,+0.07%,+0.38,3,69144,买盘
09:49:20,230.5,+0.08%,+0.02,1,23050,卖盘
09:49:23,230.55,+0.10%,+0.05,16,377410,买盘
09:49:26,230.11,-0.09%,-0.44,9,207099,卖盘
09:49:29,230.55,+0.10%,+0.44,5,116197,买盘
09:49:32,230.55,+0.10%,--,15,356891,买盘
09:49:35,230.53,+0.09%,-0.02,20,474200,买盘
09:49:38,230.53,+0.09%,--,1,32044,卖盘
09:49:41,230.11,-0.09%,-0.42,4,92044,卖盘
09:49:44,230.31,-0.00%,+0.2,9,216722,卖盘
09:49:47,230.0,-0.14%,-0.31,64,1474760,卖盘
09:49:50,230.0,-0.14%,--,0,0,买盘
09:49:53,229.85,-0.20%,-0.15,39,916182,卖盘
09:49:56,229.85,-0.20%,--,5,132623,卖盘
09:49:59,229.5,-0.36%,-0.35,4,97079,卖盘
09:50:02,229.28,-0.45%,-0.22,12,275136,卖盘
09:50:05,229.5,-0.36%,+0.22,33,757580,买盘
09:50:08,229.5,-0.36%,--,0,0,买盘
09:50:11,229.3,-0.44%,-0.2,10,238931,卖盘
09:50:14,229.31,-0.44%,+0.01,20,461142,卖盘
09:50:17,229.41,-0.40%,+0.1,4,101170,中性盘
09:50:20,230.0,-0.14%,+0.59,203,4688090,买盘
09:50:23,230.0,-0.14%,--,8,206080,买盘
09:50:26,229.98,-0.15%,-0.02,4,91992,买盘
09:50:29,229.53,-0.34%,-0.45,11,263271,卖盘
09:50:32,229.97,-0.15%,+0.44,7,183746,买盘
09:50:35,229.55,-0.33%,-0.42,14,321370,卖盘
09:50:38,229.69,-0.27%,+0.14,8,199371,卖盘
09:50:41,229.98,-0.15%,+0.29,36,833218,买盘
09:50:44,230.0,-0.14%,+0.02,77,1785030,买盘
09:50:47,229.98,-0.15%,-0.02,199,4594770,卖盘
09:50:47,229.98,-0.15%,--,199,4594770,中性盘
09:50:47,229.98,-0.15%,--,199,4594770,卖盘
09:50:50,230.05,-0.12%,+0.07,4,92020,中性盘
09:50:53,230.37,+0.02%,+0.32,21,483777,买盘
09:50:56,230.31,-0.00%,-0.06,20,460620,卖盘
09:50:59,230.06,-0.11%,-0.25,14,341409,卖盘
09:51:02,230.31,-0.00%,+0.25,29,676420,买盘
09:51:05,230.1,-0.10%,-0.21,19,458129,买盘
09:51:08,230.09,-0.10%,-0.01,22,514941,买盘
09:51:11,230.1,-0.10%,+0.01,24,567197,买盘
09:51:14,230.1,-0.10%,--,11,253110,卖盘
09:51:17,230.4,+0.03%,+0.3,9,213350,中性盘
09:51:20,230.48,+0.07%,+0.08,12,281416,买盘
09:51:23,230.49,+0.07%,+0.01,9,207441,买盘
09:51:26,230.55,+0.10%,+0.06,38,892690,买盘
09:51:29,230.62,+0.13%,+0.07,49,1150794,买盘
09:51:32,230.57,+0.11%,-0.05,7,183073,卖盘
09:51:35,230.71,+0.17%,+0.14,22,507562,卖盘
09:51:38,230.89,+0.25%,+0.18,16,369424,买盘
09:51:41,230.9,+0.25%,+0.01,9,227437,卖盘
09:51:44,230.96,+0.28%,+0.06,41,968877,买盘
09:51:47,230.96,+0.28%,--,6,147583,买盘
09:51:50,231.0,+0.30%,+0.04,14,336105,买盘
09:51:53,231.0,+0.30%,--,75,1740585,买盘
09:51:56,231.0,+0.30%,--,46,1085469,买盘
09:51:59,231.0,+0.30%,--,11,258951,买盘
09:52:02,230.65,+0.14%,-0.35,11,253715,卖盘
09:52:05,230.64,+0.14%,-0.01,33,767570,中性盘
09:52:08,230.16,-0.07%,-0.48,16,375391,卖盘
09:52:11,230.65,+0.14%,+0.49,4,92260,买盘
09:52:14,230.65,+0.14%,--,37,867244,买盘
09:52:17,230.11,-0.09%,-0.54,25,575735,卖盘
09:52:20,230.16,-0.07%,+0.05,12,276882,买盘
09:52:23,230.11,-0.09%,-0.05,15,363804,卖盘
09:52:26,230.0,-0.14%,-0.11,70,1612530,卖盘
09:52:29,229.89,-0.19%,-0.11,19,442308,中性盘
09:52:32,229.94,-0.16%,+0.05,22,515066,买盘
09:52:35,229.9,-0.18%,-0.04,25,574750,中性盘
09:52:38,229.56,-0.33%,-0.34,59,1361061,买盘
09:52:41,229.53,-0.34%,-0.03,10,229530,卖盘
09:52:44,229.11,-0.53%,-0.42,27,632573,卖盘
09:52:47,229.11,-0.53%,--,8,183288,卖盘
09:52:50,229.5,-0.36%,+0.39,18,420903,中性盘
09:52:53,229.56,-0.33%,+0.06,10,231396,买盘
09:52:56,229.56,-0.33%,--,22,505262,买盘
09:52:59,229.19,-0.49%,-0.37,13,319720,卖盘
09:53:02,229.38,-0.41%,+0.19,13,309434,买盘
09:53:05,229.4,-0.40%,+0.02,7,163562,卖盘
09:53:08,229.38,-0.41%,-0.02,4,91752,中性盘
09:53:11,229.38,-0.41%,--,90,2069466,卖盘
09:53:14,229.18,-0.49%,-0.2,8,183344,卖盘
09:53:17,229.29,-0.45%,+0.11,8,202234,中性盘
09:53:20,229.38,-0.41%,+0.09,17,389946,买盘
09:53:23,229.39,-0.40%,+0.01,11,253705,买盘
09:53:26,229.3,-0.44%,-0.09,254,5829265,卖盘
09:53:29,229.19,-0.49%,-0.11,96,2206871,中性盘
09:53:32,229.0,-0.57%,-0.19,13,303883,卖盘
09:53:35,228.82,-0.65%,-0.18,36,827871,卖盘
09:53:38,228.77,-0.67%,-0.05,2,57193,卖盘
09:53:41,228.81,-0.66%,+0.04,252,5769215,中性盘
09:53:44,228.69,-0.71%,-0.12,57,1318627,卖盘
09:53:47,228.7,-0.70%,+0.01,8,182960,买盘
09:53:50,228.83,-0.65%,+0.13,15,364297,买盘
09:53:53,228.7,-0.70%,-0.13,22,508171,卖盘
09:53:56,228.72,-0.69%,+0.02,20,457440,卖盘
09:53:59,229.0,-0.57%,+0.28,11,258999,卖盘
09:53:59,229.0,-0.57%,--,11,258999,中性盘
09:54:02,229.36,-0.42%,+0.36,6,150919,买盘
09:54:05,229.37,-0.41%,+0.01,25,593839,买盘
09:54:08,228.99,-0.58%,-0.38,21,483169,卖盘
09:54:11,229.0,-0.57%,+0.01,6,139003,买盘
09:54:14,228.86,-0.63%,-0.14,24,550408,卖盘
09:54:17,228.92,-0.61%,+0.06,16,374284,卖盘
09:54:20,229.0,-0.57%,+0.08,30,707610,买盘
09:54:23,229.4,-0.40%,+0.4,12,276427,买盘
09:54:26,229.49,-0.36%,+0.09,14,324040,买盘
09:54:29,229.49,-0.36%,--,5,129203,买盘
09:54:32,229.11,-0.53%,-0.38,18,412398,卖盘
09:54:35,229.12,-0.52%,+0.01,8,183754,卖盘
09:54:41,229.12,-0.52%,--,18,430746,卖盘
09:54:44,229.13,-0.52%,+0.01,17,400748,买盘
09:54:47,229.96,-0.16%,+0.83,8,183968,中性盘
09:54:50,229.13,-0.52%,-0.83,11,252501,卖盘
09:54:53,229.0,-0.57%,-0.13,49,1123703,卖盘
09:54:56,229.61,-0.31%,+0.61,16,378397,买盘
09:54:59,229.09,-0.53%,-0.52,14,323475,卖盘
09:55:02,229.02,-0.56%,-0.07,15,358416,卖盘
09:55:05,229.0,-0.57%,-0.02,22,513647,卖盘
09:55:08,228.92,-0.61%,-0.08,11,262800,卖盘
09:55:11,228.9,-0.62%,-0.02,6,137340,卖盘
09:55:14,228.87,-0.63%,-0.03,14,320876,卖盘
09:55:17,228.87,-0.63%,--,10,228870,买盘
09:55:20,228.82,-0.65%,-0.05,22,503862,卖盘
09:55:23,229.09,-0.53%,+0.27,85,1967654,买盘
09:55:26,229.41,-0.40%,+0.32,10,238586,中性盘
09:55:29,229.27,-0.46%,-0.14,30,707527,中性盘
09:55:32,229.96,-0.16%,+0.69,29,679532,买盘
09:55:35,230.11,-0.09%,+0.15,27,630732,买盘
09:55:38,230.5,+0.08%,+0.39,76,1764939,买盘
09:55:41,230.16,-0.07%,-0.34,8,199319,卖盘
09:55:44,230.75,+0.19%,+0.59,15,351432,买盘
09:55:47,230.57,+0.11%,-0.18,8,184456,中性盘
09:55:50,230.75,+0.19%,+0.18,20,479729,买盘
09:55:53,230.7,+0.16%,-0.05,13,304293,中性盘
09:55:56,230.75,+0.19%,+0.05,7,174447,买盘
09:55:59,230.8,+0.21%,+0.05,12,289192,买盘
09:56:02,230.27,-0.02%,-0.53,17,391459,卖盘
09:56:05,230.19,-0.06%,-0.08,23,531739,买盘
09:56:08,230.2,-0.05%,+0.01,33,779687,买盘
09:56:11,230.2,-0.05%,--,12,293045,卖盘
09:56:14,230.8,+0.21%,+0.6,6,157636,买盘
09:56:17,230.2,-0.05%,-0.6,34,791428,卖盘
09:56:20,230.8,+0.21%,+0.6,22,522531,买盘
09:56:23,230.8,+0.21%,--,18,421902,买盘
09:56:26,230.6,+0.12%,-0.2,6,140897,买盘
09:56:29,229.68,-0.28%,-0.92,4,91872,卖盘
09:56:32,230.64,+0.14%,+0.96,15,355416,买盘
09:56:35,229.81,-0.22%,-0.83,4,98129,卖盘
09:56:38,230.0,-0.14%,+0.19,15,362020,买盘
09:56:41,229.99,-0.14%,-0.01,11,259889,卖盘
09:56:44,230.49,+0.07%,+0.5,16,383074,买盘
09:56:47,230.49,+0.07%,--,15,346196,买盘
09:56:50,229.68,-0.28%,-0.81,18,413424,卖盘
09:56:53,229.8,-0.23%,+0.12,7,167294,买盘
09:56:56,229.75,-0.25%,-0.05,10,229750,卖盘
09:56:59,230.0,-0.14%,+0.25,4,92000,买盘
09:57:02,230.0,-0.14%,--,26,598230,买盘
09:57:05,230.0,-0.14%,--,16,381340,买盘
09:57:08,229.71,-0.26%,-0.29,7,174350,卖盘
09:57:11,229.71,-0.26%,--,4,93722,买盘
09:57:14,229.6,-0.31%,-0.11,58,1348670,卖盘
09:57:14,229.6,-0.31%,--,58,1348670,中性盘
09:57:14,229.6,-0.31%,--,58,1348670,卖盘
09:57:17,229.6,-0.31%,--,28,655508,卖盘
09:57:20,229.6,-0.31%,--,9,224778,买盘
09:57:23,229.2,-0.49%,-0.4,8,188402,卖盘
09:57:26,229.6,-0.31%,+0.4,7,160720,卖盘
09:57:29,229.6,-0.31%,--,4,91840,买盘
09:57:32,229.6,-0.31%,--,12,290903,买盘
09:57:35,229.61,-0.31%,+0.01,5,129041,卖盘
09:57:41,229.22,-0.48%,-0.39,10,229220,卖盘
09:57:44,229.58,-0.32%,+0.36,22,509897,买盘
09:57:47,229.2,-0.49%,-0.38,2,59363,卖盘
09:57:50,229.2,-0.49%,--,0,0,买盘
09:57:53,229.05,-0.55%,-0.15,2,45810,卖盘
09:57:56,229.03,-0.56%,-0.02,2,45806,卖盘
09:57:59,229.05,-0.55%,+0.02,18,430614,中性盘
09:58:02,229.61,-0.31%,+0.56,18,433044,买盘
09:58:05,229.61,-0.31%,--,5,127204,买盘
09:58:08,229.05,-0.55%,-0.56,14,320670,卖盘
09:58:11,229.05,-0.55%,--,20,479173,卖盘
09:58:14,229.03,-0.56%,-0.02,10,237046,卖盘
09:58:17,229.03,-0.56%,--,13,297739,卖盘
09:58:20,229.2,-0.49%,+0.17,24,557185,买盘
09:58:23,229.2,-0.49%,--,11,272060,卖盘
09:58:26,229.61,-0.31%,+0.41,19,436259,买盘
09:58:29,229.01,-0.57%,-0.6,26,598403,卖盘
09:58:32,229.01,-0.57%,--,11,254659,卖盘
09:58:35,229.01,-0.57%,--,0,0,买盘
09:58:38,228.97,-0.59%,-0.04,16,369100,卖盘
09:58:41,228.97,-0.59%,--,7,160279,买盘
09:58:44,228.85,-0.64%,-0.12,13,309176,卖盘
09:58:47,228.85,-0.64%,--,4,91540,卖盘
09:58:50,228.97,-0.59%,+0.12,21,503047,买盘
09:58:53,228.85,-0.64%,-0.12,7,166832,卖盘
09:58:56,228.86,-0.63%,+0.01,6,137545,买盘
09:58:59,228.87,-0.63%,+0.01,10,236194,买盘
09:59:02,228.8,-0.66%,-0.07,30,690518,卖盘
09:59:05,228.87,-0.63%,+0.07,10,237338,买盘
09:59:08,228.96,-0.59%,+0.09,9,225068,卖盘
09:59:11,228.97,-0.59%,+0.01,2,54495,买盘
09:59:14,228.87,-0.63%,-0.1,7,165473,卖盘
09:59:17,228.88,-0.63%,+0.01,18,422284,买盘
09:59:20,228.96,-0.59%,+0.08,6,146992,买盘
09:59:23,228.87,-0.63%,-0.09,26,612914,卖盘
09:59:26,228.88,-0.63%,+0.01,6,140761,卖盘
09:59:29,228.88,-0.63%,--,15,347669,买盘
09:59:32,228.97,-0.59%,+0.09,67,1535702,买盘
09:59:35,229.06,-0.55%,+0.09,30,705276,中性盘
09:59:38,229.61,-0.31%,+0.55,22,506749,买盘
09:59:41,229.61,-0.31%,--,4,110672,买盘
09:59:44,228.6,-0.75%,-1.01,204,4663440,卖盘
09:59:47,229.61,-0.31%,+1.01,86,1984060,中性盘
09:59:50,229.61,-0.31%,--,5,119168,买盘
09:59:53,229.61,-0.31%,--,16,383219,买盘
09:59:56,228.98,-0.58%,-0.63,30,707090,卖盘
09:59:59,229.0,-0.57%,+0.02,4,97554,买盘
10:00:02,228.86,-0.63%,-0.14,20,476029,卖盘
10:00:05,228.99,-0.58%,+0.13,4,98008,买盘
10:00:08,228.68,-0.71%,-0.31,23,525964,卖盘
10:00:11,228.66,-0.72%,-0.02,24,550385,卖盘
10:00:14,228.64,-0.73%,-0.02,32,746738,中性盘
10:00:17,228.44,-0.82%,-0.2,104,2376461,卖盘
10:00:20,228.44,-0.82%,--,15,357509,买盘
10:00:23,228.44,-0.82%,--,15,342888,买盘
10:00:26,228.44,-0.82%,--,10,231638,买盘
10:00:26,228.44,-0.82%,-0.13,10,231638,中性盘
10:00:29,228.31,-0.87%,-0.13,38,884701,卖盘
10:00:32,228.66,-0.72%,+0.35,31,731483,买盘
10:00:35,228.67,-0.72%,+0.01,16,384166,中性盘
10:00:38,228.44,-0.82%,-0.23,3,68532,卖盘
10:00:41,228.7,-0.70%,+0.26,24,548880,买盘
10:00:44,228.7,-0.70%,--,33,754939,卖盘
10:00:47,228.99,-0.58%,+0.29,29,675521,买盘
10:00:50,228.71,-0.70%,-0.28,21,485551,中性盘
10:00:53,228.7,-0.70%,-0.01,9,219095,卖盘
10:00:56,228.71,-0.70%,+0.01,5,114355,买盘
10:00:59,228.71,-0.70%,--,7,168331,卖盘
10:01:02,228.71,-0.70%,--,10,233055,卖盘
10:01:05,228.72,-0.69%,+0.01,18,418786,中性盘
10:01:08,228.72,-0.69%,--,14,321352,买盘
10:01:11,228.72,-0.69%,--,4,91945,买盘
10:01:14,228.71,-0.70%,-0.01,29,676982,卖盘
10:01:17,228.71,-0.70%,--,3,89426,买盘
10:01:20,228.71,-0.70%,--,22,510481,买盘
10:01:23,228.71,-0.70%,--,5,118929,买盘
10:01:26,228.71,-0.70%,--,16,388350,卖盘
10:01:32,228.63,-0.73%,-0.08,9,210568,买盘
10:01:35,228.99,-0.58%,+0.36,4,97092,买盘
10:01:38,228.71,-0.70%,-0.28,9,205839,卖盘
10:01:41,228.71,-0.70%,--,0,0,买盘
10:01:44,228.47,-0.80%,-0.24,61,1406461,卖盘
10:01:47,228.53,-0.78%,+0.06,6,138032,买盘
10:01:50,228.25,-0.90%,-0.28,8,182600,卖盘
10:01:53,228.25,-0.90%,--,4,108419,卖盘
10:01:56,228.14,-0.95%,-0.11,6,146238,中性盘
10:01:59,228.1,-0.96%,-0.04,23,524630,卖盘
10:02:02,228.1,-0.96%,--,9,215326,卖盘
10:02:05,228.0,-1.01%,-0.1,173,3946452,卖盘
10:02:08,228.1,-0.96%,+0.1,24,547896,卖盘
10:02:11,228.5,-0.79%,+0.4,8,196967,买盘
10:02:14,228.1,-0.96%,-0.4,14,333254,卖盘
10:02:17,228.11,-0.96%,+0.01,4,96034,中性盘
10:02:20,228.04,-0.99%,-0.07,24,569188,卖盘
10:02:23,228.04,-0.99%,--,0,0,卖盘
10:02:26,227.9,-1.05%,-0.14,28,652478,卖盘
10:02:29,228.04,-0.99%,+0.14,20,476148,卖盘
10:02:32,227.93,-1.04%,-0.11,22,504181,中性盘
10:02:35,227.92,-1.04%,-0.01,6,136752,中性盘
10:02:38,228.25,-0.90%,+0.33,20,456500,买盘
10:02:41,228.0,-1.01%,-0.25,18,412224,买盘
10:02:44,228.0,-1.01%,--,28,638400,卖盘
10:02:47,227.91,-1.05%,-0.09,10,243864,卖盘
10:02:50,227.91,-1.05%,--,16,366479,买盘
10:02:53,227.85,-1.07%,-0.06,23,531118,卖盘
10:02:56,227.83,-1.08%,-0.02,11,252208,卖盘
10:02:59,227.83,-1.08%,--,64,1474516,卖盘
10:03:02,227.82,-1.09%,-0.01,13,309380,卖盘
10:03:05,227.82,-1.09%,--,14,328516,卖盘
10:03:08,227.58,-1.19%,-0.24,92,2101474,卖盘
10:03:11,227.52,-1.22%,-0.06,6,136512,卖盘
10:03:14,227.41,-1.26%,-0.11,26,608777,卖盘
10:03:17,227.3,-1.31%,-0.11,46,1055127,卖盘
10:03:20,227.3,-1.31%,--,11,261168,卖盘
10:03:23,227.1,-1.40%,-0.2,25,570248,卖盘
10:03:26,227.44,-1.25%,+0.34,172,3928571,买盘
10:03:29,227.44,-1.25%,--,30,704382,买盘
10:03:32,227.19,-1.36%,-0.25,54,1227735,卖盘
10:03:35,227.17,-1.37%,-0.02,12,283963,卖盘
10:03:38,227.17,-1.37%,--,44,1019993,买盘
10:03:41,227.17,-1.37%,--,5,113585,中性盘
10:03:41,227.17,-1.37%,--,5,113585,卖盘
10:03:44,227.17,-1.37%,--,14,333031,卖盘
10:03:47,227.18,-1.36%,+0.01,37,858968,中性盘
10:03:50,227.17,-1.37%,-0.01,30,681510,卖盘
10:03:53,227.18,-1.36%,+0.01,67,1523696,卖盘
10:03:56,227.35,-1.29%,+0.17,34,787540,中性盘
10:03:59,227.52,-1.22%,+0.17,14,339915,买盘
10:04:02,227.24,-1.34%,-0.28,24,558101,卖盘
10:04:05,227.19,-1.36%,-0.05,4,90876,卖盘
10:04:08,227.34,-1.29%,+0.15,17,400346,买盘
10:04:11,227.34,-1.29%,--,9,221657,卖盘
10:04:14,227.49,-1.23%,+0.15,13,301197,买盘
10:04:17,227.17,-1.37%,-0.32,118,2686740,卖盘
10:04:20,227.42,-1.26%,+0.25,4,109844,中性盘
10:04:23,227.36,-1.29%,-0.06,21,485868,中性盘
10:04:26,227.37,-1.28%,+0.01,20,454740,卖盘
10:04:29,227.41,-1.26%,+0.04,6,136446,中性盘
10:04:32,227.5,-1.22%,+0.09,6,136500,卖盘
10:04:35,227.52,-1.22%,+0.02,25,570393,卖盘
10:04:38,228.0,-1.01%,+0.48,55,1254000,买盘
10:04:41,227.5,-1.22%,-0.5,5,113750,卖盘
10:04:44,227.5,-1.22%,--,4,91000,买盘
10:04:47,227.42,-1.26%,-0.08,16,374333,卖盘
10:04:50,227.42,-1.26%,--,9,204678,买盘
10:04:53,227.35,-1.29%,-0.07,10,242810,卖盘
10:04:56,227.4,-1.27%,+0.05,22,514151,买盘
10:04:59,227.2,-1.35%,-0.2,28,655018,卖盘
10:05:02,227.19,-1.36%,-0.01,17,406670,卖盘
10:05:05,227.29,-1.32%,+0.1,24,560724,买盘
10:05:08,227.29,-1.32%,--,79,1804455,买盘
10:05:11,227.17,-1.37%,-0.12,33,768516,中性盘
10:05:14,227.29,-1.32%,+0.12,14,329343,买盘
10:05:17,227.19,-1.36%,-0.1,20,460060,卖盘
10:05:20,227.17,-1.37%,-0.02,6,147661,卖盘
10:05:23,227.19,-1.36%,+0.02,25,590012,卖盘
10:05:26,227.02,-1.43%,-0.17,31,706713,卖盘
10:05:29,227.19,-1.36%,+0.17,51,1174118,买盘
10:05:32,227.02,-1.43%,-0.17,10,246544,卖盘
10:05:35,227.42,-1.26%,+0.4,350,7972436,买盘
10:05:38,227.42,-1.26%,--,34,773228,卖盘
10:05:41,227.42,-1.26%,--,16,363872,卖盘
10:05:44,227.48,-1.23%,+0.06,202,4595096,买盘
10:05:47,227.0,-1.44%,-0.48,146,3329636,卖盘
10:05:50,227.0,-1.44%,--,33,761131,买盘
10:05:53,227.0,-1.44%,--,38,883938,买盘
10:05:56,227.0,-1.44%,--,31,721860,买盘
10:05:59,226.98,-1.45%,-0.02,22,515245,中性盘
10:06:02,227.0,-1.44%,+0.02,32,730940,买盘
10:06:05,227.0,-1.44%,--,26,590200,买盘
10:06:08,226.98,-1.45%,-0.02,64,1474689,卖盘
10:06:11,226.92,-1.48%,-0.06,21,492416,中性盘
10:06:14,227.0,-1.44%,+0.08,43,981548,买盘
10:06:17,227.0,-1.44%,--,17,385900,买盘
10:06:20,227.0,-1.44%,--,22,521419,买盘
10:06:23,227.05,-1.42%,+0.05,107,2447826,买盘
10:06:26,227.0,-1.44%,-0.05,18,426306,卖盘
10:06:29,227.0,-1.44%,--,72,1655738,卖盘
10:06:32,226.98,-1.45%,-0.02,9,215631,卖盘
10:06:35,227.0,-1.44%,+0.02,22,520057,买盘
10:06:38,226.99,-1.45%,-0.01,3,68097,卖盘
10:06:41,227.0,-1.44%,+0.01,17,398612,买盘
10:06:44,226.93,-1.47%,-0.07,8,181544,卖盘
10:06:47,226.97,-1.45%,+0.04,8,181576,中性盘
10:06:50,226.97,-1.45%,--,0,0,买盘
10:06:53,226.91,-1.48%,-0.06,14,331289,卖盘
10:06:53,226.91,-1.48%,-0.01,14,331289,中性盘
10:06:56,226.9,-1.48%,-0.01,8,193092,卖盘
10:06:59,226.83,-1.52%,-0.07,50,1141409,卖盘
10:07:02,226.67,-1.58%,-0.16,56,1277512,卖盘
10:07:05,226.22,-1.78%,-0.45,30,685673,卖盘
10:07:08,226.22,-1.78%,--,13,310148,买盘
10:07:11,226.1,-1.83%,-0.12,15,344350,卖盘
10:07:14,226.1,-1.83%,--,14,316540,卖盘
10:07:17,226.13,-1.82%,+0.03,97,2208159,中性盘
10:07:20,225.77,-1.98%,-0.36,162,3669214,卖盘
10:07:23,226.0,-1.88%,+0.23,16,367928,买盘
10:07:26,225.88,-1.93%,-0.12,36,818363,卖盘
10:07:29,225.71,-2.00%,-0.17,36,816619,卖盘
10:07:32,225.88,-1.93%,+0.17,25,583900,买盘
10:07:35,225.01,-2.31%,-0.87,265,5969290,卖盘
10:07:38,225.62,-2.04%,+0.61,40,902706,中性盘
10:07:41,225.13,-2.25%,-0.49,252,5687009,卖盘
10:07:44,225.13,-2.25%,--,45,1017362,卖盘
10:07:47,225.13,-2.25%,--,80,1810045,卖盘
10:07:50,225.1,-2.27%,-0.03,87,1978629,卖盘
10:07:53,225.55,-2.07%,+0.45,34,770253,买盘
10:07:56,225.55,-2.07%,--,221,4999090,中性盘
10:07:59,225.51,-2.09%,-0.04,18,405918,卖盘
10:08:02,225.51,-2.09%,--,14,324058,卖盘
10:08:05,225.58,-2.06%,+0.07,13,304984,中性盘
10:08:08,225.87,-1.93%,+0.29,4,94188,买盘
10:08:11,225.59,-2.05%,-0.28,215,4851539,卖盘
10:08:14,225.4,-2.14%,-0.19,23,538030,卖盘
10:08:17,225.56,-2.07%,+0.16,12,287363,买盘
10:08:20,225.05,-2.29%,-0.51,222,5001061,卖盘
10:08:23,225.6,-2.05%,+0.55,64,1444742,买盘
10:08:29,225.6,-2.05%,--,34,780576,买盘
10:08:32,225.56,-2.07%,-0.04,8,180448,卖盘
10:08:35,225.56,-2.07%,--,171,3867677,卖盘
10:08:38,225.85,-1.94%,+0.29,18,406982,买盘
10:08:41,225.56,-2.07%,-0.29,10,225560,卖盘
10:08:44,225.75,-1.98%,+0.19,7,159605,买盘
10:08:47,225.84,-1.95%,+0.09,15,348471,买盘
10:08:50,225.75,-1.98%,-0.09,21,479042,卖盘
10:08:53,225.87,-1.93%,+0.12,16,367039,买盘
10:08:56,225.83,-1.95%,-0.04,11,267383,卖盘
10:08:59,225.88,-1.93%,+0.05,33,761893,买盘
10:09:02,225.87,-1.93%,-0.01,14,319832,中性盘
10:09:05,225.87,-1.93%,--,15,359133,卖盘
10:09:08,226.0,-1.88%,+0.13,2,45200,买盘
10:09:11,226.83,-1.52%,+0.83,25,570704,买盘
10:09:14,226.03,-1.86%,-0.8,19,429457,中性盘
10:09:17,226.05,-1.85%,+0.02,4,90420,中性盘
10:09:20,226.7,-1.57%,+0.65,3,68010,中性盘
10:09:23,226.7,-1.57%,--,15,340050,买盘
10:09:26,226.78,-1.54%,+0.08,9,224059,买盘
10:09:29,226.7,-1.57%,-0.08,34,774861,卖盘
10:09:32,226.95,-1.46%,+0.25,11,256680,买盘
10:09:35,226.97,-1.45%,+0.02,10,236503,买盘
10:09:38,226.7,-1.57%,-0.27,20,454307,卖盘
10:09:41,226.33,-1.73%,-0.37,13,295134,卖盘
10:09:44,226.33,-1.73%,--,0,0,中性盘
10:09:47,226.55,-1.64%,+0.22,15,360668,中性盘
10:09:50,226.53,-1.65%,-0.02,103,2337790,中性盘
10:09:53,226.26,-1.76%,-0.27,7,166301,中性盘
10:09:56,226.25,-1.77%,-0.01,10,242540,中性盘
10:09:59,226.33,-1.73%,+0.08,8,183101,买盘
10:10:02,226.33,-1.73%,--,7,159563,买盘
10:10:05,226.33,-1.73%,--,96,2184763,买盘
10:10:08,226.25,-1.77%,-0.08,38,867443,中性盘
10:10:08,226.25,-1.77%,--,38,867443,中性盘
10:10:08,226.25,-1.77%,--,38,867443,卖盘
10:10:11,226.33,-1.73%,+0.08,49,1116712,买盘
10:10:14,226.25,-1.77%,-0.08,55,1248674,卖盘
10:10:17,226.34,-1.73%,+0.09,21,479614,买盘
10:10:20,227.0,-1.44%,+0.66,28,641502,买盘
10:10:23,227.0,-1.44%,--,0,0,买盘
10:10:26,227.77,-1.11%,+0.77,8,189505,买盘
10:10:29,227.43,-1.25%,-0.34,6,158519,中性盘
10:10:32,227.43,-1.25%,--,23,526728,买盘
10:10:35,227.36,-1.29%,-0.07,2,45472,买盘
10:10:38,227.49,-1.23%,+0.13,12,294145,买盘
10:10:41,227.49,-1.23%,--,30,696347,卖盘
10:10:44,227.36,-1.29%,-0.13,16,384011,中性盘
10:10:47,227.39,-1.27%,+0.03,14,335173,买盘
10:10:50,227.5,-1.22%,+0.11,56,1280598,买盘
10:10:53,227.26,-1.33%,-0.24,3,68178,中性盘
10:10:56,227.25,-1.33%,-0.01,26,591532,买盘
10:10:59,227.12,-1.39%,-0.13,21,496257,卖盘
10:11:02,227.06,-1.42%,-0.06,31,725457,卖盘
10:11:05,226.78,-1.54%,-0.28,56,1275411,卖盘
10:11:08,226.52,-1.65%,-0.26,54,1235440,卖盘
10:11:11,226.52,-1.65%,--,19,445565,卖盘
10:11:14,226.39,-1.71%,-0.13,24,554882,卖盘
10:11:17,226.43,-1.69%,+0.04,38,869491,卖盘
10:11:20,226.5,-1.66%,+0.07,68,1557414,中性盘
10:11:23,226.25,-1.77%,-0.25,20,471731,卖盘
10:11:26,226.06,-1.85%,-0.19,27,618952,卖盘
10:11:29,226.1,-1.83%,+0.04,29,671065,买盘
10:11:32,226.01,-1.87%,-0.09,11,260816,卖盘
10:11:35,226.5,-1.66%,+0.49,31,702150,买盘
10:11:38,226.05,-1.85%,-0.45,43,973145,中性盘
10:11:41,226.23,-1.78%,+0.18,4,92302,中性盘
10:11:44,226.28,-1.75%,+0.05,11,248908,中性盘
10:11:47,226.31,-1.74%,+0.03,17,405548,中性盘
10:11:50,226.51,-1.65%,+0.2,4,105327,中性盘
10:11:53,226.51,-1.65%,--,10,243045,卖盘
10:11:56,226.51,-1.65%,--,25,572844,卖盘
10:11:59,226.51,-1.65%,--,12,282458,卖盘
10:12:02,226.35,-1.72%,-0.16,33,754877,卖盘
10:12:05,226.34,-1.73%,-0.01,42,968735,卖盘
10:12:08,226.51,-1.65%,+0.17,47,1067089,买盘
10:12:11,226.79,-1.53%,+0.28,23,532730,中性盘
10:12:14,226.51,-1.65%,-0.28,9,206351,中性盘
10:12:17,226.37,-1.72%,-0.14,2,45274,卖盘
10:12:20,226.37,-1.72%,--,0,0,卖盘
10:12:23,226.26,-1.76%,-0.11,82,1855785,卖盘
10:12:26,226.48,-1.67%,+0.22,13,295103,买盘
10:12:29,226.48,-1.67%,--,0,0,卖盘
10:12:32,226.85,-1.51%,+0.37,14,331201,买盘
10:12:35,226.52,-1.65%,-0.33,3,67956,卖盘
10:12:38,226.87,-1.50%,+0.35,4,97781,买盘
10:12:41,226.86,-1.50%,-0.01,9,211660,卖盘
10:12:44,226.86,-1.50%,--,3,85753,卖盘
10:12:47,226.88,-1.49%,+0.02,78,1770572,买盘
10:12:50,226.9,-1.48%,+0.02,53,1210965,买盘
10:12:53,226.89,-1.49%,-0.01,6,153831,卖盘
10:12:56,227.28,-1.32%,+0.39,8,196597,买盘
10:12:59,227.18,-1.36%,-0.1,2,45436,中性盘
10:13:02,227.77,-1.11%,+0.59,20,455540,买盘
10:13:05,226.91,-1.48%,-0.86,7,162921,卖盘
10:13:08,227.27,-1.32%,+0.36,3,68181,中性盘
10:13:11,227.29,-1.32%,+0.02,4,90916,买盘
10:13:14,227.29,-1.32%,--,13,295477,买盘
10:13:17,227.0,-1.44%,-0.29,5,127574,卖盘
10:13:20,227.0,-1.44%,--,14,325972,卖盘
10:13:20,227.0,-1.44%,--,14,325972,中性盘
10:13:23,227.0,-1.44%,--,6,136200,买盘
10:13:26,226.91,-1.48%,-0.09,21,481503,卖盘
10:13:29,226.91,-1.48%,--,2,46970,卖盘
10:13:32,226.91,-1.48%,--,39,894025,卖盘
10:13:35,226.88,-1.49%,-0.03,12,279516,卖盘
10:13:38,227.01,-1.44%,+0.13,4,98068,买盘
10:13:41,226.88,-1.49%,-0.13,6,136128,卖盘
10:13:44,226.88,-1.49%,--,6,136809,买盘
10:13:47,226.88,-1.49%,--,2,45376,中性盘
10:13:50,226.6,-1.62%,-0.28,2,59822,中性盘
10:13:53,226.91,-1.48%,+0.31,5,117312,买盘
10:13:56,226.92,-1.48%,+0.01,19,440906,买盘
10:13:59,227.51,-1.22%,+0.59,7,174728,买盘
10:14:02,226.6,-1.62%,-0.91,6,149783,卖盘
10:14:05,226.91,-1.48%,+0.31,4,90764,买盘
10:14:08,226.73,-1.56%,-0.18,2,45346,卖盘
10:14:11,227.5,-1.22%,+0.77,10,227500,买盘
10:14:14,226.72,-1.56%,-0.78,2,67109,卖盘
10:14:17,227.01,-1.44%,+0.29,6,146875,买盘
10:14:20,227.01,-1.44%,--,12,282173,买盘
10:14:23,227.11,-1.39%,+0.1,11,253228,卖盘
10:14:26,227.11,-1.39%,--,6,136266,买盘
10:14:29,227.11,-1.39%,--,2,45422,买盘
10:14:35,226.77,-1.54%,-0.34,3,68031,卖盘
10:14:38,226.78,-1.54%,+0.01,19,436098,中性盘
10:14:44,226.84,-1.51%,+0.06,2,51720,买盘
10:14:47,226.76,-1.55%,-0.08,18,428123,卖盘
10:14:50,226.76,-1.55%,--,2,50794,买盘
10:14:53,226.76,-1.55%,--,6,139004,买盘
10:14:56,226.75,-1.55%,-0.01,2,45350,卖盘
10:14:59,226.75,-1.55%,--,21,481844,卖盘
10:15:02,226.72,-1.56%,-0.03,7,159384,卖盘
10:15:05,226.6,-1.62%,-0.12,30,690677,卖盘
10:15:08,226.7,-1.57%,+0.1,89,2023978,买盘
10:15:11,226.59,-1.62%,-0.11,248,5619659,卖盘
10:15:14,226.71,-1.57%,+0.12,36,822504,卖盘
10:15:17,226.71,-1.57%,--,0,0,卖盘
10:15:20,227.11,-1.39%,+0.4,18,416066,买盘
10:15:23,227.5,-1.22%,+0.39,69,1585220,买盘
10:15:26,227.17,-1.37%,-0.33,115,2623586,中性盘
10:15:29,227.48,-1.23%,+0.31,35,815743,卖盘
10:15:32,227.51,-1.22%,+0.03,6,151294,卖盘
10:15:38,227.53,-1.21%,+0.02,2,45506,中性盘
10:15:41,227.51,-1.22%,-0.02,41,952584,卖盘
10:15:44,227.51,-1.22%,--,13,303043,卖盘
10:15:47,227.51,-1.22%,--,0,0,卖盘
10:15:50,227.63,-1.17%,+0.12,2,45526,买盘
10:15:53,227.64,-1.16%,+0.01,2,56910,买盘
10:15:56,227.52,-1.22%,-0.12,34,783351,中性盘
10:15:59,227.63,-1.17%,+0.11,9,211924,买盘
10:16:02,227.67,-1.15%,+0.04,10,230857,买盘
10:16:05,227.68,-1.15%,+0.01,5,114751,买盘
10:16:08,227.76,-1.11%,+0.08,17,403135,买盘
10:16:11,227.69,-1.14%,-0.07,3,82424,中性盘
10:16:14,227.76,-1.11%,+0.07,4,94065,买盘
10:16:17,227.77,-1.11%,+0.01,4,104091,买盘
10:16:20,227.72,-1.13%,-0.05,11,271442,卖盘
10:16:23,227.96,-1.02%,+0.24,16,365876,买盘
10:16:26,228.3,-0.88%,+0.34,426,9726037,买盘
10:16:29,228.35,-0.86%,+0.05,27,618143,卖盘
10:16:32,228.35,-0.86%,--,0,0,买盘
10:16:35,228.35,-0.86%,--,4,91340,买盘
10:16:38,228.36,-0.85%,+0.01,15,354643,中性盘
10:16:41,228.69,-0.71%,+0.33,27,624095,买盘
10:16:44,228.42,-0.82%,-0.27,16,365472,卖盘
10:16:47,228.4,-0.83%,-0.02,31,712608,卖盘
10:16:50,228.5,-0.79%,+0.1,20,479393,中性盘
10:16:53,228.36,-0.85%,-0.14,27,622281,卖盘
10:16:56,228.0,-1.01%,-0.36,18,425676,卖盘
10:16:59,228.0,-1.01%,--,8,182400,卖盘
10:17:02,228.0,-1.01%,--,3,83448,卖盘
10:17:05,228.0,-1.01%,--,26,602832,买盘
10:17:08,227.98,-1.02%,-0.02,10,238239,卖盘
10:17:11,227.98,-1.02%,--,13,307317,买盘
10:17:14,227.64,-1.16%,-0.34,8,182112,卖盘
10:17:17,227.89,-1.06%,+0.25,7,159523,买盘
10:17:20,227.64,-1.16%,-0.25,3,68292,卖盘
10:17:23,227.64,-1.16%,--,0,0,卖盘
10:17:26,227.86,-1.07%,+0.22,23,531597,买盘
10:17:29,227.88,-1.06%,+0.02,4,106420,买盘
10:17:32,227.64,-1.16%,-0.24,2,51219,卖盘
10:17:38,227.64,-1.16%,--,2,45528,卖盘
10:17:41,227.64,-1.16%,--,6,136584,卖盘
10:17:44,227.6,-1.18%,-0.04,24,548744,卖盘
10:17:47,227.65,-1.16%,+0.05,16,366517,买盘
10:17:50,227.61,-1.18%,-0.04,3,68283,中性盘
10:17:53,227.65,-1.16%,+0.04,10,227878,买盘
10:17:56,227.56,-1.20%,-0.09,14,326093,卖盘
10:17:59,227.57,-1.19%,+0.01,2,45514,中性盘
10:18:02,227.57,-1.19%,--,0,0,中性盘
10:18:08,227.65,-1.16%,+0.08,4,105402,买盘
10:18:11,227.65,-1.16%,--,0,0,卖盘
10:18:17,227.65,-1.16%,--,6,138867,卖盘
10:18:23,227.57,-1.19%,-0.08,3,88752,中性盘
10:18:26,227.81,-1.09%,+0.24,6,149899,买盘
10:18:29,227.81,-1.09%,--,0,0,买盘
10:18:32,227.81,-1.09%,--,2,45562,买盘
10:18:38,227.81,-1.09%,--,2,53763,买盘
10:18:41,227.83,-1.08%,+0.02,5,122345,买盘
10:18:44,227.83,-1.08%,--,3,74728,买盘
10:18:47,227.88,-1.06%,+0.05,9,216942,买盘
10:18:50,227.61,-1.18%,-0.27,4,97189,卖盘
10:18:53,227.61,-1.18%,--,0,0,卖盘
10:18:59,227.88,-1.06%,+0.27,3,77707,买盘
10:19:02,227.88,-1.06%,--,6,152680,买盘
10:19:05,227.88,-1.06%,--,4,94798,买盘
10:19:08,227.83,-1.08%,-0.05,14,323291,卖盘
10:19:11,227.96,-1.02%,+0.13,4,91184,买盘
10:19:14,227.95,-1.03%,-0.01,2,45590,中性盘
10:19:17,227.97,-1.02%,+0.02,4,93696,买盘
10:19:20,228.0,-1.01%,+0.03,27,615600,买盘
10:19:23,228.0,-1.01%,--,4,110808,买盘
10:19:26,228.4,-0.83%,+0.4,2,45680,买盘
10:19:29,228.4,-0.83%,--,14,328896,买盘
10:19:32,228.4,-0.83%,--,13,310852,买盘
10:19:35,228.4,-0.83%,--,5,114200,卖盘
10:19:38,228.4,-0.83%,--,10,232054,卖盘
10:19:41,228.48,-0.80%,+0.08,18,420403,买盘
10:19:47,228.35,-0.86%,-0.13,6,137010,买盘
10:19:47,228.35,-0.86%,--,6,137010,中性盘
10:19:50,228.5,-0.79%,+0.15,11,255006,买盘
10:19:53,228.49,-0.79%,-0.01,16,384777,卖盘
10:19:56,228.6,-0.75%,+0.11,17,410337,中性盘
10:19:59,228.44,-0.82%,-0.16,18,411420,卖盘
10:20:02,228.44,-0.82%,--,0,0,买盘
10:20:05,228.35,-0.86%,-0.09,5,120569,卖盘
10:20:08,228.04,-0.99%,-0.31,11,271140,中性盘
10:20:11,228.35,-0.86%,+0.31,8,199121,买盘
10:20:20,228.35,-0.86%,--,0,0,中性盘
10:20:23,228.45,-0.81%,+0.1,11,251523,买盘
10:20:26,228.47,-0.80%,+0.02,35,801473,中性盘
10:20:29,228.65,-0.73%,+0.18,25,583743,买盘
10:20:32,228.4,-0.83%,-0.25,4,95471,卖盘
10:20:35,228.66,-0.72%,+0.26,12,276221,买盘
10:20:38,228.75,-0.68%,+0.09,5,116434,买盘
10:20:41,228.81,-0.66%,+0.06,13,298139,买盘
10:20:44,228.98,-0.58%,+0.17,8,190511,买盘
10:20:47,228.88,-0.63%,-0.1,15,362317,卖盘
10:20:50,229.0,-0.57%,+0.12,7,174269,买盘
10:20:53,229.0,-0.57%,--,6,156865,买盘
10:20:56,229.0,-0.57%,--,6,151140,买盘
10:21:02,229.03,-0.56%,+0.03,9,224907,买盘
10:21:05,229.6,-0.31%,+0.57,32,734720,买盘
10:21:08,228.94,-0.60%,-0.66,124,2839772,卖盘
10:21:11,229.5,-0.36%,+0.56,4,91800,中性盘
10:21:14,229.5,-0.36%,--,2,66326,买盘
10:21:17,229.88,-0.19%,+0.38,59,1362039,买盘
10:21:20,229.79,-0.23%,-0.09,19,446712,买盘
10:21:23,229.99,-0.14%,+0.2,37,870282,买盘
10:21:26,230.0,-0.14%,+0.01,94,2173270,买盘
10:21:29,230.0,-0.14%,--,34,796950,买盘
10:21:32,230.18,-0.06%,+0.18,4,105422,买盘
10:21:35,230.32,0.00%,+0.14,8,191396,买盘
10:21:38,230.3,-0.01%,-0.02,20,464055,中性盘
10:21:41,230.32,0.00%,+0.02,27,641672,买盘
10:21:44,230.4,+0.03%,+0.08,14,324864,买盘
10:21:47,230.21,-0.05%,-0.19,137,3156179,卖盘
10:21:50,229.96,-0.16%,-0.25,64,1485082,卖盘
10:21:53,229.52,-0.35%,-0.44,14,339460,卖盘
10:21:56,229.95,-0.16%,+0.43,35,823221,买盘
10:21:59,229.51,-0.35%,-0.44,37,862958,卖盘
10:22:02,229.5,-0.36%,-0.01,19,457394,中性盘
10:22:05,229.14,-0.51%,-0.36,15,357229,卖盘
10:22:08,229.5,-0.36%,+0.36,5,136323,买盘
10:22:11,229.19,-0.49%,-0.31,22,514990,卖盘
10:22:14,229.19,-0.49%,--,7,160433,卖盘
10:22:17,229.2,-0.49%,+0.01,13,315608,卖盘
10:22:20,229.2,-0.49%,--,8,188861,买盘
10:22:23,229.35,-0.42%,+0.15,10,243570,买盘
10:22:26,229.12,-0.52%,-0.23,20,459156,中性盘
10:22:29,229.12,-0.52%,--,16,379881,卖盘
10:22:32,229.12,-0.52%,--,26,614042,卖盘
10:22:35,228.89,-0.62%,-0.23,13,300990,卖盘
10:22:38,229.12,-0.52%,+0.23,6,158551,买盘
10:22:41,229.2,-0.49%,+0.08,59,1353197,买盘
10:22:44,228.75,-0.68%,-0.45,78,1793400,卖盘
10:22:47,229.2,-0.49%,+0.45,22,504240,中性盘
10:22:50,229.2,-0.49%,--,57,1308961,卖盘
10:22:53,229.2,-0.49%,--,47,1095118,卖盘
10:22:56,228.84,-0.64%,-0.36,79,1830033,卖盘
10:22:59,228.83,-0.65%,-0.01,16,385807,卖盘
10:22:59,228.83,-0.65%,--,16,385807,中性盘
10:23:02,228.83,-0.65%,--,33,775276,卖盘
10:23:08,228.83,-0.65%,--,11,256061,买盘
10:23:11,229.4,-0.40%,+0.57,13,311984,买盘
10:23:14,228.83,-0.65%,-0.57,7,178259,卖盘
10:23:17,228.83,-0.65%,--,6,157664,买盘
10:23:20,228.68,-0.71%,-0.15,12,284935,卖盘
10:23:23,228.86,-0.63%,+0.18,2,45772,买盘
10:23:26,229.0,-0.57%,+0.14,8,199459,卖盘
10:23:29,228.7,-0.70%,-0.3,8,185704,卖盘
10:23:32,228.88,-0.63%,+0.18,9,208281,中性盘
10:23:35,228.59,-0.75%,-0.29,2,45718,卖盘
10:23:38,228.52,-0.78%,-0.07,2,63529,卖盘
10:23:41,228.52,-0.78%,--,14,323127,卖盘
10:23:44,228.59,-0.75%,+0.07,2,48918,买盘
10:23:47,228.35,-0.86%,-0.24,13,309643,卖盘
10:23:50,228.59,-0.75%,+0.24,7,171214,买盘
10:23:53,228.57,-0.76%,-0.02,6,138285,中性盘
10:23:56,228.57,-0.76%,--,9,211884,买盘
10:23:59,228.35,-0.86%,-0.22,13,313296,卖盘
10:24:02,228.18,-0.93%,-0.17,2,45636,卖盘
10:24:05,228.14,-0.95%,-0.04,2,45628,卖盘
10:24:08,228.32,-0.87%,+0.18,20,456640,买盘
10:24:11,228.35,-0.86%,+0.03,11,272878,买盘
10:24:14,228.12,-0.96%,-0.23,2,45624,卖盘
10:24:17,228.12,-0.96%,--,0,0,买盘
10:24:20,227.93,-1.04%,-0.19,29,660997,卖盘
10:24:23,228.0,-1.01%,+0.07,23,546972,卖盘
10:24:26,227.82,-1.09%,-0.18,0,18453,卖盘
10:24:29,227.81,-1.09%,-0.01,2,65837,中性盘
10:24:32,227.84,-1.08%,+0.03,2,45568,卖盘
10:24:35,227.71,-1.13%,-0.13,8,185128,卖盘
10:24:38,227.71,-1.13%,--,2,67858,买盘
10:24:41,227.64,-1.16%,-0.07,43,980673,卖盘
10:24:44,227.63,-1.17%,-0.01,10,228541,卖盘
10:24:47,227.64,-1.16%,+0.01,5,129072,买盘
10:24:50,227.61,-1.18%,-0.03,6,144988,卖盘
10:24:53,227.71,-1.13%,+0.1,2,45542,买盘
10:24:56,227.52,-1.22%,-0.19,48,1107340,卖盘
10:24:59,227.5,-1.22%,-0.02,8,193148,卖盘
10:25:02,227.48,-1.23%,-0.02,13,306643,卖盘
10:25:05,227.5,-1.22%,+0.02,31,705250,买盘
10:25:08,226.99,-1.45%,-0.51,207,4713447,卖盘
10:25:11,226.99,-1.45%,--,13,308252,卖盘
10:25:14,226.8,-1.53%,-0.19,42,962086,卖盘
10:25:17,226.8,-1.53%,--,33,760234,卖盘
10:25:20,226.87,-1.50%,+0.07,21,489812,中性盘
10:25:23,227.44,-1.25%,+0.57,4,90976,卖盘
10:25:26,227.44,-1.25%,--,4,90976,卖盘
10:25:29,227.44,-1.25%,--,0,0,卖盘
10:25:32,227.0,-1.44%,-0.44,30,681000,卖盘
10:25:35,227.0,-1.44%,--,4,107825,卖盘
10:25:38,227.0,-1.44%,--,7,164575,卖盘
10:25:41,227.44,-1.25%,+0.44,10,229487,买盘
10:25:44,227.01,-1.44%,-0.43,12,288076,卖盘
10:25:47,227.41,-1.26%,+0.4,16,365675,买盘
10:25:50,227.01,-1.44%,-0.4,2,45402,卖盘
10:25:53,227.1,-1.40%,+0.09,8,181680,卖盘
10:25:56,227.1,-1.40%,--,4,97199,卖盘
10:25:59,227.1,-1.40%,--,10,227100,买盘
10:26:02,227.03,-1.43%,-0.07,14,319204,卖盘
10:26:05,227.11,-1.39%,+0.08,12,272532,卖盘
10:26:08,227.12,-1.39%,+0.01,21,486037,卖盘
10:26:11,227.11,-1.39%,-0.01,19,439231,卖盘
10:26:14,227.4,-1.27%,+0.29,12,272880,买盘
10:26:14,227.4,-1.27%,-0.29,12,272880,中性盘
10:26:17,227.11,-1.39%,-0.29,15,360196,卖盘
10:26:23,227.11,-1.39%,--,8,181688,买盘
10:26:26,226.97,-1.45%,-0.14,68,1554291,卖盘
10:26:29,227.0,-1.44%,+0.03,4,90800,买盘
10:26:32,226.88,-1.49%,-0.12,14,317632,卖盘
10:26:35,226.89,-1.49%,+0.01,1,35849,卖盘
10:26:38,226.89,-1.49%,--,0,0,买盘
10:26:41,226.86,-1.50%,-0.03,4,90744,卖盘
10:26:44,226.86,-1.50%,--,0,0,卖盘
10:26:47,226.89,-1.49%,+0.03,2,45378,卖盘
10:26:50,226.97,-1.45%,+0.08,10,234006,买盘
10:26:53,226.76,-1.55%,-0.21,49,1124503,卖盘
10:26:56,226.74,-1.55%,-0.02,8,181392,买盘
10:26:59,227.0,-1.44%,+0.26,91,2070694,买盘
10:27:02,226.61,-1.61%,-0.39,2,45322,卖盘
10:27:05,227.4,-1.27%,+0.79,22,519836,买盘
10:27:08,227.41,-1.26%,+0.01,6,136446,买盘
10:27:11,227.33,-1.30%,-0.08,17,388280,卖盘
10:27:14,227.1,-1.40%,-0.23,10,237547,买盘
10:27:17,227.0,-1.44%,-0.1,9,204300,卖盘
10:27:20,226.77,-1.54%,-0.23,2,45354,中性盘
10:27:23,227.1,-1.40%,+0.33,14,330658,买盘
10:27:26,226.89,-1.49%,-0.21,50,1153282,卖盘
10:27:29,226.89,-1.49%,--,2,49235,卖盘
10:27:32,226.89,-1.49%,--,13,294957,买盘
10:27:35,226.79,-1.53%,-0.1,4,90716,卖盘
10:27:38,226.79,-1.53%,--,10,243799,卖盘
10:27:41,226.79,-1.53%,--,12,272148,卖盘
10:27:44,226.78,-1.54%,-0.01,12,289598,卖盘
10:27:47,226.8,-1.53%,+0.02,9,220676,买盘
10:27:50,226.82,-1.52%,+0.02,19,436175,买盘
10:27:53,226.82,-1.52%,--,0,0,卖盘
10:27:56,226.88,-1.49%,+0.06,16,363008,卖盘
10:27:59,227.1,-1.40%,+0.22,5,128312,买盘
10:28:02,226.96,-1.46%,-0.14,7,177029,卖盘
10:28:05,227.1,-1.40%,+0.14,5,135579,买盘
10:28:08,227.0,-1.44%,-0.1,7,171385,卖盘
10:28:11,227.01,-1.44%,+0.01,14,317814,卖盘
10:28:14,226.62,-1.61%,-0.39,93,2113005,卖盘
10:28:17,226.5,-1.66%,-0.12,13,316194,卖盘
10:28:20,226.59,-1.62%,+0.09,22,515945,卖盘
10:28:23,226.7,-1.57%,+0.11,2,45340,买盘
10:28:26,226.73,-1.56%,+0.03,21,476133,中性盘
10:28:29,226.6,-1.62%,-0.13,33,747780,中性盘
10:28:32,226.6,-1.62%,--,18,411732,卖盘
10:28:35,226.86,-1.50%,+0.26,10,243421,中性盘
10:28:38,226.86,-1.50%,--,11,255671,卖盘
10:28:41,226.86,-1.50%,--,0,16561,买盘
10:28:44,227.47,-1.24%,+0.61,25,568675,买盘
10:28:47,226.88,-1.49%,-0.59,2,45376,卖盘
10:28:50,226.88,-1.49%,--,121,2745248,卖盘
10:28:53,227.42,-1.26%,+0.54,10,227420,买盘
10:28:56,226.0,-1.88%,-1.42,203,4587800,卖盘
10:28:59,226.0,-1.88%,--,204,4610400,卖盘
10:29:02,226.58,-1.62%,+0.58,18,408297,中性盘
10:29:05,226.86,-1.50%,+0.28,23,524273,买盘
10:29:08,226.86,-1.50%,--,81,1843011,卖盘
10:29:11,227.23,-1.34%,+0.37,20,473093,买盘
10:29:14,227.5,-1.22%,+0.27,26,595368,买盘
10:29:17,227.5,-1.22%,--,0,20475,卖盘
10:29:20,227.12,-1.39%,-0.38,12,272544,中性盘
10:29:23,227.84,-1.08%,+0.72,7,169513,买盘
10:29:26,227.45,-1.25%,-0.39,34,780836,中性盘
10:29:26,227.45,-1.25%,--,34,780836,中性盘
10:29:29,227.58,-1.19%,+0.13,12,273096,中性盘
10:29:32,227.45,-1.25%,-0.13,4,90980,卖盘
10:29:38,227.45,-1.25%,--,22,504712,买盘
10:29:41,227.17,-1.37%,-0.28,26,598366,卖盘
10:29:44,227.17,-1.37%,--,0,0,买盘
10:29:47,227.17,-1.37%,--,6,136529,买盘
10:29:50,227.13,-1.39%,-0.04,39,902615,卖盘
10:29:56,227.0,-1.44%,-0.13,21,478970,卖盘
10:29:59,227.0,-1.44%,--,15,357298,买盘
10:30:02,226.32,-1.74%,-0.68,18,407376,卖盘
10:30:05,226.99,-1.45%,+0.67,11,249689,买盘
10:30:08,226.29,-1.75%,-0.7,12,271548,中性盘
10:30:11,226.99,-1.45%,+0.7,24,553175,买盘
10:30:14,227.0,-1.44%,+0.01,53,1203327,买盘
10:30:17,227.0,-1.44%,--,28,656257,买盘
10:30:20,227.17,-1.37%,+0.17,36,820992,买盘
10:30:23,226.99,-1.45%,-0.18,27,612873,中性盘
10:30:26,226.61,-1.61%,-0.38,6,135966,卖盘
10:30:29,226.6,-1.62%,-0.01,26,598904,买盘
10:30:32,226.99,-1.45%,+0.39,21,481219,买盘
10:30:35,226.67,-1.58%,-0.32,2,53267,卖盘
10:30:38,226.67,-1.58%,--,3,82735,买盘
10:30:41,226.67,-1.58%,--,12,272004,卖盘
10:30:44,226.74,-1.55%,+0.07,16,362784,卖盘
10:30:47,226.74,-1.55%,--,5,113370,买盘
10:30:50,226.71,-1.57%,-0.03,10,238726,卖盘
10:30:53,226.72,-1.56%,+0.01,41,942702,中性盘
10:30:56,226.71,-1.57%,-0.01,9,204039,卖盘
10:30:59,226.7,-1.57%,-0.01,6,137834,中性盘
10:31:02,226.71,-1.57%,+0.01,4,111541,卖盘
10:31:05,226.4,-1.70%,-0.31,32,726065,卖盘
10:31:08,226.3,-1.75%,-0.1,26,594038,卖盘
10:31:11,226.57,-1.63%,+0.27,15,339855,买盘
10:31:14,226.26,-1.76%,-0.31,12,271512,卖盘
10:31:17,226.26,-1.76%,--,15,358848,卖盘
10:31:20,226.27,-1.76%,+0.01,4,90508,卖盘
10:31:23,225.99,-1.88%,-0.28,161,3651094,卖盘
10:31:26,225.98,-1.88%,-0.01,2,45196,中性盘
10:31:29,225.88,-1.93%,-0.1,8,180704,卖盘
10:31:32,225.87,-1.93%,-0.01,3,89670,卖盘
10:31:35,225.99,-1.88%,+0.12,59,1333341,买盘
10:31:38,225.87,-1.93%,-0.12,9,210511,卖盘
10:31:41,225.51,-2.09%,-0.36,13,293163,卖盘
10:31:44,225.51,-2.09%,--,10,237011,买盘
10:31:47,225.52,-2.08%,+0.01,15,349330,卖盘
10:31:50,225.52,-2.08%,--,19,432096,买盘
10:31:53,225.55,-2.07%,+0.03,10,225550,中性盘
10:31:56,225.64,-2.03%,+0.09,40,910457,中性盘
10:31:59,225.97,-1.89%,+0.33,16,361552,买盘
10:32:02,225.97,-1.89%,--,9,203599,卖盘
10:32:05,225.92,-1.91%,-0.05,39,901647,买盘
10:32:08,225.92,-1.91%,--,84,1909702,买盘
10:32:11,225.78,-1.97%,-0.14,2,45156,卖盘
10:32:14,225.9,-1.92%,+0.12,2,45180,卖盘
10:32:17,225.78,-1.97%,-0.12,4,110406,卖盘
10:32:20,225.78,-1.97%,--,21,478202,卖盘
10:32:23,225.77,-1.98%,-0.01,11,248347,买盘
10:32:26,225.59,-2.05%,-0.18,34,787309,卖盘
10:32:29,225.74,-1.99%,+0.15,4,90296,中性盘
10:32:32,225.59,-2.05%,-0.15,35,805131,卖盘
10:32:35,225.58,-2.06%,-0.01,10,225580,卖盘
10:32:38,225.57,-2.06%,-0.01,21,494449,卖盘
10:32:41,225.48,-2.10%,-0.09,87,1970244,卖盘
10:32:41,225.48,-2.10%,-0.17,87,1970244,中性盘
10:32:44,225.31,-2.18%,-0.17,26,589636,卖盘
10:32:47,225.25,-2.20%,-0.06,22,495550,卖盘
10:32:50,225.2,-2.22%,-0.05,12,276771,卖盘
10:32:53,225.19,-2.23%,-0.01,22,495418,卖盘
10:32:56,225.17,-2.24%,-0.02,8,180136,卖盘
10:32:59,225.15,-2.24%,-0.02,5,112575,卖盘
10:33:02,225.15,-2.24%,--,172,3875507,卖盘
10:33:05,225.19,-2.23%,+0.04,63,1424552,买盘
10:33:08,225.08,-2.28%,-0.11,69,1573309,卖盘
10:33:11,225.0,-2.31%,-0.08,23,519300,卖盘
10:33:14,225.2,-2.22%,+0.2,64,1456368,买盘
10:33:17,225.1,-2.27%,-0.1,16,360160,中性盘
10:33:20,225.18,-2.23%,+0.08,14,328312,买盘
10:33:23,225.09,-2.27%,-0.09,25,562725,卖盘
10:33:26,225.01,-2.31%,-0.08,18,425944,卖盘
10:33:29,225.19,-2.23%,+0.18,19,437319,买盘
10:33:32,225.19,-2.23%,--,7,160560,卖盘
10:33:35,225.2,-2.22%,+0.01,4,111924,买盘
10:33:38,225.09,-2.27%,-0.11,19,429022,卖盘
10:33:41,225.4,-2.14%,+0.31,4,104360,买盘
10:33:44,225.19,-2.23%,-0.21,8,180152,卖盘
10:33:47,225.08,-2.28%,-0.11,7,157556,卖盘
10:33:50,225.5,-2.09%,+0.42,16,368016,买盘
10:33:53,225.31,-2.18%,-0.19,8,184754,中性盘
10:33:56,225.5,-2.09%,+0.19,7,164390,买盘
10:33:59,225.5,-2.09%,--,9,202950,买盘
10:34:02,225.39,-2.14%,-0.11,9,210740,卖盘
10:34:05,225.5,-2.09%,+0.11,10,231138,买盘
10:34:08,225.23,-2.21%,-0.27,18,405414,卖盘
10:34:11,225.5,-2.09%,+0.27,5,130114,买盘
10:34:14,225.3,-2.18%,-0.2,8,185647,卖盘
10:34:17,225.23,-2.21%,-0.07,42,957453,卖盘
10:34:20,225.26,-2.20%,+0.03,5,112630,卖盘
10:34:23,225.19,-2.23%,-0.07,16,370438,卖盘
10:34:26,225.18,-2.23%,-0.01,21,475130,卖盘
10:34:29,225.0,-2.31%,-0.18,461,10372500,卖盘
10:34:32,224.86,-2.37%,-0.14,382,8593250,卖盘
10:34:35,224.77,-2.41%,-0.09,15,337155,卖盘
10:34:38,224.51,-2.52%,-0.26,37,839892,卖盘
10:34:41,224.44,-2.55%,-0.07,7,178879,卖盘
10:34:44,224.32,-2.61%,-0.12,22,494177,卖盘
10:34:47,224.32,-2.61%,--,32,730162,卖盘
10:34:50,224.32,-2.61%,--,20,448640,买盘
10:34:53,224.3,-2.61%,-0.02,114,2567114,卖盘
10:34:56,224.2,-2.66%,-0.1,20,452211,中性盘
10:34:59,224.22,-2.65%,+0.02,17,394627,中性盘
10:35:02,224.02,-2.74%,-0.2,17,388003,卖盘
10:35:05,224.01,-2.74%,-0.01,21,484758,卖盘
10:35:08,224.0,-2.74%,-0.01,12,288288,卖盘
10:35:11,224.0,-2.74%,--,144,3238368,卖盘
10:35:14,224.0,-2.74%,--,138,3099936,卖盘
10:35:17,223.96,-2.76%,-0.04,49,1114649,卖盘
10:35:20,224.0,-2.74%,+0.04,21,470400,买盘
10:35:23,223.92,-2.78%,-0.08,98,2208299,卖盘
10:35:26,223.97,-2.76%,+0.05,40,910886,买盘
10:35:29,223.54,-2.94%,-0.43,83,1866335,卖盘
10:35:32,223.75,-2.85%,+0.21,13,304300,中性盘
10:35:35,223.93,-2.77%,+0.18,14,313502,中性盘
10:35:38,223.94,-2.77%,+0.01,14,315979,中性盘
10:35:41,223.92,-2.78%,-0.02,14,328715,买盘
10:35:44,223.63,-2.90%,-0.29,36,805068,卖盘
10:35:47,223.55,-2.94%,-0.08,22,508129,卖盘
10:35:50,223.6,-2.92%,+0.05,22,512491,中性盘
10:35:53,223.8,-2.83%,+0.2,11,247970,买盘
10:35:53,223.8,-2.83%,-0.22,11,247970,中性盘
10:35:56,223.58,-2.93%,-0.22,48,1089282,卖盘
10:35:59,223.62,-2.91%,+0.04,32,715584,中性盘
10:36:02,223.6,-2.92%,-0.02,52,1177925,卖盘
10:36:05,224.0,-2.74%,+0.4,17,387744,买盘
10:36:08,223.61,-2.91%,-0.39,90,2012490,卖盘
10:36:11,223.61,-2.91%,--,14,318644,卖盘
10:36:14,223.61,-2.91%,--,16,374547,买盘
10:36:17,224.0,-2.74%,+0.39,17,389536,买盘
10:36:20,223.64,-2.90%,-0.36,21,477024,中性盘
10:36:23,223.77,-2.84%,+0.13,4,89508,卖盘
10:36:26,223.73,-2.86%,-0.04,4,89492,卖盘
10:36:29,223.73,-2.86%,--,23,519949,卖盘
10:36:32,223.68,-2.88%,-0.05,19,438636,卖盘
10:36:35,223.67,-2.89%,-0.01,18,402606,中性盘
10:36:38,223.66,-2.89%,-0.01,12,290087,中性盘
10:36:41,223.79,-2.84%,+0.13,48,1081129,买盘
10:36:44,223.73,-2.86%,-0.06,2,44746,中性盘
10:36:47,223.79,-2.84%,+0.06,26,581854,买盘
10:36:50,223.79,-2.84%,--,10,224238,买盘
10:36:53,223.79,-2.84%,--,6,134274,卖盘
10:36:56,223.96,-2.76%,+0.17,10,244340,买盘
10:36:59,223.8,-2.83%,-0.16,15,352485,卖盘
10:37:02,223.8,-2.83%,--,26,594860,买盘
10:37:05,224.0,-2.74%,+0.2,9,217056,买盘
10:37:08,223.96,-2.76%,-0.04,11,253747,卖盘
10:37:11,223.97,-2.76%,+0.01,16,370894,卖盘
10:37:14,223.8,-2.83%,-0.17,56,1253280,卖盘
10:37:17,223.96,-2.76%,+0.16,16,369310,买盘
10:37:20,224.0,-2.74%,+0.04,25,560000,买盘
10:37:23,223.7,-2.87%,-0.3,124,2788421,卖盘
10:37:26,224.1,-2.70%,+0.4,18,403380,买盘
10:37:29,223.82,-2.82%,-0.28,28,642140,中性盘
10:37:32,223.8,-2.83%,-0.02,9,201420,卖盘
10:37:35,224.1,-2.70%,+0.3,8,179280,买盘
10:37:38,223.82,-2.82%,-0.28,14,313348,卖盘
10:37:41,224.11,-2.70%,+0.29,5,120795,买盘
10:37:47,224.42,-2.56%,+0.31,0,16607,买盘
10:37:50,224.79,-2.40%,+0.37,4,89916,中性盘
10:37:53,224.79,-2.40%,--,12,285708,买盘
10:37:56,224.11,-2.70%,-0.68,26,586272,卖盘
10:37:59,224.78,-2.41%,+0.67,69,1551881,买盘
10:38:02,224.78,-2.41%,--,31,718397,买盘
10:38:05,224.75,-2.42%,-0.03,4,89900,中性盘
10:38:08,224.44,-2.55%,-0.31,6,147008,卖盘
10:38:11,224.71,-2.44%,+0.27,2,44942,买盘
10:38:14,224.43,-2.56%,-0.28,9,201987,卖盘
10:38:17,224.44,-2.55%,+0.01,13,291772,中性盘
10:38:20,224.0,-2.74%,-0.44,61,1366400,卖盘
10:38:23,224.0,-2.74%,--,0,0,卖盘
10:38:26,223.98,-2.75%,-0.02,2,44796,卖盘
10:38:29,223.98,-2.75%,--,4,89592,中性盘
10:38:32,224.41,-2.57%,+0.43,20,457123,买盘
10:38:35,224.36,-2.59%,-0.05,14,314104,买盘
10:38:38,223.8,-2.83%,-0.56,94,2114015,卖盘
10:38:41,223.8,-2.83%,--,5,123985,买盘
10:38:44,223.8,-2.83%,--,218,4881526,卖盘
10:38:47,223.97,-2.76%,+0.17,4,100787,买盘
10:38:50,224.0,-2.74%,+0.03,12,274624,买盘
10:38:53,223.79,-2.84%,-0.21,9,210363,卖盘
10:38:56,224.0,-2.74%,+0.21,0,1792,买盘
10:38:59,223.97,-2.76%,-0.03,8,179176,卖盘
10:39:02,223.81,-2.83%,-0.16,14,317363,卖盘
10:39:05,223.0,-3.18%,-0.81,406,9066288,卖盘
10:39:08,223.01,-3.17%,+0.01,82,1842955,卖盘
10:39:08,223.01,-3.17%,--,82,1842955,中性盘
10:39:08,223.01,-3.17%,--,82,1842955,卖盘
10:39:11,223.03,-3.17%,+0.02,18,405915,卖盘
10:39:14,223.03,-3.17%,--,114,2559492,卖盘
10:39:17,223.03,-3.17%,--,167,3730400,卖盘
10:39:20,223.13,-3.12%,+0.1,82,1830112,中性盘
10:39:23,223.08,-3.14%,-0.05,57,1279141,卖盘
10:39:26,223.08,-3.14%,--,59,1316618,买盘
10:39:29,222.89,-3.23%,-0.19,18,409672,卖盘
10:39:32,223.08,-3.14%,+0.19,46,1045576,买盘
10:39:35,222.76,-3.28%,-0.32,82,1827300,卖盘
10:39:38,222.89,-3.23%,+0.13,12,273932,中性盘
10:39:41,222.84,-3.25%,-0.05,67,1513975,卖盘
10:39:44,222.84,-3.25%,--,64,1442443,卖盘
10:39:47,222.88,-3.23%,+0.04,65,1462761,买盘
10:39:50,223.65,-2.90%,+0.77,5,111825,买盘
10:39:53,223.63,-2.90%,-0.02,11,256951,买盘
10:39:56,223.0,-3.18%,-0.63,6,143389,卖盘
10:39:59,223.57,-2.93%,+0.57,38,865439,中性盘
10:40:02,222.98,-3.19%,-0.59,9,219858,中性盘
10:40:05,223.0,-3.18%,+0.02,29,647369,卖盘
10:40:08,224.0,-2.74%,+1,87,1949248,买盘
10:40:11,224.44,-2.55%,+0.44,50,1135442,买盘
10:40:14,224.8,-2.40%,+0.36,81,1835042,买盘
10:40:17,225.0,-2.31%,+0.2,37,850500,买盘
10:40:20,224.8,-2.40%,-0.2,16,381710,中性盘
10:40:23,224.8,-2.40%,--,30,684966,买盘
10:40:26,224.79,-2.40%,-0.01,52,1190038,卖盘
10:40:29,224.81,-2.39%,+0.02,13,296075,买盘
10:40:32,225.01,-2.31%,+0.2,73,1655849,买盘
10:40:35,225.46,-2.11%,+0.45,2,45092,买盘
10:40:38,225.01,-2.31%,-0.45,28,634078,卖盘
10:40:41,224.93,-2.34%,-0.08,11,262718,中性盘
10:40:44,224.68,-2.45%,-0.25,35,794468,卖盘
10:40:47,224.68,-2.45%,--,27,624835,卖盘
10:40:50,224.68,-2.45%,--,8,184912,卖盘
10:40:53,224.68,-2.45%,--,18,421050,买盘
10:40:56,224.68,-2.45%,--,14,331852,买盘
10:40:59,224.58,-2.49%,-0.1,2,44916,买盘
10:41:02,224.83,-2.38%,+0.25,13,303970,买盘
10:41:05,224.67,-2.45%,-0.16,17,390701,卖盘
10:41:08,224.67,-2.45%,--,5,112784,卖盘
10:41:11,224.83,-2.38%,+0.16,68,1533565,买盘
10:41:14,224.72,-2.43%,-0.11,11,249889,中性盘
10:41:17,224.83,-2.38%,+0.11,12,287558,买盘
10:41:20,224.83,-2.38%,--,20,455955,买盘
10:41:23,224.97,-2.32%,+0.14,4,90663,买盘
10:41:26,224.97,-2.32%,--,12,284362,买盘
10:41:29,224.97,-2.32%,--,6,143981,卖盘
10:41:32,225.0,-2.31%,+0.03,25,571950,买盘
10:41:35,224.99,-2.31%,-0.01,15,346035,买盘
10:41:38,224.99,-2.31%,--,22,506677,买盘
10:41:41,224.98,-2.32%,-0.01,13,313622,卖盘
10:41:44,224.97,-2.32%,-0.01,86,1949590,卖盘
10:41:47,225.3,-2.18%,+0.33,41,933643,买盘
10:41:50,225.3,-2.18%,--,24,540720,买盘
10:41:53,225.3,-2.18%,--,20,451276,买盘
10:41:56,225.3,-2.18%,--,22,498364,卖盘
10:41:59,225.3,-2.18%,--,9,202770,卖盘
10:42:02,225.3,-2.18%,--,37,855689,卖盘
10:42:05,225.29,-2.18%,-0.01,11,269447,买盘
10:42:08,225.28,-2.19%,-0.01,2,49562,中性盘
10:42:11,225.03,-2.30%,-0.25,10,236732,卖盘
10:42:14,225.02,-2.30%,-0.01,16,367458,卖盘
10:42:17,225.01,-2.31%,-0.01,21,478596,卖盘
10:42:20,225.01,-2.31%,--,8,190133,买盘
10:42:20,225.01,-2.31%,-0.03,8,190133,中性盘
10:42:23,224.98,-2.32%,-0.03,12,274476,中性盘
10:42:26,224.98,-2.32%,--,12,273351,卖盘
10:42:29,224.97,-2.32%,-0.01,34,784020,卖盘
10:42:32,224.72,-2.43%,-0.25,18,426519,卖盘
10:42:35,224.89,-2.36%,+0.17,20,459000,买盘
10:42:38,224.99,-2.31%,+0.1,41,928084,买盘
10:42:41,225.0,-2.31%,+0.01,94,2115900,买盘
10:42:44,224.9,-2.35%,-0.1,4,89960,卖盘
10:42:47,225.01,-2.31%,+0.11,22,513698,买盘
10:42:50,225.01,-2.31%,--,17,382517,买盘
10:42:53,225.29,-2.18%,+0.28,5,112645,买盘
10:42:56,225.02,-2.30%,-0.27,86,1940122,卖盘
10:42:59,225.29,-2.18%,+0.27,45,1016959,买盘
10:43:02,225.03,-2.30%,-0.26,25,564825,卖盘
10:43:05,225.29,-2.18%,+0.26,12,288822,买盘
10:43:08,225.3,-2.18%,+0.01,75,1702142,买盘
10:43:11,225.3,-2.18%,--,65,1482249,卖盘
10:43:14,225.3,-2.18%,--,28,630840,买盘
10:43:17,225.12,-2.26%,-0.18,54,1236134,卖盘
10:43:20,225.12,-2.26%,--,10,225120,买盘
10:43:23,225.12,-2.26%,--,32,735692,买盘
10:43:26,225.22,-2.21%,+0.1,2,45044,中性盘
10:43:29,225.3,-2.18%,+0.08,15,351468,买盘
10:43:32,225.3,-2.18%,--,30,683335,买盘
10:43:35,225.3,-2.18%,--,12,279597,买盘
10:43:38,225.43,-2.12%,+0.13,6,137963,买盘
10:43:41,225.41,-2.13%,-0.02,49,1111722,买盘
10:43:44,225.4,-2.14%,-0.01,2,52293,卖盘
10:43:47,225.34,-2.16%,-0.06,44,1009073,卖盘
10:43:50,225.33,-2.17%,-0.01,4,108834,卖盘
10:43:53,225.3,-2.18%,-0.03,12,280949,卖盘
10:43:56,225.17,-2.24%,-0.13,37,846639,卖盘
10:43:59,225.14,-2.25%,-0.03,19,442850,卖盘
10:44:02,225.12,-2.26%,-0.02,13,306388,卖盘
10:44:05,224.99,-2.31%,-0.13,90,2037509,卖盘
10:44:08,224.99,-2.31%,--,13,314311,买盘
10:44:11,224.99,-2.31%,--,0,4500,卖盘
10:44:14,224.67,-2.45%,-0.32,8,190745,卖盘
10:44:17,224.67,-2.45%,--,13,293868,买盘
10:44:20,224.67,-2.45%,--,1,36621,卖盘
10:44:23,224.6,-2.48%,-0.07,9,206632,卖盘
10:44:26,224.5,-2.53%,-0.1,11,264012,卖盘
10:44:29,224.59,-2.49%,+0.09,5,116338,买盘
10:44:32,224.45,-2.55%,-0.14,13,309965,卖盘
10:44:35,224.45,-2.55%,--,0,0,买盘
10:44:38,224.44,-2.55%,-0.01,14,324091,买盘
10:44:41,224.08,-2.71%,-0.36,17,381832,中性盘
10:44:44,224.15,-2.68%,+0.07,4,98626,中性盘
10:44:47,224.18,-2.67%,+0.03,8,182931,中性盘
10:44:50,224.4,-2.57%,+0.22,7,157080,买盘
10:44:53,224.19,-2.66%,-0.21,7,163659,卖盘
10:44:56,224.2,-2.66%,+0.01,20,448400,中性盘
10:44:59,224.19,-2.66%,-0.01,35,786234,卖盘
10:45:02,224.19,-2.66%,--,11,262526,买盘
10:45:05,224.24,-2.64%,+0.05,12,291064,买盘
10:45:08,224.6,-2.48%,+0.36,13,303435,买盘
10:45:11,224.68,-2.45%,+0.08,42,945678,买盘
10:45:14,225.0,-2.31%,+0.32,37,853875,买盘
10:45:17,225.05,-2.29%,+0.05,18,413642,买盘
10:45:20,225.2,-2.22%,+0.15,17,400856,买盘
10:45:23,225.28,-2.19%,+0.08,21,475566,买盘
10:45:26,225.08,-2.28%,-0.2,30,683793,卖盘
10:45:29,225.0,-2.31%,-0.08,15,337500,卖盘
10:45:32,225.05,-2.29%,+0.05,17,387986,买盘
10:45:35,224.71,-2.44%,-0.34,4,89884,中性盘
10:45:35,224.71,-2.44%,--,4,89884,中性盘
10:45:35,224.71,-2.44%,--,4,89884,卖盘
10:45:38,225.01,-2.31%,+0.3,9,207909,中性盘
10:45:41,225.0,-2.31%,-0.01,7,157500,卖盘
10:45:44,225.05,-2.29%,+0.05,2,45010,买盘
10:45:47,225.02,-2.30%,-0.03,6,153239,卖盘
10:45:50,225.04,-2.29%,+0.02,6,135249,买盘
10:45:53,225.2,-2.22%,+0.16,17,383290,买盘
10:45:56,225.21,-2.22%,+0.01,12,286918,中性盘
10:45:59,225.0,-2.31%,-0.21,15,338625,卖盘
10:46:02,224.99,-2.31%,-0.01,12,281238,卖盘
10:46:05,224.99,-2.31%,--,6,140844,买盘
10:46:08,224.74,-2.42%,-0.25,10,228785,卖盘
10:46:11,225.0,-2.31%,+0.26,24,551025,买盘
10:46:14,225.0,-2.31%,--,13,294525,买盘
10:46:17,225.02,-2.30%,+0.02,30,695537,中性盘
10:46:20,225.0,-2.31%,-0.02,32,731475,卖盘
10:46:23,224.76,-2.41%,-0.24,4,90129,卖盘
10:46:26,224.71,-2.44%,-0.05,41,933221,卖盘
10:46:29,224.71,-2.44%,--,6,134826,卖盘
10:46:32,224.76,-2.41%,+0.05,20,457387,中性盘
10:46:35,224.84,-2.38%,+0.08,9,218544,买盘
10:46:38,224.5,-2.53%,-0.34,4,111577,卖盘
10:46:41,224.23,-2.64%,-0.27,15,337690,卖盘
10:46:44,224.71,-2.44%,+0.48,4,93030,买盘
10:46:47,224.22,-2.65%,-0.49,11,247987,卖盘
10:46:50,224.71,-2.44%,+0.49,13,312347,买盘
10:46:53,224.29,-2.62%,-0.42,18,414264,卖盘
10:46:56,224.38,-2.58%,+0.09,66,1485844,卖盘
10:46:59,224.53,-2.51%,+0.15,4,92731,中性盘
10:47:02,224.52,-2.52%,-0.01,7,166145,卖盘
10:47:05,224.53,-2.51%,+0.01,13,294583,买盘
10:47:08,225.0,-2.31%,+0.47,46,1038600,买盘
10:47:11,224.56,-2.50%,-0.44,53,1211277,卖盘
10:47:14,224.57,-2.50%,+0.01,14,320012,中性盘
10:47:17,225.2,-2.22%,+0.63,7,166423,买盘
10:47:20,225.2,-2.22%,--,14,322036,买盘
10:47:23,225.19,-2.23%,-0.01,15,353999,中性盘
10:47:26,224.62,-2.47%,-0.57,5,130055,卖盘
10:47:29,225.18,-2.23%,+0.56,4,94576,中性盘
10:47:32,224.87,-2.37%,-0.31,9,218349,卖盘
10:47:35,224.87,-2.37%,--,0,0,中性盘
10:47:38,224.87,-2.37%,--,2,53969,卖盘
10:47:41,224.7,-2.44%,-0.17,3,88981,卖盘
10:47:44,224.87,-2.37%,+0.17,9,219023,中性盘
10:47:47,225.17,-2.24%,+0.3,16,377610,买盘
10:47:50,225.17,-2.24%,--,55,1258475,卖盘
10:47:53,224.66,-2.46%,-0.51,6,152769,卖盘
10:47:56,224.66,-2.46%,--,0,0,卖盘
10:47:59,224.87,-2.37%,+0.21,7,178547,买盘
10:48:02,224.7,-2.44%,-0.17,6,139314,卖盘
10:48:05,224.72,-2.43%,+0.02,5,112360,卖盘
10:48:08,224.72,-2.43%,--,3,67416,买盘
10:48:11,224.71,-2.44%,-0.01,16,379760,卖盘
10:48:14,224.67,-2.45%,-0.04,9,203102,卖盘
10:48:20,224.66,-2.46%,-0.01,1,26959,卖盘
10:48:23,224.6,-2.48%,-0.06,37,844945,卖盘
10:48:26,224.6,-2.48%,--,17,381820,卖盘
10:48:29,224.52,-2.52%,-0.08,8,185004,卖盘
10:48:32,224.5,-2.53%,-0.02,16,359200,卖盘
10:48:35,224.5,-2.53%,--,9,223378,卖盘
10:48:38,224.5,-2.53%,--,25,583251,卖盘
10:48:41,224.5,-2.53%,--,7,165457,买盘
10:48:44,224.61,-2.48%,+0.11,16,366114,买盘
10:48:47,224.51,-2.52%,-0.1,34,772988,卖盘
10:48:47,224.51,-2.52%,--,34,772988,中性盘
10:48:50,224.52,-2.52%,+0.01,10,238440,买盘
10:48:53,224.61,-2.48%,+0.09,12,270655,买盘
10:48:56,224.61,-2.48%,--,2,45147,买盘
10:48:59,224.61,-2.48%,--,28,645978,买盘
10:49:02,224.43,-2.56%,-0.18,39,892558,卖盘
10:49:05,224.43,-2.56%,--,35,799420,买盘
10:49:08,224.7,-2.44%,+0.27,28,635901,买盘
10:49:11,224.43,-2.56%,-0.27,10,241262,卖盘
10:49:14,224.42,-2.56%,-0.01,7,162480,卖盘
10:49:17,224.3,-2.61%,-0.12,15,336674,卖盘
10:49:20,224.7,-2.44%,+0.4,45,1016318,买盘
10:49:23,224.7,-2.44%,--,16,372777,买盘
10:49:26,224.7,-2.44%,--,0,0,买盘
10:49:29,224.7,-2.44%,--,13,293908,买盘
10:49:32,224.29,-2.62%,-0.41,3,72446,卖盘
10:49:35,224.7,-2.44%,+0.41,16,364014,买盘
10:49:38,224.31,-2.61%,-0.39,7,163522,卖盘
10:49:41,224.31,-2.61%,--,2,44862,卖盘
10:49:44,224.31,-2.61%,--,4,105874,卖盘
10:49:47,224.31,-2.61%,--,14,333325,卖盘
10:49:50,224.31,-2.61%,--,0,2916,卖盘
10:49:53,224.28,-2.62%,-0.03,6,137932,卖盘
10:49:56,224.28,-2.62%,--,2,53603,卖盘
10:49:59,224.2,-2.66%,-0.08,4,89680,卖盘
10:50:02,224.16,-2.67%,-0.04,3,85629,卖盘
10:50:08,224.08,-2.71%,-0.08,2,44816,卖盘
10:50:11,224.08,-2.71%,--,0,7843,卖盘
10:50:14,224.15,-2.68%,+0.07,9,213167,买盘
10:50:17,224.09,-2.70%,-0.06,15,336135,中性盘
10:50:20,224.25,-2.64%,+0.16,89,2010626,买盘
10:50:23,224.67,-2.45%,+0.42,63,1421936,买盘
10:50:26,224.71,-2.44%,+0.04,42,951647,买盘
10:50:29,224.8,-2.40%,+0.09,8,179840,买盘
10:50:32,224.71,-2.44%,-0.09,11,259765,卖盘
10:50:35,224.85,-2.37%,+0.14,23,537616,买盘
10:50:38,224.71,-2.44%,-0.14,17,397063,卖盘
10:50:41,224.8,-2.40%,+0.09,3,80928,买盘
10:50:44,224.91,-2.35%,+0.11,5,124375,中性盘
10:50:47,224.81,-2.39%,-0.1,7,161863,卖盘
10:50:50,224.81,-2.39%,--,14,316982,卖盘
10:50:53,224.99,-2.31%,+0.18,19,428381,买盘
10:50:56,224.41,-2.57%,-0.58,11,250666,卖盘
10:50:59,224.98,-2.32%,+0.57,2,44996,买盘
10:51:02,224.41,-2.57%,-0.57,4,92008,卖盘
10:51:05,224.98,-2.32%,+0.57,6,139263,买盘
10:51:08,224.52,-2.52%,-0.46,2,66009,卖盘
10:51:11,224.61,-2.48%,+0.09,8,197432,中性盘
10:51:14,224.98,-2.32%,+0.37,10,235779,买盘
10:51:17,224.62,-2.47%,-0.36,8,192499,卖盘
10:51:20,224.62,-2.47%,--,4,106919,卖盘
10:51:23,224.61,-2.48%,-0.01,2,55254,卖盘
10:51:26,224.6,-2.48%,-0.01,6,155199,卖盘
10:51:29,224.6,-2.48%,--,0,21786,卖盘
10:51:32,224.5,-2.53%,-0.1,10,224500,卖盘
10:51:35,224.4,-2.57%,-0.1,6,134640,卖盘
10:51:38,224.41,-2.57%,+0.01,2,47799,中性盘
10:51:41,224.42,-2.56%,+0.01,4,109517,买盘
10:51:44,224.42,-2.56%,--,2,56105,买盘
10:51:47,224.4,-2.57%,-0.02,4,98063,卖盘
10:51:50,224.41,-2.57%,+0.01,13,295772,中性盘
10:51:53,224.41,-2.57%,--,0,0,买盘
10:51:56,224.32,-2.61%,-0.09,4,104084,卖盘
10:51:59,224.15,-2.68%,-0.17,12,287360,卖盘
10:52:02,224.31,-2.61%,+0.16,7,171597,买盘
11:01:41,225.05,-2.29%,--,9,212222,中性盘
11:01:44,225.07,-2.28%,+0.02,12,270084,买盘
11:01:47,225.05,-2.29%,-0.02,7,161811,买盘
11:01:50,225.01,-2.31%,-0.04,2,54452,卖盘
11:01:53,225.05,-2.29%,+0.04,3,76292,买盘
11:01:56,225.02,-2.30%,-0.03,6,137712,买盘
11:01:59,224.99,-2.31%,-0.03,4,96746,卖盘
11:02:02,225.01,-2.31%,+0.02,4,90004,中性盘
11:02:05,224.98,-2.32%,-0.03,29,672015,卖盘
11:02:08,224.95,-2.33%,-0.03,21,493990,卖盘
11:02:11,225.01,-2.31%,+0.06,3,89779,买盘
11:02:14,225.01,-2.31%,--,3,88654,买盘
11:02:17,224.99,-2.31%,-0.02,24,555725,卖盘
11:02:20,224.97,-2.32%,-0.02,2,49493,卖盘
11:02:26,224.97,-2.32%,--,4,89988,卖盘
11:02:29,224.97,-2.32%,--,6,141506,卖盘
11:02:32,224.95,-2.33%,-0.02,5,112475,卖盘
11:02:35,224.94,-2.34%,-0.01,9,224265,卖盘
11:02:41,224.95,-2.33%,+0.01,4,90430,买盘
11:02:44,224.92,-2.34%,-0.03,10,234367,卖盘
11:02:47,224.92,-2.34%,--,0,0,买盘
11:02:53,224.87,-2.37%,-0.05,28,640205,卖盘
11:02:56,224.88,-2.36%,+0.01,7,160339,中性盘
11:02:59,224.88,-2.36%,--,0,0,买盘
11:03:05,224.86,-2.37%,-0.02,2,44972,卖盘
11:03:08,224.86,-2.37%,--,2,50369,卖盘
11:03:11,224.86,-2.37%,--,1,39575,买盘
11:03:14,224.85,-2.37%,-0.01,2,44970,卖盘
11:03:17,224.85,-2.37%,--,0,17089,卖盘
11:03:26,224.81,-2.39%,-0.04,2,52381,卖盘
11:03:32,224.82,-2.39%,+0.01,2,44964,卖盘
11:03:35,224.85,-2.37%,+0.03,6,134910,买盘
11:03:38,224.85,-2.37%,--,2,44970,买盘
11:03:41,224.85,-2.37%,--,5,124792,买盘
11:03:44,224.81,-2.39%,-0.04,15,345983,卖盘
11:03:47,224.78,-2.41%,-0.03,14,334922,卖盘
11:03:50,224.78,-2.41%,--,2,44956,卖盘
11:03:53,224.78,-2.41%,--,4,89912,卖盘
11:03:56,224.78,-2.41%,--,4,106096,卖盘
11:03:59,224.71,-2.44%,-0.07,6,135950,卖盘
11:04:02,224.71,-2.44%,--,2,59773,卖盘
11:04:05,224.71,-2.44%,--,0,0,卖盘
11:04:11,224.71,-2.44%,--,4,92581,卖盘
11:04:14,224.71,-2.44%,--,2,47639,卖盘
11:04:17,224.65,-2.46%,-0.06,4,89860,卖盘
11:04:20,224.71,-2.44%,+0.06,8,186734,买盘
11:04:26,224.7,-2.44%,-0.01,9,211892,买盘
11:04:29,224.78,-2.41%,+0.08,15,352005,买盘
11:04:32,224.72,-2.43%,-0.06,15,349664,卖盘
11:04:38,224.71,-2.44%,-0.01,8,202014,卖盘
11:04:41,224.71,-2.44%,--,4,111906,卖盘
11:04:44,224.71,-2.44%,--,8,184936,卖盘
11:04:47,224.71,-2.44%,--,2,44942,买盘
11:04:50,224.71,-2.44%,--,0,20449,买盘
11:04:53,224.7,-2.44%,-0.01,9,204252,卖盘
11:27:29,224.31,-2.61%,-0.11,7,173616,中性盘
11:27:32,224.2,-2.66%,-0.11,21,476649,卖盘
11:27:35,224.17,-2.67%,-0.03,2,62319,卖盘
11:27:38,224.2,-2.66%,+0.03,16,377104,买盘
11:27:41,224.2,-2.66%,--,2,44840,买盘
11:27:44,224.2,-2.66%,--,7,175324,买盘
11:27:47,224.17,-2.67%,-0.03,8,179336,卖盘
11:27:50,224.2,-2.66%,+0.03,21,472838,卖盘
11:27:53,224.21,-2.65%,+0.01,4,89684,中性盘
11:27:59,224.21,-2.65%,--,0,0,卖盘
11:28:02,224.45,-2.55%,+0.24,6,154646,买盘
11:28:05,224.47,-2.54%,+0.02,38,858598,中性盘
11:28:08,224.2,-2.66%,-0.27,50,1124587,卖盘
11:28:11,223.99,-2.75%,-0.21,33,743647,卖盘
11:28:14,224.1,-2.70%,+0.11,7,156870,买盘
11:28:17,223.24,-3.07%,-0.86,23,516801,卖盘
11:28:20,223.99,-2.75%,+0.75,2,44798,买盘
11:28:23,224.2,-2.66%,+0.21,11,255140,买盘
11:28:29,224.2,-2.66%,--,0,0,买盘
11:28:32,223.24,-3.07%,-0.96,2,56480,卖盘
11:28:35,223.24,-3.07%,--,0,0,卖盘
11:28:38,223.97,-2.76%,+0.73,9,211652,买盘
11:28:41,223.24,-3.07%,-0.73,10,225472,卖盘
11:28:44,223.92,-2.78%,+0.68,2,44784,中性盘
11:28:47,223.96,-2.76%,+0.04,4,89584,买盘
11:28:50,223.33,-3.03%,-0.63,4,89332,中性盘
11:28:53,223.95,-2.77%,+0.62,6,145791,中性盘
11:28:56,223.96,-2.76%,+0.01,6,156324,买盘
11:28:59,223.38,-3.01%,-0.58,17,386671,卖盘
11:29:02,223.94,-2.77%,+0.56,8,196395,买盘
11:29:05,223.95,-2.77%,+0.01,4,89580,买盘
11:29:08,224.06,-2.72%,+0.11,14,334970,买盘
11:29:11,224.06,-2.72%,--,0,0,买盘
11:29:17,223.94,-2.77%,-0.12,10,238496,卖盘
11:29:20,223.94,-2.77%,--,2,46580,买盘
11:29:23,224.0,-2.74%,+0.06,13,293888,买盘
11:29:26,224.04,-2.73%,+0.04,26,595722,买盘
11:29:29,224.06,-2.72%,+0.02,4,94553,买盘
11:29:32,224.0,-2.74%,-0.06,16,379456,卖盘
11:29:35,224.0,-2.74%,--,2,48160,买盘
11:29:38,224.0,-2.74%,--,9,216160,买盘
11:29:41,224.06,-2.72%,+0.06,79,1776796,买盘
11:29:44,224.06,-2.72%,--,7,159979,买盘
11:29:47,224.05,-2.72%,-0.01,2,44810,中性盘
11:29:53,224.0,-2.74%,-0.05,26,604128,卖盘
11:29:56,224.1,-2.70%,+0.1,4,99276,买盘
11:29:59,224.0,-2.74%,-0.1,6,151200,卖盘
13:00:02,224.15,-2.68%,+0.15,134,3024904,买盘
13:00:05,224.0,-2.74%,-0.15,50,1120224,卖盘
13:00:08,223.0,-3.18%,-1,51,1137969,卖盘
13:00:11,223.88,-2.80%,+0.88,54,1231116,买盘
13:00:14,223.88,-2.80%,--,0,0,中性盘
13:00:17,223.22,-3.08%,-0.66,4,89288,中性盘
13:00:23,223.92,-2.78%,+0.7,2,53069,买盘
13:00:26,223.19,-3.10%,-0.73,5,126102,卖盘
13:00:32,223.19,-3.10%,--,6,133914,买盘
13:00:35,223.1,-3.13%,-0.09,3,73623,卖盘
13:00:38,223.05,-3.16%,-0.05,11,263645,卖盘
13:00:41,223.05,-3.16%,--,2,44610,卖盘
13:00:41,223.05,-3.16%,-0.05,2,44610,中性盘
13:00:44,223.0,-3.18%,-0.05,8,189550,卖盘
13:00:47,222.99,-3.18%,-0.01,4,111272,卖盘
13:00:50,222.99,-3.18%,--,4,89865,买盘
13:00:53,223.05,-3.16%,+0.06,8,182232,买盘
13:00:56,223.05,-3.16%,--,3,80521,买盘
13:01:02,223.05,-3.16%,--,0,0,中性盘
13:01:08,223.0,-3.18%,-0.05,2,44600,卖盘
13:01:11,223.0,-3.18%,--,15,342974,买盘
13:01:14,222.98,-3.19%,-0.02,2,44596,卖盘
13:01:17,222.98,-3.19%,--,9,206257,卖盘
13:01:20,222.97,-3.19%,-0.01,5,123302,卖盘
13:01:23,222.93,-3.21%,-0.04,14,321019,卖盘
13:01:26,222.97,-3.19%,+0.04,18,411157,买盘
13:01:29,222.97,-3.19%,--,2,44594,卖盘
13:01:32,222.97,-3.19%,--,9,216950,卖盘
13:01:35,222.97,-3.19%,--,9,206024,买盘
13:01:38,222.8,-3.27%,-0.17,12,272262,中性盘
13:01:41,222.8,-3.27%,--,8,187152,买盘
13:01:47,222.6,-3.35%,-0.2,11,264449,卖盘
13:01:50,222.6,-3.35%,--,4,93937,买盘
13:01:53,222.56,-3.37%,-0.04,4,94143,卖盘
13:01:56,222.6,-3.35%,+0.04,11,246418,买盘
13:01:59,222.56,-3.37%,-0.04,1,38725,卖盘
13:02:02,222.53,-3.38%,-0.03,4,92127,中性盘
13:02:05,222.4,-3.44%,-0.13,6,138778,卖盘
13:02:08,222.0,-3.61%,-0.4,38,858030,卖盘
13:02:11,222.56,-3.37%,+0.56,46,1038910,买盘
13:02:14,221.88,-3.66%,-0.68,5,115821,卖盘
13:02:17,222.55,-3.37%,+0.67,15,337386,买盘
13:02:20,222.03,-3.60%,-0.52,19,421857,中性盘
13:02:23,222.55,-3.37%,+0.52,10,231229,买盘
13:02:26,222.55,-3.37%,--,4,95251,买盘
13:02:29,222.04,-3.59%,-0.51,3,75938,卖盘
13:02:32,222.54,-3.38%,+0.5,27,619551,中性盘
13:02:35,222.08,-3.58%,-0.46,15,345556,中性盘
13:02:38,222.08,-3.58%,--,4,91275,卖盘
13:02:41,222.04,-3.59%,-0.04,10,222040,卖盘
13:02:44,222.5,-3.40%,+0.46,2,62078,买盘
13:02:47,222.5,-3.40%,--,6,145070,买盘
13:02:50,222.14,-3.55%,-0.36,6,147945,卖盘
13:02:53,222.5,-3.40%,+0.36,5,121930,买盘
13:02:56,222.48,-3.40%,-0.02,9,212246,中性盘
13:02:59,222.14,-3.55%,-0.34,2,52425,卖盘
13:03:02,222.47,-3.41%,+0.33,2,62959,买盘
13:03:05,222.17,-3.54%,-0.3,4,89757,卖盘
13:03:08,222.46,-3.41%,+0.29,7,169515,买盘
13:03:11,222.47,-3.41%,+0.01,4,107008,买盘
13:03:14,222.17,-3.54%,-0.3,5,111974,卖盘
13:03:17,222.46,-3.41%,+0.29,13,294092,卖盘
13:03:20,222.18,-3.53%,-0.28,6,151082,卖盘
13:03:23,222.46,-3.41%,+0.28,5,130584,买盘
13:03:26,222.46,-3.41%,--,0,0,买盘
13:03:29,222.46,-3.41%,--,5,130584,买盘
13:03:32,222.45,-3.42%,-0.01,2,44490,中性盘
13:03:35,222.45,-3.42%,--,2,44935,买盘
13:03:38,222.45,-3.42%,--,4,106776,买盘
13:03:41,222.45,-3.42%,--,34,763893,买盘
13:03:44,222.21,-3.52%,-0.24,15,355092,卖盘
13:03:47,222.44,-3.42%,+0.23,8,179732,中性盘
13:03:50,222.44,-3.42%,--,2,55388,买盘
13:03:53,222.44,-3.42%,--,10,244462,买盘
13:03:56,222.44,-3.42%,--,14,330323,买盘
13:03:56,222.44,-3.42%,-0.22,14,330323,中性盘
13:03:59,222.22,-3.52%,-0.22,4,101999,中性盘
13:04:02,222.21,-3.52%,-0.01,3,66663,卖盘
13:04:05,222.44,-3.42%,+0.23,2,44488,买盘
13:04:08,222.44,-3.42%,--,4,100320,买盘
13:04:11,222.45,-3.42%,+0.01,6,135695,买盘
13:04:14,222.21,-3.52%,-0.24,7,161769,卖盘
13:04:17,222.47,-3.41%,+0.26,40,907900,买盘
13:04:20,222.04,-3.59%,-0.43,8,185625,卖盘
13:04:23,222.04,-3.59%,--,0,0,卖盘
13:04:26,222.04,-3.59%,--,41,917913,卖盘
13:04:29,222.04,-3.59%,--,24,545774,卖盘
13:04:32,222.47,-3.41%,+0.43,2,44494,买盘
13:04:35,222.47,-3.41%,--,10,222470,买盘
13:04:38,222.5,-3.40%,+0.03,36,821915,买盘
13:04:41,222.45,-3.42%,-0.05,13,289185,买盘
13:04:44,222.47,-3.41%,+0.02,12,272748,买盘
13:04:47,222.47,-3.41%,--,3,74527,买盘
13:04:50,222.5,-3.40%,+0.03,6,143513,买盘
13:04:53,222.54,-3.38%,+0.04,21,478016,买盘
13:04:56,222.96,-3.20%,+0.42,126,2828025,买盘
13:04:59,222.96,-3.20%,--,6,140242,买盘
13:05:02,222.96,-3.20%,--,16,376134,买盘
13:05:08,222.63,-3.34%,-0.33,9,222407,卖盘
13:05:11,222.61,-3.35%,-0.02,2,44522,卖盘
13:05:14,222.96,-3.20%,+0.35,2,48828,买盘
13:05:17,222.61,-3.35%,-0.35,3,72126,卖盘
13:05:26,222.61,-3.35%,--,0,0,买盘
13:05:29,222.61,-3.35%,--,5,115980,买盘
13:05:32,222.52,-3.39%,-0.09,28,640635,卖盘
13:05:35,222.52,-3.39%,--,0,0,卖盘
13:05:38,222.95,-3.20%,+0.43,6,145140,买盘
13:05:41,222.53,-3.38%,-0.42,4,89012,买盘
13:05:44,222.53,-3.38%,--,8,194491,买盘
13:05:47,222.53,-3.38%,--,8,196717,买盘
13:05:50,222.52,-3.39%,-0.01,4,90566,卖盘
13:05:53,222.5,-3.40%,-0.02,9,202030,卖盘
13:05:56,222.45,-3.42%,-0.05,4,89425,卖盘
13:05:59,222.49,-3.40%,+0.04,6,143951,买盘
13:06:02,222.49,-3.40%,--,4,101010,买盘
13:06:05,222.49,-3.40%,--,2,48280,买盘
13:06:08,222.49,-3.40%,--,13,303921,买盘
13:06:11,222.09,-3.57%,-0.4,36,800190,卖盘
13:06:14,222.94,-3.20%,+0.85,10,232081,买盘
13:06:17,222.54,-3.38%,-0.4,2,49404,卖盘
13:06:20,222.95,-3.20%,+0.41,2,45705,买盘
13:06:23,222.95,-3.20%,--,10,222950,买盘
13:06:26,222.95,-3.20%,--,4,95869,买盘
13:06:32,222.95,-3.20%,--,0,0,买盘
13:06:35,222.94,-3.20%,-0.01,10,228959,买盘
13:06:47,222.94,-3.20%,--,0,0,买盘
13:06:53,222.8,-3.27%,-0.14,2,44560,买盘
13:06:56,222.92,-3.21%,+0.12,6,135312,买盘
13:06:59,222.92,-3.21%,--,0,0,买盘
13:07:02,222.91,-3.22%,-0.01,12,277969,买盘
13:07:05,222.91,-3.22%,--,6,143108,买盘
13:07:08,222.91,-3.22%,--,4,94068,买盘
13:07:08,222.91,-3.22%,-0.11,4,94068,中性盘
13:07:11,222.8,-3.27%,-0.11,4,89120,卖盘
13:07:14,222.86,-3.24%,+0.06,13,294398,卖盘
13:07:20,222.25,-3.50%,-0.61,28,625634,卖盘
13:07:23,222.18,-3.53%,-0.07,21,470799,卖盘
13:07:26,222.86,-3.24%,+0.68,15,342090,买盘
13:07:32,222.84,-3.25%,-0.02,3,66852,中性盘
13:07:35,222.16,-3.54%,-0.68,8,195723,卖盘
13:07:38,222.18,-3.53%,+0.02,4,97315,买盘
13:07:41,222.18,-3.53%,--,0,0,卖盘
13:07:44,222.16,-3.54%,-0.02,3,66648,卖盘
13:07:47,222.22,-3.52%,+0.06,2,44444,中性盘
13:07:50,222.22,-3.52%,--,4,88888,卖盘
13:07:53,222.11,-3.56%,-0.11,14,323392,卖盘
13:07:56,222.11,-3.56%,--,18,403352,卖盘
13:07:59,222.2,-3.53%,+0.09,5,129543,中性盘
13:08:02,222.75,-3.29%,+0.55,6,133650,卖盘
13:08:05,222.7,-3.31%,-0.05,24,536039,中性盘
13:08:17,222.7,-3.31%,--,0,0,中性盘
13:08:20,222.7,-3.31%,--,2,44540,卖盘
13:08:23,222.37,-3.45%,-0.33,4,94507,卖盘
13:08:32,222.27,-3.50%,-0.1,12,266724,卖盘
13:08:35,222.37,-3.45%,+0.1,8,179008,买盘
13:08:38,222.27,-3.50%,-0.1,2,44454,卖盘
13:08:41,222.27,-3.50%,--,1,23783,卖盘
13:08:44,222.27,-3.50%,--,41,917753,买盘
13:08:47,222.27,-3.50%,--,2,56901,买盘
13:08:50,222.27,-3.50%,--,2,45343,买盘
13:08:53,222.27,-3.50%,--,8,193153,买盘
13:08:56,222.08,-3.58%,-0.19,15,342447,卖盘
13:08:59,222.09,-3.57%,+0.01,6,146135,买盘
13:09:02,222.06,-3.59%,-0.03,27,621546,卖盘
13:09:05,222.02,-3.60%,-0.04,14,313936,卖盘
13:09:08,222.05,-3.59%,+0.03,11,266016,中性盘
13:09:11,222.06,-3.59%,+0.01,26,590235,买盘
13:09:14,222.08,-3.58%,+0.02,30,668461,买盘
13:09:17,222.02,-3.60%,-0.06,15,334362,卖盘
13:09:20,222.05,-3.59%,+0.03,29,664374,买盘
13:09:23,222.01,-3.61%,-0.04,13,300158,卖盘
13:09:26,222.0,-3.61%,-0.01,37,828060,卖盘
13:09:29,222.0,-3.61%,--,8,181596,卖盘
13:09:32,222.0,-3.61%,--,8,187812,买盘
13:09:35,222.0,-3.61%,--,12,285936,买盘
13:09:38,222.0,-3.61%,--,16,355200,买盘
13:09:41,222.0,-3.61%,--,34,762348,买盘
13:09:44,222.27,-3.50%,+0.27,4,98021,买盘
13:09:47,222.27,-3.50%,--,0,0,买盘
13:09:50,222.26,-3.50%,-0.01,4,94238,买盘
13:09:56,222.26,-3.50%,--,0,0,买盘
13:09:59,222.27,-3.50%,+0.01,18,406310,买盘
13:10:02,222.24,-3.51%,-0.03,5,130677,中性盘
13:10:05,222.75,-3.29%,+0.51,92,2049746,买盘
13:10:08,222.75,-3.29%,--,38,860261,买盘
13:10:11,222.78,-3.27%,+0.03,34,777279,买盘
13:10:14,222.78,-3.27%,--,10,230577,买盘
13:10:17,222.95,-3.20%,+0.17,21,481572,买盘
13:10:20,223.0,-3.18%,+0.05,10,232589,买盘
13:10:23,223.0,-3.18%,--,17,390696,买盘
13:10:23,223.0,-3.18%,-0.04,17,390696,中性盘
13:10:26,222.96,-3.20%,-0.04,4,89184,卖盘
13:10:29,223.0,-3.18%,+0.04,13,294137,买盘
13:10:35,222.72,-3.30%,-0.28,28,641434,卖盘
13:10:38,223.41,-3.00%,+0.69,33,752221,买盘
13:10:41,223.41,-3.00%,--,4,89364,买盘
13:10:44,223.5,-2.96%,+0.09,16,366987,买盘
13:10:47,223.4,-3.00%,-0.1,2,62999,卖盘
13:10:50,222.98,-3.19%,-0.42,16,361005,卖盘
13:10:53,222.98,-3.19%,--,0,0,买盘
13:10:56,222.43,-3.43%,-0.55,5,130789,卖盘
13:10:59,222.57,-3.36%,+0.14,4,89028,卖盘
13:11:05,222.61,-3.35%,+0.04,2,44522,中性盘
13:11:08,223.34,-3.03%,+0.73,5,130654,中性盘
13:11:11,223.0,-3.18%,-0.34,1,25868,卖盘
13:11:14,223.0,-3.18%,--,2,63332,买盘
13:11:17,223.35,-3.03%,+0.35,10,233847,买盘
13:11:20,223.35,-3.03%,--,6,150761,买盘
13:11:23,223.34,-3.03%,-0.01,7,159465,买盘
13:11:26,222.87,-3.23%,-0.47,13,298423,中性盘
13:11:29,223.29,-3.05%,+0.42,4,98248,买盘
13:11:32,223.0,-3.18%,-0.29,2,45492,卖盘
13:11:35,222.88,-3.23%,-0.12,6,150667,卖盘
13:11:38,223.0,-3.18%,+0.12,9,213857,买盘
13:11:41,222.87,-3.23%,-0.13,0,11366,卖盘
13:11:44,223.0,-3.18%,+0.13,11,264255,买盘
13:11:47,222.86,-3.24%,-0.14,5,112767,卖盘
13:11:50,222.65,-3.33%,-0.21,35,782837,卖盘
13:11:53,222.86,-3.24%,+0.21,3,66858,买盘
13:11:56,222.65,-3.33%,-0.21,17,379396,卖盘
13:12:02,222.65,-3.33%,--,0,17812,卖盘
13:12:05,222.61,-3.35%,-0.04,4,89044,卖盘
13:12:08,222.66,-3.33%,+0.05,12,276321,买盘
13:12:11,222.6,-3.35%,-0.06,7,177635,卖盘
13:12:17,222.62,-3.34%,+0.02,4,95059,中性盘
13:12:20,222.65,-3.33%,+0.03,6,136930,买盘
13:12:23,222.65,-3.33%,--,6,141383,卖盘
13:12:26,222.97,-3.19%,+0.32,33,738254,买盘
13:12:29,222.97,-3.19%,--,12,286071,卖盘
13:12:32,222.69,-3.31%,-0.28,2,44538,卖盘
13:12:35,222.62,-3.34%,-0.07,44,979528,卖盘
13:12:38,222.7,-3.31%,+0.08,5,122708,卖盘
13:12:41,222.8,-3.27%,+0.1,7,163090,买盘
13:12:47,222.8,-3.27%,--,18,412180,买盘
13:12:56,222.62,-3.34%,-0.18,7,164294,卖盘
13:12:59,222.71,-3.30%,+0.09,4,89084,买盘
13:13:02,222.64,-3.33%,-0.07,2,44528,买盘
13:13:05,222.7,-3.31%,+0.06,7,155890,买盘
13:13:08,222.7,-3.31%,--,10,223591,买盘
13:13:11,222.65,-3.33%,-0.05,2,44530,卖盘
13:13:14,222.67,-3.32%,+0.02,0,5567,卖盘
13:13:17,222.62,-3.34%,-0.05,7,165184,卖盘
13:13:20,222.69,-3.31%,+0.07,5,111345,买盘
13:13:23,222.58,-3.36%,-0.11,8,199432,卖盘
13:13:26,222.7,-3.31%,+0.12,11,250315,买盘
13:13:29,222.58,-3.36%,-0.12,8,178287,中性盘
13:13:32,222.43,-3.43%,-0.15,2,47155,卖盘
13:13:35,222.36,-3.46%,-0.07,12,266832,卖盘
13:16:50,222.07,-3.58%,--,2,44414,中性盘
13:16:56,222.07,-3.58%,--,0,0,中性盘
13:16:59,222.37,-3.45%,+0.3,10,222370,买盘
13:17:02,222.37,-3.45%,--,9,214809,买盘
13:17:05,222.37,-3.45%,--,3,66711,买盘
13:17:08,222.37,-3.45%,--,6,151879,买盘
13:17:11,222.0,-3.61%,-0.37,38,860694,卖盘
13:17:14,222.0,-3.61%,--,4,104562,买盘
13:17:26,221.92,-3.65%,-0.08,4,90100,卖盘
13:17:29,222.0,-3.61%,+0.08,30,666000,买盘
13:17:32,222.0,-3.61%,--,4,90132,买盘
13:17:38,222.0,-3.61%,--,8,193806,买盘
13:17:41,221.91,-3.65%,-0.09,2,60138,卖盘
13:17:50,221.9,-3.66%,-0.01,2,44380,中性盘
13:17:53,221.91,-3.65%,+0.01,4,88764,买盘
13:17:59,221.91,-3.65%,--,7,155337,买盘
13:18:02,221.9,-3.66%,-0.01,10,233883,卖盘
13:18:05,221.91,-3.65%,+0.01,2,44382,买盘
13:18:08,221.88,-3.66%,-0.03,2,44376,卖盘
13:18:11,221.88,-3.66%,--,2,61905,买盘
13:18:14,221.87,-3.67%,-0.01,2,64786,卖盘
13:18:17,221.85,-3.68%,-0.02,16,376258,卖盘
13:18:20,221.75,-3.72%,-0.1,6,133050,卖盘
13:18:23,221.74,-3.73%,-0.01,2,44348,卖盘
13:18:26,221.86,-3.67%,+0.12,9,199674,买盘
13:18:29,221.73,-3.73%,-0.13,9,210644,卖盘
13:18:32,221.7,-3.74%,-0.03,9,210615,卖盘
13:18:41,221.68,-3.75%,-0.02,10,236976,卖盘
13:18:44,221.7,-3.74%,+0.02,48,1085665,买盘
13:18:47,221.68,-3.75%,-0.02,9,199512,买盘
13:18:50,221.68,-3.75%,--,5,127023,买盘
13:18:56,221.68,-3.75%,--,2,44336,买盘
13:18:59,221.58,-3.79%,-0.1,9,217813,卖盘
13:19:05,221.5,-3.83%,-0.08,25,554858,卖盘
13:19:08,221.56,-3.80%,+0.06,2,44534,买盘
13:19:11,221.5,-3.83%,-0.06,33,740032,卖盘
13:19:14,221.5,-3.83%,--,84,1868574,卖盘
13:19:17,221.49,-3.83%,-0.01,32,712755,中性盘
13:19:20,221.34,-3.90%,-0.15,4,98275,卖盘
13:19:23,221.22,-3.95%,-0.12,7,169233,卖盘
13:19:26,221.34,-3.90%,+0.12,2,44268,买盘
13:19:29,221.18,-3.97%,-0.16,5,122313,卖盘
13:19:32,221.07,-4.02%,-0.11,12,281864,卖盘
13:19:35,221.06,-4.02%,-0.01,11,243829,卖盘
13:19:38,221.05,-4.02%,-0.01,7,154735,卖盘
13:19:41,221.0,-4.05%,-0.05,36,808860,卖盘
13:19:44,221.05,-4.02%,+0.05,33,750244,买盘
13:19:47,221.0,-4.05%,-0.05,71,1588106,卖盘
13:19:50,221.0,-4.05%,--,43,960908,卖盘
13:19:53,221.0,-4.05%,--,18,417690,买盘
13:19:56,221.0,-4.05%,--,5,128401,买盘
13:19:59,220.9,-4.09%,-0.1,90,1990751,卖盘
13:20:02,220.71,-4.17%,-0.19,41,924333,卖盘
13:20:02,220.71,-4.17%,--,41,924333,中性盘
13:20:05,221.07,-4.02%,+0.36,97,2144600,买盘
13:20:08,221.33,-3.90%,+0.26,38,842603,买盘
13:20:11,221.15,-3.98%,-0.18,34,760314,卖盘
13:20:14,221.15,-3.98%,--,29,646643,买盘
13:20:17,221.07,-4.02%,-0.08,12,269705,中性盘
13:20:20,221.06,-4.02%,-0.01,26,583598,卖盘
13:20:23,221.06,-4.02%,--,4,92403,买盘
13:20:26,221.05,-4.02%,-0.01,2,44210,买盘
13:20:29,221.06,-4.02%,+0.01,10,229460,买盘
13:20:32,221.06,-4.02%,--,25,562598,买盘
13:20:35,221.03,-4.03%,-0.03,30,672373,卖盘
13:20:38,221.04,-4.03%,+0.01,23,528065,中性盘
13:20:41,221.08,-4.01%,+0.04,28,622119,中性盘
13:20:44,221.07,-4.02%,-0.01,21,471321,卖盘
13:20:47,221.08,-4.01%,+0.01,7,154756,中性盘
13:20:50,221.08,-4.01%,--,2,44216,卖盘
13:20:53,221.08,-4.01%,--,9,198972,买盘
13:20:56,221.06,-4.02%,-0.02,8,177732,卖盘
13:20:59,221.07,-4.02%,+0.01,7,154749,中性盘
13:21:02,221.33,-3.90%,+0.26,89,1990421,买盘
13:21:05,221.07,-4.02%,-0.26,13,298445,中性盘
13:21:08,221.09,-4.01%,+0.02,0,6191,中性盘
13:21:11,221.33,-3.90%,+0.24,2,44266,买盘
13:21:14,221.09,-4.01%,-0.24,3,82245,卖盘
13:21:17,221.09,-4.01%,--,7,173556,买盘
13:21:20,221.09,-4.01%,--,6,134202,买盘
13:21:23,221.32,-3.91%,+0.23,6,146071,买盘
13:21:26,221.08,-4.01%,-0.24,5,110540,卖盘
13:21:29,221.09,-4.01%,+0.01,16,356176,买盘
13:21:32,221.08,-4.01%,-0.01,36,795888,卖盘
13:21:35,221.2,-3.96%,+0.12,11,249956,买盘
13:21:38,221.2,-3.96%,--,5,127411,卖盘
13:21:41,221.31,-3.91%,+0.11,10,221310,中性盘
13:21:44,221.3,-3.92%,-0.01,13,292780,买盘
13:21:47,221.32,-3.91%,+0.02,13,290593,买盘
13:21:50,221.3,-3.92%,-0.02,5,115740,中性盘
13:21:53,221.2,-3.96%,-0.1,9,208149,卖盘
13:21:56,221.2,-3.96%,--,6,145771,买盘
13:21:59,221.2,-3.96%,--,5,110600,卖盘
13:22:02,221.2,-3.96%,--,30,676872,卖盘
13:22:05,221.2,-3.96%,--,10,240666,买盘
13:22:08,221.3,-3.92%,+0.1,9,199170,买盘
13:22:11,221.2,-3.96%,-0.1,12,269643,卖盘
13:22:14,221.3,-3.92%,+0.1,14,327303,买盘
13:22:17,221.29,-3.92%,-0.01,5,129012,中性盘
13:22:20,221.3,-3.92%,+0.01,5,111093,买盘
13:22:23,221.22,-3.95%,-0.08,4,92691,中性盘
13:22:26,221.24,-3.94%,+0.02,7,175001,卖盘
13:22:29,221.21,-3.96%,-0.03,10,221210,卖盘
13:22:32,221.26,-3.93%,+0.05,14,329014,买盘
13:22:38,221.26,-3.93%,--,3,66378,买盘
13:22:41,221.26,-3.93%,--,0,0,买盘
13:22:44,221.2,-3.96%,-0.06,4,96886,卖盘
13:22:47,221.23,-3.95%,+0.03,6,136056,中性盘
13:22:53,221.2,-3.96%,-0.03,2,45788,卖盘
13:22:56,221.24,-3.94%,+0.04,12,273231,买盘
13:22:59,221.13,-3.99%,-0.11,15,340761,卖盘
13:23:02,221.2,-3.96%,+0.07,17,382012,买盘
13:23:05,221.13,-3.99%,-0.07,12,280835,卖盘
13:23:11,221.21,-3.96%,+0.08,4,105517,买盘
13:23:17,221.2,-3.96%,-0.01,3,71448,卖盘
13:23:17,221.2,-3.96%,--,3,71448,中性盘
13:23:17,221.2,-3.96%,--,3,71448,买盘
13:23:20,221.13,-3.99%,-0.07,2,44226,卖盘
13:23:23,221.13,-3.99%,--,6,144398,卖盘
13:23:26,221.22,-3.95%,+0.09,13,309487,买盘
13:23:29,221.16,-3.98%,-0.06,21,474388,卖盘
13:23:32,221.16,-3.98%,--,4,102618,卖盘
13:23:35,221.22,-3.95%,+0.06,13,301965,买盘
13:23:38,221.1,-4.00%,-0.12,18,406603,卖盘
13:23:41,221.1,-4.00%,--,3,71636,买盘
13:23:44,221.13,-3.99%,+0.03,4,105479,买盘
13:23:47,221.0,-4.05%,-0.13,148,3284944,卖盘
13:23:50,220.88,-4.10%,-0.12,30,669708,卖盘
13:23:53,221.0,-4.05%,+0.12,26,587860,买盘
13:23:56,220.7,-4.18%,-0.3,35,775981,卖盘
13:23:59,221.14,-3.99%,+0.44,20,443386,买盘
13:24:02,220.76,-4.15%,-0.38,10,238421,买盘
13:24:05,220.72,-4.17%,-0.04,12,283404,买盘
13:24:08,220.72,-4.17%,--,38,843371,买盘
13:24:11,220.65,-4.20%,-0.07,42,937321,卖盘
13:24:14,220.55,-4.24%,-0.1,8,185924,卖盘
13:24:17,220.55,-4.24%,--,8,187026,买盘
13:24:20,220.51,-4.26%,-0.04,15,330765,卖盘
13:24:23,220.51,-4.26%,--,16,353037,买盘
13:24:26,220.5,-4.26%,-0.01,15,336263,卖盘
13:24:29,220.2,-4.39%,-0.3,43,964476,卖盘
13:24:32,220.2,-4.39%,--,17,375221,卖盘
13:24:35,220.2,-4.39%,--,85,1872801,卖盘
13:24:38,220.28,-4.36%,+0.08,47,1050736,买盘
13:24:41,220.11,-4.43%,-0.17,24,537729,卖盘
13:24:44,220.02,-4.47%,-0.09,62,1375565,卖盘
13:24:47,220.07,-4.45%,+0.05,55,1212366,中性盘
13:24:50,220.0,-4.48%,-0.07,34,755260,卖盘
13:24:53,220.01,-4.48%,+0.01,41,920082,中性盘
13:24:56,220.01,-4.48%,--,25,559045,中性盘
13:24:59,220.0,-4.48%,-0.01,214,4711960,卖盘
13:25:02,219.6,-4.65%,-0.4,27,614660,卖盘
13:25:05,219.51,-4.69%,-0.09,22,501580,卖盘
13:25:08,219.54,-4.68%,+0.03,51,1127777,中性盘
13:25:11,219.61,-4.65%,+0.07,115,2544182,卖盘
13:25:14,220.0,-4.48%,+0.39,42,927520,买盘
13:25:17,220.11,-4.43%,+0.11,83,1829334,买盘
13:25:20,220.18,-4.40%,+0.07,22,498708,买盘
13:25:23,220.02,-4.47%,-0.16,46,1025953,卖盘
13:25:26,220.08,-4.45%,+0.06,7,154056,卖盘
13:25:29,220.15,-4.42%,+0.07,24,528360,买盘
13:25:32,220.15,-4.42%,--,30,679163,买盘
13:25:35,220.01,-4.48%,-0.14,31,682031,卖盘
13:25:38,220.01,-4.48%,--,4,88004,买盘
13:25:41,219.99,-4.49%,-0.02,44,971256,卖盘
13:25:44,219.99,-4.49%,--,18,408961,买盘
13:25:47,219.99,-4.49%,--,14,324925,卖盘
13:25:50,219.99,-4.49%,--,13,294347,卖盘
13:25:53,219.71,-4.61%,-0.28,8,193784,卖盘
13:25:56,219.99,-4.49%,+0.28,2,43998,买盘
13:25:59,219.71,-4.61%,-0.28,16,368893,卖盘
13:26:02,219.7,-4.61%,-0.01,21,476529,卖盘
13:26:05,219.61,-4.65%,-0.09,93,2043032,卖盘
13:26:08,219.7,-4.61%,+0.09,28,636471,中性盘
13:26:11,219.71,-4.61%,+0.01,50,1102724,买盘
13:26:14,219.63,-4.64%,-0.08,67,1492386,卖盘
13:26:17,220.15,-4.42%,+0.52,255,5629236,买盘
13:26:20,219.74,-4.59%,-0.41,65,1447647,卖盘
13:26:23,220.43,-4.29%,+0.69,15,330645,买盘
13:26:26,220.3,-4.35%,-0.13,52,1145560,卖盘
13:26:29,220.18,-4.40%,-0.12,22,504653,买盘
13:26:29,220.18,-4.40%,--,22,504653,中性盘
13:26:32,220.18,-4.40%,--,16,352288,买盘
13:26:35,219.99,-4.49%,-0.19,48,1062552,卖盘
13:26:38,220.18,-4.40%,+0.19,50,1119395,买盘
13:26:41,220.44,-4.29%,+0.26,8,176352,买盘
13:26:44,220.44,-4.29%,--,0,0,买盘
13:26:47,220.23,-4.38%,-0.21,4,88092,中性盘
13:26:50,220.22,-4.39%,-0.01,10,220220,卖盘
13:26:53,220.21,-4.39%,-0.01,19,423684,卖盘
13:26:56,220.21,-4.39%,--,2,44042,买盘
13:27:02,220.2,-4.39%,-0.01,16,352320,卖盘
13:27:05,220.12,-4.43%,-0.08,4,88048,卖盘
13:27:08,220.0,-4.48%,-0.12,39,863500,卖盘
13:27:11,219.99,-4.49%,-0.01,6,131994,卖盘
13:27:14,220.0,-4.48%,+0.01,2,44000,买盘
13:27:17,219.99,-4.49%,-0.01,10,234949,卖盘
13:27:20,220.0,-4.48%,+0.01,6,132220,买盘
13:27:23,220.0,-4.48%,--,8,177760,买盘
13:27:26,219.91,-4.52%,-0.09,18,402875,卖盘
13:27:29,219.91,-4.52%,--,5,119631,买盘
13:27:32,219.74,-4.59%,-0.17,12,263908,卖盘
13:27:35,219.82,-4.56%,+0.08,27,608462,中性盘
13:27:38,219.71,-4.61%,-0.11,22,489514,卖盘
13:27:41,219.74,-4.59%,+0.03,12,263688,中性盘
13:27:44,219.7,-4.61%,-0.04,64,1411133,卖盘
13:27:47,219.51,-4.69%,-0.19,8,196681,卖盘
13:27:50,219.7,-4.61%,+0.19,17,394581,买盘
13:27:53,219.7,-4.61%,--,14,307580,买盘
13:27:56,219.71,-4.61%,+0.01,55,1225542,买盘
13:27:59,219.99,-4.49%,+0.28,29,646111,买盘
13:28:02,220.0,-4.48%,+0.01,26,579260,买盘
13:28:05,219.75,-4.59%,-0.25,10,221288,卖盘
13:28:08,220.01,-4.48%,+0.26,63,1396403,买盘
13:28:11,220.01,-4.48%,--,5,111765,买盘
13:28:14,219.78,-4.58%,-0.23,55,1228131,卖盘
13:28:17,219.78,-4.58%,--,0,0,卖盘
13:28:20,219.99,-4.49%,+0.21,14,328225,卖盘
13:28:23,219.99,-4.49%,--,18,412041,买盘
13:28:26,219.77,-4.58%,-0.22,25,560853,卖盘
13:28:29,219.89,-4.53%,+0.12,5,128636,买盘
13:28:32,219.73,-4.60%,-0.16,19,425178,卖盘
13:28:35,219.78,-4.58%,+0.05,4,87912,卖盘
13:28:38,219.94,-4.51%,+0.16,11,260189,买盘
13:28:41,219.99,-4.49%,+0.05,2,54118,买盘
13:28:44,219.73,-4.60%,-0.26,17,394635,卖盘
13:28:47,219.0,-4.91%,-0.73,142,3127977,卖盘
13:28:50,219.1,-4.87%,+0.1,51,1125298,中性盘
13:28:53,219.8,-4.57%,+0.7,12,268156,中性盘
13:28:56,219.26,-4.80%,-0.54,32,709964,卖盘
13:28:59,219.32,-4.78%,+0.06,40,892852,卖盘
13:29:02,219.75,-4.59%,+0.43,8,183272,买盘
13:29:05,219.77,-4.58%,+0.02,6,138895,买盘
13:29:08,219.86,-4.54%,+0.09,48,1067200,买盘
13:29:11,220.0,-4.48%,+0.14,92,2027300,买盘
13:29:14,219.99,-4.49%,-0.01,40,882600,卖盘
13:29:17,219.95,-4.50%,-0.04,20,454637,卖盘
13:29:20,219.95,-4.50%,--,9,199715,买盘
13:29:23,219.89,-4.53%,-0.06,15,338191,卖盘
13:29:26,219.88,-4.53%,-0.01,18,405898,卖盘
13:29:29,219.88,-4.53%,--,12,281007,买盘
13:29:32,219.88,-4.53%,--,10,231314,买盘
13:29:35,219.88,-4.53%,--,32,724505,卖盘
13:29:38,219.95,-4.50%,+0.07,14,308150,买盘
13:29:41,219.88,-4.53%,-0.07,10,239669,中性盘
13:29:44,219.86,-4.54%,-0.02,30,668814,卖盘
13:29:44,219.86,-4.54%,--,30,668814,中性盘
13:29:44,219.86,-4.54%,--,30,668814,卖盘
13:29:47,219.88,-4.53%,+0.02,6,141603,中性盘
13:29:50,219.87,-4.54%,-0.01,15,350913,卖盘
13:29:53,219.95,-4.50%,+0.08,2,44870,买盘
13:29:56,219.9,-4.52%,-0.05,23,510388,中性盘
13:29:59,219.9,-4.52%,--,2,65090,买盘
13:30:02,219.9,-4.52%,--,11,242110,买盘
13:30:05,220.11,-4.43%,+0.21,41,913457,买盘
13:30:08,220.43,-4.29%,+0.32,85,1891069,买盘
13:30:11,220.71,-4.17%,+0.28,41,917712,买盘
13:30:14,220.78,-4.14%,+0.07,47,1042965,买盘
13:30:17,220.99,-4.05%,+0.21,15,332590,买盘
13:30:20,220.96,-4.06%,-0.03,30,680336,卖盘
13:30:23,220.78,-4.14%,-0.18,15,331612,卖盘
13:30:26,220.89,-4.09%,+0.11,16,355854,中性盘
13:30:29,220.9,-4.09%,+0.01,9,204774,买盘
13:30:32,220.89,-4.09%,-0.01,8,176712,卖盘
13:30:35,220.71,-4.17%,-0.18,22,502557,卖盘
13:30:38,220.81,-4.13%,+0.1,2,44162,买盘
13:30:41,220.86,-4.11%,+0.05,6,134062,买盘
13:30:44,220.86,-4.11%,--,33,729059,买盘
13:30:47,220.86,-4.11%,--,18,412125,买盘
13:30:50,220.84,-4.12%,-0.02,16,357540,卖盘
13:30:53,220.8,-4.13%,-0.04,3,66240,卖盘
13:30:56,220.84,-4.12%,+0.04,14,309176,买盘
13:30:59,220.82,-4.12%,-0.02,21,478959,中性盘
13:31:02,220.84,-4.12%,+0.02,15,337002,买盘
13:31:05,220.81,-4.13%,-0.03,7,160529,卖盘
13:31:08,220.73,-4.16%,-0.08,11,255164,卖盘
13:31:11,220.81,-4.13%,+0.08,4,88324,买盘
13:31:14,220.81,-4.13%,--,10,225005,卖盘
13:31:17,220.72,-4.17%,-0.09,31,686660,卖盘
13:31:20,220.72,-4.17%,--,22,498827,买盘
13:31:23,220.71,-4.17%,-0.01,11,246092,卖盘
13:31:26,220.31,-4.35%,-0.4,40,893798,卖盘
13:31:29,220.33,-4.34%,+0.02,43,947419,中性盘
13:31:32,220.67,-4.19%,+0.34,4,88268,中性盘
13:31:35,220.38,-4.32%,-0.29,25,558663,中性盘
13:31:38,220.66,-4.19%,+0.28,2,44132,买盘
13:31:41,220.67,-4.19%,+0.01,6,150056,买盘
13:31:44,220.72,-4.17%,+0.05,87,1931962,买盘
13:31:47,220.67,-4.19%,-0.05,22,505114,卖盘
13:31:50,220.67,-4.19%,--,0,0,卖盘
13:31:53,220.69,-4.18%,+0.02,2,44138,中性盘
13:31:56,220.78,-4.14%,+0.09,7,170221,买盘
13:31:59,220.68,-4.19%,-0.1,45,997032,卖盘
13:32:02,220.67,-4.19%,-0.01,2,52961,中性盘
13:32:05,220.63,-4.21%,-0.04,4,101269,买盘
13:32:08,220.63,-4.21%,--,10,230338,买盘
13:32:11,220.58,-4.23%,-0.05,16,366604,卖盘
13:32:14,220.61,-4.22%,+0.03,9,208256,买盘
13:32:17,220.47,-4.28%,-0.14,14,317256,卖盘
13:32:20,220.67,-4.19%,+0.2,6,133726,买盘
13:32:26,220.62,-4.21%,-0.05,6,132372,买盘
13:32:29,220.61,-4.22%,-0.01,4,101481,买盘
13:32:32,220.63,-4.21%,+0.02,13,306455,买盘
13:32:35,220.58,-4.23%,-0.05,17,384250,卖盘
13:32:41,220.63,-4.21%,+0.05,19,435744,买盘
13:32:44,220.48,-4.27%,-0.15,7,173959,卖盘
13:32:47,220.48,-4.27%,--,0,0,卖盘
13:32:50,220.62,-4.21%,+0.14,2,55155,买盘
13:32:53,220.62,-4.21%,--,4,105015,买盘
13:32:56,220.58,-4.23%,-0.04,25,572185,卖盘
13:32:56,220.58,-4.23%,--,25,572185,中性盘
13:32:59,220.6,-4.22%,+0.02,2,44120,买盘
13:33:02,220.59,-4.22%,-0.01,6,147354,卖盘
13:33:05,220.59,-4.22%,--,9,205590,卖盘
13:33:08,220.67,-4.19%,+0.08,9,208312,买盘
13:33:11,220.87,-4.10%,+0.2,83,1849565,买盘
13:33:14,221.14,-3.99%,+0.27,49,1095306,买盘
13:33:17,221.14,-3.99%,--,4,96859,买盘
13:33:20,221.14,-3.99%,--,19,420166,买盘
13:33:23,221.05,-4.02%,-0.09,11,256418,卖盘
13:33:26,221.14,-3.99%,+0.09,44,977660,买盘
13:33:29,221.23,-3.95%,+0.09,8,192913,买盘
13:33:32,221.0,-4.05%,-0.23,52,1151631,卖盘
13:33:35,221.3,-3.92%,+0.3,21,471812,买盘
13:33:38,221.3,-3.92%,--,2,44260,买盘
13:33:41,221.23,-3.95%,-0.07,12,265476,中性盘
13:33:44,221.3,-3.92%,+0.07,11,258257,买盘
13:33:47,221.5,-3.83%,+0.2,17,396928,买盘
13:33:53,221.5,-3.83%,--,13,308328,买盘
13:33:56,221.5,-3.83%,--,15,343104,买盘
13:33:59,221.5,-3.83%,--,9,214412,买盘
13:34:02,221.5,-3.83%,--,12,275989,卖盘
13:34:05,221.5,-3.83%,--,0,0,卖盘
13:34:08,221.63,-3.77%,+0.13,18,406691,中性盘
13:34:11,221.66,-3.76%,+0.03,38,850066,中性盘
13:34:14,221.69,-3.75%,+0.03,33,748425,买盘
13:34:17,221.68,-3.75%,-0.01,20,444025,卖盘
13:34:20,221.79,-3.70%,+0.11,5,129525,买盘
13:34:23,221.5,-3.83%,-0.29,51,1138289,卖盘
13:34:26,221.5,-3.83%,--,7,175207,卖盘
13:34:29,221.52,-3.82%,+0.02,8,181868,中性盘
13:34:32,221.5,-3.83%,-0.02,17,380759,卖盘
13:34:35,221.52,-3.82%,+0.02,6,139336,买盘
13:34:38,221.56,-3.80%,+0.04,27,602643,买盘
13:34:41,221.5,-3.83%,-0.06,8,185396,卖盘
13:34:44,221.51,-3.83%,+0.01,29,648138,买盘
13:34:47,221.56,-3.80%,+0.05,5,129834,买盘
13:34:50,221.54,-3.81%,-0.02,6,134253,中性盘
13:34:53,221.54,-3.81%,--,8,179890,卖盘
13:34:56,221.53,-3.82%,-0.01,2,44306,买盘
13:34:59,221.57,-3.80%,+0.04,17,396832,买盘
13:35:02,221.52,-3.82%,-0.05,13,305698,卖盘
13:35:05,221.5,-3.83%,-0.02,16,357723,卖盘
13:35:08,221.3,-3.92%,-0.2,4,88520,卖盘
13:35:11,221.0,-4.05%,-0.3,23,508300,卖盘
13:35:14,221.0,-4.05%,--,0,0,卖盘
13:35:17,221.11,-4.00%,+0.11,2,62132,卖盘
13:35:20,221.0,-4.05%,-0.11,18,410176,卖盘
13:35:23,221.0,-4.05%,--,2,54587,卖盘
13:35:26,220.99,-4.05%,-0.01,12,270271,卖盘
13:35:29,220.89,-4.09%,-0.1,27,605018,卖盘
13:35:32,220.8,-4.13%,-0.09,5,110621,买盘
13:35:35,220.8,-4.13%,--,0,0,买盘
13:35:38,220.75,-4.16%,-0.05,11,246799,买盘
13:35:41,220.8,-4.13%,+0.05,6,140650,买盘
13:35:47,221.0,-4.05%,+0.2,10,230503,买盘
13:35:50,221.06,-4.02%,+0.06,7,175743,买盘
13:35:53,221.0,-4.05%,-0.06,10,224094,卖盘
13:35:56,221.28,-3.92%,+0.28,2,46026,买盘
13:35:59,221.33,-3.90%,+0.05,2,44266,买盘
13:36:02,221.32,-3.91%,-0.01,4,102250,中性盘
13:36:05,221.32,-3.91%,--,4,103799,买盘
13:36:08,221.4,-3.87%,+0.08,14,323687,买盘
13:36:11,221.4,-3.87%,--,8,193725,中性盘
13:36:11,221.4,-3.87%,--,8,193725,买盘
13:36:14,221.35,-3.89%,-0.05,4,100936,买盘
13:36:17,221.35,-3.89%,--,2,59543,卖盘
13:36:20,221.34,-3.90%,-0.01,6,146527,买盘
13:36:23,221.34,-3.90%,--,0,0,中性盘
13:36:26,221.34,-3.90%,--,7,167112,中性盘
13:36:29,221.4,-3.87%,+0.06,7,163836,买盘
13:36:32,221.4,-3.87%,--,10,221400,买盘
13:36:35,221.0,-4.05%,-0.4,25,558025,卖盘
13:36:38,221.33,-3.90%,+0.33,16,358555,买盘
13:36:41,221.34,-3.90%,+0.01,29,654945,买盘
13:36:44,221.35,-3.89%,+0.01,19,426099,中性盘
13:36:47,221.34,-3.90%,-0.01,4,88757,卖盘
13:36:50,221.47,-3.84%,+0.13,31,697631,买盘
13:36:53,221.33,-3.90%,-0.14,4,88532,卖盘
13:36:56,221.33,-3.90%,--,0,0,卖盘
13:36:59,221.33,-3.90%,--,12,268252,卖盘
13:37:02,221.05,-4.02%,-0.28,14,309470,卖盘
13:37:05,221.06,-4.02%,+0.01,10,235871,中性盘
13:37:08,221.03,-4.03%,-0.03,4,89959,卖盘
13:37:11,220.89,-4.09%,-0.14,29,645220,卖盘
13:37:14,221.0,-4.05%,+0.11,10,235807,买盘
13:37:17,220.76,-4.15%,-0.24,5,126937,卖盘
13:37:20,221.0,-4.05%,+0.24,7,165750,买盘
13:37:26,221.0,-4.05%,--,44,975715,买盘
13:37:32,220.84,-4.12%,-0.16,5,115941,卖盘
13:37:35,220.77,-4.15%,-0.07,3,66231,卖盘
13:37:38,220.75,-4.16%,-0.02,16,373951,卖盘
13:37:44,220.72,-4.17%,-0.03,5,111464,卖盘
13:37:47,220.58,-4.23%,-0.14,13,299327,卖盘
13:37:50,220.39,-4.31%,-0.19,4,94107,卖盘
13:37:53,220.39,-4.31%,--,4,88156,卖盘
13:37:59,220.35,-4.33%,-0.04,2,44070,卖盘
13:38:02,220.3,-4.35%,-0.05,26,584236,卖盘
13:38:05,220.28,-4.36%,-0.02,22,499815,卖盘
13:38:11,220.28,-4.36%,--,0,0,买盘
13:38:14,220.23,-4.38%,-0.05,4,88092,买盘
13:38:17,220.23,-4.38%,--,8,186535,买盘
13:38:20,220.15,-4.42%,-0.08,4,96426,卖盘
13:38:26,220.15,-4.42%,--,2,44030,卖盘
13:38:29,220.15,-4.42%,--,6,136713,卖盘
13:38:32,220.2,-4.39%,+0.05,12,264240,买盘
13:38:35,220.0,-4.48%,-0.2,114,2508660,卖盘
13:38:38,220.0,-4.48%,--,4,105820,买盘
13:38:41,219.95,-4.50%,-0.05,4,109535,卖盘
13:38:44,219.72,-4.60%,-0.23,9,206537,中性盘
13:38:47,219.72,-4.60%,--,15,331997,卖盘
13:38:50,219.9,-4.52%,+0.18,21,462670,中性盘
13:38:53,219.85,-4.55%,-0.05,22,492904,中性盘
13:38:56,220.0,-4.48%,+0.15,73,1618540,买盘
13:38:59,220.0,-4.48%,--,22,484660,买盘
13:39:02,220.01,-4.48%,+0.01,19,418679,买盘
13:39:05,220.01,-4.48%,--,14,310654,买盘
13:39:08,219.99,-4.49%,-0.02,10,235389,卖盘
13:39:11,220.2,-4.39%,+0.21,18,416618,买盘
13:39:14,220.2,-4.39%,--,3,66060,卖盘
13:39:17,220.14,-4.42%,-0.06,12,264168,卖盘
13:39:20,220.14,-4.42%,--,5,110070,卖盘
13:39:23,220.14,-4.42%,--,0,0,中性盘
13:39:26,220.14,-4.42%,--,0,0,卖盘
13:39:29,220.23,-4.38%,+0.09,104,2292374,买盘
13:39:32,220.23,-4.38%,--,4,90735,买盘
13:39:35,219.8,-4.57%,-0.43,35,775894,卖盘
13:39:38,219.8,-4.57%,--,31,690392,买盘
13:39:41,219.75,-4.59%,-0.05,11,263041,卖盘
13:39:44,219.99,-4.49%,+0.24,10,225050,中性盘
13:39:50,220.12,-4.43%,+0.13,16,352192,买盘
13:39:53,220.12,-4.43%,--,0,0,买盘
13:39:56,220.07,-4.45%,-0.05,4,92649,买盘
13:39:59,220.12,-4.43%,+0.05,13,299143,买盘
13:40:02,220.17,-4.41%,+0.05,16,357996,买盘
13:40:05,220.3,-4.35%,+0.13,29,655393,买盘
13:40:08,220.23,-4.38%,-0.07,7,171559,卖盘
13:40:11,220.12,-4.43%,-0.11,14,318294,中性盘
13:40:14,220.14,-4.42%,+0.02,23,522833,买盘
13:40:17,220.17,-4.41%,+0.03,4,88068,买盘
13:40:20,220.17,-4.41%,--,3,73096,买盘
13:40:23,220.17,-4.41%,--,0,0,中性盘
13:40:26,220.0,-4.48%,-0.17,111,2453660,卖盘
13:40:29,220.35,-4.33%,+0.35,8,179585,买盘
13:40:32,220.34,-4.33%,-0.01,13,297679,卖盘
13:40:35,220.23,-4.38%,-0.11,11,259211,卖盘
13:40:38,220.23,-4.38%,--,0,0,卖盘
13:40:41,220.33,-4.34%,+0.1,11,261752,买盘
13:40:44,220.29,-4.35%,-0.04,2,65206,买盘
13:40:47,220.24,-4.38%,-0.05,19,423742,卖盘
13:40:50,220.22,-4.39%,-0.02,14,321301,卖盘
13:40:53,220.22,-4.39%,--,6,132132,卖盘
13:40:59,220.22,-4.39%,--,5,119579,卖盘
13:41:02,220.0,-4.48%,-0.22,47,1035980,卖盘
13:41:05,220.0,-4.48%,--,0,0,卖盘
13:41:08,220.22,-4.39%,+0.22,17,395956,买盘
13:41:11,220.0,-4.48%,-0.22,24,528000,卖盘
13:41:14,220.01,-4.48%,+0.01,6,137506,卖盘
13:41:17,220.01,-4.48%,--,9,214290,卖盘
13:41:20,220.0,-4.48%,-0.01,7,156860,卖盘
13:41:23,219.88,-4.53%,-0.12,13,288483,卖盘
13:41:26,220.0,-4.48%,+0.12,71,1569040,买盘
13:41:29,219.85,-4.55%,-0.15,16,351760,卖盘
13:41:32,219.82,-4.56%,-0.03,35,780801,卖盘
13:41:35,219.88,-4.53%,+0.06,47,1040252,买盘
13:41:38,219.83,-4.55%,-0.05,45,1004403,中性盘
13:41:41,220.0,-4.48%,+0.17,8,183920,中性盘
13:41:44,220.01,-4.48%,+0.01,14,312414,买盘
13:41:47,219.84,-4.55%,-0.17,18,403846,卖盘
13:41:53,220.0,-4.48%,+0.16,2,44000,中性盘
13:41:56,220.01,-4.48%,+0.01,4,102085,买盘
13:41:59,219.96,-4.50%,-0.05,4,105801,中性盘
13:42:02,219.96,-4.50%,--,5,109980,买盘
13:42:05,220.17,-4.41%,+0.21,35,775879,买盘
13:42:08,219.97,-4.49%,-0.2,4,87988,卖盘
13:42:11,220.39,-4.31%,+0.42,34,758142,买盘
13:42:14,220.4,-4.31%,+0.01,4,88160,中性盘
13:42:20,220.34,-4.33%,-0.06,30,661240,卖盘
13:42:23,220.39,-4.31%,+0.05,2,51130,卖盘
13:42:26,220.74,-4.16%,+0.35,16,355833,买盘
13:42:29,220.76,-4.15%,+0.02,26,585235,买盘
13:42:32,220.71,-4.17%,-0.05,15,335921,中性盘
13:42:35,220.48,-4.27%,-0.23,17,386281,卖盘
13:42:38,220.8,-4.13%,+0.32,4,107309,买盘
13:42:38,220.8,-4.13%,--,4,107309,中性盘
13:42:38,220.8,-4.13%,--,4,107309,卖盘
13:42:41,220.79,-4.14%,-0.01,9,201581,卖盘
13:42:44,220.49,-4.27%,-0.3,3,80479,卖盘
13:42:47,220.79,-4.14%,+0.3,14,319042,买盘
13:42:50,220.79,-4.14%,--,4,94277,买盘
13:42:53,220.71,-4.17%,-0.08,12,264852,卖盘
13:42:56,220.72,-4.17%,+0.01,66,1474410,中性盘
13:42:59,220.72,-4.17%,--,15,351386,买盘
13:43:02,221.0,-4.05%,+0.28,3,68731,买盘
13:43:05,220.71,-4.17%,-0.29,12,281185,卖盘
13:43:11,220.71,-4.17%,--,0,0,卖盘
13:43:14,220.71,-4.17%,--,14,317381,卖盘
13:43:23,220.71,-4.17%,--,17,392643,卖盘
13:43:26,220.62,-4.21%,-0.09,6,143403,卖盘
13:43:29,220.74,-4.16%,+0.12,9,198666,卖盘
13:43:32,220.67,-4.19%,-0.07,25,551675,卖盘
13:43:35,220.82,-4.12%,+0.15,6,134479,买盘
13:43:38,220.76,-4.15%,-0.06,10,220760,卖盘
13:43:41,220.74,-4.16%,-0.02,4,88296,卖盘
13:43:44,220.8,-4.13%,+0.06,22,499008,买盘
13:43:47,220.63,-4.21%,-0.17,4,100166,中性盘
13:43:50,220.62,-4.21%,-0.01,2,44124,卖盘
13:43:53,220.62,-4.21%,--,17,396895,卖盘
13:43:56,220.62,-4.21%,--,0,0,卖盘
13:43:59,220.75,-4.16%,+0.13,34,751433,中性盘
13:44:02,220.75,-4.16%,--,0,0,买盘
13:44:05,220.89,-4.09%,+0.14,54,1198328,买盘
13:44:08,220.95,-4.07%,+0.06,14,316400,买盘
13:44:11,220.96,-4.06%,+0.01,42,947256,买盘
13:44:14,221.0,-4.05%,+0.04,72,1598714,买盘
13:44:17,220.95,-4.07%,-0.05,4,91252,卖盘
13:44:20,220.9,-4.09%,-0.05,4,105148,卖盘
13:44:23,220.89,-4.09%,-0.01,7,154623,卖盘
13:44:26,220.7,-4.18%,-0.19,21,465456,卖盘
13:44:29,220.85,-4.11%,+0.15,8,177122,买盘
13:44:32,220.8,-4.13%,-0.05,9,202474,买盘
13:44:35,220.7,-4.18%,-0.1,10,222024,卖盘
13:44:38,220.7,-4.18%,--,8,196864,买盘
13:44:41,220.7,-4.18%,--,2,56499,买盘
13:44:44,220.7,-4.18%,--,7,159787,卖盘
13:44:47,220.61,-4.22%,-0.09,8,191269,卖盘
13:44:50,220.7,-4.18%,+0.09,14,327960,买盘
13:44:53,220.63,-4.21%,-0.07,5,131054,卖盘
13:44:56,220.46,-4.28%,-0.17,20,440920,卖盘
13:44:59,220.63,-4.21%,+0.17,2,61115,买盘
13:45:02,220.62,-4.21%,-0.01,4,91778,买盘
13:45:05,220.58,-4.23%,-0.04,11,243520,中性盘
13:45:08,220.44,-4.29%,-0.14,11,260560,卖盘
13:45:17,220.53,-4.25%,+0.09,7,154371,买盘
13:45:20,220.44,-4.29%,-0.09,21,469758,卖盘
13:45:23,220.43,-4.29%,-0.01,11,249086,卖盘
13:45:26,220.44,-4.29%,+0.01,4,88617,中性盘
13:45:32,220.44,-4.29%,--,20,440880,卖盘
13:45:35,220.44,-4.29%,--,6,133146,卖盘
13:45:38,220.44,-4.29%,--,0,0,卖盘
13:45:41,220.43,-4.29%,-0.01,61,1363580,卖盘
13:45:44,220.02,-4.47%,-0.41,2,44004,中性盘
13:45:50,220.34,-4.33%,+0.32,4,96509,买盘
13:45:50,220.34,-4.33%,-0.05,4,96509,中性盘
13:45:56,220.29,-4.35%,-0.05,4,88116,中性盘
13:45:59,220.34,-4.33%,+0.05,11,254272,买盘
13:46:02,220.48,-4.27%,+0.14,27,616462,买盘
13:46:05,220.41,-4.30%,-0.07,21,484020,中性盘
13:46:08,220.39,-4.31%,-0.02,20,440780,卖盘
13:46:11,220.42,-4.30%,+0.03,2,56868,卖盘
13:46:14,220.29,-4.35%,-0.13,17,385728,卖盘
13:46:17,220.35,-4.33%,+0.06,13,301218,买盘
13:46:20,220.48,-4.27%,+0.13,15,352107,买盘
13:46:23,220.48,-4.27%,--,12,281994,买盘
13:46:26,220.48,-4.27%,--,17,385179,卖盘
13:46:29,220.48,-4.27%,--,4,109358,卖盘
13:46:32,220.68,-4.19%,+0.2,7,164627,买盘
13:46:35,220.7,-4.18%,+0.02,16,368128,买盘
13:46:38,220.7,-4.18%,--,2,44140,买盘
13:46:41,220.75,-4.16%,+0.05,12,286092,买盘
13:46:44,220.76,-4.15%,+0.01,5,110380,中性盘
13:46:47,220.9,-4.09%,+0.14,21,472505,买盘
13:46:50,220.95,-4.07%,+0.05,8,176760,买盘
13:46:53,221.0,-4.05%,+0.05,42,937040,买盘
13:46:59,221.0,-4.05%,--,38,857259,买盘
13:47:02,220.9,-4.09%,-0.1,2,44622,中性盘
13:47:05,221.0,-4.05%,+0.1,92,2049333,买盘
13:47:08,221.2,-3.96%,+0.2,39,865777,买盘
13:47:11,221.0,-4.05%,-0.2,23,520897,卖盘
13:47:14,221.0,-4.05%,--,51,1134172,买盘
13:47:17,220.95,-4.07%,-0.05,20,450738,卖盘
13:47:20,221.0,-4.05%,+0.05,14,321555,买盘
13:47:23,220.95,-4.07%,-0.05,3,67390,中性盘
13:47:26,221.0,-4.05%,+0.05,2,44200,买盘
13:47:29,220.9,-4.09%,-0.1,2,45505,卖盘
13:47:38,220.9,-4.09%,--,0,0,卖盘
13:47:41,221.0,-4.05%,+0.1,7,164645,买盘
13:47:47,221.0,-4.05%,--,2,63427,买盘
13:47:50,221.0,-4.05%,--,6,132600,卖盘
13:47:53,221.17,-3.97%,+0.17,8,194187,买盘
13:47:56,221.0,-4.05%,-0.17,34,763113,卖盘
13:47:59,221.0,-4.05%,--,21,466531,买盘
13:48:02,221.0,-4.05%,--,8,179452,买盘
13:48:05,220.95,-4.07%,-0.05,6,133233,买盘
13:48:08,220.9,-4.09%,-0.05,6,144690,卖盘
13:48:11,221.0,-4.05%,+0.1,51,1136603,买盘
13:48:14,221.1,-4.00%,+0.1,120,2655632,买盘
13:48:20,221.29,-3.92%,+0.19,12,284579,卖盘
13:48:23,221.29,-3.92%,--,11,246296,买盘
13:48:26,221.47,-3.84%,+0.18,33,748790,买盘
13:48:29,221.68,-3.75%,+0.21,11,265129,买盘
13:48:35,221.31,-3.91%,-0.37,14,311604,卖盘
13:48:38,221.78,-3.71%,+0.47,13,307609,买盘
13:48:41,221.68,-3.75%,-0.1,2,44336,卖盘
13:48:44,221.68,-3.75%,--,0,0,卖盘
13:48:47,221.73,-3.73%,+0.05,5,120843,买盘
13:48:53,221.63,-3.77%,-0.1,15,342640,卖盘
13:48:56,221.99,-3.62%,+0.36,8,188913,买盘
13:48:59,222.15,-3.55%,+0.16,54,1209829,买盘
13:49:02,222.16,-3.54%,+0.01,18,403443,买盘
13:49:05,222.15,-3.55%,-0.01,9,213264,卖盘
13:52:17,222.82,-3.26%,-0.2,3,70857,中性盘
13:52:20,222.62,-3.34%,-0.2,2,62779,卖盘
13:52:23,222.8,-3.27%,+0.18,5,115410,买盘
13:52:29,222.8,-3.27%,--,5,111400,买盘
13:52:35,222.58,-3.36%,-0.22,18,402870,卖盘
13:52:38,222.58,-3.36%,--,2,64548,买盘
13:52:41,222.87,-3.23%,+0.29,8,178296,中性盘
13:52:44,222.82,-3.26%,-0.05,27,603842,卖盘
13:52:47,222.71,-3.30%,-0.11,8,186631,买盘
13:52:50,222.71,-3.30%,--,0,0,中性盘
13:52:53,222.65,-3.33%,-0.06,10,229107,买盘
13:52:56,222.4,-3.44%,-0.25,20,458811,中性盘
13:52:59,222.75,-3.29%,+0.35,7,164612,买盘
13:53:05,222.75,-3.29%,--,0,0,买盘
13:53:08,222.04,-3.59%,-0.71,14,311744,卖盘
13:53:11,222.1,-3.57%,+0.06,2,44420,中性盘
13:53:14,222.1,-3.57%,--,0,0,中性盘
13:53:17,222.04,-3.59%,-0.06,11,250683,卖盘
13:53:20,222.0,-3.61%,-0.04,18,416028,卖盘
13:53:23,222.3,-3.48%,+0.3,10,239195,买盘
13:53:26,222.34,-3.46%,+0.04,15,352409,中性盘
13:53:29,222.3,-3.48%,-0.04,5,113595,买盘
13:53:32,222.3,-3.48%,--,7,169170,买盘
13:53:35,222.0,-3.61%,-0.3,17,388500,卖盘
13:53:38,222.25,-3.50%,+0.25,6,145129,买盘
13:53:41,222.0,-3.61%,-0.25,53,1192362,卖盘
13:53:44,222.0,-3.61%,--,14,324564,买盘
13:53:47,221.94,-3.64%,-0.06,27,599904,卖盘
13:53:50,221.94,-3.64%,--,1,26189,卖盘
13:53:53,221.9,-3.66%,-0.04,4,93198,买盘
13:53:56,221.85,-3.68%,-0.05,4,89406,卖盘
13:53:59,221.8,-3.70%,-0.05,8,189417,卖盘
13:54:05,221.8,-3.70%,--,4,101141,卖盘
13:54:08,221.8,-3.70%,--,9,215146,卖盘
13:54:14,221.61,-3.78%,-0.19,2,45652,卖盘
13:54:17,221.51,-3.83%,-0.1,2,64459,卖盘
13:54:20,221.6,-3.79%,+0.09,2,44320,买盘
13:54:23,221.26,-3.93%,-0.34,25,558239,卖盘
13:54:26,221.8,-3.70%,+0.54,10,221800,买盘
13:54:29,221.8,-3.70%,--,10,221800,买盘
13:54:32,221.8,-3.70%,--,0,0,买盘
13:54:35,221.8,-3.70%,--,54,1204818,买盘
13:54:38,221.9,-3.66%,+0.1,40,889375,买盘
13:54:41,222.06,-3.59%,+0.16,18,413920,买盘
13:54:44,222.11,-3.56%,+0.05,12,271863,买盘
13:54:47,222.3,-3.48%,+0.19,9,214520,买盘
13:54:50,222.7,-3.31%,+0.4,4,89303,买盘
13:54:53,222.75,-3.29%,+0.05,5,128527,买盘
13:54:56,222.78,-3.27%,+0.03,2,44556,买盘
13:54:59,222.76,-3.28%,-0.02,18,412774,卖盘
13:55:02,222.76,-3.28%,--,23,534401,买盘
13:55:05,222.7,-3.31%,-0.06,3,73491,卖盘
13:55:08,222.71,-3.30%,+0.01,6,133849,买盘
13:55:11,222.7,-3.31%,-0.01,3,73714,买盘
13:55:14,222.71,-3.30%,+0.01,2,44542,卖盘
13:55:17,222.76,-3.28%,+0.05,13,304736,买盘
13:55:20,222.76,-3.28%,--,4,99351,买盘
13:55:23,222.76,-3.28%,--,13,293375,买盘
13:55:26,222.31,-3.48%,-0.45,2,48686,卖盘
13:55:29,222.74,-3.29%,+0.43,3,66822,中性盘
13:55:32,222.75,-3.29%,+0.01,5,111375,买盘
14:05:11,221.43,-3.86%,-0.12,3,85029,中性盘
14:05:14,221.31,-3.91%,-0.12,27,600414,买盘
14:05:17,221.25,-3.94%,-0.06,16,365505,卖盘
14:05:20,221.25,-3.94%,--,3,77216,卖盘
14:05:23,221.27,-3.93%,+0.02,14,331241,中性盘
14:05:26,221.24,-3.94%,-0.03,62,1380316,卖盘
14:05:32,221.19,-3.96%,-0.05,12,268746,卖盘
14:05:35,221.13,-3.99%,-0.06,2,44226,卖盘
14:05:38,221.13,-3.99%,--,8,176904,卖盘
14:05:41,221.19,-3.96%,+0.06,4,88476,买盘
14:05:44,221.06,-4.02%,-0.13,11,243166,卖盘
14:05:47,221.19,-3.96%,+0.13,2,44238,买盘
14:05:53,221.13,-3.99%,-0.06,4,108796,买盘
14:05:56,221.13,-3.99%,--,1,32064,买盘
14:05:59,221.06,-4.02%,-0.07,16,365191,卖盘
14:06:02,221.06,-4.02%,--,2,61897,买盘
14:06:05,221.0,-4.05%,-0.06,36,796263,卖盘
14:06:08,221.0,-4.05%,--,4,99892,买盘
14:06:11,220.9,-4.09%,-0.1,15,350789,卖盘
14:06:14,220.9,-4.09%,--,44,984993,卖盘
14:06:17,220.9,-4.09%,--,2,44180,卖盘
14:06:20,220.88,-4.10%,-0.02,4,88352,中性盘
14:06:26,220.85,-4.11%,-0.03,13,289314,卖盘
14:06:29,220.88,-4.10%,+0.03,12,265056,买盘
14:06:32,220.86,-4.11%,-0.02,6,133399,卖盘
14:06:35,220.85,-4.11%,-0.01,15,346072,卖盘
14:06:38,220.85,-4.11%,--,1,41741,买盘
14:06:41,220.83,-4.12%,-0.02,11,247992,卖盘
14:06:44,220.83,-4.12%,--,4,88553,卖盘
14:06:47,220.83,-4.12%,--,0,0,卖盘
14:06:50,220.86,-4.11%,+0.03,25,564739,买盘
14:06:53,220.83,-4.12%,-0.03,2,44166,卖盘
14:06:56,220.83,-4.12%,--,4,90540,卖盘
14:06:59,220.86,-4.11%,+0.03,10,220860,买盘
14:07:02,220.83,-4.12%,-0.03,7,168052,卖盘
14:07:05,220.87,-4.10%,+0.04,2,45057,买盘
14:07:08,221.0,-4.05%,+0.13,25,566644,买盘
14:07:11,221.13,-3.99%,+0.13,137,3038768,买盘
14:07:14,221.39,-3.88%,+0.26,29,642474,买盘
14:07:20,221.39,-3.88%,--,0,0,买盘
14:07:23,221.07,-4.02%,-0.32,41,915009,买盘
14:07:26,221.07,-4.02%,--,2,46204,卖盘
14:07:32,221.07,-4.02%,--,0,0,卖盘
14:07:38,221.1,-4.00%,+0.03,4,88440,卖盘
14:07:44,221.1,-4.00%,--,0,0,卖盘
14:07:50,221.29,-3.92%,+0.19,3,70370,买盘
14:07:53,221.34,-3.90%,+0.05,11,265387,买盘
14:07:56,221.35,-3.89%,+0.01,2,44270,卖盘
14:07:59,221.34,-3.90%,-0.01,9,204297,卖盘
14:08:08,221.39,-3.88%,+0.05,3,69738,买盘
14:08:11,221.39,-3.88%,--,0,9963,买盘
14:08:14,221.45,-3.85%,+0.06,6,137963,买盘
14:08:20,221.5,-3.83%,+0.05,7,161031,买盘
14:08:23,221.5,-3.83%,--,6,148184,买盘
14:08:26,221.5,-3.83%,--,0,0,买盘
14:18:05,222.84,-3.25%,-0.62,4,102284,中性盘
14:18:08,222.22,-3.52%,-0.62,1,32444,卖盘
14:18:11,222.22,-3.52%,--,2,44444,卖盘
14:18:17,222.83,-3.25%,+0.61,6,138377,买盘
14:18:20,222.84,-3.25%,+0.01,7,164456,买盘
14:18:23,222.82,-3.26%,-0.02,4,100937,卖盘
14:18:26,222.74,-3.29%,-0.08,22,500274,卖盘
14:18:29,222.74,-3.29%,--,7,163268,买盘
14:18:32,222.74,-3.29%,--,14,324532,买盘
14:18:35,222.74,-3.29%,--,15,343688,买盘
14:18:38,222.74,-3.29%,--,0,0,买盘
14:18:41,222.7,-3.31%,-0.04,4,92198,买盘
14:18:44,222.74,-3.29%,+0.04,12,268847,买盘
14:18:47,222.26,-3.50%,-0.48,2,49342,中性盘
14:18:50,222.8,-3.27%,+0.54,9,214111,买盘
14:18:53,222.8,-3.27%,--,7,173784,买盘
14:19:02,222.8,-3.27%,--,10,222800,买盘
14:19:11,222.82,-3.26%,+0.02,4,108068,买盘
14:19:14,222.82,-3.26%,--,0,0,买盘
14:19:17,222.8,-3.27%,-0.02,4,96472,买盘
14:19:20,222.8,-3.27%,--,33,743929,买盘
14:19:23,222.8,-3.27%,--,0,0,买盘
14:19:26,222.8,-3.27%,--,6,150836,买盘
14:19:29,222.8,-3.27%,--,6,133680,买盘
14:19:32,222.81,-3.26%,+0.01,6,146609,买盘
14:19:35,222.8,-3.27%,-0.01,5,120535,买盘
14:19:38,222.87,-3.23%,+0.07,24,550043,买盘
14:19:41,222.92,-3.21%,+0.05,9,210436,买盘
14:19:44,222.88,-3.23%,-0.04,8,178527,中性盘
14:19:47,222.88,-3.23%,--,2,44576,卖盘
14:19:50,222.92,-3.21%,+0.04,15,346864,买盘
14:19:53,222.92,-3.21%,--,8,187253,卖盘
14:19:56,222.88,-3.23%,-0.04,14,312701,卖盘
14:19:59,222.88,-3.23%,--,0,0,买盘
14:20:02,222.88,-3.23%,--,4,92941,买盘
14:20:05,222.88,-3.23%,--,12,267456,买盘
14:20:08,222.87,-3.23%,-0.01,48,1089611,买盘
14:20:11,222.85,-3.24%,-0.02,5,126133,买盘
14:20:14,222.86,-3.24%,+0.01,5,112321,卖盘
14:20:17,223.15,-3.11%,+0.29,8,185438,买盘
14:20:20,223.15,-3.11%,--,8,187446,买盘
14:20:23,223.15,-3.11%,--,14,333386,买盘
14:20:26,223.15,-3.11%,--,5,132774,买盘
14:20:29,223.15,-3.11%,--,2,46638,买盘
14:20:32,223.15,-3.11%,--,9,200835,买盘
14:20:35,223.4,-3.00%,+0.25,12,273665,买盘
14:20:44,223.4,-3.00%,--,12,270761,买盘
14:20:47,223.4,-3.00%,--,18,409492,买盘
14:20:50,223.4,-3.00%,--,6,134710,卖盘
14:20:53,223.45,-2.98%,+0.05,7,177643,买盘
14:20:56,223.4,-3.00%,-0.05,39,885334,卖盘
14:20:59,223.47,-2.97%,+0.07,4,103467,中性盘
14:21:02,223.5,-2.96%,+0.03,20,460857,买盘
14:21:05,223.58,-2.93%,+0.08,6,134148,买盘
14:21:08,223.53,-2.95%,-0.05,34,762461,卖盘
14:21:11,223.53,-2.95%,--,15,344236,买盘
14:21:14,223.4,-3.00%,-0.13,58,1309794,卖盘
14:21:17,223.11,-3.13%,-0.29,9,208831,卖盘
14:21:17,223.11,-3.13%,--,9,208831,中性盘
14:21:20,223.29,-3.05%,+0.18,6,133974,买盘
14:21:23,222.92,-3.21%,-0.37,6,133752,卖盘
14:21:26,222.92,-3.21%,--,2,44584,卖盘
14:21:29,222.92,-3.21%,--,0,6688,卖盘
14:21:32,222.88,-3.23%,-0.04,18,401184,卖盘
14:21:35,222.88,-3.23%,--,5,122584,买盘
14:21:41,222.88,-3.23%,--,19,433502,买盘
14:21:44,222.88,-3.23%,--,52,1179258,买盘
14:21:47,222.5,-3.40%,-0.38,8,185343,卖盘
14:21:50,222.87,-3.23%,+0.37,4,89148,买盘
14:21:53,222.87,-3.23%,--,0,0,中性盘
14:21:56,222.87,-3.23%,--,4,89148,买盘
14:21:59,222.8,-3.27%,-0.07,4,89120,买盘
14:22:02,222.68,-3.32%,-0.12,18,408618,卖盘
14:22:05,222.68,-3.32%,--,16,363636,买盘
14:22:11,222.31,-3.48%,-0.37,2,44462,卖盘
14:22:14,222.65,-3.33%,+0.34,2,44530,中性盘
14:22:17,222.22,-3.52%,-0.43,6,148665,卖盘
14:22:20,222.15,-3.55%,-0.07,12,271023,卖盘
14:22:23,222.0,-3.61%,-0.15,24,542124,卖盘
14:22:26,221.92,-3.65%,-0.08,8,177536,卖盘
14:22:29,222.0,-3.61%,+0.08,6,134088,中性盘
14:22:32,221.6,-3.79%,-0.4,4,98834,卖盘
14:22:35,221.99,-3.62%,+0.39,4,99008,买盘
14:22:38,221.99,-3.62%,--,0,0,买盘
14:22:41,221.92,-3.65%,-0.07,3,84330,买盘
14:22:44,221.92,-3.65%,--,5,117174,买盘
14:22:47,221.58,-3.79%,-0.34,0,2659,卖盘
14:22:50,221.58,-3.79%,--,1,41657,买盘
14:22:53,221.92,-3.65%,+0.34,29,654220,买盘
14:22:56,222.0,-3.61%,+0.08,48,1081806,买盘
14:22:59,222.05,-3.59%,+0.05,18,402577,买盘
14:23:02,222.0,-3.61%,-0.05,4,91242,卖盘
14:23:05,222.0,-3.61%,--,0,0,卖盘
14:23:08,222.01,-3.61%,+0.01,4,88804,卖盘
14:23:11,222.01,-3.61%,--,25,558133,卖盘
14:23:14,222.04,-3.59%,+0.03,15,333060,中性盘
14:23:17,222.01,-3.61%,-0.03,29,653597,卖盘
14:23:20,222.05,-3.59%,+0.04,27,600867,买盘
14:23:23,222.05,-3.59%,--,6,133230,中性盘
14:23:26,222.65,-3.33%,+0.6,3,66795,买盘
14:23:29,222.65,-3.33%,--,0,0,买盘
14:23:32,222.05,-3.59%,-0.6,10,222050,卖盘
14:23:35,222.05,-3.59%,--,2,47297,卖盘
14:23:38,222.0,-3.61%,-0.05,18,400488,卖盘
14:23:41,221.99,-3.62%,-0.01,6,144959,卖盘
14:23:44,222.0,-3.61%,+0.01,5,111000,买盘
14:23:47,222.0,-3.61%,--,53,1184814,买盘
14:23:50,222.0,-3.61%,--,10,241314,买盘
14:23:53,221.99,-3.62%,-0.01,20,457743,卖盘
14:23:56,221.99,-3.62%,--,8,181366,买盘
14:23:59,221.98,-3.62%,-0.01,10,239072,卖盘
14:24:02,222.0,-3.61%,+0.02,6,144966,买盘
14:24:05,221.98,-3.62%,-0.02,7,171591,卖盘
14:24:08,221.98,-3.62%,--,4,104775,买盘
14:24:11,221.9,-3.66%,-0.08,13,300231,卖盘
14:24:23,221.9,-3.66%,--,0,0,买盘
14:24:26,221.89,-3.66%,-0.01,3,74333,买盘
14:24:32,221.89,-3.66%,--,0,0,买盘
14:34:11,223.0,-3.18%,--,16,368396,中性盘
14:34:14,223.0,-3.18%,--,11,258457,卖盘
14:34:17,223.0,-3.18%,--,4,91876,买盘
14:34:23,222.5,-3.40%,-0.5,21,488165,卖盘
14:34:26,222.5,-3.40%,--,0,0,卖盘
14:34:29,222.6,-3.35%,+0.1,4,103286,卖盘
14:34:35,222.95,-3.20%,+0.35,4,89180,买盘
14:34:38,222.6,-3.35%,-0.35,14,319654,卖盘
14:34:41,222.6,-3.35%,--,0,0,卖盘
14:34:44,222.5,-3.40%,-0.1,8,197580,卖盘
14:34:47,223.0,-3.18%,+0.5,36,811720,买盘
14:34:50,222.5,-3.40%,-0.5,6,135948,卖盘
14:34:53,223.2,-3.09%,+0.7,7,156240,买盘
14:34:56,222.49,-3.40%,-0.71,2,45610,卖盘
14:34:59,222.49,-3.40%,--,2,49393,卖盘
14:35:08,222.49,-3.40%,--,0,0,卖盘
14:35:11,222.53,-3.38%,+0.04,2,44506,中性盘
14:35:14,222.75,-3.29%,+0.22,3,72171,买盘
14:35:17,222.56,-3.37%,-0.19,4,95256,中性盘
14:35:20,222.5,-3.40%,-0.06,35,792323,卖盘
14:35:23,222.8,-3.27%,+0.3,32,713183,买盘
14:35:26,222.57,-3.36%,-0.23,7,155799,中性盘
14:35:29,222.57,-3.36%,--,0,0,卖盘
14:35:32,222.75,-3.29%,+0.18,20,445500,中性盘
14:35:35,222.57,-3.36%,-0.18,18,420880,卖盘
14:35:38,222.57,-3.36%,--,16,360341,卖盘
14:35:41,222.57,-3.36%,--,9,220789,卖盘
14:35:44,222.57,-3.36%,--,2,44514,买盘
14:35:47,222.56,-3.37%,-0.01,7,167588,卖盘
14:35:50,222.56,-3.37%,--,2,55640,卖盘
14:35:53,222.56,-3.37%,--,2,44512,卖盘
14:35:56,222.48,-3.40%,-0.08,54,1220525,卖盘
14:35:59,222.3,-3.48%,-0.18,171,3806665,卖盘
14:36:02,222.2,-3.53%,-0.1,20,466176,卖盘
14:36:05,222.48,-3.40%,+0.28,24,533952,买盘
14:36:08,222.48,-3.40%,--,7,155736,买盘
14:36:11,222.48,-3.40%,--,21,477665,买盘
14:36:14,222.16,-3.54%,-0.32,38,846207,卖盘
14:36:17,222.21,-3.52%,+0.05,2,44442,买盘
14:36:20,222.21,-3.52%,--,0,0,买盘
14:36:23,222.21,-3.52%,--,0,6222,买盘
14:36:26,222.21,-3.52%,--,0,0,卖盘
14:36:32,222.2,-3.53%,-0.01,2,44440,卖盘
14:36:35,222.2,-3.53%,--,10,222200,卖盘
14:36:38,222.17,-3.54%,-0.03,8,180402,卖盘
14:36:41,222.17,-3.54%,--,0,0,卖盘
14:36:44,222.17,-3.54%,--,7,155519,卖盘
14:36:47,222.44,-3.42%,+0.27,7,170389,买盘
14:36:50,222.16,-3.54%,-0.28,12,285253,卖盘
14:36:53,222.14,-3.55%,-0.02,18,420733,卖盘
14:36:59,222.14,-3.55%,--,10,237468,买盘
14:37:02,222.0,-3.61%,-0.14,22,499056,卖盘
14:37:05,222.0,-3.61%,--,11,262404,买盘
14:37:11,222.14,-3.55%,+0.14,11,252795,买盘
14:37:14,222.14,-3.55%,--,0,0,买盘
14:37:17,222.15,-3.55%,+0.01,22,507613,买盘
14:37:20,222.0,-3.61%,-0.15,2,51282,中性盘
14:37:23,222.16,-3.54%,+0.16,6,133296,买盘
14:37:26,222.01,-3.61%,-0.15,25,555025,中性盘
14:37:26,222.01,-3.61%,--,25,555025,中性盘
14:37:32,221.94,-3.64%,-0.07,4,92549,卖盘
14:37:35,221.94,-3.64%,--,8,184432,卖盘
14:37:38,221.8,-3.70%,-0.14,4,88720,卖盘
14:37:41,221.94,-3.64%,+0.14,44,983194,买盘
14:37:44,221.8,-3.70%,-0.14,5,110900,卖盘
14:37:47,221.8,-3.70%,--,8,190748,卖盘
14:37:50,221.6,-3.79%,-0.2,27,617156,卖盘
14:37:53,221.6,-3.79%,--,19,427910,卖盘
14:37:56,221.7,-3.74%,+0.1,2,44340,买盘
14:37:59,221.6,-3.79%,-0.1,4,89083,买盘
14:38:02,221.6,-3.79%,--,10,221600,买盘
14:38:05,221.5,-3.83%,-0.1,3,66450,卖盘
14:38:08,221.51,-3.83%,+0.01,5,110755,中性盘
14:38:11,221.59,-3.79%,+0.08,2,44318,买盘
14:38:14,221.52,-3.82%,-0.07,2,44304,卖盘
14:38:17,221.6,-3.79%,+0.08,170,3772075,买盘
14:38:20,221.6,-3.79%,--,8,177723,卖盘
14:38:23,221.6,-3.79%,--,10,221600,卖盘
14:38:26,221.6,-3.79%,--,0,0,卖盘
14:38:29,221.77,-3.71%,+0.17,17,387210,买盘
14:38:32,221.7,-3.74%,-0.07,2,44340,卖盘
14:38:35,221.23,-3.95%,-0.47,195,4331241,卖盘
14:38:44,221.23,-3.95%,--,0,0,卖盘
14:38:47,221.52,-3.82%,+0.29,2,44304,卖盘
14:38:50,221.14,-3.99%,-0.38,30,663420,卖盘
14:38:53,221.48,-3.84%,+0.34,4,105424,中性盘
14:38:56,221.23,-3.95%,-0.25,4,98005,卖盘
14:38:59,221.23,-3.95%,--,7,159728,买盘
14:39:02,221.16,-3.98%,-0.07,5,110580,卖盘
14:39:05,221.16,-3.98%,--,5,116551,卖盘
14:39:08,221.15,-3.98%,-0.01,5,126940,中性盘
14:39:11,221.14,-3.99%,-0.01,10,239495,卖盘
14:39:14,221.23,-3.95%,+0.09,40,905052,买盘
14:39:17,221.13,-3.99%,-0.1,4,90663,卖盘
14:39:20,221.07,-4.02%,-0.06,4,88649,卖盘
14:39:26,221.11,-4.00%,+0.04,4,93972,卖盘
14:39:29,221.11,-4.00%,--,1,38694,卖盘
14:39:32,221.11,-4.00%,--,2,44222,买盘
14:39:35,221.08,-4.01%,-0.03,6,133532,卖盘
14:39:38,221.07,-4.02%,-0.01,12,284517,卖盘
14:39:41,221.04,-4.03%,-0.03,19,422850,卖盘
14:39:44,221.04,-4.03%,--,2,44208,卖盘
14:39:47,220.7,-4.18%,-0.34,44,979025,卖盘
14:39:50,220.42,-4.30%,-0.28,6,143934,卖盘
14:39:53,220.66,-4.19%,+0.24,2,44132,中性盘
14:39:56,220.69,-4.18%,+0.03,5,126235,买盘
14:39:59,220.4,-4.31%,-0.29,31,688309,卖盘
14:40:02,220.43,-4.29%,+0.03,5,125645,卖盘
14:40:05,220.4,-4.31%,-0.03,7,167284,卖盘
14:40:08,220.52,-4.25%,+0.12,73,1618176,买盘
14:40:11,220.01,-4.48%,-0.51,17,389858,卖盘
14:40:14,220.23,-4.38%,+0.22,14,308322,中性盘
14:40:17,220.01,-4.48%,-0.22,6,142786,卖盘
14:40:20,220.0,-4.48%,-0.01,99,2194500,卖盘
14:40:23,220.4,-4.31%,+0.4,41,904301,买盘
14:40:26,220.0,-4.48%,-0.4,12,270160,中性盘
14:40:29,220.0,-4.48%,--,17,388740,卖盘
14:40:32,220.01,-4.48%,+0.01,8,188109,中性盘
14:40:35,220.0,-4.48%,-0.01,17,390720,卖盘
14:40:38,219.99,-4.49%,-0.01,2,43998,中性盘
14:40:38,219.99,-4.49%,-0.02,2,43998,中性盘
14:40:41,219.97,-4.49%,-0.02,12,267264,卖盘
14:40:44,219.97,-4.49%,--,4,100526,卖盘
14:40:47,219.96,-4.50%,-0.01,28,625566,卖盘
14:40:50,219.97,-4.49%,+0.01,8,177736,买盘
14:40:53,219.91,-4.52%,-0.06,2,43982,卖盘
14:40:56,219.97,-4.49%,+0.06,48,1076973,买盘
14:40:59,219.91,-4.52%,-0.06,31,689858,卖盘
14:41:05,219.91,-4.52%,--,2,48380,买盘
14:41:08,219.91,-4.52%,--,23,517888,买盘
14:41:11,219.88,-4.53%,-0.03,13,289362,卖盘
14:41:14,219.88,-4.53%,--,4,88832,卖盘
14:41:17,220.02,-4.47%,+0.14,76,1686233,买盘
14:41:20,221.0,-4.05%,+0.98,16,370838,买盘
14:41:23,221.0,-4.05%,--,0,0,买盘
14:41:26,221.0,-4.05%,--,21,464100,买盘
14:41:29,220.33,-4.34%,-0.67,4,93420,卖盘
14:41:32,220.38,-4.32%,+0.05,6,137297,中性盘
14:41:35,220.41,-4.30%,+0.03,79,1746749,买盘
14:41:38,219.99,-4.49%,-0.42,7,168072,卖盘
14:41:41,219.99,-4.49%,--,0,0,卖盘
14:41:44,220.41,-4.30%,+0.42,4,108883,买盘
14:41:50,220.1,-4.44%,-0.31,11,242110,卖盘
14:41:53,220.1,-4.44%,--,3,66030,买盘
14:41:56,220.41,-4.30%,+0.31,2,44082,买盘
14:41:59,220.41,-4.30%,--,2,44082,卖盘
14:42:02,220.82,-4.12%,+0.41,13,287066,中性盘
14:42:08,220.99,-4.05%,+0.17,13,287287,买盘
14:42:11,221.0,-4.05%,+0.01,170,3770481,买盘
14:42:14,221.0,-4.05%,--,5,110500,卖盘
14:42:20,221.03,-4.03%,+0.03,8,176824,中性盘
14:42:23,221.0,-4.05%,-0.03,18,398684,卖盘
14:42:26,221.08,-4.01%,+0.08,4,89316,买盘
14:42:29,221.1,-4.00%,+0.02,4,89988,买盘
14:42:32,221.13,-3.99%,+0.03,6,132678,买盘
14:42:35,221.13,-3.99%,--,2,51302,买盘
14:42:38,221.31,-3.91%,+0.18,19,431997,买盘
14:42:41,221.33,-3.90%,+0.02,18,416543,买盘
14:42:44,221.33,-3.90%,--,5,125494,买盘
14:42:47,221.1,-4.00%,-0.23,19,422080,卖盘
14:42:50,221.94,-3.64%,+0.84,15,353550,买盘
14:42:53,222.17,-3.54%,+0.23,86,1911106,买盘
14:42:56,222.5,-3.40%,+0.33,8,184230,买盘
14:42:59,222.44,-3.42%,-0.06,49,1111978,中性盘
14:43:02,222.17,-3.54%,-0.27,47,1059307,卖盘
14:43:05,222.38,-3.45%,+0.21,11,265077,中性盘
14:43:11,222.38,-3.45%,--,0,0,买盘
14:43:14,222.3,-3.48%,-0.08,2,44460,中性盘
14:43:17,222.38,-3.45%,+0.08,27,610878,买盘
14:43:20,222.38,-3.45%,--,22,499243,买盘
14:43:23,222.38,-3.45%,--,46,1040071,买盘
14:43:26,222.0,-3.61%,-0.38,32,721500,卖盘
14:43:29,222.0,-3.61%,--,24,544122,卖盘
14:43:32,221.81,-3.69%,-0.19,26,581808,卖盘
14:43:35,221.19,-3.96%,-0.62,11,243309,卖盘
14:43:44,221.19,-3.96%,--,2,59500,卖盘
14:43:47,222.0,-3.61%,+0.81,5,132978,买盘
14:43:53,221.39,-3.88%,-0.61,18,418870,中性盘
14:43:53,221.39,-3.88%,--,18,418870,中性盘
14:43:53,221.39,-3.88%,--,18,418870,卖盘
14:43:56,222.0,-3.61%,+0.61,6,148074,买盘
14:43:59,222.0,-3.61%,--,0,0,买盘
14:44:02,221.57,-3.80%,-0.43,3,66471,中性盘
14:44:05,221.98,-3.62%,+0.41,8,177584,买盘
14:44:08,222.0,-3.61%,+0.02,7,157176,买盘
14:44:11,221.98,-3.62%,-0.02,7,166263,卖盘
14:44:14,221.98,-3.62%,--,4,89902,买盘
14:44:17,221.98,-3.62%,--,0,0,买盘
14:44:20,221.57,-3.80%,-0.41,4,107683,卖盘
14:44:23,221.57,-3.80%,--,6,138924,卖盘
14:44:26,221.5,-3.83%,-0.07,2,44300,卖盘
14:44:29,221.5,-3.83%,--,4,98568,卖盘
14:44:32,221.5,-3.83%,--,4,88822,卖盘
14:44:38,221.57,-3.80%,+0.07,19,420983,买盘
14:44:41,221.8,-3.70%,+0.23,19,437833,买盘
14:44:44,221.44,-3.86%,-0.36,6,133528,卖盘
14:44:47,221.57,-3.80%,+0.13,8,177478,买盘
14:44:50,221.44,-3.86%,-0.13,6,151465,卖盘
14:44:53,221.5,-3.83%,+0.06,9,199350,买盘
14:44:56,221.5,-3.83%,--,27,601373,买盘
14:44:59,221.5,-3.83%,--,5,126034,买盘
14:45:02,221.44,-3.86%,-0.06,2,44288,中性盘
14:45:05,221.5,-3.83%,+0.06,17,387847,买盘
14:45:08,221.37,-3.89%,-0.13,28,625813,卖盘
14:45:11,221.37,-3.89%,--,2,49808,卖盘
14:45:14,221.8,-3.70%,+0.43,12,266160,买盘
14:45:17,221.8,-3.70%,--,29,652092,买盘
14:45:20,221.98,-3.62%,+0.18,18,402672,买盘
14:45:23,222.35,-3.46%,+0.37,96,2135005,买盘
14:45:26,222.35,-3.46%,--,49,1094851,买盘
14:45:32,222.35,-3.46%,--,0,0,买盘
14:45:35,222.35,-3.46%,--,10,243251,买盘
14:45:38,222.35,-3.46%,--,0,0,中性盘
14:45:41,221.98,-3.62%,-0.37,2,44396,卖盘
14:45:44,221.98,-3.62%,--,16,355168,卖盘
14:45:47,222.34,-3.46%,+0.36,22,489148,买盘
14:45:50,222.34,-3.46%,--,2,53139,卖盘
14:45:53,222.0,-3.61%,-0.34,16,362082,卖盘
14:45:56,222.33,-3.47%,+0.33,4,88932,买盘
14:45:59,222.34,-3.46%,+0.01,5,117396,买盘
14:46:02,222.34,-3.46%,--,0,0,买盘
14:46:05,222.25,-3.50%,-0.09,2,54451,买盘
14:46:08,222.07,-3.58%,-0.18,16,369969,卖盘
14:46:11,222.07,-3.58%,--,26,584710,卖盘
14:46:14,222.06,-3.59%,-0.01,8,187863,卖盘
14:46:17,222.37,-3.45%,+0.31,25,573937,买盘
14:46:20,222.4,-3.44%,+0.03,10,226626,买盘
14:46:23,222.41,-3.43%,+0.01,10,222632,中性盘
14:46:26,222.4,-3.44%,-0.01,25,574459,卖盘
14:46:29,222.5,-3.40%,+0.1,6,153748,买盘
14:46:32,222.56,-3.37%,+0.06,33,734448,买盘
14:46:35,222.67,-3.32%,+0.11,24,549327,买盘
14:46:38,222.67,-3.32%,--,10,237144,买盘
14:46:41,222.8,-3.27%,+0.13,4,98478,买盘
14:46:44,222.56,-3.37%,-0.24,16,356096,卖盘
14:46:47,222.77,-3.28%,+0.21,2,49455,买盘
14:46:50,222.77,-3.28%,--,52,1180458,买盘
14:46:53,222.8,-3.27%,+0.03,29,661048,买盘
14:46:56,222.8,-3.27%,--,5,116524,买盘
14:46:59,222.6,-3.35%,-0.2,10,239740,卖盘
14:47:02,222.83,-3.25%,+0.23,3,77991,买盘
14:47:05,222.8,-3.27%,-0.03,30,679317,卖盘
14:47:05,222.8,-3.27%,-0.2,30,679317,中性盘
14:47:11,222.6,-3.35%,-0.2,25,558726,卖盘
14:47:14,222.96,-3.20%,+0.36,19,430536,买盘
14:47:17,222.99,-3.18%,+0.03,18,411417,买盘
14:47:20,222.98,-3.19%,-0.01,16,367917,中性盘
14:47:23,223.0,-3.18%,+0.02,12,267600,买盘
14:47:29,222.99,-3.18%,-0.01,12,280967,买盘
14:47:32,222.99,-3.18%,--,62,1391012,买盘
14:47:35,223.19,-3.10%,+0.2,88,1975232,买盘
14:47:38,223.19,-3.10%,--,5,118737,卖盘
14:47:41,223.27,-3.06%,+0.08,53,1192262,买盘
14:47:44,223.19,-3.10%,-0.08,30,676266,卖盘
14:47:47,223.5,-2.96%,+0.31,17,402077,买盘
14:47:50,223.5,-2.96%,--,25,575513,买盘
14:47:53,223.5,-2.96%,--,29,662007,买盘
14:47:56,223.2,-3.09%,-0.3,23,520279,卖盘
14:47:59,223.0,-3.18%,-0.2,101,2271032,卖盘
14:48:02,223.41,-3.00%,+0.41,15,352318,买盘
14:48:05,223.19,-3.10%,-0.22,23,516685,卖盘
14:48:08,223.5,-2.96%,+0.31,29,656420,买盘
14:48:11,223.5,-2.96%,--,25,572160,买盘
14:48:14,223.4,-3.00%,-0.1,17,379780,中性盘
14:48:17,223.4,-3.00%,--,2,44680,买盘
14:48:20,223.4,-3.00%,--,4,96732,买盘
14:48:23,223.5,-2.96%,+0.1,34,773757,买盘
14:48:26,223.0,-3.18%,-0.5,20,459157,卖盘
14:48:29,223.48,-2.97%,+0.48,13,290524,买盘
14:48:32,223.31,-3.04%,-0.17,7,156987,中性盘
14:48:41,223.48,-2.97%,+0.17,3,69726,买盘
14:48:44,223.31,-3.04%,-0.17,31,698960,卖盘
14:48:47,223.5,-2.96%,+0.19,13,304407,买盘
14:48:50,223.28,-3.06%,-0.22,8,178624,卖盘
14:48:53,223.5,-2.96%,+0.22,5,119573,买盘
14:48:56,223.53,-2.95%,+0.03,20,466284,买盘
14:48:59,223.6,-2.92%,+0.07,14,315500,买盘
14:49:02,223.65,-2.90%,+0.05,34,778749,买盘
14:49:05,223.66,-2.89%,+0.01,3,80741,买盘
14:49:08,223.8,-2.83%,+0.14,7,175907,买盘
14:49:11,223.73,-2.86%,-0.07,6,134238,买盘
14:49:14,223.85,-2.81%,+0.12,19,435388,买盘
14:49:17,223.85,-2.81%,--,9,212658,卖盘
14:49:20,223.93,-2.77%,+0.08,21,481226,买盘
14:49:23,223.97,-2.76%,+0.04,18,421064,买盘
14:49:26,223.97,-2.76%,--,14,313558,卖盘
14:49:29,223.9,-2.79%,-0.07,16,364509,卖盘
14:49:32,223.98,-2.75%,+0.08,2,44796,中性盘
14:49:35,223.88,-2.80%,-0.1,11,268432,卖盘
14:49:38,223.85,-2.81%,-0.03,165,3694420,卖盘
14:49:41,223.66,-2.89%,-0.19,70,1570764,卖盘
14:49:44,223.85,-2.81%,+0.19,61,1368619,买盘
14:49:47,223.85,-2.81%,--,38,865180,买盘
14:49:50,223.85,-2.81%,--,56,1259380,买盘
14:49:53,223.66,-2.89%,-0.19,4,89464,中性盘
14:49:56,223.74,-2.86%,+0.08,7,175860,买盘
14:49:59,223.84,-2.81%,+0.1,9,201456,买盘
14:50:02,223.28,-3.06%,-0.56,100,2245080,卖盘
14:50:05,223.28,-3.06%,--,18,421106,卖盘
14:50:08,223.78,-2.84%,+0.5,17,382216,买盘
14:50:11,223.78,-2.84%,--,55,1237727,买盘
14:50:14,223.01,-3.17%,-0.77,4,95225,卖盘
14:50:17,223.66,-2.89%,+0.65,47,1053886,买盘
14:50:20,223.01,-3.17%,-0.65,37,842532,卖盘
14:50:20,223.01,-3.17%,--,37,842532,中性盘
14:50:20,223.01,-3.17%,--,37,842532,卖盘
14:50:23,223.01,-3.17%,--,18,408554,卖盘
14:50:26,223.55,-2.94%,+0.54,10,236516,买盘
14:50:29,223.01,-3.17%,-0.54,12,274079,中性盘
14:50:32,223.0,-3.18%,-0.01,12,279642,卖盘
14:50:35,223.0,-3.18%,--,13,299935,买盘
14:50:38,223.01,-3.17%,+0.01,12,279209,中性盘
14:50:41,223.0,-3.18%,-0.01,28,634881,卖盘
14:50:44,223.0,-3.18%,--,0,0,卖盘
14:50:47,223.01,-3.17%,+0.01,10,232376,卖盘
14:50:50,223.1,-3.13%,+0.09,32,713920,卖盘
14:50:53,223.4,-3.00%,+0.3,14,332866,买盘
14:50:56,223.1,-3.13%,-0.3,41,935905,卖盘
14:50:59,223.1,-3.13%,--,12,281552,买盘
14:51:02,223.0,-3.18%,-0.1,3,66900,卖盘
14:51:05,222.88,-3.23%,-0.12,15,339669,卖盘
14:51:08,222.8,-3.27%,-0.08,6,155069,卖盘
14:51:11,223.1,-3.13%,+0.3,20,457578,买盘
14:51:14,222.8,-3.27%,-0.3,2,49462,买盘
14:51:17,222.8,-3.27%,--,8,193836,卖盘
14:51:20,222.8,-3.27%,--,2,46788,卖盘
14:51:23,222.9,-3.22%,+0.1,17,384280,买盘
14:51:26,222.9,-3.22%,--,0,0,买盘
14:51:29,222.62,-3.34%,-0.28,9,200358,买盘
14:51:32,222.9,-3.22%,+0.28,2,44580,买盘
14:51:35,222.62,-3.34%,-0.28,14,325025,卖盘
14:51:38,222.62,-3.34%,--,8,178541,卖盘
14:51:41,222.7,-3.31%,+0.08,14,314007,卖盘
14:51:44,222.88,-3.23%,+0.18,2,44576,买盘
14:51:47,223.1,-3.13%,+0.22,30,682463,买盘
14:51:50,223.1,-3.13%,--,0,0,卖盘
14:51:53,223.32,-3.04%,+0.22,9,206571,中性盘
14:51:56,223.34,-3.03%,+0.02,5,111670,卖盘
14:51:59,223.39,-3.01%,+0.05,1,22339,买盘
14:52:02,223.34,-3.03%,-0.05,19,434173,卖盘
14:52:05,223.44,-2.99%,+0.1,4,89376,中性盘
14:52:08,223.48,-2.97%,+0.04,17,398018,中性盘
14:52:11,223.47,-2.97%,-0.01,6,134976,卖盘
14:52:14,223.47,-2.97%,--,8,178776,买盘
14:52:17,223.47,-2.97%,--,7,160005,买盘
14:52:20,223.48,-2.97%,+0.01,2,53859,买盘
14:52:23,223.47,-2.97%,-0.01,28,625716,卖盘
14:52:26,223.5,-2.96%,+0.03,46,1046204,买盘
14:52:29,223.47,-2.97%,-0.03,2,44694,买盘
14:52:32,223.47,-2.97%,--,15,342356,买盘
14:52:35,223.3,-3.05%,-0.17,11,254339,卖盘
14:52:38,223.5,-2.96%,+0.2,13,290550,买盘
14:52:41,223.46,-2.98%,-0.04,17,395971,卖盘
14:52:44,223.46,-2.98%,--,30,689374,买盘
14:52:47,223.01,-3.17%,-0.45,17,379563,卖盘
14:52:50,223.45,-2.98%,+0.44,11,245795,买盘
14:52:53,223.01,-3.17%,-0.44,19,445797,卖盘
14:52:56,223.02,-3.17%,+0.01,23,527888,中性盘
14:52:59,223.0,-3.18%,-0.02,12,269161,卖盘
14:53:02,223.5,-2.96%,+0.5,4,89400,买盘
14:53:05,223.5,-2.96%,--,8,196680,买盘
14:53:08,223.0,-3.18%,-0.5,25,557500,卖盘
14:53:11,223.46,-2.98%,+0.46,23,524014,中性盘
14:53:14,223.01,-3.17%,-0.45,11,245311,中性盘
14:53:17,223.45,-2.98%,+0.44,11,245795,中性盘
14:53:20,223.07,-3.15%,-0.38,10,223070,中性盘
14:53:23,223.07,-3.15%,--,6,136965,卖盘
14:53:26,223.07,-3.15%,--,8,178456,买盘
14:53:29,223.4,-3.00%,+0.33,22,499969,买盘
14:53:32,223.47,-2.97%,+0.07,7,156429,买盘
14:53:32,223.47,-2.97%,-0.18,7,156429,中性盘
14:53:35,223.29,-3.05%,-0.18,11,261249,中性盘
14:53:38,223.4,-3.00%,+0.11,12,268080,中性盘
14:53:41,223.49,-2.97%,+0.09,14,317579,买盘
14:53:44,223.5,-2.96%,+0.01,17,398724,买盘
14:53:47,223.5,-2.96%,--,17,401183,买盘
14:53:50,223.49,-2.97%,-0.01,12,284950,买盘
14:53:53,223.5,-2.96%,+0.01,21,470691,买盘
14:53:56,223.5,-2.96%,--,24,543105,卖盘
14:53:59,223.51,-2.96%,+0.01,15,352922,买盘
14:54:02,223.51,-2.96%,--,10,236921,买盘
14:54:05,223.49,-2.97%,-0.02,17,388873,卖盘
14:54:08,223.5,-2.96%,+0.01,7,156450,买盘
14:54:11,223.55,-2.94%,+0.05,19,439946,买盘
14:54:14,223.6,-2.92%,+0.05,35,782600,买盘
14:54:17,223.66,-2.89%,+0.06,24,541928,买盘
14:54:20,223.7,-2.87%,+0.04,32,736644,买盘
14:54:23,223.77,-2.84%,+0.07,74,1674471,买盘
14:54:26,223.8,-2.83%,+0.03,21,484975,买盘
14:54:29,223.85,-2.81%,+0.05,16,380321,买盘
14:54:32,223.72,-2.87%,-0.13,16,362874,卖盘
14:54:35,223.8,-2.83%,+0.08,17,392098,中性盘
14:54:38,223.8,-2.83%,--,3,82806,买盘
14:54:41,223.87,-2.80%,+0.07,6,134322,买盘
14:54:44,223.72,-2.87%,-0.15,14,317459,卖盘
14:54:47,223.55,-2.94%,-0.17,9,202089,卖盘
14:54:50,223.85,-2.81%,+0.3,2,44770,买盘
14:54:53,223.7,-2.87%,-0.15,9,201330,买盘
14:54:56,223.6,-2.92%,-0.1,4,89440,中性盘
14:54:59,223.7,-2.87%,+0.1,8,178960,买盘
14:55:02,223.8,-2.83%,+0.1,18,406421,买盘
14:55:05,223.65,-2.90%,-0.15,8,186300,买盘
14:55:08,223.56,-2.94%,-0.09,21,470147,卖盘
14:55:11,223.57,-2.93%,+0.01,6,140849,中性盘
14:55:14,223.55,-2.94%,-0.02,7,170569,卖盘
14:55:17,223.57,-2.93%,+0.02,5,111785,买盘
14:55:20,223.55,-2.94%,-0.02,5,130330,卖盘
14:55:23,223.5,-2.96%,-0.05,45,1013796,卖盘
14:55:26,223.49,-2.97%,-0.01,29,664883,卖盘
14:55:29,223.48,-2.97%,-0.01,6,142804,卖盘
14:55:32,223.5,-2.96%,+0.02,6,147287,买盘
14:55:35,223.5,-2.96%,--,15,345308,卖盘
14:55:38,223.5,-2.96%,--,18,424427,卖盘
14:55:41,223.5,-2.96%,--,3,72191,买盘
14:55:44,223.5,-2.96%,--,10,242051,买盘
14:55:47,223.5,-2.96%,--,10,245403,买盘
14:55:50,223.41,-3.00%,-0.09,18,413532,卖盘
14:55:53,223.41,-3.00%,--,2,46469,卖盘
14:55:56,223.4,-3.00%,-0.01,6,148784,卖盘
14:55:59,223.18,-3.10%,-0.22,4,94405,卖盘
14:56:02,223.18,-3.10%,--,47,1069032,买盘
14:56:05,223.02,-3.17%,-0.16,7,167265,卖盘
14:56:11,223.03,-3.17%,+0.01,7,156121,卖盘
14:56:14,223.03,-3.17%,--,10,223030,卖盘
14:56:17,223.03,-3.17%,--,13,297299,卖盘
14:56:20,223.02,-3.17%,-0.01,31,691362,卖盘
14:56:23,223.18,-3.10%,+0.16,20,465107,中性盘
14:56:26,223.03,-3.17%,-0.15,7,156344,卖盘
14:56:29,223.02,-3.17%,-0.01,18,416601,卖盘
14:56:32,223.25,-3.07%,+0.23,19,431766,买盘
14:56:35,223.02,-3.17%,-0.23,8,190013,卖盘
14:56:38,223.25,-3.07%,+0.23,5,111625,买盘
14:56:41,223.17,-3.10%,-0.08,5,121628,卖盘
14:56:44,223.2,-3.09%,+0.03,19,424080,买盘
14:56:47,223.16,-3.11%,-0.04,5,116266,中性盘
14:56:47,223.16,-3.11%,--,5,116266,中性盘
14:56:47,223.16,-3.11%,--,5,116266,卖盘
14:56:50,223.2,-3.09%,+0.04,21,488585,买盘
14:56:53,223.2,-3.09%,--,35,790798,买盘
14:56:56,223.24,-3.07%,+0.04,18,407859,买盘
14:56:59,223.25,-3.07%,+0.01,8,188870,买盘
14:59:59,223.25,-3.07%,--,0,0,卖盘
15:00:01,223.25,-3.07%,--,777,17354785,卖盘
15:00:01,223.25,-3.07%,--,0,0,买盘
