成交时间,成交价,涨跌幅,价格变动,成交量(手),成交额(元),性质
09:24:03,0.0,-100.00%,--,0,0,中性盘
09:24:54,0.0,-100.00%,--,0,0,卖盘
09:25:00,47.74,-0.52%,+47.74,1435,6850690,买盘
09:25:00,47.74,-0.52%,--,1435,6850690,--
09:25:00,47.74,-0.52%,--,1435,6850690,中性盘
09:30:02,47.75,-0.50%,+0.01,229,1093475,买盘
09:30:05,47.65,-0.71%,-0.1,132,628980,卖盘
09:30:08,47.5,-1.02%,-0.15,225,1068750,卖盘
09:30:11,47.73,-0.54%,+0.23,433,2066709,买盘
09:30:14,47.47,-1.08%,-0.26,327,1552269,卖盘
09:30:17,47.68,-0.65%,+0.21,258,1230144,买盘
09:30:20,47.43,-1.17%,-0.25,138,654534,卖盘
09:30:23,47.35,-1.33%,-0.08,93,440355,卖盘
09:30:26,47.5,-1.02%,+0.15,58,275500,卖盘
09:30:29,47.33,-1.38%,-0.17,57,269781,卖盘
09:30:32,47.41,-1.21%,+0.08,53,251273,买盘
09:30:35,47.3,-1.44%,-0.11,27,127710,卖盘
09:30:38,47.23,-1.58%,-0.07,154,727342,卖盘
09:30:41,47.16,-1.73%,-0.07,143,674388,卖盘
09:30:44,47.1,-1.85%,-0.06,64,301440,卖盘
09:30:47,47.1,-1.85%,--,104,489840,卖盘
09:30:50,47.08,-1.90%,-0.02,39,183612,卖盘
09:30:53,47.07,-1.92%,-0.01,265,1247355,卖盘
09:30:56,47.13,-1.79%,+0.06,970,4571610,买盘
09:30:59,47.21,-1.63%,+0.08,259,1222739,买盘
09:31:02,47.1,-1.85%,-0.11,600,2826000,卖盘
09:31:05,47.27,-1.50%,+0.17,136,642872,买盘
09:31:08,47.47,-1.08%,+0.2,1274,6047678,买盘
09:31:11,47.67,-0.67%,+0.2,332,1582644,买盘
09:31:14,47.74,-0.52%,+0.07,250,1193500,买盘
09:31:17,47.75,-0.50%,+0.01,338,1613950,买盘
09:31:20,47.7,-0.60%,-0.05,119,567630,卖盘
09:31:23,47.67,-0.67%,-0.03,176,838992,卖盘
09:31:26,47.55,-0.92%,-0.12,26,123630,中性盘
09:31:29,47.51,-1.00%,-0.04,86,408586,卖盘
09:31:32,47.51,-1.00%,--,157,745907,卖盘
09:31:32,47.51,-1.00%,--,157,745907,中性盘
09:31:35,47.47,-1.08%,-0.04,54,256338,卖盘
09:31:38,47.49,-1.04%,+0.02,22,104478,买盘
09:31:41,47.49,-1.04%,--,121,574629,买盘
09:31:44,47.49,-1.04%,--,82,389418,卖盘
09:31:47,47.49,-1.04%,--,104,493896,卖盘
09:31:50,47.48,-1.06%,-0.01,150,712200,中性盘
09:31:53,47.5,-1.02%,+0.02,150,712500,买盘
09:31:56,47.5,-1.02%,--,32,152000,卖盘
09:31:59,47.63,-0.75%,+0.13,90,428670,买盘
09:32:02,47.65,-0.71%,+0.02,139,662335,中性盘
09:32:05,47.69,-0.63%,+0.04,72,343368,中性盘
09:32:08,47.7,-0.60%,+0.01,128,610560,买盘
09:32:11,47.73,-0.54%,+0.03,65,310245,中性盘
09:32:14,47.73,-0.54%,--,77,367521,买盘
09:32:17,47.66,-0.69%,-0.07,152,724432,卖盘
09:32:20,47.64,-0.73%,-0.02,262,1248168,卖盘
09:32:23,47.56,-0.90%,-0.08,45,214020,卖盘
09:32:26,47.56,-0.90%,--,73,347188,卖盘
09:32:29,47.56,-0.90%,--,73,347188,买盘
09:32:32,47.52,-0.98%,-0.04,76,361152,卖盘
09:32:35,47.51,-1.00%,-0.01,129,612879,卖盘
09:32:38,47.49,-1.04%,-0.02,91,432159,卖盘
09:32:41,47.5,-1.02%,+0.01,85,403750,买盘
09:32:44,47.45,-1.13%,-0.05,54,256230,卖盘
09:32:47,47.42,-1.19%,-0.03,37,175454,中性盘
09:32:50,47.41,-1.21%,-0.01,232,1099912,卖盘
09:32:53,47.42,-1.19%,+0.01,84,398328,中性盘
09:32:56,47.41,-1.21%,-0.01,286,1355926,中性盘
09:32:59,47.4,-1.23%,-0.01,271,1284540,卖盘
09:33:02,47.39,-1.25%,-0.01,117,554463,卖盘
09:33:05,47.41,-1.21%,+0.02,76,360316,买盘
09:33:08,47.39,-1.25%,-0.02,117,554463,卖盘
09:33:11,47.4,-1.23%,+0.01,996,4721040,买盘
09:33:14,47.39,-1.25%,-0.01,98,464422,卖盘
09:33:17,47.4,-1.23%,+0.01,50,237000,买盘
09:33:20,47.4,-1.23%,--,52,246480,卖盘
09:33:23,47.4,-1.23%,--,30,142200,买盘
09:33:26,47.41,-1.21%,+0.01,39,184899,卖盘
09:33:29,47.4,-1.23%,-0.01,43,203820,卖盘
09:33:32,47.41,-1.21%,+0.01,94,445654,买盘
09:33:35,47.41,-1.21%,--,41,194381,买盘
09:33:38,47.44,-1.15%,+0.03,132,626208,买盘
09:33:41,47.51,-1.00%,+0.07,29,137779,买盘
09:33:44,47.5,-1.02%,-0.01,32,152000,卖盘
09:33:47,47.5,-1.02%,--,85,403750,卖盘
09:33:50,47.5,-1.02%,--,7,33250,中性盘
09:33:53,47.5,-1.02%,--,39,185250,买盘
09:33:56,47.5,-1.02%,--,82,389500,卖盘
09:33:59,47.51,-1.00%,+0.01,79,375329,中性盘
09:34:02,47.46,-1.10%,-0.05,67,317982,卖盘
09:34:05,47.5,-1.02%,+0.04,43,204250,买盘
09:34:08,47.46,-1.10%,-0.04,10,47460,卖盘
09:34:11,47.44,-1.15%,-0.02,66,313104,卖盘
09:34:14,47.45,-1.13%,+0.01,123,583635,买盘
09:34:17,47.45,-1.13%,--,48,227760,买盘
09:34:20,47.41,-1.21%,-0.04,79,374539,卖盘
09:34:23,47.41,-1.21%,--,43,203863,买盘
09:34:26,47.37,-1.29%,-0.04,163,772131,卖盘
09:34:29,47.37,-1.29%,--,91,431067,卖盘
09:34:32,47.37,-1.29%,--,43,203691,卖盘
09:34:35,47.36,-1.31%,-0.01,30,142080,卖盘
09:34:38,47.37,-1.29%,+0.01,58,274746,买盘
09:34:41,47.36,-1.31%,-0.01,135,639360,卖盘
09:34:44,47.35,-1.33%,-0.01,39,184665,卖盘
09:34:47,47.3,-1.44%,-0.05,573,2710290,卖盘
09:34:47,47.3,-1.44%,-0.03,573,2710290,中性盘
09:34:50,47.27,-1.50%,-0.03,32,151264,中性盘
09:34:53,47.3,-1.44%,+0.03,42,198660,中性盘
09:34:56,47.27,-1.50%,-0.03,281,1328287,卖盘
09:34:59,47.28,-1.48%,+0.01,231,1092168,买盘
09:35:02,47.26,-1.52%,-0.02,621,2934846,卖盘
09:35:05,47.27,-1.50%,+0.01,202,954854,中性盘
09:35:08,47.43,-1.17%,+0.16,409,1939887,买盘
09:35:11,47.5,-1.02%,+0.07,201,954750,买盘
09:35:14,47.56,-0.90%,+0.06,110,523160,买盘
09:35:17,47.61,-0.79%,+0.05,42,199962,买盘
09:35:20,47.56,-0.90%,-0.05,105,499380,卖盘
09:35:23,47.6,-0.81%,+0.04,37,176120,中性盘
09:35:26,47.46,-1.10%,-0.14,59,280014,卖盘
09:35:29,47.43,-1.17%,-0.03,49,232407,卖盘
09:35:32,47.46,-1.10%,+0.03,17,80682,买盘
09:35:35,47.47,-1.08%,+0.01,38,180386,买盘
09:35:38,47.42,-1.19%,-0.05,74,350908,卖盘
09:35:41,47.49,-1.04%,+0.07,93,441657,买盘
09:35:44,47.47,-1.08%,-0.02,15,71205,买盘
09:35:47,47.47,-1.08%,--,28,132916,买盘
09:35:50,47.47,-1.08%,--,56,265832,卖盘
09:35:53,47.44,-1.15%,-0.03,28,132832,卖盘
09:35:56,47.5,-1.02%,+0.06,31,147250,买盘
09:35:59,47.43,-1.17%,-0.07,172,815796,卖盘
09:36:02,47.4,-1.23%,-0.03,19,90060,中性盘
09:36:05,47.4,-1.23%,--,15,71100,卖盘
09:36:08,47.4,-1.23%,--,63,298620,卖盘
09:36:11,47.47,-1.08%,+0.07,41,194627,买盘
09:36:14,47.5,-1.02%,+0.03,150,712500,买盘
09:36:17,47.6,-0.81%,+0.1,142,675920,买盘
09:36:20,47.5,-1.02%,-0.1,17,80750,卖盘
09:36:23,47.5,-1.02%,--,101,479750,卖盘
09:36:26,47.47,-1.08%,-0.03,11,52217,卖盘
09:36:29,47.48,-1.06%,+0.01,47,223156,中性盘
09:36:32,47.48,-1.06%,--,43,204164,卖盘
09:36:35,47.42,-1.19%,-0.06,46,218132,卖盘
09:36:38,47.39,-1.25%,-0.03,38,180082,卖盘
09:36:41,47.38,-1.27%,-0.01,31,146878,卖盘
09:36:44,47.33,-1.38%,-0.05,18,85194,中性盘
09:36:47,47.32,-1.40%,-0.01,20,94640,卖盘
09:36:50,47.3,-1.44%,-0.02,62,293260,卖盘
09:36:53,47.32,-1.40%,+0.02,62,293384,买盘
09:36:56,47.3,-1.44%,-0.02,55,260150,卖盘
09:36:59,47.28,-1.48%,-0.02,60,283680,卖盘
09:37:02,47.28,-1.48%,--,19,89832,卖盘
09:37:05,47.27,-1.50%,-0.01,24,113448,卖盘
09:37:08,47.27,-1.50%,--,33,155991,买盘
09:37:11,47.29,-1.46%,+0.02,192,907968,买盘
09:37:14,47.26,-1.52%,-0.03,71,335546,卖盘
09:37:17,47.29,-1.46%,+0.03,34,160786,买盘
09:37:20,47.28,-1.48%,-0.01,77,364056,卖盘
09:37:23,47.26,-1.52%,-0.02,35,165410,卖盘
09:37:26,47.26,-1.52%,--,32,151232,卖盘
09:37:29,47.27,-1.50%,+0.01,69,326163,卖盘
09:37:32,47.28,-1.48%,+0.01,42,198576,卖盘
09:37:35,47.3,-1.44%,+0.02,50,236500,中性盘
09:37:38,47.33,-1.38%,+0.03,50,236650,卖盘
09:37:41,47.33,-1.38%,--,30,141990,买盘
09:37:44,47.33,-1.38%,--,11,52063,买盘
09:37:47,47.33,-1.38%,--,49,231917,卖盘
09:37:50,47.32,-1.40%,-0.01,25,118300,买盘
09:37:53,47.4,-1.23%,+0.08,32,151680,买盘
09:37:56,47.36,-1.31%,-0.04,56,265216,卖盘
09:37:59,47.36,-1.31%,--,13,61568,卖盘
09:38:02,47.36,-1.31%,--,27,127872,买盘
09:38:02,47.36,-1.31%,--,27,127872,中性盘
09:38:05,47.36,-1.31%,--,50,236800,买盘
09:38:08,47.36,-1.31%,--,14,66304,卖盘
09:38:11,47.33,-1.38%,-0.03,27,127791,卖盘
09:38:14,47.33,-1.38%,--,20,94660,卖盘
09:38:17,47.36,-1.31%,+0.03,40,189440,买盘
09:38:20,47.4,-1.23%,+0.04,263,1246620,买盘
09:38:23,47.46,-1.10%,+0.06,178,844788,买盘
09:38:26,47.43,-1.17%,-0.03,41,194463,卖盘
09:38:29,47.47,-1.08%,+0.04,5,23735,中性盘
09:38:32,47.43,-1.17%,-0.04,89,422127,卖盘
09:38:35,47.46,-1.10%,+0.03,8,37968,中性盘
09:38:38,47.44,-1.15%,-0.02,18,85392,卖盘
09:38:41,47.43,-1.17%,-0.01,10,47430,卖盘
09:38:44,47.39,-1.25%,-0.04,48,227472,卖盘
09:38:47,47.44,-1.15%,+0.05,21,99624,买盘
09:38:50,47.4,-1.23%,-0.04,10,47400,卖盘
09:38:53,47.4,-1.23%,--,30,142200,卖盘
09:38:56,47.39,-1.25%,-0.01,152,720328,卖盘
09:38:59,47.37,-1.29%,-0.02,63,298431,卖盘
09:39:02,47.38,-1.27%,+0.01,10,47380,买盘
09:39:05,47.38,-1.27%,--,18,85284,买盘
09:39:08,47.4,-1.23%,+0.02,148,701520,买盘
09:39:11,47.4,-1.23%,--,78,369720,中性盘
09:39:14,47.39,-1.25%,-0.01,18,85302,卖盘
09:39:17,47.4,-1.23%,+0.01,7,33180,买盘
09:39:20,47.4,-1.23%,--,11,52140,买盘
09:39:23,47.39,-1.25%,-0.01,34,161126,卖盘
09:39:26,47.39,-1.25%,--,19,90041,卖盘
09:39:29,47.41,-1.21%,+0.02,63,298683,买盘
09:39:32,47.41,-1.21%,--,21,99561,卖盘
09:39:35,47.43,-1.17%,+0.02,22,104346,中性盘
09:39:38,47.41,-1.21%,-0.02,8,37928,卖盘
09:39:41,47.44,-1.15%,+0.03,116,550304,买盘
09:39:44,47.46,-1.10%,+0.02,11,52206,买盘
09:39:47,47.44,-1.15%,-0.02,22,104368,卖盘
09:39:56,47.44,-1.15%,--,8,37952,卖盘
09:39:59,47.44,-1.15%,--,53,251432,卖盘
09:40:02,47.44,-1.15%,--,15,71160,卖盘
09:40:05,47.44,-1.15%,--,10,47440,卖盘
09:40:08,47.44,-1.15%,--,10,47440,买盘
09:40:11,47.5,-1.02%,+0.06,171,812250,买盘
09:40:14,47.59,-0.83%,+0.09,58,276022,买盘
09:40:17,47.67,-0.67%,+0.08,368,1754256,买盘
09:40:20,47.64,-0.73%,-0.03,18,85752,卖盘
09:40:23,47.6,-0.81%,-0.04,128,609280,卖盘
09:40:26,47.56,-0.90%,-0.04,28,133168,卖盘
09:40:29,47.5,-1.02%,-0.06,51,242250,卖盘
09:40:32,47.63,-0.75%,+0.13,33,157179,买盘
09:40:35,47.63,-0.75%,--,19,90497,买盘
09:40:38,47.63,-0.75%,--,16,76208,买盘
09:40:41,47.63,-0.75%,--,40,190520,买盘
09:40:44,47.61,-0.79%,-0.02,251,1195011,中性盘
09:40:47,47.56,-0.90%,-0.05,8,38048,卖盘
09:40:50,47.53,-0.96%,-0.03,8,38024,卖盘
09:40:56,47.53,-0.96%,--,25,118825,卖盘
09:40:59,47.56,-0.90%,+0.03,40,190240,卖盘
09:41:02,47.56,-0.90%,--,2,9512,中性盘
09:41:05,47.56,-0.90%,--,21,99876,中性盘
09:41:08,47.5,-1.02%,-0.06,123,584250,卖盘
09:41:11,47.56,-0.90%,+0.06,163,775228,买盘
09:41:14,47.58,-0.85%,+0.02,93,442494,买盘
09:41:17,47.6,-0.81%,+0.02,94,447440,买盘
09:41:20,47.6,-0.81%,--,1,4760,中性盘
09:41:20,47.6,-0.81%,--,1,4760,卖盘
09:41:23,47.6,-0.81%,--,64,304640,卖盘
09:41:26,47.6,-0.81%,--,4,19040,卖盘
09:41:29,47.6,-0.81%,--,29,138040,卖盘
09:41:32,47.6,-0.81%,--,118,561680,卖盘
09:41:35,47.6,-0.81%,--,19,90440,买盘
09:41:38,47.57,-0.88%,-0.03,45,214065,卖盘
09:41:41,47.6,-0.81%,+0.03,74,352240,买盘
09:41:44,47.57,-0.88%,-0.03,20,95140,卖盘
09:41:47,47.57,-0.88%,--,30,142710,买盘
09:41:50,47.57,-0.88%,--,26,123682,中性盘
09:41:53,47.58,-0.85%,+0.01,23,109434,中性盘
09:41:56,47.57,-0.88%,-0.01,32,152224,卖盘
09:41:59,47.57,-0.88%,--,3,14271,买盘
09:42:02,47.6,-0.81%,+0.03,84,399840,买盘
09:42:05,47.58,-0.85%,-0.02,16,76128,中性盘
09:42:08,47.6,-0.81%,+0.02,19,90440,买盘
09:42:11,47.57,-0.88%,-0.03,26,123682,卖盘
09:42:14,47.56,-0.90%,-0.01,15,71340,卖盘
09:42:17,47.55,-0.92%,-0.01,15,71325,卖盘
09:42:20,47.51,-1.00%,-0.04,35,166285,卖盘
09:42:23,47.49,-1.04%,-0.02,68,322932,卖盘
09:42:26,47.45,-1.13%,-0.04,5,23725,卖盘
09:42:29,47.44,-1.15%,-0.01,8,37952,卖盘
09:42:32,47.42,-1.19%,-0.02,35,165970,卖盘
09:42:35,47.43,-1.17%,+0.01,59,279837,买盘
09:42:38,47.4,-1.23%,-0.03,18,85320,卖盘
09:42:41,47.39,-1.25%,-0.01,27,127953,卖盘
09:42:44,47.39,-1.25%,--,40,189560,卖盘
09:42:47,47.38,-1.27%,-0.01,19,90022,卖盘
09:42:50,47.35,-1.33%,-0.03,39,184665,卖盘
09:42:53,47.36,-1.31%,+0.01,27,127872,买盘
09:42:56,47.35,-1.33%,-0.01,13,61555,卖盘
09:42:59,47.33,-1.38%,-0.02,14,66262,卖盘
09:43:02,47.33,-1.38%,--,31,146723,卖盘
09:43:05,47.3,-1.44%,-0.03,96,454080,卖盘
09:43:08,47.29,-1.46%,-0.01,32,151328,卖盘
09:43:11,47.28,-1.48%,-0.01,7,33096,卖盘
09:43:14,47.29,-1.46%,+0.01,58,274282,中性盘
09:43:17,47.28,-1.48%,-0.01,49,231672,中性盘
09:43:20,47.29,-1.46%,+0.01,69,326301,买盘
09:43:23,47.28,-1.48%,-0.01,34,160752,卖盘
09:43:26,47.27,-1.50%,-0.01,62,293074,卖盘
09:43:29,47.27,-1.50%,--,37,174899,买盘
09:43:32,47.25,-1.54%,-0.02,101,477225,卖盘
09:43:35,47.25,-1.54%,--,21,99225,卖盘
09:43:38,47.25,-1.54%,--,59,278775,卖盘
09:43:41,47.25,-1.54%,--,18,85050,卖盘
09:43:44,47.23,-1.58%,-0.02,26,122798,卖盘
09:43:47,47.22,-1.60%,-0.01,6,28332,卖盘
09:43:50,47.23,-1.58%,+0.01,34,160582,买盘
09:43:53,47.19,-1.67%,-0.04,53,250107,卖盘
09:43:56,47.18,-1.69%,-0.01,12,56616,卖盘
09:43:59,47.17,-1.71%,-0.01,23,108491,卖盘
09:44:02,47.17,-1.71%,--,13,61321,卖盘
09:44:05,47.17,-1.71%,--,35,165095,卖盘
09:44:08,47.17,-1.71%,--,32,150944,买盘
09:44:11,47.17,-1.71%,--,479,2259443,买盘
09:44:14,47.1,-1.85%,-0.07,48,226080,卖盘
09:44:17,47.13,-1.79%,+0.03,179,843627,买盘
09:44:20,47.13,-1.79%,--,288,1357344,卖盘
09:44:23,47.1,-1.85%,-0.03,63,296730,卖盘
09:44:26,47.13,-1.79%,+0.03,79,372327,买盘
09:44:29,47.09,-1.88%,-0.04,98,461482,卖盘
09:44:32,47.11,-1.83%,+0.02,200,942200,买盘
09:44:35,47.1,-1.85%,-0.01,47,221370,卖盘
09:44:35,47.1,-1.85%,--,47,221370,中性盘
09:44:38,47.11,-1.83%,+0.01,83,391013,买盘
09:44:41,47.1,-1.85%,-0.01,104,489840,卖盘
09:44:44,47.1,-1.85%,--,89,419190,买盘
09:44:47,47.1,-1.85%,--,96,452160,买盘
09:44:50,47.08,-1.90%,-0.02,58,273064,卖盘
09:44:53,47.08,-1.90%,--,8,37664,卖盘
09:44:56,47.08,-1.90%,--,55,258940,卖盘
09:44:59,47.07,-1.92%,-0.01,27,127089,卖盘
09:45:02,47.08,-1.90%,+0.01,32,150656,买盘
09:45:05,47.07,-1.92%,-0.01,19,89433,中性盘
09:45:08,47.08,-1.90%,+0.01,248,1167584,买盘
09:45:11,47.2,-1.65%,+0.12,453,2138160,买盘
09:45:14,47.27,-1.50%,+0.07,236,1115572,买盘
09:45:17,47.27,-1.50%,--,34,160718,买盘
09:45:20,47.27,-1.50%,--,46,217442,买盘
09:45:23,47.24,-1.56%,-0.03,27,127548,卖盘
09:45:26,47.22,-1.60%,-0.02,20,94440,卖盘
09:45:29,47.22,-1.60%,--,9,42498,买盘
09:45:32,47.2,-1.65%,-0.02,13,61360,卖盘
09:45:35,47.2,-1.65%,--,6,28320,买盘
09:45:38,47.18,-1.69%,-0.02,15,70770,卖盘
09:45:41,47.15,-1.75%,-0.03,90,424350,卖盘
09:45:44,47.17,-1.71%,+0.02,16,75472,买盘
09:45:47,47.17,-1.71%,--,9,42453,买盘
09:45:50,47.12,-1.81%,-0.05,46,216752,卖盘
09:45:53,47.12,-1.81%,--,19,89528,中性盘
09:45:56,47.12,-1.81%,--,54,254448,卖盘
09:45:59,47.08,-1.90%,-0.04,307,1445356,卖盘
09:46:02,47.08,-1.90%,--,97,456676,买盘
09:46:05,47.06,-1.94%,-0.02,36,169416,卖盘
09:46:08,47.07,-1.92%,+0.01,58,273006,买盘
09:46:11,47.07,-1.92%,--,89,418923,买盘
09:46:14,47.06,-1.94%,-0.01,45,211770,中性盘
09:46:17,47.04,-1.98%,-0.02,45,211680,卖盘
09:46:20,47.03,-2.00%,-0.01,299,1406197,卖盘
09:46:23,47.02,-2.02%,-0.01,31,145762,卖盘
09:46:26,47.01,-2.04%,-0.01,79,371379,卖盘
09:46:29,47.01,-2.04%,--,27,126927,卖盘
09:46:32,47.0,-2.06%,-0.01,214,1005800,卖盘
09:46:35,47.0,-2.06%,--,244,1146800,卖盘
09:46:38,46.99,-2.08%,-0.01,33,155067,卖盘
09:46:41,46.96,-2.15%,-0.03,67,314632,卖盘
09:46:44,46.94,-2.19%,-0.02,75,352050,卖盘
09:46:47,46.92,-2.23%,-0.02,25,117300,卖盘
09:46:50,46.95,-2.17%,+0.03,223,1046985,买盘
09:46:53,46.96,-2.15%,+0.01,76,356896,买盘
09:46:56,46.94,-2.19%,-0.02,108,506952,卖盘
09:46:59,46.95,-2.17%,+0.01,77,361515,买盘
09:47:02,46.93,-2.21%,-0.02,54,253422,卖盘
09:47:05,46.94,-2.19%,+0.01,34,159596,买盘
09:47:08,46.92,-2.23%,-0.02,129,605268,卖盘
09:47:11,46.93,-2.21%,+0.01,25,117325,买盘
09:47:14,46.91,-2.25%,-0.02,42,197022,卖盘
09:47:17,46.92,-2.23%,+0.01,32,150144,买盘
09:47:20,46.93,-2.21%,+0.01,211,990223,买盘
09:47:23,46.92,-2.23%,-0.01,263,1233996,卖盘
09:47:26,46.96,-2.15%,+0.04,151,709096,买盘
09:47:29,46.92,-2.23%,-0.04,347,1628124,卖盘
09:47:32,46.9,-2.27%,-0.02,38,178220,卖盘
09:47:35,46.9,-2.27%,--,43,201670,卖盘
09:47:38,46.89,-2.29%,-0.01,14,65646,卖盘
09:47:41,46.89,-2.29%,--,31,145359,卖盘
09:47:44,46.88,-2.31%,-0.01,52,243776,卖盘
09:47:47,46.88,-2.31%,--,40,187520,卖盘
09:47:50,46.88,-2.31%,--,18,84384,卖盘
09:47:50,46.88,-2.31%,--,18,84384,中性盘
09:47:53,46.88,-2.31%,--,59,276592,买盘
09:47:56,46.87,-2.33%,-0.01,60,281220,买盘
09:47:59,46.86,-2.35%,-0.01,16,74976,卖盘
09:48:02,46.86,-2.35%,--,25,117150,买盘
09:48:05,46.89,-2.29%,+0.03,542,2541438,买盘
09:48:08,46.89,-2.29%,--,70,328230,卖盘
09:48:11,46.93,-2.21%,+0.04,121,567853,买盘
09:48:14,46.95,-2.17%,+0.02,56,262920,中性盘
09:48:17,47.0,-2.06%,+0.05,22,103400,买盘
09:48:20,46.95,-2.17%,-0.05,38,178410,卖盘
09:48:23,47.01,-2.04%,+0.06,130,611130,买盘
09:48:29,47.0,-2.06%,--,35,164500,卖盘
09:48:32,47.0,-2.06%,--,4,18800,买盘
09:48:35,47.0,-2.06%,--,39,183300,买盘
09:48:38,47.04,-1.98%,+0.04,19,89376,买盘
09:48:41,47.04,-1.98%,--,59,277536,买盘
09:48:44,47.08,-1.90%,+0.04,33,155364,买盘
09:48:47,47.04,-1.98%,-0.04,18,84672,卖盘
09:48:50,47.04,-1.98%,--,0,0,卖盘
09:48:53,47.07,-1.92%,+0.03,40,188280,买盘
09:48:56,47.07,-1.92%,--,233,1096731,买盘
09:48:59,47.07,-1.92%,--,14,65898,卖盘
09:49:02,47.07,-1.92%,--,4,18828,买盘
09:49:05,47.12,-1.81%,+0.05,43,202616,买盘
09:49:08,47.18,-1.69%,+0.06,27,127386,买盘
09:49:11,47.1,-1.85%,-0.08,14,65940,中性盘
09:49:14,47.05,-1.96%,-0.05,33,155265,卖盘
09:49:17,47.08,-1.90%,+0.03,17,80036,买盘
09:49:23,47.06,-1.94%,-0.01,4,18824,中性盘
09:49:26,47.07,-1.92%,+0.01,15,70605,卖盘
09:49:29,47.08,-1.90%,+0.01,27,127116,买盘
09:49:32,47.09,-1.88%,+0.01,13,61217,买盘
09:49:35,47.09,-1.88%,--,25,117725,卖盘
09:49:38,47.1,-1.85%,+0.01,8,37680,买盘
09:49:41,47.09,-1.88%,-0.01,42,197778,卖盘
09:49:44,47.1,-1.85%,+0.01,35,164850,买盘
09:49:47,47.08,-1.90%,-0.02,12,56496,中性盘
09:49:50,47.01,-2.04%,-0.07,174,817974,卖盘
09:49:53,47.07,-1.92%,+0.06,5,23535,买盘
09:49:56,47.02,-2.02%,-0.05,38,178676,卖盘
09:49:59,47.08,-1.90%,+0.06,31,145948,中性盘
09:50:02,47.1,-1.85%,+0.02,19,89490,中性盘
09:50:05,47.12,-1.81%,+0.02,14,65968,买盘
09:50:08,47.18,-1.69%,+0.06,102,481236,买盘
09:50:11,47.2,-1.65%,+0.02,79,372880,买盘
09:50:14,47.2,-1.65%,--,29,136880,卖盘
09:50:17,47.3,-1.44%,+0.1,65,307450,买盘
09:50:20,47.22,-1.60%,-0.08,52,245544,卖盘
09:50:23,47.3,-1.44%,+0.08,10,47300,买盘
09:50:26,47.28,-1.48%,-0.02,49,231672,买盘
09:50:29,47.28,-1.48%,--,30,141840,买盘
09:50:32,47.26,-1.52%,-0.02,6,28356,中性盘
09:50:35,47.23,-1.58%,-0.03,8,37784,卖盘
09:50:38,47.23,-1.58%,--,20,94460,中性盘
09:50:41,47.23,-1.58%,--,31,146413,卖盘
09:50:44,47.26,-1.52%,+0.03,54,255204,买盘
09:50:47,47.25,-1.54%,-0.01,16,75600,中性盘
09:50:50,47.23,-1.58%,-0.02,25,118075,卖盘
09:50:53,47.25,-1.54%,+0.02,6,28350,买盘
09:50:56,47.23,-1.58%,-0.02,60,283380,卖盘
09:50:59,47.22,-1.60%,-0.01,10,47220,卖盘
09:51:02,47.23,-1.58%,+0.01,6,28338,中性盘
09:51:05,47.24,-1.56%,+0.01,19,89756,买盘
09:51:08,47.22,-1.60%,-0.02,14,66108,卖盘
09:51:08,47.22,-1.60%,--,14,66108,中性盘
09:51:08,47.22,-1.60%,--,14,66108,卖盘
09:51:11,47.22,-1.60%,--,21,99162,卖盘
09:51:14,47.2,-1.65%,-0.02,3,14160,卖盘
09:51:17,47.2,-1.65%,--,35,165200,卖盘
09:51:20,47.2,-1.65%,--,5,23600,买盘
09:51:23,47.12,-1.81%,-0.08,2,9424,卖盘
09:51:26,47.12,-1.81%,--,33,155496,卖盘
09:51:29,47.13,-1.79%,+0.01,15,70695,买盘
09:51:32,47.08,-1.90%,-0.05,6,28248,卖盘
09:51:35,47.08,-1.90%,--,19,89452,卖盘
09:51:38,47.08,-1.90%,--,39,183612,卖盘
09:51:41,47.07,-1.92%,-0.01,20,94140,卖盘
09:51:44,47.07,-1.92%,--,15,70605,卖盘
09:51:47,47.07,-1.92%,--,20,94140,卖盘
09:51:50,47.07,-1.92%,--,40,188280,买盘
09:51:53,47.07,-1.92%,--,3,14121,买盘
09:51:56,47.03,-2.00%,-0.04,23,108169,买盘
09:51:59,47.04,-1.98%,+0.01,94,442176,买盘
09:52:02,46.99,-2.08%,-0.05,132,620268,卖盘
09:52:05,47.01,-2.04%,+0.02,3,14103,中性盘
09:52:08,47.0,-2.06%,-0.01,41,192700,卖盘
09:52:11,47.05,-1.96%,+0.05,28,131740,买盘
09:52:14,47.05,-1.96%,--,13,61165,卖盘
09:52:17,47.02,-2.02%,-0.03,46,216292,卖盘
09:52:23,47.01,-2.04%,-0.01,3,14103,卖盘
09:52:26,47.0,-2.06%,-0.01,42,197400,卖盘
09:52:29,47.01,-2.04%,+0.01,9,42309,买盘
09:52:32,47.01,-2.04%,--,97,455997,买盘
09:52:35,47.0,-2.06%,-0.01,46,216200,卖盘
09:52:38,47.0,-2.06%,--,10,47000,卖盘
09:52:41,46.98,-2.10%,-0.02,2,9396,中性盘
09:52:44,46.98,-2.10%,--,3,14094,买盘
09:52:47,46.91,-2.25%,-0.07,25,117275,卖盘
09:52:50,46.91,-2.25%,--,16,75056,买盘
09:52:53,46.9,-2.27%,-0.01,13,60970,卖盘
09:52:56,46.91,-2.25%,+0.01,7,32837,买盘
09:52:59,46.9,-2.27%,-0.01,26,121940,卖盘
09:53:02,46.9,-2.27%,--,28,131320,卖盘
09:53:05,46.91,-2.25%,+0.01,73,342443,买盘
09:53:08,46.9,-2.27%,-0.01,52,243880,卖盘
09:53:11,46.89,-2.29%,-0.01,13,60957,卖盘
09:53:14,46.9,-2.27%,+0.01,24,112560,买盘
09:53:17,46.9,-2.27%,--,29,136010,买盘
09:53:20,46.89,-2.29%,-0.01,19,89091,卖盘
09:53:23,46.89,-2.29%,--,33,154737,卖盘
09:53:26,46.89,-2.29%,--,71,332919,卖盘
09:53:29,46.89,-2.29%,--,7,32823,卖盘
09:53:32,46.88,-2.31%,-0.01,45,210960,卖盘
09:53:35,46.88,-2.31%,--,14,65632,卖盘
09:53:38,46.89,-2.29%,+0.01,30,140670,买盘
09:53:41,46.88,-2.31%,-0.01,24,112512,卖盘
09:53:44,46.88,-2.31%,--,1,4688,买盘
09:53:47,46.87,-2.33%,-0.01,22,103114,卖盘
09:53:50,46.87,-2.33%,--,39,182793,卖盘
09:53:53,46.88,-2.31%,+0.01,22,103136,卖盘
09:53:56,46.88,-2.31%,--,23,107824,卖盘
09:53:59,46.89,-2.29%,+0.01,64,300096,买盘
09:54:02,46.88,-2.31%,-0.01,30,140640,买盘
09:54:05,46.88,-2.31%,--,12,56256,买盘
09:54:08,46.88,-2.31%,--,45,210960,买盘
09:54:11,47.0,-2.06%,+0.12,22,103400,买盘
09:54:14,46.89,-2.29%,-0.11,5,23445,卖盘
09:54:17,47.0,-2.06%,+0.11,8,37600,买盘
09:54:20,46.9,-2.27%,-0.1,5,23450,卖盘
09:54:23,47.0,-2.06%,+0.1,4,18800,买盘
09:54:23,47.0,-2.06%,--,4,18800,中性盘
09:54:26,47.0,-2.06%,--,18,84600,买盘
09:54:29,47.0,-2.06%,--,17,79900,买盘
09:54:32,46.9,-2.27%,-0.1,7,32830,卖盘
09:54:35,47.0,-2.06%,+0.1,10,47000,买盘
09:54:38,47.0,-2.06%,--,5,23500,买盘
09:54:41,46.92,-2.23%,-0.08,2,9384,中性盘
09:54:44,47.0,-2.06%,+0.08,3,14100,买盘
09:54:47,47.0,-2.06%,--,12,56400,买盘
09:54:50,46.93,-2.21%,-0.07,7,32851,卖盘
09:54:53,47.0,-2.06%,+0.07,12,56400,买盘
09:54:56,46.94,-2.19%,-0.06,3,14082,卖盘
09:54:59,47.0,-2.06%,+0.06,92,432400,买盘
09:55:02,46.94,-2.19%,-0.06,12,56328,中性盘
09:55:05,46.93,-2.21%,-0.01,4,18772,卖盘
09:55:08,46.93,-2.21%,--,29,136097,卖盘
09:55:11,47.0,-2.06%,+0.07,10,47000,买盘
09:55:14,46.96,-2.15%,-0.04,16,75136,卖盘
09:55:17,47.0,-2.06%,+0.04,4,18800,买盘
09:55:20,46.96,-2.15%,-0.04,22,103312,卖盘
09:55:23,46.96,-2.15%,--,0,0,卖盘
09:55:26,46.96,-2.15%,--,8,37568,卖盘
09:55:29,46.96,-2.15%,--,6,28176,买盘
09:55:32,46.96,-2.15%,--,14,65744,买盘
09:55:35,46.94,-2.19%,-0.02,3,14082,卖盘
09:55:38,46.96,-2.15%,+0.02,8,37568,买盘
09:55:41,46.96,-2.15%,--,11,51656,买盘
09:55:44,46.94,-2.19%,-0.02,14,65716,卖盘
09:55:47,46.96,-2.15%,+0.02,16,75136,买盘
09:55:50,46.94,-2.19%,-0.02,103,483482,卖盘
09:55:53,46.96,-2.15%,+0.02,7,32872,买盘
09:55:56,46.97,-2.13%,+0.01,9,42273,买盘
09:55:59,46.97,-2.13%,--,1,4697,买盘
09:56:02,46.97,-2.13%,--,5,23485,买盘
09:56:05,46.97,-2.13%,--,21,98637,买盘
09:56:08,46.97,-2.13%,--,7,32879,中性盘
09:56:11,46.99,-2.08%,+0.02,23,108077,买盘
09:56:17,46.97,-2.13%,-0.02,6,28182,卖盘
09:56:23,46.99,-2.08%,+0.02,53,249047,买盘
09:56:32,46.97,-2.13%,-0.02,12,56364,卖盘
09:56:35,46.97,-2.13%,--,5,23485,卖盘
09:56:38,46.97,-2.13%,--,10,46970,卖盘
09:56:41,46.97,-2.13%,--,17,79849,卖盘
09:56:44,46.97,-2.13%,--,28,131516,卖盘
09:56:47,46.97,-2.13%,--,4,18788,中性盘
09:56:50,46.96,-2.15%,-0.01,3,14088,卖盘
09:56:56,46.97,-2.13%,+0.01,13,61061,买盘
09:56:59,46.97,-2.13%,--,36,169092,买盘
09:57:02,46.95,-2.17%,-0.02,5,23475,卖盘
09:57:05,46.98,-2.10%,+0.03,82,385236,买盘
09:57:08,46.98,-2.10%,--,66,310068,卖盘
09:57:11,47.0,-2.06%,+0.02,7,32900,买盘
09:57:14,47.0,-2.06%,--,26,122200,买盘
09:57:17,47.01,-2.04%,+0.01,43,202143,买盘
09:57:20,47.01,-2.04%,--,6,28206,买盘
09:57:23,47.01,-2.04%,--,16,75216,买盘
09:57:26,47.0,-2.06%,-0.01,13,61100,卖盘
09:57:29,47.02,-2.02%,+0.02,1,4702,买盘
09:57:32,47.03,-2.00%,+0.01,8,37624,买盘
09:57:35,47.03,-2.00%,--,35,164605,买盘
09:57:38,47.03,-2.00%,--,9,42327,买盘
09:57:38,47.03,-2.00%,--,9,42327,中性盘
09:57:41,47.03,-2.00%,--,7,32921,买盘
09:57:44,47.02,-2.02%,-0.01,2,9404,中性盘
09:57:47,47.03,-2.00%,+0.01,2,9406,买盘
09:57:50,47.01,-2.04%,-0.02,35,164535,卖盘
09:57:53,47.02,-2.02%,+0.01,5,23510,卖盘
09:57:56,47.03,-2.00%,+0.01,15,70545,买盘
09:57:59,47.04,-1.98%,+0.01,14,65856,买盘
09:58:02,47.03,-2.00%,-0.01,23,108169,中性盘
09:58:05,47.02,-2.02%,-0.01,32,150464,卖盘
09:58:08,47.0,-2.06%,-0.02,42,197400,卖盘
09:58:11,46.99,-2.08%,-0.01,27,126873,卖盘
09:58:14,46.99,-2.08%,--,24,112776,买盘
09:58:17,46.97,-2.13%,-0.02,16,75152,卖盘
09:58:20,46.95,-2.17%,-0.02,15,70425,卖盘
09:58:23,46.98,-2.10%,+0.03,2,9396,买盘
09:58:26,46.94,-2.19%,-0.04,15,70410,卖盘
09:58:29,47.0,-2.06%,+0.06,47,220900,买盘
09:58:32,47.03,-2.00%,+0.03,3,14109,买盘
09:58:35,47.0,-2.06%,-0.03,6,28200,卖盘
09:58:38,47.03,-2.00%,+0.03,13,61139,买盘
09:58:41,47.02,-2.02%,-0.01,3,14106,买盘
09:58:56,47.02,-2.02%,--,3,14106,买盘
09:58:59,46.98,-2.10%,-0.04,10,46980,卖盘
09:59:02,46.99,-2.08%,+0.01,17,79883,中性盘
09:59:05,47.0,-2.06%,+0.01,15,70500,买盘
09:59:11,47.0,-2.06%,+0.01,9,42300,买盘
09:59:14,47.0,-2.06%,--,28,131600,卖盘
09:59:17,47.0,-2.06%,--,20,94000,卖盘
09:59:20,46.99,-2.08%,-0.01,5,23495,卖盘
09:59:23,46.98,-2.10%,-0.01,25,117450,卖盘
09:59:26,46.99,-2.08%,+0.01,18,84582,中性盘
09:59:29,46.99,-2.08%,--,9,42291,买盘
09:59:32,47.0,-2.06%,+0.01,13,61100,买盘
09:59:35,46.99,-2.08%,-0.01,2,9398,卖盘
09:59:38,46.99,-2.08%,--,8,37592,中性盘
09:59:41,46.99,-2.08%,--,8,37592,卖盘
09:59:44,46.99,-2.08%,--,25,117475,中性盘
09:59:47,46.98,-2.10%,-0.01,7,32886,卖盘
09:59:50,46.98,-2.10%,--,11,51678,卖盘
09:59:53,46.99,-2.08%,+0.01,2,9398,买盘
09:59:56,46.96,-2.15%,-0.03,3,14088,卖盘
09:59:59,46.96,-2.15%,--,1,4696,卖盘
10:00:02,46.95,-2.17%,-0.01,101,474195,卖盘
10:00:05,46.94,-2.19%,-0.01,22,103268,卖盘
10:00:08,46.92,-2.23%,-0.02,162,760104,卖盘
10:00:11,46.94,-2.19%,+0.02,40,187760,买盘
10:00:14,46.89,-2.29%,-0.05,46,215694,卖盘
10:00:17,46.91,-2.25%,+0.02,47,220477,买盘
10:00:20,46.88,-2.31%,-0.03,67,314096,卖盘
10:00:23,46.88,-2.31%,--,28,131264,卖盘
10:00:26,46.86,-2.35%,-0.02,22,103092,卖盘
10:00:29,46.85,-2.38%,-0.01,72,337320,卖盘
10:00:32,46.81,-2.46%,-0.04,101,472781,卖盘
10:00:35,46.8,-2.48%,-0.01,23,107640,卖盘
10:00:38,46.8,-2.48%,--,139,650520,卖盘
10:00:41,46.78,-2.52%,-0.02,29,135662,卖盘
10:00:44,46.79,-2.50%,+0.01,55,257345,买盘
10:00:47,46.78,-2.52%,-0.01,144,673632,卖盘
10:00:50,46.78,-2.52%,--,131,612818,买盘
10:00:53,46.75,-2.58%,-0.03,73,341275,卖盘
10:00:56,46.71,-2.67%,-0.04,142,663282,卖盘
10:00:56,46.71,-2.67%,--,142,663282,中性盘
10:00:56,46.71,-2.67%,--,142,663282,买盘
10:00:59,46.69,-2.71%,-0.02,174,812406,卖盘
10:01:02,46.68,-2.73%,-0.01,63,294084,卖盘
10:01:05,46.66,-2.77%,-0.02,20,93320,卖盘
10:01:08,46.68,-2.73%,+0.02,188,877584,买盘
10:01:11,46.65,-2.79%,-0.03,40,186600,卖盘
10:01:14,46.65,-2.79%,--,157,732405,卖盘
10:01:17,46.65,-2.79%,--,169,788385,买盘
10:01:20,46.75,-2.58%,+0.1,76,355300,买盘
10:01:23,46.66,-2.77%,-0.09,23,107318,卖盘
10:01:26,46.69,-2.71%,+0.03,37,172753,买盘
10:01:29,46.67,-2.75%,-0.02,51,238017,卖盘
10:01:32,46.69,-2.71%,+0.02,18,84042,买盘
10:01:35,46.67,-2.75%,-0.02,21,98007,卖盘
10:01:38,46.67,-2.75%,--,33,154011,中性盘
10:01:41,46.66,-2.77%,-0.01,127,592582,卖盘
10:01:44,46.62,-2.85%,-0.04,36,167832,卖盘
10:01:47,46.62,-2.85%,--,25,116550,卖盘
10:01:50,46.61,-2.88%,-0.01,25,116525,卖盘
10:01:53,46.62,-2.85%,+0.01,74,344988,买盘
10:01:56,46.61,-2.88%,-0.01,43,200423,卖盘
10:01:59,46.6,-2.90%,-0.01,47,219020,卖盘
10:02:02,46.61,-2.88%,+0.01,18,83898,买盘
10:02:05,46.6,-2.90%,-0.01,82,382120,卖盘
10:02:08,46.62,-2.85%,+0.02,152,708624,买盘
10:02:11,46.6,-2.90%,-0.02,31,144460,卖盘
10:02:14,46.59,-2.92%,-0.01,19,88521,卖盘
10:02:17,46.58,-2.94%,-0.01,3,13974,卖盘
10:02:20,46.59,-2.92%,+0.01,9,41931,买盘
10:02:23,46.58,-2.94%,-0.01,48,223584,卖盘
10:02:26,46.59,-2.92%,+0.01,52,242268,买盘
10:02:29,46.58,-2.94%,-0.01,7,32606,卖盘
10:02:32,46.59,-2.92%,+0.01,24,111816,买盘
10:02:35,46.58,-2.94%,-0.01,43,200294,中性盘
10:02:38,46.57,-2.96%,-0.01,28,130396,卖盘
10:02:41,46.57,-2.96%,--,6,27942,卖盘
10:02:44,46.56,-2.98%,-0.01,60,279360,卖盘
10:02:47,46.56,-2.98%,--,74,344544,卖盘
10:02:50,46.57,-2.96%,+0.01,15,69855,买盘
10:02:53,46.57,-2.96%,--,35,162995,买盘
10:02:56,46.57,-2.96%,--,24,111768,买盘
10:02:59,46.55,-3.00%,-0.02,65,302575,卖盘
10:03:02,46.55,-3.00%,--,88,409640,卖盘
10:03:05,46.55,-3.00%,--,95,442225,卖盘
10:03:08,46.55,-3.00%,--,12,55860,买盘
10:03:11,46.62,-2.85%,+0.07,583,2717946,买盘
10:03:14,46.65,-2.79%,+0.03,29,135285,买盘
10:03:17,46.65,-2.79%,--,18,83970,卖盘
10:03:20,46.66,-2.77%,+0.01,20,93320,买盘
10:03:23,46.66,-2.77%,--,115,536590,买盘
10:03:26,46.7,-2.69%,+0.04,109,509030,买盘
10:03:29,46.7,-2.69%,--,3,14010,买盘
10:03:32,46.69,-2.71%,-0.01,45,210105,卖盘
10:03:35,46.69,-2.71%,--,2,9338,买盘
10:03:38,46.69,-2.71%,--,49,228781,卖盘
10:03:41,46.64,-2.81%,-0.05,43,200552,卖盘
10:03:44,46.64,-2.81%,--,54,251856,卖盘
10:03:47,46.66,-2.77%,+0.02,2,9332,中性盘
10:03:50,46.64,-2.81%,-0.02,23,107272,卖盘
10:03:53,46.67,-2.75%,+0.03,8,37336,中性盘
10:03:56,46.66,-2.77%,-0.01,12,55992,卖盘
10:03:59,46.68,-2.73%,+0.02,8,37344,中性盘
10:04:02,46.75,-2.58%,+0.07,42,196350,买盘
10:04:05,46.72,-2.65%,-0.03,21,98112,卖盘
10:04:11,46.64,-2.81%,-0.08,97,452408,卖盘
10:04:11,46.64,-2.81%,--,97,452408,中性盘
10:04:14,46.75,-2.58%,+0.11,3,14025,买盘
10:04:17,46.75,-2.58%,--,0,0,买盘
10:04:20,46.69,-2.71%,-0.06,1,4669,卖盘
10:04:23,46.69,-2.71%,--,6,28014,买盘
10:04:26,46.68,-2.73%,-0.01,31,144708,卖盘
10:04:29,46.68,-2.73%,--,3,14004,买盘
10:04:32,46.67,-2.75%,-0.01,11,51337,卖盘
10:04:35,46.68,-2.73%,+0.01,4,18672,买盘
10:04:38,46.66,-2.77%,-0.02,25,116650,卖盘
10:04:41,46.66,-2.77%,--,27,125982,买盘
10:04:44,46.65,-2.79%,-0.01,24,111960,卖盘
10:04:47,46.64,-2.81%,-0.01,23,107272,卖盘
10:04:50,46.66,-2.77%,+0.02,3,13998,买盘
10:04:53,46.66,-2.77%,--,2,9332,买盘
10:04:56,46.66,-2.77%,--,31,144646,买盘
10:04:59,46.65,-2.79%,-0.01,13,60645,卖盘
10:05:02,46.66,-2.77%,+0.01,21,97986,中性盘
10:05:05,46.65,-2.79%,-0.01,20,93300,卖盘
10:05:08,46.65,-2.79%,--,46,214590,卖盘
10:05:11,46.65,-2.79%,--,25,116625,买盘
10:05:14,46.63,-2.83%,-0.02,11,51293,卖盘
10:05:17,46.66,-2.77%,+0.03,15,69990,买盘
10:05:20,46.69,-2.71%,+0.03,79,368851,买盘
10:05:23,46.71,-2.67%,+0.02,94,439074,买盘
10:05:26,46.68,-2.73%,-0.03,10,46680,卖盘
10:05:29,46.69,-2.71%,+0.01,13,60697,买盘
10:05:32,46.74,-2.60%,+0.05,3,14022,买盘
10:05:38,46.7,-2.69%,-0.05,8,37360,卖盘
10:05:41,46.73,-2.63%,+0.03,21,98133,卖盘
10:05:44,46.74,-2.60%,+0.01,38,177612,买盘
10:05:47,46.71,-2.67%,-0.03,10,46710,卖盘
10:05:50,46.7,-2.69%,-0.01,7,32690,卖盘
10:05:53,46.71,-2.67%,+0.01,10,46710,买盘
10:05:56,46.72,-2.65%,+0.01,2,9344,中性盘
10:05:59,46.74,-2.60%,+0.02,39,182286,买盘
10:06:02,46.73,-2.63%,-0.01,10,46730,中性盘
10:06:05,46.73,-2.63%,--,10,46730,买盘
10:06:08,46.72,-2.65%,-0.01,58,270976,中性盘
10:06:11,46.72,-2.65%,--,21,98112,买盘
10:06:14,46.74,-2.60%,+0.02,5,23370,买盘
10:06:17,46.74,-2.60%,--,5,23370,买盘
10:06:20,46.75,-2.58%,+0.01,91,425425,买盘
10:06:23,46.78,-2.52%,+0.03,58,271324,买盘
10:06:26,46.76,-2.56%,-0.02,22,102872,卖盘
10:06:29,46.76,-2.56%,--,0,0,卖盘
10:06:32,46.8,-2.48%,+0.04,7,32760,买盘
10:06:35,46.76,-2.56%,-0.04,5,23380,卖盘
10:06:38,46.8,-2.48%,+0.04,2,9360,卖盘
10:06:41,46.8,-2.48%,--,5,23400,卖盘
10:06:44,46.81,-2.46%,+0.01,57,266817,买盘
10:06:47,46.81,-2.46%,--,87,407247,买盘
10:06:50,46.75,-2.58%,-0.06,9,42075,卖盘
10:06:53,46.8,-2.48%,+0.05,17,79560,买盘
10:06:56,46.8,-2.48%,--,15,70200,买盘
10:06:59,46.8,-2.48%,--,16,74880,买盘
10:07:02,46.8,-2.48%,--,2,9360,买盘
10:07:05,46.8,-2.48%,--,5,23400,买盘
10:07:08,46.78,-2.52%,-0.02,17,79526,卖盘
10:07:11,46.8,-2.48%,+0.02,18,84240,买盘
10:07:14,46.8,-2.48%,--,22,102960,买盘
10:07:17,46.77,-2.54%,-0.03,11,51447,中性盘
10:07:23,46.75,-2.58%,-0.02,52,243100,卖盘
10:07:26,46.76,-2.56%,+0.01,53,247828,买盘
10:07:26,46.76,-2.56%,-0.01,53,247828,中性盘
10:07:29,46.75,-2.58%,-0.01,10,46750,中性盘
10:07:32,46.75,-2.58%,--,16,74800,买盘
10:07:35,46.75,-2.58%,--,31,144925,卖盘
10:07:38,46.76,-2.56%,+0.01,2,9352,买盘
10:07:41,46.73,-2.63%,-0.03,12,56076,卖盘
10:07:44,46.73,-2.63%,--,10,46730,卖盘
10:07:47,46.73,-2.63%,--,46,214958,买盘
10:07:50,46.72,-2.65%,-0.01,47,219584,中性盘
10:07:53,46.69,-2.71%,-0.03,9,42021,卖盘
10:07:56,46.69,-2.71%,--,12,56028,买盘
10:07:59,46.68,-2.73%,-0.01,5,23340,卖盘
10:08:02,46.68,-2.73%,--,33,154044,卖盘
10:08:05,46.67,-2.75%,-0.01,1,4667,卖盘
10:08:08,46.66,-2.77%,-0.01,11,51326,卖盘
10:08:14,46.69,-2.71%,+0.03,70,326830,买盘
10:08:17,46.73,-2.63%,+0.04,135,630855,买盘
10:08:20,46.74,-2.60%,+0.01,11,51414,买盘
10:08:23,46.73,-2.63%,-0.01,18,84114,卖盘
10:08:26,46.74,-2.60%,+0.01,2,9348,卖盘
10:08:29,46.75,-2.58%,+0.01,8,37400,买盘
10:08:32,46.75,-2.58%,--,14,65450,卖盘
10:08:35,46.79,-2.50%,+0.04,91,430094,买盘
10:08:38,46.78,-2.52%,-0.01,6,28068,中性盘
10:08:41,46.75,-2.58%,-0.03,3,14025,卖盘
10:08:44,46.78,-2.52%,+0.03,7,32746,买盘
10:08:47,46.78,-2.52%,--,9,42102,卖盘
10:08:50,46.78,-2.52%,--,5,23390,买盘
10:08:53,46.77,-2.54%,-0.01,42,196434,中性盘
10:08:56,46.77,-2.54%,--,9,42093,买盘
10:08:59,46.77,-2.54%,--,10,46770,买盘
10:09:02,46.78,-2.52%,+0.01,11,51458,买盘
10:09:05,46.78,-2.52%,--,3,14034,卖盘
10:09:08,46.79,-2.50%,+0.01,1,4679,买盘
10:09:11,46.79,-2.50%,--,30,140370,买盘
10:09:14,46.79,-2.50%,--,3,14037,买盘
10:09:17,46.8,-2.48%,+0.01,108,505440,买盘
10:09:20,46.81,-2.46%,+0.01,58,271498,买盘
10:09:23,46.82,-2.44%,+0.01,4,18728,买盘
10:09:26,46.87,-2.33%,+0.05,40,187480,买盘
10:09:29,46.87,-2.33%,--,2,9374,卖盘
10:09:32,46.89,-2.29%,+0.02,10,46890,买盘
10:09:35,46.88,-2.31%,-0.01,5,23440,买盘
10:09:38,46.89,-2.29%,+0.01,4,18756,买盘
10:09:41,46.9,-2.27%,+0.01,3,14070,买盘
10:09:44,46.9,-2.27%,--,6,28140,买盘
10:09:47,46.91,-2.25%,+0.01,92,431572,买盘
10:09:50,46.9,-2.27%,-0.01,5,23450,卖盘
10:09:53,46.93,-2.21%,+0.03,8,37544,买盘
10:09:56,46.91,-2.25%,-0.02,18,84438,卖盘
10:09:59,46.93,-2.21%,+0.02,4,18772,买盘
10:10:02,46.93,-2.21%,--,3,14079,中性盘
10:10:05,46.94,-2.19%,+0.01,8,37552,买盘
10:10:08,46.97,-2.13%,+0.03,17,79849,买盘
10:10:11,46.97,-2.13%,--,8,37576,买盘
10:10:14,46.96,-2.15%,-0.01,29,136184,卖盘
10:10:17,46.96,-2.15%,--,7,32872,卖盘
10:10:20,47.01,-2.04%,+0.05,113,531213,买盘
10:10:23,47.02,-2.02%,+0.01,21,98742,买盘
10:10:26,47.02,-2.02%,--,8,37616,买盘
10:10:29,47.02,-2.02%,--,21,98742,买盘
10:10:32,47.02,-2.02%,--,22,103444,买盘
10:10:35,47.02,-2.02%,--,22,103444,卖盘
10:10:38,47.02,-2.02%,--,1,4702,卖盘
10:10:41,47.04,-1.98%,+0.02,16,75264,买盘
10:10:44,47.05,-1.96%,+0.01,31,145855,买盘
10:10:44,47.05,-1.96%,--,31,145855,中性盘
10:10:44,47.05,-1.96%,--,31,145855,买盘
10:10:47,47.08,-1.90%,+0.03,38,178904,买盘
10:10:50,47.08,-1.90%,--,43,202444,买盘
10:10:53,47.08,-1.90%,--,19,89452,买盘
10:10:56,47.07,-1.92%,-0.01,12,56484,卖盘
10:10:59,47.07,-1.92%,--,33,155331,买盘
10:11:02,47.06,-1.94%,-0.01,13,61178,卖盘
10:11:05,47.08,-1.90%,+0.02,13,61204,买盘
10:11:08,47.07,-1.92%,-0.01,17,80019,卖盘
10:11:11,47.07,-1.92%,--,7,32949,卖盘
10:11:14,47.07,-1.92%,--,22,103554,卖盘
10:11:17,47.07,-1.92%,--,53,249471,卖盘
10:11:20,47.06,-1.94%,-0.01,92,432952,买盘
10:11:23,47.06,-1.94%,--,4,18824,买盘
10:11:26,47.04,-1.98%,-0.02,1,4704,卖盘
10:11:29,47.02,-2.02%,-0.02,28,131656,卖盘
10:11:32,47.01,-2.04%,-0.01,111,521811,卖盘
10:11:35,46.97,-2.13%,-0.04,5,23485,卖盘
10:11:38,46.94,-2.19%,-0.03,7,32858,卖盘
10:11:41,46.93,-2.21%,-0.01,7,32851,卖盘
10:11:47,46.93,-2.21%,--,8,37544,卖盘
10:11:53,46.93,-2.21%,--,42,197106,买盘
10:11:56,46.93,-2.21%,--,35,164255,买盘
10:11:59,46.94,-2.19%,+0.01,3,14082,买盘
10:12:05,47.0,-2.06%,+0.06,11,51700,买盘
10:12:08,47.02,-2.02%,+0.02,11,51722,买盘
10:12:11,47.01,-2.04%,-0.01,1,4701,中性盘
10:12:14,47.02,-2.02%,+0.01,3,14106,买盘
10:12:17,47.03,-2.00%,+0.01,4,18812,买盘
10:12:23,47.03,-2.00%,--,19,89357,买盘
10:12:26,47.03,-2.00%,--,12,56436,买盘
10:12:32,47.03,-2.00%,--,6,28218,买盘
10:12:35,47.03,-2.00%,--,15,70545,买盘
10:12:38,47.03,-2.00%,--,4,18812,买盘
10:12:41,47.03,-2.00%,--,2,9406,买盘
10:12:44,47.02,-2.02%,-0.01,12,56424,卖盘
10:12:50,47.01,-2.04%,-0.01,10,47010,卖盘
10:12:53,47.01,-2.04%,--,7,32907,卖盘
10:12:56,47.01,-2.04%,--,12,56412,卖盘
10:12:59,47.02,-2.02%,+0.01,1,4702,买盘
10:13:02,47.01,-2.04%,-0.01,6,28206,卖盘
10:13:05,47.01,-2.04%,--,8,37608,卖盘
10:13:08,47.02,-2.02%,+0.01,47,220994,买盘
10:13:14,47.02,-2.02%,--,20,94040,买盘
10:13:17,47.01,-2.04%,-0.01,21,98721,卖盘
10:13:20,47.02,-2.02%,+0.01,3,14106,卖盘
10:13:23,47.03,-2.00%,+0.01,3,14109,买盘
10:13:26,47.03,-2.00%,--,20,94060,买盘
10:13:29,47.01,-2.04%,-0.02,2,9402,卖盘
10:13:32,47.02,-2.02%,+0.01,5,23510,买盘
10:13:35,47.02,-2.02%,--,12,56424,中性盘
10:13:38,47.02,-2.02%,--,1,4702,买盘
10:13:44,47.02,-2.02%,--,14,65828,买盘
10:13:47,47.02,-2.02%,--,5,23510,买盘
10:13:50,47.03,-2.00%,+0.01,5,23515,买盘
10:13:53,47.03,-2.00%,--,5,23515,买盘
10:13:56,47.02,-2.02%,-0.01,1,4702,卖盘
10:13:59,47.02,-2.02%,--,0,0,卖盘
10:13:59,47.02,-2.02%,--,0,0,中性盘
10:14:02,47.03,-2.00%,+0.01,11,51733,卖盘
10:14:05,47.04,-1.98%,+0.01,12,56448,买盘
10:14:08,47.04,-1.98%,--,1,4704,卖盘
10:14:11,47.03,-2.00%,-0.01,8,37624,卖盘
10:14:14,47.04,-1.98%,+0.01,5,23520,买盘
10:14:17,47.04,-1.98%,--,16,75264,卖盘
10:14:20,47.04,-1.98%,--,2,9408,中性盘
10:14:23,47.03,-2.00%,-0.01,9,42327,卖盘
10:14:26,47.04,-1.98%,+0.01,4,18816,中性盘
10:14:29,47.07,-1.92%,+0.03,65,305955,买盘
10:14:32,47.08,-1.90%,+0.01,8,37664,买盘
10:14:35,47.08,-1.90%,--,3,14124,买盘
10:14:38,47.05,-1.96%,-0.03,1,4705,卖盘
10:14:41,47.05,-1.96%,--,21,98805,卖盘
10:14:44,47.05,-1.96%,--,79,371695,买盘
10:14:47,47.05,-1.96%,--,2,9410,买盘
10:14:50,47.0,-2.06%,-0.05,22,103400,卖盘
10:14:53,47.0,-2.06%,--,11,51700,卖盘
10:14:59,46.95,-2.17%,-0.05,4,18780,卖盘
10:15:02,46.94,-2.19%,-0.01,11,51634,卖盘
10:15:05,46.91,-2.25%,-0.03,7,32837,卖盘
10:15:08,46.91,-2.25%,--,4,18764,卖盘
10:15:11,46.91,-2.25%,--,21,98511,买盘
10:15:14,46.89,-2.29%,-0.02,14,65646,卖盘
10:15:17,46.89,-2.29%,--,1,4689,买盘
10:15:20,46.87,-2.33%,-0.02,11,51557,卖盘
10:15:23,46.87,-2.33%,--,4,18748,卖盘
10:15:26,46.86,-2.35%,-0.01,1,4686,卖盘
10:15:29,46.86,-2.35%,--,11,51546,卖盘
10:15:32,46.86,-2.35%,--,31,145266,卖盘
10:15:35,46.86,-2.35%,--,7,32802,卖盘
10:15:38,46.85,-2.38%,-0.01,1,4685,中性盘
10:15:41,46.85,-2.38%,--,1,4685,买盘
10:15:44,46.83,-2.42%,-0.02,3,14049,买盘
10:15:47,46.81,-2.46%,-0.02,13,60853,卖盘
10:15:50,46.82,-2.44%,+0.01,2,9364,买盘
10:15:53,46.81,-2.46%,-0.01,2,9362,卖盘
10:15:56,46.81,-2.46%,--,5,23405,卖盘
10:15:59,46.8,-2.48%,-0.01,1,4680,卖盘
10:16:02,46.8,-2.48%,--,9,42120,卖盘
10:16:05,46.8,-2.48%,--,7,32760,卖盘
10:16:08,46.8,-2.48%,--,1,4680,买盘
10:16:11,46.78,-2.52%,-0.02,13,60814,卖盘
10:16:14,46.77,-2.54%,-0.01,10,46770,卖盘
10:16:17,46.79,-2.50%,+0.02,27,126333,买盘
10:16:20,46.8,-2.48%,+0.01,29,135720,买盘
10:16:23,46.81,-2.46%,+0.01,45,213969,买盘
10:16:26,46.83,-2.42%,+0.02,45,210735,买盘
10:16:29,46.81,-2.46%,-0.02,15,71572,卖盘
10:16:32,46.8,-2.48%,-0.01,33,157763,卖盘
10:16:35,46.81,-2.46%,+0.01,59,276179,卖盘
10:16:38,46.79,-2.50%,-0.02,13,60827,卖盘
10:16:41,46.79,-2.50%,--,1,4679,卖盘
10:16:44,46.81,-2.46%,+0.02,12,56172,买盘
10:16:47,46.79,-2.50%,-0.02,8,37432,卖盘
10:16:53,46.8,-2.48%,+0.01,13,60840,卖盘
10:16:56,46.82,-2.44%,+0.02,6,28092,中性盘
10:16:59,46.82,-2.44%,--,8,37456,买盘
10:17:02,46.8,-2.48%,-0.02,15,70200,卖盘
10:17:05,46.81,-2.46%,+0.01,2,9362,中性盘
10:17:08,46.8,-2.48%,-0.01,4,18720,卖盘
10:17:11,46.9,-2.27%,+0.1,23,107870,买盘
10:17:14,46.85,-2.38%,-0.05,3,14055,中性盘
10:17:14,46.85,-2.38%,--,3,14055,中性盘
10:17:17,46.85,-2.38%,--,2,9370,卖盘
10:17:20,46.9,-2.27%,+0.05,7,32830,买盘
10:17:23,46.9,-2.27%,--,1,4690,卖盘
10:17:26,46.91,-2.25%,+0.01,2,9382,买盘
10:17:29,46.92,-2.23%,+0.01,12,56304,买盘
10:17:32,46.95,-2.17%,+0.03,4,18780,买盘
10:17:35,46.95,-2.17%,--,2,9390,卖盘
10:17:38,47.01,-2.04%,+0.06,32,150432,买盘
10:17:41,47.01,-2.04%,--,9,42309,买盘
10:17:44,47.0,-2.06%,-0.01,15,70500,卖盘
10:17:47,47.01,-2.04%,+0.01,6,28206,买盘
10:17:50,47.01,-2.04%,--,4,18804,卖盘
10:17:56,47.02,-2.02%,+0.01,8,37616,买盘
10:17:59,47.01,-2.04%,-0.01,14,65814,卖盘
10:18:02,47.04,-1.98%,+0.03,6,28224,买盘
10:18:05,47.02,-2.02%,-0.02,8,37616,卖盘
10:18:08,47.05,-1.96%,+0.03,4,18820,买盘
10:18:11,47.03,-2.00%,-0.02,23,108169,卖盘
10:18:14,47.05,-1.96%,+0.02,12,56460,买盘
10:18:17,47.04,-1.98%,-0.01,3,14112,卖盘
10:18:20,47.05,-1.96%,+0.01,8,37640,买盘
10:18:23,47.03,-2.00%,-0.02,21,98763,卖盘
10:18:26,47.05,-1.96%,+0.02,3,14115,买盘
10:18:29,47.04,-1.98%,-0.01,2,9408,中性盘
10:18:32,47.03,-2.00%,-0.01,1,4703,卖盘
10:18:35,47.03,-2.00%,--,5,23515,卖盘
10:18:38,47.05,-1.96%,+0.02,19,89395,买盘
10:18:41,47.06,-1.94%,+0.01,14,65884,买盘
10:18:44,47.04,-1.98%,-0.02,14,65856,卖盘
10:18:47,47.03,-2.00%,-0.01,19,89357,卖盘
10:18:50,47.07,-1.92%,+0.04,60,282420,买盘
10:18:53,47.07,-1.92%,--,9,42363,卖盘
10:18:56,47.08,-1.90%,+0.01,1,4708,买盘
10:18:59,47.08,-1.90%,--,2,9416,买盘
10:19:02,47.08,-1.90%,--,31,145948,买盘
10:19:05,47.07,-1.92%,-0.01,13,61191,卖盘
10:19:08,47.09,-1.88%,+0.02,87,409683,买盘
10:19:11,47.08,-1.90%,-0.01,6,28248,卖盘
10:19:14,47.09,-1.88%,+0.01,3,14127,买盘
10:19:23,47.09,-1.88%,-0.01,2,9418,买盘
10:19:26,47.08,-1.90%,-0.01,40,188320,卖盘
10:19:29,47.09,-1.88%,+0.01,4,18836,买盘
10:19:32,47.1,-1.85%,+0.01,9,42390,买盘
10:19:35,47.16,-1.73%,+0.06,116,547056,买盘
10:19:38,47.16,-1.73%,--,34,160344,买盘
10:19:41,47.17,-1.71%,+0.01,1,4717,买盘
10:19:44,47.2,-1.65%,+0.03,30,141600,买盘
10:19:47,47.2,-1.65%,--,20,94400,买盘
10:19:50,47.2,-1.65%,--,2,9440,买盘
10:19:53,47.19,-1.67%,-0.01,10,47190,卖盘
10:19:56,47.2,-1.65%,+0.01,21,99120,买盘
10:19:59,47.21,-1.63%,+0.01,7,33047,买盘
10:20:02,47.22,-1.60%,+0.01,4,18888,买盘
10:20:05,47.22,-1.60%,--,25,118050,买盘
10:20:08,47.27,-1.50%,+0.05,67,316709,买盘
10:20:11,47.3,-1.44%,+0.03,32,151360,买盘
10:20:14,47.26,-1.52%,-0.04,8,37808,卖盘
10:20:17,47.28,-1.48%,+0.02,3,14184,卖盘
10:20:20,47.3,-1.44%,+0.02,7,33110,买盘
10:20:23,47.28,-1.48%,-0.02,13,61464,卖盘
10:20:26,47.28,-1.48%,--,70,330960,卖盘
10:20:29,47.27,-1.50%,-0.01,47,222169,卖盘
10:20:32,47.28,-1.48%,+0.01,12,56736,买盘
10:20:32,47.28,-1.48%,--,12,56736,中性盘
10:20:32,47.28,-1.48%,--,12,56736,买盘
10:20:35,47.27,-1.50%,-0.01,8,37816,买盘
10:20:38,47.26,-1.52%,-0.01,23,108698,中性盘
10:20:41,47.27,-1.50%,+0.01,16,75632,买盘
10:20:50,47.26,-1.52%,-0.01,4,18904,买盘
10:20:53,47.26,-1.52%,--,20,94520,买盘
10:20:56,47.22,-1.60%,-0.04,11,51942,卖盘
10:20:59,47.25,-1.54%,+0.03,13,61425,买盘
10:21:02,47.26,-1.52%,+0.01,4,18904,买盘
10:21:05,47.23,-1.58%,-0.03,15,70845,卖盘
10:21:08,47.26,-1.52%,+0.03,7,33082,卖盘
10:21:11,47.28,-1.48%,+0.02,15,70920,买盘
10:21:14,47.25,-1.54%,-0.03,12,56700,卖盘
10:21:17,47.25,-1.54%,--,4,18900,买盘
10:21:20,47.27,-1.50%,+0.02,11,51997,买盘
10:21:26,47.27,-1.50%,--,0,0,买盘
10:21:29,47.27,-1.50%,--,14,66178,买盘
10:21:32,47.28,-1.48%,+0.01,8,37824,买盘
10:21:35,47.27,-1.50%,-0.01,35,165445,卖盘
10:21:38,47.27,-1.50%,--,4,18908,卖盘
10:21:41,47.29,-1.46%,+0.02,32,151328,买盘
10:21:44,47.28,-1.48%,-0.01,30,141840,卖盘
10:21:47,47.3,-1.44%,+0.02,51,241230,买盘
10:21:50,47.3,-1.44%,--,3,14190,买盘
10:21:53,47.3,-1.44%,--,5,23650,买盘
10:21:56,47.32,-1.40%,+0.02,29,137228,买盘
10:22:02,47.32,-1.40%,--,3,14196,买盘
10:22:05,47.35,-1.33%,+0.03,63,298305,买盘
10:22:08,47.35,-1.33%,--,16,75760,卖盘
10:22:11,47.39,-1.25%,+0.04,10,47390,买盘
10:22:14,47.38,-1.27%,-0.01,10,47380,中性盘
10:22:17,47.39,-1.25%,+0.01,16,75824,卖盘
10:22:20,47.39,-1.25%,--,22,104258,买盘
10:22:23,47.39,-1.25%,--,15,71085,买盘
10:22:26,47.39,-1.25%,--,9,42651,买盘
10:22:29,47.39,-1.25%,--,2,9478,中性盘
10:22:32,47.4,-1.23%,+0.01,8,37920,买盘
10:22:35,47.4,-1.23%,--,36,170640,买盘
10:22:38,47.4,-1.23%,--,20,94800,卖盘
10:22:41,47.4,-1.23%,--,14,66360,买盘
10:22:44,47.39,-1.25%,-0.01,43,203777,卖盘
10:22:47,47.39,-1.25%,--,11,52129,买盘
10:22:50,47.39,-1.25%,--,3,14217,买盘
10:22:53,47.39,-1.25%,--,39,184821,买盘
10:22:56,47.36,-1.31%,-0.03,27,127872,卖盘
10:22:59,47.35,-1.33%,-0.01,30,142050,卖盘
10:23:02,47.35,-1.33%,--,7,33145,卖盘
10:23:05,47.37,-1.29%,+0.02,29,137373,买盘
10:23:08,47.35,-1.33%,-0.02,52,246220,卖盘
10:23:11,47.36,-1.31%,+0.01,4,18944,中性盘
10:23:14,47.37,-1.29%,+0.01,2,9474,买盘
10:23:17,47.37,-1.29%,--,31,146847,买盘
10:23:20,47.37,-1.29%,--,11,52107,买盘
10:23:23,47.37,-1.29%,--,3,14211,买盘
10:23:26,47.37,-1.29%,--,12,56844,买盘
10:23:29,47.4,-1.23%,+0.03,94,445560,买盘
10:23:32,47.4,-1.23%,--,6,28440,卖盘
10:23:35,47.41,-1.21%,+0.01,2,9482,买盘
10:23:38,47.4,-1.23%,-0.01,14,66360,卖盘
10:23:41,47.42,-1.19%,+0.02,30,142260,买盘
10:23:44,47.4,-1.23%,-0.02,30,142200,卖盘
10:23:47,47.45,-1.13%,+0.05,23,109135,买盘
10:23:47,47.45,-1.13%,-0.01,23,109135,中性盘
10:23:50,47.44,-1.15%,-0.01,7,33208,卖盘
10:23:53,47.45,-1.13%,+0.01,68,322660,买盘
10:23:56,47.44,-1.15%,-0.01,89,422216,卖盘
10:23:59,47.45,-1.13%,+0.01,29,137605,买盘
10:24:02,47.46,-1.10%,+0.01,6,28476,买盘
10:24:05,47.5,-1.02%,+0.04,140,665000,买盘
10:24:08,47.49,-1.04%,-0.01,19,90231,卖盘
10:24:11,47.5,-1.02%,+0.01,31,147250,买盘
10:24:14,47.49,-1.04%,-0.01,13,61737,卖盘
10:24:17,47.49,-1.04%,--,38,180462,卖盘
10:24:23,47.5,-1.02%,--,19,90250,买盘
10:24:26,47.5,-1.02%,--,60,285000,买盘
10:24:29,47.49,-1.04%,-0.01,21,99729,卖盘
10:24:32,47.5,-1.02%,+0.01,11,52250,买盘
10:24:35,47.5,-1.02%,--,9,42750,买盘
10:24:38,47.49,-1.04%,-0.01,1,4749,中性盘
10:24:41,47.47,-1.08%,-0.02,16,75952,卖盘
10:24:44,47.48,-1.06%,+0.01,2,9496,卖盘
10:24:47,47.48,-1.06%,--,7,33236,买盘
10:24:50,47.48,-1.06%,--,6,28488,买盘
10:24:53,47.5,-1.02%,+0.02,114,541500,买盘
10:24:56,47.52,-0.98%,+0.02,59,280368,买盘
10:24:59,47.53,-0.96%,+0.01,13,61789,买盘
10:25:02,47.54,-0.94%,+0.01,37,175898,买盘
10:25:05,47.55,-0.92%,+0.01,43,204465,买盘
10:25:08,47.55,-0.92%,--,23,109365,买盘
10:25:14,47.54,-0.94%,-0.01,10,47540,中性盘
10:25:17,47.55,-0.92%,+0.01,24,114120,买盘
10:25:20,47.55,-0.92%,--,41,194955,买盘
10:25:23,47.56,-0.90%,+0.01,14,66584,买盘
10:25:26,47.56,-0.90%,--,13,61828,卖盘
10:25:29,47.56,-0.90%,--,84,399504,卖盘
10:25:32,47.55,-0.92%,-0.01,7,33285,卖盘
10:25:35,47.56,-0.90%,+0.01,21,99876,买盘
10:25:38,47.55,-0.92%,-0.01,54,256770,卖盘
10:25:41,47.54,-0.94%,-0.01,23,109342,卖盘
10:25:44,47.53,-0.96%,-0.01,25,118825,卖盘
10:25:50,47.51,-1.00%,-0.02,61,289811,卖盘
10:25:53,47.54,-0.94%,+0.03,82,389828,买盘
10:25:56,47.51,-1.00%,-0.03,7,33257,中性盘
10:25:59,47.53,-0.96%,+0.02,1,4753,中性盘
10:26:02,47.51,-1.00%,-0.02,7,33257,卖盘
10:26:05,47.51,-1.00%,--,20,95020,卖盘
10:26:08,47.51,-1.00%,--,38,180538,卖盘
10:26:11,47.5,-1.02%,-0.01,9,42750,卖盘
10:26:14,47.5,-1.02%,--,87,413250,卖盘
10:26:17,47.49,-1.04%,-0.01,34,161466,卖盘
10:26:20,47.49,-1.04%,--,11,52239,买盘
10:26:23,47.47,-1.08%,-0.02,26,123422,卖盘
10:26:26,47.47,-1.08%,--,2,9494,中性盘
10:26:29,47.46,-1.10%,-0.01,27,128142,卖盘
10:26:32,47.46,-1.10%,--,6,28476,买盘
10:26:35,47.45,-1.13%,-0.01,12,56940,卖盘
10:26:38,47.45,-1.13%,--,28,132860,买盘
10:26:41,47.4,-1.23%,-0.05,10,47400,卖盘
10:26:44,47.4,-1.23%,--,43,203820,卖盘
10:26:47,47.43,-1.17%,+0.03,9,42687,买盘
10:26:50,47.4,-1.23%,-0.03,44,208560,卖盘
10:26:53,47.37,-1.29%,-0.03,7,33159,卖盘
10:26:56,47.36,-1.31%,-0.01,18,85248,卖盘
10:26:59,47.37,-1.29%,+0.01,12,56844,买盘
10:26:59,47.37,-1.29%,-0.06,12,56844,中性盘
10:27:05,47.31,-1.42%,-0.06,8,37848,卖盘
10:27:08,47.32,-1.40%,+0.01,8,37856,中性盘
10:27:11,47.35,-1.33%,+0.03,77,364595,买盘
10:27:14,47.32,-1.40%,-0.03,23,108836,买盘
10:27:17,47.35,-1.33%,+0.03,54,255690,买盘
10:27:20,47.37,-1.29%,+0.02,4,18948,买盘
10:27:23,47.36,-1.31%,-0.01,26,123136,卖盘
10:27:26,47.37,-1.29%,+0.01,7,33159,买盘
10:27:29,47.36,-1.31%,-0.01,29,137344,卖盘
10:27:32,47.4,-1.23%,+0.04,7,33180,买盘
10:27:35,47.36,-1.31%,-0.04,9,42624,卖盘
10:27:38,47.4,-1.23%,+0.04,91,431340,买盘
10:27:41,47.4,-1.23%,--,250,1185000,买盘
10:27:44,47.45,-1.13%,+0.05,101,479245,买盘
10:27:47,47.47,-1.08%,+0.02,66,313302,买盘
10:27:50,47.47,-1.08%,--,1,4747,买盘
10:27:53,47.45,-1.13%,-0.02,20,94900,卖盘
10:27:56,47.47,-1.08%,+0.02,6,28482,卖盘
10:27:59,47.47,-1.08%,--,19,90193,卖盘
10:28:02,47.5,-1.02%,+0.03,2,9500,买盘
10:28:05,47.5,-1.02%,--,1,4750,买盘
10:28:08,47.5,-1.02%,--,3,14250,买盘
10:28:11,47.5,-1.02%,--,120,570000,买盘
10:28:17,47.49,-1.04%,-0.02,21,99729,卖盘
10:28:23,47.5,-1.02%,+0.01,7,33250,买盘
10:28:26,47.51,-1.00%,+0.01,7,33257,买盘
10:28:29,47.48,-1.06%,-0.03,28,132944,卖盘
10:28:32,47.49,-1.04%,+0.01,4,18996,中性盘
10:28:38,47.5,-1.02%,+0.01,6,28500,买盘
10:28:44,47.5,-1.02%,+0.01,3,14250,买盘
10:28:47,47.49,-1.04%,-0.01,20,94980,卖盘
10:28:50,47.5,-1.02%,+0.01,25,118750,买盘
10:28:53,47.51,-1.00%,+0.01,11,52261,买盘
10:28:56,47.5,-1.02%,-0.01,6,28500,卖盘
10:28:59,47.51,-1.00%,+0.01,5,23755,中性盘
10:29:02,47.52,-0.98%,+0.01,3,14256,买盘
10:29:05,47.52,-0.98%,--,32,152064,买盘
10:29:08,47.45,-1.13%,-0.07,306,1451970,卖盘
10:29:11,47.51,-1.00%,+0.06,14,66514,买盘
10:29:14,47.51,-1.00%,--,0,0,买盘
10:29:17,47.51,-1.00%,--,133,631883,买盘
10:29:20,47.51,-1.00%,--,50,237550,卖盘
10:29:23,47.5,-1.02%,-0.01,10,47500,买盘
10:29:26,47.47,-1.08%,-0.03,75,356025,卖盘
10:29:29,47.5,-1.02%,+0.03,58,275500,买盘
10:29:32,47.47,-1.08%,-0.03,2,9494,卖盘
10:29:35,47.51,-1.00%,+0.04,66,313566,买盘
10:29:38,47.51,-1.00%,--,2,9502,买盘
10:29:41,47.47,-1.08%,-0.04,3,14241,卖盘
10:29:44,47.51,-1.00%,+0.04,34,161534,买盘
10:29:47,47.51,-1.00%,--,18,85518,买盘
10:29:50,47.51,-1.00%,--,42,199542,卖盘
10:29:53,47.51,-1.00%,--,46,218546,卖盘
10:29:56,47.5,-1.02%,-0.01,7,33250,卖盘
10:29:59,47.49,-1.04%,-0.01,1,4749,卖盘
10:30:02,47.45,-1.13%,-0.04,129,612105,卖盘
10:30:05,47.47,-1.08%,+0.02,1,4747,买盘
10:30:08,47.47,-1.08%,--,7,33229,买盘
10:30:11,47.48,-1.06%,+0.01,4,18992,买盘
10:30:14,47.47,-1.08%,-0.01,5,23735,卖盘
10:30:17,47.53,-0.96%,+0.06,339,1611267,买盘
10:30:20,47.55,-0.92%,+0.02,126,599130,买盘
10:30:20,47.55,-0.92%,--,126,599130,中性盘
10:30:20,47.55,-0.92%,--,126,599130,买盘
10:30:23,47.59,-0.83%,+0.04,214,1018426,买盘
10:30:26,47.61,-0.79%,+0.02,69,328509,买盘
10:30:29,47.63,-0.75%,+0.02,14,66682,买盘
10:30:32,47.66,-0.69%,+0.03,91,433706,买盘
10:30:35,47.7,-0.60%,+0.04,75,357750,买盘
10:30:38,47.7,-0.60%,--,30,143100,买盘
10:30:41,47.71,-0.58%,+0.01,88,419848,买盘
10:30:44,47.74,-0.52%,+0.03,31,147994,买盘
10:30:47,47.75,-0.50%,+0.01,84,401100,买盘
10:30:50,47.77,-0.46%,+0.02,14,66878,买盘
10:30:53,47.78,-0.44%,+0.01,1,4778,买盘
10:30:56,47.8,-0.40%,+0.02,329,1572620,买盘
10:30:59,47.83,-0.33%,+0.03,24,114792,买盘
10:31:02,47.84,-0.31%,+0.01,23,110032,买盘
10:31:05,47.88,-0.23%,+0.04,39,186732,买盘
10:31:08,47.99,0.00%,+0.11,312,1497288,买盘
10:31:11,48.02,+0.06%,+0.03,312,1498224,买盘
10:31:14,48.03,+0.08%,+0.01,20,96060,卖盘
10:31:17,48.04,+0.10%,+0.01,37,177748,买盘
10:31:20,48.08,+0.19%,+0.04,79,379832,买盘
10:31:23,48.1,+0.23%,+0.02,134,644540,买盘
10:31:26,48.02,+0.06%,-0.08,135,648270,卖盘
10:31:29,47.98,-0.02%,-0.04,50,239900,买盘
10:31:32,48.06,+0.15%,+0.08,69,331614,买盘
10:31:35,47.98,-0.02%,-0.08,7,33586,卖盘
10:31:38,47.98,-0.02%,--,75,359850,卖盘
10:31:41,48.06,+0.15%,+0.08,141,677646,买盘
10:31:44,48.06,+0.15%,--,31,148986,买盘
10:31:47,48.06,+0.15%,--,39,187434,买盘
10:31:50,48.06,+0.15%,--,17,81702,买盘
10:31:53,48.1,+0.23%,+0.04,76,365560,买盘
10:31:56,48.12,+0.27%,+0.02,27,129924,买盘
10:31:59,48.12,+0.27%,--,9,43308,买盘
10:32:02,48.08,+0.19%,-0.04,84,403872,卖盘
10:32:05,48.08,+0.19%,--,143,687544,买盘
10:32:08,48.1,+0.23%,+0.02,73,351130,买盘
10:32:11,48.07,+0.17%,-0.03,81,389367,卖盘
10:32:14,48.06,+0.15%,-0.01,4,19224,中性盘
10:32:17,48.02,+0.06%,-0.04,131,629062,卖盘
10:32:20,48.07,+0.17%,+0.05,13,62491,买盘
10:32:23,48.02,+0.06%,-0.05,27,129654,卖盘
10:32:26,48.02,+0.06%,--,20,96040,买盘
10:32:29,48.0,+0.02%,-0.02,14,67200,卖盘
10:32:32,48.06,+0.15%,+0.06,35,168210,买盘
10:32:35,48.02,+0.06%,-0.04,28,134456,中性盘
10:32:38,48.01,+0.04%,-0.01,15,72015,中性盘
10:32:41,48.01,+0.04%,--,42,201642,买盘
10:32:44,48.01,+0.04%,--,31,148831,买盘
10:32:47,47.99,0.00%,-0.02,6,28794,中性盘
10:32:50,47.92,-0.15%,-0.07,12,57504,卖盘
10:32:53,47.88,-0.23%,-0.04,11,52668,卖盘
10:32:59,47.88,-0.23%,+0.03,1,4788,中性盘
10:33:02,47.85,-0.29%,-0.03,26,124410,卖盘
10:33:05,47.86,-0.27%,+0.01,60,287160,买盘
10:33:08,47.85,-0.29%,-0.01,12,57420,买盘
10:33:11,47.69,-0.63%,-0.16,30,143070,卖盘
10:33:14,47.92,-0.15%,+0.23,35,167720,买盘
10:33:17,47.86,-0.27%,-0.06,9,43074,买盘
10:33:20,47.96,-0.06%,+0.1,30,143880,买盘
10:33:23,47.88,-0.23%,-0.08,36,172368,中性盘
10:33:26,47.94,-0.10%,+0.06,188,901272,中性盘
10:33:29,47.96,-0.06%,+0.02,16,76736,卖盘
10:33:32,47.96,-0.06%,--,17,81532,卖盘
10:33:35,47.95,-0.08%,-0.01,71,340445,卖盘
10:33:35,47.95,-0.08%,-0.01,71,340445,中性盘
10:33:38,47.94,-0.10%,-0.01,41,196554,卖盘
10:33:41,47.94,-0.10%,--,49,234906,卖盘
10:33:44,47.94,-0.10%,--,0,0,卖盘
10:33:47,48.0,+0.02%,+0.06,74,355200,买盘
10:33:50,48.01,+0.04%,+0.01,60,288060,买盘
10:33:53,48.04,+0.10%,+0.03,6,28824,买盘
10:33:56,48.05,+0.13%,+0.01,29,139345,买盘
10:33:59,48.05,+0.13%,--,52,249860,买盘
10:34:02,48.05,+0.13%,--,36,172980,买盘
10:34:05,48.05,+0.13%,--,140,672700,买盘
10:34:08,48.03,+0.08%,-0.02,50,240150,卖盘
10:34:11,48.05,+0.13%,+0.02,24,115320,买盘
10:34:14,48.04,+0.10%,-0.01,40,192160,买盘
10:34:17,48.03,+0.08%,-0.01,124,595572,买盘
10:34:20,48.04,+0.10%,+0.01,28,134512,中性盘
10:34:23,48.05,+0.13%,+0.01,26,124930,中性盘
10:34:26,48.04,+0.10%,-0.01,2,9608,买盘
10:34:29,48.04,+0.10%,--,10,48040,买盘
10:34:32,48.04,+0.10%,--,22,105688,买盘
10:34:35,48.01,+0.04%,-0.03,12,57612,卖盘
10:34:38,48.0,+0.02%,-0.01,96,460800,卖盘
10:34:41,48.01,+0.04%,+0.01,8,38408,卖盘
10:34:44,48.04,+0.10%,+0.03,111,533244,买盘
10:34:47,48.04,+0.10%,--,9,43236,卖盘
10:34:50,48.03,+0.08%,-0.01,7,33621,中性盘
10:34:53,48.03,+0.08%,--,14,67242,买盘
10:34:56,48.02,+0.06%,-0.01,23,110446,卖盘
10:34:59,48.02,+0.06%,--,11,52822,卖盘
10:35:02,48.02,+0.06%,--,8,38416,卖盘
10:35:05,48.02,+0.06%,--,24,115248,买盘
10:35:08,48.0,+0.02%,-0.02,20,96000,卖盘
10:35:11,47.98,-0.02%,-0.02,15,71970,卖盘
10:35:14,47.98,-0.02%,--,5,23990,买盘
10:35:17,47.95,-0.08%,-0.03,7,33565,卖盘
10:35:23,47.93,-0.13%,-0.01,27,129411,卖盘
10:35:26,47.9,-0.19%,-0.03,23,110170,卖盘
10:35:29,47.9,-0.19%,--,2,9580,买盘
10:35:35,47.9,-0.19%,+0.02,30,143700,买盘
10:35:38,47.88,-0.23%,-0.02,2,9576,卖盘
10:35:41,47.89,-0.21%,+0.01,1,4789,买盘
10:35:44,47.89,-0.21%,--,21,100569,买盘
10:35:47,47.88,-0.23%,-0.01,8,38304,卖盘
10:35:50,47.88,-0.23%,--,15,71820,卖盘
10:35:53,47.86,-0.27%,-0.02,5,23930,卖盘
10:35:56,47.85,-0.29%,-0.01,7,33495,卖盘
10:35:59,47.81,-0.38%,-0.04,1,4781,卖盘
10:36:02,47.81,-0.38%,--,2,9562,卖盘
10:36:05,47.82,-0.35%,+0.01,18,86076,中性盘
10:36:08,47.8,-0.40%,-0.02,16,76480,卖盘
10:36:11,47.81,-0.38%,+0.01,6,31507,买盘
10:36:14,47.84,-0.31%,+0.03,10,47840,买盘
10:36:20,47.85,-0.29%,+0.01,5,23925,买盘
10:36:23,47.83,-0.33%,-0.02,4,19132,买盘
10:36:29,47.85,-0.29%,+0.02,30,143550,买盘
10:36:32,47.85,-0.29%,--,4,19140,买盘
10:36:35,47.84,-0.31%,-0.01,28,133952,卖盘
10:36:38,47.84,-0.31%,--,19,90896,卖盘
10:36:41,47.84,-0.31%,--,5,23920,卖盘
10:36:47,47.84,-0.31%,--,10,47840,买盘
10:36:50,47.84,-0.31%,--,14,66976,买盘
10:36:50,47.84,-0.31%,-0.03,14,66976,中性盘
10:36:53,47.81,-0.38%,-0.03,14,66934,卖盘
10:36:56,47.81,-0.38%,--,17,81277,卖盘
10:36:59,47.81,-0.38%,--,19,90839,卖盘
10:37:02,47.81,-0.38%,--,4,21084,卖盘
10:37:05,47.8,-0.40%,-0.01,60,289955,卖盘
10:37:08,47.8,-0.40%,--,1,4780,卖盘
10:37:11,47.81,-0.38%,+0.01,45,215145,买盘
10:37:14,47.82,-0.35%,+0.01,3,14346,中性盘
10:37:17,47.81,-0.38%,-0.01,2,9562,买盘
10:37:20,47.81,-0.38%,--,6,30312,买盘
10:37:23,47.8,-0.40%,-0.01,5,23900,中性盘
10:37:26,47.79,-0.42%,-0.01,1,4779,卖盘
10:37:29,47.79,-0.42%,--,3,14337,卖盘
10:37:32,47.75,-0.50%,-0.04,4,19100,卖盘
10:37:35,47.79,-0.42%,+0.04,11,52569,买盘
10:37:38,47.75,-0.50%,-0.04,1,4775,卖盘
10:37:41,47.75,-0.50%,--,7,33425,卖盘
10:37:44,47.74,-0.52%,-0.01,12,57288,卖盘
10:37:47,47.75,-0.50%,+0.01,9,42975,买盘
10:37:50,47.75,-0.50%,--,12,57300,买盘
10:37:53,47.74,-0.52%,-0.01,33,157542,卖盘
10:37:56,47.73,-0.54%,-0.01,2,9546,卖盘
10:38:02,47.7,-0.60%,-0.04,33,157410,卖盘
10:38:05,47.7,-0.60%,--,2,9540,卖盘
10:38:08,47.7,-0.60%,--,5,23850,卖盘
10:38:11,47.7,-0.60%,--,1,4770,卖盘
10:38:14,47.67,-0.67%,-0.03,9,42903,卖盘
10:38:17,47.69,-0.63%,+0.02,5,23845,买盘
10:38:20,47.69,-0.63%,--,11,52459,买盘
10:38:23,47.69,-0.63%,--,9,42921,买盘
10:38:26,47.69,-0.63%,--,6,28614,买盘
10:38:29,47.66,-0.69%,-0.03,18,85788,卖盘
10:38:32,47.66,-0.69%,--,4,19064,卖盘
10:38:35,47.66,-0.69%,--,2,9532,买盘
10:38:38,47.66,-0.69%,--,1,4766,买盘
10:38:41,47.62,-0.77%,-0.04,1,4762,卖盘
10:38:47,47.61,-0.79%,--,14,66654,卖盘
10:38:50,47.6,-0.81%,-0.01,15,71400,卖盘
10:38:56,47.59,-0.83%,-0.01,10,47590,卖盘
10:38:59,47.59,-0.83%,--,8,38072,卖盘
10:39:02,47.58,-0.85%,-0.01,46,218868,卖盘
10:39:05,47.62,-0.77%,+0.04,16,76192,买盘
10:39:08,47.63,-0.75%,+0.01,20,95260,中性盘
10:39:11,47.65,-0.71%,+0.02,34,162010,买盘
10:39:14,47.62,-0.77%,-0.03,11,52382,买盘
10:39:17,47.61,-0.79%,-0.01,4,19044,卖盘
10:39:20,47.61,-0.79%,--,9,42849,卖盘
10:39:23,47.61,-0.79%,--,10,47610,卖盘
10:39:26,47.62,-0.77%,+0.01,64,304768,买盘
10:39:29,47.62,-0.77%,--,1,4762,买盘
10:39:32,47.61,-0.79%,-0.01,3,14283,卖盘
10:39:35,47.61,-0.79%,--,38,180918,买盘
10:39:38,47.6,-0.81%,-0.01,54,257040,卖盘
10:39:41,47.6,-0.81%,--,4,19040,买盘
10:39:44,47.6,-0.81%,--,2,9520,买盘
10:39:47,47.59,-0.83%,-0.01,7,33313,卖盘
10:39:53,47.61,-0.79%,+0.02,19,90459,买盘
10:39:56,47.6,-0.81%,-0.01,6,28560,买盘
10:39:59,47.6,-0.81%,--,3,14280,卖盘
10:40:02,47.6,-0.81%,--,14,66640,卖盘
10:40:05,47.61,-0.79%,+0.01,36,171396,买盘
10:40:08,47.61,-0.79%,--,2,9522,中性盘
10:40:08,47.61,-0.79%,--,2,9522,卖盘
10:40:11,47.63,-0.75%,+0.02,2,9526,买盘
10:40:14,47.61,-0.79%,-0.02,11,52371,中性盘
10:40:17,47.63,-0.75%,+0.02,13,61919,买盘
10:40:20,47.62,-0.77%,-0.01,12,57144,卖盘
10:40:23,47.62,-0.77%,--,34,161908,卖盘
10:40:26,47.62,-0.77%,--,11,52382,买盘
10:40:29,47.62,-0.77%,--,2,9524,买盘
10:40:32,47.62,-0.77%,--,46,219052,买盘
10:40:35,47.62,-0.77%,--,13,61906,买盘
10:40:38,47.62,-0.77%,--,12,57144,买盘
10:40:41,47.61,-0.79%,-0.01,37,176157,卖盘
10:40:47,47.65,-0.71%,--,33,157245,买盘
10:40:50,47.64,-0.73%,-0.01,10,47640,卖盘
10:40:53,47.65,-0.71%,+0.01,15,71475,买盘
10:40:59,47.65,-0.71%,--,13,61945,买盘
10:41:02,47.63,-0.75%,-0.02,5,23815,卖盘
10:41:05,47.65,-0.71%,+0.02,3,14295,买盘
10:41:08,47.64,-0.73%,-0.01,6,28584,买盘
10:41:11,47.64,-0.73%,--,12,57168,买盘
10:41:14,47.67,-0.67%,+0.03,26,123942,买盘
10:41:20,47.62,-0.77%,-0.05,9,42858,卖盘
10:41:23,47.67,-0.67%,+0.05,8,38136,买盘
10:41:29,47.67,-0.67%,--,1,4767,买盘
10:41:32,47.65,-0.71%,-0.02,18,85770,卖盘
10:41:35,47.65,-0.71%,--,11,52415,买盘
10:41:38,47.63,-0.75%,-0.02,19,90497,卖盘
10:41:44,47.64,-0.73%,+0.01,10,47640,买盘
10:41:47,47.64,-0.73%,--,6,28584,买盘
10:41:50,47.63,-0.75%,-0.01,7,33341,卖盘
10:41:53,47.64,-0.73%,+0.01,1,4764,买盘
10:41:56,47.65,-0.71%,+0.01,17,81005,买盘
10:41:59,47.67,-0.67%,+0.02,29,138243,买盘
10:42:02,47.67,-0.67%,--,0,0,买盘
10:42:05,47.67,-0.67%,--,9,42903,买盘
10:42:08,47.69,-0.63%,+0.02,13,61997,买盘
10:42:11,47.7,-0.60%,+0.01,6,28620,买盘
10:42:14,47.73,-0.54%,+0.03,32,152736,买盘
10:42:17,47.74,-0.52%,+0.01,39,186186,买盘
10:42:20,47.73,-0.54%,-0.01,5,23865,中性盘
10:42:23,47.74,-0.52%,+0.01,7,33418,买盘
10:42:26,47.73,-0.54%,-0.01,67,319791,卖盘
10:42:29,47.75,-0.50%,+0.02,9,42975,买盘
10:42:32,47.73,-0.54%,-0.02,105,501165,卖盘
10:42:35,47.74,-0.52%,+0.01,4,19096,卖盘
10:42:41,47.74,-0.52%,--,4,19096,买盘
10:42:44,47.76,-0.48%,+0.02,6,28656,中性盘
10:42:50,47.77,-0.46%,+0.01,50,238850,买盘
10:42:53,47.79,-0.42%,+0.02,6,28674,买盘
10:42:56,47.77,-0.46%,-0.02,52,248404,卖盘
10:42:59,47.8,-0.40%,+0.03,13,62140,买盘
10:43:02,47.8,-0.40%,--,1,4780,买盘
10:43:05,47.83,-0.33%,+0.03,29,141864,买盘
10:43:08,47.83,-0.33%,--,0,0,卖盘
10:43:11,47.84,-0.31%,+0.01,11,52624,卖盘
10:43:14,47.83,-0.33%,-0.01,11,52613,卖盘
10:43:17,47.88,-0.23%,+0.05,12,57456,买盘
10:43:20,47.87,-0.25%,-0.01,1,4787,中性盘
10:43:23,47.87,-0.25%,--,1,4787,卖盘
10:43:23,47.87,-0.25%,--,1,4787,中性盘
10:43:26,47.89,-0.21%,+0.02,25,119725,买盘
10:43:29,47.88,-0.23%,-0.01,26,124488,买盘
10:43:32,47.85,-0.29%,-0.03,3,14355,卖盘
10:43:35,47.85,-0.29%,--,80,382800,买盘
10:43:41,47.83,-0.33%,-0.02,5,23915,中性盘
10:43:47,47.83,-0.33%,-0.02,6,28698,中性盘
10:43:50,47.85,-0.29%,+0.02,6,28710,买盘
10:43:56,47.85,-0.29%,--,28,133980,买盘
10:43:59,47.85,-0.29%,--,4,19140,卖盘
10:44:02,47.85,-0.29%,--,1,4785,卖盘
10:44:05,47.85,-0.29%,--,2,9570,卖盘
10:44:08,47.87,-0.25%,+0.02,7,33509,买盘
10:44:14,47.89,-0.21%,+0.01,18,86202,买盘
10:44:17,47.9,-0.19%,+0.01,13,62270,买盘
10:44:20,47.88,-0.23%,-0.02,5,23940,卖盘
10:44:23,47.89,-0.21%,+0.01,2,9578,买盘
10:44:29,47.85,-0.29%,-0.03,5,23925,卖盘
10:44:32,47.88,-0.23%,+0.03,17,81396,中性盘
10:44:35,47.88,-0.23%,--,13,62244,中性盘
10:44:38,47.88,-0.23%,--,6,28728,买盘
10:44:41,47.85,-0.29%,-0.03,8,38280,卖盘
10:44:53,47.81,-0.38%,-0.04,51,243831,卖盘
10:44:56,47.84,-0.31%,+0.03,4,19136,买盘
10:44:59,47.84,-0.31%,--,10,47840,卖盘
10:45:02,47.81,-0.38%,-0.03,5,23905,卖盘
10:45:05,47.84,-0.31%,+0.03,23,110032,买盘
10:45:11,47.8,-0.40%,-0.04,21,100380,卖盘
10:45:14,47.81,-0.38%,+0.01,7,33467,买盘
10:45:17,47.81,-0.38%,--,3,14343,买盘
10:45:20,47.86,-0.27%,+0.05,68,325448,买盘
10:45:23,47.87,-0.25%,+0.01,29,138823,买盘
10:45:29,47.87,-0.25%,--,16,76592,买盘
10:45:32,47.88,-0.23%,+0.01,47,225036,买盘
10:45:35,47.9,-0.19%,+0.02,17,81430,买盘
10:45:38,47.88,-0.23%,-0.02,8,38304,卖盘
10:45:41,47.87,-0.25%,-0.01,29,138823,卖盘
10:45:47,47.86,-0.27%,-0.03,12,57432,卖盘
10:45:50,47.85,-0.29%,-0.01,1,7417,卖盘
10:45:53,47.87,-0.25%,+0.02,47,224989,买盘
10:45:56,47.89,-0.21%,+0.02,12,57468,买盘
10:45:59,47.86,-0.27%,-0.03,12,57432,中性盘
10:46:02,47.88,-0.23%,+0.02,2,9576,中性盘
10:46:05,47.9,-0.19%,+0.02,3,14370,买盘
10:46:08,47.9,-0.19%,--,25,119750,买盘
10:46:11,47.88,-0.23%,-0.02,7,33516,卖盘
10:46:14,47.91,-0.17%,+0.03,79,378489,买盘
10:46:17,47.93,-0.13%,+0.02,8,38344,买盘
10:46:20,47.94,-0.10%,+0.01,9,43146,中性盘
10:46:23,47.95,-0.08%,+0.01,15,71925,买盘
10:46:26,47.95,-0.08%,--,10,47950,卖盘
10:46:29,47.94,-0.10%,-0.01,4,19176,卖盘
10:46:32,47.98,-0.02%,+0.04,9,43182,买盘
10:46:35,47.94,-0.10%,-0.04,20,95880,卖盘
10:46:38,47.95,-0.08%,+0.01,1,4795,中性盘
10:46:38,47.95,-0.08%,--,1,4795,中性盘
10:46:41,47.98,-0.02%,+0.03,3,14394,买盘
10:46:44,47.98,-0.02%,--,1,4798,买盘
10:46:47,47.98,-0.02%,--,50,239900,买盘
10:46:50,47.98,-0.02%,--,20,95960,中性盘
10:46:53,47.98,-0.02%,--,15,71970,卖盘
10:46:56,47.99,0.00%,+0.01,41,196759,买盘
10:46:59,47.99,0.00%,--,9,43191,买盘
10:47:02,47.98,-0.02%,-0.01,52,249496,卖盘
10:47:05,47.98,-0.02%,--,8,38384,买盘
10:47:08,47.97,-0.04%,-0.01,19,91143,中性盘
10:47:11,47.96,-0.06%,-0.01,22,105512,中性盘
10:47:14,47.97,-0.04%,+0.01,15,71955,买盘
10:47:17,47.92,-0.15%,-0.05,17,81464,卖盘
10:47:20,47.92,-0.15%,--,20,95840,卖盘
10:47:23,47.94,-0.10%,+0.02,5,23970,买盘
10:47:26,47.91,-0.17%,-0.03,22,105402,卖盘
10:47:29,47.92,-0.15%,+0.01,5,23960,买盘
10:47:32,47.89,-0.21%,-0.03,5,23945,卖盘
10:47:35,47.88,-0.23%,-0.01,1,4788,卖盘
10:47:41,47.87,-0.25%,-0.01,23,110101,卖盘
10:47:44,47.87,-0.25%,--,16,76592,卖盘
10:47:47,47.85,-0.29%,-0.02,1,4785,卖盘
10:47:50,47.85,-0.29%,--,8,38280,卖盘
10:47:53,47.85,-0.29%,--,34,162690,卖盘
10:47:56,47.87,-0.25%,+0.02,14,67018,买盘
10:48:02,47.87,-0.25%,--,6,28722,买盘
10:48:05,47.93,-0.13%,+0.06,53,254029,买盘
10:48:08,47.95,-0.08%,+0.02,47,225365,买盘
10:48:11,47.98,-0.02%,+0.03,24,115152,买盘
10:48:14,47.98,-0.02%,--,13,62374,买盘
10:48:17,48.0,+0.02%,+0.02,49,235200,买盘
10:48:20,47.99,0.00%,-0.01,26,124774,卖盘
10:48:23,48.0,+0.02%,+0.01,20,96000,买盘
10:48:26,48.0,+0.02%,--,27,129600,买盘
10:48:29,47.99,0.00%,-0.01,3,14397,中性盘
10:48:32,48.0,+0.02%,+0.01,43,206400,买盘
10:48:35,48.01,+0.04%,+0.01,189,907389,买盘
10:48:38,48.0,+0.02%,-0.01,23,110400,中性盘
10:48:41,48.0,+0.02%,--,2,9600,买盘
10:48:44,48.0,+0.02%,--,39,187200,买盘
10:48:47,47.98,-0.02%,-0.02,1,4798,买盘
10:48:50,48.01,+0.04%,+0.03,21,100821,买盘
10:48:53,48.01,+0.04%,--,60,288060,买盘
10:48:56,48.03,+0.08%,+0.02,22,105666,买盘
10:48:59,48.03,+0.08%,--,20,96060,买盘
10:49:02,48.0,+0.02%,-0.03,105,504000,卖盘
10:49:05,48.04,+0.10%,+0.04,29,139316,买盘
10:49:08,48.0,+0.02%,-0.04,35,168000,卖盘
10:49:11,48.01,+0.04%,+0.01,2,9602,买盘
10:49:14,48.01,+0.04%,--,9,43209,买盘
10:49:17,48.01,+0.04%,--,13,62413,买盘
10:49:20,48.0,+0.02%,-0.01,9,43200,卖盘
10:49:23,48.0,+0.02%,--,14,67200,卖盘
10:49:26,47.99,0.00%,-0.01,14,67186,卖盘
10:49:29,47.99,0.00%,--,31,148769,卖盘
10:49:32,47.98,-0.02%,-0.01,113,542174,卖盘
10:49:35,47.97,-0.04%,-0.01,3,14391,卖盘
10:49:38,47.97,-0.04%,--,4,19188,卖盘
10:49:41,47.96,-0.06%,-0.01,12,57552,卖盘
10:49:44,47.96,-0.06%,--,12,57552,卖盘
10:49:47,47.95,-0.08%,-0.01,13,62335,卖盘
10:49:50,47.95,-0.08%,--,3,14385,卖盘
10:49:53,47.94,-0.10%,-0.01,25,119850,卖盘
10:49:56,47.93,-0.13%,-0.01,36,172548,卖盘
10:49:56,47.93,-0.13%,--,36,172548,中性盘
10:49:56,47.93,-0.13%,--,36,172548,买盘
10:49:59,47.9,-0.19%,-0.03,1,4790,卖盘
10:50:02,47.9,-0.19%,--,0,0,中性盘
10:50:05,47.94,-0.10%,+0.04,6,28764,买盘
10:50:08,47.88,-0.23%,-0.06,5,23940,卖盘
10:50:11,47.89,-0.21%,+0.01,6,28734,买盘
10:50:14,47.88,-0.23%,-0.01,4,19152,卖盘
10:50:17,47.87,-0.25%,-0.01,14,67018,卖盘
10:50:20,47.85,-0.29%,-0.02,19,93068,卖盘
10:50:23,47.8,-0.40%,-0.05,15,71700,卖盘
10:50:26,47.8,-0.40%,--,23,109940,中性盘
10:50:32,47.7,-0.60%,-0.06,3,14310,卖盘
10:50:35,47.8,-0.40%,+0.1,36,172080,买盘
10:50:38,47.76,-0.48%,-0.04,1,4776,卖盘
10:50:41,47.74,-0.52%,-0.02,3,14322,买盘
10:50:44,47.76,-0.48%,+0.02,13,62088,买盘
10:50:47,47.78,-0.44%,+0.02,15,71670,买盘
10:50:50,47.8,-0.40%,+0.02,13,62140,买盘
10:50:53,47.8,-0.40%,--,29,138620,买盘
10:50:56,47.85,-0.29%,+0.05,4,19140,中性盘
10:50:59,47.86,-0.27%,+0.01,25,119650,买盘
10:51:02,47.87,-0.25%,+0.01,16,76592,买盘
10:51:05,47.87,-0.25%,--,15,71805,买盘
10:51:08,47.85,-0.29%,-0.02,32,153120,卖盘
10:51:11,47.9,-0.19%,+0.05,7,33530,买盘
10:51:14,47.87,-0.25%,-0.03,3,14361,中性盘
10:51:17,47.85,-0.29%,-0.02,17,81345,卖盘
10:51:20,47.81,-0.38%,-0.04,17,81277,卖盘
10:51:23,47.83,-0.33%,+0.02,15,71745,中性盘
10:51:26,47.85,-0.29%,+0.02,11,52635,买盘
10:51:29,47.83,-0.33%,-0.02,6,28698,卖盘
10:51:32,47.85,-0.29%,+0.02,26,124410,买盘
10:51:35,47.87,-0.25%,+0.02,11,52657,买盘
10:51:44,47.81,-0.38%,-0.06,3,14343,卖盘
10:51:50,47.79,-0.42%,-0.02,6,28674,卖盘
10:51:53,47.81,-0.38%,+0.02,1,4781,买盘
10:51:56,47.81,-0.38%,--,11,52591,买盘
10:51:59,47.85,-0.29%,+0.04,14,66990,买盘
10:52:02,47.86,-0.27%,+0.01,10,47860,买盘
10:52:05,47.85,-0.29%,-0.01,1,4785,买盘
10:52:08,47.85,-0.29%,--,43,205755,卖盘
10:52:11,47.85,-0.29%,--,0,0,中性盘
10:52:14,47.85,-0.29%,--,0,0,买盘
10:52:17,47.85,-0.29%,--,5,23925,买盘
10:52:20,47.85,-0.29%,--,2,9570,买盘
10:52:23,47.85,-0.29%,--,6,28710,买盘
10:52:26,47.85,-0.29%,--,8,38280,买盘
10:52:29,47.87,-0.25%,+0.02,16,76592,买盘
10:52:32,47.86,-0.27%,-0.01,1,4786,中性盘
10:52:35,47.88,-0.23%,+0.02,3,14364,买盘
10:52:38,47.88,-0.23%,--,5,23940,买盘
10:52:41,47.9,-0.19%,+0.02,14,67060,买盘
10:52:44,47.88,-0.23%,-0.02,17,81396,卖盘
10:52:47,47.9,-0.19%,+0.02,31,148490,买盘
10:52:50,47.88,-0.23%,-0.02,19,90972,卖盘
10:52:53,47.87,-0.25%,-0.01,9,43083,卖盘
10:52:56,47.88,-0.23%,+0.01,9,43092,买盘
10:52:59,47.92,-0.15%,+0.04,3,14376,买盘
10:53:02,47.88,-0.23%,-0.04,12,57456,买盘
10:53:05,47.86,-0.27%,-0.02,11,52646,中性盘
10:53:08,47.86,-0.27%,--,0,0,卖盘
11:15:59,47.9,-0.19%,-0.03,1,4790,中性盘
11:16:05,47.87,-0.25%,-0.03,1,4787,卖盘
11:16:08,47.86,-0.27%,-0.01,19,90934,卖盘
11:16:14,47.89,-0.21%,+0.05,15,71835,买盘
11:16:20,47.89,-0.21%,--,0,0,买盘
11:16:29,47.84,-0.31%,-0.05,5,23920,卖盘
11:16:32,47.86,-0.27%,+0.02,2,9572,买盘
11:16:35,47.84,-0.31%,-0.02,12,57408,卖盘
11:16:38,47.85,-0.29%,+0.01,6,28710,中性盘
11:16:41,47.84,-0.31%,-0.01,7,33488,卖盘
11:16:44,47.84,-0.31%,--,11,52624,买盘
11:16:47,47.86,-0.27%,+0.02,20,95720,买盘
11:16:53,47.84,-0.31%,-0.02,1,4784,卖盘
11:16:59,47.84,-0.31%,--,4,19136,买盘
11:17:05,47.84,-0.31%,--,16,76544,买盘
11:17:08,47.85,-0.29%,+0.01,3,14355,买盘
11:17:11,47.82,-0.35%,-0.03,1,4782,卖盘
11:17:14,47.81,-0.38%,-0.01,53,253393,卖盘
11:17:17,47.82,-0.35%,+0.01,63,301266,买盘
11:17:23,47.8,-0.40%,-0.02,2,9560,卖盘
11:17:26,47.79,-0.42%,-0.01,6,28674,卖盘
11:17:32,47.79,-0.42%,--,30,143370,卖盘
11:17:38,47.79,-0.42%,--,2,9558,买盘
11:17:41,47.76,-0.48%,-0.03,4,19104,卖盘
11:17:44,47.79,-0.42%,+0.03,24,114696,买盘
11:17:47,47.76,-0.48%,-0.03,7,33432,中性盘
11:17:50,47.76,-0.48%,--,0,0,卖盘
11:17:53,47.78,-0.44%,+0.02,20,95560,买盘
11:17:56,47.76,-0.48%,-0.02,13,62088,卖盘
11:17:59,47.76,-0.48%,--,1,4776,卖盘
11:18:02,47.76,-0.48%,--,40,191040,卖盘
11:18:08,47.75,-0.50%,-0.01,29,138475,卖盘
11:18:11,47.75,-0.50%,--,10,47750,卖盘
11:18:14,47.76,-0.48%,+0.01,18,85968,买盘
11:18:17,47.75,-0.50%,-0.01,19,90725,卖盘
11:18:20,47.75,-0.50%,--,1,4775,卖盘
11:18:23,47.76,-0.48%,+0.01,1,4776,买盘
11:18:26,47.75,-0.50%,-0.01,1,4775,卖盘
11:18:29,47.75,-0.50%,--,21,100275,卖盘
11:18:35,47.78,-0.44%,+0.03,9,43002,买盘
11:18:41,47.75,-0.50%,-0.03,7,33425,卖盘
11:18:44,47.75,-0.50%,--,0,0,卖盘
11:18:47,47.77,-0.46%,+0.02,23,109871,买盘
11:18:50,47.75,-0.50%,-0.02,2,9550,卖盘
11:18:53,47.76,-0.48%,+0.01,5,23880,中性盘
11:18:59,47.75,-0.50%,-0.01,30,143250,卖盘
11:19:05,47.78,-0.44%,+0.03,10,47780,买盘
11:19:08,47.78,-0.44%,--,10,47780,买盘
11:19:11,47.75,-0.50%,-0.03,6,28650,卖盘
11:19:14,47.75,-0.50%,--,3,14325,卖盘
11:19:17,47.79,-0.42%,+0.04,7,33453,买盘
11:19:20,47.75,-0.50%,-0.04,16,76400,卖盘
11:29:08,47.73,-0.54%,--,8,38184,中性盘
11:29:08,47.73,-0.54%,--,8,38184,买盘
11:29:14,47.73,-0.54%,--,3,14319,买盘
11:29:17,47.73,-0.54%,--,4,19092,买盘
11:29:20,47.73,-0.54%,--,0,0,买盘
11:29:23,47.73,-0.54%,--,5,23865,买盘
11:29:26,47.71,-0.58%,-0.02,2,9542,中性盘
11:29:29,47.72,-0.56%,+0.01,25,119300,卖盘
11:29:32,47.72,-0.56%,--,0,0,中性盘
11:29:38,47.73,-0.54%,+0.01,1,4773,买盘
11:29:56,47.7,-0.60%,-0.03,5,23850,卖盘
13:00:02,47.68,-0.65%,-0.02,115,548320,卖盘
13:00:05,47.69,-0.63%,+0.01,174,829806,买盘
13:00:08,47.7,-0.60%,+0.01,47,224190,买盘
13:00:11,47.66,-0.69%,-0.04,16,76256,卖盘
13:00:14,47.62,-0.77%,-0.04,19,90478,卖盘
13:00:17,47.67,-0.67%,+0.05,18,85806,买盘
13:00:20,47.62,-0.77%,-0.05,2,9524,中性盘
13:00:23,47.62,-0.77%,--,9,42858,卖盘
13:00:26,47.6,-0.81%,-0.02,27,128520,卖盘
13:00:29,47.59,-0.83%,-0.01,1,4759,卖盘
13:00:32,47.58,-0.85%,-0.01,23,109434,卖盘
13:00:35,47.59,-0.83%,+0.01,53,252227,买盘
13:00:38,47.55,-0.92%,-0.04,7,33285,卖盘
13:00:41,47.58,-0.85%,+0.03,3,14274,买盘
13:00:44,47.58,-0.85%,--,0,0,买盘
13:00:47,47.58,-0.85%,--,2,9516,买盘
13:00:50,47.54,-0.94%,-0.04,14,66556,卖盘
13:00:53,47.53,-0.96%,-0.01,11,52283,卖盘
13:00:56,47.57,-0.88%,+0.04,56,266392,买盘
13:00:59,47.6,-0.81%,+0.03,16,76160,买盘
13:01:02,47.57,-0.88%,-0.03,22,104654,卖盘
13:01:05,47.57,-0.88%,--,11,52327,中性盘
13:01:08,47.59,-0.83%,+0.02,6,28554,卖盘
13:01:11,47.6,-0.81%,+0.01,43,204680,买盘
13:01:14,47.6,-0.81%,--,10,47600,买盘
13:01:20,47.57,-0.88%,-0.03,2,9514,卖盘
13:01:23,47.6,-0.81%,+0.03,5,23800,买盘
13:01:26,47.62,-0.77%,+0.02,79,376198,买盘
13:01:29,47.56,-0.90%,-0.06,1,4756,卖盘
13:01:32,47.58,-0.85%,+0.02,7,33306,中性盘
13:01:35,47.65,-0.71%,+0.07,17,81005,买盘
13:01:38,47.61,-0.79%,-0.04,12,57132,卖盘
13:01:41,47.65,-0.71%,+0.04,2,9530,买盘
13:01:44,47.65,-0.71%,--,0,0,买盘
13:01:47,47.66,-0.69%,+0.01,4,19064,买盘
13:01:50,47.69,-0.63%,+0.03,23,109687,买盘
13:01:53,47.73,-0.54%,+0.04,11,52503,买盘
13:01:56,47.73,-0.54%,--,88,420024,买盘
13:01:59,47.74,-0.52%,+0.01,2,9548,买盘
13:02:02,47.75,-0.50%,+0.01,3,14325,卖盘
13:02:05,47.73,-0.54%,-0.02,13,62049,卖盘
13:02:08,47.73,-0.54%,--,16,76368,买盘
13:02:14,47.76,-0.48%,+0.03,14,66864,买盘
13:02:17,47.76,-0.48%,--,0,0,买盘
13:02:20,47.75,-0.50%,-0.01,3,14325,卖盘
13:02:23,47.76,-0.48%,+0.01,12,57312,买盘
13:15:26,48.35,+0.75%,--,113,546355,中性盘
13:15:29,48.35,+0.75%,--,5,24175,卖盘
13:15:32,48.36,+0.77%,+0.01,7,33852,卖盘
13:15:35,48.36,+0.77%,--,21,101556,卖盘
13:15:38,48.37,+0.79%,+0.01,1,4837,中性盘
13:15:41,48.37,+0.79%,--,7,33859,卖盘
13:15:44,48.38,+0.81%,+0.01,6,29028,买盘
13:15:47,48.37,+0.79%,-0.01,27,130599,卖盘
13:15:50,48.38,+0.81%,+0.01,33,159654,中性盘
13:15:53,48.37,+0.79%,-0.01,9,43533,中性盘
13:15:56,48.35,+0.75%,-0.02,41,198235,卖盘
13:15:59,48.37,+0.79%,+0.02,2,9674,中性盘
13:16:02,48.35,+0.75%,-0.02,149,720415,卖盘
13:16:05,48.3,+0.65%,-0.05,156,753480,卖盘
13:16:08,48.32,+0.69%,+0.02,11,53152,买盘
13:16:11,48.32,+0.69%,--,25,120800,买盘
13:16:14,48.23,+0.50%,-0.09,33,159159,卖盘
13:16:17,48.23,+0.50%,--,0,0,中性盘
13:16:23,48.28,+0.60%,+0.05,29,140012,买盘
13:16:26,48.32,+0.69%,+0.04,22,106304,买盘
13:16:29,48.21,+0.46%,-0.11,33,159093,卖盘
13:16:32,48.22,+0.48%,+0.01,5,24110,买盘
13:16:35,48.3,+0.65%,+0.08,12,57960,买盘
13:16:38,48.18,+0.40%,-0.12,13,62634,卖盘
13:16:41,48.15,+0.33%,-0.03,46,221490,卖盘
13:16:44,48.15,+0.33%,--,29,139635,买盘
13:16:47,48.15,+0.33%,--,11,52965,买盘
13:16:50,48.2,+0.44%,+0.05,18,86760,卖盘
13:16:53,48.22,+0.48%,+0.02,51,245922,买盘
13:16:56,48.15,+0.33%,-0.07,1,4815,中性盘
13:16:59,48.12,+0.27%,-0.03,4,19248,卖盘
13:17:02,48.2,+0.44%,+0.08,15,72300,买盘
13:17:08,48.18,+0.40%,-0.02,2,9636,中性盘
13:17:11,48.2,+0.44%,+0.02,13,62660,买盘
13:17:14,48.12,+0.27%,-0.08,12,57744,卖盘
13:17:17,48.12,+0.27%,--,39,187668,买盘
13:17:20,48.2,+0.44%,+0.08,8,38560,买盘
13:17:23,48.2,+0.44%,--,0,0,买盘
13:17:26,48.25,+0.54%,+0.05,14,67550,买盘
13:17:32,48.29,+0.63%,+0.04,1,4829,买盘
13:17:35,48.2,+0.44%,-0.09,36,173520,卖盘
13:17:38,48.3,+0.65%,+0.1,36,173880,买盘
13:17:47,48.32,+0.69%,+0.07,24,115968,买盘
13:17:50,48.27,+0.58%,-0.05,8,38616,买盘
13:17:53,48.26,+0.56%,-0.01,4,19304,卖盘
13:17:56,48.28,+0.60%,+0.02,23,111044,买盘
13:17:59,48.2,+0.44%,-0.08,53,255460,卖盘
13:18:02,48.2,+0.44%,--,0,0,卖盘
13:18:05,48.27,+0.58%,+0.07,9,43443,中性盘
13:18:08,48.26,+0.56%,-0.01,20,96520,中性盘
13:18:11,48.26,+0.56%,--,2,9652,买盘
13:18:14,48.26,+0.56%,--,13,62738,买盘
13:18:17,48.26,+0.56%,--,12,57912,买盘
13:18:20,48.27,+0.58%,+0.01,23,111021,买盘
13:18:26,48.27,+0.58%,--,11,53097,买盘
13:18:29,48.27,+0.58%,--,3,14481,买盘
13:18:32,48.29,+0.63%,+0.02,104,502216,买盘
13:18:35,48.27,+0.58%,-0.02,11,53097,卖盘
13:18:38,48.25,+0.54%,-0.02,16,77200,卖盘
13:18:41,48.2,+0.44%,-0.05,71,342220,卖盘
13:18:44,48.2,+0.44%,--,31,149420,中性盘
13:18:44,48.2,+0.44%,--,31,149420,买盘
13:18:47,48.2,+0.44%,--,3,14460,买盘
13:18:50,48.2,+0.44%,--,3,14460,卖盘
13:18:53,48.27,+0.58%,+0.07,31,149637,买盘
13:18:56,48.27,+0.58%,--,14,67578,买盘
13:18:59,48.3,+0.65%,+0.03,15,72450,买盘
13:19:02,48.3,+0.65%,--,4,19320,卖盘
13:19:05,48.3,+0.65%,--,24,115920,卖盘
13:19:08,48.31,+0.67%,+0.01,11,53141,卖盘
13:19:14,48.31,+0.67%,+0.02,65,314015,买盘
13:19:17,48.31,+0.67%,--,0,0,买盘
13:19:23,48.22,+0.48%,-0.09,4,19288,卖盘
13:19:26,48.29,+0.63%,+0.07,13,62777,买盘
13:19:29,48.29,+0.63%,--,2,9658,卖盘
13:19:32,48.25,+0.54%,-0.04,3,14475,卖盘
13:19:35,48.29,+0.63%,+0.04,57,275253,买盘
13:19:38,48.29,+0.63%,--,7,33803,卖盘
13:19:41,48.25,+0.54%,-0.04,1,4825,卖盘
13:19:44,48.3,+0.65%,+0.05,8,38640,买盘
13:19:47,48.25,+0.54%,-0.05,4,19300,中性盘
13:19:50,48.25,+0.54%,--,22,106150,卖盘
13:19:53,48.3,+0.65%,+0.05,4,19320,买盘
13:19:56,48.25,+0.54%,-0.05,1,4825,中性盘
13:19:59,48.27,+0.58%,+0.02,5,24135,中性盘
13:20:02,48.23,+0.50%,-0.04,3,14469,卖盘
13:20:05,48.3,+0.65%,+0.07,4,19320,买盘
13:20:11,48.3,+0.65%,--,8,38640,买盘
13:20:14,48.3,+0.65%,--,4,19320,买盘
13:20:17,48.25,+0.54%,-0.05,11,53075,卖盘
13:20:20,48.25,+0.54%,--,3,14475,卖盘
13:20:23,48.35,+0.75%,+0.1,90,435150,买盘
13:20:26,48.34,+0.73%,-0.01,2,9668,中性盘
13:20:29,48.34,+0.73%,--,26,125684,卖盘
13:20:32,48.35,+0.75%,+0.01,58,280430,买盘
13:20:38,48.33,+0.71%,-0.02,41,198153,卖盘
13:20:41,48.35,+0.75%,+0.02,18,87030,买盘
13:20:44,48.35,+0.75%,--,3,14505,买盘
13:20:47,48.31,+0.67%,-0.04,9,43479,卖盘
13:20:50,48.3,+0.65%,-0.01,3,14490,买盘
13:20:56,48.35,+0.75%,+0.05,11,53185,买盘
13:21:02,48.26,+0.56%,-0.09,25,120650,卖盘
13:21:05,48.3,+0.65%,+0.04,51,246330,中性盘
13:21:08,48.25,+0.54%,-0.05,16,77200,卖盘
13:21:11,48.25,+0.54%,--,77,371525,卖盘
13:21:14,48.25,+0.54%,--,17,82025,卖盘
13:21:17,48.25,+0.54%,--,7,33775,卖盘
13:21:20,48.18,+0.40%,-0.07,173,833514,卖盘
13:21:23,48.15,+0.33%,-0.03,44,211860,卖盘
13:21:26,48.29,+0.63%,+0.14,15,72435,买盘
13:21:29,48.16,+0.35%,-0.13,2,9632,卖盘
13:21:32,48.18,+0.40%,+0.02,50,240900,买盘
13:21:35,48.19,+0.42%,+0.01,5,24095,卖盘
13:21:38,48.19,+0.42%,--,3,14457,卖盘
13:21:41,48.2,+0.44%,+0.01,11,53020,卖盘
13:21:44,48.18,+0.40%,-0.02,22,105996,卖盘
13:21:47,48.19,+0.42%,+0.01,30,144570,买盘
13:21:50,48.19,+0.42%,--,16,77104,买盘
13:21:53,48.17,+0.38%,-0.02,4,19268,卖盘
13:21:56,48.18,+0.40%,+0.01,68,327624,卖盘
13:21:59,48.16,+0.35%,-0.02,11,52976,卖盘
13:21:59,48.16,+0.35%,--,11,52976,中性盘
13:22:02,48.18,+0.40%,+0.02,66,317988,买盘
13:22:05,48.17,+0.38%,-0.01,10,48170,买盘
13:22:08,48.14,+0.31%,-0.03,24,115536,卖盘
13:22:11,48.17,+0.38%,+0.03,14,67438,中性盘
13:22:14,48.2,+0.44%,+0.03,24,115680,买盘
13:22:17,48.2,+0.44%,--,10,48200,买盘
13:22:20,48.35,+0.75%,+0.15,87,420645,买盘
13:22:23,48.2,+0.44%,-0.15,5,24100,卖盘
13:22:26,48.39,+0.83%,+0.19,14,67746,买盘
13:22:29,48.39,+0.83%,--,11,53229,中性盘
13:22:32,48.39,+0.83%,--,1,4839,卖盘
13:22:35,48.38,+0.81%,-0.01,3,14514,买盘
13:22:38,48.39,+0.83%,+0.01,8,38712,买盘
13:22:41,48.38,+0.81%,-0.01,1,4838,买盘
13:22:44,48.38,+0.81%,--,0,0,买盘
13:22:47,48.38,+0.81%,--,32,154816,买盘
13:22:50,48.38,+0.81%,--,17,82246,买盘
13:22:53,48.38,+0.81%,--,11,53218,卖盘
13:22:56,48.6,+1.27%,+0.22,91,442260,买盘
13:22:59,48.6,+1.27%,--,0,0,买盘
13:23:02,48.56,+1.19%,-0.04,5,24280,买盘
13:23:05,48.55,+1.17%,-0.01,10,48550,中性盘
13:23:08,48.45,+0.96%,-0.1,27,130815,卖盘
13:23:11,48.45,+0.96%,--,66,319770,买盘
13:23:14,48.5,+1.06%,+0.05,34,164900,买盘
13:23:17,48.37,+0.79%,-0.13,2,9674,卖盘
13:23:23,48.37,+0.79%,--,3,14511,买盘
13:23:26,48.43,+0.92%,+0.06,26,125918,买盘
13:23:29,48.45,+0.96%,+0.02,13,62985,买盘
13:23:32,48.45,+0.96%,--,19,92055,买盘
13:23:38,48.38,+0.81%,-0.07,12,58056,中性盘
13:23:41,48.45,+0.96%,+0.07,14,67830,买盘
13:23:44,48.4,+0.85%,-0.05,2,9680,中性盘
13:23:47,48.45,+0.96%,+0.05,26,125970,买盘
13:23:50,48.45,+0.96%,--,90,436050,卖盘
13:23:53,48.44,+0.94%,-0.01,41,198604,卖盘
13:23:56,48.44,+0.94%,--,23,111412,买盘
13:23:59,48.44,+0.94%,--,12,58128,买盘
13:24:02,48.33,+0.71%,-0.11,2,9666,卖盘
13:24:05,48.43,+0.92%,+0.1,7,33901,买盘
13:24:08,48.35,+0.75%,-0.08,54,261090,卖盘
13:24:14,48.32,+0.69%,-0.03,23,111136,卖盘
13:24:17,48.27,+0.58%,-0.05,51,246177,卖盘
13:24:20,48.37,+0.79%,+0.1,4,19348,买盘
13:24:23,48.32,+0.69%,-0.05,7,33824,卖盘
13:24:26,48.25,+0.54%,-0.07,2,9650,卖盘
13:24:29,48.27,+0.58%,+0.02,2,9654,卖盘
13:24:32,48.29,+0.63%,+0.02,2,9658,中性盘
13:24:35,48.27,+0.58%,-0.02,6,28962,卖盘
13:24:44,48.26,+0.56%,-0.01,8,38608,卖盘
13:24:47,48.26,+0.56%,--,7,33782,中性盘
13:24:50,48.25,+0.54%,-0.01,9,43425,卖盘
13:24:53,48.27,+0.58%,+0.02,41,197907,买盘
13:24:56,48.29,+0.63%,+0.02,35,169015,买盘
13:24:59,48.3,+0.65%,+0.01,1,4830,卖盘
13:25:11,48.32,+0.69%,+0.02,2,9664,买盘
13:25:14,48.32,+0.69%,--,0,0,中性盘
13:25:20,48.32,+0.69%,--,4,19328,卖盘
13:25:26,48.29,+0.63%,-0.03,37,178673,卖盘
13:25:29,48.35,+0.75%,+0.06,10,48350,买盘
13:25:35,48.29,+0.63%,-0.06,2,9658,卖盘
13:25:38,48.3,+0.65%,+0.01,28,135240,买盘
13:25:41,48.3,+0.65%,--,0,0,中性盘
13:25:44,48.3,+0.65%,--,1,4830,买盘
13:25:50,48.3,+0.65%,--,3,14490,卖盘
13:25:53,48.4,+0.85%,+0.1,32,154880,买盘
13:25:56,48.35,+0.75%,-0.05,7,33845,中性盘
13:26:02,48.3,+0.65%,-0.05,44,212520,卖盘
13:26:05,48.4,+0.85%,+0.1,2,9680,买盘
13:26:11,48.29,+0.63%,-0.11,26,125554,卖盘
13:26:14,48.39,+0.83%,+0.1,36,174204,买盘
13:26:17,48.39,+0.83%,--,5,24195,买盘
13:26:20,48.3,+0.65%,-0.09,3,14490,卖盘
13:26:23,48.39,+0.83%,+0.09,27,130653,买盘
13:26:26,48.38,+0.81%,-0.01,33,159654,卖盘
13:26:29,48.31,+0.67%,-0.07,2,9662,卖盘
13:26:32,48.32,+0.69%,+0.01,8,38656,中性盘
13:26:35,48.38,+0.81%,+0.06,39,188682,买盘
13:26:38,48.38,+0.81%,--,21,101598,买盘
13:26:44,48.31,+0.67%,-0.07,18,86958,中性盘
13:26:47,48.31,+0.67%,--,7,33817,卖盘
13:26:50,48.31,+0.67%,--,4,19324,卖盘
13:26:53,48.31,+0.67%,--,10,48310,卖盘
13:26:56,48.31,+0.67%,--,2,9662,卖盘
13:26:59,48.31,+0.67%,--,5,24155,卖盘
13:27:02,48.29,+0.63%,-0.02,42,202818,卖盘
13:27:05,48.3,+0.65%,+0.01,11,53130,中性盘
13:27:08,48.29,+0.63%,-0.01,8,38632,卖盘
13:27:11,48.31,+0.67%,+0.02,28,135268,买盘
13:27:14,48.31,+0.67%,--,12,57972,买盘
13:27:17,48.28,+0.60%,-0.03,49,236572,卖盘
13:27:20,48.28,+0.60%,--,4,19312,卖盘
13:27:23,48.28,+0.60%,--,3,14484,卖盘
13:27:26,48.25,+0.54%,-0.03,12,57900,卖盘
13:27:29,48.24,+0.52%,-0.01,31,149544,卖盘
13:27:32,48.2,+0.44%,-0.04,4,19280,卖盘
13:27:35,48.27,+0.58%,+0.07,29,139983,买盘
13:27:38,48.24,+0.52%,-0.03,1,4824,卖盘
13:27:41,48.24,+0.52%,--,5,24120,卖盘
13:27:44,48.24,+0.52%,--,4,19296,卖盘
13:27:47,48.24,+0.52%,--,3,14472,卖盘
13:27:50,48.2,+0.44%,-0.04,11,53020,卖盘
13:27:53,48.19,+0.42%,-0.01,9,43371,卖盘
13:27:56,48.2,+0.44%,+0.01,25,120500,买盘
13:27:59,48.2,+0.44%,--,2,9640,卖盘
13:28:02,48.2,+0.44%,--,8,38560,卖盘
13:28:08,48.2,+0.44%,--,6,28920,卖盘
13:28:11,48.19,+0.42%,-0.01,21,101199,卖盘
13:28:14,48.19,+0.42%,--,34,163846,买盘
13:28:17,48.19,+0.42%,--,2,9638,买盘
13:28:20,48.18,+0.40%,-0.01,20,96360,卖盘
13:28:23,48.16,+0.35%,-0.02,2,9632,卖盘
13:28:26,48.16,+0.35%,--,8,38528,卖盘
13:28:32,48.16,+0.35%,--,1,4816,中性盘
13:28:32,48.16,+0.35%,--,1,4816,卖盘
13:28:35,48.17,+0.38%,+0.01,17,81889,买盘
13:28:41,48.16,+0.35%,--,4,19264,卖盘
13:28:44,48.18,+0.40%,+0.02,44,211992,买盘
13:28:47,48.16,+0.35%,-0.02,14,67424,卖盘
13:28:50,48.17,+0.38%,+0.01,4,19268,中性盘
13:29:02,48.17,+0.38%,--,8,38536,卖盘
13:29:05,48.17,+0.38%,--,1,4817,卖盘
13:29:08,48.16,+0.35%,-0.01,2,9632,卖盘
13:29:11,48.18,+0.40%,+0.02,39,187902,买盘
13:29:14,48.17,+0.38%,-0.01,11,52987,中性盘
13:29:17,48.18,+0.40%,+0.01,3,14454,买盘
13:29:20,48.17,+0.38%,-0.01,1,4817,卖盘
13:29:23,48.18,+0.40%,+0.01,4,19272,买盘
13:29:26,48.2,+0.44%,+0.02,35,168700,买盘
13:29:29,48.17,+0.38%,-0.03,4,19268,卖盘
13:29:32,48.17,+0.38%,--,4,19268,卖盘
13:29:35,48.18,+0.40%,+0.01,8,38544,买盘
13:29:38,48.18,+0.40%,--,1,4818,卖盘
13:29:41,48.2,+0.44%,+0.02,7,33740,买盘
13:29:44,48.18,+0.40%,-0.02,2,9636,卖盘
13:29:47,48.17,+0.38%,-0.01,45,216765,卖盘
13:29:50,48.17,+0.38%,--,18,86706,买盘
13:29:53,48.16,+0.35%,-0.01,11,52976,卖盘
13:29:56,48.16,+0.35%,--,51,245616,卖盘
13:29:59,48.16,+0.35%,--,5,24080,卖盘
13:30:02,48.2,+0.44%,+0.04,73,351860,买盘
13:30:05,48.24,+0.52%,+0.04,3,14472,买盘
13:30:08,48.2,+0.44%,-0.04,40,192800,卖盘
13:30:11,48.18,+0.40%,-0.02,4,19272,卖盘
13:30:14,48.2,+0.44%,+0.02,4,19280,买盘
13:30:17,48.2,+0.44%,--,1,4820,买盘
13:30:20,48.26,+0.56%,+0.06,1,4826,买盘
13:30:23,48.27,+0.58%,+0.01,18,86886,买盘
13:30:26,48.28,+0.60%,+0.01,22,106216,买盘
13:30:29,48.28,+0.60%,--,3,14484,买盘
13:30:32,48.29,+0.63%,+0.01,6,28974,买盘
13:30:35,48.28,+0.60%,-0.01,4,19312,卖盘
13:30:38,48.35,+0.75%,+0.07,9,43515,买盘
13:30:41,48.28,+0.60%,-0.07,26,125528,卖盘
13:30:44,48.33,+0.71%,+0.05,14,67662,买盘
13:30:47,48.3,+0.65%,-0.03,2,9660,卖盘
13:30:50,48.23,+0.50%,-0.07,73,352079,卖盘
13:30:53,48.29,+0.63%,+0.06,73,352517,买盘
13:30:56,48.29,+0.63%,--,1,4829,中性盘
13:30:59,48.28,+0.60%,-0.01,7,33796,中性盘
13:31:02,48.28,+0.60%,--,2,9656,卖盘
13:31:05,48.29,+0.63%,+0.01,5,24145,买盘
13:31:11,48.3,+0.65%,+0.01,27,130410,买盘
13:31:14,48.3,+0.65%,--,0,0,买盘
13:31:17,48.29,+0.63%,-0.01,3,14487,卖盘
13:31:20,48.29,+0.63%,--,0,0,买盘
13:31:23,48.27,+0.58%,-0.02,34,164118,卖盘
13:31:26,48.25,+0.54%,-0.02,41,197825,卖盘
13:31:32,48.25,+0.54%,--,5,24125,卖盘
13:31:35,48.25,+0.54%,--,1,4825,卖盘
13:31:38,48.25,+0.54%,--,15,72375,卖盘
13:31:41,48.27,+0.58%,+0.02,1,4827,买盘
13:31:47,48.28,+0.60%,+0.01,31,149668,买盘
13:31:47,48.28,+0.60%,--,31,149668,中性盘
13:31:50,48.28,+0.60%,--,5,24140,买盘
13:31:56,48.3,+0.65%,+0.02,30,144900,买盘
13:32:02,48.27,+0.58%,--,2,9654,卖盘
13:32:05,48.3,+0.65%,+0.03,7,33810,买盘
13:32:08,48.32,+0.69%,+0.02,9,43488,卖盘
13:32:11,48.32,+0.69%,--,23,111136,卖盘
13:32:14,48.32,+0.69%,--,1,4832,买盘
13:32:17,48.32,+0.69%,--,15,72480,买盘
13:32:20,48.27,+0.58%,-0.05,3,14481,中性盘
13:32:23,48.32,+0.69%,+0.05,28,135296,买盘
13:32:29,48.28,+0.60%,-0.04,1,4828,卖盘
13:32:32,48.32,+0.69%,+0.04,2,9664,买盘
13:32:35,48.26,+0.56%,-0.06,26,125476,卖盘
13:32:38,48.32,+0.69%,+0.06,1,4832,买盘
13:32:44,48.32,+0.69%,--,5,24160,买盘
13:32:47,48.34,+0.73%,+0.02,17,82178,买盘
13:32:53,48.35,+0.75%,+0.01,29,140215,买盘
13:32:56,48.34,+0.73%,-0.01,7,33838,中性盘
13:33:02,48.35,+0.75%,+0.01,4,19340,买盘
13:33:05,48.35,+0.75%,--,19,91865,买盘
13:33:11,48.28,+0.60%,-0.07,3,14484,卖盘
13:33:14,48.28,+0.60%,--,15,72420,卖盘
13:33:17,48.35,+0.75%,+0.07,17,82195,买盘
13:33:20,48.27,+0.58%,-0.08,6,28962,卖盘
13:33:26,48.28,+0.60%,+0.01,2,9656,卖盘
13:33:29,48.28,+0.60%,--,29,140012,卖盘
13:33:32,48.28,+0.60%,--,0,0,卖盘
13:33:35,48.36,+0.77%,+0.08,2,9672,买盘
13:33:38,48.35,+0.75%,-0.01,4,19340,卖盘
13:33:41,48.35,+0.75%,--,13,62855,卖盘
13:33:47,48.39,+0.83%,+0.04,22,106458,买盘
13:33:50,48.39,+0.83%,--,0,0,买盘
13:33:53,48.35,+0.75%,-0.04,15,72525,卖盘
13:33:56,48.37,+0.79%,+0.02,5,24185,中性盘
13:33:59,48.37,+0.79%,--,5,24185,买盘
13:34:02,48.36,+0.77%,-0.01,2,9672,卖盘
13:34:05,48.39,+0.83%,+0.03,32,154848,买盘
13:34:08,48.4,+0.85%,+0.01,23,111320,买盘
13:34:17,48.39,+0.83%,-0.01,10,48390,买盘
13:34:23,48.39,+0.83%,--,6,29034,卖盘
13:34:26,48.39,+0.83%,--,3,14517,卖盘
13:34:29,48.4,+0.85%,+0.01,22,106480,买盘
13:34:38,48.4,+0.85%,--,6,29040,卖盘
13:34:41,48.4,+0.85%,--,0,0,卖盘
13:34:44,48.42,+0.90%,+0.02,3,14526,买盘
13:34:50,48.42,+0.90%,--,2,9684,买盘
13:34:53,48.42,+0.90%,--,5,24210,买盘
13:34:56,48.41,+0.88%,-0.01,29,140389,卖盘
13:34:59,48.47,+1.00%,+0.06,58,281126,买盘
13:35:02,48.49,+1.04%,+0.02,130,630370,买盘
13:35:02,48.49,+1.04%,-0.09,130,630370,中性盘
13:35:05,48.4,+0.85%,-0.09,11,53240,卖盘
13:35:08,48.53,+1.13%,+0.13,110,533830,买盘
13:35:11,48.52,+1.10%,-0.01,7,33964,卖盘
13:35:14,48.52,+1.10%,--,7,33964,卖盘
13:35:17,48.54,+1.15%,+0.02,1,4854,买盘
13:35:20,48.47,+1.00%,-0.07,139,673733,卖盘
13:35:23,48.5,+1.06%,+0.03,26,126100,买盘
13:35:26,48.42,+0.90%,-0.08,6,29052,卖盘
13:35:29,48.47,+1.00%,+0.05,32,155104,买盘
13:35:32,48.47,+1.00%,--,19,92093,卖盘
13:35:35,48.4,+0.85%,-0.07,13,62920,卖盘
13:35:38,48.4,+0.85%,--,1,4840,中性盘
13:35:41,48.41,+0.88%,+0.01,97,469577,卖盘
13:35:44,48.42,+0.90%,+0.01,29,140418,买盘
13:35:47,48.42,+0.90%,--,4,19368,买盘
13:35:50,48.41,+0.88%,-0.01,7,33887,卖盘
13:35:53,48.42,+0.90%,+0.01,2,9684,中性盘
13:35:56,48.45,+0.96%,+0.03,6,29070,买盘
13:35:59,48.45,+0.96%,--,0,0,中性盘
13:36:02,48.42,+0.90%,-0.03,10,48420,卖盘
13:36:05,48.4,+0.85%,-0.02,21,101640,卖盘
13:36:08,48.38,+0.81%,-0.02,5,24190,卖盘
13:36:11,48.37,+0.79%,-0.01,12,58044,卖盘
13:36:14,48.35,+0.75%,-0.02,12,58020,卖盘
13:36:17,48.35,+0.75%,--,14,67690,卖盘
13:36:20,48.3,+0.65%,-0.05,1,4830,卖盘
13:36:23,48.3,+0.65%,--,10,48300,卖盘
13:36:26,48.3,+0.65%,--,12,57960,买盘
13:36:29,48.26,+0.56%,-0.04,10,48260,卖盘
13:36:32,48.27,+0.58%,+0.01,11,53097,中性盘
13:36:35,48.27,+0.58%,--,0,0,中性盘
13:36:38,48.27,+0.58%,--,5,24135,买盘
13:36:44,48.3,+0.65%,+0.03,21,101430,买盘
13:36:47,48.26,+0.56%,-0.04,4,19304,卖盘
13:36:50,48.27,+0.58%,+0.01,3,14481,买盘
13:36:53,48.26,+0.56%,-0.01,11,53086,卖盘
13:36:56,48.26,+0.56%,--,3,14478,卖盘
13:36:59,48.26,+0.56%,--,7,33782,卖盘
13:37:02,48.26,+0.56%,--,2,9652,卖盘
13:37:05,48.26,+0.56%,--,29,139954,卖盘
13:37:08,48.32,+0.69%,+0.06,7,33824,卖盘
13:37:17,48.33,+0.71%,+0.01,4,19332,买盘
13:37:26,48.33,+0.71%,--,6,28998,卖盘
13:37:29,48.33,+0.71%,--,1,4833,中性盘
13:37:32,48.34,+0.73%,+0.01,3,14502,买盘
13:37:35,48.34,+0.73%,--,0,0,中性盘
13:37:38,48.32,+0.69%,-0.02,3,14496,卖盘
13:37:41,48.35,+0.75%,+0.03,9,43515,买盘
13:37:50,48.35,+0.75%,--,0,0,买盘
13:37:53,48.33,+0.71%,-0.02,7,33831,卖盘
13:37:56,48.33,+0.71%,--,1,4833,卖盘
13:37:59,48.32,+0.69%,-0.01,17,82144,卖盘
13:38:02,48.32,+0.69%,--,9,43488,买盘
13:38:11,48.34,+0.73%,+0.02,8,38672,买盘
13:38:14,48.34,+0.73%,--,1,4834,卖盘
13:38:17,48.34,+0.73%,--,3,14502,买盘
13:38:20,48.32,+0.69%,--,1,4832,中性盘
13:38:20,48.32,+0.69%,--,1,4832,卖盘
13:38:26,48.34,+0.73%,+0.02,5,24170,买盘
13:38:29,48.32,+0.69%,-0.02,1,4832,卖盘
13:38:35,48.33,+0.71%,+0.01,2,9666,卖盘
13:38:44,48.34,+0.73%,+0.01,2,9668,中性盘
13:38:47,48.35,+0.75%,+0.01,6,29010,买盘
13:38:50,48.35,+0.75%,--,7,33845,卖盘
13:38:53,48.35,+0.75%,--,11,53185,买盘
13:38:56,48.38,+0.81%,+0.03,9,43542,买盘
13:39:02,48.4,+0.85%,+0.02,8,38720,买盘
13:39:05,48.4,+0.85%,--,8,38720,买盘
13:39:14,48.4,+0.85%,--,0,0,买盘
13:39:17,48.35,+0.75%,-0.05,3,14505,卖盘
13:39:20,48.35,+0.75%,--,4,19340,买盘
13:39:26,48.35,+0.75%,--,8,38680,买盘
13:39:29,48.35,+0.75%,--,0,0,中性盘
13:39:32,48.35,+0.75%,--,2,9670,卖盘
13:39:35,48.34,+0.73%,-0.01,6,29004,卖盘
13:39:38,48.33,+0.71%,-0.01,9,43497,卖盘
13:39:41,48.3,+0.65%,-0.03,88,425040,卖盘
13:39:44,48.35,+0.75%,+0.05,69,333615,买盘
13:39:47,48.3,+0.65%,-0.05,8,38640,卖盘
13:39:50,48.27,+0.58%,-0.03,6,28962,卖盘
13:39:53,48.3,+0.65%,+0.03,6,28980,买盘
13:39:56,48.27,+0.58%,-0.03,8,38616,卖盘
13:39:59,48.27,+0.58%,--,6,28962,卖盘
13:40:02,48.33,+0.71%,+0.06,2,9666,中性盘
13:40:05,48.27,+0.58%,-0.06,4,19308,卖盘
13:40:08,48.33,+0.71%,+0.06,4,19332,买盘
13:40:11,48.33,+0.71%,--,3,14499,买盘
13:40:14,48.37,+0.79%,+0.04,18,87066,买盘
13:40:17,48.29,+0.63%,-0.08,46,222134,卖盘
13:40:20,48.38,+0.81%,+0.09,31,149978,卖盘
13:40:23,48.38,+0.81%,--,19,91922,买盘
13:40:26,48.38,+0.81%,--,38,183844,买盘
13:40:29,48.38,+0.81%,--,10,48380,买盘
13:40:32,48.39,+0.83%,+0.01,35,169365,买盘
13:40:35,48.35,+0.75%,-0.04,5,24175,中性盘
13:40:38,48.35,+0.75%,--,7,33845,中性盘
13:40:44,48.4,+0.85%,+0.05,16,77440,买盘
13:40:47,48.4,+0.85%,--,1,4840,买盘
13:40:50,48.4,+0.85%,--,23,111320,卖盘
13:40:53,48.4,+0.85%,--,1,4840,卖盘
13:40:56,48.4,+0.85%,--,0,0,中性盘
13:40:59,48.41,+0.88%,+0.01,25,121025,买盘
13:41:02,48.47,+1.00%,+0.06,32,155104,买盘
13:41:05,48.46,+0.98%,-0.01,1,4846,中性盘
13:41:08,48.43,+0.92%,-0.03,8,38744,卖盘
13:41:11,48.43,+0.92%,--,8,38744,卖盘
13:41:14,48.43,+0.92%,--,6,29058,买盘
13:41:17,48.41,+0.88%,-0.02,1,4841,卖盘
13:41:20,48.41,+0.88%,--,15,72615,卖盘
13:41:23,48.37,+0.79%,-0.04,2,9674,卖盘
13:41:26,48.37,+0.79%,--,5,24185,卖盘
13:41:29,48.41,+0.88%,+0.04,25,121025,买盘
13:41:32,48.35,+0.75%,-0.06,7,33845,卖盘
13:41:35,48.36,+0.77%,+0.01,17,82212,买盘
13:41:35,48.36,+0.77%,-0.01,17,82212,中性盘
13:41:38,48.35,+0.75%,-0.01,15,72525,卖盘
13:41:41,48.35,+0.75%,--,0,0,卖盘
13:41:44,48.41,+0.88%,+0.06,5,24205,买盘
13:41:47,48.43,+0.92%,+0.02,4,19372,买盘
13:41:50,48.43,+0.92%,--,5,24215,买盘
13:41:53,48.43,+0.92%,--,5,24215,卖盘
13:41:56,48.43,+0.92%,--,51,246993,卖盘
13:41:59,48.44,+0.94%,+0.01,17,82348,卖盘
13:42:02,48.45,+0.96%,+0.01,3,14535,中性盘
13:42:05,48.5,+1.06%,+0.05,122,591700,买盘
13:42:11,48.47,+1.00%,-0.02,15,72705,卖盘
13:42:14,48.5,+1.06%,+0.03,50,242500,买盘
13:42:17,48.51,+1.08%,+0.01,41,198891,买盘
13:42:20,48.49,+1.04%,-0.02,10,48490,卖盘
13:42:23,48.52,+1.10%,+0.03,10,48520,买盘
13:42:26,48.51,+1.08%,-0.01,11,53361,卖盘
13:42:29,48.51,+1.08%,--,11,53361,买盘
13:42:32,48.51,+1.08%,--,5,24255,买盘
13:42:35,48.51,+1.08%,--,8,38808,买盘
13:42:38,48.51,+1.08%,--,12,58212,卖盘
13:42:44,48.53,+1.13%,+0.02,10,48530,买盘
13:42:47,48.53,+1.13%,--,17,82501,中性盘
13:42:56,48.55,+1.17%,--,19,92245,中性盘
13:42:59,48.56,+1.19%,+0.01,9,43704,买盘
13:43:02,48.56,+1.19%,--,15,72840,买盘
13:43:05,48.58,+1.23%,+0.02,59,286622,买盘
13:43:08,48.58,+1.23%,--,3,14574,卖盘
13:43:11,48.6,+1.27%,+0.02,6,29160,买盘
13:43:14,48.6,+1.27%,--,41,199260,买盘
13:43:17,48.58,+1.23%,-0.02,60,291480,卖盘
13:43:20,48.62,+1.31%,+0.04,17,82654,买盘
13:43:23,48.63,+1.33%,+0.01,10,48630,卖盘
13:43:26,48.66,+1.40%,+0.03,12,58392,买盘
13:43:29,48.63,+1.33%,-0.03,5,24315,卖盘
13:43:35,48.66,+1.40%,+0.03,6,29196,买盘
13:43:38,48.66,+1.40%,--,21,102186,买盘
13:43:41,48.66,+1.40%,--,30,145980,买盘
13:43:44,48.66,+1.40%,--,51,248166,买盘
13:43:47,48.66,+1.40%,--,47,228702,买盘
13:43:50,48.65,+1.38%,-0.01,8,38920,中性盘
13:43:53,48.59,+1.25%,-0.06,5,24295,卖盘
13:43:56,48.59,+1.25%,--,49,238091,中性盘
13:43:59,48.59,+1.25%,--,3,14577,卖盘
13:44:02,48.59,+1.25%,--,5,24295,卖盘
13:44:05,48.59,+1.25%,--,6,29154,卖盘
13:44:08,48.6,+1.27%,+0.01,3,14580,买盘
13:44:11,48.59,+1.25%,-0.01,15,72885,卖盘
13:44:14,48.57,+1.21%,-0.02,2,9714,卖盘
13:44:17,48.58,+1.23%,+0.01,8,38864,买盘
13:44:20,48.57,+1.21%,-0.01,4,19428,买盘
13:44:23,48.56,+1.19%,-0.01,3,14568,卖盘
13:44:26,48.57,+1.21%,+0.01,12,58284,买盘
13:44:32,48.56,+1.19%,--,23,111688,卖盘
13:44:38,48.56,+1.19%,--,7,33992,买盘
13:44:41,48.5,+1.06%,-0.06,1,4850,卖盘
13:44:44,48.56,+1.19%,+0.06,36,174816,买盘
13:44:47,48.55,+1.17%,-0.01,4,19420,中性盘
13:44:50,48.51,+1.08%,-0.04,3,14553,卖盘
13:44:50,48.51,+1.08%,--,3,14553,中性盘
13:44:53,48.51,+1.08%,--,1,4851,卖盘
13:44:56,48.51,+1.08%,--,26,126126,卖盘
13:44:59,48.51,+1.08%,--,4,19404,卖盘
13:45:05,48.51,+1.08%,--,3,14553,买盘
13:45:08,48.53,+1.13%,+0.02,1,4853,买盘
13:45:14,48.54,+1.15%,+0.01,6,29124,买盘
13:45:17,48.53,+1.13%,-0.01,4,19412,卖盘
13:45:20,48.53,+1.13%,--,8,38824,卖盘
13:45:23,48.53,+1.13%,--,14,67942,卖盘
13:45:26,48.54,+1.15%,+0.01,28,135912,买盘
13:45:32,48.56,+1.19%,--,0,0,买盘
13:45:35,48.53,+1.13%,-0.03,14,67942,卖盘
13:45:38,48.56,+1.19%,+0.03,22,106832,买盘
13:45:41,48.56,+1.19%,--,12,58272,买盘
13:45:44,48.54,+1.15%,-0.02,1,4854,卖盘
13:45:47,48.54,+1.15%,--,8,38832,卖盘
13:45:50,48.54,+1.15%,--,44,213576,卖盘
13:45:53,48.56,+1.19%,+0.02,6,29136,买盘
13:45:56,48.56,+1.19%,--,32,155392,买盘
13:45:59,48.54,+1.15%,-0.02,6,29124,卖盘
13:46:08,48.54,+1.15%,--,3,14562,卖盘
13:46:11,48.53,+1.13%,-0.01,13,63089,卖盘
13:46:14,48.53,+1.13%,--,28,135884,卖盘
13:46:20,48.54,+1.15%,+0.01,4,19416,买盘
13:46:23,48.51,+1.08%,-0.03,6,29106,中性盘
13:46:26,48.53,+1.13%,+0.02,51,247503,买盘
13:46:32,48.51,+1.08%,-0.02,3,14553,买盘
13:46:35,48.51,+1.08%,--,2,9702,买盘
13:46:38,48.49,+1.04%,-0.02,29,140621,卖盘
13:46:44,48.5,+1.06%,+0.01,56,271600,买盘
13:46:47,48.48,+1.02%,-0.02,18,87264,卖盘
13:46:53,48.48,+1.02%,--,5,24240,卖盘
13:46:56,48.48,+1.02%,--,6,29088,卖盘
13:47:02,48.46,+0.98%,-0.02,1,4846,卖盘
13:47:05,48.48,+1.02%,+0.02,18,87264,买盘
13:47:08,48.48,+1.02%,--,4,19392,买盘
13:47:11,48.48,+1.02%,--,0,0,买盘
13:47:14,48.42,+0.90%,-0.06,16,77472,卖盘
13:47:17,48.42,+0.90%,--,53,256626,买盘
13:47:20,48.48,+1.02%,+0.06,14,67872,买盘
13:47:23,48.45,+0.96%,-0.03,47,227715,卖盘
13:47:26,48.45,+0.96%,--,1,4845,卖盘
13:47:29,48.45,+0.96%,--,2,9690,卖盘
13:47:32,48.46,+0.98%,+0.01,6,29076,中性盘
13:47:35,48.45,+0.96%,-0.01,66,319770,卖盘
13:47:38,48.45,+0.96%,--,5,24225,买盘
13:47:41,48.46,+0.98%,+0.01,29,140534,买盘
13:47:44,48.51,+1.08%,+0.05,51,247401,买盘
13:47:47,48.52,+1.10%,+0.01,32,155264,买盘
13:47:50,48.52,+1.10%,--,18,87336,卖盘
13:47:53,48.52,+1.10%,--,27,131004,卖盘
13:47:56,48.56,+1.19%,+0.04,77,373912,买盘
13:48:05,48.56,+1.19%,+0.03,3,14568,买盘
13:48:08,48.58,+1.23%,+0.02,10,48580,买盘
13:48:08,48.58,+1.23%,--,10,48580,中性盘
13:48:08,48.58,+1.23%,--,10,48580,买盘
13:48:11,48.52,+1.10%,-0.06,9,43668,卖盘
13:48:14,48.52,+1.10%,--,38,184376,卖盘
13:48:17,48.5,+1.06%,-0.02,25,121250,卖盘
13:48:20,48.5,+1.06%,--,0,0,中性盘
13:48:23,48.46,+0.98%,-0.04,18,87228,卖盘
13:48:26,48.52,+1.10%,+0.06,27,131004,买盘
13:48:29,48.42,+0.90%,-0.1,28,135576,卖盘
13:48:32,48.42,+0.90%,--,14,67788,买盘
13:48:35,48.42,+0.90%,--,7,33894,买盘
13:48:38,48.47,+1.00%,+0.05,6,29082,买盘
13:48:41,48.41,+0.88%,-0.06,4,19364,卖盘
13:48:44,48.47,+1.00%,+0.06,9,43623,买盘
13:48:47,48.47,+1.00%,--,17,82399,买盘
13:48:50,48.41,+0.88%,-0.06,24,116184,卖盘
13:48:53,48.47,+1.00%,+0.06,1,4847,买盘
13:48:56,48.5,+1.06%,+0.03,4,19400,买盘
13:48:59,48.48,+1.02%,-0.02,6,29088,买盘
13:49:02,48.48,+1.02%,--,1,4848,卖盘
13:49:05,48.48,+1.02%,--,21,101808,卖盘
13:49:08,48.47,+1.00%,-0.01,10,48470,卖盘
13:49:17,48.42,+0.90%,-0.05,56,271152,卖盘
13:49:20,48.47,+1.00%,+0.05,6,29082,中性盘
13:49:23,48.46,+0.98%,-0.01,1,4846,买盘
13:49:26,48.43,+0.92%,-0.03,16,77488,中性盘
13:49:29,48.42,+0.90%,-0.01,3,14526,卖盘
13:49:32,48.42,+0.90%,--,11,53262,卖盘
13:49:35,48.43,+0.92%,+0.01,61,295423,买盘
13:49:38,48.42,+0.90%,-0.01,2,9684,卖盘
13:49:41,48.42,+0.90%,--,3,14526,卖盘
13:49:44,48.42,+0.90%,--,8,38736,卖盘
13:49:47,48.42,+0.90%,--,2,9684,卖盘
13:49:50,48.42,+0.90%,--,9,43578,卖盘
13:49:53,48.43,+0.92%,+0.01,23,111389,买盘
13:49:56,48.41,+0.88%,-0.02,21,101661,卖盘
13:50:02,48.41,+0.88%,--,7,33887,卖盘
13:50:05,48.41,+0.88%,--,34,164594,卖盘
13:50:08,48.43,+0.92%,+0.02,133,644119,买盘
13:50:11,48.42,+0.90%,-0.01,29,140418,卖盘
13:50:17,48.42,+0.90%,--,4,19368,卖盘
13:50:20,48.43,+0.92%,+0.01,4,19372,卖盘
13:50:23,48.43,+0.92%,--,6,29058,卖盘
13:50:26,48.46,+0.98%,+0.03,9,43614,中性盘
13:50:32,48.43,+0.92%,-0.03,2,9686,买盘
13:50:35,48.43,+0.92%,--,3,14529,买盘
13:50:38,48.43,+0.92%,--,10,48430,买盘
13:50:41,48.42,+0.90%,-0.01,10,48420,卖盘
13:50:44,48.43,+0.92%,+0.01,4,19372,买盘
13:50:47,48.44,+0.94%,+0.01,3,14532,中性盘
13:50:50,48.43,+0.92%,-0.01,9,43587,卖盘
13:50:56,48.44,+0.94%,+0.01,39,188916,卖盘
13:50:59,48.44,+0.94%,--,2,9688,卖盘
13:51:05,48.43,+0.92%,-0.01,16,77488,卖盘
13:51:08,48.46,+0.98%,+0.03,1,4846,买盘
13:51:11,48.45,+0.96%,-0.01,1,4845,买盘
13:51:14,48.44,+0.94%,-0.01,24,116256,卖盘
13:51:17,48.45,+0.96%,+0.01,1,4845,中性盘
13:51:20,48.47,+1.00%,+0.02,4,19388,买盘
13:51:23,48.49,+1.04%,+0.02,50,242450,买盘
13:51:23,48.49,+1.04%,--,50,242450,中性盘
13:51:35,48.52,+1.10%,+0.02,58,281416,买盘
13:51:38,48.5,+1.06%,-0.02,74,358900,卖盘
13:51:41,48.56,+1.19%,+0.06,21,101976,买盘
13:51:44,48.49,+1.04%,-0.07,3,14547,卖盘
13:51:47,48.56,+1.19%,+0.07,24,116544,买盘
13:51:50,48.52,+1.10%,-0.04,7,33964,中性盘
13:51:56,48.56,+1.19%,+0.04,24,116544,买盘
13:52:02,48.52,+1.10%,-0.04,13,63076,卖盘
13:52:08,48.5,+1.06%,-0.02,2,9700,卖盘
13:52:11,48.51,+1.08%,+0.01,35,169785,中性盘
13:52:14,48.5,+1.06%,-0.01,22,106700,卖盘
13:52:17,48.54,+1.15%,+0.04,103,499962,买盘
13:52:23,48.54,+1.15%,--,8,38832,买盘
13:52:26,48.55,+1.17%,+0.01,8,38840,买盘
13:52:29,48.54,+1.15%,-0.01,1,4854,买盘
13:52:32,48.56,+1.19%,+0.02,22,106832,买盘
13:52:35,48.54,+1.15%,-0.02,20,97080,卖盘
13:52:38,48.55,+1.17%,+0.01,5,24275,买盘
13:52:41,48.55,+1.17%,--,5,24275,卖盘
13:52:44,48.55,+1.17%,--,1,4855,卖盘
13:52:50,48.55,+1.17%,-0.01,10,48550,卖盘
13:52:53,48.6,+1.27%,+0.05,35,170100,买盘
13:52:56,48.6,+1.27%,--,28,136080,买盘
13:53:02,48.6,+1.27%,--,30,145800,买盘
13:53:05,48.6,+1.27%,--,29,140940,买盘
13:53:08,48.61,+1.29%,+0.01,22,106942,买盘
13:53:11,48.66,+1.40%,+0.05,19,92454,买盘
13:53:14,48.62,+1.31%,-0.04,4,19448,卖盘
13:53:17,48.62,+1.31%,--,44,213928,卖盘
13:53:20,48.62,+1.31%,--,12,58344,买盘
13:53:23,48.62,+1.31%,--,34,165308,买盘
13:53:26,48.62,+1.31%,--,28,136136,中性盘
13:53:29,48.57,+1.21%,-0.05,33,160281,卖盘
13:53:32,48.61,+1.29%,+0.04,5,24305,买盘
13:53:35,48.61,+1.29%,--,7,34027,买盘
13:53:38,48.57,+1.21%,-0.04,16,77712,卖盘
13:53:41,48.57,+1.21%,--,5,24285,买盘
13:53:44,48.56,+1.19%,-0.01,35,169960,卖盘
13:53:47,48.56,+1.19%,--,9,43704,买盘
13:53:50,48.55,+1.17%,-0.01,37,179635,卖盘
13:53:53,48.56,+1.19%,+0.01,34,165104,中性盘
13:53:56,48.62,+1.31%,+0.06,66,320892,买盘
13:54:02,48.64,+1.35%,+0.02,3,14592,中性盘
13:54:05,48.65,+1.38%,+0.01,41,199465,买盘
13:54:08,48.63,+1.33%,-0.02,1,4863,卖盘
13:54:11,48.62,+1.31%,-0.01,20,97240,卖盘
13:54:14,48.65,+1.38%,+0.03,1,4865,买盘
13:54:17,48.62,+1.31%,-0.03,57,277134,卖盘
13:54:20,48.62,+1.31%,--,19,92378,卖盘
13:54:26,48.62,+1.31%,-0.02,3,14586,卖盘
13:54:29,48.62,+1.31%,--,13,63206,卖盘
13:54:32,48.64,+1.35%,+0.02,9,43776,买盘
13:54:35,48.63,+1.33%,-0.01,4,19452,卖盘
13:54:38,48.66,+1.40%,+0.03,219,1065654,买盘
13:54:38,48.66,+1.40%,-0.02,219,1065654,中性盘
13:54:41,48.64,+1.35%,-0.02,11,53504,中性盘
13:54:44,48.62,+1.31%,-0.02,33,160446,卖盘
13:54:47,48.65,+1.38%,+0.03,1,4865,中性盘
13:54:53,48.66,+1.40%,+0.01,26,126516,买盘
13:54:56,48.68,+1.44%,+0.02,14,68152,买盘
13:55:02,48.68,+1.44%,--,36,175248,买盘
13:55:05,48.67,+1.42%,-0.01,1,4867,卖盘
13:55:08,48.68,+1.44%,+0.01,10,48680,买盘
13:55:11,48.68,+1.44%,--,4,19472,买盘
13:55:14,48.67,+1.42%,-0.01,96,467232,卖盘
13:55:17,48.68,+1.44%,+0.01,25,121700,卖盘
13:55:20,48.68,+1.44%,--,26,126568,买盘
13:55:23,48.66,+1.40%,-0.02,36,175176,卖盘
13:55:32,48.74,+1.56%,+0.08,7,34118,买盘
13:55:35,48.67,+1.42%,-0.07,2,9734,卖盘
13:55:38,48.66,+1.40%,-0.01,12,58392,卖盘
13:55:41,48.65,+1.38%,-0.01,25,121625,卖盘
13:55:44,48.68,+1.44%,+0.03,70,340760,买盘
13:55:50,48.66,+1.40%,-0.02,4,19464,中性盘
13:55:53,48.74,+1.56%,+0.08,18,87732,买盘
13:55:56,48.68,+1.44%,-0.06,8,38944,卖盘
13:55:59,48.68,+1.44%,--,25,121700,卖盘
13:56:02,48.75,+1.58%,+0.07,43,209625,买盘
13:56:05,48.67,+1.42%,-0.08,3,14601,卖盘
13:56:11,48.66,+1.40%,-0.02,1,4866,卖盘
13:56:14,48.68,+1.44%,+0.02,6,29208,买盘
13:56:17,48.68,+1.44%,--,0,0,中性盘
13:56:23,48.67,+1.42%,-0.01,10,48670,卖盘
13:56:26,48.74,+1.56%,+0.07,39,190086,买盘
13:56:29,48.66,+1.40%,-0.08,16,77856,卖盘
13:56:32,48.66,+1.40%,--,5,24330,买盘
13:56:35,48.65,+1.38%,-0.01,10,48650,卖盘
13:56:38,48.66,+1.40%,+0.01,3,14598,买盘
13:56:41,48.66,+1.40%,--,63,306558,买盘
13:56:44,48.65,+1.38%,-0.01,61,296765,卖盘
13:56:47,48.65,+1.38%,--,8,38920,买盘
13:56:50,48.6,+1.27%,-0.05,1,4860,卖盘
13:56:59,48.62,+1.31%,+0.02,39,189618,买盘
13:57:02,48.63,+1.33%,+0.01,9,43767,买盘
13:57:05,48.59,+1.25%,-0.04,5,24295,卖盘
13:57:11,48.59,+1.25%,--,17,82603,中性盘
13:57:14,48.56,+1.19%,-0.03,11,53416,卖盘
13:57:20,48.56,+1.19%,--,14,67984,卖盘
13:57:23,48.6,+1.27%,+0.04,18,87480,买盘
13:57:29,48.6,+1.27%,--,165,801900,买盘
13:57:35,48.6,+1.27%,--,4,19440,卖盘
13:57:38,48.6,+1.27%,--,61,296460,卖盘
13:57:41,48.63,+1.33%,+0.03,13,63219,买盘
13:57:44,48.57,+1.21%,-0.06,16,77712,卖盘
13:57:47,48.57,+1.21%,--,6,29142,买盘
13:57:50,48.56,+1.19%,-0.01,34,165104,卖盘
13:57:53,48.57,+1.21%,+0.01,11,53427,买盘
13:57:53,48.57,+1.21%,-0.01,11,53427,中性盘
13:57:59,48.56,+1.19%,-0.01,42,203952,卖盘
13:58:02,48.56,+1.19%,--,6,29136,卖盘
13:58:05,48.62,+1.31%,+0.06,24,116688,买盘
13:58:11,48.55,+1.17%,-0.07,52,252460,卖盘
13:58:14,48.55,+1.17%,--,1,4855,买盘
13:58:23,48.55,+1.17%,--,0,0,卖盘
13:58:32,48.56,+1.19%,+0.01,2,9712,卖盘
13:58:35,48.56,+1.19%,--,17,82552,卖盘
13:58:38,48.66,+1.40%,+0.1,311,1513326,买盘
13:58:41,48.63,+1.33%,-0.03,17,82671,中性盘
13:58:47,48.66,+1.40%,+0.03,30,145980,买盘
13:58:50,48.69,+1.46%,+0.03,54,262926,买盘
13:58:53,48.7,+1.48%,+0.01,95,462650,买盘
13:58:56,48.7,+1.48%,--,9,43830,买盘
13:58:59,48.73,+1.54%,+0.03,6,29238,买盘
13:59:02,48.74,+1.56%,+0.01,38,185212,买盘
13:59:05,48.74,+1.56%,--,4,19496,买盘
13:59:08,48.74,+1.56%,--,22,107228,中性盘
13:59:11,48.75,+1.58%,+0.01,70,341250,买盘
13:59:14,48.75,+1.58%,--,1,4875,卖盘
13:59:17,48.76,+1.60%,+0.01,67,326692,买盘
13:59:20,48.75,+1.58%,-0.01,11,53625,卖盘
13:59:23,48.76,+1.60%,+0.01,6,29256,买盘
13:59:26,48.76,+1.60%,--,12,58512,买盘
13:59:29,48.77,+1.63%,+0.01,27,131679,买盘
13:59:32,48.76,+1.60%,-0.01,5,24380,卖盘
13:59:35,48.78,+1.65%,+0.02,18,87804,买盘
13:59:38,48.77,+1.63%,-0.01,9,43893,中性盘
13:59:41,48.78,+1.65%,+0.01,39,190242,买盘
13:59:44,48.8,+1.69%,+0.02,150,732000,买盘
13:59:47,48.8,+1.69%,--,78,380640,买盘
13:59:50,48.82,+1.73%,+0.02,19,92758,买盘
13:59:53,48.81,+1.71%,-0.01,54,263574,卖盘
13:59:56,48.81,+1.71%,--,0,0,卖盘
13:59:59,48.86,+1.81%,+0.05,35,171010,买盘
14:00:02,48.81,+1.71%,-0.05,19,92739,卖盘
14:00:05,48.77,+1.63%,-0.04,109,531593,卖盘
14:00:08,48.7,+1.48%,-0.07,94,457780,卖盘
14:00:11,48.68,+1.44%,-0.02,20,97360,卖盘
14:00:14,48.6,+1.27%,-0.08,8,38880,卖盘
14:00:17,48.63,+1.33%,+0.03,16,77808,买盘
14:00:20,48.6,+1.27%,-0.03,2,9720,中性盘
14:00:23,48.7,+1.48%,+0.1,29,141230,买盘
14:00:29,48.66,+1.40%,-0.04,19,92454,中性盘
14:00:32,48.61,+1.29%,-0.05,33,160413,卖盘
14:00:35,48.61,+1.29%,--,0,0,中性盘
14:00:38,48.61,+1.29%,--,3,14583,中性盘
14:00:41,48.6,+1.27%,-0.01,14,68040,卖盘
14:00:44,48.64,+1.35%,+0.04,17,82688,买盘
14:00:47,48.6,+1.27%,-0.04,51,247860,卖盘
14:00:50,48.6,+1.27%,--,4,19440,买盘
14:00:53,48.6,+1.27%,--,32,155520,买盘
14:00:56,48.59,+1.25%,-0.01,5,24295,买盘
14:00:59,48.55,+1.17%,-0.04,1,4855,卖盘
14:01:02,48.55,+1.17%,--,50,242750,卖盘
14:01:05,48.6,+1.27%,+0.05,3,14774,买盘
14:01:11,48.6,+1.27%,--,1,9526,卖盘
14:01:11,48.6,+1.27%,--,1,9526,中性盘
14:01:17,48.61,+1.29%,+0.01,10,48610,买盘
14:01:20,48.6,+1.27%,-0.01,3,14580,中性盘
14:01:23,48.6,+1.27%,--,5,24494,卖盘
14:01:26,48.6,+1.27%,--,12,58320,卖盘
14:01:29,48.58,+1.23%,-0.02,21,106682,卖盘
14:01:32,48.6,+1.27%,+0.02,29,140940,买盘
14:01:35,48.56,+1.19%,-0.04,2,9712,卖盘
14:01:38,48.57,+1.21%,+0.01,5,24285,中性盘
14:01:41,48.58,+1.23%,+0.01,3,14574,中性盘
14:01:44,48.58,+1.23%,--,87,422646,卖盘
14:01:47,48.6,+1.27%,+0.02,23,111780,买盘
14:01:50,48.6,+1.27%,--,18,87480,买盘
14:01:53,48.6,+1.27%,--,16,77760,买盘
14:01:59,48.61,+1.29%,-0.01,30,145830,中性盘
14:02:02,48.68,+1.44%,+0.07,4,19472,买盘
14:02:05,48.65,+1.38%,-0.03,6,29190,卖盘
14:02:08,48.62,+1.31%,-0.03,28,136136,卖盘
14:02:14,48.65,+1.38%,+0.03,11,53515,买盘
14:02:17,48.61,+1.29%,-0.04,1,4861,卖盘
14:02:20,48.63,+1.33%,+0.02,3,14589,中性盘
14:02:23,48.61,+1.29%,-0.02,41,199301,中性盘
14:02:26,48.64,+1.35%,+0.03,3,14592,中性盘
14:02:29,48.68,+1.44%,+0.04,44,214192,买盘
14:02:32,48.8,+1.69%,+0.12,102,497760,买盘
14:02:38,48.79,+1.67%,-0.01,40,195160,买盘
14:02:41,48.79,+1.67%,--,0,0,中性盘
14:02:44,48.68,+1.44%,-0.11,25,121700,卖盘
14:02:47,48.66,+1.40%,-0.02,2,9732,卖盘
14:02:50,48.68,+1.44%,+0.02,48,233664,买盘
14:02:53,48.68,+1.44%,--,1,4868,买盘
14:02:59,48.68,+1.44%,--,27,131436,买盘
14:03:02,48.66,+1.40%,-0.02,9,43794,卖盘
14:03:05,48.65,+1.38%,-0.01,47,228655,卖盘
14:03:08,48.64,+1.35%,-0.01,37,179968,卖盘
14:03:11,48.64,+1.35%,--,2,9728,买盘
14:03:14,48.64,+1.35%,--,1,4864,买盘
14:03:17,48.65,+1.38%,+0.01,38,184870,买盘
14:03:26,48.66,+1.40%,+0.01,35,170310,买盘
14:03:29,48.65,+1.38%,-0.01,5,24325,卖盘
14:03:32,48.66,+1.40%,+0.01,23,111918,买盘
14:03:35,48.66,+1.40%,--,3,14598,卖盘
14:03:38,48.66,+1.40%,--,7,34062,卖盘
14:03:47,48.66,+1.40%,--,6,29196,卖盘
14:03:50,48.68,+1.44%,+0.02,21,102228,买盘
14:03:53,48.67,+1.42%,-0.01,24,116808,卖盘
14:03:59,48.68,+1.44%,+0.01,13,63284,买盘
14:04:05,48.68,+1.44%,--,0,0,买盘
14:04:08,48.67,+1.42%,-0.01,1,4867,买盘
14:04:11,48.67,+1.42%,--,4,19468,买盘
14:04:14,48.66,+1.40%,-0.01,16,77856,卖盘
14:04:17,48.68,+1.44%,+0.02,53,258004,买盘
14:04:20,48.66,+1.40%,-0.02,24,116784,卖盘
14:04:23,48.65,+1.38%,-0.01,12,58380,卖盘
14:04:26,48.66,+1.40%,+0.01,13,63258,中性盘
14:04:26,48.66,+1.40%,--,13,63258,中性盘
14:04:29,48.66,+1.40%,--,1,4866,中性盘
14:04:32,48.66,+1.40%,--,0,0,中性盘
14:04:35,48.65,+1.38%,-0.01,4,19460,卖盘
14:04:38,48.64,+1.35%,-0.01,229,1113856,卖盘
14:04:41,48.75,+1.58%,+0.11,229,1116375,买盘
14:04:44,48.69,+1.46%,-0.06,5,24345,买盘
14:04:47,48.69,+1.46%,--,4,19476,卖盘
14:04:50,48.68,+1.44%,-0.01,2,9736,中性盘
14:04:53,48.7,+1.48%,+0.02,20,97400,买盘
14:04:56,48.68,+1.44%,-0.02,19,92492,中性盘
14:04:59,48.7,+1.48%,+0.02,3,14610,买盘
14:05:02,48.66,+1.40%,-0.04,6,29196,卖盘
14:05:05,48.66,+1.40%,--,20,97320,卖盘
14:05:08,48.66,+1.40%,--,2,9732,买盘
14:05:11,48.65,+1.38%,-0.01,15,72975,卖盘
14:05:14,48.66,+1.40%,+0.01,26,126516,卖盘
14:05:17,48.7,+1.48%,+0.04,43,209410,买盘
14:05:20,48.7,+1.48%,--,0,0,买盘
14:05:23,48.65,+1.38%,-0.05,100,486500,卖盘
14:05:26,48.61,+1.29%,-0.04,30,145830,卖盘
14:05:29,48.61,+1.29%,--,3,14583,卖盘
14:05:32,48.65,+1.38%,+0.04,8,38920,买盘
14:05:38,48.6,+1.27%,-0.05,10,48600,卖盘
14:05:41,48.62,+1.31%,+0.02,20,97240,中性盘
14:05:44,48.67,+1.42%,+0.05,20,97340,买盘
14:05:47,48.67,+1.42%,--,0,0,买盘
14:05:50,48.62,+1.31%,-0.05,1,4862,买盘
14:05:53,48.62,+1.31%,--,0,0,中性盘
14:05:56,48.65,+1.38%,+0.03,32,155680,中性盘
14:06:02,48.67,+1.42%,+0.02,7,34069,买盘
14:06:05,48.67,+1.42%,--,18,87606,买盘
14:06:11,48.67,+1.42%,--,20,97340,买盘
14:06:14,48.67,+1.42%,--,1,4867,卖盘
14:06:17,48.69,+1.46%,+0.02,9,43821,买盘
14:06:23,48.7,+1.48%,+0.01,83,404210,买盘
14:06:26,48.71,+1.50%,+0.01,8,38968,买盘
14:06:29,48.75,+1.58%,+0.04,14,68250,买盘
14:06:32,48.79,+1.67%,+0.04,44,214676,买盘
14:06:38,48.79,+1.67%,--,4,19516,买盘
14:06:41,48.79,+1.67%,--,25,121975,买盘
14:06:44,48.75,+1.58%,-0.04,10,48750,中性盘
14:06:47,48.75,+1.58%,--,2,9750,卖盘
14:06:50,48.75,+1.58%,--,34,165750,卖盘
14:06:53,48.75,+1.58%,--,30,146250,买盘
14:06:56,48.78,+1.65%,+0.03,5,24390,买盘
14:06:59,48.73,+1.54%,-0.05,7,34111,卖盘
14:07:02,48.78,+1.65%,+0.05,5,24390,买盘
14:07:08,48.78,+1.65%,--,7,34146,买盘
14:07:11,48.78,+1.65%,--,11,53658,买盘
14:07:14,48.78,+1.65%,--,3,14634,买盘
14:07:17,48.78,+1.65%,--,0,0,买盘
14:07:20,48.79,+1.67%,+0.01,12,58548,买盘
14:07:23,48.78,+1.65%,-0.01,22,107316,卖盘
14:07:26,48.78,+1.65%,--,7,34146,卖盘
14:07:29,48.8,+1.69%,+0.02,35,170800,买盘
14:07:32,48.8,+1.69%,--,20,97600,买盘
14:07:35,48.74,+1.56%,-0.06,59,287566,卖盘
14:07:38,48.73,+1.54%,-0.01,2,9746,卖盘
14:07:44,48.74,+1.56%,+0.01,2,9748,买盘
14:07:44,48.74,+1.56%,--,2,9748,中性盘
14:07:44,48.74,+1.56%,--,2,9748,买盘
14:07:47,48.74,+1.56%,--,12,58488,买盘
14:07:53,48.74,+1.56%,--,3,14622,买盘
14:07:56,48.74,+1.56%,--,13,63362,卖盘
14:07:59,48.79,+1.67%,+0.05,3,14637,买盘
14:08:02,48.74,+1.56%,-0.05,39,190086,卖盘
14:08:05,48.74,+1.56%,--,1,4874,卖盘
14:08:08,48.81,+1.71%,+0.07,20,97620,买盘
14:08:11,48.8,+1.69%,-0.01,9,43920,中性盘
14:08:14,48.74,+1.56%,-0.06,25,121850,卖盘
14:08:17,48.79,+1.67%,+0.05,1,4879,买盘
14:08:23,48.75,+1.58%,-0.04,25,121875,买盘
14:08:26,48.74,+1.56%,-0.01,16,77984,卖盘
14:08:29,48.73,+1.54%,-0.01,34,165682,卖盘
14:08:32,48.75,+1.58%,+0.02,26,126750,买盘
14:08:35,48.71,+1.50%,-0.04,28,136388,卖盘
14:08:38,48.73,+1.54%,+0.02,8,38984,买盘
14:08:41,48.7,+1.48%,-0.03,30,146100,卖盘
14:08:44,48.75,+1.58%,+0.05,20,97500,买盘
14:08:47,48.74,+1.56%,-0.01,9,43866,中性盘
14:08:53,48.75,+1.58%,+0.01,44,214500,买盘
14:08:56,48.74,+1.56%,-0.01,23,112102,中性盘
14:09:02,48.74,+1.56%,--,11,53614,买盘
14:09:05,48.72,+1.52%,-0.02,3,14616,中性盘
14:09:08,48.74,+1.56%,+0.02,37,180338,买盘
14:09:11,48.72,+1.52%,-0.02,1,4872,卖盘
14:09:14,48.72,+1.52%,--,6,29232,卖盘
14:09:17,48.72,+1.52%,--,5,24360,卖盘
14:09:23,48.73,+1.54%,+0.01,8,38984,买盘
14:09:26,48.72,+1.52%,-0.01,21,102312,卖盘
14:09:29,48.73,+1.54%,+0.01,11,53603,卖盘
14:09:32,48.72,+1.52%,-0.01,17,82824,卖盘
14:09:35,48.73,+1.54%,+0.01,7,34111,买盘
14:09:38,48.73,+1.54%,--,1,4873,卖盘
14:09:44,48.73,+1.54%,--,231,1125663,卖盘
14:09:47,48.73,+1.54%,--,16,77968,买盘
14:09:50,48.73,+1.54%,--,13,63349,买盘
14:09:56,48.73,+1.54%,--,9,43857,买盘
14:09:59,48.73,+1.54%,--,4,19492,卖盘
14:10:02,48.73,+1.54%,--,3,14619,买盘
14:10:05,48.73,+1.54%,--,31,151063,买盘
14:10:08,48.72,+1.52%,-0.01,12,58464,卖盘
14:10:11,48.73,+1.54%,+0.01,5,24365,买盘
14:10:14,48.73,+1.54%,--,0,0,中性盘
14:10:17,48.72,+1.52%,-0.01,19,92568,卖盘
14:10:20,48.72,+1.52%,--,2,9744,卖盘
14:10:23,48.73,+1.54%,+0.01,10,48730,卖盘
14:10:26,48.71,+1.50%,-0.02,94,457874,卖盘
14:10:29,48.72,+1.52%,+0.01,67,326424,买盘
14:10:32,48.7,+1.48%,-0.02,4,19480,卖盘
14:10:35,48.7,+1.48%,--,0,0,卖盘
14:10:38,48.71,+1.50%,+0.01,5,24355,买盘
14:10:41,48.72,+1.52%,+0.01,13,63336,买盘
14:10:44,48.72,+1.52%,--,9,43848,买盘
14:10:47,48.73,+1.54%,+0.01,16,77968,买盘
14:10:50,48.72,+1.52%,-0.01,4,19488,中性盘
14:10:53,48.71,+1.50%,-0.01,14,68194,卖盘
14:10:56,48.74,+1.56%,+0.03,6,29244,买盘
14:10:56,48.74,+1.56%,--,6,29244,中性盘
14:11:05,48.76,+1.60%,+0.02,1,4876,买盘
14:11:08,48.76,+1.60%,--,14,68264,买盘
14:11:17,48.76,+1.60%,--,13,63388,买盘
14:11:20,48.78,+1.65%,+0.02,9,43902,买盘
14:11:26,48.77,+1.63%,-0.01,13,63401,中性盘
14:11:29,48.77,+1.63%,--,5,24385,卖盘
14:11:35,48.79,+1.67%,+0.02,7,34153,买盘
14:11:38,48.76,+1.60%,-0.03,1,4876,卖盘
14:11:41,48.79,+1.67%,+0.03,35,170765,买盘
14:11:44,48.81,+1.71%,+0.02,20,97620,买盘
14:11:47,48.8,+1.69%,-0.01,20,97600,中性盘
14:11:50,48.79,+1.67%,-0.01,8,39032,卖盘
14:11:53,48.8,+1.69%,+0.01,50,244000,买盘
14:11:56,48.8,+1.69%,--,16,78080,买盘
14:11:59,48.8,+1.69%,--,39,190320,卖盘
14:12:08,48.82,+1.73%,+0.02,25,122050,买盘
14:12:11,48.8,+1.69%,-0.02,42,204960,中性盘
14:12:17,48.8,+1.69%,--,7,34160,买盘
14:12:23,48.84,+1.77%,+0.04,28,136752,买盘
14:12:26,48.84,+1.77%,--,0,0,买盘
14:12:29,48.85,+1.79%,+0.01,22,107470,买盘
14:12:32,48.81,+1.71%,-0.04,21,102501,卖盘
14:12:35,48.81,+1.71%,--,5,24405,买盘
14:12:38,48.81,+1.71%,--,11,53691,买盘
14:12:41,48.81,+1.71%,--,18,87858,买盘
14:12:44,48.81,+1.71%,--,21,102501,买盘
14:12:47,48.81,+1.71%,--,99,483219,买盘
14:12:50,48.8,+1.69%,-0.01,23,112240,卖盘
14:12:53,48.81,+1.71%,+0.01,30,146430,买盘
14:12:56,48.81,+1.71%,--,30,146430,买盘
14:12:59,48.82,+1.73%,+0.01,53,258746,买盘
14:13:11,48.82,+1.73%,--,6,29292,买盘
14:13:14,48.82,+1.73%,--,11,53702,买盘
14:13:17,48.82,+1.73%,--,1,4882,买盘
14:13:20,48.8,+1.69%,-0.02,21,102480,卖盘
14:13:23,48.79,+1.67%,-0.01,44,214676,卖盘
14:13:26,48.8,+1.69%,+0.01,52,253760,买盘
14:13:32,48.78,+1.65%,-0.02,12,58536,卖盘
14:13:35,48.78,+1.65%,--,27,131706,卖盘
14:13:38,48.78,+1.65%,--,1,4878,卖盘
14:13:41,48.79,+1.67%,+0.01,3,14637,买盘
14:13:44,48.78,+1.65%,-0.01,6,29268,卖盘
14:13:50,48.78,+1.65%,--,17,82926,卖盘
14:13:53,48.78,+1.65%,--,15,73170,卖盘
14:13:56,48.8,+1.69%,+0.02,8,39040,买盘
14:14:05,48.8,+1.69%,+0.01,9,43920,买盘
14:14:08,48.81,+1.71%,+0.01,20,97620,买盘
14:14:11,48.8,+1.69%,-0.01,4,19520,买盘
14:14:14,48.79,+1.67%,-0.01,16,78064,中性盘
14:14:14,48.79,+1.67%,--,16,78064,中性盘
14:14:17,48.79,+1.67%,--,15,73185,买盘
14:14:20,48.79,+1.67%,--,1,4879,买盘
14:14:23,48.79,+1.67%,--,13,63427,中性盘
14:14:26,48.79,+1.67%,--,1,4879,卖盘
14:14:29,48.79,+1.67%,--,7,34153,卖盘
14:14:32,48.79,+1.67%,--,10,48790,卖盘
14:14:35,48.8,+1.69%,+0.01,20,97600,买盘
14:14:38,48.8,+1.69%,--,20,97600,中性盘
14:14:47,48.8,+1.69%,--,12,58560,卖盘
14:14:50,48.8,+1.69%,--,4,19520,卖盘
14:14:53,48.8,+1.69%,--,11,53680,卖盘
14:14:59,48.81,+1.71%,+0.01,21,102501,买盘
14:15:02,48.81,+1.71%,--,55,268455,买盘
14:15:05,48.81,+1.71%,--,2,9762,卖盘
14:15:08,48.8,+1.69%,-0.01,24,117120,卖盘
14:15:11,48.79,+1.67%,-0.01,5,24395,卖盘
14:15:14,48.8,+1.69%,+0.01,39,190320,买盘
14:15:23,48.82,+1.73%,+0.02,22,107404,买盘
14:15:26,48.8,+1.69%,-0.02,7,34160,卖盘
14:15:29,48.81,+1.71%,+0.01,9,43929,中性盘
14:15:32,48.82,+1.73%,+0.01,3,14646,买盘
14:15:35,48.82,+1.73%,--,11,53702,卖盘
14:15:38,48.82,+1.73%,--,61,297802,卖盘
14:15:41,48.85,+1.79%,+0.03,8,39080,买盘
14:15:47,48.83,+1.75%,-0.02,37,180671,卖盘
14:15:50,48.86,+1.81%,+0.03,50,244300,买盘
14:15:53,48.85,+1.79%,-0.01,2,9770,卖盘
14:15:56,48.88,+1.85%,+0.03,87,425256,买盘
14:15:59,48.88,+1.85%,--,0,0,买盘
14:16:02,48.87,+1.83%,-0.01,2,9774,卖盘
14:16:05,48.88,+1.85%,+0.01,51,249288,买盘
14:16:08,48.87,+1.83%,-0.01,4,19548,卖盘
14:16:11,48.88,+1.85%,+0.01,31,151528,买盘
14:16:14,48.87,+1.83%,-0.01,18,87966,卖盘
14:16:17,48.87,+1.83%,--,10,48870,卖盘
14:16:20,48.88,+1.85%,+0.01,72,351936,买盘
14:16:23,48.88,+1.85%,--,29,141752,买盘
14:16:26,48.85,+1.79%,-0.03,12,58620,卖盘
14:16:29,48.84,+1.77%,-0.01,66,322344,卖盘
14:16:32,48.84,+1.77%,--,21,102564,卖盘
14:16:35,48.82,+1.73%,-0.02,2,9764,卖盘
14:16:38,48.84,+1.77%,+0.02,3,14652,买盘
14:16:41,48.84,+1.77%,--,5,24420,买盘
14:16:44,48.84,+1.77%,--,20,97680,卖盘
14:16:47,48.84,+1.77%,--,4,19536,卖盘
14:16:50,48.85,+1.79%,+0.01,33,161205,买盘
14:16:53,48.86,+1.81%,+0.01,3,14658,中性盘
14:16:56,48.87,+1.83%,+0.01,23,112401,买盘
14:16:59,48.91,+1.92%,+0.04,503,2460173,买盘
14:17:02,48.86,+1.81%,-0.05,2,9772,卖盘
14:17:11,48.87,+1.83%,+0.01,5,24435,卖盘
14:17:14,48.88,+1.85%,+0.01,31,151528,中性盘
14:17:17,48.91,+1.92%,+0.03,69,337479,买盘
14:17:26,48.91,+1.92%,--,14,68474,买盘
14:17:32,48.9,+1.90%,-0.01,17,83130,卖盘
14:17:32,48.9,+1.90%,--,17,83130,中性盘
14:17:35,48.91,+1.92%,+0.01,3,14673,买盘
14:17:38,48.91,+1.92%,--,1,4891,买盘
14:17:41,48.9,+1.90%,-0.01,8,39120,卖盘
14:17:44,48.88,+1.85%,-0.02,5,24440,卖盘
14:17:50,48.9,+1.90%,+0.02,23,112470,买盘
14:17:53,48.87,+1.83%,-0.03,3,14661,卖盘
14:17:56,48.9,+1.90%,+0.03,38,185820,买盘
14:18:02,48.9,+1.90%,--,11,53790,买盘
14:18:05,48.9,+1.90%,--,29,141810,买盘
14:18:08,48.9,+1.90%,--,3,14670,买盘
14:18:11,48.88,+1.85%,-0.02,3,14664,卖盘
14:18:14,48.9,+1.90%,+0.02,6,29340,买盘
14:18:17,48.88,+1.85%,-0.02,6,29328,卖盘
14:18:20,48.88,+1.85%,--,9,43992,卖盘
14:18:23,48.88,+1.85%,--,10,48880,卖盘
14:18:26,48.88,+1.85%,--,4,19552,卖盘
14:18:29,48.86,+1.81%,-0.02,53,258958,卖盘
14:18:32,48.86,+1.81%,--,17,83062,卖盘
14:18:35,48.86,+1.81%,--,67,327362,买盘
14:18:38,48.86,+1.81%,--,14,68404,卖盘
14:18:41,48.86,+1.81%,--,0,0,中性盘
14:18:44,48.85,+1.79%,-0.01,5,24425,卖盘
14:18:47,48.87,+1.83%,+0.02,32,156384,买盘
14:18:50,48.87,+1.83%,--,2,9774,买盘
14:18:53,48.87,+1.83%,--,40,195480,买盘
14:19:02,48.87,+1.83%,--,1,4887,买盘
14:19:05,48.85,+1.79%,-0.02,42,205170,卖盘
14:19:08,48.85,+1.79%,--,4,19540,买盘
14:19:14,48.85,+1.79%,--,3,14655,买盘
14:19:17,48.83,+1.75%,-0.02,38,185554,卖盘
14:19:20,48.8,+1.69%,-0.03,40,195200,卖盘
14:19:35,48.8,+1.69%,--,10,48800,卖盘
14:19:38,48.8,+1.69%,--,1,4880,卖盘
14:19:41,48.8,+1.69%,--,2,9760,卖盘
14:19:44,48.8,+1.69%,--,8,39040,卖盘
14:19:47,48.82,+1.73%,+0.02,2,9764,买盘
14:19:50,48.8,+1.69%,-0.02,66,322080,卖盘
14:19:53,48.82,+1.73%,+0.02,10,48820,买盘
14:19:56,48.91,+1.92%,+0.09,200,978200,买盘
14:19:59,48.8,+1.69%,-0.11,2,9760,中性盘
14:20:02,48.91,+1.92%,+0.11,16,78256,买盘
14:20:05,48.8,+1.69%,-0.11,1,4880,中性盘
14:20:08,48.84,+1.77%,+0.04,10,48840,买盘
14:20:11,48.8,+1.69%,-0.04,25,122000,卖盘
14:20:14,48.9,+1.90%,+0.1,17,83130,买盘
14:20:17,48.8,+1.69%,-0.1,5,24400,卖盘
14:20:20,48.95,+2.00%,+0.15,200,979000,买盘
14:20:23,48.96,+2.02%,+0.01,3,14688,买盘
14:20:26,48.81,+1.71%,-0.15,5,24405,卖盘
14:20:29,48.88,+1.85%,+0.07,5,24440,买盘
14:20:32,48.87,+1.83%,-0.01,19,92853,中性盘
14:20:35,48.9,+1.90%,+0.03,40,195600,买盘
14:20:38,48.89,+1.88%,-0.01,12,58668,买盘
14:20:41,48.88,+1.85%,-0.01,3,14664,买盘
14:20:44,48.87,+1.83%,-0.01,17,83079,卖盘
14:20:47,48.87,+1.83%,--,23,112401,卖盘
14:20:47,48.87,+1.83%,--,23,112401,中性盘
14:20:50,48.9,+1.90%,+0.03,7,34230,买盘
14:20:53,48.87,+1.83%,-0.03,30,146610,卖盘
14:20:56,48.87,+1.83%,--,0,0,卖盘
14:20:59,48.87,+1.83%,--,2,9774,卖盘
14:21:02,48.87,+1.83%,--,35,171045,卖盘
14:21:05,48.87,+1.83%,--,6,29322,卖盘
14:21:08,48.87,+1.83%,--,5,24435,买盘
14:21:11,48.87,+1.83%,--,9,43983,买盘
14:21:14,48.87,+1.83%,--,24,117288,中性盘
14:21:17,48.89,+1.88%,+0.02,4,19556,买盘
14:21:20,48.89,+1.88%,--,0,0,卖盘
14:21:23,48.87,+1.83%,-0.02,16,78192,卖盘
14:21:26,48.9,+1.90%,+0.03,2,9780,买盘
14:21:29,48.88,+1.85%,-0.02,2,9776,卖盘
14:21:38,48.9,+1.90%,+0.02,1,4890,买盘
14:21:41,48.88,+1.85%,-0.02,14,68432,卖盘
14:21:44,48.9,+1.90%,+0.02,17,83130,买盘
14:21:50,48.89,+1.88%,-0.01,1,4889,卖盘
14:21:53,48.9,+1.90%,+0.01,39,190710,买盘
14:21:56,48.9,+1.90%,--,10,48900,买盘
14:21:59,48.9,+1.90%,--,5,24450,买盘
14:22:02,48.89,+1.88%,-0.01,5,24445,卖盘
14:22:08,48.89,+1.88%,--,3,14667,卖盘
14:22:11,48.89,+1.88%,--,2,9778,买盘
14:22:14,48.9,+1.90%,+0.01,10,48900,买盘
14:22:17,48.88,+1.85%,-0.02,37,180856,卖盘
14:22:20,48.9,+1.90%,+0.02,10,48900,买盘
14:22:23,48.9,+1.90%,--,11,53790,卖盘
14:22:26,48.89,+1.88%,-0.01,28,136892,卖盘
14:22:29,48.89,+1.88%,--,36,176004,卖盘
14:22:32,48.9,+1.90%,+0.01,14,68460,中性盘
14:22:38,48.9,+1.90%,--,13,63570,卖盘
14:22:41,48.93,+1.96%,+0.03,16,78288,买盘
14:22:44,48.94,+1.98%,+0.01,13,63622,买盘
14:22:47,48.94,+1.98%,--,0,0,买盘
14:22:50,48.95,+2.00%,+0.01,28,137060,买盘
14:22:53,48.9,+1.90%,-0.05,3,14670,卖盘
14:22:56,48.91,+1.92%,+0.01,10,48910,卖盘
14:22:59,48.94,+1.98%,+0.03,4,19576,买盘
14:23:05,48.94,+1.98%,--,1,4894,买盘
14:23:08,48.91,+1.92%,-0.03,6,29346,卖盘
14:23:11,49.0,+2.10%,+0.09,407,1994300,买盘
14:23:14,48.99,+2.08%,-0.01,23,112677,买盘
14:23:17,48.91,+1.92%,-0.08,6,29346,卖盘
14:23:20,48.96,+2.02%,+0.05,1,4896,买盘
14:23:23,49.0,+2.10%,+0.04,443,2170700,买盘
14:23:26,48.99,+2.08%,-0.01,158,774042,中性盘
14:23:29,49.0,+2.10%,+0.01,32,156800,买盘
14:23:32,48.99,+2.08%,-0.01,49,240051,中性盘
14:23:35,49.0,+2.10%,+0.01,179,877100,买盘
14:23:38,49.0,+2.10%,--,83,406700,买盘
14:23:41,49.0,+2.10%,--,46,229173,买盘
14:23:44,49.01,+2.13%,+0.01,1,4901,买盘
14:23:47,49.01,+2.13%,--,29,142129,买盘
14:23:50,49.01,+2.13%,--,17,83317,买盘
14:23:53,49.05,+2.21%,+0.04,88,431640,买盘
14:23:56,49.0,+2.10%,-0.05,10,49000,卖盘
14:23:59,49.05,+2.21%,+0.05,11,53955,买盘
14:24:02,49.05,+2.21%,--,8,39240,买盘
14:24:02,49.05,+2.21%,--,8,39240,中性盘
14:24:08,49.05,+2.21%,--,32,156960,买盘
14:24:11,49.05,+2.21%,--,15,73575,买盘
14:24:14,49.05,+2.21%,--,19,93195,买盘
14:24:17,49.05,+2.21%,--,64,313920,买盘
14:24:20,49.05,+2.21%,--,5,24525,卖盘
14:24:23,49.05,+2.21%,--,19,93195,卖盘
14:24:29,49.06,+2.23%,+0.01,9,44154,买盘
14:24:32,49.05,+2.21%,-0.01,83,407115,中性盘
14:24:35,49.06,+2.23%,+0.01,7,34538,买盘
14:24:38,49.05,+2.21%,-0.01,72,353160,卖盘
14:24:41,49.05,+2.21%,--,11,53955,卖盘
14:24:44,49.06,+2.23%,+0.01,4,19624,卖盘
14:24:47,49.05,+2.21%,-0.01,39,191295,卖盘
14:24:50,49.06,+2.23%,+0.01,10,49060,买盘
14:24:53,49.05,+2.21%,-0.01,67,328635,中性盘
14:24:56,49.05,+2.21%,--,10,53759,买盘
14:24:59,49.05,+2.21%,--,25,122625,买盘
14:25:02,49.02,+2.15%,-0.03,4,19608,卖盘
14:25:05,49.05,+2.21%,+0.03,40,196200,买盘
14:25:08,49.05,+2.21%,--,7,34531,买盘
14:25:11,49.01,+2.13%,-0.04,8,43913,卖盘
14:25:14,48.99,+2.08%,-0.02,280,1371720,卖盘
14:25:17,48.98,+2.06%,-0.01,27,132246,中性盘
14:25:20,48.99,+2.08%,+0.01,11,53889,买盘
14:25:23,48.96,+2.02%,-0.03,4,19584,卖盘
14:25:26,48.97,+2.04%,+0.01,1,4897,买盘
14:25:29,48.95,+2.00%,-0.02,13,63635,卖盘
14:25:32,48.91,+1.92%,-0.04,21,102711,卖盘
14:25:35,48.91,+1.92%,--,3,14673,卖盘
14:25:38,48.9,+1.90%,-0.01,27,132030,卖盘
14:25:41,48.91,+1.92%,+0.01,2,9782,中性盘
14:25:44,48.9,+1.90%,-0.01,3,14670,卖盘
14:25:47,48.92,+1.94%,+0.02,7,34244,买盘
14:25:50,48.9,+1.90%,-0.02,1,4890,卖盘
14:25:53,48.9,+1.90%,--,14,68460,卖盘
14:25:56,48.91,+1.92%,+0.01,17,83147,买盘
14:25:59,48.9,+1.90%,-0.01,12,58680,卖盘
14:26:02,48.9,+1.90%,--,2,9780,买盘
14:26:05,48.89,+1.88%,-0.01,10,48890,卖盘
14:26:08,48.88,+1.85%,-0.01,27,131976,卖盘
14:26:11,48.88,+1.85%,--,49,239512,卖盘
14:26:14,48.88,+1.85%,--,64,312832,卖盘
14:26:17,48.85,+1.79%,-0.03,6,29310,卖盘
14:26:20,48.87,+1.83%,+0.02,2,9774,买盘
14:26:23,48.85,+1.79%,-0.02,9,43965,卖盘
14:26:26,48.83,+1.75%,-0.02,2,9766,卖盘
14:26:29,48.8,+1.69%,-0.03,58,283040,卖盘
14:26:32,48.81,+1.71%,+0.01,4,19524,中性盘
14:26:35,48.8,+1.69%,-0.01,11,53680,卖盘
14:26:38,48.8,+1.69%,--,7,34160,卖盘
14:26:41,48.81,+1.71%,+0.01,8,39048,买盘
14:26:44,48.79,+1.67%,-0.02,6,29274,卖盘
14:26:47,48.79,+1.67%,--,23,112217,买盘
14:26:50,48.78,+1.65%,-0.01,8,39024,卖盘
14:26:53,48.77,+1.63%,-0.01,1,4877,卖盘
14:26:56,48.77,+1.63%,--,8,39016,卖盘
14:26:59,48.77,+1.63%,--,4,19508,中性盘
14:27:02,48.76,+1.60%,-0.01,11,53636,卖盘
14:27:05,48.76,+1.60%,--,55,268180,卖盘
14:27:08,48.74,+1.56%,-0.02,24,116976,卖盘
14:27:11,48.75,+1.58%,+0.01,3,14625,买盘
14:27:14,48.73,+1.54%,-0.02,12,58476,卖盘
14:27:17,48.74,+1.56%,+0.01,5,24370,买盘
14:27:20,48.71,+1.50%,-0.03,8,38968,卖盘
14:27:20,48.71,+1.50%,--,8,38968,中性盘
14:27:20,48.71,+1.50%,--,8,38968,卖盘
14:27:23,48.7,+1.48%,-0.01,14,68180,卖盘
14:27:26,48.71,+1.50%,+0.01,9,43839,卖盘
14:27:29,48.73,+1.54%,+0.02,16,77968,买盘
14:27:32,48.7,+1.48%,-0.03,22,107140,卖盘
14:27:35,48.71,+1.50%,+0.01,3,14613,买盘
14:27:38,48.7,+1.48%,-0.01,37,180190,卖盘
14:27:41,48.69,+1.46%,-0.01,47,228843,卖盘
14:27:44,48.65,+1.38%,-0.04,201,977865,卖盘
14:27:47,48.65,+1.38%,--,14,68110,买盘
14:27:50,48.6,+1.27%,-0.05,39,189540,卖盘
14:27:53,48.58,+1.23%,-0.02,43,208894,卖盘
14:27:56,48.61,+1.29%,+0.03,11,53471,买盘
14:27:59,48.58,+1.23%,-0.03,35,170030,卖盘
14:28:02,48.59,+1.25%,+0.01,4,19436,买盘
14:28:05,48.58,+1.23%,-0.01,24,116592,卖盘
14:28:08,48.57,+1.21%,-0.01,61,296277,卖盘
14:28:11,48.58,+1.23%,+0.01,9,43722,中性盘
14:28:14,48.59,+1.25%,+0.01,144,699696,中性盘
14:28:20,48.63,+1.33%,+0.05,27,131301,买盘
14:28:23,48.59,+1.25%,-0.04,15,72885,中性盘
14:28:29,48.59,+1.25%,--,19,92321,卖盘
14:28:32,48.59,+1.25%,--,1,4859,买盘
14:28:35,48.59,+1.25%,--,40,194360,卖盘
14:28:38,48.6,+1.27%,+0.01,22,106920,买盘
14:28:41,48.6,+1.27%,--,5,24300,卖盘
14:28:44,48.61,+1.29%,+0.01,52,252772,买盘
14:28:47,48.61,+1.29%,--,2,9722,卖盘
14:28:50,48.65,+1.38%,+0.04,3,14595,买盘
14:28:53,48.62,+1.31%,-0.03,4,19448,中性盘
14:28:56,48.62,+1.31%,--,4,19448,买盘
14:29:02,48.65,+1.38%,+0.03,5,24325,买盘
14:29:05,48.65,+1.38%,--,5,24325,买盘
14:29:08,48.62,+1.31%,-0.03,70,340340,卖盘
14:29:14,48.61,+1.29%,-0.01,4,19444,卖盘
14:29:17,48.62,+1.31%,+0.01,14,68068,买盘
14:29:20,48.62,+1.31%,--,11,53482,买盘
14:29:23,48.62,+1.31%,--,8,38896,卖盘
14:29:26,48.62,+1.31%,--,2,9724,中性盘
14:29:32,48.62,+1.31%,--,5,24310,卖盘
14:29:35,48.62,+1.31%,--,3,14586,卖盘
14:29:41,48.62,+1.31%,--,7,34034,卖盘
14:29:44,48.62,+1.31%,--,29,140998,卖盘
14:29:47,48.61,+1.29%,-0.01,11,53471,卖盘
14:29:50,48.61,+1.29%,--,9,43749,卖盘
14:29:53,48.62,+1.31%,+0.01,10,48620,买盘
14:29:56,48.6,+1.27%,-0.02,115,558900,卖盘
14:29:59,48.61,+1.29%,+0.01,63,306243,买盘
14:30:02,48.61,+1.29%,--,23,111803,买盘
14:30:05,48.61,+1.29%,--,65,315965,买盘
14:30:08,48.56,+1.19%,-0.05,52,252512,卖盘
14:30:11,48.55,+1.17%,-0.01,18,87390,卖盘
14:30:14,48.52,+1.10%,-0.03,65,315380,卖盘
14:30:17,48.51,+1.08%,-0.01,21,101871,卖盘
14:30:20,48.5,+1.06%,-0.01,63,305550,卖盘
14:30:23,48.49,+1.04%,-0.01,46,223054,卖盘
14:30:26,48.5,+1.06%,+0.01,35,169750,中性盘
14:30:29,48.5,+1.06%,--,16,77600,卖盘
14:30:32,48.48,+1.02%,-0.02,41,198768,卖盘
14:30:35,48.49,+1.04%,+0.01,5,24245,中性盘
14:30:35,48.49,+1.04%,-0.01,5,24245,中性盘
14:30:41,48.48,+1.02%,--,48,232704,卖盘
14:30:44,48.48,+1.02%,--,22,106656,买盘
14:30:47,48.48,+1.02%,--,10,48480,买盘
14:30:50,48.47,+1.00%,-0.01,11,53317,卖盘
14:30:53,48.47,+1.00%,--,38,184186,买盘
14:30:56,48.47,+1.00%,--,31,150257,买盘
14:30:59,48.46,+0.98%,-0.01,4,19384,卖盘
14:31:05,48.46,+0.98%,+0.01,57,276222,买盘
14:31:08,48.45,+0.96%,-0.01,56,271320,卖盘
14:31:14,48.45,+0.96%,-0.02,21,101745,卖盘
14:31:17,48.46,+0.98%,+0.01,20,96920,买盘
14:31:20,48.45,+0.96%,-0.01,12,58140,卖盘
14:31:23,48.45,+0.96%,--,19,92055,卖盘
14:31:26,48.46,+0.98%,+0.01,19,92074,中性盘
14:31:29,48.45,+0.96%,-0.01,21,101745,卖盘
14:31:32,48.47,+1.00%,+0.02,10,48470,买盘
14:31:35,48.44,+0.94%,-0.03,53,256732,卖盘
14:31:38,48.44,+0.94%,--,4,19376,卖盘
14:31:41,48.44,+0.94%,--,41,198604,买盘
14:31:44,48.45,+0.96%,+0.01,81,392445,买盘
14:31:47,48.45,+0.96%,--,6,29070,卖盘
14:31:50,48.45,+0.96%,--,3,14535,卖盘
14:31:53,48.45,+0.96%,--,12,58140,卖盘
14:31:56,48.46,+0.98%,+0.01,12,58152,买盘
14:31:59,48.45,+0.96%,-0.01,15,72675,卖盘
14:32:05,48.45,+0.96%,--,7,33915,买盘
14:32:08,48.45,+0.96%,--,24,116280,买盘
14:32:11,48.44,+0.94%,-0.01,16,77504,卖盘
14:32:14,48.44,+0.94%,--,24,116256,卖盘
14:32:17,48.46,+0.98%,+0.02,10,48460,卖盘
14:32:20,48.47,+1.00%,+0.01,2,9694,买盘
14:32:23,48.46,+0.98%,-0.01,1,4846,卖盘
14:32:26,48.45,+0.96%,-0.01,13,62985,卖盘
14:32:29,48.47,+1.00%,+0.02,26,126022,买盘
14:32:32,48.47,+1.00%,--,17,82399,卖盘
14:32:38,48.48,+1.02%,+0.01,57,276336,买盘
14:32:41,48.48,+1.02%,--,5,24240,买盘
14:32:44,48.49,+1.04%,+0.01,25,121225,买盘
14:32:47,48.47,+1.00%,-0.02,11,53317,卖盘
14:32:50,48.48,+1.02%,+0.01,21,101808,买盘
14:32:53,48.48,+1.02%,--,3,14544,买盘
14:32:56,48.49,+1.04%,+0.01,6,29094,买盘
14:33:02,48.49,+1.04%,--,7,33943,买盘
14:33:05,48.49,+1.04%,--,3,14547,买盘
14:33:08,48.49,+1.04%,--,11,53339,买盘
14:33:11,48.48,+1.02%,-0.01,11,53328,卖盘
14:33:14,48.5,+1.06%,+0.02,2,9700,买盘
14:33:17,48.49,+1.04%,-0.01,3,14547,卖盘
14:33:20,48.49,+1.04%,--,24,116376,卖盘
14:33:23,48.5,+1.06%,+0.01,20,97000,买盘
14:33:26,48.49,+1.04%,-0.01,7,33943,卖盘
14:33:32,48.51,+1.08%,+0.02,2,9702,买盘
14:33:35,48.51,+1.08%,--,2,9702,卖盘
14:33:38,48.52,+1.10%,+0.01,3,14556,买盘
14:33:41,48.51,+1.08%,-0.01,3,14553,卖盘
14:33:44,48.52,+1.10%,+0.01,8,38816,买盘
14:33:47,48.51,+1.08%,-0.01,17,82467,卖盘
14:33:50,48.51,+1.08%,--,0,0,卖盘
14:33:50,48.51,+1.08%,--,0,0,中性盘
14:33:56,48.52,+1.10%,+0.01,8,38816,卖盘
14:33:59,48.52,+1.10%,--,2,9704,卖盘
14:34:05,48.53,+1.13%,--,0,0,卖盘
14:34:08,48.55,+1.17%,+0.02,3,14565,买盘
14:34:11,48.55,+1.17%,--,38,184490,卖盘
14:34:14,48.53,+1.13%,-0.02,6,29118,卖盘
14:34:17,48.55,+1.17%,+0.02,18,87390,买盘
14:34:20,48.53,+1.13%,-0.02,52,252356,卖盘
14:34:23,48.52,+1.10%,-0.01,17,82484,卖盘
14:34:26,48.55,+1.17%,+0.03,14,67970,买盘
14:34:29,48.58,+1.23%,+0.03,27,131166,买盘
14:34:32,48.6,+1.27%,+0.02,45,218700,买盘
14:34:38,48.58,+1.23%,-0.02,2,9716,中性盘
14:34:41,48.59,+1.25%,+0.01,28,136052,买盘
14:34:44,48.59,+1.25%,--,2,9718,卖盘
14:34:50,48.55,+1.17%,-0.03,12,58260,卖盘
14:34:59,48.56,+1.19%,+0.01,5,24280,买盘
14:35:02,48.56,+1.19%,--,0,0,中性盘
14:35:05,48.57,+1.21%,+0.01,15,72855,买盘
14:35:08,48.56,+1.19%,-0.01,5,24280,卖盘
14:35:11,48.56,+1.19%,--,13,63128,买盘
14:35:14,48.56,+1.19%,--,3,14568,买盘
14:35:17,48.56,+1.19%,--,11,53416,买盘
14:35:20,48.55,+1.17%,-0.01,3,14565,卖盘
14:35:23,48.54,+1.15%,-0.01,227,1101858,卖盘
14:35:26,48.53,+1.13%,-0.01,44,213532,卖盘
14:35:29,48.52,+1.10%,-0.01,49,237748,卖盘
14:35:32,48.51,+1.08%,-0.01,55,266805,卖盘
14:35:35,48.48,+1.02%,-0.03,94,455712,卖盘
14:35:38,48.47,+1.00%,-0.01,58,281126,卖盘
14:35:41,48.46,+0.98%,-0.01,19,92074,卖盘
14:35:44,48.45,+0.96%,-0.01,73,353685,卖盘
14:35:47,48.47,+1.00%,+0.02,35,169645,买盘
14:35:50,48.45,+0.96%,-0.02,10,48450,卖盘
14:35:53,48.44,+0.94%,-0.01,4,19376,卖盘
14:35:56,48.45,+0.96%,+0.01,30,145350,买盘
14:35:59,48.46,+0.98%,+0.01,23,111458,买盘
14:36:02,48.46,+0.98%,--,24,116304,卖盘
14:36:05,48.47,+1.00%,+0.01,15,72705,买盘
14:36:08,48.46,+0.98%,-0.01,79,382834,卖盘
14:36:11,48.47,+1.00%,+0.01,58,281126,买盘
14:36:14,48.47,+1.00%,--,63,305361,买盘
14:36:17,48.47,+1.00%,--,21,101787,卖盘
14:36:20,48.47,+1.00%,--,13,63011,中性盘
14:36:23,48.47,+1.00%,--,1,4847,卖盘
14:36:26,48.48,+1.02%,+0.01,6,29088,买盘
14:36:32,48.48,+1.02%,-0.01,22,106656,卖盘
14:36:35,48.49,+1.04%,+0.01,14,67886,买盘
14:36:41,48.5,+1.06%,+0.01,5,24250,买盘
14:36:44,48.5,+1.06%,--,0,0,卖盘
14:36:50,48.51,+1.08%,+0.01,24,116424,卖盘
14:36:53,48.5,+1.06%,-0.01,98,475300,卖盘
14:36:59,48.5,+1.06%,--,4,19400,买盘
14:37:05,48.5,+1.06%,+0.01,1,4850,买盘
14:37:08,48.49,+1.04%,-0.01,23,111527,卖盘
14:37:08,48.49,+1.04%,--,23,111527,中性盘
14:37:08,48.49,+1.04%,--,23,111527,买盘
14:37:11,48.49,+1.04%,--,9,43641,买盘
14:37:14,48.49,+1.04%,--,4,19396,买盘
14:37:17,48.5,+1.06%,+0.01,23,111550,买盘
14:37:26,48.51,+1.08%,+0.01,4,19404,买盘
14:37:29,48.5,+1.06%,-0.01,26,126100,卖盘
14:37:32,48.5,+1.06%,--,12,58200,买盘
14:37:35,48.5,+1.06%,--,39,189150,买盘
14:37:38,48.5,+1.06%,--,2,9700,买盘
14:37:41,48.48,+1.02%,-0.02,9,43632,卖盘
14:37:44,48.48,+1.02%,--,2,9696,卖盘
14:37:47,48.48,+1.02%,--,12,58176,卖盘
14:37:50,48.49,+1.04%,+0.01,5,24245,买盘
14:37:53,48.48,+1.02%,-0.01,14,67872,卖盘
14:37:56,48.48,+1.02%,--,13,63024,卖盘
14:38:02,48.48,+1.02%,--,26,126048,卖盘
14:38:08,48.49,+1.04%,+0.01,3,14547,买盘
14:38:14,48.48,+1.02%,-0.01,73,353904,卖盘
14:38:17,48.48,+1.02%,--,25,121200,买盘
14:38:20,48.48,+1.02%,--,59,286032,买盘
14:38:23,48.48,+1.02%,--,26,126048,买盘
14:38:29,48.47,+1.00%,-0.01,12,58164,卖盘
14:38:32,48.47,+1.00%,--,6,29082,卖盘
14:38:35,48.47,+1.00%,--,23,111481,卖盘
14:38:38,48.47,+1.00%,--,12,58164,卖盘
14:38:41,48.48,+1.02%,+0.01,1,4848,买盘
14:38:44,48.47,+1.00%,-0.01,4,19388,卖盘
14:38:47,48.47,+1.00%,--,4,19388,卖盘
14:38:50,48.47,+1.00%,--,3,14541,卖盘
14:38:53,48.47,+1.00%,--,7,33929,卖盘
14:38:56,48.48,+1.02%,+0.01,9,43632,买盘
14:38:59,48.48,+1.02%,--,6,29088,买盘
14:39:02,48.48,+1.02%,--,17,82416,买盘
14:39:11,48.47,+1.00%,-0.01,83,402301,卖盘
14:39:17,48.47,+1.00%,--,21,101787,买盘
14:39:20,48.46,+0.98%,-0.01,25,121150,卖盘
14:39:23,48.47,+1.00%,+0.01,19,92093,买盘
14:39:26,48.47,+1.00%,--,32,155104,买盘
14:39:29,48.46,+0.98%,-0.01,41,198686,卖盘
14:39:32,48.47,+1.00%,+0.01,1,4847,买盘
14:39:35,48.46,+0.98%,-0.01,48,232608,卖盘
14:39:41,48.46,+0.98%,--,34,164764,卖盘
14:39:44,48.46,+0.98%,--,7,33922,卖盘
14:39:47,48.46,+0.98%,--,49,237454,卖盘
14:39:50,48.46,+0.98%,--,146,707516,卖盘
14:39:53,48.46,+0.98%,--,5,24230,买盘
14:39:56,48.46,+0.98%,--,25,121150,买盘
14:39:59,48.45,+0.96%,-0.01,10,48450,卖盘
14:40:02,48.45,+0.96%,--,9,43605,卖盘
14:40:05,48.45,+0.96%,--,6,29070,买盘
14:40:11,48.45,+0.96%,--,110,532950,买盘
14:40:14,48.45,+0.96%,--,0,0,买盘
14:40:17,48.42,+0.90%,-0.03,19,91998,卖盘
14:40:20,48.45,+0.96%,+0.03,32,155040,买盘
14:40:23,48.41,+0.88%,-0.04,24,116184,卖盘
14:40:23,48.41,+0.88%,--,24,116184,中性盘
14:40:26,48.45,+0.96%,+0.04,17,82365,买盘
14:40:29,48.41,+0.88%,-0.04,2,9682,卖盘
14:40:32,48.41,+0.88%,--,13,62933,卖盘
14:40:35,48.4,+0.85%,-0.01,16,77440,卖盘
14:40:38,48.4,+0.85%,--,115,556600,卖盘
14:40:41,48.41,+0.88%,+0.01,17,82297,买盘
14:40:44,48.4,+0.85%,-0.01,11,53240,卖盘
14:40:47,48.4,+0.85%,--,11,53240,卖盘
14:40:50,48.4,+0.85%,--,21,101640,卖盘
14:40:53,48.41,+0.88%,+0.01,8,38728,买盘
14:40:56,48.41,+0.88%,--,48,232368,买盘
14:40:59,48.4,+0.85%,-0.01,176,852130,卖盘
14:41:02,48.46,+0.98%,+0.06,37,179302,买盘
14:41:05,48.5,+1.06%,+0.04,61,295850,买盘
14:41:08,48.42,+0.90%,-0.08,49,237258,卖盘
14:41:11,48.43,+0.92%,+0.01,3,14529,中性盘
14:41:14,48.43,+0.92%,--,0,0,卖盘
14:41:17,48.5,+1.06%,+0.07,53,257050,买盘
14:41:20,48.5,+1.06%,--,0,0,买盘
14:41:23,48.48,+1.02%,-0.02,1,4848,买盘
14:41:26,48.48,+1.02%,--,8,38784,卖盘
14:41:29,48.48,+1.02%,--,7,33936,买盘
14:41:32,48.48,+1.02%,--,3,14544,卖盘
14:41:35,48.49,+1.04%,+0.01,4,19396,买盘
14:41:38,48.5,+1.06%,+0.01,29,140650,买盘
14:41:41,48.5,+1.06%,--,6,29100,买盘
14:41:44,48.49,+1.04%,-0.01,5,24245,卖盘
14:41:47,48.49,+1.04%,--,4,19396,卖盘
14:41:50,48.5,+1.06%,+0.01,17,82450,买盘
14:41:53,48.65,+1.38%,+0.15,120,583800,买盘
14:41:56,48.51,+1.08%,-0.14,33,160083,中性盘
14:41:59,48.51,+1.08%,--,14,67914,买盘
14:42:02,48.51,+1.08%,--,49,237699,买盘
14:42:05,48.6,+1.27%,+0.09,12,58320,买盘
14:42:08,48.6,+1.27%,--,0,0,中性盘
14:42:11,48.63,+1.33%,+0.03,1,4863,买盘
14:42:14,48.54,+1.15%,-0.09,29,140766,中性盘
14:42:17,48.53,+1.13%,-0.01,11,53383,卖盘
14:42:20,48.54,+1.15%,+0.01,2,9708,买盘
14:42:23,48.54,+1.15%,--,10,48540,买盘
14:42:29,48.53,+1.13%,-0.01,6,29118,卖盘
14:42:32,48.54,+1.15%,+0.01,42,203868,买盘
14:42:35,48.53,+1.13%,-0.01,38,184414,卖盘
14:42:38,48.53,+1.13%,--,2,9706,卖盘
14:42:41,48.52,+1.10%,-0.01,5,24260,卖盘
14:42:44,48.52,+1.10%,--,5,24260,卖盘
14:42:50,48.53,+1.13%,+0.01,3,14559,买盘
14:42:56,48.53,+1.13%,--,10,48530,买盘
14:42:59,48.52,+1.10%,-0.01,2,9704,卖盘
14:43:02,48.53,+1.13%,+0.01,6,29118,中性盘
14:43:05,48.53,+1.13%,--,3,14559,卖盘
14:43:11,48.53,+1.13%,--,12,58236,卖盘
14:43:14,48.53,+1.13%,--,4,19412,卖盘
14:43:20,48.53,+1.13%,--,32,155296,卖盘
14:43:23,48.52,+1.10%,-0.01,23,111596,卖盘
14:43:26,48.53,+1.13%,+0.01,10,48530,买盘
14:43:29,48.53,+1.13%,--,4,19412,买盘
14:43:32,48.53,+1.13%,--,28,135884,买盘
14:43:35,48.53,+1.13%,--,10,48530,卖盘
14:43:38,48.53,+1.13%,--,1,4853,卖盘
14:43:38,48.53,+1.13%,--,1,4853,中性盘
14:43:44,48.53,+1.13%,--,5,24265,卖盘
14:43:47,48.54,+1.15%,+0.01,7,33978,买盘
14:43:50,48.54,+1.15%,--,7,33978,买盘
14:43:53,48.54,+1.15%,--,39,189306,买盘
14:43:56,48.55,+1.17%,+0.01,2,9710,买盘
14:43:59,48.55,+1.17%,--,2,9710,卖盘
14:44:02,48.54,+1.15%,-0.01,27,131058,卖盘
14:44:05,48.55,+1.17%,+0.01,3,14565,中性盘
14:44:08,48.55,+1.17%,--,2,9710,买盘
14:44:11,48.55,+1.17%,--,3,14565,卖盘
14:44:14,48.55,+1.17%,--,68,330140,卖盘
14:44:17,48.55,+1.17%,--,4,19420,买盘
14:44:20,48.6,+1.27%,+0.05,12,58320,卖盘
14:44:23,48.55,+1.17%,-0.05,38,184490,卖盘
14:44:26,48.55,+1.17%,--,11,53405,卖盘
14:44:29,48.55,+1.17%,--,67,325285,卖盘
14:44:32,48.55,+1.17%,--,20,97100,买盘
14:44:35,48.55,+1.17%,--,18,87390,买盘
14:44:38,48.54,+1.15%,-0.01,2,9708,卖盘
14:44:41,48.65,+1.38%,+0.11,69,335685,买盘
14:44:47,48.57,+1.21%,-0.08,5,24285,卖盘
14:44:50,48.57,+1.21%,--,26,126282,卖盘
14:44:53,48.64,+1.35%,+0.07,20,97280,买盘
14:44:56,48.64,+1.35%,--,5,24320,买盘
14:44:59,48.64,+1.35%,--,0,0,买盘
14:45:05,48.6,+1.27%,-0.04,39,189540,卖盘
14:45:08,48.6,+1.27%,--,16,77760,卖盘
14:45:14,48.59,+1.25%,-0.01,8,38872,中性盘
14:45:17,48.58,+1.23%,-0.01,1,4858,中性盘
14:45:20,48.6,+1.27%,+0.02,28,136080,买盘
14:45:23,48.6,+1.27%,--,2,9720,买盘
14:45:26,48.6,+1.27%,--,9,43740,买盘
14:45:29,48.6,+1.27%,--,27,131220,买盘
14:45:32,48.6,+1.27%,--,8,38880,卖盘
14:45:38,48.6,+1.27%,--,1,4860,卖盘
14:45:41,48.62,+1.31%,+0.02,7,34034,买盘
14:45:44,48.62,+1.31%,--,2,9724,卖盘
14:45:47,48.64,+1.35%,+0.02,20,97280,买盘
14:45:50,48.61,+1.29%,-0.03,14,68054,卖盘
14:45:56,48.62,+1.31%,+0.01,16,77792,买盘
14:45:59,48.62,+1.31%,--,0,0,卖盘
14:46:02,48.64,+1.35%,+0.02,46,223744,买盘
14:46:05,48.62,+1.31%,-0.02,1,4862,卖盘
14:46:08,48.63,+1.33%,+0.01,22,106986,买盘
14:46:11,48.63,+1.33%,--,10,48630,卖盘
14:46:14,48.63,+1.33%,--,20,97260,买盘
14:46:17,48.63,+1.33%,--,1,4863,买盘
14:46:20,48.62,+1.31%,-0.01,18,87516,卖盘
14:46:23,48.62,+1.31%,--,31,150722,卖盘
14:46:26,48.64,+1.35%,+0.02,6,29184,买盘
14:46:29,48.64,+1.35%,--,13,63232,买盘
14:46:32,48.64,+1.35%,--,123,598272,买盘
14:46:38,48.65,+1.38%,+0.01,4,19460,买盘
14:46:41,48.65,+1.38%,--,101,491365,买盘
14:46:44,48.64,+1.35%,-0.01,10,48640,中性盘
14:46:47,48.65,+1.38%,+0.01,23,111895,买盘
14:46:50,48.64,+1.35%,-0.01,11,53504,卖盘
14:46:53,48.65,+1.38%,+0.01,6,29190,买盘
14:46:56,48.65,+1.38%,--,53,257845,中性盘
14:46:56,48.65,+1.38%,--,53,257845,买盘
14:46:59,48.65,+1.38%,--,29,141085,买盘
14:47:02,48.65,+1.38%,--,3,14595,卖盘
14:47:05,48.67,+1.42%,+0.02,5,24335,买盘
14:47:11,48.67,+1.42%,--,2,9734,买盘
14:47:14,48.65,+1.38%,-0.02,44,214060,卖盘
14:47:17,48.67,+1.42%,+0.02,17,82739,买盘
14:47:20,48.67,+1.42%,--,15,73005,卖盘
14:47:23,48.66,+1.40%,-0.01,48,233568,中性盘
14:47:26,48.65,+1.38%,-0.01,4,19460,中性盘
14:47:29,48.66,+1.40%,+0.01,1,4866,买盘
14:47:32,48.68,+1.44%,+0.02,24,116832,买盘
14:47:38,48.68,+1.44%,--,13,63284,买盘
14:47:41,48.67,+1.42%,-0.01,37,180079,卖盘
14:47:44,48.68,+1.44%,+0.01,1,4868,买盘
14:47:50,48.67,+1.42%,-0.01,250,1216750,卖盘
14:47:53,48.68,+1.44%,+0.01,4,19472,中性盘
14:47:56,48.68,+1.44%,--,0,0,卖盘
14:47:59,48.7,+1.48%,+0.02,6,29220,买盘
14:48:02,48.8,+1.69%,+0.1,34,165920,买盘
14:48:05,48.8,+1.69%,--,0,0,买盘
14:48:08,48.78,+1.65%,-0.02,5,24390,中性盘
14:48:11,48.79,+1.67%,+0.01,8,39032,买盘
14:48:14,48.79,+1.67%,--,25,121975,中性盘
14:48:17,48.79,+1.67%,--,38,185402,买盘
14:48:20,48.73,+1.54%,-0.06,21,102333,中性盘
14:48:23,48.72,+1.52%,-0.01,16,77952,卖盘
14:48:26,48.8,+1.69%,+0.08,152,741760,买盘
14:48:29,48.73,+1.54%,-0.07,6,29238,中性盘
14:48:32,48.79,+1.67%,+0.06,26,126854,买盘
14:48:35,48.73,+1.54%,-0.06,1,4873,卖盘
14:48:38,48.79,+1.67%,+0.06,2,9758,买盘
14:48:44,48.79,+1.67%,+0.06,53,258587,买盘
14:48:47,48.73,+1.54%,-0.06,16,77968,卖盘
14:48:50,48.73,+1.54%,--,46,224158,买盘
14:48:53,48.73,+1.54%,--,0,0,买盘
14:48:56,48.72,+1.52%,-0.01,13,63336,买盘
14:48:59,48.72,+1.52%,--,5,24360,买盘
14:49:02,48.72,+1.52%,--,8,38976,买盘
14:49:08,48.72,+1.52%,--,7,34104,卖盘
14:49:11,48.72,+1.52%,--,45,219240,卖盘
14:49:14,48.72,+1.52%,--,12,58464,买盘
14:49:17,48.7,+1.48%,-0.02,12,58440,卖盘
14:49:20,48.7,+1.48%,--,56,272720,卖盘
14:49:23,48.66,+1.40%,-0.04,39,189774,卖盘
14:49:26,48.64,+1.35%,-0.02,36,175104,卖盘
14:49:29,48.64,+1.35%,--,0,0,卖盘
14:49:32,48.64,+1.35%,--,3,14592,卖盘
14:49:35,48.64,+1.35%,--,4,19456,卖盘
14:49:38,48.64,+1.35%,--,40,194560,卖盘
14:49:41,48.65,+1.38%,+0.01,57,277305,买盘
14:49:44,48.63,+1.33%,-0.02,5,24315,卖盘
14:49:47,48.65,+1.38%,+0.02,49,238385,买盘
14:49:50,48.65,+1.38%,--,15,72975,卖盘
14:49:56,48.65,+1.38%,--,5,24325,卖盘
14:49:59,48.65,+1.38%,--,21,102165,卖盘
14:50:02,48.67,+1.42%,+0.02,27,131409,买盘
14:50:05,48.66,+1.40%,-0.01,4,19464,中性盘
14:50:08,48.67,+1.42%,+0.01,17,82739,买盘
14:50:11,48.67,+1.42%,--,95,462365,卖盘
14:50:11,48.67,+1.42%,-0.03,95,462365,中性盘
14:50:14,48.64,+1.35%,-0.03,51,248064,卖盘
14:50:17,48.65,+1.38%,+0.01,109,530285,买盘
14:50:20,48.65,+1.38%,--,0,0,买盘
14:50:23,48.6,+1.27%,-0.05,68,330480,卖盘
14:50:26,48.59,+1.25%,-0.01,35,170065,卖盘
14:50:29,48.6,+1.27%,+0.01,37,179820,买盘
14:50:32,48.59,+1.25%,-0.01,10,48590,中性盘
14:50:35,48.55,+1.17%,-0.04,18,87390,卖盘
14:50:38,48.56,+1.19%,+0.01,10,48560,中性盘
14:50:41,48.55,+1.17%,-0.01,6,29130,卖盘
14:50:44,48.54,+1.15%,-0.01,31,150474,卖盘
14:50:47,48.53,+1.13%,-0.01,3,14559,卖盘
14:50:50,48.55,+1.17%,+0.02,2,9710,买盘
14:50:53,48.55,+1.17%,--,12,58260,买盘
14:50:56,48.53,+1.13%,-0.02,74,359122,卖盘
14:50:59,48.53,+1.13%,--,2,9706,买盘
14:51:02,48.52,+1.10%,-0.01,24,116448,卖盘
14:51:05,48.53,+1.13%,+0.01,96,465888,买盘
14:51:08,48.53,+1.13%,--,27,131031,买盘
14:51:11,48.53,+1.13%,--,11,53383,卖盘
14:51:14,48.55,+1.17%,+0.02,25,121375,买盘
14:51:17,48.53,+1.13%,-0.02,13,63089,卖盘
14:51:20,48.55,+1.17%,+0.02,1,4855,中性盘
14:51:23,48.58,+1.23%,+0.03,6,29148,买盘
14:51:26,48.55,+1.17%,-0.03,9,43695,卖盘
14:51:29,48.56,+1.19%,+0.01,39,189384,卖盘
14:51:32,48.58,+1.23%,+0.02,35,170030,买盘
14:51:35,48.58,+1.23%,--,4,19432,买盘
14:51:38,48.58,+1.23%,--,3,14574,买盘
14:51:41,48.58,+1.23%,--,29,140882,买盘
14:51:44,48.58,+1.23%,--,57,276906,买盘
14:51:47,48.6,+1.27%,+0.02,66,320760,买盘
14:51:50,48.59,+1.25%,-0.01,1,4859,中性盘
14:51:53,48.58,+1.23%,-0.01,12,58296,卖盘
14:51:56,48.58,+1.23%,--,11,53438,卖盘
14:51:59,48.59,+1.25%,+0.01,8,38872,买盘
14:52:02,48.59,+1.25%,--,2,9718,买盘
14:52:05,48.59,+1.25%,--,9,43731,卖盘
14:52:08,48.6,+1.27%,+0.01,1,4860,买盘
14:52:11,48.6,+1.27%,--,51,247860,买盘
14:52:14,48.6,+1.27%,--,7,34020,买盘
14:52:17,48.6,+1.27%,--,3,14580,买盘
14:52:20,48.59,+1.25%,-0.01,8,38872,卖盘
14:52:23,48.59,+1.25%,--,15,72885,卖盘
14:52:26,48.6,+1.27%,+0.01,63,306180,买盘
14:52:29,48.6,+1.27%,--,3,14580,卖盘
14:52:32,48.61,+1.29%,+0.01,11,53471,买盘
14:52:35,48.62,+1.31%,+0.01,15,72930,买盘
14:52:38,48.63,+1.33%,+0.01,10,48630,买盘
14:52:41,48.63,+1.33%,--,3,14589,卖盘
14:52:44,48.65,+1.38%,+0.02,56,272440,买盘
14:52:47,48.66,+1.40%,+0.01,9,43794,买盘
14:52:50,48.65,+1.38%,-0.01,66,321090,卖盘
14:52:53,48.67,+1.42%,+0.02,12,58404,买盘
14:52:56,48.67,+1.42%,--,9,43803,卖盘
14:52:59,48.67,+1.42%,--,55,267685,卖盘
14:53:02,48.67,+1.42%,--,60,292020,买盘
14:53:05,48.67,+1.42%,--,31,150877,买盘
14:53:08,48.67,+1.42%,--,32,155744,卖盘
14:53:11,48.66,+1.40%,-0.01,67,326022,买盘
14:53:14,48.65,+1.38%,-0.01,14,68110,中性盘
14:53:17,48.65,+1.38%,--,4,19460,买盘
14:53:20,48.65,+1.38%,--,103,501095,卖盘
14:53:23,48.64,+1.35%,-0.01,17,82688,卖盘
14:53:26,48.65,+1.38%,+0.01,8,38920,买盘
14:53:26,48.65,+1.38%,-0.03,8,38920,中性盘
14:53:29,48.62,+1.31%,-0.03,4,19448,卖盘
14:53:32,48.64,+1.35%,+0.02,5,24320,买盘
14:53:38,48.64,+1.35%,--,49,238336,买盘
14:53:41,48.64,+1.35%,--,17,82688,买盘
14:53:44,48.62,+1.31%,-0.02,12,58344,卖盘
14:53:47,48.63,+1.33%,+0.01,3,14589,买盘
14:53:50,48.62,+1.31%,-0.01,25,121550,卖盘
14:53:53,48.63,+1.33%,+0.01,1,4863,买盘
14:53:56,48.62,+1.31%,-0.01,31,150722,卖盘
14:53:59,48.62,+1.31%,--,15,72930,卖盘
14:54:02,48.63,+1.33%,+0.01,5,24315,中性盘
14:54:05,48.64,+1.35%,+0.01,31,150784,买盘
14:54:08,48.63,+1.33%,-0.01,35,170205,卖盘
14:54:11,48.63,+1.33%,--,53,257739,卖盘
14:54:14,48.63,+1.33%,--,43,209109,卖盘
14:54:17,48.63,+1.33%,--,76,369588,卖盘
14:54:20,48.63,+1.33%,--,35,170205,卖盘
14:54:23,48.64,+1.35%,+0.01,5,24320,中性盘
14:54:26,48.64,+1.35%,--,33,160512,卖盘
14:54:29,48.64,+1.35%,--,17,82688,卖盘
14:54:32,48.64,+1.35%,--,34,165376,买盘
14:54:35,48.64,+1.35%,--,12,58368,买盘
14:54:38,48.64,+1.35%,--,29,141056,买盘
14:54:41,48.64,+1.35%,--,22,107008,买盘
14:54:44,48.64,+1.35%,--,7,34048,买盘
14:54:47,48.63,+1.33%,-0.01,122,593286,卖盘
14:54:50,48.64,+1.35%,+0.01,9,43776,买盘
14:54:53,48.63,+1.33%,-0.01,65,316095,卖盘
14:54:56,48.64,+1.35%,+0.01,15,72960,买盘
14:54:59,48.63,+1.33%,-0.01,76,369588,卖盘
14:55:02,48.62,+1.31%,-0.01,146,709852,卖盘
14:55:05,48.6,+1.27%,-0.02,104,505440,卖盘
14:55:08,48.55,+1.17%,-0.05,213,1034115,卖盘
14:55:11,48.55,+1.17%,--,11,53405,买盘
14:55:14,48.55,+1.17%,--,5,24275,买盘
14:55:17,48.55,+1.17%,--,28,135940,买盘
14:55:20,48.55,+1.17%,--,15,72825,买盘
14:55:23,48.55,+1.17%,--,66,320430,买盘
14:55:26,48.53,+1.13%,-0.02,81,393093,卖盘
14:55:29,48.55,+1.17%,+0.02,29,140795,买盘
14:55:32,48.55,+1.17%,--,8,38840,卖盘
14:55:35,48.6,+1.27%,+0.05,15,72900,买盘
14:55:38,48.6,+1.27%,--,36,174960,买盘
14:55:41,48.6,+1.27%,--,5,24300,买盘
14:55:44,48.6,+1.27%,--,13,63180,买盘
14:55:47,48.56,+1.19%,-0.04,8,38848,卖盘
14:55:50,48.6,+1.27%,+0.04,50,243000,买盘
14:55:53,48.59,+1.25%,-0.01,7,34013,卖盘
14:55:56,48.56,+1.19%,-0.03,89,432184,卖盘
14:55:59,48.59,+1.25%,+0.03,78,379002,中性盘
14:56:02,48.56,+1.19%,-0.03,103,500168,中性盘
14:56:05,48.57,+1.21%,+0.01,16,77712,中性盘
14:56:08,48.57,+1.21%,--,8,38856,买盘
14:56:11,48.58,+1.23%,+0.01,20,97160,买盘
14:56:14,48.59,+1.25%,+0.01,20,97180,买盘
14:56:17,48.58,+1.23%,-0.01,8,38864,卖盘
14:56:20,48.59,+1.25%,+0.01,27,131193,买盘
14:56:23,48.6,+1.27%,+0.01,82,398520,买盘
14:56:26,48.57,+1.21%,-0.03,17,82569,卖盘
14:56:29,48.57,+1.21%,--,113,548841,卖盘
14:56:32,48.58,+1.23%,+0.01,62,301196,买盘
14:56:35,48.57,+1.21%,-0.01,9,43713,买盘
14:56:38,48.58,+1.23%,+0.01,10,48580,中性盘
14:56:41,48.59,+1.25%,+0.01,13,63167,买盘
14:56:44,48.59,+1.25%,--,4,19436,买盘
14:56:44,48.59,+1.25%,--,4,19436,中性盘
14:56:44,48.59,+1.25%,--,4,19436,卖盘
14:56:47,48.6,+1.27%,+0.01,12,58320,买盘
14:56:50,48.6,+1.27%,--,50,243000,买盘
14:56:53,48.59,+1.25%,-0.01,18,87462,中性盘
14:56:56,48.59,+1.25%,--,51,247809,买盘
14:56:59,48.59,+1.25%,--,50,242950,买盘
15:00:01,48.59,+1.25%,--,1404,6823591,卖盘
15:00:01,48.59,+1.25%,--,0,0,卖盘
