代码,名称,现价,涨跌幅(%),涨跌,涨速(%),换手(%),量比,振幅(%),成交额,流通股,流通市值,市盈率
sh688646,N逸飞,56.5,20.73,9.7,0.0,81.62,--,29.91,803999999.9999999,17889300.0,1011000000.0,154.93
sz300169,天晟新材,5.63,20.04,0.94,0.0,15.52,1.98,21.54,243000000.00000003,302000000.0,1698999999.9999998,亏损
sz301315,威士顿,65.8,20.01,10.97,0.0,48.88,1.26,21.54,616000000.0,20863900.0,1373000000.0,163.47
sh688318,财富趋势,126.48,20.0,21.08,0.0,13.03,2.20,21.22,948000000.0,62925800.0,7959000000.0,73.56
sz301056,森赫股份,11.76,20.0,1.96,0.0,35.56,3.83,19.8,270000000.0,66696700.0,784000000.0,74.48
sz300803,指南针,58.28,19.99,9.71,0.0,8.27,4.20,20.09,1820000000.0,403000000.0,23516000000.0,103.69
sz300740,水羊股份,18.97,19.99,3.16,0.0,15.78,9.17,8.66,1027999999.9999999,357000000.0,6765000000.000001,25.93
830799,艾融软件,8.64,17.23,1.27,0.0,4.77,14.64,19.54,47092000.0,117000000.0,1015000000.0,68.90
sz300033,同花顺,192.1,16.76,27.57,0.06,7.71,2.45,19.44,3796000000.0,272000000.0,52164000000.0,211.22
sz300380,安硕信息,20.18,15.51,2.71,-0.3,11.43,11.37,21.01,279000000.0,125000000.0,2514000000.0,亏损
837592,华信永道,11.9,13.44,1.41,0.0,43.9,3.70,19.16,76616500.0,14934000.0,178000000.0,19.96
sz300375,鹏翎股份,5.26,12.88,0.6,0.19,39.47,13.79,16.74,1024000000.0,505000000.0,2657000000.0,51.81
sz300085,银之杰,12.71,11.88,1.35,-0.08,9.92,4.00,14.88,644000000.0,526999999.99999994,6698999999.999999,1838.07
sz301276,嘉曼服饰,29.98,11.78,3.16,0.0,53.3,2.71,21.18,442000000.0,27000000.0,809000000.0,12.56
sz301499,维科精密,45.59,11.2,4.59,0.51,76.67,1.25,26.1,1082000000.0,32781800.0,1495000000.0,161.06
sz300368,汇金股份,8.39,10.69,0.81,-0.12,19.33,1.56,18.07,816000000.0,519000000.00000006,4354000000.0,391.78
sz300588,熙菱信息,12.16,10.55,1.16,-0.33,15.62,3.80,13.09,265000000.0,144000000.0,1757000000.0,亏损
sz300304,云意电气,6.14,10.23,0.57,0.0,12.24,2.88,17.95,631000000.0,851000000.0,5228000000.0,16.80
sh601162,天风证券,3.58,10.15,0.33,0.0,8.07,1.82,10.46,2400000000.0,8666000000.0,31023000000.0,14.17
sh600067,冠城大通,3.26,10.13,0.3,0.0,5.82,3.74,9.46,259000000.0,1392000000.0,4537000000.0,亏损
sz002377,国创高新,3.37,10.13,0.31,0.0,6.63,1.34,5.88,200999999.99999997,916000000.0,3087000000.0,亏损
sh601375,中原证券,4.35,10.13,0.4,0.0,7.96,6.04,10.63,1162000000.0,3447999999.9999995,14997000000.0,71.62
sz002671,龙泉股份,5.56,10.1,0.51,0.0,29.71,10.74,11.09,738000000.0,459000000.0,2552000000.0,亏损
sz000609,中迪投资,5.9,10.07,0.54,0.0,16.93,1.47,9.14,284000000.0,292000000.0,1723000000.0,亏损
sz002488,金固股份,7.88,10.06,0.72,0.0,9.11,4.64,12.99,633000000.0,911000000.0,7180000000.0,亏损
sh600266,城建发展,6.79,10.05,0.62,0.0,5.05,1.02,11.02,740000000.0,2257000000.0,15322000000.0,61.20
sh603716,塞力医疗,10.52,10.04,0.96,0.0,9.43,7.7,10.15,194000000.0,200999999.99999997,2118000000.0,亏损
sh603378,亚士创能,10.85,10.04,0.99,0.0,4.97,0.94,11.05,220000000.00000003,429000000.0,4650000000.0,亏损
sh601059,信达证券,16.34,10.03,1.49,0.0,27.39,2.34,9.97,1411000000.0,324000000.0,5299000000.0,61.36
sz002762,金发拉比,10.53,10.03,0.96,0.0,14.0,1.27,9.2,291000000.0,200999999.99999997,2118000000.0,171.84
sz001322,箭牌家居,18.87,10.03,1.72,0.0,18.1,1.57,9.74,320000000.0,96609500.0,1823000000.0,1471.06
sz000572,海马汽车,5.16,10.02,0.47,0.0,11.05,6.88,12.15,899000000.0,1642000000.0000002,8473999999.999999,亏损
sz300059,东方财富,16.14,10.02,1.47,0.0,7.9,3.19,12.2,16512000000.0,13306000000.0,214765000000.0,31.54
sz000700,模塑科技,6.59,10.02,0.6,0.0,7.34,2.43,10.52,430000000.0,918000000.0,6050000000.0,22.69
sh603132,金徽股份,13.29,10.02,1.21,0.0,11.12,17.45,10.35,233000000.0,160000000.0,2121000000.0,78.83
sh603116,红蜻蜓,6.7,10.02,0.61,0.0,1.42,0.98,10.84,53503400.0,576000000.0,3861000000.0,45.62
sh601881,中国银河,14.17,10.02,1.29,0.0,4.08,2.31,10.33,3729000000.0,6656000000.0,94317000000.0,16.30
sh601519,大智慧,7.8,10.01,0.71,0.0,6.82,2.81,10.86,1033000000.0,2004000000.0,15630000000.000002,12.92
sz002961,瑞达期货,16.37,10.01,1.49,0.0,2.15,4.6,10.21,153000000.0,445000000.0,7284999999.999999,33.29
sh600381,青海春天,8.9,10.01,0.81,0.0,4.82,3.83,10.51,245000000.00000003,587000000.0,5225000000.0,亏损
sh601555,东吴证券,9.13,10.0,0.83,0.0,6.41,2.51,10.24,2846000000.0,5008000000.0,45718000000.0,19.60
sz000010,美丽生态,2.86,10.0,0.26,0.0,10.0,0.59,12.31,147000000.0,522000000.0,1493000000.0,亏损
sh600446,金证股份,13.97,10.0,1.27,0.0,8.48,2.84,10.71,1081000000.0,941000000.0,13143000000.0,亏损
sh601127,赛力斯,42.24,10.0,3.84,0.0,5.38,1.47,11.56,3310000000.0,1507000000.0,63671000000.0,亏损
sz000861,海印股份,2.31,10.0,0.21,0.0,8.12,2.66,10.48,426999999.99999994,2368000000.0,5471000000.0,亏损
sh603383,顶点软件,63.94,9.99,5.81,0.0,3.96,3.09,10.92,418000000.0,169000000.0,10797000000.0,123.64
sh601136,首创证券,17.72,9.99,1.61,0.0,37.46,1.41,8.94,1744000000.0000002,273000000.0,4843000000.0,68.84
sh600030,中信证券,23.67,9.99,2.15,0.0,3.88,3.92,10.27,10176000000.0,11367000000.0,269048999999.99997,16.19
sh688443,智翔金泰-U,32.6,9.99,2.96,0.0,10.06,3.21,11.4,258000000.0,82767099.99999999,2698000000.0,亏损
sz000850,华茂股份,4.19,9.97,0.38,0.0,4.07,7.02,10.76,157000000.0,943000000.0,3953000000.0,20.28
sh600807,济南高新,3.64,9.97,0.33,0.0,5.87,4.4,8.16,167000000.0,787000000.0,2865000000.0,116.53
sh601099,太平洋,3.64,9.97,0.33,0.0,16.71,2.15,11.48,4024000000.0,6816000000.0,24811000000.0,41.65
sh600864,哈投股份,5.85,9.96,0.53,0.0,4.41,3.56,9.96,517000000.0,2080999999.9999998,12171000000.0,15.42
sz000715,中兴商业,8.5,9.96,0.77,0.0,4.0,0.85,11.0,138000000.0,415000000.00000006,3528000000.0,36.18
sz002146,荣盛发展,2.76,9.96,0.25,0.0,22.18,1.33,13.15,2307000000.0,3897000000.0,10754000000.0,亏损
sh600280,中央商场,5.19,9.96,0.47,0.0,21.83,1.4,9.96,1246000000.0,1128000000.0,5856000000.0,亏损
sh600369,西南证券,4.31,9.95,0.39,0.0,3.34,4.03,10.46,883000000.0,6315000000.0,27218000000.0,31.75
sz000750,国海证券,4.09,9.95,0.37,0.0,7.68,2.1,10.48,1647000000.0,5445000000.0,22268000000.0,24.60
sh600155,华创云信,7.52,9.94,0.68,0.0,9.3,3.98,10.67,1528000000.0,2261000000.0,17006000000.0,31.54
sh601086,国芳集团,6.97,9.94,0.63,0.0,14.81,1.64,16.56,656000000.0,666000000.0,4642000000.0,15.85
sh601860,紫金银行,2.9,9.85,0.26,0.0,6.0,5.32,10.61,593000000.0,3508000000.0,10173000000.0,6.90
831305,海希通讯,10.6,9.73,0.94,0.0,1.9,4.69,9.52,21358300.0,110000000.00000001,1163000000.0,43.40
sh688569,铁科轨道,46.97,9.72,4.16,-0.26,3.77,2.79,18.97,227000000.0,132000000.0,6184000000.0,17.83
sh600383,金地集团,8.46,9.3,0.72,0.0,6.42,1.77,9.56,2350000000.0,4515000000.0,38193000000.0,18.80
sz003012,东鹏控股,12.51,9.16,1.05,0.08,4.31,1.61,11.17,336000000.0,643000000.0,8039000000.0,3115.04
sz301316,慧博云通,23.78,8.98,1.96,0.04,23.21,3.79,13.06,198000000.0,36654700.0,872000000.0000001,183.35
sz300558,贝达药业,57.07,8.91,4.67,-0.26,1.92,2.67,11.36,440000000.00000006,416000000.0,23729000000.0,115.89
sz301299,卓创资讯,56.5,8.86,4.6,0.04,19.96,3.22,12.41,162000000.0,15000000.0,847000000.0000001,49.94
sz301227,森鹰窗业,34.66,8.82,2.81,0.2,42.43,3.6,14.0,336000000.0,22189699.999999996,769000000.0,亏损
sz301172,C君逸,49.62,8.79,4.01,-0.3,75.9,0.99,22.45,1031000000.0,27665200.0,1373000000.0,亏损
sh600927,永安期货,18.39,8.56,1.45,0.0,5.79,6.97,10.21,551000000.0,528000000.0,9701000000.0,32.12
sh601633,长城汽车,28.17,8.47,2.2,0.11,0.87,2.94,11.28,1467000000.0,6165000000.0,173659000000.0,343.36
sz300561,汇金科技,12.33,8.44,0.96,0.0,8.61,2.5,12.93,190000000.0,181000000.0,2234000000.0,483.65
sh601688,华泰证券,16.9,8.4,1.31,0.0,3.94,3.13,10.58,4758000000.0,7326000000.000001,123815000000.00002,11.82
sz301446,C福事特,40.3,8.39,3.12,0.0,51.38,1.01,16.81,399000000.0,20000000.0,806000000.0,36.22
sz002500,山西证券,6.55,8.27,0.5,0.0,3.44,4.07,9.09,782000000.0,3590000000.0,23513000000.0,23.46
sh601788,光大证券,18.76,8.13,1.41,0.0,4.38,2.35,9.22,3124000000.0,3907000000.0,73290000000.0,18.05
sz300826,测绘股份,18.83,8.09,1.41,0.16,13.16,1.05,11.08,329000000.0,139000000.0,2617000000.0,65.34
sh601456,国联证券,10.08,8.04,0.75,0.1,10.47,4.57,10.4,1023000000.0,989000000.0,9969000000.0,34.42
sz301398,星源卓镁,69.05,7.89,5.05,0.07,57.44,1.05,12.0,755000000.0,19273300.0,1331000000.0,81.52
sh600570,恒生电子,39.89,7.87,2.91,0.03,3.49,2.64,9.46,2578000000.0,1900000000.0,75791000000.0,85.33
sh601336,新华保险,45.58,7.86,3.32,0.22,1.85,2.06,9.77,1712000000.0,2085000000.0000002,95054000000.0,5.14
sh600909,华安证券,5.36,7.85,0.39,0.0,3.64,4.92,8.85,892000000.0,4698000000.0,25179000000.0,17.28
sh600095,湘财股份,8.84,7.8,0.64,0.0,5.7,2.35,9.88,1410000000.0,2859000000.0,25275000000.0,41.34
sz300377,赢时胜,8.42,7.67,0.6,0.0,5.62,3.73,8.44,309000000.0,668000000.0,5628000000.0,亏损
sh603801,志邦家居,25.35,7.6,1.79,0.08,2.58,1.5,9.25,279000000.0,432000000.0,10956000000.0,53.68
sh601995,中金公司,39.95,7.54,2.8,-0.08,6.34,4.17,9.37,2303000000.0,930000000.0000001,37138000000.0,21.36
sh688169,石头科技,279.33,7.48,19.43,-0.21,1.28,1.59,9.18,454000000.0,131000000.0,36639000000.0,44.84
sz002080,中材科技,22.52,7.44,1.56,0.09,1.76,3.02,9.3,649000000.0,1678000000.0,37791000000.0,22.57
sz000656,金科股份,2.31,7.44,0.16,0.44,37.2,2.16,13.02,4405000000.0,5311000000.0,12267000000.0,亏损
sh600363,联创光电,36.38,7.44,2.52,0.17,2.68,2.25,8.8,426000000.0,451000000.0,16391999999.999998,38.54
sz002138,顺络电子,26.94,7.33,1.84,0.07,4.83,5.54,5.78,969999999.9999999,743000000.0,20020000000.0,42.45
sz002670,国盛金控,9.56,7.29,0.65,0.0,6.1,1.89,8.64,922000000.0000001,1623000000.0,15519000000.0,102.38
sz300762,上海瀚讯,14.54,7.23,0.98,0.07,9.8,2.23,8.7,889000000.0,628000000.0,9131000000.0,亏损
sz000686,东北证券,8.05,7.19,0.54,0.0,3.81,3.72,8.52,703000000.0,2340000000.0,18841000000.0,12.62
sz301038,深水规院,21.81,7.17,1.46,0.0,41.92,1.14,15.13,396000000.0,42900000.0,936000000.0,亏损
sz300767,震安科技,25.89,7.16,1.73,0.04,6.54,1.43,9.52,344000000.0,209000000.0,5420000000.0,393.38
sh601066,中信建投,26.8,7.16,1.79,0.0,1.48,4.13,9.76,1483000000.0,3811000000.0,102145000000.0,21.36
sz002177,御银股份,4.35,7.14,0.29,0.0,11.8,2.69,11.82,386000000.0,761000000.0,3311000000.0,74.78
sz002043,兔 宝 宝,12.21,7.11,0.81,0.0,18.13,1.9,10.53,1542000000.0,701000000.0,8559000000.0,34.58
sz300749,顶固集创,9.81,7.1,0.65,0.0,8.83,2.99,9.61,133000000.0,155000000.0,1522000000.0,106.64
sh603439,贵州三力,17.5,7.03,1.15,0.06,4.8,4.03,8.44,335000000.0,408000000.0,7145999999.999999,32.64
sh603093,南华期货,13.39,7.03,0.88,0.15,2.81,2.19,8.71,224000000.00000003,610000000.0,8169000000.0,32.77
sz002244,滨江集团,10.68,7.01,0.7,-0.37,3.05,1.55,7.92,858000000.0,2682000000.0,28648000000.0,14.83
sz002906,华阳集团,35.23,6.95,2.29,-0.11,2.98,2.01,9.56,494000000.00000006,476999999.99999994,16806000000.0,54.22
sz300295,三六五网,14.36,6.92,0.93,0.07,17.41,2.12,10.95,409999999.99999994,168000000.0,2406000000.0,89.16
sh600958,东方证券,10.82,6.92,0.7,0.19,2.99,2.87,8.1,2364000000.0,7469000000.0,80820000000.0,16.09
sz301061,匠心家居,42.26,6.91,2.73,0.05,5.53,2.42,8.07,74316800.0,32000000.0,1352000000.0,17.66
sh688382,益方生物-U,15.64,6.9,1.01,0.26,4.31,2.37,9.91,73088000.0,112000000.00000001,1745000000.0,亏损
sz001236,弘业期货,15.36,6.89,0.99,0.07,28.0,3.44,9.81,429000000.0,101000000.0,1548000000.0,663.77
sh600318,新力金融,7.16,6.87,0.46,0.14,8.42,3.76,8.96,304000000.0,513000000.0,3671000000.0,88.12
sh600906,财达证券,7.98,6.83,0.51,0.13,6.3,4.06,8.84,647000000.0,1312000000.0,10473000000.0,31.98
sh603208,江山欧派,40.59,6.79,2.58,0.1,1.82,1.37,8.16,129000000.0,177000000.0,7191000000.0,30.73
sz002853,皮阿诺,19.61,6.69,1.23,-0.25,5.63,1.99,7.83,123000000.0,113999999.99999999,2244000000.0,亏损
sz301332,德尔玛,15.74,6.64,0.98,0.13,31.85,2.23,12.67,425000000.0,84534500.0,1331000000.0,78.17
sh600621,华鑫股份,11.78,6.61,0.73,0.17,3.28,3.52,7.96,401999999.99999994,1061000000.0,12497000000.0,36.01
sh601198,东兴证券,8.97,6.53,0.55,0.0,2.05,4.01,7.25,582000000.0,3232000000.0,28995000000.0,33.03
sh600837,XD海通证,10.31,6.51,0.63,0.1,1.53,3.33,6.92,1370000000.0,8873000000.0,91485000000.0,13.84
sz000783,长江证券,6.58,6.47,0.4,0.0,2.15,3.71,7.44,767000000.0,5530000000.0,36387000000.0,12.04
sh601838,成都银行,13.85,6.46,0.84,0.15,1.49,2.22,8.22,770000000.0,3806000000.0,52710000000.0,5.23
sz000625,长安汽车,14.84,6.46,0.9,0.07,5.52,1.75,9.33,6099000000.0,7648000000.0,113498000000.0,5.28
sh688359,三孚新科,64.81,6.42,3.91,0.02,2.67,1.9,9.34,75873400.0,44655500.0,2894000000.0,亏损
sz000728,国元证券,7.3,6.41,0.44,0.0,3.74,3.99,7.43,1168000000.0,4364000000.0,31856000000.0,17.43
sh601108,财通证券,8.23,6.33,0.49,0.12,3.21,4.06,6.85,1200000000.0,4644000000.0,38218000000.0,19.33
sh601377,兴业证券,6.9,6.32,0.41,0.15,2.91,3.94,7.86,1703000000.0,8636000000.0,59588000000.0,17.98
sz002410,广联达,32.48,6.28,1.92,0.0,2.76,1.43,7.79,1162000000.0,1319000000.0,42826000000.0,112.88
sh688428,诺诚健华-U,12.57,6.25,0.74,0.08,3.52,2.34,8.45,106000000.0,242000000.0,3046000000.0,亏损
sz000987,越秀资本,7.15,6.24,0.42,0.28,1.35,3.77,7.43,474000000.0,5016000000.0,35864000000.0,12.59
sh688682,霍莱沃,58.25,6.22,3.41,-0.1,1.12,1.26,7.6,27732300.0,43342100.0,2525000000.0,252.81
sz002832,比音勒芬,34.65,6.19,2.02,0.26,2.11,2.24,8.18,281000000.0,389000000.0,13493000000.0,16.44
sz000893,亚钾国际,28.04,6.13,1.62,0.04,2.3,1.86,7.0,515000000.00000006,810000000.0,22708000000.0,19.40
sh688192,迪哲医药-U,37.12,6.09,2.13,0.03,2.79,2.13,8.57,120000000.0,118000000.0,4393000000.0,亏损
sz300894,火星人,26.39,6.07,1.51,0.0,4.85,2.08,7.6,179000000.0,140000000.0,3704999999.9999995,55.19
sz301286,侨源股份,31.29,6.07,1.79,0.0,7.53,2.03,7.9,91821299.99999999,39725000.0,1243000000.0,66.10
sz301088,戎美股份,18.4,6.05,1.05,0.05,15.92,1.38,8.59,163000000.0,55890600.00000001,1027999999.9999999,28.86
sz000166,申万宏源,5.09,6.04,0.29,0.0,1.05,3.62,7.29,1182000000.0,22536000000.0,114706000000.0,15.85
sz300275,梅安森,16.85,6.04,0.96,-0.06,9.17,2.07,9.31,381000000.0,250000000.0,4214000000.0,139.46
sh603833,欧派家居,104.28,6.03,5.93,0.13,0.95,1.68,6.66,594000000.0,609000000.0,63522000000.0,104.20
sh601236,红塔证券,8.11,6.01,0.46,0.25,1.83,3.79,7.71,688000000.0,4717000000.0,38253000000.0,42.43
sz000563,陕国投Ａ,3.36,5.99,0.19,0.3,3.4,3.64,7.26,574000000.0,5114000000.0,17183000000.0,14.34
sz300911,亿田智能,40.76,5.95,2.29,0.07,20.25,1.72,7.07,342000000.0,41933300.0,1709000000.0,26.89
sz002797,第一创业,6.26,5.92,0.35,0.0,4.45,4.42,6.77,1133000000.0,4132000000.0,25869000000.0,46.68
sh601601,中国太保,30.6,5.92,1.71,0.39,1.89,2.45,9.17,3852000000.0000005,6845000000.0,209458000000.0,6.33
sz002673,西部证券,7.16,5.92,0.4,0.0,2.93,3.17,6.07,848000000.0,4109000000.0000005,29422000000.000004,22.33
sh600061,国投资本,7.89,5.91,0.44,0.13,1.34,3.5,6.85,670000000.0,6425000000.0,50696000000.0,14.64
sz002791,坚朗五金,63.9,5.88,3.55,0.05,3.33,1.0,7.66,343000000.0,164000000.0,10479000000.0,亏损
sh600918,中泰证券,7.57,5.87,0.42,0.0,2.89,4.03,6.71,856000000.0,3972999999.9999995,30074000000.0,11.44
sh600999,招商证券,14.98,5.87,0.83,-0.07,0.85,3.93,6.86,930000000.0000001,7422000000.0,111182000000.0,14.41
sh688023,安恒信息,165.01,5.86,9.14,-0.1,1.27,1.64,8.29,162000000.0,78623100.0,12974000000.0,亏损
sz002355,兴民智通,5.78,5.86,0.32,0.0,22.41,1.36,8.97,778000000.0,618000000.0,3572999999.9999995,353.43
sh688506,百利天恒-U,94.51,5.86,5.23,0.43,4.12,0.99,11.2,133000000.0,34873100.0,3296000000.0,亏损
sh603008,喜临门,26.58,5.85,1.47,0.04,2.77,1.62,6.41,280000000.0,387000000.0,10298000000.0,41.77
sz002123,梦网科技,15.81,5.82,0.87,0.13,6.55,0.99,8.43,706000000.0,692000000.0,10943000000.0,291.43
sz000712,锦龙股份,13.47,5.81,0.74,0.0,2.14,3.93,7.23,252999999.99999997,894999999.9999999,12059000000.0,亏损
sh600238,海南椰岛,11.71,5.78,0.64,0.0,7.95,2.95,9.3,409999999.99999994,445000000.0,5211000000.0,亏损
sh601878,浙商证券,10.85,5.75,0.59,0.0,2.57,3.49,7.02,1066000000.0,3878000000.0,42078000000.0,23.34
sh601628,中国人寿,36.45,5.74,1.98,0.03,0.19,1.62,6.73,1445000000.0,20824000000.0,759018000000.0,14.40
sh688235,百济神州-U,133.9,5.73,7.26,0.1,3.08,1.93,6.59,446000000.0,110000000.00000001,14790000000.0,亏损
sz300399,天利科技,13.31,5.72,0.72,-0.08,4.31,2.98,8.42,110000000.00000001,195000000.0,2591000000.0,93.76
sh688197,首药控股-U,54.43,5.71,2.94,0.11,3.07,2.61,8.14,84553400.0,51746600.0,2817000000.0,亏损
sz002428,云南锗业,14.88,5.68,0.8,0.0,14.34,2.25,10.65,1370000000.0,644000000.0,9587000000.0,亏损
sh601696,中银证券,11.35,5.68,0.61,0.0,3.67,3.75,6.7,1139000000.0,2778000000.0,31530000000.0,31.20
sz001227,兰州银行,3.17,5.67,0.17,0.0,12.6,3.97,11.33,1077000000.0,2768000000.0,8775000000.0,9.38
sz300159,新研股份,3.37,5.64,0.18,0.0,11.39,8.61,12.23,597000000.0,1490000000.0,5022000000.0,亏损
sh600109,国金证券,9.6,5.61,0.51,0.1,3.8,3.88,7.59,1154000000.0,3211000000.0,30829000000.000004,14.96
sz000925,众合科技,8.1,5.61,0.43,0.0,5.13,4.22,8.47,227999999.99999997,548000000.0,4442000000.0,亏损
sz000776,广发证券,16.05,5.59,0.85,0.0,3.08,3.55,6.58,2880000000.0,5919000000.0,95005000000.0,14.18
sz300233,金城医药,21.21,5.58,1.12,0.0,5.38,4.04,7.42,409999999.99999994,360000000.0,7645999999.999999,40.80
sz002926,华西证券,9.09,5.58,0.48,0.0,2.64,3.52,6.62,621000000.0,2625000000.0,23861000000.0,14.83
sz300096,易联众,6.25,5.57,0.33,0.0,5.99,3.1,6.76,138000000.0,377000000.0,2353000000.0,亏损
sz301113,雅艺科技,32.28,5.53,1.69,0.25,16.09,2.4,12.72,96767700.0,18484500.0,597000000.0,160.23
sz002572,索菲亚,18.35,5.52,0.96,0.0,3.09,1.3,5.98,357000000.0,639000000.0,11722000000.0,40.12
sz002939,长城证券,8.81,5.51,0.46,0.0,3.01,3.66,6.71,909000000.0,3488000000.0000005,30726000000.0,19.71
sz300688,创业黑马,30.64,5.44,1.58,0.0,9.79,1.59,10.94,396000000.0,136000000.0,4154999999.9999995,亏损
sz000935,四川双马,18.83,5.43,0.97,0.05,1.71,2.43,7.84,243000000.00000003,763000000.0,14376000000.0,16.95
sh600881,亚泰集团,2.33,5.43,0.12,0.43,2.39,3.15,8.14,178000000.0,3249000000.0,7570000000.0,亏损
sz300707,威唐工业,17.31,5.42,0.89,0.0,7.93,1.02,10.05,165000000.0,124000000.0,2143000000.0,亏损
sz300955,嘉亨家化,22.98,5.41,1.18,0.13,4.97,2.77,6.83,50312100.0,44861800.0,1031000000.0,106.43
sz301022,海泰科,27.9,5.4,1.43,0.18,9.84,2.79,8.88,113999999.99999999,42418100.00000001,1183000000.0,65.47
sz002508,老板电器,28.33,5.39,1.45,0.07,2.35,1.42,6.03,616000000.0,936999999.9999999,26544000000.0,17.29
sz002612,朗姿股份,23.88,5.38,1.22,0.0,6.38,2.72,5.52,416000000.0,277000000.0,6606999999.999999,42.57
sz000090,天健集团,5.7,5.36,0.29,0.0,4.31,1.35,7.02,453000000.0,1868000000.0,10649000000.0,12.37
sz301380,挖金客,44.91,5.35,2.28,0.02,14.24,3.6,11.19,107000000.0,17000000.0,763000000.0,55.76
sh603816,顾家家居,43.8,5.34,2.22,0.28,1.17,1.88,5.82,413999999.99999994,822000000.0000001,35999000000.0,22.49
sz002736,国信证券,9.74,5.3,0.49,0.0,0.91,5.2,6.05,767000000.0,8827000000.0,85976000000.0,13.24
sh601901,方正证券,7.2,5.26,0.36,0.14,1.36,4.92,6.29,798000000.0,8231999999.999999,59271000000.0,26.65
sh600390,五矿资本,6.0,5.26,0.3,0.0,2.46,3.19,6.67,654000000.0,4498000000.0,26988000000.0,7.08
sh688176,亚虹医药-U,12.44,5.25,0.62,0.16,2.95,2.0,7.36,100000000.0,280000000.0,3478000000.0,亏损
sh603727,博迈科,12.85,5.24,0.64,0.0,4.82,4.5,7.78,172000000.0,282000000.0,3620000000.0000005,亏损
sh601211,国泰君安,15.69,5.23,0.78,0.13,1.32,3.67,6.24,1523000000.0,7453000000.0,116932000000.0,11.49
838402,硅烷科技,11.68,5.22,0.58,0.0,4.07,3.53,6.85,43299500.0,91156700.0,1065000000.0,16.43
sh603180,金牌厨柜,34.39,5.2,1.7,0.12,3.0,1.24,6.52,158000000.0,154000000.0,5305000000.0,40.49
sh688123,聚辰股份,59.31,5.2,2.93,0.22,3.78,1.56,4.7,348000000.0,158000000.0,9353000000.0,108.95
sz002142,宁波银行,28.41,5.18,1.4,0.18,1.16,1.92,6.55,2114999999.9999998,6523000000.0,185331000000.0,7.11
sh603879,永悦科技,9.15,5.17,0.45,0.11,4.7,1.02,6.78,152000000.0,359000000.0,3288000000.0000005,亏损
sh688050,爱博医疗,196.67,5.17,9.67,0.25,1.67,1.65,6.82,225000000.0,69731000.0,13713999999.999998,66.01
sh601990,南京证券,8.75,5.17,0.43,0.0,2.48,5.02,6.73,777000000.0,3620000000.0000005,31674000000.0,37.23
sh688326,经纬恒润-W,147.77,5.13,7.21,-0.13,3.69,1.02,9.67,273000000.0,50936300.0,7527000000.0,亏损
sh600689,上海三毛,10.29,5.11,0.5,0.29,10.84,9.04,10.93,173000000.0,152000000.0,1566000000.0,194.11
sh600571,信雅达,9.48,5.1,0.46,0.0,4.2,3.22,6.54,175000000.0,446000000.0,4225000000.0,111.91
sh600325,华发股份,10.64,5.04,0.51,0.09,1.89,1.32,7.9,420000000.0,2117000000.0000002,22526000000.0,10.44
sh601658,邮储银行,5.23,5.02,0.25,0.58,0.32,2.34,6.22,1106000000.0,67122000000.0,351050000000.0,4.93
sz002910,庄园牧场,12.16,5.01,0.58,0.08,11.71,3.07,10.71,243000000.00000003,171000000.0,2080000000.0,93.95
sz002945,华林证券,14.06,5.0,0.67,0.29,1.59,5.43,5.6,594000000.0,2700000000.0,37962000000.0,150.90
sh605333,沪光股份,15.97,5.0,0.76,0.06,19.88,2.98,5.79,307000000.0,98346100.0,1571000000.0,亏损
sh603319,湘油泵,17.67,4.99,0.84,0.23,5.73,1.69,6.3,206999999.99999997,206999999.99999997,3657000000.0,25.57
sh688568,中科星图,51.97,4.99,2.47,-0.06,0.95,2.17,6.63,179000000.0,365000000.0,18992000000.0,928.05
sh600739,辽宁成大,14.34,4.98,0.68,0.0,1.6,4.09,5.42,346000000.0,1530000000.0,21936000000.0,18.07
sz000971,ST高升,1.69,4.97,0.08,0.0,1.91,3.38,4.97,26744899.999999996,843000000.0,1424000000.0,亏损
sz000627,天茂集团,3.38,4.97,0.16,0.0,1.72,2.54,6.52,261000000.0,4553000000.0,15387000000.0,92.35
sh600048,保利发展,14.39,4.96,0.68,0.21,1.3,1.56,5.62,2204000000.0,11970000000.0,172255000000.0,7.18
sz300736,百邦科技,14.78,4.9,0.69,-0.14,10.89,2.08,12.78,202000000.0,128000000.0,1895000000.0,1148.79
sh603713,密尔克卫,90.66,4.88,4.22,0.1,0.67,2.91,6.13,98786700.0,164000000.0,14834000000.0,34.68
sh600705,中航产融,4.09,4.87,0.19,0.0,3.44,3.59,6.67,1219000000.0,8804000000.0,36010000000.0,53.91
sh600783,鲁信创投,13.81,4.86,0.64,0.07,1.46,3.13,5.7,148000000.0,744000000.0,10280000000.0,28.14
sh600926,杭州银行,12.12,4.84,0.56,0.25,0.65,2.29,5.36,419000000.00000006,5363000000.0,64996000000.0,4.24
sh603130,云中马,25.35,4.84,1.17,0.04,30.73,2.04,10.42,275000000.0,35000000.0,886999999.9999999,46.24
sh600928,西安银行,3.9,4.84,0.18,0.0,2.78,3.34,6.45,360000000.0,3377000000.0000005,13172000000.0,6.59
sh688696,极米科技,140.7,4.84,6.49,0.09,2.21,1.7,6.33,140000000.0,45670500.0,6426000000.000001,47.17
sh603486,科沃斯,77.22,4.83,3.56,0.0,0.83,1.73,6.56,358000000.0,568000000.0,43865000000.0,34.15
sh603985,恒润股份,24.15,4.82,1.11,0.17,3.65,1.69,6.03,384000000.0,441000000.0,10647000000.0,90.95
sh688112,鼎阳科技,49.78,4.8,2.28,0.38,2.63,1.75,6.32,57850200.00000001,44358800.0,2208000000.0,55.23
sh600105,永鼎股份,6.34,4.79,0.29,0.0,7.97,2.23,3.97,691000000.0,1381000000.0,8756000000.0,92.18
sz300737,科顺股份,10.28,4.79,0.47,0.0,3.32,1.14,5.71,303000000.0,900000000.0,9255000000.0,52.10
sz000623,吉林敖东,17.31,4.78,0.79,0.0,2.61,4.17,5.02,516000000.0,1159000000.0,20068000000.0,10.36
sz001323,慕思股份,38.23,4.74,1.73,0.03,8.02,1.59,6.14,121000000.0,40010000.0,1530000000.0,37.75
sh600536,中国软件,52.66,4.73,2.38,0.0,4.56,2.49,3.52,1986000000.0,836000000.0,44014000000.0,亏损
sh600191,华资实业,6.2,4.73,0.28,0.0,2.43,1.52,5.74,72064000.0,484999999.99999994,3007000000.0,16.93
sh688278,特宝生物,34.61,4.72,1.56,0.17,1.17,0.76,6.42,110000000.00000001,278000000.0,9610000000.0,41.82
sz300819,聚杰微纤,14.77,4.68,0.66,0.0,5.8,2.62,12.69,115999999.99999999,135000000.0,1989999999.9999998,70.81
sz300662,科锐国际,38.13,4.67,1.7,-0.13,2.06,0.8,7.16,150000000.0,196000000.0,7484000000.0,56.34
873305,九菱科技,11.01,4.66,0.49,0.0,10.31,4.65,7.41,12734500.0,11215400.0,123000000.0,10.94
sz000046,*ST泛海,1.35,4.65,0.06,0.0,1.31,0.76,5.43,90772300.0,5194000000.0,7012000000.0,亏损
sh688588,凌志软件,14.24,4.63,0.63,0.0,2.13,1.59,5.95,87062600.0,290000000.0,4136000000.0,35.77
sz000659,珠海中富,3.17,4.62,0.14,0.32,2.34,1.58,5.94,94398500.0,1286000000.0,4076000000.0,亏损
sz300918,南山智尚,13.82,4.62,0.61,0.15,4.68,2.61,5.6,69181800.0,108000000.0,1498000000.0,38.80
sh600009,上海机场,46.46,4.62,2.05,0.0,1.55,1.99,5.47,1358000000.0,1927000000.0,89526000000.0,亏损
sz002958,青农商行,2.95,4.61,0.13,0.0,2.38,4.11,6.74,340000000.0,4892000000.0,14432000000.0,4.12
sz301336,趣睡科技,52.74,4.58,2.31,-0.11,34.73,1.77,10.87,185000000.0,10000000.0,526999999.99999994,82.14
sh600643,爱建集团,5.5,4.56,0.24,0.0,1.56,3.63,5.32,137000000.0,1619000000.0000002,8905000000.0,10.50
sh600675,中华企业,3.69,4.53,0.16,0.0,1.16,1.36,7.93,254999999.99999997,6096000000.0,22495000000.0,亏损
sh688426,康为世纪,33.31,4.52,1.44,-0.06,6.62,3.6,3.98,54986000.0,25121500.0,836999999.9999999,234.26
sh603630,拉芳家化,16.66,4.52,0.72,0.06,4.11,2.24,4.64,152000000.0,225000000.0,3752000000.0000005,25.78
sz002918,蒙娜丽莎,20.44,4.5,0.88,-0.34,7.22,1.4,9.05,322000000.0,219000000.0,4486000000.0,307.45
sz300471,厚普股份,14.41,4.5,0.62,0.0,4.7,1.47,7.9,229000000.0,337000000.0,4860000000.0,亏损
sz300731,科创新源,20.22,4.5,0.87,0.0,5.71,1.1,9.41,137000000.0,120000000.0,2429000000.0,亏损
sz002193,如意集团,7.45,4.49,0.32,0.0,16.86,1.45,10.66,330000000.0,261000000.0,1944000000.0000002,亏损
sz002936,郑州银行,2.33,4.48,0.1,0.43,3.47,3.69,7.17,530999999.99999994,6693000000.000001,15594999999.999998,4.46
sz002423,中粮资本,8.64,4.47,0.37,0.0,2.16,2.52,6.05,425000000.0,2304000000.0,19907000000.0,13.25
sh688509,正元地信,4.91,4.47,0.21,0.0,5.08,2.67,6.6,92158700.00000001,376000000.0,1848000000.0,亏损
sh603828,柯利达,3.98,4.46,0.17,0.51,15.28,2.19,10.76,347000000.0,596000000.0,2372000000.0,98.65
sz002368,太极股份,40.39,4.45,1.72,-0.05,2.95,1.87,7.71,741000000.0,620000000.0,25038000000.0,229.38
sh603138,海量数据,19.77,4.44,0.84,0.05,4.38,3.33,9.56,247000000.00000003,281000000.0,5560000000.0,亏损
sz000550,江铃汽车,19.3,4.44,0.82,0.0,9.8,1.31,12.88,951000000.0,518000000.0,10006000000.0,22.79
sz000977,浪潮信息,47.12,4.43,2.0,0.0,8.61,1.23,7.54,5848000000.0,1470000000.0,69258000000.0,82.47
sz300333,兆日科技,7.09,4.42,0.3,-0.42,7.16,1.49,8.39,165000000.0,334000000.0,2367000000.0,亏损
sh688201,信安世纪,26.82,4.4,1.13,-0.04,1.6,1.31,5.37,39339400.0,93087600.0,2497000000.0,亏损
833575,康乐卫士,17.9,4.37,0.75,0.0,0.58,0.87,5.54,13891800.0,134000000.00000001,2394000000.0,亏损
sz000415,渤海租赁,2.39,4.37,0.1,0.0,1.45,2.63,5.68,184000000.0,5393000000.0,12888999999.999998,15.04
sz301390,经纬股份,50.62,4.35,2.11,0.06,18.7,1.56,6.29,140000000.0,15000000.0,759000000.0,亏损
sz000001,平安银行,12.26,4.34,0.51,0.08,1.21,2.5,5.36,2840000000.0,19406000000.0,237912000000.0,4.07
sh601636,旗滨集团,9.14,4.34,0.38,0.0,2.12,1.02,5.71,512000000.0,2684000000.0,24527000000.0,54.44
sz000596,古井贡酒,277.56,4.34,11.54,-0.01,0.66,1.22,5.49,737000000.0,409000000.0,113410999999.99998,23.37
sh600050,中国联通,5.3,4.33,0.22,-0.19,1.42,1.89,5.51,2301000000.0,30966000000.000004,164118000000.0,18.60
sz301328,维峰电子,54.2,4.33,2.25,0.32,4.54,1.24,6.78,62665800.0,26160800.0,1418000000.0,31.27
sh601528,瑞丰银行,5.56,4.32,0.23,0.0,4.16,2.7,6.0,181000000.0,789000000.0,4386000000.0,7.47
sz301106,骏成科技,38.02,4.31,1.57,0.0,8.1,1.16,6.56,62656300.0,20846700.0,793000000.0,59.57
sh600036,招商银行,35.1,4.28,1.44,0.09,0.61,2.19,5.58,4358000000.0,20629000000.0,724076000000.0,5.70
sh688179,阿拉丁,21.27,4.26,0.87,0.05,2.73,1.41,4.71,58857700.00000001,103000000.0,2196000000.0,61.07
sh603589,口子窖,60.88,4.26,2.49,-0.02,2.18,1.62,5.67,779000000.0,597000000.0,36337000000.0,17.05
sz001979,招商蛇口,13.99,4.25,0.57,0.14,0.74,1.26,4.62,796000000.0,7738000000.0,108254000000.0,27.10
sz301108,洁雅股份,37.89,4.24,1.54,0.03,5.84,3.32,7.29,77722500.0,35323000.0,1338000000.0,20.64
sh688599,天合光能,37.93,4.23,1.54,0.0,1.01,1.53,6.38,721000000.0,1910000000.0000002,72442000000.0,11.66
sz300350,华鹏飞,4.69,4.22,0.19,0.0,4.12,3.15,5.78,89193000.0,468000000.0,2197000000.0,亏损
sh603137,恒尚节能,21.97,4.22,0.89,0.0,22.65,1.3,7.78,159000000.0,32010300.000000004,703000000.0,11.00
sh603737,三棵树,78.88,4.2,3.18,0.33,0.89,1.29,4.48,365000000.0,526999999.99999994,41571000000.0,393.35
sz300892,品渥食品,26.3,4.2,1.06,0.23,20.68,1.2,8.72,172000000.0,31648800.0,832000000.0,亏损
sz300771,智莱科技,11.69,4.19,0.47,-0.26,4.47,1.9,6.68,83981400.0,165000000.0,1929000000.0,亏损
sz300663,科蓝软件,13.95,4.18,0.56,0.0,3.36,1.92,4.93,187000000.0,403000000.0,5628000000.0,亏损
sz300242,佳云科技,3.49,4.18,0.14,0.0,5.28,2.73,7.76,113999999.99999999,627000000.0,2189000000.0,亏损
sh600053,九鼎投资,13.97,4.18,0.56,0.14,0.99,2.1,5.59,59481899.99999999,434000000.0,6057000000.0,亏损
sz300465,高伟达,9.54,4.15,0.38,0.0,3.66,1.74,5.46,154000000.0,447000000.0,4261999999.9999995,101.48
sh603605,珀莱雅,116.22,4.12,4.6,0.19,0.62,1.34,4.85,280000000.0,394000000.0,45789000000.0,55.44
sh601888,中国中免,125.97,4.12,4.98,0.02,1.67,1.46,5.82,4036999999.9999995,1952000000.0,245953000000.00003,33.72
sz000617,中油资本,7.34,4.11,0.29,0.0,1.69,2.67,5.96,1538000000.0,12642000000.0,92793000000.0,10.60
sz301287,康力源,43.29,4.11,1.71,0.09,24.36,1.32,5.08,172000000.0,16670000.0,722000000.0,34.10
sh601318,中国平安,51.93,4.11,2.05,0.02,1.19,1.88,5.91,6565000000.000001,10763000000.0,558905000000.0,6.16
sz301295,美硕科技,38.81,4.1,1.53,0.0,34.54,3.1,12.69,227000000.0,17070600.0,663000000.0,57.62
sh688308,欧科亿,41.88,4.1,1.65,0.1,1.45,0.94,5.99,66423500.0,111000000.00000001,4641000000.0,28.01
sz300492,华图山鼎,60.2,4.1,2.37,0.02,0.43,0.86,5.83,36112500.0,140000000.0,8456999999.999999,亏损
sz300773,拉卡拉,19.31,4.1,0.76,0.1,3.32,2.11,6.25,480999999.99999994,758000000.0,14631000000.0,14.97
sh600337,美克家居,3.31,4.09,0.13,0.0,1.95,2.39,5.97,94940200.0,1480000000.0,4897000000.0,亏损
sz002703,浙江世宝,16.09,4.08,0.63,-0.06,21.78,1.41,14.29,1896000000.0,553000000.0,8899000000.0,350.20
sz301116,益客食品,16.95,4.05,0.66,0.18,13.57,1.59,8.29,269000000.0,117000000.0,1975000000.0,16.26
sz000069,华侨城Ａ,4.88,4.05,0.19,0.21,1.2,1.93,4.69,405999999.99999994,7056000000.0,34435000000.0,亏损
sh603307,扬州金泉,49.43,4.04,1.92,0.04,9.52,2.26,7.05,78753200.0,16750000.0,827999999.9999999,14.09
sh688177,百奥泰,29.41,4.03,1.14,0.03,0.24,0.93,5.13,29142700.0,413999999.99999994,12178000000.0,亏损
838163,方大新材,5.7,4.01,0.22,0.0,0.3,7.0,6.57,1022600.0,60852400.0,347000000.0,17.05
sz300931,通用电梯,8.56,4.01,0.33,-0.23,23.36,1.36,13.37,210000000.0,104000000.0,894000000.0,亏损
sh688266,泽璟制药-U,52.44,4.01,2.02,0.15,1.54,1.83,5.42,114999999.99999999,144000000.0,7531000000.0,亏损
sh688062,迈威生物-U,23.48,3.99,0.9,0.21,3.46,3.27,6.64,162000000.0,200999999.99999997,4726000000.0,亏损
sz300529,健帆生物,24.29,3.98,0.93,-0.04,2.48,2.01,4.92,306000000.0,513000000.0,12449000000.0,24.96
sh688089,嘉必优,22.75,3.98,0.87,0.04,1.99,1.1,6.54,75244600.0,168000000.0,3829000000.0,66.91
sh600782,新钢股份,4.46,3.96,0.17,-0.22,5.22,3.28,6.06,741000000.0,3189000000.0,14222000000.0,37.16
sz002357,富临运业,7.39,3.94,0.28,0.0,4.15,1.71,5.77,95001000.0,313000000.0,2317000000.0,11.62
sz001234,泰慕士,30.09,3.94,1.14,0.13,14.45,1.44,5.49,125000000.0,29066700.0,875000000.0,57.85
sz300468,四方精创,10.56,3.94,0.4,0.1,2.81,2.08,4.92,155000000.0,529000000.0,5587000000.0,95.75
sz300490,华自科技,15.34,3.93,0.58,0.0,4.25,2.48,7.59,211000000.0,325000000.0,4983000000.0,亏损
sh600517,国网英大,5.83,3.92,0.22,0.17,0.68,3.15,5.17,223000000.0,5718000000.0,33338000000.0,18.35
sz002654,万润科技,10.91,3.9,0.41,-0.09,15.65,1.13,5.52,1353000000.0,784000000.0,8554000000.000001,亏损
sz300151,昌红科技,17.56,3.9,0.66,-0.17,2.58,1.64,6.92,144000000.0,321000000.0,5635000000.0,69.82
sz000408,藏格矿业,24.29,3.89,0.91,0.04,1.08,1.26,5.35,409000000.0,1580000000.0,38388000000.0,9.47
sh600153,建发股份,10.18,3.88,0.38,-0.1,1.53,1.62,5.82,438000000.0,2844000000.0,28956000000.0,9.61
sz301011,华立科技,21.98,3.88,0.82,0.0,2.73,1.74,4.92,46277100.0,78261800.0,1720000000.0,140.23
sh688617,惠泰医疗,372.0,3.85,13.8,0.01,0.82,1.6,4.68,135000000.0,45165600.00000001,16802000000.000002,60.55
sz301239,普瑞眼科,111.56,3.84,4.13,0.05,3.27,1.22,5.96,254999999.99999997,70789500.0,7897000000.0,25.70
sz003006,百亚股份,15.99,3.83,0.59,0.06,1.56,1.11,4.8,53048500.0,216000000.0,3447999999.9999995,21.42
sh600006,东风汽车,6.25,3.82,0.23,0.0,3.28,2.33,6.48,405000000.0,2000000000.0,12500000000.0,32.68
sz301320,豪江智能,22.3,3.82,0.82,0.0,17.63,1.02,6.84,166000000.0,42964700.0,958000000.0,78.38
sh688053,思科瑞,61.5,3.8,2.25,0.31,2.36,1.37,6.97,56930900.0,39646100.0,2438000000.0,65.67
sz300928,华安鑫创,46.8,3.79,1.71,0.04,11.85,1.82,7.83,231999999.99999997,42799900.0,2003000000.0,162.46
sh603511,爱慕股份,17.27,3.79,0.63,0.0,4.85,1.87,4.63,45337500.0,54437800.0,940000000.0,13.83
sz002271,东方雨虹,30.51,3.78,1.11,0.07,2.85,0.9,4.12,1710000000.0000002,1986000000.0,60599000000.0,49.83
sh600104,上汽集团,15.17,3.76,0.55,0.07,0.54,2.87,4.92,944000000.0,11683000000.0,177238000000.0,15.92
sh600733,北汽蓝谷,5.8,3.76,0.21,0.17,3.36,2.53,6.08,753000000.0,3911999999.9999995,22691000000.0,亏损
sz002777,久远银海,30.74,3.75,1.11,0.0,4.9,1.59,6.28,598000000.0,399000000.0,12259000000.0,187.31
sz002946,新乳业,15.3,3.73,0.55,0.13,0.49,1.09,4.54,62614500.0,846000000.0000001,12944999999.999998,54.22
sz000882,华联股份,1.95,3.72,0.07,-0.51,5.98,1.86,9.04,321000000.0,2737000000.0,5338000000.0,158.17
sz002180,纳思达,33.25,3.71,1.19,0.0,0.94,1.94,4.77,394000000.0,1279000000.0,42531000000.0,55.64
sz301255,通力科技,46.46,3.71,1.66,-0.04,40.47,1.11,15.27,513000000.0,27200000.0,1264000000.0,72.67
sh688078,龙软科技,47.98,3.7,1.71,0.06,1.34,1.87,5.66,46026899.99999999,72049000.0,3457000000.0,66.92
sh603608,天创时尚,5.06,3.69,0.18,-0.2,3.08,1.33,4.92,64997100.0,420000000.0,2123999999.9999998,亏损
sh603196,日播时尚,19.12,3.69,0.68,0.0,5.0,1.48,11.71,234000000.0,238000000.0,4548000000.0,93.55
sz000828,东莞控股,9.85,3.68,0.35,0.0,1.13,3.56,4.63,114999999.99999999,1040000000.0,10239000000.0,10.13
sh600507,方大特钢,5.1,3.66,0.18,0.0,2.6,2.93,8.94,297000000.0,2244000000.0,11442000000.0,27.64
sh688152,麒麟信安,113.8,3.64,4.0,-0.17,9.45,1.37,10.37,194000000.0,17639100.0,2007000000.0,亏损
sz300972,万辰生物,38.24,3.63,1.34,0.03,5.0,1.13,6.48,142000000.0,74816000.0,2861000000.0,27.88
sh600418,江淮汽车,14.03,3.62,0.49,0.0,5.99,1.61,8.57,1801000000.0000002,2184000000.0,30642000000.0,51.76
sh601668,中国建筑,6.02,3.62,0.21,0.17,0.69,1.36,4.47,1697000000.0,41320000000.0,248748999999.99997,4.28
sh688433,华曙高科,36.73,3.61,1.28,0.11,7.16,1.07,5.16,90824700.0,34555500.0,1269000000.0,185.88
sz002813,路畅科技,34.83,3.6,1.21,0.0,4.5,2.17,7.82,182000000.0,118000000.0,4110000000.0,亏损
sh603958,哈森股份,8.1,3.58,0.28,0.0,2.22,3.28,5.24,39363300.0,219000000.0,1777000000.0,亏损
sh605151,西上海,19.15,3.57,0.66,-0.1,3.97,2.48,6.06,48374700.0,64008900.0,1226000000.0,22.05
sh600287,江苏舜天,5.52,3.56,0.19,0.73,2.41,2.74,4.13,57391500.0,437000000.0,2411000000.0,40.87
sh688302,海创药业-U,53.19,3.56,1.83,-0.24,1.8,1.38,5.53,40250100.0,42846300.0,2279000000.0,亏损
sh601728,中国电信,5.82,3.56,0.2,0.0,1.15,1.84,5.34,1303000000.0,19590000000.0,114016000000.00002,16.68
sh601800,中国交建,11.35,3.56,0.39,0.0,0.49,2.06,5.57,649000000.0,11747000000.0,133331000000.0,8.27
sz000661,长春高新,154.49,3.55,5.3,0.1,2.19,2.77,3.25,1361000000.0,401999999.99999994,62104000000.0,18.24
sh688375,国博电子,78.7,3.55,2.7,0.0,0.43,1.72,5.18,55675900.0,168000000.0,13237000000.0,67.91
sz301129,瑞纳智能,37.49,3.54,1.28,0.92,7.23,2.9,6.96,95983000.0,36202500.0,1357000000.0,185.46
sz002647,仁东控股,5.86,3.53,0.2,0.17,4.99,1.31,4.59,163000000.0,560000000.0,3281000000.0,亏损
sh688602,康鹏科技,11.14,3.53,0.38,-0.18,17.28,0.68,5.02,162000000.0,84728700.00000001,944000000.0,38.82
sh603073,彩蝶实业,20.25,3.53,0.69,0.05,17.02,4.33,5.78,100000000.0,29000000.0,587000000.0,33.09
sh600185,格力地产,6.76,3.52,0.23,0.15,2.76,1.13,5.21,348000000.0,1885000000.0000002,12743000000.0,317.99
sh600690,海尔智家,24.45,3.51,0.83,0.21,0.77,1.95,4.23,1173000000.0,6309000000.0,154244000000.0,14.53
sh605009,豪悦护理,46.22,3.49,1.56,0.09,3.23,1.69,4.39,76399000.0,51655800.0,2388000000.0,22.59
sz000932,华菱钢铁,5.93,3.49,0.2,0.17,4.13,2.44,5.93,1401000000.0,5718000000.0,33908000000.0,14.88
sh600565,迪马股份,2.08,3.48,0.07,-0.48,9.42,1.56,10.45,475000000.0,2492000000.0,5182000000.0,亏损
sh688116,天奈科技,28.29,3.48,0.95,0.0,1.69,1.08,4.68,162000000.0,343000000.0,9718000000.0,61.15
sh600801,华新水泥,13.7,3.47,0.46,0.0,1.27,1.65,3.78,234000000.0,1362000000.0,18658000000.0,28.96
sh603101,汇嘉时代,6.89,3.45,0.23,0.0,2.86,2.46,9.31,93541600.0,470000000.0,3240999999.9999995,8.99
sz002657,中科金财,16.2,3.45,0.54,0.0,3.5,2.68,4.98,167000000.0,297000000.0,4817000000.0,亏损
sh601100,恒立液压,69.0,3.45,2.3,0.12,0.32,1.29,4.72,296000000.0,1341000000.0,92517000000.0,36.98
sz002839,张家港行,4.54,3.42,0.15,0.0,2.32,3.7,4.1,216000000.0,2071000000.0,9400000000.0,4.84
sh603106,恒银科技,5.75,3.42,0.19,0.0,2.14,2.7,7.01,63269900.0,521000000.0,2993000000.0,亏损
sz300973,立高食品,66.96,3.41,2.21,0.0,3.53,1.68,5.13,166000000.0,71045700.0,4757000000.0,56.85
sh603986,兆易创新,114.23,3.41,3.77,0.03,2.63,1.86,3.68,1979000000.0,664000000.0,75862000000.0,126.92
sh601187,厦门银行,5.47,3.4,0.18,0.18,2.33,2.68,4.35,150000000.0,1191000000.0,6516000000.0,5.00
sz000002,万 科Ａ,15.23,3.39,0.5,0.0,1.98,1.41,3.67,2903000000.0,9717000000.0,147985000000.0,31.42
sz300487,蓝晓科技,58.84,3.39,1.93,0.17,0.74,1.23,3.78,130000000.0,302000000.0,17765000000.0,55.23
sz300986,志特新材,19.55,3.38,0.64,-0.05,4.38,1.71,7.25,90338900.0,105000000.0,2062000000.0,652.41
sz000560,我爱我家,3.06,3.38,0.1,-0.33,8.92,1.16,6.08,610000000.0,2250000000.0,6884000000.0,34.81
sz301141,中科磁业,63.37,3.38,2.07,-0.05,32.2,0.99,8.42,409999999.99999994,20271500.0,1285000000.0,107.14
sz002063,远光软件,6.75,3.37,0.22,0.15,1.28,1.12,4.13,150000000.0,1755000000.0,11843000000.0,413.44
sz002966,苏州银行,7.07,3.36,0.23,0.28,0.87,1.96,3.95,216000000.0,3542000000.0,25042000000.0,5.00
sz000532,华金资本,11.71,3.35,0.38,0.09,4.48,1.42,4.68,179000000.0,344000000.0,4022999999.9999995,68.79
sz000961,中南建设,2.16,3.35,0.07,0.0,16.48,1.41,10.05,1323000000.0,3811000000.0,8231999999.999999,亏损
sz300061,旗天科技,6.5,3.34,0.21,0.0,2.82,2.33,6.36,103000000.0,567000000.0,3685000000.0,670.75
sh600400,红豆股份,3.41,3.33,0.11,0.29,1.08,1.99,4.85,83571800.0,2291000000.0,7814000000.0,62.34
sz002776,*ST柏龙,2.17,3.33,0.07,0.0,4.53,0.82,10.0,50718500.0,538000000.0,1167000000.0,亏损
sz002035,华帝股份,6.55,3.31,0.21,0.0,1.79,0.92,3.63,90503500.0,781000000.0,5112000000.0,15.06
sz000338,潍柴动力,12.93,3.27,0.41,0.08,1.21,2.21,4.63,782000000.0,5048000000.0,65275000000.0,15.20
sh600213,亚星客车,11.4,3.26,0.36,-0.09,19.65,1.69,10.78,478000000.0,220000000.00000003,2508000000.0,亏损
sh603002,宏昌电子,5.7,3.26,0.18,0.0,1.56,0.94,4.35,53811800.0,614000000.0,3502000000.0000005,69.80
sz301221,光庭信息,60.92,3.25,1.92,0.0,14.53,1.58,8.3,372000000.0,43506800.0,2650000000.0,220.91
sz002293,罗莱生活,11.12,3.25,0.35,0.36,0.97,1.62,4.08,88277900.00000001,827000000.0,9191000000.0,13.18
sh600808,马钢股份,2.87,3.24,0.09,0.35,1.27,1.77,3.96,215000000.0,5968000000.0,17127000000.000002,亏损
sh601998,中信银行,6.06,3.24,0.19,0.17,0.23,1.72,4.6,476000000.0,34085000000.000004,206553000000.00003,3.88
sz300886,华业香料,24.9,3.23,0.78,-0.04,8.22,4.45,9.24,68181000.0,33144100.0,825000000.0,275.28
sh688059,华锐精密,91.75,3.23,2.87,0.14,1.4,1.06,5.6,45346000.0,35378100.0,3246000000.0,58.62
sz300386,飞天诚信,10.57,3.22,0.33,0.0,2.71,2.57,5.47,68578200.0,242000000.0,2560000000.0,亏损
sz000868,安凯客车,5.77,3.22,0.18,0.0,5.38,1.35,6.26,225000000.0,733000000.0,4231000000.0,亏损
sz002541,鸿路钢构,32.7,3.22,1.02,0.0,0.69,1.28,4.13,112000000.00000001,496000000.0,16213000000.0,28.07
sh600376,首开股份,4.49,3.22,0.14,0.0,2.33,1.52,5.06,266000000.0,2580000000.0,11582000000.0,亏损
sh688561,奇安信-U,50.4,3.21,1.57,0.04,0.62,1.72,4.16,142000000.0,463999999.99999994,23370000000.0,亏损
sh600716,凤凰股份,4.18,3.21,0.13,0.0,3.35,2.1,6.91,130000000.0,936000000.0,3913000000.0000005,24.05
sz002833,弘亚数控,17.37,3.21,0.54,0.0,1.81,1.08,3.92,79741800.0,254999999.99999997,4436000000.0,15.02
sh600519,贵州茅台,1897.0,3.21,58.97,0.01,0.31,1.37,3.92,7330000000.0,1256000000.0,2383007000000.0,28.65
sz000792,盐湖股份,19.97,3.2,0.62,0.1,0.97,1.89,5.07,1042000000.0,5433000000.0,108493000000.0,12.19
sh603323,苏农银行,4.51,3.2,0.14,0.22,2.57,2.72,4.12,177000000.0,1544000000.0,6962000000.0,5.68
sh600830,香溢融通,6.79,3.19,0.21,0.15,2.17,1.76,3.8,66265900.0,454000000.0,3085000000.0,38.81
sh600120,浙江东方,4.22,3.18,0.13,0.48,1.75,2.54,4.4,250000000.0,3415000000.0,14413000000.0,16.92
sh600436,片仔癀,290.07,3.17,8.91,0.02,0.47,1.85,4.03,808000000.0,603000000.0,175004000000.0,57.18
sz002023,海特高新,9.78,3.17,0.3,0.0,4.7,2.14,7.07,301000000.0,659000000.0,6448000000.0,145.41
sz002991,甘源食品,79.28,3.15,2.42,0.29,1.71,1.27,4.88,49172700.00000001,36578800.0,2900000000.0,33.49
sh688687,凯因科技,22.29,3.15,0.68,0.0,2.38,0.41,6.06,61535800.0,118000000.0,2635000000.0,45.05
sz301013,利和兴,13.12,3.15,0.4,0.23,6.5,1.56,5.42,140000000.0,166000000.0,2179000000.0,192.99
430090,同辉信息,2.63,3.14,0.08,0.0,1.27,2.43,5.1,4515900.0,136000000.0,357000000.0,亏损
sz000666,经纬纺机,9.88,3.13,0.3,0.0,4.52,2.2,3.97,130000000.0,294000000.0,2900000000.0,17.84
sh600748,XD上实发,4.61,3.13,0.14,0.22,3.45,0.86,4.47,289000000.0,1845000000.0,8503000000.0,7.43
sz000796,*ST凯撒,4.29,3.12,0.13,0.0,1.05,0.92,4.33,35620400.0,802999999.9999999,3443000000.0,亏损
sh600630,龙头股份,5.95,3.12,0.18,0.51,3.87,2.79,4.16,97453200.0,425000000.0,2528000000.0,50.25
sz301488,豪恩汽电,93.26,3.11,2.81,0.01,44.79,1.31,12.0,819000000.0,19894600.0,1855000000.0,141.20
sh600558,大西洋,4.0,3.09,0.12,0.25,2.59,3.3,4.9,92175100.0,898000000.0,3590000000.0,33.80
sh600107,美尔雅,5.67,3.09,0.17,0.35,2.06,2.54,4.18,41579399.99999999,360000000.0,2041000000.0,亏损
sh600859,王府井,22.68,3.09,0.68,0.09,2.12,1.58,4.27,519000000.00000006,1093000000.0,24800000000.0,28.42
sh600282,南钢股份,3.67,3.09,0.11,0.27,1.85,4.06,3.65,415000000.00000006,6165000000.0,22626000000.0,15.04
sh600702,舍得酒业,153.95,3.09,4.61,0.01,4.19,1.07,5.56,2097000000.0,331000000.0,50917000000.0,22.52
sz000951,中国重汽,17.7,3.09,0.53,0.17,1.0,1.14,5.53,206000000.0,1175000000.0,20794000000.0,23.21
sz301009,可靠股份,12.7,3.08,0.38,0.08,5.16,0.66,3.9,63145000.0,97183799.99999999,1234000000.0,77.78
sz300957,贝泰妮,104.71,3.08,3.13,0.0,3.83,1.64,6.47,860000000.0,217000000.0,22763000000.0,70.06
sh600585,海螺水泥,25.9,3.06,0.77,0.04,1.03,1.43,2.9,1057000000.0,4000000000.0,103592000000.0,13.45
sh601166,兴业银行,16.49,3.06,0.49,0.12,0.53,2.73,3.69,1812000000.0,20774000000.0,342568000000.0,3.41
sh603069,海汽集团,19.18,3.06,0.57,0.05,2.04,1.48,5.7,123000000.0,316000000.0,6061000000.0,亏损
sh601577,长沙银行,8.12,3.05,0.24,0.0,0.55,1.25,4.06,91117600.0,2068000000.0,16788999999.999998,4.12
sh603088,宁波精达,8.85,3.03,0.26,0.0,5.37,2.31,7.45,204999999.99999997,430000000.0,3808000000.0,25.62
sh600019,宝钢股份,6.48,3.02,0.19,0.0,0.61,1.29,4.29,865000000.0,21858000000.0,141639000000.0,19.55
sh601598,中国外运,4.78,3.02,0.14,0.0,0.76,2.26,4.31,188000000.0,5256000000.0,25123000000.0,9.07
sh688472,阿特斯,16.06,3.02,0.47,-0.06,7.17,1.33,6.16,482000000.0,422000000.0,6784000000.0,16.13
sh603983,丸美股份,30.08,3.01,0.88,0.03,0.46,1.02,3.8,55151899.99999999,401000000.0,12062000000.0,38.33
sz300674,宇信科技,16.77,3.01,0.49,0.0,2.11,1.53,4.79,244000000.0,703000000.0,11794000000.0,71.17
sh688690,纳微科技,38.93,2.99,1.13,0.08,1.18,1.22,4.31,85687600.0,189000000.0,7377000000.0,318.01
sh603822,嘉澳环保,35.17,2.99,1.02,0.06,2.17,1.38,4.98,57845500.0,76825900.0,2702000000.0,66.76
sz300084,海默科技,6.55,2.99,0.19,0.0,2.38,2.71,4.72,50907500.0,330000000.0,2160000000.0,亏损
sz301396,宏景科技,35.22,2.98,1.02,-0.03,16.67,0.9,6.7,157000000.0,27413900.0,966000000.0,408.77
sz001209,洪兴股份,17.32,2.97,0.5,0.0,10.18,1.47,4.99,70730300.0,40287900.0,698000000.0,18.61
sh600860,京城股份,12.48,2.97,0.36,0.0,4.67,0.9,6.77,252000000.0,428000000.0,5344000000.0,亏损
sh601012,隆基绿能,29.5,2.97,0.85,0.03,1.81,1.26,4.64,4011999999.9999995,7578000000.0,223552000000.0,15.37
sz301119,正强股份,31.25,2.96,0.9,0.06,61.26,6.9,12.09,544000000.0,27300000.0,852999999.9999999,40.32
sh688793,倍轻松,39.6,2.96,1.14,0.08,2.86,1.55,4.94,37245800.0,33138600.0,1312000000.0,亏损
sz301345,涛涛车业,51.5,2.96,1.48,-0.02,5.2,1.32,4.72,64066899.99999999,23965400.0,1234000000.0,40.37
sh601997,贵阳银行,5.57,2.96,0.16,0.18,1.32,2.77,3.51,260000000.0,3569000000.0,19879000000.0,3.17
sz002029,七 匹 狼,6.62,2.96,0.19,0.15,2.77,2.03,5.13,133000000.0,724000000.0,4791000000.0,14.06
sz002968,新大正,17.48,2.94,0.5,0.0,7.3,0.96,4.89,262000000.0,206000000.0,3593000000.0,21.02
sh603863,松炀资源,20.3,2.94,0.58,0.3,1.68,1.4,4.31,68693000.0,204999999.99999997,4154000000.0,亏损
sz300783,三只松鼠,20.65,2.94,0.59,0.0,2.65,1.27,4.54,153000000.0,281000000.0,5798000000.0,10.80
sh688435,英方软件,70.45,2.94,2.01,0.09,4.06,0.67,3.2,52342200.0,18412600.0,1297000000.0,亏损
sz301177,迪阿股份,36.8,2.94,1.05,0.16,4.38,0.73,3.52,63940600.00000001,40010000.0,1472000000.0,36.46
sz002960,青鸟消防,17.91,2.93,0.51,0.17,1.01,1.45,5.0,112999999.99999999,631000000.0,11293000000.0,42.64
sz300454,深信服,110.7,2.93,3.15,0.0,0.61,1.07,4.1,181000000.0,273000000.0,30239000000.0,亏损
sz002242,九阳股份,15.47,2.93,0.44,-0.07,0.82,1.46,3.59,96487300.0,766000000.0,11845000000.0,24.44
430685,新芝生物,11.27,2.92,0.32,0.0,2.75,3.17,4.2,13747500.0,44584399.99999999,501999999.99999994,16.47
sz002304,洋河股份,142.76,2.92,4.05,-0.01,0.53,1.52,4.18,1126000000.0,1501000000.0,214325000000.0,9.33
sh605068,明新旭腾,24.67,2.92,0.7,0.16,5.31,2.09,7.47,68370000.0,52640000.0,1299000000.0,亏损
sh601116,三江购物,13.76,2.92,0.39,0.0,6.34,0.78,5.83,476000000.0,548000000.0,7536000000.0,43.59
sh603587,地素时尚,15.53,2.92,0.44,0.06,0.57,2.53,4.24,41813500.0,476999999.99999994,7414000000.0,11.34
sh603035,常熟汽饰,21.2,2.91,0.6,-0.05,3.83,1.5,7.18,307000000.0,380000000.0,8056999999.999999,21.89
sz002668,奥马电器,8.13,2.91,0.23,0.0,1.46,1.02,4.81,127000000.0,1084000000.0,8814000000.0,12.93
sz002530,金财互联,8.49,2.91,0.24,0.36,3.14,0.9,4.61,174000000.0,660000000.0,5604000000.0,亏损
sz300408,三环集团,32.19,2.91,0.91,-0.06,0.5,1.06,3.74,297000000.0,1850000000.0,59565000000.0,48.20
sz300078,思创医惠,4.6,2.91,0.13,0.22,1.89,2.26,4.03,71370600.0,836000000.0,3847000000.0,亏损
sz300616,尚品宅配,21.24,2.91,0.6,0.0,3.78,1.58,3.58,104000000.0,129000000.0,2747000000.0,亏损
sh601128,常熟银行,7.08,2.91,0.2,0.0,1.76,2.8,4.07,327000000.0,2643000000.0,18715000000.0,6.10
sh601238,广汽集团,11.34,2.9,0.32,0.09,0.99,2.31,5.08,821000000.0000001,7329000000.000001,83113000000.0,19.33
sz002807,江阴银行,3.91,2.9,0.11,0.0,2.24,3.83,3.68,189000000.0,2169000000.0,8481000000.0,6.84
sz300618,寒锐钴业,34.16,2.89,0.96,0.0,1.91,1.42,3.98,176000000.0,273000000.0,9312000000.0,80.19
sh601186,中国铁建,10.34,2.89,0.29,0.0,0.86,1.44,4.28,1008000000.0,11503000000.0,118944000000.0,5.94
sh605089,味知香,43.51,2.88,1.22,0.12,8.34,1.22,6.15,132000000.0,36570000.0,1591000000.0,42.13
sz002094,青岛金王,3.94,2.87,0.11,0.0,3.4,2.95,3.92,92328500.0,690000000.0,2720000000.0,33.65
sh600031,三一重工,17.56,2.87,0.49,0.06,1.01,1.53,4.22,1490000000.0,8464000000.0,148632000000.0,24.65
sz301193,家联科技,19.0,2.87,0.53,0.05,1.41,1.52,4.66,24652300.0,92460000.0,1757000000.0,49.63
sz300700,岱勒新材,20.08,2.87,0.56,-0.15,5.74,1.71,6.71,200000000.0,172000000.0,3451000000.0,53.31
sz300505,川金诺,20.81,2.87,0.58,-0.1,10.47,1.02,5.98,356000000.0,165000000.0,3433000000.0,359.50
sh688255,凯尔达,29.5,2.86,0.82,1.51,1.6,1.27,6.28,31356600.0,68913000.0,2032999999.9999998,100.89
sz300300,海峡创新,4.32,2.86,0.12,-0.46,3.18,2.0,4.76,90598500.0,671000000.0,2900000000.0,亏损
sh601919,中远海控,10.1,2.85,0.28,0.1,0.84,2.72,3.87,1082000000.0,12815000000.0,129435999999.99998,5.73
sh600981,汇鸿集团,3.25,2.85,0.09,0.31,1.01,1.25,4.43,72970700.0,2242000000.0,7288000000.0,18.34
sh600190,锦州港,3.26,2.84,0.09,0.31,3.1,2.5,4.73,178000000.0,1779000000.0,5801000000.0,63.64
sz301356,天振股份,23.2,2.84,0.64,0.0,4.2,1.52,3.68,52253500.0,54000000.0,1253000000.0,26.27
sz000622,恒立实业,4.35,2.84,0.12,0.23,2.65,1.77,3.31,48605700.0,425000000.0,1850000000.0,亏损
sz002211,宏达新材,4.35,2.84,0.12,-0.46,9.88,0.85,6.15,185000000.0,432000000.0,1880000000.0,亏损
sz300415,伊之密,20.0,2.83,0.55,-0.05,3.81,1.67,7.15,320000000.0,422000000.0,8445999999.999999,26.04
832662,方盛股份,9.82,2.83,0.27,0.0,0.8,0.66,3.87,1891800.0,24180700.0,237000000.0,13.30
sh605177,东亚药业,28.78,2.82,0.79,0.07,5.89,0.85,5.25,94813200.0,56196400.0,1617000000.0000002,35.20
sh603719,良品铺子,25.6,2.81,0.7,-0.08,1.99,1.58,4.7,202999999.99999997,401000000.0,10266000000.0,17.26
sz000685,中山公用,8.05,2.81,0.22,0.25,1.65,2.61,3.45,165000000.0,1253000000.0,10088000000.0,10.26
sz000959,首钢股份,4.03,2.81,0.11,0.25,0.73,1.92,4.59,176000000.0,6013000000.0,24234000000.0,亏损
sz000759,中百集团,5.15,2.79,0.14,0.2,4.06,1.36,4.39,136000000.0,656000000.0,3377000000.0000005,75.98
sh688153,唯捷创芯,64.1,2.79,1.74,-0.08,2.06,2.4,8.0,117000000.0,90000100.0,5769000000.0,亏损
sz003037,三和管桩,13.71,2.77,0.37,-0.07,12.92,0.96,4.57,160000000.0,91021600.0,1248000000.0,84.97
sh601001,晋控煤业,9.27,2.77,0.25,0.22,1.25,2.28,4.77,192000000.0,1673999999.9999998,15515000000.0,5.46
sh600711,盛屯矿业,5.19,2.77,0.14,0.0,1.94,2.88,3.76,312000000.0,3123000000.0,16207000000.0,125.13
sh601665,齐鲁银行,4.08,2.77,0.11,0.0,1.78,3.17,3.78,167000000.0,2320000000.0,9465000000.0,4.60
sz002705,新宝股份,18.19,2.77,0.49,0.33,0.7,1.48,3.73,105000000.0,823000000.0,14969999999.999998,27.17
sh601216,君正集团,4.46,2.77,0.12,0.0,1.02,2.54,3.46,380000000.0,8438000000.0,37634000000.0,11.33
sz002984,森麒麟,34.63,2.76,0.93,0.12,3.1,0.62,6.11,311000000.0,292000000.0,10109000000.0,22.48
sh601319,XD中国人,6.34,2.75,0.17,0.0,0.31,1.76,4.21,686000000.0,35498000000.0,225056000000.0,5.98
sz002790,瑞尔特,11.2,2.75,0.3,0.0,1.26,0.97,5.05,36575300.0,261000000.0,2920000000.0,29.40
sz000652,泰达股份,4.48,2.75,0.12,0.22,2.54,2.42,3.9,166000000.0,1474000000.0,6606000000.0,255.60
sh605337,李子园,19.12,2.74,0.51,0.0,3.68,1.48,4.25,108000000.0,154000000.0,2951000000.0,31.85
sh600649,城投控股,4.5,2.74,0.12,-0.22,1.83,1.34,3.88,206000000.0,2530000000.0,11383000000.0,48.70
sh603198,迎驾贡酒,70.15,2.74,1.87,-0.01,0.52,1.14,4.38,288000000.0,800000000.0,56120000000.00001,20.05
833394,民士达,17.28,2.73,0.46,0.0,2.7,1.34,5.53,16435100.0,35310000.0,610000000.0,31.57
sh603839,安正时尚,7.89,2.73,0.21,-0.13,0.88,1.22,3.12,27519200.0,399000000.0,3150000000.0,28.73
sz000933,神火股份,15.43,2.73,0.41,0.0,1.57,0.99,5.06,538000000.0,2238000000.0,34532000000.0,5.62
sz002078,太阳纸业,12.04,2.73,0.32,0.0,0.79,1.36,3.84,259000000.0,2744000000.0,33037000000.0,14.87
sz002104,恒宝股份,8.66,2.73,0.23,0.12,2.9,1.57,4.03,147000000.0,592000000.0,5128000000.0,44.26
sh603989,艾华集团,22.66,2.72,0.6,0.04,1.15,2.56,5.76,105000000.0,401000000.0,9083000000.0,25.11
sh688336,三生国健,20.45,2.71,0.54,0.2,4.94,1.0,4.52,92631100.0,92741500.0,1897000000.0,94.09
sz002948,青岛银行,3.41,2.71,0.09,0.0,1.27,2.11,3.62,134000000.00000001,3110000000.0,10604000000.0,5.45
sh603356,华菱精工,13.67,2.71,0.36,0.29,2.35,2.04,5.03,42677299.99999999,133000000.0,1823000000.0,亏损
sz000898,鞍钢股份,3.04,2.7,0.08,0.33,0.83,1.55,3.72,200000000.0,7956000000.0,24186000000.0,亏损
sz300685,艾德生物,24.75,2.7,0.65,-0.04,0.74,1.54,3.36,72318800.0,398000000.0,9839000000.0,42.98
sh601717,郑煤机,12.57,2.7,0.33,0.0,0.65,1.82,3.68,123000000.0,1526000000.0,19183000000.0,7.15
sh600683,京投发展,6.5,2.69,0.17,0.15,9.19,0.81,4.9,438000000.0,741000000.0,4815000000.0,9.75
sz300534,陇神戎发,9.61,2.67,0.25,0.0,3.55,2.23,4.92,102000000.0,301000000.0,2892000000.0,36.43
sh600015,华夏银行,5.77,2.67,0.15,0.17,0.31,2.03,2.85,225000000.0,12822999999.999998,73987000000.0,3.92
sh600248,陕建股份,5.0,2.67,0.13,0.0,4.85,1.46,4.31,350000000.0,1451000000.0,7253000000.0,5.76
sz002677,浙江美大,11.17,2.67,0.29,0.0,1.58,1.64,3.22,75796700.0,430000000.0,4809000000.0,17.92
sh603866,桃李面包,10.4,2.67,0.27,0.0,0.92,1.27,3.65,151000000.0,1600000000.0,16637000000.0,28.52
sz002129,TCL中环,29.42,2.65,0.76,0.07,0.82,0.94,3.31,968000000.0,4039000000.0,118838000000.00002,13.20
sz002495,佳隆股份,2.71,2.65,0.07,0.0,2.35,1.27,2.65,45254100.0,714000000.0,1935000000.0000002,亏损
sz002277,友阿股份,3.49,2.65,0.09,-0.29,2.21,1.51,4.41,107000000.0,1394000000.0,4866000000.0,30.95
sh688777,中控技术,54.33,2.65,1.4,-0.22,1.09,1.39,3.68,313000000.0,537000000.0,29199000000.0,115.53
sh601009,南京银行,8.54,2.64,0.22,0.12,0.37,2.82,3.0,286000000.0,9213000000.0,78676000000.0,4.07
sh601916,浙商银行,2.73,2.63,0.07,0.0,1.57,2.05,4.13,914000000.0,21544000000.0,58816000000.0,3.33
sh600717,天津港,4.69,2.63,0.12,0.0,0.67,2.07,2.63,90468200.0,2894000000.0,13572999999.999998,12.12
sh688209,英集芯,16.82,2.62,0.43,-0.18,0.87,1.31,3.6,34743800.0,239000000.0,4013000000.0000005,亏损
sh600208,XD新湖中,2.74,2.62,0.07,0.0,1.48,1.08,3.37,340000000.0,8508000000.0,23311000000.0,8.24
sh603615,茶花股份,9.82,2.61,0.25,0.0,1.66,1.51,3.97,39137800.0,242000000.0,2375000000.0,293.91
sz002327,富安娜,8.65,2.61,0.22,0.12,1.34,1.51,5.69,55805500.0,484999999.99999994,4192000000.0,16.16
sz301519,C舜禹,35.0,2.61,0.89,0.0,69.39,0.93,15.24,934000000.0,39036600.0,1366000000.0,360.24
sh600908,无锡银行,5.51,2.61,0.14,0.0,1.3,2.44,3.35,126000000.0,1773000000.0,9767000000.0,5.41
sz002653,海思科,23.66,2.6,0.6,0.25,0.54,0.86,4.38,59655400.0,476999999.99999994,11278000000.0,229.22
sh600256,广汇能源,7.1,2.6,0.18,0.0,1.69,1.57,3.61,781000000.0,6566000000.0,46617000000.0,3.88
sz002284,亚太股份,10.26,2.6,0.26,-0.1,4.03,0.78,5.3,298000000.0,730000000.0,7488000000.0,49.53
sz002344,海宁皮城,5.13,2.6,0.13,0.2,0.97,1.25,3.8,63572100.0,1281000000.0,6573999999.999999,13.40
sh600887,伊利股份,28.48,2.59,0.72,0.07,0.95,1.66,3.21,1679000000.0,6276000000.0,178727000000.0,12.54
sh603612,索通发展,17.95,2.57,0.45,0.0,1.45,1.31,3.31,112999999.99999999,436000000.00000006,7826000000.000001,亏损
sz002376,新北洋,7.98,2.57,0.2,0.0,0.98,1.16,3.21,48179300.0,625000000.0,4991000000.0,亏损
sh600708,光明地产,2.8,2.56,0.07,0.0,9.58,2.01,6.23,599000000.0,2225000000.0,6231000000.0,203.18
sh600259,广晟有色,37.62,2.56,0.94,0.0,1.6,1.8,4.72,197000000.0,329000000.0,12395000000.0,559.08
sz301229,纽泰格,33.66,2.56,0.84,-0.06,10.67,1.67,7.07,121000000.0,34113700.0,1148000000.0,46.06
sz002636,金安国纪,9.63,2.56,0.24,0.0,1.53,1.81,5.43,106000000.0,723000000.0,6964000000.0,99.36
sh601390,XD中国中,7.64,2.55,0.19,0.13,0.66,1.51,4.43,1002999999.9999999,20364000000.0,155577000000.0,6.00
sh603195,公牛集团,98.34,2.54,2.44,-0.01,0.15,1.48,3.13,133000000.0,888000000.0000001,87324000000.0,29.79
sz300705,九典制药,25.5,2.53,0.63,0.0,1.1,1.34,4.02,59752299.99999999,214000000.0,5468000000.0,28.56
sh603908,牧高笛,44.19,2.53,1.09,0.11,1.66,1.35,4.34,48772700.00000001,66690000.0,2947000000.0,25.51
sh603600,永艺股份,10.14,2.53,0.25,0.1,0.85,1.38,3.24,25936400.0,303000000.0,3067000000.0,16.32
sh600984,建设机械,4.88,2.52,0.12,0.0,1.41,1.29,5.25,85852300.0,1257000000.0,6134000000.0,亏损
sh688196,卓越新能,51.26,2.52,1.26,-0.02,0.46,1.51,4.4,28094300.0,120000000.0,6151000000.0,21.60
sh600278,XD东方创,7.74,2.52,0.19,0.13,1.55,1.28,3.44,80641000.0,679000000.0,5255000000.0,20.55
sh603313,梦百合,11.46,2.5,0.28,-0.09,0.83,1.09,3.67,46108900.0,484999999.99999994,5562000000.0,82.89
sh603848,好太太,15.96,2.5,0.39,-0.06,1.79,1.11,3.15,112999999.99999999,401000000.0,6400000000.0,33.15
sh603667,五洲新春,14.75,2.5,0.36,-0.27,3.16,1.27,6.53,148000000.0,324000000.0,4774000000.0,30.14
sz002818,富森美,14.76,2.5,0.36,0.0,1.6,1.18,3.89,69753100.0,298000000.0,4404000000.0,12.31
sz002594,比亚迪,267.0,2.5,6.51,0.08,1.49,1.66,3.62,4584000000.0,1165000000.0,310992000000.0,47.05
sz001238,浙江正特,23.42,2.5,0.57,0.0,5.12,0.86,5.21,32817500.0,27500000.0,644000000.0,28.47
sz002521,齐峰新材,6.99,2.49,0.17,0.0,3.86,2.35,4.99,108000000.0,403000000.0,2816000000.0,亏损
sz300792,壹网壹创,27.6,2.49,0.67,-0.04,1.79,1.06,3.27,102000000.0,208000000.0,5737000000.0,38.63
sh603039,泛微网络,73.0,2.48,1.77,0.01,0.21,0.75,2.79,39791200.0,261000000.0,19024000000.0,8264.13
sh601766,中国中车,6.61,2.48,0.16,0.15,0.25,1.89,3.41,394000000.0,24328000000.0,160807000000.0,77.07
sz000928,中钢国际,9.52,2.48,0.23,0.21,1.79,1.11,5.06,217000000.0,1291000000.0,12292000000.0,17.89
sz000908,景峰医药,2.9,2.47,0.07,0.35,5.0,0.73,3.89,112000000.00000001,782000000.0,2268000000.0,498.84
sh688819,天能股份,36.93,2.47,0.89,-0.19,1.33,1.5,3.8,63468600.0,131000000.0,4834000000.0,14.53
sh600738,丽尚国潮,5.81,2.47,0.14,-0.17,1.6,1.38,4.76,70535800.0,761000000.0,4419000000.0,45.08
sh600827,百联股份,13.33,2.46,0.32,0.0,0.57,1.62,3.31,121000000.0,1604000000.0,21387000000.0,28.10
sz300577,开润股份,16.68,2.46,0.4,0.3,1.06,0.96,4.05,23552600.000000004,134000000.00000001,2234000000.0,28.56
sz300915,海融科技,42.21,2.45,1.01,-0.31,9.59,1.6,8.84,99103799.99999999,24817500.0,1048000000.0,40.40
sz300207,欣旺达,16.3,2.45,0.39,0.12,1.34,1.53,3.9,374000000.0,1728000000.0,28170000000.0,亏损
sz300542,新晨科技,11.71,2.45,0.28,0.0,1.24,1.5,3.59,34772200.0,242000000.0,2835000000.0,亏损
sz002186,全 聚 德,13.8,2.45,0.33,-0.07,6.16,0.65,6.46,260000000.0,308000000.0,4251000000.0,116.00
sz002857,三晖电气,19.69,2.44,0.47,-0.05,1.34,1.39,6.45,33608000.0,128000000.0,2520000000.0,亏损
sh600882,妙可蓝多,22.24,2.44,0.53,-0.05,1.33,0.99,3.59,150000000.0,512000000.0,11388000000.0,118.03
sh603085,天成自控,10.93,2.44,0.26,0.09,1.62,1.48,7.31,64614399.99999999,370000000.0,4047000000.0,571.52
sz300525,博思软件,16.42,2.43,0.39,0.06,1.45,2.3,4.99,146000000.0,611000000.0,10028000000.0,亏损
sz002622,皓宸医疗,3.37,2.43,0.08,0.0,2.13,1.61,4.86,60094000.0,840000000.0,2831000000.0,亏损
sh601566,九牧王,10.97,2.43,0.26,0.0,1.32,3.27,6.82,84425400.00000001,575000000.0,6304000000.0,16.21
sz000729,燕京啤酒,11.39,2.43,0.27,0.0,1.28,1.48,4.14,363000000.0,2510000000.0,28583999999.999996,124.31
sh600588,用友网络,18.61,2.42,0.44,0.16,0.87,1.23,3.52,546000000.0,3417000000.0,63590000000.0,亏损
sz002640,跨境通,3.81,2.42,0.09,-0.26,5.46,0.55,5.11,287000000.0,1388000000.0,5289000000.0,1207.37
sz000998,隆平高科,16.14,2.41,0.38,0.25,1.94,1.56,4.19,405999999.99999994,1296000000.0,20917000000.0,31.15
sz002472,双环传动,29.32,2.41,0.69,0.0,3.51,1.17,5.69,774000000.0,757000000.0,22203000000.0,36.54
sz301291,明阳电气,32.31,2.41,0.76,0.0,10.92,2.58,4.18,239000000.0,67885800.0,2193000000.0,56.84
sz002197,证通电子,10.22,2.4,0.24,0.0,3.58,1.43,3.81,193000000.0,534000000.0,5461000000.0,102.49
sh603327,福蓉科技,12.36,2.4,0.29,0.0,0.61,1.82,3.98,50901200.0,678000000.0,8376000000.000001,24.99
sz002742,ST三圣,3.84,2.4,0.09,0.0,1.57,1.46,3.47,24794899.999999996,412000000.0,1583000000.0,亏损
sh603551,奥普家居,11.95,2.4,0.28,0.08,0.58,0.94,3.69,27551200.0,399000000.0,4770000000.0,20.01
sz300035,中科电气,11.95,2.4,0.28,0.08,4.94,1.02,7.8,367000000.0,635000000.0,7592000000.0,亏损
sz301258,富士莱,40.6,2.4,0.95,0.05,8.55,1.34,2.88,114999999.99999999,33250000.0,1350000000.0,18.03
sz002875,安奈儿,14.54,2.39,0.34,0.0,17.75,1.69,8.31,453000000.0,173000000.0,2515000000.0,亏损
sh603515,欧普照明,20.1,2.39,0.47,0.15,0.25,0.95,3.82,36466100.0,740000000.0,14866000000.0,38.31
sz002415,海康威视,35.52,2.39,0.83,0.0,0.41,1.58,3.86,1325000000.0,9108000000.0,323532000000.0,45.74
sh603687,大胜达,9.42,2.39,0.22,0.0,1.49,1.84,3.04,58289799.99999999,419000000.00000006,3951000000.0,49.95
sz003016,欣贺股份,10.29,2.39,0.24,0.2,3.24,2.17,4.78,48904200.0,147000000.0,1516000000.0,22.67
sh600223,福瑞达,10.3,2.39,0.24,0.68,0.96,1.06,3.08,100000000.0,1017000000.0,10471000000.0,20.24
sz301066,万事利,16.74,2.38,0.39,0.0,5.99,2.44,4.04,72526600.0,72048600.0,1206000000.0,90.86
sh688033,天宜上佳,18.47,2.38,0.43,0.0,0.61,0.9,3.27,62537400.0,562000000.0,10384000000.0,57.32
sz002301,齐心集团,7.31,2.38,0.17,-0.14,1.22,2.1,3.22,63660200.00000001,718000000.0,5249000000.0,29.59
sz002092,中泰化学,7.31,2.38,0.17,0.14,1.49,1.39,3.5,279000000.0,2576000000.0,18827000000.0,亏损
sh605138,盛泰集团,9.05,2.38,0.21,0.0,1.46,3.16,3.05,39124900.0,297000000.0,2691000000.0,22.26
sz000581,威孚高科,17.68,2.37,0.41,0.0,2.12,1.19,4.29,306000000.0,824000000.0,14569999999.999998,10.68
sz300036,超图软件,22.44,2.37,0.52,0.22,2.94,1.56,3.38,283000000.0,433000000.0,9710000000.0,226.84
sh601077,渝农商行,3.89,2.37,0.09,0.26,0.85,2.0,3.16,291000000.0,8834000000.0,34366000000.0,2.79
sh603617,君禾股份,9.95,2.37,0.23,0.0,0.6,1.2,3.4,22961500.0,391000000.0,3890999999.9999995,101.82
sh688323,瑞华泰,23.38,2.36,0.54,0.0,1.85,1.39,5.17,42049900.0,97734000.0,2285000000.0,亏损
sz300658,延江股份,6.93,2.36,0.16,0.0,2.15,2.04,3.54,33934300.0,227999999.99999997,1581000000.0,82.94
sh601777,力帆科技,3.9,2.36,0.09,-0.26,0.92,1.85,4.2,79950400.0,2250000000.0,8777000000.0,109.56
sz002621,美吉姆,3.9,2.36,0.09,0.26,2.71,1.54,6.04,84560200.0,802000000.0,3129000000.0,亏损
sz300332,天壕能源,10.84,2.36,0.25,-0.09,0.7,1.71,3.68,63422400.0,844000000.0,9147000000.0,11.76
sz300433,蓝思科技,12.15,2.36,0.28,0.08,0.34,1.39,3.12,204000000.0,4961000000.0,60271000000.0,234.04
sh601988,中国银行,3.91,2.36,0.09,0.0,0.12,1.76,3.14,981000000.0,210766000000.0,824093000000.0,4.99
sh600468,百利电气,5.22,2.35,0.12,0.19,4.27,2.21,3.73,240000000.0,1088000000.0,5678000000.0,48.77
sh600814,杭州解百,9.14,2.35,0.21,-0.11,1.62,1.96,4.82,106000000.0,715000000.0,6534999999.999999,14.93
sz300249,依米康,9.14,2.35,0.21,-0.22,2.83,0.99,2.46,95417800.0,368000000.0,3367000000.0,亏损
sz000726,鲁 泰Ａ,6.97,2.35,0.16,-0.14,1.73,2.56,2.94,69532100.0,580000000.0,4042000000.0,15.71
sh600409,三友化工,6.1,2.35,0.14,0.16,1.48,1.06,4.2,184000000.0,2064000000.0,12593000000.0,亏损
sz002291,遥望科技,11.79,2.34,0.27,0.0,3.08,0.94,4.08,315000000.0,877999999.9999999,10346000000.0,亏损
sh688281,华秦科技,192.67,2.34,4.41,-0.06,1.04,1.1,4.84,66966000.0,33723700.0,6498000000.0,75.77
sz002032,苏 泊 尔,49.81,2.34,1.14,0.12,0.28,1.06,3.92,111000000.00000001,803999999.9999999,40034000000.0,22.82
sh600901,江苏金租,4.38,2.34,0.1,-0.23,0.87,1.89,3.04,160000000.0,4232000000.0,18535000000.0,6.83
sh600176,中国巨石,14.9,2.33,0.34,0.0,0.69,1.63,3.23,411000000.00000006,4003000000.0,59647000000.0,16.19
sz000060,中金岭南,5.7,2.33,0.13,0.0,1.89,1.06,3.95,399000000.0,3736999999.9999995,21302000000.0,16.64
sh600802,福建水泥,5.7,2.33,0.13,-0.87,6.0,1.33,4.85,157000000.0,458000000.0,2612000000.0,亏损
sz002434,万里扬,8.79,2.33,0.2,0.11,1.03,1.78,4.89,118000000.0,1311000000.0,11527000000.0,21.79
sz002867,周大生,16.7,2.33,0.38,-0.06,0.45,1.46,3.31,80308800.0,1084000000.0,18096000000.0,12.52
sz000066,中国长城,12.31,2.33,0.28,0.0,1.9,1.24,2.91,730000000.0,3147000000.0,38737000000.0,亏损
sz301181,标榜股份,32.16,2.32,0.73,0.03,17.63,2.56,5.63,219000000.0,39000000.0,1254000000.0,30.22
sh600778,友好集团,7.49,2.32,0.17,0.0,2.7,0.88,5.46,63153300.0,311000000.0,2331000000.0,12.61
sz002110,三钢闽光,4.85,2.32,0.11,0.0,1.21,1.94,4.64,142000000.0,2452000000.0,11890000000.0,亏损
sz300979,华利集团,55.56,2.32,1.26,0.0,1.55,1.13,5.3,126000000.0,146000000.0,8116000000.0,33.69
sz300824,北鼎股份,10.59,2.32,0.24,0.1,1.51,2.09,4.16,50335300.0,316000000.0,3347000000.0,45.91
sh603529,爱玛科技,33.53,2.32,0.76,-0.03,2.3,0.63,4.58,171000000.0,223000000.0,7491000000.0,15.12
sh603255,鼎际得,44.15,2.32,1.0,0.0,5.16,2.19,6.7,76550100.0,33366700.0,1473000000.0,78.07
sh600503,华丽家族,3.09,2.32,0.07,0.0,5.62,1.19,4.64,276000000.0,1602000000.0,4951000000.0,亏损
sh601718,际华集团,3.09,2.32,0.07,0.0,1.42,1.91,2.65,191000000.0,4392000000.0,13569999999.999998,141.67
sz002533,金杯电工,7.96,2.31,0.18,0.0,4.14,2.87,3.73,206000000.0,627000000.0,4995000000.0,12.35
sh600017,日照港,3.1,2.31,0.07,0.32,1.09,1.46,3.3,103000000.0,3076000000.0,9535000000.0,10.82
sz002486,嘉麟杰,3.1,2.31,0.07,0.0,1.81,1.37,2.64,46482400.0,832000000.0,2579000000.0,125.56
sz301215,中汽股份,6.65,2.31,0.15,0.0,4.17,1.64,6.92,208000000.0,767000000.0,5103000000.0,69.93
sh603288,海天味业,45.75,2.3,1.03,0.11,0.46,1.82,4.38,1159000000.0,5561000000.0,254396999999.99997,37.07
sz300917,特发服务,31.1,2.3,0.7,-0.13,26.3,1.13,6.68,718000000.0,86612500.0,2694000000.0,39.53
sz000887,中鼎股份,13.35,2.3,0.3,0.15,2.04,1.45,4.83,353000000.0,1314000000.0,17541000000.0,16.75
sh603189,网达软件,13.81,2.3,0.31,-0.07,1.0,1.1,3.41,36806500.0,270000000.0,3722000000.0,亏损
sz002051,中工国际,11.59,2.29,0.26,0.09,1.61,1.44,5.47,227999999.99999997,1237000000.0,14338000000.0,30.86
sh603730,岱美股份,17.88,2.29,0.4,-0.11,1.11,1.03,6.87,246000000.0,1271000000.0,22732000000.0,36.95
sz000786,北新建材,27.74,2.29,0.62,0.0,0.94,1.07,2.95,424000000.0,1632000000.0,45284000000.0,19.82
sh603766,隆鑫通用,5.37,2.29,0.12,0.0,0.9,1.75,3.81,98663000.0,2054000000.0,11028000000.0,14.90
sz300448,浩云科技,5.82,2.29,0.13,0.0,2.22,1.03,4.75,60987800.0,478000000.0,2779000000.0,391.76
sz002309,ST中利,4.04,2.28,0.09,0.25,1.45,0.92,2.02,40851200.0,707000000.0,2855000000.0,亏损
sh600528,中铁工业,9.88,2.28,0.22,0.0,0.65,1.68,4.14,141000000.0,2222000000.0,21949000000.0,10.46
sh600601,方正科技,3.6,2.27,0.08,-0.28,1.79,0.8,3.41,266000000.0,4170000000.0000005,15013000000.0,亏损
sz301039,中集车辆,13.51,2.27,0.3,0.15,2.71,1.17,6.21,263000000.0,725000000.0,9798000000.0,14.21
sh603811,诚意药业,12.17,2.27,0.27,0.08,1.37,2.02,5.21,54939900.0,327000000.0,3983000000.0,25.05
sh688651,C盛邦,53.18,2.27,1.18,-0.04,47.96,0.66,8.0,398000000.0,15776199.999999998,839000000.0,亏损
sz300872,天阳科技,14.9,2.27,0.33,0.0,2.17,1.6,3.36,81927400.0,256000000.0,3818000000.0,53.92
sh603877,太平鸟,21.25,2.26,0.47,0.0,0.52,1.46,3.22,51569200.0,473000000.00000006,10044000000.0,11.59
sh601339,百隆东方,5.88,2.26,0.13,0.17,0.9,3.5,3.13,78719100.0,1500000000.0,8820000000.0,26.21
sh601618,中国中冶,4.07,2.26,0.09,0.25,0.58,2.06,3.27,413999999.99999994,17853000000.0,72660000000.0,6.25
sz301078,孩子王,11.31,2.26,0.25,0.09,3.38,1.21,4.52,235000000.0,616000000.0,6968000000.000001,414.12
sz000723,美锦能源,7.71,2.25,0.17,0.13,1.47,1.54,4.78,447000000.0,3972000000.0,30623000000.0,20.73
sh601669,中国电建,5.91,2.25,0.13,0.17,1.19,1.83,2.77,914000000.0,13072000000.0,77253000000.0,8.43
sz000958,电投产融,4.55,2.25,0.1,0.22,0.43,1.75,3.15,105000000.0,5383000000.0,24494000000.0,20.39
sh603043,广州酒家,25.95,2.25,0.57,0.04,0.74,1.67,4.25,110000000.00000001,569000000.0,14760000000.0,96.89
sz002956,西麦食品,15.49,2.24,0.34,-0.07,1.52,1.28,3.63,51793600.0,222000000.00000003,3445000000.0000005,22.02
sh688261,东微半导,124.88,2.24,2.74,-0.09,0.93,1.01,3.69,67452200.0,58707900.0,7331000000.0,41.40
sh600720,祁连山,11.85,2.24,0.26,0.0,2.06,2.15,2.24,188000000.0,776000000.0,9198000000.0,215.91
sh600064,南京高科,6.84,2.24,0.15,0.0,1.43,1.22,2.54,167000000.0,1730000000.0,11836000000.0,4.61
sh600569,安阳钢铁,2.28,2.24,0.05,-0.44,2.57,1.91,4.48,166000000.0,2872000000.0,6548999999.999999,亏损
sz002907,华森制药,15.08,2.24,0.33,0.13,1.17,0.65,3.52,52692100.0,302000000.0,4558000000.0,52.30
sh605136,丽人丽妆,11.9,2.23,0.26,0.0,3.75,0.93,3.87,87188400.0,196000000.0,2334000000.0,亏损
sz000902,新洋丰,11.45,2.23,0.25,-0.09,0.97,2.01,3.3,132000000.0,1185000000.0,13572000000.0,9.14
sz002212,天融信,9.62,2.23,0.21,0.21,1.07,1.5,2.98,119000000.0,1168000000.0,11240000000.0,亏损
sz000802,北京文化,7.79,2.23,0.17,0.52,6.54,0.6,5.64,354000000.0,715000000.0,5573000000.0,亏损
sz301192,泰祥股份,27.09,2.23,0.59,0.04,32.31,0.88,8.49,214000000.0,24975000.0,677000000.0,63.47
sh600606,绿地控股,3.22,2.22,0.07,0.63,0.96,1.02,3.17,429000000.0,14054000000.0,45255000000.0,5.68
sz002557,洽洽食品,40.97,2.22,0.89,0.07,0.83,2.66,3.69,170000000.0,507000000.0,20772000000.0,29.18
sh600166,福田汽车,3.69,2.22,0.08,0.27,1.17,1.26,5.26,282000000.0,6575000000.0,24262000000.0,24.80
sz002532,天山铝业,6.92,2.22,0.15,0.0,1.38,1.21,4.87,362000000.0,3839000000.0,26566000000.000004,16.05
sz002154,报 喜 鸟,6.0,2.21,0.13,0.17,2.51,1.44,5.11,163000000.0,1083000000.0,6495999999.999999,8.56
sz300715,凯伦股份,15.24,2.21,0.33,0.0,1.38,1.26,3.56,58497100.0,279000000.0,4251000000.0,42.67
sz300580,贝斯特,22.18,2.21,0.48,0.05,2.02,0.74,5.21,134000000.00000001,301000000.0,6675000000.0,33.29
sz002930,宏川智慧,23.13,2.21,0.5,0.04,0.29,0.94,3.09,28279000.0,430999999.99999994,9968000000.0,38.16
sh600063,皖维高新,5.55,2.21,0.12,0.0,1.29,1.51,3.13,137000000.0,1926000000.0000002,10689000000.0,23.05
sh600611,大众交通,3.24,2.21,0.07,0.0,1.03,1.32,2.52,51753000.0,1563000000.0,5065000000.0,19.32
sh601702,华峰铝业,14.82,2.21,0.32,-0.07,3.96,1.31,6.14,162000000.0,278000000.0,4119000000.0,21.82
sz002551,尚荣医疗,4.17,2.21,0.09,0.0,6.49,3.94,8.09,167000000.0,610000000.0,2545000000.0,125.24
sz002397,梦洁股份,3.71,2.2,0.08,0.0,2.18,1.58,4.68,46375000.0,575000000.0,2134000000.0,63.90
sh603613,国联股份,34.8,2.2,0.75,0.0,1.07,0.8,3.61,263000000.0,722000000.0,25137000000.0,24.55
sz300997,欢乐家,14.39,2.2,0.31,0.07,3.96,0.98,4.47,50508300.0,90000000.0,1295000000.0,18.98
sh603788,宁波高发,13.0,2.2,0.28,0.08,2.77,1.3,5.27,79714700.0,223000000.0,2900000000.0,25.25
sz300901,中胤时尚,11.15,2.2,0.24,0.0,10.1,3.2,4.67,137000000.0,122000000.0,1357000000.0,91.50
sh601000,唐山港,3.72,2.2,0.08,0.54,0.66,1.34,3.3,145000000.0,5926000000.0,22044000000.0,10.67
sz002114,罗平锌电,7.45,2.19,0.16,0.13,4.27,1.62,3.57,102000000.0,323000000.0,2409000000.0,亏损
sz002601,龙佰集团,18.65,2.19,0.4,-0.16,1.35,0.94,3.67,372000000.0,1491000000.0,27802000000.0,19.23
sh600132,重庆啤酒,88.75,2.19,1.9,0.01,2.71,2.31,3.85,1151000000.0,484000000.0,42952000000.0,27.75
sz002537,海联金汇,7.01,2.19,0.15,0.29,2.38,2.25,3.94,195000000.0,1174000000.0,8230000000.0,63.92
sh600561,江西长运,5.61,2.19,0.12,0.36,1.52,1.55,3.28,24109200.0,284000000.0,1596000000.0,亏损
sz002374,中锐股份,4.21,2.19,0.09,0.24,3.56,0.78,3.88,159000000.0,1066000000.0,4489000000.0,亏损
sh600177,雅戈尔,7.02,2.18,0.15,0.14,0.49,1.67,2.48,158000000.0,4629000000.0,32494000000.0,9.37
sh688579,山大地纬,14.05,2.18,0.3,0.0,2.38,1.33,3.93,134000000.00000001,400000000.0,5620000000.0,99.29
sz002821,凯莱英,122.79,2.18,2.62,0.0,1.22,1.5,4.57,484999999.99999994,328000000.0,40287000000.0,18.00
sz300428,立中集团,25.34,2.18,0.54,-0.04,3.01,1.31,5.81,396000000.0,521000000.0,13199000000.0,33.56
sz002490,山东墨龙,4.7,2.17,0.1,0.0,2.43,1.37,4.78,61326500.0,542000000.0,2546000000.0,亏损
831726,朱老六,9.4,2.17,0.2,0.0,0.15,1.04,2.28,802200.0,55939700.0,526000000.0,20.76
sz000568,泸州老窖,244.97,2.17,5.2,0.0,0.65,1.17,3.42,2313000000.0,1465000000.0,358760000000.0,24.28
sz300310,宜通世纪,4.24,2.17,0.09,0.0,1.85,0.78,2.89,53619900.0,692000000.0,2933000000.0,733.85
sh601666,平煤股份,8.01,2.17,0.17,0.25,1.33,2.02,3.7,243000000.00000003,2302000000.0,18436000000.0,4.04
sz300888,稳健医疗,43.4,2.17,0.92,0.21,0.88,1.76,3.58,71511000.0,188000000.0,8148999999.999999,17.11
sh600156,华升股份,4.72,2.17,0.1,0.43,1.79,2.14,4.11,34017700.0,401999999.99999994,1898000000.0,29.90
sh688562,航天软件,26.93,2.16,0.57,0.04,5.57,1.2,4.55,97594900.0,65795700.0,1772000000.0,亏损
sz002323,雅博股份,2.84,2.16,0.06,0.0,1.11,1.05,3.6,65601700.0,2120000000.0,6022000000.0,280.23
sz000333,美的集团,59.74,2.15,1.26,0.18,0.35,1.26,2.92,1424000000.0,6881999999.999999,411133000000.0,13.04
sh600249,两面针,5.69,2.15,0.12,0.0,1.94,1.04,3.23,60047200.0,550000000.0,3130000000.0,170.44
sz000555,神州信息,11.39,2.15,0.24,0.09,0.76,1.24,2.87,83683799.99999999,980000000.0000001,11163000000.0,245.24
sh600857,宁波中百,10.47,2.15,0.22,0.1,1.26,1.25,3.22,29623900.0,224000000.00000003,2349000000.0,39.12
sh688321,微芯生物,22.9,2.14,0.48,-0.04,0.71,1.15,3.08,51369700.0,321000000.0,7343000000.000001,亏损
sh601677,明泰铝业,14.34,2.14,0.3,-0.21,4.15,0.94,4.84,570000000.0,969999999.9999999,13907000000.0,9.83
sz300069,金利华电,14.35,2.13,0.3,0.0,1.35,2.14,3.35,22570000.0,117000000.0,1679000000.0,亏损
sz000825,太钢不锈,4.31,2.13,0.09,0.0,0.83,1.94,2.84,202999999.99999997,5696000000.0,24551000000.0,亏损
sz000869,张 裕Ａ,32.56,2.13,0.68,0.03,0.46,1.5,2.95,68076700.0,453000000.0,14765000000.0,20.36
sh600872,中炬高新,35.95,2.13,0.75,0.34,0.94,0.72,3.64,265000000.0,785000000.0,28233999999.999996,47.16
sz300809,华辰装备,20.14,2.13,0.42,0.1,1.62,1.15,4.06,38432200.0,118000000.0,2382000000.0,84.75
sh688772,珠海冠宇,21.65,2.12,0.45,0.37,1.23,0.83,4.2,200999999.99999997,757000000.0,16382000000.0,亏损
sz002733,雄韬股份,16.84,2.12,0.35,-0.06,1.12,1.63,2.67,68477300.0,365000000.0,6151000000.0,46.13
sz002578,闽发铝业,3.86,2.12,0.08,0.26,1.04,1.49,3.44,34282600.0,861000000.0,3324000000.0,93.66
sz001256,炜冈科技,18.34,2.12,0.38,0.0,3.58,0.87,3.23,23135200.0,35653500.0,654000000.0,35.06
sh600250,南纺股份,6.76,2.12,0.14,0.15,1.67,1.2,4.53,31997199.999999996,284000000.0,1921000000.0,80.62
sz002141,贤丰控股,3.38,2.12,0.07,0.3,0.97,1.32,2.72,36970000.0,1135000000.0,3835000000.0,200.79
sz000008,神州高铁,2.42,2.11,0.05,0.42,1.52,2.23,3.8,95552400.0,2630000000.0,6365000000.0,亏损
sh601326,秦港股份,3.39,2.11,0.07,0.3,0.85,1.98,3.92,137000000.0,4758000000.0,16128000000.0,11.33
sh600415,小商品城,8.25,2.1,0.17,0.0,1.36,0.68,3.09,608000000.0,5456000000.0,45015000000.0,9.26
sh688526,科前生物,23.78,2.1,0.49,0.0,0.71,0.84,3.26,20977500.0,125000000.0,2972000000.0,20.45
sz002036,联创电子,11.17,2.1,0.23,0.09,4.97,0.93,6.12,579000000.0,1051000000.0,11735000000.0,亏损
sz002404,嘉欣丝绸,6.8,2.1,0.14,-0.15,2.26,1.99,3.6,70979500.0,462000000.0,3139000000.0,18.71
sz002348,高乐股份,3.89,2.1,0.08,0.0,1.1,1.44,3.41,37826100.0,889000000.0,3458000000.0,亏损
sh603127,昭衍新药,27.74,2.1,0.57,0.0,0.93,1.04,3.17,160000000.0,630000000.0,17490000000.0,27.70
sh601825,沪农商行,5.85,2.09,0.12,0.17,0.66,2.6,2.44,178000000.0,4622000000.0,27037000000.0,4.03
430198,微创光电,4.39,2.09,0.09,0.0,0.24,4.96,4.88,675600.0,64909399.99999999,285000000.0,亏损
sz300941,创识科技,20.98,2.09,0.43,0.0,2.81,1.21,3.55,49557700.00000001,85205300.0,1788000000.0,69.94
sz300129,泰胜风能,9.27,2.09,0.19,0.0,4.0,1.0,5.4,229000000.0,625000000.0,5798000000.0,23.91
sz002949,华阳国际,15.13,2.09,0.31,0.07,4.75,0.93,4.12,107000000.0,149000000.0,2256000000.0,178.91
sz300004,南风股份,5.86,2.09,0.12,0.17,3.0,1.1,4.36,82696100.0,478000000.0,2798000000.0,亏损
sh601212,白银有色,2.93,2.09,0.06,0.34,0.49,1.67,2.79,106000000.0,7405000000.0,21696000000.0,亏损
sz301309,万得凯,28.33,2.09,0.58,-0.04,1.72,0.84,2.99,12095400.0,25000000.0,708000000.0,47.91
sh603697,有友食品,9.79,2.09,0.2,0.1,0.9,1.18,3.65,37354200.0,428000000.0,4186999999.9999995,22.06
sz300747,锐科激光,28.89,2.08,0.59,0.07,1.39,0.76,3.29,202999999.99999997,507000000.0,14657000000.0,92.88
sz300761,立华股份,19.59,2.08,0.4,0.05,0.32,1.07,3.6,37842000.0,604000000.0,11827000000.0,亏损
sh603161,科华控股,15.68,2.08,0.32,0.06,4.48,1.59,3.45,93284599.99999999,133000000.0,2092000000.0000002,19.80
sh601228,广州港,3.43,2.08,0.07,0.0,0.47,1.86,2.68,104000000.0,6531000000.0,22401000000.0,19.01
sh601279,英利汽车,5.88,2.08,0.12,0.17,8.22,1.15,6.08,93315700.0,195000000.0,1149000000.0,278.41
sz300079,数码视讯,5.89,2.08,0.12,0.17,1.43,1.14,3.29,105000000.0,1264000000.0,7445000000.0,213.02
sz000157,中联重科,6.87,2.08,0.14,0.15,0.63,0.98,2.67,302000000.0,7069000000.0,48562000000.0,18.40
sz002379,宏创控股,4.42,2.08,0.09,0.0,1.48,1.78,4.39,60359900.0,926000000.0,4095000000.0000005,亏损
sh600320,振华重工,3.93,2.08,0.08,0.0,1.35,1.85,3.12,174000000.0,3322000000.0,13055000000.000002,39.96
sz300198,纳川股份,2.95,2.08,0.06,0.34,7.32,1.46,9.34,198000000.0,908000000.0,2679000000.0,亏损
sh601865,福莱特,34.51,2.07,0.7,0.03,0.51,1.78,5.38,299000000.0,1694000000.0000002,58450000000.0,36.22
sh603408,建霖家居,10.85,2.07,0.22,0.0,1.97,0.67,3.01,24974100.0,117000000.0,1268000000.0,26.82
sh688069,德林海,21.72,2.07,0.44,0.09,0.81,2.21,3.85,14412600.0,82000600.0,1780999999.9999998,亏损
sh688348,昱能科技,168.3,2.07,3.41,0.18,1.84,1.02,4.65,174000000.0,57095500.0,9609000000.0,40.06
sh600469,风神股份,6.42,2.07,0.13,0.16,1.93,0.85,4.13,69221000.0,561000000.0,3600000000.0,22.96
sh688478,晶升股份,43.48,2.07,0.88,0.0,5.33,0.88,4.37,65495500.0,28585100.000000004,1243000000.0,616.56
sz000506,中润资源,4.45,2.06,0.09,0.0,8.09,1.09,6.88,330000000.0,928999999.9999999,4133000000.0,亏损
sh600676,交运股份,4.45,2.06,0.09,0.23,1.1,1.69,2.75,49935700.0,1027999999.9999999,4577000000.0,亏损
sz002294,信立泰,33.64,2.06,0.68,-0.03,0.23,0.94,2.91,83700300.0,1115000000.0,37492000000.0,44.45
sz000419,通程控股,5.94,2.06,0.12,-0.17,2.55,1.26,3.09,82275000.0,543000000.0,3227000000.0000005,26.82
sz002331,皖通科技,6.94,2.06,0.14,0.0,1.13,1.04,3.68,30087600.000000004,389000000.0,2702000000.0,亏损
sh688277,天智航-U,15.91,2.05,0.32,-0.06,1.01,0.6,3.34,49352800.0,310000000.0,4928000000.0,206.90
sz301136,招标股份,15.91,2.05,0.32,0.0,15.93,1.16,4.49,260000000.0,104000000.0,1653000000.0,79.19
sh601956,东贝集团,5.97,2.05,0.12,0.17,2.61,2.15,3.08,49730600.00000001,322000000.0,1925000000.0,24.18
sh688365,光云科技,12.95,2.05,0.26,0.0,1.27,1.15,3.0,60312200.0,368000000.0,4769000000.0,亏损
sz002236,大华股份,20.46,2.04,0.41,0.05,2.4,1.0,3.29,955000000.0000001,1957999999.9999998,40061000000.0,17.22
sz300725,药石科技,49.91,2.04,1.0,0.0,1.87,1.27,4.23,155000000.0,168000000.0,8406999999.999999,43.13
sz300324,旋极信息,3.0,2.04,0.06,0.0,1.59,1.26,3.06,80831900.0,1707999999.9999998,5124000000.0,亏损
sh601866,XD中远海,2.51,2.03,0.05,0.0,0.68,2.19,2.03,139000000.0,8234999999.999999,20669000000.0,21.40
sz000963,华东医药,45.7,2.03,0.91,0.09,0.37,1.09,2.43,291000000.0,1750000000.0,79963000000.0,26.53
sz301153,中科江南,66.81,2.03,1.33,-0.18,1.85,1.55,5.04,157000000.0,127000000.0,8506999999.999999,266.02
sh600016,民生银行,4.02,2.03,0.08,0.0,0.35,2.42,2.54,500000000.0,35462000000.0,142558000000.0,3.09
838262,太湖雪,9.05,2.03,0.18,0.0,1.27,10.54,3.27,1775600.0,15496900.0,140000000.0,18.59
sh688186,广大特材,26.65,2.03,0.53,-0.08,0.98,0.96,2.72,55442700.00000001,214000000.0,5710000000.0,19.69
sz002511,中顺洁柔,11.07,2.03,0.22,0.09,0.83,1.37,3.6,119000000.0,1294000000.0,14325000000.0,41.30
sz002687,乔治白,5.03,2.03,0.1,0.4,2.18,1.88,3.04,43821400.0,401999999.99999994,2023000000.0,21.83
sz000800,一汽解放,9.08,2.02,0.18,0.22,0.22,1.38,3.6,90000700.0,4623000000.0,41973000000.0,170.38
sz002517,恺英网络,14.17,2.02,0.28,0.07,1.91,1.03,4.25,515000000.00000006,1907000000.0,27019000000.0,26.31
sh600805,悦达投资,4.57,2.01,0.09,0.44,0.76,1.66,2.9,29382900.0,850000000.0,3886000000.0,159.27
sh603050,科林电气,16.25,2.01,0.32,0.0,1.69,0.85,3.33,61822800.0,227000000.0,3690000000.0,22.67
sz301007,德迈仕,17.29,2.01,0.34,0.0,26.02,1.22,9.91,551000000.0,124000000.0,2137000000.0,83.92
sh600497,驰宏锌锗,5.6,2.0,0.11,0.18,3.19,1.6,3.1,902000000.0,5091000000.0,28511000000.0,12.28
835174,五新隧装,8.15,2.0,0.16,0.0,0.89,1.3,4.13,3810700.0,52865900.0,430999999.99999994,5.60
sz301208,中亦科技,34.65,2.0,0.68,0.12,3.81,0.91,3.18,46035400.0,35443800.0,1228000000.0,32.74
870436,大地电气,6.12,2.0,0.12,0.0,0.12,1.74,4.33,333600.0,44679799.99999999,273000000.0,亏损
sz300205,天喻信息,13.26,2.0,0.26,0.0,0.96,0.7,3.0,53576800.0,426000000.0,5649000000.0,78.19
sz003040,楚天龙,17.85,2.0,0.35,0.06,2.16,1.99,2.97,82977400.0,217000000.0,3865999999.9999995,47.60
sz000629,钒钛股份,4.08,2.0,0.08,0.25,0.9,1.59,3.5,311000000.0,8590000000.0,35046000000.0,28.78
sz300883,龙利得,6.65,1.99,0.13,-0.15,2.75,1.22,2.3,43204000.0,237000000.0,1574000000.0,107.91
sz301092,争光股份,27.65,1.99,0.54,0.04,6.0,2.06,5.57,70450000.0,42855900.0,1185000000.0,44.77
sh688105,诺唯赞,30.74,1.99,0.6,-0.03,0.74,0.95,3.48,37584400.0,167000000.0,5123000000.0,亏损
sz300175,朗源股份,4.1,1.99,0.08,0.24,2.19,1.04,2.98,41909100.0,471000000.0,1930000000.0,亏损
sz300879,大叶股份,17.95,1.99,0.35,-0.17,4.55,0.72,3.86,44366300.0,55000000.0,986999999.9999999,43.97
sz002311,海大集团,49.76,1.99,0.97,0.12,0.34,2.23,3.98,283000000.0,1663000000.0,82729000000.0,50.74
sz300290,荣科科技,4.63,1.98,0.09,0.22,1.57,1.0,3.52,45885000.0,639000000.0,2957000000.0,亏损
sz002482,*ST广田,2.06,1.98,0.04,-0.48,1.09,0.88,4.95,33868400.0,1529000000.0,3150000000.0,亏损
sz300998,宁波方正,31.93,1.98,0.62,0.03,9.3,1.61,6.55,103000000.0,35000000.0,1118000000.0,241.36
sh601818,光大银行,3.09,1.98,0.06,0.0,0.37,1.92,2.97,521000000.0,46407000000.0,143397000000.0,3.69
sz000529,广弘控股,6.7,1.98,0.13,0.15,1.01,1.26,2.13,38090600.0,570000000.0,3818000000.0,47.97
sz300228,富瑞特装,6.19,1.98,0.12,0.0,2.19,1.46,2.96,73087400.0,543000000.0,3361000000.0,327.88
sh601288,农业银行,3.61,1.98,0.07,0.0,0.1,1.48,2.83,1174000000.0,319244000000.0,1152472000000.0,4.41
sz300608,思特奇,9.29,1.98,0.18,-0.32,2.09,0.84,3.84,52012200.0,271000000.0,2518000000.0,亏损
sz000957,中通客车,11.87,1.98,0.23,0.0,11.17,1.2,7.65,776000000.0,593000000.0,7038000000.0,85.13
sz000672,上峰水泥,10.33,1.97,0.2,0.0,1.72,1.16,2.76,171000000.0,969000000.0,10014000000.0,14.51
sz002820,桂发祥,11.9,1.97,0.23,0.0,9.08,0.75,4.71,215000000.0,200000000.0,2384000000.0,23.40
sh601169,北京银行,4.66,1.97,0.09,0.22,0.3,1.24,2.19,291000000.0,21143000000.0,98526000000.0,3.29
sz002352,顺丰控股,49.75,1.97,0.96,0.02,0.38,1.64,3.16,911000000.0,4841000000.0,240852000000.0,35.40
sh601963,重庆银行,8.3,1.97,0.16,0.0,1.37,2.2,3.07,77954500.0,691000000.0,5739000000.0,4.86
sh600500,中化国际,5.72,1.96,0.11,0.18,0.36,1.43,2.85,64646000.0,3122000000.0,17860000000.0,45.47
sz003041,真爱美家,16.64,1.96,0.32,0.0,4.16,3.21,3.25,31629800.0,45817200.0,762000000.0,46.74
sh688339,亿华通-U,63.96,1.96,1.23,0.06,2.01,1.31,4.59,147000000.0,113999999.99999999,7281999999.999999,亏损
sz300017,网宿科技,6.77,1.96,0.13,0.15,1.48,1.03,3.16,225000000.0,2275000000.0,15399000000.0,43.48
sh600276,恒瑞医药,49.05,1.95,0.94,0.02,0.59,1.5,3.35,1830999999.9999998,6374000000.0,312655000000.0,63.13
sz300053,航宇微,12.56,1.95,0.24,-0.32,2.14,0.69,3.57,168000000.0,632000000.0,7939000000.0,80.30
sz002515,金字火腿,4.71,1.95,0.09,0.0,0.9,1.27,1.51,36834200.0,871000000.0000001,4102000000.0000005,55.23
sz000725,京东方Ａ,4.2,1.94,0.08,0.24,0.78,1.2,2.43,1211000000.0,37289000000.0,156613000000.0,162.12
sh689009,九号公司-WD,34.16,1.94,0.65,-0.15,0.68,1.22,3.58,118000000.0,512000000.0,17480000000.0,349.65
sh600487,亨通光电,15.26,1.94,0.29,0.0,1.96,0.98,2.54,734000000.0,2467000000.0,37642000000.0,23.82
sz300975,商络电子,7.9,1.94,0.15,0.0,8.56,1.06,4.39,218000000.00000003,324000000.0,2559000000.0,61.51
sz000807,云铝股份,14.75,1.94,0.28,0.0,1.52,0.97,5.46,774000000.0,3468000000.0,51152000000.0,14.46
sz300347,泰格医药,67.48,1.93,1.28,0.02,1.94,1.23,4.83,735000000.0,570000000.0,38456000000.0,25.89
sh600375,汉马科技,7.38,1.93,0.14,0.14,1.15,1.24,3.45,54658900.0,654000000.0,4829000000.0,亏损
sh603959,百利科技,11.61,1.93,0.22,0.0,2.96,1.76,3.25,168000000.0,490000000.00000006,5692000000.0,20.44
sz000680,山推股份,5.29,1.93,0.1,0.19,1.53,1.0,3.85,85288100.0,1064000000.0,5630000000.0,11.75
sh603321,梅轮电梯,7.94,1.93,0.15,0.13,1.03,1.32,3.34,24895100.000000004,307000000.0,2438000000.0,65.05
sz300125,聆达股份,15.88,1.93,0.3,0.0,0.95,0.91,3.98,39449400.0,264000000.0,4185000000.0,亏损
sz300168,万达信息,10.06,1.93,0.19,0.1,1.39,1.05,3.75,165000000.0,1183000000.0,11903000000.0,亏损
sz300687,赛意信息,23.31,1.92,0.44,0.0,1.48,0.76,2.71,108000000.0,316000000.0,7376000000.000001,亏损
sz300226,上海钢联,28.6,1.92,0.54,0.0,1.72,0.74,3.85,151000000.0,310000000.0,8852000000.0,42.11
sh601996,丰林集团,2.65,1.92,0.05,-0.38,2.57,1.55,8.08,78722200.0,1146000000.0,3036000000.0,亏损
sz002972,科安达,12.73,1.92,0.24,0.16,1.35,0.94,3.12,21113600.0,124000000.0,1580000000.0,30.24
sz002144,宏达高科,11.69,1.92,0.22,0.09,5.06,3.36,3.84,81137200.0,138000000.0,1612000000.0,29.99
sh688521,芯原股份,67.58,1.92,1.27,0.02,0.93,0.99,2.82,130000000.0,209000000.0,14126000000.0,亏损
sh601398,工商银行,4.79,1.92,0.09,0.21,0.1,1.63,2.77,1230000000.0,269612000000.0,1291442000000.0,4.73
sh600315,上海家化,28.76,1.91,0.54,0.1,0.7,1.47,2.8,135000000.0,673000000.0,19361000000.0,21.18
sh603026,胜华新材,59.65,1.91,1.12,0.0,0.88,0.62,3.76,105000000.0,202999999.99999997,12090000000.0,378.16
sh600398,海澜之家,7.46,1.91,0.14,0.0,0.27,0.93,4.78,87038200.0,4320000000.0,32224000000.0,10.03
sh600448,华纺股份,3.2,1.91,0.06,0.31,2.11,1.85,2.87,42378200.0,630000000.0,2014999999.9999998,454.61
sz002095,生 意 宝,20.82,1.91,0.39,0.1,2.9,1.25,4.75,150000000.0,252000000.0,5241000000.0,310.70
sz002042,华孚时尚,3.21,1.91,0.06,0.0,1.17,2.3,2.86,63603500.0,1701000000.0000002,5459000000.0,26.26
sz300541,先进数通,13.38,1.9,0.25,-0.15,3.0,0.85,4.19,101000000.0,254999999.99999997,3410000000.0,134.95
sz000860,顺鑫农业,28.36,1.9,0.53,-0.04,1.98,0.85,3.7,412000000.0,742000000.0,21037000000.0,16.04
sz002362,汉王科技,25.18,1.9,0.47,0.0,7.63,1.41,4.17,401000000.0,206999999.99999997,5210000000.0,亏损
sz300636,同和药业,11.79,1.9,0.22,-0.09,1.2,1.13,3.46,40510900.0,290000000.0,3414000000.0,37.69
sh603053,成都燃气,10.19,1.9,0.19,0.1,0.37,1.61,3.0,33474800.0,889000000.0,9058000000.0,13.38
sh688616,西力科技,12.88,1.9,0.24,0.31,2.1,1.4,3.56,14653300.0,54720000.0,705000000.0,174.83
sz002460,赣锋锂业,59.07,1.9,1.1,0.15,1.28,0.79,3.45,908000000.0,1207000000.0,71324000000.0,12.43
sh688683,莱尔科技,20.95,1.9,0.39,0.0,0.91,1.2,3.89,10993599.999999998,58602900.0,1228000000.0,101.08
sh600219,南山铝业,3.23,1.89,0.06,0.0,0.52,1.28,2.84,194000000.0,11709000000.0,37819000000.0,18.22
sh603355,莱克电气,27.99,1.89,0.52,0.11,0.28,0.86,2.69,43343800.0,566000000.0,15855000000.000002,21.66
sz002319,乐通股份,16.69,1.89,0.31,-0.95,1.93,1.28,4.09,63736800.0,200000000.0,3338000000.0000005,3248.66
sz300777,中简科技,41.49,1.89,0.77,0.02,0.9,1.35,2.16,150000000.0,404000000.0,16750000000.0,30.73
sz002333,罗普斯金,6.47,1.89,0.12,0.0,1.48,1.31,2.68,40710000.0,428000000.0,2766000000.0,46.26
sh688621,阳光诺和,57.84,1.89,1.07,-0.04,0.86,0.9,3.05,34829600.0,71019100.0,4108000000.0,33.78
sh605088,冠盛股份,17.31,1.88,0.32,-0.06,3.91,1.35,5.47,52758100.00000001,78650500.0,1361000000.0,25.60
sz000404,长虹华意,6.51,1.88,0.12,0.0,2.15,0.66,3.13,96380100.0,695000000.0,4525000000.0,18.00
sh601599,浙文影业,3.8,1.88,0.07,0.0,2.94,1.3,2.95,99179100.0,893000000.0,3392000000.0,31.93
sz300532,今天国际,18.46,1.88,0.34,0.0,2.94,0.72,3.26,100000000.0,187000000.0,3458000000.0,15.51
sz002729,好利科技,20.1,1.88,0.37,0.0,2.08,1.06,5.73,72470800.0,175000000.0,3527000000.0000005,170.51
sh603172,万丰股份,17.93,1.88,0.33,0.11,10.28,1.91,5.17,59709900.0,32709600.0,586000000.0,38.87
sz002217,合力泰,3.26,1.88,0.06,0.0,1.09,1.12,2.81,110000000.00000001,3113000000.0,10148000000.0,亏损
sz000036,华联控股,4.35,1.87,0.08,0.0,1.91,1.34,3.04,122000000.0,1480000000.0,6437000000.0,54.32
sz300311,任子行,6.0,1.87,0.11,0.0,2.33,1.57,2.72,74605800.0,537000000.0,3224000000.0,亏损
sh601799,星宇股份,143.0,1.87,2.62,0.61,0.57,0.92,5.76,233000000.0,286000000.0,40852000000.0,50.16
sh688410,山外山,49.21,1.86,0.9,0.02,1.35,0.94,3.21,22828300.0,34742400.0,1710000000.0000002,23.87
sh603518,锦泓集团,10.4,1.86,0.19,0.0,1.81,1.49,4.21,65072100.0,347000000.0,3611000000.0,8.80
sh600297,广汇汽车,2.19,1.86,0.04,0.0,1.95,1.34,3.72,343000000.0,8111000000.0,17764000000.0,8.38
sh600271,航天信息,13.16,1.86,0.24,0.08,0.48,1.17,2.86,117000000.0,1853000000.0,24384000000.0,24.81
sh603993,洛阳钼业,6.03,1.86,0.11,0.17,0.57,1.14,3.38,603000000.0,17666000000.0,106525000000.0,102.68
sh600651,飞乐音响,3.84,1.86,0.07,0.0,0.67,1.07,2.65,31774000.0,1242000000.0,4768000000.0,亏损
sh603939,益丰药房,38.5,1.85,0.7,-0.03,0.29,0.99,3.1,112999999.99999999,1006000000.0,38733000000.0,28.90
sh688489,三未信安,55.14,1.85,1.0,0.04,4.87,1.18,4.23,67761200.0,25153600.0,1387000000.0,亏损
sz000997,新 大 陆,18.21,1.85,0.33,-0.22,0.8,0.79,2.8,149000000.0,1026000000.0,18690000000.0,15.71
sz000752,*ST西发,5.52,1.84,0.1,0.0,5.31,1.36,4.98,75857000.0,264000000.0,1456000000.0,亏损
sz300379,东方通,19.33,1.84,0.35,0.05,1.01,0.97,3.58,83899700.0,433000000.0,8367000000.0,亏损
sh600298,安琪酵母,37.02,1.84,0.67,-0.05,1.08,1.32,2.81,344000000.0,863000000.0000001,31963000000.0,22.82
sh600790,轻纺城,4.42,1.84,0.08,0.0,0.56,1.48,2.54,36306900.0,1466000000.0,6479000000.000001,22.82
sh601106,中国一重,3.32,1.84,0.06,0.0,0.63,2.15,2.76,143000000.0,6858000000.0,22768000000.0,152.67
sh688022,瀚川智能,30.99,1.84,0.56,1.31,0.78,1.06,3.25,35823100.0,152000000.0,4709000000.0,亏损
sh600919,江苏银行,7.2,1.84,0.13,0.0,0.95,2.78,2.4,1048000000.0,15437000000.0,111150000000.0,3.40
sh603333,尚纬股份,4.99,1.84,0.09,0.2,1.6,1.73,3.67,49167900.0,622000000.0,3101000000.0,444.58
sh688155,先惠技术,48.26,1.84,0.87,0.0,0.94,0.97,3.54,15011500.0,33255700.0,1605000000.0,54.42
sh688556,高测股份,49.45,1.83,0.89,-0.08,2.53,1.39,6.3,295000000.0,240000000.0,11846000000.0,12.53
sz300573,兴齐眼药,177.03,1.83,3.18,-0.37,1.5,0.45,4.01,179000000.0,68029600.0,12043000000.0,202.55
sh600664,哈药股份,3.34,1.83,0.06,0.3,0.92,1.22,1.83,76572000.0,2518000000.0,8411000000.0,17.24
sz300257,开山股份,14.48,1.83,0.26,0.0,0.19,0.83,2.95,25486400.0,953999999.9999999,13816000000.0,47.14
sz002424,贵州百灵,8.36,1.83,0.15,0.0,1.78,1.26,2.68,177000000.0,1201000000.0,10038000000.0,31.95
sz000416,*ST民控,2.23,1.83,0.04,0.45,1.79,1.23,4.57,21054000.0,532000000.0,1186000000.0,亏损
sz300985,致远新能,24.54,1.83,0.44,-0.04,5.56,0.88,4.19,49873100.00000001,36333400.0,892000000.0,亏损
sh603966,法兰泰克,10.04,1.83,0.18,0.0,1.34,1.52,5.27,48240100.0,360000000.0,3615999999.9999995,38.42
sh600829,人民同泰,7.25,1.83,0.13,0.0,0.87,1.25,2.53,36245600.0,580000000.0,4204000000.0,14.64
sh601003,柳钢股份,4.47,1.82,0.08,0.22,1.39,1.85,5.92,158000000.0,2563000000.0,11456000000.0,10.66
sz300752,隆利科技,16.24,1.82,0.29,0.0,0.93,1.03,3.01,19884600.0,133000000.0,2159000000.0,亏损
sz000402,金 融 街,5.04,1.82,0.09,0.2,0.98,1.26,2.63,147000000.0,2988000000.0,15059000000.0,亏损
sz000034,神州数码,25.22,1.82,0.45,0.0,2.12,1.13,3.31,295000000.0,550000000.0,13869999999.999998,20.18
sz300842,帝科股份,67.39,1.81,1.2,0.02,5.73,1.06,4.77,331000000.0,85773000.0,5780000000.0,19.58
sh601816,XD京沪高,5.62,1.81,0.1,0.18,0.17,2.01,2.54,478000000.0,49106000000.0,275978000000.0,30.99
sh601155,新城控股,16.3,1.81,0.29,0.18,3.05,1.31,5.0,1111000000.0,2256000000.0,36767000000.0,13.96
sz300077,国民技术,13.49,1.81,0.24,-0.15,1.18,0.88,3.25,87254500.0,556000000.0,7505000000.0,亏损
sz002127,南极电商,3.94,1.81,0.07,0.0,1.47,1.06,3.1,113999999.99999999,1995000000.0,7859000000.0,67.83
sh601117,中国化学,8.45,1.81,0.15,0.12,0.93,1.92,2.89,470000000.0,6050000000.0,51118000000.0,11.62
sh600704,物产中大,5.08,1.8,0.09,0.4,1.41,2.12,2.2,362000000.0,5115000000.0,25983000000.0,6.81
sz300093,金刚光伏,23.16,1.8,0.41,0.0,1.29,0.89,2.51,64030500.0,215000000.0,4987000000.0,亏损
sz300383,光环新网,10.18,1.8,0.18,0.0,1.22,1.24,3.6,221000000.0,1794000000.0000002,18260000000.0,26.36
sz002465,海格通信,10.18,1.8,0.18,0.0,0.62,0.81,2.8,142000000.0,2253000000.0,22938000000.0,138.77
sz002167,东方锆业,7.36,1.8,0.13,0.14,2.53,1.35,4.29,127000000.0,686000000.0,5047000000.0,144.92
sh600307,酒钢宏兴,1.7,1.8,0.03,0.0,1.71,1.48,4.19,180000000.0,6263000000.0,10648000000.0,86.60
sh600234,科新发展,7.37,1.8,0.13,-0.14,2.85,1.21,5.39,42106800.0,202000000.0,1492000000.0,亏损
sz002774,快意电梯,7.95,1.79,0.14,-0.13,3.06,1.72,8.58,69857700.0,282000000.0,2240000000.0,56.10
sz000088,盐 田 港,5.11,1.79,0.09,0.0,0.41,1.83,2.59,46768800.0,2249000000.0,11493000000.0,27.04
sh601699,潞安环能,17.04,1.79,0.3,0.12,0.45,0.79,3.05,225999999.99999997,2991000000.0,50974000000.0,3.77
sz002483,润邦股份,5.68,1.79,0.1,0.0,1.09,1.11,3.76,54179300.0,885000000.0,5028000000.0,29.90
sh601333,广深铁路,3.41,1.79,0.06,-0.29,1.06,1.11,4.48,204000000.0,5652000000.0,19274000000.0,14.90
sz000929,兰州黄河,10.23,1.79,0.18,0.0,4.46,1.36,2.89,84099500.0,186000000.0,1900000000.0,亏损
sh600620,天宸股份,12.52,1.79,0.22,0.0,1.06,2.83,3.17,90270700.0,687000000.0,8597000000.0,287.25
sh600889,南京化纤,5.12,1.79,0.09,0.39,1.29,1.63,4.37,24026000.0,366000000.0,1876000000.0000002,亏损
sh688396,华润微,56.35,1.79,0.99,0.0,0.26,1.41,2.78,195000000.0,1320000000.0,74387000000.0,48.89
sh688553,汇宇制药-W,14.24,1.79,0.25,0.0,0.6,1.49,2.72,24390200.0,289000000.0,4119000000.0,39.28
sz002089,*ST新海,1.14,1.79,0.02,0.89,1.88,1.07,3.57,26566900.0,1259000000.0,1435000000.0,40.94
sh688658,悦康药业,18.27,1.78,0.32,0.0,1.27,0.64,3.29,47322299.99999999,204999999.99999997,3738000000.0000005,24.11
sz002631,德尔未来,5.71,1.78,0.1,0.0,0.55,1.12,2.32,20524500.0,655000000.0,3740000000.0,亏损
sh600425,青松建化,4.57,1.78,0.08,0.0,1.43,0.77,2.23,89690800.0,1379000000.0,6301000000.0,258.84
sh605189,富春染织,16.56,1.78,0.29,0.06,2.0,1.53,3.13,16480900.0,49923000.0,827000000.0,27.32
sz000848,承德露露,9.15,1.78,0.16,0.22,1.59,1.39,2.56,152000000.0,1052999999.9999999,9631000000.0,10.07
sh603345,安井食品,155.6,1.78,2.72,-0.16,0.58,1.14,2.98,265000000.0,293000000.0,45637000000.0,31.55
sh688223,晶科能源,12.59,1.78,0.22,0.0,1.56,1.1,3.96,383000000.0,1960000000.0000002,24676000000.0,18.98
sz300729,乐歌股份,16.6,1.78,0.29,-0.06,1.48,0.91,2.33,72787700.0,296000000.0,4919000000.0,3.26
sz000965,天保基建,4.58,1.78,0.08,-0.22,9.23,1.15,5.11,469000000.00000006,1110000000.0,5083000000.0,57.73
sh605056,咸亨国际,13.19,1.77,0.23,-0.08,1.07,1.09,3.4,21680100.000000004,156000000.0,2061000000.0,104.61
sz002780,三夫户外,13.76,1.77,0.24,0.0,2.15,1.07,3.7,38475900.0,131000000.0,1798000000.0,65.34
sz000995,*ST皇台,17.21,1.77,0.3,0.35,0.91,1.54,3.55,27843300.0,177000000.0,3053000000.0,309.95
sh600758,辽宁能源,4.59,1.77,0.08,-0.22,1.12,1.5,3.33,67385700.0,1321000000.0,6062000000.0,5.28
sh688126,沪硅产业,21.23,1.77,0.37,-0.05,0.34,1.2,2.25,198000000.0,2720000000.0,57752000000.0,138.36
sh603655,朗博科技,24.67,1.77,0.43,0.04,0.86,1.39,4.25,22235900.0,106000000.0,2615000000.0,251.26
sz300907,康平科技,21.8,1.77,0.38,-0.05,3.51,1.47,3.78,27870300.000000004,36958500.0,806000000.0,76.09
sz301048,金鹰重工,12.06,1.77,0.21,0.0,5.85,1.73,5.91,93062800.0,133000000.0,1607999999.9999998,24.68
sh600308,华泰股份,4.02,1.77,0.07,0.25,0.96,2.08,2.79,58277500.0,1517000000.0,6098000000.0,14.28
sz300247,融捷健康,3.45,1.77,0.06,0.0,2.03,1.68,2.65,55954300.0,802999999.9999999,2771000000.0,61.98
sh600595,中孚实业,2.88,1.77,0.05,0.0,0.53,1.66,3.53,60368200.0,3965000000.0,11418000000.0,14.51
sh600663,陆家嘴,10.95,1.77,0.19,0.0,0.38,1.25,3.07,122000000.0,2933000000.0,32120999999.999996,24.62
836077,吉林碳谷,20.17,1.77,0.35,0.0,0.22,1.19,3.53,7137600.0,161000000.0,3254999999.9999995,15.77
sh600000,浦发银行,7.5,1.76,0.13,0.13,0.16,1.74,2.58,347000000.0,29352000000.0,220141000000.0,3.48
sh600438,通威股份,34.61,1.76,0.6,0.03,0.68,1.39,2.79,1046000000.0000001,4502000000.0,155813000000.0,4.53
sh688981,中芯国际,50.26,1.76,0.87,0.0,0.95,1.26,2.75,933000000.0,1957000000.0,98379000000.0,62.58
sh601328,交通银行,5.78,1.76,0.1,0.17,0.3,1.78,2.99,686000000.0,39251000000.0,226869999999.99997,4.36
sz000061,农 产 品,6.94,1.76,0.12,0.0,0.65,1.08,2.79,76204100.0,1697000000.0,11777000000.0,33.79
sz300196,长海股份,14.47,1.76,0.25,0.0,0.67,1.13,2.6,23732700.0,246000000.0,3565000000.0,18.18
sh600745,闻泰科技,45.16,1.76,0.78,-0.02,1.22,1.04,3.42,676000000.0,1243000000.0,56125000000.0,30.48
sz300782,卓胜微,116.66,1.75,2.01,0.03,0.91,0.96,2.61,447000000.0,422000000.0,49263000000.0,133.65
sz300248,新开普,9.3,1.75,0.16,0.0,1.42,0.9,3.06,51902000.0,397000000.0,3692000000.0,亏损
sh603185,弘元绿能,49.45,1.75,0.85,-0.04,0.61,1.0,3.13,171000000.0,572000000.0,28270000000.0,10.55
839371,欧福蛋业,3.49,1.75,0.06,0.0,0.73,0.42,2.33,1347700.0,53107600.0,185000000.0,14.55
sh600361,创新新材,5.24,1.75,0.09,0.19,1.95,1.83,4.47,47648200.0,468000000.0,2453000000.0,19.73
sh600933,爱柯迪,23.32,1.75,0.4,-0.09,0.68,0.72,6.89,141000000.0,896000000.0000001,20897000000.0,30.85
sz002489,浙江永强,4.1,1.74,0.07,-0.24,1.42,1.1,2.48,109000000.00000001,1880999999.9999998,7714000000.0,5.50
sh600380,健康元,12.89,1.74,0.22,0.0,0.53,1.2,2.37,131000000.0,1912000000.0,24642000000.0,13.31
sz300234,开尔新材,5.86,1.74,0.1,0.0,2.55,1.18,2.6,50560600.00000001,341000000.0,1997000000.0,69.40
sh601608,中信重工,4.11,1.73,0.07,0.24,0.72,2.15,3.46,127000000.0,4339000000.0,17835000000.0,55.69
sh688267,中触媒,21.72,1.73,0.37,-0.14,1.89,1.35,2.58,26130500.0,64049200.0,1391000000.0,466.63
sh600377,宁沪高速,9.4,1.73,0.16,0.21,0.16,0.55,1.62,56461200.0,3802000000.0000005,35741000000.0,9.65
sz300996,普联软件,26.45,1.73,0.45,-0.23,3.33,2.45,8.15,107000000.0,119000000.0,3159000000.0,亏损
sz301219,腾远钴业,39.37,1.73,0.67,0.0,1.12,1.15,3.15,72708800.0,166000000.0,6545999999.999999,363.71
sz000878,云南铜业,11.77,1.73,0.2,0.0,1.14,1.51,2.85,266000000.0,2004000000.0,23582000000.0,12.32
834599,同力股份,7.06,1.73,0.12,0.0,0.27,1.31,1.44,3953300.0,204999999.99999997,1448000000.0,5.05
sh603123,翠微股份,10.59,1.73,0.18,-0.09,2.87,0.67,3.36,197000000.0,652000000.0,6908000000.0,110.21
sh688111,金山办公,412.0,1.73,7.0,0.24,0.56,0.76,2.91,1052999999.9999999,462000000.0,190144000000.0,177.93
sz300164,通源石油,4.71,1.73,0.08,0.21,3.09,1.36,3.24,69961700.0,484999999.99999994,2284000000.0,42.01
sh600838,上海九百,7.07,1.73,0.12,0.0,1.67,1.46,2.59,47169300.0,401000000.0,2834000000.0,48.18
sz300579,数字认证,31.82,1.73,0.54,0.0,2.78,0.7,4.03,229999999.99999997,262000000.0,8333000000.0,679.20
sh600566,济川药业,27.72,1.73,0.47,0.04,0.54,1.04,2.31,137000000.0,916000000.0,25385000000.0,9.44
sz300039,上海凯宝,7.08,1.72,0.12,0.14,1.93,1.02,2.44,124000000.0,917000000.0,6489000000.0,23.09
sz002453,华软科技,11.8,1.72,0.2,0.0,1.12,1.16,2.41,79633400.0,611000000.0,7214000000.0,亏损
sh603045,福达合金,17.11,1.72,0.29,0.0,7.6,1.68,5.35,176000000.0,135000000.0,2317000000.0,81.03
sz300785,值得买,25.38,1.72,0.43,0.0,2.6,0.7,3.57,74214100.0,113999999.99999999,2889000000.0,亏损
sz001206,依依股份,15.37,1.72,0.26,0.07,0.95,1.53,2.38,16971500.0,115999999.99999999,1789999999.9999998,亏损
sh603456,九洲药业,26.03,1.72,0.44,0.08,0.71,0.99,3.2,165000000.0,897000000.0000001,23355000000.0,20.85
sh688388,嘉元科技,24.26,1.72,0.41,0.0,0.95,1.2,3.19,94061900.0,412000000.0,9990000000.0,70.18
sz001203,大中矿业,11.27,1.72,0.19,0.18,1.19,1.61,3.16,57622000.0,433000000.0,4883000000.0,21.93
sh688625,呈和科技,41.55,1.71,0.7,-0.02,0.55,0.79,3.31,18459000.0,82283400.0,3419000000.0,27.42
sh603887,城地香江,8.31,1.71,0.14,0.12,2.21,1.22,4.16,82358100.0,451000000.0,3746000000.0,亏损
sz301220,亚香股份,35.1,1.71,0.59,0.03,1.88,0.96,1.94,27597199.999999996,42152299.99999999,1480000000.0,34.44
sz000955,欣龙控股,4.76,1.71,0.08,-0.21,0.91,1.19,2.35,23072500.0,538000000.0,2560000000.0,亏损
sz002372,伟星新材,21.42,1.71,0.36,0.28,0.8,1.43,3.85,244000000.0,1454000000.0,31135000000.000004,49.11
sh600094,大名城,3.57,1.71,0.06,0.0,1.99,0.95,3.42,160000000.0,2277000000.0,8127000000.0,21.79
sz300278,华昌达,4.17,1.71,0.07,0.0,1.85,1.49,3.17,98771299.99999999,1292000000.0,5388000000.0,66.13
870204,沪江材料,7.16,1.71,0.12,0.0,1.31,0.86,3.27,2251900.0,24399100.0,175000000.0,18.28
sh603856,东宏股份,13.73,1.7,0.23,0.07,0.72,0.84,2.67,25336500.0,256000000.0,3521000000.0,18.39
sh688012,中微公司,138.59,1.7,2.32,0.02,1.36,1.23,4.13,1174000000.0,618000000.0,85676000000.0,77.78
sh600196,复星医药,31.72,1.7,0.53,0.06,0.76,1.62,2.15,509999999.99999994,2118000000.0,67174000000.0,21.47
sh603610,麒盛科技,11.98,1.7,0.2,0.17,0.7,1.25,2.38,29756500.0,358000000.0,4295000000.0,44.91
sz002481,双塔食品,4.8,1.7,0.08,0.21,1.05,1.32,3.6,55080200.00000001,1100000000.0,5278000000.0,亏损
sz000709,河钢股份,2.4,1.7,0.04,0.42,1.21,1.52,2.54,297000000.0,10335000000.0,24805000000.0,24.34
sh600811,东方集团,2.4,1.7,0.04,0.0,1.57,1.22,2.97,137000000.0,3659000000.0000005,8781000000.0,22.74
sh688202,美迪西,90.01,1.7,1.5,0.01,2.48,1.28,4.41,204000000.0,92504200.0,8326000000.000001,26.99
sz300072,海新能科,3.6,1.7,0.06,0.0,0.56,1.35,2.83,46502500.0,2330000000.0,8388000000.0,亏损
sh601808,中海油服,15.0,1.7,0.25,0.13,0.15,1.41,2.85,64590400.0,2960000000.0,44407000000.0,44.28
sh688260,昀冢科技,16.23,1.69,0.27,0.25,3.09,2.85,5.58,33725600.0,68116300.0,1106000000.0,亏损
sz000567,海德股份,13.23,1.69,0.22,0.08,0.36,1.73,2.69,64075100.0,1344000000.0,17788000000.0,23.22
sh601006,大秦铁路,7.22,1.69,0.12,0.14,0.26,1.29,1.97,280000000.0,15166999999.999998,109506000000.0,7.49
sh688163,赛伦生物,21.68,1.69,0.36,0.14,0.65,1.09,2.25,6012100.0,42821000.0,927999999.9999999,194.54
sz002243,力合科创,9.03,1.69,0.15,0.11,0.95,1.65,2.37,103000000.0,1211000000.0,10931000000.0,24.41
sh600600,青岛啤酒,100.14,1.69,1.66,0.03,0.54,0.77,2.55,376000000.0,705000000.0,70568000000.0,23.53
sh688269,凯立新材,62.19,1.68,1.03,0.02,0.41,1.45,4.61,20880000.0,81837000.0,5089000000.0,49.25
sz002145,中核钛白,6.04,1.68,0.1,0.17,0.93,1.1,2.69,129000000.0,2307000000.0,13936000000.000002,55.93
sz300363,博腾股份,28.48,1.68,0.47,0.0,1.14,0.91,2.89,162000000.0,501000000.0,14255000000.000002,12.79
sh600616,金枫酒业,7.27,1.68,0.12,-0.14,1.55,1.16,2.52,74992100.0,669000000.0,4864000000.0,9.14
sz002561,徐家汇,10.32,1.68,0.17,0.0,11.51,1.17,5.62,493000000.0,412000000.0,4254999999.9999995,53.71
sz002708,光洋股份,6.68,1.67,0.11,0.0,4.55,1.15,5.17,122000000.0,405000000.0,2707000000.0,亏损
sz300546,雄帝科技,17.61,1.67,0.29,0.0,1.97,0.93,4.21,44697200.0,130000000.0,2290000000.0,220.78
sz002326,永太科技,15.19,1.67,0.25,0.0,1.9,0.54,2.88,196000000.0,685000000.0,10398000000.0,137.14
sh603216,梦天家居,13.98,1.67,0.23,0.14,2.98,1.39,2.76,23019000.0,55360000.0,774000000.0,160.77
sh600335,国机汽车,8.54,1.67,0.14,0.0,1.46,1.11,3.81,180000000.0,1457000000.0,12442000000.0,32.44
sz300326,凯利泰,6.71,1.67,0.11,-0.15,1.08,1.23,2.27,51710400.0,717000000.0,4809000000.0,16.06
sh601619,嘉泽新能,4.27,1.67,0.07,0.0,1.0,1.12,2.38,103000000.0,2421000000.0,10336000000.0,10.57
sz000100,TCL科技,4.28,1.66,0.07,-0.23,1.46,1.08,4.04,1133000000.0,18101000000.0,77474000000.0,亏损
sh600784,鲁银投资,7.34,1.66,0.12,0.14,1.01,1.11,2.63,41626100.0,568000000.0,4170000000.0000005,14.98
sh601388,怡球资源,3.06,1.66,0.05,0.33,0.9,1.46,2.66,59696000.0,2197000000.0,6723000000.0,22.76
sh601229,上海银行,6.13,1.66,0.1,0.16,0.27,1.97,1.99,229999999.99999997,13847999999.999998,84886000000.0,3.60
sh688468,科美诊断,9.82,1.66,0.16,0.0,1.02,1.09,3.62,27485400.0,275000000.0,2700000000.0,28.26
sh688233,神工股份,33.15,1.66,0.54,0.03,1.19,0.9,2.7,62669500.0,160000000.0,5304000000.0,亏损
sz002534,西子洁能,14.73,1.66,0.24,-0.07,0.53,0.91,3.24,55887600.0,730000000.0,10751000000.0,110.87
sh688767,博拓生物,28.89,1.65,0.47,-0.07,1.16,1.07,2.22,12985400.0,39108900.0,1130000000.0,64.74
sz002184,海得控制,14.14,1.65,0.23,0.0,2.51,0.96,3.09,84489500.0,240000000.0,3396000000.0,62.13
sh603232,格尔软件,13.53,1.65,0.22,0.22,1.5,1.1,3.23,46933100.00000001,233000000.0,3157000000.0,亏损
sh601939,建设银行,6.15,1.65,0.1,0.0,1.0,1.54,3.14,590000000.0,9594000000.0,59001000000.0,4.33
sh688425,铁建重工,4.92,1.65,0.08,0.0,1.76,0.86,2.48,127000000.0,1478000000.0,7272000000.0,15.75
sz300166,东方国信,9.84,1.65,0.16,0.0,2.56,0.83,3.0,229999999.99999997,919000000.0,9047000000.0,61.67
sh688237,超卓航科,46.75,1.65,0.76,0.11,2.87,0.96,4.72,40318300.0,30469899.999999996,1424000000.0,48.73
sz301017,漱玉平民,19.68,1.65,0.32,0.15,1.76,1.28,2.17,37700900.0,109000000.00000001,2151000000.0,30.89
sh600199,金种子酒,27.08,1.65,0.44,0.04,2.46,0.83,2.78,434999999.99999994,658000000.0,17813000000.0,亏损
sh603171,税友股份,38.22,1.65,0.62,-0.05,1.58,1.85,4.18,53714399.99999999,90494300.0,3459000000.0000005,121.57
sz002232,启明信息,16.06,1.65,0.26,0.0,2.7,1.24,4.56,174000000.0,409000000.0,6561000000.0,143.65
sz002088,鲁阳节能,18.53,1.65,0.3,0.0,0.49,1.48,3.02,40922100.0,451000000.0,8363000000.0,23.79
sz001872,招商港口,17.91,1.65,0.29,-0.06,0.16,1.48,2.38,50978000.0,1742000000.0000002,31208000000.0,13.16
sh603009,北特科技,7.41,1.65,0.12,0.0,2.93,1.14,4.66,72372500.0,338000000.0,2508000000.0,114.45
sz000058,深 赛 格,6.8,1.64,0.11,0.15,1.1,1.13,2.39,73697600.0,985000000.0,6695999999.999999,63.61
sz002394,联发股份,8.66,1.64,0.14,0.12,1.65,1.25,2.35,45962700.00000001,323000000.0,2795000000.0,11.18
sz301060,兰卫医学,16.71,1.64,0.27,0.0,2.01,1.12,2.98,59404200.0,179000000.0,2990000000.0,78.14
sz300359,全通教育,6.19,1.64,0.1,0.0,1.95,1.21,3.28,75722100.0,633000000.0,3920000000.0000005,亏损
sh688058,宝兰德,48.94,1.64,0.79,0.27,0.56,0.99,2.99,15105600.0,56000000.0,2741000000.0,亏损
sh600968,海油发展,3.1,1.64,0.05,0.0,0.29,1.26,2.95,89410800.0,10165000000.0,31512000000.0,19.08
sh601600,中国铝业,6.21,1.64,0.1,0.16,1.2,1.16,4.09,969999999.9999999,13079000000.0,81219000000.0,14.70
sh688680,海优新材,98.11,1.64,1.58,0.0,2.25,0.63,4.3,112999999.99999999,52076400.0,5109000000.0,90.60
sz001216,华瓷股份,13.69,1.63,0.22,0.15,2.1,1.36,2.23,18045600.0,62966700.0,861999999.9999999,20.81
sz002661,克明食品,10.59,1.63,0.17,-0.09,1.02,1.09,2.02,35205600.0,327000000.0,3460000000.0,25.36
sz000906,浙商中拓,8.73,1.63,0.14,0.12,0.78,0.6,2.79,45510500.0,679000000.0,5927000000.0,6.57
sz300631,久吾高科,33.12,1.63,0.53,0.0,1.24,1.85,3.77,49173300.0,121000000.0,3996000000.0,196.97
sz300048,合康新能,5.63,1.62,0.09,0.18,0.65,1.17,2.35,40132400.0,1111000000.0,6254000000.0,2365.64
sh600773,西藏城投,13.76,1.62,0.22,0.0,1.66,0.53,2.58,186000000.0,819999999.9999999,11279000000.0,101.03
sz300768,迪普科技,16.27,1.62,0.26,-0.06,0.5,0.87,2.81,31314400.0,387000000.0,6293000000.0,80.22
sz002048,宁波华翔,13.82,1.62,0.22,0.07,1.52,1.36,3.02,109000000.00000001,522000000.0,7213000000.0,14.09
sz300180,华峰超纤,3.77,1.62,0.06,0.27,0.76,1.5,2.69,41480300.0,1460000000.0,5505000000.0,亏损
sz300841,康华生物,60.95,1.62,0.97,-0.02,2.21,0.65,2.87,158000000.0,118000000.0,7189000000.0,19.50
sh603169,兰石重装,7.54,1.62,0.12,0.0,2.01,1.61,4.18,197000000.0,1306000000.0,9849000000.0,81.17
sh600288,大恒科技,10.69,1.62,0.17,0.09,0.73,1.16,2.19,33679000.0,437000000.0,4669000000.0,72.45
sz002328,新朋股份,6.29,1.62,0.1,0.16,4.53,1.09,4.52,161000000.0,567000000.0,3565999999.9999995,22.42
sz002614,奥佳华,8.18,1.61,0.13,0.0,2.94,1.43,2.61,106000000.0,441000000.0,3606000000.0,66.55
sz300348,长亮科技,10.07,1.61,0.16,-0.1,3.91,3.06,8.88,234000000.0,616000000.0,6207000000.0,亏损
sz000586,汇源通信,13.84,1.61,0.22,0.0,1.3,0.57,4.11,34795300.0,193000000.0,2677000000.0,131.84
sh605268,王力安防,10.71,1.61,0.17,0.09,3.9,0.8,2.56,31037900.0,74380000.0,797000000.0,76.38
sh600010,包钢股份,1.89,1.61,0.03,0.0,1.41,1.9,2.69,835000000.0,31497000000.000004,59529999999.99999,73.78
sz002313,*ST日海,8.19,1.61,0.13,-0.12,0.92,0.66,2.61,28229200.0,374000000.0,3062000000.0,亏损
sh688533,上声电子,48.59,1.61,0.77,0.0,2.26,0.59,4.52,43404500.0,40000000.0,1944000000.0000002,64.94
sh600197,伊力特,26.5,1.61,0.42,0.0,1.87,1.1,2.65,231999999.99999997,472000000.0,12507000000.0,21.06
sz300184,力源信息,5.05,1.61,0.08,0.0,2.54,1.06,3.42,133000000.0,1048000000.0,5294000000.0,43.45
sz300327,中颖电子,28.41,1.61,0.45,-0.04,1.42,1.02,3.29,135000000.0,338000000.0,9612000000.0,71.06
sz002302,西部建设,7.58,1.61,0.12,0.0,0.86,1.26,2.01,81782900.0,1262000000.0,9569000000.0,亏损
sh605567,春雪食品,13.26,1.61,0.21,0.08,1.67,1.28,2.15,27287000.0,124000000.0,1639000000.0,78.65
sh688139,海尔生物,47.4,1.61,0.75,0.04,0.62,0.92,3.52,92130900.0,318000000.0,15071000000.0,27.39
sz000636,风华高科,15.81,1.61,0.25,0.25,0.92,0.62,3.73,157000000.0,1078000000.0,17051000000.0,78.43
sh600523,贵航股份,13.92,1.61,0.22,0.07,2.06,1.78,4.09,114999999.99999999,404000000.0,5624000000.0,42.31
sz002812,恩捷股份,95.79,1.6,1.51,0.06,1.02,1.35,3.34,720000000.0,743000000.0,71204000000.0,36.06
sz300253,卫宁健康,7.62,1.6,0.12,0.13,1.7,0.6,2.8,237000000.0,1848999999.9999998,14090000000.0,亏损
sh688013,天臣医疗,23.52,1.6,0.37,0.0,2.62,1.29,3.15,23907300.0,39139200.0,921000000.0000001,40.79
sz000651,格力电器,38.8,1.6,0.61,0.05,0.73,1.2,2.38,1577000000.0,5592000000.0,216975000000.0,13.29
sh601061,中信金属,8.92,1.59,0.14,0.0,5.21,1.92,2.85,224000000.00000003,486000000.00000006,4336000000.0,20.13
sh600252,中恒集团,2.55,1.59,0.04,0.39,0.95,1.3,2.79,82212300.0,3425000000.0,8734000000.0,亏损
sz000590,启迪药业,8.93,1.59,0.14,-0.22,0.98,1.24,2.84,20797800.000000004,239000000.0,2138000000.0,81.19
sh600688,上海石化,3.19,1.59,0.05,0.31,0.3,1.41,1.91,70790200.0,7329000000.000001,23379000000.0,亏损
sh605180,华生科技,13.4,1.59,0.21,0.22,4.54,2.45,3.41,29486000.0,48587500.0,651000000.0,60.79
sz002937,兴瑞科技,26.18,1.59,0.41,0.19,0.79,0.9,5.43,59174900.0,291000000.0,7606999999.999999,37.63
sz300045,华力创通,10.24,1.59,0.16,-0.1,3.38,1.35,4.46,168000000.0,493000000.0,5046000000.0,824.06
838670,恒进感应,7.68,1.59,0.12,0.0,0.56,0.99,2.12,2816800.0,66002900.0,507000000.0,50.41
sh601828,美凯龙,5.12,1.59,0.08,0.2,0.49,1.16,2.18,90072500.0,3613000000.0000005,18501000000.0,38.21
sh603680,今创集团,9.61,1.59,0.15,0.0,0.22,1.12,2.22,16300100.0,784000000.0,7531999999.999999,69.38
sh600378,昊华科技,36.53,1.58,0.57,0.08,0.07,0.65,2.11,23822900.0,903999999.9999999,33020999999.999996,36.54
sz300510,金冠股份,6.41,1.58,0.1,0.0,4.48,1.14,7.13,231999999.99999997,822000000.0000001,5270000000.0,108.43
sz300790,宇瞳光学,14.75,1.58,0.23,-0.14,0.51,0.72,2.55,18608200.0,248000000.0,3653000000.0,122.12
sh688008,澜起科技,59.02,1.58,0.92,-0.2,0.71,1.05,2.94,474000000.0,1138000000.0,67165000000.0,851.46
sh600020,中原高速,3.85,1.58,0.06,0.0,0.63,1.09,2.64,53793500.0,2247000000.0,8652000000.0,5.61
sh600127,金健米业,7.7,1.58,0.12,0.0,3.01,0.62,3.03,148000000.0,642000000.0,4942000000.0,124.56
sz002189,中光学,16.06,1.58,0.25,-0.06,0.79,1.04,3.16,32669300.0,261000000.0,4195000000.0000005,亏损
sh601518,吉林高速,2.57,1.58,0.04,0.0,0.71,0.47,1.98,34412300.0,1891000000.0,4859000000.0,10.00
sz002392,北京利尔,3.86,1.58,0.06,0.26,0.94,1.1,1.84,33876900.0,933000000.0,3600000000.0,14.72
sh600703,三安光电,16.74,1.58,0.26,0.06,0.61,1.11,2.55,509000000.0,4989000000.0,83516000000.0,97.78
sz000755,山西路桥,5.15,1.58,0.08,0.2,2.09,1.23,3.16,65221400.0,610000000.0,3142000000.0,14.75
sh601968,宝钢包装,7.08,1.58,0.11,-0.14,0.55,1.2,3.01,34696400.0,905000000.0000001,6408000000.0,32.70
sh600819,耀皮玻璃,5.15,1.58,0.08,0.0,1.41,1.44,1.58,54127100.0,747000000.0,3849000000.0,亏损
sh600458,时代新材,10.95,1.58,0.17,-0.09,0.76,0.86,2.6,65901100.0,802999999.9999999,8791000000.0,20.83
sz000035,中国天楹,5.17,1.57,0.08,0.19,2.08,2.19,4.52,260000000.0,2453000000.0,12684000000.0,71.05
sh600428,中远海特,6.47,1.57,0.1,0.0,1.23,1.47,2.98,171000000.0,2147000000.0,13888999999.999998,10.79
sh600755,厦门国贸,7.77,1.57,0.12,0.13,0.99,1.17,2.88,156000000.0,2030000000.0,15774000000.0,5.84
sh600269,赣粤高速,3.89,1.57,0.06,-0.26,0.69,1.39,2.09,61961899.99999999,2335000000.0,9085000000.0,5.37
sz002280,联络互动,3.24,1.57,0.05,0.0,2.13,0.48,2.51,129000000.0,1889000000.0,6119000000.0,亏损
sz300066,三川智慧,5.19,1.57,0.08,0.39,0.59,1.22,2.35,30284400.0,1002999999.9999999,5208000000.0,76.99
sh603569,长久物流,11.68,1.56,0.18,-0.09,2.42,0.69,3.48,158000000.0,560000000.0,6545000000.0,126.22
sh600586,金晶科技,7.8,1.56,0.12,0.13,1.23,0.75,3.0,136000000.0,1429000000.0,11144000000.0,31.71
sz301151,冠龙节能,18.86,1.56,0.29,0.0,8.78,1.79,7.65,91019800.0,54567400.0,1028999999.9999999,139.25
sh603353,和顺石油,20.18,1.56,0.31,0.1,0.5,1.47,3.72,17352600.0,173000000.0,3499000000.0,71.63
sz002690,美亚光电,26.06,1.56,0.4,-0.08,0.33,0.53,2.34,36815700.0,432000000.0,11254000000.0,45.98
sz300596,利安隆,39.8,1.56,0.61,0.08,0.3,0.67,2.37,25747700.0,214000000.0,8534000000.0,27.55
sz002187,广百股份,7.18,1.56,0.11,0.0,1.18,0.87,3.11,43686899.99999999,517000000.0,3713000000.0000005,38.40
sh601966,玲珑轮胎,23.51,1.55,0.36,0.04,1.33,0.8,4.54,455999999.99999994,1474000000.0,34643000000.0,40.51
sz002283,天润工业,6.53,1.55,0.1,0.31,1.61,1.03,4.2,104000000.0,992000000.0,6480000000.0,17.73
sh603838,四通股份,6.53,1.55,0.1,0.15,0.68,1.15,2.96,14118500.0,320000000.0,2089999999.9999998,亏损
sz000883,湖北能源,4.58,1.55,0.07,-0.22,0.23,1.2,2.44,66811100.0,6480000000.0,29676000000.0,24.11
sz301118,恒光股份,28.15,1.55,0.43,-0.04,3.88,1.03,4.11,57278500.0,52645200.00000001,1482000000.0,51.47
sh603558,健盛集团,8.52,1.55,0.13,0.12,1.01,2.82,2.5,31545000.0,369000000.0,3145000000.0,20.27
sz000573,粤宏远Ａ,3.93,1.55,0.06,-0.25,7.48,0.55,4.13,185000000.0,633000000.0,2487000000.0,74.58
sz000005,ST星源,1.31,1.55,0.02,0.77,1.1,1.0,3.88,15228599.999999998,1058000000.0,1386000000.0,亏损
sz000737,北方铜业,5.9,1.55,0.09,0.17,1.17,1.26,3.1,50007100.0,726000000.0,4286000000.0,12.72
sh605005,合兴股份,17.06,1.55,0.26,0.24,5.89,1.15,4.11,51076700.0,51268100.00000001,875000000.0,45.30
sh688350,富淼科技,17.07,1.55,0.26,0.0,0.87,1.06,2.26,9236300.0,62711800.0,1069999999.9999999,38.70
sz300432,富临精工,10.53,1.54,0.16,0.19,1.01,1.26,3.86,127000000.0,1195000000.0,12581000000.0,亏损
sh600033,XD福建高,3.29,1.54,0.05,-0.3,1.02,1.94,3.09,92343400.0,2744000000.0,9029000000.0,9.75
sz300590,移为通信,11.2,1.54,0.17,-0.09,1.49,0.65,2.08,57329700.0,345000000.0,3863000000.0000005,41.37
sh688009,中国通号,5.94,1.54,0.09,0.0,0.22,1.49,2.05,112000000.00000001,8621000000.0,51209000000.0,23.20
sh600641,万业企业,18.5,1.54,0.28,0.0,0.92,1.25,2.14,158000000.0,931000000.0,17217000000.0,53.59
sh600496,精工钢构,3.97,1.53,0.06,0.25,1.03,1.38,2.3,82001299.99999999,2013000000.0,7991000000.0,11.08
sz000029,深深房Ａ,11.91,1.53,0.18,-0.08,0.72,1.0,2.64,76398000.0,892000000.0,10620000000.0,亏损
sh601168,西部矿业,11.91,1.53,0.18,0.08,1.07,0.99,3.24,302000000.0,2383000000.0,28382000000.0,10.44
sz000880,潍柴重机,10.6,1.53,0.16,0.09,1.75,0.75,3.64,29908700.0,162000000.0,1719000000.0000002,41.21
sh603579,荣泰健康,21.2,1.53,0.32,0.05,0.87,1.41,3.64,25215700.0,139000000.0,2946000000.0,19.64
sz300760,迈瑞医疗,308.86,1.53,4.66,0.17,0.27,1.44,2.34,1010000000.0,1212000000.0,374474000000.0,36.41
sz300682,朗新科技,21.88,1.53,0.33,0.18,0.4,0.76,2.83,92698799.99999999,1063000000.0000001,23249000000.0,298.96
sh603809,豪能股份,10.61,1.53,0.16,0.0,1.08,1.66,5.36,44169300.0,390000000.0,4136000000.0,24.07
sz301187,欧圣电气,17.25,1.53,0.26,-0.06,2.91,0.7,2.53,23934000.0,47874200.0,826000000.0,41.73
sh688789,宏华数科,87.6,1.53,1.32,0.21,0.81,0.71,4.03,43382900.0,60847400.0,5330000000.0,41.14
sh600510,黑牡丹,6.64,1.53,0.1,0.0,1.38,0.76,2.45,93461700.0,1024000000.0,6798999999.999999,16.36
sz002054,德美化工,7.31,1.53,0.11,0.14,0.74,1.5,2.36,20484400.0,383000000.0,2800000000.0,亏损
sh600100,同方股份,7.31,1.53,0.11,0.14,1.66,0.94,3.61,358000000.0,2964000000.0,21666000000.0,22.15
sz002466,天齐锂业,65.16,1.53,0.98,-0.02,1.2,0.67,3.55,1146000000.0,1475000000.0,96084000000.0,5.48
sh603776,永安行,14.63,1.53,0.22,-0.07,0.83,1.21,2.85,27940400.0,231999999.99999997,3397000000.0,83.52
sh600338,西藏珠峰,17.96,1.53,0.27,0.11,1.26,0.87,3.22,206999999.99999997,914000000.0,16419000000.0,939.93
834475,三友科技,7.32,1.53,0.11,0.0,0.1,0.61,2.91,250700.0,34540800.0,252999999.99999997,11.37
sz000401,冀东水泥,7.99,1.52,0.12,0.0,0.78,1.31,1.91,95196500.0,1547000000.0,12363000000.0,亏损
430489,佳先股份,4.66,1.52,0.07,0.0,0.19,0.75,2.4,738500.0,84183900.0,392000000.0,14.56
sh603898,好莱客,10.65,1.52,0.16,0.0,0.4,0.94,2.77,13363900.000000002,311000000.0,3315000000.0,69.02
sz000858,五 粮 液,181.18,1.52,2.72,-0.03,0.82,1.42,3.1,5753000000.0,3882000000.0,703255000000.0,14.02
sz300194,福安药业,4.0,1.52,0.06,0.0,2.0,1.76,1.78,76779100.0,966000000.0,3864000000.0,13.83
sh605155,西大门,15.34,1.52,0.23,-0.07,4.0,1.63,2.05,28768600.0,46837000.0,718000000.0,31.60
sh600594,益佰制药,5.34,1.52,0.08,0.0,1.11,1.59,2.28,46838600.0,792000000.0,4229000000.0,24.03
sh603499,翔港科技,10.04,1.52,0.15,0.3,1.19,1.59,3.94,23936100.0,200999999.99999997,2020000000.0,122.19
sz002683,广东宏大,26.79,1.52,0.4,-0.08,0.53,0.88,2.58,92163300.0,659000000.0,17657000000.0,97.71
sh688315,诺禾致源,26.13,1.51,0.39,-0.08,1.06,0.79,3.57,30128100.0,110000000.00000001,2872000000.0,116.19
sh600610,中毅达,10.73,1.51,0.16,0.09,1.9,0.68,3.5,91051000.0,449000000.0,4814000000.0,亏损
sz300451,创业慧康,7.38,1.51,0.11,-0.14,1.08,0.93,2.61,107000000.0,1357000000.0,10017000000.0,275.26
sz002497,雅化集团,17.45,1.51,0.26,0.06,0.9,0.71,2.68,164000000.0,1056000000.0,18426000000.0,8.48
sz300206,理邦仪器,14.1,1.51,0.21,0.0,1.24,1.21,2.45,59176400.0,340000000.0,4800000000.0,14.60
sh601298,青岛港,6.72,1.51,0.1,0.0,0.22,1.16,2.12,78532900.0,5392000000.0,36235000000.0,8.66
sh603393,新天然气,26.89,1.51,0.4,0.0,0.52,0.64,2.49,52576500.0,376000000.0,10114000000.0,19.48
sz301138,华研精机,34.99,1.51,0.52,-0.03,6.51,1.09,5.54,68020000.0,30000000.0,1050000000.0,56.34
sz000027,深圳能源,6.73,1.51,0.1,0.15,0.45,1.1,2.26,144000000.0,4757000000.0,32017000000.0,12.62
sh600339,中油工程,4.04,1.51,0.06,0.0,0.58,1.24,3.02,129000000.0,5583000000.0,22556000000.0,27.18
sh603885,吉祥航空,18.19,1.51,0.27,-0.06,0.35,0.6,3.68,140000000.0,2214000000.0,40273000000.0,60.97
sh688051,佳华科技,32.35,1.51,0.48,0.06,0.48,0.72,2.85,10516800.0,68266800.0,2208000000.0,亏损
sh688507,索辰科技,120.62,1.51,1.79,0.26,4.45,1.14,6.17,70583100.0,13433800.000000002,1620000000.0,亏损
sh600012,皖通高速,10.13,1.5,0.15,-0.1,0.83,0.72,2.71,98030800.0,1166000000.0,11808000000.0,9.14
sz300047,天源迪科,7.43,1.5,0.11,0.0,2.94,0.98,3.14,114999999.99999999,534999999.99999994,3977000000.0000005,142.85
sz301225,恒勃股份,36.46,1.5,0.54,0.08,37.51,2.78,6.24,332000000.0,23639300.0,861999999.9999999,33.03
sz000905,厦门港务,8.11,1.5,0.12,0.0,2.52,0.96,2.75,150000000.0,742000000.0,6016000000.0,19.58
sz002124,天邦食品,4.73,1.5,0.07,0.21,1.97,1.61,2.58,142000000.0,1538000000.0,7273999999.999999,亏损
sh688136,科兴制药,18.94,1.5,0.28,0.0,1.32,1.01,2.14,16737700.0,67420300.0,1277000000.0,亏损
sz002024,ST易购,2.03,1.5,0.03,0.0,0.22,1.32,2.5,35354300.0,7883000000.0,16003000000.0,亏损
sz000895,双汇发展,25.03,1.5,0.37,0.04,0.36,1.89,1.74,308000000.0,3464000000.0,86707000000.0,14.57
sh603538,美诺华,17.6,1.5,0.26,0.06,0.77,0.84,2.48,28459000.0,211000000.0,3715999999.9999995,21.61
sh600348,华阳股份,8.13,1.5,0.12,0.0,0.64,1.02,3.0,185000000.0,3608000000.0,29329000000.000004,4.25
sz300669,沪宁股份,14.93,1.5,0.22,-0.07,1.04,0.92,3.81,27789100.0,179000000.0,2679000000.0,93.33
sz000756,新华制药,21.06,1.49,0.31,0.0,2.09,1.26,2.55,193000000.0,441000000.0,9288000000.0,23.43
sh600099,林海股份,9.53,1.49,0.14,0.32,1.19,1.37,2.77,24791100.0,219000000.0,2088000000.0,215.88
sh600071,凤凰光学,19.78,1.49,0.29,0.1,0.62,0.88,2.62,33932900.0,282000000.0,5570000000.0,亏损
sz000762,西藏矿业,30.7,1.49,0.45,0.0,2.3,0.68,3.27,364000000.0,521000000.0,15988999999.999998,229.91
sz300523,辰安科技,22.53,1.49,0.33,-0.04,0.61,0.99,2.57,31805000.0,231999999.99999997,5223000000.0,174.05
sh603066,音飞储存,10.93,1.49,0.16,0.28,0.91,1.17,3.06,29571400.0,301000000.0,3286999999.9999995,17.28
sh600771,广誉远,32.12,1.49,0.47,-0.03,1.26,1.27,2.59,197000000.0,488999999.99999994,15722000000.0,401.47
sz001338,永顺泰,17.78,1.48,0.26,-0.06,4.68,0.82,2.68,104000000.0,125000000.0,2230000000.0,63.63
sh603444,吉比特,405.93,1.48,5.93,0.11,1.29,1.29,3.54,375000000.0,72041100.0,29244000000.0,23.85
sz300299,富春股份,6.85,1.48,0.1,0.0,3.16,1.13,3.56,139000000.0,647000000.0,4433000000.0,140.12
sz300993,玉马遮阳,10.97,1.48,0.16,0.18,3.31,0.94,2.5,35919400.0,99461700.0,1091000000.0,31.28
sh601933,永辉超市,3.43,1.48,0.05,0.29,0.52,0.95,2.07,160000000.0,9075000000.0,31127000000.0,11.05
sz002265,建设工业,13.73,1.48,0.2,0.0,2.97,0.84,3.25,129000000.0,319000000.0,4374000000.0,31.72
sz301029,怡合达,39.15,1.48,0.57,0.03,0.67,1.41,3.29,77246300.0,298000000.0,11665000000.0,35.11
sz300109,新开源,22.68,1.48,0.33,-0.13,1.17,1.19,2.91,74902800.0,286000000.0,6484999999.999999,15.31
sh688606,奥泰生物,51.58,1.48,0.75,0.12,0.77,1.34,2.52,13715900.0,34737800.0,1792000000.0000002,25.22
sz300124,汇川技术,69.61,1.47,1.01,0.22,0.29,0.91,2.71,463999999.99999994,2317000000.0,161283000000.0,62.02
sh688778,厦钨新能,45.51,1.47,0.66,0.07,0.92,1.01,3.28,54444399.99999999,132000000.0,6015000000.0,37.60
sh688499,利元亨,51.69,1.47,0.75,-0.02,1.72,0.99,3.44,50608500.0,57425200.00000001,2968000000.0,亏损
sz002507,涪陵榨菜,18.61,1.47,0.27,0.22,0.91,1.22,2.24,191000000.0,1141000000.0,21233000000.0,20.54
sh688221,前沿生物-U,11.03,1.47,0.16,0.0,0.74,0.99,2.58,16569500.0,206000000.0,2269000000.0,亏损
sh600483,福能股份,8.28,1.47,0.12,0.12,0.57,1.13,2.08,120000000.0,2541000000.0,21039000000.0,9.88
sz001282,三联锻造,31.04,1.47,0.45,0.03,7.44,1.43,5.36,63468800.0,27808600.0,863000000.0000001,46.04
sh601616,广电电气,3.45,1.47,0.05,0.0,0.95,1.38,2.35,30481100.0,936000000.0,3228000000.0,500.59
sh600379,宝光股份,10.37,1.47,0.15,0.0,1.1,1.39,2.84,37284600.0,330000000.0,3424000000.0,91.84
sz002475,立讯精密,31.82,1.47,0.46,0.09,0.71,1.02,2.84,1612000000.0,7120000000.0,226564000000.0,28.12
sh600959,江苏有线,3.46,1.47,0.05,0.29,0.61,1.11,2.35,106000000.0,5001000000.0,17302000000.0,46.08
sz002263,大东南,2.77,1.47,0.04,0.0,0.82,1.53,2.56,42269200.0,1878000000.0,5203000000.0,185.01
sh603883,老百姓,28.44,1.46,0.41,0.04,0.84,1.06,2.28,139000000.0,582000000.0,16562000000.0,14.28
sz301071,力量钻石,39.57,1.46,0.57,0.0,2.06,0.76,3.15,106000000.0,131000000.0,5196000000.0,34.51
sh600057,厦门象屿,8.34,1.46,0.12,0.0,0.9,1.55,2.68,161000000.0,2151000000.0,17942000000.0,8.66
sz002298,中电兴发,6.26,1.46,0.09,0.0,1.64,1.41,2.27,62157200.0,612000000.0,3829000000.0,亏损
sz300419,浩丰科技,6.27,1.46,0.09,0.0,2.69,0.88,3.4,61327299.99999999,368000000.0,2306000000.0,亏损
sz002345,潮宏基,6.97,1.46,0.1,0.0,1.44,1.34,4.51,86922600.0,868000000.0,6048000000.0,12.48
sh600035,楚天高速,4.18,1.46,0.06,0.48,0.87,1.18,2.67,58473300.0,1610000000.0000002,6730000000.0,4.75
sz002755,奥赛康,8.38,1.45,0.12,0.0,0.36,1.05,2.54,28245000.0,927999999.9999999,7778000000.0,亏损
sz002664,信质集团,13.97,1.45,0.2,0.14,0.64,0.97,4.21,35531800.0,399000000.0,5569000000.0,35.66
sz002098,浔兴股份,6.29,1.45,0.09,0.48,0.99,1.76,2.42,22269500.0,358000000.0,2252000000.0,33.97
sz300699,光威复材,30.07,1.45,0.43,0.03,0.58,0.74,2.16,143000000.0,818000000.0,24584000000.0,36.45
sh603916,苏博特,13.98,1.45,0.2,0.0,0.87,0.98,2.83,51058700.0,420000000.0,5876000000.0,36.34
sh600330,天通股份,10.49,1.45,0.15,0.0,1.47,0.9,2.52,189000000.0,1233000000.0,12938999999.999998,37.24
sz002240,盛新锂能,27.29,1.45,0.39,0.04,1.43,0.85,3.49,329000000.0,850000000.0,23193000000.0,13.57
sh601010,文峰股份,2.8,1.45,0.04,0.36,0.91,1.06,2.54,46667700.00000001,1848000000.0,5174000000.0,15.01
sz002005,ST德豪,1.4,1.45,0.02,0.0,0.34,0.63,2.9,8216900.000000001,1752000000.0,2453000000.0,亏损
sh688187,时代电气,43.4,1.45,0.62,-0.02,0.98,1.21,3.3,88367900.00000001,210000000.0,9107000000.0,35.32
sh600433,冠豪高新,3.5,1.45,0.05,0.29,0.64,1.37,1.74,31885700.0,1439000000.0,5038000000.0,203.73
sh601156,东航物流,13.31,1.45,0.19,0.08,1.56,1.37,1.91,166000000.0,802000000.0,10671000000.0,6.94
sz000566,海南海药,4.91,1.45,0.07,0.0,1.19,1.83,2.27,67641200.0,1165000000.0,5722000000.0,341.03
sz000518,四环生物,2.81,1.44,0.04,0.36,1.11,0.76,2.53,31823000.0,1030000000.0000001,2893000000.0,亏损
sh600138,中青旅,13.37,1.44,0.19,0.0,2.89,1.38,2.43,278000000.0,724000000.0,9678000000.0,亏损
sz002841,视源股份,61.98,1.44,0.88,-0.02,0.38,1.0,2.67,110000000.00000001,476000000.0,29483999999.999996,38.26
sh600189,泉阳泉,7.05,1.44,0.1,0.14,2.02,1.15,2.59,101000000.0,715000000.0,5042000000.0,亏损
sh603399,吉翔股份,11.28,1.44,0.16,0.09,1.04,1.0,2.7,59457200.0,512000000.0,5779000000.0,42.68
sh600712,南宁百货,4.23,1.44,0.06,0.24,2.66,0.84,2.88,60557400.0,539000000.0,2278000000.0,亏损
sz300908,仲景食品,43.0,1.44,0.61,0.05,1.48,0.73,2.38,24559000.0,38688800.0,1664000000.0,27.50
sz300633,开立医疗,47.97,1.44,0.68,-0.06,0.96,1.13,2.66,198000000.0,430999999.99999994,20658000000.0,37.30
sh601958,金钼股份,11.29,1.44,0.16,0.09,0.53,0.99,3.23,190000000.0,3227000000.0000005,36428000000.0,12.61
sz002160,常铝股份,4.24,1.44,0.06,0.24,1.2,1.19,2.15,38514600.0,763000000.0,3236999999.9999995,389.30
sh600089,特变电工,16.28,1.43,0.23,0.0,0.82,1.38,2.56,675000000.0,5050000000.0,82221000000.0,4.35
sz300896,爱美客,484.08,1.43,6.83,0.02,1.63,1.02,3.06,690000000.0,88390000.0,42788000000.0,63.24
sz300759,康龙化成,26.23,1.43,0.37,0.0,2.39,2.09,4.83,869999999.9999999,1421000000.0,37271000000.0,33.64
sz003022,联泓新科,24.11,1.43,0.34,-0.12,1.49,0.75,2.52,109000000.00000001,307000000.0,7394000000.0,54.70
430478,峆一药业,17.02,1.43,0.24,0.0,0.56,1.83,2.74,1646300.0,17457500.0,297000000.0,12.31
sz300875,捷强装备,37.65,1.43,0.53,0.0,3.33,1.04,4.77,57203800.0,46149100.0,1738000000.0,379.74
sz300683,海特生物,39.08,1.43,0.55,0.03,0.66,0.65,2.6,28869899.999999996,112999999.99999999,4420000000.0,亏损
sh600746,江苏索普,7.11,1.43,0.1,0.28,0.2,0.81,3.42,16899300.0,1166000000.0,8291000000.0,亏损
sh603696,安记食品,9.95,1.43,0.14,0.2,1.95,0.68,1.73,45507299.99999999,235000000.0,2340000000.0,43.97
sz300857,协创数据,24.19,1.43,0.34,0.08,1.64,1.13,4.03,81627000.0,206999999.99999997,4997000000.0,32.12
sz300730,科创信息,12.81,1.43,0.18,0.0,1.65,0.69,2.69,40968100.00000001,196000000.0,2506000000.0,亏损
sh600850,电科数字,22.08,1.42,0.31,0.09,0.46,1.02,2.3,55343400.0,555000000.0,12252000000.0,81.36
sz002317,众生药业,16.38,1.42,0.23,0.12,2.11,1.33,2.17,244000000.0,708000000.0,11591000000.0,25.07
sz300861,美畅股份,44.2,1.42,0.62,-0.11,0.73,0.84,3.28,77690600.0,242000000.0,10694000000.0,13.98
sh600871,石化油服,2.14,1.42,0.03,0.47,0.45,1.18,2.37,130000000.0,13569000000.0,29038000000.0,69.99
sz301032,新柴股份,9.28,1.42,0.13,0.32,3.18,1.67,2.4,24177000.0,82515900.0,766000000.0,333.91
sh603638,艾迪精密,18.56,1.42,0.26,-0.05,0.24,0.87,3.06,37896900.0,838000000.0000001,15559000000.0,50.13
sz000501,武商集团,9.99,1.42,0.14,0.0,1.01,1.2,1.93,76918200.0,768000000.0,7673000000.0,14.56
sz300821,东岳硅材,10.0,1.42,0.14,0.0,0.46,0.94,3.04,54308800.0,1200000000.0,12000000000.0,亏损
sz002848,高斯贝尔,10.0,1.42,0.14,-0.1,2.31,0.9,2.54,37108400.0,161000000.0,1613000000.0,亏损
sz300511,雪榕生物,7.15,1.42,0.1,-0.14,2.22,0.87,2.55,64345300.0,408000000.0,2919000000.0,4.00
sz002403,爱仕达,8.61,1.41,0.12,0.12,1.86,0.85,2.36,48648800.0,306000000.0,2634000000.0,亏损
sh600345,长江通信,20.1,1.41,0.28,0.25,0.91,0.95,1.67,36023400.0,198000000.0,3979999999.9999995,34.20
sz300638,广和通,21.54,1.41,0.3,-0.14,1.36,0.71,3.25,144000000.0,493000000.0,10613000000.0,29.36
sh600490,鹏欣资源,3.59,1.41,0.05,0.28,1.28,0.84,3.67,91009300.0,1993000000.0,7154000000.000001,93.56
sh601500,通用股份,4.31,1.41,0.06,0.23,1.52,0.85,3.06,83689100.0,1284000000.0,5535000000.0,152.81
sz300402,宝色股份,20.85,1.41,0.29,0.24,0.81,1.03,2.92,33532000.0,202000000.0,4211999999.9999995,60.63
sz300942,易瑞生物,12.96,1.41,0.18,0.08,1.59,0.97,2.19,22409200.0,109000000.00000001,1415000000.0,亏损
sh603135,中重科技,19.43,1.41,0.27,0.1,4.8,1.41,3.29,80159800.0,87296299.99999999,1696000000.0,44.16
sz002375,亚厦股份,5.04,1.41,0.07,0.0,1.84,1.09,3.02,123000000.0,1331000000.0,6708000000.0,27.18
sz002689,远大智能,4.32,1.41,0.06,0.0,1.88,1.11,4.46,84193300.0,1040000000.0,4495000000.0,亏损
sh603882,金域医学,72.03,1.41,1.0,-0.01,0.3,0.62,2.65,99853799.99999999,463999999.99999994,33435000000.000004,56.24
sz300132,青松股份,5.77,1.41,0.08,0.0,1.15,1.36,1.76,33392500.0,507000000.0,2928000000.0,亏损
sz300170,汉得信息,10.82,1.41,0.15,-0.28,6.68,0.62,5.34,669000000.0,940000000.0,10173000000.0,83.92
sh601113,华鼎股份,3.61,1.41,0.05,0.0,0.79,1.13,2.25,31181200.0,1104000000.0,3986000000.0,184.60
sz001259,利仁科技,29.59,1.41,0.41,0.1,4.27,0.87,2.81,23149100.0,18484400.0,547000000.0,31.48
sz000031,大悦城,4.33,1.41,0.06,0.23,0.71,0.82,3.28,122000000.0,4003000000.0,17333000000.0,27.07
sz000927,中国铁物,2.89,1.4,0.04,0.35,0.86,1.4,2.1,110000000.00000001,4460000000.0,12891000000.0,24.52
sh600787,中储股份,5.78,1.4,0.08,0.0,0.94,1.43,2.46,117000000.0,2170000000.0,12543000000.0,35.88
sz300263,隆华科技,7.95,1.4,0.11,-0.13,1.61,1.22,2.81,97783400.0,772000000.0,6138000000.0,22.61
sz002522,浙江众成,5.06,1.4,0.07,-0.2,0.65,1.27,2.2,27987199.999999996,857000000.0,4336000000.0,48.85
sh603506,南都物业,13.75,1.4,0.19,0.15,3.19,1.01,3.69,82761900.0,188000000.0,2582000000.0,16.01
sz000751,锌业股份,3.62,1.4,0.05,0.28,1.81,1.53,4.2,91337099.99999999,1410000000.0,5104000000.0,56.74
sz300140,中环装备,8.69,1.4,0.12,0.12,1.42,0.56,2.68,51944799.99999999,423000000.00000006,3679000000.0,亏损
sz300970,华绿生物,22.45,1.4,0.31,0.09,2.67,0.62,2.58,40838900.0,68339500.0,1534000000.0,5.04
sh600279,重庆港,4.35,1.4,0.06,-0.23,0.59,1.82,2.33,30534100.0,1187000000.0,5163000000.0,亏损
sz002132,恒星科技,3.63,1.4,0.05,0.28,0.93,1.55,2.51,46793900.0,1399000000.0,5079000000.0,亏损
sh600495,XD晋西车,4.36,1.4,0.06,0.23,1.63,0.96,3.26,85134200.0,1208000000.0,5268000000.0,亏损
sz301093,华兰股份,34.89,1.4,0.48,0.0,1.33,1.54,2.09,44712700.00000001,96838799.99999999,3379000000.0,35.62
sh688087,英科再生,22.53,1.4,0.31,0.04,0.81,0.85,3.24,18611900.0,102000000.0,2306000000.0,90.93
sz301236,软通动力,23.28,1.39,0.32,0.04,1.13,0.79,2.79,177000000.0,680000000.0,15838000000.0,91.44
sz300860,锋尚文化,60.48,1.39,0.83,0.07,2.32,0.55,3.0,58570200.00000001,41940700.0,2537000000.0,亏损
sh603970,中农立华,18.97,1.39,0.26,-0.11,0.31,0.97,2.14,15519500.0,269000000.0,5099000000.0,23.77
sh600255,鑫科材料,2.19,1.39,0.03,0.0,1.34,0.91,2.31,52701400.0,1805999999.9999998,3954999999.9999995,亏损
sh600985,淮北矿业,12.42,1.39,0.17,-0.08,0.55,1.36,2.12,169000000.0,2481000000.0,30814000000.0,3.65
sz300999,金龙鱼,41.67,1.39,0.57,-0.05,1.44,1.18,2.31,323000000.0,543000000.0,22612000000.0,66.13
sh688065,凯赛生物,62.89,1.39,0.86,-0.41,0.32,0.99,2.97,53023900.0,264000000.0,16576000000.0,159.65
sz002928,华夏航空,8.8,1.38,0.12,-0.11,1.06,0.77,3.46,113999999.99999999,1224000000.0,10770000000.0,亏损
sh601360,三六零,11.73,1.38,0.16,0.0,1.44,0.99,3.11,1204000000.0,7145000000.0,83815000000.0,亏损
sh600350,山东高速,6.6,1.38,0.09,0.3,0.27,1.26,2.0,86253300.0,4840000000.0,31947000000.000004,9.85
sz000554,泰山石油,5.87,1.38,0.08,0.0,1.46,0.98,2.07,30773000.0,363000000.0,2129000000.0,92.98
sz300149,睿智医药,8.07,1.38,0.11,0.0,0.65,1.17,2.51,25957100.0,499000000.0,4026000000.0,亏损
sh603226,菲林格尔,5.87,1.38,0.08,0.17,0.62,0.98,2.59,12942100.0,355000000.0,2087000000.0,亏损
sh688172,燕东微,22.04,1.38,0.3,0.05,1.69,0.94,2.39,46539399.99999999,126000000.0,2775000000.0,74.15
sh600111,北方稀土,24.25,1.38,0.33,-0.04,0.82,1.81,2.55,714000000.0,3615000000.0,87665000000.0,23.77
sh688779,长远锂科,11.02,1.38,0.15,0.0,0.67,1.38,2.02,74365700.0,1014000000.0,11170000000.0,5718.87
sz300887,谱尼测试,21.32,1.38,0.29,0.0,1.73,0.85,4.42,70969000.0,194000000.0,4146000000.0,314.21
sh600480,凌云股份,9.57,1.38,0.13,0.11,1.99,0.8,3.39,163000000.0,861000000.0,8243000000.000001,26.75
sz000420,吉林化纤,3.68,1.38,0.05,0.0,0.73,1.32,3.31,65123100.00000001,2458000000.0,9045000000.0,187.30
sz002662,京威股份,3.68,1.38,0.05,0.27,14.65,12.95,8.81,813000000.0000001,1500000000.0,5520000000.0,22.87
sz001211,双枪科技,22.82,1.38,0.31,0.22,1.75,0.98,1.78,14903200.0,37557100.0,857000000.0,196.28
sz000757,浩物股份,4.42,1.38,0.06,0.46,1.86,1.12,3.44,41625600.00000001,511000000.00000006,2259000000.0,亏损
sh603927,中科软,33.94,1.37,0.46,0.06,0.52,0.94,2.48,104000000.0,594000000.0,20147000000.0,218.67
sh600243,青海华鼎,4.43,1.37,0.06,0.23,1.0,1.01,2.06,19241100.0,438999999.99999994,1944000000.0000002,亏损
sz300044,赛为智能,4.43,1.37,0.06,0.0,3.6,1.0,3.2,108000000.0,685000000.0,3034000000.0,亏损
sh688329,艾隆科技,28.83,1.37,0.39,0.1,1.18,0.69,2.53,15099500.0,44962700.00000001,1296000000.0,218.09
sz300107,建新股份,5.18,1.37,0.07,0.19,1.14,1.58,2.15,19710200.0,337000000.0,1748000000.0,197.73
sh600246,万通发展,5.92,1.37,0.08,0.34,0.9,0.67,3.42,108000000.0,2054000000.0,12160000000.0,亏损
sz002540,亚太科技,5.94,1.36,0.08,0.51,1.52,1.52,4.27,78266400.0,875000000.0,5196000000.0,16.23
sh603871,嘉友国际,17.11,1.36,0.23,0.0,0.81,1.43,3.91,96978300.0,699000000.0,11957000000.0,14.78
sh601008,连云港,4.47,1.36,0.06,-0.22,1.18,1.71,2.04,64775600.00000001,1241000000.0,5546000000.0,41.41
sh603648,畅联股份,9.68,1.36,0.13,0.0,1.1,1.24,2.83,38379400.0,362000000.0,3508000000.0,18.88
sh600179,安通控股,2.98,1.36,0.04,0.0,0.3,1.29,1.7,32250300.000000004,3661999999.9999995,10914000000.0,38.18
sh600533,栖霞建设,3.73,1.36,0.05,0.54,4.05,0.72,4.62,157000000.0,1050000000.0,3915999999.9999995,98.67
sh605090,九丰能源,23.12,1.36,0.31,0.04,0.84,1.04,2.15,50544799.99999999,260000000.0,6007000000.0,8.01
sh600741,华域汽车,19.39,1.36,0.26,-0.05,0.53,1.52,3.56,322000000.0,3153000000.0,61130999999.99999,10.66
sh688571,杭华股份,6.72,1.36,0.09,0.15,1.28,0.66,2.87,20885900.0,243000000.00000003,1635000000.0000002,50.74
sz003023,彩虹集团,20.91,1.36,0.28,0.0,3.5,1.29,2.23,37500400.0,51409200.0,1075000000.0,19.24
sh600861,北京人力,26.19,1.35,0.35,0.12,0.57,0.77,3.02,46939700.0,317000000.0,8297000000.0,亏损
sz300750,宁德时代,230.05,1.35,3.07,0.01,0.48,1.21,2.62,4304000000.0,3883000000.0,893270999999.9999,24.41
sz002285,世联行,3.0,1.35,0.04,0.0,3.4,1.29,4.05,204999999.99999997,2014999999.9999998,6045000000.0,亏损
sh600157,永泰能源,1.5,1.35,0.02,0.0,1.97,1.09,2.7,651000000.0,22218000000.0,33327000000.0,19.89
sh600550,保变电气,5.25,1.35,0.07,0.0,0.4,1.07,1.93,38513000.0,1842000000.0000002,9668000000.0,427.98
sz300245,天玑科技,9.01,1.35,0.12,0.11,1.85,1.03,3.26,51261899.99999999,311000000.0,2801000000.0,亏损
sz002603,以岭药业,24.77,1.35,0.33,0.0,1.01,1.03,2.46,343000000.0,1376000000.0,34089000000.0,8.60
sz002852,道道全,12.01,1.35,0.16,0.0,2.33,1.0,2.7,76886900.0,277000000.0,3326000000.0,9.54
sh600682,南京新百,8.26,1.35,0.11,0.12,0.63,1.17,1.72,60122000.0,1165000000.0,9623000000.0,15.43
sz002254,泰和新材,22.55,1.35,0.3,-0.04,0.93,0.89,2.92,88744400.0,426999999.99999994,9622000000.0,35.88
sh600295,鄂尔多斯,9.78,1.35,0.13,0.1,0.34,1.1,2.59,66001400.0,1976000000.0000002,19321000000.0,6.79
sz002523,天桥起重,3.01,1.35,0.04,-0.33,1.61,1.07,3.37,67053900.0,1398000000.0,4208000000.0,221.63
sh600728,佳都科技,6.02,1.35,0.08,0.0,1.33,1.07,2.69,139000000.0,1737000000.0,10459000000.0,2.39
sz301055,张小泉,15.07,1.34,0.2,0.07,3.4,1.29,3.29,29936400.0,58450000.0,881000000.0,69.35
sh688505,复旦张江,9.8,1.34,0.13,0.0,0.67,1.09,2.27,42887100.0,653000000.0,6396000000.0,289.01
sz002987,京北方,20.38,1.34,0.27,0.05,1.26,1.36,3.63,109000000.00000001,428000000.0,8726000000.0,36.65
sz002909,集泰股份,8.31,1.34,0.11,-0.12,4.1,2.25,4.27,125000000.0,362000000.0,3004000000.0,1015.65
sh600824,益民集团,3.78,1.34,0.05,-0.26,0.74,0.9,2.15,29561900.0,1053999999.9999999,3984000000.0000005,26.27
sz000910,大亚圣象,8.32,1.34,0.11,0.12,0.93,1.15,1.71,42070000.0,547000000.0,4552000000.0,亏损
sz000717,中南股份,3.03,1.34,0.04,0.33,1.68,1.7,2.34,123000000.0,2424000000.0,7343000000.000001,307.95
sz300994,久祺股份,15.91,1.34,0.21,0.0,1.96,0.78,2.61,24231200.0,77856000.0,1239000000.0,66.89
sh600429,三元股份,5.3,1.34,0.07,0.19,0.67,1.37,3.06,53051100.0,1498000000.0,7937000000.0,48.18
sz300551,古鳌科技,23.5,1.34,0.31,-0.21,6.93,1.11,7.8,386000000.0,235000000.0,5533000000.0,亏损
sz300791,仙乐健康,29.58,1.34,0.39,0.0,0.49,1.01,2.81,22199200.0,153000000.0,4517000000.0,45.40
sh603365,水星家纺,15.18,1.33,0.2,0.07,0.63,1.15,2.8,25392500.0,267000000.0,4047999999.9999995,12.10
sh603303,得邦照明,14.42,1.33,0.19,-0.07,0.36,1.55,4.36,24993200.0,476999999.99999994,6878000000.0,26.06
sz300127,银河磁体,18.98,1.33,0.25,0.11,3.95,0.9,3.31,171000000.0,227999999.99999997,4335000000.0,30.62
sz000012,南 玻Ａ,6.09,1.33,0.08,0.0,0.92,1.29,1.83,109000000.00000001,1955999999.9999998,11915000000.0,11.79
sz001914,招商积余,16.0,1.33,0.21,-0.13,0.88,1.42,2.47,149000000.0,1060000000.0,16963999999.999998,22.98
sz002706,良信股份,11.43,1.33,0.15,0.18,0.86,0.66,2.39,89363300.0,911000000.0,10413000000.0,37.73
sz300435,中泰股份,14.49,1.33,0.19,0.0,1.15,1.29,3.15,57135100.0,344000000.0,4990000000.0,19.79
sh603317,天味食品,15.26,1.33,0.2,0.07,0.44,0.86,2.12,70405600.0,1058000000.0,16144999999.999998,31.69
831445,龙竹科技,4.58,1.33,0.06,0.0,0.26,5.0,1.99,1081300.0,92456500.0,423000000.00000006,134.81
sh603517,绝味食品,38.25,1.32,0.5,-0.1,0.83,0.97,2.09,199000000.0,631000000.0,24145000000.0,43.90
sz000718,苏宁环球,3.06,1.32,0.04,0.0,1.43,0.98,2.65,99956200.00000001,2290000000.0,7006999999.999999,18.31
sh600775,南京熊猫,9.96,1.32,0.13,0.2,0.91,1.42,2.85,60799399.99999999,672000000.0,6692000000.0,亏损
sh605339,南侨食品,20.7,1.32,0.27,0.1,1.51,0.88,2.25,21128300.0,67790800.0,1403000000.0,56.86
sz002798,帝欧家居,7.67,1.32,0.1,0.26,1.81,1.38,2.77,40607800.0,293000000.0,2246000000.0,亏损
sh600730,中国高科,6.14,1.32,0.08,0.0,1.75,1.33,2.31,62493400.0,587000000.0,3602000000.0000005,亏损
sh600126,杭钢股份,4.61,1.32,0.06,0.44,0.52,1.4,1.98,79920400.0,3377000000.0000005,15569000000.0,122.14
sz002152,广电运通,11.52,1.32,0.15,0.09,0.51,0.94,2.2,146000000.0,2482000000.0,28594000000.0,30.31
sh603392,万泰生物,74.55,1.32,0.97,0.03,0.46,0.9,2.98,426999999.99999994,1265000000.0,94275000000.0,18.99
sh600820,隧道股份,6.15,1.32,0.08,0.0,0.81,1.44,2.31,154000000.0,3144000000.0,19336000000.0,10.77
sh600661,昂立教育,9.24,1.32,0.12,0.0,0.92,0.83,2.3,24045800.0,287000000.0,2648000000.0,亏损
sh600018,上港集团,5.39,1.32,0.07,0.19,0.08,1.83,1.69,103000000.0,23174000000.0,124906000000.0,8.84
sz002233,塔牌集团,8.47,1.32,0.11,0.0,0.93,1.18,1.68,93738700.00000001,1191000000.0,10091000000.0,10.84
sz002216,三全食品,16.17,1.32,0.21,0.12,0.65,1.15,1.82,65720300.0,630000000.0,10191000000.0,12.72
sh600735,新华锦,6.17,1.31,0.08,0.0,0.89,1.06,1.81,22881400.0,421000000.0,2598000000.0,77.50
sh600058,五矿发展,10.03,1.31,0.13,0.0,0.67,1.22,2.63,71950400.0,1072000000.0000001,10751000000.0,82.77
sh605399,晨光新材,16.97,1.31,0.22,-0.06,1.64,1.0,2.87,30585200.0,111000000.00000001,1876000000.0000002,32.58
sz002773,康弘药业,16.21,1.31,0.21,0.19,1.02,0.76,1.69,113999999.99999999,691000000.0,11196000000.0,13.34
sh601991,大唐发电,3.09,1.31,0.04,0.0,0.65,1.49,2.62,247000000.00000003,12396000000.0,38304000000.0,104.39
sz002476,宝莫股份,4.64,1.31,0.06,0.22,0.83,1.05,2.84,23508400.0,612000000.0,2839000000.0,亏损
sh688636,智明达,44.9,1.31,0.58,-0.18,2.23,1.05,3.2,44594100.0,44677400.0,2005999999.9999998,亏损
sz300873,海晨股份,20.89,1.31,0.27,0.0,1.46,0.8,2.28,32575400.0,107000000.0,2246000000.0,20.33
sz002282,博深股份,7.75,1.31,0.1,0.0,0.94,1.51,2.75,28538500.0,396000000.0,3071000000.0,41.66
sz002699,*ST美盛,1.55,1.31,0.02,-0.64,2.9,0.99,3.92,40290400.0,909000000.0,1410000000.0,亏损
sh600022,山东钢铁,1.55,1.31,0.02,0.0,1.69,1.51,3.92,278000000.0,10699000000.0,16583000000.000002,亏损
sh603895,天永智能,24.05,1.31,0.31,0.04,0.36,0.97,2.11,9335100.0,108000000.0,2599000000.0,85.38
sz002149,西部材料,17.06,1.31,0.22,0.0,1.15,1.52,4.45,96095200.0,488000000.0,8328000000.0,59.24
sh603922,金鸿顺,22.5,1.31,0.29,0.0,0.34,1.08,3.83,9798400.0,128000000.0,2880000000.0,亏损
sh688390,固德威,158.5,1.3,2.04,0.0,1.88,0.78,4.24,334000000.0,112999999.99999999,17980000000.0,20.36
sz301321,翰博高新,13.21,1.3,0.17,0.08,2.25,0.56,1.53,27601600.0,93308900.0,1233000000.0,202.85
sh600628,新世界,7.78,1.3,0.1,0.13,0.81,1.13,1.82,40474100.0,647000000.0,5033000000.0,52.62
sh688357,建龙微纳,60.72,1.3,0.78,0.2,0.34,0.63,3.24,16890000.0,83229800.0,5054000000.0,20.87
sh600567,山鹰国际,2.34,1.3,0.03,-0.43,0.53,1.02,2.17,55176600.0,4471000000.0,10461000000.0,亏损
sh601222,林洋能源,7.8,1.3,0.1,-0.13,0.57,1.08,2.47,91499400.0,2060000000.0000002,16069000000.0,20.43
sz301099,雅创电子,49.91,1.3,0.64,-0.08,9.59,0.95,3.92,134000000.00000001,28000000.0,1397000000.0,93.58
sh600125,铁龙物流,6.24,1.3,0.08,0.16,1.23,1.32,2.27,99563500.0,1306000000.0,8145999999.999999,11.84
sh688015,交控科技,17.17,1.3,0.22,0.0,0.56,1.3,3.19,18098900.0,188000000.0,3227000000.0000005,79.70
sh600597,光明乳业,10.93,1.3,0.14,0.0,0.7,1.07,1.85,106000000.0,1378000000.0,15066999999.999998,20.10
sh603992,松霖科技,14.84,1.3,0.19,0.0,0.12,0.34,2.12,7060000.0,401000000.0,5951000000.0,34.04
sz300612,宣亚国际,20.3,1.3,0.26,0.0,2.55,0.7,2.54,81796100.0,159000000.0,3229000000.0,620.77
832566,梓橦宫,6.25,1.3,0.08,0.0,0.17,0.85,2.11,1227600.0,114999999.99999999,718000000.0,14.16
sz002701,奥瑞金,4.69,1.3,0.06,0.0,0.58,1.08,2.16,69869800.0,2571000000.0,12057000000.0,14.33
sz300208,青岛中程,8.6,1.3,0.11,0.0,0.81,1.03,3.3,47517400.0,687000000.0,5911000000.0,亏损
sz000633,合金投资,7.04,1.29,0.09,0.0,1.23,0.89,2.59,33140500.0,385000000.0,2711000000.0,565.99
sh600681,百川能源,4.7,1.29,0.06,-0.21,0.37,1.24,1.94,23463500.0,1340000000.0,6297000000.0,9.13
sz002978,安宁股份,33.7,1.29,0.43,0.03,0.35,1.2,2.35,35305700.0,299000000.0,10076000000.0,14.59
sz300554,三超新材,20.38,1.29,0.26,0.15,2.0,1.36,4.52,30813500.0,76549900.0,1560000000.0,592.08
sh603190,亚通精工,30.57,1.29,0.39,0.0,8.54,1.41,4.31,77729500.0,30000000.0,917000000.0,16.80
sz000531,穗恒运Ａ,7.06,1.29,0.09,0.14,0.79,1.42,2.58,45606700.0,822000000.0000001,5804000000.0,20.25
sh600055,万东医疗,20.47,1.29,0.26,-0.05,0.67,0.82,2.23,73447800.0,541000000.0,11071000000.0,118.20
sh603067,振华股份,11.81,1.29,0.15,0.0,1.43,1.25,3.77,85280800.0,505999999.99999994,5974000000.0,14.74
sz002040,南 京 港,7.09,1.29,0.09,0.14,0.73,1.39,2.0,24872399.999999996,484000000.0,3431000000.0,24.95
sz002279,久其软件,6.3,1.29,0.08,0.0,1.73,0.79,1.93,85385800.0,788000000.0,4965000000.0,亏损
sh605003,众望布艺,19.71,1.28,0.25,0.05,2.98,1.13,2.72,16136500.0,27500000.0,542000000.0,31.30
sz300195,长荣股份,6.31,1.28,0.08,0.0,1.28,0.96,2.41,25116100.0,313000000.0,1978000000.0,99.31
sh600119,长江投资,6.31,1.28,0.08,-0.16,0.85,1.3,2.09,16507700.0,307000000.0,1939999999.9999998,亏损
sh600059,古越龙山,11.05,1.28,0.14,0.09,1.18,1.22,2.02,118000000.0,911999999.9999999,10073000000.0,42.78
sh601121,宝地矿业,7.9,1.28,0.1,0.0,8.01,1.97,3.59,125000000.0,200000000.0,1580000000.0,50.51
sz300619,金银河,64.78,1.28,0.82,0.06,0.67,1.49,2.63,30960800.0,72300900.0,4684000000.0,67.73
sz002353,杰瑞股份,27.68,1.28,0.35,0.11,0.93,0.7,1.94,176000000.0,690000000.0,19095000000.0,20.23
sz301358,湖南裕能,44.28,1.28,0.56,0.02,2.17,0.75,2.36,119000000.0,125000000.0,5516000000.0,29.82
sh601020,华钰矿业,9.49,1.28,0.12,0.0,1.58,0.99,2.88,117000000.0,787000000.0,7470999999.999999,120.75
sh603886,元祖股份,19.77,1.28,0.25,0.0,0.33,0.73,3.18,15648300.0,240000000.0,4745000000.0,亏损
430564,天润科技,6.33,1.28,0.08,0.0,0.28,1.66,2.56,359099.99999999994,20195600.0,128000000.0,亏损
sh603901,永创智能,14.28,1.28,0.18,0.21,0.38,0.92,2.62,25599200.0,479000000.0,6844000000.0,23.45
sz301335,天元宠物,25.39,1.28,0.32,-0.04,3.16,1.36,2.27,25307800.000000004,31500000.0,800000000.0,58.86
sh603222,济民医疗,10.33,1.27,0.13,-0.1,1.3,0.59,3.23,71630700.0,537000000.0,5550000000.0,70.73
sz002227,奥 特 迅,13.5,1.27,0.17,0.07,0.96,0.96,3.08,31812300.0,248000000.0,3342000000.0,亏损
sz002596,海南瑞泽,3.18,1.27,0.04,0.0,7.0,1.08,3.82,236000000.0,1058000000.0,3363000000.0000005,亏损
sz002563,森马服饰,6.36,1.27,0.08,0.47,0.55,1.46,2.87,65647100.0,1877000000.0,11937000000.0,13.77
sz000065,北方国际,15.12,1.27,0.19,0.0,1.3,1.03,4.62,176000000.0,905000000.0000001,13688999999.999998,19.53
sh605018,长华集团,11.14,1.27,0.14,0.0,3.11,1.94,3.46,32087800.000000004,93486400.0,1041000000.0,3237.54
sz000559,万向钱潮,5.57,1.27,0.07,0.0,0.66,1.36,3.27,100000000.0,2753000000.0,15334000000.0,17.68
sh600841,动力新科,6.37,1.27,0.08,0.0,0.49,1.27,3.18,28544899.999999996,919999999.9999999,5861000000.0,亏损
sh601857,中国石油,7.97,1.27,0.1,0.0,0.08,1.23,2.54,971000000.0000001,161922000000.0,1290519000000.0,8.36
sz001368,通达创智,25.52,1.27,0.32,-0.04,6.75,0.47,2.54,47988300.0,28000000.0,715000000.0,23.07
sh605338,巴比食品,26.32,1.27,0.33,0.0,1.33,0.71,2.35,30205600.0,86263700.00000001,2270000000.0,40.11
sh688613,奥精医疗,24.74,1.27,0.31,0.04,1.38,1.26,1.97,35918000.0,105000000.0,2604000000.0,44.55
sz300374,中铁装配,16.77,1.27,0.21,0.0,5.51,1.11,4.83,172000000.0,189000000.0,3174000000.0,亏损
sz300481,濮阳惠成,19.99,1.27,0.25,0.0,1.04,0.78,2.53,60525500.0,293000000.0,5866000000.0,21.08
sz300628,亿联网络,39.18,1.27,0.49,0.08,0.89,0.61,3.44,250999999.99999997,725000000.0,28410000000.000004,29.28
sh601992,金隅集团,2.4,1.27,0.03,0.42,0.65,1.17,2.11,128000000.0,8334000000.0,20002000000.0,亏损
sh601872,招商轮船,6.41,1.26,0.08,0.16,0.33,1.54,2.69,173000000.0,8126000000.000001,52089000000.0,11.61
sz000676,智度股份,6.41,1.26,0.08,0.0,1.42,1.03,3.48,114999999.99999999,1275000000.0,8172000000.0,42.17
sh688660,电气风电,5.61,1.26,0.07,0.0,1.34,1.39,2.35,39802700.0,533000000.0,2992000000.0,亏损
sh600332,白云山,32.1,1.26,0.4,0.03,0.51,1.18,1.77,229999999.99999997,1406000000.0,45129000000.0,6.84
sh600115,中国东航,4.82,1.26,0.06,0.0,0.49,0.97,1.89,316000000.0,13481000000.0,64977000000.0,亏损
sz002646,天佑德酒,14.45,1.26,0.18,0.0,0.97,0.95,2.03,65806400.0,473000000.00000006,6828000000.0,22.13
sz002194,武汉凡谷,9.65,1.26,0.12,-0.1,1.33,0.92,2.31,64973500.0,508000000.0,4898000000.0,36.89
sh600459,贵研铂业,15.28,1.26,0.19,0.0,0.7,1.1,2.85,78910100.0,739000000.0,11291000000.0,18.43
sz000829,天音控股,8.85,1.26,0.11,0.0,1.08,1.22,2.75,97352800.0,1024000000.0,9064000000.0,37.57
sh603042,华脉科技,16.1,1.26,0.2,0.12,6.95,0.99,2.89,179000000.0,161000000.0,2585000000.0,亏损
sh600499,科达制造,11.27,1.26,0.14,0.09,0.51,0.79,2.52,110000000.00000001,1948000000.0,21959000000.0,13.64
sh688293,奥浦迈,49.9,1.26,0.62,0.02,4.97,1.22,3.86,60412000.0,24776400.0,1236000000.0,59.19
sz300401,花园生物,12.07,1.26,0.15,0.0,0.56,1.14,1.68,36725600.0,542000000.0,6545000000.0,32.06
sh600774,汉商集团,12.89,1.26,0.16,0.08,0.84,1.24,2.2,31827000.0,295000000.0,3801000000.0,39.20
sh688307,中润光学,30.65,1.25,0.38,0.2,4.64,1.02,4.59,25487100.0,18248600.0,559000000.0,亏损
sh603256,宏和科技,8.07,1.25,0.1,0.0,0.21,1.0,2.38,14483900.000000002,880000000.0000001,7098999999.999999,亏损
sz000089,深圳机场,7.27,1.25,0.09,0.14,0.56,1.63,1.53,82770700.0,2051000000.0000002,14909000000.0,亏损
sh600123,兰花科创,8.9,1.25,0.11,0.0,0.8,1.02,2.16,105000000.0,1485000000.0,13218000000.0,4.27
sz300840,酷特智能,12.14,1.25,0.15,-0.08,2.04,1.01,3.25,43773000.0,177000000.0,2150000000.0,24.96
sh601868,中国能建,2.43,1.25,0.03,-0.41,1.91,1.62,2.5,657000000.0,14222999999.999998,34561000000.0,22.39
835640,富士达,16.2,1.25,0.2,0.0,0.06,1.26,1.88,1727800.0,176000000.0,2844000000.0,18.11
sh688663,新风光,31.64,1.25,0.39,-0.03,1.87,1.2,3.78,50887500.0,86420400.00000001,2734000000.0,53.73
sh603369,今世缘,60.86,1.25,0.75,0.05,0.78,1.63,2.33,593000000.0,1254000000.0,76349000000.0,15.21
sz300547,川环科技,16.25,1.25,0.2,-0.06,1.49,1.38,5.23,42754300.0,178000000.0,2887000000.0,39.13
sz300597,吉大通信,8.94,1.25,0.11,0.0,2.05,0.79,2.38,46083600.0,254000000.0,2268000000.0,118.71
sz300352,北信源,4.88,1.25,0.06,-0.2,1.57,1.09,3.11,91404100.0,1203000000.0,5871000000.0,825.38
sz300244,迪安诊断,24.42,1.24,0.3,0.0,0.47,0.71,2.28,57630600.00000001,503000000.0,12283000000.0,23.88
sz002859,洁美科技,28.48,1.24,0.35,0.0,0.98,1.38,3.13,112000000.00000001,400000000.0,11378000000.0,97.80
sz301267,华厦眼科,43.18,1.24,0.53,-0.09,4.96,0.79,3.87,190000000.0,89998500.0,3886000000.0,60.34
sz002543,万和电气,8.16,1.24,0.1,0.0,0.67,1.07,1.61,33702900.0,621000000.0,5064000000.0,12.31
sh603055,台华新材,11.43,1.24,0.14,0.0,0.46,1.32,3.1,46680700.0,888000000.0000001,10145000000.0,34.16
sh600198,大唐电信,6.53,1.24,0.08,0.0,0.68,0.91,2.48,38789300.0,880000000.0000001,5749000000.0,亏损
sz002008,大族激光,24.49,1.24,0.3,0.0,1.32,1.22,2.07,316000000.0,978999999.9999999,23984000000.0,45.23
sz000582,北部湾港,8.17,1.24,0.1,-0.12,0.6,1.26,1.61,69055300.0,1410000000.0,11517000000.0,11.92
sh600971,恒源煤电,8.17,1.24,0.1,0.12,0.85,1.36,1.98,83082400.0,1200000000.0,9804000000.0,4.03
sz300146,汤臣倍健,21.24,1.24,0.26,0.14,0.95,1.49,1.91,227000000.0,1130000000.0,23993000000.0,8.77
sh603006,联明股份,11.44,1.24,0.14,0.09,1.79,1.09,3.89,38831300.0,191000000.0,2186000000.0,26.68
sh603787,新日股份,17.17,1.24,0.21,0.23,0.66,1.19,4.83,23274800.0,204000000.0,3503000000.0,23.69
sz002571,德力股份,6.54,1.24,0.08,0.15,1.02,0.72,2.01,19774100.0,298000000.0,1951000000.0000002,亏损
sh600460,士兰微,30.27,1.24,0.37,0.03,0.79,1.27,2.44,337000000.0,1416000000.0,42864000000.0,50.17
sz002617,露笑科技,7.37,1.24,0.09,0.0,1.31,1.02,2.61,181000000.0,1891000000.0,13940000000.0,78.67
sz002064,华峰化学,7.37,1.24,0.09,0.14,0.44,1.75,4.26,160000000.0,4952000000.0,36496000000.0,14.48
sh603090,宏盛股份,21.3,1.24,0.26,0.05,1.42,1.12,2.61,30031200.0,100000000.0,2130000000.0,34.06
sh600235,民丰特纸,5.74,1.24,0.07,0.18,1.19,1.19,1.59,23913200.0,351000000.0,2016000000.0,149.43
sh601880,辽港股份,1.64,1.24,0.02,0.0,0.56,0.95,2.47,173000000.0,18828000000.0,30877999999.999996,25.11
sz002456,欧菲光,5.74,1.24,0.07,0.0,0.82,0.8,2.65,152000000.0,3239000000.0,18593000000.0,亏损
sh603080,新疆火炬,14.78,1.23,0.18,0.0,1.11,1.31,1.92,23219200.0,142000000.0,2091000000.0,20.50
sh688387,信科移动-U,7.39,1.23,0.09,0.0,1.54,0.59,1.92,54817700.00000001,484000000.0,3572999999.9999995,169.00
sz000983,山西焦煤,9.03,1.23,0.11,0.11,0.79,1.07,2.47,290000000.0,4097000000.0,36992000000.0,5.19
sz002898,赛隆药业,11.52,1.23,0.14,0.09,1.82,0.92,3.16,21010300.000000004,101000000.0,1163000000.0,158.53
sh600232,金鹰股份,5.76,1.23,0.07,0.17,0.67,1.02,2.11,14112300.0,365000000.0,2101000000.0000002,62.68
sh688528,秦川物联,10.71,1.23,0.13,0.09,1.13,1.15,3.21,8033099.999999999,66834700.0,716000000.0,亏损
sz002097,山河智能,6.59,1.23,0.08,0.15,0.7,1.06,2.0,44896800.0,974000000.0,6420000000.0,59.47
sh600812,华北制药,5.77,1.23,0.07,-0.17,0.41,1.08,1.75,38601700.0,1630999999.9999998,9410000000.0,456.60
sh603279,景津装备,30.49,1.23,0.37,-0.26,0.29,1.01,3.35,50704600.0,569000000.0,17341000000.0,20.52
sh603818,曲美家居,5.77,1.23,0.07,-0.17,1.19,1.36,2.28,39596600.0,580000000.0,3349000000.0,亏损
sz001219,青岛食品,18.98,1.23,0.23,0.05,4.41,1.16,2.88,63268300.0,75654900.0,1436000000.0,26.47
sz301035,润丰股份,80.88,1.23,0.98,0.46,0.55,0.92,3.12,38731500.0,87851700.0,7105000000.0,30.65
sz002148,北纬科技,5.79,1.22,0.07,0.0,1.3,1.06,2.62,33785700.0,451000000.0,2614000000.0,565.20
sh600406,国电南瑞,23.99,1.22,0.29,0.13,0.22,1.14,2.4,422000000.0,7969000000.0,191175000000.0,91.65
sz300191,潜能恒信,19.04,1.22,0.23,0.0,0.68,1.12,2.02,28448700.0,220000000.00000003,4190000000.0,725.46
sh600211,西藏药业,54.62,1.22,0.66,0.04,0.84,0.93,2.11,113999999.99999999,248000000.0,13541999999.999998,11.17
sh600004,白云机场,14.07,1.22,0.17,-0.07,0.7,1.17,2.88,229999999.99999997,2367000000.0,33300000000.0,186.13
sz000758,中色股份,4.97,1.22,0.06,0.0,1.44,1.39,2.44,140000000.0,1969000000.0000002,9788000000.0,32.50
sh600336,澳柯玛,5.8,1.22,0.07,0.0,0.62,1.2,1.75,28533200.0,798000000.0,4628000000.0,38.14
sh600392,盛和资源,12.44,1.22,0.15,0.0,0.59,1.3,2.44,128000000.0,1753000000.0,21805000000.0,70.45
sh603567,珍宝岛,14.09,1.22,0.17,0.07,0.46,0.63,1.29,61174399.99999999,940000000.0,13238000000.0,13.06
sh601002,晋亿实业,4.98,1.22,0.06,0.0,0.63,1.28,1.83,29745500.0,953999999.9999999,4753000000.0,62.47
sh600221,海航控股,1.66,1.22,0.02,0.0,0.29,1.32,2.44,156000000.0,32873000000.0,54569000000.00001,113.51
sh603797,联泰环保,5.81,1.22,0.07,0.17,0.83,1.13,2.09,28121200.0,584000000.0,3394000000.0,13.48
sh600419,天润乳业,16.61,1.22,0.2,0.06,1.92,1.03,2.68,102000000.0,320000000.0,5318000000.0,24.18
sh605377,华旺科技,19.93,1.22,0.24,-0.15,1.48,1.16,3.45,49921400.0,169000000.0,3369000000.0,15.40
sh688199,久日新材,29.91,1.22,0.36,0.03,0.41,0.9,2.17,11757900.0,95283300.0,2850000000.0,亏损
sh600660,福耀玻璃,37.4,1.22,0.45,0.11,0.41,1.12,2.33,303000000.0,2003000000.0,74912000000.0,26.68
sz002201,正威新材,9.98,1.22,0.12,-0.1,0.52,1.08,1.93,33240100.000000004,650000000.0,6490000000.000001,195.12
833943,优机股份,7.49,1.22,0.09,0.0,0.88,0.8,2.57,2687100.0,41202100.0,309000000.0,13.25
sz300645,正元智慧,27.54,1.21,0.33,0.04,0.67,1.21,1.69,25983200.0,140000000.0,3865999999.9999995,亏损
sh688030,山石网科,20.04,1.21,0.24,-0.05,0.39,0.94,2.52,13970900.0,180000000.0,3611999999.9999995,亏损
sh688122,西部超导,53.5,1.21,0.64,-0.13,1.22,2.75,3.95,426000000.0,650000000.0,34757000000.0,41.72
sz300816,艾可蓝,26.77,1.21,0.32,-0.08,2.59,0.6,4.01,32563900.0,47487600.0,1271000000.0,64.23
sz002444,巨星科技,22.59,1.21,0.27,0.13,0.71,0.89,2.73,184000000.0,1153000000.0,26045999999.999996,22.45
sz300289,利德曼,5.86,1.21,0.07,0.0,0.64,1.09,1.55,15674400.0,418000000.0,2448000000.0,96.06
sh600839,四川长虹,4.19,1.21,0.05,0.0,2.23,0.99,2.9,428000000.0,4615000000.0,19337000000.0,58.29
sh600797,浙大网新,6.71,1.21,0.08,0.0,1.62,1.26,3.02,111000000.00000001,1027999999.9999999,6895000000.0,849.57
sz300255,常山药业,5.03,1.21,0.06,0.2,0.49,1.06,1.81,22878400.0,932000000.0,4690000000.0,258.88
sz002759,天际股份,13.43,1.21,0.16,0.0,1.41,1.73,2.49,76548200.0,405000000.0,5439000000.0,136.96
sh600467,好当家,2.52,1.21,0.03,0.0,1.26,0.98,1.61,46307500.0,1461000000.0,3682000000.0,122.22
sz002084,海鸥住工,4.2,1.21,0.05,0.24,1.65,1.26,3.37,44965100.0,647000000.0,2719000000.0,亏损
sz002316,亚联发展,5.88,1.21,0.07,0.0,26.4,0.64,7.23,498000000.00000006,315000000.0,1852000000.0,亏损
sh600693,东百集团,4.2,1.21,0.05,0.0,1.62,1.23,2.65,59028900.0,869000000.0,3649000000.0,28.50
sz002065,东华软件,6.72,1.21,0.08,-0.15,0.89,1.12,2.71,172000000.0,2904000000.0,19516000000.0,39.09
sh600694,大商股份,19.34,1.2,0.23,0.05,0.87,1.07,2.25,49041100.0,294000000.0,5681000000.0,6.63
sz002678,珠江钢琴,5.89,1.2,0.07,0.0,0.23,1.39,1.89,18094900.0,1358000000.0,7995999999.999999,65.24
sh601021,春秋航空,61.39,1.2,0.73,0.21,0.28,0.86,3.08,166000000.0,978999999.9999999,60073000000.0,42.24
sz002494,华斯股份,5.05,1.2,0.06,0.0,2.44,1.58,3.61,35471200.0,287000000.0,1448000000.0,亏损
sh600884,杉杉股份,15.15,1.2,0.18,0.07,0.98,1.41,3.34,259000000.0,1757000000.0,26622000000.000004,14.97
sh600137,浪莎股份,17.7,1.2,0.21,-0.06,4.06,2.35,4.4,70143600.0,97217600.0,1721000000.0,149.33
sz000552,甘肃能化,3.37,1.2,0.04,0.3,0.98,1.32,1.8,82608900.0,2505000000.0,8441000000.0,4.05
sz002457,青龙管业,9.28,1.2,0.11,0.0,4.67,1.56,2.4,144000000.0,335000000.0,3107000000.0,亏损
sz300856,科思股份,75.07,1.2,0.89,0.0,0.58,0.9,2.25,69786500.0,162000000.0,12176000000.0,19.83
sh688228,开普云,45.55,1.2,0.54,0.0,1.16,0.72,2.98,35354700.0,67133400.0,3058000000.0,亏损
sh600277,亿利洁能,3.38,1.2,0.04,-0.3,1.16,1.61,3.59,139000000.0,3561000000.0,12035000000.0,188.06
sh600178,东安动力,6.78,1.19,0.08,0.44,1.39,1.39,3.28,43247900.0,462000000.0,3133000000.0,亏损
sz300496,中科创达,89.0,1.19,1.05,0.01,2.25,1.09,4.87,722000000.0,365000000.0,32460000000.000004,60.45
sz000488,晨鸣纸业,5.09,1.19,0.06,0.0,0.74,1.42,1.99,63134500.0,1686000000.0,8579000000.000001,亏损
sh688222,成都先导,15.3,1.19,0.18,0.0,0.73,0.93,3.37,37242500.0,339000000.0,5191000000.0,亏损
sh600258,首旅酒店,20.39,1.19,0.24,0.15,1.6,1.32,3.08,360000000.0,1117000000.0,22768000000.0,73.89
sh603305,旭升集团,25.5,1.19,0.3,-0.08,0.91,0.91,4.96,215000000.0,933000000.0,23797000000.0,30.85
sz300075,数字政通,18.72,1.19,0.22,0.0,3.84,1.07,3.57,365000000.0,509999999.99999994,9552000000.0,57.79
sh600113,浙江东日,7.67,1.19,0.09,0.13,1.06,1.38,2.11,33521300.0,411000000.00000006,3156000000.0,30.14
sz000903,云内动力,2.56,1.19,0.03,0.39,0.98,1.16,3.56,47803200.0,1920000000.0,4916000000.0,亏损
sh600818,中路股份,17.92,1.19,0.21,-0.06,0.83,0.94,3.33,35267300.0,238000000.0,4264000000.0,781.70
sh603113,金能科技,8.54,1.19,0.1,-0.12,0.37,1.15,1.9,26775400.0,855000000.0000001,7302000000.0,亏损
sh603650,彤程新材,29.88,1.19,0.35,-0.07,0.49,0.79,2.34,87243400.0,594000000.0,17751000000.0,53.66
sh600552,凯盛科技,11.97,1.18,0.14,-0.08,1.04,0.82,3.04,111000000.00000001,894999999.9999999,10718000000.0,95.91
sz002308,威创股份,5.13,1.18,0.06,-0.2,1.65,0.83,3.35,75326900.0,901000000.0,4621000000.0,80.55
sz002303,美盈森,3.42,1.18,0.04,0.0,1.13,1.35,2.07,36554700.0,952000000.0,3256000000.0,34.27
sh601107,四川成渝,4.28,1.18,0.05,0.0,0.39,1.27,2.6,36041200.0,2163000000.0,9257000000.0,7.50
sz000900,现代投资,4.28,1.18,0.05,0.23,0.83,1.6,1.89,53625700.0,1518000000.0,6495999999.999999,8.86
sh600169,太原重工,2.57,1.18,0.03,0.0,0.76,1.17,1.97,49912900.0,2564000000.0,6589000000.0,60.19
sz002697,红旗连锁,6.0,1.18,0.07,0.0,2.83,0.67,3.2,183000000.0,1078000000.0,6466000000.0,14.48
sz000970,中科三环,12.03,1.18,0.14,0.08,0.88,1.45,1.93,128000000.0,1216000000.0,14625000000.0,36.15
sh688536,思瑞浦,231.0,1.18,2.69,-0.19,0.57,0.9,2.51,85678500.0,65622800.0,15159000000.0,4232.88
sh600007,中国国贸,20.62,1.18,0.24,0.0,0.29,1.11,1.91,59918300.0,1007000000.0,20770000000.0,16.25
sh600867,通化东宝,10.32,1.18,0.12,0.0,0.6,0.72,2.45,123000000.0,1989999999.9999998,20535000000.0,20.54
sz000788,北大医药,6.88,1.18,0.08,0.0,0.83,1.36,1.47,34010700.0,596000000.0,4100000000.0,61.36
sh603011,合锻智能,6.88,1.18,0.08,0.15,1.27,1.17,3.68,42615700.0,494000000.00000006,3402000000.0000005,44.25
sh601918,XD新集能,4.3,1.18,0.05,0.23,0.64,1.31,1.65,71081100.0,2591000000.0,11139000000.0,4.69
sz300769,德方纳米,104.92,1.18,1.22,-0.01,1.56,0.83,3.56,407000000.0,249000000.00000003,26127000000.0,亏损
sh600362,江西铜业,19.78,1.18,0.23,0.1,0.58,1.2,2.56,237000000.0,2075000000.0,41048000000.0,9.76
sh600604,市北高新,5.16,1.18,0.06,-0.19,1.01,1.05,2.35,73109500.0,1407000000.0,7262000000.0,亏损
sz002224,三 力 士,5.16,1.18,0.06,0.0,1.4,1.0,2.35,45437800.0,634000000.0,3270000000.0000005,154.30
sh688249,晶合集成,19.8,1.18,0.23,-0.05,2.29,0.65,2.86,157000000.0,349000000.0,6906000000.0,亏损
sz002810,山东赫达,18.97,1.17,0.22,0.05,0.78,1.02,2.19,46667100.0,316000000.0,6003000000.0,22.31
sz000913,钱江摩托,17.27,1.17,0.2,0.06,0.98,0.55,3.1,77187800.0,457000000.0,7898000000.0,30.80
sh600281,华阳新材,4.32,1.17,0.05,0.23,0.59,1.19,2.11,13147900.0,513999999.99999994,2222000000.0,亏损
sz000620,*ST新联,1.73,1.17,0.02,0.58,1.42,0.7,1.75,46403500.0,1897000000.0,3281000000.0,亏损
sh601188,龙江交通,3.46,1.17,0.04,0.0,0.45,1.15,2.05,20210300.0,1316000000.0,4553000000.0,18.13
sh688060,云涌科技,48.44,1.17,0.56,0.25,0.68,1.07,2.92,11356600.0,34846100.0,1688000000.0,173.22
sz300269,联建光电,3.46,1.17,0.04,0.0,1.91,1.03,2.34,34467400.0,526000000.0,1819000000.0000002,亏损
sz000877,天山股份,8.66,1.17,0.1,0.0,0.7,1.73,1.52,110000000.00000001,1822000000.0,15780000000.000002,亏损
sh688305,科德数控,86.63,1.17,1.0,0.04,1.06,0.68,2.7,45302600.0,49225300.0,4264000000.0,75.06
sz002890,弘宇股份,14.72,1.17,0.17,0.27,1.09,1.31,2.54,19407600.0,121000000.0,1782000000.0,80.00
sh688607,康众医疗,19.93,1.17,0.23,0.1,0.53,0.69,2.49,6999200.0,66509000.0,1326000000.0,亏损
sz000962,东方钽业,12.13,1.17,0.14,0.17,1.3,1.26,2.92,68944000.0,441000000.0,5347000000.0,23.05
sh688557,兰剑智能,32.94,1.17,0.38,-0.3,1.13,0.94,3.04,16366300.000000002,44161800.0,1455000000.0,亏损
sz300919,中伟股份,60.71,1.17,0.7,0.0,1.0,0.9,2.72,173000000.0,288000000.0,17456000000.0,29.85
sh600216,浙江医药,11.27,1.17,0.13,0.09,0.72,1.29,1.62,77559700.0,961999999.9999999,10838000000.0,23.94
sz002901,大博医疗,32.08,1.17,0.37,-0.06,0.27,0.62,1.83,30549899.999999996,351000000.0,11247000000.0,57.04
sh603181,皇马科技,11.28,1.17,0.13,-0.09,0.48,0.97,2.51,31737399.999999996,589000000.0,6641000000.0,21.05
sz002421,达实智能,3.47,1.17,0.04,0.0,1.11,0.64,2.04,68475600.0,1780000000.0,6177000000.0,99.66
sh600639,浦东金桥,13.02,1.17,0.15,-0.08,1.38,0.95,2.02,152000000.0,850000000.0,11070000000.0,2.66
sz000655,金岭矿业,6.95,1.17,0.08,0.14,0.85,1.12,2.48,34784400.0,595000000.0,4138000000.0000005,62.96
sz300323,华灿光电,6.95,1.17,0.08,0.14,0.78,0.96,2.62,49748900.0,924000000.0,6419000000.0,亏损
834682,球冠电缆,5.21,1.17,0.06,0.0,0.58,2.52,3.11,2412400.0,79933100.0,416000000.0,13.21
sh603565,中谷物流,11.31,1.16,0.13,-0.09,0.84,0.66,2.59,61067000.0,643000000.0,7272000000.0,9.73
sz002938,鹏鼎控股,24.36,1.16,0.28,0.04,0.31,0.7,2.24,169000000.0,2278000000.0,55494000000.00001,33.76
sh688325,赛微微电,40.0,1.16,0.46,0.0,0.8,0.62,1.9,9737800.0,30780900.0,1231000000.0,亏损
sz002739,万达电影,13.92,1.16,0.16,0.07,1.72,0.8,2.62,501999999.99999994,2107999999.9999998,29341000000.000004,24.03
sz000626,远大控股,7.84,1.16,0.09,0.26,0.62,0.96,2.32,24328300.0,500000000.0,3921000000.0,63.72
sh603079,圣达生物,13.07,1.16,0.15,0.08,0.7,1.19,1.62,15698699.999999998,171000000.0,2237000000.0,160.23
sh688707,振华新材,30.49,1.16,0.35,-0.07,0.72,1.35,3.05,61250900.0,279000000.0,8498999999.999999,47.79
sz003020,立方制药,34.0,1.16,0.39,-0.03,1.08,0.67,3.04,25896300.0,71171400.0,2420000000.0,20.52
sh603260,合盛硅业,70.71,1.16,0.81,0.04,0.28,1.42,3.12,214000000.0,1074000000.0,75954000000.0,20.84
sz301353,普莱得,35.87,1.16,0.41,0.08,10.32,0.66,4.51,69306000.0,19000000.0,682000000.0,44.47
sh600151,航天机电,8.76,1.16,0.1,-0.11,0.81,1.12,2.89,101000000.0,1434000000.0,12564000000.0,亏损
sz300603,立昂技术,11.39,1.16,0.13,0.09,1.92,1.02,2.84,54621500.0,252000000.0,2874000000.0,57.55
sh600855,航天长峰,12.26,1.16,0.14,0.08,0.78,1.26,2.31,41646300.0,438999999.99999994,5383000000.0,亏损
sh688317,之江生物,24.53,1.16,0.28,-0.04,0.78,1.11,1.65,23518100.0,124000000.0,3035000000.0,198.13
sh603906,龙蟠科技,15.78,1.15,0.18,0.0,0.92,0.89,2.5,81205700.0,565000000.0,8917000000.0,亏损
sh688400,凌云光,26.32,1.15,0.3,0.08,1.56,0.82,3.0,76027200.0,185000000.0,4871000000.0,299.83
sh688128,中国电研,21.95,1.15,0.25,0.14,0.45,0.83,3.36,39883400.0,404000000.0,8879000000.0,35.56
sz002570,贝因美,4.39,1.15,0.05,0.0,1.24,0.9,1.61,58433500.0,1080000000.0,4741000000.0,96.76
sz000548,湖南投资,5.28,1.15,0.06,-0.19,4.13,0.95,3.06,109000000.00000001,499000000.0,2636000000.0,34.22
sh603339,四方科技,14.97,1.15,0.17,0.0,0.65,0.84,2.37,29943200.0,309000000.0,4632000000.0,15.14
sh600575,淮河能源,2.64,1.15,0.03,0.38,0.74,1.25,1.53,75563500.0,3886000000.0,10260000000.0,15.53
sh603508,思维列控,16.72,1.15,0.19,-0.06,0.69,1.22,2.96,43558500.0,381000000.0,6375000000.0,17.51
sz002241,歌尔股份,17.61,1.15,0.2,0.0,1.49,1.1,2.07,784000000.0,3006000000.0,52938000000.0,141.82
sh600180,瑞茂通,6.16,1.15,0.07,-0.16,0.77,1.31,2.96,51432299.99999999,1087000000.0,6694000000.0,8.22
sz002440,闰土股份,7.04,1.15,0.08,0.29,0.48,1.33,1.15,32669300.0,963000000.0000001,6779000000.000001,219.36
sz002438,江苏神通,12.34,1.15,0.14,0.16,3.6,1.73,4.34,206999999.99999997,469000000.00000006,5787000000.0,20.61
sh603657,春光科技,16.75,1.15,0.19,0.24,0.81,0.91,2.6,18274800.0,135000000.0,2264000000.0,34.65
sz000599,青岛双星,4.41,1.15,0.05,0.23,1.04,1.03,2.98,37326800.0,817000000.0,3602000000.0000005,亏损
sz002788,鹭燕医药,9.7,1.15,0.11,0.0,1.05,1.15,1.88,38351300.0,379000000.0,3679999999.9999995,11.80
sz002207,准油股份,7.06,1.15,0.08,0.0,1.04,0.92,2.44,19040500.0,261000000.0,1839999999.9999998,亏损
sh601018,宁波港,3.53,1.15,0.04,-0.28,0.15,1.71,1.72,67939600.0,13172999999.999998,46500000000.0,17.32
sz301216,万凯新材,15.89,1.15,0.18,0.0,1.26,1.24,2.16,55544900.0,280000000.0,4448000000.0,10.03
sh600096,云天化,18.53,1.15,0.21,-0.05,1.81,0.64,2.24,583000000.0,1744000000.0000002,32322000000.000004,5.41
sh688570,天玛智控,26.5,1.15,0.3,0.08,5.03,1.43,3.05,71409200.0,54309200.0,1439000000.0,30.70
sz300147,香雪制药,5.3,1.15,0.06,0.0,1.45,1.46,1.53,50252000.0,657000000.0,3484000000.0000005,193.13
sh688670,金迪克,33.6,1.14,0.38,0.0,4.18,0.59,4.0,59841500.0,42903600.0,1442000000.0,28.47
sh603286,日盈电子,18.58,1.14,0.21,0.11,2.58,0.73,3.59,41726700.0,88076000.0,1636000000.0,139.26
sz002756,永兴材料,54.02,1.14,0.61,-0.09,1.29,0.47,2.98,267000000.0,386000000.0,20873000000.0,7.82
sz300885,海昌新材,9.75,1.14,0.11,-0.1,2.72,1.11,3.42,24003600.0,90915000.0,886000000.0,99.90
sz300006,莱美药业,3.55,1.14,0.04,0.0,1.07,0.85,1.99,30690600.0,811999999.9999999,2883000000.0,亏损
sz000523,广州浪奇,3.55,1.14,0.04,0.28,1.67,0.83,2.85,81178100.0,1377000000.0,4888000000.0,429.08
sz000537,广宇发展,12.44,1.14,0.14,0.0,0.36,0.94,2.52,83762600.0,1863000000.0,23170000000.0,20.88
sh600039,四川路桥,9.78,1.14,0.11,0.21,0.22,0.99,2.38,143000000.0,6639000000.0,64932000000.00001,7.80
sz001299,美能能源,16.02,1.14,0.18,0.0,2.47,0.84,2.02,18409400.0,46900000.0,751000000.0,35.29
sz002007,华兰生物,23.15,1.14,0.26,0.09,0.74,1.02,1.83,269000000.0,1574000000.0,36429000000.0,30.02
sz300251,光线传媒,8.02,1.14,0.09,-0.13,1.27,1.25,2.14,282000000.0,2787000000.0,22354000000.0,48.21
sz000886,海南高速,5.35,1.13,0.06,0.0,1.01,0.64,2.65,52427000.0,976000000.0,5219000000.0,亏损
sh600905,三峡能源,5.36,1.13,0.06,0.0,0.75,2.1,1.51,546000000.0,13572999999.999998,72751000000.0,15.76
sz002493,荣盛石化,12.51,1.13,0.14,0.24,0.37,1.09,2.59,436000000.00000006,9498000000.0,118823000000.0,亏损
sh605178,时空科技,24.16,1.13,0.27,0.12,7.46,1.52,5.19,110000000.00000001,62083000.0,1500000000.0,亏损
sz000009,中国宝安,11.63,1.13,0.13,-0.17,0.46,1.38,2.52,136000000.0,2551000000.0,29673000000.0,31.33
sz002067,景兴纸业,3.58,1.13,0.04,0.28,0.75,1.19,1.13,28234300.0,1056000000.0,3782000000.0,100.80
sh601515,东风股份,4.48,1.13,0.05,0.22,1.0,1.06,1.81,82537600.0,1843000000.0,8256000000.0,9.18
sz300711,广哈通信,13.44,1.13,0.15,0.07,1.57,0.74,2.94,51954000.0,248000000.0,3332000000.0,亏损
sh601015,陕西黑猫,4.49,1.13,0.05,0.0,0.64,1.27,2.25,58693100.00000001,2042000000.0000002,9171000000.0,40.95
sz002607,中公教育,4.49,1.13,0.05,0.0,2.45,1.16,3.38,511000000.00000006,4679000000.0,21009000000.0,284.86
sz301301,川宁生物,8.98,1.13,0.1,0.0,3.48,1.2,1.8,69459800.0,223000000.0,2001000000.0000002,28.44
sz002382,蓝帆医疗,7.19,1.12,0.08,0.0,0.53,1.05,1.55,38055200.0,1002000000.0,7201000000.000001,亏损
sh600084,中葡股份,8.09,1.12,0.09,-0.25,0.5,2.01,2.75,45038200.0,1124000000.0,9091000000.0,193.63
sz300098,高新兴,3.6,1.12,0.04,0.0,2.19,1.12,3.37,118000000.0,1521000000.0,5476000000.0,亏损
sz300640,德艺文创,6.3,1.12,0.07,0.16,2.31,1.34,2.09,32057399.999999996,221000000.0,1390000000.0,69.82
sh600583,海油工程,6.3,1.12,0.07,0.0,0.32,1.17,2.09,89099200.0,4421000000.0,27855000000.0,15.53
sh688106,金宏气体,24.31,1.12,0.27,0.04,0.92,0.98,3.37,81543700.0,367000000.0,8926000000.0,49.01
sz002022,科华生物,9.91,1.12,0.11,0.1,0.56,0.95,1.94,28600100.000000004,513999999.99999994,5095000000.0,23.27
sz300087,荃银高科,10.82,1.12,0.12,0.09,1.29,0.56,2.43,125000000.0,896000000.0000001,9694000000.0,81.83
sh688799,华纳药厂,43.25,1.12,0.48,0.14,2.29,1.36,3.04,55798400.0,56488000.0,2443000000.0,20.59
sh600895,张江高科,15.34,1.12,0.17,0.0,1.58,0.68,2.77,373000000.0,1549000000.0,23757000000.0,30.01
sz300890,翔丰华,39.78,1.12,0.44,-0.05,1.56,1.04,2.21,52527900.0,85628900.0,3406000000.0,19.57
sh603661,恒林股份,34.35,1.12,0.38,0.06,0.46,1.59,2.06,22028800.0,139000000.0,4777000000.0,15.26
sh600617,国新能源,4.52,1.12,0.05,0.0,0.82,1.16,1.79,35771200.0,975000000.0,4407000000.0,13.32
sh601179,中国西电,5.42,1.12,0.06,0.0,0.48,1.13,2.24,131000000.0,5126000000.0,27782000000.0,37.40
sz300912,凯龙高科,19.9,1.12,0.22,0.0,5.5,1.06,4.22,66573400.0,61592900.0,1226000000.0,3646.77
sz000657,中钨高新,9.95,1.12,0.11,0.1,0.47,0.66,2.95,58004300.0,1240000000.0,12340000000.0,34.86
sh601611,中国核建,8.14,1.12,0.09,-0.12,0.66,1.25,1.99,155000000.0,2915000000.0,23731000000.0,12.09
sz000413,东旭光电,1.81,1.12,0.02,0.56,1.05,0.42,1.68,95000500.0,5029000000.0,9103000000.0,亏损
sh600346,恒力石化,15.39,1.12,0.17,0.07,0.19,0.97,2.37,204999999.99999997,7039000000.0,108332000000.0,26.56
sh600793,宜宾纸业,12.69,1.12,0.14,0.24,0.65,0.85,1.51,14563300.0,177000000.0,2245000000.0,87.23
sh601689,拓普集团,71.57,1.12,0.79,-0.22,0.72,0.92,4.66,562000000.0,1102000000.0,78874000000.0,43.80
sh688363,华熙生物,96.97,1.12,1.07,0.02,1.48,1.16,2.49,282000000.0,198000000.0,19217000000.0,58.24
sz301428,世纪恒通,36.27,1.11,0.4,-0.08,11.19,0.75,5.49,93615000.0,23395100.000000004,849000000.0,50.32
sh600609,金杯汽车,5.44,1.11,0.06,0.37,1.34,1.51,3.53,94246600.0,1311000000.0,7133000000.0,31.14
sh600969,郴电国际,7.26,1.11,0.08,0.14,1.33,1.67,1.95,35519600.0,370000000.0,2687000000.0,34.40
sh600998,九州通,9.99,1.11,0.11,0.1,0.31,1.22,1.82,86965400.00000001,2792000000.0,27893000000.0,12.43
sz002992,宝明科技,57.22,1.11,0.63,0.0,3.44,0.9,5.23,154000000.0,78371700.0,4484000000.0,亏损
sz002407,多氟多,19.09,1.11,0.21,0.0,0.97,0.67,2.17,176000000.0,961000000.0,18350000000.0,46.62
sh600798,宁波海运,3.64,1.11,0.04,0.0,0.66,1.31,1.94,29001600.0,1207000000.0,4392000000.0,270.18
sz001213,中铁特货,4.55,1.11,0.05,0.22,1.96,1.9,1.78,92537000.0,1044000000.0,4752000000.0,36.58
sh605108,同庆楼,34.63,1.11,0.38,0.03,0.38,0.58,2.13,33839800.0,260000000.0,9004000000.0,31.14
sh600309,万华化学,95.71,1.11,1.05,0.28,0.51,2.04,2.2,1525000000.0,3140000000.0,300505000000.0,17.54
sz002295,精艺股份,7.3,1.11,0.08,0.14,1.4,1.03,2.22,25460100.000000004,250000000.0,1827000000.0,65.28
sz002879,长缆科技,15.53,1.11,0.17,0.13,0.76,0.83,2.87,15777100.0,134000000.00000001,2084000000.0,148.04
sz002461,珠江啤酒,9.13,1.11,0.1,0.0,0.33,1.19,1.99,66524399.99999999,2213000000.0,20208000000.0,58.21
sz300507,苏奥传感,6.4,1.11,0.07,0.0,7.94,1.55,5.37,238000000.0,476000000.0,3046000000.0,55.29
sz300571,平治信息,33.82,1.11,0.37,0.0,1.55,0.93,3.89,59762600.0,115999999.99999999,3909000000.0000005,68.07
sh600713,南京医药,5.49,1.1,0.06,0.18,0.85,1.28,1.84,48323400.0,1042000000.0,5718000000.0,12.06
873167,新赣江,9.15,1.1,0.1,0.0,0.85,1.42,1.44,1253600.0,16232400.0,149000000.0,9.72
sh603170,宝立食品,19.21,1.1,0.21,-0.05,2.62,1.14,2.68,59875000.0,119000000.0,2284000000.0,25.17
sz000557,西部创业,5.49,1.1,0.06,0.18,0.49,1.02,3.13,38704500.0,1458000000.0,8004000000.000001,25.23
sz300677,英科医疗,22.0,1.1,0.24,0.05,1.1,1.53,1.65,115999999.99999999,478000000.0,10505000000.0,亏损
sz000048,京基智农,20.16,1.1,0.22,0.05,0.78,0.79,2.66,81851100.0,523000000.00000006,10549000000.0,2.16
sz000042,中洲控股,8.26,1.1,0.09,0.12,0.94,0.8,2.57,51607700.00000001,664000000.0,5484000000.0,22.55
sh600883,博闻科技,8.26,1.1,0.09,0.12,0.91,1.17,2.08,17789800.0,236000000.0,1950000000.0,18.02
sh688285,高铁电气,9.18,1.1,0.1,0.22,2.11,0.82,2.2,17143300.0,89395000.0,821000000.0000001,61.68
sh601068,中铝国际,5.51,1.1,0.06,0.18,0.44,1.25,3.12,61404500.0,2560000000.0,14103000000.0,1186.17
sh603738,泰晶科技,15.62,1.1,0.17,0.0,2.0,0.67,3.56,120000000.0,386000000.0,6032000000.0,79.52
sz301298,东利机械,16.54,1.1,0.18,0.06,4.45,1.91,5.99,71553300.0,98263600.0,1625000000.0,63.99
sz301235,华康医疗,28.5,1.1,0.31,-0.04,0.93,0.94,2.27,13183000.0,49896000.0,1422000000.0,亏损
sh603167,渤海轮渡,7.35,1.1,0.08,0.14,0.91,1.45,1.51,31133300.0,469000000.00000006,3447999999.9999995,30.30
sz002386,天原股份,6.44,1.1,0.07,0.16,0.55,0.98,1.88,35421500.0,1015000000.0,6534999999.999999,34.51
sz002863,今飞凯达,6.44,1.1,0.07,0.0,8.67,1.52,5.81,274000000.0,499000000.0,3213000000.0000005,32.25
sz000538,云南白药,54.29,1.1,0.59,0.04,0.42,1.54,2.1,407000000.0,1785000000.0000002,96924000000.0,16.07
sz301198,喜悦智行,14.72,1.1,0.16,0.34,4.68,0.49,2.4,53248900.0,77841400.0,1146000000.0,43.46
sh688597,煜邦电力,9.22,1.1,0.1,0.22,0.97,0.61,2.52,16047400.0,181000000.0,1670000000.0,亏损
sz002202,金风科技,11.07,1.1,0.12,0.0,0.54,1.66,2.19,204000000.0,3393000000.0,37565000000.0,9.47
sz301389,隆扬电子,17.55,1.09,0.19,-0.11,1.9,0.71,2.25,23455400.0,70875000.0,1244000000.0,64.61
sh601869,长飞光纤,35.13,1.09,0.38,0.0,0.48,1.32,2.82,68441100.0,405999999.99999994,14275000000.0,27.61
sz301367,怡和嘉业,149.86,1.09,1.62,0.03,3.61,0.62,3.17,85944000.0,16000000.0,2398000000.0,15.43
sz002120,韵达股份,10.17,1.09,0.11,0.0,0.78,0.96,2.19,223000000.0,2815000000.0,28630000000.0,20.58
sh603188,亚邦股份,3.7,1.09,0.04,0.27,0.7,1.05,1.91,14775000.0,570000000.0,2110000000.0000002,亏损
sz301256,华融化学,9.25,1.09,0.1,0.33,4.87,1.84,3.06,60971600.0,136000000.0,1260000000.0,30.07
sh688589,力合微,40.7,1.09,0.44,0.0,2.5,1.13,4.35,86942099.99999999,86338900.0,3514000000.0,47.80
sz301203,国泰环保,40.74,1.09,0.44,0.0,18.79,0.52,5.78,128000000.0,17067700.0,695000000.0,26.41
sz002911,佛燃能源,12.97,1.09,0.14,0.0,0.26,0.95,2.57,31601000.0,952999999.9999999,12358000000.0,22.61
sz002250,联化科技,10.19,1.09,0.11,0.0,2.15,1.21,3.27,199000000.0,919000000.0,9366000000.0,52.75
sz300978,东箭科技,12.99,1.09,0.14,0.0,5.65,1.33,5.37,96073200.0,132000000.0,1714999999.9999998,39.20
sz000701,厦门信达,6.49,1.09,0.07,0.15,2.1,0.7,2.49,55582299.99999999,411000000.00000006,2668000000.0,158.63
sh601118,海南橡胶,4.64,1.09,0.05,0.22,0.51,1.62,1.74,99918200.0,4279000000.0,19857000000.0,亏损
sh600121,郑州煤电,4.64,1.09,0.05,0.0,1.41,1.31,2.4,79004600.0,1218000000.0,5653000000.0,21.85
sh603128,华贸物流,9.3,1.09,0.1,0.0,0.36,0.92,1.63,43183800.0,1309000000.0,12178000000.0,13.78
sz300062,中能电气,6.51,1.09,0.07,0.0,3.3,1.29,4.5,80058700.0,379000000.0,2466000000.0,83.18
sz300827,上能电气,35.35,1.09,0.38,0.0,3.34,0.69,3.69,302000000.0,259000000.0,9140000000.0,46.55
sh603326,我乐家居,8.38,1.09,0.09,-0.24,0.42,0.96,2.05,11094100.0,316000000.0,2644000000.0,99.47
sh600718,东软集团,10.25,1.08,0.11,0.2,1.14,1.16,2.17,140000000.0,1204000000.0,12338000000.0,614.63
sh603616,韩建河山,5.59,1.08,0.06,-0.18,6.08,2.27,7.23,131000000.0,381000000.0,2132000000.0,亏损
sh603057,紫燕食品,26.08,1.08,0.28,0.0,2.01,0.68,2.6,21916500.0,42000000.0,1095000000.0,60.17
sh600626,申达股份,3.73,1.08,0.04,0.54,0.74,1.21,2.17,23344699.999999996,852000000.0,3179000000.0,亏损
sz300276,三丰智能,3.73,1.08,0.04,-0.27,1.29,0.83,2.71,47136400.0,984000000.0,3670000000.0000005,129.31
sh603602,纵横通信,12.13,1.08,0.13,0.0,1.06,1.54,3.17,26305800.0,204000000.0,2473000000.0,亏损
sh603636,南威软件,13.07,1.08,0.14,0.0,1.3,1.08,2.86,99651800.0,591000000.0,7722000000.0,亏损
sz000016,深康佳Ａ,4.67,1.08,0.05,-0.21,0.77,1.58,1.95,56673200.0,1597000000.0,7456000000.0,18.43
sz000973,佛塑科技,4.67,1.08,0.05,0.0,0.93,1.33,2.17,41698300.0,967000000.0,4518000000.0,63.30
sz000017,深中华A,4.67,1.08,0.05,0.22,2.14,1.73,2.6,30125600.0,303000000.0,1415000000.0,282.46
sz002597,金禾实业,24.33,1.08,0.26,0.04,0.71,0.93,2.83,95799500.0,557000000.0,13556000000.0,13.91
sh600284,浦东建设,6.56,1.08,0.07,0.0,1.28,0.78,1.85,81030500.0,969999999.9999999,6365000000.0,13.34
sz300041,回天新材,11.24,1.08,0.12,0.0,1.17,0.86,2.52,70939800.0,544000000.0,6119000000.0,13.09
sz002642,荣联科技,6.56,1.08,0.07,0.0,1.5,1.26,3.24,59103900.0,605000000.0,3968000000.0,502.76
sz300643,万通智控,13.11,1.08,0.14,0.15,2.35,0.67,5.78,69964000.0,229000000.0,3008000000.0,50.41
sz300738,奥飞数据,9.37,1.08,0.1,0.0,1.16,1.04,2.81,88563400.0,821000000.0000001,7695999999.999999,50.58
sh600894,广日股份,7.5,1.08,0.08,-0.13,0.64,1.43,2.96,41115100.0,860000000.0,6450000000.0,98.81
sh601898,中煤能源,8.45,1.08,0.09,0.0,0.17,1.08,1.79,130000000.0,9152000000.0,77334000000.0,3.91
sz002649,博彦科技,13.14,1.08,0.14,0.0,2.51,0.65,3.0,171000000.0,521000000.0,6841000000.0,29.54
sz002715,登云股份,15.01,1.08,0.16,0.07,0.81,1.02,3.37,16738800.000000002,138000000.0,2071000000.0,亏损
sz000789,万年青,8.46,1.07,0.09,-0.12,0.85,1.26,1.79,56911899.99999999,797000000.0,6745999999.999999,18.32
sh600684,珠江股份,3.76,1.07,0.04,0.54,2.4,0.67,2.42,77199500.0,852999999.9999999,3209000000.0000005,亏损
sz300337,银邦股份,6.58,1.07,0.07,0.15,1.7,0.92,3.07,78374400.0,710000000.0,4672000000.0,109.34
sz002795,永和智控,8.47,1.07,0.09,0.12,1.72,1.11,2.98,52991899.99999999,364000000.0,3086000000.0,亏损
sh603758,秦安股份,10.35,1.07,0.11,0.19,0.61,1.0,3.61,27554100.0,438999999.99999994,4542000000.0,18.70
sh600085,同仁堂,51.81,1.07,0.55,0.04,0.49,1.46,1.77,347000000.0,1371000000.0,71056000000.0,33.94
sh603266,天龙股份,14.13,1.07,0.15,-0.07,1.79,1.16,4.01,49735300.0,199000000.0,2810000000.0,24.43
sz300272,开能健康,5.65,1.07,0.06,0.0,1.02,0.75,1.97,23647399.999999996,411000000.00000006,2323000000.0,49.09
sh688097,博众精工,26.38,1.07,0.28,0.38,3.84,1.0,4.21,93885600.0,92907000.0,2451000000.0,56.35
sh600183,生益科技,16.03,1.07,0.17,0.0,0.73,0.69,3.09,273000000.0,2350000000.0,37667000000.0,38.01
sz003028,振邦智能,36.8,1.07,0.39,0.0,1.75,0.93,2.58,17895300.0,28020600.0,1031000000.0,44.66
sz002312,川发龙蟒,8.49,1.07,0.09,0.0,1.03,0.66,2.14,119000000.0,1365000000.0,11592000000.0,26.74
sz002083,孚日股份,4.72,1.07,0.05,0.21,0.9,1.13,2.14,34137900.0,807000000.0,3810000000.0,38.97
sz300119,瑞普生物,18.9,1.07,0.2,0.0,0.43,0.77,2.3,27398400.0,334000000.0,6318000000.0,27.36
sh600195,中牧股份,12.28,1.07,0.13,0.08,0.72,0.72,2.14,89721000.0,1021000000.0000001,12540000000.0,22.31
sh600636,国新文化,11.35,1.07,0.12,0.09,1.69,0.83,2.58,84210200.0,440000000.00000006,4999000000.0,257.61
sz300238,冠昊生物,14.18,1.07,0.15,0.0,1.5,1.02,1.92,56025200.00000001,265000000.0,3760000000.0,42.5
sh605336,帅丰电器,17.98,1.07,0.19,0.0,5.42,1.76,3.15,57354700.0,58612400.0,1053999999.9999999,20.64
sz000417,合肥百货,5.68,1.07,0.06,0.0,3.11,0.95,3.2,138000000.0,779000000.0,4425000000.0,11.46
834021,流金科技,2.84,1.07,0.03,0.0,0.36,1.25,1.78,2421000.0,237000000.0,673000000.0,28.86
sh600546,山煤国际,15.15,1.07,0.16,0.0,0.54,0.95,2.6,160000000.0,1982000000.0,30033999999.999996,4.45
sz301097,天益医疗,45.49,1.07,0.48,-0.2,1.73,1.08,2.51,14281400.000000002,18347300.0,835000000.0,48.5
sz300557,理工光科,37.05,1.06,0.39,0.11,0.68,0.68,2.48,16299000.0,64953000.0,2407000000.0,169.48
sz000507,珠海港,5.71,1.06,0.06,0.18,0.84,1.58,1.24,43134900.0,902000000.0,5152000000.0,21.55
sh600135,乐凯胶片,7.61,1.06,0.08,0.0,2.7,0.42,2.39,112999999.99999999,553000000.0,4211000000.0,949.9
sh600955,维远股份,20.0,1.06,0.21,0.05,0.35,0.72,1.97,25627700.0,365000000.0,7298000000.0,105.42
sh600222,太龙药业,5.72,1.06,0.06,0.0,1.08,1.03,1.77,35424000.0,574000000.0,3283000000.0,222.85
sh603059,倍加洁,23.84,1.06,0.25,-0.04,0.7,1.13,1.99,16713200.0,100000000.0,2387000000.0,83.34
sz002273,水晶光电,11.44,1.06,0.12,0.0,1.17,0.7,2.47,180000000.0,1355000000.0,15502000000.000002,42.87
sz000989,九 芝 堂,12.41,1.06,0.13,0.16,1.01,0.82,1.71,82259000.0,658000000.0,8166000000.0,16.41
sz000803,山高环能,6.68,1.06,0.07,0.15,1.2,0.6,1.97,31798500.0,400000000.0,2674000000.0,19.81
sh603690,至纯科技,30.57,1.06,0.32,0.0,1.01,0.84,1.98,118000000.0,384000000.0,11749000000.0,47.04
sh603583,捷昌驱动,19.12,1.06,0.2,0.0,0.81,0.87,2.54,58725700.0,382000000.0,7309000000.0,138.02
sh603978,深圳新星,18.16,1.06,0.19,0.0,0.61,0.68,2.89,18140900.0,166000000.0,3014000000.0,亏损
sh600789,鲁抗医药,6.7,1.06,0.07,0.15,0.75,1.04,1.36,44513300.0,889000000.0,5957000000.0,32.59
sh603398,沐邦高科,23.92,1.06,0.25,0.04,0.27,0.76,2.24,22347000.0,343000000.0,8195999999.999999,60.88
sh601778,晶科科技,4.79,1.05,0.05,0.21,0.46,1.03,1.9,63973400.0,2894000000.0,13863999999.999998,176.31
sz300342,天银机电,11.49,1.05,0.12,0.09,5.75,1.03,3.52,272000000.0,416000000.0,4783000000.0,68.67
sh600836,上海易连,4.79,1.05,0.05,-0.21,1.12,1.71,1.9,35688600.0,665000000.0,3187000000.0,650.31
sh600698,湖南天雁,4.79,1.05,0.05,0.0,0.96,1.32,2.74,38065900.0,830000000.0000001,3977000000.0000005,1930.03
sh600769,祥龙电业,9.6,1.05,0.1,0.31,2.12,1.29,4.11,76171300.0,375000000.0,3600000000.0,260.61
sz002685,华东重机,3.84,1.05,0.04,0.0,2.38,1.34,4.21,73805900.0,814000000.0,3125000000.0,38.50
sz000049,德赛电池,34.56,1.05,0.36,0.03,0.78,0.95,1.9,80342300.0,299000000.0,10343000000.0,35.17
sz300016,北陆药业,6.72,1.05,0.07,0.0,0.9,1.24,2.1,29536600.0,491000000.0,3301000000.0,65.72
sz300009,安科生物,10.56,1.05,0.11,-0.19,1.29,1.32,4.5,159000000.0,1159000000.0,12244000000.0,23.80
sz002166,莱茵生物,7.68,1.05,0.08,0.26,1.52,1.07,2.1,54226500.0,466000000.0,3582000000.0,71.46
sz002652,扬子新材,2.88,1.05,0.03,0.0,1.47,1.02,2.46,21732700.0,512000000.0,1473000000.0,亏损
sz000735,罗 牛 山,6.73,1.05,0.07,0.15,1.14,0.84,1.5,87656700.0,1151000000.0,7745000000.0,40.46
sh603156,养元饮品,25.97,1.05,0.27,0.08,0.12,1.12,2.26,40446600.0,1265000000.0,32864999999.999996,11.21
sh600697,欧亚集团,13.47,1.05,0.14,-0.07,1.93,0.93,2.63,40259700.0,155000000.0,2093000000.0,56.11
sz002635,安洁科技,13.47,1.05,0.14,0.0,1.17,1.21,2.4,63265800.0,404000000.0,5446000000.0,33.20
sz000669,ST金鸿,1.93,1.05,0.02,0.0,0.62,0.89,2.62,8166300.0,680000000.0,1313000000.0,亏损
sz300083,创世纪,6.76,1.05,0.07,0.0,1.17,0.92,2.69,106000000.0,1354000000.0,9150000000.0,23.30
sh688005,容百科技,48.3,1.05,0.5,-0.17,1.72,1.19,2.7,233000000.0,282000000.0,13608000000.000002,17.52
sz000677,恒天海龙,2.9,1.04,0.03,0.0,0.95,1.58,2.44,23704699.999999996,864000000.0,2506000000.0,68.40
sh600725,云维股份,2.9,1.04,0.03,0.0,0.55,1.54,2.79,19677400.0,1232000000.0,3574000000.0,630.65
sz002624,完美世界,14.51,1.04,0.15,0.07,1.77,0.86,2.3,467000000.0,1827000000.0,26514999999.999996,29.16
sh603527,众源新材,12.58,1.04,0.13,0.0,1.03,1.24,2.57,31313700.0,244000000.0,3067000000.0,28.77
sh688098,申联生物,7.75,1.04,0.08,0.26,0.32,1.19,1.82,9978500.0,411000000.00000006,3182000000.0,50.14
sz000795,英洛华,6.78,1.04,0.07,0.0,1.39,0.98,3.13,106000000.0,1134000000.0,7686000000.0,49.58
832023,田野股份,2.91,1.04,0.03,0.0,0.62,1.52,2.43,3621800.0,202000000.0,588000000.0,33.76
sz003000,劲仔食品,11.65,1.04,0.12,0.26,2.02,1.26,4.6,52933700.0,224000000.00000003,2607000000.0,33.51
sh603029,天鹅股份,23.3,1.04,0.24,-0.04,9.23,0.91,4.73,261000000.0,121000000.0,2827000000.0,118.68
sz000156,华数传媒,8.74,1.04,0.09,0.12,0.48,1.08,2.08,64793600.0,1565000000.0,13679000000.0,22.42
sh600596,新安股份,11.66,1.04,0.12,0.0,0.9,0.5,2.08,108000000.0,1028999999.9999999,12001000000.0,31.45
sz002709,天赐材料,35.95,1.04,0.37,-0.06,1.03,0.77,3.12,505999999.99999994,1384000000.0,49751000000.0,24.91
sz300277,海联讯,7.78,1.04,0.08,0.13,1.03,0.84,2.99,26463100.0,334000000.0,2602000000.0,6412.44
sh600170,上海建工,2.92,1.04,0.03,0.34,0.79,1.06,2.08,204999999.99999997,8886000000.0,25947000000.000004,25.32
sh600742,一汽富维,8.76,1.04,0.09,0.0,1.35,1.22,2.42,80612900.0,684000000.0,5988000000.0,23.68
sz001301,尚太科技,52.68,1.04,0.54,0.02,1.74,1.29,2.84,58735400.0,64943700.0,3421000000.0,14.84
sz002519,银河电子,5.85,1.04,0.06,-0.17,1.8,0.95,2.76,117000000.0,1116000000.0,6529000000.000001,26.24
sh603111,康尼机电,4.88,1.03,0.05,-0.2,0.55,1.27,2.69,22109500.0,836000000.0,4079999999.9999995,36.42
sh600657,信达地产,4.88,1.03,0.05,-0.2,1.9,1.07,4.35,264000000.0,2852000000.0,13916999999.999998,154.96
sz002178,延华智能,3.91,1.03,0.04,0.0,1.19,1.0,2.33,32887700.0,712000000.0,2782000000.0,365.01
sh600935,华塑股份,3.91,1.03,0.04,0.0,0.44,1.16,1.81,31753700.0,1855000000.0,7252000000.0,981.00
sz000915,华特达因,36.19,1.03,0.37,0.03,1.2,1.4,3.6,102000000.0,234000000.0,8476000000.000001,13.18
sh603182,嘉华股份,15.65,1.03,0.16,0.0,2.4,0.71,1.74,15417000.0,41140000.0,644000000.0,20.80
sz300676,华大基因,59.73,1.03,0.61,0.03,0.5,1.29,1.34,123000000.0,411000000.00000006,24544000000.0,149.48
sh688669,聚石化学,18.61,1.03,0.19,-0.11,1.38,1.26,2.55,15471800.0,60889799.99999999,1133000000.0,38.90
sh603982,泉峰汽车,15.66,1.03,0.16,0.06,4.7,1.32,6.77,177000000.0,243000000.00000003,3809000000.0000005,亏损
sh688560,明冠新材,23.49,1.03,0.24,-0.13,2.02,1.2,3.74,60241200.0,128000000.0,2996000000.0,60.85
sz300830,金现代,8.82,1.03,0.09,0.0,1.2,0.82,2.52,32727300.0,310000000.0,2737000000.0,亏损
sz002842,翔鹭钨业,8.83,1.03,0.09,0.11,1.42,1.28,2.63,26967600.000000004,216000000.0,1907000000.0,359.04
sh688110,东芯股份,36.34,1.03,0.37,0.06,3.74,1.12,6.12,368000000.0,272000000.0,9874000000.0,亏损
sz002225,濮耐股份,3.93,1.03,0.04,0.0,0.92,1.2,2.06,29521500.0,825000000.0,3244000000.0,22.61
sh600658,电子城,5.9,1.03,0.06,0.0,2.17,0.85,2.74,142000000.0,1119000000.0,6600000000.0,9.65
sh688178,万德斯,19.7,1.03,0.2,0.15,1.35,2.37,2.05,22515600.0,84997800.0,1673999999.9999998,173.05
sh600929,雪天盐业,7.88,1.03,0.08,0.13,0.78,1.38,2.69,64662500.0,1069000000.0,8426000000.000001,15.69
sz300218,安利股份,9.85,1.03,0.1,0.2,0.86,1.5,3.18,18302700.0,216000000.0,2130000000.0,亏损
sh603566,普莱柯,23.65,1.02,0.24,0.0,0.55,0.95,1.67,45631400.0,351000000.0,8306999999.999999,31.88
sh600549,厦门钨业,18.72,1.02,0.19,-0.11,0.68,1.44,2.27,180000000.0,1411000000.0,26414000000.0,16.77
sz000919,金陵药业,7.91,1.02,0.08,0.0,0.74,0.88,1.53,29438500.0,504000000.0,3983000000.0,23.19
sz000021,深科技,19.78,1.02,0.2,0.0,3.31,1.12,2.86,1027000000.0,1560000000.0,30857000000.0,76.40
sh600008,首创环保,2.97,1.02,0.03,0.0,0.95,1.85,2.38,206999999.99999997,7341000000.0,21802000000.0,16.81
sz000544,中原环保,7.92,1.02,0.08,0.13,1.65,1.03,4.08,127000000.0,975000000.0,7720000000.0,12.14
sz002367,康力电梯,8.91,1.02,0.09,0.0,1.08,0.49,2.61,50491700.0,525000000.0,4681000000.0,20.34
sz002049,紫光国微,89.25,1.02,0.9,0.01,0.91,1.12,2.26,682000000.0,849000000.0,75815000000.0,32.47
sh688088,虹软科技,37.68,1.02,0.38,0.11,0.9,0.73,3.0,136000000.0,405999999.99999994,15297999999.999998,135.69
sz300441,鲍斯股份,5.96,1.02,0.06,0.17,0.59,0.88,2.71,22013700.0,633000000.0,3772000000.0,28.54
sh600613,神奇制药,6.95,1.02,0.07,0.0,0.93,0.93,2.18,30842100.0,479000000.0,3331000000.0,39.01
sz301211,亨迪药业,24.89,1.01,0.25,0.04,5.01,0.93,2.92,85367800.0,69209300.0,1723000000.0,44.89
sh601929,吉视传媒,1.99,1.01,0.02,0.0,2.12,1.0,3.05,138000000.0,3301000000.0,6570000000.0,787.56
sz300261,雅本化学,8.97,1.01,0.09,0.0,1.07,1.19,2.93,89801400.0,936999999.9999999,8406000000.0,40.59
sh688189,南新制药,9.97,1.01,0.1,0.1,0.72,1.04,2.33,19552300.0,274000000.0,2736000000.0,54.57
sz002330,得利斯,5.99,1.01,0.06,0.0,1.14,0.82,1.18,43348000.0,635000000.0,3804999999.9999995,42.85
sz301057,汇隆新材,17.96,1.01,0.18,0.0,1.31,1.02,2.14,10351300.000000002,44320000.0,796000000.0,56.12
838227,美登科技,18.96,1.01,0.19,0.0,0.73,1.68,2.4,1440500.0,10537700.0,200000000.0,18.83
sh600110,诺德股份,6.99,1.01,0.07,0.0,0.77,1.0,2.02,75307600.0,1406000000.0,9831000000.0,60.78
sz000006,深振业Ａ,4.99,1.01,0.05,0.0,3.45,0.8,3.04,231000000.0,1350000000.0,6736000000.0,亏损
sz002498,汉缆股份,4.0,1.01,0.04,0.0,0.5,1.47,1.77,66389600.0,3327000000.0000005,13307000000.0,18.99
sz002014,永新股份,9.0,1.01,0.09,0.0,0.41,1.04,1.57,21856500.0,601000000.0,5408000000.0,17.68
sh688367,工大高科,18.03,1.01,0.18,0.17,1.03,0.95,1.96,10863200.0,58739100.0,1059000000.0,2564.35
sh600668,尖峰集团,12.02,1.01,0.12,0.08,0.88,0.93,1.6,36405600.0,344000000.0,4136000000.0,44.66
sh600673,东阳光,7.03,1.01,0.07,0.0,0.21,0.95,2.15,44090800.0,2997000000.0,21071000000.0,80.69
sz002639,雪人股份,8.05,1.0,0.08,0.0,1.72,1.04,3.01,91251299.99999999,659000000.0,5308000000.0,285.06
sz002402,和而泰,16.11,1.0,0.16,0.06,0.84,1.09,2.82,108000000.0,802000000.0,12921000000.0,45.88
sh600410,华胜天成,7.05,1.0,0.07,0.0,1.46,0.86,2.44,112000000.00000001,1096000000.0,7730000000.0,31.49
831039,国义招标,5.04,1.0,0.05,0.0,0.18,0.83,1.6,1365100.0,154000000.0,775000000.0,9.95
sz000923,河钢资源,15.12,1.0,0.15,0.0,1.09,1.02,3.61,104000000.0,628000000.0,9494000000.0,13.15
sh601028,玉龙股份,11.1,1.0,0.11,0.0,1.17,0.63,2.27,101000000.0,783000000.0,8692000000.0,15.18
sz002296,辉煌科技,8.08,1.0,0.08,0.12,1.25,0.96,2.25,34761000.0,346000000.0,2795000000.0,33.02
sz300144,宋城演艺,13.15,1.0,0.13,0.08,1.49,1.2,2.69,445000000.0,2288000000.0,30082000000.0,142.53
sz300316,晶盛机电,61.69,1.0,0.61,0.0,0.46,0.92,2.55,348000000.0,1231000000.0,75924000000.0,22.77
sh600763,通策医疗,117.38,1.0,1.16,-0.01,1.55,1.1,3.21,579000000.0,321000000.0,37637000000.0,55.69
sh600172,黄河旋风,4.05,1.0,0.04,0.0,1.28,1.2,2.99,65468400.0,1276000000.0,5169000000.0,亏损
sh600201,生物股份,10.12,1.0,0.1,0.1,0.54,0.54,2.0,60861600.0,1120000000.0,11338000000.0,26.56
sh603012,创力集团,6.08,1.0,0.06,-0.16,1.4,1.31,2.33,54183000.0,637000000.0,3870000000.0000005,12.00
sh600056,中国医药,13.17,1.0,0.13,0.0,1.03,1.21,1.84,200999999.99999997,1495000000.0,19694000000.0,18.32
sh688522,纳睿雷达,52.7,1.0,0.52,-0.13,2.13,0.61,3.3,39696600.0,35794100.0,1886000000.0,240.29
sz001217,华尔泰,12.16,1.0,0.12,0.0,0.88,0.95,1.74,14111199.999999998,133000000.0,1616000000.0,30.63
sh605198,安德利,19.24,1.0,0.19,0.1,0.96,0.84,2.26,15330100.0,83746000.0,1611000000.0,27.79
sz002459,晶澳科技,33.42,1.0,0.33,0.03,0.9,0.94,3.14,986999999.9999999,3303000000.0,110376000000.0,10.71
sh603027,千禾味业,19.24,1.0,0.19,0.0,1.14,0.88,2.78,208000000.0,959000000.0,18442000000.0,34.04
sz300015,爱尔眼科,20.27,1.0,0.2,0.15,0.56,0.99,1.99,888000000.0000001,7879000000.000001,159698000000.0,60.52
sz300241,瑞丰光电,5.07,1.0,0.05,0.2,0.94,0.93,2.39,26859800.0,572000000.0,2899000000.0,亏损
sz002789,建艺集团,16.24,0.99,0.16,0.06,3.32,0.73,2.92,69115000.0,129000000.0,2097000000.0,62.12
sh601111,中国国航,9.14,0.99,0.09,0.0,0.41,0.58,2.21,416000000.0,11024000000.0,100756000000.0,亏损
sh600662,外服控股,6.1,0.99,0.06,0.0,0.63,0.82,1.99,40138800.0,1052999999.9999999,6426000000.000001,19.06
sh600395,盘江股份,7.12,0.99,0.07,0.0,0.43,1.28,1.28,65462299.99999999,2147000000.0,15284000000.0,10.90
sz002349,精华制药,9.15,0.99,0.09,0.11,1.23,0.82,1.66,90591700.0,811000000.0,7423000000.0,21.24
sz000056,皇庭国际,4.07,0.99,0.04,0.0,4.33,0.58,3.47,159000000.0,903999999.9999999,3678000000.0,亏损
sh600995,南网储能,11.2,0.99,0.11,0.0,0.98,1.54,2.35,121000000.0,1109000000.0,12422000000.0,23.54
sh603215,比依股份,19.37,0.99,0.19,0.1,2.88,0.6,2.14,39205600.0,70464100.0,1365000000.0,19.70
sz003816,中国广核,3.06,0.99,0.03,0.33,0.23,1.71,1.65,272000000.0,39335000000.0,120365000000.00002,11.08
sz300076,GQY视讯,5.1,0.99,0.05,0.2,1.53,1.12,2.77,32806400.0,424000000.0,2162000000.0,亏损
sz300013,新宁物流,4.08,0.99,0.04,0.49,2.41,1.54,1.73,39952700.0,409000000.0,1669000000.0000002,亏损
sz002195,二三四五,3.06,0.99,0.03,0.0,1.67,1.29,2.31,287000000.0,5656000000.0,17308000000.0,39.70
sz300019,硅宝科技,16.33,0.99,0.16,0.06,0.43,0.65,1.73,23541400.0,335000000.0,5477000000.0,29.03
sh600516,方大炭素,6.13,0.99,0.06,0.0,0.79,1.48,1.48,194000000.0,4026000000.0,24679000000.0,27.86
sz001260,坤泰股份,21.45,0.99,0.21,0.0,8.4,1.42,5.98,51821600.0,28750000.0,617000000.0,66.08
sz001965,招商公路,9.19,0.99,0.09,0.0,0.09,1.16,2.64,48668200.0,6185000000.0,56841999999.99999,10.53
sh600206,有研新材,13.27,0.99,0.13,-0.15,0.72,1.19,1.98,80603900.0,847000000.0000001,11234000000.0,72.43
sz300110,华仁药业,4.09,0.99,0.04,0.25,0.67,0.98,1.24,32246500.0,1180000000.0,4828000000.0,29.41
sz002967,广电计量,16.35,0.99,0.16,0.0,0.76,0.83,2.16,63614799.99999999,515000000.00000006,8422000000.0,亏损
sz000813,德展健康,3.07,0.99,0.03,-0.33,0.38,1.06,1.65,25251500.0,2165000000.0,6645000000.0,897.15
sh600696,岩石股份,25.61,0.99,0.25,0.0,0.39,1.4,2.25,33701000.0,334000000.0,8566000000.0,69.00
sh601311,骆驼股份,9.22,0.99,0.09,-0.11,0.73,1.31,2.74,77785500.0,1173000000.0,10816000000.0,16.51
sh600527,江南高纤,2.05,0.98,0.02,-0.49,1.09,0.99,2.46,38725500.0,1732000000.0,3550000000.0,111.59
sz002583,海能达,6.16,0.98,0.06,0.0,1.64,1.15,1.97,122000000.0,1218000000.0,7501000000.000001,亏损
sz000612,焦作万方,5.13,0.98,0.05,0.0,0.58,1.04,1.97,35290100.0,1191000000.0,6112000000.0,64.82
sz300877,金春股份,18.47,0.98,0.18,0.0,7.02,0.39,3.33,74082800.0,56799000.0,1049000000.0,152.15
sz000520,长航凤凰,3.08,0.98,0.03,0.33,0.68,1.23,1.97,21175600.0,1011999999.9999999,3117000000.0,亏损
sz300436,广生堂,26.7,0.98,0.26,0.0,0.73,0.73,1.93,25798300.0,133000000.0,3558000000.0,亏损
sz000703,恒逸石化,7.19,0.98,0.07,0.14,0.28,0.88,1.69,72352400.0,3647000000.0,26223000000.0,189.12
sh603324,盛剑环境,33.96,0.98,0.33,0.0,0.72,0.58,2.35,10787100.0,44379799.99999999,1507000000.0,56.66
sz300748,金力永磁,17.5,0.98,0.17,-0.06,0.93,0.86,2.19,183000000.0,1131000000.0,19788000000.0,32.96
sh600640,国脉文化,11.33,0.98,0.11,0.0,0.5,0.68,2.58,44840600.00000001,796000000.0,9015000000.0,92.30
sz000838,财信发展,4.12,0.98,0.04,-0.24,6.32,0.83,5.15,274000000.0,1053999999.9999999,4342000000.0,亏损
sz301128,强瑞技术,31.96,0.98,0.31,-0.03,2.11,0.92,2.88,18323300.0,27256700.0,871000000.0000001,669.54
sz002884,凌霄泵业,16.52,0.98,0.16,0.0,0.42,1.17,2.44,18929200.0,273000000.0,4505000000.0,19.12
sz001270,铖昌科技,83.67,0.98,0.81,0.0,1.8,0.81,2.33,107000000.0,71255300.0,5962000000.0,268.25
sz000576,甘化科工,10.33,0.98,0.1,-0.19,0.73,1.15,2.35,32252100.0,430999999.99999994,4447000000.0,53.29
sz300681,英搏尔,20.68,0.98,0.2,0.0,2.21,1.03,5.37,78404800.0,173000000.0,3572999999.9999995,亏损
sz301168,通灵股份,56.85,0.98,0.55,0.07,3.65,0.86,4.49,103000000.0,49653000.0,2823000000.0,45.88
sz002264,新 华 都,6.2,0.98,0.06,0.16,1.07,0.68,1.79,43217100.0,654000000.0,4053000000.0,17.52
sh601607,上海医药,20.68,0.98,0.2,0.05,0.55,1.28,2.0,220000000.00000003,1930999999.9999998,39943000000.0,12.62
sh600461,洪城环境,8.27,0.98,0.08,0.0,0.63,1.05,2.2,52078600.0,1005000000.0000001,8313000000.0,7.77
sz002580,圣阳股份,9.3,0.98,0.09,0.0,1.27,0.9,2.39,36709200.0,314000000.0,2924000000.0,23.16
sh600573,惠泉啤酒,11.37,0.98,0.11,0.0,1.55,1.08,2.13,43771500.0,250000000.0,2843000000.0,791.26
sh600724,宁波富达,4.14,0.98,0.04,-0.24,0.47,1.01,1.95,28092700.0,1445000000.0,5982000000.0,24.09
sh605099,共创草坪,24.94,0.97,0.24,0.0,3.61,1.32,2.88,36201600.0,40090000.0,1000000000.0,26.63
sh605358,立昂微,37.4,0.97,0.36,0.0,0.99,0.77,2.02,186000000.0,501999999.99999994,18793000000.0,183.77
sh603755,日辰股份,33.29,0.97,0.32,0.03,1.03,0.54,2.25,33748100.0,98613700.00000001,3283000000.0,76.99
sh600272,开开实业,9.36,0.97,0.09,0.11,1.26,0.91,1.51,18914300.0,160000000.0,1498000000.0,58.05
sh688056,莱伯泰科,38.49,0.97,0.37,0.26,1.22,0.95,3.49,12257100.0,26441400.0,1018000000.0,50.28
sh600619,海立股份,6.24,0.97,0.06,0.0,0.5,0.98,2.43,24518400.0,789000000.0,4924000000.0,亏损
sh600692,亚通股份,6.24,0.97,0.06,0.48,2.98,0.84,2.75,47242299.99999999,254999999.99999997,1591000000.0,亏损
sh688299,长阳科技,15.61,0.97,0.15,0.13,0.7,1.24,2.91,27563000.0,252999999.99999997,3946000000.0,44.91
sz300556,丝路视觉,21.85,0.97,0.21,0.0,2.63,1.02,3.6,57488700.0,101000000.0,2215000000.0,亏损
sz002969,嘉美包装,4.17,0.97,0.04,0.0,1.23,1.04,1.94,27025500.0,528000000.0,2204000000.0,42.10
sz300741,华宝股份,22.95,0.97,0.22,0.0,0.25,0.74,2.16,34652600.0,616000000.0,14134000000.0,34.35
sh600740,山西焦化,5.22,0.97,0.05,0.19,0.58,1.55,1.93,77507200.0,2562000000.0,13374000000.0,4.38
sh688026,洁特生物,17.76,0.97,0.17,-0.06,0.66,1.01,3.41,16367900.0,140000000.0,2490000000.0,亏损
sz002650,加加食品,4.18,0.97,0.04,0.0,0.71,1.12,1.69,34084500.0,1152000000.0,4815000000.0,93.45
sh600130,波导股份,4.18,0.97,0.04,0.24,1.09,0.91,2.17,34789500.0,768000000.0,3210000000.0,176.42
sz002663,普邦股份,2.09,0.97,0.02,0.48,5.76,0.94,4.83,155000000.0,1302000000.0,2720000000.0,亏损
sz301283,聚胶股份,36.63,0.96,0.35,0.06,2.76,0.93,2.31,20026400.0,20000000.0,733000000.0,48.11
sz002923,润都股份,13.6,0.96,0.13,0.0,0.63,0.8,1.41,21988100.0,256999999.99999997,3501000000.0,28.16
sz001228,永泰运,40.79,0.96,0.39,0.0,1.67,0.42,2.35,37280000.0,54864600.0,2238000000.0,27.84
sz000761,本钢板材,4.19,0.96,0.04,0.24,0.45,1.23,1.93,69487000.0,3708000000.0,15537000000.0,90.55
sz000778,新兴铸管,4.19,0.96,0.04,0.24,1.1,1.37,2.65,180000000.0,3896000000.0,16325000000.0,12.25
sz300439,美康生物,11.53,0.96,0.11,0.0,1.32,1.22,1.66,41946000.0,277000000.0,3198000000.0,15.46
sh601798,蓝科高新,7.34,0.96,0.07,0.27,0.82,1.03,2.89,21123000.0,355000000.0,2602000000.0,亏损
sh600098,广州发展,6.3,0.96,0.06,0.16,0.51,1.01,1.92,111000000.00000001,3517000000.0,22156000000.0,13.81
sh688585,上纬新材,8.4,0.96,0.08,0.0,1.02,0.55,3.12,7110400.0,83682900.00000001,703000000.0,47.74
sz000631,顺发恒业,3.15,0.96,0.03,0.64,0.73,1.31,2.24,55960500.0,2433000000.0,7662000000.0,104.30
sz002588,史丹利,6.31,0.96,0.06,-0.16,1.85,1.24,1.76,83833600.0,720000000.0,4543000000.0,8.51
sh601975,招商南油,3.16,0.96,0.03,0.64,1.2,0.86,2.24,183000000.0,4853000000.0,15335000000.0,9.44
sh688282,理工导航,43.21,0.96,0.41,0.02,1.7,0.65,2.52,25923400.0,35640000.0,1540000000.0,86.58
sz001201,东瑞股份,25.3,0.96,0.24,0.08,1.4,1.1,2.08,32295100.000000004,91828400.0,2323000000.0,亏损
sh688529,豪森股份,28.45,0.96,0.27,-0.18,4.65,1.1,3.62,61297600.0,47024399.99999999,1338000000.0,32.48
sz002128,电投能源,13.72,0.96,0.13,0.15,0.43,1.43,1.62,112999999.99999999,1922000000.0,26364000000.0,4.75
sh600562,国睿科技,15.86,0.95,0.15,0.06,0.43,1.15,2.16,82840900.0,1226000000.0,19448000000.0,43.77
sz000885,城发环境,12.7,0.95,0.12,0.0,0.74,0.8,2.38,60417700.00000001,642000000.0,8154000000.000001,6.65
sh600525,长园集团,5.29,0.95,0.05,0.19,0.64,0.98,2.86,43615100.0,1306000000.0,6908000000.0,109.84
sz300416,苏试试验,17.99,0.95,0.17,-0.11,1.1,0.86,4.38,98638200.0,505000000.0,9089000000.0,51.60
sh688356,键凯科技,108.01,0.95,1.02,0.14,0.74,0.94,3.51,28597500.0,36275500.0,3918000000.0,34.58
sh688019,安集科技,146.4,0.95,1.38,0.0,1.21,1.46,2.5,170000000.0,97416100.0,14262000000.0,47.60
sz002765,蓝黛科技,7.43,0.95,0.07,-0.13,2.81,1.13,3.67,87859000.0,426999999.99999994,3171000000.0,39.24
sh600353,旭光电子,7.44,0.95,0.07,0.0,1.02,0.72,3.12,61341700.0,809000000.0,6015000000.0,84.99
sz002165,红 宝 丽,4.25,0.95,0.04,0.24,1.41,1.1,1.43,43339000.0,727000000.0,3090000000.0,亏损
sz002676,顺威股份,4.25,0.95,0.04,0.0,0.73,0.89,1.66,22333500.0,720000000.0,3060000000.0,63.16
sz300520,科大国创,21.25,0.95,0.2,0.0,2.2,1.17,3.85,107000000.0,233000000.0,4947000000.0,551.50
sz002886,沃特股份,18.08,0.95,0.17,0.0,1.18,0.78,2.07,36461800.0,172000000.0,3106000000.0,199.30
sh603078,江化微,15.96,0.95,0.15,-0.19,1.04,1.22,2.97,54869500.0,331000000.0,5286000000.0,57.40
sh600997,开滦股份,6.38,0.95,0.06,0.31,0.46,1.2,1.9,46272100.0,1588000000.0,10130000000.0,6.21
sh601399,国机重装,3.19,0.95,0.03,0.31,0.41,1.47,1.9,92970000.0,7214000000.0,23011000000.0,70.72
sh603038,华立股份,9.57,0.95,0.09,0.0,3.2,0.91,2.85,63345200.00000001,206999999.99999997,1978000000.0,62.00
sz301238,瑞泰新材,20.24,0.95,0.19,0.05,1.6,0.83,2.54,68602800.0,213000000.0,4318000000.0,28.46
sz300947,德必集团,17.03,0.95,0.16,-0.41,17.87,1.08,5.33,297000000.0,95293799.99999999,1623000000.0,263.74
sz002682,龙洲股份,4.26,0.95,0.04,0.0,2.11,1.66,1.9,50468600.0,562000000.0,2396000000.0,亏损
sz002272,川润股份,6.41,0.94,0.06,0.0,2.07,0.72,2.21,44003100.00000001,335000000.0,2146000000.0,亏损
sz000078,海王生物,3.21,0.94,0.03,0.0,0.46,1.29,1.57,38148900.0,2620000000.0,8409000000.0,29.62
sz300296,利亚德,6.42,0.94,0.06,-0.16,0.61,1.02,2.04,81265000.0,2064000000.0,13247999999.999998,33.28
sz000851,高鸿股份,5.35,0.94,0.05,0.0,1.58,0.93,2.64,95038700.00000001,1132000000.0,6055000000.0,194.88
sh603109,神驰机电,17.15,0.94,0.16,0.18,0.9,0.96,2.83,31515500.0,206999999.99999997,3550000000.0,14.59
sz000597,东北制药,5.36,0.94,0.05,0.0,0.53,0.98,1.88,38038900.0,1338000000.0,7173000000.0,27.44
sz002539,云图控股,9.65,0.94,0.09,-0.1,1.69,0.6,2.62,143000000.0,883000000.0,8523999999.999999,8.24
sh605116,奥锐特,23.6,0.94,0.22,0.04,0.81,1.29,2.05,14748500.0,77331200.0,1825000000.0,52.24
sz002418,康盛股份,3.22,0.94,0.03,-0.31,2.19,1.13,2.82,79332100.0,1136000000.0,3658000000.0,132.34
sz003030,祖名股份,24.71,0.94,0.23,0.2,1.07,0.71,1.76,13224200.0,50342100.0,1244000000.0,82.54
sz300376,易事特,6.45,0.94,0.06,-0.16,0.7,1.25,2.97,104000000.0,2325000000.0,14996000000.0,34.61
sz300906,日月明,24.73,0.94,0.23,0.12,2.56,0.76,2.86,20168900.0,32230300.000000004,797000000.0,44.64
sz300559,佳发教育,13.98,0.94,0.13,0.07,1.44,0.85,2.82,60465400.0,302000000.0,4215999999.9999995,400.80
sz002373,千方科技,12.92,0.94,0.12,-0.08,0.72,0.89,3.44,127000000.0,1374000000.0,17746000000.0,32.39
sh600302,标准股份,5.38,0.94,0.05,0.37,0.89,1.14,1.88,16565100.0,346000000.0,1862000000.0,亏损
sh600163,中闽能源,5.38,0.94,0.05,0.19,1.14,1.66,2.06,70101700.0,1154000000.0,6209000000.0,9.36
sh688369,致远互联,51.75,0.94,0.48,0.0,0.88,0.65,3.26,52159300.0,114999999.99999999,5937000000.0,亏损
sz002828,贝肯能源,8.63,0.94,0.08,0.0,1.28,1.13,1.64,21315500.0,194000000.0,1672000000.0,亏损
sz002275,桂林三金,16.2,0.94,0.15,0.25,0.61,0.99,1.99,54194000.0,552000000.0,8939000000.0,14.06
sh600403,大有能源,4.32,0.94,0.04,0.0,0.3,1.36,1.87,30546200.0,2391000000.0,10328000000.0,8.21
sz300849,锦盛新材,11.9,0.93,0.11,0.17,0.47,0.9,1.7,6835200.0,121000000.0,1445000000.0,亏损
sz002198,嘉应制药,7.57,0.93,0.07,0.0,0.76,0.79,2.13,29222399.999999996,508000000.0,3842000000.0,78.82
sz000833,粤桂股份,6.49,0.93,0.06,-0.15,1.01,1.02,1.55,24799500.0,378000000.0,2454000000.0,27.15
sh603219,富佳股份,13.0,0.93,0.12,0.0,1.56,0.54,3.03,31260100.000000004,155000000.0,2019000000.0000002,72.06
sz002953,日丰股份,11.91,0.93,0.11,-0.08,2.0,0.89,3.48,46434799.99999999,197000000.0,2347000000.0,36.30
sz000553,安道麦A,8.67,0.93,0.08,0.0,0.15,1.2,1.86,28914100.0,2177000000.0,18875000000.0,60.64
sh600648,外高桥,11.93,0.93,0.11,0.08,0.48,1.12,1.61,53637800.0,935000000.0,11152000000.0,105.47
sh600506,统一股份,10.84,0.93,0.1,0.0,1.2,1.14,2.42,19051700.0,148000000.0,1601000000.0000002,2234.28
sh603377,东方时尚,7.6,0.93,0.07,0.0,0.39,0.78,2.26,21420700.0,721000000.0,5478000000.0,亏损
sz002106,莱宝高科,8.68,0.93,0.08,0.0,0.78,1.07,2.33,47466100.0,704000000.0,6112000000.0,71.49
sz002757,南兴股份,14.11,0.93,0.13,-0.07,1.41,0.8,2.07,55331899.99999999,280000000.0,3947999999.9999995,12.74
sz000710,贝瑞基因,10.86,0.93,0.1,0.0,0.79,0.81,1.77,26015400.0,307000000.0,3329000000.0,亏损
sh600171,上海贝岭,17.39,0.93,0.16,0.0,0.71,0.86,1.28,87258900.0,706000000.0,12280000000.0,94.27
sz300256,ST星星,3.26,0.93,0.03,0.0,1.74,1.19,2.48,83962600.0,1493000000.0,4868000000.0,亏损
sz002334,英威腾,10.87,0.93,0.1,-0.09,1.88,0.82,2.69,141000000.0,699000000.0,7597000000.0,22.67
sz300173,福能东方,4.35,0.93,0.04,0.0,0.98,1.02,2.55,31015200.0,734000000.0,3195000000.0,115.50
sz300689,澄天伟业,21.75,0.93,0.2,-0.05,0.9,0.59,2.6,19189100.0,98487300.0,2142000000.0000002,92.47
sh600821,金开新能,6.54,0.93,0.06,0.0,0.51,1.07,2.16,57480700.0,1741000000.0,11389000000.0,19.28
sh603083,剑桥科技,55.6,0.93,0.51,-0.23,11.54,0.92,6.32,1689999999.9999998,261000000.0,14484000000.0,52.16
sh601908,京运通,5.45,0.93,0.05,-0.18,0.64,1.04,2.04,83317400.0,2415000000.0,13160000000.0,10.85
sh603102,百合股份,43.61,0.93,0.4,0.09,1.15,0.79,1.57,17861300.0,35789300.0,1561000000.0,15.58
sz301101,明月镜片,40.39,0.93,0.37,0.03,0.99,0.7,1.87,28583100.0,71468100.0,2887000000.0,58.05
sz002545,东方铁塔,7.64,0.93,0.07,0.0,0.61,0.74,1.98,52306400.0,1130000000.0,8634000000.0,14.03
871245,威博液压,8.73,0.93,0.08,0.0,0.15,1.73,1.5,297100.0,22755000.0,199000000.0,84.75
sh600970,中材国际,13.1,0.93,0.12,0.0,1.08,1.11,3.93,243000000.00000003,1743000000.0,22828000000.0,14.02
sz002584,西陇科学,5.47,0.92,0.05,0.18,1.33,1.07,2.03,29439000.0,405999999.99999994,2223000000.0,79.77
sz002290,禾盛新材,13.12,0.92,0.12,0.15,0.94,0.98,4.0,30155500.0,245000000.00000003,3215999999.9999995,45.86
sz300641,正丹股份,5.47,0.92,0.05,0.0,0.69,1.54,2.77,18358800.0,490000000.00000006,2678000000.0,58.22
sz002702,海欣食品,5.47,0.92,0.05,0.0,2.21,1.21,1.84,46554900.0,386000000.0,2112000000.0,47.50
sh603235,天新药业,30.69,0.92,0.28,0.03,2.12,1.64,2.14,28474899.999999996,43780000.0,1344000000.0,30.93
sh688077,大地熊,26.3,0.92,0.24,-0.04,1.78,1.17,3.38,34968400.0,75575900.0,1988000000.0,亏损
sz002364,中恒电气,7.67,0.92,0.07,0.0,1.06,0.91,2.24,42580900.0,525000000.0,4025000000.0,171.31
sz002268,电科网安,26.34,0.92,0.24,0.04,1.54,1.44,3.37,337000000.0,841000000.0,22158000000.0,亏损
sz000937,冀中能源,6.59,0.92,0.06,0.0,0.77,1.51,1.23,146000000.0,2907000000.0,19154000000.0,2.15
sh600128,苏豪弘业,8.79,0.92,0.08,0.11,1.98,1.23,1.84,42987299.99999999,247000000.00000003,2169000000.0,95.80
sh600097,开创国际,9.89,0.92,0.09,0.1,0.6,1.08,1.43,14310800.0,241000000.0,2383000000.0,1579.25
sz300070,碧水源,5.5,0.92,0.05,0.0,0.55,1.03,1.47,98825400.00000001,3303000000.0,18169000000.0,103.47
sh600876,凯盛新能,16.51,0.92,0.15,0.06,0.57,0.96,1.71,35684400.0,382000000.0,6314000000.0,214.12
sh600622,光大嘉宝,3.3,0.92,0.03,0.61,3.95,1.16,3.98,194000000.0,1500000000.0,4949000000.0,225.95
sz300850,新强联,33.01,0.92,0.3,0.0,2.29,1.23,2.87,173000000.0,231999999.99999997,7645000000.0,61.38
sh600796,钱江生化,5.5,0.92,0.05,0.0,0.75,0.96,1.65,12383699.999999998,301000000.0,1657999999.9999998,39.27
sz002437,誉衡药业,2.2,0.92,0.02,0.0,1.6,0.88,2.75,76827200.0,2191000000.0,4820000000.0,60.27
sh688619,罗普特,13.2,0.92,0.12,0.0,3.06,1.9,2.14,35969600.0,89522000.0,1182000000.0,亏损
sz300267,尔康制药,3.3,0.92,0.03,0.3,1.26,1.48,1.83,58657000.0,1420000000.0,4687000000.0,65.25
sz002959,小熊电器,67.24,0.92,0.61,0.0,1.26,0.91,2.48,132000000.0,156000000.0,10519000000.0,15.97
sh600236,桂冠电力,5.51,0.92,0.05,0.0,0.08,1.43,1.83,35861300.0,7881999999.999999,43432000000.0,36.88
sz000155,川能动力,14.33,0.92,0.13,0.14,0.49,0.57,2.04,89911500.0,1297000000.0,18585000000.0,19.14
sh600502,安徽建工,5.51,0.92,0.05,0.18,1.6,0.7,2.38,151000000.0,1717000000.0000002,9458000000.0,6.80
sz002061,浙江交科,4.41,0.92,0.04,0.0,1.29,1.38,1.83,147000000.0,2599000000.0,11462000000.0,18.59
sh688601,力芯微,41.91,0.92,0.38,0.22,1.4,1.07,3.4,41105100.0,71112700.0,2980000000.0,50.65
sz002785,万里石,23.15,0.92,0.21,-0.04,1.49,1.21,2.14,56930200.00000001,167000000.0,3859000000.0000005,亏损
sz002125,湘潭电化,12.15,0.91,0.11,0.0,0.99,0.77,2.49,75233000.0,629000000.0,7648000000.0,47.28
sh600073,上海梅林,7.74,0.91,0.07,-0.13,0.87,0.93,1.43,62603600.0,938000000.0000001,7258000000.0,9.05
sh600941,中国移动,95.06,0.91,0.86,0.0,1.53,1.68,2.97,1098000000.0,759000000.0,72115000000.0,18.10
830879,基康仪器,6.63,0.91,0.06,0.0,0.15,1.13,1.67,518900.0,52437400.0,348000000.0,17.87
sh600686,金龙汽车,7.75,0.91,0.07,-0.13,4.53,1.01,5.21,250000000.0,717000000.0,5557000000.0,130.16
sh603332,苏州龙杰,8.86,0.91,0.08,0.11,0.7,1.0,1.71,13356000.0,216000000.0,1917000000.0000002,亏损
sh601877,正泰电器,27.7,0.91,0.25,-0.07,0.48,1.17,2.04,284000000.0,2150000000.0,59554000000.0,12.39
sz000637,ST实华,3.33,0.91,0.03,0.0,0.53,1.19,1.82,6383400.0,368000000.0,1225000000.0,亏损
sz002370,亚太药业,4.44,0.91,0.04,0.0,1.38,1.1,1.59,32858800.0,537000000.0,2383000000.0,亏损
sz002228,合兴包装,3.33,0.91,0.03,0.3,0.59,1.24,1.21,23962900.0,1235000000.0,4111000000.0,32.17
sz300032,金龙机电,6.67,0.91,0.06,0.0,5.4,0.43,4.84,286000000.0,802999999.9999999,5357000000.0,55.58
sz002819,东方中科,27.84,0.91,0.25,-0.04,0.44,0.83,2.46,28553400.0,234000000.0,6527000000.0,亏损
sz000767,晋控电力,3.34,0.91,0.03,0.3,1.26,0.99,2.42,122000000.0,2912000000.0,9727000000.0,亏损
sz002556,辉隆股份,7.8,0.91,0.07,0.0,0.77,0.88,2.07,56174500.0,943000000.0,7355000000.0,11.83
sz300112,万讯自控,10.04,0.91,0.09,-0.2,2.24,1.06,3.12,53142299.99999999,237000000.0,2384000000.0,亏损
sz300703,创源股份,10.04,0.91,0.09,0.0,1.43,1.19,2.01,24003700.0,167000000.0,1680000000.0,亏损
sz000799,酒鬼酒,101.45,0.91,0.91,0.06,3.55,0.91,2.69,1162000000.0,325000000.0,32964000000.0,27.45
sz002258,利尔化学,14.5,0.91,0.13,0.0,0.71,0.89,1.67,82470300.0,797000000.0,11563000000.0,10.56
sh601606,长城军工,13.4,0.9,0.12,0.0,1.6,1.79,3.24,154000000.0,724000000.0,9705000000.0,亏损
sh600538,国发股份,4.47,0.9,0.04,0.0,0.69,1.15,2.03,16242800.0,524000000.0,2343000000.0,亏损
836717,瑞星股份,4.47,0.9,0.04,0.0,1.49,0.79,0.9,1867700.0,28144000.0,126000000.0,13.63
sh601615,明阳智能,17.88,0.9,0.16,-0.06,1.22,1.21,4.06,455000000.0,2109000000.0,37709000000.0,亏损
831906,舜宇精工,13.42,0.9,0.12,0.0,2.82,0.96,4.21,6825800.0,18364400.0,246000000.0,12.41
sz300349,金卡智能,13.43,0.9,0.12,0.0,0.73,0.66,2.25,36884700.0,381000000.0,5120000000.0,17.77
sz300281,金明精机,5.6,0.9,0.05,0.18,0.94,0.97,1.98,20689300.0,397000000.0,2225000000.0,540.80
sh605007,五洲特纸,15.72,0.9,0.14,-0.06,2.84,1.01,1.93,36947900.0,82908000.0,1303000000.0,亏损
sz002074,国轩高科,26.93,0.9,0.24,0.04,1.25,1.14,3.0,413999999.99999994,1239000000.0,33354000000.000004,158.40
sz000949,新乡化纤,3.37,0.9,0.03,0.3,0.51,1.09,1.8,23780600.0,1403000000.0,4729000000.0,70.89
sz000708,中信特钢,16.85,0.9,0.15,0.12,0.17,1.36,2.81,148000000.0,5047000000.0,85044000000.0,14.36
sh688718,唯赛勃,18.0,0.9,0.16,0.22,1.35,1.2,2.8,13708000.0,56620300.0,1019000000.0,112.38
sz300653,正海生物,34.88,0.9,0.31,0.0,1.03,1.11,1.82,64341300.0,180000000.0,6278000000.0,29.39
sh600354,敦煌种业,6.76,0.9,0.06,0.0,2.13,0.7,1.79,75980200.0,528000000.0,3568000000.0,36.14
sz002520,日发精机,5.63,0.9,0.05,0.0,1.57,1.3,3.4,54715600.00000001,625000000.0,3521000000.0,亏损
sh603703,盛洋科技,10.16,0.89,0.09,0.2,0.77,0.66,1.99,32378200.0,415000000.00000006,4215999999.9999995,198.44
sh603019,中科曙光,45.15,0.89,0.4,0.02,3.11,0.9,3.53,2023000000.0,1455000000.0,65672000000.0,60.74
sh600843,上工申贝,5.65,0.89,0.05,-0.35,0.71,0.87,2.14,18894300.0,469000000.00000006,2651000000.0,28.65
sz300043,星辉娱乐,3.39,0.89,0.03,0.3,3.14,0.88,3.57,98918000.0,938000000.0000001,3179000000.0,亏损
sh600366,宁波韵升,7.92,0.89,0.07,-0.13,0.66,1.08,2.29,54995000.0,1056000000.0,8363000000.0,116.38
sh688085,三友医疗,23.75,0.89,0.21,0.21,0.34,0.49,2.55,15547400.0,191000000.0,4539000000.0,42.57
sz300569,天能重工,7.94,0.89,0.07,0.0,1.13,1.19,2.41,64346200.0,721000000.0,5723000000.0,37.60
sh600359,新农开发,7.94,0.89,0.07,0.0,0.94,0.84,1.65,28259600.0,382000000.0,3029000000.0,15.76
sz300625,三雄极光,12.47,0.89,0.11,0.24,1.0,0.82,2.27,19701400.0,159000000.0,1982000000.0,74.35
sh600162,香江控股,2.27,0.89,0.02,0.0,3.67,0.87,4.44,270000000.0,3268000000.0,7419000000.0,20.91
sh603626,科森科技,6.82,0.89,0.06,0.0,0.73,0.84,2.52,27446100.0,555000000.0,3784000000.0000005,亏损
sz000727,冠捷科技,2.28,0.89,0.02,0.0,0.85,0.95,2.21,65853100.00000001,3419000000.0,7795999999.999999,亏损
sz002837,英维克,28.5,0.89,0.25,0.07,0.85,0.53,2.09,115999999.99999999,482000000.0,13741999999.999998,160.39
sh600886,国投电力,12.54,0.89,0.11,0.08,0.21,1.09,1.53,185000000.0,6966000000.0,87352000000.0,14.48
sh603237,五芳斋,29.69,0.88,0.26,0.1,2.72,0.7,2.21,28404800.0,35260100.0,1047000000.0000001,亏损
sh603166,福达股份,6.85,0.88,0.06,0.0,0.83,1.19,3.54,36401000.0,646000000.0,4427000000.0,36.29
sz300647,超频三,6.85,0.88,0.06,0.15,1.01,0.58,2.36,30400300.000000004,444000000.00000006,3038000000.0,亏损
sz002109,兴化股份,4.57,0.88,0.04,-0.22,0.29,1.46,1.99,14037800.0,1052999999.9999999,4812000000.0,亏损
sz002625,光启技术,14.86,0.88,0.13,0.0,0.47,1.17,2.04,122000000.0,1777000000.0,26410000000.000004,79.48
sz002366,融发核电,6.86,0.88,0.06,0.0,4.47,0.72,4.41,271000000.0,898000000.0,6157000000.0,亏损
sz002747,埃斯顿,22.88,0.88,0.2,-0.09,1.77,0.94,3.48,316000000.0,787000000.0,18001000000.0,115.55
sz000516,国际医学,9.15,0.88,0.08,0.11,1.17,1.41,2.65,202999999.99999997,1900000000.0,17381000000.0,亏损
sh600029,南方航空,6.87,0.88,0.06,0.15,0.31,0.68,2.2,272000000.0,12673000000.0,87066000000.0,亏损
sh600637,东方明珠,8.02,0.88,0.07,0.13,0.57,1.05,1.89,156000000.0,3415000000.0,27383999999.999996,26.94
sz002069,獐子岛,4.58,0.88,0.04,0.0,1.13,0.81,2.2,36551300.0,710000000.0,3252000000.0000005,亏损
sz300531,优博讯,13.75,0.88,0.12,0.0,0.99,1.13,2.64,42928200.0,315000000.0,4337000000.0,75.30
sz000969,安泰科技,9.17,0.88,0.08,0.22,0.89,1.18,2.53,82663400.0,1026000000.0,9406000000.0,31.34
sz300409,道氏技术,12.61,0.88,0.11,0.08,0.98,1.15,2.88,58309300.0,478000000.0,6028000000.0,亏损
sz002162,悦心健康,4.59,0.88,0.04,0.0,2.42,0.59,2.42,103000000.0,926000000.0,4251000000.0,亏损
sz301339,通行宝,22.96,0.88,0.2,-0.09,3.14,0.59,2.11,43042900.0,60000000.0,1378000000.0,47.49
sz000510,新金路,5.74,0.88,0.05,0.18,0.79,0.81,1.58,25695100.000000004,567000000.0,3256000000.0,亏损
sz002929,润建股份,35.56,0.88,0.31,-0.03,4.27,1.03,4.71,241000000.0,161000000.0,5724000000.0,14.81
sh600559,老白干酒,27.58,0.88,0.24,0.04,4.01,0.86,4.43,984000000.0,897000000.0000001,24747000000.0,61.61
sz301337,亚华电子,34.47,0.88,0.3,0.03,5.86,0.74,5.21,49454799.99999999,24705500.0,852000000.0,218.45
sz300293,蓝英装备,10.39,0.87,0.09,0.1,0.8,0.73,2.04,22986200.0,280000000.0,2913000000.0,亏损
sh601137,博威合金,15.02,0.87,0.13,0.0,0.93,0.98,3.49,110000000.00000001,790000000.0,11866000000.0,15.70
sz300743,天地数码,15.02,0.87,0.13,0.07,1.32,0.59,2.08,19269000.0,97533500.0,1465000000.0,47.92
sz300498,温氏股份,18.52,0.87,0.16,-0.16,0.44,0.73,2.34,443000000.0,5441000000.0,100773000000.0,亏损
sz002406,远东传动,5.79,0.87,0.05,0.0,2.21,1.1,3.48,63220700.0,496000000.0,2873000000.0,52.78
sh603289,泰瑞机器,10.42,0.87,0.09,0.29,0.92,1.1,2.42,25048300.0,263000000.0,2745000000.0,22.82
sz000063,中兴通讯,39.36,0.87,0.34,0.13,1.21,0.72,2.15,1907999999.9999998,4019000000.0,158191000000.0,17.78
sh600079,人福医药,24.35,0.87,0.21,-0.04,0.9,1.48,2.61,316000000.0,1458000000.0,35500000000.0,14.94
sz002163,海南发展,10.43,0.87,0.09,0.1,0.66,1.11,1.35,55156899.99999999,803999999.9999999,8381000000.0,亏损
sh600987,航民股份,8.13,0.87,0.07,0.0,0.61,1.35,2.61,52454100.0,1051000000.0,8543000000.000001,17.28
sz300693,盛弘股份,37.15,0.87,0.32,-0.08,3.66,0.83,3.86,332000000.0,248000000.0,9196000000.0,45.88
sh600635,大众公用,3.5,0.86,0.03,0.29,0.84,1.37,2.02,70555200.0,2419000000.0,8466000000.0,9.95
sh600779,水井坊,68.8,0.86,0.59,0.0,1.19,0.83,2.79,399000000.0,488000000.0,33599000000.0,52.67
sh600803,新奥股份,18.66,0.86,0.16,0.05,0.49,1.43,2.7,134000000.00000001,1461000000.0,27268000000.0,9.93
sh600114,东睦股份,8.17,0.86,0.07,0.0,1.3,0.79,2.35,65124500.0,616000000.0,5036000000.0,65.27
sz300673,佩蒂股份,14.01,0.86,0.12,0.07,1.1,1.03,1.94,25158400.0,164000000.0,2294000000.0,亏损
sz002632,道明光学,7.01,0.86,0.06,-0.14,1.03,1.03,3.02,42097400.0,588000000.0,4125000000.0,30.48
sh688681,科汇股份,15.19,0.86,0.13,0.07,1.71,1.19,3.19,17333900.0,66991700.0,1018000000.0,亏损
sz300477,合纵科技,4.68,0.86,0.04,0.0,1.12,1.36,2.8,48495500.0,927999999.9999999,4341000000.0,亏损
sh600323,瀚蓝环境,18.77,0.86,0.16,0.0,0.45,0.98,1.5,67658200.0,815000000.0,15304000000.0,12.34
sh600863,内蒙华电,3.52,0.86,0.03,0.0,1.5,1.37,2.58,341000000.0,6527000000.0,22975000000.0,6.67
sz300582,英飞特,12.91,0.86,0.11,0.0,0.99,0.82,2.11,27789300.0,220000000.00000003,2837000000.0,亏损
sh603855,华荣股份,24.66,0.86,0.21,0.2,0.14,0.51,1.64,11361800.0,338000000.0,8323999999.999999,24.19
sh603516,淳中科技,17.64,0.86,0.15,0.0,1.34,0.78,2.29,43545000.0,185000000.0,3267000000.0,亏损
838171,邦德股份,9.4,0.86,0.08,0.0,0.8,2.15,3.65,3899500.0,51900500.0,488000000.0,12.80
sz000839,ST国安,2.35,0.86,0.02,-0.42,0.28,0.72,1.72,25684400.0,3920000000.0000005,9212000000.0,31.39
sz300485,赛升药业,10.58,0.86,0.09,0.1,0.89,0.95,1.62,25310600.0,270000000.0,2859000000.0,1546.25
sh600888,新疆众和,8.23,0.86,0.07,0.12,0.7,1.39,2.08,76874200.0,1332000000.0,10965000000.0,6.52
sh688007,光峰科技,21.19,0.86,0.18,0.05,0.41,0.83,2.81,39431900.0,459999999.99999994,9756000000.0,178.62
sz000736,中交地产,15.3,0.86,0.13,0.0,7.9,0.93,4.29,835000000.0,695000000.0,10640000000.0,亏损
sz300452,山河药辅,15.3,0.86,0.13,0.0,1.88,1.05,1.45,53496500.0,186000000.0,2852000000.0,18.16
sh688082,盛美上海,100.21,0.86,0.85,-0.03,1.39,0.87,2.52,104000000.0,74688300.0,7484999999.999999,82.95
sz300453,三鑫医疗,7.07,0.86,0.06,-0.14,0.64,1.07,2.14,16273200.0,359000000.0,2537000000.0,20.39
sh603020,爱普股份,9.43,0.86,0.08,0.11,0.6,1.01,1.5,21536000.0,383000000.0,3614000000.0,22.89
sz002096,易普力,11.79,0.85,0.1,0.0,0.42,0.91,1.62,18124500.0,371000000.0,4377000000.0,28.27
sz000823,超声电子,9.45,0.85,0.08,0.11,0.95,1.03,1.81,48171899.99999999,537000000.0,5074000000.0,86.21
833171,国航远洋,3.55,0.85,0.03,0.0,0.29,2.19,3.12,1909000.0,186000000.0,662000000.0,亏损
sh601022,宁波远洋,10.66,0.85,0.09,0.09,3.02,1.1,1.8,42018100.00000001,131000000.0,1395000000.0,22.23
sh601727,上海电气,4.74,0.85,0.04,0.0,0.19,1.12,1.49,114999999.99999999,12655000000.0,59986000000.0,50.33
sh603808,歌力思,13.03,0.85,0.11,0.0,0.67,1.22,2.86,32107399.999999996,369000000.0,4809000000.0,25.43
sz002608,江苏国信,7.12,0.85,0.06,0.28,0.16,0.75,2.83,43363200.0,3778000000.0,26900000000.0,26.32
sz000062,深圳华强,11.87,0.85,0.1,0.0,0.41,1.21,1.95,50308100.00000001,1044999999.9999999,12399000000.0,24.77
sz001324,长青科技,21.38,0.85,0.18,0.0,5.95,0.84,2.36,42886300.0,33804600.0,723000000.0,56.79
sh600548,深高速,9.52,0.85,0.08,0.0,0.15,0.81,2.33,19913300.0,1433000000.0,13644999999.999998,11.73
sz300488,恒锋工具,22.59,0.85,0.19,0.31,0.48,0.65,2.37,14571300.000000002,137000000.0,3088000000.0,47.85
sz300012,华测检测,20.25,0.85,0.17,0.1,0.33,0.94,2.09,101000000.0,1527000000.0,30920999999.999996,59.05
sz301237,和顺科技,29.81,0.85,0.25,0.03,0.91,0.89,2.2,10167300.0,37870000.0,1129000000.0,246.64
sh603206,嘉环科技,16.69,0.85,0.14,-0.06,2.65,1.1,3.26,38048000.0,87200000.0,1455000000.0,38.59
sz002976,瑞玛精密,32.22,0.84,0.27,0.0,5.51,0.8,3.66,113999999.99999999,64642200.0,2082999999.9999998,40.38
sh603968,醋化股份,17.9,0.84,0.15,1.07,0.74,1.35,2.87,26699699.999999996,204000000.0,3660000000.0,19.12
sz300391,长药控股,7.17,0.84,0.06,-0.14,0.62,0.76,1.97,15321800.0,346000000.0,2482000000.0,亏损
sh600220,江苏阳光,2.39,0.84,0.02,-0.42,0.81,1.08,2.53,34383000.0,1782999999.9999998,4261999999.9999995,亏损
sz002480,新筑股份,4.78,0.84,0.04,-0.42,0.71,1.61,2.95,26005700.0,767000000.0,3668000000.0,亏损
sh605222,起帆电缆,19.13,0.84,0.16,-0.05,1.85,0.93,2.58,37602900.0,107000000.0,2048999999.9999998,12.96
sh603122,合富中国,8.37,0.84,0.07,0.12,1.49,1.15,1.81,22163100.0,179000000.0,1499000000.0,90.32
sz300755,华致酒行,26.31,0.84,0.22,0.11,1.09,0.59,2.61,119000000.0,416000000.0,10958000000.0,27.09
sh600327,大东方,4.8,0.84,0.04,0.0,0.95,1.17,1.68,40204500.0,885000000.0,4247000000.0,41.23
sz002496,辉丰股份,2.4,0.84,0.02,-0.42,6.82,0.67,6.3,188000000.0,1141000000.0,2738000000.0,84.45
sz300910,瑞丰新材,50.52,0.84,0.42,-0.16,0.89,0.69,3.39,78784000.0,175000000.0,8859000000.0,37.59
sh600493,凤竹纺织,6.02,0.84,0.05,0.0,1.81,1.31,2.18,29574800.0,272000000.0,1637000000.0,亏损
sh603315,福鞍股份,12.05,0.84,0.1,-0.08,0.67,1.1,2.51,24604699.999999996,307000000.0,3700000000.0,88.64
sh603917,合力科技,21.69,0.84,0.18,-0.41,2.84,0.78,4.93,95762800.0,157000000.0,3401000000.0,64.24
sz300966,共同药业,22.88,0.84,0.19,0.13,1.54,1.1,1.54,20764500.0,59086500.0,1352000000.0,163.85
sz300605,恒锋信息,14.48,0.84,0.12,0.0,2.1,0.94,3.34,33707300.0,112999999.99999999,1630999999.9999998,141.97
sh601016,节能风电,3.62,0.84,0.03,0.0,0.65,1.61,1.95,139000000.0,5952000000.0,21545000000.0,14.59
sh605388,均瑶健康,13.28,0.83,0.11,-0.15,1.7,0.87,1.75,31731300.0,141000000.0,1871000000.0,59.69
sz301063,海锅股份,26.61,0.83,0.22,-0.04,1.55,1.08,2.8,16717500.0,41013000.0,1091000000.0,53.99
sz000862,银星能源,7.26,0.83,0.06,0.14,1.73,1.32,3.06,62782900.0,501000000.0,3640000000.0,24.16
sz300925,法本信息,13.31,0.83,0.11,0.08,2.36,0.96,2.2,62258900.0,200000000.0,2665000000.0,43.52
sz002002,鸿达兴业,2.42,0.83,0.02,0.0,1.67,0.79,2.5,124000000.0,3100000000.0,7502000000.0,965.15
sh600795,国电电力,3.64,0.83,0.03,0.0,0.44,1.36,1.66,286000000.0,17836000000.0,64922000000.0,16.83
sz000301,东方盛虹,12.15,0.83,0.1,0.08,0.33,0.89,2.41,220000000.00000003,5497000000.0,66789000000.0,28.00
sh601678,滨化股份,4.86,0.83,0.04,0.21,0.55,1.01,1.45,54407299.99999999,2057999999.9999998,10002000000.0,33.37
sz300479,神思电子,19.45,0.83,0.16,-0.1,1.51,0.89,3.01,57427800.0,197000000.0,3832000000.0,2539.57
sz000931,中 关 村,6.08,0.83,0.05,0.0,0.53,0.82,2.32,23740200.0,746000000.0,4537000000.0,120.94
sz002012,凯恩股份,6.08,0.83,0.05,-0.16,1.46,0.65,1.49,41153900.0,467000000.0,2837000000.0,14.39
sz300829,金丹科技,20.67,0.83,0.17,0.05,0.8,0.77,2.93,19073300.0,117000000.0,2416000000.0,60.06
sh605117,德业股份,128.97,0.83,1.06,-0.02,1.5,1.03,3.24,280000000.0,146000000.0,18859000000.0,23.55
sh600161,天坛生物,25.58,0.83,0.21,0.0,0.23,0.88,1.42,95922800.0,1648000000.0,42151000000.0,37.38
sz002448,中原内配,7.31,0.83,0.06,0.14,2.55,0.97,4.28,88246600.0,475000000.0,3469000000.0,13.10
sz000026,飞亚达,12.19,0.83,0.1,0.0,0.89,1.17,2.48,39245000.0,363000000.0,4420000000.0,12.27
sz300530,领湃科技,21.98,0.83,0.18,0.27,0.3,1.01,2.75,10410900.0,158000000.0,3481000000.0,亏损
sh603214,爱婴室,17.1,0.83,0.14,0.0,1.11,1.06,1.77,26640900.0,141000000.0,2403000000.0,224.10
sh688037,芯源微,143.98,0.83,1.18,-0.01,1.17,0.68,3.07,231999999.99999997,137000000.0,19790000000.0,74.99
sz300292,吴通控股,3.66,0.83,0.03,-0.27,1.23,0.81,2.2,50207800.0,1116000000.0,4084000000.0000005,60.26
sh605179,一鸣食品,12.21,0.83,0.1,0.16,4.28,0.61,3.22,31967300.0,61000000.0,745000000.0,267.39
sz002752,昇兴股份,4.89,0.82,0.04,-0.2,0.43,0.73,1.65,20269700.0,975000000.0,4770000000.0,22.38
sz003025,思进智能,14.66,0.82,0.12,0.0,0.83,0.82,2.41,13645000.0,112000000.00000001,1648999999.9999998,33.71
sh601101,昊华能源,6.12,0.82,0.05,0.0,0.61,1.11,2.47,53693400.0,1440000000.0,8813000000.0,5.13
sz002171,楚江新材,7.35,0.82,0.06,0.14,0.58,1.02,2.06,54692700.00000001,1300000000.0,9553000000.0,25.90
sh600655,豫园股份,7.35,0.82,0.06,0.14,0.43,1.13,1.65,122000000.0,3888000000.0000005,28573000000.0,21.34
sh600455,博通股份,23.3,0.82,0.19,0.04,1.29,1.04,2.12,18724700.0,62458000.0,1455000000.0,774.49
sh600800,渤海化学,3.68,0.82,0.03,-0.27,0.68,1.09,1.64,19918200.0,794000000.0,2923000000.0,亏损
sz001313,粤海饲料,8.59,0.82,0.07,0.12,0.85,0.95,1.64,15960200.0,218000000.00000003,1873000000.0,亏损
sz301387,光大同创,46.67,0.82,0.38,0.02,6.68,0.7,4.23,51086800.0,16663200.0,778000000.0,34.89
sz002688,金河生物,4.91,0.82,0.04,0.2,0.58,1.22,1.44,21157600.000000004,745000000.0,3658000000.0,25.95
sz000720,新能泰山,4.92,0.82,0.04,-0.2,0.39,1.49,2.25,23770900.0,1257000000.0,6182000000.0,亏损
sz002623,亚玛顿,27.1,0.82,0.22,0.07,0.69,0.57,2.6,36661000.0,199000000.0,5383000000.0,86.22
sh605296,神农集团,23.39,0.82,0.19,-0.09,1.14,0.89,1.68,17957900.0,67573400.0,1581000000.0,亏损
sz002681,奋达科技,4.93,0.82,0.04,-0.2,1.56,0.53,1.64,104000000.0,1359000000.0,6698999999.999999,150.44
sz002469,三维化学,6.16,0.82,0.05,0.0,1.08,0.92,1.47,40942000.0,619000000.0,3811000000.0,22.01
sh688158,优刻得-W,17.28,0.82,0.14,-0.06,3.11,1.02,4.03,189000000.0,355000000.0,6141000000.0,亏损
sz002753,永东股份,7.4,0.82,0.06,-0.14,0.9,1.0,2.32,16002300.0,243000000.00000003,1797000000.0,亏损
sh601588,北辰实业,2.47,0.82,0.02,0.41,4.24,0.93,4.9,277000000.0,2660000000.0,6570000000.0,63.64
sz300086,康芝药业,6.18,0.82,0.05,0.0,1.09,0.7,1.47,29327900.0,436000000.00000006,2692000000.0,45.10
sz301200,大族数控,39.57,0.81,0.32,-0.1,0.87,0.97,1.83,14390900.0,42000000.0,1662000000.0,79.36
sz002667,威领股份,14.85,0.81,0.12,0.07,0.91,0.89,2.58,30934400.0,231000000.0,3429000000.0,1018.29
sz002783,凯龙股份,8.67,0.81,0.07,0.0,0.85,1.11,2.91,25245600.0,344000000.0,2979000000.0,28.89
sh688131,皓元医药,57.01,0.81,0.46,0.0,2.79,2.19,6.08,133000000.0,86078300.0,4907000000.0,46.36
sz002610,爱康科技,2.48,0.81,0.02,0.0,1.3,1.29,2.85,143000000.0,4475000000.0,11097000000.0,85.21
sz301376,致欧科技,27.31,0.81,0.22,-0.18,24.06,1.01,7.68,222000000.00000003,33455700.0,914000000.0,31.37
sh600645,中源协和,17.4,0.81,0.14,-0.06,0.6,0.97,1.39,48889700.0,468000000.0,8139000000.0,54.47
sz002204,大连重工,4.98,0.81,0.04,0.0,0.69,1.42,2.23,65510500.0,1930999999.9999998,9618000000.0,21.06
sh600305,恒顺醋业,11.2,0.81,0.09,0.0,0.73,1.09,1.53,81719000.0,1002999999.9999999,11233000000.0,42.76
sz300504,天邑股份,17.47,0.81,0.14,0.06,1.04,0.77,2.6,38611300.0,215000000.0,3754999999.9999995,19.29
sh601200,XD上海环,9.98,0.81,0.08,0.0,0.51,0.97,1.21,57219200.0,1122000000.0,11196000000.0,20.33
sh600854,春兰股份,4.99,0.81,0.04,0.0,1.8,1.08,2.42,46660700.0,519000000.00000006,2592000000.0,27.53
sz300230,永利股份,3.75,0.81,0.03,0.27,1.06,1.17,1.88,25036200.0,633000000.0,2373000000.0,36.47
sz000831,中国稀土,30.01,0.81,0.24,0.03,1.68,1.67,2.99,493000000.0,981000000.0,29436000000.0,378.05
sz002003,伟星股份,10.02,0.81,0.08,0.0,0.29,0.95,2.01,25372199.999999996,872000000.0000001,8740000000.0,48.43
sh603777,来伊份,15.03,0.81,0.12,0.0,2.04,0.52,2.62,103000000.0,337000000.0,5058000000.0,17.76
sz002825,纳尔股份,8.78,0.8,0.07,0.0,0.89,0.94,1.72,19807500.0,256000000.0,2247000000.0,36.92
sz002420,毅昌科技,6.27,0.8,0.05,0.16,0.92,0.85,1.61,22369100.0,389000000.0,2438000000.0,58.40
sz000950,重药控股,6.27,0.8,0.05,0.16,1.01,1.03,2.25,109000000.00000001,1728000000.0,10836000000.0,16.32
sz300642,透景生命,20.09,0.8,0.16,-0.05,0.85,0.92,1.91,23392399.999999996,138000000.0,2767000000.0,74.11
sz000519,中兵红箭,17.58,0.8,0.14,0.0,1.38,1.66,2.41,335000000.0,1392000000.0,24463000000.0,亏损
sz300387,富邦股份,7.53,0.8,0.06,0.0,1.44,0.82,2.01,31132000.0,288000000.0,2172000000.0,28.61
sh603507,振江股份,30.12,0.8,0.24,-0.03,3.06,1.53,4.12,130000000.0,142000000.0,4278000000.0,22.66
sh600333,长春燃气,5.02,0.8,0.04,0.0,0.55,1.16,1.61,16618500.0,609000000.0,3057000000.0,亏损
sh603300,华铁应急,6.29,0.8,0.05,0.16,0.97,0.66,2.72,108000000.0,1777000000.0,11179000000.0,18.89
sz301069,凯盛新材,25.16,0.8,0.2,0.16,1.57,0.73,3.45,55140100.0,140000000.0,3533000000.0,52.22
sh688667,菱电电控,84.39,0.8,0.67,-0.01,1.32,0.45,4.77,22092600.000000004,19936700.0,1682000000.0,80.34
sh600650,锦江在线,10.08,0.8,0.08,0.2,0.53,1.58,1.2,20683200.0,391000000.0,3936999999.9999995,94.74
sh605266,健之佳,55.6,0.8,0.44,0.02,0.38,0.53,1.67,16010800.0,76250200.0,4240000000.0,23.48
sh603520,司太立,16.42,0.8,0.13,-0.06,1.18,1.27,1.84,65685100.0,343000000.0,5624000000.0,147.12
sh688312,燕麦科技,17.68,0.8,0.14,-0.06,0.76,0.69,2.68,12585500.0,94952500.0,1679000000.0,467.64
834415,恒拓开源,3.79,0.8,0.03,0.0,0.1,0.6,1.33,493400.00000000006,138000000.0,523000000.00000006,29.96
sz300094,国联水产,5.05,0.8,0.04,0.0,4.53,0.75,2.4,252000000.0,1102000000.0,5566000000.0,136.81
sz002873,新天药业,12.65,0.8,0.1,0.0,0.76,0.79,1.67,21378800.0,224000000.00000003,2837000000.0,29.22
sh600340,华夏幸福,2.53,0.8,0.02,0.0,5.42,0.94,3.98,534000000.0,3893000000.0,9850000000.0,3.35
sz002763,汇洁股份,8.87,0.8,0.07,-0.11,1.92,1.38,2.61,31755800.0,186000000.0,1650000000.0,8.72
sz001215,千味央厨,69.64,0.8,0.55,0.4,1.14,0.71,2.46,35657100.0,45222100.0,3149000000.0,49.81
sz300570,太辰光,40.5,0.8,0.32,0.03,7.63,1.24,7.54,605000000.0,194000000.0,7842000000.0,81.27
sh603040,新坐标,25.35,0.8,0.2,0.08,1.2,1.11,3.9,40867000.0,134000000.00000001,3394000000.0,17.85
sh688039,当虹科技,32.98,0.8,0.26,0.03,0.82,0.81,2.93,29962700.0,112000000.00000001,3690999999.9999995,亏损
sz300835,龙磁科技,29.17,0.8,0.23,-0.03,3.25,1.0,3.01,75865000.0,80588300.0,2351000000.0,57.25
sz300055,万邦达,7.61,0.8,0.06,0.13,0.53,0.98,2.78,25148100.0,624000000.0,4751000000.0,67.78
sh688479,友车科技,29.2,0.79,0.23,0.0,3.21,1.22,3.07,30219500.0,32544200.0,950000000.0,29.02
sh600598,北大荒,13.96,0.79,0.11,0.0,0.47,0.68,1.23,115999999.99999999,1778000000.0,24816000000.0,11.59
sz000782,美达股份,5.08,0.79,0.04,0.2,1.16,0.67,2.38,30982900.0,528000000.0,2683000000.0,亏损
sh600498,烽火通信,17.8,0.79,0.14,0.06,0.79,1.02,1.7,158000000.0,1132000000.0,20142000000.0,141.22
sz002371,北方华创,276.0,0.79,2.17,0.11,0.76,0.83,2.03,1111000000.0,528000000.0,145813000000.0,61.80
sh601225,陕西煤业,16.53,0.79,0.13,-0.06,0.26,1.25,2.07,411000000.00000006,9695000000.0,160258000000.0,5.80
sz000059,华锦股份,6.36,0.79,0.05,0.0,0.57,1.44,2.38,58290700.0,1599000000.0,10172000000.0,亏损
sz000411,英特集团,12.75,0.79,0.1,0.0,0.83,0.89,1.74,31602600.000000004,301000000.0,3836000000.0,23.59
sz000429,粤高速Ａ,7.65,0.79,0.06,0.13,0.43,0.91,1.19,42717600.0,1303000000.0,9970000000.0,9.76
sz002982,湘佳股份,35.66,0.79,0.28,0.14,1.21,1.02,1.58,28167900.0,65888200.0,2350000000.0,亏损
833751,惠同新材,6.38,0.79,0.05,0.0,4.87,0.44,3.16,12932900.0,42374500.0,270000000.0,16.06
836149,旭杰科技,3.83,0.79,0.03,0.0,0.29,0.55,2.63,528000.0,47874900.0,183000000.0,89.70
sh603003,龙宇股份,8.94,0.79,0.07,0.11,1.01,1.09,2.71,36317700.0,401999999.99999994,3597999999.9999995,30.96
837046,亿能电力,5.11,0.79,0.04,0.0,1.53,1.43,2.37,1602300.0,20562000.0,105000000.0,14.56
sh688558,国盛智科,30.69,0.79,0.24,0.13,0.47,0.36,2.1,9970000.0,69669100.0,2138000000.0,27.82
sh605055,迎丰股份,6.4,0.79,0.05,-0.16,2.11,0.8,1.89,13376000.0,98947400.0,633000000.0,亏损
sh601218,吉鑫科技,3.84,0.79,0.03,0.0,0.63,1.38,2.1,23428000.0,975000000.0,3745000000.0000005,91.79
sh688512,慧智微-U,19.2,0.79,0.15,0.05,2.87,0.66,2.62,26643300.0,48466300.0,931000000.0,亏损
sz002085,万丰奥威,6.42,0.79,0.05,0.0,1.48,1.07,4.4,202000000.0,2142000000.0000002,13749000000.0,15.35
sz002651,利君股份,7.7,0.79,0.06,-0.13,0.99,1.24,2.49,42491899.99999999,562000000.0,4329000000.0,24.81
sh605500,森林包装,7.7,0.79,0.06,0.0,1.01,1.04,1.57,8288800.0,107000000.0,822000000.0000001,51.22
sz000011,深物业A,10.27,0.79,0.08,0.2,1.68,0.79,2.45,90390300.0,526000000.0,5407000000.0,115.78
sh603817,海峡环保,6.42,0.79,0.05,0.16,0.85,1.18,0.94,28199800.0,518000000.0,3322000000.0,21.37
sz002305,南国置业,2.57,0.78,0.02,-0.39,8.56,1.15,4.71,380000000.0,1734000000.0,4457000000.0,亏损
sh605186,健麾信息,45.0,0.78,0.35,1.67,2.56,0.83,3.14,75736600.0,66631800.0,2998000000.0,153.87
sh688486,龙迅股份,91.22,0.78,0.71,0.23,1.89,1.02,5.46,25633600.0,14872700.0,1357000000.0,216.39
835892,中科美菱,9.01,0.78,0.07,0.0,0.62,1.8,1.12,1560700.0,27898200.0,250999999.99999997,41.18
sz002169,智光电气,7.73,0.78,0.06,0.0,1.12,1.19,2.48,65817100.0,764000000.0,5904000000.0,14.72
sz300869,康泰医学,23.26,0.78,0.18,0.0,1.98,0.89,2.04,69443700.0,152000000.0,3540999999.9999995,13.74
sh688102,斯瑞新材,11.63,0.78,0.09,0.0,0.61,0.56,3.38,17257700.0,243000000.00000003,2825000000.0,75.23
sz002172,澳洋健康,3.88,0.78,0.03,0.0,5.41,0.58,4.67,160000000.0,765000000.0,2969000000.0,20.45
sz002307,北新路桥,5.18,0.78,0.04,0.0,1.6,1.36,2.14,89983900.0,1091000000.0,5652000000.0,225.23
sz002356,赫美集团,5.19,0.78,0.04,0.0,0.66,0.79,2.72,44819700.0,1310000000.0,6801000000.000001,456.36
sz300328,宜安科技,6.5,0.78,0.05,0.15,1.35,0.78,3.41,59147400.0,681000000.0,4429000000.0,亏损
sz300984,金沃股份,26.01,0.78,0.2,0.04,1.89,0.73,3.02,14500000.0,29722100.0,773000000.0,25.72
sz300021,大禹节水,5.21,0.77,0.04,0.0,2.09,1.48,2.9,76443000.0,701000000.0,3652000000.0000005,109.87
sz002920,德赛西威,157.81,0.77,1.21,0.11,1.23,1.12,5.94,1061999999.9999999,550000000.0,86772000000.0,66.27
sh600960,渤海汽车,3.91,0.77,0.03,0.0,2.08,1.61,4.9,76867900.0,951000000.0,3717000000.0,亏损
sz000818,航锦科技,31.3,0.77,0.24,0.03,0.48,0.67,2.48,102000000.0,676000000.0,21169000000.0,425.24
sz002730,电光科技,9.13,0.77,0.07,0.0,0.81,0.95,2.32,25339200.0,346000000.0,3159000000.0,41.92
sh603192,汇得科技,19.59,0.77,0.15,0.1,0.41,1.2,2.21,11238599.999999998,139000000.0,2716000000.0,53.84
sh603077,和邦生物,2.61,0.77,0.02,0.39,0.86,0.57,2.32,197000000.0,8831000000.0,23050000000.0,14.53
sz300555,ST路通,6.53,0.77,0.05,0.0,0.69,1.74,1.39,8887800.0,198000000.0,1290000000.0,481.04
sh688091,上海谊众,71.78,0.77,0.55,0.0,0.84,0.83,2.79,65070800.0,110000000.00000001,7862000000.0,51.62
sz002251,步 步 高,5.22,0.77,0.04,0.0,7.09,0.73,4.25,320000000.0,864000000.0,4510000000.0,亏损
sz300215,电科院,5.23,0.77,0.04,0.19,0.82,0.9,2.7,29680400.0,700000000.0,3660000000.0,亏损
sz002004,华邦健康,5.23,0.77,0.04,0.0,0.46,1.18,1.35,44513400.0,1880000000.0,9830000000.0,14.61
sz300133,华策影视,6.55,0.77,0.05,0.31,2.02,1.05,3.08,215000000.0,1628000000.0,10665000000.0,21.18
sh600148,长春一东,15.73,0.77,0.12,-0.13,1.5,0.83,2.95,33239300.0,142000000.0,2226000000.0,亏损
sh688166,博瑞医药,21.0,0.77,0.16,0.05,0.46,1.04,2.3,40702000.0,422000000.0,8872000000.0,31.34
sh603089,正裕工业,9.19,0.77,0.07,0.22,0.76,0.97,3.62,15501000.0,223000000.0,2045000000.0,亏损
sh603535,嘉诚国际,17.09,0.77,0.13,0.0,0.44,1.49,2.3,16266500.0,218000000.00000003,3727000000.0000005,23.17
sh600521,华海药业,18.4,0.77,0.14,0.11,0.36,0.9,1.86,94785500.0,1455000000.0,26764999999.999996,39.43
sz002086,*ST东洋,2.63,0.77,0.02,0.0,0.49,0.73,2.3,8084500.0,630000000.0,1655999999.9999998,44.93
sz002226,江南化工,5.26,0.77,0.04,0.0,0.45,1.25,1.53,41782700.00000001,1782999999.9999998,9379000000.0,31.2
sz300871,回盛生物,17.12,0.77,0.13,0.0,1.35,0.72,1.53,19063300.0,82964100.0,1420000000.0,47.79
sz002267,陕天然气,7.9,0.77,0.06,0.0,0.38,0.97,1.53,33376600.0,1112000000.0,8785000000.0,5.24
sh603159,上海亚虹,14.51,0.76,0.11,0.0,1.06,1.39,3.61,21498100.0,140000000.0,2030999999.9999998,110.89
sz301046,能辉科技,30.33,0.76,0.23,-0.07,2.41,0.83,2.29,42831100.0,58946899.99999999,1788000000.0,268.35
sh600962,国投中鲁,11.87,0.76,0.09,0.08,0.79,1.07,2.38,24306200.0,262000000.0,3112000000.0,121.99
sz002587,奥拓电子,6.6,0.76,0.05,0.0,1.62,0.81,2.44,54241500.0,509000000.0,3359000000.0000005,343.79
sz300882,万胜智能,25.08,0.76,0.19,0.0,18.61,1.0,5.83,263000000.0,57606400.0,1445000000.0,34.31
sh600439,瑞贝卡,2.64,0.76,0.02,0.0,1.01,1.3,1.91,30250800.0,1132000000.0,2988000000.0,188.81
sz002726,龙大美食,7.93,0.76,0.06,0.0,0.44,1.09,1.78,37350000.0,1077000000.0,8538000000.0,100.97
sz300026,红日药业,5.29,0.76,0.04,0.19,0.8,0.98,1.71,113999999.99999999,2704000000.0,14302000000.000002,22.64
sh605169,洪通燃气,10.58,0.76,0.08,-0.09,2.47,0.52,1.91,18370900.0,70720000.0,748000000.0,54.35
sh600879,航天电子,7.95,0.76,0.06,0.13,1.13,0.84,2.15,241000000.0,2719000000.0,21618000000.0,29.69
sh603590,康辰药业,35.75,0.76,0.27,-0.08,0.48,0.91,2.93,27059699.999999996,160000000.0,5720000000.0,55.71
sz002550,千红制药,5.3,0.76,0.04,0.19,0.86,0.72,1.71,41908100.00000001,922000000.0000001,4888000000.0,28.49
sh600623,华谊集团,6.63,0.76,0.05,0.15,0.35,1.08,1.52,43161800.0,1862000000.0,12346000000.0,335.93
sh603112,华翔股份,11.93,0.76,0.09,0.0,1.25,0.9,2.79,23357399.999999996,158000000.0,1888000000.0,17.03
sz002546,新联电子,5.31,0.76,0.04,0.0,2.25,0.58,2.28,93221600.0,785000000.0,4168000000.0,13.11
sh600488,津药药业,5.31,0.76,0.04,0.0,0.64,0.69,2.09,36823700.0,1092000000.0,5798000000.0,21.57
sz002872,ST天圣,5.31,0.76,0.04,0.19,0.29,0.74,0.95,3299300.0,215000000.0,1141000000.0,亏损
sh603681,永冠新材,14.6,0.76,0.11,-0.14,1.34,1.13,2.42,37088000.0,191000000.0,2791000000.0,亏损
sz000050,深天马Ａ,9.29,0.76,0.07,0.11,0.23,0.92,1.63,51461000.0,2376000000.0,22071000000.0,亏损
sh688306,均普智能,5.32,0.76,0.04,0.0,1.53,0.98,1.89,36818900.0,455999999.99999994,2428000000.0,亏损
sh600977,中国电影,14.62,0.76,0.11,0.0,1.17,0.75,2.27,317000000.0,1867000000.0000002,27295999999.999996,37.56
sh603663,三祥新材,10.64,0.76,0.08,0.09,0.88,1.09,2.56,39575500.0,422000000.0,4493000000.0,31.27
sz301246,宏源药业,31.94,0.76,0.24,-0.03,1.67,0.38,1.55,23633100.0,44371700.0,1417000000.0,49.33
sz300411,金盾股份,6.66,0.76,0.05,-0.15,0.87,1.07,2.57,15620400.0,270000000.0,1800000000.0,93.13
sz300131,英唐智控,5.33,0.76,0.04,0.38,1.92,0.8,2.46,104000000.0,1027999999.9999999,5481000000.0,64.81
sz002989,中天精装,17.36,0.76,0.13,-0.17,2.85,0.72,3.71,81088400.0,164000000.0,2849000000.0,25.04
sz300231,银信科技,9.36,0.75,0.07,0.0,7.49,0.46,3.23,238000000.0,342000000.0,3204999999.9999995,46.53
sh603501,韦尔股份,101.73,0.75,0.76,-0.02,0.56,1.27,2.82,672000000.0,1181000000.0,120163000000.00002,151.24
sz002735,王子新材,13.41,0.75,0.1,-0.15,0.9,1.08,3.23,23093200.0,191000000.0,2565000000.0,978.77
sh603229,奥翔药业,14.76,0.75,0.11,0.07,0.38,0.94,1.64,31666800.0,563000000.0,8304000000.000001,23.36
sz002111,威海广泰,9.4,0.75,0.07,0.11,0.41,0.83,2.14,18048400.0,475000000.0,4469000000.0,41.05
sh605566,福莱蒽特,24.18,0.75,0.18,0.17,0.99,0.85,2.5,14832300.0,62288000.0,1506000000.0,53.84
sz002430,杭氧股份,33.65,0.75,0.25,0.09,0.33,0.6,2.37,107000000.0,964000000.0,32445000000.0,29.98
sz300425,中建环能,5.38,0.75,0.04,0.19,2.31,1.29,3.0,82834800.0,673000000.0,3620000000.0000005,37.79
sh601568,北元集团,5.39,0.75,0.04,0.19,0.32,1.3,1.31,43499100.0,2546000000.0,13722000000.0,38.93
sz301139,元道通信,26.98,0.75,0.2,0.04,1.0,0.86,1.83,18159700.0,67985800.0,1834000000.0,38.29
sh603609,禾丰股份,9.44,0.75,0.07,0.11,0.49,1.01,1.71,42206899.99999999,919000000.0,8679000000.0,111.65
sh688127,蓝特光学,16.21,0.75,0.12,0.06,1.25,0.55,2.11,34526700.0,171000000.0,2772000000.0,339.91
sz002245,蔚蓝锂芯,10.82,0.74,0.08,0.09,2.1,1.01,5.03,242000000.0,1083000000.0,11714000000.0,亏损
sh603900,莱绅通灵,6.77,0.74,0.05,0.15,1.08,1.42,1.49,24802300.0,340000000.0,2305000000.0,36.85
sz002033,丽江股份,10.83,0.74,0.08,0.09,1.88,1.12,2.14,111000000.00000001,549000000.0,5951000000.0,26.95
sh688148,芳源股份,10.85,0.74,0.08,0.0,0.8,0.99,2.97,33084100.0,383000000.0,4152000000.0000005,1300.05
sh688656,浩欧博,35.32,0.74,0.26,0.23,1.32,1.82,2.62,8380700.000000001,18058300.0,638000000.0,100.11
sz002454,松芝股份,8.15,0.74,0.06,0.0,2.03,1.06,4.94,103000000.0,626000000.0,5104000000.0,27.14
sz300185,通裕重工,2.72,0.74,0.02,0.0,1.2,1.22,2.59,120000000.0,3704999999.9999995,10078000000.0,30.80
sz000030,富奥股份,5.44,0.74,0.04,0.18,0.49,1.08,3.15,45030900.0,1692000000.0000002,9206000000.0,28.93
sz300779,惠城环保,48.96,0.74,0.36,-0.06,1.54,0.88,2.16,71748200.0,95361400.0,4669000000.0,45.77
sz002586,*ST围海,2.72,0.74,0.02,-0.37,0.91,2.08,4.44,21779100.0,894000000.0,2432000000.0,亏损
sz000498,山东路桥,6.8,0.74,0.05,0.0,0.7,1.01,2.07,68822800.0,1458000000.0,9914000000.0,11.20
sz002768,国恩股份,24.5,0.74,0.18,0.08,0.69,1.0,2.38,29826200.0,177000000.0,4330000000.0,16.15
sh600416,湘电股份,17.69,0.74,0.13,0.06,0.57,0.6,1.99,112000000.00000001,1116000000.0,19747000000.0,57.35
sz002512,达华智能,4.09,0.74,0.03,0.25,2.7,1.3,4.19,113999999.99999999,1048000000.0,4288000000.0000005,253.79
sz002698,博实股份,17.73,0.74,0.13,0.23,0.68,1.07,1.99,101000000.0,841000000.0,14919000000.0,21.56
sz300171,东富龙,21.82,0.74,0.16,0.0,0.5,1.02,2.49,60386200.0,558000000.0,12186000000.0,17.96
sz002151,北斗星通,32.7,0.74,0.24,-0.03,1.36,0.81,2.0,181000000.0,409000000.0,13369000000.0,220.51
sz002826,易明医药,10.9,0.74,0.08,0.09,1.58,1.12,1.76,30145700.0,175000000.0,1911000000.0,62.13
sh600736,苏州高新,5.46,0.74,0.04,0.18,2.43,0.86,2.03,152000000.0,1151000000.0,6286000000.0,15.42
sz002234,民和股份,19.1,0.74,0.14,0.0,0.92,0.86,1.79,53178900.0,303000000.0,5795000000.0,29.31
sz002414,高德红外,8.19,0.74,0.06,0.0,0.56,0.82,2.34,154000000.0,3397999999.9999995,27830000000.0,138.42
sz300134,大富科技,9.55,0.74,0.07,0.0,0.51,0.69,2.64,34633600.0,712000000.0,6804000000.000001,亏损
sz002306,中科云网,4.1,0.74,0.03,0.0,0.39,0.89,1.47,13023800.000000002,813000000.0000001,3334000000.0000005,亏损
sz300440,运达科技,6.84,0.74,0.05,0.0,0.56,0.74,2.21,16840700.0,443000000.0,3032000000.0,亏损
sh600869,远东股份,5.48,0.73,0.04,0.0,0.39,1.07,2.39,47032700.00000001,2219000000.0,12162000000.0,25.25
sh600785,新华百货,15.07,0.73,0.11,0.27,3.75,0.76,4.08,127000000.0,225999999.99999997,3400000000.0,10.14
sh688135,利扬芯片,20.57,0.73,0.15,0.0,1.06,0.63,2.84,27964600.0,129000000.0,2657000000.0,162.61
sh600251,冠农股份,9.61,0.73,0.07,-0.1,1.08,0.87,1.57,80197300.0,777000000.0,7467000000.0,6.37
430718,合肥高科,5.5,0.73,0.04,0.0,1.27,1.08,1.65,1696699.9999999998,24392100.0,134000000.00000001,9.03
sz002446,盛路通信,8.26,0.73,0.06,-0.12,1.65,0.84,2.44,114999999.99999999,844000000.0,6970999999.999999,25.75
sh603897,长城科技,19.26,0.73,0.14,0.05,0.71,1.19,2.41,28128000.0,206000000.0,3976000000.0,32.46
sh603041,美思德,12.38,0.73,0.09,0.0,1.41,1.97,2.44,31874000.0,183000000.0,2267000000.0,23.09
sz003032,传智教育,13.78,0.73,0.1,0.07,3.4,0.91,2.78,80918900.0,174000000.0,2399000000.0,79.04
sh688185,康希诺,89.65,0.73,0.65,0.0,3.9,0.8,3.72,231999999.99999997,67312700.0,6035000000.0,亏损
sz300695,兆丰股份,48.33,0.73,0.35,0.0,0.47,1.56,2.75,15827700.0,70929900.0,3428000000.0,34.48
sh600592,龙溪股份,9.66,0.73,0.07,0.0,1.26,0.57,2.19,48279100.0,400000000.0,3860000000.0,14.05
sh688586,江航装备,12.44,0.73,0.09,0.0,1.17,0.88,2.27,51236100.0,355000000.0,4412000000.0,40.88
sz300467,迅游科技,15.21,0.73,0.11,-0.13,3.78,0.69,1.52,93271700.0,163000000.0,2473000000.0,62.59
sh600352,浙江龙盛,9.68,0.73,0.07,0.0,0.34,0.99,1.15,107000000.0,3253000000.0,31492000000.0,22.91
sh600477,杭萧钢构,4.15,0.73,0.03,-0.24,1.18,1.12,1.94,114999999.99999999,2369000000.0,9831000000.0,38.56
sz300279,和晶科技,5.54,0.73,0.04,0.0,1.2,1.08,2.73,28475300.000000004,432000000.0,2391000000.0,69.54
sz000766,通化金马,5.55,0.73,0.04,0.0,0.86,1.09,2.18,40990800.0,857000000.0,4754000000.0,192.61
sz000151,中成股份,12.49,0.73,0.09,-0.08,2.37,0.85,2.5,78180200.0,267000000.0,3329000000.0,亏损
sh688439,振华风光,97.09,0.73,0.7,0.01,2.68,0.86,3.05,114999999.99999999,44793900.0,4349000000.0,37.70
sh688513,苑东生物,49.94,0.73,0.36,0.1,0.18,0.62,1.77,5526900.000000001,60790000.0,3036000000.0,24.59
sz300318,博晖创新,5.55,0.73,0.04,0.18,0.6,1.1,1.81,26339200.0,797000000.0,4422000000.0,219.06
sh601058,赛轮轮胎,11.11,0.72,0.08,0.27,0.62,0.67,2.72,211000000.0,3063000000.0,34026000000.0,23.96
sz300672,国科微,76.39,0.72,0.55,0.0,1.44,1.03,2.86,229000000.0,210000000.0,16007000000.0,92.06
sh603718,海利生物,9.72,0.72,0.07,0.0,0.4,0.91,1.04,24676600.0,644000000.0,6260000000.0,109.93
sh600539,狮头股份,6.95,0.72,0.05,0.29,1.13,0.77,1.74,17973700.0,229999999.99999997,1598000000.0,亏损
sz301327,华宝新能,79.3,0.72,0.57,-0.01,2.87,0.54,2.3,72062800.0,31904200.0,2530000000.0,亏损
sz001309,德明利,73.82,0.72,0.53,0.08,4.56,0.96,5.68,225000000.0,67075600.00000001,4952000000.0,亏损
sh600370,三房巷,2.79,0.72,0.02,0.0,0.77,1.3,1.8,24909300.0,1165000000.0,3251000000.0,26.65
sh605199,葫芦娃,15.34,0.72,0.11,-0.07,0.36,1.09,1.51,22279100.0,400000000.0,6138000000.0,37.83
sh600866,星湖科技,5.59,0.72,0.04,0.18,0.75,0.92,1.62,30929000.0,739000000.0,4131000000.0,19.27
sh600893,航发动力,40.56,0.72,0.29,0.03,0.44,1.49,2.46,438000000.0,2470000000.0,100182000000.0,307.26
sz300463,迈克生物,15.38,0.72,0.11,0.13,0.56,0.79,1.83,42765600.00000001,495000000.0,7618000000.000001,20.15
sh600513,联环药业,9.81,0.72,0.07,0.0,0.9,0.94,1.44,25106900.0,285000000.0,2800000000.0,22.63
sh688459,哈铁科技,9.82,0.72,0.07,-0.1,1.86,0.92,1.23,15932700.0,87299000.0,857000000.0,亏损
sz002927,泰永长征,12.65,0.72,0.09,-0.08,0.99,0.46,2.39,27559899.999999996,221000000.0,2791000000.0,48.81
sz003003,天元股份,11.25,0.72,0.08,0.18,1.91,0.89,2.15,19611200.0,91774300.0,1032000000.0,72.04
sz002286,保龄宝,8.46,0.71,0.06,0.0,0.99,0.92,1.67,30859899.999999996,370000000.0,3128000000.0,45.99
sz002126,银轮股份,16.93,0.71,0.12,0.0,2.47,1.17,5.53,315000000.0,754000000.0,12760000000.0,26.70
sz000953,河化股份,5.64,0.71,0.04,0.0,1.27,1.2,1.96,26143200.0,366000000.0,2064999999.9999998,亏损
sh600367,红星发展,14.13,0.71,0.1,0.07,1.38,0.78,2.28,56791200.0,293000000.0,4143000000.0,亏损
sh600027,华电国际,5.65,0.71,0.04,0.0,0.79,0.71,2.67,377000000.0,8509999999.999999,48083000000.0,12.74
sz002582,好想你,8.47,0.71,0.06,0.12,2.67,0.57,2.14,76640000.0,340000000.0,2878000000.0,77.83
sz000785,居然之家,4.25,0.71,0.03,0.0,0.18,0.78,2.13,48725900.0,6238000000.0,26510000000.000004,14.75
sz002075,沙钢股份,4.25,0.71,0.03,0.24,1.15,1.69,2.84,108000000.0,2207000000.0,9379000000.0,45.54
839273,一致魔芋,9.92,0.71,0.07,0.0,0.31,1.09,1.22,728900.0,23715000.0,235000000.0,12.35
sh600505,西昌电力,8.5,0.71,0.06,0.12,1.21,0.94,2.37,37095300.0,365000000.0,3099000000.0,亏损
430510,丰光精密,8.52,0.71,0.06,0.0,0.25,1.67,2.25,1360600.0,62926400.0,536000000.00000006,亏损
sz002542,中化岩土,2.84,0.71,0.02,0.0,1.29,0.85,1.42,57986000.0,1590000000.0,4517000000.0,亏损
sh600405,动力源,5.69,0.71,0.04,0.0,0.98,1.13,1.59,30628100.0,553000000.0,3148000000.0,亏损
sz300527,中船应急,8.53,0.71,0.06,-0.12,1.4,1.32,3.78,112999999.99999999,963000000.0000001,8216000000.0,亏损
sh600515,海南机场,4.27,0.71,0.03,0.0,0.43,1.28,1.89,169000000.0,9176000000.0,39182000000.0,52.44
sh688159,有方科技,35.6,0.71,0.25,0.0,1.06,0.72,10.72,33089300.0,88179700.0,3139000000.0,亏损
sz300204,舒泰神,9.97,0.71,0.07,0.0,0.57,0.86,1.82,26420000.0,470000000.0,4682000000.0,亏损
sz300562,乐心医疗,9.98,0.71,0.07,-0.1,1.9,1.25,1.92,28974600.0,154000000.0,1533000000.0,亏损
sh688316,青云科技-U,44.22,0.71,0.31,-0.07,1.52,0.69,2.28,24065000.0,35930500.0,1589000000.0,亏损
837821,则成电子,8.56,0.71,0.06,0.0,1.14,2.15,4.24,1750500.0,18284700.0,157000000.0,25.53
sz001366,播恩集团,15.69,0.71,0.11,0.0,2.32,0.71,2.05,14610200.0,40350000.0,633000000.0,34.02
sh600011,华能国际,8.57,0.7,0.06,0.12,0.56,0.68,2.94,523000000.00000006,10998000000.0,94250000000.0,10.66
sz002452,长高电新,7.15,0.7,0.05,0.14,1.48,1.24,2.68,53576600.0,512000000.0,3660000000.0,54.34
sz000698,沈阳化工,4.3,0.7,0.03,0.23,0.68,0.88,2.11,22886600.0,786000000.0,3379000000.0,亏损
sz002288,超华科技,4.3,0.7,0.03,0.0,0.88,1.06,2.11,30042100.0,801000000.0,3445000000.0000005,亏损
sz002793,罗欣药业,5.73,0.7,0.04,0.18,0.42,0.59,1.58,25948800.0,1072000000.0000001,6145000000.0,亏损
sh688253,英诺特,22.96,0.7,0.16,0.09,1.45,1.06,2.02,21997800.000000004,65878400.0,1513000000.0,14.51
sz300967,晓鸣股份,15.8,0.7,0.11,0.0,1.45,0.86,1.85,23877100.0,105000000.0,1652000000.0,亏损
sz002855,捷荣技术,10.05,0.7,0.07,-0.2,0.74,0.89,2.71,18319500.0,246000000.0,2473000000.0,亏损
sh603586,金麒麟,15.81,0.7,0.11,-0.06,0.93,1.16,3.19,28643400.0,196000000.0,3100000000.0,17.07
sz301096,百诚医药,60.35,0.7,0.42,0.15,1.69,1.86,2.52,69219400.0,68566700.0,4138000000.0000005,46.54
sh688119,中钢洛耐,5.76,0.7,0.04,0.0,0.94,1.03,2.1,30370600.0,562000000.0,3240000000.0,55.02
sh603416,信捷电气,38.88,0.7,0.27,-0.31,2.14,0.95,4.38,115999999.99999999,141000000.0,5465000000.0,33.37
sz300074,华平股份,4.33,0.7,0.03,0.0,2.09,1.0,2.79,47498300.0,530999999.99999994,2297000000.0,亏损
sz300807,天迈科技,30.3,0.7,0.21,0.0,8.07,0.84,3.39,119000000.0,48638600.0,1474000000.0,亏损
sh600508,上海能源,14.44,0.7,0.1,0.0,0.82,1.5,1.53,85191900.0,723000000.0,10436000000.0,3.12
sz300027,华谊兄弟,2.89,0.7,0.02,0.0,2.25,0.95,3.48,149000000.0,2305000000.0,6661000000.0,亏损
sh600828,茂业商业,4.34,0.7,0.03,0.23,0.33,0.77,3.94,24409100.0,1730999999.9999998,7514000000.0,17.70
sh603689,皖天然气,8.69,0.69,0.06,-0.12,0.56,0.82,1.62,22798800.0,470000000.0,4088000000.0000005,11.53
sz300219,鸿利智汇,7.24,0.69,0.05,0.14,1.02,1.04,2.64,51510100.0,707000000.0,5116000000.0,28.28
sz001202,炬申股份,15.96,0.69,0.11,0.06,1.91,0.67,1.77,12211199.999999998,40222000.0,642000000.0,48.42
sz301282,金禄电子,27.6,0.69,0.19,0.07,7.09,0.58,3.79,73262000.0,37790000.0,1043000000.0,56.76
sh600844,丹化科技,2.91,0.69,0.02,0.0,0.72,1.34,2.08,17208100.0,823000000.0,2394000000.0,亏损
sh605122,四方新材,16.01,0.69,0.11,0.31,1.84,1.04,1.95,17193500.0,58674000.0,939000000.0,52.88
sz301016,雷尔伟,21.87,0.69,0.15,0.18,7.54,0.82,2.9,49074100.0,30000000.0,656000000.0,136.51
sz300199,翰宇药业,10.22,0.69,0.07,0.0,1.9,0.65,1.87,129000000.0,666000000.0,6806999999.999999,121.29
sh688165,埃夫特-U,10.21,0.69,0.07,0.1,0.65,0.85,2.47,34265200.0,521000000.0,5316000000.0,亏损
sz300150,世纪瑞尔,4.38,0.69,0.03,0.23,1.16,1.14,2.76,25867600.000000004,515000000.00000006,2255000000.0,658.66
sh600810,神马股份,7.31,0.69,0.05,0.0,0.51,0.93,1.51,26615600.0,714000000.0,5220000000.0,亏损
sz300584,海辰药业,23.46,0.69,0.16,-0.09,1.81,0.95,2.15,24470500.0,58020800.0,1361000000.0,57.62
sh688171,纬德信息,21.99,0.69,0.15,0.14,2.04,0.99,2.24,21249100.0,47560900.0,1046000000.0000001,138.10
sz002398,垒知集团,5.86,0.69,0.04,0.0,1.25,0.9,1.38,42626100.0,582000000.0,3409000000.0000005,21.86
sz002449,国星光电,8.79,0.69,0.06,0.0,0.87,0.95,2.29,46499900.0,612000000.0,5383000000.0,62.76
sz000503,国新健康,11.73,0.69,0.08,0.09,0.94,1.32,2.32,99435700.0,899000000.0,10543000000.0,亏损
sh688081,兴图新科,16.14,0.69,0.11,0.0,1.2,0.86,2.12,13618300.0,70292100.0,1135000000.0,6975.57
sz000099,中信海直,8.81,0.69,0.06,0.0,1.76,0.9,1.94,109000000.00000001,710000000.0,6257000000.0,24.89
sz002792,通宇通讯,14.68,0.69,0.1,-0.07,2.1,0.81,2.06,73969200.0,242000000.0,3547000000.0,43.02
sh601686,友发集团,7.34,0.69,0.05,0.14,1.52,1.41,2.47,62884399.99999999,563000000.0,4132000000.0,12.24
sz002485,*ST雪发,4.41,0.69,0.03,0.0,0.49,1.22,2.06,11783800.000000002,544000000.0,2399000000.0,9.94
sz002318,久立特材,17.63,0.69,0.12,-0.28,0.32,0.84,2.11,54270000.0,953999999.9999999,16816000000.0,18.50
sz002116,中国海诚,13.25,0.68,0.09,-0.08,4.66,0.92,3.88,254999999.99999997,416000000.0,5517000000.0,27.36
sz002192,融捷股份,60.41,0.68,0.41,0.0,1.79,0.72,2.75,280000000.0,259000000.0,15653000000.0,63.16
sz002136,安 纳 达,11.8,0.68,0.08,0.17,0.86,0.73,2.22,21701200.0,214000000.0,2528000000.0,20.79
sh603028,赛福天,11.8,0.68,0.08,0.0,0.68,1.12,2.65,23121900.0,287000000.0,3386999999.9999995,150.49
sh601038,一拖股份,11.81,0.68,0.08,0.09,0.37,0.81,2.05,25820900.0,594000000.0,7014000000.0,6.83
sz002716,金贵银业,2.97,0.68,0.02,0.0,0.76,1.07,2.71,48476700.0,2181000000.0,6478000000.0,亏损
sz300587,天铁股份,7.43,0.68,0.05,0.14,0.78,0.68,2.71,53502800.0,930000000.0000001,6906000000.0,亏损
sh603309,维力医疗,14.85,0.68,0.1,0.14,0.96,1.0,1.22,41352400.0,291000000.0,4322000000.0,20.90
sh600593,大连圣亚,16.34,0.68,0.11,0.12,1.86,0.67,1.97,38959400.0,129000000.0,2105000000.0,286.25
sz002817,黄山胶囊,8.91,0.68,0.06,0.11,0.92,1.13,1.47,23697199.999999996,290000000.0,2584000000.0,33.15
sz300637,扬帆新材,7.42,0.68,0.05,0.14,0.74,0.96,2.17,12770300.0,234000000.0,1738000000.0,亏损
sz002173,创新医疗,8.93,0.68,0.06,0.0,3.87,0.84,2.48,133000000.0,387000000.0,3456000000.0,亏损
sh600203,福日电子,5.97,0.68,0.04,-0.17,0.85,0.96,1.69,29931100.0,593000000.0,3540000000.0,亏损
sz300414,中光防雷,8.98,0.67,0.06,0.0,1.48,0.72,2.35,41162800.0,311000000.0,2795000000.0,100.40
sz300627,华测导航,31.4,0.67,0.21,0.0,0.55,1.06,2.63,76746600.0,441000000.0,13863000000.0,53.53
sh688113,联测科技,46.41,0.67,0.31,0.96,0.22,0.74,1.63,3479200.0,34528800.0,1602000000.0,63.52
sz300515,三德科技,13.48,0.67,0.09,0.0,1.77,0.44,2.69,43034200.0,180000000.0,2432000000.0,43.75
sh600961,株冶集团,9.0,0.67,0.06,-0.11,1.02,0.96,2.35,48327100.0,526999999.99999994,4747000000.0,17.20
sh688314,康拓医疗,34.51,0.67,0.23,0.0,1.66,1.47,2.83,16410400.0,28852700.0,996000000.0000001,36.09
sz000601,韶能股份,4.51,0.67,0.03,-0.22,0.43,1.08,2.68,20990300.000000004,1080000000.0,4870000000.0,亏损
sh603568,伟明环保,18.04,0.67,0.12,-0.06,0.18,1.08,1.79,55439000.0,1694000000.0000002,30564000000.0,15.27
sh600809,山西汾酒,237.28,0.67,1.58,-0.24,0.76,0.89,3.68,2168000000.0,1220000000.0,289473000000.0,15.02
sh688046,药康生物,19.53,0.67,0.13,0.0,1.04,0.92,4.17,29227600.000000004,147000000.0,2875000000.0,64.47
sh600143,金发科技,9.02,0.67,0.06,0.11,0.26,0.96,1.34,60917000.0,2574000000.0,23214000000.0,20.07
836675,秉扬科技,4.51,0.67,0.03,0.0,0.32,3.29,1.56,1105800.0,78294500.0,353000000.0,12.05
sz300390,天华新能,31.61,0.67,0.21,-0.03,1.24,0.66,2.58,238000000.0,612000000.0,19337000000.0,7.51
sz000930,中粮科技,7.52,0.67,0.05,0.13,0.37,1.08,1.34,50888800.0,1855999999.9999998,13960000000.0,2417.56
838275,驱动力,3.01,0.67,0.02,0.0,0.15,1.87,1.67,404900.0,90194400.0,271000000.0,119.76
sz301330,熵基科技,31.61,0.67,0.21,-0.1,3.67,0.65,2.64,52562600.0,45653200.0,1443000000.0,48.14
sh603618,杭电股份,6.04,0.67,0.04,0.0,0.97,1.17,2.5,40216400.0,691000000.0,4174000000.0,46.68
sh688332,中科蓝讯,68.0,0.67,0.45,-0.24,4.05,1.58,2.83,92740900.0,33888300.0,2304000000.0,41.28
sh600624,复旦复华,6.06,0.67,0.04,0.0,0.53,1.39,1.83,21925600.0,685000000.0,4149000000.0,1190.12
sz002491,通鼎互联,6.06,0.67,0.04,0.0,1.21,0.82,2.16,85723000.0,1176000000.0,7129000000.000001,15.63
sz002506,协鑫集成,3.03,0.67,0.02,0.0,0.68,1.05,1.66,119000000.0,5850000000.0,17724000000.0,163.18
sz002358,森源电气,4.55,0.66,0.03,0.0,0.78,0.88,1.99,32939400.0,928999999.9999999,4226000000.0,78.62
sz300046,台基股份,16.7,0.66,0.11,0.06,1.66,1.2,2.83,65251100.0,237000000.0,3950000000.0,82.69
sz000876,新 希 望,12.14,0.66,0.08,0.0,0.46,1.22,1.99,252000000.0,4502000000.0,54657000000.00001,亏损
sz003038,鑫铂股份,36.47,0.66,0.24,0.0,1.72,0.84,3.01,42693800.0,68134600.0,2485000000.0,51.12
sz300088,长信科技,6.09,0.66,0.04,0.16,0.76,0.84,1.49,112999999.99999999,2443000000.0,14876000000.0,35.87
sz300863,卡倍亿,54.84,0.66,0.36,0.02,5.83,1.02,4.41,105000000.0,33212100.0,1821000000.0,33.33
sz300213,佳讯飞鸿,6.09,0.66,0.04,0.16,1.38,0.81,2.65,45983000.0,551000000.0,3354000000.0,亏损
sz301201,诚达药业,25.92,0.66,0.17,0.04,1.21,0.86,1.75,26212500.0,83993799.99999999,2177000000.0,51.03
sh601989,中国重工,4.58,0.66,0.03,0.0,0.64,1.6,3.08,631000000.0,22084000000.0,101144000000.0,393.06
sz300568,星源材质,16.83,0.66,0.11,0.0,1.24,1.09,2.99,236000000.0,1150000000.0,19346000000.0,29.48
sz002108,沧州明珠,4.59,0.66,0.03,0.22,0.96,1.72,1.75,73230000.0,1672000000.0,7673000000.0,23.19
sz000428,华天酒店,4.59,0.66,0.03,0.22,2.24,0.65,2.41,105000000.0,1019000000.0,4677000000.0,亏损
sz300135,宝利国际,3.06,0.66,0.02,0.66,7.65,1.46,6.25,165000000.0,710000000.0,2172000000.0,亏损
sh603125,常青科技,29.1,0.66,0.19,0.0,2.81,1.08,2.56,38205800.0,47174100.0,1373000000.0,30.27
sz002107,沃华医药,6.14,0.66,0.04,0.16,0.7,1.14,1.64,24407000.0,570000000.0,3497000000.0,34.81
sz300483,首华燃气,12.29,0.66,0.08,0.16,0.54,0.99,1.56,17273800.0,262000000.0,3214000000.0,81.07
sh603301,振德医疗,29.19,0.66,0.19,-0.03,0.63,0.95,1.38,41336899.99999999,227000000.0,6631999999.999999,13.28
sz002985,北摩高科,41.62,0.65,0.27,0.0,1.26,1.17,2.32,109000000.00000001,210000000.0,8740000000.0,25.57
sh688265,南模生物,38.58,0.65,0.25,-0.08,0.16,0.72,2.27,2913100.0,48679500.0,1878000000.0,亏损
sh600990,四创电子,23.15,0.65,0.15,-0.04,0.51,0.8,2.09,31360200.0,269000000.0,6228000000.0,亏损
sh600615,丰华股份,9.26,0.65,0.06,0.0,0.83,1.02,2.5,14332700.0,188000000.0,1737000000.0,亏损
sz300478,杭州高新,10.82,0.65,0.07,0.09,1.4,1.22,2.88,18813900.0,124000000.0,1342000000.0,亏损
sh600200,江苏吴中,7.73,0.65,0.05,0.26,1.2,1.18,1.69,65702400.0,710000000.0,5485000000.0,48.89
sz300962,中金辐照,17.03,0.65,0.11,-0.06,1.09,0.62,1.95,22476100.0,121000000.0,2059000000.0,35.13
sz300266,兴源环境,3.1,0.65,0.02,0.65,0.61,0.79,1.95,29449000.0,1554000000.0,4817000000.0,亏损
sz002390,信邦制药,4.65,0.65,0.03,0.22,0.41,1.14,1.3,34977100.0,1830000000.0,8511000000.0,42.68
sh605319,无锡振华,17.05,0.65,0.11,0.06,2.91,1.06,3.72,34554600.0,70000000.0,1194000000.0,28.09
sz002693,双成药业,6.21,0.65,0.04,0.16,0.95,0.57,1.3,23987000.0,411000000.00000006,2550000000.0,143.41
sz002168,惠程科技,4.66,0.65,0.03,0.0,1.64,0.72,2.16,59409600.0,782000000.0,3646000000.0,亏损
sz002026,山东威达,9.34,0.65,0.06,0.0,1.68,0.79,2.59,66306700.0,428000000.0,3997000000.0,64.51
sz000996,*ST中期,4.68,0.65,0.03,0.0,3.54,1.46,4.95,56604000.0,345000000.0,1614999999.9999998,亏损
sz300434,金石亚药,12.48,0.65,0.08,-0.08,1.0,0.84,1.61,41477800.0,332000000.0,4142000000.0,8.74
872392,佳合科技,6.24,0.65,0.04,0.0,0.07,0.42,2.74,66300.0,15132400.0,94426200.00000001,50.23
sh600714,金瑞矿业,9.38,0.64,0.06,0.0,0.42,1.26,2.36,11158900.000000002,288000000.0,2703000000.0,211.73
sz000952,广济药业,7.82,0.64,0.05,0.13,1.18,0.93,1.93,31628200.0,344000000.0,2690000000.0,亏损
sh603488,展鹏科技,7.82,0.64,0.05,-0.13,0.69,1.09,2.19,15693599.999999998,292000000.0,2283000000.0,36.10
sh603212,赛伍技术,18.76,0.64,0.12,0.0,1.97,0.69,2.9,160000000.0,437000000.0,8206999999.999999,62.18
sz300472,新元科技,9.38,0.64,0.06,0.0,0.93,0.65,2.47,21762300.0,250999999.99999997,2358000000.0,亏损
836414,欧普泰,9.38,0.64,0.06,0.0,0.1,0.43,0.97,382900.0,39482100.0,370000000.0,25.11
sz300976,达瑞电子,48.5,0.64,0.31,0.0,1.13,1.11,2.3,20257300.0,37250700.0,1807000000.0,454.52
sh600233,圆通速递,15.68,0.64,0.1,0.06,0.19,1.07,1.93,105000000.0,3442000000.0,53974000000.0,14.90
sz002218,拓日新能,4.7,0.64,0.03,0.21,0.52,1.09,1.93,33901300.0,1392000000.0,6544000000.0,137.15
sz001317,三羊马,37.65,0.64,0.24,0.03,7.06,1.19,2.78,79049900.0,29640000.0,1116000000.0,95.80
sh688146,中船特气,39.2,0.64,0.25,0.15,4.11,1.33,3.23,93823100.0,59077700.00000001,2316000000.0,60.82
sz002659,凯文教育,4.7,0.64,0.03,-0.21,1.79,0.95,2.14,49830300.0,598000000.0,2812000000.0,亏损
sz002965,祥鑫科技,45.53,0.64,0.29,0.0,6.85,1.17,4.55,361000000.0,115999999.99999999,5261000000.0,24.73
sh600326,西藏天路,6.28,0.64,0.04,0.16,1.27,1.01,2.24,72625800.0,919000000.0,5769000000.0,亏损
sh605158,华达新材,7.85,0.64,0.05,-0.13,1.89,0.92,1.67,21353700.0,144000000.0,1133000000.0,14.14
sz002056,横店东磁,17.26,0.64,0.11,-0.06,0.77,1.19,2.04,212000000.0,1604000000.0,27685000000.000004,12.04
sz002105,信隆健康,6.32,0.64,0.04,0.0,0.53,0.82,1.59,12298200.0,365000000.0,2306000000.0,46.47
sz300099,精准信息,6.32,0.64,0.04,0.0,1.03,0.92,2.39,37317000.0,579000000.0,3661999999.9999995,59.50
sz000505,京粮控股,7.91,0.64,0.05,0.13,0.68,0.7,1.4,35478500.0,662000000.0,5236000000.0,38.58
sh603139,康惠制药,17.42,0.64,0.11,0.12,0.71,0.97,1.79,12404600.0,99880000.0,1739999999.9999998,53.01
sh603519,立霸股份,14.26,0.64,0.09,0.35,0.95,1.07,2.05,35957800.0,266000000.0,3797999999.9999995,3.92
sh600108,亚盛集团,3.17,0.64,0.02,-0.31,1.06,1.19,1.27,65114900.0,1947000000.0,6172000000.0,58.43
sz002772,众兴菌业,9.53,0.63,0.06,-0.11,1.57,0.96,2.01,57574100.0,388000000.0,3701000000.0,4.73
sh688566,吉贝尔,33.43,0.63,0.21,0.09,0.83,1.33,3.1,46296899.99999999,168000000.0,5633000000.0,41.10
sz002055,得润电子,9.56,0.63,0.06,0.11,1.97,0.86,2.74,110000000.00000001,589000000.0,5628000000.0,亏损
sh600535,天士力,14.35,0.63,0.09,0.0,0.47,0.99,2.1,99988100.0,1500000000.0,21521000000.0,20.22
sh688728,格科微,15.97,0.63,0.1,-0.13,0.27,0.86,1.2,47440900.0,1107000000.0,17683000000.0,亏损
sh600267,海正药业,11.18,0.63,0.07,0.0,0.63,0.8,1.35,78558500.0,1121000000.0,12538000000.0,14.53
sh688488,艾迪药业,11.19,0.63,0.07,-0.09,0.64,0.71,1.62,29533600.0,409999999.99999994,4589000000.0,2416.75
sz300427,*ST红相,8.0,0.63,0.05,-0.13,0.99,0.76,1.13,25597199.999999996,322000000.0,2573000000.0,17.05
sh600848,上海临港,12.79,0.63,0.08,0.08,0.27,1.1,1.81,81355900.0,2394000000.0,30618000000.0,31.40
sz002479,富春环保,4.8,0.63,0.03,0.21,0.75,1.09,2.1,30958500.0,861000000.0,4134000000.0000005,62.57
sz002121,科陆电子,6.4,0.63,0.04,0.16,1.18,0.86,2.67,105000000.0,1400000000.0,8960000000.0,亏损
sz002320,海峡股份,6.4,0.63,0.04,0.16,0.45,1.46,2.2,63437700.00000001,2229000000.0,14265000000.0,22.63
sh603607,京华激光,14.39,0.63,0.09,0.07,0.7,0.91,2.17,18006100.0,179000000.0,2569000000.0,23.49
sz300214,日科化学,6.41,0.63,0.04,0.31,0.42,0.95,1.26,10780600.0,404000000.0,2587000000.0,42.20
sh688238,和元生物,11.21,0.63,0.07,0.18,1.1,0.67,3.5,43273000.0,355000000.0,3983000000.0,亏损
sz002665,首航高科,3.21,0.63,0.02,0.0,1.3,0.85,1.88,102000000.0,2462000000.0,7902000000.0,亏损
sz002419,天虹股份,6.42,0.63,0.04,0.0,1.28,0.75,2.19,95944900.0,1169000000.0,7502000000.0,9.01
sz301296,新巨丰,16.05,0.63,0.1,-0.06,0.84,1.25,1.88,8426700.0,63000000.0,1011000000.0,40.30
sz000630,铜陵有色,3.22,0.62,0.02,0.0,0.91,1.08,2.5,306000000.0,10526000000.0,33895000000.0,12.96
sz000517,荣安地产,3.22,0.62,0.02,0.31,3.12,1.11,4.38,250000000.0,2492000000.0,8023999999.999999,3.95
sz002552,宝鼎科技,17.73,0.62,0.11,0.06,0.31,0.57,1.7,15625600.0,287000000.0,5084000000.0,亏损
sh600851,海欣股份,6.45,0.62,0.04,0.0,0.66,1.12,2.03,31047100.0,738000000.0,4761000000.0,73.38
sz300802,矩子科技,20.95,0.62,0.13,0.1,0.8,0.94,2.26,31685100.000000004,191000000.0,3997999999.9999995,59.05
sh600188,兖矿能源,17.76,0.62,0.11,0.0,0.43,0.98,1.81,342000000.0,4499000000.0,79910000000.0,5.85
832471,美邦科技,8.07,0.62,0.05,0.0,0.23,0.57,1.12,484000.0,26102000.0,211000000.0,亏损
sz300834,星辉环材,24.24,0.62,0.15,0.04,1.16,1.51,1.16,17151300.0,61406899.99999999,1489000000.0,58.20
sz002099,海翔药业,8.07,0.62,0.05,0.12,0.21,0.63,1.75,27073900.0,1607999999.9999998,12977000000.000002,77.57
sz002081,金 螳 螂,4.85,0.62,0.03,0.0,0.52,0.83,2.08,66009100.0,2643000000.0,12818000000.0,11.79
sz002957,科瑞技术,16.19,0.62,0.1,0.06,0.96,0.86,2.17,63574200.0,409999999.99999994,6638000000.0,56.17
sh688183,生益电子,11.34,0.62,0.07,0.0,1.05,0.75,1.95,36601300.0,308000000.0,3497000000.0,亏损
sz002102,冠福股份,3.24,0.62,0.02,0.31,0.42,1.28,1.55,32403700.0,2403000000.0,7787000000.0,24.98
sz000153,丰原药业,9.73,0.62,0.06,0.0,1.22,0.91,1.86,36703800.0,312000000.0,3036000000.0,17.55
831167,鑫汇科,9.74,0.62,0.06,0.0,0.26,1.92,0.93,508400.00000000006,20212300.0,197000000.0,29.95
sz001360,南矿集团,17.88,0.62,0.11,0.06,5.61,0.63,2.7,49669399.99999999,49975500.0,894000000.0,61.83
sh688581,安杰思,120.66,0.62,0.74,0.14,0.9,0.33,1.63,13980500.0,12919900.0,1559000000.0,51.01
sz002638,勤上股份,3.27,0.61,0.02,0.0,1.11,0.75,1.54,48555300.0,1347000000.0,4405000000.0,9.11
sh600052,东望时代,4.92,0.61,0.03,0.0,0.72,0.63,2.25,29953200.0,844000000.0,4153000000.0,亏损
sh600186,莲花健康,3.28,0.61,0.02,0.0,3.92,1.55,3.99,229000000.0,1794000000.0000002,5884000000.0,70.09
sz301186,超达装备,37.72,0.61,0.23,0.21,8.05,0.88,4.48,65034300.0,21600700.0,815000000.0,43.11
sz000591,太阳能,6.56,0.61,0.04,0.0,0.79,1.48,1.69,186000000.0,3595000000.0000005,23584000000.0,16.48
sz002137,实益达,6.57,0.61,0.04,0.0,1.39,0.86,1.99,35317500.0,391000000.0,2566000000.0,54.86
sz301111,粤万年青,19.74,0.61,0.12,-0.05,1.05,0.89,1.07,14573200.0,70138500.0,1385000000.0,53.29
sz300157,恒泰艾普,3.29,0.61,0.02,0.0,1.44,1.14,2.14,32888000.0,698000000.0,2296000000.0,亏损
835857,百甲科技,3.29,0.61,0.02,0.0,0.24,0.9,1.22,774800.0,97028100.0,319000000.0,10.92
833266,生物谷,6.6,0.61,0.04,0.0,0.12,1.5,1.52,802700.0,98324400.0,649000000.0,122.39
sz002868,绿康生化,32.97,0.61,0.2,0.12,0.57,1.28,1.92,28682900.0,152000000.0,5009000000.0,亏损
sz301257,普蕊斯,54.51,0.61,0.33,0.04,2.38,0.69,2.33,46091600.0,35799100.0,1951000000.0000002,32.81
sz301053,远信工业,24.79,0.61,0.15,-0.12,4.65,0.66,2.64,26741600.0,23264899.999999996,577000000.0,55.29
sh603619,中曼石油,19.86,0.61,0.12,0.05,1.47,0.82,2.33,115999999.99999999,400000000.0,7944000000.0,9.35
sh600075,新疆天业,4.97,0.61,0.03,0.0,0.58,1.25,1.62,36263400.0,1269000000.0,6306000000.0,亏损
sh603896,寿仙谷,41.5,0.61,0.25,0.0,0.92,1.03,2.16,76340100.0,202000000.0,8376000000.000001,46.41
sh688408,中信博,70.0,0.6,0.42,0.07,1.43,0.73,2.33,72986100.0,73042800.0,5113000000.0,61.30
sh688084,晶品特装,71.58,0.6,0.43,0.39,0.86,0.98,2.49,11195500.0,18240000.0,1306000000.0,亏损
sz002341,新纶新材,3.33,0.6,0.02,0.0,0.89,1.0,3.02,28167199.999999996,957000000.0,3187000000.0,亏损
sz002565,顺灏股份,3.33,0.6,0.02,0.0,2.66,0.49,3.32,93786600.0,1056000000.0,3515000000.0,106.30
sz301318,维海德,31.66,0.6,0.19,-0.03,2.26,0.53,2.32,18498400.0,26040000.0,824000000.0,41.11
873001,纬达光电,6.67,0.6,0.04,0.0,0.19,0.81,2.11,493000.0,38424200.0,256000000.0,29.36
sh605255,天普股份,16.72,0.6,0.1,0.48,2.19,0.85,2.47,12218500.0,33520000.0,560000000.0,63.62
sz002501,利源股份,1.67,0.6,0.01,0.0,1.07,0.8,3.62,62586600.0,3540999999.9999995,5914000000.0,亏损
sz300179,四方达,10.04,0.6,0.06,0.1,0.77,0.71,2.5,29162100.0,376000000.0,3776000000.0,35.79
sz301293,三博脑科,75.4,0.6,0.45,-0.08,7.71,0.85,3.4,196000000.0,34124200.0,2573000000.0,120.51
sz002686,亿利达,6.71,0.6,0.04,0.0,0.97,1.0,2.1,25393400.0,392000000.0,2628000000.0,150.88
sz002749,国光股份,11.73,0.6,0.07,0.0,0.39,0.65,1.8,18352800.0,400000000.0,4695000000.0,23.39
sh605598,上海港湾,48.68,0.6,0.29,0.31,1.46,0.55,3.88,37018700.0,52643500.0,2563000000.0,74.17
sz300200,高盟新材,8.4,0.6,0.05,-0.36,0.69,1.05,1.8,24487800.000000004,422000000.0,3542000000.0,24.17
sz002412,汉森制药,6.74,0.6,0.04,0.15,0.99,0.94,1.64,32936700.0,494000000.00000006,3327000000.0000005,15.40
sz002782,可立克,13.5,0.6,0.08,0.0,0.84,0.69,2.24,53529700.0,474000000.0,6402000000.0,55.88
sh603108,润达医疗,13.5,0.6,0.08,0.0,2.45,0.67,2.53,191000000.0,580000000.0,7825000000.0,24.14
sz002248,华东数控,8.45,0.59,0.05,0.0,1.51,0.87,2.14,38914400.0,307000000.0,2598000000.0,136.69
sh600372,中航电子,15.23,0.59,0.09,0.0,0.61,1.25,1.39,413999999.99999994,4485000000.0,68307000000.00001,87.41
sh600054,黄山旅游,13.55,0.59,0.08,0.0,1.23,1.29,2.38,84810400.00000001,513000000.0,6955000000.0,38.26
sz002707,众信旅游,8.47,0.59,0.05,0.36,4.65,1.4,3.21,309000000.0,796000000.0,6745000000.0,亏损
sh600167,联美控股,6.78,0.59,0.04,0.15,0.12,0.7,2.08,18612000.0,2288000000.0,15513000000.0,5.63
sz002191,劲嘉股份,6.77,0.59,0.04,0.0,0.84,0.63,1.64,80589400.0,1430000000.0,9680000000.0,15.58
839729,永顺生物,6.77,0.59,0.04,0.0,0.15,2.08,1.78,816800.0000000001,80244600.0,543000000.0,22.14
sz301300,远翔新材,32.19,0.59,0.19,-0.03,3.03,1.14,3.06,15460800.0,16050000.0,517000000.0,62.52
sz300422,博世科,6.77,0.59,0.04,0.0,1.74,0.85,2.23,45527700.00000001,389000000.0,2630000000.0,938.09
sh603678,火炬电子,32.3,0.59,0.19,0.06,0.68,1.16,2.74,99105100.0,459000000.0,14822000000.0,29.32
sz300345,华民股份,10.21,0.59,0.06,0.1,1.24,0.94,3.74,55723900.0,441000000.0,4506000000.0,268.47
sz300424,航新科技,13.61,0.59,0.08,0.0,1.14,0.85,2.66,36751600.0,239000000.0,3256000000.0,亏损
sh600756,浪潮软件,15.41,0.59,0.09,0.07,2.3,1.23,3.72,113999999.99999999,324000000.0,4994000000.0,283.83
sz300022,吉峰科技,5.13,0.59,0.03,0.0,1.63,0.87,1.57,27048700.0,323000000.0,1659000000.0,468.82
sz002831,裕同科技,25.72,0.59,0.15,0.0,0.38,1.0,2.19,51270800.0,520000000.0,13383000000.000002,32.99
sz002385,大北农,6.86,0.59,0.04,0.0,0.84,0.89,1.47,189000000.0,3309000000.0000005,22702000000.0,亏损
sh601138,XD工业富,22.26,0.59,0.13,-0.05,0.6,0.8,4.25,2619000000.0,19805000000.0,440866000000.0,35.34
sh600776,东方通信,11.99,0.59,0.07,0.0,1.39,0.74,1.93,158000000.0,956000000.0,11462000000.0,279.10
sz000901,航天科技,10.3,0.59,0.06,0.0,1.31,0.83,3.32,107000000.0,798000000.0,8220999999.999999,1049.98
sz300661,圣邦股份,85.8,0.59,0.5,-0.09,0.33,0.76,1.27,128000000.0,448000000.00000006,38422000000.0,331.86
sh600444,国机通用,13.75,0.58,0.08,0.15,0.64,0.83,1.54,12772900.0,146000000.0,2013000000.0,51.82
sz300080,易成新能,5.16,0.58,0.03,-0.19,0.78,1.36,2.53,48796700.0,1222000000.0,6305000000.0,59.38
sh600476,湘邮科技,15.48,0.58,0.09,-0.19,1.41,0.84,3.44,34936500.0,161000000.0,2493000000.0,亏损
sh603919,金徽酒,25.78,0.58,0.15,0.04,1.17,1.0,1.95,152000000.0,507000000.0,13077000000.000002,17.98
sz000790,华神科技,5.17,0.58,0.03,0.0,0.89,0.59,2.14,28302000.0,619000000.0,3200000000.0,252.98
sz300604,长川科技,41.34,0.58,0.24,-0.02,1.25,0.99,2.29,231999999.99999997,451000000.0,18649000000.0,亏损
sz002383,合众思壮,6.9,0.58,0.04,0.15,2.02,0.95,2.77,84447200.0,613000000.0,4229999999.9999995,亏损
sh603899,晨光股份,44.86,0.58,0.26,0.0,0.28,0.88,1.79,115999999.99999999,924000000.0,41443000000.0,31.15
sh688133,泰坦科技,69.16,0.58,0.4,0.12,0.95,1.0,3.46,54500100.0,83310400.00000001,5762000000.0,81.26
sz001268,联合精密,22.47,0.58,0.13,0.09,1.76,1.05,3.0,13747900.0,35194100.0,791000000.0,37.71
sh600360,华微电子,6.91,0.58,0.04,0.0,0.91,1.18,2.04,60300400.0,960000000.0,6636000000.0,318.14
sz002442,龙星化工,5.19,0.58,0.03,0.19,0.74,0.87,1.74,18533100.0,483000000.0,2506000000.0,50.00
sh688230,芯导科技,43.27,0.58,0.25,0.0,0.97,0.69,2.25,11929400.0,28518000.0,1234000000.0,79.89
832000,安徽凤凰,5.19,0.58,0.03,0.0,0.35,1.08,1.55,598500.0,32811400.0,170000000.0,8.04
sh603086,先达股份,6.93,0.58,0.04,0.0,0.63,1.0,1.45,18872700.0,433000000.0,3001000000.0,16.96
sh600316,洪都航空,22.56,0.58,0.13,0.0,0.55,1.33,2.19,87414500.0,717000000.0,16178000000.0,亏损
sh601567,三星医疗,15.61,0.58,0.09,0.06,0.79,0.73,2.77,172000000.0,1395000000.0,21775000000.0,20.45
831010,凯添燃气,3.47,0.58,0.02,0.0,0.11,1.36,1.16,638200.0,161000000.0,559000000.0,21.30
sz002977,天箭科技,33.0,0.58,0.19,0.06,2.09,1.24,3.41,44615000.0,65365300.0,2157000000.0,61.85
sz000425,徐工机械,6.95,0.58,0.04,0.0,1.3,1.15,2.75,423000000.00000006,4728000000.0,32857000000.0,13.48
sh603213,镇洋发展,12.18,0.58,0.07,0.0,0.82,0.92,1.57,15453100.0,156000000.0,1898000000.0,22.57
sz002628,成都路桥,3.48,0.58,0.02,0.29,1.74,1.11,1.73,45312299.99999999,753000000.0,2619000000.0,158.44
sz000801,四川九洲,6.96,0.58,0.04,-0.14,0.64,0.96,2.31,45490300.0,1023000000.0,7119000000.0,44.64
sz002531,天顺风能,13.95,0.58,0.08,0.0,0.88,1.25,2.81,218000000.00000003,1792000000.0000002,25005000000.0,31.85
sh601969,海南矿业,6.99,0.58,0.04,0.0,0.41,1.27,2.01,57159700.0,2027000000.0,14166000000.0,22.05
sz002340,格林美,6.99,0.58,0.04,-0.14,0.75,1.38,1.87,266000000.0,5078000000.0,35496000000.0,52.04
sh603269,海鸥股份,13.96,0.58,0.08,-0.14,1.98,0.52,2.74,43424900.0,158000000.0,2199000000.0,248.72
sz300599,雄塑科技,8.73,0.58,0.05,0.12,1.24,1.05,2.07,22181700.0,206999999.99999997,1809000000.0,50.94
sh600210,紫江企业,5.24,0.58,0.03,0.0,0.59,0.9,1.54,47036100.0,1517000000.0,7948000000.0,16.74
sz002347,泰尔股份,5.25,0.57,0.03,0.0,3.61,0.48,1.72,63258900.0,335000000.0,1757000000.0,248.21
sh600319,亚星化学,5.26,0.57,0.03,0.19,0.84,0.73,1.72,13815800.0,316000000.0,1660000000.0000002,亏损
sh600903,贵州燃气,8.79,0.57,0.05,0.0,0.67,1.44,2.29,67008600.0,1150000000.0,10105000000.0,28.91
sh601579,会稽山,12.34,0.57,0.07,-0.08,2.03,0.9,2.36,120000000.0,479000000.0,5917000000.0,18.63
sh601890,亚星锚链,10.58,0.57,0.06,-0.09,1.8,0.89,3.14,180000000.0,959000000.0,10150000000.0,43.04
sh605299,舒华体育,12.36,0.57,0.07,-0.08,2.19,0.53,2.85,30615300.000000004,113999999.99999999,1403000000.0,87.91
sh603163,圣晖集成,38.88,0.57,0.22,0.18,1.85,0.91,3.26,18030700.0,25000000.0,972000000.0000001,26.83
sh603336,宏辉果蔬,5.3,0.57,0.03,-0.19,0.66,0.98,2.47,19826100.0,570000000.0,3023000000.0,75.35
sz300953,震裕科技,70.86,0.57,0.4,0.16,0.89,0.95,2.26,28694899.999999996,45580000.0,3229999999.9999995,115.43
sz000875,吉电股份,5.31,0.57,0.03,0.19,0.78,1.33,1.51,101000000.0,2446000000.0,12986000000.000002,7.36
sh601698,中国卫通,17.71,0.57,0.1,0.06,0.65,1.42,3.63,476999999.99999994,4224000000.0,74814000000.0,132.27
sz300719,安达维尔,12.42,0.57,0.07,0.0,1.31,0.95,1.94,29467300.0,181000000.0,2250000000.0,1238.07
sz301223,中荣股份,19.5,0.57,0.11,0.05,3.01,0.36,1.34,28383300.0,48300000.0,942000000.0,18.53
sz002722,物产金轮,14.18,0.57,0.08,0.07,1.05,1.46,1.7,26125500.0,175000000.0,2488000000.0,40.08
sz002589,瑞康医药,3.55,0.57,0.02,-0.28,1.65,1.22,2.27,67605100.0,1158000000.0,4111000000.0,63.11
sh600956,新天绿能,8.9,0.56,0.05,0.0,0.13,1.07,1.47,25307199.999999996,2165000000.0,19272000000.0,11.10
sz301080,百普赛斯,65.82,0.56,0.37,0.09,2.38,0.69,2.72,97553700.00000001,62845100.0,4136000000.0,43.83
sh600989,宝丰能源,14.29,0.56,0.08,0.28,0.31,1.17,2.67,327000000.0,7333000000.0,104794000000.0,22.10
sh600979,广安爱众,3.57,0.56,0.02,-0.28,1.34,1.04,2.82,58340900.0,1232000000.0,4399000000.0,549.94
sz301503,智迪科技,34.0,0.56,0.19,0.18,15.66,0.75,4.17,105000000.0,20000000.0,680000000.0,68.80
sz001231,农心科技,21.47,0.56,0.12,0.19,3.77,0.98,1.69,20166000.0,25000000.0,537000000.0,31.84
sz002741,光华科技,16.14,0.56,0.09,0.06,0.53,1.03,2.12,28770100.000000004,337000000.0,5445000000.0,亏损
sh600101,明星电力,8.98,0.56,0.05,0.0,1.11,1.07,2.46,41688000.0,421000000.0,3784000000.0000005,18.62
sz300189,神农科技,3.59,0.56,0.02,0.28,2.7,0.47,2.24,93142300.0,963000000.0000001,3457000000.0,亏损
sz002611,东方精工,5.4,0.56,0.03,0.0,1.66,0.97,2.23,90190000.0,1011999999.9999999,5465000000.0,16.25
sz002082,万邦德,7.2,0.56,0.04,0.14,0.47,1.01,1.82,20910000.0,617000000.0,4440000000.0,40.61
sh605258,协和电子,25.23,0.56,0.14,-0.08,2.97,0.5,2.67,28189100.0,37790000.0,952999999.9999999,70.34
sz300303,聚飞光电,5.41,0.56,0.03,0.0,1.37,0.71,1.86,92547900.00000001,1253000000.0,6781000000.0,31.19
sh600456,宝钛股份,34.23,0.56,0.19,0.06,0.68,1.09,1.97,110000000.00000001,478000000.0,16354000000.0,29.90
sz300680,隆盛科技,19.81,0.56,0.11,-0.05,2.79,0.93,3.05,95105700.0,173000000.0,3427000000.0000005,28.28
sz002882,金龙羽,14.44,0.56,0.08,0.0,1.71,0.43,2.23,60633000.0,247000000.00000003,3561000000.0,36.66
sh600744,华银电力,3.62,0.56,0.02,0.0,1.01,1.16,2.22,73654300.0,2030999999.9999998,7353000000.0,亏损
832651,天罡股份,10.87,0.56,0.06,0.0,0.73,1.03,0.74,1131000.0,14345400.0,156000000.0,11.60
sh688070,纵横股份,41.69,0.56,0.23,0.17,0.48,0.65,2.65,7673900.0,38380000.0,1600000000.0,617.47
sz002799,环球印务,10.89,0.55,0.06,0.09,0.97,0.95,1.85,33690500.0,320000000.0,3485000000.0,30.33
sh600674,川投能源,14.54,0.55,0.08,0.14,0.19,0.86,1.59,123000000.0,4461000000.0,64860000000.0,15.56
sh601985,中国核电,7.28,0.55,0.04,0.0,0.32,1.01,1.52,434000000.0,18883000000.0,137470000000.0,11.37
sh603306,华懋科技,29.12,0.55,0.16,0.1,0.69,1.0,2.8,64962600.0,325000000.0,9472000000.0,82.49
sh605118,力鼎光电,14.54,0.55,0.08,0.07,7.18,0.8,2.21,43277200.0,41737200.0,607000000.0,49.38
sz301206,三元生物,30.95,0.55,0.17,0.13,0.59,0.98,1.3,18729300.0,102000000.0,3160000000.0,200.49
sz300317,珈伟新能,5.47,0.55,0.03,0.0,1.72,0.74,2.02,77034000.0,826000000.0,4518000000.0,亏损
sz000039,中集集团,7.3,0.55,0.04,0.14,0.36,1.01,1.24,60859700.0,2301000000.0,16800000000.0,61.44
sh600770,综艺股份,5.49,0.55,0.03,0.0,0.84,0.87,2.93,59405800.0,1300000000.0,7137000000.0,亏损
sz000688,国城矿业,14.63,0.55,0.08,-0.14,0.24,0.75,2.61,39908700.0,1118000000.0,16351000000.0,235.91
sz001300,三柏硕,12.82,0.55,0.07,0.0,1.34,0.57,1.18,10443100.0,60944000.0,781000000.0,204.24
sz002801,微光股份,25.73,0.55,0.14,-0.04,0.65,0.82,2.07,19189600.0,115999999.99999999,2980000000.0,18.30
sz002745,木林森,9.2,0.55,0.05,0.0,0.77,0.88,2.08,67391800.0,961000000.0,8844000000.0,24.25
sh688287,观典防务,11.05,0.55,0.06,-0.09,0.85,1.29,2.73,34583500.0,371000000.0,4094000000.0,119.60
sz000541,佛山照明,5.52,0.55,0.03,0.36,0.7,1.39,2.73,40855300.0,1057000000.0,5832000000.0,28.38
sz300952,恒辉安防,22.18,0.54,0.12,0.36,2.26,0.84,3.31,22255900.0,44852700.00000001,994999999.9999999,63.73
sz000791,甘肃能源,5.55,0.54,0.03,0.0,0.54,1.25,1.63,47704000.0,1601000000.0000002,8883000000.0,亏损
870508,丰安股份,7.4,0.54,0.04,0.0,0.21,1.88,1.9,415500.0,26116500.0,193000000.0,13.36
sz002010,传化智联,5.55,0.54,0.03,0.0,0.54,0.89,1.63,80880400.0,2700000000.0,14984000000.0,22.03
sh601011,宝泰隆,3.7,0.54,0.02,0.0,0.79,1.32,1.63,55973500.0,1916000000.0,7088000000.0,58.47
sh603298,杭叉集团,24.06,0.54,0.13,0.25,0.56,0.72,3.68,126000000.0,936000000.0,22510000000.0,19.27
sz300142,沃森生物,27.8,0.54,0.15,0.04,1.32,0.86,2.6,570000000.0,1568000000.0,43577000000.0,64.95
sh603281,江瀚新材,31.53,0.54,0.17,-0.03,0.89,0.87,1.31,26066500.0,93333300.0,2943000000.0,19.06
sz300221,银禧科技,5.57,0.54,0.03,0.36,1.99,1.04,2.71,49454000.0,448000000.00000006,2497000000.0,375.58
sh603238,诺邦股份,13.02,0.54,0.07,0.31,0.83,0.95,1.93,19124100.0,178000000.0,2311000000.0,56.51
sz002246,北化股份,9.29,0.54,0.05,0.11,1.12,1.9,2.6,56515000.0,549000000.0,5101000000.0,150.03
sh600475,华光环能,11.17,0.54,0.06,0.0,0.78,1.5,2.43,81726300.0,935000000.0,10449000000.0,11.93
sz002140,东华科技,9.31,0.54,0.05,-0.11,0.7,1.15,1.84,34998200.0,538000000.0,5009000000.0,23.00
sh688432,有研硅,14.91,0.54,0.08,0.0,1.76,1.09,1.96,38113800.0,147000000.0,2186000000.0,60.21
831832,科达自控,11.2,0.54,0.06,0.0,0.09,0.45,1.17,635800.0,61102800.0,684000000.0,40.67
sh688075,安旭生物,41.14,0.54,0.22,0.0,0.95,0.79,1.76,11855000.0,30500000.0,1255000000.0,25.71
sh688049,炬芯科技,31.83,0.54,0.17,0.0,1.81,0.73,2.81,51261600.0,89665400.00000001,2854000000.0,121.22
sz300670,大烨智能,7.5,0.54,0.04,0.13,1.54,0.5,2.95,25663700.0,224000000.00000003,1680999999.9999998,亏损
sz301112,信邦智能,31.86,0.54,0.17,-0.03,2.92,1.19,3.25,33451700.0,36256900.0,1155000000.0,49.64
838810,春光药装,7.51,0.54,0.04,0.0,0.1,0.62,0.67,191100.0,25891600.0,194000000.0,16.74
sz002750,龙津药业,9.4,0.54,0.05,0.0,0.84,0.86,1.93,31431400.0,398000000.0,3743000000.0,亏损
sh688211,中科微至,41.34,0.54,0.22,-0.05,0.44,0.63,1.53,11503000.0,64018700.0,2647000000.0,42.95
sz002573,清新环境,5.65,0.53,0.03,0.0,0.57,1.09,1.78,34415200.0,1079000000.0,6097000000.0,17.27
sh688739,成大生物,33.9,0.53,0.18,-0.03,1.04,1.18,1.36,62944200.0,179000000.0,6084000000.0,27.78
sz002249,大洋电机,5.65,0.53,0.03,-0.18,1.85,1.77,3.74,183000000.0,1773000000.0,10015000000.0,19.80
sz002694,顾地科技,7.53,0.53,0.04,0.0,2.41,0.56,3.34,98184200.0,539000000.0,4054999999.9999995,亏损
sz000911,南宁糖业,9.42,0.53,0.05,0.0,1.39,0.82,1.6,42168100.00000001,324000000.0,3053000000.0,100.27
sh603060,国检集团,11.3,0.53,0.06,0.0,0.19,0.84,1.87,16818500.0,802999999.9999999,9069000000.0,亏损
sh600160,巨化股份,15.07,0.53,0.08,0.0,0.87,0.9,2.27,351000000.0,2700000000.0,40685000000.0,66.65
sh688469,中芯集成-U,5.66,0.53,0.03,0.18,2.57,1.59,1.07,151000000.0,1041000000.0,5890000000.0,亏损
sz000407,胜利股份,3.77,0.53,0.02,0.0,0.73,1.18,1.6,24168900.0,876000000.0,3302000000.0000005,36.52
sh603688,石英股份,103.9,0.53,0.55,0.01,0.75,0.78,2.13,279000000.0,361000000.0,37537000000.0,11.43
sh688352,颀中科技,13.24,0.53,0.07,0.0,5.03,0.57,2.81,99737800.0,151000000.0,2004000000.0,128.56
sz002554,惠博普,3.79,0.53,0.02,0.27,1.15,1.19,1.59,37559500.0,869000000.0,3293000000.0,104.31
sz300024,机器人,13.25,0.53,0.07,0.0,1.67,1.02,2.43,332000000.0,1509000000.0,19995000000.0,亏损
sz002209,达 意 隆,9.46,0.53,0.05,0.11,1.72,0.9,2.23,24934899.999999996,154000000.0,1459000000.0,亏损
sh603799,华友钴业,49.24,0.53,0.26,0.02,0.68,0.58,3.02,566000000.0,1686000000.0,83035000000.0,20.43
sh603151,邦基科技,17.03,0.53,0.09,0.0,1.84,1.27,1.59,13141000.0,42000000.0,715000000.0,30.57
sz002153,石基信息,13.27,0.53,0.07,0.15,0.5,0.79,1.89,106000000.0,1599000000.0,21224000000.0,882.04
sz000025,特 力Ａ,17.06,0.53,0.09,-0.06,1.11,1.05,2.48,73811600.0,393000000.0,6701000000.000001,72.74
sz300959,线上线下,36.05,0.53,0.19,0.03,2.11,0.63,2.45,28160600.0,37175200.0,1340000000.0,56.92
sh603708,家家悦,13.29,0.53,0.07,-0.08,0.89,0.7,2.12,71929500.0,608000000.0,8086000000.0,15.65
sh603599,广信股份,19.0,0.53,0.1,0.48,0.43,0.75,2.01,73657700.0,909000000.0,17264000000.0,8.30
sz002360,同德化工,7.6,0.53,0.04,0.0,1.12,1.3,1.98,27093100.0,321000000.0,2441000000.0,29.14
sz300943,春晖智控,15.24,0.53,0.08,0.0,2.14,0.85,2.44,31993200.0,98711800.0,1504000000.0,21.51
sh603239,浙江仙通,15.23,0.53,0.08,-0.13,0.61,0.66,3.56,24702300.0,271000000.0,4122999999.9999995,33.94
sh603813,原尚股份,15.26,0.53,0.08,0.0,0.7,1.22,1.84,9552400.0,89412000.0,1364000000.0,亏损
sz300817,双飞股份,15.26,0.53,0.08,0.2,3.3,0.55,3.23,49515100.0,99366900.0,1516000000.0,58.25
sz000547,航天发展,9.54,0.53,0.05,0.11,0.73,1.22,1.16,111000000.00000001,1588000000.0,15153000000.0,亏损
sh603095,越剑智能,15.3,0.53,0.08,-0.13,0.27,0.81,1.64,7720500.0,185000000.0,2827000000.0,27.09
sz002748,世龙实业,9.55,0.53,0.05,0.0,0.61,0.79,1.68,13815300.0,240000000.0,2292000000.0,37.20
sh603162,海通发展,17.22,0.53,0.09,0.06,1.65,1.12,1.17,17269000.0,61088500.0,1052000000.0,39.34
sz300259,新天科技,3.83,0.53,0.02,0.0,0.88,1.06,2.1,27170200.0,811000000.0,3108000000.0,24.18
sz002053,云南能投,11.51,0.52,0.06,0.0,0.54,0.9,2.53,52750600.00000001,852000000.0,9809000000.0,14.91
sz300339,润和软件,23.06,0.52,0.12,-0.04,2.77,1.25,1.57,491000000.0,771000000.0,17790000000.0,126.47
sz300322,硕贝德,7.69,0.52,0.04,-0.13,1.38,0.9,2.35,46897400.0,442000000.0,3402000000.0000005,亏损
sh600780,通宝能源,9.61,0.52,0.05,0.0,0.32,0.8,2.3,34388400.0,1147000000.0,11018000000.0,11.60
sh600051,宁波联合,7.71,0.52,0.04,0.13,1.24,0.89,1.56,29720300.000000004,311000000.0,2397000000.0,53.42
sz002176,江特电机,11.6,0.52,0.06,0.0,1.43,0.81,2.34,282000000.0,1705999999.9999998,19790000000.0,97.70
sz002725,跃岭股份,9.66,0.52,0.05,0.0,2.9,0.95,2.71,55227500.0,198000000.0,1911000000.0,亏损
sz002439,启明星辰,29.04,0.52,0.15,0.14,0.61,0.81,1.87,128000000.0,724000000.0,21037000000.0,亏损
sz002695,煌上煌,11.63,0.52,0.06,0.26,0.92,1.27,1.12,49599700.0,463999999.99999994,5400000000.0,41.12
sz300404,博济医药,9.68,0.52,0.05,0.1,1.28,0.92,1.56,33276400.0,271000000.0,2620000000.0,76.29
sh600900,长江电力,21.34,0.52,0.11,0.05,0.26,1.19,1.18,1254000000.0,22742000000.0,485310999999.99994,36.13
sz000536,华映科技,1.94,0.52,0.01,0.0,0.91,0.69,2.59,48494600.0,2763000000.0,5360000000.0,亏损
sh688180,君实生物-U,40.8,0.52,0.21,0.03,0.63,0.93,2.71,129000000.0,503000000.0,20506000000.0,亏损
sh600678,四川金顶,5.83,0.52,0.03,0.0,2.46,0.9,2.24,49901800.0,349000000.0,2035000000.0000002,306.18
sz002133,广宇集团,3.9,0.52,0.02,0.0,2.94,0.71,2.58,88229700.0,770000000.0,3002000000.0,9.04
sz000534,万泽股份,13.65,0.52,0.07,-0.07,0.81,0.98,2.06,54177700.00000001,494000000.00000006,6750000000.0,29.69
836720,吉冈精密,5.89,0.51,0.03,0.0,0.17,0.54,1.54,495900.00000000006,50517299.99999999,298000000.0,31.42
sz301043,绿岛风,31.44,0.51,0.16,-0.1,2.41,0.97,2.37,13610200.0,18000000.0,566000000.0,29.61
sh688633,星球石墨,33.36,0.51,0.17,-0.06,3.42,2.5,2.32,38146000.0,33506700.0,1118000000.0,39.77
sz002824,和胜股份,19.64,0.51,0.1,0.0,1.14,0.93,2.61,42245700.0,189000000.0,3706000000.0,55.90
sz000430,张家界,7.87,0.51,0.04,0.0,1.22,0.96,1.79,31616200.0,332000000.0,2611000000.0,亏损
sh600371,万向德农,11.81,0.51,0.06,0.0,0.77,0.57,1.28,26459100.0,293000000.0,3454999999.9999995,25.02
sh603668,天马科技,15.78,0.51,0.08,0.0,1.21,0.76,2.23,82863600.0,436000000.00000006,6881999999.999999,306.52
sz300394,天孚通信,92.73,0.51,0.47,-0.01,3.85,0.87,6.49,1285000000.0,358000000.0,33238000000.0,78.26
sh688456,有研粉材,37.5,0.51,0.19,1.08,1.29,0.66,3.14,30896200.0,64408800.0,2415000000.0,90.99
sz002300,太阳电缆,7.95,0.51,0.04,0.13,0.6,0.92,1.77,34014900.0,722000000.0,5742000000.0,41.77
sz300071,福石控股,3.98,0.51,0.02,0.25,0.94,0.53,2.02,34059400.0,915000000.0,3640000000.0,亏损
sz002039,黔源电力,13.94,0.51,0.07,-0.07,0.47,1.1,1.3,27912600.000000004,428000000.0,5960000000.0,亏损
sz001269,欧晶科技,57.7,0.51,0.29,0.0,3.81,0.69,2.25,105000000.0,48099000.0,2775000000.0,16.12
sh688563,航材股份,59.96,0.5,0.3,0.02,7.26,0.9,2.4,295000000.0,68106500.0,4084000000.0000005,55.77
sh688096,京源环保,10.0,0.5,0.05,0.1,1.17,0.92,2.31,14219300.0,122000000.0,1221000000.0,82.16
sz301408,华人健康,17.98,0.5,0.09,-0.06,3.88,0.4,1.51,39144900.0,56346100.0,1013000000.0000001,60.98
sh605488,福莱新材,16.03,0.5,0.08,0.13,19.57,2.84,9.22,132000000.0,43500000.0,697000000.0,48.67
sh600152,维科技术,8.03,0.5,0.04,0.0,1.61,0.72,2.25,67100400.0,525000000.0,4215000000.0,亏损
sz002041,登海种业,16.08,0.5,0.08,-0.06,0.35,0.53,1.56,50089399.99999999,880000000.0000001,14150000000.0,79.11
sz301196,唯科科技,34.26,0.5,0.17,0.12,1.45,0.34,1.41,18772000.0,37950000.0,1300000000.0,32.97
sz000881,中广核技,8.07,0.5,0.04,0.12,0.46,1.19,1.74,28523200.0,776000000.0,6262000000.0,亏损
sz300153,科泰电源,8.07,0.5,0.04,0.0,1.42,0.96,2.62,35939600.0,317000000.0,2561000000.0,84.19
sz002030,达安基因,10.09,0.5,0.05,0.0,0.6,0.97,1.2,84482300.0,1403000000.0,14161000000.000002,96.83
sz301076,新瀚新材,22.24,0.5,0.11,0.09,4.55,0.77,3.21,69472500.0,69328000.0,1542000000.0,28.41
sz002354,天娱数科,6.07,0.5,0.03,0.0,3.04,0.67,2.98,296000000.0,1617000000.0000002,9817000000.0,245.47
sh688303,大全能源,40.5,0.5,0.2,-0.1,1.23,2.03,2.33,252000000.0,512000000.0,20752000000.0,7.43
sh688038,中科通达,14.19,0.5,0.07,-0.07,2.06,0.95,2.2,23601800.0,81412200.0,1155000000.0,亏损
sz301323,新莱福,42.62,0.49,0.21,-0.02,11.17,0.52,3.87,111000000.00000001,23385200.0,997000000.0000001,39.55
sz002718,友邦吊顶,16.25,0.49,0.08,0.0,1.47,0.57,1.79,14768900.000000002,61511800.0,1000000000.0,53.07
sz301199,迈赫股份,26.44,0.49,0.13,0.0,2.67,0.71,2.43,39778700.0,56840000.0,1503000000.0,67.93
sz301377,鼎泰高科,20.4,0.49,0.1,0.0,3.88,0.55,2.17,39342600.0,50000000.0,1019999999.9999999,30.63
sh603611,诺力股份,24.47,0.49,0.12,-0.12,0.85,0.72,3.24,53386700.0,258000000.0,6303000000.0,15.09
sh600356,恒丰纸业,8.16,0.49,0.04,0.0,0.57,0.87,1.48,13801800.0,299000000.0,2438000000.0,24.25
sh600737,中粮糖业,8.17,0.49,0.04,0.12,0.63,1.15,1.48,110000000.00000001,2139000000.0,17474000000.0,15.94
836422,润普食品,6.13,0.49,0.03,0.0,0.25,1.54,0.49,428900.0,28394200.0,174000000.0,22.05
sh688029,南微医学,83.92,0.49,0.41,-0.13,0.68,1.17,2.01,103000000.0,184000000.0,15466000000.0,38.83
835184,国源科技,4.09,0.49,0.02,0.0,0.07,0.73,1.23,257800.0,88426400.0,362000000.0,亏损
835985,海泰新能,6.17,0.49,0.03,0.0,0.25,0.76,1.14,2099800.0,134000000.00000001,830000000.0000001,亏损
sz002210,飞马国际,2.06,0.49,0.01,0.49,1.01,0.53,2.44,54810800.0,2661000000.0,5482000000.0,2390.70
sz300623,捷捷微电,18.54,0.49,0.09,0.0,0.51,1.17,2.0,59997500.0,643000000.0,11918000000.0,107.46
sh601921,浙版传媒,8.23,0.49,0.04,0.0,2.47,0.74,1.59,85141400.0,422000000.0,3475000000.0,31.37
sh600037,歌华有线,8.29,0.48,0.04,0.0,1.07,1.27,3.64,123000000.0,1392000000.0,11538000000.0,亏损
sh600391,航发科技,22.78,0.48,0.11,0.04,2.06,1.12,2.87,153000000.0,330000000.0,7520000000.0,亏损
sz002378,章源钨业,6.21,0.48,0.03,0.0,0.56,1.02,2.43,41330700.0,1193000000.0,7411000000.0,53.18
sz000705,浙江震元,8.28,0.48,0.04,-0.12,1.35,1.06,1.7,31459100.0,282000000.0,2334000000.0,37.26
sz002996,顺博合金,12.45,0.48,0.06,0.16,1.18,1.06,2.34,18351400.0,126000000.0,1565000000.0,27.00
sh688073,毕得医药,64.35,0.48,0.31,0.66,3.69,0.48,3.76,45685000.0,19539800.0,1257000000.0,39.59
835508,殷图网联,6.23,0.48,0.03,0.0,0.02,0.34,0.48,35000.0,26037500.0,162000000.0,亏损
sz002170,芭田股份,6.23,0.48,0.03,-0.16,1.52,0.59,2.42,66653600.0,709000000.0,4414000000.0,19.29
sh603115,海星股份,14.53,0.48,0.07,0.14,0.27,0.67,1.87,9280500.0,239000000.0,3476000000.0,68.34
sz300224,正海磁材,12.48,0.48,0.06,0.08,1.05,1.11,2.17,107000000.0,815000000.0,10168000000.0,21.76
sz002001,新 和 成,16.66,0.48,0.08,0.0,0.31,1.05,1.33,158000000.0,3055000000.0,50889000000.0,20.02
sh600028,中国石化,6.26,0.48,0.03,0.0,0.14,1.59,2.09,821000000.0000001,95115000000.0,595423000000.0,9.33
sz300450,先导智能,33.46,0.48,0.16,0.09,0.82,1.39,2.58,398000000.0,1454000000.0,48654000000.0,23.26
sh688161,威高骨科,43.88,0.48,0.21,-0.02,2.35,0.93,2.43,78390300.0,76666700.0,3364000000.0,46.61
sh603926,铁流股份,10.46,0.48,0.05,0.1,1.42,1.23,3.75,30903900.0,208000000.0,2178000000.0,26.29
sh603889,新澳股份,8.4,0.48,0.04,0.0,1.09,1.0,5.26,65848100.00000001,716000000.0,6018000000.0,16.70
sz002836,新宏泽,8.41,0.48,0.04,0.0,0.55,1.0,1.91,10610600.0,229999999.99999997,1938000000.0,141.99
sh603387,基蛋生物,12.69,0.47,0.06,0.08,0.63,1.11,1.27,40593000.0,507000000.0,6436000000.0,13.24
sh600834,申通地铁,8.48,0.47,0.04,-0.12,0.38,1.04,1.19,15430500.0,476999999.99999994,4047999999.9999995,58.97
sz300583,赛托生物,27.54,0.47,0.13,-0.04,1.25,0.9,1.6,35559900.0,104000000.0,2875000000.0,53.16
sz301212,联盛化学,33.9,0.47,0.16,-0.03,2.25,1.08,2.61,20326100.0,27000000.0,915000000.0,27.08
sz301051,信濠光电,59.58,0.47,0.28,0.22,0.75,0.38,2.66,27497700.0,62124799.99999999,3701000000.0,亏损
sz002342,巨力索具,4.26,0.47,0.02,0.24,1.35,0.91,1.89,50190600.00000001,880000000.0000001,3747999999.9999995,502.22
sz002626,金达威,19.22,0.47,0.09,-0.05,0.57,1.03,1.78,67154800.0,610000000.0,11721000000.0,33.71
sz001298,好上好,23.46,0.47,0.11,-0.04,3.92,0.91,3.04,31708000.0,34800000.0,816000000.0,189.71
sz300050,世纪鼎利,4.28,0.47,0.02,0.23,2.96,0.47,2.58,64341000.0,512000000.0,2192000000.0,亏损
sh688722,同益中,17.12,0.47,0.08,-0.06,1.52,0.98,2.29,31659200.0,122000000.0,2093000000.0,17.85
sz002566,益盛药业,8.56,0.47,0.04,0.12,1.17,0.82,1.06,23125600.0,231000000.0,1980999999.9999998,24.68
sz300607,拓斯达,12.89,0.47,0.06,-0.08,1.05,0.82,2.57,38582700.0,285000000.0,3678000000.0,113.77
sz300052,中青宝,19.34,0.47,0.09,-0.05,5.02,1.89,2.96,250999999.99999997,261000000.0,5052000000.0,748.90
sh600577,精达股份,4.3,0.47,0.02,0.0,1.12,1.54,2.1,96004599.99999999,1996000000.0,8581999999.999999,22.12
sz001332,锡装股份,38.73,0.47,0.18,0.0,1.26,0.69,1.97,13064300.0,27000000.0,1046000000.0000001,19.26
sh600580,卧龙电驱,12.91,0.47,0.06,0.0,1.6,1.5,3.27,267000000.0,1308000000.0,16890000000.0,16.43
sz300400,劲拓股份,15.11,0.47,0.07,0.0,0.63,0.46,1.66,22773000.0,241000000.0,3640999999.9999995,345.86
sz002696,百洋股份,6.49,0.46,0.03,-0.15,1.07,0.42,1.7,23912100.0,344000000.0,2230000000.0,155.07
sz002072,凯瑞德,6.51,0.46,0.03,0.0,0.86,0.94,2.01,14313699.999999998,258000000.0,1677000000.0,亏损
sz002408,齐翔腾达,6.53,0.46,0.03,0.0,0.21,1.2,1.85,38847900.0,2764000000.0,18048000000.0,亏损
sh600529,山东药玻,26.1,0.46,0.12,0.15,0.64,1.13,2.39,110000000.00000001,664000000.0,17320000000.0,26.00
sh688188,柏楚电子,213.0,0.46,0.98,-0.46,0.24,0.72,2.77,75189400.0,146000000.0,31160000000.000004,58.99
sz300106,西部牧业,8.73,0.46,0.04,0.12,5.77,0.66,2.88,107000000.0,211000000.0,1845000000.0,211.84
831855,浙江大农,6.56,0.46,0.03,0.0,0.39,5.44,1.23,547200.0,21323400.0,140000000.0,16.20
sh603836,海程邦达,15.33,0.46,0.07,0.13,0.81,1.22,2.03,10598400.0,85729000.0,1314000000.0,25.96
sz301149,隆华新材,11.0,0.46,0.05,0.0,1.14,0.91,1.74,22984800.0,185000000.0,2037000000.0,28.92
832802,保丽洁,6.6,0.46,0.03,0.0,0.33,0.98,1.06,310700.0,14135200.0,93292099.99999999,154.21
sz003039,顺控发展,17.6,0.46,0.08,0.11,2.83,0.39,1.83,60772800.0,123000000.0,2156000000.0,93.21
sh688353,华盛锂电,35.26,0.46,0.16,0.0,0.71,0.84,2.25,13421600.0,53932900.0,1902000000.0,127.76
sh603358,华达科技,17.61,0.46,0.08,0.06,0.42,0.74,2.45,32718300.0,438999999.99999994,7731000000.0,16.11
sh600537,亿晶光电,6.62,0.46,0.03,0.0,2.92,0.76,2.88,225999999.99999997,1180000000.0,7815000000.000001,15.60
sz000917,电广传媒,6.63,0.46,0.03,0.0,1.6,0.76,2.27,150000000.0,1417000000.0,9397000000.0,89.94
sz002860,星帅尔,13.27,0.45,0.06,0.0,2.39,0.94,2.42,68796300.0,217000000.0,2881000000.0,22.58
sh603118,共进股份,11.06,0.45,0.05,0.0,2.49,0.87,3.72,216000000.0,787000000.0,8702000000.0,28.80
sh600835,上海机电,15.51,0.45,0.07,-0.06,0.81,0.65,2.07,101000000.0,807000000.0,12509000000.0,17.17
sz300594,朗进科技,22.25,0.45,0.1,-0.22,1.16,0.88,2.94,23313800.0,90505500.0,2014000000.0,亏损
sh688296,和达科技,17.78,0.45,0.08,0.34,1.97,0.83,3.16,20673600.0,59239200.0,1052999999.9999999,亏损
sz001289,龙源电力,20.01,0.45,0.09,0.2,2.58,1.45,2.66,68211900.0,133000000.0,2668000000.0,17.96
sz000619,海螺新材,6.69,0.45,0.03,0.3,3.49,1.7,3.6,83943799.99999999,360000000.0,2408000000.0,亏损
sz300521,爱司凯,13.39,0.45,0.06,0.0,2.17,0.43,1.8,41643000.0,144000000.0,1928000000.0,亏损
sh603729,龙韵股份,15.67,0.45,0.07,0.13,3.93,2.56,3.14,57800800.0,93338000.0,1463000000.0,195.54
sh688057,金达莱,15.65,0.45,0.07,0.26,0.79,0.84,2.5,17221600.0,140000000.0,2191000000.0,21.69
836871,派特尔,4.48,0.45,0.02,0.0,0.33,1.02,1.34,322100.0,21670600.0,97084500.0,15.93
sh603963,大理药业,11.21,0.45,0.05,0.0,1.17,0.48,2.15,28589800.0,220000000.00000003,2463000000.0,亏损
sz300029,ST天龙,6.73,0.45,0.03,-0.3,0.57,1.2,2.69,7574600.0,200000000.0,1348000000.0,亏损
sz301331,恩威医药,40.45,0.45,0.18,0.05,4.38,0.61,1.37,31037000.0,17540000.0,709000000.0,25.63
sz300503,昊志机电,15.76,0.45,0.07,0.0,11.92,0.73,6.63,413999999.99999994,218000000.00000003,3429999999.9999995,亏损
sz000650,仁和药业,6.75,0.45,0.03,0.15,2.16,0.52,1.64,195000000.0,1342000000.0,9061000000.0,12.96
sh600966,博汇纸业,6.75,0.45,0.03,0.0,0.47,0.78,1.49,42398000.0,1337000000.0,9024000000.0,亏损
sh600982,宁波能源,4.51,0.45,0.02,0.0,1.25,0.99,2.45,61936700.0,1107000000.0,4993000000.0,125.99
sz000815,美利云,11.3,0.44,0.05,0.0,1.73,0.69,2.49,135000000.0,695000000.0,7856000000.0,亏损
sh603010,万盛股份,11.32,0.44,0.05,-0.09,0.27,0.7,1.33,15018800.000000002,484999999.99999994,5493000000.0,28.95
sh603601,再升科技,4.55,0.44,0.02,0.0,1.15,1.44,2.43,53161700.0,1022000000.0000001,4648000000.0,34.92
sh603530,神马电力,15.92,0.44,0.07,0.0,0.5,0.88,2.59,34576200.0,432000000.0,6881999999.999999,115.98
sh600642,申能股份,6.83,0.44,0.03,0.0,0.4,0.74,2.65,133000000.0,4865000000.0,33227999999.999996,11.42
sz300211,亿通科技,9.12,0.44,0.04,0.11,0.73,1.15,2.64,19615900.0,298000000.0,2717000000.0,亏损
sh603759,海天股份,9.12,0.44,0.04,0.0,1.0,0.53,1.54,17762700.0,195000000.0,1780999999.9999998,32.54
sh600715,文投控股,2.28,0.44,0.01,0.44,1.39,0.56,2.2,58344399.99999999,1855000000.0,4229000000.0,亏损
sz300237,美晨生态,2.28,0.44,0.01,0.0,10.73,1.5,7.93,351000000.0,1438000000.0,3279999999.9999995,亏损
sz002139,拓邦股份,11.39,0.44,0.05,0.0,1.34,0.94,2.03,160000000.0,1051000000.0,11971000000.0,37.52
sh603739,蔚蓝生物,13.66,0.44,0.06,-0.07,0.23,0.8,1.4,7775599.999999999,252999999.99999997,3451000000.0,81.68
sh603018,华设集团,9.12,0.44,0.04,0.0,1.53,0.59,2.31,93145700.0,669000000.0,6098000000.0,16.40
sz002955,鸿合科技,20.48,0.44,0.09,-0.05,0.77,0.92,2.31,29436400.0,186000000.0,3815000000.0,52.37
sz300595,欧普康视,34.35,0.44,0.15,0.0,1.74,1.22,1.84,397000000.0,668000000.0,22954000000.0,44.36
sz300331,苏大维格,22.94,0.44,0.1,0.04,2.6,1.72,3.5,119000000.0,200999999.99999997,4610000000.0,1403.46
sh603311,金海高科,11.46,0.44,0.05,0.0,0.56,0.56,1.4,15200200.0,236000000.0,2703000000.0,33.61
sz000960,锡业股份,16.05,0.44,0.07,0.06,1.16,1.22,3.69,304000000.0,1646000000.0,26414999999.999996,24.71
sz000632,三木集团,4.59,0.44,0.02,0.44,2.96,0.99,1.31,63201600.0,465000000.00000006,2137000000.0,79.17
sz000793,华闻集团,2.3,0.44,0.01,0.44,2.71,0.6,2.62,121000000.0,1961000000.0,4510000000.0,亏损
sz301395,仁信新材,23.01,0.44,0.1,0.04,3.96,0.79,1.18,31191000.0,34362100.0,791000000.0,54.01
832145,恒合股份,4.62,0.43,0.02,0.0,0.07,0.5,0.87,154800.0,44827299.99999999,206999999.99999997,亏损
833819,颖泰生物,4.62,0.43,0.02,0.0,0.05,1.29,0.87,3025500.0,1208000000.0,5581000000.0,20.07
sz002548,金新农,6.95,0.43,0.03,0.14,1.76,0.62,1.73,81212900.0,667000000.0,4636000000.0,亏损
sh688028,沃尔德,20.85,0.43,0.09,-0.05,0.44,0.87,1.64,11945800.0,132000000.0,2758000000.0,78.07
sz002350,北京科锐,6.96,0.43,0.03,0.14,0.78,0.84,1.73,28700400.0,529000000.0,3683000000.0,亏损
sh600873,梅花生物,9.29,0.43,0.04,0.0,0.32,0.78,1.51,85758700.00000001,2943000000.0,27344000000.0,8.54
sz001896,豫能控股,4.66,0.43,0.02,0.22,0.83,1.18,2.15,50409000.0,1321000000.0,6155000000.0,亏损
sh688620,安凯微,13.97,0.43,0.06,1.01,7.27,0.67,2.52,84853600.0,84274400.0,1177000000.0,353.91
sz002131,利欧股份,2.33,0.43,0.01,0.0,2.76,1.34,3.45,370000000.0,5835000000.0,13594999999.999998,6.59
sh601965,中国汽研,23.35,0.43,0.1,0.0,0.51,0.88,3.87,117000000.0,982000000.0,22940000000.0,41.21
sz002215,诺 普 信,7.01,0.43,0.03,-0.14,0.91,0.64,1.86,50210500.0,793000000.0,5560000000.0,7.99
sz002538,司尔特,7.01,0.43,0.03,0.0,0.67,0.7,1.43,38976400.0,834000000.0,5846000000.0,16.34
sh600917,重庆燃气,7.01,0.43,0.03,-0.14,0.18,0.93,1.43,19519600.0,1561000000.0,10943000000.0,33.01
sz300382,斯莱克,11.71,0.43,0.05,0.0,0.7,0.69,2.4,51526500.0,628000000.0,7356999999.999999,48.86
sh688010,福光股份,21.06,0.43,0.09,0.0,0.47,0.88,1.62,15761700.0,161000000.0,3381000000.0,亏损
sh603912,佳力图,9.36,0.43,0.04,0.0,0.92,0.84,2.15,36473200.0,425000000.0,3979999999.9999995,295.47
sz002467,二六三,4.69,0.43,0.02,-0.21,1.08,0.91,1.93,68392300.0,1360000000.0,6376000000.0,82.09
sh688295,中复神鹰,35.2,0.43,0.15,0.09,0.74,0.61,3.51,32303000.0,126000000.0,4426000000.0,60.42
836263,中航泰达,4.72,0.43,0.02,0.0,0.26,1.73,1.92,1258600.0,102000000.0,480999999.99999994,7.10
sh603580,艾艾精工,14.14,0.43,0.06,0.43,1.01,1.16,2.56,18681700.0,131000000.0,1848000000.0,969.68
sz001696,宗申动力,7.09,0.42,0.03,0.0,0.93,0.88,2.55,57314500.0,875000000.0,6206000000.0,18.23
sz002613,北玻股份,4.75,0.42,0.02,0.21,2.08,0.9,1.9,57291300.0,580000000.0,2757000000.0,37.83
sh688398,赛特新材,35.64,0.42,0.15,-0.06,0.59,0.76,2.37,15194800.0,72032400.0,2567000000.0,90.89
sh603815,交建股份,7.12,0.42,0.03,0.0,0.84,0.82,1.69,36875300.0,619000000.0,4407000000.0,30.61
sz002016,世荣兆业,7.14,0.42,0.03,0.14,0.65,0.81,1.83,37254700.0,809000000.0,5777000000.0,23.72
sh688248,南网科技,33.3,0.42,0.14,0.0,3.02,0.74,2.59,81053900.0,81312000.0,2708000000.0,154.81
sz301234,五洲医疗,30.93,0.42,0.13,-0.03,3.5,0.83,2.4,19889000.0,18428000.0,570000000.0,40.55
sz002942,新农股份,19.14,0.42,0.08,0.21,0.28,1.31,2.52,7425900.0,137000000.0,2628000000.0,69.17
sh603967,中创物流,9.57,0.42,0.04,0.0,0.47,1.09,1.47,15632500.0,347000000.0,3318000000.0,15.53
sz002502,ST鼎龙,2.4,0.42,0.01,0.0,2.09,0.5,2.51,41553500.0,833000000.0,1998999999.9999998,亏损
sz002916,深南电路,76.83,0.42,0.32,0.04,0.47,0.86,2.47,184000000.0,509999999.99999994,39152000000.0,47.72
sz002399,海普瑞,12.01,0.42,0.05,0.08,0.17,1.03,1.59,26015300.000000004,1247000000.0,14979000000.0,66.21
sz002130,沃尔核材,7.21,0.42,0.03,0.0,1.4,1.03,2.37,125000000.0,1248000000.0,8998000000.0,21.84
sz002391,长青股份,7.21,0.42,0.03,0.0,0.69,0.94,1.39,23231000.0,463999999.99999994,3349000000.0,12.95
sh600644,乐山电力,7.2,0.42,0.03,0.14,0.75,1.28,1.81,28941300.0,538000000.0,3876000000.0,亏损
sh603679,华体科技,14.45,0.42,0.06,0.07,1.72,0.98,2.57,40453200.0,163000000.0,2358000000.0,55.93
sh603110,东方材料,26.49,0.42,0.11,0.15,1.11,0.63,2.77,58841899.99999999,200999999.99999997,5330000000.0,297.85
sz000593,德龙汇能,7.24,0.42,0.03,0.14,1.0,0.83,1.11,25816000.0,358000000.0,2595000000.0,172.32
sh600217,中再资环,4.84,0.41,0.02,0.21,0.46,0.89,1.87,31056100.0,1389000000.0,6720999999.999999,亏损
sh603071,物产环能,16.93,0.41,0.07,0.0,0.77,1.13,1.48,31007300.0,238000000.0,4024000000.0,7.66
sz300271,华宇软件,9.68,0.41,0.04,-0.1,0.96,0.78,2.49,74467200.0,802000000.0,7762000000.0,亏损
sz301130,西点药业,29.01,0.41,0.12,0.03,1.25,0.84,1.87,22019400.0,61176899.99999999,1775000000.0,61.20
sz300138,晨光生物,16.97,0.41,0.07,-0.06,0.39,1.06,1.54,28343700.0,426999999.99999994,7248000000.0,16.74
sh603065,宿迁联盛,14.55,0.41,0.06,-0.07,2.13,0.84,1.45,12984200.0,41900000.0,610000000.0,33.95
sz300940,南极光,17.04,0.41,0.07,-0.18,1.5,0.77,2.0,19377100.0,75775400.0,1291000000.0,亏损
sh600967,内蒙一机,9.74,0.41,0.04,0.21,0.64,1.14,1.65,105000000.0,1695000000.0,16512000000.0,19.41
sh600491,龙元建设,4.88,0.41,0.02,0.0,1.08,0.76,1.65,80184000.0,1530000000.0,7465000000.000001,22.60
sz000920,沃顿科技,9.77,0.41,0.04,0.0,0.88,0.95,1.75,36191600.0,422000000.0,4122999999.9999995,40.51
sh603187,海容冷链,19.58,0.41,0.08,0.0,0.93,1.39,2.36,69301000.0,384000000.0,7527000000.0,16.23
sz002057,中钢天源,9.8,0.41,0.04,0.0,0.62,1.11,2.56,44771300.0,746000000.0,7313000000.0,33.12
sh603779,威龙股份,9.79,0.41,0.04,-0.1,2.97,0.58,2.05,96632099.99999999,333000000.0,3258000000.0,亏损
sz300120,经纬辉开,7.35,0.41,0.03,-0.14,2.35,0.41,2.19,69472900.0,404000000.0,2969000000.0,52.44
sh603666,亿嘉和,36.87,0.41,0.15,-0.03,0.78,0.93,2.4,58674200.0,206000000.0,7598000000.0,167.41
sz002891,中宠股份,24.66,0.41,0.1,-0.08,0.83,0.8,1.71,60122299.99999999,294000000.0,7253000000.0,115.78
sz301103,何氏眼科,39.51,0.41,0.16,0.03,2.05,0.97,2.31,66807600.0,83090100.0,3283000000.0,27.47
sh605218,伟时电子,14.88,0.41,0.06,0.07,1.24,0.57,1.55,16260700.0,88257099.99999999,1313000000.0,72.19
831370,新安洁,2.48,0.41,0.01,0.0,0.07,0.64,1.22,453700.0,267000000.0,663000000.0,123.71
sh600726,华电能源,2.49,0.4,0.01,-0.4,1.28,0.89,1.61,61332500.0,1928000000.0,4800000000.0,30.34
sz001331,胜通能源,17.44,0.4,0.07,-0.12,1.43,0.86,1.5,10426199.999999998,42000000.0,732000000.0,193.10
sz300193,佳士科技,7.49,0.4,0.03,-0.4,0.74,1.11,2.01,23826700.0,432000000.0,3236999999.9999995,33.66
sh600408,安泰集团,2.5,0.4,0.01,0.0,1.14,1.03,2.41,28614500.0,1007000000.0,2517000000.0,亏损
sz300720,海川智能,12.51,0.4,0.05,0.08,0.46,1.1,3.05,9864600.0,172000000.0,2156000000.0,117.05
sz000055,方大集团,5.02,0.4,0.02,-0.2,2.02,1.08,1.8,68420600.0,676000000.0,3393000000.0,19.03
sz301077,星华新材,22.66,0.4,0.09,0.0,2.31,1.76,2.92,22488900.0,42870000.0,971000000.0000001,43.23
sz300068,南都电源,17.61,0.4,0.07,-0.06,1.69,1.08,1.94,246000000.0,835000000.0,14709000000.0,37.65
sh688309,恒誉环保,22.72,0.4,0.09,0.04,0.59,0.54,2.52,10479800.0,78128300.0,1775000000.0,38.37
832278,鹿得医疗,5.05,0.4,0.02,0.0,0.15,3.07,1.19,565600.0,72988400.0,369000000.0,18.06
sz002369,卓翼科技,5.04,0.4,0.02,-0.2,1.03,0.85,1.99,29347700.0,566000000.0,2852000000.0,亏损
sz002157,*ST 正邦,2.52,0.4,0.01,0.0,2.81,0.81,5.98,183000000.0,2670000000.0,6728000000.0,亏损
sz300614,百川畅银,25.25,0.4,0.1,0.08,1.71,0.58,1.23,38353300.0,89004100.0,2247000000.0,89.78
sz000607,华媒控股,5.06,0.4,0.02,0.2,1.13,0.73,1.79,50412200.0,885000000.0,4478000000.0,353.46
sz000948,南天信息,17.72,0.4,0.07,0.0,2.39,0.81,2.83,160000000.0,381000000.0,6753000000.0,亏损
sh605020,永和股份,30.35,0.4,0.12,0.0,2.82,0.76,3.11,148000000.0,174000000.0,5284000000.0,98.45
sh688151,华强科技,20.32,0.4,0.08,0.0,0.47,0.94,1.38,9380700.0,99567000.0,2023000000.0,102.20
sh603585,苏利股份,15.27,0.4,0.06,-0.13,0.36,1.24,1.51,9938000.0,180000000.0,2749000000.0,31.04
sh603025,大豪科技,12.71,0.4,0.05,0.0,0.33,1.23,1.58,45661500.0,1108000000.0,14079000000.0,48.38
837212,智新电子,5.08,0.4,0.02,0.0,0.19,1.15,0.79,505500.0,52176500.0,265000000.0,72.69
sh605365,立达信,15.3,0.39,0.06,0.0,1.2,0.54,1.25,10518300.0,57267500.0,876000000.0,56.04
sz000852,石化机械,7.67,0.39,0.03,0.0,1.07,0.86,2.75,73505300.0,902999999.9999999,6929000000.000001,71.18
sz301079,邵阳液压,17.89,0.39,0.07,-0.06,2.35,0.59,2.02,24356300.0,58367500.0,1044000000.0,57.65
sh600722,金牛化工,5.11,0.39,0.02,0.0,0.63,0.91,1.38,21882100.0,680000000.0,3476000000.0,86.64
sz300981,中红医疗,15.37,0.39,0.06,0.0,1.13,0.8,1.57,21256800.0,123000000.0,1888000000.0,亏损
sz000967,盈峰环境,5.12,0.39,0.02,0.0,0.25,1.1,1.37,40388400.0,3178000000.0,16272000000.0,26.03
sz000897,津滨发展,2.57,0.39,0.01,0.39,7.11,0.72,5.47,295000000.0,1617000000.0000002,4156000000.0,亏损
sz000422,湖北宜化,12.87,0.39,0.05,-0.08,2.1,1.01,2.18,241000000.0,898000000.0,11555000000.0,15.46
838971,天马新材,7.73,0.39,0.03,0.0,0.43,3.85,1.3,1082300.0,32071100.0,248000000.0,42.90
sz000738,航发控制,23.17,0.39,0.09,0.0,0.61,1.45,1.52,184000000.0,1315000000.0,30473000000.0,31.28
sz300484,蓝海华腾,12.89,0.39,0.05,0.0,1.98,1.24,3.58,40394300.0,160000000.0,2064999999.9999998,62.23
sz002800,ST天顺,15.5,0.39,0.06,0.0,0.68,1.22,1.04,10694800.0,101000000.0,1568000000.0,700.75
sz301439,泓淋电力,18.1,0.39,0.07,0.0,3.81,0.98,2.05,63556300.0,92266800.0,1670000000.0,42.84
sh603068,博通集成,28.47,0.39,0.11,-0.04,1.07,1.19,2.26,45350200.00000001,150000000.0,4283000000.0,亏损
sh600526,菲达环保,5.18,0.39,0.02,0.0,0.9,1.02,1.55,32815500.0,712000000.0,3686000000.0,36.59
sh600540,新赛股份,5.19,0.39,0.02,-0.19,1.36,0.61,1.35,40958300.0,581000000.0,3017000000.0,258.62
sz300690,双一科技,15.56,0.39,0.06,0.0,1.08,1.25,2.58,18290500.0,109000000.00000001,1703000000.0,93.32
sz002416,爱施德,7.79,0.39,0.03,0.13,0.5,1.01,1.42,47183200.0,1224000000.0,9533000000.0,13.81
sz301015,百洋医药,25.98,0.39,0.1,-0.04,0.87,0.63,1.93,26820400.0,118000000.0,3075000000.0,27.86
sh603126,中材节能,7.81,0.39,0.03,0.0,1.05,1.21,2.31,49792400.0,611000000.0,4768000000.0,34.33
sh688217,睿昂基因,39.11,0.39,0.15,0.23,1.06,1.03,2.59,15368699.999999998,37504500.0,1467000000.0,423.06
sh688021,奥福环保,26.11,0.39,0.1,-0.08,0.53,0.93,2.54,10609800.0,77283600.0,2018000000.0,55.81
sz002091,江苏国泰,7.83,0.39,0.03,0.13,0.58,1.84,1.54,72716100.0,1597000000.0,12507000000.0,10.21
sz300115,长盈精密,10.47,0.38,0.04,0.19,0.92,0.74,1.92,114999999.99999999,1196000000.0,12526000000.0,亏损
sz002396,星网锐捷,20.94,0.38,0.08,0.05,1.63,0.83,1.87,197000000.0,583000000.0,12214000000.0,38.38
sh603429,集友股份,10.48,0.38,0.04,0.0,0.61,0.53,2.11,33393300.0,524000000.0,5497000000.0,39.86
sz001225,和泰机电,44.69,0.38,0.17,0.0,1.54,0.96,1.17,11108800.000000002,16166800.0,722000000.0,23.04
sh605259,绿田机械,26.3,0.38,0.1,0.04,0.76,0.68,1.64,10719800.0,53697600.0,1412000000.0,15.78
sz000978,桂林旅游,7.89,0.38,0.03,0.25,1.95,1.02,1.78,54964900.0,360000000.0,2841000000.0,亏损
sh603031,安孚科技,47.27,0.38,0.18,0.0,0.24,0.68,1.8,12715700.0,112000000.00000001,5294000000.0,29.52
sh688184,帕瓦股份,26.25,0.38,0.1,-0.04,0.68,0.83,1.8,6063400.0,34129300.0,896000000.0000001,164.45
sh603693,江苏新能,13.19,0.38,0.05,0.08,0.35,1.23,2.28,36467700.0,802999999.9999999,10597000000.0,16.66
sh600207,安彩高科,5.31,0.38,0.02,0.19,1.4,1.21,1.51,77781300.0,1051000000.0,5578000000.0,143.00
sh603359,东珠生态,10.61,0.38,0.04,0.0,0.97,0.95,1.42,45822000.0,446000000.0,4733000000.0,193.51
sz002183,怡 亚 通,5.34,0.38,0.02,0.0,0.79,0.92,1.69,110000000.00000001,2596000000.0,13863999999.999998,115.26
sz002950,奥美医疗,10.69,0.38,0.04,0.09,0.61,0.69,1.41,23637100.0,361000000.0,3863000000.0000005,13.23
sz300846,首都在线,13.36,0.38,0.05,0.08,4.72,0.87,3.53,206000000.0,326000000.0,4358000000.0,亏损
sz300513,恒实科技,13.4,0.38,0.05,0.0,1.89,0.68,2.77,67726700.0,270000000.0,3621000000.0,50.34
sz000628,高新发展,16.11,0.37,0.06,0.06,1.74,0.67,2.68,53847299.99999999,192000000.0,3094000000.0,45.11
sz002648,卫星化学,16.16,0.37,0.06,0.06,0.4,0.67,1.8,215000000.0,3365000000.0,54382000000.00001,14.77
sz000966,长源电力,5.38,0.37,0.02,0.0,1.49,1.26,2.42,104000000.0,1308000000.0,7037000000.0,16.70
839680,广道数字,13.5,0.37,0.05,0.0,0.34,1.28,2.9,1899300.0,40930100.0,553000000.0,亏损
sh688399,硕世生物,53.93,0.37,0.2,0.02,0.7,0.71,2.1,19712700.0,52851899.99999999,2850000000.0,亏损
sz300519,新光药业,16.29,0.37,0.06,0.31,1.26,0.86,1.23,23437199.999999996,113999999.99999999,1859000000.0,21.40
sh600449,宁夏建材,16.31,0.37,0.06,-0.12,1.71,0.45,1.6,134000000.00000001,478000000.0,7798999999.999999,301.70
sh600486,扬农化工,70.67,0.37,0.26,0.0,0.41,0.76,2.12,118000000.0,403000000.0,28470999999.999996,9.52
sz301290,东星医疗,32.68,0.37,0.12,-0.09,2.21,0.5,1.57,17141800.0,23909300.0,781000000.0,45.49
sh600751,海航科技,2.72,0.37,0.01,0.37,0.77,0.86,2.21,53745000.0,2573000000.0,6998999999.999999,99.48
sh600420,国药现代,10.9,0.37,0.04,-0.09,0.77,1.43,2.21,99581800.0,1196000000.0,13037000000.0,21.19
sh600241,时代万恒,8.18,0.37,0.03,0.12,0.39,0.73,1.47,9375800.0,294000000.0,2407000000.0,48.04
sz000990,诚志股份,8.21,0.37,0.03,0.12,0.32,0.88,1.47,32117700.0,1215000000.0,9977000000.0,亏损
834770,艾能聚,5.47,0.37,0.02,0.0,0.33,0.77,0.55,1127600.0,61814300.0,338000000.0,16.00
sh600299,安迪苏,8.2,0.37,0.03,0.0,0.1,1.04,1.1,22444100.0,2682000000.0,21992000000.0,3695.46
sz002239,奥特佳,2.75,0.36,0.01,0.0,2.41,2.07,4.38,212000000.0,3243000000.0,8919000000.0,63.55
sh603890,春秋电子,8.24,0.36,0.03,0.0,0.79,0.86,1.83,28295500.0,438999999.99999994,3618000000.0,亏损
sh603881,数据港,22.08,0.36,0.08,0.0,1.47,1.34,3.23,148000000.0,459999999.99999994,10168000000.0,72.46
sh605033,美邦股份,19.29,0.36,0.07,0.16,1.37,0.81,1.35,8890500.0,33800000.0,652000000.0,9.59
sh601368,绿城水务,5.52,0.36,0.02,0.0,0.5,0.76,1.27,24374200.0,883000000.0,4874000000.0,39.76
sh688385,复旦微电,55.24,0.36,0.2,-0.02,0.87,0.89,3.07,148000000.0,310000000.0,17112000000.0,59.91
sh601882,海天精工,30.53,0.36,0.11,0.07,0.3,0.51,2.2,48209399.99999999,522000000.0,15937000000.0,29.42
sh688206,概伦电子,25.0,0.36,0.09,0.0,0.97,1.04,2.01,35187900.0,145000000.0,3636999999.9999995,亏损
sh603878,武进不锈,8.37,0.36,0.03,-0.12,1.08,1.19,1.8,51054100.0,561000000.0,4696000000.0,16.16
sh688768,容知日新,58.51,0.36,0.21,0.26,1.6,0.59,4.25,46431300.0,49616300.0,2903000000.0,亏损
sh603318,水发燃气,8.37,0.36,0.03,0.12,3.15,2.82,4.2,101000000.0,389000000.0,3254999999.9999995,57.12
sz000731,四川美丰,8.41,0.36,0.03,0.0,1.46,0.78,1.07,72007700.0,586000000.0,4926000000.0,7.37
834261,一诺威,8.42,0.36,0.03,0.0,0.47,2.03,0.95,3778300.0,120000000.0,1009000000.0,15.33
sh688370,丛麟科技,28.09,0.36,0.1,0.07,3.0,0.92,1.47,26921900.0,32200500.0,905000000.0000001,26.86
sh600076,康欣新材,2.81,0.36,0.01,0.36,0.48,0.93,1.43,13972300.0,1034000000.0,2906000000.0,亏损
sh688198,佰仁医疗,121.28,0.36,0.43,0.2,0.17,1.25,5.4,27596200.0,137000000.0,16563999999.999998,353.99
sz301082,久盛电气,16.9,0.36,0.06,0.0,2.09,0.54,2.2,23162600.000000004,66062700.00000001,1116000000.0,121.92
sz300344,立方数科,5.64,0.36,0.02,0.18,1.88,0.79,3.56,66960300.0,639000000.0,3604999999.9999995,亏损
sh603021,山东华鹏,5.64,0.36,0.02,0.18,2.07,1.47,2.85,37043700.0,320000000.0,1805000000.0,亏损
sh688322,奥比中光-UW,33.85,0.36,0.12,0.21,1.44,0.81,2.1,87388000.0,181000000.0,6110000000.0,亏损
sh600062,华润双鹤,16.94,0.36,0.06,0.06,1.09,1.58,2.49,188000000.0,1024000000.0,17354000000.0,11.86
sz002931,锋龙股份,11.32,0.35,0.04,0.09,1.16,0.97,2.39,23507500.0,181000000.0,2045000000.0,664.73
834950,迅安科技,11.3,0.35,0.04,0.0,0.65,2.23,1.86,882400.0,12000000.0,136000000.0,12.95
sz000598,兴蓉环境,5.65,0.35,0.02,0.0,0.28,0.98,1.24,46179000.0,2969000000.0,16772000000.0,11.13
sz002471,中超控股,2.83,0.35,0.01,0.0,1.39,1.17,2.48,49305400.0,1266000000.0,3583000000.0,亏损
sz300407,凯发电气,8.51,0.35,0.03,0.12,1.64,0.67,2.48,29530700.0,213000000.0,1811000000.0,54.32
sz300916,朗特智能,31.3,0.35,0.11,0.1,11.02,1.47,6.57,141000000.0,41938300.0,1313000000.0,624.12
870866,绿亨科技,5.68,0.35,0.02,0.0,0.15,0.71,0.88,474000.0,54967500.0,312000000.0,41.64
sh605050,福然德,11.37,0.35,0.04,-0.18,1.22,0.73,2.12,29008000.0,209000000.0,2380000000.0,16.42
sz002468,申通快递,11.41,0.35,0.04,0.0,0.36,0.85,1.67,60644900.0,1492000000.0,17024000000.0,32.86
sh688403,汇成股份,11.39,0.35,0.04,-0.09,3.15,0.6,2.12,43659200.0,122000000.0,1392000000.0,90.38
sh603121,华培动力,8.56,0.35,0.03,0.0,1.61,1.0,3.99,46405400.0,339000000.0,2898000000.0,16.95
sz002337,赛象科技,5.71,0.35,0.02,-0.18,1.61,0.81,1.93,53774900.0,588000000.0,3357000000.0,29.12
sz000836,富通信息,2.86,0.35,0.01,0.0,1.79,1.12,2.46,61741800.0,1208000000.0,3456000000.0,亏损
sh603606,东方电缆,45.81,0.35,0.16,0.0,0.59,1.0,1.99,186000000.0,688000000.0,31504000000.000004,30.79
sz002738,中矿资源,45.86,0.35,0.16,0.07,1.43,0.53,2.3,398000000.0,606000000.0,27813000000.0,7.46
sz301156,美农生物,17.31,0.35,0.06,0.12,1.63,0.9,1.97,13210300.0,47034100.0,814000000.0,50.81
sh600512,腾达建设,2.89,0.35,0.01,0.0,1.93,0.69,2.08,87940600.0,1582000000.0,4573000000.0,8.80
sh600557,康缘药业,20.31,0.35,0.07,0.1,1.59,0.92,1.58,186000000.0,576000000.0,11707000000.0,21.53
sh600481,双良节能,11.64,0.34,0.04,0.0,1.19,1.17,3.1,256000000.0,1871000000.0,21774000000.0,10.85
sz300405,科隆股份,5.86,0.34,0.02,0.0,1.18,1.01,2.06,15078300.0,219000000.0,1282000000.0,亏损
sh601133,柏诚股份,14.62,0.34,0.05,0.0,4.07,1.0,2.54,74423600.0,126000000.0,1844000000.0000002,47.26
sh601369,陕鼓动力,8.81,0.34,0.03,-0.11,0.53,1.0,1.82,77479300.0,1663000000.0,14654000000.0,14.50
sz300145,中金环境,2.94,0.34,0.01,0.34,0.86,0.78,2.05,47779900.0,1894000000.0000002,5567000000.0,35.38
sh603221,爱丽家居,8.89,0.34,0.03,0.0,0.55,0.95,1.69,11658400.0,240000000.0,2134000000.0,亏损
sh600679,上海凤凰,8.88,0.34,0.03,0.34,0.93,0.76,2.03,24572900.0,299000000.0,2659000000.0,75.50
sz002990,盛视科技,32.61,0.34,0.11,-0.03,0.63,0.63,1.81,27406200.0,132000000.0,4320000000.0,29.92
sh600925,苏能股份,5.94,0.34,0.02,0.17,2.22,1.55,1.18,90433300.0,689000000.0,4092000000.0,11.89
sz000513,丽珠集团,38.59,0.34,0.13,0.05,0.58,1.02,1.43,135000000.0,606000000.0,23380000000.0,15.51
sh688271,联影医疗,145.54,0.34,0.49,-0.01,2.8,0.91,2.17,202999999.99999997,50000000.0,7277000000.0,90.96
sh600826,兰生股份,11.94,0.34,0.04,0.42,0.74,0.71,1.51,36657500.0,417000000.0,4985000000.0,亏损
sh688609,九联科技,8.99,0.34,0.03,0.11,2.42,0.93,2.79,70323500.0,326000000.0,2928000000.0,128.35
sz002514,宝馨科技,8.98,0.34,0.03,-0.11,2.37,0.72,2.23,117000000.0,554000000.0,4975000000.0,158.16
sz002221,东华能源,9.0,0.33,0.03,0.11,0.34,1.13,1.0,44909399.99999999,1459000000.0,13135000000.0,68.40
sz301175,中科环保,6.0,0.33,0.02,0.0,1.95,0.91,1.67,72269000.0,622000000.0,3731000000.0,36.48
sh600916,中国黄金,12.01,0.33,0.04,0.08,1.4,1.42,1.5,138000000.0,822000000.0000001,9874000000.0,16.82
sh603367,辰欣药业,15.09,0.33,0.05,0.0,0.45,0.79,1.6,30169100.0,450000000.0,6795000000.0,10.97
sz002743,富煌钢构,6.07,0.33,0.02,0.17,1.28,0.97,2.15,33766300.0,434000000.0,2637000000.0,34.70
sh600874,创业环保,6.07,0.33,0.02,-0.16,0.6,0.97,1.32,44942600.0,1230000000.0,7469000000.0,11.46
sz002921,联诚精密,15.18,0.33,0.05,0.2,2.81,0.63,3.04,46890100.0,111000000.00000001,1685000000.0000002,亏损
sh603977,国泰集团,9.1,0.33,0.03,0.11,0.7,0.4,1.54,39862400.0,621000000.0,5653000000.0,35.65
sz301378,通达海,57.82,0.33,0.19,0.02,2.32,0.66,2.15,23135800.0,17250000.0,997000000.0000001,179.76
sz300040,九洲集团,6.08,0.33,0.02,-0.16,0.93,0.93,1.81,25900000.0,462000000.0,2807000000.0,26.11
sh600292,远达环保,6.09,0.33,0.02,0.0,0.51,0.84,1.48,24181900.0,781000000.0,4755000000.0,39.77
832175,东方碳素,9.12,0.33,0.03,0.0,1.17,0.95,0.77,5915300.0,55703300.0,508000000.0,10.77
sz000713,丰乐种业,9.16,0.33,0.03,-0.11,1.6,0.48,1.21,89970000.0,614000000.0,5624000000.0,175.54
sz301006,迈拓股份,21.38,0.33,0.07,0.47,2.15,1.32,3.57,29167900.0,64070200.00000001,1370000000.0,18.05
837092,汉鑫科技,15.23,0.33,0.05,0.0,0.07,0.56,1.25,244000.0,24703700.0,376000000.0,74.98
sh600833,第一医药,12.22,0.33,0.04,-0.08,1.22,0.8,1.31,33026500.0,223000000.0,2726000000.0,23.02
sz300111,向日葵,3.06,0.33,0.01,-0.33,0.89,0.93,1.31,30422600.000000004,1120000000.0,3427000000.0000005,亏损
sz300160,秀强股份,6.13,0.33,0.02,0.0,1.22,1.06,2.29,53659799.99999999,724000000.0,4436000000.0,18.86
sh603639,海利尔,18.42,0.33,0.06,0.27,0.51,0.84,2.5,31518500.0,337000000.0,6206000000.0,10.30
sh603698,航天工程,15.42,0.33,0.05,0.13,0.62,1.42,2.28,50928800.0,536000000.00000006,8265000000.000001,62.28
sz002932,明德生物,24.77,0.32,0.08,0.0,1.12,0.91,1.86,42636800.0,154000000.0,3811999999.9999995,19.08
sz300813,泰林生物,27.9,0.32,0.09,0.0,1.04,0.78,2.01,16991300.0,58799300.0,1639999999.9999998,43.13
sz002103,广博股份,6.21,0.32,0.02,0.16,3.48,0.46,1.45,90880000.0,421000000.0,2617000000.0,23.40
sz300466,赛摩智能,6.21,0.32,0.02,0.0,1.34,0.88,1.62,34798700.0,420000000.0,2608000000.0,112.29
sh603155,新亚强,25.04,0.32,0.08,0.08,1.08,1.65,2.4,15134000.0,56390500.0,1412000000.0,25.72
sz000545,金浦钛业,3.13,0.32,0.01,0.0,1.33,1.04,2.24,40697700.0,985000000.0,3084000000.0,亏损
sz002079,苏州固锝,12.51,0.32,0.04,0.0,1.82,0.9,1.68,181000000.0,798000000.0,9987000000.0,110.42
sh688068,热景生物,40.63,0.32,0.13,0.12,0.81,1.21,1.88,30237300.0,92268799.99999999,3749000000.0,15.92
sz300793,佳禾智能,18.8,0.32,0.06,-0.21,3.61,1.46,6.78,220000000.00000003,330000000.0,6201000000.0,49.44
sh600938,中国海油,18.89,0.32,0.06,0.05,1.2,1.64,1.65,638000000.0,2842000000.0,53683000000.00001,7.00
sh603577,汇金通,9.47,0.32,0.03,0.21,0.36,0.96,1.91,9849200.0,288000000.0,2730000000.0,160.04
sh688787,海天瑞声,85.27,0.32,0.27,0.0,3.61,1.16,4.74,123000000.0,40502800.0,3454000000.0,亏损
sh605100,华丰股份,15.8,0.32,0.05,-0.06,1.71,0.96,1.91,20690500.0,76832000.0,1214000000.0,18.44
835670,数字人,9.51,0.32,0.03,0.0,0.64,1.23,2.0,4003100.0,66408400.0,632000000.0,亏损
sh688168,安博通,34.88,0.32,0.11,0.06,0.83,0.62,2.96,21930300.000000004,76292700.0,2661000000.0,亏损
830964,润农节水,3.19,0.32,0.01,0.0,0.14,1.31,1.26,755000.0,176000000.0,561000000.0,19.23
sh603660,苏州科达,6.37,0.32,0.02,0.0,1.48,0.79,1.73,46386400.0,494000000.00000006,3148000000.0,亏损
sz002060,粤 水 电,6.4,0.31,0.02,0.16,0.98,1.48,1.41,74601800.0,1202000000.0,7693000000.000001,29.26
sh603733,仙鹤股份,22.46,0.31,0.07,0.0,0.56,1.33,2.55,88730400.00000001,706000000.0,15856000000.0,32.46
sh600184,光电股份,12.83,0.31,0.04,0.0,0.61,1.26,2.03,39155400.0,509000000.0,6527000000.0,250.66
sz002986,宇新股份,19.23,0.31,0.06,0.0,0.32,0.91,1.93,14214700.0,233000000.0,4487000000.0,14.34
sh603335,迪生力,6.44,0.31,0.02,0.0,2.43,0.86,5.14,66461600.0,428000000.0,2757000000.0,亏损
sz000028,国药一致,35.33,0.31,0.11,0.09,0.56,0.82,1.14,93520600.0,478000000.0,16890000000.0,13.57
831278,泰德股份,3.22,0.31,0.01,0.0,3.23,0.84,3.43,6248500.0,60088100.00000001,193000000.0,65.59
sz300591,万里马,6.44,0.31,0.02,0.0,6.15,1.58,3.58,123000000.0,308000000.0,1984000000.0,亏损
sh603087,甘李药业,45.12,0.31,0.14,0.0,1.54,0.77,2.45,368000000.0,530999999.99999994,23962000000.0,129.62
sz301260,格力博,22.68,0.31,0.07,-0.04,2.15,0.8,2.26,55497000.0,113999999.99999999,2588000000.0,31.51
836433,大唐药业,3.25,0.31,0.01,0.0,0.15,1.18,0.62,812400.0,169000000.0,550000000.0,28.01
sh603329,上海雅仕,12.99,0.31,0.04,0.08,0.9,0.79,1.62,18539900.0,159000000.0,2062000000.0,亏损
sz300876,蒙泰高新,26.0,0.31,0.08,0.04,2.73,1.48,2.97,20086000.0,28245100.000000004,734000000.0,67.14
sh688520,神州细胞-U,58.6,0.31,0.18,-0.02,0.76,1.42,4.4,43803900.0,99359000.0,5822000000.0,亏损
sz002059,云南旅游,6.51,0.31,0.02,0.0,0.82,1.12,1.39,50284000.0,944000000.0,6145000000.0,亏损
835368,连城数控,48.8,0.31,0.15,0.0,0.15,3.13,2.47,8961300.0,121000000.0,5920000000.0,27.86
sh605166,聚合顺,9.78,0.31,0.03,0.0,0.41,0.65,1.74,12779900.0,316000000.0,3086000000.0,15.39
sz002544,普天科技,22.82,0.31,0.07,-0.09,0.58,0.87,2.42,88814100.0,668000000.0,15251000000.0,178.52
sz301448,开创电气,29.42,0.31,0.09,0.0,7.53,0.4,2.62,44174900.0,20000000.0,588000000.0,49.42
sz000816,智慧农业,3.28,0.31,0.01,0.0,0.88,0.68,2.14,41110800.0,1436000000.0,4709000000.0,243.55
872541,铁大科技,3.28,0.31,0.01,0.0,1.0,2.31,1.83,1741600.0,53520600.00000001,176000000.0,12.56
sh600846,同济科技,9.82,0.31,0.03,0.1,1.79,1.81,4.09,109000000.00000001,625000000.0,6135000000.0,18.67
sh601089,福元医药,16.39,0.31,0.05,0.0,1.06,1.02,1.28,35431300.0,204999999.99999997,3365999999.9999995,17.30
sh600273,嘉化能源,9.85,0.31,0.03,0.1,0.53,0.56,0.92,73688500.0,1402000000.0,13809000000.0,8.97
sh603701,德宏股份,13.18,0.3,0.04,0.0,1.84,0.54,3.5,63408600.0,261000000.0,3445000000.0000005,127.88
sz000521,长虹美菱,6.63,0.3,0.02,0.15,2.45,0.92,2.57,143000000.0,876000000.0,5807000000.0,13.93
sz300354,东华测试,39.87,0.3,0.12,0.05,0.45,0.54,1.46,14339600.0,79909400.0,3186000000.0,134.00
sh603979,金诚信,33.22,0.3,0.1,0.3,0.52,0.82,3.47,104000000.0,602000000.0,20003000000.0,27.04
sz300357,我武生物,39.82,0.3,0.12,0.0,1.9,1.53,8.04,357000000.0,470000000.0,18701000000.0,73.96
sh688137,近岸蛋白,53.28,0.3,0.16,-0.21,1.88,0.98,2.3,16881600.0,16978800.0,905000000.0000001,83.90
sz002816,*ST和科,9.99,0.3,0.03,0.1,0.33,0.81,1.41,3287799.9999999995,100000000.0,999000000.0,亏损
sz300118,东方日升,23.33,0.3,0.07,-0.04,1.62,0.89,2.45,262000000.0,693000000.0,16158000000.000002,21.39
sh600478,科力远,6.69,0.3,0.02,-0.15,0.88,1.35,3.3,96867900.00000001,1664000000.0,11131000000.0,94.85
sz002487,大金重工,30.14,0.3,0.09,0.03,2.21,1.15,3.03,413000000.0,630000000.0,18974000000.0,64.29
sh603299,苏盐井神,10.04,0.3,0.03,0.1,0.82,1.27,1.9,62621600.0,770000000.0,7731999999.999999,9.54
sh600158,中体产业,10.04,0.3,0.03,-0.1,2.43,0.79,2.5,175000000.0,722000000.0,7250000000.0,亏损
sz002231,奥维通信,6.7,0.3,0.02,0.0,2.52,1.01,2.69,49383300.0,295000000.0,1975000000.0,260.50
sh688333,铂力特,120.96,0.3,0.36,0.21,0.88,0.68,2.25,170000000.0,160000000.0,19339000000.0,亏损
sh603588,高能环境,10.05,0.3,0.03,0.1,0.52,1.33,1.6,78696400.0,1511000000.0,15182000000.0,18.58
sz300630,普利制药,20.13,0.3,0.06,-0.05,2.07,0.59,1.89,133000000.0,322000000.0,6483000000.0,15.86
sh688130,晶华微,43.62,0.3,0.13,0.07,1.15,0.69,1.33,7726100.0,15490500.0,676000000.0,244.93
sz001286,陕西能源,10.1,0.3,0.03,0.0,3.6,1.52,1.39,263000000.0,727000000.0,7348000000.0,11.06
832089,禾昌聚合,10.09,0.3,0.03,0.0,0.1,0.87,0.99,630100.0,63439100.0,640000000.0,9.63
sh603282,亚光股份,30.39,0.3,0.09,0.0,2.69,0.84,2.15,27232600.000000004,33500000.0,1018000000.0,25.99
836247,华密新材,6.75,0.3,0.02,0.0,0.79,0.77,1.04,988199.9999999999,18644500.0,126000000.0,14.94
sh688079,美迪凯,10.16,0.3,0.03,0.1,1.46,0.76,2.57,26249100.0,178000000.0,1810000000.0000002,亏损
sz301098,金埔园林,13.57,0.3,0.04,-0.07,14.23,0.56,4.73,208000000.0,108000000.0,1465000000.0,24.57
sh600021,上海电力,10.21,0.29,0.03,0.1,1.73,1.75,2.55,455999999.99999994,2617000000.0,26720999999.999996,21.46
sz002574,明牌珠宝,6.81,0.29,0.02,0.15,1.14,1.05,1.92,40919600.0,528000000.0,3596000000.0,19.64
sz300073,当升科技,47.94,0.29,0.14,-0.13,1.17,1.26,2.91,273000000.0,488000000.0,23417000000.0,14.10
sh688101,三达膜,13.84,0.29,0.04,0.29,0.31,0.91,2.03,14048900.000000002,334000000.0,4621000000.0,23.52
sz002779,中坚科技,24.26,0.29,0.07,0.0,0.55,1.02,1.7,15612900.0,118000000.0,2873000000.0,34.91
sz300123,亚光科技,6.97,0.29,0.02,0.14,1.57,0.82,3.17,107000000.0,988000000.0000001,6884000000.0,369.96
sh600159,大龙地产,3.48,0.29,0.01,0.0,14.9,0.71,6.34,434999999.99999994,830000000.0000001,2888000000.0,84.52
sh600025,华能水电,6.99,0.29,0.02,0.0,0.08,0.93,0.72,104000000.0,18000000000.0,125820000000.0,39.16
sz002721,*ST金一,3.49,0.29,0.01,0.0,0.48,0.65,3.16,16074100.0,960000000.0,3350000000.0,亏损
sz301031,中熔电气,126.01,0.29,0.36,-0.01,1.16,0.75,2.44,53226200.0,36308900.0,4575000000.0,64.17
sh603876,鼎胜新材,17.55,0.29,0.05,-0.06,0.59,0.82,2.06,89939100.0,878999999.9999999,15424000000.0,25.04
sz000830,鲁西化工,10.52,0.29,0.03,0.1,1.42,1.33,3.15,216000000.0,1464000000.0,15406000000.0,15.69
sz002796,世嘉科技,10.54,0.28,0.03,0.1,1.58,0.62,1.52,38449200.0,231999999.99999997,2444000000.0,亏损
sz300726,宏达电子,38.73,0.28,0.11,0.0,0.89,0.77,1.81,73173000.0,214000000.0,8272000000.0,27.52
sz300011,鼎汉技术,7.07,0.28,0.02,0.14,1.04,1.09,1.99,36481400.0,501000000.0,3540999999.9999995,648.94
sz300710,万隆光电,24.74,0.28,0.07,-0.04,0.94,0.96,1.54,15420800.0,66119100.0,1636000000.0,亏损
sz000014,沙河股份,14.23,0.28,0.04,0.0,18.26,0.87,5.99,624000000.0,242000000.0,3444000000.0,5.33
sh600082,海泰发展,3.58,0.28,0.01,0.0,2.83,0.73,2.8,64375700.0,634000000.0,2271000000.0,亏损
sz002044,美年健康,7.19,0.28,0.02,0.14,0.48,0.59,2.09,132000000.0,3872000000.0,27843000000.0,亏损
sh603209,兴通股份,21.64,0.28,0.06,0.09,0.43,0.64,2.97,15596900.0,166000000.0,3601000000.0,19.67
430556,雅达股份,3.61,0.28,0.01,0.0,1.09,1.97,1.67,2833500.0,72414500.0,261000000.0,18.34
sh688393,安必平,25.3,0.28,0.07,-0.32,2.0,0.85,2.5,30570500.0,60799300.0,1538000000.0,75.68
sh688298,东方生物,39.81,0.28,0.11,-0.13,0.48,0.71,1.81,38875700.0,202000000.0,8026000000.000001,亏损
sz002158,汉钟精机,25.33,0.28,0.07,-0.04,0.49,0.27,1.15,66402100.0,533000000.0,13509000000.0,18.53
sz001318,阳光乳业,14.48,0.28,0.04,0.21,8.21,0.6,3.74,84251100.0,70700000.0,1024000000.0,46.65
sz300381,溢多利,7.27,0.28,0.02,0.14,0.65,0.84,1.52,22331700.0,476999999.99999994,3465000000.0,亏损
sh688251,井松智能,29.06,0.28,0.08,0.0,1.1,1.29,2.86,11158500.0,34799100.0,1011000000.0,亏损
sh603700,宁水集团,14.56,0.28,0.04,0.14,0.88,0.95,1.93,26143500.0,202999999.99999997,2959000000.0,72.29
sh600578,京能电力,3.64,0.28,0.01,0.0,0.46,1.03,2.2,111000000.00000001,6695000000.0,24368000000.0,14.95
sh600792,云煤能源,3.65,0.28,0.01,0.28,0.6,1.04,2.2,21449800.0,990000000.0,3613000000.0000005,亏损
sz002122,汇洲智能,3.65,0.28,0.01,-0.27,0.95,0.71,2.2,68748000.0,1982000000.0,7234999999.999999,32.41
sz300235,方直科技,11.0,0.27,0.03,0.18,1.82,0.76,3.1,40556900.0,202999999.99999997,2234000000.0,59.38
839725,惠丰钻石,14.68,0.27,0.04,0.0,0.33,0.62,3.89,1260200.0,26404000.0,388000000.0,19.28
sh600897,厦门空港,14.73,0.27,0.04,-0.07,0.71,1.03,1.7,43591899.99999999,417000000.0,6141000000.0,20.77
sz002213,大为股份,14.81,0.27,0.04,0.0,3.2,0.62,3.66,96574200.0,206000000.0,3051000000.0,1073.83
sz300787,海能实业,18.52,0.27,0.05,-0.22,0.8,0.91,1.95,21429800.0,144000000.0,2675000000.0,162.19
sh600261,阳光照明,3.72,0.27,0.01,0.0,0.27,0.8,1.62,13812000.0,1375000000.0,5116000000.0,21.96
sz300796,贝斯美,11.16,0.27,0.03,0.09,0.81,0.77,1.53,32709400.0,361000000.0,4029999999.9999995,20.34
sz002314,南山控股,3.72,0.27,0.01,0.27,3.38,0.77,2.43,168000000.0,1338000000.0,4978000000.0,27.48
sz300413,芒果超媒,33.63,0.27,0.09,0.03,1.34,1.0,4.26,461000000.00000006,1022000000.0000001,34360000000.0,28.86
sz300294,博雅生物,33.66,0.27,0.09,0.03,0.65,1.17,1.4,93808799.99999999,426000000.0,14337000000.0,24.91
sh605318,法狮龙,14.97,0.27,0.04,-0.07,3.84,0.76,2.28,22567399.999999996,39171200.0,586000000.0,240.40
sh601330,绿色动力,7.5,0.27,0.02,0.13,0.46,1.24,1.2,33723800.0,989000000.0,7418000000.000001,15.32
sh688679,通源环境,15.01,0.27,0.04,0.07,1.25,1.0,2.54,11177400.0,59689700.0,896000000.0000001,亏损
sh605008,长鸿高科,15.0,0.27,0.04,0.07,0.4,0.91,1.67,12295000.0,202999999.99999997,3043000000.0,31.47
sz300030,阳普医疗,7.53,0.27,0.02,0.0,1.68,0.86,1.33,33728200.0,268000000.00000003,2021000000.0,42.69
sz300652,雷迪克,22.8,0.26,0.06,0.35,2.1,1.21,4.66,43829500.0,92090700.0,2100000000.0,34.85
sh600032,浙江新能,11.38,0.26,0.03,-0.09,1.94,1.29,2.12,45579100.0,208000000.0,2367000000.0,56.53
sh603160,汇顶科技,53.55,0.26,0.14,0.09,1.15,0.64,2.19,282000000.0,458000000.0,24526000000.0,亏损
834639,晨光电缆,3.84,0.26,0.01,0.0,0.41,1.6,1.57,1355500.0,87707800.0,337000000.0,7.58
sz002528,英飞拓,7.7,0.26,0.02,0.0,2.1,1.14,3.25,167000000.0,1046000000.0000001,8058000000.0,亏损
sh603757,大元泵业,27.0,0.26,0.07,0.3,0.94,0.93,1.63,41878200.0,166000000.0,4470000000.0,18.68
sz300843,胜蓝股份,19.28,0.26,0.05,0.0,0.6,0.63,2.5,16318200.0,142000000.0,2731000000.0,37.97
sz002093,国脉科技,7.72,0.26,0.02,0.13,0.98,1.1,2.08,75217500.0,1007000000.0,7770999999.999999,45.39
sh603328,依顿电子,7.74,0.26,0.02,-0.13,0.91,0.84,2.59,70118500.0,998000000.0,7728000000.0,25.23
sz301326,捷邦科技,34.98,0.26,0.09,0.0,2.22,0.3,1.69,13078599.999999998,16856800.0,590000000.0,亏损
sh600368,五洲交通,3.89,0.26,0.01,0.0,1.03,1.27,1.29,49689200.0,1238000000.0,4817000000.0,6.08
sz000019,深粮控股,7.78,0.26,0.02,0.13,1.75,0.58,1.29,56333900.0,416000000.0,3238000000.0000005,21.26
sh603178,圣龙股份,11.67,0.26,0.03,0.09,2.38,0.8,4.55,65577900.0,236000000.0,2759000000.0,118.14
sz300254,仟源医药,7.81,0.26,0.02,0.13,2.73,0.58,2.44,47433500.0,224000000.00000003,1750000000.0,亏损
sz300014,亿纬锂能,58.53,0.26,0.15,0.02,0.86,0.85,2.47,931000000.0,1848999999.9999998,108195000000.0,26.27
sz301178,天亿马,31.21,0.26,0.08,0.06,2.73,0.69,3.21,37098000.0,43598900.0,1361000000.0,亏损
sh603228,景旺电子,23.48,0.26,0.06,0.0,0.56,0.76,1.41,110000000.00000001,842000000.0,19767000000.0,23.37
sz300082,奥克股份,7.88,0.26,0.02,-0.13,0.37,0.49,2.16,19670300.0,678000000.0,5342000000.0,亏损
sh600794,保税科技,3.94,0.26,0.01,0.0,0.86,1.2,2.54,40808300.0,1212000000.0,4776000000.0,18.17
sz002297,博云新材,7.9,0.25,0.02,0.0,0.94,1.26,1.65,42088800.0,573000000.0,4528000000.0,154.75
sh605580,恒盛能源,11.86,0.25,0.03,0.0,5.3,0.99,1.86,44711000.0,71554000.0,849000000.0,29.96
872374,云里物里,7.92,0.25,0.02,0.0,0.35,0.85,1.9,827600.0,30294200.0,240000000.0,23.67
sz000722,湖南发展,11.94,0.25,0.03,0.0,1.62,0.49,1.51,89227000.0,463999999.99999994,5542000000.0,361.14
sz300923,研奥股份,23.91,0.25,0.06,-0.04,2.9,0.67,2.06,21880400.0,31697800.000000004,758000000.0,69.79
sh688200,华峰测控,159.36,0.25,0.4,0.04,0.51,0.68,2.3,109000000.00000001,135000000.0,21570000000.0,72.20
sz300130,新国都,23.92,0.25,0.06,0.0,3.69,0.62,3.52,334000000.0,378000000.0,9038000000.0,23.07
832171,志晟信息,3.98,0.25,0.01,0.0,0.11,1.23,1.76,286900.0,67163200.0,267000000.0,亏损
sz301277,新天地,19.88,0.25,0.05,0.05,4.93,0.49,1.76,49015300.0,50040000.0,994999999.9999999,21.28
sz300501,海顺新材,15.98,0.25,0.04,0.06,1.43,0.91,1.76,28396600.0,125000000.0,1996000000.0,28.97
831689,克莱特,8.01,0.25,0.02,0.0,0.27,2.41,1.0,754200.0,35611600.0,285000000.0,12.93
sz002066,瑞泰科技,12.07,0.25,0.03,0.08,0.99,0.84,1.74,27451100.0,231000000.0,2788000000.0,31.52
sz301210,金杨股份,44.38,0.25,0.11,-0.05,5.38,0.55,1.78,39040600.0,16436199.999999998,729000000.0,67.19
sh601952,苏垦农发,12.15,0.25,0.03,-0.08,0.3,0.66,1.16,50419399.99999999,1378000000.0,16743000000.0,29.88
832225,利通科技,12.13,0.25,0.03,0.0,1.35,0.85,2.65,9443500.0,57639399.99999999,699000000.0,12.31
sz301003,江苏博云,24.22,0.25,0.06,0.08,1.17,1.0,2.81,19549400.0,68749300.0,1664999999.9999998,22.49
sz002361,神剑股份,4.04,0.25,0.01,0.0,1.19,1.23,1.99,37969700.0,795000000.0,3214000000.0,147.33
sh601163,三角轮胎,16.25,0.25,0.04,0.0,0.71,0.88,2.71,92284500.0,800000000.0,13000000000.0,14.03
sh688338,赛科希德,36.48,0.25,0.09,0.75,1.07,0.72,2.5,24612199.999999996,63686600.0,2323000000.0,36.42
sz002100,天康生物,8.16,0.25,0.02,0.12,1.28,0.99,1.11,141000000.0,1355000000.0,11055000000.0,亏损
sz301117,佳缘科技,53.16,0.24,0.13,0.17,2.21,0.59,3.02,63961600.0,54334900.0,2888000000.0,146.51
sz002155,湖南黄金,12.3,0.24,0.03,0.0,3.78,0.89,3.91,552000000.0,1202000000.0,14784000000.0,34.73
sh603858,步长制药,20.57,0.24,0.05,0.0,0.48,1.06,1.46,109000000.00000001,1106000000.0,22751000000.0,12.49
sz301075,多瑞医药,24.96,0.24,0.06,0.16,2.32,0.79,1.85,15846000.0,27423700.0,684000000.0,亏损
sz300007,汉威科技,16.64,0.24,0.04,0.06,1.8,0.78,2.53,84209500.0,282000000.0,4693000000.0,96.39
sz003002,壶化股份,16.67,0.24,0.04,0.0,2.16,1.08,1.68,28133400.0,78294600.0,1305000000.0,77.75
sh688055,龙腾光电,4.17,0.24,0.01,0.48,0.19,1.42,2.4,14354200.0,1803000000.0,7520000000.0,亏损
sz002769,普路通,8.34,0.24,0.02,-0.12,0.57,1.03,1.56,15689300.0,332000000.0,2772000000.0,亏损
sz300795,米奥会展,37.59,0.24,0.09,0.32,1.0,0.67,2.03,32596900.0,86514500.0,3252000000.0000005,1329.17
sh603385,惠达卫浴,8.38,0.24,0.02,0.12,0.74,0.88,1.55,22885700.0,371000000.0,3112000000.0,1712.74
sz002746,仙坛股份,8.42,0.24,0.02,0.0,1.0,0.98,1.67,59430200.00000001,710000000.0,5975000000.0,19.68
873339,恒太照明,4.23,0.24,0.01,0.0,0.12,1.24,1.19,288400.0,59574200.0,252000000.0,26.29
sz000040,东旭蓝天,4.23,0.24,0.01,0.0,2.07,1.16,2.37,92255300.0,1060000000.0,4485000000.0,96.93
sz300566,激智科技,16.99,0.24,0.04,0.0,1.1,0.93,2.06,42520600.00000001,227999999.99999997,3878000000.0,39.74
sz001333,光华股份,25.49,0.24,0.06,0.0,1.56,1.02,1.42,12653800.000000002,32000000.0,816000000.0,33.28
sz300753,爱朋医疗,17.08,0.23,0.04,0.0,3.62,0.69,2.52,45799100.0,74480400.0,1272000000.0,442.77
sz002895,川恒股份,21.45,0.23,0.05,0.05,1.64,0.66,3.46,174000000.0,496000000.0,10641000000.0,16.99
sz301010,晶雪节能,21.47,0.23,0.05,0.14,5.73,1.36,3.55,62251899.99999999,50661700.0,1088000000.0,142.35
sz300601,康泰生物,30.16,0.23,0.07,-0.03,1.51,0.49,2.59,399000000.0,881000000.0,26582000000.0,40.99
sz301515,C港通,43.3,0.23,0.1,0.16,55.92,0.9,12.62,567000000.0,23708500.0,1027000000.0,177.51
sz300393,中来股份,12.98,0.23,0.03,0.0,1.1,1.06,0.93,136000000.0,953999999.9999999,12382000000.0,34.46
sh600310,广西能源,4.34,0.23,0.01,0.0,2.95,0.78,2.31,155000000.0,1215000000.0,5275000000.0,47.60
sh600853,龙建股份,4.34,0.23,0.01,0.23,1.86,0.75,2.31,80767500.0,1005000000.0000001,4361000000.0,218.71
sh688280,精进电动-UW,8.72,0.23,0.02,0.12,1.72,1.88,6.32,66569500.0,455000000.0,3970000000.0000005,亏损
sh603637,镇海股份,8.74,0.23,0.02,0.12,1.24,1.22,1.38,26320500.0,244000000.0,2130000000.0,27.03
sz301095,广立微,70.49,0.23,0.16,0.13,2.83,0.97,1.85,83415800.0,42062100.0,2965000000.0,874.14
sz000856,冀东装备,8.79,0.23,0.02,0.0,1.98,0.68,1.25,39458900.0,227000000.0,1995000000.0,亏损
839719,宁新新材,13.23,0.23,0.03,0.0,0.77,0.79,1.36,4646200.0,45703900.0,605000000.0,13.33
sz002562,兄弟科技,4.41,0.23,0.01,0.23,1.06,1.34,2.05,32595300.000000004,700000000.0,3088000000.0,109.33
sz300772,运达股份,13.25,0.23,0.03,0.0,0.92,1.23,2.42,82497600.0,688000000.0,9115000000.0,31.53
sz002536,飞龙股份,13.23,0.23,0.03,0.0,4.67,0.84,4.17,290000000.0,471000000.0,6233000000.0,24.42
sh600331,宏达股份,4.44,0.23,0.01,0.0,0.7,0.73,2.48,62642200.0,2032000000.0,9022000000.0,249.36
sz002700,ST浩源,4.43,0.23,0.01,0.0,0.2,0.67,1.58,2784700.0000000005,316000000.0,1399000000.0,26.20
sz001212,中旗新材,26.58,0.23,0.06,0.08,1.89,0.73,1.58,27551600.0,54816100.0,1457000000.0,43.53
sz002829,星网宇达,31.18,0.23,0.07,0.1,1.95,0.86,2.7,74755400.0,123000000.0,3840999999.9999995,76.16
sz001266,宏英智能,26.72,0.23,0.06,-0.04,5.81,0.73,2.63,45525700.0,29559600.0,790000000.0,117.75
sh600116,三峡水利,8.92,0.23,0.02,0.0,0.27,1.25,1.01,45724900.0,1912000000.0,17056000000.0,亏损
sz002843,泰嘉股份,17.9,0.22,0.04,0.0,1.02,0.79,1.62,38512300.0,212000000.0,3789000000.0,26.05
sh603980,吉华集团,4.5,0.22,0.01,0.0,0.37,0.82,1.34,11492300.0,700000000.0,3150000000.0,亏损
sh600218,全柴动力,8.98,0.22,0.02,-0.11,1.09,1.03,2.23,40265600.0,413000000.0,3706000000.0,30.54
831304,迪尔化工,4.54,0.22,0.01,0.0,0.79,1.17,1.54,2090500.0,58382900.0,265000000.0,9.43
sz301217,铜冠铜箔,13.61,0.22,0.03,0.07,1.88,0.92,1.99,58217700.00000001,229000000.0,3117000000.0,108.70
sh600749,西藏旅游,13.59,0.22,0.03,0.0,2.7,0.9,1.92,82805500.0,227000000.0,3084000000.0,亏损
831768,拾比佰,4.53,0.22,0.01,0.0,0.18,0.91,1.33,625100.0,76765300.0,348000000.0,亏损
sz002865,钧达股份,109.03,0.22,0.24,0.0,2.86,0.76,4.38,601000000.0,195000000.0,21217000000.0,17.50
sz301033,迈普医学,40.92,0.22,0.09,0.02,0.71,0.69,2.42,10726400.000000002,37036300.0,1516000000.0,86.46
sh601007,金陵饭店,9.12,0.22,0.02,0.0,2.22,0.76,1.32,78571500.0,390000000.0,3557000000.0,89.47
430425,乐创技术,13.79,0.22,0.03,0.0,0.61,0.61,2.04,1435000.0,17182100.0,237000000.0,22.25
sz002660,茂硕电源,9.21,0.22,0.02,-0.11,2.41,0.95,2.61,56856600.0,256999999.99999997,2368000000.0,44.32
sh603707,健友股份,13.79,0.22,0.03,0.07,0.37,0.39,2.18,81926400.0,1616000000.0,22280000000.0,16.77
sz002579,中京电子,9.25,0.22,0.02,0.0,1.39,0.67,1.62,74305000.0,582000000.0,5384000000.0,亏损
sz002732,燕塘乳业,23.31,0.21,0.05,0.0,1.16,0.65,1.76,41954700.0,156000000.0,3636000000.0,32.40
sh603903,中持股份,9.35,0.21,0.02,0.11,0.88,0.91,0.86,16715400.0,202000000.0,1892000000.0000002,203.29
sz300763,锦浪科技,93.91,0.21,0.2,0.02,2.22,1.0,2.71,623000000.0,302000000.0,28356000000.0,29.02
sh600328,中盐化工,9.44,0.21,0.02,-0.11,1.52,1.03,2.23,209000000.0,1455000000.0,13736000000.000002,6.85
833781,瑞奇智造,4.75,0.21,0.01,0.0,0.16,1.61,1.05,705100.0,91711200.00000001,436000000.00000006,90.20
sz300121,阳谷华泰,9.51,0.21,0.02,-0.21,1.34,0.6,2.53,49429900.0,390000000.0,3711000000.0,10.88
sh600885,宏发股份,33.72,0.21,0.07,0.18,0.59,1.16,2.65,206000000.0,1043000000.0,35159000000.0,24.90
sz000912,泸天化,4.81,0.21,0.01,0.0,1.04,0.98,1.67,77746100.0,1568000000.0,7542000000.0,10.88
sz300001,特锐德,19.4,0.21,0.04,0.0,0.94,0.98,2.43,187000000.0,1027999999.9999999,19942000000.0,252.07
sh605028,世茂能源,19.48,0.21,0.04,0.0,5.31,0.74,1.54,41198800.0,40000000.0,779000000.0,19.21
sz002181,粤 传 媒,4.86,0.21,0.01,0.21,0.83,0.87,2.27,45688200.0,1134000000.0,5513000000.0,亏损
sh600262,北方股份,19.44,0.21,0.04,0.1,0.86,0.55,2.27,28371900.0,170000000.0,3304999999.9999995,39.95
sz300351,永贵电器,14.58,0.21,0.03,0.07,2.0,0.83,2.89,74925900.0,258000000.0,3764000000.0,39.92
sh688006,杭可科技,29.26,0.21,0.06,0.07,0.36,0.62,2.29,63107400.0,604000000.0,17663000000.0,21.00
sh601789,宁波建工,4.9,0.2,0.01,0.0,2.76,0.51,2.04,147000000.0,1087000000.0,5325000000.0,13.69
sz300870,欧陆通,48.99,0.2,0.1,-0.02,2.29,0.69,2.39,43918300.0,39096700.0,1914999999.9999998,721.01
sh603396,金辰股份,58.7,0.2,0.12,0.03,1.52,0.79,2.15,103000000.0,115999999.99999999,6809000000.0,65.34
sz000584,ST工智,4.94,0.2,0.01,0.2,1.64,0.85,3.04,59609100.0,746000000.0,3685000000.0,894.62
sh688485,九州一轨,14.82,0.2,0.03,-0.14,3.85,1.44,1.28,19039800.0,33450300.000000004,496000000.0,亏损
sh603665,康隆达,24.76,0.2,0.05,0.04,0.29,0.74,2.19,11705200.0,161000000.0,3979000000.0,亏损
836957,汉维科技,4.99,0.2,0.01,0.0,0.1,0.95,1.0,139200.0,26825300.000000004,134000000.00000001,27.16
sz002365,永安药业,9.95,0.2,0.02,0.1,0.89,1.05,1.11,21428100.0,244000000.0,2430000000.0,48.92
sz301263,泰恩康,20.07,0.2,0.04,0.0,0.8,0.4,1.85,43113800.0,268000000.00000003,5387000000.0,41.07
sz002393,力生制药,25.13,0.2,0.05,0.0,0.49,0.87,1.28,22366800.0,182000000.0,4585000000.0,24.86
sz300243,瑞丰高材,10.11,0.2,0.02,0.0,3.49,1.53,3.17,65541500.0,189000000.0,1909000000.0,33.65
sz002425,凯撒文化,5.1,0.2,0.01,0.0,1.66,1.08,2.16,80572600.0,956000000.0,4876000000.0,亏损
sh603348,文灿股份,56.3,0.2,0.11,-0.09,2.57,0.68,5.05,373000000.0,261000000.0,14706000000.0,1460.93
sz301004,嘉益股份,35.85,0.2,0.07,0.0,2.73,0.49,1.96,24549200.0,25000000.0,896000000.0000001,17.54
sz002917,金奥博,10.24,0.2,0.02,0.1,1.16,0.71,1.66,31019800.0,262000000.0,2682000000.0,169.64
sh600230,XD沧州大,15.39,0.2,0.03,0.0,1.07,0.79,1.89,67446700.0,412000000.0,6339000000.0,22.33
872190,雷神科技,10.32,0.19,0.02,0.0,0.31,0.86,1.55,1695000.0,52541899.99999999,542000000.0,21.79
sh688108,赛诺医疗,10.34,0.19,0.02,0.19,2.17,0.87,4.07,90931800.0,409999999.99999994,4239000000.0,亏损
sz300592,华凯易佰,25.99,0.19,0.05,0.27,2.43,0.81,2.54,99571299.99999999,158000000.0,4096000000.0,24.69
sz002870,香山股份,31.46,0.19,0.06,-0.1,1.42,0.77,2.96,49083100.00000001,110000000.00000001,3470000000.0000005,29.31
836807,奔朗新材,5.25,0.19,0.01,0.0,0.12,1.6,0.57,499900.0,80125800.0,421000000.0,18.61
sh603686,福龙马,10.56,0.19,0.02,0.1,1.1,1.11,2.28,48212400.0,416000000.0,4389000000.0,14.23
sh600980,北矿科技,15.86,0.19,0.03,0.06,1.08,1.18,1.9,26729699.999999996,156000000.0,2474000000.0,32.85
sz000859,国风新材,5.3,0.19,0.01,0.0,0.67,1.41,1.7,31623000.0,896000000.0000001,4748000000.0,123.11
sh601700,风范股份,5.3,0.19,0.01,-0.19,0.59,1.28,1.32,35579700.0,1142000000.0,6054000000.0,134.18
sz300735,光弘科技,10.62,0.19,0.02,-0.09,0.63,0.9,2.64,50595000.0,756000000.0,8023999999.999999,55.22
sz002915,中欣氟材,16.01,0.19,0.03,0.0,0.67,0.87,2.06,30568100.0,289000000.0,4620000000.0,47.91
sz300848,美瑞新材,21.37,0.19,0.04,-0.09,0.71,0.93,1.74,27438700.0,180000000.0,3836000000.0,67.73
sz301028,东亚机械,10.74,0.19,0.02,0.0,1.49,1.0,1.96,17175500.0,108000000.0,1161000000.0,26.45
sz003042,中农联合,21.43,0.19,0.04,0.14,4.67,0.66,1.82,67899400.0,68111700.0,1460000000.0,44.85
sz300489,光智科技,21.38,0.19,0.04,0.05,5.54,1.7,5.48,164000000.0,137000000.0,2929000000.0,亏损
833454,同心传动,5.39,0.19,0.01,0.0,0.18,1.14,1.67,590500.0,59992400.0,323000000.0,42.07
sz002034,旺能环境,16.17,0.19,0.03,0.06,0.63,1.11,1.3,43439100.0,426999999.99999994,6898999999.999999,10.60
sh600479,千金药业,10.75,0.19,0.02,0.0,1.59,1.08,1.21,71363700.0,419000000.00000006,4499000000.0,26.29
872351,华光源海,5.42,0.18,0.01,0.0,0.25,1.29,0.56,510000.0,38360400.0,208000000.0,12.05
sh603036,如通股份,10.82,0.18,0.02,0.0,0.68,0.8,1.76,15184200.0,206000000.0,2229000000.0,39.00
sz300341,麦克奥迪,10.84,0.18,0.02,0.0,0.5,0.64,1.57,27782399.999999996,517000000.0,5602000000.0,36.01
sz002598,山东章鼓,10.92,0.18,0.02,-0.09,1.13,0.94,2.29,33959000.0,278000000.0,3033000000.0,29.00
sh600193,创兴资源,5.48,0.18,0.01,0.0,0.53,0.57,1.83,12391600.0,425000000.0,2331000000.0,369.66
sz301090,华润材料,11.01,0.18,0.02,0.0,1.44,0.95,1.73,35220100.0,222000000.00000003,2443000000.0,24.91
sz002206,海 利 得,5.54,0.18,0.01,-0.18,0.75,1.31,1.81,37769400.0,916000000.0,5075000000.0,24.04
sz002205,国统股份,11.06,0.18,0.02,-0.27,10.18,1.04,6.97,212000000.0,186000000.0,2055000000.0,亏损
sz001314,亿道信息,38.67,0.18,0.07,0.03,3.69,0.88,2.51,49890900.0,35111500.0,1358000000.0,53.43
sh600572,康恩贝,5.54,0.18,0.01,0.0,1.29,1.05,1.45,184000000.0,2563000000.0,14201000000.0,12.52
sz002809,红墙股份,11.08,0.18,0.02,0.18,2.28,1.21,2.35,34445700.0,138000000.0,1524000000.0,28.11
sh603005,晶方科技,22.38,0.18,0.04,0.0,4.96,0.59,3.98,720000000.0,652000000.0,14596000000.0,127.94
sz002278,神开股份,5.66,0.18,0.01,0.0,1.6,1.51,2.65,30756800.0,339000000.0,1921000000.0,亏损
sz002062,宏润建设,5.7,0.18,0.01,0.0,2.0,0.46,2.46,111000000.00000001,969999999.9999999,5531000000.0,10.73
sh688276,百克生物,62.76,0.18,0.11,0.0,0.76,1.08,2.12,114999999.99999999,241000000.0,15147000000.0,352.40
sz301086,鸿富瀚,45.85,0.17,0.08,-0.02,1.72,0.62,1.62,25574500.0,32496800.0,1490000000.0,28.90
sh603709,中源家居,17.15,0.17,0.03,0.23,1.08,0.85,2.28,17743900.0,96000000.0,1646000000.0,69.04
sz002017,东信和平,11.43,0.17,0.02,0.09,1.26,1.02,1.93,83064599.99999999,579000000.0,6617000000.0,46.62
sz300306,远方信息,11.46,0.17,0.02,0.0,1.38,0.86,2.54,23856800.0,152000000.0,1736000000.0,49.19
sh688120,华海清科,195.7,0.17,0.34,0.04,0.98,0.61,2.43,204999999.99999997,106000000.0,20734000000.0,40.11
sh603389,亚振家居,5.75,0.17,0.01,0.0,0.86,0.97,2.27,12965100.0,263000000.0,1511000000.0,亏损
sh600173,卧龙地产,5.8,0.17,0.01,0.17,1.4,0.81,2.42,57168100.00000001,700000000.0,4061999999.9999995,15.35
839792,东和新材,5.82,0.17,0.01,0.0,0.17,0.51,1.03,530600.0,52292900.0,304000000.0,13.67
834765,美之高,5.81,0.17,0.01,0.0,0.08,2.23,1.38,208200.0,43997299.99999999,256000000.0,14.58
sz000739,普洛药业,17.62,0.17,0.03,0.0,0.4,0.7,1.19,83409000.0,1178000000.0,20758000000.0,21.69
sz300804,广康生化,35.17,0.17,0.06,-0.03,5.21,0.56,1.74,30974000.0,16983000.0,597000000.0,29.94
sz300664,鹏鹞环保,5.85,0.17,0.01,0.17,0.86,0.93,1.88,38292700.0,769000000.0,4498000000.0,17.38
sz002641,公元股份,5.87,0.17,0.01,0.0,0.67,0.86,1.36,44327700.00000001,1134000000.0,6659000000.0,23.47
sz002046,国机精工,11.71,0.17,0.02,0.09,0.64,0.74,1.8,38997400.0,524000000.0,6140000000.0,20.81
sz000610,西安旅游,17.66,0.17,0.03,0.0,7.79,0.75,3.69,322000000.0,235000000.0,4158000000.0,亏损
sh603272,联翔股份,17.76,0.17,0.03,0.23,2.27,0.85,1.52,15954400.0,39781800.0,707000000.0,亏损
sz002576,通达动力,17.93,0.17,0.03,0.11,4.41,1.04,3.41,126000000.0,162000000.0,2903000000.0,29.07
sz300702,天宇股份,23.82,0.17,0.04,0.0,1.01,1.15,1.77,50342800.0,209000000.0,4986000000.0,20.67
sh600986,浙文互联,5.97,0.17,0.01,-0.17,2.0,0.85,2.52,157000000.0,1322000000.0,7895000000.0,51.45
873122,中纺标,11.97,0.17,0.02,0.0,1.78,0.59,2.09,2252800.0,10642500.0,127000000.0,362.33
sh603217,元利科技,24.13,0.17,0.04,0.0,0.34,0.38,2.03,16636199.999999998,206000000.0,4962000000.0,19.63
sz002815,崇达技术,12.06,0.17,0.02,0.0,1.07,0.86,2.16,55819000.0,437000000.0,5268000000.0,20.96
sz000909,ST数源,6.07,0.17,0.01,0.17,1.43,1.11,1.81,33494300.0,387000000.0,2352000000.0,48.24
sh603366,日出东方,6.14,0.16,0.01,0.0,1.12,0.75,1.96,55638000.0,806000000.0,4950000000.0,亏损
sh603711,香飘飘,18.42,0.16,0.03,0.11,0.39,1.0,1.85,29572900.0,411000000.00000006,7566000000.0,323.53
sz002600,领益智造,6.19,0.16,0.01,0.0,0.64,0.67,1.78,271000000.0,6892000000.0,42658000000.0,16.77
sz002672,东江环保,6.17,0.16,0.01,0.16,0.64,0.79,1.46,26934500.0,679000000.0,4190000000.0,亏损
sz300822,贝仕达克,12.53,0.16,0.02,-0.08,0.84,1.11,2.48,23127000.0,222000000.00000003,2786000000.0,63.42
sh603061,金海通,112.76,0.16,0.18,0.12,5.59,0.72,2.21,94112099.99999999,15000000.0,1691000000.0,53.03
sz002214,大立科技,12.52,0.16,0.02,-0.08,0.59,0.99,1.36,35301400.0,478000000.0,5983000000.0,亏损
834407,驰诚股份,6.27,0.16,0.01,0.0,0.13,0.64,0.32,98500.0,12125200.0,76025000.0,24.66
sh600750,江中药业,18.79,0.16,0.03,0.0,1.81,1.33,1.92,210000000.0,624000000.0,11719000000.0,12.28
sz300831,派瑞股份,12.6,0.16,0.02,0.0,1.34,0.93,2.62,30900600.0,184000000.0,2325000000.0,720.37
sh601065,江盐集团,12.63,0.16,0.02,0.0,9.96,1.65,4.44,192000000.0,155000000.0,1960000000.0000002,14.52
sh688226,威腾电气,18.98,0.16,0.03,0.0,3.31,1.25,4.86,51864200.0,84262000.0,1599000000.0,55.72
sz002727,一心堂,25.38,0.16,0.04,0.0,0.73,0.81,1.97,73951900.0,400000000.0,10162000000.0,15.79
sz002235,安妮股份,6.36,0.16,0.01,-0.16,1.94,0.71,1.73,67430100.0,548000000.0,3486999999.9999995,172.34
sz300385,雪浪环境,6.47,0.15,0.01,0.31,1.15,1.22,1.7,21264699.999999996,287000000.0,1859000000.0,50.20
sz300765,新诺威,12.96,0.15,0.02,0.0,0.38,0.93,2.4,47736899.99999999,983000000.0,12737000000.0,20.84
sz300444,双杰电气,6.48,0.15,0.01,0.31,4.03,0.74,4.02,154000000.0,592000000.0,3838000000.0000005,16.66
sh688093,世华科技,19.33,0.15,0.03,0.1,0.94,0.94,2.23,11335500.0,62459000.0,1207000000.0,42.24
sz003035,南网能源,6.52,0.15,0.01,0.15,0.97,1.04,1.84,103000000.0,1636000000.0,10667000000.0,75.30
sz002591,恒大高新,6.5,0.15,0.01,0.15,2.96,1.21,1.85,41622500.0,217000000.0,1408000000.0,亏损
sh600603,广汇物流,6.54,0.15,0.01,-0.15,0.91,0.61,2.91,72899900.0,1231000000.0,8048000000.0,10.95
sh688659,元琛科技,13.07,0.15,0.02,0.0,4.19,1.03,2.68,47982600.0,87916000.0,1149000000.0,165.08
sh688002,睿创微纳,45.87,0.15,0.07,0.22,0.5,0.94,1.62,102000000.0,447000000.0,20518000000.0,62.86
836395,朗鸿科技,6.56,0.15,0.01,0.0,0.18,1.52,2.75,320200.00000000006,27678400.0,182000000.0,21.41
sh600965,福成股份,6.58,0.15,0.01,0.0,0.37,1.1,0.76,20063100.0,819000000.0,5387000000.0,22.89
sz002329,皇氏集团,6.6,0.15,0.01,0.0,2.57,0.59,2.12,100000000.0,589000000.0,3885000000.0,293.88
sh600329,达仁堂,39.85,0.15,0.06,0.0,0.67,0.71,1.53,152000000.0,566000000.0,22550000000.0,19.15
sz300239,东宝生物,6.65,0.15,0.01,0.0,1.74,1.34,0.9,59331600.0,513999999.99999994,3419000000.0,31.69
833346,威贸电子,6.76,0.15,0.01,0.0,0.28,2.49,1.48,532700.0,28271600.0,191000000.0,23.52
sz301040,中环海陆,20.46,0.15,0.03,0.15,1.6,1.27,2.06,22614500.0,69583200.0,1424000000.0,124.02
sh600590,泰豪科技,6.85,0.15,0.01,0.0,0.98,1.16,2.34,56287200.0,844000000.0,5778000000.0,23.25
sh688173,希荻微,20.64,0.15,0.03,-0.15,0.78,1.12,2.67,28318400.0,176000000.0,3643000000.0,39.34
sh600754,锦江酒店,48.34,0.14,0.07,0.08,0.6,0.72,2.2,266000000.0,914000000.0,44185000000.0,99.28
sz000546,ST金圆,6.98,0.14,0.01,0.0,1.21,0.85,1.86,60050300.0,712000000.0,4966000000.0,亏损
sh603790,雅运股份,14.04,0.14,0.02,0.07,0.65,1.04,2.5,17528600.0,191000000.0,2687000000.0,38.26
sh688016,心脉医疗,182.44,0.14,0.26,-0.13,0.55,0.64,2.33,72534300.0,71978100.0,13132000000.0,26.30
sh603536,惠发食品,7.05,0.14,0.01,-0.14,1.14,1.06,1.71,19770000.0,245000000.00000003,1725000000.0,亏损
sz301179,泽宇智能,28.41,0.14,0.04,0.11,3.61,0.53,2.64,60290900.0,59400000.0,1688000000.0,42.62
sz002027,分众传媒,7.28,0.14,0.01,0.0,0.46,0.78,1.79,479000000.0,14441999999.999998,105139000000.00002,27.93
sz300724,捷佳伟创,94.52,0.14,0.13,0.18,1.19,0.79,2.55,307000000.0,273000000.0,25845000000.0,24.46
sh688268,华特气体,73.25,0.14,0.1,0.47,0.44,1.09,2.05,38343800.0,120000000.0,8795000000.0,55.06
sh603826,坤彩科技,51.7,0.14,0.07,0.19,0.11,0.95,1.34,26002500.0,468000000.0,24196000000.0,448.60
sh688590,新致软件,22.1,0.14,0.03,-0.41,3.46,0.66,4.94,124000000.0,161000000.0,3558000000.0,181.34
sz301047,义翘神州,89.21,0.14,0.12,0.03,0.93,0.99,1.5,48181200.0,58463400.0,5216000000.0,34.43
sz000683,远兴能源,7.44,0.14,0.01,0.0,1.27,0.8,2.15,307000000.0,3277000000.0000005,24380000000.0,10.33
sh603578,三星新材,14.82,0.14,0.02,-0.07,1.21,0.72,1.49,32392100.0,180000000.0,2673000000.0,16.32
sh603728,鸣志电器,60.0,0.13,0.08,0.0,1.17,1.02,4.17,295000000.0,419000000.00000006,25123000000.0,193.94
sh603098,森特股份,22.56,0.13,0.03,0.09,0.6,1.39,2.66,72858700.0,539000000.0,12155000000.0,133.35
sz300183,东软载波,15.17,0.13,0.02,0.07,0.71,0.75,2.31,36357000.0,335000000.0,5089000000.0,128.13
sz002999,天禾股份,7.68,0.13,0.01,0.13,2.33,0.46,1.17,38948400.0,218000000.00000003,1672000000.0,57.64
sh603803,瑞斯康达,7.72,0.13,0.01,0.0,1.05,0.9,1.95,34203600.0,421000000.0,3251000000.0,亏损
sz002897,意华股份,38.47,0.13,0.05,-0.03,1.51,1.01,1.85,91299000.0,158000000.0,6078000000.0,105.31
sh688027,国盾量子,139.65,0.13,0.18,-0.01,0.94,1.17,2.58,103000000.0,78951900.0,11026000000.0,亏损
sz300270,中威电子,7.74,0.13,0.01,0.0,3.99,0.8,3.23,68181800.0,223000000.0,1729000000.0,1699.25
sz002274,华昌化工,7.75,0.13,0.01,0.26,0.7,1.08,1.55,50862700.00000001,938000000.0000001,7269000000.0,8.98
sz002230,科大讯飞,62.43,0.13,0.08,0.0,1.69,0.76,2.63,2248000000.0,2128000000.0,132833000000.0,亏损
sh605006,山东玻纤,7.82,0.13,0.01,0.0,0.47,1.0,0.9,10460900.0,284000000.0,2217000000.0,13.49
830839,万通液压,7.91,0.13,0.01,0.0,0.16,0.27,3.17,804500.0,64381400.0,509000000.0,13.07
sz300933,中辰股份,8.05,0.12,0.01,0.12,1.53,0.82,1.49,28815700.0,235000000.0,1889999999.9999998,55.75
sh688418,震有科技,16.33,0.12,0.02,0.06,1.9,0.66,2.39,41180600.00000001,133000000.0,2165000000.0,165.97
871857,泓禧科技,8.29,0.12,0.01,0.0,0.04,2.43,0.84,220799.99999999997,74007200.0,614000000.0,31.09
sz300951,博硕科技,50.25,0.12,0.06,-0.04,1.1,1.02,1.57,31338400.0,57000000.0,2864000000.0,20.67
870357,雅葆轩,8.45,0.12,0.01,0.0,0.29,1.83,1.9,565300.0,23201500.0,196000000.0,9.89
sz300274,阳光电源,109.03,0.12,0.13,-0.17,0.88,0.93,2.63,1073000000.0,1126000000.0,122797000000.0,26.85
sz301157,华塑科技,51.51,0.12,0.06,0.02,4.12,0.51,2.08,30121900.0,14226000.0,733000000.0,172.32
sz300486,东杰智能,8.65,0.12,0.01,0.12,0.58,0.65,1.74,19734800.0,392000000.0,3390999999.9999995,47.02
sz000409,云鼎科技,8.71,0.12,0.01,0.0,1.31,0.68,2.07,48081500.0,423000000.00000006,3688000000.0000005,61.64
sh603227,雪峰科技,8.7,0.12,0.01,-0.12,1.16,0.74,2.07,65759799.99999999,659000000.0,5731000000.0,10.18
sz000707,双环科技,8.87,0.11,0.01,0.0,3.94,0.91,2.71,161000000.0,463999999.99999994,4117000000.0,4.57
sz002606,大连电瓷,8.83,0.11,0.01,0.11,1.02,1.16,1.93,37692600.0,420000000.0,3713000000.0000005,46.77
sz001330,博纳影业,9.0,0.11,0.01,0.0,2.0,0.8,1.0,49213800.0,275000000.0,2474000000.0,亏损
837242,建邦科技,9.06,0.11,0.01,0.0,0.18,0.75,1.55,561300.0,33598700.0,304000000.0,14.97
833914,远航精密,9.07,0.11,0.01,0.0,0.33,2.23,1.99,1807200.0,60199799.99999999,546000000.0,16.70
sz301158,德石股份,18.27,0.11,0.02,0.11,8.27,2.89,4.55,115999999.99999999,77676900.0,1419000000.0,51.23
sh600228,返利科技,9.21,0.11,0.01,-0.22,1.32,0.47,1.63,33940100.0,279000000.0,2568000000.0,亏损
836942,恒立钻具,9.21,0.11,0.01,0.0,0.14,1.19,0.65,382900.0,29252500.0,269000000.0,11.60
sz300252,金信诺,9.19,0.11,0.01,0.0,2.19,1.06,1.52,88746800.0,442000000.0,4065000000.0,74.42
sz300139,晓程科技,9.17,0.11,0.01,0.11,3.36,0.67,2.4,71525700.0,234000000.0,2143000000.0,亏损
sz300236,上海新阳,36.82,0.11,0.04,0.0,0.91,1.32,2.26,92008700.00000001,278000000.0,10251000000.0,51.15
sz003015,日久光电,9.26,0.11,0.01,0.11,1.3,0.74,2.7,22970300.000000004,193000000.0,1786000000.0,亏损
sh688701,卓锦股份,9.32,0.11,0.01,0.22,1.19,1.39,1.83,7258700.0,65629300.0,612000000.0,亏损
sz002935,天奥电子,18.7,0.11,0.02,0.0,0.79,0.97,1.98,49937200.0,338000000.0,6326000000.0,亏损
sh603363,傲农生物,9.48,0.11,0.01,0.11,2.69,1.57,2.75,186000000.0,737000000.0,6988000000.0,亏损
sh600865,百大集团,9.47,0.11,0.01,0.11,0.6,1.43,1.69,21403900.0,376000000.0,3563000000.0000005,255.40
sh688517,金冠电气,18.85,0.11,0.02,0.0,1.39,0.79,2.07,21872399.999999996,83557000.0,1575000000.0,71.69
sh688017,绿的谐波,122.9,0.11,0.13,-0.04,2.45,0.84,2.43,281000000.0,93684599.99999999,11514000000.0,210.24
sh601088,中国神华,28.41,0.11,0.03,-0.14,0.09,1.26,1.55,428000000.0,16491000000.0,468510000000.00006,7.58
sz002880,卫光生物,37.79,0.11,0.04,0.11,0.33,0.87,2.28,28381100.0,227000000.0,8570999999.999999,46.85
sz002185,华天科技,9.54,0.1,0.01,0.0,0.64,0.89,1.78,195000000.0,3204000000.0,30564000000.0,亏损
sz300671,富满微,38.42,0.1,0.04,-0.08,0.91,0.84,2.08,75680000.0,217000000.0,8338000000.0,亏损
833509,同惠电子,9.6,0.1,0.01,0.0,0.03,1.48,2.81,256600.0,80690400.0,775000000.0,107.62
sh688380,中微半导,28.79,0.1,0.03,-0.04,2.72,1.03,2.54,44055100.0,56782700.00000001,1635000000.0000002,67.09
831961,创远信科,9.6,0.1,0.01,0.0,0.16,1.61,1.04,1544500.0,103000000.0,993000000.0,68.42
sz300260,新莱应材,29.65,0.1,0.03,-0.03,1.21,0.66,1.96,98286400.0,275000000.0,8167000000.0,56.21
sh605368,蓝天燃气,10.03,0.1,0.01,0.0,1.11,0.79,1.3,27459800.0,248000000.0,2490000000.0,8.74
sh601512,中新集团,10.09,0.1,0.01,0.0,0.18,0.75,1.69,27171200.0,1499000000.0,15124000000.0,9.07
sz300903,科翔股份,10.14,0.1,0.01,-0.1,2.7,0.68,2.67,74944000.0,275000000.0,2791000000.0,亏损
430017,星昊医药,10.08,0.1,0.01,0.0,0.34,0.6,0.5,2184300.0,63055200.00000001,636000000.0,15.16
sh603337,杰克股份,20.47,0.1,0.02,-0.39,0.27,1.09,3.47,26826200.0,482000000.0,9861000000.0,22.18
sz002609,捷顺科技,10.35,0.1,0.01,0.1,1.22,1.62,2.22,57354700.0,455999999.99999994,4723000000.0,亏损
sz002299,圣农发展,20.89,0.1,0.02,0.1,0.36,0.62,1.15,93831600.0,1231000000.0,25711000000.0,72.61
sz300003,乐普医疗,21.13,0.1,0.02,0.0,1.02,1.91,2.23,344000000.0,1614999999.9999998,34125000000.0,16.64
430139,华岭股份,10.6,0.09,0.01,0.0,0.13,0.32,1.13,1785800.0000000002,133000000.0,1405000000.0,40.38
sh600343,航天动力,10.68,0.09,0.01,0.09,1.04,0.62,3.0,70453900.0,638000000.0,6816000000.0,亏损
sz300655,晶瑞电材,10.75,0.09,0.01,-0.09,1.42,0.74,1.86,143000000.0,941000000.0,10115000000.0,149.09
sz002714,牧原股份,43.54,0.09,0.04,0.02,0.49,1.0,1.22,768000000.0,3636000000.0,158315000000.0,亏损
sz300143,盈康生命,10.88,0.09,0.01,-0.18,0.63,1.0,1.56,37684200.0,546000000.0,5939000000.0,44.16
sz300305,裕兴股份,10.94,0.09,0.01,-0.18,0.57,0.69,1.55,14577900.0,233000000.0,2545000000.0,38.47
sz002389,航天彩虹,21.87,0.09,0.02,0.0,1.06,0.98,2.84,217000000.0,950000000.0,20776000000.0,292.30
sh605300,佳禾食品,21.76,0.09,0.02,0.23,1.73,0.73,2.44,21581400.0,57575900.0,1253000000.0,34.41
sz301195,北路智控,43.79,0.09,0.04,0.02,3.63,1.41,2.67,50596600.0,32037399.999999996,1403000000.0,33.99
sh688115,思林杰,33.15,0.09,0.03,0.06,0.93,0.8,1.66,10870800.0,35567200.0,1179000000.0,亏损
sz002405,四维图新,11.18,0.09,0.01,0.0,1.39,1.23,1.79,358000000.0,2300000000.0,25713000000.0,亏损
sz301042,安联锐视,33.24,0.09,0.03,0.09,1.05,0.89,2.14,14772500.0,42300500.0,1406000000.0,267.26
sh600817,宇通重工,11.07,0.09,0.01,-0.09,0.8,0.98,2.17,17152800.0,195000000.0,2155000000.0,51.15
sh600768,宁波富邦,11.12,0.09,0.01,0.09,1.19,1.1,1.8,17668100.0,134000000.00000001,1487000000.0,497.88
835237,力佳科技,11.41,0.09,0.01,0.0,0.14,1.2,1.67,215700.0,13006500.0,148000000.0,77.37
sz300697,电工合金,11.37,0.09,0.01,0.27,1.9,0.81,2.2,32214400.0,151000000.0,1712000000.0,19.40
sh688193,仁度生物,45.33,0.09,0.04,-0.07,0.21,0.82,0.91,2884700.0000000005,29757600.000000004,1349000000.0,亏损
sh600312,平高电气,11.4,0.09,0.01,0.0,1.15,0.87,2.37,177000000.0,1357000000.0,15469000000.0,25.69
sz300878,维康药业,23.18,0.09,0.02,0.04,1.5,0.97,1.47,13835200.0,39826000.0,923000000.0,30.48
sz002090,金智科技,11.7,0.09,0.01,0.0,0.9,1.04,1.8,42148600.0,400000000.0,4677000000.0,129.47
sh603017,中衡设计,11.85,0.09,0.01,0.0,3.1,0.77,4.14,102000000.0,276000000.0,3269000000.0,27.91
sz002068,黑猫股份,11.76,0.09,0.01,-0.09,2.14,0.65,3.4,184000000.0,734000000.0,8626000000.0,亏损
sh603987,康德莱,11.82,0.09,0.01,0.0,1.57,0.99,1.52,81357100.0,441000000.0,5213000000.0,15.31
sz301122,采纳股份,35.35,0.09,0.03,0.14,1.1,1.28,1.93,17103300.0,44245700.0,1564000000.0,68.04
sz300797,钢研纳克,11.76,0.09,0.01,0.0,0.47,0.91,2.64,20326100.0,372000000.0,4378000000.0,114.40
sz301135,瑞德智能,23.9,0.08,0.02,-0.04,2.84,0.89,2.43,33467300.0,49457000.0,1182000000.0,85.26
sh603633,徕木股份,12.05,0.08,0.01,0.0,1.15,0.85,2.49,45182299.99999999,328000000.0,3956000000.0,49.15
sh603595,东尼电子,36.15,0.08,0.03,0.0,0.54,0.83,2.49,45388000.0,231999999.99999997,8403000000.0,亏损
sh688275,万润新能,89.19,0.08,0.07,0.07,0.72,1.0,1.82,18776800.0,29383300.0,2621000000.0,亏损
sz300025,华星创业,12.84,0.08,0.01,0.23,2.15,0.98,4.44,121000000.0,434000000.0,5568000000.0,亏损
sh688203,海正生材,13.0,0.08,0.01,0.0,3.24,1.29,3.0,20140900.0,48271400.0,628000000.0,158.33
sz001336,楚环科技,26.77,0.07,0.02,0.15,5.15,0.4,2.06,31717300.0,23109300.0,619000000.0,44.13
sz002253,川大智胜,13.78,0.07,0.01,0.0,2.07,1.38,3.49,58452900.0,208000000.0,2865000000.0,532.57
sh603051,鹿山新材,40.93,0.07,0.03,-0.02,2.85,0.75,2.57,56980100.0,48939100.0,2003000000.0,亏损
sz002529,海源复材,13.74,0.07,0.01,-0.07,1.37,0.55,2.69,48526600.0,260000000.0,3572000000.0,亏损
sh600877,电科芯片,14.17,0.07,0.01,0.07,0.59,1.6,1.77,77138400.0,922000000.0000001,13063999999.999998,227.89
sh603810,丰山集团,14.09,0.07,0.01,0.0,0.65,0.88,1.78,14877300.0,162000000.0,2287000000.0,55.05
sh688455,科捷智能,14.02,0.07,0.01,0.29,2.91,2.18,2.28,16469600.0,40314500.0,565000000.0,亏损
sz301150,中一科技,45.68,0.07,0.03,0.0,1.02,0.84,2.76,31694300.0,67981400.0,3105000000.0,33.56
sh603211,晋拓股份,15.17,0.07,0.01,0.07,8.0,0.91,4.02,82076000.0,67952000.0,1031000000.0,60.24
sh688213,思特威-W,45.62,0.07,0.03,-0.48,4.2,1.45,7.68,72058900.0,38409600.0,1752000000.0,亏损
sz300932,三友联众,15.11,0.07,0.01,-0.13,1.96,0.53,2.65,26686400.0,90692300.0,1370000000.0,99.74
sz002595,豪迈科技,31.85,0.06,0.02,0.06,0.26,0.65,1.82,45009300.0,533000000.0,16988000000.0,20.50
sh688576,西山科技,113.72,0.06,0.07,0.04,3.91,1.11,3.01,52196700.0,11868100.0,1350000000.0,62.92
sz001207,联科科技,16.15,0.06,0.01,0.0,2.16,0.61,2.23,22546200.0,64857800.0,1047000000.0000001,46.62
sh603819,神力股份,16.03,0.06,0.01,-0.06,0.32,0.71,1.94,11222600.0,218000000.00000003,3490000000.0,1927.12
sz000985,大庆华科,16.34,0.06,0.01,0.18,0.49,0.63,1.16,10355700.0,130000000.0,2118000000.0,232.96
sz002761,浙江建投,16.74,0.06,0.01,0.0,6.17,0.64,4.12,1109000000.0,1081000000.0,18102000000.0,13.44
sh600511,国药股份,33.5,0.06,0.02,0.03,0.73,0.71,1.2,135000000.0,553000000.0,18537000000.0,15.25
sz300712,永福股份,34.34,0.06,0.02,-0.03,0.68,1.17,2.04,43652800.0,187000000.0,6420999999.999999,92.97
sz300473,德尔股份,17.82,0.06,0.01,-0.06,3.83,1.16,3.82,102000000.0,150000000.0,2665000000.0,亏损
sz001316,润贝航科,35.99,0.06,0.02,-0.03,1.86,0.98,1.95,18919500.0,28417500.0,1023000000.0,28.54
sz002432,九安医疗,35.47,0.06,0.02,0.0,1.07,0.85,1.41,183000000.0,484000000.0,17176000000.0,7.14
sh603218,日月股份,18.07,0.06,0.01,-0.06,1.15,1.18,2.99,198000000.0,968000000.0,17484000000.0,35.43
sz300136,信维通信,18.53,0.05,0.01,-0.05,0.74,0.94,1.57,112999999.99999999,825000000.0,15279000000.0,30.88
sz002025,航天电器,57.03,0.05,0.03,0.0,0.88,1.74,1.54,225000000.0,453000000.0,25810000000.000004,29.66
sz002006,精工科技,18.82,0.05,0.01,0.05,0.57,0.65,2.07,48523600.0,455000000.0,8566000000.0,44.72
sz003026,中晶科技,38.89,0.05,0.02,-0.03,1.85,0.49,1.65,39907400.0,55682000.0,2165000000.0,亏损
sz300810,中科海讯,20.11,0.05,0.01,0.05,1.05,0.64,1.74,23991700.0,113999999.99999999,2293000000.0,亏损
sz002903,宇环数控,21.0,0.05,0.01,0.0,1.66,0.7,2.33,34521900.0,99371200.00000001,2087000000.0,40.68
sz300031,宝通科技,20.89,0.05,0.01,0.0,2.82,0.83,2.49,202000000.0,345000000.0,7214000000.0,25.86
sh688623,双元科技,87.87,0.05,0.04,-0.01,3.07,0.91,1.23,36078100.0,13439500.0,1181000000.0,50.10
835185,贝特瑞,22.44,0.04,0.01,0.0,0.06,0.94,2.36,13208500.0,1088000000.0,24425000000.0,21.14
sz002384,东山精密,22.85,0.04,0.01,0.04,1.46,0.87,2.15,465000000.00000006,1390000000.0,31768000000.0,20.71
sz300553,集智股份,49.32,0.04,0.02,0.02,1.8,1.19,8.38,46827700.00000001,53563500.0,2642000000.0,106.58
sh603893,瑞芯微,73.76,0.04,0.03,0.01,0.49,0.67,2.52,149000000.0,416000000.0,30686000000.0,亏损
sz301361,众智科技,24.94,0.04,0.01,-0.04,6.47,0.63,2.41,46654500.0,29084000.0,725000000.0,46.38
sh603129,春风动力,151.06,0.04,0.06,-0.07,0.72,1.37,3.98,164000000.0,150000000.0,22728000000.0,27.02
sz300859,*ST西域,25.0,0.04,0.01,0.0,2.56,1.16,2.28,61044799.99999999,95712500.0,2393000000.0,亏损
sh600993,XD马应龙,25.73,0.04,0.01,-0.08,1.03,0.94,1.98,113999999.99999999,430000000.0,11072000000.0,14.78
sh688181,八亿时空,26.11,0.04,0.01,0.0,0.6,0.94,1.84,17706300.0,113999999.99999999,2975000000.0,47.49
sh688686,奥普特,132.11,0.04,0.05,0.0,1.51,0.95,2.75,67670500.0,34323500.0,4534000000.0,61.53
sh605389,长龄液压,27.32,0.04,0.01,0.07,2.94,0.66,2.31,27396800.0,34066800.0,931000000.0,35.19
sz300482,万孚生物,27.07,0.04,0.01,0.04,1.14,1.34,1.81,102000000.0,333000000.0,9005000000.0,14.77
sh603233,大参林,28.06,0.04,0.01,0.0,0.43,1.29,1.64,136000000.0,1137000000.0,31913000000.0,16.08
sz301189,奥尼电子,30.31,0.03,0.01,0.07,2.27,1.39,2.18,28184800.0,41176500.0,1248000000.0,亏损
sh688737,中自科技,30.38,0.03,0.01,0.0,0.94,0.78,2.9,18726100.0,65541000.0,1991000000.0,147.64
sz301273,瑞晨环保,31.39,0.03,0.01,0.06,2.26,0.8,3.03,12712700.0,17910400.0,562000000.0,亏损
sz002518,科士达,33.41,0.03,0.01,0.0,1.22,0.7,2.25,227999999.99999997,565000000.0,18881000000.0,20.99
sh600584,长电科技,33.48,0.03,0.01,0.0,1.49,0.87,2.9,891000000.0,1787000000.0,59829999999.99999,136.06
sz300946,恒而达,34.79,0.03,0.01,-0.03,2.57,0.59,2.56,30438200.0,34146000.0,1188000000.0,37.47
sh688331,荣昌生物,70.0,0.03,0.02,-0.48,2.75,1.58,3.71,310000000.0,160000000.0,11217000000.0,亏损
sz300770,新媒股份,40.99,0.02,0.01,-0.02,1.89,1.41,3.32,178000000.0,231000000.0,9471000000.0,13.89
sh688125,安达智能,47.61,0.02,0.01,0.0,1.21,0.83,2.25,11666099.999999998,20413900.0,972000000.0000001,32.95
sz000423,东阿阿胶,50.71,0.02,0.01,0.08,0.49,0.76,1.66,159000000.0,644000000.0,32656000000.0,35.44
sh600129,太极集团,49.59,0.02,0.01,0.0,0.75,0.59,2.72,206999999.99999997,557000000.0,27616000000.000004,29.38
sz300799,*ST左江,265.98,-0.01,-0.02,0.37,0.24,1.46,3.21,43029600.0,67575000.0,17974000000.0,亏损
sz301110,青木股份,48.85,-0.02,-0.01,0.0,3.63,0.38,2.05,40971600.0,23155900.0,1131000000.0,83.36
sh600760,中航沈飞,43.99,-0.02,-0.01,0.0,0.32,0.89,1.48,379000000.0,2745000000.0,120741000000.00002,47.22
sz300679,电连技术,36.54,-0.03,-0.01,0.0,2.06,1.27,5.17,264000000.0,356000000.0,13008000000.000002,82.20
sz301160,翔楼新材,35.76,-0.03,-0.01,-0.11,3.44,1.28,2.85,50799799.99999999,41432700.00000001,1482000000.0,16.73
sz301280,珠城科技,35.68,-0.03,-0.01,-0.11,3.61,0.85,1.99,29953600.0,23348400.0,833000000.0,25.13
sh688246,嘉和美康,34.2,-0.03,-0.01,0.03,0.46,0.83,2.83,15754400.0,100000000.0,3432000000.0,亏损
sz301207,华兰疫苗,34.69,-0.03,-0.01,-0.06,1.11,0.71,2.42,54007400.0,141000000.0,4892000000.0,55.38
sh603259,药明康德,69.28,-0.03,-0.02,0.01,0.89,1.22,3.45,1564000000.0,2565000000.0,177735000000.0,23.71
sh605305,中际联合,31.2,-0.03,-0.01,0.0,1.49,1.75,3.4,49262200.0,106000000.0,3315000000.0,78.26
sh603203,快克智能,28.49,-0.04,-0.01,0.04,0.22,0.85,1.75,15396400.000000002,247000000.00000003,7034999999.999999,32.30
sz003008,开普检测,28.14,-0.04,-0.01,0.04,1.8,1.0,1.88,17480900.0,34739200.0,977999999.9999999,35.05
sz300833,浩洋股份,109.96,-0.04,-0.04,0.03,0.33,0.62,1.75,19581200.0,53536300.0,5887000000.0,23.26
sh605077,华康股份,27.07,-0.04,-0.01,-0.04,0.56,0.67,1.62,23057399.999999996,152000000.0,4120000000.0000005,17.17
830779,武汉蓝电,26.65,-0.04,-0.01,0.0,1.77,0.8,1.88,5712600.0,12173200.0,324000000.0,21.58
sz300706,阿石创,24.38,-0.04,-0.01,0.0,1.97,1.0,2.67,53154100.0,111000000.00000001,2711000000.0,亏损
sz301303,真兰仪表,23.44,-0.04,-0.01,0.04,4.16,0.82,1.45,67073300.0,69237700.0,1623000000.0,34.56
sh688067,爱威科技,22.34,-0.04,-0.01,0.0,0.87,0.67,1.7,7968400.0,41017100.0,916000000.0,177.03
sz300585,奥联电子,20.38,-0.05,-0.01,-0.05,12.14,0.72,6.18,388000000.0,160000000.0,3252000000.0000005,1098.38
sz002805,丰元股份,20.0,-0.05,-0.01,0.0,2.57,1.17,2.5,110000000.00000001,216000000.0,4311000000.0,亏损
sz002947,恒铭达,19.92,-0.05,-0.01,0.05,1.1,1.07,1.76,33424200.0,152000000.0,3026000000.0,27.54
sh603200,上海洗霸,19.24,-0.05,-0.01,-0.1,0.94,0.67,1.3,31425600.0,174000000.0,3354000000.0,76.58
sh603658,安图生物,57.61,-0.05,-0.03,-0.05,0.12,0.46,1.23,41362800.0,586000000.0,33775000000.0,34.88
sz300203,聚光科技,19.17,-0.05,-0.01,0.26,0.8,1.08,2.97,68945300.0,451999999.99999994,8670000000.0,亏损
sz002484,江海股份,18.98,-0.05,-0.01,0.0,0.72,0.92,1.63,108000000.0,792000000.0,15037000000.0,25.88
sh600422,昆药集团,18.91,-0.05,-0.01,0.0,0.94,0.68,1.96,133000000.0,757000000.0,14313999999.999998,27.35
sz300593,新雷能,18.53,-0.05,-0.01,0.0,1.58,1.01,2.21,129000000.0,445000000.0,8241000000.0,21.90
sz300398,飞凯材料,17.48,-0.06,-0.01,0.0,1.18,0.8,2.12,109000000.00000001,526000000.0,9187000000.0,31.92
sz301155,海力风电,67.66,-0.06,-0.04,-0.04,2.32,1.16,3.99,137000000.0,88809200.0,6009000000.0,44.79
sz300122,智飞生物,49.8,-0.06,-0.03,0.0,1.08,0.84,2.89,756000000.0,1421000000.0,70742000000.0,14.71
sz300721,怡达股份,16.66,-0.06,-0.01,0.0,3.29,0.54,2.64,74233500.0,137000000.0,2287000000.0,亏损
sz002351,漫步者,16.41,-0.06,-0.01,0.0,2.83,0.68,1.83,227999999.99999997,492000000.0,8072000000.0,47.87
sz300780,德恩精工,15.93,-0.06,-0.01,-0.13,5.87,0.58,2.89,80726000.0,86320700.0,1375000000.0,77.85
sz300615,欣天科技,15.79,-0.06,-0.01,0.0,1.54,0.65,2.15,31316300.0,129000000.0,2042000000.0000002,31.84
sh600522,中天科技,15.74,-0.06,-0.01,-0.06,0.84,0.88,1.84,450000000.0,3413000000.0000005,53720000000.00001,17.48
sh688061,灿瑞科技,45.66,-0.07,-0.03,-0.04,1.98,0.89,1.47,24619600.0,27223900.0,1243000000.0,亏损
sz002577,雷柏科技,15.21,-0.07,-0.01,0.0,1.03,0.7,2.5,44485700.0,283000000.0,4302000000.0,241.29
sh603037,凯众股份,15.16,-0.07,-0.01,0.07,5.92,1.88,7.38,121000000.0,136000000.0,2064999999.9999998,63.24
sh688063,派能科技,172.9,-0.07,-0.12,0.06,2.27,1.03,4.86,324000000.0,83734100.0,14478000000.0,16.43
sh603320,迪贝电气,14.45,-0.07,-0.01,0.14,0.94,1.21,1.8,17772600.0,130000000.0,1879000000.0,84.17
sz301222,浙江恒威,28.68,-0.07,-0.02,-0.04,1.91,0.76,2.19,15931300.000000002,29145900.0,836000000.0,27.32
sh688578,艾力斯,27.99,-0.07,-0.02,0.0,1.05,1.67,2.54,60465000.0,206999999.99999997,5788000000.0,90.28
sz002558,巨人网络,13.94,-0.07,-0.01,0.07,1.83,0.93,1.86,516000000.0,2005000000.0,27949000000.0,28.55
sh603223,恒通股份,13.64,-0.07,-0.01,0.0,0.22,1.2,1.17,16341800.0,553000000.0,7545999999.999999,85.44
sz002679,福建金森,13.27,-0.07,-0.01,0.08,1.73,0.7,1.96,54260600.00000001,236000000.0,3128000000.0,亏损
sz002009,天奇股份,13.12,-0.08,-0.01,0.0,0.86,0.92,2.51,41638100.00000001,372000000.0,4882000000.0,亏损
sh600560,金自天正,12.94,-0.08,-0.01,-0.08,1.11,0.59,1.47,32036200.0,224000000.00000003,2894000000.0,45.26
sz000837,秦川机床,12.98,-0.08,-0.01,0.0,3.85,0.77,2.69,343000000.0,693000000.0,8999000000.0,56.41
sz002758,浙农股份,12.62,-0.08,-0.01,-0.08,1.86,0.78,1.82,55552000.0,237000000.0,2996000000.0,18.09
sz002346,柘中股份,12.29,-0.08,-0.01,-0.08,0.33,1.18,1.95,15817400.0,395000000.0,4852000000.0,39.98
sh603936,博敏电子,12.2,-0.08,-0.01,0.0,2.31,1.24,2.79,143000000.0,511000000.00000006,6234000000.0,92.70
sh688552,航天南湖,24.28,-0.08,-0.02,0.0,3.99,1.33,2.47,73439300.0,76545000.0,1859000000.0,亏损
sz300832,新产业,60.23,-0.08,-0.05,-0.12,0.27,0.93,2.82,113999999.99999999,698000000.0,42065000000.0,33.32
sz000779,甘咨询,11.95,-0.08,-0.01,0.0,2.72,0.79,2.93,122000000.0,376000000.0,4494000000.0,18.01
sz001367,海森药业,45.62,-0.09,-0.04,-0.15,4.55,0.8,1.97,34348300.0,16658400.0,760000000.0,31.02
sh688018,乐鑫科技,122.79,-0.09,-0.11,-0.17,1.28,1.0,2.17,126000000.0,80787900.0,9920000000.0,79.78
sz301373,凌玮科技,33.15,-0.09,-0.03,-0.06,2.54,0.81,2.2,21149800.0,25218300.0,836000000.0,35.92
sz000524,岭南控股,10.81,-0.09,-0.01,0.0,0.63,0.84,2.03,45497600.0,670000000.0,7244000000.0,207.99
sh688508,芯朋微,65.29,-0.09,-0.06,-0.02,0.83,0.58,2.42,44759399.99999999,82346600.0,5376000000.0,90.32
sz300373,扬杰科技,42.16,-0.1,-0.04,0.02,1.0,1.24,2.46,225999999.99999997,540000000.0,22787000000.0,31.38
sz002038,双鹭药业,9.87,-0.1,-0.01,0.0,1.2,0.89,1.52,100000000.0,851000000.0,8403000000.0,12.55
sz300141,和顺电气,9.66,-0.1,-0.01,-0.1,1.57,0.69,1.97,29616100.0,197000000.0,1898000000.0,亏损
sh688225,XD亚信安,19.32,-0.1,-0.02,-0.16,0.62,0.99,3.46,13096000.0,109000000.00000001,2109000000.0,亏损
sz300429,强力新材,9.59,-0.1,-0.01,-0.1,0.95,0.66,2.4,34271000.0,376000000.0,3603000000.0,亏损
sz000561,烽火电子,9.49,-0.1,-0.01,0.0,2.03,0.75,2.1,115999999.99999999,602000000.0,5713000000.0,亏损
sz300265,通光线缆,9.4,-0.11,-0.01,0.0,0.97,0.93,2.12,33116500.0,365000000.0,3428000000.0,37.25
sz002734,利民股份,9.33,-0.11,-0.01,0.11,0.61,0.91,1.28,18494000.0,325000000.0,3033000000.0,14.54
sh603722,阿科力,46.6,-0.11,-0.05,-0.02,0.67,1.6,2.38,27356400.0,87937500.0,4097999999.9999995,163.31
sh600618,氯碱化工,9.21,-0.11,-0.01,0.11,0.34,0.76,1.41,23283800.0,750000000.0,6906000000.0,14.14
sz300838,浙江力诺,17.88,-0.11,-0.02,0.06,1.18,0.86,1.9,21209400.0,101000000.0,1803000000.0,23.68
sz002885,京泉华,17.65,-0.11,-0.02,0.0,1.85,0.81,2.04,67666600.0,206999999.99999997,3660000000.0,21.59
sz301026,浩通科技,35.29,-0.11,-0.04,-0.11,1.11,0.89,2.35,21636200.0,55745800.0,1967000000.0000002,20.47
sz300644,南京聚隆,17.53,-0.11,-0.02,-0.06,2.55,0.43,2.73,38161900.0,85460400.00000001,1498000000.0,38.76
833230,欧康医药,8.75,-0.11,-0.01,0.0,0.21,0.66,1.71,349600.0,18907900.0,165000000.0,29.42
sz002811,郑中设计,8.79,-0.11,-0.01,0.23,0.74,0.91,3.41,16093400.0,247000000.00000003,2173000000.0,95.61
sh688103,国力股份,60.66,-0.12,-0.07,-0.17,1.21,0.61,2.31,44706700.0,60827200.0,3690000000.0,127.20
sz300058,蓝色光标,8.6,-0.12,-0.01,0.0,3.69,0.84,2.56,727000000.0,2304000000.0,19816000000.0,35.96
sz000096,广聚能源,8.58,-0.12,-0.01,-0.12,0.34,1.05,1.4,15054400.0,511000000.00000006,4383000000.0,112.76
sh603806,福斯特,33.8,-0.12,-0.04,0.03,0.46,0.7,2.54,290000000.0,1864000000.0,63009000000.0,43.23
sz300968,格林精密,8.43,-0.12,-0.01,-0.12,1.32,0.92,2.13,19192000.0,173000000.0,1459000000.0,亏损
sz300825,阿尔特,16.61,-0.12,-0.02,0.06,1.33,0.84,3.07,104000000.0,472000000.0,7838000000.0,78.09
sz300698,万马科技,25.06,-0.12,-0.03,0.08,0.66,0.71,2.51,20466200.0,124000000.0,3097000000.0,399.34
sz300921,南凌科技,25.01,-0.12,-0.03,0.2,3.15,0.7,1.96,48374399.99999999,61541400.0,1539000000.0,91.38
sz002952,亚世光电,16.46,-0.12,-0.02,0.0,1.21,0.99,2.43,25886000.0,131000000.0,2150000000.0,39.78
832419,路斯股份,8.16,-0.12,-0.01,0.0,0.45,0.81,1.71,1792600.0,49435000.0,403000000.0,15.76
sh688109,品茗科技,24.61,-0.12,-0.03,-0.32,1.09,0.76,1.79,10407200.0,38691700.0,952000000.0,亏损
sh603280,南方路机,24.51,-0.12,-0.03,0.25,5.28,0.96,1.96,34891300.0,27101700.0,664000000.0,85.20
sh600710,苏美达,8.16,-0.12,-0.01,0.0,0.91,0.85,1.71,97349200.0,1307000000.0,10663000000.0,10.40
sh688429,时创能源,24.38,-0.12,-0.03,0.08,4.4,0.72,2.75,31886400.0,29755300.000000004,725000000.0,37.95
sh603949,雪龙集团,16.25,-0.12,-0.02,0.0,0.71,0.9,3.69,24097199.999999996,210000000.0,3409000000.0000005,46.27
sz300560,中富通,16.3,-0.12,-0.02,0.0,1.71,0.63,1.53,47974000.0,173000000.0,2815000000.0,61.62
833075,柏星龙,8.03,-0.12,-0.01,0.0,0.29,1.38,1.12,582300.0,24629500.0,198000000.0,16.30
sz300005,探路者,8.04,-0.12,-0.01,0.0,0.95,1.49,2.61,67419800.0,884000000.0,7105000000.0,96.47
sz000070,特发信息,8.02,-0.12,-0.01,0.13,1.37,0.87,1.87,97683000.0,889000000.0,7126000000.000001,亏损
sz000968,蓝焰控股,8.01,-0.12,-0.01,-0.13,0.66,1.1,1.62,50776700.0,968000000.0,7750000000.0,8.20
sh688162,巨一科技,39.43,-0.13,-0.05,-0.15,1.48,1.21,3.12,27340500.0,47255700.0,1863000000.0,61.85
sh688511,天微电子,31.57,-0.13,-0.04,-0.06,0.96,0.58,1.2,12083400.0,39927100.0,1260000000.0,36.34
sz300403,汉宇集团,7.85,-0.13,-0.01,-0.13,4.11,0.63,2.29,126000000.0,392000000.0,3079000000.0,25.21
837344,三元基因,15.68,-0.13,-0.02,0.0,0.01,0.8,2.42,234300.0,113999999.99999999,1780999999.9999998,272.04
sh600285,羚锐制药,15.69,-0.13,-0.02,0.0,0.86,0.75,1.4,74939600.0,559000000.0,8776000000.0,15.43
sz300852,四会富仕,39.0,-0.13,-0.05,0.1,1.37,0.88,2.87,54379200.0,102000000.0,3975000000.0,21.08
sh603956,威派格,7.8,-0.13,-0.01,-0.13,0.42,0.59,1.92,16467600.0,508000000.0,3965999999.9999995,亏损
sz000716,黑芝麻,7.62,-0.13,-0.01,-0.13,10.38,0.47,3.41,547000000.0,689000000.0,5249000000.0,136.88
sz300222,科大智能,7.59,-0.13,-0.01,-0.13,1.47,1.27,2.76,70641500.0,636000000.0,4825000000.0,亏损
sh601139,深圳燃气,7.34,-0.14,-0.01,0.0,0.36,0.52,1.63,76621400.0,2877000000.0,21115000000.0,16.25
sz300550,和仁科技,14.57,-0.14,-0.02,0.0,0.8,1.04,2.26,30363100.0,261000000.0,3801000000.0,1000.43
871634,新威凌,7.26,-0.14,-0.01,0.0,0.14,0.98,0.96,159600.0,15493900.000000002,112000000.00000001,37.21
sh603368,柳药集团,21.57,-0.14,-0.03,0.05,1.1,0.77,1.39,85877200.0,362000000.0,7813000000.0,7.48
sz300154,瑞凌股份,7.21,-0.14,-0.01,0.0,0.93,0.87,1.66,21314300.0,319000000.0,2303000000.0,21.64
sh600963,岳阳林纸,7.19,-0.14,-0.01,0.0,0.51,0.55,1.25,64999100.0,1778000000.0,12787000000.0,37.04
sh605001,威奥股份,7.06,-0.14,-0.01,0.0,0.44,0.93,1.7,12248000.0,393000000.0,2774000000.0,亏损
sh688343,云天励飞-U,56.4,-0.14,-0.08,-0.05,3.35,0.76,3.75,140000000.0,74531000.0,4204000000.0,亏损
sz300388,节能国祯,7.01,-0.14,-0.01,-0.14,0.45,0.83,1.43,22027900.0,697000000.0,4889000000.0,22.36
sz002443,金洲管道,6.96,-0.14,-0.01,0.0,1.99,1.17,1.44,71781700.0,519000000.00000006,3613000000.0000005,14.40
sz002188,中天服务,6.94,-0.14,-0.01,0.0,9.78,0.84,4.03,164000000.0,241000000.0,1672000000.0,63.06
sh603331,百达精工,13.86,-0.14,-0.02,0.07,0.75,1.0,2.09,20851000.0,202000000.0,2795000000.0,19.98
sz002135,东南网架,6.89,-0.14,-0.01,0.15,1.12,0.67,1.74,84238799.99999999,1094000000.0,7537000000.0,14.22
sh600066,宇通客车,13.69,-0.15,-0.02,-0.07,0.82,1.38,2.85,248000000.0,2214000000.0,30308999999.999996,62.86
sh601811,新华文轩,13.71,-0.15,-0.02,0.0,0.35,0.62,2.11,38057000.0,792000000.0,10857000000.0,21.18
sz300102,乾照光电,6.83,-0.15,-0.01,0.0,0.7,0.59,2.19,43587800.0,908000000.0,6204000000.0,亏损
sz002458,益生股份,13.56,-0.15,-0.02,-0.07,1.18,0.74,2.36,108000000.0,676000000.0,9173000000.0,10.73
sh688032,禾迈股份,325.2,-0.15,-0.48,-0.23,1.25,1.0,2.8,169000000.0,41478300.0,13488999999.999998,38.42
sh600426,华鲁恒升,33.4,-0.15,-0.05,0.12,0.61,0.99,2.0,429000000.0,2112000000.0,70537000000.0,22.68
sz300845,捷安高科,19.99,-0.15,-0.03,0.1,1.68,1.08,2.35,37406800.0,111000000.00000001,2225000000.0,亏损
sz000605,渤海股份,6.64,-0.15,-0.01,0.15,1.16,0.75,1.8,25908200.0,338000000.0,2242000000.0,42.83
sz300980,祥源新材,19.86,-0.15,-0.03,0.0,1.73,1.04,1.96,17375900.0,51012100.0,1013000000.0000001,218.54
871396,常辅股份,6.55,-0.15,-0.01,0.0,0.04,2.45,2.29,110800.0,39663800.0,260000000.0,26.26
sh688379,华光新材,19.52,-0.15,-0.03,-0.05,1.79,1.03,2.61,16255700.0,46617500.0,910000000.0,52.79
sz002908,德生科技,12.98,-0.15,-0.02,0.23,2.21,0.91,2.38,88261299.99999999,309000000.0,4006000000.0,90.05
sz300449,汉邦高科,6.43,-0.15,-0.01,0.0,1.99,0.62,2.64,37645000.0,296000000.0,1904000000.0,亏损
sz300718,长盛轴承,19.25,-0.16,-0.03,0.05,1.54,0.95,3.32,56441700.0,191000000.0,3670000000.0000005,27.89
sz300775,三角防务,31.28,-0.16,-0.05,-0.16,1.24,1.52,1.5,204000000.0,530999999.99999994,16597999999.999998,19.72
sz002115,三维通信,6.2,-0.16,-0.01,0.0,2.29,0.78,1.77,99792700.0,704000000.0,4364000000.0,61.85
sz301382,蜂助手,37.14,-0.16,-0.06,0.0,8.0,0.7,3.87,107000000.0,36186600.0,1344000000.0,53.57
sz300514,友讯达,12.43,-0.16,-0.02,0.16,3.12,0.6,3.13,59425800.0,154000000.0,1914000000.0,28.61
sh603225,新凤鸣,12.28,-0.16,-0.02,0.08,0.67,0.83,2.76,125000000.0,1529000000.0,18782000000.0,24.78
sz000697,*ST炼石,6.05,-0.17,-0.01,-0.17,0.34,0.7,1.16,11870100.0,577000000.0,3490000000.0,亏损
sz002975,博杰股份,36.37,-0.17,-0.06,-0.17,0.69,0.68,2.0,17521200.0,70310500.0,2557000000.0,亏损
sh600470,六国化工,6.0,-0.17,-0.01,0.0,6.02,1.14,2.83,188000000.0,522000000.0,3130000000.0,53.25
sz300285,国瓷材料,29.75,-0.17,-0.05,0.03,0.52,1.3,1.95,123000000.0,802999999.9999999,23896000000.0,60.46
sz300158,振东制药,5.91,-0.17,-0.01,0.0,1.3,0.82,1.52,78615300.0,1024000000.0,6052000000.0,亏损
sz000921,海信家电,23.63,-0.17,-0.04,0.43,0.79,0.87,2.66,168000000.0,902999999.9999999,21334000000.0,13.33
sz300217,东方电热,5.86,-0.17,-0.01,-0.17,1.4,0.82,1.87,101000000.0,1237000000.0,7247000000.0,32.32
sz000570,苏常柴Ａ,5.78,-0.17,-0.01,0.0,4.22,0.85,2.25,122000000.0,499000000.0,2883000000.0,42.60
sz300321,同大股份,17.15,-0.17,-0.03,-0.12,0.51,1.0,1.92,7468300.0,85338500.0,1464000000.0,亏损
sz002737,葵花药业,22.55,-0.18,-0.04,-0.04,0.82,1.18,1.55,108000000.0,584000000.0,13169000000.0,8.11
sz002223,鱼跃医疗,33.82,-0.18,-0.06,0.03,1.01,0.95,1.59,321000000.0,941000000.0,31829000000.000004,11.88
sz002569,ST步森,5.61,-0.18,-0.01,0.18,0.3,1.02,1.42,2334900.0,140000000.0,784000000.0,亏损
sz301393,昊帆生物,88.87,-0.18,-0.16,0.81,7.96,0.79,4.22,164000000.0,23394699.999999996,2079000000.0,66.12
sh605577,龙版传媒,11.02,-0.18,-0.02,-0.09,1.09,0.86,2.17,22614000.0,188000000.0,2076000000.0000002,8.66
sh603768,常青股份,16.57,-0.18,-0.03,0.12,0.79,0.99,3.79,26849400.0,204000000.0,3379999999.9999995,15.94
sh603683,晶华新材,11.05,-0.18,-0.02,-0.09,1.01,0.83,2.44,24000700.0,215000000.0,2373000000.0,72.58
sz002728,特一药业,16.39,-0.18,-0.03,0.06,7.64,1.26,2.25,278000000.0,224000000.00000003,3668000000.0,12.47
sz300042,朗科科技,32.54,-0.18,-0.06,0.19,3.3,0.98,3.19,192000000.0,180000000.0,5842000000.0,223.63
sz301363,美好医疗,43.11,-0.18,-0.08,0.0,0.9,0.45,1.41,15588400.0,40260500.0,1736000000.0,40.43
sz300691,联合光电,16.17,-0.18,-0.03,-0.12,3.12,0.99,3.58,98451299.99999999,198000000.0,3203000000.0,125.79
sz301388,欣灵电气,26.85,-0.19,-0.05,0.11,9.88,0.93,2.31,67163300.0,25611900.0,688000000.0,34.98
sz300445,康斯特,15.74,-0.19,-0.03,-0.13,1.46,0.64,1.9,31735600.0,138000000.0,2175000000.0,50.95
sz300421,力星股份,10.51,-0.19,-0.02,0.29,3.06,0.88,3.04,73626300.0,231000000.0,2423000000.0,45.95
sz000045,深纺织Ａ,10.48,-0.19,-0.02,0.0,0.81,1.08,2.1,38774200.0,457000000.0,4790000000.0,101.24
sz300858,科拓生物,15.57,-0.19,-0.03,0.06,2.06,0.71,1.6,38256700.0,119000000.0,1851000000.0000002,51.15
sh688786,悦安新材,46.2,-0.19,-0.09,-0.07,0.86,0.4,1.88,20787000.0,52428500.0,2422000000.0,60.30
sz300766,每日互动,15.28,-0.2,-0.03,0.0,2.28,1.03,3.92,126000000.0,364000000.0,5556000000.0,924.10
sh603998,方盛制药,10.19,-0.2,-0.02,0.0,1.77,0.78,2.15,78195500.0,434000000.0,4423000000.0,17.59
832491,奥迪威,10.15,-0.2,-0.02,0.0,0.31,0.67,2.26,3466300.0,112000000.00000001,1135000000.0,19.86
sh600765,中航重机,25.13,-0.2,-0.05,-0.04,0.63,1.03,1.59,229999999.99999997,1467000000.0,36854000000.0,34.18
sh605167,利柏特,9.98,-0.2,-0.02,-0.1,1.69,0.64,2.7,37454900.0,223000000.0,2221000000.0,32.80
834062,科润智控,4.95,-0.2,-0.01,0.0,0.09,0.49,1.01,451400.0,107000000.0,530999999.99999994,13.15
sz002117,东港股份,9.88,-0.2,-0.02,0.0,1.79,0.96,2.12,96783900.0,545000000.0,5389000000.0,29.05
sh601233,桐昆股份,14.81,-0.2,-0.03,0.14,0.62,0.7,1.75,210000000.0,2288000000.0,33877999999.999996,亏损
sh603969,银龙股份,4.86,-0.2,-0.01,0.21,0.87,1.04,2.05,35331600.0,836999999.9999999,4069000000.0,30.87
sh603909,建发合诚,14.44,-0.21,-0.03,0.07,0.47,0.85,2.97,17561000.0,261000000.0,3764000000.0,136.08
sh603261,立航科技,33.42,-0.21,-0.07,0.0,2.69,1.43,2.78,22919400.0,25754100.0,861000000.0,亏损
sz301105,鸿铭股份,38.25,-0.21,-0.08,0.0,2.16,0.66,1.28,10311400.000000002,12500000.0,478000000.0,357.30
sh603685,晨丰科技,14.18,-0.21,-0.03,-0.14,0.63,0.97,3.38,15146099.999999998,169000000.0,2396000000.0,153.70
sh603533,掌阅科技,23.5,-0.21,-0.05,-0.04,1.97,0.71,2.0,202999999.99999997,438999999.99999994,10314000000.0,386.66
sz002019,亿帆医药,13.94,-0.21,-0.03,0.07,0.47,1.61,1.29,56242700.00000001,852000000.0,11873000000.0,65.96
sz000635,英 力 特,9.18,-0.22,-0.02,-0.22,1.43,1.08,2.72,39507400.0,303000000.0,2782000000.0,亏损
sz002767,先锋电子,13.66,-0.22,-0.03,0.0,1.49,0.99,2.34,26459800.0,130000000.0,1777000000.0,227.54
sh603677,奇精机械,13.58,-0.22,-0.03,0.15,1.67,0.69,1.91,43213400.0,192000000.0,2609000000.0,37.99
sz300920,润阳科技,17.96,-0.22,-0.04,0.45,2.03,0.96,2.61,17997900.0,49509300.0,889000000.0,亏损
sh605066,天正电气,8.96,-0.22,-0.02,-0.11,1.23,0.67,2.0,25201100.0,227999999.99999997,2045000000.0,16.75
sz301391,卡莱特,97.99,-0.22,-0.22,0.05,2.19,1.0,3.34,34254000.0,15948900.000000002,1563000000.0,56.98
sh600388,龙净环保,17.77,-0.23,-0.04,-0.06,0.56,0.81,3.09,107000000.0,1081000000.0,19211000000.0,25.98
sz300161,华中数控,43.33,-0.23,-0.1,-0.14,2.47,0.94,3.38,178000000.0,169000000.0,7306000000.0,亏损
sz300212,易华录,30.31,-0.23,-0.07,0.03,1.67,0.87,2.9,325000000.0,641000000.0,19420000000.0,亏损
sh603048,浙江黎明,17.15,-0.23,-0.04,0.06,9.78,1.32,4.13,62968900.0,37720000.0,647000000.0,95.21
sh600131,国网信通,17.01,-0.23,-0.04,-0.18,0.84,0.78,2.05,171000000.0,1194000000.0,20315000000.0,40.87
sh688391,钜泉科技,63.45,-0.24,-0.15,0.0,2.27,1.44,2.58,26525800.0,18498700.0,1174000000.0,38.37
sh605499,东鹏饮料,182.07,-0.24,-0.43,-0.04,0.37,1.12,1.37,107000000.0,159000000.0,28998000000.0,36.62
sh688611,杭州柯林,37.94,-0.24,-0.09,-0.24,1.6,1.1,2.68,11878900.000000002,19565000.0,742000000.0,56.96
sz300190,维尔利,4.19,-0.24,-0.01,0.24,0.55,1.15,1.67,17781500.0,776000000.0,3252000000.0000005,76.29
sh603500,祥和实业,12.58,-0.24,-0.03,0.0,0.61,1.07,2.38,18477400.0,243000000.00000003,3053000000.0,47.99
sz300493,润欣科技,8.3,-0.24,-0.02,0.0,1.47,0.86,2.28,60984399.99999999,501000000.0,4158000000.0,131.60
sz000863,三湘印象,4.16,-0.24,-0.01,0.24,7.01,1.32,5.52,338000000.0,1164000000.0,4841000000.0,亏损
sh600757,长江传媒,8.33,-0.24,-0.02,-0.12,1.18,0.81,1.68,120000000.0,1213000000.0,10108000000.0,6.55
834014,特瑞斯,8.26,-0.24,-0.02,0.0,0.18,1.33,1.09,643199.9999999999,43532299.99999999,360000000.0,45.04
sh600373,中文传媒,12.25,-0.24,-0.03,0.16,1.03,1.04,2.12,171000000.0,1355000000.0,16600000000.0,9.70
sh605196,华通线缆,8.19,-0.24,-0.02,0.12,8.64,0.85,2.44,229000000.0,324000000.0,2653000000.0,25.77
sz301180,万祥科技,16.33,-0.24,-0.04,-0.06,2.47,1.17,3.05,23048400.0,57866000.0,944999999.9999999,172.51
sz002634,棒杰股份,8.17,-0.24,-0.02,0.0,0.85,0.77,2.2,26526200.0,382000000.0,3121000000.0,251.76
sh688360,德马科技,20.4,-0.24,-0.05,-0.05,0.8,1.36,2.2,19406000.0,120000000.0,2447000000.0,28.68
sz300034,钢研高纳,24.2,-0.25,-0.06,-0.04,0.43,1.26,2.97,75341500.0,731000000.0,17688000000.0,78.10
sh688273,麦澜德,36.0,-0.25,-0.09,0.03,4.46,0.89,3.1,37461300.0,23413200.0,843000000.0,27.96
sz002980,华盛昌,32.02,-0.25,-0.08,0.03,0.56,0.42,2.9,23871900.0,133000000.0,4269000000.0,51.82
sh688501,青达环保,19.95,-0.25,-0.05,-0.05,1.18,0.78,2.6,19301800.0,81716200.0,1630000000.0,584.52
sz000410,沈阳机床,7.98,-0.25,-0.02,0.0,0.38,0.71,1.75,50363200.0,1680999999.9999998,13413999999.999998,亏损
sz301102,兆讯传媒,23.73,-0.25,-0.06,0.0,1.2,0.41,1.18,20237300.0,71136500.0,1688000000.0,27.32
sz002899,英派斯,15.81,-0.25,-0.04,-0.06,1.65,0.7,2.21,31467600.000000004,120000000.0,1897000000.0,141.35
sz002270,华明装备,11.85,-0.25,-0.03,0.08,2.06,1.11,2.19,185000000.0,759000000.0,8997000000.0,22.51
sz001328,登康口腔,35.36,-0.25,-0.09,0.03,11.22,0.6,1.78,166000000.0,42179399.99999999,1491000000.0,47.15
sz001222,源飞宠物,15.66,-0.26,-0.04,0.0,3.73,0.68,2.23,28016500.0,47740000.0,748000000.0,35.28
sh688685,迈信林,19.53,-0.26,-0.05,0.0,1.46,1.06,2.3,16126800.0,56616700.0,1106000000.0,74.20
sh688622,禾信仪器,31.32,-0.26,-0.08,0.32,0.69,0.7,2.42,8144299.999999999,37967500.0,1189000000.0,亏损
sz001218,丽臣实业,23.2,-0.26,-0.06,0.17,1.08,1.08,1.68,18591500.0,74018100.0,1717000000.0000002,19.75
sh603706,东方环宇,15.46,-0.26,-0.04,0.13,0.81,1.86,1.29,23709600.0,189000000.0,2928000000.0,11.08
832735,德源药业,23.13,-0.26,-0.06,0.0,0.06,0.76,1.12,771400.0,53875100.0,1246000000.0,14.10
sh688143,长盈通,30.76,-0.26,-0.08,0.03,1.72,0.53,3.6,13845000.0,26076400.0,802000000.0,亏损
sh601827,三峰环境,7.63,-0.26,-0.02,0.13,0.28,1.07,1.31,35400500.0,1678000000.0,12805000000.000002,9.15
sh603915,国茂股份,18.96,-0.26,-0.05,-0.05,0.64,0.84,3.0,79352100.0,654000000.0,12399000000.0,39.05
sh603360,百傲化学,11.35,-0.26,-0.03,0.0,0.66,0.64,2.02,27015800.0,358000000.0,4059000000.0000005,14.08
sz002778,中晟高科,15.04,-0.27,-0.04,0.07,0.95,1.29,1.39,17737900.0,125000000.0,1876000000.0000002,353.32
871753,天纺标,7.54,-0.27,-0.02,0.0,2.06,0.72,2.65,2652600.0,17265000.0,130000000.0,41.34
sz300549,优德精密,22.53,-0.27,-0.06,0.0,5.8,0.54,5.27,133000000.0,101000000.0,2277000000.0,101.01
sh600732,爱旭股份,26.16,-0.27,-0.07,0.0,0.9,0.73,1.98,375000000.0,1597000000.0,41780000000.0,17.03
sz300201,海伦哲,3.72,-0.27,-0.01,0.0,1.05,1.28,2.68,40600000.0,1036000000.0,3856000000.0,43.98
sz300781,因赛集团,22.32,-0.27,-0.06,-0.09,1.24,0.62,3.35,22403500.0,81104200.0,1810000000.0000002,52.70
sh603201,常润股份,22.32,-0.27,-0.06,0.05,2.06,1.1,2.01,12754000.0,27822700.0,621000000.0,22.78
sh600501,航天晨光,14.85,-0.27,-0.04,0.07,1.15,1.15,2.55,71637800.0,421000000.0,6256000000.0,亏损
sz000400,许继电气,22.25,-0.27,-0.06,-0.05,0.98,1.51,2.51,217000000.0,1008000000.0,22435000000.0,37.94
sz300329,海伦钢琴,7.35,-0.27,-0.02,0.0,1.54,1.06,1.22,28444500.0,252000000.0,1853000000.0,134.55
sz000972,中基健康,3.67,-0.27,-0.01,-0.27,0.74,0.56,1.36,21039100.0,771000000.0,2831000000.0,41.92
sz001255,博菲电气,36.55,-0.27,-0.1,-0.03,3.21,0.91,2.13,23512300.0,20000000.0,731000000.0,38.97
sz001296,长江材料,21.91,-0.27,-0.06,0.09,6.44,0.62,1.82,52945900.0,37640700.0,825000000.0,31.50
sh688575,亚辉龙,18.19,-0.27,-0.05,0.0,0.53,0.52,1.75,25310200.0,261000000.0,4743000000.0,31.80
sz300971,博亚精工,25.36,-0.28,-0.07,-0.12,1.67,0.72,2.16,23366500.0,55380000.0,1404000000.0,33.72
sh600579,克劳斯,7.24,-0.28,-0.02,0.0,0.49,0.74,2.2,17602700.0,498000000.00000006,3604000000.0,亏损
sh600721,百花医药,7.21,-0.28,-0.02,0.0,0.83,0.74,2.77,22571500.0,378000000.0,2727000000.0,101.95
sz002208,合肥城建,7.17,-0.28,-0.02,0.0,2.97,0.8,2.64,132000000.0,622000000.0,4462000000.0,49.35
sh600237,铜峰电子,7.18,-0.28,-0.02,-0.14,2.11,0.7,1.94,85157600.0,564000000.0,4052000000.0000005,45.44
sz002422,科伦药业,28.66,-0.28,-0.08,0.07,0.71,0.73,2.02,240000000.0,1180000000.0,33826000000.0,13.04
sz000797,中国武夷,3.58,-0.28,-0.01,0.0,7.29,0.88,3.9,411000000.00000006,1570000000.0,5621000000.0,亏损
sh688231,隆达股份,25.06,-0.28,-0.07,0.0,1.04,0.77,2.75,30215000.0,117000000.0,2931000000.0,59.92
sz002633,申科股份,10.64,-0.28,-0.03,0.28,1.24,1.32,2.16,19682800.0,149000000.0,1590000000.0,亏损
sz300162,雷曼光电,7.03,-0.28,-0.02,-0.14,2.06,0.53,2.98,38193700.0,264000000.0,1857999999.9999998,亏损
sz301058,中粮科工,14.05,-0.28,-0.04,0.14,2.56,0.94,2.98,72518500.0,202999999.99999997,2858000000.0,53.34
sz002835,同为股份,17.51,-0.28,-0.05,0.06,2.77,0.84,1.88,61352200.0,127000000.0,2229000000.0,111.00
sh603290,斯达半导,216.49,-0.29,-0.62,0.01,1.04,1.27,2.5,380000000.0,171000000.0,36977000000.0,44.83
sz300406,九强生物,20.89,-0.29,-0.06,0.14,1.19,1.35,2.72,83689900.0,339000000.0,7077000000.0,27.68
832110,雷特科技,13.9,-0.29,-0.04,0.0,0.45,1.77,1.15,745100.0,12027000.0,167000000.0,13.79
sz000551,创元科技,10.44,-0.29,-0.03,0.0,0.75,0.93,2.01,31076700.0,400000000.0,4177000000.0000005,27.43
sh688776,国光电气,78.76,-0.29,-0.23,-0.23,1.89,1.58,5.58,48640100.0,33385900.0,2629000000.0,104.38
sz300497,富祥药业,13.64,-0.29,-0.04,0.74,0.96,0.71,1.46,58222500.0,447000000.0,6101000000.0,亏损
sz000811,冰轮环境,17.05,-0.29,-0.05,0.06,1.22,0.72,1.87,156000000.0,746000000.0,12716000000.0,29.53
sz002045,国光电器,13.57,-0.29,-0.04,-0.07,2.67,1.0,2.35,169000000.0,468000000.0,6347000000.0,222.21
873527,夜光明,6.77,-0.29,-0.02,0.0,0.1,0.73,1.33,180600.0,25873700.0,175000000.0,68.59
sz300963,中洲特材,13.41,-0.3,-0.04,0.0,2.29,0.95,2.68,31727800.000000004,104000000.0,1395000000.0,37.32
sz301512,智信精密,67.02,-0.3,-0.2,-0.03,31.96,0.58,5.73,291000000.0,13333400.0,894000000.0,亏损
sh605208,永茂泰,10.05,-0.3,-0.03,0.0,3.44,1.17,4.17,58116000.0,169000000.0,1694000000.0000002,亏损
sz002524,光正眼科,6.66,-0.3,-0.02,0.0,1.26,1.07,1.5,43049900.0,512000000.0,3410000000.0,亏损
sz002047,宝鹰股份,3.32,-0.3,-0.01,0.3,0.99,0.59,2.1,44078100.00000001,1339000000.0,4445000000.0,亏损
sz003018,金富科技,9.94,-0.3,-0.03,0.2,3.15,1.72,2.81,23791500.0,75896700.0,754000000.0,33.16
sz300598,诚迈科技,49.6,-0.3,-0.15,0.02,2.83,1.3,3.6,225999999.99999997,160000000.0,7940000000.000001,亏损
sz300470,中密控股,42.85,-0.3,-0.13,-0.02,0.53,1.2,1.56,44678600.0,198000000.0,8498999999.999999,27.68
sz300801,泰和科技,16.45,-0.3,-0.05,0.0,0.73,0.64,1.03,16142500.0,135000000.0,2224000000.0,27.95
sz301036,双乐股份,19.57,-0.31,-0.06,0.15,2.03,1.18,3.06,16279500.0,41115500.0,805000000.0000001,亏损
sh688138,清溢光电,19.5,-0.31,-0.06,0.41,0.59,1.32,3.63,30550400.0,267000000.0,5203000000.0,66.94
sh688076,诺泰生物,32.3,-0.31,-0.1,-0.12,1.68,1.46,3.06,79632000.0,146000000.0,4728000000.0,81.92
sh603656,泰禾智能,12.85,-0.31,-0.04,0.0,1.15,0.58,2.71,22406200.0,152000000.0,1954000000.0,亏损
sz001208,华菱线缆,9.62,-0.31,-0.03,0.0,2.2,1.79,1.55,52613800.0,250000000.0,2401000000.0,69.36
sz000690,宝新能源,6.37,-0.31,-0.02,0.0,0.93,0.54,2.35,128000000.0,2174000000.0,13851000000.0,134.78
sz002925,盈趣科技,19.01,-0.32,-0.06,0.0,0.38,1.12,1.68,53036000.0,736000000.0,13988999999.999998,46.39
sh603297,永新光学,82.2,-0.32,-0.26,-0.19,0.65,0.83,2.84,58730900.0,110000000.00000001,9039000000.0,47.90
sz002335,科华数据,34.7,-0.32,-0.11,0.0,1.86,0.86,1.32,256000000.0,397000000.0,13786000000.000002,27.90
sh600847,万里股份,12.59,-0.32,-0.04,0.08,0.65,1.03,2.77,12343100.0,153000000.0,1930000000.0,亏损
sh688207,格灵深瞳,21.95,-0.32,-0.07,-0.05,1.09,0.86,2.13,41831200.0,175000000.0,3840999999.9999995,亏损
sz300543,朗科智能,9.39,-0.32,-0.03,0.0,1.17,0.92,2.65,23237900.0,211000000.0,1985000000.0000002,201.69
833873,中设咨询,3.12,-0.32,-0.01,0.0,1.31,0.53,2.56,4343000.0,106000000.0,331000000.0,亏损
sz000682,东方电子,9.3,-0.32,-0.03,0.0,0.92,0.89,1.61,114999999.99999999,1341000000.0,12468000000.0,40.59
sh603937,丽岛新材,12.29,-0.32,-0.04,0.0,0.79,0.83,1.86,20231600.0,209000000.0,2567000000.0,43.77
sh603058,永吉股份,9.23,-0.32,-0.03,-0.11,0.78,1.07,2.27,30033500.0,416000000.0,3844000000.0,31.36
sh603928,兴业股份,12.29,-0.32,-0.04,0.16,0.63,1.31,3.33,15448800.000000002,202000000.0,2478000000.0,31.04
sz002963,豪尔赛,15.36,-0.33,-0.05,0.0,1.02,0.97,1.49,19206500.0,123000000.0,1889000000.0,320.87
sh688210,统联精密,18.4,-0.33,-0.06,0.27,1.46,1.0,5.63,27585400.0,104000000.0,1905000000.0,亏损
sz002808,ST恒久,6.11,-0.33,-0.02,-0.16,2.38,0.83,2.61,26985600.0,186000000.0,1139000000.0,亏损
sh600761,安徽合力,21.36,-0.33,-0.07,-0.14,0.77,0.74,2.24,121000000.0,740000000.0,15811000000.000002,15.04
sz001205,盛航股份,21.23,-0.33,-0.07,-0.05,0.75,1.04,1.5,18459900.0,117000000.0,2474000000.0,19.98
835179,凯德石英,21.08,-0.33,-0.07,0.0,0.17,0.74,0.95,1571500.0,43909700.0,926000000.0,31.28
sz300268,*ST佳沃,17.99,-0.33,-0.06,0.0,0.69,1.34,2.38,16442300.0,134000000.00000001,2403000000.0,亏损
sz301166,优宁维,44.45,-0.34,-0.15,0.0,2.6,1.24,2.47,47700100.0,41268900.0,1834000000.0,53.73
sz001267,汇绿生态,5.94,-0.34,-0.02,0.0,2.11,0.51,3.02,45489600.0,362000000.0,2149000000.0,222.64
sz300282,*ST三盛,2.95,-0.34,-0.01,0.0,1.35,0.82,2.7,14847900.0,374000000.0,1104000000.0,亏损
sz300992,泰福泵业,20.56,-0.34,-0.07,-0.15,6.05,2.6,4.7,54680700.0,43547700.00000001,894999999.9999999,45.64
sh600103,青山纸业,2.93,-0.34,-0.01,-0.34,2.57,0.91,2.04,172000000.0,2306000000.0,6756000000.0,28.33
sz300459,汤姆猫,5.87,-0.34,-0.02,0.0,3.15,0.7,2.55,553000000.0,3001000000.0,17615000000.0,50.48
sz300091,金通灵,2.92,-0.34,-0.01,0.0,2.44,1.3,3.41,75507000.0,1071000000.0000001,3128000000.0,亏损
sz000899,赣能股份,8.69,-0.34,-0.03,-0.12,1.02,1.32,2.98,85388000.0,976000000.0,8479000000.000001,381.76
833523,德瑞锂电,11.52,-0.35,-0.04,0.0,0.13,0.89,1.04,695400.0000000001,45099300.0,520000000.0,44.74
sz300366,创意信息,11.53,-0.35,-0.04,0.0,3.52,0.82,2.77,200999999.99999997,496000000.0,5715000000.0,70.75
sz301121,紫建电子,45.82,-0.35,-0.16,0.26,4.82,0.63,2.65,38763100.0,17700800.0,811000000.0,亏损
sh600293,三峡新材,2.85,-0.35,-0.01,-0.35,0.95,0.89,2.1,31151500.0,1160000000.0,3306000000.0,亏损
836221,易实精密,8.52,-0.35,-0.03,0.0,10.3,1.65,8.19,21581900.0,25191800.0,215000000.0,21.78
sz300209,ST有棵树,2.83,-0.35,-0.01,0.36,0.78,0.76,2.11,8589100.0,390000000.0,1104000000.0,亏损
sh600212,绿能慧充,8.47,-0.35,-0.03,-0.12,1.04,0.9,2.35,45037900.0,512000000.0,4334000000.0,亏损
sh605277,新亚电子,14.08,-0.35,-0.05,0.0,5.32,1.31,3.61,83424000.0,110000000.00000001,1548000000.0,31.19
sh688114,华大智造,88.66,-0.36,-0.32,0.0,0.6,0.35,2.02,18023200.0,33714700.0,2989000000.0,亏损
sh688638,誉辰智能,68.95,-0.36,-0.25,0.0,4.89,0.83,1.57,30105200.0,8947400.0,617000000.0,亏损
sz000663,永安林业,11.03,-0.36,-0.04,0.0,1.52,0.8,2.89,51330300.0,306000000.0,3378000000.0,17.13
sz301059,金三江,13.78,-0.36,-0.05,0.07,2.42,1.52,3.18,21765500.0,65636400.0,903999999.9999999,54.02
sh601158,重庆水务,5.49,-0.36,-0.02,0.0,0.24,1.98,1.27,64879200.0,4800000000.0,26352000000.0,23.00
sz001308,康冠科技,27.37,-0.36,-0.1,0.0,2.03,1.32,1.86,39768600.0,71755600.0,1964000000.0,18.41
sh688083,中望软件,142.5,-0.36,-0.52,0.05,0.81,0.85,2.06,79631400.0,68732700.0,9794000000.0,亏损
sh603267,鸿远电子,57.14,-0.37,-0.21,0.0,1.54,1.37,1.85,202999999.99999997,231999999.99999997,13247999999.999998,32.64
sz300298,三诺生物,24.44,-0.37,-0.09,-0.04,0.67,0.67,2.98,74675400.0,455000000.0,11129000000.0,50.95
838030,德众汽车,2.71,-0.37,-0.01,0.0,0.38,1.8,8.82,963100.0,95386700.0,258000000.0,41.84
sz300893,松原股份,24.29,-0.37,-0.09,0.0,2.77,0.81,5.21,37948100.0,56850000.0,1381000000.0,42.18
sz300335,迪森股份,5.4,-0.37,-0.02,0.19,3.62,1.36,2.4,75087500.0,386000000.0,2087000000.0,49.38
sz002387,维信诺,8.0,-0.37,-0.03,0.0,0.51,0.8,2.37,56025000.0,1372000000.0,10975000000.0,亏损
sz002413,雷科防务,5.28,-0.38,-0.02,0.0,2.6,0.79,2.64,171000000.0,1251000000.0,6603000000.0,106.68
sz300853,申昊科技,29.01,-0.38,-0.11,-0.03,1.66,0.96,1.99,50511500.0,105000000.0,3048000000.0,18.70
sz300197,节能铁汉,2.63,-0.38,-0.01,0.0,1.74,0.81,2.27,90384900.0,1989999999.9999998,5233000000.0,98.93
sh603013,亚普股份,15.76,-0.38,-0.06,0.0,1.41,1.43,4.3,112000000.00000001,511000000.00000006,8059000000.0,16.04
sz300346,南大光电,31.34,-0.38,-0.12,0.0,1.59,1.56,3.37,254000000.0,513000000.0,16088999999.999998,56.82
sh600226,瀚叶股份,2.61,-0.38,-0.01,0.0,0.53,1.26,1.91,42849000.0,3115000000.0,8131000000.0,47.28
sh688289,圣湘生物,18.13,-0.39,-0.07,0.0,0.56,1.08,1.37,35192600.0,349000000.0,6331000000.0,44.44
sh600421,华嵘控股,10.35,-0.39,-0.04,0.0,0.65,0.54,2.6,13071600.0,196000000.0,2023999999.9999998,亏损
sz300581,晨曦航空,10.34,-0.39,-0.04,-0.1,1.28,1.25,2.41,72101700.0,550000000.0,5688000000.0,亏损
sz301355,南王科技,18.07,-0.39,-0.07,0.0,7.93,0.64,2.65,65751700.0,46265000.0,836000000.0,50.74
sh601177,杭齿前进,10.32,-0.39,-0.04,0.0,1.25,0.87,1.83,51698600.0,400000000.0,4129000000.0,15.74
sz301163,宏德股份,28.31,-0.39,-0.11,0.0,2.63,0.49,2.6,25259500.0,34027400.0,963000000.0000001,34.48
sh603183,建研院,5.13,-0.39,-0.02,-0.2,1.7,0.73,1.75,42831800.0,492000000.0,2522000000.0,121.2
sh605168,三人行,76.9,-0.39,-0.3,0.0,0.8,0.82,1.89,89738400.0,146000000.0,11242000000.0,20.03
sz002381,双箭股份,7.66,-0.39,-0.03,0.0,0.99,1.1,1.69,24514699.999999996,322000000.0,2467000000.0,14.5
sz301133,金钟股份,28.1,-0.39,-0.11,0.36,22.21,1.69,5.96,189000000.0,30760900.0,864000000.0,42.39
sh688366,昊海生科,91.19,-0.39,-0.36,0.0,1.02,0.86,2.62,109000000.00000001,117000000.0,10650000000.0,48.1
sz301312,智立方,85.9,-0.39,-0.34,0.0,4.26,0.75,4.31,61376000.0,16816300.0,1445000000.0,46.78
sz002674,兴业科技,12.65,-0.39,-0.05,0.0,1.04,1.14,3.15,38261200.0,289000000.0,3654000000.0,32.53
sz301232,飞沃科技,58.03,-0.4,-0.23,-0.03,5.6,0.93,2.49,41183000.0,12773000.0,741000000.0,37.56
sz001278,一彬科技,22.65,-0.4,-0.09,0.04,6.29,1.06,3.96,43838700.0,30933400.0,701000000.0,37.12
sh688290,景业智能,60.29,-0.4,-0.24,0.38,1.13,1.89,2.84,30633800.0,44971700.0,2711000000.0,256.15
873576,天力复合,17.5,-0.4,-0.07,0.0,9.05,0.85,9.62,46705100.0,29817199.999999996,522000000.0,25.59
sh688711,宏微科技,57.54,-0.4,-0.23,0.47,2.09,1.81,4.9,136000000.0,114999999.99999999,6598999999.999999,70.64
sz300650,太龙股份,12.45,-0.4,-0.05,-0.24,2.69,0.73,2.72,49670700.0,149000000.0,1861000000.0,132.56
sh603995,甬金股份,24.93,-0.4,-0.1,0.12,0.61,0.94,1.96,50738900.0,336000000.0,8373999999.999999,25.32
sz002970,锐明技术,29.64,-0.4,-0.12,0.0,3.68,1.21,3.09,98905400.00000001,91505100.0,2712000000.0,53.23
sz300733,西菱动力,12.29,-0.41,-0.05,0.0,1.49,0.86,2.51,41132000.0,224000000.00000003,2754000000.0,91.57
sz002203,海亮股份,12.29,-0.41,-0.05,-0.08,0.15,0.96,1.22,35096600.0,1927000000.0,23681000000.0,18.33
sz002516,旷达科技,4.91,-0.41,-0.02,0.41,1.86,1.86,3.45,86313400.0,952999999.9999999,4679000000.0,54.48
sz300626,华瑞股份,9.8,-0.41,-0.04,0.31,1.81,1.18,3.05,31409800.0,177000000.0,1738000000.0,4016.01
sz300909,汇创达,24.43,-0.41,-0.1,0.08,1.72,0.81,2.12,25483500.0,60593400.0,1480000000.0,100.37
sz301230,泓博医药,46.34,-0.41,-0.19,0.0,5.23,0.49,2.23,58467200.0,24255000.0,1124000000.0,81.62
830946,森萱医药,7.3,-0.41,-0.03,0.0,0.17,0.77,1.36,5193099.999999999,426999999.99999994,3115000000.0,17.16
sz002256,兆新股份,2.41,-0.41,-0.01,0.0,2.41,0.45,2.89,80679100.0,1396000000.0,3364000000.0,亏损
sh605287,德才股份,19.27,-0.41,-0.08,-0.05,5.8,0.72,3.41,98874500.0,87956299.99999999,1695000000.0,14.22
sh600587,新华医疗,30.78,-0.42,-0.13,-0.07,1.31,1.34,2.59,164000000.0,405999999.99999994,12510000000.0,18.28
sh600875,XD东方电,18.78,-0.42,-0.08,0.0,0.62,1.29,1.8,236000000.0,2014999999.9999998,37844000000.0,14.37
sz300696,爱乐达,23.34,-0.43,-0.1,-0.04,1.17,0.98,2.35,47862400.0,177000000.0,4140999999.9999995,30.33
sz001229,魅视科技,30.06,-0.43,-0.13,0.07,3.27,1.25,2.25,24473800.0,25000000.0,751000000.0,46.57
833429,康比特,6.88,-0.43,-0.03,0.0,0.1,0.56,0.87,337299.99999999994,50925200.00000001,350000000.0,19.94
sz300723,一品红,27.49,-0.43,-0.12,0.15,0.96,1.04,2.25,56649600.0,216000000.0,5925000000.0,27.68
sh603861,白云电器,9.16,-0.43,-0.04,-0.22,0.76,0.94,1.63,29644000.0,424000000.0,3884000000.0000005,28.55
sh603099,长白山,13.72,-0.43,-0.06,0.15,1.75,0.96,2.4,63797200.0,267000000.0,3659000000.0000005,亏损
sz000159,国际实业,6.84,-0.44,-0.03,0.0,1.23,1.61,2.48,40105500.0,480999999.99999994,3288000000.0000005,171.55
sh600509,天富能源,6.83,-0.44,-0.03,0.0,1.12,0.84,1.31,88524200.0,1151000000.0,7864000000.0,18.45
sz001230,劲旅环境,25.03,-0.44,-0.11,0.0,1.77,0.86,1.31,17552600.0,39458400.0,988000000.0000001,21.77
sz002247,聚力文化,2.27,-0.44,-0.01,0.44,5.58,0.79,3.51,81362800.0,644000000.0,1461000000.0,279.16
sz300660,江苏雷利,29.5,-0.44,-0.13,0.51,2.22,0.75,2.9,206999999.99999997,317000000.0,9348000000.0,32.60
sh603176,汇通集团,6.73,-0.44,-0.03,-0.15,3.12,0.74,2.22,31651700.0,150000000.0,1009000000.0,亏损
sz300602,飞荣达,15.64,-0.45,-0.07,-0.06,2.0,0.57,1.85,99622099.99999999,319000000.0,4989000000.0,亏损
sh688337,普源精电,53.3,-0.45,-0.24,-0.02,1.44,1.01,2.17,43046500.0,56296300.0,3001000000.0,103.52
sh603131,上海沪工,13.16,-0.45,-0.06,0.0,2.19,0.71,3.25,90964100.0,318000000.0,4185000000.0,150.13
sz002850,科达利,124.93,-0.45,-0.57,0.01,0.57,0.74,2.71,112999999.99999999,158000000.0,19756000000.0,30.51
sz300517,海波重科,15.33,-0.46,-0.07,0.0,1.48,0.46,2.27,28141900.0,124000000.0,1901000000.0000002,115.52
sz300020,银江技术,8.75,-0.46,-0.04,0.0,1.91,1.25,3.3,104000000.0,627000000.0,5488000000.0,28.90
sz301131,聚赛龙,39.33,-0.46,-0.18,0.0,1.71,0.93,2.13,15459500.0,23074200.0,908000000.0,70.88
832149,利尔达,4.37,-0.46,-0.02,0.0,0.5,1.77,1.37,2390200.0,111000000.00000001,483000000.0,60.20
sz300284,苏交科,6.54,-0.46,-0.03,0.15,4.1,1.16,4.57,233000000.0,871000000.0000001,5695000000.0,40.97
sh688004,博汇科技,30.43,-0.46,-0.14,0.07,2.13,0.83,2.16,30097399.999999996,46520000.0,1416000000.0,亏损
sz300105,龙源技术,6.51,-0.46,-0.03,0.0,0.87,1.13,2.6,29075700.0,513000000.0,3340999999.9999995,亏损
sh688286,敏芯股份,54.12,-0.46,-0.25,0.0,1.05,0.96,2.41,20168700.0,35627100.0,1928000000.0,亏损
sz301065,本立科技,21.63,-0.46,-0.1,-0.05,2.05,0.77,2.02,20157900.0,45625300.0,986999999.9999999,46.26
sz301213,观想科技,45.33,-0.46,-0.21,0.09,9.32,1.04,3.8,119000000.0,28756400.0,1304000000.0,634.92
sh605058,澳弘电子,21.44,-0.46,-0.1,0.14,2.67,0.74,1.44,24693200.0,42924000.0,919999999.9999999,25.10
sz300065,海兰信,10.72,-0.46,-0.05,0.19,5.14,1.79,2.51,361000000.0,658000000.0,7055000000.0,413.19
836239,长虹能源,15.01,-0.46,-0.07,0.0,0.61,0.96,1.06,4504300.0,49411800.0,742000000.0,亏损
sz300464,星徽股份,6.43,-0.46,-0.03,-0.31,3.62,0.37,2.79,72421600.0,313000000.0,2011000000.0,122.30
sh603786,科博达,80.8,-0.47,-0.38,0.0,1.11,1.88,6.87,355000000.0,401000000.0,32422000000.000004,61.93
sz301037,保立佳,19.06,-0.47,-0.09,-0.11,2.88,0.72,2.4,15527100.0,28254800.0,539000000.0,亏损
sh600386,北巴传媒,4.23,-0.47,-0.02,0.0,1.62,1.15,1.88,55363100.00000001,806000000.0,3411000000.0,亏损
sh603150,万朗磁塑,27.37,-0.47,-0.13,-0.04,1.23,0.9,1.78,17158600.0,51033400.0,1397000000.0,20.26
sz000777,中核科技,14.71,-0.47,-0.07,-0.14,2.63,0.66,3.18,147000000.0,383000000.0,5640000000.0,亏损
830809,安达科技,8.4,-0.47,-0.04,0.0,0.33,1.99,0.83,8463500.0,308000000.0,2583000000.0,55.07
sh688234,天岳先进,68.91,-0.48,-0.33,-0.09,0.45,0.78,1.79,47444500.0,154000000.0,10595000000.0,亏损
sh688335,复洁环保,24.98,-0.48,-0.12,0.0,0.71,0.89,2.43,12431400.000000002,69570000.0,1738000000.0,20.67
sz000892,欢瑞世纪,4.16,-0.48,-0.02,0.0,1.94,0.84,1.91,57241899.99999999,711000000.0,2957000000.0,129.10
sz301002,崧盛股份,20.78,-0.48,-0.1,0.0,1.54,1.1,2.54,18483000.0,58250800.0,1210000000.0,145.98
sz002262,恩华药业,27.02,-0.48,-0.13,0.07,1.2,1.87,2.8,284000000.0,882000000.0,23825000000.0,29.93
sh603390,通达电气,8.29,-0.48,-0.04,-0.24,1.34,1.79,5.16,39417200.0,352000000.0,2915000000.0,83.38
sh603177,德创环保,14.48,-0.48,-0.07,0.14,0.73,0.76,1.51,21733700.0,204000000.0,2957000000.0,650.98
sz002712,思美传媒,6.19,-0.48,-0.03,0.0,1.97,0.88,1.77,65443900.0,538000000.0,3328000000.0,463.43
870299,灿能电力,4.12,-0.48,-0.02,0.0,0.37,2.05,1.93,417900.0,27138100.0,112000000.00000001,36.40
sz002876,三利谱,32.89,-0.48,-0.16,0.0,1.67,0.86,2.69,81276900.0,149000000.0,4893000000.0,116.98
sz002433,*ST太安,2.05,-0.48,-0.01,0.0,1.29,0.77,1.94,19672600.0,744000000.0,1526000000.0,亏损
sh600983,惠而浦,8.2,-0.48,-0.04,0.12,0.16,0.82,1.46,10155300.0,766000000.0,6285000000.0,137.87
sz300049,福瑞股份,22.57,-0.48,-0.11,-0.09,1.42,0.95,2.07,73831700.0,231000000.0,5207000000.0,114.16
sz301270,汉仪股份,44.99,-0.49,-0.22,0.02,4.6,0.73,2.26,41511300.0,20065400.0,902999999.9999999,166.74
sz300446,乐凯新材,14.25,-0.49,-0.07,0.0,8.67,1.95,8.03,250999999.99999997,198000000.0,2819000000.0,523.61
sh688519,南亚新材,24.4,-0.49,-0.12,0.0,1.46,1.04,2.45,32875900.0,91909700.0,2243000000.0,亏损
sz002889,东方嘉盛,20.3,-0.49,-0.1,0.0,2.04,0.59,2.11,51957299.99999999,125000000.0,2545000000.0,16.36
sz002505,鹏都农牧,2.01,-0.49,-0.01,-0.5,1.55,0.83,2.97,198000000.0,6374000000.0,12812000000.0,亏损
sh605507,国邦医药,22.05,-0.5,-0.11,0.0,1.08,1.34,0.99,71681300.0,302000000.0,6653000000.0,15.83
sz002864,盘龙药业,38.01,-0.5,-0.19,0.03,3.46,1.17,2.3,85575000.0,64632400.0,2457000000.0,42.72
sz300229,拓尔思,22.02,-0.5,-0.11,0.0,2.71,0.83,2.4,474000000.0,795000000.0,17499000000.0,145.00
sh603022,新通联,10.0,-0.5,-0.05,-0.2,0.59,0.94,1.49,11921199.999999998,200000000.0,2000000000.0,46.39
sz002593,日上集团,4.0,-0.5,-0.02,-0.25,2.8,1.61,3.23,63792600.0,570000000.0,2282000000.0,49.47
sz300929,华骐环保,11.98,-0.5,-0.06,0.0,2.2,0.84,1.5,25104200.0,95400300.0,1143000000.0,89.29
836699,海达尔,9.97,-0.5,-0.05,0.0,2.01,1.3,0.7,2091800.0,10425300.0,104000000.0,15.09
sz300739,明阳电路,13.9,-0.5,-0.07,0.0,0.6,0.69,2.79,24254800.0,291000000.0,4050000000.0,42.56
sz300037,新宙邦,47.67,-0.5,-0.24,-0.25,0.56,1.04,1.92,143000000.0,538000000.0,25667000000.0,36.19
sh688257,新锐股份,27.55,-0.51,-0.14,0.0,0.94,0.58,1.73,21319899.999999996,82658100.0,2277000000.0,20.91
sz300701,森霸传感,9.84,-0.51,-0.05,-0.41,1.24,1.02,2.53,29424000.0,241000000.0,2370000000.0,85.06
sz002838,道恩股份,15.66,-0.51,-0.08,-0.06,0.64,1.53,1.08,38833100.0,388000000.0,6070000000.0,50.64
sz002322,理工能科,9.78,-0.51,-0.05,-0.1,2.83,3.01,3.46,99814400.0,360000000.0,3520000000.0000005,54.90
sh605128,上海沿浦,46.84,-0.51,-0.24,0.06,6.2,0.79,6.27,121000000.0,41710200.00000001,1954000000.0,83.92
sh600743,华远地产,1.95,-0.51,-0.01,0.0,6.58,1.29,7.14,301000000.0,2346000000.0,4575000000.0,亏损
sz301067,显盈科技,21.45,-0.51,-0.11,0.05,1.28,0.73,2.18,12413800.000000002,45201100.0,969999999.9999999,993.75
sz002849,威星智能,15.54,-0.51,-0.08,-0.13,2.19,0.56,1.6,64029000.0,188000000.0,2924000000.0,101.81
sh603070,万控智造,17.46,-0.51,-0.09,0.0,3.69,0.46,1.43,52148200.0,81086000.0,1416000000.0,60.76
sz300632,光莆股份,11.6,-0.52,-0.06,-0.17,1.28,0.61,2.23,30472800.000000004,204999999.99999997,2378000000.0,30.17
sz000889,ST中嘉,1.93,-0.52,-0.01,0.0,1.38,0.44,2.58,22957500.0,869999999.9999999,1679000000.0,亏损
sz300491,通合科技,26.98,-0.52,-0.14,-0.04,2.04,0.67,2.58,85002099.99999999,154000000.0,4167000000.0,74.45
sz300320,海达股份,7.67,-0.52,-0.04,0.0,1.14,1.48,2.08,43352700.00000001,495000000.0,3800000000.0,35.22
sz002802,洪汇新材,11.48,-0.52,-0.06,0.09,0.82,0.82,2.08,17133200.0,181000000.0,2079000000.0,49.93
sz301025,读客文化,11.44,-0.52,-0.06,0.26,3.15,0.74,2.52,34460200.0,95828700.00000001,1096000000.0,189.32
sh603351,威尔药业,26.68,-0.52,-0.14,0.04,0.8,2.59,2.69,28505000.0,133000000.0,3538000000.0000005,34.34
sz002549,凯美特气,11.44,-0.52,-0.06,-0.09,1.63,0.51,3.39,113999999.99999999,621000000.0,7101000000.000001,亏损
sz002031,巨轮智能,3.79,-0.53,-0.02,0.0,7.8,0.69,3.67,567000000.0,1934000000.0,7329000000.000001,377.46
sz002332,仙琚制药,13.23,-0.53,-0.07,0.08,0.71,0.81,1.88,92061400.0,976000000.0,12912000000.0,24.58
sz002159,三特索道,17.0,-0.53,-0.09,0.0,2.49,0.97,3.51,57867400.0,138000000.0,2346000000.0,26.24
sh688080,映翰通,41.36,-0.53,-0.22,-0.39,1.21,1.05,2.31,29091500.0,58262100.0,2410000000.0,81.59
sz301091,深城交,18.81,-0.53,-0.1,-0.05,7.37,1.33,4.6,200999999.99999997,145000000.0,2729000000.0,亏损
sz002637,赞宇科技,11.24,-0.53,-0.06,0.0,0.28,0.7,1.68,12230300.0,395000000.0,4440000000.0,58.44
sz300462,华铭智能,11.24,-0.53,-0.06,0.0,1.64,0.78,2.92,25041600.0,137000000.0,1535000000.0,224.45
sz003029,吉大正元,24.33,-0.53,-0.13,0.0,2.66,0.81,2.54,73415000.0,112999999.99999999,2761000000.0,379.01
sz301269,华大九天,102.23,-0.54,-0.55,0.0,2.7,1.32,3.63,220000000.00000003,78731100.0,8048999999.999999,331.13
sz002174,游族网络,13.02,-0.54,-0.07,0.23,4.62,1.04,2.21,549000000.0,914000000.0,11898000000.0,69.57
sz002692,ST远程,3.71,-0.54,-0.02,0.0,0.24,1.19,0.8,6158200.000000001,697000000.0,2585000000.0,121.16
sh600133,东湖高新,7.38,-0.54,-0.04,0.0,5.82,1.13,2.16,358000000.0,834000000.0,6152000000.0,24.89
sh688371,菲沃泰,20.27,-0.54,-0.11,0.0,2.37,0.84,4.86,37992900.0,78308000.0,1587000000.0,亏损
sz002988,豪美新材,18.41,-0.54,-0.1,0.0,0.51,0.76,2.27,21977500.0,233000000.0,4282000000.0,50.65
sz300438,鹏辉能源,45.81,-0.54,-0.25,0.07,2.25,0.99,2.13,369000000.0,359000000.0,16450000000.0,28.95
sh688368,晶丰明源,127.53,-0.55,-0.7,-0.2,1.05,1.03,2.64,84612500.0,62937100.0,8026000000.000001,亏损
sz002787,华源控股,7.27,-0.55,-0.04,0.14,1.41,1.26,1.64,23744100.0,231999999.99999997,1684000000.0,280.21
sz301228,实朴检测,16.31,-0.55,-0.09,-0.06,2.29,0.7,1.89,20475400.0,54865000.0,894999999.9999999,亏损
sh603016,新宏泰,21.68,-0.55,-0.12,0.09,0.61,1.3,2.43,19615000.0,148000000.0,3211999999.9999995,54.26
sz300315,掌趣科技,5.38,-0.56,-0.03,-0.19,3.85,0.72,2.03,538000000.0,2607000000.0,14022999999.999998,46.86
sh600482,中国动力,21.33,-0.56,-0.12,0.0,1.19,1.31,3.87,518000000.0,2053000000.0,43800000000.0,344.34
sz000068,华控赛格,3.56,-0.56,-0.02,0.28,1.01,1.1,1.96,36282400.0,1007000000.0,3584000000.0000005,亏损
sh600389,江山股份,24.82,-0.56,-0.14,-0.04,1.25,0.58,2.96,133000000.0,430999999.99999994,10689000000.0,22.26
sh603960,克来机电,17.73,-0.56,-0.1,-0.11,2.4,1.67,6.9,110000000.00000001,262000000.0,4638000000.0,90.01
sz300509,新美星,7.08,-0.56,-0.04,-0.14,1.04,0.79,1.83,17996200.0,245000000.00000003,1734000000.0,33.55
sh600699,均胜电子,19.36,-0.56,-0.11,-0.21,3.6,1.3,4.93,949000000.0,1368000000.0,26486000000.0,34.06
sz002878,元隆雅图,17.38,-0.57,-0.1,0.12,3.67,1.03,4.35,125000000.0,195000000.0,3392000000.0,亏损
871981,晶赛科技,13.91,-0.57,-0.08,0.0,0.18,0.52,1.64,994100.0,38999600.0,542000000.0,531.96
sh605183,确成股份,17.34,-0.57,-0.1,0.0,1.17,1.48,2.75,27542100.0,137000000.0,2372000000.0,21.54
sz300639,凯普生物,10.42,-0.57,-0.06,-0.19,0.9,0.9,2.29,59716100.0,638000000.0,6645999999.999999,25.88
sh688212,澳华内镜,60.65,-0.57,-0.35,-0.02,0.95,0.54,1.92,50080100.0,86596100.0,5252000000.0,122.74
sz000158,常山北明,6.9,-0.58,-0.04,0.0,2.51,1.1,3.17,272000000.0,1581000000.0,10910000000.0,亏损
sh603869,新智认知,10.34,-0.58,-0.06,-0.19,1.15,1.01,1.64,60279399.99999999,505000000.0,5217000000.0,169.12
sz000509,华塑控股,3.41,-0.58,-0.02,-0.29,0.58,1.14,2.33,21206000.0,1073000000.0,3659000000.0000005,亏损
sh600423,柳化股份,3.41,-0.58,-0.02,0.29,0.57,1.08,1.75,15567700.0,799000000.0,2724000000.0,610.03
sz300220,ST金运,6.75,-0.59,-0.04,0.15,1.5,1.21,3.24,15161300.000000002,151000000.0,1019000000.0,亏损
sz300839,博汇股份,11.81,-0.59,-0.07,0.09,1.12,1.27,1.6,31730800.0,240000000.0,2837000000.0,13.45
sz002073,软控股份,6.73,-0.59,-0.04,0.0,1.98,1.21,3.25,125000000.0,941000000.0,6335000000.0,87.47
sz300420,五洋停车,3.36,-0.59,-0.02,0.0,5.53,2.04,3.85,187000000.0,1019000000.0,3424000000.0,110.12
sz300008,天海防务,5.02,-0.59,-0.03,0.0,7.39,1.4,2.57,524000000.0,1431000000.0,7184000000.0,237.90
sz002592,ST八菱,5.0,-0.6,-0.03,0.0,1.51,1.0,2.19,19700100.0,263000000.0,1314000000.0,36.88
sh603268,松发股份,21.58,-0.6,-0.13,0.19,0.8,0.63,2.03,21601800.0,124000000.0,2680000000.0,亏损
sz300538,同益股份,14.9,-0.6,-0.09,0.0,1.53,0.81,1.87,25552000.0,112000000.00000001,1664000000.0,130.28
sh603829,洛凯股份,14.91,-0.6,-0.09,0.0,1.13,0.59,2.0,26936800.0,160000000.0,2386000000.0,33.81
sz300210,森远股份,3.3,-0.6,-0.02,0.3,2.61,0.78,3.31,41566700.0,484000000.0,1596000000.0,亏损
sz000543,皖能电力,6.57,-0.6,-0.04,-0.15,1.01,0.84,2.87,150000000.0,2267000000.0,14893000000.0,29.59
830896,旺成科技,4.92,-0.61,-0.03,0.0,1.06,0.57,1.21,1081400.0,20699000.0,102000000.0,16.93
sz002847,盐津铺子,85.27,-0.61,-0.52,-0.26,0.62,1.38,1.75,91556100.0,174000000.0,14794999999.999998,37.49
sz000691,亚太实业,4.92,-0.61,-0.03,0.0,3.46,1.0,2.83,55478700.0,323000000.0,1590000000.0,288.04
sz301278,快可电子,57.1,-0.61,-0.35,0.0,3.37,1.04,2.26,40221800.0,20800000.0,1188000000.0,30.83
sh600229,城市传媒,8.16,-0.61,-0.05,-0.24,0.77,0.94,1.83,42231200.0,671000000.0,5477000000.0,14.15
sh603726,朗迪集团,13.02,-0.61,-0.08,-0.15,1.35,0.34,2.21,32527600.000000004,186000000.0,2417000000.0,40.91
sh600988,赤峰黄金,14.64,-0.61,-0.09,0.07,1.37,0.94,2.92,332000000.0,1664000000.0,24360000000.0,80.92
sz300475,香农芯创,35.53,-0.61,-0.22,-0.17,7.19,0.85,6.6,1139000000.0,442000000.0,15697999999.999998,47.58
sh605555,德昌股份,17.75,-0.62,-0.11,0.57,2.43,0.63,3.47,58900900.0,136000000.0,2409000000.0,39.20
sz301023,江南奕帆,41.9,-0.62,-0.26,0.0,2.73,0.74,2.49,27044000.0,23697199.999999996,993000000.0,40.85
sz300116,保力新,1.61,-0.62,-0.01,-0.62,6.67,0.75,9.88,447000000.0,4104000000.0,6606999999.999999,亏损
sz000528,柳 工,8.05,-0.62,-0.05,-0.12,0.8,0.89,1.98,91039500.0,1413000000.0,11374000000.0,12.84
sh600257,大湖股份,6.42,-0.62,-0.04,-0.16,6.07,0.5,1.7,189000000.0,480999999.99999994,3090000000.0,亏损
sz002644,佛慈制药,11.24,-0.62,-0.07,-0.44,1.09,1.65,1.68,62607200.0,511000000.00000006,5740000000.0,52.27
sz300788,中信出版,28.82,-0.62,-0.18,-0.04,1.42,0.8,2.41,77574100.0,190000000.0,5480000000.0,32.59
sh688518,联赢激光,23.99,-0.62,-0.15,0.0,1.11,1.21,2.82,71901400.0,270000000.0,6480000000.0,22.98
sz301050,雷电微力,62.33,-0.62,-0.39,-0.08,1.19,1.39,2.3,99035600.0,134000000.00000001,8344000000.0,30.32
sh603056,德邦股份,17.59,-0.62,-0.11,0.11,0.86,1.05,3.16,145000000.0,960000000.0,16886000000.000002,62.17
sh688297,中无人机,49.28,-0.62,-0.31,-0.02,2.16,1.25,2.5,194000000.0,184000000.0,9089000000.0,128.95
sh688689,银河微电,25.36,-0.63,-0.16,-0.04,3.42,0.61,3.21,32047900.0,37102900.0,941000000.0,69.15
sz300575,中旗股份,11.09,-0.63,-0.07,-0.09,1.07,0.34,1.7,40970400.0,344000000.0,3815999999.9999995,13.90
sh688252,天德钰,19.02,-0.63,-0.12,0.0,2.3,0.77,2.46,15738000.0,36077500.0,686000000.0,84.67
sz000753,漳州发展,4.75,-0.63,-0.03,0.0,1.32,1.06,2.3,62028400.0,991000000.0,4710000000.0,67.80
sz002888,惠威科技,14.1,-0.63,-0.09,0.07,2.29,0.86,2.25,24181900.0,75191900.0,1060000000.0,亏损
sh605162,新中港,9.41,-0.63,-0.06,-0.11,5.89,0.88,2.75,55874399.99999999,101000000.0,953999999.9999999,92.27
sh688345,博力威,35.98,-0.64,-0.23,0.06,1.03,0.8,2.38,9374100.0,25375000.0,913000000.0000001,亏损
sz300709,精研科技,23.41,-0.64,-0.15,-0.09,4.39,0.67,2.76,152000000.0,149000000.0,3485000000.0,亏损
sh688334,西高院,17.12,-0.64,-0.11,0.0,8.56,1.86,3.6,103000000.0,71394500.0,1222000000.0,38.91
sz300722,新余国科,26.45,-0.64,-0.17,0.08,2.41,1.56,2.71,146000000.0,231000000.0,6100000000.0,115.63
sh688475,萤石网络,38.79,-0.64,-0.25,0.03,1.42,0.73,2.38,49002600.0,88965100.0,3451000000.0,59.83
sz002691,冀凯股份,6.19,-0.64,-0.04,0.0,1.06,0.65,2.09,22253000.0,339000000.0,2100000000.0,亏损
sz002028,思源电气,49.45,-0.64,-0.32,0.1,0.6,0.79,1.63,177000000.0,598000000.0,29558000000.0,27.18
870199,倍益康,12.1,-0.66,-0.08,0.0,0.69,2.85,0.98,1423400.0,17029400.0,206000000.0,144.84
sz002913,奥士康,34.71,-0.66,-0.23,-0.14,0.85,0.77,1.63,78784400.0,266000000.0,9230000000.0,20.97
sz301279,金道科技,25.64,-0.66,-0.17,0.0,2.95,0.52,2.67,21775200.0,28750000.0,737000000.0,62.34
sz002436,兴森科技,13.52,-0.66,-0.09,0.0,1.21,1.2,2.35,246000000.0,1500000000.0,20284000000.0,761.07
sz300152,新动力,3.0,-0.66,-0.02,0.33,1.17,0.89,1.66,25056700.0,712000000.0,2137000000.0,亏损
sz002255,海陆重工,5.98,-0.67,-0.04,0.17,1.74,0.74,1.99,67426200.0,649000000.0,3883000000.0,34.94
sz301314,科瑞思,52.13,-0.67,-0.35,0.0,5.24,0.53,2.21,37599600.0,13812500.0,720000000.0,41.59
sh688484,南芯科技,40.19,-0.67,-0.27,0.05,2.55,0.96,2.17,56049900.0,54766400.0,2201000000.0,137.46
sh603168,莎普爱思,8.87,-0.67,-0.06,0.0,1.68,0.8,1.57,48092700.00000001,323000000.0,2861000000.0,36.67
sz301190,善水科技,19.18,-0.67,-0.13,-0.1,2.79,0.61,1.97,37945200.0,71046900.0,1363000000.0,38.67
sh600563,法拉电子,129.7,-0.67,-0.88,-0.14,0.37,1.18,1.57,108000000.0,225000000.0,29182000000.0,31.56
sz300101,振芯科技,20.56,-0.68,-0.14,0.0,1.87,0.88,1.4,215000000.0,562000000.0,11563000000.0,57.02
sz300611,美力科技,10.2,-0.68,-0.07,0.2,6.98,1.69,5.55,103000000.0,147000000.0,1499000000.0,60.07
sh600976,健民集团,71.28,-0.68,-0.49,0.0,1.17,1.46,4.96,130000000.0,153000000.0,10886000000.0,27.46
873223,荣亿精密,2.9,-0.69,-0.02,0.0,0.32,1.53,1.37,738300.0,80163800.0,231999999.99999997,亏损
sz002861,瀛通通讯,11.56,-0.69,-0.08,0.0,1.65,0.81,1.72,20931000.0,110000000.00000001,1268000000.0,亏损
sh688766,普冉股份,111.13,-0.69,-0.77,-0.03,2.99,1.31,5.2,144000000.0,42966000.0,4775000000.0,亏损
sz002590,万安科技,11.54,-0.69,-0.08,0.0,10.6,1.14,6.28,550000000.0,455999999.99999994,5257000000.0,1301.58
sh688577,浙海德曼,41.7,-0.69,-0.29,0.17,1.06,0.92,2.26,8460600.0,19089300.0,796000000.0,59.83
sh688236,XD春立医,25.88,-0.69,-0.18,0.0,1.91,0.76,3.3,38141500.0,77757500.0,2012000000.0,44.43
sh600667,太极实业,7.18,-0.69,-0.05,0.0,1.83,0.66,2.08,278000000.0,2105999999.9999998,15122000000.0,22.64
sh688003,天准科技,41.64,-0.69,-0.29,-0.07,0.91,1.07,3.82,73982000.0,195000000.0,8138000000.0,亏损
sz000533,顺钠股份,4.3,-0.69,-0.03,0.0,1.74,0.79,2.54,51365000.0,685000000.0,2945000000.0,71.97
sh600399,抚顺特钢,10.0,-0.69,-0.07,0.1,1.16,1.28,3.08,227999999.99999997,1972000000.0,19721000000.0,81.87
sz300961,深水海纳,11.42,-0.7,-0.08,0.0,2.24,0.72,1.91,31554800.0,123000000.0,1404000000.0,亏损
sz002605,姚记科技,31.33,-0.7,-0.22,-0.16,2.17,0.67,1.9,224000000.00000003,329000000.0,10309000000.0,16.26
sz300092,科新机电,15.66,-0.7,-0.11,0.26,1.87,0.85,1.9,48643500.0,168000000.0,2624000000.0,23.65
sh601899,紫金矿业,12.79,-0.7,-0.09,0.08,0.71,1.55,2.25,1841000000.0,20525000000.0,262519000000.0,15.47
sz300552,万集科技,19.86,-0.7,-0.14,-0.3,4.41,0.96,3.8,110000000.00000001,126000000.0,2500000000.0,亏损
sh688011,新光光电,23.86,-0.71,-0.17,0.21,0.69,0.98,1.71,10903599.999999998,66509500.0,1587000000.0,亏损
sz000810,创维数字,15.42,-0.71,-0.11,0.0,0.92,0.89,1.8,159000000.0,1118000000.0,17232000000.0,37.78
873152,天宏锂电,7.01,-0.71,-0.05,0.0,2.47,0.95,1.56,5949299.999999999,38891600.0,273000000.0,44.05
sz002015,协鑫能科,12.6,-0.71,-0.09,0.08,0.93,1.41,2.76,189000000.0,1623000000.0,20454000000.0,15.72
sz301165,锐捷网络,48.83,-0.71,-0.35,-0.04,5.79,1.03,3.25,175000000.0,61442400.0,3000000000.0,58.10
sz301167,建研设计,19.51,-0.71,-0.14,0.0,16.16,0.81,4.43,210000000.0,66595500.0,1299000000.0,34.85
sh688655,迅捷兴,15.29,-0.71,-0.11,0.13,2.24,0.98,3.44,23953400.0,69961600.0,1069999999.9999999,81.59
sh601098,中南传媒,11.12,-0.71,-0.08,0.18,0.63,1.28,2.23,127000000.0,1796000000.0,19972000000.0,14.37
sz300167,ST迪威迅,2.77,-0.72,-0.02,0.0,1.54,0.91,2.51,13290900.0,314000000.0,869999999.9999999,亏损
sz301107,瑜欣电子,30.41,-0.72,-0.22,-0.1,6.29,0.5,3.4,40890200.0,21559899.999999996,656000000.0,34.88
sh688788,科思科技,37.17,-0.72,-0.27,-0.03,0.78,1.25,2.81,18837200.0,65634200.0,2440000000.0,亏损
sh600556,天下秀,6.89,-0.72,-0.05,0.0,1.59,1.06,1.73,198000000.0,1807999999.9999998,12455000000.0,163.62
sz300512,中亚股份,8.23,-0.72,-0.06,0.0,1.77,0.39,2.41,47190800.0,327000000.0,2693000000.0,26.56
sh688351,微电生理-U,19.12,-0.73,-0.14,-0.16,3.49,1.08,4.57,43667200.0,65866100.0,1259000000.0,亏损
sz002058,威尔泰,10.91,-0.73,-0.08,-0.18,0.88,0.75,2.0,13666800.0,143000000.0,1561000000.0,亏损
sz300535,达威股份,15.0,-0.73,-0.11,0.0,1.35,1.22,1.46,17831900.0,87869100.0,1318000000.0,106.67
sz002037,保利联合,9.53,-0.73,-0.07,-0.11,1.81,1.14,3.02,82868500.0,484000000.0,4611000000.0,亏损
sz300938,信测标准,40.85,-0.73,-0.3,0.0,0.76,0.57,1.41,16323900.000000002,52775700.0,2156000000.0,36.91
sh688595,芯海科技,31.27,-0.73,-0.23,-0.32,3.2,2.28,3.59,78435500.0,79270700.0,2479000000.0,亏损
sz301159,三维天地,38.1,-0.73,-0.28,-0.11,4.27,0.84,3.23,53037500.0,32714200.0,1246000000.0,亏损
sh688041,海光信息,56.86,-0.73,-0.42,-0.02,4.19,0.65,2.25,508000000.0,212000000.0,12042000000.0,138.02
sz000809,铁岭新城,4.06,-0.73,-0.03,0.0,0.98,0.82,1.96,32843500.0,825000000.0,3349000000.0,亏损
sh688313,仕佳光子,13.5,-0.73,-0.1,0.52,3.27,0.87,2.79,143000000.0,325000000.0,4384000000.0,亏损
sz002993,奥海科技,33.78,-0.73,-0.25,-0.06,3.84,1.08,2.76,132000000.0,101000000.0,3425000000.0,26.18
sh688608,恒玄科技,124.32,-0.73,-0.92,0.01,1.68,1.13,3.67,166000000.0,79394500.0,9870000000.0,亏损
sz301248,杰创智能,20.19,-0.74,-0.15,-0.05,2.76,1.07,2.31,55042600.0,98887500.0,1997000000.0,64.54
sz300536,农尚环境,14.73,-0.74,-0.11,0.0,0.9,0.84,2.76,38676800.0,293000000.0,4320000000.0,253.50
sz300443,金雷股份,34.84,-0.74,-0.26,-0.23,2.43,0.87,3.59,154000000.0,184000000.0,6423999999.999999,28.30
sz300805,电声股份,8.01,-0.74,-0.06,0.13,1.15,0.81,2.48,25148200.0,274000000.0,2192000000.0,175.87
sh600313,农发种业,9.34,-0.74,-0.07,0.0,3.51,0.59,2.23,348000000.0,1067000000.0,9966000000.0,69.45
sz002553,南方精工,13.32,-0.74,-0.1,-0.15,13.16,0.67,4.47,411000000.00000006,234000000.0,3121000000.0,亏损
sz300516,久之洋,30.59,-0.75,-0.23,0.03,1.03,1.13,2.5,55802000.0,180000000.0,5506000000.0,292.17
834033,康普化学,37.2,-0.75,-0.28,0.0,0.7,1.88,3.52,7925599.999999999,30833900.0,1147000000.0,24.81
sz002441,众业达,10.62,-0.75,-0.08,0.09,2.43,0.81,2.99,102000000.0,399000000.0,4236999999.9999995,8.57
sz300054,鼎龙股份,22.39,-0.75,-0.17,0.4,0.51,0.66,1.55,83653600.0,730000000.0,16352000000.000002,151.53
sz002076,星光股份,2.63,-0.76,-0.02,-0.76,2.85,0.29,2.26,77858000.0,1036999999.9999999,2726000000.0,1693.89
sz000037,深南电A,10.49,-0.76,-0.08,0.0,4.99,0.95,1.61,177000000.0,339000000.0,3554999999.9999995,亏损
872925,锦好医疗,9.14,-0.76,-0.07,0.0,0.21,1.17,2.82,1078400.0,55295100.0,505000000.0,19.98
sh603798,康普顿,10.42,-0.76,-0.08,-0.1,2.11,0.83,1.91,57236100.0,259000000.0,2701000000.0,19.61
sh600729,重庆百货,33.8,-0.76,-0.26,-0.03,0.45,1.03,1.76,61711400.0,401999999.99999994,13581000000.0,7.25
sz300617,安靠智电,39.01,-0.76,-0.3,0.13,1.21,0.62,2.09,49699399.99999999,106000000.0,4120000000.0000005,20.35
sz300945,曼卡龙,15.54,-0.77,-0.12,0.0,6.73,0.47,2.94,80869500.0,76661600.0,1191000000.0,38.21
430047,诺思兰德,11.61,-0.77,-0.09,0.0,0.41,2.21,3.33,8998400.0,188000000.0,2177000000.0,亏损
sh603489,八方股份,61.61,-0.77,-0.48,-0.07,0.55,1.43,3.35,57020900.0,168000000.0,10349000000.0,55.60
sz301368,丰立智能,44.95,-0.77,-0.35,0.02,9.29,0.65,3.29,118000000.0,28398300.0,1277000000.0,168.36
sz002289,ST宇顺,5.13,-0.77,-0.04,0.0,0.45,1.2,2.9,6115900.0,264000000.0,1355000000.0,亏损
sh605133,嵘泰股份,31.99,-0.78,-0.25,0.0,6.18,1.03,5.92,125000000.0,63420800.0,2029000000.0,41.73
sz300960,通业科技,21.7,-0.78,-0.17,0.05,5.85,1.15,4.66,32518600.0,25600000.0,556000000.0,亏损
sz002933,新兴装备,28.05,-0.78,-0.22,0.0,1.06,0.98,2.19,33323200.0,112999999.99999999,3180000000.0,亏损
sz003007,直真科技,24.22,-0.78,-0.19,-0.04,2.71,0.84,3.44,25228200.0,38504400.0,933000000.0,亏损
sh600862,中航高科,24.22,-0.78,-0.19,-0.78,0.58,1.02,2.33,196000000.0,1393000000.0,33739999999.999996,25.22
sz300308,中际旭创,126.9,-0.78,-1.0,-0.19,4.55,0.84,5.15,4345000000.0,750000000.0,95201000000.0,101.91
sz301202,朗威股份,32.86,-0.79,-0.26,0.12,12.42,0.74,2.48,132000000.0,32310100.000000004,1061999999.9999999,147.87
sz300188,美亚柏科,17.66,-0.79,-0.14,-0.06,1.61,1.07,2.08,206000000.0,724000000.0,12790000000.0,亏损
sz003005,竞业达,30.27,-0.79,-0.24,0.13,6.58,0.57,3.7,101000000.0,51043800.0,1545000000.0,亏损
sz301021,英诺激光,23.93,-0.79,-0.19,0.08,2.98,0.41,2.36,49636899.99999999,69961500.0,1673999999.9999998,亏损
sz002731,萃华珠宝,13.83,-0.79,-0.11,0.15,1.07,0.7,1.65,35658600.0,239000000.0,3308000000.0,24.32
sz301000,肇民科技,17.58,-0.79,-0.14,0.11,2.05,0.76,2.88,24749200.0,69120500.0,1215000000.0,37.44
sz000692,*ST惠天,2.5,-0.79,-0.02,0.0,0.34,1.17,2.38,4477900.0,533000000.0,1332000000.0,亏损
sz002119,康强电子,13.75,-0.79,-0.11,-0.15,6.23,0.5,3.54,322000000.0,375000000.0,5160000000.0,66.74
sh688291,金橙子,31.04,-0.8,-0.25,0.0,5.63,0.53,2.14,42736300.0,24383400.0,757000000.0,64.96
sz301468,C博盈,38.42,-0.8,-0.31,0.0,16.85,0.6,4.54,204000000.0,31299100.0,1203000000.0,41.69
sh600106,重庆路桥,4.94,-0.8,-0.04,0.2,0.62,1.12,1.41,40524500.0,1329000000.0,6565000000.000001,49.79
sz301386,未来电器,27.16,-0.8,-0.22,0.18,11.09,0.59,2.23,99966299.99999999,33195000.0,902000000.0,59.49
sz300629,新劲刚,20.86,-0.81,-0.17,0.39,3.98,1.16,3.33,163000000.0,197000000.0,4104999999.9999995,34.54
sz002445,中南文化,2.45,-0.81,-0.02,0.0,1.56,1.17,2.43,90687200.0,2381000000.0,5835000000.0,23.89
sh605123,派克新材,97.69,-0.81,-0.8,0.09,1.11,1.28,1.78,59109399.99999999,54620900.0,5336000000.0,20.64
sz300667,必创科技,17.06,-0.81,-0.14,0.0,1.43,0.89,2.67,39714300.0,163000000.0,2779000000.0,60.29
sh688001,华兴源创,31.66,-0.81,-0.26,0.0,0.43,1.65,2.38,59757299.99999999,441000000.0,13949000000.0,130.11
sz300578,会畅通讯,19.47,-0.81,-0.16,0.0,1.01,0.57,1.48,38433400.0,194000000.0,3779000000.0,亏损
sh688798,艾为电子,66.6,-0.82,-0.55,-0.27,1.01,1.09,2.65,66779100.0,99005600.0,6594000000.0,亏损
sz300355,蒙草生态,3.63,-0.82,-0.03,0.0,2.87,0.98,1.91,139000000.0,1341000000.0,4866000000.0,31.97
sh605098,行动教育,39.86,-0.82,-0.33,-0.05,2.31,0.88,2.56,40486700.0,43955900.0,1752000000.0,65.94
sz000670,盈方微,7.21,-0.82,-0.06,0.0,5.43,0.48,4.95,237000000.0,610000000.0,4397000000.0,亏损
sh605016,百龙创园,22.84,-0.82,-0.19,-0.13,0.94,0.85,2.21,27036700.0,125000000.0,2853000000.0,31.93
sz001339,智微智能,26.32,-0.83,-0.22,0.0,3.83,1.11,1.77,62353700.0,61750000.0,1625000000.0,45.63
sz001223,欧克科技,86.11,-0.83,-0.72,0.01,4.04,0.72,3.66,57647200.0,16680000.0,1436000000.0,48.73
sh688156,路德环境,27.39,-0.83,-0.23,0.11,1.12,0.77,1.7,21963500.0,71284600.0,1952000000.0,187.37
sz300518,盛讯达,20.22,-0.83,-0.17,0.0,0.97,0.96,3.58,37502300.0,191000000.0,3865000000.0,292.45
sz300851,交大思诺,26.1,-0.84,-0.22,0.0,0.78,0.72,2.09,9405200.0,46154799.99999999,1205000000.0,亏损
sz002806,华锋股份,11.85,-0.84,-0.1,-0.08,4.28,1.13,2.93,75389500.0,149000000.0,1766000000.0,亏损
sh603278,大业股份,11.8,-0.84,-0.1,0.43,1.43,1.09,2.19,48562500.0,288000000.0,3402000000.0000005,25.51
sh603466,风语筑,12.99,-0.84,-0.11,0.0,1.82,0.91,2.14,140000000.0,595000000.0,7726000000.000001,43.78
sh688699,明微电子,47.19,-0.84,-0.4,-0.06,1.5,1.33,3.49,36881600.0,52387299.99999999,2472000000.0,亏损
sh600992,贵绳股份,18.73,-0.85,-0.16,0.05,7.66,1.2,2.81,348000000.0,245000000.00000003,4591000000.0,144.82
sh603081,大丰实业,16.37,-0.85,-0.14,-0.12,1.09,2.05,3.57,71201400.0,404000000.0,6613000000.0,78.54
sh688157,松井股份,52.55,-0.85,-0.45,0.0,0.69,0.76,2.0,21121000.0,57853300.0,3040000000.0,483.71
sz002310,东方园林,2.33,-0.85,-0.02,-0.43,11.24,0.84,6.81,676000000.0,2605000000.0,6070000000.0,亏损
sz003031,中瓷电子,115.31,-0.85,-0.99,0.22,1.23,1.01,2.32,99308600.0,69478500.0,8012000000.0,166.75
sh600038,中直股份,40.67,-0.85,-0.35,0.0,1.25,1.14,2.02,297000000.0,589000000.0,23974000000.0,419.32
sz002803,吉宏股份,18.56,-0.85,-0.16,0.38,3.14,0.84,1.92,161000000.0,279000000.0,5184000000.0,24.93
sh688582,芯动联科,39.31,-0.86,-0.34,-0.08,8.11,1.32,4.34,144000000.0,46072400.0,1811000000.0,亏损
sz301317,鑫磊股份,24.18,-0.86,-0.21,0.0,2.34,0.92,2.17,22118100.0,39300000.0,950000000.0,53.32
sz002869,金溢科技,18.33,-0.86,-0.16,0.06,2.35,0.84,2.49,65046300.0,151000000.0,2771000000.0,亏损
sh688677,海泰新光,51.5,-0.87,-0.45,0.08,1.7,1.26,1.64,66137500.0,75199400.0,3872999999.9999995,32.31
sh601231,环旭电子,14.84,-0.87,-0.13,-0.07,0.41,1.04,1.8,133000000.0,2181000000.0,32373000000.0,21.35
sz300818,耐普矿机,27.25,-0.87,-0.24,-0.11,1.11,0.32,1.82,18819400.0,62122299.99999999,1693000000.0,26.83
sz000514,渝 开 发,4.54,-0.87,-0.04,0.22,3.05,0.73,2.84,118000000.0,844000000.0,3831000000.0,亏损
sz000403,派林生物,20.37,-0.88,-0.18,0.15,0.51,1.06,1.75,66337700.00000001,636000000.0,12958000000.000002,66.18
sz300565,科信技术,16.96,-0.88,-0.15,0.06,5.73,0.67,3.16,185000000.0,188000000.0,3193000000.0,亏损
sh688182,灿勤科技,21.45,-0.88,-0.19,-0.23,1.76,1.23,6.33,36108800.0,96000000.0,2059000000.0,210.53
sz300163,先锋新材,3.38,-0.88,-0.03,0.0,1.95,1.01,2.05,31419800.0,474000000.0,1601000000.0000002,亏损
sz300165,天瑞仪器,6.74,-0.88,-0.06,0.15,2.78,1.33,3.82,73282400.0,388000000.0,2618000000.0,亏损
sz003036,泰坦股份,13.44,-0.89,-0.12,0.07,1.96,1.22,1.55,14983500.0,56706200.0,762000000.0,36.22
sz301085,亚康股份,60.48,-0.89,-0.54,0.0,4.17,0.8,2.42,80296200.0,31821200.0,1925000000.0,57.71
sz002998,优彩资源,7.82,-0.89,-0.07,0.13,2.62,1.12,2.15,31329500.0,152000000.0,1189000000.0,20.82
sz002555,三七互娱,25.67,-0.89,-0.23,0.04,1.95,0.74,1.97,819000000.0,1636000000.0,41984000000.0,18.38
sh603931,格林达,29.03,-0.89,-0.26,0.0,0.51,0.8,2.49,16916600.0,115999999.99999999,3353000000.0,51.95
sz002620,瑞和股份,5.58,-0.89,-0.05,0.18,2.21,0.7,2.31,39018400.0,315000000.0,1755999999.9999998,473.53
sz000812,陕西金叶,5.56,-0.89,-0.05,0.0,3.62,0.47,2.14,155000000.0,768000000.0,4271000000.0,55.75
sh601999,出版传媒,6.65,-0.89,-0.06,-0.15,1.42,1.16,1.79,51854100.0,551000000.0,3664000000.0,亏损
sz002971,和远气体,25.5,-0.89,-0.23,0.0,1.11,1.03,2.84,34974900.0,124000000.0,3170000000.0,33.31
sz301005,超捷股份,27.63,-0.9,-0.25,0.36,2.77,1.28,3.8,34097400.0,44333000.0,1225000000.0,99.61
sz300240,飞力达,6.62,-0.9,-0.06,0.3,1.91,1.26,1.8,45885800.0,363000000.0,2401000000.0,亏损
sh603662,柯力传感,27.46,-0.9,-0.25,0.0,2.11,0.75,2.78,163000000.0,281000000.0,7712000000.0,34.74
sh688697,纽威数控,23.04,-0.9,-0.21,-0.04,3.02,0.76,2.41,54027299.99999999,77583400.0,1788000000.0,26.23
sz002455,百川股份,7.67,-0.9,-0.07,0.0,0.9,1.04,1.81,34146000.0,498000000.00000006,3818000000.0,亏损
sz300430,诚益通,15.35,-0.9,-0.14,0.26,0.66,0.66,2.39,25789800.0,256999999.99999997,3940999999.9999995,46.90
sz000936,华西股份,9.86,-0.91,-0.09,0.2,4.71,0.56,2.92,411000000.00000006,886000000.0,8734000000.0,98.50
sz002287,奇正藏药,24.07,-0.91,-0.22,0.04,0.29,1.17,1.44,36742500.0,529000000.0,12726000000.0,18.46
sz002775,文科园林,4.37,-0.91,-0.04,0.23,3.5,0.56,3.63,68794400.0,446000000.0,1951000000.0000002,144.72
sz000975,银泰黄金,13.11,-0.91,-0.12,-0.08,0.67,0.84,2.72,217000000.0,2487000000.0,32601000000.0,24.78
sh688215,瑞晟智能,37.12,-0.91,-0.34,0.11,1.81,1.01,2.14,10810800.0,15931500.0,591000000.0,104.17
sh601019,山东出版,8.71,-0.91,-0.08,0.12,0.26,0.95,1.59,47481400.0,2087000000.0,18177000000.0,21.47
sz000719,中原传媒,9.79,-0.91,-0.09,-0.1,2.12,1.07,1.62,139000000.0,667000000.0,6531000000.0,10.62
sh600182,S佳通,16.26,-0.91,-0.15,0.0,1.07,1.43,1.4,29802500.0,170000000.0,2764000000.0,51.80
sz002892,科力尔,11.92,-0.91,-0.11,0.34,4.98,0.69,2.74,163000000.0,276000000.0,3284000000.0000005,29.16
sz002900,哈三联,14.1,-0.91,-0.13,0.0,2.02,0.54,1.62,47224200.0,165000000.0,2329000000.0,28.49
sz002881,美格智能,29.23,-0.92,-0.27,-0.03,1.92,0.4,3.59,89886100.0,161000000.0,4716000000.0,105.25
sz300227,光韵达,7.56,-0.92,-0.07,-0.13,2.94,0.96,2.36,89817600.0,407000000.0,3080000000.0,140.65
sh603920,世运电路,17.26,-0.92,-0.16,0.0,0.9,0.82,1.55,83303700.00000001,532000000.0,9185000000.0,30.61
sz001311,多利科技,54.89,-0.92,-0.51,0.0,5.73,1.09,3.54,144000000.0,45933300.0,2521000000.0,23.66
sh600880,博瑞传播,5.37,-0.92,-0.05,0.0,1.7,1.15,2.58,99198300.0,1093000000.0,5870000000.0,161.45
sz301262,海看股份,31.13,-0.92,-0.29,0.06,29.01,1.16,4.58,348000000.0,39154200.0,1219000000.0,30.26
sh688232,新点软件,46.17,-0.92,-0.43,0.2,2.24,1.81,5.04,99999500.0,97050400.00000001,4481000000.0,亏损
sz000999,华润三九,51.5,-0.92,-0.48,0.0,0.81,1.34,1.85,408000000.0,977999999.9999999,50387000000.0,11.05
sz002981,朝阳科技,25.68,-0.93,-0.24,-0.04,0.88,1.06,1.74,21785600.0,96000000.0,2465000000.0,254.63
sh603322,超讯通信,24.5,-0.93,-0.23,0.0,4.78,0.47,4.21,184000000.0,157000000.0,3836999999.9999995,亏损
sz300537,广信材料,14.87,-0.93,-0.14,-0.07,2.58,1.04,2.0,52558700.0,137000000.0,2037000000.0,54.88
sz002429,兆驰股份,5.31,-0.93,-0.05,0.0,0.44,1.0,2.24,106000000.0,4487000000.0,23826000000.0,15.69
sz300659,中孚信息,21.24,-0.93,-0.2,0.0,5.41,0.57,2.47,176000000.0,154000000.0,3268000000.0,亏损
sh605378,野马电池,23.31,-0.94,-0.22,0.04,1.8,0.89,2.38,13962200.0,33340000.0,777000000.0,71.20
sz002786,银宝山新,6.34,-0.94,-0.06,0.0,3.9,1.25,4.53,122000000.0,494000000.00000006,3133000000.0,亏损
sz300389,艾比森,15.84,-0.94,-0.15,-0.06,2.1,0.75,2.31,56132100.0,168000000.0,2659000000.0,18.20
sh603165,荣晟环保,15.82,-0.94,-0.15,0.0,0.76,0.94,1.5,33654800.0,278000000.0,4405000000.0,13.51
sz300469,信息发展,20.02,-0.94,-0.19,0.0,1.65,1.69,2.87,63778500.0,192000000.0,3851000000.0,亏损
sh603859,能科科技,43.18,-0.94,-0.41,0.09,0.93,0.94,2.39,66808300.0,167000000.0,7192000000.0,42.02
sh600605,汇通能源,18.93,-0.94,-0.18,0.0,1.15,0.61,3.24,45077299.99999999,206000000.0,3904999999.9999995,136.55
sh603179,新泉股份,48.33,-0.94,-0.46,0.06,0.95,0.97,2.77,221000000.0,487000000.0,23551000000.0,38.85
sz300384,三联虹普,16.8,-0.94,-0.16,-0.12,1.66,1.33,2.65,61075100.0,220000000.00000003,3696000000.0,19.66
sz300742,*ST越博,5.23,-0.95,-0.05,0.0,2.51,1.36,2.65,14611000.0,112000000.00000001,588000000.0,亏损
sz301289,国缆检测,36.53,-0.95,-0.35,0.0,2.25,1.09,3.28,20804200.0,25349899.999999996,926000000.0,46.99
sz300174,元力股份,16.69,-0.95,-0.16,0.0,1.05,0.61,4.63,63551700.0,362000000.0,6048000000.0,33.45
sz002941,新疆交建,14.58,-0.95,-0.14,0.07,2.96,1.44,4.01,274000000.0,639000000.0,9320000000.0,339.46
836270,天铭科技,16.6,-0.95,-0.16,0.0,2.43,0.72,1.49,4482000.0,11105600.0,184000000.0,15.39
sh605289,罗曼股份,34.24,-0.95,-0.33,-0.03,2.65,0.74,2.83,45951200.0,50610000.0,1732999999.9999998,74.39
sz300988,津荣天宇,20.72,-0.96,-0.2,0.15,3.79,1.36,3.78,38813500.0,49627500.0,1027999999.9999999,42.92
sh603458,勘设股份,10.34,-0.96,-0.1,0.19,1.89,0.97,2.2,60976400.0,311000000.0,3219000000.0,34.00
sz002643,万润股份,18.59,-0.96,-0.18,0.11,0.56,0.93,1.97,93730300.0,896000000.0000001,16654000000.0,24.48
sz300314,戴维医疗,18.6,-0.96,-0.18,-0.22,0.9,0.86,2.61,31602900.0,189000000.0,3522000000.0,26.77
sh688047,龙芯中科,96.86,-0.96,-0.94,0.01,0.55,0.87,3.53,148000000.0,278000000.0,26967000000.0,亏损
sz002021,*ST中捷,2.06,-0.96,-0.02,0.0,2.56,1.57,4.33,35654100.0,688000000.0,1417000000.0,393.55
sz300051,三五互联,12.34,-0.96,-0.12,0.0,1.1,0.67,3.21,49606300.0,366000000.0,4512000000.0,亏损
sh603230,内蒙新华,12.33,-0.96,-0.12,0.08,3.66,1.04,1.53,40314300.0,89401000.0,1102000000.0,7.68
sz000615,*ST美谷,3.08,-0.96,-0.03,0.0,2.57,0.66,3.21,60722800.0,762000000.0,2346000000.0,亏损
sz002199,东晶电子,8.2,-0.97,-0.08,0.12,3.46,0.48,2.54,69239700.0,243000000.00000003,1996000000.0,亏损
sz002409,雅克科技,67.45,-0.97,-0.66,0.02,2.84,0.85,3.71,618000000.0,319000000.0,21484000000.0,46.41
sz002581,未名医药,18.38,-0.97,-0.18,0.0,1.25,1.18,2.53,91576000.0,401000000.0,7367000000.0,亏损
sz300187,永清环保,6.12,-0.97,-0.06,-0.16,0.75,0.76,2.27,29657300.0,644000000.0,3943000000.0,46.45
sz002222,福晶科技,25.51,-0.97,-0.25,0.0,3.41,0.78,3.49,376000000.0,426000000.0,10857000000.0,51.56
sz301329,信音电子,22.39,-0.97,-0.22,-0.05,18.3,0.8,3.76,165000000.0,40782900.0,913000000.0000001,52.56
sh603076,乐惠国际,43.78,-0.97,-0.43,0.0,1.01,0.86,2.81,53322900.0,121000000.0,5284000000.0,189.29
871642,通易航天,7.06,-0.98,-0.07,0.0,0.07,0.72,4.35,250900.0,54815200.00000001,387000000.0,67.76
sz301209,联合化学,25.2,-0.98,-0.25,0.08,5.57,1.34,3.1,28068700.0,20000000.0,504000000.0,52.83
sz300250,初灵信息,15.03,-0.99,-0.15,0.0,4.33,0.83,4.35,102000000.0,159000000.0,2394000000.0,亏损
sz000702,正虹科技,6.01,-0.99,-0.06,0.17,2.59,1.07,2.64,41421500.0,267000000.0,1602000000.0,亏损
sz300545,联得装备,23.96,-0.99,-0.24,-0.04,4.3,0.69,3.22,114999999.99999999,112000000.00000001,2682000000.0,25.90
sz002182,云海金属,21.84,-1.0,-0.22,-0.05,1.49,0.88,2.77,180000000.0,557000000.0,12169000000.0,69.72
sz002363,隆基机械,7.86,-1.01,-0.08,0.0,16.88,8.09,6.17,564000000.0,416000000.0,3271000000.0,59.36
sz000007,*ST全新,4.91,-1.01,-0.05,0.0,0.57,0.69,3.02,8670900.0,309000000.0,1517000000.0,亏损
sh600141,兴发集团,24.45,-1.01,-0.25,0.0,1.46,0.7,1.86,397000000.0,1106000000.0,27050000000.0,15.12
sz300610,晨化股份,11.69,-1.02,-0.12,0.09,2.69,0.94,2.71,50726899.99999999,161000000.0,1885000000.0000002,41.40
sh688092,爱科科技,30.18,-1.02,-0.31,0.0,4.8,0.46,3.08,39045900.0,26977500.0,814000000.0,44.59
sh603825,华扬联众,12.65,-1.02,-0.13,0.08,2.31,1.71,2.82,73594000.0,252999999.99999997,3204999999.9999995,244.96
sh688628,优利德,40.86,-1.02,-0.42,0.0,3.27,2.04,4.34,59670600.00000001,45264600.0,1850000000.0,27.71
sz300548,博创科技,28.19,-1.02,-0.29,0.0,4.5,0.66,3.44,293000000.0,229000000.0,6452000000.0,55.06
sh688310,迈得医疗,32.99,-1.02,-0.34,1.85,1.26,2.25,6.78,48005600.00000001,117000000.0,3875000000.0,72.23
sh688020,方邦股份,44.54,-1.02,-0.46,0.02,0.58,1.16,1.93,20707000.0,80210500.0,3572999999.9999995,亏损
sz002568,百润股份,36.62,-1.03,-0.38,0.0,2.11,1.74,3.49,549000000.0,717000000.0,26267000000.0,43.77
sz002883,中设股份,12.51,-1.03,-0.13,0.08,5.34,0.7,3.08,90511200.00000001,135000000.0,1694000000.0000002,44.22
sh600576,祥源文旅,7.67,-1.03,-0.08,0.13,1.77,1.51,3.74,91417400.0,673000000.0,5163000000.0,82.42
sz301109,军信股份,17.21,-1.03,-0.18,-0.06,3.88,1.03,1.61,65599000.0,98650800.0,1698000000.0,15.85
sz002269,美邦服饰,1.91,-1.04,-0.02,0.0,10.84,0.94,9.33,530999999.99999994,2512000000.0,4799000000.0,27.37
sz002339,积成电子,7.63,-1.04,-0.08,0.13,5.64,0.94,4.02,202999999.99999997,478000000.0,3647999999.9999995,亏损
sz301383,天键股份,38.11,-1.04,-0.4,0.03,9.54,0.8,3.97,98762200.0,27561100.0,1050000000.0,57.98
sh600531,豫光金铅,6.65,-1.04,-0.07,-0.15,6.29,3.87,5.06,451000000.0,1090000000.0,7250000000.0,11.94
sh601199,江南水务,6.61,-1.05,-0.07,0.0,1.37,0.91,1.95,85132600.0,935000000.0,6182000000.0,21.00
sz001288,运机集团,16.99,-1.05,-0.18,0.0,1.27,0.5,1.11,12100500.0,55779500.0,948000000.0,24.89
sz002871,伟隆股份,12.27,-1.05,-0.13,0.49,1.66,1.48,1.77,24121800.0,118000000.0,1454000000.0,21.55
sz000922,佳电股份,13.19,-1.05,-0.14,-0.08,1.2,0.8,3.08,92170400.00000001,585000000.0,7718000000.000001,19.93
sh603712,七一二,28.2,-1.05,-0.3,0.0,0.42,1.43,2.1,92517600.0,772000000.0,21770000000.0,217.92
sz002388,新亚制程,6.57,-1.05,-0.07,-0.15,1.15,1.06,3.01,36145100.0,478000000.0,3141000000.0,84.13
sh603097,江苏华辰,22.51,-1.05,-0.24,-0.04,9.49,0.46,4.31,85321600.0,40000000.0,900000000.0,71.82
sz301125,腾亚精工,19.52,-1.06,-0.21,0.0,2.87,0.78,2.48,23639200.0,42227500.0,824000000.0,55.23
sz301268,铭利达,33.43,-1.06,-0.36,0.0,0.95,0.97,1.89,53988000.0,170000000.0,5682000000.0,36.14
sz002858,力盛体育,19.43,-1.07,-0.21,0.05,2.97,0.76,2.29,80934200.0,140000000.0,2724000000.0,75.77
sh688099,晶晨股份,90.66,-1.07,-0.98,-0.29,0.6,0.95,1.58,227999999.99999997,416000000.0,37731000000.0,309.90
sz300902,国安达,34.21,-1.07,-0.37,-0.12,2.66,1.87,2.69,48224600.0,53065500.0,1814999999.9999998,亏损
sh603308,应流股份,16.59,-1.07,-0.18,0.42,0.6,1.59,2.21,68335900.0,683000000.0,11333000000.0,34.77
sh688668,鼎通科技,73.66,-1.07,-0.8,0.22,4.49,0.84,4.38,153000000.0,46558500.0,3429000000.0,54.79
sh600996,贵广网络,10.11,-1.08,-0.11,0.0,1.3,0.69,2.15,159000000.0,1208000000.0,12209000000.0,1475.99
sh605303,园林股份,11.95,-1.08,-0.13,0.25,2.25,0.39,2.73,18296100.0,67984800.0,811999999.9999999,亏损
sh603316,诚邦股份,7.33,-1.08,-0.08,0.41,3.29,0.83,3.37,63618800.0,264000000.0,1937000000.0,亏损
sh603386,骏亚科技,10.99,-1.08,-0.12,0.09,0.54,1.03,2.07,19281100.0,326000000.0,3586000000.0,71.39
sh600707,彩虹股份,6.41,-1.08,-0.07,-0.16,1.16,0.68,2.16,269000000.0,3588000000.0000005,22997000000.0,亏损
sz300148,天舟文化,4.58,-1.08,-0.05,-0.22,5.16,1.05,2.59,183000000.0,775000000.0,3552000000.0000005,亏损
sz000711,*ST京蓝,1.83,-1.08,-0.02,0.0,1.68,0.62,1.62,30147199.999999996,982000000.0,1798000000.0,亏损
sh603868,飞科电器,70.24,-1.08,-0.77,0.17,0.21,0.71,2.13,63644399.99999999,436000000.00000006,30597000000.000004,23.89
sh601595,上海电影,24.56,-1.09,-0.27,0.0,2.03,0.64,2.38,224000000.00000003,448000000.00000006,11008000000.0,76.50
sz002101,广东鸿图,20.01,-1.09,-0.22,0.0,4.69,1.26,5.44,495000000.0,529000000.0,10582000000.0,34.27
sh600060,海信视像,21.78,-1.09,-0.24,0.0,0.65,1.16,2.77,183000000.0,1289000000.0,28076000000.0,11.47
sh688283,坤恒顺维,67.91,-1.09,-0.75,0.27,0.35,0.47,3.73,11902100.0,50766600.0,3447999999.9999995,520.69
sz002951,ST金时,7.24,-1.09,-0.08,-0.14,1.61,0.85,2.6,47200400.0,405000000.0,2932000000.0,亏损
sz003019,宸展光电,19.85,-1.1,-0.22,0.0,1.2,0.94,2.19,26694100.0,112000000.00000001,2229000000.0,21.37
sz002893,京能热力,12.62,-1.1,-0.14,0.0,6.49,0.65,1.88,165000000.0,202000000.0,2545000000.0,3.77
sz003017,大洋生物,34.17,-1.1,-0.38,0.26,2.15,1.56,2.29,31200500.0,42393800.0,1449000000.0,26.42
sz300694,蠡湖股份,10.78,-1.1,-0.12,0.0,2.35,1.72,4.13,52752400.0,208000000.0,2243000000.0,55.10
sh603598,引力传媒,9.87,-1.1,-0.11,-0.1,2.96,1.12,2.81,77694500.0,268000000.00000003,2644000000.0,76.17
sh603258,电魂网络,33.18,-1.1,-0.37,-0.15,1.42,0.78,2.0,115999999.99999999,245000000.00000003,8120999999.999999,42.89
sh688288,鸿泉物联,23.29,-1.1,-0.26,0.26,0.71,1.03,2.8,16585000.0,100000000.0,2337000000.0,亏损
sh605589,圣泉集团,23.3,-1.1,-0.26,0.04,1.93,0.71,2.72,277000000.0,615000000.0,14334000000.0,35.62
sh688330,宏力达,34.05,-1.1,-0.38,-0.03,1.74,1.9,3.43,47329100.0,80079400.0,2727000000.0,21.89
sh605298,必得科技,15.22,-1.1,-0.17,0.07,3.16,0.98,2.86,20506000.0,42900000.0,653000000.0,659.56
sz300499,高澜股份,14.27,-1.11,-0.16,0.0,4.72,0.64,4.5,183000000.0,271000000.0,3870000000.0000005,亏损
sz301359,东南电子,25.69,-1.12,-0.29,0.0,7.35,0.75,2.66,40465200.0,21460000.0,551000000.0,66.97
sh600581,八一钢铁,4.43,-1.12,-0.05,0.0,6.56,1.79,4.91,445000000.0,1533000000.0,6791000000.0,亏损
sz002919,名臣健康,35.32,-1.12,-0.4,-0.23,1.01,0.55,2.63,79485600.0,220000000.00000003,7767000000.0,57.52
sz003010,若羽臣,20.3,-1.12,-0.23,0.0,5.44,0.5,3.12,78996000.0,71682800.0,1455000000.0,89.79
839946,华阳变速,2.64,-1.12,-0.03,0.0,0.38,1.34,2.25,799300.0000000001,79681300.0,210000000.0,亏损
sz301081,严牌股份,10.52,-1.13,-0.12,0.29,4.14,0.89,2.91,36657000.0,84384000.0,888000000.0000001,54.78
sz300609,汇纳科技,24.53,-1.13,-0.28,0.0,2.49,0.95,3.95,58114100.0,95027900.00000001,2331000000.0,亏损
sz301062,上海艾录,10.48,-1.13,-0.12,0.0,0.7,0.85,2.92,17709700.0,239000000.0,2508000000.0,149.56
sz002338,奥普光电,33.19,-1.13,-0.38,-0.09,1.36,0.78,1.91,109000000.00000001,240000000.0,7965000000.000001,94.36
sh603789,星光农机,9.6,-1.13,-0.11,-0.1,1.48,0.6,2.47,37011800.0,260000000.0,2496000000.0,亏损
sz003011,海象新材,31.41,-1.13,-0.36,-0.1,2.95,0.48,2.02,51473100.00000001,55280200.00000001,1736000000.0,11.99
sz000721,西安饮食,13.91,-1.14,-0.16,0.0,15.9,0.78,5.33,965000000.0,438000000.0,6086000000.0,亏损
sz002281,光迅科技,30.39,-1.14,-0.35,-0.03,2.76,0.84,2.86,573000000.0,681000000.0,20690000000.0,59.72
sh600638,新黄浦,6.94,-1.14,-0.08,0.0,9.16,2.07,10.4,423000000.00000006,673000000.0,4673000000.0,287.73
sz002740,*ST爱迪,2.6,-1.14,-0.03,-0.38,1.54,0.83,3.42,16083599.999999998,405000000.0,1052999999.9999999,亏损
sz002630,华西能源,2.6,-1.14,-0.03,-0.38,3.56,1.12,2.66,94914100.0,1028999999.9999999,2675000000.0,亏损
sh600149,廊坊发展,6.06,-1.14,-0.07,-0.17,4.18,0.8,1.79,96264500.0,380000000.0,2304000000.0,亏损
sh603773,沃格光电,29.37,-1.14,-0.34,0.07,1.53,0.38,2.05,70943600.0,156000000.0,4593000000.0,1181.91
sh603105,芯能科技,15.5,-1.15,-0.18,0.26,1.74,0.9,2.3,135000000.0,500000000.0,7750000000.0,64.42
sh600731,湖南海利,7.75,-1.15,-0.09,0.39,1.82,2.01,2.3,65196000.0,461000000.00000006,3572999999.9999995,12.70
sh601005,重庆钢铁,1.72,-1.15,-0.02,0.59,6.25,2.51,6.32,892000000.0,8380000000.0,14413999999.999998,亏损
sz300982,苏文电能,46.3,-1.15,-0.54,0.0,7.24,1.27,3.03,265000000.0,79436400.0,3678000000.0,24.79
sh688401,路维光电,31.59,-1.16,-0.37,-0.41,2.56,0.62,2.69,34885800.0,43144799.99999999,1363000000.0,53.74
sh688665,四方光电,80.06,-1.16,-0.94,0.08,1.57,1.72,2.68,27297300.0,21550000.0,1725000000.0,36.12
sz002238,天威视讯,6.8,-1.16,-0.08,0.15,0.84,0.81,2.76,45820600.00000001,802999999.9999999,5457000000.0,43.21
sz002336,人人乐,16.96,-1.17,-0.2,0.0,11.88,1.05,10.9,770000000.0,373000000.0,6329000000.0,亏损
sz002830,名雕股份,13.52,-1.17,-0.16,0.0,1.75,0.77,2.63,15948699.999999998,66852500.0,903999999.9999999,亏损
sh600225,卓朗科技,5.91,-1.17,-0.07,0.0,0.4,0.81,2.68,81026100.0,3409000000.0000005,20146000000.0,亏损
sh603628,清源股份,15.18,-1.17,-0.18,-0.07,0.84,0.99,2.47,35038700.0,274000000.0,4156000000.0,20.55
sz301176,逸豪新材,16.76,-1.18,-0.2,0.12,3.51,0.66,2.18,23877600.000000004,40654400.0,681000000.0,亏损
sh601126,四方股份,15.09,-1.18,-0.18,0.0,0.62,0.93,1.83,76072500.0,813000000.0000001,12271000000.0,21.61
sz300494,盛天网络,15.91,-1.18,-0.19,0.0,3.98,0.78,1.61,252000000.0,399000000.0,6346000000.0,26.46
sh688072,拓荆科技,317.99,-1.18,-3.8,0.0,2.09,0.96,4.82,463000000.0,68700200.0,21846000000.0,187.17
sz300651,金陵体育,25.95,-1.18,-0.31,0.0,2.94,1.01,3.31,58287700.00000001,76029600.0,1973000000.0,336.59
sz002427,尤夫股份,7.5,-1.19,-0.09,0.0,0.3,1.0,1.71,21994899.999999996,984000000.0,7379000000.000001,亏损
sz300905,宝丽迪,18.32,-1.19,-0.22,0.0,1.3,0.9,2.1,11361600.0,47855300.0,877000000.0,62.55
sz300930,屹通新材,25.77,-1.19,-0.31,-0.04,2.36,0.99,3.34,18039000.0,29500000.0,760000000.0,45.17
sh600192,长城电工,5.82,-1.19,-0.07,0.0,1.38,1.21,2.55,35270100.0,442000000.0,2571000000.0,亏损
sh688631,莱斯信息,33.87,-1.2,-0.41,-0.03,2.56,0.91,1.93,29150600.0,33543100.0,1136000000.0,亏损
sh688270,臻镭科技,54.5,-1.2,-0.66,0.0,1.51,1.45,3.5,71112200.0,86641100.0,4722000000.0,287.72
sz000558,莱茵体育,3.3,-1.2,-0.04,-0.3,3.65,0.96,3.59,156000000.0,1289000000.0,4252000000.0000005,166.11
sz300622,博士眼镜,22.26,-1.2,-0.27,0.0,0.97,0.93,2.0,24865200.0,114999999.99999999,2562000000.0,25.95
sz002851,麦格米特,32.16,-1.2,-0.39,0.22,0.92,1.75,1.69,122000000.0,413000000.0,13269000000.0,24.96
sz300837,浙矿股份,37.85,-1.2,-0.46,0.03,0.78,1.01,2.01,20936200.0,70581200.0,2672000000.0,17.64
sz002846,英联股份,12.33,-1.2,-0.15,0.08,3.07,0.78,2.72,84386299.99999999,223000000.0,2752000000.0,亏损
sz300506,名家汇,6.57,-1.2,-0.08,0.0,2.12,0.62,3.91,79374200.0,567000000.0,3728000000.0,72.03
sz000665,湖北广电,5.74,-1.21,-0.07,0.0,2.06,0.6,2.06,134000000.00000001,1134000000.0,6509999999.999999,亏损
sh600975,新五丰,9.84,-1.21,-0.12,0.0,4.33,0.78,2.71,277000000.0,653000000.0,6422000000.0,亏损
sh603236,移远通信,59.0,-1.21,-0.72,0.0,1.82,0.99,2.44,286000000.0,265000000.0,15610000000.0,亏损
sz301087,可孚医疗,44.1,-1.21,-0.54,0.09,0.98,0.82,1.75,38375300.0,88356400.0,3897000000.0,17.09
sh688118,普元信息,26.85,-1.21,-0.33,0.0,2.46,1.65,2.72,62941899.99999999,95400000.0,2561000000.0,亏损
831195,三祥科技,8.13,-1.22,-0.1,0.0,0.36,1.08,2.19,1142500.0,39229000.0,319000000.0,8.65
sz300732,设研院,10.55,-1.22,-0.13,0.0,4.3,0.88,3.93,147000000.0,322000000.0,3402000000.0000005,20.57
sz300774,倍杰特,12.17,-1.22,-0.15,0.0,2.41,0.88,2.6,36258800.0,124000000.0,1505000000.0,26.49
sz300786,国林科技,17.01,-1.22,-0.21,-0.06,1.12,0.8,2.32,26302900.0,137000000.0,2333000000.0,521.73
sh603220,中贝通信,16.2,-1.22,-0.2,-0.06,4.03,0.5,2.93,221000000.0,334000000.0,5408000000.0,59.60
430476,海能技术,11.34,-1.22,-0.14,0.0,0.98,2.29,3.48,6832700.0,60712299.99999999,688000000.0,亏损
sz300692,中环环保,7.23,-1.23,-0.09,0.0,1.82,1.02,2.46,49311800.0,375000000.0,2708000000.0,17.17
sz300396,迪瑞医疗,27.23,-1.23,-0.34,0.0,0.75,0.51,3.16,52174600.0,254000000.0,6923000000.0,24.08
sh603659,璞泰来,39.11,-1.24,-0.49,0.18,0.34,0.9,1.89,267000000.0,2013000000.0,78721000000.0,28.08
sz301019,宁波色母,21.54,-1.24,-0.27,-0.05,0.85,0.76,1.93,10282600.0,56182900.0,1210000000.0,33.02
sz301123,奕东电子,24.62,-1.24,-0.31,0.04,4.24,0.81,4.25,79336600.0,76416200.0,1880999999.9999998,68.73
sz000608,阳光股份,3.17,-1.25,-0.04,0.0,3.92,0.7,4.67,93202900.00000001,750000000.0,2377000000.0,亏损
sh605081,太和水,14.19,-1.25,-0.18,0.07,1.96,0.88,2.99,23831000.0,85409200.0,1212000000.0,216.47
sz002219,新里程,3.93,-1.26,-0.05,0.0,1.17,2.26,6.03,148000000.0,3243000000.0,12744000000.0,154.01
sz002343,慈文传媒,7.06,-1.26,-0.09,0.0,3.26,0.77,1.54,110000000.00000001,475000000.0,3353000000.0,66.99
sz000819,岳阳兴长,19.6,-1.26,-0.25,0.0,0.88,1.33,3.98,51635000.0,299000000.0,5863000000.0,91.53
sz300751,迈为股份,184.3,-1.26,-2.35,0.01,1.58,0.98,3.43,548000000.0,190000000.0,35076000000.0,58.11
sz301018,申菱环境,29.79,-1.26,-0.38,-0.03,4.09,0.98,2.62,106000000.0,86752000.0,2584000000.0,47.88
sz002760,凤形股份,23.42,-1.26,-0.3,-0.89,2.24,1.47,5.02,46172400.0,87980900.0,2061000000.0,46.68
sh688129,东来技术,14.82,-1.27,-0.19,0.27,1.44,1.6,1.93,8797900.0,41430000.0,614000000.0,145.68
sz002237,恒邦股份,11.69,-1.27,-0.15,0.09,0.92,0.94,1.86,98334500.0,910000000.0,10643000000.0,27.23
sh600551,时代出版,10.91,-1.27,-0.14,0.0,0.83,0.69,2.53,43860500.0,484000000.0,5284000000.0,15.23
sz002962,五方光电,12.45,-1.27,-0.16,0.08,3.77,1.22,2.06,98403100.0,209000000.0,2604000000.0,74.65
sh600845,宝信软件,48.22,-1.27,-0.62,0.0,0.47,1.72,1.93,392000000.0,1735000000.0000002,83667000000.0,58.05
sz000820,神雾节能,3.88,-1.27,-0.05,0.0,3.01,0.8,2.04,33742400.0,288000000.0,1116000000.0,亏损
sz002615,哈尔斯,6.98,-1.27,-0.09,0.0,1.59,0.82,2.55,32012300.0,286000000.0,1998999999.9999998,228.09
sh603999,读者传媒,6.2,-1.27,-0.08,0.0,1.32,1.11,2.07,47333100.00000001,576000000.0,3571000000.0,117.40
sz000421,南京公用,5.42,-1.27,-0.07,0.0,1.84,1.07,2.19,57387600.0,573000000.0,3104000000.0,亏损
sh688319,欧林生物,19.29,-1.28,-0.25,-0.16,0.32,0.56,2.61,17797000.0,288000000.0,5560000000.0,508.27
sh605588,冠石科技,40.13,-1.28,-0.52,0.0,5.43,1.09,2.46,50605600.00000001,23099600.0,927000000.0,43.86
sz300288,朗玛信息,16.92,-1.28,-0.22,0.0,3.96,0.82,2.74,169000000.0,252000000.0,4256000000.0,67.23
sz300539,横河精密,12.29,-1.28,-0.16,0.0,1.37,1.02,2.49,28920800.0,171000000.0,2098999999.9999998,74.56
sh600612,老凤祥,63.71,-1.29,-0.83,0.02,0.36,1.04,2.12,73165600.0,317000000.0,20203000000.0,11.64
sz301161,唯万密封,22.08,-1.3,-0.29,0.0,3.57,0.66,2.33,22047000.0,28018800.0,619000000.0,38.38
sz301070,开勒股份,41.1,-1.3,-0.54,0.34,1.13,0.52,2.79,16335400.0,35045900.0,1440000000.0,亏损
sh600322,天房发展,2.28,-1.3,-0.03,0.0,13.89,0.83,7.36,351000000.0,1106000000.0,2521000000.0,亏损
sh603173,福斯达,28.85,-1.3,-0.38,0.1,2.68,1.13,3.76,30702100.0,40000000.0,1154000000.0,32.74
sz300828,锐新科技,15.17,-1.3,-0.2,0.0,1.57,0.95,2.93,29224400.0,123000000.0,1859000000.0,34.56
sz301281,科源制药,28.05,-1.3,-0.37,-0.18,13.85,0.4,3.34,99838500.0,25691200.0,721000000.0,23.66
sz301285,鸿日达,14.39,-1.3,-0.19,1.05,10.89,0.58,4.05,80494500.0,51670000.0,744000000.0,亏损
sz001283,豪鹏科技,48.29,-1.31,-0.64,-0.02,3.1,0.68,4.46,29748500.0,20000000.0,966000000.0,674.75
sh603860,中公高科,28.67,-1.31,-0.38,0.04,2.4,0.84,2.34,45874799.99999999,66680000.0,1912000000.0,118.66
sz300613,富瀚微,54.29,-1.31,-0.72,0.02,1.73,1.63,2.93,204000000.0,217000000.0,11789000000.0,53.44
sh688259,创耀科技,62.48,-1.31,-0.83,0.03,1.63,1.12,3.98,57790900.0,57088800.0,3567000000.0,82.82
sz300936,中英科技,34.6,-1.31,-0.46,0.12,8.35,0.81,1.94,76389800.0,26558800.0,919000000.0,92.58
836826,盖世食品,6.01,-1.31,-0.08,0.0,0.3,2.17,3.78,922000.0,50881200.0,306000000.0,亏损
sz300713,英可瑞,18.76,-1.31,-0.25,-0.05,4.18,0.72,3.21,67798400.0,86086400.0,1614999999.9999998,1175.52
sh600629,华建集团,6.75,-1.32,-0.09,0.0,6.84,0.95,5.41,434999999.99999994,944999999.9999999,6376000000.0,18.59
sz301072,中捷精工,26.23,-1.32,-0.35,0.04,18.48,1.57,5.46,161000000.0,33354800.0,875000000.0,94.98
sh603063,禾望电气,29.23,-1.32,-0.39,0.0,1.46,1.56,1.96,189000000.0,443000000.0,12956000000.0,41.27
sz002912,中新赛克,36.72,-1.32,-0.49,0.0,2.56,0.72,2.2,153000000.0,162000000.0,5957000000.0,26.55
sz000589,贵州轮胎,6.69,-1.33,-0.09,0.15,2.05,0.91,2.65,154000000.0,1114000000.0,7450000000.0,20.69
sz002324,普利特,13.39,-1.33,-0.18,0.08,1.02,1.07,2.73,92530200.0,678000000.0,9081000000.0,32.88
sz002190,成飞集成,22.29,-1.33,-0.3,-0.05,2.6,1.89,2.57,206000000.0,359000000.0,7995999999.999999,789.96
sz300262,巴安水务,2.96,-1.33,-0.04,0.0,8.48,2.43,11.33,173000000.0,668000000.0,1978000000.0,亏损
sh600083,博信股份,7.39,-1.33,-0.1,0.27,1.75,0.66,2.4,29643200.0,227999999.99999997,1685000000.0000002,亏损
sz300576,容大感光,35.35,-1.34,-0.48,0.0,4.48,0.86,1.9,225999999.99999997,142000000.0,5017000000.0,121.98
sh688219,会通股份,10.26,-1.35,-0.14,0.39,3.77,5.2,7.6,127000000.0,319000000.0,3270000000.0000005,36.17
sz002478,常宝股份,7.32,-1.35,-0.1,0.14,2.75,1.34,2.56,139000000.0,686000000.0,5023000000.0,8.20
sz300081,恒信东方,8.78,-1.35,-0.12,-0.11,4.38,0.81,2.58,190000000.0,492000000.0,4319000000.0,亏损
sh688531,日联科技,140.26,-1.35,-1.92,0.0,2.67,1.04,1.91,65535300.0,17382700.0,2438000000.0,197.98
sz300800,力合科技,13.86,-1.35,-0.19,0.0,2.09,0.34,2.71,48707299.99999999,168000000.0,2331000000.0,72.74
sz002887,绿茵生态,9.47,-1.35,-0.13,0.11,2.53,0.46,2.5,39758400.0,165000000.0,1567000000.0,22.36
sz300866,安克创新,79.41,-1.35,-1.09,0.03,0.96,1.19,2.11,114999999.99999999,151000000.0,12010000000.0,26.39
sh603477,巨星农牧,31.27,-1.36,-0.43,-0.03,1.01,0.71,2.56,161000000.0,505999999.99999994,15826000000.0,亏损
sz003001,中岩大地,17.42,-1.36,-0.24,0.0,7.24,0.75,2.83,62363000.0,49375100.0,860000000.0,亏损
sz300476,胜宏科技,23.21,-1.36,-0.32,0.35,3.9,0.7,4.25,778000000.0,856000000.0,19875000000.0,40.05
sh601069,西部黄金,14.5,-1.36,-0.2,-0.14,2.04,0.73,2.52,200000000.0,672000000.0,9749000000.0,亏损
sh600072,中船科技,24.62,-1.36,-0.34,0.04,4.81,0.98,2.96,864000000.0,736000000.0,18126000000.0,260.00
sz002616,长青集团,5.79,-1.36,-0.08,0.0,4.45,1.02,2.21,122000000.0,470000000.0,2723000000.0,66.70
sz300103,达刚控股,6.46,-1.37,-0.09,-0.16,0.98,0.73,2.14,15530100.0,245000000.00000003,1586000000.0,亏损
sz301226,祥明智能,24.39,-1.38,-0.34,0.08,6.59,0.89,2.59,78654400.0,49079900.0,1197000000.0,42.21
sh601886,江河集团,9.31,-1.38,-0.13,0.11,0.46,1.01,2.44,48253400.0,1133000000.0,10548000000.0,16.12
sh601208,东材科技,13.6,-1.38,-0.19,-0.44,1.12,0.73,2.03,138000000.0,897000000.0000001,12196000000.0,44.16
sz300002,神州泰岳,9.99,-1.38,-0.14,0.0,3.52,0.67,2.76,638000000.0,1819000000.0000002,18174000000.0,27.50
sz301305,朗坤环境,22.09,-1.38,-0.31,0.18,10.91,0.85,3.48,134000000.00000001,55957299.99999999,1236000000.0,31.74
sh605286,同力日升,26.27,-1.39,-0.37,-0.04,5.98,1.89,7.28,76039700.0,48000000.0,1261000000.0,67.92
sh603990,麦迪科技,16.32,-1.39,-0.23,0.06,2.04,0.91,1.75,93205900.0,278000000.0,4544000000.0,亏损
sz301182,凯旺科技,21.88,-1.4,-0.31,0.0,4.31,0.49,2.34,34027800.0,35971700.0,787000000.0,亏损
sh688593,新相微,16.91,-1.4,-0.24,0.18,4.87,0.93,2.27,56304399.99999999,68374200.0,1156000000.0,96.79
sh601858,中国科传,28.85,-1.4,-0.41,0.04,1.17,0.82,2.67,267000000.0,791000000.0,22806000000.0,133.39
sz002656,ST摩登,2.1,-1.41,-0.03,0.0,0.76,1.79,3.76,9726600.0,609000000.0,1280000000.0,亏损
sh603955,大千生态,16.8,-1.41,-0.24,0.42,0.84,1.06,2.58,19235000.0,136000000.0,2280000000.0,540.12
sh688300,联瑞新材,44.06,-1.41,-0.63,0.14,1.48,1.06,4.65,120000000.0,186000000.0,8184000000.0,71.24
sz300757,罗博特科,68.42,-1.41,-0.98,0.02,1.88,0.68,2.69,134000000.00000001,104000000.0,7116000000.0,445.74
sz002724,海洋王,8.38,-1.41,-0.12,0.12,0.32,0.98,3.06,20677199.999999996,762000000.0,6383000000.0,165.24
sz000600,建投能源,6.95,-1.42,-0.1,0.0,1.91,0.89,3.12,144000000.0,1090000000.0,7576000000.000001,亏损
833427,华维设计,5.54,-1.42,-0.08,0.0,1.2,0.81,1.96,2497000.0,37742400.0,209000000.0,10.93
sh688227,品高股份,21.41,-1.43,-0.31,-0.05,2.49,1.56,2.3,33043700.0,62031100.0,1328000000.0,亏损
sh603823,百合花,11.05,-1.43,-0.16,-0.18,0.56,1.06,1.61,25782900.0,411000000.00000006,4542000000.0,72.92
sz000938,紫光股份,26.94,-1.43,-0.39,0.0,1.52,1.15,2.12,1182000000.0,2860000000.0,77051000000.0,43.88
sz002669,康达新材,13.81,-1.43,-0.2,0.15,2.89,0.68,4.0,115999999.99999999,291000000.0,4014000000.0,亏损
sz002087,*ST新纺,2.07,-1.43,-0.03,0.0,2.1,0.94,2.38,35442200.0,816000000.0,1688000000.0,139.00
sz300442,润泽科技,28.94,-1.43,-0.42,0.0,3.61,1.33,5.01,124000000.0,119000000.0,3432000000.0,37.67
sh688373,盟科药业-U,7.57,-1.43,-0.11,-0.13,3.97,1.97,2.34,37532200.0,125000000.0,944999999.9999999,亏损
sz300927,江天化学,17.15,-1.44,-0.25,-0.06,3.9,0.81,3.68,56728000.0,85288000.0,1463000000.0,27.12
sz001319,铭科精技,21.26,-1.44,-0.31,-0.09,4.08,2.01,4.64,68775000.0,79676000.0,1694000000.0000002,41.71
sz300811,铂科新材,52.03,-1.44,-0.76,0.04,1.24,1.02,2.56,101000000.0,156000000.0,8128000000.0,39.40
sz300991,创益通,15.05,-1.44,-0.22,0.07,6.93,0.66,2.62,67930200.0,65376000.0,984000000.0,亏损
sh603682,锦和商管,8.19,-1.44,-0.12,-1.92,24.73,4.91,13.6,1015000000.0,472000000.0,3870000000.0000005,41.73
sh688420,美腾科技,32.04,-1.45,-0.47,0.0,5.16,1.57,2.8,34981600.0,21225600.0,680000000.0,141.05
sz300567,精测电子,85.03,-1.45,-1.25,0.27,1.0,0.4,3.0,177000000.0,206999999.99999997,17588000000.0,497.88
sz301370,国科恒泰,17.69,-1.45,-0.26,0.0,12.03,0.78,2.56,140000000.0,66249799.99999999,1172000000.0,79.02
sh688150,莱特光电,18.28,-1.46,-0.27,0.16,2.3,1.8,2.8,63014399.99999999,150000000.0,2740000000.0,78.19
sz300756,金马游乐,18.92,-1.46,-0.28,0.0,4.34,1.09,3.38,75107900.0,92135500.0,1743000000.0,23.99
sh688480,赛恩斯,29.7,-1.46,-0.44,0.14,2.23,0.97,4.88,13333000.0,20150700.0,598000000.0,52.54
sz000988,华工科技,36.43,-1.46,-0.54,-0.08,5.29,0.77,3.17,1960000000.0000002,1005000000.0000001,36612000000.0,29.72
sz300889,爱克股份,14.82,-1.46,-0.22,0.34,3.95,1.11,2.86,52384300.0,88885900.0,1317000000.0,亏损
sh601928,凤凰传媒,10.77,-1.46,-0.16,-0.09,0.74,1.74,1.65,204000000.0,2545000000.0,27408999999.999996,14.19
sz300867,圣元环保,17.5,-1.46,-0.26,-0.11,2.0,1.46,1.91,53978600.0,153000000.0,2682000000.0,28.80
sh688208,道通科技,28.8,-1.47,-0.43,-0.07,1.91,1.75,4.34,246000000.0,451999999.99999994,13013999999.999998,45.21
sz301030,仕净科技,55.57,-1.47,-0.83,-0.2,2.51,0.95,3.74,147000000.0,105000000.0,5820000000.0,55.90
sz300958,建工修复,18.74,-1.47,-0.28,0.05,4.93,0.55,3.0,71551900.0,76969300.0,1442000000.0,39.27
sz002547,春兴精工,4.68,-1.47,-0.07,-0.21,3.02,1.21,3.16,155000000.0,1104000000.0,5167000000.0,亏损
sz002510,天汽模,4.0,-1.48,-0.06,0.0,5.34,2.18,4.19,197000000.0,931000000.0,3725000000.0,311.56
sz002401,中远海科,21.99,-1.48,-0.33,-0.05,2.67,0.97,3.54,216000000.0,368000000.0,8091000000.0,38.24
sz300563,神宇股份,13.99,-1.48,-0.21,-0.14,2.98,1.13,1.97,51339700.0,123000000.0,1718000000.0,67.30
sz300057,万顺新材,7.31,-1.48,-0.11,0.0,2.7,1.18,2.56,146000000.0,734000000.0,5363000000.0,亏损
sz300654,世纪天鸿,11.29,-1.48,-0.17,-0.18,2.51,0.91,2.62,91821200.00000001,323000000.0,3647000000.0,131.16
sh688550,瑞联新材,36.42,-1.49,-0.55,0.17,1.68,1.16,4.49,62097500.0,102000000.0,3704000000.0,89.04
sh688132,邦彦技术,24.48,-1.49,-0.37,-0.45,3.37,0.84,3.1,28593200.0,34849300.0,852999999.9999999,79.13
sh600150,中国船舶,32.4,-1.49,-0.49,-0.03,2.0,1.31,4.44,2879000000.0,4472000000.0,144907000000.0,832.04
sh603100,川仪股份,35.0,-1.49,-0.53,0.0,0.31,1.6,2.17,42347800.0,391000000.0,13688000000.0,19.86
sz002629,仁智股份,3.96,-1.49,-0.06,0.25,2.34,1.19,2.24,31928500.0,345000000.0,1365000000.0,亏损
sh688327,云从科技-UW,17.13,-1.5,-0.26,-0.29,3.17,1.05,3.28,404000000.0,747000000.0,12788000000.0,亏损
sh688618,三旺通信,57.99,-1.5,-0.88,0.28,1.52,1.7,4.06,21985700.0,25241800.0,1464000000.0,93.60
sz300666,江丰电子,63.26,-1.5,-0.96,0.0,1.53,1.28,2.41,202000000.0,208000000.0,13132000000.0,74.99
sz002997,瑞鹄模具,33.5,-1.5,-0.51,-0.09,7.53,1.34,7.53,288000000.0,113999999.99999999,3835000000.0,35.85
sh603948,建业股份,26.25,-1.5,-0.4,0.27,1.68,0.43,3.71,71762400.0,161000000.0,4233000000.0,11.57
sz002535,林州重机,4.59,-1.5,-0.07,0.0,8.27,0.6,3.0,217000000.0,571000000.0,2620000000.0,35.43
sz002655,共达电声,13.1,-1.5,-0.2,0.23,3.5,0.53,2.93,165000000.0,360000000.0,4715000000.0,112.54
sz002050,三花智控,26.83,-1.5,-0.41,0.08,0.99,1.09,2.83,967000000.0,3621000000.0,97149000000.0,40.87
sh688311,盟升电子,51.66,-1.51,-0.79,0.18,3.19,1.09,2.36,111000000.00000001,67125500.0,3468000000.0,亏损
sh600202,哈空调,5.88,-1.51,-0.09,-0.17,3.27,1.32,2.68,73444600.0,383000000.0,2254000000.0,82.70
839167,同享科技,11.76,-1.51,-0.18,0.0,0.82,3.76,2.93,6254400.000000001,65107500.0,766000000.0,15.18
sh688258,卓易信息,56.78,-1.51,-0.87,-0.07,2.38,1.93,4.11,118000000.0,86956600.0,4937000000.0,182.32
sh603096,新经典,19.53,-1.51,-0.3,0.0,1.5,1.58,1.72,47724200.0,163000000.0,3174000000.0,17.62
sz000571,新大洲A,2.6,-1.51,-0.04,-0.38,4.1,1.37,3.03,86277000.0,814000000.0,2116000000.0,亏损
sz301089,拓新药业,62.31,-1.52,-0.96,0.02,4.31,0.91,2.85,204999999.99999997,77081000.0,4803000000.0,6.45
sz300286,安科瑞,31.05,-1.52,-0.48,0.0,1.2,0.87,2.35,65223600.0,175000000.0,5423000000.0,39.86
sz002766,索菱股份,5.82,-1.52,-0.09,0.0,6.75,4.16,4.57,332000000.0,842000000.0,4900000000.0,2070.68
sh600452,涪陵电力,17.45,-1.52,-0.27,0.23,0.96,1.54,2.77,184000000.0,1098000000.0,19152000000.0,41.45
sz300500,启迪设计,19.38,-1.52,-0.3,0.78,7.96,0.76,4.42,250999999.99999997,164000000.0,3184000000.0,40.32
sh603421,鼎信通讯,9.66,-1.53,-0.15,0.0,0.45,0.98,2.55,28131000.0,652000000.0,6300000000.0,亏损
sz003013,地铁设计,19.32,-1.53,-0.3,-0.21,1.85,0.92,2.85,21674000.0,60206899.99999999,1163000000.0,19.19
sz300717,华信新材,16.73,-1.53,-0.26,0.0,1.26,1.64,2.41,21591000.0,102000000.0,1704000000.0,59.72
sz002602,世纪华通,5.15,-1.53,-0.08,-0.19,2.33,0.77,2.1,828999999.9999999,6878000000.0,35422000000.0,22.14
sz301306,西测测试,39.13,-1.53,-0.61,-0.03,3.83,0.85,4.43,53752600.0,35980000.0,1408000000.0,亏损
sz003033,征和工业,32.0,-1.54,-0.5,0.0,4.18,1.17,3.11,32409600.0,24086600.0,771000000.0,25.49
sz002380,科远智慧,21.12,-1.54,-0.33,0.0,3.96,0.69,2.89,118000000.0,142000000.0,2989000000.0,59.95
sh600892,大晟文化,5.72,-1.55,-0.09,-0.18,1.35,1.11,2.75,42995900.0,559000000.0,3199000000.0,5563.77
sh600231,凌钢股份,2.54,-1.55,-0.04,-0.39,2.88,1.95,5.04,206000000.0,2852000000.0,7244000000.0,39.38
sh603669,灵康药业,5.07,-1.55,-0.08,-0.2,0.34,0.68,1.55,12536700.0,721000000.0,3657000000.0,亏损
sz300358,楚天科技,13.89,-1.56,-0.22,0.0,1.45,1.91,3.05,104000000.0,517000000.0,7180000000.0,14.97
sz300716,泉为科技,13.26,-1.56,-0.21,0.0,1.28,1.29,2.6,27338500.0,160000000.0,2122000000.0,亏损
sz301429,森泰股份,26.49,-1.56,-0.42,-0.26,35.78,1.03,6.76,264000000.0,28036500.0,743000000.0,46.65
sh603186,华正新材,32.75,-1.56,-0.52,0.03,1.64,0.8,2.95,76350000.0,142000000.0,4647000000.0,亏损
sh600026,中远海能,13.82,-1.57,-0.22,-0.22,0.69,1.42,2.42,333000000.0,3475000000.0,48021000000.0,15.04
sz301068,大地海洋,36.94,-1.57,-0.59,-0.14,0.86,0.94,3.04,12674000.0,39646100.0,1465000000.0,175.89
sz002134,天津普林,10.01,-1.57,-0.16,-0.1,3.82,0.63,2.56,94118300.0,246000000.0,2461000000.0,87.68
sh603800,道森股份,29.39,-1.57,-0.47,-0.07,1.17,0.73,2.51,72232200.0,208000000.0,6113000000.0,86.19
sz301456,盘古智能,37.4,-1.58,-0.6,-0.08,15.82,0.91,5.26,204000000.0,34593600.0,1294000000.0,47.78
sh688543,国科军工,50.93,-1.58,-0.82,0.12,13.92,1.19,4.25,231000000.0,33160800.0,1689000000.0,197.71
sz301052,果麦文化,42.83,-1.59,-0.69,-0.05,4.59,0.8,2.9,109000000.00000001,55094799.99999999,2360000000.0,57.05
sh600081,东风科技,11.79,-1.59,-0.19,0.0,4.27,1.93,4.09,156000000.0,314000000.0,3697000000.0,123.59
sz300533,冰川网络,33.4,-1.59,-0.54,0.0,5.1,1.03,2.36,277000000.0,162000000.0,5404000000.0,10.09
sz301100,风光股份,20.95,-1.6,-0.34,-0.05,3.92,1.02,1.83,41170400.0,50000000.0,1047000000.0000001,52.01
sh688448,磁谷科技,29.45,-1.6,-0.48,0.0,1.88,0.78,2.07,9392700.0,16924500.0,498000000.00000006,亏损
sh603136,天目湖,25.02,-1.61,-0.41,0.0,2.05,2.16,3.19,94740500.0,186000000.0,4661000000.0,60.87
sz002973,侨银股份,12.8,-1.61,-0.21,0.0,1.3,1.39,2.46,34346300.0,204999999.99999997,2620000000.0,12.31
sz300684,中石科技,18.89,-1.61,-0.31,0.05,4.49,1.28,2.92,154000000.0,182000000.0,3436999999.9999995,62.83
sz300319,麦捷科技,8.53,-1.61,-0.14,0.0,1.48,1.11,2.42,104000000.0,825000000.0,7038000000.0,39.47
sh688377,迪威尔,26.76,-1.62,-0.44,0.04,0.34,0.84,1.58,16173500.0,176000000.0,4706000000.0,42.75
sz002156,通富微电,21.89,-1.62,-0.36,0.0,3.35,0.58,3.46,1114000000.0,1513000000.0,33120999999.999996,1819.49
sz300418,昆仑万维,35.81,-1.62,-0.59,-0.17,4.38,0.7,2.47,1714000000.0,1087000000.0,38925000000.0,50.48
sh603015,弘讯科技,9.07,-1.63,-0.15,0.0,2.59,1.94,3.25,94848200.0,404000000.0,3665999999.9999995,100.23
sz301272,英华特,67.64,-1.63,-1.12,0.0,14.32,0.7,3.94,135000000.0,13875100.0,939000000.0,132.18
sz301191,菲菱科思,83.15,-1.63,-1.38,0.02,4.79,0.63,2.34,87345800.0,21796600.0,1812000000.0,26.09
sz301319,唯特偶,54.17,-1.63,-0.9,0.24,2.9,0.75,2.9,22938400.0,14660000.0,794000000.0,29.31
sz002979,雷赛智能,19.23,-1.64,-0.32,0.47,2.68,2.18,3.58,109000000.00000001,213000000.0,4104999999.9999995,41.89
sz002266,浙富控股,4.2,-1.64,-0.07,-0.24,0.59,2.48,1.64,123000000.0,4897000000.0,20567000000.0,11.14
sh603997,继峰股份,15.57,-1.64,-0.26,0.0,1.0,0.6,4.67,179000000.0,1136000000.0,17686000000.0,73.66
sz301132,满坤科技,28.1,-1.65,-0.47,0.0,11.02,0.55,2.59,113999999.99999999,36870000.0,1036000000.0,42.65
sz301297,富乐德,20.29,-1.65,-0.34,0.0,7.84,1.19,3.05,118000000.0,73986800.0,1501000000.0,97.71
sh688389,普门科技,22.64,-1.65,-0.38,-0.04,0.39,0.77,2.48,37572700.0,426000000.0,9637000000.0,27.34
sz301333,诺思格,51.2,-1.65,-0.86,0.0,5.49,1.32,4.32,66961500.0,24000000.0,1229000000.0,42.68
sz300789,唐源电气,20.84,-1.65,-0.35,0.0,0.92,0.86,3.77,14466500.0,74956800.0,1562000000.0,98.58
sz300010,*ST豆神,2.38,-1.65,-0.04,0.0,1.63,1.17,4.55,31090400.0,809000000.0,1925000000.0,亏损
sh688596,正帆科技,34.42,-1.66,-0.58,-0.09,1.08,1.25,2.69,83779700.0,225000000.0,7730000000.0,214.47
sz300808,久量股份,13.61,-1.66,-0.23,0.07,1.29,0.87,2.24,14832000.0,84562000.0,1151000000.0,亏损
sh688355,明志科技,25.45,-1.66,-0.43,0.36,1.76,0.88,4.02,17351200.0,39183400.0,997000000.0000001,78.54
sz300589,江龙船艇,14.2,-1.66,-0.24,0.0,3.84,1.41,3.05,119000000.0,220000000.00000003,3122000000.0,249.14
sz002719,麦趣尔,11.82,-1.66,-0.2,0.09,22.16,0.75,7.49,430000000.0,162000000.0,1913000000.0,亏损
sz300502,新易盛,52.6,-1.66,-0.89,-0.06,5.44,0.83,4.58,1776000000.0000002,618000000.0,32487000000.0,86.57
837663,明阳科技,14.73,-1.67,-0.25,0.0,12.8,1.13,5.34,24154899.999999996,12971900.0,191000000.0,15.16
sz300460,惠伦晶体,11.18,-1.67,-0.19,-0.09,3.12,0.73,2.64,98847400.0,281000000.0,3139000000.0,亏损
sh688409,富创精密,83.57,-1.68,-1.43,-0.01,4.73,1.43,3.14,184000000.0,46754000.0,3907000000.0,110.89
sz001287,中电港,25.68,-1.69,-0.44,0.0,6.76,1.5,4.13,316000000.0,184000000.0,4732000000.0,68.55
sz300291,百纳千成,6.41,-1.69,-0.11,0.0,1.84,0.79,3.07,97568500.0,827000000.0,5303000000.0,亏损
sh600463,空港股份,9.89,-1.69,-0.17,0.2,1.82,1.11,2.98,54270700.0,300000000.0,2967000000.0,亏损
sh688630,芯碁微装,72.59,-1.69,-1.25,-0.18,3.79,1.16,4.92,187000000.0,68542500.0,4976000000.0,65.42
sz300364,中文在线,15.57,-1.71,-0.27,0.0,5.32,0.91,4.29,539000000.0,650000000.0,10121000000.0,亏损
sz300338,ST开元,5.17,-1.71,-0.09,0.0,3.52,1.69,2.09,55013100.00000001,303000000.0,1564000000.0,120.60
sz300056,中创环保,6.84,-1.72,-0.12,0.15,2.18,1.32,3.02,57696500.0,385000000.0,2636000000.0,亏损
sh688052,纳芯微,142.57,-1.73,-2.51,-0.02,1.56,1.16,3.51,181000000.0,81476100.0,11616000000.0,3241.11
sh688510,航亚科技,18.72,-1.73,-0.33,-0.21,0.93,1.2,4.51,28803800.0,166000000.0,3109000000.0,96.78
sz002252,上海莱士,7.37,-1.73,-0.13,-0.14,0.88,2.36,2.27,437000000.0,6738000000.0,49660000000.0,17.28
sh603153,上海建科,18.71,-1.73,-0.33,0.0,11.91,0.71,4.57,122000000.0,55000000.0,1028999999.9999999,97.19
sh600691,阳煤化工,3.4,-1.73,-0.06,0.0,1.04,1.5,2.6,83450600.0,2376000000.0,8077000000.0,122.98
sz002575,群兴玩具,6.23,-1.74,-0.11,0.16,7.26,5.61,7.26,271000000.0,589000000.0,3668000000.0,286.29
sh688378,奥来德,44.19,-1.74,-0.78,-0.02,1.46,1.0,3.96,60526000.0,93648200.0,4138000000.0000005,16.75
sz300964,本川智能,43.61,-1.74,-0.77,0.0,5.98,0.9,2.68,86325200.0,32909000.0,1435000000.0,114.85
sz002315,焦点科技,36.16,-1.74,-0.64,0.03,4.82,0.48,3.07,339000000.0,195000000.0,7040000000.000001,29.67
sz002463,沪电股份,22.0,-1.74,-0.39,-0.09,3.04,0.67,3.66,1277000000.0,1904000000.0,41889000000.0,52.31
sz300727,润禾材料,25.32,-1.75,-0.45,-0.04,1.48,1.36,3.61,42656899.99999999,113999999.99999999,2883000000.0,52.22
sh688698,伟创电气,31.47,-1.75,-0.56,0.22,3.19,0.99,2.72,46191899.99999999,45901500.0,1445000000.0,33.24
sz002896,中大力德,30.85,-1.75,-0.55,0.0,4.77,0.62,2.48,224000000.00000003,151000000.0,4664000000.0,77.34
sh688205,德科立,57.69,-1.75,-1.03,0.98,8.37,1.44,5.84,112000000.00000001,23347199.999999996,1347000000.0,64.24
sz002675,东诚药业,15.02,-1.77,-0.27,-0.07,0.87,1.24,2.35,96869900.0,738000000.0,11081000000.0,61.80
sh605398,新炬网络,25.56,-1.77,-0.46,0.12,3.07,0.71,5.84,29782700.0,37787100.0,966000000.0,59.26
sh605599,菜百股份,13.87,-1.77,-0.25,0.0,0.82,0.69,3.26,67523300.0,587000000.0,8137000000.0,11.50
sh688025,杰普特,73.18,-1.77,-1.32,-0.07,2.22,0.99,3.09,127000000.0,77738500.0,5689000000.0,57.38
sz301261,恒工精密,41.57,-1.77,-0.75,-0.02,14.52,0.86,3.66,119000000.0,19791800.0,823000000.0,30.27
sh600435,北方导航,10.48,-1.78,-0.19,-0.19,2.18,3.08,3.84,339000000.0,1498000000.0,15700000000.0,159.87
sz002995,天地在线,25.77,-1.79,-0.47,-0.08,9.78,0.75,3.66,204999999.99999997,80859400.0,2084000000.0,亏损
sh688381,帝奥微,30.46,-1.8,-0.56,0.13,3.02,1.69,6.06,54330000.0,59590600.00000001,1814999999.9999998,192.33
sh603338,浙江鼎力,58.21,-1.82,-1.08,0.07,0.76,0.96,3.25,225000000.0,505999999.99999994,29475000000.0,23.07
sh688190,云路股份,79.72,-1.82,-1.48,0.0,0.58,0.58,1.85,25743300.0,55116000.0,4394000000.0,32.56
sz002276,万马股份,10.75,-1.83,-0.2,-0.09,2.48,1.26,2.28,274000000.0,1027000000.0,11037000000.0,30.34
sz002527,新时达,10.74,-1.83,-0.2,-0.09,5.26,0.64,2.38,299000000.0,525000000.0,5643000000.0,13.71
sz301020,密封科技,20.85,-1.84,-0.39,0.0,2.7,0.89,3.86,41203700.0,72921800.0,1520000000.0,41.07
sh600215,派斯林,10.16,-1.84,-0.19,0.1,7.79,0.89,7.34,363000000.0,465000000.00000006,4725000000.0,25.43
sh688376,美埃科技,33.67,-1.84,-0.63,-0.03,3.21,0.86,3.53,34819600.0,32229699.999999996,1085000000.0,33.70
sz301265,华新环保,12.27,-1.84,-0.23,-0.16,11.73,0.91,3.2,109000000.00000001,75750000.0,928999999.9999999,33.50
sz301170,锡南科技,36.25,-1.84,-0.68,0.03,22.39,1.43,5.66,190000000.0,23709500.0,859000000.0,43.52
sz301152,天力锂能,47.45,-1.84,-0.89,0.15,8.37,0.6,4.34,111000000.00000001,27897700.0,1324000000.0,2896.93
sz300474,景嘉微,75.11,-1.84,-1.41,0.01,2.52,1.21,2.71,626000000.0,329000000.0,24697000000.0,亏损
sh603929,亚翔集成,16.5,-1.84,-0.31,0.18,1.72,1.52,3.63,61010100.0,213000000.0,3520000000.0000005,23.73
sz301126,达嘉维康,13.83,-1.84,-0.26,0.07,5.48,1.52,2.7,81989800.0,108000000.0,1499000000.0,46.70
sh600283,XD钱江水,14.88,-1.85,-0.28,0.0,3.17,0.84,4.29,167000000.0,353000000.0,5253000000.0,21.92
sh605069,正和生态,10.09,-1.85,-0.19,0.2,11.29,1.63,4.57,95027300.0,84161299.99999999,849000000.0,亏损
sz301357,北方长龙,60.25,-1.86,-1.14,-0.41,42.6,2.27,4.87,417000000.0,16123000.0,971000000.0000001,57.66
sz000679,大连友谊,5.79,-1.86,-0.11,0.0,10.7,0.62,7.12,223000000.0,356000000.0,2064000000.0,亏损
sz300965,恒宇信通,48.85,-1.87,-0.93,0.06,4.89,1.2,3.13,38882100.0,16428800.000000002,802999999.9999999,亏损
sz300480,光力科技,22.05,-1.87,-0.42,0.0,1.21,0.77,3.29,61076800.0,227000000.0,5003000000.0,88.64
sz002513,蓝丰生化,6.8,-1.88,-0.13,0.0,4.74,0.74,4.91,102000000.0,315000000.0,2139000000.0,亏损
sh603596,伯特利,87.72,-1.88,-1.68,0.0,1.17,0.81,4.45,423000000.00000006,409999999.99999994,35968000000.0,52.42
835305,云创数据,17.22,-1.88,-0.33,0.0,1.24,0.51,4.79,17455300.0,81100900.0,1397000000.0,亏损
sz300656,民德电子,27.47,-1.89,-0.53,0.04,0.57,1.06,2.57,20097600.0,127000000.0,3482000000.0,199.74
sh688031,星环科技-U,97.21,-1.9,-1.88,-0.01,2.94,0.73,3.03,81033300.0,28126200.0,2734000000.0,亏损
sz002112,三变科技,11.33,-1.91,-0.22,0.0,4.98,0.76,3.81,145000000.0,256999999.99999997,2914000000.0,110.78
sz002261,拓维信息,16.97,-1.91,-0.33,-0.06,8.87,0.62,2.08,1694000000.0000002,1121000000.0,19031000000.0,127.21
sh688639,华恒生物,87.79,-1.91,-1.71,-0.05,0.91,1.15,3.71,81545700.0,102000000.0,8918000000.0,42.48
sh688458,美芯晟,76.5,-1.91,-1.49,0.2,3.32,1.0,3.56,45913900.0,18048300.0,1381000000.0,亏损
sz300836,佰奥智能,26.64,-1.92,-0.52,0.04,3.17,0.92,2.95,36335200.0,42676899.99999999,1137000000.0,105.06
sz300806,斯迪克,18.41,-1.92,-0.36,-0.05,0.53,0.56,1.6,26150100.000000004,267000000.0,4915000000.0,103.34
sh603938,三孚股份,21.42,-1.92,-0.42,0.09,1.07,0.77,2.2,88709400.0,383000000.0,8195999999.999999,20.26
sh688100,威胜信息,27.0,-1.93,-0.53,-0.07,1.67,5.7,7.12,220000000.00000003,500000000.0,13500000000.0,31.42
sh605369,拱东医疗,60.56,-1.93,-1.19,0.03,2.33,0.53,3.74,40222000.0,28426400.0,1722000000.0,58.98
sz300969,恒帅股份,74.3,-1.93,-1.46,-1.18,8.5,1.23,6.28,127000000.0,20000000.0,1486000000.0,36.38
sh600520,文一科技,14.24,-1.93,-0.28,-0.07,4.17,0.68,3.24,94206400.0,158000000.0,2256000000.0,215.58
873593,鼎智科技,87.3,-1.93,-1.72,0.0,4.61,0.89,3.98,72666100.0,17965300.0,1568000000.0,27.84
sz002877,智能自控,10.66,-1.93,-0.21,0.0,6.59,0.47,4.05,146000000.0,208000000.0,2222000000.0,64.72
sz300895,铜牛信息,32.83,-1.94,-0.65,-0.12,5.7,0.86,4.51,126000000.0,67038600.0,2201000000.0,亏损
831087,秋乐种业,7.06,-1.94,-0.14,0.0,2.72,0.71,3.89,13701700.0,71150100.0,501999999.99999994,29.86
sh688066,航天宏图,62.56,-1.94,-1.24,0.21,1.58,1.32,4.75,256000000.0,260000000.0,16262000000.0,亏损
sh688502,茂莱光学,166.68,-1.95,-3.31,-0.05,4.88,1.04,3.28,99086200.00000001,12061400.000000002,2010000000.0000002,157.47
sz002395,双象股份,11.03,-1.96,-0.22,-0.18,4.12,0.89,5.24,121000000.0,268000000.00000003,2958000000.0,112.18
sz002599,盛通股份,7.01,-1.96,-0.14,0.0,4.23,0.43,2.24,118000000.0,395000000.0,2768000000.0,亏损
836208,青矩技术,30.51,-1.96,-0.61,0.0,2.37,0.6,2.92,5527500.0,7618400.0,231999999.99999997,35.10
sz003004,声迅股份,26.94,-1.97,-0.54,0.0,3.21,0.42,3.46,29081200.0,33748600.0,909000000.0,亏损
sz301027,华蓝集团,13.95,-1.97,-0.28,0.0,12.89,1.49,3.79,184000000.0,101000000.0,1413000000.0,亏损
sz300172,中电环保,4.97,-1.97,-0.1,0.0,3.23,1.36,2.56,78431600.0,488000000.0,2427000000.0,28.72
sh688279,峰岹科技,109.59,-1.98,-2.21,1.94,2.01,1.15,5.91,121000000.0,55126500.0,6041000000.0,63.50
sh688195,腾景科技,36.55,-1.98,-0.74,0.61,3.62,0.88,4.85,104000000.0,78465000.0,2868000000.0,180.70
sz300192,科德教育,11.32,-1.99,-0.23,0.0,5.36,0.61,2.42,131000000.0,216000000.0,2440000000.0,26.05
sz300854,中兰环保,17.18,-2.0,-0.35,-0.17,5.69,0.98,3.94,45095300.0,45924900.0,789000000.0,678.27
sz002011,盾安环境,13.21,-2.0,-0.27,-0.15,1.71,1.21,4.6,204999999.99999997,915000000.0,12091000000.0,21.43
sh603379,三美股份,26.88,-2.0,-0.55,0.11,2.05,1.45,3.75,336000000.0,610000000.0,16410000000.0,205.41
sz300417,南华仪器,10.73,-2.01,-0.22,-0.19,4.13,0.54,3.29,37641800.0,85113100.0,913000000.0000001,亏损
sh688700,东威科技,61.66,-2.02,-1.27,0.0,3.31,0.64,3.29,300000000.0,147000000.0,9048000000.0,69.26
sh603158,腾龙股份,7.75,-2.02,-0.16,0.13,7.33,2.52,5.18,278000000.0,491000000.0,3804000000.0,25.70
sz300540,蜀道装备,24.7,-2.02,-0.51,0.0,3.27,1.9,5.99,89895300.0,109000000.00000001,2683000000.0,61.26
838701,豪声电子,7.25,-2.03,-0.15,0.0,11.58,0.38,4.46,16395900.0,19601000.0,142000000.0,10.87
sz300678,中科信息,38.13,-2.03,-0.79,0.11,5.47,0.96,3.85,581000000.0,278000000.0,10598000000.0,301.53
sh605111,新洁能,41.45,-2.03,-0.86,-0.02,2.87,1.48,4.04,259000000.0,218000000.00000003,9038000000.0,47.58
sz300113,顺网科技,15.4,-2.04,-0.32,-0.07,2.36,1.06,4.01,250000000.0,694000000.0,10687000000.0,65.21
sz301349,信德新材,54.42,-2.05,-1.14,0.0,8.8,0.6,4.46,121000000.0,25500000.0,1388000000.0,48.73
sz300939,秋田微,35.72,-2.06,-0.75,0.03,9.87,0.92,3.13,233000000.0,65892000.0,2354000000.0,33.74
sz002713,东易日盛,9.0,-2.07,-0.19,0.11,2.29,0.94,4.24,84290800.0,405000000.0,3643000000.0,亏损
sh601609,金田股份,6.63,-2.07,-0.14,0.0,1.09,2.7,2.36,105000000.0,1466000000.0,9720000000.0,29.05
sz001226,拓山重工,30.78,-2.07,-0.65,0.1,18.44,1.58,5.92,106000000.0,18666700.0,575000000.0,49.26
sz300922,天秦装备,17.9,-2.08,-0.38,0.0,4.63,1.17,3.17,70833800.0,85775900.0,1535000000.0,88.34
sh603380,易德龙,23.5,-2.08,-0.5,0.13,1.34,0.82,3.83,50703800.0,160000000.0,3770000000.0000005,42.53
sz002560,通达股份,8.44,-2.09,-0.18,0.0,4.5,0.84,2.44,172000000.0,453000000.0,3824000000.0,32.19
sh688167,炬光科技,97.03,-2.1,-2.08,-0.07,2.47,1.2,5.14,156000000.0,65981700.0,6402000000.0,144.35
sh600301,华锡有色,17.71,-2.1,-0.38,0.34,2.28,0.75,3.15,64737700.00000001,160000000.0,2832000000.0,37.15
sz003027,同兴环保,20.9,-2.11,-0.45,0.0,6.1,0.77,3.7,84596299.99999999,66674399.99999999,1393000000.0,25.51
sh688450,C光格,46.87,-2.11,-1.01,-0.23,17.89,0.51,3.65,125000000.0,14794900.0,693000000.0,亏损
sh600764,中国海防,26.4,-2.11,-0.57,-0.08,0.69,1.9,3.45,128000000.0,711000000.0,18761000000.0,301.66
sh603767,中马传动,12.04,-2.11,-0.26,0.08,8.72,0.72,7.64,321000000.0,307000000.0,3702000000.0000005,115.22
sh688678,福立旺,19.85,-2.12,-0.43,-0.7,4.5,1.63,4.19,80759400.0,90781800.0,1802000000.0,118.30
sz000826,启迪环境,3.23,-2.12,-0.07,0.0,4.15,1.33,3.94,192000000.0,1425000000.0,4603000000.0,亏损
sz300935,盈建科,29.88,-2.13,-0.65,-0.07,3.87,0.94,4.06,46176500.0,39870500.0,1191000000.0,亏损
sz000032,深桑达Ａ,29.4,-2.13,-0.64,0.03,2.09,1.35,3.2,400000000.0,645000000.0,18956000000.0,亏损
sz002902,铭普光磁,23.7,-2.15,-0.52,0.0,8.11,0.82,4.29,291000000.0,149000000.0,3543000000.0,220.83
sh603721,中广天择,17.77,-2.15,-0.39,0.0,2.29,0.81,3.3,53221899.99999999,130000000.0,2310000000.0,3577.55
sz002451,摩恩电气,7.28,-2.15,-0.16,0.0,12.54,7.39,5.64,405999999.99999994,438999999.99999994,3197000000.0,122.60
sz301171,易点天下,20.91,-2.15,-0.46,-0.05,4.84,0.86,2.06,76134900.0,75501700.0,1579000000.0,59.70
sz003021,兆威机电,70.87,-2.15,-1.56,-0.11,4.33,1.82,3.94,186000000.0,60272000.0,4271000000.0,107.28
sz002077,大港股份,16.35,-2.15,-0.36,0.06,5.49,0.72,3.59,524000000.0,580000000.0,9489000000.0,30.99
sz002827,高争民爆,11.34,-2.16,-0.25,0.0,1.3,1.3,3.37,40824800.0,276000000.0,3130000000.0,167.74
sh603330,天洋新材,9.52,-2.16,-0.21,0.0,1.92,0.98,2.88,60656200.0,333000000.0,3169000000.0,299.04
sz300798,锦鸡股份,6.72,-2.18,-0.15,0.15,1.4,1.75,2.48,29934100.0,318000000.0,2137000000.0,146.86
sz000890,法尔胜,4.92,-2.19,-0.11,-0.2,27.75,6.12,11.53,594000000.0,420000000.0,2064000000.0,亏损
sz000603,盛达资源,12.96,-2.19,-0.29,0.0,4.21,1.7,4.23,320000000.0,589000000.0,7631000000.0,137.47
sh603357,设计总院,10.72,-2.19,-0.24,0.09,3.83,0.98,3.47,223000000.0,545000000.0,5847000000.0,12.16
sz301148,嘉戎技术,23.2,-2.19,-0.52,0.09,8.31,1.03,1.94,73225000.0,38097100.0,884000000.0,35.24
sz300990,同飞股份,44.99,-2.2,-1.01,0.11,2.29,1.5,2.94,43301400.0,42120000.0,1895000000.0,66.83
sh688626,翔宇医疗,49.4,-2.2,-1.11,-0.02,1.44,0.8,2.73,37381400.0,52508800.0,2594000000.0,52.26
sz300983,尤安设计,35.45,-2.21,-0.8,-0.31,14.63,0.97,4.36,168000000.0,32000000.0,1134000000.0,亏损
sz300280,紫天科技,34.8,-2.22,-0.79,0.12,3.3,0.92,3.79,186000000.0,160000000.0,5585000000.0,22.26
sz001337,四川黄金,33.2,-2.24,-0.76,-0.03,18.92,0.78,4.33,373000000.0,60000000.0,1992000000.0000002,56.36
sz300600,国瑞科技,12.62,-2.25,-0.29,0.16,7.89,1.1,4.03,241000000.0,245000000.00000003,3088000000.0,亏损
sh600118,中国卫星,27.7,-2.26,-0.64,-0.07,2.1,1.56,4.48,684000000.0,1182000000.0,32755000000.0,164.31
sh688191,智洋创新,16.42,-2.26,-0.38,0.12,2.28,0.59,2.62,27378200.0,73164500.0,1201000000.0,亏损
sz300621,维业股份,11.21,-2.27,-0.26,0.63,4.94,1.44,5.32,109000000.00000001,196000000.0,2195000000.0,亏损
sh605376,博迁新材,33.98,-2.27,-0.79,0.3,2.78,1.33,2.67,166000000.0,175000000.0,5948000000.0,1233.76
sz000526,学大教育,27.93,-2.27,-0.65,0.0,3.23,0.55,3.92,106000000.0,118000000.0,3289000000.0,167.62
sz000004,国华网安,18.47,-2.27,-0.43,0.0,23.16,0.97,10.27,517000000.0,119000000.0,2196000000.0,亏损
sz300128,锦富技术,4.71,-2.28,-0.11,-0.63,4.13,0.63,3.32,215000000.0,1093000000.0,5148000000.0,亏损
sh603197,保隆科技,54.81,-2.3,-1.29,0.0,2.52,1.18,5.4,291000000.0,208000000.0,11392000000.0,30.67
sz002645,华宏科技,10.6,-2.3,-0.25,0.0,1.6,2.31,2.86,84947900.00000001,499000000.0,5286000000.0,亏损
sz301399,英特科技,50.0,-2.31,-1.18,0.18,7.62,0.85,4.42,79805600.0,20864300.0,1043000000.0,84.88
sz301001,凯淳股份,26.26,-2.31,-0.62,0.08,5.28,0.55,3.24,48507400.0,34400000.0,902999999.9999999,391.93
sz002150,通润装备,16.08,-2.31,-0.38,0.0,2.2,0.93,2.92,125000000.0,355000000.0,5711000000.0,97.35
sh603388,元成股份,10.14,-2.31,-0.24,0.3,2.08,0.93,3.56,69084900.0,326000000.0,3303000000.0,214.68
sz000993,闽东电力,10.97,-2.31,-0.26,0.0,3.39,1.67,4.9,163000000.0,440000000.00000006,4824000000.0,58.44
sz000426,兴业银锡,9.26,-2.32,-0.22,0.11,1.45,1.33,3.17,197000000.0,1475000000.0,13659000000.0,304.00
sz300100,双林股份,8.83,-2.32,-0.21,0.0,4.83,1.67,5.2,164000000.0,387000000.0,3418000000.0,21.02
sh603199,九华旅游,31.53,-2.32,-0.75,0.0,3.5,1.81,3.93,122000000.0,111000000.00000001,3490000000.0,15.67
sz301338,凯格精机,40.75,-2.35,-0.98,-0.2,19.36,0.45,2.85,196000000.0,24614400.0,1002999999.9999999,93.90
sz300606,金太阳,19.1,-2.35,-0.46,0.05,6.28,0.74,3.78,143000000.0,118000000.0,2246000000.0,1651.54
sh603699,纽威股份,14.94,-2.35,-0.36,0.13,0.51,0.79,2.16,57758300.0,749000000.0,11191000000.0,28.50
sh603725,天安新材,9.52,-2.36,-0.23,0.42,19.02,10.41,11.69,385000000.0,204999999.99999997,1955000000.0,63.97
sh688466,金科环境,17.76,-2.36,-0.43,0.4,1.0,1.5,3.35,21986700.0,123000000.0,2187000000.0,73.29
sz301012,扬电科技,26.36,-2.37,-0.64,0.0,5.1,0.61,4.52,100000000.0,75180000.0,1982000000.0,1564.93
sh688121,卓然股份,29.58,-2.38,-0.72,-0.03,1.9,1.23,3.5,79119300.0,139000000.0,4122999999.9999995,亏损
sh603991,至正股份,36.85,-2.38,-0.9,0.0,0.36,0.81,4.4,9997600.0,74535000.0,2747000000.0,亏损
sh600268,国电南自,7.34,-2.39,-0.18,0.0,3.83,1.07,4.25,233000000.0,834000000.0,6124000000.0,亏损
sh688071,华依科技,51.73,-2.4,-1.27,0.08,5.07,1.12,4.13,95186400.0,36119600.0,1868000000.0,91.32
sh603950,长源东谷,13.81,-2.4,-0.34,-0.15,2.32,3.08,5.44,107000000.0,324000000.0,4476000000.0,17.05
sz003009,中天火箭,49.55,-2.4,-1.22,-0.02,4.05,1.57,2.84,88182600.0,44013800.0,2181000000.0,69.85
sz301259,艾布鲁,14.98,-2.41,-0.37,-0.07,6.25,0.72,4.3,69925800.0,74441200.0,1115000000.0,55.06
sz300437,清水源,15.77,-2.41,-0.39,-0.19,8.91,1.16,5.94,252000000.0,178000000.0,2804000000.0,139.88
sh688598,金博股份,114.76,-2.42,-2.84,0.0,0.71,0.77,4.45,112999999.99999999,139000000.0,15978000000.0,33.84
sh688525,佰维存储,78.55,-2.42,-1.95,0.0,12.38,0.92,4.88,365000000.0,36578000.0,2873000000.0,亏损
sh688358,祥生医疗,44.71,-2.42,-1.11,0.07,1.04,0.83,2.92,42820200.00000001,92279500.0,4126000000.0,23.87
sz002723,小崧股份,11.27,-2.42,-0.28,-0.09,3.44,0.62,3.12,121000000.0,308000000.0,3476000000.0,153.18
sz000926,福星股份,5.22,-2.43,-0.13,0.19,18.25,2.85,6.17,888000000.0000001,935000000.0,4881000000.0,29.71
sh688229,博睿数据,44.53,-2.43,-1.11,-0.16,2.85,1.76,4.8,27116100.0,21062800.000000004,938000000.0000001,亏损
sh600665,天地源,4.79,-2.44,-0.12,0.0,11.23,2.98,7.54,467000000.0,864000000.0,4139000000.0,65.81
sz002431,棕榈股份,2.78,-2.46,-0.07,0.0,5.18,0.55,3.51,211000000.0,1458000000.0,4054000000.0,亏损
sz301083,百胜智能,17.86,-2.46,-0.45,0.06,6.04,0.63,3.28,57225900.0,52634300.0,940000000.0,125.74
sz301302,华如科技,34.85,-2.46,-0.88,-0.14,3.57,0.95,2.63,107000000.0,86580000.0,3017000000.0,亏损
sz000595,宝塔实业,5.54,-2.46,-0.14,0.18,3.6,2.09,3.7,225999999.99999997,1138000000.0,6305000000.0,亏损
sz300018,中元股份,6.72,-2.47,-0.17,0.0,4.91,1.97,4.35,127000000.0,388000000.0,2607000000.0,62.73
sz300648,星云股份,28.37,-2.48,-0.72,-0.04,2.88,0.55,3.68,77319300.0,95265300.0,2703000000.0,亏损
sh688551,科威尔,61.02,-2.48,-1.55,1.01,1.62,1.73,3.84,30424899.999999996,30994699.999999996,1891000000.0,55.45
sz301137,哈焊华通,16.52,-2.48,-0.42,0.0,12.16,1.91,6.2,90581000.0,45453400.0,751000000.0,131.52
sz301266,宇邦新材,58.39,-2.49,-1.49,0.0,4.83,1.1,3.31,106000000.0,37500000.0,2190000000.0,42.02
sz002866,传艺科技,25.42,-2.49,-0.65,0.04,5.58,0.7,2.11,256000000.0,181000000.0,4591000000.0,71.32
sz300461,田中精机,19.09,-2.5,-0.49,0.26,4.79,2.51,4.24,75496600.0,81711000.0,1560000000.0,337.87
sh688629,华丰科技,19.75,-2.52,-0.51,-0.45,15.94,0.94,4.15,172000000.0,54750100.0,1081000000.0,195.18
sh603191,望变电气,19.71,-2.52,-0.51,0.05,8.4,0.87,5.19,304000000.0,184000000.0,3621000000.0,20.43
sh688516,奥特维,170.16,-2.53,-4.41,0.04,1.0,1.1,2.76,129000000.0,75837300.0,12904000000.0,29.77
sz300884,狄耐克,11.54,-2.53,-0.3,-0.09,5.24,1.25,2.96,87863900.0,145000000.0,1673000000.0,52.72
sz301185,鸥玛软件,26.14,-2.54,-0.68,0.15,6.42,1.32,5.0,149000000.0,87446400.0,2286000000.0,69.63
sh688565,力源科技,8.46,-2.54,-0.22,-0.12,4.19,2.49,3.57,34573400.0,97468000.0,825000000.0,亏损
sh603032,德新科技,28.75,-2.54,-0.75,0.07,2.94,3.35,2.41,193000000.0,227999999.99999997,6558000000.0,24.35
sz300508,维宏股份,29.72,-2.56,-0.78,0.0,3.97,1.06,2.95,69613800.0,58485600.00000001,1738000000.0,32.86
sh600706,曲江文旅,17.45,-2.57,-0.46,0.0,7.87,0.9,3.41,349000000.0,254000000.0,4433000000.0,121.96
sh688603,天承科技,90.69,-2.6,-2.42,1.33,6.03,0.85,4.52,65754000.0,12016300.000000002,1090000000.0,115.85
sh600633,浙数文化,13.86,-2.6,-0.37,-0.07,2.87,0.99,3.65,505999999.99999994,1266000000.0,17543000000.0,16.19
sz300117,嘉寓股份,3.37,-2.6,-0.09,0.0,8.21,1.87,6.36,200999999.99999997,717000000.0,2415000000.0,113.39
sh603277,银都股份,25.06,-2.6,-0.67,-0.08,0.5,0.6,3.89,52563900.0,417000000.0,10459000000.0,27.03
sh688256,寒武纪-U,160.8,-2.63,-4.34,-0.01,3.81,1.04,3.54,1493000000.0,244000000.0,39261000000.0,亏损
sz301307,美利信,34.96,-2.65,-0.95,0.06,11.93,1.0,4.99,199000000.0,46954399.99999999,1642000000.0000002,33.08
sz300847,中船汉光,19.05,-2.66,-0.52,-0.05,3.54,1.13,3.48,198000000.0,296000000.0,5639000000.0,64.50
sh603629,利通电子,18.92,-2.67,-0.52,0.0,3.85,0.94,3.45,187000000.0,254999999.99999997,4821000000.0,82.71
sz300776,帝尔激光,58.55,-2.68,-1.61,0.02,2.35,1.12,2.54,231000000.0,167000000.0,9785000000.0,42.76
sz300370,安控科技,2.91,-2.68,-0.08,-0.34,1.89,1.06,2.68,62251100.0,1124000000.0,3270000000.0000005,亏损
sh605228,神通科技,11.87,-2.71,-0.33,0.0,19.81,0.97,5.66,229999999.99999997,98377400.0,1168000000.0,596.38
sh688107,安路科技,51.01,-2.71,-1.42,0.02,0.92,2.04,3.13,90836100.0,191000000.0,9731000000.0,亏损
sh688160,步科股份,57.2,-2.72,-1.6,0.0,7.07,0.78,3.83,113999999.99999999,27716900.0,1585000000.0,85.73
sh688328,深科达,24.64,-2.72,-0.69,0.0,4.94,0.93,4.66,59080400.0,48108400.0,1185000000.0,亏损
sz300586,美联新材,11.35,-2.74,-0.32,0.0,1.79,1.08,3.69,109000000.00000001,534999999.99999994,6071000000.0,37.60
sh688496,清越科技,15.16,-2.76,-0.43,0.0,3.52,1.04,3.79,44390000.0,82598100.0,1252000000.0,405.87
sz300898,熊猫乳品,28.54,-2.76,-0.81,0.04,38.43,0.96,9.34,612000000.0,53181899.99999999,1518000000.0,46.60
sz300987,川网传媒,17.89,-2.77,-0.51,0.0,4.59,1.22,3.86,78400100.0,95368000.0,1705999999.9999998,123.89
sz300564,筑博设计,14.02,-2.77,-0.4,0.0,12.69,1.25,7.07,195000000.0,110000000.00000001,1544000000.0,亏损
sz300868,杰美特,19.59,-2.78,-0.56,0.41,13.12,0.38,3.67,130000000.0,50222600.0,984000000.0,亏损
871694,中裕科技,14.66,-2.79,-0.42,0.0,1.49,1.46,5.11,4604600.0,20305100.0,298000000.0,12.97
sz300410,正业科技,9.07,-2.79,-0.26,0.0,7.93,0.54,5.89,262000000.0,367000000.0,3333000000.0,亏损
sz301310,鑫宏业,60.85,-2.8,-1.75,0.02,8.14,1.36,5.27,110000000.00000001,22097100.0,1345000000.0,41.24
sh600489,中金黄金,10.62,-2.84,-0.31,0.09,1.41,1.71,1.55,725000000.0,4847000000.0,51478000000.0,21.64
sz300620,光库科技,47.55,-2.84,-1.39,-0.19,4.08,0.87,4.11,474000000.0,241000000.0,11481000000.0,188.14
sz300126,锐奇股份,6.5,-2.84,-0.19,0.0,2.4,1.66,3.14,32960100.000000004,211000000.0,1369000000.0,亏损
sh688600,皖仪科技,21.51,-2.85,-0.63,-0.09,1.54,2.05,9.3,29245200.0,88340500.0,1900000000.0,484.60
sh600653,申华控股,2.04,-2.86,-0.06,-0.49,3.71,1.64,2.86,146000000.0,1946000000.0,3971000000.0,亏损
sz301041,金百泽,28.12,-2.87,-0.83,0.0,5.93,0.87,4.39,104000000.0,61440800.0,1728000000.0,188.37
430300,辰光医疗,8.79,-2.87,-0.26,0.0,3.21,0.91,6.74,14603699.999999998,52228100.00000001,459000000.0,亏损
sz300926,博俊科技,25.15,-2.9,-0.75,0.0,21.72,1.35,5.71,381000000.0,70260100.0,1767000000.0000002,50.91
sz002905,金逸影视,10.7,-2.9,-0.32,0.38,3.56,0.51,3.72,134000000.00000001,349000000.0,3739000000.0,49.26
sh688175,高凌信息,33.43,-2.9,-1.0,0.09,1.86,0.85,5.2,19749900.0,31464200.0,1052000000.0,亏损
sz301486,致尚科技,51.44,-2.92,-1.55,0.2,11.57,0.67,4.47,184000000.0,30512300.0,1570000000.0,98.99
sz002983,芯瑞达,22.9,-2.92,-0.69,0.0,2.97,1.53,3.1,71937900.0,105000000.0,2414000000.0,27.50
sh603988,中电电机,10.58,-2.94,-0.32,0.0,3.36,0.96,4.59,82514599.99999999,235000000.0,2488000000.0,174.03
sh605188,国光连锁,11.24,-2.94,-0.34,0.0,7.59,1.04,10.28,436000000.00000006,496000000.0,5570000000.0,51.02
sz002474,榕基软件,7.6,-2.94,-0.23,0.0,7.64,0.89,5.75,292000000.0,504000000.0,3829999999.9999995,亏损
sz300977,深圳瑞捷,20.48,-2.94,-0.62,-0.05,29.82,0.81,6.83,237000000.0,38775900.0,794000000.0,112.89
sz301252,同星科技,46.52,-2.94,-1.41,0.02,15.17,0.66,3.9,142000000.0,20000000.0,930000000.0000001,36.17
sh688503,聚和材料,84.26,-2.95,-2.56,-0.17,2.12,0.6,3.88,66104600.0,36849900.0,3105000000.0,28.16
sz301366,一博科技,38.46,-2.95,-1.17,0.0,12.14,0.54,5.1,166000000.0,34869000.0,1341000000.0,64.26
sh688539,高华科技,40.73,-2.96,-1.24,-0.05,4.62,1.26,4.12,53495200.00000001,28227300.0,1150000000.0,94.11
sz300395,菲利华,40.42,-2.98,-1.24,0.0,1.18,1.41,4.39,229000000.0,476999999.99999994,19300000000.0,46.62
sh688733,壹石通,32.06,-3.0,-0.99,-0.06,3.09,1.18,5.14,134000000.00000001,136000000.0,4374000000.0,126.03
sz300820,英杰电气,68.65,-3.01,-2.13,-0.02,2.14,0.93,4.56,158000000.0,106000000.0,7245999999.999999,67.14
sh688580,伟思医疗,65.35,-3.03,-2.04,-0.62,1.48,1.75,3.07,38733100.0,39982400.0,2613000000.0,37.27
sz300686,智动力,10.55,-3.03,-0.33,-0.1,2.12,1.09,3.77,44721100.0,199000000.0,2094000000.0000002,亏损
sz300458,全志科技,26.85,-3.03,-0.84,0.0,3.87,0.88,4.04,532000000.0,509000000.0,13663000000.0,亏损
sh688612,C威迈,52.0,-3.08,-1.65,-0.06,49.47,0.65,13.46,794000000.0,31319500.0,1629000000.0,62.08
sz300225,金力泰,8.8,-3.08,-0.28,0.11,4.85,0.71,5.51,202999999.99999997,474000000.0,4171000000.0,亏损
sz301379,天山电子,33.92,-3.09,-1.08,-0.53,28.85,0.68,4.46,246000000.0,25340000.0,860000000.0,32.60
sh688301,奕瑞科技,269.82,-3.09,-8.6,-0.03,0.76,1.51,2.58,118000000.0,57631600.0,15550000000.0,50.21
sz300181,佐力药业,10.95,-3.1,-0.35,0.09,4.02,2.26,3.45,266000000.0,601000000.0,6581999999.999999,19.70
sz300881,盛德鑫泰,34.66,-3.13,-1.12,-0.14,20.42,2.0,5.67,206000000.0,29150000.0,1010000000.0,47.38
sz002666,德联集团,5.24,-3.14,-0.17,0.19,12.31,3.1,4.07,288000000.0,450000000.0,2356000000.0,33.56
sz301162,国能日新,71.48,-3.14,-2.32,-0.07,1.43,0.84,3.35,62583600.0,60561000.0,4329000000.0,170.60
sz000525,ST红太阳,9.84,-3.15,-0.32,0.0,2.54,2.33,9.84,148000000.0,581000000.0,5713000000.0,126.24
sh688262,国芯科技,37.31,-3.17,-1.22,-0.08,2.95,2.3,7.06,284000000.0,262000000.0,9769000000.0,亏损
sz301308,江波龙,99.36,-3.17,-3.25,-0.01,10.96,1.11,5.43,373000000.0,33600000.0,3338000000.0000005,亏损
sh688216,气派科技,25.37,-3.17,-0.83,-0.08,2.87,0.81,7.14,31970600.0,43800000.0,1111000000.0,亏损
sh688800,瑞可达,50.09,-3.17,-1.64,-0.02,2.54,1.53,3.29,125000000.0,97013100.0,4859000000.0,48.37
sh688416,恒烁股份,66.89,-3.17,-2.19,-0.02,13.16,1.01,8.02,168000000.0,18830300.0,1260000000.0,亏损
sh688383,新益昌,122.16,-3.17,-4.0,-0.06,1.44,1.49,4.59,54494000.0,30662199.999999996,3746000000.0,53.47
sh688147,微导纳米,46.7,-3.17,-1.53,0.28,5.5,1.83,6.9,103000000.0,39641900.0,1851000000.0000002,亏损
sh600685,中船防务,26.86,-3.17,-0.88,-0.04,2.2,2.14,4.58,484999999.99999994,821000000.0000001,22064000000.0,亏损
sz301365,矩阵股份,18.3,-3.17,-0.6,0.55,27.41,0.72,6.03,227000000.0,45000000.0,823000000.0,52.30
sz300426,唐德影视,11.86,-3.18,-0.39,0.0,2.58,1.25,4.82,122000000.0,397000000.0,4708000000.0,亏损
sz300864,南大环境,23.64,-3.19,-0.78,0.0,11.34,0.49,4.18,104000000.0,38760000.0,916000000.0,19.78
sz300899,上海凯鑫,26.1,-3.23,-0.87,0.08,15.79,1.14,5.45,132000000.0,31817700.0,830000000.0000001,181.05
sh600547,山东黄金,24.88,-3.23,-0.83,-0.16,0.99,2.28,2.33,897000000.0000001,3614000000.0,89927000000.0,63.40
sh688349,三一重能,31.47,-3.23,-1.05,0.0,1.5,1.83,5.11,87309900.0,185000000.0,5807000000.0,19.66
sz300668,杰恩设计,21.87,-3.27,-0.74,0.18,2.93,0.99,4.64,50949200.0,78946000.0,1727000000.0,111.39
sh688662,富信科技,41.0,-3.28,-1.39,0.24,6.18,1.05,4.46,138000000.0,54005000.0,2214000000.0,394.75
sz001373,翔腾新材,44.74,-3.29,-1.52,-0.13,21.97,0.54,3.81,171000000.0,17171700.0,768000000.0,75.98
sh688610,埃科光电,64.95,-3.29,-2.21,-0.76,7.66,0.37,4.48,68003500.0,13520000.0,877999999.9999999,378.13
sh688392,骄成超声,84.81,-3.29,-2.89,0.0,5.32,1.15,4.3,115999999.99999999,25546000.0,2167000000.0,79.14
sz300815,玉禾田,15.24,-3.3,-0.52,-0.07,1.98,1.41,3.74,118000000.0,388000000.0,5910000000.0,10.86
sh603291,联合水务,16.35,-3.31,-0.56,0.0,22.98,0.63,4.61,158000000.0,42322100.0,692000000.0,101.27
sz300657,弘信电子,16.75,-3.35,-0.58,0.06,4.84,0.72,5.66,363000000.0,446000000.0,7464000000.0,亏损
sz300097,智云股份,6.6,-3.37,-0.23,0.0,2.72,0.59,3.95,48702800.0,270000000.0,1782000000.0,亏损
sz300675,建科院,17.15,-3.38,-0.6,-0.23,10.69,0.9,4.56,270000000.0,147000000.0,2515000000.0,亏损
sh605011,杭州热电,29.07,-3.39,-1.02,0.0,5.06,0.8,3.82,178000000.0,121000000.0,3520000000.0000005,69.57
sz300369,绿盟科技,12.25,-3.39,-0.43,-0.41,3.59,1.62,5.05,326000000.0,738000000.0,9038000000.0,亏损
sh603778,乾景园林,5.4,-3.4,-0.19,0.0,4.78,1.25,5.19,167000000.0,643000000.0,3471000000.0,74.75
sz000681,视觉中国,17.27,-3.41,-0.61,-0.06,6.76,0.93,3.41,785000000.0,672000000.0,11613000000.0,53.39
sz002922,伊戈尔,15.22,-3.43,-0.54,0.13,10.52,1.33,3.17,450000000.0,278000000.0,4238000000.0000005,60.38
sh603000,人民网,28.92,-3.44,-1.03,0.0,5.99,0.7,4.24,1922000000.0,1106000000.0,31977000000.0,290.70
sz001210,金房能源,22.52,-3.47,-0.81,-0.09,8.12,0.55,4.63,88956299.99999999,48430400.0,1091000000.0,5.24
sh688141,杰华特,32.71,-3.48,-1.18,-0.12,5.69,2.09,5.7,97520100.0,52306500.0,1711000000.0,亏损
sz300823,建科机械,19.94,-3.48,-0.72,-0.1,2.92,1.55,4.26,54841200.0,93559100.0,1866000000.0,35.32
sh688117,圣诺生物,24.49,-3.51,-0.89,-0.24,2.76,1.03,4.61,43826500.0,63968100.00000001,1567000000.0,48.87
sz300155,安居宝,6.02,-3.53,-0.22,0.17,16.21,1.89,4.49,317000000.0,330000000.0,1988000000.0,415.89
sz301169,零点有数,40.0,-3.54,-1.47,-0.37,5.5,1.87,3.91,62690600.00000001,28122100.0,1125000000.0,亏损
sz300634,彩讯股份,20.83,-3.56,-0.77,0.05,6.17,0.94,7.32,553000000.0,430999999.99999994,8984000000.0,38.44
sh600602,云赛智联,13.1,-3.61,-0.49,-0.08,5.9,0.67,4.64,840000000.0,1074000000.0,14072999999.999998,107.50
sh688661,和林微纳,58.8,-3.61,-2.2,0.36,9.62,1.48,5.92,202999999.99999997,35733200.0,2101000000.0000002,亏损
sh603496,恒为科技,17.08,-3.61,-0.64,-0.06,5.33,0.79,7.17,298000000.0,320000000.0,5469000000.0,78.02
sh688372,伟测科技,95.4,-3.62,-3.58,-0.02,4.1,1.35,4.52,95796600.0,24375400.0,2325000000.0,99.01
sz000733,振华科技,87.58,-3.65,-3.32,0.0,1.2,1.69,3.08,549000000.0,520000000.0,45550000000.0,15.51
836892,广咨国际,8.92,-3.67,-0.34,0.0,1.67,0.93,7.34,16526900.0,111000000.00000001,993000000.0,63.83
sz300745,欣锐科技,42.59,-3.69,-1.63,0.0,9.76,1.69,7.26,419000000.00000006,101000000.0,4319000000.0,47.90
sz001380,华纬科技,32.75,-3.71,-1.26,-0.06,6.58,1.04,4.32,68329000.0,31572300.0,1034000000.0,38.88
sh600815,厦工股份,2.85,-3.72,-0.11,-0.35,4.03,2.19,2.03,202000000.0,1773999999.9999998,5056000000.0,亏损
sz301045,天禄科技,25.58,-3.73,-0.99,0.0,6.42,1.56,5.68,86071200.00000001,52032000.0,1331000000.0,156.03
sz301049,超越科技,25.02,-3.73,-0.97,0.04,32.45,1.2,5.54,211000000.0,25684000.0,643000000.0,亏损
sh688036,传音控股,120.99,-3.75,-4.71,0.32,1.12,2.5,7.08,1092000000.0,807000000.0,97586000000.0,46.54
831152,昆工科技,23.09,-3.75,-0.9,0.0,1.6,4.78,7.46,20407700.0,55547299.99999999,1283000000.0,55.94
sh688676,金盘科技,34.86,-3.78,-1.37,1.22,3.41,0.82,5.38,227999999.99999997,192000000.0,6693000000.000001,42.69
sz300456,赛微电子,25.07,-3.8,-0.99,0.0,5.05,0.98,4.34,746000000.0,584000000.0,14641999999.999998,297.95
sz000981,山子股份,1.77,-3.8,-0.07,-0.56,8.13,2.54,10.87,830000000.0000001,5580000000.0,9877000000.0,亏损
sz301115,建科股份,24.26,-3.81,-0.96,0.04,11.68,1.26,4.32,117000000.0,40829700.0,991000000.0,43.42
sz300949,奥雅股份,39.77,-3.82,-1.58,-0.05,27.81,1.02,9.19,194000000.0,17004700.0,676000000.0,亏损
sh688320,禾川科技,35.71,-3.82,-1.42,-0.08,5.12,1.99,5.01,155000000.0,84635300.0,3022000000.0,62.72
sh603556,海兴电力,24.27,-3.84,-0.97,0.29,1.07,1.34,5.75,127000000.0,488999999.99999994,11860000000.0,16.85
871478,巨能股份,18.47,-3.85,-0.74,0.0,9.24,0.76,4.58,34123300.0,19800000.0,366000000.0,40.41
sh600719,大连热电,7.72,-3.86,-0.31,-0.13,7.67,0.96,4.73,237000000.0,405000000.0,3124000000.0,亏损
sh605060,联德股份,27.1,-3.87,-1.09,0.0,2.04,1.83,4.04,45355000.0,81600000.0,2211000000.0,28.86
sz002943,宇晶股份,33.25,-3.87,-1.34,-0.06,5.25,0.72,3.93,161000000.0,91945600.0,3057000000.0,72.95
sh688090,瑞松科技,30.25,-3.88,-1.22,0.07,6.71,4.34,10.58,108000000.0,51543300.0,1559000000.0,49.31
sz300913,兆龙互连,34.41,-3.88,-1.39,-0.03,13.2,0.68,5.2,301000000.0,65232000.0,2245000000.0,141.17
sz300948,冠中生态,15.58,-3.89,-0.63,-0.06,5.74,0.77,4.75,63281400.0,69660000.0,1085000000.0,81.23
sz300950,德固特,20.96,-3.9,-0.85,0.19,9.5,1.67,4.54,120000000.0,60000000.0,1258000000.0,38.49
sz002179,中航光电,42.78,-3.91,-1.74,0.0,1.18,3.16,4.31,1036000000.0,2044000000.0000002,87446000000.0,22.83
sz002845,同兴达,15.82,-3.95,-0.65,0.38,10.65,0.6,4.31,376000000.0,224000000.00000003,3536999999.9999995,亏损
sh688361,中科飞测-U,71.08,-3.96,-2.93,0.0,3.22,0.83,4.93,139000000.0,59928000.0,4260000000.0,181.29
430418,苏轴股份,15.75,-3.96,-0.65,0.0,1.71,1.36,7.2,13886800.0,51142500.0,805000000.0000001,17.60
sh603933,睿能科技,16.95,-3.97,-0.7,0.0,4.3,1.08,5.16,151000000.0,204999999.99999997,3472999999.9999995,53.10
sz002229,鸿博股份,30.3,-3.99,-1.26,-0.03,11.85,0.77,5.86,1801000000.0000002,493000000.0,14943000000.0,亏损
sh688515,裕太微-U,144.9,-4.04,-6.1,-0.05,5.36,1.98,6.41,141000000.0,18218900.0,2640000000.0,亏损
sh603867,新化股份,35.88,-4.06,-1.52,-0.03,2.01,2.02,6.9,135000000.0,186000000.0,6659000000.0,21.25
sz300528,幸福蓝海,10.83,-4.07,-0.46,0.46,6.83,0.62,4.61,279000000.0,373000000.0,4035000000.0,349.07
sh603103,横店影视,18.75,-4.09,-0.8,0.0,1.89,0.81,4.81,227999999.99999997,634000000.0,11891000000.0,19.91
838837,华原股份,4.61,-4.16,-0.2,0.0,4.95,1.43,5.82,9567900.0,41732800.0,192000000.0,18.19
sz300114,中航电测,55.5,-4.16,-2.41,0.0,13.61,3.82,9.93,4694000000.0,591000000.0,32787000000.0,358.21
sz301325,曼恩斯特,96.3,-4.18,-4.2,-0.18,10.13,3.58,7.05,242000000.0,24784000.0,2387000000.0,42.95
sh688045,必易微,50.78,-4.19,-2.22,0.26,4.91,5.09,7.7,84808000.0,34394300.0,1747000000.0,亏损
sz300371,汇中股份,13.46,-4.2,-0.59,-0.07,2.21,1.38,5.27,40553700.0,136000000.0,1828000000.0,98.29
sz301127,天源环保,10.16,-4.24,-0.45,0.1,3.92,1.55,2.45,97764300.0,247000000.00000003,2512000000.0,42.19
sz300814,中富电路,29.24,-4.26,-1.3,0.52,23.0,0.57,5.93,346000000.0,50796000.0,1485000000.0,88.22
sz300897,山科智能,33.71,-4.26,-1.5,0.03,6.74,1.71,3.83,67619600.0,29547300.0,996000000.0000001,37.03
sz300865,大宏立,23.75,-4.27,-1.06,-0.13,20.4,1.87,6.09,133000000.0,27346900.0,649000000.0,177.70
sz300378,鼎捷软件,27.5,-4.38,-1.26,0.15,7.52,0.92,6.08,556000000.0,268000000.00000003,7356000000.0,102.50
sh688419,耐科装备,38.31,-4.44,-1.78,-0.03,14.12,0.65,4.71,106000000.0,19475000.0,746000000.0,58.98
sh605288,凯迪股份,41.51,-4.44,-1.93,-0.1,0.82,1.64,4.4,24317800.000000004,70198900.0,2914000000.0,37.29
sz300649,杭州园林,22.35,-4.49,-1.05,0.09,11.75,0.71,8.38,283000000.0,105000000.0,2348000000.0,70.24
sh603888,新华网,27.87,-4.59,-1.34,0.11,3.7,1.3,6.26,533000000.0,519000000.00000006,14465000000.0,140.07
sh688627,精智达,79.05,-4.6,-3.81,-0.57,21.38,0.74,8.98,339000000.0,19962100.0,1578000000.0,亏损
833533,骏创科技,18.15,-4.62,-0.88,0.0,2.67,1.26,6.73,16355000.0,33583200.0,610000000.0,22.89
sz301369,联动科技,73.81,-4.64,-3.59,-0.11,14.15,0.69,5.18,183000000.0,17400100.0,1284000000.0,1056.22
sh603528,多伦科技,7.96,-4.67,-0.39,-0.13,3.81,0.91,4.43,190000000.0,624000000.0,4968000000.0,407.18
sz301233,盛帮股份,41.84,-4.69,-2.06,0.1,17.42,1.75,4.78,134000000.00000001,18460800.0,772000000.0,39.54
sh688048,长光华芯,72.1,-4.73,-3.58,-0.03,9.88,2.9,7.44,558000000.0,79116500.0,5704000000.0,2157.17
sz002771,真视通,17.48,-4.79,-0.88,-0.23,16.78,1.61,11.77,484000000.0,169000000.0,2951000000.0,亏损
sh688170,德龙激光,39.96,-4.81,-2.02,0.1,2.6,2.66,5.36,68922800.0,65743000.0,2627000000.0,215.47
sz301120,新特电气,13.22,-4.82,-0.67,0.0,9.27,0.72,5.18,178000000.0,144000000.0,1907000000.0,62.66
sz300880,迦南智能,23.82,-4.83,-1.21,-0.04,16.39,0.7,4.71,337000000.0,85126600.0,2028000000.0,59.39
sz301505,苏州规划,59.77,-4.84,-3.04,0.0,63.98,0.87,12.93,783000000.0,19715600.0,1178000000.0,337.30
sz301231,荣信文化,30.42,-4.85,-1.55,-0.03,13.49,0.66,4.6,87408500.0,21100000.0,642000000.0,187.82
sz300522,世名科技,12.15,-4.86,-0.62,-0.57,3.59,1.87,7.36,97586800.0,218000000.00000003,2653000000.0,87.29
sh605080,浙江自然,31.53,-4.86,-1.61,-0.03,3.32,3.06,5.76,49975200.00000001,47073000.0,1484000000.0,16.60
sz002559,亚威股份,8.42,-4.86,-0.43,0.0,11.59,0.53,4.52,476000000.0,484000000.0,4071000000.0,23.38
sz300855,图南股份,32.86,-4.86,-1.68,0.09,1.75,2.2,5.76,164000000.0,284000000.0,9323000000.0,38.87
sz300778,新城市,17.47,-4.95,-0.91,0.06,11.85,0.83,8.6,422000000.0,204000000.0,3556000000.0,72.46
sh600088,中视传媒,14.0,-4.96,-0.73,-0.07,6.77,1.04,7.74,377000000.0,398000000.0,5568000000.0,366.49
sz301397,溯联股份,48.2,-4.97,-2.52,-0.19,25.18,1.48,5.13,292000000.0,23720800.0,1143000000.0,39.41
sz300844,山水比德,56.06,-5.0,-2.95,0.45,61.57,1.82,10.91,583000000.0,16760000.0,940000000.0,亏损
837006,晟楠科技,14.25,-5.0,-0.75,0.0,12.42,2.15,6.6,43653900.0,24816000.0,354000000.0,27.40
sz300360,炬华科技,15.94,-5.06,-0.85,0.06,4.21,1.65,6.02,284000000.0,420000000.0,6700000000.0,16.87
sh688244,永信至诚,73.46,-5.07,-3.92,0.0,6.3,1.6,6.76,69559100.0,14728400.0,1082000000.0,亏损
sh688498,源杰科技,187.4,-5.13,-10.14,-0.05,11.28,1.01,7.24,399000000.0,18530600.0,3472999999.9999995,335.55
sz300246,宝莱特,11.88,-5.19,-0.65,-0.08,12.16,2.46,8.22,308000000.0,211000000.0,2501000000.0,26.61
sz301205,联特科技,124.1,-5.2,-6.8,0.04,19.31,0.94,7.39,792000000.0,32436000.0,4025000000.0,152.00
sz301197,工大科雅,23.31,-5.24,-1.29,0.0,11.19,1.44,7.6,78787400.0,30135000.0,702000000.0,595.63
sz300302,同有科技,13.68,-5.39,-0.78,-0.15,11.43,1.1,8.09,588000000.0,367000000.0,5018000000.0,176.50
sh601949,中国出版,10.69,-5.4,-0.61,0.0,2.89,0.83,6.2,566000000.0,1823000000.0,19483000000.0,147.82
sz300340,科恒股份,12.51,-5.44,-0.72,-0.08,6.18,1.37,7.26,146000000.0,187000000.0,2341000000.0,亏损
sz301008,宏昌科技,29.8,-5.46,-1.72,0.0,15.03,2.47,3.17,111000000.00000001,24644000.0,734000000.0,62.04
sz301188,力诺特玻,14.52,-5.47,-0.84,-0.14,4.18,4.98,6.84,93385800.0,151000000.0,2189000000.0,36.80
sz300746,汉嘉设计,12.75,-5.63,-0.76,0.0,15.9,1.59,6.44,438999999.99999994,221000000.0,2819000000.0,76.94
sh688292,浩瀚深度,26.25,-5.71,-1.59,0.11,10.85,0.94,7.43,104000000.0,36133200.0,948000000.0,亏损
832982,锦波生物,119.01,-5.77,-7.29,0.0,4.73,0.88,7.13,136000000.0,23758500.0,2827000000.0,73.40
sh688035,德邦科技,53.98,-5.79,-3.32,-0.04,12.95,0.93,7.49,217000000.0,30796500.0,1662000000.0,79.80
872808,曙光数创,53.89,-5.8,-3.32,0.0,6.29,1.1,7.69,238000000.0,68686300.0,3702000000.0000005,43.60
sh688395,正弦电气,23.89,-5.95,-1.51,-0.04,3.81,1.37,4.8,30913500.0,33756600.0,806000000.0,30.28
sz002400,省广集团,5.99,-5.97,-0.38,-0.17,16.31,0.73,7.69,1700000000.0,1687000000.0,10106000000.0,56.80
sz300995,奇德新材,21.74,-6.05,-1.4,0.0,18.54,2.41,7.48,118000000.0,29110000.0,633000000.0,147.90
sz301311,昆船智能,27.95,-6.11,-1.82,0.0,25.98,1.22,8.0,440000000.00000006,60000000.0,1677000000.0,261.31
sz300624,万兴科技,94.76,-6.18,-6.24,-0.2,9.76,1.0,6.74,1142000000.0,120000000.0,11404000000.0,156.41
sz300937,药易购,31.13,-6.24,-2.07,-0.03,13.49,1.24,9.07,174000000.0,41111600.0,1280000000.0,23.54
sz300457,赢合科技,25.39,-6.31,-1.71,0.0,9.08,1.03,8.71,1319000000.0,553000000.0,14051000000.0,40.02
sz301360,荣旗科技,81.29,-6.65,-5.79,0.0,10.3,1.65,8.61,102000000.0,11962800.0,972000000.0000001,亏损
sz301218,华是科技,29.09,-6.7,-2.09,0.0,26.71,0.66,6.64,442000000.0,56040500.0,1630000000.0,亏损
sz002292,奥飞娱乐,9.92,-6.77,-0.72,-0.1,13.19,0.77,6.01,1313000000.0,975000000.0,9675000000.0,219.94
sh603918,金桥信息,26.1,-6.79,-1.9,-0.15,14.5,0.79,7.0,1408000000.0,366000000.0,9542000000.0,530.94
sz300176,派生科技,7.27,-6.79,-0.53,0.28,11.75,3.58,8.08,334000000.0,387000000.0,2816000000.0,亏损
sz301288,清研环境,22.64,-6.83,-1.66,-0.26,31.09,2.36,6.17,286000000.0,39886200.0,902999999.9999999,102.25
sz002196,方正电机,7.28,-6.91,-0.54,-0.14,10.98,1.67,4.09,390000000.0,486000000.00000006,3535000000.0,111.07
sh603676,卫信康,11.45,-6.91,-0.85,0.09,3.66,5.24,7.24,180000000.0,429000000.0,4913000000.0,20.68
sz000638,万方发展,6.95,-6.96,-0.52,0.0,22.25,1.2,5.76,486000000.00000006,309000000.0,2146000000.0,亏损
sz301313,凡拓数创,39.61,-7.54,-3.23,-0.08,19.48,0.8,8.1,200999999.99999997,25583400.0,1013000000.0000001,亏损
sh688535,华海诚科,85.43,-7.64,-7.07,-1.87,31.2,1.16,11.2,466000000.0,16433100.0,1404000000.0,414.68
sz300665,飞鹿股份,8.88,-8.07,-0.78,-0.23,29.57,2.73,10.04,396000000.0,149000000.0,1325000000.0,115.20
sh601900,南方传媒,18.3,-8.09,-1.61,0.06,4.61,0.81,7.79,770000000.0,896000000.0000001,16394999999.999998,18.36
sz301024,霍普股份,35.96,-8.17,-3.2,0.03,55.21,1.63,12.9,359000000.0,17737500.0,638000000.0,亏损
sz301381,赛维时代,43.52,-8.19,-3.88,-0.25,43.71,0.64,9.24,616000000.0,31410900.0,1367000000.0,83.76
sh600936,广西广电,4.79,-8.41,-0.44,0.0,8.05,1.51,7.46,655000000.0,1671000000.0,8004000000.000001,亏损
sh600753,庚星股份,10.78,-8.49,-1.0,0.0,13.75,2.02,5.77,319000000.0,215000000.0,2318000000.0,亏损
sz301183,东田微,56.68,-8.49,-5.26,-0.04,17.72,0.95,9.99,420000000.0,40088000.0,2272000000.0,亏损
sz300635,中达安,15.5,-8.72,-1.48,-0.64,30.88,3.91,17.61,579000000.0,115999999.99999999,1798000000.0,50.23
sz300812,易天股份,22.98,-8.99,-2.27,-0.17,23.36,0.73,8.0,493000000.0,89842500.0,2064999999.9999998,亏损
sh688362,甬矽电子,33.0,-9.24,-3.36,-0.03,29.67,0.89,9.96,486000000.00000006,48000000.0,1584000000.0,亏损
sz300223,北京君正,84.12,-9.65,-8.98,0.01,6.13,3.59,9.3,2185000000.0,416000000.0,34978000000.0,88.32
sh688239,航宇科技,59.87,-9.83,-6.53,-0.12,6.82,3.97,10.41,430000000.0,104000000.0,6201000000.0,43.60
sh603023,威帝股份,4.89,-9.95,-0.54,0.0,16.94,1.18,6.45,471000000.0,562000000.0,2749000000.0,亏损
sz300989,蕾奥规划,24.0,-10.65,-2.86,0.29,47.25,0.86,13.03,482000000.0,40500000.0,972000000.0000001,257.17
sz300572,安车检测,16.93,-10.8,-2.05,0.0,12.64,1.77,11.49,401999999.99999994,184000000.0,3108000000.0,230.97
sz300307,慈星股份,7.75,-12.53,-1.11,0.0,13.46,1.08,15.24,852999999.9999999,772000000.0,5981000000.0,39.65
sh688095,福昕软件,103.84,-12.97,-15.47,-0.08,6.96,1.62,12.34,413999999.99999994,54641500.0,5674000000.0,亏损
sh600023,浙能电力,4.78,0.0,0.0,0.0,0.27,0.64,2.3,170000000.0,13409000000.0,64094000000.00001,15.86
sh600080,金花股份,7.59,0.0,0.0,0.0,0.74,1.64,1.58,20995700.0,373000000.0,2833000000.0,151.31
sh600165,宁科生物,4.37,0.0,0.0,0.0,1.25,1.11,2.52,37291700.0,685000000.0,2993000000.0,亏损
sh600168,武汉控股,6.37,0.0,0.0,0.16,0.44,0.92,1.1,19950300.0,710000000.0,4520000000.0,亏损
sh600187,国中水务,2.84,0.0,0.0,0.0,2.13,0.76,1.76,96935600.0,1614000000.0,4583000000.0,亏损
sh600227,赤天化,2.91,0.0,0.0,0.0,0.52,0.6,1.72,19501500.0,1278000000.0,3720000000.0000005,亏损
sh600239,云南城投,2.46,0.0,0.0,0.0,2.52,0.64,4.07,99467000.0,1605999999.9999998,3950000000.0,6.43
sh600300,维维股份,3.2,0.0,0.0,0.31,1.22,0.84,1.25,63041800.0,1617000000.0000002,5175000000.0,35.89
sh600321,正源股份,1.9,0.0,0.0,-1.04,3.95,0.83,4.74,113999999.99999999,1511000000.0,2870000000.0,47.16
sh600351,亚宝药业,6.88,0.0,0.0,0.0,1.02,0.77,1.02,53864600.0,770000000.0,5298000000.0,12.33
sh600355,精伦电子,3.39,0.0,0.0,-0.29,5.31,0.49,2.36,88531500.0,492000000.0,1668000000.0,亏损
sh600358,国旅联合,5.48,0.0,0.0,0.18,1.34,1.01,2.01,36773700.0,505000000.0,2767000000.0,亏损
sh600382,广东明珠,4.87,0.0,0.0,0.0,1.69,1.69,2.46,64623500.0,789000000.0,3842000000.0,12.39
sh600397,安源煤业,3.18,0.0,0.0,0.0,1.56,1.28,1.89,48780000.0,990000000.0,3148000000.0,13.84
sh600545,卓郎智能,2.55,0.0,0.0,0.0,0.53,0.71,2.35,25365800.0,1895000000.0,4833000000.0,亏损
sh600582,天地科技,5.75,0.0,0.0,0.0,0.37,0.97,1.22,88431600.0,4139000000.0,23797000000.0,9.52
sh600727,鲁北化工,6.14,0.0,0.0,-0.16,0.47,0.67,1.79,15246199.999999998,529000000.0,3245000000.0000005,518.76
sh600777,新潮能源,2.53,0.0,0.0,0.0,4.28,4.21,2.37,686000000.0,6366000000.0,16106000000.0,6.78
sh600791,京能置业,5.16,0.00,0.00,0.39,3.78,0.77,2.52,88637700.0,451999999.99999994,2334000000.0,亏损
sh600822,上海物贸,13.02,0.00,0.00,-0.08,2.40,0.81,2.69,124000000.0,396000000.0,5158000000.0,11.54
sh600825,新华传媒,4.64,0.00,0.00,0.00,1.30,0.68,2.15,62626300.0,1044999999.9999999,4848000000.0,293.60
sh600831,广电网络,5.88,0.00,0.00,0.00,1.48,0.78,2.04,61598900.0,711000000.0,4178000000.0,139.54
sh600858,银座股份,6.39,0.00,0.00,0.16,1.48,0.80,2.19,49173200.0,518000000.0,3307000000.0,8.90
sh600868,梅雁吉祥,2.83,0.00,0.00,0.00,2.07,1.75,2.47,111000000.00000001,1898000000.0,5372000000.0,162.05
sh600939,XD重庆建,3.70,0.00,0.00,0.27,0.96,0.93,2.43,67461800.0,1902000000.0,7037000000.0,30.35
sh600973,宝胜股份,5.01,0.00,0.00,-0.20,2.93,2.47,3.39,200999999.99999997,1371000000.0,6870999999.999999,44.12
sh601226,华电重工,7.13,0.00,0.00,-0.14,0.71,1.07,2.24,58250600.00000001,1155000000.0,8234999999.999999,亏损
sh601366,利群股份,5.79,0.00,0.00,0.17,0.34,0.97,1.55,16710700.0,842000000.0,4874000000.0,64.36
sh601801,皖新传媒,7.83,0.00,0.00,0.00,0.73,0.67,3.32,114999999.99999999,1989000000.0,15575000000.0,11.52
sh603033,三维股份,15.64,0.00,0.00,-0.06,0.15,1.08,1.22,22986800.0,1008000000.0,15771000000.0,91.38
sh603052,可川科技,30.77,0.00,0.00,-0.07,2.97,0.79,1.72,21787300.0,24080000.0,741000000.0,39.76
sh603119,浙江荣泰,--,--,--,--,--,--,--,,,,--
sh603283,赛腾股份,34.04,0.00,0.00,0.00,1.58,0.89,2.15,99742200.0,186000000.0,6333000000.0,22.35
sh603296,华勤技术,--,--,--,--,--,--,--,,,,--
sh603302,鑫广绿环,--,--,--,--,--,--,--,,,,--
sh603505,金石资源,25.36,0.00,0.00,0.00,0.48,0.94,2.52,73161000.0,605000000.0,15352000000.000002,111.27
sh603717,天域生态,7.10,0.00,0.00,0.00,1.64,0.83,1.83,33728400.0,290000000.0,2060000000.0000002,亏损
sh603843,正平股份,4.03,0.00,0.00,0.00,1.40,0.75,1.49,31456800.0,560000000.0,2257000000.0,亏损
sh603976,正川股份,20.58,0.00,0.00,0.10,0.96,0.40,1.02,29796800.0,151000000.0,3112000000.0,59.87
sh605086,龙高股份,21.20,0.00,0.00,0.09,1.23,0.43,1.46,13299700.0,51152000.0,1084000000.0,30.52
sh605366,宏柏新材,8.55,0.00,0.00,0.12,0.85,1.01,1.87,21319400.0,296000000.0,2534000000.0,318.10
sh688218,江苏北人,17.46,0.00,0.00,0.06,1.82,1.19,2.58,37452800.0,118000000.0,2062000000.0,851.58
sh688220,翱捷科技-U,76.67,0.00,0.00,-0.23,0.46,0.92,1.59,78202100.0,224000000.00000003,17157000000.0,亏损
sh688247,宣泰医药,12.56,0.00,0.00,-0.08,2.30,0.55,2.47,12349600.0,43073000.0,541000000.0,184.47
sh688347,华虹公司,--,--,--,--,--,--,--,,,,--
sh688386,泛亚微透,39.51,0.00,0.00,-0.08,0.70,0.70,3.29,13079400.0,47361500.0,1871000000.0,59.92
sh688523,航天环宇,25.80,0.00,0.00,0.00,6.63,1.69,3.41,56823000.0,33838200.0,873000000.0,470.93
sh688538,和辉光电-U,2.66,0.00,0.00,0.00,0.32,0.98,0.75,49489799.99999999,5752000000.0,15301000000.0,亏损
sh688548,广钢气体,--,--,--,--,--,--,--,,,,--
sh688559,海目星,45.90,0.00,0.00,0.04,1.35,0.82,2.03,80164800.0,131000000.0,5999000000.0,73.32
sh688567,孚能科技,--,--,--,--,--,--,--,,1218000000.0,26838000000.0,--
sh688573,信宇人,--,--,--,--,--,--,--,,,,--
sh688592,司南导航,--,--,--,--,--,--,--,,,,--
sh688671,碧兴物联,--,--,--,--,--,--,--,,,,--
sz000020,深华发Ａ,11.91,0.00,0.00,0.08,2.16,0.59,2.10,46367000.0,181000000.0,2158000000.0,131.07
sz000023,ST深天,6.51,0.00,0.00,0.00,0.55,0.63,1.54,4915500.0,139000000.0,902999999.9999999,亏损
sz000504,南华生物,11.88,0.00,0.00,-0.08,0.32,0.80,1.26,11774000.0,311000000.0,3690999999.9999995,亏损
sz000530,冰山冷热,5.42,0.00,0.00,0.00,2.57,0.95,2.03,82977400.0,600000000.0,3252000000.0000005,45.00
sz000539,粤电力Ａ,7.11,0.00,0.00,0.00,1.26,1.24,4.36,225999999.99999997,2554000000.0,18158000000.0,105.53
sz000564,ST大集,1.15,0.00,0.00,-0.86,0.65,0.81,2.61,113999999.99999999,15181000000.0,17459000000.0,亏损
sz000565,渝三峡Ａ,5.86,0.00,0.00,0.00,0.53,0.87,1.54,13519300.0,434000000.0,2541000000.0,亏损
sz000592,平潭发展,2.59,0.00,0.00,-0.39,3.02,0.81,3.09,149000000.0,1914000000.0,4957000000.0,亏损
sz000616,*ST海投,--,--,--,--,--,--,--,,1430000000.0,1216000000.0,--
sz000639,西王食品,4.66,0.00,0.00,0.22,0.65,0.98,2.36,32809500.0,1079000000.0,5030000000.0,亏损
sz000668,荣丰控股,11.81,0.00,0.00,-0.25,1.63,0.73,2.96,28367500.0,147000000.0,1732000000.0,亏损
sz000671,ST阳光城,--,--,--,--,--,--,--,,4058000000.0,1502000000.0,--
sz000678,襄阳轴承,6.86,0.00,0.00,0.00,8.45,0.71,5.83,264000000.0,459999999.99999994,3153000000.0,亏损
sz000695,滨海能源,12.97,0.00,0.00,0.08,1.09,1.02,4.47,31219699.999999996,222000000.00000003,2876000000.0,亏损
sz000732,ST泰禾,--,--,--,--,--,--,--,,2486000000.0,1069000000.0,--
sz000768,中航西飞,25.59,0.00,0.00,0.00,0.53,1.49,1.64,372000000.0,2769000000.0,70850000000.0,75.55
sz000798,中水渔业,10.27,0.00,0.00,-0.10,1.25,0.86,2.04,46533800.0,366000000.0,3757000000.0,亏损
sz000821,京山轻机,18.24,0.00,0.00,0.00,2.76,0.84,3.18,287000000.0,573000000.0,10449000000.0,53.22
sz000822,山东海化,7.20,0.00,0.00,0.00,2.00,0.97,1.81,128000000.0,894999999.9999999,6445000000.0,6.73
sz000888,峨眉山Ａ,11.33,0.00,0.00,0.09,1.12,0.74,1.94,66813800.0,526999999.99999994,5970000000.0,21.27
sz000976,ST华铁,2.03,0.00,0.00,0.00,0.65,1.07,1.97,20841400.0,1595000000.0,3236999999.9999995,47.11
sz000980,众泰汽车,4.00,0.00,0.00,0.00,12.55,1.14,11.25,2130000000.0,4286999999.9999995,17150000000.0,亏损
sz000982,中银绒业,1.70,0.00,0.00,0.00,2.67,0.65,4.12,194000000.0,4261999999.9999995,7245000000.0,242.82
sz001258,立新能源,9.28,0.00,0.00,0.00,2.33,1.88,2.05,50204300.0,233000000.0,2165000000.0,82.54
sz002020,京新药业,12.30,0.00,0.00,0.49,1.57,1.02,1.95,126000000.0,656000000.0,8073999999.999999,17.51
sz002052,ST同洲,1.90,0.00,0.00,-0.52,0.45,1.13,1.05,6397900.0,746000000.0,1417000000.0,亏损
sz002113,*ST天润,--,--,--,--,--,--,--,,977000000.0,400000000.0,--
sz002118,*ST紫鑫,--,--,--,--,--,--,--,,1281000000.0,474000000.0,--
sz002161,远 望 谷,5.31,0.00,0.00,-0.19,1.07,0.86,2.26,40266700.0,713000000.0,3788000000.0000005,亏损
sz002164,宁波东力,5.87,0.00,0.00,0.00,1.16,0.65,1.87,32714699.999999996,480999999.99999994,2823000000.0,87.32
sz002175,东方智造,2.91,0.00,0.00,0.00,1.25,0.46,1.72,46303700.0,1277000000.0,3715000000.0,1240.99
sz002200,ST交投,8.37,0.00,0.00,0.00,0.35,1.41,2.75,5429500.0,184000000.0,1541000000.0,256.37
sz002259,ST升达,3.46,0.00,0.00,-0.29,0.18,1.04,0.87,4750000.0,752000000.0,2603000000.0,140.64
sz002321,华英农业,2.63,0.00,0.00,0.00,0.42,1.08,1.14,23299400.0,2132999999.9999998,5609000000.0,292.50
sz002325,洪涛股份,1.70,0.00,0.00,-0.59,4.96,0.70,3.53,121000000.0,1434000000.0,2438000000.0,亏损
sz002426,胜利精密,2.32,0.00,0.00,0.00,2.08,1.00,3.02,151000000.0,3151000000.0,7309000000.0,亏损
sz002435,长江健康,4.86,0.00,0.00,0.21,0.90,1.03,1.44,52130500.0,1203000000.0,5844000000.0,24.97
sz002462,嘉事堂,14.09,0.00,0.00,0.00,0.76,1.02,1.35,31262199.999999996,291000000.0,4102000000.0000005,15.17
sz002470,金正大,2.38,0.00,0.00,-0.42,2.37,0.51,5.46,179000000.0,3165000000.0,7531999999.999999,亏损
sz002492,恒基达鑫,6.12,0.00,0.00,0.16,1.08,1.16,0.98,26381100.0,398000000.0,2437000000.0,24.11
sz002503,*ST搜特,--,--,--,--,--,--,--,,2655000000.0,1115000000.0,--
sz002504,*ST弘高,--,--,--,--,--,--,--,,413999999.99999994,158000000.0,--
sz002526,山东矿机,2.72,0.00,0.00,0.37,4.02,0.62,1.84,192000000.0,1761000000.0,4790000000.0,27.17
sz002564,*ST天沃,2.92,0.00,0.00,0.00,3.39,0.86,3.42,84528799.99999999,858000000.0,2507000000.0,亏损
sz002567,唐人神,7.03,0.00,0.00,0.14,1.98,0.76,2.13,189000000.0,1366000000.0,9603000000.0,亏损
sz002585,双星新材,10.49,0.00,0.00,0.00,2.07,0.94,2.00,190000000.0,883000000.0,9267000000.0,1225.52
sz002627,三峡旅游,5.58,0.00,0.00,0.00,0.61,1.00,1.25,23878300.0,697000000.0,3890000000.0,50.87
sz002658,雪迪龙,8.25,0.00,0.00,0.00,1.45,1.04,2.06,40538800.0,342000000.0,2825000000.0,46.01
sz002717,岭南股份,3.31,0.00,0.00,0.00,3.21,0.65,2.12,153000000.0,1450000000.0,4798000000.0,亏损
sz002822,中装建设,4.51,0.00,0.00,0.00,2.46,0.69,2.66,72763300.0,657000000.0,2963000000.0,亏损
sz002823,凯中精密,10.55,0.00,0.00,0.19,2.95,1.54,3.89,52121899.99999999,170000000.0,1796000000.0,1892.79
sz002840,华统股份,17.72,0.00,0.00,-0.06,0.83,0.63,2.77,67746100.0,463000000.0,8198999999.999999,亏损
sz002856,美芝股份,10.70,0.00,0.00,0.09,2.09,0.75,2.43,23981800.0,107000000.0,1145000000.0,亏损
sz002862,实丰文化,18.66,0.00,0.00,-0.05,1.07,0.40,1.34,17994300.0,90177099.99999999,1682999999.9999998,186.55
sz002940,昂利康,20.05,0.00,0.00,0.20,0.56,0.78,2.84,20850800.0,185000000.0,3715000000.0,21.48
sz003043,华亚智能,--,--,--,--,--,--,--,,28599899.999999996,1459000000.0,44.58
sz300063,天龙集团,4.26,0.00,0.00,0.24,3.07,1.17,2.11,80586000.0,621000000.0,2644000000.0,38.26
sz300067,安诺其,3.08,0.00,0.00,0.00,1.39,1.16,1.95,32930800.0,773000000.0,2382000000.0,亏损
sz300095,华伍股份,9.26,0.00,0.00,0.00,1.52,0.96,2.16,46517200.0,333000000.0,3087000000.0,22.99
sz300108,*ST吉药,2.41,0.00,0.00,-0.41,1.86,0.84,2.08,29489300.0,657000000.0,1582000000.0,亏损
sz300137,先河环保,5.72,0.00,0.00,0.00,1.14,1.04,2.45,30550000.0,470000000.0,2689000000.0,108.12
sz300177,中海达,7.02,0.00,0.00,0.14,5.82,1.62,6.12,246000000.0,606000000.0,4256000000.0,亏损
sz300182,捷成股份,5.52,0.00,0.00,-0.18,1.80,0.72,2.54,219000000.0,2213000000.0,12216000000.0,23.05
sz300232,洲明科技,7.83,0.00,0.00,-0.26,1.49,0.90,2.30,102000000.0,876000000.0,6855000000.0,14.81
sz300258,精锻科技,12.86,0.0,0.0,-0.23,2.09,0.9,5.29,123000000.0,463999999.99999994,5963000000.0,33.59
sz300264,佳创视讯,6.28,0.0,0.0,-0.16,2.31,0.78,2.87,51378000.0,357000000.0,2239000000.0,亏损
sz300283,温州宏丰,6.02,0.0,0.0,0.0,2.35,0.88,2.16,43177299.99999999,307000000.0,1848999999.9999998,169.25
sz300287,飞利信,4.07,0.0,0.0,0.0,3.44,1.18,2.95,178000000.0,1284000000.0,5227000000.0,262.99
sz300301,*ST长方,1.68,0.0,0.0,-0.59,0.83,1.06,1.79,10970700.0,790000000.0,1327000000.0,亏损
sz300313,*ST天山,5.21,0.0,0.0,0.0,1.72,0.95,3.46,16689700.0,184000000.0,960000000.0,亏损
sz300334,津膜科技,7.99,0.0,0.0,0.25,1.41,0.79,1.88,33855600.0,302000000.0,2413000000.0,亏损
sz300343,联创股份,8.07,0.0,0.0,0.0,2.22,0.62,2.23,190000000.0,1066000000.0,8604000000.0,245.01
sz300353,东土科技,10.99,0.0,0.0,0.09,1.37,0.76,1.64,65974500.0,438999999.99999994,4824000000.0,亏损
sz300365,恒华科技,6.9,0.0,0.0,0.0,2.99,1.3,2.32,90273900.0,434999999.99999994,2999000000.0,327.96
sz300397,天和防务,10.78,0.0,0.0,-0.19,1.71,1.32,2.32,73287000.0,401000000.0,4318000000.0,亏损
sz300412,迦南科技,5.47,0.0,0.0,0.0,1.4,0.79,1.83,36116600.0,472000000.0,2584000000.0,82.82
sz300423,昇辉科技,10.75,0.0,0.0,0.0,2.2,0.69,2.88,75362000.0,316000000.0,3397999999.9999995,25.77
sz300447,全信股份,17.15,0.0,0.0,0.06,2.54,1.19,2.8,86404500.0,200999999.99999997,3447999999.9999995,21.10
sz300455,航天智装,11.83,0.0,0.0,-0.08,2.23,1.01,3.13,189000000.0,709000000.0,8383000000.0,234.38
sz300495,*ST美尚,1.99,0.0,0.0,0.0,2.38,0.73,3.02,22397199.999999996,472000000.0,939000000.0,亏损
sz300708,聚灿光电,10.5,0.0,0.0,0.19,2.26,0.71,2.29,89471800.0,378000000.0,3972999999.9999995,115.62
sz300758,七彩化学,9.86,0.0,0.0,0.0,0.85,0.8,2.74,26346400.0,316000000.0,3114000000.0,亏损
sz300862,蓝盾光电,28.5,0.0,0.0,0.0,0.63,0.64,1.72,15481000.0,85864700.0,2447000000.0,117.66
sz300891,惠云钛业,9.73,0.0,0.0,0.0,1.18,1.09,2.16,26517000.0,231000000.0,2245000000.0,2088.93
