成交时间,成交价,涨跌幅,价格变动,成交量(手),成交额(元),性质
09:00:03,0.0,-100.00%,--,0,0,中性盘
09:37:31,105.66,-0.69%,--,19,200754,中性盘
09:37:34,105.66,-0.69%,--,34,359244,卖盘
09:37:37,105.7,-0.65%,+0.04,21,221970,买盘
09:37:40,105.7,-0.65%,--,22,232540,卖盘
09:37:43,105.7,-0.65%,--,5,52850,卖盘
09:37:46,105.68,-0.67%,-0.02,47,496696,卖盘
09:37:49,105.68,-0.67%,--,47,496696,买盘
09:37:52,105.68,-0.67%,--,96,1014528,买盘
09:37:55,105.67,-0.68%,-0.01,64,676288,卖盘
09:37:58,105.66,-0.69%,-0.01,41,433206,卖盘
09:38:01,105.69,-0.66%,+0.03,25,264225,买盘
09:38:04,105.67,-0.68%,-0.02,23,243041,卖盘
09:38:07,105.68,-0.67%,+0.01,46,486128,卖盘
09:38:10,105.68,-0.67%,--,52,549536,买盘
09:38:13,105.69,-0.66%,+0.01,36,380484,买盘
09:38:16,105.68,-0.67%,-0.01,52,549536,卖盘
09:38:19,105.7,-0.65%,+0.02,55,581350,买盘
09:38:22,105.69,-0.66%,-0.01,22,232518,卖盘
09:38:25,105.73,-0.62%,+0.04,13,137449,买盘
09:38:28,105.7,-0.65%,-0.03,8,88788,中性盘
09:38:31,105.73,-0.62%,+0.03,11,116303,中性盘
09:38:34,105.72,-0.63%,-0.01,17,179724,卖盘
09:38:37,105.7,-0.65%,-0.02,82,866740,卖盘
09:38:40,105.68,-0.67%,-0.02,242,2563797,卖盘
09:38:43,105.63,-0.71%,-0.05,144,1521072,卖盘
09:38:46,105.6,-0.74%,-0.03,93,982080,卖盘
09:38:49,105.6,-0.74%,--,4,42240,卖盘
09:38:52,105.61,-0.73%,+0.01,17,179537,买盘
09:38:55,105.62,-0.72%,+0.01,22,232364,买盘
09:38:58,105.6,-0.74%,-0.02,58,612480,卖盘
09:39:01,105.61,-0.73%,+0.01,46,485806,卖盘
09:39:04,105.61,-0.73%,--,30,316830,卖盘
09:39:07,105.61,-0.73%,--,32,337952,买盘
09:39:10,105.64,-0.70%,+0.03,5,52820,中性盘
09:39:13,105.68,-0.67%,+0.04,7,84333,买盘
09:39:16,105.67,-0.68%,-0.01,4,42268,卖盘
09:39:19,105.73,-0.62%,+0.06,9,95157,买盘
09:39:22,105.72,-0.63%,-0.01,14,148008,中性盘
09:39:25,105.74,-0.61%,+0.02,4,42296,买盘
09:39:28,105.73,-0.62%,-0.01,45,475785,卖盘
09:39:31,105.78,-0.57%,+0.05,4,42312,买盘
09:39:34,105.81,-0.55%,+0.03,10,105810,买盘
09:39:37,105.9,-0.46%,+0.09,7,78366,买盘
09:39:40,106.0,-0.37%,+0.1,13,137800,买盘
09:39:43,105.98,-0.39%,-0.02,2,21196,中性盘
09:39:46,105.97,-0.39%,-0.01,15,158955,中性盘
09:39:49,105.9,-0.46%,-0.07,20,211800,卖盘
09:39:52,105.98,-0.39%,+0.08,14,148372,买盘
09:39:56,105.84,-0.52%,-0.14,27,285768,卖盘
09:39:58,105.82,-0.54%,-0.02,87,920634,卖盘
09:40:01,105.92,-0.44%,+0.1,16,169472,买盘
09:40:04,105.89,-0.47%,-0.03,3,31767,中性盘
09:40:07,105.82,-0.54%,-0.07,59,624338,卖盘
09:40:10,105.82,-0.54%,--,22,232804,中性盘
09:40:13,105.81,-0.55%,-0.01,25,264525,中性盘
09:40:16,105.82,-0.54%,+0.01,15,158730,买盘
09:40:19,105.82,-0.54%,--,30,317460,买盘
09:40:22,105.82,-0.54%,--,4,42328,卖盘
09:40:25,105.85,-0.51%,+0.03,87,920895,买盘
09:40:28,105.81,-0.55%,-0.04,16,169296,卖盘
09:40:31,105.83,-0.53%,+0.02,31,328073,买盘
09:40:34,105.79,-0.56%,-0.04,10,105790,中性盘
09:40:37,105.72,-0.63%,-0.07,37,391164,卖盘
09:40:40,105.63,-0.71%,-0.09,132,1394316,卖盘
09:40:40,105.63,-0.71%,-0.03,132,1394316,中性盘
09:40:43,105.6,-0.74%,-0.03,104,1098240,卖盘
09:40:46,105.55,-0.79%,-0.05,114,1203270,卖盘
09:40:49,105.58,-0.76%,+0.03,5,52790,买盘
09:40:52,105.55,-0.79%,-0.03,51,538305,卖盘
09:40:55,105.55,-0.79%,--,8,84440,买盘
09:40:58,105.55,-0.79%,--,15,158325,买盘
09:41:01,105.55,-0.79%,--,34,358870,买盘
09:41:04,105.58,-0.76%,+0.03,22,232276,买盘
09:41:07,105.64,-0.70%,+0.06,84,887376,买盘
09:41:10,105.66,-0.69%,+0.02,68,718488,中性盘
09:41:13,105.77,-0.58%,+0.11,3,31731,中性盘
09:41:16,105.68,-0.67%,-0.09,5,52840,卖盘
09:41:19,105.67,-0.68%,-0.01,24,253608,中性盘
09:41:22,105.66,-0.69%,-0.01,3,31698,卖盘
09:41:25,105.64,-0.70%,-0.02,23,242972,卖盘
09:41:28,105.66,-0.69%,+0.02,7,73962,买盘
09:41:31,105.71,-0.64%,+0.05,9,95139,买盘
09:41:34,105.71,-0.64%,--,0,0,中性盘
09:41:37,105.73,-0.62%,+0.02,4,42292,中性盘
09:41:40,105.71,-0.64%,-0.02,31,327701,中性盘
09:41:43,105.71,-0.64%,--,7,73997,买盘
09:41:46,105.68,-0.67%,-0.03,31,327608,卖盘
09:41:49,105.71,-0.64%,+0.03,2,21142,中性盘
09:41:52,105.71,-0.64%,--,4,42284,卖盘
09:41:55,105.69,-0.66%,-0.02,41,433329,卖盘
09:41:58,105.65,-0.70%,-0.04,79,834635,卖盘
09:42:01,105.65,-0.70%,--,20,211300,买盘
09:42:04,105.6,-0.74%,-0.05,37,390720,卖盘
09:42:07,105.59,-0.75%,-0.01,14,147826,卖盘
09:42:10,105.59,-0.75%,--,9,95031,买盘
09:42:13,105.56,-0.78%,-0.03,61,643916,卖盘
09:42:16,105.54,-0.80%,-0.02,40,422160,卖盘
09:42:19,105.56,-0.78%,+0.02,27,285012,卖盘
09:42:22,105.58,-0.76%,+0.02,11,116138,中性盘
09:42:25,105.55,-0.79%,-0.03,7,73885,卖盘
09:42:28,105.56,-0.78%,+0.01,12,126672,买盘
09:42:31,105.56,-0.78%,--,18,190008,买盘
09:42:34,105.56,-0.78%,--,45,475020,买盘
09:42:37,105.56,-0.78%,--,42,443352,买盘
09:42:40,105.56,-0.78%,--,55,580580,买盘
09:42:43,105.55,-0.79%,-0.01,88,928840,卖盘
09:42:46,105.56,-0.78%,+0.01,25,263900,买盘
09:42:49,105.56,-0.78%,--,22,232232,买盘
09:42:52,105.56,-0.78%,--,5,52780,买盘
09:42:55,105.56,-0.78%,--,27,285012,卖盘
09:42:58,105.56,-0.78%,--,16,168896,卖盘
09:43:01,105.57,-0.77%,+0.01,3,31671,中性盘
09:43:04,105.59,-0.75%,+0.02,7,73913,买盘
09:43:07,105.59,-0.75%,--,9,95031,卖盘
09:43:10,105.58,-0.76%,-0.01,39,411762,卖盘
09:43:13,105.58,-0.76%,--,18,190044,买盘
09:43:16,105.54,-0.80%,-0.04,89,939306,卖盘
09:43:19,105.58,-0.76%,+0.04,50,527900,买盘
09:43:22,105.54,-0.80%,-0.04,11,116094,卖盘
09:43:25,105.56,-0.78%,+0.02,17,179452,买盘
09:43:28,105.55,-0.79%,-0.01,5,52775,卖盘
09:43:31,105.57,-0.77%,+0.02,2,21114,买盘
09:43:34,105.58,-0.76%,+0.01,18,190044,买盘
09:43:37,105.59,-0.75%,+0.01,58,612422,买盘
09:43:40,105.65,-0.70%,+0.06,31,327515,买盘
09:43:43,105.59,-0.75%,-0.06,13,137267,卖盘
09:43:46,105.62,-0.72%,+0.03,5,52810,卖盘
09:43:49,105.69,-0.66%,+0.07,6,63414,买盘
09:46:58,105.7,-0.65%,--,51,539070,中性盘
09:47:01,105.72,-0.63%,+0.02,5,52860,卖盘
09:47:04,105.72,-0.63%,--,18,190296,卖盘
09:47:07,105.66,-0.69%,-0.06,51,538866,卖盘
09:47:10,105.65,-0.70%,-0.01,26,274690,卖盘
09:47:13,105.65,-0.70%,--,7,73955,买盘
09:47:16,105.65,-0.70%,--,19,200735,买盘
09:47:19,105.62,-0.72%,-0.03,61,644282,卖盘
09:47:22,105.61,-0.73%,-0.01,22,232342,卖盘
09:47:25,105.61,-0.73%,--,26,274586,卖盘
09:47:28,105.65,-0.70%,+0.04,11,116215,买盘
09:47:31,105.64,-0.70%,-0.01,10,105640,中性盘
09:47:34,105.65,-0.70%,+0.01,4,42260,中性盘
09:47:37,105.63,-0.71%,-0.02,18,190134,卖盘
09:47:40,105.65,-0.70%,+0.02,42,443730,买盘
09:47:43,105.65,-0.70%,--,6,63390,卖盘
09:47:46,105.69,-0.66%,+0.04,12,126828,买盘
09:47:49,105.68,-0.67%,-0.01,6,63408,中性盘
09:47:52,105.69,-0.66%,+0.01,7,73983,买盘
09:47:55,105.69,-0.66%,--,0,0,中性盘
09:47:58,105.72,-0.63%,+0.03,5,52860,买盘
09:48:01,105.72,-0.63%,--,2,21144,卖盘
09:48:04,105.72,-0.63%,--,11,116292,卖盘
09:48:07,105.7,-0.65%,-0.02,27,285390,卖盘
09:48:10,105.68,-0.67%,-0.02,84,887712,卖盘
09:48:13,105.7,-0.65%,+0.02,39,412230,买盘
09:48:16,105.7,-0.65%,--,8,84560,卖盘
09:48:22,105.72,-0.63%,+0.02,28,296016,买盘
09:48:25,105.72,-0.63%,--,74,782328,买盘
09:48:28,105.68,-0.67%,-0.04,6,63408,卖盘
09:48:31,105.7,-0.65%,+0.02,13,137410,买盘
09:48:34,105.68,-0.67%,-0.02,90,951120,卖盘
09:48:37,105.64,-0.70%,-0.04,34,359176,卖盘
09:48:40,105.63,-0.71%,-0.01,26,274638,卖盘
09:48:43,105.63,-0.71%,--,1,10563,卖盘
09:48:46,105.63,-0.71%,--,34,359142,卖盘
09:48:49,105.63,-0.71%,--,197,2080911,卖盘
09:48:52,105.63,-0.71%,--,4,42252,中性盘
09:48:55,105.63,-0.71%,--,1,10563,买盘
09:48:58,105.64,-0.70%,+0.01,15,158460,买盘
09:49:01,105.63,-0.71%,-0.01,20,211260,中性盘
09:49:04,105.6,-0.74%,-0.03,39,411840,中性盘
09:49:07,105.6,-0.74%,--,0,0,中性盘
09:49:10,105.6,-0.74%,--,17,179520,卖盘
09:49:13,105.63,-0.71%,+0.03,10,105630,中性盘
09:49:16,105.64,-0.70%,+0.01,46,485944,买盘
09:49:19,105.64,-0.70%,--,10,105640,卖盘
09:49:22,105.68,-0.67%,+0.04,9,95112,买盘
09:49:25,105.65,-0.70%,-0.03,4,42260,卖盘
09:49:28,105.61,-0.73%,-0.04,44,464684,卖盘
09:49:31,105.64,-0.70%,+0.03,13,137332,买盘
09:49:34,105.61,-0.73%,-0.03,12,126732,卖盘
09:49:37,105.61,-0.73%,--,11,116171,卖盘
09:49:40,105.63,-0.71%,+0.02,2,21126,买盘
09:49:43,105.64,-0.70%,+0.01,26,274664,买盘
09:49:46,105.65,-0.70%,+0.01,9,95085,中性盘
09:49:49,105.64,-0.70%,-0.01,6,63384,卖盘
09:49:52,105.63,-0.71%,-0.01,10,105630,卖盘
09:49:55,105.66,-0.69%,+0.03,17,179622,买盘
09:49:58,105.63,-0.71%,-0.03,26,274638,卖盘
09:50:01,105.66,-0.69%,+0.03,2,21132,中性盘
09:50:04,105.64,-0.70%,-0.02,20,211280,卖盘
09:50:07,105.61,-0.73%,-0.03,18,190098,卖盘
09:53:16,105.67,-0.68%,--,8,84536,中性盘
09:53:16,105.67,-0.68%,--,8,84536,买盘
09:53:19,105.67,-0.68%,--,4,42268,买盘
09:53:22,105.65,-0.70%,-0.02,8,84520,卖盘
09:53:25,105.61,-0.73%,-0.04,7,73927,卖盘
09:53:28,105.62,-0.72%,+0.01,8,84496,买盘
09:53:31,105.64,-0.70%,+0.02,13,137332,买盘
09:53:34,105.61,-0.73%,-0.03,4,42244,卖盘
09:53:37,105.6,-0.74%,-0.01,19,200640,卖盘
09:53:40,105.6,-0.74%,--,1,10560,中性盘
09:53:43,105.6,-0.74%,--,73,770880,买盘
09:53:46,105.6,-0.74%,--,14,147840,卖盘
09:53:49,105.6,-0.74%,--,9,95040,卖盘
09:53:52,105.59,-0.75%,-0.01,15,158385,卖盘
09:53:55,105.6,-0.74%,+0.01,24,253440,买盘
09:53:58,105.57,-0.77%,-0.03,10,105570,卖盘
09:54:01,105.57,-0.77%,--,16,168912,卖盘
09:54:04,105.56,-0.78%,-0.01,4,42224,卖盘
09:54:07,105.55,-0.79%,-0.01,2,21110,卖盘
09:54:10,105.55,-0.79%,--,2,21110,买盘
09:54:13,105.55,-0.79%,--,13,137215,买盘
09:54:16,105.53,-0.81%,-0.02,13,137189,卖盘
09:54:19,105.53,-0.81%,--,63,664839,卖盘
09:54:22,105.55,-0.79%,+0.02,17,179435,买盘
09:54:25,105.5,-0.84%,-0.05,32,337600,卖盘
09:54:28,105.5,-0.84%,--,0,0,中性盘
09:54:34,105.5,-0.84%,--,16,168800,中性盘
09:54:37,105.5,-0.84%,--,8,84400,中性盘
09:54:40,105.48,-0.86%,-0.02,14,147672,卖盘
09:54:43,105.48,-0.86%,--,0,0,中性盘
09:54:46,105.55,-0.79%,+0.07,27,284985,买盘
09:54:49,105.47,-0.86%,-0.08,14,147658,卖盘
09:54:52,105.49,-0.85%,+0.02,4,42196,买盘
09:54:55,105.47,-0.86%,-0.02,10,105470,卖盘
09:54:58,105.43,-0.90%,-0.04,13,137059,卖盘
09:55:01,105.47,-0.86%,+0.04,21,221487,卖盘
09:55:04,105.46,-0.87%,-0.01,18,189828,卖盘
09:55:07,105.46,-0.87%,--,10,105460,买盘
09:55:10,105.47,-0.86%,+0.01,16,168752,买盘
09:55:13,105.43,-0.90%,-0.04,32,337376,卖盘
09:55:16,105.43,-0.90%,--,55,579865,买盘
09:55:19,105.47,-0.86%,+0.04,4,42188,中性盘
09:55:22,105.44,-0.89%,-0.03,36,379584,卖盘
09:55:25,105.44,-0.89%,--,0,0,中性盘
09:55:28,105.48,-0.86%,+0.04,5,52740,中性盘
09:55:31,105.48,-0.86%,--,17,179316,卖盘
09:55:34,105.52,-0.82%,+0.04,4,42208,买盘
09:55:37,105.52,-0.82%,--,12,126624,卖盘
09:55:40,105.55,-0.79%,+0.03,46,485530,买盘
09:55:43,105.55,-0.79%,--,36,379980,卖盘
09:55:46,105.54,-0.80%,-0.01,19,200526,卖盘
09:55:49,105.52,-0.82%,-0.02,59,622568,卖盘
09:55:52,105.52,-0.82%,--,0,0,卖盘
09:55:55,105.55,-0.79%,+0.03,19,200545,卖盘
09:55:58,105.65,-0.70%,+0.1,6,63390,买盘
09:56:01,105.55,-0.79%,-0.1,23,242765,卖盘
09:56:04,105.65,-0.70%,+0.1,5,52825,中性盘
09:56:07,105.64,-0.70%,-0.01,89,940196,买盘
09:56:10,105.56,-0.78%,-0.08,5,52780,卖盘
09:56:13,105.56,-0.78%,--,9,95004,买盘
09:56:16,105.56,-0.78%,--,0,0,中性盘
09:56:19,105.51,-0.83%,-0.05,32,337632,卖盘
09:56:22,105.56,-0.78%,+0.05,5,52780,买盘
09:56:22,105.56,-0.78%,-0.06,5,52780,中性盘
09:56:25,105.5,-0.84%,-0.06,22,232100,卖盘
09:56:28,105.48,-0.86%,-0.02,47,495756,卖盘
09:56:31,105.47,-0.86%,-0.01,10,105470,卖盘
09:56:34,105.45,-0.88%,-0.02,22,231990,卖盘
09:56:37,105.45,-0.88%,--,2,21090,买盘
09:56:40,105.56,-0.78%,+0.11,19,200564,买盘
09:56:43,105.47,-0.86%,-0.09,11,116017,卖盘
09:56:46,105.58,-0.76%,+0.11,7,73906,中性盘
09:56:49,105.45,-0.88%,-0.13,13,137085,卖盘
09:56:52,105.46,-0.87%,+0.01,7,73822,中性盘
09:56:55,105.48,-0.86%,+0.02,84,886032,中性盘
09:56:58,105.46,-0.87%,-0.02,24,253104,卖盘
09:57:01,105.45,-0.88%,-0.01,9,94905,卖盘
09:57:04,105.45,-0.88%,--,6,63270,卖盘
09:57:07,105.45,-0.88%,--,45,474525,卖盘
09:57:10,105.45,-0.88%,--,8,84360,卖盘
09:57:13,105.4,-0.93%,-0.05,82,864280,卖盘
09:57:16,105.43,-0.90%,+0.03,24,253032,中性盘
09:57:19,105.46,-0.87%,+0.03,4,42184,买盘
09:57:22,105.45,-0.88%,-0.01,50,527250,卖盘
09:57:25,105.4,-0.93%,-0.05,13,137020,卖盘
09:57:28,105.41,-0.92%,+0.01,20,210820,中性盘
09:57:31,105.4,-0.93%,-0.01,331,3488740,卖盘
09:57:34,105.4,-0.93%,--,25,263500,买盘
09:57:37,105.4,-0.93%,--,38,400520,卖盘
09:57:40,105.29,-1.03%,-0.11,84,884436,卖盘
09:57:43,105.29,-1.03%,--,0,0,卖盘
09:57:46,105.32,-1.01%,+0.03,4,42128,卖盘
09:57:49,105.29,-1.03%,-0.03,203,2137387,卖盘
09:57:52,105.29,-1.03%,--,11,115819,卖盘
09:57:55,105.2,-1.12%,-0.09,10,105200,卖盘
09:57:58,105.2,-1.12%,--,41,431320,卖盘
09:58:01,105.22,-1.10%,+0.02,31,326182,中性盘
09:58:04,105.2,-1.12%,-0.02,31,326120,卖盘
09:58:07,105.25,-1.07%,+0.05,8,84200,买盘
09:58:10,105.26,-1.06%,+0.01,3,31578,买盘
09:58:13,105.25,-1.07%,-0.01,21,221025,卖盘
09:58:16,105.3,-1.02%,+0.05,17,179010,买盘
09:58:19,105.3,-1.02%,--,1,10530,中性盘
09:58:22,105.25,-1.07%,-0.05,22,231550,卖盘
09:58:25,105.26,-1.06%,+0.01,11,115786,买盘
09:58:28,105.3,-1.02%,+0.04,2,21060,买盘
09:58:31,105.25,-1.07%,-0.05,26,273650,卖盘
09:58:34,105.26,-1.06%,+0.01,9,94734,中性盘
09:58:37,105.3,-1.02%,+0.04,21,221130,卖盘
09:58:40,105.26,-1.06%,-0.04,14,147364,卖盘
09:58:43,105.3,-1.02%,+0.04,7,73710,卖盘
09:58:46,105.39,-0.94%,+0.09,20,210780,买盘
09:58:49,105.39,-0.94%,--,0,0,买盘
09:58:52,105.31,-1.02%,-0.08,15,157965,卖盘
09:58:55,105.31,-1.02%,--,2,21062,买盘
09:58:58,105.3,-1.02%,-0.01,3,31590,卖盘
09:59:01,105.25,-1.07%,-0.05,72,757800,卖盘
09:59:04,105.24,-1.08%,-0.01,24,252576,卖盘
09:59:07,105.25,-1.07%,+0.01,6,63150,卖盘
09:59:10,105.25,-1.07%,--,2,21050,卖盘
09:59:13,105.25,-1.07%,--,7,73675,卖盘
09:59:16,105.25,-1.07%,--,21,221025,卖盘
09:59:19,105.25,-1.07%,--,16,168400,卖盘
09:59:25,105.25,-1.07%,--,43,452575,卖盘
09:59:28,105.26,-1.06%,+0.01,19,200941,买盘
09:59:31,105.26,-1.06%,--,237,2494662,卖盘
09:59:31,105.26,-1.06%,-0.01,237,2494662,中性盘
09:59:34,105.25,-1.07%,-0.01,20,210500,卖盘
09:59:37,105.25,-1.07%,--,104,1094600,买盘
09:59:40,105.26,-1.06%,+0.01,1,10526,买盘
09:59:43,105.28,-1.04%,+0.02,16,168448,买盘
09:59:46,105.26,-1.06%,-0.02,26,273676,卖盘
09:59:49,105.26,-1.06%,--,13,136838,中性盘
09:59:52,105.25,-1.07%,-0.01,15,167453,卖盘
09:59:55,105.25,-1.07%,--,7,73675,买盘
09:59:58,105.2,-1.12%,-0.05,53,557560,卖盘
10:00:01,105.2,-1.12%,--,8,84160,买盘
10:00:04,105.2,-1.12%,--,9,94680,卖盘
10:00:07,105.2,-1.12%,--,6,63120,卖盘
10:00:10,105.2,-1.12%,--,29,305080,卖盘
10:00:13,105.19,-1.13%,-0.01,29,305051,卖盘
10:00:16,105.2,-1.12%,+0.01,21,220920,买盘
10:00:19,105.19,-1.13%,-0.01,22,231418,中性盘
10:00:22,105.17,-1.15%,-0.02,74,778258,卖盘
10:00:25,105.17,-1.15%,--,22,231374,卖盘
10:00:28,105.17,-1.15%,--,18,189306,卖盘
10:00:31,105.19,-1.13%,+0.02,20,210380,买盘
10:00:34,105.2,-1.12%,+0.01,35,368200,买盘
10:00:37,105.19,-1.13%,-0.01,25,262975,中性盘
10:00:40,105.2,-1.12%,+0.01,25,263000,买盘
10:00:43,105.2,-1.12%,--,16,168320,中性盘
10:00:46,105.19,-1.13%,-0.01,20,210380,卖盘
10:00:49,105.24,-1.08%,+0.05,109,1147116,买盘
10:00:52,105.25,-1.07%,+0.01,5,52625,买盘
10:00:55,105.21,-1.11%,-0.04,4,42084,卖盘
10:00:58,105.28,-1.04%,+0.07,4,42112,买盘
10:01:01,105.28,-1.04%,--,7,73696,卖盘
10:01:04,105.28,-1.04%,--,42,442176,卖盘
10:01:07,105.23,-1.09%,-0.05,3,31569,卖盘
10:01:10,105.25,-1.07%,+0.02,20,210500,买盘
10:01:13,105.23,-1.09%,-0.02,1,10523,中性盘
10:01:16,105.21,-1.11%,-0.02,31,326151,卖盘
10:01:19,105.25,-1.07%,+0.04,6,63150,买盘
10:01:22,105.26,-1.06%,+0.01,10,105260,买盘
10:01:25,105.25,-1.07%,-0.01,19,199975,卖盘
10:01:28,105.25,-1.07%,--,2,21050,买盘
10:01:31,105.23,-1.09%,-0.02,15,157845,卖盘
10:01:34,105.24,-1.08%,+0.01,7,73668,中性盘
10:01:37,105.23,-1.09%,-0.01,16,172577,卖盘
10:01:40,105.24,-1.08%,+0.01,3,31572,中性盘
10:01:43,105.25,-1.07%,+0.01,17,178925,买盘
10:01:46,105.25,-1.07%,--,3,31575,买盘
10:01:49,105.25,-1.07%,--,11,115775,卖盘
10:01:52,105.25,-1.07%,--,14,147350,卖盘
10:01:55,105.25,-1.07%,--,10,105250,卖盘
10:01:58,105.25,-1.07%,--,8,84200,买盘
10:02:01,105.24,-1.08%,-0.01,16,168384,卖盘
10:02:04,105.24,-1.08%,--,21,221004,卖盘
10:02:07,105.25,-1.07%,+0.01,8,85147,买盘
10:02:10,105.28,-1.04%,+0.03,3,31584,买盘
10:02:13,105.28,-1.04%,--,19,200032,买盘
10:02:19,105.28,-1.04%,--,3,31584,买盘
10:02:22,105.3,-1.02%,+0.02,29,305370,买盘
10:02:25,105.34,-0.99%,+0.04,8,84272,买盘
10:02:28,105.35,-0.98%,+0.01,16,168560,中性盘
10:02:31,105.4,-0.93%,+0.05,57,600780,买盘
10:02:34,105.4,-0.93%,--,32,337280,买盘
10:02:37,105.42,-0.91%,+0.02,8,84336,买盘
10:02:40,105.45,-0.88%,+0.03,2,21090,买盘
10:02:40,105.45,-0.88%,--,2,21090,中性盘
10:02:43,105.45,-0.88%,--,9,94905,买盘
10:02:46,105.45,-0.88%,--,0,0,卖盘
10:02:49,105.55,-0.79%,+0.1,7,73885,买盘
10:02:52,105.58,-0.76%,+0.03,12,126696,买盘
10:02:58,105.58,-0.76%,--,8,84464,买盘
10:03:01,105.58,-0.76%,--,17,179486,买盘
10:03:04,105.5,-0.84%,-0.08,5,52750,卖盘
10:03:07,105.57,-0.77%,+0.07,7,73899,卖盘
10:03:10,105.55,-0.79%,-0.02,4,42220,买盘
10:03:13,105.5,-0.84%,-0.05,6,63300,卖盘
10:03:16,105.55,-0.79%,+0.05,9,94995,卖盘
10:03:19,105.55,-0.79%,--,9,94995,买盘
10:03:22,105.5,-0.84%,-0.05,12,126600,卖盘
10:03:25,105.5,-0.84%,--,1,10550,买盘
10:03:31,105.5,-0.84%,--,19,200450,买盘
10:03:34,105.46,-0.87%,-0.04,1,10546,卖盘
10:03:37,105.5,-0.84%,+0.04,4,42200,买盘
10:03:40,105.47,-0.86%,-0.03,1,10547,卖盘
10:03:43,105.47,-0.86%,--,11,116017,卖盘
10:03:46,105.46,-0.87%,-0.01,25,263650,卖盘
10:03:49,105.47,-0.86%,+0.01,3,31641,中性盘
10:03:52,105.53,-0.81%,+0.06,10,105530,买盘
10:03:55,105.53,-0.81%,--,0,0,中性盘
10:04:01,105.49,-0.85%,-0.04,4,42196,卖盘
10:04:04,105.5,-0.84%,+0.01,1,10550,卖盘
10:04:07,105.5,-0.84%,--,4,42200,中性盘
10:04:13,105.49,-0.85%,-0.01,15,158235,卖盘
10:04:16,105.45,-0.88%,-0.04,306,3226770,卖盘
10:04:19,105.45,-0.88%,--,0,0,买盘
10:04:22,105.42,-0.91%,-0.03,32,337344,买盘
10:04:25,105.3,-1.02%,-0.12,12,126360,买盘
10:04:28,105.32,-1.01%,+0.02,9,94788,中性盘
10:04:31,105.3,-1.02%,-0.02,3,31590,卖盘
10:04:34,105.3,-1.02%,--,0,0,卖盘
10:04:37,105.31,-1.02%,+0.01,10,105310,卖盘
10:04:40,105.31,-1.02%,--,18,189558,卖盘
10:04:43,105.31,-1.02%,--,7,73717,卖盘
10:04:46,105.31,-1.02%,--,4,42124,卖盘
10:04:49,105.34,-0.99%,+0.03,1,10534,中性盘
10:04:52,105.31,-1.02%,-0.03,13,136903,卖盘
10:04:55,105.31,-1.02%,--,1,10531,卖盘
10:04:58,105.31,-1.02%,--,11,115841,卖盘
10:05:01,105.34,-0.99%,+0.03,3,31602,中性盘
10:05:04,105.34,-0.99%,--,7,73738,买盘
10:05:07,105.35,-0.98%,+0.01,13,136955,中性盘
10:05:10,105.31,-1.02%,-0.04,20,210620,卖盘
10:05:13,105.42,-0.91%,+0.11,2,21084,中性盘
10:05:16,105.33,-1.00%,-0.09,12,126396,卖盘
10:05:19,105.46,-0.87%,+0.13,70,738220,买盘
10:05:22,105.35,-0.98%,-0.11,3,31605,卖盘
10:05:25,105.5,-0.84%,+0.15,6,63300,买盘
10:05:28,105.46,-0.87%,-0.04,5,52730,中性盘
10:05:31,105.5,-0.84%,+0.04,8,84400,买盘
10:05:34,105.45,-0.88%,-0.05,18,189810,卖盘
10:05:37,105.49,-0.85%,+0.04,11,116039,买盘
10:05:40,105.5,-0.84%,+0.01,14,147700,买盘
10:05:43,105.5,-0.84%,--,4,42200,买盘
10:05:46,105.48,-0.86%,-0.02,7,73836,卖盘
10:05:49,105.49,-0.85%,+0.01,4,42196,买盘
10:05:49,105.49,-0.85%,-0.02,4,42196,中性盘
10:05:52,105.47,-0.86%,-0.02,5,52735,卖盘
10:05:55,105.49,-0.85%,+0.02,20,210980,买盘
10:05:58,105.5,-0.84%,+0.01,113,1192150,买盘
10:06:01,105.5,-0.84%,--,20,211000,买盘
10:06:04,105.55,-0.79%,+0.05,2,21110,买盘
10:06:07,105.57,-0.77%,+0.02,1,10557,买盘
10:06:10,105.6,-0.74%,+0.03,29,306240,买盘
10:06:13,105.63,-0.71%,+0.03,13,137319,买盘
10:06:16,105.6,-0.74%,-0.03,10,105600,卖盘
10:06:19,105.63,-0.71%,+0.03,7,73941,买盘
10:06:22,105.63,-0.71%,--,14,147882,买盘
10:06:25,105.63,-0.71%,--,22,232386,卖盘
10:06:28,105.67,-0.68%,+0.04,6,63402,买盘
10:06:31,105.68,-0.67%,+0.01,1,10568,买盘
10:06:34,105.68,-0.67%,--,6,63408,买盘
10:06:37,105.69,-0.66%,+0.01,9,95121,买盘
10:06:40,105.73,-0.62%,+0.04,18,190314,买盘
10:06:43,105.7,-0.65%,-0.03,3,31710,中性盘
10:06:46,105.76,-0.59%,+0.06,6,63456,买盘
10:06:50,105.76,-0.59%,--,15,158640,中性盘
10:06:52,105.76,-0.59%,--,25,264400,卖盘
10:06:55,105.76,-0.59%,--,4,42304,买盘
10:06:58,105.76,-0.59%,--,7,74032,买盘
10:07:01,105.75,-0.60%,-0.01,20,211500,买盘
10:07:04,105.7,-0.65%,-0.05,32,338240,卖盘
10:07:07,105.67,-0.68%,-0.03,9,95103,卖盘
10:07:10,105.72,-0.63%,+0.05,17,179724,中性盘
10:07:13,105.7,-0.65%,-0.02,20,211400,中性盘
10:07:16,105.67,-0.68%,-0.03,1,10567,买盘
10:07:19,105.63,-0.71%,-0.04,24,253512,卖盘
10:07:22,105.63,-0.71%,--,5,52815,中性盘
10:07:25,105.67,-0.68%,+0.04,38,401546,买盘
10:07:28,105.62,-0.72%,-0.05,9,95058,买盘
10:07:31,105.67,-0.68%,+0.05,33,348711,买盘
10:07:34,105.5,-0.84%,-0.17,13,137150,卖盘
10:07:37,105.5,-0.84%,--,2,21100,买盘
10:07:40,105.5,-0.84%,--,12,126600,买盘
10:07:43,105.5,-0.84%,--,3,31650,买盘
10:07:49,105.52,-0.82%,+0.02,9,94968,买盘
10:07:52,105.52,-0.82%,--,5,52760,买盘
10:07:55,105.53,-0.81%,+0.01,1,10553,中性盘
10:07:58,105.5,-0.84%,-0.03,36,379800,卖盘
10:08:01,105.55,-0.79%,+0.05,1,10555,买盘
10:08:07,105.52,-0.82%,-0.03,3,31656,卖盘
10:08:13,105.55,-0.79%,+0.03,1,10555,买盘
10:08:19,105.55,-0.79%,--,1,10555,买盘
10:08:25,105.55,-0.79%,--,14,147770,卖盘
10:08:28,105.56,-0.78%,+0.01,7,73892,买盘
10:08:31,105.56,-0.78%,--,2,21112,卖盘
10:08:34,105.53,-0.81%,-0.03,101,1065853,卖盘
10:08:37,105.53,-0.81%,--,4,42212,买盘
10:08:40,105.53,-0.81%,--,7,73871,买盘
10:08:43,105.6,-0.74%,+0.07,111,1172160,买盘
10:08:46,105.6,-0.74%,--,15,158400,买盘
10:08:49,105.61,-0.73%,+0.01,1,10561,卖盘
10:08:52,105.63,-0.71%,+0.02,3,31689,买盘
10:08:55,105.61,-0.73%,-0.02,46,485806,卖盘
10:08:58,105.63,-0.71%,+0.02,5,52815,买盘
10:18:22,106.17,-0.21%,--,7,74319,中性盘
10:18:25,106.17,-0.21%,--,53,562701,卖盘
10:18:28,106.17,-0.21%,--,10,106170,中性盘
10:18:31,106.12,-0.25%,-0.05,126,1337112,卖盘
10:18:34,106.14,-0.23%,+0.02,10,106140,买盘
10:18:37,106.04,-0.33%,-0.1,24,254496,卖盘
10:18:40,106.04,-0.33%,--,23,243892,买盘
10:18:43,105.9,-0.46%,-0.14,25,264750,卖盘
10:18:46,105.82,-0.54%,-0.08,92,973544,卖盘
10:18:49,105.85,-0.51%,+0.03,25,264625,中性盘
10:18:52,105.82,-0.54%,-0.03,8,84656,卖盘
10:18:55,105.9,-0.46%,+0.08,8,84720,买盘
10:18:58,105.95,-0.41%,+0.05,27,286065,买盘
10:19:01,105.85,-0.51%,-0.1,33,349305,卖盘
10:19:04,105.91,-0.45%,+0.06,6,63546,中性盘
10:19:07,106.13,-0.24%,+0.22,48,509424,买盘
10:19:10,105.87,-0.49%,-0.26,3,31761,卖盘
10:19:13,106.08,-0.29%,+0.21,4,42432,买盘
10:19:16,106.08,-0.29%,--,1,10608,买盘
10:19:22,106.08,-0.29%,--,14,148512,买盘
10:19:25,106.08,-0.29%,--,8,84864,买盘
10:19:28,105.87,-0.49%,-0.21,16,169392,卖盘
10:19:31,105.91,-0.45%,+0.04,2,21182,中性盘
10:19:37,105.87,-0.49%,-0.03,32,338784,卖盘
10:19:43,106.05,-0.32%,+0.18,13,137865,买盘
10:19:47,105.85,-0.51%,-0.2,8,84680,卖盘
10:19:49,106.06,-0.31%,+0.21,14,148484,买盘
10:19:52,106.08,-0.29%,+0.02,20,212160,买盘
10:19:55,105.8,-0.55%,-0.28,107,1132060,卖盘
10:19:58,106.05,-0.32%,+0.25,19,201495,买盘
10:20:01,106.08,-0.29%,+0.03,43,456144,买盘
10:20:04,106.06,-0.31%,-0.02,15,159090,卖盘
10:20:07,106.0,-0.37%,-0.06,38,402800,卖盘
10:20:10,106.0,-0.37%,--,4,42400,买盘
10:20:13,106.0,-0.37%,--,79,837400,买盘
10:20:16,105.91,-0.45%,-0.09,122,1292102,卖盘
10:20:19,105.99,-0.38%,+0.08,11,116589,中性盘
10:20:22,106.0,-0.37%,+0.01,102,1081200,卖盘
10:20:25,106.0,-0.37%,--,7,74200,卖盘
10:20:28,106.0,-0.37%,--,5,53000,卖盘
10:20:31,106.0,-0.37%,--,9,95400,卖盘
10:20:34,106.08,-0.29%,+0.08,8,84864,买盘
10:20:37,106.08,-0.29%,--,0,0,买盘
10:20:40,106.08,-0.29%,--,6,63648,买盘
10:20:43,106.1,-0.27%,+0.02,5,53050,买盘
10:20:46,106.09,-0.28%,-0.01,5,53045,买盘
10:20:49,106.08,-0.29%,-0.01,14,148512,卖盘
10:20:52,106.09,-0.28%,+0.01,8,84872,卖盘
10:20:55,106.1,-0.27%,+0.01,24,254640,买盘
10:20:58,106.1,-0.27%,--,36,381960,买盘
10:21:01,106.09,-0.28%,-0.01,12,127308,卖盘
10:21:04,106.09,-0.28%,--,2,21218,卖盘
10:21:07,106.12,-0.25%,+0.03,77,817124,买盘
10:21:10,106.16,-0.22%,+0.04,16,169856,买盘
10:21:13,106.13,-0.24%,-0.03,9,95517,卖盘
10:21:16,106.13,-0.24%,--,39,413907,卖盘
10:21:19,106.17,-0.21%,+0.04,5,53085,卖盘
10:21:22,106.19,-0.19%,+0.02,7,74333,买盘
10:21:25,106.17,-0.21%,-0.02,8,84936,卖盘
10:21:28,106.2,-0.18%,+0.03,25,265500,买盘
10:21:31,106.21,-0.17%,+0.01,32,339872,买盘
10:21:31,106.21,-0.17%,--,32,339872,中性盘
10:21:34,106.23,-0.15%,+0.02,1,10623,买盘
10:21:37,106.23,-0.15%,--,7,74361,买盘
10:21:40,106.23,-0.15%,--,2,21246,买盘
10:21:43,106.25,-0.13%,+0.02,78,828750,买盘
10:21:46,106.25,-0.13%,--,2,21250,卖盘
10:21:49,106.26,-0.12%,+0.01,15,159390,买盘
10:21:52,106.26,-0.12%,--,10,106260,卖盘
10:21:55,106.28,-0.10%,+0.02,5,53140,买盘
10:21:58,106.28,-0.10%,--,27,286956,买盘
10:22:01,106.28,-0.10%,--,24,255072,买盘
10:22:07,106.28,-0.10%,-0.01,63,669564,卖盘
10:22:10,106.27,-0.11%,-0.01,112,1190224,卖盘
10:22:13,106.29,-0.09%,+0.02,27,286983,买盘
10:22:16,106.27,-0.11%,-0.02,18,191286,卖盘
10:22:19,106.27,-0.11%,--,16,170032,买盘
10:22:22,106.27,-0.11%,--,1,10627,买盘
10:22:25,106.22,-0.16%,-0.05,36,382392,卖盘
10:22:28,106.2,-0.18%,-0.02,29,307980,卖盘
10:22:31,106.27,-0.11%,+0.07,46,488842,买盘
10:22:34,106.27,-0.11%,--,17,180659,中性盘
10:22:37,106.2,-0.18%,-0.07,1,10620,卖盘
10:22:40,106.21,-0.17%,+0.01,15,159315,买盘
10:22:43,106.23,-0.15%,+0.02,19,201837,中性盘
10:22:46,106.21,-0.17%,-0.02,3,31863,中性盘
10:22:49,106.22,-0.16%,+0.01,7,74354,中性盘
10:22:52,106.23,-0.15%,+0.01,3,31869,买盘
10:22:55,106.22,-0.16%,-0.01,5,53110,卖盘
10:22:58,106.21,-0.17%,-0.01,40,424840,卖盘
10:23:01,106.22,-0.16%,+0.01,8,84976,买盘
10:23:04,106.21,-0.17%,-0.01,3,31863,卖盘
10:23:07,106.21,-0.17%,--,4,42484,卖盘
10:23:10,106.21,-0.17%,--,12,127452,中性盘
10:23:13,106.21,-0.17%,--,12,127452,买盘
10:23:19,106.2,-0.18%,-0.01,3,31860,卖盘
10:23:22,106.22,-0.16%,+0.02,50,531100,买盘
10:23:25,106.22,-0.16%,--,19,201818,卖盘
10:23:28,106.21,-0.17%,-0.01,6,63726,卖盘
10:23:31,106.2,-0.18%,-0.01,17,180540,卖盘
10:23:34,106.22,-0.16%,+0.02,16,169952,买盘
10:23:37,106.22,-0.16%,--,9,95598,买盘
10:23:40,106.27,-0.11%,+0.05,254,2699258,买盘
10:23:43,106.32,-0.07%,+0.05,93,988776,买盘
10:23:46,106.35,-0.04%,+0.03,11,116985,买盘
10:23:49,106.36,-0.03%,+0.01,60,638160,买盘
10:23:52,106.38,-0.01%,+0.02,1,10638,买盘
10:23:55,106.39,0.00%,+0.01,39,414921,买盘
10:23:58,106.39,0.00%,--,9,95751,卖盘
10:24:01,106.39,0.00%,--,17,180863,买盘
10:24:04,106.39,0.00%,--,39,414921,买盘
10:24:07,106.39,0.00%,--,6,63834,买盘
10:24:10,106.36,-0.03%,-0.03,23,244628,卖盘
10:24:13,106.36,-0.03%,--,14,148904,买盘
10:24:16,106.3,-0.08%,-0.06,68,722840,卖盘
10:24:19,106.31,-0.08%,+0.01,29,308299,中性盘
10:24:22,106.31,-0.08%,--,8,85048,买盘
10:24:25,106.31,-0.08%,--,12,127572,买盘
10:24:28,106.31,-0.08%,--,7,74417,买盘
10:24:31,106.3,-0.08%,-0.01,5,53150,中性盘
10:24:34,106.3,-0.08%,--,7,74410,买盘
10:24:37,106.3,-0.08%,--,29,308270,卖盘
10:24:40,106.31,-0.08%,+0.01,23,244513,买盘
10:24:40,106.31,-0.08%,--,23,244513,中性盘
10:24:40,106.31,-0.08%,--,23,244513,卖盘
10:24:43,106.31,-0.08%,--,38,403978,卖盘
10:24:49,106.28,-0.10%,-0.03,6,63768,中性盘
10:24:52,106.3,-0.08%,+0.02,8,85040,买盘
10:24:55,106.29,-0.09%,-0.01,3,31887,中性盘
10:24:58,106.29,-0.09%,--,17,180693,中性盘
10:25:04,106.23,-0.15%,--,0,0,卖盘
10:25:07,106.28,-0.10%,+0.05,18,191304,买盘
10:25:10,106.29,-0.09%,+0.01,10,106290,买盘
10:25:13,106.23,-0.15%,-0.06,9,95607,卖盘
10:25:16,106.28,-0.10%,+0.05,12,127536,卖盘
10:25:19,106.23,-0.15%,-0.05,147,1561581,卖盘
10:25:22,106.24,-0.14%,+0.01,25,265600,卖盘
10:25:25,106.28,-0.10%,+0.04,4,42512,买盘
10:25:28,106.25,-0.13%,-0.03,2,21250,买盘
10:25:31,106.29,-0.09%,+0.04,13,138177,买盘
10:25:34,106.25,-0.13%,-0.04,11,116875,中性盘
10:25:37,106.23,-0.15%,-0.02,18,191214,卖盘
10:25:40,106.25,-0.13%,+0.02,13,138125,中性盘
10:25:43,106.23,-0.15%,-0.02,13,138099,卖盘
10:25:46,106.24,-0.14%,+0.01,96,1019904,中性盘
10:25:49,106.21,-0.17%,-0.03,13,138073,卖盘
10:25:52,106.24,-0.14%,+0.03,3,31872,中性盘
10:25:55,106.21,-0.17%,-0.03,1,10621,卖盘
10:25:58,106.2,-0.18%,-0.01,15,159300,卖盘
10:26:01,106.23,-0.15%,+0.03,8,84984,卖盘
10:26:04,106.23,-0.15%,--,5,53115,卖盘
10:26:07,106.23,-0.15%,--,52,552396,卖盘
10:26:10,106.23,-0.15%,--,46,488658,卖盘
10:26:13,106.21,-0.17%,-0.02,18,191178,卖盘
10:26:16,106.25,-0.13%,+0.04,10,106250,买盘
10:26:19,106.23,-0.15%,-0.02,10,106230,卖盘
10:26:22,106.25,-0.13%,+0.02,4,42500,买盘
10:26:25,106.21,-0.17%,-0.04,32,339872,卖盘
10:26:28,106.21,-0.17%,--,14,148694,买盘
10:26:31,106.21,-0.17%,--,1,10621,买盘
10:26:34,106.2,-0.18%,-0.01,6,63720,卖盘
10:26:37,106.2,-0.18%,--,39,414180,卖盘
10:26:40,106.14,-0.23%,-0.06,7,74298,卖盘
10:26:43,106.12,-0.25%,-0.02,28,297136,卖盘
10:26:46,106.09,-0.28%,-0.03,2,21218,中性盘
10:26:52,106.09,-0.28%,--,1,10609,卖盘
10:26:55,106.08,-0.29%,-0.01,2,21216,卖盘
10:27:01,106.08,-0.29%,--,2,21216,卖盘
10:27:04,106.08,-0.29%,--,3,31824,卖盘
10:27:07,106.07,-0.30%,-0.01,69,731883,卖盘
10:27:10,106.01,-0.36%,-0.06,17,180217,卖盘
10:27:13,106.0,-0.37%,-0.01,112,1194514,卖盘
10:27:16,106.0,-0.37%,--,12,127200,卖盘
10:27:19,106.0,-0.37%,--,25,265000,卖盘
10:27:22,105.88,-0.48%,-0.12,3,35046,卖盘
10:27:28,105.85,-0.51%,-0.03,15,158775,卖盘
10:27:31,105.9,-0.46%,+0.05,4,42360,卖盘
10:27:34,105.88,-0.48%,-0.02,7,74116,卖盘
10:27:37,105.84,-0.52%,-0.04,12,127008,卖盘
10:27:40,105.83,-0.53%,-0.01,6,63498,卖盘
10:27:43,105.8,-0.55%,-0.03,37,391460,卖盘
10:27:46,105.8,-0.55%,--,0,0,卖盘
10:27:49,105.89,-0.47%,+0.09,26,275314,买盘
10:27:49,105.89,-0.47%,--,26,275314,中性盘
10:27:49,105.89,-0.47%,--,26,275314,买盘
10:27:52,105.84,-0.52%,-0.05,6,70807,买盘
10:27:55,105.8,-0.55%,-0.04,16,169280,卖盘
10:27:58,105.89,-0.47%,+0.09,52,550628,买盘
10:28:01,105.91,-0.45%,+0.02,47,497777,买盘
10:28:04,105.89,-0.47%,-0.02,38,402382,卖盘
10:28:07,105.91,-0.45%,+0.02,10,105910,中性盘
10:28:10,105.97,-0.39%,+0.06,1,10597,买盘
10:28:13,106.14,-0.23%,+0.17,27,286578,买盘
10:28:16,106.2,-0.18%,+0.06,11,116820,买盘
10:28:19,105.99,-0.38%,-0.21,3,31797,卖盘
10:28:22,106.17,-0.21%,+0.18,3,31851,买盘
10:28:25,106.2,-0.18%,+0.03,22,233640,买盘
10:28:28,106.17,-0.21%,-0.03,55,583935,卖盘
10:28:31,106.07,-0.30%,-0.1,1,10607,中性盘
10:28:34,106.07,-0.30%,--,1,10607,卖盘
10:28:37,106.17,-0.21%,+0.1,3,31851,买盘
10:28:40,106.17,-0.21%,--,6,63702,买盘
10:28:43,106.14,-0.23%,-0.03,22,233508,买盘
10:28:46,106.14,-0.23%,--,0,0,买盘
10:28:49,106.15,-0.23%,+0.01,9,95535,买盘
10:28:52,106.14,-0.23%,-0.01,114,1209996,买盘
10:28:55,106.07,-0.30%,-0.07,20,212140,卖盘
10:28:58,106.07,-0.30%,--,23,243961,卖盘
10:29:01,106.06,-0.31%,-0.01,57,604542,中性盘
10:29:04,106.19,-0.19%,+0.13,4,42476,中性盘
10:29:07,106.08,-0.29%,-0.11,11,116688,卖盘
10:29:10,106.2,-0.18%,+0.12,55,584100,买盘
10:29:13,106.09,-0.28%,-0.11,41,434969,卖盘
10:29:16,106.18,-0.20%,+0.09,3,31854,买盘
10:29:19,106.09,-0.28%,-0.09,12,127308,卖盘
10:29:22,106.2,-0.18%,+0.11,12,127440,买盘
10:29:25,106.1,-0.27%,-0.1,21,222810,卖盘
10:29:28,106.1,-0.27%,--,15,159150,卖盘
10:29:31,106.16,-0.22%,+0.06,2,21232,买盘
10:29:34,106.17,-0.21%,+0.01,2,21234,卖盘
10:29:37,106.17,-0.21%,--,4,42468,卖盘
10:29:40,106.17,-0.21%,--,3,31851,卖盘
10:29:43,106.18,-0.20%,+0.01,5,53090,买盘
10:29:46,106.18,-0.20%,--,7,74326,买盘
10:29:49,106.18,-0.20%,--,3,31854,卖盘
10:29:52,106.19,-0.19%,+0.01,6,63714,买盘
10:29:55,106.19,-0.19%,--,19,201761,买盘
10:29:58,106.19,-0.19%,--,57,605283,卖盘
10:30:01,106.19,-0.19%,--,82,870758,卖盘
10:30:04,106.18,-0.20%,-0.01,20,212360,卖盘
10:30:07,106.2,-0.18%,+0.02,68,722160,买盘
10:30:10,106.21,-0.17%,+0.01,95,1008995,买盘
10:30:13,106.21,-0.17%,--,31,329251,买盘
10:30:16,106.21,-0.17%,--,4,42484,买盘
10:30:19,106.22,-0.16%,+0.01,33,350526,买盘
10:30:22,106.21,-0.17%,-0.01,40,424840,中性盘
10:30:25,106.21,-0.17%,--,16,169936,买盘
10:30:28,106.21,-0.17%,--,12,127452,卖盘
10:30:31,106.22,-0.16%,+0.01,1,10622,卖盘
10:30:34,106.24,-0.14%,+0.02,6,63744,买盘
10:30:37,106.24,-0.14%,--,13,138112,买盘
10:30:40,106.21,-0.17%,-0.03,4,42484,卖盘
10:30:43,106.21,-0.17%,--,7,74347,卖盘
10:30:46,106.22,-0.16%,+0.01,6,63732,中性盘
10:30:49,106.22,-0.16%,--,13,138086,卖盘
10:30:52,106.16,-0.22%,-0.06,13,138008,卖盘
10:30:55,106.23,-0.15%,+0.07,24,254952,买盘
10:30:55,106.23,-0.15%,-0.07,24,254952,中性盘
10:30:58,106.16,-0.22%,-0.07,20,212320,卖盘
10:31:01,106.16,-0.22%,--,13,138008,买盘
10:31:04,106.1,-0.27%,-0.06,81,859410,卖盘
10:31:07,106.1,-0.27%,--,23,244030,买盘
10:31:10,106.07,-0.30%,-0.03,248,2630536,中性盘
10:31:13,106.12,-0.25%,+0.05,63,668556,买盘
10:31:16,106.12,-0.25%,--,72,764064,买盘
10:31:19,106.14,-0.23%,+0.02,9,95526,中性盘
10:31:22,106.14,-0.23%,--,0,0,中性盘
10:31:25,106.13,-0.24%,-0.01,5,53065,卖盘
10:31:28,106.12,-0.25%,-0.01,9,95508,卖盘
10:31:31,106.12,-0.25%,--,18,191016,买盘
10:31:34,106.1,-0.27%,-0.02,16,169760,卖盘
10:31:37,106.12,-0.25%,+0.02,9,95508,买盘
10:31:40,106.1,-0.27%,-0.02,11,116710,卖盘
10:31:43,106.1,-0.27%,--,3,31830,买盘
10:31:46,106.1,-0.27%,--,0,0,买盘
10:31:49,106.1,-0.27%,--,37,392570,买盘
10:31:52,106.07,-0.30%,-0.03,14,148498,中性盘
10:31:55,106.07,-0.30%,--,5,53035,卖盘
10:31:58,106.07,-0.30%,--,2,21214,卖盘
10:32:01,106.04,-0.33%,-0.03,10,106040,卖盘
10:32:04,106.03,-0.34%,-0.01,33,349899,卖盘
10:32:07,106.07,-0.30%,+0.04,5,53035,买盘
10:32:10,106.0,-0.37%,-0.07,24,254400,卖盘
10:32:13,106.01,-0.36%,+0.01,18,190818,中性盘
10:32:16,106.0,-0.37%,-0.01,21,222600,卖盘
10:32:19,106.0,-0.37%,--,0,0,卖盘
10:32:22,106.0,-0.37%,--,6,63600,卖盘
10:32:25,106.03,-0.34%,+0.03,8,84824,买盘
10:32:28,106.0,-0.37%,-0.03,21,222600,卖盘
10:32:31,106.01,-0.36%,+0.01,11,116611,买盘
10:32:34,105.98,-0.39%,-0.03,34,360332,卖盘
10:32:37,105.97,-0.39%,-0.01,4,42388,卖盘
10:32:40,105.91,-0.45%,-0.06,45,476595,卖盘
10:32:43,105.9,-0.46%,-0.01,23,243570,卖盘
10:32:46,105.89,-0.47%,-0.01,2,21178,卖盘
10:32:49,105.9,-0.46%,+0.01,20,211800,买盘
10:32:52,105.89,-0.47%,-0.01,13,137657,卖盘
10:32:55,105.91,-0.45%,+0.02,76,804916,买盘
10:32:58,105.91,-0.45%,--,7,74137,买盘
10:33:01,105.9,-0.46%,-0.01,16,169440,卖盘
10:33:04,105.91,-0.45%,+0.01,9,95319,买盘
10:33:07,105.91,-0.45%,--,55,582505,买盘
10:33:10,105.93,-0.43%,+0.02,23,243639,买盘
10:33:13,105.91,-0.45%,-0.02,18,190638,卖盘
10:33:16,106.01,-0.36%,+0.1,38,402838,买盘
10:33:19,106.0,-0.37%,-0.01,7,74200,中性盘
10:33:22,106.01,-0.36%,+0.01,13,137813,卖盘
10:33:25,106.01,-0.36%,--,4,42404,卖盘
10:33:28,106.02,-0.35%,+0.01,26,275652,卖盘
10:33:31,106.05,-0.32%,+0.03,68,721140,买盘
10:33:34,105.93,-0.43%,-0.12,6,63558,卖盘
10:33:37,106.01,-0.36%,+0.08,31,328631,卖盘
10:33:40,106.0,-0.37%,-0.01,3,31800,卖盘
10:33:43,106.05,-0.32%,+0.05,77,816585,买盘
10:33:46,106.1,-0.27%,+0.05,30,318300,买盘
10:33:49,106.13,-0.24%,+0.03,6,63678,买盘
10:33:52,106.12,-0.25%,-0.01,10,106120,卖盘
10:33:55,106.1,-0.27%,-0.02,3,31830,卖盘
10:33:58,106.1,-0.27%,--,11,116710,卖盘
10:34:01,106.1,-0.27%,--,1,10610,卖盘
10:34:01,106.1,-0.27%,--,1,10610,中性盘
10:34:10,106.0,-0.37%,-0.1,92,975200,卖盘
10:34:13,105.96,-0.40%,-0.04,11,116556,卖盘
10:34:16,106.01,-0.36%,+0.05,4,42404,买盘
10:34:19,105.92,-0.44%,-0.09,12,127104,卖盘
10:34:22,105.92,-0.44%,--,2,21184,卖盘
10:34:25,105.95,-0.41%,+0.03,1,10595,卖盘
10:34:28,105.95,-0.41%,--,24,254280,卖盘
10:34:31,105.93,-0.43%,-0.02,2,21186,卖盘
10:34:34,106.04,-0.33%,+0.11,22,233288,买盘
10:34:37,105.91,-0.45%,-0.13,2,21182,卖盘
10:34:40,106.04,-0.33%,+0.13,8,84832,买盘
10:34:43,105.91,-0.45%,-0.13,88,932008,卖盘
10:34:46,106.1,-0.27%,+0.19,66,700260,买盘
10:34:49,106.1,-0.27%,--,13,137930,卖盘
10:34:52,106.1,-0.27%,--,24,254640,卖盘
10:34:55,106.11,-0.26%,+0.01,11,116721,中性盘
10:34:58,106.14,-0.23%,+0.03,4,42456,买盘
10:35:04,106.11,-0.26%,-0.03,2,21222,卖盘
10:35:07,106.04,-0.33%,-0.07,38,402952,卖盘
10:35:10,106.03,-0.34%,-0.01,6,63618,卖盘
10:35:13,105.92,-0.44%,-0.11,25,264800,卖盘
10:35:16,105.92,-0.44%,--,6,63552,卖盘
10:35:19,105.91,-0.45%,-0.01,6,63546,卖盘
10:35:22,105.99,-0.38%,+0.08,6,63594,买盘
10:35:25,106.0,-0.37%,+0.01,10,106000,买盘
10:35:28,106.03,-0.34%,+0.03,1,10603,买盘
10:35:31,106.05,-0.32%,+0.02,12,127260,买盘
10:35:34,106.01,-0.36%,-0.04,78,826878,卖盘
10:35:37,106.01,-0.36%,--,5,53005,卖盘
10:35:40,106.01,-0.36%,--,9,95409,卖盘
10:35:43,106.01,-0.36%,--,13,137813,卖盘
10:35:46,106.05,-0.32%,+0.04,26,275730,买盘
10:35:49,106.12,-0.25%,+0.07,45,477540,买盘
10:35:52,106.13,-0.24%,+0.01,50,530650,买盘
10:35:55,106.16,-0.22%,+0.03,48,509568,买盘
10:35:58,106.2,-0.18%,+0.04,18,191160,买盘
10:36:01,106.27,-0.11%,+0.07,59,626993,买盘
10:36:07,106.29,-0.09%,+0.02,21,223209,买盘
10:36:10,106.3,-0.08%,+0.01,78,829140,买盘
10:36:13,106.32,-0.07%,+0.02,12,127584,买盘
10:36:16,106.32,-0.07%,--,5,53160,卖盘
10:36:19,106.35,-0.04%,+0.03,7,74445,买盘
10:36:22,106.35,-0.04%,--,89,946515,买盘
10:36:25,106.37,-0.02%,+0.02,27,287199,买盘
10:36:28,106.38,-0.01%,+0.01,36,382968,买盘
10:36:31,106.37,-0.02%,-0.01,26,276562,卖盘
10:36:34,106.39,0.00%,+0.02,21,223419,买盘
10:36:37,106.39,0.00%,--,30,319170,买盘
10:36:40,106.39,0.00%,--,13,138307,买盘
10:36:43,106.39,0.00%,--,19,202141,买盘
10:36:46,106.39,0.00%,--,15,159585,买盘
10:36:49,106.39,0.00%,--,78,829842,卖盘
10:36:52,106.36,-0.03%,-0.03,25,265900,卖盘
10:36:55,106.39,0.00%,+0.03,81,861759,买盘
10:36:58,106.35,-0.04%,-0.04,13,138255,卖盘
10:37:01,106.39,0.00%,+0.04,39,414921,买盘
10:37:04,106.39,0.00%,--,25,265975,卖盘
10:37:07,106.39,0.00%,--,5,53195,买盘
10:37:10,106.36,-0.03%,-0.03,4,42544,卖盘
10:37:13,106.36,-0.03%,--,12,127632,中性盘
10:37:16,106.39,0.00%,+0.03,26,276614,买盘
10:37:19,106.36,-0.03%,-0.03,50,531800,卖盘
10:37:22,106.37,-0.02%,+0.01,24,255288,中性盘
10:37:25,106.41,+0.02%,+0.04,28,297948,买盘
10:37:28,106.4,+0.01%,-0.01,40,425600,卖盘
10:37:31,106.39,0.00%,-0.01,4,42556,中性盘
10:37:34,106.4,+0.01%,+0.01,4,42560,买盘
10:37:37,106.4,+0.01%,--,3,31920,买盘
10:37:40,106.4,+0.01%,--,44,468160,买盘
10:37:43,106.4,+0.01%,--,39,414960,卖盘
10:37:46,106.42,+0.03%,+0.02,22,234124,买盘
10:37:49,106.42,+0.03%,--,10,106420,卖盘
10:37:52,106.45,+0.06%,+0.03,36,383220,买盘
10:37:55,106.45,+0.06%,--,9,95805,卖盘
10:37:58,106.46,+0.07%,+0.01,15,159690,买盘
10:38:01,106.46,+0.07%,--,50,532300,买盘
10:38:04,106.46,+0.07%,--,73,777158,买盘
10:38:08,106.58,+0.18%,+0.12,302,3218716,买盘
10:38:10,106.62,+0.22%,+0.04,62,661044,买盘
10:38:13,106.63,+0.23%,+0.01,18,191934,买盘
10:38:16,106.65,+0.24%,+0.02,28,298620,买盘
10:38:19,106.69,+0.28%,+0.04,67,714823,买盘
10:38:22,106.69,+0.28%,--,61,650809,买盘
10:38:25,106.69,+0.28%,--,44,469436,中性盘
10:38:28,106.7,+0.29%,+0.01,15,160050,卖盘
10:38:31,106.72,+0.31%,+0.02,13,138736,买盘
10:38:34,106.71,+0.30%,-0.01,38,405498,中性盘
10:38:37,106.75,+0.34%,+0.04,68,725900,买盘
10:38:40,106.75,+0.34%,--,44,469700,买盘
10:38:43,106.75,+0.34%,--,46,491050,买盘
10:38:46,106.75,+0.34%,--,39,416325,买盘
10:38:49,106.75,+0.34%,--,48,512400,买盘
10:38:52,106.76,+0.35%,+0.01,28,298928,中性盘
10:38:55,106.77,+0.36%,+0.01,80,854160,买盘
10:38:58,106.77,+0.36%,--,12,128124,卖盘
10:39:01,106.75,+0.34%,-0.02,52,555100,卖盘
10:39:04,106.75,+0.34%,--,26,277550,卖盘
10:39:07,106.73,+0.32%,-0.02,258,2753634,卖盘
10:39:10,106.69,+0.28%,-0.04,71,757499,卖盘
10:39:13,106.73,+0.32%,+0.04,23,245479,买盘
10:39:16,106.7,+0.29%,-0.03,53,565510,卖盘
10:39:19,106.7,+0.29%,--,14,149380,买盘
10:39:22,106.69,+0.28%,-0.01,105,1120245,卖盘
10:39:25,106.68,+0.27%,-0.01,31,330708,卖盘
10:39:28,106.68,+0.27%,--,17,181356,中性盘
10:39:31,106.69,+0.28%,+0.01,47,501443,买盘
10:39:34,106.65,+0.24%,-0.04,19,202635,卖盘
10:39:37,106.62,+0.22%,-0.03,73,778326,卖盘
10:39:40,106.58,+0.18%,-0.04,23,245134,卖盘
10:39:43,106.61,+0.21%,+0.03,11,117271,买盘
10:39:46,106.48,+0.08%,-0.13,7,74536,卖盘
10:39:49,106.5,+0.10%,+0.02,29,308850,中性盘
10:39:52,106.54,+0.14%,+0.04,14,149156,买盘
10:39:55,106.5,+0.10%,-0.04,15,159750,卖盘
10:39:58,106.46,+0.07%,-0.04,45,479070,卖盘
10:40:01,106.54,+0.14%,+0.08,111,1182594,买盘
10:40:04,106.5,+0.10%,-0.04,43,457950,卖盘
10:40:07,106.58,+0.18%,+0.08,93,991194,买盘
10:40:10,106.62,+0.22%,+0.04,47,501114,买盘
10:40:13,106.62,+0.22%,--,9,95958,卖盘
10:40:16,106.66,+0.25%,+0.04,35,373310,买盘
10:40:19,106.65,+0.24%,-0.01,39,415935,卖盘
10:40:22,106.66,+0.25%,+0.01,34,362644,买盘
10:40:22,106.66,+0.25%,--,34,362644,中性盘
10:40:25,106.66,+0.25%,--,40,426640,买盘
10:40:28,106.66,+0.25%,--,80,853280,卖盘
10:40:31,106.67,+0.26%,+0.01,15,160005,买盘
10:40:34,106.67,+0.26%,--,50,533350,买盘
10:40:37,106.69,+0.28%,+0.02,46,490774,买盘
10:40:40,106.69,+0.28%,--,82,874858,买盘
10:40:43,106.7,+0.29%,+0.01,13,138710,买盘
10:40:46,106.7,+0.29%,--,61,650870,买盘
10:40:49,106.7,+0.29%,--,29,309430,卖盘
10:40:52,106.72,+0.31%,+0.02,64,683008,买盘
10:40:55,106.7,+0.29%,-0.02,48,512160,卖盘
10:40:58,106.73,+0.32%,+0.03,46,490958,买盘
10:41:01,106.72,+0.31%,-0.01,14,149408,卖盘
10:41:04,106.74,+0.33%,+0.02,149,1591280,买盘
10:41:07,106.71,+0.30%,-0.03,152,1631809,卖盘
10:41:10,106.68,+0.27%,-0.03,38,405384,卖盘
10:41:13,106.68,+0.27%,--,86,917448,买盘
10:41:16,106.48,+0.08%,-0.2,74,787952,卖盘
10:41:19,106.46,+0.07%,-0.02,27,287442,卖盘
10:41:22,106.45,+0.06%,-0.01,39,415155,卖盘
10:41:25,106.46,+0.07%,+0.01,8,85168,中性盘
10:41:28,106.46,+0.07%,--,54,574884,卖盘
10:41:31,106.46,+0.07%,--,47,500362,买盘
10:41:34,106.47,+0.08%,+0.01,36,383292,买盘
10:41:37,106.48,+0.08%,+0.01,22,234256,买盘
10:41:40,106.49,+0.09%,+0.01,34,362066,买盘
10:41:43,106.47,+0.08%,-0.02,73,777231,卖盘
10:41:46,106.49,+0.09%,+0.02,3,31947,中性盘
10:41:49,106.49,+0.09%,--,2,21298,卖盘
10:41:52,106.49,+0.09%,--,6,63894,卖盘
10:41:55,106.55,+0.15%,+0.06,6,63930,卖盘
10:41:58,106.6,+0.20%,+0.05,33,351780,买盘
10:42:01,106.6,+0.20%,--,1,10660,卖盘
10:42:04,106.62,+0.22%,+0.02,13,138606,买盘
10:42:07,106.6,+0.20%,-0.02,42,447720,卖盘
10:42:10,106.63,+0.23%,+0.03,2,21326,买盘
10:42:13,106.6,+0.20%,-0.03,42,447720,卖盘
10:42:16,106.6,+0.20%,--,13,138580,买盘
10:42:19,106.57,+0.17%,-0.03,6,63942,卖盘
10:42:22,106.6,+0.20%,+0.03,17,181220,买盘
10:42:25,106.58,+0.18%,-0.02,8,85264,中性盘
10:42:28,106.59,+0.19%,+0.01,1,10659,中性盘
10:42:31,106.58,+0.18%,-0.01,19,202502,中性盘
10:42:34,106.58,+0.18%,--,57,607506,买盘
10:42:37,106.57,+0.17%,-0.01,9,95913,卖盘
10:42:40,106.55,+0.15%,-0.02,23,245065,卖盘
10:42:43,106.53,+0.13%,-0.02,4,42612,中性盘
10:42:46,106.47,+0.08%,-0.06,57,606879,卖盘
10:42:49,106.45,+0.06%,-0.02,59,628055,卖盘
10:42:52,106.41,+0.02%,-0.04,9,95769,卖盘
10:42:55,106.39,0.00%,-0.02,44,468116,卖盘
10:42:58,106.39,0.00%,--,2,21278,卖盘
10:43:01,106.39,0.00%,--,68,723452,卖盘
10:43:04,106.39,0.00%,--,1,10639,买盘
10:43:07,106.35,-0.04%,-0.04,29,308415,卖盘
10:43:10,106.33,-0.06%,-0.02,80,850640,卖盘
10:43:13,106.33,-0.06%,--,7,74431,买盘
10:43:16,106.3,-0.08%,-0.03,3,31890,卖盘
10:43:19,106.3,-0.08%,--,1,10630,买盘
10:43:22,106.3,-0.08%,--,12,127560,买盘
10:43:25,106.3,-0.08%,--,37,393310,卖盘
10:43:28,106.29,-0.09%,-0.01,13,138177,中性盘
10:43:31,106.34,-0.05%,+0.05,11,116974,买盘
10:46:40,106.32,-0.07%,--,4,42528,中性盘
10:46:40,106.32,-0.07%,--,4,42528,卖盘
10:46:43,106.32,-0.07%,--,2,21264,卖盘
10:46:46,106.33,-0.06%,+0.01,13,138229,买盘
10:46:49,106.33,-0.06%,--,3,31899,中性盘
10:46:52,106.34,-0.05%,+0.01,1,10634,买盘
10:46:55,106.35,-0.04%,+0.01,37,393495,买盘
10:46:58,106.36,-0.03%,+0.01,2,21272,买盘
10:47:04,106.36,-0.03%,--,16,170176,买盘
10:47:07,106.35,-0.04%,-0.01,8,85080,卖盘
10:47:10,106.38,-0.01%,+0.03,1,10638,买盘
10:47:13,106.38,-0.01%,--,4,42552,买盘
10:47:16,106.39,0.00%,+0.01,7,74473,中性盘
10:47:19,106.38,-0.01%,-0.01,3,31914,中性盘
10:47:22,106.41,+0.02%,+0.03,41,436281,买盘
10:47:25,106.38,-0.01%,-0.03,4,42552,卖盘
10:47:28,106.41,+0.02%,+0.03,56,595896,买盘
10:47:31,106.5,+0.10%,+0.09,31,330150,买盘
10:47:34,106.41,+0.02%,-0.09,29,308589,卖盘
10:47:40,106.42,+0.03%,+0.01,2,21284,卖盘
10:47:43,106.5,+0.10%,+0.08,17,181050,买盘
10:47:46,106.5,+0.10%,--,1,10650,卖盘
10:47:49,106.5,+0.10%,--,18,191700,卖盘
10:47:52,106.54,+0.14%,+0.04,1,10654,买盘
10:47:55,106.53,+0.13%,-0.01,9,95877,卖盘
10:47:58,106.57,+0.17%,+0.04,10,106570,买盘
10:48:01,106.57,+0.17%,--,16,170512,买盘
10:48:07,106.7,+0.29%,+0.13,251,2678170,买盘
10:48:10,106.72,+0.31%,+0.02,62,661664,买盘
10:48:13,106.85,+0.43%,+0.13,239,2554570,买盘
10:48:16,106.86,+0.44%,+0.01,178,1902108,买盘
10:48:19,106.88,+0.46%,+0.02,92,983296,买盘
10:48:22,106.87,+0.45%,-0.01,15,160305,买盘
10:48:25,106.87,+0.45%,--,42,448854,卖盘
10:48:28,106.88,+0.46%,+0.01,49,523712,买盘
10:48:31,106.88,+0.46%,--,31,331328,买盘
10:48:34,106.88,+0.46%,--,33,352704,买盘
10:48:37,106.89,+0.47%,+0.01,55,587895,买盘
10:48:40,106.88,+0.46%,-0.01,27,288576,卖盘
10:48:43,106.88,+0.46%,--,59,630592,卖盘
10:48:46,106.9,+0.48%,+0.02,69,737610,买盘
10:48:49,106.9,+0.48%,--,46,491740,卖盘
10:48:52,106.9,+0.48%,--,55,587950,卖盘
10:48:55,106.9,+0.48%,--,75,801750,买盘
10:48:58,106.9,+0.48%,--,51,545190,买盘
10:49:01,106.89,+0.47%,-0.01,29,309981,卖盘
10:49:04,106.89,+0.47%,--,34,363426,卖盘
10:49:07,106.88,+0.46%,-0.01,32,342016,卖盘
10:49:10,106.88,+0.46%,--,25,267200,卖盘
10:49:13,106.88,+0.46%,--,83,887104,卖盘
10:49:16,106.75,+0.34%,-0.13,5,53375,卖盘
10:49:19,106.86,+0.44%,+0.11,29,309894,买盘
10:49:22,106.75,+0.34%,-0.11,5,53375,卖盘
10:49:25,106.75,+0.34%,--,15,160125,中性盘
10:49:28,106.86,+0.44%,+0.11,26,277836,买盘
10:49:31,106.75,+0.34%,-0.11,43,459025,卖盘
10:49:34,106.8,+0.39%,+0.05,52,555360,中性盘
10:49:37,106.86,+0.44%,+0.06,56,598416,买盘
10:49:40,106.75,+0.34%,-0.11,138,1473150,卖盘
10:49:43,106.87,+0.45%,+0.12,18,192366,买盘
10:49:46,106.87,+0.45%,--,82,876334,卖盘
10:52:55,106.9,+0.48%,--,59,630710,中性盘
10:52:58,106.92,+0.50%,+0.02,14,149688,买盘
10:53:01,106.93,+0.51%,+0.01,23,245939,买盘
10:53:04,107.0,+0.57%,+0.07,415,4440500,买盘
10:53:07,107.02,+0.59%,+0.02,447,4783794,买盘
10:53:10,107.03,+0.60%,+0.01,103,1102409,买盘
10:53:13,107.05,+0.62%,+0.02,153,1637865,中性盘
10:53:16,107.07,+0.64%,+0.02,22,235554,买盘
10:53:19,107.1,+0.67%,+0.03,21,224910,买盘
10:53:22,107.09,+0.66%,-0.01,70,749630,买盘
10:53:25,107.09,+0.66%,--,93,995937,买盘
10:53:28,107.13,+0.70%,+0.04,29,310677,买盘
10:53:31,107.1,+0.67%,-0.03,92,985320,卖盘
10:53:34,107.14,+0.70%,+0.04,17,182138,买盘
10:53:37,107.15,+0.71%,+0.01,20,214300,买盘
10:53:40,107.16,+0.72%,+0.01,114,1221624,买盘
10:53:43,107.2,+0.76%,+0.04,66,707520,买盘
10:53:47,107.2,+0.76%,--,91,975520,买盘
10:53:49,107.2,+0.76%,--,17,182240,卖盘
10:53:52,107.2,+0.76%,--,51,546720,卖盘
10:53:55,107.26,+0.82%,+0.06,76,815176,买盘
10:53:58,107.26,+0.82%,--,32,343232,买盘
10:54:01,107.25,+0.81%,-0.01,44,471900,卖盘
10:54:04,107.28,+0.84%,+0.03,63,675864,买盘
10:54:07,107.28,+0.84%,--,51,547128,卖盘
10:54:10,107.28,+0.84%,--,41,439848,卖盘
10:54:13,107.28,+0.84%,--,93,997704,卖盘
10:54:16,107.28,+0.84%,--,41,439848,中性盘
10:54:19,107.29,+0.85%,+0.01,193,2070697,买盘
10:54:22,107.28,+0.84%,-0.01,92,986976,买盘
10:54:25,107.2,+0.76%,-0.08,22,235840,卖盘
10:54:28,107.2,+0.76%,--,56,600320,卖盘
10:54:31,107.2,+0.76%,--,54,578880,卖盘
10:54:34,107.18,+0.74%,-0.02,20,214360,中性盘
10:54:37,107.18,+0.74%,--,14,150052,卖盘
10:54:40,107.16,+0.72%,-0.02,24,257184,卖盘
10:54:43,107.17,+0.73%,+0.01,63,675171,中性盘
10:54:46,107.13,+0.70%,-0.04,4,42852,卖盘
10:54:49,107.13,+0.70%,--,39,417807,卖盘
10:54:52,107.11,+0.68%,-0.02,29,310619,卖盘
10:54:55,107.1,+0.67%,-0.01,143,1531530,卖盘
10:54:58,107.1,+0.67%,--,27,289170,卖盘
10:55:01,107.09,+0.66%,-0.01,30,321270,卖盘
10:55:04,107.09,+0.66%,--,18,192762,卖盘
10:55:07,107.09,+0.66%,--,96,1028064,卖盘
10:55:10,107.11,+0.68%,+0.02,38,407018,买盘
10:55:13,107.13,+0.70%,+0.02,150,1606950,买盘
10:55:16,107.21,+0.77%,+0.08,69,739749,买盘
10:55:19,107.24,+0.80%,+0.03,78,836472,买盘
10:55:22,107.24,+0.80%,--,42,454698,卖盘
10:55:25,107.32,+0.87%,+0.08,187,2006884,买盘
10:55:28,107.32,+0.87%,--,48,515136,买盘
10:55:31,107.36,+0.91%,+0.04,82,880352,买盘
10:55:34,107.36,+0.91%,--,52,558272,买盘
10:55:37,107.38,+0.93%,+0.02,37,397306,买盘
10:55:41,107.38,+0.93%,--,19,204022,卖盘
10:55:43,107.38,+0.93%,--,49,526162,卖盘
10:55:46,107.42,+0.97%,+0.04,37,397454,买盘
10:55:49,107.44,+0.99%,+0.02,23,247112,买盘
10:55:52,107.44,+0.99%,--,29,311576,买盘
10:55:55,107.45,+1.00%,+0.01,18,193410,买盘
10:55:58,107.45,+1.00%,--,52,558740,买盘
10:56:01,107.42,+0.97%,-0.03,56,601552,卖盘
10:56:04,107.43,+0.98%,+0.01,223,2395689,中性盘
10:56:04,107.43,+0.98%,-0.02,223,2395689,中性盘
10:56:07,107.41,+0.96%,-0.02,104,1117064,买盘
10:56:10,107.4,+0.95%,-0.01,242,2599080,中性盘
10:56:14,107.39,+0.94%,-0.01,150,1610850,中性盘
10:56:16,107.35,+0.90%,-0.04,58,622630,卖盘
10:56:19,107.35,+0.90%,--,8,85880,买盘
10:56:22,107.32,+0.87%,-0.03,79,847828,卖盘
10:56:25,107.35,+0.90%,+0.03,110,1180850,买盘
10:56:28,107.33,+0.88%,-0.02,73,783509,卖盘
10:56:31,107.3,+0.86%,-0.03,36,386280,卖盘
10:56:34,107.3,+0.86%,--,17,182410,买盘
10:56:37,107.3,+0.86%,--,131,1405630,买盘
10:56:40,107.3,+0.86%,--,56,600880,买盘
10:56:43,107.32,+0.87%,+0.02,34,364888,买盘
10:56:46,107.32,+0.87%,--,37,397084,买盘
10:56:49,107.32,+0.87%,--,26,279032,买盘
10:56:52,107.3,+0.86%,-0.02,62,665260,卖盘
10:56:55,107.32,+0.87%,+0.02,80,858560,买盘
10:56:58,107.32,+0.87%,--,70,751240,卖盘
10:57:01,107.32,+0.87%,--,38,407816,卖盘
10:57:04,107.36,+0.91%,+0.04,59,633424,买盘
10:57:07,107.35,+0.90%,-0.01,38,407930,卖盘
10:57:10,107.36,+0.91%,+0.01,19,203984,卖盘
10:57:13,107.43,+0.98%,+0.07,94,1009842,买盘
10:57:16,107.47,+1.02%,+0.04,65,698555,买盘
10:57:19,107.49,+1.03%,+0.02,163,1752087,买盘
10:57:22,107.49,+1.03%,--,45,483705,买盘
10:57:25,107.59,+1.13%,+0.1,332,3571988,买盘
10:57:28,107.56,+1.10%,-0.03,98,1054088,中性盘
10:57:31,107.62,+1.16%,+0.06,57,613434,买盘
10:57:34,107.62,+1.16%,--,21,226002,买盘
10:57:37,107.62,+1.16%,--,45,484290,买盘
10:57:40,107.64,+1.17%,+0.02,96,1033344,买盘
10:57:43,107.65,+1.18%,+0.01,77,828905,买盘
10:57:46,107.68,+1.21%,+0.03,71,764528,买盘
10:57:49,107.67,+1.20%,-0.01,20,215340,中性盘
10:57:52,107.72,+1.25%,+0.05,95,1023340,买盘
10:57:55,107.73,+1.26%,+0.01,30,323190,买盘
10:57:58,107.74,+1.27%,+0.01,22,237028,买盘
10:58:01,107.77,+1.30%,+0.03,19,204763,中性盘
10:58:04,107.8,+1.33%,+0.03,61,657580,买盘
10:58:07,107.82,+1.34%,+0.02,166,1789812,买盘
10:58:10,107.87,+1.39%,+0.05,52,560924,买盘
10:58:13,107.87,+1.39%,--,8,86296,卖盘
10:58:16,107.9,+1.42%,+0.03,156,1683240,买盘
10:58:19,107.9,+1.42%,--,61,658190,买盘
10:58:22,107.93,+1.45%,+0.03,30,323790,买盘
10:58:25,107.92,+1.44%,-0.01,23,248216,卖盘
10:58:28,107.88,+1.40%,-0.04,72,776736,卖盘
10:58:31,107.72,+1.25%,-0.16,269,2897668,卖盘
10:58:34,107.78,+1.31%,+0.06,28,301784,中性盘
10:58:37,107.77,+1.30%,-0.01,55,592735,中性盘
10:58:40,107.72,+1.25%,-0.05,58,624776,中性盘
10:58:43,107.7,+1.23%,-0.02,78,840060,卖盘
10:58:47,107.7,+1.23%,--,25,269250,买盘
10:58:49,107.67,+1.20%,-0.03,29,312243,卖盘
10:58:52,107.66,+1.19%,-0.01,53,570598,中性盘
10:58:55,107.6,+1.14%,-0.06,69,742440,卖盘
10:58:58,107.62,+1.16%,+0.02,39,419718,买盘
10:59:01,107.52,+1.06%,-0.1,78,838656,卖盘
10:59:04,107.5,+1.04%,-0.02,17,182750,卖盘
10:59:07,107.52,+1.06%,+0.02,93,999936,买盘
10:59:10,107.58,+1.12%,+0.06,65,699270,买盘
10:59:13,107.5,+1.04%,-0.08,29,311750,卖盘
11:02:22,107.73,+1.26%,--,34,366282,中性盘
11:02:22,107.73,+1.26%,--,34,366282,卖盘
11:02:25,107.79,+1.32%,+0.06,15,161685,买盘
11:02:28,107.73,+1.26%,-0.06,30,323190,卖盘
11:02:31,107.77,+1.30%,+0.04,16,172432,买盘
11:02:34,107.77,+1.30%,--,29,312533,买盘
11:02:37,107.77,+1.30%,--,63,678951,卖盘
11:02:40,107.8,+1.33%,+0.03,82,883960,买盘
11:02:43,107.76,+1.29%,-0.04,49,528024,卖盘
11:02:46,107.75,+1.28%,-0.01,78,840450,卖盘
11:02:49,107.71,+1.24%,-0.04,84,904764,卖盘
11:02:52,107.73,+1.26%,+0.02,54,581742,买盘
11:02:55,107.71,+1.24%,-0.02,17,183107,卖盘
11:02:58,107.7,+1.23%,-0.01,44,473880,卖盘
11:03:01,107.7,+1.23%,--,49,527730,买盘
11:03:04,107.71,+1.24%,+0.01,152,1637192,买盘
11:03:07,107.69,+1.22%,-0.02,90,969210,中性盘
11:03:10,107.65,+1.18%,-0.04,60,645900,卖盘
11:03:13,107.67,+1.20%,+0.02,44,473748,买盘
11:03:16,107.62,+1.16%,-0.05,64,688768,卖盘
11:03:19,107.65,+1.18%,+0.03,65,699725,买盘
11:03:22,107.62,+1.16%,-0.03,22,236764,中性盘
11:03:25,107.6,+1.14%,-0.02,49,527240,卖盘
11:03:28,107.58,+1.12%,-0.02,17,182886,卖盘
11:03:31,107.57,+1.11%,-0.01,51,548607,卖盘
11:03:34,107.57,+1.11%,--,20,215140,卖盘
11:03:37,107.55,+1.09%,-0.02,28,301140,卖盘
11:03:40,107.54,+1.08%,-0.01,4,43016,卖盘
11:03:43,107.53,+1.07%,-0.01,45,483885,卖盘
11:03:46,107.53,+1.07%,--,45,483885,卖盘
11:03:49,107.5,+1.04%,-0.03,47,505250,卖盘
11:03:52,107.51,+1.05%,+0.01,4,43004,中性盘
11:03:55,107.52,+1.06%,+0.01,57,612864,买盘
11:03:58,107.52,+1.06%,--,154,1655808,卖盘
11:04:01,107.52,+1.06%,--,23,247296,卖盘
11:04:04,107.52,+1.06%,--,21,225792,中性盘
11:04:07,107.5,+1.04%,-0.02,46,494500,卖盘
11:04:10,107.51,+1.05%,+0.01,50,537550,中性盘
11:04:13,107.45,+1.00%,-0.06,123,1321635,卖盘
11:04:16,107.5,+1.04%,+0.05,14,150500,卖盘
11:04:19,107.46,+1.01%,-0.04,25,268650,中性盘
11:04:22,107.49,+1.03%,+0.03,63,677187,中性盘
11:04:25,107.5,+1.04%,+0.01,35,376250,中性盘
11:04:28,107.5,+1.04%,--,60,645000,买盘
11:04:31,107.5,+1.04%,--,27,290250,卖盘
11:04:34,107.5,+1.04%,--,37,397750,卖盘
11:04:37,107.54,+1.08%,+0.04,55,591470,买盘
11:04:40,107.53,+1.07%,-0.01,11,118283,中性盘
11:04:43,107.54,+1.08%,+0.01,60,645240,中性盘
11:04:46,107.55,+1.09%,+0.01,46,494730,卖盘
11:04:49,107.63,+1.17%,+0.08,38,408994,买盘
11:04:52,107.6,+1.14%,-0.03,60,645600,卖盘
11:04:55,107.67,+1.20%,+0.07,9,96903,买盘
11:04:58,107.65,+1.18%,-0.02,30,322950,卖盘
11:05:01,107.62,+1.16%,-0.03,25,269050,卖盘
11:05:04,107.62,+1.16%,--,47,505814,买盘
11:05:07,107.67,+1.20%,+0.05,34,366078,买盘
11:05:10,107.65,+1.18%,-0.02,41,441365,买盘
11:05:13,107.62,+1.16%,-0.03,43,462766,卖盘
11:05:16,107.67,+1.20%,+0.05,70,753690,买盘
11:05:19,107.68,+1.21%,+0.01,15,161520,买盘
11:05:22,107.67,+1.20%,-0.01,13,139971,卖盘
11:05:25,107.67,+1.20%,--,18,193806,买盘
11:05:28,107.64,+1.17%,-0.03,65,699660,卖盘
11:05:28,107.64,+1.17%,--,65,699660,中性盘
11:05:31,107.64,+1.17%,--,62,667368,买盘
11:05:34,107.61,+1.15%,-0.03,8,86088,卖盘
11:05:37,107.57,+1.11%,-0.04,62,666934,卖盘
11:05:40,107.53,+1.07%,-0.04,32,344096,卖盘
11:05:43,107.52,+1.06%,-0.01,83,892416,卖盘
11:05:46,107.57,+1.11%,+0.05,27,290439,买盘
11:05:49,107.57,+1.11%,--,13,139841,买盘
11:05:52,107.57,+1.11%,--,8,86056,卖盘
11:05:55,107.58,+1.12%,+0.01,47,505626,买盘
11:05:58,107.59,+1.13%,+0.01,45,484155,买盘
11:06:01,107.58,+1.12%,-0.01,63,677754,卖盘
11:06:04,107.58,+1.12%,--,94,1011252,买盘
11:06:07,107.56,+1.10%,-0.02,56,602336,中性盘
11:06:10,107.59,+1.13%,+0.03,35,376565,买盘
11:06:13,107.56,+1.10%,-0.03,10,107560,卖盘
11:06:16,107.55,+1.09%,-0.01,20,215100,卖盘
11:06:19,107.55,+1.09%,--,84,903420,卖盘
11:06:22,107.55,+1.09%,--,1,10755,中性盘
11:06:25,107.56,+1.10%,+0.01,5,53780,买盘
11:06:28,107.55,+1.09%,-0.01,38,408690,卖盘
11:06:31,107.58,+1.12%,+0.03,7,75306,中性盘
11:06:34,107.58,+1.12%,--,13,139854,卖盘
11:06:37,107.58,+1.12%,--,38,408804,卖盘
11:06:40,107.59,+1.13%,+0.01,40,430360,买盘
11:06:43,107.6,+1.14%,+0.01,19,204440,买盘
11:06:46,107.6,+1.14%,--,86,925360,买盘
11:06:49,107.61,+1.15%,+0.01,7,75327,买盘
11:06:52,107.6,+1.14%,-0.01,12,129120,卖盘
11:06:55,107.61,+1.15%,+0.01,12,129132,卖盘
11:06:58,107.64,+1.17%,+0.03,14,150696,买盘
11:07:01,107.66,+1.19%,+0.02,35,376810,买盘
11:07:04,107.62,+1.16%,-0.04,11,118382,卖盘
11:07:07,107.64,+1.17%,+0.02,24,258336,买盘
11:07:10,107.64,+1.17%,--,18,193752,卖盘
11:07:13,107.72,+1.25%,+0.08,333,3587076,买盘
11:07:16,107.76,+1.29%,+0.04,67,721992,买盘
11:07:19,107.8,+1.33%,+0.04,35,377300,买盘
11:07:22,107.8,+1.33%,--,46,495880,买盘
11:07:25,107.8,+1.33%,--,16,172480,卖盘
11:07:28,107.82,+1.34%,+0.02,28,301896,买盘
11:07:31,107.82,+1.34%,--,24,258768,卖盘
11:07:34,107.82,+1.34%,--,31,334242,卖盘
11:07:37,107.85,+1.37%,+0.03,39,420615,买盘
11:07:40,107.86,+1.38%,+0.01,16,172576,买盘
11:07:43,107.87,+1.39%,+0.01,44,474628,买盘
11:07:46,107.85,+1.37%,-0.02,88,949080,卖盘
11:07:49,107.86,+1.38%,+0.01,72,776592,买盘
11:07:52,107.88,+1.40%,+0.02,25,269700,中性盘
11:07:55,107.9,+1.42%,+0.02,64,690560,买盘
11:07:58,107.88,+1.40%,-0.02,51,550188,卖盘
11:08:01,107.9,+1.42%,+0.02,83,895570,买盘
11:08:04,107.9,+1.42%,--,66,712140,卖盘
11:08:07,107.91,+1.43%,+0.01,64,690624,买盘
11:08:10,107.91,+1.43%,--,82,884862,卖盘
11:08:13,107.93,+1.45%,+0.02,22,237446,买盘
11:08:16,107.93,+1.45%,--,17,183481,买盘
11:08:19,107.93,+1.45%,--,92,992956,卖盘
11:08:22,107.95,+1.47%,+0.02,11,118745,买盘
11:08:25,107.97,+1.49%,+0.02,5,53985,买盘
11:08:28,107.97,+1.49%,--,25,269925,买盘
11:08:31,107.97,+1.49%,--,69,744993,卖盘
11:08:34,107.98,+1.49%,+0.01,34,367132,买盘
11:08:37,107.98,+1.49%,--,150,1619700,卖盘
11:08:37,107.98,+1.49%,--,150,1619700,中性盘
11:08:40,107.99,+1.50%,+0.01,49,539086,中性盘
11:08:43,108.0,+1.51%,+0.01,179,1933200,买盘
11:08:46,108.0,+1.51%,--,394,4255200,买盘
11:08:49,108.0,+1.51%,--,162,1749600,买盘
11:08:52,108.0,+1.51%,--,240,2592000,买盘
11:08:55,108.01,+1.52%,+0.01,25,270025,中性盘
11:08:58,108.04,+1.55%,+0.03,22,237688,买盘
11:09:01,108.07,+1.58%,+0.03,31,335017,买盘
11:09:04,108.11,+1.62%,+0.04,67,724337,买盘
11:09:07,108.13,+1.64%,+0.02,83,897479,买盘
11:09:10,108.13,+1.64%,--,20,216260,买盘
11:09:13,108.13,+1.64%,--,21,227073,卖盘
11:09:16,108.17,+1.67%,+0.04,43,465131,买盘
11:09:19,108.15,+1.65%,-0.02,27,292005,卖盘
11:09:22,108.17,+1.67%,+0.02,18,194706,买盘
11:09:25,108.17,+1.67%,--,177,1914609,卖盘
11:09:28,108.18,+1.68%,+0.01,32,346176,买盘
11:09:31,108.2,+1.70%,+0.02,65,703300,买盘
11:09:34,108.2,+1.70%,--,25,270500,买盘
11:09:37,108.22,+1.72%,+0.02,48,519456,买盘
11:09:40,108.22,+1.72%,--,9,97398,买盘
11:09:43,108.22,+1.72%,--,287,3105914,卖盘
11:09:46,108.15,+1.65%,-0.07,68,735420,卖盘
11:09:49,108.22,+1.72%,+0.07,49,530278,卖盘
11:09:52,108.25,+1.75%,+0.03,32,346400,中性盘
11:09:55,108.26,+1.76%,+0.01,58,627908,买盘
11:09:58,108.26,+1.76%,--,115,1244990,卖盘
11:10:01,108.26,+1.76%,--,34,368084,买盘
11:10:04,108.24,+1.74%,-0.02,62,671088,卖盘
11:10:07,108.26,+1.76%,+0.02,80,866080,买盘
11:10:10,108.26,+1.76%,--,52,562952,卖盘
11:10:13,108.29,+1.79%,+0.03,29,314041,买盘
11:10:16,108.28,+1.78%,-0.01,69,747132,中性盘
11:10:19,108.29,+1.79%,+0.01,75,812175,买盘
11:10:22,108.26,+1.76%,-0.03,47,508822,卖盘
11:10:25,108.28,+1.78%,+0.02,80,866240,买盘
11:10:28,108.3,+1.80%,+0.02,46,498180,买盘
11:10:31,108.28,+1.78%,-0.02,27,292356,卖盘
11:10:34,108.28,+1.78%,--,46,498088,卖盘
11:10:37,108.29,+1.79%,+0.01,125,1353625,买盘
11:10:40,108.28,+1.78%,-0.01,38,411464,卖盘
11:10:43,108.32,+1.81%,+0.04,217,2350544,买盘
11:10:46,108.29,+1.79%,-0.03,49,530621,卖盘
11:10:49,108.3,+1.80%,+0.01,29,314070,买盘
11:10:52,108.31,+1.80%,+0.01,22,238282,买盘
11:10:55,108.31,+1.80%,--,106,1148086,卖盘
11:10:58,108.31,+1.80%,--,23,249113,卖盘
11:11:01,108.32,+1.81%,+0.01,88,953216,买盘
11:11:05,108.32,+1.81%,--,68,736576,买盘
11:11:07,108.35,+1.84%,+0.03,53,574255,买盘
11:11:10,108.4,+1.89%,+0.05,423,4585320,买盘
11:11:13,108.5,+1.98%,+0.1,47,509950,买盘
11:11:16,108.5,+1.98%,--,26,282100,买盘
11:11:19,108.5,+1.98%,--,50,542500,买盘
11:11:22,108.5,+1.98%,--,232,2525880,买盘
11:11:25,108.51,+1.99%,+0.01,41,444891,买盘
11:11:28,108.52,+2.00%,+0.01,65,705380,买盘
11:11:31,108.57,+2.05%,+0.05,35,379995,买盘
11:11:34,108.57,+2.05%,--,53,575421,中性盘
11:11:37,108.64,+2.11%,+0.07,92,999488,买盘
11:11:40,108.67,+2.14%,+0.03,100,1086700,买盘
11:11:43,108.67,+2.14%,--,31,336877,买盘
11:11:46,108.71,+2.18%,+0.04,76,826196,买盘
11:11:46,108.71,+2.18%,--,76,826196,中性盘
11:11:49,108.78,+2.25%,+0.07,33,358974,买盘
11:11:52,108.84,+2.30%,+0.06,207,2252988,买盘
11:11:55,108.88,+2.34%,+0.04,180,1959840,买盘
11:11:58,108.88,+2.34%,--,129,1404552,买盘
11:12:01,108.94,+2.40%,+0.06,57,620958,买盘
11:12:04,109.01,+2.46%,+0.07,537,5864302,买盘
11:12:07,109.09,+2.54%,+0.08,39,425451,买盘
11:12:10,109.1,+2.55%,+0.01,47,512770,买盘
11:12:13,109.15,+2.59%,+0.05,119,1298885,买盘
11:12:16,109.18,+2.62%,+0.03,47,513146,买盘
11:12:19,109.29,+2.73%,+0.11,76,830604,买盘
11:12:22,109.36,+2.79%,+0.07,252,2755872,中性盘
11:12:25,109.24,+2.68%,-0.12,154,1682296,卖盘
11:12:28,109.38,+2.81%,+0.14,126,1378188,买盘
11:12:31,109.32,+2.75%,-0.06,83,907356,中性盘
11:12:34,109.3,+2.74%,-0.02,154,1683220,中性盘
11:12:37,109.34,+2.77%,+0.04,80,874720,买盘
11:12:40,109.22,+2.66%,-0.12,243,2654046,卖盘
11:12:43,109.2,+2.64%,-0.02,269,2937480,卖盘
11:12:46,109.33,+2.76%,+0.13,220,2405260,买盘
11:12:49,109.15,+2.59%,-0.18,110,1200650,卖盘
11:12:52,109.09,+2.54%,-0.06,91,992719,卖盘
11:12:55,109.09,+2.54%,--,84,916356,买盘
11:12:58,109.12,+2.57%,+0.03,93,1014816,买盘
11:13:01,109.01,+2.46%,-0.11,44,479644,卖盘
11:13:04,109.0,+2.45%,-0.01,124,1351600,卖盘
11:13:07,109.0,+2.45%,--,171,1863900,卖盘
11:13:10,109.0,+2.45%,--,102,1111800,卖盘
11:13:13,109.0,+2.45%,--,165,1798500,买盘
11:13:16,108.99,+2.44%,-0.01,216,2354184,卖盘
11:13:19,108.99,+2.44%,--,133,1449567,卖盘
11:13:22,108.99,+2.44%,--,104,1133496,买盘
11:13:25,109.0,+2.45%,+0.01,244,2659600,买盘
11:13:28,109.0,+2.45%,--,62,675800,卖盘
11:13:31,109.09,+2.54%,+0.09,140,1527260,买盘
11:13:34,109.15,+2.59%,+0.06,138,1506270,买盘
11:13:37,109.15,+2.59%,--,27,294705,买盘
11:13:40,109.19,+2.63%,+0.04,63,687897,买盘
11:13:43,109.21,+2.65%,+0.02,46,502366,买盘
11:13:46,109.2,+2.64%,-0.01,123,1343160,中性盘
11:13:49,109.2,+2.64%,--,73,797160,买盘
11:13:52,109.21,+2.65%,+0.01,99,1081179,买盘
11:13:55,109.21,+2.65%,--,111,1212231,中性盘
11:13:58,109.22,+2.66%,+0.01,65,709930,买盘
11:14:01,109.24,+2.68%,+0.02,92,1005008,买盘
11:14:04,109.22,+2.66%,-0.02,95,1037590,买盘
11:14:07,109.2,+2.64%,-0.02,40,436800,卖盘
11:14:10,109.2,+2.64%,--,88,960960,买盘
11:14:13,109.15,+2.59%,-0.05,85,927775,卖盘
11:14:16,109.15,+2.59%,--,87,949605,卖盘
11:14:19,109.1,+2.55%,-0.05,220,2400200,卖盘
11:14:22,109.1,+2.55%,--,31,338210,卖盘
11:14:25,109.1,+2.55%,--,82,894620,卖盘
11:14:28,109.09,+2.54%,-0.01,30,327270,卖盘
11:14:31,109.09,+2.54%,--,128,1396352,卖盘
11:14:34,109.08,+2.53%,-0.01,16,174528,卖盘
11:14:37,109.05,+2.50%,-0.03,35,381675,卖盘
11:14:40,109.04,+2.49%,-0.01,30,327120,卖盘
11:14:43,109.04,+2.49%,--,22,239888,卖盘
11:14:46,109.05,+2.50%,+0.01,71,774255,买盘
11:14:49,109.02,+2.47%,-0.03,19,207138,中性盘
11:14:52,109.01,+2.46%,-0.01,49,534149,卖盘
11:14:55,109.0,+2.45%,-0.01,13,141700,卖盘
11:14:55,109.0,+2.45%,--,13,141700,中性盘
11:14:58,109.0,+2.45%,--,81,886170,卖盘
11:15:01,109.0,+2.45%,--,80,872000,卖盘
11:15:04,109.0,+2.45%,--,49,534100,卖盘
11:15:07,109.01,+2.46%,+0.01,110,1199110,买盘
11:15:10,109.01,+2.46%,--,152,1656952,卖盘
11:15:13,109.15,+2.59%,+0.14,422,4608313,买盘
11:15:16,109.21,+2.65%,+0.06,134,1463414,买盘
11:15:19,109.29,+2.73%,+0.08,79,863391,买盘
11:15:22,109.3,+2.74%,+0.01,55,601150,买盘
11:15:25,109.33,+2.76%,+0.03,113,1235429,买盘
11:15:28,109.33,+2.76%,--,46,502918,买盘
11:15:31,109.34,+2.77%,+0.01,44,481096,买盘
11:15:34,109.37,+2.80%,+0.03,33,360921,买盘
11:15:37,109.41,+2.84%,+0.04,245,2680545,买盘
11:15:40,109.43,+2.86%,+0.02,73,798839,买盘
11:15:43,109.45,+2.88%,+0.02,32,350240,买盘
11:15:46,109.49,+2.91%,+0.04,105,1149645,买盘
11:15:49,109.49,+2.91%,--,207,2266443,卖盘
11:15:52,109.69,+3.10%,+0.2,591,6482679,买盘
11:15:55,109.85,+3.25%,+0.16,192,2109120,买盘
11:15:58,109.9,+3.30%,+0.05,44,483560,买盘
11:16:01,109.9,+3.30%,--,202,2219980,买盘
11:16:04,109.95,+3.35%,+0.05,53,582735,买盘
11:16:07,109.99,+3.38%,+0.04,621,6830379,买盘
11:16:10,109.97,+3.36%,-0.02,112,1231664,买盘
11:16:13,109.94,+3.34%,-0.03,175,1923950,卖盘
11:16:16,109.75,+3.16%,-0.19,227,2491325,卖盘
11:16:19,109.74,+3.15%,-0.01,85,932790,卖盘
11:16:22,109.73,+3.14%,-0.01,67,735191,卖盘
11:16:25,109.5,+2.92%,-0.23,7,76650,卖盘
11:16:28,109.5,+2.92%,--,141,1543950,卖盘
11:16:31,109.5,+2.92%,--,34,372300,中性盘
11:16:34,109.48,+2.90%,-0.02,68,744464,中性盘
11:16:37,109.47,+2.90%,-0.01,57,623979,卖盘
11:16:40,109.46,+2.89%,-0.01,49,536354,卖盘
11:16:43,109.42,+2.85%,-0.04,194,2122748,卖盘
11:16:46,109.43,+2.86%,+0.01,51,558093,中性盘
11:16:49,109.43,+2.86%,--,48,525264,买盘
11:16:52,109.43,+2.86%,--,35,383005,卖盘
11:16:55,109.5,+2.92%,+0.07,51,558450,买盘
11:16:58,109.43,+2.86%,-0.07,27,295461,卖盘
11:17:01,109.57,+2.99%,+0.14,76,832732,买盘
11:17:04,109.56,+2.98%,-0.01,44,485789,中性盘
11:17:07,109.65,+3.06%,+0.09,15,164475,买盘
11:17:10,109.64,+3.05%,-0.01,18,197352,卖盘
11:17:13,109.72,+3.13%,+0.08,42,460824,买盘
11:17:16,109.73,+3.14%,+0.01,14,153622,买盘
11:17:20,109.74,+3.15%,+0.01,31,340194,买盘
11:17:22,109.76,+3.17%,+0.02,60,658560,买盘
11:17:25,109.8,+3.21%,+0.04,66,724680,买盘
11:17:28,109.87,+3.27%,+0.07,96,1054752,买盘
11:17:31,109.9,+3.30%,+0.03,51,560490,买盘
11:17:34,109.87,+3.27%,-0.03,54,593298,卖盘
11:17:37,109.94,+3.34%,+0.07,78,857532,买盘
11:17:40,109.92,+3.32%,-0.02,115,1264080,卖盘
11:17:43,109.93,+3.33%,+0.01,114,1253202,中性盘
11:17:46,109.95,+3.35%,+0.02,81,890595,买盘
11:17:49,109.95,+3.35%,--,103,1132485,中性盘
11:17:52,109.98,+3.37%,+0.03,102,1121796,买盘
11:17:55,109.98,+3.37%,--,91,1000818,买盘
11:17:58,109.99,+3.38%,+0.01,218,2397782,买盘
11:18:01,109.99,+3.38%,--,33,362967,买盘
11:18:04,109.98,+3.37%,-0.01,156,1715688,卖盘
11:18:04,109.98,+3.37%,--,156,1715688,中性盘
11:18:04,109.98,+3.37%,--,156,1715688,买盘
11:18:07,109.84,+3.24%,-0.14,224,2460416,卖盘
11:18:10,109.82,+3.22%,-0.02,75,823650,中性盘
11:18:13,109.82,+3.22%,--,64,702848,中性盘
11:18:16,109.73,+3.14%,-0.09,250,2743250,卖盘
11:18:19,109.67,+3.08%,-0.06,22,241274,卖盘
11:18:22,109.67,+3.08%,--,15,164505,买盘
11:18:25,109.56,+2.98%,-0.11,7,76692,卖盘
11:18:28,109.58,+3.00%,+0.02,136,1490288,买盘
11:18:31,109.72,+3.13%,+0.14,60,658320,买盘
11:18:34,109.51,+2.93%,-0.21,68,744668,卖盘
11:18:37,109.5,+2.92%,-0.01,26,284700,卖盘
11:18:40,109.5,+2.92%,--,47,514650,卖盘
11:18:43,109.47,+2.90%,-0.03,18,197046,卖盘
11:18:46,109.57,+2.99%,+0.1,78,861220,买盘
11:18:49,109.72,+3.13%,+0.15,216,2374341,买盘
11:18:52,109.6,+3.02%,-0.12,11,120560,买盘
11:18:55,109.63,+3.05%,+0.03,25,274075,中性盘
11:18:58,109.67,+3.08%,+0.04,29,318043,中性盘
11:19:01,109.7,+3.11%,+0.03,48,526560,买盘
11:19:04,109.7,+3.11%,--,22,241340,卖盘
11:19:07,109.8,+3.21%,+0.1,93,1021140,买盘
11:19:10,109.79,+3.20%,-0.01,86,944194,卖盘
11:19:13,109.8,+3.21%,+0.01,48,527040,买盘
11:19:16,109.82,+3.22%,+0.02,29,318478,买盘
11:19:19,109.8,+3.21%,-0.02,60,658800,卖盘
11:19:22,109.82,+3.22%,+0.02,57,625974,买盘
11:19:25,109.74,+3.15%,-0.08,33,362142,卖盘
11:19:28,109.78,+3.19%,+0.04,66,724548,中性盘
11:19:31,109.8,+3.21%,+0.02,40,439200,买盘
11:19:34,109.79,+3.20%,-0.01,47,516013,买盘
11:19:37,109.79,+3.20%,--,67,735593,卖盘
11:19:40,109.79,+3.20%,--,34,373286,卖盘
11:19:43,109.8,+3.21%,+0.01,55,603900,买盘
11:19:46,109.8,+3.21%,--,30,329400,卖盘
11:19:49,109.8,+3.21%,--,41,450180,卖盘
11:19:52,109.79,+3.20%,-0.01,19,208601,中性盘
11:19:55,109.79,+3.20%,--,18,197622,买盘
11:19:58,109.75,+3.16%,-0.04,93,1020675,卖盘
11:20:01,109.76,+3.17%,+0.01,61,669536,中性盘
11:20:04,109.75,+3.16%,-0.01,23,252425,卖盘
11:20:07,109.77,+3.18%,+0.02,117,1284309,买盘
11:20:10,109.79,+3.20%,+0.02,86,944194,买盘
11:20:13,109.78,+3.19%,-0.01,135,1482030,卖盘
11:20:16,109.8,+3.21%,+0.02,136,1493280,买盘
11:20:19,109.8,+3.21%,--,47,516060,买盘
11:20:22,109.76,+3.17%,-0.04,17,186592,卖盘
11:20:25,109.79,+3.20%,+0.03,129,1416291,买盘
11:20:28,109.77,+3.18%,-0.02,92,1009884,卖盘
11:20:31,109.79,+3.20%,+0.02,29,318391,买盘
11:20:34,109.79,+3.20%,--,17,186643,买盘
11:20:37,109.77,+3.18%,-0.02,42,461034,卖盘
11:20:40,109.78,+3.19%,+0.01,126,1383228,卖盘
11:20:43,109.79,+3.20%,+0.01,109,1196711,买盘
11:20:46,109.76,+3.17%,-0.03,35,384160,卖盘
11:20:49,109.75,+3.16%,-0.01,72,790200,卖盘
11:20:52,109.74,+3.15%,-0.01,45,493830,卖盘
11:20:55,109.75,+3.16%,+0.01,105,1152375,买盘
11:20:58,109.75,+3.16%,--,129,1415775,买盘
11:21:01,109.76,+3.17%,+0.01,25,274400,买盘
11:21:04,109.77,+3.18%,+0.01,80,878160,买盘
11:21:07,109.75,+3.16%,-0.02,26,285350,买盘
11:21:10,109.75,+3.16%,--,40,439000,卖盘
11:21:13,109.75,+3.16%,--,47,515825,中性盘
11:21:13,109.75,+3.16%,--,47,515825,卖盘
11:21:16,109.74,+3.15%,-0.01,29,318246,卖盘
11:21:19,109.76,+3.17%,+0.02,51,559776,买盘
11:21:22,109.69,+3.10%,-0.07,81,888489,卖盘
11:21:25,109.75,+3.16%,+0.06,63,691425,买盘
11:21:28,109.7,+3.11%,-0.05,44,482680,卖盘
11:21:31,109.71,+3.12%,+0.01,28,307188,中性盘
11:21:34,109.71,+3.12%,--,141,1546911,卖盘
11:21:37,109.73,+3.14%,+0.02,24,263352,中性盘
11:21:40,109.71,+3.12%,-0.02,20,219420,卖盘
11:21:43,109.75,+3.16%,+0.04,75,823125,买盘
11:21:46,109.77,+3.18%,+0.02,13,142701,中性盘
11:21:49,109.8,+3.21%,+0.03,28,307440,买盘
11:21:52,109.94,+3.34%,+0.14,413,4540522,买盘
11:21:55,109.99,+3.38%,+0.05,515,5668225,买盘
11:21:58,110.11,+3.50%,+0.12,1351,14881697,买盘
11:22:01,110.1,+3.49%,-0.01,65,715650,卖盘
11:22:04,110.16,+3.54%,+0.06,238,2621808,中性盘
11:22:07,110.21,+3.59%,+0.05,26,286546,买盘
11:22:10,110.23,+3.61%,+0.02,13,143299,买盘
11:22:13,110.25,+3.63%,+0.02,55,606375,买盘
11:22:16,110.32,+3.69%,+0.07,86,948752,买盘
11:22:19,110.36,+3.73%,+0.04,38,419368,买盘
11:22:22,110.39,+3.76%,+0.03,50,551950,买盘
11:22:25,110.39,+3.76%,--,29,320131,买盘
11:22:28,110.39,+3.76%,--,59,651301,买盘
11:22:31,110.4,+3.77%,+0.01,84,927360,买盘
11:22:34,110.4,+3.77%,--,26,287040,卖盘
11:22:37,110.44,+3.81%,+0.04,46,508024,卖盘
11:22:40,110.26,+3.64%,-0.18,497,5479922,卖盘
11:22:43,110.21,+3.59%,-0.05,598,6590558,卖盘
11:22:46,110.17,+3.55%,-0.04,21,231357,中性盘
11:22:49,110.15,+3.53%,-0.02,28,308420,中性盘
11:22:52,110.0,+3.39%,-0.15,52,572000,卖盘
11:22:55,110.0,+3.39%,--,125,1375000,中性盘
11:22:58,110.0,+3.39%,--,85,935000,买盘
11:23:01,109.88,+3.28%,-0.12,64,703232,卖盘
11:23:04,109.88,+3.28%,--,68,747184,卖盘
11:23:07,109.72,+3.13%,-0.16,75,822900,卖盘
11:23:10,109.68,+3.09%,-0.04,184,2018112,卖盘
11:23:13,109.58,+3.00%,-0.1,258,2827164,卖盘
11:23:16,109.62,+3.04%,+0.04,108,1183896,买盘
11:23:19,109.55,+2.97%,-0.07,125,1369375,中性盘
11:23:22,109.53,+2.95%,-0.02,23,251919,中性盘
11:23:25,109.55,+2.97%,+0.02,39,427245,买盘
11:23:28,109.62,+3.04%,+0.07,98,1074276,买盘
11:23:31,109.62,+3.04%,--,83,916423,中性盘
11:23:34,109.72,+3.13%,+0.1,51,559572,买盘
11:23:37,109.75,+3.16%,+0.03,16,175600,卖盘
11:23:40,109.75,+3.16%,--,26,285350,卖盘
11:23:43,109.75,+3.16%,--,11,120725,买盘
11:23:46,109.73,+3.14%,-0.02,29,318217,中性盘
11:23:49,109.75,+3.16%,+0.02,45,493875,买盘
11:23:52,109.7,+3.11%,-0.05,23,252310,卖盘
11:23:55,109.7,+3.11%,--,78,855660,买盘
11:23:58,109.68,+3.09%,-0.02,58,636144,中性盘
11:24:01,109.64,+3.05%,-0.04,35,383740,卖盘
11:24:04,109.66,+3.07%,+0.02,20,219320,卖盘
11:24:07,109.64,+3.05%,-0.02,15,164460,卖盘
11:24:10,109.64,+3.05%,--,17,186388,买盘
11:24:13,109.64,+3.05%,--,30,328920,卖盘
11:24:16,109.67,+3.08%,+0.03,130,1425710,买盘
11:24:19,109.65,+3.06%,-0.02,66,723690,卖盘
11:24:19,109.65,+3.06%,--,66,723690,中性盘
11:24:22,109.66,+3.07%,+0.01,13,142558,中性盘
11:24:25,109.69,+3.10%,+0.03,10,109690,中性盘
11:24:28,109.7,+3.11%,+0.01,16,175520,买盘
11:24:31,109.67,+3.08%,-0.03,41,449647,卖盘
11:24:34,109.68,+3.09%,+0.01,42,461533,中性盘
11:24:37,109.7,+3.11%,+0.02,212,2325640,买盘
11:24:40,109.76,+3.17%,+0.06,64,702464,中性盘
11:24:43,109.72,+3.13%,-0.04,31,340132,卖盘
11:24:46,109.75,+3.16%,+0.03,11,120725,中性盘
11:24:49,109.71,+3.12%,-0.04,22,241362,卖盘
11:24:52,109.7,+3.11%,-0.01,52,570440,卖盘
11:24:55,109.7,+3.11%,--,34,372980,卖盘
11:24:58,109.74,+3.15%,+0.04,31,340194,买盘
11:25:01,109.71,+3.12%,-0.03,54,592434,卖盘
11:25:04,109.7,+3.11%,-0.01,67,734990,卖盘
11:25:07,109.74,+3.15%,+0.04,59,647466,买盘
11:25:10,109.8,+3.21%,+0.06,135,1482300,买盘
11:25:13,109.8,+3.21%,--,15,164700,卖盘
11:25:16,109.8,+3.21%,--,6,65880,卖盘
11:25:19,109.81,+3.21%,+0.01,60,658860,卖盘
11:25:22,109.89,+3.29%,+0.08,51,560439,买盘
11:25:25,109.89,+3.29%,--,29,318681,卖盘
11:25:28,109.9,+3.30%,+0.01,33,362670,买盘
11:25:31,109.9,+3.30%,--,16,175840,卖盘
11:25:34,109.9,+3.30%,--,130,1428700,卖盘
11:25:37,109.9,+3.30%,--,86,945140,卖盘
11:25:40,110.0,+3.39%,+0.1,139,1529000,买盘
11:25:43,109.98,+3.37%,-0.02,18,197964,卖盘
11:25:46,110.0,+3.39%,+0.02,19,209000,卖盘
11:25:49,109.98,+3.37%,-0.02,46,505908,卖盘
11:25:52,109.98,+3.37%,--,63,692874,卖盘
11:25:55,109.96,+3.36%,-0.02,48,527808,中性盘
11:25:58,109.91,+3.31%,-0.05,141,1549731,卖盘
11:26:01,109.84,+3.24%,-0.07,136,1493824,卖盘
11:26:04,109.88,+3.28%,+0.04,179,1966852,买盘
11:26:07,109.9,+3.30%,+0.02,3,32970,卖盘
11:26:10,109.98,+3.37%,+0.08,29,318942,买盘
11:26:13,110.0,+3.39%,+0.02,76,836000,买盘
11:26:16,110.0,+3.39%,--,45,505120,买盘
11:26:19,109.99,+3.38%,-0.01,51,560949,卖盘
11:26:22,109.88,+3.28%,-0.11,86,945847,卖盘
11:26:25,109.88,+3.28%,--,26,295797,买盘
11:26:28,109.99,+3.38%,+0.11,22,241978,买盘
11:26:31,109.92,+3.32%,-0.07,6,65952,卖盘
11:26:34,109.9,+3.30%,-0.02,26,285740,卖盘
11:26:37,109.9,+3.30%,--,7,76930,中性盘
11:26:40,109.89,+3.29%,-0.01,40,439560,卖盘
11:26:43,109.9,+3.30%,+0.01,13,142870,买盘
11:26:46,109.94,+3.34%,+0.04,76,835544,买盘
11:26:49,109.9,+3.30%,-0.04,18,197820,卖盘
11:26:52,109.9,+3.30%,--,11,120890,卖盘
11:26:55,109.9,+3.30%,--,10,109900,中性盘
11:26:58,109.88,+3.28%,-0.02,35,385459,卖盘
11:27:01,109.89,+3.29%,+0.01,5,54945,买盘
11:27:04,109.85,+3.25%,-0.04,20,219700,卖盘
11:27:07,109.87,+3.27%,+0.02,24,273796,中性盘
11:27:10,109.85,+3.25%,-0.02,59,648115,卖盘
11:27:13,109.85,+3.25%,--,16,175760,卖盘
11:27:16,109.85,+3.25%,--,18,197730,卖盘
11:27:19,109.87,+3.27%,+0.02,15,164805,买盘
11:27:22,109.85,+3.25%,-0.02,14,153790,卖盘
11:27:25,109.85,+3.25%,--,35,384475,卖盘
11:27:28,109.85,+3.25%,--,26,285610,卖盘
11:27:28,109.85,+3.25%,--,26,285610,中性盘
11:27:31,109.88,+3.28%,+0.03,73,802124,买盘
11:27:34,109.84,+3.24%,-0.04,50,549200,卖盘
11:27:37,109.85,+3.25%,+0.01,198,2175909,中性盘
11:27:40,109.72,+3.13%,-0.13,33,362076,卖盘
11:27:43,109.69,+3.10%,-0.03,59,647171,卖盘
11:27:46,109.68,+3.09%,-0.01,53,581304,卖盘
11:27:49,109.64,+3.05%,-0.04,155,1709507,卖盘
11:27:52,109.62,+3.04%,-0.02,111,1216782,卖盘
11:27:55,109.6,+3.02%,-0.02,54,591840,卖盘
11:27:58,109.58,+3.00%,-0.02,83,909514,卖盘
11:28:01,109.58,+3.00%,--,53,580774,卖盘
11:28:04,109.57,+2.99%,-0.01,30,328710,卖盘
11:28:07,109.55,+2.97%,-0.02,34,372470,卖盘
11:28:10,109.55,+2.97%,--,9,98595,卖盘
11:28:13,109.53,+2.95%,-0.02,16,175248,卖盘
11:28:16,109.53,+2.95%,--,337,3691161,卖盘
11:28:19,109.53,+2.95%,--,29,317637,卖盘
11:28:22,109.53,+2.95%,--,52,569556,买盘
11:28:25,109.55,+2.97%,+0.02,124,1358420,买盘
11:28:28,109.57,+2.99%,+0.02,57,624549,买盘
11:28:31,109.56,+2.98%,-0.01,37,405372,卖盘
11:28:34,109.58,+3.00%,+0.02,25,273950,卖盘
11:28:37,109.58,+3.00%,--,30,328740,买盘
11:28:40,109.58,+3.00%,--,34,372572,买盘
11:28:43,109.55,+2.97%,-0.03,11,120505,卖盘
11:28:46,109.58,+3.00%,+0.03,38,416404,买盘
11:28:49,109.55,+2.97%,-0.03,14,153370,卖盘
11:28:52,109.57,+2.99%,+0.02,19,208183,买盘
11:28:55,109.57,+2.99%,--,23,258366,买盘
11:28:58,109.56,+2.98%,-0.01,42,464754,卖盘
11:29:01,109.56,+2.98%,--,41,449196,卖盘
11:29:04,109.57,+2.99%,+0.01,14,153398,买盘
11:29:07,109.55,+2.97%,-0.02,23,251965,卖盘
11:29:10,109.55,+2.97%,--,14,153370,卖盘
11:29:13,109.55,+2.97%,--,19,208145,卖盘
11:29:16,109.55,+2.97%,--,46,503930,卖盘
11:29:19,109.56,+2.98%,+0.01,14,153384,中性盘
11:29:22,109.55,+2.97%,-0.01,21,230055,卖盘
11:29:25,109.55,+2.97%,--,28,306740,卖盘
11:29:28,109.55,+2.97%,--,17,186235,卖盘
11:29:31,109.55,+2.97%,--,69,755895,卖盘
11:29:34,109.55,+2.97%,--,37,405335,卖盘
11:29:37,109.55,+2.97%,--,54,591570,卖盘
11:29:40,109.55,+2.97%,--,29,317695,卖盘
11:29:43,109.55,+2.97%,--,12,131460,卖盘
11:29:46,109.56,+2.98%,+0.01,16,175296,卖盘
11:29:49,109.57,+2.99%,+0.01,33,361581,买盘
11:29:52,109.56,+2.98%,-0.01,10,109560,卖盘
11:29:55,109.56,+2.98%,--,19,208164,卖盘
11:29:58,109.56,+2.98%,--,18,203562,卖盘
11:29:59,109.56,+2.98%,--,1,10956,卖盘
13:00:01,109.58,+3.00%,+0.02,199,2180642,买盘
13:00:04,109.58,+3.00%,--,457,5012408,卖盘
13:00:07,109.59,+3.01%,+0.01,216,2374377,中性盘
13:00:10,109.58,+3.00%,-0.01,157,1720406,卖盘
13:00:13,109.67,+3.08%,+0.09,66,723822,中性盘
13:00:16,109.62,+3.04%,-0.05,400,4384800,卖盘
13:00:19,109.51,+2.93%,-0.11,203,2226776,卖盘
13:00:22,109.45,+2.88%,-0.06,105,1149225,卖盘
13:00:25,109.39,+2.82%,-0.06,154,1684606,卖盘
13:00:28,109.37,+2.80%,-0.02,5,54685,卖盘
13:00:31,109.39,+2.82%,+0.02,34,371926,买盘
13:00:34,109.3,+2.74%,-0.09,6,65580,中性盘
13:00:37,109.23,+2.67%,-0.07,62,677226,卖盘
13:00:37,109.23,+2.67%,-0.01,62,677226,中性盘
13:00:40,109.22,+2.66%,-0.01,48,524256,中性盘
13:00:43,109.26,+2.70%,+0.04,44,480744,中性盘
13:00:46,109.29,+2.73%,+0.03,66,721314,中性盘
13:00:49,109.3,+2.74%,+0.01,14,153020,中性盘
13:00:52,109.26,+2.70%,-0.04,19,207594,卖盘
13:00:55,109.26,+2.70%,--,17,185742,中性盘
13:00:58,109.23,+2.67%,-0.03,4,43692,卖盘
13:01:01,109.23,+2.67%,--,33,360459,卖盘
13:01:04,109.24,+2.68%,+0.01,27,294948,买盘
13:01:07,109.29,+2.73%,+0.05,38,415302,买盘
13:01:10,109.19,+2.63%,-0.1,39,425841,卖盘
13:01:13,109.38,+2.81%,+0.19,28,306264,买盘
13:01:16,109.23,+2.67%,-0.15,17,185691,中性盘
13:01:19,109.24,+2.68%,+0.01,9,98316,中性盘
13:01:22,109.24,+2.68%,--,23,251252,卖盘
13:01:25,109.3,+2.74%,+0.06,3,32790,买盘
13:01:28,109.37,+2.80%,+0.07,25,273425,买盘
13:01:31,109.3,+2.74%,-0.07,14,153020,卖盘
13:01:34,109.55,+2.97%,+0.25,5,54775,买盘
13:01:37,109.37,+2.80%,-0.18,16,174992,卖盘
13:01:40,109.39,+2.82%,+0.02,3,32817,卖盘
13:01:43,109.39,+2.82%,--,59,645401,卖盘
13:01:46,109.5,+2.92%,+0.11,2,21900,买盘
13:01:49,109.5,+2.92%,--,9,98550,买盘
13:01:52,109.5,+2.92%,--,26,284700,买盘
13:01:55,109.5,+2.92%,--,1,10950,卖盘
13:01:58,109.5,+2.92%,--,5,54750,买盘
13:02:01,109.5,+2.92%,--,30,328500,卖盘
13:02:04,109.55,+2.97%,+0.05,68,744940,买盘
13:02:07,109.54,+2.96%,-0.01,159,1741686,中性盘
13:02:10,109.5,+2.92%,-0.04,111,1215450,卖盘
13:02:13,109.54,+2.96%,+0.04,30,328620,买盘
13:02:16,109.7,+3.11%,+0.16,15,164550,买盘
13:02:19,109.7,+3.11%,--,85,932450,买盘
13:02:22,109.68,+3.09%,-0.02,76,833568,卖盘
13:02:25,109.71,+3.12%,+0.03,117,1283607,买盘
13:02:28,109.7,+3.11%,-0.01,18,197460,卖盘
13:02:31,109.63,+3.05%,-0.07,18,197334,卖盘
13:02:34,109.71,+3.12%,+0.08,26,285246,买盘
13:02:37,109.71,+3.12%,--,32,351072,买盘
13:02:40,109.71,+3.12%,--,51,559521,买盘
13:02:46,109.71,+3.12%,--,10,109710,买盘
13:02:49,109.68,+3.09%,-0.03,22,241296,卖盘
13:02:52,109.71,+3.12%,+0.03,23,252333,买盘
13:02:55,109.71,+3.12%,--,11,120681,卖盘
13:02:58,109.73,+3.14%,+0.02,19,208487,买盘
13:03:01,109.73,+3.14%,--,23,252379,买盘
13:03:04,109.71,+3.12%,-0.02,34,373014,卖盘
13:03:07,109.71,+3.12%,--,13,142623,卖盘
13:03:10,109.71,+3.12%,--,18,197478,买盘
13:03:13,109.71,+3.12%,--,20,219420,买盘
13:03:16,109.58,+3.00%,-0.13,8,87664,卖盘
13:03:19,109.6,+3.02%,+0.02,13,142480,卖盘
13:03:22,109.68,+3.09%,+0.08,31,340008,买盘
13:03:25,109.58,+3.00%,-0.1,53,580774,卖盘
13:03:28,109.6,+3.02%,+0.02,11,120560,中性盘
13:03:31,109.59,+3.01%,-0.01,26,284934,卖盘
13:03:34,109.66,+3.07%,+0.07,32,350912,中性盘
13:03:37,109.65,+3.06%,-0.01,17,186405,中性盘
13:03:40,109.59,+3.01%,-0.06,9,98631,买盘
13:03:43,109.59,+3.01%,--,10,109590,买盘
13:03:46,109.54,+2.96%,-0.05,3,32862,卖盘
13:03:46,109.54,+2.96%,--,3,32862,中性盘
13:03:46,109.54,+2.96%,--,3,32862,卖盘
13:03:49,109.5,+2.92%,-0.04,6,65700,卖盘
13:03:52,109.5,+2.92%,--,5,54750,卖盘
13:03:55,109.48,+2.90%,-0.02,24,262752,卖盘
13:03:58,109.5,+2.92%,+0.02,8,87600,买盘
13:04:01,109.4,+2.83%,-0.1,34,371960,卖盘
13:04:04,109.4,+2.83%,--,10,109400,卖盘
13:04:07,109.4,+2.83%,--,7,76580,买盘
13:04:10,109.38,+2.81%,-0.02,7,76566,买盘
13:04:13,109.3,+2.74%,-0.08,12,131160,卖盘
13:04:16,109.24,+2.68%,-0.06,7,76468,卖盘
13:04:19,109.23,+2.67%,-0.01,11,120153,卖盘
13:04:22,109.2,+2.64%,-0.03,40,436800,卖盘
13:04:25,109.15,+2.59%,-0.05,34,371110,卖盘
13:04:28,109.11,+2.56%,-0.04,22,240042,卖盘
13:04:31,109.16,+2.60%,+0.05,112,1222592,买盘
13:04:34,109.01,+2.46%,-0.15,54,588654,卖盘
13:04:37,109.02,+2.47%,+0.01,14,152628,中性盘
13:04:40,109.01,+2.46%,-0.01,24,261624,卖盘
13:04:43,109.0,+2.45%,-0.01,26,283400,卖盘
13:04:46,109.0,+2.45%,--,56,610400,卖盘
13:04:49,109.0,+2.45%,--,142,1547800,卖盘
13:04:52,109.0,+2.45%,--,72,784800,卖盘
13:04:55,109.01,+2.46%,+0.01,212,2321477,中性盘
13:04:58,109.0,+2.45%,-0.01,29,326891,卖盘
13:05:01,109.03,+2.48%,+0.03,40,436120,买盘
13:05:04,109.08,+2.53%,+0.05,37,403596,买盘
13:05:10,109.07,+2.52%,-0.01,18,196326,中性盘
13:05:13,109.09,+2.54%,+0.02,14,152726,买盘
13:05:19,109.04,+2.49%,-0.05,70,763280,卖盘
13:05:22,109.09,+2.54%,+0.05,51,556359,买盘
13:05:25,109.03,+2.48%,-0.06,28,305284,卖盘
13:05:28,109.11,+2.56%,+0.08,44,480084,买盘
13:05:31,109.02,+2.47%,-0.09,74,806748,卖盘
13:05:34,109.01,+2.46%,-0.01,114,1242714,卖盘
13:05:37,109.0,+2.45%,-0.01,223,2438875,卖盘
13:05:40,109.0,+2.45%,--,220,2400725,买盘
13:05:43,109.08,+2.53%,+0.08,23,250884,买盘
13:05:46,109.0,+2.45%,-0.08,45,490500,卖盘
13:05:49,109.02,+2.47%,+0.02,75,817650,买盘
13:05:52,109.0,+2.45%,-0.02,146,1591400,卖盘
13:05:55,109.14,+2.58%,+0.14,86,938604,买盘
13:05:58,109.08,+2.53%,-0.06,10,109080,卖盘
13:06:01,109.02,+2.47%,-0.06,28,305256,卖盘
13:06:04,109.01,+2.46%,-0.01,6,65406,卖盘
13:06:07,109.02,+2.47%,+0.01,1,10902,中性盘
13:06:10,109.1,+2.55%,+0.08,130,1418300,买盘
13:06:19,109.09,+2.54%,--,3,32727,买盘
13:06:22,109.09,+2.54%,--,1,10909,买盘
13:06:25,109.07,+2.52%,-0.02,8,87256,卖盘
13:06:28,109.09,+2.54%,+0.02,54,589086,买盘
13:06:31,109.09,+2.54%,--,7,76363,卖盘
13:06:34,109.12,+2.57%,+0.03,29,316448,买盘
13:06:37,109.08,+2.53%,-0.04,6,65448,卖盘
13:06:40,109.09,+2.54%,+0.01,1,10909,买盘
13:06:43,109.08,+2.53%,-0.01,37,403596,卖盘
13:06:46,109.09,+2.54%,+0.01,20,218180,中性盘
13:06:49,109.09,+2.54%,--,5,54545,中性盘
13:06:52,109.09,+2.54%,--,8,87272,卖盘
13:06:55,109.12,+2.57%,+0.03,11,120032,买盘
13:06:55,109.12,+2.57%,--,11,120032,中性盘
13:06:58,109.12,+2.57%,--,39,425568,中性盘
13:07:01,109.14,+2.58%,+0.02,19,207366,买盘
13:07:04,109.11,+2.56%,-0.03,121,1320231,卖盘
13:07:07,109.16,+2.60%,+0.05,37,403892,买盘
13:07:10,109.07,+2.52%,-0.09,29,316303,卖盘
13:07:13,109.06,+2.51%,-0.01,17,185402,卖盘
13:07:16,109.08,+2.53%,+0.02,3,32724,卖盘
13:07:19,109.11,+2.56%,+0.03,17,185487,中性盘
13:07:22,109.06,+2.51%,-0.05,20,218120,卖盘
13:07:25,109.1,+2.55%,+0.04,36,392760,买盘
13:07:28,109.1,+2.55%,--,9,98190,卖盘
13:07:31,109.1,+2.55%,--,49,534590,卖盘
13:07:37,109.1,+2.55%,--,6,65460,卖盘
13:07:40,109.11,+2.56%,+0.01,6,65466,中性盘
13:07:43,109.12,+2.57%,+0.01,44,480128,买盘
13:07:46,109.12,+2.57%,--,47,512864,卖盘
13:07:50,109.1,+2.55%,-0.02,32,349120,中性盘
13:07:52,109.07,+2.52%,-0.03,27,294489,卖盘
13:07:55,109.07,+2.52%,--,0,0,卖盘
13:07:58,109.08,+2.53%,+0.01,34,370872,卖盘
13:08:01,109.07,+2.52%,-0.01,51,556257,卖盘
13:08:04,109.07,+2.52%,--,18,196326,买盘
13:08:07,109.19,+2.63%,+0.12,72,786168,买盘
13:08:10,109.03,+2.48%,-0.16,64,697792,卖盘
13:08:16,109.05,+2.50%,+0.02,12,130860,卖盘
13:08:22,109.13,+2.58%,+0.08,23,250999,买盘
13:08:25,109.13,+2.58%,--,4,43652,卖盘
13:08:28,109.13,+2.58%,--,29,316477,卖盘
13:08:31,109.15,+2.59%,+0.02,19,207385,卖盘
13:08:34,109.15,+2.59%,--,20,218300,卖盘
13:08:37,109.29,+2.73%,+0.14,15,163935,买盘
13:08:40,109.3,+2.74%,+0.01,31,338830,买盘
13:08:43,109.3,+2.74%,--,25,273250,卖盘
13:08:46,109.3,+2.74%,--,16,174880,买盘
13:08:49,109.29,+2.73%,-0.01,18,196722,卖盘
13:08:52,109.3,+2.74%,+0.01,21,229530,买盘
13:08:55,109.3,+2.74%,--,37,404410,卖盘
13:08:58,109.3,+2.74%,--,28,306040,中性盘
13:09:01,109.29,+2.73%,-0.01,9,98361,中性盘
13:09:04,109.18,+2.62%,-0.11,4,43672,卖盘
13:09:07,109.29,+2.73%,+0.11,70,765030,买盘
13:09:10,109.18,+2.62%,-0.11,7,76426,中性盘
13:09:13,109.3,+2.74%,+0.12,70,765100,买盘
13:09:16,109.17,+2.61%,-0.13,44,480348,卖盘
13:09:19,109.28,+2.72%,+0.11,35,382480,买盘
13:09:22,109.28,+2.72%,--,39,426192,买盘
13:09:25,109.27,+2.71%,-0.01,25,273175,卖盘
13:09:28,109.28,+2.72%,+0.01,2,21856,买盘
13:09:31,109.19,+2.63%,-0.09,6,65514,卖盘
13:09:34,109.19,+2.63%,--,9,98271,卖盘
13:09:37,109.25,+2.69%,+0.06,8,87400,买盘
13:09:40,109.19,+2.63%,-0.06,13,141947,卖盘
13:09:43,109.2,+2.64%,+0.01,2,21840,卖盘
13:09:46,109.2,+2.64%,--,15,163800,卖盘
13:09:49,109.24,+2.68%,+0.04,28,305872,买盘
13:09:52,109.25,+2.69%,+0.01,16,174800,买盘
13:09:55,109.25,+2.69%,--,9,98325,中性盘
13:09:58,109.24,+2.68%,-0.01,17,185708,卖盘
13:10:01,109.25,+2.69%,+0.01,15,163875,买盘
13:10:01,109.25,+2.69%,--,15,163875,中性盘
13:10:04,109.28,+2.72%,+0.03,21,229488,买盘
13:10:07,109.28,+2.72%,--,4,43712,卖盘
13:10:10,109.28,+2.72%,--,6,65568,卖盘
13:10:13,109.28,+2.72%,--,9,98352,卖盘
13:10:16,109.28,+2.72%,--,10,109280,买盘
13:10:19,109.28,+2.72%,--,16,174848,买盘
13:10:22,109.27,+2.71%,-0.01,26,284102,卖盘
13:10:25,109.28,+2.72%,+0.01,6,65568,买盘
13:10:28,109.28,+2.72%,--,8,87424,卖盘
13:10:31,109.29,+2.73%,+0.01,3,32787,买盘
13:10:34,109.28,+2.72%,-0.01,11,120208,卖盘
13:10:37,109.29,+2.73%,+0.01,19,207651,买盘
13:10:41,109.3,+2.74%,+0.01,14,153020,买盘
13:10:43,109.36,+2.79%,+0.06,40,437440,买盘
13:10:46,109.31,+2.74%,-0.05,15,163965,中性盘
13:10:49,109.31,+2.74%,--,0,0,卖盘
13:10:52,109.39,+2.82%,+0.08,4,43756,买盘
13:10:58,109.39,+2.82%,--,10,109390,卖盘
13:11:01,109.4,+2.83%,+0.01,24,262560,买盘
13:11:04,109.45,+2.88%,+0.05,17,186065,买盘
13:11:07,109.46,+2.89%,+0.01,3,32838,卖盘
13:11:10,109.47,+2.90%,+0.01,7,76629,买盘
13:11:13,109.5,+2.92%,+0.03,89,974660,买盘
13:11:16,109.52,+2.94%,+0.02,7,76664,买盘
13:11:19,109.5,+2.92%,-0.02,10,109500,中性盘
13:11:23,109.54,+2.96%,+0.04,8,87632,买盘
13:11:25,109.54,+2.96%,--,8,87632,中性盘
13:11:28,109.53,+2.95%,-0.01,13,142389,卖盘
13:11:31,109.55,+2.97%,+0.02,19,208145,买盘
13:11:34,109.52,+2.94%,-0.03,5,54760,卖盘
13:11:37,109.55,+2.97%,+0.03,9,98595,中性盘
13:11:40,109.55,+2.97%,--,3,32865,卖盘
13:11:43,109.55,+2.97%,--,26,284830,卖盘
13:11:46,109.56,+2.98%,+0.01,44,482064,买盘
13:11:49,109.6,+3.02%,+0.04,93,1019280,买盘
13:11:52,109.57,+2.99%,-0.03,22,241054,中性盘
13:11:55,109.57,+2.99%,--,20,219140,卖盘
13:11:58,109.6,+3.02%,+0.03,19,208240,买盘
13:12:01,109.58,+3.00%,-0.02,23,252034,卖盘
13:12:04,109.6,+3.02%,+0.02,80,876800,买盘
13:12:07,109.58,+3.00%,-0.02,18,197244,卖盘
13:12:10,109.56,+2.98%,-0.02,28,306768,卖盘
13:12:13,109.58,+3.00%,+0.02,27,295866,买盘
13:12:16,109.52,+2.94%,-0.06,11,120472,卖盘
13:12:19,109.56,+2.98%,+0.04,34,372504,买盘
13:12:22,109.47,+2.90%,-0.09,66,722502,卖盘
13:12:25,109.45,+2.88%,-0.02,16,175120,卖盘
13:12:28,109.42,+2.85%,-0.03,4,43768,卖盘
13:12:31,109.39,+2.82%,-0.03,12,131268,卖盘
13:12:34,109.45,+2.88%,+0.06,11,120395,买盘
13:12:37,109.37,+2.80%,-0.08,3,32811,中性盘
13:12:40,109.35,+2.78%,-0.02,5,54675,卖盘
13:12:43,109.39,+2.82%,+0.04,3,32817,买盘
13:12:46,109.38,+2.81%,-0.01,16,175008,中性盘
13:12:49,109.35,+2.78%,-0.03,17,185895,卖盘
13:12:52,109.39,+2.82%,+0.04,32,350048,买盘
13:12:55,109.38,+2.81%,-0.01,7,76566,卖盘
13:12:58,109.35,+2.78%,-0.03,2,21870,买盘
13:13:01,109.28,+2.72%,-0.07,89,972592,卖盘
13:13:04,109.28,+2.72%,--,12,131136,买盘
13:13:07,109.24,+2.68%,-0.04,15,163860,卖盘
13:13:10,109.2,+2.64%,-0.04,35,382200,卖盘
13:13:10,109.2,+2.64%,--,35,382200,中性盘
13:13:13,109.23,+2.67%,+0.03,3,32769,卖盘
13:13:16,109.21,+2.65%,-0.02,21,229341,卖盘
13:13:19,109.2,+2.64%,-0.01,24,262080,中性盘
13:13:22,109.21,+2.65%,+0.01,46,502366,买盘
13:13:25,109.18,+2.62%,-0.03,25,272950,卖盘
13:13:28,109.17,+2.61%,-0.01,6,65502,卖盘
13:13:31,109.22,+2.66%,+0.05,9,98298,买盘
13:13:34,109.21,+2.65%,-0.01,22,240262,卖盘
13:13:37,109.25,+2.69%,+0.04,22,240350,买盘
13:13:40,109.22,+2.66%,-0.03,37,404114,中性盘
13:13:43,109.2,+2.64%,-0.02,6,65520,卖盘
13:13:46,109.21,+2.65%,+0.01,18,196578,买盘
13:13:49,109.21,+2.65%,--,13,141973,中性盘
13:13:52,109.22,+2.66%,+0.01,13,141986,买盘
13:13:55,109.22,+2.66%,--,7,76454,卖盘
13:13:58,109.23,+2.67%,+0.01,6,65538,买盘
13:14:01,109.22,+2.66%,-0.01,3,32766,卖盘
13:14:04,109.22,+2.66%,--,4,43688,卖盘
13:14:07,109.22,+2.66%,--,14,152908,卖盘
13:14:10,109.22,+2.66%,--,12,131064,买盘
13:14:13,109.21,+2.65%,-0.01,3,32763,卖盘
13:14:16,109.21,+2.65%,--,3,32763,卖盘
13:14:19,109.22,+2.66%,+0.01,42,458724,买盘
13:14:22,109.22,+2.66%,--,1,10922,中性盘
13:14:25,109.22,+2.66%,--,5,54610,卖盘
13:14:28,109.21,+2.65%,-0.01,40,436840,卖盘
13:14:31,109.2,+2.64%,-0.01,22,240240,中性盘
13:14:34,109.21,+2.65%,+0.01,2,21842,买盘
13:14:40,109.2,+2.64%,-0.01,28,305760,卖盘
13:14:43,109.22,+2.66%,+0.02,27,294894,买盘
13:14:46,109.21,+2.65%,-0.01,3,32763,中性盘
13:14:49,109.21,+2.65%,--,11,120131,卖盘
13:14:52,109.22,+2.66%,+0.01,32,349504,买盘
13:14:55,109.21,+2.65%,-0.01,12,131052,卖盘
13:14:58,109.2,+2.64%,-0.01,32,349440,卖盘
13:15:01,109.2,+2.64%,--,21,229320,卖盘
13:15:04,109.2,+2.64%,--,28,305760,卖盘
13:15:07,109.18,+2.62%,-0.02,19,207442,卖盘
13:15:10,109.17,+2.61%,-0.01,39,425763,卖盘
13:15:13,109.18,+2.62%,+0.01,20,218360,买盘
13:15:16,109.18,+2.62%,--,10,109180,买盘
13:15:19,109.16,+2.60%,-0.02,9,98244,卖盘
13:15:22,109.18,+2.62%,+0.02,27,294786,买盘
13:15:25,109.16,+2.60%,-0.02,7,76412,卖盘
13:15:28,109.16,+2.60%,--,2,21832,买盘
13:15:31,109.15,+2.59%,-0.01,2,21830,卖盘
13:15:34,109.16,+2.60%,+0.01,13,141908,买盘
13:15:37,109.18,+2.62%,+0.02,17,185606,买盘
13:15:40,109.14,+2.58%,-0.04,15,163710,卖盘
13:15:43,109.15,+2.59%,+0.01,1,10915,买盘
13:15:49,109.15,+2.59%,+0.01,13,141895,买盘
13:15:52,109.15,+2.59%,--,13,141895,卖盘
13:15:55,109.16,+2.60%,+0.01,7,76412,买盘
13:15:58,109.15,+2.59%,-0.01,26,283790,卖盘
13:16:01,109.14,+2.58%,-0.01,3,32742,卖盘
13:16:04,109.14,+2.58%,--,7,76398,卖盘
13:16:07,109.14,+2.58%,--,46,502044,卖盘
13:16:10,109.1,+2.55%,-0.04,21,229110,卖盘
13:16:13,109.1,+2.55%,--,35,381850,买盘
13:16:16,109.1,+2.55%,--,2,21820,买盘
13:16:19,109.09,+2.54%,-0.01,2,21818,卖盘
13:16:19,109.09,+2.54%,--,2,21818,中性盘
13:16:22,109.1,+2.55%,+0.01,21,229110,买盘
13:16:25,109.09,+2.54%,-0.01,3,32727,买盘
13:16:28,109.08,+2.53%,-0.01,25,272700,卖盘
13:16:31,109.08,+2.53%,--,26,283608,卖盘
13:16:34,109.08,+2.53%,--,23,250884,买盘
13:16:37,109.07,+2.52%,-0.01,6,65442,卖盘
13:16:40,109.07,+2.52%,--,6,65442,中性盘
13:16:43,109.06,+2.51%,-0.01,1,10906,卖盘
13:16:50,109.07,+2.52%,--,30,327210,买盘
13:16:52,109.08,+2.53%,+0.01,33,359964,买盘
13:16:55,109.08,+2.53%,--,7,76356,买盘
13:16:58,109.08,+2.53%,--,25,272700,买盘
13:17:01,109.09,+2.54%,+0.01,38,414542,买盘
13:17:04,109.15,+2.59%,+0.06,112,1222480,买盘
13:17:07,109.19,+2.63%,+0.04,19,207461,买盘
13:17:10,109.23,+2.67%,+0.04,66,720918,买盘
13:17:13,109.28,+2.72%,+0.05,107,1169296,买盘
13:17:16,109.34,+2.77%,+0.06,28,306152,买盘
13:17:19,109.42,+2.85%,+0.08,42,459564,买盘
13:17:22,109.5,+2.92%,+0.08,51,558450,买盘
13:17:25,109.58,+3.00%,+0.08,22,241076,买盘
13:17:28,109.6,+3.02%,+0.02,88,964480,买盘
13:17:31,109.64,+3.05%,+0.04,57,624948,买盘
13:17:34,109.68,+3.09%,+0.04,64,701952,买盘
13:17:37,109.71,+3.12%,+0.03,46,504666,买盘
13:17:40,109.73,+3.14%,+0.02,98,1075354,买盘
13:17:43,109.78,+3.19%,+0.05,80,878240,买盘
13:17:46,109.81,+3.21%,+0.03,88,966328,买盘
13:17:49,109.84,+3.24%,+0.03,54,593136,买盘
13:17:52,109.86,+3.26%,+0.02,64,703104,中性盘
13:17:55,109.97,+3.36%,+0.11,90,989730,买盘
13:17:58,109.94,+3.34%,-0.03,142,1561148,中性盘
13:18:01,109.99,+3.38%,+0.05,32,351968,买盘
13:18:04,110.0,+3.39%,+0.01,175,1925000,买盘
13:18:07,109.99,+3.38%,-0.01,80,879920,卖盘
13:18:10,110.01,+3.40%,+0.02,639,7029639,买盘
13:18:13,110.04,+3.43%,+0.03,83,920154,买盘
13:18:16,110.08,+3.47%,+0.04,175,1926400,买盘
13:18:19,110.08,+3.47%,--,156,1726605,卖盘
13:18:22,110.12,+3.51%,+0.04,109,1200308,买盘
13:18:25,110.17,+3.55%,+0.05,41,451697,买盘
13:18:28,110.21,+3.59%,+0.04,160,1763360,买盘
13:18:31,110.26,+3.64%,+0.05,60,661560,买盘
13:18:34,110.28,+3.66%,+0.02,31,341868,买盘
13:18:37,110.32,+3.69%,+0.04,106,1169392,买盘
13:18:40,110.37,+3.74%,+0.05,71,783627,买盘
13:18:43,110.39,+3.76%,+0.02,44,485716,买盘
13:18:46,110.4,+3.77%,+0.01,118,1302720,买盘
13:18:49,110.45,+3.82%,+0.05,88,971960,买盘
13:18:52,110.44,+3.81%,-0.01,87,960828,卖盘
13:18:55,110.44,+3.81%,--,172,1899568,卖盘
13:18:58,110.45,+3.82%,+0.01,114,1259130,中性盘
13:19:01,110.5,+3.86%,+0.05,264,2917200,买盘
13:19:04,110.49,+3.85%,-0.01,171,1889379,卖盘
13:19:07,110.53,+3.89%,+0.04,199,2199547,买盘
13:19:10,110.46,+3.83%,-0.07,138,1524348,卖盘
13:19:13,110.45,+3.82%,-0.01,185,2043325,中性盘
13:19:16,110.44,+3.81%,-0.01,54,596376,卖盘
13:19:19,110.4,+3.77%,-0.04,127,1402080,卖盘
13:19:22,110.4,+3.77%,--,184,2031360,买盘
13:19:25,110.38,+3.75%,-0.02,43,474634,卖盘
13:19:28,110.32,+3.69%,-0.06,45,496440,卖盘
13:19:28,110.32,+3.69%,--,45,496440,中性盘
13:19:31,110.32,+3.69%,--,71,783272,卖盘
13:19:34,110.28,+3.66%,-0.04,71,782988,卖盘
13:19:37,110.3,+3.68%,+0.02,41,452230,买盘
13:19:40,110.28,+3.66%,-0.02,124,1367472,卖盘
13:19:43,110.29,+3.67%,+0.01,44,485276,买盘
13:19:46,110.17,+3.55%,-0.12,53,583901,卖盘
13:19:49,110.14,+3.52%,-0.03,15,165210,卖盘
13:19:52,110.17,+3.55%,+0.03,38,418646,买盘
13:19:55,110.16,+3.54%,-0.01,35,385560,卖盘
13:19:58,110.17,+3.55%,+0.01,47,517799,卖盘
13:20:01,110.18,+3.56%,+0.01,16,176288,卖盘
13:20:04,110.18,+3.56%,--,43,473774,卖盘
13:20:07,110.19,+3.57%,+0.01,80,881520,买盘
13:20:10,110.18,+3.56%,-0.01,44,484792,买盘
13:20:13,110.25,+3.63%,+0.07,104,1146600,买盘
13:20:16,110.25,+3.63%,--,60,661500,中性盘
13:20:19,110.18,+3.56%,-0.07,10,110180,卖盘
13:20:22,110.25,+3.63%,+0.07,11,121275,买盘
13:20:25,110.25,+3.63%,--,28,308700,卖盘
13:20:28,110.2,+3.58%,-0.05,25,275500,卖盘
13:20:31,110.24,+3.62%,+0.04,7,77168,中性盘
13:20:34,110.25,+3.63%,+0.01,18,198450,买盘
13:20:37,110.23,+3.61%,-0.02,12,132276,卖盘
13:20:40,110.22,+3.60%,-0.01,23,253506,中性盘
13:20:43,110.21,+3.59%,-0.01,41,451861,卖盘
13:20:46,110.23,+3.61%,+0.02,18,198414,中性盘
13:20:49,110.24,+3.62%,+0.01,36,396864,买盘
13:20:52,110.22,+3.60%,-0.02,88,969936,卖盘
13:20:55,110.24,+3.62%,+0.02,59,650416,买盘
13:20:58,110.23,+3.61%,-0.01,27,297621,卖盘
13:21:01,110.22,+3.60%,-0.01,35,385770,卖盘
13:21:04,110.23,+3.61%,+0.01,29,319667,中性盘
13:21:07,110.24,+3.62%,+0.01,27,297648,买盘
13:21:10,110.22,+3.60%,-0.02,46,507012,中性盘
13:21:13,110.2,+3.58%,-0.02,24,264480,卖盘
13:21:16,110.2,+3.58%,--,84,925680,买盘
13:21:19,110.16,+3.54%,-0.04,37,407592,卖盘
13:21:22,110.18,+3.56%,+0.02,38,418684,买盘
13:21:25,110.16,+3.54%,-0.02,6,66096,中性盘
13:21:28,110.16,+3.54%,--,8,88128,卖盘
13:21:31,110.16,+3.54%,--,10,110160,卖盘
13:21:34,110.1,+3.49%,-0.06,16,176160,卖盘
13:21:37,110.1,+3.49%,--,3,33030,卖盘
13:21:40,110.1,+3.49%,--,15,165150,卖盘
13:21:43,110.02,+3.41%,-0.08,5,60841,卖盘
13:21:46,110.02,+3.41%,--,11,121022,卖盘
13:21:49,110.1,+3.49%,+0.08,34,374340,买盘
13:21:52,110.09,+3.48%,-0.01,27,297243,买盘
13:21:55,110.0,+3.39%,-0.09,47,517000,卖盘
13:21:58,110.0,+3.39%,--,18,198000,买盘
13:22:01,109.87,+3.27%,-0.13,18,197766,卖盘
13:22:04,109.99,+3.38%,+0.12,4,43996,买盘
13:22:07,109.98,+3.37%,-0.01,19,208962,卖盘
13:22:10,109.87,+3.27%,-0.11,3,32961,中性盘
13:22:13,109.8,+3.21%,-0.07,27,296460,卖盘
13:22:16,109.85,+3.25%,+0.05,9,98865,买盘
13:22:19,109.8,+3.21%,-0.05,11,120780,中性盘
13:22:22,109.7,+3.11%,-0.1,51,559470,卖盘
13:22:25,109.71,+3.12%,+0.01,19,208449,卖盘
13:22:28,109.72,+3.13%,+0.01,21,230412,卖盘
13:22:31,109.75,+3.16%,+0.03,12,131700,中性盘
13:22:34,109.73,+3.14%,-0.02,14,153622,卖盘
13:22:37,109.76,+3.17%,+0.03,11,120736,卖盘
13:22:37,109.76,+3.17%,--,11,120736,中性盘
13:22:37,109.76,+3.17%,--,11,120736,卖盘
13:22:40,109.76,+3.17%,--,33,362208,卖盘
13:22:43,109.83,+3.23%,+0.07,37,406371,买盘
13:22:46,109.77,+3.18%,-0.06,1,10977,中性盘
13:22:49,109.81,+3.21%,+0.04,19,208639,买盘
13:22:52,109.85,+3.25%,+0.04,18,197730,买盘
13:22:55,109.81,+3.21%,-0.04,1,10981,卖盘
13:22:58,109.93,+3.33%,+0.12,44,483692,买盘
13:23:01,109.91,+3.31%,-0.02,3,32973,卖盘
13:23:04,109.97,+3.36%,+0.06,12,131964,买盘
13:23:07,109.93,+3.33%,-0.04,5,54965,卖盘
13:23:10,109.93,+3.33%,--,13,142909,卖盘
13:23:13,109.91,+3.31%,-0.02,34,373694,卖盘
13:23:16,109.87,+3.27%,-0.04,110,1208570,卖盘
13:23:19,109.8,+3.21%,-0.07,158,1734840,卖盘
13:23:22,109.8,+3.21%,--,76,834480,卖盘
13:23:25,109.75,+3.16%,-0.05,59,647525,卖盘
13:23:28,109.8,+3.21%,+0.05,118,1295640,买盘
13:23:31,109.75,+3.16%,-0.05,15,164625,买盘
13:23:34,109.72,+3.13%,-0.03,26,285272,卖盘
13:23:37,109.69,+3.10%,-0.03,90,987210,卖盘
13:23:40,109.69,+3.10%,--,25,274225,买盘
13:23:43,109.68,+3.09%,-0.01,8,87744,中性盘
13:23:46,109.67,+3.08%,-0.01,4,43868,中性盘
13:23:49,109.66,+3.07%,-0.01,9,98694,卖盘
13:23:52,109.66,+3.07%,--,175,1919050,卖盘
13:23:55,109.66,+3.07%,--,28,307048,买盘
13:23:58,109.63,+3.05%,-0.03,10,109630,卖盘
13:24:01,109.61,+3.03%,-0.02,5,54805,卖盘
13:24:04,109.61,+3.03%,--,6,65766,卖盘
13:24:07,109.63,+3.05%,+0.02,22,241186,中性盘
13:24:10,109.61,+3.03%,-0.02,5,54805,中性盘
13:24:13,109.61,+3.03%,--,44,482284,卖盘
13:24:16,109.61,+3.03%,--,9,98649,买盘
13:24:19,109.61,+3.03%,--,101,1107061,买盘
13:24:22,109.58,+3.00%,-0.03,47,515026,中性盘
13:24:25,109.5,+2.92%,-0.08,6,65700,卖盘
13:24:28,109.5,+2.92%,--,7,76650,卖盘
13:24:31,109.5,+2.92%,--,27,295650,卖盘
13:24:34,109.43,+2.86%,-0.07,12,131316,卖盘
13:24:37,109.47,+2.90%,+0.04,2,21894,卖盘
13:24:40,109.43,+2.86%,-0.04,12,131316,买盘
13:24:43,109.42,+2.85%,-0.01,3,32826,卖盘
13:24:46,109.43,+2.86%,+0.01,17,186031,买盘
13:24:49,109.4,+2.83%,-0.03,26,284440,卖盘
13:24:52,109.43,+2.86%,+0.03,52,569036,买盘
13:24:55,109.42,+2.85%,-0.01,4,43768,买盘
13:24:58,109.5,+2.92%,+0.08,10,109500,买盘
13:25:01,109.45,+2.88%,-0.05,23,251735,卖盘
13:25:04,109.47,+2.90%,+0.02,15,164205,买盘
13:25:07,109.43,+2.86%,-0.04,25,273575,卖盘
13:25:10,109.45,+2.88%,+0.02,33,361185,买盘
13:25:13,109.43,+2.86%,-0.02,25,273575,卖盘
13:25:16,109.5,+2.92%,+0.07,35,383250,买盘
13:25:19,109.47,+2.90%,-0.03,23,251781,卖盘
13:25:22,109.52,+2.94%,+0.05,37,405224,买盘
13:25:25,109.5,+2.92%,-0.02,41,448950,卖盘
13:25:28,109.49,+2.91%,-0.01,21,229929,卖盘
13:25:31,109.47,+2.90%,-0.02,27,295569,卖盘
13:25:34,109.47,+2.90%,--,34,372198,中性盘
13:25:37,109.43,+2.86%,-0.04,24,262632,卖盘
13:25:40,109.4,+2.83%,-0.03,73,798620,卖盘
13:25:43,109.43,+2.86%,+0.03,12,131316,买盘
13:25:46,109.4,+2.83%,-0.03,6,65640,卖盘
13:25:46,109.4,+2.83%,--,6,65640,中性盘
13:25:46,109.4,+2.83%,--,6,65640,卖盘
13:25:49,109.4,+2.83%,--,20,218800,卖盘
13:25:52,109.38,+2.81%,-0.02,45,492210,卖盘
13:25:55,109.38,+2.81%,--,7,76566,买盘
13:25:58,109.36,+2.79%,-0.02,4,43744,卖盘
13:26:01,109.36,+2.79%,--,25,273400,卖盘
13:26:04,109.36,+2.79%,--,10,109360,卖盘
13:26:07,109.35,+2.78%,-0.01,7,76545,卖盘
13:26:10,109.34,+2.77%,-0.01,6,65604,卖盘
13:26:13,109.33,+2.76%,-0.01,3,32799,卖盘
13:26:16,109.3,+2.74%,-0.03,14,153020,卖盘
13:26:19,109.33,+2.76%,+0.03,44,481052,买盘
13:26:22,109.28,+2.72%,-0.05,10,109280,卖盘
13:26:25,109.3,+2.74%,+0.02,20,218600,买盘
13:26:28,109.29,+2.73%,-0.01,20,218580,卖盘
13:26:31,109.28,+2.72%,-0.01,8,87424,卖盘
13:26:34,109.29,+2.73%,+0.01,8,87432,买盘
13:26:37,109.25,+2.69%,-0.04,8,87400,卖盘
13:26:40,109.28,+2.72%,+0.03,7,76496,买盘
13:26:43,109.28,+2.72%,--,1,10928,卖盘
13:26:46,109.29,+2.73%,+0.01,28,306012,买盘
13:26:49,109.28,+2.72%,-0.01,7,76496,卖盘
13:26:52,109.28,+2.72%,--,11,120208,买盘
13:26:55,109.3,+2.74%,+0.02,20,218819,买盘
13:26:58,109.25,+2.69%,-0.05,20,229207,卖盘
13:27:01,109.26,+2.70%,+0.01,5,54630,买盘
13:27:04,109.28,+2.72%,+0.02,22,240416,卖盘
13:27:07,109.26,+2.70%,-0.02,11,120186,卖盘
13:27:10,109.3,+2.74%,+0.04,33,360690,买盘
13:27:13,109.26,+2.70%,-0.04,16,174816,卖盘
13:27:16,109.26,+2.70%,--,107,1169082,卖盘
13:27:19,109.25,+2.69%,-0.01,23,251275,中性盘
13:27:22,109.2,+2.64%,-0.05,8,87360,卖盘
13:27:25,109.26,+2.70%,+0.06,10,109260,买盘
13:27:28,109.2,+2.64%,-0.06,9,98280,卖盘
13:27:31,109.2,+2.64%,--,16,174720,卖盘
13:27:34,109.2,+2.64%,--,24,262080,卖盘
13:27:37,109.19,+2.63%,-0.01,6,65514,卖盘
13:27:40,109.19,+2.63%,--,2,21838,卖盘
13:27:46,109.2,+2.64%,+0.01,5,54600,买盘
13:27:49,109.18,+2.62%,-0.02,6,65508,卖盘
13:27:52,109.19,+2.63%,+0.01,1,10919,买盘
13:27:55,109.18,+2.62%,-0.01,26,283868,卖盘
13:27:58,109.15,+2.59%,-0.03,45,491175,卖盘
13:28:01,109.14,+2.58%,-0.01,10,109140,卖盘
13:28:04,109.15,+2.59%,+0.01,1,10915,卖盘
13:28:07,109.15,+2.59%,--,7,76405,卖盘
13:28:10,109.15,+2.59%,--,9,98235,买盘
13:28:13,109.18,+2.62%,+0.03,25,272950,买盘
13:28:16,109.19,+2.63%,+0.01,60,655140,买盘
13:28:19,109.19,+2.63%,--,16,174704,买盘
13:28:22,109.19,+2.63%,--,11,120109,买盘
13:28:25,109.19,+2.63%,--,17,185623,买盘
13:28:28,109.17,+2.61%,-0.02,9,98253,卖盘
13:28:31,109.2,+2.64%,+0.03,23,251160,买盘
13:28:34,109.19,+2.63%,-0.01,11,120109,卖盘
13:28:38,109.2,+2.64%,+0.01,7,76440,买盘
13:28:40,109.19,+2.63%,-0.01,30,327570,卖盘
13:28:43,109.19,+2.63%,--,24,262056,卖盘
13:28:46,109.2,+2.64%,+0.01,59,644280,买盘
13:28:49,109.19,+2.63%,-0.01,16,174704,卖盘
13:28:52,109.19,+2.63%,--,11,120109,卖盘
13:28:52,109.19,+2.63%,--,11,120109,中性盘
13:28:55,109.35,+2.78%,+0.16,44,481140,买盘
13:28:58,109.35,+2.78%,--,52,568620,卖盘
13:29:01,109.18,+2.62%,-0.17,18,196524,卖盘
13:29:04,109.21,+2.65%,+0.03,100,1092100,中性盘
13:29:07,109.35,+2.78%,+0.14,34,371790,买盘
13:29:13,109.29,+2.73%,-0.06,26,284154,卖盘
13:29:16,109.33,+2.76%,+0.04,33,360789,中性盘
13:29:19,109.28,+2.72%,-0.05,13,142064,卖盘
13:29:22,109.22,+2.66%,-0.06,29,316738,卖盘
13:29:25,109.28,+2.72%,+0.06,79,863312,买盘
13:29:28,109.28,+2.72%,--,13,142064,卖盘
13:29:31,109.34,+2.77%,+0.06,17,185878,买盘
13:29:34,109.28,+2.72%,-0.06,27,295056,中性盘
13:29:37,109.29,+2.73%,+0.01,10,109290,卖盘
13:29:40,109.3,+2.74%,+0.01,11,120230,买盘
13:29:43,109.34,+2.77%,+0.04,7,76538,买盘
13:29:46,109.32,+2.75%,-0.02,20,218640,卖盘
13:29:49,109.32,+2.75%,--,34,371688,卖盘
13:29:52,109.38,+2.81%,+0.06,33,360954,买盘
13:29:55,109.3,+2.74%,-0.08,34,371620,卖盘
13:29:58,109.35,+2.78%,+0.05,9,98415,买盘
13:30:01,109.3,+2.74%,-0.05,62,677660,卖盘
13:30:04,109.36,+2.79%,+0.06,51,561564,买盘
13:30:07,109.3,+2.74%,-0.06,35,389655,卖盘
13:30:10,109.26,+2.70%,-0.04,37,404262,卖盘
13:30:13,109.2,+2.64%,-0.06,21,229320,卖盘
13:30:17,109.26,+2.70%,+0.06,21,229446,买盘
13:30:19,109.25,+2.69%,-0.01,92,1005100,买盘
13:30:22,109.18,+2.62%,-0.07,15,163770,卖盘
13:30:25,109.15,+2.59%,-0.03,74,807710,卖盘
13:30:28,109.18,+2.62%,+0.03,38,414884,买盘
13:30:31,109.1,+2.55%,-0.08,54,589140,卖盘
13:30:34,109.1,+2.55%,--,28,305480,卖盘
13:30:37,109.1,+2.55%,--,25,272750,卖盘
13:30:40,109.08,+2.53%,-0.02,22,239976,卖盘
13:30:43,109.06,+2.51%,-0.02,7,76342,卖盘
13:30:46,109.01,+2.46%,-0.05,62,675862,卖盘
13:30:49,109.02,+2.47%,+0.01,233,2540166,中性盘
13:30:52,109.0,+2.45%,-0.02,6,65400,卖盘
13:30:55,109.0,+2.45%,--,180,1970175,卖盘
13:30:58,108.98,+2.43%,-0.02,167,1819966,卖盘
13:31:01,108.99,+2.44%,+0.01,20,217980,买盘
13:31:04,108.96,+2.42%,-0.03,8,87168,卖盘
13:31:07,108.95,+2.41%,-0.01,13,141635,卖盘
13:31:10,108.91,+2.37%,-0.04,15,163365,卖盘
13:31:13,108.91,+2.37%,--,11,119801,卖盘
13:31:16,108.91,+2.37%,--,19,206929,卖盘
13:31:19,108.91,+2.37%,--,9,98019,买盘
13:31:22,108.9,+2.36%,-0.01,69,751410,卖盘
13:31:25,108.9,+2.36%,--,50,544500,卖盘
13:31:28,108.89,+2.35%,-0.01,14,152446,卖盘
13:31:31,108.9,+2.36%,+0.01,99,1078110,买盘
13:31:34,108.89,+2.35%,-0.01,91,990899,买盘
13:31:37,108.87,+2.33%,-0.02,46,500802,卖盘
13:31:40,108.9,+2.36%,+0.03,27,294030,中性盘
13:31:43,108.91,+2.37%,+0.01,50,544550,买盘
13:31:46,108.87,+2.33%,-0.04,54,587898,卖盘
13:31:49,108.87,+2.33%,--,31,337497,买盘
13:31:52,108.87,+2.33%,--,17,185079,买盘
13:31:55,108.8,+2.27%,-0.07,11,119680,中性盘
13:31:58,108.87,+2.33%,+0.07,31,337497,买盘
13:32:01,108.87,+2.33%,--,93,1012491,买盘
13:32:01,108.87,+2.33%,-0.08,93,1012491,中性盘
13:32:04,108.79,+2.26%,-0.08,27,293733,中性盘
13:32:07,108.78,+2.25%,-0.01,41,445998,卖盘
13:32:10,108.79,+2.26%,+0.01,82,892078,买盘
13:32:13,108.79,+2.26%,--,49,533071,卖盘
13:32:16,108.85,+2.31%,+0.06,18,195930,中性盘
13:32:19,108.85,+2.31%,--,5,54425,卖盘
13:32:22,108.86,+2.32%,+0.01,12,130632,买盘
13:32:25,108.85,+2.31%,-0.01,20,217700,卖盘
13:32:28,108.85,+2.31%,--,16,174160,卖盘
13:32:31,108.87,+2.33%,+0.02,37,402819,买盘
13:32:34,108.85,+2.31%,-0.02,19,206815,卖盘
13:32:37,108.85,+2.31%,--,39,424515,卖盘
13:32:40,108.86,+2.32%,+0.01,19,206834,买盘
13:32:43,108.87,+2.33%,+0.01,84,914508,买盘
13:32:46,108.9,+2.36%,+0.03,68,740520,买盘
13:32:49,108.91,+2.37%,+0.01,7,76237,买盘
13:32:52,108.95,+2.41%,+0.04,76,828020,买盘
13:32:55,108.95,+2.41%,--,31,337745,买盘
13:32:58,109.0,+2.45%,+0.05,94,1024600,买盘
13:33:01,109.0,+2.45%,--,8,87200,卖盘
13:33:04,109.0,+2.45%,--,32,348800,卖盘
13:33:07,109.02,+2.47%,+0.02,24,261648,买盘
13:33:13,109.07,+2.52%,+0.05,8,87256,买盘
13:33:16,109.05,+2.50%,-0.02,4,43620,买盘
13:33:19,109.07,+2.52%,+0.02,31,338117,买盘
13:33:22,109.04,+2.49%,-0.03,30,327120,卖盘
13:33:25,109.07,+2.52%,+0.03,14,152698,买盘
13:33:28,109.07,+2.52%,--,17,185419,买盘
13:33:31,109.07,+2.52%,--,5,54535,买盘
13:33:34,109.07,+2.52%,--,7,76349,买盘
13:33:37,109.07,+2.52%,--,55,599885,买盘
13:33:40,109.07,+2.52%,--,8,87256,卖盘
13:33:43,109.07,+2.52%,--,6,65442,买盘
13:33:46,109.06,+2.51%,-0.01,7,76342,卖盘
13:33:49,109.06,+2.51%,--,16,174496,卖盘
13:33:52,109.06,+2.51%,--,6,65436,买盘
13:33:55,109.04,+2.49%,-0.02,3,32712,卖盘
13:33:58,109.05,+2.50%,+0.01,8,87240,中性盘
13:34:01,109.02,+2.47%,-0.03,41,446982,卖盘
13:34:04,109.01,+2.46%,-0.01,12,130812,卖盘
13:34:07,109.0,+2.45%,-0.01,118,1286200,卖盘
13:34:10,109.01,+2.46%,+0.01,52,566852,买盘
13:34:13,109.0,+2.45%,-0.01,10,109000,买盘
13:34:16,109.0,+2.45%,--,20,218000,卖盘
13:34:19,109.01,+2.46%,+0.01,1,10901,买盘
13:34:22,109.0,+2.45%,-0.01,12,130800,卖盘
13:34:25,109.0,+2.45%,--,5,54500,卖盘
13:34:28,108.99,+2.44%,-0.01,37,403263,卖盘
13:34:31,108.99,+2.44%,--,12,130788,买盘
13:34:34,108.99,+2.44%,--,8,87192,买盘
13:34:37,109.0,+2.45%,+0.01,18,196200,买盘
13:34:40,108.99,+2.44%,-0.01,11,119889,卖盘
13:34:43,108.98,+2.43%,-0.01,34,370532,卖盘
13:34:49,108.98,+2.43%,--,17,185266,卖盘
13:34:52,108.98,+2.43%,--,4,43592,卖盘
13:34:55,108.98,+2.43%,--,5,54490,卖盘
13:34:58,108.98,+2.43%,--,2,21796,卖盘
13:35:01,108.98,+2.43%,--,18,196164,卖盘
13:35:04,108.98,+2.43%,--,31,337838,卖盘
13:35:07,108.98,+2.43%,--,3,32694,卖盘
13:35:10,109.0,+2.45%,+0.02,12,130800,买盘
13:35:10,109.0,+2.45%,--,12,130800,中性盘
13:35:13,109.0,+2.45%,--,9,98100,买盘
13:35:16,109.0,+2.45%,--,41,446900,买盘
13:35:19,108.99,+2.44%,-0.01,58,632142,卖盘
13:35:22,109.0,+2.45%,+0.01,21,228900,买盘
13:35:25,108.99,+2.44%,-0.01,46,501354,卖盘
13:35:28,108.99,+2.44%,--,25,272475,买盘
13:35:31,108.99,+2.44%,--,8,87192,卖盘
13:35:34,108.99,+2.44%,--,6,65394,卖盘
13:35:37,108.95,+2.41%,-0.04,87,947865,卖盘
13:35:40,108.95,+2.41%,--,46,501170,买盘
13:35:43,108.95,+2.41%,--,11,119845,买盘
13:35:46,108.95,+2.41%,--,24,261480,买盘
13:35:49,108.95,+2.41%,--,28,305060,买盘
13:35:55,108.95,+2.41%,--,3,32685,卖盘
13:35:58,108.99,+2.44%,+0.04,7,76293,买盘
13:36:01,109.0,+2.45%,+0.01,26,283400,买盘
13:36:07,109.03,+2.48%,+0.03,69,752307,买盘
13:36:10,109.03,+2.48%,--,25,272575,卖盘
13:36:13,109.03,+2.48%,--,16,174448,卖盘
13:36:16,109.06,+2.51%,+0.03,23,250838,买盘
13:36:19,109.06,+2.51%,--,10,109060,买盘
13:36:22,109.06,+2.51%,--,5,54530,买盘
13:36:25,109.06,+2.51%,--,4,43624,买盘
13:36:28,109.05,+2.50%,-0.01,5,54525,卖盘
13:36:31,109.07,+2.52%,+0.02,1,10907,买盘
13:36:34,109.05,+2.50%,-0.02,43,468915,卖盘
13:36:37,109.05,+2.50%,--,27,294435,买盘
13:36:40,109.05,+2.50%,--,46,501630,买盘
13:36:43,109.05,+2.50%,--,20,218100,买盘
13:36:46,109.04,+2.49%,-0.01,15,163560,卖盘
13:36:52,109.05,+2.50%,+0.01,3,32715,买盘
13:36:55,109.05,+2.50%,--,68,741540,买盘
13:36:58,109.04,+2.49%,-0.01,5,54520,中性盘
13:37:01,109.03,+2.48%,-0.01,7,76321,卖盘
13:37:04,109.04,+2.49%,+0.01,2,21808,中性盘
13:37:07,109.04,+2.49%,--,26,283504,卖盘
13:37:10,109.04,+2.49%,--,4,43616,卖盘
13:37:13,109.05,+2.50%,+0.01,31,338055,买盘
13:37:16,109.05,+2.50%,--,3,32715,买盘
13:37:19,109.04,+2.49%,-0.01,4,43616,卖盘
13:37:22,109.03,+2.48%,-0.01,8,87224,卖盘
13:37:25,109.03,+2.48%,--,6,65418,卖盘
13:37:34,109.03,+2.48%,--,5,54515,卖盘
13:37:37,109.03,+2.48%,--,1,10903,卖盘
13:37:40,109.03,+2.48%,--,4,43612,卖盘
13:37:43,109.05,+2.50%,+0.02,26,283530,买盘
13:37:46,109.05,+2.50%,--,55,599775,买盘
13:37:49,109.05,+2.50%,--,4,43620,卖盘
13:37:58,109.06,+2.51%,+0.01,6,65436,卖盘
13:38:01,109.07,+2.52%,+0.01,3,32721,买盘
13:38:04,109.05,+2.50%,-0.02,3,32715,卖盘
13:38:07,109.05,+2.50%,--,0,0,卖盘
13:38:10,109.07,+2.52%,+0.02,27,296452,买盘
13:38:13,109.07,+2.52%,--,1,10907,卖盘
13:38:16,109.06,+2.51%,-0.01,10,109060,卖盘
13:38:19,109.08,+2.53%,+0.02,2,21816,买盘
13:38:19,109.08,+2.53%,-0.01,2,21816,中性盘
13:38:22,109.07,+2.52%,-0.01,7,76349,卖盘
13:38:25,109.08,+2.53%,+0.01,11,119988,买盘
13:38:31,109.08,+2.53%,--,3,32724,卖盘
13:38:34,109.08,+2.53%,--,1,10908,卖盘
13:38:37,109.09,+2.54%,+0.01,4,43636,买盘
13:38:40,109.1,+2.55%,+0.01,12,130920,买盘
13:38:46,109.1,+2.55%,--,25,272750,买盘
13:38:49,109.09,+2.54%,-0.01,15,163635,卖盘
13:38:52,109.12,+2.57%,+0.03,1,10912,买盘
13:38:55,109.12,+2.57%,--,18,196416,买盘
13:38:58,109.15,+2.59%,+0.03,17,185555,买盘
13:39:01,109.15,+2.59%,--,3,32745,卖盘
13:39:04,109.15,+2.59%,--,0,0,卖盘
13:39:07,109.2,+2.64%,+0.05,5,54600,买盘
13:39:10,109.2,+2.64%,--,0,0,中性盘
13:39:13,109.12,+2.57%,-0.08,102,1113024,卖盘
13:39:16,109.2,+2.64%,+0.08,6,65520,卖盘
13:39:19,109.2,+2.64%,--,15,163800,买盘
13:39:22,109.2,+2.64%,--,19,207480,买盘
13:39:28,109.18,+2.62%,-0.02,5,54590,买盘
13:39:31,109.2,+2.64%,+0.02,50,546000,买盘
13:39:34,109.2,+2.64%,--,5,54600,买盘
13:39:37,109.2,+2.64%,--,0,0,买盘
13:39:40,109.2,+2.64%,--,9,98280,买盘
13:39:43,109.18,+2.62%,-0.02,36,393048,卖盘
13:39:46,109.15,+2.59%,-0.03,19,207385,卖盘
13:39:49,109.18,+2.62%,+0.03,7,76426,买盘
13:39:52,109.2,+2.64%,+0.02,62,677040,买盘
13:39:55,109.18,+2.62%,-0.02,33,360294,卖盘
13:39:58,109.2,+2.64%,+0.02,8,87360,买盘
13:40:01,109.25,+2.69%,+0.05,74,808450,买盘
13:40:04,109.25,+2.69%,--,2,21850,卖盘
13:40:07,109.25,+2.69%,--,174,1900950,卖盘
13:40:10,109.26,+2.70%,+0.01,42,458892,买盘
13:40:13,109.26,+2.70%,--,0,0,买盘
13:40:16,109.26,+2.70%,--,9,98334,买盘
13:40:19,109.2,+2.64%,-0.06,6,65520,卖盘
13:40:22,109.28,+2.72%,+0.08,18,196704,买盘
13:40:25,109.28,+2.72%,--,3,32784,买盘
13:40:28,109.28,+2.72%,--,8,87424,买盘
13:40:31,109.25,+2.69%,-0.03,2,21850,卖盘
13:40:34,109.22,+2.66%,-0.03,5,54610,卖盘
13:40:37,109.27,+2.71%,+0.05,12,131124,买盘
13:40:40,109.27,+2.71%,--,13,142051,买盘
13:40:43,109.21,+2.65%,-0.06,18,196578,卖盘
13:40:46,109.27,+2.71%,+0.06,1,10927,买盘
13:40:49,109.27,+2.71%,--,4,43708,卖盘
13:40:52,109.27,+2.71%,--,23,251321,卖盘
13:40:55,109.27,+2.71%,--,11,120197,买盘
13:40:58,109.25,+2.69%,-0.02,7,76475,中性盘
13:41:01,109.21,+2.65%,-0.04,19,207499,中性盘
13:41:04,109.25,+2.69%,+0.04,19,207575,买盘
13:41:07,109.16,+2.60%,-0.09,3,32748,卖盘
13:41:10,109.19,+2.63%,+0.03,13,141947,中性盘
13:41:13,109.19,+2.63%,--,26,283894,卖盘
13:41:16,109.2,+2.64%,+0.01,26,283920,买盘
13:41:19,109.19,+2.63%,-0.01,24,262056,卖盘
13:41:22,109.19,+2.63%,--,4,43676,卖盘
13:41:25,109.18,+2.62%,-0.01,25,272950,卖盘
13:41:28,109.18,+2.62%,--,15,163770,中性盘
13:41:28,109.18,+2.62%,--,15,163770,买盘
13:41:31,109.18,+2.62%,--,1,10918,买盘
13:41:34,109.17,+2.61%,-0.01,48,524016,买盘
13:41:37,109.17,+2.61%,--,5,54585,买盘
13:41:40,109.17,+2.61%,--,1,10917,卖盘
13:41:43,109.17,+2.61%,--,20,218340,卖盘
13:41:46,109.16,+2.60%,-0.01,5,54580,卖盘
13:41:49,109.15,+2.59%,-0.01,1,10915,卖盘
13:41:52,109.17,+2.61%,+0.02,17,185589,买盘
13:41:55,109.16,+2.60%,-0.01,2,21832,中性盘
13:41:58,109.13,+2.58%,-0.03,6,65478,中性盘
13:42:01,109.1,+2.55%,-0.03,42,458220,卖盘
13:42:04,109.12,+2.57%,+0.02,7,76384,中性盘
13:42:07,109.15,+2.59%,+0.03,34,371110,买盘
13:42:10,109.1,+2.55%,-0.05,6,65460,中性盘
13:42:13,109.1,+2.55%,--,2,21820,卖盘
13:42:16,109.1,+2.55%,--,1,10910,买盘
13:42:22,109.08,+2.53%,-0.02,4,43632,卖盘
13:42:25,109.09,+2.54%,+0.01,9,98181,买盘
13:42:28,109.09,+2.54%,--,0,0,买盘
13:42:31,109.06,+2.51%,-0.03,10,109060,卖盘
13:42:34,109.06,+2.51%,--,2,21812,卖盘
13:42:37,109.08,+2.53%,+0.02,31,338148,买盘
13:42:40,109.06,+2.51%,-0.02,22,239932,卖盘
13:42:43,109.05,+2.50%,-0.01,3,32715,卖盘
13:42:46,109.05,+2.50%,--,6,65430,卖盘
13:42:49,109.06,+2.51%,+0.01,4,52567,买盘
13:42:52,109.04,+2.49%,-0.02,6,65424,卖盘
13:42:58,109.03,+2.48%,-0.01,43,468829,卖盘
13:43:01,109.03,+2.48%,--,18,196254,卖盘
13:43:04,109.03,+2.48%,--,20,218060,卖盘
13:43:07,109.01,+2.46%,-0.02,87,948387,卖盘
13:43:10,109.01,+2.46%,--,53,577753,卖盘
13:43:13,108.99,+2.44%,-0.02,149,1623951,卖盘
13:43:16,108.98,+2.43%,-0.01,12,130776,卖盘
13:43:19,108.99,+2.44%,+0.01,19,207081,买盘
13:43:22,109.0,+2.45%,+0.01,37,403300,买盘
13:43:25,109.01,+2.46%,+0.01,45,490545,买盘
13:43:28,109.0,+2.45%,-0.01,11,119900,中性盘
13:43:31,108.91,+2.37%,-0.09,5,54455,卖盘
13:43:34,109.0,+2.45%,+0.09,26,283400,买盘
13:43:37,109.0,+2.45%,--,0,0,买盘
13:43:40,108.91,+2.37%,-0.09,10,108910,卖盘
13:43:43,109.0,+2.45%,+0.09,35,381500,买盘
13:43:46,108.93,+2.39%,-0.07,1,10893,卖盘
13:43:49,108.93,+2.39%,--,4,43572,卖盘
13:43:52,108.93,+2.39%,--,5,54465,卖盘
13:43:55,108.99,+2.44%,+0.06,17,185283,买盘
13:43:58,108.99,+2.44%,--,0,0,买盘
13:44:01,108.91,+2.37%,-0.08,6,65346,卖盘
13:44:04,108.95,+2.41%,+0.04,53,577435,买盘
13:44:07,108.93,+2.39%,-0.02,13,141609,中性盘
13:44:10,108.95,+2.41%,+0.02,32,348640,买盘
13:44:13,108.95,+2.41%,--,6,65370,买盘
13:44:16,108.95,+2.41%,--,5,54475,买盘
13:44:19,108.95,+2.41%,--,16,174320,买盘
13:44:22,108.95,+2.41%,--,9,98055,买盘
13:44:25,108.92,+2.38%,-0.03,13,141596,中性盘
13:44:28,108.91,+2.37%,-0.01,8,87128,卖盘
13:44:31,108.91,+2.37%,--,23,250493,卖盘
13:44:34,108.92,+2.38%,+0.01,16,174272,买盘
13:44:34,108.92,+2.38%,--,16,174272,中性盘
13:44:37,108.93,+2.39%,+0.01,4,43572,买盘
13:44:40,108.94,+2.40%,+0.01,7,76258,买盘
13:44:43,108.95,+2.41%,+0.01,61,664595,买盘
13:44:46,108.96,+2.42%,+0.01,10,108960,买盘
13:44:49,108.98,+2.43%,+0.02,8,87184,买盘
13:44:52,108.99,+2.44%,+0.01,12,130788,买盘
13:44:55,108.99,+2.44%,--,3,32697,卖盘
13:44:58,109.0,+2.45%,+0.01,4,43600,买盘
13:45:01,108.98,+2.43%,-0.02,1,10898,卖盘
13:45:04,109.0,+2.45%,+0.02,66,719400,买盘
13:45:07,108.97,+2.43%,-0.03,2,21794,卖盘
13:45:10,109.0,+2.45%,+0.03,12,130800,买盘
13:45:13,109.0,+2.45%,--,10,109000,买盘
13:45:16,109.0,+2.45%,--,11,119900,买盘
13:45:19,109.01,+2.46%,+0.01,68,741268,买盘
13:45:22,109.01,+2.46%,--,1,10901,卖盘
13:45:25,109.02,+2.47%,+0.01,1,10902,卖盘
13:45:28,109.02,+2.47%,--,2,21804,卖盘
13:45:31,109.04,+2.49%,+0.02,8,87232,买盘
13:45:37,109.05,+2.50%,+0.01,41,447105,买盘
13:45:40,109.06,+2.51%,+0.01,17,187365,买盘
13:45:43,109.08,+2.53%,+0.02,5,54540,买盘
13:45:46,109.08,+2.53%,--,9,98172,买盘
13:45:49,109.09,+2.54%,+0.01,32,349088,买盘
13:45:52,109.1,+2.55%,+0.01,25,272750,买盘
13:45:55,109.15,+2.59%,+0.05,18,196470,买盘
13:46:04,109.16,+2.60%,+0.01,21,229236,买盘
13:46:07,109.16,+2.60%,--,9,98244,卖盘
13:46:10,109.19,+2.63%,+0.03,12,131028,买盘
13:46:13,109.19,+2.63%,--,6,65514,买盘
13:46:16,109.2,+2.64%,+0.01,24,262080,买盘
13:46:19,109.21,+2.65%,+0.01,1,10921,买盘
13:46:22,109.23,+2.67%,+0.02,2,21846,买盘
13:46:25,109.22,+2.66%,-0.01,4,43688,买盘
13:46:28,109.23,+2.67%,+0.01,7,76461,买盘
13:46:31,109.25,+2.69%,+0.02,16,174800,买盘
13:46:34,109.25,+2.69%,--,0,0,买盘
13:46:37,109.25,+2.69%,--,11,120175,买盘
13:46:40,109.25,+2.69%,--,1,10925,卖盘
13:46:43,109.25,+2.69%,--,9,98325,卖盘
13:46:46,109.27,+2.71%,+0.02,28,305956,买盘
13:46:49,109.28,+2.72%,+0.01,9,98352,买盘
13:46:52,109.27,+2.71%,-0.01,2,21854,卖盘
13:46:55,109.28,+2.72%,+0.01,28,305984,买盘
13:46:58,109.29,+2.73%,+0.01,1,10929,买盘
13:47:01,109.29,+2.73%,--,5,54645,买盘
13:47:04,109.29,+2.73%,--,2,21858,卖盘
13:47:07,109.3,+2.74%,+0.01,26,284180,买盘
13:47:10,109.3,+2.74%,--,17,185810,中性盘
13:47:13,109.3,+2.74%,--,2,21860,卖盘
13:47:16,109.3,+2.74%,--,6,65580,卖盘
13:47:19,109.3,+2.74%,--,14,153020,卖盘
13:47:22,109.35,+2.78%,+0.05,23,251505,买盘
13:47:25,109.35,+2.78%,--,25,273375,买盘
13:47:28,109.31,+2.74%,-0.04,35,382585,卖盘
13:47:31,109.35,+2.78%,+0.04,67,732645,买盘
13:47:34,109.35,+2.78%,--,31,338985,卖盘
13:47:37,109.35,+2.78%,--,7,76545,卖盘
13:47:40,109.31,+2.74%,-0.04,3,32793,买盘
13:47:43,109.28,+2.72%,-0.03,24,262272,卖盘
13:47:43,109.28,+2.72%,-0.01,24,262272,中性盘
13:47:46,109.27,+2.71%,-0.01,12,131124,买盘
13:47:49,109.24,+2.68%,-0.03,7,76468,卖盘
13:47:52,109.27,+2.71%,+0.03,14,152978,买盘
13:47:55,109.23,+2.67%,-0.04,3,32769,卖盘
13:47:58,109.24,+2.68%,+0.01,7,76468,买盘
13:48:01,109.24,+2.68%,--,19,207556,买盘
13:48:04,109.24,+2.68%,--,19,207556,卖盘
13:48:07,109.27,+2.71%,+0.03,35,382445,买盘
13:48:10,109.2,+2.64%,-0.07,66,720720,卖盘
13:48:13,109.24,+2.68%,+0.04,9,98316,买盘
13:48:16,109.17,+2.61%,-0.07,1,10917,卖盘
13:48:19,109.18,+2.62%,+0.01,4,43672,中性盘
13:48:22,109.18,+2.62%,--,2,21836,买盘
13:48:25,109.18,+2.62%,--,0,0,买盘
13:48:28,109.16,+2.60%,-0.02,37,403892,卖盘
13:48:31,109.16,+2.60%,--,0,0,卖盘
13:48:34,109.18,+2.62%,+0.02,3,32754,买盘
13:48:37,109.16,+2.60%,-0.02,14,152824,卖盘
13:48:40,109.13,+2.58%,-0.03,6,65478,卖盘
13:48:46,109.13,+2.58%,--,1,10913,买盘
13:48:49,109.13,+2.58%,--,0,0,中性盘
13:48:52,109.1,+2.55%,-0.03,14,152740,卖盘
13:48:55,109.1,+2.55%,--,7,76370,卖盘
13:48:58,109.1,+2.55%,--,24,261840,买盘
13:49:01,109.08,+2.53%,-0.02,2,21816,卖盘
13:49:04,109.08,+2.53%,--,1,10908,买盘
13:49:07,109.06,+2.51%,-0.02,4,43624,卖盘
13:49:10,109.0,+2.45%,-0.06,15,163500,卖盘
13:49:13,109.1,+2.55%,+0.1,94,1025540,买盘
13:49:16,109.1,+2.55%,--,14,152740,卖盘
13:49:19,109.1,+2.55%,--,32,349120,卖盘
13:49:22,109.02,+2.47%,-0.08,7,76314,卖盘
13:49:28,109.0,+2.45%,-0.02,37,403300,卖盘
13:49:31,108.99,+2.44%,-0.01,7,76293,卖盘
13:49:34,108.99,+2.44%,--,19,207081,买盘
13:49:37,108.99,+2.44%,--,0,0,中性盘
13:49:40,109.0,+2.45%,+0.01,1,10900,买盘
13:49:43,108.98,+2.43%,-0.02,4,43592,卖盘
13:49:46,108.98,+2.43%,--,40,435920,卖盘
13:49:52,108.98,+2.43%,--,8,87184,买盘
13:49:55,108.98,+2.43%,--,21,228858,买盘
13:49:58,108.99,+2.44%,+0.01,18,196182,中性盘
13:50:01,108.98,+2.43%,-0.01,6,65388,卖盘
13:50:07,108.95,+2.41%,-0.03,4,43580,中性盘
13:50:10,108.98,+2.43%,+0.03,1,10898,买盘
13:50:16,108.91,+2.37%,-0.07,10,108910,卖盘
13:50:19,108.97,+2.43%,+0.06,12,130764,买盘
13:50:22,108.93,+2.39%,-0.04,2,21786,卖盘
13:50:25,108.97,+2.43%,+0.04,35,381395,买盘
13:50:28,108.9,+2.36%,-0.07,109,1187010,卖盘
13:50:31,108.9,+2.36%,--,5,54450,卖盘
13:50:37,108.9,+2.36%,--,3,32670,卖盘
13:50:40,108.9,+2.36%,--,45,490050,卖盘
13:50:43,108.88,+2.34%,-0.02,35,381080,卖盘
13:50:46,108.89,+2.35%,+0.01,28,304892,中性盘
13:50:49,108.86,+2.32%,-0.03,17,185062,卖盘
13:50:52,108.77,+2.24%,-0.09,128,1392256,卖盘
13:50:52,108.77,+2.24%,--,128,1392256,中性盘
13:50:55,108.87,+2.33%,+0.1,35,381045,买盘
13:50:58,108.87,+2.33%,--,12,130644,卖盘
13:51:01,108.77,+2.24%,-0.1,14,152278,卖盘
13:51:04,108.77,+2.24%,--,1,10877,卖盘
13:51:07,108.77,+2.24%,--,4,43508,卖盘
13:51:10,108.79,+2.26%,+0.02,11,119669,中性盘
13:51:13,108.77,+2.24%,-0.02,3,32631,卖盘
13:51:16,108.75,+2.22%,-0.02,10,108750,卖盘
13:51:19,108.77,+2.24%,+0.02,10,108770,买盘
13:51:22,108.77,+2.24%,--,56,609112,买盘
13:51:25,108.75,+2.22%,-0.02,14,152250,卖盘
13:51:28,108.73,+2.20%,-0.02,5,54365,卖盘
13:51:31,108.73,+2.20%,--,3,32619,中性盘
13:51:37,108.73,+2.20%,--,55,598015,卖盘
13:51:40,108.72,+2.19%,-0.01,9,97848,卖盘
13:51:43,108.71,+2.18%,-0.01,50,543550,卖盘
13:51:49,108.71,+2.18%,--,18,195678,卖盘
13:51:52,108.7,+2.17%,-0.01,34,369580,卖盘
13:51:55,108.71,+2.18%,+0.01,20,217420,买盘
13:51:58,108.71,+2.18%,--,25,271775,买盘
13:52:01,108.7,+2.17%,-0.01,47,510890,卖盘
13:52:04,108.7,+2.17%,--,42,456540,卖盘
13:52:10,108.69,+2.16%,-0.01,10,108690,买盘
13:52:13,108.68,+2.15%,-0.01,13,141284,卖盘
13:52:16,108.68,+2.15%,--,55,597740,买盘
13:52:19,108.68,+2.15%,--,14,152152,买盘
13:52:22,108.67,+2.14%,-0.01,49,532483,卖盘
13:52:25,108.66,+2.13%,-0.01,16,173856,卖盘
13:52:28,108.66,+2.13%,--,9,97794,卖盘
13:52:31,108.66,+2.13%,--,23,249918,中性盘
13:52:34,108.67,+2.14%,+0.01,7,76069,买盘
13:52:37,108.66,+2.13%,-0.01,31,336846,卖盘
13:52:40,108.66,+2.13%,--,3,32598,卖盘
13:52:43,108.68,+2.15%,+0.02,20,217360,买盘
13:52:46,108.62,+2.10%,-0.06,27,293274,卖盘
13:52:49,108.69,+2.16%,+0.07,22,239118,买盘
13:52:52,108.69,+2.16%,--,11,119559,卖盘
13:52:58,108.7,+2.17%,+0.01,29,315230,买盘
13:53:01,108.69,+2.16%,-0.01,2,21738,中性盘
13:53:04,108.69,+2.16%,--,27,293463,买盘
13:53:07,108.68,+2.15%,-0.01,46,499928,卖盘
13:53:10,108.68,+2.15%,--,17,184756,卖盘
13:53:13,108.69,+2.16%,+0.01,18,195642,买盘
13:53:16,108.7,+2.17%,+0.01,18,195660,买盘
13:53:19,108.69,+2.16%,-0.01,11,119559,卖盘
13:53:22,108.69,+2.16%,--,7,76083,卖盘
13:53:25,108.7,+2.17%,+0.01,6,65220,中性盘
13:53:28,108.71,+2.18%,+0.01,11,119581,买盘
13:53:31,108.7,+2.17%,-0.01,5,54350,卖盘
13:53:34,108.71,+2.18%,+0.01,1,10871,买盘
13:53:37,108.7,+2.17%,-0.01,8,86960,卖盘
13:53:40,108.71,+2.18%,+0.01,5,54355,买盘
13:53:43,108.7,+2.17%,-0.01,28,304360,卖盘
13:53:46,108.71,+2.18%,+0.01,44,478324,买盘
13:53:49,108.7,+2.17%,-0.01,6,65220,卖盘
13:53:52,108.7,+2.17%,--,6,65220,卖盘
13:53:55,108.7,+2.17%,--,89,967430,买盘
13:53:58,108.7,+2.17%,--,14,152180,卖盘
13:54:01,108.69,+2.16%,-0.01,29,315201,卖盘
13:54:01,108.69,+2.16%,-0.01,29,315201,中性盘
13:54:04,108.68,+2.15%,-0.01,21,228228,卖盘
13:54:07,108.68,+2.15%,--,15,163020,卖盘
13:54:10,108.67,+2.14%,-0.01,6,65202,卖盘
13:54:13,108.6,+2.08%,-0.07,105,1140300,卖盘
13:54:16,108.68,+2.15%,+0.08,20,217360,买盘
13:54:19,108.6,+2.08%,-0.08,48,521280,卖盘
13:54:22,108.61,+2.09%,+0.01,4,43444,买盘
13:54:25,108.61,+2.09%,--,22,238942,卖盘
13:54:28,108.61,+2.09%,--,12,130332,买盘
13:54:31,108.59,+2.07%,-0.02,64,694976,卖盘
13:54:34,108.58,+2.06%,-0.01,43,466894,卖盘
13:54:37,108.58,+2.06%,--,19,206302,卖盘
13:54:40,108.59,+2.07%,+0.01,35,380065,买盘
13:54:43,108.58,+2.06%,-0.01,31,336598,买盘
13:54:46,108.58,+2.06%,--,17,184586,买盘
13:54:49,108.56,+2.04%,-0.02,11,119416,卖盘
13:54:52,108.56,+2.04%,--,7,75992,卖盘
13:54:55,108.55,+2.03%,-0.01,30,325650,卖盘
13:54:58,108.55,+2.03%,--,3,32565,卖盘
13:55:01,108.54,+2.02%,-0.01,4,43416,卖盘
13:55:04,108.54,+2.02%,--,1,10854,卖盘
13:55:07,108.54,+2.02%,--,69,748926,买盘
13:55:10,108.52,+2.00%,-0.02,2,21704,中性盘
13:55:13,108.53,+2.01%,+0.01,112,1215536,买盘
13:55:16,108.51,+1.99%,-0.02,27,292977,卖盘
13:55:19,108.51,+1.99%,--,8,86808,买盘
13:55:22,108.5,+1.98%,-0.01,82,889700,卖盘
13:55:25,108.4,+1.89%,-0.1,102,1105680,卖盘
13:55:28,108.41,+1.90%,+0.01,65,704665,买盘
13:55:31,108.41,+1.90%,--,8,86728,卖盘
13:55:34,108.4,+1.89%,-0.01,4,43360,卖盘
13:55:37,108.4,+1.89%,--,18,195120,卖盘
13:55:40,108.4,+1.89%,--,17,184280,卖盘
13:55:43,108.39,+1.88%,-0.01,48,520272,中性盘
13:55:46,108.38,+1.87%,-0.01,72,780336,卖盘
13:55:49,108.38,+1.87%,--,24,260112,卖盘
13:55:52,108.4,+1.89%,+0.02,36,390240,买盘
13:55:55,108.45,+1.94%,+0.05,203,2201535,买盘
13:55:58,108.41,+1.90%,-0.04,7,75887,中性盘
13:56:01,108.39,+1.88%,-0.02,38,411882,卖盘
13:56:04,108.38,+1.87%,-0.01,18,195084,卖盘
13:56:07,108.4,+1.89%,+0.02,42,455280,买盘
13:56:10,108.4,+1.89%,--,34,368560,买盘
13:56:13,108.4,+1.89%,--,10,108400,买盘
13:56:16,108.4,+1.89%,--,46,498640,买盘
13:56:19,108.4,+1.89%,--,11,119240,买盘
13:56:22,108.41,+1.90%,+0.01,28,303548,买盘
13:56:25,108.4,+1.89%,-0.01,194,2102960,卖盘
13:56:28,108.45,+1.94%,+0.05,8,86760,买盘
13:56:31,108.42,+1.91%,-0.03,5,54210,卖盘
13:56:34,108.48,+1.96%,+0.06,14,151872,买盘
13:56:37,108.42,+1.91%,-0.06,6,65052,卖盘
13:56:40,108.48,+1.96%,+0.06,6,65088,买盘
13:56:46,108.48,+1.96%,--,11,119328,买盘
13:56:49,108.41,+1.90%,-0.07,73,791393,卖盘
13:56:52,108.5,+1.98%,+0.09,26,282100,买盘
13:56:55,108.45,+1.94%,-0.05,11,119295,卖盘
13:56:58,108.41,+1.90%,-0.04,26,281866,卖盘
13:57:01,108.45,+1.94%,+0.04,15,162675,买盘
13:57:04,108.46,+1.95%,+0.01,14,151844,买盘
13:57:07,108.45,+1.94%,-0.01,12,130140,卖盘
13:57:10,108.48,+1.96%,+0.03,4,43392,买盘
13:57:10,108.48,+1.96%,--,4,43392,中性盘
13:57:10,108.48,+1.96%,--,4,43392,卖盘
13:57:13,108.45,+1.94%,-0.03,24,260280,卖盘
13:57:16,108.49,+1.97%,+0.04,8,86792,买盘
13:57:19,108.49,+1.97%,--,0,0,买盘
13:57:25,108.47,+1.96%,-0.02,25,271175,卖盘
13:57:28,108.45,+1.94%,-0.02,25,271125,卖盘
13:57:31,108.47,+1.96%,+0.02,15,162705,买盘
13:57:34,108.46,+1.95%,-0.01,1,10846,买盘
13:57:37,108.47,+1.96%,+0.01,18,195246,买盘
13:57:40,108.46,+1.95%,-0.01,8,86768,卖盘
13:57:43,108.47,+1.96%,+0.01,13,141011,买盘
13:57:46,108.46,+1.95%,-0.01,2,21692,中性盘
13:57:49,108.45,+1.94%,-0.01,37,401265,卖盘
13:57:52,108.46,+1.95%,+0.01,13,140998,中性盘
13:57:58,108.47,+1.96%,+0.01,44,477268,买盘
13:58:04,108.46,+1.95%,-0.01,61,661606,卖盘
13:58:07,108.47,+1.96%,+0.01,28,303716,买盘
13:58:10,108.47,+1.96%,--,25,271175,买盘
13:58:13,108.47,+1.96%,--,40,433880,买盘
13:58:16,108.47,+1.96%,--,24,260328,买盘
13:58:19,108.47,+1.96%,--,16,173552,买盘
13:58:22,108.47,+1.96%,--,13,141011,买盘
13:58:25,108.47,+1.96%,--,20,216940,买盘
13:58:28,108.49,+1.97%,+0.02,2,21698,买盘
13:58:31,108.47,+1.96%,-0.02,6,65082,卖盘
13:58:34,108.48,+1.96%,+0.01,4,43392,卖盘
13:58:37,108.49,+1.97%,+0.01,4,43396,买盘
13:58:43,108.5,+1.98%,+0.01,2,21700,买盘
13:58:46,108.5,+1.98%,--,3,32550,买盘
13:58:52,108.52,+2.00%,+0.02,3,32556,买盘
13:58:55,108.52,+2.00%,--,1,10852,买盘
13:58:58,108.54,+2.02%,+0.02,6,65124,买盘
13:59:01,108.55,+2.03%,+0.01,4,43420,买盘
13:59:04,108.55,+2.03%,--,16,173680,买盘
13:59:07,108.55,+2.03%,--,5,54275,买盘
13:59:10,108.56,+2.04%,+0.01,11,119416,买盘
13:59:13,108.56,+2.04%,--,9,97704,买盘
13:59:19,108.58,+2.06%,+0.02,1,10858,买盘
13:59:22,108.59,+2.07%,+0.01,21,228039,买盘
13:59:28,108.59,+2.07%,--,26,282334,买盘
13:59:31,108.6,+2.08%,+0.01,2,21720,买盘
13:59:34,108.6,+2.08%,--,4,43440,买盘
13:59:37,108.59,+2.07%,-0.01,3,32577,卖盘
13:59:40,108.6,+2.08%,+0.01,10,108600,中性盘
13:59:43,108.68,+2.15%,+0.08,30,326040,买盘
13:59:46,108.7,+2.17%,+0.02,10,108700,买盘
13:59:52,108.7,+2.17%,--,3,32610,卖盘
13:59:55,108.71,+2.18%,+0.01,7,76097,买盘
13:59:58,108.71,+2.18%,--,7,76097,买盘
14:00:01,108.75,+2.22%,+0.04,7,76125,买盘
14:00:04,108.75,+2.22%,--,10,108750,卖盘
14:00:07,108.63,+2.11%,-0.12,76,825588,卖盘
14:00:10,108.59,+2.07%,-0.04,25,271475,卖盘
14:00:13,108.67,+2.14%,+0.08,11,119537,买盘
14:00:16,108.68,+2.15%,+0.01,54,586872,买盘
14:00:19,108.6,+2.08%,-0.08,14,152040,卖盘
14:00:19,108.6,+2.08%,--,14,152040,中性盘
14:00:19,108.6,+2.08%,--,14,152040,卖盘
14:00:22,108.6,+2.08%,--,17,184620,卖盘
14:00:25,108.67,+2.14%,+0.07,4,43468,买盘
14:00:31,108.67,+2.14%,--,2,21734,买盘
14:00:34,108.67,+2.14%,--,28,304276,买盘
14:00:37,108.67,+2.14%,--,6,65202,卖盘
14:00:40,108.67,+2.14%,--,5,54335,买盘
14:00:43,108.75,+2.22%,+0.08,34,369750,买盘
14:00:46,108.67,+2.14%,-0.08,21,228207,卖盘
14:00:52,108.67,+2.14%,--,1,10867,卖盘
14:01:01,108.68,+2.15%,+0.01,3,32604,卖盘
14:01:04,108.67,+2.14%,-0.01,13,141271,卖盘
14:01:07,108.72,+2.19%,+0.05,33,358776,买盘
14:01:10,108.68,+2.15%,-0.04,27,293436,卖盘
14:01:13,108.73,+2.20%,+0.05,25,271825,买盘
14:01:16,108.74,+2.21%,+0.01,3,32622,买盘
14:01:19,108.74,+2.21%,--,0,0,买盘
14:01:22,108.72,+2.19%,-0.02,3,32616,买盘
14:01:25,108.7,+2.17%,-0.02,1,10870,中性盘
14:01:31,108.7,+2.17%,--,9,97830,买盘
14:01:34,108.69,+2.16%,-0.01,21,228249,卖盘
14:01:37,108.68,+2.15%,-0.01,5,54340,卖盘
14:01:40,108.6,+2.08%,-0.08,118,1281480,卖盘
14:01:43,108.58,+2.06%,-0.02,14,152012,卖盘
14:01:46,108.6,+2.08%,+0.02,3,32580,买盘
14:01:52,108.6,+2.08%,--,13,141180,买盘
14:01:55,108.58,+2.06%,-0.02,11,119438,卖盘
14:01:58,108.59,+2.07%,+0.01,2,21718,中性盘
14:02:01,108.58,+2.06%,-0.01,23,249734,卖盘
14:02:04,108.58,+2.06%,--,0,0,卖盘
14:02:10,108.58,+2.06%,--,2,21716,卖盘
14:02:13,108.59,+2.07%,+0.01,5,54295,买盘
14:02:16,108.58,+2.06%,-0.01,10,108580,卖盘
14:02:22,108.58,+2.06%,--,11,119438,卖盘
14:02:25,108.57,+2.05%,-0.01,10,108570,卖盘
14:02:31,108.58,+2.06%,+0.01,14,152012,买盘
14:02:34,108.58,+2.06%,--,0,0,买盘
14:02:37,108.57,+2.05%,-0.01,3,32571,买盘
14:02:40,108.56,+2.04%,-0.01,9,97704,卖盘
14:02:43,108.55,+2.03%,-0.01,27,293085,卖盘
14:02:46,108.55,+2.03%,--,25,271375,卖盘
14:02:49,108.53,+2.01%,-0.02,2,21706,卖盘
14:02:52,108.54,+2.02%,+0.01,3,32562,买盘
14:02:55,108.52,+2.00%,-0.02,24,260448,卖盘
14:02:58,108.52,+2.00%,--,4,43408,中性盘
14:03:01,108.5,+1.98%,-0.02,22,238700,卖盘
14:03:07,108.49,+1.97%,-0.01,30,325470,卖盘
14:03:10,108.5,+1.98%,+0.01,8,86800,买盘
14:03:13,108.49,+1.97%,-0.01,1,10849,卖盘
14:03:16,108.49,+1.97%,--,8,86792,卖盘
14:03:19,108.49,+1.97%,--,30,325470,卖盘
14:03:22,108.49,+1.97%,--,3,32547,买盘
14:03:25,108.49,+1.97%,--,14,151886,买盘
14:03:25,108.49,+1.97%,--,14,151886,中性盘
14:03:31,108.49,+1.97%,--,1,10849,卖盘
14:03:34,108.48,+1.96%,-0.01,4,43392,卖盘
14:03:37,108.48,+1.96%,--,2,21696,卖盘
14:03:43,108.47,+1.96%,--,2,21694,卖盘
14:03:46,108.47,+1.96%,--,26,282022,卖盘
14:03:49,108.47,+1.96%,--,5,54235,卖盘
14:03:52,108.48,+1.96%,+0.01,27,292896,买盘
14:03:55,108.48,+1.96%,--,1,10848,卖盘
14:03:58,108.48,+1.96%,--,14,151872,卖盘
14:04:01,108.47,+1.96%,-0.01,3,32541,卖盘
14:04:04,108.47,+1.96%,--,2,21694,买盘
14:04:07,108.47,+1.96%,--,17,184399,买盘
14:04:10,108.46,+1.95%,-0.01,12,130152,卖盘
14:04:13,108.47,+1.96%,+0.01,109,1182323,买盘
14:04:16,108.45,+1.94%,-0.02,38,412110,卖盘
14:04:19,108.45,+1.94%,--,4,43380,买盘
14:04:22,108.45,+1.94%,--,35,379575,买盘
14:04:25,108.43,+1.92%,-0.02,3,32529,中性盘
14:04:28,108.43,+1.92%,--,8,86744,买盘
14:04:31,108.41,+1.90%,-0.02,3,32523,卖盘
14:04:34,108.41,+1.90%,--,14,151774,卖盘
14:04:37,108.41,+1.90%,--,13,140933,卖盘
14:04:40,108.41,+1.90%,--,16,173456,卖盘
14:04:43,108.41,+1.90%,--,7,75887,卖盘
14:04:46,108.4,+1.89%,-0.01,1,10840,卖盘
14:04:49,108.41,+1.90%,+0.01,7,75887,买盘
14:04:52,108.41,+1.90%,--,33,357753,买盘
14:04:55,108.4,+1.89%,-0.01,82,888880,卖盘
14:04:58,108.4,+1.89%,--,17,184280,买盘
14:05:01,108.4,+1.89%,--,2,21680,买盘
14:05:04,108.38,+1.87%,-0.02,6,65028,卖盘
14:05:07,108.37,+1.86%,-0.01,2,21674,卖盘
14:05:10,108.37,+1.86%,--,1,10837,卖盘
14:05:13,108.36,+1.85%,-0.01,2,21672,卖盘
14:05:16,108.36,+1.85%,--,3,32508,卖盘
14:05:19,108.36,+1.85%,--,7,75852,卖盘
14:05:22,108.35,+1.84%,-0.01,44,476740,卖盘
14:05:25,108.35,+1.84%,--,7,75845,卖盘
14:05:28,108.35,+1.84%,--,8,86680,买盘
14:05:31,108.34,+1.83%,-0.01,7,75838,卖盘
14:05:34,108.33,+1.82%,-0.01,94,1018302,卖盘
14:05:37,108.3,+1.80%,-0.03,11,119130,卖盘
14:05:40,108.3,+1.80%,--,7,75810,卖盘
14:05:43,108.28,+1.78%,-0.02,6,64968,卖盘
14:05:46,108.28,+1.78%,--,16,173248,卖盘
14:05:49,108.28,+1.78%,--,5,54140,卖盘
14:05:52,108.26,+1.76%,-0.02,36,389736,卖盘
14:05:55,108.26,+1.76%,--,13,140738,卖盘
14:05:58,108.24,+1.74%,-0.02,37,400488,卖盘
14:06:01,108.22,+1.72%,-0.02,9,97398,卖盘
14:06:04,108.22,+1.72%,--,11,119042,卖盘
14:06:07,108.21,+1.71%,-0.01,11,119031,卖盘
14:06:10,108.21,+1.71%,--,10,108210,卖盘
14:06:14,108.21,+1.71%,--,16,173136,卖盘
14:06:16,108.2,+1.70%,-0.01,18,194760,卖盘
14:06:19,108.23,+1.73%,+0.03,12,129876,买盘
14:06:22,108.23,+1.73%,--,60,649380,买盘
14:06:25,108.23,+1.73%,--,21,227283,卖盘
14:06:28,108.23,+1.73%,--,39,422097,买盘
14:06:31,108.23,+1.73%,--,20,216460,卖盘
14:06:34,108.25,+1.75%,+0.02,15,162375,买盘
14:06:34,108.25,+1.75%,--,15,162375,中性盘
14:06:37,108.25,+1.75%,--,12,129900,买盘
14:06:40,108.26,+1.76%,+0.01,10,108260,买盘
14:06:43,108.28,+1.78%,+0.02,10,108280,买盘
14:06:46,108.3,+1.80%,+0.02,6,64980,卖盘
14:06:49,108.34,+1.83%,+0.04,19,205846,买盘
14:06:52,108.31,+1.80%,-0.03,7,75817,卖盘
14:06:55,108.34,+1.83%,+0.03,14,151676,买盘
14:06:58,108.35,+1.84%,+0.01,24,260040,买盘
14:07:01,108.34,+1.83%,-0.01,24,260016,卖盘
14:07:04,108.35,+1.84%,+0.01,21,227535,买盘
14:07:07,108.34,+1.83%,-0.01,20,216680,卖盘
14:07:10,108.37,+1.86%,+0.03,5,54185,买盘
14:07:13,108.35,+1.84%,-0.02,12,130020,卖盘
14:07:16,108.37,+1.86%,+0.02,2,21674,中性盘
14:07:19,108.38,+1.87%,+0.01,14,151732,买盘
14:07:22,108.4,+1.89%,+0.02,2,21680,买盘
14:07:25,108.38,+1.87%,-0.02,8,86704,卖盘
14:07:28,108.4,+1.89%,+0.02,109,1181560,买盘
14:07:31,108.4,+1.89%,--,13,140920,买盘
14:07:34,108.4,+1.89%,--,42,455280,卖盘
14:07:37,108.41,+1.90%,+0.01,14,151774,买盘
14:07:40,108.41,+1.90%,--,18,195138,买盘
14:07:43,108.42,+1.91%,+0.01,15,162630,买盘
14:07:46,108.42,+1.91%,--,31,336102,买盘
14:07:49,108.42,+1.91%,--,39,422838,买盘
14:07:52,108.4,+1.89%,-0.02,22,238480,卖盘
14:07:55,108.42,+1.91%,+0.02,31,336210,买盘
14:07:58,108.42,+1.91%,--,28,303576,买盘
14:08:01,108.41,+1.90%,-0.01,27,292707,中性盘
14:08:04,108.42,+1.91%,+0.01,23,249366,买盘
14:08:07,108.4,+1.89%,-0.02,56,607040,卖盘
14:08:10,108.4,+1.89%,--,48,520320,买盘
14:08:13,108.39,+1.88%,-0.01,20,216780,卖盘
14:08:16,108.4,+1.89%,+0.01,16,184172,买盘
14:08:19,108.38,+1.87%,-0.02,3,32514,卖盘
14:08:22,108.36,+1.85%,-0.02,17,184212,卖盘
14:08:25,108.35,+1.84%,-0.01,16,173360,卖盘
14:08:28,108.39,+1.88%,+0.04,4,43356,买盘
14:08:31,108.36,+1.85%,-0.03,5,54180,买盘
14:08:34,108.35,+1.84%,-0.01,8,87980,卖盘
14:08:37,108.36,+1.85%,+0.01,21,227556,买盘
14:08:40,108.39,+1.88%,+0.03,2,21678,买盘
14:08:43,108.36,+1.85%,-0.03,10,108360,卖盘
14:08:46,108.36,+1.85%,--,16,173376,卖盘
14:08:49,108.35,+1.84%,-0.01,4,43340,卖盘
14:08:52,108.35,+1.84%,--,19,205865,卖盘
14:08:55,108.35,+1.84%,--,20,216700,卖盘
14:08:58,108.36,+1.85%,+0.01,6,65016,买盘
14:09:01,108.35,+1.84%,-0.01,8,86680,卖盘
14:09:04,108.35,+1.84%,--,12,130020,卖盘
14:09:07,108.39,+1.88%,+0.04,13,140907,买盘
14:09:10,108.36,+1.85%,-0.03,2,21672,中性盘
14:09:13,108.36,+1.85%,--,3,32508,买盘
14:09:16,108.39,+1.88%,+0.03,10,108390,买盘
14:09:19,108.36,+1.85%,-0.03,2,21672,卖盘
14:09:22,108.39,+1.88%,+0.03,4,43356,买盘
14:09:25,108.38,+1.87%,-0.01,5,54190,买盘
14:09:28,108.4,+1.89%,+0.02,58,628828,买盘
14:09:31,108.4,+1.89%,--,4,43360,卖盘
14:09:34,108.38,+1.87%,-0.02,14,162462,卖盘
14:09:37,108.37,+1.86%,-0.01,21,227577,卖盘
14:09:40,108.4,+1.89%,+0.03,2,21680,买盘
14:09:43,108.42,+1.91%,+0.02,19,206106,买盘
14:09:43,108.42,+1.91%,--,19,206106,中性盘
14:09:46,108.42,+1.91%,--,5,64944,卖盘
14:09:49,108.4,+1.89%,-0.02,1,10840,卖盘
14:09:52,108.42,+1.91%,+0.02,1,10842,买盘
14:09:55,108.42,+1.91%,--,3,32526,买盘
14:09:58,108.42,+1.91%,--,8,86736,买盘
14:10:01,108.42,+1.91%,--,8,86736,卖盘
14:10:07,108.43,+1.92%,+0.01,3,32529,买盘
14:10:10,108.42,+1.91%,-0.01,9,97578,卖盘
14:10:13,108.41,+1.90%,-0.01,15,162615,卖盘
14:10:16,108.42,+1.91%,+0.01,204,2211768,买盘
14:10:19,108.4,+1.89%,-0.02,2,21680,卖盘
14:10:22,108.4,+1.89%,--,30,325200,卖盘
14:10:25,108.37,+1.86%,-0.03,201,2178237,卖盘
14:10:28,108.37,+1.86%,--,42,455154,卖盘
14:10:31,108.37,+1.86%,--,60,650220,卖盘
14:10:34,108.4,+1.89%,+0.03,27,292680,买盘
14:10:37,108.35,+1.84%,-0.05,11,128720,卖盘
14:10:40,108.35,+1.84%,--,0,1300,买盘
14:10:43,108.34,+1.83%,-0.01,15,172044,卖盘
14:10:46,108.33,+1.82%,-0.01,18,194994,卖盘
14:10:49,108.33,+1.82%,--,1,10833,卖盘
14:10:52,108.33,+1.82%,--,4,43332,卖盘
14:10:55,108.33,+1.82%,--,32,346656,买盘
14:10:58,108.32,+1.81%,-0.01,1,10832,买盘
14:11:01,108.33,+1.82%,+0.01,19,205827,买盘
14:11:04,108.33,+1.82%,--,0,0,买盘
14:11:07,108.32,+1.81%,-0.01,5,54160,买盘
14:11:10,108.32,+1.81%,--,2,21664,中性盘
14:11:13,108.34,+1.83%,+0.02,36,390024,买盘
14:11:16,108.31,+1.80%,-0.03,9,97479,卖盘
14:11:19,108.32,+1.81%,+0.01,4,43328,买盘
14:11:22,108.31,+1.80%,-0.01,1,10831,中性盘
14:11:25,108.3,+1.80%,-0.01,18,194940,卖盘
14:11:28,108.31,+1.80%,+0.01,3,32493,买盘
14:11:34,108.32,+1.81%,+0.01,3,32496,买盘
14:11:37,108.32,+1.81%,--,3,32496,买盘
14:11:43,108.31,+1.80%,--,6,64986,卖盘
14:11:46,108.32,+1.81%,+0.01,16,173312,买盘
14:11:49,108.32,+1.81%,--,15,162480,买盘
14:11:52,108.31,+1.80%,-0.01,6,64986,卖盘
14:11:55,108.33,+1.82%,+0.02,155,1680415,中性盘
14:11:58,108.33,+1.82%,--,55,595815,卖盘
14:12:01,108.32,+1.81%,-0.01,2,21664,卖盘
14:12:04,108.32,+1.81%,--,61,660752,卖盘
14:12:07,108.31,+1.80%,-0.01,22,238282,卖盘
14:12:10,108.32,+1.81%,+0.01,31,335792,买盘
14:12:13,108.32,+1.81%,--,26,281632,买盘
14:12:16,108.31,+1.80%,-0.01,3,32493,卖盘
14:12:19,108.31,+1.80%,--,0,0,卖盘
14:12:22,108.33,+1.82%,+0.02,15,162495,买盘
14:12:25,108.32,+1.81%,-0.01,4,43328,卖盘
14:12:28,108.32,+1.81%,--,14,151648,卖盘
14:12:31,108.33,+1.82%,+0.01,17,184161,买盘
14:12:34,108.33,+1.82%,--,26,281658,买盘
14:12:37,108.39,+1.88%,+0.06,1,10839,卖盘
14:12:40,108.4,+1.89%,+0.01,57,617880,买盘
14:12:43,108.4,+1.89%,--,7,75880,卖盘
14:12:46,108.39,+1.88%,-0.01,24,260136,中性盘
14:12:49,108.4,+1.89%,+0.01,3,32520,买盘
14:12:52,108.44,+1.93%,+0.04,22,238568,买盘
14:12:52,108.44,+1.93%,-0.02,22,238568,中性盘
14:12:55,108.42,+1.91%,-0.02,14,151788,卖盘
14:12:58,108.45,+1.94%,+0.03,6,65070,买盘
14:13:01,108.45,+1.94%,--,0,0,买盘
14:13:04,108.45,+1.94%,--,27,292815,买盘
14:13:07,108.45,+1.94%,--,10,108450,卖盘
14:13:10,108.46,+1.95%,+0.01,11,119306,买盘
14:13:13,108.49,+1.97%,+0.03,74,802826,买盘
14:13:16,108.46,+1.95%,-0.03,26,281996,卖盘
14:13:19,108.49,+1.97%,+0.03,43,466507,买盘
14:13:22,108.49,+1.97%,--,7,75943,买盘
14:13:25,108.49,+1.97%,--,6,65094,卖盘
14:13:28,108.5,+1.98%,+0.01,54,585900,买盘
14:13:31,108.51,+1.99%,+0.01,2,21702,买盘
14:13:34,108.51,+1.99%,--,7,75957,买盘
14:13:37,108.52,+2.00%,+0.01,35,379820,买盘
14:13:40,108.51,+1.99%,-0.01,9,97659,卖盘
14:13:43,108.51,+1.99%,--,12,130212,卖盘
14:13:46,108.52,+2.00%,+0.01,7,75964,卖盘
14:13:49,108.53,+2.01%,+0.01,7,75971,中性盘
14:13:52,108.53,+2.01%,--,6,65118,卖盘
14:13:55,108.55,+2.03%,+0.02,8,86840,买盘
14:13:58,108.55,+2.03%,--,1,10855,买盘
14:14:01,108.55,+2.03%,--,15,162825,卖盘
14:14:04,108.56,+2.04%,+0.01,8,86848,买盘
14:14:07,108.56,+2.04%,--,22,238832,买盘
14:14:10,108.56,+2.04%,--,14,151984,买盘
14:14:13,108.56,+2.04%,--,3,32568,卖盘
14:14:16,108.57,+2.05%,+0.01,10,108570,买盘
14:14:19,108.57,+2.05%,--,2,21714,买盘
14:14:22,108.57,+2.05%,--,12,130284,买盘
14:14:25,108.58,+2.06%,+0.01,20,217160,买盘
14:14:28,108.58,+2.06%,--,3,32574,卖盘
14:14:31,108.59,+2.07%,+0.01,27,293193,买盘
14:14:34,108.59,+2.07%,--,2,21718,中性盘
14:14:37,108.6,+2.08%,+0.01,12,130320,买盘
14:14:40,108.6,+2.08%,--,3,32580,买盘
14:14:43,108.6,+2.08%,--,42,456120,买盘
14:14:46,108.6,+2.08%,--,41,445260,卖盘
14:14:49,108.6,+2.08%,--,11,119460,中性盘
14:14:52,108.68,+2.15%,+0.08,32,347776,买盘
14:14:55,108.61,+2.09%,-0.07,30,325830,卖盘
14:14:58,108.61,+2.09%,--,0,0,卖盘
14:15:01,108.61,+2.09%,--,1,10861,卖盘
14:15:04,108.67,+2.14%,+0.06,1,10867,买盘
14:15:10,108.68,+2.15%,+0.01,10,108680,买盘
14:15:13,108.7,+2.17%,+0.02,22,241749,买盘
14:15:16,108.7,+2.17%,--,23,250010,卖盘
14:15:19,108.71,+2.18%,+0.01,5,54355,中性盘
14:15:22,108.73,+2.20%,+0.02,8,86984,买盘
14:15:25,108.73,+2.20%,--,5,54365,买盘
14:15:28,108.73,+2.20%,--,14,152222,卖盘
14:15:31,108.74,+2.21%,+0.01,20,217480,买盘
14:15:37,108.78,+2.25%,+0.05,11,119658,买盘
14:15:43,108.79,+2.26%,+0.01,15,163185,中性盘
14:15:46,108.8,+2.27%,+0.01,12,130669,买盘
14:15:49,108.84,+2.30%,+0.04,2,21768,买盘
14:15:52,108.84,+2.30%,--,7,77385,中性盘
14:15:55,108.84,+2.30%,--,3,32652,买盘
14:15:58,108.86,+2.32%,+0.02,3,32658,中性盘
14:16:01,108.87,+2.33%,+0.01,23,250401,买盘
14:16:01,108.87,+2.33%,--,23,250401,中性盘
14:16:04,108.87,+2.33%,--,4,43548,卖盘
14:16:07,108.87,+2.33%,--,23,250401,卖盘
14:16:10,108.9,+2.36%,+0.03,43,468270,买盘
14:16:13,108.9,+2.36%,--,25,272250,买盘
14:16:16,108.87,+2.33%,-0.03,11,119757,中性盘
14:16:22,108.87,+2.33%,--,109,1186683,卖盘
14:16:25,108.87,+2.33%,--,27,293949,卖盘
14:16:28,108.85,+2.31%,-0.02,6,65310,卖盘
14:16:31,108.85,+2.31%,--,12,130620,买盘
14:16:34,108.87,+2.33%,+0.02,26,293622,买盘
14:16:40,108.87,+2.33%,--,16,174519,卖盘
14:16:43,108.87,+2.33%,--,56,609672,买盘
14:16:46,108.87,+2.33%,--,3,32661,买盘
14:16:49,108.85,+2.31%,-0.02,4,43540,买盘
14:16:55,108.85,+2.31%,+0.01,51,555135,买盘
14:16:58,108.85,+2.31%,--,1,10885,卖盘
14:17:01,108.81,+2.27%,-0.04,15,163215,卖盘
14:17:04,108.81,+2.27%,--,0,0,中性盘
14:17:07,108.84,+2.30%,+0.03,13,141492,买盘
14:17:10,108.85,+2.31%,+0.01,26,283010,买盘
14:17:13,108.82,+2.28%,-0.03,42,457044,卖盘
14:17:25,108.83,+2.29%,+0.01,11,119713,中性盘
14:17:28,108.82,+2.28%,-0.01,7,76174,卖盘
14:17:31,108.84,+2.30%,+0.02,3,32652,买盘
14:17:37,108.82,+2.28%,-0.02,2,21764,卖盘
14:17:40,108.84,+2.30%,+0.02,10,108840,买盘
14:17:43,108.82,+2.28%,-0.02,12,130584,卖盘
14:17:46,108.81,+2.27%,-0.01,13,141453,卖盘
14:17:49,108.82,+2.28%,+0.01,20,217640,买盘
14:17:52,108.8,+2.27%,-0.02,88,967123,卖盘
14:17:58,108.8,+2.27%,--,2,21760,买盘
14:18:01,108.78,+2.25%,-0.02,1,10878,卖盘
14:18:04,108.79,+2.26%,+0.01,3,32637,买盘
14:18:07,108.78,+2.25%,-0.01,8,87024,卖盘
14:18:10,108.8,+2.27%,+0.02,31,338477,买盘
14:18:13,108.8,+2.27%,--,5,54400,卖盘
14:18:16,108.78,+2.25%,-0.02,24,270753,卖盘
14:18:19,108.8,+2.27%,+0.02,2,21760,买盘
14:18:25,108.8,+2.27%,--,9,97920,买盘
14:18:28,108.78,+2.25%,-0.02,12,130536,卖盘
14:18:31,108.78,+2.25%,--,5,54390,买盘
14:18:34,108.78,+2.25%,--,12,130536,买盘
14:18:40,108.8,+2.27%,+0.02,1,10880,买盘
14:18:43,108.8,+2.27%,--,13,141440,买盘
14:18:46,108.76,+2.23%,-0.04,22,239272,卖盘
14:18:52,108.76,+2.23%,--,0,0,卖盘
14:18:55,108.78,+2.25%,+0.02,2,21756,买盘
14:19:01,108.78,+2.25%,--,4,43512,买盘
14:19:04,108.78,+2.25%,--,1,10878,买盘
14:19:07,108.76,+2.23%,-0.02,1,10876,卖盘
14:19:10,108.8,+2.27%,+0.04,40,442707,买盘
14:25:25,108.69,+2.16%,-0.02,3,32607,中性盘
14:25:28,108.67,+2.14%,-0.02,1,10867,卖盘
14:25:31,108.67,+2.14%,--,1,10867,买盘
14:25:34,108.67,+2.14%,--,0,0,卖盘
14:25:37,108.69,+2.16%,+0.02,5,54345,买盘
14:25:43,108.69,+2.16%,--,2,21738,卖盘
14:25:46,108.7,+2.17%,+0.01,19,206530,买盘
14:25:52,108.7,+2.17%,--,38,413060,卖盘
14:25:55,108.7,+2.17%,--,1,10870,买盘
14:25:58,108.7,+2.17%,--,2,21740,买盘
14:26:01,108.69,+2.16%,-0.01,1,10869,卖盘
14:26:04,108.69,+2.16%,--,10,108690,卖盘
14:26:07,108.69,+2.16%,--,2,21738,买盘
14:26:10,108.69,+2.16%,--,5,54345,买盘
14:26:13,108.68,+2.15%,-0.01,6,65208,卖盘
14:26:16,108.69,+2.16%,+0.01,1,10869,买盘
14:26:19,108.68,+2.15%,-0.01,1,10868,卖盘
14:26:22,108.69,+2.16%,+0.01,35,380415,买盘
14:26:25,108.69,+2.16%,--,5,54345,卖盘
14:26:31,108.7,+2.17%,+0.01,14,152180,买盘
14:26:34,108.69,+2.16%,-0.01,2,21738,卖盘
14:26:37,108.7,+2.17%,+0.01,1,10870,买盘
14:26:40,108.7,+2.17%,--,10,108700,买盘
14:26:43,108.75,+2.22%,+0.05,51,557235,买盘
14:26:46,108.69,+2.16%,-0.06,43,467367,卖盘
14:26:49,108.69,+2.16%,--,1,10869,卖盘
14:26:55,108.72,+2.19%,+0.03,2,21744,中性盘
14:26:58,108.73,+2.20%,+0.01,1,10873,中性盘
14:27:01,108.76,+2.23%,+0.03,9,97884,买盘
14:27:04,108.76,+2.23%,--,1,10876,卖盘
14:27:07,108.77,+2.24%,+0.01,2,21754,买盘
14:27:10,108.83,+2.29%,+0.06,32,348256,买盘
14:27:13,108.83,+2.29%,--,1,10883,卖盘
14:27:16,108.84,+2.30%,+0.01,1,10884,买盘
14:27:19,108.85,+2.31%,+0.01,1,10885,买盘
14:27:25,108.86,+2.32%,+0.01,2,21772,买盘
14:27:28,108.88,+2.34%,+0.02,14,152432,买盘
14:27:31,108.89,+2.35%,+0.01,4,43556,买盘
14:27:34,108.85,+2.31%,-0.04,14,152390,卖盘
14:27:37,108.89,+2.35%,+0.04,11,119779,买盘
14:27:40,108.89,+2.35%,--,3,32667,卖盘
14:27:46,108.89,+2.35%,--,6,65334,中性盘
14:27:49,108.9,+2.36%,+0.01,5,54450,买盘
14:27:52,108.91,+2.37%,+0.01,2,21782,买盘
14:27:55,108.93,+2.39%,+0.02,2,21786,买盘
14:27:58,108.93,+2.39%,--,9,98037,买盘
14:28:01,108.92,+2.38%,-0.01,2,21784,卖盘
14:28:04,108.96,+2.42%,+0.04,26,283296,买盘
14:28:07,108.93,+2.39%,-0.03,2,21786,卖盘
14:28:10,108.96,+2.42%,+0.03,3,32688,买盘
14:28:16,108.97,+2.43%,+0.01,8,87176,买盘
14:28:19,108.98,+2.43%,+0.01,47,512206,买盘
14:28:22,108.98,+2.43%,--,3,32694,买盘
14:28:25,108.98,+2.43%,--,34,370532,买盘
14:28:28,108.98,+2.43%,--,14,152572,卖盘
14:28:31,108.98,+2.43%,--,12,130776,买盘
14:28:34,108.98,+2.43%,--,8,87184,卖盘
14:28:34,108.98,+2.43%,-0.02,8,87184,中性盘
14:28:37,108.96,+2.42%,-0.02,26,283296,卖盘
14:28:40,108.95,+2.41%,-0.01,21,228795,中性盘
14:28:43,108.97,+2.43%,+0.02,28,305116,买盘
14:28:46,108.92,+2.38%,-0.05,34,370328,卖盘
14:28:49,108.9,+2.36%,-0.02,16,174240,卖盘
14:28:52,108.9,+2.36%,--,4,43560,卖盘
14:28:55,108.89,+2.35%,-0.01,115,1252235,卖盘
14:28:58,108.9,+2.36%,+0.01,23,250470,买盘
14:29:01,108.93,+2.39%,+0.03,6,65358,买盘
14:29:04,108.88,+2.34%,-0.05,26,283088,卖盘
14:29:07,108.9,+2.36%,+0.02,51,555390,买盘
14:29:10,108.9,+2.36%,--,5,54450,买盘
14:29:16,108.9,+2.36%,--,9,98010,买盘
14:29:19,108.88,+2.34%,-0.02,2,21776,卖盘
14:29:25,108.88,+2.34%,--,8,87104,买盘
14:29:28,108.85,+2.31%,-0.03,10,108850,卖盘
14:29:34,108.88,+2.34%,+0.03,6,65328,买盘
14:29:40,108.88,+2.34%,--,2,21776,买盘
14:29:43,108.82,+2.28%,-0.06,2,21764,卖盘
14:29:46,108.9,+2.36%,+0.08,41,446490,买盘
14:29:49,108.85,+2.31%,-0.05,6,65310,中性盘
14:29:52,108.82,+2.28%,-0.03,1,10882,买盘
14:29:55,108.88,+2.34%,+0.06,4,43552,买盘
14:29:58,108.88,+2.34%,--,4,43552,卖盘
14:30:01,108.9,+2.36%,+0.02,28,304920,买盘
14:30:04,108.93,+2.39%,+0.03,11,119823,买盘
14:30:07,108.9,+2.36%,-0.03,1,10890,卖盘
14:30:10,108.93,+2.39%,+0.03,22,239646,买盘
14:30:13,108.93,+2.39%,--,17,185181,卖盘
14:30:16,108.93,+2.39%,--,31,337683,卖盘
14:30:19,108.86,+2.32%,-0.07,36,391896,卖盘
14:30:22,108.92,+2.38%,+0.06,7,76244,买盘
14:30:25,108.9,+2.36%,-0.02,8,87120,卖盘
14:30:28,108.88,+2.34%,-0.02,1,10888,卖盘
14:30:31,108.89,+2.35%,+0.01,1,10889,卖盘
14:30:34,108.85,+2.31%,-0.04,25,272125,卖盘
14:30:37,108.86,+2.32%,+0.01,44,478984,买盘
14:30:40,108.8,+2.27%,-0.06,22,239360,卖盘
14:30:43,108.8,+2.27%,--,4,43520,买盘
14:30:49,108.83,+2.29%,+0.03,27,293841,买盘
14:30:52,108.76,+2.23%,-0.07,24,261024,卖盘
14:30:55,108.8,+2.27%,+0.04,2,21760,卖盘
14:30:58,108.8,+2.27%,--,2,21760,卖盘
14:31:01,108.76,+2.23%,-0.04,2,21752,卖盘
14:31:04,108.76,+2.23%,--,5,54380,中性盘
14:31:07,108.72,+2.19%,-0.04,1,10872,卖盘
14:31:10,108.79,+2.26%,+0.07,5,54395,买盘
14:31:13,108.79,+2.26%,--,6,65274,买盘
14:31:16,108.79,+2.26%,--,1,10879,卖盘
14:31:19,108.8,+2.27%,+0.01,25,272000,买盘
14:31:22,108.77,+2.24%,-0.03,6,65262,卖盘
14:31:28,108.76,+2.23%,-0.01,8,87008,卖盘
14:31:31,108.77,+2.24%,+0.01,10,108770,买盘
14:31:34,108.78,+2.25%,+0.01,5,54390,买盘
14:31:40,108.76,+2.23%,-0.02,5,54380,卖盘
14:31:43,108.76,+2.23%,--,3,32628,中性盘
14:31:43,108.76,+2.23%,--,3,32628,卖盘
14:31:49,108.78,+2.25%,+0.02,3,32634,买盘
14:31:52,108.78,+2.25%,--,16,174048,买盘
14:31:55,108.78,+2.25%,--,1,10878,中性盘
14:31:58,108.76,+2.23%,-0.02,4,43504,卖盘
14:32:01,108.8,+2.27%,+0.04,27,293760,买盘
14:32:04,108.8,+2.27%,--,11,119680,中性盘
14:32:07,108.83,+2.29%,+0.03,9,97947,买盘
14:32:13,108.76,+2.23%,-0.07,55,598180,卖盘
14:32:16,108.83,+2.29%,+0.07,12,130596,买盘
14:32:19,108.84,+2.30%,+0.01,4,43536,买盘
14:32:25,108.77,+2.24%,-0.07,10,108770,卖盘
14:32:28,108.86,+2.32%,+0.09,15,163290,买盘
14:32:31,108.85,+2.31%,-0.01,10,108850,卖盘
14:32:34,108.86,+2.32%,+0.01,4,43544,买盘
14:32:40,108.85,+2.31%,-0.01,4,43540,买盘
14:32:46,108.87,+2.33%,+0.02,3,32661,买盘
14:32:52,108.86,+2.32%,-0.01,9,97974,卖盘
14:32:55,108.88,+2.34%,+0.02,7,76216,买盘
14:32:58,108.88,+2.34%,--,9,97992,买盘
14:33:01,108.87,+2.33%,-0.01,3,32661,中性盘
14:33:04,108.86,+2.32%,-0.01,10,108860,卖盘
14:33:07,108.86,+2.32%,--,4,43544,卖盘
14:33:10,108.87,+2.33%,+0.01,12,130644,买盘
14:33:13,108.87,+2.33%,--,2,21774,买盘
14:33:16,108.87,+2.33%,--,13,141531,买盘
14:33:19,108.86,+2.32%,-0.01,5,54430,卖盘
14:33:22,108.87,+2.33%,+0.01,97,1056039,买盘
14:33:25,108.86,+2.32%,-0.01,2,21772,买盘
14:33:28,108.86,+2.32%,--,28,304808,买盘
14:33:37,108.87,+2.33%,+0.02,19,206853,买盘
14:33:40,108.85,+2.31%,-0.02,5,54425,卖盘
14:33:43,108.88,+2.34%,+0.03,5,54440,买盘
14:33:46,108.85,+2.31%,-0.03,24,261240,卖盘
14:33:49,108.85,+2.31%,--,13,141505,买盘
14:33:52,108.85,+2.31%,--,8,87080,卖盘
14:33:55,108.85,+2.31%,--,11,119735,买盘
14:33:58,108.85,+2.31%,--,1,10885,买盘
14:34:01,108.8,+2.27%,-0.05,29,315520,卖盘
14:34:04,108.81,+2.27%,+0.01,2,21762,买盘
14:34:07,108.8,+2.27%,-0.01,7,76160,卖盘
14:34:10,108.81,+2.27%,+0.01,11,119691,买盘
14:34:13,108.8,+2.27%,-0.01,11,119680,卖盘
14:34:16,108.8,+2.27%,--,0,0,卖盘
14:34:19,108.82,+2.28%,+0.02,4,43528,买盘
14:34:28,108.81,+2.27%,-0.01,6,65286,卖盘
14:34:31,108.81,+2.27%,--,9,97929,卖盘
14:34:34,108.82,+2.28%,+0.01,2,21764,买盘
14:34:37,108.82,+2.28%,--,47,511454,买盘
14:34:40,108.82,+2.28%,--,31,337342,买盘
14:34:43,108.82,+2.28%,--,13,141466,卖盘
14:34:46,108.81,+2.27%,-0.01,2,21762,卖盘
14:34:49,108.81,+2.27%,--,1,10881,买盘
14:34:52,108.8,+2.27%,-0.01,10,108800,卖盘
14:34:52,108.8,+2.27%,--,10,108800,中性盘
14:34:52,108.8,+2.27%,--,10,108800,卖盘
14:34:55,108.81,+2.27%,+0.01,1,10881,买盘
14:34:58,108.81,+2.27%,--,9,97929,买盘
14:35:04,108.82,+2.28%,--,7,76174,买盘
14:35:07,108.82,+2.28%,--,14,152348,买盘
14:35:10,108.82,+2.28%,--,4,43528,买盘
14:35:13,108.81,+2.27%,-0.01,53,576693,卖盘
14:35:16,108.82,+2.28%,+0.01,5,54410,中性盘
14:35:22,108.81,+2.27%,-0.01,9,97929,卖盘
14:35:37,108.82,+2.28%,+0.01,1,10882,买盘
14:35:40,108.82,+2.28%,--,15,163230,买盘
14:35:43,108.81,+2.27%,-0.01,8,87048,卖盘
14:35:46,108.81,+2.27%,--,0,0,卖盘
14:35:49,108.82,+2.28%,+0.01,1,10882,卖盘
14:35:55,108.82,+2.28%,--,2,21764,卖盘
14:36:01,108.82,+2.28%,--,11,119702,卖盘
14:36:04,108.83,+2.29%,+0.01,7,76181,买盘
14:36:07,108.83,+2.29%,--,1,10883,买盘
14:36:10,108.83,+2.29%,--,16,174128,买盘
14:36:19,108.84,+2.30%,+0.01,7,76188,买盘
14:36:22,108.84,+2.30%,--,6,65304,买盘
14:36:25,108.84,+2.30%,--,1,10884,卖盘
14:36:31,108.84,+2.30%,-0.01,8,87072,卖盘
14:36:37,108.84,+2.30%,--,16,174144,买盘
14:36:40,108.85,+2.31%,+0.01,29,315665,买盘
14:36:43,108.84,+2.30%,-0.01,4,43536,卖盘
14:36:46,108.85,+2.31%,+0.01,3,32655,买盘
14:36:49,108.84,+2.30%,-0.01,3,32652,卖盘
14:36:52,108.85,+2.31%,+0.01,10,108850,买盘
14:36:55,108.85,+2.31%,--,9,97965,卖盘
14:36:58,108.86,+2.32%,+0.01,8,87088,买盘
14:37:01,108.85,+2.31%,-0.01,4,43540,卖盘
14:37:04,108.87,+2.33%,+0.02,8,87096,买盘
14:37:07,108.86,+2.32%,-0.01,2,21772,卖盘
14:37:10,108.86,+2.32%,--,14,152404,买盘
14:37:13,108.86,+2.32%,--,1,10886,中性盘
14:37:16,108.87,+2.33%,+0.01,3,32661,买盘
14:37:19,108.87,+2.33%,--,14,152418,买盘
14:37:22,108.88,+2.34%,+0.01,4,43552,买盘
14:37:25,108.87,+2.33%,-0.01,19,206853,卖盘
14:37:28,108.86,+2.32%,-0.01,17,185062,卖盘
14:37:31,108.87,+2.33%,+0.01,2,21774,买盘
14:37:34,108.87,+2.33%,--,9,97983,卖盘
14:37:37,108.86,+2.32%,-0.01,16,174176,卖盘
14:37:40,108.89,+2.35%,+0.03,52,566228,买盘
14:37:43,108.88,+2.34%,-0.01,15,163320,卖盘
14:37:46,108.89,+2.35%,+0.01,7,76223,买盘
14:37:52,108.89,+2.35%,+0.01,3,32667,买盘
14:37:55,108.89,+2.35%,--,4,43556,买盘
14:37:58,108.89,+2.35%,--,3,32667,买盘
14:37:58,108.89,+2.35%,--,3,32667,中性盘
14:38:01,108.9,+2.36%,+0.01,20,217800,买盘
14:38:04,108.89,+2.35%,-0.01,6,65334,中性盘
14:38:07,108.88,+2.34%,-0.01,8,87104,卖盘
14:38:10,108.89,+2.35%,+0.01,5,54445,买盘
14:38:13,108.89,+2.35%,--,4,43556,卖盘
14:38:16,108.9,+2.36%,+0.01,8,87120,买盘
14:38:19,108.9,+2.36%,--,3,32670,买盘
14:38:25,108.89,+2.35%,--,14,152446,卖盘
14:38:28,108.88,+2.34%,-0.01,23,250424,卖盘
14:38:32,108.89,+2.35%,+0.01,1,10889,买盘
14:38:34,108.89,+2.35%,--,10,108890,买盘
14:38:37,108.9,+2.36%,+0.01,10,108900,买盘
14:38:40,108.89,+2.35%,-0.01,3,32667,卖盘
14:38:43,108.89,+2.35%,--,6,65334,卖盘
14:38:46,108.9,+2.36%,+0.01,12,130680,买盘
14:38:49,108.89,+2.35%,-0.01,11,119779,中性盘
14:38:55,108.9,+2.36%,+0.01,3,32670,买盘
14:38:58,108.9,+2.36%,--,12,130680,买盘
14:39:04,108.9,+2.36%,--,16,174240,买盘
14:39:07,108.89,+2.35%,-0.01,12,130668,卖盘
14:39:10,108.9,+2.36%,+0.01,6,65340,买盘
14:39:13,108.89,+2.35%,-0.01,24,261336,卖盘
14:39:16,108.88,+2.34%,-0.01,25,272200,卖盘
14:39:19,108.88,+2.34%,--,17,185096,卖盘
14:39:22,108.89,+2.35%,+0.01,10,108890,买盘
14:39:28,108.88,+2.34%,-0.01,18,195984,卖盘
14:39:31,108.89,+2.35%,+0.01,5,54445,卖盘
14:39:37,108.95,+2.41%,+0.06,75,817125,买盘
14:39:40,108.95,+2.41%,--,5,65261,卖盘
14:39:43,108.95,+2.41%,--,6,65370,卖盘
14:39:46,108.95,+2.41%,--,17,185215,卖盘
14:39:52,108.96,+2.42%,+0.01,12,130752,卖盘
14:39:55,108.96,+2.42%,--,2,21792,卖盘
14:39:58,108.98,+2.43%,+0.02,17,185266,买盘
14:40:01,108.96,+2.42%,-0.02,13,141648,卖盘
14:40:04,108.96,+2.42%,--,9,98064,卖盘
14:40:07,108.95,+2.41%,-0.01,16,174320,卖盘
14:40:10,108.96,+2.42%,+0.01,7,76272,买盘
14:40:13,108.95,+2.41%,-0.01,32,348640,卖盘
14:40:16,108.97,+2.43%,+0.02,11,119867,买盘
14:40:19,108.96,+2.42%,-0.01,6,65376,卖盘
14:40:22,108.95,+2.41%,-0.01,23,250585,卖盘
14:40:25,108.97,+2.43%,+0.02,4,43588,买盘
14:40:31,108.96,+2.42%,-0.01,7,76272,卖盘
14:40:34,108.97,+2.43%,+0.01,4,43588,中性盘
14:40:37,108.96,+2.42%,-0.01,8,87168,卖盘
14:40:40,108.97,+2.43%,+0.01,2,21794,买盘
14:40:43,108.97,+2.43%,--,11,119867,买盘
14:40:46,108.96,+2.42%,-0.01,2,21792,卖盘
14:40:49,108.97,+2.43%,+0.01,3,32691,买盘
14:40:52,108.96,+2.42%,-0.01,10,108960,卖盘
14:40:55,108.97,+2.43%,+0.01,1,10897,中性盘
14:40:58,108.96,+2.42%,-0.01,5,54480,卖盘
14:41:01,108.97,+2.43%,+0.01,6,65382,买盘
14:41:04,108.95,+2.41%,-0.02,26,283270,卖盘
14:41:07,108.96,+2.42%,+0.01,282,3072781,中性盘
14:47:25,108.7,+2.17%,--,23,250010,中性盘
14:47:28,108.7,+2.17%,--,22,239140,卖盘
14:47:31,108.71,+2.18%,+0.01,8,86968,买盘
14:47:34,108.71,+2.18%,--,9,97839,买盘
14:47:37,108.71,+2.18%,--,11,119581,卖盘
14:47:40,108.71,+2.18%,--,1,10871,卖盘
14:47:43,108.71,+2.18%,--,5,54355,卖盘
14:47:46,108.71,+2.18%,--,81,880551,卖盘
14:47:49,108.72,+2.19%,+0.01,3,32616,买盘
14:47:52,108.72,+2.19%,--,6,65232,买盘
14:47:55,108.72,+2.19%,--,25,271800,卖盘
14:47:58,108.73,+2.20%,+0.01,3,32619,买盘
14:48:01,108.72,+2.19%,-0.01,6,65232,卖盘
14:48:04,108.73,+2.20%,+0.01,6,65238,买盘
14:48:07,108.73,+2.20%,--,31,337063,买盘
14:48:10,108.73,+2.20%,--,5,54365,卖盘
14:48:13,108.73,+2.20%,--,51,554523,卖盘
14:48:19,108.73,+2.20%,+0.01,17,184841,买盘
14:48:22,108.73,+2.20%,--,11,119603,买盘
14:48:25,108.73,+2.20%,--,16,173968,买盘
14:48:28,108.73,+2.20%,--,3,32619,买盘
14:48:31,108.72,+2.19%,-0.01,11,119592,卖盘
14:48:37,108.73,+2.20%,--,35,380555,买盘
14:48:40,108.72,+2.19%,-0.01,3,32616,卖盘
14:48:43,108.72,+2.19%,--,43,467496,卖盘
14:48:46,108.73,+2.20%,+0.01,4,43492,买盘
14:48:49,108.73,+2.20%,--,21,228333,买盘
14:48:52,108.72,+2.19%,-0.01,10,108720,卖盘
14:48:55,108.73,+2.20%,+0.01,5,54365,买盘
14:48:58,108.73,+2.20%,--,1,10873,买盘
14:49:01,108.72,+2.19%,-0.01,8,86976,卖盘
14:49:04,108.72,+2.19%,--,13,141336,卖盘
14:49:07,108.72,+2.19%,--,18,195696,卖盘
14:49:10,108.73,+2.20%,+0.01,35,380555,买盘
14:49:13,108.72,+2.19%,-0.01,31,337032,卖盘
14:49:16,108.72,+2.19%,--,34,369648,买盘
14:49:19,108.74,+2.21%,+0.02,22,239228,买盘
14:49:22,108.74,+2.21%,--,23,250102,买盘
14:49:25,108.72,+2.19%,-0.02,6,65232,卖盘
14:49:31,108.73,+2.20%,--,9,97857,买盘
14:49:34,108.72,+2.19%,-0.01,7,76104,卖盘
14:49:37,108.73,+2.20%,+0.01,16,173968,买盘
14:49:40,108.72,+2.19%,-0.01,21,228312,卖盘
14:49:43,108.74,+2.21%,+0.02,1,10874,买盘
14:49:46,108.73,+2.20%,-0.01,14,152222,卖盘
14:49:49,108.74,+2.21%,+0.01,25,271850,买盘
14:49:52,108.73,+2.20%,-0.01,3,32619,卖盘
14:49:55,108.73,+2.20%,--,26,282698,卖盘
14:49:58,108.73,+2.20%,--,3,32619,卖盘
14:50:01,108.73,+2.20%,--,49,539410,卖盘
14:50:04,108.72,+2.19%,-0.01,29,315288,卖盘
14:50:07,108.74,+2.21%,+0.02,26,282724,买盘
14:50:10,108.74,+2.21%,--,16,173984,卖盘
14:50:13,108.73,+2.20%,-0.01,2,21746,卖盘
14:50:16,108.74,+2.21%,+0.01,8,86992,买盘
14:50:19,108.74,+2.21%,--,2,21748,买盘
14:50:22,108.73,+2.20%,-0.01,6,65238,卖盘
14:50:25,108.74,+2.21%,+0.01,6,65244,买盘
14:50:28,108.74,+2.21%,--,13,141362,买盘
14:50:31,108.74,+2.21%,--,17,184858,卖盘
14:50:34,108.75,+2.22%,+0.01,5,54375,买盘
14:56:49,108.89,+2.35%,--,18,196002,中性盘
14:56:52,108.89,+2.35%,--,161,1753129,卖盘
14:56:55,108.9,+2.36%,+0.01,27,294030,买盘
14:56:58,108.89,+2.35%,-0.01,9,98001,卖盘
14:57:01,108.9,+2.36%,+0.01,16,174240,买盘
14:58:04,108.9,+2.36%,--,0,0,卖盘
14:59:19,108.9,+2.36%,--,0,0,买盘
15:00:00,108.82,+2.28%,-0.08,1589,17298027,卖盘
15:00:00,108.82,+2.28%,--,0,0,卖盘
