代码,股票简称,最新价,涨跌幅,换手率,流入资金(元),流出资金(元),净额(元),成交额(元)
sz301329,信音电子,28.51,35.76%,71.75%,445000000.0,425000000.0,20360100.0,871000000.0000001
sz301503,智迪科技,39.07,23.68%,63.81%,292000000.0,263000000.0,29362600.000000004,555000000.0
sz301203,国泰环保,44.45,20.01%,45.90%,163000000.0,169000000.0,5686000.0,332000000.0
sz300880,迦南智能,31.44,20.00%,30.07%,356000000.0,293000000.0,62920800.0,748000000.0
sz300521,爱司凯,15.3,20.00%,7.02%,10336300.000000002,143000000.0,133000000.0,153000000.0
sh688291,金橙子,41.05,19.99%,18.81%,65936800.0,117000000.0,51174200.0,183000000.0
sz301182,凯旺科技,28.76,19.98%,23.55%,77900700.0,160000000.0,81712800.0,238000000.0
sz301053,远信工业,29.88,18.48%,42.76%,128000000.0,163000000.0,35268100.0,291000000.0
sz300457,赢合科技,25.75,15.37%,12.52%,883000000.0,728000000.0,154000000.0,1638000000.0
sz300882,万胜智能,33.2,13.27%,50.14%,547000000.0,393000000.0,153000000.0,940000000.0
sz300004,南风股份,6.15,13.26%,11.15%,124000000.0,208000000.0,83558300.0,334000000.0
sz300659,中孚信息,27.12,12.62%,28.18%,546000000.0,579000000.0,33142000.0,1132000000.0
sz300709,精研科技,27.39,12.44%,18.06%,403000000.0,300000000.0,103000000.0,715000000.0
sh688456,有研粉材,40.15,11.00%,10.07%,152000000.0,103000000.0,49412500.0,254999999.99999997
sh688433,华曙高科,42.39,10.59%,22.02%,177000000.0,141000000.0,36189800.0,318000000.0
sz300307,慈星股份,7.51,10.28%,11.41%,358000000.0,302000000.0,55977800.0,666000000.0
sz301379,天山电子,39.79,10.19%,71.10%,359000000.0,369000000.0,10235900.0,728000000.0
sh600280,中央商场,3.14,10.18%,6.12%,110000000.00000001,98852900.00000001,11604100.0,209000000.0
sz002211,宏达新材,4.14,10.11%,10.34%,80479000.0,96961900.0,16482900.0,178000000.0
sz002535,林州重机,5.69,10.06%,20.81%,317000000.0,324000000.0,6416400.0,641000000.0
sz002474,榕基软件,8.86,10.06%,18.31%,337000000.0,463999999.99999994,126000000.0,801000000.0
sz000980,众泰汽车,3.61,10.06%,10.44%,831000000.0,666000000.0,165000000.0,1502000000.0
sh603496,恒为科技,22.63,10.01%,13.64%,447000000.0,513000000.0,65525900.0,960000000.0
sz000550,江铃汽车,15.72,10.01%,1.93%,42983000.0,112999999.99999999,69989400.0,156000000.0
sz000004,国华网安,21.01,10.00%,1.36%,0.0,33974800.0,33974800.0,34092400.0
sz001373,翔腾新材,49.26,10.00%,31.44%,106000000.0,155000000.0,49001100.0,262000000.0
sh605196,华通线缆,7.81,10.00%,14.63%,115999999.99999999,252000000.0,136000000.0,368000000.0
sh603800,道森股份,32.79,10.00%,4.93%,178000000.0,148000000.0,30003500.0,326000000.0
sh603160,汇顶科技,53.67,10.00%,3.85%,444000000.00000006,497000000.0,52725100.0,941000000.0
sh600268,国电南自,8.25,10.00%,12.44%,412000000.0,429000000.0,16646800.0,841000000.0
sz002654,万润科技,13.09,10.00%,19.70%,1058000000.0,877999999.9999999,180000000.0,1935000000.0000002
sz002347,泰尔股份,6.05,10.00%,10.38%,75129700.0,130000000.0,55054600.0,204999999.99999997
sz002146,荣盛发展,1.76,10.00%,5.34%,213000000.0,146000000.0,66790600.00000001,359000000.0
sz000811,冰轮环境,17.16,10.00%,4.05%,252999999.99999997,258000000.0,5272200.0,513000000.0
sz001296,长江材料,24.11,9.99%,27.55%,128000000.0,112000000.00000001,16032100.0,240000000.0
sh600895,张江高科,15.53,9.99%,3.44%,441000000.0,357000000.0,84106700.0,798000000.0
sz002339,积成电子,8.15,9.99%,9.34%,177000000.0,177000000.0,87800.0,355000000.0
sh603380,易德龙,26.55,9.98%,4.64%,85800000.0,107000000.0,20924400.0,193000000.0
sz002134,天津普林,12.02,9.97%,10.73%,86989599.99999999,225000000.0,138000000.0,312000000.0
sz000544,中原环保,7.94,9.97%,2.02%,78937300.0,74612600.0,4324700.0,154000000.0
sh688502,茂莱光学,214.12,9.36%,14.21%,216000000.0,141000000.0,75208100.0,357000000.0
sz300578,会畅通讯,20.36,9.34%,6.41%,147000000.0,96727700.0,50616100.0,244000000.0
sz301361,众智科技,32.88,9.20%,48.56%,250999999.99999997,202000000.0,48565600.00000001,453000000.0
sh688237,超卓航科,48.41,9.18%,12.58%,66121800.0,45680200.00000001,20441500.0,112000000.00000001
sh603366,日出东方,6.22,9.12%,5.19%,152000000.0,106000000.0,46749000.0,258000000.0
sz300056,中创环保,7.66,8.65%,7.11%,124000000.0,81389500.0,42439600.0,206999999.99999997
sz300628,亿联网络,38.04,8.47%,2.60%,370000000.0,336000000.0,34174700.0,706000000.0
sz301106,骏成科技,44.7,8.44%,26.23%,121000000.0,115999999.99999999,5011300.0,236000000.0
sz300302,同有科技,16.93,8.32%,25.38%,783000000.0,708000000.0,74579000.0,1506000000.0
sh600329,达仁堂,43.37,8.26%,2.51%,362000000.0,236000000.0,126000000.0,599000000.0
sh600719,大连热电,9.6,8.11%,18.57%,383000000.0,317000000.0,65369600.0,700000000.0
sz003011,海象新材,33.39,8.02%,9.28%,84750500.0,85572700.0,822200.0,171000000.0
sz300958,建工修复,19.51,7.85%,15.70%,128000000.0,106000000.0,22090000.0,235000000.0
sz300588,熙菱信息,12.7,7.63%,20.89%,196000000.0,190000000.0,6109800.0,387000000.0
sz300854,中兰环保,17.74,7.52%,16.73%,73171300.0,60652299.99999999,12519000.0,134000000.00000001
sz300541,先进数通,14.08,7.24%,12.56%,229999999.99999997,214000000.0,16479900.0,444000000.00000006
sz300782,卓胜微,122.22,7.22%,2.66%,740000000.0,613000000.0,127000000.0,1360000000.0
sh603578,三星新材,15.3,7.14%,7.94%,109000000.00000001,111000000.00000001,2107800.0,220000000.00000003
sh688333,铂力特,135.0,7.13%,5.01%,667000000.0,392000000.0,275000000.0,1060000000.0
sz000068,华控赛格,3.49,7.06%,3.59%,71182200.0,53117100.0,18065100.0,125000000.0
sh600129,太极集团,53.6,7.05%,2.11%,358000000.0,260000000.0,98652400.0,618000000.0
sh603057,紫燕食品,25.86,6.99%,8.49%,50254300.0,40454300.0,9800100.0,90708600.0
sz002036,联创电子,11.8,6.88%,11.51%,658000000.0,760000000.0,102000000.0,1425000000.0
sz300514,友讯达,16.13,6.82%,15.44%,210000000.0,164000000.0,46121600.0,374000000.0
sh603668,天马科技,15.01,6.76%,3.90%,140000000.0,114999999.99999999,25330200.0,254999999.99999997
sz300275,梅安森,15.38,6.73%,8.13%,166000000.0,145000000.0,20480400.0,312000000.0
sh688676,金盘科技,32.41,6.61%,4.62%,172000000.0,111000000.00000001,61314799.99999999,283000000.0
sh600602,云赛智联,14.75,6.58%,12.82%,941000000.0,1069999999.9999999,129000000.0,2011000000.0
sh603773,沃格光电,32.93,6.57%,9.26%,248000000.0,227999999.99999997,20540800.0,476000000.0
sh600133,东湖高新,8.14,6.54%,9.69%,334000000.0,271000000.0,63175100.0,605000000.0
sz300227,光韵达,8.73,6.46%,13.84%,264000000.0,225000000.0,38262300.0,495000000.0
sz300360,炬华科技,19.27,6.46%,9.27%,411000000.00000006,321000000.0,89763100.0,742000000.0
sz300345,华民股份,11.22,6.45%,2.50%,72789400.0,48021300.0,24768100.0,122000000.0
sz300233,金城医药,19.9,6.42%,2.76%,98264200.0,82010400.00000001,16253800.000000002,196000000.0
sz002222,福晶科技,29.37,6.41%,10.85%,786000000.0,552000000.0,235000000.0,1344000000.0
sh605020,永和股份,31.94,6.40%,4.02%,124000000.0,95244000.0,28373800.0,219000000.0
sz300757,罗博特科,83.03,6.34%,5.86%,264000000.0,229999999.99999997,33832500.0,498000000.00000006
sz300444,双杰电气,7.94,6.29%,12.16%,312000000.0,238000000.0,74513500.0,559000000.0
sz002899,英派斯,16.07,6.28%,7.73%,80935000.0,65116300.0,15818699.999999998,149000000.0
sh688395,正弦电气,26.88,6.25%,5.69%,29713400.0,20826200.0,8887100.0,50539500.0
sh600861,北京人力,25.7,6.24%,2.22%,93119700.0,86638400.0,6481300.0,180000000.0
sh603767,中马传动,13.98,6.23%,14.91%,332000000.0,307000000.0,24409200.0,639000000.0
sh688579,山大地纬,15.71,6.22%,6.79%,179000000.0,121000000.0,57804700.0,300000000.0
sz300930,屹通新材,27.51,6.18%,11.91%,48296700.0,46496400.0,1800400.0,94793100.0
sh600535,天士力,14.67,6.15%,1.35%,179000000.0,112000000.00000001,66563600.0,291000000.0
sz300510,金冠股份,7.59,6.15%,13.47%,450000000.0,375000000.0,74933200.0,826000000.0
sh688371,菲沃泰,22.44,6.05%,10.45%,95252300.0,87746800.0,7505500.0,183000000.0
sh603569,长久物流,11.29,6.01%,3.43%,123000000.0,92226299.99999999,30855500.0,215000000.0
sz300394,天孚通信,108.11,5.99%,6.08%,1159000000.0,1159000000.0,392000.0,2345000000.0
sh688314,康拓医疗,35.85,5.97%,4.00%,23852500.0,16851700.0,7000800.0,40704200.0
sh688171,纬德信息,25.74,5.97%,11.16%,50341600.0,46008800.0,4332800.0,96350200.0
sz002526,山东矿机,2.86,5.93%,16.86%,403000000.0,445000000.0,41166000.0,852000000.0
sh600422,昆药集团,18.76,5.87%,3.05%,264000000.0,160000000.0,105000000.0,424000000.0
sh603220,中贝通信,16.48,5.84%,8.97%,261000000.0,234000000.0,27457700.0,495000000.0
sz301223,中荣股份,20.17,5.82%,17.37%,97434599.99999999,70839500.0,26595100.000000004,168000000.0
sz301259,艾布鲁,14.55,5.82%,7.70%,42051000.0,40103800.0,1947200.0,82154700.0
sh688246,嘉和美康,38.27,5.78%,1.64%,33562300.0,28937100.0,4625200.0,62499399.99999999
sh600988,赤峰黄金,14.83,5.78%,5.00%,684000000.0,536000000.00000006,148000000.0,1220000000.0
sz002546,新联电子,6.23,5.77%,10.50%,291000000.0,217000000.0,74394500.0,509999999.99999994
sz002703,浙江世宝,18.64,5.61%,24.78%,1258000000.0,1163000000.0,95309000.0,2440000000.0
sz002191,劲嘉股份,6.62,5.58%,2.02%,118000000.0,62189700.0,55533300.0,187000000.0
sh600312,平高电气,12.9,5.56%,2.81%,307000000.0,177000000.0,131000000.0,484000000.0
sz300814,中富电路,34.7,5.54%,60.64%,512000000.0,508000000.0,3901200.0,1030000000.0000001
sh688121,卓然股份,32.86,5.52%,2.96%,69560900.0,62699700.0,6861200.0,132000000.0
sz300932,三友联众,17.05,5.51%,7.28%,63911100.0,47131600.0,16779400.0,111000000.00000001
sh603477,巨星农牧,32.24,5.50%,2.01%,175000000.0,133000000.0,42533100.00000001,308000000.0
sh605228,神通科技,10.79,5.47%,34.92%,202999999.99999997,159000000.0,44107900.0,362000000.0
sz300140,中环装备,10.02,5.47%,8.08%,187000000.0,148000000.0,38100600.0,339000000.0
sh688132,邦彦技术,28.6,5.46%,11.31%,68539500.0,42456000.0,26083500.0,111000000.00000001
sh601113,华鼎股份,3.49,5.44%,1.97%,46054600.0,28974800.0,17079800.0,75029400.0
sz301355,南王科技,18.55,5.40%,26.32%,128000000.0,96768500.0,30862399.999999996,224000000.00000003
sz300337,银邦股份,7.1,5.34%,6.95%,184000000.0,166000000.0,17993900.0,352000000.0
sz000521,长虹美菱,7.03,5.24%,11.76%,256000000.0,480999999.99999994,225000000.0,739000000.0
sz301390,经纬股份,50.1,5.23%,24.02%,99928900.0,77320900.0,22608100.0,177000000.0
sz000669,ST金鸿,1.82,5.20%,1.32%,3460700.0,12920300.0,9459700.0,16399200.0
sz002502,ST鼎龙,2.23,5.19%,0.40%,0.0,7370800.0,7370800.0,7373300.0
sh600141,兴发集团,25.03,5.17%,4.55%,672000000.0,579000000.0,92385000.0,1251000000.0
sh600131,国网信通,20.55,5.17%,1.20%,176000000.0,113999999.99999999,62049600.0,291000000.0
sz000988,华工科技,45.05,5.16%,11.50%,2786000000.0,2364000000.0,422000000.0,5191000000.0
sz002918,蒙娜丽莎,16.34,5.08%,4.00%,80069300.0,61033900.0,19035300.0,142000000.0
sz301207,华兰疫苗,35.0,5.07%,5.26%,143000000.0,120000000.0,23236400.0,263000000.0
sz002564,*ST天沃,2.93,5.02%,5.92%,84874900.0,60067800.0,24807000.0,145000000.0
sh600593,大连圣亚,16.81,5.00%,6.13%,55709700.0,77806500.0,22096800.0,134000000.00000001
sz300166,东方国信,10.76,4.98%,10.81%,565000000.0,505000000.0,59863500.0,1077000000.0
sz000957,中通客车,13.13,4.96%,15.85%,526000000.0,580000000.0,53440100.0,1175000000.0
sz000802,北京文化,8.91,4.95%,10.64%,355000000.0,317000000.0,38045700.0,676000000.0
sz000584,ST工智,5.31,4.94%,2.17%,46378500.0,39026800.0,7351600.0,85427099.99999999
sh688188,柏楚电子,202.0,4.91%,0.64%,102000000.0,83957600.0,17748900.0,186000000.0
sh605376,博迁新材,38.26,4.88%,4.33%,154000000.0,128000000.0,26048900.0,282000000.0
sz301196,唯科科技,36.35,4.85%,5.36%,42462400.0,29328000.0,13134400.0,71790400.0
sz002922,伊戈尔,14.92,4.85%,6.68%,100000000.0,178000000.0,78026400.0,281000000.0
sz000416,*ST民控,2.16,4.85%,3.55%,23002300.0,17000800.0,6001500.0,40401400.0
sz301179,泽宇智能,35.07,4.84%,20.60%,239000000.0,188000000.0,50810000.0,426999999.99999994
sz002284,亚太股份,11.09,4.82%,10.50%,405999999.99999994,422000000.0,15822200.0,838000000.0000001
sz002270,华明装备,11.99,4.81%,3.08%,155000000.0,124000000.0,30639000.0,280000000.0
sz002087,*ST新纺,2.18,4.81%,5.01%,52301000.0,35048400.0,17252600.0,88000100.0
sz000921,海信家电,25.22,4.78%,2.08%,209000000.0,258000000.0,48992900.0,470000000.0
sz300670,大烨智能,9.23,4.77%,11.30%,117000000.0,104000000.0,12726700.0,229999999.99999997
sz300681,英搏尔,22.01,4.76%,3.03%,61519200.0,49244100.0,12275100.0,112000000.00000001
sz300606,金太阳,24.88,4.76%,26.66%,392000000.0,407000000.0,15153599.999999998,799000000.0
sz002512,达华智能,4.44,4.72%,10.38%,282000000.0,189000000.0,93132099.99999999,475000000.0
sz300092,科新机电,15.82,4.70%,5.13%,74349700.0,58146100.0,16203599.999999998,135000000.0
sz300290,荣科科技,4.97,4.63%,3.69%,66085200.00000001,47010100.0,19075100.0,115999999.99999999
sh688312,燕麦科技,19.27,4.61%,2.16%,25536300.0,13402200.0,12134100.0,38938500.0
sz300528,幸福蓝海,12.73,4.60%,13.32%,309000000.0,328000000.0,18895500.0,636000000.0
sz001256,炜冈科技,20.11,4.58%,20.68%,73986500.0,70520900.0,3465600.0,146000000.0
sh688168,安博通,39.3,4.58%,5.31%,77880500.0,80151800.0,2271300.0,158000000.0
sz300210,森远股份,3.27,4.47%,8.81%,68810200.0,70581900.0,1771800.0,141000000.0
sz002840,华统股份,18.0,4.47%,1.93%,103000000.0,54946700.0,47904700.0,159000000.0
sz301227,森鹰窗业,29.79,4.45%,8.65%,33915200.0,22377700.0,11537500.0,56292900.0
sz000977,浪潮信息,45.82,4.44%,8.76%,3200000000.0,2644000000.0,556000000.0,5884000000.0
sz300370,安控科技,3.07,4.42%,3.83%,72688700.0,55257100.0,17431600.0,132000000.0
sz000615,*ST美谷,3.34,4.37%,4.00%,60280600.00000001,39542500.0,20738000.0,100000000.0
sz300617,安靠智电,44.42,4.35%,6.25%,167000000.0,127000000.0,39755000.0,295000000.0
sz300800,力合科技,15.18,4.33%,7.72%,88971800.0,102000000.0,13154300.0,194000000.0
sh603191,望变电气,19.82,4.32%,12.81%,267000000.0,200000000.0,66531899.99999999,467000000.0
sz300331,苏大维格,26.35,4.32%,5.19%,143000000.0,124000000.0,18920600.0,271000000.0
sz002582,好想你,8.27,4.29%,6.32%,89631200.00000001,85538200.0,4093000.0,175000000.0
sz002368,太极股份,43.28,4.29%,3.10%,433000000.0,401000000.0,32013500.0,836000000.0
sz000821,京山轻机,19.73,4.28%,8.57%,553000000.0,405999999.99999994,147000000.0,964000000.0
sz300713,英可瑞,24.03,4.25%,17.93%,182000000.0,175000000.0,6426200.0,365000000.0
sz300502,新易盛,68.15,4.22%,8.68%,1925000000.0,1582000000.0,343000000.0,3578000000.0
sz301398,星源卓镁,62.35,4.21%,55.37%,339000000.0,312000000.0,27245300.000000004,651000000.0
sz301178,天亿马,33.44,4.21%,11.68%,94670700.0,76785600.0,17885200.0,171000000.0
sz000727,冠捷科技,2.24,4.19%,3.11%,128000000.0,94567200.0,33505100.000000004,240000000.0
sz000589,贵州轮胎,6.73,4.18%,5.83%,224000000.00000003,210000000.0,13832500.0,436000000.00000006
sh600088,中视传媒,14.74,4.17%,8.70%,263000000.0,250000000.0,13356199.999999998,513000000.0
sz002157,*ST正邦,2.75,4.17%,1.66%,76652500.0,41151500.0,35501000.0,118000000.0
sz002373,千方科技,14.04,4.15%,2.54%,273000000.0,218000000.00000003,54959200.0,492000000.0
sh688498,源杰科技,255.01,4.13%,12.42%,337000000.0,250999999.99999997,85244100.0,588000000.0
sh688733,壹石通,35.82,4.13%,7.31%,179000000.0,189000000.0,10219700.0,367000000.0
sz301285,鸿日达,15.98,4.10%,33.55%,146000000.0,132000000.0,14438599.999999998,278000000.0
sh601208,东材科技,14.3,4.08%,3.47%,256000000.0,179000000.0,77659900.0,434999999.99999994
sz003001,中岩大地,17.13,4.07%,10.36%,45241899.99999999,40705900.0,4536000.0,87302400.0
sz300032,金龙机电,6.4,4.07%,3.18%,88202099.99999999,68721700.0,19480400.0,161000000.0
sz002777,久远银海,35.32,4.07%,7.95%,567000000.0,534000000.0,33309800.0,1109000000.0
sh603556,海兴电力,26.64,4.06%,1.13%,77025700.0,68671000.0,8354700.0,146000000.0
sz301120,新特电气,16.18,4.05%,14.32%,200999999.99999997,139000000.0,62326200.0,340000000.0
sz002795,永和智控,8.56,4.01%,3.63%,57382200.0,55170200.00000001,2212000.0,112999999.99999999
sh603365,水星家纺,14.94,3.97%,1.80%,35421900.0,35796200.0,374300.0,71218100.0
sz300397,天和防务,11.28,3.96%,4.21%,115999999.99999999,67467100.0,48157600.0,188000000.0
sh688466,金科环境,17.88,3.95%,1.11%,8463500.0,7754900.0,708600.0,16218400.0
sh603168,莎普爱思,8.68,3.95%,4.86%,69542700.0,66517000.0,3025700.0,136000000.0
sh688362,甬矽电子,36.15,3.91%,13.93%,119000000.0,118000000.0,441900.0,237000000.0
sh603298,杭叉集团,24.72,3.91%,1.23%,118000000.0,165000000.0,46927800.0,284000000.0
sh688292,浩瀚深度,35.28,3.89%,37.13%,236000000.0,250999999.99999997,15054800.0,488000000.0
sh603421,鼎信通讯,10.69,3.89%,0.99%,35920300.0,32021800.0,3898600.0,67942100.0
sz300476,胜宏科技,26.87,3.87%,11.25%,1399000000.0,1166000000.0,233000000.0,2588000000.0
sz002691,冀凯股份,6.44,3.87%,8.11%,63116600.0,117000000.0,53979200.0,181000000.0
sz301138,华研精机,38.05,3.85%,16.41%,97094400.0,88694100.0,8400300.0,186000000.0
sz300683,海特生物,46.17,3.85%,2.79%,65692200.0,75083700.0,9391500.0,143000000.0
sz300778,新城市,18.43,3.83%,7.44%,115999999.99999999,123000000.0,6165100.0,243000000.00000003
sz002370,亚太药业,4.34,3.83%,3.51%,49032600.0,32635800.0,16396800.0,81876600.0
sz301162,国能日新,79.89,3.82%,2.46%,63247299.99999999,55022100.0,8225200.0,118000000.0
sz301049,超越科技,23.46,3.81%,12.86%,43060700.0,33205900.0,9854800.0,76266500.0
sz001283,豪鹏科技,49.85,3.75%,9.52%,49381899.99999999,46032600.0,3349300.0,95773600.0
sz002021,*ST中捷,2.23,3.72%,2.66%,23368300.0,16676000.0,6692300.0,40052100.0
sh688244,永信至诚,94.9,3.72%,14.79%,103000000.0,108000000.0,5784500.0,211000000.0
sz300677,英科医疗,22.4,3.70%,3.56%,210000000.0,163000000.0,46673200.0,378000000.0
sz000989,九芝堂,12.95,3.68%,3.13%,164000000.0,99319000.0,64519799.99999999,264000000.0
sh688167,炬光科技,115.71,3.68%,2.91%,121000000.0,99770600.0,20939600.0,220000000.00000003
sh603360,百傲化学,10.98,3.68%,1.58%,36617000.0,24632800.000000004,11984200.0,61249799.99999999
sh600776,东方通信,13.29,3.67%,5.99%,398000000.0,358000000.0,40242800.0,756000000.0
sh600523,贵航股份,14.73,3.66%,2.29%,77795500.0,57104300.0,20691200.0,135000000.0
sz300249,依米康,9.73,3.62%,6.72%,127000000.0,108000000.0,19068400.0,238000000.0
sh600816,ST建元,3.72,3.62%,0.41%,48670200.00000001,31395600.0,17274600.0,80065900.0
sz300910,瑞丰新材,50.97,3.58%,2.27%,101000000.0,101000000.0,468500.0,202000000.0
sh603429,集友股份,9.9,3.56%,1.75%,47693200.0,41787600.0,5905599.999999999,89480800.0
sh603179,新泉股份,45.42,3.56%,1.05%,126000000.0,104000000.0,22615200.0,229999999.99999997
sz000815,美利云,11.7,3.54%,4.54%,185000000.0,181000000.0,4024200.0,367000000.0
sh600183,生益科技,16.13,3.53%,1.70%,375000000.0,265000000.0,111000000.00000001,640000000.0
sz000530,冰山冷热,5.64,3.49%,5.58%,125000000.0,59579300.0,65613900.0,187000000.0
sh688060,云涌科技,53.42,3.47%,2.75%,17797000.0,20674000.0,2877000.0,38471200.0
sz301038,深水规院,19.1,3.47%,17.51%,75159500.0,66049500.0,9110000.0,141000000.0
sh600469,风神股份,6.85,3.47%,6.67%,127000000.0,127000000.0,104600.00000000001,254000000.0
sz002731,萃华珠宝,14.36,3.46%,4.84%,83096800.0,82835400.00000001,261400.0,166000000.0
sh603186,华正新材,33.84,3.45%,3.20%,79390900.0,74974400.0,4416500.0,154000000.0
sh603829,洛凯股份,16.84,3.44%,5.88%,91946200.00000001,64455900.0,27490400.0,156000000.0
sz000856,冀东装备,8.72,3.44%,5.19%,52489200.0,49347100.0,3142000.0,103000000.0
sh603789,星光农机,9.98,3.42%,2.90%,34869600.0,39572000.0,4702400.0,74441500.0
sh600736,苏州高新,5.17,3.40%,3.17%,114999999.99999999,72208900.0,43117400.0,188000000.0
sz301021,英诺激光,26.81,3.35%,6.31%,55610800.0,63222299.99999999,7611500.0,119000000.0
sh688156,路德环境,27.8,3.31%,1.81%,21917399.999999996,12936199.999999998,8981100.0,34853600.0
sz002171,楚江新材,7.5,3.31%,2.02%,109000000.00000001,85935400.00000001,22921300.0,196000000.0
sh603291,联合水务,16.94,3.29%,45.30%,176000000.0,150000000.0,26381800.0,326000000.0
sz300425,中建环能,5.34,3.29%,2.77%,57214799.99999999,40307000.0,16907800.0,98331600.0
sz300751,迈为股份,188.8,3.28%,2.62%,500000000.0,433000000.0,67096899.99999999,939000000.0
sz002774,快意电梯,8.19,3.28%,2.09%,23057199.999999996,24636800.0,1579600.0,48152100.0
sh600699,均胜电子,20.59,3.26%,4.25%,648000000.0,529000000.0,119000000.0,1177000000.0
sz300369,绿盟科技,13.32,3.26%,6.35%,286000000.0,344000000.0,58597200.0,639000000.0
sz002880,卫光生物,36.66,3.24%,0.71%,32246900.0,25002199.999999996,7244700.0,57986300.0
sz002161,远望谷,5.42,3.24%,3.17%,60295500.0,61311000.0,1015500.0,124000000.0
sh603396,金辰股份,68.49,3.23%,6.29%,240000000.0,262000000.0,22241800.0,501999999.99999994
sh603985,恒润股份,22.19,3.21%,3.06%,167000000.0,129000000.0,38694300.0,296000000.0
sz300187,永清环保,6.11,3.21%,2.98%,67321500.0,50752299.99999999,16569200.0,118000000.0
sz002322,理工能科,10.32,3.20%,2.22%,51558000.0,29672700.0,21885200.0,81666100.0
sz000682,东方电子,9.68,3.20%,1.84%,131000000.0,103000000.0,28712600.000000004,239000000.0
sh603931,格林达,30.85,3.18%,2.93%,54407700.00000001,50859100.0,3548700.0,105000000.0
sz301326,捷邦科技,39.08,3.17%,9.46%,32790500.0,29664699.999999996,3125800.0,62455300.0
sz300989,蕾奥规划,20.18,3.17%,19.71%,74945900.0,86317099.99999999,11371199.999999998,161000000.0
sz002767,先锋电子,14.66,3.17%,6.91%,60997100.0,69812500.0,8815400.0,131000000.0
sz300608,思特奇,9.78,3.16%,6.78%,89675300.0,92016200.00000001,2340900.0,182000000.0
sh688507,索辰科技,129.86,3.15%,4.42%,44471600.0,32406200.0,12065400.0,76877800.0
sh600707,彩虹股份,6.88,3.15%,4.23%,542000000.0,492000000.0,50390800.0,1034000000.0
sz300678,中科信息,47.45,3.15%,12.47%,802999999.9999999,808000000.0,5301000.0,1627000000.0
sz002714,牧原股份,42.9,3.15%,0.75%,675000000.0,484000000.0,190000000.0,1165000000.0
sh600050,中国联通,5.28,3.13%,2.52%,2346000000.0,1761000000.0,585000000.0,4107000000.0
sh600168,武汉控股,6.29,3.11%,1.89%,53663600.0,30123500.0,23540000.0,83787099.99999999
sz000423,东阿阿胶,52.77,3.11%,0.53%,109000000.00000001,67591400.0,41071100.0,177000000.0
sz300513,恒实科技,14.29,3.10%,5.90%,113999999.99999999,111000000.00000001,3307100.0,224000000.00000003
sh603030,*ST全筑,3.0,3.09%,2.41%,22885700.0,18930700.0,3955000.0,41816400.0
sz300771,智莱科技,11.71,3.08%,6.40%,67455900.0,52242800.0,15213100.0,122000000.0
sh605266,健之佳,59.06,3.07%,2.49%,39374500.0,45265300.0,5890800.0,84639800.0
sh603893,瑞芯微,78.22,3.07%,1.16%,219000000.0,158000000.0,60277299.99999999,377000000.0
sh688486,龙迅股份,105.9,3.05%,3.52%,30949899.999999996,24239000.0,6710900.0,55188900.0
sh601126,四方股份,15.95,3.04%,1.72%,140000000.0,81140600.0,58414200.0,221000000.0
sh688569,铁科轨道,44.53,3.03%,2.33%,74611800.0,60099399.99999999,14512400.0,135000000.0
sz000976,ST华铁,2.06,3.00%,1.24%,23255700.0,17220800.0,6034900.0,40553100.0
sh600406,国电南瑞,24.34,3.00%,0.27%,324000000.0,200999999.99999997,123000000.0,525000000.0
sz300851,交大思诺,27.89,2.99%,4.67%,29418200.0,29512700.0,94500.0,60060400.0
sh601619,嘉泽新能,4.48,2.99%,1.96%,109000000.00000001,105000000.0,3178600.0,214000000.0
sz301265,华新环保,12.45,2.98%,15.55%,93480600.0,53382800.0,40097800.0,147000000.0
sh603103,横店影视,20.04,2.98%,2.81%,202999999.99999997,159000000.0,43630500.0,361000000.0
sz301083,百胜智能,22.2,2.97%,22.30%,126000000.0,133000000.0,7787300.0,259000000.0
sz300518,盛讯达,21.81,2.97%,2.98%,59829000.0,65938300.0,6109299.999999999,126000000.0
sz300158,振东制药,5.92,2.96%,2.44%,88836400.0,56995600.00000001,31840800.0,147000000.0
sz002941,新疆交建,15.42,2.94%,2.80%,153000000.0,117000000.0,35981100.0,276000000.0
sh688398,赛特新材,37.26,2.93%,1.77%,31310000.0,15709800.0,15600200.0,47019900.0
sz300137,先河环保,5.63,2.93%,1.95%,28002800.000000004,22275500.0,5727300.0,51418100.00000001
sz000620,*ST新联,1.76,2.92%,1.92%,35630900.0,26688200.0,8942600.0,63574300.0
sz301211,亨迪药业,26.11,2.92%,9.33%,91736400.0,80654000.0,11082400.0,172000000.0
sz300461,田中精机,22.2,2.92%,4.02%,34769500.0,35592700.0,823100.0,72024600.0
sz002900,哈三联,13.81,2.91%,2.56%,27707600.000000004,27925800.0,218200.0,58132400.0
sz301089,拓新药业,65.03,2.91%,6.71%,173000000.0,161000000.0,12001300.000000002,334000000.0
sz300416,苏试试验,19.07,2.91%,4.91%,227999999.99999997,240000000.0,12578900.000000002,470000000.0
sz300796,贝斯美,11.69,2.90%,1.21%,29036400.0,20224900.0,8811500.0,50238500.0
sh600509,天富能源,7.46,2.90%,2.46%,131000000.0,78753100.0,52085300.0,210000000.0
sz300979,华利集团,53.5,2.88%,1.24%,54357600.0,41212500.0,13145100.0,95570300.0
sh688227,品高股份,23.99,2.87%,5.43%,47939500.0,33103800.0,14835600.0,81043200.0
sz300576,容大感光,41.89,2.87%,9.53%,286000000.0,275000000.0,11301500.0,561000000.0
sh603109,神驰机电,18.42,2.85%,2.63%,47547299.99999999,52034399.99999999,4487200.0,99581600.0
sh600804,ST鹏博士,5.06,2.85%,2.35%,79028800.0,85612900.00000001,6584000.0,165000000.0
sz000400,许继电气,23.82,2.85%,1.30%,180000000.0,128000000.0,51441700.0,310000000.0
sh603081,大丰实业,17.74,2.84%,1.16%,47072000.0,35337400.0,11734600.0,82409500.0
sh688383,新益昌,142.96,2.83%,1.83%,47136899.99999999,32987199.999999996,14149700.0,80124200.0
sz300138,晨光生物,16.71,2.83%,1.00%,40781100.0,29951900.0,10829200.0,70895000.0
sz002350,北京科锐,7.28,2.82%,3.18%,64046000.0,58199900.0,5846200.0,122000000.0
sh600897,厦门空港,14.7,2.80%,1.42%,33139800.0,28617199.999999996,4522600.0,61757100.0
sz000561,烽火电子,11.07,2.79%,11.02%,365000000.0,346000000.0,19166700.0,713000000.0
sz002742,ST三圣,3.7,2.78%,0.72%,6834000.0,4063600.0,2770500.0,10956400.000000002
sh688522,纳睿雷达,58.92,2.74%,5.84%,63723900.0,57301400.0,6422500.0,121000000.0
sh600375,汉马科技,7.53,2.73%,1.69%,42766899.99999999,39220600.0,3546300.0,81987500.0
sz300700,岱勒新材,21.88,2.72%,8.15%,148000000.0,151000000.0,2943600.0,302000000.0
sz002069,獐子岛,4.55,2.71%,2.20%,38433400.0,31547700.0,6885700.000000001,70814900.0
sz301061,匠心家居,38.36,2.70%,2.71%,17596700.0,15002100.0,2594600.0,32598700.0
sz301035,润丰股份,84.13,2.70%,1.06%,44574700.0,33379100.0,11195600.0,77953900.0
sh601929,吉视传媒,1.9,2.70%,2.40%,76809000.0,73716400.0,3092600.0,151000000.0
sz300564,筑博设计,13.07,2.67%,2.60%,18184700.0,18371200.0,186500.0,36606900.0
sz301288,清研环境,18.12,2.66%,4.54%,18384300.0,14173300.0,4211000.0,32557600.000000004
sh603998,方盛制药,11.24,2.65%,3.67%,104000000.0,70805200.0,33074699.999999996,175000000.0
sh600977,中国电影,15.5,2.65%,2.95%,438000000.0,416000000.0,22068400.0,853999999.9999999
sh603948,建业股份,25.7,2.64%,3.59%,69243100.0,77172900.0,7929800.0,146000000.0
sz002028,思源电气,51.87,2.63%,1.40%,225000000.0,206999999.99999997,18011400.0,434999999.99999994
sz002055,得润电子,10.56,2.62%,6.34%,202999999.99999997,186000000.0,16951200.0,392000000.0
sh688210,统联精密,22.03,2.61%,4.80%,60346500.0,47559100.0,12787500.0,108000000.0
sh603383,顶点软件,54.28,2.59%,0.91%,51157000.0,32230300.000000004,18926700.0,83387200.0
sh600582,天地科技,5.95,2.59%,0.81%,131000000.0,67420500.0,63610700.0,198000000.0
sz000504,南华生物,11.53,2.58%,0.48%,10559300.0,6291900.000000001,4267400.0,16952700.0
sh603235,天新药业,31.23,2.56%,4.12%,34198400.0,22088600.0,12109800.0,56287000.0
sz300085,银之杰,12.0,2.56%,2.81%,85930100.0,79423900.0,6506200.0,176000000.0
sh688786,悦安新材,48.22,2.55%,2.67%,38556400.0,28612800.000000004,9943700.0,67169200.0
sz300898,熊猫乳品,22.91,2.55%,6.67%,44960700.0,35575700.0,9385000.0,80577600.0
sh603005,晶方科技,21.7,2.55%,5.21%,361000000.0,365000000.0,3436200.0,726000000.0
sh600160,巨化股份,14.9,2.55%,1.49%,358000000.0,241000000.0,115999999.99999999,599000000.0
sz000058,深赛格,6.45,2.54%,1.07%,38901800.0,27788900.0,11112900.0,68014200.0
sz301388,欣灵电气,31.45,2.54%,45.39%,181000000.0,176000000.0,5106400.0,358000000.0
sz301386,未来电器,37.45,2.52%,58.97%,362000000.0,369000000.0,7544200.0,731000000.0
sz300458,全志科技,29.73,2.52%,4.08%,344000000.0,260000000.0,84455600.0,614000000.0
sz002387,维信诺,8.99,2.51%,1.21%,78714000.0,69761900.0,8952100.0,149000000.0
sh688317,之江生物,24.56,2.50%,2.36%,38055700.0,34296900.0,3758800.0,72352600.0
sz300456,赛微电子,24.6,2.50%,8.31%,657000000.0,555000000.0,102000000.0,1226000000.0
sz300231,银信科技,11.09,2.50%,38.30%,701000000.0,795000000.0,94342200.0,1513000000.0
sh688152,麒麟信安,111.9,2.49%,8.10%,80439700.0,80788400.0,348600.0,161000000.0
sh688281,华秦科技,207.52,2.49%,1.01%,32700900.0,37437200.0,4736200.0,70138100.0
sz300306,远方信息,12.33,2.49%,8.11%,76005200.0,77078200.0,1073000.0,154000000.0
sz301281,科源制药,27.3,2.48%,7.33%,27037600.000000004,23884100.0,3153500.0,50921700.0
sh688300,联瑞新材,54.95,2.48%,2.98%,139000000.0,163000000.0,24193400.0,302000000.0
sh688003,天准科技,45.09,2.48%,1.19%,48410800.0,56109200.0,7698400.0,105000000.0
sh601127,赛力斯,45.51,2.48%,4.00%,1452000000.0,1252000000.0,199000000.0,2704000000.0
sh600596,新安股份,11.55,2.48%,3.10%,176000000.0,193000000.0,17098600.0,369000000.0
sz001368,通达创智,25.71,2.47%,10.35%,43638300.0,29484899.999999996,14153400.0,73794500.0
sh603679,华体科技,14.93,2.47%,2.80%,37837600.0,29785300.000000004,8052300.0,67622800.0
sz300268,*ST佳沃,18.36,2.46%,0.72%,10104800.0,6944200.0,3160600.0,17361200.0
sz300664,鹏鹞环保,5.84,2.46%,1.70%,45306899.99999999,29598200.0,15708699.999999998,75727900.0
sz300675,建科院,15.91,2.45%,3.54%,38067800.0,42535300.0,4467500.0,82348300.0
sz301291,明阳电气,32.7,2.44%,16.71%,204999999.99999997,169000000.0,36077600.0,373000000.0
sh600975,新五丰,10.11,2.43%,4.66%,170000000.0,136000000.0,33895200.0,306000000.0
sh600751,海航科技,2.53,2.43%,1.06%,38181200.0,30789800.0,7391500.0,68971100.0
sz300723,一品红,28.63,2.43%,3.32%,111000000.00000001,96180400.00000001,14600700.0,206999999.99999997
sz300570,太辰光,49.25,2.43%,11.03%,524000000.0,523000000.00000006,1376699.9999999998,1048000000.0
sh688386,泛亚微透,40.71,2.42%,3.20%,31787700.0,30136200.0,1651500.0,61923900.0
sz300548,博创科技,37.03,2.41%,12.40%,522000000.0,526999999.99999994,5266700.0,1050000000.0
sh688099,晶晨股份,96.4,2.40%,0.97%,246000000.0,134000000.00000001,112999999.99999999,380000000.0
sh601231,环旭电子,16.28,2.39%,0.78%,164000000.0,111000000.00000001,53479300.0,275000000.0
sh600867,通化东宝,10.28,2.39%,0.89%,101000000.0,79033500.0,22286700.0,180000000.0
sh688091,上海谊众,75.81,2.38%,0.99%,46472299.99999999,35493700.0,10978599.999999998,81966100.0
sz300323,华灿光电,7.31,2.38%,1.95%,74640100.0,54041300.0,20598800.0,130000000.0
sz000796,*ST凯撒,4.32,2.37%,1.57%,27420000.0,25990100.000000004,1430000.0,53501800.0
sz300159,ST新研,3.03,2.36%,1.96%,41863200.0,47554900.0,5691799.999999999,89682600.0
sz301305,朗坤环境,22.18,2.35%,20.46%,157000000.0,100000000.0,56325200.00000001,256999999.99999997
sz001208,华菱线缆,9.64,2.34%,1.97%,28331200.0,18755900.0,9575300.0,47253300.0
sh603730,岱美股份,16.17,2.34%,0.56%,57237700.00000001,59282800.0,2045100.0,117000000.0
sz300232,洲明科技,8.32,2.34%,2.39%,93487900.00000001,78554700.0,14933300.0,173000000.0
sz300204,舒泰神,10.09,2.33%,1.57%,34868400.0,37878400.0,3010000.0,73617000.0
sh600226,瀚叶股份,2.64,2.33%,1.12%,53409700.0,38499700.0,14910000.0,91909400.0
sz002441,众业达,10.97,2.33%,2.98%,73457300.0,56099500.0,17357700.0,130000000.0
sh600872,中炬高新,34.59,2.31%,1.31%,211000000.0,145000000.0,66028000.0,355000000.0
sz300645,正元智慧,29.0,2.29%,1.61%,35011100.0,30149100.0,4862000.0,65392299.99999999
sz002656,ST摩登,2.24,2.28%,1.15%,6701500.0,9052100.0,2350600.0,15784900.0
sh688309,恒誉环保,21.07,2.28%,1.45%,8148000.0,5356000.0,2792000.0,13503900.000000002
sz300492,华图山鼎,60.89,2.27%,0.25%,13588400.0,7293400.0,6295000.0,21118900.0
sh600984,建设机械,4.51,2.27%,1.51%,44839700.0,39711400.0,5128200.000000001,84551100.0
sh600200,江苏吴中,7.66,2.27%,2.06%,63956400.0,47323300.0,16633100.0,111000000.00000001
sz300408,三环集团,32.02,2.27%,0.71%,241000000.0,175000000.0,66019900.0,416000000.0
sz301314,科瑞思,58.47,2.26%,13.27%,53258900.0,52027500.0,1231400.0,105000000.0
sz002923,润都股份,13.57,2.26%,1.39%,21923200.0,26125600.0,4202400.0,48419900.0
sz301148,嘉戎技术,22.27,2.25%,3.46%,17772000.0,11452300.0,6319700.0,29224300.0
sz000889,ST中嘉,1.82,2.25%,1.74%,15313500.0,11679800.0,3633700.0,27254800.0
sz301230,泓博医药,55.23,2.24%,20.85%,149000000.0,127000000.0,22191500.0,276000000.0
sz301012,扬电科技,24.23,2.24%,3.84%,33025100.000000004,37506000.0,4480900.0,70531000.0
sh603013,亚普股份,15.98,2.24%,0.88%,40127800.0,30953100.0,9174700.0,71080900.0
sh603076,乐惠国际,45.69,2.24%,1.16%,25279300.0,38059600.0,12780300.0,63339000.0
sh603379,三美股份,27.4,2.24%,2.30%,217000000.0,166000000.0,50920600.00000001,382000000.0
sz300499,高澜股份,17.81,2.24%,13.48%,337000000.0,310000000.0,26729500.0,654000000.0
sz300858,科拓生物,16.08,2.23%,2.96%,22448700.0,15575300.0,6873500.0,38023900.0
sh688092,爱科科技,29.9,2.22%,4.51%,18752000.0,17575500.0,1176500.0,36327400.0
sh603171,税友股份,39.86,2.21%,1.13%,26347000.0,14322300.0,12024700.0,40669300.0
sh601000,唐山港,3.7,2.21%,0.57%,73856900.0,49150200.00000001,24706800.0,123000000.0
sz002254,泰和新材,24.01,2.21%,1.77%,95895000.0,84256800.0,11638200.0,182000000.0
sz300864,南大环境,23.73,2.20%,7.30%,35411500.0,31572399.999999996,3839100.0000000005,66984000.0
sh600250,南纺股份,6.53,2.19%,2.05%,22214500.0,15525200.0,6689299.999999999,37739700.0
sh600536,中国软件,50.79,2.19%,2.32%,503000000.0,486000000.00000006,17064600.0,989000000.0
sz002338,奥普光电,37.86,2.19%,3.68%,157000000.0,177000000.0,20435100.0,334000000.0
sh600287,江苏舜天,5.15,2.18%,1.00%,12657400.0,9533000.0,3124400.0,22190400.0
sh688219,会通股份,10.83,2.17%,1.76%,29263400.0,31501000.0,2237600.0,60764300.0
sh688681,科汇股份,16.11,2.16%,1.73%,10277400.0,8210500.0,2066900.0,18487900.0
sh600706,曲江文旅,17.04,2.16%,5.30%,123000000.0,105000000.0,18119700.0,227999999.99999997
sz000909,ST数源,6.15,2.16%,1.98%,25790700.0,19890500.0,5900200.0,46596000.0
sh600789,鲁抗医药,6.66,2.15%,1.82%,58122299.99999999,49228400.0,8894000.0,107000000.0
sh600482,中国动力,23.24,2.15%,1.69%,413999999.99999994,366000000.0,47612200.0,781000000.0
sh600128,弘业股份,8.54,2.15%,3.04%,36251800.0,27594800.0,8657000.0,63846700.0
sh603936,博敏电子,12.42,2.14%,3.80%,124000000.0,115999999.99999999,8030800.0,240000000.0
sh600572,康恩贝,5.72,2.14%,2.25%,199000000.0,127000000.0,72270600.0,326000000.0
sz300446,乐凯新材,13.38,2.14%,2.96%,39332300.0,36923200.0,2409200.0,78298700.0
sz002268,电科网安,27.79,2.13%,3.08%,320000000.0,405999999.99999994,85949599.99999999,729000000.0
sz301353,普莱得,41.0,2.12%,26.12%,107000000.0,93047700.0,13707100.0,200000000.0
sz001268,联合精密,23.11,2.12%,3.07%,14050600.0,10249100.0,3801500.0,24789600.0
sh600599,ST熊猫,11.07,2.12%,0.74%,9266900.0,4176900.0,5090000.0,13443800.000000002
sz300212,易华录,32.49,2.11%,3.73%,391000000.0,386000000.0,4591800.0,781000000.0
sh688777,中控技术,55.17,2.11%,1.01%,165000000.0,132000000.0,33126400.0,297000000.0
sz300741,华宝股份,22.77,2.11%,0.30%,22554200.0,17458200.0,5096000.0,42000300.0
sh688255,凯尔达,30.44,2.11%,1.34%,14709000.0,13184700.0,1524199.9999999998,27893700.0
sh603170,宝立食品,19.95,2.10%,12.63%,68386400.0,31368900.0,37017500.0,99755400.00000001
sh603097,江苏华辰,25.45,2.09%,38.52%,217000000.0,187000000.0,30637600.000000004,404000000.0
sz301082,久盛电气,18.53,2.09%,7.93%,50057600.0,46485300.0,3572300.0,96543000.0
sh600285,羚锐制药,15.17,2.09%,0.94%,40891200.0,37741600.0,3149600.0,78632900.0
sz300729,乐歌股份,16.62,2.09%,2.56%,62344300.0,59689300.0,2655000.0,124000000.0
sh688617,惠泰医疗,378.0,2.08%,0.38%,39529600.0,23938500.0,15591099.999999998,63468100.00000001
sz301252,同星科技,54.61,2.07%,36.38%,200000000.0,192000000.0,7990300.0,393000000.0
sh601616,广电电气,3.45,2.07%,1.17%,24177800.000000004,13383900.000000002,10793800.000000002,37561700.0
sh603059,倍加洁,23.19,2.07%,1.21%,13328000.0,14649500.0,1321399.9999999998,27977500.0
sh600011,华能国际,9.35,2.07%,0.51%,289000000.0,235000000.0,53712400.0,524000000.0
sz300225,金力泰,8.43,2.06%,6.36%,115999999.99999999,129000000.0,12420200.0,250999999.99999997
sh688220,翱捷科技,79.25,2.05%,0.50%,63880700.0,23738200.0,40142500.0,87618900.0
sz300766,每日互动,17.08,2.03%,5.60%,176000000.0,172000000.0,4125299.9999999995,350000000.0
sz300352,北信源,5.03,2.03%,3.31%,108000000.0,93086000.0,14433000.0,200999999.99999997
sz002495,佳隆股份,2.51,2.03%,1.28%,13148300.0,9739000.0,3409300.0,22901800.0
sz003012,东鹏控股,10.1,2.02%,2.45%,92059000.0,64819500.0,27239500.0,157000000.0
sh603997,继峰股份,13.65,2.02%,0.81%,73101000.0,51770500.0,21330600.0,125000000.0
sz002972,科安达,13.22,2.01%,3.34%,29640700.0,24294400.0,5346300.0,54586000.0
sh688058,宝兰德,53.3,2.01%,1.12%,16910700.0,16279700.0,630900.0,33190400.0
sz002859,洁美科技,29.45,2.01%,0.75%,43061899.99999999,43161400.0,99600.00000000001,87557800.0
sz300868,杰美特,18.83,2.00%,4.59%,22932300.0,20391200.0,2541100.0,43323500.0
sh688339,亿华通,66.32,2.00%,3.82%,112999999.99999999,91876000.0,21137500.0,204999999.99999997
sh603385,惠达卫浴,7.66,2.00%,0.81%,13798699.999999998,8996500.0,4802200.0,22795200.0
sh601233,桐昆股份,14.37,1.99%,1.21%,233000000.0,162000000.0,70742800.0,396000000.0
sz002090,金智科技,12.32,1.99%,2.39%,67701400.0,49673700.0,18027700.0,118000000.0
sz300311,任子行,6.19,1.98%,6.39%,110000000.00000001,103000000.0,6451900.000000001,214000000.0
sz002485,*ST雪发,4.13,1.98%,0.24%,2259800.0,3100600.0,840800.0,5388800.0
sz300349,金卡智能,14.39,1.98%,2.31%,58450900.0,60930700.0,2479900.0,127000000.0
sz002357,富临运业,7.21,1.98%,3.48%,41803800.0,36496000.0,5307800.0,78480000.0
sh605128,上海沿浦,41.82,1.95%,5.13%,40583000.0,46019799.99999999,5436799.999999999,86602700.0
sz300721,怡达股份,16.19,1.95%,3.67%,38029700.0,42095500.0,4065700.0,81129000.0
sh600750,江中药业,19.42,1.94%,1.56%,104000000.0,83624599.99999999,20546900.0,188000000.0
sz300170,汉得信息,11.55,1.94%,9.81%,567000000.0,495000000.0,71925800.0,1072000000.0000001
sz002808,ST恒久,6.84,1.94%,3.25%,23016900.0,18116500.0,4900400.0,41270800.0
sz300018,中元股份,6.85,1.93%,2.70%,40626600.0,29833200.0,10793300.0,71536900.0
sh688101,三达膜,13.8,1.92%,0.63%,16996500.0,11909600.0,5086900.0,28906100.0
sh600749,西藏旅游,13.29,1.92%,5.29%,83809200.0,77635900.0,6173300.0,161000000.0
sh600461,洪城环境,7.96,1.92%,0.63%,32997399.999999996,16737400.0,16259900.0,49734799.99999999
sz300637,扬帆新材,7.44,1.92%,1.17%,12070900.0,8014299.999999999,4056600.0000000005,20092700.0
sh600112,ST天成,3.2,1.91%,0.75%,6782500.0,5332500.0,1450000.0,12115000.0
sz002319,乐通股份,17.7,1.90%,6.50%,111000000.00000001,115999999.99999999,4418900.0,227999999.99999997
sz300215,电科院,5.37,1.90%,1.24%,26237300.0,19561700.0,6675599.999999999,46435100.0
sh603729,龙韵股份,16.07,1.90%,3.28%,26552399.999999996,22552100.0,4000400.0,49104600.0
sh600879,航天电子,8.03,1.90%,1.86%,219000000.0,184000000.0,34500100.0,403000000.0
sh600452,涪陵电力,18.81,1.90%,0.85%,83149300.0,62452000.0,20697300.0,146000000.0
sh600389,江山股份,25.78,1.90%,2.44%,144000000.0,130000000.0,13869400.0,274000000.0
sh603577,汇金通,9.71,1.89%,0.66%,10950900.0,7407900.0,3543000.0,18358900.0
sz300534,陇神戎发,10.22,1.89%,3.64%,66756100.0,43495400.0,23260800.0,110000000.00000001
sz300181,佐力药业,11.84,1.89%,2.33%,80530000.0,80111800.0,418200.0,163000000.0
sz003037,三和管桩,12.99,1.88%,8.11%,55015000.0,38903900.0,16111099.999999998,95316600.0
sh600794,保税科技,3.8,1.88%,2.00%,49870500.0,42478900.0,7391600.0,92349400.0
sh603332,苏州龙杰,8.65,1.88%,1.54%,12343900.000000002,9666700.0,2677200.0000000005,22010500.0
sh600271,航天信息,13.56,1.88%,0.79%,104000000.0,95749400.0,8466900.0,200000000.0
sz300291,百纳千成,7.09,1.87%,3.70%,112999999.99999999,107000000.0,5959000.0,220000000.00000003
sz003039,顺控发展,17.49,1.86%,4.16%,50101800.0,38613800.0,11488000.0,89082800.0
sh603838,四通股份,6.03,1.86%,1.10%,12430100.0,6477300.0,5952800.0,18907300.0
sh603603,*ST博天,3.3,1.85%,1.70%,24151400.0,22008200.0,2143200.0,46159600.0
sz300163,先锋新材,3.32,1.84%,3.79%,32190200.0,26993400.0,5196799.999999999,59740300.0
sz300825,阿尔特,17.84,1.83%,1.60%,68865300.0,63201700.0,5663600.0,134000000.00000001
sz000637,ST实华,3.33,1.83%,0.61%,3521300.0,3877300.0,356000.0,7400900.0
sh600293,三峡新材,2.79,1.82%,1.85%,34341000.0,25292399.999999996,9048500.0,59633500.0
sh603355,莱克电气,27.35,1.82%,0.44%,38905800.0,29436700.0,9469100.0,68342600.0
sh603000,人民网,34.7,1.82%,15.49%,2868000000.0,3037000000.0,169000000.0,5905000000.0
sh600225,卓朗科技,6.14,1.82%,1.17%,113999999.99999999,136000000.0,22569000.0,250000000.0
sh688190,云路股份,75.2,1.81%,0.64%,14320200.0,11698599.999999998,2621600.0000000005,26018800.0
sh688038,中科通达,15.19,1.81%,4.45%,28504000.0,25698900.0,2805000.0,54202800.0
sh603778,乾景园林,5.63,1.81%,4.43%,89705000.0,68648200.0,21056900.0,158000000.0
sh603321,梅轮电梯,7.86,1.81%,0.99%,12856900.0,10889700.0,1967200.0,23746700.0
sz300034,钢研高纳,24.74,1.81%,0.46%,42837500.0,38349300.0,4488200.0,82391800.0
sz002053,云南能投,11.8,1.81%,0.77%,45201800.0,31128300.0,14073500.0,77668100.0
sz000410,沈阳机床,7.93,1.80%,0.56%,52640500.0,21596600.0,31043800.0,74769800.0
sz300692,中环环保,7.36,1.80%,1.53%,24409300.0,16815100.0,7594200.0,42117900.0
sz002413,雷科防务,5.66,1.80%,5.57%,198000000.0,195000000.0,3013500.0,396000000.0
sz002068,黑猫股份,11.9,1.80%,3.71%,182000000.0,142000000.0,39438500.0,326000000.0
sz300498,温氏股份,18.8,1.79%,0.38%,202999999.99999997,172000000.0,30740000.0,380000000.0
sh600970,中材国际,12.59,1.78%,0.65%,77042100.0,63324399.99999999,13717700.0,140000000.0
sz300220,ST金运,6.85,1.78%,1.11%,6708400.0,4569500.0,2139000.0,11428599.999999998
sh688369,致远互联,56.99,1.77%,1.71%,63161000.0,46961899.99999999,16199100.0,110000000.00000001
sh603726,朗迪集团,13.23,1.77%,0.93%,14248800.000000002,8441700.0,5807000.0,22690500.0
sh601989,中国重工,4.59,1.77%,0.62%,363000000.0,263000000.0,100000000.0,626000000.0
sz002400,省广集团,5.74,1.77%,21.52%,1047000000.0000001,1121000000.0,74104000.0,2171000000.0
sh600637,东方明珠,8.09,1.76%,0.66%,94612300.0,87769000.0,6843300.0,182000000.0
sh600398,海澜之家,7.5,1.76%,0.35%,68549600.0,45704500.0,22845000.0,113999999.99999999
sz300152,新动力,2.89,1.76%,1.37%,17591900.0,10033600.0,7558300.0,28033700.0
sz300883,龙利得,6.4,1.75%,2.47%,20196000.0,17120500.0,3075500.0,37316500.0
sh600967,内蒙一机,9.9,1.75%,0.84%,76091300.0,64641800.0,11449500.0,141000000.0
sz002451,摩恩电气,6.97,1.75%,1.34%,21063000.0,19683000.0,1380000.0,40866400.0
sz002275,桂林三金,16.89,1.75%,0.33%,17230100.0,12459700.0,4770400.0,30436000.0
sh603368,柳药集团,23.41,1.74%,1.61%,82473799.99999999,53662299.99999999,28811500.0,136000000.0
sh600379,宝光股份,10.53,1.74%,1.76%,29788100.0,31420900.0,1632800.0,61209000.0
sz000010,美丽生态,2.34,1.74%,3.52%,20138500.0,22476500.0,2338000.0,42990900.0
sz301337,亚华电子,36.52,1.73%,17.68%,77580300.0,82336700.0,4756300.0,160000000.0
sz300949,奥雅股份,38.22,1.73%,5.45%,17475500.0,17440700.0,34800.0,34916100.0
sz300536,农尚环境,14.66,1.73%,0.75%,17378500.0,14622600.0,2755800.0,32009899.999999996
sz301051,信濠光电,65.1,1.72%,1.30%,29756400.0,21980300.000000004,7776100.0,52452700.00000001
sz300906,日月明,26.05,1.72%,5.70%,25801900.0,21425800.0,4376100.0,47227700.00000001
sh603408,建霖家居,11.22,1.72%,1.50%,11451300.000000002,7777100.0,3674200.0,19228400.0
sh603703,盛洋科技,10.07,1.72%,2.06%,42487400.0,43504600.0,1017200.0,85991900.0
sh600491,龙元建设,4.72,1.72%,3.76%,156000000.0,110000000.00000001,45367900.0,266000000.0
sh600239,云南城投,2.37,1.72%,2.67%,48946200.0,52086000.0,3139800.0,101000000.0
sh688286,敏芯股份,60.62,1.71%,2.33%,23882700.0,26304500.0,2421700.0,50187100.0
sh688352,颀中科技,14.37,1.70%,4.96%,49320700.0,57456899.99999999,8136200.0,107000000.0
sz300775,三角防务,32.91,1.70%,1.22%,109000000.00000001,103000000.0,6077300.0,213000000.0
sh688370,丛麟科技,27.01,1.69%,1.92%,7818700.0,4962800.0,2855899.9999999995,12781500.0
sz002300,太阳电缆,8.4,1.69%,2.51%,86510200.0,65970300.0,20539899.999999996,153000000.0
sz000953,河化股份,5.44,1.68%,0.96%,13197300.0,5596000.0,7601200.0,18892300.0
sh600633,浙数文化,16.92,1.68%,5.82%,635000000.0,632000000.0,2612100.0,1267000000.0
sh603859,能科科技,48.51,1.68%,1.30%,49539900.0,54967600.0,5427700.0,105000000.0
sh688051,佳华科技,35.64,1.68%,1.14%,15166300.000000002,12452300.0,2713900.0,27618600.0
sz000952,广济药业,7.87,1.68%,1.88%,27909400.0,22068700.0,5840700.000000001,50418800.0
sh603206,嘉环科技,17.68,1.67%,7.61%,60727600.0,57223800.0,3503800.0,118000000.0
sz301077,星华新材,21.94,1.67%,2.80%,13524900.0,12751600.0,773300.0,26276400.0
sz300927,江天化学,17.07,1.67%,1.52%,12441300.000000002,9578000.0,2863300.0,22019300.0
sh605369,拱东医疗,59.69,1.67%,3.30%,32990100.000000004,21823600.0,11166500.0,54813700.0
sh600167,联美控股,6.71,1.67%,0.27%,23951200.0,17468800.0,6482400.0,41420000.0
sh600429,三元股份,4.92,1.65%,0.62%,24461900.0,21018300.0,3443500.0,45480200.00000001
sz300411,金盾股份,6.78,1.65%,2.67%,25516200.0,23260100.000000004,2256200.0,49035200.00000001
sz000533,顺钠股份,4.31,1.65%,1.30%,21515200.0,16608400.0,4906800.0,38189400.0
sh605388,均瑶健康,12.99,1.64%,2.19%,20987199.999999996,18727700.0,2259500.0,39715000.0
sh603320,迪贝电气,14.87,1.64%,0.88%,8197800.0,8652000.0,454200.0,16849700.0
sh603077,和邦生物,2.48,1.64%,1.29%,144000000.0,141000000.0,2480300.0,285000000.0
sh603019,中科曙光,49.5,1.64%,5.89%,2160000000.0,2069000000.0000002,91623000.0,4229000000.0
sh600570,恒生电子,38.32,1.64%,1.75%,656000000.0,612000000.0,44070100.0,1268000000.0
sz300265,通光线缆,10.52,1.64%,2.33%,47009700.0,40429500.0,6580200.0,88996600.0
sz300095,华伍股份,9.89,1.64%,3.41%,57820100.0,51674399.99999999,6145700.000000001,112000000.00000001
sz301393,昊帆生物,98.28,1.63%,22.86%,280000000.0,244000000.0,36143800.0,523000000.00000006
sh600085,同仁堂,52.97,1.63%,0.71%,276000000.0,238000000.0,37804200.0,513999999.99999994
sz300189,神农科技,3.73,1.63%,6.74%,136000000.0,106000000.0,29978500.0,244000000.0
sz300172,中电环保,4.98,1.63%,2.95%,42337900.0,28698800.0,13639100.0,71577700.0
sz002735,王子新材,13.7,1.63%,0.99%,12789400.0,12221099.999999998,568300.0,25849200.0
sz002529,海源复材,16.21,1.63%,5.66%,118000000.0,112999999.99999999,5597900.0,235000000.0
sz000885,城发环境,13.09,1.63%,0.73%,38940700.0,22105500.0,16835200.0,61323900.0
sz000820,神雾节能,3.77,1.62%,2.48%,13393599.999999998,13274900.0,118699.99999999999,26757399.999999996
sh601567,三星医疗,16.3,1.62%,3.35%,409999999.99999994,351000000.0,58899399.99999999,761000000.0
sz002327,富安娜,8.16,1.62%,0.94%,17141000.0,19978600.0,2837500.0,37145700.0
sz002452,长高电新,7.59,1.61%,2.05%,41393200.0,37561200.0,3831900.0,79513100.0
sh603808,歌力思,13.28,1.61%,0.89%,21066300.0,22357100.0,1290800.0000000002,43423500.0
sh603050,科林电气,17.06,1.61%,3.20%,67976300.0,53912700.00000001,14063599.999999998,122000000.0
sh600655,豫园股份,6.94,1.61%,0.69%,99299700.0,88105900.0,11193800.000000002,187000000.0
sz002669,康达新材,13.29,1.61%,3.39%,62183000.0,67275100.0,5092100.0,130000000.0
sh688279,峰岹科技,125.97,1.59%,1.35%,52077100.0,40529300.0,11547800.0,92606400.0
sz300101,振芯科技,20.47,1.59%,4.61%,269000000.0,259000000.0,9869400.0,533000000.0
sz002780,三夫户外,13.43,1.59%,2.22%,20288900.0,18160300.0,2128700.0,38761000.0
sh688315,诺禾致源,25.04,1.58%,1.44%,21408600.0,17721800.0,3686800.0,39130500.0
sh688023,安恒信息,179.59,1.58%,1.39%,95486100.0,104000000.0,8121300.0,199000000.0
sz002364,中恒电气,8.35,1.58%,1.34%,33006700.0,25203100.0,7803600.0,58427800.0
sz000948,南天信息,18.68,1.58%,11.57%,411000000.00000006,417000000.0,6055800.0,841000000.0
sz000702,正虹科技,5.78,1.58%,1.92%,15951800.0,13461900.0,2489900.0,29464600.0
sz300929,华骐环保,11.66,1.57%,2.88%,18899500.0,13031099.999999998,5868400.0,31930600.0
sz300993,玉马遮阳,11.03,1.57%,4.87%,26720000.0,26913200.0,193200.0,53633200.0
sz002120,韵达股份,9.73,1.57%,1.38%,210000000.0,169000000.0,40186400.0,381000000.0
sh605069,正和生态,9.11,1.56%,1.85%,7801000.0,6265500.0,1535500.0,14066500.0
sh600343,航天动力,10.42,1.56%,0.98%,35337200.0,28839699.999999996,6497500.0,64176800.0
sz002453,华软科技,11.73,1.56%,1.12%,42859600.0,37082100.0,5777500.0,80222000.0
sh603861,白云电器,9.75,1.56%,1.38%,32421100.0,24143800.0,8277300.0,56565000.0
sz300051,三五互联,12.48,1.55%,3.08%,70364400.0,67547600.0,2816800.0,140000000.0
sz300916,朗特智能,31.36,1.55%,6.90%,46368200.0,43493800.0,2874400.0,89861900.0
sz300830,金现代,9.15,1.55%,2.24%,32491900.0,29745000.0,2746900.0,63351200.0
sh603889,新澳股份,7.87,1.55%,0.43%,13425900.0,10724600.0,2701300.0,24150500.0
sh688192,迪哲医药,32.36,1.54%,2.65%,16824800.0,16181099.999999998,643600.0,33005900.0
sh600423,柳化股份,3.3,1.54%,0.79%,12279300.0,8406200.0,3873100.0,20685600.0
sh603095,越剑智能,15.31,1.53%,0.83%,14900400.0,8479000.0,6421400.0,23379400.0
sh603580,艾艾精工,13.92,1.53%,0.82%,7503900.0,7364500.0,139400.0,14868500.0
sh605599,菜百股份,14.05,1.52%,1.43%,54754300.0,63002400.0,8248099.999999999,118000000.0
sz300838,浙江力诺,18.67,1.52%,2.60%,27077500.0,21189300.0,5888200.000000001,48815700.0
sh603686,福龙马,10.7,1.52%,1.73%,41078100.00000001,35398400.0,5679700.0,76476400.0
sh603277,银都股份,26.05,1.52%,0.27%,13949100.0,15402800.0,1453800.0,29351900.0
sh601086,国芳集团,4.68,1.52%,1.53%,23532500.0,23834899.999999996,302400.0,47367400.0
sz300479,神思电子,20.72,1.52%,3.06%,63868300.0,57574600.0,6293800.0,124000000.0
sz300222,科大智能,8.01,1.52%,3.23%,86336600.0,74016500.0,12320000.0,163000000.0
sz002498,汉缆股份,4.0,1.52%,0.48%,41853200.0,21392000.0,20461200.0,63369700.0
sz301019,宁波色母,21.5,1.51%,1.50%,10039700.0,8048800.0,1990900.0,18088500.0
sz301079,邵阳液压,22.21,1.51%,2.69%,17420500.0,17251000.0,169500.0,34671500.0
sz300963,中洲特材,14.11,1.51%,6.08%,44634399.99999999,45006500.0,372100.0,89660600.0
sh600150,中国船舶,32.23,1.51%,1.99%,1539000000.0,1318000000.0,221000000.0,2856000000.0
sz300475,香农芯创,47.2,1.51%,11.09%,1089000000.0,1142000000.0,52942000.0,2279000000.0
sz300247,融捷健康,3.36,1.51%,1.31%,21832900.0,12842200.0,8990600.0,35172900.0
sz300105,龙源技术,6.73,1.51%,1.07%,21964100.0,14426400.000000002,7537700.0,36882400.0
sz301429,森泰股份,23.67,1.50%,9.58%,31252600.000000004,31460700.0,208100.0,62713300.0
sh605368,蓝天燃气,10.15,1.50%,3.49%,38341800.0,48649900.0,10308100.0,86991800.0
sh605188,国光连锁,8.8,1.50%,14.96%,44040000.0,34321600.0,9718500.0,78361600.0
sh688516,奥特维,191.56,1.50%,1.44%,110000000.00000001,99102600.0,10738200.0,209000000.0
sh605177,东亚药业,25.96,1.49%,3.24%,24232900.0,22704500.0,1528400.0,46937400.0
sh600933,爱柯迪,23.23,1.49%,0.70%,69423400.0,73142700.0,3719400.0,143000000.0
sz000975,银泰黄金,12.94,1.49%,0.96%,154000000.0,147000000.0,6391500.0,302000000.0
sz002933,新兴装备,28.12,1.48%,2.63%,40078200.0,44301899.99999999,4223700.0,84844100.0
sz002328,新朋股份,6.18,1.48%,3.61%,59055600.00000001,66676300.0,7620700.000000001,126000000.0
sh603709,中源家居,15.83,1.47%,1.41%,10163800.0,7550500.0,2613300.0,17714400.0
sh600313,农发种业,9.66,1.47%,8.28%,437000000.0,423000000.00000006,14147800.0,859000000.0
sz300627,华测导航,32.55,1.47%,0.86%,61765500.0,45976000.0,15789500.0,123000000.0
sz000608,阳光股份,2.76,1.47%,1.00%,11698800.000000002,8879200.0,2819600.0,20719000.0
sz002231,奥维通信,6.92,1.47%,5.16%,55187600.0,49783000.0,5404700.0,106000000.0
sz000715,中兴商业,7.61,1.47%,1.18%,20829899.999999996,15291400.000000002,5538500.0,37059900.0
sh601179,中国西电,5.56,1.46%,0.65%,109000000.00000001,73560700.0,35189500.0,182000000.0
sh600590,泰豪科技,6.97,1.46%,1.02%,35193100.0,24094000.0,11099100.0,59287100.0
sz300371,汇中股份,13.88,1.46%,1.43%,13024200.0,13549600.0,525400.0,26844899.999999996
sh688096,京源环保,9.82,1.45%,1.10%,7510300.0,5542300.0,1968000.0,13052600.0
sh600973,宝胜股份,4.89,1.45%,1.20%,50801400.0,29187500.0,21613900.0,79988900.0
sh600328,中盐化工,9.11,1.45%,1.85%,86296800.0,71073200.0,15223599.999999998,157000000.0
sz300761,立华股份,18.89,1.45%,0.21%,14860000.0,8726400.0,6133600.0,24272100.0
sh688598,金博股份,114.16,1.45%,1.30%,66860200.00000001,74055400.0,7195200.0,141000000.0
sz300365,恒华科技,7.71,1.45%,4.13%,74977600.0,61283400.0,13694200.0,139000000.0
sz002397,梦洁股份,3.49,1.45%,0.91%,9234900.0,8838500.0,396400.0,18158600.0
sh605589,圣泉集团,27.45,1.44%,6.08%,566000000.0,459999999.99999994,107000000.0,1026000000.0
sz300897,山科智能,35.29,1.44%,5.76%,26641800.0,33006900.0,6365100.0,59648700.0
sz300889,爱克股份,15.55,1.44%,1.98%,17125200.0,10022200.0,7103000.0,27147500.0
sh603725,天安新材,8.46,1.44%,2.85%,22500000.0,27042100.0,4542100.0,49542100.0
sh603817,海峡环保,6.33,1.44%,0.79%,15886500.0,9996100.0,5890400.0,25882600.000000004
sh603060,国检集团,10.59,1.44%,0.23%,10231000.0,9271200.0,959900.0,19502200.0
sz002879,长缆科技,16.19,1.44%,0.72%,7650400.0,7525700.000000001,124700.0,15493500.0
sz002316,亚联发展,5.62,1.44%,31.74%,266000000.0,298000000.0,31442600.000000004,565000000.0
sz000752,*ST西发,4.23,1.44%,0.80%,6303700.0,2620299.9999999995,3683300.0,8965400.0
sh600610,中毅达,9.93,1.43%,1.79%,37223400.0,41544600.0,4321100.0,78768000.0
sh688596,正帆科技,38.7,1.42%,0.76%,36078400.0,29465800.0,6612700.0,65544200.0
sz300708,聚灿光电,10.7,1.42%,2.44%,42533000.0,48563100.00000001,6030100.0,98096400.0
sz300120,经纬辉开,7.88,1.42%,5.21%,80524600.0,82729500.0,2204900.0,166000000.0
sz002801,微光股份,26.44,1.42%,0.76%,14050600.0,8848100.0,5202500.0,23102300.0
sz002595,豪迈科技,34.32,1.42%,0.25%,26573900.0,18420400.0,8153500.0,45812299.99999999
sz002723,小崧股份,12.93,1.41%,10.44%,204999999.99999997,200000000.0,4938300.0,409999999.99999994
sh603101,汇嘉时代,6.46,1.41%,1.24%,20523600.0,16613599.999999998,3910000.0,37137100.0
sz002332,仙琚制药,12.91,1.41%,0.54%,40633800.0,26833300.0,13800500.0,68067000.0
sz002236,大华股份,22.3,1.41%,3.92%,827000000.0,878999999.9999999,51276800.0,1717000000.0000002
sz000926,福星股份,4.33,1.41%,0.86%,23397600.000000004,10970700.0,12426900.0,34489600.0
sh688525,佰维存储,94.1,1.40%,26.84%,455000000.0,413000000.0,42108800.0,867000000.0
sh600538,国发股份,4.35,1.40%,0.94%,12748500.0,8511700.0,4236800.0,21260200.0
sh600468,百利电气,5.06,1.40%,1.27%,36612100.0,32723200.0,3888900.0,69335200.0
sz300188,美亚柏科,19.59,1.40%,4.66%,331000000.0,335000000.0,4452900.0,669000000.0
sh600883,博闻科技,7.94,1.40%,0.97%,11415500.0,6728000.0,4687500.0,18143400.0
sz002491,通鼎互联,6.51,1.40%,4.00%,164000000.0,144000000.0,19293700.0,309000000.0
sz000990,诚志股份,7.96,1.40%,0.56%,28544100.0,25817100.0,2726900.0,54431200.0
sz301289,国缆检测,36.56,1.39%,4.21%,19446400.0,19709900.0,263600.0,39156300.0
sh688127,蓝特光学,17.48,1.39%,1.14%,17143600.0,16908000.0,235600.0,34051600.0
sh688010,福光股份,24.13,1.39%,0.82%,13712300.0,16328599.999999998,2616300.0,30040800.0
sh603655,朗博科技,24.85,1.39%,0.53%,8076900.000000001,5822700.0,2254200.0,13899600.0
sh603530,神马电力,16.0,1.39%,0.71%,25634000.0,23090100.000000004,2543900.0,48724100.0
sh603357,设计总院,10.26,1.38%,1.17%,28444800.0,25386200.0,3058600.0,53831000.0
sz300730,科创信息,13.99,1.38%,5.23%,69607700.0,72544600.0,2936900.0,144000000.0
sz300069,金利华电,13.99,1.38%,0.41%,4066500.0,2479000.0,1587500.0,6726100.0
sz002037,保利联合,9.53,1.38%,1.69%,42715100.0,31191400.0,11523699.999999998,77361200.0
sz000603,盛达资源,13.97,1.38%,7.75%,311000000.0,319000000.0,8376700.0,631000000.0
sz300067,安诺其,2.96,1.37%,0.86%,11481400.000000002,7980700.000000001,3500700.0,19545900.0
sz300155,安居宝,5.17,1.37%,1.47%,15458300.0,8960800.0,6497500.0,25023300.0
sh605086,龙高股份,20.78,1.37%,1.39%,7728200.000000001,6955300.0,773000.0,14683500.0
sh600526,菲达环保,5.18,1.37%,2.52%,49636000.0,43360100.0,6276000.0,92996100.0
sh603700,宁水集团,14.79,1.37%,1.00%,15992000.0,13955100.0,2036900.0,29947100.0
sh600874,创业环保,5.92,1.37%,0.75%,33702700.0,20740100.000000004,12962600.0,54442800.0
sh603839,安正时尚,7.47,1.36%,0.52%,8871000.0,6653800.0,2217100.0,15524800.0
sh600886,国投电力,12.69,1.36%,0.17%,91522900.00000001,57312100.0,34210900.0,149000000.0
sh600266,城建发展,5.21,1.36%,0.75%,46860400.0,40893900.0,5966600.0,87754300.0
sh688566,吉贝尔,36.89,1.35%,0.36%,12921000.0,9478700.0,3442200.0000000005,22399699.999999996
sz301068,大地海洋,38.32,1.35%,1.01%,9483300.0,5719400.000000001,3763900.0,15202700.0
sh603991,至正股份,38.31,1.35%,0.51%,7019600.0,7446900.000000001,427299.99999999994,14466500.0
sz002694,顾地科技,6.76,1.35%,2.24%,41862500.0,38491000.0,3371500.0,80965100.0
sz301055,张小泉,14.34,1.34%,1.71%,8754100.0,5487800.0,3266200.0,14241900.0
sz002430,杭氧股份,33.24,1.34%,0.28%,49820100.0,37940800.0,11879300.0,88561600.0
sz002252,上海莱士,7.55,1.34%,0.49%,138000000.0,112000000.00000001,25896000.0,250000000.0
sz002178,延华智能,3.79,1.34%,1.32%,20342000.0,15193200.0,5148700.0,35595000.0
sz300640,德艺文创,6.11,1.33%,1.97%,15717800.0,10725500.0,4992300.0,26444500.0
sh600137,浪莎股份,17.46,1.33%,2.30%,19751300.0,19102900.0,648500.0,38854200.0
sh603267,鸿远电子,61.75,1.33%,2.34%,174000000.0,152000000.0,22008000.0,327000000.0
sz300388,节能国祯,6.88,1.33%,0.39%,12099800.0,6293500.0,5806300.0,18872800.0
sz002565,顺灏股份,3.05,1.33%,1.25%,23043800.0,16427000.0,6616799.999999999,39839300.0
sz301098,金埔园林,12.28,1.32%,3.24%,21327600.000000004,21392100.0,64500.0,42719600.0
sz301037,保立佳,18.47,1.32%,2.42%,6742000.0,5831100.0,910900.0,12573100.0
sh603155,新亚强,25.36,1.32%,1.60%,13899700.0,9006800.0,4892800.0,22906500.0
sz000961,中南建设,1.53,1.32%,2.49%,85353600.0,58700500.0,26653100.0,145000000.0
sz300201,海伦哲,3.86,1.31%,2.02%,46634799.99999999,33137399.999999996,13497400.0,80821500.0
sh688701,卓锦股份,9.3,1.31%,1.03%,3064300.0,3230700.0,166400.0,6295000.0
sh688616,西力科技,13.11,1.31%,1.98%,7570300.0,6586200.0,984100.0,14156400.000000002
sz002887,绿茵生态,9.3,1.31%,1.19%,9200900.0,6283900.0,2916900.0,18271000.0
sz300991,创益通,21.02,1.30%,38.83%,264000000.0,258000000.0,6503800.0,522000000.0
sz300865,大宏立,22.63,1.30%,2.73%,7181799.999999999,9549600.0,2367800.0,16731500.0
sh603508,思维列控,17.2,1.30%,0.88%,32501300.0,25124200.0,7377100.0,57625400.0
sh600151,航天机电,8.56,1.30%,0.39%,25647000.0,22279899.999999996,3367100.0,47926899.99999999
sz001230,劲旅环境,25.19,1.29%,1.36%,7806700.0,5663200.000000001,2143500.0,13482400.0
sz301167,建研设计,18.06,1.29%,3.38%,23474800.0,16989000.0,6485900.0,40463800.0
sh600976,健民集团,70.91,1.29%,1.37%,67339300.0,80548700.0,13209400.0,148000000.0
sh600094,大名城,3.15,1.29%,1.38%,54285400.0,44702000.0,9583400.0,98987400.0
sz300694,蠡湖股份,10.99,1.29%,1.55%,18934200.0,15348200.0,3586000.0,34941800.0
sz300175,朗源股份,3.94,1.29%,1.71%,16278400.0,14962800.0,1315600.0,31669899.999999996
sz002269,美邦服饰,1.57,1.29%,1.08%,24691800.0,17716400.0,6975400.0,42672900.0
sz002482,*ST广田,2.38,1.28%,0.97%,18682800.0,16405000.0,2277800.0,35179000.0
sz301127,天源环保,10.25,1.28%,2.36%,35777700.0,23784100.0,11993599.999999998,59561700.0
sz300933,中辰股份,7.94,1.28%,2.33%,22551600.0,20845000.0,1706600.0,43397400.0
sh688722,同益中,18.25,1.28%,2.45%,28857800.000000004,25331100.0,3526700.0,54189000.0
sh600525,长园集团,5.56,1.28%,0.87%,36938200.0,25592300.0,11345900.0,62530400.0
sz002375,亚厦股份,4.75,1.28%,0.73%,28838000.0,16967100.0,11870900.0,46033400.0
sz002104,恒宝股份,8.7,1.28%,3.90%,100000000.0,101000000.0,713000.0,202000000.0
sz000598,兴蓉环境,5.52,1.28%,0.40%,37389700.0,27081900.0,10307800.0,64594200.0
sz301081,严牌股份,10.33,1.27%,1.98%,9763800.0,7413600.0,2350200.0,17177400.0
sh600826,兰生股份,11.92,1.27%,1.69%,45234600.0,37972700.0,7261900.000000001,83207300.0
sh600155,华创云信,6.39,1.27%,1.65%,132000000.0,105000000.0,27140000.0,238000000.0
sz003038,鑫铂股份,39.48,1.26%,2.85%,44166700.0,31231000.0,12935700.0,76298300.0
sz002543,万和电气,8.06,1.26%,0.54%,15647700.0,11021000.0,4626700.0,26904100.0
sh600769,祥龙电业,9.62,1.26%,2.45%,44796500.0,42263800.0,2532700.0,87060300.0
sh601518,吉林高速,2.42,1.26%,1.04%,20104400.0,13543800.000000002,6560599.999999999,33648200.0
sh600029,南方航空,6.44,1.26%,0.31%,149000000.0,106000000.0,43256100.0,254999999.99999997
sz300779,惠城环保,51.37,1.26%,2.08%,46797900.0,53867100.0,7069200.0,102000000.0
sz301389,隆扬电子,19.45,1.25%,9.47%,64592500.0,65082200.0,489700.0,130000000.0
sz301067,显盈科技,22.67,1.25%,2.75%,15392400.0,12651400.000000002,2741000.0,28043700.0
sh603511,爱慕股份,17.05,1.25%,1.91%,10338900.000000002,7232600.0,3106400.0,17571500.0
sz300791,仙乐健康,28.39,1.25%,0.52%,12823100.0,9176700.0,3646400.0,22121900.0
sz300682,朗新科技,21.93,1.25%,0.35%,43856000.0,35877700.0,7978400.0,80218300.0
sz002376,新北洋,8.18,1.24%,1.10%,35958400.0,20766100.0,15192200.0,56846400.0
sh600748,上实发展,4.09,1.24%,1.72%,70340900.0,58119600.0,12221300.000000002,128000000.0
sz002528,英飞拓,8.18,1.24%,3.45%,111000000.00000001,153000000.0,42694100.0,298000000.0
sz000566,海南海药,4.88,1.24%,0.74%,23454300.0,18197900.0,5256400.0,42058100.00000001
sz300445,康斯特,17.31,1.23%,2.79%,35439700.0,30282600.000000004,5157000.0,66698700.0
sz300190,维尔利,4.11,1.23%,0.54%,11078000.0,6166300.0,4911700.0,17419000.0
sz300551,古鳌科技,25.59,1.23%,4.04%,113999999.99999999,129000000.0,15652900.0,243000000.00000003
sz300313,*ST天山,4.94,1.23%,1.00%,4318600.0,4824800.0,506300.0,9144900.0
sz002855,捷荣技术,10.7,1.23%,1.03%,14138100.0,12127100.0,2011000.0,26991100.0
sz002591,恒大高新,6.61,1.23%,2.94%,23320700.0,17899800.0,5420900.0,42013700.0
sz301076,新瀚新材,19.99,1.22%,1.92%,14459900.0,12115200.0,2344700.0,26575000.0
sh688181,八亿时空,28.29,1.22%,2.33%,42621300.0,33621700.0,8999600.0,76242900.0
sh603203,快克智能,29.79,1.22%,0.34%,14687600.0,10090800.0,4596800.0,24778400.0
sh601188,龙江交通,3.31,1.22%,0.41%,9200900.0,8712400.0,488600.0,17913300.0
sh600283,钱江水利,14.92,1.22%,3.86%,103000000.0,100000000.0,2347000.0,202999999.99999997
sz002346,柘中股份,12.42,1.22%,0.36%,10712300.0,6646300.0,4065899.9999999995,17482700.0
sz002177,御银股份,4.15,1.22%,5.30%,95372700.0,71481700.0,23891000.0,168000000.0
sz000785,居然之家,4.15,1.22%,0.22%,24669300.0,31626100.0,6956799.999999999,56641400.0
sz301056,森赫股份,9.18,1.21%,4.34%,11469100.0,15004400.0,3535299.9999999995,26479899.999999996
sh603112,华翔股份,11.68,1.21%,0.87%,8735000.0,7193000.0,1542000.0,15928000.0
sh600838,上海九百,6.71,1.21%,0.93%,14189900.0,10543800.000000002,3646100.0,24733700.0
sh600489,中金黄金,10.83,1.21%,0.78%,198000000.0,206000000.0,7481000.0,404000000.0
sz300387,富邦股份,7.51,1.21%,1.75%,18781100.0,17890500.0,890699.9999999999,37588000.0
sz001201,东瑞股份,24.5,1.20%,0.98%,11974200.0,9796800.0,2177400.0,21878700.0
sh688597,煜邦电力,10.1,1.20%,2.78%,21174600.0,29769100.0,8594600.0,50943600.0
sh600207,安彩高科,5.91,1.20%,0.65%,17228600.0,15850900.0,1377700.0,33079600.0
sh603992,松霖科技,15.13,1.20%,0.21%,6424299.999999999,6160300.0,264000.0,12584700.0
sh603929,亚翔集成,16.92,1.20%,1.76%,33010800.0,30284699.999999996,2726100.0,63295600.00000001
sh603755,日辰股份,31.3,1.20%,1.06%,15834500.0,16761800.0,927400.0,32596400.0
sh603650,彤程新材,32.0,1.20%,0.62%,65057100.0,53253800.0,11803300.0,118000000.0
sz001209,洪兴股份,16.94,1.19%,6.78%,24278900.0,21047800.000000004,3231100.0,46031200.0
sh605098,行动教育,41.71,1.19%,4.96%,44197500.0,46420400.0,2222900.0,90617900.00000001
sh605398,新炬网络,28.15,1.19%,6.79%,29254500.0,22572500.0,6682000.0,51827100.0
sh603615,茶花股份,9.33,1.19%,0.92%,9575800.0,11055800.0,1480000.0,20631600.0
sh603133,*ST碳元,7.67,1.19%,1.65%,14414500.0,11814400.0,2600100.0,26228900.0
sh603093,南华期货,11.94,1.19%,1.02%,43612100.0,29701300.0,13910900.0,73313400.0
sh688100,威胜信息,28.9,1.19%,0.34%,25537600.000000004,21655100.000000004,3882600.0,47192600.0
sh688157,松井股份,53.96,1.18%,0.83%,13825900.0,12082200.0,1743700.0,25908100.0
sh600321,正源股份,1.72,1.18%,0.64%,9614600.0,6739100.0,2875400.0,16353699.999999998
sh600292,远达环保,5.99,1.18%,0.98%,26618500.0,19011700.0,7606799.999999999,45630200.00000001
sz002603,以岭药业,24.79,1.18%,1.32%,244000000.0,200999999.99999997,43207600.0,448000000.00000006
sz000571,新大洲A,2.6,1.17%,3.48%,41392200.0,32151100.0,9241100.0,74516700.0
sz301276,嘉曼服饰,25.95,1.17%,4.34%,16352700.0,13817700.0,2534900.0,30170400.0
sh603182,嘉华股份,15.51,1.17%,3.83%,14107200.0,10252000.0,3855200.0,24359200.0
sh600425,青松建化,4.32,1.17%,1.42%,44488300.0,39327600.0,5160700.000000001,83815900.0
sh605001,威奥股份,7.0,1.16%,0.55%,8315599.999999999,6842100.0,1473500.0,15157700.0
sz002728,特一药业,15.76,1.16%,4.76%,87800700.0,75967600.0,11833100.0,166000000.0
sh600814,杭州解百,8.73,1.16%,0.53%,20118400.0,12858800.000000002,7259600.0,32977100.0
sh600354,敦煌种业,6.96,1.16%,3.94%,81886300.0,62344300.0,19542000.0,144000000.0
sz300333,兆日科技,6.99,1.16%,7.28%,85318200.0,83361500.0,1956800.0,171000000.0
sz000157,中联重科,7.0,1.16%,0.58%,165000000.0,118000000.0,47397299.99999999,285000000.0
sz301069,凯盛新材,24.63,1.15%,1.04%,17847500.0,17916900.0,69300.0,35764500.0
sz301109,军信股份,16.73,1.15%,2.31%,20685400.0,17233700.0,3451700.0,37919100.0
sh601577,长沙银行,7.89,1.15%,0.31%,28808200.0,21366000.0,7442200.0,50174200.0
sh600685,中船防务,28.16,1.15%,1.14%,142000000.0,122000000.0,20132500.0,263000000.0
sz300072,海新能科,3.52,1.15%,0.43%,19902800.0,14992100.0,4910600.0,35402500.0
sz300025,华星创业,13.15,1.15%,3.38%,88305800.0,98455600.0,10149800.0,188000000.0
sz002294,信立泰,32.41,1.15%,0.13%,19975400.0,25459500.0,5484100.0,46050800.0
sh688228,开普云,49.81,1.14%,3.04%,50589000.0,50571700.0,17300.0,101000000.0
sz300808,久量股份,14.23,1.14%,2.08%,14475300.0,10375700.0,4099600.0,24927900.0
sh688248,南网科技,38.3,1.14%,4.15%,68362200.0,60397800.0,7964400.000000001,129000000.0
sh688022,瀚川智能,31.14,1.14%,0.98%,24982700.0,20730900.0,4251800.0,45713600.0
sh601700,风范股份,5.34,1.14%,0.67%,25434500.0,15334600.0,10099900.0,40769100.0
sh601226,华电重工,7.96,1.14%,0.95%,46410900.0,40800900.0,5610000.0,87211800.0
sh600846,同济科技,9.73,1.14%,1.32%,43687299.99999999,35524700.0,8162600.0,79212000.0
sz300740,水羊股份,15.13,1.14%,1.25%,41823100.00000001,23956700.0,17866400.0,66757200.0
sz300605,恒锋信息,15.12,1.14%,2.60%,24106500.0,20083900.0,4022600.0,44211600.0
sz300478,杭州高新,10.69,1.14%,1.32%,7896100.0,9309600.0,1413500.0,17351200.0
sz300285,国瓷材料,28.31,1.14%,0.41%,44028500.0,47076899.99999999,3048399.9999999995,91971900.0
sz002947,恒铭达,21.26,1.14%,1.47%,28608500.0,18258800.0,10349700.0,47203200.0
sh688484,南芯科技,44.04,1.13%,4.73%,55276600.0,58704900.0,3428300.0,113999999.99999999
sz301136,招标股份,14.27,1.13%,2.58%,19013300.0,18777100.0,236200.0,37790500.0
sz300355,蒙草生态,3.59,1.13%,3.10%,91187099.99999999,57274500.0,33912600.0,149000000.0
sz300168,万达信息,10.78,1.13%,1.75%,103000000.0,121000000.0,17713000.0,225000000.0
sz002644,佛慈制药,11.68,1.13%,0.42%,13175000.0,11544700.0,1630200.0,24758300.0
sh603682,锦和商管,5.42,1.12%,0.50%,7228000.0,5436900.000000001,1791000.0,12664900.0
sh603687,大胜达,9.06,1.12%,1.20%,23247700.0,21967399.999999996,1280300.0,45215100.0
sz002367,康力电梯,9.03,1.12%,1.23%,26563900.0,31225000.0,4661100.0,58439200.0
sz300824,北鼎股份,10.03,1.11%,0.59%,8844800.0,8899100.0,54300.0,18470100.0
sh603689,皖天然气,9.08,1.11%,0.83%,19292600.0,15611600.0,3680899.9999999995,34904100.0
sh603236,移远通信,60.95,1.11%,2.87%,225999999.99999997,231999999.99999997,5297300.0,458000000.0
sh601098,中南传媒,11.8,1.11%,0.57%,66799700.0,53524399.99999999,13275400.0,120000000.0
sh600098,广州发展,6.37,1.11%,0.80%,90030100.0,73212700.0,16817300.0,163000000.0
sz300491,通合科技,29.13,1.11%,4.96%,102000000.0,113999999.99999999,11993300.0,220000000.00000003
sz000922,佳电股份,12.8,1.11%,0.51%,19134600.0,17553800.0,1580900.0,38042100.0
sz000151,中成股份,12.71,1.11%,3.33%,52139900.0,37450100.0,14689800.0,113999999.99999999
sz301123,奕东电子,27.63,1.10%,7.21%,71239300.0,80844300.0,9605100.0,152000000.0
sh603989,艾华集团,21.97,1.10%,0.64%,32506700.0,23115200.0,9391400.0,55621899.99999999
sh600114,东睦股份,8.3,1.10%,2.08%,53595500.0,51987400.0,1608100.0,106000000.0
sz000035,中国天楹,4.58,1.10%,0.35%,23010700.0,16162100.0,6848500.0,39196600.0
sz000429,粤高速A,7.45,1.09%,0.34%,18547200.0,13778200.0,4768900.0,32349200.0
sz301248,杰创智能,22.19,1.09%,3.90%,43796700.0,42189600.0,1607100.0,85986200.00000001
sh605298,必得科技,15.7,1.09%,4.17%,14632400.0,13177500.0,1454900.0,27810000.0
sz300907,康平科技,22.19,1.09%,6.11%,25353600.0,24383400.0,970200.0,49736800.0
sh605116,奥锐特,24.03,1.09%,0.59%,5821500.0,5027100.0,794400.0,10848599.999999998
sh603900,莱绅通灵,6.52,1.09%,0.76%,9033600.0,7735200.0,1298400.0,16768800.000000002
sh601865,福莱特,35.2,1.09%,0.33%,104000000.0,93270500.0,10255300.0,197000000.0
sh600475,华光环能,12.02,1.09%,1.56%,81050900.0,93849500.0,12798599.999999998,175000000.0
sh600456,宝钛股份,34.35,1.09%,1.02%,82451200.00000001,85372400.0,2921200.0,168000000.0
sh600235,民丰特纸,5.55,1.09%,0.84%,9945700.0,6332000.0,3613600.0,16277700.0
sz300895,铜牛信息,34.56,1.08%,9.46%,102000000.0,118000000.0,16257800.0,221000000.0
sh605066,天正电气,9.39,1.08%,3.24%,33552700.0,35284500.0,1731800.0,68837100.0
sz300818,耐普矿机,27.14,1.08%,3.43%,29389500.0,27027100.0,2362500.0,57672200.0
sz300555,ST路通,6.54,1.08%,0.33%,2378000.0,1808600.0000000002,569300.0,4193200.0
sz000677,恒天海龙,2.8,1.08%,0.49%,6247200.0,5417900.0,829300.0000000001,11732300.0
sz000411,英特集团,12.33,1.07%,1.37%,25477600.000000004,24991000.0,486599.99999999994,50541400.0
sh603848,好太太,14.18,1.07%,0.56%,16574200.0,14822800.0,1751399.9999999998,31397000.0
sh601727,上海电气,4.74,1.07%,0.34%,121000000.0,80921400.0,40088900.0,202000000.0
sh600248,陕建股份,4.73,1.07%,1.46%,51317700.00000001,47926200.0,3391500.0,99243799.99999999
sz300623,捷捷微电,18.96,1.07%,0.75%,53617100.0,37485700.0,16131400.000000002,91120000.0
sz002811,郑中设计,8.52,1.07%,0.62%,7359500.0,5440900.0,1918700.0,13071300.000000002
sz301373,凌玮科技,33.45,1.06%,4.96%,19885800.0,21930500.0,2044700.0,41816200.0
sz002471,中超控股,2.85,1.06%,1.87%,42379600.0,24683800.0,17695800.0,67750400.0
sz002458,益生股份,13.35,1.06%,1.38%,60855600.00000001,63831000.0,2975400.0,125000000.0
sz002281,光迅科技,35.3,1.06%,5.43%,684000000.0,614000000.0,70465800.0,1308000000.0
sh603052,可川科技,33.65,1.05%,8.42%,25344000.0,42980700.0,17636700.0,68324700.0
sz002633,申科股份,10.61,1.05%,0.67%,6308900.0,3950400.0,2358500.0,10537200.0
sz002998,优彩资源,7.73,1.05%,3.64%,24200500.0,17737200.0,6463300.0,42507500.0
sh688179,阿拉丁,22.16,1.05%,2.27%,19569500.0,17081700.0,2487800.0,36651300.0
sh603798,康普顿,11.53,1.05%,7.91%,112000000.00000001,124000000.0,12398800.000000002,236000000.0
sh603963,大理药业,11.58,1.05%,1.38%,21263700.0,13478200.0,7785500.0,34741900.0
sh600761,安徽合力,22.08,1.05%,1.51%,131000000.0,117000000.0,14042100.0,249000000.00000003
sh600667,太极实业,7.67,1.05%,4.77%,393000000.0,383000000.0,9690400.0,776000000.0
sz300422,博世科,6.72,1.05%,2.15%,31047900.0,24108500.0,6939500.0,55797600.0
sz002903,宇环数控,22.99,1.05%,7.89%,82252099.99999999,102000000.0,19368400.0,184000000.0
sz002775,文科园林,3.86,1.05%,0.73%,6475400.0,5839700.0,635700.0,12429400.0
sz002721,*ST金一,3.85,1.05%,0.52%,12163599.999999998,6834800.0,5328700.0,19022300.0
sz002412,汉森制药,6.71,1.05%,0.86%,16825900.0,11003800.000000002,5822000.0,28092500.0
sz002210,飞马国际,1.92,1.05%,1.06%,32657399.999999996,21143300.0,11514100.0,54266300.0
sz000623,吉林敖东,16.36,1.05%,0.86%,85794000.0,75876500.0,9917500.0,163000000.0
sh688372,伟测科技,105.5,1.04%,1.82%,16596400.000000002,19251300.0,2654900.0,35847600.0
sh688330,宏力达,36.0,1.04%,1.33%,18955200.0,18959000.0,-3839.0,37914300.0
sz300625,三雄极光,12.64,1.04%,1.04%,11062500.0,9591400.0,1471100.0000000002,20676600.0
sz002737,葵花药业,22.45,1.04%,1.36%,86538900.0,87870100.0,1331200.0,177000000.0
sz002308,威创股份,4.85,1.04%,1.27%,30096000.0,25332100.0,4763900.0,55526600.0
sz301208,中亦科技,58.75,1.03%,4.82%,32084400.0,34571800.0,2487400.0,66656100.0
sz300867,圣元环保,17.59,1.03%,1.80%,23305100.000000004,25248300.0,1943100.0,48571200.0
sh600981,汇鸿集团,2.95,1.03%,0.74%,29426200.0,19107000.0,10319200.0,48533200.0
sz002136,安纳达,11.77,1.03%,0.98%,13927800.0,10431900.0,3495899.9999999995,24510300.000000004
sh600615,丰华股份,8.93,1.02%,1.06%,8738900.0,8864300.0,125399.99999999999,17603200.0
sz001298,好上好,25.7,1.02%,11.47%,47203400.0,54352800.0,7149500.0,102000000.0
sz003018,金富科技,9.9,1.02%,1.13%,4507500.0,3567500.0,940000.0,8403900.0
sh603183,建研院,4.94,1.02%,2.52%,31234600.0,29750400.0,1484199.9999999998,60985000.0
sh600598,北大荒,13.91,1.02%,0.67%,104000000.0,61547100.0,42279000.0,165000000.0
sz300308,中际旭创,156.97,1.02%,5.30%,3271000000.0,3034000000.0,237000000.0,6346000000.0
sz002715,登云股份,15.02,1.01%,0.96%,9310700.0,10361500.0,1050800.0,19943200.0
sh688698,伟创电气,35.05,1.01%,5.07%,38131000.0,43066800.0,4935800.0,81197900.0
sz301002,崧盛股份,21.3,1.00%,2.60%,20327300.0,11819300.0,8507900.0,32210400.0
sz301010,晶雪节能,20.27,1.00%,1.96%,11967400.0,8031900.000000001,3935500.0,19999300.0
sh600983,惠而浦,8.12,1.00%,0.25%,9006000.0,6657500.0,2348500.0,15663500.0
sh603990,麦迪科技,18.18,1.00%,4.62%,90868200.0,89394800.0,1473400.0,180000000.0
sh600993,马应龙,27.27,1.00%,1.52%,93071700.0,84655300.0,8416400.0,178000000.0
sh600764,中国海防,27.23,1.00%,0.43%,45668600.0,36421400.0,9247200.0,82090000.0
sh600587,新华医疗,32.38,1.00%,0.60%,40076100.0,37864200.0,2211900.0,77940400.0
sz300402,宝色股份,21.27,1.00%,1.11%,23451800.0,22353800.0,1098000.0,46992900.0
sz300110,华仁药业,4.04,1.00%,0.59%,16701900.0,10666500.0,6035400.0,27827300.0
sz002882,金龙羽,15.32,0.99%,3.78%,69986500.0,70829500.0,843000.0,142000000.0
sz301063,海锅股份,27.65,0.99%,2.44%,14547400.0,13088100.0,1459400.0,27635500.0
sh688336,三生国健,17.32,0.99%,1.76%,12534500.0,15593500.0,3059000.0,28127900.0
sh688588,凌志软件,14.25,0.99%,1.16%,23785200.0,24088700.0,303500.0,47873800.0
sh601588,北辰实业,2.04,0.99%,0.40%,11787900.0,9602500.0,2185300.0,21390400.0
sh603959,百利科技,11.26,0.99%,1.17%,30034000.0,34608500.0,4574400.0,64642600.0
sh603858,步长制药,20.35,0.99%,0.42%,51924900.0,41672200.0,10252800.0,93597099.99999999
sh603828,柯利达,3.06,0.99%,0.76%,6914700.0,6836700.0,78000.0,13751400.000000002
sh601006,大秦铁路,7.17,0.99%,0.18%,118000000.0,77899800.0,40167700.0,196000000.0
sh600588,用友网络,19.39,0.99%,0.64%,229999999.99999997,193000000.0,36328600.0,423000000.00000006
sz300661,圣邦股份,88.07,0.99%,0.41%,85149400.0,74784700.0,10364700.0,162000000.0
sz000861,海印股份,2.05,0.99%,0.37%,11804900.0,6102400.0,5702500.0,17966000.0
sz000638,万方发展,6.11,0.99%,1.99%,22980700.0,14346700.0,8634000.0,37467400.0
sz000425,徐工机械,7.13,0.99%,1.21%,224000000.00000003,175000000.0,49309500.0,404000000.0
sz002433,*ST太安,2.07,0.98%,1.40%,10859600.0,10225100.0,634500.0,21148800.0
sz002333,罗普斯金,6.16,0.98%,0.87%,12285700.0,10290300.0,1995300.0,22750200.0
sz301045,天禄科技,30.9,0.98%,11.43%,91238500.0,94126500.0,2888000.0,185000000.0
sh605108,同庆楼,34.87,0.98%,1.64%,22980500.0,23216000.0,235500.0,46196500.0
sz002063,远光软件,7.19,0.98%,1.42%,97245000.0,79793500.0,17451500.0,179000000.0
sh688079,美迪凯,11.48,0.97%,2.86%,32885600.0,25663000.0,7222600.0,58548600.0
sz300836,佰奥智能,30.17,0.97%,7.75%,41362000.0,55615900.0,14253900.000000002,99222500.0
sz301046,能辉科技,31.1,0.97%,2.11%,18543900.0,19932600.0,1388700.0,38476500.0
sz300905,宝丽迪,18.73,0.97%,1.92%,10052000.0,7069299.999999999,2982700.0,17121200.0
sz300876,蒙泰高新,25.9,0.97%,1.35%,5687800.0,4148800.0,1539000.0,9836600.0
sh603816,顾家家居,39.39,0.97%,0.28%,44214900.0,46307600.0,2092700.0,90522500.0
sh601107,四川成渝,4.18,0.97%,0.30%,14280200.0,12656600.0,1623600.0000000002,26936900.0
sz300500,启迪设计,17.67,0.97%,1.09%,14923100.0,16042600.0,1119500.0,31423100.0
sz002007,华兰生物,21.85,0.97%,0.47%,94935400.00000001,66629300.0,28306100.0,163000000.0
sz000679,大连友谊,5.25,0.96%,0.92%,8644400.0,8356200.0,288200.0,17223100.0
sz301273,瑞晨环保,32.45,0.96%,6.66%,18191300.0,20835000.0,2643800.0,39026300.0
sh688626,翔宇医疗,49.4,0.96%,3.72%,55419700.0,41114000.0,14305700.0,96533799.99999999
sz300720,海川智能,12.66,0.96%,0.69%,7793700.0,6686700.0,1107000.0,14808200.0
sz300040,九洲集团,6.34,0.96%,1.70%,26729500.0,22092199.999999996,4637400.0,49691300.0
sz002622,皓宸医疗,3.17,0.96%,0.82%,12046400.000000002,9656200.0,2390200.0,21845100.000000004
sz000517,荣安地产,3.15,0.96%,0.55%,19993900.0,22115500.0,2121600.0,42563800.0
sh688076,诺泰生物,35.14,0.95%,0.84%,19020800.0,23662300.0,4641500.0,42683100.00000001
sh600113,浙江东日,7.46,0.95%,0.59%,10893300.0,7228700.0,3664600.0,18121900.0
sz002379,宏创控股,4.24,0.95%,0.91%,17286900.0,17776600.0,489799.99999999994,36127300.0
sz002287,奇正藏药,23.68,0.94%,0.10%,6329800.0,5457600.0,872200.0,12102600.0
sh688700,东威科技,91.19,0.94%,2.69%,173000000.0,187000000.0,13593800.000000002,360000000.0
sh603799,华友钴业,46.17,0.94%,1.03%,390000000.0,357000000.0,32642900.0,747000000.0
sh603680,今创集团,9.66,0.94%,0.21%,8098200.000000001,7949500.0,148700.0,16047700.0
sh603256,宏和科技,8.62,0.94%,0.54%,21540700.0,18822400.0,2718300.0,40363100.0
sh601933,永辉超市,3.22,0.94%,0.30%,45566600.0,43286000.0,2280600.0,88852500.0
sh600664,哈药股份,3.21,0.94%,0.98%,45529500.0,33654900.0,11874600.0,79184400.0
sh600561,江西长运,5.37,0.94%,0.84%,6153700.0,4451700.0,1702100.0,10605400.0
sh600446,金证股份,12.9,0.94%,2.10%,112999999.99999999,141000000.0,28069300.0,254000000.0
sz002290,禾盛新材,12.95,0.94%,1.37%,21704600.0,21100500.0,604100.0,43348200.0
sz002830,名雕股份,12.93,0.94%,0.94%,4498100.0,3494600.0,1003500.0,8080500.0
sz002228,合兴包装,3.22,0.94%,0.45%,11476199.999999998,6142800.0,5333300.0,17724100.0
sz000999,华润三九,54.66,0.94%,0.66%,198000000.0,150000000.0,48193700.0,350000000.0
sz301397,溯联股份,44.33,0.93%,10.40%,58025300.0,49851200.0,8174100.0,108000000.0
sz301399,英特科技,60.71,0.93%,22.08%,135000000.0,144000000.0,8418800.0,279000000.0
sz301149,隆华新材,10.86,0.93%,2.04%,22531700.0,18669500.0,3862200.0000000005,41201200.0
sz300350,华鹏飞,4.36,0.93%,1.24%,14760900.0,10104600.0,4656300.0,25104200.0
sh600193,创兴资源,5.41,0.93%,1.43%,19858400.0,13026900.0,6831500.0,32885200.0
sh603022,新通联,9.75,0.93%,0.65%,8031799.999999999,4605800.0,3426000.0,12637600.0
sh603587,地素时尚,15.12,0.93%,0.29%,11073900.000000002,9806000.0,1267900.0,20880000.0
sh600278,东方创业,7.62,0.93%,1.18%,32159600.0,28335000.0,3824600.0,60494600.0
sh600082,海泰发展,3.26,0.93%,0.93%,10705900.0,8465500.0,2240400.0,19171400.0
sz300603,立昂技术,11.93,0.93%,3.50%,51149600.0,53788000.0,2638399.9999999995,105000000.0
sz300099,精准信息,6.48,0.93%,2.03%,40045900.0,34911800.0,5134100.0,75994000.0
sz002719,麦趣尔,9.72,0.93%,3.43%,27600500.0,24546400.0,3054100.0000000005,53035400.0
sz002298,中电兴发,6.5,0.93%,2.13%,47215800.0,37146200.0,10069600.0,84767500.0
sz002198,嘉应制药,7.6,0.93%,1.97%,33749000.0,39862200.0,6113200.000000001,75629700.0
sz001965,招商公路,9.72,0.93%,0.07%,25427000.0,17060800.0,8366200.0,42724000.0
sz000551,创元科技,10.8,0.93%,0.99%,22234000.0,20127900.0,2106100.0,42682500.0
sz301005,超捷股份,29.71,0.92%,2.69%,19116100.0,15748699.999999998,3367300.0,34864800.0
sz301155,海力风电,72.31,0.92%,1.52%,47934000.0,49541700.0,1607800.0,97475800.0
sz301024,霍普股份,26.45,0.92%,2.15%,5641200.0,4350000.0,1291200.0,9991200.0
sh600243,青海华鼎,4.38,0.92%,1.26%,12784000.0,11191600.0,1592500.0,23975600.0
sh603226,菲林格尔,5.5,0.92%,0.63%,7210200.0,5121799.999999999,2088500.0,12332000.0
sh601106,中国一重,3.29,0.92%,0.42%,48536100.0,45442900.0,3093200.0,93978900.0
sh600694,大商股份,18.64,0.92%,0.49%,16735200.0,10017400.0,6717800.0,26752600.000000004
sz300660,江苏雷利,35.23,0.92%,4.70%,250999999.99999997,262000000.0,10736000.0,520000000.0
sz000605,渤海股份,6.56,0.92%,0.94%,13415500.0,7063900.0,6351600.0,20742700.0
sz000639,西王食品,4.45,0.91%,0.38%,11473900.000000002,6096900.000000001,5377000.0,18098600.0
sz301126,达嘉维康,13.27,0.91%,1.12%,8652900.0,7267600.0,1385200.0,15920500.0
sh688056,莱伯泰科,42.32,0.91%,1.70%,9325000.0,9574300.0,249300.0,18899300.0
sz002278,神开股份,5.57,0.91%,1.19%,12543300.0,9332200.0,3211000.0,22367300.0
sz300412,迦南科技,5.55,0.91%,2.07%,22561100.0,30059100.0,7497900.0,53767100.0
sz002381,双箭股份,7.8,0.91%,1.36%,19666800.0,14215600.0,5451200.0,34086000.0
sz000902,新洋丰,11.04,0.91%,0.52%,38593500.0,27669899.999999996,10923599.999999998,67272100.0
sz000509,华塑控股,3.34,0.91%,0.58%,12918400.0,7718200.000000001,5200200.0,20761700.0
sz301330,熵基科技,35.96,0.90%,6.59%,53487700.00000001,55005700.0,1518000.0,108000000.0
sh605056,咸亨国际,13.39,0.90%,1.93%,20551800.0,19705100.0,846700.0,40256900.0
sh605081,太和水,13.41,0.90%,6.31%,38267500.0,33174600.0,5092900.0,71442100.0
sh603106,恒银科技,5.61,0.90%,1.05%,16856700.0,13650300.0,3206400.0,30506900.0
sh688367,工大高科,18.14,0.89%,0.94%,5633600.0,4117200.0000000005,1516300.0,9750800.0
sh688618,三旺通信,62.58,0.89%,0.58%,5225200.0,3989500.0,1235700.0,9214800.0
sh688253,英诺特,23.75,0.89%,2.00%,7279800.0,6843900.0,435900.00000000006,14123699.999999998
sh688126,沪硅产业,20.51,0.89%,0.26%,81665500.0,62431000.0,19234500.0,144000000.0
sh688500,*ST慧辰,18.11,0.89%,1.06%,4930400.0,3155000.0,1775400.0,8085300.0
sh603797,联泰环保,5.66,0.89%,0.88%,17494000.0,11728599.999999998,5765300.0,29222700.0
sh605155,西大门,14.74,0.89%,1.80%,6171200.0,6170200.0,998.0,12341400.000000002
sh600232,金鹰股份,5.65,0.89%,0.61%,7286799.999999999,5143300.0,2143500.0,12430200.0
sz300469,信息发展,21.58,0.89%,1.84%,35538900.0,41644700.0,6105800.0,78104300.0
sz002606,大连电瓷,9.06,0.89%,1.89%,37147200.0,33484000.0,3663300.0,71552700.0
sz301202,朗威股份,36.7,0.88%,34.42%,192000000.0,220000000.00000003,28353000.0,412000000.0
sz300886,华业香料,23.97,0.88%,1.99%,10015900.0,5665300.0,4350600.0,15681300.000000002
sh603826,坤彩科技,52.46,0.88%,0.32%,44605100.0,34069200.0,10535900.0,78674500.0
sh603239,浙江仙通,16.0,0.88%,0.73%,13459500.0,18063700.0,4604200.0,31523200.0
sh600571,信雅达,9.21,0.88%,1.56%,32190800.0,31785700.0,405100.0,63976600.0
sz300798,锦鸡股份,6.96,0.87%,0.76%,7388500.0,9158200.0,1769700.0,16672000.0
sh603986,兆易创新,118.36,0.87%,2.41%,1002000000.0,889000000.0,113999999.99999999,1891000000.0
sh603363,傲农生物,9.3,0.87%,1.50%,51539799.99999999,51275000.0,264700.0,103000000.0
sh603283,赛腾股份,36.93,0.87%,3.64%,112000000.00000001,132000000.0,20038300.0,244000000.0
sh603110,东方材料,26.64,0.87%,1.12%,28279300.0,31531800.0,3252500.0,59811000.0
sh601799,星宇股份,130.98,0.87%,0.26%,46933400.0,49872400.0,2939000.0,96805800.0
sh600455,博通股份,23.26,0.87%,1.19%,9280300.0,7946700.0,1333600.0000000002,17227100.0
sh600382,广东明珠,4.65,0.87%,0.85%,17063000.0,14061600.0,3001300.0,31124600.0
sz300102,乾照光电,6.93,0.87%,1.06%,34012600.0,31484899.999999996,2527700.0,66383700.0
sz002576,通达动力,19.79,0.87%,5.08%,76434000.0,84616000.0,8181900.000000001,163000000.0
sz300983,尤安设计,31.59,0.86%,1.37%,6496600.0,7296400.0,799800.0,13793000.0
sz300997,欢乐家,14.04,0.86%,2.22%,15138500.0,12591000.0,2547500.0,27737900.0
sz300062,中能电气,7.0,0.86%,5.19%,71706300.0,65142000.0,6564299.999999999,138000000.0
sz002697,红旗连锁,5.87,0.86%,1.44%,46519500.0,42796400.0,3723100.0,90769100.0
sz002111,威海广泰,9.42,0.86%,0.67%,18887400.0,10541099.999999998,8346400.0,29697600.000000004
sz000839,ST国安,2.36,0.85%,0.48%,21632600.000000004,21852199.999999996,219500.0,44362100.0
sh603353,和顺石油,20.19,0.85%,0.59%,11459600.0,8882100.0,2577500.0,20341700.0
sh603016,新宏泰,23.61,0.85%,0.75%,16942300.0,9064700.0,7877600.0,26007000.0
sz002677,浙江美大,10.63,0.85%,0.43%,11242000.0,8072200.0,3169800.0,19356800.0
sz002299,圣农发展,20.25,0.85%,0.59%,67511400.0,76624000.0,9112700.0,146000000.0
sh688511,天微电子,33.71,0.84%,2.55%,17198100.0,17765400.0,567400.0,34963500.0
sz300522,世名科技,13.26,0.84%,1.67%,26179899.999999996,21497199.999999996,4682700.0,47679799.99999999
sh600166,福田汽车,3.62,0.84%,1.11%,135000000.0,129000000.0,6174299.999999999,264000000.0
sz300448,浩云科技,6.02,0.84%,1.93%,25946800.0,28896300.0,2949500.0,55372600.0
sz002107,沃华医药,6.02,0.84%,0.54%,10463800.000000002,7817700.0,2646100.0,18433800.0
sz000420,吉林化纤,3.62,0.84%,0.78%,31007900.0,38521100.0,7513200.000000001,69983700.0
sh603529,爱玛科技,31.64,0.83%,2.27%,89455800.0,68239800.0,21216000.0,158000000.0
sh603637,镇海股份,8.52,0.83%,0.76%,8641100.0,7048500.0,1592600.0,15689600.0
sh600547,山东黄金,25.51,0.83%,0.49%,219000000.0,231999999.99999997,12596199.999999998,451000000.0
sh600513,联环药业,9.75,0.83%,1.18%,18113400.0,14625900.0,3487400.0,32739300.0
sz300738,奥飞数据,9.74,0.83%,1.79%,69554900.0,72814100.0,3259200.0,143000000.0
sz002862,实丰文化,18.3,0.83%,1.54%,11353699.999999998,13418800.000000002,2065100.0,25368300.0
sh600557,康缘药业,20.79,0.82%,3.29%,198000000.0,193000000.0,5431300.0,391000000.0
sh600545,卓郎智能,2.47,0.82%,0.32%,8720300.0,5938300.0,2782000.0,14658599.999999998
sz300087,荃银高科,11.04,0.82%,1.72%,86500000.0,81789600.0,4710400.0,170000000.0
sz000590,启迪药业,8.63,0.82%,0.99%,9923200.0,10172700.0,249600.0,20162400.0
sz301292,海科新源,24.78,0.81%,14.54%,76475200.0,77447200.0,972000.0,154000000.0
sz300961,深水海纳,11.15,0.81%,3.74%,26490500.0,24214300.0,2276300.0,50704799.99999999
sh603833,欧派家居,88.06,0.81%,0.37%,112000000.00000001,84778600.0,27241100.0,197000000.0
sh603025,大豪科技,12.46,0.81%,0.24%,16878800.0,15776900.0,1101800.0,32655800.0
sh601996,丰林集团,2.49,0.81%,0.40%,6878900.0,4341300.0,2537600.0,11220200.0
sh600894,广日股份,7.48,0.81%,0.43%,15688900.000000002,11593900.000000002,4095000.0,27282900.0
sh600851,海欣股份,6.23,0.81%,0.35%,10124300.0,5782500.0,4341800.0,15906800.0
sh600584,长电科技,34.98,0.81%,2.85%,925000000.0,833000000.0,91855700.0,1757999999.9999998
sh600284,浦东建设,6.19,0.81%,0.49%,15600700.0,13704500.0,1896200.0,29305200.0
sz300107,建新股份,5.0,0.81%,0.66%,6432700.0,4456200.0,1976500.0,11179800.0
sz002908,德生科技,14.91,0.81%,3.91%,82001200.00000001,91163500.0,9162300.0,178000000.0
sz002695,煌上煌,11.16,0.81%,0.49%,12344100.0,12548200.0,204200.00000000003,25175800.0
sz002560,通达股份,8.7,0.81%,3.82%,75416800.0,75075600.0,341200.0,151000000.0
sz301260,格力博,23.9,0.80%,2.93%,37817800.0,41396600.0,3578900.0,79214400.0
sz301105,鸿铭股份,37.93,0.80%,1.97%,5279900.0,4018500.0,1261400.0,9298400.0
sh603949,雪龙集团,16.41,0.80%,0.67%,12177300.0,10776199.999999998,1401200.0,22953500.0
sh601375,中原证券,3.79,0.80%,0.41%,28035200.0,25410900.0,2624200.0,53446200.0
sh601330,绿色动力,7.54,0.80%,0.51%,22167000.0,15418800.000000002,6748300.0,37585800.0
sh600835,上海机电,15.12,0.80%,0.77%,48854000.0,44786200.0,4067799.9999999995,93640300.0
sz300735,光弘科技,11.3,0.80%,1.13%,50906800.0,44320100.0,6586700.0,96198700.00000001
sz001322,箭牌家居,16.32,0.80%,2.38%,21038700.0,16079300.0,4959400.0,37211000.0
sh688665,四方光电,87.3,0.79%,0.65%,6403700.0,5680100.0,723600.0,12083900.000000002
sh601121,宝地矿业,7.61,0.79%,2.52%,22285300.000000004,15765500.0,6519800.0,38050800.0
sz300981,中红医疗,15.3,0.79%,1.14%,12542000.0,8771800.0,3770200.0,21313700.0
sz300844,山水比德,29.46,0.79%,2.08%,5665300.0,4212600.0,1452800.0,10252000.0
sh601827,三峰环境,7.69,0.79%,0.36%,30097199.999999996,16807400.0,13289900.0,46904600.0
sh603337,杰克股份,20.5,0.79%,0.30%,15306400.000000002,14023900.000000002,1282500.0,29330400.0
sz301267,华厦眼科,40.18,0.78%,3.56%,62094300.0,65304600.0,3210299.9999999995,127000000.0
sz301151,冠龙节能,18.09,0.78%,2.57%,14652400.0,10627900.0,4024500.0,25280300.000000004
sh601010,文峰股份,2.59,0.78%,0.50%,14106700.0,9675800.0,4430900.0,23782600.000000004
sz300756,金马游乐,19.4,0.78%,3.68%,33587100.0,30486100.0,3101000.0,65355700.0
sz300632,光莆股份,12.93,0.78%,1.87%,22338400.0,26802500.0,4464100.0,49144900.0
sz300147,香雪制药,5.15,0.78%,0.83%,12267900.0,15354300.0,3086400.0,27943300.0
sz300082,奥克股份,7.75,0.78%,0.27%,7374100.0,6700200.0,673900.0,14296700.0
sz002552,宝鼎科技,18.02,0.78%,0.67%,17832100.0,16559700.0,1272400.0,34685600.0
sz301062,上海艾录,10.51,0.77%,2.96%,36280800.0,38903800.0,2623000.0,75184600.0
sz300020,银江技术,9.16,0.77%,1.96%,63278100.00000001,48030500.0,15247700.0,112999999.99999999
sz002084,海鸥住工,3.92,0.77%,0.61%,8616000.0,6908099.999999999,1707900.0,15607200.0
sz300029,ST天龙,6.66,0.76%,0.33%,1791699.9999999998,2485400.0,693700.0,4342400.0
sh603759,海天股份,9.26,0.76%,1.04%,11476300.000000002,7227900.0,4248400.0,18704200.0
sh688571,杭华股份,6.6,0.76%,1.04%,8852200.0,7725300.0,1126900.0,16577400.0
sh603326,我乐家居,7.92,0.76%,0.24%,3040600.0,2914700.0000000005,125900.0,5955300.0
sh603336,宏辉果蔬,5.33,0.76%,0.77%,12272200.0,11131600.0,1140700.0,23403800.0
sh600713,南京医药,5.33,0.76%,0.98%,30941500.0,23007700.0,7933800.0,53949200.0
sh600639,浦东金桥,11.91,0.76%,0.56%,31390400.0,25371300.0,6019100.0,56761700.0
sh600609,金杯汽车,5.3,0.76%,0.71%,22949300.0,25877800.000000004,2928600.0,48827200.0
sh688036,传音控股,134.55,0.76%,0.27%,139000000.0,154000000.0,15681300.000000002,293000000.0
sz002354,天娱数科,6.67,0.76%,3.79%,193000000.0,216000000.0,22553900.0,411000000.00000006
sz002169,智光电气,7.99,0.76%,1.52%,44759500.0,46215300.0,1455900.0,92863600.0
sz002097,山河智能,6.65,0.76%,0.81%,30178900.0,21907300.0,8271600.0,52287000.0
sz000622,恒立实业,3.97,0.76%,1.07%,9155500.0,8774300.0,381200.0,17972400.0
sh688159,有方科技,40.5,0.75%,2.10%,37996800.0,36332200.0,1664600.0,74329100.0
sz300070,碧水源,5.36,0.75%,0.49%,51236000.0,33785600.0,17450300.0,86786900.0
sh605300,佳禾食品,21.61,0.75%,3.21%,19880200.0,20054700.0,174500.0,39935000.0
sz300972,万辰生物,44.33,0.75%,2.22%,39143900.0,33428500.0,5715400.0,72572400.0
sh603486,科沃斯,73.6,0.75%,0.32%,70030300.0,63427100.0,6603099.999999999,133000000.0
sh603187,海容冷链,20.15,0.75%,0.77%,26590500.0,32775100.000000004,6184600.0,59365600.00000001
sh600054,黄山旅游,13.48,0.75%,1.95%,73335700.0,61976200.0,11359500.0,135000000.0
sz300679,电连技术,37.78,0.75%,1.78%,117000000.0,120000000.0,2748100.0,239000000.0
sz300584,海辰药业,22.8,0.75%,1.23%,9799200.0,6338400.0,3460800.0,16142100.0
sz002493,荣盛石化,12.15,0.75%,0.34%,214000000.0,178000000.0,36553100.0,394000000.0
sz002836,新宏泽,8.19,0.74%,0.60%,6980900.0,3998100.0,2982900.0,11168400.0
sh603135,中重科技,20.31,0.74%,5.28%,46306100.0,46580000.0,273900.0,92886100.0
sz300234,开尔新材,5.43,0.74%,0.78%,7861100.0,6378099.999999999,1483000.0,14409900.0
sz002860,星帅尔,13.62,0.74%,3.52%,47287900.0,55228700.0,7940800.0,104000000.0
sh688276,百克生物,58.66,0.74%,0.41%,32710000.0,25213400.0,7496700.0,57923400.0
sz301008,宏昌科技,28.65,0.74%,2.61%,10195400.0,8032900.0,2162600.0,18448900.0
sh601158,重庆水务,5.46,0.74%,0.09%,13721000.0,8613700.0,5107300.0,22334699.999999996
sh600159,大龙地产,2.74,0.74%,0.74%,8598800.0,8004600.0,594200.0,16603400.0
sz002943,宇晶股份,32.47,0.74%,3.98%,54138800.0,64211800.0,10073000.0,119000000.0
sz002212,天融信,9.59,0.74%,1.52%,81278700.0,89891100.0,8612400.0,172000000.0
sh688287,观典防务,13.89,0.73%,1.91%,22267800.000000004,27307500.0,5039700.0,49575300.0
sz301158,德石股份,18.03,0.73%,2.85%,20275700.0,19285600.0,990200.0,39561300.0
sz002652,扬子新材,2.75,0.73%,0.98%,6947300.0,6716900.000000001,230400.0,13763300.0
sz300281,金明精机,5.55,0.73%,1.38%,17390500.0,13040500.0,4350000.0,30438800.0
sh603520,司太立,16.48,0.73%,0.80%,24703200.0,20269700.0,4433500.0,44972900.0
sh600901,江苏金租,4.13,0.73%,0.59%,35783500.0,37178800.0,1395300.0,72962300.0
sh600251,冠农股份,9.7,0.73%,1.60%,62753100.00000001,57647200.0,5106000.0,120000000.0
sz300689,澄天伟业,23.49,0.73%,1.97%,19986700.0,24246200.0,4259400.0,45484900.0
sz002876,三利谱,37.5,0.73%,8.14%,244000000.0,216000000.0,28500400.0,466000000.0
sz300262,巴安水务,2.77,0.73%,1.32%,12453200.0,11595000.0,858199.9999999999,24151100.0
sz300106,西部牧业,8.28,0.73%,1.26%,12456099.999999998,9270200.0,3185899.9999999995,21914899.999999996
sz300039,上海凯宝,6.87,0.73%,1.25%,43016600.0,34527900.0,8488600.0,78394000.0
sz002389,航天彩虹,22.02,0.73%,1.34%,132000000.0,150000000.0,18041500.0,283000000.0
sz002223,鱼跃医疗,35.76,0.73%,2.28%,345000000.0,421000000.0,76031200.0,770000000.0
sh605011,杭州热电,36.41,0.72%,6.81%,150000000.0,149000000.0,1084400.0,299000000.0
sz003027,同兴环保,21.01,0.72%,3.10%,23946100.0,19209700.0,4736500.0,43380600.00000001
sz300287,飞利信,4.2,0.72%,4.19%,112999999.99999999,112999999.99999999,363200.0,227000000.0
sz002295,精艺股份,7.0,0.72%,1.50%,12895700.0,12922400.0,26700.0,26024300.0
sh688519,南亚新材,26.66,0.72%,2.99%,36296700.0,36947800.0,651100.0,73244400.0
sh600725,云维股份,2.78,0.72%,0.27%,5174200.0,4121400.0,1052800.0,9295600.0
sh603937,丽岛新材,12.6,0.72%,1.15%,15704100.0,14422900.0,1281200.0,30127100.0
sh600919,江苏银行,6.99,0.72%,0.55%,301000000.0,262000000.0,39007100.0,563000000.0
sz002798,帝欧家居,7.03,0.72%,0.67%,6342600.0,7258700.0,916200.0,13767800.0
sz000656,金科股份,1.4,0.72%,7.67%,313000000.0,261000000.0,51405500.0,576000000.0
sh603588,高能环境,9.87,0.71%,0.47%,35083000.0,33025700.0,2057300.0,68108700.0
sh600853,龙建股份,4.24,0.71%,1.90%,40905800.0,39879900.0,1025900.0,80785600.0
sz300131,英唐智控,5.67,0.71%,3.99%,106000000.0,120000000.0,14299800.0,234000000.0
sz002828,贝肯能源,8.57,0.71%,3.55%,29270900.0,29318600.0,47800.0,59038100.00000001
sz002567,唐人神,7.05,0.71%,2.59%,134000000.00000001,113999999.99999999,19280400.0,249000000.00000003
sh605566,福莱蒽特,24.57,0.70%,3.10%,26817199.999999996,20784500.0,6032700.0,47601700.0
sh605179,一鸣食品,11.58,0.70%,2.91%,11787700.0,8632900.0,3154700.0000000005,20420600.0
sh601177,杭齿前进,11.45,0.70%,1.48%,33873000.0,32730800.0,1142200.0,66603800.0
sh688078,龙软科技,50.35,0.70%,0.99%,20238700.0,15711300.000000002,4527400.0,35949900.0
sh603590,康辰药业,33.06,0.70%,0.21%,6817200.0,4424700.0,2392500.0,11241900.0
sh605499,东鹏饮料,179.99,0.70%,0.26%,40285200.0,32921300.0,7363900.0,73206300.0
sh600903,贵州燃气,8.69,0.70%,0.53%,33066600.0,18663600.0,14402900.0,51730100.0
sz300399,天利科技,12.91,0.70%,1.20%,14766900.0,14726900.0,40000.0,30154300.0
sz300327,中颖电子,30.16,0.70%,2.22%,119000000.0,104000000.0,14517900.0,225000000.0
sz002391,长青股份,7.16,0.70%,0.86%,18246600.0,10260300.0,7986300.0,28784699.999999996
sz002266,浙富控股,4.29,0.70%,0.31%,33590900.0,31310000.0,2280900.0,65661700.0
sz000555,神州信息,11.49,0.70%,0.81%,45904000.0,45229100.0,674800.0,91486700.0
sz301262,海看股份,30.73,0.69%,28.49%,163000000.0,181000000.0,18259300.0,344000000.0
sh688261,东微半导,131.1,0.69%,1.33%,44879000.0,49177100.0,4298000.0,94056100.0
sh601515,东风股份,4.36,0.69%,0.60%,26406300.0,21640300.000000004,4766000.0,48046600.0
sz300074,华平股份,4.35,0.69%,2.70%,38402100.0,23492500.0,14909600.0,62656899.99999999
sz002523,天桥起重,2.92,0.69%,2.07%,53090600.00000001,30252100.0,22838500.0,83448400.0
sz002162,悦心健康,4.35,0.69%,1.83%,43931300.0,29533800.0,14397400.0,73725700.0
sz000513,丽珠集团,36.68,0.69%,0.47%,59756000.0,45505800.0,14250200.0,106000000.0
sh603216,梦天家居,13.38,0.68%,1.45%,5133900.0,5532700.0,398700.0,10666600.0
sz300946,恒而达,38.35,0.68%,4.19%,27111800.0,27215900.0,104100.0,54327700.00000001
sh600448,华纺股份,2.98,0.68%,0.80%,7814000.0,7007100.0,806800.0000000001,14821099.999999998
sh688009,中国通号,5.92,0.68%,0.23%,57855300.0,58693500.0,838199.9999999999,117000000.0
sh603628,清源股份,16.17,0.68%,2.04%,43803000.0,47162200.0,3359200.0,90965300.0
sh600727,鲁北化工,5.95,0.68%,0.65%,10600000.0,6354900.0,4245100.0,16954800.0
sh600017,日照港,2.96,0.68%,0.67%,32660300.000000004,27710200.0,4950100.0,60370600.00000001
sz300169,天晟新材,4.44,0.68%,3.96%,22987900.0,28570500.0,5582600.0,52492900.0
sz002925,盈趣科技,19.34,0.68%,0.41%,31241500.0,26535900.0,4705600.0,58856600.0
sz002243,力合科创,8.91,0.68%,0.68%,37044700.0,32795200.0,4249400.0,72896800.0
sz000545,金浦钛业,2.94,0.68%,0.39%,5729800.0,5545100.0,184700.0,11296000.0
sz002978,安宁股份,32.87,0.67%,0.32%,16009100.0,14112100.0,1897000.0,30899699.999999996
sz000601,韶能股份,4.5,0.67%,0.34%,8754500.0,7434000.0,1320400.0,16303200.0
sh688225,亚信安全,21.02,0.67%,2.06%,23819100.0,24389600.0,570500.0,48208700.0
sh605007,五洲特纸,14.95,0.67%,2.61%,13349500.0,19003500.0,5654000.0,32352900.0
sh688178,万德斯,19.5,0.67%,0.43%,3321300.0,3769100.0000000005,447800.0,7090400.0
sh605255,天普股份,16.53,0.67%,2.56%,7527200.0,6556300.0,970900.0,14083500.0
sh603506,南都物业,12.0,0.67%,0.43%,4749200.0,4859500.0,110300.0,9608700.0
sh603813,原尚股份,14.96,0.67%,0.61%,5378099.999999999,2666500.0,2711600.0000000005,8044700.0
sh600640,国脉文化,12.07,0.67%,1.23%,54663000.0,63156800.0,8493800.0,118000000.0
sh600449,宁夏建材,16.65,0.67%,1.76%,73213500.0,66802400.0,6411100.0,140000000.0
sh600156,华升股份,4.48,0.67%,0.74%,7189600.0,6011100.0,1178400.0,13200700.0
sz300651,金陵体育,27.06,0.67%,1.89%,20178700.0,18569400.0,1609300.0,38756300.0
sz300547,川环科技,16.47,0.67%,1.83%,25537900.0,27371700.0,1833800.0,52913000.0
sz300535,达威股份,15.1,0.67%,1.26%,8660000.0,8036300.0,623700.0,16697900.0
sz301003,江苏博云,24.04,0.67%,1.25%,8885800.0,11685100.0,2799300.0,20573300.0
sz002106,莱宝高科,8.96,0.67%,0.86%,31466500.0,22509899.999999996,8956600.0,54175400.0
sz301156,美农生物,16.85,0.66%,1.46%,5987700.0,5512500.0,475200.00000000006,11500200.0
sz301100,风光股份,21.36,0.66%,1.65%,8706900.0,8789500.0,82600.0,17496400.0
sz003017,大洋生物,35.02,0.66%,1.71%,12259900.0,11738800.000000002,521100.0,25294100.0
sh600190,锦州港,3.03,0.66%,0.55%,13689200.0,15620000.0,1930700.0,29309200.0
sh688201,信安世纪,26.02,0.66%,3.12%,19614000.0,32027300.0,12413300.0,51641400.0
sz002282,博深股份,7.61,0.66%,0.50%,8495400.0,6358600.0,2136800.0,15383400.0
sh603938,三孚股份,24.39,0.66%,5.01%,237000000.0,231000000.0,5394700.0,468000000.0
sh603903,中持股份,9.11,0.66%,1.00%,11702200.0,6780500.0,4921700.0,18482600.0
sh601598,中国外运,4.6,0.66%,0.33%,46312000.0,32117300.0,14194700.0,78429300.0
sh601139,深圳燃气,7.59,0.66%,0.24%,29648300.0,21840600.0,7807700.0,51488900.0
sh600820,隧道股份,6.1,0.66%,0.37%,39963100.0,30872700.0,9090400.0,70835800.0
sh600611,大众交通,3.06,0.66%,0.81%,21007399.999999996,17489500.0,3517900.0,38496900.0
sh600337,美克家居,3.05,0.66%,0.52%,14316300.000000002,9075600.0,5240700.000000001,23391900.0
sz300600,国瑞科技,12.27,0.66%,4.24%,62420000.0,64107000.0,1687000.0,127000000.0
sz300283,温州宏丰,6.13,0.66%,2.70%,24471600.0,25642700.0,1171200.0,50811100.0
sz300012,华测检测,19.8,0.66%,0.25%,41294700.0,31562600.000000004,9732100.0,74474900.0
sz002556,辉隆股份,7.6,0.66%,0.49%,19964700.0,14847600.0,5117100.0,35140600.0
sz001323,慕思股份,34.21,0.65%,1.40%,9172000.0,9119900.0,52100.0,18912500.0
sz002651,利君股份,7.77,0.65%,2.15%,48562200.0,45396800.0,3165400.0,94068500.0
sh603618,杭电股份,6.24,0.65%,0.97%,21885100.000000004,19961600.0,1923500.0,41846700.0
sh603208,江山欧派,33.9,0.65%,0.75%,19773900.0,25133000.0,5359100.0,44906899.99999999
sh600686,金龙汽车,7.73,0.65%,4.92%,119000000.0,150000000.0,30728300.0,269000000.0
sz300154,瑞凌股份,7.71,0.65%,0.99%,9785700.0,13044700.0,3259000.0,24165200.0
sz300530,领湃科技,22.02,0.64%,0.27%,3953100.0,3030000.0,923000.0,6996300.0
sh688685,迈信林,20.34,0.64%,1.78%,10901000.0,9613000.0,1288000.0,20514000.0
sz301129,瑞纳智能,39.04,0.64%,3.07%,24706400.0,19053700.0,5652700.0,43760100.0
sz300899,上海凯鑫,25.21,0.64%,2.01%,8211400.0,7861900.000000001,349600.0,16073300.0
sz300938,信测标准,42.19,0.64%,2.43%,26427000.0,28314899.999999996,1887900.0,54741800.0
sh603606,东方电缆,47.18,0.64%,0.52%,103000000.0,64739600.0,38017600.0,167000000.0
sh603232,格尔软件,14.05,0.64%,2.78%,42790000.0,48508900.0,5718900.0,91298900.0
sh600486,扬农化工,67.88,0.64%,0.35%,36995900.0,36161800.0,834100.0,73157600.0
sz300385,雪浪环境,6.27,0.64%,0.77%,7421500.0,6145700.000000001,1275800.0,13861700.0
sz300214,日科化学,6.29,0.64%,0.39%,5740500.0,3649800.0,2090700.0,9836100.0
sz002942,新农股份,18.87,0.64%,0.17%,2171700.0,2100300.0,71400.0,4539600.0
sz002209,达意隆,9.64,0.63%,2.11%,16918100.0,14305800.0,2612300.0,31537900.0
sh603303,得邦照明,14.34,0.63%,0.21%,7944700.0,6379900.0,1564800.0,14324600.0
sh603439,贵州三力,16.1,0.63%,1.52%,54852700.00000001,43439300.0,11413500.0,98292000.0
sh603607,京华激光,14.46,0.63%,0.47%,5780599.999999999,6382700.0,602200.0,12163300.0
sh600522,中天科技,15.97,0.63%,1.23%,353000000.0,305000000.0,47786899.99999999,665000000.0
sh600033,福建高速,3.19,0.63%,0.29%,12903500.0,12268699.999999998,634800.0,25172199.999999996
sz300619,金银河,67.36,0.63%,0.77%,16103000.0,21045700.0,4942700.0,37384400.0
sz002898,赛隆药业,11.23,0.63%,1.38%,8094299.999999999,6985400.0,1108900.0,15545900.0
sz002688,金河生物,4.76,0.63%,0.44%,8055599.999999999,7400400.0,655200.0,15480300.0
sz002277,友阿股份,3.2,0.63%,0.70%,14346300.000000002,16598400.0,2252000.0,31028800.0
sz002687,乔治白,4.87,0.62%,0.95%,9931900.0,8523400.0,1408500.0,18672700.0
sz301075,多瑞医药,24.2,0.62%,1.59%,5867300.0,4600700.0,1266700.0,10468000.0
sz300915,海融科技,37.44,0.62%,0.73%,4295500.0,2448600.0,1846900.0,6744100.0
sh603896,寿仙谷,39.24,0.62%,0.68%,27820000.0,25942800.000000004,1877300.0,53762700.00000001
sh600830,香溢融通,6.52,0.62%,1.19%,18245700.0,16744200.0,1501399.9999999998,34989800.0
sh600419,天润乳业,16.19,0.62%,0.93%,25717700.0,19687700.0,6030000.0,45405400.0
sz300346,南大光电,32.32,0.62%,1.49%,130000000.0,114999999.99999999,15711199.999999998,248000000.0
sz300084,海默科技,6.48,0.62%,2.01%,22947500.0,19002700.0,3944800.0,42974300.0
sz301130,西点药业,28.12,0.61%,0.92%,6484700.0,9049300.0,2564600.0,15694100.0
sz002189,中光学,16.39,0.61%,1.10%,29445700.0,17099900.0,12345700.0,46909100.0
sh601228,广州港,3.3,0.61%,0.24%,31749800.0,19194500.0,12555300.0,50944300.0
sh601002,晋亿实业,4.96,0.61%,0.46%,9530000.0,12051300.000000002,2521300.0,21581300.0
sh600361,创新新材,4.98,0.61%,0.72%,9722800.0,6849500.0,2873300.0,16572300.0
sh600332,白云山,31.48,0.61%,0.42%,96692300.0,87248700.00000001,9443600.0,184000000.0
sh600732,爱旭股份,28.17,0.61%,1.08%,249000000.00000003,239000000.0,9840300.0,488000000.0
sz002314,南山控股,3.3,0.61%,1.04%,23411800.0,22261300.0,1150500.0,45730000.0
sz000055,方大集团,4.98,0.61%,1.16%,17987700.0,20627100.0,2639400.0,38656100.0
sh601901,方正证券,6.73,0.60%,0.14%,45137800.0,33586000.0,11551800.0,78723800.0
sh601766,中国中车,6.69,0.60%,0.16%,155000000.0,111000000.00000001,44958300.0,266000000.0
sz300022,吉峰科技,5.07,0.60%,1.32%,11722100.0,9421900.0,2300300.0,21577199.999999996
sz002846,英联股份,13.32,0.60%,6.95%,98055400.00000001,109000000.00000001,10519000.0,208000000.0
sz002628,成都路桥,3.34,0.60%,0.95%,11080000.0,11845100.0,765100.0,23942199.999999996
sz000882,华联股份,1.68,0.60%,0.43%,11594600.0,8082800.0,3511800.0,19728000.0
sz300992,泰福泵业,20.34,0.59%,1.48%,6413400.0,6661400.0,248000.0,13074800.0
sz002345,潮宏基,6.87,0.59%,2.36%,71681300.0,68085900.0,3595400.0,140000000.0
sh600917,重庆燃气,6.86,0.59%,0.16%,11378699.999999998,5511900.000000001,5866799.999999999,16890600.0
sz300403,汉宇集团,8.59,0.59%,8.17%,124000000.0,147000000.0,23216600.0,276000000.0
sz002310,东方园林,1.71,0.59%,0.57%,14467000.0,10581199.999999998,3885800.0,25092000.0
sz002043,兔宝宝,10.29,0.59%,1.50%,57813100.00000001,47590600.00000001,10222500.0,107000000.0
sz301363,美好医疗,43.04,0.58%,1.49%,13614600.0,11964900.0,1649700.0,25579500.0
sz301058,中粮科工,13.87,0.58%,1.79%,29926300.0,20543700.0,9382600.0,50470000.0
sz301057,汇隆新材,17.42,0.58%,1.59%,6059500.0,6153800.0,94300.0,12213300.0
sz300967,晓鸣股份,15.48,0.58%,1.51%,11032100.0,13335200.0,2303100.0,24367300.0
sh605099,共创草坪,24.35,0.58%,2.97%,12703599.999999998,16063599.999999998,3360000.0,28767300.0
sh600550,保变电气,5.2,0.58%,0.81%,43342000.0,33100500.0,10241500.0,76442600.0
sh603657,春光科技,17.27,0.58%,0.64%,8103500.0,6780700.000000001,1322800.0,14884200.0
sh603021,山东华鹏,5.2,0.58%,0.82%,6683000.0,6852600.0,169600.0,13535600.0
sh601966,玲珑轮胎,22.66,0.58%,0.63%,104000000.0,106000000.0,1900500.0,209000000.0
sh600908,无锡银行,5.23,0.58%,0.45%,20744000.0,20298800.0,445200.00000000006,41042800.0
sh600642,申能股份,6.97,0.58%,0.30%,52452800.0,51391800.0,1061000.0,104000000.0
sh600353,旭光电子,8.71,0.58%,1.80%,60068500.0,66958000.0,6889600.0,127000000.0
sz300424,航新科技,13.8,0.58%,1.35%,23007399.999999996,20623900.0,2383500.0,44283500.0
sz300066,三川智慧,5.23,0.58%,0.40%,8956000.0,11532600.0,2576600.0000000005,20978100.0
sz000967,盈峰环境,5.21,0.58%,0.20%,19788200.0,13092800.0,6695400.0,33244100.0
sz000417,合肥百货,5.23,0.58%,3.87%,74944200.0,80978200.0,6034000.0,158000000.0
sz002421,达实智能,3.5,0.57%,1.01%,32500700.0,30486200.0,2014500.0,63251000.0
sh601898,中煤能源,8.86,0.57%,0.16%,78154300.0,50317900.0,27836400.0,128000000.0
sh601007,金陵饭店,8.78,0.57%,1.33%,21739600.0,23843600.0,2104000.0,45583300.0
sh600594,益佰制药,5.26,0.57%,0.75%,17623900.0,13473800.000000002,4150100.0,31097800.000000004
sz002955,鸿合科技,21.24,0.57%,0.95%,19107600.0,17812000.0,1295600.0,37778000.0
sz002133,广宇集团,3.5,0.57%,0.91%,12669200.0,11409400.0,1259800.0,24212199.999999996
sz002014,永新股份,8.77,0.57%,0.49%,15372100.0,10228400.0,5143600.0,25739100.0
sz301302,华如科技,36.05,0.56%,1.94%,28075900.0,32186200.0,4110200.0,60262100.0
sz301027,华蓝集团,12.5,0.56%,1.20%,7935800.0,7137700.0,798100.0,15073500.0
sh601089,福元医药,16.2,0.56%,1.61%,18182800.0,13071500.0,5111300.0,31254200.0
sh600979,广安爱众,3.57,0.56%,1.31%,27286800.0,30225200.0,2938399.9999999995,57512100.0
sh600638,新黄浦,5.37,0.56%,0.26%,4800300.0,4540900.0,259400.0,9341100.0
sh603348,文灿股份,46.36,0.56%,2.51%,171000000.0,126000000.0,45838300.0,297000000.0
sh600824,益民集团,3.6,0.56%,0.49%,10545000.0,7771100.0,2773900.0,18316000.0
sz002568,百润股份,35.97,0.56%,0.50%,67058600.0,59119600.0,7939000.0,127000000.0
sz000156,华数传媒,8.96,0.56%,0.44%,29697199.999999996,31294899.999999996,1597700.0,61222500.0
sz000089,深圳机场,7.12,0.56%,0.27%,18483200.0,19625600.0,1142500.0,38759600.0
sz003003,天元股份,10.98,0.55%,2.38%,12300100.0,11164900.0,1135300.0,23829300.0
sh600877,电科芯片,14.55,0.55%,0.48%,32676500.0,31563800.0,1112700.0,64240200.00000001
sh688097,博众精工,33.16,0.55%,5.51%,80501500.0,85212400.0,4710900.0,166000000.0
sh600644,乐山电力,7.32,0.55%,0.76%,14238400.0,15520500.0,1282000.0,29758900.0
sh603080,新疆火炬,14.73,0.55%,0.90%,9300700.0,9400600.0,99800.0,18701300.0
sh600865,百大集团,9.11,0.55%,0.33%,5875599.999999999,5426100.0,449500.0,11301700.0
sh600674,川投能源,14.7,0.55%,0.14%,51534200.0,41557800.0,9976400.0,93091900.0
sz002631,德尔未来,5.46,0.55%,0.27%,5279900.0,4265600.0,1014300.0000000001,9624500.0
sz002468,申通快递,10.97,0.55%,0.33%,30226300.0,22632300.0,7593900.0,53307900.0
sz000031,大悦城,3.75,0.54%,0.17%,14202000.0,10766800.0,3435100.0,25013700.0
sz301212,联盛化学,33.56,0.54%,1.54%,6252000.0,7633099.999999999,1381100.0000000002,13885000.0
sh605180,华生科技,12.92,0.54%,1.19%,4229100.0,3176200.0,1052900.0,7405200.0
sz300811,铂科新材,57.52,0.54%,1.03%,42395200.00000001,49764100.0,7368900.0,92910500.0
sh600051,宁波联合,7.4,0.54%,0.62%,7594000.0,6516900.000000001,1077100.0,14110900.0
sh603776,永安行,14.85,0.54%,1.13%,18415000.0,20379800.0,1964800.0,38794800.0
sh603389,亚振家居,5.55,0.54%,0.58%,4545800.0,3845200.0,700600.0,8391100.0
sh601311,骆驼股份,9.28,0.54%,0.46%,25094899.999999996,24750000.0,344900.0,49844799.99999999
sh600745,闻泰科技,46.6,0.54%,0.86%,223000000.0,277000000.0,54119799.99999999,499000000.0
sh600236,桂冠电力,5.54,0.54%,0.06%,12442500.0,12209700.0,232800.0,24652199.999999996
sz300579,数字认证,29.99,0.54%,1.88%,62989300.0,85974200.0,22984899.999999996,149000000.0
sz000680,山推股份,5.55,0.54%,1.74%,44601600.0,54329300.0,9727600.0,102000000.0
sz301161,唯万密封,22.96,0.53%,3.84%,12071500.0,12556700.0,485200.00000000006,24628200.0
sh603272,联翔股份,16.99,0.53%,1.24%,4403700.0,3870299.9999999995,533500.0,8274000.0
sz000893,亚钾国际,24.76,0.53%,0.52%,64735500.0,38790600.0,25944899.999999996,104000000.0
sz300272,开能健康,5.67,0.53%,1.26%,14813500.0,14162000.0,651500.0,29346000.0
sh603499,翔港科技,9.56,0.53%,1.19%,13306500.0,9657600.0,3649000.0,22964100.0
sh603843,正平股份,3.82,0.53%,0.95%,10396199.999999998,9690600.0,705699.9999999999,20086800.0
sh601218,吉鑫科技,3.78,0.53%,0.36%,7733200.000000001,5631900.000000001,2101300.0,13365100.0
sh600653,申华控股,1.89,0.53%,0.61%,12877800.0,9413700.0,3464100.0000000005,22291600.0
sz300211,亿通科技,9.56,0.53%,0.88%,13227700.0,11213599.999999998,2014100.0,24757399.999999996
sz300193,佳士科技,7.56,0.53%,0.67%,12113300.0,9214200.0,2899000.0,21655100.000000004
sz300048,合康新能,5.73,0.53%,0.63%,20327300.0,19149100.0,1178100.0,39973700.0
sz002864,盘龙药业,39.61,0.53%,3.86%,48899900.0,46512000.0,2387900.0,97390200.0
sz002225,濮耐股份,3.78,0.53%,0.50%,8834900.0,6459600.0,2375300.0,15514200.0
sz002144,宏达高科,11.35,0.53%,1.26%,10590700.0,8889100.0,1701600.0,19576300.0
sz000565,渝三峡A,5.73,0.53%,0.44%,5309299.999999999,5622500.0,313200.0,10974200.0
sz301042,安联锐视,34.51,0.52%,1.55%,13019300.0,9397900.0,3621400.0,22417300.0
sz300109,新开源,22.98,0.52%,1.06%,34160300.0,34244100.0,83699.99999999999,69854100.0
sh601665,齐鲁银行,3.85,0.52%,0.54%,27297399.999999996,20578400.0,6718900.0,47875900.0
sh688030,山石网科,21.22,0.52%,1.14%,20953700.0,23123200.0,2169600.0,44076899.99999999
sh689009,九号公司,34.79,0.52%,0.64%,54616600.0,57872900.0,3256300.0,112000000.00000001
sz300955,嘉亨家化,21.25,0.52%,1.22%,5223700.0,6337700.0,1114000.0,11561400.000000002
sz003000,劲仔食品,11.55,0.52%,1.69%,23491400.0,19334500.0,4157000.0,43322600.0
sh603739,蔚蓝生物,13.48,0.52%,0.37%,7795800.0,4738700.0,3057100.0,12534500.0
sh600650,锦江在线,9.74,0.52%,0.28%,5848300.0,4894600.0,953700.0,10743000.0
sh600336,澳柯玛,5.75,0.52%,0.60%,13785200.0,13559300.0,225900.0,27344500.0
sh600120,浙江东方,3.89,0.52%,0.37%,23873900.0,24592900.0,718900.0,48466899.99999999
sh600016,民生银行,3.88,0.52%,0.14%,101000000.0,82299300.0,19175100.0,184000000.0
sz300698,万马科技,26.89,0.52%,0.77%,11609000.0,13325200.0,1716200.0,25463200.0
sz300237,美晨生态,1.95,0.52%,0.78%,11329400.0,8951600.0,2377800.0,22127199.999999996
sz300174,元力股份,17.49,0.52%,0.98%,30762600.000000004,31128900.0,366300.0,62195700.0
sz002730,电光科技,9.64,0.52%,1.43%,24719800.0,22044200.0,2675600.0,47198900.0
sz000685,中山公用,7.71,0.52%,0.39%,21589699.999999996,15789800.0,5800000.0,37828100.0
sz002066,瑞泰科技,11.74,0.51%,1.21%,18083500.0,14377100.0,3706400.0,32734200.0
sh601698,中国卫通,19.81,0.51%,0.92%,395000000.0,371000000.0,23733800.0,766000000.0
sh600693,东百集团,3.95,0.51%,0.39%,7701400.0,5504100.0,2197300.0,13205600.0
sh600356,恒丰纸业,7.92,0.51%,0.85%,9011000.0,10811400.000000002,1800300.0,19822400.0
sz300673,佩蒂股份,13.9,0.51%,0.69%,6946400.0,7893300.0,946900.0,15551400.000000002
sh603281,江瀚新材,31.66,0.51%,1.26%,14925000.0,22035600.0,7110700.000000001,36960600.0
sz300194,福安药业,3.93,0.51%,1.10%,22264000.0,19177800.0,3086300.0,41600600.00000001
sz002672,东江环保,5.91,0.51%,0.39%,8928200.0,6505900.0,2422300.0,15523900.000000002
sz002343,慈文传媒,7.81,0.51%,6.40%,119000000.0,117000000.0,2581800.0,236000000.0
sh601956,东贝集团,5.9,0.51%,1.35%,12916700.0,12381600.0,535100.0,25298300.0
sz000711,*ST京蓝,1.99,0.51%,2.21%,21075000.0,21262600.000000004,187700.0,42763500.0
sh688117,圣诺生物,28.03,0.50%,1.31%,11311500.0,12018500.0,707000.0,23330000.0
sh603488,展鹏科技,8.06,0.50%,0.89%,10532000.0,10249900.0,282100.0,20781900.0
sh603006,联明股份,11.96,0.50%,5.39%,57615500.0,64848200.0,7232700.0,122000000.0
sh601360,三六零,12.16,0.50%,1.73%,729000000.0,773000000.0,44052000.0,1503000000.0
sh600647,*ST同达,14.17,0.50%,0.46%,3602799.9999999995,5346400.0,1743600.0000000002,8949200.0
sh603053,成都燃气,9.98,0.50%,0.24%,9693900.0,11347000.0,1653100.0,21041000.0
sh600306,*ST商城,7.99,0.50%,0.14%,926100.0,1126500.0,200500.0,2052600.0
sz002833,弘亚数控,17.98,0.50%,1.51%,31031300.0,38195000.0,7163600.0,69989200.0
sz002098,浔兴股份,6.01,0.50%,0.44%,5371300.0,3976700.0,1394600.0,9390000.0
sz002075,沙钢股份,4.06,0.50%,0.49%,31019200.0,12697700.0,18321600.0,44333500.0
sh603041,美思德,12.3,0.49%,0.71%,9412800.0,6589100.0,2823700.0,16001800.0
sh601963,重庆银行,8.24,0.49%,0.33%,8750700.0,9902800.0,1152000.0,18653500.0
sh600828,茂业商业,4.11,0.49%,0.36%,14215600.0,11232300.0,2983200.0,25447900.0
sh600493,凤竹纺织,6.18,0.49%,1.83%,14186900.0,16319100.0,2132100.0,30506000.0
sh600436,片仔癀,284.94,0.49%,0.14%,129000000.0,112000000.00000001,16781800.0,241000000.0
sz300762,上海瀚讯,12.36,0.49%,1.57%,53441500.0,64148200.0,10706700.0,121000000.0
sz300657,弘信电子,20.7,0.49%,6.99%,315000000.0,329000000.0,13644700.0,652000000.0
sz300531,优博讯,14.32,0.49%,1.69%,36455200.0,39142600.0,2687400.0,75795300.0
sz300317,珈伟新能,6.11,0.49%,3.10%,70145200.0,81858500.0,11713300.0,157000000.0
sz000960,锡业股份,16.48,0.49%,0.98%,120000000.0,143000000.0,23076500.0,266000000.0
sh603926,铁流股份,10.28,0.49%,1.43%,14821500.0,15454700.0,633200.0,30276300.0
sz000650,仁和药业,6.23,0.48%,1.01%,48964300.0,34953400.0,14010900.0,84052900.00000001
sh603151,邦基科技,16.77,0.48%,1.66%,6118000.0,5523000.0,595000.0,11641099.999999998
sh688223,晶科能源,12.56,0.48%,3.18%,306000000.0,483000000.0,178000000.0,789000000.0
sh603071,物产环能,16.77,0.48%,0.89%,15464300.0,19877700.0,4413400.0,35342000.0
sz301166,优宁维,43.52,0.48%,1.46%,12330900.0,13938500.0,1607600.0,26269400.0
sz002165,红宝丽,4.15,0.48%,1.03%,14399900.0,16512900.0,2112900.0,31001500.0
sz301033,迈普医学,41.63,0.48%,1.36%,9189700.0,11736900.0,2547200.0,20926600.0
sz300437,清水源,14.6,0.48%,2.09%,24835400.0,29228200.0,4392800.0,54491500.0
sh605169,洪通燃气,10.41,0.48%,1.35%,5647600.0,4242000.0,1405600.0,9889600.0
sz300902,国安达,37.91,0.48%,2.14%,21718500.0,21045600.0,672800.0,42764000.0
sh603221,爱丽家居,8.37,0.48%,0.55%,6224000.0,4754200.0,1469800.0,10978100.0
sh688338,赛科希德,35.29,0.48%,1.99%,14697400.0,19830600.0,5133200.000000001,34527900.0
sh603885,吉祥航空,16.68,0.48%,0.48%,84177300.0,94567099.99999999,10389800.0,179000000.0
sh603566,普莱柯,23.05,0.48%,0.61%,27446900.0,22154100.0,5292800.0,49601000.0
sh600062,华润双鹤,16.85,0.48%,0.52%,58272700.00000001,31762600.000000004,26510100.000000004,90035400.00000001
sz300239,东宝生物,6.31,0.48%,0.46%,7216799.999999999,7531000.0,314200.0,14904500.0
sz300112,万讯自控,10.52,0.48%,2.61%,31838700.0,32216200.0,377500.0,64900200.00000001
sz002845,同兴达,16.76,0.48%,8.82%,153000000.0,178000000.0,24948100.0,334000000.0
sz002746,仙坛股份,8.41,0.48%,0.95%,27967000.0,27716700.0,250300.0,56661800.0
sz002696,百洋股份,6.33,0.48%,0.57%,6202000.0,6136900.000000001,65100.0,12381900.0
sz002566,益盛药业,8.42,0.48%,0.99%,9748500.0,9171400.0,577100.0,19081400.0
sz000619,海螺新材,6.37,0.47%,0.76%,8040000.0,9319600.0,1279600.0,17476400.0
sh688630,芯碁微装,87.4,0.47%,4.89%,132000000.0,162000000.0,30480400.0,294000000.0
sh600138,中青旅,12.85,0.47%,1.60%,73791500.0,73847100.0,55599.99999999999,148000000.0
sz002960,青鸟消防,16.96,0.47%,0.56%,32900200.0,25876300.0,7023900.0,59745900.0
sz002583,海能达,6.4,0.47%,1.98%,73618000.0,79184800.0,5566799.999999999,155000000.0
sz001222,源飞宠物,15.34,0.46%,1.16%,4730100.0,3539400.0,1190600.0,8482800.0
sz002820,桂发祥,10.95,0.46%,1.79%,17264100.0,21179100.0,3915000.0,39116500.0
sz002789,建艺集团,15.13,0.46%,1.10%,12197700.0,7081700.0,5115900.0,21375400.0
sh600768,宁波富邦,10.95,0.46%,1.06%,8118600.0,7423099.999999999,695500.0,15541800.0
sh603855,华荣股份,26.04,0.46%,0.23%,10166600.0,9402500.0,764100.0,19569100.0
sh603367,辰欣药业,15.23,0.46%,0.45%,17687500.0,12868900.000000002,4818600.0,30556400.0
sh600805,悦达投资,4.4,0.46%,0.43%,7877900.0,8021900.000000001,143900.0,15899800.0
sh600288,大恒科技,10.99,0.46%,1.19%,28511300.0,28386300.0,125000.0,56897600.0
sz300665,飞鹿股份,8.73,0.46%,1.80%,12939200.0,10109400.0,2829800.0,23412700.0
sz002129,TCL中环,30.68,0.46%,0.71%,430999999.99999994,446000000.0,15798300.0,889000000.0
sz000676,智度股份,6.61,0.46%,1.29%,50351600.0,58134100.0,7782500.0,109000000.00000001
sz000066,中国长城,13.18,0.46%,1.74%,354000000.0,356000000.0,2029500.0,713000000.0
sh603125,常青科技,29.3,0.45%,3.01%,18543900.0,22936400.0,4392500.0,41480400.0
sz301228,实朴检测,15.69,0.45%,1.35%,6054200.0,5507400.0,546800.0,11561700.0
sh688737,中自科技,42.84,0.45%,1.57%,16124400.0,13904000.0,2220400.0,30028300.0
sh688517,金冠电气,20.28,0.45%,2.37%,22670800.0,17651900.0,5018900.0,40322700.0
sh603856,东宏股份,13.51,0.45%,0.66%,9782800.0,12982200.0,3199400.0,22765000.0
sh688196,卓越新能,47.17,0.45%,0.15%,5295200.0,3319000.0,1976200.0,8614200.0
sh603129,春风动力,155.9,0.45%,0.47%,50811800.0,58674300.0,7862500.0,109000000.00000001
sh600720,祁连山,11.14,0.45%,0.46%,17899200.0,21998900.0,4099800.0,39898100.0
sh600567,山鹰国际,2.25,0.45%,0.39%,19938300.0,18931200.0,1007000.0,38869500.0
sh600435,北方导航,11.04,0.45%,0.67%,51816200.0,58965400.0,7149200.0,111000000.00000001
sz000546,ST金圆,6.84,0.44%,2.67%,60750200.00000001,69794700.0,9044500.0,131000000.0
sz301287,康力源,41.05,0.44%,8.51%,27003500.0,30843100.0,3839600.0,57846600.0
sz301199,迈赫股份,29.66,0.44%,7.05%,51643300.0,64028300.0,12384900.0,115999999.99999999
sh600408,安泰集团,2.29,0.44%,0.51%,7554000.0,4219400.0,3334600.0,11773500.0
sh603881,数据港,22.91,0.44%,1.69%,86265200.0,92771900.0,6506700.0,179000000.0
sh603880,ST南卫,4.6,0.44%,0.68%,3182500.0,5874700.0,2692200.0000000005,9057200.0
sh603536,惠发食品,6.82,0.44%,0.97%,9848200.0,6185599.999999999,3662600.0,16033800.000000002
sh600613,神奇制药,6.78,0.44%,0.80%,13859500.0,11899900.0,1959700.0,25759400.0
sh600487,亨通光电,15.89,0.44%,6.91%,1377000000.0,1322000000.0,54267000.0,2699000000.0
sz300610,晨化股份,11.39,0.44%,0.93%,9790500.0,7237400.0,2553100.0,17029000.0
sz002256,兆新股份,2.3,0.44%,1.26%,22371400.0,17927400.0,4444000.0,40432700.0
sz000899,赣能股份,9.16,0.44%,1.29%,54764200.0,59150100.0,4385800.0,114999999.99999999
sz000670,盈方微,6.96,0.43%,5.50%,115999999.99999999,114999999.99999999,879000.0,233000000.0
sh688277,天智航,16.49,0.43%,1.46%,33877900.0,38158300.0,4280400.0,72036200.0
sh603967,中创物流,9.32,0.43%,0.53%,6792600.0,10333400.0,3540800.0,17126000.0
sh603223,恒通股份,13.87,0.43%,0.15%,4912200.0,6234299.999999999,1322200.0,11146500.0
sh600963,岳阳林纸,7.06,0.43%,0.60%,41149000.0,33300600.0,7848400.0,74449500.0
sh600829,人民同泰,7.04,0.43%,0.53%,11651300.000000002,9892500.0,1758800.0,21543800.0
sh600681,百川能源,4.63,0.43%,0.24%,7343200.000000001,7277500.0,65700.0,14620800.0
sh600025,华能水电,7.03,0.43%,0.04%,24235900.0,27474200.0,3238300.0,51710200.00000001
sz300477,合纵科技,4.69,0.43%,1.14%,21636200.0,26612800.000000004,4976500.0,49111500.0
sz002722,物产金轮,13.96,0.43%,0.73%,10569900.0,6944500.0,3625400.0,17743300.0
sz002439,启明星辰,30.5,0.43%,1.73%,181000000.0,206000000.0,24973400.0,388000000.0
sz001360,南矿集团,19.04,0.42%,11.01%,51112800.0,52479799.99999999,1367000.0,104000000.0
sz301197,工大科雅,23.9,0.42%,4.02%,13337300.0,15738100.0,2400800.0,29075300.000000004
sz300695,兆丰股份,48.29,0.42%,0.40%,8034200.0,5120500.0,2913700.0,13454100.0
sh688191,智洋创新,16.67,0.42%,2.98%,16551700.0,19587200.0,3035400.0,36138900.0
sh688668,鼎通科技,93.2,0.42%,3.77%,89203400.0,75156900.0,14046500.0,164000000.0
sh601038,一拖股份,11.9,0.42%,0.56%,18597600.0,20658300.0,2060600.0,39255900.0
sh600498,烽火通信,19.18,0.42%,1.10%,125000000.0,112000000.00000001,13411700.0,237000000.0
sh600217,中再资环,4.8,0.42%,0.26%,10133300.0,7090200.0,3043100.0,17223500.0
sz300649,杭州园林,21.33,0.42%,3.91%,42828700.0,43681000.0,852300.0,86541800.0
sz002937,兴瑞科技,26.2,0.42%,0.93%,25753200.0,45102299.99999999,19349000.0,71120300.0
sz002580,圣阳股份,9.57,0.42%,1.58%,26077399.999999996,21091900.0,4985600.0,47561500.0
sz002531,天顺风能,14.39,0.42%,0.56%,79463400.0,64078500.0,15384900.0,144000000.0
sz002487,大金重工,31.12,0.42%,1.24%,124000000.0,119000000.0,4588500.0,243000000.00000003
sz000593,德龙汇能,7.1,0.42%,1.56%,20055500.0,19411500.0,644000.0,39659100.0
sz000422,湖北宜化,11.97,0.42%,1.21%,62168600.0,67401200.0,5232600.0,131000000.0
sz002553,南方精工,14.71,0.41%,18.90%,299000000.0,352000000.0,52868900.0,654000000.0
sh600889,南京化纤,4.88,0.41%,0.65%,6354500.0,5290400.0,1064100.0,11644900.0
sh603393,新天然气,26.98,0.41%,0.62%,35708500.0,27424000.0,8284500.0,63132400.0
sh603317,天味食品,14.73,0.41%,0.33%,25677600.000000004,24814600.0,863000.0,50492299.99999999
sh603090,宏盛股份,22.04,0.41%,2.06%,19379800.0,25845200.0,6465300.0,45225000.0
sh601200,上海环境,9.82,0.41%,0.41%,27171200.0,18052200.0,9119100.0,45223400.0
sh600628,新世界,7.36,0.41%,0.28%,8388099.999999999,5062400.0,3325700.0,13450500.0
sh600377,宁沪高速,9.83,0.41%,0.11%,18985100.0,21616400.0,2631300.0,40601400.0
sh600132,重庆啤酒,88.24,0.41%,0.56%,121000000.0,118000000.0,3023600.0,238000000.0
sz300633,开立医疗,49.02,0.41%,0.93%,101000000.0,96345600.0,4240200.0,197000000.0
sz300433,蓝思科技,12.37,0.41%,0.26%,87380700.0,69008000.0,18372700.0,158000000.0
sz002916,深南电路,80.23,0.41%,0.79%,180000000.0,146000000.0,33700600.0,327000000.0
sz002891,中宠股份,24.5,0.41%,1.29%,43153100.00000001,47846400.0,4693300.0,93449100.0
sz000548,湖南投资,4.99,0.40%,1.26%,14404700.0,16753800.000000002,2349100.0,31277399.999999996
sz301325,曼恩斯特,109.44,0.40%,2.95%,38452600.0,41041000.0,2588300.0,79493600.0
sz002963,豪尔赛,14.95,0.40%,0.85%,8479900.0,6766400.0,1713500.0,15587100.0
sz301139,元道通信,27.55,0.40%,1.85%,21061500.0,13564500.0,7497000.0,34626000.0
sh605500,森林包装,7.57,0.40%,0.83%,3936900.0,2712600.0,1224300.0,6649600.0
sz003023,彩虹集团,20.27,0.40%,2.41%,12313699.999999998,12550600.0,236900.0,24937199.999999996
sz300820,英杰电气,73.4,0.40%,1.14%,37692500.0,49303100.00000001,11610600.0,88111299.99999999
sh603269,海鸥股份,15.19,0.40%,3.67%,40889200.0,46946000.0,6056799.999999999,87835200.0
sh600802,福建水泥,4.97,0.40%,0.46%,5799299.999999999,4686400.0,1112900.0,10485700.0
sh600643,爱建集团,5.04,0.40%,0.29%,13129100.0,10408300.0,2720800.0,23537300.0
sh600073,上海梅林,7.55,0.40%,0.70%,27122700.0,22249300.0,4873300.0,49372000.0
sz300732,设研院,10.03,0.40%,1.04%,16804400.0,15925800.0,878600.0,33321000.0
sh688515,裕太微,157.71,0.39%,3.86%,56371700.0,53379700.0,2992000.0,110000000.00000001
sh688538,和辉光电,2.59,0.39%,0.28%,28567800.000000004,12868500.0,15699200.0,41436400.0
sh688313,仕佳光子,15.63,0.39%,4.06%,97618300.0,108000000.0,10849900.0,206000000.0
sh605288,凯迪股份,43.5,0.39%,0.46%,6974000.0,7076600.0,102600.0,14050700.0
sz300823,建科机械,20.85,0.39%,0.93%,8362000.0,9375400.0,1013400.0,18039800.0
sh603733,仙鹤股份,20.81,0.39%,0.42%,28025100.000000004,32924600.0,4899500.0,60949700.0
sh603616,韩建河山,5.21,0.39%,0.84%,8683600.0,7921600.0,762000.0,16605200.0
sh600850,电科数字,23.15,0.39%,0.56%,39718900.0,32754699.999999996,6964100.0,72473700.0
sh600416,湘电股份,18.18,0.39%,1.11%,93410600.0,130000000.0,36401900.0,223000000.0
sh600184,光电股份,12.91,0.39%,0.42%,14399700.0,13010400.0,1389199.9999999998,27410100.000000004
sh600072,中船科技,25.49,0.39%,4.61%,426999999.99999994,436000000.00000006,9068800.0,863000000.0000001
sh600052,东望时代,5.21,0.39%,1.44%,30383000.0,33205100.000000004,2822100.0,63588200.0
sz300587,天铁股份,7.63,0.39%,0.59%,21866200.0,19937500.0,1928700.0,41811300.0
sz002815,崇达技术,12.84,0.39%,1.17%,31215400.0,33650800.0,2435400.0,65482000.0
sz002168,惠程科技,5.11,0.39%,3.69%,75056700.0,71052000.0,4004700.0000000005,147000000.0
sh605555,德昌股份,18.28,0.38%,4.89%,49713400.0,70812000.0,21098600.0,121000000.0
sz301295,美硕科技,40.02,0.38%,24.93%,78644700.0,92839700.0,14194900.0,171000000.0
sh603279,景津装备,31.6,0.38%,0.38%,37819900.0,30503300.0,7316600.0,68323100.0
sh601099,太平洋,2.63,0.38%,0.51%,45315500.0,45324700.0,-9130.0,90640200.0
sh600071,凤凰光学,21.03,0.38%,0.93%,26993000.0,28008700.0,1015699.9999999999,55001700.0
sz300776,帝尔激光,62.69,0.38%,1.35%,70206400.0,69189100.0,1017300.0,141000000.0
sz000651,格力电器,36.88,0.38%,0.23%,209000000.0,256999999.99999997,47887100.0,470000000.0
sz003036,泰坦股份,13.46,0.37%,1.43%,5418600.0,5290700.000000001,127899.99999999999,10896400.000000002
sh688656,浩欧博,34.99,0.37%,0.48%,1365100.0,1681399.9999999998,316300.0,3046500.0
sz002263,大东南,2.69,0.37%,0.62%,18050600.0,13022500.0,5028200.0,31508100.0
sh600512,腾达建设,2.74,0.37%,1.27%,24688300.0,30038600.0,5350300.0,54726899.99999999
sh688779,长远锂科,10.96,0.37%,0.44%,28780600.0,19876400.0,8904200.0,48657000.0
sh600007,中国国贸,18.91,0.37%,0.12%,12785400.0,10492400.0,2293000.0,23277800.000000004
sh601366,利群股份,5.46,0.37%,0.21%,4768000.0,4858200.0,90100.0,9626200.0
sh600866,星湖科技,5.47,0.37%,0.54%,11223100.0,10732500.0,490700.0,21955600.0
sh600756,浪潮软件,16.39,0.37%,1.72%,46260700.0,45171600.0,1089100.0,91432200.0
sh600479,千金药业,10.83,0.37%,1.75%,42169700.0,36484600.0,5685100.0,78654300.0
sz300635,中达安,13.53,0.37%,0.95%,7571700.0,7220300.0,351400.0,14801400.000000002
sz300393,中来股份,13.52,0.37%,0.96%,52213500.0,68720100.0,16506600.0,123000000.0
sz000731,四川美丰,8.2,0.37%,0.85%,19485100.0,21473700.0,1988600.0000000002,40986600.0
sh688235,百济神州,118.9,0.36%,0.74%,59488900.0,36756700.0,22732199.999999996,96245500.0
sh605136,丽人丽妆,11.22,0.36%,2.07%,21146500.0,23840700.0,2694200.0,44987200.0
sz300849,锦盛新材,11.3,0.36%,0.47%,3641400.0,2702700.0,938700.0,6449100.0
sz301022,海泰科,28.06,0.36%,5.21%,28980300.000000004,32380600.0,3400299.9999999995,61361000.0
sh603010,万盛股份,11.15,0.36%,0.46%,13458500.0,11502600.0,1955900.0,24961200.0
sh600869,远东股份,5.54,0.36%,0.31%,20667300.0,17246800.0,3420500.0,37914100.0
sh600834,申通地铁,8.27,0.36%,0.28%,6501600.0,4400300.0,2101300.0,10901900.0
sh601136,首创证券,14.04,0.36%,5.00%,91642200.0,98881700.0,7239600.0,191000000.0
sz300132,青松股份,5.55,0.36%,0.60%,9116200.0,7592900.0,1523400.0,16888900.0
sz002573,清新环境,5.55,0.36%,0.58%,18484600.0,16057900.0,2426700.0,34991600.0
sz000659,珠海中富,2.8,0.36%,1.06%,19226900.0,18929700.0,297200.0,38280100.0
sz000532,华金资本,11.3,0.36%,0.59%,11402500.0,11219300.0,183100.0,23029800.0
sz301217,铜冠铜箔,14.24,0.35%,3.42%,49756700.0,61661899.99999999,11905200.0,111000000.00000001
sh688585,上纬新材,8.57,0.35%,5.70%,17879500.0,23588200.0,5708800.0,41467600.0
sh600008,首创环保,2.87,0.35%,0.38%,43379799.99999999,35673600.0,7706200.0,79053400.0
sh603983,丸美股份,28.91,0.35%,0.35%,21469200.0,18808300.0,2660800.0,40277500.0
sh603636,南威软件,14.18,0.35%,1.57%,60397500.0,71489300.0,11091800.0,132000000.0
sh603516,淳中科技,17.36,0.35%,1.88%,27535400.0,32873800.0,5338300.0,60409300.0
sh601058,赛轮轮胎,11.4,0.35%,0.49%,83653600.0,85848100.0,2194400.0,170000000.0
sh600517,国网英大,5.77,0.35%,0.28%,47871600.0,44716300.0,3155299.9999999995,92587900.00000001
sh600227,赤天化,2.84,0.35%,0.38%,7091600.0,6378800.0,712800.0,13470400.0
sh600187,国中水务,2.89,0.35%,6.96%,166000000.0,159000000.0,6950200.0,324000000.0
sz300674,宇信科技,17.35,0.35%,2.36%,142000000.0,145000000.0,2855299.9999999995,289000000.0
sz300192,科德教育,11.45,0.35%,6.02%,54205400.0,93470300.0,39265000.0,150000000.0
sz000826,启迪环境,2.87,0.35%,0.82%,20159900.0,13434700.0,6725200.0,33715000.0
sh600119,长江投资,5.9,0.34%,0.64%,6575500.0,4913400.0,1662100.0,11488900.000000002
sz300968,格林精密,8.88,0.34%,2.28%,19384500.0,15597800.0,3786700.0,34982300.0
sh603195,公牛集团,96.06,0.34%,0.04%,19272800.0,14081900.0,5190900.0,33354600.0
sh603268,松发股份,23.66,0.34%,1.24%,14860300.0,21408800.0,6548500.0,36269100.0
sh600192,长城电工,5.99,0.34%,1.70%,22356300.0,22419100.0,62800.0,44775500.0
sh600143,金发科技,8.91,0.34%,0.27%,34628800.0,27616000.0,7012800.0,62244799.99999999
sz300027,华谊兄弟,2.94,0.34%,2.11%,70343100.0,70473600.0,130500.0,143000000.0
sz002890,弘宇股份,14.82,0.34%,0.44%,4482100.0,3257799.9999999995,1224300.0,7788800.0
sz002693,双成药业,5.99,0.34%,0.87%,11421300.000000002,9553100.0,1868200.0,21252300.0
sz002457,青龙管业,8.95,0.34%,3.59%,56378800.0,48756300.0,7622500.0,105000000.0
sz002456,欧菲光,5.96,0.34%,0.88%,75500400.0,93743799.99999999,18243400.0,170000000.0
sz000876,新希望,11.8,0.34%,0.31%,82314700.0,81767200.0,547500.0,165000000.0
sz000155,川能动力,14.66,0.34%,0.51%,45977600.0,49640600.00000001,3663100.0,97142600.0
sh688403,汇成股份,12.2,0.33%,2.75%,22045000.0,18898700.0,3146300.0,40943700.0
sz301101,明月镜片,39.03,0.33%,0.92%,12246700.0,13249000.0,1002300.0,25495700.0
sz301032,新柴股份,9.08,0.33%,2.72%,9091300.0,11232100.0,2140800.0,20323300.0
sz002262,恩华药业,27.49,0.33%,0.80%,78989600.0,108000000.0,28824200.0,190000000.0
sh605008,长鸿高科,15.35,0.33%,0.46%,6975300.0,7298300.0,322900.0,14273599.999999998
sh688007,光峰科技,21.34,0.33%,0.53%,23220300.000000004,28216900.0,4996600.0,51437299.99999999
sh605055,迎丰股份,6.0,0.33%,2.90%,9190400.0,7951200.0,1239100.0,17141600.0
sh603089,正裕工业,9.11,0.33%,0.57%,5604100.0,5867600.0,263500.0,11471600.0
sh603020,爱普股份,9.25,0.33%,0.48%,8366400.0,8556800.0,190400.0,16923300.0
sh600218,全柴动力,9.01,0.33%,0.97%,18506200.0,17316700.0,1189500.0,35822900.0
sh600203,福日电子,6.07,0.33%,1.11%,18531500.0,21178400.0,2646900.0,39709900.0
sh600118,中国卫星,30.86,0.33%,1.73%,319000000.0,313000000.0,5323000.0,632000000.0
sz001979,招商蛇口,12.02,0.33%,0.17%,82137700.0,77135800.0,5001900.0,161000000.0
sz301116,益客食品,15.84,0.32%,1.91%,17312200.0,17603900.0,291700.0,34916200.0
sz003006,百亚股份,15.75,0.32%,1.39%,24262800.000000004,22177800.000000004,2085100.0,46961700.0
sh600108,亚盛集团,3.12,0.32%,0.69%,19533300.0,22008600.0,2475300.0,41541899.99999999
sz002973,侨银股份,12.52,0.32%,0.74%,10315000.0,8390000.0,1925100.0,18985300.0
sh688033,天宜上佳,18.69,0.32%,0.66%,31317600.000000004,37422400.0,6104700.0,68739900.0
sh603278,大业股份,12.57,0.32%,6.64%,123000000.0,117000000.0,6715599.999999999,240000000.0
sz300176,派生科技,6.33,0.32%,0.59%,6111000.0,8027400.0,1916399.9999999998,14299000.0
sz002745,木林森,9.52,0.32%,1.18%,58198400.0,48925200.00000001,9273200.0,108000000.0
sz002524,光正眼科,6.3,0.32%,0.86%,12657100.0,15129900.0,2472900.0,27859500.0
sh603192,汇得科技,19.37,0.31%,0.35%,5145900.0,4190100.0,955800.0,9336000.0
sh688111,金山办公,440.6,0.31%,0.48%,512000000.0,474000000.0,38292900.0,986000000.0
sh600689,上海三毛,9.6,0.31%,1.17%,10603500.0,6331500.0,4272000.0,16934900.0
sh600318,新力金融,6.47,0.31%,0.93%,17484800.0,13222000.0,4262700.0,30706900.0
sh600201,生物股份,9.57,0.31%,0.44%,24152300.0,22175400.0,1976900.0,46327600.0
sh600009,上海机场,46.02,0.31%,0.32%,138000000.0,145000000.0,6413900.0,283000000.0
sz300519,新光药业,16.26,0.31%,0.69%,7467200.0,5175900.0,2291200.0,12644700.0
sz300274,阳光电源,114.2,0.31%,0.62%,397000000.0,396000000.0,1510200.0,798000000.0
sz300218,安利股份,9.59,0.31%,0.45%,4897500.0,4446900.0,450600.0,9400000.0
sz002329,皇氏集团,6.52,0.31%,2.96%,54877600.0,59493600.0,4616000.0,114999999.99999999
sz002279,久其软件,6.57,0.31%,5.31%,136000000.0,139000000.0,2609800.0,277000000.0
sz002016,世荣兆业,6.57,0.31%,0.18%,4966400.0,4176600.0000000005,789900.0,9440600.0
sz301318,维海德,33.76,0.30%,4.32%,16440600.0,21603400.0,5162700.0,38044100.0
sz002686,亿利达,6.77,0.30%,0.93%,12441000.0,11995900.0,445100.0,24606100.0
sz301234,五洲医疗,30.1,0.30%,2.30%,6830300.0,5862500.0,967800.0,12692800.0
sz002303,美盈森,3.3,0.30%,0.77%,12978200.0,10832900.0,2145300.0,24012900.0
sz301169,零点有数,46.59,0.30%,5.27%,35123400.0,33621900.0,1501500.0,68745300.0
sh688105,诺唯赞,29.75,0.30%,0.44%,13131900.0,8361500.0,4770400.0,21493400.0
sh605580,恒盛能源,13.42,0.30%,7.40%,31782199.999999996,39002400.0,7220200.0,70784700.0
sz300376,易事特,6.62,0.30%,0.66%,47358800.0,53437400.0,6078600.0,102000000.0
sh605162,新中港,9.93,0.30%,7.10%,32557700.0,38975200.0,6417500.0,71532900.0
sh600959,江苏有线,3.38,0.30%,0.44%,29978200.0,43685900.0,13707600.0,73664100.0
sh601298,青岛港,6.6,0.30%,0.14%,29459800.0,21904200.0,7555599.999999999,51364100.0
sh600765,中航重机,26.32,0.30%,0.37%,65770600.00000001,75353200.0,9582700.0,141000000.0
sh600635,大众公用,3.36,0.30%,0.69%,29692199.999999996,26239200.0,3453000.0,55931400.0
sz002951,金时科技,9.89,0.30%,0.47%,9050600.0,9005900.0,44700.0,18538800.0
sz002732,燕塘乳业,23.03,0.30%,2.54%,42055200.00000001,47346000.0,5290900.0,90064900.0
sz002440,闰土股份,6.77,0.30%,0.24%,7401900.000000001,8560700.0,1158800.0,16074300.0
sz002141,贤丰控股,3.33,0.30%,0.60%,11401600.0,10811900.0,589600.0,22728100.0
sz002462,嘉事堂,13.76,0.29%,0.43%,9870700.0,7140100.0,2730600.0,17120800.0
sh688621,阳光诺和,58.16,0.29%,0.35%,7299299.999999999,7078300.0,221100.0,14377600.0
sz300919,中伟股份,59.42,0.29%,0.53%,44754900.0,45448300.0,693400.0,90203100.0
sh605336,帅丰电器,17.12,0.29%,1.15%,5578000.0,5846000.0,268000.0,11423900.000000002
sh688002,睿创微纳,48.14,0.29%,0.51%,59240700.0,49863300.0,9377400.0,109000000.00000001
sh601877,正泰电器,27.61,0.29%,0.36%,125000000.0,90802000.0,34343100.0,216000000.0
sh601018,宁波港,3.44,0.29%,0.06%,14248599.999999998,11617600.0,2631100.0,25866200.0
sh600939,重庆建工,3.43,0.29%,0.21%,7279299.999999999,6089000.0,1190300.0,13368200.0
sh600355,精伦电子,3.44,0.29%,2.25%,20335700.0,17581900.0,2753800.0,37917700.0
sz002949,华阳国际,13.62,0.29%,0.97%,10584500.0,8773200.0,1811300.0,19656300.0
sz002940,昂利康,20.59,0.29%,0.96%,16604800.0,19518000.0,2913100.0,36504000.0
sz300024,机器人,14.22,0.28%,2.03%,204000000.0,225999999.99999997,21623200.0,436000000.00000006
sh603219,富佳股份,14.31,0.28%,1.53%,16724000.0,17338500.0,614500.0,34062500.0
sz301059,金三江,14.08,0.28%,1.50%,7258000.0,6538200.000000001,719800.0,13796300.000000002
sz002207,准油股份,7.09,0.28%,1.63%,15768599.999999998,13929500.0,1839100.0,30091500.0
sz300920,润阳科技,17.68,0.28%,1.45%,7250200.0,5418800.0,1831399.9999999998,12669000.0
sh688528,秦川物联,10.65,0.28%,0.72%,2465300.0,1489700.0,975600.0,3955100.0
sh603988,中电电机,10.68,0.28%,2.22%,27740400.0,27541900.0,198500.0,55282299.99999999
sh688011,新光光电,25.36,0.28%,1.44%,10942000.0,9240600.0,1701500.0,20182600.0
sh603177,德创环保,14.22,0.28%,1.15%,17297400.0,16095600.0,1201700.0,33393000.0
sh601288,农业银行,3.62,0.28%,0.14%,993000000.0,568000000.0,424000000.0,1561000000.0
sh600021,上海电力,10.6,0.28%,1.19%,156000000.0,174000000.0,17555500.0,330000000.0
sz300753,爱朋医疗,17.7,0.28%,3.58%,23898700.0,22335600.0,1563000.0,46880300.0
sz300639,凯普生物,10.69,0.28%,1.04%,33951600.0,37454200.0,3502600.0,71415200.0
sz000959,首钢股份,3.58,0.28%,0.10%,11992300.0,9841700.0,2150600.0,21865500.0
sh688109,品茗科技,26.18,0.27%,1.54%,7174900.0,8422700.0,1247800.0,15597500.0
sh603100,川仪股份,37.68,0.27%,0.29%,17263000.0,25469600.0,8206600.0,42732700.00000001
sz003009,中天火箭,51.3,0.27%,2.66%,32097800.000000004,27509699.999999996,4588200.0,59982100.0
sh603388,元成股份,10.99,0.27%,2.25%,31752399.999999996,48978900.0,17226500.0,80731300.0
sh601988,中国银行,3.77,0.27%,0.08%,256000000.0,372000000.0,115999999.99999999,628000000.0
sh600369,西南证券,3.7,0.27%,0.39%,36326100.0,44744000.0,8417900.0,81070000.0
sh600368,五洲交通,3.75,0.27%,0.73%,17607200.0,16345800.0,1261400.0,33952900.0
sh600320,振华重工,3.65,0.27%,0.34%,21196100.0,20143000.0,1053000.0,41339100.0
sh605018,长华集团,11.01,0.27%,1.75%,8824900.0,9162300.0,337400.0,17987200.0
sh600080,金花股份,7.54,0.27%,0.54%,7206100.0,7904100.0,698100.0,15110200.0
sz300789,唐源电气,22.22,0.27%,1.54%,13619200.0,11794600.0,1824600.0,25624800.0
sz300293,蓝英装备,11.25,0.27%,1.50%,17842200.0,28511000.0,10668800.000000002,47148900.0
sz002706,良信股份,11.1,0.27%,0.39%,19291400.0,19748200.0,456900.0,39535800.0
sz002705,新宝股份,18.29,0.27%,0.51%,39018500.0,37688900.0,1329500.0,76822700.0
sz002045,国光电器,14.72,0.27%,1.21%,41350100.0,40648000.0,702099.9999999999,82992600.0
sz000852,石化机械,7.48,0.27%,0.55%,20492000.0,16376700.0,4115299.9999999995,37127200.0
sz001238,浙江正特,23.15,0.26%,1.52%,4775300.0,4508600.0,266700.0,9656500.0
sh600084,中葡股份,7.83,0.26%,0.19%,8048300.0,8563600.0,515300.0,16611900.0
sh688396,华润微,54.08,0.26%,0.16%,64389399.99999999,47021100.0,17368300.0,111000000.00000001
sh603806,福斯特,34.69,0.26%,0.33%,104000000.0,107000000.0,2753700.0,211000000.0
sh600962,国投中鲁,11.66,0.26%,1.05%,14484600.0,17495600.0,3011000.0,31980100.000000004
sh600875,东方电气,19.6,0.26%,0.49%,94001700.0,98449800.0,4448100.0,192000000.0
sh600712,南宁百货,3.83,0.26%,0.58%,6875700.000000001,5043700.0,1831900.0,11919400.0
sh600496,精工钢构,3.82,0.26%,0.34%,13460900.0,12927900.0,533000.0,26388800.0
sh600308,华泰股份,3.85,0.26%,0.42%,13529100.0,10856000.0,2673200.0,24385100.000000004
sz300480,光力科技,22.74,0.26%,1.18%,29139200.0,31641500.0,2502400.0,61144799.99999999
sz300418,昆仑万维,39.2,0.26%,5.40%,1117000000.0,1171000000.0,54724000.0,2316000000.0
sz300339,润和软件,23.03,0.26%,2.42%,173000000.0,254000000.0,80522600.0,432000000.0
sz000538,云南白药,54.43,0.26%,0.29%,146000000.0,133000000.0,12298800.000000002,282000000.0
sh603602,纵横通信,12.26,0.25%,0.65%,9472900.0,6691600.0,2781400.0,16164500.0
sh601608,中信重工,4.06,0.25%,0.48%,39344100.0,44905500.0,5561400.0,84249500.0
sh600515,海南机场,4.07,0.25%,0.19%,33092399.999999996,37755500.0,4663000.0,70847900.0
sh600378,昊华科技,36.6,0.25%,0.07%,10789300.0,13621199.999999998,2831900.0,24410500.0
sh600241,时代万恒,8.13,0.25%,0.96%,12237400.0,10605100.0,1632300.0,22842600.000000004
sh600182,S佳通,16.1,0.25%,1.63%,22096200.0,23156500.0,1060300.0,45252700.00000001
sz300690,双一科技,16.03,0.25%,1.02%,9004600.0,8675600.0,329000.0,17822800.0
sz300577,开润股份,16.31,0.25%,0.63%,7818900.0,5785100.0,2033800.0,13628400.0
sz300438,鹏辉能源,51.25,0.25%,3.06%,254000000.0,299000000.0,45518200.0,560000000.0
sz002718,友邦吊顶,15.88,0.25%,1.27%,7533600.0,4747300.0,2786300.0,12368300.0
sz002361,神剑股份,4.04,0.25%,0.59%,10374700.0,8332700.0,2042000.0,19272600.0
sz000910,大亚圣象,7.88,0.25%,0.51%,10646099.999999998,10693000.0,46900.00000000001,22267399.999999996
sz002969,嘉美包装,4.01,0.25%,0.97%,9312000.0,11002500.0,1690500.0,20520200.0
sz000636,风华高科,15.95,0.25%,0.68%,65177100.0,50917500.0,14259600.0,117000000.0
sz301209,联合化学,25.29,0.24%,2.80%,7512900.0,6632500.0,880400.0000000001,14145400.0
sz001212,中旗新材,25.06,0.24%,1.60%,11231199.999999998,10405400.0,825900.0,21787000.0
sz300277,海联讯,8.28,0.24%,2.24%,28305800.0,33715300.0,5409500.0,62303400.0
sh688608,恒玄科技,136.7,0.24%,1.60%,80399800.0,94330000.0,13930300.0,175000000.0
sh601607,上海医药,21.14,0.24%,0.45%,79396100.0,104000000.0,24252600.000000004,183000000.0
sz300599,雄塑科技,8.49,0.24%,1.20%,11509000.0,9498300.0,2010800.0000000002,21010700.0
sz300354,东华测试,42.07,0.24%,0.91%,13616800.0,16344600.0,2727799.9999999995,30533700.0
sz002758,浙农股份,12.43,0.24%,1.51%,21812600.000000004,22204800.0,392200.0,44478700.0
sz002527,新时达,12.41,0.24%,18.46%,598000000.0,604000000.0,6067400.0,1207000000.0
sz002393,力生制药,24.95,0.24%,0.60%,15129300.0,11922100.0,3207200.0000000005,27106200.0
sz000756,新华制药,20.89,0.24%,1.25%,55862700.00000001,57755700.0,1893000.0,113999999.99999999
sh603230,内蒙新华,12.97,0.23%,3.27%,15894100.0,21872800.000000004,5978600.0,37766900.0
sh605138,盛泰集团,8.63,0.23%,0.32%,4797600.0,3307500.0,1490100.0,8105100.0
sh600763,通策医疗,104.63,0.23%,0.69%,113999999.99999999,118000000.0,4143800.0,231000000.0
sz001216,华瓷股份,13.34,0.23%,0.95%,3703900.0,4127900.0,424000.0,7921000.0
sh600577,精达股份,4.28,0.23%,0.67%,25242399.999999996,31954300.0,6711900.000000001,57196600.0
sh600215,派斯林,8.58,0.23%,2.85%,50947400.0,63527100.0,12579700.0,113999999.99999999
sz300752,隆利科技,17.19,0.23%,2.42%,28263600.0,27185000.0,1078600.0,55758100.00000001
sz300583,赛托生物,26.14,0.23%,0.59%,9411700.0,6787000.0,2624700.0000000005,16201400.000000002
sz300434,金石亚药,12.88,0.23%,2.70%,62492400.0,50092400.0,12400100.0,112999999.99999999
sz300150,世纪瑞尔,4.42,0.23%,1.30%,14968599.999999998,14507800.0,460900.00000000006,29559500.0
sz002676,顺威股份,4.28,0.23%,1.37%,18760100.0,23415000.0,4654900.0,42210700.0
sz000958,电投产融,4.38,0.23%,0.14%,17450500.0,16161800.0,1288700.0,33861500.0
sz000632,三木集团,4.3,0.23%,0.78%,8212500.0,7191900.000000001,1020600.0,15436300.000000002
sz001282,三联锻造,32.32,0.22%,5.21%,20524000.0,25061500.0,4537500.0,46461700.0
sh688639,华恒生物,91.0,0.22%,0.72%,36222300.0,24763000.0,11459300.0,60985200.00000001
sz301039,中集车辆,13.73,0.22%,3.23%,188000000.0,129000000.0,59757100.0,317000000.0
sz300892,品渥食品,22.88,0.22%,1.22%,4581300.0,4183500.0,397900.0,8764800.0
sh601169,北京银行,4.63,0.22%,0.23%,98305600.0,128000000.0,29457300.0,225999999.99999997
sh600873,梅花生物,8.91,0.22%,0.20%,24768400.0,27411900.0,2643500.0,52180300.0
sz300546,雄帝科技,18.14,0.22%,2.54%,29149899.999999996,30746200.0,1596300.0,59936000.0
sz300497,富祥药业,13.86,0.22%,1.25%,35037600.0,41563700.0,6526100.0,77113900.0
sz000973,佛塑科技,4.58,0.22%,0.51%,10234100.0,11980800.0,1746699.9999999998,22351900.0
sz000883,湖北能源,4.59,0.22%,0.14%,23662800.000000004,16859000.0,6803800.0,40704100.0
sz000028,国药一致,37.22,0.22%,0.42%,34369100.0,39544800.0,5175700.000000001,74185500.0
sh688455,科捷智能,14.2,0.21%,1.48%,2975600.0,5508800.0,2533200.0,8484400.0
sz002224,三力士,4.86,0.21%,0.56%,8037800.0,8750000.0,712200.0,17017100.0
sz002480,新筑股份,4.74,0.21%,0.33%,5195599.999999999,6586000.0,1390400.0,11820900.0
sh605089,味知香,38.88,0.21%,1.31%,8991600.0,9537700.0,546200.0,18529300.0
sh601512,中新集团,9.71,0.21%,0.11%,9821100.0,5478800.0,4342300.0,15299900.0
sz002592,ST八菱,4.88,0.21%,1.41%,7552000.0,10359400.0,2807400.0,17945000.0
sh603131,上海沪工,14.24,0.21%,7.44%,157000000.0,181000000.0,23990900.0,337000000.0
sh688122,西部超导,51.82,0.21%,0.60%,66724399.99999999,77896600.0,11172300.0,145000000.0
sh603969,银龙股份,4.75,0.21%,0.52%,9270800.0,11416000.0,2145200.0,20686800.0
sh603609,禾丰股份,9.39,0.21%,0.47%,19745800.0,20730600.0,984900.0,40476300.0
sh600604,市北高新,4.73,0.21%,0.24%,8089500.0,8059500.0,30000.0,16149000.0
sh600388,龙净环保,19.07,0.21%,2.11%,249000000.00000003,182000000.0,66353900.0,433000000.0
sz300783,三只松鼠,19.3,0.21%,0.88%,20132000.0,26178700.0,6046700.0,47493800.0
sz002757,南兴股份,14.65,0.21%,1.94%,33887500.0,44905200.00000001,11017600.0,79411400.0
sz002597,金禾实业,23.7,0.21%,0.81%,69725300.0,36178500.0,33546800.0,107000000.0
sz002479,富春环保,4.74,0.21%,0.60%,14415800.0,10077400.0,4338500.0,24672700.0
sz000409,云鼎科技,9.73,0.21%,2.94%,59465300.0,60606700.0,1141400.0,121000000.0
sz000090,天健集团,4.78,0.21%,0.34%,13759700.0,16015100.0,2255400.0,29977199.999999996
sz000048,京基智农,19.19,0.21%,0.87%,34526000.0,48712900.0,14186900.0,89399900.0
sh605060,联德股份,29.5,0.20%,0.94%,13430400.0,9113600.0,4316800.0,22544000.0
sh688234,天岳先进,71.9,0.20%,0.45%,26694899.999999996,23246900.0,3448000.0,49941800.0
sz301198,喜悦智行,15.11,0.20%,2.24%,12760900.0,13363900.000000002,603100.0,26124800.0
sz300626,华瑞股份,9.78,0.20%,1.84%,16431900.0,15339400.0,1092600.0,31822199.999999996
sh688659,元琛科技,14.9,0.20%,4.14%,23270300.000000004,30846800.0,7576500.0,54117100.0
sz000920,沃顿科技,9.98,0.20%,0.83%,18499700.0,15861500.0,2638100.0,34771400.0
sh603712,七一二,29.4,0.20%,0.24%,26226300.0,28107800.000000004,1881500.0,54334200.0
sh603599,广信股份,19.7,0.20%,0.94%,60772600.0,59598100.00000001,1174400.0,120000000.0
sz300773,拉卡拉,20.08,0.20%,2.07%,155000000.0,156000000.0,731800.0000000001,315000000.0
sz300199,翰宇药业,10.18,0.20%,1.51%,47526800.0,51812299.99999999,4285500.0,101000000.0
sz002856,美芝股份,10.06,0.20%,1.09%,6852000.0,4247400.0,2604600.0,11714700.0
sz002681,奋达科技,4.99,0.20%,3.46%,109000000.00000001,108000000.0,1342900.0,219000000.0
sz002625,光启技术,15.13,0.20%,1.15%,119000000.0,193000000.0,73640500.0,314000000.0
sz002307,北新路桥,5.0,0.20%,0.73%,17469600.0,21775200.0,4305600.0,39751100.0
sh688238,和元生物,10.62,0.19%,0.89%,15703599.999999998,11703500.0,4000100.0,27407199.999999996
sh605028,世茂能源,21.05,0.19%,8.14%,33282000.0,35137100.0,1855100.0,68419200.0
sh603505,金石资源,26.38,0.19%,0.49%,41747600.0,36092800.0,5654800.0,77840300.0
sh603351,威尔药业,26.65,0.19%,0.41%,9656900.0,4649300.0,5007500.0,14306199.999999998
sh600173,卧龙地产,5.36,0.19%,0.37%,8224299.999999999,5440599.999999999,2783800.0,13664900.0
sh600018,上港集团,5.25,0.19%,0.04%,21727600.000000004,26651500.0,4923900.0,48379100.0
sz002584,西陇科学,5.39,0.19%,1.01%,9521400.0,12322600.0,2801300.0,21964200.0
sz000597,东北制药,5.17,0.19%,0.20%,6543600.0,6999700.0,456100.0,13622900.0
sz000576,甘化科工,10.56,0.19%,0.57%,13357500.0,12556099.999999998,801300.0,25944200.0
sz000030,富奥股份,5.38,0.19%,0.60%,31952700.0,22075400.0,9877200.0,54354100.0
sz301356,天振股份,22.47,0.18%,1.22%,6855300.0,7857900.0,1002600.0,14713200.0
sz003033,征和工业,33.41,0.18%,2.86%,9851300.0,13084800.0,3233500.0,23059699.999999996
sz002289,ST宇顺,5.43,0.18%,0.40%,1921600.0,3831100.0,1909500.0,5803800.0
sz300289,利德曼,5.69,0.18%,0.48%,5572600.0,5882200.0,309600.0,11609900.0
sh603535,嘉诚国际,16.58,0.18%,0.24%,4077799.9999999995,4555700.0,477900.0,8633500.0
sh600216,浙江医药,11.14,0.18%,0.35%,16558300.0,20682399.999999996,4124000.0,37240700.0
sh600210,紫江企业,5.47,0.18%,0.64%,26622900.0,26565800.0,57100.0,53188700.0
sh600163,中闽能源,5.44,0.18%,0.59%,19827500.0,16925300.0,2902100.0,36752800.0
sz300701,森霸传感,10.94,0.18%,1.86%,22934800.0,25252500.0,2317700.0,48906000.0
sz002749,国光股份,11.14,0.18%,0.59%,12648500.0,13500300.0,851800.0000000001,26311300.0
sz002293,罗莱生活,11.14,0.18%,0.19%,9326100.0,7671400.0,1654700.0,17341500.0
sz000419,通程控股,5.6,0.18%,0.48%,7076900.000000001,7451500.0,374600.0,14604500.0
sh688593,新相微,17.73,0.17%,6.50%,34987600.0,43955700.0,8968100.0,78943300.0
sh688327,云从科技,17.46,0.17%,2.82%,155000000.0,213000000.0,58049100.0,367000000.0
sz301091,深城交,17.96,0.17%,2.88%,32048000.0,42523600.0,10475600.0,74571600.0
sz300774,倍杰特,12.02,0.17%,2.54%,18806500.0,18569900.0,236600.0,37618000.0
sz002492,恒基达鑫,5.96,0.17%,0.50%,5825700.000000001,5832900.0,-7236.0,11805800.0
sz002330,得利斯,5.81,0.17%,0.62%,12466400.000000002,10249300.0,2217100.0,22761500.0
sh605296,神农集团,23.08,0.17%,0.96%,8682600.0,5813900.0,2868700.0,14496600.0
sh605183,确成股份,17.78,0.17%,0.59%,5741000.0,8423600.0,2682500.0,14164600.0
sz000009,中国宝安,11.69,0.17%,0.38%,52914700.0,57516100.0,4601400.0,112000000.00000001
sh600692,亚通股份,5.74,0.17%,0.75%,5978900.0,4966600.0,1012300.0,10945500.0
sh603002,宏昌电子,5.9,0.17%,6.97%,134000000.00000001,114999999.99999999,19435600.0,249000000.00000003
sh601229,上海银行,5.9,0.17%,0.09%,39507800.0,36109600.0,3398200.0,75617500.0
sh600662,外服控股,5.81,0.17%,0.53%,15722400.0,16942800.0,1220400.0,32665300.000000004
sh600552,凯盛科技,11.95,0.17%,1.78%,80412200.0,108000000.0,28061700.0,189000000.0
sh600125,铁龙物流,6.01,0.17%,0.56%,21825600.0,21754300.0,71300.0,43579900.0
sz300786,国林科技,17.28,0.17%,2.96%,33514200.0,34396400.0,882200.0,68945700.0
sz300086,康芝药业,6.06,0.17%,1.17%,14432100.0,15658699.999999998,1226500.0,30673200.0
sz002743,富煌钢构,5.86,0.17%,0.66%,7452800.0,8703600.0,1250800.0,16631400.000000002
sz002641,公元股份,5.78,0.17%,0.79%,22527600.000000004,28449100.0,5921500.0,51771600.0
sz301233,盛帮股份,42.7,0.16%,5.92%,22852399.999999996,23900400.0,1048000.0,46752700.00000001
sz301335,天元宠物,24.87,0.16%,1.62%,5866799.999999999,6857000.0,990200.0,12723900.000000002
sh603176,汇通集团,6.45,0.16%,0.75%,3207700.0,3988300.0,780699.9999999999,7196000.0
sh688050,爱博医疗,192.51,0.16%,0.54%,39123600.0,33022199.999999996,6101400.0,72145800.0
sh601116,三江购物,12.46,0.16%,1.94%,61705600.00000001,69161200.0,7455599.999999999,131000000.0
sh600623,华谊集团,6.3,0.16%,0.37%,19733700.0,23273400.0,3539600.0,43007100.0
sh600521,华海药业,18.26,0.16%,0.26%,26548900.0,42904500.0,16355600.0,69453500.0
sh600079,人福医药,24.94,0.16%,0.46%,63722600.0,101000000.0,37776200.0,165000000.0
sz300203,聚光科技,19.08,0.16%,0.83%,38289200.0,32667199.999999996,5622100.0,71706200.0
sz300195,长荣股份,6.3,0.16%,1.12%,12388599.999999998,9459600.0,2929000.0,22191300.0
sz002521,齐峰新材,6.45,0.16%,1.22%,13681800.0,17849400.0,4167600.0,31596300.0
sz002203,海亮股份,12.3,0.16%,0.18%,21804500.0,19769100.0,2035400.0,43102299.99999999
sz002125,湘潭电化,12.81,0.16%,1.26%,49511200.0,49271400.0,239800.0,100000000.0
sz000338,潍柴动力,12.64,0.16%,0.45%,142000000.0,146000000.0,4520200.0,290000000.0
sh600444,国机通用,13.76,0.15%,0.91%,10348300.0,7756500.0,2591800.0,18104900.0
sh603815,交建股份,6.69,0.15%,0.38%,6686100.0,8979700.0,2293600.0,15665800.0
sh603661,恒林股份,33.17,0.15%,0.33%,9537600.0,5508000.0,4029600.0,15045700.0
sh603197,保隆科技,58.25,0.15%,1.99%,113999999.99999999,124000000.0,9464600.0,238000000.0
sh600177,雅戈尔,6.53,0.15%,0.16%,23412600.000000004,23246500.0,166100.0,46659100.0
sh600055,万东医疗,20.12,0.15%,0.48%,21451200.0,30401500.0,8950200.0,51852700.00000001
sz300126,锐奇股份,6.51,0.15%,0.89%,5956900.000000001,6090400.0,133500.0,12208900.000000002
sz002385,大北农,6.81,0.15%,0.93%,115999999.99999999,91598100.0,24485200.0,209000000.0
sz002015,协鑫能科,13.14,0.15%,0.70%,65708700.0,82714900.0,17006200.0,149000000.0
sz000404,长虹华意,6.8,0.15%,2.26%,44835000.0,61414799.99999999,16579700.0,107000000.0
sh688376,美埃科技,36.36,0.14%,1.97%,12245800.0,10954500.0,1291300.0,23200300.000000004
sz001317,三羊马,36.2,0.14%,1.90%,8641300.0,11526900.0,2885500.0,20363600.0
sz301065,本立科技,21.26,0.14%,0.91%,5694500.0,3070100.0,2624500.0,8764600.0
sh600262,北方股份,21.86,0.14%,1.62%,27866100.0,31848500.0,3982300.0,59714600.0
sh688166,博瑞医药,21.42,0.14%,0.48%,26153300.0,17505100.0,8648200.0,43658400.0
sh603167,渤海轮渡,7.07,0.14%,0.47%,7965500.0,7529700.0,435800.0,15495300.0
sh601985,中国核电,7.21,0.14%,0.20%,148000000.0,127000000.0,21422199.999999996,275000000.0
sh601211,国泰君安,14.5,0.14%,0.13%,78456700.0,58120100.0,20336600.0,137000000.0
sz300777,中简科技,42.38,0.14%,0.65%,46333900.0,62703100.00000001,16369100.0,111000000.00000001
sz300257,开山股份,14.82,0.14%,0.17%,8621500.0,14261000.0,5639500.0,23502800.000000004
sz002675,东诚药业,14.57,0.14%,0.53%,23307300.0,33274400.0,9967100.0,56753500.0
sz001202,炬申股份,15.34,0.13%,1.39%,3950000.0,4378300.0,428300.0,8530700.0
sz000978,桂林旅游,7.6,0.13%,1.36%,19826200.0,16299000.0,3527300.0,36920000.0
sh605158,华达新材,7.84,0.13%,2.24%,12232100.0,13014600.0,782500.0,25246700.0
sh688798,艾为电子,69.27,0.13%,0.98%,34328900.0,32851200.0,1477700.0,67180200.0
sh688098,申联生物,7.51,0.13%,0.25%,3857799.9999999995,3710299.9999999995,147400.0,7568099.999999999
sh603950,长源东谷,15.03,0.13%,0.89%,19902200.0,22799899.999999996,2897700.0,42702000.0
sh600731,湖南海利,7.97,0.13%,0.57%,10129600.0,10710700.0,581100.0,20840300.000000004
sh600233,圆通速递,15.52,0.13%,0.13%,32458800.0,34423000.0,1964300.0,66881800.0
sz002444,巨星科技,22.7,0.13%,0.82%,99168600.0,118000000.0,18897700.0,219000000.0
sz002001,新和成,15.93,0.13%,0.14%,30576500.0,33665900.0,3089400.0,66306100.0
sh605199,葫芦娃,15.14,0.13%,1.39%,9879800.0,9664500.0,215400.0,19544300.0
sh688067,爱威科技,22.3,0.13%,1.84%,7027300.0,9544700.0,2517400.0,16572000.0
sz001313,粤海饲料,8.5,0.12%,0.64%,5668500.0,6203300.0,534800.0,11967900.0
sz301365,矩阵股份,16.55,0.12%,2.20%,7039800.0,9253100.0,2213300.0,16293000.0
sz301231,荣信文化,33.59,0.12%,11.69%,36576100.0,45136899.99999999,8560900.0,81712900.0
sh600696,岩石股份,24.78,0.12%,0.18%,6652800.0,8495400.0,1842600.0,15148200.0
sz003002,壶化股份,16.78,0.12%,7.19%,52000400.0,41795600.00000001,10204800.0,94225500.0
sz300826,测绘股份,16.21,0.12%,2.71%,28315200.0,30156800.0,1841600.0,60621400.0
sh605287,德才股份,17.37,0.12%,2.14%,14355800.0,8929500.0,5426300.0,23285300.000000004
sz002980,华盛昌,33.5,0.12%,1.68%,37356100.0,38182200.0,826100.0,76412400.0
sh688106,金宏气体,25.25,0.12%,1.26%,61597700.00000001,55757100.0,5840599.999999999,117000000.0
sh688301,奕瑞科技,277.21,0.12%,0.20%,18529300.0,13344500.0,5184800.0,31873800.0
sh688303,大全能源,40.27,0.12%,0.47%,51879399.99999999,44229799.99999999,7649700.0,96109200.0
sh603338,浙江鼎力,57.01,0.12%,0.55%,76310300.0,84653900.0,8343700.0,161000000.0
sh601163,三角轮胎,17.03,0.12%,2.15%,143000000.0,150000000.0,7076000.0,293000000.0
sh601111,中国国航,8.46,0.12%,1.30%,421000000.0,671000000.0,250000000.0,1093000000.0
sh600299,安迪苏,8.03,0.12%,0.12%,11305300.0,14551900.0,3246600.0000000005,25857199.999999996
sz300569,天能重工,8.05,0.12%,0.86%,24628100.0,25154400.0,526400.0,49835700.0
sz002939,长城证券,8.24,0.12%,0.34%,38507600.0,56232800.0,17725300.0,96307800.0
sz002909,集泰股份,8.18,0.12%,1.49%,21637800.000000004,22081800.0,444099.99999999994,44045200.00000001
sz002783,凯龙股份,8.51,0.12%,0.67%,9835100.0,9218200.0,617000.0,19472500.0
sz002724,海洋王,8.66,0.12%,0.25%,8758400.0,7759900.0,998500.0,16624800.0
sz002614,奥佳华,8.04,0.12%,1.68%,29946200.0,29645800.0,300400.0,59748700.0
sz002658,雪迪龙,8.37,0.12%,1.23%,19309500.0,15829700.0,3479800.0,35192800.0
sz000935,四川双马,16.8,0.12%,0.32%,19188800.0,21852500.0,2663700.0,41243000.0
sz002983,芯瑞达,26.17,0.11%,3.70%,47823100.00000001,53002000.0,5178900.0,102000000.0
sz301070,开勒股份,44.63,0.11%,2.74%,18950000.0,23374300.0,4424300.0,42324300.0
sh688418,震有科技,17.87,0.11%,3.86%,43305200.00000001,48244000.0,4938800.0,91549200.0
sh688687,凯因科技,27.97,0.11%,0.61%,9997800.0,9928200.0,69600.0,19926000.0
sh688658,悦康药业,17.96,0.11%,1.29%,23573400.0,23533600.0,39800.0,47106899.99999999
sz003031,中瓷电子,122.08,0.11%,1.15%,44387900.0,53424300.0,9036400.0,98469300.0
sz002623,亚玛顿,28.12,0.11%,0.88%,20551400.0,27943700.0,7392300.0,49105100.0
sh688711,宏微科技,65.74,0.11%,1.88%,60813600.0,82062600.0,21249100.0,143000000.0
sh603718,海利生物,9.4,0.11%,0.32%,8774300.0,10220000.0,1445700.0,18994300.0
sh603716,塞力医疗,9.26,0.11%,0.93%,9074300.0,8182900.0,891400.0,17257200.0
sh603378,亚士创能,8.76,0.11%,0.61%,11996500.0,10953900.000000002,1042600.0,22950500.0
sh600618,氯碱化工,8.8,0.11%,0.27%,8688900.0,8962800.0,273900.0,17651700.0
sh600548,深高速,9.08,0.11%,0.10%,8090300.0,4985100.0,3105200.0,13075400.0
sh600109,国金证券,8.83,0.11%,0.54%,69345800.0,82793000.0,13447100.0,152000000.0
sz002461,珠江啤酒,8.79,0.11%,0.14%,14932800.0,12225300.0,2707400.0,27260000.0
sz002349,精华制药,8.92,0.11%,0.66%,24121100.0,23403300.0,717800.0,47744799.99999999
sh688459,哈铁科技,9.65,0.10%,0.96%,2842400.0,5248400.0,2406100.0,8090800.0
sz300980,祥源新材,19.93,0.10%,1.45%,7963800.0,6657000.0,1306800.0,14620800.0
sh603898,好莱客,9.99,0.10%,0.88%,14816600.0,12376700.0,2440000.0,27193300.0
sh603696,安记食品,9.7,0.10%,0.79%,9750500.0,8126200.0,1624300.0,17876700.0
sh603648,畅联股份,9.76,0.10%,0.75%,12744200.0,13690200.0,946000.0,26434300.0
sh603579,荣泰健康,20.55,0.10%,0.66%,9890400.0,8790500.0,1099900.0,18681000.0
sh603458,勘设股份,9.92,0.10%,0.63%,10999300.0,8231000.0,2768300.0,19230300.0
sh688093,世华科技,20.34,0.10%,0.98%,5742200.0,6656500.0,914300.0000000001,12398599.999999998
sh601186,中国铁建,10.28,0.10%,0.35%,208000000.0,204999999.99999997,3083500.0,413000000.0
sh601020,华钰矿业,9.57,0.10%,1.92%,67329100.0,76344500.0,9015300.0,144000000.0
sh600998,九州通,9.81,0.10%,0.28%,21423200.0,29219300.0,7796100.0,50642500.0
sh600058,五矿发展,9.72,0.10%,0.43%,23686100.0,20613600.0,3072500.0,44299700.0
sz300243,瑞丰高材,9.74,0.10%,1.33%,11906500.0,11865600.0,40900.0,24413100.0
sz300139,晓程科技,9.79,0.10%,4.85%,50806000.0,59342500.0,8536500.0,112000000.00000001
sh605507,国邦医药,21.29,0.09%,0.34%,10844100.0,11096500.0,252399.99999999997,21940600.0
sh605090,九丰能源,23.18,0.09%,1.49%,46555800.0,43229399.99999999,3326400.0,89785300.0
sh688567,孚能科技,22.08,0.09%,0.28%,26411500.0,33142600.000000004,6731100.0,59554100.0
sh600995,南网储能,11.35,0.09%,0.67%,34853700.0,49626500.0,14772800.0,84480200.0
sh600458,时代新材,11.33,0.09%,0.92%,38845800.0,44126500.0,5280800.0,82972300.0
sz300684,中石科技,21.34,0.09%,7.16%,129000000.0,148000000.0,19699800.0,279000000.0
sz300036,超图软件,21.91,0.09%,1.47%,64319700.0,73374500.0,9054800.0,140000000.0
sz301041,金百泽,33.48,0.09%,16.07%,163000000.0,164000000.0,288800.0,327000000.0
sz000503,国新健康,11.61,0.09%,0.52%,25725500.0,27694400.0,1968899.9999999998,53959000.0
sz300942,易瑞生物,12.7,0.08%,1.03%,6748700.0,7484400.000000001,735699.9999999999,14233100.0
sz300859,*ST西域,25.19,0.08%,4.47%,49513400.0,59720000.0,10206600.0,109000000.00000001
sz300650,太龙股份,13.14,0.08%,4.58%,45804600.0,43889700.0,1914900.0,89721800.0
sh688169,石头科技,352.03,0.08%,0.73%,97647600.0,103000000.0,5164800.0,200000000.0
sh603737,三棵树,65.7,0.08%,0.21%,36902600.0,34816000.0,2086600.0,71718600.0
sh603517,绝味食品,36.37,0.08%,0.77%,80895300.0,88730000.0,7834700.0,170000000.0
sh603315,福鞍股份,12.01,0.08%,0.54%,10119900.0,9759400.0,360500.0,19879400.0
sh601952,苏垦农发,12.23,0.08%,0.39%,36289700.0,29910000.0,6379700.0,66199700.0
sh600848,上海临港,12.09,0.08%,0.09%,13858599.999999998,11566500.0,2292100.0,25425100.000000004
sz002883,中设股份,11.89,0.08%,1.31%,11172100.0,9284800.0,1887300.0,21006200.0
sz002155,湖南黄金,12.83,0.08%,1.67%,114999999.99999999,140000000.0,25173700.0,256999999.99999997
sz000722,湖南发展,11.84,0.08%,0.97%,26304000.0,26625200.0,321200.0,53131800.0
sz300797,钢研纳克,12.08,0.08%,0.61%,12534300.0,14780700.0,2246300.0,27644699.999999996
sz000037,深南电A,12.09,0.08%,9.47%,188000000.0,200000000.0,12848800.000000002,390000000.0
sz300935,盈建科,29.8,0.07%,1.35%,6756000.0,9224300.0,2468300.0,15980200.0
sh603658,安图生物,54.32,0.07%,0.15%,25618000.0,22952399.999999996,2665600.0,48570400.0
sh603229,奥翔药业,14.94,0.07%,0.71%,19981000.0,22551000.0,2570000.0,42532100.0
sh600760,中航沈飞,44.78,0.07%,0.22%,131000000.0,141000000.0,10801900.0,272000000.0
sz300435,中泰股份,14.65,0.07%,0.78%,17952600.0,20719800.0,2767300.0,39003700.0
sz002961,瑞达期货,14.73,0.07%,0.23%,6648400.0,8005300.0,1356900.0,14742200.0
sz002649,博彦科技,13.93,0.07%,2.45%,78712000.0,98690500.0,19978500.0,178000000.0
sz000534,万泽股份,13.53,0.07%,0.77%,23217500.0,27664200.0,4446700.0,51561200.0
sh688448,磁谷科技,31.63,0.06%,2.56%,5350800.0,8225900.0,2875100.0,13576600.0
sh688090,瑞松科技,33.66,0.06%,1.54%,10771099.999999998,15913699.999999998,5142500.0,26684800.0
sz300948,冠中生态,16.81,0.06%,10.18%,61425700.0,57740600.00000001,3685200.0,120000000.0
sh688390,固德威,181.7,0.06%,3.09%,325000000.0,308000000.0,17068200.0,633000000.0
sh688728,格科微,16.09,0.06%,0.32%,32322199.999999996,23693900.0,8628300.0,56016100.0
sh688289,圣湘生物,17.44,0.06%,0.43%,14288200.0,11846000.0,2442300.0,26134200.0
sh688018,乐鑫科技,137.58,0.06%,0.80%,41843900.0,46091400.0,4247500.0,87935300.0
sh603819,神力股份,15.99,0.06%,0.62%,12581000.0,9117400.0,3463600.0,21698400.0
sh603568,伟明环保,17.28,0.06%,0.11%,18984100.0,12738900.000000002,6245300.0,31722900.0
sz300378,鼎捷软件,34.27,0.06%,10.71%,516000000.0,463000000.0,53225500.0,991000000.0
sz002318,久立特材,17.16,0.06%,0.28%,20141400.0,24500100.000000004,4358700.0,44892000.0
sz002317,众生药业,16.24,0.06%,1.23%,70277400.0,69774600.0,502800.0,141000000.0
sz000610,西安旅游,16.8,0.06%,4.48%,90250700.0,85162600.0,5088100.0,176000000.0
sz000032,深桑达A,32.51,0.06%,2.85%,306000000.0,293000000.0,12416099.999999998,601000000.0
sz001316,润贝航科,36.48,0.05%,1.52%,6350700.000000001,9260700.0,2910000.0,15761000.0
sz003010,若羽臣,21.78,0.05%,4.71%,28476400.0,44153700.0,15677300.0,73226900.0
sh688198,佰仁医疗,116.65,0.05%,0.11%,6787900.0,10009600.0,3221600.0000000005,16797500.0
sz002986,宇新股份,19.18,0.05%,0.31%,5906300.0,7629900.0,1723600.0000000002,13789400.0
sz300832,新产业,63.22,0.05%,0.21%,44822100.0,47744100.0,2922000.0,93742200.0
sh603596,伯特利,88.04,0.05%,1.34%,244000000.0,238000000.0,6140000.0,480999999.99999994
sz300380,安硕信息,18.21,0.05%,1.41%,16081400.000000002,14771400.000000002,1310000.0,32211900.0
sz000792,盐湖股份,19.16,0.05%,0.18%,70945500.0,120000000.0,48999000.0,193000000.0
sz000408,藏格矿业,22.94,0.04%,0.23%,38486900.0,44909200.0,6422300.0,83510800.0
sz000034,神州数码,26.75,0.04%,1.52%,120000000.0,101000000.0,19304200.0,224000000.00000003
sh605080,浙江自然,30.72,0.03%,0.29%,2552500.0,1664600.0,887900.0000000001,4217100.0
sz002851,麦格米特,33.68,0.03%,1.22%,70998200.0,97785600.0,26787399.999999996,171000000.0
sz000733,振华科技,92.73,0.03%,0.31%,81094900.0,65880400.0,15214500.0,149000000.0
sz301210,金杨股份,47.0,0.02%,7.05%,23776300.0,30803700.0,7027400.0,54580000.0
sz301023,江南奕帆,44.8,0.02%,4.39%,19410200.0,27172600.000000004,7762400.0,46582800.0
sh688084,晶品特装,78.89,0.01%,0.93%,4922800.0,8318600.0,3395899.9999999995,13241400.000000002
sz002072,凯瑞德,6.21,0.00%,0.57%,4995700.0,4048800.0,946800.0000000001,9185900.0
sz001226,拓山重工,30.6,0.00%,9.34%,32008300.0,20635600.0,11372800.0,53020100.0
sz001337,四川黄金,31.65,0.00%,10.44%,103000000.0,95282000.0,7559600.0,199000000.0
sz002538,司尔特,6.81,0.00%,0.62%,20468000.0,14222400.0,6245500.0,34737400.0
sz000985,大庆华科,16.33,0.00%,0.84%,11206000.0,6308500.0,4897600.0,17632000.0
sz301036,双乐股份,19.3,0.00%,1.53%,7605100.0,4491300.0,3113800.0,12096400.000000002
sz002285,世联行,2.56,0.00%,0.43%,9248800.0,12518100.0,3269400.0,22068200.0
sz001267,汇绿生态,5.6,0.00%,1.01%,10582000.0,9851500.0,730600.0,20466500.0
sz002264,新华都,5.94,0.00%,0.97%,16563000.0,19228300.0,2665299.9999999995,37220700.0
sh600265,ST景谷,16.37,0.00%,0.17%,1289400.0,2218000.0,928500.0,3507400.0
sz301137,哈焊华通,16.76,0.00%,4.23%,14634100.0,17197400.0,2563300.0,31831500.0
sz002575,群兴玩具,5.2,0.00%,0.27%,4426000.0,3870299.9999999995,555700.0,8305100.0
sz300971,博亚精工,26.1,0.00%,3.27%,21290700.0,25865600.0,4574900.0,47187800.0
sz000705,浙江震元,8.1,0.00%,0.80%,9190400.0,9070800.0,119600.00000000001,18313000.0
sz300284,苏交科,6.07,0.00%,0.60%,14041400.000000002,17437500.0,3396100.0,31838700.0
sz002629,仁智股份,3.81,0.00%,1.13%,8644600.0,5971600.0,2673000.0,14703400.0
sz000801,四川九洲,7.25,0.00%,0.55%,18038500.0,22714899.999999996,4676400.0,40898400.0
sh600595,中孚实业,2.7,0.00%,0.25%,14640100.0,12101600.0,2538600.0,26741700.0
sz301113,雅艺科技,29.5,0.00%,1.30%,2994700.0000000005,4051400.0,1056700.0,7046000.0
sz002062,宏润建设,5.36,0.00%,0.54%,13999600.0,13408800.000000002,590800.0,27869400.0
sh688669,聚石化学,18.49,0.00%,1.23%,6084500.0,7713700.0,1629199.9999999998,13798200.0
sz002593,日上集团,3.87,0.00%,0.81%,7359800.0,10489900.0,3130000.0,17893400.0
sz301296,新巨丰,16.3,0.00%,0.48%,2503200.0,2392700.0,110500.0,4899200.0
sz300091,金通灵,2.92,0.00%,0.69%,9247000.0,11621300.000000002,2374300.0,21460800.0
sz002058,威尔泰,11.28,0.00%,1.61%,10250900.0,15646900.0,5395900.0,26051200.0
sh600179,安通控股,2.83,0.00%,0.18%,9690700.0,8582400.0,1108400.0,18273100.0
sz002259,ST升达,3.52,0.00%,0.29%,1822900.0,5694900.0,3872000.0,7653000.0
sh600906,财达证券,7.36,0.00%,0.51%,22464300.0,26518900.0,4054700.0000000005,48983300.0
sz002701,奥瑞金,4.46,0.00%,0.28%,16805100.0,14564200.0,2240900.0,31657700.0
sz002788,鹭燕医药,9.48,0.00%,0.55%,9074400.0,10403500.0,1329100.0,19645400.0
sh600539,狮头股份,6.65,0.00%,0.98%,7808200.000000001,7017100.0,791100.0,14825300.0
sh600488,津药药业,5.5,0.00%,0.84%,25330800.0,24845600.0,485200.00000000006,50176400.0
sh601609,金田股份,6.7,0.00%,0.28%,14246099.999999998,13634900.0,611200.0,27881000.0
sz002752,昇兴股份,4.75,0.00%,0.50%,9758600.0,13474700.0,3716200.0,23335900.0
sz300952,恒辉安防,20.9,0.00%,1.89%,8810100.0,8839100.0,28900.0,17649200.0
sz003015,日久光电,9.65,0.00%,3.01%,27480400.0,28413000.0,932700.0,56082500.0
sh600649,城投控股,3.92,0.00%,0.24%,10694700.0,13580500.0,2885700.0,24275100.000000004
sz003016,欣贺股份,10.0,0.00%,2.29%,20092000.0,13741500.0,6350400.0,34044700.0
sz300931,通用电梯,7.76,0.00%,2.02%,8553800.0,7751200.0,802600.0,16305100.0
sh600956,新天绿能,8.79,0.00%,0.95%,12899400.0,11293699.999999998,1605700.0,24193100.0
sz300381,溢多利,6.96,0.00%,0.98%,14376099.999999998,17115100.0,2739000.0,32008000.0
sz001914,招商积余,14.91,0.00%,0.29%,19089800.0,26813300.0,7723500.0,46325000.0
sh688055,龙腾光电,4.25,0.00%,0.24%,9167600.0,8846800.0,320700.0,18014400.0
sz002999,天禾股份,7.58,0.00%,1.53%,11073500.0,13822900.0,2749400.0,25136600.0
sz300819,聚杰微纤,13.86,0.00%,0.42%,4136900.0,3671700.0,465200.00000000006,7883400.0
sh600558,大西洋,3.97,0.00%,0.89%,12573100.0,19266700.0,6693600.0,31839800.0
sh601816,京沪高铁,5.55,0.00%,0.14%,191000000.0,202000000.0,10323900.000000002,393000000.0
sh603238,诺邦股份,12.62,0.00%,0.50%,6438300.0,4722600.0,1715600.0,11160900.0
sh600796,钱江生化,5.33,0.00%,0.59%,4476600.0,4949200.0,472600.0,9425900.0
sh600684,珠江股份,3.27,0.00%,0.57%,7177200.0,8729300.0,1552000.0,15906500.0
sh603028,赛福天,11.92,0.00%,0.83%,12833400.0,15585200.0,2751800.0,28418700.0
sh603610,麒盛科技,11.48,0.00%,0.31%,6572000.0,6012900.0,559200.0,12584900.0
sh603007,ST花王,4.59,0.00%,0.82%,4326500.0,8324200.0,3997700.0,12650700.0
sh601880,辽港股份,1.55,0.00%,0.15%,24637900.0,20216900.0,4421000.0,44854700.0
sz002158,汉钟精机,24.23,0.00%,0.24%,14875500.0,14992300.0,116800.0,31510000.0
sh603980,吉华集团,4.33,0.00%,0.29%,6425900.0,2261800.0,4164200.0,8687700.0
sh603968,醋化股份,17.55,0.00%,0.37%,6509100.0,6886500.0,377500.0,13395600.0
sh603915,国茂股份,19.51,0.00%,0.52%,25707399.999999996,39923200.0,14215800.0,65630700.0
sh603867,新化股份,37.71,0.00%,0.64%,19664600.0,25372800.000000004,5708300.0,45037400.0
sh603717,天域生态,6.86,0.00%,1.57%,14931600.0,16181300.000000002,1249700.0,31112900.0
sh603669,灵康药业,4.81,0.00%,0.42%,7414100.0,6735200.0,678900.0,14149300.0
sh603600,永艺股份,9.64,0.00%,0.90%,11132200.0,14873699.999999998,3741500.0,26006000.0
sh603333,尚纬股份,4.93,0.00%,1.17%,18091600.0,17530800.0,560900.0,35622400.0
sh603313,梦百合,10.71,0.00%,0.61%,17661000.0,13464700.0,4196300.0,31125700.0
sh603299,苏盐井神,10.01,0.00%,0.66%,25169800.0,25437199.999999996,267400.0,50607000.0
sh603126,中材节能,7.83,0.00%,0.68%,15086300.000000002,17104100.0,2017800.0,32190500.0
sh603117,ST万林,3.64,0.00%,0.25%,3967500.0,1792200.0,2175300.0,5759700.0
sh603068,博通集成,30.15,0.00%,1.24%,29049899.999999996,26750600.0,2299300.0,55800500.0
sh603012,创力集团,6.16,0.00%,0.88%,17694000.0,16686900.0,1007200.0,34380900.0
sh601997,贵阳银行,5.25,0.00%,0.24%,21199300.0,23786800.0,2587500.0,44986000.0
sh601818,光大银行,3.11,0.00%,0.14%,120000000.0,80249400.0,39409700.0,200000000.0
sh601398,工商银行,4.57,0.00%,0.11%,505000000.0,808000000.0,304000000.0,1313000000.0
sh601368,绿城水务,5.37,0.00%,0.57%,15500400.0,11406600.0,4093800.0,26907000.0
sh601222,林洋能源,8.09,0.00%,0.58%,41789000.0,55287700.00000001,13498699.999999998,97076900.0
sh601155,新城控股,13.85,0.00%,0.38%,57494500.0,61554799.99999999,4060299.9999999995,119000000.0
sh601016,节能风电,3.63,0.00%,0.37%,31836800.0,48980200.00000001,17143300.0,80817000.0
sh600965,福成股份,6.38,0.00%,0.23%,5135000.0,6628900.0,1493899.9999999998,11763900.000000002
sh600909,华安证券,4.75,0.00%,0.29%,38262900.0,27157399.999999996,11105400.0,65420300.0
sh600871,石化油服,2.1,0.00%,0.38%,55610000.0,51338100.00000001,4272000.0,107000000.0
sh600868,梅雁吉祥,2.77,0.00%,0.58%,12536400.000000002,17697200.0,5160800.0,30233600.0
sh600837,海通证券,9.55,0.00%,0.19%,93283200.0,69631300.0,23651900.0,163000000.0
sh600836,上海易连,4.65,0.00%,0.59%,8231600.0,9924800.0,1693200.0,18156400.0
sh600812,华北制药,5.62,0.00%,0.24%,10598200.0,11077800.0,479600.0,21675900.0
sh600798,宁波海运,3.51,0.00%,0.20%,4357200.0,4141000.0,216200.0,8498200.0
sh600780,通宝能源,9.96,0.00%,0.23%,13983800.000000002,12898599.999999998,1085100.0,26882399.999999996
sh600746,江苏索普,6.81,0.00%,0.23%,10864600.0,7311900.000000001,3552600.0,18176500.0
sh600724,宁波富达,3.91,0.00%,0.20%,5599800.0,5391200.0,208600.0,10991099.999999998
sh600716,凤凰股份,3.77,0.00%,0.37%,7339500.0,5700900.0,1638600.0000000002,13040400.0
sh600697,欧亚集团,12.54,0.00%,1.06%,12657300.0,7822600.0,4834700.0,20479900.0
sh688267,中触媒,21.5,0.00%,1.29%,9897700.0,7859900.0,2037800.0,17757600.0
sh600682,南京新百,7.88,0.00%,0.23%,8281799.999999999,12559700.0,4278000.0,20841500.0
sh600678,四川金顶,5.47,0.00%,1.05%,10458000.0,9501500.0,956400.0,19959500.0
sh600668,尖峰集团,11.45,0.00%,0.36%,5501900.000000001,8659500.0,3157600.0,14161400.000000002
sh600648,外高桥,11.41,0.00%,0.13%,6364800.0,7687500.0,1322700.0,14052300.0
sh600630,龙头股份,5.61,0.00%,0.87%,10317100.0,10294400.0,22700.0,20611500.0
sh600620,天宸股份,12.56,0.00%,0.58%,33831700.0,15999900.0,17831800.0,49831600.0
sh600592,龙溪股份,10.06,0.00%,3.19%,61588400.0,67170300.0,5582000.0,129000000.0
sh600576,祥源文旅,8.06,0.00%,1.04%,25246600.0,26471000.0,1224400.0,51717600.0
sh600568,ST中珠,1.73,0.00%,0.12%,1982400.0,1125100.0,857300.0,3107500.0
sh600565,迪马股份,1.55,0.00%,0.78%,13414900.0,16854900.0,3440000.0,30269800.0
sh600510,黑牡丹,5.94,0.00%,0.44%,14148100.0,12472400.0,1675700.0,26620500.0
sh600467,好当家,2.43,0.00%,0.66%,11741099.999999998,11568599.999999998,172500.0,23309699.999999996
sh600439,瑞贝卡,2.53,0.00%,0.37%,3865500.0,6766700.0,2901200.0,10632200.0
sh600428,中远海特,6.37,0.00%,0.72%,42646800.0,55073100.00000001,12426300.000000002,97719900.0
sh600405,动力源,5.77,0.00%,1.45%,20237200.0,25845500.0,5608400.0,46082700.00000001
sh600387,ST海越,5.2,0.00%,0.72%,6538500.0,8572100.0,2033600.0000000002,15110600.0
sh600326,西藏天路,6.5,0.00%,2.37%,74803000.0,62995500.0,11807500.0,138000000.0
sh600281,华阳新材,4.18,0.00%,0.43%,4723000.0,4558900.0,164100.0,9281900.0
sh600272,开开实业,8.97,0.00%,0.99%,6892200.0,7164200.0,272000.0,14056500.0
sh600269,赣粤高速,3.72,0.00%,0.34%,15920500.0,13160600.0,2759900.0,29081100.0
sh600229,城市传媒,8.63,0.00%,0.88%,29017199.999999996,21371500.0,7645800.0,50388700.0
sh600212,绿能慧充,8.85,0.00%,1.00%,16517000.0,28861200.0,12344200.0,45378200.0
sh600189,泉阳泉,6.36,0.00%,0.67%,14413900.000000002,15912600.0,1498700.0,30326500.0
sh600169,太原重工,2.5,0.00%,0.50%,17119400.0,15132700.0,1986699.9999999998,32252199.999999996
sh600162,香江控股,1.93,0.00%,0.51%,17081200.0,14678100.0,2403100.0,31759400.0
sh600135,乐凯胶片,7.59,0.00%,0.59%,10927100.0,13796800.0,2869600.0,24723900.0
sh600099,林海股份,9.41,0.00%,0.71%,6617500.0,8039100.0,1421600.0,14656600.0
sh600076,康欣新材,2.69,0.00%,0.35%,5116600.0,4477600.0,639000.0,9594200.0
sh600063,皖维高新,5.34,0.00%,0.50%,21346000.0,30031300.0,8685300.0,51377400.0
sh600061,国投资本,7.31,0.00%,0.26%,64594300.0,56218500.0,8375900.0,121000000.0
sh600056,中国医药,12.9,0.00%,0.44%,36204700.0,49129000.0,12924300.0,85333600.0
sh600186,莲花健康,2.93,0.00%,0.72%,17750700.0,20206600.0,2456000.0,37957300.0
sh600022,山东钢铁,1.41,0.00%,0.16%,9196700.0,14343000.0,5146300.0,23539699.999999996
sz300697,电工合金,11.53,0.00%,3.16%,25508700.0,27729300.0,2220600.0,54440400.0
sz300663,科蓝软件,13.56,0.00%,1.32%,34325500.0,37015500.0,2690000.0,72207600.0
sz300658,延江股份,6.62,0.00%,0.85%,6017700.0,6397200.0,379500.0,12759800.0
sz300656,民德电子,29.99,0.00%,0.61%,11365100.0,11535200.0,170100.00000000003,23011300.0
sz300511,雪榕生物,7.32,0.00%,2.17%,30376700.0,33996600.0,3619900.0,64390900.0
sz300495,*ST美尚,1.88,0.00%,2.26%,7474200.0,11566199.999999998,4091900.0,19702500.0
sz300451,创业慧康,7.68,0.00%,0.94%,44208600.0,52595800.0,8387200.0,97963400.0
sz300420,五洋停车,3.27,0.00%,1.28%,17756200.0,24835300.000000004,7079100.0,42808600.0
sz300419,浩丰科技,6.92,0.00%,10.22%,127000000.0,134000000.00000001,7380900.0,262000000.0
sz300279,和晶科技,5.71,0.00%,1.26%,16737700.0,13804900.0,2932799.9999999995,30876000.0
sz300162,雷曼光电,7.35,0.00%,1.29%,14297900.0,10335200.0,3962700.0,25006500.0
sz300145,中金环境,2.83,0.00%,0.86%,31462199.999999996,14043200.0,17419000.0,45924100.0
sz300115,长盈精密,11.39,0.00%,1.06%,64914000.0,76031500.0,11117500.0,144000000.0
sz300080,易成新能,5.19,0.00%,0.51%,15785100.0,16153599.999999998,368500.0,32377399.999999996
sz300079,数码视讯,5.91,0.00%,1.47%,47797400.0,60333100.00000001,12535700.0,110000000.00000001
sz300078,思创医惠,4.44,0.00%,0.64%,12158500.0,11412500.0,746000.0,23869000.0
sz300075,数字政通,19.89,0.00%,3.17%,151000000.0,166000000.0,14751800.0,320000000.0
sz300061,旗天科技,6.38,0.00%,0.92%,14343300.0,18382700.0,4039400.0,33266400.0
sz300050,世纪鼎利,4.24,0.00%,1.19%,12712500.0,12735300.0,22900.0,25761600.0
sz002950,奥美医疗,10.38,0.00%,0.37%,7605400.0,5881100.0,1724300.0,13841500.0
sz002948,青岛银行,3.17,0.00%,0.18%,8034800.0,9616500.0,1581699.9999999998,17730200.0
sz002817,黄山胶囊,8.7,0.00%,0.71%,7810000.0,9530300.0,1720200.0,17890300.0
sz002800,ST天顺,15.41,0.00%,0.45%,2739600.0,4065400.0,1325700.0,6962100.0
sz002736,国信证券,9.04,0.00%,0.09%,37934600.0,30298900.0,7635700.000000001,68585800.0
sz002716,金贵银业,2.9,0.00%,0.49%,13524500.0,16902400.0,3377799.9999999995,30774899.999999996
sz002671,龙泉股份,4.37,0.00%,1.01%,12428100.0,7722900.0,4705200.0,20180700.0
sz002666,德联集团,5.14,0.00%,1.32%,16689500.0,13759300.0,2930200.0,30454000.0
sz002660,茂硕电源,9.99,0.00%,5.60%,61208500.0,83384599.99999999,22176100.0,145000000.0
sz002657,中科金财,15.98,0.00%,1.03%,21537800.000000004,27198200.0,5660400.0,49101899.99999999
sz002630,华西能源,2.5,0.00%,1.16%,13626000.0,14704100.0,1078100.0,29448700.0
sz002540,亚太科技,5.92,0.00%,0.83%,21292900.0,21617300.0,324400.0,43200100.0
sz002500,山西证券,5.71,0.00%,0.26%,28194699.999999996,24460900.0,3733800.0,53138900.0
sz002445,中南文化,2.38,0.00%,0.40%,9120200.0,13421600.0,4301400.0,22547300.0
sz002437,誉衡药业,2.06,0.00%,0.63%,12229500.0,16034900.0,3805400.0,28294699.999999996
sz002388,新亚制程,6.99,0.00%,0.81%,11665400.0,15385100.0,3719700.0000000005,27105000.0
sz002374,中锐股份,3.78,0.00%,0.46%,9783500.0,8656100.0,1127300.0,18517500.0
sz002325,洪涛股份,1.44,0.00%,1.56%,20195300.0,11967500.0,8227800.0,32224800.0
sz002312,川发龙蟒,8.18,0.00%,0.66%,39539900.0,34286600.0,5253300.0,73907500.0
sz002297,博云新材,7.95,0.00%,0.68%,15052600.0,15403500.0,350800.0,30829699.999999996
sh601399,国机重装,3.09,0.00%,0.20%,18654400.0,26299200.0,7644800.0,44953500.0
sz002247,聚力文化,2.08,0.00%,2.00%,12641400.000000002,13867800.0,1226400.0,26731900.0
sz002237,恒邦股份,11.7,0.00%,0.94%,48712500.0,50004900.0,1292400.0,99290400.00000001
sz002205,国统股份,10.31,0.00%,1.47%,13851900.0,13676700.0,175300.0,27844800.0
sz002163,海南发展,9.99,0.00%,0.32%,11251400.000000002,13876800.0,2625500.0,25203200.0
sz002131,利欧股份,2.33,0.00%,2.74%,198000000.0,174000000.0,23503500.0,374000000.0
sz002105,信隆健康,6.25,0.00%,1.20%,12012800.0,15411500.0,3398700.0,27528600.0
sz002054,德美化工,7.2,0.00%,0.70%,7494299.999999999,11644500.0,4150100.0,19198500.0
sz002047,宝鹰股份,3.13,0.00%,0.64%,13594300.0,13023800.000000002,570400.0,26633100.0
sz002042,华孚时尚,3.08,0.00%,0.42%,12035800.0,9575000.0,2460800.0,21721400.0
sz002012,凯恩股份,6.35,0.00%,2.19%,32164300.0,32130200.0,34100.0,64405500.0
sz000932,华菱钢铁,5.19,0.00%,0.53%,72804100.0,85628200.0,12824100.0,159000000.0
sz000929,兰州黄河,9.81,0.00%,1.26%,11084000.0,11266500.0,182500.0,22762700.0
sz000900,现代投资,4.1,0.00%,0.27%,9640800.0,7138800.0,2502000.0,16823800.0
sz000890,法尔胜,4.06,0.00%,0.83%,6949299.999999999,7000100.0,50800.0,14179700.0
sz000838,财信发展,3.67,0.00%,2.08%,41891800.0,38020600.0,3871200.0,80369100.0
sz000791,甘肃能源,5.56,0.00%,0.43%,19245400.0,19112200.0,133200.0,38426600.0
sz000786,北新建材,23.93,0.00%,0.15%,27080300.000000004,30567399.999999996,3487100.0,57910800.0
sz000750,国海证券,3.43,0.00%,0.32%,28093200.0,31105300.000000004,3012100.0,59417299.99999999
sz000728,国元证券,6.7,0.00%,0.36%,53440000.0,51359600.0,2080400.0,106000000.0
sz000717,中南股份,2.83,0.00%,0.32%,13098000.0,8190100.0,4907900.0,21494000.0
sz000709,河钢股份,2.27,0.00%,0.27%,26269000.0,36954200.0,10685200.0,63584600.0
sz000652,泰达股份,4.18,0.00%,0.43%,10921000.0,15285600.0,4364600.0,26381300.0
sz000582,北部湾港,7.85,0.00%,0.28%,14188100.0,15952500.0,1764400.0,30647800.000000004
sz000563,陕国投A,3.05,0.00%,0.36%,23468800.0,32002500.0,8533800.0,56792900.0
sz000552,甘肃能化,3.3,0.00%,0.72%,22796300.0,35740200.0,12943900.000000002,59752200.0
sz000536,华映科技,1.9,0.00%,1.21%,30753000.0,32001200.0,1248200.0,63752700.00000001
sz000096,广聚能源,8.5,0.00%,0.33%,7625200.0,6507700.0,1117500.0,14427400.0
sz000039,中集集团,7.13,0.00%,0.32%,24564100.0,27026600.0,2462400.0,52514100.0
sz300953,震裕科技,73.89,-0.01%,0.99%,12005900.0,21274200.0,9268200.0,33280100.000000004
sh603822,嘉澳环保,32.53,-0.03%,0.56%,7069299.999999999,6851900.000000001,217399.99999999997,13921199.999999998
sh603297,永新光学,93.38,-0.03%,0.61%,31154100.0,31436900.0,282800.0,62590900.0
sz300802,矩子科技,23.01,-0.04%,0.84%,14815800.0,21091700.0,6275900.0,36643900.0
sz301311,昆船智能,28.34,-0.04%,19.04%,150000000.0,175000000.0,24681900.0,325000000.0
sh603860,中公高科,28.01,-0.04%,1.30%,10972800.0,13258599.999999998,2285900.0,24231400.0
sz300724,捷佳伟创,104.94,-0.04%,0.84%,110000000.00000001,127000000.0,17097700.0,241000000.0
sz000768,中航西飞,25.84,-0.04%,0.36%,119000000.0,142000000.0,23855000.0,262000000.0
sz001289,龙源电力,20.81,-0.05%,1.89%,28998900.0,22572800.000000004,6426200.0,52264000.0
sh688501,青达环保,21.57,-0.05%,1.48%,9557300.0,9975900.0,418700.0,19533200.0
sh605033,美邦股份,19.27,-0.05%,1.53%,5689299.999999999,4213100.0,1476200.0,9902300.0
sh605377,华旺科技,19.55,-0.05%,0.83%,14848699.999999998,12512800.0,2335800.0,27361400.0
sz300829,金丹科技,21.22,-0.05%,1.01%,10099800.0,14328300.0,4228500.0,24973400.0
sh603970,中农立华,19.2,-0.05%,0.34%,5846000.0,11730900.0,5884900.0,17576900.0
sz000063,中兴通讯,43.99,-0.05%,1.58%,1346000000.0,1440000000.0,94274000.0,2812000000.0
sh603261,立航科技,34.02,-0.06%,2.15%,10320500.0,8498400.0,1822100.0,18819000.0
sz301188,力诺特玻,15.4,-0.06%,0.68%,4782000.0,10923699.999999998,6141700.0,15705700.0
sh600927,永安期货,16.54,-0.06%,0.35%,16462900.0,14184000.0,2278900.0,30646900.0
sh600645,中源协和,17.0,-0.06%,0.52%,18340900.0,23205800.0,4864900.0,41546800.0
sh600031,三一重工,17.16,-0.06%,0.49%,346000000.0,360000000.0,13834300.0,706000000.0
sz300515,三德科技,15.45,-0.06%,0.73%,10762500.0,9544800.0,1217700.0,20308800.0
sh600941,中国移动,95.28,-0.07%,1.81%,645000000.0,672000000.0,27991800.0,1317000000.0
sz002761,浙江建投,14.81,-0.07%,0.63%,44280200.00000001,55499799.99999999,11219600.0,101000000.0
sh603189,网达软件,14.06,-0.07%,1.33%,23807399.999999996,26452199.999999996,2644800.0,50259600.0
sh601882,海天精工,30.09,-0.07%,0.34%,21934200.0,31861200.0,9926900.0,53795500.0
sh600508,上海能源,14.26,-0.07%,0.47%,27520900.0,20683200.0,6837700.0,48204100.0
sh600372,中航电子,15.05,-0.07%,0.32%,104000000.0,109000000.00000001,5117500.0,214000000.0
sz000586,汇源通信,13.75,-0.07%,2.93%,37147300.0,42447700.00000001,5300400.0,79702300.0
sh688212,澳华内镜,63.1,-0.08%,0.83%,22809699.999999996,22200000.0,609700.0,45009700.0
sh605299,舒华体育,12.31,-0.08%,1.90%,13637500.0,12789500.0,847900.0000000001,26427000.0
sz300884,狄耐克,12.65,-0.08%,2.11%,17519800.0,21363100.0,3843300.0,38882800.0
sz300837,浙矿股份,38.98,-0.08%,1.21%,14428699.999999998,18123500.0,3694800.0,33320000.0
sh600809,山西汾酒,210.84,-0.08%,0.37%,438999999.99999994,494000000.00000006,54844600.0,933000000.0
sh600529,山东药玻,26.59,-0.08%,0.45%,40379700.0,39188300.0,1191400.0,79568100.0
sz300295,三六五网,12.74,-0.08%,3.32%,31790500.0,38041300.0,6250800.0,70849600.0
sz002953,日丰股份,12.63,-0.08%,3.01%,33951500.0,39619700.0,5668200.000000001,74779500.0
sz002759,天际股份,13.15,-0.08%,0.80%,20185100.0,21820700.0,1635700.0,42326800.0
sh603055,台华新材,10.96,-0.09%,0.35%,17372800.0,16675800.0,697000.0,34048600.0
sh600859,王府井,21.15,-0.09%,0.49%,53432700.00000001,58528900.0,5096300.0,112000000.00000001
sh600506,统一股份,10.89,-0.09%,0.90%,6966900.000000001,7446799.999999999,479900.0,14413699.999999998
sh600363,联创光电,34.99,-0.09%,0.75%,46649700.0,71061100.0,24411400.0,118000000.0
sz300386,飞天诚信,10.64,-0.09%,1.56%,18865800.0,20622900.0,1757100.0,40348900.0
sz002802,洪汇新材,11.31,-0.09%,0.45%,3794800.0,5148200.000000001,1353300.0000000002,9053900.0
sz002230,科大讯飞,70.13,-0.09%,2.32%,1585000000.0,1872000000.0,287000000.0,3470000000.0000005
sz000729,燕京啤酒,11.5,-0.09%,0.85%,88930100.0,154000000.0,64689700.0,243000000.00000003
sz301293,三博脑科,79.1,-0.10%,6.59%,84080600.0,93105700.0,9025100.0,177000000.0
sh688349,三一重能,31.42,-0.10%,0.59%,19630200.0,15632800.0,3997400.0,35263100.0
sh600938,中国海油,19.05,-0.10%,0.59%,153000000.0,164000000.0,10829300.0,317000000.0
sh688226,威腾电气,20.07,-0.10%,3.62%,31857700.0,27812399.999999996,4045299.9999999995,59670000.0
sh688578,艾力斯,28.69,-0.10%,0.57%,17560900.0,16010400.0,1550500.0,33571400.0
sz300179,四方达,10.05,-0.10%,0.89%,12195400.0,20549500.0,8354100.0,33291300.0
sh603098,森特股份,20.73,-0.10%,0.18%,8766700.0,11240600.0,2473800.0,20007300.0
sh603035,常熟汽饰,19.36,-0.10%,0.98%,34015500.0,37517700.0,3502300.0,71533100.0
sh600038,中直股份,40.38,-0.10%,0.80%,82166400.0,107000000.0,24488200.0,189000000.0
sz300722,新余国科,31.24,-0.10%,1.61%,42880900.0,53864900.0,10984000.0,97473600.0
sz300348,长亮科技,10.2,-0.10%,1.64%,40637800.0,61295600.00000001,20657800.000000004,103000000.0
sh688230,芯导科技,46.93,-0.11%,1.14%,7840500.0,7360200.0,480300.0,15200600.0
sh688793,倍轻松,36.42,-0.11%,2.83%,8600800.0,15035500.0,6434800.0,23636300.0
sh603886,元祖股份,18.69,-0.11%,0.35%,9421700.0,6258800.0,3162900.0,15680500.0
sh603042,华脉科技,17.48,-0.11%,7.03%,90507600.0,105000000.0,14923100.0,196000000.0
sh600096,云天化,17.41,-0.11%,1.03%,143000000.0,170000000.0,26659300.0,313000000.0
sz000713,丰乐种业,9.15,-0.11%,1.89%,62209000.0,43570000.0,18639000.0,106000000.0
sz000596,古井贡酒,247.72,-0.11%,0.18%,107000000.0,78920200.0,27947900.0,186000000.0
sz000516,国际医学,8.93,-0.11%,1.50%,136000000.0,113999999.99999999,22540200.0,252000000.0
sz001229,魅视科技,32.56,-0.12%,2.53%,8940900.0,11719700.0,2778900.0,20699699.999999996
sh688359,三孚新科,66.89,-0.12%,1.03%,13707900.0,16936600.0,3228700.0,30644500.0
sh688560,明冠新材,25.93,-0.12%,1.72%,23011300.0,33420600.0,10409300.0,56432000.0
sh603390,通达电气,8.55,-0.12%,0.84%,12158300.0,12877800.0,719500.0,25036200.0
sh601801,皖新传媒,8.6,-0.12%,0.69%,65677700.00000001,51338800.0,14338900.000000002,117000000.0
sh603678,火炬电子,32.14,-0.12%,0.48%,28554400.0,42161100.0,13606800.0,70715500.0
sh603558,健盛集团,8.33,-0.12%,0.44%,6773800.0,7105500.0,331599.99999999994,13879300.0
sh603214,爱婴室,16.46,-0.12%,0.67%,7414000.0,7892300.0,478400.00000000006,15306300.000000002
sh601117,中国化学,8.37,-0.12%,0.25%,64500100.0,60923600.0,3576500.0,125000000.0
sh601009,南京银行,8.1,-0.12%,0.07%,25768300.0,29433600.0,3665299.9999999995,55201899.99999999
sh600679,上海凤凰,8.58,-0.12%,1.14%,12677900.0,16433800.000000002,3756000.0,29111700.0
sz300538,同益股份,16.5,-0.12%,2.09%,15798200.0,22539899.999999996,6741700.0,38339900.0
sz300200,高盟新材,8.51,-0.12%,0.52%,8597200.0,9819000.0,1221800.0,18646000.0
sz300153,科泰电源,8.45,-0.12%,2.00%,23205300.000000004,29432700.0,6227300.0,53190700.0
sz300057,万顺新材,8.0,-0.12%,2.46%,61528900.0,81230700.0,19701800.0,145000000.0
sz301237,和顺科技,30.04,-0.13%,1.06%,6007100.0,5972100.0,35000.0,11979200.0
sh688128,中国电研,23.72,-0.13%,0.31%,12306800.0,17227000.0,4920200.0,29533900.0
sh603706,东方环宇,15.61,-0.13%,0.74%,8661600.0,13099800.0,4438200.0,21761300.0
sh601108,财通证券,7.43,-0.13%,0.30%,46858100.00000001,55519799.99999999,8661700.0,102000000.0
sh600900,长江电力,22.44,-0.13%,0.09%,212000000.0,229999999.99999997,17955800.0,441000000.0
sh600459,贵研铂业,15.35,-0.13%,0.46%,26699500.0,25477300.0,1222100.0,52176800.0
sh600127,金健米业,7.65,-0.13%,2.86%,63688900.0,77064900.0,13376000.0,141000000.0
sh600083,博信股份,7.54,-0.13%,3.18%,28767399.999999996,25060900.0,3706500.0,53828400.0
sz300377,赢时胜,7.85,-0.13%,0.99%,22660100.000000004,27923100.0,5263000.0,51630500.0
sz300872,天阳科技,15.25,-0.13%,1.47%,26949600.0,30398800.0,3449200.0,57369799.99999999
sz002707,众信旅游,7.57,-0.13%,0.96%,28155000.0,29214200.0,1059200.0,57528900.0
sz002233,塔牌集团,7.92,-0.13%,0.69%,32478700.0,31983500.0,495300.0,64679000.0
sz002034,旺能环境,15.67,-0.13%,0.56%,17828300.0,18961600.0,1133200.0,36879200.0
sz000919,金陵药业,7.65,-0.13%,0.49%,9219700.0,9273500.0,53800.0,18884300.0
sz000789,万年青,7.86,-0.13%,0.41%,15597300.0,9810500.0,5786799.999999999,25682000.0
sz000678,襄阳轴承,7.4,-0.13%,5.37%,81411100.0,94682099.99999999,13271000.0,182000000.0
sz001206,依依股份,14.66,-0.14%,0.56%,5039300.0,4481700.0,557600.0,9588400.0
sh688129,东来技术,14.66,-0.14%,1.01%,3023000.0,3104800.0,81800.0,6127800.0
sh688557,兰剑智能,35.44,-0.14%,1.29%,8156000.0,11985900.0,3829900.0,20142000.0
sh600918,中泰证券,6.96,-0.14%,0.35%,51819300.0,45021000.0,6798300.0,96840300.0
sz300810,中科海讯,21.86,-0.14%,1.02%,11929900.0,13278000.0,1348000.0,25413400.0
sh603559,ST通脉,6.89,-0.14%,2.86%,14382900.0,13774900.0,608000.0,28157800.000000004
sh603316,诚邦股份,7.18,-0.14%,4.29%,44651500.0,35333300.0,9318200.0,79984800.0
sz300391,长药控股,7.06,-0.14%,0.66%,8401900.0,7241600.0,1160300.0,16072900.0
sz002753,永东股份,7.25,-0.14%,0.86%,8690300.0,6179100.0,2511200.0,15033900.000000002
sz002324,普利特,13.88,-0.14%,0.94%,41975000.0,45869200.0,3894200.0,88393600.0
sz002302,西部建设,7.17,-0.14%,0.18%,6098300.0,9993100.0,3894800.0,16179500.0
sz002238,天威视讯,7.01,-0.14%,0.50%,12662000.0,14668100.0,2006100.0000000002,27852900.0
sz002174,游族网络,13.79,-0.14%,5.38%,316000000.0,360000000.0,43787800.0,683000000.0
sh688113,联测科技,46.01,-0.15%,0.20%,1605100.0,1566000.0,39100.0,3171000.0
sh688161,威高骨科,40.78,-0.15%,0.68%,8821300.0,11930100.0,3108800.0,20751400.0
sh600583,海油工程,6.59,-0.15%,0.41%,50639100.0,66379500.0,15740400.0,117000000.0
sh600064,南京高科,6.66,-0.15%,0.49%,27649200.0,28655600.0,1006400.0,56304700.0
sz300630,普利制药,19.37,-0.15%,0.72%,19279300.0,25403700.0,6124400.000000001,44684900.0
sz002443,金洲管道,6.77,-0.15%,0.89%,14384800.0,16673699.999999998,2288900.0,32198400.0
sh688531,日联科技,165.0,-0.16%,2.02%,31331800.0,26649600.0,4682200.0,57981400.0
sh605186,健麾信息,44.83,-0.16%,3.21%,52255800.0,42333400.0,9922400.0,94589200.0
sh688550,瑞联新材,38.49,-0.16%,3.85%,71269400.0,80887900.0,9618500.0,152000000.0
sh603928,兴业股份,12.29,-0.16%,0.41%,6530000.0,3708000.0,2822100.0,10238000.0
sh600847,万里股份,12.55,-0.16%,0.87%,9504900.0,7129200.0,2375700.0,16634100.0
sh603217,元利科技,25.49,-0.16%,0.35%,9366400.0,8834600.0,531800.0,18201000.0
sh601838,成都银行,12.84,-0.16%,0.20%,39210400.0,56138900.0,16928500.0,95349400.0
sz300213,佳讯飞鸿,6.37,-0.16%,2.00%,31556800.0,37268500.0,5711700.0,69816800.0
sz300096,易联众,6.19,-0.16%,2.70%,32464300.0,29459400.0,3004900.0,62666800.0
sz300015,爱尔眼科,19.07,-0.16%,0.25%,179000000.0,198000000.0,18680100.0,381000000.0
sz002786,银宝山新,6.16,-0.16%,1.53%,22463000.0,23595200.0,1132200.0,46312800.0
sz002674,兴业科技,12.67,-0.16%,1.35%,23542000.0,25211700.0,1669700.0,48923600.0
sz002519,银河电子,6.22,-0.16%,1.86%,57054200.0,70845800.0,13791600.0,129000000.0
sz002469,三维化学,6.13,-0.16%,0.55%,9200300.0,11717600.0,2517300.0,20924000.0
sz000950,重药控股,6.09,-0.16%,0.94%,54874700.0,43181700.0,11693000.0,98154599.99999999
sh603132,金徽股份,11.79,-0.17%,0.70%,7768900.0,5380400.0,2388500.0,13149300.0
sh600916,中国黄金,11.94,-0.17%,0.76%,29698800.0,44922700.00000001,15223800.000000002,74621600.0
sh601028,玉龙股份,11.93,-0.17%,4.14%,184000000.0,200999999.99999997,16959300.0,386000000.0
sh605598,上海港湾,48.2,-0.17%,1.28%,16551400.000000002,16323300.0,228100.0,32874699.999999996
sh603300,华铁应急,5.89,-0.17%,0.38%,15168100.0,23814300.0,8646200.0,38982400.0
sh601669,中国电建,5.74,-0.17%,0.51%,136000000.0,187000000.0,51105500.0,323000000.0
sz300768,迪普科技,17.15,-0.17%,1.62%,49712500.0,57967500.0,8255000.0,109000000.00000001
sz300505,川金诺,18.03,-0.17%,3.01%,34852600.0,54235400.0,19382800.0,89093500.0
sz300441,鲍斯股份,6.04,-0.17%,0.63%,11130000.0,11947200.0,817200.0,23864699.999999996
sz000783,长江证券,5.97,-0.17%,0.36%,60960100.0,58538300.0,2421900.0,120000000.0
sz000507,珠海港,5.54,-0.18%,0.47%,11699700.0,11481300.000000002,218500.0,23214800.0
sz002627,三峡旅游,5.52,-0.18%,0.68%,12557900.0,13048800.000000002,490900.00000000006,26165200.0
sz001872,招商港口,16.7,-0.18%,0.10%,14250200.0,14962600.0,712400.0,29327900.0
sh601825,沪农商行,5.54,-0.18%,0.09%,12098500.0,9948300.0,2150200.0,22046800.0
sz301090,华润材料,11.09,-0.18%,1.63%,25336600.0,14696700.0,10639800.0,40033300.0
sz300303,聚飞光电,5.56,-0.18%,2.03%,59617800.0,80155600.0,20537800.000000004,141000000.0
sh688165,埃夫特,10.96,-0.18%,1.99%,29732600.000000004,41069000.0,11336400.000000002,70801600.0
sh688015,交控科技,17.11,-0.18%,0.35%,5709800.0,5401799.999999999,308000.0,11111500.0
sh603809,豪能股份,10.83,-0.18%,1.18%,28804899.999999996,20303600.0,8501200.0,49108500.0
sh603036,如通股份,11.14,-0.18%,0.64%,7327300.0,7165800.0,161400.0,14493100.0
sh600703,三安光电,17.09,-0.18%,0.39%,134000000.00000001,171000000.0,36304500.0,305000000.0
sh600470,六国化工,5.52,-0.18%,1.59%,26770900.0,18668000.0,8102900.0,45438800.0
sh600390,五矿资本,5.56,-0.18%,0.37%,45452700.00000001,47215500.0,1762800.0,92668200.0
sz300405,科隆股份,5.68,-0.18%,1.27%,7193800.0,7697400.0,503600.0,15804400.0
sz300321,同大股份,16.77,-0.18%,0.57%,4660400.0,3391100.0,1269300.0,8261300.0
sz002905,金逸影视,11.38,-0.18%,5.33%,99847000.0,115999999.99999999,15921000.0,216000000.0
sz002809,红墙股份,11.03,-0.18%,1.53%,9835600.0,12873800.000000002,3038200.0,23032399.999999996
sz002483,润邦股份,5.64,-0.18%,0.64%,15472200.0,16126199.999999998,653900.0,31876400.0
sz002398,垒知集团,5.67,-0.18%,0.93%,17434300.0,13191600.0,4242700.0,30731800.0
sz002078,太阳纸业,11.0,-0.18%,0.31%,37479600.0,55088900.0,17609300.0,93418500.0
sh601568,北元集团,5.23,-0.19%,0.20%,11147600.0,14785300.0,3637700.0,25932900.0
sh688057,金达莱,15.58,-0.19%,0.74%,6126700.0,10033100.0,3906400.0,16159800.0
sz002857,三晖电气,20.78,-0.19%,1.94%,25209300.0,26513100.0,1303800.0,51859700.0
sh688221,前沿生物,10.78,-0.19%,0.80%,8810800.0,8765700.0,45100.0,17576500.0
sh603515,欧普照明,20.65,-0.19%,0.13%,10818200.0,9491000.0,1327200.0,20309300.0
sh601022,宁波远洋,10.38,-0.19%,1.50%,8059100.0,12145300.0,4086100.0,20204400.0
sh600319,亚星化学,5.19,-0.19%,0.80%,6737500.0,6339800.0,397700.00000000006,13077300.0
sz300417,南华仪器,10.68,-0.19%,0.93%,4004000.0,3979700.0000000005,24300.0,8491500.0
sz300318,博晖创新,5.34,-0.19%,0.46%,8319800.0,9585300.0,1265600.0,19590900.0
sz002826,易明医药,10.52,-0.19%,0.87%,7633800.0,8216500.0,582700.0,16016600.0
sz002550,千红制药,5.23,-0.19%,0.46%,10787700.0,11272500.0,484799.99999999994,22131400.0
sz002216,三全食品,15.89,-0.19%,0.27%,11754400.0,14809800.0,3055400.0,26926500.0
sz000812,陕西金叶,5.17,-0.19%,1.01%,13026300.000000002,24905500.0,11879200.0,39683700.0
sz000607,华媒控股,5.24,-0.19%,1.44%,29428600.0,36965100.0,7536500.0,66702400.0
sz000557,西部创业,5.27,-0.19%,0.23%,7417400.0,10166000.0,2748700.0,17623400.0
sh600905,三峡能源,5.35,-0.19%,0.28%,72084400.0,130000000.0,58360200.00000001,202999999.99999997
sh605339,南侨食品,19.82,-0.20%,0.52%,3110299.9999999995,3815700.0,705300.0,6926000.0
sh688480,赛恩斯,30.0,-0.20%,1.80%,4218400.0,6582100.0,2363700.0,10800500.0
sh601187,厦门银行,5.09,-0.20%,0.35%,10205400.0,11238100.0,1032700.0,21443500.0
sh688065,凯赛生物,63.67,-0.20%,0.23%,19039900.0,20117900.0,1078000.0,39157800.0
sh603222,济民医疗,10.08,-0.20%,1.92%,42585100.0,49031500.0,6446400.0,91616600.0
sh600958,东方证券,9.85,-0.20%,0.45%,155000000.0,173000000.0,17206100.0,328000000.0
sh600023,浙能电力,4.97,-0.20%,0.34%,102000000.0,130000000.0,27521400.0,231999999.99999997
sz300021,大禹节水,5.07,-0.20%,0.99%,15358100.0,19514200.0,4156100.0,35190700.0
sz002907,华森制药,15.11,-0.20%,0.32%,7879100.0,6708099.999999999,1171100.0,14694600.0
sz002185,华天科技,9.76,-0.20%,0.89%,152000000.0,124000000.0,27892399.999999996,277000000.0
sz002004,华邦健康,5.09,-0.20%,0.34%,16422800.0,15486500.0,936200.0,32301800.0
sz000691,亚太实业,4.7,-0.21%,5.15%,39128000.0,39523900.0,395900.00000000006,79070400.0
sz003008,开普检测,28.98,-0.21%,2.75%,14754100.0,12610200.0,2143900.0,27535300.000000004
sh688259,创耀科技,69.66,-0.21%,1.28%,21388100.0,29152800.000000004,7764700.0,50541000.0
sz000928,中钢国际,9.49,-0.21%,1.52%,72494100.0,108000000.0,35988300.0,183000000.0
sz000759,中百集团,4.69,-0.21%,0.98%,14404200.0,15456900.0,1052600.0,29996500.0
sz300891,惠云钛业,9.31,-0.21%,0.47%,5122600.0,4983200.0,139500.0,10105800.0
sh605318,法狮龙,14.17,-0.21%,4.17%,10934100.0,12153699.999999998,1219600.0,23087800.000000004
sh603995,甬金股份,23.55,-0.21%,0.48%,7378700.0,11132000.0,3753300.0,18510700.0
sh688425,铁建重工,4.69,-0.21%,0.86%,30685800.0,29040500.0,1645300.0,59726300.0
sh688288,鸿泉物联,24.21,-0.21%,0.97%,12733100.0,10937300.0,1795800.0000000002,23670400.0
sh600845,宝信软件,52.25,-0.21%,0.20%,89012700.0,89887400.0,874700.0,179000000.0
sh600115,中国东航,4.7,-0.21%,0.31%,65941800.0,96023500.0,30081700.0,162000000.0
sz300787,海能实业,19.23,-0.21%,1.17%,15590100.0,16056900.0,466700.0,32406500.0
sz300572,安车检测,19.07,-0.21%,4.01%,56447600.0,82917400.0,26469800.0,139000000.0
sz300255,常山药业,4.86,-0.21%,0.25%,5062600.0,5737500.0,674900.0,11231199.999999998
sz002516,旷达科技,4.76,-0.21%,0.49%,9791800.0,12561000.0,2769200.0,22361800.0
sz002494,华斯股份,4.77,-0.21%,0.86%,6480500.0,5139600.0,1341000.0,11866700.0
sz002365,永安药业,9.73,-0.21%,0.92%,11043300.0,10665900.0,377400.0,21710200.0
sz301189,奥尼电子,31.91,-0.22%,1.19%,6409299.999999999,9176600.0,2767300.0,15586000.0
sz002081,金螳螂,4.54,-0.22%,0.21%,11255800.0,13468000.0,2212200.0,24898800.0
sh605337,李子园,17.93,-0.22%,1.61%,21231500.0,23166600.0,1935100.0,44398200.0
sh605151,西上海,18.53,-0.22%,1.46%,9110400.0,7962700.0,1147600.0,17073100.0
sz300909,汇创达,27.17,-0.22%,7.88%,55339399.99999999,75454200.0,20114700.0,131000000.0
sh600753,庚星股份,9.19,-0.22%,1.41%,13720600.0,14360500.0,640000.0,28081100.0
sh603656,泰禾智能,13.74,-0.22%,2.69%,26510800.0,29411800.0,2901100.0,55922700.00000001
sh603978,深圳新星,17.85,-0.22%,0.58%,8877400.0,8324500.0,552900.0,17201900.0
sh603288,海天味业,45.0,-0.22%,0.12%,145000000.0,146000000.0,1310700.0,291000000.0
sh603003,龙宇股份,9.19,-0.22%,1.03%,19213000.0,18761000.0,452000.0,37974100.0
sh601019,山东出版,9.06,-0.22%,0.26%,21132700.0,27453700.0,6321100.0,48586400.0
sh600741,华域汽车,17.94,-0.22%,0.17%,47900300.0,47346000.0,554200.0,95246200.00000001
sh600717,天津港,4.49,-0.22%,0.31%,19224100.0,20450800.0,1226700.0,39675000.0
sh600566,济川药业,27.41,-0.22%,0.47%,50233000.0,67548300.0,17315300.0,118000000.0
sh600327,大东方,4.58,-0.22%,0.61%,8125100.0,16527700.0,8402600.0,24652800.000000004
sh600004,白云机场,13.82,-0.22%,0.63%,110000000.00000001,95706100.0,14301000.0,206000000.0
sz300573,兴齐眼药,203.0,-0.22%,0.57%,38237400.0,40723500.0,2486100.0,78981200.0
sz002476,宝莫股份,4.47,-0.22%,0.55%,6941500.0,8048500.0,1107000.0,15048500.0
sz002449,国星光电,9.15,-0.22%,0.90%,25026000.0,25206100.0,180200.0,50304399.99999999
sz002074,国轩高科,26.89,-0.22%,0.59%,75660200.0,120000000.0,44674900.0,198000000.0
sz000828,东莞控股,9.21,-0.22%,0.20%,10266400.000000002,8663200.0,1603200.0,18955400.0
sz000011,深物业A,9.15,-0.22%,0.35%,8074600.0,8421500.0,347000.0,16566600.0
sh688350,富淼科技,16.99,-0.23%,0.68%,3765600.0,3477700.0,287900.0,7243200.000000001
sh688251,井松智能,29.8,-0.23%,0.92%,5037600.0,4543400.0,494200.0,9581000.0
sz002689,远大智能,4.41,-0.23%,1.93%,39178900.0,49633600.0,10454700.0,90406200.00000001
sh688039,当虹科技,34.52,-0.23%,2.23%,29562800.000000004,32118500.0,2555600.0,61681400.0
sh603786,科博达,73.1,-0.23%,0.53%,86496400.0,67304400.0,19192000.0,154000000.0
sh601008,连云港,4.27,-0.23%,0.41%,11952400.0,9837500.0,2114900.0,21789899.999999996
sh603601,再升科技,4.3,-0.23%,0.39%,6562800.0,10509200.0,3946400.0,17072000.0
sz002831,裕同科技,25.87,-0.23%,0.47%,21894500.0,39935800.0,18041300.0,62365800.0
sz002763,汇洁股份,8.75,-0.23%,1.37%,11063900.000000002,11048900.000000002,15000.0,22221200.0
sz002475,立讯精密,34.09,-0.23%,0.95%,1231000000.0,1113000000.0,118000000.0,2350000000.0
sz000955,欣龙控股,4.33,-0.23%,0.39%,4204700.0,4532000.0,327299.99999999994,8941200.0
sz000725,京东方A,4.36,-0.23%,0.77%,611000000.0,637000000.0,25837000.0,1253000000.0
sz000599,青岛双星,4.41,-0.23%,0.93%,16745000.0,16279200.0,465800.0,33201600.0
sz000040,东旭蓝天,4.28,-0.23%,1.47%,25726500.0,40747400.0,15020900.0,66829900.0
sz002186,全聚德,12.61,-0.24%,1.38%,22408100.0,30055300.000000004,7647300.0,53205500.0
sz300833,浩洋股份,113.93,-0.24%,0.74%,25514200.0,18902300.0,6611900.000000001,44553200.0
sh600671,*ST目药,8.29,-0.24%,0.30%,1362800.0,1621600.0,258700.0,2984400.0
sh688335,复洁环保,25.18,-0.24%,1.02%,9128300.0,8710800.0,417500.0,17839100.0
sh600790,轻纺城,4.19,-0.24%,0.30%,8705800.0,9431400.0,725500.0,18137200.0
sh600710,苏美达,8.47,-0.24%,1.03%,47541500.0,65246700.0,17705200.0,112999999.99999999
sh600657,信达地产,4.13,-0.24%,0.23%,12434000.0,14586800.0,2152900.0,27020800.0
sh600279,重庆港,4.17,-0.24%,0.23%,5520000.0,5981700.0,461599.99999999994,11501800.0
sz300334,津膜科技,8.45,-0.24%,1.89%,21255800.0,25695600.0,4439800.0,48263800.0
sz300300,海峡创新,4.08,-0.24%,1.00%,13054200.0,14133900.000000002,1079700.0,27381600.0
sz000526,学大教育,27.43,-0.25%,4.28%,63728800.0,73737700.0,10008900.0,138000000.0
sz301165,锐捷网络,55.62,-0.25%,8.80%,140000000.0,163000000.0,22833800.0,303000000.0
sz301290,东星医疗,31.87,-0.25%,1.71%,5710400.0,7237600.0,1527200.0,12948100.0
sz301283,聚胶股份,35.89,-0.25%,1.81%,5831900.000000001,7118300.0,1286500.0,12950200.0
sz001366,播恩集团,15.66,-0.25%,2.74%,8093200.000000001,8893300.0,800100.0,17240100.0
sz301009,可靠股份,11.8,-0.25%,1.39%,7320200.0,8449700.0,1129600.0,15769900.0
sh688316,青云科技,47.2,-0.25%,3.01%,20294700.0,30357100.0,10062500.0,50651800.0
sh600929,雪天盐业,8.02,-0.25%,0.80%,23080300.000000004,44841000.0,21760700.0,67921300.0
sh600862,中航高科,24.23,-0.25%,0.46%,76027000.0,77996300.0,1969300.0,154000000.0
sh600371,万向德农,11.94,-0.25%,1.16%,18695800.0,22104800.0,3409000.0,40800600.0
sh600035,楚天高速,4.06,-0.25%,0.73%,24995400.0,22360100.000000004,2635299.9999999995,47355500.0
sz300400,劲拓股份,15.94,-0.25%,0.95%,15854600.0,20144800.0,4290200.0,36620300.0
sz300013,新宁物流,3.92,-0.25%,1.05%,7853400.0,9745600.0,1892200.0,18274500.0
sz000997,新大陆,19.6,-0.25%,1.43%,112000000.00000001,175000000.0,63437600.0,290000000.0
sh688373,盟科药业,7.73,-0.26%,1.39%,5556900.000000001,7759800.0,2202800.0,13316700.0
sh605303,园林股份,11.44,-0.26%,1.30%,5815700.000000001,4210600.0,1605100.0,10026300.0
sz002455,百川股份,7.73,-0.26%,0.66%,11810700.0,13475700.0,1665000.0,25464699.999999996
sh688148,芳源股份,11.31,-0.26%,0.82%,15232800.0,20203300.0,4970500.0,35436100.0
sh601137,博威合金,15.33,-0.26%,1.32%,62837500.0,95832900.00000001,32995400.0,159000000.0
sh600782,新钢股份,3.82,-0.26%,0.49%,24038400.0,35368000.0,11329600.0,59406300.0
sz300375,鹏翎股份,3.88,-0.26%,1.56%,15299300.0,15025100.0,274200.0,30556600.0
sz002551,尚荣医疗,3.84,-0.26%,0.65%,6189600.0,8346100.0,2156500.0,15127100.0
sz002692,ST远程,3.72,-0.27%,0.09%,803900.0,1541600.0,737700.0,2345900.0
sz301332,德尔玛,15.01,-0.27%,13.88%,81868100.0,93815800.0,11947800.0,176000000.0
sh601798,蓝科高新,7.33,-0.27%,0.96%,12921099.999999998,11936000.0,985200.0,24857100.0
sz002548,金新农,7.44,-0.27%,2.27%,51667000.0,59041600.0,7374500.0,112000000.00000001
sh603181,皇马科技,11.21,-0.27%,0.21%,6463099.999999999,7419800.0,956700.0,13882900.0
sh601011,宝泰隆,3.66,-0.27%,0.47%,14710100.0,18379500.0,3669300.0,33089600.0
sz002392,北京利尔,3.68,-0.27%,0.45%,8041100.0,7251400.0,789700.0,15314900.0
sh600578,京能电力,3.76,-0.27%,0.49%,52269000.0,69393100.0,17124000.0,122000000.0
sh600000,浦发银行,7.42,-0.27%,0.05%,45408800.0,57930800.0,12521900.0,103000000.0
sz002927,泰永长征,14.6,-0.27%,3.89%,54341400.0,70093700.0,15752300.0,126000000.0
sz002782,可立克,14.88,-0.27%,0.88%,28939100.0,32889100.0,3950000.0,62631700.0
sz002245,蔚蓝锂芯,10.92,-0.27%,0.98%,55966600.0,58602299.99999999,2635700.0,115999999.99999999
sz000407,胜利股份,3.7,-0.27%,0.58%,8391600.0,9745000.0,1353500.0,18712300.0
sz000972,中基健康,3.58,-0.28%,0.67%,8359200.0,9988100.0,1628899.9999999998,18422700.0
sz002946,新乳业,14.45,-0.28%,0.15%,7936400.0,10177800.0,2241400.0,18261600.0
sh688661,和林微纳,75.77,-0.28%,3.80%,40389000.0,62776500.0,22387500.0,103000000.0
sh688158,优刻得,17.85,-0.28%,3.52%,93467600.0,129000000.0,35716900.0,223000000.0
sh600792,云煤能源,3.55,-0.28%,0.69%,12924200.0,11217300.0,1706900.0,24141500.0
sh600784,鲁银投资,7.05,-0.28%,0.79%,14228000.0,17103600.0,2875600.0,31331500.0
sh600626,申达股份,3.55,-0.28%,0.62%,9918300.0,8772400.0,1145900.0,18690600.0
sh600305,恒顺醋业,10.87,-0.28%,0.28%,11900700.0,18990300.0,7089600.0,30891100.0
sh600197,伊力特,24.96,-0.28%,1.32%,70509300.0,84134000.0,13624600.0,155000000.0
sz300746,汉嘉设计,10.58,-0.28%,0.78%,8394900.0,9243300.0,848400.0,18086700.0
sz002301,齐心集团,7.1,-0.28%,0.40%,8783900.0,11095400.0,2311500.0,20353200.0
sz001696,宗申动力,7.07,-0.28%,0.80%,22409200.0,26760800.0,4351700.0,49461800.0
sz300822,贝仕达克,13.86,-0.29%,1.92%,24890100.000000004,32665700.0,7775700.000000001,59476700.0
sz003035,南网能源,6.92,-0.29%,0.64%,32928000.0,38331400.0,5403400.0,72542700.0
sh603139,康惠制药,17.1,-0.29%,0.71%,6044000.0,6020400.0,23600.0,12064500.0
sh688559,海目星,47.73,-0.29%,1.32%,34831100.0,47612299.99999999,12781199.999999998,82443400.0
sh601686,友发集团,6.8,-0.29%,0.37%,7423500.0,6888600.0,534900.0,14312200.0
sh605378,野马电池,23.92,-0.29%,3.08%,12250500.0,12388300.0,137800.0,24638700.0
sh603883,老百姓,27.64,-0.29%,0.63%,50916600.0,50526200.0,390500.0,101000000.0
sh603260,合盛硅业,71.6,-0.29%,0.13%,40076100.0,62753500.0,22677399.999999996,103000000.0
sh601128,常熟银行,6.78,-0.29%,0.38%,27102500.0,39838000.0,12735400.0,66940500.0
sh600999,招商证券,13.93,-0.29%,0.09%,44999300.0,48010900.0,3011600.0000000005,93010200.0
sh600478,科力远,6.93,-0.29%,0.55%,28268000.0,34771200.0,6503200.000000001,63039300.0
sh600110,诺德股份,6.89,-0.29%,0.65%,26720900.0,36166900.0,9446000.0,62887700.00000001
sz300017,网宿科技,6.82,-0.29%,1.80%,117000000.0,161000000.0,44887500.0,280000000.0
sz000573,粤宏远A,3.42,-0.29%,0.91%,8089700.0,11224200.0,3134500.0,19710700.0
sz001367,海森药业,46.7,-0.30%,3.14%,12101300.000000002,12068599.999999998,32700.0,24314800.0
sz002867,周大生,16.65,-0.30%,0.20%,16110600.0,20555100.000000004,4444500.0,36998200.0
sh688663,新风光,33.75,-0.30%,1.60%,23520300.000000004,23223000.0,297300.0,46743300.0
sz301331,恩威医药,40.19,-0.30%,11.20%,38556500.0,39993500.0,1437000.0,78549900.0
sh603916,苏博特,13.13,-0.30%,0.65%,14548500.0,20947500.0,6399100.0,35496000.0
sh603863,松炀资源,19.93,-0.30%,1.29%,27613200.0,24871700.0,2741600.0000000005,52484900.0
sh605100,华丰股份,16.83,-0.30%,6.18%,44650700.0,33502600.000000004,11148100.0,78153300.0
sh601878,浙商证券,10.01,-0.30%,0.20%,32013200.0,46098300.0,14085000.0,78111500.0
sh601606,长城军工,13.36,-0.30%,0.77%,31927500.0,42000900.0,10073400.0,73928400.0
sh600885,宏发股份,33.5,-0.30%,0.47%,90669900.0,73033000.0,17636900.0,164000000.0
sh600433,冠豪高新,3.31,-0.30%,0.41%,7426400.0,11805000.0,4378600.0,19231300.0
sh600039,四川路桥,9.92,-0.30%,0.09%,32483500.0,29063700.0,3419800.0,61547299.99999999
sz300525,博思软件,16.35,-0.30%,0.69%,38522500.0,28993000.0,9529500.0,67525200.0
sz300019,硅宝科技,16.83,-0.30%,0.39%,9599900.0,12045100.0,2445200.0,21884100.0
sz002404,嘉欣丝绸,6.73,-0.30%,0.65%,8803800.0,11269800.0,2465900.0,20096500.0
sh688628,优利德,45.04,-0.31%,1.74%,14967500.0,20244600.0,5277100.0,35212100.0
sz301239,普瑞眼科,105.6,-0.31%,1.32%,46335000.0,51701200.0,5366200.0,98036400.0
sz301201,诚达药业,25.48,-0.31%,0.61%,6050900.0,7011200.0,960300.0,13062000.0
sz301108,洁雅股份,35.85,-0.31%,0.62%,3457000.0,4347900.0,890900.0,7804900.0
sh600234,科新发展,6.35,-0.31%,0.81%,5516799.999999999,4795600.0,721100.0,10312400.0
sh605166,聚合顺,9.53,-0.31%,0.89%,8028400.0,7755700.000000001,272600.0,15784100.0
sz300847,中船汉光,19.49,-0.31%,2.63%,64668100.00000001,85230800.0,20562700.0,152000000.0
sh603976,正川股份,19.12,-0.31%,0.22%,2426600.0,4023100.0,1596500.0,6449600.0
sh603897,长城科技,19.3,-0.31%,0.78%,12173699.999999998,18788900.0,6615200.0,30962600.000000004
sh603605,珀莱雅,112.65,-0.31%,0.32%,65082600.0,74768600.0,9686000.0,140000000.0
sz300465,高伟达,9.73,-0.31%,2.11%,40293200.0,50596500.0,10303400.0,91761800.0
sz300436,广生堂,25.74,-0.31%,0.63%,9221300.0,11125100.0,1903800.0,21376900.0
sz300398,飞凯材料,18.99,-0.31%,4.08%,206999999.99999997,198000000.0,9555300.0,411000000.00000006
sz300267,尔康制药,3.17,-0.31%,0.58%,9653600.0,16228300.0,6574700.0,26148400.0
sz300144,宋城演艺,12.74,-0.31%,0.68%,83564700.0,112000000.00000001,28172399.999999996,198000000.0
sz002858,力盛体育,22.23,-0.31%,4.71%,61556500.0,81728600.0,20172100.0,146000000.0
sz002208,合肥城建,6.43,-0.31%,0.40%,6193800.0,9108200.0,2914500.0,16049800.0
sz002035,华帝股份,6.5,-0.31%,0.59%,11308200.0,18647200.0,7339000.0,30294600.0
sz000949,新乡化纤,3.26,-0.31%,0.43%,9940500.0,9250800.0,689700.0,19556400.0
sz000529,广弘控股,6.4,-0.31%,0.45%,6774800.0,9402700.0,2627900.0,16210700.0
sz301190,善水科技,18.58,-0.32%,1.55%,8760800.0,11711199.999999998,2950400.0,20472000.0
sz301279,金道科技,27.95,-0.32%,5.06%,19618000.0,21036600.0,1418600.0000000002,40654500.0
sz300966,共同药业,22.15,-0.32%,1.05%,7447800.0,6188700.0,1259000.0,13636500.0
sh688468,科美诊断,9.33,-0.32%,0.66%,7536500.0,9407400.0,1870800.0000000002,16943900.0
sh603630,拉芳家化,15.77,-0.32%,1.11%,21958800.0,17390500.0,4568200.0,39349300.0
sh601377,兴业证券,6.3,-0.32%,0.29%,77742700.0,80234800.0,2492100.0,158000000.0
sh600997,开滦股份,6.17,-0.32%,0.39%,18439800.0,19168300.0,728500.0,37608000.0
sh600980,北矿科技,15.8,-0.32%,1.66%,21999899.999999996,18872700.0,3127200.0000000005,40872700.0
sh600589,*ST榕泰,3.1,-0.32%,1.88%,19424900.0,21746700.0,2321800.0,41171600.0
sh600533,栖霞建设,3.11,-0.32%,0.68%,10312600.0,11804300.0,1491699.9999999998,22116900.0
sz000501,武商集团,9.31,-0.32%,0.62%,18873400.0,24955100.000000004,6081700.0,44093100.00000001
sz300183,东软载波,15.71,-0.32%,0.61%,14305400.0,17272200.0,2966900.0,32020600.0
sz300117,嘉寓股份,3.08,-0.32%,0.96%,9575800.0,11321000.0,1745200.0,21182500.0
sz300103,达刚控股,6.29,-0.32%,0.72%,4531200.0,6574100.0,2042900.0,11119700.0
sz002463,沪电股份,25.13,-0.32%,4.43%,1112000000.0,1011999999.9999999,100000000.0,2130000000.0
sz002246,北化股份,9.39,-0.32%,0.59%,11352100.0,18530500.0,7178400.0,30586600.0
sz002184,海得控制,15.71,-0.32%,2.97%,50770500.0,60324500.0,9554000.0,112000000.00000001
sz002138,顺络电子,25.17,-0.32%,0.68%,63984300.0,58629700.0,5354600.0,124000000.0
sz301193,家联科技,18.14,-0.33%,0.90%,7479800.0,7573800.0,93900.0,15053599.999999998
sz003019,宸展光电,20.98,-0.33%,1.35%,15055400.0,16639600.0,1584199.9999999998,31724800.0
sh603960,克来机电,18.2,-0.33%,1.61%,39433200.0,36836000.0,2597200.0000000005,76269200.0
sh603639,海利尔,18.13,-0.33%,0.52%,14959000.0,16836300.0,1877300.0,31795200.0
sh603128,华贸物流,9.01,-0.33%,0.22%,9420300.0,15993200.0,6572900.0,25413500.0
sh600801,华新水泥,12.19,-0.33%,0.30%,21626600.0,27401900.0,5775300.0,49028400.0
sh600735,新华锦,5.97,-0.33%,0.54%,6108900.0,7409100.0,1300200.0,13518100.0
sh600300,维维股份,3.05,-0.33%,0.46%,7050800.0,15712500.0,8661700.0,22763300.0
sh600295,鄂尔多斯,9.17,-0.33%,0.21%,12510600.0,14487800.0,1977100.0,26998400.0
sz300481,濮阳惠成,20.93,-0.33%,1.58%,38550900.0,57520900.0,18970000.0,97042400.0
sz300324,旋极信息,3.02,-0.33%,1.10%,21705900.0,34308400.0,12602600.0,56828600.0
sz300314,戴维医疗,18.1,-0.33%,1.39%,22009800.0,24853400.0,2843600.0,47478800.0
sz300803,指南针,47.94,-0.33%,0.52%,41084000.0,59342000.0,18258100.0,101000000.0
sz300266,兴源环境,2.99,-0.33%,0.81%,19438800.0,17530100.0,1908800.0,37933000.0
sz300256,ST星星,3.06,-0.33%,0.51%,5286300.0,17303900.0,12017600.0,23384899.999999996
sz003816,中国广核,3.05,-0.33%,0.12%,68731900.0,79863200.0,11131300.000000002,149000000.0
sz002506,协鑫集成,2.98,-0.33%,0.45%,32988900.0,45697400.0,12708500.0,78848200.0
sz002419,天虹股份,6.1,-0.33%,0.56%,20571400.0,19471400.0,1100000.0,40579600.0
sh688739,成大生物,32.58,-0.34%,0.38%,6988200.000000001,15103699.999999998,8115500.0,22091800.0
sh688252,天德钰,20.78,-0.34%,4.24%,15058000.0,16780500.0,1722500.0,31838400.0
sz002678,珠江钢琴,5.78,-0.34%,0.12%,5215300.0,4399800.0,815600.0,9637100.0
sh688193,仁度生物,43.92,-0.34%,0.27%,1755400.0,1723500.0,31900.0,3478800.0
sh688069,德林海,20.7,-0.34%,0.30%,2478800.0,1888100.0,590700.0,4366800.0
sz300917,特发服务,23.42,-0.34%,2.19%,23855700.0,20512000.0,3343700.0,44367700.00000001
sh601689,拓普集团,73.99,-0.34%,0.82%,323000000.0,343000000.0,20468500.0,666000000.0
sh603836,海程邦达,14.85,-0.34%,0.60%,3463300.0,4097500.0,634200.0,7560800.0
sh601101,昊华能源,5.94,-0.34%,0.49%,20594800.0,20848800.0,254000.0,41443700.0
sh600675,中华企业,2.92,-0.34%,0.07%,5240800.0,7690800.0,2449900.0,12931600.0
sh600195,中牧股份,11.79,-0.34%,0.43%,19383700.0,32715400.0,13331700.0,52099200.0
sh600006,东风汽车,5.92,-0.34%,0.82%,41276600.0,55777900.0,14501300.000000002,97054599.99999999
sz300652,雷迪克,23.18,-0.34%,2.16%,23429600.0,22308600.0,1121000.0,45740400.0
sz300542,新晨科技,11.77,-0.34%,1.08%,14925200.0,16049600.0,1124500.0,30981800.0
sh688211,中科微至,43.34,-0.34%,0.44%,5135900.0,7046900.000000001,1911000.0,12182800.0
sz300351,永贵电器,14.84,-0.34%,3.06%,46382299.99999999,69195000.0,22812600.000000004,117000000.0
sz002080,中材科技,20.31,-0.34%,0.17%,22753800.0,35642300.0,12888500.0,58767900.0
sh688197,首药控股,49.9,-0.34%,0.72%,6787000.0,11230100.0,4443100.0,18017100.0
sh603185,弘元绿能,51.18,-0.35%,0.68%,64196800.0,77868100.0,13671199.999999998,142000000.0
sh600391,航发科技,22.92,-0.35%,1.23%,42318600.0,50422900.0,8104299.999999999,92741500.0
sh600199,金种子酒,25.28,-0.35%,1.26%,104000000.0,103000000.0,429400.0,206999999.99999997
sh600104,上汽集团,14.36,-0.35%,0.09%,76222900.0,71435500.0,4787400.0,148000000.0
sz002276,万马股份,11.33,-0.35%,1.19%,65336200.0,72566600.0,7230400.0,140000000.0
sz002249,大洋电机,5.62,-0.35%,0.76%,34268600.0,39979300.0,5710599.999999999,75500200.0
sz002244,滨江集团,8.45,-0.35%,0.25%,20501200.0,33673500.0,13172300.0,56421899.99999999
sz000819,岳阳兴长,20.01,-0.35%,0.44%,14327900.0,11872700.0,2455200.0,26328600.0
sh688075,安旭生物,41.38,-0.36%,0.88%,2860000.0,5099400.0,2239300.0,7959400.000000001
sz000927,中国铁物,2.77,-0.36%,0.18%,7626300.0,14075100.0,6448800.0,21979200.0
sz300960,通业科技,21.84,-0.36%,6.45%,18733700.0,17260100.0,1473600.0000000002,35993800.0
sz003013,地铁设计,19.22,-0.36%,1.09%,6094700.0,6458300.0,363700.0,12635700.0
sh603113,金能科技,8.26,-0.36%,0.39%,16208200.0,11314400.0,4893800.0,27522600.000000004
sh601990,南京证券,8.24,-0.36%,0.20%,20743200.0,39091200.0,18348000.0,59834300.0
sh601198,东兴证券,8.2,-0.36%,0.23%,32320900.0,28305500.0,4015400.0,60626400.0
sz000541,佛山照明,5.59,-0.36%,0.49%,11665100.0,16768200.0,5103100.0,28512500.0
sh600606,绿地控股,2.77,-0.36%,0.18%,31453600.0,38087700.0,6634100.0,69541300.0
sh600246,万通发展,5.49,-0.36%,0.41%,20096700.0,25750500.0,5653900.0,45847299.99999999
sh600015,华夏银行,5.5,-0.36%,0.09%,31950800.0,28416800.0,3534000.0,60367600.0
sz300135,宝利国际,2.79,-0.36%,1.18%,9471700.0,13795400.0,4323600.0,23364000.0
sz002958,青农商行,2.73,-0.36%,0.19%,10465100.0,14075500.0,3610500.0,25025900.0
sz002596,海南瑞泽,2.77,-0.36%,0.94%,14899000.0,11381800.0,3517200.0000000005,27351200.0
sz002424,贵州百灵,8.36,-0.36%,2.52%,104000000.0,146000000.0,42204700.0,250999999.99999997
sz002025,航天电器,60.52,-0.36%,0.42%,44167600.0,70184200.0,26016600.0,115999999.99999999
sz002086,*ST东洋,2.66,-0.37%,0.79%,6321200.0,6654000.0,332800.0,12994900.0
sz301310,鑫宏业,67.86,-0.37%,5.67%,39248300.0,46144799.99999999,6896500.0,85393000.0
sz001336,楚环科技,29.58,-0.37%,6.05%,13830900.0,21808800.0,7977800.0,36107200.0
sz002975,博杰股份,40.65,-0.37%,0.99%,12592400.0,15047900.0,2455500.0,28250300.000000004
sz300185,通裕重工,2.66,-0.37%,0.64%,26490000.0,35366100.0,8876100.0,62781000.0
sh600358,国旅联合,5.36,-0.37%,0.62%,8438800.0,8267000.0,171800.0,16705800.0
sh688513,苑东生物,48.66,-0.37%,0.29%,3165000.0,5427700.0,2262700.0,8592700.0
sh605003,众望布艺,19.05,-0.37%,1.16%,3295200.0,2785700.0,509500.0,6081000.0
sh688606,奥泰生物,51.04,-0.37%,0.55%,3106200.0,6719900.0,3613800.0,9826100.0
sh605189,富春染织,16.1,-0.37%,2.50%,10284300.0,9587900.0,696400.0,19872300.0
sh600370,三房巷,2.71,-0.37%,0.45%,7877200.0,6162000.0,1715200.0,14039100.0
sh600815,厦工股份,2.66,-0.37%,0.29%,5475300.0,8156700.0,2681400.0,13632100.0
sh603613,国联股份,35.06,-0.37%,1.41%,143000000.0,218000000.00000003,75171400.0,361000000.0
sh600170,上海建工,2.72,-0.37%,0.27%,25774800.0,39947100.0,14172400.0,65721899.99999999
sh603818,曲美家居,5.38,-0.37%,0.88%,15100500.0,11817700.0,3282900.0,26918200.0
sz002799,环球印务,10.85,-0.37%,1.04%,14182600.0,21222100.0,7039500.0,35925700.0
sz002599,盛通股份,8.11,-0.37%,4.93%,73479300.0,83889400.0,10410100.0,158000000.0
sz002423,中粮资本,8.13,-0.37%,0.69%,55386400.0,74056500.0,18670200.0,130000000.0
sz000875,吉电股份,5.38,-0.37%,0.67%,39519400.0,48493500.0,8974100.0,88428799.99999999
sh688272,*ST富吉,18.18,-0.38%,0.35%,239300.0,1273600.0,1034300.0000000001,1512800.0
sz301017,漱玉平民,18.5,-0.38%,0.75%,7090700.000000001,7953500.0,862800.0,15044200.0
sz300026,红日药业,5.24,-0.38%,0.52%,24784300.0,47733700.0,22949400.0,73099500.0
sh601916,浙商银行,2.59,-0.38%,0.37%,64764900.0,95274100.0,30509200.0,160000000.0
sh603956,威派格,7.88,-0.38%,0.81%,16803300.0,15606600.0,1196700.0,32409899.999999996
sh601611,中国核建,7.86,-0.38%,0.41%,36605100.0,48762200.0,12157100.0,85367300.0
sh600511,国药股份,33.72,-0.38%,1.20%,105000000.0,115999999.99999999,10514400.0,221000000.0
sh600095,湘财股份,7.83,-0.38%,0.51%,51948400.0,60960000.0,9011600.0,112999999.99999999
sh600057,厦门象屿,7.8,-0.38%,0.30%,21657199.999999996,27994400.0,6337200.0,49651600.0
sz300383,光环新网,10.56,-0.38%,1.05%,93748400.0,103000000.0,9537600.0,199000000.0
sz300119,瑞普生物,18.41,-0.38%,0.50%,14062500.0,16563000.0,2500500.0,30973000.0
sz002921,联诚精密,15.73,-0.38%,3.55%,30796100.0,30016300.0,779700.0,61136300.0
sz002793,罗欣药业,5.26,-0.38%,0.45%,12686099.999999998,12297400.0,388700.0,25383700.0
sz000567,海德股份,13.16,-0.38%,0.22%,16174300.0,22134600.0,5960300.0,38518300.0
sz001332,锡装股份,38.49,-0.39%,1.61%,7889500.0,8755800.0,866300.0,16740000.0
sz002095,生意宝,20.61,-0.39%,1.20%,27083000.0,34840300.0,7757400.0,62315000.0
sz300877,金春股份,17.84,-0.39%,2.00%,9919700.0,10298699.999999998,379000.0,20218500.0
sh605006,山东玻纤,7.64,-0.39%,0.67%,8496900.0,6006400.0,2490500.0,14503300.0
sh603688,石英股份,105.66,-0.39%,1.11%,161000000.0,262000000.0,101000000.0,423000000.00000006
sh601390,中国中铁,7.72,-0.39%,0.21%,152000000.0,184000000.0,31898200.0,337000000.0
sz300241,瑞丰光电,5.12,-0.39%,0.90%,12047700.0,13776900.0,1729300.0,26220900.0
sz300046,台基股份,18.11,-0.39%,1.94%,38773700.0,43300700.0,4526900.0,83250500.0
sz002930,宏川智慧,23.17,-0.39%,0.28%,14036700.0,13866500.0,170200.0,28206200.0
sz002442,龙星化工,5.07,-0.39%,0.46%,6488300.0,4601200.0,1887200.0,11123400.0
sz002091,江苏国泰,7.65,-0.39%,0.25%,13035900.0,17004200.0,3968300.0,30119600.0
sz000908,景峰医药,2.55,-0.39%,0.99%,10725600.0,8650700.0,2074900.0,19497300.0
sz000692,*ST惠天,2.58,-0.39%,0.39%,1765800.0000000002,3603200.0,1837400.0,5379299.999999999
sz300010,*ST豆神,2.48,-0.40%,1.48%,11351199.999999998,17970200.0,6619100.0,29705500.0
sh600367,红星发展,15.12,-0.40%,2.54%,52652299.99999999,58822299.99999999,6170000.0,111000000.00000001
sz300821,东岳硅材,9.9,-0.40%,0.37%,15535100.0,28001000.0,12466000.0,44219200.0
sh603987,康德莱,12.53,-0.40%,0.48%,11834400.0,14564000.0,2729600.0,26398500.0
sh603790,雅运股份,14.78,-0.40%,0.77%,9982300.0,11707700.0,1725400.0,21690000.0
sh603105,芯能科技,17.33,-0.40%,1.87%,68857100.0,94020800.0,25163700.0,163000000.0
sh601866,中远海发,2.49,-0.40%,0.22%,23022300.0,21690400.0,1331900.0,44712800.0
sh601860,紫金银行,2.52,-0.40%,0.45%,12003200.0,27875500.0,15872300.0,39878700.0
sh601555,东吴证券,7.49,-0.40%,0.69%,136000000.0,123000000.0,12785000.0,259000000.0
sh601236,红塔证券,7.53,-0.40%,0.20%,30450600.0,40078300.0,9627700.0,70528900.0
sz300254,仟源医药,7.38,-0.40%,1.44%,10850900.0,12463400.0,1612500.0,23792399.999999996
sz300219,鸿利智汇,7.43,-0.40%,0.80%,18220500.0,23152100.0,4931600.0,41886800.0
sz300108,*ST吉药,2.51,-0.40%,3.60%,25246900.0,32870800.0,7623900.0,58651899.99999999
sz000612,焦作万方,5.0,-0.40%,0.45%,11853000.0,14976500.0,3123500.0,26883900.0
sz000539,粤电力A,7.46,-0.40%,0.93%,83876000.0,93377099.99999999,9501100.0,178000000.0
sz301313,凡拓数创,40.9,-0.41%,8.79%,44867200.0,47891300.0,3024100.0000000005,92758400.0
sh688297,中无人机,48.88,-0.41%,2.07%,53248600.0,76479000.0,23230400.0,130000000.0
sh600289,ST信通,2.4,-0.41%,0.33%,1732000.0,2675600.0,943600.0,4407500.0
sh688062,迈威生物,21.66,-0.41%,0.40%,6965599.999999999,10635400.0,3669900.0,17601000.0
sh688318,财富趋势,94.0,-0.41%,1.49%,44614500.0,43900800.0,713700.0,88515500.0
sz300871,回盛生物,17.16,-0.41%,1.38%,8730200.0,11004100.0,2273800.0,19734300.0
sh601919,中远海控,9.67,-0.41%,0.33%,222000000.00000003,183000000.0,39400900.0,405000000.0
sh600779,水井坊,62.64,-0.41%,0.46%,61448100.00000001,78890900.0,17442800.0,140000000.0
sh600755,厦门国贸,7.33,-0.41%,0.56%,32100600.0,50470600.00000001,18370000.0,82571200.00000001
sh600722,金牛化工,4.9,-0.41%,0.41%,7234100.0,6321500.0,912600.0,13555700.0
sh600704,物产中大,4.82,-0.41%,0.31%,25364200.0,50101600.0,24737399.999999996,75465800.0
sh600480,凌云股份,9.72,-0.41%,5.68%,234000000.0,238000000.0,3353500.0,472000000.0
sh600252,中恒集团,2.43,-0.41%,0.31%,9511100.0,15916500.0,6405400.0,25427600.000000004
sz300703,创源股份,9.62,-0.41%,0.77%,4900200.0,7181700.0,2281500.0,12261700.0
sz300667,必创科技,19.39,-0.41%,2.04%,31074899.999999996,32978500.0,1903600.0000000002,64664100.0
sz300253,卫宁健康,7.26,-0.41%,1.72%,94615800.0,134000000.00000001,39268000.0,231000000.0
sz002888,惠威科技,14.67,-0.41%,2.38%,11195600.0,14256099.999999998,3060500.0,26095000.0
sz002632,道明光学,7.25,-0.41%,0.59%,9652300.0,14781199.999999998,5128900.0,25102399.999999996
sz002311,海大集团,48.42,-0.41%,0.09%,31819600.0,36315400.0,4495800.0,68207500.0
sz301306,西测测试,40.59,-0.42%,4.84%,16149100.0,25813200.0,9664000.0,41962299.99999999
sz000995,*ST皇台,16.62,-0.42%,0.43%,4504600.0,7977400.0,3472700.0,12541800.0
sh601868,中国能建,2.36,-0.42%,0.48%,40937500.0,119000000.0,78144400.0,160000000.0
sh688767,博拓生物,28.17,-0.42%,0.45%,2350800.0,2608200.0,257399.99999999997,4959000.0
sh603608,天创时尚,4.69,-0.42%,0.87%,7426300.0,9556600.0,2130300.0,16983000.0
sh601811,新华文轩,14.34,-0.42%,0.66%,36725700.0,38647500.0,1921800.0,75373100.0
sz300329,海伦钢琴,7.03,-0.42%,0.61%,5347300.0,5391400.0,44100.0,10928599.999999998
sz300299,富春股份,7.13,-0.42%,3.33%,63435100.0,87690300.0,24255200.0,152000000.0
sz300206,理邦仪器,14.26,-0.42%,0.77%,19246300.0,17949200.0,1297100.0,37780700.0
sz002679,福建金森,14.18,-0.42%,5.91%,96729200.0,102000000.0,5618800.0,199000000.0
sz002273,水晶光电,11.87,-0.42%,0.80%,65016600.0,63321100.0,1695500.0,129000000.0
sz000600,建投能源,7.18,-0.42%,2.97%,119000000.0,117000000.0,2379100.0,237000000.0
sz000099,中信海直,9.39,-0.42%,1.98%,58396400.0,73218100.0,14821700.0,132000000.0
sz000008,神州高铁,2.34,-0.43%,0.46%,9015900.0,19088600.0,10072700.0,28202500.0
sz300801,泰和科技,16.4,-0.43%,0.56%,6411100.0,5685300.0,725800.0,12284400.0
sz301131,聚赛龙,39.52,-0.43%,1.51%,7239700.0,6498000.0,741700.0,13737700.0
sh688345,博力威,36.64,-0.43%,1.27%,5123400.0,6562700.0,1439300.0,11686099.999999998
sz301200,大族数控,39.72,-0.43%,0.79%,6014400.000000001,7166200.0,1151900.0,13180600.0
sh603386,骏亚科技,11.67,-0.43%,0.59%,12375500.0,10153100.0,2222500.0,22528600.0
sh601678,滨化股份,4.65,-0.43%,0.31%,11702700.0,17878800.0,6176100.0,29581400.0
sh600797,浙大网新,6.87,-0.43%,1.50%,47738400.0,57467900.0,9729500.0,105000000.0
sh600507,方大特钢,4.63,-0.43%,0.46%,22531700.0,24725400.0,2193700.0,47257200.0
sh600352,浙江龙盛,9.27,-0.43%,0.16%,22509600.0,25219000.0,2709400.0,47728600.0
sz300715,凯伦股份,13.98,-0.43%,0.54%,9973900.0,10826800.0,852900.0000000001,20933400.0
sz002664,信质集团,13.98,-0.43%,0.47%,12340800.0,13608200.0,1267400.0,26141800.0
sz002635,安洁科技,14.02,-0.43%,0.89%,20550800.0,29050700.0,8499900.0,50263100.00000001
sz002613,北玻股份,4.62,-0.43%,0.86%,10338400.0,12746500.0,2408000.0,23183300.0
sz002539,云图控股,9.17,-0.43%,1.14%,43034100.0,48456600.0,5422500.0,91765800.0
sz002426,胜利精密,2.29,-0.43%,1.58%,48584100.0,65009900.0,16425800.0,113999999.99999999
sz002395,双象股份,11.48,-0.43%,1.94%,26427399.999999996,32963000.0,6535599.999999999,59578800.0
sz002377,国创高新,2.34,-0.43%,0.82%,7980000.0,9613300.0,1633400.0,17635600.0
sz002065,东华软件,6.88,-0.43%,0.95%,82039800.0,108000000.0,26220500.0,192000000.0
sz000672,上峰水泥,9.21,-0.43%,0.34%,8400700.0,20873200.0,12472500.0,29787399.999999996
sz000166,申万宏源,4.68,-0.43%,0.10%,50249799.99999999,53080300.0,2830500.0,104000000.0
sz000726,鲁泰A,6.73,-0.44%,0.44%,6757000.0,10363699.999999998,3606700.0,17217000.0
sh688334,西高院,18.15,-0.44%,7.29%,47159799.99999999,47928400.0,768500.0,95088300.0
sz301040,中环海陆,20.45,-0.44%,1.05%,7568000.0,7345400.0,222600.00000000003,14913400.0
sz002561,徐家汇,9.02,-0.44%,1.24%,21192600.000000004,23362300.0,2169700.0,45654100.0
sz002040,南京港,6.8,-0.44%,0.55%,8253099.999999999,9657100.0,1404000.0,18463800.0
sz301256,华融化学,9.04,-0.44%,2.08%,13051400.000000002,12506099.999999998,545300.0,25557500.0
sz300453,三鑫医疗,6.82,-0.44%,0.38%,4055800.0,5059500.0,1003700.0,9286100.0
sh605488,福莱新材,15.69,-0.44%,3.65%,15733400.0,9177600.0,6555800.0,24911000.0
sz002390,信邦制药,4.57,-0.44%,0.51%,20287900.0,21875600.0,1587700.0,42516000.0
sz002985,北摩高科,43.21,-0.44%,0.62%,23654500.0,31785000.0,8130400.0,56074700.0
sz300737,科顺股份,9.0,-0.44%,0.64%,22815300.000000004,28420600.0,5605300.0,51551899.99999999
sh603233,大参林,27.03,-0.44%,0.14%,21976600.0,21442900.0,533700.0,43419500.0
sz300602,飞荣达,18.16,-0.44%,5.04%,145000000.0,152000000.0,6872600.0,296000000.0
sz002750,龙津药业,9.13,-0.44%,0.47%,6337300.0,10545100.0,4207800.0,17058400.0
sz002642,荣联科技,6.78,-0.44%,2.29%,39933200.0,53580900.0,13647600.0,93615100.0
sz002187,广百股份,6.72,-0.44%,0.81%,15570900.0,11904600.0,3666300.0,27859200.0
sz002011,盾安环境,13.53,-0.44%,0.89%,55259200.0,54409799.99999999,849400.0,110000000.00000001
sz002002,鸿达兴业,2.27,-0.44%,0.66%,14271800.0,31711900.0,17440100.0,46213400.0
sz000788,北大医药,6.74,-0.44%,0.33%,4916500.0,8356500.0,3439900.0,13342400.0
sz000061,农产品,6.63,-0.45%,0.40%,21950400.0,21610700.0,339700.0,44219399.99999999
sz002700,ST浩源,4.4,-0.45%,0.09%,537700.0,710699.9999999999,173000.0,1249200.0
sz001288,运机集团,17.56,-0.45%,1.09%,4068500.0,6431000.0,2362500.0,10657500.0
sz000880,潍柴重机,11.04,-0.45%,1.25%,10113300.0,11853699.999999998,1740500.0,22295000.0
sz300950,德固特,21.9,-0.45%,6.49%,32327300.0,52836100.0,20508800.0,85163300.0
sz300887,谱尼测试,19.72,-0.45%,1.28%,10900700.0,15058900.000000002,4158200.0,25959500.0
sh601199,江南水务,6.66,-0.45%,0.62%,12963400.0,25764200.0,12800900.0,38727500.0
sh600839,四川长虹,4.43,-0.45%,2.08%,186000000.0,240000000.0,54174700.0,426000000.0
sz002481,双塔食品,4.42,-0.45%,0.47%,9471300.0,12974000.0,3502700.0,22631100.0
sz002219,新里程,4.39,-0.45%,0.28%,13156300.000000002,24630600.0,11474300.0,38765600.0
sz000655,金岭矿业,6.62,-0.45%,0.45%,9012700.0,8508800.0,503900.0,17545600.0
sh688231,隆达股份,28.05,-0.46%,0.60%,3156400.0,5698000.0,2541600.0,8854400.0
sz300141,和顺电气,10.75,-0.46%,5.58%,51626700.0,65237100.0,13610400.0,118000000.0
sz002288,超华科技,4.3,-0.46%,0.73%,9816600.0,15297100.0,5480500.0,25215000.0
sh688633,星球石墨,32.23,-0.46%,0.89%,3235100.0,2819800.0,415300.0,6054900.0
sh688526,科前生物,23.85,-0.46%,0.88%,13775500.0,12477300.0,1298200.0,26252700.0
sh601992,金隅集团,2.15,-0.46%,0.19%,15905800.0,18626600.0,2720899.9999999995,34532400.0
sh688321,微芯生物,21.78,-0.46%,0.45%,11885900.0,19118500.0,7232600.0,31004400.0
sh600126,杭钢股份,4.37,-0.46%,0.22%,17323900.0,15294900.0,2028899.9999999998,32618800.0
sz300326,凯利泰,6.45,-0.46%,0.39%,6058600.0,11346099.999999998,5287500.0,17789900.0
sz002842,翔鹭钨业,8.72,-0.46%,1.16%,9371800.0,12114600.0,2742700.0,21751600.0
sz002778,中晟高科,15.17,-0.46%,0.92%,8548200.0,8419900.0,128200.0,17443400.0
sz002594,比亚迪,263.2,-0.46%,0.63%,843000000.0,1096000000.0,254000000.0,1948999999.9999998
sz002202,金风科技,10.8,-0.46%,0.26%,38409900.0,56597100.0,18187100.0,95521000.0
sz002061,浙江交科,4.29,-0.46%,0.32%,12343200.0,23041000.0,10697800.0,35974500.0
sz002032,苏泊尔,51.47,-0.46%,0.08%,16134000.0,17321500.0,1187500.0,33815600.0
sz000428,华天酒店,4.21,-0.47%,0.66%,12069200.0,16049800.0,3980600.0,28143800.0
sz002060,粤水电,6.39,-0.47%,0.39%,11302600.0,18133800.0,6831200.0,29741200.0
sz301060,兰卫医学,17.1,-0.47%,1.95%,23720300.000000004,36119900.0,12399600.0,59840200.00000001
sz002588,史丹利,6.31,-0.47%,0.87%,20959800.0,17455000.0,3504800.0,39334800.0
sh688199,久日新材,29.6,-0.47%,0.40%,5230900.0,6150000.0,919100.0,11380900.0
sz301336,趣睡科技,46.43,-0.47%,2.22%,4316000.0,5985900.0,1669900.0,10301800.0
sh603323,苏农银行,4.27,-0.47%,0.56%,12996600.0,23596400.0,10599800.0,36593100.0
sh601808,中海油服,14.84,-0.47%,0.09%,19500600.0,20023300.0,522700.00000000006,39523900.0
sh600729,重庆百货,34.02,-0.47%,0.38%,29321100.0,22592000.0,6729100.0,51913100.00000001
sh600708,光明地产,2.12,-0.47%,0.35%,7408500.0,8906400.0,1497900.0,16314900.0
sh600350,山东高速,6.37,-0.47%,0.17%,20820600.0,31584300.0,10763699.999999998,52404900.0
sh601696,中银证券,10.59,-0.47%,0.38%,44525300.0,66798000.0,22272700.0,111000000.00000001
sz300468,四方精创,10.54,-0.47%,1.37%,31143700.0,43981600.0,12838000.0,76089300.0
sz300278,华昌达,4.23,-0.47%,1.12%,22753600.0,38123300.0,15369700.0,61315900.0
sz002773,康弘药业,18.91,-0.47%,0.43%,24639899.999999996,29812700.0,5172800.0,55810200.00000001
sz300005,探路者,8.23,-0.48%,0.79%,30997900.0,25840500.0,5157400.0,57645700.0
sz300908,仲景食品,41.42,-0.48%,1.67%,12122100.0,14423599.999999998,2301500.0,26545700.0
sh605178,时空科技,22.73,-0.48%,2.45%,21525800.0,12735900.0,8789900.0,34261700.0
sh603527,众源新材,12.43,-0.48%,0.88%,14285500.0,12259700.0,2025800.0000000002,26545200.0
sz300653,正海生物,33.04,-0.48%,0.62%,12981099.999999998,23482399.999999996,10501199.999999998,36562600.0
sz300427,*ST红相,8.28,-0.48%,1.60%,19442000.0,22695000.0,3253000.0,42719300.0
sz300208,青岛中程,8.26,-0.48%,0.49%,13357900.0,13624500.0,266600.0,27865500.0
sz002870,香山股份,33.18,-0.48%,1.49%,24272500.0,27650100.000000004,3377500.0,54053000.0
sz002103,广博股份,6.19,-0.48%,4.91%,65150300.0,62017299.99999999,3133000.0,128000000.0
sz002200,ST交投,8.2,-0.49%,0.28%,1594500.0,2574800.0,980400.0000000001,4180000.0
sz002996,顺博合金,12.25,-0.49%,1.07%,8727400.0,7280700.000000001,1446699.9999999998,16466300.000000002
sh688622,禾信仪器,32.29,-0.49%,0.72%,3327300.0,5423000.0,2095800.0000000002,8750300.0
sh600737,中粮糖业,8.11,-0.49%,0.72%,55654900.0,68580600.0,12925700.0,124000000.0
sh603681,永冠新材,14.27,-0.49%,0.91%,11653200.0,13178699.999999998,1525500.0,24831900.0
sh603215,比依股份,20.38,-0.49%,9.16%,62450900.0,69678600.0,7227800.0,132000000.0
sh600297,广汇汽车,2.05,-0.49%,1.33%,68786200.0,151000000.0,82318600.0,220000000.00000003
sh600255,鑫科材料,2.05,-0.49%,1.11%,21310000.0,19783300.0,1526699.9999999998,41093300.0
sh600158,中体产业,10.09,-0.49%,1.25%,44594200.0,45833900.0,1239700.0,90428100.0
sz300638,广和通,22.49,-0.49%,2.22%,118000000.0,128000000.0,9807700.0,246000000.0
sz300506,名家汇,6.07,-0.49%,0.75%,11518300.0,14285000.0,2766700.0,25839699.999999996
sz002863,今飞凯达,6.15,-0.49%,1.37%,18229500.0,22770400.0,4540900.0,42021899.99999999
sz002682,龙洲股份,4.09,-0.49%,0.91%,10456300.000000002,10449000.0,7369.0,20922900.0
sz002342,巨力索具,4.1,-0.49%,0.43%,5981100.0,9328300.0,3347300.0,15390700.0
sh600608,ST沪科,4.0,-0.50%,0.48%,1677700.0,4353700.0,2676000.0,6031400.0
sz301175,中科环保,5.93,-0.50%,3.04%,56717600.0,54705700.0,2011900.0,111000000.00000001
sh600925,苏能股份,5.92,-0.50%,1.38%,16556400.000000002,39587700.0,23031400.0,56144200.0
sz300862,蓝盾光电,29.75,-0.50%,0.63%,5996700.0,9989400.0,3992700.0,15986099.999999998
sh603966,法兰泰克,10.02,-0.50%,0.92%,11146400.000000002,16314300.0,5167900.0,27460700.0
sh603617,君禾股份,10.04,-0.50%,0.54%,10803800.000000002,10378100.0,425800.0,21181900.0
sh603583,捷昌驱动,20.05,-0.50%,1.26%,45968100.00000001,49597400.0,3629300.0,95565600.0
sh603029,天鹅股份,21.88,-0.50%,4.14%,55343200.0,53910500.0,1432800.0,109000000.00000001
sh601319,中国人保,6.03,-0.50%,0.08%,74411900.0,96761600.0,22349699.999999996,171000000.0
sh600990,四创电子,24.08,-0.50%,1.04%,21838500.0,29910900.0,8072400.0,51749500.0
sh600831,广电网络,5.94,-0.50%,1.06%,21639200.0,23153100.0,1513899.9999999998,44792299.99999999
sh600569,安阳钢铁,1.99,-0.50%,0.27%,6826900.000000001,8599600.0,1772700.0,15426400.000000002
sz000778,新兴铸管,3.99,-0.50%,0.47%,26001600.0,41621400.0,15619700.0,73818400.0
sz000528,柳工,8.0,-0.50%,0.87%,48383600.0,49533100.00000001,1149600.0,98047000.0
sz000510,新金路,5.89,-0.51%,1.52%,26598900.0,23400200.0,3198800.0,50069200.0
sz301111,粤万年青,19.45,-0.51%,0.93%,6748200.000000001,5859600.0,888500.0,12607800.0
sh603255,鼎际得,48.95,-0.51%,2.85%,21608800.0,24857800.000000004,3249000.0,46466600.0
sh688068,热景生物,40.72,-0.51%,0.44%,5863500.0,10698100.0,4834600.0,16561600.0
sh603377,东方时尚,7.74,-0.51%,0.40%,10246900.0,12081700.0,1834800.0,22328600.0
sh600528,中铁工业,9.71,-0.51%,0.48%,60014500.0,43393200.0,16621300.000000002,103000000.0
sh600527,江南高纤,1.96,-0.51%,0.20%,3423700.0,3533000.0,109300.0,6956700.0
sh600520,文一科技,15.5,-0.51%,5.27%,51745600.00000001,77024300.0,25278700.0,129000000.0
sz300320,海达股份,7.85,-0.51%,0.65%,11309300.0,13635300.0,2326000.0,25253600.0
sz002861,瀛通通讯,11.72,-0.51%,1.57%,9504000.0,10438400.0,934400.0,20214500.0
sz002841,视源股份,62.89,-0.51%,0.20%,23202700.0,35177700.0,11975000.0,59065400.0
sz002643,万润股份,17.61,-0.51%,0.45%,31265600.0,39919100.0,8653600.0,71380300.0
sz002355,兴民智通,5.88,-0.51%,18.08%,308000000.0,339000000.0,31430200.0,648000000.0
sz002152,广电运通,11.61,-0.51%,0.44%,55479500.0,71579100.0,16099500.0,128000000.0
sz000554,泰山石油,5.91,-0.51%,1.59%,14120900.0,19636100.0,5515200.0,33883000.0
sz000514,渝开发,3.84,-0.52%,0.41%,5499900.0,7624299.999999999,2124400.0,13260000.0
sz001318,阳光乳业,13.52,-0.52%,1.34%,5668800.0,6962900.0,1294100.0,12807500.0
sh688428,诺诚健华,11.55,-0.52%,0.83%,10434200.0,12849000.0,2414700.0,23283200.0
sh605365,立达信,15.25,-0.52%,2.71%,12763200.0,10751199.999999998,2012100.0,23514400.0
sz002727,一心堂,24.8,-0.52%,0.54%,25376500.0,27340400.0,1964000.0,53753300.0
sz301004,嘉益股份,36.15,-0.52%,3.15%,11468000.0,16831400.0,5363400.0,28299500.0
sh600989,宝丰能源,13.42,-0.52%,0.14%,76261300.0,64810400.0,11451000.0,141000000.0
sh600734,ST实达,3.82,-0.52%,0.16%,4035000.0,8856200.0,4821100.0,12891199.999999998
sh600222,太龙药业,5.69,-0.52%,0.86%,13174200.0,14845200.0,1671000.0,28019500.0
sh600019,宝钢股份,5.74,-0.52%,0.10%,51506200.0,73493400.0,21987100.0,125000000.0
sz002797,第一创业,5.73,-0.52%,0.28%,23038500.0,41606000.0,18567600.0,64878500.0
sz002478,常宝股份,7.63,-0.52%,2.48%,55345900.0,74234800.0,18888900.0,130000000.0
sz002360,同德化工,7.64,-0.52%,0.74%,6992400.0,11163400.0,4171000.0,18219300.0
sz002255,海陆重工,5.74,-0.52%,0.96%,12593300.0,23070400.0,10477100.0,35835500.0
sz002180,纳思达,34.13,-0.52%,0.55%,118000000.0,122000000.0,4047300.0,243000000.00000003
sh603162,海通发展,16.93,-0.53%,0.87%,2846100.0,6170200.0,3324100.0000000005,9016300.0
sh688021,奥福环保,26.37,-0.53%,0.50%,4819700.0,5316000.0,496300.0,10135800.0
sz301117,佳缘科技,68.1,-0.53%,3.21%,57579799.99999999,62599200.0,5019400.0,120000000.0
sz301222,浙江恒威,29.99,-0.53%,3.50%,15958599.999999998,14613000.0,1345600.0,30571700.0
sz300831,派瑞股份,13.16,-0.53%,1.15%,10791800.0,16929600.0,6137800.0,27950500.0
sz002971,和远气体,26.45,-0.53%,1.07%,11844700.0,23022900.0,11178100.0,35119100.0
sh600316,洪都航空,22.65,-0.53%,0.33%,24765700.0,29621700.0,4856000.0,54387400.0
sh603685,晨丰科技,14.89,-0.53%,0.46%,5377300.0,6099600.0,722300.0,11476900.0
sh600787,中储股份,5.58,-0.53%,0.48%,30294800.0,27426700.0,2868100.0,57721500.0
sz002094,青岛金王,3.75,-0.53%,0.83%,10224800.0,10749700.0,524900.0,21561000.0
sz002968,新大正,14.87,-0.54%,0.51%,7035700.000000001,8227800.0,1192200.0,15523800.000000002
sz002578,闽发铝业,3.7,-0.54%,0.56%,7990400.0,9621300.0,1631000.0,17747100.0
sh600658,电子城,5.57,-0.54%,1.47%,41710400.0,48439900.0,6729600.0,90150400.00000001
sz300055,万邦达,7.39,-0.54%,0.46%,10551900.0,10131400.0,420600.0,20968300.0
sz002513,蓝丰生化,7.31,-0.54%,15.56%,171000000.0,196000000.0,24972700.0,367000000.0
sh688151,华强科技,20.36,-0.54%,0.48%,4497500.0,5297000.0,799400.0,9794500.0
sh601599,浙文影业,3.66,-0.54%,2.45%,32802600.000000004,47373400.0,14570700.0,80176100.0
sh601077,渝农商行,3.67,-0.54%,0.33%,34336600.0,73214200.0,38877600.0,108000000.0
sh603697,有友食品,9.17,-0.54%,0.76%,12821099.999999998,16625000.0,3803900.0,29446100.0
sh603096,新经典,20.39,-0.54%,1.18%,16199200.0,22861100.0,6661799.999999999,39060300.0
sh600795,国电电力,3.71,-0.54%,0.29%,79152100.0,114999999.99999999,36009700.0,194000000.0
sz300335,迪森股份,5.5,-0.54%,3.13%,30211400.0,37441600.0,7230200.0,68180000.0
sz002807,江阴银行,3.7,-0.54%,0.37%,10584900.0,18795200.0,8210300.0,29601600.0
sz002647,仁东控股,5.53,-0.54%,1.21%,17343000.0,19932400.0,2589500.0,37420200.0
sz002505,鹏都农牧,1.85,-0.54%,0.57%,31730800.0,33365300.000000004,1634500.0,67500500.0
sz002206,海利得,5.42,-0.55%,0.40%,9489900.0,10186400.0,696500.0,19740300.0
sh603758,秦安股份,10.83,-0.55%,0.99%,20165700.0,27128100.0,6962400.0,47293800.0
sh603324,盛剑环境,36.23,-0.55%,0.81%,5670700.000000001,7251000.0,1580400.0,12921700.0
sh600585,海螺水泥,23.45,-0.55%,0.16%,63050200.00000001,89177300.0,26127100.0,152000000.0
sh600322,天房发展,1.82,-0.55%,1.39%,12238000.0,15522900.0,3284900.0,27760900.0
sh600026,中远海能,14.59,-0.55%,0.76%,191000000.0,193000000.0,2385700.0,385000000.0
sz300641,正丹股份,5.44,-0.55%,0.47%,5479500.0,7013800.0,1534400.0,12608000.0
sz300379,东方通,19.75,-0.55%,1.53%,55381800.0,75152400.0,19770700.0,131000000.0
sz300319,麦捷科技,8.97,-0.55%,1.78%,56399500.0,76275100.0,19875600.0,134000000.00000001
sz300230,永利股份,3.63,-0.55%,0.44%,5049100.0,4902600.0,146500.0,10141300.0
sz002792,通宇通讯,16.15,-0.55%,3.46%,55387299.99999999,79136900.0,23749600.0,135000000.0
sz002545,东方铁塔,7.27,-0.55%,0.35%,11880700.0,17155400.0,5274600.0,29146700.0
sz301229,纽泰格,34.34,-0.55%,9.02%,47110000.0,58240300.0,11130300.0,105000000.0
sz002140,东华科技,9.08,-0.55%,0.27%,5086100.0,7733000.0,2646900.0,13135000.0
sz000859,国风新材,5.4,-0.55%,0.96%,27592800.000000004,17798000.0,9794800.0,45920500.0
sz301317,鑫磊股份,26.55,-0.56%,2.49%,12390800.0,12239200.0,151600.0,24629899.999999996
sh603188,亚邦股份,3.53,-0.56%,0.88%,9524300.0,8005300.0,1519000.0,17529600.0
sh600238,海南椰岛,10.75,-0.56%,1.10%,21111000.0,30929699.999999996,9818700.0,52040800.0
sh688766,普冉股份,128.73,-0.56%,2.12%,50244399.99999999,67282500.0,17038100.0,118000000.0
sh603719,良品铺子,24.75,-0.56%,0.48%,22814699.999999996,25222800.000000004,2408100.0,48037500.0
sh603301,振德医疗,28.37,-0.56%,0.72%,17370500.0,28883200.0,11512700.0,46253700.0
sh603766,隆鑫通用,5.32,-0.56%,0.37%,18363300.0,21894899.999999996,3531500.0,40258100.0
sh600800,渤海化学,3.53,-0.56%,0.56%,7554800.0,7990700.000000001,435900.00000000006,15545500.0
sh600380,健康元,12.32,-0.56%,0.35%,38879200.0,43126100.0,4246800.0,82005300.0
sz002871,伟隆股份,12.4,-0.56%,1.54%,10322800.0,11450100.0,1127400.0,22580800.0
sz002082,万邦德,6.93,-0.57%,0.34%,6930300.0,7328200.000000001,397900.0,14692400.0
sz301180,万祥科技,17.57,-0.57%,3.77%,18197900.0,20028700.0,1830700.0,38226600.0
sh688218,江苏北人,19.11,-0.57%,2.34%,23293000.0,29388000.0,6095000.0,52681000.0
sh603698,航天工程,15.68,-0.57%,0.44%,19378800.0,17794500.0,1584400.0,37173200.0
sh603626,科森科技,6.92,-0.57%,0.69%,13730700.0,12795500.0,935200.0,26526200.0
sh601519,大智慧,7.02,-0.57%,1.00%,56090500.0,84369400.0,28278900.0,140000000.0
sh601336,新华保险,40.08,-0.57%,0.37%,156000000.0,150000000.0,6261799.999999999,306000000.0
sh601166,兴业银行,15.59,-0.57%,0.11%,147000000.0,221000000.0,74367700.0,368000000.0
sh600597,光明乳业,10.45,-0.57%,0.41%,22756300.0,36048400.0,13292200.0,58804700.0
sz002183,怡亚通,5.22,-0.57%,0.38%,16584800.0,33753800.0,17169000.0,50911500.0
sz002121,科陆电子,6.93,-0.57%,1.16%,49704399.99999999,62372900.0,12668400.0,112000000.00000001
sz000895,双汇发展,24.36,-0.57%,0.11%,33118800.0,60322400.0,27203500.0,93959800.0
sz000790,华神科技,5.26,-0.57%,0.89%,11554900.0,17218900.0,5664000.0,28938400.0
sz002760,凤形股份,25.67,-0.58%,0.95%,8920700.0,11907000.0,2986300.0,21310500.0
sz002769,普路通,8.6,-0.58%,0.72%,10079400.0,10489900.0,410500.0,20657800.000000004
sz300083,创世纪,6.81,-0.58%,0.93%,33464899.999999996,50866600.0,17401600.0,86274700.0
sh605268,王力安防,10.32,-0.58%,8.90%,36578300.0,31448100.0,5130200.0,68026600.0
sh603890,春秋电子,8.55,-0.58%,1.08%,19814300.0,20842199.999999996,1027900.0000000001,40656500.0
sh600893,航发动力,41.26,-0.58%,0.21%,90870800.0,123000000.0,31828400.0,214000000.0
sh600742,一汽富维,8.58,-0.58%,1.24%,29138000.0,43132100.0,13994100.0,72270200.0
sh600282,南钢股份,3.44,-0.58%,0.23%,15541199.999999998,20193600.0,4652400.0,35734800.0
sz002646,天佑德酒,13.62,-0.58%,0.34%,9034300.0,12555900.0,3521500.0,21648700.0
sz002226,江南化工,5.12,-0.58%,0.25%,8326400.0,14436000.0,6109600.0,22970700.0
sz002115,三维通信,6.81,-0.58%,4.26%,87930200.0,115999999.99999999,27799800.0,204999999.99999997
sz002067,景兴纸业,3.44,-0.58%,0.51%,7413400.0,11023599.999999998,3610200.0,18640500.0
sz000628,高新发展,15.47,-0.58%,0.68%,6439700.0,13825200.0,7385500.0,20408700.0
sz000027,深圳能源,6.82,-0.58%,0.51%,82295400.00000001,84833600.0,2538200.0,167000000.0
sz001219,青岛食品,18.49,-0.59%,1.23%,10294100.0,6786700.0,3507400.0,17151100.0
sh605122,四方新材,15.18,-0.59%,0.74%,3741200.0,2797000.0,944200.0,6538300.0
sz002128,电投能源,13.56,-0.59%,0.27%,35952200.0,33351000.0,2601200.0,69859000.0
sz300006,莱美药业,3.39,-0.59%,0.65%,8388400.0,9406800.0,1018400.0,17853700.0
sh603318,水发燃气,8.47,-0.59%,1.74%,23853200.0,31626100.0,7772900.0,55479300.0
sh600663,陆家嘴,10.12,-0.59%,0.11%,17154100.0,14458800.000000002,2695200.0,31612800.000000004
sz300643,万通智控,15.05,-0.59%,4.67%,60024500.0,98147700.0,38123200.0,158000000.0
sz300472,新元科技,10.15,-0.59%,0.80%,8418900.0,11714900.0,3296000.0,20326600.0
sz300165,天瑞仪器,6.71,-0.59%,2.16%,24912399.999999996,29866000.0,4953600.0,56140700.0
sz002589,瑞康医药,3.36,-0.59%,0.62%,8261500.0,15655500.0,7394000.0,23980700.0
sz300258,精锻科技,13.48,-0.59%,3.53%,101000000.0,114999999.99999999,14202600.0,219000000.0
sz301320,豪江智能,21.57,-0.60%,11.84%,47420200.00000001,62077000.0,14656800.0,109000000.00000001
sz001228,永泰运,37.79,-0.60%,0.58%,5542800.0,6307500.0,764700.0,11922000.0
sz001278,一彬科技,23.16,-0.60%,5.78%,18079800.0,22569000.0,4489200.0,41132400.0
sh688048,长光华芯,90.08,-0.60%,3.19%,123000000.0,106000000.0,17551000.0,229000000.0
sh603166,福达股份,6.67,-0.60%,0.72%,14058800.000000002,16945100.0,2886300.0,31004000.0
sz301026,浩通科技,36.71,-0.60%,1.25%,12478300.0,13105500.0,627100.0,25583800.0
sh688363,华熙生物,89.59,-0.60%,0.51%,44472500.0,45841100.0,1368600.0000000002,90313600.0
sh603585,苏利股份,14.95,-0.60%,0.55%,7006799.999999999,7702800.0,696000.0,14709500.0
sh603309,维力医疗,15.03,-0.60%,0.80%,12572800.0,22281000.0,9708200.0,34853900.0
sh603078,江化微,16.55,-0.60%,0.86%,21259899.999999996,25800800.0,4540900.0,47060800.0
sh601021,春秋航空,60.79,-0.60%,0.40%,114999999.99999999,119000000.0,4405800.0,235000000.0
sz300263,隆华科技,8.26,-0.60%,1.82%,44180500.0,70059600.0,25879000.0,115999999.99999999
sz300016,北陆药业,6.61,-0.60%,0.59%,8391400.0,10502300.0,2110800.0,19109200.0
sz002966,苏州银行,6.67,-0.60%,0.20%,20085100.0,26373800.0,6288700.0,46963300.0
sz002204,大连重工,4.99,-0.60%,0.43%,19413800.0,22205900.0,2792100.0,41894900.0
sz301050,雷电微力,64.39,-0.60%,1.04%,37165500.0,51998200.0,14832600.0,89163700.00000001
sz301246,宏源药业,31.17,-0.61%,1.10%,5946000.0,9243500.0,3297500.0,15189600.0
sz301018,申菱环境,35.76,-0.61%,3.27%,43448000.0,58403900.0,14955900.0,102000000.0
sh688176,亚虹医药,11.46,-0.61%,1.03%,11383500.0,16128300.0,4744800.0,27511700.0
sz000088,盐田港,4.88,-0.61%,0.13%,5286700.0,8415200.0,3128600.0,13828900.000000002
sz003040,楚天龙,17.97,-0.61%,1.30%,20472000.0,29879200.0,9407200.0,50579300.0
sh603912,佳力图,9.7,-0.61%,1.76%,28313800.0,44653200.0,16339400.0,72967000.0
sh603707,健友股份,13.08,-0.61%,0.26%,29053800.0,26749200.0,2304600.0,55803000.0
sh601788,光大证券,16.36,-0.61%,0.58%,149000000.0,221000000.0,72277600.0,370000000.0
sh600691,阳煤化工,3.28,-0.61%,0.76%,32148400.0,26894300.0,5254100.0,59042600.0
sh600333,长春燃气,4.89,-0.61%,0.40%,5515300.0,6399500.0,884100.0,11914800.0
sh600012,皖通高速,9.85,-0.61%,0.57%,29077500.0,36174900.0,7097400.0,65252500.0
sz300760,迈瑞医疗,299.61,-0.61%,0.07%,133000000.0,106000000.0,26899100.0,241000000.0
sz300121,阳谷华泰,9.82,-0.61%,0.59%,10788400.0,11482500.0,694100.0,22621200.0
sz300008,天海防务,4.9,-0.61%,3.82%,105000000.0,160000000.0,54746800.0,268000000.00000003
sz002673,西部证券,6.54,-0.61%,0.26%,27520300.000000004,41666100.0,14145800.0,69418200.0
sz301448,开创电气,30.94,-0.61%,14.31%,38393700.0,50133500.0,11739900.0,88527200.0
sz002193,如意集团,6.5,-0.61%,1.21%,9372600.0,10774700.0,1402100.0,20509500.0
sz000823,超声电子,9.7,-0.61%,0.85%,23273000.0,20710200.0,2562799.9999999995,44273100.00000001
sz000755,山西路桥,4.92,-0.61%,0.76%,12652600.0,10127000.0,2525700.0,22960700.0
sz301349,信德新材,51.52,-0.62%,2.23%,12816099.999999998,16316800.0,3500800.0,29132900.0
sh688130,晶华微,44.72,-0.62%,1.48%,3455500.0,6800500.0,3345100.0,10256000.0
sh688239,航宇科技,68.5,-0.62%,1.88%,41602800.0,89508799.99999999,47906000.0,131000000.0
sh688268,华特气体,74.96,-0.62%,0.58%,24466200.0,27477700.0,3011500.0,51944000.0
sh603058,永吉股份,9.56,-0.62%,0.49%,8826300.0,10473500.0,1647200.0,19299700.0
sh601100,恒立液压,66.01,-0.62%,0.18%,61736000.0,93031100.0,31295200.0,155000000.0
sh600359,新农开发,7.97,-0.62%,1.00%,13888300.0,16523500.0,2635200.0,30411800.0
sh600221,海航控股,1.6,-0.62%,0.10%,22281600.0,30267000.0,7985400.0,52548600.0
sz300454,深信服,113.11,-0.62%,0.75%,112000000.00000001,121000000.0,8611900.0,235000000.0
sz002910,庄园牧场,11.27,-0.62%,1.76%,15718900.000000002,17784600.0,2065600.0,33662400.0
sz002768,国恩股份,24.15,-0.62%,0.76%,14075400.0,18090100.0,4014700.0000000005,32549600.0
sz002418,康盛股份,3.21,-0.62%,1.76%,23545300.000000004,40378000.0,16832800.0,63983500.0
sz002372,伟星新材,19.27,-0.62%,0.11%,11056500.0,19146700.0,8090200.0,30361100.0
sz002344,海宁皮城,4.8,-0.62%,0.43%,10276000.0,15871900.0,5595900.0,26574899.999999996
sz000830,鲁西化工,11.27,-0.62%,1.11%,119000000.0,62750000.0,56000900.0,183000000.0
sh688789,宏华数科,85.17,-0.63%,0.44%,8897100.0,13334900.0,4437800.0,22232000.0
sh603977,国泰集团,9.45,-0.63%,0.67%,23772600.000000004,15410500.0,8362200.0,39183100.0
sh601991,大唐发电,3.17,-0.63%,0.32%,44735100.0,79625900.0,34890800.0,124000000.0
sz002029,七匹狼,6.33,-0.63%,1.03%,19589600.0,27278400.0,7688800.0,47384399.99999999
sh600330,天通股份,11.0,-0.63%,2.02%,112000000.00000001,162000000.0,49739799.99999999,274000000.0
sh600066,宇通客车,14.19,-0.63%,0.98%,127000000.0,180000000.0,52802400.0,307000000.0
sh600027,华电国际,6.32,-0.63%,1.05%,234000000.0,329000000.0,94865600.0,562000000.0
sh605259,绿田机械,26.77,-0.63%,2.89%,13749100.0,15949900.0,2200800.0,29699000.0
sz002886,沃特股份,18.82,-0.63%,1.09%,16876000.0,17415800.0,539800.0,34949200.0
sz002435,长江健康,4.7,-0.63%,0.41%,9790900.0,13307100.0,3516200.0,23151000.0
sz000720,新能泰山,4.75,-0.63%,0.20%,4068300.0,7448099.999999999,3379800.0,11803699.999999998
sz301303,真兰仪表,23.12,-0.64%,2.64%,17463700.0,24877199.999999996,7413400.0,42340900.0
sz301255,通力科技,54.0,-0.64%,22.85%,161000000.0,174000000.0,12681099.999999998,335000000.0
sh688087,英科再生,23.3,-0.64%,0.63%,5110000.0,9485300.0,4375300.0,14595300.0
sz300452,山河药辅,15.54,-0.64%,1.73%,19390200.0,30199500.0,10809400.0,49915600.00000001
sz300921,南凌科技,26.42,-0.64%,6.47%,44376600.0,62008600.0,17632100.0,106000000.0
sh600743,华远地产,1.55,-0.64%,0.57%,10648900.000000002,10031100.0,617800.0,20680000.0
sh605123,派克新材,102.6,-0.64%,0.67%,15859000.0,21758700.0,5899700.0,37617800.0
sh600982,宁波能源,4.69,-0.64%,1.81%,40295700.0,53450800.0,13155100.0,93746600.0
sh600968,海油发展,3.1,-0.64%,0.19%,24669300.0,34228400.0,9559100.0,58897700.00000001
sh600641,万业企业,18.59,-0.64%,0.97%,70595800.0,97487099.99999999,26891300.0,168000000.0
sh600310,广西能源,4.67,-0.64%,4.44%,107000000.0,145000000.0,38577900.0,252000000.0
sz300566,激智科技,18.49,-0.64%,2.02%,34136300.0,51229500.0,17093200.0,85393500.0
sz002810,山东赫达,18.64,-0.64%,1.15%,37569700.0,30187399.999999996,7382300.0,68189200.0
sz002626,金达威,18.72,-0.64%,0.28%,13973599.999999998,17740700.0,3767100.0,32206400.0
sz002267,陕天然气,7.76,-0.64%,0.60%,25322100.0,26475700.0,1153600.0,52381899.99999999
sz002164,宁波东力,6.19,-0.64%,1.68%,23343500.0,25631500.0,2288000.0,49843300.0
sz000869,张裕A,31.21,-0.64%,0.26%,18377600.0,18318900.0,58800.0,37176900.0
sz000078,海王生物,3.1,-0.64%,0.26%,5932200.0,14765200.0,8833000.0,21056700.0
sz001218,丽臣实业,22.95,-0.65%,0.90%,5816700.0,9161500.0,3344800.0,15299700.0
sz000912,泸天化,4.61,-0.65%,0.37%,12263200.0,14170500.0,1907400.0,26607800.000000004
sh688115,思林杰,35.15,-0.65%,1.73%,6746100.0,11276500.0,4530400.0,18022500.0
sz300869,康泰医学,22.82,-0.65%,1.65%,23565800.0,33330500.0,9764700.0,56896300.0
sz300878,维康药业,22.91,-0.65%,1.81%,8773200.0,7594700.0,1178500.0,16370100.0
sh603038,华立股份,9.14,-0.65%,2.63%,21373400.0,28374699.999999996,7001200.0,49748000.0
sh600307,酒钢宏兴,1.53,-0.65%,0.37%,7613099.999999999,27341700.0,19728500.0,34954800.0
sh600219,南山铝业,3.07,-0.65%,0.23%,30520600.0,52169300.0,21648700.0,82689900.0
sz300607,拓斯达,13.75,-0.65%,1.44%,24390000.0,31857700.0,7467600.0,56254500.0
sz300196,长海股份,13.81,-0.65%,0.31%,4986900.0,5221600.0,234600.0,10425300.0
sz300136,信维通信,19.77,-0.65%,0.91%,54992500.0,92546500.0,37554000.0,149000000.0
sz002637,赞宇科技,10.65,-0.65%,0.50%,7385800.0,12768100.0,5382300.0,20885300.000000004
sz000982,中银绒业,1.53,-0.65%,0.49%,11926199.999999998,19968500.0,8042300.0,32036500.0
sz000971,ST高升,1.51,-0.66%,0.24%,1103400.0,1894300.0,790800.0,3006300.0
sz000026,飞亚达,12.08,-0.66%,0.63%,12607400.0,14715300.0,2107900.0,27541400.0
sz301360,荣旗科技,93.38,-0.66%,3.55%,17615900.0,22126600.0,4510800.0,39742400.0
sz300995,奇德新材,21.13,-0.66%,3.81%,10591400.000000002,12890300.0,2298900.0,23481800.0
sh600397,安源煤业,3.0,-0.66%,1.28%,14044900.0,23813100.0,9768200.0,37857900.0
sh688183,生益电子,11.98,-0.66%,1.14%,20040700.0,22319899.999999996,2279200.0,42360600.00000001
sz300962,中金辐照,18.05,-0.66%,1.45%,17258200.0,14126900.0,3131300.0,31385100.000000004
sh688365,光云科技,13.46,-0.66%,1.36%,29924500.0,37385200.0,7460700.000000001,67309600.0
sh603359,东珠生态,10.61,-0.66%,0.79%,19671700.0,17836000.0,1835700.0,37507700.0
sh601162,天风证券,2.99,-0.66%,0.62%,63959200.0,95319000.0,31359800.0,159000000.0
sh600961,株冶集团,9.08,-0.66%,2.40%,59507700.00000001,55919300.0,3588399.9999999995,114999999.99999999
sh600791,京能置业,4.5,-0.66%,1.24%,12594400.0,12325500.0,268900.0,24920000.0
sh600505,西昌电力,8.98,-0.66%,1.41%,21607399.999999996,24281800.0,2674400.0,45889200.0
sh600191,华资实业,6.0,-0.66%,1.25%,18328300.0,17753600.0,574700.0,36081900.0
sh600089,特变电工,22.73,-0.66%,0.96%,380000000.0,466000000.0,85525300.0,846000000.0000001
sz300221,银禧科技,6.05,-0.66%,2.73%,33612400.0,40262400.0,6650000.0,74952200.0
sz300129,泰胜风能,9.07,-0.66%,1.51%,33707300.0,50888900.0,17181600.0,85682800.0
sz300834,星辉环材,23.97,-0.66%,1.31%,8815500.0,10255800.0,1440200.0,19248700.0
sz002083,孚日股份,4.51,-0.66%,0.33%,5688900.0,6123099.999999999,434200.0,12158800.000000002
sz002008,大族激光,25.48,-0.66%,0.87%,83642800.0,134000000.00000001,50599000.0,219000000.0
sz000901,航天科技,10.46,-0.66%,1.24%,44333000.0,58693100.00000001,14360100.0,104000000.0
sh603551,奥普家居,11.84,-0.67%,0.73%,17761600.0,16576600.0,1185000.0,34338200.0
sh603500,祥和实业,13.3,-0.67%,0.86%,13513500.0,14390100.0,876600.0,27903600.0
sh600276,恒瑞医药,47.2,-0.67%,0.34%,530999999.99999994,475000000.0,55236700.0,1006000000.0
sz300693,盛弘股份,41.75,-0.67%,3.22%,131000000.0,197000000.0,65683900.0,333000000.0
sz300173,福能东方,4.43,-0.67%,0.78%,9344900.0,15851600.0,6506700.0,25340300.000000004
sz002819,东方中科,29.75,-0.67%,0.55%,13602600.0,24277600.000000004,10675000.0,38650800.0
sz002221,东华能源,8.87,-0.67%,0.35%,21698600.0,23096500.0,1397900.0,45249399.99999999
sz002195,二三四五,2.96,-0.67%,0.89%,55420000.0,92132099.99999999,36712100.0,149000000.0
sz002124,天邦食品,4.48,-0.67%,1.61%,61119900.0,47652000.0,13467900.0,110000000.00000001
sh603116,红蜻蜓,5.94,-0.67%,0.55%,9031500.0,9526400.0,494900.0,18558000.0
sz002486,嘉麟杰,2.93,-0.68%,0.55%,5416900.000000001,7286200.0,1869300.0,13469700.0
sz301301,川宁生物,8.75,-0.68%,1.83%,10704800.0,24974200.0,14269400.0,35679000.0
sh605577,龙版传媒,11.6,-0.68%,1.37%,12565200.0,17260100.0,4694900.0,29825300.000000004
sz001213,中铁特货,4.39,-0.68%,0.73%,10631199.999999998,22484800.0,11853599.999999998,33421100.0
sh688282,理工导航,49.66,-0.68%,1.25%,7665400.0,14339400.0,6674000.0,22004800.0
sh600955,维远股份,19.12,-0.68%,0.43%,15946400.000000002,13720800.0,2225500.0,29667300.0
sz300986,志特新材,17.49,-0.68%,1.88%,16664900.0,17637300.0,972500.0,34302300.0
sh600843,上工申贝,5.8,-0.68%,0.74%,8760800.0,11309900.0,2549100.0,20070700.0
sz300806,斯迪克,19.03,-0.68%,0.93%,24309400.0,22337300.0,1972100.0,47392800.0
sh688505,复旦张江,8.78,-0.68%,0.27%,5860100.0,9798900.0,3938700.0,15659000.0
sh603099,长白山,14.53,-0.68%,2.51%,44214399.99999999,51906600.0,7692200.0,96121000.0
sh601388,怡球资源,2.93,-0.68%,0.49%,11991099.999999998,19404100.0,7413000.0,31395200.0
sz300560,中富通,17.42,-0.68%,2.51%,33752600.0,42425800.0,8673200.0,76195900.0
sz300235,方直科技,11.6,-0.68%,2.57%,26439600.0,33383800.0,6944200.0,60976899.99999999
sz002331,皖通科技,7.31,-0.68%,1.07%,14748900.000000002,15573800.000000002,824900.0,30401600.0
sz002190,成飞集成,21.8,-0.68%,0.78%,25538100.0,34869700.0,9331600.0,61070300.0
sz000998,隆平高科,16.13,-0.68%,1.06%,112000000.00000001,109000000.00000001,3186500.0,222000000.00000003
sz000686,东北证券,7.29,-0.68%,0.44%,30743600.0,43489000.0,12745400.0,74387000.0
sz000401,冀东水泥,7.35,-0.68%,0.27%,11423100.0,18961300.0,7538200.000000001,30504899.999999996
sz300911,亿田智能,36.15,-0.69%,3.04%,19123500.0,26665900.0,7542400.0,45789399.99999999
sh688006,杭可科技,30.04,-0.69%,0.54%,50295300.0,47001100.0,3294200.0,97296400.0
sh603612,索通发展,17.24,-0.69%,1.39%,57956899.99999999,44304000.0,13652900.0,102000000.0
sh601615,明阳智能,17.26,-0.69%,0.81%,112999999.99999999,181000000.0,67589900.0,294000000.0
sh600103,青山纸业,2.89,-0.69%,1.76%,52656200.0,63795600.00000001,11139400.0,115999999.99999999
sz300772,运达股份,12.98,-0.69%,0.57%,20027000.0,30268800.0,10241800.0,50783900.0
sz300749,顶固集创,8.66,-0.69%,1.04%,7415700.000000001,6202800.0,1212900.0,13990000.0
sz300487,蓝晓科技,57.28,-0.69%,0.94%,59562600.0,104000000.0,43996800.0,164000000.0
sz300009,安科生物,10.03,-0.69%,0.56%,27759899.999999996,36910000.0,9150100.0,64987100.0
sz002530,金财互联,8.59,-0.69%,1.69%,38777300.0,56940700.0,18163400.0,95943799.99999999
sz000631,顺发恒业,2.85,-0.70%,0.07%,2271300.0,2732400.0,461100.0,5102500.0
sz002984,森麒麟,31.4,-0.70%,1.19%,45285100.0,62001500.0,16716400.000000002,111000000.00000001
sh603137,恒尚节能,19.73,-0.70%,5.83%,15504900.0,21100700.0,5595800.0,36605500.0
sh600785,新华百货,14.24,-0.70%,1.97%,28060500.0,34629500.0,6569000.0,62690100.0
sh603387,基蛋生物,12.74,-0.70%,0.51%,11060000.0,21497900.0,10437900.0,32558000.0
sh603069,海汽集团,18.4,-0.70%,0.76%,20308500.0,23542300.0,3233800.0,43850800.0
sh601212,白银有色,2.83,-0.70%,0.41%,42146600.0,43647700.00000001,1501100.0000000002,85794300.0
sh600386,北巴传媒,4.28,-0.70%,1.01%,19639700.0,15258300.0,4381400.0,34898000.0
sh600157,永泰能源,1.42,-0.70%,0.41%,49753700.0,79655400.0,29901700.0,129000000.0
sh600130,波导股份,4.27,-0.70%,1.01%,13279500.0,19695800.0,6416300.0,32975300.000000004
sz300598,诚迈科技,49.91,-0.70%,2.05%,69015300.0,94228799.99999999,25213500.0,163000000.0
sz300557,理工光科,38.33,-0.70%,1.00%,12024700.0,12998200.0,973500.0,25030600.0
sz300410,正业科技,8.54,-0.70%,1.54%,23365700.0,24534100.0,1168300.0,48198700.0
sz002839,张家港行,4.26,-0.70%,0.34%,11686199.999999998,17974400.0,6288200.000000001,29976800.0
sz002562,兄弟科技,4.27,-0.70%,0.53%,6432900.0,9258900.0,2826000.0,15773300.0
sz002110,三钢闽光,4.26,-0.70%,0.22%,11707300.0,11114900.0,592400.0,23016600.0
sh688247,宣泰医药,12.56,-0.71%,1.69%,3408300.0,5687700.0,2279500.0,9096000.0
sz300718,长盛轴承,20.99,-0.71%,2.00%,40933200.0,37792500.0,3140600.0,79649200.0
sh600149,廊坊发展,5.63,-0.71%,0.85%,8503900.0,9609800.0,1105800.0,18113700.0
sz300976,达瑞电子,51.39,-0.71%,1.66%,13082300.0,18590500.0,5508200.000000001,31672800.000000004
sh603877,太平鸟,20.9,-0.71%,0.46%,22147700.0,22701600.0,553900.0,44849300.0
sh603328,依顿电子,8.4,-0.71%,1.57%,62784799.99999999,68152700.0,5368000.0,131000000.0
sh601005,重庆钢铁,1.39,-0.71%,0.29%,10341300.000000002,23205200.0,12863900.000000002,33546500.0
sh600810,神马股份,7.02,-0.71%,0.55%,12042400.0,15242100.0,3199700.0000000005,27284500.0
sz300543,朗科智能,9.84,-0.71%,0.91%,10097100.0,8789900.0,1307200.0,18894900.0
sh688660,电气风电,5.63,-0.71%,0.66%,6206700.0,13419300.0,7212600.0,19626000.0
sz002611,东方精工,5.57,-0.71%,1.17%,29099899.999999996,36005800.0,6905900.0,65516500.0
sz002570,贝因美,4.2,-0.71%,0.50%,9153400.0,13416800.0,4263400.0,22653300.0
sz000888,峨眉山A,11.22,-0.71%,1.91%,54817100.0,58327700.00000001,3510600.0,112999999.99999999
sz000822,山东海化,6.99,-0.71%,0.50%,16436800.0,15078200.0,1358700.0,31562500.0
sz000657,中钨高新,9.85,-0.71%,0.49%,25558800.0,32458600.0,6899800.0,59507100.0
sh688439,振华风光,101.36,-0.72%,1.66%,22929100.0,52844600.0,29915600.0,75773700.0
sz001227,兰州银行,2.77,-0.72%,0.30%,7025000.0,15826900.0,8801900.0,22995500.0
sz300305,裕兴股份,11.06,-0.72%,1.14%,14131600.0,14955500.0,823900.0,29226500.0
sh688160,步科股份,67.71,-0.72%,7.41%,72200100.0,67686300.0,4513800.0,140000000.0
sh603122,合富中国,8.28,-0.72%,1.66%,10643800.000000002,13851099.999999998,3207300.0,24494899.999999996
sh600844,丹化科技,2.75,-0.72%,0.33%,3152000.0,4291200.0,1139200.0,7443300.0
sh603466,风语筑,13.87,-0.72%,1.56%,56147100.0,71893100.0,15746000.0,128000000.0
sh601999,出版传媒,6.86,-0.72%,2.00%,32369400.0,43019500.0,10650100.0,75388800.0
sh601339,百隆东方,5.55,-0.72%,0.22%,7961400.0,10345100.0,2383700.0,18306500.0
sh600985,淮北矿业,12.41,-0.72%,0.45%,75230500.0,63366200.0,11864300.0,139000000.0
sh600483,福能股份,8.32,-0.72%,0.54%,27755300.000000004,59333700.0,31578400.0,87088900.0
sh600309,万华化学,90.47,-0.72%,0.20%,246000000.0,319000000.0,72752800.0,565000000.0
sz300705,九典制药,24.74,-0.72%,0.61%,12728400.0,18936400.0,6208000.0,32075500.0
sz300615,欣天科技,16.57,-0.72%,2.96%,28922300.0,34251200.0,5328900.0,63175200.00000001
sz300440,运达科技,6.89,-0.72%,0.77%,9399600.0,13325800.0,3926200.0,24917300.0
sz002160,常铝股份,4.11,-0.72%,0.82%,8981500.0,16613300.0,7631799.999999999,25665300.000000004
sz000766,通化金马,5.49,-0.72%,0.67%,15213100.0,15639300.0,426300.0,31187800.000000004
sz000703,恒逸石化,6.91,-0.72%,0.22%,18711200.0,34099400.0,15388200.0,54806500.0
sz000698,沈阳化工,4.16,-0.72%,0.45%,6404600.0,8063500.0,1658899.9999999998,14600800.0
sz000559,万向钱潮,5.55,-0.72%,0.49%,35370500.0,38772300.0,3401900.0,74611500.0
sz301088,戎美股份,17.63,-0.73%,1.85%,8100300.0,10163400.0,2063100.0,18263700.0
sz300982,苏文电能,55.8,-0.73%,4.67%,86802500.0,122000000.0,35070600.0,209000000.0
sz000002,万科A,13.68,-0.73%,0.34%,172000000.0,274000000.0,101000000.0,448000000.00000006
sh601618,中国中冶,4.06,-0.73%,0.21%,68501800.0,84821000.0,16319200.0,153000000.0
sh600888,新疆众和,8.16,-0.73%,1.19%,54354100.0,74557400.0,20203300.0,129000000.0
sh600348,华阳股份,8.16,-0.73%,0.51%,73087500.0,75315700.0,2228100.0,148000000.0
sh600346,恒力石化,14.92,-0.73%,0.21%,98024300.0,124000000.0,26336400.0,222000000.00000003
sz002003,伟星股份,9.58,-0.73%,0.14%,5714700.0,6021799.999999999,307100.0,11919400.0
sz000951,中国重汽,17.8,-0.73%,0.75%,85448600.0,68771900.0,16676700.0,157000000.0
sz001333,光华股份,25.66,-0.74%,1.85%,5851600.0,9291000.0,3439300.0,15232300.0
sh688496,清越科技,17.37,-0.74%,5.71%,35859300.0,43580900.0,7721500.0,79440200.0
sz301115,建科股份,22.92,-0.74%,1.33%,4388800.0,7982500.0,3593700.0,12371300.000000002
sz000782,美达股份,5.34,-0.74%,0.76%,8248800.0,13112700.0,4863900.0,21705300.000000004
sz301007,德迈仕,18.85,-0.74%,19.35%,214000000.0,231000000.0,16797800.0,445000000.0
sh688138,清溢光电,21.41,-0.74%,0.53%,12687900.0,17684800.0,4996900.0,30372600.000000004
sh688690,纳微科技,38.68,-0.74%,0.50%,13218599.999999998,23214400.0,9995800.0,36433000.0
sz002755,奥赛康,8.02,-0.74%,0.40%,11863100.0,17259900.0,5396799.999999999,29427900.0
sh600420,国药现代,10.8,-0.74%,0.58%,31224000.0,42883600.0,11659600.0,74107500.0
sz002838,道恩股份,16.03,-0.74%,0.49%,14314300.0,16025000.0,1710700.0,30645800.0
sz002823,凯中精密,10.76,-0.74%,1.66%,14263599.999999998,15869900.0,1606300.0,30356400.0
sz002099,海翔药业,8.06,-0.74%,0.45%,29791400.0,27238400.0,2553100.0,57543700.0
sz002033,丽江股份,10.66,-0.74%,1.61%,42321300.0,51445800.0,9124500.0,94360400.00000001
sz000718,苏宁环球,2.67,-0.74%,0.32%,8942000.0,10420600.0,1478500.0,19544400.0
sh603201,常润股份,22.53,-0.75%,1.81%,4485100.0,6847200.0,2362100.0,11332300.0
sh688381,帝奥微,34.4,-0.75%,1.61%,13617600.0,19200700.0,5583200.000000001,32818300.0
sz001339,智微智能,29.01,-0.75%,5.01%,35413000.0,54170700.0,18757700.0,90314900.0
sh688285,高铁电气,9.22,-0.75%,3.16%,9791200.0,16136800.0,6345599.999999999,25927900.0
sh603200,上海洗霸,19.95,-0.75%,1.22%,20112900.0,21983300.0,1870400.0,42096200.0
sh603895,天永智能,25.03,-0.75%,0.30%,4383000.0,3599800.0,783199.9999999999,7982900.0
sh600739,辽宁成大,13.28,-0.75%,0.41%,35852200.0,47914900.0,12062600.0,83767200.0
sh600345,长江通信,21.05,-0.75%,1.10%,18200400.0,27506100.0,9305800.0,45706500.0
sh600178,东安动力,6.64,-0.75%,1.09%,15881000.0,17232700.0,1351699.9999999998,33113700.0
sh600101,明星电力,9.21,-0.75%,1.58%,26710400.0,34743600.0,8033300.0,61454100.0
sz300540,蜀道装备,26.4,-0.75%,2.13%,29522000.0,31416000.0,1894000.0,60964500.0
sz002785,万里石,22.49,-0.75%,0.85%,13686300.000000002,17756200.0,4069900.0,31961700.0
sz002085,万丰奥威,6.66,-0.75%,0.69%,36971800.0,58910400.0,21938600.0,97131000.0
sz001217,华尔泰,11.81,-0.76%,0.72%,5429400.000000001,5793400.0,363900.0,11255800.0
sz002321,华英农业,2.6,-0.76%,0.30%,8572600.0,8084700.0,487900.0,16689800.0
sz002356,赫美集团,5.22,-0.76%,0.79%,26346700.0,27404400.0,1057700.0,53835100.0
sz001330,博纳影业,9.13,-0.76%,3.12%,40763200.0,37286300.0,3476900.0,78129900.0
sh605167,利柏特,10.42,-0.76%,8.40%,99298500.0,95853799.99999999,3444700.0000000005,195000000.0
sz301322,绿通科技,59.73,-0.76%,2.95%,21115700.0,22303900.0,1188200.0,43419600.0
sz300116,保力新,1.31,-0.76%,1.01%,16757400.0,34877800.0,18120400.0,54113200.0
sh600421,华嵘控股,10.48,-0.76%,0.62%,6464200.0,6321400.0,142800.0,12785600.0
sh601579,会稽山,11.81,-0.76%,0.77%,17830300.0,25352700.0,7522400.0,43183000.0
sz000761,本钢板材,3.94,-0.76%,0.24%,19964900.0,15033500.0,4931400.0,35289000.0
sh603999,读者传媒,6.57,-0.76%,1.50%,23102300.0,33239300.0,10137000.0,56341500.0
sh603660,苏州科达,6.56,-0.76%,1.10%,15844100.0,19886700.0,4042700.0,35730800.0
sh601965,中国汽研,22.2,-0.76%,0.39%,33986000.0,50153900.0,16168000.0,84139800.0
sh601688,华泰证券,14.45,-0.76%,0.42%,200999999.99999997,241000000.0,40250600.0,443000000.0
sh600651,飞乐音响,3.9,-0.76%,0.97%,18856900.0,27797500.0,8940600.0,46654399.99999999
sz300655,晶瑞电材,11.72,-0.76%,1.84%,86671299.99999999,112000000.00000001,25148600.0,202999999.99999997
sz300449,汉邦高科,6.57,-0.76%,2.35%,21700400.0,24128600.0,2428100.0,46241200.0
sz300122,智飞生物,45.56,-0.76%,0.47%,141000000.0,158000000.0,17165800.0,303000000.0
sz002931,锋龙股份,11.76,-0.76%,1.65%,15159800.0,19665000.0,4505100.0,35419700.0
sz002702,海欣食品,5.21,-0.76%,1.34%,13684400.0,12993000.0,691400.0,26838800.0
sz002690,美亚光电,26.05,-0.76%,0.30%,13708900.000000002,20546900.0,6838099.999999999,34360100.0
sz002667,威领股份,15.63,-0.76%,0.75%,12764500.0,14115500.0,1350900.0,26917500.0
sz002601,龙佰集团,16.9,-0.76%,0.37%,39468900.0,51798000.0,12329100.0,92175500.0
sz002408,齐翔腾达,6.51,-0.76%,0.20%,14040500.0,22149400.0,8108900.0,36228900.0
sz002135,东南网架,6.57,-0.76%,0.41%,12424800.0,16759600.0,4334900.0,29335500.0
sz000937,冀中能源,6.54,-0.76%,0.55%,46032400.0,57800000.0,11767600.0,104000000.0
sz000825,太钢不锈,3.94,-0.76%,0.14%,11351199.999999998,20351700.0,9000600.0,31919699.999999996
sz000777,中核科技,14.34,-0.76%,2.59%,68415600.0,73620100.0,5204500.0,143000000.0
sz000498,山东路桥,6.5,-0.76%,0.30%,10371300.000000002,10693300.0,322100.0,28726100.0
sz000060,中金岭南,5.22,-0.76%,1.40%,112000000.00000001,161000000.0,49106400.0,275000000.0
sz000020,深华发A,13.13,-0.76%,7.75%,86297300.0,100000000.0,13746099.999999998,188000000.0
sz001211,双枪科技,21.86,-0.77%,1.51%,5969000.0,6403900.0,434900.0,12377300.0
sh600032,浙江新能,11.59,-0.77%,3.04%,25163200.0,47765400.0,22602199.999999996,72928600.0
sh688689,银河微电,27.13,-0.77%,2.55%,12584600.0,13130500.0,545900.0,25715100.000000004
sh603711,香飘飘,18.03,-0.77%,0.31%,13373500.0,9738600.0,3634900.0,23112000.0
sh600936,广西广电,3.89,-0.77%,0.30%,7509299.999999999,12114400.0,4605100.0,19623600.0
sh600718,东软集团,10.36,-0.77%,0.99%,47608900.0,76561100.0,28952300.0,124000000.0
sz300529,健帆生物,21.83,-0.77%,1.40%,77143400.0,79246700.0,2103300.0,156000000.0
sz002847,盐津铺子,85.05,-0.77%,0.25%,18152000.0,17689700.0,462299.99999999994,36513000.0
sz002510,天汽模,3.85,-0.77%,0.73%,10435700.0,15667400.0,5231700.0,26125100.000000004
sz000965,天保基建,3.87,-0.77%,0.68%,9645300.0,19439900.0,9794600.0,29289100.0
sz000938,紫光股份,29.65,-0.77%,1.60%,588000000.0,766000000.0,178000000.0,1370000000.0
sz000062,深圳华强,11.58,-0.77%,0.35%,17192200.0,24644800.0,7452500.0,41987700.00000001
sz001300,三柏硕,12.71,-0.78%,1.36%,4929800.0,5379100.0,449400.0,10585900.0
sz301185,鸥玛软件,30.6,-0.78%,11.59%,141000000.0,167000000.0,26640700.0,308000000.0
sh603909,建发合诚,14.07,-0.78%,0.43%,8849900.0,6642000.0,2207900.0,15492000.0
sh603356,华菱精工,14.0,-0.78%,1.40%,11499400.0,14644200.0,3144700.0000000005,26143600.0
sh601928,凤凰传媒,11.43,-0.78%,0.53%,72788400.0,82479500.0,9691000.0,155000000.0
sz300076,GQY视讯,5.11,-0.78%,2.21%,22883500.0,24696800.0,1813300.0000000002,48055100.0
sz300001,特锐德,20.26,-0.78%,1.21%,111000000.00000001,142000000.0,31811100.0,254000000.0
sz002258,利尔化学,13.98,-0.78%,0.75%,36693200.0,46483700.0,9790400.0,84315500.0
sz002056,横店东磁,17.73,-0.78%,0.65%,78681600.0,105000000.0,25959100.0,186000000.0
sz000906,浙商中拓,8.85,-0.78%,0.65%,18390900.0,20003200.0,1612300.0,39011700.0
sz000798,中水渔业,10.08,-0.79%,1.10%,14833400.0,25019200.0,10185800.0,40254000.0
sh605222,起帆电缆,20.1,-0.79%,2.05%,19610200.0,24420400.0,4810200.0,44030500.0
sh688266,泽璟制药,48.97,-0.79%,0.61%,22735400.0,20565800.0,2169600.0,43301200.0
sz002967,广电计量,16.36,-0.79%,0.90%,24459800.0,49797100.0,25337199.999999996,75445600.0
sh603032,德新科技,31.59,-0.79%,2.52%,96057800.0,81807000.0,14250800.0,178000000.0
sh600884,杉杉股份,15.05,-0.79%,0.45%,42242200.0,77800100.0,35557900.0,120000000.0
sh600740,山西焦化,5.05,-0.79%,0.29%,11628300.0,26091500.0,14463200.0,37719800.0
sh600575,淮河能源,2.52,-0.79%,0.42%,12114600.0,28780600.0,16666000.0,40895300.0
sh600438,通威股份,34.0,-0.79%,0.40%,256999999.99999997,355000000.0,98570700.0,612000000.0
sz300629,新劲刚,20.02,-0.79%,1.86%,28413300.0,45322299.99999999,16909000.0,73737800.0
sz300539,横河精密,13.83,-0.79%,1.56%,16918100.0,20056300.0,3138200.0,36986900.0
sh603073,彩蝶实业,19.75,-0.80%,5.55%,9551800.0,22282900.0,12731099.999999998,31834699.999999996
sz001309,德明利,84.32,-0.80%,7.30%,216000000.0,192000000.0,23389899.999999996,411000000.00000006
sh688108,赛诺医疗,9.92,-0.80%,1.02%,19050600.0,22420500.0,3369900.0,41471100.0
sh600854,春兰股份,4.98,-0.80%,1.29%,12306199.999999998,20926100.0,8619900.0,33232199.999999996
sz300439,美康生物,11.22,-0.80%,0.83%,10340800.0,15444900.0,5104100.0,25936100.0
sh688139,海尔生物,45.82,-0.80%,0.65%,36988400.0,56433100.00000001,19444700.0,93421400.0
sh601800,中国交建,11.2,-0.80%,0.22%,112999999.99999999,173000000.0,59242299.99999999,286000000.0
sh600855,航天长峰,12.47,-0.80%,0.89%,18885500.0,29752399.999999996,10866800.0,48637900.0
sh600208,新湖中宝,2.49,-0.80%,0.34%,20951200.0,51155900.0,30204600.0,72107000.0
sz300504,天邑股份,18.58,-0.80%,1.69%,28583700.0,39087400.0,10503599.999999998,67672800.0
sz300094,国联水产,4.98,-0.80%,2.99%,72845200.0,89669200.0,16824000.0,164000000.0
sz002825,纳尔股份,8.71,-0.80%,1.09%,9777000.0,14255400.0,4478400.0,24204800.0
sz002041,登海种业,16.1,-0.80%,0.62%,46404300.0,41410500.0,4993800.0,88852800.0
sz002039,黔源电力,13.7,-0.80%,0.46%,9823100.0,17038500.0,7215400.0,27135600.0
sz301047,义翘神州,86.15,-0.81%,0.49%,11355400.0,13193900.000000002,1838500.0,24549200.0
sh688600,皖仪科技,23.39,-0.81%,0.95%,4508900.0,10773900.000000002,6265000.0,15282800.0
sz300488,恒锋工具,23.26,-0.81%,0.70%,10165800.0,11523300.0,1357500.0,22287000.0
sh688215,瑞晟智能,39.4,-0.81%,3.49%,12391300.000000002,9376800.0,3014600.0,21768100.0
sz300970,华绿生物,23.29,-0.81%,4.95%,40717900.0,37725300.0,2992700.0,78443100.0
sz003026,中晶科技,40.51,-0.81%,1.64%,19924000.0,15925600.0,3998300.0,36749200.0
sh603015,弘讯科技,9.79,-0.81%,2.07%,32104300.0,50034100.0,17929800.0,82138300.0
sh603811,诚意药业,12.2,-0.81%,0.43%,7951900.000000001,9098600.0,1146700.0,17050500.0
sh600793,宜宾纸业,12.23,-0.81%,0.63%,6664299.999999999,6881600.0,217300.0,13546000.0
sh600418,江淮汽车,13.41,-0.81%,2.86%,385000000.0,442000000.0,57348200.0,827999999.9999999
sz300631,久吾高科,33.23,-0.81%,0.79%,15276099.999999998,16434200.0,1158100.0,31720400.0
sz300030,阳普医疗,7.32,-0.81%,1.04%,9704300.0,10431900.0,727600.0,20261500.0
sz002655,共达电声,13.52,-0.81%,3.15%,72701800.0,81644000.0,8942300.0,155000000.0
sz002484,江海股份,19.69,-0.81%,0.79%,54132600.0,68505300.0,14372700.0,123000000.0
sz002431,棕榈股份,2.44,-0.81%,0.34%,3962799.9999999995,8107900.0,4145100.0,12188599.999999998
sz002363,隆基机械,7.32,-0.81%,1.04%,13217100.0,18406800.0,5189800.0,31702199.999999996
sz000776,广发证券,14.77,-0.81%,0.29%,83355200.0,171000000.0,87237000.0,256000000.0
sz000021,深科技,21.71,-0.82%,3.96%,638000000.0,702000000.0,63467299.99999999,1347000000.0
sz001259,利仁科技,29.05,-0.82%,3.46%,8450900.0,10066600.0,1615700.0,18581300.0
sz000707,双环科技,8.47,-0.82%,0.85%,14781300.000000002,18515300.0,3734000.0,33603500.0
sz300857,协创数据,27.73,-0.82%,5.76%,114999999.99999999,112999999.99999999,2161600.0,227999999.99999997
sh603519,立霸股份,14.59,-0.82%,0.83%,12002300.0,20388600.0,8386300.0,32390900.0
sh600580,卧龙电驱,13.29,-0.82%,1.21%,94416900.0,115999999.99999999,21777199.999999996,211000000.0
sz300636,同和药业,12.05,-0.82%,0.70%,8267600.0,16062700.0,7795100.0,24390500.0
sz300616,尚品宅配,19.41,-0.82%,1.38%,12643300.0,21900700.0,9257400.0,34553700.0
sz300180,华峰超纤,3.63,-0.82%,0.35%,8194800.0,9842700.0,1648000.0,18740300.0
sz301395,仁信新材,22.93,-0.82%,4.44%,13325300.0,21605200.0,8280000.0,34930500.0
sz002508,老板电器,24.28,-0.82%,0.55%,46094000.0,78837100.0,32743100.0,125000000.0
sz002394,联发股份,8.49,-0.82%,1.17%,13482400.0,18354400.0,4872000.0,32045800.0
sz000863,三湘印象,3.61,-0.82%,0.40%,7799100.0,9063100.0,1264000.0,16918800.0
sz000850,华茂股份,3.65,-0.82%,0.48%,6679200.0,9420400.0,2741200.0,16353900.000000002
sz000592,平潭发展,2.43,-0.82%,0.88%,17920100.0,22634300.0,4714100.0,40801700.0
sz000333,美的集团,56.99,-0.82%,0.12%,215000000.0,245000000.00000003,30500400.0,465000000.00000006
sh688265,南模生物,38.17,-0.83%,0.13%,900800.0,1540700.0,639900.0,2441400.0
sz301011,华立科技,22.66,-0.83%,1.52%,12504300.0,14370400.0,1866100.0000000002,26874699.999999996
sz002997,瑞鹄模具,32.25,-0.83%,4.28%,75910200.0,79463900.0,3553700.0,157000000.0
sh688565,力源科技,8.38,-0.83%,1.00%,4323600.0,3780000.0,543600.0,8103600.0
sz300248,新开普,9.58,-0.83%,1.59%,23614600.0,37212100.0,13597500.0,61159300.0
sz000005,ST星源,1.2,-0.83%,0.68%,1808200.0,6715800.0,4907500.0,8560200.0
sz300843,胜蓝股份,21.63,-0.83%,2.10%,33014699.999999996,30064899.999999996,2949800.0,64799200.0
sh603178,圣龙股份,12.0,-0.83%,3.46%,40975700.0,56284900.0,15309200.0,97260600.0
sh601012,隆基绿能,29.79,-0.83%,1.08%,1072000000.0000001,1370000000.0,298000000.0,2442000000.0
sh600928,西安银行,3.58,-0.83%,0.41%,21621100.0,27982100.0,6361000.0,49603300.0
sh600415,小商品城,8.4,-0.83%,0.87%,171000000.0,227000000.0,55478100.00000001,398000000.0
sz002787,华源控股,7.2,-0.83%,1.01%,9905700.0,6705700.000000001,3200000.0,16723699.999999998
sz000753,漳州发展,4.78,-0.83%,1.11%,27363300.0,24642199.999999996,2721100.0,52375700.0
sz300229,拓尔思,24.72,-0.84%,5.74%,505999999.99999994,598000000.0,91756900.0,1132000000.0
sh688257,新锐股份,27.06,-0.84%,1.13%,13721800.0,11539400.0,2182400.0,25261200.0
sh603237,五芳斋,28.39,-0.84%,2.14%,12175400.0,9194900.0,2980500.0,21370200.0
sz002993,奥海科技,37.64,-0.84%,4.07%,75356300.0,77705200.0,2348900.0,155000000.0
sh601156,东航物流,12.95,-0.84%,0.46%,18579800.0,28783700.0,10203900.0,47363400.0
sz300945,曼卡龙,15.43,-0.84%,2.97%,14836600.0,20052200.0,5215700.000000001,34888800.0
sh603939,益丰药房,36.44,-0.84%,0.26%,31499400.0,62006300.0,30506900.0,93505600.0
sh601939,建设银行,5.91,-0.84%,0.94%,174000000.0,358000000.0,184000000.0,530999999.99999994
sh601789,宁波建工,4.71,-0.84%,0.91%,14521000.0,31966600.0,17445700.0,46487600.0
sh601238,广汽集团,10.68,-0.84%,0.26%,89070000.0,113999999.99999999,25322199.999999996,202999999.99999997
sz300712,永福股份,35.6,-0.84%,0.55%,14820900.0,20906700.0,6085800.0,36283000.0
sh688325,赛微微电,40.32,-0.84%,1.10%,6636799.999999999,7078700.0,441900.0,13715600.0
sz000301,东方盛虹,11.85,-0.84%,0.16%,43032700.00000001,61826400.0,18793700.0,106000000.0
sz000012,南玻A,5.83,-0.85%,0.40%,15708699.999999998,29557000.0,13848200.0,45543900.0
sz000519,中兵红箭,17.42,-0.85%,0.98%,120000000.0,113999999.99999999,6174400.000000001,236000000.0
sh688391,钜泉科技,68.56,-0.85%,3.02%,15188699.999999998,23103400.0,7914700.0,38292100.0
sz301150,中一科技,46.5,-0.85%,1.43%,20865600.0,24564699.999999996,3699100.0000000005,45430300.0
sh601728,中国电信,5.86,-0.85%,1.16%,610000000.0,727000000.0,115999999.99999999,1337000000.0
sh600698,湖南天雁,4.67,-0.85%,0.75%,12775800.0,16160400.0,3384600.0,28936200.0
sh601881,中国银河,11.72,-0.85%,0.67%,229000000.0,288000000.0,59211000.0,517000000.0
sh601636,旗滨集团,8.18,-0.85%,1.25%,99242900.00000001,173000000.0,73714400.0,272000000.0
sh600971,恒源煤电,8.12,-0.85%,0.79%,31706200.0,45329799.99999999,13623599.999999998,77036000.0
sh600360,华微电子,7.03,-0.85%,0.84%,21213300.0,35282800.0,14069500.0,56496100.0
sz000969,安泰科技,9.36,-0.85%,0.80%,36250500.0,40479000.0,4228500.0,76845500.0
sz000779,甘咨询,11.47,-0.86%,1.52%,24097500.0,40973600.0,16876100.0,65380500.0
sh603565,中谷物流,10.32,-0.86%,0.59%,14065900.0,24928000.0,10862000.0,38993800.0
sh601456,国联证券,9.21,-0.86%,0.80%,29701100.0,43240500.0,13539300.0,72941600.0
sh600714,金瑞矿业,9.21,-0.86%,0.47%,6097000.0,6388600.0,291500.0,12485600.0
sh603920,世运电路,18.44,-0.86%,1.27%,47871500.0,77821200.0,29949800.0,126000000.0
sh601066,中信建投,24.34,-0.86%,0.16%,54204200.0,91477600.0,37273400.0,146000000.0
sz300644,南京聚隆,18.37,-0.86%,1.07%,8461800.0,8368099.999999999,93699.99999999999,16839100.0
sz300407,凯发电气,9.24,-0.86%,3.15%,27387600.000000004,33797700.0,6410200.0,62093200.0
sz002353,杰瑞股份,26.38,-0.86%,1.45%,125000000.0,140000000.0,15213500.0,266000000.0
sz002172,澳洋健康,3.47,-0.86%,0.53%,6109299.999999999,7885000.0,1775800.0000000002,14120900.0
sz002116,中国海诚,12.72,-0.86%,1.81%,41294700.0,54405900.0,13111199.999999998,96486400.0
sz000877,天山股份,8.08,-0.86%,0.18%,12359800.0,14477600.0,2117900.0,27014400.0
sz000737,北方铜业,5.69,-0.87%,0.83%,17350300.0,16947700.0,402600.0,34364000.0
sz002988,豪美新材,18.17,-0.87%,1.20%,25236500.0,25160500.0,75900.0,50600400.0
sz300716,泉为科技,14.73,-0.87%,1.10%,8635000.0,16782000.0,8147000.0,26125500.0
sh600331,宏达股份,4.54,-0.87%,0.91%,43993900.0,40300700.0,3693200.0,84294500.0
sz300601,康泰生物,26.11,-0.87%,0.61%,54642500.0,84642800.0,30000300.000000004,139000000.0
sz300556,丝路视觉,22.68,-0.87%,2.14%,20432800.0,28846700.0,8413800.0,49289200.0
sz300242,佳云科技,3.41,-0.87%,1.76%,16673599.999999998,20500900.0,3827300.0,37744300.0
sz300217,东方电热,5.72,-0.87%,1.39%,38135600.0,59062400.0,20926800.0,98189800.0
sz002683,广东宏大,27.43,-0.87%,0.60%,42150100.0,65490500.0,23340400.0,108000000.0
sz002241,歌尔股份,18.21,-0.87%,1.04%,215000000.0,353000000.0,138000000.0,571000000.0
sz002149,西部材料,17.12,-0.87%,0.56%,23116600.0,23681300.0,564700.0,47190100.0
sz000017,深中华A,4.58,-0.87%,1.11%,6065400.0,9343800.0,3278399.9999999995,15513300.0
sh688469,中芯集成,5.63,-0.88%,2.15%,44706300.0,81327800.0,36621500.0,126000000.0
sh603031,安孚科技,47.54,-0.88%,0.13%,3369700.0000000005,3427400.0,57699.99999999999,6797100.0
sz300815,玉禾田,15.68,-0.88%,1.69%,43492100.0,59575700.0,16083599.999999998,104000000.0
sh601668,中国建筑,5.66,-0.88%,0.23%,208000000.0,327000000.0,119000000.0,534999999.99999994
sh600617,国新能源,4.5,-0.88%,0.80%,18096000.0,17117000.0,978900.0,35213000.0
sh600220,江苏阳光,2.25,-0.88%,0.47%,6281600.0,12369200.0,6087600.0,18650900.0
sh600198,大唐电信,6.75,-0.88%,1.01%,25187000.0,35044000.0,9857000.0,60231000.0
sh600036,招商银行,31.65,-0.88%,0.13%,361000000.0,466000000.0,105000000.0,827000000.0
sz300590,移为通信,12.38,-0.88%,3.71%,64775600.00000001,90823500.0,26047900.0,156000000.0
sz300328,宜安科技,6.75,-0.88%,1.39%,24753800.0,38442600.0,13688800.000000002,63833300.0
sz002897,意华股份,42.8,-0.88%,1.77%,52726200.0,65957600.0,13231400.000000002,120000000.0
sz002849,威星智能,18.02,-0.88%,2.70%,35393000.0,55986700.0,20593800.0,92521800.0
sz002422,科伦药业,28.11,-0.88%,0.48%,62054500.0,94950100.0,32895600.0,157000000.0
sz002197,证通电子,10.18,-0.88%,2.13%,50347200.0,65519900.0,15172700.0,115999999.99999999
sz002109,兴化股份,4.49,-0.88%,0.39%,9372400.0,8841600.0,530800.0,18399700.0
sz000800,一汽解放,9.02,-0.88%,0.18%,34133600.0,39831700.0,5698099.999999999,75267800.0
sz000591,太阳能,6.67,-0.89%,0.76%,64653900.0,117000000.0,52805400.0,183000000.0
sh688119,中钢洛耐,5.56,-0.89%,0.52%,6856799.999999999,9203800.0,2347000.0,16060600.0
sz001308,康冠科技,27.87,-0.89%,1.82%,11816400.000000002,24466000.0,12649600.0,36427300.0
sz300053,航宇微,14.47,-0.89%,2.16%,83856800.0,111000000.00000001,26849600.0,197000000.0
sh688521,芯原股份,69.16,-0.89%,0.84%,58263600.0,62554600.0,4291000.0,121000000.0
sh600381,青海春天,7.82,-0.89%,0.48%,7640800.0,14428100.0,6787300.0,22068900.0
sz301236,软通动力,25.66,-0.89%,1.13%,72031100.0,93539900.0,21508800.0,166000000.0
sh600562,国睿科技,15.55,-0.89%,0.42%,32847900.0,46646500.0,13798599.999999998,79494400.0
sh600165,宁科生物,4.46,-0.89%,1.50%,21358700.0,24579600.0,3220899.9999999995,45938200.0
sz300358,楚天科技,14.43,-0.89%,0.45%,13328800.000000002,19824000.0,6495300.0,33659600.0
sz300149,睿智医药,7.83,-0.89%,0.36%,6652200.0,7218000.0,565800.0,13964000.0
sz300054,鼎龙股份,23.48,-0.89%,0.81%,64615700.0,73742300.0,9126600.0,140000000.0
sz000966,长源电力,5.55,-0.89%,1.45%,45666600.0,59285100.0,13618500.0,105000000.0
sz000100,TCL科技,4.44,-0.89%,2.56%,936999999.9999999,1120000000.0,183000000.0,2073999999.9999998
sz000430,张家界,7.69,-0.90%,1.41%,18019900.0,17673100.0,346700.0,35832900.0
sz301183,东田微,60.66,-0.90%,12.88%,160000000.0,157000000.0,2985600.0,317000000.0
sz300918,南山智尚,13.18,-0.90%,1.70%,9065900.0,15229900.0,6163900.0,24295700.0
sh688357,建龙微纳,63.07,-0.90%,0.45%,9883600.0,13658400.0,3774900.0,23542000.0
sh600715,文投控股,2.21,-0.90%,1.25%,24948300.0,26467500.0,1519199.9999999998,51415800.0
sh601890,亚星锚链,11.07,-0.90%,2.54%,129000000.0,138000000.0,9610100.0,267000000.0
sh688295,中复神鹰,34.21,-0.90%,0.96%,13993599.999999998,27491300.0,13497700.0,41484900.0
sh600100,同方股份,7.73,-0.90%,1.89%,181000000.0,252000000.0,70405000.0,433000000.0
sz300068,南都电源,19.76,-0.90%,1.03%,67449200.0,101000000.0,33928500.0,171000000.0
sz002726,龙大美食,7.75,-0.90%,0.81%,31890000.0,33926400.0,2036300.0,65906200.0
sz002662,京威股份,3.32,-0.90%,0.62%,11278900.000000002,19336000.0,8057100.0,30654000.0
sz002470,ST金正,2.19,-0.90%,1.27%,41080600.00000001,44825800.0,3745200.0,87549000.0
sz002153,石基信息,13.28,-0.90%,0.49%,35451000.0,67353500.0,31902399.999999996,104000000.0
sz000523,广州浪奇,3.3,-0.90%,0.52%,8346200.0,15334400.0,6988200.000000001,23732399.999999996
sz000069,华侨城A,4.39,-0.90%,0.32%,53418400.0,44186800.0,9231600.0,97968600.0
sz000006,深振业A,4.35,-0.91%,0.51%,8373800.0,21138300.0,12764600.0,29698900.0
sz002779,中坚科技,25.01,-0.91%,0.65%,9914400.0,9358400.0,555900.0,19407800.0
sz301327,华宝新能,79.19,-0.91%,3.15%,33310200.0,46714500.0,13404300.0,80024600.0
sh688217,睿昂基因,38.24,-0.91%,0.91%,5067000.0,7994700.0,2927600.0,13061700.0
sh688678,福立旺,22.81,-0.91%,2.62%,26113800.0,27309200.0,1195400.0,53423000.0
sz300733,西菱动力,13.13,-0.91%,1.30%,15057900.0,18004800.0,2946900.0,33331900.0
sz002030,达安基因,9.76,-0.91%,0.54%,24494800.0,49341200.0,24846400.0,74193600.0
sz002010,传化智联,5.43,-0.91%,0.39%,19805000.0,36230700.0,16425700.0,56504500.0
sz000868,安凯客车,5.47,-0.91%,2.57%,41397400.0,56460700.0,15063200.0,102000000.0
sz000848,承德露露,8.72,-0.91%,0.54%,16715600.0,32173300.0,15457700.0,48980400.0
sh601059,信达证券,14.01,-0.92%,2.36%,40976400.0,66094500.0,25118100.0,107000000.0
sh688216,气派科技,27.0,-0.92%,2.12%,10396199.999999998,14670100.0,4273900.0,25066300.0
sh600302,标准股份,5.37,-0.92%,0.89%,6982700.0,9490200.0,2507500.0,16473000.0
sh688378,奥来德,47.48,-0.92%,0.98%,27527100.0,16263300.0,11263800.000000002,43790500.0
sz300846,首都在线,15.13,-0.92%,5.91%,115999999.99999999,166000000.0,49949900.0,286000000.0
sh603087,甘李药业,41.07,-0.92%,2.11%,118000000.0,143000000.0,25268500.0,260000000.0
sh601918,新集能源,4.33,-0.92%,0.62%,31295300.000000004,38182600.0,6887300.0,69477800.0
sz300157,恒泰艾普,3.22,-0.92%,0.61%,5409299.999999999,8289200.0,2879800.0,13794000.0
sz002179,中航光电,44.13,-0.92%,0.25%,107000000.0,113999999.99999999,7320300.0,224000000.00000003
sz002126,银轮股份,17.18,-0.92%,1.63%,89902000.0,115999999.99999999,26046800.0,209000000.0
sz001258,立新能源,9.62,-0.93%,1.47%,8933400.0,23664500.0,14731099.999999998,33032900.0
sz002102,冠福股份,3.2,-0.93%,0.48%,10760000.0,25340600.0,14580600.0,37286800.0
sh688206,概伦电子,26.63,-0.93%,0.90%,14889500.0,20029000.0,5139500.0,34918600.0
sh688667,菱电电控,81.28,-0.93%,2.11%,15076800.0,18657200.0,3580400.0,33734100.0
sh605567,春雪食品,12.76,-0.93%,1.60%,14389600.0,10632700.0,3756900.0,25022300.0
sz002305,南国置业,2.13,-0.93%,0.80%,10015900.0,19127100.0,9111200.0,29392399.999999996
sh688510,航亚科技,19.13,-0.93%,0.70%,14653200.0,7772300.0,6881000.0,22425500.0
sh688296,和达科技,18.05,-0.93%,2.40%,11515600.0,13821099.999999998,2305600.0,25336700.0
sh688388,嘉元科技,24.63,-0.93%,0.97%,36650300.0,61044300.0,24394000.0,97694700.0
sh603589,口子窖,53.19,-0.93%,0.66%,103000000.0,104000000.0,875600.0,206999999.99999997
sh600107,美尔雅,5.33,-0.93%,0.63%,4303500.0,7724400.000000001,3420899.9999999995,12028000.0
sz300710,万隆光电,25.44,-0.93%,1.10%,9520200.0,8711100.0,809100.0,18498500.0
sz300508,维宏股份,33.97,-0.93%,2.73%,23946800.0,28632100.0,4685400.0,52585700.0
sz300415,伊之密,18.03,-0.93%,1.50%,48798800.0,63741800.0,14943000.0,112999999.99999999
sz300401,花园生物,11.66,-0.93%,0.47%,12271900.0,17028600.0,4756800.0,29707100.0
sz002938,鹏鼎控股,24.58,-0.93%,0.29%,68970000.0,93301600.0,24331500.0,164000000.0
sz002448,中原内配,7.43,-0.93%,3.31%,55590200.00000001,60053300.0,4463200.0,115999999.99999999
sz002151,北斗星通,33.96,-0.93%,1.73%,98703799.99999999,138000000.0,39008800.0,239000000.0
sh688298,东方生物,38.49,-0.93%,0.62%,12542800.0,27440200.0,14897400.0,39983000.0
sz000701,厦门信达,6.39,-0.93%,1.25%,14379200.0,18466600.0,4087400.0,33065100.000000004
sz000153,丰原药业,9.56,-0.93%,1.12%,13546199.999999998,19746300.0,6200100.0,33367000.0
sz301308,江波龙,114.85,-0.94%,12.38%,229000000.0,246000000.0,16780000.0,475000000.0
sz002188,中天服务,6.33,-0.94%,1.75%,12143300.0,14250500.0,2107200.0,26467199.999999996
sh688236,春立医疗,24.15,-0.94%,0.75%,5880400.0,8125000.0,2244500.0,14005400.0
sz301096,百诚医药,60.01,-0.94%,1.07%,19101200.0,24794300.0,5693099.999999999,43895500.0
sh688570,天玛智控,27.32,-0.94%,8.98%,55176899.99999999,79399400.0,24222600.000000004,135000000.0
sh603227,雪峰科技,8.39,-0.94%,0.68%,14913500.0,22412600.000000004,7499100.0,37326100.0
sh600123,兰花科创,8.47,-0.94%,0.44%,27702199.999999996,27706500.0,-4310.0,55408700.0
sz300520,科大国创,22.18,-0.94%,2.96%,62867500.0,90379900.0,27512399.999999996,153000000.0
sz300250,初灵信息,15.85,-0.94%,4.84%,50223900.0,71067900.0,20844000.0,123000000.0
sz002936,郑州银行,2.1,-0.94%,0.21%,16266700.0,13463800.000000002,2802900.0,30146600.0
sz002653,海思科,22.17,-0.94%,0.60%,28503700.0,34822400.0,6318700.0,63359399.99999999
sz002608,江苏国信,7.36,-0.94%,0.16%,17091000.0,26418000.0,9327000.0,43846100.0
sz002557,洽洽食品,40.17,-0.94%,0.22%,16854900.0,26313800.0,9458900.0,44011300.0
sz000757,浩物股份,4.23,-0.94%,1.10%,11680400.0,11808400.0,128100.0,23864800.0
sz000426,兴业银锡,9.5,-0.94%,0.54%,28766900.0,46753700.0,17986800.0,76576200.0
sh688529,豪森股份,27.01,-0.95%,3.46%,19915600.0,24055000.0,4139400.0,43970700.0
sh603115,海星股份,14.54,-0.95%,0.42%,6009900.0,8640700.0,2630800.0,14650700.0
sh600881,亚泰集团,2.08,-0.95%,0.30%,9092700.0,10816199.999999998,1723500.0,19908800.0
sh600502,安徽建工,5.24,-0.95%,1.25%,35905500.0,75910000.0,40004500.0,112000000.00000001
sh600230,沧州大化,15.6,-0.95%,0.85%,18885300.0,36022900.0,17137600.0,54908100.00000001
sh600081,东风科技,12.46,-0.95%,1.75%,30207500.0,37893900.0,7686400.0,68101400.0
sz300581,晨曦航空,10.39,-0.95%,0.70%,15901000.0,24069500.0,8168500.0,40026400.0
sz300088,长信科技,6.26,-0.95%,1.16%,68315000.0,106000000.0,38094700.0,177000000.0
sz002585,双星新材,11.46,-0.95%,2.43%,111000000.00000001,136000000.0,24219300.0,248000000.0
sz000506,中润资源,4.19,-0.95%,7.45%,138000000.0,152000000.0,13891600.0,292000000.0
sh688589,力合微,45.18,-0.96%,4.01%,46020000.0,56995000.0,10975000.0,103000000.0
sh600399,抚顺特钢,10.27,-0.96%,1.18%,110000000.00000001,130000000.0,20137400.0,240000000.0
sh688089,嘉必优,29.02,-0.96%,0.74%,13382500.0,12083300.0,1299199.9999999998,25465900.0
sz300940,南极光,18.55,-0.96%,8.05%,57963000.0,55897700.00000001,2065200.0,113999999.99999999
sh603638,艾迪精密,18.66,-0.96%,0.25%,15451000.0,22873700.0,7422700.0,38324700.0
sh603225,新凤鸣,12.35,-0.96%,0.89%,84650000.0,83834300.0,815699.9999999999,168000000.0
sz300575,中旗股份,10.35,-0.96%,1.25%,20909899.999999996,23926500.0,3016600.0000000005,44846700.0
sz300382,斯莱克,12.43,-0.96%,0.91%,31063200.0,38513200.0,7450000.0,70796900.0
sz300509,新美星,7.24,-0.96%,1.21%,8896600.0,12637700.0,3741100.0,21550200.0
sz002928,华夏航空,8.29,-0.96%,0.73%,39220900.0,33377600.000000004,5843300.0,73249100.0
sz002739,万达电影,14.49,-0.96%,2.13%,297000000.0,360000000.0,62723900.0,661000000.0
sz002280,联络互动,3.1,-0.96%,2.00%,53641500.0,59833500.0,6192000.0,115999999.99999999
sh688187,时代电气,42.91,-0.97%,1.26%,53908200.0,59614500.0,5706300.0,113999999.99999999
sz000797,中国武夷,3.05,-0.97%,0.97%,20838300.0,25005600.0,4167300.0,46436700.0
sh601528,瑞丰银行,5.13,-0.97%,0.84%,16046900.0,18028200.0,1981300.0,34075100.0
sz300813,泰林生物,28.52,-0.97%,1.25%,9884700.0,10888100.0,1003400.0,20892600.000000004
sz300848,美瑞新材,22.45,-0.97%,2.23%,26348600.0,26008800.0,339799.99999999994,52804100.0
sh600807,济南高新,3.07,-0.97%,0.61%,7899100.0,6910900.0,988199.9999999999,14810000.0
sh603728,鸣志电器,68.63,-0.97%,0.75%,96584700.0,121000000.0,24022399.999999996,217000000.0
sh600766,*ST园城,10.17,-0.97%,0.21%,1873500.0,3003600.0,1130100.0,4877100.0
sh605050,福然德,11.2,-0.97%,2.31%,19670100.0,19357000.0,313100.0,39027100.0
sz002572,索菲亚,16.28,-0.97%,0.56%,22159699.999999996,35709000.0,13549400.0,58363400.0
sz002100,天康生物,8.17,-0.97%,1.33%,62462600.0,80307500.0,17845000.0,147000000.0
sz002020,京新药业,12.3,-0.97%,1.14%,35301000.0,55505600.00000001,20204500.0,93576500.0
sh603777,来伊份,14.17,-0.98%,1.04%,21116500.0,28374899.999999996,7258400.0,49491400.0
sh603676,卫信康,13.17,-0.98%,0.34%,7531000.0,11757200.0,4226200.0,19288300.0
sh603633,徕木股份,13.17,-0.98%,1.49%,29537399.999999996,34943600.0,5406200.0,64481000.0
sh600833,第一医药,12.08,-0.98%,1.59%,19864900.0,22728400.0,2863500.0,42593300.0
sh600581,八一钢铁,4.03,-0.98%,1.19%,25781400.0,47415200.00000001,21633800.0,73196600.0
sz300686,智动力,11.09,-0.98%,2.37%,18871100.0,33047000.0,14175900.0,52397200.0
sz300429,强力新材,10.09,-0.98%,1.25%,22475400.0,23611100.0,1135700.0,47428800.0
sz002465,海格通信,10.15,-0.98%,0.43%,38365700.0,59153400.0,20787700.0,97841600.0
sz000810,创维数字,15.14,-0.98%,0.78%,43874500.0,86927099.99999999,43052600.0,132000000.0
sz001231,农心科技,21.25,-0.98%,5.22%,12224800.0,15359600.0,3134800.0,27743900.0
sz000036,华联控股,4.03,-0.98%,0.29%,6089500.0,11185000.0,5095500.0,17407100.0
sh688506,百利天恒,91.0,-0.99%,1.19%,14075700.0,21572700.0,7496900.000000001,35648400.0
sz301006,迈拓股份,22.02,-0.99%,1.53%,9166000.0,12489000.0,3323000.0,21655100.000000004
sz300143,盈康生命,10.99,-0.99%,0.70%,20743700.0,20865600.0,121900.0,41847800.0
sz002650,加加食品,4.01,-0.99%,0.53%,12992400.0,11048300.0,1944100.0,24273200.0
sh688607,康众医疗,19.93,-0.99%,1.10%,6943500.0,7694400.000000001,750900.0,14637900.0
sh605389,长龄液压,28.1,-0.99%,5.56%,27258200.0,25634300.0,1623899.9999999998,52892600.0
sh603040,新坐标,26.1,-0.99%,1.57%,28157800.000000004,26568100.0,1589800.0,54725900.0
sh600803,新奥股份,19.05,-0.99%,0.46%,65559500.0,61651500.0,3907900.0,127000000.0
sh688029,南微医学,80.34,-0.99%,0.57%,41713800.0,42085600.00000001,371800.0,83799500.0
sh600477,杭萧钢构,4.0,-0.99%,0.80%,21785200.0,54271899.99999999,32486800.0,76057100.0
sh600351,亚宝药业,6.99,-0.99%,3.29%,81147500.0,94384100.0,13236600.0,176000000.0
sz300447,全信股份,19.0,-0.99%,3.72%,54652700.00000001,84930800.0,30278100.0,142000000.0
sz300151,昌红科技,18.97,-0.99%,1.19%,24437500.0,46239100.0,21801600.0,72515900.0
sz300124,汇川技术,67.8,-0.99%,0.25%,202999999.99999997,186000000.0,17726500.0,397000000.0
sz002901,大博医疗,30.98,-0.99%,0.16%,7854600.0,8915300.0,1060700.0,17042400.0
sh601061,中信金属,8.87,-1.00%,3.32%,56790200.00000001,86202300.0,29412100.0,143000000.0
sh688509,正元地信,4.94,-1.00%,2.20%,16309100.0,24756500.0,8447400.0,41065500.0
sz300111,向日葵,2.98,-1.00%,0.47%,5226900.000000001,9986000.0,4759100.0,15570500.0
sz003041,真爱美家,15.84,-1.00%,1.17%,4646400.0,3804700.0000000005,841700.0,8498700.0
sh688311,盟升电子,63.22,-1.00%,3.17%,59575000.0,76410500.0,16835400.0,136000000.0
sh603416,信捷电气,36.69,-1.00%,0.70%,16258400.0,19538900.0,3280500.0,35797400.0
sh600876,凯盛新能,15.85,-1.00%,0.45%,11580200.0,15878500.0,4298200.0,27458600.0
sh600690,海尔智家,22.82,-1.00%,0.23%,126000000.0,208000000.0,82044400.0,334000000.0
sh600616,金枫酒业,6.94,-1.00%,1.21%,27929699.999999996,27945300.000000004,15600.0,55875000.0
sz300593,新雷能,19.72,-1.00%,1.96%,74015800.0,98287700.0,24271800.0,172000000.0
sz300512,中亚股份,8.95,-1.00%,2.47%,30433500.0,42314799.99999999,11881300.000000002,72844900.0
sz002917,金奥博,10.84,-1.00%,1.76%,18941000.0,30126500.0,11185500.0,49263700.0
sz000543,皖能电力,6.93,-1.00%,0.77%,58046200.0,62362100.0,4315900.0,121000000.0
sh603172,万丰股份,17.58,-1.01%,5.12%,14809200.0,14835400.0,26200.0,29644600.0
sh688232,新点软件,47.23,-1.01%,1.72%,39776600.0,39653200.0,123400.0,79429800.0
sh688353,华盛锂电,36.09,-1.01%,0.88%,4249400.0,7861799.999999999,3612400.0,12111300.000000002
sh688020,方邦股份,46.15,-1.01%,0.78%,11705500.0,17341300.0,5635800.0,29046700.0
sz300259,新天科技,3.91,-1.01%,1.96%,29089300.0,31805900.0,2716700.0,61939100.0
sz300562,乐心医疗,9.81,-1.01%,1.34%,9112700.0,11089900.0,1977200.0,20203600.0
sz002148,北纬科技,5.87,-1.01%,1.18%,12550600.0,18750200.0,6199600.0,31416800.0
sz000915,华特达因,35.3,-1.01%,0.55%,12014500.0,33064300.0,21049800.0,45371600.0
sh688163,赛伦生物,21.25,-1.02%,0.57%,2039000.0,3194000.0,1154900.0,5233000.0
sz301220,亚香股份,33.88,-1.02%,1.61%,10844900.0,11929500.0,1084700.0,22774400.0
sz300951,博硕科技,55.09,-1.02%,1.87%,29207199.999999996,29497700.0,290500.0,58704900.0
sh605338,巴比食品,25.25,-1.02%,0.77%,7883200.000000001,8785200.0,901900.0,16668400.0
sh688536,思瑞浦,232.9,-1.02%,0.72%,50341300.0,59688100.00000001,9346800.0,110000000.00000001
sh603958,哈森股份,7.73,-1.02%,0.75%,6663000.0,6196200.0,466800.0,12859200.0
sh688278,特宝生物,41.64,-1.02%,0.24%,11276800.0,16003300.0,4726500.0,27280100.000000004
sh603017,中衡设计,11.62,-1.02%,4.73%,71856300.0,79471500.0,7615200.0,151000000.0
sz002896,中大力德,36.83,-1.02%,5.32%,143000000.0,151000000.0,8005000.0,298000000.0
sz002022,科华生物,9.66,-1.02%,0.63%,12002700.0,19260900.0,7258099.999999999,31464300.0
sh605005,合兴股份,18.41,-1.02%,11.64%,53916600.0,54275400.0,358800.0,108000000.0
sz000758,中色股份,4.83,-1.02%,0.92%,34267400.0,52948800.0,18681400.0,87598600.0
sz000520,长航凤凰,2.92,-1.02%,0.32%,3233000.0,6302900.0,3069900.0,9612400.0
sz000488,晨鸣纸业,4.83,-1.02%,0.49%,18374500.0,21550100.000000004,3175600.0,40014900.0
sh688392,骄成超声,100.67,-1.03%,2.20%,22254000.0,34639900.0,12385900.0,56894000.0
sz003032,传智教育,14.38,-1.03%,2.51%,25458800.0,36959100.0,11500300.0,62640800.0
sh688180,君实生物,38.6,-1.03%,0.58%,53073500.0,59163800.0,6090200.0,112000000.00000001
sh601778,晶科科技,4.82,-1.03%,0.56%,25389500.0,53403600.0,28014100.0,78793000.0
sh600117,*ST西钢,2.89,-1.03%,0.43%,5004300.0,8094700.0,3090400.0,13099000.0
sz300490,华自科技,16.33,-1.03%,2.41%,57582500.0,68115200.0,10532700.0,127000000.0
sz300466,赛摩智能,6.73,-1.03%,2.80%,34083200.0,44368000.0,10284800.0,79422100.0
sz002073,软控股份,6.7,-1.03%,1.69%,42492600.0,63866500.0,21373900.0,107000000.0
sz301119,正强股份,26.71,-1.04%,7.49%,28296600.0,25854200.0,2442400.0,54161400.0
sz003007,直真科技,25.72,-1.04%,4.49%,19108500.0,25635100.000000004,6526700.0,45217000.0
sh688189,南新制药,9.52,-1.04%,0.47%,4760800.0,7600500.0,2839700.0000000005,12361400.000000002
sz002982,湘佳股份,34.36,-1.04%,1.02%,11511500.0,10941900.0,569700.0,22947900.0
sh603871,嘉友国际,16.16,-1.04%,0.80%,45265600.00000001,44506800.0,758800.0,89772300.0
sh603708,家家悦,12.36,-1.04%,0.46%,14895400.0,19705300.0,4809900.0,34600600.0
sh603690,至纯科技,31.51,-1.04%,1.67%,80472300.0,121000000.0,40522100.0,200999999.99999997
sh600705,中航产融,3.79,-1.04%,0.43%,55308900.0,87430100.0,32121200.0,143000000.0
sz002416,爱施德,7.61,-1.04%,0.30%,10561099.999999998,17520900.0,6959800.0,28170800.0
sz002283,天润工业,6.63,-1.04%,1.91%,59277700.00000001,65250300.0,5972600.0,126000000.0
sz002119,康强电子,13.28,-1.04%,2.45%,48099900.0,73484500.0,25384600.0,123000000.0
sz000700,模塑科技,5.73,-1.04%,0.86%,21075700.0,24057000.0,2981300.0,45269799.99999999
sh688269,凯立新材,61.33,-1.05%,0.27%,5716200.0,7565200.0,1849000.0,13281400.000000002
sz002875,安奈儿,13.24,-1.05%,2.14%,15255500.0,18581400.0,3325899.9999999995,34695500.0
sz000862,银星能源,7.54,-1.05%,2.23%,31089000.0,53011800.0,21922800.000000004,85003700.00000001
sh600935,华塑股份,3.76,-1.05%,0.33%,10938599.999999998,12326400.000000002,1387800.0,23265100.000000004
sz300167,ST迪威迅,2.82,-1.05%,1.24%,4468200.0,6404200.0,1936000.0,10972900.0
sz301066,万事利,16.07,-1.05%,1.84%,10345300.0,10949600.0,604400.0,21294899.999999996
sh605286,同力日升,28.23,-1.05%,2.21%,15706600.0,14253000.0,1453600.0000000002,29959500.0
sz300406,九强生物,20.75,-1.05%,0.60%,15518599.999999998,26208600.0,10690000.0,41864100.0
sz002884,凌霄泵业,15.99,-1.05%,0.46%,9172700.0,10674000.0,1501300.0,20126500.0
sz002734,利民股份,9.42,-1.05%,0.93%,13671199.999999998,14354200.0,683000.0,28134600.0
sz002130,沃尔核材,7.57,-1.05%,1.09%,45256800.0,57657000.0,12400200.0,104000000.0
sh688209,英集芯,17.67,-1.06%,1.24%,22094699.999999996,23879400.0,1784700.0,45974100.0
sz300959,线上线下,35.35,-1.06%,2.36%,15663200.0,15481300.000000002,181900.0,31144500.0
sz000626,远大控股,7.48,-1.06%,0.45%,8539400.0,8067700.0,471700.0,16905900.0
sz001260,坤泰股份,23.12,-1.07%,7.70%,18981600.0,31369100.0,12387500.0,50928500.0
sz300947,德必集团,14.8,-1.07%,1.14%,6509000.0,9531800.0,3022799.9999999995,16040800.0
sh603810,丰山集团,13.92,-1.07%,0.85%,8941900.0,9975100.0,1033199.9999999999,18917000.0
sh601777,力帆科技,3.71,-1.07%,0.46%,14096000.0,23636300.0,9540400.0,37732300.0
sh601118,海南橡胶,4.63,-1.07%,0.44%,42938000.0,43851600.0,913500.0,86789500.0
sh600030,中信证券,20.28,-1.07%,0.31%,265000000.0,444000000.00000006,178000000.0,709000000.0
sz300482,万孚生物,26.7,-1.07%,0.68%,27425000.0,32621500.0,5196500.0,60631500.0
sz300396,迪瑞医疗,27.7,-1.07%,0.60%,19674400.0,22459899.999999996,2785400.0,42494500.0
sz300292,吴通控股,3.69,-1.07%,1.38%,23824300.0,32858500.0,9034100.0,56927700.00000001
sz002659,凯文教育,4.61,-1.07%,1.79%,20608400.0,28784200.0,8175800.0,49436000.0
sz002296,辉煌科技,8.35,-1.07%,1.06%,10817100.0,19567600.0,8750500.0,30660100.000000004
sz000665,湖北广电,5.53,-1.07%,0.71%,16494600.0,27911400.0,11416800.0,44634600.0
sz300699,光威复材,29.25,-1.08%,0.58%,58443500.0,80480500.0,22036900.0,140000000.0
sh688136,科兴制药,18.39,-1.08%,0.94%,4748200.0,6798800.0,2050600.0,11546900.0
sz300855,图南股份,34.67,-1.08%,0.95%,34328300.0,38541600.0,4213300.0,72869900.0
sh603866,桃李面包,10.04,-1.08%,0.35%,17391900.0,37998300.0,20606400.0,55390100.0
sh601872,招商轮船,6.41,-1.08%,0.29%,76188200.0,73156500.0,3031700.0,149000000.0
sh601328,交通银行,5.52,-1.08%,0.23%,169000000.0,318000000.0,149000000.0,487000000.0
sz300554,三超新材,21.07,-1.08%,2.58%,21456400.0,20222100.0,1234400.0,41680600.00000001
sz002088,鲁阳节能,17.46,-1.08%,0.18%,6520500.0,8035100.0,1514700.0,14651700.0
sz000987,越秀资本,6.44,-1.08%,0.16%,24147900.0,27668000.0,3520200.0,52453300.0
sz000625,长安汽车,13.68,-1.08%,1.28%,533000000.0,768000000.0,235000000.0,1334000000.0
sz000421,南京公用,5.45,-1.09%,1.58%,22312100.0,26774000.0,4461900.0,49274300.0
sh688787,海天瑞声,89.86,-1.09%,3.63%,55995100.0,77219100.0,21224000.0,133000000.0
sz300198,纳川股份,2.71,-1.09%,3.29%,34866600.0,45115100.0,10248500.0,81168900.0
sh688595,芯海科技,34.46,-1.09%,1.69%,22956600.0,23201800.0,245200.0,46158400.0
sh688379,华光新材,19.91,-1.09%,1.41%,6310200.0,6760700.000000001,450500.0,13070900.0
sz300582,英飞特,13.59,-1.09%,1.43%,16285700.0,26190700.0,9905000.0,42496800.0
sz300790,宇瞳光学,15.48,-1.09%,0.98%,13576400.000000002,23153700.0,9577300.0,37253400.0
sh603662,柯力传感,31.65,-1.09%,2.23%,94763799.99999999,103000000.0,8541700.0,198000000.0
sh603169,兰石重装,7.27,-1.09%,1.11%,45361200.0,60721400.0,15360200.0,106000000.0
sh600020,中原高速,3.64,-1.09%,0.73%,33498900.0,25745700.0,7753099.999999999,59244600.0
sz002549,凯美特气,10.88,-1.09%,0.85%,21089699.999999996,35899800.0,14810100.0,57418500.0
sh688382,益方生物,14.4,-1.10%,1.18%,8282200.0,9526900.0,1244600.0,17809100.0
sh688655,迅捷兴,17.01,-1.10%,3.32%,20473200.0,19050200.0,1422900.0,39523400.0
sh688577,浙海德曼,45.9,-1.10%,1.27%,6005700.000000001,5106800.0,899000.0,11112500.0
sz300240,飞力达,6.28,-1.10%,0.72%,6191799.999999999,9942600.0,3750700.0,16477900.0
sh600827,百联股份,12.58,-1.10%,0.59%,50279399.99999999,67759100.0,17479700.0,118000000.0
sh600010,包钢股份,1.8,-1.10%,0.61%,118000000.0,231000000.0,112999999.99999999,349000000.0
sz300696,爱乐达,23.46,-1.10%,0.92%,16859800.0,20927199.999999996,4067400.0,38366600.0
sz002108,沧州明珠,4.5,-1.10%,0.60%,15472700.0,29340900.0,13868200.0,45089700.0
sh688485,九州一轨,15.16,-1.11%,1.90%,3174500.0,6071300.0,2896800.0,9245900.0
sh688299,长阳科技,16.01,-1.11%,0.94%,16690600.0,21274500.0,4583900.0,37965100.0
sh600298,安琪酵母,35.61,-1.11%,0.89%,90357099.99999999,182000000.0,91486600.0,272000000.0
sh600048,保利发展,12.46,-1.11%,0.23%,141000000.0,208000000.0,66889000.0,348000000.0
sz300414,中光防雷,10.67,-1.11%,4.82%,71028700.0,84470900.0,13442200.0,159000000.0
sz002038,双鹭药业,9.82,-1.11%,1.32%,43283800.0,66483000.0,23199300.0,111000000.00000001
sz000968,蓝焰控股,8.03,-1.11%,0.52%,16098400.0,23020400.0,6922000.0,40162500.0
sh603048,浙江黎明,17.73,-1.12%,12.76%,42952200.0,41544799.99999999,1407300.0,84497000.0
sz002438,江苏神通,11.46,-1.12%,0.91%,20194800.0,28812399.999999996,8617600.0,49673200.0
sz300184,力源信息,5.32,-1.12%,4.68%,104000000.0,155000000.0,51266200.0,262000000.0
sz002132,恒星科技,3.54,-1.12%,0.61%,14535800.0,15376400.000000002,840600.0,30047700.0
sz002239,奥特佳,2.66,-1.12%,0.92%,30947600.000000004,48033700.0,17086000.0,79835100.0
sz301277,新天地,19.18,-1.13%,3.89%,12733000.0,24423700.0,11690600.0,37156700.0
sz002872,ST天圣,5.27,-1.13%,0.53%,2573100.0,3273000.0,700000.0,6150200.0
sh600771,广誉远,32.25,-1.13%,1.25%,90692800.0,106000000.0,15082700.0,196000000.0
sh600673,东阳光,6.99,-1.13%,0.62%,68399700.0,59776700.0,8623000.0,128000000.0
sh600540,新赛股份,5.27,-1.13%,6.53%,98566100.0,103000000.0,4661400.0,202000000.0
sz300613,富瀚微,59.5,-1.13%,1.22%,69707800.0,87803100.0,18095300.0,158000000.0
sz300589,江龙船艇,14.92,-1.13%,2.91%,40110700.0,55602500.0,15491800.0,95716200.00000001
sz300359,全通教育,6.13,-1.13%,1.18%,15912000.0,28827800.000000004,12915800.0,45848300.0
sz002378,章源钨业,6.13,-1.13%,0.58%,20698600.0,21478800.0,780200.0,42286300.0
sz000795,英洛华,6.98,-1.13%,1.47%,45233900.0,70294200.0,25060300.000000004,115999999.99999999
sz301396,宏景科技,32.92,-1.14%,5.71%,20749699.999999996,30955000.0,10205300.0,51704700.0
sh603280,南方路机,24.28,-1.14%,2.41%,5391200.0,10478699.999999998,5087500.0,15869900.0
sh688153,唯捷创芯,65.12,-1.14%,2.15%,35305200.0,91498799.99999999,56193600.0,127000000.0
sh688110,东芯股份,39.18,-1.14%,5.46%,273000000.0,309000000.0,35825100.0,581000000.0
sh603063,禾望电气,30.47,-1.14%,1.23%,72772900.0,94283300.0,21510400.0,167000000.0
sz300503,昊志机电,18.29,-1.14%,13.37%,247000000.00000003,279000000.0,31902600.000000004,532000000.0
sz300133,华策影视,6.94,-1.14%,1.84%,94055800.0,70680900.0,23374899.999999996,209000000.0
sz002340,格林美,6.93,-1.14%,0.50%,57092900.0,119000000.0,61442700.00000001,176000000.0
sz301232,飞沃科技,60.18,-1.15%,7.31%,20177900.0,35939100.0,15761199.999999998,56116899.99999999
sh603158,腾龙股份,7.73,-1.15%,1.47%,28579300.0,26957399.999999996,1621900.0,55536600.0
sh600499,科达制造,11.19,-1.15%,0.43%,35960700.0,58617500.0,22656900.0,94578100.0
sz300750,宁德时代,225.65,-1.15%,0.27%,898000000.0,1441000000.0,543000000.0,2354000000.0
sz300341,麦克奥迪,11.2,-1.15%,0.91%,20584800.0,30327399.999999996,9742500.0,52943300.0
sz000721,西安饮食,12.02,-1.15%,2.97%,79017200.0,75186200.0,3831000.0,155000000.0
sz000518,四环生物,2.57,-1.15%,0.32%,3893600.0,4496000.0,602400.0,8447100.0
sh601666,平煤股份,7.68,-1.16%,0.58%,41643000.0,60573500.0,18930500.0,102000000.0
sh600267,海正药业,11.08,-1.16%,0.91%,46688600.0,64506200.0,17817600.0,111000000.00000001
sh600180,瑞茂通,5.94,-1.16%,0.64%,21780700.0,17961700.0,3819100.0000000005,39742400.0
sz300781,因赛集团,23.06,-1.16%,1.84%,15378400.0,17984200.0,2605800.0,34407000.0
sz300310,宜通世纪,4.25,-1.16%,2.02%,22391200.0,36361300.0,13970100.0,59254300.0
sz300197,节能铁汉,2.56,-1.16%,1.44%,25710200.0,47400200.00000001,21690000.0,73603900.0
sz002352,顺丰控股,46.85,-1.16%,0.15%,163000000.0,186000000.0,22554000.0,351000000.0
sz000413,东旭光电,1.7,-1.16%,0.36%,7860400.0,22763100.0,14902700.0,30864600.0
sh603153,上海建科,17.7,-1.17%,4.08%,13315800.0,26502199.999999996,13186500.0,39818000.0
sh603392,万泰生物,64.02,-1.17%,0.15%,45289900.0,73854800.0,28564899.999999996,119000000.0
sh688273,麦澜德,33.8,-1.17%,2.16%,9190600.0,7885800.0,1304800.0,17076400.0
sh603358,华达科技,18.58,-1.17%,0.55%,20253900.0,24035800.0,3781900.0,44289600.0
sh600223,福瑞达,9.33,-1.17%,0.50%,19347900.0,27664699.999999996,8316900.000000001,47012600.0
sz300739,明阳电路,15.2,-1.17%,1.26%,27970600.0,27217199.999999996,753400.0,55928100.00000001
sz300301,*ST长方,1.69,-1.17%,0.61%,2438200.0,5415599.999999999,2977300.0,8183800.0
sz002765,蓝黛科技,7.62,-1.17%,3.04%,43147900.0,54929200.0,11781300.000000002,98557000.0
sz002624,完美世界,15.16,-1.17%,1.44%,166000000.0,227999999.99999997,62530600.00000001,398000000.0
sz002232,启明信息,17.7,-1.17%,9.29%,306000000.0,380000000.0,74045100.0,693000000.0
sz002048,宁波华翔,13.49,-1.17%,1.03%,33195000.0,38726400.0,5531400.0,72600500.0
sz002026,山东威达,10.13,-1.17%,8.08%,171000000.0,185000000.0,13630600.0,358000000.0
sz000045,深纺织A,11.02,-1.17%,0.84%,19553600.0,22755700.0,3202100.0,42603400.0
sh688249,晶合集成,20.93,-1.18%,5.49%,178000000.0,225000000.0,47330000.0,403000000.0
sh688184,帕瓦股份,31.84,-1.18%,0.81%,3069500.0,4308100.0,1238600.0,7377600.0
sz000716,黑芝麻,6.72,-1.18%,1.46%,25528700.0,42246600.0,16717800.0,68169900.0
sz000029,深深房A,10.87,-1.18%,0.14%,6255700.000000001,7721799.999999999,1466100.0000000002,14065500.0
sz301093,华兰股份,33.56,-1.18%,0.80%,10706099.999999998,15063500.0,4357500.0,25769500.0
sz300999,金龙鱼,40.06,-1.18%,0.88%,63154000.0,129000000.0,65767400.0,192000000.0
sz300894,火星人,23.54,-1.18%,0.76%,11077200.0,13998800.000000002,2921600.0000000005,25076000.0
sh603713,密尔克卫,86.25,-1.18%,0.18%,12837700.0,11772400.0,1065300.0,24610000.0
sh601216,君正集团,4.2,-1.18%,0.24%,24310400.0,60350400.0,36039900.0,84660900.0
sh600864,哈投股份,5.03,-1.18%,0.76%,29577900.0,50339399.99999999,20761500.0,79917300.0
sh600821,金开新能,6.7,-1.18%,0.82%,28971400.0,67133100.0,38161600.0,96104599.99999999
sh600403,大有能源,4.19,-1.18%,0.27%,13463300.0,12925800.0,537600.0,26389100.0
sz300486,东杰智能,9.2,-1.18%,0.70%,10363100.0,14304100.0,3941100.0,25179300.0
sz300251,光线传媒,8.35,-1.18%,1.50%,142000000.0,208000000.0,66365300.0,352000000.0
sz300191,潜能恒信,19.19,-1.18%,0.86%,18602100.0,16960200.0,1642000.0,36331200.0
sz002853,皮阿诺,16.81,-1.18%,1.43%,11844900.0,15271099.999999998,3426100.0,27334699.999999996
sz002537,海联金汇,6.7,-1.18%,0.69%,17979900.0,35830700.0,17850700.0,54365400.0
sz002460,赣锋锂业,60.46,-1.18%,0.54%,147000000.0,250000000.0,104000000.0,398000000.0
sh601326,秦港股份,3.31,-1.19%,0.30%,16938000.0,30376000.0,13438000.0,47314000.0
sz300523,辰安科技,23.22,-1.19%,1.18%,23775600.0,39930500.0,16154900.0,63731600.0
sz002201,正威新材,9.98,-1.19%,0.53%,14104600.0,19460300.0,5355700.000000001,34732200.0
sz000886,海南高速,4.97,-1.19%,0.70%,7961500.0,25569200.0,17607700.0,33961400.0
sz000738,航发控制,23.22,-1.19%,0.42%,58619300.0,68802200.0,10182900.0,129000000.0
sz000735,罗牛山,6.63,-1.19%,0.98%,34254900.0,40439400.0,6184500.0,75029400.0
sz001287,中电港,27.17,-1.20%,5.16%,99268900.0,158000000.0,58428500.0,260000000.0
sh688053,思科瑞,63.35,-1.20%,5.58%,32125100.000000004,50137800.0,18012700.0,82262900.00000001
sz301263,泰恩康,20.63,-1.20%,1.04%,34357900.0,23762000.0,10595900.0,58119900.0
sz300296,利亚德,6.6,-1.20%,1.26%,79289300.0,90981500.0,11692200.0,171000000.0
sz300442,润泽科技,28.72,-1.20%,2.30%,34325100.0,43625000.0,9299800.0,78505600.0
sh688080,映翰通,43.66,-1.20%,1.40%,12036300.000000002,13526099.999999998,1489800.0,25562399.999999996
sh688488,艾迪药业,11.51,-1.20%,0.70%,6624299.999999999,9994400.0,3370000.0,16618699.999999998
sz300809,华辰装备,20.67,-1.20%,2.98%,32553800.0,40143200.0,7589299.999999999,73556800.0
sh603555,ST贵人,1.65,-1.20%,1.35%,14656000.0,20371300.0,5715300.0,35027400.0
sh603327,福蓉科技,12.4,-1.20%,0.72%,25767800.000000004,35217700.0,9449900.0,60985500.0
sh603111,康尼机电,4.95,-1.20%,0.85%,13316000.0,21924300.0,8608400.0,35240200.0
sh600711,盛屯矿业,4.96,-1.20%,0.58%,33190900.0,55967600.0,22776700.0,89158300.0
sh600153,建发股份,9.05,-1.20%,0.64%,82080300.0,82571500.0,491200.0,165000000.0
sz300706,阿石创,26.38,-1.20%,3.20%,37651100.0,54827400.0,17176400.0,94021700.0
sz300537,广信材料,16.46,-1.20%,2.91%,31979699.999999996,33471000.0,1491300.0,65467299.99999999
sz002610,爱康科技,2.47,-1.20%,0.91%,32092600.000000004,67427000.0,35334400.0,101000000.0
sz002156,通富微电,22.28,-1.20%,2.02%,329000000.0,340000000.0,10876900.0,677000000.0
sz002057,中钢天源,9.9,-1.20%,0.68%,19585700.0,30168300.0,10582600.0,50761200.0
sz301297,富乐德,23.67,-1.21%,8.62%,68686400.0,84072700.0,15386300.000000002,153000000.0
sz301125,腾亚精工,20.43,-1.21%,5.14%,21239300.0,22891000.0,1651699.9999999998,44130300.0
sz300501,海顺新材,16.34,-1.21%,1.83%,16937700.0,19786500.0,2848700.0,37218000.0
sh605399,晨光新材,17.19,-1.21%,1.38%,13923500.0,12355900.0,1567600.0,26279500.0
sh603156,养元饮品,25.3,-1.21%,0.09%,15284300.0,13003800.000000002,2280400.0,28288100.0
sh601318,中国平安,48.05,-1.21%,0.28%,595000000.0,871000000.0000001,276000000.0,1465000000.0
sh600531,豫光金铅,6.53,-1.21%,1.65%,50135700.0,66884200.0,16748500.0,117000000.0
sz300550,和仁科技,16.32,-1.21%,0.46%,10795500.0,8989900.0,1805600.0,19798500.0
sz002272,川润股份,6.52,-1.21%,2.24%,19783100.0,28803000.0,9019900.0,49124300.0
sz000799,酒鬼酒,91.96,-1.21%,0.87%,102000000.0,156000000.0,53856800.0,260000000.0
sh688343,云天励飞,62.28,-1.22%,3.58%,64647500.0,103000000.0,37998900.0,167000000.0
sz301321,翰博高新,16.15,-1.22%,13.58%,100000000.0,107000000.0,6447300.0,206999999.99999997
sz002181,粤传媒,4.84,-1.22%,0.73%,14841099.999999998,25404899.999999996,10563800.000000002,40606700.0
sz002306,中科云网,4.04,-1.22%,0.48%,7896799.999999999,7726400.0,170300.0,15838100.0
sz301030,仕净科技,59.35,-1.22%,3.48%,122000000.0,95118600.0,26810700.0,217000000.0
sz002816,*ST和科,9.72,-1.22%,0.34%,920400.0000000001,2350900.0,1430400.0,3272300.0
sh603331,百达精工,14.57,-1.22%,1.45%,18705700.0,24111200.0,5405599.999999999,42816899.99999999
sh603955,大千生态,17.05,-1.22%,1.01%,12017200.0,11356700.0,660500.0,23373800.0
sh603779,威龙股份,10.54,-1.22%,3.36%,48222600.0,69885900.0,21663300.0,118000000.0
sh603198,迎驾贡酒,64.11,-1.22%,0.21%,47997500.0,59415200.00000001,11417600.0,107000000.0
sh600325,华发股份,8.91,-1.22%,0.57%,47594900.0,60341200.0,12746300.000000002,108000000.0
sh600211,西藏药业,55.04,-1.22%,1.18%,69608400.0,91370300.0,21761900.0,161000000.0
sz300726,宏达电子,41.97,-1.22%,1.29%,48650300.0,66635500.0,17985100.0,115999999.99999999
sz002741,光华科技,16.18,-1.22%,0.92%,25126600.0,24772800.000000004,353800.0,50130500.0
sz002150,通润装备,17.6,-1.23%,1.96%,56306400.0,65157600.0,8851300.0,122000000.0
sz002227,奥特迅,14.44,-1.23%,1.91%,33763300.0,33964000.0,200600.0,68219400.0
sz300037,新宙邦,49.6,-1.23%,0.40%,49050000.0,58907800.0,9857800.0,109000000.00000001
sh605277,新亚电子,15.26,-1.23%,3.92%,31657800.000000004,32388400.0,730600.0,64046200.0
sh603018,华设集团,8.82,-1.23%,2.43%,63765500.0,78627500.0,14862000.0,142000000.0
sh601828,美凯龙,4.81,-1.23%,0.19%,15526300.000000002,17289000.0,1762700.0,32815300.000000004
sz002717,岭南股份,3.2,-1.23%,1.46%,24227600.000000004,43057200.0,18829600.0,67484300.0
sz002541,鸿路钢构,29.62,-1.23%,0.36%,19693500.0,31566500.0,11873000.0,52957400.0
sh603070,万控智造,20.69,-1.24%,12.50%,96873100.0,112999999.99999999,16129300.0,210000000.0
sh688718,唯赛勃,18.34,-1.24%,0.80%,4168900.0,3823900.0,345000.0,7992700.0
sz300937,药易购,33.44,-1.24%,4.84%,30014100.0,36112200.0,6098099.999999999,66126300.0
sh600237,铜峰电子,7.99,-1.24%,2.98%,44144799.99999999,90633799.99999999,46489000.0,135000000.0
sh603757,大元泵业,27.95,-1.24%,2.41%,53488100.00000001,56558800.0,3070700.0,110000000.00000001
sh600660,福耀玻璃,35.75,-1.24%,0.53%,194000000.0,183000000.0,11325900.0,377000000.0
sh600573,惠泉啤酒,11.15,-1.24%,1.77%,18843600.0,30452000.0,11608400.0,49295500.0
sz002415,海康威视,34.22,-1.24%,0.17%,188000000.0,339000000.0,151000000.0,530000000.0
sz002348,高乐股份,3.99,-1.24%,0.58%,6439200.0,13964100.0,7524900.0,20404900.0
sz000558,莱茵体育,3.18,-1.24%,1.72%,29900600.0,40256100.0,10355500.0,70359500.0
sh688503,聚和材料,91.66,-1.25%,2.98%,36919700.0,63142200.0,26222500.0,100000000.0
sh603306,华懋科技,30.71,-1.25%,0.79%,31887300.0,46926100.0,15038800.000000002,78813400.0
sz300484,蓝海华腾,13.47,-1.25%,2.48%,22122600.000000004,27301800.0,5179200.0,53442200.0
sz300205,天喻信息,13.4,-1.25%,1.25%,28202000.0,43086600.0,14884600.0,71737200.0
sz002577,雷柏科技,16.53,-1.25%,1.75%,31200400.0,48659700.0,17459300.0,81226500.0
sz002320,海峡股份,6.33,-1.25%,0.34%,19210100.0,29010800.0,9800800.0,48471200.0
sz000505,京粮控股,7.9,-1.25%,1.29%,27047399.999999996,40558000.0,13510500.0,68063600.0
sz301345,涛涛车业,51.84,-1.26%,8.06%,50764900.0,48284300.0,2480600.0,99049300.0
sh688207,格灵深瞳,24.23,-1.26%,1.22%,23291800.0,28617199.999999996,5325400.0,51909000.0
sz002747,埃斯顿,24.32,-1.26%,1.22%,89997200.0,144000000.0,54402900.0,236000000.0
sh600543,*ST莫高,5.5,-1.26%,0.72%,4361500.0,8413100.0,4051600.0000000005,12774600.0
sz300671,富满微,40.59,-1.26%,0.86%,31420900.0,43098900.0,11678000.0,75299200.0
sz300276,三丰智能,3.92,-1.26%,1.50%,24746900.0,31437399.999999996,6690500.0,57935300.0
sz002929,润建股份,40.02,-1.26%,1.70%,50764000.0,59524000.0,8760100.0,111000000.00000001
sz002507,涪陵榨菜,18.03,-1.26%,0.41%,33286000.0,50741800.0,17455900.0,84275500.0
sz002077,大港股份,16.4,-1.26%,6.69%,313000000.0,326000000.0,12916800.0,642000000.0
sz002019,亿帆医药,14.11,-1.26%,0.30%,11982300.0,23916900.0,11934700.0,36098300.0
sh688307,中润光学,35.07,-1.27%,8.05%,22033200.0,29358900.0,7325700.000000001,51392000.0
sz301258,富士莱,39.01,-1.27%,2.55%,12975400.0,20029400.0,7054000.0,33004800.0
sh688137,近岸蛋白,52.0,-1.27%,1.13%,3871500.0,6082100.0,2210500.0,9953600.0
sz001319,铭科精技,20.99,-1.27%,1.20%,10476000.0,9499900.0,976000.0,20082900.0
sz300977,深圳瑞捷,17.95,-1.27%,4.09%,10162900.0,18378000.0,8215100.0,28540800.0
sz300969,恒帅股份,80.12,-1.27%,6.45%,50414900.0,52259399.99999999,1844400.0,103000000.0
sh603180,金牌厨柜,29.45,-1.27%,0.84%,15995300.0,22083600.0,6088300.0,38079000.0
sh600560,金自天正,14.0,-1.27%,1.71%,20031800.0,33205500.0,13173699.999999998,53237200.0
sz300228,富瑞特装,6.24,-1.27%,1.54%,19788200.0,31785600.0,11997400.0,52474799.99999999
sz002945,华林证券,13.19,-1.27%,0.16%,18395600.0,37308300.0,18912700.0,56244799.99999999
sz002889,东方嘉盛,19.45,-1.27%,1.04%,10445300.0,14655500.0,4210200.0,25349899.999999996
sz002326,永太科技,14.75,-1.27%,1.29%,68142100.0,60595500.0,7546600.0,129000000.0
sz002992,宝明科技,64.17,-1.28%,3.81%,83673100.0,108000000.0,24723800.0,194000000.0
sh605218,伟时电子,16.17,-1.28%,4.02%,30290000.0,27342100.0,2947900.0,57632100.0
sh603056,德邦股份,15.42,-1.28%,0.46%,28865500.0,39523800.0,10658300.0,68389300.0
sh603266,天龙股份,14.66,-1.28%,2.29%,29619300.0,36979200.0,7359900.0,66598500.0
sz300742,*ST越博,5.38,-1.28%,1.98%,4418600.0,7155599.999999999,2737000.0,11907200.0
sz002803,吉宏股份,20.02,-1.28%,3.49%,87919500.0,106000000.0,17888300.0,194000000.0
sh688175,高凌信息,38.49,-1.28%,2.11%,11822000.0,13691400.000000002,1869500.0,25513400.0
sz301225,恒勃股份,35.99,-1.29%,13.69%,55988900.0,60006800.0,4017900.0,115999999.99999999
sz301280,珠城科技,39.01,-1.29%,7.46%,31134100.0,36715300.0,5581300.0,67849400.0
sh688322,奥比中光,36.73,-1.29%,10.57%,60954799.99999999,66457700.00000001,5502900.0,127000000.0
sz002420,毅昌科技,6.12,-1.29%,1.69%,18369400.0,21837900.0,3468500.0,40290900.0
sz002685,华东重机,3.84,-1.29%,1.63%,22435200.0,28478300.0,6043000.0,50955300.0
sz002554,惠博普,3.82,-1.29%,1.39%,16447800.0,29596700.0,13149000.0,46171700.0
sh688305,科德数控,92.7,-1.29%,2.76%,57007100.0,67474600.0,10467500.0,124000000.0
sh603666,亿嘉和,37.51,-1.29%,2.69%,101000000.0,102000000.0,331200.0,202999999.99999997
sz002497,雅化集团,17.57,-1.29%,0.68%,48824100.0,75689500.0,26865500.0,126000000.0
sz002454,松芝股份,8.4,-1.29%,2.14%,55779799.99999999,56597400.0,817500.0,112000000.00000001
sh601133,柏诚股份,15.17,-1.30%,4.41%,32042199.999999996,52542900.0,20500700.0,84585100.0
sz301339,通行宝,25.8,-1.30%,5.25%,35384700.0,46414600.0,11029900.0,81799200.0
sz301439,泓淋电力,19.0,-1.30%,9.26%,72977600.0,90238799.99999999,17261200.0,163000000.0
sz003030,祖名股份,23.5,-1.30%,0.88%,3968300.0,6295599.999999999,2327300.0,10350900.0
sh600841,动力新科,6.09,-1.30%,0.42%,13142000.0,10121900.0,3020100.0,23307700.0
sz300799,*ST左江,290.87,-1.30%,0.25%,21413600.0,28530200.0,7116600.0,50089300.0
sh688135,利扬芯片,21.95,-1.30%,1.41%,17275000.0,22713400.0,5438400.0,39988400.0
sh600121,郑州煤电,4.57,-1.30%,1.61%,39923300.0,49109000.0,9185700.0,89032300.0
sh603919,金徽酒,23.45,-1.30%,0.36%,16212200.0,26252399.999999996,10040200.0,42464700.0
sh603228,景旺电子,25.15,-1.30%,1.16%,124000000.0,121000000.0,2444000.0,245000000.00000003
sh601869,长飞光纤,36.57,-1.30%,0.84%,50220100.0,74284200.0,24064100.0,125000000.0
sh601369,陕鼓动力,9.11,-1.30%,0.57%,32100400.0,55088700.0,22988300.0,87189100.0
sh600926,杭州银行,11.35,-1.30%,0.24%,57332500.0,87613600.0,30281100.0,145000000.0
sz002051,中工国际,11.36,-1.30%,0.77%,48589799.99999999,58568000.0,9978100.0,108000000.0
sz000878,云南铜业,11.42,-1.30%,0.56%,59166899.99999999,68370100.0,9203200.0,128000000.0
sh601065,江盐集团,12.76,-1.31%,5.57%,45190200.00000001,64846700.0,19656500.0,110000000.00000001
sh688400,凌云光,29.45,-1.31%,3.77%,38080800.0,59435200.00000001,21354400.0,97516000.0
sh688205,德科立,68.36,-1.31%,8.03%,57217500.0,72341900.0,15124400.0,130000000.0
sh605208,永茂泰,9.77,-1.31%,2.71%,22045300.000000004,22158800.0,113400.0,44204200.0
sz002818,富森美,14.35,-1.31%,0.86%,16162300.0,20586700.0,4424300.0,36908300.0
sh688778,厦钨新能,47.48,-1.31%,0.65%,16726199.999999998,24335400.0,7609200.0,41061700.0
sh688260,昀冢科技,18.03,-1.31%,0.91%,4914700.0,6382800.0,1468100.0,11297500.0
sh601995,中金公司,36.23,-1.31%,1.04%,131000000.0,219000000.0,88065400.00000001,349000000.0
sz300840,酷特智能,12.76,-1.31%,2.40%,22906100.0,31085400.0,8179400.000000001,54356300.0
sh600519,贵州茅台,1729.97,-1.31%,0.11%,1041000000.0,1441000000.0,399000000.0,2482000000.0
sz002895,川恒股份,19.62,-1.31%,0.89%,29526900.0,55857600.0,26330700.0,86769100.0
sh688275,万润新能,91.48,-1.32%,1.19%,14935000.0,16907500.0,1972400.0,31842500.0
sh688562,航天软件,26.85,-1.32%,3.52%,26549000.0,35619800.0,9070800.0,62168800.0
sz301187,欧圣电气,18.74,-1.32%,8.67%,31558400.0,46277600.0,14719100.0,77836000.0
sz300988,津荣天宇,20.99,-1.32%,2.84%,13664900.0,15933000.0,2268200.0,29597900.0
sh688081,兴图新科,17.17,-1.32%,2.26%,13522900.0,14081300.000000002,558400.0,27604300.0
sh600383,金地集团,6.75,-1.32%,0.79%,81024500.0,159000000.0,78032600.0,240000000.0
sh600261,阳光照明,3.75,-1.32%,0.65%,16428599.999999998,16946200.0,517600.0,33374899.999999996
sz300059,东方财富,14.22,-1.32%,0.97%,673000000.0,1140000000.0,466000000.0,1834000000.0
sz002598,山东章鼓,11.24,-1.32%,1.07%,14502000.0,18639200.0,4137200.0000000005,33615300.0
sz002536,飞龙股份,14.98,-1.32%,7.31%,219000000.0,291000000.0,72084700.0,512000000.0
sz001380,华纬科技,32.65,-1.33%,5.87%,23751900.0,36857000.0,13105100.0,60831000.0
sz002005,ST德豪,1.48,-1.33%,0.23%,2116900.0,3500100.0,1383200.0,5771400.0
sz002127,南极电商,3.72,-1.33%,0.51%,13490300.0,23770000.0,10279700.0,37735000.0
sh688625,呈和科技,40.76,-1.33%,0.77%,12973400.0,12924800.0,48700.0,25898200.0
sh603123,翠微股份,9.66,-1.33%,0.70%,14236500.0,29987600.000000004,15751099.999999998,44224100.0
sz300845,捷安高科,21.52,-1.33%,2.45%,25138100.0,32480900.0,7342800.0,58494900.0
sh603908,牧高笛,44.4,-1.33%,0.89%,12144400.0,14237500.0,2093100.0,26381900.0
sh601857,中国石油,8.13,-1.33%,0.05%,287000000.0,366000000.0,78999200.0,654000000.0
sh600629,华建集团,6.69,-1.33%,1.45%,38712700.0,52805500.0,14092800.0,91518200.0
sh600231,凌钢股份,2.22,-1.33%,0.24%,5701900.000000001,9604800.0,3903000.0,15306700.0
sz002432,九安医疗,34.09,-1.33%,0.76%,62100000.0,63375800.0,1275800.0,126000000.0
sz000572,海马汽车,4.44,-1.33%,1.39%,40581200.0,59606200.0,19025000.0,101000000.0
sz000981,山子股份,1.47,-1.34%,0.71%,22926800.0,30489300.0,7562500.0,57172500.0
sz301121,紫建电子,50.0,-1.34%,4.07%,15787800.0,20143100.0,4355300.0,35931000.0
sz301312,智立方,88.93,-1.34%,4.71%,25803600.0,45110000.0,19306500.0,70913500.0
sz300614,百川畅银,30.09,-1.34%,6.01%,73612700.0,88185600.0,14573000.0,162000000.0
sz300881,盛德鑫泰,32.45,-1.34%,3.60%,15930400.0,18161100.0,2230700.0,34091500.0
sz300893,松原股份,24.3,-1.34%,3.19%,19196800.0,24969100.0,5772300.0,44165800.0
sh688472,阿特斯,16.15,-1.34%,4.84%,125000000.0,208000000.0,83177099.99999999,334000000.0
sh603218,日月股份,18.35,-1.34%,0.91%,68954800.0,92604200.0,23649400.0,162000000.0
sh601699,潞安环能,16.94,-1.34%,0.33%,75669200.0,89676700.0,14007500.0,165000000.0
sh600600,青岛啤酒,100.02,-1.34%,0.36%,94707400.0,160000000.0,65566800.0,254999999.99999997
sz300747,锐科激光,29.42,-1.34%,1.50%,92450800.0,126000000.0,34049100.0,225000000.0
sz300618,寒锐钴业,33.12,-1.34%,1.10%,53034300.0,46670700.0,6363600.0,99708400.0
sz300298,三诺生物,22.79,-1.34%,0.33%,14327400.0,19770000.0,5442600.0,34491400.0
sz000736,中交地产,13.21,-1.34%,1.35%,55887200.0,65447900.0,9560700.0,123000000.0
sh688429,时创能源,27.08,-1.35%,9.34%,33171500.0,42891899.99999999,9720300.0,76063300.0
sh601500,通用股份,4.37,-1.35%,3.44%,101000000.0,93186400.0,8103200.000000001,194000000.0
sh600702,舍得酒业,131.54,-1.35%,1.13%,245000000.00000003,247000000.00000003,1768700.0,492000000.0
sz002501,利源股份,1.46,-1.35%,0.19%,2597700.0,7149000.0,4551300.0,9765900.0
sz002271,东方雨虹,26.26,-1.35%,0.64%,115999999.99999999,215000000.0,98899500.0,333000000.0
sz000897,津滨发展,2.19,-1.35%,5.78%,104000000.0,99742099.99999999,4043700.0,204999999.99999997
sz301378,通达海,60.33,-1.36%,2.23%,7321600.0,15823500.0,8501800.0,23145100.000000004
sh688677,海泰新光,53.03,-1.36%,1.60%,24051000.0,40043600.0,15992600.0,64094700.0
sh688019,安集科技,155.06,-1.36%,0.54%,31747900.0,48935800.0,17187900.0,80683700.0
sh601718,际华集团,2.9,-1.36%,0.70%,32925700.0,55769799.99999999,22844100.0,88695500.0
sz300485,赛升药业,10.18,-1.36%,0.74%,7121600.0,13054400.0,5932800.0,20419600.0
sz002362,汉王科技,23.85,-1.36%,3.60%,72921500.0,106000000.0,32680300.000000004,179000000.0
sz000963,华东医药,44.26,-1.36%,0.25%,95549000.0,92891100.0,2657900.0,190000000.0
sz000813,德展健康,2.9,-1.36%,0.23%,5400800.0,9102300.0,3701500.0,14547800.0
sz000056,皇庭国际,3.64,-1.36%,0.93%,14920600.0,15717000.0,796500.0,30691100.0
sz003043,华亚智能,52.66,-1.37%,2.39%,11674000.0,24230600.0,12556600.0,36009900.0
sz301015,百洋医药,25.93,-1.37%,1.04%,13191300.000000002,18705700.0,5514500.0,31897000.0
sh603993,洛阳钼业,5.76,-1.37%,0.66%,350000000.0,319000000.0,31098100.0,669000000.0
sh603165,荣晟环保,15.81,-1.37%,1.58%,30206700.0,39453300.0,9246500.0,69659900.0
sh601015,陕西黑猫,4.31,-1.37%,0.61%,26238300.0,27441200.0,1202900.0,53679500.0
sz300014,亿纬锂能,56.79,-1.37%,0.63%,231999999.99999997,426000000.0,194000000.0,667000000.0
sz000531,穗恒运A,7.22,-1.37%,0.57%,14229600.0,18812000.0,4582400.0,33772900.0
sh603102,百合股份,42.01,-1.38%,2.64%,15299600.0,18103400.0,2803800.0,33402900.0
sh688306,均普智能,5.71,-1.38%,4.56%,54713100.00000001,65355700.0,10642600.0,120000000.0
sz001255,博菲电气,39.44,-1.38%,3.21%,11719900.0,13594100.0,1874100.0,25408700.0
sh600654,ST中安,2.15,-1.38%,0.19%,2665500.0,6420599.999999999,3755100.0,9086100.0
sh603444,吉比特,428.18,-1.38%,0.92%,134000000.00000001,149000000.0,14899000.0,282000000.0
sh601717,郑煤机,12.18,-1.38%,0.56%,35176100.0,69359800.0,34183600.0,105000000.0
sh600676,交运股份,4.28,-1.38%,0.80%,12745200.0,22365000.0,9619800.0,35110300.0
sh600176,中国巨石,13.56,-1.38%,0.22%,39470400.0,81518500.0,42048100.00000001,121000000.0
sz000793,华闻集团,2.15,-1.38%,0.88%,10990400.0,26040100.000000004,15049700.0,37062100.0
sz301152,天力锂能,39.0,-1.39%,7.18%,42066500.0,35598000.0,6468500.0,77664500.0
sh688360,德马科技,21.25,-1.39%,0.84%,11230100.0,10052300.0,1177800.0,21282399.999999996
sz300922,天秦装备,17.75,-1.39%,2.59%,18408000.0,21088100.0,2680100.0,39496100.0
sz300395,菲利华,43.88,-1.39%,0.58%,45270100.0,75280200.0,30010100.000000004,121000000.0
sz002935,天奥电子,19.89,-1.39%,1.53%,51845900.0,50422100.0,1423800.0,103000000.0
sz002532,天山铝业,6.39,-1.39%,0.69%,76379200.0,94656800.0,18277700.0,172000000.0
sh688981,中芯国际,48.77,-1.40%,0.84%,354000000.0,453000000.0,98653200.0,807000000.0
sh605358,立昂微,37.21,-1.40%,1.07%,81840900.0,118000000.0,36204300.0,200000000.0
sh603138,海量数据,19.71,-1.40%,2.22%,50065800.0,74010900.0,23945100.000000004,124000000.0
sh600273,嘉化能源,9.85,-1.40%,1.02%,69720300.0,70574200.0,853900.0,140000000.0
sz300161,华中数控,47.87,-1.40%,2.69%,92774200.0,119000000.0,26481000.0,214000000.0
sz000415,渤海租赁,2.12,-1.40%,0.23%,9073000.0,17324400.0,8251400.0,26490100.000000004
sz301376,致欧科技,25.25,-1.41%,8.91%,33335000.0,41345300.0,8010300.0,74680300.0
sz300873,海晨股份,20.34,-1.41%,1.27%,12537000.0,15157200.0,2620200.0,27694200.0
sz300973,立高食品,62.78,-1.41%,0.93%,18848400.0,22407500.0,3559100.0000000005,41256000.0
sh601888,中国中免,115.4,-1.41%,0.52%,490000000.00000006,677000000.0,187000000.0,1167000000.0
sh600106,重庆路桥,4.88,-1.41%,0.82%,24216300.0,28860600.0,4644200.0,53076899.99999999
sz300462,华铭智能,11.89,-1.41%,4.03%,34138900.0,29695800.0,4443100.0,65156700.0
sh688280,精进电动,9.05,-1.42%,1.20%,21283500.0,28036000.0,6752500.0,49319399.99999999
sz300956,英力股份,16.65,-1.42%,7.46%,28139100.0,42466400.0,14327400.0,70605500.0
sh603663,三祥新材,11.09,-1.42%,1.99%,29132399.999999996,37389200.0,8256799.999999999,66521600.0
sh601633,长城汽车,25.04,-1.42%,0.17%,124000000.0,140000000.0,16239100.0,264000000.0
sh600053,九鼎投资,13.19,-1.42%,0.28%,6303200.000000001,9563900.0,3260700.0,15867100.0
sz002878,元隆雅图,17.35,-1.42%,2.51%,33760700.0,51241500.0,17480800.0,85672000.0
sz002274,华昌化工,7.66,-1.42%,0.73%,27149200.0,24193700.0,2955500.0,52165900.0
sz002234,民和股份,18.71,-1.42%,1.37%,41298500.0,35403400.0,5895000.0,77281700.0
sz000829,天音控股,9.0,-1.42%,0.73%,24927000.0,41104799.99999999,16177800.0,66932700.00000001
sh688162,巨一科技,41.25,-1.43%,1.39%,12680600.0,14297500.0,1616900.0,26978100.0
sh603088,宁波精达,8.25,-1.43%,3.16%,44295600.00000001,67429600.0,23134000.0,112000000.00000001
sh688586,江航装备,13.06,-1.43%,1.02%,18912300.0,28331000.0,9418700.0,47243200.0
sh603308,应流股份,17.25,-1.43%,0.39%,20779000.0,25635500.0,4856500.0,46414600.0
sh600339,中油工程,4.15,-1.43%,0.74%,76779000.0,93139800.0,16360800.0,170000000.0
sz002488,金固股份,6.89,-1.43%,0.70%,18818400.0,24977199.999999996,6158800.0,43927800.0
sz000633,合金投资,6.91,-1.43%,1.09%,12173800.000000002,16438300.0,4264500.0,28986600.0
sz301191,菲菱科思,100.73,-1.44%,9.49%,99161400.0,110000000.00000001,11255100.0,210000000.0
sh688045,必易微,57.98,-1.44%,1.54%,11243800.000000002,18354800.0,7111000.0,29598600.0
sh688203,海正生材,13.69,-1.44%,2.88%,8977800.0,10083300.0,1105500.0,19061200.0
sh688013,天臣医疗,23.26,-1.44%,2.13%,8264200.0,11079000.0,2814800.0,19343100.0
sh688799,华纳药厂,41.1,-1.44%,2.67%,18627900.0,28861800.0,10233800.0,47489600.0
sh601658,邮储银行,4.78,-1.44%,0.11%,157000000.0,190000000.0,33441100.0,347000000.0
sh688008,澜起科技,61.1,-1.44%,1.26%,437000000.0,438000000.0,958600.0,875000000.0
sh603305,旭升集团,25.92,-1.44%,0.88%,105000000.0,107000000.0,1936900.0,212000000.0
sh600497,驰宏锌锗,5.47,-1.44%,2.53%,250999999.99999997,451999999.99999994,200999999.99999997,703000000.0
sz002827,高争民爆,11.6,-1.44%,0.74%,11083000.0,12177700.0,1094700.0,23794300.0
sz002617,露笑科技,7.51,-1.44%,1.73%,99261100.0,144000000.0,44756600.0,246000000.0
sz002049,紫光国微,92.15,-1.44%,0.81%,250000000.0,381000000.0,132000000.0,634000000.0
sz001896,豫能控股,4.8,-1.44%,0.98%,24753900.0,37366200.0,12612300.0,62479399.99999999
sz002569,ST步森,5.42,-1.45%,0.29%,494000.0,1537600.0,1043600.0,2217800.0
sz000595,宝塔实业,5.45,-1.45%,0.59%,12899000.0,23545600.0,10646600.0,38522300.0
sz301128,强瑞技术,35.38,-1.45%,5.72%,27186900.0,26597100.0,589800.0,55345800.0
sz300052,中青宝,18.99,-1.45%,2.09%,41235500.0,61204900.0,19969400.0,104000000.0
sz002323,雅博股份,2.71,-1.45%,0.39%,5271500.0,16997900.0,11726500.0,22351800.0
sh600105,永鼎股份,6.8,-1.45%,4.50%,191000000.0,233000000.0,41842100.0,424000000.0
sz300621,维业股份,10.19,-1.45%,0.61%,6224700.0,5947800.0,276900.0,12173500.0
sz300517,海波重科,14.28,-1.45%,1.91%,12421900.0,21395200.0,8973300.0,33857000.0
sz300269,联建光电,3.41,-1.45%,1.70%,12470600.0,17649500.0,5178900.0,30675700.0
sz002822,中装建设,4.09,-1.45%,0.79%,10230000.0,10861700.0,631600.0,21247500.0
sz002579,中京电子,9.53,-1.45%,1.43%,30318600.0,48934700.0,18616100.0,79805500.0
sz002467,二六三,4.77,-1.45%,1.26%,26998700.0,54454700.0,27456000.0,81684600.0
sh688539,高华科技,41.24,-1.46%,3.25%,15419800.0,22332199.999999996,6912300.0,37752000.0
sz300994,久祺股份,15.53,-1.46%,1.89%,8208500.0,14532300.0,6323800.0,22740700.0
sz301000,肇民科技,19.64,-1.46%,7.59%,39893400.0,62745700.0,22852300.0,103000000.0
sh603722,阿科力,46.69,-1.46%,0.76%,7962000.0,23421300.0,15459300.0,31383300.0
sh600303,ST曙光,4.74,-1.46%,1.30%,15703000.0,25786100.0,10083100.0,41489100.0
sh600196,复星医药,30.44,-1.46%,0.41%,98896800.0,164000000.0,65181800.0,263000000.0
sz300668,杰恩设计,20.98,-1.46%,1.31%,9509300.0,11935400.0,2426100.0,21647100.0
sz002542,中化岩土,2.7,-1.46%,0.80%,8300300.0,25837600.000000004,17537200.0,34197000.0
sz002218,拓日新能,4.72,-1.46%,0.52%,14938800.000000002,19064300.0,4125600.0,34436800.0
sz300246,宝莱特,12.07,-1.47%,4.40%,47172000.0,61093000.0,13920900.0,111000000.00000001
sh688768,容知日新,67.18,-1.47%,1.62%,16558599.999999998,19344600.0,2786100.0,35903200.0
sh603159,上海亚虹,14.79,-1.47%,1.08%,10743300.0,11765700.0,1022400.0,22509000.0
sh688561,奇安信,50.1,-1.47%,1.16%,113999999.99999999,161000000.0,46518100.00000001,275000000.0
sh600067,冠城大通,2.68,-1.47%,0.42%,5654700.0,10093700.0,4439000.0,15748400.0
sh603887,城地香江,8.7,-1.47%,1.65%,28359400.0,36478800.0,8119400.000000001,64838200.0
sh603868,飞科电器,65.9,-1.47%,0.16%,17275300.0,29001600.0,11726300.000000002,46276899.99999999
sh603339,四方科技,15.45,-1.47%,1.61%,43398500.0,33437800.000000004,9960700.0,76836200.0
sh601969,海南矿业,6.68,-1.47%,0.35%,24678200.0,22137399.999999996,2540800.0,46815700.0
sh600463,空港股份,9.4,-1.47%,1.82%,24159800.0,27156300.0,2996500.0,51316100.0
sh600059,古越龙山,10.72,-1.47%,1.23%,51803700.0,68643400.0,16839800.0,120000000.0
sz300770,新媒股份,44.27,-1.47%,0.98%,38501400.0,61809300.0,23307900.0,101000000.0
sz300464,星徽股份,6.7,-1.47%,1.79%,13357300.0,23365800.0,10008500.0,37150300.0
sz300443,金雷股份,33.45,-1.47%,1.89%,56222700.00000001,59369399.99999999,3146700.0,117000000.0
sz002304,洋河股份,133.09,-1.47%,0.13%,108000000.0,151000000.0,42819799.99999999,263000000.0
sz000690,宝新能源,6.68,-1.47%,1.68%,85426200.00000001,155000000.0,69959300.0,243000000.00000003
sz301380,挖金客,45.87,-1.48%,6.53%,22032300.0,29410000.0,7377600.0,51442200.0
sh688070,纵横股份,43.35,-1.48%,0.71%,5157900.0,6707400.0,1549500.0,11865200.0
sz301001,凯淳股份,27.9,-1.48%,4.85%,19276200.0,27445800.0,8169600.0,46722100.0
sh688686,奥普特,143.38,-1.48%,2.03%,31114400.0,68206500.0,37092100.0,99320800.0
sh603067,振华股份,12.02,-1.48%,0.84%,15989200.0,34571800.0,18582600.0,50561000.0
sz300727,润禾材料,26.05,-1.48%,1.14%,11538200.0,21822600.000000004,10284400.0,33907800.0
sz300294,博雅生物,33.96,-1.48%,0.50%,22148900.0,50524200.0,28375300.000000004,73226400.0
sh688271,联影医疗,136.1,-1.48%,1.43%,38887700.0,58743000.0,19855400.0,97630800.0
sz000001,平安银行,11.29,-1.48%,0.29%,222000000.00000003,417000000.0,195000000.0,642000000.0
sz002977,天箭科技,34.46,-1.49%,3.50%,36513700.0,40124400.0,3610600.0,78204100.0
sh603311,金海高科,11.25,-1.49%,1.31%,11745000.0,19245100.0,7500100.0,30990100.000000004
sz300622,博士眼镜,23.08,-1.49%,1.23%,15939600.0,16704700.0,765100.0,32648900.0
sz002009,天奇股份,13.26,-1.49%,1.53%,23465100.000000004,50375300.0,26910300.000000004,74980100.0
sz301176,逸豪新材,18.33,-1.50%,9.40%,32379100.0,37621100.0,5242100.0,70000200.0
sz301215,中汽股份,6.56,-1.50%,2.65%,59335000.0,73635300.0,14300300.0,133000000.0
sz002215,诺普信,7.2,-1.50%,1.75%,43468200.0,54660900.0,11192700.0,99290100.0
sh600817,宇通重工,11.15,-1.50%,1.04%,9501700.0,12877100.0,3375400.0,22378900.0
sz301043,绿岛风,31.58,-1.50%,2.36%,6479400.000000001,6958400.0,479000.0,13437700.0
sh688419,耐科装备,44.0,-1.50%,12.49%,47115200.00000001,60299500.0,13184300.0,107000000.0
sh600758,辽宁能源,4.59,-1.50%,0.88%,23940800.0,29226400.0,5285599.999999999,53167200.0
sh600338,西藏珠峰,17.75,-1.50%,0.94%,74356600.0,77703100.0,3346400.0,152000000.0
sh600028,中国石化,6.56,-1.50%,0.07%,184000000.0,231999999.99999997,48643300.0,416000000.0
sz300134,大富科技,9.88,-1.50%,0.77%,22550900.0,30707100.0,8156200.0,54485300.0
sz002911,佛燃能源,13.13,-1.50%,0.40%,22209300.0,26982199.999999996,4772900.0,49497100.0
sz002733,雄韬股份,17.03,-1.50%,1.27%,31808400.0,46736000.0,14927600.0,78816800.0
sz002093,国脉科技,7.88,-1.50%,1.32%,34159700.0,69974700.0,35815000.0,105000000.0
sz000931,中关村,5.89,-1.51%,1.08%,21077500.0,26140200.0,5062700.0,47516300.0
sh688603,天承科技,96.44,-1.51%,16.82%,91123500.0,106000000.0,14934400.0,197000000.0
sz301080,百普赛斯,56.93,-1.51%,1.17%,15066600.0,26923700.0,11857100.0,42007299.99999999
sz000816,智慧农业,3.26,-1.51%,1.19%,17932800.0,37337600.0,19404900.0,55766300.0
sh688173,希荻微,21.58,-1.51%,0.64%,10320300.0,13159400.0,2839100.0000000005,23479600.0
sh688155,先惠技术,50.25,-1.51%,1.23%,9335400.0,11272400.0,1937100.0,20607800.000000004
sz300828,锐新科技,16.31,-1.51%,4.91%,51321899.99999999,44279300.0,7042700.0,96875000.0
sh688177,百奥泰,28.66,-1.51%,0.22%,11709600.0,14142300.0,2432700.0,25851900.0
sh600636,国新文化,11.71,-1.51%,2.00%,47182200.0,55885200.00000001,8703100.0,103000000.0
sz300561,汇金科技,11.72,-1.51%,3.03%,28022399.999999996,36552700.0,8530300.0,64576200.0
sz300223,北京君正,95.88,-1.51%,2.71%,500000000.0,567000000.0,67419700.0,1079000000.0
sz000917,电广传媒,7.19,-1.51%,1.40%,57050600.00000001,85907500.0,28856900.0,144000000.0
sz300804,广康生化,34.91,-1.52%,8.59%,17631200.0,32640500.0,15009200.0,51154900.0
sz002096,易普力,11.69,-1.52%,0.64%,11351400.000000002,16491900.0,5140400.0,27928600.0
sz002402,和而泰,16.79,-1.52%,0.98%,58843600.0,72790100.0,13946500.0,132000000.0
sh601001,晋控煤业,9.06,-1.52%,0.56%,38751300.0,46995700.0,8244400.000000001,85747099.99999999
sz300031,宝通科技,22.65,-1.52%,3.59%,123000000.0,155000000.0,32823200.0,281000000.0
sz002881,美格智能,30.54,-1.52%,1.22%,20851900.0,38623300.0,17771400.0,60491400.0
sz002848,高斯贝尔,10.36,-1.52%,3.09%,20489699.999999996,30873000.0,10383200.0,51772100.0
sz002712,思美传媒,6.49,-1.52%,2.44%,39486900.0,46028300.0,6541400.0,85863400.0
sz002670,国盛金控,9.07,-1.52%,1.82%,113999999.99999999,153000000.0,38944900.0,268000000.00000003
sz300483,首华燃气,12.23,-1.53%,0.81%,11668300.0,14120900.0,2452600.0,25839300.0
sh603161,科华控股,15.44,-1.53%,5.06%,42897800.0,60763100.00000001,17865300.0,104000000.0
sz300270,中威电子,8.37,-1.53%,7.68%,56703500.0,84888100.0,28184500.0,144000000.0
sz300264,佳创视讯,6.42,-1.53%,2.34%,19355400.0,33921600.0,14566199.999999998,53892600.0
sz300224,正海磁材,12.86,-1.53%,2.05%,105000000.0,106000000.0,1474400.0,213000000.0
sz300073,当升科技,49.06,-1.53%,0.99%,85405500.0,147000000.0,61749000.0,238000000.0
sz002926,华西证券,8.34,-1.53%,0.55%,47486300.0,71075200.0,23588900.0,120000000.0
sz000905,厦门港务,7.72,-1.53%,0.96%,19161100.0,35035500.0,15874400.0,54724600.0
sz000837,秦川机床,13.56,-1.53%,3.20%,121000000.0,181000000.0,59870200.00000001,303000000.0
sz001314,亿道信息,40.16,-1.54%,3.89%,24724100.0,29663300.0,4939200.0,55343600.0
sz000402,金融街,4.49,-1.54%,0.28%,16713000.0,20519600.0,3806600.0000000005,37386900.0
sh688375,国博电子,76.62,-1.54%,1.50%,11871800.0,25010700.0,13139000.0,36882500.0
sz301078,孩子王,10.87,-1.54%,1.16%,29393000.0,48415400.0,19022500.0,77808300.0
sh688337,普源精电,54.5,-1.54%,2.88%,33835200.0,54281500.0,20446200.0,88116700.0
sh688683,莱尔科技,21.8,-1.54%,2.08%,12934900.0,13567100.0,632300.0,26502000.0
sh600476,湘邮科技,15.97,-1.54%,1.69%,20404700.0,23248400.0,2843700.0,43653000.0
sh600037,歌华有线,8.29,-1.54%,0.78%,35071000.0,54740300.0,19669300.0,89811200.00000001
sz300261,雅本化学,8.98,-1.54%,0.98%,25708800.0,54057000.0,28348200.0,83242700.0
sz002050,三花智控,27.48,-1.54%,0.61%,287000000.0,304000000.0,16957900.0,596000000.0
sz000617,中油资本,7.03,-1.54%,0.45%,159000000.0,241000000.0,82050500.0,400000000.0
sz301092,争光股份,28.51,-1.55%,6.46%,34793200.0,43717500.0,8924300.0,78510600.0
sh688599,天合光能,36.74,-1.55%,0.68%,165000000.0,316000000.0,151000000.0,480999999.99999994
sz300890,翔丰华,40.1,-1.55%,2.60%,38464500.0,51000300.0,12535800.0,89464700.0
sh601958,金钼股份,11.43,-1.55%,0.56%,81692000.0,124000000.0,42715800.0,206000000.0
sh600808,马钢股份,2.54,-1.55%,0.22%,12563100.0,20554899.999999996,7991900.000000001,33118000.0
sh600116,三峡水利,8.91,-1.55%,0.54%,29461800.0,63399200.0,33937400.0,92860800.0
sz001286,陕西能源,10.19,-1.55%,3.44%,75840800.0,180000000.0,104000000.0,256999999.99999997
sh688258,卓易信息,63.1,-1.56%,1.89%,44200700.0,61005000.0,16804300.0,105000000.0
sh601069,西部黄金,13.28,-1.56%,1.30%,47698400.0,68706500.0,21008100.0,115999999.99999999
sz300507,苏奥传感,6.32,-1.56%,4.71%,60579799.99999999,80480200.0,19900400.0,141000000.0
sz002052,ST同洲,1.88,-1.57%,0.69%,4511600.0,5101600.0,590000.0,9649500.0
sz301071,力量钻石,41.31,-1.57%,1.52%,32297800.000000004,50528100.00000001,18230400.0,82826000.0
sz300421,力星股份,11.29,-1.57%,4.98%,56620800.0,71406900.0,14786199.999999998,129000000.0
sz002248,华东数控,8.76,-1.57%,1.92%,19206200.0,32164400.0,12958200.0,51674300.0
sz002006,精工科技,19.42,-1.57%,1.03%,37075600.0,52747100.0,15671600.0,90492099.99999999
sz300900,广联航空,28.07,-1.58%,1.53%,27084100.0,30231600.0,3147400.0,57315700.0
sz300839,博汇股份,12.47,-1.58%,1.27%,18817100.0,18909000.0,91900.0,37884900.0
sh688558,国盛智科,32.96,-1.58%,1.31%,7683500.0,9110100.0,1426600.0,16793600.0
sz300842,帝科股份,81.72,-1.58%,3.79%,128000000.0,137000000.0,8908700.0,268000000.00000003
sh603290,斯达半导,229.82,-1.58%,0.81%,144000000.0,175000000.0,30385100.000000004,319000000.0
sh603876,鼎胜新材,17.43,-1.58%,0.78%,53186700.0,65503300.0,12316600.0,119000000.0
sh603369,今世缘,55.38,-1.58%,0.22%,67028800.0,85505300.0,18476500.0,153000000.0
sh600688,上海石化,3.11,-1.58%,0.28%,25193900.0,37373900.0,12180000.0,62567800.0
sz300373,扬杰科技,42.97,-1.58%,0.98%,91375600.0,133000000.0,42110800.0,227000000.0
sz002242,九阳股份,14.37,-1.58%,0.48%,15873100.0,36106100.0,20233000.0,52754399.99999999
sz001311,多利科技,56.25,-1.59%,3.58%,33146800.0,58618800.0,25472100.0,92738700.00000001
sh688061,灿瑞科技,52.45,-1.59%,2.63%,13793000.0,23986100.0,10193100.0,37779000.0
sz000962,东方钽业,12.37,-1.59%,1.44%,34122400.0,44317800.0,10195400.0,78648000.0
sz002472,双环传动,31.49,-1.59%,2.69%,302000000.0,342000000.0,39906100.0,647000000.0
sh601886,江河集团,9.29,-1.59%,0.52%,29879100.0,24235300.000000004,5643800.0,54114399.99999999
sh600773,西藏城投,12.34,-1.59%,0.55%,21488700.0,33895800.0,12407100.0,55384399.99999999
sh600376,首开股份,3.72,-1.59%,0.51%,17069600.0,31629800.0,14560200.0,48699500.0
sh600290,*ST华仪,1.24,-1.59%,0.99%,4002500.0,5328099.999999999,1325600.0,9330700.0
sz300702,天宇股份,24.07,-1.59%,0.85%,17075800.0,25359500.0,8283700.0,42750600.00000001
sz301087,可孚医疗,45.37,-1.60%,0.73%,13338000.0,16047000.0,2709000.0,29385000.0
sz300286,安科瑞,35.05,-1.60%,2.20%,64258500.0,70709800.0,6451300.0,135000000.0
sh600726,华电能源,2.46,-1.60%,3.27%,36511700.0,87167200.0,50655500.0,124000000.0
sh600775,南京熊猫,9.84,-1.60%,0.67%,16692500.0,27747300.0,11054800.0,44439799.99999999
sz300044,赛为智能,4.91,-1.60%,5.29%,63182100.0,113999999.99999999,50960900.0,179000000.0
sz002663,普邦股份,1.85,-1.60%,0.65%,4924100.0,10725200.0,5801100.0,15749700.0
sh688581,安杰思,118.6,-1.61%,1.96%,8682900.0,21253400.0,12570400.0,29936300.0
sz003005,竞业达,28.79,-1.61%,3.64%,24986900.0,27943700.0,2956800.0,53584100.0
sh603307,扬州金泉,48.85,-1.61%,3.43%,10363599.999999998,17699700.0,7336100.0,28063300.0
sh603901,永创智能,14.09,-1.61%,0.46%,15887500.0,15308100.0,579400.0,31195600.0
sh688552,航天南湖,25.12,-1.61%,3.08%,20738900.0,38478900.0,17740000.0,59217900.0
sz300758,七彩化学,9.77,-1.61%,0.71%,8542400.0,12674500.0,4132100.0,21858700.0
sz300711,广哈通信,15.31,-1.61%,3.32%,55189000.0,67833300.0,12644300.0,126000000.0
sz300669,沪宁股份,15.91,-1.61%,1.71%,25154300.0,23121400.0,2032900.0,49007500.0
sz300489,光智科技,23.22,-1.61%,6.34%,97535800.0,98583300.0,1047500.0,200000000.0
sz300332,天壕环境,11.0,-1.61%,0.50%,18396100.0,27918300.0,9522200.0,46753500.0
sz300007,汉威科技,18.38,-1.61%,2.63%,55035100.0,80631500.0,25596500.0,137000000.0
sz002466,天齐锂业,69.07,-1.61%,0.74%,277000000.0,474000000.0,197000000.0,753000000.0
sz000697,*ST炼石,6.12,-1.61%,0.41%,4948600.0,9710900.0,4762400.0,14668100.0
sz301086,鸿富瀚,51.65,-1.62%,6.24%,43691800.0,61756100.0,18064300.0,105000000.0
sz300850,新强联,35.29,-1.62%,1.61%,44931800.0,85723600.0,40791800.0,132000000.0
sh601998,中信银行,6.08,-1.62%,0.08%,70913000.0,102000000.0,31528700.0,173000000.0
sz300142,沃森生物,26.16,-1.62%,0.70%,132000000.0,155000000.0,23246200.0,288000000.0
sz002429,兆驰股份,5.45,-1.62%,0.36%,33533600.0,55272100.0,21738500.0,89197400.0
sz000903,云内动力,2.43,-1.62%,0.62%,12365100.0,16248300.0,3883200.0,28809100.0
sz000158,常山北明,7.3,-1.62%,2.21%,101000000.0,155000000.0,54127600.0,256999999.99999997
sz002337,赛象科技,6.03,-1.63%,4.14%,57714100.0,89002300.0,31288200.0,147000000.0
sz301219,腾远钴业,38.66,-1.63%,0.88%,28150800.0,28748900.0,598100.0,56899700.0
sh688028,沃尔德,21.74,-1.63%,0.59%,7692800.0,9278600.0,1585900.0,16971400.0
sh600819,耀皮玻璃,4.82,-1.63%,1.01%,17924200.0,18391500.0,467299.99999999994,36315600.0
sh600460,士兰微,30.7,-1.63%,1.23%,263000000.0,264000000.0,1192600.0,526999999.99999994
sz002796,世嘉科技,11.47,-1.63%,2.23%,25857700.0,33219699.999999996,7362000.0,59303300.0
sz002518,科士达,38.59,-1.63%,1.23%,102000000.0,165000000.0,63245900.0,269000000.0
sz002139,拓邦股份,12.08,-1.63%,1.62%,78616700.0,126000000.0,47232000.0,206000000.0
sh688772,珠海冠宇,21.05,-1.64%,0.85%,65941400.0,70779900.0,4838500.0,137000000.0
sz301028,东亚机械,10.79,-1.64%,1.57%,9518200.0,8774000.0,744300.0000000001,18292200.0
sz300065,海兰信,12.0,-1.64%,1.80%,50550800.0,88107800.0,37557000.0,143000000.0
sh688387,信科移动,8.42,-1.64%,2.69%,33209899.999999996,76500800.0,43290900.0,110000000.00000001
sz300853,申昊科技,31.28,-1.64%,2.45%,33067700.0,37513900.0,4446200.0,71532400.0
sz300146,汤臣倍健,20.36,-1.64%,1.02%,84710600.0,149000000.0,64240000.0,236000000.0
sz300118,东方日升,24.6,-1.64%,2.24%,156000000.0,224000000.00000003,68568800.0,386000000.0
sh600823,ST世茂,1.19,-1.65%,1.12%,19186900.0,30476900.0,11290000.0,49663800.0
sh600774,汉商集团,12.48,-1.65%,0.97%,16072600.0,19183400.0,3110800.0,35255900.0
sz300763,锦浪科技,106.69,-1.65%,2.69%,366000000.0,495000000.0,129000000.0,869000000.0
sz300409,道氏技术,12.51,-1.65%,0.94%,21575500.0,34360200.0,12784700.0,56198500.0
sz002791,坚朗五金,51.26,-1.65%,0.88%,31506600.0,41309799.99999999,9803300.0,74113100.0
sz002609,捷顺科技,10.72,-1.65%,1.03%,18330500.0,31877600.000000004,13547100.0,50527100.0
sz301135,瑞德智能,27.84,-1.66%,7.97%,52043200.0,58366500.0,6323300.0,110000000.00000001
sh688329,艾隆科技,29.04,-1.66%,1.75%,7255400.0,15731300.000000002,8475900.0,22986700.0
sh688141,杰华特,38.44,-1.66%,2.29%,18495600.0,27431700.0,8936100.0,45927299.99999999
sz300793,佳禾智能,18.94,-1.66%,1.43%,33396700.0,54263200.0,20866500.0,89773600.0
sz002571,德力股份,6.51,-1.66%,2.50%,24767000.0,22785600.0,1981399.9999999998,47811700.0
sz000762,西藏矿业,29.65,-1.66%,1.06%,60946100.0,101000000.0,39818000.0,164000000.0
sh605088,冠盛股份,17.03,-1.67%,2.68%,13434500.0,22343300.0,8908800.0,35777800.0
sh600396,*ST金山,2.36,-1.67%,0.54%,8408800.0,10216500.0,1807700.0,18625300.0
sh603011,合锻智能,7.08,-1.67%,1.49%,17459900.0,34762200.0,17302400.0,52222000.0
sh600825,新华传媒,4.7,-1.67%,1.93%,42583000.0,51931200.0,9348200.0,94514300.0
sz300565,科信技术,21.84,-1.67%,10.41%,210000000.0,221000000.0,11097700.0,430000000.0
sz300353,东土科技,12.35,-1.67%,2.10%,45561000.0,67812700.0,22251700.0,114999999.99999999
sz000983,山西焦煤,8.84,-1.67%,0.53%,85007900.00000001,106000000.0,21435100.000000004,192000000.0
sz000661,长春高新,142.38,-1.67%,0.37%,80053700.0,134000000.00000001,53591600.0,215000000.0
sh688302,海创药业,50.33,-1.68%,0.82%,5465400.0,12199500.0,6734100.0,17664800.0
sh688399,硕世生物,52.58,-1.68%,0.57%,5202600.0,10576500.0,5373900.0,15779100.0
sz002335,科华数据,39.32,-1.68%,1.89%,113999999.99999999,183000000.0,69298700.0,299000000.0
sz000767,晋控电力,3.52,-1.68%,2.56%,112000000.00000001,152000000.0,40788800.0,265000000.0
sz000751,锌业股份,3.52,-1.68%,1.68%,37482000.0,45752000.0,8270100.0,83560400.00000001
sz000668,荣丰控股,11.13,-1.68%,0.77%,6671100.0,5883300.0,787800.0,12652200.0
sz301391,卡莱特,112.32,-1.69%,1.87%,16918400.0,16646800.0,271600.0,33565200.0
sh688185,康希诺,79.15,-1.69%,1.31%,22387300.0,47262000.0,24874600.0,69649300.0
sh603869,新智认知,11.04,-1.69%,2.30%,47721000.0,80153100.0,32432199.999999996,128000000.0
sz300558,贝达药业,49.94,-1.69%,0.47%,44325100.0,52365700.0,8040599.999999999,96695800.0
sz002956,西麦食品,15.13,-1.69%,0.85%,10752800.0,17334000.0,6581200.0,28422100.0
sz001215,千味央厨,67.24,-1.70%,0.61%,10267200.0,8385400.0,1881800.0,18726600.0
sz002490,山东墨龙,4.62,-1.70%,3.79%,41604799.99999999,53266000.0,11661300.000000002,95018500.0
sh600757,长江传媒,8.69,-1.70%,1.76%,78779900.0,107000000.0,27855400.0,185000000.0
sh600257,大湖股份,6.35,-1.70%,5.00%,68891800.0,83222000.0,14330200.0,152000000.0
sz300209,ST有棵树,2.89,-1.70%,0.77%,3887200.0000000005,4610400.0,723199.9999999999,8710100.0
sz300100,双林股份,8.67,-1.70%,2.28%,31819300.0,43323400.0,11504100.0,76469900.0
sz002192,融捷股份,62.89,-1.70%,1.23%,86417099.99999999,113999999.99999999,27227800.000000004,202000000.0
sz002145,中核钛白,5.79,-1.70%,0.56%,25831000.0,49183900.0,23352900.0,75586200.0
sz301315,威士顿,51.16,-1.71%,20.38%,95663799.99999999,121000000.0,25551700.0,217000000.0
sz300003,乐普医疗,21.21,-1.71%,0.73%,111000000.00000001,136000000.0,24785400.0,248000000.0
sz002713,东易日盛,8.62,-1.71%,0.72%,12085600.0,12756000.0,670500.0,25029400.0
sz000925,众合科技,8.01,-1.72%,1.50%,32801900.0,32519899.999999996,282000.0,65709799.99999999
sh601279,英利汽车,5.7,-1.72%,4.92%,22101400.0,32648000.0,10546600.0,54749500.0
sh688512,慧智微,21.13,-1.72%,3.76%,14331700.0,24096400.0,9764700.0,38428100.0
sz301029,怡合达,40.41,-1.73%,0.39%,21327000.0,25119000.0,3792000.0,46446100.0
sz300123,亚光科技,7.37,-1.73%,2.81%,75228800.0,126000000.0,50483400.0,204999999.99999997
sz002251,步步高,4.55,-1.73%,2.04%,38173800.0,40815100.0,2641300.0,80072100.0
sz002175,东方智造,2.84,-1.73%,0.85%,7532600.0,23291200.0,15758599.999999998,31031700.0
sz000688,国城矿业,15.37,-1.73%,0.25%,24815000.0,17291900.0,7523099.999999999,42252900.0
sz301359,东南电子,28.84,-1.74%,32.17%,93502000.0,108000000.0,14049500.0,200999999.99999997
sh688636,智明达,47.87,-1.74%,1.68%,16051300.000000002,20094600.0,4043300.0,36145900.0
sh601225,陕西煤业,16.39,-1.74%,0.28%,156000000.0,287000000.0,131000000.0,443000000.0
sh600621,华鑫股份,10.75,-1.74%,0.55%,23137100.0,38931300.0,15794200.0,62068300.0
sh600410,华胜天成,7.36,-1.74%,2.98%,107000000.0,133000000.0,26046400.0,239000000.0
sh600148,长春一东,16.35,-1.74%,2.32%,25903700.0,27725400.0,1821699.9999999998,53629200.0
sz000933,神火股份,14.15,-1.74%,1.17%,171000000.0,198000000.0,26803100.0,371000000.0
sh603026,胜华新材,57.32,-1.75%,1.02%,58748800.0,60073400.0,1324600.0,119000000.0
sz300745,欣锐科技,44.87,-1.75%,3.33%,72066400.0,77047100.0,4980700.0,151000000.0
sz300666,江丰电子,65.58,-1.75%,1.54%,81633500.0,126000000.0,44716100.0,209000000.0
sz300344,立方数科,6.18,-1.75%,4.55%,72171100.0,106000000.0,33387199.999999996,180000000.0
sz300870,欧陆通,53.45,-1.75%,2.56%,23301600.0,30524000.0,7222400.0,53825600.00000001
sz000708,中信特钢,15.75,-1.75%,0.06%,18539100.0,26233600.0,7694600.0,45209200.0
sz000666,经纬纺机,9.52,-1.75%,2.02%,23858800.0,32246600.0,8387700.0,56403300.0
sz000159,国际实业,6.74,-1.75%,1.04%,15792200.0,17769800.0,1977500.0,33742200.0
sh688208,道通科技,30.76,-1.76%,1.22%,69591300.0,100000000.0,30894300.0,170000000.0
sh603899,晨光股份,42.3,-1.76%,0.30%,41570300.0,75390500.0,33820300.0,117000000.0
sz300047,天源迪科,7.82,-1.76%,5.56%,95722300.0,135000000.0,39675500.0,234000000.0
sz301268,铭利达,37.08,-1.77%,1.21%,34039800.0,41331800.0,7291900.000000001,75371600.0
sz301177,迪阿股份,37.78,-1.77%,1.96%,9534800.0,20209200.0,10674400.0,29744000.0
sh605319,无锡振华,16.62,-1.77%,2.67%,14988699.999999998,16155300.0,1166600.0,31144100.0
sh688027,国盾量子,149.67,-1.77%,1.36%,32875000.0,63077600.0,30202600.000000004,95952600.0
sh600880,博瑞传播,5.55,-1.77%,1.30%,31569000.0,47516500.0,15947500.0,79085400.0
sh600818,中路股份,18.36,-1.77%,2.38%,60230400.0,42205500.0,18024900.0,102000000.0
sh600730,中国高科,6.12,-1.77%,1.48%,19449600.0,33946600.0,14497000.0,53396200.0
sh600612,老凤祥,64.84,-1.77%,0.69%,75848200.0,65398500.0,10449700.0,141000000.0
sz300642,透景生命,19.48,-1.77%,1.17%,13986000.0,17506900.0,3520899.9999999995,31494800.0
sz300516,久之洋,32.25,-1.77%,0.89%,22984100.0,28942000.0,5957900.0,51968000.0
sz300430,诚益通,16.65,-1.77%,0.99%,18755800.0,23322500.0,4566700.0,42498200.0
sz300304,云意电气,6.1,-1.77%,5.47%,109000000.00000001,171000000.0,62761300.0,282000000.0
sz002515,金字火腿,4.45,-1.77%,1.02%,16704700.0,22862100.0,6157300.0,39690600.0
sz002214,大立科技,12.75,-1.77%,0.81%,19703200.0,29226400.0,9523200.0,49579399.99999999
sh688047,龙芯中科,107.16,-1.78%,0.87%,115999999.99999999,144000000.0,28254300.0,260000000.0
sh688389,普门科技,22.13,-1.78%,0.50%,29512600.000000004,17291900.0,12220600.0,46804500.0
sz300816,艾可蓝,28.65,-1.78%,3.43%,24786300.0,20810300.000000004,3976000.0,46779700.0
sh600987,航民股份,8.27,-1.78%,0.76%,37156800.0,28687399.999999996,8469500.0,65844200.0
sz300470,中密控股,44.67,-1.78%,0.49%,20670500.0,22749200.0,2078700.0,43593900.0
sz002380,科远智慧,23.69,-1.78%,9.67%,162000000.0,172000000.0,9997100.0,336000000.0
sz002634,棒杰股份,8.25,-1.79%,0.96%,12874000.0,16890100.0,4016100.0,30262500.0
sz300171,东富龙,21.39,-1.79%,0.49%,19044400.0,39738500.0,20694100.0,58870600.00000001
sz002089,*ST新海,1.1,-1.79%,2.25%,11491000.0,19283900.0,7792900.0,31000700.0
sh603286,日盈电子,18.67,-1.79%,4.32%,34096300.0,37041600.0,2945200.0,71138000.0
sh600960,渤海汽车,3.85,-1.79%,1.90%,32976300.0,36222500.0,3246200.0,69198900.0
sz300648,星云股份,30.1,-1.79%,1.59%,21651600.0,23960900.0,2309300.0,45639600.0
sz002698,博实股份,18.1,-1.79%,0.87%,68361100.0,63718400.0,4642700.0,133000000.0
sz002544,普天科技,21.91,-1.79%,0.42%,21244300.0,40063600.0,18819300.0,61616700.0
sz000525,ST红太阳,9.89,-1.79%,0.78%,17297900.0,27664699.999999996,10366800.0,46092200.0
sz301031,中熔电气,134.3,-1.80%,0.97%,20968100.0,26519899.999999996,5551799.999999999,47487900.0
sz001299,美能能源,16.38,-1.80%,3.79%,12379900.0,16046300.000000002,3666500.0,29212100.0
sz002987,京北方,21.24,-1.80%,1.58%,48490800.0,94700700.0,46209799.99999999,144000000.0
sh688613,奥精医疗,23.98,-1.80%,1.16%,12999400.0,16381900.0,3382500.0,29381300.0
sz300863,卡倍亿,55.67,-1.80%,2.82%,21269800.0,30830600.0,9560800.0,52100400.0
sz300081,恒信东方,9.28,-1.80%,4.27%,77606400.0,117000000.0,38996600.0,197000000.0
sh688420,美腾科技,36.9,-1.81%,3.43%,8719700.0,18165000.0,9445200.0,26884699.999999996
sh600202,哈空调,5.96,-1.81%,5.88%,57267900.0,75707400.0,18439500.0,133000000.0
sh600759,ST洲际,2.71,-1.81%,0.55%,10919200.0,22513000.0,11593800.000000002,33432199.999999996
sh600362,江西铜业,19.52,-1.81%,0.46%,74582300.0,110000000.00000001,35631200.0,185000000.0
sz002906,华阳集团,34.13,-1.81%,1.44%,118000000.0,112999999.99999999,5680700.000000001,234000000.0
sz000993,闽东电力,11.38,-1.81%,2.54%,50181300.0,74882000.0,24700700.0,131000000.0
sz001328,登康口腔,31.79,-1.82%,4.40%,19085300.0,39736800.0,20651500.0,59194300.0
sh601702,华峰铝业,14.56,-1.82%,2.34%,40646700.0,53892500.0,13245800.0,94539200.0
sz002919,名臣健康,38.35,-1.82%,2.08%,78742600.0,94776800.0,16034200.0,174000000.0
sz002915,中欣氟材,16.15,-1.82%,0.97%,23218000.0,21313600.0,1904400.0,45024300.0
sz002869,金溢科技,22.12,-1.82%,2.27%,30819800.0,43314700.0,12494900.0,75894400.0
sz002600,领益智造,6.97,-1.83%,0.78%,163000000.0,209000000.0,46712299.99999999,374000000.0
sz003021,兆威机电,78.98,-1.83%,1.89%,32762500.0,57037600.0,24275100.000000004,90431700.0
sh605009,豪悦护理,44.62,-1.83%,1.94%,16401300.000000002,28468800.0,12067500.0,44870100.0
sz002410,广联达,29.45,-1.83%,0.64%,91186900.0,157000000.0,66103700.0,249000000.00000003
sz002406,远东传动,5.9,-1.83%,1.94%,21784899.999999996,34597500.0,12812700.0,56620700.0
sh603163,圣晖集成,41.08,-1.84%,1.64%,6970400.0,10194800.0,3224400.0,17165300.0
sz300925,法本信息,14.43,-1.84%,3.56%,45309900.0,57774799.99999999,12464900.0,103000000.0
sh688699,明微电子,50.81,-1.84%,1.32%,14887300.0,20357800.0,5470500.0,35245200.0
sh603979,金诚信,32.05,-1.84%,0.54%,48768300.0,56037100.0,7268800.0,105000000.0
sz002837,英维克,31.99,-1.84%,1.60%,104000000.0,144000000.0,40188600.0,250000000.0
sz002621,美吉姆,3.74,-1.84%,1.27%,14999000.0,22749600.0,7750599.999999999,38140800.0
sz301408,华人健康,17.53,-1.85%,4.35%,15738500.0,27271900.0,11533300.0,43010400.0
sz301160,翔楼新材,35.47,-1.85%,3.70%,22878700.0,31562800.000000004,8684000.0,54441500.0
sz003022,联泓新科,23.94,-1.85%,1.56%,43363300.0,69320700.0,25957399.999999996,114999999.99999999
sh603823,百合花,12.18,-1.85%,0.43%,10208500.0,11391300.000000002,1182700.0,21599800.0
sh600887,伊利股份,27.55,-1.85%,0.87%,643000000.0,855000000.0000001,212000000.0,1498000000.0
sh600559,老白干酒,23.89,-1.85%,2.38%,204000000.0,303000000.0,98542600.0,507000000.0
sz300340,科恒股份,12.76,-1.85%,2.91%,32535700.0,36117400.0,3581700.0,69634100.0
sz300226,上海钢联,29.79,-1.85%,2.07%,80217900.0,111000000.00000001,31061300.0,194000000.0
sz002101,广东鸿图,20.2,-1.85%,2.03%,81004900.0,131000000.0,50340200.00000001,217000000.0
sz301163,宏德股份,31.68,-1.86%,6.49%,28669200.0,40647800.0,11978599.999999998,69317000.0
sh688385,复旦微电,57.5,-1.86%,1.62%,136000000.0,153000000.0,16533400.0,289000000.0
sz001324,长青科技,21.62,-1.86%,8.42%,23224800.0,38387600.0,15162900.0,61906300.0
sh601975,招商南油,3.16,-1.86%,2.29%,143000000.0,206000000.0,63108700.0,350000000.0
sh600256,广汇能源,6.86,-1.86%,1.28%,241000000.0,338000000.0,96738000.0,579000000.0
sz300755,华致酒行,22.66,-1.86%,0.40%,15088200.0,21740100.000000004,6651900.000000001,37510400.0
sz300282,*ST三盛,3.16,-1.86%,2.62%,10455800.0,20772399.999999996,10316600.0,31305800.0
sz300033,同花顺,166.35,-1.86%,1.28%,241000000.0,335000000.0,93406299.99999999,583000000.0
sh601921,浙版传媒,8.39,-1.87%,4.75%,56861200.0,111000000.00000001,54324000.0,168000000.0
sz300792,壹网壹创,26.78,-1.87%,1.12%,19458100.0,41758700.0,22300700.0,62625400.0
sh603086,先达股份,6.83,-1.87%,1.50%,17922300.0,26354500.0,8432300.0,44276899.99999999
sz300743,天地数码,15.74,-1.87%,4.13%,24148700.0,38441200.0,14292500.0,63526300.0
sz300559,佳发教育,14.71,-1.87%,0.88%,16452000.0,22822700.0,6370700.000000001,39277600.0
sz300347,泰格医药,63.47,-1.87%,0.95%,138000000.0,204000000.0,66461800.0,345000000.0
sz001205,盛航股份,21.39,-1.88%,0.70%,6190700.000000001,11264000.0,5073300.0,17685600.0
sz300856,科思股份,78.6,-1.88%,1.93%,37204700.0,51801100.0,14596400.000000002,89005800.0
sz300568,星源材质,16.74,-1.88%,1.10%,78321200.0,133000000.0,54967400.0,212000000.0
sh688435,英方软件,73.72,-1.89%,2.84%,17379800.0,19910100.0,2530300.0,37290000.0
sz301238,瑞泰新材,20.24,-1.89%,2.23%,43572700.00000001,52640700.0,9067900.0,96227500.0
sz001203,大中矿业,10.9,-1.89%,0.81%,14130600.0,23954699.999999996,9824100.0,38463600.0
sz300207,欣旺达,16.09,-1.89%,0.80%,86036500.0,134000000.00000001,48410100.0,224000000.00000003
sz002772,众兴菌业,9.88,-1.89%,2.47%,30576500.0,64274900.0,33698400.0,95658700.00000001
sz002407,多氟多,19.25,-1.89%,1.26%,82400200.0,151000000.0,68224000.0,234000000.0
sh603878,武进不锈,8.25,-1.90%,0.96%,17839400.0,26830100.000000004,8990700.0,44669600.0
sz300035,中科电气,11.38,-1.90%,1.33%,29254000.0,65561600.0,36307600.0,96139300.0
sz002142,宁波银行,24.79,-1.90%,0.36%,210000000.0,362000000.0,152000000.0,578000000.0
sh603693,江苏新能,13.36,-1.91%,0.77%,28128700.0,54875200.00000001,26746500.0,83003799.99999999
sh601899,紫金矿业,12.34,-1.91%,0.42%,419000000.00000006,650000000.0,231000000.0,1069999999.9999999
sh601168,西部矿业,11.32,-1.91%,1.08%,118000000.0,173000000.0,55306500.0,291000000.0
sh600777,新潮能源,2.57,-1.91%,1.85%,91748000.0,210000000.0,119000000.0,302000000.0
sz002835,同为股份,19.48,-1.91%,3.74%,39773500.0,52231000.0,12457600.0,93060400.00000001
sz002027,分众传媒,7.19,-1.91%,0.41%,150000000.0,266000000.0,115999999.99999999,424000000.0
sh688116,天奈科技,28.65,-1.92%,2.49%,55023600.0,111000000.00000001,56142299.99999999,166000000.0
sz300647,超频三,7.17,-1.92%,1.28%,15778000.0,25075200.0,9297200.0,40854000.0
sz000858,五粮液,168.69,-1.92%,0.22%,587000000.0,846000000.0000001,260000000.0,1441000000.0
sz000560,我爱我家,2.55,-1.92%,0.82%,20829000.0,25955300.000000004,5126400.0,47648300.0
sz301298,东利机械,16.75,-1.93%,3.33%,24589800.0,30003700.0,5413900.0,54593500.0
sz002196,方正电机,7.63,-1.93%,4.22%,67669200.0,87070900.0,19401700.0,156000000.0
sh688432,有研硅,15.25,-1.93%,3.11%,21860900.0,47765200.00000001,25904300.0,69626000.0
sh688556,高测股份,49.34,-1.93%,1.23%,57049300.0,89469599.99999999,32420300.000000004,147000000.0
sz000025,特力A,17.3,-1.93%,1.29%,28964300.0,58550200.00000001,29585800.0,87774000.0
sh603033,三维股份,15.77,-1.93%,0.33%,11993699.999999998,28342399.999999996,16348699.999999998,40336100.0
sh601968,宝钢包装,7.11,-1.93%,0.59%,15870700.0,22455000.0,6584299.999999999,38325800.0
sz300609,汇纳科技,27.4,-1.93%,4.64%,53974399.99999999,67706900.0,13732500.0,122000000.0
sz002434,万里扬,8.66,-1.93%,0.76%,34454500.0,51264799.99999999,16810300.0,85906500.0
sz000739,普洛药业,16.78,-1.93%,0.61%,57599500.0,62450100.0,4850600.0,121000000.0
sz000712,锦龙股份,12.22,-1.93%,0.37%,15067600.0,25282000.0,10214400.0,40516800.0
sz000019,深粮控股,7.63,-1.93%,1.83%,20812000.0,37103300.0,16291300.000000002,58202900.0
sh600501,航天晨光,15.17,-1.94%,1.05%,30655200.0,36373000.0,5717800.0,67028100.00000001
sz300594,朗进科技,24.32,-1.94%,1.65%,13590100.0,22419100.0,8829100.0,36021400.0
sz002459,晶澳科技,33.88,-1.94%,1.32%,580000000.0,892000000.0,312000000.0,1477000000.0
sz002182,云海金属,20.75,-1.94%,0.87%,41913400.0,58444900.0,16531600.0,101000000.0
sz000627,天茂集团,3.03,-1.94%,0.46%,26594500.0,35496300.0,8901800.0,62667000.0
sz000007,*ST全新,5.04,-1.95%,1.14%,6741100.0,11248500.0,4507400.0,17995100.0
sz300923,研奥股份,23.68,-1.95%,5.65%,20392200.0,21945700.0,1553400.0,42337900.0
sz300827,上能电气,38.77,-1.95%,4.25%,194000000.0,229999999.99999997,35762400.0,428000000.0
sh600579,克劳斯,7.53,-1.95%,2.56%,51291200.0,42905600.00000001,8385599.999999999,94196700.0
sz002957,科瑞技术,17.63,-1.95%,1.20%,38092500.0,47688600.0,9596100.0,87205800.0
sh688380,中微半导,30.58,-1.96%,5.90%,32726000.0,69782800.0,37056800.0,103000000.0
sz301333,诺思格,48.59,-1.96%,2.86%,15869300.0,17317000.0,1447600.0,33186300.0
sh600783,鲁信创投,13.02,-1.96%,0.70%,28341500.0,39672700.0,11331199.999999998,68014100.0
sh600546,山煤国际,15.49,-1.96%,0.75%,88188300.0,144000000.0,56154200.0,233000000.0
sz300049,福瑞股份,21.55,-1.96%,1.45%,30117800.000000004,41352500.0,11234700.0,72248300.0
sz000042,中洲控股,7.5,-1.96%,0.61%,15481400.000000002,14369400.0,1112000.0,30050800.0
sz002031,巨轮智能,4.0,-1.96%,7.81%,218000000.00000003,383000000.0,165000000.0,606000000.0
sz301369,联动科技,74.53,-1.97%,5.03%,26583100.0,38931600.0,12348500.0,65514700.0
sz002351,漫步者,18.45,-1.97%,3.52%,120000000.0,199000000.0,79125000.0,320000000.0
sh688358,祥生医疗,44.75,-1.97%,1.11%,17882600.0,27938700.0,10056100.0,45821300.0
sh603701,德宏股份,13.47,-1.97%,1.71%,23718100.0,36443700.0,12725600.0,60161800.0
sh603043,广州酒家,25.42,-1.97%,0.76%,40272700.0,68849900.0,28577199.999999996,109000000.00000001
sz300549,优德精密,25.9,-1.97%,8.72%,103000000.0,126000000.0,22569300.0,229000000.0
sz300077,国民技术,13.46,-1.97%,1.39%,35880900.0,67124300.0,31243400.0,104000000.0
sz002334,英威腾,11.44,-1.97%,3.90%,126000000.0,186000000.0,59149600.0,312000000.0
sz002427,尤夫股份,7.94,-1.98%,0.31%,8894600.0,15651900.0,6757400.0,24679100.0
sh688146,中船特气,42.63,-1.98%,3.99%,37276000.0,63531200.0,26255200.0,101000000.0
sh600733,北汽蓝谷,5.45,-1.98%,1.17%,110000000.00000001,138000000.0,27690300.000000004,248000000.0
sh600619,海立股份,6.43,-1.98%,1.26%,31519600.0,31568100.0,48500.0,63087800.0
sz300736,百邦科技,12.85,-1.98%,3.29%,21791600.0,29320900.0,7529200.0,54618000.0
sz300043,星辉娱乐,3.46,-1.98%,2.95%,36808000.0,56955800.0,20147800.0,95606299.99999999
sz000023,ST深天,6.44,-1.98%,0.41%,713400.0,2962200.0000000005,2248800.0,3704600.0
sh688707,振华新材,31.52,-1.99%,0.72%,27893700.0,34993200.0,7099500.0,62887000.0
sh603335,迪生力,6.4,-1.99%,2.49%,30024899.999999996,37753700.0,7728800.0,67778600.0
sh600249,两面针,5.41,-1.99%,1.89%,23816200.0,32146000.0,8329800.0,55962200.0
sz300366,创意信息,13.28,-1.99%,7.05%,198000000.0,264000000.0,65559000.0,467000000.0
sz002574,明牌珠宝,6.91,-1.99%,2.01%,33513600.0,40596000.0,7082400.0,74175200.0
sz002024,ST易购,1.97,-1.99%,0.19%,14060500.0,15620400.0,1559900.0,29724699.999999996
sh688283,坤恒顺维,68.6,-2.00%,0.56%,8530900.0,10875900.0,2344900.0,19406800.0
sh688489,三未信安,60.66,-2.00%,10.14%,63910500.0,93365900.0,29455400.0,157000000.0
sz002511,中顺洁柔,10.29,-2.00%,0.95%,37177200.0,88764599.99999999,51587400.0,126000000.0
sz002112,三变科技,12.75,-2.00%,11.45%,171000000.0,204000000.0,33543400.0,378000000.0
sz301195,北路智控,44.28,-2.01%,2.01%,10296400.000000002,18389700.0,8093300.0,28686100.0
sh600778,友好集团,7.3,-2.01%,2.10%,24912700.0,22264500.0,2648200.0,47177299.99999999
sh600728,佳都科技,6.33,-2.01%,2.59%,112999999.99999999,173000000.0,60399700.0,286000000.0
sz300767,震安科技,23.39,-2.01%,2.57%,53245700.0,70273000.0,17027300.0,127000000.0
sz002137,实益达,6.84,-2.01%,1.90%,16397600.0,34239100.0,17841500.0,50998600.0
sz300996,普联软件,28.19,-2.02%,1.12%,19261900.0,18848200.0,413600.0,38110000.0
sh688026,洁特生物,17.98,-2.02%,0.52%,4910300.0,8053900.0,3143600.0,12964200.0
sh688323,瑞华泰,24.59,-2.03%,1.04%,8463400.0,16709200.0,8245800.0,25172700.0
sh688066,航天宏图,66.16,-2.03%,1.06%,82002099.99999999,101000000.0,18631900.0,183000000.0
sh600754,锦江酒店,45.39,-2.03%,0.65%,123000000.0,147000000.0,23075700.0,270000000.0
sz300717,华信新材,16.92,-2.03%,1.09%,7878900.0,10810300.0,2931500.0,18763700.0
sz002648,卫星化学,15.9,-2.03%,0.42%,101000000.0,123000000.0,22085600.0,225999999.99999997
sz301235,华康医疗,27.87,-2.04%,1.35%,8006000.0,10717900.0,2711900.0,18724000.0
sz002253,川大智胜,14.38,-2.04%,2.25%,35822100.0,30903200.0,4918900.0,68643000.0
sh603289,泰瑞机器,10.54,-2.04%,1.45%,20519600.0,19861400.0,658199.9999999999,40381000.0
sh603213,镇洋发展,11.93,-2.05%,1.15%,9613300.0,11768400.0,2155100.0,21381700.0
sz002291,遥望科技,11.95,-2.05%,3.08%,159000000.0,161000000.0,1460400.0,323000000.0
sh688017,绿的谐波,136.26,-2.05%,2.09%,107000000.0,163000000.0,56001400.0,270000000.0
sh600213,亚星客车,9.57,-2.05%,4.21%,35630100.0,52028600.0,16398500.0,87658700.00000001
sz002520,日发精机,5.72,-2.05%,1.87%,32021000.0,33840300.0,1819300.0,66321500.0
sz000683,远兴能源,7.17,-2.05%,0.83%,66815900.0,127000000.0,60394500.0,195000000.0
sz301153,中科江南,70.38,-2.06%,2.20%,92090000.0,107000000.0,14440100.0,199000000.0
sz301216,万凯新材,16.19,-2.06%,1.73%,23351900.0,55295800.0,31943900.0,78647700.0
sz301097,天益医疗,45.69,-2.06%,2.85%,10286500.0,13527900.0,3241400.0,23814400.0
sh688408,中信博,76.46,-2.06%,1.89%,41535900.0,65205800.0,23669800.0,107000000.0
sz301366,一博科技,41.13,-2.07%,8.98%,61537700.00000001,68076900.0,6539200.0,130000000.0
sh601949,中国出版,11.84,-2.07%,3.77%,386000000.0,426000000.0,39891900.0,813000000.0000001
sz300063,天龙集团,4.26,-2.07%,3.05%,32639500.0,46063100.00000001,13423599.999999998,80625200.0
sz002587,奥拓电子,7.08,-2.07%,2.63%,32037100.0,62656600.0,30619500.0,94944900.0
sh600301,华锡有色,17.92,-2.08%,2.35%,25722900.0,41722900.0,16000000.0,67445800.0
sh688401,路维光电,35.28,-2.08%,2.97%,16828500.0,28378700.0,11550200.0,45207299.99999999
sh688310,迈得医疗,33.35,-2.08%,0.73%,12554400.0,15725300.0,3170800.0,28279699.999999996
sh600858,银座股份,6.12,-2.08%,1.38%,20459400.0,22747600.000000004,2288200.0,43207000.0
sz002425,凯撒文化,5.19,-2.08%,1.89%,41758000.0,51931899.99999999,10173900.0,93738100.0
sh688410,山外山,50.59,-2.09%,1.75%,12712400.0,18230800.0,5518400.0,30943200.0
sz003020,立方制药,34.64,-2.09%,1.88%,18075200.0,27907500.0,9832400.0,46131700.0
sh688082,盛美上海,101.24,-2.09%,1.69%,52888900.0,75744700.0,22855800.0,129000000.0
sz300098,高新兴,3.74,-2.09%,1.92%,43667800.0,63124000.0,19456200.0,109000000.00000001
sz300985,致远新能,27.61,-2.09%,6.12%,28666800.0,32955800.0,4289000.0,61622700.00000001
sh688107,安路科技,54.93,-2.09%,0.61%,33470300.000000004,30640500.0,2829700.0000000005,64110800.0
sh605068,明新旭腾,22.95,-2.09%,2.15%,10119200.0,15968500.0,5849299.999999999,26087800.000000004
sh603803,瑞斯康达,8.45,-2.09%,1.48%,25525000.0,27013000.0,1488000.0,52538000.0
sz300238,冠昊生物,14.55,-2.09%,1.66%,27039800.0,36173900.0,9134100.0,64558200.0
sz002382,蓝帆医疗,7.02,-2.09%,0.76%,21399899.999999996,32409300.0,11009400.0,53896300.0
sz003025,思进智能,15.37,-2.10%,1.04%,6723300.0,11225500.0,4502200.0,18028100.0
sh605077,华康股份,27.05,-2.10%,1.26%,24875900.0,27021200.0,2145300.0,51897100.0
sh603518,锦泓集团,10.28,-2.10%,2.48%,39022300.0,50024799.99999999,11002600.0,89047099.99999999
sh600992,贵绳股份,16.76,-2.10%,1.75%,33490700.0,38652100.0,5161400.0,72142900.0
sz300338,ST开元,5.12,-2.10%,3.61%,20719699.999999996,33577600.0,12858000.0,55516300.0
sz300316,晶盛机电,66.29,-2.10%,0.34%,115999999.99999999,156000000.0,39554500.0,277000000.0
sz002668,奥马电器,8.85,-2.10%,1.33%,55520500.0,71285100.0,15764500.0,127000000.0
sz002970,锐明技术,34.32,-2.11%,3.26%,55683000.0,63731200.0,8048200.000000001,120000000.0
sh688553,汇宇制药,13.89,-2.11%,0.93%,12431000.0,24766600.0,12335700.0,37197600.0
sh603399,吉翔股份,11.15,-2.11%,1.19%,27307800.000000004,40852300.0,13544600.0,68160000.0
sh600400,红豆股份,3.25,-2.11%,0.46%,11074500.0,23369800.0,12295300.0,34444300.0
sz000898,鞍钢股份,2.78,-2.11%,0.29%,30037700.0,33711500.0,3673800.0,64116600.0
sz301300,远翔新材,33.21,-2.12%,9.29%,21779100.0,27930600.0,6151500.0,49709700.0
sz300288,朗玛信息,18.01,-2.12%,4.33%,82061500.0,114999999.99999999,32606700.0,199000000.0
sz002607,中公教育,4.62,-2.12%,4.96%,378000000.0,689000000.0,311000000.0,1076000000.0
sz002401,中远海科,23.97,-2.12%,3.27%,126000000.0,164000000.0,38408100.0,291000000.0
sh600462,ST九有,1.84,-2.13%,0.51%,1561699.9999999998,3900700.0,2338900.0,5462400.0
sh600744,华银电力,3.68,-2.13%,1.58%,46277100.0,71805100.0,25528000.0,118000000.0
sh600495,晋西车轴,4.6,-2.13%,3.69%,72915600.0,131000000.0,57841000.0,204000000.0
sh688366,昊海生科,85.96,-2.13%,0.66%,18059900.0,48027299.99999999,29967300.0,66087200.0
sh688016,心脉医疗,170.44,-2.14%,1.06%,54922200.0,75301300.0,20379100.0,130000000.0
sh605016,百龙创园,24.27,-2.14%,0.97%,13623800.000000002,15917300.0,2293500.0,29541100.0
sz002812,恩捷股份,92.97,-2.14%,0.50%,152000000.0,194000000.0,42544799.99999999,348000000.0
sz002064,华峰化学,7.28,-2.15%,0.27%,41737600.0,56052200.0,14314600.0,98879800.0
sz300680,隆盛科技,20.9,-2.15%,2.89%,46069200.0,57424100.0,11354800.0,105000000.0
sz000635,英力特,9.07,-2.16%,2.43%,34257000.0,31312900.0,2944100.0000000005,65855600.00000001
sz002843,泰嘉股份,19.86,-2.17%,1.99%,34189500.0,46214200.0,12024700.0,82937000.0
sh688131,皓元医药,60.5,-2.17%,1.61%,35836800.0,47310800.0,11474000.0,83147600.0
sh603528,多伦科技,8.11,-2.17%,3.37%,70538100.0,101000000.0,30163400.0,171000000.0
sz300545,联得装备,28.42,-2.17%,9.89%,151000000.0,162000000.0,10807800.0,313000000.0
sz002414,高德红外,8.13,-2.17%,0.61%,61597299.99999999,107000000.0,45583600.0,169000000.0
sz002117,东港股份,10.8,-2.17%,1.58%,36417800.0,56109900.0,19692100.0,92994300.0
sz000065,北方国际,14.87,-2.17%,0.68%,28537800.000000004,62640000.0,34102100.0,91671299.99999999
sh688551,科威尔,66.03,-2.18%,1.83%,16416000.0,21233600.0,4817600.0,37649500.0
sh603209,兴通股份,20.62,-2.18%,0.55%,7799299.999999999,11041500.0,3242300.0,18840800.0
sh605305,中际联合,33.26,-2.18%,0.86%,11756199.999999998,18923300.0,7167200.0,30679500.0
sh688601,力芯微,48.42,-2.18%,2.16%,30797100.0,42281700.0,11484600.0,73078700.0
sh600811,东方集团,2.24,-2.18%,0.86%,15995500.0,54715900.0,38720400.0,70711400.0
sh600605,汇通能源,18.38,-2.18%,1.32%,18063500.0,32377600.000000004,14314200.0,50441000.0
sz300597,吉大通信,9.42,-2.18%,3.63%,41367100.0,46211000.0,4843900.0,87579900.0
sz301025,读客文化,12.06,-2.19%,5.71%,29058500.0,37136400.0,8077800.0,66194900.0
sh601003,柳钢股份,4.02,-2.19%,0.55%,29558700.0,26488400.0,3070299.9999999995,56047299.99999999
sh600537,亿晶光电,6.7,-2.19%,5.46%,172000000.0,260000000.0,87789599.99999999,432000000.0
sz002522,浙江众成,4.92,-2.19%,1.34%,17948400.0,38576400.0,20627900.0,56634600.0
sz002991,甘源食品,76.54,-2.20%,1.28%,13909900.0,21410900.0,7501000.0,35741800.0
sh600666,ST瑞德,2.22,-2.20%,0.34%,8697900.0,9977800.0,1279900.0,18675700.0
sz002766,索菱股份,5.78,-2.20%,1.93%,37473800.0,47648200.0,10174400.0,85541500.0
sh688679,通源环境,14.23,-2.20%,0.66%,1942900.0,3670800.0,1727900.0,5613700.0
sh603801,志邦家居,20.44,-2.20%,1.10%,29175300.000000004,39828700.0,10653400.0,69003900.0
sz300245,天玑科技,9.32,-2.20%,2.59%,34243800.0,40666500.0,6422800.0,75644900.0
sz301316,慧博云通,22.61,-2.21%,8.28%,28744100.0,40230800.0,11486700.0,68974900.0
sz301213,观想科技,44.79,-2.21%,11.86%,68781900.0,83086500.0,14304600.0,152000000.0
sh688052,纳芯微,160.43,-2.21%,1.72%,71187300.0,133000000.0,61372600.0,204000000.0
sh688085,三友医疗,23.89,-2.21%,0.70%,13422400.0,18634300.0,5211900.000000001,32056600.0
sh601677,明泰铝业,12.82,-2.21%,2.27%,94605900.0,188000000.0,93118300.0,282000000.0
sz300553,集智股份,52.18,-2.21%,0.89%,10561900.0,14437200.0,3875299.9999999995,25004300.0
sz000537,广宇发展,12.81,-2.21%,0.67%,45274799.99999999,112999999.99999999,67554700.0,161000000.0
sz000059,华锦股份,6.19,-2.21%,0.81%,27296800.0,52922200.0,25625400.0,80471900.0
sh688788,科思科技,39.63,-2.22%,0.87%,5890300.0,16743900.000000002,10853599.999999998,22634200.0
sz300875,捷强装备,40.05,-2.22%,4.85%,42546300.0,46954600.0,4408300.0,89501000.0
sh600395,盘江股份,7.06,-2.22%,0.59%,36385200.0,53131100.0,16746000.0,89516299.99999999
sz000630,铜陵有色,3.08,-2.22%,0.95%,124000000.0,182000000.0,57615600.00000001,310000000.0
sz000803,山高环能,7.02,-2.23%,1.59%,18046100.0,26029800.0,7983600.0,44583100.00000001
sz300885,海昌新材,10.07,-2.23%,5.64%,20108300.0,31660900.0,11552500.0,51769300.0
sh688125,安达智能,51.17,-2.24%,2.00%,7168800.0,13818599.999999998,6649800.0,20987500.0
sh600986,浙文互联,6.1,-2.24%,2.24%,66511400.0,114999999.99999999,48489500.0,182000000.0
sz002868,绿康生化,34.55,-2.24%,0.65%,15693599.999999998,17488400.0,1794900.0,33853400.0
sz002829,星网宇达,34.09,-2.24%,2.44%,49592800.0,52245600.00000001,2652799.9999999995,103000000.0
sz002023,海特高新,10.04,-2.24%,8.55%,267000000.0,299000000.0,31462900.0,570000000.0
sh605111,新洁能,43.46,-2.25%,2.28%,77834600.0,138000000.0,60205400.0,216000000.0
sh603322,超讯通信,26.53,-2.25%,4.82%,97484000.0,104000000.0,6119100.0,200999999.99999997
sh603121,华培动力,8.7,-2.25%,3.60%,47255600.00000001,59362700.00000001,12107200.0,107000000.0
sh600409,三友化工,5.66,-2.25%,0.92%,43002900.0,63944700.0,20941800.0,107000000.0
sz300765,新诺威,13.44,-2.25%,0.61%,36423500.0,41856800.0,5433400.0,80448200.0
sz300357,我武生物,34.38,-2.25%,0.80%,50876700.0,77335100.0,26458400.0,130000000.0
sz301205,联特科技,153.6,-2.26%,18.03%,447000000.0,453000000.0,6136100.0,899000000.0
sh688623,双元科技,90.36,-2.26%,3.98%,15232900.0,33365600.0,18132700.0,48598500.0
sz300604,长川科技,43.24,-2.26%,2.15%,181000000.0,235000000.0,53722200.0,416000000.0
sz002489,浙江永强,3.89,-2.26%,1.23%,35781900.0,53429600.0,17647800.0,90452800.0
sh688072,拓荆科技,324.01,-2.27%,2.57%,246000000.0,326000000.0,80116900.0,572000000.0
sz300943,春晖智控,15.94,-2.27%,5.76%,39672700.0,50643800.0,10971099.999999998,90316400.0
sh603008,喜临门,23.27,-2.27%,1.69%,57464000.0,94577900.00000001,37113900.0,152000000.0
sz300423,昇辉科技,12.04,-2.27%,4.82%,74916400.0,107000000.0,31901900.0,183000000.0
sz000403,派林生物,19.4,-2.27%,0.53%,17840100.0,48145700.0,30305600.0,66129399.99999999
sh605117,德业股份,139.99,-2.28%,2.69%,254999999.99999997,292000000.0,36758900.0,546000000.0
sz000014,沙河股份,12.02,-2.28%,6.22%,82273300.0,99027200.0,16753800.000000002,182000000.0
sz002213,大为股份,16.65,-2.29%,15.05%,258000000.0,274000000.0,16387900.0,533000000.0
sz002235,安妮股份,6.41,-2.29%,3.30%,41328900.0,73796900.0,32467900.0,115999999.99999999
sz002358,森源电气,4.68,-2.30%,2.73%,57878300.0,59787800.0,1909500.0,118000000.0
sz002399,海普瑞,11.46,-2.30%,0.17%,10195000.0,13420300.0,3225299.9999999995,23685200.0
sz002046,国机精工,12.34,-2.30%,1.33%,37450700.0,48373500.0,10922800.0,86324700.0
sz300685,艾德生物,23.23,-2.31%,0.32%,11717100.0,17448600.0,5731500.0,29258700.0
sz300182,捷成股份,5.92,-2.31%,3.38%,171000000.0,272000000.0,102000000.0,446000000.0
sz300164,通源石油,4.66,-2.31%,3.11%,31785000.0,37523600.0,5738600.0,70186300.0
sz002790,瑞尔特,10.95,-2.32%,1.64%,20456900.0,25882800.000000004,5425900.0,47193400.0
sh600665,天地源,3.79,-2.32%,1.27%,14963400.0,26599800.0,11636300.000000002,41563200.0
sh688001,华兴源创,33.24,-2.32%,0.47%,30105100.000000004,35217300.0,5112200.0,65322500.0
sh603398,沐邦高科,23.6,-2.32%,0.81%,20740800.0,45335800.0,24594899.999999996,66076600.0
sh688475,萤石网络,43.19,-2.33%,1.34%,17133700.0,31743300.0,14609600.0,48877000.0
sz002059,云南旅游,6.29,-2.33%,1.04%,31617199.999999996,29210800.0,2406300.0,61237500.0
sh688393,安必平,26.43,-2.33%,4.35%,33013200.0,37229000.0,4215800.0,70242200.0
sz300342,天银机电,13.4,-2.33%,9.37%,236000000.0,281000000.0,45533200.0,523000000.00000006
sh603456,九洲药业,25.15,-2.33%,0.73%,62340200.00000001,91298400.0,28958200.0,154000000.0
sz000663,永安林业,10.86,-2.34%,2.69%,38960300.0,51016000.0,12055600.0,90393100.0
sz300596,利安隆,39.16,-2.34%,0.45%,12722400.0,25505500.0,12783100.0,38255300.0
sz300939,秋田微,42.97,-2.34%,20.64%,286000000.0,314000000.0,27942199.999999996,601000000.0
sz000609,中迪投资,5.01,-2.34%,8.05%,58490300.0,58685300.0,195000.0,118000000.0
sh688479,友车科技,30.8,-2.35%,4.02%,13612200.0,26765200.0,13153100.0,40377400.0
sh600500,中化国际,5.4,-2.35%,0.64%,46209700.0,61269900.0,15060200.0,107000000.0
sz002832,比音勒芬,33.64,-2.35%,0.86%,37341900.0,75513700.0,38171800.0,112999999.99999999
sz002341,新纶新材,3.32,-2.35%,2.21%,33663600.0,35760300.0,2096699.9999999998,69477700.0
sz301382,蜂助手,40.95,-2.36%,23.49%,164000000.0,195000000.0,30964699.999999996,360000000.0
sz002586,*ST围海,2.89,-2.36%,0.39%,2690500.0,7501300.0,4810800.0,10241000.0
sz301103,何氏眼科,39.75,-2.36%,2.22%,33245500.0,39767800.0,6522300.0,73013400.0
sh600661,昂立教育,9.11,-2.36%,1.55%,19417800.0,21110900.0,1693200.0,40528700.0
sh601858,中国科传,33.98,-2.36%,1.98%,263000000.0,264000000.0,715400.0000000001,526999999.99999994
sh688112,鼎阳科技,48.22,-2.37%,1.06%,9715200.0,12902800.0,3187600.0,22618000.0
sz300620,光库科技,56.82,-2.37%,6.36%,422000000.0,465000000.00000006,43615800.0,886999999.9999999
sh688609,九联科技,9.85,-2.38%,4.57%,57908900.0,89333100.0,31424100.0,147000000.0
sh603787,新日股份,17.25,-2.38%,1.06%,19309900.0,18169300.0,1140600.0,37479100.0
sz002563,森马服饰,6.16,-2.38%,0.72%,31768300.0,51873500.0,20105200.0,83973900.0
sz002123,梦网科技,14.77,-2.38%,4.09%,161000000.0,256000000.0,95257800.0,419000000.00000006
sz002114,罗平锌电,7.37,-2.38%,5.79%,60427400.0,75901400.0,15474000.0,138000000.0
sz001301,尚太科技,53.06,-2.39%,1.61%,15670700.0,38374300.0,22703600.0,56885800.0
sz002902,铭普光磁,26.55,-2.39%,14.55%,278000000.0,305000000.0,27570500.0,588000000.0
sh603329,上海雅仕,12.6,-2.40%,1.38%,12067100.0,15452900.0,3385700.0,27520000.0
sz002405,四维图新,11.4,-2.40%,1.59%,177000000.0,237000000.0,59890000.0,415000000.00000006
sz301309,万得凯,28.7,-2.41%,5.96%,17013300.0,25787199.999999996,8774000.0,42800600.00000001
sh688293,奥浦迈,43.81,-2.41%,2.58%,9330000.0,18627200.0,9297200.0,27957100.0
sz003004,声迅股份,28.61,-2.42%,5.63%,25694899.999999996,28673200.0,2978200.0,55396899.99999999
sz300125,聆达股份,16.13,-2.42%,1.14%,17005700.0,30120500.0,13114800.0,48995500.0
sz300957,贝泰妮,89.18,-2.42%,0.61%,47780000.0,70141500.0,22361500.0,118000000.0
sh603212,赛伍技术,21.36,-2.42%,5.46%,240000000.0,267000000.0,27256200.0,508000000.0
sh600172,黄河旋风,4.04,-2.42%,2.10%,56447200.0,50456600.0,5990700.000000001,107000000.0
sh603982,泉峰汽车,15.68,-2.43%,3.04%,55982100.0,59189900.0,3207799.9999999995,114999999.99999999
sh603721,中广天择,19.69,-2.43%,4.67%,55444399.99999999,63926100.0,8481800.0,119000000.0
sh603345,安井食品,148.87,-2.43%,0.93%,180000000.0,224000000.00000003,43598700.0,405000000.0
sz301192,泰祥股份,28.42,-2.44%,22.41%,81271700.0,77326500.0,3945200.0,159000000.0
sz300252,金信诺,10.0,-2.44%,2.65%,41161800.0,74438600.0,33276800.0,117000000.0
sz300817,双飞股份,16.42,-2.44%,9.07%,72589400.0,74238300.0,1648800.0,149000000.0
sz300426,唐德影视,13.22,-2.44%,2.31%,59875500.0,61028800.0,1153400.0,123000000.0
sz300861,美畅股份,44.54,-2.45%,1.58%,76993100.0,94182300.0,17189200.0,171000000.0
sh688037,芯源微,149.82,-2.45%,1.72%,164000000.0,190000000.0,25691000.0,354000000.0
sh688005,容百科技,50.98,-2.45%,1.53%,83264800.0,136000000.0,53168300.0,220000000.00000003
sh600503,华丽家族,2.79,-2.45%,1.34%,23110000.0,36895500.0,13785500.0,60005500.0
sz300595,欧普康视,31.1,-2.45%,1.40%,126000000.0,169000000.0,42848100.00000001,295000000.0
sz000836,富通信息,2.79,-2.45%,1.24%,13732400.0,27963000.0,14230600.0,41861400.0
sh600075,新疆天业,4.75,-2.46%,0.99%,31520400.0,27669600.0,3850800.0,59190100.0
sz300042,朗科科技,36.84,-2.46%,4.52%,122000000.0,174000000.0,52005300.0,299000000.0
sz300990,同飞股份,47.83,-2.47%,2.62%,17685100.0,35305000.0,17619800.0,53114399.99999999
sh603009,北特科技,7.48,-2.48%,5.05%,58229900.0,69126300.0,10896400.000000002,127000000.0
sz300474,景嘉微,85.72,-2.48%,3.20%,387000000.0,476999999.99999994,89271100.0,871000000.0000001
sz000629,钒钛股份,3.94,-2.48%,0.99%,121000000.0,211000000.0,89488900.0,337000000.0
sh600518,ST康美,1.96,-2.49%,0.51%,45521800.0,89865500.0,44343700.0,135000000.0
sz002962,五方光电,13.73,-2.49%,5.71%,68780300.0,93663200.0,24882900.0,165000000.0
sz300128,锦富技术,5.49,-2.49%,7.86%,227999999.99999997,238000000.0,9410400.0,472000000.0
sz002044,美年健康,7.05,-2.49%,1.06%,119000000.0,169000000.0,50083200.0,290000000.0
sz301269,华大九天,111.35,-2.50%,2.25%,100000000.0,97952300.0,2528000.0,198000000.0
sz301122,采纳股份,35.52,-2.50%,0.95%,6516300.0,8555100.0,2038700.0,15071400.000000002
sh600373,中文传媒,12.88,-2.50%,0.94%,65002500.0,101000000.0,35503500.0,166000000.0
sz300315,掌趣科技,6.25,-2.50%,4.78%,305000000.0,465000000.00000006,160000000.0,782000000.0
sz002366,融发核电,6.25,-2.50%,1.62%,31046200.0,60233100.00000001,29186900.0,91463500.0
sz002154,报喜鸟,6.21,-2.51%,5.03%,169000000.0,173000000.0,3714200.0,343000000.0
sz002309,ST中利,3.89,-2.51%,1.18%,10014300.0,22430100.000000004,12415800.0,32491600.0
sh688356,键凯科技,102.95,-2.52%,0.76%,8247700.0,20203400.0,11955700.0,28451200.0
sz300888,稳健医疗,41.07,-2.52%,0.75%,26724300.0,30491400.0,3767100.0,57215700.0
sh603083,剑桥科技,61.98,-2.52%,16.61%,1196000000.0,1520000000.0,324000000.0,2715000000.0
sz301085,亚康股份,66.17,-2.53%,8.96%,82946299.99999999,107000000.0,24302800.000000004,190000000.0
sh603699,纽威股份,15.39,-2.53%,2.38%,146000000.0,126000000.0,19886600.0,271000000.0
sh603598,引力传媒,10.42,-2.53%,3.46%,42137600.0,54961600.0,12824000.0,97099300.0
sz300384,三联虹普,16.59,-2.53%,1.67%,22844200.0,37331100.0,14486900.0,61343600.0
sz300860,锋尚文化,60.28,-2.54%,3.74%,33402500.0,60652200.0,27249699.999999996,94054599.99999999
sh603667,五洲新春,15.37,-2.54%,3.83%,88500100.0,103000000.0,14437600.0,191000000.0
sh603199,九华旅游,33.37,-2.54%,2.84%,44245900.0,60580800.0,16334900.0,105000000.0
sh600966,博汇纸业,6.15,-2.54%,0.93%,30023700.0,46295200.00000001,16271500.0,76319000.0
sz002640,跨境通,3.44,-2.55%,1.70%,25326800.0,55574000.0,30247300.0,81595000.0
sh688377,迪威尔,28.3,-2.55%,1.47%,24904600.0,20162200.0,4742300.0,45066800.0
sz002396,星网锐捷,22.52,-2.55%,5.39%,327000000.0,387000000.0,60743000.0,720000000.0
sh601600,中国铝业,5.74,-2.55%,0.87%,235000000.0,418000000.0,183000000.0,652000000.0
sh688049,炬芯科技,37.07,-2.55%,1.76%,23329600.0,35687200.0,12357600.0,59016700.0
sz002636,金安国纪,10.33,-2.55%,2.79%,98927200.0,107000000.0,8493000.0,206999999.99999997
sh603917,合力科技,21.3,-2.56%,2.39%,37218700.0,42166899.99999999,4948200.0,79385700.0
sh603659,璞泰来,38.49,-2.56%,0.52%,192000000.0,209000000.0,16622500.0,401000000.0
sh603079,圣达生物,12.54,-2.56%,0.85%,8371300.0,9892900.0,1521600.0,18264200.0
sh603037,凯众股份,15.23,-2.56%,7.86%,57682900.0,67404000.0,9721100.0,125000000.0
sz300271,华宇软件,10.26,-2.56%,1.93%,58927600.0,97834300.0,38906700.0,158000000.0
sz300987,川网传媒,18.96,-2.57%,4.83%,35611200.0,52069700.0,16458500.0,87680900.0
sh688229,博睿数据,49.33,-2.57%,2.43%,9016300.0,16348300.0,7332000.0,25364699.999999996
sz002383,合众思壮,7.19,-2.57%,4.40%,71016000.0,124000000.0,52919100.0,197000000.0
sz301367,怡和嘉业,139.5,-2.58%,4.12%,44375900.0,47894900.0,3519000.0,92270800.0
sz301286,侨源股份,29.85,-2.58%,3.99%,20130400.0,27002399.999999996,6871900.000000001,47132800.0
sz301428,世纪恒通,38.17,-2.58%,17.56%,69092000.0,89776900.0,20684899.999999996,159000000.0
sh603001,ST奥康,5.67,-2.58%,1.03%,8453700.0,14883200.0,6429500.0,23336900.0
sz300926,博俊科技,25.23,-2.59%,20.12%,180000000.0,171000000.0,8754600.0,352000000.0
sh603683,晶华新材,11.66,-2.59%,1.86%,23457199.999999996,23350900.0,106300.00000000001,46808100.00000001
sh600258,首旅酒店,19.97,-2.59%,1.39%,133000000.0,175000000.0,41560900.0,308000000.0
sz002265,西仪股份,15.39,-2.59%,3.79%,76628900.0,107000000.0,30604500.0,185000000.0
sz300812,易天股份,23.64,-2.60%,6.00%,49172100.0,60876300.0,11704200.0,112000000.00000001
sh603045,福达合金,17.95,-2.60%,8.39%,107000000.0,96416500.0,10550400.0,202999999.99999997
sh600323,瀚蓝环境,18.34,-2.60%,0.77%,31693200.0,83011000.0,51317800.0,114999999.99999999
sz300260,新莱应材,33.38,-2.60%,1.59%,61542299.99999999,83189000.0,21646700.0,147000000.0
sz000936,华西股份,11.25,-2.60%,7.18%,341000000.0,381000000.0,39783700.0,727000000.0
sz002638,勤上股份,3.36,-2.61%,2.64%,38971800.0,79723700.0,40751900.0,120000000.0
sh600556,天下秀,7.05,-2.62%,2.28%,104000000.0,187000000.0,82975300.0,291000000.0
sz002533,金杯电工,7.79,-2.62%,3.34%,90256600.0,73150800.0,17105800.0,164000000.0
sz002771,真视通,17.08,-2.62%,7.12%,100000000.0,106000000.0,6303900.0,208000000.0
sz002762,金发拉比,8.91,-2.62%,3.59%,27772000.0,36244100.0,8472000.0,64343100.00000001
sz301157,华塑科技,60.79,-2.64%,13.52%,45563200.0,71784000.0,26220800.0,117000000.0
sh688046,药康生物,18.42,-2.64%,0.51%,5214000.0,8682300.0,3468300.0,13896300.000000002
sh688290,景业智能,60.89,-2.64%,1.28%,13827100.0,21164400.0,7337300.0,34991500.0
sh603665,康隆达,25.8,-2.64%,0.34%,6985300.0,6915100.0,70200.0,13900400.0
sh603066,音飞储存,11.05,-2.64%,1.74%,21612600.000000004,36325900.0,14713300.0,57938500.0
sz002639,雪人股份,8.12,-2.64%,2.26%,43114300.0,76066700.0,32952399.999999996,121000000.0
sz300964,本川智能,48.14,-2.65%,9.54%,64201899.99999999,87064700.0,22862800.000000004,151000000.0
sh600490,鹏欣资源,3.67,-2.65%,2.45%,70911400.0,110000000.00000001,39058300.0,181000000.0
sz300580,贝斯特,22.41,-2.65%,2.07%,59564000.0,76490500.0,16926500.0,136000000.0
sh603061,金海通,115.84,-2.66%,12.57%,83378300.0,135000000.0,51450100.0,218000000.00000003
sh603259,药明康德,65.86,-2.66%,0.63%,482000000.0,582000000.0,101000000.0,1064000000.0
sh600549,厦门钨业,18.63,-2.66%,1.07%,85750600.0,197000000.0,111000000.00000001,282000000.0
sz000553,安道麦A,8.41,-2.66%,0.22%,20605300.000000004,20018100.0,587200.0,40694000.0
sz300998,宁波方正,30.65,-2.67%,4.12%,23733800.0,20532199.999999996,3201600.0000000005,44266000.0
sh600340,华夏幸福,2.19,-2.67%,1.20%,40385900.0,61815700.0,21429800.0,102000000.0
sh600277,亿利洁能,3.28,-2.67%,0.89%,28892199.999999996,75158200.0,46266000.0,104000000.0
sz301073,君亭酒店,36.26,-2.68%,3.40%,44533600.0,60843000.0,16309400.0,105000000.0
sh600857,宁波中百,9.8,-2.68%,1.03%,12858500.0,9645300.0,3213200.0,22503800.0
sz300432,富临精工,10.86,-2.69%,1.36%,69287600.0,106000000.0,36439800.0,177000000.0
sz301387,光大同创,54.78,-2.70%,17.86%,72815800.0,89557400.0,16741600.0,162000000.0
sh688697,纽威数控,23.4,-2.70%,6.00%,37563900.0,71450600.0,33886700.0,109000000.00000001
sz002496,辉丰股份,2.88,-2.70%,13.49%,209000000.0,229000000.0,20641500.0,438999999.99999994
sh688662,富信科技,49.82,-2.70%,7.22%,89613000.0,107000000.0,17062200.0,196000000.0
sh600898,ST美讯,3.6,-2.70%,1.41%,8433200.0,4273000.0,4160200.0,12706099.999999998
sz002547,春兴精工,4.69,-2.70%,2.28%,41773400.0,75912600.0,34139200.0,118000000.0
sh688543,国科军工,51.95,-2.70%,9.63%,65018100.00000001,101000000.0,35755400.0,166000000.0
sh600259,广晟有色,35.89,-2.71%,1.15%,53795600.00000001,82246100.0,28450500.0,136000000.0
sz003028,振邦智能,39.66,-2.72%,3.51%,18102900.0,21037500.0,2934600.0,39196000.0
sh600563,法拉电子,135.43,-2.72%,0.36%,40959900.0,70390300.0,29430500.0,111000000.00000001
sz002885,京泉华,19.7,-2.72%,2.50%,51907400.0,48993900.0,2913600.0,102000000.0
sz301133,金钟股份,26.95,-2.74%,8.75%,32673400.0,45590700.0,12917300.0,78751900.0
sh601595,上海电影,26.99,-2.74%,3.24%,169000000.0,227999999.99999997,58804700.0,397000000.0
sh603085,天成自控,10.65,-2.74%,1.43%,29698000.0,26974899.999999996,2723100.0,56672900.0
sz000807,云铝股份,12.77,-2.74%,0.62%,113999999.99999999,160000000.0,46042100.0,277000000.0
sh688182,灿勤科技,23.65,-2.75%,1.11%,8826700.0,16419900.0,7593099.999999999,25246600.0
sz000568,泸州老窖,222.69,-2.75%,0.32%,437000000.0,593000000.0,156000000.0,1033000000.0
sh603922,金鸿顺,22.93,-2.76%,0.61%,7836100.0,10038700.0,2202600.0,17874800.0
sh600070,ST富润,2.82,-2.76%,0.92%,4876400.0,8232000.0,3355600.0,13108400.0
sz300731,科创新源,21.15,-2.76%,9.31%,118000000.0,122000000.0,4581800.0,241000000.0
sz002806,华锋股份,12.69,-2.76%,6.09%,55849399.99999999,58080200.00000001,2230900.0,113999999.99999999
sz301383,天键股份,39.28,-2.77%,10.12%,37047100.0,72898600.0,35851500.0,110000000.00000001
sh688063,派能科技,192.52,-2.77%,2.00%,105000000.0,219000000.0,113999999.99999999,323000000.0
sz300114,中航电测,48.22,-2.78%,1.88%,182000000.0,344000000.0,161000000.0,538000000.0
sz300045,华力创通,11.19,-2.78%,2.24%,44905700.0,77848100.0,32942399.999999996,124000000.0
sz000851,高鸿股份,5.59,-2.78%,3.25%,74634000.0,131000000.0,56266600.0,206999999.99999997
sz002979,雷赛智能,21.27,-2.79%,0.91%,14762500.0,26205700.0,11443200.0,41430100.0
sh688143,长盈通,34.78,-2.79%,5.83%,23620900.0,17241200.0,6379600.0,40862100.0
sh603619,中曼石油,19.89,-2.79%,3.34%,134000000.00000001,132000000.0,1983600.0000000002,266000000.0
sz300634,彩讯股份,27.21,-2.79%,4.17%,224000000.00000003,272000000.0,48292900.0,496000000.0
sh688409,富创精密,100.65,-2.80%,2.04%,34672500.0,61779500.0,27107000.0,96451900.0
sz002076,星光股份,2.43,-2.80%,0.88%,8110700.000000001,14129300.0,6018600.0,22400000.0
sh688123,聚辰股份,65.32,-2.80%,3.04%,152000000.0,164000000.0,11886600.0,316000000.0
sh688150,莱特光电,21.13,-2.81%,1.88%,27824400.0,33149300.0,5324900.0,60973700.0
sz002990,盛视科技,35.63,-2.81%,1.28%,24356700.0,35015800.0,10659100.0,60989100.0
sh688256,寒武纪,200.2,-2.82%,3.31%,777000000.0,847000000.0000001,70155000.0,1623999999.9999998
sh603879,永悦科技,8.96,-2.82%,7.06%,109000000.00000001,119000000.0,9831100.0,229000000.0
sz001207,联科科技,17.18,-2.83%,5.51%,25055600.0,36589700.0,11534100.0,62107299.99999999
sh688682,霍莱沃,60.05,-2.83%,1.45%,11282600.0,16095100.0,4812500.0,27377700.0
sz300496,中科创达,97.24,-2.83%,1.97%,274000000.0,421000000.0,147000000.0,703000000.0
sz002932,明德生物,23.73,-2.83%,1.85%,27349600.0,40486100.0,13136500.0,68757500.0
sz300941,创识科技,21.9,-2.84%,10.08%,82615500.0,106000000.0,23516000.0,189000000.0
sz002620,瑞和股份,5.13,-2.84%,2.52%,16403100.0,24339200.0,7936100.0,40906800.0
sz300903,科翔股份,11.95,-2.85%,9.71%,133000000.0,191000000.0,58249799.99999999,324000000.0
sh600738,丽尚国潮,5.8,-2.85%,2.21%,42604799.99999999,55159799.99999999,12555000.0,97764599.99999999
sz300413,芒果超媒,33.78,-2.85%,1.17%,169000000.0,229000000.0,59431500.0,409999999.99999994
sz002292,奥飞娱乐,10.57,-2.85%,12.05%,550000000.0,704000000.0,154000000.0,1266000000.0
sz000070,特发信息,8.51,-2.85%,2.10%,62397200.0,96880100.0,34482900.0,160000000.0
sh603927,中科软,35.67,-2.86%,0.84%,62710000.0,115999999.99999999,53343200.0,179000000.0
sz300471,厚普股份,13.57,-2.86%,1.85%,31417900.0,51510800.0,20092900.0,84767700.0
sz300571,平治信息,35.25,-2.87%,2.34%,32748100.0,63174399.99999999,30426300.0,95929599.99999999
sh688638,誉辰智能,72.08,-2.88%,14.63%,37668700.0,57131500.0,19462800.0,94800100.0
sh688133,泰坦科技,66.0,-2.88%,1.66%,28862800.000000004,36618800.0,7756000.0,65481600.0
sh603136,天目湖,25.6,-2.88%,1.78%,31202700.0,53673000.0,22470200.0,84875600.0
sz002170,芭田股份,6.41,-2.88%,2.61%,37094200.0,81363300.0,44269100.0,119000000.0
sz000719,中原传媒,10.4,-2.89%,2.10%,54555400.0,91916400.0,37361000.0,147000000.0
sz300901,中胤时尚,11.42,-2.89%,5.16%,32569600.0,39139200.0,6569600.0,71708700.0
sz300841,康华生物,57.15,-2.89%,2.24%,58019300.0,92617600.0,34598300.0,152000000.0
sh688523,航天环宇,27.78,-2.90%,7.48%,22683900.0,48047900.0,25364000.0,70731800.0
sz301368,丰立智能,52.9,-2.90%,12.84%,93513900.0,99862700.0,6348900.0,193000000.0
sz000695,滨海能源,13.33,-2.91%,0.60%,6282700.0,11255600.0,4972900.0,17850200.0
sh688619,罗普特,14.37,-2.91%,3.11%,18829200.0,21362000.0,2532800.0,40191200.0
sz300928,华安鑫创,48.48,-2.92%,12.50%,133000000.0,128000000.0,5208000.0,261000000.0
sh688172,燕东微,22.59,-2.92%,6.56%,72635500.0,114999999.99999999,41948200.0,187000000.0
sh688222,成都先导,15.27,-2.92%,0.94%,17639400.0,31439100.0,13799700.0,49078500.0
sh603825,华扬联众,12.98,-2.92%,3.16%,45550700.0,58373400.0,12822700.0,104000000.0
sz002369,卓翼科技,5.32,-2.92%,1.71%,22125500.0,29348200.0,7222700.0,51633500.0
sh688041,海光信息,76.1,-2.93%,7.55%,617000000.0,600000000.0,17205000.0,1217000000.0
sz300177,中海达,7.29,-2.93%,4.61%,71941600.0,129000000.0,56671700.0,204999999.99999997
sh603039,泛微网络,77.17,-2.93%,0.29%,22515500.0,36513200.0,13997600.0,59028700.0
sz002446,盛路通信,8.94,-2.93%,3.32%,80490200.0,172000000.0,91419700.0,252999999.99999997
sh600892,大晟文化,5.95,-2.94%,1.99%,25386700.0,40877900.0,15491199.999999998,66264700.0
sz300676,华大基因,57.42,-2.94%,0.73%,69988300.0,101000000.0,30616400.0,173000000.0
sz002173,创新医疗,9.24,-2.94%,8.43%,142000000.0,161000000.0,19058700.0,305000000.0
sz000723,美锦能源,7.58,-2.94%,0.97%,106000000.0,187000000.0,80999300.0,294000000.0
sz300280,紫天科技,41.4,-2.95%,4.80%,148000000.0,174000000.0,26133400.0,323000000.0
sz002824,和胜股份,19.42,-2.95%,2.37%,34572700.0,51890300.0,17317600.0,86932099.99999999
sz002436,兴森科技,14.16,-2.95%,1.48%,121000000.0,194000000.0,73066500.0,317000000.0
sz301338,凯格精机,39.67,-2.96%,7.45%,34327200.0,38673000.0,4345900.0,73000200.0
sh688195,腾景科技,43.34,-2.96%,6.45%,109000000.00000001,111000000.00000001,2703100.0,220000000.00000003
sh600586,金晶科技,7.55,-2.96%,1.74%,55908900.0,133000000.0,77056000.0,189000000.0
sz300463,迈克生物,14.73,-2.96%,1.35%,34681900.0,63496500.0,28814600.0,98635300.0
sz002409,雅克科技,81.88,-2.96%,4.77%,603000000.0,656000000.0,53067299.99999999,1260000000.0
sz000892,欢瑞世纪,4.26,-2.96%,2.82%,34596500.0,50968200.0,16371700.0,85745400.00000001
sz001223,欧克科技,87.19,-2.97%,5.94%,39225300.0,46161700.0,6936400.0,86873500.0
sh600097,开创国际,9.46,-2.97%,1.60%,16337200.0,19844200.0,3506900.0,36181500.0
sh603130,云中马,22.12,-2.98%,4.83%,10869800.0,26761100.0,15891300.000000002,37630800.0
sz300493,润欣科技,9.12,-2.98%,2.92%,60118200.0,72747600.0,12629400.0,134000000.00000001
sz300473,德尔股份,18.24,-2.98%,5.98%,74219800.0,87435600.0,13215800.0,164000000.0
sz300148,天舟文化,4.88,-2.98%,6.21%,86147700.0,148000000.0,61768700.0,237000000.0
sz002386,天原股份,6.19,-2.98%,1.15%,27292100.0,45103300.0,17811200.0,72467100.0
sh688032,禾迈股份,352.54,-2.99%,1.66%,89383600.0,155000000.0,65600400.0,244000000.0
sh688580,伟思医疗,66.06,-3.00%,3.46%,24983500.0,30606300.0,5622900.0,55589700.0
sz301159,三维天地,42.52,-3.01%,17.67%,114999999.99999999,132000000.0,17205200.0,247000000.00000003
sz002813,路畅科技,34.51,-3.01%,3.90%,74687900.0,82935600.0,8247700.0,159000000.0
sh688071,华依科技,60.61,-3.02%,5.70%,63734200.0,60444000.0,3290200.0,124000000.0
sh688575,亚辉龙,17.97,-3.02%,1.52%,24274600.0,47527600.0,23253000.0,71802300.0
sh605258,协和电子,27.64,-3.02%,14.56%,70268000.0,81273400.0,11005400.0,152000000.0
sh605366,宏柏新材,8.99,-3.02%,1.28%,15419100.0,18688600.0,3269500.0,34107700.0
sz300611,美力科技,9.94,-3.02%,9.16%,61346400.0,72494400.0,11148100.0,134000000.00000001
sz300364,中文在线,17.65,-3.02%,8.96%,473000000.00000006,552000000.0,78972900.0,1041000000.0
sh688114,华大智造,94.05,-3.04%,2.38%,41201500.0,33591100.0,7610500.0,74792600.0
sz002913,奥士康,37.91,-3.04%,1.38%,64469500.0,74443300.0,9973800.0,140000000.0
sh688059,华锐精密,91.2,-3.04%,2.04%,17709900.0,48234200.0,30524300.0,65944200.0
sh601601,中国太保,28.1,-3.04%,0.35%,264000000.0,409000000.0,145000000.0,674000000.0
sz300459,汤姆猫,6.05,-3.04%,4.05%,266000000.0,459999999.99999994,194000000.0,740000000.0
sh688568,中科星图,52.16,-3.05%,1.48%,33195100.000000004,69441300.0,36246200.0,103000000.0
sh603788,宁波高发,13.68,-3.05%,4.28%,57480900.0,73580000.0,16099100.0,131000000.0
sz002194,武汉凡谷,10.16,-3.05%,3.19%,56953400.0,108000000.0,51462500.0,166000000.0
sz301020,密封科技,22.2,-3.06%,4.32%,30309699.999999996,39954100.0,9644400.0,70264000.0
sh600152,维科技术,8.23,-3.06%,2.88%,50908700.0,73199200.0,22290400.0,124000000.0
sz300662,科锐国际,34.5,-3.06%,0.73%,16331700.0,32951300.0,16619600.0,49886400.0
sz300071,福石控股,4.1,-3.07%,2.70%,35216200.0,66064000.0,30847800.000000004,102000000.0
sh600228,返利科技,9.47,-3.07%,3.37%,33837000.0,55606800.0,21769800.0,89443900.0
sz300913,兆龙互连,39.84,-3.07%,18.61%,238000000.0,248000000.0,10604900.0,486000000.00000006
sh600770,综艺股份,5.37,-3.07%,1.10%,28275700.0,48218200.0,19942600.0,76493900.0
sz301358,湖南裕能,46.29,-3.08%,4.79%,143000000.0,133000000.0,10144500.0,277000000.0
sh600136,*ST明诚,3.15,-3.08%,1.29%,8071000.0,11809300.0,3738300.0,19880300.0
sz300788,中信出版,31.79,-3.08%,3.00%,81599600.0,99908300.0,18308700.0,183000000.0
sz300612,宣亚国际,21.72,-3.08%,5.30%,73490000.0,110000000.00000001,36667700.0,184000000.0
sz002729,好利科技,20.4,-3.09%,3.36%,58939500.0,60048700.0,1109200.0,120000000.0
sh688170,德龙激光,45.48,-3.09%,2.16%,24404200.0,40568400.0,16164300.0,64972600.0
sh601068,中铝国际,5.33,-3.09%,0.52%,36020300.0,34737800.0,1282600.0,70758100.0
sh603586,金麒麟,15.98,-3.09%,1.80%,27713700.0,28501100.0,787500.0,56214799.99999999
sz002989,中天精装,16.55,-3.10%,2.12%,19503200.0,37323800.0,17820600.0,57858400.0
sz301110,青木股份,50.15,-3.11%,5.93%,25513100.0,43703100.00000001,18189900.0,69216300.0
sz000049,德赛电池,34.0,-3.11%,1.15%,38525300.0,78056900.0,39531500.0,117000000.0
sh600822,上海物贸,13.68,-3.12%,6.07%,144000000.0,182000000.0,38122500.0,326000000.0
sz300343,联创股份,8.7,-3.12%,6.17%,243000000.00000003,325000000.0,81454100.0,573000000.0
sz002748,世龙实业,9.26,-3.14%,1.37%,15676400.000000002,14126600.0,1549800.0,30322199.999999996
sz300390,天华新能,34.12,-3.15%,1.58%,124000000.0,191000000.0,67396100.0,332000000.0
sh688328,深科达,28.24,-3.16%,6.47%,40844800.0,47973700.0,7128800.0,88818500.0
sz300719,安达维尔,12.88,-3.16%,2.60%,31536800.0,28698900.0,2837900.0,60553800.0
sh688213,思特威,51.84,-3.18%,2.79%,18922700.0,36946700.0,18024000.0,55869399.99999999
sz300389,艾比森,16.45,-3.18%,5.49%,60209500.0,91012900.00000001,30803400.0,152000000.0
sz300896,爱美客,438.1,-3.18%,1.40%,225000000.0,319000000.0,94604500.0,544000000.0
sh688012,中微公司,139.8,-3.18%,1.70%,636000000.0,839000000.0,202999999.99999997,1475000000.0
sz300672,国科微,82.77,-3.19%,3.28%,221000000.0,344000000.0,124000000.0,569000000.0
sz002873,新天药业,12.45,-3.19%,2.25%,19107200.0,43060800.0,23953600.0,62630100.0
sz301181,标榜股份,29.8,-3.22%,6.41%,33227399.999999996,41392100.0,8164600.0,74619600.0
sh605588,冠石科技,45.68,-3.22%,9.48%,49240300.0,50957200.0,1716900.0,100000000.0
sh688800,瑞可达,53.57,-3.23%,2.90%,65375500.0,83845300.0,18469800.0,149000000.0
sz300654,世纪天鸿,12.29,-3.23%,5.06%,94015100.0,109000000.00000001,14841199.999999998,202999999.99999997
sz300058,蓝色光标,9.28,-3.23%,5.30%,430999999.99999994,712000000.0,281000000.0,1151000000.0
sz002534,西子洁能,14.96,-3.23%,1.39%,80619500.0,68308400.0,12311099.999999998,149000000.0
sz301319,唯特偶,60.57,-3.24%,9.78%,37977200.0,49049700.0,11072600.0,87026800.0
sh688518,联赢激光,25.71,-3.24%,1.22%,30132900.0,49169600.0,19036700.0,79302400.0
sz002555,三七互娱,28.64,-3.24%,2.93%,585000000.0,790000000.0,204999999.99999997,1377000000.0
sz000581,威孚高科,17.02,-3.24%,2.77%,153000000.0,235000000.0,82002300.0,391000000.0
sz000570,苏常柴A,5.95,-3.25%,8.48%,92212200.0,160000000.0,67437100.0,252999999.99999997
sh688331,荣昌生物,64.66,-3.25%,0.70%,38218200.0,35410800.0,2807400.0,73628900.0
sh600860,京城股份,12.52,-3.25%,5.72%,114999999.99999999,121000000.0,6244800.0,236000000.0
sz300563,神宇股份,15.32,-3.28%,6.42%,50940700.0,70913500.0,19972800.0,122000000.0
sz001234,泰慕士,26.75,-3.29%,12.06%,42131100.0,52170200.00000001,10039100.0,94689900.0
sz300041,回天新材,11.76,-3.29%,4.92%,137000000.0,174000000.0,36180700.0,313000000.0
sz301013,利和兴,14.66,-3.30%,6.79%,73418700.0,92697300.0,19278600.0,166000000.0
sz300759,康龙化成,38.66,-3.30%,1.22%,179000000.0,262000000.0,83212300.0,445000000.0
sz300912,凯龙高科,20.71,-3.31%,8.77%,45001400.0,67289500.0,22288100.0,112000000.00000001
sh688620,安凯微,15.45,-3.32%,11.69%,64616300.0,89150300.0,24534000.0,154000000.0
sh688103,国力股份,67.08,-3.32%,2.47%,48179700.0,52565200.00000001,4385500.0,101000000.0
sz300093,金刚光伏,24.75,-3.32%,1.77%,49301200.0,44480800.0,4820400.0,94908400.0
sz301266,宇邦新材,61.47,-3.33%,5.02%,54830500.0,61801000.0,6970500.0,117000000.0
sh600551,时代出版,11.91,-3.33%,1.66%,42947000.0,53178200.0,10231200.0,96125300.0
sz002559,亚威股份,8.71,-3.33%,8.17%,135000000.0,206000000.0,70450300.0,343000000.0
sh603319,湘油泵,17.35,-3.34%,8.31%,140000000.0,159000000.0,19279400.0,299000000.0
sh600161,天坛生物,24.89,-3.34%,0.59%,77130500.0,164000000.0,86583799.99999999,241000000.0
sh605289,罗曼股份,43.46,-3.36%,11.62%,108000000.0,147000000.0,39252800.0,254000000.0
sh600996,贵广网络,9.79,-3.36%,1.18%,62745900.0,76851000.0,14105200.0,140000000.0
sz002167,东方锆业,7.48,-3.36%,3.81%,85628900.0,111000000.00000001,25726800.0,199000000.0
sh688073,毕得医药,76.25,-3.38%,4.18%,26320700.0,36354200.0,10033500.0,62675000.0
sz002852,道道全,12.0,-3.38%,5.05%,64559900.0,101000000.0,36298600.0,167000000.0
sz002756,永兴材料,60.59,-3.38%,1.88%,151000000.0,288000000.0,137000000.0,442000000.0
sh688443,智翔金泰,30.8,-3.39%,2.93%,34401600.0,40227800.0,5826200.0,74629400.0
sz000809,铁岭新城,3.99,-3.39%,1.24%,11940900.0,29159500.0,17218600.0,41291700.0
sh688147,微导纳米,51.35,-3.40%,3.77%,28205100.000000004,49097900.0,20892800.000000004,77303000.0
sz301257,普蕊斯,59.33,-3.40%,4.06%,38208000.0,47527700.00000001,9319700.0,85735800.0
sh688320,禾川科技,42.02,-3.40%,2.54%,33439000.0,57883600.0,24444600.0,91322500.0
sz300984,金沃股份,26.61,-3.41%,5.91%,20108300.0,27136800.0,7028500.0,47245200.00000001
sz300460,惠伦晶体,12.46,-3.41%,8.21%,126000000.0,163000000.0,37827400.0,292000000.0
sz300780,德恩精工,17.5,-3.42%,16.70%,114999999.99999999,135000000.0,19938500.0,254000000.0
sz300160,秀强股份,5.93,-3.42%,2.84%,49027900.0,72554600.0,23526700.0,122000000.0
sz000881,中广核技,7.91,-3.42%,1.09%,30975500.0,35059500.0,4084000.0,66680900.0
sz301419,阿莱德,47.35,-3.43%,24.28%,109000000.00000001,165000000.0,56154900.0,273000000.0
sh603065,宿迁联盛,14.64,-3.43%,8.23%,23401600.0,26379200.0,2977600.0,49780900.0
sz301072,中捷精工,26.72,-3.43%,13.55%,55446100.0,65341200.0,9895100.0,121000000.0
sh603533,掌阅科技,25.65,-3.43%,3.29%,162000000.0,211000000.0,48636400.0,374000000.0
sz002912,中新赛克,47.01,-3.43%,11.44%,449000000.0,445000000.0,4488600.0,898000000.0
sz000923,河钢资源,14.07,-3.43%,1.23%,45500500.0,63340200.00000001,17839600.0,109000000.00000001
sz002821,凯莱英,118.52,-3.45%,0.89%,130000000.0,215000000.0,85803500.0,347000000.0
sh688200,华峰测控,158.31,-3.46%,0.88%,73213800.0,115999999.99999999,42382400.0,189000000.0
sh603196,日播时尚,20.36,-3.46%,2.65%,48092299.99999999,79673600.0,31581300.0,128000000.0
sz000831,中国稀土,30.71,-3.46%,1.70%,234000000.0,275000000.0,40430400.0,513000000.0
sh688083,中望软件,150.67,-3.47%,1.02%,44448900.0,60947299.99999999,16498400.0,105000000.0
sh601628,中国人寿,32.81,-3.47%,0.10%,288000000.0,396000000.0,108000000.0,684000000.0
sh600060,海信视像,22.0,-3.47%,2.13%,265000000.0,331000000.0,66851400.0,596000000.0
sh688102,斯瑞新材,12.48,-3.48%,2.44%,35849000.0,39403900.0,3554900.0,75252800.0
sz002315,焦点科技,35.75,-3.48%,4.89%,136000000.0,206000000.0,70059000.0,342000000.0
sh600601,方正科技,3.6,-3.49%,4.10%,256999999.99999997,368000000.0,112000000.00000001,625000000.0
sh600206,有研新材,13.27,-3.49%,2.26%,102000000.0,152000000.0,50256600.0,254000000.0
sz300404,博济医药,10.22,-3.49%,2.39%,21654699.999999996,44263300.0,22608500.0,66263000.0
sz002616,长青集团,6.09,-3.49%,8.53%,91468500.0,154000000.0,62303300.0,247000000.00000003
sz301168,通灵股份,54.8,-3.50%,5.68%,60286800.0,94588900.0,34302100.0,155000000.0
sh688118,普元信息,30.3,-3.50%,2.19%,34133000.0,30001800.0,4131200.0,64134900.0
sz000911,南宁糖业,9.93,-3.50%,2.68%,39084800.0,46456600.0,7371799.999999999,86676600.0
sh603108,润达医疗,15.15,-3.50%,6.34%,256999999.99999997,309000000.0,51965000.0,565000000.0
sh688233,神工股份,36.99,-3.50%,3.82%,91490800.0,134000000.00000001,42889900.0,225999999.99999997
sh688426,康为世纪,31.36,-3.51%,5.24%,23788300.0,18275400.0,5512900.0,42063800.0
sh688478,晶升股份,46.38,-3.52%,6.85%,32342199.999999996,59301200.0,26959000.0,91643400.0
sh688696,极米科技,129.35,-3.56%,1.82%,47975600.00000001,59893400.0,11917800.0,108000000.0
sz000913,钱江摩托,16.52,-3.56%,1.94%,63724300.0,79576700.0,15852400.0,145000000.0
sz301278,快可电子,61.77,-3.57%,5.70%,32439500.0,41048600.0,8609100.0,73488200.0
sz300785,值得买,25.1,-3.57%,3.70%,49098700.0,56609900.0,7511200.0,107000000.0
sz002725,跃岭股份,10.52,-3.57%,5.63%,59332000.0,56799300.0,2532700.0,117000000.0
sz300552,万集科技,21.79,-3.58%,5.91%,78413600.0,83650700.0,5237200.0,162000000.0
sz001270,铖昌科技,92.04,-3.59%,3.19%,75015300.0,136000000.0,60624500.0,212000000.0
sh600969,郴电国际,7.26,-3.59%,2.10%,29681900.0,26237800.000000004,3444100.0000000005,55919700.0
sh603557,ST起步,2.41,-3.60%,1.07%,3265000.0,9524400.0,6259299.999999999,12789400.0
sz300748,金力永磁,17.69,-3.60%,2.55%,247000000.00000003,256999999.99999997,9827600.0,509999999.99999994
sz000681,视觉中国,19.27,-3.60%,8.30%,441000000.0,647000000.0,206000000.0,1092000000.0
sh688508,芯朋微,67.47,-3.61%,2.34%,51568800.0,61712700.00000001,10143800.0,112999999.99999999
sz300835,龙磁科技,31.27,-3.61%,7.86%,90655000.0,105000000.0,14477800.0,198000000.0
sz002229,鸿博股份,28.58,-3.61%,10.71%,697000000.0,830000000.0000001,132000000.0,1543000000.0
sz002514,宝馨科技,10.65,-3.62%,6.14%,149000000.0,215000000.0,65504900.0,366000000.0
sz000970,中科三环,11.99,-3.62%,1.77%,109000000.00000001,147000000.0,38318500.0,258000000.0
sh600111,北方稀土,23.87,-3.63%,1.06%,365000000.0,555000000.0,190000000.0,919000000.0
sz002605,姚记科技,34.49,-3.63%,3.80%,193000000.0,237000000.0,43406800.0,433000000.0
sz001236,弘业期货,14.55,-3.64%,7.34%,49577900.0,57213100.00000001,7635200.0,107000000.0
sh603258,电魂网络,36.17,-3.65%,2.35%,85243500.0,125000000.0,39347400.0,210000000.0
sz301270,汉仪股份,48.19,-3.66%,6.49%,30010200.0,33684300.0,3674100.0000000005,63694399.99999999
sz300236,上海新阳,39.45,-3.66%,2.40%,115999999.99999999,147000000.0,30397399.999999996,265000000.0
sz300687,赛意信息,24.4,-3.67%,1.96%,63324000.0,88902000.0,25578000.0,153000000.0
sz300532,今天国际,19.7,-3.67%,7.44%,103000000.0,174000000.0,70983700.0,276000000.0
sz301112,信邦智能,32.89,-3.69%,7.16%,28725100.000000004,57186500.0,28461400.0,85911700.0
sz003029,吉大正元,27.32,-3.70%,4.84%,62231400.0,87756000.0,25524600.0,151000000.0
sz002866,传艺科技,26.05,-3.70%,4.27%,81577700.0,115999999.99999999,34581800.0,200999999.99999997
sz002976,瑞玛精密,33.97,-3.74%,13.04%,117000000.0,165000000.0,48189799.99999999,284000000.0
sz002581,未名医药,18.29,-3.74%,1.48%,49251600.0,58745100.0,9493500.0,108000000.0
sh603282,亚光股份,32.87,-3.75%,4.75%,23558900.0,28758700.0,5199800.0,52317500.0
sz002122,汇洲智能,4.11,-3.75%,1.77%,48683800.0,94767200.0,46083500.0,145000000.0
sz000930,中粮科技,7.19,-3.75%,0.80%,48881100.0,57080200.00000001,8199100.0,106000000.0
sh605058,澳弘电子,22.96,-3.77%,7.20%,26932199.999999996,44197900.0,17265800.0,71130000.0
sz300591,万里马,6.13,-3.77%,7.66%,53333100.00000001,90878500.0,37545400.0,144000000.0
sz002371,北方华创,287.62,-3.77%,1.83%,1143000000.0,1688000000.0,545000000.0,2835000000.0
sz002079,苏州固锝,13.27,-3.77%,4.04%,177000000.0,254000000.0,77306500.0,433000000.0
sh600622,光大嘉宝,2.8,-3.78%,0.92%,17235200.0,21301600.0,4066500.0,38536800.0
sz300852,四会富仕,42.53,-3.80%,3.17%,59278200.0,77227300.0,17949100.0,138000000.0
sh688368,晶丰明源,146.0,-3.80%,1.36%,54236200.0,71455000.0,17218800.0,126000000.0
sh601088,中国神华,27.76,-3.81%,0.25%,488000000.0,672000000.0,184000000.0,1160000000.0
sz002240,盛新锂能,29.25,-3.81%,1.92%,152000000.0,328000000.0,177000000.0,483000000.0
sz300725,药石科技,47.49,-3.83%,2.45%,73539500.0,122000000.0,48911800.0,198000000.0
sh688355,明志科技,27.32,-3.84%,2.60%,9474400.0,18314400.0,8840000.0,27788900.0
sh688095,福昕软件,120.35,-3.84%,2.05%,59782900.0,76179700.0,16396800.0,136000000.0
sz002612,朗姿股份,22.24,-3.85%,2.54%,52445700.0,103000000.0,50764600.0,157000000.0
sz301488,豪恩汽电,89.14,-3.86%,34.95%,291000000.0,337000000.0,45720800.0,628000000.0
sh688533,上声电子,47.78,-3.86%,4.04%,23058500.0,54246200.0,31187700.0,77304600.0
sh603738,泰晶科技,16.7,-3.86%,4.52%,128000000.0,164000000.0,36489400.0,292000000.0
sh600426,华鲁恒升,32.6,-3.86%,0.94%,266000000.0,389000000.0,123000000.0,655000000.0
sh688077,大地熊,28.32,-3.87%,3.42%,28685100.000000004,32498900.0,3813800.0,61184100.0
sz000833,粤桂股份,6.45,-3.87%,2.29%,24970300.000000004,29881800.0,4911600.0,55513000.0
sz002981,朝阳科技,25.78,-3.88%,3.39%,42506899.99999999,42360500.0,146300.0,85968200.0
sh688031,星环科技,119.71,-3.88%,4.67%,59869399.99999999,98694900.0,38825500.0,159000000.0
sh600624,复旦复华,5.94,-3.88%,2.04%,34892500.0,48060200.00000001,13167700.0,82952700.0
sz002384,东山精密,23.3,-3.88%,3.05%,354000000.0,641000000.0,288000000.0,997000000.0000001
sh688348,昱能科技,177.8,-3.89%,5.59%,171000000.0,261000000.0,89770900.0,432000000.0
sh688262,国芯科技,43.44,-3.89%,3.26%,105000000.0,161000000.0,56019500.0,265000000.0
sh603918,金桥信息,26.62,-3.90%,9.73%,369000000.0,605000000.0,236000000.0,974000000.0
sh600315,上海家化,27.86,-3.90%,1.73%,148000000.0,173000000.0,25108600.0,321000000.0
sz002805,丰元股份,21.17,-3.90%,3.39%,81009900.0,69764900.0,11245000.0,152000000.0
sh688520,神州细胞,57.05,-3.92%,0.67%,11510100.0,26863800.0,15353699.999999998,38373900.0
sz301377,鼎泰高科,25.16,-3.93%,28.28%,173000000.0,193000000.0,20029200.0,367000000.0
sh688004,博汇科技,35.03,-3.95%,7.97%,60238400.0,70063200.0,9824800.0,130000000.0
sz300866,安克创新,84.51,-3.95%,1.35%,76956000.0,97176800.0,20220800.0,174000000.0
sz300688,创业黑马,31.65,-3.95%,7.04%,125000000.0,178000000.0,53110700.0,305000000.0
sz002166,莱茵生物,7.98,-3.97%,2.92%,37412900.0,68174200.0,30761400.0,109000000.00000001
sz300011,鼎汉技术,7.24,-3.98%,2.36%,26060600.0,59213600.0,33153000.0,85997300.0
sh688535,华海诚科,109.45,-3.99%,47.52%,428000000.0,436000000.00000006,8040000.0,865000000.0
sz000016,深康佳A,4.56,-4.00%,1.32%,34763000.0,61829900.0,27066900.0,96846200.00000001
sh688326,经纬恒润,159.94,-4.00%,4.74%,149000000.0,222000000.00000003,72532700.0,371000000.0
sh605198,安德利,19.66,-4.00%,3.06%,25539800.0,24850900.0,688900.0,50390600.00000001
sh603501,韦尔股份,102.28,-4.00%,1.58%,966000000.0,921000000.0000001,44679500.0,1887000000.0
sz301186,超达装备,42.14,-4.01%,22.08%,84646900.0,115999999.99999999,31551100.0,200999999.99999997
sz300428,立中集团,22.42,-4.02%,1.64%,64201000.0,126000000.0,61814300.0,191000000.0
sh688631,莱斯信息,36.96,-4.02%,7.07%,41944799.99999999,46154500.0,4209700.0,88099400.0
sz301226,祥明智能,29.29,-4.03%,18.60%,131000000.0,138000000.0,6367600.0,269000000.0
sh603727,博迈科,11.68,-4.03%,2.77%,45521400.0,44285400.0,1236000.0,89806700.0
sz002959,小熊电器,68.95,-4.04%,1.96%,91443700.00000001,118000000.0,26868500.0,212000000.0
sz000818,航锦科技,32.53,-4.04%,1.01%,74415400.0,151000000.0,76118800.0,225999999.99999997
sh688351,微电生理,17.04,-4.05%,3.48%,16105900.0,23145200.0,7039299.999999999,39251100.0
sh603677,奇精机械,15.17,-4.05%,7.01%,98264400.0,105000000.0,6812500.0,202999999.99999997
sz000887,中鼎股份,12.79,-4.05%,2.86%,182000000.0,295000000.0,112999999.99999999,480000000.0
sz002865,钧达股份,115.99,-4.06%,3.97%,448000000.00000006,443000000.0,5361200.0,908000000.0
sh688035,德邦科技,64.15,-4.07%,7.62%,61567700.00000001,88569599.99999999,27001900.0,150000000.0
sz301206,三元生物,31.11,-4.07%,1.79%,21366300.0,36066600.0,14700300.0,57432800.0
sz002286,保龄宝,8.71,-4.07%,3.04%,32648000.0,64466700.0,31818700.0,98565900.0
sh603118,共进股份,13.39,-4.08%,3.97%,182000000.0,240000000.0,57990300.0,422000000.0
sz002159,三特索道,17.03,-4.11%,4.31%,50777100.0,48976300.0,1800800.0000000002,100000000.0
sz002092,中泰化学,6.54,-4.11%,0.94%,68123400.0,89582400.0,21459000.0,159000000.0
sz002615,哈尔斯,6.73,-4.13%,4.90%,50904300.0,43336500.0,7567900.0,95032000.0
sz301170,锡南科技,37.42,-4.15%,24.29%,93515100.0,126000000.0,32892300.0,220000000.00000003
sz301307,美利信,36.68,-4.15%,15.10%,107000000.0,154000000.0,46841300.0,261000000.0
sz002250,联化科技,9.92,-4.15%,1.85%,54394500.0,114999999.99999999,60315700.0,170000000.0
sh600365,ST通葡,3.45,-4.17%,1.52%,7353700.0,13806900.0,6453200.000000001,21160600.0
sh600392,盛和资源,12.39,-4.18%,1.07%,91203300.0,143000000.0,52018100.00000001,234000000.0
sz301299,卓创资讯,59.16,-4.19%,17.60%,60983000.0,97453700.00000001,36470700.0,158000000.0
sz002738,中矿资源,49.15,-4.19%,2.07%,181000000.0,440000000.00000006,259000000.0,625000000.0
sh688088,虹软科技,39.18,-4.21%,1.40%,102000000.0,123000000.0,21481000.0,225000000.0
sh601138,工业富联,26.11,-4.22%,0.88%,2209000000.0,2374000000.0,165000000.0,4582000000.0
sz003042,中农联合,20.55,-4.24%,6.77%,46539399.99999999,47029700.0,490300.0,94832700.0
sh603595,东尼电子,37.48,-4.24%,2.11%,61275800.0,82427800.0,21152000.0,144000000.0
sh688819,天能股份,36.01,-4.25%,2.50%,52379500.0,66109100.0,13729500.0,118000000.0
sz300450,先导智能,34.45,-4.25%,1.69%,363000000.0,478000000.0,115999999.99999999,852999999.9999999
sh688308,欧科亿,40.93,-4.26%,1.66%,25883500.0,50392500.0,24509000.0,76275900.0
sh603507,振江股份,31.43,-4.26%,4.32%,86662600.0,107000000.0,20124500.0,193000000.0
sz001338,永顺泰,17.21,-4.28%,6.35%,50590100.0,86227300.0,35637200.0,138000000.0
sz300113,顺网科技,15.87,-4.28%,2.43%,97419800.0,120000000.0,22413400.0,270000000.0
sh688582,芯动联科,40.85,-4.29%,11.06%,99388500.0,111000000.00000001,11504400.0,210000000.0
sz300368,汇金股份,7.37,-4.29%,12.12%,200999999.99999997,260000000.0,58592200.0,470000000.0
sz300567,精测电子,85.41,-4.31%,2.10%,162000000.0,213000000.0,50882200.0,376000000.0
sh688458,美芯晟,84.58,-4.32%,7.85%,53172700.00000001,66928400.0,13755700.0,120000000.0
sz000564,ST大集,1.1,-4.35%,1.33%,72438100.0,149000000.0,77046600.0,223000000.0
sz300130,新国都,25.21,-4.36%,3.57%,145000000.0,196000000.0,50355100.0,345000000.0
sz301118,恒光股份,27.39,-4.36%,6.87%,41709100.0,57333600.0,15624500.0,99042800.0
sh688611,杭州柯林,41.79,-4.37%,5.64%,18977600.0,27290700.0,8313099.999999999,46268200.0
sz001225,和泰机电,44.71,-4.40%,6.05%,14647900.0,29331400.0,14683500.0,44010700.0
sh688120,华海清科,216.0,-4.40%,3.79%,252000000.0,332000000.0,80270300.0,584000000.0
sz300805,电声股份,8.47,-4.40%,4.28%,43636300.0,54813600.0,11177300.0,99513900.0
sz300127,银河磁体,20.65,-4.40%,8.32%,182000000.0,202999999.99999997,21410200.0,388000000.0
sh688270,臻镭科技,57.9,-4.42%,2.27%,54385100.0,61377600.0,6992500.0,115999999.99999999
sz300586,美联新材,11.63,-4.44%,2.29%,60851000.0,82198100.0,21347100.0,143000000.0
sh600171,上海贝岭,17.62,-4.45%,2.52%,139000000.0,173000000.0,33251500.0,312000000.0
sh688361,中科飞测,70.32,-4.46%,6.38%,144000000.0,124000000.0,20269600.0,269000000.0
sz002602,世纪华通,6.42,-4.46%,2.84%,572000000.0,682000000.0,110000000.00000001,1264000000.0
sh600863,内蒙华电,3.85,-4.47%,2.73%,297000000.0,385000000.0,88153400.0,682000000.0
sh600516,方大炭素,5.99,-4.47%,3.02%,215000000.0,518000000.0,303000000.0,733000000.0
sz300527,中船应急,8.34,-4.47%,2.04%,85969700.0,76414700.0,9555000.0,162000000.0
sz300795,米奥会展,38.77,-4.48%,2.28%,33596000.0,42573600.0,8977600.0,76537900.0
sz002920,德赛西威,152.82,-4.49%,1.88%,886999999.9999999,705000000.0,182000000.0,1604000000.0
sz002017,东信和平,12.12,-4.49%,4.06%,92175000.0,196000000.0,103000000.0,289000000.0
sz000547,航天发展,9.51,-4.52%,1.64%,108000000.0,138000000.0,29747900.0,248000000.0
sh603611,诺力股份,24.96,-4.55%,2.22%,66300500.0,77323000.0,11022400.0,144000000.0
sz301221,光庭信息,67.38,-4.57%,14.34%,213000000.0,210000000.0,3842700.0,423000000.00000006
sh603933,睿能科技,20.9,-4.57%,11.63%,231999999.99999997,269000000.0,37600500.0,501000000.0
sz301282,金禄电子,33.55,-4.58%,24.16%,143000000.0,169000000.0,26031700.0,312000000.0
sh688186,广大特材,27.33,-4.64%,1.71%,48942299.99999999,52198600.0,3256300.0,101000000.0
sh688025,杰普特,83.5,-4.65%,1.79%,49963100.00000001,68756300.0,18793200.0,119000000.0
sh603489,八方股份,65.93,-4.66%,0.92%,52400400.0,50040600.00000001,2359800.0,102000000.0
sz002217,合力泰,3.46,-4.68%,1.71%,85323000.0,97816000.0,12493000.0,184000000.0
sh601566,九牧王,11.2,-4.68%,0.89%,29248300.0,28904300.0,344000.0,58152700.00000001
sz300592,华凯易佰,28.29,-4.68%,4.37%,79211700.0,121000000.0,41387299.99999999,200000000.0
sh600721,百花医药,7.32,-4.69%,3.49%,43327600.0,53561600.0,10234000.0,96889200.0
sz300297,蓝盾退,0.2,-4.76%,1.82%,0.0,0.0,0.0,4637300.0
sh688776,国光电气,80.18,-4.77%,3.62%,29031100.0,40651100.0,11619900.0,69682200.0
sh605133,嵘泰股份,33.34,-4.80%,6.38%,57442400.0,78660700.0,21218300.0,136000000.0
sz301261,恒工精密,43.16,-4.81%,25.55%,100000000.0,121000000.0,20467100.0,221000000.0
sh603211,晋拓股份,16.36,-4.83%,17.39%,87039400.0,106000000.0,19197100.0,193000000.0
sz002740,*ST爱迪,2.74,-4.86%,3.10%,18244000.0,16275700.0,1968400.0,34530200.0
sh605118,力鼎光电,17.98,-4.87%,27.46%,93467400.0,112000000.00000001,18820100.0,206000000.0
sh600188,兖矿能源,18.75,-4.87%,1.56%,390000000.0,496000000.0,106000000.0,885000000.0
sh603768,常青股份,16.85,-4.91%,2.71%,54641600.0,37939300.0,16702300.0,92580900.0
sz002176,江特电机,12.17,-4.92%,3.15%,280000000.0,368000000.0,87920500.0,655000000.0
sz002776,*ST柏龙,2.12,-4.93%,2.27%,10056500.0,15935300.0,5878800.0,26124200.0
sh605168,三人行,78.81,-4.93%,1.49%,68593100.0,105000000.0,36601100.0,174000000.0
sh600882,妙可蓝多,20.46,-4.93%,1.85%,89179800.0,102000000.0,13036600.0,191000000.0
sz301357,北方长龙,55.72,-4.95%,23.37%,88734500.0,122000000.0,33631200.0,211000000.0
sh600530,*ST交昂,1.92,-4.95%,2.17%,11442600.0,20952700.0,9510100.0,32395300.000000004
sh600078,ST澄星,8.44,-4.95%,1.64%,38264800.0,53814000.0,15549200.0,92078900.0
sh601333,广深铁路,3.26,-4.96%,2.88%,229000000.0,302000000.0,73060500.0,530999999.99999994
sz002313,*ST日海,7.45,-4.97%,5.36%,123000000.0,26692300.0,96102900.00000001,149000000.0
sz300585,奥联电子,23.3,-4.98%,19.17%,320000000.0,430000000.0,110000000.00000001,750000000.0
sh688680,海优新材,97.55,-5.01%,5.26%,99942800.0,171000000.0,71211000.0,271000000.0
sh601900,南方传媒,19.32,-5.01%,3.40%,250999999.99999997,340000000.0,89732500.0,591000000.0
sz002699,*ST美盛,1.51,-5.03%,2.02%,13886199.999999998,14035300.0,149100.0,27943400.0
sz002403,爱仕达,9.01,-5.06%,5.66%,73126800.0,83811600.0,10684800.0,158000000.0
sz300494,盛天网络,17.36,-5.08%,7.81%,210000000.0,333000000.0,123000000.0,549000000.0
sz000050,深天马A,9.15,-5.08%,0.80%,75619500.0,98705100.0,23085600.0,175000000.0
sz300002,神州泰岳,11.0,-5.09%,7.88%,669000000.0,898000000.0,229000000.0,1580000000.0
sz000996,*ST中期,4.66,-5.09%,4.49%,69612000.0,2275100.0,67336900.0,72172000.0
sz000524,岭南控股,10.41,-5.10%,1.46%,46052900.0,55940500.0,9887600.0,103000000.0
sz300965,恒宇信通,50.95,-5.12%,11.16%,32051400.0,62509799.99999999,30458400.0,94561100.0
sh600683,京投发展,5.75,-5.12%,4.97%,87150400.00000001,125000000.0,37742700.0,212000000.0
sz000046,*ST泛海,1.1,-5.17%,1.45%,32723700.0,51138500.0,18414800.0,84842800.0
sz301052,果麦文化,46.87,-5.20%,7.69%,93273200.0,108000000.0,14775300.0,200999999.99999997
sz300624,万兴科技,101.11,-5.24%,7.48%,423000000.00000006,504000000.0,81312400.0,927000000.0
sz300374,中铁装配,15.48,-5.26%,5.21%,63234200.0,89939500.0,26705300.000000004,155000000.0
sh688332,中科蓝讯,76.16,-5.27%,9.23%,95035100.0,105000000.0,10015400.0,200000000.0
sz001210,金房能源,22.55,-5.29%,8.97%,46295900.0,51058100.00000001,4762300.0,97866800.0
sh600481,双良节能,12.07,-5.33%,3.06%,254000000.0,438000000.0,185000000.0,692000000.0
sz002428,云南锗业,15.03,-5.35%,12.82%,534999999.99999994,709000000.0,175000000.0,1250000000.0
sh603150,万朗磁塑,27.05,-5.39%,6.33%,30123600.0,41474500.0,11350900.0,71598000.0
sh688416,恒烁股份,79.28,-5.41%,24.51%,174000000.0,199000000.0,24797600.000000004,372000000.0
sz300467,迅游科技,18.19,-5.41%,9.05%,101000000.0,164000000.0,62950200.00000001,270000000.0
sz002850,科达利,120.88,-5.41%,2.02%,125000000.0,256000000.0,131000000.0,385000000.0
sz002336,人人乐,12.67,-5.45%,2.75%,59295500.0,68658100.0,9362600.0,129000000.0
sh688590,新致软件,24.29,-5.45%,10.09%,189000000.0,206999999.99999997,17817300.0,397000000.0
sz002517,恺英网络,14.55,-5.46%,2.42%,278000000.0,401999999.99999994,124000000.0,683000000.0
sz300691,联合光电,16.79,-5.51%,11.82%,159000000.0,233000000.0,73988000.0,396000000.0
sz002892,科力尔,13.18,-5.52%,12.48%,193000000.0,262000000.0,68998900.0,459000000.0
sz301171,易点天下,21.98,-5.54%,11.94%,71339300.0,129000000.0,57427000.0,200000000.0
sz002952,亚世光电,18.26,-5.58%,5.53%,54026800.0,76748100.0,22721400.0,133000000.0
sh603173,福斯达,28.99,-5.63%,7.84%,41647700.00000001,48992200.0,7344600.0,90639800.0
sz002590,万安科技,13.37,-5.65%,16.22%,437000000.0,530999999.99999994,93738900.0,981000000.0
sh603190,亚通精工,30.46,-5.67%,16.15%,59352400.0,89708500.0,30356100.0,149000000.0
sz301107,瑜欣电子,35.25,-5.80%,23.18%,70516000.0,108000000.0,37830300.0,179000000.0
sz002558,巨人网络,15.5,-5.83%,2.71%,332000000.0,516000000.0,185000000.0,853999999.9999999
sh688499,利元亨,55.45,-5.84%,4.26%,60788200.0,73112600.0,12324400.0,134000000.00000001
sz300455,航天智装,13.2,-5.85%,6.50%,262000000.0,345000000.0,82998400.0,617000000.0
sz300707,威唐工业,18.27,-5.87%,10.27%,111000000.00000001,121000000.0,10520500.0,235000000.0
sh688202,美迪西,84.75,-5.96%,2.56%,88390300.0,112999999.99999999,24929699.999999996,202000000.0
sz300363,博腾股份,27.57,-5.97%,2.38%,128000000.0,198000000.0,70310200.0,330000000.0
sz002995,天地在线,30.82,-6.01%,21.63%,260000000.0,283000000.0,22311800.0,548000000.0
sh603330,天洋新材,10.23,-6.06%,1.92%,25739500.0,40379500.0,14640000.0,66119100.0
sz301328,维峰电子,56.38,-6.16%,7.04%,45443000.0,61710500.0,16267600.0,107000000.0
sh600366,宁波韵升,8.01,-6.21%,2.48%,97219500.0,112000000.00000001,14298900.000000002,209000000.0
sh603882,金域医学,71.79,-6.25%,1.19%,187000000.0,213000000.0,25425700.0,400000000.0
sz002261,拓维信息,19.55,-6.28%,16.85%,1625000000.0,2086000000.0,461000000.00000006,3747000000.0
sz001331,胜通能源,17.24,-6.36%,6.36%,21923500.0,23784500.0,1861000.0,46010900.0
sz002893,京能热力,14.72,-6.36%,32.59%,445000000.0,511000000.00000006,66486300.0,969000000.0
sz301095,广立微,75.15,-6.44%,8.83%,98333300.0,186000000.0,87509700.0,284000000.0
sz002661,克明食品,10.24,-6.48%,3.55%,42970600.00000001,76483800.0,33513200.0,120000000.0
sh603888,新华网,32.7,-6.54%,7.00%,575000000.0,634000000.0,58906100.0,1209000000.0
sz000710,贝瑞基因,10.56,-6.55%,3.79%,39476200.0,84139900.0,44663700.0,124000000.0
sz300322,硕贝德,8.36,-6.59%,5.11%,77561000.0,111000000.00000001,33269400.0,190000000.0
sz301048,金鹰重工,12.01,-6.61%,9.76%,61804100.0,97028900.0,35224800.0,159000000.0
sh688576,西山科技,117.09,-6.66%,10.75%,64878100.00000001,85565800.0,20687700.0,150000000.0
sz300807,天迈科技,33.72,-6.83%,20.22%,151000000.0,176000000.0,24852300.0,335000000.0
sz300978,东箭科技,13.88,-6.97%,9.40%,79334200.0,91755900.0,12421700.0,172000000.0
sz300879,大叶股份,18.03,-6.97%,13.01%,53527600.0,77035800.0,23508200.0,131000000.0
sz001269,欧晶科技,62.95,-7.02%,10.78%,125000000.0,204000000.0,78921500.0,332000000.0
sz002645,华宏科技,11.16,-7.15%,2.51%,57059700.0,81165800.0,24106000.0,138000000.0
sh688629,华丰科技,22.83,-7.20%,29.64%,161000000.0,220000000.00000003,58968400.0,380000000.0
sz301099,雅创电子,57.15,-7.39%,24.81%,192000000.0,209000000.0,16945100.0,400000000.0
sh603538,美诺华,17.19,-7.43%,3.60%,56283700.0,74140900.0,17857100.0,130000000.0
sz002709,天赐材料,36.04,-7.52%,3.67%,750000000.0,1085000000.0,335000000.0,1842000000.0000002
sh601908,京运通,5.56,-7.64%,2.38%,133000000.0,188000000.0,54778400.0,321000000.0
sz301016,雷尔伟,23.77,-7.65%,31.52%,103000000.0,124000000.0,20819300.0,227000000.0
sz300097,智云股份,7.21,-7.68%,16.14%,122000000.0,192000000.0,70619800.0,320000000.0
sz300769,德方纳米,121.7,-7.72%,6.59%,1011999999.9999999,863000000.0000001,149000000.0,1882000000.0
sh603027,千禾味业,19.96,-7.81%,3.02%,244000000.0,336000000.0,92262099.99999999,580000000.0
sh600185,格力地产,5.65,-7.83%,6.01%,315000000.0,322000000.0,7692800.0,637000000.0
sz300244,迪安诊断,23.12,-7.96%,2.63%,110000000.00000001,198000000.0,87771000.0,312000000.0
sz301370,国科恒泰,18.56,-8.03%,34.11%,180000000.0,249000000.00000003,69617100.0,429000000.0
sh688319,欧林生物,19.04,-8.20%,3.10%,67383900.0,105000000.0,37556600.0,172000000.0
sz301102,兆讯传媒,26.02,-8.22%,8.12%,55826000.0,95353500.0,39527500.0,151000000.0
sz002199,东晶电子,10.28,-8.30%,22.48%,256000000.0,324000000.0,68797900.0,591000000.0
sh600603,广汇物流,6.23,-8.92%,4.64%,153000000.0,204000000.0,50694500.0,356000000.0
sz301218,华是科技,30.7,-9.01%,44.60%,369000000.0,433000000.0,64301100.0,801000000.0
sz300936,中英科技,38.32,-9.41%,37.66%,185000000.0,210000000.0,25154899.999999996,395000000.0
sh603906,龙蟠科技,16.16,-9.47%,3.22%,124000000.0,172000000.0,48088800.0,296000000.0
sh600335,国机汽车,8.88,-9.48%,5.11%,275000000.0,395000000.0,120000000.0,670000000.0
sz301141,中科磁业,69.96,-9.59%,44.68%,290000000.0,346000000.0,55993300.0,637000000.0
sz002965,祥鑫科技,47.84,-9.91%,15.96%,455999999.99999994,421000000.0,34874400.0,886000000.0
sh603567,珍宝岛,14.09,-9.97%,2.25%,176000000.0,123000000.0,52254100.0,299000000.0
sz002877,智能自控,11.01,-9.98%,17.96%,239000000.0,174000000.0,64709399.99999999,413999999.99999994
sz001266,宏英智能,31.7,-9.99%,26.86%,115999999.99999999,141000000.0,25294800.0,256999999.99999997
sh603629,利通电子,22.88,-9.99%,9.60%,308000000.0,277000000.0,31612100.0,585000000.0
sh603127,昭衍新药,36.86,-9.99%,1.82%,135000000.0,170000000.0,34676100.0,305000000.0
sh603051,鹿山新材,41.12,-10.00%,10.42%,97437400.0,114999999.99999999,17466000.0,212000000.0
sz002708,光洋股份,7.11,-10.00%,10.85%,135000000.0,185000000.0,50314300.0,320000000.0
sz000860,顺鑫农业,28.27,-10.00%,3.14%,338000000.0,321000000.0,16546900.0,660000000.0
sh605333,沪光股份,15.71,-10.02%,10.84%,78933200.0,90184900.0,11251700.0,169000000.0
sz002665,首航高科,3.3,-10.08%,6.08%,204000000.0,294000000.0,89902700.0,499000000.0
sz301486,致尚科技,56.47,-10.12%,32.13%,241000000.0,336000000.0,94371000.0,577000000.0
sz301323,新莱福,49.78,-10.72%,55.06%,315000000.0,348000000.0,32809899.999999996,663000000.0
