代码,股票简称,最新价,涨跌幅,换手率,流入资金(元),流出资金(元),净额(元),成交额(元)
sz301381,赛维时代,43.99,115.11%,87.01%,513999999.99999994,432000000.0,81651000.0,946000000.0000001
sz301370,国科恒泰,26.08,94.77%,74.30%,508000000.0,507000000.0,523600.0,1015000000.0
sz301393,昊帆生物,103.08,52.30%,75.64%,916000000.0,941000000.0,24559699.999999996,1857000000.0
sz301386,未来电器,32.76,20.00%,48.58%,242000000.0,247000000.00000003,5009900.0,488999999.99999994
sz301226,祥明智能,31.08,20.00%,19.84%,79524900.0,213000000.0,133000000.0,292000000.0
sz300926,博俊科技,28.14,20.00%,54.40%,488999999.99999994,559000000.0,70576200.0,1048000000.0
sz300936,中英科技,40.93,19.99%,23.60%,54542600.0,192000000.0,137000000.0,246000000.0
sz300807,天迈科技,44.54,16.84%,40.90%,426000000.0,395000000.0,31597700.0,821000000.0000001
sh688535,华海诚科,92.21,16.60%,51.21%,363000000.0,383000000.0,20832399.999999996,754000000.0
sz301307,美利信,39.81,12.49%,35.90%,352000000.0,304000000.0,47871100.0,655000000.0
sz300343,联创股份,9.1,11.79%,14.04%,714000000.0,586000000.0,127000000.0,1316000000.0
sz300128,锦富技术,5.91,11.51%,16.71%,572000000.0,449000000.0,123000000.0,1033000000.0
sz301016,雷尔伟,28.65,11.18%,56.36%,254000000.0,212000000.0,42002700.00000001,467000000.0
sh600540,新赛股份,5.23,10.11%,6.36%,80423200.0,109000000.00000001,28627700.0,190000000.0
sz002877,智能自控,10.4,10.05%,4.60%,23599699.999999996,74235500.0,50635800.0,98865900.0
sz002616,长青集团,6.57,10.05%,16.59%,241000000.0,237000000.0,4428900.0,479000000.0
sz002708,光洋股份,8.34,10.03%,9.95%,127000000.0,202000000.0,74576500.0,331000000.0
sz002265,西仪股份,16.34,10.03%,9.30%,180000000.0,292000000.0,112999999.99999999,476999999.99999994
sh603161,科华控股,16.47,10.02%,7.72%,73072200.0,92719800.0,19647600.0,166000000.0
sz002026,山东威达,11.09,10.02%,1.90%,0.0,89891600.0,89891600.0,90133400.0
sh605258,协和电子,29.01,10.01%,5.35%,12811800.0,43780300.0,30968500.0,57613300.0
sz002490,山东墨龙,4.95,10.00%,12.80%,105000000.0,231999999.99999997,127000000.0,337000000.0
sh603933,睿能科技,22.12,10.00%,20.99%,403000000.0,511000000.00000006,108000000.0,915000000.0
sh603000,人民网,28.16,10.00%,9.04%,1106000000.0,1607000000.0,501000000.0,2716000000.0
sh603948,建业股份,24.53,10.00%,5.52%,89094800.0,125000000.0,35769800.0,214000000.0
sh603070,万控智造,22.58,9.99%,27.10%,222000000.00000003,252999999.99999997,30311800.0,475000000.0
sz001266,宏英智能,32.71,9.99%,10.13%,23735300.000000004,71797300.0,48062000.0,96320900.0
sh603097,江苏华辰,24.89,9.99%,34.61%,167000000.0,169000000.0,1726600.0,337000000.0
sz002196,方正电机,8.15,9.99%,12.61%,182000000.0,297000000.0,114999999.99999999,480999999.99999994
sh603677,奇精机械,15.97,9.99%,11.89%,145000000.0,208000000.0,62199300.0,354000000.0
sh603045,福达合金,19.82,9.99%,31.77%,438999999.99999994,380000000.0,59391400.0,819999999.9999999
sz002590,万安科技,14.31,9.99%,12.89%,343000000.0,475000000.0,132000000.0,819999999.9999999
sz002112,三变科技,12.77,9.99%,17.02%,281000000.0,261000000.0,19597200.0,543000000.0
sh600480,凌云股份,9.59,9.98%,2.60%,0.0,210000000.0,210000000.0,215000000.0
sz002893,京能热力,16.53,9.98%,39.78%,500000000.0,700000000.0,200000000.0,1201000000.0
sz002535,林州重机,4.85,9.98%,10.06%,139000000.0,137000000.0,2476400.0,277000000.0
sh600719,大连热电,8.6,9.97%,1.59%,0.0,55150400.0,55150400.0,55485000.0
sz000980,众泰汽车,3.75,9.97%,15.44%,1221000000.0,1191000000.0,30283000.0,2423000000.0
sh605228,神通科技,11.81,9.96%,19.73%,56859300.0,168000000.0,111000000.00000001,227000000.0
sh600537,亿晶光电,7.19,9.94%,17.95%,727000000.0,726000000.0,1055000.0,1456000000.0
sh601500,通用股份,4.66,9.91%,6.64%,122000000.0,262000000.0,140000000.0,394000000.0
sz300880,迦南智能,25.58,9.50%,30.60%,379000000.0,289000000.0,90613799.99999999,668000000.0
sh688059,华锐精密,93.4,9.46%,5.71%,118000000.0,66684300.0,51768300.0,185000000.0
sz301186,超达装备,50.69,8.71%,49.89%,254999999.99999997,275000000.0,19603000.0,530000000.0
sz300585,奥联电子,23.59,8.71%,25.41%,472000000.0,438000000.0,34449300.0,927999999.9999999
sz300713,英可瑞,23.87,8.60%,24.51%,264000000.0,231999999.99999997,32262000.0,495000000.0
sz002703,浙江世宝,17.91,8.55%,33.63%,1477000000.0,1755999999.9999998,279000000.0,3270000000.0000005
sz300565,科信技术,20.47,8.54%,20.82%,429000000.0,353000000.0,76107800.0,791000000.0
sh603099,长白山,15.08,8.41%,7.83%,163000000.0,140000000.0,23156300.0,305000000.0
sh605118,力鼎光电,19.43,8.37%,50.17%,217000000.0,175000000.0,42125600.00000001,394000000.0
sh601163,三角轮胎,17.95,8.07%,6.20%,446000000.0,444000000.00000006,1674900.0,900000000.0
sz300282,*ST三盛,3.35,7.72%,5.38%,36929300.0,26269899.999999996,10659400.0,65210300.0
sh688291,金橙子,31.45,7.67%,15.20%,65466200.0,50483800.0,14982400.0,115999999.99999999
sh688169,石头科技,353.99,7.27%,2.27%,386000000.0,225999999.99999997,160000000.0,612000000.0
sh688102,斯瑞新材,13.62,7.24%,8.43%,182000000.0,92510700.0,89943100.0,275000000.0
sz300939,秋田微,46.4,7.11%,30.83%,487000000.0,444000000.00000006,42955800.0,931000000.0
sz301141,中科磁业,76.68,7.02%,67.81%,479000000.0,550000000.0,70259700.0,1028999999.9999999
sz300342,天银机电,15.17,6.98%,25.68%,817000000.0,744000000.0,73594000.0,1580000000.0
sz300751,迈为股份,173.95,6.89%,3.22%,554000000.0,476999999.99999994,77228300.0,1032000000.0
sz300763,锦浪科技,113.67,6.88%,6.58%,1149000000.0,1056000000.0,92638000.0,2205000000.0
sz300317,珈伟新能,6.39,6.86%,12.55%,339000000.0,289000000.0,50056800.0,641000000.0
sh600738,丽尚国潮,5.78,6.84%,8.11%,176000000.0,184000000.0,8060500.0,361000000.0
sh688308,欧科亿,42.79,6.66%,5.04%,137000000.0,97831400.0,39087500.0,235000000.0
sz000767,晋控电力,3.85,6.65%,9.22%,507000000.0,492000000.0,14863100.0,1000000000.0
sh600452,涪陵电力,18.53,6.62%,1.54%,178000000.0,130000000.0,48324000.0,308000000.0
sz301157,华塑科技,60.0,6.53%,20.72%,97598300.0,75237600.0,22360800.0,173000000.0
sz301361,众智科技,31.72,6.51%,42.59%,198000000.0,191000000.0,6372800.0,389000000.0
sh603348,文灿股份,47.99,6.46%,7.48%,470000000.0,448000000.00000006,21826500.0,927000000.0
sh605333,沪光股份,17.98,6.45%,24.89%,191000000.0,241000000.0,50295200.00000001,434999999.99999994
sz000581,威孚高科,18.4,6.36%,9.43%,538000000.0,922000000.0000001,385000000.0,1460000000.0
sz300780,德恩精工,20.81,6.34%,40.11%,351000000.0,352000000.0,290500.0,703000000.0
sh603767,中马传动,13.66,6.30%,15.85%,349000000.0,303000000.0,45741300.0,660000000.0
sz300817,双飞股份,18.9,6.24%,23.71%,225999999.99999997,209000000.0,17100700.0,434999999.99999994
sh603879,永悦科技,8.21,6.21%,8.78%,148000000.0,108000000.0,40103300.0,258000000.0
sz300510,金冠股份,7.29,6.11%,12.82%,432000000.0,298000000.0,134000000.00000001,750000000.0
sz300882,万胜智能,30.13,6.09%,27.90%,265000000.0,217000000.0,47399000.0,482000000.0
sh600141,兴发集团,23.79,6.02%,3.60%,561000000.0,373000000.0,188000000.0,934000000.0
sh688300,联瑞新材,51.75,5.91%,3.65%,170000000.0,177000000.0,7149900.0,348000000.0
sz001223,欧克科技,94.59,5.85%,14.45%,119000000.0,105000000.0,14534300.0,224000000.00000003
sh603048,浙江黎明,19.99,5.82%,41.82%,157000000.0,146000000.0,10305900.0,306000000.0
sh688551,科威尔,69.91,5.80%,3.74%,46872700.00000001,32784400.0,14088300.0,79840900.0
sh603088,宁波精达,8.79,5.78%,9.46%,156000000.0,202000000.0,45946800.0,361000000.0
sz003006,百亚股份,16.0,5.75%,5.23%,93484000.0,86505300.0,6978700.0,181000000.0
sh603888,新华网,30.59,5.74%,5.01%,394000000.0,384000000.0,9778800.0,788000000.0
sz002028,思源电气,51.93,5.66%,2.85%,449000000.0,429000000.0,20354900.0,877999999.9999999
sz301398,星源卓镁,67.6,5.62%,79.10%,496000000.0,520000000.0,24285700.0,1016000000.0
sh600251,冠农股份,9.58,5.62%,5.76%,249000000.00000003,176000000.0,73506600.0,425000000.0
sh603379,三美股份,26.15,5.57%,3.32%,256999999.99999997,262000000.0,5352700.0,524000000.0
sz300907,康平科技,22.48,5.54%,17.79%,78209800.0,69068000.0,9141800.0,147000000.0
sz002176,江特电机,13.22,5.51%,8.56%,1043000000.0,869000000.0,174000000.0,1911000000.0
sz300189,神农科技,3.65,5.49%,8.68%,176000000.0,119000000.0,56132100.0,300000000.0
sz301397,溯联股份,45.0,5.46%,30.62%,178000000.0,145000000.0,33156200.0,323000000.0
sz002927,泰永长征,14.68,5.46%,10.69%,150000000.0,194000000.0,43534799.99999999,348000000.0
sh605020,永和股份,29.56,5.42%,5.16%,142000000.0,114999999.99999999,26608900.0,262000000.0
sh603131,上海沪工,15.78,5.41%,21.29%,484000000.0,596000000.0,112000000.00000001,1088000000.0
sz300611,美力科技,10.57,5.38%,15.35%,112999999.99999999,129000000.0,16264700.0,241000000.0
sh605011,杭州热电,42.01,5.34%,17.81%,426999999.99999994,416000000.0,10939900.0,861000000.0
sz300691,联合光电,19.48,5.30%,22.17%,459000000.0,409000000.0,50274799.99999999,869000000.0
sz300360,炬华科技,18.38,5.27%,8.29%,388000000.0,252000000.0,135000000.0,644000000.0
sh600860,京城股份,13.1,5.22%,9.31%,242000000.0,276000000.0,34641800.0,525000000.0
sz300457,赢合科技,18.95,5.22%,5.75%,349000000.0,241000000.0,108000000.0,598000000.0
sz002728,特一药业,15.7,5.09%,13.09%,246000000.0,212000000.0,34401500.0,458000000.0
sh600589,*ST榕泰,2.91,5.05%,2.35%,28333400.0,17673700.0,10659700.0,46493000.0
sz300885,海昌新材,10.87,5.02%,21.98%,111000000.00000001,111000000.00000001,388600.0,222000000.00000003
sz002564,*ST天沃,2.93,5.02%,10.29%,93672300.0,161000000.0,67037000.0,254000000.0
sz000996,*ST中期,5.02,5.02%,6.34%,7144700.0,103000000.0,95507900.00000001,110000000.00000001
sz002289,ST宇顺,5.7,4.97%,0.90%,5326100.0,8039200.0,2713100.0,13365200.0
sh600426,华鲁恒升,33.66,4.96%,1.47%,552000000.0,488999999.99999994,62533200.0,1041000000.0
sz300985,致远新能,28.3,4.78%,13.08%,70384200.0,62178100.00000001,8206100.0,133000000.0
sz300978,东箭科技,15.29,4.73%,14.38%,155000000.0,131000000.0,24702100.0,286000000.0
sh688772,珠海冠宇,22.53,4.50%,2.77%,322000000.0,150000000.0,172000000.0,472000000.0
sh603988,中电电机,11.38,4.50%,6.94%,98127700.0,82115400.00000001,16012300.0,184000000.0
sh601012,隆基绿能,30.55,4.48%,3.76%,4708000000.0,3810000000.0,898000000.0,8599000000.0
sh600160,巨化股份,14.45,4.48%,2.03%,476000000.0,308000000.0,167000000.0,784000000.0
sh688032,禾迈股份,375.49,4.46%,3.65%,318000000.0,240000000.0,77645000.0,558000000.0
sz301388,欣灵电气,29.14,4.44%,37.06%,146000000.0,127000000.0,19027900.0,273000000.0
sh600552,凯盛科技,12.31,4.41%,7.33%,417000000.0,398000000.0,18843700.0,819999999.9999999
sh600612,老凤祥,68.56,4.35%,0.71%,88768500.0,57773600.0,30994899.999999996,151000000.0
sz301291,明阳电气,32.51,4.30%,28.14%,364000000.0,256999999.99999997,107000000.0,621000000.0
sz300991,创益通,19.63,4.30%,34.97%,233000000.0,212000000.0,21399300.0,445000000.0
sz301357,北方长龙,55.99,4.25%,27.40%,129000000.0,112999999.99999999,15644400.0,243000000.00000003
sz002648,卫星化学,15.75,4.24%,0.76%,259000000.0,140000000.0,119000000.0,398000000.0
sz300779,惠城环保,53.4,4.22%,5.18%,124000000.0,140000000.0,16380100.0,264000000.0
sh603505,金石资源,26.78,4.20%,1.40%,126000000.0,93905300.0,32377300.0,223000000.0
sh605555,德昌股份,20.15,4.19%,21.77%,330000000.0,279000000.0,51054000.0,609000000.0
sz002380,科远智慧,25.05,4.16%,22.65%,418000000.0,383000000.0,35840600.0,801000000.0
sz300141,和顺电气,11.1,4.13%,11.40%,138000000.0,106000000.0,32389899.999999996,248000000.0
sh600389,江山股份,25.56,4.11%,1.92%,129000000.0,77936300.0,51355200.00000001,206999999.99999997
sz300879,大叶股份,20.31,4.10%,25.44%,134000000.00000001,146000000.0,11773500.0,280000000.0
sh603027,千禾味业,21.21,4.07%,2.52%,283000000.0,219000000.0,64159300.0,511000000.00000006
sz300304,云意电气,6.01,3.98%,8.44%,247000000.00000003,166000000.0,81556500.0,426000000.0
sz002123,梦网科技,14.15,3.97%,7.13%,368000000.0,331000000.0,36712100.0,699000000.0
sz001333,光华股份,26.24,3.96%,10.37%,44878000.0,43004799.99999999,1873200.0,87882700.0
sz300131,英唐智控,5.54,3.94%,8.50%,278000000.0,196000000.0,82167400.0,480999999.99999994
sz003035,南网能源,7.14,3.93%,3.67%,266000000.0,158000000.0,108000000.0,429000000.0
sh688390,固德威,178.5,3.92%,6.36%,694000000.0,569000000.0,124000000.0,1263000000.0
sz002740,*ST爱迪,3.19,3.91%,2.22%,17816000.0,10393900.000000002,7422200.0,28209899.999999996
sz002482,*ST广田,2.4,3.90%,1.82%,36028900.0,30875400.0,5153500.0,66904300.0
sz002195,二三四五,2.96,3.86%,4.90%,446000000.0,390000000.0,55677700.00000001,836999999.9999999
sh605028,世茂能源,23.39,3.82%,27.88%,133000000.0,121000000.0,11464600.0,258000000.0
sz002087,*ST新纺,2.18,3.81%,4.57%,47048300.0,32648700.0,14399500.0,79697100.0
sz002089,*ST新海,1.1,3.77%,4.15%,35785100.0,21210300.000000004,14574800.0,56995400.0
sz300960,通业科技,22.92,3.76%,21.74%,66941100.0,59737200.0,7203900.0,127000000.0
sz003012,东鹏控股,9.4,3.75%,5.90%,190000000.0,164000000.0,26101500.0,359000000.0
sz300765,新诺威,13.04,3.74%,1.56%,123000000.0,79948200.0,43102900.0,202999999.99999997
sz002576,通达动力,21.28,3.65%,22.91%,404000000.0,375000000.0,28315500.0,779000000.0
sz300979,华利集团,54.98,3.60%,2.75%,113999999.99999999,108000000.0,6212300.0,222000000.00000003
sz300606,金太阳,21.86,3.60%,8.74%,111000000.00000001,102000000.0,8812200.0,213000000.0
sz002771,真视通,16.71,3.60%,14.91%,200000000.0,224000000.00000003,23856200.0,424000000.0
sz000572,海马汽车,4.62,3.59%,4.45%,186000000.0,152000000.0,33912200.0,339000000.0
sh603798,康普顿,10.54,3.54%,5.39%,70785900.0,72039500.0,1253600.0,147000000.0
sh600186,莲花健康,2.97,3.48%,2.98%,106000000.0,51286800.0,54390800.0,157000000.0
sh600593,大连圣亚,16.72,3.47%,4.88%,51116500.0,46754600.0,4361800.0,102000000.0
sz002560,通达股份,8.96,3.46%,11.33%,239000000.0,204000000.0,34880800.0,455999999.99999994
sh688630,芯碁微装,80.68,3.44%,4.78%,134000000.00000001,126000000.0,8085599.999999999,260000000.0
sh603613,国联股份,36.94,3.44%,2.72%,368000000.0,362000000.0,6640500.0,738000000.0
sz300540,蜀道装备,27.33,3.44%,7.16%,121000000.0,88187700.0,32635500.0,212000000.0
sz002607,中公教育,4.86,3.40%,6.31%,811999999.9999999,619000000.0,193000000.0,1449000000.0
sz000957,中通客车,13.22,3.36%,31.63%,1233000000.0,1245000000.0,12760000.0,2508000000.0
sz301013,利和兴,14.54,3.34%,10.14%,127000000.0,120000000.0,6548600.0,247000000.00000003
sz300776,帝尔激光,64.31,3.34%,3.42%,237000000.0,126000000.0,110000000.00000001,363000000.0
sz002087,*ST新纺,2.17,3.33%,4.43%,43525400.0,31842700.0,11682700.0,77250800.0
sz000681,视觉中国,19.01,3.32%,11.02%,730000000.0,657000000.0,72372300.0,1410000000.0
sz002514,宝馨科技,10.74,3.27%,15.26%,488999999.99999994,417000000.0,72935400.0,916000000.0
sz300517,海波重科,14.9,3.26%,4.26%,39215900.0,33551000.0,5664900.0,77765900.0
sh603528,多伦科技,8.59,3.25%,9.12%,254000000.0,229999999.99999997,24656600.0,488000000.0
sz300693,盛弘股份,43.55,3.25%,9.36%,556000000.0,458000000.0,98143100.0,1014000000.0
sz301070,开勒股份,43.63,3.24%,6.24%,49398100.00000001,46372000.0,3026100.0,95800500.0
sz301000,肇民科技,18.91,3.22%,10.88%,78746900.0,64509799.99999999,14237100.0,143000000.0
sh603656,泰禾智能,13.78,3.22%,3.41%,36419000.0,32089699.999999996,4329200.0,70593500.0
sz002448,中原内配,7.5,3.16%,10.25%,178000000.0,189000000.0,11141500.0,369000000.0
sh688198,佰仁医疗,113.12,3.14%,0.15%,13580700.0,9879800.0,3700899.9999999995,23517000.0
sh600188,兖矿能源,33.0,3.06%,0.89%,505000000.0,362000000.0,144000000.0,867000000.0
sz300286,安科瑞,41.18,3.05%,3.44%,135000000.0,113999999.99999999,20645300.000000004,250999999.99999997
sh605365,立达信,15.61,3.04%,9.81%,45523400.0,42342299.99999999,3181100.0,88852099.99999999
sh688239,航宇科技,72.0,3.03%,2.12%,107000000.0,50615600.00000001,56106000.0,157000000.0
sz301328,维峰电子,61.99,3.02%,11.71%,94655000.0,93226400.0,1428600.0000000002,188000000.0
sz301179,泽宇智能,34.77,3.02%,15.66%,172000000.0,150000000.0,21909699.999999996,322000000.0
sh600699,均胜电子,20.48,3.02%,9.04%,1418000000.0,1138000000.0,281000000.0,2587000000.0
sz001299,美能能源,17.09,3.01%,14.49%,57607600.0,54498500.0,3109100.0000000005,114999999.99999999
sz301132,满坤科技,31.1,3.01%,27.02%,163000000.0,150000000.0,13524100.0,313000000.0
sz300432,富临精工,11.63,3.01%,2.95%,223000000.0,179000000.0,43580300.0,409000000.0
sz002355,兴民智通,5.5,3.00%,16.34%,271000000.0,277000000.0,6283900.0,552000000.0
sh600817,宇通重工,11.82,2.96%,4.82%,58678700.0,52165400.0,6513300.0,112000000.00000001
sz300930,屹通新材,26.49,2.95%,9.17%,35400600.0,37139300.0,1738700.0,72566500.0
sz001207,联科科技,16.97,2.91%,9.24%,60905600.00000001,37018200.0,23887399.999999996,100000000.0
sh600707,彩虹股份,6.01,2.91%,2.57%,310000000.0,240000000.0,69620900.0,556000000.0
sz300639,凯普生物,11.04,2.89%,2.71%,105000000.0,86256600.0,18388800.0,191000000.0
sh600744,华银电力,3.93,2.88%,4.72%,187000000.0,181000000.0,5745800.0,373000000.0
sz002064,华峰化学,7.16,2.87%,0.57%,109000000.00000001,91453100.0,17149000.0,202000000.0
sz002284,亚太股份,10.8,2.86%,14.90%,613000000.0,558000000.0,55571000.0,1186000000.0
sz000803,山高环能,10.52,2.83%,2.33%,36827200.0,31785100.000000004,5042100.0,69414400.0
sz300937,药易购,33.09,2.83%,11.71%,83092500.0,77114200.0,5978300.0,160000000.0
sz301118,恒光股份,29.61,2.81%,13.38%,110000000.00000001,96630900.0,13389800.0,206999999.99999997
sz002336,人人乐,13.99,2.79%,4.77%,134000000.00000001,109000000.00000001,24606800.0,249000000.00000003
sz002142,宁波银行,24.9,2.77%,0.77%,819000000.0,421000000.0,398000000.0,1252000000.0
sz000620,*ST新联,1.86,2.76%,4.48%,76765500.0,73969900.0,2795600.0,153000000.0
sh688550,瑞联新材,37.87,2.74%,2.96%,57320500.0,56556800.0,763700.0,113999999.99999999
sh688522,纳睿雷达,57.2,2.73%,11.84%,133000000.0,112999999.99999999,19511200.0,246000000.0
sh600131,国网信通,20.18,2.70%,1.48%,208000000.0,153000000.0,55725500.0,361000000.0
sh600475,华光环能,11.87,2.68%,2.60%,143000000.0,141000000.0,1415600.0,290000000.0
sz301278,快可电子,62.35,2.67%,7.15%,47903600.0,44179399.99999999,3724300.0,92182700.0
sh600089,特变电工,22.91,2.64%,2.15%,1182000000.0,727000000.0,454000000.0,1909000000.0
sh688433,华曙高科,34.69,2.63%,6.23%,39808300.0,33586300.0,6222000.0,73394700.0
sh600609,金杯汽车,5.46,2.63%,3.10%,108000000.0,118000000.0,10632500.0,227000000.0
sh603693,江苏新能,14.08,2.62%,1.40%,81477300.0,71227600.0,10249700.0,157000000.0
sh603730,岱美股份,16.13,2.61%,0.95%,100000000.0,90188400.0,9874600.0,194000000.0
sh603222,济民医疗,9.87,2.60%,3.33%,77752400.0,97634100.0,19881600.0,176000000.0
sh688275,万润新能,93.85,2.58%,2.99%,48111000.0,33497500.0,14613500.0,81636600.0
sh600468,百利电气,5.16,2.58%,3.07%,98722600.0,68683200.0,30039400.0,172000000.0
sz300285,国瓷材料,27.99,2.57%,0.97%,108000000.0,109000000.00000001,1576300.0,219000000.0
sz301120,新特电气,15.68,2.55%,11.84%,161000000.0,105000000.0,56544200.0,266000000.0
sh688003,天准科技,44.69,2.55%,2.85%,143000000.0,109000000.00000001,34266200.0,252999999.99999997
sh603031,安孚科技,48.39,2.54%,0.85%,31753300.0,12435400.0,19317900.0,46090100.0
sz002334,英威腾,12.4,2.48%,6.02%,289000000.0,231999999.99999997,57995900.0,524000000.0
sz000682,东方电子,9.57,2.46%,4.69%,333000000.0,277000000.0,56414700.0,616000000.0
sz002869,金溢科技,23.38,2.45%,10.00%,187000000.0,175000000.0,11648400.0,363000000.0
sh600556,天下秀,7.18,2.43%,3.52%,250999999.99999997,197000000.0,54026400.0,455000000.0
sh603198,迎驾贡酒,61.89,2.42%,0.35%,91914599.99999999,77284200.0,14630400.0,171000000.0
sh688639,华恒生物,88.07,2.41%,1.29%,66845600.00000001,48103100.00000001,18742400.0,114999999.99999999
sz003028,振邦智能,41.58,2.41%,7.64%,38462400.0,50278600.0,11816300.000000002,89874300.0
sh603225,新凤鸣,11.95,2.40%,1.23%,136000000.0,87135800.0,49297500.0,225999999.99999997
sh600470,六国化工,5.58,2.39%,3.81%,62518300.0,48855900.0,13662400.0,111000000.00000001
sz000610,西安旅游,17.99,2.39%,11.02%,231999999.99999997,223000000.0,9796800.0,463000000.0
sz300815,玉禾田,15.51,2.38%,1.92%,58006300.0,58027299.99999999,21000.0,115999999.99999999
sh601838,成都银行,12.9,2.38%,0.78%,234000000.0,150000000.0,83563700.00000001,385000000.0
sz000007,*ST全新,5.22,2.35%,3.13%,23810400.0,26765800.0,2955400.0,50576200.0
sz002895,川恒股份,20.0,2.35%,2.01%,111000000.00000001,85320100.0,25746400.0,199000000.0
sz300025,华星创业,12.27,2.34%,5.29%,132000000.0,142000000.0,10241400.000000002,278000000.0
sh600875,东方电气,19.79,2.33%,1.86%,375000000.0,364000000.0,10852600.0,745000000.0
sz002577,雷柏科技,16.35,2.32%,3.55%,82770100.0,79993600.0,2776500.0,165000000.0
sz002201,正威新材,10.13,2.32%,2.39%,77533400.0,78974400.0,1441000.0,158000000.0
sz300963,中洲特材,14.18,2.31%,5.34%,44258600.0,34604500.0,9654100.0,78889100.0
sh600976,健民集团,73.23,2.31%,1.07%,70449100.0,48884300.0,21564699.999999996,120000000.0
sh688516,奥特维,190.2,2.30%,1.24%,97909100.0,77372700.0,20536400.0,175000000.0
sz002063,远光软件,7.14,2.29%,3.67%,231999999.99999997,227000000.0,5413900.0,465000000.00000006
sz000543,皖能电力,7.21,2.27%,2.16%,179000000.0,168000000.0,10649500.0,347000000.0
sh688682,霍莱沃,87.72,2.26%,2.12%,26989899.999999996,31252000.0,4262100.0,58277500.0
sh600596,新安股份,11.35,2.25%,1.60%,120000000.0,61608300.0,58589799.99999999,186000000.0
sz300711,广哈通信,15.92,2.25%,11.52%,217000000.0,229000000.0,12105400.0,446000000.0
sz300151,昌红科技,19.15,2.24%,3.86%,120000000.0,119000000.0,435900.00000000006,240000000.0
sh600239,云南城投,2.29,2.23%,3.83%,82056100.0,59366600.0,22689500.0,141000000.0
sz000670,盈方微,6.92,2.22%,16.70%,362000000.0,339000000.0,23522700.0,705000000.0
sh601233,桐昆股份,13.9,2.21%,0.97%,190000000.0,115999999.99999999,73723700.0,309000000.0
sz300467,迅游科技,18.54,2.21%,13.83%,211000000.0,200000000.0,11763900.000000002,418000000.0
sh603955,大千生态,16.71,2.20%,1.75%,17922000.0,20664100.0,2742100.0,39602000.0
sz001234,泰慕士,27.18,2.18%,12.40%,45350600.00000001,50468300.0,5117700.0,97652400.0
sh688529,豪森股份,26.66,2.18%,4.88%,30947000.0,30464300.0,482700.00000000006,61411300.0
sz300662,科锐国际,36.96,2.16%,1.76%,63300800.0,63463800.0,163000.0,127000000.0
sz300505,川金诺,17.6,2.15%,4.99%,67661400.0,75367200.0,7705800.0,145000000.0
sz301203,国泰环保,36.92,2.13%,10.08%,38370300.0,24772100.0,13598200.0,63308400.0
sh688348,昱能科技,193.01,2.13%,5.70%,250999999.99999997,223000000.0,28259500.0,473000000.00000006
sz300444,双杰电气,7.78,2.10%,10.72%,283000000.0,213000000.0,70155900.0,501000000.0
sh600230,沧州大化,15.63,2.09%,2.25%,73246500.0,69991500.0,3255000.0,143000000.0
sz300127,银河磁体,22.58,2.08%,19.00%,480999999.99999994,480000000.0,1492300.0,976000000.0
sz300012,华测检测,19.15,2.08%,0.44%,80344200.0,46561400.0,33782800.0,128000000.0
sh605167,利柏特,9.85,2.07%,5.40%,51492700.00000001,66515100.0,15022400.0,120000000.0
sh603238,诺邦股份,12.95,2.05%,1.33%,16843500.0,13144200.0,3699300.0,30695100.000000004
sz002383,合众思壮,7.97,2.05%,17.94%,377000000.0,493000000.0,115999999.99999999,878999999.9999999
sz000657,中钨高新,10.02,2.04%,1.43%,101000000.0,73013700.0,28459000.0,176000000.0
sz002567,唐人神,7.03,2.03%,4.08%,231000000.0,157000000.0,74073300.0,393000000.0
sz300893,松原股份,25.7,2.02%,8.64%,65082000.0,63346600.0,1735400.0,128000000.0
sz002897,意华股份,44.37,2.02%,5.31%,196000000.0,173000000.0,23064899.999999996,373000000.0
sz002597,金禾实业,23.39,2.01%,1.82%,137000000.0,97177099.99999999,39959300.0,237000000.0
sh688035,德邦科技,61.71,2.00%,8.14%,84664100.0,70626500.0,14037600.0,155000000.0
sh603281,江瀚新材,31.75,1.99%,3.34%,50022700.00000001,48511600.0,1511100.0000000002,99454500.0
sh605319,无锡振华,16.89,1.99%,9.37%,57095200.00000001,54075000.0,3020100.0,112000000.00000001
sz002630,华西能源,2.59,1.97%,4.64%,70451100.0,51416000.0,19035100.0,124000000.0
sh600059,古越龙山,10.91,1.96%,3.03%,168000000.0,132000000.0,36310100.0,300000000.0
sz000999,华润三九,56.09,1.96%,0.81%,246000000.0,196000000.0,50063100.00000001,445000000.0
sz002227,奥特迅,14.74,1.94%,5.19%,94470400.00000001,92870400.00000001,1599900.0,190000000.0
sz002965,祥鑫科技,62.62,1.92%,5.29%,208000000.0,175000000.0,33160500.0,386000000.0
sz002953,日丰股份,12.79,1.91%,8.51%,107000000.0,106000000.0,566200.0,216000000.0
sh600938,中国海油,19.27,1.90%,1.26%,424000000.0,258000000.0,167000000.0,687000000.0
sh688339,亿华通,61.75,1.90%,2.26%,91259300.0,67906200.0,23353100.0,159000000.0
sh601811,新华文轩,14.51,1.90%,1.78%,87609400.0,119000000.0,30946200.0,208000000.0
sh601139,深圳燃气,7.51,1.90%,0.57%,67668300.0,53306899.99999999,14361400.000000002,123000000.0
sz300491,通合科技,30.63,1.90%,8.41%,212000000.0,187000000.0,25349600.0,403000000.0
sz301225,恒勃股份,38.27,1.89%,32.45%,151000000.0,143000000.0,8044800.0,295000000.0
sh600486,扬农化工,89.6,1.89%,0.58%,97286700.0,60414799.99999999,36871900.0,159000000.0
sz002554,惠博普,3.8,1.88%,3.35%,66761500.0,43252400.0,23509100.0,111000000.00000001
sh688188,柏楚电子,188.69,1.88%,0.42%,69933500.0,45850200.00000001,24083300.0,115999999.99999999
sz300322,硕贝德,9.19,1.88%,10.73%,222000000.00000003,211000000.0,11139100.0,437000000.0
sh600706,曲江文旅,17.97,1.87%,8.34%,186000000.0,181000000.0,5231400.0,376000000.0
sh600654,ST中安,2.2,1.85%,0.33%,9180500.0,6949900.0,2230600.0,16755200.0
sz301332,德尔玛,14.39,1.84%,15.21%,109000000.00000001,76603900.0,32121300.0,185000000.0
sh688566,吉贝尔,37.9,1.83%,0.45%,14755200.0,14013100.0,742099.9999999999,28806300.0
sh601857,中国石油,7.78,1.83%,0.09%,645000000.0,462000000.0,183000000.0,1116000000.0
sh600313,农发种业,9.45,1.83%,8.36%,457000000.0,378000000.0,78504400.0,835000000.0
sz300733,西菱动力,14.01,1.82%,3.92%,51946000.0,57806300.0,5860300.0,110000000.00000001
sz000921,海信家电,24.0,1.82%,1.15%,136000000.0,109000000.00000001,27708700.0,250999999.99999997
sz300975,商络电子,7.9,1.80%,14.88%,187000000.0,197000000.0,10851500.0,384000000.0
sh603789,星光农机,10.16,1.80%,4.87%,79126700.0,48918200.0,30208500.0,129000000.0
sh688257,新锐股份,27.31,1.79%,2.06%,26042900.0,20344800.0,5698099.999999999,46399000.0
sz002311,海大集团,48.21,1.77%,0.31%,158000000.0,91773799.99999999,65863900.0,252000000.0
sz301049,超越科技,23.11,1.76%,16.73%,50708700.0,48504100.0,2204600.0,99228900.0
sh600546,山煤国际,15.58,1.76%,1.02%,182000000.0,129000000.0,52685400.0,313000000.0
sz000025,特力A,18.06,1.75%,3.44%,143000000.0,100000000.0,42270100.0,243000000.00000003
sh603178,圣龙股份,12.29,1.74%,9.20%,132000000.0,135000000.0,3406900.0,270000000.0
sh688106,金宏气体,27.08,1.73%,3.73%,196000000.0,180000000.0,16190900.0,377000000.0
sz002129,TCL中环,31.12,1.73%,1.14%,773000000.0,630000000.0,143000000.0,1423000000.0
sz301323,新莱福,45.58,1.72%,28.14%,150000000.0,147000000.0,3772100.0,297000000.0
sh600063,皖维高新,5.31,1.72%,1.42%,90921800.0,53829799.99999999,37092000.0,145000000.0
sz000037,深南电A,13.71,1.71%,22.57%,471000000.0,557000000.0,85723700.00000001,1028999999.9999999
sh688819,天能股份,38.65,1.71%,2.19%,64040900.0,46088400.0,17952400.0,110000000.00000001
sz002258,利尔化学,13.96,1.68%,1.37%,82346100.0,67591100.0,14755000.0,152000000.0
sz000030,富奥股份,5.45,1.68%,1.46%,71812400.0,63833700.0,7978700.0,136000000.0
sz002224,三力士,4.86,1.67%,2.83%,42956500.0,43903000.0,946400.0,87807600.0
sz300437,清水源,14.65,1.67%,4.13%,56432000.0,48397200.0,8034800.0,108000000.0
sz301295,美硕科技,38.57,1.66%,24.31%,82106800.0,76947200.0,5159600.0,159000000.0
sz300769,德方纳米,122.99,1.66%,2.79%,444000000.00000006,408000000.0,36353000.0,852000000.0
sz002428,云南锗业,16.6,1.65%,25.11%,1418000000.0,1212000000.0,206000000.0,2657000000.0
sh601872,招商轮船,6.19,1.64%,0.64%,222000000.00000003,98346000.0,123000000.0,321000000.0
sz300670,大烨智能,8.7,1.64%,5.31%,54662100.0,49124200.0,5537900.0,104000000.0
sz000852,石化机械,7.44,1.64%,2.38%,87411700.0,71037600.0,16374100.0,161000000.0
sh600851,海欣股份,6.25,1.63%,1.14%,31474300.0,20685100.000000004,10789100.0,52529399.99999999
sz301215,中汽股份,6.91,1.62%,10.08%,274000000.0,265000000.0,8532600.0,539000000.0
sz002918,蒙娜丽莎,15.11,1.61%,4.40%,70375800.0,76116900.0,5741100.0,147000000.0
sz002721,*ST金一,3.78,1.61%,2.00%,37794200.0,35311500.0,2482700.0,73306900.0
sz301086,鸿富瀚,48.92,1.60%,5.09%,36877600.0,44099399.99999999,7221799.999999999,80991700.0
sz000539,粤电力A,7.64,1.60%,3.35%,286000000.0,354000000.0,67782000.0,640000000.0
sh605016,百龙创园,24.21,1.59%,1.55%,24911500.0,21722199.999999996,3189300.0,46984600.0
sz300062,中能电气,7.08,1.58%,8.84%,126000000.0,99864700.0,26398800.0,235000000.0
sh603185,弘元绿能,52.59,1.58%,1.46%,229999999.99999997,202000000.0,28160100.000000004,437000000.0
sz000922,佳电股份,12.84,1.58%,1.42%,55412000.0,50900900.0,4511100.0,108000000.0
sz002319,乐通股份,16.8,1.57%,1.31%,23331600.0,19375900.0,3955700.0,43937200.0
sh600036,招商银行,33.22,1.56%,0.30%,1110000000.0,955000000.0000001,155000000.0,2064999999.9999998
sh605599,菜百股份,13.11,1.55%,0.66%,25400300.000000004,25321200.0,79100.0,50721500.0
sh601601,中国太保,27.51,1.55%,0.44%,440000000.00000006,380000000.0,59549799.99999999,830000000.0000001
sh600691,阳煤化工,3.27,1.55%,1.14%,48474500.0,39966200.0,8508300.0,89373600.0
sz002353,杰瑞股份,25.91,1.53%,1.26%,129000000.0,96547500.0,32301200.0,225999999.99999997
sh600438,通威股份,34.65,1.52%,1.22%,1001000000.0,907000000.0,93639200.0,1907999999.9999998
sz002513,蓝丰生化,6.07,1.51%,7.74%,80924200.0,67454000.0,13470200.0,149000000.0
sh600096,云天化,17.45,1.51%,2.03%,358000000.0,259000000.0,99450400.00000001,617000000.0
sz300619,金银河,64.66,1.51%,1.12%,31024100.0,21066500.0,9957500.0,52116400.0
sz002414,高德红外,8.07,1.51%,1.33%,193000000.0,174000000.0,18471400.0,370000000.0
sh600660,福耀玻璃,36.55,1.50%,0.96%,425000000.0,274000000.0,150000000.0,705000000.0
sz300630,普利制药,19.61,1.50%,1.95%,58798000.0,64378800.0,5580800.0,123000000.0
sh603829,洛凯股份,16.4,1.49%,4.92%,61801100.0,62395300.0,594100.0,128000000.0
sh688519,南亚新材,25.2,1.49%,3.40%,38423000.0,41840700.0,3417700.0,80263600.0
sh688569,铁科轨道,43.19,1.48%,2.78%,76269500.0,83596800.0,7327300.0,160000000.0
sh600698,湖南天雁,4.82,1.47%,2.48%,55360300.0,44567200.0,10793100.0,101000000.0
sz002157,*ST正邦,2.77,1.47%,1.41%,56569000.0,44678300.0,11890700.0,103000000.0
sz300724,捷佳伟创,107.06,1.46%,1.79%,274000000.0,250999999.99999997,23785100.000000004,525000000.0
sh605177,东亚药业,25.87,1.45%,4.47%,35537600.0,29285700.0,6252000.0,65056100.0
sh600406,国电南瑞,23.84,1.45%,0.25%,256000000.0,224000000.00000003,32511400.0,480000000.0
sh600309,万华化学,90.8,1.45%,0.36%,575000000.0,440000000.00000006,135000000.0,1015000000.0
sh688611,杭州柯林,42.21,1.44%,3.31%,12673599.999999998,14605600.0,1932000.0,27300400.0
sh603633,徕木股份,13.48,1.43%,3.40%,80786600.0,69502700.0,11283900.000000002,152000000.0
sh600346,恒力石化,14.91,1.43%,0.38%,252000000.0,141000000.0,112000000.00000001,393000000.0
sz000921,海信家电,23.91,1.44%,1.17%,141000000.0,113999999.99999999,26406000.0,254999999.99999997
sz000422,湖北宜化,12.02,1.43%,2.58%,158000000.0,120000000.0,38117500.0,278000000.0
sz000922,佳电股份,12.82,1.42%,1.44%,56737299.99999999,52401800.0,4335500.0,109000000.00000001
sz000635,英力特,9.38,1.41%,3.31%,45480700.0,48162500.0,2681700.0,93643300.0
sz000995,*ST皇台,16.5,1.41%,2.84%,36941400.0,44393000.0,7451600.0,81334300.0
sh688533,上声电子,52.6,1.41%,7.49%,76627600.0,79790000.0,3162400.0,156000000.0
sh601226,华电重工,7.9,1.41%,2.21%,111000000.00000001,90287300.0,21015500.0,202999999.99999997
sz000796,*ST凯撒,4.35,1.40%,1.59%,25737700.0,29488500.0,3750800.0,55226200.0
sz000932,华菱钢铁,5.09,1.39%,0.88%,176000000.0,79220700.0,96400800.0,254999999.99999997
sz300471,厚普股份,13.99,1.38%,2.94%,67147800.0,70460100.0,3312300.0,139000000.0
sz002335,科华数据,41.51,1.37%,5.01%,442000000.0,388000000.0,54785600.00000001,830000000.0000001
sz301210,金杨股份,46.8,1.36%,12.88%,50092400.0,49156600.0,935800.0,99263100.0
sz002694,顾地科技,6.72,1.36%,3.15%,64558000.0,47962299.99999999,16595700.0,112999999.99999999
sz002493,荣盛石化,11.97,1.35%,0.42%,279000000.0,195000000.0,83947800.0,475000000.0
sh603303,得邦照明,14.32,1.34%,0.81%,25897500.0,29151800.0,3254300.0,55990200.00000001
sz300438,鹏辉能源,53.16,1.33%,6.64%,589000000.0,658000000.0,68429600.0,1264000000.0
sz300398,飞凯材料,17.56,1.33%,2.96%,134000000.00000001,138000000.0,3588000.0,274000000.0
sz002840,华统股份,17.57,1.33%,1.94%,95206700.0,62077299.99999999,33129500.0,157000000.0
sh600785,新华百货,13.81,1.32%,3.65%,62476700.0,48552100.0,13924700.0,112999999.99999999
sh603963,大理药业,11.6,1.31%,3.36%,41203500.0,42939799.99999999,1736300.0,85408300.0
sh603939,益丰药房,37.08,1.31%,0.31%,58340900.0,54236100.0,4104800.0,113999999.99999999
sh600268,国电南自,7.74,1.31%,4.73%,162000000.0,143000000.0,18995000.0,305000000.0
sz300450,先导智能,36.47,1.31%,1.73%,461000000.00000006,449000000.0,11341600.0,919000000.0
sz300164,通源石油,4.65,1.31%,4.52%,55478300.0,46314300.0,9164000.0,103000000.0
sz300108,*ST吉药,2.33,1.30%,2.84%,18820100.0,23656700.0,4836700.0,43307400.0
sz002911,佛燃能源,13.25,1.30%,0.80%,53987600.0,47013200.0,6974400.000000001,101000000.0
sh605188,国光连锁,9.42,1.29%,25.86%,67345200.0,75949900.0,8604700.0,146000000.0
sh603599,广信股份,19.6,1.29%,0.87%,79295100.0,74470800.0,4824300.0,155000000.0
sh603429,集友股份,9.4,1.29%,1.26%,33559700.0,27650700.0,5909000.0,62215700.0
sz301314,科瑞思,52.3,1.28%,8.54%,32013600.0,30150100.000000004,1863500.0,62168400.0
sz301079,邵阳液压,22.22,1.28%,4.19%,25359300.0,28760000.0,3400700.0,54141600.0
sh603392,万泰生物,65.04,1.28%,0.54%,227999999.99999997,225000000.0,2670000.0,455000000.0
sh600749,西藏旅游,13.49,1.28%,3.28%,54564900.0,43521600.0,11043400.0,100000000.0
sh688377,迪威尔,27.97,1.27%,1.03%,23951900.0,26529000.0,2577100.0,50480900.0
sz002299,圣农发展,19.93,1.27%,1.37%,170000000.0,167000000.0,2583000.0,337000000.0
sh601963,重庆银行,8.05,1.26%,0.51%,15328699.999999998,12470900.0,2857799.9999999995,28146500.0
sh605198,安德利,22.5,1.26%,3.46%,30381300.0,33753200.0,3371900.0,64764600.0
sz300332,天壕环境,11.23,1.26%,0.69%,39167600.0,25320500.0,13847100.0,65102400.0
sz002675,东诚药业,14.47,1.26%,1.09%,69499900.0,48119200.0,21380800.0,118000000.0
sh603139,康惠制药,16.99,1.25%,2.42%,21700500.0,19336300.0,2364200.0,41471800.0
sh688117,圣诺生物,28.5,1.24%,2.82%,24430100.000000004,27243800.0,2813800.0,51673900.0
sh603260,合盛硅业,72.97,1.23%,0.35%,146000000.0,121000000.0,25305900.0,271000000.0
sz002270,华明装备,11.48,1.23%,3.13%,146000000.0,132000000.0,14558599.999999998,278000000.0
sh688603,天承科技,92.3,1.22%,33.22%,196000000.0,169000000.0,27605300.000000004,365000000.0
sh603286,日盈电子,20.11,1.21%,14.48%,133000000.0,124000000.0,9046600.0,260000000.0
sh601100,恒立液压,65.11,1.21%,0.28%,128000000.0,119000000.0,8225500.0,249000000.00000003
sz002639,雪人股份,8.36,1.21%,4.19%,132000000.0,101000000.0,30713800.0,233000000.0
sh600809,山西汾酒,204.34,1.20%,0.44%,610000000.0,484000000.0,126000000.0,1111000000.0
sz002360,同德化工,7.56,1.20%,1.28%,17682000.0,13377600.0,4304400.0,31062600.000000004
sz300582,英飞特,13.65,1.19%,2.00%,31123500.0,27831100.0,3292400.0,60079000.0
sz001269,欧晶科技,70.66,1.19%,12.80%,199000000.0,239000000.0,40191700.0,438999999.99999994
sz000902,新洋丰,11.05,1.19%,1.11%,84743200.0,59977700.00000001,24765500.0,145000000.0
sz301390,经纬股份,47.1,1.18%,16.54%,65726500.0,51640600.00000001,14085900.0,117000000.0
sz000893,亚钾国际,24.88,1.18%,0.83%,100000000.0,67333300.0,32766400.0,167000000.0
sz301107,瑜欣电子,35.4,1.17%,16.47%,58934000.0,65032400.0,6098400.0,124000000.0
sz300268,*ST佳沃,17.3,1.17%,0.39%,5613300.0,3225700.0,2387500.0,8996400.0
sh688567,孚能科技,22.54,1.17%,0.50%,62584700.0,44959300.0,17625400.0,108000000.0
sh603360,百傲化学,10.35,1.17%,0.69%,13908200.0,10296800.0,3611400.0,25318600.0
sh600226,瀚叶股份,2.59,1.17%,0.64%,27721500.0,23599200.0,4122300.0,51355500.0
sz300771,智莱科技,11.31,1.16%,5.52%,48275100.0,53791800.0,5516700.0,102000000.0
sz300423,昇辉科技,12.19,1.16%,8.31%,163000000.0,158000000.0,5313600.0,323000000.0
sz000967,盈峰环境,5.24,1.16%,0.40%,44046300.0,23092600.000000004,20953700.0,67138800.0
sh603172,万丰股份,17.66,1.15%,9.51%,28432000.0,25867900.0,2564100.0000000005,55055700.0
sz002150,通润装备,18.51,1.15%,6.29%,198000000.0,217000000.0,19145300.0,416000000.0
sh600995,南网储能,11.5,1.14%,1.62%,120000000.0,83026200.00000001,36993600.0,206000000.0
sz002918,蒙娜丽莎,15.04,1.14%,4.42%,71088800.0,76896200.0,5807400.0,148000000.0
sz301269,华大九天,116.8,1.13%,2.95%,146000000.0,119000000.0,26944699.999999996,265000000.0
sz002041,登海种业,16.06,1.13%,0.85%,63543600.0,55957000.0,7586600.0,120000000.0
sz301168,通灵股份,56.9,1.12%,6.10%,95437400.0,75851900.0,19585500.0,171000000.0
sh603486,科沃斯,75.83,1.12%,0.65%,142000000.0,138000000.0,3649000.0,282000000.0
sh600490,鹏欣资源,3.6,1.12%,1.70%,62989500.0,58489000.0,4500500.0,122000000.0
sh688372,伟测科技,107.83,1.11%,8.74%,135000000.0,88902800.0,46307000.0,224000000.00000003
sz002134,天津普林,10.92,1.11%,15.62%,202999999.99999997,216000000.0,13671500.0,419000000.00000006
sh600783,鲁信创投,12.76,1.11%,0.54%,28015200.0,22981100.0,5034100.0,51541100.0
sz300393,中来股份,13.69,1.11%,1.99%,141000000.0,112999999.99999999,27947100.0,259000000.0
sz002408,齐翔腾达,6.39,1.11%,0.29%,30079200.0,21030800.0,9048400.0,51109900.0
sz002300,太阳电缆,8.22,1.11%,2.35%,80913000.0,58215400.0,22697600.000000004,139000000.0
sz300528,幸福蓝海,11.0,1.10%,10.04%,200000000.0,202999999.99999997,2699500.0,411000000.00000006
sh600489,中金黄金,10.98,1.10%,0.93%,275000000.0,220000000.00000003,55267700.00000001,500000000.0
sz002312,川发龙蟒,8.28,1.10%,1.32%,86039500.0,63102100.0,22937500.0,149000000.0
sh603037,凯众股份,16.64,1.09%,15.84%,181000000.0,181000000.0,487900.0,367000000.0
sh603878,武进不锈,8.46,1.08%,2.51%,53155600.00000001,66348900.0,13193300.0,120000000.0
sh600312,平高电气,12.22,1.08%,2.29%,196000000.0,185000000.0,10587600.0,381000000.0
sz002001,新和成,15.84,1.08%,0.47%,132000000.0,97162000.0,34906800.0,229000000.0
sz001367,海森药业,47.1,1.07%,10.21%,43125900.0,37209900.0,5916000.0,80335700.0
sz300826,测绘股份,16.05,1.07%,4.19%,41199700.0,51908100.00000001,10708400.0,93111000.0
sh600982,宁波能源,4.73,1.07%,3.09%,75833700.0,81392300.0,5558600.0,160000000.0
sz300265,通光线缆,10.39,1.07%,2.17%,45538500.0,35090000.0,10448500.0,82386100.0
sh688184,帕瓦股份,32.02,1.07%,1.25%,5764000.0,5588000.0,176000.0,11415900.0
sz301305,朗坤环境,20.92,1.06%,6.53%,41169300.0,35279000.0,5890300.0,76469300.0
sh601777,力帆科技,3.83,1.06%,1.38%,67758900.0,51437100.0,16321800.0,120000000.0
sz300344,立方数科,5.75,1.05%,3.58%,71260900.0,58661700.0,12599300.0,132000000.0
sz300161,华中数控,47.91,1.05%,3.80%,155000000.0,150000000.0,4769200.0,307000000.0
sh603985,恒润股份,21.36,1.04%,2.00%,110000000.00000001,77825300.0,32606600.0,189000000.0
sh600547,山东黄金,25.2,1.04%,0.83%,444000000.00000006,312000000.0,132000000.0,762000000.0
sz002095,生意宝,20.52,1.03%,1.94%,54391400.0,45684300.0,8707100.0,100000000.0
sz300828,锐新科技,16.82,1.02%,4.80%,50953500.0,48361500.0,2592000.0,99333500.0
sh688200,华峰测控,150.88,1.02%,0.99%,112000000.00000001,88938300.0,22926400.0,200999999.99999997
sh688101,三达膜,13.57,0.97%,0.69%,16568500.0,14906900.0,1661600.0,31543300.0
sh601126,四方股份,15.64,0.97%,2.20%,150000000.0,129000000.0,20218000.0,282000000.0
sz002270,华明装备,11.45,0.97%,3.10%,141000000.0,128000000.0,13474000.0,275000000.0
sh605183,确成股份,17.92,0.96%,1.30%,15605700.0,15726400.000000002,120700.0,31685200.0
sh601020,华钰矿业,9.45,0.96%,3.19%,117000000.0,119000000.0,1567100.0,238000000.0
sz300950,德固特,21.2,0.95%,8.52%,55770600.00000001,53207800.0,2562799.9999999995,109000000.00000001
sz300760,迈瑞医疗,297.5,0.95%,0.17%,375000000.0,221000000.0,154000000.0,595000000.0
sz300040,九洲集团,6.37,0.95%,1.97%,33834200.0,23181000.0,10653200.0,57949900.0
sz002408,齐翔腾达,6.38,0.95%,0.29%,29706400.0,20784100.0,8922300.0,50701100.0
sz300037,新宙邦,50.45,0.94%,0.61%,79866600.0,84429000.0,4562300.0,167000000.0
sz002360,同德化工,7.54,0.94%,1.27%,17457500.0,13241700.0,4215800.0,30811700.0
sh601899,紫金矿业,11.95,0.93%,0.91%,1143000000.0,1090000000.0,52460000.0,2243000000.0
sz300371,汇中股份,14.1,0.93%,3.27%,30559000.0,31113700.0,554700.0,62346700.0
sz300327,中颖电子,29.39,0.93%,5.58%,248000000.0,315000000.0,67098600.0,569000000.0
sz000993,闽东电力,12.11,0.92%,6.32%,159000000.0,169000000.0,9770800.0,334000000.0
sz003038,鑫铂股份,41.01,0.91%,2.43%,40171300.0,23796200.0,16375100.0,66996200.0
sh603098,森特股份,20.97,0.91%,0.41%,21159300.0,25162500.0,4003300.0,46923600.0
sz300912,凯龙高科,22.06,0.91%,13.68%,90480200.0,96821100.0,6340900.0,187000000.0
sz300736,百邦科技,13.33,0.91%,9.80%,58035600.00000001,108000000.0,50001600.0,166000000.0
sz300207,欣旺达,16.72,0.91%,1.59%,271000000.0,181000000.0,89933400.0,459000000.0
sz002458,益生股份,13.35,0.91%,2.26%,112000000.00000001,88475600.0,23876200.0,204000000.0
sz000537,广宇发展,13.27,0.91%,1.34%,162000000.0,169000000.0,7313400.0,331000000.0
sh605005,合兴股份,19.09,0.90%,27.21%,129000000.0,136000000.0,6973700.0,267000000.0
sh600469,风神股份,6.75,0.90%,6.01%,112000000.00000001,115999999.99999999,4713100.0,229999999.99999997
sz002777,久远银海,30.23,0.90%,4.17%,238000000.0,259000000.0,20641900.0,505000000.0
sz002706,良信股份,11.16,0.90%,0.96%,58894300.0,38658800.0,20235500.0,98300600.0
sh605098,行动教育,39.85,0.89%,4.10%,29501200.0,41600600.00000001,12099400.0,71508200.0
sh603337,杰克股份,19.25,0.89%,0.26%,12392600.0,11505900.0,886700.0,23983200.0
sh601169,北京银行,4.54,0.89%,0.24%,120000000.0,103000000.0,17096200.0,229999999.99999997
sh600378,昊华科技,37.66,0.88%,0.19%,35062700.0,28223600.0,6839200.0,63290100.0
sz002124,天邦食品,4.58,0.88%,1.20%,45802400.0,36686700.0,9115700.0,84589200.0
sz002150,通润装备,18.46,0.87%,6.12%,191000000.0,208000000.0,17496500.0,405000000.0
sh688248,南网科技,39.64,0.87%,7.80%,129000000.0,125000000.0,4120800.0,252999999.99999997
sh688536,思瑞浦,236.55,0.87%,0.77%,75419200.0,43593300.0,31825800.0,119000000.0
sz002801,微光股份,26.72,0.87%,1.55%,23240200.0,24356800.0,1116700.0,48291300.0
sz000899,赣能股份,9.34,0.86%,2.42%,105000000.0,111000000.00000001,6217300.0,220000000.00000003
sh600696,岩石股份,25.1,0.84%,0.41%,19595100.0,13688500.0,5906600.0,34044200.0
sz301129,瑞纳智能,38.84,0.83%,4.04%,27712900.0,29640800.0,1927900.0,57504500.0
sh603055,台华新材,10.94,0.83%,0.31%,15064200.0,14660700.0,403500.0,30288000.0
sh688556,高测股份,50.73,0.83%,2.68%,165000000.0,158000000.0,6245700.000000001,323000000.0
sh601985,中国核电,7.39,0.82%,0.34%,276000000.0,189000000.0,87316200.00000001,471000000.0
sz300730,科创信息,13.52,0.82%,2.68%,34992100.0,35094400.0,102300.0,70100000.0
sz300224,正海磁材,13.51,0.82%,5.11%,276000000.0,280000000.0,3797000.0,563000000.0
sz300123,亚光科技,7.4,0.82%,6.04%,206000000.0,227000000.0,20736600.0,440000000.00000006
sz002292,奥飞娱乐,9.85,0.82%,13.62%,671000000.0,634000000.0,37816200.0,1326000000.0
sz003002,壶化股份,17.39,0.81%,3.91%,26466700.0,26202300.0,264500.0,53169600.0
sh601336,新华保险,39.62,0.81%,0.62%,277000000.0,234000000.0,43219000.0,516000000.0
sz300001,特锐德,21.05,0.81%,2.69%,339000000.0,245000000.00000003,93969400.0,590000000.0
sh603619,中曼石油,17.69,0.80%,1.31%,60923100.00000001,30223000.0,30700100.000000004,92888600.0
sh601877,正泰电器,28.1,0.79%,0.69%,225000000.0,189000000.0,36834100.0,419000000.00000006
sz002292,奥飞娱乐,9.85,0.82%,13.82%,693000000.0,653000000.0,39768300.0,1346000000.0
sz002692,ST远程,3.73,0.81%,0.24%,3676200.0,2686400.0,989800.0,6362600.0
sz002610,爱康科技,2.54,0.79%,1.88%,122000000.0,93107300.0,29002500.0,215000000.0
sz002983,芯瑞达,24.77,0.77%,2.70%,29158200.0,38958800.0,9800600.0,70769600.0
sz300129,泰胜风能,9.17,0.77%,3.60%,107000000.0,97766700.0,9502500.0,206999999.99999997
sh603701,德宏股份,14.49,0.76%,4.34%,77388000.0,88515200.0,11127200.0,168000000.0
sz002159,三特索道,18.6,0.76%,3.57%,49326000.0,42621600.0,6704400.000000001,91947700.0
sz000899,赣能股份,9.33,0.76%,2.49%,110000000.00000001,115999999.99999999,5811700.0,225999999.99999997
sz000333,美的集团,57.09,0.76%,0.27%,518000000.0,561000000.0,42874200.0,1080000000.0
sz301265,华新环保,12.06,0.75%,6.82%,36250600.0,26268400.0,9982200.0,62531100.0
sz300956,英力股份,16.21,0.75%,3.44%,16109600.0,15793000.0,316600.0,31907600.000000004
sz300906,日月明,25.45,0.75%,5.94%,24361900.0,24843200.0,481300.0,49215400.0
sz002538,司尔特,6.85,0.74%,1.03%,34566400.0,24535300.000000004,10031100.0,59101600.0
sh688095,福昕软件,119.94,0.74%,2.37%,77279400.0,77044200.0,235200.0,154000000.0
sz300804,广康生化,34.6,0.73%,13.78%,39248500.0,41877600.0,2629200.0,81133100.0
sh603722,阿科力,48.46,0.73%,0.77%,18219900.0,13385400.0,4834600.0,32981600.0
sh603496,恒为科技,19.37,0.73%,5.95%,184000000.0,180000000.0,4396200.0,371000000.0
sh603316,诚邦股份,6.88,0.73%,9.06%,81676900.0,82523500.0,846600.0,167000000.0
sh603223,恒通股份,13.85,0.73%,0.31%,13382500.0,9820500.0,3562000.0,23485500.0
sh600354,敦煌种业,6.88,0.73%,4.73%,89188100.0,82640800.0,6547200.0,172000000.0
sh600026,中远海能,13.71,0.73%,0.93%,214000000.0,235000000.0,20537399.999999996,449000000.0
sz002090,金智科技,12.48,0.73%,3.00%,74947200.0,75277300.0,330100.0,150000000.0
sh601136,首创证券,13.84,0.73%,6.71%,136000000.0,117000000.0,19026200.0,256000000.0
sh603861,白云电器,9.64,0.73%,1.73%,36421900.0,33691300.0,2730600.0,70608700.0
sz301138,华研精机,37.73,0.72%,20.36%,107000000.0,126000000.0,19291900.0,233000000.0
sz002207,准油股份,7.01,0.72%,2.19%,22297000.0,17643900.0,4653100.0,39940800.0
sz002997,瑞鹄模具,32.5,0.71%,13.97%,275000000.0,250999999.99999997,23112500.0,529000000.0
sh600081,东风科技,12.71,0.71%,5.51%,114999999.99999999,106000000.0,8345400.0,221000000.0
sz300122,智飞生物,44.81,0.70%,0.78%,260000000.0,227999999.99999997,31991500.0,496000000.0
sz002838,道恩股份,15.81,0.70%,0.97%,32665000.0,26798300.0,5866700.0,59463300.0
sz000811,冰轮环境,15.88,0.70%,0.95%,55579500.0,57387299.99999999,1807800.0,112999999.99999999
sh603211,晋拓股份,18.93,0.69%,34.51%,237000000.0,204999999.99999997,31796500.0,447000000.0
sz300056,中创环保,7.33,0.69%,1.03%,17378700.0,11609800.0,5768800.0,29233300.0
sz002454,松芝股份,8.77,0.69%,4.34%,122000000.0,119000000.0,2536400.0,241000000.0
sz000851,高鸿股份,5.84,0.69%,9.90%,343000000.0,323000000.0,20092000.0,666000000.0
sh600989,宝丰能源,13.32,0.68%,0.34%,188000000.0,143000000.0,44784399.99999999,333000000.0
sh600919,江苏银行,7.38,0.68%,0.46%,294000000.0,224000000.00000003,70398700.0,523000000.00000006
sz002234,民和股份,19.12,0.68%,1.51%,54055300.0,33838900.0,20216400.0,87894400.0
sh601975,招商南油,2.99,0.67%,2.02%,176000000.0,114999999.99999999,60999200.0,293000000.0
sz000568,泸州老窖,213.85,0.67%,0.26%,430000000.0,391000000.0,38667600.0,821000000.0000001
sz000981,山子股份,1.52,0.66%,1.38%,54317800.0,63654300.0,9336600.0,118000000.0
sz002860,星帅尔,13.7,0.66%,2.18%,36792800.0,28379100.0,8413700.0,65171899.99999999
sz002659,凯文教育,4.61,0.66%,3.46%,43750700.0,50968800.0,7218000.0,94720900.0
sz000933,神火股份,13.69,0.66%,1.39%,231999999.99999997,193000000.0,39175200.0,426000000.0
sz301300,远翔新材,32.32,0.62%,4.68%,13374500.0,10972400.0,2402100.0,24379200.0
sh688307,中润光学,35.88,0.62%,17.22%,60096800.0,54066200.0,6030599.999999999,113999999.99999999
sz300428,立中集团,24.47,0.62%,3.45%,218000000.00000003,225000000.0,6432100.0,446000000.0
sh603588,高能环境,9.72,0.62%,0.69%,52709000.0,45212100.0,7496900.000000001,99428700.00000001
sh601222,林洋能源,8.15,0.62%,1.06%,90169200.0,83793400.0,6375800.0,179000000.0
sh600674,川投能源,14.71,0.62%,0.21%,69019900.0,64342299.99999999,4677600.0,136000000.0
sz300836,佰奥智能,28.0,0.61%,3.36%,19636000.0,20935500.0,1299500.0,40607800.0
sh600583,海油工程,6.55,0.61%,0.50%,63131300.0,78501600.0,15370300.0,144000000.0
sh600499,科达制造,11.49,0.61%,0.86%,102000000.0,91585000.0,10669500.0,195000000.0
sz002952,亚世光电,18.15,0.61%,2.17%,27536000.0,23712900.0,3823100.0,51637200.0
sz002571,德力股份,6.63,0.61%,2.52%,23266600.0,24963700.0,1697100.0,49991300.0
sz002053,云南能投,11.6,0.61%,0.93%,49489600.0,41625900.0,7863700.0,92224100.0
sh603978,深圳新星,18.42,0.60%,0.85%,15348400.0,10169900.0,5178500.0,25881300.0
sz002159,三特索道,18.57,0.60%,3.50%,47345100.0,41268900.0,6076200.0,90251900.0
sz002538,司尔特,6.84,0.59%,1.01%,33914200.0,23777700.0,10136500.0,57988100.00000001
sz301282,金禄电子,33.11,0.58%,28.00%,175000000.0,184000000.0,8806800.0,360000000.0
sh603823,百合花,12.23,0.58%,0.52%,16497200.0,9598800.0,6898400.0,26472300.0
sh600256,广汇能源,6.9,0.58%,0.89%,235000000.0,167000000.0,67708700.0,401999999.99999994
sz300068,南都电源,20.77,0.58%,2.20%,191000000.0,187000000.0,3548399.9999999995,382000000.0
sh601288,农业银行,3.55,0.57%,0.07%,376000000.0,401000000.0,25060700.0,783000000.0
sz002454,松芝股份,8.76,0.57%,4.30%,120000000.0,118000000.0,2445300.0,239000000.0
sz000811,冰轮环境,15.86,0.57%,0.93%,53778300.0,54991200.0,1212900.0,110000000.00000001
sz002981,朝阳科技,25.03,0.56%,0.73%,8815800.0,8527200.0,288600.0,17924900.0
sz300970,华绿生物,23.22,0.56%,6.37%,46003000.0,55936300.0,9933300.0,102000000.0
sz000790,华神科技,5.35,0.56%,1.57%,22941700.0,28147300.0,5205599.999999999,52002700.00000001
sz301155,海力风电,73.68,0.55%,2.04%,63801500.0,69766500.0,5965000.0,134000000.00000001
sh601825,沪农商行,5.51,0.55%,0.24%,36818100.0,23892000.0,12926199.999999998,61020900.0
sz301035,润丰股份,80.63,0.55%,1.02%,43001500.0,29705600.0,13295900.0,72715200.0
sz300877,金春股份,18.18,0.55%,3.01%,15855300.0,15286600.0,568700.0,31149200.0
sz300946,恒而达,38.72,0.55%,5.92%,37094500.0,40982299.99999999,3887799.9999999995,78080500.0
sh688599,天合光能,38.59,0.55%,0.75%,291000000.0,262000000.0,28115600.0,553000000.0
sh688065,凯赛生物,64.24,0.55%,0.31%,30799300.0,22342700.0,8456600.0,53154900.0
sz300087,荃银高科,10.97,0.55%,1.85%,92930000.0,86101100.0,6828900.0,183000000.0
sz000550,江铃汽车,14.68,0.55%,1.52%,58329100.0,58002000.0,327100.0,115999999.99999999
sz002692,ST远程,3.72,0.54%,0.24%,3607200.0000000005,2681200.0,926000.0,6293600.0
sz300272,开能健康,5.61,0.54%,2.22%,27163000.0,23946500.0,3216500.0,51618800.0
sh603949,雪龙集团,16.62,0.54%,0.92%,16379600.0,15508200.0,871400.0,32389800.0
sh600618,氯碱化工,9.25,0.54%,0.68%,23878700.0,22968600.0,910100.0,47424500.0
sz002032,苏泊尔,52.56,0.54%,0.08%,21599699.999999996,12246900.0,9352800.0,34352000.0
sz301382,蜂助手,38.26,0.53%,10.84%,75908700.0,75024700.0,884000.0,151000000.0
sh603922,金鸿顺,22.58,0.53%,0.77%,13239900.0,9100800.0,4139100.0000000005,22440100.000000004
sh605008,长鸿高科,15.3,0.53%,0.83%,14013599.999999998,11321199.999999998,2692400.0,25628600.0
sz002870,香山股份,34.09,0.53%,3.92%,73145800.0,73500900.0,355100.0,148000000.0
sz002734,利民股份,9.54,0.53%,0.78%,14295400.0,9268700.0,5026700.0,24036700.0
sz002595,豪迈科技,34.1,0.53%,0.33%,31574300.0,27311200.0,4263100.0,59531500.0
sz002144,宏达高科,11.43,0.53%,2.13%,17886000.0,15331199.999999998,2554800.0,33629500.0
sh600955,维远股份,19.41,0.52%,0.45%,18090800.0,13671300.000000002,4419400.0,32062900.0
sh603009,北特科技,7.73,0.52%,10.61%,148000000.0,130000000.0,18126600.0,280000000.0
sh600517,国网英大,5.78,0.52%,0.52%,84898300.0,88245800.0,3347500.0,174000000.0
sz300587,天铁股份,7.72,0.52%,1.70%,58544399.99999999,62609000.0,4064600.0,123000000.0
sz002734,利民股份,9.54,0.53%,0.80%,14816099.999999998,9906500.0,4909600.0,24722700.0
sz002144,宏达高科,11.43,0.53%,2.19%,18406000.0,16109300.0,2296700.0,34515300.0
sz002723,小崧股份,11.49,0.52%,6.88%,125000000.0,124000000.0,1441300.0,249000000.00000003
sz002304,洋河股份,131.93,0.52%,0.17%,183000000.0,152000000.0,30759500.0,335000000.0
sz002053,云南能投,11.59,0.52%,0.95%,51250900.0,42677400.0,8573500.0,93928100.0
sz002287,奇正藏药,23.55,0.51%,0.23%,12545900.0,16789500.0,4243600.0,29335400.0
sh600518,ST康美,1.96,0.51%,0.96%,146000000.0,110000000.00000001,35803800.0,256999999.99999997
sz301187,欧圣电气,17.71,0.51%,9.84%,36993400.0,46636600.0,9643200.0,83665400.00000001
sh600933,爱柯迪,23.67,0.51%,0.90%,122000000.0,69380500.0,53114900.0,194000000.0
sh600192,长城电工,5.87,0.51%,1.48%,22442199.999999996,15932100.0,6510100.0,38376200.0
sz002739,万达电影,13.91,0.51%,2.44%,330000000.0,390000000.0,60326100.0,719000000.0
sz001328,登康口腔,32.38,0.50%,8.90%,60549200.0,61697200.0,1148000.0,122000000.0
sh688398,赛特新材,36.35,0.50%,1.58%,20320100.0,21518400.0,1198300.0,41838500.0
sh600983,惠而浦,8.03,0.50%,0.28%,9717600.0,7520000.0,2197600.0,17656000.0
sz002870,香山股份,34.08,0.50%,3.97%,74274100.0,76043400.0,1769300.0,150000000.0
sz002658,雪迪龙,8.0,0.50%,1.83%,22506800.0,28151900.0,5645100.0,50658700.0
sz000625,长安汽车,14.12,0.50%,4.70%,2734000000.0,2442000000.0,292000000.0,5176000000.0
sz000525,ST红太阳,10.08,0.50%,1.16%,34735500.0,33095000.0,1640500.0,67830400.0
sz001289,龙源电力,20.48,0.49%,2.98%,41077400.0,39924700.0,1152800.0,81002200.0
sz002993,奥海科技,36.72,0.49%,15.54%,273000000.0,304000000.0,30982100.0,580000000.0
sz300972,万辰生物,43.38,0.49%,1.85%,30570100.000000004,29368100.0,1202000.0,59955600.00000001
sh600987,航民股份,8.22,0.49%,0.57%,24403000.0,24547800.000000004,144700.0,49309200.0
sz002017,东信和平,12.32,0.49%,3.38%,124000000.0,120000000.0,4008800.0,243000000.00000003
sh605268,王力安防,10.36,0.48%,5.20%,23124899.999999996,16137300.0,6987700.0,39981200.0
sh600729,重庆百货,33.32,0.48%,0.54%,35077300.0,35820400.0,743100.0,71774000.0
sz002714,牧原股份,42.24,0.48%,0.46%,376000000.0,323000000.0,53420100.0,699000000.0
sz000752,*ST西发,4.16,0.48%,0.44%,2257500.0,2509700.0,252300.0,4767200.0
sz000731,四川美丰,8.34,0.48%,1.54%,45894200.0,29397600.000000004,16496600.0,75301900.0
sz002021,*ST中捷,2.15,0.47%,1.55%,10456800.0,12516000.0,2059100.0,22972800.000000004
sh688223,晶科能源,12.9,0.47%,2.94%,401999999.99999994,331000000.0,70959500.0,733000000.0
sz300848,美瑞新材,21.27,0.47%,1.56%,16814200.0,18038500.0,1224300.0,34880300.0
sz002386,天原股份,6.48,0.47%,0.68%,24650000.0,20055900.0,4594100.0,44705900.0
sz002461,珠江啤酒,8.79,0.46%,0.26%,25232199.999999996,25275000.0,42900.0,50507200.0
sh603938,三孚股份,20.03,0.45%,0.56%,25151700.0,17275800.0,7875900.0,43094500.0
sh603010,万盛股份,11.07,0.45%,0.51%,16398900.000000002,10464900.0,5934000.0,27190000.0
sh600873,梅花生物,8.9,0.45%,0.28%,44702700.00000001,29261600.0,15441099.999999998,74640700.0
sz000596,古井贡酒,245.37,0.45%,0.22%,124000000.0,97829599.99999999,26011000.0,222000000.00000003
sh603018,华设集团,9.04,0.44%,4.26%,134000000.00000001,128000000.0,6187800.0,262000000.0
sh600258,首旅酒店,20.52,0.44%,1.11%,133000000.0,123000000.0,10360400.0,256000000.0
sz001256,炜冈科技,18.58,0.43%,4.19%,13965600.0,13880100.0,85399.99999999999,27849400.0
sz301121,紫建电子,50.92,0.43%,6.48%,29504600.0,29167600.000000004,337100.0,58677299.99999999
sz300761,立华股份,18.8,0.43%,0.18%,12853699.999999998,7755800.0,5097900.0,20615200.0
sz002810,山东赫达,18.89,0.43%,1.76%,56006000.0,50185000.0,5821100.0,106000000.0
sz300121,阳谷华泰,9.79,0.41%,0.75%,14442600.0,14004100.0,438500.0,28589699.999999996
sz300019,硅宝科技,16.96,0.41%,0.85%,25582600.000000004,22424200.0,3158399.9999999995,48234100.0
sz002168,惠程科技,4.95,0.41%,4.82%,90263799.99999999,94582500.0,4318700.0,188000000.0
sz002715,登云股份,15.15,0.40%,1.11%,10946900.0,12313200.0,1366300.0,23593700.0
sh688777,中控技术,55.66,0.40%,1.61%,231999999.99999997,252999999.99999997,21137900.0,484999999.99999994
sh605289,罗曼股份,39.93,0.40%,5.53%,49049500.0,63102900.0,14053400.0,112999999.99999999
sh601658,邮储银行,4.96,0.40%,0.17%,330000000.0,248000000.0,81470900.0,585000000.0
sz002714,牧原股份,42.21,0.40%,0.45%,364000000.0,309000000.0,55192700.00000001,684000000.0
sz002610,爱康科技,2.53,0.40%,1.85%,119000000.0,89622600.0,29790000.0,212000000.0
sz002090,金智科技,12.44,0.40%,2.90%,70110700.0,72189500.0,2078800.0,145000000.0
sz002004,华邦健康,5.04,0.40%,0.47%,22033400.0,20785900.0,1247500.0,44940600.00000001
sz000526,学大教育,25.82,0.39%,3.34%,50156000.0,53077800.0,2921800.0,103000000.0
sh688426,康为世纪,31.01,0.39%,3.09%,12417900.0,11796400.000000002,621500.0,24240300.000000004
sz301037,保立佳,17.98,0.39%,1.72%,4388700.0,4379200.0,9558.0,8769700.0
sh605399,晨光新材,18.02,0.39%,1.78%,20722199.999999996,13873699.999999998,6848500.0,35588700.0
sh600777,新潮能源,2.57,0.39%,1.45%,139000000.0,97822800.0,41255400.0,238000000.0
sz002731,萃华珠宝,12.75,0.39%,1.62%,24893800.0,23618400.0,1275400.0,49443400.0
sz002263,大东南,2.67,0.38%,0.80%,19272500.0,20641100.0,1368600.0000000002,40472600.0
sh601208,东材科技,13.33,0.38%,1.68%,106000000.0,92985100.0,12592200.0,199000000.0
sz000659,珠海中富,2.65,0.38%,1.16%,21843400.0,17427800.0,4415500.0,39743400.0
sh605288,凯迪股份,43.96,0.37%,0.62%,9120500.0,9414400.0,293900.0,19189600.0
sh601028,玉龙股份,10.94,0.37%,1.17%,55819300.0,42958300.0,12861000.0,100000000.0
sz300679,电连技术,38.24,0.37%,4.74%,387000000.0,267000000.0,120000000.0,654000000.0
sz301078,孩子王,11.16,0.36%,2.08%,72286400.0,70190400.0,2096000.0,142000000.0
sz300005,探路者,8.38,0.36%,0.95%,30765400.0,38584100.0,7818700.0,70271100.0
sz301112,信邦智能,33.47,0.36%,9.22%,51901000.0,61341500.0,9440500.0,112999999.99999999
sh603590,康辰药业,33.25,0.36%,0.44%,12445700.0,11222700.0,1223000.0,23894600.0
sh603396,金辰股份,63.52,0.36%,1.58%,62714799.99999999,52349799.99999999,10365000.0,115999999.99999999
sz002441,众业达,11.08,0.36%,3.37%,73912300.0,75594300.0,1682000.0,150000000.0
sz300610,晨化股份,11.45,0.35%,1.24%,11597600.0,11393100.0,204500.0,22994100.0
sz301208,中亦科技,54.7,0.35%,5.23%,35726900.0,32780400.0,2946500.0,68523700.0
sz002557,洽洽食品,40.06,0.35%,0.34%,39862500.0,28131800.0,11730700.0,68910400.0
sh603219,富佳股份,14.58,0.34%,4.38%,40753700.0,58631600.0,17877900.0,99946299.99999999
sz000931,中关村,5.83,0.34%,0.92%,15105600.0,24714000.0,9608400.0,40233600.0
sh688063,派能科技,196.99,0.34%,2.79%,235000000.0,227000000.0,7647600.0,462000000.0
sz002988,豪美新材,17.53,0.34%,1.14%,23736800.0,21811500.0,1925300.0,46351000.0
sz300852,四会富仕,41.48,0.34%,5.59%,39153900.0,44924100.0,5770200.0,84082099.99999999
sh601966,玲珑轮胎,23.49,0.34%,2.32%,396000000.0,416000000.0,19569900.0,817000000.0
sh601229,上海银行,5.82,0.34%,0.11%,51383900.0,35389300.0,15994600.0,89045900.0
sh600727,鲁北化工,5.86,0.34%,0.55%,7924700.0,6170100.0,1754600.0,14311700.0
sz002931,锋龙股份,11.74,0.34%,3.26%,34699700.0,33887600.0,812000.0,69891500.0
sz002461,珠江啤酒,8.78,0.34%,0.26%,24434899.999999996,24590500.0,155700.0,49891899.99999999
sz300995,奇德新材,21.06,0.33%,13.01%,38636200.0,42713500.0,4077400.0,81362300.0
sz301256,华融化学,9.13,0.33%,2.69%,18497000.0,14933400.0,3563600.0,33433100.0
sz300969,恒帅股份,85.5,0.33%,18.42%,157000000.0,173000000.0,15756700.0,330000000.0
sh600966,博汇纸业,6.02,0.33%,0.36%,15716500.0,12871500.0,2845000.0,28834800.0
sh601369,陕鼓动力,9.28,0.32%,0.87%,71055800.0,62436500.0,8619200.0,134000000.00000001
sh601311,骆驼股份,9.35,0.32%,0.69%,42098700.0,32588200.0,9510500.0,75514500.0
sh603628,清源股份,15.91,0.32%,1.00%,22798300.0,20449000.0,2349300.0,43700800.0
sh600623,华谊集团,6.21,0.32%,0.24%,15883100.0,12122200.0,3760800.0,28431300.0
sz002507,涪陵榨菜,18.0,0.33%,0.66%,64961700.0,70827400.0,5865700.000000001,136000000.0
sz002203,海亮股份,12.24,0.33%,0.35%,51415100.0,32215800.0,19199400.0,83630900.0
sh600605,汇通能源,18.6,0.32%,0.77%,16222800.0,13399600.0,2823200.0,31233200.0
sh600098,广州发展,6.3,0.32%,0.96%,112000000.00000001,101000000.0,11463599.999999998,214000000.0
sz300239,东宝生物,6.26,0.32%,0.99%,17159100.0,14823900.000000002,2335200.0,32090100.000000004
sz002705,新宝股份,18.69,0.32%,0.50%,38372400.0,39009200.0,636800.0,77381600.0
sz002532,天山铝业,6.24,0.32%,0.63%,76037300.0,75257500.0,779800.0,151000000.0
sh600197,伊力特,25.67,0.31%,0.95%,49814200.0,64579500.0,14765400.0,113999999.99999999
sh600028,中国石化,6.47,0.31%,0.08%,250999999.99999997,223000000.0,28198500.0,474000000.0
sz300191,潜能恒信,19.62,0.31%,1.57%,35620300.0,31892000.0,3728399.9999999995,68035800.0
sz002731,萃华珠宝,12.74,0.31%,1.65%,25767800.000000004,24547000.0,1220800.0,50322400.0
sh605566,福莱蒽特,23.61,0.30%,1.15%,10029500.0,6829500.0,3200000.0,16861400.0
sh600112,ST天成,3.33,0.30%,0.68%,4976800.0,6544800.0,1568000.0,11522500.0
sh603383,顶点软件,53.65,0.30%,1.52%,77402200.0,59914100.0,17488000.0,138000000.0
sh603586,金麒麟,16.58,0.30%,2.21%,34109300.0,37757800.0,3648500.0,72377800.0
sz300455,航天智装,13.56,0.30%,12.90%,596000000.0,616000000.0,19698100.0,1226000000.0
sz002741,光华科技,16.57,0.30%,0.99%,30993300.0,24385300.000000004,6608000.0,55378700.0
sz002638,勤上股份,3.32,0.30%,3.07%,67971900.0,71659900.0,3688000.0,140000000.0
sz002991,甘源食品,78.87,0.29%,2.06%,27399000.0,31354899.999999996,3955800.0,59124600.0
sz002262,恩华药业,27.57,0.29%,0.83%,93445100.0,107000000.0,13935400.0,200999999.99999997
sh603086,先达股份,6.98,0.29%,0.74%,11746500.0,10639100.0,1107300.0,22555500.0
sz301092,争光股份,31.8,0.28%,22.28%,143000000.0,165000000.0,22576900.0,308000000.0
sz301221,光庭信息,76.21,0.28%,27.76%,476000000.0,455999999.99999994,19449700.0,932000000.0
sh688396,华润微,53.95,0.28%,0.24%,104000000.0,65169700.0,38713000.0,169000000.0
sh688595,芯海科技,35.75,0.28%,3.81%,62354399.99999999,46071700.0,16282700.0,108000000.0
sz300849,锦盛新材,11.3,0.27%,0.59%,5020000.0,3132400.0,1887600.0,8153500.0
sh600365,ST通葡,3.67,0.27%,2.35%,19431200.0,16151400.000000002,3279800.0,35586600.0
sh600133,东湖高新,7.56,0.27%,8.11%,242000000.0,254000000.0,11618100.0,496000000.0
sz002665,首航高科,3.7,0.27%,1.71%,80067700.0,75428300.0,4639400.0,155000000.0
sz002626,金达威,18.78,0.27%,0.69%,36996700.0,42676000.0,5679299.999999999,79672700.0
sz002595,豪迈科技,34.01,0.27%,0.34%,33296100.0,27841400.0,5454700.0,61137500.0
sz000001,平安银行,11.24,0.27%,0.38%,463999999.99999994,366000000.0,98021900.0,830000000.0000001
sh600084,中葡股份,7.77,0.26%,0.14%,5825000.0,6541200.0,716200.0,12405100.0
sh605178,时空科技,23.01,0.26%,5.67%,37945900.0,42080000.0,4134000.0,80969500.0
sh601665,齐鲁银行,3.79,0.26%,0.59%,23959200.0,26928700.0,2969400.0,51975200.00000001
sz002415,海康威视,34.29,0.26%,0.33%,523000000.00000006,503000000.0,20075500.0,1027000000.0
sz002274,华昌化工,7.76,0.26%,0.75%,29299000.0,25226700.0,4072300.0,54525700.0
sz300932,三友联众,16.1,0.25%,2.10%,14825000.0,16064400.0,1239400.0,30895800.0
sz000301,东方盛虹,12.03,0.25%,0.33%,112999999.99999999,107000000.0,6223200.000000001,220000000.00000003
sh600671,*ST目药,8.23,0.24%,0.33%,1746000.0,1447000.0,299000.0,3309000.0
sh603213,镇洋发展,12.28,0.24%,2.25%,26884800.0,15938599.999999998,10946099.999999998,43109600.0
sz300843,胜蓝股份,21.08,0.24%,1.35%,21042100.0,19980200.0,1061800.0,41051899.99999999
sh603209,兴通股份,21.15,0.24%,0.57%,9039100.0,11165400.0,2126300.0,20323400.0
sh603026,胜华新材,59.71,0.24%,0.86%,57036600.0,46776800.0,10259800.0,105000000.0
sh601888,中国中免,116.15,0.24%,1.01%,1056000000.0,1203000000.0,147000000.0,2298000000.0
sz002891,中宠股份,25.1,0.24%,0.90%,35820200.0,30634100.0,5186100.0,66454399.99999999
sz002266,浙富控股,4.26,0.24%,0.31%,39322100.0,25168000.0,14154100.0,64490100.0
sz000096,广聚能源,8.39,0.24%,0.45%,9850900.0,9409900.0,441000.0,19260900.0
sh600761,安徽合力,21.55,0.23%,1.24%,108000000.0,90049800.0,17516400.0,199000000.0
sz300727,润禾材料,26.19,0.23%,1.43%,20058400.0,22729699.999999996,2671400.0,42809100.0
sh605108,同庆楼,35.25,0.23%,2.90%,37974900.0,45884000.0,7909100.0,84666100.0
sh603639,海利尔,18.19,0.22%,0.75%,18944700.0,26495100.000000004,7550400.0,45625300.0
sh600519,贵州茅台,1713.8,0.22%,0.11%,1201000000.0,1027000000.0,174000000.0,2281000000.0
sz300644,南京聚隆,18.52,0.22%,2.42%,20666800.0,17881300.0,2785500.0,38612800.0
sz300498,温氏股份,18.37,0.22%,0.34%,192000000.0,147000000.0,45199500.0,338000000.0
sz002750,龙津药业,9.26,0.22%,1.40%,26350400.0,25660900.0,689500.0,52011300.0
sz000713,丰乐种业,9.11,0.22%,2.25%,66253100.00000001,59817900.0,6435200.0,126000000.0
sz000599,青岛双星,4.49,0.22%,2.09%,45422299.99999999,32271400.0,13150900.0,77693800.0
sh605060,联德股份,29.06,0.21%,0.72%,7465500.0,9535500.0,2070000.0,17218900.0
sz000912,泸天化,4.7,0.21%,0.59%,22537399.999999996,21486600.0,1050800.0,44024000.0
sz002480,新筑股份,4.77,0.21%,0.71%,16331700.0,9856500.0,6475200.0,26188200.0
sz300938,信测标准,41.96,0.21%,2.10%,21292399.999999996,25357100.0,4064700.0000000005,46658000.0
sh600323,瀚蓝环境,18.78,0.21%,0.22%,20046000.0,13249500.0,6796500.0,33299300.0
sz300592,华凯易佰,28.49,0.21%,3.78%,87950900.0,81437800.0,6513099.999999999,171000000.0
sz300539,横河精密,14.2,0.21%,2.61%,29612900.0,33487500.0,3874600.0,63713600.0
sz002111,威海广泰,9.33,0.21%,0.91%,20091800.0,20434400.0,342500.0,40526200.0
sh605368,蓝天燃气,9.93,0.20%,4.07%,46893300.0,52940000.0,6046700.0,101000000.0
sz300821,东岳硅材,9.98,0.20%,0.60%,33231800.0,38323900.0,5092200.0,71564800.0
sh600996,贵广网络,10.0,0.20%,1.11%,65480600.00000001,64957900.0,522700.00000000006,134000000.00000001
sh600804,ST鹏博士,5.12,0.20%,1.10%,31998000.0,45929500.0,13931500.0,78631900.0
sz002057,中钢天源,10.1,0.20%,1.22%,43372400.0,48747000.0,5374600.0,92119500.0
sz002004,华邦健康,5.03,0.20%,0.49%,23884200.0,22134899.999999996,1749300.0,46019200.0
sh688517,金冠电气,20.61,0.19%,4.47%,32580500.0,46111899.99999999,13531400.000000002,78692400.0
sh603611,诺力股份,25.83,0.19%,1.89%,57803800.0,67396000.0,9592200.0,126000000.0
sh601318,中国平安,47.29,0.19%,0.33%,836000000.0,827000000.0,8437000.0,1684000000.0
sh601166,兴业银行,15.51,0.19%,0.13%,202000000.0,204000000.0,1872300.0,409999999.99999994
sz002690,美亚光电,26.23,0.19%,0.74%,41612000.0,43334799.99999999,1722800.0,84946700.0
sz000858,五粮液,165.46,0.19%,0.31%,1057000000.0,913000000.0000001,144000000.0,1970000000.0
sz001283,豪鹏科技,48.85,0.18%,1.42%,6393099.999999999,7452200.0,1059100.0,13845200.0
sz002438,江苏神通,11.32,0.18%,0.81%,22036700.0,21333600.0,703100.0,43370300.0
sz300614,百川畅银,27.89,0.18%,4.19%,48791000.0,56841700.0,8050700.000000001,106000000.0
sh600572,康恩贝,5.55,0.18%,1.46%,112000000.00000001,95423600.0,16886700.0,209000000.0
sh605018,长华集团,11.29,0.18%,3.33%,19393700.0,15622400.0,3771400.0,35302900.0
sz300482,万孚生物,27.13,0.18%,0.82%,40297300.0,34279600.0,6017700.0,74576800.0
sz300073,当升科技,50.67,0.18%,1.70%,220000000.00000003,204000000.0,16407600.0,424000000.0
sz002802,洪汇新材,11.22,0.18%,0.43%,5113300.0,3629900.0,1483400.0,8743300.0
sz301349,信德新材,52.72,0.17%,5.11%,36731400.0,32148200.0,4583100.0,68884900.0
sz301175,中科环保,5.99,0.17%,2.61%,38912000.0,58183600.0,19271700.0,97104599.99999999
sh688330,宏力达,35.74,0.17%,1.11%,16931800.0,14896300.000000002,2035500.0,31834000.0
sh688559,海目星,48.14,0.17%,1.94%,60520900.0,61206100.0,685200.0,122000000.0
sh600926,杭州银行,11.83,0.17%,0.26%,88038300.0,75050300.0,12988000.0,164000000.0
sh600405,动力源,5.84,0.17%,1.93%,32971700.0,29850900.0,3120800.0,62825900.0
sz300551,古鳌科技,23.77,0.17%,3.77%,89971600.0,120000000.0,30458000.0,213000000.0
sz300357,我武生物,34.64,0.17%,1.16%,89557900.00000001,101000000.0,11194700.0,190000000.0
sh688589,力合微,44.38,0.16%,9.17%,107000000.0,127000000.0,19813100.0,233000000.0
sh600847,万里股份,12.72,0.16%,0.97%,9918300.0,8691800.0,1226500.0,18981400.0
sh603589,口子窖,50.74,0.16%,0.86%,139000000.0,119000000.0,20080700.0,261000000.0
sh600177,雅戈尔,6.44,0.16%,0.11%,17474500.0,15606700.0,1867800.0,33085000.0
sz300359,全通教育,6.11,0.16%,2.07%,41014100.0,39197100.0,1817000.0,81278600.0
sz300073,当升科技,50.66,0.16%,1.68%,215000000.0,202000000.0,12647600.0,420000000.0
sz002591,恒大高新,6.46,0.16%,2.79%,19212700.0,19912800.0,700100.0,39288200.0
sz002532,天山铝业,6.23,0.16%,0.62%,73131300.0,73370300.0,238900.0,149000000.0
sz002203,海亮股份,12.22,0.16%,0.35%,50537700.00000001,31951800.0,18586000.0,82851400.0
sh603717,天域生态,6.77,0.15%,1.56%,16417300.0,13561400.000000002,2855899.9999999995,30641500.0
sh603083,剑桥科技,60.48,0.15%,17.72%,1388000000.0,1377000000.0,11197000.0,2795000000.0
sh600054,黄山旅游,13.37,0.15%,0.78%,22277199.999999996,31413700.0,9136500.0,53728300.0
sz301310,鑫宏业,69.07,0.14%,15.17%,107000000.0,130000000.0,23549100.0,237000000.0
sh600721,百花医药,7.26,0.14%,2.96%,41147900.0,39727200.0,1420600.0,81700500.0
sh603320,迪贝电气,14.55,0.14%,0.89%,7834200.0,8725500.0,891400.0,16794000.0
sz300531,优博讯,14.26,0.14%,2.06%,46595200.00000001,45505600.00000001,1089600.0,93156700.0
sh600359,新农开发,7.96,0.13%,2.49%,38480600.0,37713300.0,767300.0,76203500.0
sz002805,丰元股份,22.29,0.13%,2.82%,66796500.0,66225500.0,571000.0,136000000.0
sz002556,辉隆股份,7.49,0.13%,0.67%,25756600.0,21021400.0,4735200.0,47564900.0
sz002363,隆基机械,7.6,0.13%,3.05%,49831100.0,45932000.0,3899100.0000000005,97714400.0
sz002274,华昌化工,7.75,0.13%,0.73%,28134200.0,24476700.0,3657500.0,53551000.0
sh605287,德才股份,16.9,0.12%,1.59%,12093300.0,11473699.999999998,619700.0,23761700.0
sh603256,宏和科技,8.53,0.12%,0.50%,18634000.0,18632300.0,1700.0,37589500.0
sz002891,中宠股份,25.07,0.12%,0.89%,35130000.0,30375700.0,4754300.0,65884600.0
sz300905,宝丽迪,18.63,0.11%,2.14%,8563900.0,10595800.0,2031900.0,19163300.0
sh603689,皖天然气,8.89,0.11%,0.71%,14917700.0,14823500.0,94200.0,29925600.0
sz002880,卫光生物,35.95,0.11%,0.83%,31928000.0,36468200.0,4540200.0,69335500.0
sz002111,威海广泰,9.32,0.11%,0.90%,19865800.0,19946200.0,80399.99999999999,40126100.0
sz300941,创识科技,20.65,0.10%,2.45%,19508500.0,23765100.000000004,4256600.0,43277600.0
sz002407,多氟多,19.84,0.10%,1.61%,149000000.0,158000000.0,9020300.0,309000000.0
sz301373,凌玮科技,33.1,0.09%,4.42%,21525900.0,15396700.0,6129100.0,36925900.0
sz301149,隆华新材,10.61,0.09%,1.23%,13901900.0,10359200.0,3542799.9999999995,24263200.0
sz301196,唯科科技,34.36,0.09%,1.81%,12920000.0,10701500.0,2218500.0,23728000.0
sh605090,九丰能源,22.32,0.09%,0.89%,24801100.0,26285500.0,1484400.0,51740500.0
sz002438,江苏神通,11.31,0.09%,0.80%,21526200.0,20926300.0,599900.0,42883500.0
sh605117,德业股份,147.36,0.09%,3.66%,405999999.99999994,366000000.0,40854500.0,781000000.0
sh603388,元成股份,10.77,0.09%,3.64%,62871200.0,65935900.0,3064600.0,130000000.0
sz000408,藏格矿业,23.03,0.09%,0.33%,67557900.0,53084900.0,14473000.0,121000000.0
sh600985,淮北矿业,12.43,0.08%,0.39%,64726800.0,54290900.0,10435900.0,120000000.0
sz000858,五粮液,165.27,0.08%,0.30%,1021000000.0000001,885000000.0,136000000.0,1925000000.0
sz301286,侨源股份,29.62,0.07%,2.22%,13859300.0,12405000.0,1454400.0,26270200.0
sz300813,泰林生物,29.05,0.07%,1.21%,10074900.0,10732000.0,657099.9999999999,20835900.0
sh603757,大元泵业,28.99,0.07%,1.17%,21899899.999999996,32132399.999999996,10232500.0,55916500.0
sz002011,盾安环境,14.01,0.07%,1.53%,111000000.00000001,85629400.0,25261500.0,199000000.0
sh688500,*ST慧辰,17.8,0.06%,0.63%,2954400.0,1751200.0,1203100.0,4753000.0
sh688006,杭可科技,30.81,0.06%,0.77%,70268400.0,74246200.0,3977799.9999999995,145000000.0
sh603279,景津装备,31.89,0.06%,0.64%,65809799.99999999,49171700.0,16638100.0,115999999.99999999
sh601865,福莱特,36.18,0.06%,0.59%,225000000.0,138000000.0,87494000.0,367000000.0
sz300669,沪宁股份,16.3,0.06%,1.36%,20149300.0,19665000.0,484300.0,39816000.0
sz300537,广信材料,16.22,0.06%,4.87%,53372400.0,55645300.0,2273000.0,110000000.00000001
sz301193,家联科技,18.22,0.05%,0.88%,7790500.0,6996100.0,794400.0,14790200.0
sz300596,利安隆,40.29,0.05%,0.46%,20753800.0,18006000.0,2747700.0,40015700.0
sz300498,温氏股份,18.34,0.05%,0.34%,187000000.0,144000000.0,43243500.0,334000000.0
sz002236,大华股份,21.68,0.05%,5.74%,1275000000.0,1170000000.0,105000000.0,2468000000.0
sz301387,光大同创,50.05,0.04%,11.16%,46515900.0,47473100.00000001,957200.0,93994100.0
sh603919,金徽酒,23.45,0.04%,0.45%,22690000.0,30183900.0,7493900.0,53624300.0
sh688333,铂力特,111.75,0.04%,1.65%,200000000.0,100000000.0,99743300.0,300000000.0
sh603156,养元饮品,25.04,0.04%,0.07%,12901199.999999998,8847300.0,4053900.0,22772600.000000004
sh605259,绿田机械,26.69,0.04%,1.36%,10576300.000000002,8977600.0,1598700.0,19695300.0
sz300651,金陵体育,26.69,0.04%,4.25%,39244200.0,47309100.0,8064900.0,86569400.0
sh688271,联影医疗,141.7,0.04%,1.01%,36516900.0,34673300.0,1843600.0000000002,71401300.0
sh688381,帝奥微,34.34,0.03%,5.16%,57096800.0,50289900.0,6806900.000000001,107000000.0
sh603489,八方股份,74.35,0.03%,0.85%,51202100.0,54669200.0,3467100.0,107000000.0
sh603800,道森股份,29.66,0.03%,1.64%,46131000.0,55645500.0,9514400.0,103000000.0
sz300827,上能电气,40.38,0.02%,7.75%,391000000.0,425000000.0,34483900.0,816000000.0
sh603369,今世缘,52.26,0.02%,0.21%,79459000.0,57996300.0,21462700.0,139000000.0
sz001296,长江材料,20.79,0.00%,3.45%,13993500.0,12787600.0,1205900.0,27222800.000000004
sz002452,长高电新,7.53,0.00%,1.91%,35911100.0,37678000.0,1766900.0,74254000.0
sz000564,ST大集,1.16,0.00%,0.48%,39991300.0,43718200.0,3726900.0,83709500.0
sh688625,呈和科技,39.86,0.00%,1.23%,19926100.0,20306800.0,380700.0,40252800.0
sh688162,巨一科技,41.9,0.00%,2.79%,27580200.0,26891500.0,688700.0,54471700.0
sz002501,利源股份,1.49,0.00%,0.40%,11522200.0,9630700.0,1891500.0,21413000.0
sz000981,山子股份,1.51,0.00%,1.35%,52333800.0,62219100.0,9885400.0,114999999.99999999
sz000953,河化股份,5.36,0.00%,0.76%,8272300.0,6486200.0,1786000.0,14925200.0
sh688303,大全能源,40.3,0.00%,0.87%,92964599.99999999,85148799.99999999,7815900.0,178000000.0
sz002588,史丹利,6.27,0.00%,1.44%,34153800.0,30123400.0,4030400.0,65469700.0
sz301127,天源环保,9.92,0.00%,0.63%,7584400.000000001,7740200.0,155800.0,15326500.0
sh688538,和辉光电,2.57,0.00%,0.27%,23711800.0,16071099.999999998,7640700.000000001,39782800.0
sz003000,劲仔食品,11.48,0.00%,2.62%,33206800.0,34450500.0,1243700.0,68064500.0
sh600179,安通控股,2.83,0.00%,0.12%,6205300.0,6086799.999999999,118500.0,12381199.999999998
sh605376,博迁新材,32.59,0.00%,0.76%,22278900.0,20126900.0,2152000.0,43520300.0
sh601512,中新集团,9.34,0.00%,0.16%,10661900.0,11234900.0,573000.0,22479699.999999996
sz301026,浩通科技,36.47,0.00%,1.11%,11607200.0,11025100.0,582100.0,22639500.0
sh600550,保变电气,5.16,0.00%,0.53%,26574600.0,23573200.0,3001300.0,50478000.0
sh603977,国泰集团,9.25,0.00%,1.01%,31713000.0,25521600.0,6191400.0,58269600.0
sh603838,四通股份,5.88,0.00%,0.32%,3333800.0,2559200.0,774599.9999999999,5964700.0
sh603707,健友股份,13.33,0.00%,0.29%,32765400.0,30576200.0,2189300.0,63728200.0
sh603703,盛洋科技,9.75,0.00%,2.17%,38066600.0,48108000.0,10041400.0,87623799.99999999
sh603317,天味食品,14.75,0.00%,0.28%,23378000.0,20178400.0,3199600.0,43819000.0
sh603133,*ST碳元,7.63,0.00%,1.16%,6944400.000000001,11792500.0,4848200.0,18780400.0
sh603077,和邦生物,2.43,0.00%,0.61%,74581900.0,55353500.0,19228400.0,131000000.0
sh603030,*ST全筑,3.04,0.00%,2.95%,23486500.0,26684400.0,3197900.0,51501500.0
sh601988,中国银行,3.93,0.00%,0.07%,281000000.0,263000000.0,17599100.0,550000000.0
sh601577,长沙银行,7.68,0.00%,0.25%,22605700.0,17266900.0,5338800.0,40202100.0
sh601366,利群股份,5.45,0.00%,0.23%,6174100.0,3825100.0,2349000.0,10502700.0
sh601330,绿色动力,7.45,0.00%,0.46%,15960800.0,17220200.0,1259300.0,33704000.0
sh601328,交通银行,5.43,0.00%,0.37%,312000000.0,465000000.00000006,153000000.0,788000000.0
sh601212,白银有色,2.82,0.00%,0.22%,24544400.0,21072000.0,3472500.0,45952000.0
sh601113,华鼎股份,3.26,0.00%,0.34%,4645600.0,7472500.0,2826900.0,12211700.0
sh601099,太平洋,2.6,0.00%,0.47%,30839100.0,49101100.0,18262000.0,83317700.0
sh601016,节能风电,3.66,0.00%,0.37%,32524300.0,46534200.0,14009900.0,79802900.0
sh601015,陕西黑猫,4.4,0.00%,0.44%,18453600.0,19764600.0,1311000.0,39425600.0
sh601001,晋控煤业,9.64,0.00%,0.57%,48076300.0,43265100.0,4811200.0,92631299.99999999
sh600997,开滦股份,6.14,0.00%,0.30%,14442200.0,14501300.000000002,59200.0,29090300.000000004
sh600908,无锡银行,5.18,0.00%,0.39%,15823800.000000002,19632200.0,3808399.9999999995,35859600.0
sh600871,石化油服,2.04,0.00%,0.38%,65267299.99999999,39662200.0,25605100.000000004,107000000.0
sh600865,百大集团,8.98,0.00%,0.31%,4060600.0,6166500.0,2105900.0,10487500.0
sh600863,内蒙华电,4.08,0.00%,0.95%,146000000.0,106000000.0,39407700.0,252999999.99999997
sh600758,辽宁能源,4.69,0.00%,1.25%,40309800.0,36165800.0,4144100.0000000005,77724200.0
sh600742,一汽富维,8.73,0.00%,3.14%,90089400.0,96676600.0,6587200.0,189000000.0
sh600688,上海石化,3.12,0.00%,0.16%,17862200.0,18329500.0,467200.0,36700300.0
sh600653,申华控股,1.87,0.00%,0.96%,20094400.0,15142700.0,4951700.0,35418200.0
sh600543,*ST莫高,5.64,0.00%,0.63%,3775500.0,7061400.0,3285899.9999999995,11344200.0
sh600527,江南高纤,1.96,0.00%,0.47%,8753400.0,7035300.0,1718100.0,15857000.0
sh600236,桂冠电力,5.5,0.00%,0.13%,23792600.000000004,32848600.0,9056000.0,56648400.0
sh600227,赤天化,2.85,0.00%,0.42%,8435800.0,6910800.0,1525000.0,15347000.0
sh600166,福田汽车,3.62,0.00%,1.19%,146000000.0,138000000.0,7875000.0,285000000.0
sh600157,永泰能源,1.43,0.00%,0.62%,86938900.0,110000000.00000001,22799200.0,197000000.0
sh600148,长春一东,16.65,0.00%,6.22%,68831100.0,79940200.0,11109100.0,149000000.0
sh600127,金健米业,7.35,0.00%,1.64%,36462900.0,41105200.00000001,4642300.0,77571700.0
sh600010,包钢股份,1.83,0.00%,0.43%,107000000.0,141000000.0,34769100.0,248000000.0
sz300641,正丹股份,5.39,0.00%,0.53%,7633900.0,6449100.0,1184800.0,14087300.0
sz300477,合纵科技,4.73,0.00%,1.21%,27574400.0,24462800.000000004,3111700.0,53276400.0
sz300456,赛微电子,23.68,0.00%,4.15%,273000000.0,300000000.0,26965400.0,579000000.0
sz300218,安利股份,9.51,0.00%,0.68%,7293099.999999999,6415800.0,877300.0,13877300.0
sz300118,东方日升,25.04,0.00%,3.76%,303000000.0,341000000.0,38173300.0,653000000.0
sz300089,文化退,0.19,0.00%,9.27%,0.0,0.0,0.0,7004200.0
sz002958,青农商行,2.73,0.00%,0.30%,22489500.0,17272700.0,5216799.999999999,39762300.0
sz002847,盐津铺子,83.66,0.00%,0.42%,33737800.0,27568400.0,6169400.000000001,61306200.0
sz002823,凯中精密,10.91,0.00%,3.77%,34115600.0,36343700.0,2228100.0,70466900.0
sz002733,雄韬股份,17.34,0.00%,1.69%,60963500.0,46887299.99999999,14076199.999999998,108000000.0
sz002671,龙泉股份,4.36,0.00%,0.90%,9260100.0,8809300.0,450800.0,18069400.0
sz002669,康达新材,13.03,0.00%,3.22%,57371000.0,64084500.0,6713500.0,121000000.0
sz002534,西子洁能,15.7,0.00%,1.10%,51259900.0,76718200.0,25458400.0,128000000.0
sz002523,天桥起重,2.9,0.00%,1.66%,35324100.0,32370000.0,2954100.0000000005,67694100.0
sz002498,汉缆股份,3.95,0.00%,0.41%,30137600.000000004,23785400.0,6352200.0,53923000.0
sz002484,江海股份,20.12,0.00%,0.75%,66438200.0,53601000.0,12837200.0,120000000.0
sz002391,长青股份,7.05,0.00%,0.70%,13397700.0,9726400.0,3671300.0,23124200.0
sz002125,湘潭电化,12.94,0.00%,2.86%,117000000.0,115999999.99999999,680200.0,233000000.0
sz002114,罗平锌电,7.71,0.00%,12.27%,148000000.0,158000000.0,10241400.000000002,306000000.0
sz002054,德美化工,7.17,0.00%,0.36%,5618900.0,4383800.0,1235000.0,10002700.0
sz000990,诚志股份,7.76,0.00%,0.34%,14828300.0,16889500.0,2061200.0,31717700.0
sz301319,唯特偶,59.28,0.00%,5.09%,20562800.000000004,23877199.999999996,3314400.0,44588300.0
sz000792,盐湖股份,19.13,0.00%,0.40%,233000000.0,179000000.0,53953800.0,412000000.0
sz000725,京东方A,4.26,0.00%,0.99%,939000000.0,653000000.0,286000000.0,1591000000.0
sz000720,新能泰山,4.81,0.00%,0.34%,10452100.0,9901900.0,550200.0,20354000.0
sz000559,万向钱潮,5.64,0.00%,0.71%,59467500.0,51410000.0,8057500.0,111000000.00000001
sz000552,甘肃能化,3.3,0.00%,0.61%,25281700.0,24769300.0,512299.99999999994,50051000.0
sz000533,顺钠股份,4.3,0.00%,1.35%,19158900.0,20640800.0,1481800.0,39799700.0
sz000400,许继电气,23.15,0.00%,1.44%,190000000.0,149000000.0,40590800.0,339000000.0
sh603345,安井食品,148.2,-0.01%,0.62%,145000000.0,119000000.0,26123700.0,268000000.00000003
sh688786,悦安新材,47.31,-0.02%,1.76%,22670700.0,21251700.0,1419000.0,43991400.0
sh603899,晨光股份,42.3,-0.02%,0.20%,34755800.0,42194500.0,7438600.0,78096700.0
sh688663,新风光,35.33,-0.03%,3.03%,50394700.0,42302100.0,8092500.0,92929900.0
sz300919,中伟股份,59.31,-0.03%,0.65%,51880300.0,58101000.0,6220700.000000001,110000000.00000001
sh603868,飞科电器,68.68,-0.03%,0.42%,70356000.0,53460100.0,16896000.0,125000000.0
sz002880,卫光生物,35.9,-0.03%,0.84%,32679300.0,37618300.0,4939000.0,70297600.0
sz301429,森泰股份,22.28,-0.04%,4.53%,14766500.0,13650100.0,1116400.0,28427700.0
sh688501,青达环保,22.72,-0.04%,2.62%,23085700.0,24811400.0,1725700.0,47897000.0
sh605507,国邦医药,21.31,-0.05%,0.28%,8511800.0,9324800.0,813000.0,17841000.0
sh603212,赛伍技术,19.74,-0.05%,2.50%,106000000.0,105000000.0,1448700.0,216000000.0
sh600071,凤凰光学,21.5,-0.05%,1.40%,33505700.0,50528300.0,17022600.0,84678900.0
sh603151,邦基科技,16.67,-0.06%,1.20%,3827400.0,4376600.0,549200.0,8445700.0
sh605336,帅丰电器,17.14,-0.06%,2.11%,11581199.999999998,9566000.0,2015300.0,21376900.0
sh688196,卓越新能,46.88,-0.06%,0.21%,5372300.0,6469900.0,1097700.0,11842200.0
sh603517,绝味食品,34.08,-0.06%,1.13%,147000000.0,95977300.0,50969200.0,245000000.00000003
sh601699,潞安环能,16.99,-0.06%,0.29%,69603600.0,75539800.0,5936300.0,147000000.0
sh600885,宏发股份,33.29,-0.06%,0.37%,71501200.0,55030400.0,16470800.0,128000000.0
sh600422,昆药集团,17.75,-0.06%,1.48%,95982400.0,104000000.0,7783700.0,200000000.0
sh688129,东来技术,14.5,-0.07%,0.62%,2156500.0,1561200.0,595300.0,3756800.0
sz003037,三和管桩,12.71,-0.08%,6.76%,37721800.0,40806200.0,3084400.0,78527800.0
sz301061,匠心家居,38.9,-0.08%,1.49%,9523600.0,9044900.0,478600.0,18572400.0
sz300695,兆丰股份,48.55,-0.08%,0.75%,11895400.0,14284200.0,2388800.0,26194100.0
sh600620,天宸股份,12.5,-0.08%,0.36%,19210100.0,11299700.0,7910300.0,31178600.0
sz300409,道氏技术,12.81,-0.08%,0.87%,28054600.0,25205900.0,2848700.0,53260500.0
sz002645,华宏科技,12.28,-0.08%,0.84%,28266100.0,23525800.0,4740200.0,51792000.0
sz000807,云铝股份,12.46,-0.08%,0.75%,140000000.0,188000000.0,48182200.0,328000000.0
sh688363,华熙生物,92.07,-0.09%,0.53%,47186100.0,49862800.0,2676700.0,97049000.0
sh603298,杭叉集团,23.25,-0.09%,0.27%,31005600.0,26609899.999999996,4395700.0,58612900.0
sh600506,统一股份,10.76,-0.09%,0.68%,4966200.0,5487700.0,521500.0,10756199.999999998
sz300735,光弘科技,11.09,-0.09%,1.13%,46458400.0,47907600.0,1449199.9999999998,94376100.0
sz002237,恒邦股份,11.22,-0.09%,1.10%,58805500.0,54788800.0,4016700.0,113999999.99999999
sz301219,腾远钴业,38.87,-0.10%,1.00%,35588600.0,29455600.0,6132900.0,65075300.0
sz301331,恩威医药,38.15,-0.10%,6.70%,19491300.0,25886100.0,6394800.0,45381200.0
sh688578,艾力斯,28.94,-0.10%,1.08%,33010000.0,32085000.0,925000.0,65095000.0
sh600007,中国国贸,19.03,-0.10%,0.10%,10086100.0,8937600.0,1148500.0,19029300.0
sh603983,丸美股份,28.95,-0.10%,0.38%,21991800.0,21383400.0,608300.0,43881800.0
sh603187,海容冷链,20.3,-0.10%,1.15%,50631000.0,38455500.0,12175500.0,89711700.0
sh603053,成都燃气,9.94,-0.10%,0.22%,9096100.0,9602400.0,506300.0,18979800.0
sh600741,华域汽车,19.07,-0.10%,0.29%,87127700.0,84561100.0,2566600.0000000005,174000000.0
sh600549,厦门钨业,19.15,-0.10%,0.68%,86135500.0,95746700.0,9611200.0,184000000.0
sz002163,海南发展,10.01,-0.10%,0.44%,17001100.0,18049500.0,1048400.0,35050600.0
sz001286,陕西能源,10.46,-0.10%,5.25%,183000000.0,217000000.0,33693300.0,399000000.0
sh688328,深科达,28.07,-0.11%,9.38%,57452600.0,71780200.0,14327600.0,129000000.0
sh600956,新天绿能,8.92,-0.11%,0.13%,11490900.0,13180400.0,1689500.0,25094500.0
sh605366,宏柏新材,9.26,-0.11%,1.12%,17055100.0,13647900.0,3407300.0,30803900.0
sh603903,中持股份,8.99,-0.11%,0.60%,5618900.0,5009000.0,609900.0,11030500.0
sh603658,安图生物,54.36,-0.11%,0.33%,55042000.0,48186100.0,6856000.0,105000000.0
sh603363,傲农生物,9.35,-0.11%,1.58%,53013600.0,55334200.0,2320600.0,109000000.00000001
sz002088,鲁阳节能,17.77,-0.11%,0.26%,11691900.0,9266700.0,2425200.0,20958600.0
sh603655,朗博科技,24.93,-0.12%,0.86%,10710600.0,12309700.0,1599100.0,23132399.999999996
sh603168,莎普爱思,8.3,-0.12%,1.72%,19639700.0,26356800.0,6717100.0,46222400.0
sh603113,金能科技,8.15,-0.12%,0.36%,13186600.0,11965400.0,1221100.0,25440500.0
sh601009,南京银行,8.0,-0.12%,0.10%,35780200.0,40399100.0,4619000.0,77287400.0
sh600971,恒源煤电,8.15,-0.12%,0.81%,34751800.0,43536400.0,8784700.0,78875000.0
sh600888,新疆众和,8.15,-0.12%,0.58%,32073200.0,30651700.0,1421500.0,63377700.00000001
sh600299,安迪苏,8.11,-0.12%,0.08%,7283000.0,9512600.0,2229600.0,16799600.0
sh600123,兰花科创,8.47,-0.12%,0.42%,27302300.0,25294000.0,2008300.0000000002,52598900.0
sz002909,集泰股份,8.0,-0.12%,1.76%,25623400.0,25216800.0,406599.99999999994,50840200.00000001
sz002768,国恩股份,24.43,-0.12%,1.03%,21163800.0,23199400.0,2035600.0,44363100.00000001
sz002364,中恒电气,8.33,-0.12%,1.93%,45269300.0,39579100.0,5690300.0,84848400.0
sz001226,拓山重工,30.56,-0.13%,9.91%,29891200.0,26623200.0,3268000.0,56514500.0
sh688581,安杰思,125.0,-0.13%,2.96%,26338000.0,21782300.0,4555600.0,48412500.0
sz000429,粤高速A,7.69,-0.13%,0.40%,14407400.0,25663200.0,11255900.0,40070600.0
sz002789,建艺集团,15.01,-0.13%,0.83%,7176200.0,8981600.0,1805400.0,16157700.0
sh688220,翱捷科技,77.5,-0.13%,0.68%,71686700.0,47424700.0,24262000.0,119000000.0
sz002998,优彩资源,7.56,-0.13%,5.14%,30104100.0,28829100.0,1275100.0,59296800.0
sz300799,*ST左江,292.28,-0.13%,0.22%,21665800.0,22460600.0,794800.0,44155600.00000001
sh600461,洪城环境,7.94,-0.13%,0.33%,12433400.0,13464900.0,1031500.0,26372399.999999996
sz002608,江苏国信,7.59,-0.13%,0.27%,34442500.0,42560300.0,8117800.0,77002800.0
sz002541,鸿路钢构,30.2,-0.13%,0.32%,27415700.0,20181900.0,7233800.0,47597500.0
sz002416,爱施德,7.52,-0.13%,0.37%,16499400.0,17385700.0,886300.0,33885100.0
sz002091,江苏国泰,7.72,-0.13%,0.32%,21065100.000000004,17907400.0,3157700.0,38972500.0
sz000930,中粮科技,7.46,-0.13%,0.29%,22303200.0,18345300.0,3957900.0,40648500.0
sz000789,万年青,7.86,-0.13%,0.27%,8836700.0,7769800.0,1066900.0,16606400.000000002
sz300798,锦鸡股份,6.9,-0.14%,0.50%,4356600.0,6628000.0,2271400.0,10985300.0
sh603806,福斯特,35.34,-0.14%,0.78%,261000000.0,250999999.99999997,10157500.0,513999999.99999994
sh605196,华通线缆,7.17,-0.14%,1.31%,16045800.0,13993699.999999998,2052200.0,30473900.0
sh600894,广日股份,7.39,-0.14%,0.68%,23558700.0,19794400.0,3764300.0,43488300.0
sh600523,贵航股份,14.44,-0.14%,1.10%,30456100.0,33384000.0,2927900.0,64553400.0
sh600418,江淮汽车,13.93,-0.14%,6.67%,1052000000.0,1010000000.0,42057000.0,2062000000.0
sh600395,盘江股份,7.11,-0.14%,0.25%,18593900.0,19009500.0,415700.0,37607000.0
sh600025,华能水电,6.98,-0.14%,0.07%,34531600.0,46504700.0,11973100.0,81050300.0
sz300715,凯伦股份,14.03,-0.14%,0.31%,6096000.0,5936000.0,160000.0,12033500.0
sz000593,德龙汇能,6.93,-0.14%,1.14%,13500800.0,14926199.999999998,1425400.0,28426900.0
sz300876,蒙泰高新,25.95,-0.15%,1.15%,4180500.0,4259800.0,79300.0,8445500.0
sz002128,电投能源,13.46,-0.15%,0.28%,40409600.0,31865400.0,8544200.0,72275100.0
sh601698,中国卫通,19.78,-0.15%,0.97%,394000000.0,409999999.99999994,15897600.0,815000000.0
sz300772,运达股份,13.17,-0.15%,0.87%,40240500.0,38813200.0,1427400.0,79057700.0
sz300507,苏奥传感,6.61,-0.15%,10.44%,170000000.0,161000000.0,9370800.0,334000000.0
sz300464,星徽股份,6.62,-0.15%,2.18%,20360500.0,24416600.0,4056100.0,45382700.00000001
sz300316,晶盛机电,67.7,-0.15%,0.24%,106000000.0,96418000.0,9288600.0,204000000.0
sz002385,大北农,6.81,-0.15%,0.74%,80973300.0,87118100.0,6144800.0,168000000.0
sz000923,河钢资源,13.7,-0.15%,0.52%,25796800.0,18602700.0,7194100.0,44399399.99999999
sz003037,三和管桩,12.7,-0.16%,6.65%,36400500.0,39097400.0,2696900.0,77282300.0
sh600858,银座股份,6.12,-0.16%,0.88%,12503100.0,15158100.0,2654900.0,28041200.0
sz002588,史丹利,6.26,-0.16%,1.45%,35181700.0,30730500.0,4451200.0,65912200.0
sh603817,海峡环保,6.22,-0.16%,0.51%,8331000.0,7741700.0,589300.0,16305300.0
sz300748,金力永磁,19.26,-0.16%,4.00%,420000000.0,457000000.0,37666600.0,877000000.0
sz300228,富瑞特装,6.34,-0.16%,3.32%,57423100.00000001,57026700.0,396300.0,115999999.99999999
sz001259,利仁科技,29.2,-0.17%,3.10%,9810500.0,7033900.0,2776700.0,16844400.0
sh688520,神州细胞,59.5,-0.17%,0.41%,14140900.0,10409000.0,3731900.0,24561900.0
sh600207,安彩高科,6.0,-0.17%,0.42%,10902500.0,11121700.0,219300.0,22032000.0
sh603727,博迈科,11.88,-0.17%,0.72%,12717800.0,11252200.0,1465500.0,24091200.0
sh601600,中国铝业,5.74,-0.17%,1.26%,454000000.0,465000000.00000006,10555100.0,946000000.0000001
sh600292,远达环保,5.89,-0.17%,0.44%,9573800.0,10702200.0,1128400.0,20278300.0
sz002206,海利得,5.44,-0.18%,0.64%,16156600.0,16016000.0,140700.0,32172600.000000004
sz300927,江天化学,16.57,-0.18%,0.92%,6270599.999999999,6806400.0,535800.0,13082000.0
sh603993,洛阳钼业,5.52,-0.18%,0.49%,279000000.0,202999999.99999997,75952500.0,484999999.99999994
sh603896,寿仙谷,39.05,-0.18%,0.91%,32118000.0,39063800.0,6945700.000000001,71931500.0
sh603043,广州酒家,28.26,-0.18%,0.15%,11529700.0,13130500.0,1600800.0000000002,25005000.0
sh600869,远东股份,5.55,-0.18%,0.48%,34899000.0,24213200.0,10685800.0,59513400.0
sh600497,驰宏锌锗,5.54,-0.18%,4.85%,698000000.0,661000000.0,36690000.0,1372000000.0
sh600232,金鹰股份,5.57,-0.18%,0.58%,6566400.0,5169600.0,1396800.0,11739800.0
sz002573,清新环境,5.49,-0.18%,0.36%,11432000.0,9892100.0,1539900.0,21324100.0
sz002575,群兴玩具,5.29,-0.19%,0.49%,7379600.0,8093700.0,714100.0,15473300.0
sh688733,壹石通,30.99,-0.19%,0.84%,19404600.0,16041800.0,3362900.0,35483600.0
sh688021,奥福环保,26.56,-0.19%,1.16%,11895600.0,12322000.0,426400.0,24233400.0
sh688122,西部超导,53.5,-0.19%,0.48%,85174300.0,83434700.0,1739600.0,169000000.0
sh600740,山西焦化,5.16,-0.19%,0.24%,14019400.0,17129200.0,3109800.0,32079000.0
sh600015,华夏银行,5.39,-0.19%,0.10%,29979600.0,37384200.0,7404700.0,67367100.0
sz300575,中旗股份,10.42,-0.19%,0.59%,12049900.0,8827600.0,3222300.0,21364400.0
sz002793,罗欣药业,5.31,-0.19%,0.46%,12881700.0,13268800.000000002,387100.0,26150500.0
sz002226,江南化工,5.15,-0.19%,0.32%,13989500.0,15581400.000000002,1592000.0,29570900.0
sz000538,云南白药,53.44,-0.19%,0.22%,122000000.0,84676500.0,37043200.0,206000000.0
sh600905,三峡能源,5.36,-0.19%,0.33%,105000000.0,129000000.0,23876300.0,239000000.0
sh603182,嘉华股份,15.27,-0.20%,1.67%,4543200.0,5624500.0,1081300.0,10528100.0
sh601528,瑞丰银行,5.02,-0.20%,0.93%,18323400.0,18235100.0,88400.0,36924000.0
sz003022,联泓新科,24.75,-0.20%,1.99%,77759000.0,72414200.0,5344700.0,152000000.0
sz300626,华瑞股份,9.78,-0.20%,2.35%,20017500.0,21017600.000000004,1000100.0,41039000.0
sh601187,厦门银行,5.07,-0.20%,0.80%,23482300.0,25056500.0,1574199.9999999998,48814000.0
sh603353,和顺石油,20.18,-0.20%,0.71%,12504800.0,12432800.0,72000.0,25123300.0
sz300481,濮阳惠成,20.33,-0.20%,0.99%,26573800.0,32052600.000000004,5478800.0,59179500.0
sz000403,派林生物,19.99,-0.20%,0.24%,15172600.0,14855000.0,317600.0,30027600.000000004
sz003008,开普检测,29.13,-0.21%,4.57%,24533400.0,21336400.0,3197000.0,46891200.0
sz301379,天山电子,28.4,-0.21%,11.22%,41611100.0,40127600.0,1483500.0,81778400.0
sz002984,森麒麟,32.85,-0.21%,2.70%,129000000.0,130000000.0,691200.0,262000000.0
sh605166,聚合顺,9.52,-0.21%,0.51%,5707000.0,9505300.0,3798300.0,15277000.0
sh600889,南京化纤,4.79,-0.21%,0.50%,4690300.0,3941700.0,748600.0,8838600.0
sh601678,滨化股份,4.67,-0.21%,0.40%,20702800.000000004,17485100.0,3217700.0,38753000.0
sh600429,三元股份,4.83,-0.21%,0.29%,9651100.0,11514400.0,1863400.0,21166000.0
sz300415,伊之密,18.99,-0.21%,1.83%,67481400.0,80920400.0,13439000.0,150000000.0
sz002664,信质集团,14.27,-0.21%,0.95%,28926100.0,25787500.0,3138700.0,54713600.0
sz000666,经纬纺机,9.64,-0.21%,1.63%,23903500.0,22334500.0,1569000.0,46238000.0
sz002900,哈三联,13.61,-0.22%,1.35%,16419700.0,14166300.000000002,2253400.0,30586000.0
sz301395,仁信新材,22.87,-0.22%,8.47%,29277300.0,37367200.0,8089900.0,66646800.0
sh688114,华大智造,90.7,-0.22%,0.75%,9942300.0,12893000.0,2950800.0,22835300.000000004
sz002646,天佑德酒,13.6,-0.22%,0.40%,13328000.0,12144700.0,1183300.0,25472700.0
sz002497,雅化集团,17.95,-0.22%,1.03%,105000000.0,92682300.0,11920400.0,197000000.0
sz002434,万里扬,8.95,-0.22%,1.34%,72226900.0,86650000.0,14423100.0,159000000.0
sz002109,兴化股份,4.57,-0.22%,0.16%,3647500.0,4076700.0,429200.0,7724200.0
sz002048,宁波华翔,13.72,-0.22%,1.49%,54621300.0,52753600.0,1867700.0,107000000.0
sz000973,佛塑科技,4.55,-0.22%,0.81%,16786900.0,18892500.0,2105600.0,35679400.0
sz002286,保龄宝,8.73,-0.23%,3.04%,46721700.0,52398500.0,5676700.0,99120300.0
sh601677,明泰铝业,13.27,-0.23%,1.50%,92233700.00000001,99122800.0,6889100.0,193000000.0
sh601918,新集能源,4.37,-0.23%,0.54%,30962900.0,28698500.0,2264400.0,61256600.0
sh600805,悦达投资,4.39,-0.23%,0.59%,10247800.0,11351400.000000002,1103700.0,22104200.0
sh600215,派斯林,8.5,-0.23%,2.97%,59687100.0,58573300.0,1113800.0,118000000.0
sz300142,沃森生物,26.33,-0.23%,0.86%,182000000.0,173000000.0,8708200.0,359000000.0
sz002839,张家港行,4.27,-0.23%,0.41%,20441400.0,16009400.0,4431900.0,36450800.0
sz002570,贝因美,4.31,-0.23%,1.65%,27005300.000000004,49183300.0,22178000.0,76188500.0
sz000848,承德露露,8.79,-0.23%,0.51%,21900900.0,24941800.0,3040899.9999999995,46842800.0
sh603190,亚通精工,33.87,-0.24%,30.49%,146000000.0,161000000.0,15242600.0,310000000.0
sz301069,凯盛新材,24.79,-0.24%,1.40%,26765700.0,22232600.000000004,4533000.0,49000700.0
sz002533,金杯电工,8.25,-0.24%,1.30%,32330600.0,35385800.0,3055200.0,67716400.0
sh603855,华荣股份,25.1,-0.24%,0.20%,8801700.0,8180900.0,620800.0,17073000.0
sh601615,明阳智能,16.79,-0.24%,0.88%,145000000.0,163000000.0,17862200.0,313000000.0
sh600645,中源协和,16.88,-0.24%,0.84%,36674100.0,29529100.0,7145100.0,66603300.0
sh600281,华阳新材,4.19,-0.24%,0.51%,5180500.0,5787900.0,607400.0,10971000.0
sz300683,海特生物,40.85,-0.24%,1.09%,25961500.0,24777900.0,1183600.0,50755800.0
sz002601,龙佰集团,16.78,-0.24%,0.57%,68828200.0,74475800.0,5647600.0,143000000.0
sz002169,智光电气,8.29,-0.24%,1.33%,43603300.0,41327500.0,2275800.0,84930800.0
sz002100,天康生物,8.26,-0.24%,0.93%,49329900.0,55170200.00000001,5840300.0,105000000.0
sz000785,居然之家,4.13,-0.24%,0.46%,59680200.00000001,59111500.0,568700.0,119000000.0
sz000698,沈阳化工,4.18,-0.24%,0.74%,12153500.0,12454500.0,301000.0,24608000.0
sz000100,TCL科技,4.19,-0.24%,1.30%,551000000.0,443000000.0,108000000.0,993000000.0
sz000430,张家界,7.96,-0.25%,1.34%,15476900.0,20034700.0,4557800.0,35511500.0
sz000009,中国宝安,11.8,-0.25%,0.39%,56451000.0,61879500.0,5428600.0,118000000.0
sh603016,新宏泰,23.51,-0.25%,0.72%,11093200.0,11130300.0,37100.0,24960100.000000004
sh600682,南京新百,7.85,-0.25%,0.31%,13422700.0,14085200.0,662500.0,28150800.0
sz300190,维尔利,4.03,-0.25%,0.45%,5999400.000000001,7951200.0,1951800.0,14206700.0
sz002034,旺能环境,15.88,-0.25%,0.28%,8616000.0,10450400.0,1834400.0,19066400.0
sz000890,法尔胜,4.06,-0.25%,1.24%,10617500.0,10646099.999999998,28600.0,21280700.0
sz002969,嘉美包装,4.0,-0.25%,0.79%,7857900.0,8784500.0,926600.0,16642400.0
sz300092,科新机电,15.07,-0.26%,1.13%,13034300.0,15291500.0,2257200.0,28686000.0
sz301182,凯旺科技,23.04,-0.26%,2.33%,9169900.0,10324700.0,1154800.0,19517700.0
sz300933,中辰股份,7.81,-0.26%,1.63%,14908200.0,15016099.999999998,108000.0,29925900.0
sh605006,山东玻纤,7.67,-0.26%,0.34%,3717100.0,3565400.0,151600.0,7497300.0
sh603786,科博达,76.0,-0.26%,1.35%,219000000.0,192000000.0,26981800.0,415000000.00000006
sh603195,公牛集团,95.45,-0.26%,0.07%,28887900.0,28102000.0,785900.0,57534100.0
sh605377,华旺科技,19.13,-0.26%,1.40%,21826600.0,22946600.0,1120000.0,45452299.99999999
sz300888,稳健医疗,41.84,-0.26%,0.45%,20255900.0,15083300.0,5172600.0,35343300.0
sh603028,赛福天,11.69,-0.26%,0.46%,6926700.0,7803800.0,877099.9999999999,15409700.0
sh603799,华友钴业,45.87,-0.26%,1.12%,467000000.0,401000000.0,66874600.0,876000000.0
sh603351,威尔药业,27.2,-0.26%,0.36%,7039400.000000001,5588900.0,1450500.0,12971000.0
sh603278,大业股份,11.41,-0.26%,0.72%,12659800.0,10843599.999999998,1816300.0,23760100.000000004
sh603158,腾龙股份,7.82,-0.26%,1.74%,34608900.0,31954000.0,2654800.0,67144800.0
sh600016,民生银行,3.77,-0.26%,0.11%,68318200.0,81869600.0,13551400.000000002,150000000.0
sz300755,华致酒行,22.86,-0.26%,0.37%,15688800.000000002,19698300.0,4009500.0,35387200.0
sz300415,伊之密,18.98,-0.26%,1.85%,68428700.0,82714200.0,14285500.0,151000000.0
sz000876,新希望,11.73,-0.26%,0.23%,65910200.00000001,56154900.0,9755300.0,122000000.0
sz300305,裕兴股份,10.92,-0.27%,0.92%,11042600.0,12350200.0,1307600.0,23392800.000000004
sh688331,荣昌生物,65.72,-0.27%,0.77%,44841100.0,36722900.0,8118200.000000001,81595600.0
sh601077,渝农商行,3.63,-0.27%,0.26%,38707600.0,43966300.0,5258700.0,84914300.0
sh601011,宝泰隆,3.64,-0.27%,0.44%,11803800.000000002,17809100.0,6005300.0,30384899.999999996
sh600795,国电电力,3.75,-0.27%,0.28%,78612700.0,106000000.0,26945300.000000004,186000000.0
sh600521,华海药业,18.37,-0.27%,0.31%,33281800.0,47676600.0,14394700.0,82896500.0
sh600000,浦发银行,7.26,-0.27%,0.05%,51728900.0,48318700.0,3410200.0,100000000.0
sz300387,富邦股份,7.34,-0.27%,1.27%,13836199.999999998,13194400.0,641800.0000000001,27030600.0
sz000423,东阿阿胶,51.79,-0.27%,0.48%,85315700.0,76096200.0,9219500.0,161000000.0
sz301290,东星医疗,31.91,-0.28%,1.56%,4544100.0,7365800.0,2821700.0,11919400.0
sz301158,德石股份,17.58,-0.28%,2.64%,18597500.0,17728700.0,868800.0,36335000.0
sz300171,东富龙,21.29,-0.28%,0.47%,19752200.0,24249400.0,4497100.0,44001600.0
sz002259,ST升达,3.5,-0.28%,0.11%,712099.9999999999,2154100.0,1441900.0,2866200.0
sh605337,李子园,18.06,-0.28%,0.99%,12022600.0,15235500.0,3213000.0,27728300.0
sz300997,欢乐家,14.28,-0.28%,1.67%,9738200.0,11863200.0,2125000.0,21602800.000000004
sh603968,醋化股份,18.05,-0.28%,0.52%,10501099.999999998,8472000.0,2029100.0,19104800.0
sh603365,水星家纺,14.26,-0.28%,0.39%,7417100.0,7366100.0,51000.0,14868699.999999998
sh600928,西安银行,3.55,-0.28%,0.58%,36974600.0,32987100.0,3987500.0,70286900.0
sh600647,*ST同达,14.14,-0.28%,0.62%,2746700.0,9167700.0,6421000.0,12304600.0
sh600379,宝光股份,10.58,-0.28%,3.28%,63587700.00000001,51905800.0,11682000.0,114999999.99999999
sz000591,太阳能,6.81,-0.29%,0.80%,102000000.0,93326200.00000001,9026100.0,196000000.0
sz002686,亿利达,6.89,-0.29%,1.44%,18834500.0,20259900.0,1425400.0,39095100.0
sh688069,德林海,20.49,-0.29%,0.28%,2097500.0,2000400.0,97100.00000000001,4137200.0000000005
sz301003,江苏博云,24.04,-0.29%,0.80%,7466600.0,5729000.0,1737600.0,13212500.0
sh688667,菱电电控,84.75,-0.29%,7.02%,52659600.0,68260800.0,15601300.000000002,121000000.0
sh601686,友发集团,6.81,-0.29%,0.56%,10040000.0,11251300.000000002,1211300.0,21439699.999999996
sz300798,锦鸡股份,6.89,-0.29%,0.50%,4374500.0,6696200.0,2321700.0,11070700.0
sh600821,金开新能,6.85,-0.29%,0.90%,52504000.0,53693000.0,1189000.0,107000000.0
sh600760,中航沈飞,45.31,-0.29%,0.34%,190000000.0,223000000.0,32931000.0,417000000.0
sh600746,江苏索普,6.76,-0.29%,0.15%,6563700.0,5204900.0,1358800.0,11917400.0
sz300481,濮阳惠成,20.31,-0.29%,1.01%,27136500.0,33326700.0,6190200.0,60463100.00000001
sz300105,龙源技术,6.86,-0.29%,1.64%,32062100.0,26172100.0,5890000.0,58234100.0
sz002172,澳洋健康,3.49,-0.29%,0.70%,9376600.0,9440500.0,63800.0,18817100.0
sz002337,赛象科技,6.62,-0.30%,11.38%,195000000.0,246000000.0,51408400.0,441000000.0
sz001209,洪兴股份,16.53,-0.30%,4.53%,13500500.0,16836400.0,3335899.9999999995,30336800.0
sz002816,*ST和科,9.87,-0.30%,0.44%,1851600.0,2482600.0,631000.0,4334200.0
sh601609,金田股份,6.66,-0.30%,0.28%,13688800.000000002,13842800.0,154000.0,27684100.0
sh688597,煜邦电力,10.1,-0.30%,2.04%,19124300.0,18492200.0,632100.0,37616500.0
sh688088,虹软科技,40.4,-0.30%,2.15%,171000000.0,190000000.0,18903500.0,361000000.0
sh603982,泉峰汽车,16.82,-0.30%,5.96%,117000000.0,129000000.0,11370800.0,248000000.0
sh603897,长城科技,19.71,-0.30%,0.96%,18585000.0,20637800.000000004,2052800.0,39481000.0
sh603826,坤彩科技,49.09,-0.30%,0.12%,14733300.0,13415100.0,1318200.0,28388900.0
sh603617,君禾股份,10.0,-0.30%,0.79%,16023200.0,14347700.0,1675500.0,31238400.0
sh601225,陕西煤业,16.81,-0.30%,0.45%,331000000.0,387000000.0,55535300.0,730000000.0
sh600754,锦江酒店,46.08,-0.30%,0.62%,137000000.0,121000000.0,16240700.0,259000000.0
sh600600,青岛啤酒,101.69,-0.30%,0.30%,94213000.0,114999999.99999999,20947100.0,212000000.0
sz002187,广百股份,6.72,-0.30%,1.11%,21009899.999999996,17948000.0,3061900.0,38957800.0
sz300859,*ST西域,26.04,-0.31%,2.68%,25389300.0,41691899.99999999,16302600.0,67081300.0
sh603819,神力股份,16.13,-0.31%,0.42%,6353900.0,8393100.0,2039199.9999999998,14832500.0
sh603600,永艺股份,9.68,-0.31%,0.42%,6497700.0,5469299.999999999,1028400.0,12498500.0
sh601933,永辉超市,3.18,-0.31%,0.24%,32292199.999999996,37284000.0,4991800.0,70638900.0
sh600318,新力金融,6.38,-0.31%,1.93%,24232100.0,39587800.0,15355700.0,63823200.0
sh600011,华能国际,9.5,-0.31%,0.32%,149000000.0,190000000.0,40458400.0,339000000.0
sz300756,金马游乐,19.38,-0.31%,4.44%,31204200.0,47926400.0,16722100.0,79130500.0
sz300266,兴源环境,3.21,-0.31%,0.42%,7761600.0,13344100.0,5582500.0,21105600.0
sz300228,富瑞特装,6.33,-0.31%,3.35%,58352200.0,57889000.0,463100.0,115999999.99999999
sz300176,派生科技,6.4,-0.31%,0.93%,12348500.0,11015900.0,1332500.0,23364400.0
sz002418,康盛股份,3.2,-0.31%,3.25%,64833800.0,54688100.00000001,10145700.0,120000000.0
sz000517,荣安地产,3.18,-0.31%,0.59%,20939400.0,25559600.0,4620200.0,46499100.0
sz002102,冠福股份,3.15,-0.32%,0.46%,16933000.0,18084100.0,1151100.0,35017100.0
sz301077,星华新材,21.56,-0.32%,0.93%,4427200.0,4157600.0,269600.0,8593500.0
sh688272,*ST富吉,18.49,-0.32%,0.59%,1039000.0,1550600.0,511599.99999999994,2641600.0000000005
sz301119,正强股份,27.81,-0.32%,13.79%,50731100.0,54951000.0,4219900.0,106000000.0
sh601399,国机重装,3.08,-0.32%,0.31%,30752300.0,37135600.0,6383400.0,68780800.0
sz300856,科思股份,80.5,-0.32%,1.47%,37933000.0,31452600.000000004,6480400.0,69385700.0
sh601088,中国神华,28.42,-0.32%,0.08%,182000000.0,182000000.0,282700.0,368000000.0
sh600352,浙江龙盛,9.21,-0.32%,0.21%,27367399.999999996,34538800.0,7171400.0,61907000.0
sz002948,青岛银行,3.15,-0.32%,0.25%,12861800.0,11799900.0,1061900.0,24661700.0
sz002691,冀凯股份,6.15,-0.32%,0.52%,4929600.0,5905900.0,976300.0,10835500.0
sz002216,三全食品,15.78,-0.32%,0.33%,18702700.0,13892000.0,4810700.0,32594800.0
sz000975,银泰黄金,12.64,-0.32%,0.96%,153000000.0,145000000.0,7974400.000000001,299000000.0
sz000012,南玻A,6.02,-0.33%,0.56%,27406400.0,38131900.0,10725400.0,65538300.0
sh605122,四方新材,15.2,-0.33%,0.83%,4296300.0,3047700.0,1248600.0,7445800.0
sh603315,福鞍股份,12.13,-0.33%,1.14%,21506600.0,21314100.0,192500.0,42913000.0
sz300119,瑞普生物,18.24,-0.33%,0.62%,18819200.0,18867900.0,48700.0,37687100.0
sz003816,中国广核,3.06,-0.33%,0.16%,97163100.0,91854599.99999999,5308500.0,189000000.0
sz002698,博实股份,18.4,-0.33%,1.21%,105000000.0,83493400.0,21080000.0,188000000.0
sz000630,铜陵有色,3.02,-0.33%,0.72%,124000000.0,107000000.0,16761700.0,229999999.99999997
sh600925,苏能股份,5.92,-0.34%,1.54%,13253300.0,48748800.0,35495500.0,62874700.0
sh601133,柏诚股份,14.64,-0.34%,5.80%,48265800.0,58777000.0,10511300.000000002,108000000.0
sh605222,起帆电缆,20.6,-0.34%,1.19%,12934900.0,12831400.000000002,103600.0,26365800.0
sh605088,冠盛股份,17.75,-0.34%,4.57%,32933900.0,30866000.0,2067900.0,64307600.0
sh601808,中海油服,14.71,-0.34%,0.15%,34116500.0,33039100.0,1077400.0,67495200.0
sh600903,贵州燃气,8.68,-0.34%,0.64%,25437100.0,35326600.0,9889500.0,63321600.0
sh600191,华资实业,5.93,-0.34%,0.78%,9923200.0,12300700.0,2377500.0,22419000.0
sz300401,花园生物,11.74,-0.34%,0.48%,15652100.0,14811400.000000002,840699.9999999999,30463500.0
sz000631,顺发恒业,2.88,-0.35%,0.21%,8353600.0,6749100.0,1604500.0,15102700.0
sz001267,汇绿生态,5.66,-0.35%,1.19%,11094000.0,13387000.0,2292900.0,24481000.0
sz300980,祥源新材,20.11,-0.35%,4.44%,25373100.0,20569699.999999996,4803500.0,45948900.0
sz002154,报喜鸟,5.7,-0.35%,1.59%,47524900.0,51445000.0,3920100.0,98969900.0
sh605296,神农集团,22.75,-0.35%,1.30%,10434800.0,9134900.0,1299900.0,19699300.0
sh605389,长龄液压,28.7,-0.35%,7.31%,30742700.0,40187700.0,9445000.0,71722500.0
sh603810,丰山集团,14.1,-0.35%,0.59%,6957300.0,6336900.000000001,620400.0,13540900.0
sh603890,春秋电子,8.49,-0.35%,1.57%,30822199.999999996,27655300.000000004,3166800.0,58962299.99999999
sh600508,上海能源,14.2,-0.35%,0.52%,22772500.0,29527500.0,6755000.0,53152000.0
sz300755,华致酒行,22.84,-0.35%,0.37%,15490000.0,19565800.0,4075800.0,35074000.0
sz002716,金贵银业,2.84,-0.35%,0.72%,18930800.0,26015100.000000004,7084299.999999999,44945900.0
sz002471,中超控股,2.82,-0.35%,1.86%,32108200.0,34431400.0,2323200.0,66539600.0
sz000830,鲁西化工,11.29,-0.35%,1.00%,73710700.0,92518300.0,18807500.0,166000000.0
sz000554,泰山石油,5.77,-0.35%,1.51%,12918500.0,19000500.0,6082000.0,31919100.0
sh600844,丹化科技,2.78,-0.36%,0.49%,4936900.0,6200800.0,1263900.0,11247500.0
sh601179,中国西电,5.48,-0.36%,0.74%,99919800.0,108000000.0,7660000.0,211000000.0
sh603976,正川股份,19.26,-0.36%,0.27%,3650800.0,3820299.9999999995,169500.0,7706000.0
sh603758,秦安股份,10.94,-0.36%,0.79%,16164900.0,21880100.000000004,5715200.0,38342800.0
sh601168,西部矿业,11.15,-0.36%,0.98%,119000000.0,140000000.0,21150300.000000004,262000000.0
sh600845,宝信软件,52.21,-0.36%,0.42%,149000000.0,227999999.99999997,79044600.0,380000000.0
sh600163,中闽能源,5.56,-0.36%,0.65%,19028500.0,22351900.0,3323399.9999999995,41383700.0
sz300599,雄塑科技,8.34,-0.36%,0.86%,7576200.0,6885800.0,690400.0000000001,14886099.999999998
sz002182,云海金属,21.87,-0.36%,1.60%,97560200.0,99339700.0,1779500.0,197000000.0
sz003003,天元股份,10.76,-0.37%,1.54%,8646400.0,6464900.0,2181500.0,15202700.0
sz301113,雅艺科技,29.65,-0.37%,1.95%,4995300.0,5747400.0,752099.9999999999,10754600.0
sh603221,爱丽家居,8.13,-0.37%,0.52%,5308500.0,4570100.0,738400.0,10295700.0
sh600067,冠城大通,2.7,-0.37%,0.53%,7972600.0,11908900.000000002,3936300.0,19952000.0
sh600725,云维股份,2.69,-0.37%,0.26%,5032200.0,3675200.0,1357000.0,8787600.0
sz001216,华瓷股份,13.3,-0.37%,4.83%,19959400.0,21016000.0,1056600.0,40975300.0
sh603393,新天然气,26.6,-0.37%,0.57%,31716300.0,24538700.0,7177700.0,56983800.0
sh603226,菲林格尔,5.38,-0.37%,0.41%,3013300.0,4603900.0,1590600.0,7860900.0
sz000875,吉电股份,5.43,-0.37%,0.96%,59512299.99999999,67576000.0,8063700.0,127000000.0
sz300522,世名科技,13.26,-0.38%,1.41%,20473500.0,20151500.0,322000.0,40703200.0
sh601568,北元集团,5.21,-0.38%,0.30%,14245700.0,25202700.0,10957000.0,39876700.0
sh603889,新澳股份,7.92,-0.38%,0.54%,14144300.0,15532100.0,1387800.0,30633600.0
sh603063,禾望电气,31.35,-0.38%,1.17%,98757300.0,63353000.0,35404400.0,164000000.0
sz300066,三川智慧,5.18,-0.38%,0.92%,19310000.0,27128400.0,7818400.0,48017700.00000001
sz002550,千红制药,5.25,-0.38%,0.69%,17813400.0,15822400.0,1991000.0,33635700.0
sz001336,楚环科技,27.89,-0.39%,4.81%,14712500.0,12339800.0,2372700.0,27052199.999999996
sz301108,洁雅股份,35.88,-0.39%,0.64%,3164500.0,4978500.0,1814000.0,8146600.0
sh688097,博众精工,30.42,-0.39%,3.46%,43364000.0,54861700.0,11497700.0,98298000.0
sh605567,春雪食品,12.92,-0.39%,0.69%,4286800.0,6781300.0,2494500.0,11093900.000000002
sh603557,ST起步,2.54,-0.39%,1.22%,7890200.0,7433500.0,456599.99999999994,15441300.000000002
sh600808,马钢股份,2.57,-0.39%,0.19%,12229200.0,15309200.0,3080000.0,28811900.0
sz300082,奥克股份,7.76,-0.39%,0.37%,9931500.0,9355300.0,576100.0,19475700.0
sz002339,积成电子,7.62,-0.39%,3.47%,61063400.0,67184000.0,6120599.999999999,128000000.0
sz001230,劲旅环境,24.75,-0.40%,0.77%,1969700.0,3367000.0,1397300.0,5336700.0
sz000862,银星能源,7.56,-0.40%,1.47%,26899100.0,28997300.0,2098200.0,55896300.0
sz000989,九芝堂,12.3,-0.40%,1.60%,54238900.0,75953800.0,21715000.0,130000000.0
sh603612,索通发展,17.56,-0.40%,0.96%,37510900.0,35596200.0,1914700.0,73577700.0
sh603355,莱克电气,27.09,-0.40%,0.34%,25515100.000000004,26268800.0,753600.0,52509900.0
sh601866,中远海发,2.49,-0.40%,0.30%,33325300.000000004,27232300.0,6092900.0,61893500.0
sh601002,晋亿实业,4.99,-0.40%,1.32%,29524100.0,33591700.0,4067600.0,63598800.0
sh600361,创新新材,4.92,-0.40%,0.92%,11585800.0,9841200.0,1744600.0,21431000.0
sh600161,天坛生物,25.1,-0.40%,0.34%,60004500.0,79654700.0,19650200.0,140000000.0
sz002030,达安基因,9.89,-0.40%,0.38%,20628500.0,32731700.0,12103200.0,53360300.0
sz000831,中国稀土,32.26,-0.40%,3.16%,455999999.99999994,549000000.0,92907800.0,1005000000.0000001
sh603272,联翔股份,16.89,-0.41%,0.99%,4058700.0,2600299.9999999995,1458400.0,6675900.0
sh600051,宁波联合,7.33,-0.41%,0.94%,10724400.0,10596700.0,127700.0,21416500.0
sz002158,汉钟精机,24.33,-0.41%,0.61%,34271300.0,46532800.0,12261500.0,80804000.0
sz300562,乐心医疗,9.69,-0.41%,1.33%,8984200.0,10685600.0,1701399.9999999998,19916800.0
sh603937,丽岛新材,12.29,-0.41%,1.05%,14838699.999999998,11716900.0,3121700.0,27258600.0
sh603708,家家悦,12.14,-0.41%,0.60%,24173400.0,19836900.0,4336500.0,44262900.0
sh603696,安记食品,9.7,-0.41%,1.35%,16407800.0,14235200.0,2172500.0,30869899.999999996
sh601398,工商银行,4.81,-0.41%,0.07%,398000000.0,490000000.00000006,91992600.0,899000000.0
sh600751,海航科技,2.44,-0.41%,0.51%,15849100.0,15914500.0,65400.0,31969699.999999996
sh600673,东阳光,7.3,-0.41%,0.16%,16151099.999999998,17482100.0,1331100.0000000002,34126700.0
sh600563,法拉电子,139.82,-0.41%,0.40%,62202200.0,62922299.99999999,720100.0,126000000.0
sz002545,东方铁塔,7.22,-0.41%,0.77%,27917500.0,35455800.0,7538300.0,63373300.0
sz002003,伟星股份,9.65,-0.41%,0.18%,9256000.0,5726100.0,3530000.0,14982100.0
sz000592,平潭发展,2.41,-0.41%,0.72%,13217700.0,20220200.0,7002500.0,33437900.0
sz000401,冀东水泥,7.35,-0.41%,0.32%,17678400.0,19257000.0,1578700.0,36935300.0
sh688280,精进电动,9.54,-0.42%,3.02%,64409700.0,68425300.0,4015600.0,133000000.0
sh600927,永安期货,16.41,-0.42%,0.41%,16642400.0,18836200.0,2193900.0,35865800.0
sh603071,物产环能,16.66,-0.42%,0.65%,11678000.0,13687500.0,2009500.0,25683800.0
sz301059,金三江,14.11,-0.42%,2.56%,13101500.0,10773300.0,2328300.0,23891700.0
sh603556,海兴电力,26.04,-0.42%,0.94%,60726700.0,58758500.0,1968100.0,120000000.0
sh603214,爱婴室,16.5,-0.42%,0.46%,5411300.0,5033600.0,377800.0,10621400.000000002
sh603177,德创环保,14.13,-0.42%,1.52%,22373000.0,20982399.999999996,1390700.0,44022299.99999999
sh600101,明星电力,9.49,-0.42%,2.61%,49872299.99999999,54944799.99999999,5072600.0,105000000.0
sz300613,富瀚微,59.97,-0.42%,2.21%,160000000.0,132000000.0,28386200.0,292000000.0
sz002435,长江健康,4.76,-0.42%,0.78%,23056500.0,21644600.0,1412000.0,44701000.0
sh600666,ST瑞德,2.29,-0.43%,0.25%,7758300.0,6319100.0,1439100.0,14123400.0
sz000985,大庆华科,16.21,-0.43%,0.60%,5767200.0,6915800.0,1148700.0,12683000.0
sh688701,卓锦股份,9.24,-0.43%,0.54%,1245100.0,2003700.0,758600.0,3256100.0
sz301017,漱玉平民,18.51,-0.43%,0.51%,5699100.0,4692900.0,1006200.0,10395700.0
sz003001,中岩大地,16.21,-0.43%,1.63%,3803500.0,8520700.0,4717200.0,13046400.000000002
sz300915,海融科技,36.94,-0.43%,0.82%,3289400.0,4261000.0,971600.0,7565200.0
sh603112,华翔股份,11.7,-0.43%,0.82%,7450900.0,7639400.000000001,188500.0,15274000.0
sh605009,豪悦护理,46.17,-0.43%,1.28%,14464900.0,15669000.0,1204100.0,30581900.0
sh601118,海南橡胶,4.62,-0.43%,0.43%,37232900.0,47430000.0,10197100.0,85189200.0
sh600598,北大荒,13.74,-0.43%,0.40%,48980100.0,48070500.0,909599.9999999999,97751299.99999999
sh600507,方大特钢,4.64,-0.43%,0.29%,14523100.0,15202700.0,679599.9999999999,30253300.0
sz000166,申万宏源,4.64,-0.43%,0.12%,55290600.00000001,72388000.0,17097400.0,128000000.0
sz000017,深中华A,4.61,-0.43%,5.14%,34491600.0,38177600.0,3686000.0,72669200.0
sz300492,华图山鼎,59.42,-0.44%,0.08%,2847400.0,3768100.0,920699.9999999999,6752500.0
sh688623,双元科技,91.14,-0.44%,2.04%,9239800.0,15621000.0,6381200.0,24985800.0
sz301051,信濠光电,63.62,-0.44%,1.26%,24593600.0,24855900.0,262300.0,49873100.00000001
sz301296,新巨丰,15.87,-0.44%,1.08%,5239600.0,5551900.000000001,312300.0,10843900.000000002
sh688057,金达莱,15.69,-0.44%,1.14%,10802000.0,14392100.0,3590100.0,25194000.0
sh600655,豫园股份,6.81,-0.44%,0.18%,23760900.0,23785700.0,24800.0,47881800.0
sh600642,申能股份,6.85,-0.44%,0.54%,96337600.0,81088700.0,15248800.000000002,179000000.0
sh600231,凌钢股份,2.24,-0.44%,0.15%,2301200.0,7095400.0,4794200.0,9402900.0
sh600027,华电国际,6.77,-0.44%,0.71%,176000000.0,234000000.0,57548000.0,409999999.99999994
sz002140,东华科技,9.1,-0.44%,0.49%,9564900.0,13254500.0,3689500.0,23983700.0
sz000973,佛塑科技,4.54,-0.44%,0.79%,15732900.0,18543500.0,2810600.0,34909900.0
sz000709,河钢股份,2.27,-0.44%,0.20%,15965000.0,29473800.0,13508800.000000002,47614600.0
sz300029,ST天龙,6.6,-0.45%,0.47%,2942100.0,3251700.0,309600.0,6231400.0
sh603100,川仪股份,37.8,-0.45%,0.33%,22088000.0,25651600.0,3563600.0,48680700.0
sz300896,爱美客,446.99,-0.45%,0.66%,123000000.0,137000000.0,14784300.0,260000000.0
sh603335,迪生力,6.62,-0.45%,4.26%,57756100.0,63576300.0,5820200.0,122000000.0
sh601007,金陵饭店,8.76,-0.45%,0.82%,11901800.0,15837700.0,3935800.0,28036500.0
sh600216,浙江医药,11.03,-0.45%,0.48%,27559600.0,23581600.0,3978000.0,51142299.99999999
sh600143,金发科技,8.85,-0.45%,0.25%,26671000.0,29859000.0,3188000.0,56532600.0
sz300982,苏文电能,58.26,-0.46%,6.59%,144000000.0,165000000.0,21037800.000000004,309000000.0
sh600399,抚顺特钢,10.74,-0.46%,1.00%,107000000.0,104000000.0,3049400.0,211000000.0
sh688289,圣湘生物,17.28,-0.46%,0.32%,7957600.0,11153599.999999998,3196000.0,19145800.0
sh603980,吉华集团,4.31,-0.46%,0.21%,2485200.0,3696600.0000000005,1211400.0,6454600.0
sh603568,伟明环保,17.44,-0.46%,0.08%,11156300.000000002,12926700.0,1770500.0,24520700.0
sh600577,精达股份,4.33,-0.46%,1.17%,45018500.0,55372900.0,10354400.0,101000000.0
sz300487,蓝晓科技,58.41,-0.46%,0.38%,34481600.0,31054800.0,3426800.0,66023500.0
sz002671,龙泉股份,4.34,-0.46%,0.88%,8796800.0,8713700.0,83100.0,17640000.0
sz000987,越秀资本,6.43,-0.46%,0.20%,29714800.0,36181700.0,6466900.000000001,66653500.0
sz000425,徐工机械,6.53,-0.46%,0.65%,112999999.99999999,86671100.0,26642100.0,200000000.0
sz001206,依依股份,14.67,-0.47%,0.42%,3116200.0,3906000.0,789800.0,7202800.0
sz300890,翔丰华,41.95,-0.47%,3.41%,55585700.0,67241200.0,11655500.0,123000000.0
sh603323,苏农银行,4.26,-0.47%,0.70%,19308300.0,26600400.0,7292200.0,46236300.0
sz300535,达威股份,14.83,-0.47%,1.36%,7774600.0,9679100.0,1904500.0,17856100.0
sz300521,爱司凯,12.74,-0.47%,0.47%,4162900.0,3924000.0,238900.0,8658000.0
sz300176,派生科技,6.39,-0.47%,0.92%,11658800.000000002,10744800.0,914000.0,22974000.0
sz002936,郑州银行,2.1,-0.47%,0.35%,11598300.0,37160100.0,25561900.0,49251700.0
sz002915,中欣氟材,16.78,-0.47%,0.94%,24607800.000000004,20546300.0,4061600.0000000005,45551899.99999999
sz002839,张家港行,4.26,-0.47%,0.41%,20053100.0,15656099.999999998,4397000.0,36203500.0
sz002470,ST金正,2.13,-0.47%,0.70%,20047100.0,26381200.0,6334100.0,47263000.0
sz000970,中科三环,12.69,-0.47%,1.87%,134000000.00000001,152000000.0,17989500.0,290000000.0
sz001230,劲旅环境,24.73,-0.48%,0.71%,1591200.0,3190899.9999999995,1599700.0,4923500.0
sz301012,扬电科技,25.08,-0.48%,1.49%,12525400.0,15828699.999999998,3303300.0,28401800.0
sz300125,聆达股份,16.69,-0.48%,1.60%,28242800.000000004,41193100.00000001,12950300.0,70393800.0
sh600031,三一重工,16.63,-0.48%,0.59%,429000000.0,416000000.0,12404400.0,844999999.9999999
sz002811,郑中设计,8.23,-0.48%,0.74%,8796300.0,6295900.0,2500400.0,15117700.0
sz002320,海峡股份,6.25,-0.48%,0.33%,18621400.0,25848400.0,7227000.0,45927100.0
sz000652,泰达股份,4.13,-0.48%,0.42%,9903100.0,15997300.0,6094200.0,25900400.0
sz301335,天元宠物,24.56,-0.49%,2.50%,10334900.0,9036900.0,1298000.0,19374200.0
sh688669,聚石化学,18.26,-0.49%,1.00%,5288099.999999999,5939900.0,651800.0000000001,11236199.999999998
sh603041,美思德,12.11,-0.49%,0.79%,9760700.0,7849600.0,1911100.0000000002,17698700.0
sh605318,法狮龙,14.21,-0.49%,3.44%,9068700.0,9808000.0,739300.0000000001,19223500.0
sh603866,桃李面包,10.09,-0.49%,0.28%,20949899.999999996,24113500.0,3163600.0,45236899.99999999
sh603768,常青股份,18.2,-0.49%,1.25%,24843000.0,21657399.999999996,3185500.0,46902700.00000001
sh600887,伊利股份,28.36,-0.49%,0.26%,204999999.99999997,254999999.99999997,49072299.99999999,468000000.0
sh600848,上海临港,12.12,-0.49%,0.07%,9849800.0,10790500.0,940800.0,20828200.0
sh600348,华阳股份,8.15,-0.49%,0.70%,94672700.0,112000000.00000001,17099800.0,206999999.99999997
sz002756,永兴材料,62.63,-0.49%,0.95%,108000000.0,121000000.0,13296199.999999998,231000000.0
sz000890,法尔胜,4.05,-0.49%,1.23%,10177300.0,10378200.0,200900.0,21022399.999999996
sh688148,芳源股份,11.9,-0.50%,1.17%,30110300.000000004,23638100.0,6472200.0,53748400.0
sh688456,有研粉材,35.88,-0.50%,1.85%,24893700.0,18348200.0,6545500.0,43241899.99999999
sh605050,福然德,12.04,-0.50%,0.73%,5884000.0,7388400.0,1504400.0,13321800.0
sz300958,建工修复,17.86,-0.50%,0.68%,4110600.0,5142700.0,1032099.9999999999,9294400.0
sh603013,亚普股份,15.82,-0.50%,0.80%,29702199.999999996,35021000.0,5318800.0,65500000.0
sz002969,嘉美包装,3.99,-0.50%,0.78%,7600700.000000001,8712300.0,1111600.0,16415200.0
sh600828,茂业商业,3.98,-0.50%,0.48%,16514200.0,16276199.999999998,238000.0,33310900.0
sh601101,昊华能源,5.96,-0.50%,0.47%,21789200.0,18401400.0,3387799.9999999995,40501100.0
sh603093,南华期货,12.02,-0.50%,2.20%,79063900.0,82090400.00000001,3026500.0,162000000.0
sh600569,安阳钢铁,2.0,-0.50%,0.23%,5249700.0,7910000.0,2660299.9999999995,13498400.0
sz300320,海达股份,7.93,-0.50%,0.94%,15340700.0,21631000.0,6290300.0,37301300.0
sz300124,汇川技术,68.2,-0.50%,0.35%,244000000.0,302000000.0,58417800.0,558000000.0
sz002267,陕天然气,8.0,-0.50%,0.48%,19632700.0,22765900.0,3133100.0,43224900.0
sz002030,达安基因,9.88,-0.50%,0.38%,19075300.0,31106900.0,12031600.0,52254799.99999999
sz000410,沈阳机床,7.78,-0.51%,0.70%,42914200.0,49283800.0,6369600.0,92198000.0
sz301325,曼恩斯特,110.98,-0.51%,3.02%,37771000.0,45651200.0,7880300.0,83433400.0
sh688301,奕瑞科技,276.5,-0.51%,0.23%,20864400.0,15919500.0,4944800.0,36783900.0
sh603366,日出东方,5.81,-0.51%,0.68%,17087400.0,14669500.0,2418000.0,32063100.0
sh601566,九牧王,11.76,-0.51%,0.35%,9698800.0,13283200.0,3584400.0,23471200.0
sh601319,中国人保,5.88,-0.51%,0.09%,81265100.0,104000000.0,23057700.0,188000000.0
sh600975,新五丰,9.84,-0.51%,6.28%,187000000.0,215000000.0,27219899.999999996,405999999.99999994
sh600724,宁波富达,3.91,-0.51%,0.41%,11559100.0,11072700.0,486400.0,23301200.0
sz300375,鹏翎股份,3.91,-0.51%,2.14%,21162199.999999996,21132199.999999996,30099.999999999996,42786200.0
sz300187,永清环保,5.9,-0.51%,0.42%,7796799.999999999,7886500.0,89700.0,16014400.0
sz300175,朗源股份,3.89,-0.51%,1.52%,12733599.999999998,14094600.0,1360900.0,28037800.000000004
sz002460,赣锋锂业,60.91,-0.51%,0.78%,252000000.0,320000000.0,68532300.0,576000000.0
sz301102,兆讯传媒,26.62,-0.52%,2.48%,19713900.0,27112800.000000004,7399000.0,46829300.0
sz002154,报喜鸟,5.69,-0.52%,1.57%,44107600.0,48167800.0,4060200.0,97339200.0
sz300962,中金辐照,17.21,-0.52%,1.04%,9125900.0,12594100.0,3468200.0,21726900.0
sh603022,新通联,9.6,-0.52%,0.67%,6291900.000000001,6222600.0,69300.0,13024200.0
sh601666,平煤股份,7.62,-0.52%,0.68%,54255600.00000001,62779900.0,8524300.0,120000000.0
sh600734,ST实达,3.82,-0.52%,0.10%,2495700.0,5264100.0,2768399.9999999995,7796799.999999999
sh600689,上海三毛,9.55,-0.52%,1.44%,9326000.0,11309000.0,1983100.0,21009400.0
sh600362,江西铜业,19.15,-0.52%,0.28%,55481600.0,57984000.0,2502300.0,113999999.99999999
sh600120,浙江东方,3.84,-0.52%,0.37%,21051700.0,28143200.0,7091500.0,49197900.0
sz002466,天齐锂业,70.33,-0.52%,1.34%,669000000.0,728000000.0,59081200.0,1407000000.0
sz001332,锡装股份,39.25,-0.53%,1.73%,7535200.0,10634100.0,3098900.0,18471500.0
sz001208,华菱线缆,9.47,-0.53%,0.75%,9617700.0,7811400.0,1806200.0,17729800.0
sz002345,潮宏基,7.45,-0.53%,0.83%,23727100.0,30317800.000000004,6590700.000000001,54142400.0
sh603615,茶花股份,9.33,-0.53%,0.74%,7920100.0,8490000.0,569900.0,16729300.0
sh600812,华北制药,5.61,-0.53%,0.22%,6475700.000000001,13523900.000000002,7048200.000000001,20393500.0
sh600782,新钢股份,3.78,-0.53%,0.30%,14265300.0,21535700.0,7270400.0,36015400.0
sh600073,上海梅林,7.45,-0.53%,0.73%,23794300.0,27626100.0,3831800.0,51431600.0
sz301486,致尚科技,60.8,-0.54%,38.31%,324000000.0,409999999.99999994,85492400.0,734000000.0
sz000421,南京公用,5.48,-0.54%,2.61%,36741000.0,45679500.0,8938600.0,82420500.0
sh603511,爱慕股份,16.67,-0.54%,1.42%,6203600.0,6256900.000000001,53300.0,12898900.000000002
sz300856,科思股份,80.32,-0.54%,1.45%,37490300.0,30929600.0,6560700.000000001,68492200.0
sz002915,中欣氟材,16.77,-0.53%,0.95%,25042000.0,21200700.0,3841300.0,46242800.0
sz002278,神开股份,5.49,-0.54%,0.84%,7081300.0,8553400.0,1472100.0,15634800.0
sh688098,申联生物,7.4,-0.54%,0.36%,4518800.0,6420800.0,1902000.0,10944200.0
sh603813,原尚股份,14.81,-0.54%,0.57%,4092000.0,3205200.0,886900.0,7562300.0
sh603797,联泰环保,5.57,-0.54%,0.23%,2966000.0,4303300.0,1337400.0,7556700.0
sh603387,基蛋生物,12.84,-0.54%,0.26%,7465900.0,9470400.0,2004600.0,17139100.0
sh603036,如通股份,11.0,-0.54%,0.71%,6477600.0,9547700.0,3070000.0,16234300.0
sz002392,北京利尔,3.67,-0.54%,0.58%,9996600.0,9872100.0,124500.0,19868700.0
sh603020,爱普股份,9.13,-0.54%,0.36%,4300200.0,7831900.000000001,3531600.0000000005,12504600.0
sh600898,ST美讯,3.67,-0.54%,0.63%,1851699.9999999998,3891200.0,2039500.0,5870800.0
sz300395,菲利华,45.67,-0.54%,0.68%,65453100.00000001,82230300.0,16777300.0,149000000.0
sz002807,江阴银行,3.7,-0.54%,0.32%,10514000.0,15245000.0,4730900.0,25759000.0
sz002663,普邦股份,1.85,-0.54%,0.90%,8853100.0,12894900.0,4041800.0,21748100.0
sz002572,索菲亚,16.47,-0.54%,1.36%,62290100.0,82315800.0,20025800.0,145000000.0
sh603125,常青科技,28.91,-0.55%,4.46%,27398200.0,33365300.000000004,5967200.0,61344700.0
sz002978,安宁股份,32.65,-0.55%,0.20%,9576700.0,9163900.0,412800.0,19197100.0
sz300234,开尔新材,5.44,-0.55%,0.79%,5735400.0,8848800.0,3113399.9999999995,14670000.0
sh605580,恒盛能源,14.42,-0.55%,19.26%,88014400.0,109000000.00000001,20513800.0,197000000.0
sh600794,保税科技,3.59,-0.55%,0.50%,9119000.0,12328599.999999998,3209600.0,21745200.0
sh600886,国投电力,12.55,-0.55%,0.11%,47072700.00000001,52341700.0,5269000.0,100000000.0
sz300652,雷迪克,23.47,-0.55%,3.91%,42520200.00000001,43046400.0,526200.0,85573600.0
sz300223,北京君正,94.68,-0.55%,6.19%,1351000000.0,1117000000.0,234000000.0,2493000000.0
sz300119,瑞普生物,18.2,-0.55%,0.61%,18288400.0,18705700.0,417299.99999999994,37284000.0
sz002140,东华科技,9.09,-0.55%,0.50%,10141300.0,14246000.0,4104700.0000000005,24391900.0
sz000970,中科三环,12.68,-0.55%,1.89%,138000000.0,155000000.0,16189200.0,293000000.0
sz301019,宁波色母,21.16,-0.56%,0.85%,5954500.0,4274000.0,1680500.0,10243300.0
sz301209,联合化学,24.86,-0.56%,4.07%,10428100.0,10041700.0,386400.0,20487300.0
sh603408,建霖家居,10.71,-0.56%,1.00%,5903099.999999999,6491799.999999999,588800.0,12500900.0
sh603530,神马电力,15.98,-0.56%,0.53%,20577300.0,16032700.0,4544600.0,36822500.0
sh601717,郑煤机,12.42,-0.56%,0.31%,25763200.0,32673600.0,6910400.0,59273800.0
sh601368,绿城水务,5.35,-0.56%,0.45%,7902200.0,12628900.000000002,4726800.0,21518200.0
sh600560,金自天正,14.09,-0.56%,3.15%,36925400.0,62991200.0,26065800.0,101000000.0
sh600351,亚宝药业,7.15,-0.56%,1.19%,25783600.0,39690400.0,13906800.0,65523400.0
sz002474,榕基软件,7.15,-0.56%,1.77%,24055200.0,39503700.0,15448500.0,63558900.0
sz002460,赣锋锂业,60.88,-0.56%,0.80%,258000000.0,330000000.0,72699000.0,588000000.0
sz000721,西安饮食,12.42,-0.56%,4.64%,114999999.99999999,137000000.0,22815100.000000004,252000000.0
sz000972,中基健康,3.51,-0.57%,0.56%,6453500.0,8796900.0,2343500.0,15250400.0
sh603192,汇得科技,19.29,-0.57%,0.36%,4871400.0,4822700.0,48700.0,9750000.0
sh601997,贵阳银行,5.19,-0.57%,0.33%,28882800.000000004,32440200.0,3557500.0,62274799.99999999
sh600282,南钢股份,3.47,-0.57%,0.18%,20534500.0,17830700.0,2703700.0,38399800.0
sz300493,润欣科技,8.77,-0.57%,2.32%,45734000.0,57015400.0,11281400.000000002,103000000.0
sz003013,地铁设计,19.03,-0.57%,1.65%,9449400.0,9404800.0,44700.0,19048200.0
sz002767,先锋电子,13.95,-0.57%,1.30%,12039200.0,11691199.999999998,348000.0,23730400.0
sz002702,海欣食品,5.24,-0.57%,0.91%,7299700.0,11281900.0,3982300.0,18581600.0
sz301258,富士莱,39.55,-0.58%,2.81%,14488900.000000002,22634100.0,8145200.0,37134800.0
sz300865,大宏立,21.9,-0.59%,2.49%,7219400.000000001,7785599.999999999,566200.0,15033400.0
sh600321,正源股份,1.69,-0.59%,0.51%,5252700.0,7837200.0,2584500.0,13090100.0
sh603332,苏州龙杰,8.45,-0.59%,0.62%,6204100.0,5181400.0,1022700.0,11474200.0
sh601969,海南矿业,6.71,-0.59%,0.24%,16753300.0,15934700.0,818600.0,33154899.999999996
sh601128,常熟银行,6.78,-0.59%,0.47%,38950400.0,44314799.99999999,5364400.000000001,83853100.0
sh600771,广誉远,32.22,-0.59%,1.72%,128000000.0,144000000.0,15336400.000000002,275000000.0
sh600483,福能股份,8.36,-0.59%,0.58%,54026400.0,69085700.0,15059300.0,124000000.0
sz002442,龙星化工,5.03,-0.59%,0.73%,7624000.0,10058300.0,2434300.0,17729000.0
sz000584,ST工智,5.08,-0.59%,1.50%,27980100.000000004,29442399.999999996,1462300.0,57422600.0
sz000090,天健集团,5.05,-0.59%,0.48%,17236100.0,27924300.0,10688200.0,45160400.0
sz001236,弘业期货,15.02,-0.60%,6.60%,48239000.0,51200700.0,2961600.0000000005,101000000.0
sz002843,泰嘉股份,19.94,-0.60%,1.79%,34220300.0,41641100.0,7420800.0,76317100.0
sh688607,康众医疗,19.86,-0.60%,1.05%,6067500.0,7956000.0,1888500.0,14053000.0
sz000911,南宁糖业,9.92,-0.60%,2.08%,31369100.0,35062400.0,3693300.0,67344300.0
sh603299,苏盐井神,9.86,-0.60%,0.69%,23659600.0,28888900.0,5229400.000000001,52771400.0
sh600802,福建水泥,4.94,-0.60%,0.60%,6726500.0,6773400.0,46800.0,13683599.999999998
sh600722,金牛化工,4.95,-0.60%,0.59%,9498300.0,10168200.0,669900.0,19956100.0
sh600277,亿利洁能,3.29,-0.60%,0.45%,24973900.0,27528000.0,2554100.0,52631200.0
sh600111,北方稀土,24.93,-0.60%,0.99%,403000000.0,487000000.0,83737600.0,890000000.0
sz300458,全志科技,28.15,-0.60%,3.63%,264000000.0,254999999.99999997,8602400.0,526999999.99999994
sz002223,鱼跃医疗,36.19,-0.60%,0.83%,133000000.0,147000000.0,14362600.0,282000000.0
sz002141,贤丰控股,3.3,-0.60%,0.59%,9207700.0,12580200.0,3372500.0,22286900.0
sz000735,罗牛山,6.66,-0.60%,0.80%,27898600.0,33144800.0,5246200.0,61431200.0
sz003018,金富科技,9.81,-0.61%,1.25%,5183700.0,3970400.0,1213300.0,9391800.0
sz002687,乔治白,4.86,-0.61%,1.23%,11611199.999999998,12322400.0,711300.0,24084300.0
sh601156,东航物流,13.1,-0.61%,0.41%,18332400.0,24087500.0,5755100.0,43233400.0
sh600265,ST景谷,16.33,-0.61%,0.12%,533800.0,1986399.9999999998,1452600.0,2521900.0
sh605179,一鸣食品,11.48,-0.61%,2.20%,7624000.0,7823600.0,199500.0,15498100.0
sh688360,德马科技,21.04,-0.61%,0.92%,10644200.0,12777400.0,2133200.0,23513000.0
sh601628,中国人寿,33.98,-0.61%,0.06%,199000000.0,219000000.0,20072800.0,425000000.0
sh600789,鲁抗医药,6.5,-0.61%,0.56%,13223000.0,18121200.0,4898200.0,32172300.0
sh600648,外高桥,11.37,-0.61%,0.13%,6366400.0,6858700.0,492299.99999999994,13879900.0
sh600392,盛和资源,13.09,-0.61%,0.85%,87240300.0,108000000.0,20854500.0,195000000.0
sh600333,长春燃气,4.9,-0.61%,0.47%,4119400.0,10044300.0,5924800.0,14170100.0
sz300745,欣锐科技,48.72,-0.61%,6.24%,126000000.0,184000000.0,57886899.99999999,309000000.0
sz300577,开润股份,16.3,-0.61%,0.77%,8419000.0,8391400.0,27599.999999999996,16867400.0
sz300172,中电环保,4.88,-0.61%,1.70%,16644200.0,23193300.0,6549100.0,40696800.0
sz000949,新乡化纤,3.26,-0.61%,0.41%,7978700.0,9931600.0,1952800.0,18872300.0
sz000062,深圳华强,11.38,-0.61%,0.38%,21066700.0,24469699.999999996,3403000.0,45536400.0
sz300854,中兰环保,16.16,-0.62%,1.41%,5477100.0,5054300.0,422800.0,10534600.0
sh688681,科汇股份,15.93,-0.62%,1.86%,9812900.0,10214000.0,401100.0,20088000.0
sz002060,粤水电,6.44,-0.62%,0.65%,20651900.0,27997399.999999996,7345500.0,50027400.0
sh688299,长阳科技,16.04,-0.62%,1.24%,27117700.0,23598100.0,3519600.0,50715800.0
sh603726,朗迪集团,12.82,-0.62%,0.48%,5608099.999999999,5669200.0,61200.0,11411900.0
sh603477,巨星农牧,30.6,-0.62%,2.17%,160000000.0,160000000.0,147600.0,323000000.0
sh603033,三维股份,20.85,-0.62%,0.20%,13162900.0,18403700.0,5240800.0,32096200.0
sh601900,南方传媒,19.11,-0.62%,2.43%,204000000.0,215000000.0,11519600.0,422000000.0
sh601567,三星医疗,14.45,-0.62%,2.05%,200000000.0,202000000.0,1465300.0,412000000.0
sh600973,宝胜股份,4.83,-0.62%,0.51%,13092300.0,20591400.0,7499000.0,34159500.0
sh600221,海航控股,1.6,-0.62%,0.14%,16825800.0,54741899.99999999,37916000.0,71587600.0
sz002574,明牌珠宝,6.55,-0.61%,0.91%,14651700.0,17149800.0,2498000.0,31801500.0
sz002516,旷达科技,4.85,-0.61%,0.84%,20240300.0,19096500.0,1143800.0,39336800.0
sz000949,新乡化纤,3.26,-0.61%,0.42%,8760400.0,10600200.0,1839700.0,19360600.0
sz002060,粤水电,6.44,-0.62%,0.67%,22230300.000000004,29310800.0,7080500.0,51541100.0
sh600104,上汽集团,14.45,-0.62%,0.15%,122000000.0,125000000.0,3279600.0,248000000.0
sh600075,新疆天业,4.8,-0.62%,0.48%,14455700.0,15099400.0,643800.0,29561300.0
sz300144,宋城演艺,12.88,-0.62%,0.78%,95632000.0,135000000.0,39646200.0,231000000.0
sz002726,龙大美食,7.98,-0.62%,0.98%,38957200.0,44115200.00000001,5158000.0,83072300.0
sz002614,奥佳华,8.07,-0.62%,2.23%,43322299.99999999,36412700.0,6909600.0,79734900.0
sz002218,拓日新能,4.82,-0.62%,0.64%,17935900.0,25008400.0,7072500.0,42944200.0
sz000937,冀中能源,6.45,-0.62%,0.50%,35670100.0,58826600.0,23156500.0,94496700.0
sz000498,山东路桥,6.43,-0.62%,0.41%,13800600.0,24569800.0,10769200.0,38370400.0
sz001337,四川黄金,31.68,-0.63%,17.18%,151000000.0,180000000.0,29390300.000000004,331000000.0
sz001208,华菱线缆,9.46,-0.63%,0.78%,9801100.0,8718300.0,1082800.0,18519400.0
sh600234,科新发展,6.33,-0.63%,0.67%,3182600.0,5474400.000000001,2291800.0,8664700.0
sh600768,宁波富邦,10.96,-0.63%,1.24%,9647500.0,8099600.0,1547900.0,18230500.0
sh600883,博闻科技,7.83,-0.63%,0.79%,9116600.0,5393800.0,3722799.9999999995,14609800.0
sh603330,天洋新材,10.97,-0.63%,1.05%,22284699.999999996,16070900.0,6213800.0,38563800.0
sh601238,广汽集团,11.05,-0.63%,0.48%,188000000.0,204000000.0,15956099.999999998,394000000.0
sz300223,北京君正,94.6,-0.63%,6.25%,1382000000.0,1138000000.0,244000000.0,2519000000.0
sz300210,森远股份,3.13,-0.63%,0.74%,5128500.0,6199200.0,1070800.0,11327700.0
sz002863,今飞凯达,6.31,-0.63%,3.54%,57031899.99999999,55593600.0,1438300.0000000002,112999999.99999999
sz002479,富春环保,4.76,-0.63%,0.63%,12319700.0,13310900.0,991200.0,25630600.0
sz000524,岭南控股,10.89,-0.64%,0.56%,18576200.0,22517700.0,3941500.0,41093900.0
sz301220,亚香股份,32.35,-0.64%,1.02%,6239299.999999999,7740000.0,1500700.0,13979300.0
sh605158,华达新材,7.76,-0.64%,1.72%,10705100.0,8388200.000000001,2316900.0,19324500.0
sh688779,长远锂科,10.93,-0.64%,0.68%,37952800.0,37459600.0,493100.0,75412500.0
sh605116,奥锐特,24.65,-0.64%,0.37%,1759500.0,5217200.0,3457600.0,7016100.0
sz300871,回盛生物,17.09,-0.64%,2.03%,13897200.0,15078000.0,1180800.0,28975300.000000004
sh600108,亚盛集团,3.09,-0.64%,0.68%,19119500.0,21870100.000000004,2750600.0,40996100.0
sh601880,辽港股份,1.55,-0.64%,0.14%,7428099.999999999,33457100.0,26029000.0,41937299.99999999
sh605499,东鹏饮料,180.0,-0.64%,0.26%,35452100.0,37880200.0,2428000.0,73980300.0
sh601727,上海电气,4.63,-0.64%,0.29%,83025900.0,87517099.99999999,4491200.0,173000000.0
sh600298,安琪酵母,35.77,-0.64%,0.32%,35373700.0,62716400.0,27342700.0,98100800.0
sh600106,重庆路桥,4.65,-0.64%,0.34%,6473500.0,14388599.999999998,7915100.0,20863000.0
sz300214,日科化学,6.23,-0.64%,0.38%,4941400.0,4586300.0,355100.0,9527800.0
sz002637,赞宇科技,10.81,-0.64%,0.40%,8444200.0,8707000.0,262800.0,17152300.0
sz002478,常宝股份,7.72,-0.64%,3.72%,94024599.99999999,106000000.0,12165600.0,200000000.0
sz002381,双箭股份,7.71,-0.64%,1.07%,13631700.0,13091600.0,540000.0,26723300.0
sz002191,劲嘉股份,6.24,-0.64%,0.72%,29506900.0,34945500.0,5438600.0,64452400.0
sz000049,德赛电池,35.54,-0.64%,0.97%,50697900.0,52608300.0,1910400.0,103000000.0
sh601121,宝地矿业,7.63,-0.65%,3.55%,28043200.0,26121900.0,1921399.9999999998,54688500.0
sh605339,南侨食品,19.8,-0.65%,0.73%,3560600.0,6110000.0,2549400.0,9924000.0
sh600661,昂立教育,9.2,-0.65%,1.71%,17261900.0,27426400.0,10164500.0,45524600.0
sh600807,济南高新,3.05,-0.65%,0.45%,4236800.0,6386100.0,2149300.0,10821700.0
sh603958,哈森股份,7.69,-0.65%,0.69%,5999800.0,5483099.999999999,516599.99999999994,11649700.0
sh603697,有友食品,9.19,-0.65%,0.38%,6948400.0,7971799.999999999,1023300.0,15114100.0
sh603327,福蓉科技,12.24,-0.65%,0.43%,15030100.0,20674200.0,5644100.0,36300300.0
sh601818,光大银行,3.06,-0.65%,0.16%,114999999.99999999,111000000.00000001,4325300.0,229999999.99999997
sh600968,海油发展,3.07,-0.65%,0.20%,30162900.0,33644700.0,3481800.0,64197800.0
sh600681,百川能源,4.62,-0.65%,0.29%,8445900.0,9537400.0,1091500.0,18082500.0
sh600219,南山铝业,3.06,-0.65%,0.27%,40434100.0,57359399.99999999,16925300.0,97796600.0
sh600168,武汉控股,6.07,-0.65%,0.18%,2173300.0,5371200.0,3197900.0,7604600.0
sh600006,东风汽车,6.15,-0.65%,1.97%,117000000.0,128000000.0,10158200.0,245000000.00000003
sz300196,长海股份,13.82,-0.65%,0.26%,4428900.0,4338100.0,90800.0,8819500.0
sz002378,章源钨业,6.15,-0.65%,0.80%,29096100.0,29433200.0,337200.0,58529300.0
sz002042,华孚时尚,3.07,-0.65%,0.46%,9395200.0,14927900.0,5532600.0,24323100.0
sz000895,双汇发展,24.29,-0.65%,0.16%,47469799.99999999,83859800.0,36390000.0,131000000.0
sz000887,中鼎股份,13.71,-0.65%,2.99%,242000000.0,303000000.0,60199500.0,545000000.0
sz000883,湖北能源,4.62,-0.65%,0.21%,25284500.0,37005000.0,11720500.0,62289500.0
sz000800,一汽解放,9.15,-0.65%,0.42%,82210400.00000001,96584100.0,14373800.000000002,179000000.0
sz000627,天茂集团,3.07,-0.65%,0.34%,18025500.0,28858700.0,10833300.0,47129799.99999999
sz000601,韶能股份,4.52,-0.66%,0.41%,8281700.0,11643599.999999998,3361900.0,19925300.0
sz002586,*ST围海,2.99,-0.66%,0.29%,2053300.0000000002,5606300.0,3552900.0,7659600.0
sh603065,宿迁联盛,15.12,-0.66%,4.49%,13823800.000000002,14219200.0,395400.0,28564699.999999996
sz301156,美农生物,16.55,-0.66%,1.35%,5583700.0,4951000.0,632700.0,10544600.0
sz301198,喜悦智行,15.12,-0.66%,4.38%,29415200.0,22723900.0,6691400.0,52169300.0
sz003011,海象新材,31.66,-0.66%,1.45%,11541300.000000002,13746900.0,2205500.0,25626800.0
sz001236,弘业期货,15.01,-0.66%,6.80%,49910500.0,54053000.0,4142500.0,104000000.0
sh603220,中贝通信,15.14,-0.66%,2.85%,65854500.0,77342200.0,11487600.0,145000000.0
sh601038,一拖股份,12.02,-0.66%,0.78%,24689500.0,30964899.999999996,6275400.0,55959799.99999999
sh600884,杉杉股份,15.1,-0.66%,0.73%,88489200.0,105000000.0,16410400.0,195000000.0
sh600300,维维股份,3.03,-0.66%,0.52%,9836400.0,15154400.0,5317900.0,25352000.0
sh600116,三峡水利,9.08,-0.66%,0.28%,19267800.0,29931300.0,10663500.0,49206400.0
sz300140,中环装备,9.0,-0.66%,2.05%,31276400.0,46012600.0,14736199.999999998,78726000.0
sz002476,宝莫股份,4.52,-0.66%,0.94%,11702800.0,14613000.0,2910200.0,26315800.0
sz000035,中国天楹,4.55,-0.66%,0.31%,15724200.0,18500900.0,2776600.0000000005,34225100.0
sh601022,宁波远洋,10.38,-0.67%,1.89%,10828300.0,14604700.0,3776400.0,25799500.0
sh603150,万朗磁塑,26.72,-0.67%,1.55%,9635300.0,7513500.0,2121800.0,17287800.0
sh603926,铁流股份,10.39,-0.67%,2.50%,27965200.0,26304100.0,1661100.0000000002,54722299.99999999
sz002345,潮宏基,7.44,-0.67%,0.84%,23850700.0,30716000.0,6865300.0,54566600.0
sh605169,洪通燃气,10.34,-0.67%,1.19%,3489200.0,5233200.000000001,1744000.0,8728300.0
sz300816,艾可蓝,29.83,-0.67%,5.81%,44607299.99999999,38599500.0,6007900.0,83212800.0
sz002486,嘉麟杰,2.96,-0.67%,0.80%,9895500.0,9908300.0,12800.0,19803800.0
sh600070,ST富润,2.97,-0.67%,1.32%,7201700.0,13062100.0,5860400.0,20323200.0
sz300478,杭州高新,10.31,-0.67%,0.77%,5117300.0,4631100.0,486300.0,9879200.0
sz002736,国信证券,8.89,-0.67%,0.07%,24777399.999999996,30828900.0,6051500.0,55606200.0
sz002501,利源股份,1.48,-0.67%,0.41%,11667700.0,10020900.0,1646800.0,21688500.0
sz000888,峨眉山A,11.92,-0.67%,2.41%,72722000.0,80417100.0,7695100.0,153000000.0
sz000783,长江证券,5.93,-0.67%,0.37%,62841500.0,59897600.0,2943900.0,123000000.0
sz000700,模塑科技,5.89,-0.67%,1.99%,63530400.0,44880200.00000001,18650200.0,108000000.0
sz301288,清研环境,17.44,-0.68%,1.18%,4120000.0,4156600.0000000005,36600.0,8280200.0
sz300067,安诺其,2.91,-0.68%,0.60%,6717400.0,6764900.0,47500.0,13619600.0
sz300389,艾比森,16.13,-0.68%,3.87%,46901200.0,57318700.0,10417500.0,106000000.0
sh601279,英利汽车,5.82,-0.68%,11.58%,63227200.0,68889100.0,5661900.000000001,134000000.00000001
sh688288,鸿泉物联,24.96,-0.68%,1.52%,18569500.0,20284600.0,1715100.0,38869100.0
sh603687,大胜达,8.7,-0.68%,0.75%,10171600.0,17042800.0,6871200.0,27465800.0
sh601388,怡球资源,2.94,-0.68%,0.28%,7626200.0,10673200.0,3047000.0,18435900.0
sz002546,新联电子,5.85,-0.68%,4.62%,96382800.0,119000000.0,22141600.0,215000000.0
sz002252,上海莱士,7.32,-0.68%,0.33%,61678500.0,101000000.0,39241300.0,163000000.0
sz002014,永新股份,8.76,-0.68%,0.25%,6524800.0,6777500.0,252700.0,13302300.0
sz000960,锡业股份,15.95,-0.68%,0.87%,113999999.99999999,117000000.0,3361600.0000000005,229999999.99999997
sz000545,金浦钛业,2.94,-0.68%,0.50%,6454800.0,8226799.999999999,1772100.0,14681600.0
sh688180,君实生物,38.82,-0.69%,0.57%,49689399.99999999,62328000.0,12638599.999999998,112000000.00000001
sh603300,华铁应急,5.79,-0.69%,0.41%,23898400.0,17670800.0,6227600.0,41885800.0
sh605138,盛泰集团,8.64,-0.69%,0.33%,3845500.0,4427100.0,581700.0,8439300.0
sh600980,北矿科技,15.83,-0.69%,2.46%,28834200.0,31770500.0,2936400.0,61049500.0
sh600874,创业环保,5.78,-0.69%,0.36%,8960200.0,16128800.000000002,7168500.0,25412700.0
sh600857,宁波中百,10.05,-0.69%,0.58%,5193000.0,7587800.0,2394800.0,13045100.0
sh600690,海尔智家,23.18,-0.69%,0.23%,174000000.0,159000000.0,15018000.0,337000000.0
sh600582,天地科技,5.76,-0.69%,0.54%,63912500.0,65498100.00000001,1585700.0,130000000.0
sh600132,重庆啤酒,87.66,-0.69%,1.11%,223000000.0,252999999.99999997,30109200.0,476999999.99999994
sz300144,宋城演艺,12.87,-0.69%,0.78%,93625500.0,134000000.00000001,40048600.0,229000000.0
sz301439,泓淋电力,18.76,-0.69%,13.28%,113999999.99999999,119000000.0,4946500.0,233000000.0
sz003032,传智教育,14.24,-0.70%,5.44%,55146700.0,80006600.0,24860000.0,137000000.0
sz300853,申昊科技,32.51,-0.70%,2.92%,38866800.0,50399000.0,11532100.0,89272300.0
sz001300,三柏硕,12.69,-0.70%,1.31%,4328900.0,5840200.0,1511399.9999999998,10169100.0
sh601878,浙商证券,9.97,-0.70%,0.25%,41201200.0,56035800.0,14834600.0,97996000.0
sh601216,君正集团,4.23,-0.70%,0.33%,41257200.0,75861500.0,34604300.0,119000000.0
sh600668,尖峰集团,11.33,-0.70%,0.36%,4466200.0,9323300.0,4857100.0,14022900.0
sh600436,片仔癀,282.99,-0.70%,0.13%,97136600.0,119000000.0,21936700.0,216000000.0
sz300169,天晟新材,4.28,-0.70%,0.89%,6269100.0,5289900.0,979300.0000000001,11607000.0
sz300015,爱尔眼科,18.47,-0.70%,0.31%,202999999.99999997,237000000.0,33351600.0,447000000.0
sz002831,裕同科技,25.41,-0.70%,0.41%,30373300.0,24009600.0,6363700.0,54382800.0
sz002830,名雕股份,12.81,-0.70%,1.65%,7020400.0,7127200.0,106900.0,14147600.0
sz300834,星辉环材,24.07,-0.70%,0.55%,3825100.0,4399000.0,573900.0,8226600.0
sz000717,中南股份,2.82,-0.70%,0.56%,15415400.0,23205600.0,7790100.0,38621000.0
sz000089,深圳机场,7.12,-0.70%,0.32%,17146400.0,30356300.0,13209900.0,47502700.00000001
sz000039,中集集团,7.09,-0.70%,0.37%,23192000.0,36848900.0,13656900.0,60040900.0
sz001258,立新能源,9.76,-0.71%,3.18%,29940400.0,42325800.0,12385500.0,72266200.0
sh688469,中芯集成,5.6,-0.71%,2.45%,31688400.0,111000000.00000001,79693100.0,143000000.0
sh688211,中科微至,43.09,-0.71%,0.55%,7234400.000000001,7847300.0,612900.0,15167300.0
sh603235,天新药业,30.81,-0.71%,1.56%,10808100.0,9994800.0,813400.0,21030900.0
sz001203,大中矿业,11.18,-0.71%,0.44%,9881300.0,11455400.0,1574100.0,21336700.0
sh605058,澳弘电子,22.53,-0.71%,2.00%,9906300.0,9400000.0,506300.0,19482000.0
sh603659,璞泰来,40.39,-0.71%,0.37%,156000000.0,138000000.0,17978800.0,297000000.0
sh603227,雪峰科技,8.45,-0.71%,1.03%,26198100.0,30616500.0,4418400.0,57335700.0
sh601339,百隆东方,5.57,-0.71%,0.23%,8078800.0,11353400.0,3274600.0,19596000.0
sh600790,轻纺城,4.17,-0.71%,0.29%,5665200.0,12055100.0,6389900.0,17862500.0
sh600403,大有能源,4.2,-0.71%,0.28%,11425400.0,16931200.0,5505800.0,28357399.999999996
sh600022,山东钢铁,1.4,-0.71%,0.15%,7122000.0,15743300.0,8621300.0,22880600.0
sz300547,川环科技,16.69,-0.71%,0.94%,13180800.0,14961900.0,1781100.0000000002,28142600.000000004
sz002340,格林美,6.97,-0.71%,0.49%,61868900.0,111000000.00000001,49413300.0,173000000.0
sz000532,华金资本,11.15,-0.71%,0.51%,8059800.0,11691800.0,3632000.0,19751600.0
sz002996,顺博合金,12.34,-0.72%,1.89%,12345700.0,17281400.0,4935700.0,29627100.0
sz001202,炬申股份,15.16,-0.72%,1.97%,5654000.0,6412400.0,758400.0,12066500.0
sz001227,兰州银行,2.76,-0.72%,0.53%,14519700.0,25821900.0,11302300.0,40341600.0
sz301212,联盛化学,33.13,-0.72%,1.96%,6422900.0,11167900.0,4745100.0,17590800.0
sz002760,凤形股份,24.77,-0.72%,1.65%,18649800.0,17617900.0,1031900.0,36267700.0
sh603585,苏利股份,15.18,-0.72%,0.28%,3544200.0,4015200.0,471000.0,7591300.0
sh600765,中航重机,26.15,-0.72%,0.38%,84776800.0,61044200.0,23732700.0,147000000.0
sh600372,中航电子,15.09,-0.72%,0.38%,110000000.00000001,144000000.0,33939100.0,254000000.0
sh600273,嘉化能源,9.68,-0.72%,0.70%,50136100.0,45339100.0,4797000.0,95523799.99999999
sh600235,民丰特纸,5.5,-0.72%,0.94%,9354700.0,8943700.0,411100.0,18299000.0
sz300243,瑞丰高材,9.72,-0.72%,2.46%,20471700.0,24743200.0,4271500.0,45214900.0
sz002580,圣阳股份,9.63,-0.72%,2.33%,33437600.000000004,37627400.0,4189800.0,71068800.0
sz000822,山东海化,6.93,-0.72%,0.88%,27884899.999999996,26728900.0,1156100.0,54613800.0
sz002239,奥特佳,2.76,-0.72%,1.30%,57734000.0,60137600.0,2403600.0,118000000.0
sz301258,富士莱,39.49,-0.73%,2.84%,14599500.0,22871000.0,8271500.0,37470500.0
sz001319,铭科精技,21.84,-0.73%,2.99%,22568700.0,30097800.000000004,7529200.0,52666600.0
sh603191,望变电气,18.99,-0.73%,4.90%,87258799.99999999,84719500.0,2539300.0,173000000.0
sz301106,骏成科技,36.9,-0.73%,2.12%,7714800.0,8678700.0,964000.0,16393500.0
sh603928,兴业股份,12.23,-0.73%,0.54%,5981799.999999999,7236000.0,1254200.0,13348599.999999998
sh603719,良品铺子,24.44,-0.73%,0.68%,30508200.0,34867100.0,4358900.0,66467800.0
sh603992,松霖科技,14.98,-0.73%,0.30%,8347400.0,9770500.0,1423000.0,18225800.0
sh603863,松炀资源,20.33,-0.73%,1.35%,24411500.0,32108200.0,7696700.0,56958600.0
sh600187,国中水务,2.71,-0.73%,1.24%,14368500.0,39494200.0,25125700.0,53873800.0
sh600085,同仁堂,51.99,-0.73%,0.54%,180000000.0,206999999.99999997,26937700.0,386000000.0
sz300463,迈克生物,14.99,-0.73%,0.57%,18614000.0,24124400.0,5510400.0,42738400.0
sz300018,中元股份,6.79,-0.73%,2.01%,25552199.999999996,27801800.0,2249600.0,53354000.0
sz002342,巨力索具,4.09,-0.73%,0.58%,7729600.0,13237600.0,5508000.0,20967199.999999996
sz002246,北化股份,9.5,-0.73%,1.27%,26847600.000000004,39930100.0,13082500.0,66777800.0
sz000677,恒天海龙,2.73,-0.73%,0.36%,2744700.0000000005,5865700.000000001,3121000.0,8610300.0
sz000629,钒钛股份,4.09,-0.73%,0.65%,91082400.0,137000000.0,46046100.0,227999999.99999997
sh688163,赛伦生物,21.33,-0.74%,0.39%,1449900.0,2111100.0,661100.0,3571300.0
sz300920,润阳科技,17.5,-0.74%,1.74%,6415800.0,8673200.0,2257400.0,15088900.000000002
sh600421,华嵘控股,10.69,-0.74%,0.75%,7295300.0,8499100.0,1203700.0,15803000.0
sz300918,南山智尚,13.33,-0.74%,1.35%,8622600.0,10845400.0,2222800.0,19467900.0
sh688728,格科微,16.0,-0.74%,0.37%,41703200.0,24393300.0,17309900.0,66096500.0
sh603682,锦和商管,5.35,-0.74%,0.38%,3612600.0,5933700.0,2321100.0,9612700.0
sh603609,禾丰股份,9.37,-0.74%,0.40%,14938200.0,19673000.0,4734800.0,34806200.0
sh603199,九华旅游,35.09,-0.74%,1.99%,38526400.0,38400800.0,125500.0,77358700.0
sh601952,苏垦农发,12.1,-0.74%,0.39%,28964200.0,35552900.0,6588700.0,65227299.99999999
sh601158,重庆水务,5.38,-0.74%,0.07%,7066100.0,11688200.0,4622100.0,19118000.0
sh600339,中油工程,4.0,-0.74%,0.57%,57015800.0,71102800.0,14087000.0,128000000.0
sh600030,中信证券,20.09,-0.74%,0.27%,269000000.0,358000000.0,89673799.99999999,627000000.0
sz300458,全志科技,28.11,-0.74%,3.70%,275000000.0,262000000.0,12428599.999999998,537000000.0
sz300390,天华新能,34.67,-0.74%,1.42%,133000000.0,170000000.0,37674300.0,303000000.0
sz002170,芭田股份,6.72,-0.74%,1.61%,33527500.0,43397200.0,9869600.0,76924600.0
sz002075,沙钢股份,4.02,-0.74%,0.39%,16143599.999999998,18218100.0,2074600.0,34361700.0
sh688267,中触媒,21.47,-0.74%,1.21%,7755200.0,8872400.0,1117200.0,16644800.0
sz002096,易普力,11.91,-0.75%,0.68%,13823900.000000002,16371900.0,2548000.0,30195700.0
sh600358,国旅联合,5.32,-0.75%,0.75%,7983099.999999999,12280200.0,4297100.0,20266400.0
sz300891,惠云钛业,9.23,-0.75%,0.62%,6495200.0,6688400.0,193200.0,13184600.0
sz002543,万和电气,7.96,-0.75%,0.30%,7370500.0,7318700.0,51900.00000000001,14689200.0
sh688798,艾为电子,70.39,-0.75%,0.97%,39855000.0,27993100.0,11861900.0,67932700.0
sh600815,厦工股份,2.66,-0.75%,0.26%,3379900.0,8592100.0,5212200.0,12073599.999999998
sh603488,展鹏科技,7.95,-0.75%,0.94%,9368900.0,12323200.0,2954400.0,21940900.0
sh603336,宏辉果蔬,5.27,-0.75%,0.96%,13634500.0,14853000.0,1218500.0,29094699.999999996
sh601901,方正证券,6.64,-0.75%,0.12%,25073300.0,41224799.99999999,16151400.000000002,67691900.0
sh600481,双良节能,13.17,-0.75%,0.95%,97855900.0,136000000.0,37876000.0,235000000.0
sh600064,南京高科,6.6,-0.75%,0.46%,16990300.0,35274400.0,18284100.0,52264600.0
sz300584,海辰药业,22.57,-0.75%,1.39%,8736500.0,9461300.0,724800.0,18197800.0
sz002922,伊戈尔,14.5,-0.75%,1.29%,25980600.0,26761800.0,781200.0,52742400.0
sz002309,ST中利,3.97,-0.75%,0.73%,6362200.0,14201600.0,7839500.0,20563800.0
sz002135,东南网架,6.58,-0.75%,1.00%,33820500.0,38723600.0,4903100.0,72544000.0
sh603132,金徽股份,11.78,-0.76%,0.53%,4611400.0,5261799.999999999,650400.0000000001,10009800.0
sh603255,鼎际得,50.61,-0.76%,5.88%,54539399.99999999,45164700.0,9374700.0,100000000.0
sh688800,瑞可达,59.15,-0.76%,3.23%,81836200.0,101000000.0,18969000.0,183000000.0
sh603759,海天股份,9.12,-0.76%,0.69%,4047799.9999999995,7834800.0,3787000.0,12269300.0
sz300886,华业香料,23.52,-0.76%,1.29%,5340400.0,4820100.0,520300.0,10160500.0
sh603816,顾家家居,39.05,-0.76%,0.38%,55815800.0,64771600.0,8955800.0,124000000.0
sh603089,正裕工业,9.2,-0.76%,0.85%,8716700.0,8659000.0,57699.99999999999,17646200.0
sh601211,国泰君安,14.37,-0.76%,0.15%,59079300.0,97917900.00000001,38838600.0,160000000.0
sh600597,光明乳业,10.48,-0.76%,0.30%,18752200.0,24872800.000000004,6120599.999999999,44170000.0
sh600356,恒丰纸业,7.87,-0.76%,0.65%,7783400.0,7488000.0,295300.0,15296600.0
sh600018,上港集团,5.21,-0.76%,0.03%,14129900.0,25269500.0,11139700.0,39399500.0
sz300747,锐科激光,29.95,-0.76%,2.37%,167000000.0,195000000.0,27370800.0,362000000.0
sz300707,威唐工业,17.05,-0.76%,10.76%,107000000.0,123000000.0,15819700.0,229999999.99999997
sz300338,ST开元,5.25,-0.76%,1.97%,10925700.0,20418300.0,9492500.0,31343900.0
sz002233,塔牌集团,7.8,-0.76%,0.36%,16146700.0,17507900.0,1361300.0,33654600.0
sz000825,太钢不锈,3.92,-0.76%,0.20%,15269500.0,28680700.0,13411199.999999998,43998800.0
sz000528,柳工,7.85,-0.76%,1.02%,55859100.0,58074300.0,2215200.0,113999999.99999999
sz002455,百川股份,7.78,-0.77%,0.68%,11291400.000000002,15118599.999999998,3827200.0000000005,26410000.0
sh688013,天臣医疗,23.23,-0.77%,1.58%,7899500.0,6726799.999999999,1172700.0,14657500.0
sh601916,浙商银行,2.58,-0.77%,0.34%,41818800.0,148000000.0,107000000.0,193000000.0
sh603301,振德医疗,28.43,-0.77%,0.50%,16707100.0,15467700.0,1239400.0,32427900.0
sh603706,东方环宇,15.5,-0.77%,0.61%,7813400.0,9353800.0,1540400.0,17996400.0
sh603008,喜临门,24.36,-0.77%,0.83%,36983800.0,39295700.0,2311900.0,77897100.0
sh601058,赛轮轮胎,11.61,-0.77%,1.49%,275000000.0,262000000.0,12585200.0,538000000.0
sh600328,中盐化工,9.0,-0.77%,1.18%,47136600.0,53116899.99999999,5980300.0,100000000.0
sh600308,华泰股份,3.85,-0.77%,0.50%,14056099.999999998,15288000.0,1231900.0,29346400.0
sh600196,复星医药,30.8,-0.77%,0.29%,77995900.0,111000000.00000001,33043800.0,189000000.0
sz300489,光智科技,24.5,-0.77%,13.81%,238000000.0,229000000.0,8787500.0,466000000.0
sz002324,普利特,14.17,-0.77%,2.48%,95640600.0,142000000.0,46121200.0,237000000.0
sz000505,京粮控股,7.69,-0.77%,0.73%,16357600.0,21091400.0,4733800.0,37449100.0
sz300988,津荣天宇,21.55,-0.78%,3.95%,21514100.0,21151300.0,362800.0,42665400.0
sz003011,海象新材,31.62,-0.78%,1.50%,12116900.0,14268800.000000002,2151900.0,26385700.0
sh688046,药康生物,19.08,-0.78%,0.42%,5460900.0,6341500.0,880600.0,11805700.0
sz301156,美农生物,16.53,-0.78%,1.36%,5677900.0,4972500.0,705500.0,10650400.0
sh603871,嘉友国际,16.51,-0.78%,1.35%,63997600.0,88989700.0,24992000.0,156000000.0
sh603259,药明康德,63.4,-0.78%,0.45%,365000000.0,358000000.0,7413099.999999999,729000000.0
sh600965,福成股份,6.32,-0.78%,0.24%,4627400.0,7518500.0,2891100.0,12307600.0
sh600773,西藏城投,12.72,-0.78%,0.71%,32216600.0,41794500.0,9577900.0,74848100.0
sh600697,欧亚集团,12.65,-0.78%,1.10%,12042100.0,9091400.0,2950700.0,21707800.000000004
sh600120,浙江东方,3.83,-0.78%,0.38%,21235900.0,28480200.0,7244299.999999999,49716100.0
sh600109,国金证券,8.86,-0.78%,0.50%,70723600.0,72474600.0,1751000.0,143000000.0
sz300321,同大股份,16.53,-0.78%,0.64%,5462300.0,3675400.0,1786900.0,9137700.0
sz002367,康力电梯,8.91,-0.78%,0.95%,20459000.0,24112199.999999996,3653200.0,44571200.0
sh688121,卓然股份,32.55,-0.79%,2.02%,51521200.0,39917100.0,11604100.0,91438200.0
sh688265,南模生物,37.9,-0.79%,0.23%,1772000.0,2484200.0,712200.0,4294000.0
sh603051,鹿山新材,46.49,-0.79%,6.52%,73206700.0,73451900.0,245200.0,149000000.0
sz301198,喜悦智行,15.1,-0.79%,4.41%,29720300.000000004,22755600.0,6964700.0,52475900.0
sz301030,仕净科技,62.77,-0.79%,3.71%,115999999.99999999,131000000.0,15569500.0,247000000.00000003
sz300981,中红医疗,15.07,-0.79%,0.70%,6322300.0,6740800.0,418500.0,13063100.0
sz300883,龙利得,6.28,-0.79%,0.98%,6635200.0,7983800.0,1348600.0000000002,14619000.0
sh688155,先惠技术,54.27,-0.79%,0.87%,7258800.0,8455300.0,1196600.0,15796300.000000002
sh601827,三峰环境,7.57,-0.79%,0.38%,23886100.0,24375300.000000004,489300.0,48797299.99999999
sz300819,聚杰微纤,13.85,-0.79%,0.57%,5795200.0,4950100.0,845100.0,10745400.0
sz002651,利君股份,7.58,-0.79%,0.90%,18657400.0,20252200.0,1594800.0,38909700.0
sh601958,金钼股份,11.24,-0.79%,0.68%,115999999.99999999,130000000.0,14249400.0,247000000.00000003
sh601939,建设银行,6.24,-0.79%,1.03%,282000000.0,332000000.0,49920300.0,621000000.0
sh601860,紫金银行,2.5,-0.79%,0.59%,25376600.0,25307700.0,68900.0,51681600.0
sh600969,郴电国际,7.52,-0.79%,1.09%,11974400.0,18194600.0,6220200.0,30488600.0
sh600763,通策医疗,102.4,-0.79%,0.60%,95357800.0,101000000.0,6094500.0,199000000.0
sh600712,南宁百货,3.78,-0.79%,0.62%,4691500.0,7799400.000000001,3107900.0,12656500.0
sh600575,淮河能源,2.52,-0.79%,0.45%,14633699.999999998,28718900.0,14085200.0,43980100.0
sh600496,精工钢构,3.77,-0.79%,0.43%,13556800.0,18568100.0,5011300.0,32668600.0
sh600388,ST龙净,18.73,-0.79%,0.41%,31693900.0,52160500.0,20466600.0,83879700.0
sh600155,华创云信,6.24,-0.79%,0.95%,63975300.0,71157700.0,7182400.0,135000000.0
sh600030,中信证券,20.08,-0.79%,0.28%,271000000.0,366000000.0,94707800.0,637000000.0
sz300577,开润股份,16.27,-0.79%,0.77%,8497200.0,8422300.0,74800.0,16919500.0
sz002563,森马服饰,6.24,-0.79%,0.35%,20654800.0,21141600.0,486800.0,41796899.99999999
sz002225,濮耐股份,3.75,-0.79%,0.50%,5038500.0,10542500.0,5504000.0,15581000.0
sz301246,宏源药业,31.05,-0.80%,1.26%,5084200.0,12364300.0,7280100.0,17448500.0
sz000650,仁和药业,6.2,-0.80%,0.80%,25454500.0,41150500.0,15696000.0,66605000.0
sz002999,天禾股份,7.45,-0.80%,2.47%,19191400.0,21144400.0,1953000.0,40335800.0
sh603699,纽威股份,13.67,-0.80%,0.43%,22368600.0,22136900.0,231700.00000000003,44625800.0
sh603333,尚纬股份,4.95,-0.80%,1.35%,18013700.0,23287399.999999996,5273700.0,41672800.0
sh603039,泛微网络,72.97,-0.80%,0.29%,25355400.0,29777000.0,4421600.0,56110200.00000001
sh601633,长城汽车,26.01,-0.80%,0.28%,191000000.0,254000000.0,63044500.0,449000000.0
sh601375,中原证券,3.74,-0.80%,0.35%,18392800.0,26165000.0,7772300.0,45082100.0
sh600711,盛屯矿业,4.98,-0.80%,0.56%,37900700.0,48778300.0,10877600.0,87817400.0
sh600643,爱建集团,4.99,-0.80%,0.21%,5968500.0,10651300.000000002,4682800.0,16821400.0
sh600516,方大炭素,6.22,-0.80%,0.25%,22741300.0,40981000.0,18239600.0,64455000.0
sh600200,江苏吴中,7.43,-0.80%,1.39%,34271500.0,39493700.0,5222200.0,73771200.0
sh600189,泉阳泉,6.23,-0.80%,0.52%,9056100.0,14277600.0,5221500.0,23338700.0
sz300677,英科医疗,21.08,-0.80%,0.47%,20312300.0,27246600.0,6934299.999999999,47558800.0
sz300623,捷捷微电,18.59,-0.80%,0.82%,50966600.0,47714700.0,3251900.0,98681299.99999999
sz300331,苏大维格,24.86,-0.80%,3.14%,84397600.0,74990500.0,9407100.0,159000000.0
sz300103,达刚控股,6.2,-0.80%,0.59%,4810700.0,4243000.0,567700.0,9053700.0
sz002524,光正眼科,6.17,-0.80%,0.73%,9277400.0,13864100.0,4586800.0,23141500.0
sz002352,顺丰控股,46.95,-0.80%,0.34%,389000000.0,378000000.0,10220400.0,767000000.0
sz000531,穗恒运A,7.42,-0.80%,0.67%,17942800.0,22760700.0,4817900.0,40703500.0
sz001914,招商积余,14.69,-0.81%,0.31%,24593100.0,24084300.0,508800.0,48677400.0
sh605068,明新旭腾,24.44,-0.81%,4.51%,29181400.0,30192800.000000004,1011400.0,59640600.00000001
sh688050,爱博医疗,195.34,-0.81%,0.42%,17948500.0,39428200.0,21479699.999999996,57415900.0
sh601200,上海环境,9.76,-0.81%,0.51%,26100100.000000004,29237199.999999996,3137100.0,55850600.00000001
sh600006,东风汽车,6.14,-0.81%,1.98%,118000000.0,129000000.0,10390900.0,247000000.00000003
sz300535,达威股份,14.78,-0.81%,1.37%,8014299.999999999,9862500.0,1848200.0,17876800.0
sz300180,华峰超纤,3.66,-0.81%,0.49%,10726900.0,15791600.0,5064700.0,26518500.0
sz300172,中电环保,4.87,-0.81%,1.71%,17108900.0,23857600.000000004,6748700.0,40966600.0
sz002961,瑞达期货,14.64,-0.81%,0.29%,8895000.0,9823300.0,928300.0,18718300.0
sz002695,煌上煌,11.05,-0.81%,0.42%,9653500.0,12000900.0,2347300.0,21654400.0
sz002242,九阳股份,14.68,-0.81%,0.41%,22819600.0,23390100.000000004,570500.0,46211100.0
sz000590,启迪药业,8.53,-0.81%,0.57%,5917500.0,5752700.0,164800.0,11670200.0
sz000407,胜利股份,3.68,-0.81%,0.55%,5684299.999999999,12032000.0,6347700.0,17835100.0
sz301276,嘉曼服饰,25.35,-0.82%,2.84%,7486900.000000001,12017100.0,4530200.0,19504000.0
sz002358,森源电气,4.86,-0.82%,1.73%,33228500.0,45098000.0,11869500.0,78326500.0
sz002189,中光学,16.85,-0.82%,1.14%,22944600.0,27899100.0,4954500.0,50843600.0
sh600526,菲达环保,4.83,-0.82%,0.49%,6390300.0,9794600.0,3404400.0,16821800.0
sz300452,山河药辅,15.65,-0.82%,1.25%,14776199.999999998,21907500.0,7131300.0,36683700.0
sz300860,锋尚文化,59.5,-0.82%,4.28%,41491300.0,64875500.0,23384300.0,106000000.0
sh688125,安达智能,53.31,-0.82%,1.93%,6812800.0,14308599.999999998,7495800.0,21158300.0
sh603331,百达精工,14.55,-0.82%,1.03%,15947900.0,14360300.0,1587700.0,30577399.999999996
sh603136,天目湖,26.59,-0.82%,0.46%,9061000.0,13621700.0,4560800.0,23017700.0
sh605155,西大门,14.53,-0.82%,1.90%,5787600.0,7113300.0,1325600.0,13006900.0
sh603067,振华股份,12.09,-0.82%,0.60%,13327100.0,22400100.000000004,9073000.0,36483100.0
sh601908,京运通,6.05,-0.82%,0.86%,60393900.0,64150700.0,3756800.0,126000000.0
sh600467,好当家,2.41,-0.82%,0.76%,7625300.0,18898600.0,11273300.0,26779100.0
sh600252,中恒集团,2.43,-0.82%,0.27%,6570400.0,15638800.000000002,9068400.0,22224899.999999996
sh600151,航天机电,8.49,-0.82%,0.48%,27535700.0,30931900.0,3396200.0,58467800.0
sz002943,宇晶股份,33.92,-0.82%,10.59%,136000000.0,191000000.0,55004000.0,328000000.0
sz002923,润都股份,13.27,-0.82%,0.46%,6140300.0,9682800.0,3542500.0,15823100.0
sz002783,凯龙股份,8.48,-0.82%,0.69%,8865300.0,11158200.0,2292900.0,20023500.0
sz000688,国城矿业,15.64,-0.82%,0.15%,14642900.0,12550200.0,2092700.0,27193100.0
sz000553,安道麦A,8.49,-0.82%,0.12%,11175700.0,11012000.0,163700.0,22187700.0
sz000488,晨鸣纸业,4.85,-0.82%,0.51%,19412600.0,22600000.0,3187400.0,42012500.0
sz301356,天振股份,21.58,-0.83%,1.11%,6304000.0,6719200.0,415200.00000000006,13023200.0
sz301234,五洲医疗,29.81,-0.83%,1.71%,4977200.0,4449700.0,527500.0,9426800.0
sz301053,远信工业,25.15,-0.83%,5.77%,17658000.0,16632100.0,1025800.0,34290100.0
sh603969,银龙股份,4.76,-0.83%,0.81%,13773500.0,18656400.0,4882900.0,32629300.0
sh603661,恒林股份,33.48,-0.83%,0.21%,4948600.0,4514000.0,434500.0,9917900.0
sh603566,普莱柯,22.66,-0.83%,0.51%,19533000.0,21142399.999999996,1609400.0,41053700.0
sh600621,华鑫股份,10.7,-0.83%,0.33%,14286800.0,22045200.0,7758400.0,38138200.0
sz300529,健帆生物,22.65,-0.83%,0.61%,29731900.0,41866200.0,12134300.0,71598100.0
sz300174,元力股份,17.89,-0.83%,3.97%,150000000.0,110000000.00000001,39230300.0,260000000.0
sz002365,永安药业,9.61,-0.83%,0.70%,7916500.0,8567600.0,651100.0,16484100.0
sz002107,沃华医药,5.96,-0.83%,0.50%,7216900.000000001,9842000.0,2625100.0,17058900.0
sz000686,东北证券,7.13,-0.83%,0.40%,32283100.0,35361300.0,3078200.0,67645900.0
sz301100,风光股份,21.18,-0.84%,1.33%,6991799.999999999,7130500.0,138700.0,14122300.0
sh601868,中国能建,2.35,-0.84%,1.08%,94860500.0,263000000.0,168000000.0,363000000.0
sh603713,密尔克卫,87.16,-0.84%,0.28%,17909100.0,20862100.0,2953100.0,39241800.0
sh600824,益民集团,3.56,-0.84%,0.45%,5924800.0,10759200.0,4834400.0,16936400.0
sh600478,科力远,7.09,-0.84%,0.51%,27526900.0,33447500.0,5920599.999999999,61852900.0
sz300622,博士眼镜,23.65,-0.84%,0.70%,9203600.0,9848800.0,645200.0,19052400.0
sz300400,劲拓股份,15.37,-0.84%,0.67%,14265000.0,10604800.0,3660200.0,24869800.0
sz002859,洁美科技,28.24,-0.84%,0.46%,27336100.0,25192800.000000004,2143200.0,52528900.0
sz002672,东江环保,5.91,-0.84%,0.45%,6217000.0,12039900.0,5822800.0,18256900.0
sz002606,大连电瓷,9.47,-0.84%,2.97%,55163900.0,63955100.0,8791200.0,119000000.0
sz002192,融捷股份,64.79,-0.84%,2.00%,147000000.0,192000000.0,44609900.0,339000000.0
sz000959,首钢股份,3.54,-0.84%,0.10%,6631799.999999999,14724000.0,8092200.0,21355800.0
sz000729,燕京啤酒,11.82,-0.84%,0.30%,37038800.0,52440900.0,15402000.0,89479700.0
sz300801,泰和科技,16.31,-0.85%,0.61%,5152200.0,8281100.0,3128800.0,13433300.0
sh603188,亚邦股份,3.51,-0.85%,0.52%,4509100.0,5827000.0,1317800.0,10552300.0
sh603725,天安新材,8.15,-0.85%,1.09%,9042100.0,9228200.0,186100.0,18377000.0
sh688009,中国通号,5.86,-0.85%,0.18%,49565600.00000001,43904200.0,5661400.0,93469700.0
sh603367,辰欣药业,15.13,-0.85%,0.47%,15450700.0,16441300.000000002,990600.0,32073500.0
sh603359,东珠生态,10.54,-0.85%,0.97%,22158900.0,22751400.0,592500.0,45861700.0
sh603269,海鸥股份,15.25,-0.85%,3.52%,38786800.0,46345300.0,7558600.0,86124900.0
sh603167,渤海轮渡,6.99,-0.85%,0.38%,5171700.0,7159299.999999999,1987600.0,12429500.0
sh601990,南京证券,8.21,-0.85%,0.18%,19227800.0,34134000.0,14906300.000000002,54316700.0
sh600456,宝钛股份,33.81,-0.85%,0.48%,35034600.0,42942000.0,7907400.0,77986800.0
sh600233,圆通速递,15.25,-0.85%,0.16%,33813800.0,48675300.0,14861400.000000002,82496800.0
sz001219,青岛食品,18.65,-0.85%,1.61%,9167000.0,13674600.0,4507600.0,22841600.0
sz002960,青鸟消防,17.6,-0.85%,0.43%,19547300.0,28509500.0,8962200.0,48056800.0
sz002832,比音勒芬,33.92,-0.85%,0.40%,23088400.0,29491000.0,6402600.0,52579500.0
sz002133,广宇集团,3.5,-0.85%,1.00%,14434900.0,12558300.0,1876600.0,26993200.0
sz000733,振华科技,92.37,-0.85%,0.34%,77238500.0,87844599.99999999,10606099.999999998,165000000.0
sz301237,和顺科技,29.93,-0.86%,1.27%,6758600.0,7772000.0,1013500.0,14530600.0
sz000705,浙江震元,8.05,-0.86%,0.87%,7897400.0,11954000.0,4056500.0,19851400.0
sh605588,冠石科技,44.91,-0.86%,7.44%,37341700.0,41282000.0,3940299.9999999995,78632600.0
sh605303,园林股份,11.49,-0.86%,0.91%,3848100.0,3060400.0,787600.0,7157600.0
sh600918,中泰证券,6.9,-0.86%,0.42%,52905400.0,62943600.0,10038200.0,117000000.0
sh601702,华峰铝业,14.93,-0.86%,3.56%,69613600.0,78724900.0,9111300.0,149000000.0
sh688029,南微医学,80.43,-0.86%,0.53%,38703500.0,40245300.0,1541800.0,79036500.0
sh603060,国检集团,10.33,-0.86%,0.18%,7903500.0,6812500.0,1090900.0,14931900.0
sh600686,金龙汽车,8.04,-0.86%,6.21%,172000000.0,189000000.0,17560000.0,364000000.0
sh600576,祥源文旅,8.08,-0.86%,0.67%,15657900.0,20421300.0,4763300.0,36547800.0
sh688580,伟思医疗,67.11,-0.87%,1.62%,12589300.0,14951500.0,2362200.0,27556900.0
sz301176,逸豪新材,17.02,-0.87%,2.38%,6847100.0,9837600.0,2990500.0,16684700.0
sz301190,善水科技,18.33,-0.87%,1.02%,6366500.0,7017300.0,650800.0,13383699.999999998
sh688419,耐科装备,39.8,-0.87%,6.61%,21310000.0,30413200.0,9103200.0,51723200.0
sh600408,安泰集团,2.27,-0.87%,0.53%,5751900.000000001,6416100.0,664100.0,12189800.0
sz300998,宁波方正,31.85,-0.87%,4.96%,26969500.0,28739600.0,1770000.0,55709100.0
sh688660,电气风电,5.67,-0.87%,0.63%,8852800.0,10320300.0,1467500.0,19173100.0
sh603580,艾艾精工,13.64,-0.87%,0.58%,4905400.0,4559400.0,346000.0,10359600.0
sh600692,亚通股份,5.69,-0.87%,1.07%,6407000.0,8751600.0,2344600.0,15570500.0
sh603967,中创物流,9.13,-0.87%,0.27%,3743600.0,4584400.0,840800.0,8562600.0
sh603115,海星股份,14.8,-0.87%,0.70%,11871099.999999998,12849200.0,978000.0,24991200.0
sh601018,宁波港,3.41,-0.87%,0.06%,6220300.0,19657300.0,13437000.0,26261900.0
sh600929,雪天盐业,7.94,-0.87%,0.78%,28308700.0,37729700.0,9421000.0,66383000.0
sz300690,双一科技,15.99,-0.87%,1.24%,9468400.0,12319100.0,2850800.0,21787500.0
sz300618,寒锐钴业,33.21,-0.87%,0.83%,39034500.0,36621300.0,2413200.0,75655800.0
sz002085,万丰奥威,6.83,-0.87%,1.25%,84805600.0,99691299.99999999,14885800.0,184000000.0
sz000726,鲁泰A,6.76,-0.88%,0.76%,15616700.0,14375300.0,1241400.0,29991900.0
sh603162,海通发展,16.8,-0.88%,1.40%,5084400.0,9270300.0,4185899.9999999995,14405100.0
sz002963,豪尔赛,14.65,-0.88%,0.74%,6573300.0,6969500.0,396200.0,13542800.0
sz301345,涛涛车业,52.84,-0.88%,14.71%,89921000.0,96947300.0,7026200.0,187000000.0
sh688429,时创能源,26.95,-0.88%,12.94%,45864600.0,59129600.0,13264900.0,105000000.0
sz002081,金螳螂,4.53,-0.88%,0.39%,22172500.0,24546500.0,2374100.0,46718900.0
sh605086,龙高股份,20.28,-0.88%,0.72%,2794400.0,4606700.0,1812300.0,7484200.0
sh605003,众望布艺,19.12,-0.88%,1.64%,4183500.0,4382900.0,199400.0,8621900.0
sh688357,建龙微纳,64.52,-0.88%,0.48%,12381600.0,13670200.0,1288600.0000000002,26116400.0
sh603883,老百姓,28.26,-0.88%,0.52%,40268100.0,45142100.0,4874000.0,85831400.0
sh603128,华贸物流,8.96,-0.88%,0.30%,15666800.0,19392100.0,3725299.9999999995,35386800.0
sh603121,华培动力,8.99,-0.88%,2.71%,37621000.0,44671600.0,7050599.999999999,83357700.0
sh603050,科林电气,16.81,-0.88%,4.27%,77088800.0,88033000.0,10944200.0,166000000.0
sh601928,凤凰传媒,11.21,-0.88%,0.53%,81788600.0,70948300.0,10840300.0,153000000.0
sh601611,中国核建,7.86,-0.88%,1.16%,122000000.0,142000000.0,20057100.0,266000000.0
sh600567,山鹰国际,2.24,-0.88%,0.40%,12067000.0,27729899.999999996,15662900.0,40145400.0
sh600156,华升股份,4.48,-0.88%,0.58%,5953900.0,4559300.0,1394700.0,10513200.0
sh600019,宝钢股份,5.66,-0.88%,0.11%,61190200.00000001,79659800.0,18469600.0,141000000.0
sz300783,三只松鼠,19.08,-0.88%,0.89%,21262300.0,26911800.0,5649500.0,48174100.0
sz300421,力星股份,11.22,-0.88%,4.76%,59837299.99999999,63535800.0,3698500.0,123000000.0
sz300388,节能国祯,6.73,-0.88%,0.34%,7048600.0,9263700.0,2215100.0,16312300.0
sz300337,银邦股份,6.73,-0.88%,1.06%,21818500.0,29348800.0,7530300.0,51167299.99999999
sz300320,海达股份,7.9,-0.88%,1.01%,17228400.0,22877500.0,5649100.0,40105900.0
sz300009,安科生物,10.11,-0.88%,0.45%,22180100.000000004,30869699.999999996,8689700.0,53049900.0
sz002921,联诚精密,15.85,-0.88%,8.98%,68549100.0,91513500.0,22964500.0,160000000.0
sz002487,大金重工,31.44,-0.88%,3.07%,266000000.0,348000000.0,81604500.0,613000000.0
sz002413,雷科防务,5.61,-0.88%,7.69%,248000000.0,291000000.0,43387900.0,539000000.0
sz002398,垒知集团,5.63,-0.88%,0.86%,12503200.0,15857100.0,3353900.0,28360300.000000004
sz002083,孚日股份,4.52,-0.88%,0.54%,8197000.0,11776199.999999998,3579200.0,19973100.0
sz000966,长源电力,5.66,-0.88%,3.65%,119000000.0,151000000.0,31094100.0,270000000.0
sz000878,云南铜业,11.29,-0.88%,0.52%,54150900.0,63296899.99999999,9146100.0,117000000.0
sz000777,中核科技,13.47,-0.88%,1.50%,35023200.0,42642100.0,7618900.0,77665400.0
sz000750,国海证券,3.38,-0.88%,0.28%,20146600.0,30790000.0,10643400.0,50936600.0
sz000709,河钢股份,2.26,-0.88%,0.22%,19441900.0,32771200.0,13329300.0,52213100.00000001
sz000708,中信特钢,15.78,-0.88%,0.05%,17761700.0,22762100.0,5000400.0,40523800.0
sz000702,正虹科技,5.62,-0.88%,2.15%,14184800.0,18421500.0,4236600.0,32606300.0
sz000565,渝三峡A,5.66,-0.88%,0.50%,5006000.0,7184500.0,2178500.0,12190600.0
sz000737,北方铜业,5.59,-0.89%,0.69%,13610900.0,14483500.0,872600.0,28094500.0
sh688560,明冠新材,26.63,-0.89%,2.47%,39955100.0,44577200.0,4622100.0,84532500.0
sz000920,沃顿科技,10.02,-0.89%,1.24%,24814100.0,27672199.999999996,2858100.0,52486300.0
sh603339,四方科技,15.6,-0.89%,1.09%,23943200.0,28647800.000000004,4704600.0,53204200.0
sh603103,横店影视,19.01,-0.89%,1.85%,97809800.0,122000000.0,24227700.0,224000000.00000003
sh603081,大丰实业,16.62,-0.89%,0.63%,18041500.0,24233400.0,6191900.000000001,42627299.99999999
sz300554,三超新材,21.24,-0.89%,3.42%,27663300.0,28013500.0,350200.00000000006,55676800.0
sz002346,柘中股份,12.27,-0.89%,0.31%,5370500.0,9794000.0,4423500.0,15169500.0
sz000935,四川双马,16.65,-0.89%,0.27%,13936700.0,19958200.0,6021500.0,33894900.0
sz000523,广州浪奇,3.33,-0.89%,0.72%,14166099.999999998,19097000.0,4930800.0,33263100.0
sz000061,农产品,6.57,-0.90%,0.79%,44351000.0,44232800.0,118100.0,88583799.99999999
sz002569,ST步森,5.53,-0.90%,0.37%,883900.0,1993000.0,1109100.0,2876900.0
sz301223,中荣股份,18.69,-0.90%,1.05%,2974700.0000000005,6590200.0,3615500.0,9564900.0
sz301439,泓淋电力,18.72,-0.90%,13.57%,115999999.99999999,122000000.0,6101000.0,238000000.0
sz301065,本立科技,21.0,-0.90%,0.84%,3613200.0,4518200.0,905000.0,8131400.0
sz000978,桂林旅游,7.74,-0.90%,1.11%,11749500.0,19466800.0,7717300.0,31216400.0
sz003040,楚天龙,17.65,-0.90%,2.48%,39044800.0,57152500.0,18107700.0,96197300.0
sh600367,红星发展,15.33,-0.90%,4.54%,99946800.0,106000000.0,6485100.0,206000000.0
sh603917,合力科技,23.12,-0.90%,3.83%,66484799.99999999,73415900.0,6931100.0,142000000.0
sh603755,日辰股份,30.72,-0.90%,0.40%,4846800.0,7184299.999999999,2337500.0,12138599.999999998
sh603739,蔚蓝生物,13.26,-0.90%,0.26%,3903500.0,4769400.0,865900.0,8721900.0
sh603700,宁水集团,14.35,-0.90%,0.63%,9393000.0,8777700.0,615300.0,18411900.0
sh601066,中信建投,24.17,-0.90%,0.23%,92436400.0,118000000.0,25275700.0,214000000.0
sh600635,大众公用,3.32,-0.90%,0.40%,13579900.0,18363700.0,4783800.0,32187300.0
sh600500,中化国际,5.5,-0.90%,0.28%,19767600.0,27944800.0,8177200.0,48069799.99999999
sh600400,红豆股份,3.29,-0.90%,0.32%,11125900.0,13259500.0,2133600.0,24385700.0
sh600315,上海家化,28.49,-0.90%,0.39%,35698600.0,39099600.0,3401000.0,74803900.0
sz300664,鹏鹞环保,5.53,-0.90%,0.55%,8034299.999999999,15619800.0,7585599.999999999,23654100.0
sz300636,同和药业,12.16,-0.90%,0.47%,7216799.999999999,9535400.0,2318600.0,16752200.0
sz300571,平治信息,35.43,-0.90%,1.94%,32726900.0,47187900.0,14461000.0,79914900.0
sz002322,理工能科,9.91,-0.90%,1.56%,24061100.0,31943800.0,7882700.0,56004900.0
sz000419,通程控股,5.53,-0.90%,0.82%,9903400.0,15087100.0,5183600.0,24990500.0
sz000507,珠海港,5.5,-0.90%,0.46%,8016200.0,14767100.0,6750900.0,22783300.0
sz001225,和泰机电,45.84,-0.91%,1.76%,5437600.0,7722300.0,2284700.0,13159800.0
sh603135,中重科技,20.61,-0.91%,11.09%,86991299.99999999,112000000.00000001,24906600.0,202000000.0
sz301327,华宝新能,81.49,-0.91%,5.01%,64877000.0,65299300.0,422299.99999999994,130000000.0
sz301216,万凯新材,16.39,-0.91%,1.36%,20457000.0,41956899.99999999,21499899.999999996,62414000.0
sz301109,军信股份,16.31,-0.91%,1.40%,11162000.0,11469600.0,307600.0,22631600.0
sh603155,新亚强,25.18,-0.91%,0.51%,2768200.0,4354900.0,1586699.9999999998,7312000.0
sh688598,金博股份,113.92,-0.91%,0.64%,54296000.0,46522400.0,7773600.0,101000000.0
sz002282,博深股份,7.59,-0.91%,0.42%,5493500.0,7340800.0,1847300.0,12834200.0
sh603787,新日股份,17.48,-0.91%,0.53%,7605700.000000001,11156300.000000002,3550600.0,19066100.0
sh603577,汇金通,9.77,-0.91%,0.54%,8036600.0,6975800.0,1060900.0,15242000.0
sh601515,东风股份,4.35,-0.91%,0.47%,16283800.000000002,21462199.999999996,5178400.0,38207500.0
sh601228,广州港,3.27,-0.91%,0.26%,23559899.999999996,31883900.0,8324000.0,56672400.0
sh600866,星湖科技,5.43,-0.91%,0.51%,7703400.0,12415600.0,4712200.0,20512100.0
sh600305,恒顺醋业,10.88,-0.91%,0.31%,12322300.0,21770200.0,9447800.0,34108900.0
sh600080,金花股份,7.62,-0.91%,0.36%,3822200.0000000005,6619400.000000001,2797200.0000000005,10441600.0
sz300015,爱尔眼科,18.43,-0.91%,0.31%,208000000.0,246000000.0,37473500.0,454000000.0
sz002719,麦趣尔,9.85,-0.91%,3.72%,26085800.0,33354100.0,7268300.0,59439900.0
sz002412,汉森制药,6.56,-0.91%,0.86%,12007800.0,16222600.0,4214900.0,28230400.0
sz002130,沃尔核材,7.59,-0.91%,1.55%,73150700.0,75554800.0,2404100.0,149000000.0
sz002010,传化智联,5.46,-0.91%,0.64%,29962300.0,64039100.0,34076800.0,94001299.99999999
sz002007,华兰生物,21.82,-0.91%,0.26%,35892700.0,54142700.00000001,18250000.0,90035500.0
sz000958,电投产融,4.35,-0.91%,0.16%,12300600.0,26028600.0,13727900.0,38329200.0
sz000685,中山公用,7.63,-0.91%,0.45%,18493700.0,24920300.000000004,6426500.0,43414100.0
sz000027,深圳能源,6.55,-0.91%,0.41%,51147200.0,75395800.0,24248600.0,127000000.0
sz301408,华人健康,17.22,-0.92%,3.75%,18998800.0,17653500.0,1345400.0,36652300.0
sz002968,新大正,15.08,-0.92%,0.54%,6498500.0,10133700.0,3635200.0,16632200.0
sz002069,獐子岛,4.29,-0.92%,0.91%,11506600.0,16197700.0,4691100.0,27704300.0
sz300968,格林精密,8.6,-0.92%,2.53%,19527900.0,18463000.0,1064900.0,37990900.0
sz300867,圣元环保,17.24,-0.92%,0.58%,5833500.0,9521900.0,3688399.9999999995,15355400.0
sh600916,中国黄金,11.88,-0.92%,0.99%,36589400.0,58740900.0,22151500.0,97004200.0
sz300899,上海凯鑫,24.82,-0.92%,2.52%,10503699.999999998,9634800.0,868900.0,20138500.0
sz300750,宁德时代,226.99,-0.92%,0.22%,932000000.0,1044000000.0,111000000.00000001,1976000000.0000002
sz300153,科泰电源,8.6,-0.92%,2.62%,33151600.0,38817300.0,5665700.000000001,71969000.0
sz002673,西部证券,6.44,-0.92%,0.29%,34557500.0,42933700.0,8376200.0,77495100.0
sz000955,欣龙控股,4.33,-0.92%,0.41%,4320000.0,5380000.0,1059900.0,9700000.0
sz000757,浩物股份,4.32,-0.92%,1.29%,13060600.0,15626900.0,2566300.0,28688000.0
sz000782,美达股份,5.34,-0.93%,0.85%,8028600.0,16123000.0,8094400.000000001,24151600.0
sz301277,新天地,19.2,-0.93%,3.02%,12485600.0,16785100.0,4299500.0,29270700.0
sz003041,真爱美家,15.99,-0.93%,1.27%,5522200.0,3780800.0,1741399.9999999998,9303000.0
sz300973,立高食品,63.63,-0.93%,1.09%,25205600.0,24330600.0,875000.0,49536300.0
sz301148,嘉戎技术,21.32,-0.93%,0.81%,2455500.0,4184300.0,1728800.0,6639800.0
sh688606,奥泰生物,51.35,-0.93%,0.51%,3175899.9999999995,6031799.999999999,2855899.9999999995,9207700.0
sh601992,金隅集团,2.14,-0.93%,0.16%,8522500.0,20123100.0,11600500.0,29012000.0
sh603709,中源家居,18.18,-0.93%,0.65%,5157400.0,4282500.0,874900.0,9496300.0
sh601991,大唐发电,3.2,-0.93%,0.47%,70033500.0,112999999.99999999,43267800.0,185000000.0
sh601006,大秦铁路,7.44,-0.93%,0.22%,95412099.99999999,147000000.0,52025400.0,248000000.0
sh600999,招商证券,13.82,-0.93%,0.08%,35358100.0,48427600.0,13069400.0,85558799.99999999
sh600859,王府井,21.26,-0.93%,0.90%,85038400.0,124000000.0,38695500.0,210000000.0
sh600664,哈药股份,3.18,-0.93%,0.75%,23097500.0,37070400.0,13972900.0,60482500.0
sh600055,万东医疗,20.19,-0.93%,0.48%,20484500.0,31855500.0,11370900.0,52340000.0
sz300420,五洋停车,3.18,-0.93%,1.09%,15116900.0,20402600.0,5285700.000000001,35519400.0
sz300035,中科电气,11.71,-0.93%,1.09%,37907200.0,43907800.0,6000599.999999999,81815000.0
sz002677,浙江美大,10.62,-0.93%,0.48%,9236200.0,12676900.0,3440700.0,21913100.0
sz002110,三钢闽光,4.26,-0.93%,0.25%,11574700.0,14875800.0,3301100.0,26450500.0
sz000861,海印股份,2.12,-0.93%,2.65%,86259800.0,50230700.0,36029100.0,136000000.0
sh688370,丛麟科技,26.34,-0.94%,0.88%,1870400.0,5612800.0,3742300.0,7491100.0
sh600444,国机通用,13.7,-0.94%,0.80%,7238900.0,8880800.0,1642000.0,16145700.0
sz300157,恒泰艾普,3.17,-0.94%,0.93%,7978200.000000001,12683900.000000002,4705700.0,20662100.0
sz002120,韵达股份,9.52,-0.94%,0.89%,93473300.0,146000000.0,52591200.0,240000000.0
sz000776,广发证券,14.75,-0.94%,0.38%,137000000.0,193000000.0,56945500.0,330000000.0
sz003017,大洋生物,34.43,-0.95%,1.60%,10991000.0,12528900.000000002,1538000.0,23519899.999999996
sh688585,上纬新材,8.3,-0.95%,0.64%,2032000.0,2407000.0,375100.0,4467200.0
sh603685,晨丰科技,14.57,-0.95%,0.96%,7992600.0,15065700.0,7073099.999999999,23565300.000000004
sh605077,华康股份,26.99,-0.95%,1.17%,23125000.0,24540100.000000004,1415100.0,48453100.00000001
sz002986,宇新股份,18.84,-0.95%,0.40%,7534100.0,10065900.0,2531800.0,17600000.0
sz300240,飞力达,6.24,-0.95%,1.01%,9878300.0,13140400.0,3262100.0,23018800.0
sz300863,卡倍亿,60.77,-0.95%,5.95%,58060900.0,63595200.00000001,5534400.000000001,122000000.0
sh600332,白云山,31.25,-0.95%,0.36%,59058700.0,98887000.0,39828300.0,158000000.0
sh600033,福建高速,3.14,-0.95%,0.36%,15598400.0,15499500.0,98900.0,31097900.0
sz300712,永福股份,36.35,-0.95%,0.96%,26699200.0,38304700.0,11605500.0,65003800.0
sz300208,青岛中程,8.36,-0.95%,0.54%,12715100.0,18658200.0,5943200.000000001,31373300.0
sz002936,郑州银行,2.09,-0.95%,0.37%,12458400.0,39121300.0,26662900.0,51579700.0
sz002828,贝肯能源,8.38,-0.95%,1.21%,10261199.999999998,9614000.0,647200.0,19875200.0
sz002753,永东股份,7.27,-0.95%,0.74%,6223900.0,6978099.999999999,754200.0,13202000.0
sz002566,益盛药业,8.33,-0.95%,1.10%,8748700.0,12674800.0,3926100.0,21423400.0
sz002370,亚太药业,4.17,-0.95%,0.84%,6828600.0,12042800.0,5214299.999999999,18871400.0
sz301050,雷电微力,65.65,-0.95%,1.95%,91022800.0,82150400.00000001,8872400.0,173000000.0
sz000683,远兴能源,7.29,-0.95%,1.20%,133000000.0,156000000.0,22616700.0,289000000.0
sz300026,红日药业,5.17,-0.96%,0.91%,55121400.0,72486900.0,17365500.0,128000000.0
sz300952,恒辉安防,20.63,-0.96%,2.02%,7565100.0,11263300.0,3698200.0,18828400.0
sz300948,冠中生态,15.44,-0.96%,3.80%,21469400.0,20065800.0,1403600.0000000002,41535200.00000001
sz300967,晓鸣股份,15.45,-0.96%,2.31%,20647399.999999996,17002100.0,3645299.9999999995,37649400.0
sh605066,天正电气,9.3,-0.96%,1.58%,16093000.0,17372000.0,1278900.0,33798900.0
sh688680,海优新材,108.52,-0.96%,2.47%,65536000.0,74833700.0,9297700.0,140000000.0
sh603059,倍加洁,22.59,-0.96%,0.66%,7995100.0,6349200.0,1645900.0,15026500.0
sh601886,江河集团,9.33,-0.96%,0.37%,17627600.0,20993800.0,3366200.0,39175600.0
sh600505,西昌电力,9.31,-0.96%,3.57%,53579399.99999999,67185600.0,13606199.999999998,122000000.0
sh600458,时代新材,11.38,-0.96%,1.46%,59994000.0,74202200.0,14208200.0,135000000.0
sz300692,中环环保,7.23,-0.96%,0.65%,7250400.0,10482400.0,3232100.0,17732800.0
sz300486,东杰智能,9.25,-0.96%,0.97%,13928599.999999998,21812000.0,7883300.0,35740600.0
sz300256,ST星星,3.1,-0.96%,0.68%,11723800.000000002,20004100.0,8280300.0,31727800.000000004
sz002864,盘龙药业,39.01,-0.96%,2.92%,33313400.0,40765100.0,7451600.0,74078500.0
sz002469,三维化学,6.17,-0.96%,1.20%,20737399.999999996,25328700.0,4591300.0,46066000.0
sz002179,中航光电,44.26,-0.96%,0.31%,155000000.0,125000000.0,29879699.999999996,280000000.0
sz002171,楚江新材,7.22,-0.96%,0.44%,19470400.0,22420000.0,2949500.0,41890400.0
sz002050,三花智控,27.79,-0.96%,0.92%,461000000.00000006,454000000.0,7347500.0,915000000.0
sz002615,哈尔斯,7.16,-0.97%,1.65%,15636800.0,18331300.0,2694500.0,33968100.0
sh688737,中自科技,42.74,-0.97%,1.09%,10568900.000000002,11447100.0,878100.0,22033100.0
sz301001,凯淳股份,27.57,-0.97%,6.96%,30940900.0,35177200.0,4236200.0,66118100.00000001
sz300868,杰美特,18.35,-0.97%,2.15%,7355200.0,12551500.0,5196300.0,19906700.0
sh688508,芯朋微,66.05,-0.97%,2.23%,57039000.0,48527500.0,8511500.0,106000000.0
sz300832,新产业,60.35,-0.97%,0.21%,37267400.0,51093800.0,13826400.000000002,88361400.0
sh603668,天马科技,14.28,-0.97%,0.64%,13482300.0,26283700.0,12801400.000000002,40121600.0
sh600459,贵研铂业,15.24,-0.97%,0.54%,29493400.0,31670600.0,2177200.0,61168500.0
sh600255,鑫科材料,2.05,-0.97%,0.83%,11035600.0,19888800.0,8853200.0,30928100.0
sh600061,国投资本,7.13,-0.97%,0.18%,43683100.00000001,40940700.0,2742400.0,84623799.99999999
sz300649,杭州园林,22.43,-0.97%,5.12%,55448900.0,65772800.0,10324000.0,121000000.0
sz300283,温州宏丰,6.12,-0.97%,5.64%,42964000.0,63932200.0,20968100.0,107000000.0
sz300160,秀强股份,6.14,-0.97%,0.97%,14553500.0,28895500.0,14342000.0,43449100.0
sz002959,小熊电器,74.38,-0.97%,0.70%,36195400.0,45704500.0,9509100.0,81900000.0
sz002939,长城证券,8.13,-0.97%,0.43%,51581400.0,71960500.0,20379100.0,124000000.0
sz002328,新朋股份,6.13,-0.97%,2.95%,54287500.0,49427000.0,4860500.0,104000000.0
sz000828,东莞控股,9.15,-0.97%,0.21%,8162500.0,11921600.0,3759100.0000000005,20084000.0
sz000060,中金岭南,5.1,-0.97%,1.67%,150000000.0,171000000.0,21008400.0,320000000.0
sz001331,胜通能源,18.27,-0.98%,1.67%,5730900.0,7155100.0,1424300.0,12886000.0
sh688236,春立医疗,24.25,-0.98%,1.74%,15975400.0,16980000.0,1004599.9999999999,32955400.0
sz002333,罗普斯金,6.07,-0.98%,1.07%,13375000.0,14606600.0,1231600.0,27981700.0
sz300811,铂科新材,56.83,-0.98%,1.42%,52095200.00000001,74429200.0,22334000.0,127000000.0
sh688266,泽璟制药,47.62,-0.98%,0.52%,17645600.0,18039900.0,394400.0,35909700.0
sh688379,华光新材,20.16,-0.98%,1.72%,7651500.0,8636900.0,985400.0000000001,16316700.0
sh605199,葫芦娃,15.11,-0.98%,0.24%,6546799.999999999,7597600.0,1050800.0,14458800.000000002
sh601069,西部黄金,13.17,-0.98%,0.80%,35770900.0,35333200.0,437700.00000000006,71615100.0
sh600702,舍得酒业,125.3,-0.98%,1.11%,199000000.0,260000000.0,60482600.0,463999999.99999994
sh600023,浙能电力,5.04,-0.98%,0.28%,69565700.0,119000000.0,49419399.99999999,189000000.0
sz300441,鲍斯股份,6.04,-0.98%,0.66%,11030900.0,14464300.0,3433399.9999999995,25495200.0
sz002674,兴业科技,12.17,-0.98%,0.86%,14901900.0,15597000.0,695100.0,30501400.0
sz002508,老板电器,25.35,-0.98%,0.47%,49519300.0,63227100.0,13707800.0,112999999.99999999
sz002506,协鑫集成,3.03,-0.98%,1.60%,127000000.0,159000000.0,32504000.0,286000000.0
sz002489,浙江永强,4.03,-0.98%,1.34%,50913900.0,51483700.0,569700.0,102000000.0
sz002488,金固股份,7.1,-0.98%,1.17%,34453600.0,41465400.0,7011799.999999999,75922600.0
sz002190,成飞集成,22.29,-0.98%,1.17%,47123500.0,47405600.00000001,282100.0,94529100.0
sz002074,国轩高科,27.35,-0.98%,0.73%,119000000.0,129000000.0,10590700.0,248000000.0
sz000672,上峰水泥,9.12,-0.98%,0.48%,16801200.0,26136100.0,9334800.0,42937299.99999999
sz000036,华联控股,4.06,-0.98%,0.48%,10058600.0,18806000.0,8747300.0,28864600.0
sz301309,万得凯,27.13,-0.99%,0.74%,2419600.0,2635000.0,215400.0,5054600.0
sz300814,中富电路,23.97,-0.99%,11.05%,64147000.0,74642700.0,10495700.0,139000000.0
sz002650,加加食品,4.0,-0.99%,0.47%,8760300.0,13192300.0,4432000.0,21952600.000000004
sh688128,中国电研,23.92,-0.99%,0.55%,20446000.0,33433300.0,12987400.0,53879300.0
sh688005,容百科技,54.02,-0.99%,1.35%,89963799.99999999,114999999.99999999,25514100.0,204999999.99999997
sh603895,天永智能,24.94,-0.99%,0.28%,3034500.0,4569400.0,1534900.0,7683700.0
sh600960,渤海汽车,3.99,-0.99%,3.10%,51188000.0,66642600.0,15454600.0,119000000.0
sh600901,江苏金租,4.02,-0.99%,0.33%,24869100.0,30669400.0,5800300.0,55952200.0
sh600559,老白干酒,24.09,-0.99%,1.50%,128000000.0,197000000.0,68431400.0,328000000.0
sh600325,华发股份,9.0,-0.99%,0.92%,88867000.0,85872000.0,2995000.0,175000000.0
sh600272,开开实业,8.98,-0.99%,0.59%,3618700.0,4981800.0,1363100.0,8601300.0
sz300110,华仁药业,4.0,-0.99%,0.71%,11948699.999999998,21844500.0,9895800.0,33793200.0
sz002856,美芝股份,10.01,-0.99%,1.60%,9147100.0,8058400.0,1088700.0,17205500.0
sz002098,浔兴股份,5.98,-0.99%,0.40%,4862100.0,3818100.0,1044000.0,8680200.0
sz002972,科安达,12.83,-1.00%,1.57%,12233599.999999998,12935000.0,701400.0,25168600.0
sz301002,崧盛股份,20.78,-1.00%,1.22%,7785200.0,7027300.0,757900.0000000001,14812500.0
sz002295,精艺股份,6.95,-1.00%,1.29%,10974200.0,11743800.000000002,769599.9999999999,22718000.0
sh600397,安源煤业,2.98,-1.00%,0.87%,8230400.0,17421900.0,9191500.0,25679100.0
sz301428,世纪恒通,35.6,-1.00%,10.86%,43950600.00000001,47414700.0,3464100.0000000005,91365200.0
sz300381,溢多利,6.94,-1.00%,0.54%,6616700.0,11059300.0,4442700.0,17676000.0
sh688676,金盘科技,31.83,-1.00%,2.09%,70140500.0,57974799.99999999,12165700.0,128000000.0
sz300851,交大思诺,25.74,-1.00%,1.76%,7118600.0,8711600.0,1593000.0,15830200.0
sh688388,嘉元科技,25.82,-1.00%,1.09%,50361100.0,67193100.0,16832000.0,118000000.0
sh601778,晶科科技,4.95,-1.00%,0.65%,42937000.0,49530500.0,6593500.0,92904500.0
sh600285,羚锐制药,14.91,-1.00%,0.87%,33262900.0,39875600.0,6612700.0,73139900.0
sh600276,恒瑞医药,47.76,-1.00%,0.23%,292000000.0,405000000.0,112999999.99999999,697000000.0
sh600056,中国医药,12.82,-1.00%,0.56%,30767900.0,76252600.0,45484600.0,107000000.0
sz300553,集智股份,52.47,-1.00%,1.84%,23957600.000000004,28546400.0,4588700.0,52504100.0
sz300069,金利华电,13.8,-1.00%,0.68%,5470700.000000001,5607500.0,136800.0,11078200.0
sz002679,福建金森,12.84,-1.00%,1.46%,19545500.0,25190000.0,5644500.0,44735500.0
sz002451,摩恩电气,6.91,-1.00%,1.33%,20712000.0,19904500.0,807500.0,40616600.0
sh601956,东贝集团,5.93,-1.00%,1.72%,10323200.0,22118100.0,11794900.0,32966700.0
sz002044,美年健康,6.92,-1.00%,0.98%,132000000.0,137000000.0,4787100.0,269000000.0
sz000690,宝新能源,6.93,-1.00%,1.34%,111000000.00000001,93994300.0,16523100.0,204999999.99999997
sz000633,合金投资,6.96,-1.00%,1.52%,16615600.0,24551800.0,7936200.0,41167299.99999999
sz000612,焦作万方,4.94,-1.00%,0.54%,16275500.0,15785000.0,490500.0,32060600.0
sh600238,海南椰岛,10.79,-1.01%,1.15%,19112100.0,36234200.0,17122100.0,55346300.0
sz300716,泉为科技,14.72,-1.01%,1.67%,18431600.0,21018800.0,2587200.0000000005,39450400.0
sh603663,三祥新材,15.62,-1.01%,1.24%,25538200.0,32697000.0,7158800.0,58830000.0
sh603239,浙江仙通,16.69,-1.01%,0.80%,17953700.0,18270600.0,316900.0,36556400.0
sh603233,大参林,27.4,-1.01%,0.22%,28593100.0,40120500.0,11527400.0,69684500.0
sh603217,元利科技,25.54,-1.01%,0.30%,7108500.0,8663000.0,1554500.0,15797000.0
sh601998,中信银行,5.86,-1.01%,0.08%,58882100.0,92546299.99999999,33664200.0,153000000.0
sz300758,七彩化学,9.85,-1.01%,0.58%,8390100.0,9756400.0,1366399.9999999998,18146500.0
sz300255,常山药业,4.88,-1.01%,0.42%,6171600.0,13078599.999999998,6907000.0,19250100.0
sz002039,黔源电力,13.77,-1.01%,0.44%,8842600.0,17198200.0,8355599.999999999,26040800.0
sh688570,天玛智控,26.29,-1.02%,4.64%,27289699.999999996,39408100.0,12118400.0,66776700.0
sz000088,盐田港,4.87,-1.02%,0.15%,5900800.0,11101900.0,5201100.0,17002700.0
sh603280,南方路机,24.15,-1.02%,3.02%,8317500.0,11534900.0,3217300.0,19968300.0
sz002040,南京港,6.77,-1.02%,0.54%,7213800.0,10616600.0,3402799.9999999995,17830400.0
sh688505,复旦张江,8.77,-1.02%,0.37%,8608800.0,12884800.0,4276000.0,21493500.0
sh603610,麒盛科技,11.64,-1.02%,0.42%,7006000.0,10361000.0,3355100.0,17489200.0
sh603882,金域医学,73.91,-1.02%,0.24%,32833400.0,47191100.0,14357800.0,81028900.0
sh603657,春光科技,17.44,-1.02%,0.53%,6193000.0,6285900.0,92899.99999999999,12656800.0
sh603001,ST奥康,5.81,-1.02%,0.43%,3276500.0,6296400.0,3020000.0,10086500.0
sh601881,中国银河,11.63,-1.02%,1.11%,405999999.99999994,458000000.0,52716600.0,875000000.0
sh600917,重庆燃气,6.8,-1.02%,0.17%,7570200.0,9967300.0,2397100.0,17690500.0
sh603527,众源新材,12.63,-1.02%,0.99%,14610200.0,15974100.0,1363899.9999999998,30830500.0
sh600585,海螺水泥,23.25,-1.02%,0.34%,98514800.0,216000000.0,117000000.0,317000000.0
sh600495,晋西车轴,4.84,-1.02%,6.71%,195000000.0,206999999.99999997,11510300.0,401999999.99999994
sh600479,千金药业,10.68,-1.02%,1.96%,41928200.0,46442400.0,4514300.0,88370600.0
sz300525,博思软件,15.48,-1.02%,1.03%,50583300.0,44416600.0,6166700.0,95000000.0
sz300443,金雷股份,34.08,-1.02%,1.83%,53388400.0,62106400.0,8718100.0,114999999.99999999
sz300354,东华测试,43.66,-1.02%,0.88%,12724600.0,18294100.0,5569400.000000001,31018700.0
sz300237,美晨生态,1.95,-1.02%,0.88%,10643100.0,14257900.0,3614700.0000000005,24901000.0
sz000551,创元科技,10.71,-1.02%,1.09%,24178600.0,22530600.0,1648000.0,46709200.0
sz000426,兴业银锡,9.72,-1.02%,0.88%,52422600.0,75100800.0,22678200.0,128000000.0
sz000546,ST金圆,6.72,-1.03%,2.28%,47992200.0,62150800.0,14158599.999999998,110000000.00000001
sz003025,思进智能,15.3,-1.03%,1.53%,13041700.0,13752300.0,710699.9999999999,26794000.0
sh688187,时代电气,43.3,-1.03%,1.51%,53084399.99999999,86115300.0,33030900.0,139000000.0
sz301486,致尚科技,60.5,-1.03%,38.77%,328000000.0,413999999.99999994,86251800.0,743000000.0
sz301033,迈普医学,41.49,-1.03%,0.76%,5490300.0,6334400.000000001,844100.0,11824700.0
sz002727,一心堂,25.04,-1.03%,0.52%,18856400.0,32941100.0,14084700.0,51800100.0
sz002330,得利斯,5.77,-1.03%,0.72%,9087300.0,17471600.0,8384299.999999999,26558800.0
sh603578,三星新材,14.38,-1.03%,1.04%,12792400.0,14235200.0,1442700.0,27264899.999999996
sh601799,星宇股份,132.5,-1.03%,0.26%,46142100.0,52724700.0,6582600.0,99542600.0
sh600827,百联股份,12.54,-1.03%,0.56%,38877300.0,74216700.0,35339400.0,113999999.99999999
sh600513,联环药业,9.58,-1.03%,0.51%,5072500.0,8891700.0,3819300.0,13964200.0
sh600308,华泰股份,3.84,-1.03%,0.51%,14194800.0,15498000.0,1303200.0,29692700.0
sz300665,飞鹿股份,8.63,-1.03%,1.46%,8856300.0,10086100.0,1229700.0,18942400.0
sz300358,楚天科技,14.43,-1.03%,0.60%,17916800.0,26595200.0,8678400.0,44511899.99999999
sz300319,麦捷科技,8.62,-1.03%,1.22%,41144900.0,46431500.0,5286600.0,87576299.99999999
sz002901,大博医疗,30.75,-1.03%,0.17%,8170300.0,10734000.0,2563700.0,18904300.0
sz002826,易明医药,10.55,-1.03%,1.09%,9789400.0,10576900.0,787500.0,20366400.0
sz000758,中色股份,4.82,-1.03%,0.79%,32660200.0,42179399.99999999,9519100.0,74839600.0
sz001238,浙江正特,22.85,-1.04%,2.41%,6506400.0,8715100.0,2208700.0,15221500.0
sh688679,通源环境,14.21,-1.04%,0.52%,2263500.0,2190300.0,73200.0,4456700.0
sh603815,交建股份,6.65,-1.04%,0.47%,6399299.999999999,12620700.0,6221400.0,19514100.0
sh600008,首创环保,2.85,-1.04%,0.37%,24812399.999999996,53163800.0,28351300.0,77976100.0
sh603666,亿嘉和,38.18,-1.04%,1.87%,56666700.0,90835800.0,34169100.0,148000000.0
sh603368,柳药集团,22.85,-1.04%,1.06%,37977800.0,48487000.0,10509200.0,88254000.0
sh603105,芯能科技,18.05,-1.04%,3.40%,138000000.0,168000000.0,30281000.0,308000000.0
sh600662,外服控股,5.72,-1.04%,0.37%,9537200.0,13082200.0,3545000.0,22866500.0
sh600380,健康元,12.38,-1.04%,0.34%,33350500.0,48142000.0,14791500.0,81496300.0
sh600217,中再资环,4.78,-1.04%,0.23%,5968300.0,9547600.0,3579300.0,15519200.0
sh600162,香江控股,1.91,-1.04%,1.03%,29221700.0,35692000.0,6470300.0,64913700.0
sz300568,星源材质,17.16,-1.04%,1.01%,84814700.0,115999999.99999999,30783800.0,200000000.0
sz300158,振东制药,5.72,-1.04%,1.27%,21179800.0,53480000.0,32300200.0,74659700.0
sz002797,第一创业,5.7,-1.04%,0.34%,26037600.000000004,53271100.0,27233500.0,79308700.0
sz002393,力生制药,24.71,-1.04%,0.52%,11182800.0,12209900.0,1027099.9999999999,23392700.0
sz002326,永太科技,15.17,-1.04%,1.84%,71012100.0,120000000.0,49432299.99999999,191000000.0
sz002251,步步高,4.78,-1.04%,3.73%,70128600.0,85063300.0,14934700.0,155000000.0
sz002250,联化科技,10.5,-1.04%,2.05%,102000000.0,96896700.0,4995200.0,199000000.0
sz000833,粤桂股份,6.66,-1.04%,0.93%,9039800.0,14385600.0,5345900.0,23425400.0
sz301376,致欧科技,24.6,-1.05%,9.78%,35321800.0,45615000.0,10293200.0,80936800.0
sh688428,诺诚健华,11.34,-1.05%,0.95%,9172700.0,16917700.0,7744900.0,26090400.0
sz300864,南大环境,23.5,-1.05%,5.86%,29598600.0,24463200.0,5135400.0,54061800.0
sz301047,义翘神州,85.95,-1.05%,0.69%,12089500.0,22827800.000000004,10738400.0,34917300.0
sh688335,复洁环保,24.45,-1.05%,0.63%,4345400.0,6503300.0,2157900.0,10853599.999999998
sz301008,宏昌科技,28.3,-1.05%,5.01%,16762500.0,18529700.0,1767100.0,35292200.0
sh603608,天创时尚,4.69,-1.05%,1.27%,10826700.0,14392300.0,3565600.0,25397199.999999996
sz300703,创源股份,9.45,-1.05%,0.64%,4091100.0,6124800.0,2033700.0,10215900.0
sz300625,三雄极光,12.24,-1.05%,0.86%,6875500.0,10002600.0,3127000.0,16878100.0
sz300365,恒华科技,7.52,-1.05%,4.43%,66282900.0,80806200.0,14523300.0,147000000.0
sz300152,新动力,2.83,-1.05%,0.72%,7012700.0,7582300.0,569600.0,14595000.0
sz002910,庄园牧场,11.35,-1.05%,1.20%,11335300.0,12067000.0,731700.0,23402399.999999996
sz002782,可立克,15.07,-1.05%,0.97%,31259200.0,38803600.0,7544400.000000001,70062800.0
sz002688,金河生物,4.7,-1.05%,0.48%,6446799.999999999,10631800.0,4185000.0,17078600.0
sz002500,山西证券,5.65,-1.05%,0.23%,18422800.0,28608200.0,10185400.0,47031000.0
sz000019,深粮控股,7.52,-1.05%,1.10%,15841500.0,18661800.0,2820299.9999999995,34503300.0
sz000504,南华生物,11.21,-1.06%,0.36%,4850000.0,7617700.0,2767600.0,12467700.0
sh688053,思科瑞,62.41,-1.06%,1.92%,21677300.0,25553800.0,3876500.0,47288900.0
sh688455,科捷智能,14.05,-1.06%,1.44%,2827500.0,5366300.0,2538900.0,8194000.0
sh601059,信达证券,13.95,-1.06%,3.26%,54926600.0,91522900.00000001,36596200.0,149000000.0
sh688687,凯因科技,28.97,-1.06%,0.62%,9211400.0,11848300.0,2636900.0,21285300.000000004
sz003019,宸展光电,20.45,-1.06%,1.22%,12147300.0,16170400.0,4023100.0,28317700.0
sz300999,金龙鱼,40.3,-1.06%,0.70%,59922700.00000001,94245400.00000001,34322700.0,154000000.0
sz300439,美康生物,11.2,-1.06%,0.91%,10364000.0,18079800.0,7715800.0,28443800.0
sh601218,吉鑫科技,3.75,-1.06%,0.36%,5517000.0,7725599.999999999,2208600.0,13369300.0
sh600604,市北高新,4.68,-1.06%,0.28%,7338800.0,10990500.0,3651700.0,18509500.0
sh600199,金种子酒,25.09,-1.06%,1.70%,125000000.0,157000000.0,32709600.0,282000000.0
sz300279,和晶科技,5.58,-1.06%,1.27%,12792100.0,18116000.0,5323900.0,30908100.0
sz300244,迪安诊断,25.24,-1.06%,0.31%,18226800.0,21151400.0,2924600.0,39378200.0
sz002505,鹏都农牧,1.86,-1.06%,0.74%,29498700.0,58434500.0,28935900.0,87933300.0
sz000898,鞍钢股份,2.8,-1.06%,0.20%,18124700.0,27445700.0,9321000.0,45570400.0
sz000655,金岭矿业,6.52,-1.06%,0.38%,6454299.999999999,8307800.0,1853500.0,14762200.0
sz000626,远大控股,7.48,-1.06%,0.43%,7096100.0,8970500.0,1874400.0,16066600.0
sh605007,五洲特纸,14.84,-1.07%,2.09%,11069100.0,14452700.0,3383600.0,25877900.0
sh688633,星球石墨,31.31,-1.07%,0.55%,2438400.0,3340400.0,902000.0,5778800.0
sh605080,浙江自然,30.49,-1.07%,0.47%,2719800.0,3895100.0,1175300.0,6749000.0
sh688025,杰普特,81.94,-1.07%,1.92%,59750300.0,62311899.99999999,2561600.0000000005,122000000.0
sh600868,梅雁吉祥,2.77,-1.07%,0.79%,11267400.0,29861700.0,18594400.0,41464600.0
sh600138,中青旅,13.0,-1.07%,1.36%,52418900.0,76388900.0,23970000.0,129000000.0
sz300408,三环集团,30.5,-1.07%,0.36%,100000000.0,108000000.0,7886400.0,208000000.0
sz002933,新兴装备,28.74,-1.07%,1.16%,17204800.0,21069500.0,3864700.0000000005,38274300.0
sz002908,德生科技,13.87,-1.07%,3.68%,68253700.0,91987700.0,23734000.0,160000000.0
sz002745,木林森,9.27,-1.07%,0.94%,36024200.0,48259500.0,12235300.0,84283799.99999999
sz002405,四维图新,11.97,-1.07%,2.58%,349000000.0,370000000.0,21250500.0,719000000.0
sz002215,诺普信,7.3,-1.08%,0.93%,21571800.0,32089100.0,10517200.0,53660900.0
sz301133,金钟股份,29.27,-1.08%,25.35%,126000000.0,126000000.0,429799.99999999994,252000000.0
sh605488,福莱新材,15.6,-1.08%,2.84%,6635000.0,12520200.0,5885200.0,19255000.0
sz000927,中国铁物,2.76,-1.08%,0.52%,20255100.0,43843500.0,23588300.0,64098600.0
sz300887,谱尼测试,19.32,-1.08%,0.72%,12703300.0,14500800.0,1797500.0,27204100.0
sh601456,国联证券,9.18,-1.08%,0.97%,34302200.0,53238100.00000001,18935900.0,88391299.99999999
sh603900,莱绅通灵,6.43,-1.08%,0.77%,7287900.0,9556400.0,2268500.0,16934900.0
sh603638,艾迪精密,18.35,-1.08%,0.33%,23831300.0,26848400.0,3017100.0,51461500.0
sh603558,健盛集团,8.26,-1.08%,0.60%,7424299.999999999,10676900.0,3252600.0,18314300.0
sh600834,申通地铁,8.24,-1.08%,0.24%,3299400.0,6107400.0,2808000.0,9515600.0
sh600606,绿地控股,2.76,-1.08%,0.25%,33494699.999999996,62222700.00000001,28728000.0,95717400.0
sz300720,海川智能,12.81,-1.08%,0.60%,6227000.0,7078700.0,851600.0,13305700.0
sz002890,弘宇股份,14.69,-1.08%,0.78%,7337700.0,6569299.999999999,768400.0,13907000.0
sz002738,中矿资源,50.6,-1.08%,1.31%,186000000.0,219000000.0,33107000.0,404000000.0
sz002661,克明食品,10.94,-1.08%,0.64%,8614500.0,14438100.0,5823600.0,23052600.000000004
sz002108,沧州明珠,4.6,-1.08%,0.75%,29101400.0,29131500.0,30200.0,58232800.0
sz000869,张裕A,31.06,-1.08%,0.23%,16786300.0,15866500.0,919700.0,32652800.000000004
sz000678,襄阳轴承,7.35,-1.08%,13.79%,229000000.0,247000000.00000003,18275900.0,475000000.0
sz000665,湖北广电,5.49,-1.08%,0.94%,16476199.999999998,42191300.0,25715100.000000004,58667500.0
sz000402,金融街,4.52,-1.09%,0.21%,10302300.0,18309900.0,8007500.0,28612199.999999996
sz301238,瑞泰新材,20.85,-1.09%,2.20%,52017200.0,46326500.0,5690700.000000001,98343700.00000001
sz003027,同兴环保,20.82,-1.09%,1.93%,12206500.0,14823900.000000002,2617300.0,27030400.0
sh605180,华生科技,12.76,-1.09%,1.56%,4681100.0,4871900.0,190799.99999999997,9768600.0
sh688076,诺泰生物,34.61,-1.09%,1.10%,23514699.999999996,32992399.999999996,9477700.0,56716000.0
sh688571,杭华股份,6.37,-1.09%,1.15%,9051800.0,8956900.0,94900.0,18008600.0
sh603766,隆鑫通用,5.42,-1.09%,0.76%,35311100.0,48143900.0,12832800.0,85071100.0
sh603218,日月股份,18.22,-1.09%,0.67%,52560100.0,64398400.0,11838300.0,118000000.0
sh603117,ST万林,3.64,-1.09%,0.13%,526600.0,2496500.0,1969800.0,3026000.0
sh600592,龙溪股份,9.97,-1.09%,3.02%,54937500.0,66676800.0,11739300.0,122000000.0
sh600531,豫光金铅,6.37,-1.09%,1.01%,31480100.000000004,39099200.0,7619100.0,70579300.0
sh600110,诺德股份,7.26,-1.09%,0.88%,33900700.0,56220100.0,22319500.0,90120800.0
sz300789,唐源电气,21.8,-1.09%,2.01%,16398599.999999998,17120600.0,722000.0,33519100.0
sz300753,爱朋医疗,17.23,-1.09%,3.98%,23615400.0,27944300.0,4328900.0,51559700.0
sz300694,蠡湖股份,10.87,-1.09%,1.68%,19662500.0,18664300.0,998199.9999999999,38326700.0
sz002422,科伦药业,28.15,-1.09%,0.75%,133000000.0,117000000.0,15267100.0,250000000.0
sz002099,海翔药业,8.15,-1.09%,0.38%,22041000.0,27936600.0,5895599.999999999,49977700.00000001
sz002038,双鹭药业,9.95,-1.09%,1.91%,72891700.0,90844700.0,17953000.0,164000000.0
sz000536,华映科技,1.81,-1.09%,0.37%,5851200.0,12894300.0,7043099.999999999,18745500.0
sz000501,武商集团,9.88,-1.10%,0.65%,14550100.0,34766200.0,20216100.0,49362800.0
sz002561,徐家汇,8.98,-1.10%,1.50%,19341000.0,36697000.0,17356000.0,56038000.0
sz300052,中青宝,18.85,-1.10%,2.66%,55396800.0,77116700.0,21720000.0,133000000.0
sz002836,新宏泽,8.06,-1.10%,0.55%,4205200.0,6001300.0,1796100.0000000002,10206500.0
sz300793,佳禾智能,18.94,-1.10%,2.30%,59042500.0,84742800.0,25700300.000000004,144000000.0
sh600249,两面针,5.41,-1.10%,0.92%,10266400.000000002,17087800.0,6821500.0,27354200.0
sh600187,国中水务,2.7,-1.10%,1.26%,14573800.000000002,40228100.0,25654300.0,54801800.0
sz300429,强力新材,9.93,-1.10%,1.82%,29403300.0,38566300.0,9163000.0,67969600.0
sz300230,永利股份,3.59,-1.10%,0.48%,4279200.0,6629200.0,2350000.0,10908300.0
sz002696,百洋股份,6.32,-1.10%,0.81%,6363099.999999999,11205600.0,4842600.0,17568700.0
sz002132,恒星科技,3.58,-1.10%,0.49%,10291800.0,14538900.000000002,4247200.0,24831800.0
sz000751,锌业股份,3.6,-1.10%,2.83%,70980600.0,73735700.0,2755100.0,145000000.0
sz300564,筑博设计,12.6,-1.10%,0.94%,5629100.0,7238900.0,1609800.0,12868000.0
sz301161,唯万密封,23.1,-1.11%,7.24%,21387700.0,26006800.0,4619100.0,47394600.0
sh600595,中孚实业,2.67,-1.11%,0.24%,10648200.0,14970800.0,4322500.0,25619000.0
sz300185,通裕重工,2.67,-1.11%,0.76%,28764400.0,46686000.0,17921600.0,75450400.0
sh600792,云煤能源,3.56,-1.11%,0.71%,12061300.000000002,12480600.0,419300.0,25099300.0
sh600626,申达股份,3.57,-1.11%,0.59%,7245700.000000001,10669500.0,3423800.0,17915200.0
sh600107,美尔雅,5.34,-1.11%,0.74%,6698700.0,7582800.0,884200.0,14281500.0
sz002382,蓝帆医疗,7.13,-1.11%,0.48%,10825600.0,23681600.0,12856099.999999998,34507200.0
sz001696,宗申动力,7.12,-1.11%,1.05%,32797100.0,33301600.0,504500.0,66098700.0
sz000983,山西焦煤,8.87,-1.11%,0.77%,126000000.0,152000000.0,26184800.0,279000000.0
sz000951,中国重汽,17.87,-1.11%,1.47%,139000000.0,175000000.0,35791400.0,315000000.0
sz301197,工大科雅,23.0,-1.12%,3.95%,10749700.0,16804100.0,6054400.000000001,27553900.0
sz301063,海锅股份,27.25,-1.12%,1.54%,8939500.0,8417700.0,521800.0,17357100.0
sz300796,贝斯美,11.49,-1.12%,0.48%,8561100.0,11461400.000000002,2900299.9999999995,20022500.0
sh688226,威腾电气,21.27,-1.12%,3.12%,27667800.000000004,28452600.000000004,784700.0,56120300.0
sz301281,科源制药,26.5,-1.12%,2.83%,8652800.0,10743200.0,2090500.0,19396000.0
sh601700,风范股份,5.29,-1.12%,0.63%,17810300.0,20028000.0,2217700.0,38153100.0
sh601619,嘉泽新能,4.41,-1.12%,0.62%,30147000.0,35395800.0,5248900.0,66572400.0
sh600739,辽宁成大,13.19,-1.12%,0.20%,15382300.0,25495500.0,10113200.0,41307900.0
sz300385,雪浪环境,6.19,-1.12%,0.52%,4616700.0,4706100.0,89400.0,9322700.0
sz002453,华软科技,11.45,-1.12%,1.25%,37726300.0,49738000.0,12011700.0,87464300.0
sz002297,博云新材,7.95,-1.12%,1.01%,19304200.0,27046500.0,7742400.0,46350700.0
sz000860,顺鑫农业,30.82,-1.12%,1.19%,104000000.0,169000000.0,64623600.0,273000000.0
sz000712,锦龙股份,12.34,-1.12%,0.37%,16520200.0,25041700.0,8521500.0,41562000.0
sh688506,百利天恒,85.02,-1.13%,1.23%,15969800.0,20466200.0,4496300.0,36461500.0
sz001213,中铁特货,4.39,-1.13%,1.02%,14079600.0,32705600.0,18626000.0,46785100.0
sz300833,浩洋股份,118.54,-1.13%,0.97%,36818800.0,24279500.0,12539300.0,61098300.0
sz300808,久量股份,13.95,-1.13%,1.95%,11258000.0,11887500.0,629400.0,23145500.0
sz300898,熊猫乳品,21.96,-1.13%,3.14%,18017500.0,18650500.0,633000.0,36670200.0
sh688189,南新制药,9.62,-1.13%,0.46%,4653700.0,7467300.0,2813600.0,12121000.0
sh603979,金诚信,29.76,-1.13%,0.26%,24907600.000000004,21521300.0,3386400.0,46916899.99999999
sh600793,宜宾纸业,12.23,-1.13%,0.41%,3858900.0,4821900.0,962900.0000000001,8825100.0
sh600616,金枫酒业,6.97,-1.13%,1.01%,18640900.0,28974800.0,10333900.000000002,47615600.00000001
sh600360,华微电子,6.97,-1.13%,0.88%,24724500.0,34382900.0,9658300.0,59107400.0
sh601696,中银证券,10.54,-1.13%,0.49%,45101899.99999999,97656500.0,52554600.0,145000000.0
sh600076,康欣新材,2.63,-1.13%,0.46%,5751000.0,6707700.0,956800.0000000001,12458699.999999998
sh600360,华微电子,6.97,-1.13%,0.87%,24380900.0,34171000.0,9790000.0,58559500.0
sh600284,浦东建设,6.1,-1.13%,0.43%,9644400.0,15999600.0,6355300.0,25645800.0
sh600097,开创国际,9.66,-1.13%,0.56%,5445800.0,7786799.999999999,2341000.0,13232700.0
sz300351,永贵电器,16.6,-1.13%,5.01%,96847300.0,120000000.0,23517100.0,217000000.0
sz002758,浙农股份,12.27,-1.13%,1.70%,21645100.000000004,28118700.0,6473700.0,49763800.0
sz000623,吉林敖东,15.69,-1.13%,0.50%,41535500.0,50729399.99999999,9193900.0,92264800.0
sz002321,华英农业,2.61,-1.14%,0.43%,9380200.0,14934000.0,5553800.0,24314300.0
sz301116,益客食品,15.59,-1.14%,1.97%,16596199.999999998,19443700.0,2847500.0,36039900.0
sh688613,奥精医疗,24.34,-1.14%,1.67%,21835500.0,21351900.0,483600.0,43187400.0
sh688323,瑞华泰,25.06,-1.14%,2.14%,25817700.0,27145500.0,1327800.0,52963100.00000001
sz301353,普莱得,38.24,-1.14%,18.63%,59061899.99999999,77317600.0,18255700.0,136000000.0
sh688608,恒玄科技,133.37,-1.14%,2.14%,110000000.00000001,119000000.0,8370700.000000001,229000000.0
sh603390,通达电气,8.68,-1.14%,1.02%,14741300.000000002,16254800.0,1513500.0,31494300.0
sh603377,东方时尚,7.8,-1.14%,0.58%,13281099.999999998,19403400.0,6122300.0,32863100.0
sh600594,益佰制药,5.22,-1.14%,0.81%,11689200.0,21767199.999999996,10078000.0,33676100.0
sh600201,生物股份,9.57,-1.14%,0.81%,40700500.0,47710600.00000001,7010100.0,88411100.0
sz300631,久吾高科,33.74,-1.14%,0.90%,12766500.0,24227300.0,11460800.0,36993900.0
sz300138,晨光生物,16.51,-1.14%,0.69%,22179200.0,26597300.0,4418100.0,48776500.0
sz300072,海新能科,3.46,-1.14%,0.34%,9149800.0,18179300.0,9029500.0,27329100.0
sz002937,兴瑞科技,25.96,-1.14%,0.99%,31873700.0,43428900.0,11555200.0,75302500.0
sz002851,麦格米特,33.7,-1.14%,0.83%,55454600.0,61464100.0,6009400.000000001,117000000.0
sz000910,大亚圣象,7.83,-1.14%,0.47%,6773000.0,13556400.000000002,6783400.0,20329500.0
sz000518,四环生物,2.6,-1.14%,0.39%,4082900.0,6512500.0,2429600.0,10595400.0
sz001318,阳光乳业,13.7,-1.15%,2.54%,10177600.0,14488000.0,4310400.0,24665600.0
sh688459,哈铁科技,9.49,-1.15%,1.25%,2930700.0,7444800.0,4514100.0,10396500.0
sh688373,盟科药业,7.74,-1.15%,2.40%,7454200.0,15746000.0,8291799.999999999,23226500.0
sz301159,三维天地,36.07,-1.15%,5.53%,33155300.000000004,32858100.0,297200.0,66013400.0
sh603718,海利生物,9.44,-1.15%,0.24%,5631000.0,9037400.0,3406400.0,14919500.0
sh603579,荣泰健康,20.6,-1.15%,0.49%,6941700.0,7112100.0,170400.0,14200000.0
sh600864,哈投股份,5.18,-1.15%,0.55%,25562600.000000004,33228400.0,7665800.0,59396600.0
sh600579,克劳斯,7.73,-1.15%,1.74%,29570000.0,35600500.0,6030500.0,66493800.0
sh600206,有研新材,13.79,-1.15%,1.55%,75167200.0,105000000.0,30028600.0,180000000.0
sh600057,厦门象屿,7.76,-1.15%,0.50%,38453200.0,45835500.0,7382300.0,84288799.99999999
sz300550,和仁科技,16.3,-1.15%,0.42%,6377300.0,11643599.999999998,5266300.0,18021000.0
sz300506,名家汇,6.03,-1.15%,0.75%,9748600.0,16128800.000000002,6380100.0,25877399.999999996
sz300425,中建环能,5.15,-1.15%,1.19%,17775200.0,23810300.000000004,6035100.0,41585500.0
sz300396,迪瑞医疗,28.37,-1.15%,0.41%,15080300.0,15199600.0,119300.0,30279899.999999996
sz300093,金刚光伏,25.82,-1.15%,1.61%,52453000.0,37284900.0,15168200.0,89737900.00000001
sz300080,易成新能,5.16,-1.15%,0.79%,22497900.0,27528500.0,5030600.0,50026300.0
sz002676,顺威股份,4.31,-1.15%,1.85%,29012399.999999996,28930500.0,81900.0,57942900.0
sz002643,万润股份,17.22,-1.15%,0.29%,19079400.0,25476400.0,6397000.0,44555700.0
sz002552,宝鼎科技,17.15,-1.15%,0.33%,5734600.0,10551900.0,4817300.0,16286500.0
sz002419,天虹股份,6.01,-1.15%,0.88%,23817800.000000004,38146100.0,14328300.0,61964000.0
sz301098,金埔园林,11.95,-1.16%,1.55%,8826700.0,11417300.0,2590700.0,20244000.0
sz002788,鹭燕医药,9.35,-1.16%,0.68%,8305800.0,15750000.0,7444200.0,24055800.0
sz300873,海晨股份,20.51,-1.16%,1.52%,13591199.999999998,20417400.0,6826300.0,34008600.0
sh603960,克来机电,18.72,-1.16%,1.89%,41255100.0,51093800.0,9838700.0,93007800.0
sh603596,伯特利,91.96,-1.16%,2.83%,492000000.0,601000000.0,109000000.00000001,1096000000.0
sh603029,天鹅股份,22.2,-1.16%,8.57%,95352200.0,135000000.0,40040900.0,235000000.0
sz300601,康泰生物,26.3,-1.16%,0.93%,108000000.0,109000000.00000001,1309900.0,216000000.0
sz300485,赛升药业,10.19,-1.16%,0.48%,4697900.0,8551000.0,3853100.0,13249000.0
sz300301,*ST长方,1.7,-1.16%,0.74%,4805200.0,5167900.0,362700.00000000006,9973100.0
sz300034,钢研高纳,24.67,-1.16%,0.59%,48109700.0,58389000.0,10279400.0,106000000.0
sz002562,兄弟科技,4.26,-1.16%,0.72%,7262800.0,14482600.0,7219800.0,21745400.0
sz000856,冀东装备,8.5,-1.16%,1.28%,10150200.0,14685900.0,4535700.0,24836100.0
sz001215,千味央厨,65.0,-1.17%,1.40%,20819699.999999996,20806100.0,13600.000000000002,41625800.0
sz001211,双枪科技,22.04,-1.17%,1.12%,4836500.0,4501100.0,335400.0,9337500.0
sh688656,浩欧博,34.58,-1.17%,0.56%,1374199.9999999998,2111700.0,737400.0,3492799.9999999995
sz301096,百诚医药,60.14,-1.17%,0.98%,14326500.0,26103900.0,11777400.0,40430300.0
sz301082,久盛电气,17.7,-1.17%,3.11%,16741199.999999998,20110900.0,3369700.0000000005,36852100.0
sz301067,显盈科技,21.93,-1.17%,2.08%,10469700.0,10486400.000000002,16700.0,20956100.0
sz002867,周大生,16.94,-1.17%,0.45%,38067100.0,45233300.0,7166200.0,83300500.0
sh688028,沃尔德,21.99,-1.17%,0.69%,9737000.0,10306099.999999998,569200.0,20072000.0
sh605089,味知香,38.73,-1.17%,1.35%,6836600.0,12204300.0,5367700.0,19257700.0
sh603307,扬州金泉,48.18,-1.17%,2.13%,7482300.0,9534400.0,2052200.0,17287900.0
sh603987,康德莱,12.7,-1.17%,0.49%,9773300.0,16774600.0,7001300.0,27681900.0
sh603970,中农立华,19.38,-1.17%,0.17%,3753700.0,4843700.0,1090000.0,8686500.0
sh600455,博通股份,22.9,-1.17%,0.71%,4994900.0,5245000.0,250200.0,10265100.0
sz300621,维业股份,10.16,-1.17%,0.60%,5951700.0,6105100.0,153400.0,12057700.0
sz300021,大禹节水,5.05,-1.17%,1.04%,15328699.999999998,21773200.0,6444600.0,37101900.0
sz002537,海联金汇,6.76,-1.17%,0.97%,31293200.0,46167800.0,14874600.0,77460800.0
sz002443,金洲管道,6.73,-1.17%,0.89%,13061700.0,18089400.0,5027700.0,31151100.0
sz002240,盛新锂能,31.23,-1.17%,1.04%,124000000.0,155000000.0,31176100.0,279000000.0
sz002185,华天科技,9.31,-1.17%,0.55%,86872400.0,79289400.0,7583000.0,166000000.0
sz000908,景峰医药,2.54,-1.17%,0.64%,4139400.0,8764100.0,4624700.0,12903500.0
sh688277,天智航,15.85,-1.18%,1.58%,31062399.999999996,47086300.0,16023900.000000002,78148500.0
sh688123,聚辰股份,66.4,-1.18%,3.68%,182000000.0,206000000.0,24295700.0,387000000.0
sz300889,爱克股份,15.03,-1.18%,1.29%,8273000.0,9151500.0,878500.0,17424500.0
sh603790,雅运股份,15.12,-1.18%,2.22%,28743800.0,35609200.0,6865500.0,65124100.0
sh603208,江山欧派,35.12,-1.18%,0.54%,13525200.0,19303200.0,5778000.0,33516800.0
sz300667,必创科技,18.48,-1.18%,1.95%,29963400.0,29601900.0,361400.0,59565300.0
sz002926,华西证券,8.35,-1.18%,0.38%,31783700.0,52000900.0,20217200.0,83784599.99999999
sz002883,中设股份,11.75,-1.18%,1.79%,11544100.0,14518800.000000002,2974700.0000000005,26062900.0
sz000768,中航西飞,25.97,-1.18%,0.46%,137000000.0,191000000.0,54532500.0,328000000.0
sz000762,西藏矿业,30.05,-1.18%,3.00%,225000000.0,240000000.0,15008100.0,463999999.99999994
sh688392,骄成超声,102.29,-1.19%,2.97%,38476900.0,39053900.0,577000.0,77769200.0
sz001330,博纳影业,9.12,-1.19%,2.57%,18400100.0,46461700.0,28061700.0,64861800.0
sz301199,迈赫股份,28.99,-1.19%,6.96%,51912100.0,65005200.00000001,13093100.0,117000000.0
sh688309,恒誉环保,20.68,-1.19%,0.72%,3267300.0,3400200.0,132900.0,6688200.000000001
sz301024,霍普股份,25.85,-1.19%,2.10%,4700400.0,5057500.0,357100.0,9757900.0
sh600861,北京人力,24.15,-1.19%,0.63%,22941800.0,24985100.000000004,2043300.0000000002,48209399.99999999
sz300911,亿田智能,36.62,-1.19%,3.77%,25241600.0,33244000.0,8002400.0,58485600.00000001
sz300838,浙江力诺,18.28,-1.19%,2.03%,18080400.0,19714400.0,1634000.0,37794700.0
sh605500,森林包装,7.47,-1.19%,0.76%,3468900.0,2560200.0,908700.0,6093400.0
sz301010,晶雪节能,19.92,-1.19%,1.67%,8009100.0,9020200.0,1011100.0,17029300.0
sh603637,镇海股份,8.31,-1.19%,0.74%,6545599.999999999,8107800.0,1562200.0,15078100.0
sh605123,派克新材,105.49,-1.19%,0.93%,23045200.0,30049000.0,7003800.0,53400000.0
sh601882,海天精工,30.01,-1.19%,0.48%,31599000.0,43459600.0,11860600.0,75595800.0
sh600183,生益科技,14.93,-1.19%,0.60%,89200300.0,122000000.0,32901200.0,211000000.0
sz002404,嘉欣丝绸,6.63,-1.19%,0.77%,9124700.0,14609800.0,5485100.0,23734600.0
sz001896,豫能控股,4.97,-1.19%,1.91%,54501000.0,70920000.0,16419000.0,125000000.0
sz001366,播恩集团,15.63,-1.20%,5.32%,16906500.0,16997100.0,90500.0,33903600.0
sz300376,易事特,6.58,-1.20%,0.99%,65526800.0,87735200.0,22208400.0,153000000.0
sh688217,睿昂基因,38.83,-1.20%,0.89%,5286100.0,7692500.0,2406400.0,12981900.0
sz300987,川网传媒,18.18,-1.20%,6.34%,48163300.0,63659799.99999999,15496500.0,112000000.00000001
sh603667,五洲新春,15.68,-1.20%,7.61%,186000000.0,206999999.99999997,21764800.0,399000000.0
sh603096,新经典,19.8,-1.20%,1.24%,16552200.0,23179300.0,6627200.0,40218600.0
sh601108,财通证券,7.4,-1.20%,0.52%,63577700.00000001,113999999.99999999,50861400.0,180000000.0
sh601107,四川成渝,4.11,-1.20%,0.27%,9587800.0,14496700.0,4908900.0,24233300.0
sh600336,澳柯玛,5.74,-1.20%,0.69%,13649300.0,18206800.0,4557500.0,31856200.0
sh600169,太原重工,2.47,-1.20%,0.63%,18083700.0,21886400.0,3802700.0,39970000.0
sh600113,浙江东日,7.39,-1.20%,1.17%,15859900.0,19856700.0,3996800.0,35716600.0
sz300417,南华仪器,10.7,-1.20%,1.25%,6479900.0,4948800.0,1531100.0000000002,11428699.999999998
sz002682,龙洲股份,4.12,-1.20%,1.03%,10977700.0,12991600.0,2013899.9999999998,23969300.0
sz002228,合兴包装,3.29,-1.20%,0.33%,4741200.0,8609500.0,3868300.0,13350700.0
sz002198,嘉应制药,7.42,-1.20%,1.87%,24828700.0,46052900.0,21224200.0,70881500.0
sz002160,常铝股份,4.11,-1.20%,1.09%,14330400.0,20062300.0,5731900.000000001,34392800.0
sz000755,山西路桥,4.95,-1.20%,0.80%,8770900.0,15415700.0,6644800.0,24186600.0
sz000661,长春高新,143.0,-1.20%,0.60%,150000000.0,197000000.0,47122000.0,348000000.0
sz301040,中环海陆,20.38,-1.21%,1.05%,6921100.0,8097000.0,1175900.0,15018200.0
sz301056,森赫股份,9.0,-1.21%,1.97%,5871600.0,6051900.000000001,180300.0,11925400.0
sh605069,正和生态,9.01,-1.21%,1.11%,4169400.0,4296600.0,127200.0,8500200.0
sz003030,祖名股份,23.72,-1.21%,0.89%,3743300.0,6920700.000000001,3177400.0,10664000.0
sh600149,廊坊发展,5.72,-1.21%,2.17%,21495300.000000004,25860400.0,4365000.0,47355600.00000001
sh688055,龙腾光电,4.09,-1.21%,0.13%,4063300.0,5597400.0,1534100.0,9660800.0
sz002857,三晖电气,20.46,-1.21%,0.75%,7841100.0,11984900.0,4143800.0,19826000.0
sh601996,丰林集团,2.45,-1.21%,0.32%,3330600.0,5551000.0,2220300.0,8954100.0
sh600958,东方证券,9.83,-1.21%,0.56%,165000000.0,246000000.0,81302100.0,416000000.0
sh600733,北汽蓝谷,5.73,-1.21%,1.90%,195000000.0,237000000.0,42716800.0,432000000.0
sh600619,海立股份,6.53,-1.21%,0.64%,14513000.0,18785400.0,4272500.0,33298400.0
sh600325,华发股份,8.98,-1.21%,0.93%,89889000.0,86527500.0,3361500.0,176000000.0
sz002785,万里石,22.01,-1.21%,0.68%,9512600.0,15635700.0,6123099.999999999,25148400.0
sz002641,公元股份,5.72,-1.21%,0.57%,15303599.999999998,22164500.0,6860900.0,37468200.0
sz002511,中顺洁柔,10.65,-1.21%,0.46%,20967500.0,41963400.0,20995900.0,62930900.0
sz301115,建科股份,22.73,-1.22%,1.20%,4787800.0,6463000.0,1675100.0,11250800.0
sz001201,东瑞股份,24.19,-1.22%,0.72%,7896799.999999999,8197300.0,300500.0,16094100.0
sz300992,泰福泵业,20.19,-1.22%,2.35%,10614200.0,10122600.0,491599.99999999994,20736800.0
sh605298,必得科技,15.33,-1.22%,4.32%,13282300.0,15410300.0,2127900.0,28845900.0
sh600396,*ST金山,2.42,-1.22%,0.54%,6480900.0,12558100.0,6077200.0,19038900.0
sh603995,甬金股份,23.55,-1.22%,0.39%,13633900.000000002,17349100.0,3715100.0,31291600.0
sh601198,东兴证券,8.1,-1.22%,0.23%,19642900.0,39554600.0,19911700.0,60420500.0
sh600998,九州通,9.73,-1.22%,0.17%,17640100.0,26523800.0,8883700.0,45418200.0
sh600409,三友化工,5.67,-1.22%,0.82%,38902800.0,57682200.0,18779400.0,96584900.0
sz300219,鸿利智汇,7.28,-1.22%,0.73%,18275800.0,19441700.0,1166000.0,37717500.0
sz002166,莱茵生物,8.07,-1.22%,2.16%,31275800.0,50864799.99999999,19588900.0,82140600.0
sz002035,华帝股份,6.5,-1.22%,1.47%,29339699.999999996,45588500.0,16248800.000000002,74928100.0
sz000509,华塑控股,3.24,-1.22%,0.47%,7545300.0,8833600.0,1288300.0000000002,16378800.000000002
sh603130,云中马,22.4,-1.23%,2.74%,8667800.0,12821300.000000002,4153500.0,21726600.0
sh688616,西力科技,12.9,-1.23%,1.72%,6861799.999999999,5365300.0,1496500.0,12240100.0
sh600684,珠江股份,3.22,-1.23%,0.41%,4215500.0,7148099.999999999,2932600.0,11465400.0
sz300837,浙矿股份,38.62,-1.23%,0.58%,7270599.999999999,8597300.0,1326600.0,15875600.0
sh600525,长园集团,5.61,-1.23%,0.79%,24735800.0,32669500.0,7933700.0,58255300.0
sz300126,锐奇股份,6.44,-1.23%,0.82%,5621200.0,5636100.0,14900.0,11257300.0
sz002940,昂利康,20.88,-1.23%,2.26%,39375200.0,48193900.0,8818800.0,87570800.0
sz002845,同兴达,15.27,-1.23%,3.56%,58061899.99999999,66141300.0,8079500.0,124000000.0
sz002208,合肥城建,6.43,-1.23%,1.12%,16602100.0,28046400.0,11444400.0,44648500.0
sz002009,天奇股份,13.62,-1.23%,0.99%,16958100.0,33560200.0,16602100.0,50518300.0
sz000544,中原环保,7.25,-1.23%,0.45%,11748000.0,20395800.0,8647800.0,32143800.0
sh600608,ST沪科,3.98,-1.24%,0.33%,1521200.0,2696100.0,1175000.0,4241200.0
sh688253,英诺特,23.98,-1.24%,1.44%,2830100.0,7523300.0,4693300.0,10377400.0
sz002975,博杰股份,39.16,-1.24%,2.04%,25034800.0,32366000.0,7331200.0,57400900.0
sh605033,美邦股份,19.05,-1.24%,2.10%,5893900.0,7438600.0,1544700.0,13603100.0
sz300911,亿田智能,36.6,-1.24%,3.74%,25164699.999999996,32914400.0,7749700.0,58093700.0
sz300071,福石控股,3.97,-1.24%,2.83%,38281200.0,63539000.0,25257800.000000004,102000000.0
sh603676,卫信康,13.57,-1.24%,0.34%,9148500.0,10546500.0,1398000.0,19851000.0
sh603648,畅联股份,9.59,-1.24%,0.95%,14047000.0,18762800.0,4715800.0,33391700.0
sh600787,中储股份,5.59,-1.24%,0.60%,25265900.0,46750600.00000001,21484600.0,72715800.0
sh600731,湖南海利,7.95,-1.24%,0.69%,10780500.0,14502100.0,3721600.0000000005,25420100.000000004
sz300267,尔康制药,3.18,-1.24%,0.54%,9274200.0,15182200.0,5908000.0,24456500.0
sz300203,聚光科技,19.16,-1.24%,0.73%,32942700.0,30526500.0,2416200.0,63469100.0
sz300030,阳普医疗,7.19,-1.24%,1.62%,14169400.0,17442500.0,3273100.0,31611900.0
sz002950,奥美医疗,10.37,-1.24%,0.51%,7255900.0,11977200.0,4721300.0,19233100.0
sz002873,新天药业,12.7,-1.24%,1.24%,13140000.0,22154200.0,9014100.0,35294200.0
sz002825,纳尔股份,8.75,-1.24%,0.94%,8201400.0,12957700.0,4756200.0,21159100.0
sz002748,世龙实业,9.58,-1.24%,0.76%,8987600.0,8586200.0,401400.0,17573800.0
sz002012,凯恩股份,6.36,-1.24%,2.67%,34648300.0,45312700.00000001,10664400.0,79961000.0
sz000529,广弘控股,6.38,-1.24%,0.68%,9304400.0,15582900.0,6278500.0,24887300.0
sh603173,福斯达,29.98,-1.25%,1.67%,7368000.0,12546400.000000002,5178400.0,20109300.0
sz300942,易瑞生物,12.65,-1.25%,1.05%,6083500.0,8474900.0,2391400.0,14559600.0
sh688193,仁度生物,44.4,-1.25%,0.44%,3080899.9999999995,2671800.0,409099.99999999994,5768900.0
sh688778,厦钨新能,48.01,-1.25%,0.64%,15566099.999999998,25286500.0,9720400.0,40876700.0
sh688367,工大高科,18.23,-1.25%,1.18%,6376200.0,6281400.0,94800.0,12664800.0
sh600488,津药药业,5.53,-1.25%,0.34%,8782800.0,11762500.0,2979600.0,20708000.0
sz002752,昇兴股份,4.74,-1.25%,0.35%,5496000.0,10714300.0,5218300.0,16210300.0
sz300987,川网传媒,18.17,-1.25%,6.30%,47856000.0,63356100.0,15500100.0,111000000.00000001
sh688558,国盛智科,33.08,-1.25%,0.79%,9562400.0,8720200.0,842200.0,18296600.0
sh603181,皇马科技,11.03,-1.25%,0.42%,10757300.0,16362300.0,5605000.0,27283900.0
sh688099,晶晨股份,92.08,-1.25%,0.94%,212000000.0,152000000.0,60370900.0,364000000.0
sh603906,龙蟠科技,18.18,-1.25%,1.69%,72828000.0,100000000.0,27513700.0,175000000.0
sh600830,香溢融通,6.32,-1.25%,1.49%,18270400.0,23794500.0,5524100.0,43376400.0
sz002277,友阿股份,3.15,-1.25%,0.54%,8542100.0,15356500.0,6814400.000000001,23930100.000000004
sz000059,华锦股份,6.31,-1.25%,0.32%,13991099.999999998,18539700.0,4548600.0,32530700.0
sz000016,深康佳A,4.7,-1.26%,0.51%,14407600.0,24141400.0,9733800.0,38548900.0
sz301303,真兰仪表,22.66,-1.26%,2.90%,11801199.999999998,33883400.0,22082199.999999996,45691400.0
sz301055,张小泉,14.11,-1.26%,0.99%,4019900.0,4187100.0,167200.0,8257800.0
sz002593,日上集团,3.92,-1.26%,1.38%,14245300.0,16988900.0,2743700.0,31234200.0
sh688425,铁建重工,4.69,-1.26%,1.17%,31264800.0,50512900.0,19248100.0,81777600.0
sz003023,彩虹集团,20.35,-1.26%,2.50%,12701400.000000002,13627300.0,925900.0,26328600.0
sh600381,青海春天,7.86,-1.26%,0.51%,7183800.0,16570500.0,9386600.0,23754300.0
sh603618,杭电股份,6.28,-1.26%,1.19%,20518200.0,30795000.0,10276800.0,51903500.0
sh603444,吉比特,429.5,-1.26%,1.24%,182000000.0,204000000.0,22096300.0,388000000.0
sh603183,建研院,4.7,-1.26%,0.78%,5793300.0,12250400.0,6457100.0,18228300.0
sh600909,华安证券,4.69,-1.26%,0.27%,17593500.0,42359200.0,24765700.0,59952800.0
sh600837,海通证券,9.41,-1.26%,0.24%,92544800.0,112000000.00000001,19821800.0,204999999.99999997
sz300084,海默科技,6.27,-1.26%,1.00%,8914100.0,11909200.0,2995200.0,20823300.0
sz002945,华林证券,13.35,-1.26%,0.15%,20392800.0,34953200.0,14560400.0,55345900.0
sz002622,皓宸医疗,3.13,-1.26%,0.73%,5607900.0,13666500.0,8058600.0,19274500.0
sz002445,中南文化,2.36,-1.26%,0.74%,15031099.999999998,27079400.0,12048300.0,42111000.0
sz002432,九安医疗,34.43,-1.26%,0.85%,49365300.0,92599500.0,43234300.0,142000000.0
sh600841,动力新科,6.27,-1.26%,0.43%,10883599.999999998,14039700.0,3156100.0,24923200.0
sz002294,信立泰,32.05,-1.26%,0.16%,30930700.0,28184600.0,2746100.0,59115200.00000001
sz001228,永泰运,38.06,-1.27%,1.25%,9298700.0,16839700.0,7541000.0,26138500.0
sh600710,苏美达,8.58,-1.27%,1.28%,65090000.0,78194700.0,13104800.0,143000000.0
sh600693,东百集团,3.88,-1.27%,0.39%,3609000.0,9737700.0,6128700.0,13346700.0
sh600376,首开股份,3.9,-1.27%,0.46%,19219700.0,27109899.999999996,7890200.0,46329600.0
sz300194,福安药业,3.89,-1.27%,0.90%,11622200.0,22521400.0,10899200.0,34143700.0
sz300088,长信科技,6.2,-1.27%,1.38%,88658500.0,123000000.0,34834400.0,212000000.0
sz300059,东方财富,14.0,-1.27%,1.31%,898000000.0,1567000000.0,670000000.0,2465000000.0
sz300003,乐普医疗,21.77,-1.27%,0.30%,38296800.0,68863100.0,30566300.0,107000000.0
sz002631,德尔未来,5.45,-1.27%,0.27%,4072500.0,5758900.0,1686500.0,9831400.0
sz002521,齐峰新材,6.22,-1.27%,0.84%,8230300.0,13039300.0,4809000.0,21269600.0
sz002377,国创高新,2.34,-1.27%,0.78%,6040200.0,10735600.0,4695300.0,16775800.0
sz000598,兴蓉环境,5.43,-1.27%,0.25%,16266700.0,24567500.0,8300700.000000001,40834200.0
sz000567,海德股份,13.2,-1.27%,0.74%,64321800.0,69715300.0,5393500.0,134000000.00000001
sz000155,川能动力,14.81,-1.27%,0.92%,65031899.99999999,112999999.99999999,47565700.0,178000000.0
sz001313,粤海饲料,8.51,-1.28%,1.99%,14910800.0,22392600.000000004,7481799.999999999,37303400.0
sz000008,神州高铁,2.32,-1.28%,0.73%,14173699.999999998,30953800.0,16780000.0,45127500.0
sh603073,彩蝶实业,19.35,-1.28%,6.34%,13859500.0,21528400.0,7668800.0,35943200.0
sz300004,南风股份,5.4,-1.28%,0.38%,4952400.0,4882100.0,70300.0,9834600.0
sz002082,万邦德,6.96,-1.28%,0.48%,8002900.0,12927600.0,4924700.0,20930400.0
sh688199,久日新材,29.27,-1.28%,0.65%,6801900.000000001,11433300.0,4631500.0,18243600.0
sh603603,*ST博天,3.09,-1.28%,0.55%,4463300.0,9294400.0,4831100.0,13941199.999999998
sh600121,郑州煤电,4.64,-1.28%,1.87%,40961100.0,65055700.0,24094600.0,106000000.0
sh600876,凯盛新能,16.14,-1.28%,0.52%,13829700.0,18468300.0,4638600.0,32298000.0
sh600829,人民同泰,6.96,-1.28%,0.54%,8987400.0,12979900.0,3992500.0,21967300.0
sh600637,东方明珠,7.74,-1.28%,0.43%,38994600.0,75514100.0,36519500.0,114999999.99999999
sh600094,大名城,3.09,-1.28%,0.50%,11951000.0,23607100.0,11656099.999999998,35558100.0
sz300749,顶固集创,8.5,-1.28%,1.36%,9078400.0,9057100.0,21300.0,18135400.0
sz300645,正元智慧,27.07,-1.28%,1.04%,13410600.0,26621500.0,13210900.0,40032100.0
sz300534,陇神戎发,10.0,-1.28%,2.48%,32902600.000000004,42417299.99999999,9514700.0,75320000.0
sz002707,众信旅游,7.74,-1.28%,1.20%,30210500.0,44218500.0,14008100.0,74429000.0
sz002613,北玻股份,4.63,-1.28%,1.71%,17820900.0,28716700.0,10895800.0,46541300.0
sz000513,丽珠集团,36.36,-1.28%,0.36%,32019200.0,47221500.0,15202300.0,79240700.0
sz000068,华控赛格,3.08,-1.28%,0.48%,5120599.999999999,9974500.0,4853900.0,15095000.0
sh688203,海正生材,13.8,-1.29%,2.46%,7446799.999999999,9140100.0,1693200.0,16586900.0
sz002062,宏润建设,5.35,-1.29%,0.47%,7329600.0,17403000.0,10073400.0,24732600.000000004
sh603329,上海雅仕,12.99,-1.29%,0.94%,5491900.000000001,13648300.0,8156400.0,19605200.0
sh688156,路德环境,26.1,-1.29%,1.03%,8874400.0,10440200.0,1565800.0000000002,19381200.0
sh600327,大东方,4.59,-1.29%,0.38%,4079300.0,11508100.0,7428900.0,15587400.0
sz300673,佩蒂股份,13.81,-1.29%,0.71%,5963900.0,10113000.0,4149100.0000000005,16077000.0
sz300200,高盟新材,8.42,-1.29%,0.53%,8002500.0,10892500.0,2890000.0,18895100.0
sz002951,金时科技,9.98,-1.29%,0.37%,6268800.0,8803100.0,2534300.0,15071800.0
sz002722,物产金轮,13.74,-1.29%,0.70%,6225200.0,10646800.0,4421600.0,16872100.0
sz002394,联发股份,8.41,-1.29%,0.88%,10865600.0,13088300.0,2222700.0,23953900.0
sz000982,中银绒业,1.53,-1.29%,0.62%,6179700.0,34740000.0,28560400.0,40919700.0
sh688113,联测科技,45.7,-1.30%,0.35%,1998500.0,3540600.0,1542100.0,5630500.0
sz003020,立方制药,36.43,-1.30%,0.59%,6591300.0,8852500.0,2261100.0,15443800.000000002
sh688600,皖仪科技,24.29,-1.30%,0.63%,6205100.0,7385300.0,1180200.0,13595200.0
sh605151,西上海,18.95,-1.30%,3.43%,22057300.0,19612200.0,2445100.0,41879799.99999999
sh688195,腾景科技,41.06,-1.30%,8.36%,142000000.0,134000000.00000001,8060400.0,276000000.0
sz300931,通用电梯,7.61,-1.30%,1.86%,6088700.0,8803400.0,2714700.0000000005,14892100.0
sz000002,万科A,13.68,-1.30%,0.75%,375000000.0,629000000.0,254000000.0,1003999999.9999999
sh600796,钱江生化,5.31,-1.30%,0.73%,4433000.0,7371700.0,2938600.0,11804700.0
sh603843,正平股份,3.8,-1.30%,0.87%,5380599.999999999,12642700.0,7262100.0,18599400.0
sh603876,鼎胜新材,18.25,-1.30%,0.53%,34380900.0,50163300.0,15782400.0,85966000.0
sh603808,歌力思,12.93,-1.30%,0.38%,6468400.0,11556900.0,5088500.0,18065400.0
sh603669,灵康药业,4.57,-1.30%,0.25%,2878800.0,4913100.0,2034300.0,8327400.0
sh603321,梅轮电梯,7.6,-1.30%,0.67%,8132500.0,7388600.0,743800.0,15701199.999999998
sh600178,东安动力,6.82,-1.30%,2.52%,36739700.0,44017200.0,7277500.0,80757000.0
sh600128,弘业股份,8.34,-1.30%,0.87%,8684500.0,9263200.0,578700.0,17947700.0
sz300741,华宝股份,22.08,-1.30%,0.21%,13210800.0,15279600.0,2068800.0,28490400.0
sz300295,三六五网,12.19,-1.30%,4.49%,42884300.0,50425900.0,7541600.0,93310100.0
sz300117,嘉寓股份,3.04,-1.30%,0.98%,7792400.0,13720500.0,5928099.999999999,21512900.0
sz002775,文科园林,3.79,-1.30%,0.59%,3966500.0,6065400.0,2098900.0,10031900.0
sz000638,万方发展,6.08,-1.30%,1.45%,11586400.000000002,15909600.0,4323200.0,27497300.0
sz300800,力合科技,13.71,-1.30%,0.61%,6240500.0,8056600.0,1816100.0000000002,14297100.0
sz301280,珠城科技,38.32,-1.31%,10.88%,44632200.0,53717000.0,9084800.0,98349400.0
sz002005,ST德豪,1.51,-1.31%,0.32%,2509900.0,6100400.0,3590500.0,8610300.0
sz300284,苏交科,6.01,-1.31%,0.79%,15145500.0,26462900.0,11317500.0,41608400.0
sh600408,安泰集团,2.26,-1.31%,0.54%,5910200.0,6466700.0,556500.0,12376900.0
sh603122,合富中国,8.29,-1.31%,1.45%,7962800.0,13447900.0,5485200.0,21626300.0
sh605218,伟时电子,15.76,-1.31%,2.83%,19077600.0,20053400.0,975800.0,39731400.0
sh605133,嵘泰股份,36.99,-1.31%,11.62%,126000000.0,151000000.0,24205900.0,280000000.0
sh600493,凤竹纺织,6.03,-1.31%,1.84%,12023000.0,18174300.0,6151300.0,30197300.0
sh603630,拉芳家化,15.81,-1.31%,1.22%,16900500.0,26275700.0,9375200.0,43757900.0
sh603356,华菱精工,14.3,-1.31%,1.24%,10071600.0,13643000.0,3571400.0,23754699.999999996
sh600962,国投中鲁,11.33,-1.31%,0.62%,7077800.0,11319700.0,4241900.0,18397500.0
sh600611,大众交通,3.02,-1.31%,0.74%,12905000.0,22227199.999999996,9322200.0,35132200.0
sh600338,西藏珠峰,18.14,-1.31%,1.01%,73933000.0,94686400.0,20753400.0,169000000.0
sz300803,指南针,47.39,-1.31%,0.68%,59427800.0,72769300.0,13341600.0,132000000.0
sz000048,京基智农,19.56,-1.31%,0.65%,35665600.0,31174699.999999996,4490900.0,66840300.0
sz000010,美丽生态,2.26,-1.31%,1.40%,5862300.0,10734900.0,4872600.0,16597200.0
sz000679,大连友谊,5.24,-1.32%,2.05%,19103600.0,19355400.0,251900.0,38459000.0
sh688175,高凌信息,36.75,-1.32%,1.94%,9599500.0,13125500.0,3525899.9999999995,22770300.000000004
sz300640,德艺文创,5.97,-1.32%,1.52%,8430000.0,11702300.0,3272300.0,20132300.0
sh603991,至正股份,38.27,-1.32%,0.41%,5953700.0,5888300.0,65400.0,11895600.0
sz301358,湖南裕能,48.68,-1.32%,8.99%,276000000.0,270000000.0,5533099.999999999,546000000.0
sh600644,乐山电力,7.47,-1.32%,1.49%,22617399.999999996,36977200.0,14359800.0,60128800.0
sh603535,嘉诚国际,16.45,-1.32%,0.31%,5083400.0,6080800.0,997400.0,11287600.0
sh603500,祥和实业,13.49,-1.32%,1.03%,14987200.0,18821800.0,3834600.0,33992500.0
sh601919,中远海控,9.74,-1.32%,0.34%,150000000.0,274000000.0,124000000.0,432000000.0
sh601236,红塔证券,7.46,-1.32%,0.22%,28702300.0,49599200.0,20896900.0,79263000.0
sh600720,祁连山,11.24,-1.32%,0.74%,19567600.0,44843400.0,25275900.0,65117700.00000001
sh600613,神奇制药,6.71,-1.32%,0.69%,7753000.0,14265100.0,6512200.0,22314000.0
sh600267,海正药业,11.24,-1.32%,0.50%,27132000.0,36533000.0,9401000.0,63821100.0
sh600220,江苏阳光,2.25,-1.32%,0.30%,2879300.0,9372700.0,6493400.0,12251900.0
sz300497,富祥药业,13.41,-1.32%,4.31%,138000000.0,125000000.0,12635500.0,264000000.0
sz300490,华自科技,17.23,-1.32%,2.57%,63962000.0,80549800.0,16587800.0,145000000.0
sz300233,金城医药,18.66,-1.32%,0.72%,16333100.0,32161200.0,15828100.0,48494200.0
sz300173,福能东方,4.5,-1.32%,0.76%,8819400.0,16514000.0,7694600.0,25333400.0
sz002942,新农股份,18.64,-1.32%,0.32%,4292600.0,3889200.0,403400.00000000006,8181799.999999999
sz002742,ST三圣,3.74,-1.32%,0.79%,3833100.0,8328700.0,4495600.0,12161800.0
sz002718,友邦吊顶,15.68,-1.32%,1.51%,7237400.0,7405400.0,168000.0,14642800.0
sz002693,双成药业,5.98,-1.32%,0.55%,5298500.0,8191000.0,2892500.0,13489500.0
sz002666,德联集团,5.22,-1.32%,1.22%,14140200.0,14531900.0,391800.0,28672100.0
sz002481,双塔食品,4.47,-1.32%,0.52%,11140700.0,14472900.0,3332200.0000000005,25613700.0
sz000948,南天信息,16.42,-1.32%,2.52%,58293100.00000001,101000000.0,42593200.0,159000000.0
sz002200,ST交投,8.17,-1.33%,0.40%,2108000.0,3952600.0,1844600.0,6060700.000000001
sh688060,云涌科技,51.05,-1.33%,0.85%,7237900.0,7890800.0,652900.0000000001,15129500.0
sz300942,易瑞生物,12.64,-1.33%,1.06%,6161900.000000001,8476200.0,2314300.0,14638000.0
sz301283,聚胶股份,35.71,-1.33%,2.66%,7298000.0,11818800.000000002,4520700.0,19116800.0
sz301160,翔楼新材,35.68,-1.33%,2.58%,17376900.0,21159100.0,3782200.0000000005,38535900.0
sz002578,闽发铝业,3.71,-1.33%,0.54%,6735200.0,10521199.999999998,3786000.0,17256400.0
sz301228,实朴检测,15.59,-1.33%,1.51%,6539600.0,6478800.0,60800.0,13034100.0
sh603169,兰石重装,7.42,-1.33%,1.58%,72892900.0,80120300.0,7227400.0,155000000.0
sh688278,特宝生物,42.29,-1.33%,0.14%,7832300.0,9092900.0,1260600.0,16942700.0
sh601162,天风证券,2.96,-1.33%,0.58%,58635300.0,91120200.0,32484899.999999996,151000000.0
sh600548,深高速,8.89,-1.33%,0.10%,5273099.999999999,7243600.0,1970500.0,12662500.0
sz300413,芒果超媒,32.66,-1.33%,1.09%,169000000.0,195000000.0,26185500.0,364000000.0
sz300193,佳士科技,7.43,-1.33%,0.84%,13073900.000000002,14271000.0,1197100.0,27345000.0
sz002184,海得控制,16.36,-1.33%,9.80%,184000000.0,204999999.99999997,21251700.0,389000000.0
sz301289,国缆检测,35.46,-1.34%,3.16%,12861700.0,15492800.0,2631100.0,28354500.0
sz300953,震裕科技,75.06,-1.34%,1.54%,21220800.0,31967399.999999996,10746600.0,53188200.0
sh688577,浙海德曼,46.26,-1.34%,1.26%,4303900.0,6879600.0,2575700.0,11183500.0
sh601995,中金公司,36.05,-1.34%,0.96%,131000000.0,190000000.0,58887500.0,326000000.0
sz300878,维康药业,22.86,-1.34%,1.21%,4361500.0,6743400.0,2381800.0,11104900.0
sh603056,德邦股份,15.52,-1.34%,0.41%,33813000.0,25721600.0,8091400.0,60555900.0
sh603858,步长制药,19.9,-1.34%,0.69%,73500500.0,79258800.0,5758400.0,154000000.0
sh600269,赣粤高速,3.68,-1.34%,0.40%,13063599.999999998,21496100.0,8432500.0,34564500.0
sz300739,明阳电路,14.68,-1.34%,1.17%,21763500.0,28893500.0,7129900.0,50657000.0
sz300702,天宇股份,24.33,-1.34%,0.57%,12014400.0,16931400.0,4917000.0,28945700.0
sz300616,尚品宅配,19.84,-1.34%,1.79%,19546600.0,27169600.0,7623000.0,46716200.0
sz300558,贝达药业,50.76,-1.34%,0.43%,41207299.99999999,49749600.0,8542300.0,90956900.0
sz002372,伟星新材,19.12,-1.34%,0.42%,56622700.00000001,60988100.00000001,4365300.0,118000000.0
sz002349,精华制药,8.81,-1.34%,1.05%,29216500.0,46148500.0,16932100.0,75365000.0
sz000728,国元证券,6.64,-1.34%,0.51%,56311200.0,91691500.0,35380300.0,148000000.0
sz000597,东北制药,5.14,-1.34%,0.38%,10195300.0,16105600.0,5910300.0,26300900.0
sz000520,长航凤凰,2.94,-1.34%,0.39%,2748399.9999999995,8984900.0,6236500.0,11733200.0
sz301321,翰博高新,14.6,-1.35%,3.21%,17996900.0,25912500.0,7915599.999999999,43909399.99999999
sh600119,长江投资,5.85,-1.35%,0.66%,4284500.0,7549600.0,3265100.0,11834000.0
sz300718,长盛轴承,21.16,-1.35%,1.81%,34153200.0,38888200.0,4735000.0,73041300.0
sh688221,前沿生物,10.94,-1.35%,0.71%,6417300.0,9798700.0,3381400.0,16223699.999999998
sh603499,翔港科技,9.52,-1.35%,0.80%,7584800.0,7634500.0,49700.0,15531600.0
sz301151,冠龙节能,17.6,-1.35%,1.45%,6658600.0,7347500.0,689000.0,14006099.999999998
sh603040,新坐标,26.97,-1.35%,1.85%,31129000.0,36219300.0,5090200.0,67698900.0
sh603916,苏博特,13.18,-1.35%,0.42%,8800200.0,13464800.0,4664600.0,23324500.0
sh603877,太平鸟,21.15,-1.35%,0.48%,21970100.000000004,25923400.0,3953300.0,48498400.0
sh603378,亚士创能,8.78,-1.35%,0.56%,8099100.0,12828300.0,4729200.0,21080300.000000004
sh603021,山东华鹏,5.12,-1.35%,0.69%,5522800.0,5634200.0,111400.0,11313100.0
sh600750,江中药业,19.02,-1.35%,1.00%,48490500.0,70915500.0,22425000.0,120000000.0
sh600675,中华企业,2.92,-1.35%,0.15%,8509700.0,16256300.000000002,7746600.0,25893600.0
sh600369,西南证券,3.65,-1.35%,0.20%,13693800.000000002,27266000.0,13572200.0,40962800.0
sh600117,*ST西钢,2.92,-1.35%,0.81%,8091600.0,16535000.0,8443400.0,24626600.0
sz300595,欧普康视,31.48,-1.35%,0.59%,49142500.0,76005600.0,26863100.0,125000000.0
sz002947,恒铭达,20.47,-1.35%,0.88%,12104900.0,15520300.0,3415400.0,27625100.000000004
sz002817,黄山胶囊,8.76,-1.35%,0.67%,6392400.0,10689300.0,4296900.0,17081700.0
sz002568,百润股份,35.93,-1.35%,0.53%,57849100.0,79648800.0,21799699.999999996,137000000.0
sz002056,横店东磁,18.22,-1.35%,1.23%,156000000.0,204000000.0,47887100.0,360000000.0
sz000915,华特达因,35.85,-1.35%,2.17%,88866900.0,94881800.0,6014900.0,184000000.0
sz000850,华茂股份,3.66,-1.35%,0.42%,6294500.0,8243600.0,1949100.0,14538100.0
sz300483,首华燃气,12.3,-1.36%,0.59%,7516400.0,11542200.0,4025700.0,19058600.0
sz301057,汇隆新材,17.4,-1.36%,1.31%,4451200.0,5761200.0,1310000.0,10212500.0
sh600906,财达证券,7.24,-1.36%,0.49%,17084100.0,28975500.0,11891400.000000002,46837100.0
sh600676,交运股份,4.36,-1.36%,0.95%,15679000.0,27026200.0,11347100.0,43048400.0
sh600017,日照港,2.91,-1.36%,0.71%,18673700.0,45430900.0,26757199.999999996,64104600.0
sz300509,新美星,7.24,-1.36%,1.67%,12704100.0,17282500.0,4578400.0,29986600.0
sz002743,富煌钢构,5.8,-1.36%,0.64%,6359100.0,9769800.0,3410700.0,16128900.000000002
sz301031,中熔电气,138.36,-1.37%,2.08%,39866200.0,64778700.0,24912500.0,105000000.0
sh603201,常润股份,23.0,-1.37%,2.40%,5100200.0,10152500.0,5052300.0,15503900.000000002
sh688131,皓元医药,61.25,-1.37%,1.85%,55821200.0,42299900.0,13521400.000000002,98121200.00000001
sh603313,梦百合,10.79,-1.37%,0.80%,21933200.0,19480000.0,2453200.0,41722000.0
sh600981,汇鸿集团,2.88,-1.37%,0.43%,9161900.0,18350000.0,9188100.0,27695600.0
sh600816,ST建元,3.61,-1.37%,0.16%,8272700.0,22559000.0,14286300.000000002,31240300.000000004
sz300637,扬帆新材,7.19,-1.37%,0.62%,5275400.0,5232600.0,42900.0,10508000.0
sz300022,吉峰科技,5.04,-1.37%,1.74%,13747100.0,14897700.0,1150500.0,28644800.0
sz002162,悦心健康,4.31,-1.37%,1.52%,22388600.0,38614800.0,16226199.999999998,61003400.0
sz000868,安凯客车,5.78,-1.37%,5.99%,115999999.99999999,142000000.0,26767300.0,258000000.0
sz002462,嘉事堂,13.54,-1.38%,0.68%,10849500.0,16249300.0,5399700.0,27098800.0
sh688234,天岳先进,71.67,-1.38%,0.83%,40373000.0,52041300.0,11668300.0,92414300.0
sz002678,珠江钢琴,5.72,-1.38%,0.16%,5860100.0,6529500.0,669400.0,12389600.0
sz002376,新北洋,7.86,-1.38%,0.84%,19645800.0,22730800.0,3085000.0,42376700.0
sh605378,野马电池,23.59,-1.38%,3.50%,13553100.0,14044200.0,491100.0,27772000.0
sh603079,圣达生物,12.84,-1.38%,0.49%,5292700.0,5488099.999999999,195400.0,10820600.0
sh600584,长电科技,31.37,-1.38%,1.04%,284000000.0,298000000.0,13527600.0,587000000.0
sh600287,江苏舜天,5.0,-1.38%,0.74%,5667900.0,10676600.0,5008800.0,16346500.0
sz002849,威星智能,17.9,-1.38%,2.81%,36598200.0,59497500.0,22899300.0,96095800.0
sz002609,捷顺科技,10.7,-1.38%,1.37%,28987500.0,38246600.0,9259100.0,67234100.0
sz002594,比亚迪,265.61,-1.38%,0.75%,1011000000.0,1317000000.0,306000000.0,2328000000.0
sz000969,安泰科技,9.29,-1.38%,1.07%,42930200.00000001,59373200.0,16443000.0,102000000.0
sz000821,京山轻机,18.64,-1.38%,5.52%,272000000.0,323000000.0,51161700.0,596000000.0
sz000050,深天马A,9.3,-1.38%,0.22%,17954300.0,30264300.0,12309900.0,48218600.0
sz301111,粤万年青,19.19,-1.39%,1.00%,5109200.0,8522400.0,3413200.0,13631700.0
sz301117,佳缘科技,68.14,-1.39%,3.10%,63133400.0,52078800.0,11054600.0,114999999.99999999
sh688219,会通股份,9.93,-1.39%,0.47%,6862900.0,8060200.0,1197300.0,14929600.0
sz300940,南极光,17.03,-1.39%,1.47%,6825400.0,12439800.0,5614400.000000001,19265200.0
sz300858,科拓生物,15.65,-1.39%,1.59%,10084300.0,10254600.0,170300.0,20338900.0
sh603035,常熟汽饰,19.9,-1.39%,1.92%,67467200.0,78929200.0,11462000.0,147000000.0
sz002967,广电计量,16.32,-1.39%,1.28%,40110000.0,68387200.0,28277199.999999996,108000000.0
sh603458,勘设股份,9.91,-1.39%,0.87%,9032500.0,17406000.0,8373400.0,27040100.000000004
sh603229,奥翔药业,14.89,-1.39%,0.49%,18228800.0,22219800.0,3991000.0,41195400.0
sh600779,水井坊,60.89,-1.39%,0.49%,56863600.0,89636500.0,32772900.0,148000000.0
sh600463,空港股份,9.21,-1.39%,1.45%,16345900.0,23910600.0,7564700.0,42407200.0
sz300470,中密控股,46.1,-1.39%,0.40%,16820900.0,19578700.0,2757900.0,36399600.0
sz300391,长药控股,7.11,-1.39%,0.66%,7777800.0,8517100.0,739300.0000000001,16294800.0
sz002861,瀛通通讯,11.38,-1.39%,1.82%,10441800.0,12543599.999999998,2101800.0,22985500.0
sz000793,华闻集团,2.13,-1.39%,1.63%,26662800.000000004,42304700.0,15641900.0,68967600.0
sz000415,渤海租赁,2.13,-1.39%,0.20%,6530000.0,16070800.0,9540800.0,22600800.0
sz001322,箭牌家居,16.2,-1.40%,3.16%,18470400.0,31040900.0,12570400.0,49511300.0
sz002899,英派斯,14.79,-1.40%,1.56%,11364800.0,16512700.0,5147900.0,27877600.000000004
sz300204,舒泰神,9.84,-1.40%,0.72%,10000300.0,23571900.0,13571600.0,33572200.0
sh688315,诺禾致源,24.6,-1.40%,0.64%,7137300.0,10051200.0,2913900.0,17247600.0
sh605338,巴比食品,24.7,-1.40%,0.84%,5287900.0,12658699.999999998,7370800.0,18015800.0
sh688152,麒麟信安,104.75,-1.40%,4.03%,34759900.0,40177800.0,5417900.0,75181000.0
sh601008,连云港,4.22,-1.40%,0.56%,8241100.0,21050100.000000004,12809100.0,29695500.0
sh603606,东方电缆,47.18,-1.40%,0.71%,99258000.0,130000000.0,30632800.000000004,231999999.99999997
sh603277,银都股份,26.05,-1.40%,1.08%,52422100.0,66975600.00000001,14553599.999999998,120000000.0
sh603126,中材节能,7.72,-1.40%,0.93%,15785500.0,27870100.000000004,12084600.0,44259200.0
sh601669,中国电建,5.63,-1.40%,0.76%,151000000.0,317000000.0,165000000.0,475000000.0
sz002887,绿茵生态,9.14,-1.40%,0.91%,7039900.0,6789100.0,250799.99999999997,13829000.0
sz002583,海能达,6.34,-1.40%,4.04%,152000000.0,162000000.0,9982600.0,314000000.0
sz002529,海源复材,14.84,-1.40%,1.13%,20094100.0,23889000.0,3794900.0,43983100.00000001
sz002483,润邦股份,5.62,-1.40%,0.85%,19342700.0,23215900.0,3873200.0,42558600.0
sz300870,欧陆通,54.21,-1.40%,3.23%,29769200.0,39847600.0,10078300.0,69616700.0
sz002138,顺络电子,25.35,-1.40%,0.84%,74789600.0,81398000.0,6608400.0,156000000.0
sz002080,中材科技,20.44,-1.40%,0.31%,43505200.00000001,62714700.0,19209500.0,106000000.0
sz000727,冠捷科技,2.12,-1.40%,0.53%,14063200.0,24734200.0,10671000.0,38797400.0
sz000547,航天发展,9.88,-1.40%,1.03%,61801700.0,100000000.0,38602900.0,162000000.0
sz000548,湖南投资,4.88,-1.41%,0.92%,11233000.0,11255200.0,22200.000000000004,22488300.0
sz000619,海螺新材,6.3,-1.41%,0.56%,5848000.0,6915000.0,1067000.0,12763000.0
sh601089,福元医药,16.1,-1.41%,0.85%,9026600.0,19037300.0,10010700.0,28173400.0
sz300855,图南股份,35.57,-1.41%,1.14%,38855600.0,50566100.0,11710500.0,89421700.0
sh603898,好莱客,9.79,-1.41%,0.20%,2587600.0,3536900.0,949200.0,6239100.0
sh600993,马应龙,26.62,-1.41%,0.97%,42659799.99999999,69283500.0,26623700.0,112999999.99999999
sh600800,渤海化学,3.5,-1.41%,0.40%,3518600.0,7553600.0,4035000.0,11226600.0
sh600798,宁波海运,3.5,-1.41%,0.34%,4642100.0,9820100.0,5178000.0,14605000.0
sz300635,中达安,13.31,-1.41%,1.20%,7890300.0,10808599.999999998,2918300.0,18698900.0
sh688119,中钢洛耐,5.58,-1.41%,0.36%,2928300.0,8344500.0,5416200.0,11272800.0
sz000919,金陵药业,7.69,-1.41%,0.52%,8068800.0,12173200.0,4104400.0,20242000.0
sz000011,深物业A,9.1,-1.41%,0.45%,7929100.0,13599900.0,5670800.0,21528900.0
sz300051,三五互联,11.77,-1.42%,1.72%,27179400.0,46706500.0,19527200.0,73885900.0
sz300869,康泰医学,22.89,-1.42%,1.28%,18589900.0,26407000.0,7817100.0,44996899.99999999
sh688089,嘉必优,29.8,-1.42%,0.79%,9723800.0,18669100.0,8945200.0,28404899.999999996
sh605255,天普股份,16.63,-1.42%,3.56%,8876400.0,10658200.0,1781800.0,19966900.0
sh603111,康尼机电,4.87,-1.42%,0.62%,9430400.0,15946500.0,6516200.0,25673500.0
sh601828,美凯龙,4.85,-1.42%,0.22%,15935100.0,22028900.0,6093800.0,38759900.0
sh601377,兴业证券,6.23,-1.42%,0.46%,89136000.0,158000000.0,69219100.0,250999999.99999997
sh601005,重庆钢铁,1.39,-1.42%,0.30%,9218800.0,24061200.0,14842500.0,34789100.0
sh600881,亚泰集团,2.09,-1.42%,0.28%,5659400.000000001,13081800.0,7422400.0,19374500.0
sh600297,广汇汽车,2.09,-1.42%,0.99%,58451700.0,111000000.00000001,52688600.0,170000000.0
sz300519,新光药业,16.02,-1.42%,0.84%,6433500.0,9062700.0,2629200.0,15496199.999999998
sz300405,科隆股份,5.57,-1.42%,0.77%,5352900.0,4113399.9999999995,1239600.0,9466300.0
sz300340,科恒股份,13.15,-1.42%,3.55%,40705000.0,47142000.0,6437000.0,87846900.0
sz300044,赛为智能,4.86,-1.42%,6.86%,99040300.0,125000000.0,26456200.0,225000000.0
sz002137,实益达,6.93,-1.42%,2.26%,24489200.0,37325800.0,12836600.0,61814900.0
sz002046,国机精工,12.5,-1.42%,1.11%,28150100.000000004,45193100.00000001,17043000.0,73343100.0
sz301004,嘉益股份,37.34,-1.43%,2.47%,9635600.0,13587400.0,3951800.0,23223000.0
sh600058,五矿发展,9.67,-1.43%,0.33%,13035500.0,21619300.0,8583800.0,34654800.0
sh600038,中直股份,39.93,-1.43%,0.69%,67033000.0,95802800.0,28769800.0,163000000.0
sz300406,九强生物,21.42,-1.43%,1.80%,56735000.0,75835400.0,19100500.0,133000000.0
sz300382,斯莱克,13.07,-1.43%,1.66%,70228800.0,66653500.0,3575299.9999999995,137000000.0
sz002898,赛隆药业,11.05,-1.43%,1.07%,5535000.0,6470100.0,935100.0,12005200.0
sz002449,国星光电,8.95,-1.43%,0.95%,21425300.000000004,31116100.0,9690800.0,52541300.0
sz002357,富临运业,6.88,-1.43%,2.96%,32288200.0,32339500.0,51300.0,64627800.0
sz002073,软控股份,6.89,-1.43%,2.67%,86714300.0,87298100.0,583800.0,174000000.0
sz000819,岳阳兴长,19.96,-1.43%,1.01%,25025800.0,35585400.0,10559600.0,60611200.0
sz300453,三鑫医疗,6.85,-1.44%,0.61%,5626400.0,9558000.0,3931600.0000000005,15184300.0
sz003042,中农联合,21.17,-1.44%,4.84%,30251500.0,40232000.0,9980500.0,70483500.0
sz002323,雅博股份,2.73,-1.44%,0.61%,10415700.0,25462800.000000004,15047200.0,35878600.0
sz300945,曼卡龙,15.02,-1.44%,2.57%,13797500.0,16107300.0,2309900.0,29904800.0
sh603989,艾华集团,21.23,-1.44%,0.37%,13918699.999999998,17730200.0,3811500.0,31871800.0
sh603567,珍宝岛,15.73,-1.44%,0.73%,40916800.0,66154200.0,25237399.999999996,109000000.00000001
sh603538,美诺华,18.43,-1.44%,0.69%,9926800.0,16874400.0,6947600.0,26969400.0
sh603385,惠达卫浴,7.52,-1.44%,0.37%,4981200.0,5338200.000000001,357000.0,10424700.0
sh600704,物产中大,4.78,-1.44%,0.50%,42168300.0,75906400.0,33738100.0,122000000.0
sh600678,四川金顶,5.46,-1.44%,1.70%,14342700.0,17681900.0,3339300.0,32529100.0
sz300515,三德科技,15.78,-1.44%,1.18%,15161500.0,18881400.0,3720000.0,34042900.0
sz002956,西麦食品,15.05,-1.44%,0.59%,9188300.0,10674100.0,1485800.0000000002,19862400.0
sz002795,永和智控,8.23,-1.44%,1.25%,12337900.0,24709100.0,12371199.999999998,37047000.0
sz000417,合肥百货,4.78,-1.44%,0.93%,14553300.0,20173600.0,5620300.0,34729300.0
sz002652,扬子新材,2.71,-1.45%,0.89%,5675900.0,6684100.0,1008300.0,12360000.0
sz301005,超捷股份,30.0,-1.45%,2.50%,18911600.0,14736400.000000002,4175299.9999999995,33648000.0
sz301046,能辉科技,31.89,-1.45%,4.23%,38286100.0,42014300.0,3728200.0,80300500.0
sh600663,陆家嘴,10.18,-1.45%,0.14%,19813700.0,20734800.0,921000.0,41310900.0
sh600624,复旦复华,6.13,-1.45%,0.81%,8617000.0,25229100.0,16612000.0,34028700.0
sh600210,紫江企业,5.43,-1.45%,1.24%,53878600.0,48920200.00000001,4958400.0,103000000.0
sz002531,天顺风能,14.32,-1.45%,1.01%,117000000.0,144000000.0,27184000.0,260000000.0
sz002276,万马股份,11.56,-1.45%,2.86%,160000000.0,189000000.0,28813700.0,350000000.0
sz002271,东方雨虹,25.89,-1.45%,1.19%,225000000.0,390000000.0,165000000.0,615000000.0
sh688337,普源精电,55.0,-1.45%,0.86%,10191100.0,16558400.0,6367400.0,26760500.0
sz301365,矩阵股份,16.21,-1.46%,2.16%,4358800.0,11507800.0,7149000.0,15866600.0
sz002582,好想你,8.11,-1.46%,1.66%,22138600.0,23904600.0,1766000.0,46043300.0
sz301232,飞沃科技,59.3,-1.46%,5.78%,14766500.0,29409800.0,14643300.0,44176400.0
sz300966,共同药业,22.23,-1.46%,0.94%,5107600.0,7378900.0,2271300.0,12486500.0
sz002990,盛视科技,35.68,-1.46%,1.19%,26068100.0,30827800.000000004,4759700.0,56895900.0
sh688100,威胜信息,29.09,-1.46%,0.35%,22061700.0,29178600.0,7116900.000000001,51240400.0
sh600370,三房巷,2.7,-1.46%,0.28%,2764500.0,6123500.0,3359000.0,8889100.0
sh601898,中煤能源,8.76,-1.46%,0.17%,52527500.0,82270100.0,29742600.000000004,135000000.0
sh600515,海南机场,4.05,-1.46%,0.29%,26084400.0,79952900.0,53868500.0,107000000.0
sh603818,曲美家居,5.41,-1.46%,0.79%,7461300.0,17369900.0,9908600.0,24909100.0
sz002725,跃岭股份,10.8,-1.46%,5.98%,64963900.0,64769300.0,194600.0,130000000.0
sz002589,瑞康医药,3.37,-1.46%,0.81%,7471000.0,24045300.000000004,16574300.0,31516200.0
sz002395,双象股份,11.46,-1.46%,2.24%,28777000.0,40778700.0,12001700.0,69555700.0
sz002254,泰和新材,23.55,-1.46%,0.58%,26976100.0,32082000.0,5105900.0,59058100.00000001
sz000668,荣丰控股,11.51,-1.46%,0.38%,3560200.0,2885299.9999999995,674900.0,6445500.0
sz001308,康冠科技,27.4,-1.47%,2.23%,15360800.0,28859100.0,13498300.0,44219900.0
sh688151,华强科技,20.13,-1.47%,0.46%,2982300.0,6332300.0,3350000.0,9331600.0
sh688317,之江生物,24.19,-1.47%,1.16%,14859100.0,20294600.0,5435500.0,35163200.0
sh688229,博睿数据,46.99,-1.47%,2.27%,11075000.0,11669600.0,594500.0,22750200.0
sh688298,东方生物,38.18,-1.47%,0.54%,18715600.0,22806400.0,4090700.0,41583500.0
sh605388,均瑶健康,12.7,-1.47%,1.66%,12465400.0,17258700.0,4793300.0,29804200.0
sz000637,ST实华,3.36,-1.47%,0.89%,3478100.0,7514000.0,4035899.9999999995,10992000.0
sh688202,美迪西,87.8,-1.47%,1.20%,41213400.0,56727800.0,15514400.0,97981600.0
sh603095,越剑智能,15.45,-1.47%,0.29%,3380299.9999999995,4915300.0,1535000.0,8479500.0
sh603950,长源东谷,15.4,-1.47%,0.53%,12163900.000000002,14238000.0,2074100.0,26728300.0
sz300433,蓝思科技,12.09,-1.47%,0.28%,71144400.0,96114500.0,24970100.000000004,167000000.0
sz300086,康芝药业,6.04,-1.47%,1.05%,10015000.0,17710400.0,7695500.0,27725400.0
sz002759,天际股份,13.36,-1.47%,0.69%,15335800.0,22302399.999999996,6966600.0,37638200.0
sz002584,西陇科学,5.35,-1.47%,1.15%,9454100.0,15600300.0,6146200.0,25054400.0
sz002475,立讯精密,32.75,-1.47%,0.59%,645000000.0,738000000.0,93244300.0,1383000000.0
sz002230,科大讯飞,68.15,-1.47%,3.83%,2316000000.0,3259000000.0000005,944000000.0,5575000000.0
sz002024,ST易购,2.01,-1.47%,0.15%,8838900.0,14509300.0,5670400.0,23348200.0
sz000788,北大医药,6.72,-1.47%,0.43%,6125500.0,11353800.000000002,5228300.0,17479300.0
sz301301,川宁生物,8.64,-1.48%,2.38%,14241199.999999998,31933800.0,17692600.0,46175000.0
sh688225,亚信安全,20.01,-1.48%,0.64%,5978300.0,8037600.0,2059300.0,14107900.0
sz002989,中天精装,16.61,-1.48%,3.29%,32125700.0,58921500.0,26795800.0,91047300.0
sh603711,香飘飘,18.6,-1.48%,0.29%,13566300.000000002,8558000.0,5008300.0,22310300.000000004
sh600820,隧道股份,5.99,-1.48%,0.45%,30914899.999999996,52889500.0,21974500.0,84933000.0
sh600628,新世界,7.3,-1.48%,0.36%,5908400.0,10854400.0,4946000.0,17038700.0
sh600180,瑞茂通,5.99,-1.48%,0.56%,15698699.999999998,20821700.0,5123000.0,36520400.0
sz002868,绿康生化,36.67,-1.48%,0.74%,18084800.0,23403600.0,5318800.0,41488500.0
sz002632,道明光学,7.32,-1.48%,1.37%,34067600.0,25215900.0,8851700.0,59283400.0
sz002343,慈文传媒,7.33,-1.48%,6.04%,84563900.0,129000000.0,44409500.0,214000000.0
sz002331,皖通科技,7.3,-1.48%,3.02%,47700700.0,39302900.0,8397700.0,87004400.0
sz002221,东华能源,8.67,-1.48%,0.44%,28682800.000000004,27371700.0,1311100.0000000002,56054500.0
sz000157,中联重科,6.64,-1.48%,0.29%,59930300.0,76788700.0,16858500.0,137000000.0
sz000816,智慧农业,3.3,-1.49%,1.70%,28476700.0,52857800.0,24381100.0,81334600.0
sz300116,保力新,1.32,-1.49%,1.54%,28839800.0,54523500.0,25683800.0,83363300.0
sh600539,狮头股份,6.63,-1.49%,0.95%,5430000.0,8917800.0,3487799.9999999995,14623599.999999998
sh688626,翔宇医疗,44.22,-1.49%,0.90%,11683900.000000002,9222000.0,2462000.0,20919000.0
sh603290,斯达半导,234.28,-1.49%,1.49%,281000000.0,309000000.0,27827500.0,599000000.0
sh603506,南都物业,11.9,-1.49%,0.53%,5861300.0,5720500.0,140800.0,11898300.0
sh688711,宏微科技,63.26,-1.49%,0.94%,33908900.0,34172100.0,263100.0,68232800.0
sh601188,龙江交通,3.3,-1.49%,0.38%,5137600.0,10864100.0,5726500.0,16645500.0
sh600561,江西长运,5.28,-1.49%,0.60%,3903700.0,4918500.0,1014800.0,9083000.0
sh605128,上海沿浦,42.27,-1.49%,5.71%,43597700.00000001,57866500.0,14268800.000000002,102000000.0
sz002620,瑞和股份,5.3,-1.49%,0.74%,5340900.0,7123400.0,1782500.0,12464300.0
sz002293,罗莱生活,11.21,-1.49%,0.17%,6918900.0,9450400.0,2531400.0,16369300.0
sz000778,新兴铸管,3.98,-1.49%,0.52%,19599000.0,62143100.00000001,42544100.0,81742000.0
sz000718,苏宁环球,2.65,-1.49%,0.58%,15894700.0,19972900.0,4078200.0,35867600.0
sz000622,恒立实业,3.96,-1.49%,1.33%,9663100.0,12860100.0,3197000.0,22523100.0
sz001288,运机集团,17.7,-1.50%,2.92%,12974500.0,16461400.000000002,3486900.0,29435900.0
sz301389,隆扬电子,18.33,-1.50%,3.22%,17664700.0,24455800.0,6791100.0,42120500.0
sh688075,安旭生物,41.32,-1.50%,0.77%,3470299.9999999995,6260599.999999999,2790299.9999999995,9730900.0
sh688087,英科再生,23.72,-1.50%,0.42%,4249600.0,5901700.0,1652100.0,10156200.0
sh688658,悦康药业,18.44,-1.50%,1.05%,12987500.0,26783900.0,13796400.000000002,39771400.0
sh688678,福立旺,23.06,-1.50%,4.65%,47260600.00000001,51198800.0,3938200.0,98459500.0
sh600558,大西洋,3.94,-1.50%,1.18%,14346800.0,27535500.0,13188599.999999998,42161300.0
sh603809,豪能股份,11.16,-1.50%,0.88%,18032500.0,20082200.0,2049800.0,38666000.0
sh603587,地素时尚,15.14,-1.50%,0.23%,9226000.0,7066000.0,2160000.0,16428200.0
sh600735,新华锦,5.92,-1.50%,0.64%,7226799.999999999,8662000.0,1435200.0,16176600.0
sh600153,建发股份,9.22,-1.50%,0.83%,95527900.00000001,122000000.0,26530500.0,218000000.00000003
sz300658,延江股份,6.56,-1.50%,0.84%,6029000.0,6566100.0,537100.0,12595100.0
sz300411,金盾股份,6.55,-1.50%,0.81%,6566500.0,7979600.0,1413100.0,14546099.999999998
sz300247,融捷健康,3.29,-1.50%,0.89%,7854900.0,15718599.999999998,7863700.0,23573500.0
sz000799,酒鬼酒,91.15,-1.50%,1.32%,161000000.0,234000000.0,73344700.0,396000000.0
sz000023,ST深天,6.53,-1.51%,0.84%,2408000.0,5253400.0,2845500.0,7661400.0
sh688371,菲沃泰,20.28,-1.51%,1.88%,14401700.0,15596900.0,1195200.0,29998600.0
sz301126,达嘉维康,13.05,-1.51%,1.03%,4990500.0,9624100.0,4633600.0,14614600.0
sh603109,神驰机电,18.25,-1.51%,1.79%,31655400.0,35639600.0,3984200.0,68382800.0
sh688368,晶丰明源,143.72,-1.51%,0.73%,29188400.0,37677500.0,8489100.0,66937800.0
sz300643,万通智控,14.37,-1.51%,5.32%,84594500.0,93034100.0,8439700.0,178000000.0
sz300014,亿纬锂能,58.73,-1.51%,0.62%,286000000.0,394000000.0,108000000.0,681000000.0
sz002423,中粮资本,7.85,-1.51%,0.57%,48237200.0,56571400.0,8334200.0,105000000.0
sz002103,广博股份,5.86,-1.51%,2.64%,24630200.0,41024700.0,16394500.0,65654700.0
sz002022,科华生物,10.46,-1.51%,0.60%,15887500.0,16859000.0,971500.0,32746500.0
sz000786,北新建材,24.06,-1.51%,0.29%,42423100.00000001,73109400.0,30686400.0,115999999.99999999
sz000692,*ST惠天,2.61,-1.51%,0.41%,1653700.0,4108600.0,2454900.0,5762400.0
sz301101,明月镜片,39.39,-1.52%,1.09%,11636199.999999998,19296300.0,7660100.0,30932500.0
sz002492,恒基达鑫,5.85,-1.52%,0.73%,6659200.0,10459200.0,3800000.0,17118500.0
sh603439,贵州三力,15.55,-1.52%,0.92%,22470700.0,35682400.0,13211800.0,58947800.0
sh603399,吉翔股份,11.64,-1.52%,1.39%,36269300.0,45497800.0,9228500.0,83025300.0
sh600053,九鼎投资,12.96,-1.52%,0.25%,6258600.0,7689700.0,1431100.0000000002,13948200.0
sz300768,迪普科技,16.16,-1.52%,0.59%,15581700.0,21764899.999999996,6183200.000000001,37353200.0
sz002628,成都路桥,3.25,-1.52%,0.81%,5176900.000000001,14802000.0,9625100.0,19978900.0
sz002183,怡亚通,5.2,-1.52%,0.66%,27577800.000000004,62334600.0,34756900.0,89912400.0
sz002161,远望谷,5.18,-1.52%,1.30%,17119800.0,31442100.0,14322300.0,48561899.99999999
sz002121,科陆电子,7.15,-1.52%,1.56%,58064799.99999999,99027200.0,40962400.0,157000000.0
sz002119,康强电子,12.93,-1.52%,2.25%,45047800.0,65633100.00000001,20585400.0,111000000.00000001
sz000605,渤海股份,6.46,-1.52%,0.74%,7694000.0,8701400.0,1007400.0,16395400.0
sz001380,华纬科技,33.55,-1.53%,12.57%,59682299.99999999,77364800.0,17682500.0,137000000.0
sz301166,优宁维,43.13,-1.53%,1.62%,11220100.0,17781200.0,6561100.0,29001300.0
sh688767,博拓生物,28.28,-1.53%,0.74%,3263600.0,4952100.0,1688600.0000000002,8245599.999999999
sz301058,中粮科工,13.54,-1.53%,1.21%,11637700.0,21821200.0,10183500.0,33458900.0
sz001205,盛航股份,21.94,-1.53%,0.88%,9557200.0,13068100.0,3510899.9999999995,22625300.000000004
sz300897,山科智能,32.91,-1.53%,2.19%,8382600.0,13128100.0,4745500.0,21510700.0
sz300909,汇创达,26.39,-1.53%,1.36%,8661500.0,13265700.0,4604300.0,21927300.0
sh600854,春兰股份,5.15,-1.53%,3.15%,31759500.0,53313900.0,21554400.0,85073400.0
sh603908,牧高笛,45.09,-1.53%,1.16%,13976900.0,20694800.0,6717900.0,35059500.0
sh603778,乾景园林,5.16,-1.53%,1.99%,27400500.0,37656700.0,10256199.999999998,66465400.0
sh601968,宝钢包装,7.08,-1.53%,0.48%,11842300.0,19016600.0,7174299.999999999,30858900.0
sh600586,金晶科技,7.73,-1.53%,1.45%,58007900.0,103000000.0,44661300.0,161000000.0
sh600578,京能电力,3.86,-1.53%,1.01%,103000000.0,156000000.0,52909100.0,258000000.0
sh600184,光电股份,12.87,-1.53%,0.64%,15971300.000000002,25992800.000000004,10021500.0,41964000.0
sh600165,宁科生物,4.51,-1.53%,2.60%,35424500.0,46567000.0,11142600.0,81991500.0
sz300775,三角防务,32.84,-1.53%,0.71%,47944799.99999999,65184700.0,17239900.0,112999999.99999999
sz002932,明德生物,25.09,-1.53%,1.30%,15655000.0,34711100.0,19056000.0,50366000.0
sz002827,高争民爆,11.55,-1.53%,1.01%,12908900.000000002,19616500.0,6707600.0,32525400.0
sz002515,金字火腿,4.51,-1.53%,0.65%,6278300.0,19290300.0,13012000.0,25568500.0
sz000963,华东医药,45.02,-1.53%,0.46%,147000000.0,216000000.0,68905000.0,362000000.0
sh688353,华盛锂电,36.33,-1.54%,1.13%,7000500.0,8699700.0,1699199.9999999998,15841099.999999998
sz301177,迪阿股份,38.38,-1.54%,1.84%,10380200.0,18019100.0,7638800.0,28399300.0
sh688096,京源环保,9.61,-1.54%,0.75%,2789600.0,6071900.000000001,3282300.0,8875000.0
sz300823,建科机械,20.5,-1.54%,1.65%,16000200.0,15953900.000000002,46300.0,31954100.0
sh688002,睿创微纳,48.54,-1.54%,0.56%,64064900.0,59377700.00000001,4687100.0,123000000.0
sh603002,宏昌电子,5.13,-1.54%,0.34%,4012200.0000000005,6629700.0,2617500.0,10641900.0
sh600801,华新水泥,12.12,-1.54%,0.36%,23869699.999999996,35620500.0,11750800.0,59490100.0
sh600331,宏达股份,4.49,-1.54%,1.77%,75448600.0,86825000.0,11376400.000000002,162000000.0
sz300647,超频三,7.02,-1.54%,0.97%,12599700.0,17941200.0,5341500.0,30541000.0
sz000952,广济药业,7.69,-1.54%,1.08%,11615900.0,16938600.0,5322800.0,28554500.0
sz000829,天音控股,8.93,-1.54%,1.21%,45591200.0,66292100.0,20700900.0,112000000.00000001
sz002052,ST同洲,1.9,-1.55%,0.66%,2703300.0,6715100.0,4011900.0,9418400.0
sh688238,和元生物,10.81,-1.55%,0.73%,10671700.0,17641300.0,6969600.0,28313000.0
sh688621,阳光诺和,56.5,-1.55%,0.30%,5326000.0,6622200.0,1296200.0,11948100.0
sh603836,海程邦达,15.29,-1.55%,0.91%,4452600.0,7174299.999999999,2721800.0,11963300.0
sh603160,汇顶科技,47.65,-1.55%,0.58%,63861300.0,64836100.0,974800.0,129000000.0
sh601965,中国汽研,22.85,-1.55%,0.54%,63426000.0,60067200.0,3358900.0,123000000.0
sz300475,香农芯创,35.65,-1.55%,13.46%,1071000000.0000001,1098000000.0,27457000.0,2169000000.0
sz300259,新天科技,3.81,-1.55%,1.19%,14909400.0,22045600.0,7136100.0,36955000.0
sz300147,香雪制药,5.09,-1.55%,0.87%,11884800.0,17343200.0,5458300.0,29228500.0
sz300046,台基股份,17.79,-1.55%,2.11%,39771500.0,49929900.0,10158400.0,89701400.0
sz002612,朗姿股份,23.43,-1.55%,1.47%,41410500.0,54467400.0,13056900.0,95877700.0
sz002410,广联达,29.23,-1.55%,0.72%,122000000.0,157000000.0,35127700.0,278000000.0
sz002255,海陆重工,5.72,-1.55%,1.09%,12386700.0,28442399.999999996,16055800.0,40829100.0
sh603230,内蒙新华,12.58,-1.56%,4.47%,22971900.0,27714500.0,4742700.0,51133000.0
sh600462,ST九有,1.89,-1.56%,0.45%,1246900.0,3614500.0,2367600.0,5117900.0
sz300961,深水海纳,10.76,-1.56%,1.23%,6316600.0,10008300.0,3691700.0,16340000.0
sz300866,安克创新,83.8,-1.56%,1.03%,66994300.0,64497500.0,2496800.0,131000000.0
sh600716,凤凰股份,3.78,-1.56%,0.54%,7423300.0,11432500.0,4009200.0,19151300.0
sz002551,尚荣医疗,3.79,-1.56%,0.67%,4855300.0,10775300.0,5920000.0,15630500.0
sz000722,湖南发展,11.96,-1.56%,2.54%,52440900.0,89146700.0,36705800.0,142000000.0
sz000338,潍柴动力,12.66,-1.56%,0.95%,300000000.0,318000000.0,18327500.0,617000000.0
sz000069,华侨城A,4.43,-1.56%,0.23%,33830700.0,38602400.0,4771700.0,72433100.0
sz001222,源飞宠物,15.05,-1.57%,1.24%,2711300.0,6236500.0,3525299.9999999995,8947800.0
sh688479,友车科技,31.38,-1.57%,5.23%,21620300.000000004,32812800.000000004,11192600.0,54451899.99999999
sz300201,海伦哲,3.77,-1.57%,1.33%,18162400.0,34390800.0,16228400.0,52553300.0
sz301073,君亭酒店,38.77,-1.57%,4.06%,58449300.0,76069200.0,17619900.0,135000000.0
sz301180,万祥科技,16.98,-1.57%,3.98%,17331000.0,22234000.0,4903000.0,39565000.0
sh688103,国力股份,66.3,-1.57%,3.82%,69915500.0,84690200.0,14774600.0,155000000.0
sh605081,太和水,15.03,-1.57%,3.71%,21482100.0,25380500.0,3898500.0,48099700.0
sh600714,金瑞矿业,9.4,-1.57%,0.85%,10479600.0,12149400.0,1669800.0,23196800.0
sh601668,中国建筑,5.64,-1.57%,0.30%,231999999.99999997,450000000.0,217000000.0,699000000.0
sh600511,国药股份,35.22,-1.57%,0.33%,27565500.0,35935500.0,8370000.0,64713700.0
sh600366,宁波韵升,8.78,-1.57%,2.82%,112000000.00000001,151000000.0,38908700.0,264000000.0
sz300629,新劲刚,20.08,-1.57%,2.12%,32914400.0,51520500.0,18606100.0,84434900.0
sz300566,激智科技,18.16,-1.57%,1.59%,25238700.0,41187600.0,15948900.000000002,66426300.0
sz300241,瑞丰光电,5.01,-1.57%,0.90%,9358600.0,16546400.000000002,7187900.0,25905000.0
sz300099,精准信息,6.28,-1.57%,1.24%,16500900.0,28755300.000000004,12254400.0,45256200.0
sz002149,西部材料,16.9,-1.57%,0.70%,25333000.0,32501200.0,7168200.000000001,57834100.0
sz000006,深振业A,4.35,-1.58%,0.62%,14012500.0,22754300.0,8741900.0,36766800.0
sz300289,利德曼,5.61,-1.58%,0.48%,4428700.0,6909800.0,2481100.0,11338500.0
sh603626,科森科技,6.85,-1.58%,0.79%,12381800.0,17588300.0,5206500.0,30170100.000000004
sh600482,中国动力,21.79,-1.58%,0.99%,204000000.0,236000000.0,31752900.0,444000000.00000006
sh600439,瑞贝卡,2.49,-1.58%,0.44%,3157200.0000000005,9475100.0,6318000.0,12634500.0
sh600241,时代万恒,8.1,-1.58%,0.85%,8419000.0,12096800.0,3677700.0,20515800.0
sz300731,科创新源,19.3,-1.58%,1.44%,14367200.0,19250600.0,4883400.0,33617900.0
sz300701,森霸传感,10.62,-1.58%,1.23%,15078000.0,16548200.0,1470200.0,31626200.0
sz300523,辰安科技,23.72,-1.58%,4.48%,104000000.0,150000000.0,45642900.0,254000000.0
sz300205,天喻信息,13.07,-1.58%,1.94%,41953800.0,68131900.0,26178100.0,110000000.00000001
sz002916,深南电路,76.65,-1.58%,0.55%,85798900.0,129000000.0,43543800.0,215000000.0
sz002821,凯莱英,118.1,-1.58%,0.59%,98677600.0,130000000.0,31696800.0,229000000.0
sz000903,云内动力,2.49,-1.58%,0.74%,12011199.999999998,23775700.0,11764500.0,35786900.0
sz000697,*ST炼石,6.22,-1.58%,0.39%,3038800.0,10932300.0,7893500.0,13971000.0
sz300797,钢研纳克,18.06,-1.58%,0.52%,7887900.0,15330500.0,7442600.0,23218500.0
sz002420,毅昌科技,6.2,-1.59%,1.09%,11910700.0,14668500.0,2757700.0,26580500.0
sz301009,可靠股份,11.75,-1.59%,0.98%,4751300.0,6565500.0,1814199.9999999998,11316700.0
sz000058,深赛格,6.19,-1.59%,0.45%,12091000.0,15229200.0,3138200.0,27320200.0
sh688526,科前生物,24.1,-1.59%,0.88%,11703699.999999998,14820000.0,3116300.0,26523700.0
sh603893,瑞芯微,75.1,-1.59%,0.99%,160000000.0,155000000.0,5143099.999999999,317000000.0
sh603839,安正时尚,7.45,-1.59%,0.42%,5994700.0,6533200.000000001,538500.0,12667200.0
sh601555,东吴证券,7.43,-1.59%,0.98%,160000000.0,204999999.99999997,45159500.0,369000000.0
sz000541,佛山照明,5.57,-1.59%,0.44%,11778400.0,14410700.0,2632300.0,26189200.0
sh600208,新湖中宝,2.48,-1.59%,0.53%,32463100.0,80858100.0,48395000.0,112999999.99999999
sz300685,艾德生物,23.53,-1.59%,0.43%,16343500.0,24376500.0,8033099.999999999,40720000.0
sz300412,迦南科技,5.56,-1.59%,2.02%,18499200.0,34964500.0,16465300.0,53463600.0
sz300094,国联水产,4.96,-1.59%,4.28%,82377500.0,154000000.0,71156700.0,236000000.0
sz002238,天威视讯,6.79,-1.59%,0.64%,14199700.0,20802100.0,6602400.0,35001700.0
sz000877,天山股份,8.04,-1.59%,0.35%,16867600.0,34649700.0,17782100.0,51517299.99999999
sz000738,航发控制,23.52,-1.59%,0.37%,47517600.0,68096800.0,20579200.0,115999999.99999999
sh688568,中科星图,52.33,-1.60%,0.57%,45525200.00000001,66223400.0,20698300.0,112000000.00000001
sz300861,美畅股份,43.65,-1.60%,0.89%,47326600.0,46163300.0,1163300.0,93489900.0
sh601798,蓝科高新,7.36,-1.60%,0.99%,11548699.999999998,14402800.0,2854100.0000000005,26095800.0
sh600753,庚星股份,9.24,-1.60%,0.83%,7816100.0,8671800.0,855699.9999999999,16632900.0
sz002275,桂林三金,16.58,-1.60%,0.35%,13527800.0,19377800.0,5850000.0,32905600.0
sz000710,贝瑞基因,11.07,-1.60%,1.32%,14168500.0,30980500.0,16812100.0,45149000.0
sz301130,西点药业,28.12,-1.61%,1.12%,7730900.0,11709000.0,3978100.0,19439800.0
sz301027,华蓝集团,12.25,-1.61%,0.90%,4361300.0,6821700.0,2460400.0,11183000.0
sz300850,新强联,36.11,-1.61%,2.70%,94960300.0,100000000.0,5276500.0,195000000.0
sh605358,立昂微,37.18,-1.61%,1.13%,94106700.0,118000000.0,23721400.0,213000000.0
sh603076,乐惠国际,45.1,-1.61%,0.71%,13371600.0,25168500.0,11796900.0,38982100.0
sh603165,荣晟环保,15.9,-1.61%,1.02%,18144700.0,26434600.0,8289900.0,45337800.0
sh601068,中铝国际,5.49,-1.61%,0.51%,22667399.999999996,48738500.0,26071100.0,72492400.0
sh600977,中国电影,14.7,-1.61%,1.44%,170000000.0,227000000.0,56797600.0,401999999.99999994
sh600538,国发股份,4.29,-1.61%,1.02%,11223599.999999998,11774600.0,551000.0,23118800.0
sh600386,北巴传媒,4.27,-1.61%,1.54%,20489000.0,32793100.0,12304100.0,53283400.0
sz300511,雪榕生物,7.33,-1.61%,2.47%,28745000.0,46088800.0,17343800.0,74834600.0
sz002724,海洋王,8.55,-1.61%,0.26%,8221400.0,8529000.0,307500.0,16750400.0
sz002495,佳隆股份,2.44,-1.61%,0.68%,3963399.9999999995,7897000.0,3933600.0,11860400.0
sz002210,飞马国际,1.83,-1.61%,0.44%,6152300.0,15399500.0,9247200.0,21551800.0
sz000892,欢瑞世纪,4.27,-1.61%,2.83%,31111700.0,55583300.0,24471600.0,86694900.0
sz003033,征和工业,34.53,-1.62%,5.61%,19914700.0,27457500.0,7542700.0,47372200.0
sz301273,瑞晨环保,31.58,-1.62%,1.97%,5388500.0,5857700.0,469200.0,11246099.999999998
sh603901,永创智能,14.55,-1.62%,0.26%,8508800.0,9487600.0,978700.0,18092400.0
sh603920,世运电路,18.25,-1.62%,1.66%,65161000.0,96910800.0,31749699.999999996,163000000.0
sh603179,新泉股份,45.0,-1.62%,0.51%,53935800.0,57751200.0,3815400.0,112999999.99999999
sz300653,正海生物,32.85,-1.62%,0.99%,21814800.0,37222800.0,15408000.0,59037600.0
sz300102,乾照光电,6.67,-1.62%,1.06%,24449899.999999996,40491900.0,16042000.0,64941899.99999999
sz002526,山东矿机,2.43,-1.62%,1.78%,29325700.0,47464000.0,18138400.0,76789700.0
sz301298,东利机械,17.48,-1.63%,8.11%,69106800.0,71634100.0,2527300.0,141000000.0
sz002209,达意隆,9.68,-1.63%,1.84%,11210300.0,16455600.0,5245300.0,27665900.0
sz002288,超华科技,4.22,-1.63%,0.81%,9665700.0,17970600.0,8304900.0,27636300.0
sh600823,ST世茂,1.21,-1.63%,1.90%,30591700.0,52684000.0,22092300.0,85932500.0
sh603828,柯利达,3.02,-1.63%,0.65%,5473600.0,5921500.0,447800.0,11671099.999999998
sh600967,内蒙一机,9.63,-1.63%,0.56%,38391800.0,52650000.0,14258300.0,91503100.0
sh600730,中国高科,6.02,-1.63%,2.01%,26438600.0,44415100.0,17976500.0,71611700.0
sh600020,中原高速,3.63,-1.63%,0.43%,13854900.0,21421100.0,7566300.0,35276000.0
sz300573,兴齐眼药,205.47,-1.63%,0.75%,38396900.0,66545700.0,28148800.0,105000000.0
sz002907,华森制药,15.09,-1.63%,0.45%,8029200.0,12624300.0,4595000.0,20653500.0
sz002332,仙琚制药,12.69,-1.63%,0.78%,41858300.0,55476899.99999999,13618699.999999998,97335100.0
sz002139,拓邦股份,12.07,-1.63%,2.85%,174000000.0,191000000.0,17242100.0,365000000.0
sz000563,陕国投A,3.01,-1.63%,0.66%,29240300.000000004,72798900.0,43558600.0,102000000.0
sz301383,天键股份,38.29,-1.64%,5.98%,25298200.0,38262100.0,12963900.000000002,63560400.0
sz000809,铁岭新城,4.21,-1.64%,0.79%,9191300.0,18486800.0,9295400.0,27678100.0
sh688262,国芯科技,43.71,-1.64%,1.96%,107000000.0,121000000.0,14865200.0,227999999.99999997
sz002600,领益智造,6.61,-1.64%,0.60%,119000000.0,155000000.0,35932300.0,275000000.0
sh688565,力源科技,8.38,-1.64%,0.87%,3172500.0,4000500.0,828000.0,7174100.0
sz300943,春晖智控,16.77,-1.64%,6.91%,54539100.0,61065800.0,6526700.0,115999999.99999999
sz002213,大为股份,16.18,-1.64%,4.92%,70359200.0,95455200.0,25096000.0,166000000.0
sh603123,翠微股份,9.61,-1.64%,0.94%,19209700.0,39631900.0,20422200.0,59509500.0
sh603311,金海高科,11.41,-1.64%,1.84%,17102500.0,32413200.0,15310700.0,49953900.0
sh603078,江化微,16.24,-1.64%,0.88%,19120900.0,28132700.0,9011800.0,47794399.99999999
sh600835,上海机电,15.02,-1.64%,1.13%,57307900.0,80493400.0,23185500.0,139000000.0
sh600650,锦江在线,9.59,-1.64%,0.27%,3523900.0,6435000.0,2911100.0,10008800.0
sz300318,博晖创新,5.39,-1.64%,0.39%,5264299.999999999,11729800.0,6465599.999999999,16994100.0
sz002565,顺灏股份,2.99,-1.64%,0.81%,8316500.0,17527300.0,9210800.0,25843900.0
sz002518,科士达,40.25,-1.64%,2.23%,236000000.0,276000000.0,40872500.0,512000000.0
sz002193,如意集团,6.61,-1.64%,1.02%,5743600.0,12060200.0,6316600.0,17803700.0
sz002627,三峡旅游,5.36,-1.65%,1.21%,17034700.0,28371800.0,11337100.0,45406500.0
sh600615,丰华股份,8.95,-1.65%,1.98%,14633400.0,17905600.0,3272200.0000000005,33607600.0
sh603153,上海建科,17.32,-1.65%,3.26%,9606500.0,21437700.0,11831199.999999998,31316100.0
sh605577,龙版传媒,11.33,-1.65%,2.37%,23011100.0,28464200.0,5453099.999999999,51475300.0
sz002977,天箭科技,35.22,-1.65%,12.20%,128000000.0,153000000.0,24941100.0,282000000.0
sh603171,税友股份,38.69,-1.65%,1.01%,18029300.0,17258100.0,771200.0,35496200.0
sh600979,广安爱众,3.58,-1.65%,2.40%,37052000.0,67097200.0,30045200.0,106000000.0
sh603886,元祖股份,18.53,-1.65%,0.28%,5643800.0,6465800.0,822000.0,12322700.0
sh601788,光大证券,16.09,-1.65%,0.90%,213000000.0,347000000.0,133000000.0,569000000.0
sh601155,新城控股,13.68,-1.65%,0.80%,95314200.0,150000000.0,54912900.0,247000000.00000003
sh601021,春秋航空,61.86,-1.65%,0.38%,108000000.0,117000000.0,9071900.0,227000000.0
sh600838,上海九百,6.56,-1.65%,1.14%,10208500.0,19752900.0,9544400.0,30309100.0
sh600167,联美控股,6.57,-1.65%,0.17%,9808100.0,15953800.000000002,6145700.000000001,25761800.0
sz300410,正业科技,8.36,-1.65%,0.86%,10674500.0,15810500.0,5136000.0,26485000.0
sz300402,宝色股份,20.82,-1.65%,0.75%,14394500.0,17249900.0,2855400.0,31644300.0
sz300114,中航电测,47.01,-1.65%,1.08%,108000000.0,193000000.0,84904500.0,301000000.0
sz002772,众兴菌业,10.12,-1.65%,3.20%,50709399.99999999,76220800.0,25511400.0,127000000.0
sz000859,国风新材,5.37,-1.65%,0.78%,13609100.0,23899200.0,10290100.0,37508300.0
sz000530,冰山冷热,5.38,-1.65%,3.84%,54593100.00000001,71272000.0,16678900.000000002,126000000.0
sz000420,吉林化纤,3.57,-1.65%,0.56%,18745200.0,30137000.0,11391800.0,48885500.0
sh688458,美芯晟,88.87,-1.66%,3.49%,31541700.0,25343800.0,6197900.0,57001100.0
sh600302,标准股份,5.33,-1.66%,0.88%,5815700.000000001,10393200.0,4577500.0,16247800.0
sh688528,秦川物联,10.69,-1.66%,0.86%,3167700.0,3090500.0,77300.0,6260200.0
sh600638,新黄浦,5.33,-1.66%,0.29%,4587800.0,5752800.0,1165000.0,10457300.0
sh600448,华纺股份,2.96,-1.66%,0.82%,6524299.999999999,8899500.0,2375200.0,15431700.0
sh603110,东方材料,26.67,-1.66%,1.39%,28885500.0,44235400.0,15349900.0,74793000.0
sh600867,通化东宝,10.06,-1.66%,0.39%,25114000.0,53290700.0,28176800.0,78959100.0
sz002884,凌霄泵业,16.54,-1.66%,1.69%,37008200.0,39128000.0,2119800.0,76136200.0
sz002787,华源控股,7.13,-1.66%,1.19%,8303700.0,11443400.0,3139700.0000000005,19747100.0
sz002617,露笑科技,7.68,-1.66%,2.42%,141000000.0,214000000.0,73058000.0,354000000.0
sz002344,海宁皮城,4.74,-1.66%,0.57%,12137600.0,22588000.0,10450400.0,34725600.0
sz000411,英特集团,12.33,-1.67%,3.95%,71547400.0,76174500.0,4627100.0,148000000.0
sh688130,晶华微,43.48,-1.67%,1.62%,4106600.0000000005,6864900.0,2758300.0,11001900.0
sz300957,贝泰妮,90.34,-1.67%,0.88%,75594800.0,99225800.0,23631000.0,175000000.0
sh688552,航天南湖,25.38,-1.67%,3.67%,25236400.0,46587200.0,21350700.0,71823600.0
sh601117,中国化学,8.23,-1.67%,0.49%,89757600.0,157000000.0,67627800.0,248000000.0
sh600818,中路股份,20.01,-1.67%,0.89%,15834300.0,26704600.0,10870300.0,42873200.0
sh600639,浦东金桥,11.77,-1.67%,0.57%,23664800.0,33622100.0,9957300.0,57802400.0
sz300700,岱勒新材,22.43,-1.67%,8.42%,173000000.0,156000000.0,17597400.0,329000000.0
sz002097,山河智能,6.49,-1.67%,0.84%,23674899.999999996,29658500.0,5983600.0,53333300.0
sz301052,果麦文化,46.16,-1.68%,5.35%,65813800.0,71999500.0,6185700.000000001,138000000.0
sh688355,明志科技,27.49,-1.68%,1.16%,5438099.999999999,6949600.0,1511500.0,12518800.000000002
sz301068,大地海洋,37.55,-1.68%,1.39%,11420300.0,9344500.0,2075900.0,20764800.0
sh688085,三友医疗,25.15,-1.68%,0.30%,7251100.0,7135400.0,115700.0,14396500.0
sh688007,光峰科技,21.62,-1.68%,0.56%,20047100.0,36463600.0,16416500.0,56636100.0
sh601718,际华集团,2.92,-1.68%,0.53%,15885300.0,50651800.0,34766500.0,68143700.0
sh600195,中牧股份,11.72,-1.68%,0.64%,26072800.000000004,51262400.0,25189600.0,77335300.0
sh600173,卧龙地产,5.27,-1.68%,0.47%,6255500.0,11008800.000000002,4753400.0,17264300.0
sz300710,万隆光电,25.15,-1.68%,1.16%,8158099.999999999,11358000.0,3199900.0,19516100.0
sz002329,皇氏集团,6.44,-1.68%,2.48%,39702800.0,55456600.0,15753800.000000002,95159300.0
sh688190,云路股份,71.65,-1.69%,0.49%,9341700.0,10079600.0,737900.0000000001,19433700.0
sh688393,安必平,25.0,-1.69%,3.09%,17815600.0,29628200.0,11812600.0,47443800.0
sh600622,光大嘉宝,2.9,-1.69%,0.44%,3922300.0,15122300.0,11200000.0,19265000.0
sh603698,航天工程,15.69,-1.69%,0.62%,24709600.0,27669699.999999996,2960000.0,52937900.0
sh603665,康隆达,26.75,-1.69%,0.51%,11217200.0,10296900.0,920300.0,22204200.0
sh603515,欧普照明,20.35,-1.69%,0.13%,9511400.0,9697500.0,186100.0,19622000.0
sh603197,保隆科技,58.15,-1.69%,2.59%,145000000.0,171000000.0,25623300.0,317000000.0
sh600703,三安光电,16.87,-1.69%,0.99%,366000000.0,390000000.0,24463800.0,762000000.0
sh600491,龙元建设,4.66,-1.69%,1.51%,33627700.0,74075100.0,40447400.0,113999999.99999999
sz300513,恒实科技,13.96,-1.69%,6.73%,110000000.00000001,151000000.0,40814000.0,261000000.0
sz002625,光启技术,15.11,-1.69%,0.40%,42686500.0,66383100.00000001,23696600.0,109000000.00000001
sz002256,兆新股份,2.33,-1.69%,1.40%,18307700.0,27386100.0,9078400.0,45693700.0
sz000813,德展健康,2.91,-1.69%,0.30%,5687000.0,13023699.999999998,7336600.0,18710700.0
sz000628,高新发展,15.15,-1.69%,1.46%,18398900.0,24521500.0,6122600.0,42920500.0
sz000516,国际医学,8.75,-1.69%,0.80%,48518900.0,84312900.00000001,35794000.0,133000000.0
sz000669,ST金鸿,1.73,-1.70%,0.46%,1778300.0000000002,3627400.0,1849100.0,5405700.000000001
sz001278,一彬科技,24.3,-1.70%,20.81%,79010000.0,80478100.0,1468100.0,159000000.0
sz002633,申科股份,10.39,-1.70%,0.68%,5167800.0,5432600.0,264800.0,10600400.0
sh688178,万德斯,19.65,-1.70%,0.29%,2130100.0,2701000.0,570900.0,4831100.0
sh688136,科兴制药,18.5,-1.70%,0.84%,3443700.0,7144000.0,3700299.9999999995,10624700.0
sh603616,韩建河山,5.19,-1.70%,0.89%,7806500.0,9719000.0,1912600.0,17670300.0
sh601003,柳钢股份,4.05,-1.70%,0.30%,11850600.0,19231400.0,7380800.0,31280900.0
sh600713,南京医药,5.21,-1.70%,0.70%,13112000.0,24979000.0,11867100.0,38438000.0
sh600581,八一钢铁,4.05,-1.70%,1.23%,22841100.0,53482600.0,30641500.0,76728600.0
sz300723,一品红,27.78,-1.70%,0.73%,16190500.0,26474800.0,10284300.0,42665300.0
sz300555,ST路通,6.36,-1.70%,0.54%,2438900.0,4415900.0,1977000.0,6854800.0
sz300329,海伦钢琴,6.93,-1.70%,0.61%,4536700.0,6254000.0,1717300.0,10790700.0
sz002409,雅克科技,75.55,-1.70%,3.92%,470000000.0,488999999.99999994,18781900.0,959000000.0
sz002310,东方园林,1.73,-1.70%,0.57%,10606500.0,15147100.0,4540500.0,25753600.0
sz000042,中洲控股,7.5,-1.70%,0.39%,8319400.000000001,11075500.0,2756000.0,19394900.0
sz002020,京新药业,12.7,-1.70%,1.11%,39189700.0,54530800.0,15341099.999999998,93720500.0
sz000900,现代投资,4.05,-1.70%,0.41%,8381600.0,16832600.0,8451000.0,25214100.0
sz300774,倍杰特,12.08,-1.71%,2.65%,18259700.0,21647800.000000004,3388100.0,39907600.0
sh688345,博力威,37.88,-1.71%,1.95%,7901400.0,10903400.0,3002000.0,18823700.0
sz300650,太龙股份,12.08,-1.71%,3.48%,23859000.0,39859900.0,16000900.0,63718900.0
sh603716,塞力医疗,9.17,-1.71%,1.08%,5444900.0,14215000.0,8770100.0,20043200.0
sh603266,天龙股份,15.48,-1.71%,7.62%,109000000.00000001,127000000.0,17653800.0,238000000.0
sz300120,经纬辉开,7.46,-1.71%,1.53%,18349000.0,28522500.0,10173500.0,46871500.0
sz002366,融发核电,6.32,-1.71%,1.62%,33751700.0,58540500.0,24788900.0,92292300.0
sz001316,润贝航科,35.91,-1.72%,2.17%,9962500.0,12360500.0,2398100.0,22323000.0
sh603057,紫燕食品,23.96,-1.72%,1.31%,6298300.0,6896799.999999999,598400.0,13223800.000000002
sz000962,东方钽业,12.55,-1.72%,2.89%,72709400.0,87149599.99999999,14440200.0,160000000.0
sh688776,国光电气,87.36,-1.72%,2.04%,21107399.999999996,36624700.0,15517400.0,58897400.0
sz301042,安联锐视,33.12,-1.72%,1.37%,8262400.0,11169300.0,2906900.0,19431700.0
sh603203,快克智能,29.08,-1.72%,0.28%,8017200.0,12334000.0,4316800.0,20516900.0
sh603129,春风动力,166.39,-1.72%,0.70%,81121700.0,93666800.0,12545100.0,176000000.0
sh601618,中国中冶,4.0,-1.72%,0.25%,60195500.0,120000000.0,59887299.99999999,182000000.0
sh600599,ST熊猫,10.83,-1.72%,0.33%,1280200.0,4675700.0,3395500.0,5992800.0
sz300787,海能实业,18.83,-1.72%,0.88%,10514600.0,13580800.0,3066200.0,24095400.0
sz300355,蒙草生态,3.42,-1.72%,1.51%,19785700.0,50434100.0,30648400.0,70219800.0
sz000929,兰州黄河,9.69,-1.72%,1.71%,12816300.000000002,18314000.0,5497700.0,31130300.000000004
sz301136,招标股份,14.17,-1.73%,5.86%,45560000.0,41730800.0,3829200.0,87298000.0
sz002818,富森美,14.21,-1.73%,1.56%,27657500.0,39105400.0,11447900.0,66762900.0
sz003026,中晶科技,40.33,-1.73%,1.52%,13277100.0,21316900.0,8039900.0,34594100.0
sz301162,国能日新,79.89,-1.73%,6.81%,187000000.0,158000000.0,28588500.0,345000000.0
sz000761,本钢板材,3.97,-1.73%,0.37%,19366400.0,36150600.0,16784200.0,55517000.0
sh603358,华达科技,19.3,-1.73%,0.58%,19791400.0,26938300.0,7146900.000000001,49397700.00000001
sh603297,永新光学,94.0,-1.73%,2.05%,105000000.0,112000000.00000001,6416500.0,219000000.0
sh600580,卧龙电驱,13.67,-1.73%,2.29%,187000000.0,221000000.0,34730900.0,413000000.0
sh600278,东方创业,7.37,-1.73%,1.04%,15377700.0,36761800.0,21384100.0,52178600.0
sh600218,全柴动力,9.09,-1.73%,2.50%,47491300.0,47274100.0,217200.0,94765300.0
sz002815,崇达技术,12.48,-1.73%,1.49%,33200400.0,48684100.0,15483599.999999998,81884500.0
sz002598,山东章鼓,11.38,-1.73%,1.43%,19266600.0,26236600.0,6970000.0,45503200.0
sz301287,康力源,40.02,-1.74%,8.09%,19355500.0,34972400.0,15617000.0,54327900.0
sz301131,聚赛龙,39.99,-1.74%,3.04%,13601700.0,14516099.999999998,914400.0,28117700.0
sh688105,诺唯赞,29.85,-1.74%,0.44%,9415400.0,12622500.0,3207100.0,22052800.000000004
sz301087,可孚医疗,45.76,-1.74%,0.72%,10494800.0,18904900.0,8410000.0,29399699.999999996
sh688488,艾迪药业,11.84,-1.74%,0.72%,7245700.000000001,10379900.0,3134200.0,17625700.0
sh603605,珀莱雅,105.35,-1.74%,0.62%,101000000.0,156000000.0,54886000.0,258000000.0
sh603006,联明股份,12.43,-1.74%,6.61%,66916500.0,87207900.00000001,20291400.0,157000000.0
sh600939,重庆建工,3.38,-1.74%,0.26%,4180100.0,12592700.0,8412500.0,17009000.0
sh600377,宁沪高速,9.62,-1.74%,0.14%,17392100.0,33711400.0,16319300.0,51116000.0
sz002152,广电运通,11.27,-1.74%,0.94%,95538100.0,169000000.0,73815700.0,265000000.0
sz002025,航天电器,60.83,-1.74%,0.34%,46555200.00000001,46764200.0,209000.0,93319500.0
sh603261,立航科技,33.7,-1.75%,1.39%,4231400.0,7766000.0,3534600.0,12142400.0
sh688079,美迪凯,10.66,-1.75%,1.76%,13356300.000000002,20404900.0,7048600.0,33768000.0
sz002875,安奈儿,13.47,-1.75%,2.73%,18912700.0,26560500.0,7647800.0,45473200.0
sz300884,狄耐克,12.34,-1.75%,1.64%,12541300.000000002,17071400.0,4530100.0,29612800.000000004
sz300006,莱美药业,3.37,-1.75%,0.71%,6239800.0,13375500.0,7135599.999999999,19615300.0
sz002852,道道全,12.35,-1.75%,1.73%,24558100.0,34817000.0,10258900.000000002,59375000.0
sh603680,今创集团,9.56,-1.75%,0.29%,8497800.0,13050200.0,4552400.0,21634000.0
sh600078,ST澄星,8.97,-1.75%,0.73%,17926800.0,25664100.0,7737300.0,43590900.0
sz300341,麦克奥迪,11.25,-1.75%,0.83%,13769700.0,34660600.0,20890900.0,48430300.0
sz300039,上海凯宝,6.75,-1.75%,1.37%,32280200.0,53434900.0,21154600.0,85715200.0
sz002444,巨星科技,23.01,-1.75%,0.97%,120000000.0,139000000.0,19575600.0,259000000.0
sz002318,久立特材,17.44,-1.75%,0.47%,37324900.0,41225000.0,3900200.0,78549900.0
sz002175,东方智造,2.81,-1.75%,1.23%,13994000.0,30335300.000000004,16341300.000000002,44329300.0
sz002002,鸿达兴业,2.24,-1.75%,0.79%,16266000.0,39204300.0,22938400.0,55470300.0
sz000826,启迪环境,2.81,-1.75%,0.54%,5246000.0,16538000.0,11292000.0,21784100.0
sz000046,*ST泛海,1.12,-1.75%,1.80%,46601200.0,57784300.0,11183100.0,104000000.0
sz000639,西王食品,4.46,-1.76%,0.59%,10479400.0,18088000.0,7608600.0,28567500.0
sh603102,百合股份,41.75,-1.76%,1.84%,8888500.0,14217400.0,5328900.0,23494200.0
sz301122,采纳股份,37.4,-1.76%,0.79%,4985800.0,8297900.0,3312100.0,13283599.999999998
sh688049,炬芯科技,36.78,-1.76%,2.20%,35097800.0,38723300.0,3625500.0,73835800.0
sh688512,慧智微,20.65,-1.76%,5.82%,22011900.0,37186600.0,15174600.0,59198600.0
sh688160,步科股份,70.92,-1.76%,14.16%,135000000.0,150000000.0,14853699.999999998,285000000.0
sh605266,健之佳,58.45,-1.76%,0.73%,17002500.0,15620200.0,1382300.0,33084500.0
sh603038,华立股份,8.92,-1.76%,2.91%,19568600.0,33736600.0,14168000.0,53913500.0
sh600780,通宝能源,10.02,-1.76%,1.00%,51276600.0,63598100.00000001,12321500.0,114999999.99999999
sh600012,皖通高速,10.04,-1.76%,0.32%,15552400.0,21796800.0,6244299.999999999,37349200.0
sz300149,睿智医药,7.83,-1.76%,0.47%,7731300.0,10638800.000000002,2907500.0,18370000.0
sz300145,中金环境,2.79,-1.76%,0.99%,19037000.0,33834500.0,14797600.0,52871500.0
sz002101,广东鸿图,21.27,-1.76%,7.54%,434000000.0,430000000.0,3830200.0,865000000.0
sz000906,浙商中拓,8.94,-1.76%,0.78%,17864400.0,29482800.000000004,11618400.0,47347200.0
sh603289,泰瑞机器,10.63,-1.76%,1.09%,14584600.0,16130300.0,1545600.0,30779699.999999996
sh688358,祥生医疗,44.84,-1.77%,1.42%,31984400.0,27017100.0,4967400.0,59035500.0
sh688420,美腾科技,37.2,-1.77%,1.72%,4495300.0,9208400.0,4713200.0,13722300.0
sz300971,博亚精工,25.51,-1.77%,1.96%,12626400.000000002,15325800.0,2699300.0,27952199.999999996
sz301222,浙江恒威,30.03,-1.77%,7.01%,28855000.0,33372199.999999996,4517300.0,62227200.0
sz002685,华东重机,3.89,-1.77%,1.88%,27778400.0,32306400.0,4528100.0,60084700.0
sz301015,百洋医药,26.68,-1.77%,0.99%,13032800.0,18650300.0,5617400.0,31683100.0
sz002985,北摩高科,43.33,-1.77%,0.91%,28203600.0,55627700.00000001,27424100.0,83831299.99999999
sh600649,城投控股,3.88,-1.77%,0.29%,9448400.0,18772600.0,9324300.0,28722600.000000004
sh603681,永冠新材,14.41,-1.77%,1.41%,19533500.0,19087800.0,445800.0,39096700.0
sh603012,创力集团,6.09,-1.77%,1.02%,15179800.0,24459100.0,9279200.0,39853400.0
sh600717,天津港,4.43,-1.77%,0.42%,20104500.0,33463600.0,13359100.0,54310400.0
sh600095,湘财股份,7.78,-1.77%,0.69%,57614700.0,96857900.00000001,39243200.0,154000000.0
sz300335,迪森股份,5.55,-1.77%,6.17%,60697700.00000001,76208600.0,15510900.0,137000000.0
sz001965,招商公路,9.43,-1.77%,0.09%,26806600.0,27919800.0,1113200.0,54726400.0
sz000965,天保基建,3.88,-1.77%,1.76%,23889899.999999996,52156899.99999999,28267000.0,76046800.0
sz000886,海南高速,5.0,-1.77%,0.62%,8709600.0,21846700.0,13137000.0,30556300.0
sz000885,城发环境,12.8,-1.77%,0.71%,19484200.0,39205100.0,19720900.0,58689399.99999999
sz000028,国药一致,37.2,-1.77%,0.48%,35123300.0,51516300.0,16393000.0,86639700.0
sz001260,坤泰股份,23.67,-1.78%,33.70%,105000000.0,126000000.0,21671000.0,231000000.0
sz002066,瑞泰科技,11.61,-1.78%,0.81%,7725800.0,14157000.0,6431200.0,21882800.000000004
sz300277,海联讯,7.72,-1.78%,1.21%,15247800.0,16456700.0,1208900.0,31704600.0
sz300977,深圳瑞捷,17.07,-1.78%,3.61%,11017700.0,13276900.0,2259200.0,24294699.999999996
sh688468,科美诊断,9.38,-1.78%,0.80%,7822700.0,12824800.0,5002100.0,20670900.0
sh688696,极米科技,138.85,-1.78%,0.88%,22692000.0,33341000.0,10648900.000000002,56064500.0
sh603776,永安行,14.94,-1.78%,1.42%,21227700.0,27142600.000000004,5914900.0,49819399.99999999
sh603318,水发燃气,8.29,-1.78%,1.79%,21259699.999999996,36524000.0,15264300.0,58454399.99999999
sh600601,方正科技,3.31,-1.78%,2.93%,215000000.0,202999999.99999997,12272500.0,419000000.00000006
sh600566,济川药业,26.98,-1.78%,0.51%,41125700.0,83985200.0,42859500.0,126000000.0
sh600419,天润乳业,15.98,-1.78%,1.10%,16705200.0,39853700.0,23148400.0,56562100.0
sh600246,万通发展,5.53,-1.78%,0.84%,42087299.99999999,53190600.00000001,11103400.0,95277900.00000001
sh600126,杭钢股份,4.42,-1.78%,0.25%,13080600.0,24475900.0,11395300.0,37556600.0
sz300955,嘉亨家化,20.32,-1.79%,1.43%,6829900.0,6242800.0,587100.0,13072800.0
sh603466,风语筑,13.7,-1.79%,1.68%,59160500.0,79312100.0,20151600.0,138000000.0
sh600990,四创电子,23.65,-1.79%,1.13%,35970400.0,37359800.0,1389400.0,73330300.0
sh600340,华夏幸福,2.2,-1.79%,1.02%,33715000.0,53839300.0,20124400.0,87554300.0
sz002773,康弘药业,18.62,-1.79%,0.45%,25021800.0,33651300.0,8629400.0,58673100.00000001
sz002635,安洁科技,13.73,-1.79%,1.45%,35524700.0,46152600.0,10627900.0,81677300.0
sz000582,北部湾港,7.69,-1.79%,0.49%,19463100.0,34522800.0,15059700.0,53985900.0
sz301181,标榜股份,31.56,-1.80%,11.38%,62089700.0,80763400.0,18673700.0,143000000.0
sh601816,京沪高铁,5.46,-1.80%,0.12%,114999999.99999999,217000000.0,102000000.0,332000000.0
sh600203,福日电子,6.0,-1.80%,1.16%,16760100.0,24848400.0,8088300.0,41608500.0
sh600135,乐凯胶片,7.62,-1.80%,0.79%,13205700.0,20530300.000000004,7324600.0,33736100.0
sh600079,人福医药,25.69,-1.80%,0.49%,68204100.0,117000000.0,48583100.00000001,185000000.0
sz002389,航天彩虹,21.88,-1.80%,1.27%,114999999.99999999,150000000.0,34800800.0,265000000.0
sz002016,世荣兆业,6.55,-1.80%,0.34%,7420000.0,10573900.000000002,3153900.0,17993900.0
sz000881,中广核技,8.2,-1.80%,0.61%,12535300.0,26359800.0,13824500.0,38895100.0
sz000753,漳州发展,4.9,-1.80%,1.48%,24723600.0,47902400.0,23178800.0,72626000.0
sh688067,爱威科技,22.22,-1.81%,1.45%,4288500.0,9037500.0,4749000.0,13330600.0
sz300990,同飞股份,49.42,-1.81%,2.03%,17533300.0,25082000.0,7548700.0,42615300.0
sz301088,戎美股份,17.89,-1.81%,2.29%,6813099.999999999,16240600.0,9427500.0,23053600.0
sh605056,咸亨国际,13.01,-1.81%,1.63%,8841300.0,23875300.000000004,15034000.0,33381400.0
sh600512,腾达建设,2.71,-1.81%,0.78%,10058700.0,23701700.0,13643000.0,33760300.0
sh688033,天宜上佳,19.01,-1.81%,0.70%,38341600.0,36351100.0,1990500.0,74692700.0
sh603328,依顿电子,8.16,-1.81%,1.16%,42772500.0,53294200.0,10521700.0,96066700.0
sh600732,爱旭股份,28.7,-1.81%,1.26%,262000000.0,318000000.0,55691700.0,580000000.0
sh600082,海泰发展,3.25,-1.81%,1.52%,14760700.0,16871800.0,2111000.0,31632500.0
sz300732,设研院,9.74,-1.81%,1.18%,12993699.999999998,24509800.0,11516000.0,37503500.0
sz002837,英维克,31.0,-1.81%,2.22%,139000000.0,196000000.0,57382800.0,335000000.0
sz002660,茂硕电源,9.75,-1.81%,4.82%,51295500.0,70789200.0,19493700.0,122000000.0
sz002542,中化岩土,2.72,-1.81%,0.73%,6846799.999999999,24879899.999999996,18033000.0,31726700.0
sz000766,通化金马,5.42,-1.81%,1.49%,30636600.0,39085500.0,8448900.0,69722100.0
sh688231,隆达股份,28.57,-1.82%,0.87%,4384800.0,8828800.0,4443900.0,13292300.0
sz301227,森鹰窗业,28.56,-1.82%,2.41%,6841000.0,8540300.0,1699199.9999999998,15381300.000000002
sz002634,棒杰股份,8.63,-1.82%,1.69%,25188800.0,30970500.0,5781799.999999999,56159300.0
sh688739,成大生物,32.32,-1.82%,0.63%,10813599.999999998,25830800.0,15017200.0,36644400.0
sh600935,华塑股份,3.78,-1.82%,0.33%,8640600.0,14905200.0,6264600.0,23545900.0
sh688210,统联精密,19.43,-1.82%,0.51%,3395899.9999999995,6883400.0,3487500.0,10286400.000000002
sz300916,朗特智能,30.23,-1.82%,12.30%,67726700.0,89500300.0,21773600.0,157000000.0
sz300947,德必集团,14.58,-1.82%,2.20%,15362100.0,15599400.0,237300.0,30961500.0
sh688722,同益中,17.82,-1.82%,1.26%,12304600.0,15249800.0,2945100.0,27579800.0
sh603848,好太太,14.02,-1.82%,0.86%,17076300.0,30827300.0,13751000.0,48510700.0
sh603825,华扬联众,12.95,-1.82%,2.27%,21552100.0,52647000.0,31094899.999999996,75060200.0
sh688093,世华科技,20.01,-1.82%,1.65%,10887800.0,9909400.0,978400.0,20801200.0
sh600880,博瑞传播,5.4,-1.82%,1.48%,33901100.0,54696899.99999999,20795800.0,88598000.0
sh600705,中航产融,3.77,-1.82%,0.54%,51839799.99999999,128000000.0,76020400.0,180000000.0
sh600387,ST海越,5.4,-1.82%,0.80%,4959600.0,12536600.0,7577000.0,17496200.0
sh600259,广晟有色,36.69,-1.82%,1.51%,68944700.0,114999999.99999999,45645700.0,184000000.0
sh600170,上海建工,2.69,-1.82%,0.42%,35324800.0,66126100.0,30801300.0,101000000.0
sh600118,中国卫星,30.81,-1.82%,3.98%,648000000.0,823000000.0,176000000.0,1471000000.0
sz300363,博腾股份,29.05,-1.82%,0.82%,43030700.0,76511700.0,33480900.0,120000000.0
sz300313,*ST天山,4.85,-1.82%,1.10%,2658700.0,7248800.0,4590100.0,9907600.0
sz002855,捷荣技术,10.23,-1.82%,0.64%,8072700.0,8223099.999999999,150400.0,16295900.0
sz000156,华数传媒,8.61,-1.82%,0.49%,27942600.000000004,38489400.0,10546800.0,66431899.99999999
sz000428,华天酒店,4.3,-1.83%,1.18%,19632300.0,32527399.999999996,12895000.0,52159799.99999999
sz301097,天益医疗,46.12,-1.83%,1.02%,2830700.0,5866400.0,3035800.0,8697100.0
sh688718,唯赛勃,18.28,-1.83%,1.43%,6991100.0,7357800.0,366700.0,14396400.000000002
sh603090,宏盛股份,22.55,-1.83%,4.08%,41290100.0,50682500.0,9392400.0,92683000.0
sh600261,阳光照明,3.75,-1.83%,0.47%,10014500.0,14284200.0,4269700.0,24298700.0
sh600021,上海电力,10.71,-1.83%,3.75%,411000000.00000006,651000000.0,240000000.0,1061999999.9999999
sz300642,透景生命,19.87,-1.83%,0.50%,5411300.0,8387300.0,2976000.0,13798699.999999998
sz300627,华测导航,32.67,-1.83%,1.37%,105000000.0,94920700.0,10373100.0,200000000.0
sz000636,风华高科,15.59,-1.83%,0.78%,53075700.0,78837000.0,25761300.0,132000000.0
sz000519,中兵红箭,17.62,-1.84%,1.11%,89468300.0,184000000.0,94997600.0,274000000.0
sz001339,智微智能,28.21,-1.84%,7.01%,44556400.0,78776700.0,34220200.0,123000000.0
sz301235,华康医疗,28.33,-1.84%,1.03%,5156300.0,9558500.0,4402200.0,14714800.0
sh688553,汇宇制药,14.42,-1.84%,0.37%,3641000.0,11892100.0,8251100.0,15556800.0
sz301025,读客文化,11.73,-1.84%,4.03%,16994300.0,28621300.0,11627000.0,45615600.00000001
sh688201,信安世纪,25.01,-1.84%,2.00%,19920600.0,26800100.000000004,6879500.0,46748100.00000001
sz301083,百胜智能,20.79,-1.84%,14.39%,72452100.0,89125900.0,16673800.000000002,162000000.0
sh603986,兆易创新,113.21,-1.84%,2.78%,990000000.0,1112000000.0,122000000.0,2113000000.0
sh603308,应流股份,17.57,-1.84%,0.38%,18968100.0,26839500.0,7871300.0,46241600.0
sh603288,海天味业,44.26,-1.84%,0.26%,302000000.0,339000000.0,37121000.0,650000000.0
sh600759,ST洲际,2.67,-1.84%,1.06%,25802300.0,37950500.0,12148300.0,64490000.0
sz300726,宏达电子,42.16,-1.84%,0.96%,38500800.0,48935100.0,10434300.0,87436000.0
sz300591,万里马,6.92,-1.84%,22.48%,234000000.0,254000000.0,20399800.0,488000000.0
sz002368,太极股份,39.05,-1.84%,1.96%,188000000.0,299000000.0,112000000.00000001,487000000.0
sz301150,中一科技,49.77,-1.85%,4.30%,69491500.0,74813400.0,5321900.000000001,144000000.0
sz300822,贝仕达克,13.25,-1.85%,0.69%,9259500.0,11131900.0,1872500.0,20391400.0
sz300215,电科院,5.3,-1.85%,1.14%,14839400.0,27785800.0,12946400.000000002,42625200.00000001
sh688350,富淼科技,16.94,-1.85%,0.86%,3378100.0,5865500.0,2487300.0,9264400.0
sz002592,ST八菱,4.77,-1.85%,2.07%,11016700.0,15248500.0,4231800.0,26265100.000000004
sz002973,侨银股份,12.73,-1.85%,1.37%,16888800.0,18925700.0,2036900.0,35814500.0
sh603583,捷昌驱动,20.21,-1.85%,1.68%,51229700.0,78649900.0,27420200.0,131000000.0
sh688325,赛微微电,39.75,-1.85%,1.53%,7018200.000000001,11832400.0,4814300.0,18858500.0
sh600225,卓朗科技,6.38,-1.85%,0.60%,55103800.0,75866900.0,20763000.0,131000000.0
sh605286,同力日升,29.1,-1.85%,3.38%,22635500.0,24654899.999999996,2019400.0,47482400.0
sz002127,南极电商,3.7,-1.86%,0.83%,20668600.0,41037500.0,20369000.0,61706200.0
sh688181,八亿时空,26.39,-1.86%,0.98%,11394600.0,18248400.0,6853700.0,29683800.0
sh603885,吉祥航空,16.93,-1.86%,0.40%,68366800.0,79673300.0,11306500.0,150000000.0
sh603833,欧派家居,87.93,-1.86%,0.29%,64088200.0,89909200.0,25821000.0,156000000.0
sh603679,华体科技,14.25,-1.86%,1.71%,17921200.0,22247900.0,4326700.0,40515400.0
sh603520,司太立,16.4,-1.86%,0.83%,17803400.0,28561400.0,10758100.0,46801000.0
sh600961,株冶集团,8.98,-1.86%,4.46%,102000000.0,110000000.00000001,7695900.0,213000000.0
sz300347,泰格医药,62.71,-1.86%,0.93%,152000000.0,184000000.0,32333600.0,335000000.0
sz300345,华民股份,10.57,-1.86%,0.85%,17266300.0,22806300.0,5540000.0,40072600.0
sz300328,宜安科技,6.87,-1.86%,3.09%,60635300.0,85608000.0,24972800.000000004,146000000.0
sz002248,华东数控,8.96,-1.86%,2.88%,28953900.0,51275400.0,22321500.0,80229200.0
sz002779,中坚科技,25.18,-1.87%,0.63%,9876000.0,9149800.0,726100.0,19025800.0
sh688137,近岸蛋白,53.14,-1.87%,1.61%,5843000.0,8784000.0,2941000.0,14652600.0
sh688062,迈威生物,21.51,-1.87%,0.98%,20157100.0,22723800.0,2566700.0,42880900.0
sz000759,中百集团,4.71,-1.87%,1.49%,19921300.0,26388000.0,6466700.0,46309300.0
sz300824,北鼎股份,9.95,-1.87%,0.52%,6327400.0,10120800.0,3793399.9999999995,16448200.0
sh600831,广电网络,5.77,-1.87%,1.10%,16218599.999999998,28827100.0,12608500.0,45381000.0
sh600368,五洲交通,3.67,-1.87%,0.76%,9889600.0,25029500.0,15140000.0,34923500.0
sz300559,佳发教育,14.7,-1.87%,2.23%,54458100.00000001,45823300.0,8634800.0,100000000.0
sz300373,扬杰科技,42.99,-1.87%,1.36%,126000000.0,192000000.0,65859399.99999999,318000000.0
sz002494,华斯股份,4.72,-1.87%,1.00%,7137800.0,6450800.0,687000.0,13588599.999999998
sz002375,亚厦股份,4.71,-1.87%,0.60%,11088900.000000002,26738600.0,15649700.0,37827500.0
sz002253,川大智胜,14.17,-1.87%,2.22%,20794200.0,45391200.0,24596900.0,66185500.0
sz000056,皇庭国际,3.68,-1.87%,1.39%,15811300.000000002,30344699.999999996,14533400.0,46156000.0
sz002072,凯瑞德,6.26,-1.88%,0.68%,3692900.0,7392000.0,3699100.0000000005,11085000.0
sh688332,中科蓝讯,80.31,-1.88%,1.31%,11919800.0,18900000.0,6980100.0,30835900.0
sz300831,派瑞股份,13.03,-1.88%,1.97%,18879000.0,29129899.999999996,10250900.0,48010300.0
sh603729,龙韵股份,15.16,-1.88%,1.32%,8222500.0,10611500.0,2389000.0,18879600.0
sh603338,浙江鼎力,56.91,-1.88%,0.41%,47854399.99999999,69600900.0,21746500.0,119000000.0
sh600222,太龙药业,5.74,-1.88%,1.00%,11794300.0,21554200.0,9759900.0,33348400.0
sz002603,以岭药业,24.54,-1.88%,1.01%,112999999.99999999,231000000.0,118000000.0,344000000.0
sz002164,宁波东力,6.27,-1.88%,2.66%,35773800.0,45486700.0,9712900.0,81262500.0
sz301363,美好医疗,43.08,-1.89%,2.58%,15262100.0,30034699.999999996,14772600.0,45296899.99999999
sz000801,四川九洲,7.27,-1.89%,0.80%,22856800.0,37039300.0,14182500.0,59895900.0
sz301028,东亚机械,10.9,-1.89%,1.59%,8884100.0,10030600.0,1146500.0,18914700.0
sz301336,趣睡科技,45.65,-1.89%,2.62%,4610200.0,7460900.0,2850800.0,12071099.999999998
sh603236,移远通信,60.72,-1.89%,5.03%,405000000.0,409000000.0,4046500.0,824000000.0
sh603127,昭衍新药,39.88,-1.89%,0.64%,43367000.0,70104900.0,26737900.0,114999999.99999999
sh600213,亚星客车,10.38,-1.89%,6.92%,81670100.0,79235900.0,2434300.0,161000000.0
sh600099,林海股份,9.33,-1.89%,0.74%,6958900.0,8347500.0,1388600.0000000002,15306500.0
sz300061,旗天科技,6.22,-1.89%,1.29%,15212000.0,30594500.0,15382400.0,45806500.0
sz002269,美邦服饰,1.56,-1.89%,0.87%,7606000.0,26829100.0,19223100.0,34435100.0
sz000078,海王生物,3.11,-1.89%,0.52%,11315800.0,31407199.999999996,20091400.0,42723000.0
sz301297,富乐德,23.2,-1.90%,8.37%,61773000.0,83088200.0,21315200.0,145000000.0
sz300986,志特新材,18.07,-1.90%,1.42%,12211199.999999998,15170900.0,2959700.0000000005,27382100.0
sz300900,广联航空,28.34,-1.90%,1.23%,20472000.0,26296100.0,5824100.0,46768000.0
sh603721,中广天择,19.6,-1.90%,3.76%,44634600.0,50139500.0,5504800.0,97151600.0
sz301230,泓博医药,43.7,-1.91%,3.39%,15219200.0,21189200.0,5970000.0,36408300.0
sh688395,正弦电气,25.73,-1.91%,2.65%,9919000.0,13353000.0,3433900.0,23274100.0
sh688416,恒烁股份,85.4,-1.91%,24.03%,178000000.0,215000000.0,37312700.0,392000000.0
sh601000,唐山港,3.59,-1.91%,0.53%,39954300.0,72634700.0,32680400.0,112999999.99999999
sh600853,龙建股份,4.1,-1.91%,1.61%,19997400.0,46327700.00000001,26330300.000000004,66944900.0
sz002799,环球印务,10.79,-1.91%,1.18%,14898000.0,26063600.0,11165600.0,40961700.0
sz002668,奥马电器,8.71,-1.91%,1.26%,47371500.0,72601600.0,25230100.000000004,120000000.0
sh688366,昊海生科,85.92,-1.92%,0.74%,34986100.0,41150900.0,6164800.0,76325200.0
sh601989,中国重工,4.59,-1.92%,0.55%,202999999.99999997,348000000.0,145000000.0,555000000.0
sz300676,华大基因,59.14,-1.92%,0.51%,43772299.99999999,81436700.0,37664400.0,125000000.0
sz300419,浩丰科技,6.13,-1.92%,1.49%,12854700.0,20945600.0,8090900.0,33800300.0
sz000905,厦门港务,7.68,-1.92%,2.07%,46238500.0,72710600.0,26472100.0,119000000.0
sz000795,英洛华,7.16,-1.92%,4.91%,189000000.0,214000000.0,25028300.0,403000000.0
sz000691,亚太实业,4.57,-1.93%,3.62%,20036800.0,33826600.0,13789800.0,53863300.0
sz000595,宝塔实业,5.59,-1.93%,1.35%,30164200.0,56346300.0,26182000.0,86510500.0
sz301355,南王科技,17.24,-1.93%,6.60%,17690200.0,35383600.0,17693400.0,53073800.0
sz300984,金沃股份,25.95,-1.93%,2.78%,10398800.000000002,11276099.999999998,877300.0,21674800.0
sz002306,中科云网,4.06,-1.93%,0.67%,9952000.0,12227500.0,2275500.0,22179500.0
sz002761,浙江建投,14.76,-1.93%,1.28%,65971800.0,140000000.0,74109400.0,206000000.0
sh601086,国芳集团,4.58,-1.93%,1.44%,18960700.0,25432900.0,6472200.0,44393600.0
sh601010,文峰股份,2.54,-1.93%,0.30%,4921200.0,9318200.0,4396900.0,14239400.0
sh600176,中国巨石,13.7,-1.93%,0.47%,110000000.00000001,147000000.0,37567000.0,256999999.99999997
sz300725,药石科技,48.89,-1.93%,0.97%,31487100.0,48568300.0,17081200.0,80055400.0
sz002204,大连重工,5.07,-1.93%,1.39%,49167200.0,87498300.0,38331100.0,137000000.0
sz002055,得润电子,10.15,-1.93%,5.62%,139000000.0,200999999.99999997,61777800.0,340000000.0
sh688359,三孚新科,66.66,-1.94%,0.90%,11820300.0,14970500.0,3150100.0,26791500.0
sz301029,怡合达,41.55,-1.94%,0.37%,20594600.0,25641500.0,5046900.0,46236100.0
sh688108,赛诺医疗,10.1,-1.94%,1.33%,24950900.0,30738000.0,5787100.0,55727400.0
sh600152,维科技术,9.08,-1.94%,2.06%,38254500.0,60279300.0,22024699.999999996,98533799.99999999
sz300162,雷曼光电,7.09,-1.94%,1.33%,11885700.0,13347500.0,1461900.0,25233200.0
sz002406,远东传动,6.07,-1.94%,3.55%,45862100.0,62380800.0,16518699.999999998,108000000.0
sh688531,日联科技,164.42,-1.95%,3.00%,46682900.0,40640500.0,6042500.0,87327099.99999999
sz301338,凯格精机,36.23,-1.95%,2.44%,8762600.0,13192800.0,4430300.0,21955400.0
sh688380,中微半导,30.21,-1.95%,4.58%,33215400.0,46241400.0,13026000.0,79456700.0
sh688579,山大地纬,13.55,-1.95%,3.99%,78228500.0,75501400.0,2727100.0,154000000.0
sh603159,上海亚虹,15.09,-1.95%,2.30%,22136000.0,27020300.000000004,4884200.0,49156300.0
sh601588,北辰实业,2.01,-1.95%,0.65%,10250600.0,24954500.0,14703900.000000002,35205100.0
sz300543,朗科智能,9.54,-1.95%,1.30%,12049800.0,14536700.0,2486900.0,26589400.0
sz300334,津膜科技,8.55,-1.95%,3.90%,43619300.0,58348000.0,14728699.999999998,102000000.0
sz000739,普洛药业,17.11,-1.95%,0.49%,29122399.999999996,71338100.0,42215700.0,100000000.0
sz301189,奥尼电子,31.03,-1.96%,1.72%,8885200.0,13318400.0,4433200.0,22203700.0
sz301391,卡莱特,104.5,-1.96%,3.40%,23504400.0,33593400.0,10089000.0,57097900.0
sh688485,九州一轨,14.99,-1.96%,2.08%,3371500.0,6625599.999999999,3254100.0000000005,10072100.0
sz001317,三羊马,36.5,-1.96%,4.96%,20500900.0,33850400.0,13349500.0,54351300.0
sz001255,博菲电气,40.5,-1.96%,5.05%,17794200.0,23635600.0,5841400.0,41429799.99999999
sz300976,达瑞电子,49.56,-1.96%,0.64%,4736000.0,7118800.0,2382800.0,11854800.0
sh600636,国新文化,11.5,-1.96%,2.95%,67585700.0,84139400.0,16553699.999999998,152000000.0
sh600035,楚天高速,4.01,-1.96%,0.62%,14911400.000000002,25367000.0,10455600.0,40278400.0
sz300721,怡达股份,16.01,-1.96%,1.09%,9734000.0,14517700.0,4783700.0,24251700.0
sz300192,科德教育,11.0,-1.96%,3.91%,39170600.0,54850900.0,15680300.0,94021400.0
sz002647,仁东控股,5.51,-1.96%,1.99%,22483900.0,39359700.0,16875800.0,61853100.00000001
sz001231,农心科技,21.5,-1.96%,11.33%,22330100.000000004,38968600.0,16638500.0,61298700.0
sz000026,飞亚达,11.95,-1.97%,0.78%,16181000.0,17766000.0,1585000.0,33947000.0
sh688146,中船特气,41.84,-1.97%,3.28%,33478300.0,48258600.0,14780300.0,81752400.0
sh688618,三旺通信,61.63,-1.97%,1.01%,7794299.999999999,8107400.0,313200.0,15901700.0
sh688793,倍轻松,38.25,-1.97%,1.36%,7037500.0,9738800.0,2701200.0,16804200.0
sz300155,安居宝,4.98,-1.97%,0.81%,5170100.0,8292200.0,3122200.0000000005,13462300.0
sz003016,欣贺股份,9.95,-1.97%,0.96%,5883000.0,8279700.0,2396700.0,14162700.0
sz300842,帝科股份,87.49,-1.97%,3.06%,115999999.99999999,113999999.99999999,2594800.0,229999999.99999997
sh688068,热景生物,41.31,-1.97%,0.94%,10583500.0,25614500.0,15031000.0,36206300.0
sh601598,中国外运,4.47,-1.97%,0.33%,28527600.000000004,48793500.0,20265900.0,77321200.0
sh600590,泰豪科技,6.95,-1.97%,0.98%,20512500.0,37544400.0,17031900.0,58056800.0
sh600557,康缘药业,23.44,-1.97%,1.44%,78936100.0,117000000.0,37669000.0,196000000.0
sz300514,友讯达,15.89,-1.97%,14.49%,154000000.0,202999999.99999997,49197700.00000001,357000000.0
sz300232,洲明科技,7.96,-1.97%,3.13%,97948400.0,123000000.0,25133900.0,221000000.0
sz002709,天赐材料,39.85,-1.97%,1.16%,256999999.99999997,382000000.0,125000000.0,640000000.0
sz002683,广东宏大,27.85,-1.97%,0.74%,54112100.0,83206500.0,29094400.0,137000000.0
sz301367,怡和嘉业,143.18,-1.98%,2.47%,23620100.000000004,33399600.0,9779500.0,57019700.0
sz002264,新华都,5.93,-1.98%,1.03%,13804500.0,26536300.0,12731800.0,40341000.0
sz301239,普瑞眼科,100.1,-1.98%,2.91%,87374000.0,118000000.0,31087000.0,206000000.0
sz001210,金房能源,23.23,-1.98%,5.94%,30073000.0,36701300.0,6628300.0,66774200.0
sz000029,深深房A,10.89,-1.98%,0.34%,13449100.0,20031700.0,6582700.0,33480800.0
sh688685,迈信林,20.32,-1.98%,1.71%,10015200.0,9707800.0,307500.0,19735800.0
sh688326,经纬恒润,174.5,-1.98%,7.11%,324000000.0,335000000.0,10420100.0,659000000.0
sz300472,新元科技,10.39,-1.98%,1.15%,12500800.0,17746300.0,5245599.999999999,30247100.0
sz300137,先河环保,5.45,-1.98%,0.80%,6258800.0,14349800.0,8091000.0,20608600.0
sz002930,宏川智慧,22.26,-1.98%,0.37%,10984900.0,24423600.0,13438699.999999998,35408400.0
sz002928,华夏航空,8.42,-1.98%,1.30%,60472100.0,73693400.0,13221300.000000002,134000000.00000001
sz002644,佛慈制药,11.41,-1.98%,0.52%,10184500.0,20526500.0,10342000.0,30711000.0
sz002153,石基信息,12.84,-1.98%,0.67%,57201200.0,80495300.0,23294100.0,138000000.0
sz300091,金通灵,2.95,-1.99%,1.07%,17447700.0,16599600.0,848100.0,34047300.0
sh688133,泰坦科技,65.54,-1.99%,1.93%,50752800.0,54104900.0,3352100.0,105000000.0
sh603200,上海洗霸,20.65,-1.99%,1.97%,29368400.0,42130200.00000001,12761800.0,71498700.0
sh603936,博敏电子,11.81,-1.99%,1.70%,34123800.0,68869300.0,34745500.0,104000000.0
sh603811,诚意药业,12.31,-1.99%,0.65%,12034800.0,14372800.0,2338000.0,26491100.0
sh603386,骏亚科技,11.33,-1.99%,0.48%,8169500.0,9843800.0,1674400.0,18013300.0
sz300326,凯利泰,6.4,-1.99%,0.58%,10195200.0,16687700.0,6492500.0,26882900.0
sz300983,尤安设计,30.94,-2.00%,1.10%,3388800.0,7614200.0,4225400.0,11002900.0
sh688484,南芯科技,42.15,-2.00%,3.20%,29784500.0,44966899.99999999,15182400.0,74751300.0
sh605001,威奥股份,6.87,-2.00%,0.53%,6815400.0,7300599.999999999,485200.00000000006,14343500.0
sz300949,奥雅股份,36.28,-2.00%,3.80%,11343800.000000002,12499800.0,1155900.0,23847300.0
sh688561,奇安信,48.88,-2.00%,0.47%,46704700.0,61388000.0,14683400.0,108000000.0
sh688168,安博通,34.29,-2.00%,0.83%,6520900.0,15574100.0,9053200.0,22105200.0
sh603956,威派格,7.86,-2.00%,0.47%,7222000.0,11550700.0,4328700.0,18834800.0
sh600029,南方航空,6.37,-2.00%,0.43%,164000000.0,183000000.0,19122500.0,347000000.0
sz300759,康龙化成,38.28,-2.00%,0.85%,120000000.0,189000000.0,68260100.0,309000000.0
sz300698,万马科技,26.42,-2.00%,0.86%,12124600.0,16285900.0,4161300.0,28410500.0
sz300668,杰恩设计,21.61,-2.00%,1.26%,8147800.0,13397300.0,5249500.0,21545100.000000004
sz300261,雅本化学,8.81,-2.00%,0.79%,21682600.000000004,43627000.0,21944400.0,65309700.0
sz002780,三夫户外,13.22,-2.00%,1.25%,9344700.0,12451099.999999998,3106400.0,21795800.0
sz002076,星光股份,2.44,-2.01%,1.14%,11464600.0,17944000.0,6479400.000000001,29408700.0
sz300989,蕾奥规划,19.04,-2.01%,8.45%,29855900.0,35649200.0,5793300.0,65505100.0
sz300894,火星人,23.83,-2.01%,0.79%,8935500.0,17609500.0,8674000.0,26545000.0
sh688135,利扬芯片,21.98,-2.01%,2.13%,22949200.0,38943500.0,15994300.0,61892700.00000001
sh603005,晶方科技,20.44,-2.01%,3.66%,200999999.99999997,299000000.0,98648500.0,500000000.0
sz300696,爱乐达,23.85,-2.01%,1.03%,15471400.000000002,28462600.000000004,12991199.999999998,43934000.0
sz002763,汇洁股份,8.77,-2.01%,1.50%,11173400.0,13497900.0,2324600.0,24671300.0
sz002735,王子新材,13.64,-2.01%,0.91%,9634100.0,14408300.0,4774200.0,24042399.999999996
sz002397,梦洁股份,3.42,-2.01%,1.03%,8590500.0,11896400.000000002,3305899.9999999995,20486900.0
sz000701,厦门信达,6.34,-2.01%,1.36%,11663400.0,24219100.0,12555800.0,35882600.0
sz000040,东旭蓝天,4.39,-2.01%,4.93%,89302500.0,141000000.0,51856800.0,229999999.99999997
sz000719,中原传媒,10.21,-2.02%,1.78%,51223300.0,71915200.0,20692000.0,123000000.0
sz000510,新金路,5.83,-2.02%,1.43%,17756400.0,30021500.0,12265100.0,47777900.0
sh688170,德龙激光,46.1,-2.02%,3.29%,50104500.0,50815600.00000001,711100.0,101000000.0
sh603326,我乐家居,7.78,-2.02%,0.31%,3616700.0,4032700.0,416000.0,7649400.000000001
sh600243,青海华鼎,4.36,-2.02%,1.32%,10057900.0,15416199.999999998,5358200.000000001,25474100.0
sh603602,纵横通信,12.11,-2.02%,0.97%,8278400.0,15724700.0,7446300.0,24003000.0
sh600570,恒生电子,36.47,-2.02%,2.22%,700000000.0,869000000.0,169000000.0,1569000000.0
sz300197,节能铁汉,2.42,-2.02%,0.63%,9313600.0,21085700.0,11772100.0,30399300.0
sz002786,银宝山新,6.29,-2.02%,2.87%,36282700.0,53918400.0,17635700.0,90201100.0
sz002431,棕榈股份,2.43,-2.02%,0.54%,5178900.0,13984000.0,8805100.0,19162900.0
sz002341,新纶新材,3.4,-2.02%,0.74%,8016600.0,16147200.0,8130599.999999999,24163800.0
sz002084,海鸥住工,3.88,-2.02%,0.77%,5818300.0,13572200.0,7753900.0,19390600.0
sz301339,通行宝,24.58,-2.03%,3.42%,25185600.0,26298300.0,1112700.0,51483900.0
sz001309,德明利,108.35,-2.03%,8.12%,211000000.0,219000000.0,8491800.0,430000000.0
sz301279,金道科技,27.57,-2.03%,6.68%,25894300.0,27670800.0,1776500.0,53565100.0
sz300964,本川智能,47.68,-2.03%,11.83%,83446000.0,105000000.0,21962600.000000004,189000000.0
sh688015,交控科技,16.86,-2.03%,0.45%,5206700.0,9034600.0,3827900.0,14249700.0
sh603777,来伊份,14.01,-2.03%,2.00%,33808200.0,60559399.99999999,26751200.0,95033100.0
sh600936,广西广电,3.86,-2.03%,0.36%,8447100.0,15209700.0,6762600.0,23656800.0
sh603215,比依股份,20.76,-2.03%,14.31%,95985600.0,113999999.99999999,17843800.0,210000000.0
sh600355,精伦电子,3.37,-2.03%,1.89%,11502600.0,20182200.0,8679700.0,31684800.0
sz300666,江丰电子,66.5,-2.03%,1.37%,65193700.0,125000000.0,59474799.99999999,190000000.0
sz002465,海格通信,10.15,-2.03%,0.98%,87492800.0,140000000.0,52557000.0,227999999.99999997
sz002205,国统股份,10.16,-2.03%,2.05%,15730300.0,23183600.0,7453300.0,38913900.0
sz000600,建投能源,7.25,-2.03%,3.50%,125000000.0,152000000.0,27355100.000000004,277000000.0
sh688247,宣泰医药,12.51,-2.04%,1.72%,3676200.0,5695900.0,2019700.0,9378300.0
sh600193,创兴资源,5.29,-2.04%,1.57%,13852700.0,21595300.000000004,7742600.0,35448100.0
sh600502,安徽建工,5.27,-2.04%,1.24%,32767500.0,80267500.0,47500100.0,112999999.99999999
sz300434,金石亚药,12.98,-2.04%,1.69%,26789500.0,46908400.0,20118800.0,73697800.0
sz000506,中润资源,3.84,-2.04%,3.16%,45143000.0,69251300.0,24108300.0,113999999.99999999
sh688071,华依科技,64.02,-2.05%,7.69%,89578400.0,95029000.0,5450599.999999999,185000000.0
sz300881,盛德鑫泰,32.52,-2.05%,6.59%,29220900.0,33997300.0,4776400.0,63218100.00000001
sh600893,航发动力,41.52,-2.05%,0.35%,129000000.0,234000000.0,105000000.0,362000000.0
sz002029,七匹狼,6.21,-2.05%,0.73%,13677900.0,19476600.0,5798700.0,33154500.0
sh600433,冠豪高新,3.34,-2.05%,1.12%,15680300.0,38850700.0,23170300.000000004,54531000.0
sz300512,中亚股份,8.59,-2.05%,0.67%,7679299.999999999,11181000.0,3501600.0000000005,18860300.0
sz002853,皮阿诺,17.16,-2.05%,0.46%,3483100.0,5677900.0,2194800.0,9161000.0
sz002730,电光科技,9.54,-2.05%,1.18%,16889400.0,22469200.0,5579800.0,39361400.0
sz002023,海特高新,9.1,-2.05%,1.34%,30342300.0,50813000.0,20470800.0,81155300.0
sz301137,哈焊华通,16.16,-2.06%,4.40%,13553699.999999998,18985800.0,5432100.0,32539500.0
sh688334,西高院,18.03,-2.06%,8.71%,43707000.0,69846000.0,26139000.0,113999999.99999999
sz300488,恒锋工具,23.35,-2.06%,1.34%,17787500.0,25376700.0,7589200.0,43164300.0
sh600843,上工申贝,5.7,-2.06%,0.92%,11506199.999999998,13284500.0,1778400.0,24790700.0
sh605277,新亚电子,14.75,-2.06%,5.37%,36220500.0,47910300.0,11689800.0,87909200.0
sh688179,阿拉丁,21.4,-2.06%,1.67%,18195600.0,18995900.0,800300.0,37196200.0
sh688321,微芯生物,21.84,-2.06%,0.50%,15337600.0,20062300.0,4724700.0,35399900.0
sz300680,隆盛科技,21.91,-2.06%,4.93%,87536000.0,102000000.0,14661099.999999998,190000000.0
sz300269,联建光电,3.33,-2.06%,1.42%,10078900.0,14914900.0,4836000.0,24993800.0
sz002061,浙江交科,4.27,-2.06%,0.89%,31598100.0,67789900.0,36191800.0,99388000.0
sz301326,捷邦科技,35.92,-2.07%,2.81%,6851200.0,10353900.000000002,3502799.9999999995,17205100.0
sh688251,井松智能,29.27,-2.07%,0.97%,3726300.0,6206400.0,2480100.0,9934700.0
sz301006,迈拓股份,22.24,-2.07%,1.74%,13055700.0,12252800.0,802900.0000000001,25308400.0
sz001324,长青科技,20.81,-2.07%,5.52%,12400400.0,26934400.0,14533900.000000002,39334800.0
sz300350,华鹏飞,4.26,-2.07%,0.90%,4883000.0,13250300.0,8367300.0,18133300.0
sh601518,吉林高速,2.37,-2.07%,0.73%,9014800.0,23906600.0,14891800.0,32921400.0
sh600460,士兰微,30.74,-2.07%,0.80%,138000000.0,211000000.0,72930900.0,349000000.0
sh600386,北巴传媒,4.25,-2.07%,1.56%,20588500.0,33181600.0,12593200.0,53770100.0
sh600198,大唐电信,6.62,-2.07%,1.04%,23167199.999999996,38027800.0,14860600.0,61195100.0
sz300785,值得买,24.6,-2.07%,2.73%,32483900.0,44799300.0,12315300.0,77283100.0
sz300705,九典制药,25.12,-2.07%,0.82%,15586900.0,28837800.000000004,13250900.0,44424799.99999999
sz002308,威创股份,4.74,-2.07%,1.39%,26167300.0,33633400.0,7466100.0,59800800.0
sz002970,锐明技术,34.4,-2.08%,5.92%,102000000.0,120000000.0,18167000.0,223000000.0
sz301021,英诺激光,25.84,-2.08%,1.78%,13260100.0,19401800.0,6141700.0,32661800.0
sh688596,正帆科技,38.67,-2.08%,1.78%,78007500.0,75218000.0,2789500.0,153000000.0
sz300925,法本信息,13.66,-2.08%,3.19%,39401300.0,49201500.0,9800200.0,88604200.0
sz300806,斯迪克,18.85,-2.08%,0.75%,18356200.0,19563700.0,1207500.0,37920000.0
sz300737,科顺股份,8.96,-2.08%,0.87%,25409000.0,45489399.99999999,20080500.0,70898300.0
sh603357,设计总院,9.9,-2.08%,1.19%,25542199.999999996,39133300.0,13591199.999999998,64675600.00000001
sh600487,亨通光电,14.1,-2.08%,1.74%,218000000.00000003,391000000.0,173000000.0,609000000.0
sz002273,水晶光电,11.77,-2.08%,1.31%,86941600.0,124000000.0,37483100.0,211000000.0
sh600032,浙江新能,12.18,-2.09%,3.25%,30394699.999999996,52341200.0,21946500.0,82735900.0
sz300892,品渥食品,22.93,-2.09%,1.44%,3428500.0,7121799.999999999,3693300.0,10550400.0
sz300791,仙乐健康,27.64,-2.09%,0.39%,6574600.0,10093700.0,3519100.0000000005,16668300.0
sz300469,信息发展,20.62,-2.09%,1.28%,21213800.0,30077300.0,8863500.0,51291100.0
sz300446,乐凯新材,13.11,-2.09%,2.54%,32713600.0,33877000.0,1163300.0,66590600.00000001
sz300245,天玑科技,8.88,-2.09%,1.57%,19986400.0,23738900.0,3752500.0,43725400.0
sz002848,高斯贝尔,10.75,-2.09%,10.70%,96437200.0,93274200.0,3163000.0,190000000.0
sz002272,川润股份,6.55,-2.09%,3.73%,30910100.000000004,51701100.0,20790900.0,82611299.99999999
sz001373,翔腾新材,40.0,-2.10%,7.77%,22170000.0,32001100.0,9831200.0,54171100.0
sz001298,好上好,23.81,-2.10%,2.52%,8720000.0,12412200.0,3692200.0000000005,21132199.999999996
sh688690,纳微科技,37.67,-2.10%,1.02%,33717600.0,39303300.0,5585700.000000001,73020800.0
sz300179,四方达,10.26,-2.10%,1.36%,18516300.0,34559400.0,16043200.0,53075600.00000001
sh600846,同济科技,9.8,-2.10%,2.29%,70113800.0,69871900.0,242000.0,140000000.0
sh600535,天士力,13.5,-2.10%,0.52%,47562299.99999999,59342000.0,11779700.0,107000000.0
sh600172,黄河旋风,4.19,-2.10%,1.41%,26270000.0,49418800.0,23148800.0,75688800.0
sz300016,北陆药业,6.53,-2.10%,0.74%,8675600.0,15161500.0,6485900.0,23837800.000000004
sz002459,晶澳科技,35.46,-2.10%,2.73%,1549000000.0,1547000000.0,1961000.0,3095000000.0
sz002400,省广集团,4.66,-2.10%,1.73%,47134700.0,90045600.0,42911000.0,137000000.0
sz002301,齐心集团,7.0,-2.10%,0.91%,15481600.0,30571700.0,15090200.0,46053300.0
sz000812,陕西金叶,5.14,-2.10%,2.06%,20654300.0,61329500.0,40675200.0,81983600.0
sz301259,艾布鲁,13.49,-2.10%,1.42%,5098100.0,9341400.0,4243400.0,14439500.0
sh688665,四方光电,86.27,-2.11%,1.56%,8523100.0,20996200.0,12473100.0,29527900.0
sh688518,联赢激光,27.4,-2.11%,1.47%,50321700.0,58600700.0,8279000.0,109000000.00000001
sh603007,ST花王,4.63,-2.11%,1.32%,7487000.0,13603200.0,6116200.0,21090200.0
sh600784,鲁银投资,6.96,-2.11%,1.24%,16511900.0,32935400.0,16423500.0,49447299.99999999
sz300085,银之杰,11.14,-2.11%,1.61%,42645300.0,53333900.0,10688599.999999998,95979100.0
sz000820,神雾节能,3.69,-2.12%,1.77%,7283600.0,11549600.0,4266000.0,18833200.0
sz300802,矩子科技,22.61,-2.12%,1.34%,21901900.0,36918200.0,15016300.000000002,58820100.0
sz300830,金现代,8.76,-2.12%,2.19%,21205600.0,39277800.0,18072200.0,60483400.0
sz300809,华辰装备,20.31,-2.12%,1.81%,16238400.0,27769000.0,11530600.0,44007500.0
sh601019,山东出版,8.76,-2.12%,0.31%,26971800.0,30942399.999999996,3970500.0,57914200.0
sh600529,山东药玻,26.72,-2.12%,0.78%,66444900.0,73299800.0,6854900.0,140000000.0
sz300135,宝利国际,2.77,-2.12%,1.29%,10147100.0,15491600.0,5344500.0,25638700.0
sz002737,葵花药业,22.57,-2.12%,0.71%,34670100.0,59458700.0,24788700.0,94128799.99999999
sz002596,海南瑞泽,2.77,-2.12%,1.18%,9281400.0,25591900.0,16310500.0,34873300.0
sh688386,泛亚微透,40.56,-2.12%,1.08%,7452400.0,13416700.0,5964299.999999999,20889400.0
sz002379,宏创控股,4.16,-2.12%,0.93%,12379300.0,23822600.000000004,11443400.0,36201900.0
sz000031,大悦城,3.68,-2.13%,0.28%,17104400.0,24487700.0,7383300.0,41592200.0
sz301023,江南奕帆,46.0,-2.13%,11.79%,61917700.00000001,70476800.0,8559100.0,132000000.0
sh688126,沪硅产业,20.72,-2.13%,0.50%,138000000.0,145000000.0,6743800.0,283000000.0
sh688466,金科环境,20.7,-2.13%,0.51%,4404800.0,6534299.999999999,2129500.0,10945300.0
sh603880,ST南卫,4.59,-2.13%,0.59%,1601900.0,6162800.0,4560800.0,7837100.0
sz300605,恒锋信息,14.22,-2.13%,2.10%,12538900.000000002,21362300.0,8823500.0,33901100.0
sz300077,国民技术,13.34,-2.13%,1.48%,39101200.0,71959600.0,32858400.0,111000000.00000001
sz002919,名臣健康,39.43,-2.13%,1.17%,48029500.0,53857700.00000001,5828300.0,102000000.0
sz002430,杭氧股份,32.13,-2.13%,0.57%,65555400.0,110000000.00000001,44867900.0,176000000.0
sz002388,新亚制程,6.9,-2.13%,0.85%,11482000.0,16909600.0,5427600.0,28391600.0
sz000901,航天科技,10.57,-2.13%,3.57%,135000000.0,171000000.0,35537800.0,306000000.0
sz000576,甘化科工,10.59,-2.13%,2.23%,48192800.0,55492100.0,7299299.999999999,104000000.0
sz301163,宏德股份,32.88,-2.14%,9.86%,44417600.0,66128200.0,21710700.0,111000000.00000001
sh603966,法兰泰克,10.05,-2.14%,0.95%,11962000.0,21947399.999999996,9985400.0,34645000.0
sh603607,京华激光,14.17,-2.14%,1.06%,9603300.0,17516900.0,7913600.0,27120100.000000004
sz002822,中装建设,4.11,-2.14%,1.14%,8698500.0,22285100.000000004,13586700.0,30983600.0
sz000607,华媒控股,5.03,-2.14%,1.84%,27809500.0,55292299.99999999,27482800.000000004,83101800.0
sh603551,奥普家居,12.26,-2.15%,0.73%,16583300.0,19310600.0,2727300.0,35893800.0
sh601858,中国科传,30.96,-2.15%,1.55%,190000000.0,192000000.0,2038200.0,382000000.0
sh600825,新华传媒,4.55,-2.15%,1.60%,30396700.0,46779700.0,16383000.0,77176400.0
sh600736,苏州高新,5.0,-2.15%,1.65%,28920200.0,66852299.99999999,37932100.0,95772400.0
sh600657,信达地产,4.09,-2.15%,0.67%,28242300.0,50930100.0,22687700.0,79172400.0
sh600390,五矿资本,5.46,-2.15%,0.47%,36757200.0,78549100.0,41791899.99999999,114999999.99999999
sh600373,中文传媒,12.75,-2.15%,1.41%,105000000.0,144000000.0,39198000.0,248000000.0
sh600125,铁龙物流,5.92,-2.15%,1.03%,28726800.0,51360100.0,22633300.0,80087000.0
sh600114,东睦股份,8.18,-2.15%,4.74%,113999999.99999999,130000000.0,15851300.000000002,244000000.0
sh603116,红蜻蜓,5.92,-2.15%,0.66%,10620000.0,12162700.0,1542700.0,22782700.0
sh688030,山石网科,20.38,-2.16%,0.43%,6746000.0,9321300.0,2575299.9999999995,16142700.0
sh688026,洁特生物,18.13,-2.16%,0.43%,5566400.0,5523400.0,43000.0,11095200.0
sz300875,捷强装备,40.68,-2.16%,8.31%,63865300.0,94549500.0,30684200.0,158000000.0
sh600320,振华重工,3.63,-2.16%,0.42%,18643900.0,31913200.0,13269300.0,50557100.0
sz300628,亿联网络,34.05,-2.16%,0.49%,53941100.0,68920000.0,14978900.000000002,123000000.0
sz300447,全信股份,18.55,-2.16%,4.33%,70628800.0,92343500.0,21714699.999999996,163000000.0
sz300251,光线传媒,8.17,-2.16%,1.36%,141000000.0,175000000.0,34086600.0,316000000.0
sz000839,ST国安,2.25,-2.17%,0.57%,13483500.0,36733300.0,23249800.0,50216800.0
sh688216,气派科技,26.17,-2.17%,1.77%,7672200.0,12843599.999999998,5171400.0,20620500.0
sh603529,爱玛科技,32.07,-2.17%,2.31%,60211800.0,107000000.0,46665300.0,167000000.0
sh688683,莱尔科技,21.68,-2.17%,1.22%,5095900.0,10550800.0,5454900.0,15659700.0
sz300840,酷特智能,12.65,-2.17%,2.13%,20535800.0,27731700.0,7196000.0,48268800.0
sh601929,吉视传媒,1.8,-2.17%,1.29%,21147500.0,56167200.0,35019700.0,77314700.0
sh603595,东尼电子,40.15,-2.17%,1.15%,46209399.99999999,61341300.0,15131900.0,108000000.0
sz002755,奥赛康,8.11,-2.17%,0.35%,9186800.0,17056400.0,7869600.0,26243200.0
sh600522,中天科技,15.33,-2.17%,1.21%,212000000.0,423000000.00000006,211000000.0,635000000.0
sh600416,湘电股份,18.01,-2.17%,1.53%,145000000.0,165000000.0,19931200.0,310000000.0
sz300632,光莆股份,12.6,-2.17%,3.30%,39717100.0,46113600.0,6396500.0,85830800.0
sz002717,岭南股份,3.16,-2.17%,2.46%,30160900.0,83351299.99999999,53190400.0,113999999.99999999
sz301201,诚达药业,25.15,-2.18%,0.97%,8698800.0,11964600.0,3265800.0,20663400.0
sh601177,杭齿前进,11.23,-2.18%,1.14%,22482600.000000004,29045700.0,6563099.999999999,51528200.0
sz300910,瑞丰新材,45.87,-2.18%,1.86%,66405700.0,83844300.0,17438700.0,150000000.0
sh600250,南纺股份,6.29,-2.18%,1.32%,11952900.0,11911400.000000002,41600.0,23864300.0
sh603999,读者传媒,6.29,-2.18%,1.64%,20132900.0,38446300.0,18313400.0,59908200.0
sh600066,宇通客车,14.34,-2.18%,0.77%,110000000.00000001,136000000.0,26148300.0,246000000.0
sh600062,华润双鹤,17.06,-2.18%,0.85%,44476600.0,106000000.0,61887100.0,151000000.0
sz300752,隆利科技,16.57,-2.18%,0.85%,7575500.0,11328599.999999998,3753100.0,18904100.0
sz300217,东方电热,5.84,-2.18%,3.18%,93395400.00000001,142000000.0,48672200.0,235000000.0
sz002878,元隆雅图,17.04,-2.18%,2.43%,30139699.999999996,51724799.99999999,21585100.000000004,81864500.0
sz002049,紫光国微,93.52,-2.18%,1.30%,430999999.99999994,611000000.0,180000000.0,1042000000.0
sz002019,亿帆医药,14.33,-2.18%,0.37%,18229600.0,27877800.000000004,9648200.0,46107400.0
sz000818,航锦科技,31.85,-2.18%,0.60%,43952500.0,85137900.00000001,41185400.0,129000000.0
sh688349,三一重能,31.65,-2.19%,0.54%,12944000.0,19612300.0,6668300.0,32578600.0
sh688091,上海谊众,75.8,-2.19%,0.93%,33398500.0,45040300.0,11641800.0,78453900.0
sh688509,正元地信,4.91,-2.19%,3.31%,26138500.0,36197000.0,10058500.0,62335500.0
sz301185,鸥玛软件,28.98,-2.19%,2.93%,36554300.0,38332900.0,1778600.0000000002,74887100.0
sh688799,华纳药厂,42.02,-2.19%,1.85%,11216300.000000002,22947100.0,11730800.0,34187100.0
sh603507,振江股份,33.45,-2.19%,2.57%,38201200.0,84296200.00000001,46095000.0,122000000.0
sh603909,建发合诚,13.41,-2.19%,0.40%,4891000.0,9021900.0,4131000.0,14146900.0
sh603788,宁波高发,15.15,-2.19%,11.96%,184000000.0,227000000.0,43825900.0,413999999.99999994
sh603032,德新科技,32.65,-2.19%,0.98%,37116400.0,36738100.0,378300.0,73854500.0
sh601607,上海医药,21.03,-2.19%,0.38%,50162400.0,105000000.0,54924600.0,155000000.0
sz300708,聚灿光电,10.26,-2.19%,2.41%,37057900.0,57549200.0,20491300.0,94607200.0
sz301095,广立微,79.37,-2.19%,3.06%,36795400.0,66216800.0,29421400.0,103000000.0
sz002280,联络互动,3.13,-2.19%,1.37%,24298700.0,57261600.0,32962900.0,81560300.0
sz000021,深科技,20.43,-2.20%,5.04%,727000000.0,905000000.0000001,178000000.0,1632000000.0
sh600202,哈空调,5.79,-2.20%,5.32%,50033400.0,69196200.0,19162900.0,119000000.0
sh688208,道通科技,32.08,-2.20%,1.58%,107000000.0,126000000.0,19146100.0,233000000.0
sh603306,华懋科技,31.51,-2.20%,1.61%,78808800.0,89503000.0,10694200.0,168000000.0
sh600833,第一医药,12.02,-2.20%,2.04%,18409900.0,37018800.0,18608800.0,55428700.0
sh600819,耀皮玻璃,4.88,-2.20%,0.89%,10318699.999999998,22513700.0,12195000.0,32832300.0
sh600150,中国船舶,30.24,-2.20%,1.46%,905000000.0000001,1081000000.0,176000000.0,1987000000.0
sz300740,水羊股份,14.68,-2.20%,1.12%,21213000.0,37730300.0,16517400.0,58943300.0
sz002833,弘亚数控,17.78,-2.20%,1.54%,27991300.0,42294200.0,14303000.0,70285500.0
sz301322,绿通科技,61.51,-2.21%,4.61%,30623200.0,40554800.0,9931500.0,71178000.0
sz002769,普路通,8.85,-2.21%,2.21%,30815300.000000004,35049600.0,4234400.0,65865000.0
sz300442,润泽科技,28.75,-2.21%,3.54%,52533200.0,68728800.0,16195600.0,121000000.0
sh603860,中公高科,27.41,-2.21%,1.61%,10589100.0,18980700.0,8391500.0,29734300.0
sh600533,栖霞建设,3.1,-2.21%,0.85%,9841100.0,17993900.0,8152800.0,27835000.0
sh600343,航天动力,10.17,-2.21%,0.83%,20460100.0,34110200.0,13650000.0,54570300.0
sz300709,精研科技,23.03,-2.21%,2.90%,35673600.0,65081000.0,29407399.999999996,101000000.0
sz300380,安硕信息,17.26,-2.21%,1.15%,10354600.0,14560600.0,4206000.0,24915200.0
sz300206,理邦仪器,14.19,-2.21%,0.64%,14505900.0,16920600.0,2414700.0,31426600.0
sh688273,麦澜德,33.44,-2.22%,3.11%,9014900.0,15570900.0,6555900.0,24592500.0
sh688215,瑞晟智能,37.84,-2.22%,1.74%,4760600.0,5873600.0,1113000.0,10667500.0
sh603068,博通集成,29.97,-2.22%,2.08%,35758300.0,59333900.0,23575600.0,95092200.0
sh600679,上海凤凰,9.26,-2.22%,1.27%,12995700.0,22515200.0,9519600.0,35510900.0
sz002713,东易日盛,8.81,-2.22%,1.50%,23231700.0,30706300.0,7474600.0,53938000.0
sz002177,御银股份,3.96,-2.22%,3.82%,43917000.0,72508200.0,28591200.0,115999999.99999999
sh688319,欧林生物,21.51,-2.23%,0.61%,13986400.000000002,23972500.0,9986100.0,37958900.0
sh688329,艾隆科技,30.27,-2.23%,0.77%,3522200.0000000005,7041200.0,3519100.0000000005,10570900.0
sh688788,科思科技,39.98,-2.23%,0.85%,8285800.0,14476800.0,6191100.0,22770600.0
sh600171,上海贝岭,18.0,-2.23%,1.29%,62033100.00000001,105000000.0,42531200.0,167000000.0
sh603268,松发股份,23.26,-2.23%,0.93%,12353699.999999998,14655200.0,2301500.0,27009000.0
sh601199,江南水务,6.58,-2.23%,1.29%,25059500.0,54952900.0,29893400.0,80012400.0
sh601098,中南传媒,11.39,-2.23%,0.43%,34424600.0,54330800.0,19906200.0,88755400.00000001
sh600850,电科数字,22.38,-2.23%,0.79%,30502800.000000004,68454700.0,37951900.0,98957600.0
sz002798,帝欧家居,7.0,-2.23%,1.21%,10298900.000000002,14844400.0,4545500.0,25143300.0
sz002667,威领股份,16.21,-2.23%,1.16%,18340200.0,25297800.000000004,6957600.0,43637900.0
sz000566,海南海药,4.82,-2.23%,1.08%,20562700.0,40464700.0,19901900.0,61027299.99999999
sh688171,纬德信息,22.73,-2.24%,2.18%,5974100.0,10916700.0,4942600.0,16900200.0
sh688167,炬光科技,114.97,-2.24%,4.18%,166000000.0,159000000.0,6960800.0,326000000.0
sh688689,银河微电,27.01,-2.24%,3.54%,13513500.0,22444800.0,8931300.0,35958300.0
sh600822,上海物贸,13.56,-2.24%,5.72%,125000000.0,186000000.0,60729600.0,311000000.0
sh600391,航发科技,22.68,-2.24%,1.91%,59011000.0,85542300.0,26531300.0,145000000.0
sh600212,绿能慧充,9.18,-2.24%,3.04%,59399700.0,85540500.0,26140800.0,145000000.0
sz300743,天地数码,14.83,-2.24%,2.24%,13541099.999999998,19097000.0,5555900.0,32638100.0
sz300032,金龙机电,6.1,-2.24%,1.38%,24622000.0,43561800.0,18939700.0,68183800.0
sz002866,传艺科技,27.51,-2.24%,4.22%,93053000.0,119000000.0,25528700.0,212000000.0
sh688172,燕东微,22.61,-2.25%,2.54%,25098200.0,47972100.0,22873900.0,73313600.0
sh688233,神工股份,32.63,-2.25%,1.05%,26606300.0,29009100.0,2402800.0,55625100.0
sh603137,恒尚节能,19.51,-2.25%,8.65%,18875900.0,35497900.0,16622000.0,54373800.0
sh688177,百奥泰,29.59,-2.25%,0.32%,15952300.0,23272000.0,7319600.0,39224300.0
sh600715,文投控股,2.17,-2.25%,1.58%,21122900.0,43182700.00000001,22059899.999999996,64305600.00000001
sh600316,洪都航空,22.6,-2.25%,0.54%,35023000.0,53720900.0,18697900.0,88743900.0
sh688011,新光光电,25.22,-2.25%,0.95%,4670700.0,8801200.0,4130500.0,13479100.0
sh603518,锦泓集团,11.28,-2.25%,1.14%,21551400.0,23518900.0,1967500.0,45070200.00000001
sz300181,佐力药业,11.74,-2.25%,1.90%,49251899.99999999,85971000.0,36719100.0,135000000.0
sz300013,新宁物流,3.91,-2.25%,1.37%,8216900.000000001,15970100.0,7753200.000000001,24187000.0
sz002670,国盛金控,8.69,-2.25%,1.93%,114999999.99999999,161000000.0,46504100.0,276000000.0
sz002296,辉煌科技,8.27,-2.25%,1.64%,17145500.0,30273600.0,13128100.0,47419100.0
sz301285,鸿日达,14.68,-2.26%,14.03%,42513900.0,64738100.00000001,22224300.0,107000000.0
sh688285,高铁电气,9.08,-2.26%,3.47%,9653300.0,18869800.0,9216600.0,28523100.0
sz300246,宝莱特,11.68,-2.26%,1.41%,14467000.0,20401000.0,5933900.0,34868000.0
sh688157,松井股份,53.15,-2.26%,0.87%,8969500.0,17836800.0,8867300.0,26823300.0
sz300844,山水比德,28.98,-2.26%,2.07%,5276799.999999999,4905600.0,371200.0,10182400.0
sh688336,三生国健,16.9,-2.26%,0.99%,5563900.0,10074900.0,4511000.0,15733400.0
sh605100,华丰股份,16.9,-2.26%,4.10%,21044000.0,32174600.0,11130700.0,53796600.0
sh601999,出版传媒,6.48,-2.26%,1.28%,16163200.0,30275900.0,14112700.0,46439100.0
sh600630,龙头股份,5.63,-2.26%,1.12%,12333699.999999998,14737200.0,2403600.0,27070900.0
sh600568,ST中珠,1.73,-2.26%,0.46%,2321700.0,10161000.0,7839299.999999999,12482700.0
sh600271,航天信息,12.95,-2.26%,0.71%,58543400.0,114999999.99999999,56102800.0,173000000.0
sz300598,诚迈科技,49.41,-2.26%,2.90%,94100500.0,138000000.0,43600400.0,231999999.99999997
sz002949,华阳国际,13.43,-2.26%,1.56%,12486500.0,19029700.0,6543200.000000001,31516200.0
sz002681,奋达科技,4.76,-2.26%,2.45%,49973300.0,98864700.0,48891400.0,149000000.0
sh688472,阿特斯,16.76,-2.27%,10.31%,322000000.0,403000000.0,80464400.0,725000000.0
sz002181,粤传媒,4.73,-2.27%,1.13%,17329400.0,43639799.99999999,26310500.0,60969300.0
sh688269,凯立新材,63.15,-2.27%,0.45%,6911300.0,16368699.999999998,9457400.0,23292600.000000004
sh689009,九号公司,34.87,-2.27%,1.16%,88193600.0,121000000.0,33088100.0,209000000.0
sh688699,明微电子,50.79,-2.27%,1.44%,16220500.0,22570300.000000004,6349800.0,38826300.0
sh603601,再升科技,4.31,-2.27%,0.76%,13686800.0,19969100.0,6282300.0,33655900.0
sh601298,青岛港,6.47,-2.27%,0.21%,25787399.999999996,48994399.99999999,23207000.0,74781900.0
sh600037,歌华有线,8.19,-2.27%,0.91%,31645200.0,73134700.0,41489500.0,105000000.0
sz300500,启迪设计,17.67,-2.27%,1.77%,22370100.000000004,29627500.0,7257400.0,51997600.0
sz000988,华工科技,42.13,-2.27%,13.98%,3113000000.0,2989000000.0,123000000.0,6102000000.0
sz000514,渝开发,3.85,-2.28%,0.80%,9848600.0,16405300.0,6556700.0,26253900.0
sh688107,安路科技,55.72,-2.28%,0.67%,36204000.0,35135200.0,1068800.0,71339200.0
sz300083,创世纪,6.86,-2.28%,1.58%,51998200.0,95851700.0,43853500.0,148000000.0
sh600228,返利科技,9.44,-2.28%,3.83%,39541600.0,62440100.0,22898600.0,102000000.0
sz002980,华盛昌,34.26,-2.28%,1.45%,26844699.999999996,40049500.0,13204800.0,66894200.0
sz002305,南国置业,2.14,-2.28%,1.75%,19826500.0,45619500.0,25793000.0,65446000.0
sh601116,三江购物,12.42,-2.28%,4.96%,153000000.0,191000000.0,38101100.0,344000000.0
sz002425,凯撒文化,5.14,-2.28%,2.80%,44661200.0,94136000.0,49474799.99999999,139000000.0
sz000926,福星股份,4.28,-2.28%,1.47%,29766700.0,29441800.0,324900.0,59208500.0
sz000791,甘肃能源,5.58,-2.28%,2.54%,89674300.0,103000000.0,13429900.0,193000000.0
sz301262,海看股份,27.26,-2.29%,12.74%,57393300.0,79586600.0,22193300.0,137000000.0
sz002421,达实智能,3.41,-2.29%,1.52%,29854500.0,63136500.0,33282000.0,92991100.0
sz301218,华是科技,23.43,-2.29%,3.74%,21538600.0,28324899.999999996,6786300.0,49863500.0
sz300501,海顺新材,16.62,-2.29%,4.26%,46967900.0,42699399.99999999,4268500.0,89685800.0
sh601789,宁波建工,4.69,-2.29%,1.72%,22123200.0,66493600.0,44370400.0,88616800.0
sh600755,厦门国贸,7.26,-2.29%,1.32%,55944100.0,140000000.0,83707400.0,196000000.0
sh600708,光明地产,2.13,-2.29%,0.71%,11171099.999999998,22661500.0,11490500.0,33832600.0
sz300462,华铭智能,11.53,-2.29%,2.86%,20881800.0,25008500.0,4126700.0,45890300.0
sz000889,ST中嘉,1.71,-2.29%,1.16%,4544500.0,12839300.0,8294800.0,17383800.0
sh688707,振华新材,32.76,-2.30%,0.93%,36442500.0,49029200.0,12586700.0,85471700.0
sz002402,和而泰,17.0,-2.30%,1.98%,132000000.0,141000000.0,9178500.0,273000000.0
sh688383,新益昌,137.07,-2.30%,1.64%,39358800.0,30037600.000000004,9321200.0,69465000.0
sh688078,龙软科技,48.85,-2.30%,0.75%,14883000.0,11338800.000000002,3544100.0000000005,26326800.0
sh603929,亚翔集成,16.6,-2.30%,1.69%,26960600.0,30553100.0,3592500.0,60802100.0
sh603309,维力医疗,14.88,-2.30%,0.86%,12663800.000000002,24950100.000000004,12286300.000000002,37613900.0
sh600501,航天晨光,15.26,-2.30%,1.37%,37707300.0,51038600.0,13331199.999999998,88745900.0
sh600039,四川路桥,9.75,-2.30%,0.27%,65679700.0,112000000.00000001,46673600.0,178000000.0
sz002800,ST天顺,15.31,-2.30%,0.79%,3492600.0,8827400.0,5334800.0,12320000.0
sz002327,富安娜,8.07,-2.30%,0.91%,12618100.0,23488500.0,10870400.0,36106500.0
sz000603,盛达资源,11.87,-2.30%,1.77%,46175900.0,78135500.0,31959500.0,124000000.0
sh688212,澳华内镜,63.48,-2.31%,0.80%,17710000.0,26331100.0,8621000.0,44055600.00000001
sh600190,锦州港,2.96,-2.31%,0.96%,16266500.0,34741900.0,18475400.0,51008400.0
sh600757,长江传媒,8.44,-2.31%,1.59%,66431300.0,98355200.0,31923900.0,165000000.0
sz300440,运达科技,6.77,-2.31%,0.81%,8877000.0,15581000.0,6704000.0,24458000.0
sz300422,博世科,6.77,-2.31%,4.24%,45416100.0,66674200.0,21258100.0,112000000.00000001
sz300264,佳创视讯,6.35,-2.31%,4.09%,35686400.0,58306000.0,22619600.0,93992300.0
sz300136,信维通信,19.42,-2.31%,1.04%,64179700.0,104000000.0,40072900.0,168000000.0
sz002621,美吉姆,3.8,-2.31%,2.24%,29372300.0,39601000.0,10228700.0,68973200.0
sz002520,日发精机,5.92,-2.31%,2.53%,34175800.0,60665800.0,26490000.0,94841600.0
sz002512,达华智能,4.23,-2.31%,11.47%,248000000.0,263000000.0,14941600.0,509999999.99999994
sz002285,世联行,2.53,-2.32%,0.61%,12198599.999999998,18883200.0,6684600.0,31081700.0
sz300901,中胤时尚,11.79,-2.32%,3.37%,20226900.0,28650100.000000004,8423300.0,48877000.0
sh600882,妙可蓝多,21.47,-2.32%,0.91%,34902800.0,66426200.0,31523500.0,101000000.0
sz002871,伟隆股份,12.61,-2.32%,1.69%,10478599.999999998,14920400.0,4441800.0,25398900.0
sz002244,滨江集团,8.43,-2.32%,0.46%,37288700.0,66949900.0,29661200.0,104000000.0
sz002167,东方锆业,7.58,-2.32%,3.89%,85240600.0,122000000.0,36788900.0,206999999.99999997
sh688352,颀中科技,13.4,-2.33%,4.77%,38379900.0,59160900.0,20781000.0,97738500.0
sh688314,康拓医疗,34.39,-2.33%,1.60%,8391600.0,7778300.0,613300.0,16170600.0
sh600510,黑牡丹,5.88,-2.33%,0.71%,18869200.0,24367600.000000004,5498400.0,43236700.0
sz300593,新雷能,21.35,-2.33%,1.81%,74188600.0,98575300.0,24386600.0,173000000.0
sz300132,青松股份,5.46,-2.33%,0.91%,8199299.999999999,16518699.999999998,8319400.000000001,24718000.0
sz002712,思美传媒,6.3,-2.33%,2.49%,36359900.0,49193500.0,12833500.0,85553300.0
sz002374,中锐股份,3.78,-2.33%,0.84%,10805500.0,23400700.0,12595100.0,34206200.0
sz002155,湖南黄金,12.58,-2.33%,2.88%,198000000.0,243000000.00000003,44977299.99999999,441000000.0
sh605598,上海港湾,47.68,-2.34%,1.84%,20566800.0,25914899.999999996,5348000.0,46486500.0
sh688092,爱科科技,28.35,-2.34%,2.64%,10317900.0,10166500.0,151400.0,20485800.0
sh688258,卓易信息,60.59,-2.34%,1.64%,36370300.0,50338500.0,13968300.0,86708700.00000001
sh688510,航亚科技,19.62,-2.34%,0.89%,12119600.0,16882700.0,4763000.0,29002300.0
sz002247,聚力文化,2.09,-2.34%,2.23%,11851900.0,18570600.0,6718700.0,30422399.999999996
sh688305,科德数控,92.2,-2.34%,1.89%,39550900.0,46865400.0,7314400.000000001,86632600.0
sh688409,富创精密,101.12,-2.35%,1.10%,18542500.0,33999900.0,15457400.0,52592900.0
sh688283,坤恒顺维,67.01,-2.35%,0.68%,7769500.0,15273100.0,7503600.0,23069000.0
sz002485,*ST雪发,4.15,-2.35%,0.20%,1194100.0,3326400.0,2132300.0,4520500.0
sh603232,格尔软件,13.32,-2.35%,1.94%,19671500.0,40249300.0,20577800.000000004,60528200.0
sh600350,山东高速,6.22,-2.35%,0.18%,16954000.0,38196500.0,21242500.0,55150600.00000001
sh600158,中体产业,9.97,-2.35%,2.40%,70345800.0,104000000.0,33467900.0,174000000.0
sh600048,保利发展,12.44,-2.35%,0.71%,404000000.0,661000000.0,256999999.99999997,1065000000.0
sz300480,光力科技,22.45,-2.35%,2.17%,50780600.00000001,62039300.0,11258699.999999998,112999999.99999999
sh603282,亚光股份,34.35,-2.36%,3.27%,17452100.0,20469900.0,3017799.9999999995,38272400.0
sh688185,康希诺,80.74,-2.36%,1.40%,24921100.0,51665400.0,26744300.0,76730500.0
sz301090,华润材料,10.76,-2.36%,4.74%,48298300.0,65284500.0,16986200.0,113999999.99999999
sz002987,京北方,21.14,-2.36%,1.12%,37220900.0,65476300.0,28255400.0,103000000.0
sz300311,任子行,5.79,-2.36%,2.05%,20575500.0,44002800.0,23427300.0,64578200.0
sh688038,中科通达,14.07,-2.36%,1.88%,10482300.0,10944900.0,462600.0,21427300.0
sh600770,综艺股份,5.39,-2.36%,0.84%,21606900.0,37731200.0,16124200.0,59338100.00000001
sh600229,城市传媒,8.28,-2.36%,0.79%,19915600.0,24701900.0,4786300.0,44617500.0
sz300466,赛摩智能,6.63,-2.36%,2.79%,32923300.0,45673600.0,12750300.0,78596700.0
sh688036,传音控股,130.94,-2.36%,0.52%,250999999.99999997,295000000.0,43977100.0,547000000.0
sz300323,华灿光电,7.02,-2.36%,1.29%,34509700.0,49754900.0,15245200.0,84264700.0
sz002841,视源股份,62.55,-2.36%,0.48%,52272200.0,92371299.99999999,40099100.0,145000000.0
sz002429,兆驰股份,5.38,-2.36%,0.61%,62513000.0,86602300.0,24089300.0,149000000.0
sz002314,南山控股,3.31,-2.36%,1.15%,17760000.0,33663000.0,15903000.0,51423000.0
sh688109,品茗科技,25.08,-2.37%,1.65%,5389500.0,10807100.0,5417700.0,16219200.0
sh603058,永吉股份,9.47,-2.37%,0.69%,8453300.0,18873600.0,10420300.0,27510600.0
sh600791,京能置业,4.53,-2.37%,1.40%,13508400.0,15370600.0,1862200.0,28879000.0
sz002151,北斗星通,35.04,-2.37%,6.04%,345000000.0,495000000.0,150000000.0,840000000.0
sz000823,超声电子,9.47,-2.37%,1.49%,34897800.0,41639300.0,6741500.0,76537100.0
sz301318,维海德,31.98,-2.38%,3.17%,11415100.0,15281300.000000002,3866200.0,26696400.0
sz301231,荣信文化,31.2,-2.38%,8.31%,28370300.000000004,27042700.0,1327600.0,55413100.00000001
sh688586,江航装备,13.13,-2.38%,1.19%,22575500.0,33464400.0,10888900.000000002,56066300.0
sh600137,浪莎股份,16.85,-2.38%,2.39%,15351400.000000002,24190400.0,8838900.0,39541700.0
sh600959,江苏有线,3.28,-2.38%,0.56%,26355900.0,67182100.0,40826200.0,93538100.0
sz300609,汇纳科技,28.35,-2.38%,6.92%,69220600.0,119000000.0,49707600.0,188000000.0
sz300542,新晨科技,11.49,-2.38%,1.38%,14319500.0,24500300.000000004,10180900.0,38819800.0
sz002774,快意电梯,7.81,-2.38%,0.59%,5411700.0,7723700.0,2312000.0,13135400.0
sz002178,延华智能,3.69,-2.38%,1.20%,12627200.0,19098000.0,6470700.000000001,31789000.0
sz300143,盈康生命,11.02,-2.39%,0.69%,19375100.0,22603000.0,3227900.0,41978200.0
sh603324,盛剑环境,36.0,-2.39%,2.09%,9945900.0,23671400.0,13725500.0,33617300.0
sh601800,中国交建,11.03,-2.39%,0.36%,156000000.0,310000000.0,153000000.0,466000000.0
sh600573,惠泉啤酒,11.45,-2.39%,1.51%,12516600.0,31358900.0,18842300.0,43875500.0
sz300633,开立医疗,49.83,-2.39%,0.75%,57532800.0,104000000.0,46560000.0,162000000.0
sz002437,誉衡药业,2.04,-2.39%,1.01%,15130000.0,30459500.0,15329500.0,45590600.00000001
sh688391,钜泉科技,66.69,-2.40%,2.53%,11865800.0,19899800.0,8034000.0,31798900.0
sh688290,景业智能,61.49,-2.40%,0.94%,7391799.999999999,18903100.0,11511400.000000002,26294899.999999996
sh605299,舒华体育,12.18,-2.40%,2.47%,14215800.0,20308100.0,6092300.0,34523900.0
sh688507,索辰科技,123.98,-2.40%,3.60%,21549600.0,39014400.0,17464800.0,60588800.0
sh603688,石英股份,105.92,-2.40%,2.95%,519000000.00000006,599000000.0,79697900.0,1118000000.0
sh603258,电魂网络,36.18,-2.40%,2.10%,90917700.0,97927600.0,7009900.0,189000000.0
sz300778,新城市,17.09,-2.40%,2.35%,31905400.0,39652900.0,7747500.0,71558300.0
sz300468,四方精创,10.15,-2.40%,2.26%,41106300.0,82062300.0,40956000.0,123000000.0
sz300263,隆华科技,8.13,-2.40%,2.14%,46962800.0,89095200.0,42132400.0,136000000.0
sz002917,金奥博,11.41,-2.40%,2.33%,29779800.0,39333600.0,9553800.0,69113400.0
sz002885,京泉华,20.77,-2.40%,2.37%,37957200.0,65136600.0,27179400.0,103000000.0
sz300097,智云股份,6.47,-2.41%,0.95%,6455900.0,10405500.0,3949500.0,16861400.0
sh600503,华丽家族,2.83,-2.41%,1.60%,27695900.0,45039200.0,17343300.0,72735000.0
sh600211,西藏药业,57.39,-2.41%,1.05%,56716100.0,93365100.0,36649000.0,150000000.0
sz300250,初灵信息,14.96,-2.41%,5.74%,54029399.99999999,86080500.0,32051100.0,140000000.0
sz002850,科达利,128.98,-2.41%,0.76%,77737200.0,77716900.0,20299.999999999996,155000000.0
sz002528,英飞拓,7.69,-2.41%,1.95%,56329700.0,102000000.0,45743000.0,158000000.0
sh600420,国药现代,10.91,-2.42%,0.81%,29303100.0,76998100.0,47695000.0,106000000.0
sz300762,上海瀚讯,12.51,-2.42%,3.54%,129000000.0,152000000.0,23015100.000000004,282000000.0
sz300199,翰宇药业,10.08,-2.42%,2.86%,74176100.0,120000000.0,45492500.0,194000000.0
sz300027,华谊兄弟,2.82,-2.42%,1.97%,49636100.0,80283300.0,30647199.999999996,130000000.0
sz300007,汉威科技,18.53,-2.42%,5.07%,125000000.0,146000000.0,20821100.0,271000000.0
sz002655,共达电声,12.5,-2.42%,1.07%,19908300.0,29209899.999999996,9301700.0,49118300.0
sz002219,新里程,4.43,-2.42%,0.35%,19505600.0,31254699.999999996,11749100.0,50760300.0
sh688120,华海清科,222.28,-2.43%,1.57%,166000000.0,204000000.0,38257900.0,370000000.0
sz301018,申菱环境,35.28,-2.43%,4.61%,53322299.99999999,86158300.0,32836000.0,139000000.0
sh688017,绿的谐波,130.75,-2.43%,3.01%,156000000.0,219000000.0,63088300.0,375000000.0
sh600545,卓郎智能,2.41,-2.43%,0.40%,4402200.0,13881500.0,9479200.0,18283700.0
sz300786,国林科技,17.24,-2.43%,2.30%,19957300.0,34695400.0,14738100.0,54652800.0
sz300578,会畅通讯,18.05,-2.43%,1.25%,13527400.0,30935000.0,17407600.0,44462400.0
sz300404,博济医药,10.02,-2.43%,1.50%,15764300.0,25599699.999999996,9835400.0,41364100.0
sh603291,联合水务,16.4,-2.44%,30.59%,95216500.0,119000000.0,23764600.0,214000000.0
sh688382,益方生物,14.38,-2.44%,1.31%,8181300.0,11823200.0,3641900.0,20004400.0
sz000880,潍柴重机,11.19,-2.44%,2.36%,19368300.0,23860500.0,4492300.0,43228900.0
sz300663,科蓝软件,13.2,-2.44%,1.69%,30656100.0,60336200.0,29680100.000000004,90992400.0
sz300300,海峡创新,3.99,-2.44%,1.46%,11104500.0,28600900.0,17496400.0,39705300.0
sz300226,上海钢联,28.4,-2.44%,1.99%,96951100.0,80213400.0,16737700.0,177000000.0
sz300872,天阳科技,14.79,-2.44%,1.82%,23374400.0,46410400.0,23036100.0,69784800.0
sz300076,GQY视讯,4.8,-2.44%,1.36%,11528800.000000002,16604100.0,5075300.0,28133900.0
sz300045,华力创通,11.58,-2.44%,6.57%,186000000.0,192000000.0,6625400.0,378000000.0
sz002077,大港股份,14.78,-2.44%,2.53%,74090500.0,145000000.0,71204200.0,219000000.0
sz000404,长虹华意,6.8,-2.44%,4.32%,83280000.0,124000000.0,40346200.0,206999999.99999997
sz002212,天融信,9.17,-2.45%,1.36%,50433200.0,97023799.99999999,46590600.00000001,147000000.0
sh603237,五芳斋,28.66,-2.45%,2.96%,10015900.0,20247300.0,10231400.0,30263200.0
sz300602,飞荣达,16.74,-2.45%,5.84%,152000000.0,165000000.0,13497200.0,317000000.0
sz300333,兆日科技,6.37,-2.45%,1.44%,12131600.0,18807800.0,6676200.0,30939400.0
sh603206,嘉环科技,16.62,-2.46%,2.52%,13366800.0,23550900.0,10184100.0,36917700.0
sh600185,格力地产,6.73,-2.46%,0.98%,48066400.0,76749100.0,28682700.0,125000000.0
sh603683,晶华新材,12.27,-2.46%,2.54%,33468200.0,32863100.0,605000.0,67078500.0
sz300681,英搏尔,21.79,-2.46%,3.17%,47793700.0,73882600.0,26088800.0,122000000.0
sz300557,理工光科,38.93,-2.46%,3.59%,39310500.0,53487600.0,14177100.0,92798100.0
sz000836,富通信息,2.77,-2.46%,1.87%,19367800.0,43895300.0,24527500.0,63263000.0
sh688039,当虹科技,32.79,-2.47%,1.69%,31456900.0,31746000.0,289000.0,63202800.0
sh688116,天奈科技,30.05,-2.47%,1.40%,47484100.0,98091600.0,50607500.0,146000000.0
sh600520,文一科技,14.99,-2.47%,6.20%,49930900.0,99144800.0,49213900.0,149000000.0
sz300414,中光防雷,10.28,-2.47%,7.72%,102000000.0,146000000.0,43717900.0,247000000.00000003
sz300352,北信源,4.74,-2.47%,1.53%,31249600.0,56699900.0,25450200.0,87949500.0
sh603170,宝立食品,19.7,-2.48%,6.78%,19693100.0,34393000.0,14699900.0,54086100.0
sh603636,南威软件,13.77,-2.48%,1.79%,49541800.0,97506400.0,47964500.0,147000000.0
sh600862,中航高科,24.42,-2.48%,0.46%,66511100.0,92262900.00000001,25751800.0,159000000.0
sz002047,宝鹰股份,3.15,-2.48%,0.98%,15148800.000000002,26715900.0,11567000.0,41864700.0
sh603416,信捷电气,37.97,-2.49%,0.97%,20317700.0,32188500.0,11870700.0,52506200.0
sh603421,鼎信通讯,10.2,-2.49%,0.51%,16475600.0,17939800.0,1464199.9999999998,34415400.0
sh688399,硕世生物,53.67,-2.49%,0.70%,6343800.0,13779000.0,7435100.0,20133500.0
sz300518,盛讯达,20.36,-2.49%,0.86%,11700400.0,22115400.0,10415000.0,33815800.0
sz002261,拓维信息,21.89,-2.49%,21.20%,2333000000.0,2907000000.0,574000000.0,5240000000.0
sz002235,安妮股份,6.27,-2.49%,3.65%,40779200.0,86162600.0,45383400.0,127000000.0
sz000715,中兴商业,7.44,-2.49%,1.49%,20175800.0,26478200.0,6302400.0,46654100.0
sz000555,神州信息,10.95,-2.49%,1.06%,43519799.99999999,71027200.0,27507300.0,114999999.99999999
sz002188,中天服务,6.24,-2.50%,2.60%,14992600.0,24522300.0,9529700.0,39514800.0
sh688228,开普云,47.19,-2.50%,1.92%,26330600.0,35104800.0,8774200.0,61435300.0
sh603519,立霸股份,14.43,-2.50%,3.50%,54680400.0,82471200.00000001,27790800.0,137000000.0
sz000608,阳光股份,2.73,-2.50%,0.97%,8341799.999999999,11761300.000000002,3419500.0,20103200.0
sh603779,威龙股份,10.16,-2.50%,5.91%,88898200.0,112999999.99999999,24187800.000000004,204000000.0
sh600587,新华医疗,32.04,-2.50%,1.03%,61618200.0,74286400.0,12668200.0,136000000.0
sz300386,飞天诚信,10.13,-2.50%,1.10%,8950700.0,18361600.0,9410900.0,27312300.0
sz300262,巴安水务,2.73,-2.50%,2.17%,16852400.0,23060900.0,6208400.0,39913300.0
sz002387,维信诺,8.2,-2.50%,0.90%,41983500.0,60035600.00000001,18052100.0,102000000.0
sz000716,黑芝麻,6.61,-2.51%,3.00%,42796000.0,94764900.0,51968900.0,138000000.0
sh688281,华秦科技,202.53,-2.51%,0.73%,18430400.0,31531600.0,13101300.000000002,49962000.0
sz300078,思创医惠,4.28,-2.51%,0.92%,9638400.0,23669100.0,14030700.0,33307500.0
sz002938,鹏鼎控股,24.13,-2.51%,0.42%,74983800.0,157000000.0,82263200.0,231999999.99999997
sz000632,三木集团,4.27,-2.51%,1.08%,7133600.0,14405800.0,7272200.0,21539300.0
sz301317,鑫磊股份,25.88,-2.52%,4.73%,20865100.000000004,25183800.0,4318700.0,46048900.0
sz300227,光韵达,7.73,-2.52%,1.86%,21082300.0,38303300.0,17220900.0,59385600.00000001
sh688697,纽威数控,23.94,-2.52%,7.17%,50754100.0,83295700.0,32541600.0,134000000.00000001
sh688084,晶品特装,79.94,-2.52%,1.06%,5901100.0,9748800.0,3847700.0,15681900.0
sz003031,中瓷电子,117.37,-2.52%,2.31%,95765100.0,95679400.0,85800.0,191000000.0
sz300654,世纪天鸿,11.97,-2.52%,4.09%,78268600.0,81933300.0,3664700.0000000005,160000000.0
sz301071,力量钻石,42.36,-2.53%,1.73%,35501300.0,61371400.0,25870100.000000004,96872700.0
sh688244,永信至诚,82.49,-2.53%,3.09%,14456199.999999998,22856400.0,8400300.0,37326000.0
sz000797,中国武夷,3.08,-2.53%,2.04%,39274900.0,59873100.00000001,20598200.0,99148100.0
sh688127,蓝特光学,16.94,-2.53%,1.29%,15885000.0,22018400.0,6133300.0,37903400.0
sh603712,七一二,29.25,-2.53%,0.31%,23465100.000000004,45321100.0,21856000.0,69634400.0
sh600641,万业企业,18.52,-2.53%,0.98%,53128400.0,117000000.0,64110900.0,170000000.0
sh600641,万业企业,18.52,-2.53%,0.98%,52002400.0,115999999.99999999,64268300.0,170000000.0
sz300294,博雅生物,34.65,-2.53%,0.88%,30120400.0,102000000.0,71429700.0,132000000.0
sz002468,申通快递,10.8,-2.53%,0.52%,27945300.000000004,55814700.0,27869400.0,83760000.0
sh603106,恒银科技,5.38,-2.54%,0.95%,9033700.0,17824000.0,8790300.0,27001800.0
sz300607,拓斯达,13.83,-2.54%,2.04%,35633300.0,45686000.0,10052600.0,81319400.0
sz002746,仙坛股份,8.45,-2.54%,4.37%,132000000.0,131000000.0,798800.0,264000000.0
sz002426,胜利精密,2.3,-2.54%,3.17%,91328300.0,142000000.0,50183200.0,233000000.0
sh601065,江盐集团,12.6,-2.55%,7.68%,45007100.0,105000000.0,59556899.99999999,151000000.0
sh603737,三棵树,66.15,-2.55%,0.43%,72517300.0,78734100.0,6216700.0,153000000.0
sh603069,海汽集团,18.69,-2.55%,1.49%,26483500.0,61426800.0,34943300.0,89205600.0
sz300671,富满微,40.83,-2.55%,1.01%,32657000.0,58573600.0,25916600.0,91230600.0
sz300546,雄帝科技,17.23,-2.55%,2.30%,20570500.0,31641800.0,11071199.999999998,52212299.99999999
sz300951,博硕科技,53.29,-2.56%,1.14%,16618699.999999998,18639100.0,2020400.0,35257800.0
sh603180,金牌厨柜,30.39,-2.56%,0.81%,13375400.0,24350600.0,10975300.0,38270000.0
sz002876,三利谱,33.45,-2.56%,2.40%,60400400.0,60979600.0,579100.0,121000000.0
sz000573,粤宏远A,3.42,-2.56%,1.54%,12750700.0,20834899.999999996,8084299.999999999,33585600.0
sz301153,中科江南,68.69,-2.57%,1.46%,62008700.0,67750600.0,5741900.000000001,130000000.0
sz002820,桂发祥,10.99,-2.57%,2.27%,22500900.0,27883000.0,5382100.0,50383900.0
sz301011,华立科技,22.03,-2.57%,1.42%,8966900.0,15801099.999999998,6834200.0,24768000.0
sh601606,长城军工,13.29,-2.57%,1.77%,63660000.0,106000000.0,41930900.0,172000000.0
sh688207,格灵深瞳,23.87,-2.57%,1.84%,34412900.0,43486100.0,9073300.0,78128200.0
sh600383,金地集团,6.82,-2.57%,1.58%,167000000.0,324000000.0,157000000.0,491000000.0
sz300561,汇金科技,10.99,-2.57%,2.14%,16444700.0,26659200.0,10214500.0,43103900.0
sz300436,广生堂,25.81,-2.57%,0.68%,7724100.0,15731500.0,8007500.0,23455600.0
sz002925,盈趣科技,18.99,-2.57%,0.56%,30624800.0,48942900.0,18318000.0,79567700.0
sz002906,华阳集团,37.08,-2.57%,2.31%,174000000.0,242000000.0,68442700.0,416000000.0
sz301048,金鹰重工,12.82,-2.58%,7.10%,48832299.99999999,73708800.0,24876500.0,123000000.0
sh688115,思林杰,34.71,-2.58%,2.26%,11005300.0,12266199.999999998,1260900.0,23273800.0
sz300111,向日葵,3.02,-2.58%,1.02%,12197200.0,22568700.0,10371500.0,34768300.0
sh688378,奥来德,48.78,-2.58%,1.22%,24466800.0,32327900.0,7861100.0,56794700.0
sh600769,祥龙电业,9.05,-2.58%,1.49%,18988200.0,30992100.0,12003900.000000002,50939600.0
sh605189,富春染织,16.23,-2.58%,2.93%,13054900.0,10522200.0,2532700.0,23923100.0
sh600562,国睿科技,15.87,-2.58%,0.47%,31663400.0,59277700.00000001,27614300.0,91735400.00000001
sz002547,春兴精工,4.91,-2.58%,3.92%,69506500.0,145000000.0,75610100.0,215000000.0
sz000950,重药控股,6.03,-2.58%,1.35%,55096100.0,87151700.0,32055600.0,142000000.0
sz300617,安靠智电,43.17,-2.59%,4.39%,101000000.0,102000000.0,491500.0,202999999.99999997
sh600667,太极实业,7.14,-2.59%,3.06%,196000000.0,269000000.0,72464100.0,473000000.00000006
sz300043,星辉娱乐,3.38,-2.59%,5.68%,74009600.0,111000000.00000001,37456000.0,185000000.0
sh688511,天微电子,33.3,-2.60%,1.97%,9621700.0,16704300.0,7082600.0,26509600.0
sh603598,引力传媒,10.11,-2.60%,3.05%,27670500.0,55553300.0,27882800.000000004,83561500.0
sh600992,贵绳股份,17.22,-2.60%,2.78%,42628100.00000001,75041200.0,32413200.0,119000000.0
sz300792,壹网壹创,26.56,-2.60%,1.29%,24768400.0,47271700.0,22503200.0,72040000.0
sz300222,科大智能,7.85,-2.61%,3.34%,69996900.0,99065400.00000001,29068500.0,169000000.0
sz002624,完美世界,15.3,-2.61%,2.15%,237000000.0,372000000.0,135000000.0,609000000.0
sz002008,大族激光,25.77,-2.61%,1.70%,145000000.0,291000000.0,146000000.0,434999999.99999994
sz301217,铜冠铜箔,14.15,-2.62%,6.55%,92522600.0,122000000.0,29280600.0,214000000.0
sz301248,杰创智能,20.81,-2.62%,1.97%,16413699.999999998,24670800.0,8257200.0,41084500.0
sh600941,中国移动,90.9,-2.62%,1.87%,409999999.99999994,882000000.0,473000000.00000006,1302000000.0
sz300862,蓝盾光电,29.71,-2.62%,1.46%,19617600.0,17788100.0,1829500.0,37405700.0
sh600797,浙大网新,6.68,-2.62%,2.05%,50121899.99999999,89840600.0,39718700.0,142000000.0
sz300050,世纪鼎利,4.09,-2.62%,1.60%,12632500.0,21102900.0,8470400.0,33735400.0
sz002065,东华软件,6.68,-2.62%,1.47%,95438500.0,192000000.0,96973300.0,288000000.0
sz001323,慕思股份,34.85,-2.63%,2.05%,10116400.0,18795100.0,8678700.0,28911600.0
sh688159,有方科技,38.13,-2.63%,1.86%,26331300.0,36528600.0,10197300.0,62859900.0
sh605589,圣泉集团,24.1,-2.63%,4.41%,361000000.0,310000000.0,50650500.0,671000000.0
sh600814,杭州解百,8.51,-2.63%,0.63%,11574300.0,26846900.0,15272600.0,38968400.0
sz300115,长盈精密,11.09,-2.63%,2.07%,101000000.0,176000000.0,75459400.0,277000000.0
sz300095,华伍股份,9.63,-2.63%,4.49%,52125300.0,92885500.0,40760200.0,145000000.0
sz002657,中科金财,15.56,-2.63%,2.16%,35294600.0,65547700.00000001,30253100.0,101000000.0
sz002457,青龙管业,8.87,-2.63%,3.02%,29091500.0,61469500.0,32378000.0,90560900.0
sz301337,亚华电子,33.89,-2.64%,5.63%,20198300.0,27489699.999999996,7291500.0,47688100.00000001
sh688141,杰华特,39.08,-2.64%,2.96%,21196000.0,40107500.0,18911600.0,61323000.0
sh688766,普冉股份,125.39,-2.64%,3.36%,93368100.0,91076500.0,2291600.0,184000000.0
sh603931,格林达,29.11,-2.64%,0.62%,5881400.0,15043000.0,9161600.0,21218500.0
sh603915,国茂股份,19.52,-2.64%,0.86%,46141800.0,64012800.0,17871000.0,111000000.00000001
sz300689,澄天伟业,22.14,-2.64%,0.90%,8345000.0,11438000.0,3093000.0,19782900.0
sz300579,数字认证,28.03,-2.64%,0.99%,29783700.0,43532600.0,13748800.000000002,73327600.0
sz300451,创业慧康,7.37,-2.64%,1.46%,60007900.0,86997900.00000001,26990000.0,147000000.0
sz003010,若羽臣,21.33,-2.65%,7.53%,49278300.0,68047000.0,18768700.0,117000000.0
sh688655,迅捷兴,16.54,-2.65%,3.36%,18036600.0,21444899.999999996,3408300.0,39481400.0
sz300065,海兰信,11.77,-2.65%,2.21%,62194000.0,110000000.00000001,47876500.0,172000000.0
sh600280,中央商场,2.57,-2.65%,1.25%,11082100.0,25471800.0,14389700.0,36553900.0
sz300590,移为通信,12.14,-2.65%,4.74%,84640300.0,113999999.99999999,29055800.0,198000000.0
sz002197,证通电子,9.92,-2.65%,3.85%,71506800.0,134000000.00000001,62916200.0,206000000.0
sh603052,可川科技,31.08,-2.66%,5.54%,16442100.0,24486000.0,8043900.0,41866700.0
sz002913,奥士康,35.5,-2.66%,1.15%,44851600.0,64738600.0,19887000.0,110000000.00000001
sz301123,奕东电子,27.05,-2.66%,10.78%,94488500.0,129000000.0,34280600.0,223000000.0
sz301039,中集车辆,14.29,-2.66%,4.96%,242000000.0,283000000.0,41749799.99999999,525000000.0
sz300773,拉卡拉,19.39,-2.66%,2.48%,170000000.0,200000000.0,29028100.0,370000000.0
sz300572,安车检测,18.28,-2.66%,2.41%,37078200.0,45093900.0,8015700.000000001,82172200.0
sz002317,众生药业,16.12,-2.66%,2.63%,97684500.0,204999999.99999997,108000000.0,303000000.0
sz000997,新大陆,18.28,-2.66%,1.12%,86911400.0,127000000.0,39800700.0,214000000.0
sz000560,我爱我家,2.56,-2.66%,1.57%,33689200.0,57846600.0,24157399.999999996,91535800.0
sz000153,丰原药业,9.51,-2.66%,1.83%,14670600.0,40280000.0,25609300.0,54950500.0
sh603456,九洲药业,25.53,-2.67%,0.73%,57190400.0,99017900.00000001,41827500.0,157000000.0
sh603389,亚振家居,5.47,-2.67%,0.76%,5516200.0,5388099.999999999,128100.0,11102900.0
sh601608,中信重工,4.01,-2.67%,0.56%,31377100.0,66694900.0,35317800.0,99018000.0
sz300588,熙菱信息,10.93,-2.67%,2.29%,15596199.999999998,21012199.999999996,5415900.0,36608300.0
sz000571,新大洲A,2.54,-2.68%,3.42%,28194100.0,43037900.0,14843800.000000002,71232000.0
sh688237,超卓航科,44.28,-2.68%,2.74%,11450400.0,17007500.0,5557100.0,28459200.0
sz300994,久祺股份,15.95,-2.68%,3.62%,20703100.0,24696500.0,3993300.0,45399600.0
sz301200,大族数控,39.16,-2.68%,1.76%,10113700.0,19207800.0,9094200.0,29321500.0
sz300682,朗新科技,22.12,-2.68%,0.92%,102000000.0,117000000.0,15561000.0,219000000.0
sz002935,天奥电子,20.33,-2.68%,1.81%,47821000.0,77671200.0,29850200.0,125000000.0
sz002348,高乐股份,3.99,-2.68%,1.20%,11849800.0,31289000.0,19439200.0,43138900.0
sz002307,北新路桥,5.09,-2.68%,1.95%,46162000.0,62520700.0,16358699.999999998,109000000.00000001
sz002031,巨轮智能,3.99,-2.68%,13.98%,446000000.0,652000000.0,204999999.99999997,1098000000.0
sz301302,华如科技,34.78,-2.69%,1.83%,21721200.0,33958300.0,12237100.0,55679700.0
sh603997,继峰股份,13.4,-2.69%,0.91%,51221200.0,88657500.0,37436300.0,141000000.0
sh600088,中视传媒,13.0,-2.69%,2.52%,59819900.0,72481400.0,12661500.0,132000000.0
sz000863,三湘印象,3.62,-2.69%,1.31%,27054699.999999996,28451700.0,1397100.0,55506500.0
sz301091,深城交,18.75,-2.70%,5.45%,68272600.0,81854000.0,13581500.0,150000000.0
sh600262,北方股份,21.63,-2.70%,2.25%,28826800.0,54697200.0,25870400.0,83524000.0
sh600855,航天长峰,12.62,-2.70%,1.04%,20811400.0,37234500.0,16423100.0,58046000.0
sh600322,天房发展,1.8,-2.70%,1.91%,15902700.0,22590700.0,6688000.0,38493400.0
sh600004,白云机场,14.07,-2.70%,1.25%,125000000.0,293000000.0,168000000.0,419000000.00000006
sz300581,晨曦航空,10.44,-2.70%,1.26%,27684899.999999996,46012800.0,18327900.0,73697700.0
sz300307,慈星股份,6.49,-2.70%,1.30%,26668400.0,38910600.0,12242200.0,65578900.0
sh688768,容知日新,67.61,-2.71%,0.89%,15729400.0,13858400.0,1871000.0,29654600.0
sh688620,安凯微,14.01,-2.71%,13.93%,75368000.0,94112000.0,18744000.0,169000000.0
sh605111,新洁能,44.17,-2.71%,3.08%,122000000.0,175000000.0,52903800.0,300000000.0
sh688686,奥普特,149.09,-2.71%,1.32%,24268500.0,44080900.0,19812300.0,68432000.0
sz002559,亚威股份,8.25,-2.71%,1.81%,27974300.0,44902900.0,16928600.0,72877300.0
sh688209,英集芯,17.87,-2.72%,2.29%,38841800.0,48353600.0,9511800.0,87195500.0
sz002122,汇洲智能,3.94,-2.72%,1.88%,51241700.0,97655800.0,46414100.0,149000000.0
sh688306,均普智能,6.08,-2.72%,10.94%,149000000.0,164000000.0,14997200.0,312000000.0
sh688110,东芯股份,38.66,-2.72%,5.91%,308000000.0,324000000.0,15852000.0,631000000.0
sh688622,禾信仪器,33.22,-2.72%,1.32%,9361400.0,7380200.0,1981300.0,16754700.0
sh688138,清溢光电,21.08,-2.72%,0.54%,13089200.0,17431200.0,4342000.0,30583700.0
sh603728,鸣志电器,66.5,-2.72%,1.10%,154000000.0,149000000.0,5038400.0,311000000.0
sz300416,苏试试验,20.39,-2.72%,0.85%,32959500.0,56230000.0,23270600.0,89189400.0
sz002905,金逸影视,11.44,-2.72%,4.70%,79520400.0,109000000.00000001,29595900.0,189000000.0
sz002325,洪涛股份,1.43,-2.72%,1.95%,14384500.0,25942500.0,11558000.0,40327100.0
sh688312,燕麦科技,17.81,-2.73%,0.74%,4789800.0,7765300.0,2975500.0,12666800.0
sz003007,直真科技,24.57,-2.73%,4.25%,18061800.0,22729899.999999996,4668100.0,40791800.0
sh688619,罗普特,13.92,-2.73%,2.26%,11505500.0,17305200.0,5799700.0,28810800.0
sh600248,陕建股份,4.64,-2.73%,2.48%,49749000.0,119000000.0,68842200.0,168000000.0
sz300586,美联新材,12.1,-2.73%,1.47%,37689300.0,57956800.0,20267400.0,95646100.0
sz002467,二六三,4.64,-2.73%,1.89%,37364400.0,83365100.0,46000700.0,121000000.0
sz002243,力合科创,8.54,-2.73%,0.71%,27206200.0,46357200.0,19151000.0,73563400.0
sz001872,招商港口,16.7,-2.74%,0.13%,15545900.0,23354600.0,7808700.0,38900500.0
sh601106,中国一重,3.2,-2.74%,0.53%,36998400.0,79507600.0,42509300.0,117000000.0
sz002436,兴森科技,13.82,-2.74%,1.24%,90483000.0,168000000.0,77677100.0,259000000.0
sh600301,华锡有色,17.35,-2.75%,2.26%,25122700.0,38687500.0,13564900.0,63810200.00000001
sh688385,复旦微电,57.6,-2.75%,1.84%,184000000.0,149000000.0,35318600.0,333000000.0
sh600530,*ST交昂,2.12,-2.75%,5.61%,38919300.0,52537700.00000001,13618400.0,91457000.0
sz300165,天瑞仪器,6.73,-2.75%,2.37%,22710500.0,39883000.0,17172400.0,62593500.0
sz000676,智度股份,6.37,-2.75%,2.44%,74061400.0,126000000.0,51505600.00000001,200000000.0
sz000503,国新健康,11.33,-2.75%,0.98%,32956300.0,68167200.0,35210900.0,101000000.0
sh688631,莱斯信息,38.75,-2.76%,9.38%,52534600.0,69156900.0,16622300.0,122000000.0
sh688230,芯导科技,45.78,-2.76%,2.22%,10293000.0,18987800.0,8694900.0,29306900.0
sh603733,仙鹤股份,20.81,-2.76%,0.68%,40553400.0,59648700.0,19095300.0,101000000.0
sh688018,乐鑫科技,134.66,-2.76%,0.98%,50067100.0,57590400.0,7523400.0,108000000.0
sh600774,汉商集团,13.02,-2.76%,0.70%,9819200.0,17164300.0,7345100.0,26983400.0
sh600651,飞乐音响,3.88,-2.76%,1.28%,19569500.0,42688600.0,23119100.0,62258200.0
sh600257,大湖股份,6.34,-2.76%,8.15%,101000000.0,150000000.0,49375900.0,250999999.99999997
sz300430,诚益通,16.93,-2.76%,1.93%,40014400.0,45098100.00000001,5083800.0,85112500.0
sz300290,荣科科技,4.58,-2.76%,1.33%,12685800.0,26848700.0,14162900.0,39534500.0
sz300047,天源迪科,7.4,-2.76%,3.70%,56616200.0,91478600.0,34862400.0,148000000.0
sz301211,亨迪药业,24.9,-2.77%,8.58%,62512299.99999999,87337700.0,24825400.0,150000000.0
sz001282,三联锻造,33.01,-2.77%,14.79%,65418100.00000001,73238200.0,7820100.0,139000000.0
sz000779,甘咨询,11.6,-2.77%,3.31%,52061100.0,94674100.0,42613000.0,147000000.0
sz000802,北京文化,8.42,-2.77%,7.92%,213000000.0,274000000.0,60962400.0,487000000.0
sh688276,百克生物,58.94,-2.77%,0.52%,33792400.0,40298200.0,6505800.0,74090600.0
sh603690,至纯科技,31.9,-2.77%,1.60%,71506400.0,124000000.0,52285400.0,198000000.0
sz300183,东软载波,15.42,-2.77%,0.97%,18900300.0,31925200.0,13024900.0,50825500.0
sz000810,创维数字,15.12,-2.77%,1.49%,86347600.0,169000000.0,82824599.99999999,256000000.0
sh688543,国科军工,52.89,-2.78%,10.91%,75803100.0,117000000.0,40946700.0,193000000.0
sz300249,依米康,9.1,-2.78%,3.71%,44291100.0,80993600.0,36702500.0,125000000.0
sz300805,电声股份,8.04,-2.78%,1.13%,10679000.0,14539100.0,3860000.0,25218100.0
sh688010,福光股份,23.42,-2.78%,0.78%,10412500.0,17703700.0,7291200.0,28116200.0
sz000913,钱江摩托,17.78,-2.79%,1.78%,62338000.0,82577800.0,20239800.0,145000000.0
sz301330,熵基科技,33.98,-2.80%,5.07%,30394899.999999996,49366100.0,18971200.0,79761000.0
sz300296,利亚德,6.26,-2.80%,1.32%,49495200.00000001,123000000.0,73868100.0,173000000.0
sh688617,惠泰医疗,371.91,-2.80%,0.42%,20264800.0,51428400.0,31163600.0,71767600.0
sh688186,广大特材,29.52,-2.80%,1.14%,38101500.0,35169700.0,2931900.0,73271100.0
sh603380,易德龙,23.98,-2.80%,1.34%,29140300.000000004,23461800.0,5678500.0,52988100.00000001
sz300746,汉嘉设计,10.43,-2.80%,1.15%,12104300.0,14631700.0,2527400.0,26736100.0
sz002313,*ST日海,8.68,-2.80%,1.98%,23603700.0,40809600.0,17205900.0,64413400.0
sz002298,中电兴发,6.6,-2.80%,10.12%,188000000.0,221000000.0,32233300.0,409000000.0
sz000917,电广传媒,6.95,-2.80%,2.04%,78997000.0,124000000.0,44655800.0,202999999.99999997
sz000557,西部创业,5.21,-2.80%,0.45%,11171500.0,23519300.0,12347800.0,34690800.0
sz300154,瑞凌股份,7.6,-2.81%,1.53%,15075900.0,22324800.0,7248900.0,37400700.0
sz000099,中信海直,9.34,-2.81%,4.49%,117000000.0,184000000.0,67134300.0,301000000.0
sz301207,华兰疫苗,32.68,-2.82%,0.73%,14543599.999999998,19566800.0,5023200.0,34110400.0
sz002640,跨境通,3.45,-2.82%,1.99%,27438600.0,68739500.0,41300900.0,96178500.0
sh600629,华建集团,6.55,-2.82%,2.73%,61886400.0,106000000.0,44082500.0,170000000.0
sh688111,金山办公,424.7,-2.82%,0.87%,766000000.0,957000000.0,191000000.0,1723999999.9999998
sh600449,宁夏建材,15.88,-2.82%,2.01%,57945100.0,96904400.0,38959300.0,155000000.0
sh600303,ST曙光,4.83,-2.82%,1.76%,18253200.0,39666400.0,21413200.0,57929200.0
sz300474,景嘉微,84.43,-2.82%,2.74%,331000000.0,413999999.99999994,83076800.0,745000000.0
sh600060,海信视像,22.64,-2.83%,0.71%,108000000.0,99211200.00000001,9186400.0,208000000.0
sz300777,中简科技,42.93,-2.83%,1.24%,88724500.0,128000000.0,38957200.0,216000000.0
sh601921,浙版传媒,8.21,-2.84%,6.08%,74931800.0,136000000.0,61494700.0,213000000.0
sh603856,东宏股份,13.36,-2.84%,1.60%,24828100.0,30058900.0,5230800.0,55195500.0
sz300790,宇瞳光学,15.73,-2.84%,3.12%,56170900.0,67673900.0,11503000.0,124000000.0
sh603516,淳中科技,16.79,-2.84%,2.05%,27691300.0,36053800.0,8362500.0,64233700.0
sh603501,韦尔股份,107.97,-2.84%,0.99%,644000000.0,622000000.0,21529699.999999996,1279000000.0
sz300719,安达维尔,13.33,-2.84%,1.52%,16670300.0,20405100.0,3734800.0,37076800.0
sz300063,天龙集团,4.1,-2.84%,2.61%,22203200.0,44962299.99999999,22759100.0,67165600.0
sz301152,天力锂能,40.23,-2.85%,4.06%,15533800.000000002,30454100.0,14920300.0,45987800.0
sz301139,元道通信,26.6,-2.85%,1.56%,8624700.0,19983100.0,11358400.0,28607900.0
sh688499,利元亨,60.95,-2.85%,3.58%,50554100.0,76612000.0,26057900.0,127000000.0
sh600571,信雅达,8.85,-2.85%,1.59%,19525300.0,42914700.0,23389400.0,63537500.0
sz002347,泰尔股份,5.45,-2.85%,3.73%,28288300.0,40189800.0,11901500.0,68478100.0
sz002214,大立科技,12.96,-2.85%,0.94%,22881100.0,35828400.0,12947400.0,58709399.99999999
sh688139,海尔生物,47.21,-2.86%,0.64%,33080400.0,63733700.0,30653300.0,96917900.00000001
sh601766,中国中车,6.45,-2.86%,0.24%,134000000.00000001,243000000.00000003,109000000.00000001,383000000.0
sz300479,神思电子,19.69,-2.86%,2.94%,36298400.0,79418000.0,43119600.0,115999999.99999999
sz300213,佳讯飞鸿,6.12,-2.86%,2.51%,33678700.0,51994200.0,18315600.0,85672900.00000001
sz002093,国脉科技,7.82,-2.86%,2.08%,55408600.0,110000000.00000001,54736800.0,166000000.0
sz000521,长虹美菱,7.12,-2.86%,1.92%,45198100.00000001,75809800.0,30611700.0,121000000.0
sh600588,用友网络,19.31,-2.87%,0.68%,171000000.0,281000000.0,110000000.00000001,454000000.0
sz300659,中孚信息,19.94,-2.87%,1.34%,14908000.0,26609100.0,11701000.0,41517100.0
sh600337,美克家居,3.04,-2.88%,0.49%,10868000.0,11302400.0,434400.0,22170700.0
sh600159,大龙地产,2.7,-2.88%,1.33%,11928100.0,18157000.0,6229000.0,30085100.000000004
sz002808,ST恒久,6.75,-2.88%,5.73%,27629200.0,46152000.0,18522800.0,73781100.0
sz300661,圣邦股份,86.23,-2.89%,0.74%,144000000.0,143000000.0,891000.0,287000000.0
sz300235,方直科技,11.09,-2.89%,3.60%,36047500.0,45927800.0,9880400.0,81975300.0
sz002829,星网宇达,34.9,-2.89%,3.22%,62715800.0,77723500.0,15007700.0,140000000.0
sz002424,贵州百灵,8.41,-2.89%,3.02%,130000000.0,179000000.0,48861400.0,309000000.0
sz000413,东旭光电,1.68,-2.89%,0.77%,16682300.0,48989200.0,32306900.0,65671500.0
sz301268,铭利达,38.89,-2.90%,0.98%,28515800.0,37194700.0,8678900.0,65710500.0
sz002689,远大智能,4.36,-2.90%,3.06%,53173000.0,87177800.0,34004800.0,140000000.0
sh688206,概伦电子,26.49,-2.90%,2.38%,41439799.99999999,50901000.0,9461300.0,92340800.0
sh688061,灿瑞科技,52.5,-2.90%,5.19%,31610600.0,43590900.0,11980200.0,75201400.0
sh600984,建设机械,4.36,-2.90%,0.83%,16854500.0,29169300.0,12314800.0,46296400.0
sh600836,上海易连,4.68,-2.90%,1.01%,12367400.0,18855300.0,6487800.0,31841900.0
sh600764,中国海防,26.42,-2.90%,0.64%,37946200.0,81858000.0,43911800.0,121000000.0
sz300368,汇金股份,6.36,-2.90%,1.06%,11929100.0,23396200.0,11467100.0,35325300.0
sz002530,金财互联,8.72,-2.90%,2.77%,69300300.0,92873799.99999999,23573500.0,162000000.0
sz002729,好利科技,21.38,-2.91%,4.85%,73236500.0,111000000.00000001,38134600.0,185000000.0
sh600476,湘邮科技,15.69,-2.91%,1.78%,12837200.0,32689500.0,19852200.0,46417900.0
sh688056,莱伯泰科,42.87,-2.92%,2.82%,14253400.0,18060000.0,3806500.0,32322000.0
sh600266,城建发展,4.99,-2.92%,1.04%,44395900.0,73035700.0,28639800.0,117000000.0
sz300448,浩云科技,5.66,-2.92%,1.58%,15336600.0,27884699.999999996,12548100.0,43221200.0
sh605305,中际联合,33.15,-2.93%,1.06%,12589900.0,24813700.0,12223800.000000002,37701900.0
sz300902,国安达,38.1,-2.93%,4.03%,32741000.0,49654300.0,16913300.0,82395300.0
sh688051,佳华科技,33.14,-2.93%,0.50%,4428600.0,7110100.0,2681500.0,11541900.0
sh603887,城地香江,8.61,-2.93%,3.50%,59552400.0,76097600.0,16545200.0,137000000.0
sh600130,波导股份,4.3,-2.93%,2.61%,33572100.0,53920100.0,20348000.0,87492099.99999999
sz300781,因赛集团,22.16,-2.93%,2.21%,16686500.0,23699899.999999996,7013500.0,40390900.0
sz002803,吉宏股份,18.87,-2.93%,4.19%,90454200.0,133000000.0,42953100.00000001,224000000.00000003
sh688539,高华科技,43.24,-2.94%,3.82%,21055800.0,26181800.0,5126100.0,47286100.0
sh600718,东软集团,10.23,-2.94%,1.94%,95648799.99999999,145000000.0,49410900.0,243000000.00000003
sh600528,中铁工业,9.56,-2.94%,0.68%,51899399.99999999,91380800.0,39481400.0,145000000.0
sh600310,广西能源,4.95,-2.94%,8.10%,196000000.0,295000000.0,98736400.0,491000000.0
sz300449,汉邦高科,6.28,-2.94%,2.40%,16345600.0,28877600.000000004,12532000.0,45223200.0
sz002587,奥拓电子,6.93,-2.94%,3.40%,42315100.0,79515400.0,37200300.0,122000000.0
sz002384,东山精密,25.1,-2.94%,1.56%,249000000.00000003,301000000.0,52352900.0,550000000.0
sz301360,荣旗科技,92.83,-2.94%,6.00%,26545800.0,41203300.0,14657500.0,67749200.0
sz301320,豪江智能,21.05,-2.95%,11.13%,43578300.0,58561200.0,14982900.0,102000000.0
sz300818,耐普矿机,26.01,-2.95%,4.62%,28408500.0,46917600.0,18509100.0,75326100.0
sh603867,新化股份,38.12,-2.95%,2.00%,55008100.00000001,85977099.99999999,30969000.0,142000000.0
sh600775,南京熊猫,9.88,-2.95%,0.96%,24322900.0,39468600.0,15145600.0,64796300.0
sz300377,赢时胜,7.56,-2.95%,1.79%,27759400.0,63879100.0,36119700.0,91644599.99999999
sz002611,东方精工,5.6,-2.95%,2.78%,76924400.0,81953300.0,5028900.0,159000000.0
sh603061,金海通,110.67,-2.96%,5.77%,36330900.0,59884000.0,23553000.0,96945400.00000001
sh688001,华兴源创,33.78,-2.96%,0.59%,39124700.0,49588600.0,10463900.000000002,88713200.0
sz300935,盈建科,28.39,-2.97%,1.92%,9532900.0,12454900.0,2922000.0,21987800.000000004
sh688019,安集科技,154.27,-2.97%,1.19%,78162200.0,102000000.0,23438000.0,180000000.0
sh603305,旭升集团,26.75,-2.97%,0.96%,108000000.0,139000000.0,31078400.0,246000000.0
sh600050,中国联通,4.58,-2.97%,0.57%,241000000.0,582000000.0,341000000.0,822000000.0000001
sz300242,佳云科技,3.27,-2.97%,1.61%,13118200.0,20263200.0,7145000.0,33381400.0
sz002903,宇环数控,22.52,-2.97%,4.17%,24947700.0,69713300.0,44765600.00000001,94660900.0
sh688192,迪哲医药,31.88,-2.98%,3.01%,13637200.0,23893900.0,10256700.0,37531100.0
sh688362,甬矽电子,30.98,-2.98%,4.75%,30153100.0,42494100.0,12341000.0,72647200.0
sh603011,合锻智能,7.16,-2.98%,2.20%,27315800.0,51185800.0,23870000.0,78501600.0
sz300545,联得装备,25.41,-2.98%,3.39%,37527100.0,60305100.0,22778000.0,97832300.0
sz002146,荣盛发展,1.63,-2.98%,4.43%,107000000.0,174000000.0,67251300.0,281000000.0
sh601061,中信金属,8.77,-2.99%,4.88%,59888100.00000001,152000000.0,91903799.99999999,212000000.0
sh603686,福龙马,10.72,-2.99%,4.32%,90465400.00000001,104000000.0,13919800.0,195000000.0
sh601326,秦港股份,3.25,-2.99%,0.65%,32168400.0,69283400.0,37115000.0,101000000.0
sh688255,凯尔达,30.22,-2.99%,1.02%,9984000.0,11522400.0,1538400.0,21506400.0
sz300427,*ST红相,8.11,-2.99%,2.79%,24926500.0,48521899.99999999,23595400.0,73448500.0
sz300096,易联众,5.85,-2.99%,2.22%,15456300.000000002,33994300.0,18537900.0,49450600.00000001
sz002642,荣联科技,6.48,-2.99%,2.24%,27781500.0,61052100.0,33270600.0,88833700.00000001
sz002581,未名医药,18.47,-2.99%,1.61%,51901500.0,68045900.0,16144400.0,120000000.0
sh688213,思特威,52.12,-3.00%,3.76%,38082400.0,40491100.0,2408700.0,78573500.0
sz301195,北路智控,43.92,-3.00%,2.56%,11414700.0,25069500.0,13654800.0,36484200.0
sz300070,碧水源,5.18,-3.00%,0.71%,44006200.0,78869700.0,34863500.0,123000000.0
sz300672,国科微,83.21,-3.00%,2.37%,180000000.0,242000000.0,62365500.0,422000000.0
sz300536,农尚环境,14.22,-3.00%,1.27%,20435600.0,33345200.0,12909600.0,53780800.0
sh688443,智翔金泰,31.24,-3.01%,3.48%,33751300.0,57808000.0,24056700.0,91559200.0
sz301377,鼎泰高科,22.88,-3.01%,10.92%,56016899.99999999,70389400.0,14372500.0,126000000.0
sh603990,麦迪科技,17.4,-3.01%,3.34%,73502600.0,90317200.0,16814600.0,164000000.0
sh600509,天富能源,7.41,-3.01%,3.13%,96532000.0,172000000.0,75420700.0,268000000.00000003
sh600288,大恒科技,11.59,-3.01%,1.30%,17311500.0,49550600.00000001,32239100.0,66862100.0
sz300011,鼎汉技术,7.42,-3.01%,2.27%,32580100.000000004,53281200.0,20701200.0,85861299.99999999
sz002888,惠威科技,14.18,-3.01%,3.00%,13152100.0,19234400.0,6082300.0,32386400.0
sh688147,微导纳米,51.38,-3.02%,3.27%,28332800.000000004,38509600.0,10176800.0,66842400.0
sh688439,振华风光,105.03,-3.02%,2.15%,34310000.0,67552800.0,33242800.000000004,102000000.0
sh600303,ST曙光,4.82,-3.02%,1.78%,18964600.0,39799400.0,20834800.0,58764000.0
sz300445,康斯特,17.27,-3.03%,6.01%,68320700.0,75445200.0,7124500.0,144000000.0
sh600826,兰生股份,11.53,-3.03%,2.28%,53270700.0,57427400.0,4156800.0,111000000.00000001
sz300055,万邦达,7.34,-3.04%,0.82%,13268200.0,24486300.0,11218100.0,37754500.0
sz002148,北纬科技,5.75,-3.04%,2.10%,17390800.0,37840900.0,20450100.0,55231600.0
sz000014,沙河股份,11.15,-3.04%,5.17%,57389799.99999999,81827700.0,24437900.0,139000000.0
sh605099,共创草坪,24.19,-3.05%,6.51%,27487000.0,35696200.0,8209200.0,63183100.00000001
sh603267,鸿远电子,62.52,-3.05%,1.89%,114999999.99999999,162000000.0,46974300.0,277000000.0
sh600617,国新能源,4.45,-3.05%,1.91%,30871400.0,52568200.0,21696800.0,83439700.0
sz000928,中钢国际,9.51,-3.06%,4.79%,254000000.0,343000000.0,89685500.0,597000000.0
sh688601,力芯微,46.53,-3.06%,1.22%,19799700.0,21081500.0,1281800.0,41113900.0
sh688004,博汇科技,32.92,-3.06%,2.94%,21504899.999999996,24383800.0,2878900.0,45888700.0
sh605162,新中港,10.46,-3.06%,17.45%,74319000.0,112000000.00000001,37379400.0,186000000.0
sz002757,南兴股份,14.26,-3.06%,2.83%,44198300.0,69886500.0,25688100.0,113999999.99999999
sz002354,天娱数科,6.33,-3.06%,4.85%,204000000.0,305000000.0,100000000.0,509000000.0
sh688432,有研硅,15.15,-3.07%,3.68%,27959200.0,54873100.00000001,26913900.0,82832300.0
sh603881,数据港,21.75,-3.07%,1.51%,49427900.0,103000000.0,53909500.0,153000000.0
sh600326,西藏天路,6.32,-3.07%,2.56%,64210900.0,85938500.0,21727600.000000004,150000000.0
sz300767,震安科技,24.31,-3.07%,3.67%,72401200.0,115999999.99999999,43997200.0,189000000.0
sz002558,巨人网络,15.46,-3.07%,2.13%,304000000.0,364000000.0,59928000.0,668000000.0
sz002371,北方华创,284.76,-3.07%,1.17%,692000000.0,1075000000.0,383000000.0,1768000000.0
sz301085,亚康股份,64.15,-3.08%,7.28%,77538700.0,73166300.0,4372400.0,151000000.0
sz300841,康华生物,59.16,-3.08%,1.84%,41238100.00000001,88709599.99999999,47471500.0,130000000.0
sz300857,协创数据,25.46,-3.08%,2.34%,33114000.0,52375300.0,19261300.0,85489400.0
sh601636,旗滨集团,8.18,-3.08%,1.35%,103000000.0,196000000.0,93338799.99999999,299000000.0
sh688058,宝兰德,51.28,-3.08%,1.03%,11569500.0,18389200.0,6819700.0,29958700.0
sz300383,光环新网,10.07,-3.08%,1.21%,74831900.0,146000000.0,71391700.0,221000000.0
sz002131,利欧股份,2.2,-3.08%,2.35%,87132000.0,218000000.00000003,131000000.0,305000000.0
sz001338,永顺泰,17.9,-3.09%,7.09%,55690100.0,106000000.0,50263200.0,162000000.0
sz002351,漫步者,18.5,-3.09%,5.04%,206999999.99999997,259000000.0,51688000.0,465000000.00000006
sz301110,青木股份,49.52,-3.09%,6.28%,30544100.0,42287100.0,11743000.0,72831100.0
sh601111,中国国航,8.48,-3.09%,0.80%,229000000.0,451999999.99999994,223000000.0,681000000.0
sz300516,久之洋,32.9,-3.09%,1.66%,42320900.0,56956400.0,14635500.0,99277200.0
sz300054,鼎龙股份,22.88,-3.09%,0.88%,55970800.0,92025700.0,36054900.0,148000000.0
sz000045,深纺织A,10.66,-3.09%,1.32%,21741900.0,43407500.0,21665600.0,65149300.0
sh688158,优刻得,17.18,-3.10%,3.74%,90685600.0,141000000.0,50700400.0,231999999.99999997
sh600970,中材国际,12.49,-3.10%,0.86%,76814900.0,111000000.00000001,34478400.0,188000000.0
sz002373,千方科技,13.43,-3.10%,2.02%,172000000.0,209000000.0,36906700.0,382000000.0
sz000909,ST数源,5.94,-3.10%,2.13%,13433400.0,36085900.0,22652500.0,49519300.0
sz002548,金新农,7.48,-3.11%,3.20%,63077000.0,97614100.0,34537100.0,161000000.0
sz001268,联合精密,22.46,-3.11%,3.56%,12315900.0,16191500.0,3875600.0,28507399.999999996
sh600743,华远地产,1.56,-3.11%,1.20%,15256300.000000002,29105900.0,13849500.0,44362200.0
sh600963,岳阳林纸,6.86,-3.11%,1.41%,60372800.0,113999999.99999999,53912299.99999999,175000000.0
sh600756,浪潮软件,15.6,-3.11%,2.03%,36306700.0,67902000.0,31595300.000000004,104000000.0
sh688503,聚和材料,94.02,-3.12%,4.19%,51502200.0,94525400.00000001,43023200.0,146000000.0
sz002217,合力泰,3.41,-3.12%,2.15%,76435100.0,156000000.0,79559400.0,231999999.99999997
sh688022,瀚川智能,31.41,-3.12%,1.05%,24462500.0,26595400.0,2132900.0,51057800.0
sz300260,新莱应材,33.82,-3.12%,1.91%,87675300.0,91944400.0,4269100.0,180000000.0
sz300168,万达信息,10.24,-3.12%,2.19%,125000000.0,145000000.0,20151000.0,270000000.0
sz000609,中迪投资,4.66,-3.12%,3.23%,17739300.0,26871000.0,9131700.0,44610400.0
sz000589,贵州轮胎,6.5,-3.13%,11.82%,430999999.99999994,441000000.0,10130300.0,873000000.0
sz301399,英特科技,56.38,-3.13%,15.68%,79762400.0,109000000.00000001,28757800.000000004,188000000.0
sz301315,威士顿,47.71,-3.13%,21.09%,89079400.0,126000000.0,37101100.0,215000000.0
sz002882,金龙羽,15.76,-3.13%,6.18%,101000000.0,141000000.0,40256100.0,242000000.0
sh688261,东微半导,135.29,-3.13%,2.22%,93505900.0,84831500.0,8674400.0,178000000.0
sz301045,天禄科技,28.43,-3.13%,6.86%,51197100.0,51716000.0,518900.0,103000000.0
sz300306,远方信息,11.44,-3.13%,3.01%,18855300.0,33952800.0,15097500.0,52808000.0
sz002302,西部建设,7.12,-3.13%,0.92%,28892600.000000004,54148700.0,25256100.0,83041299.99999999
sh688575,亚辉龙,19.13,-3.14%,1.71%,23945000.0,62155600.00000001,38210500.0,86100600.0
sh688369,致远互联,51.28,-3.14%,1.01%,30092600.000000004,30373500.0,280900.0,60466000.0
sh600565,迪马股份,1.54,-3.14%,1.32%,17869400.0,33228800.0,15359400.0,51098200.0
sz002813,路畅科技,39.8,-3.14%,8.96%,187000000.0,242000000.0,54697000.0,429000000.0
sz000534,万泽股份,13.58,-3.14%,1.91%,49483200.0,79997800.0,30514600.0,129000000.0
sh688182,灿勤科技,23.09,-3.15%,1.69%,15119600.0,22814500.0,7694800.0,37934000.0
sh688052,纳芯微,169.5,-3.15%,1.12%,77808400.0,71175100.0,6633300.0,149000000.0
sh603678,火炬电子,32.59,-3.15%,1.08%,64273200.0,99624900.0,35351700.0,164000000.0
sh688260,昀冢科技,18.06,-3.16%,2.75%,15286800.0,18876500.0,3589700.0000000005,34177600.0
sh688165,埃夫特,11.02,-3.16%,2.42%,36575200.0,52040900.0,15465700.0,88616200.00000001
sh600778,友好集团,7.66,-3.16%,4.63%,52971100.0,57036500.0,4065400.0,110000000.00000001
sz300660,江苏雷利,31.9,-3.16%,4.56%,227000000.0,243000000.00000003,15631800.0,469000000.00000006
sz300612,宣亚国际,21.46,-3.16%,6.64%,91525000.0,140000000.0,48781600.0,231999999.99999997
sz300603,立昂技术,11.33,-3.16%,3.71%,42967700.00000001,64184700.0,21217000.0,107000000.0
sz002194,武汉凡谷,10.1,-3.16%,2.94%,50298700.0,102000000.0,52063900.0,153000000.0
sz001979,招商蛇口,11.95,-3.16%,0.68%,250999999.99999997,380000000.0,129000000.0,632000000.0
sz301306,西测测试,40.05,-3.17%,5.13%,19021600.0,25008100.0,5986500.0,44029600.0
sz003043,华亚智能,52.29,-3.17%,4.67%,19523600.0,51050000.0,31526400.0,70573600.0
sz300188,美亚柏科,18.03,-3.17%,2.24%,130000000.0,168000000.0,37571800.0,298000000.0
sz001229,魅视科技,31.63,-3.18%,4.36%,12944800.0,21881500.0,8936600.0,34826300.0
sz300369,绿盟科技,11.89,-3.18%,2.23%,84646800.0,112999999.99999999,28206500.0,198000000.0
sh688448,磁谷科技,31.26,-3.19%,2.60%,6276200.0,7641700.0,1365500.0,13926000.0
sz301178,天亿马,30.05,-3.19%,1.89%,10395300.0,14718599.999999998,4323300.0,25113900.0
sz301267,华厦眼科,37.88,-3.19%,4.84%,60648400.0,106000000.0,45848300.0,167000000.0
sh688677,海泰新光,54.35,-3.19%,2.85%,36935600.0,80897200.0,43961700.0,118000000.0
sz002862,实丰文化,17.62,-3.19%,1.78%,10350000.0,18194100.0,7844100.0,28544200.0
sz002279,久其软件,6.07,-3.19%,2.82%,42424799.99999999,94125800.0,51701000.0,137000000.0
sz300379,东方通,19.37,-3.20%,1.74%,67280800.0,80225900.0,12945100.0,148000000.0
sz000976,ST华铁,2.11,-3.21%,1.15%,13244500.0,25952199.999999996,12707800.0,39196800.0
sz300177,中海达,7.53,-3.21%,9.76%,185000000.0,265000000.0,79634900.0,450000000.0
sh603927,中科软,35.0,-3.21%,0.81%,71319100.0,97534000.0,26214899.999999996,170000000.0
sz000409,云鼎科技,9.66,-3.21%,3.74%,64982900.0,90123600.0,25140700.0,155000000.0
sh688387,信科移动,8.41,-3.22%,5.25%,61885600.00000001,153000000.0,90768900.0,215000000.0
sz300812,易天股份,22.55,-3.22%,6.53%,49761200.0,68443000.0,18681800.0,118000000.0
sz301366,一博科技,39.35,-3.22%,11.53%,76000400.0,84317600.0,8317100.0,160000000.0
sz002889,东方嘉盛,19.55,-3.22%,2.15%,21078500.0,32351500.0,11273000.0,53430000.0
sz002886,沃特股份,18.94,-3.22%,3.43%,53120200.00000001,59835000.0,6714800.0,112999999.99999999
sz300231,银信科技,8.4,-3.23%,2.28%,21501700.0,44964300.0,23462600.000000004,66466000.0
sz300399,天利科技,12.24,-3.24%,1.48%,14047600.0,21759500.0,7711900.000000001,35807100.0
sz300276,三丰智能,3.88,-3.24%,1.98%,27161500.0,49049500.0,21888000.0,76211000.0
sz300017,网宿科技,6.57,-3.24%,2.57%,146000000.0,243000000.00000003,97140600.0,388000000.0
sz002555,三七互娱,28.93,-3.24%,2.77%,611000000.0,722000000.0,111000000.00000001,1332000000.0
sz002199,东晶电子,9.26,-3.24%,17.65%,170000000.0,238000000.0,68823000.0,408000000.0
sz000159,国际实业,6.56,-3.24%,2.78%,31671800.0,56818600.0,25146800.0,88490400.00000001
sz000925,众合科技,8.03,-3.25%,2.44%,40572400.0,68217000.0,27644600.0,109000000.00000001
sz301368,丰立智能,53.57,-3.25%,20.41%,153000000.0,167000000.0,14156199.999999998,320000000.0
sh688083,中望软件,152.6,-3.25%,0.78%,34055500.0,48600400.0,14544900.0,82686299.99999999
sh603801,志邦家居,21.15,-3.25%,1.04%,35013100.0,60292000.0,25279000.0,96031400.0
sh600892,大晟文化,5.96,-3.25%,2.87%,32323100.0,65138300.0,32815300.000000004,97461400.0
sh600728,佳都科技,6.25,-3.25%,2.50%,89410300.0,185000000.0,95620700.0,274000000.0
sz300706,阿石创,26.19,-3.25%,5.84%,82666100.0,89471900.0,6805800.0,172000000.0
sz300541,先进数通,12.5,-3.25%,4.10%,45146200.0,87649400.0,42503200.0,133000000.0
sz300348,长亮科技,9.83,-3.25%,2.03%,44807500.0,80179900.0,35372400.0,125000000.0
sz300139,晓程科技,9.22,-3.25%,3.52%,28126600.0,48994500.0,20867900.0,77137900.0
sh688249,晶合集成,19.87,-3.26%,5.26%,139000000.0,229000000.0,90225300.0,368000000.0
sh688118,普元信息,29.05,-3.26%,2.44%,33400600.0,35680500.0,2279900.0,69081100.0
sh601801,皖新传媒,8.31,-3.26%,1.12%,90138100.0,97479300.0,7341200.0,188000000.0
sh688073,毕得医药,76.83,-3.27%,8.15%,61678100.00000001,61761500.0,83400.0,124000000.0
sz300993,玉马遮阳,10.93,-3.27%,4.08%,18462400.0,26505800.0,8043300.0,44968200.0
sh688161,威高骨科,40.5,-3.27%,1.47%,12041800.0,34226400.0,22184600.0,46268200.0
sh601689,拓普集团,74.25,-3.27%,1.01%,432000000.0,411000000.00000006,20928900.0,843000000.0
sz300253,卫宁健康,7.09,-3.27%,3.96%,186000000.0,340000000.0,154000000.0,526000000.0
sh603196,日播时尚,20.35,-3.28%,2.10%,42301700.0,59664900.0,17363300.0,102000000.0
sz000151,中成股份,12.37,-3.28%,3.93%,41079700.0,89907900.00000001,48828200.0,131000000.0
sz003005,竞业达,28.2,-3.29%,6.10%,37306400.0,51677299.99999999,14370800.0,88983600.0
sh600237,铜峰电子,7.93,-3.29%,3.85%,61013400.0,113999999.99999999,53001000.0,175000000.0
sh601186,中国铁建,9.99,-3.29%,0.67%,278000000.0,505999999.99999994,227999999.99999997,784000000.0
sh600897,厦门空港,19.72,-3.29%,0.94%,23552100.0,32186600.0,8634500.0,55738700.0
sh600363,联创光电,34.74,-3.29%,1.53%,91530200.0,151000000.0,59908400.0,243000000.00000003
sz300133,华策影视,6.77,-3.29%,2.03%,83109000.0,145000000.0,61504500.0,227999999.99999997
sz002222,福晶科技,28.23,-3.29%,6.91%,327000000.0,513999999.99999994,187000000.0,841000000.0
sz000416,*ST民控,2.06,-3.29%,1.98%,6222700.0,15748200.0,9525500.0,21970900.0
sh688183,生益电子,11.42,-3.30%,1.29%,14899000.0,31330800.0,16431800.0,46229700.0
sh603650,彤程新材,30.79,-3.30%,0.80%,45697100.0,103000000.0,56813700.0,148000000.0
sz002015,协鑫能科,13.17,-3.30%,2.15%,163000000.0,301000000.0,138000000.0,463999999.99999994
sz000663,永安林业,10.81,-3.31%,4.62%,66597900.0,89631800.0,23034000.0,156000000.0
sh688235,百济神州,116.27,-3.31%,3.24%,224000000.00000003,193000000.0,30658800.0,417000000.0
sz300212,易华录,29.78,-3.31%,3.04%,261000000.0,330000000.0,69144700.0,591000000.0
sh688112,鼎阳科技,49.31,-3.31%,3.03%,31667100.0,35111000.0,3443800.0,66778100.00000001
sh603869,新智认知,10.82,-3.31%,2.13%,43088700.0,75234100.0,32145400.0,118000000.0
sh603228,景旺电子,23.98,-3.31%,1.41%,109000000.00000001,180000000.0,70409200.0,289000000.0
sz300782,卓胜微,111.78,-3.31%,1.38%,314000000.0,346000000.0,31751500.0,660000000.0
sh603017,中衡设计,10.77,-3.32%,1.75%,17966400.0,34554600.0,16588200.0,52521100.0
sh603822,嘉澳环保,32.24,-3.33%,1.06%,11724300.0,14812100.0,3087799.9999999995,26536400.0
sh603559,ST通脉,6.68,-3.33%,3.06%,8751100.0,20973000.0,12221900.0,29724100.0
sh688628,优利德,45.78,-3.34%,1.67%,13127800.0,21768400.0,8640600.0,34896200.0
sh600658,电子城,5.5,-3.34%,1.93%,42092700.00000001,77359600.0,35266900.0,119000000.0
sz300560,中富通,16.81,-3.34%,3.38%,44026000.0,55040600.00000001,11014600.0,99066600.0
sz300159,ST新研,2.89,-3.34%,1.24%,15929900.0,38414200.0,22484300.0,54344100.0
sz300074,华平股份,4.05,-3.34%,2.03%,13982200.0,30171200.0,16189000.0,44153500.0
sz002649,博彦科技,13.3,-3.34%,3.27%,77913600.0,151000000.0,73424200.0,229000000.0
sz002446,盛路通信,9.26,-3.34%,6.56%,189000000.0,331000000.0,143000000.0,520000000.0
sz301333,诺思格,46.39,-3.35%,2.76%,12740700.0,18396500.0,5655800.0,31137199.999999996
sz300684,中石科技,19.9,-3.35%,4.62%,65011300.0,104000000.0,39021100.0,169000000.0
sz300674,宇信科技,16.45,-3.35%,2.13%,88429500.0,161000000.0,72447300.0,249000000.00000003
sz301135,瑞德智能,26.49,-3.36%,3.46%,23205600.0,22873300.0,332400.0,46078900.0
sz301213,观想科技,40.88,-3.36%,4.55%,22093800.0,32139300.0,10045500.0,54233000.0
sh603738,泰晶科技,16.95,-3.36%,3.60%,90091700.0,148000000.0,58382700.00000001,239000000.0
sz300299,富春股份,6.9,-3.36%,5.29%,97317099.99999999,142000000.0,44298400.0,239000000.0
sz002211,宏达新材,3.73,-3.37%,4.50%,23285200.0,49747800.0,26462600.000000004,73033000.0
sh688070,纵横股份,44.4,-3.37%,1.11%,9876700.0,9123700.0,753000.0,19000400.0
sz300597,吉大通信,8.9,-3.37%,2.76%,21944699.999999996,41247900.0,19303200.0,63198100.00000001
sz300454,深信服,106.1,-3.37%,0.70%,88228200.0,119000000.0,31240000.0,208000000.0
sz002439,启明星辰,27.24,-3.37%,0.87%,64293300.0,108000000.0,44140700.0,173000000.0
sz002104,恒宝股份,8.32,-3.37%,3.76%,67638700.0,119000000.0,51462000.0,187000000.0
sz300209,ST有棵树,2.86,-3.38%,1.40%,4118200.0,11704500.0,7586400.0,15822700.0
sz002283,天润工业,6.86,-3.38%,5.33%,156000000.0,214000000.0,58137800.0,370000000.0
sh688020,方邦股份,47.61,-3.39%,0.71%,11123900.000000002,16449200.0,5325200.0,27573100.0
sh600353,旭光电子,8.56,-3.39%,2.08%,60161700.0,85342500.0,25180800.0,146000000.0
sh688176,亚虹医药,11.64,-3.40%,1.66%,17472500.0,37227500.0,19755000.0,54700100.0
sh688698,伟创电气,34.71,-3.40%,5.27%,32590100.000000004,52316899.99999999,19726800.0,84906900.0
sz300293,蓝英装备,11.07,-3.40%,2.40%,31989699.999999996,43442100.0,11452400.0,75431700.0
sz300079,数码视讯,5.69,-3.40%,2.36%,51991100.0,120000000.0,68344500.0,172000000.0
sz002796,世嘉科技,11.37,-3.40%,5.28%,60148600.0,80963900.0,20815300.000000004,141000000.0
sz300638,广和通,22.94,-3.41%,3.75%,202999999.99999997,227000000.0,23840900.0,430999999.99999994
sz002892,科力尔,14.42,-3.42%,21.12%,393000000.0,471000000.0,77973300.0,864000000.0
sh601519,大智慧,6.77,-3.42%,1.98%,92549300.0,180000000.0,87700700.0,273000000.0
sz300184,力源信息,5.08,-3.42%,4.74%,86232700.0,170000000.0,83313700.00000001,256000000.0
sz301188,力诺特玻,15.22,-3.43%,2.01%,13617100.0,32882100.0,19265000.0,46499200.0
sh688173,希荻微,21.71,-3.43%,0.83%,14195500.0,16654500.0,2459000.0,30850000.0
sh688557,兰剑智能,36.06,-3.43%,3.47%,28623300.0,27487600.000000004,1135600.0,56110900.0
sh603508,思维列控,16.62,-3.43%,0.81%,20982100.0,31428800.0,10446700.0,52410900.0
sz300278,华昌达,4.22,-3.43%,3.64%,80283300.0,121000000.0,40229100.0,200999999.99999997
sh603189,网达软件,13.74,-3.44%,2.71%,32391100.0,69333500.0,36942400.0,102000000.0
sz301066,万事利,15.99,-3.44%,5.41%,25308700.0,37804600.0,12495900.0,63113300.0
sh688279,峰岹科技,119.88,-3.45%,1.78%,53704399.99999999,65513800.0,11809400.0,119000000.0
sh688027,国盾量子,148.11,-3.45%,1.03%,43270200.00000001,79890500.0,36620300.0,123000000.0
sh600726,华电能源,2.52,-3.45%,3.50%,52106400.0,119000000.0,67332900.0,172000000.0
sz300166,东方国信,9.51,-3.45%,5.09%,194000000.0,256000000.0,62247700.00000001,450000000.0
sh688375,国博电子,79.57,-3.46%,2.29%,21777300.0,37483700.0,15706400.000000002,59261000.0
sh603912,佳力图,9.49,-3.46%,2.39%,32079899.999999996,65388600.0,33308700.0,97468500.0
sh601231,环旭电子,15.05,-3.46%,0.48%,79226100.0,79609100.0,383000.0,159000000.0
sz002824,和胜股份,21.23,-3.46%,2.50%,38461500.0,63418300.0,24956800.0,102000000.0
sh688662,富信科技,48.47,-3.47%,8.30%,99609500.0,121000000.0,21640400.0,221000000.0
sz300353,东土科技,11.96,-3.47%,2.13%,43763400.0,69937100.0,26173700.0,113999999.99999999
sz300220,ST金运,6.67,-3.47%,1.55%,5542300.0,10231700.0,4689500.0,15774000.0
sh688197,首药控股,50.0,-3.47%,1.07%,5877400.0,21606100.0,15728699.999999998,27483600.0
sh600748,上实发展,3.88,-3.48%,2.10%,58257500.0,94188700.00000001,35931300.0,152000000.0
sz300508,维宏股份,32.94,-3.49%,3.83%,30447800.000000004,41692299.99999999,11244500.0,72140100.0
sz300465,高伟达,9.4,-3.49%,2.80%,43824600.0,75610100.0,31785500.0,119000000.0
sz300020,银江技术,8.86,-3.49%,2.25%,46245700.0,81153400.0,34907700.0,127000000.0
sz002369,卓翼科技,5.25,-3.49%,1.92%,19728900.0,38345300.0,18616400.0,58074100.0
sh600872,中炬高新,35.88,-3.50%,1.42%,177000000.0,227000000.0,50062299.99999999,404000000.0
sz301252,同星科技,48.44,-3.51%,20.67%,93453500.0,111000000.00000001,18021400.0,204999999.99999997
sh603859,能科科技,47.07,-3.51%,1.47%,41500600.00000001,74242700.0,32742000.0,115999999.99999999
sz002636,金安国纪,9.91,-3.51%,2.83%,88815300.0,117000000.0,28016800.0,206000000.0
sz001314,亿道信息,39.8,-3.52%,6.30%,36945200.0,52420500.0,15475400.0,89365600.0
sz300236,上海新阳,37.77,-3.52%,1.28%,54232900.0,82723200.0,28490300.000000004,137000000.0
sz300221,银禧科技,6.03,-3.52%,4.95%,63631100.0,71837400.0,8206300.0,135000000.0
sz301128,强瑞技术,33.62,-3.53%,3.99%,15693000.0,21336500.0,5643500.0,37029400.0
sz300291,百纳千成,6.55,-3.53%,2.05%,43491300.0,68947100.0,25455800.0,112000000.00000001
sh603042,华脉科技,17.17,-3.54%,12.60%,154000000.0,199000000.0,45625300.0,353000000.0
sz002747,埃斯顿,25.0,-3.55%,1.87%,157000000.0,216000000.0,59021600.0,374000000.0
sh600665,天地源,3.8,-3.55%,1.76%,21896800.0,36358400.0,14461600.0,58255200.00000001
sz300608,思特奇,8.96,-3.55%,3.00%,30236800.0,43703700.0,13466800.0,73965900.0
sz300556,丝路视觉,22.01,-3.55%,4.53%,43191899.99999999,59698600.0,16506600.0,103000000.0
sz300324,旋极信息,2.99,-3.55%,2.80%,50123200.0,94892600.0,44769399.99999999,145000000.0
sz300031,宝通科技,22.3,-3.55%,6.39%,245000000.00000003,252000000.0,7463400.0,497000000.0
sh688356,键凯科技,105.22,-3.56%,0.96%,11903100.0,25336200.0,13433100.0,37239300.0
sz002599,盛通股份,7.86,-3.56%,5.00%,69900300.0,87702400.0,17802100.0,158000000.0
sz002585,双星新材,11.91,-3.56%,4.96%,223000000.0,304000000.0,81338700.0,526999999.99999994
sz002656,ST摩登,2.16,-3.57%,1.14%,6061200.0,9044900.0,2983700.0,15106199.999999998
sh605136,丽人丽妆,11.07,-3.57%,3.57%,26073600.0,52357299.99999999,26283600.0,78430900.0
sz301022,海泰科,28.62,-3.57%,14.63%,75724800.0,106000000.0,30331900.0,182000000.0
sh600446,金证股份,12.41,-3.57%,3.01%,152000000.0,204000000.0,51823400.0,357000000.0
sz300258,精锻科技,13.77,-3.57%,3.66%,106000000.0,133000000.0,26961000.0,239000000.0
sz301316,慧博云通,21.0,-3.58%,7.62%,22526500.0,37010900.0,14484400.0,59537400.0
sz300788,中信出版,30.17,-3.58%,2.25%,59824500.0,70661200.0,10836700.0,130000000.0
sh688389,普门科技,22.38,-3.58%,0.46%,16683200.0,27710800.0,11027600.0,44394000.0
sz301169,零点有数,42.98,-3.59%,4.07%,21459899.999999996,28218100.0,6758200.000000001,49678100.00000001
sh601390,中国中铁,7.51,-3.59%,0.65%,347000000.0,656000000.0,310000000.0,1002999999.9999999
sz002912,中新赛克,43.77,-3.59%,3.69%,119000000.0,149000000.0,30440300.000000004,268000000.00000003
sh603660,苏州科达,6.42,-3.60%,2.01%,23187100.0,41417400.0,18230300.0,64604399.99999999
sz300496,中科创达,101.3,-3.60%,2.90%,478000000.0,617000000.0,139000000.0,1096000000.0
sz300049,福瑞股份,21.95,-3.60%,1.59%,33128900.0,48434600.0,15305800.0,81565700.0
sz002517,恺英网络,14.74,-3.60%,2.51%,307000000.0,413999999.99999994,107000000.0,721000000.0
sz000756,新华制药,20.59,-3.60%,2.96%,91463000.0,182000000.0,90133400.0,273000000.0
sz301396,宏景科技,30.93,-3.61%,5.59%,20739300.0,27507700.0,6768400.0,48246899.99999999
sh688287,观典防务,13.6,-3.61%,1.08%,12016500.0,34141200.0,22124699.999999996,46157600.0
sh688218,江苏北人,19.22,-3.61%,3.08%,31176000.0,39987500.0,8811500.0,71163700.0
sz300655,晶瑞电材,11.44,-3.62%,2.69%,113999999.99999999,181000000.0,67175000.0,296000000.0
sh688080,映翰通,42.45,-3.63%,1.59%,16492900.0,23514400.0,7021500.0,40007300.0
sh600640,国脉文化,11.41,-3.63%,1.30%,40409300.0,80029100.0,39619800.0,120000000.0
sz300134,大富科技,9.55,-3.63%,1.28%,38008900.0,50680900.0,12672000.0,88689700.0
sh600877,电科芯片,14.28,-3.64%,1.16%,48214600.0,107000000.0,58739600.0,155000000.0
sh688227,品高股份,21.69,-3.64%,2.40%,9528400.0,23262300.0,13733800.000000002,32790700.0
sh688636,智明达,50.42,-3.65%,3.70%,34849100.0,50039300.0,15190200.0,84888400.0
sh688232,新点软件,48.11,-3.65%,3.18%,76912200.0,73093100.0,3819100.0000000005,150000000.0
sh688590,新致软件,20.6,-3.65%,4.39%,69217700.0,80432600.0,11214900.0,150000000.0
sz300418,昆仑万维,37.26,-3.65%,5.20%,1052999999.9999999,1083000000.0,30204000.0,2136000000.0
sz002544,普天科技,21.91,-3.65%,0.86%,49593900.0,78960800.0,29366900.0,129000000.0
sz002232,启明信息,16.9,-3.65%,5.31%,152000000.0,223000000.0,71094500.0,375000000.0
sh688205,德科立,63.71,-3.66%,8.79%,54940900.0,77182100.0,22241200.0,132000000.0
sh603015,弘讯科技,9.73,-3.66%,3.97%,64281700.0,93736000.0,29454300.0,158000000.0
sh688588,凌志软件,13.42,-3.66%,2.14%,35081100.0,49915700.0,14834600.0,84996800.0
sz300770,新媒股份,42.61,-3.66%,1.72%,68792200.0,104000000.0,35049000.0,173000000.0
sz300738,奥飞数据,9.21,-3.66%,2.10%,66588200.0,95154300.0,28566100.0,162000000.0
sz002433,*ST太安,2.1,-3.67%,2.95%,16046199.999999998,30796100.0,14749900.0,46842400.0
sh688132,邦彦技术,26.54,-3.67%,3.80%,13273300.0,22486700.0,9213400.0,35760000.0
sh603118,共进股份,12.86,-3.67%,4.20%,208000000.0,224000000.00000003,16182700.0,432000000.0
sh601949,中国出版,10.5,-3.67%,1.86%,163000000.0,197000000.0,34052100.0,360000000.0
sh688041,海光信息,74.94,-3.68%,8.02%,586000000.0,713000000.0,127000000.0,1298000000.0
sz300248,新开普,9.43,-3.68%,2.62%,38927500.0,61726400.0,22798900.0,101000000.0
sh603138,海量数据,18.86,-3.68%,2.70%,50974300.0,94154800.0,43180500.0,145000000.0
sz002180,纳思达,34.82,-3.68%,0.49%,82562099.99999999,138000000.0,55504900.0,221000000.0
sz002806,华锋股份,13.58,-3.69%,11.68%,99507300.0,140000000.0,40258100.0,239000000.0
sz002579,中京电子,9.4,-3.69%,3.57%,68920200.0,129000000.0,60047299.99999999,198000000.0
sz000897,津滨发展,2.09,-3.69%,8.40%,140000000.0,142000000.0,2067300.0,282000000.0
sz300923,研奥股份,26.0,-3.70%,20.69%,71933500.0,98146600.0,26213200.0,170000000.0
sz300675,建科院,15.35,-3.70%,3.61%,26189200.0,55695600.00000001,29506400.0,81884700.0
sz002116,中国海诚,12.48,-3.70%,3.09%,55643700.0,107000000.0,51199799.99999999,162000000.0
sh688246,嘉和美康,35.58,-3.71%,0.60%,6284600.0,15285000.0,9000400.0,21572600.000000004
sz300252,金信诺,10.11,-3.71%,3.57%,68143900.0,93454800.0,25310900.0,162000000.0
sz300532,今天国际,19.74,-3.71%,7.18%,102000000.0,168000000.0,65667900.0,270000000.0
sz001368,通达创智,24.08,-3.72%,10.56%,28998600.0,43551400.0,14552800.0,72550000.0
sh600289,ST信通,2.33,-3.72%,0.64%,2247800.0,6326700.0,4078900.0,8574500.0
sz300766,每日互动,15.55,-3.72%,3.25%,78791800.0,108000000.0,28977399.999999996,187000000.0
sz300058,蓝色光标,8.79,-3.72%,6.56%,567000000.0,792000000.0,225000000.0,1358000000.0
sz002045,国光电器,14.25,-3.72%,2.93%,68930100.0,129000000.0,59758300.0,198000000.0
sz000711,*ST京蓝,2.07,-3.72%,2.63%,21286200.0,33044600.0,11758300.0,54330800.0
sh601890,亚星锚链,10.84,-3.73%,3.11%,125000000.0,200000000.0,74799500.0,327000000.0
sh688072,拓荆科技,330.1,-3.73%,5.82%,683000000.0,624000000.0,59281200.0,1308000000.0
sz301233,盛帮股份,43.8,-3.74%,11.48%,34444600.0,60005000.0,25560500.0,94449700.0
sz300903,科翔股份,11.33,-3.74%,6.43%,76892500.0,127000000.0,49954000.0,204000000.0
sz000586,汇源通信,13.65,-3.74%,2.59%,34327300.0,35087000.0,759700.0,69440200.0
sh688153,唯捷创芯,68.52,-3.75%,1.34%,37063900.0,46112299.99999999,9048400.0,83176299.99999999
sh600083,博信股份,7.69,-3.75%,7.78%,50161500.0,86801400.0,36639800.0,137000000.0
sz300113,顺网科技,15.65,-3.75%,3.00%,150000000.0,181000000.0,31251300.0,330000000.0
sz300795,米奥会展,39.88,-3.76%,1.41%,18423900.0,30560100.000000004,12136199.999999998,48984100.0
sz300959,线上线下,33.53,-3.76%,2.94%,13631199.999999998,23631400.0,10000200.0,37262600.0
sh605369,拱东医疗,60.88,-3.76%,7.17%,49156500.0,74910500.0,25754000.0,125000000.0
sh688037,芯源微,151.8,-3.77%,2.06%,231000000.0,204000000.0,27501800.0,434999999.99999994
sz300922,天秦装备,17.82,-3.78%,4.39%,29282300.0,38843200.0,9561000.0,68125500.0
sz301260,格力博,24.1,-3.79%,8.39%,86875600.0,146000000.0,59020200.00000001,233000000.0
sh688496,清越科技,16.69,-3.80%,4.80%,35546100.0,32210400.0,3335600.0,67756500.0
sz002929,润建股份,39.5,-3.80%,3.20%,79889400.0,127000000.0,47258100.00000001,206999999.99999997
sz301266,宇邦新材,66.88,-3.81%,6.37%,65940200.00000001,96216299.99999999,30276100.0,162000000.0
sh603629,利通电子,22.22,-3.81%,5.51%,149000000.0,167000000.0,17716300.0,319000000.0
sh688981,中芯国际,48.38,-3.82%,1.96%,750000000.0,1132000000.0,382000000.0,1882000000.0
sz301378,通达海,58.65,-3.82%,4.83%,18960500.0,30527500.0,11567000.0,49488100.00000001
sz002173,创新医疗,9.31,-3.82%,8.42%,138000000.0,171000000.0,32915500.0,308000000.0
sh688525,佰维存储,79.41,-3.83%,16.15%,211000000.0,269000000.0,58005700.0,480000000.0
sz301257,普蕊斯,59.02,-3.83%,3.01%,27096300.0,37308200.0,10212000.0,64404500.0
sz300238,冠昊生物,14.51,-3.84%,3.01%,50496200.0,67108500.0,16612300.0,118000000.0
sh688090,瑞松科技,32.5,-3.85%,1.71%,10641000.0,18551500.0,7910500.0,29208700.0
sz300397,天和防务,10.75,-3.85%,3.38%,53932500.0,93836900.0,39904400.0,148000000.0
sz002955,鸿合科技,20.47,-3.85%,2.50%,32040400.0,64673200.0,32632800.000000004,96713500.0
sz002231,奥维通信,6.74,-3.85%,4.13%,28171400.0,55157900.0,26986500.0,83329300.0
sh688593,新相微,17.2,-3.86%,6.76%,25923100.0,54778400.0,28855300.000000004,80701500.0
sz300699,光威复材,29.61,-3.86%,1.50%,133000000.0,233000000.0,99881500.0,366000000.0
sz300810,中科海讯,21.65,-3.86%,1.68%,15019800.0,27038700.0,12018900.000000002,42058500.0
sz300722,新余国科,30.41,-3.86%,1.79%,37800000.0,68613700.0,30813700.0,106000000.0
sz300280,紫天科技,39.6,-3.86%,5.36%,164000000.0,182000000.0,17912500.0,345000000.0
sz300112,万讯自控,10.21,-3.86%,4.13%,43182600.0,58954399.99999999,15771800.0,102000000.0
sz002362,汉王科技,23.39,-3.86%,5.79%,111000000.00000001,173000000.0,62640700.0,284000000.0
sz000815,美利云,10.94,-3.87%,3.69%,106000000.0,178000000.0,72259000.0,284000000.0
sz300656,民德电子,29.31,-3.87%,1.13%,13810900.0,28874600.0,15063800.000000002,42685500.0
sz301060,兰卫医学,16.8,-3.89%,3.44%,36079500.0,69506000.0,33426500.0,106000000.0
sz000971,ST高升,1.48,-3.90%,0.66%,2024300.0,6341100.0,4316800.0,8365300.0
sh688012,中微公司,142.68,-3.91%,1.77%,803999999.9999999,778000000.0,26785000.0,1582000000.0
sz000065,北方国际,14.75,-3.91%,1.67%,94993200.0,130000000.0,35185700.0,225000000.0
sh688351,微电生理,17.64,-3.92%,1.77%,6707400.0,14193800.000000002,7486400.0,20901100.0
sz300349,金卡智能,13.72,-3.92%,3.35%,71878500.0,107000000.0,35525400.0,179000000.0
sz002858,力盛体育,20.85,-3.92%,4.67%,60881500.0,78778100.0,17896600.0,140000000.0
sz002491,通鼎互联,6.13,-3.92%,2.81%,72284100.0,132000000.0,60071200.0,204999999.99999997
sz002268,电科网安,25.95,-3.92%,2.35%,183000000.0,338000000.0,155000000.0,521000000.0
sz300303,聚飞光电,5.38,-3.93%,4.88%,117000000.0,216000000.0,98943000.0,333000000.0
sh688310,迈得医疗,32.45,-3.94%,0.72%,10100500.0,17840100.0,7739600.0,27940700.0
sz300310,宜通世纪,4.15,-3.94%,3.02%,33843000.0,53952500.0,20109400.0,87795400.00000001
sz300254,仟源医药,7.32,-3.94%,3.80%,30892900.0,32239500.0,1346699.9999999998,63132500.0
sz003029,吉大正元,27.51,-3.95%,5.09%,53473300.0,108000000.0,54235200.00000001,161000000.0
sz300580,贝斯特,22.85,-3.95%,3.60%,105000000.0,140000000.0,35425400.0,245000000.00000003
sz002846,英联股份,13.6,-3.95%,11.98%,172000000.0,190000000.0,17579600.0,362000000.0
sz000617,中油资本,6.81,-3.95%,1.01%,299000000.0,582000000.0,283000000.0,881000000.0
sz002086,*ST东洋,2.66,-3.97%,1.43%,5965700.000000001,18008000.0,12042300.0,23973800.0
sh603959,百利科技,11.12,-3.97%,4.86%,136000000.0,129000000.0,6794200.0,265000000.0
sh688562,航天软件,26.53,-3.98%,6.38%,38324900.0,74915500.0,36590500.0,112999999.99999999
sh688403,汇成股份,11.79,-3.99%,4.08%,21032399.999999996,38787100.0,17754600.0,59819500.0
sz300895,铜牛信息,32.48,-3.99%,6.05%,54907000.0,78861300.0,23954400.0,134000000.00000001
sz002079,苏州固锝,13.48,-3.99%,4.93%,227999999.99999997,312000000.0,83653300.0,540000000.0
sh688320,禾川科技,42.53,-4.00%,3.44%,58130400.0,67651000.0,9520700.0,126000000.0
sh600776,东方通信,12.47,-4.00%,5.26%,254999999.99999997,381000000.0,126000000.0,636000000.0
sz301125,腾亚精工,20.97,-4.03%,11.43%,42830500.0,59634500.0,16804000.0,102000000.0
sh601728,中国电信,5.47,-4.04%,1.47%,581000000.0,1024000000.0,443000000.0,1604000000.0
sz300965,恒宇信通,49.6,-4.04%,10.56%,39480000.0,46745900.0,7265900.0,86225900.0
sh601599,浙文影业,3.56,-4.04%,2.98%,30345800.0,65744100.0,35398300.0,96090000.0
sz002396,星网锐捷,20.6,-4.05%,2.76%,121000000.0,215000000.0,94244500.0,336000000.0
sz300476,胜宏科技,22.25,-4.05%,2.92%,261000000.0,307000000.0,45949900.0,568000000.0
sz301299,卓创资讯,55.02,-4.06%,9.01%,35365600.0,41025500.0,5659900.0,76391100.0
sh603569,长久物流,10.39,-4.06%,1.69%,51443700.0,48876000.0,2567700.0,100000000.0
sh600498,烽火通信,18.45,-4.06%,1.32%,101000000.0,180000000.0,78892000.0,281000000.0
sz002553,南方精工,14.39,-4.07%,26.86%,404000000.0,518000000.0,112999999.99999999,922000000.0000001
sh600610,中毅达,9.63,-4.08%,4.11%,89896100.0,88025200.0,1870900.0,178000000.0
sz002291,遥望科技,12.2,-4.09%,5.85%,264000000.0,372000000.0,108000000.0,636000000.0
sz300504,天邑股份,17.83,-4.09%,2.79%,44648400.0,63719399.99999999,19071000.0,108000000.0
sh603080,新疆火炬,14.46,-4.11%,4.54%,40513100.0,53937800.0,13424700.0,94450900.0
sh600839,四川长虹,4.43,-4.11%,4.33%,338000000.0,561000000.0,223000000.0,898000000.0
sz000020,深华发A,13.78,-4.11%,15.69%,162000000.0,224000000.00000003,62642200.0,386000000.0
sh688296,和达科技,17.7,-4.12%,5.60%,19874200.0,38554800.0,18680600.0,58429000.0
sh688365,光云科技,13.03,-4.12%,1.87%,33796600.0,57578500.0,23781900.0,91375100.0
sz002992,宝明科技,66.36,-4.13%,5.55%,126000000.0,167000000.0,40349200.0,293000000.0
sz003021,兆威机电,76.85,-4.13%,5.61%,114999999.99999999,149000000.0,34545700.0,264000000.0
sh603533,掌阅科技,25.0,-4.14%,3.87%,204999999.99999997,225999999.99999997,21322000.0,432000000.0
sh603186,华正新材,32.9,-4.14%,2.70%,64385600.00000001,63708300.0,677400.0,128000000.0
sh688023,安恒信息,169.46,-4.15%,1.19%,77367500.0,82609300.0,5241799.999999999,160000000.0
sh603319,湘油泵,18.46,-4.15%,10.84%,186000000.0,239000000.0,52654399.99999999,425000000.0
sz001287,中电港,25.78,-4.16%,7.61%,133000000.0,235000000.0,102000000.0,368000000.0
sh688576,西山科技,125.21,-4.16%,5.66%,28352199.999999996,57424000.0,29071800.0,85776400.0
sz300167,ST迪威迅,2.76,-4.17%,2.93%,8384299.999999999,17287200.0,8902800.0,25671500.0
sh688081,兴图新科,16.55,-4.17%,1.89%,8998300.0,13336700.0,4338300.0,22335000.0
sz002957,科瑞技术,17.69,-4.17%,1.97%,61718800.0,82781000.0,21062199.999999996,144000000.0
sz000063,中兴通讯,41.5,-4.18%,2.11%,1628000000.0,1942000000.0000002,314000000.0,3570000000.0000005
sh688475,萤石网络,43.85,-4.19%,1.87%,31291100.0,42480200.00000001,11189200.0,73771200.0
sh601869,长飞光纤,35.02,-4.19%,0.95%,42000500.0,96168600.0,54168200.0,138000000.0
sh688268,华特气体,75.2,-4.20%,1.12%,37666600.0,64368500.0,26701900.0,102000000.0
sh688016,心脉医疗,176.36,-4.20%,2.44%,132000000.0,185000000.0,52541000.0,317000000.0
sz300686,智动力,10.95,-4.20%,4.88%,41306500.0,66230300.0,24923800.0,108000000.0
sz301192,泰祥股份,30.91,-4.21%,60.97%,234000000.0,256999999.99999997,23761900.0,491000000.0
sz300921,南凌科技,25.7,-4.21%,10.48%,89087700.0,80033100.0,9054700.0,169000000.0
sz002126,银轮股份,17.5,-4.21%,3.75%,229000000.0,278000000.0,48491800.0,507000000.0
sh688302,海创药业,50.32,-4.23%,1.51%,16196300.000000002,16892400.0,696100.0,33108800.0
sz300053,航宇微,14.02,-4.23%,5.18%,198000000.0,272000000.0,74562300.0,470000000.0
sh688066,航天宏图,62.69,-4.23%,1.23%,103000000.0,99249400.0,3668600.0,202000000.0
sh603066,音飞储存,11.32,-4.23%,2.25%,26249699.999999996,52056899.99999999,25807199.999999996,78306600.0
sz300533,冰川网络,41.68,-4.23%,6.78%,213000000.0,250999999.99999997,37610600.0,463999999.99999994
sz300364,中文在线,15.63,-4.23%,7.00%,343000000.0,378000000.0,34669400.0,722000000.0
sh688150,莱特光电,20.93,-4.25%,2.59%,36760300.0,45080500.0,8320200.0,81840800.0
sh688166,博瑞医药,21.61,-4.25%,0.52%,17203300.0,31442600.000000004,14239300.0,48646000.0
sz300271,华宇软件,10.15,-4.25%,2.55%,85837000.0,125000000.0,39514800.0,211000000.0
sz300182,捷成股份,5.85,-4.26%,4.82%,209000000.0,425000000.0,216000000.0,634000000.0
sz301313,凡拓数创,38.32,-4.27%,8.91%,42607299.99999999,46157700.00000001,3550400.0,88765100.0
sh688521,芯原股份,68.85,-4.27%,2.33%,157000000.0,183000000.0,26568700.0,340000000.0
sz301191,菲菱科思,92.37,-4.28%,9.00%,81538700.0,103000000.0,21189000.0,184000000.0
sz301171,易点天下,20.6,-4.28%,8.13%,54676800.0,73603200.0,18926400.0,128000000.0
sh688322,奥比中光,37.08,-4.28%,1.96%,70240300.0,63943400.0,6296900.000000001,134000000.00000001
sz300098,高新兴,3.8,-4.28%,4.27%,108000000.0,144000000.0,35934200.0,250999999.99999997
sz002472,双环传动,32.22,-4.28%,5.45%,636000000.0,706000000.0,70852100.0,1342000000.0
sh601360,三六零,11.63,-4.28%,2.81%,882000000.0,1491000000.0,609000000.0,2373000000.0
sh600103,青山纸业,2.91,-4.28%,4.25%,104000000.0,184000000.0,79758500.0,288000000.0
sz300292,吴通控股,3.58,-4.28%,3.69%,43939799.99999999,106000000.0,61697500.0,150000000.0
sh605168,三人行,77.45,-4.30%,1.77%,73109200.0,129000000.0,56377800.0,204000000.0
sh688222,成都先导,14.7,-4.30%,1.12%,20037600.0,36624100.0,16586600.0,56661600.0
sz300211,亿通科技,9.11,-4.31%,1.51%,15250600.0,26410800.0,11160200.0,41661400.0
sz300150,世纪瑞尔,4.22,-4.31%,2.68%,20380600.0,38858300.0,18477700.0,59241000.0
sz301369,联动科技,74.8,-4.32%,7.45%,45719300.0,52885900.0,7166600.0,98605100.0
sh600986,浙文互联,5.98,-4.32%,3.50%,93520700.0,189000000.0,95111400.0,282000000.0
sz300042,朗科科技,35.0,-4.32%,4.36%,110000000.00000001,171000000.0,60532400.0,281000000.0
sz002605,姚记科技,35.89,-4.32%,5.49%,320000000.0,335000000.0,14156199.999999998,655000000.0
sz300589,江龙船艇,14.35,-4.33%,5.82%,69471200.0,117000000.0,47407000.0,186000000.0
sz000032,深桑达A,29.83,-4.33%,3.57%,326000000.0,367000000.0,40513700.0,693000000.0
sz300229,拓尔思,22.73,-4.34%,5.93%,532000000.0,555000000.0,23006300.0,1087000000.0
sh600129,太极集团,50.94,-4.34%,1.64%,215000000.0,256000000.0,40785100.0,471000000.0
sz300297,蓝盾退,0.22,-4.35%,2.96%,0.0,0.0,0.0,8179500.0
sz000961,中南建设,1.54,-4.35%,5.49%,115999999.99999999,208000000.0,92189300.0,324000000.0
sz002290,禾盛新材,12.94,-4.36%,3.23%,57178100.00000001,46652700.00000001,10525500.0,104000000.0
sh688787,海天瑞声,88.12,-4.37%,5.52%,82825300.0,117000000.0,34466400.0,200000000.0
sh600410,华胜天成,7.21,-4.38%,4.12%,109000000.00000001,222000000.00000003,112000000.00000001,331000000.0
sz003009,中天火箭,51.1,-4.40%,8.02%,72458100.0,110000000.00000001,37502900.0,182000000.0
sh600335,国机汽车,11.09,-4.40%,2.91%,206000000.0,273000000.0,67077299.99999999,479000000.0
sz002463,沪电股份,21.18,-4.42%,3.48%,651000000.0,787000000.0,136000000.0,1438000000.0
sh688629,华丰科技,25.02,-4.43%,35.98%,233000000.0,276000000.0,42809300.0,508000000.0
sz000838,财信发展,3.88,-4.43%,4.43%,73831800.0,110000000.00000001,36485900.0,184000000.0
sh601127,赛力斯,46.48,-4.44%,9.04%,2949000000.0,3722999999.9999995,774000000.0,6672000000.0
sz300424,航新科技,13.56,-4.44%,2.62%,27489600.0,58873800.0,31384300.0,86363400.0
sh688523,航天环宇,29.0,-4.45%,13.80%,52877600.0,83525400.00000001,30647800.000000004,136000000.0
sz301041,金百泽,30.72,-4.45%,9.23%,88162400.0,89815100.0,1652700.0,178000000.0
sz300687,赛意信息,23.93,-4.47%,3.37%,105000000.0,157000000.0,52121500.0,261000000.0
sh600290,*ST华仪,1.28,-4.48%,2.41%,6441799.999999999,17032800.0,10591000.0,23474699.999999996
sz300657,弘信电子,21.31,-4.48%,7.41%,318000000.0,398000000.0,80574900.0,716000000.0
sz300033,同花顺,157.85,-4.48%,3.12%,566000000.0,789000000.0,224000000.00000003,1355000000.0
sh688297,中无人机,48.96,-4.49%,3.08%,101000000.0,182000000.0,80947200.0,282000000.0
sz002502,ST鼎龙,2.12,-4.50%,3.06%,16687100.0,38132900.0,21445800.0,54820000.0
sz300757,罗博特科,75.44,-4.51%,3.32%,126000000.0,140000000.0,13919300.0,265000000.0
sz300036,超图软件,21.39,-4.51%,2.87%,109000000.00000001,162000000.0,52816200.0,271000000.0
sz300538,同益股份,16.27,-4.52%,3.75%,32400900.0,36786400.0,4385500.0,69187400.0
sz300057,万顺新材,8.02,-4.52%,6.13%,144000000.0,222000000.00000003,77497400.0,366000000.0
sh688311,盟升电子,68.03,-4.53%,4.00%,80639300.0,105000000.0,24642800.000000004,186000000.0
sh605398,新炬网络,37.51,-4.53%,3.95%,13639300.0,26591100.0,12951900.0,40583000.0
sh600551,时代出版,11.59,-4.53%,2.23%,51834700.0,75399800.0,23565100.000000004,127000000.0
sz301359,东南电子,27.99,-4.54%,27.96%,72474500.0,97560600.0,25086100.0,170000000.0
sz301103,何氏眼科,40.47,-4.55%,2.81%,38384000.0,57638600.0,19254500.0,96022600.0
sh605300,佳禾食品,22.02,-4.55%,8.54%,49018700.0,60346500.0,11327800.0,110000000.00000001
sz300499,高澜股份,15.88,-4.57%,8.41%,157000000.0,211000000.0,53073100.00000001,368000000.0
sh688400,凌云光,28.75,-4.58%,4.12%,66720600.00000001,127000000.0,60681500.0,194000000.0
sz300287,飞利信,3.96,-4.58%,4.65%,77203000.0,163000000.0,86231900.0,241000000.0
sz300846,首都在线,14.39,-4.58%,7.45%,149000000.0,200000000.0,50552700.00000001,350000000.0
sh688489,三未信安,56.91,-4.58%,6.62%,37193800.0,58913300.0,21719500.0,96160900.0
sh600895,张江高科,13.5,-4.59%,1.66%,148000000.0,200999999.99999997,53286899.99999999,349000000.0
sz300825,阿尔特,17.62,-4.60%,4.06%,152000000.0,193000000.0,40677300.0,345000000.0
sz300346,南大光电,31.64,-4.61%,3.45%,227999999.99999997,343000000.0,114999999.99999999,571000000.0
sh688480,赛恩斯,29.46,-4.63%,4.23%,8305300.0,17263900.0,8958600.0,25570300.000000004
sz002732,燕塘乳业,23.09,-4.63%,6.99%,107000000.0,147000000.0,39955900.0,254000000.0
sz002971,和远气体,26.31,-4.64%,3.29%,41519799.99999999,67405000.0,25885200.0,109000000.00000001
sz301293,三博脑科,76.52,-4.65%,11.46%,141000000.0,162000000.0,20854300.0,304000000.0
sh688008,澜起科技,59.08,-4.66%,1.79%,622000000.0,583000000.0,39417000.0,1206000000.0
sz300298,三诺生物,22.94,-4.66%,1.05%,46595900.0,64565200.00000001,17969300.0,111000000.00000001
sz301099,雅创电子,60.0,-4.67%,27.79%,237000000.0,247000000.00000003,9944600.0,483000000.0
sh688502,茂莱光学,184.1,-4.70%,7.22%,52361300.0,109000000.00000001,56679200.0,161000000.0
sh600879,航天电子,7.9,-4.70%,3.10%,252000000.0,426000000.0,173000000.0,678000000.0
sh603918,金桥信息,27.74,-4.71%,10.29%,454000000.0,608000000.0,154000000.0,1073000000.0
sh688478,晶升股份,47.23,-4.72%,11.88%,55735800.0,107000000.0,51207299.99999999,163000000.0
sz300081,恒信东方,9.09,-4.72%,8.48%,172000000.0,215000000.0,42269399.99999999,387000000.0
sh688045,必易微,57.35,-4.73%,1.86%,12443200.0,23680500.0,11237300.0,36135200.0
sz002699,*ST美盛,1.61,-4.73%,4.22%,19314600.0,43211400.0,23896800.0,62526000.0
sz002043,兔宝宝,10.24,-4.74%,4.15%,112999999.99999999,190000000.0,77032300.0,304000000.0
sh600435,北方导航,11.24,-4.75%,1.80%,121000000.0,188000000.0,66492400.0,309000000.0
sz300527,中船应急,8.63,-4.75%,1.75%,47652700.00000001,101000000.0,52883600.0,148000000.0
sh603803,瑞斯康达,8.41,-4.76%,2.03%,26803600.0,45008800.0,18205200.0,72863700.0
sz002403,爱仕达,9.59,-4.77%,8.18%,99208900.0,147000000.0,47568000.0,246000000.0
sh688661,和林微纳,72.8,-4.77%,5.74%,83113000.0,69130100.0,13982900.0,152000000.0
sh688282,理工导航,52.6,-4.80%,4.82%,35715600.0,57116000.0,21400400.0,92831800.0
sz002941,新疆交建,15.68,-4.80%,4.46%,193000000.0,256000000.0,63058100.00000001,449000000.0
sz300520,科大国创,21.0,-4.81%,3.88%,74980800.0,118000000.0,42951500.0,193000000.0
sz300339,润和软件,22.56,-4.81%,5.25%,380000000.0,548000000.0,168000000.0,927999999.9999999
sz002819,东方中科,29.7,-4.81%,1.60%,53615600.00000001,57952500.0,4336900.0,112000000.00000001
sz002776,*ST柏龙,2.37,-4.82%,0.78%,5471000.0,4496100.0,974900.0,9967200.0
sh600345,长江通信,20.54,-4.82%,2.32%,32640400.0,63819399.99999999,31179000.0,96459800.0
sz301032,新柴股份,9.06,-4.83%,9.41%,29937100.0,41571800.0,11634700.0,71508800.0
sz301165,锐捷网络,52.13,-4.84%,9.88%,149000000.0,171000000.0,22231700.0,321000000.0
sz000005,ST星源,1.18,-4.84%,1.52%,5119400.0,14126199.999999998,9006700.0,19245500.0
sz300600,国瑞科技,12.0,-4.84%,7.20%,86541900.0,130000000.0,43077000.0,216000000.0
sh688401,路维光电,34.7,-4.85%,4.85%,29906700.0,43833400.0,13926700.0,73740100.0
sh688252,天德钰,19.82,-4.85%,4.32%,11426300.000000002,20077600.0,8651300.0,31503900.0
sz300604,长川科技,43.0,-4.85%,2.50%,241000000.0,254000000.0,12367800.0,495000000.0
sz300697,电工合金,11.56,-4.86%,8.55%,64276000.0,87223300.0,22947300.0,152000000.0
sh688376,美埃科技,36.65,-4.88%,2.81%,12150400.0,21694100.0,9543700.0,33844500.0
sh603101,汇嘉时代,6.22,-4.89%,1.98%,24167600.000000004,34278500.0,10110900.0,58446100.0
sz002174,游族网络,13.42,-4.89%,9.07%,480000000.0,653000000.0,173000000.0,1132000000.0
sz301380,挖金客,42.77,-4.91%,7.63%,21118400.0,35616700.0,14498300.0,56735100.0
sz301261,恒工精密,56.37,-4.92%,64.30%,339000000.0,380000000.0,40326900.0,719000000.0
sh603085,天成自控,11.4,-4.92%,3.08%,48844600.0,82332400.0,33487800.000000004,131000000.0
sz000158,常山北明,7.34,-4.92%,5.13%,222000000.00000003,385000000.0,163000000.0,608000000.0
sh688143,长盈通,36.43,-4.93%,4.20%,17256300.0,23372700.0,6116300.0,40629000.0
sh600283,钱江水利,15.23,-4.93%,6.21%,123000000.0,215000000.0,92683300.0,338000000.0
sz300552,万集科技,23.91,-4.93%,16.91%,231000000.0,297000000.0,66081200.0,529000000.0
sh688286,敏芯股份,59.47,-4.95%,2.96%,28628500.0,34960900.0,6332400.0,63589399.99999999
sh600766,*ST园城,10.17,-4.95%,1.07%,12163500.0,12477400.0,314000.0,24640900.0
sz300634,彩讯股份,25.65,-4.96%,3.73%,184000000.0,240000000.0,55600700.0,424000000.0
sz002036,联创电子,11.48,-4.97%,11.30%,723000000.0,694000000.0,28521800.0,1417000000.0
sz301236,软通动力,25.4,-4.98%,2.89%,174000000.0,250000000.0,75807200.0,424000000.0
sh688659,元琛科技,14.86,-4.99%,8.04%,41902400.0,65299799.99999999,23397399.999999996,107000000.0
sz002338,奥普光电,37.11,-4.99%,3.22%,142000000.0,150000000.0,8895600.0,292000000.0
sz002549,凯美特气,10.82,-5.00%,3.06%,67069799.99999999,141000000.0,73781900.0,208000000.0
sh688191,智洋创新,17.2,-5.02%,10.21%,74965200.0,59019900.0,15945400.0,134000000.00000001
sz301020,密封科技,24.8,-5.02%,12.78%,89420000.0,145000000.0,55313500.0,234000000.0
sh603003,龙宇股份,8.88,-5.03%,2.42%,38502000.0,49741400.0,11239400.0,88243500.0
sh600136,*ST明诚,3.21,-5.03%,2.11%,13437200.0,19883500.0,6446300.0,33320700.0
sz000736,中交地产,13.21,-5.03%,3.98%,137000000.0,234000000.0,96874500.0,371000000.0
sh601595,上海电影,26.15,-5.05%,3.15%,174000000.0,200999999.99999997,27227100.0,374000000.0
sh603555,ST贵人,1.69,-5.06%,2.91%,24694400.0,53919000.0,29224600.0,78613500.0
sh688327,云从科技,17.15,-5.09%,4.50%,248000000.0,339000000.0,90767300.0,587000000.0
sh688292,浩瀚深度,27.8,-5.09%,5.99%,19675300.0,42015900.0,22340600.0,61691200.0
sz300847,中船汉光,19.19,-5.09%,5.18%,136000000.0,163000000.0,26222199.999999996,299000000.0
sz002653,海思科,21.8,-5.09%,0.90%,31553200.0,63717299.99999999,32164000.0,95270500.0
sz001270,铖昌科技,96.51,-5.10%,5.85%,177000000.0,234000000.0,56835400.0,411000000.00000006
sh600100,同方股份,7.4,-5.13%,3.96%,326000000.0,558000000.0,231999999.99999997,884000000.0
sh600223,福瑞达,9.6,-5.14%,1.74%,63080600.00000001,111000000.00000001,47555800.0,174000000.0
sz301038,深水规院,18.96,-5.15%,19.16%,62374500.0,95317600.0,32943100.0,158000000.0
sz300109,新开源,23.14,-5.16%,3.54%,90370800.0,145000000.0,54756500.0,235000000.0
sz301170,锡南科技,38.41,-5.16%,34.35%,139000000.0,179000000.0,39477500.0,318000000.0
sh600536,中国软件,48.11,-5.16%,2.69%,421000000.0,678000000.0,256999999.99999997,1099000000.0
sz301311,昆船智能,27.72,-5.17%,19.78%,150000000.0,188000000.0,37494800.0,338000000.0
sh688318,财富趋势,90.35,-5.18%,4.19%,114999999.99999999,127000000.0,12123900.000000002,243000000.00000003
sh688435,英方软件,73.0,-5.19%,3.81%,20903600.0,29508100.0,8604500.0,50411600.0
sh688047,龙芯中科,109.95,-5.22%,0.87%,111000000.00000001,160000000.0,48740500.0,271000000.0
sz300461,田中精机,21.01,-5.23%,3.58%,27549600.0,35625100.0,8075400.0,63174600.0
sz300913,兆龙互连,39.21,-5.24%,24.09%,312000000.0,309000000.0,2388800.0,621000000.0
sh603662,柯力传感,31.44,-5.24%,5.26%,236000000.0,238000000.0,1630800.0000000002,473000000.00000006
sh688295,中复神鹰,35.06,-5.24%,2.52%,38846500.0,74030600.0,35184200.0,112999999.99999999
sh600425,青松建化,4.32,-5.26%,4.24%,102000000.0,155000000.0,53246600.0,256999999.99999997
sz002654,万润科技,9.91,-5.26%,13.38%,415000000.00000006,660000000.0,245000000.00000003,1075000000.0
sz300024,机器人,13.84,-5.27%,4.89%,416000000.0,633000000.0,217000000.0,1049000000.0
sz301007,德迈仕,21.56,-5.27%,40.44%,524000000.0,594000000.0,70515100.0,1118000000.0
sz002792,通宇通讯,15.8,-5.28%,9.25%,143000000.0,221000000.0,78141400.0,364000000.0
sz300473,德尔股份,20.7,-5.31%,20.21%,279000000.0,368000000.0,88951900.0,648000000.0
sz300170,汉得信息,10.34,-5.31%,5.88%,210000000.0,376000000.0,167000000.0,586000000.0
sz300742,*ST越博,5.48,-5.35%,4.26%,7178700.0,19740100.0,12561400.000000002,26918800.0
sz300917,特发服务,23.5,-5.39%,7.38%,53876899.99999999,98863400.0,44986500.0,153000000.0
sh688513,苑东生物,49.95,-5.40%,1.01%,10426099.999999998,20945900.0,10519800.0,31372100.0
sz002519,银河电子,6.31,-5.40%,7.71%,209000000.0,344000000.0,135000000.0,553000000.0
sh688343,云天励飞,62.03,-5.46%,8.09%,138000000.0,244000000.0,106000000.0,382000000.0
sz300996,普联软件,27.98,-5.47%,2.42%,30639100.0,51462500.0,20823400.0,82101600.0
sz300494,盛天网络,17.73,-5.49%,8.81%,283000000.0,354000000.0,70793800.0,637000000.0
sz300908,仲景食品,41.55,-5.50%,3.42%,21164400.0,34988200.0,13823800.000000002,56152500.0
sz002979,雷赛智能,21.59,-5.51%,2.61%,58670100.0,63059900.0,4389800.0,122000000.0
sh688486,龙迅股份,106.65,-5.53%,2.57%,15994600.0,25546600.0,9551900.0,41541200.0
sz000070,特发信息,8.51,-5.55%,3.95%,118000000.0,187000000.0,69024200.0,305000000.0
sz300460,惠伦晶体,12.06,-5.56%,11.08%,150000000.0,233000000.0,83153200.0,384000000.0
sh600603,广汇物流,7.07,-5.61%,3.12%,105000000.0,167000000.0,61580200.00000001,272000000.0
sh688031,星环科技,115.39,-5.63%,5.69%,81518200.0,104000000.0,22888500.0,186000000.0
sz300374,中铁装配,16.08,-5.63%,6.26%,67249000.0,128000000.0,60298700.0,195000000.0
sz002920,德赛西威,162.7,-5.63%,1.61%,713000000.0,755000000.0,41696000.0,1468000000.0
sz002117,东港股份,10.67,-5.66%,4.65%,111000000.00000001,167000000.0,55541400.0,278000000.0
sz300148,天舟文化,4.8,-5.70%,11.52%,158000000.0,280000000.0,122000000.0,437000000.0
sz300459,汤姆猫,5.95,-5.71%,7.71%,508000000.0,899000000.0,391000000.0,1408000000.0
sz002896,中大力德,36.01,-5.71%,11.53%,316000000.0,332000000.0,15986000.0,647000000.0
sz002281,光迅科技,33.36,-5.71%,7.92%,856000000.0,967000000.0,111000000.00000001,1823000000.0
sz002962,五方光电,13.48,-5.73%,13.24%,153000000.0,227999999.99999997,75175700.0,381000000.0
sz301080,百普赛斯,58.17,-5.74%,2.37%,28437700.0,59763700.0,31326000.0,88201400.0
sz000837,秦川机床,13.64,-5.74%,9.69%,447000000.0,492000000.0,44668200.0,939000000.0
sz300008,天海防务,4.9,-5.77%,12.21%,302000000.0,576000000.0,275000000.0,877999999.9999999
sh600685,中船防务,28.08,-5.80%,2.62%,278000000.0,336000000.0,58233300.0,613000000.0
sz002602,世纪华通,6.5,-5.80%,5.71%,1058000000.0,1493000000.0,434999999.99999994,2552000000.0
sz002051,中工国际,11.2,-5.80%,2.55%,133000000.0,227000000.0,94259200.0,360000000.0
sz300403,汉宇集团,8.58,-5.82%,12.41%,191000000.0,237000000.0,46499600.0,428000000.0
sh688700,东威科技,92.5,-5.89%,4.66%,324000000.0,322000000.0,1677900.0,646000000.0
sz000938,紫光股份,28.75,-5.89%,2.56%,808000000.0,1335000000.0,526999999.99999994,2142000000.0000002
sz000034,神州数码,26.02,-5.90%,4.35%,235000000.0,401000000.0,166000000.0,636000000.0
sh688361,中科飞测,72.02,-5.95%,6.28%,126000000.0,149000000.0,22687500.0,275000000.0
sh603998,方盛制药,10.71,-5.97%,3.81%,53234600.0,125000000.0,71554100.0,178000000.0
sh600602,云赛智联,12.68,-6.00%,6.29%,405000000.0,476999999.99999994,72251800.0,882000000.0
sh688313,仕佳光子,15.32,-6.01%,7.87%,190000000.0,211000000.0,20392900.0,401000000.0
sz300288,朗玛信息,17.5,-6.07%,8.29%,175000000.0,197000000.0,21977100.0,372000000.0
sh600633,浙数文化,15.28,-6.08%,3.34%,268000000.00000003,399000000.0,132000000.0,667000000.0
sh600115,中国东航,4.77,-6.10%,1.40%,418000000.0,487000000.0,68521000.0,905000000.0000001
sz300495,*ST美尚,1.84,-6.12%,3.37%,8633400.0,21398600.0,12765300.0,30032000.0
sz000004,国华网安,15.78,-6.13%,19.91%,156000000.0,227000000.0,70942800.0,383000000.0
sh688609,九联科技,9.65,-6.13%,8.47%,109000000.00000001,162000000.0,53313000.0,271000000.0
sh603773,沃格光电,31.81,-6.14%,8.65%,192000000.0,246000000.0,53615500.0,438000000.0
sz300101,振芯科技,18.97,-6.14%,3.93%,159000000.0,271000000.0,112000000.00000001,430000000.0
sz002496,辉丰股份,2.9,-6.15%,17.42%,281000000.0,317000000.0,36620000.0,598000000.0
sz301229,纽泰格,36.39,-6.19%,26.60%,161000000.0,186000000.0,25035800.0,348000000.0
sz300615,欣天科技,15.87,-6.21%,5.93%,44563200.0,79660800.0,35097600.0,124000000.0
sz002881,美格智能,30.63,-6.22%,2.49%,49854600.0,76111800.0,26257199.999999996,126000000.0
sz002835,同为股份,19.56,-6.23%,10.05%,96163400.0,157000000.0,60919399.99999999,252999999.99999997
sz300678,中科信息,42.83,-6.26%,9.38%,487000000.0,651000000.0,164000000.0,1139000000.0
sh600415,小商品城,8.05,-6.29%,2.54%,392000000.0,760000000.0,368000000.0,1151000000.0
sz300378,鼎捷软件,28.72,-6.33%,9.98%,370000000.0,419000000.00000006,48591700.0,789000000.0
sh605186,健麾信息,44.49,-6.34%,7.96%,103000000.0,135000000.0,31801100.0,237000000.0
sh688316,青云科技,45.7,-6.43%,5.30%,37251700.0,51978900.0,14727200.0,89230600.0
sz300198,纳川股份,2.9,-6.45%,11.76%,133000000.0,181000000.0,47883100.00000001,313000000.0
sz002156,通富微电,21.1,-6.47%,5.04%,775000000.0,882000000.0,107000000.0,1655999999.9999998
sh688270,臻镭科技,62.84,-6.49%,2.78%,74890500.0,80151000.0,5260500.0,155000000.0
sz301312,智立方,87.33,-6.49%,10.00%,52914200.0,84129700.0,31215500.0,137000000.0
sz002749,国光股份,11.5,-6.50%,2.04%,44212200.0,50350000.0,6137800.0,94562200.0
sz002995,天地在线,29.73,-6.51%,17.19%,222000000.00000003,202000000.0,20518000.0,424000000.0
sz002751,易尚退,0.86,-6.52%,9.60%,0.0,0.0,0.0,10775300.0
sh688515,裕太微,155.95,-6.54%,8.67%,117000000.0,135000000.0,17509800.0,252000000.0
sz300308,中际旭创,138.79,-6.54%,6.21%,3239000000.0,3495000000.0000005,256999999.99999997,6734000000.0
sh688082,盛美上海,103.2,-6.56%,5.14%,211000000.0,187000000.0,23763700.0,397000000.0
sz300075,数字政通,18.84,-6.59%,7.28%,295000000.0,411000000.00000006,117000000.0,706000000.0
sz300010,*ST豆神,2.54,-6.62%,6.65%,46787100.0,92136400.0,45349300.0,139000000.0
sz301089,拓新药业,63.55,-6.63%,9.13%,214000000.0,241000000.0,26484699.999999996,455000000.0
sz300688,创业黑马,29.99,-6.63%,9.72%,202000000.0,202999999.99999997,677600.0,405000000.0
sz300275,梅安森,14.33,-6.64%,5.78%,90081500.0,118000000.0,27877500.0,208000000.0
sh688256,寒武纪,196.29,-6.66%,3.85%,861000000.0,1056000000.0,195000000.0,1917000000.0000002
sh688582,芯动联科,42.13,-6.71%,12.98%,92191400.0,169000000.0,76554100.0,261000000.0
sh603322,超讯通信,26.4,-6.71%,11.16%,220000000.00000003,248000000.0,28746700.0,468000000.0
sz300315,掌趣科技,6.25,-6.72%,9.39%,610000000.0,976000000.0,365000000.0,1586000000.0
sz301062,上海艾录,10.29,-6.79%,2.41%,36059200.0,24969000.0,11090200.0,61028100.00000001
sz300302,同有科技,13.3,-6.80%,12.91%,260000000.0,388000000.0,129000000.0,648000000.0
sz300270,中威电子,9.05,-6.80%,21.15%,169000000.0,263000000.0,94066100.0,432000000.0
sz300567,精测电子,87.6,-6.91%,3.16%,247000000.00000003,337000000.0,89761500.0,584000000.0
sh603108,润达医疗,14.88,-6.94%,9.08%,357000000.0,448000000.00000006,90785100.0,805000000.0000001
sh600683,京投发展,5.62,-6.95%,6.92%,137000000.0,155000000.0,18032800.0,292000000.0
sh688048,长光华芯,88.54,-7.01%,7.19%,206000000.0,318000000.0,112999999.99999999,524000000.0
sh601138,工业富联,22.53,-7.05%,0.83%,1601000000.0000002,2203000000.0,602000000.0,3803000000.0
sz300624,万兴科技,102.0,-7.07%,12.18%,752000000.0,772000000.0,19576000.0,1524000000.0
sh603163,圣晖集成,40.11,-7.11%,3.92%,14949200.0,25173800.0,10224600.0,40123000.0
sz301292,海科新源,26.23,-7.12%,38.47%,187000000.0,256999999.99999997,69666600.0,445000000.0
sz300570,太辰光,44.04,-7.15%,10.81%,488999999.99999994,458000000.0,31024100.0,947000000.0000001
sz300002,神州泰岳,11.21,-7.20%,7.19%,623000000.0,876000000.0,252000000.0,1499000000.0
sz300130,新国都,25.25,-7.24%,6.35%,305000000.0,316000000.0,11121900.0,622000000.0
sh603019,中科曙光,45.14,-7.25%,6.18%,1628000000.0,2543000000.0,915000000.0,4171000000.0
sh688293,奥浦迈,45.63,-7.26%,5.66%,25907300.0,39493000.0,13585600.0,65400300.0
sh601333,广深铁路,3.42,-7.32%,3.77%,287000000.0,455000000.0,168000000.0,742000000.0
sz300729,乐歌股份,16.27,-7.35%,5.55%,111000000.00000001,163000000.0,51538300.0,274000000.0
sz000680,山推股份,5.37,-7.41%,6.88%,170000000.0,225000000.0,54755000.0,395000000.0
sz300549,优德精密,26.49,-7.47%,20.77%,296000000.0,278000000.0,18128300.0,574000000.0
sh688259,创耀科技,67.59,-7.61%,3.98%,68943700.0,89444300.0,20500600.0,158000000.0
sz300820,英杰电气,75.0,-7.69%,5.24%,200999999.99999997,219000000.0,17941700.0,419000000.00000006
sz300503,昊志机电,18.09,-7.70%,24.37%,459000000.0,550000000.0,91052000.0,1010000000.0
sh688638,誉辰智能,77.35,-7.81%,49.84%,165000000.0,191000000.0,25995400.0,356000000.0
sz002536,飞龙股份,14.24,-7.83%,14.86%,440000000.00000006,604000000.0,164000000.0,1044000000.0
sh600072,中船科技,24.83,-7.90%,10.30%,786000000.0,1155000000.0,369000000.0,1941000000.0
sz300563,神宇股份,15.29,-7.95%,13.56%,105000000.0,156000000.0,51200600.00000001,261000000.0
sh688498,源杰科技,227.35,-7.96%,15.56%,317000000.0,351000000.0,34498500.0,668000000.0
sz301072,中捷精工,29.01,-7.99%,34.55%,154000000.0,192000000.0,37328500.0,346000000.0
sh600745,闻泰科技,46.58,-8.22%,4.32%,1055000000.0000001,1491000000.0,436000000.00000006,2546000000.0
sh600105,永鼎股份,6.69,-8.23%,10.00%,327000000.0,629000000.0,302000000.0,956000000.0
sz300548,博创科技,32.08,-8.34%,13.11%,472000000.0,519000000.00000006,46607200.0,991000000.0
sh688668,鼎通科技,88.0,-8.41%,10.44%,200000000.0,239000000.0,39925900.0,438999999.99999994
sz002527,新时达,12.5,-8.42%,29.99%,886999999.9999999,1199000000.0,312000000.0,2087000000.0
sz002315,焦点科技,34.8,-8.47%,9.98%,287000000.0,416000000.0,129000000.0,702000000.0
sz300366,创意信息,13.44,-8.51%,18.38%,516000000.0,743000000.0,227000000.0,1259000000.0
sz301255,通力科技,55.05,-8.55%,49.51%,377000000.0,409999999.99999994,33728500.0,787000000.0
sz300426,唐德影视,13.02,-8.70%,4.88%,121000000.0,141000000.0,19873900.0,261000000.0
sz301205,联特科技,151.6,-8.94%,27.76%,740000000.0,685000000.0,54997000.0,1425000000.0
sz301183,东田微,59.57,-8.94%,23.14%,297000000.0,277000000.0,20110500.0,573000000.0
sz300502,新易盛,59.34,-9.13%,10.96%,1952000000.0,2210000000.0,258000000.0,4161999999.9999995
sz300356,光一退,1.69,-9.14%,5.22%,0.0,0.0,0.0,37665500.0
sz002902,铭普光磁,25.84,-9.21%,22.20%,418000000.0,468000000.0,49872000.0,886000000.0
sz301488,豪恩汽电,100.99,-9.31%,60.20%,599000000.0,649000000.0,49182800.0,1248000000.0
sz300314,戴维医疗,17.92,-9.31%,3.33%,46845300.0,69343500.0,22498200.0,115999999.99999999
sz300576,容大感光,39.98,-9.45%,16.71%,422000000.0,567000000.0,145000000.0,989000000.0
sz002976,瑞玛精密,39.09,-9.66%,31.52%,339000000.0,492000000.0,153000000.0,831000000.0
sz002401,中远海科,23.51,-9.79%,9.28%,291000000.0,532000000.0,241000000.0,823000000.0
sz301202,朗威股份,36.67,-9.86%,50.38%,239000000.0,365000000.0,126000000.0,604000000.0
sz000570,苏常柴A,6.66,-9.88%,34.78%,486000000.00000006,738000000.0,252000000.0,1224000000.0
sz000936,华西股份,11.3,-9.96%,15.34%,637000000.0,936999999.9999999,301000000.0,1574000000.0
sz002229,鸿博股份,31.45,-9.99%,16.75%,1164000000.0,1555000000.0,391000000.0,2719000000.0
sh603283,赛腾股份,39.86,-10.00%,2.05%,138000000.0,10745600.0,127000000.0,148000000.0
sz000977,浪潮信息,41.2,-10.00%,14.06%,4090999999.9999995,4670000000.0,579000000.0,8761000000.0
sz000066,中国长城,13.05,-10.00%,3.87%,746000000.0,889000000.0,143000000.0,1635000000.0000002
sh688338,赛科希德,36.0,-10.09%,5.59%,51074500.0,81479500.0,30405000.0,133000000.0
sz301419,阿莱德,42.9,-10.16%,18.53%,84278700.00000001,119000000.0,34338400.0,202999999.99999997
sh688670,金迪克,38.0,-10.27%,6.60%,50550800.0,62467100.0,11916300.000000002,112999999.99999999
sz300928,华安鑫创,51.15,-10.95%,27.09%,276000000.0,351000000.0,75502700.0,627000000.0
