代码,股票简称,最新价,涨跌幅,换手率,流入资金(元),流出资金(元),净额(元),成交额(元)
sz301528,多浦乐,128.21,78.57%,77.57%,851000000.0,777000000.0,74539600.0,1628000000.0
sz301469,恒达新材,59.89,24.05%,88.06%,787000000.0,595000000.0,192000000.0,1382000000.0
sh688671,碧兴物联,67.3,20.01%,63.44%,320000000.0,316000000.0,3796400.0,636000000.0
sz300875,捷强装备,51.54,20.00%,42.77%,459000000.0,505000000.0,45966899.99999999,963000000.0000001
sz300958,建工修复,26.16,20.00%,39.34%,387000000.0,353000000.0,34605800.0,740000000.0
sz300295,三六五网,18.6,20.00%,32.63%,103000000.0,910000000.0,807000000.0,1014000000.0
sz300948,冠中生态,22.03,19.99%,40.54%,256999999.99999997,335000000.0,78621700.0,592000000.0
sz301136,招标股份,18.97,19.99%,47.22%,308000000.0,582000000.0,274000000.0,890000000.0
sz300172,中电环保,9.32,19.95%,44.73%,1081000000.0,936999999.9999999,144000000.0,2023000000.0
sh688629,华丰科技,20.92,19.82%,37.06%,193000000.0,222000000.00000003,28805300.000000004,415000000.00000006
sz300169,天晟新材,11.33,19.51%,50.54%,412000000.0,1295000000.0,882000000.0,1726000000.0000002
sz300355,蒙草生态,4.14,15.00%,20.12%,648000000.0,453000000.0,195000000.0,1101000000.0
sz301233,盛帮股份,47.86,14.83%,41.82%,196000000.0,158000000.0,38191100.0,354000000.0
sh688058,宝兰德,50.28,14.32%,3.50%,55847500.0,40955400.0,14892100.0,96802800.0
sz300688,创业黑马,34.13,13.28%,17.18%,429000000.0,371000000.0,58294600.0,799000000.0
sh688776,国光电气,72.29,13.22%,6.78%,76770400.0,86954900.0,10184500.0,164000000.0
sz301081,严牌股份,12.1,12.14%,23.43%,125000000.0,110000000.00000001,14368599.999999998,235000000.0
sz300155,安居宝,5.74,12.11%,19.28%,211000000.0,150000000.0,60505000.0,365000000.0
sz300417,南华仪器,12.34,11.67%,16.98%,98153500.0,76460500.0,21692900.0,175000000.0
sz301288,清研环境,30.91,11.31%,39.24%,238000000.0,220000000.00000003,18515400.0,458000000.0
sz301372,科净源,87.23,10.84%,58.66%,429000000.0,369000000.0,59564500.0,798000000.0
sh688208,道通科技,28.02,10.84%,4.64%,342000000.0,254000000.0,88321200.00000001,596000000.0
sz300955,嘉亨家化,26.09,10.55%,22.89%,132000000.0,122000000.0,10312700.0,254000000.0
sh688318,财富趋势,157.81,10.45%,22.50%,836999999.9999999,1538000000.0,701000000.0,2374000000.0
sz000961,中南建设,1.93,10.29%,6.92%,250999999.99999997,249000000.00000003,1978899.9999999998,501000000.0
sh600743,华远地产,2.15,10.26%,7.13%,159000000.0,197000000.0,38127100.0,355000000.0
sz300917,特发服务,34.4,10.22%,32.76%,430999999.99999994,587000000.0,156000000.0,1018000000.0
sh600322,天房发展,3.48,10.13%,29.62%,604000000.0,513999999.99999994,90106000.0,1118000000.0
sz002631,德尔未来,5.89,10.09%,3.17%,66776700.0,53390900.0,13385800.0,120000000.0
sz002146,荣盛发展,2.51,10.09%,11.21%,591000000.0,493000000.0,97379900.0,1084000000.0
sz002584,西陇科学,6.88,10.08%,22.47%,360000000.0,282000000.0,78293200.0,642000000.0
sz002310,东方园林,3.06,10.07%,14.63%,624000000.0,533000000.0,90986299.99999999,1157000000.0
sz002314,南山控股,3.83,10.06%,2.62%,53175200.00000001,79557900.0,26382700.0,133000000.0
sz000656,金科股份,1.97,10.06%,12.84%,555000000.0,779000000.0,223000000.0,1334000000.0
sz000798,中水渔业,12.16,10.05%,15.83%,359000000.0,305000000.0,53630200.00000001,664000000.0
sh603025,大豪科技,13.93,10.03%,2.39%,213000000.0,151000000.0,61283900.0,364000000.0
sz000881,中广核技,8.45,10.03%,8.22%,221000000.0,314000000.0,93019300.0,534999999.99999994
sh600684,珠江股份,4.94,10.02%,0.84%,0.0,35224900.0,35224900.0,35224900.0
sz000712,锦龙股份,16.58,10.02%,1.47%,0.0,218000000.00000003,218000000.00000003,218000000.00000003
sh603190,亚通精工,30.78,10.01%,22.74%,55931800.0,150000000.0,93634400.0,204999999.99999997
sz003007,直真科技,34.07,10.01%,64.01%,357000000.0,441000000.0,84806299.99999999,798000000.0
sz001226,拓山重工,30.68,10.00%,14.82%,48633700.0,33548400.0,15085300.0,82182300.0
sh603307,扬州金泉,47.61,10.00%,7.80%,19316200.0,42712100.0,23395900.0,62028300.0
sz002980,华盛昌,37.08,10.00%,13.13%,157000000.0,184000000.0,26612700.0,342000000.0
sh603918,金桥信息,28.16,10.00%,21.05%,1120000000.0,1011000000.0,109000000.00000001,2130999999.9999998
sh600791,京能置业,5.39,10.00%,8.32%,103000000.0,96708900.0,6653300.0,200000000.0
sz000010,美丽生态,3.74,10.00%,31.20%,269000000.0,308000000.0,38389100.0,577000000.0
sz002333,罗普斯金,8.15,9.99%,3.85%,50500.0,126000000.0,126000000.0,126000000.0
sz001366,播恩集团,18.05,9.99%,62.42%,215000000.0,234000000.0,18687900.0,449000000.0
sh600257,大湖股份,10.13,9.99%,16.79%,286000000.0,525000000.0,239000000.0,811000000.0
sz002968,新大正,13.99,9.98%,2.62%,30043400.0,43699600.0,13656199.999999998,73743000.0
sz301421,波长光电,59.3,9.98%,70.77%,724000000.0,617000000.0,107000000.0,1342000000.0
sz002778,中晟高科,16.97,9.98%,19.06%,157000000.0,231000000.0,73999000.0,387000000.0
sh600621,华鑫股份,15.0,9.97%,11.85%,592000000.0,1283000000.0,691000000.0,1875000000.0
sh603326,我乐家居,8.28,9.96%,0.68%,5049900.0,12710700.0,7660800.0,17760600.0
sz000609,中迪投资,6.53,9.93%,3.83%,0.0,73001600.0,73001600.0,73001500.0
sh600622,光大嘉宝,3.34,9.87%,4.56%,82760200.0,143000000.0,60222600.0,225999999.99999997
sh603275,众辰科技,53.81,9.82%,49.73%,534000000.0,523000000.00000006,10758900.000000002,1057000000.0
sz301118,恒光股份,28.55,9.72%,15.47%,125000000.0,99999800.0,25219699.999999996,225000000.0
sh688109,品茗科技,25.93,9.64%,8.04%,37148400.0,41718100.00000001,4569700.0,78866500.0
sz300774,倍杰特,13.75,9.47%,25.12%,218000000.00000003,193000000.0,25033100.0,412000000.0
sz300625,三雄极光,12.44,9.41%,6.92%,86362000.0,51420700.0,34941200.0,138000000.0
sz301061,匠心家居,39.92,9.37%,6.73%,52147600.0,34267300.0,17880300.0,86414800.0
sh601918,新集能源,4.62,9.22%,6.27%,422000000.0,325000000.0,96731299.99999999,748000000.0
sz000969,安泰科技,9.46,9.11%,7.52%,347000000.0,386000000.0,38905800.0,732000000.0
sz301122,采纳股份,35.08,9.08%,4.28%,43098600.0,22447199.999999996,20651400.0,65545800.0
sz000897,津滨发展,2.9,9.02%,8.57%,195000000.0,206000000.0,10692600.0,401000000.0
sh600745,闻泰科技,44.78,8.95%,3.83%,1156000000.0,985000000.0,171000000.0,2141000000.0
sz301323,新莱福,53.27,8.94%,53.62%,330000000.0,308000000.0,22461900.0,638000000.0
sz301227,森鹰窗业,32.64,8.91%,16.77%,69328000.0,52935300.0,16392700.0,122000000.0
sh600657,信达地产,4.91,8.87%,2.96%,166000000.0,250999999.99999997,85365800.0,416000000.0
sz300007,汉威科技,16.68,8.45%,10.50%,237000000.0,231000000.0,6034000.0,478000000.0
sz300213,佳讯飞鸿,6.07,8.39%,7.97%,148000000.0,123000000.0,25722399.999999996,271000000.0
sh600292,远达环保,7.63,8.38%,13.26%,351000000.0,401000000.0,49695100.0,752000000.0
sz002305,南国置业,2.48,8.30%,6.39%,124000000.0,151000000.0,27072100.0,275000000.0
sz300422,博世科,7.45,8.13%,12.86%,183000000.0,175000000.0,8885400.0,358000000.0
sz000011,深物业A,10.64,8.13%,4.62%,117000000.0,137000000.0,20492800.000000004,260000000.0
sz002246,北化股份,10.04,8.07%,8.53%,259000000.0,200000000.0,58883800.0,459999999.99999994
sh600792,云煤能源,3.62,8.06%,2.31%,41065200.00000001,41823600.0,758400.0,82889000.0
sh688312,燕麦科技,16.88,7.93%,2.14%,29712199.999999996,23086800.0,6625400.0,52799000.0
sz003004,声迅股份,27.94,7.88%,19.95%,85403400.0,100000000.0,14704200.0,186000000.0
sh600565,迪马股份,1.92,7.87%,4.26%,102000000.0,102000000.0,632800.0,204000000.0
sz002543,万和电气,7.98,7.84%,3.56%,100000000.0,90475100.0,9548200.0,190000000.0
sz300185,通裕重工,2.77,7.78%,5.65%,361000000.0,213000000.0,148000000.0,575000000.0
sz002068,黑猫股份,11.72,7.72%,4.13%,198000000.0,153000000.0,44893700.0,351000000.0
sh600533,栖霞建设,3.64,7.69%,5.28%,86970300.0,117000000.0,29599300.0,204000000.0
sh601858,中国科传,33.99,7.60%,9.50%,1249000000.0,1218000000.0,31154000.0,2466000000.0
sz300165,天瑞仪器,6.82,7.57%,12.72%,173000000.0,162000000.0,11305100.0,335000000.0
sh600894,广日股份,7.68,7.56%,2.49%,89558500.0,76683100.0,12875300.0,166000000.0
sz000830,鲁西化工,10.7,7.54%,4.05%,392000000.0,235000000.0,156000000.0,627000000.0
sh600708,光明地产,2.72,7.51%,3.59%,103000000.0,115999999.99999999,12909800.0,219000000.0
sz002431,棕榈股份,2.87,7.49%,6.82%,169000000.0,113999999.99999999,55848900.0,283000000.0
sz300615,欣天科技,16.11,7.47%,5.80%,69415600.0,50304900.0,19110700.0,120000000.0
sz300418,昆仑万维,35.05,7.45%,11.95%,2441000000.0,2016000000.0,426000000.0,4457000000.0
sh600683,京投发展,8.28,7.39%,13.39%,293000000.0,538000000.0,245000000.00000003,831000000.0
sz000965,天保基建,4.38,7.35%,5.04%,99782700.0,147000000.0,47483300.0,247000000.00000003
sz301257,普蕊斯,56.67,7.21%,8.43%,85136299.99999999,86607400.0,1471100.0000000002,172000000.0
sz002718,友邦吊顶,16.08,7.20%,4.66%,17976800.0,28634100.0,10657300.0,46617299.99999999
sz301505,苏州规划,54.99,7.19%,48.97%,290000000.0,254999999.99999997,34811200.0,544000000.0
sz000850,华茂股份,4.19,7.16%,6.27%,125000000.0,126000000.0,91800.0,250999999.99999997
sz300968,格林精密,8.24,7.15%,8.29%,66919100.0,51018700.0,15900400.0,118000000.0
sz002393,力生制药,28.5,7.14%,9.61%,240000000.0,239000000.0,1812500.0,487000000.0
sh601162,天风证券,3.78,7.08%,13.27%,1722000000.0,2711000000.0,989000000.0,4432000000.0
sz300034,钢研高纳,23.97,7.06%,1.26%,124000000.0,99210900.0,24613800.0,223000000.0
sz002474,榕基软件,8.22,7.03%,18.40%,324000000.0,473000000.00000006,149000000.0,798000000.0
sh600649,城投控股,4.74,7.00%,4.54%,273000000.0,279000000.0,6838700.0,552000000.0
sz301092,争光股份,31.85,6.99%,21.16%,138000000.0,143000000.0,5066000.0,282000000.0
sz300523,辰安科技,25.12,6.98%,7.76%,225999999.99999997,214000000.0,12447700.0,440000000.00000006
sz300947,德必集团,16.5,6.93%,9.76%,91573000.0,62660900.0,28912100.0,154000000.0
sh603160,汇顶科技,54.4,6.92%,1.73%,248000000.0,186000000.0,61617200.0,434000000.0
sz300906,日月明,24.28,6.91%,13.78%,57830400.0,50254399.99999999,7576000.0,108000000.0
sz000736,中交地产,14.26,6.90%,9.16%,511000000.00000006,409000000.0,101000000.0,919999999.9999999
sh600067,冠城大通,2.96,6.86%,3.67%,83446299.99999999,68953900.0,14492400.0,152000000.0
sz300694,蠡湖股份,10.6,6.85%,4.55%,58679600.0,42554700.0,16124900.0,101000000.0
sz002285,世联行,2.98,6.81%,3.92%,104000000.0,134000000.00000001,30629600.0,238000000.0
sh600340,华夏幸福,2.36,6.79%,5.79%,297000000.0,242000000.0,55332600.0,539000000.0
sz301203,国泰环保,60.86,6.75%,66.67%,337000000.0,332000000.0,4648300.0,669000000.0
sz000573,粤宏远A,3.98,6.70%,12.83%,129000000.0,199000000.0,69992000.0,327000000.0
sz000926,福星股份,5.11,6.68%,5.42%,141000000.0,121000000.0,19590800.0,262000000.0
sh600546,山煤国际,16.82,6.66%,2.23%,459000000.0,272000000.0,186000000.0,731000000.0
sz300144,宋城演艺,12.84,6.64%,3.49%,592000000.0,455000000.0,136000000.0,1053999999.9999999
sz300675,建科院,16.91,6.62%,10.26%,151000000.0,104000000.0,46524100.0,256000000.0
sh600162,香江控股,2.26,6.60%,2.38%,98789300.0,78262000.0,20527300.0,177000000.0
sh600293,三峡新材,2.92,6.57%,3.24%,57335900.0,52076300.0,5259600.0,109000000.00000001
sh600383,金地集团,7.8,6.56%,5.19%,966000000.0,888000000.0000001,78112000.0,1854000000.0
sh603766,隆鑫通用,5.37,6.55%,2.13%,138000000.0,98516800.0,39515000.0,237000000.0
sz000826,启迪环境,4.59,6.50%,19.39%,659000000.0,583000000.0,76924600.0,1242000000.0
sz002752,昇兴股份,4.93,6.48%,3.35%,79249400.0,83752700.0,4503300.0,164000000.0
sh601001,晋控煤业,9.2,6.48%,2.56%,248000000.0,145000000.0,103000000.0,393000000.0
sz000560,我爱我家,3.0,6.38%,9.80%,288000000.0,375000000.0,87158400.0,666000000.0
sz000797,中国武夷,3.34,6.37%,4.73%,102000000.0,149000000.0,47382100.0,252000000.0
sz002106,莱宝高科,8.4,6.33%,3.98%,88024200.0,152000000.0,64020700.0,240000000.0
sh601155,新城控股,14.68,6.30%,2.02%,392000000.0,284000000.0,108000000.0,676000000.0
sz300561,汇金科技,16.36,6.30%,39.01%,420000000.0,836000000.0,417000000.0,1256000000.0
sh688359,三孚新科,72.65,6.28%,4.05%,64043400.0,64467299.99999999,423900.0,129000000.0
sh603806,福斯特,31.63,6.28%,1.14%,332000000.0,349000000.0,17428200.0,681000000.0
sh600742,一汽富维,8.47,6.27%,4.62%,151000000.0,120000000.0,30284000.0,271000000.0
sh688218,江苏北人,17.0,6.25%,6.93%,80372300.0,64653300.0,15719100.0,145000000.0
sz300897,山科智能,35.2,6.25%,17.94%,85980200.0,95938600.0,9958400.0,182000000.0
sh605305,中际联合,33.04,6.24%,4.14%,73442000.0,73557500.0,115399.99999999999,147000000.0
sh600604,市北高新,5.28,6.24%,1.82%,70958700.0,65428000.0,5530700.000000001,136000000.0
sz002830,名雕股份,13.2,6.19%,7.81%,41718400.0,27535800.0,14182600.0,69254300.0
sz001223,欧克科技,88.3,6.18%,15.73%,99337200.0,133000000.0,33999000.0,233000000.0
sh601799,星宇股份,143.64,6.13%,1.21%,277000000.0,213000000.0,64022700.00000001,490000000.00000006
sz300457,赢合科技,30.65,6.13%,12.12%,1140000000.0,977000000.0,163000000.0,2117000000.0000002
sz301113,雅艺科技,28.85,6.11%,18.05%,47325600.00000001,48843700.0,1518100.0,96169200.0
sz300765,新诺威,11.68,6.09%,1.34%,71945500.0,81114900.0,9169400.0,153000000.0
sh600881,亚泰集团,2.27,6.07%,2.81%,97358000.0,112999999.99999999,15420900.0,210000000.0
sh600716,凤凰股份,4.2,6.06%,7.75%,94972200.0,218000000.00000003,123000000.0,313000000.0
sz301038,深水规院,20.95,6.02%,27.62%,147000000.0,133000000.0,13413500.0,280000000.0
sz000014,沙河股份,14.45,6.02%,15.16%,313000000.0,220000000.00000003,92660200.0,536000000.00000006
sz001323,慕思股份,36.37,6.00%,6.64%,54757600.0,42503700.0,12253900.000000002,97265000.0
sh688512,慧智微,17.64,5.95%,10.63%,50605500.0,44386700.0,6218800.0,94992200.0
sh603022,新通联,9.65,5.93%,2.37%,24669300.0,21518900.0,3150299.9999999995,46188200.0
sz002609,捷顺科技,10.37,5.92%,3.02%,80311500.0,64696500.0,15615000.0,145000000.0
sz300637,扬帆新材,7.21,5.87%,3.68%,32680000.0,30237199.999999996,2442800.0,62917299.99999999
sh688507,索辰科技,111.33,5.83%,11.20%,92341900.0,84082900.00000001,8259000.0,176000000.0
sz000631,顺发恒业,3.09,5.82%,0.76%,29450500.0,26510100.000000004,2940400.0,55960600.00000001
sh688573,信宇人,36.64,5.77%,48.07%,177000000.0,172000000.0,4421000.0,349000000.0
sh605155,西大门,14.87,5.76%,15.52%,34392800.0,76963400.0,42570600.00000001,111000000.00000001
sh601666,平煤股份,8.44,5.76%,3.60%,400000000.0,302000000.0,98014000.0,702000000.0
sz301429,森泰股份,24.31,5.70%,28.59%,96656700.0,99652600.0,2995899.9999999995,196000000.0
sh601099,太平洋,4.46,5.69%,27.36%,3265000000.0,5293000000.0,2027000000.0,8558000000.0
sz300441,鲍斯股份,5.77,5.68%,2.05%,39011900.0,36610300.0,2401500.0,75622300.0
sh600638,新黄浦,6.53,5.66%,2.53%,60195600.00000001,52832700.00000001,7362900.0,112999999.99999999
sh603801,志邦家居,24.29,5.65%,2.22%,139000000.0,91797400.0,47269300.0,231000000.0
sz300119,瑞普生物,18.4,5.63%,2.19%,72570000.0,63548000.0,9022000.0,136000000.0
sz000863,三湘印象,3.75,5.63%,4.93%,117000000.0,101000000.0,16915100.0,218000000.00000003
sh603956,威派格,8.48,5.60%,8.43%,169000000.0,182000000.0,12675300.0,352000000.0
sh600606,绿地控股,3.02,5.59%,0.97%,240000000.0,178000000.0,62428900.0,418000000.0
sz000608,阳光股份,3.21,5.59%,4.56%,60037000.0,50924700.0,9112300.0,111000000.00000001
sh601222,林洋能源,7.2,5.57%,2.08%,170000000.0,143000000.0,27823300.0,313000000.0
sh605268,王力安防,10.07,5.56%,5.88%,25014699.999999996,18891900.0,6122800.0,43906700.0
sh600796,钱江生化,6.45,5.56%,17.61%,174000000.0,160000000.0,13662400.0,334000000.0
sz300746,汉嘉设计,11.43,5.54%,5.11%,77189400.0,52139900.0,25049500.0,129000000.0
sz300854,中兰环保,21.55,5.53%,50.52%,250000000.0,261000000.0,10993100.0,511000000.00000006
sh600376,首开股份,4.77,5.53%,2.09%,144000000.0,115999999.99999999,27772700.0,260000000.0
sz300779,惠城环保,50.59,5.53%,5.15%,147000000.0,103000000.0,43989799.99999999,250999999.99999997
sh603089,正裕工业,8.98,5.52%,3.17%,33739700.0,29735300.000000004,4004400.0,63475000.0
sh688819,天能股份,35.42,5.51%,2.00%,53442800.0,40051600.0,13391099.999999998,93494300.0
sz000517,荣安地产,3.27,5.48%,1.99%,87535900.0,74418400.0,13117500.0,162000000.0
sz000006,深振业A,5.59,5.47%,10.97%,434000000.0,392000000.0,41738700.0,836000000.0
sh600673,东阳光,6.77,5.45%,0.74%,87662300.0,61252700.00000001,26409500.0,149000000.0
sz300942,易瑞生物,15.92,5.43%,25.17%,208000000.0,220000000.00000003,11874100.0,426999999.99999994
sh600239,云南城投,2.94,5.38%,13.28%,301000000.0,338000000.0,36836100.0,639000000.0
sh688472,阿特斯,14.92,5.37%,11.72%,409999999.99999994,346000000.0,63808100.00000001,757000000.0
sz000042,中洲控股,7.87,5.35%,1.30%,38781200.0,29464200.0,9317000.0,68453100.0
sh603970,中农立华,17.8,5.33%,0.87%,26788100.0,14471900.0,12316199.999999998,41260000.0
sh603700,宁水集团,13.83,5.33%,2.44%,36355500.0,32048900.0,4306700.0,68404400.0
sz002517,恺英网络,14.23,5.33%,3.60%,538000000.0,432000000.0,106000000.0,969000000.0
sh600097,开创国际,11.08,5.32%,8.85%,107000000.0,119000000.0,12341700.0,227000000.0
sz301519,舜禹股份,30.75,5.31%,41.40%,247000000.00000003,250999999.99999997,4115700.0,499000000.0
sh688108,赛诺医疗,8.81,5.26%,2.97%,55905400.0,52560500.0,3344900.0,108000000.0
sh600249,两面针,5.4,5.26%,3.82%,70607600.0,43747299.99999999,26860300.000000004,113999999.99999999
sh600459,贵研铂业,15.07,5.24%,2.38%,153000000.0,112999999.99999999,39562600.0,266000000.0
sz301048,金鹰重工,10.92,5.20%,10.10%,84442800.0,65468900.0,18973900.0,150000000.0
sh600082,海泰发展,3.64,5.20%,4.72%,61406000.0,48332299.99999999,13073699.999999998,110000000.00000001
sh603688,石英股份,91.0,5.19%,2.81%,469000000.00000006,459000000.0,10879100.0,927999999.9999999
sz000554,泰山石油,5.88,5.19%,7.34%,97275300.0,57964200.0,39311100.0,156000000.0
sz002586,*ST围海,2.85,5.17%,0.72%,11104600.0,6943300.0,4161300.0,18047900.0
sh688520,神州细胞,58.37,5.17%,2.38%,78260200.0,59772299.99999999,18487900.0,138000000.0
sz301348,蓝箭电子,40.91,5.17%,24.82%,254999999.99999997,231000000.0,23308600.0,486000000.00000006
sz300621,维业股份,10.81,5.16%,1.86%,22192300.0,17367400.0,4824900.0,39559700.0
sz301287,康力源,40.9,5.11%,27.96%,99373900.0,97162700.0,2211200.0,197000000.0
sz301027,华蓝集团,13.36,5.11%,9.41%,74160300.0,53869500.0,20290800.0,128000000.0
sz300032,金龙机电,6.58,5.11%,5.48%,146000000.0,141000000.0,4503100.0,287000000.0
sh603016,新宏泰,20.28,5.08%,1.65%,24875400.0,25223200.0,347800.0,50098500.0
sz300535,达威股份,14.98,5.05%,6.27%,35444600.0,37438400.0,1993800.0,72883100.0
sz002949,华阳国际,15.18,5.05%,2.94%,35724200.0,31566600.0,4157500.0,67290800.0
sh600823,ST世茂,1.46,5.04%,2.44%,50591200.0,82620100.0,32028900.0,133000000.0
sz002789,建艺集团,15.87,5.03%,4.72%,60609799.99999999,36737900.0,23871800.0,97347600.0
sh688101,三达膜,16.7,5.03%,5.12%,134000000.00000001,150000000.0,16192700.0,283000000.0
sz000046,*ST泛海,1.67,5.03%,2.86%,99136200.00000001,144000000.0,45282400.0,247000000.00000003
sh601127,赛力斯,33.65,5.02%,4.51%,1148000000.0,1190000000.0,41744000.0,2338000000.0
sz002572,索菲亚,18.21,5.02%,2.73%,173000000.0,146000000.0,26702399.999999996,319000000.0
sz002663,普邦股份,2.1,5.00%,4.76%,83457000.0,62143300.0,21313700.0,147000000.0
sz002325,洪涛股份,1.68,5.00%,7.57%,112999999.99999999,69819800.0,43668100.00000001,183000000.0
sh600397,安源煤业,3.16,4.98%,3.60%,65621000.0,46958300.0,18662800.0,112999999.99999999
sh600188,兖矿能源,17.4,4.95%,1.58%,722000000.0,530999999.99999994,191000000.0,1253000000.0
sz300085,银之杰,13.78,4.95%,12.94%,495000000.0,463000000.0,32853000.0,965000000.0
sz002476,宝莫股份,4.67,4.94%,2.30%,39914000.0,26023500.0,13890500.0,65937400.0
sz301156,美农生物,19.6,4.93%,17.03%,77429400.0,75003100.0,2426300.0,152000000.0
sz300732,设研院,10.0,4.93%,4.17%,84494900.0,50986300.0,33508600.0,135000000.0
sh688499,利元亨,45.18,4.92%,4.60%,69821600.0,52464900.0,17356600.0,122000000.0
sh603629,利通电子,23.05,4.92%,8.93%,322000000.0,202000000.0,119000000.0,524000000.0
sz300291,百纳千成,6.87,4.89%,4.60%,143000000.0,118000000.0,24372399.999999996,261000000.0
sh605055,迎丰股份,6.45,4.88%,8.16%,30452500.0,22110700.0,8341799.999999999,52563200.0
sh600665,天地源,4.51,4.88%,3.92%,76676800.0,77828000.0,1151200.0,155000000.0
sh603678,火炬电子,33.56,4.88%,1.21%,90977099.99999999,93624700.0,2647600.0,185000000.0
sh605377,华旺科技,20.45,4.87%,2.43%,46534000.0,37220500.0,9313500.0,83754500.0
sh600736,苏州高新,5.18,4.86%,2.94%,99692000.0,77374700.0,22317399.999999996,177000000.0
sz002774,快意电梯,7.8,4.84%,2.08%,24428700.0,21665000.0,2763700.0,46093700.0
sh600864,哈投股份,6.51,4.83%,9.16%,484000000.0,800000000.0,316000000.0,1285000000.0
sz300180,华峰超纤,3.7,4.82%,2.75%,78476300.0,73487000.0,4989300.0,152000000.0
sz301165,锐捷网络,43.33,4.81%,10.19%,137000000.0,137000000.0,55800.0,273000000.0
sh603226,菲林格尔,5.67,4.81%,1.00%,11513400.0,8641000.0,2872400.0,20154400.0
sh688426,康为世纪,33.51,4.78%,7.99%,26144100.0,41214000.0,15069900.0,67358100.0
sh600724,宁波富达,4.17,4.77%,0.79%,26726200.0,21127900.0,5598400.0,47854100.0
sh600153,建发股份,11.42,4.77%,2.14%,396000000.0,310000000.0,85763000.0,707000000.0
sz300649,杭州园林,21.4,4.75%,9.39%,129000000.0,84989300.0,43727200.0,214000000.0
sz300893,松原股份,22.3,4.74%,4.41%,29227300.0,26705800.0,2521500.0,55933200.0
sz300844,山水比德,47.63,4.73%,53.10%,224000000.00000003,219000000.0,4855800.0,443000000.0
sh688682,霍莱沃,50.61,4.72%,1.39%,17079900.0,13570100.0,3509800.0,30650000.0
sz300190,维尔利,4.66,4.72%,6.11%,112999999.99999999,103000000.0,10454400.0,219000000.0
sz002870,香山股份,30.29,4.70%,3.64%,66542200.0,55820900.0,10721300.000000002,123000000.0
sh603833,欧派家居,95.7,4.69%,0.67%,208000000.0,179000000.0,28723500.0,386000000.0
sh600830,香溢融通,6.69,4.69%,3.16%,54960100.0,42218900.0,12741199.999999998,97179000.0
sh600517,国网英大,5.36,4.69%,0.89%,152000000.0,127000000.0,24621100.0,279000000.0
sz000530,冰山冷热,5.36,4.69%,3.79%,74654800.0,45880200.00000001,28774699.999999996,122000000.0
sh600095,湘财股份,9.39,4.68%,6.93%,731000000.0,1187000000.0,457000000.0,1918000000.0
sh605166,聚合顺,9.41,4.67%,2.47%,40278000.0,32849000.0,7429000.0,73126900.0
sz300749,顶固集创,8.76,4.66%,3.57%,25846500.0,22637300.0,3209300.0,48485500.0
sz002271,东方雨虹,29.27,4.65%,2.59%,834000000.0,683000000.0,151000000.0,1517000000.0
sz300911,亿田智能,37.63,4.64%,11.44%,99235500.0,83497200.0,15738400.0,183000000.0
sz300534,陇神戎发,9.51,4.62%,8.52%,142000000.0,108000000.0,33725300.0,250999999.99999997
sz002942,新农股份,17.69,4.61%,0.61%,8652200.0,6405599.999999999,2246600.0,15057800.0
sh688588,凌志软件,14.32,4.60%,4.36%,106000000.0,80802800.0,25205300.000000004,187000000.0
sz002471,中超控股,2.96,4.59%,7.11%,159000000.0,107000000.0,52235000.0,267000000.0
sz300562,乐心医疗,9.84,4.57%,8.21%,73773400.0,56805500.0,16967900.0,131000000.0
sh605009,豪悦护理,42.56,4.57%,6.83%,82272400.0,69587200.0,12685200.0,152000000.0
sh600558,大西洋,3.89,4.57%,3.10%,64305600.00000001,44663900.0,19641700.0,109000000.00000001
sz002244,滨江集团,10.76,4.57%,2.12%,314000000.0,300000000.0,14691199.999999998,614000000.0
sz300094,国联水产,7.34,4.56%,38.07%,1508000000.0,1541000000.0,33335000.0,3049000000.0
sz000002,万科A,14.05,4.54%,1.91%,1486000000.0,1127000000.0,359000000.0,2628000000.0
sz301110,青木股份,46.81,4.53%,10.02%,54487100.0,55955500.0,1468400.0,110000000.00000001
sh600725,云维股份,2.77,4.53%,1.03%,19419000.0,16245900.0,3173100.0,35665000.0
sh603856,东宏股份,12.69,4.53%,2.17%,43285200.00000001,27573900.0,15711300.000000002,70859200.0
sh600503,华丽家族,2.77,4.53%,4.67%,126000000.0,84730600.0,40775600.0,210000000.0
sh600261,阳光照明,3.69,4.53%,1.53%,43685000.0,34092200.0,9592800.0,77777200.0
sh600692,亚通股份,6.25,4.52%,5.70%,45456500.0,45964600.0,508100.0,91421100.0
sz000838,财信发展,3.95,4.50%,6.68%,162000000.0,119000000.0,43474799.99999999,283000000.0
sh600321,正源股份,1.86,4.49%,2.11%,35455700.0,24406700.0,11049000.0,59862400.0
sz000402,金融街,4.9,4.48%,1.23%,84649800.0,97326500.0,12676700.0,183000000.0
sh600255,鑫科材料,2.1,4.48%,2.39%,52076200.0,39111200.0,12965100.0,91187300.0
sz002131,利欧股份,2.34,4.46%,4.51%,354000000.0,259000000.0,95100700.0,614000000.0
sz300798,锦鸡股份,6.83,4.43%,2.43%,30407100.0,22986900.0,7420200.0,53394000.0
sz000685,中山公用,8.02,4.43%,3.94%,206999999.99999997,199000000.0,8275700.000000001,405999999.99999994
sz300284,苏交科,6.38,4.42%,4.45%,142000000.0,112000000.00000001,30148300.0,252999999.99999997
sz003006,百亚股份,14.18,4.42%,4.36%,81580200.0,51217000.0,30363200.0,133000000.0
sh600180,瑞茂通,5.9,4.42%,5.17%,185000000.0,151000000.0,33414300.0,336000000.0
sz000031,大悦城,4.26,4.41%,0.68%,63454799.99999999,52134300.0,11320500.0,117000000.0
sh603378,亚士创能,10.18,4.41%,1.65%,40748300.0,32111500.0,8636800.0,72859800.0
sz002392,北京利尔,3.79,4.41%,2.56%,51755900.0,36231300.0,15524600.0,87987200.0
sz300197,节能铁汉,2.61,4.40%,4.35%,134000000.00000001,91579700.0,41963800.0,225000000.0
sz300832,新产业,60.15,4.39%,0.60%,137000000.0,114999999.99999999,21409699.999999996,252000000.0
sz300510,金冠股份,6.66,4.39%,3.84%,103000000.0,107000000.0,3248800.0,210000000.0
sz301365,矩阵股份,16.21,4.38%,16.02%,60269500.0,59143300.0,1126200.0,119000000.0
sh600819,耀皮玻璃,5.0,4.38%,1.91%,41372800.0,31175300.000000004,10197500.0,72548100.0
sz000938,紫光股份,25.49,4.38%,1.88%,716000000.0,665000000.0,50513700.0,1381000000.0
sz000716,黑芝麻,7.16,4.37%,9.04%,264000000.0,186000000.0,77765300.0,449000000.0
sz300500,启迪设计,17.42,4.37%,3.50%,60545500.0,40659100.0,19886400.0,101000000.0
sz002484,江海股份,17.43,4.37%,1.63%,120000000.0,106000000.0,13439800.0,225999999.99999997
sz000718,苏宁环球,3.11,4.36%,1.65%,61156500.0,57910600.00000001,3245800.0,119000000.0
sh688060,云涌科技,46.07,4.35%,1.30%,10799700.0,10313000.0,486700.0,21112700.0
sh605081,太和水,17.02,4.35%,20.83%,152000000.0,143000000.0,9494400.0,295000000.0
sz300799,*ST左江,278.71,4.35%,0.47%,34127900.0,53821899.99999999,19694000.0,87949900.0
sh601588,北辰实业,2.41,4.33%,2.47%,78988100.0,80914200.0,1926100.0000000002,160000000.0
sz300558,贝达药业,47.18,4.33%,1.51%,150000000.0,153000000.0,2355000.0,303000000.0
sh603385,惠达卫浴,8.21,4.32%,1.25%,20742700.0,17684000.0,3058700.0,38426700.0
sh603709,中源家居,16.01,4.30%,2.03%,16668000.0,15048500.0,1619600.0,31716500.0
sh600639,浦东金桥,12.86,4.30%,1.97%,121000000.0,98694700.0,21854300.0,219000000.0
sh600658,电子城,5.58,4.30%,2.43%,87780800.0,65794100.0,21986700.0,154000000.0
sz001322,箭牌家居,15.07,4.29%,9.50%,82679599.99999999,57093500.0,25586100.0,140000000.0
sh600545,卓郎智能,2.43,4.29%,0.75%,19308000.0,15243599.999999998,4064400.0,34551600.0
sz002247,聚力文化,2.19,4.29%,5.11%,39094900.0,33225000.0,5869900.0,72334500.0
sz002162,悦心健康,4.38,4.29%,2.95%,68142400.0,52499900.0,15642500.0,121000000.0
sh603916,苏博特,12.68,4.28%,1.70%,40920200.0,49936500.0,9016200.0,90856700.0
sz002601,龙佰集团,17.85,4.26%,1.57%,254000000.0,163000000.0,91347300.0,418000000.0
sh600802,福建水泥,5.4,4.25%,2.02%,27895400.0,22510300.000000004,5385100.0,50405700.0
sz300308,中际旭创,111.5,4.25%,6.50%,2955000000.0,2564000000.0,392000000.0,5519000000.0
sz002493,荣盛石化,12.26,4.25%,0.73%,476999999.99999994,372000000.0,105000000.0,849000000.0
sz300668,杰恩设计,18.94,4.24%,2.63%,21774899.999999996,17945600.0,3829300.0,39720500.0
sh601975,招商南油,3.21,4.22%,4.16%,363000000.0,290000000.0,72399600.0,653000000.0
sz301098,金埔园林,12.93,4.19%,8.61%,63700800.0,56937400.0,6763400.0,121000000.0
sz301009,可靠股份,12.18,4.19%,3.74%,26050500.0,18473900.0,7576600.0,44524300.0
sz301151,冠龙节能,17.39,4.19%,5.83%,33725400.0,22053700.0,11671700.0,55779100.0
sz002037,保利联合,9.44,4.19%,4.51%,112999999.99999999,96762800.0,16064100.0,210000000.0
sz000619,海螺新材,6.48,4.18%,2.86%,36660600.0,30532300.0,6128300.0,67192900.0
sz002236,大华股份,20.21,4.18%,3.39%,821000000.0000001,529000000.0,292000000.0,1351000000.0
sz000987,越秀资本,7.23,4.18%,1.40%,231000000.0,291000000.0,60739900.0,523000000.00000006
sz301030,仕净科技,52.49,4.17%,6.12%,160000000.0,184000000.0,24287800.000000004,344000000.0
sh603898,好莱客,10.26,4.16%,0.59%,11286000.0,7793900.0,3492100.0,19079800.0
sh603538,美诺华,16.04,4.16%,3.47%,77751700.0,41948800.0,35802900.0,120000000.0
sz000936,华西股份,9.27,4.16%,10.59%,501000000.0,387000000.0,113999999.99999999,889000000.0
sz000027,深圳能源,6.76,4.16%,1.25%,225999999.99999997,178000000.0,48422100.0,407000000.0
sh600629,华建集团,6.53,4.15%,3.96%,147000000.0,99616900.0,47741700.0,247000000.00000003
sz000090,天健集团,7.02,4.15%,7.28%,495000000.0,463000000.0,31622000.0,964000000.0
sz300334,津膜科技,9.08,4.13%,14.61%,198000000.0,197000000.0,53099.99999999999,395000000.0
sh601008,连云港,4.3,4.12%,3.07%,96061200.00000001,68810000.0,27251200.0,165000000.0
sh600851,海欣股份,7.08,4.12%,2.58%,68001100.0,69923400.0,1922300.0,138000000.0
sz301013,利和兴,14.17,4.11%,15.99%,216000000.0,175000000.0,40178400.0,391000000.0
sz002188,中天服务,6.35,4.10%,5.75%,51205700.0,38199100.0,13006600.0,89404700.0
sh600748,上实发展,4.58,4.09%,3.62%,157000000.0,154000000.0,3114300.0,311000000.0
sh688248,南网科技,30.39,4.08%,3.74%,50401200.0,43009100.0,7392100.0,93410300.0
sz002701,奥瑞金,4.59,4.08%,1.99%,112999999.99999999,123000000.0,9857000.0,236000000.0
sh603848,好太太,16.34,4.08%,2.98%,90421200.00000001,103000000.0,12767200.0,194000000.0
sh603113,金能科技,8.16,4.08%,1.40%,55627400.0,43180800.0,12446600.0,98808200.0
sz002647,仁东控股,5.87,4.08%,5.18%,92588500.0,79223700.0,13364800.0,173000000.0
sh688410,山外山,42.4,4.07%,14.94%,103000000.0,133000000.0,29498800.0,236000000.0
sz002069,獐子岛,5.11,4.07%,13.83%,250000000.0,239000000.0,11141000.0,488999999.99999994
sh600348,华阳股份,7.67,4.07%,1.92%,307000000.0,229000000.0,78043700.0,536000000.00000006
sh600675,中华企业,4.1,4.06%,0.75%,101000000.0,89636600.0,11233000.0,191000000.0
sz000777,中核科技,13.34,4.06%,3.04%,78301300.0,79955000.0,1653700.0,158000000.0
sz301386,未来电器,27.0,4.05%,23.76%,114999999.99999999,101000000.0,13910600.0,216000000.0
sh603059,倍加洁,22.12,4.05%,2.11%,26457800.000000004,20928900.0,5528800.0,47386700.0
sz002833,弘亚数控,16.97,4.05%,1.88%,40135200.0,41509500.0,1374300.0,81644700.0
sh601766,中国中车,6.18,4.04%,0.46%,394000000.0,308000000.0,85830200.0,702000000.0
sz002713,东易日盛,8.24,4.04%,2.13%,39273900.0,31690100.000000004,7583900.0,70964000.0
sz002115,三维通信,5.93,4.04%,3.55%,82657000.0,67759000.0,14898000.0,150000000.0
sh600105,永鼎股份,6.19,4.03%,5.82%,276000000.0,227000000.0,48988700.0,503000000.0
sh600052,东望时代,4.91,4.03%,1.46%,30452800.000000004,30238300.0,214400.0,60691100.0
sz301057,汇隆新材,16.83,4.02%,2.87%,11247000.0,9945700.0,1301399.9999999998,21192700.0
sh603103,横店影视,19.0,4.00%,1.69%,104000000.0,98693600.0,5644100.0,202999999.99999997
sz002043,兔宝宝,10.14,4.00%,6.45%,275000000.0,185000000.0,89210900.0,459999999.99999994
sz000623,吉林敖东,17.16,4.00%,3.41%,366000000.0,332000000.0,34421100.0,698000000.0
sh688395,正弦电气,22.96,3.99%,3.87%,13509600.0,21584899.999999996,8075300.0,35094400.0
sz002029,七匹狼,6.25,3.99%,1.94%,52568600.0,35674900.0,16893600.0,88243500.0
sz000652,泰达股份,4.44,3.98%,4.11%,149000000.0,125000000.0,23757800.000000004,274000000.0
sz300865,大宏立,20.93,3.97%,16.49%,54698100.00000001,41328500.0,13369600.0,96026600.0
sh601869,长飞光纤,31.2,3.97%,0.51%,34321400.0,31131200.0,3190200.0,65452600.0
sz300251,光线传媒,9.17,3.97%,2.46%,341000000.0,290000000.0,51337000.0,631000000.0
sh605287,德才股份,18.12,3.96%,3.12%,25838100.0,24247300.0,1590800.0000000002,50085400.0
sh600463,空港股份,8.92,3.96%,1.51%,23528000.0,17297500.0,6230500.0,40825500.0
sz000766,通化金马,6.3,3.96%,3.65%,122000000.0,97636900.0,24674500.0,220000000.00000003
sh600208,新湖中宝,2.63,3.95%,1.99%,254999999.99999997,197000000.0,58559000.0,451999999.99999994
sh688616,西力科技,11.6,3.94%,4.24%,15875800.0,12350700.0,3525100.0,28226600.0
sh600015,华夏银行,5.8,3.94%,0.80%,366000000.0,234000000.0,132000000.0,600000000.0
sz002681,奋达科技,4.48,3.94%,4.08%,136000000.0,115999999.99999999,20180800.0,252999999.99999997
sz002278,神开股份,5.56,3.93%,4.89%,46820900.0,47859600.0,1038800.0,94680500.0
sh688563,航材股份,61.5,3.92%,6.91%,153000000.0,136000000.0,16359800.0,289000000.0
sh603511,爱慕股份,15.89,3.92%,5.25%,23625000.0,21828200.0,1796800.0,45453200.0
sh603008,喜临门,20.95,3.92%,2.25%,91839000.0,93428200.0,1589199.9999999998,185000000.0
sh600053,九鼎投资,13.79,3.92%,1.42%,42832500.0,43828800.0,996300.0,86661299.99999999
sz002144,宏达高科,11.41,3.92%,5.19%,47791700.0,35108300.0,12683400.0,82900000.0
sz301148,嘉戎技术,33.46,3.91%,39.61%,250999999.99999997,249000000.00000003,1977400.0,500000000.0
sh600390,五矿资本,5.84,3.91%,2.32%,334000000.0,295000000.0,39177200.0,630000000.0
sz300111,向日葵,2.93,3.90%,2.73%,48166700.0,42915200.00000001,5251500.0,91287700.0
sh688126,沪硅产业,19.46,3.90%,0.59%,177000000.0,140000000.0,37079100.0,317000000.0
sz002620,瑞和股份,5.33,3.90%,2.07%,18650600.0,16179000.0,2471500.0,34829700.0
sz000655,金岭矿业,6.66,3.90%,1.26%,29157900.0,21204300.0,7953500.0,50362200.0
sz301088,戎美股份,16.28,3.89%,5.18%,24321700.0,23412399.999999996,909300.0000000001,47750500.0
sz300698,万马科技,23.78,3.89%,1.82%,26945800.0,26584100.0,361700.0,53529900.0
sz002418,康盛股份,2.94,3.89%,4.43%,83234500.0,66076800.0,17157700.0,149000000.0
sz002249,大洋电机,5.35,3.88%,1.96%,102000000.0,86554599.99999999,15594200.0,189000000.0
sz301373,凌玮科技,30.86,3.87%,9.44%,41909399.99999999,36818800.0,5090600.0,78728200.0
sh688088,虹软科技,34.9,3.87%,1.69%,127000000.0,118000000.0,8762000.0,245000000.00000003
sh600909,华安证券,5.37,3.87%,3.81%,529000000.0,465000000.00000006,64469799.99999999,994000000.0
sh600663,陆家嘴,10.46,3.87%,0.42%,67065700.0,62790200.00000001,4275500.0,130000000.0
sh600561,江西长运,5.65,3.86%,3.69%,31951900.0,28469100.0,3482799.9999999995,60420900.0
sz300059,东方财富,16.4,3.86%,8.91%,10097000000.0,10547000000.0,450000000.0,20643000000.0
sz000558,莱茵体育,2.96,3.86%,3.10%,66329000.0,51551500.0,14777500.0,119000000.0
sh603661,恒林股份,32.33,3.85%,0.55%,12267400.0,12548599.999999998,281200.0,24816000.0
sh601519,大智慧,8.63,3.85%,11.35%,744000000.0,1298000000.0,554000000.0,2043000000.0
sh600064,南京高科,6.74,3.85%,1.93%,119000000.0,110000000.00000001,8433700.0,229000000.0
sz300632,光莆股份,11.06,3.85%,2.12%,26964899.999999996,24357399.999999996,2607600.0,51322299.99999999
sz000686,东北证券,8.36,3.85%,3.94%,343000000.0,450000000.0,107000000.0,795000000.0
sz002791,坚朗五金,59.24,3.84%,2.45%,125000000.0,115999999.99999999,8893300.0,240000000.0
sz000029,深深房A,12.2,3.83%,1.87%,122000000.0,85321500.0,36399900.0,209000000.0
sh603828,柯利达,3.8,3.83%,11.14%,125000000.0,134000000.00000001,8987000.0,259000000.0
sh600570,恒生电子,35.47,3.83%,2.68%,832000000.0,1042000000.0,210000000.0,1873999999.9999998
sh600458,时代新材,10.31,3.83%,1.73%,75311400.0,70198000.0,5113400.0,146000000.0
sh600061,国投资本,7.86,3.83%,1.48%,455000000.0,318000000.0,137000000.0,773000000.0
sz000563,陕国投A,3.25,3.83%,2.37%,198000000.0,204999999.99999997,7290800.0,405000000.0
sz002989,中天精装,14.69,3.82%,2.70%,40674200.0,25148200.0,15526000.0,65822299.99999999
sz000812,陕西金叶,5.44,3.82%,9.08%,218000000.00000003,169000000.0,48561300.0,386000000.0
sh600983,惠而浦,7.9,3.81%,0.32%,10863699.999999998,8460400.0,2403400.0,19324100.0
sz300374,中铁装配,14.16,3.81%,4.86%,76248700.0,56466700.0,19782000.0,133000000.0
sz300033,同花顺,169.5,3.81%,7.49%,1846000000.0,1782999999.9999998,62616000.0,3629000000.0
sh601005,重庆钢铁,1.64,3.80%,2.43%,190000000.0,147000000.0,43664100.0,337000000.0
sh600643,爱建集团,5.74,3.80%,2.14%,95064900.0,110000000.00000001,14710800.0,204999999.99999997
sz002761,浙江建投,13.94,3.80%,3.19%,272000000.0,215000000.0,56932200.0,488000000.0
sz002446,盛路通信,7.92,3.80%,3.05%,115999999.99999999,89727000.0,26624699.999999996,206000000.0
sz002410,广联达,23.79,3.80%,2.81%,488999999.99999994,401999999.99999994,86861800.0,891000000.0
sz000534,万泽股份,11.76,3.80%,1.51%,40500100.0,48511100.0,8011000.0,89698000.0
sh688073,毕得医药,68.8,3.79%,4.67%,35114500.0,27462300.0,7652300.0,62576800.0
sz300796,贝斯美,12.6,3.79%,4.33%,107000000.0,94950400.00000001,11832600.0,202000000.0
sz000695,滨海能源,12.33,3.79%,1.07%,19341500.0,9944000.0,9397600.0,29285500.0
sh600535,天士力,13.69,3.79%,1.13%,133000000.0,102000000.0,31468900.0,235000000.0
sz002109,兴化股份,4.38,3.79%,0.61%,18584800.0,9675500.0,8909300.0,28260300.000000004
sz000516,国际医学,7.95,3.79%,1.84%,133000000.0,149000000.0,15957300.0,283000000.0
sh688212,澳华内镜,56.9,3.78%,2.74%,87790100.0,52678500.0,35111600.0,140000000.0
sz300977,深圳瑞捷,24.7,3.78%,43.81%,212000000.0,216000000.0,3507200.0000000005,428000000.0
sz300279,和晶科技,5.21,3.78%,3.31%,39265000.0,35993200.0,3271800.0,75258200.0
sz000717,中南股份,3.02,3.78%,1.41%,61445900.0,42615100.0,18830800.0,104000000.0
sz300237,美晨生态,2.2,3.77%,3.65%,60322800.0,55011600.0,5311200.0,115999999.99999999
sz002918,蒙娜丽莎,18.42,3.77%,5.30%,103000000.0,112000000.00000001,8313700.0,215000000.0
sz002225,濮耐股份,3.85,3.77%,2.43%,42161800.0,35408900.0,6752900.0,77570800.0
sz002088,鲁阳节能,15.43,3.77%,0.98%,38936400.0,29504699.999999996,9431800.0,68441100.0
sz001979,招商蛇口,14.3,3.77%,1.05%,639000000.0,523000000.00000006,115999999.99999999,1162000000.0
sz000828,东莞控股,9.91,3.77%,4.57%,112000000.00000001,378000000.0,266000000.0,490000000.00000006
sh603499,翔港科技,9.11,3.76%,1.28%,11959300.0,11725500.0,233800.0,23684800.0
sh600690,海尔智家,23.43,3.76%,0.64%,548000000.0,405000000.0,142000000.0,952999999.9999999
sh600854,春兰股份,4.7,3.75%,2.70%,37192800.0,28892800.000000004,8300100.0,66085600.00000001
sz000548,湖南投资,5.25,3.75%,3.38%,49394900.0,39724400.0,9670500.0,89448400.0
sz000532,华金资本,10.82,3.74%,2.21%,51867700.00000001,31623200.0,20244500.0,84104400.0
sz000036,华联控股,4.16,3.74%,1.79%,55513400.0,55389900.0,123500.0,112000000.00000001
sz001282,三联锻造,28.89,3.73%,16.50%,60519000.0,75625100.0,15106099.999999998,136000000.0
sh688503,聚和材料,73.63,3.73%,3.52%,44284000.0,52829200.0,8545200.0,97113200.0
sh603353,和顺石油,20.02,3.73%,0.95%,20235100.0,13176500.0,7058700.0,33411600.0
sh601608,中信重工,3.89,3.73%,0.83%,72770500.0,68192900.0,4577600.0,141000000.0
sz002887,绿茵生态,10.56,3.73%,17.77%,150000000.0,155000000.0,4960000.0,305000000.0
sh601012,隆基绿能,26.48,3.72%,2.48%,2700000000.0,2358000000.0,342000000.0,5057000000.0
sh600266,城建发展,7.8,3.72%,6.73%,645000000.0,570000000.0,75049400.0,1215000000.0
sh601136,首创证券,26.21,3.72%,46.94%,1233000000.0,2271000000.0,1038000000.0000001,3504000000.0
sh688617,惠泰医疗,330.01,3.71%,1.74%,125000000.0,134000000.00000001,8905600.0,258000000.0
sz001368,通达创智,23.25,3.70%,14.35%,45055000.0,50362299.99999999,5307300.0,95417200.0
sz000877,天山股份,8.12,3.70%,1.18%,106000000.0,71108900.0,34814700.0,177000000.0
sz002523,天桥起重,2.81,3.69%,1.81%,41220400.0,29436100.0,11784300.0,71399500.0
sz301076,新瀚新材,22.85,3.68%,5.01%,44270400.0,36579200.0,7691200.0,80849700.0
sh601696,中银证券,11.82,3.68%,6.09%,971000000.0000001,1092000000.0,121000000.0,2064000000.0
sh688376,美埃科技,30.54,3.67%,3.60%,19300300.0,16335200.0,2965200.0,35635500.0
sh603677,奇精机械,12.99,3.67%,2.29%,26941900.0,30198300.0,3256400.0,57140200.00000001
sz000069,华侨城A,4.52,3.67%,1.11%,206000000.0,151000000.0,54404100.0,359000000.0
sz002583,海能达,5.67,3.66%,2.16%,88564700.0,69312900.0,19251800.0,158000000.0
sh600155,华创云信,7.68,3.64%,6.87%,491000000.0,738000000.0,246000000.0,1229000000.0
sz000058,深赛格,6.56,3.63%,1.15%,40737200.0,33164699.999999996,7572500.0,75025800.0
sz300905,宝丽迪,18.0,3.63%,7.34%,35384300.0,28441500.0,6942800.0,63825800.0
sz300663,科蓝软件,13.7,3.63%,7.99%,248000000.0,216000000.0,31984400.0,463000000.0
sz301166,优宁维,38.69,3.62%,4.75%,41202100.0,36371000.0,4831100.0,77573200.0
sh600515,海南机场,4.01,3.62%,0.83%,148000000.0,158000000.0,9834200.0,306000000.0
sz300118,东方日升,19.77,3.62%,3.67%,346000000.0,333000000.0,13791000.0,684000000.0
sz002578,闽发铝业,3.73,3.61%,1.72%,32655200.0,22874500.0,9780700.0,55529700.0
sz000899,赣能股份,8.03,3.61%,1.20%,48752200.0,46052500.0,2699700.0000000005,94804599.99999999
sh688002,睿创微纳,48.6,3.60%,1.04%,112000000.00000001,114999999.99999999,3321100.0,227000000.0
sh603153,上海建科,16.44,3.59%,14.91%,76536900.0,60187299.99999999,16349700.0,137000000.0
sh601828,美凯龙,4.91,3.59%,0.87%,82214000.0,74950200.0,7263800.0,157000000.0
sh600498,烽火通信,16.74,3.59%,1.42%,148000000.0,127000000.0,20826300.0,274000000.0
sz002798,帝欧家居,6.63,3.59%,2.24%,20981100.0,22887300.0,1906100.0000000002,43868500.0
sh601375,中原证券,4.34,3.58%,8.07%,533000000.0,721000000.0,188000000.0,1255000000.0
sh600219,南山铝业,3.18,3.58%,0.92%,194000000.0,150000000.0,44305700.0,344000000.0
sh688651,盛邦安全,45.51,3.57%,22.43%,85959300.0,80961200.0,4998100.0,167000000.0
sh603216,梦天家居,12.76,3.57%,4.64%,21242600.000000004,11878000.0,9364600.0,33120600.0
sz301043,绿岛风,29.9,3.57%,5.79%,15983599.999999998,15618000.0,365700.0,31601600.0
sh600630,龙头股份,5.81,3.57%,4.01%,54986899.99999999,45494500.0,9492400.0,100000000.0
sz002394,联发股份,8.13,3.57%,7.02%,100000000.0,85875700.0,14156500.0,187000000.0
sz002002,鸿达兴业,2.32,3.57%,2.85%,113999999.99999999,93021600.0,21348600.0,206999999.99999997
sz001267,汇绿生态,5.82,3.56%,2.64%,28026300.0,28148400.0,122100.00000000001,56174799.99999999
sh603682,锦和商管,6.4,3.56%,5.74%,92363799.99999999,82322600.0,10041200.0,175000000.0
sz300195,长荣股份,5.82,3.56%,3.96%,37405100.0,35966000.0,1439100.0,73371000.0
sz002208,合肥城建,7.27,3.56%,4.42%,106000000.0,96184900.0,9933600.0,202000000.0
sz000898,鞍钢股份,2.91,3.56%,0.60%,79258400.0,61364300.0,17894100.0,141000000.0
sh688268,华特气体,59.0,3.55%,1.21%,46365900.0,40560400.0,5805500.0,86926299.99999999
sz002061,浙江交科,4.08,3.55%,1.95%,112999999.99999999,96523200.0,16850900.0,210000000.0
sz301397,溯联股份,43.93,3.54%,8.26%,48205300.0,39891800.0,8313500.0,88097099.99999999
sh603383,顶点软件,62.85,3.54%,5.44%,208000000.0,392000000.0,184000000.0,600000000.0
sh601225,陕西煤业,16.98,3.54%,0.70%,695000000.0,461000000.00000006,234000000.0,1155000000.0
sz002133,广宇集团,3.8,3.54%,3.93%,61474900.0,55080400.0,6394500.0,117000000.0
sz000617,中油资本,6.73,3.54%,1.14%,559000000.0,428000000.0,131000000.0,986999999.9999999
sh688257,新锐股份,25.49,3.53%,2.75%,33292000.0,26563000.0,6729000.0,59855100.0
sz301307,美利信,31.99,3.53%,9.28%,76958400.0,64092900.0,12865500.0,141000000.0
sh600705,中航产融,3.81,3.53%,2.52%,445000000.0,421000000.0,24307700.0,867000000.0
sz000672,上峰水泥,9.67,3.53%,1.62%,86031900.0,67618000.0,18414000.0,154000000.0
sz002596,海南瑞泽,2.94,3.52%,2.78%,52737700.00000001,34792500.0,17945200.0,87560800.0
sh603515,欧普照明,18.87,3.51%,0.27%,18816800.0,19425800.0,608900.0,38242600.0
sh603000,人民网,36.02,3.51%,9.88%,2039999999.9999998,1870000000.0,170000000.0,3911000000.0
sz002104,恒宝股份,8.55,3.51%,5.09%,147000000.0,114999999.99999999,31493800.0,263000000.0
sh600470,六国化工,5.32,3.50%,2.68%,46563600.0,28301400.0,18262200.0,74865100.0
sz000890,法尔胜,4.74,3.49%,7.66%,86468000.0,66294300.0,20173700.0,153000000.0
sh600149,廊坊发展,5.65,3.48%,2.37%,27994800.0,23767399.999999996,4227400.0,51762200.0
sh601512,中新集团,9.52,3.48%,0.44%,31382500.0,33105700.0,1723100.0,64488200.0
sh600308,华泰股份,3.87,3.48%,1.09%,33759600.0,30890900.0,2868700.0,64650400.0
sz002671,龙泉股份,4.76,3.48%,5.06%,63159000.0,48359200.0,14799800.0,112000000.00000001
sz002374,中锐股份,3.87,3.48%,1.89%,45329100.0,32723400.0,12605700.0,78570800.0
sz000679,大连友谊,5.66,3.47%,2.71%,29383300.0,26015900.0,3367400.0,55399200.0
sz002865,钧达股份,103.16,3.47%,8.17%,851000000.0,798000000.0,53303000.0,1657999999.9999998
sz000632,三木集团,4.47,3.47%,3.58%,42835500.0,32836400.0,9999100.0,75671900.0
sz301419,阿莱德,42.42,3.46%,22.88%,108000000.0,141000000.0,33051900.0,249000000.00000003
sz300931,通用电梯,7.77,3.46%,6.39%,29302300.0,23658400.0,5643900.0,52960800.0
sh603081,大丰实业,14.97,3.46%,0.91%,24831800.0,30126800.0,5295000.0,54958600.0
sh600287,江苏舜天,5.38,3.46%,1.67%,20493800.0,19324800.0,1169100.0,39818600.0
sz300194,福安药业,3.89,3.46%,4.10%,79516800.0,75628300.0,3888399.9999999995,155000000.0
sz300559,佳发教育,14.7,3.45%,3.01%,68756900.0,71896300.0,3139500.0,141000000.0
sz000949,新乡化纤,3.31,3.44%,1.51%,38362000.0,32400200.0,5961799.999999999,70762200.0
sz000935,四川双马,16.56,3.44%,0.73%,54148900.0,39923500.0,14225500.0,94075700.0
sz301325,曼恩斯特,89.0,3.43%,8.18%,87997300.0,98806800.0,10809500.0,187000000.0
sz000779,甘咨询,11.17,3.43%,3.53%,88724400.0,62041000.0,26683400.0,151000000.0
sh600805,悦达投资,4.52,3.43%,1.25%,27895300.000000004,20776400.0,7119000.0,48671700.0
sh600773,西藏城投,12.35,3.43%,1.49%,79726500.0,73429300.0,6297200.0,153000000.0
sz002508,老板电器,27.73,3.43%,1.42%,214000000.0,159000000.0,55209200.0,373000000.0
sh600960,渤海汽车,3.63,3.42%,1.60%,33067500.0,22871800.0,10195700.0,55939300.0
sh600017,日照港,3.02,3.42%,1.85%,90685300.0,82580000.0,8105300.0,173000000.0
sz300230,永利股份,3.63,3.42%,1.54%,19492900.0,16165800.0,3327100.0,35658600.0
sz002475,立讯精密,32.06,3.42%,0.88%,1052999999.9999999,965000000.0,87685000.0,2032999999.9999998
sz002463,沪电股份,20.24,3.42%,3.01%,602000000.0,563000000.0,38999400.0,1165000000.0
sh603166,福达股份,6.37,3.41%,1.18%,26891000.0,22312000.0,4579000.0,49203000.0
sz300021,大禹节水,5.16,3.41%,4.53%,93978799.99999999,70881000.0,23097800.000000004,166000000.0
sz000413,东旭光电,1.82,3.41%,1.33%,55636100.0,62031800.0,6395700.000000001,122000000.0
sh603966,法兰泰克,9.13,3.40%,1.52%,23650100.000000004,27351000.0,3700899.9999999995,51001200.0
sh603389,亚振家居,5.48,3.40%,1.71%,12456700.0,12480600.0,23900.0,24937199.999999996
sz300163,先锋新材,3.35,3.40%,3.13%,26653100.0,23799300.0,2853800.0,50458800.0
sz002377,国创高新,3.04,3.40%,9.76%,162000000.0,114999999.99999999,46851000.0,277000000.0
sz000951,中国重汽,16.42,3.40%,0.90%,101000000.0,73255800.0,27424100.0,174000000.0
sh600678,四川金顶,5.49,3.39%,2.11%,24889300.0,15988800.000000002,8900500.0,40878100.0
sh600051,宁波联合,7.35,3.38%,2.06%,26544500.0,21035100.000000004,5509400.000000001,47579700.0
sh601066,中信建投,26.63,3.38%,1.48%,700000000.0,842000000.0,142000000.0,1541000000.0
sz300158,振东制药,5.5,3.38%,2.06%,63899000.0,53454600.0,10444400.0,117000000.0
sz000973,佛塑科技,4.59,3.38%,2.12%,57123800.0,37723800.0,19400000.0,94847700.0
sz000590,启迪药业,7.96,3.38%,6.35%,72382600.0,50151600.0,22231000.0,123000000.0
sh600801,华新水泥,13.79,3.37%,0.83%,86949900.0,66865300.0,20084500.0,154000000.0
sh688612,威迈斯,42.77,3.36%,8.76%,61038600.0,60600200.00000001,438400.00000000006,122000000.0
sz300281,金明精机,5.25,3.35%,1.78%,18755100.0,18885100.0,130000.0,37640200.0
sh600661,昂立教育,8.65,3.35%,1.84%,28847500.0,17039400.0,11808100.0,45886899.99999999
sh600808,马钢股份,2.78,3.35%,0.98%,93115100.0,70823800.0,22291300.0,164000000.0
sh600783,鲁信创投,12.97,3.35%,1.46%,73738900.0,70453700.0,3285100.0,144000000.0
sz000783,长江证券,6.47,3.35%,2.77%,437000000.0,596000000.0,160000000.0,1033000000.0
sz300640,德艺文创,5.89,3.33%,3.33%,26260000.0,17572800.0,8687200.0,43850900.0
sz301498,乖宝宠物,43.77,3.33%,25.04%,229000000.0,198000000.0,31302600.000000004,426000000.0
sh605058,澳弘电子,20.15,3.33%,4.94%,24798000.0,18524700.0,6273300.0,43322700.00000001
sh600871,石化油服,2.17,3.33%,0.77%,119000000.0,109000000.00000001,10422000.0,229000000.0
sz000030,富奥股份,5.27,3.33%,0.81%,32002000.0,40034800.0,8032800.0,72400800.0
sh688485,九州一轨,14.64,3.32%,17.17%,36359300.0,48239200.0,11879800.0,84598500.0
sh601015,陕西黑猫,4.36,3.32%,2.47%,123000000.0,99105900.0,23849800.0,222000000.00000003
sz300135,宝利国际,2.8,3.32%,4.00%,46858500.0,33182100.0,13676400.000000002,80071000.0
sz002602,世纪华通,5.29,3.32%,2.98%,578000000.0,526000000.0,51746700.0,1104000000.0
sh601598,中国外运,5.3,3.31%,1.58%,213000000.0,225000000.0,12734500.0,438000000.0
sh600997,开滦股份,6.24,3.31%,1.04%,54924799.99999999,48960900.0,5963900.0,104000000.0
sh600120,浙江东方,4.06,3.31%,2.07%,147000000.0,146000000.0,1803300.0000000002,293000000.0
sz300601,康泰生物,27.49,3.31%,1.69%,231000000.0,187000000.0,43803800.0,418000000.0
sh600227,赤天化,2.82,3.30%,1.03%,21133200.0,15901199.999999998,5232000.0,37034500.0
sz000967,盈峰环境,5.01,3.30%,0.82%,65321300.0,65874399.99999999,553100.0,131000000.0
sz300907,康平科技,21.32,3.29%,6.93%,27590500.0,28181700.0,591200.0,55772100.0
sz000541,佛山照明,5.34,3.29%,0.98%,28817700.0,26655600.0,2162100.0,55920700.0
sh600758,辽宁能源,4.4,3.29%,1.79%,58758800.0,46094600.0,12664200.0,105000000.0
sz002442,龙星化工,5.02,3.29%,2.46%,33712000.0,26711200.0,7000900.0,60423000.0
sz002114,罗平锌电,7.22,3.29%,3.86%,42679799.99999999,46626100.0,3946300.0,89305900.0
sh600202,哈空调,5.99,3.28%,8.75%,108000000.0,92111600.0,15863599.999999998,200000000.0
sh603871,嘉友国际,17.62,3.28%,1.05%,75927500.0,55163300.0,20764200.0,131000000.0
sz002923,润都股份,11.96,3.28%,1.25%,21958200.0,16767800.0,5190400.0,38725900.0
sz000958,电投产融,4.41,3.28%,0.56%,65036500.0,69649300.0,4612800.0,135000000.0
sz301353,普莱得,35.06,3.27%,17.37%,65461899.99999999,53848700.0,11613200.0,119000000.0
sh688099,晶晨股份,85.66,3.27%,0.76%,142000000.0,132000000.0,10235200.0,274000000.0
sh601611,中国核建,7.59,3.27%,0.94%,102000000.0,108000000.0,5523800.0,210000000.0
sz300551,古鳌科技,24.35,3.27%,4.54%,115999999.99999999,145000000.0,29172900.0,261000000.0
sz002075,沙钢股份,4.1,3.27%,1.59%,85495300.0,58766800.0,26728500.0,145000000.0
sz000968,蓝焰控股,7.58,3.27%,1.80%,70469100.0,62793400.0,7675700.000000001,133000000.0
sh688256,寒武纪,145.1,3.26%,2.74%,572000000.0,438999999.99999994,133000000.0,1011000000.0
sh603818,曲美家居,5.39,3.26%,1.46%,25969400.0,20357400.0,5612000.0,46326800.0
sz002940,昂利康,17.74,3.26%,1.76%,29227300.0,29639000.0,411700.0,58866400.0
sh605303,园林股份,11.77,3.25%,2.65%,12932000.0,8491800.0,4440200.0,21423900.0
sz002753,永东股份,6.98,3.25%,2.06%,20356800.0,14904600.0,5452300.0,35261400.0
sz000821,京山轻机,16.52,3.25%,4.34%,233000000.0,189000000.0,44100100.0,423000000.00000006
sh605007,五洲特纸,13.38,3.24%,3.89%,21949300.0,21359300.0,590000.0,43308500.0
sh688151,华强科技,21.05,3.24%,5.11%,54877200.0,52842299.99999999,2034900.0,108000000.0
sz300889,爱克股份,14.03,3.24%,2.98%,19857200.0,17688000.0,2169200.0,37545100.0
sh600686,金龙汽车,7.0,3.24%,3.54%,97482000.0,82372900.00000001,15109100.0,180000000.0
sz300476,胜宏科技,20.4,3.24%,4.26%,400000000.0,357000000.0,43386300.0,757000000.0
sz000910,大亚圣象,7.96,3.24%,1.48%,38302000.0,26800400.0,11501600.0,65102400.0
sh688603,天承科技,76.72,3.23%,5.51%,23831800.0,27953400.0,4121600.0000000005,51785200.00000001
sh600493,凤竹纺织,5.76,3.23%,2.42%,21721100.0,16621800.0,5099400.0,38343000.0
sh601388,怡球资源,2.88,3.23%,1.14%,39434900.0,33318900.0,6116000.0,72753700.0
sh600853,龙建股份,4.15,3.23%,2.74%,58457000.0,57001100.0,1455900.0,114999999.99999999
sh600378,昊华科技,31.98,3.23%,0.33%,46189500.0,50388500.0,4199000.0,96578000.0
sh600325,华发股份,10.86,3.23%,2.12%,254999999.99999997,237000000.0,17352900.0,492000000.0
sh600248,陕建股份,4.79,3.23%,4.11%,155000000.0,135000000.0,19204000.0,290000000.0
sz300616,尚品宅配,18.88,3.23%,2.79%,39918500.0,29191900.0,10726600.0,69110300.0
sz002375,亚厦股份,4.79,3.23%,1.58%,54902500.0,46831200.0,8071200.0,102000000.0
sh603088,宁波精达,8.98,3.22%,2.03%,39151700.0,39942100.0,790400.0000000001,79093800.0
sh600251,冠农股份,9.63,3.22%,2.55%,99592500.0,92019100.0,7573500.0,192000000.0
sz002856,美芝股份,10.27,3.22%,3.62%,22099100.0,17993000.0,4106100.0,40444300.0
sh688576,西山科技,95.28,3.21%,7.35%,44368800.0,41748800.0,2620000.0,86117600.0
sh688475,萤石网络,45.0,3.21%,3.29%,70941900.0,60657299.99999999,10284600.0,132000000.0
sh600426,华鲁恒升,32.84,3.21%,0.71%,273000000.0,222000000.00000003,51417299.99999999,495000000.0
sh600318,新力金融,7.07,3.21%,7.27%,143000000.0,130000000.0,12932400.0,272000000.0
sz300444,双杰电气,6.1,3.21%,5.06%,97490000.0,88371900.0,9118100.0,186000000.0
sz000983,山西焦煤,8.37,3.21%,1.88%,350000000.0,296000000.0,53967100.0,646000000.0
sh605208,永茂泰,8.71,3.20%,4.37%,31477700.0,33424100.0,1946399.9999999998,64901899.99999999
sz300983,尤安设计,34.46,3.20%,10.76%,67204800.0,52476000.0,14728900.000000002,120000000.0
sz300677,英科医疗,19.7,3.20%,1.90%,83363600.0,98462600.0,15099000.0,182000000.0
sz000727,冠捷科技,2.26,3.20%,1.96%,79022700.0,72788300.0,6234400.000000001,152000000.0
sz002486,嘉麟杰,2.91,3.19%,2.30%,30981900.0,25431200.0,5550700.000000001,56414300.0
sh603170,宝立食品,18.74,3.19%,1.92%,28724500.0,28896400.0,171900.0,57620900.0
sz300391,长药控股,6.14,3.19%,2.82%,32964600.0,28505700.0,4458900.0,61470200.00000001
sz002665,首航高科,2.91,3.19%,3.10%,134000000.00000001,91240500.0,43167100.0,225999999.99999997
sz300116,保力新,1.62,3.18%,4.34%,138000000.0,154000000.0,16160400.0,293000000.0
sh603816,顾家家居,41.86,3.18%,0.60%,90365300.0,117000000.0,26480500.0,206999999.99999997
sh603323,苏农银行,4.54,3.18%,2.85%,98218799.99999999,103000000.0,5131500.0,202000000.0
sz002621,美吉姆,3.57,3.18%,2.17%,35272700.0,27206100.0,8066600.0,62478900.0
sh688601,力芯微,44.59,3.17%,3.33%,53313200.0,52838800.0,474500.0,106000000.0
sh600479,千金药业,10.43,3.17%,3.25%,78657000.0,64406500.0,14250500.0,143000000.0
sh600278,东方创业,7.48,3.17%,3.00%,91463300.0,64427000.0,27036300.0,156000000.0
sh600096,云天化,16.93,3.17%,2.08%,321000000.0,297000000.0,23912199.999999996,619000000.0
sz300080,易成新能,4.88,3.17%,1.71%,54628500.0,49462800.0,5165700.000000001,105000000.0
sz002161,远望谷,5.21,3.17%,1.95%,39036700.0,34130500.0,4906300.0,73167300.0
sz000552,甘肃能化,3.25,3.17%,2.02%,86986200.00000001,76947300.0,10038900.0,165000000.0
sz301193,家联科技,16.67,3.16%,1.38%,12202800.0,9313700.0,2889200.0,21516500.0
sh603100,川仪股份,32.0,3.16%,1.09%,55900300.0,78538300.0,22638000.0,134000000.00000001
sh600939,重庆建工,3.59,3.16%,0.85%,30829300.0,27533300.0,3296000.0,58362700.00000001
sz300117,嘉寓股份,2.95,3.15%,2.41%,28258100.0,22463300.0,5794800.0,51387800.0
sh688561,奇安信,49.62,3.14%,0.77%,105000000.0,74437400.0,30986100.0,180000000.0
sh605555,德昌股份,17.1,3.14%,3.31%,39465400.0,38894300.0,571100.0,78359800.0
sh603788,宁波高发,12.14,3.14%,2.52%,38486500.0,31004899.999999996,7481500.0,69491400.0
sh601326,秦港股份,3.28,3.14%,0.90%,88851400.0,52753100.00000001,36098400.0,142000000.0
sz002565,顺灏股份,3.28,3.14%,3.61%,68201400.0,58894799.99999999,9306600.0,127000000.0
sz000498,山东路桥,6.57,3.14%,1.14%,53473000.0,55604399.99999999,2131400.0,110000000.00000001
sz002081,金螳螂,4.61,3.13%,0.84%,53295200.00000001,50366700.0,2928399.9999999995,104000000.0
sz002263,大东南,2.64,3.13%,1.23%,34167000.0,27082100.0,7084800.0,61277900.0
sz002969,嘉美包装,3.95,3.13%,2.06%,22637000.0,20624899.999999996,2012100.0,43316300.0
sh600800,渤海化学,3.62,3.13%,1.16%,20290300.0,13410600.0,6879700.0,33700800.0
sz002526,山东矿机,2.64,3.13%,4.91%,131000000.0,101000000.0,29683100.0,231999999.99999997
sz002369,卓翼科技,4.61,3.13%,2.54%,37690600.0,30072199.999999996,7618400.0,67763700.0
sz002420,毅昌科技,5.61,3.12%,2.52%,33339699.999999996,22280700.0,11059000.0,55620500.0
sh688013,天臣医疗,21.17,3.12%,2.20%,9358100.0,9045600.0,312500.0,18403700.0
sh600833,第一医药,11.24,3.12%,3.11%,47365600.00000001,31086800.0,16278800.000000002,78452500.0
sz300150,世纪瑞尔,4.29,3.12%,2.79%,31744800.0,30631400.0,1113400.0,62676100.0
sz002775,文科园林,4.3,3.12%,2.35%,23517300.0,22132800.000000004,1384500.0,45650200.00000001
sz000055,方大集团,4.96,3.12%,3.01%,57918100.00000001,43337400.0,14580700.0,102000000.0
sh601456,国联证券,11.28,3.11%,5.88%,682000000.0,960000000.0,279000000.0,1642000000.0000002
sh600739,辽宁成大,13.61,3.11%,1.29%,136000000.0,140000000.0,4487400.0,276000000.0
sz002797,第一创业,6.3,3.11%,5.21%,704000000.0,692000000.0,11474600.0,1399000000.0
sz002145,中核钛白,5.31,3.11%,1.57%,112000000.00000001,84920300.0,26904500.0,197000000.0
sh600510,黑牡丹,6.31,3.10%,1.28%,43706200.0,40517500.0,3188700.0,84223799.99999999
sh600446,金证股份,13.63,3.10%,5.59%,284000000.0,463000000.0,180000000.0,747000000.0
sz300420,五洋停车,2.99,3.10%,2.68%,42331899.99999999,39997800.0,2334100.0,82496800.0
sh600026,中远海能,13.36,3.09%,0.52%,117000000.0,124000000.0,7151200.0,240000000.0
sz300217,东方电热,5.33,3.09%,1.81%,67008600.0,53550200.00000001,13458300.0,121000000.0
sz301256,华融化学,9.72,3.08%,20.54%,122000000.0,146000000.0,24371500.0,268000000.00000003
sh600127,金健米业,8.36,3.08%,11.30%,325000000.0,289000000.0,35747500.0,614000000.0
sh600019,宝钢股份,6.36,3.08%,0.48%,327000000.0,339000000.0,12383100.0,666000000.0
sz300164,通源石油,4.68,3.08%,5.31%,69240300.0,53743200.0,15497100.0,123000000.0
sz000933,神火股份,15.39,3.08%,1.48%,293000000.0,218000000.00000003,74977200.0,512000000.0
sz000157,中联重科,6.36,3.08%,0.60%,149000000.0,120000000.0,28904600.0,271000000.0
sz300289,利德曼,5.7,3.07%,1.87%,23840500.0,20979500.0,2861000.0,44990400.0
sh688578,艾力斯,24.87,3.07%,2.30%,59904900.0,60216000.0,311100.0,120000000.0
sh603358,华达科技,15.76,3.07%,0.71%,23311500.0,26062100.0,2750500.0,49373600.0
sz300599,雄塑科技,8.07,3.07%,1.84%,17306300.0,13878000.0,3428300.0,31188400.0
sz300396,迪瑞医疗,21.8,3.07%,2.35%,56614500.0,75133600.0,18519100.0,132000000.0
sz002084,海鸥住工,4.03,3.07%,4.12%,63374799.99999999,45435900.0,17938800.0,109000000.00000001
sh605286,同力日升,26.53,3.07%,16.98%,103000000.0,113999999.99999999,10587100.0,217000000.0
sh605158,华达新材,7.41,3.06%,0.64%,14976600.0,9423900.0,5552700.0,24400600.0
sh688596,正帆科技,34.0,3.06%,1.88%,102000000.0,76919800.0,25380600.0,179000000.0
sz300891,惠云钛业,9.1,3.06%,1.74%,19606900.0,17348800.0,2258100.0,36955600.0
sh603969,银龙股份,4.71,3.06%,1.66%,38047400.0,28087100.0,9960300.0,66134500.0
sz300093,金刚光伏,16.86,3.06%,4.83%,95523400.0,81016000.0,14507400.0,179000000.0
sz002153,石基信息,12.45,3.06%,0.78%,79903600.0,76887100.0,3016500.0,157000000.0
sz000420,吉林化纤,3.37,3.06%,1.40%,61807500.0,55713700.0,6093800.0,118000000.0
sh600955,维远股份,19.95,3.05%,1.32%,58358100.00000001,39444500.0,18913600.0,97802600.0
sz002673,西部证券,7.1,3.05%,3.28%,472000000.0,512000000.0,39502300.0,986000000.0
sh603813,原尚股份,14.56,3.04%,1.35%,9832500.0,7947800.0,1884700.0,17780300.0
sh600076,康欣新材,2.71,3.04%,2.01%,29031600.0,28363000.0,668500.0,57394600.0
sh600408,安泰集团,2.38,3.03%,1.19%,16897200.0,11888000.0,5009200.0,28785200.0
sh600985,淮北矿业,12.24,3.03%,0.96%,145000000.0,146000000.0,377200.0,291000000.0
sh600231,凌钢股份,2.38,3.03%,0.79%,30879500.0,23269699.999999996,7609700.0,54149100.0
sz300030,阳普医疗,6.8,3.03%,3.13%,30820900.0,27234899.999999996,3586000.0,58055800.0
sz002073,软控股份,6.47,3.03%,2.17%,74801200.0,59845300.0,14955900.0,135000000.0
sz301004,嘉益股份,41.58,3.02%,7.66%,42977400.0,36240700.0,6736799.999999999,79218200.0
sh600560,金自天正,12.28,3.02%,1.97%,31461000.0,23311900.0,8149100.0,54773000.0
sz300002,神州泰岳,9.54,3.02%,5.73%,530000000.0,480000000.0,50350100.0,1017000000.0
sh688581,安杰思,95.72,3.01%,7.34%,44251899.99999999,50236100.0,5984200.0,94488100.0
sh603176,汇通集团,6.5,3.01%,2.85%,16434400.0,11395600.0,5038900.0,27830000.0
sh603800,道森股份,30.13,3.01%,1.33%,39139100.0,45219700.0,6080599.999999999,84358900.0
sz300218,安利股份,9.23,3.01%,1.29%,14868400.0,11140900.0,3727500.0,26009300.0
sh600968,海油发展,3.09,3.00%,0.74%,135000000.0,96753200.0,37940500.0,231000000.0
sh600508,上海能源,13.73,3.00%,1.83%,106000000.0,77549500.0,28387700.0,183000000.0
sh600425,青松建化,4.47,3.00%,4.58%,149000000.0,138000000.0,11104000.0,287000000.0
sz300407,凯发电气,8.23,3.00%,1.98%,21630700.0,15475200.0,6155500.0,37114200.0
sz300173,福能东方,4.12,3.00%,1.59%,23293900.0,25389899.999999996,2095900.0,48842800.0
sz000755,山西路桥,4.8,3.00%,2.18%,34996400.0,29625200.0,5371200.0,64622400.0
sz001259,利仁科技,27.6,2.99%,8.26%,24578500.0,17930300.0,6648200.000000001,42508800.0
sh601528,瑞丰银行,5.85,2.99%,7.84%,140000000.0,234000000.0,93887400.0,374000000.0
sh600959,江苏有线,3.44,2.99%,1.16%,100000000.0,99983500.0,325900.00000000006,200000000.0
sh600428,中远海特,5.85,2.99%,1.65%,121000000.0,88276600.0,32688500.0,209000000.0
sz300015,爱尔眼科,17.92,2.99%,0.99%,724000000.0,682000000.0,41495000.0,1417000000.0
sz002537,海联金汇,6.54,2.99%,2.60%,114999999.99999999,89458200.0,25260700.0,204000000.0
sz002397,梦洁股份,3.44,2.99%,3.31%,36259700.0,30445000.0,5814600.0,66704700.0
sz000635,英力特,8.63,2.98%,1.49%,21941800.0,17349900.0,4591900.0,39291700.0
sz001212,中旗新材,23.81,2.98%,2.49%,15616300.000000002,17325000.0,1708700.0,32941400.0
sh600448,华纺股份,3.11,2.98%,2.12%,22822399.999999996,19053500.0,3768900.0,41875900.0
sh601990,南京证券,8.64,2.98%,3.28%,577000000.0,487000000.0,90236200.00000001,1065000000.0
sz300665,飞鹿股份,8.29,2.98%,5.75%,37969100.0,34129300.0,3839700.0000000005,72099200.0
sz002173,创新医疗,8.3,2.98%,7.43%,149000000.0,115999999.99999999,33290000.0,265000000.0
sz000698,沈阳化工,4.15,2.98%,1.42%,27278300.0,19543400.0,7734800.0,46822900.0
sh600619,海立股份,5.9,2.97%,1.10%,28210200.0,23564899.999999996,4645300.0,51775200.00000001
sh600173,卧龙地产,5.54,2.97%,1.65%,34543400.0,30716300.0,3827100.0,65259700.0
sz002597,金禾实业,21.15,2.97%,1.36%,89710000.0,73826600.0,15883400.0,164000000.0
sz000025,特力A,15.67,2.96%,1.79%,59573100.00000001,51274000.0,8299100.0,111000000.00000001
sh600477,杭萧钢构,3.82,2.96%,1.59%,73440400.0,72402900.0,1037500.0,146000000.0
sz002763,汇洁股份,8.36,2.96%,2.05%,17597900.0,14656500.0,2941400.0,32299200.0
sz002067,景兴纸业,3.48,2.96%,2.00%,36947000.0,37648600.0,701600.0,74595600.0
sz301167,建研设计,18.47,2.95%,8.25%,55975100.0,46535400.0,9439700.0,103000000.0
sz300198,纳川股份,2.79,2.95%,3.18%,42336800.0,39577500.0,2759300.0,81914300.0
sh603976,正川股份,18.51,2.95%,0.85%,12533400.0,11723000.0,810300.0,24256400.0
sh603878,武进不锈,7.67,2.95%,2.35%,57676700.0,45375700.0,12301000.0,103000000.0
sh600276,恒瑞医药,41.92,2.95%,1.13%,1659000000.0,1384000000.0,275000000.0,3044000000.0
sz002622,皓宸医疗,3.14,2.95%,2.10%,31221400.0,24995800.0,6225599.999999999,56217299.99999999
sz002366,融发核电,6.64,2.95%,6.59%,216000000.0,177000000.0,38895500.0,393000000.0
sz002652,扬子新材,2.8,2.94%,13.82%,76961200.0,129000000.0,51763800.0,206000000.0
sh688556,高测股份,47.34,2.94%,1.97%,154000000.0,150000000.0,4638300.0,304000000.0
sh688399,硕世生物,49.0,2.94%,2.23%,30113700.0,29261100.0,852700.0,59374799.99999999
sh600502,安徽建工,5.25,2.94%,3.21%,162000000.0,132000000.0,29787500.0,294000000.0
sz001268,联合精密,20.7,2.93%,2.77%,10647400.0,9778000.0,869400.0,20425400.0
sh688580,伟思医疗,55.58,2.93%,2.92%,29641500.0,36791700.0,7150200.0,66433100.00000001
sh603922,金鸿顺,21.1,2.93%,1.22%,18744500.0,14105200.0,4639300.0,32849800.0
sh601601,中国太保,28.1,2.93%,0.78%,834000000.0,711000000.0,123000000.0,1545000000.0
sz300013,新宁物流,3.86,2.93%,3.51%,34204900.0,25718600.0,8486200.0,60916700.0
sz002308,威创股份,4.56,2.93%,2.05%,44874500.0,40731200.0,4143300.0,85630500.0
sh688239,航宇科技,59.61,2.92%,2.14%,72452000.0,58827600.0,13624400.0,131000000.0
sh603843,正平股份,3.88,2.92%,2.27%,29581000.0,20266100.0,9314900.0,49847100.0
sh600691,阳煤化工,3.17,2.92%,1.06%,46215400.0,34589500.0,11625900.0,80804900.0
sz002756,永兴材料,47.92,2.92%,2.25%,229000000.0,190000000.0,39285400.0,420000000.0
sz002149,西部材料,15.17,2.92%,1.00%,42145400.0,32263200.0,9882100.0,74408600.0
sz000056,皇庭国际,3.52,2.92%,2.36%,38465700.0,37072000.0,1393800.0,75938700.0
sz301077,星华新材,20.5,2.91%,2.39%,12169800.0,9053000.0,3116800.0,21222800.000000004
sz300303,聚飞光电,4.95,2.91%,2.48%,76883100.0,79737000.0,2853900.0,157000000.0
sh601789,宁波建工,4.59,2.91%,3.48%,99138799.99999999,75664600.0,23474200.0,175000000.0
sh600971,恒源煤电,8.14,2.91%,2.61%,155000000.0,102000000.0,53012200.0,258000000.0
sh600581,八一钢铁,4.25,2.91%,2.76%,106000000.0,77138200.0,29037700.0,183000000.0
sz300415,伊之密,17.34,2.91%,1.29%,55794700.0,39745700.0,16048900.000000002,95540500.0
sz002301,齐心集团,6.71,2.91%,0.97%,23413000.0,23827399.999999996,414400.0,47240500.0
sh600843,上工申贝,5.33,2.90%,1.78%,24887399.999999996,20224100.0,4663300.0,45111500.0
sh688358,祥生医疗,39.35,2.90%,2.05%,37607000.0,52363500.0,14756500.0,89970400.00000001
sz300883,龙利得,6.38,2.90%,3.53%,30145300.000000004,23951800.0,6193500.0,54097100.0
sh688301,奕瑞科技,248.5,2.90%,0.88%,73295200.0,53282500.0,20012700.0,127000000.0
sh603616,韩建河山,5.68,2.90%,4.80%,61653200.0,43927000.0,17726200.0,106000000.0
sh600166,福田汽车,3.55,2.90%,1.52%,177000000.0,178000000.0,1859400.0,355000000.0
sz300736,百邦科技,11.69,2.90%,2.39%,19187800.0,16929700.0,2258100.0,36119800.0
sz300459,汤姆猫,5.33,2.90%,4.81%,389000000.0,394000000.0,5188300.0,783000000.0
sz300320,海达股份,7.09,2.90%,2.32%,42251700.0,40390800.0,1860900.0,82642500.0
sz000677,恒天海龙,2.84,2.90%,1.79%,22343700.0,22234400.0,109300.0,44615400.0
sz000630,铜陵有色,3.19,2.90%,1.53%,260000000.0,254999999.99999997,4203200.0,515000000.00000006
sh603608,天创时尚,4.63,2.89%,1.52%,16743300.0,13070800.0,3672500.0,29814100.0
sh603180,金牌厨柜,27.4,2.89%,1.65%,39019200.0,31477199.999999996,7542000.0,70496400.0
sh603021,山东华鹏,5.34,2.89%,1.77%,17373200.0,13165100.0,4208100.0,30538300.0
sh603017,中衡设计,10.68,2.89%,1.95%,32692399.999999996,25398500.0,7293900.0,58090800.0
sh601808,中海油服,14.96,2.89%,0.27%,62002500.0,59213800.0,2788700.0,121000000.0
sh600363,联创光电,32.0,2.89%,2.21%,151000000.0,175000000.0,24812700.0,326000000.0
sh600252,中恒集团,2.49,2.89%,1.60%,75950300.0,63544000.0,12406199.999999998,139000000.0
sz000886,海南高速,4.98,2.89%,2.08%,57513100.00000001,44516400.0,12996700.0,102000000.0
sz000533,顺钠股份,3.91,2.89%,2.17%,32909699.999999996,25565500.0,7344200.0,58876700.0
sh603333,尚纬股份,4.65,2.88%,1.75%,26757000.0,24481900.0,2275200.0,51238900.0
sh600611,大众交通,3.21,2.88%,1.47%,36613400.0,38282200.0,1668700.0,74895600.0
sh600279,重庆港,4.29,2.88%,0.80%,22106400.0,18770000.0,3336400.0,40876400.0
sz000518,四环生物,2.86,2.88%,1.91%,28316700.0,27680800.0,635900.0,56398600.0
sh601011,宝泰隆,3.59,2.87%,1.72%,64463600.0,54775700.0,9687900.0,119000000.0
sh600626,申达股份,3.58,2.87%,0.99%,15678200.0,15049300.0,629000.0,30727500.0
sh600586,金晶科技,7.16,2.87%,2.16%,131000000.0,93825700.0,37192300.0,225000000.0
sh600509,天富能源,6.8,2.87%,2.17%,93824000.0,77939100.0,15884900.0,172000000.0
sh600191,华资实业,6.46,2.87%,6.62%,102000000.0,111000000.00000001,8910000.0,214000000.0
sz300610,晨化股份,10.74,2.87%,2.23%,24003300.0,15220700.0,8782500.0,39224000.0
sz002406,远东传动,5.38,2.87%,2.44%,37067200.0,29091600.0,7975599.999999999,66158700.0
sh601956,东贝集团,5.73,2.87%,3.59%,39991600.0,27059100.0,12932600.0,67050700.0
sz301320,豪江智能,18.7,2.86%,13.28%,51679200.0,57137800.0,5458600.0,109000000.00000001
sh688722,同益中,14.77,2.86%,2.23%,20523900.0,20456500.0,67400.0,40980400.0
sh605336,帅丰电器,15.82,2.86%,3.38%,20289300.0,11565700.0,8723600.0,31855100.000000004
sh600511,国药股份,32.06,2.86%,1.20%,121000000.0,94974300.0,25787300.0,216000000.0
sz002269,美邦服饰,1.8,2.86%,4.53%,118000000.0,90418000.0,27802500.0,209000000.0
sz000750,国海证券,3.95,2.86%,5.28%,444000000.00000006,738000000.0,294000000.0,1184000000.0
sz300877,金春股份,16.96,2.85%,4.01%,18866400.0,20212600.0,1346200.0,39085800.0
sh603506,南都物业,12.99,2.85%,1.98%,25660700.0,23195600.0,2465000.0,48856300.0
sh600637,东方明珠,7.95,2.85%,1.07%,150000000.0,143000000.0,7132500.0,293000000.0
sh600200,江苏吴中,7.58,2.85%,3.99%,109000000.00000001,106000000.0,3023500.0,216000000.0
sz000888,峨眉山A,10.46,2.85%,2.50%,72159300.0,66603100.00000001,5556300.0,139000000.0
sh603928,兴业股份,11.6,2.84%,1.12%,14929700.0,11736099.999999998,3193600.0,26665800.0
sh688357,建龙微纳,62.97,2.84%,7.47%,188000000.0,197000000.0,9097300.0,385000000.0
sh603013,亚普股份,14.48,2.84%,1.18%,48473300.0,39876300.0,8597000.0,88349700.0
sz300404,博济医药,8.7,2.84%,2.94%,37628300.0,32749600.0,4878700.0,70377800.0
sz002078,太阳纸业,11.6,2.84%,0.67%,120000000.0,96010100.0,24435800.0,216000000.0
sh688385,复旦微电,52.4,2.83%,1.30%,115999999.99999999,102000000.0,14780500.0,218000000.00000003
sh600058,五矿发展,9.44,2.83%,0.79%,45267299.99999999,35372400.0,9894900.0,80639700.0
sz300200,高盟新材,7.99,2.83%,1.59%,30711200.0,23741300.0,6969900.0,54452600.0
sz300058,蓝色光标,8.72,2.83%,8.96%,875000000.0,957000000.0,81867000.0,1832000000.0
sz002425,凯撒文化,4.72,2.83%,2.54%,63148200.0,52718300.0,10429900.0,115999999.99999999
sz002412,汉森制药,6.53,2.83%,2.09%,34776000.0,33386200.0,1389800.0,68162200.0
sz002016,世荣兆业,6.9,2.83%,1.25%,39752700.0,30791900.0,8960800.0,70544600.0
sz000833,粤桂股份,6.18,2.83%,2.27%,33094600.0,20628400.0,12466199.999999998,53724200.0
sh603168,莎普爱思,8.75,2.82%,3.62%,56133500.0,48117500.0,8015900.0,104000000.0
sz300753,爱朋医疗,16.07,2.82%,5.68%,42526500.0,26754899.999999996,15771600.0,69281400.0
sz301125,腾亚精工,17.93,2.81%,3.88%,15152300.0,14430100.0,722200.0,29582399.999999996
sz003037,三和管桩,12.79,2.81%,6.58%,48448500.0,28911300.0,19537200.0,77359700.0
sh601218,吉鑫科技,3.66,2.81%,0.77%,15005700.0,12679800.0,2325900.0,27685500.0
sh600185,格力地产,6.21,2.81%,2.29%,131000000.0,141000000.0,10458000.0,272000000.0
sz002630,华西能源,2.56,2.81%,6.81%,108000000.0,79632800.0,28357500.0,188000000.0
sz002469,三维化学,5.85,2.81%,2.47%,52119200.0,38288900.0,13830300.0,90421700.0
sz301050,雷电微力,54.6,2.81%,3.74%,138000000.0,146000000.0,8224299.999999999,284000000.0
sh688638,誉辰智能,66.2,2.80%,9.19%,25249500.0,30054699.999999996,4805200.0,55304200.0
sz301187,欧圣电气,16.15,2.80%,4.16%,17838400.0,14845800.0,2992600.0,32684300.0
sh600906,财达证券,8.81,2.80%,14.43%,738000000.0,994000000.0,256000000.0,1732999999.9999998
sz300981,中红医疗,13.97,2.80%,3.18%,31353000.0,24727000.0,6626000.0,56081500.0
sz300737,科顺股份,8.43,2.80%,2.38%,95235700.0,88655800.0,6580000.0,184000000.0
sh603019,中科曙光,38.16,2.80%,4.11%,1178000000.0,1143000000.0,35132000.0,2321000000.0
sh601996,丰林集团,2.57,2.80%,1.62%,24649400.0,23559500.0,1089900.0,48208800.0
sh600664,哈药股份,3.3,2.80%,1.78%,80993200.0,68505100.0,12488100.0,149000000.0
sh600123,兰花科创,8.8,2.80%,2.07%,156000000.0,115999999.99999999,40283400.0,272000000.0
sz300222,科大智能,6.98,2.80%,2.02%,44759100.0,46862000.0,2102900.0,91621100.0
sz002467,二六三,4.4,2.80%,2.33%,76491000.0,65225000.0,11266000.0,142000000.0
sz000612,焦作万方,5.14,2.80%,1.55%,55336899.99999999,40471700.0,14865200.0,95808500.0
sh600927,永安期货,17.3,2.79%,1.84%,88544400.0,84002900.00000001,4541500.0,173000000.0
sz003033,征和工业,28.78,2.79%,4.67%,15959900.0,16580900.0,621000.0,32676000.0
sh601777,力帆科技,3.68,2.79%,1.17%,53131899.99999999,44757200.0,8374700.0,97889100.0
sh601101,昊华能源,5.53,2.79%,1.65%,76023400.0,57169399.99999999,18854000.0,133000000.0
sh600107,美尔雅,5.16,2.79%,5.42%,55811200.0,46240500.0,9570700.0,102000000.0
sz002239,奥特佳,2.58,2.79%,1.29%,58406300.0,50485900.0,7920400.0,109000000.00000001
sh601121,宝地矿业,7.4,2.78%,14.46%,115999999.99999999,105000000.0,11361000.0,221000000.0
sh603201,常润股份,21.04,2.78%,1.92%,10940000.0,7726900.000000001,3213000.0,18666900.0
sh600523,贵航股份,12.59,2.78%,1.52%,41894900.0,37014700.0,4880200.0,78909600.0
sz300701,森霸传感,9.23,2.78%,2.59%,33616400.0,25014699.999999996,8601700.0,58631100.0
sz300347,泰格医药,66.24,2.78%,2.17%,441000000.0,388000000.0,53332600.0,828999999.9999999
sz002682,龙洲股份,4.07,2.78%,2.45%,31220000.0,24974600.0,6245400.0,56714399.99999999
sh603967,中创物流,9.27,2.77%,1.40%,25387100.0,20161600.0,5225500.0,45548700.0
sh601117,中国化学,7.79,2.77%,1.13%,250999999.99999997,290000000.0,38396800.0,541000000.0
sh600837,海通证券,10.4,2.77%,1.93%,905000000.0000001,930000000.0000001,24893000.0,1836000000.0
sz002624,完美世界,13.36,2.77%,2.40%,321000000.0,273000000.0,48652900.0,595000000.0
sz002443,金洲管道,6.67,2.77%,2.83%,50049399.99999999,49307000.0,742400.0,99356299.99999999
sz002349,精华制药,9.27,2.77%,4.06%,168000000.0,141000000.0,27010700.0,309000000.0
sh601728,中国电信,5.95,2.76%,1.10%,682000000.0,600000000.0,81584000.0,1282000000.0
sh600556,天下秀,6.33,2.76%,1.83%,111000000.00000001,101000000.0,10541099.999999998,212000000.0
sh603610,麒盛科技,11.18,2.76%,2.67%,59994500.0,48675900.0,11318599.999999998,109000000.00000001
sh600490,鹏欣资源,3.35,2.76%,2.00%,65245200.00000001,70330100.0,5084900.0,136000000.0
sz002363,隆基机械,6.71,2.76%,2.37%,35662500.0,30468600.0,5193900.0,66718900.0
sz002277,友阿股份,3.35,2.76%,1.45%,36006400.0,32584400.0,3422000.0,68591100.0
sh601618,中国中冶,3.74,2.75%,0.60%,214000000.0,195000000.0,19243200.0,409000000.0
sh600895,张江高科,14.57,2.75%,1.70%,200999999.99999997,190000000.0,11461900.0,391000000.0
sh600438,通威股份,32.46,2.75%,1.05%,822000000.0000001,739000000.0,82814100.0,1560000000.0
sh600099,林海股份,8.98,2.75%,1.85%,21406500.0,15456300.000000002,5950300.0,36862800.0
sz000997,新大陆,17.94,2.75%,1.21%,121000000.0,106000000.0,14217400.0,227000000.0
sz000883,湖北能源,4.48,2.75%,0.48%,89029700.0,51225300.0,37804500.0,140000000.0
sh688075,安旭生物,39.03,2.74%,2.55%,14686400.000000002,15763800.000000002,1077500.0,30450200.0
sh603600,永艺股份,9.38,2.74%,0.92%,15892000.0,10438699.999999998,5453400.0,26330800.0
sh600057,厦门象屿,7.88,2.74%,1.23%,106000000.0,105000000.0,1196700.0,211000000.0
sz002051,中工国际,10.13,2.74%,2.33%,149000000.0,147000000.0,2648399.9999999995,296000000.0
sz000786,北新建材,29.27,2.74%,1.17%,295000000.0,267000000.0,28204400.0,562000000.0
sz001236,弘业期货,13.16,2.73%,4.35%,105000000.0,86688400.0,18301600.0,192000000.0
sz002641,公元股份,5.65,2.73%,1.30%,42124799.99999999,40802400.0,1322500.0,84087900.00000001
sh600603,广汇物流,6.05,2.72%,1.58%,60652800.0,58102000.0,2550800.0,119000000.0
sh600389,江山股份,22.29,2.72%,0.97%,38582800.0,54856300.0,16273500.0,93439100.0
sh600048,保利发展,14.36,2.72%,1.36%,1281000000.0,1067000000.0,214000000.0,2348000000.0
sz002142,宁波银行,27.58,2.72%,0.88%,803999999.9999999,784000000.0,19979400.0,1588000000.0
sz000778,新兴铸管,4.15,2.72%,1.49%,132000000.0,110000000.00000001,22257700.0,242000000.0
sz000545,金浦钛业,3.02,2.72%,1.43%,22942000.0,19684400.0,3257600.0,42946200.0
sz000059,华锦股份,6.04,2.72%,0.90%,46949100.0,40307600.0,6641500.0,88175400.00000001
sz301237,和顺科技,28.08,2.71%,1.86%,12527900.0,7438900.0,5089000.0,19966800.0
sh603535,嘉诚国际,15.92,2.71%,0.44%,8009700.0,7535500.0,474200.0,15545300.0
sh600765,中航重机,25.42,2.71%,0.77%,137000000.0,149000000.0,12864800.0,286000000.0
sh600602,云赛智联,14.79,2.71%,9.25%,763000000.0,734000000.0,29546400.0,1497000000.0
sz300715,凯伦股份,13.65,2.71%,0.92%,17267000.0,17905100.0,638100.0,35172100.0
sz002125,湘潭电化,10.6,2.71%,1.69%,64907900.0,49972500.0,14935400.0,114999999.99999999
sz000404,长虹华意,6.06,2.71%,2.59%,59141500.0,50864700.0,8276900.000000001,111000000.00000001
sz301285,鸿日达,12.94,2.70%,6.97%,23061900.0,24438800.0,1377000.0,47500600.00000001
sz002790,瑞尔特,12.18,2.70%,6.21%,95271800.0,103000000.0,7268800.0,198000000.0
sh603518,锦泓集团,9.12,2.70%,1.83%,30047399.999999996,28971100.0,1076300.0,59018600.0
sh603321,梅轮电梯,7.62,2.70%,1.31%,19278000.0,11891099.999999998,7387000.0,31169100.0
sh601236,红塔证券,8.37,2.70%,2.72%,519000000.00000006,591000000.0,71520800.0,1110000000.0
sh600984,建设机械,4.56,2.70%,1.09%,35380800.0,27985000.0,7395900.0,63365800.0
sh600648,外高桥,11.79,2.70%,0.46%,27456500.0,23485200.0,3971300.0,50941800.0
sh600220,江苏阳光,2.28,2.70%,0.74%,18147000.0,12090600.0,6056400.0,30237600.000000004
sh600132,重庆啤酒,89.75,2.70%,2.12%,475000000.0,441000000.0,34076700.0,916000000.0
sz000882,华联股份,1.9,2.70%,2.70%,75211300.0,67564000.0,7647300.0,143000000.0
sh688591,泰凌微,33.58,2.69%,65.65%,643000000.0,655000000.0,12575000.0,1298000000.0
sh600933,爱柯迪,22.16,2.69%,0.87%,83920800.0,88998000.0,5077100.0,173000000.0
sz003001,中岩大地,17.22,2.68%,6.10%,29302500.0,23120200.0,6182300.0,52433200.0
sh601658,邮储银行,4.98,2.68%,0.28%,522000000.0,419000000.00000006,103000000.0,941000000.0
sz002820,桂发祥,10.72,2.68%,4.35%,54232200.0,40455100.0,13777100.0,94687300.0
sz002533,金杯电工,7.27,2.68%,3.11%,76937800.0,67274300.0,9663500.0,145000000.0
sh603758,秦安股份,9.59,2.68%,1.01%,20439400.0,22364500.0,1925000.0,42803900.0
sh603026,胜华新材,49.8,2.68%,1.44%,80206600.0,67554000.0,12652600.0,148000000.0
sh601699,潞安环能,16.12,2.68%,0.99%,258000000.0,223000000.0,34645700.0,480999999.99999994
sz300622,博士眼镜,20.68,2.68%,1.32%,15300700.0,16374000.0,1073400.0,31674699.999999996
sz000155,川能动力,12.65,2.68%,1.51%,138000000.0,112999999.99999999,25010100.000000004,252999999.99999997
sh603041,美思德,11.91,2.67%,2.21%,29979800.0,19180500.0,10799400.0,49160200.00000001
sz301039,中集车辆,11.54,2.67%,3.78%,155000000.0,164000000.0,8240700.000000001,319000000.0
sh605258,协和电子,23.85,2.67%,5.66%,27242700.0,24613100.0,2629600.0,51855800.0
sh600433,冠豪高新,3.46,2.67%,1.14%,30809699.999999996,26786100.0,4023600.0,57595900.0
sz002853,皮阿诺,17.32,2.67%,2.90%,32601400.0,34596400.0,1995000.0,67197800.0
sz002677,浙江美大,10.38,2.67%,1.06%,29421300.0,18402500.0,11018900.000000002,47823900.0
sz002343,慈文传媒,6.91,2.67%,3.50%,68445600.0,47634799.99999999,20810700.0,115999999.99999999
sh605003,众望布艺,18.88,2.66%,4.44%,14193900.000000002,9153000.0,5040800.0,23346900.0
sh600635,大众公用,3.47,2.66%,1.61%,74395800.0,62566400.0,11829400.0,137000000.0
sh600388,龙净环保,15.84,2.66%,0.90%,71440200.0,83612600.0,12172300.0,155000000.0
sz002883,中设股份,11.58,2.66%,4.08%,36346200.0,28517399.999999996,7828800.0,65222500.0
sh605500,森林包装,7.35,2.65%,1.89%,8543700.0,6407100.0,2136600.0,14950800.0
sh688009,中国通号,5.42,2.65%,0.55%,141000000.0,120000000.0,20639400.0,262000000.0
sh601668,中国建筑,5.82,2.65%,0.68%,891000000.0,763000000.0,128000000.0,1653000000.0
sh600222,太龙药业,5.04,2.65%,3.10%,52728200.0,38177700.0,14550500.0,90905900.0
sz000026,飞亚达,11.26,2.64%,2.13%,48407000.0,39171700.0,9235300.0,88077500.0
sz001313,粤海饲料,9.32,2.64%,10.61%,103000000.0,111000000.00000001,7876900.000000001,215000000.0
sz002452,长高电新,6.6,2.64%,2.47%,43732000.0,41458900.0,2273100.0,85396900.0
sh601898,中煤能源,8.17,2.64%,0.43%,170000000.0,152000000.0,18341100.0,322000000.0
sh600848,上海临港,12.06,2.64%,0.50%,75181000.0,72862600.0,2318300.0,148000000.0
sh600790,轻纺城,4.27,2.64%,0.78%,25035400.0,24412399.999999996,623000.0,49447800.0
sh600031,三一重工,15.57,2.64%,0.77%,496000000.0,525000000.0,28676200.0,1021000000.0000001
sz002082,万邦德,6.64,2.63%,0.91%,20949000.0,16675500.0,4273400.0,37638500.0
sh603998,方盛制药,8.96,2.63%,3.27%,72742100.0,56472200.0,16269900.0,129000000.0
sh603357,设计总院,9.74,2.63%,3.04%,76564500.0,87575000.0,11010600.0,164000000.0
sh600839,四川长虹,3.9,2.63%,2.62%,245000000.00000003,233000000.0,11543800.000000002,478000000.0
sz300148,天舟文化,4.3,2.63%,6.00%,110000000.00000001,97079900.0,12949000.0,206999999.99999997
sz000550,江铃汽车,17.2,2.63%,1.94%,98354500.0,75425400.0,22929100.0,175000000.0
sz002134,天津普林,9.4,2.62%,3.22%,39629200.0,35398000.0,4231200.0,75228400.0
sh688656,浩欧博,33.64,2.62%,2.61%,8186300.0,7975900.0,210400.0,16162200.0
sz300564,筑博设计,13.3,2.62%,3.48%,29003800.0,22727199.999999996,6276600.0,51731000.0
sz300887,谱尼测试,24.3,2.62%,8.34%,191000000.0,200999999.99999997,10328200.0,392000000.0
sh688363,华熙生物,91.33,2.62%,1.23%,131000000.0,95192099.99999999,35373300.0,225999999.99999997
sz002348,高乐股份,3.53,2.62%,1.55%,24101000.0,25321900.0,1220900.0,49423000.0
sz000709,河钢股份,2.35,2.62%,1.10%,140000000.0,130000000.0,9181900.0,270000000.0
sz300103,达刚控股,5.89,2.61%,2.17%,17061900.0,14151000.0,2910899.9999999995,31763100.0
sz002328,新朋股份,5.9,2.61%,3.03%,56322500.0,46453600.0,9868900.0,103000000.0
sh603861,白云电器,8.65,2.61%,1.15%,19091500.0,23540400.0,4449000.0,42631899.99999999
sh605298,必得科技,14.19,2.60%,4.74%,16219300.0,13108200.0,3111100.0,29327500.0
sh603320,迪贝电气,13.44,2.60%,1.19%,10112500.0,11013400.0,900900.0,21125900.0
sh688226,威腾电气,15.85,2.59%,3.71%,24710600.0,25795200.0,1084600.0,50505700.0
sz000911,南宁糖业,9.5,2.59%,5.47%,90792200.0,79892700.0,10899400.0,171000000.0
sh601106,中国一重,3.17,2.59%,0.58%,61841400.0,64301300.0,2459900.0,126000000.0
sz002054,德美化工,6.74,2.59%,1.07%,15705400.0,12037800.0,3667600.0,27743100.0
sh600844,丹化科技,2.78,2.58%,0.95%,11720100.0,10017400.0,1702800.0,21737500.0
sz002693,双成药业,6.35,2.58%,3.99%,55974100.0,49216899.99999999,6757200.0,106000000.0
sz002676,顺威股份,3.98,2.58%,1.72%,24417500.0,25455600.0,1038100.0,49873200.0
sz000559,万向钱潮,5.16,2.58%,0.72%,46139500.0,56959399.99999999,10819800.0,104000000.0
sz000001,平安银行,11.52,2.58%,1.03%,1209000000.0,1109000000.0,100000000.0,2336000000.0
sz000920,沃顿科技,9.96,2.57%,7.50%,157000000.0,160000000.0,2989900.0,318000000.0
sz000761,本钢板材,3.99,2.57%,0.45%,39455200.0,27347500.0,12107700.0,66812000.0
sz300756,金马游乐,17.53,2.57%,4.00%,34012700.0,31171600.0,2841100.0,65184200.0
sz300329,海伦钢琴,6.79,2.57%,1.55%,13749900.0,13130600.0,619300.0,26880500.0
sz300228,富瑞特装,5.59,2.57%,2.09%,34655000.0,29675900.0,4979000.0,64330900.0
sz000657,中钨高新,9.18,2.57%,0.90%,48858100.00000001,54571300.0,5713300.0,103000000.0
sh603173,福斯达,28.0,2.56%,8.78%,47364399.99999999,52940200.00000001,5575800.0,100000000.0
sh688082,盛美上海,101.18,2.56%,2.05%,82685800.0,74585300.0,8100500.0,157000000.0
sz301097,天益医疗,44.92,2.56%,3.88%,11710700.0,20895200.0,9184500.0,32606000.0
sh605006,山东玻纤,7.21,2.56%,0.91%,11146199.999999998,7730200.0,3416000.0,18876500.0
sz300658,延江股份,6.4,2.56%,2.42%,20691100.0,14861000.0,5830100.0,35552700.0
sz300267,尔康制药,3.21,2.56%,1.94%,46349600.0,43238100.00000001,3111500.0,89587800.0
sz000788,北大医药,6.4,2.56%,1.82%,41331100.0,29227199.999999996,12103800.000000002,70558100.0
sh688307,中润光学,28.52,2.55%,6.72%,20079000.0,17197300.0,2881700.0,37276300.0
sz300141,和顺电气,8.85,2.55%,3.20%,28632199.999999996,26453000.0,2179200.0,55085100.0
sh600512,腾达建设,2.81,2.55%,2.78%,66740000.0,57711899.99999999,9028100.0,124000000.0
sh600203,福日电子,5.63,2.55%,1.43%,25324400.0,22765700.0,2558700.0,48090200.00000001
sz300394,天孚通信,82.6,2.55%,5.14%,822000000.0000001,729000000.0,93292000.0,1551000000.0
sz002613,北玻股份,4.43,2.55%,2.50%,39077400.0,25849899.999999996,13227500.0,64927299.99999999
sz002381,双箭股份,7.24,2.55%,1.67%,22111100.0,16811700.0,5299400.000000001,39086500.0
sh601319,中国人保,6.06,2.54%,0.24%,266000000.0,258000000.0,7694000.0,524000000.0
sz300641,正丹股份,5.25,2.54%,1.18%,16314900.0,14550600.0,1764300.0,30865500.0
sh600615,丰华股份,8.51,2.53%,1.34%,10582100.0,11130900.0,548800.0,21713000.0
sh688571,杭华股份,6.49,2.53%,1.33%,10081200.0,11218100.0,1137000.0,21299300.0
sz300962,中金辐照,17.82,2.53%,9.95%,93834500.0,121000000.0,27092199.999999996,215000000.0
sh688505,复旦张江,9.31,2.53%,0.57%,19079400.0,18990300.0,89100.0,38069700.0
sh601607,上海医药,19.08,2.53%,0.81%,163000000.0,138000000.0,24651100.0,301000000.0
sh600722,金牛化工,4.86,2.53%,1.32%,23842300.0,20225800.0,3616500.0,44068000.0
sh600355,精伦电子,3.24,2.53%,4.33%,39319800.0,30966600.0,8353200.000000001,70286300.0
sh600187,国中水务,3.24,2.53%,21.59%,528000000.0,604000000.0,76265700.0,1132000000.0
sz300107,建新股份,4.86,2.53%,1.68%,15381099.999999998,12682000.0,2699100.0000000005,28063200.0
sz002521,齐峰新材,6.48,2.53%,1.51%,20720500.0,19289600.0,1431000.0,40010200.0
sz002228,合兴包装,3.24,2.53%,1.11%,24411800.0,20556800.0,3855000.0,44989000.0
sh605188,国光连锁,9.36,2.52%,1.64%,44116899.99999999,33092199.999999996,11024700.0,77209100.0
sh600171,上海贝岭,15.08,2.52%,1.38%,77271700.0,71770600.0,5501100.0,149000000.0
sh600268,国电南自,6.92,2.52%,1.69%,54071000.0,44276300.0,9794600.0,98347400.0
sh600165,宁科生物,4.07,2.52%,1.62%,23412700.0,22440900.0,971800.0000000001,45853600.0
sz300624,万兴科技,85.92,2.52%,7.17%,360000000.0,386000000.0,26116500.0,746000000.0
sz002092,中泰化学,6.92,2.52%,1.82%,171000000.0,159000000.0,11177500.0,331000000.0
sh600423,柳化股份,3.25,2.52%,0.81%,10816800.0,10293400.0,523400.00000000006,21110200.0
sh601500,通用股份,4.09,2.51%,1.02%,27985200.0,25899899.999999996,2085400.0,53885100.0
sh603095,越剑智能,14.31,2.51%,1.02%,14387100.0,12680800.0,1706300.0,27067900.0
sh688207,格灵深瞳,19.61,2.51%,3.37%,54927200.0,65238600.0,10311400.000000002,120000000.0
sh600804,ST鹏博士,4.08,2.51%,1.22%,35997400.0,33441200.0,2556200.0,69438600.0
sh600501,航天晨光,13.08,2.51%,1.31%,41320700.0,31985800.0,9334900.0,73306600.0
sz300011,鼎汉技术,6.53,2.51%,1.29%,20899500.0,21076100.0,176600.0,42763100.00000001
sz000906,浙商中拓,8.18,2.51%,1.80%,51768600.0,49947299.99999999,1821300.0,102000000.0
sz000851,高鸿股份,4.91,2.51%,2.13%,64674700.0,55518400.0,9156300.0,120000000.0
sz301376,致欧科技,23.33,2.50%,16.02%,71412800.0,56740200.00000001,14672600.0,128000000.0
sh601279,英利汽车,5.34,2.50%,3.46%,18022600.0,18657700.0,635000.0,36680300.0
sz300949,奥雅股份,40.65,2.50%,15.70%,59681100.0,49504900.0,10176200.0,109000000.00000001
sh603551,奥普家居,11.08,2.50%,0.66%,16085300.0,13219000.0,2866300.0,29304400.0
sh603980,吉华集团,4.51,2.50%,1.06%,18853900.0,14858699.999999998,3995200.0,33712700.0
sh600527,江南高纤,2.05,2.50%,1.79%,36300300.0,27701400.0,8598900.0,64001600.0
sh600118,中国卫星,25.01,2.50%,1.45%,224000000.00000003,211000000.0,12765800.0,434999999.99999994
sz002489,浙江永强,3.69,2.50%,1.86%,60999500.0,70016200.0,9016700.0,131000000.0
sz002378,章源钨业,5.75,2.50%,1.20%,39056300.0,43064000.0,4007799.9999999995,82734500.0
sz002302,西部建设,7.38,2.50%,1.78%,80703400.0,88941500.0,8238099.999999999,170000000.0
sz000338,潍柴动力,11.9,2.50%,0.98%,323000000.0,270000000.0,53311500.0,596000000.0
sh600999,招商证券,14.82,2.49%,0.95%,528000000.0,544000000.0,16164200.0,1073000000.0
sz300208,青岛中程,7.82,2.49%,0.94%,22879699.999999996,28098700.0,5219100.0,50978400.0
sz300074,华平股份,4.11,2.49%,4.59%,52984700.0,48704700.0,4280000.0,102000000.0
sz002555,三七互娱,25.13,2.49%,2.22%,458000000.0,468000000.0,10133700.0,926000000.0
sz002135,东南网架,6.17,2.49%,2.79%,96744800.0,94667900.00000001,2076900.0,191000000.0
sz002217,合力泰,2.89,2.48%,1.54%,73550600.0,66668200.0,6882400.0,140000000.0
sh688623,双元科技,80.86,2.48%,4.37%,17743400.0,31228100.0,13484600.0,48971500.0
sz000993,闽东电力,9.91,2.48%,2.63%,63509900.0,52771800.0,10738100.0,115999999.99999999
sz301126,达嘉维康,12.46,2.47%,7.34%,51602200.0,49497400.0,2104800.0,101000000.0
sh600889,南京化纤,4.97,2.47%,1.41%,15171600.0,10798100.0,4373400.0,25969699.999999996
sh601665,齐鲁银行,4.15,2.47%,1.81%,77579900.0,98365300.0,20785400.0,176000000.0
sh688619,罗普特,12.04,2.47%,4.09%,23934500.0,20822199.999999996,3112300.0,44756700.0
sz300232,洲明科技,7.48,2.47%,2.44%,77510100.0,87322700.0,9812600.0,165000000.0
sz002174,游族网络,12.47,2.47%,5.41%,339000000.0,289000000.0,49786899.99999999,630000000.0
sz000957,中通客车,9.95,2.47%,5.00%,150000000.0,150000000.0,721600.0,300000000.0
sz300201,海伦哲,4.17,2.46%,7.38%,160000000.0,158000000.0,1667200.0,319000000.0
sz003002,壶化股份,15.43,2.46%,2.54%,17846900.0,13350900.0,4495900.0,31197800.000000004
sh603648,畅联股份,9.18,2.46%,2.11%,40365000.0,31318200.0,9046700.0,71683200.0
sz000576,甘化科工,9.58,2.46%,1.22%,27721500.0,22918600.0,4802900.0,50642100.0
sz000531,穗恒运A,6.67,2.46%,0.85%,23446700.0,23240300.000000004,206400.0,46917200.0
sz301355,南王科技,16.74,2.45%,13.61%,52811200.0,54543600.0,1732400.0,107000000.0
sh601518,吉林高速,2.51,2.45%,1.07%,23413700.0,27529000.0,4115299.9999999995,50942800.0
sh600307,酒钢宏兴,1.67,2.45%,1.22%,79796500.0,49652100.0,30144400.0,129000000.0
sz002044,美年健康,6.7,2.45%,0.91%,122000000.0,117000000.0,5284900.0,239000000.0
sz301198,喜悦智行,13.41,2.44%,3.37%,21589000.0,14115100.0,7473900.0,35704100.0
sz300485,赛升药业,10.91,2.44%,4.44%,67861600.0,66532700.00000001,1329000.0,134000000.00000001
sz002009,天奇股份,12.16,2.44%,1.29%,32413900.0,26770500.0,5643500.0,59184300.0
sz000062,深圳华强,10.91,2.44%,0.58%,35765900.0,31032399.999999996,4733600.0,67247700.0
sz003041,真爱美家,15.59,2.43%,4.56%,19042300.0,13353300.0,5689000.0,33018600.0
sh603630,拉芳家化,16.83,2.43%,6.81%,121000000.0,136000000.0,14641900.0,256999999.99999997
sh603036,如通股份,10.53,2.43%,1.33%,16513400.0,12806300.000000002,3707100.0,29319800.0
sh603023,威帝股份,4.21,2.43%,3.14%,44564100.0,30502100.0,14062000.0,75066100.0
sh600339,中油工程,3.79,2.43%,1.04%,118000000.0,104000000.0,13602200.0,222000000.00000003
sz000739,普洛药业,16.88,2.43%,1.04%,125000000.0,82655800.0,42726200.0,208000000.0
sh600794,保税科技,3.81,2.42%,1.22%,31494000.0,25535100.000000004,5959000.0,57029100.0
sh601188,龙江交通,3.38,2.42%,1.02%,23100600.0,22776800.0,323800.0,45877400.0
sz300703,创源股份,9.72,2.42%,2.91%,27049699.999999996,21231100.0,5818600.0,48280800.0
sz002530,金财互联,8.03,2.42%,4.18%,109000000.00000001,117000000.0,8230000.0,225999999.99999997
sz002459,晶澳科技,27.98,2.42%,1.58%,668000000.0,802000000.0,134000000.00000001,1483000000.0
sz000629,钒钛股份,3.81,2.42%,0.84%,140000000.0,138000000.0,1903000.0,278000000.0
sz000156,华数传媒,8.47,2.42%,0.93%,66531400.0,57114799.99999999,9416600.0,125000000.0
sh603048,浙江黎明,16.15,2.41%,6.02%,18821000.0,18215700.0,605400.0,37036700.0
sz002747,埃斯顿,21.22,2.41%,2.47%,208000000.0,212000000.0,4702200.0,420000000.0
sz002839,张家港行,4.67,2.41%,1.79%,91507000.0,84659100.0,6847900.0,176000000.0
sz002481,双塔食品,4.67,2.41%,1.30%,35598600.0,33404500.0,2194100.0,69003200.0
sz002047,宝鹰股份,2.98,2.41%,1.71%,34833000.0,34319400.0,513600.0,69152400.0
sz000520,长航凤凰,2.98,2.41%,1.34%,20830100.000000004,19596400.0,1233700.0,40705700.0
sh688373,盟科药业,6.4,2.40%,1.87%,19240200.0,22710700.0,3470500.0,41950800.0
sh600966,博汇纸业,6.4,2.40%,0.70%,31968400.0,28699899.999999996,3268500.0,60668300.0
sz002457,青龙管业,8.1,2.40%,3.36%,55558400.0,36528100.0,19030200.0,92086400.0
sz002365,永安药业,9.39,2.40%,2.79%,37435100.0,27247800.000000004,10187300.0,64683100.00000001
sz000544,中原环保,8.1,2.40%,2.69%,114999999.99999999,97460300.0,18000200.0,214000000.0
sz003018,金富科技,9.43,2.39%,3.58%,13214300.0,12777800.0,436500.0,25992100.0
sz301003,江苏博云,23.13,2.39%,1.56%,14780000.0,10554900.0,4225100.0,25334899.999999996
sz300876,蒙泰高新,25.3,2.39%,3.12%,11785100.0,10877500.0,907500.0,22662600.000000004
sh603985,恒润股份,26.99,2.39%,5.12%,305000000.0,310000000.0,4392500.0,615000000.0
sh600133,东湖高新,6.86,2.39%,3.10%,97650600.0,93229000.0,4421600.0,191000000.0
sz301345,涛涛车业,48.14,2.38%,5.31%,32142900.0,30638400.0,1504400.0,62781200.0
sh688398,赛特新材,33.1,2.38%,1.18%,23896100.0,22020200.0,1876000.0,45916400.0
sz300405,科隆股份,5.59,2.38%,2.53%,17751100.0,13706400.000000002,4044700.0000000005,31457500.0
sz002589,瑞康医药,3.44,2.38%,2.51%,52342100.0,48664600.0,3677400.0,101000000.0
sz002437,誉衡药业,2.15,2.38%,1.98%,48300100.0,45478800.0,2821300.0,93779100.0
sz301383,天键股份,37.19,2.37%,14.98%,89160700.0,69359900.0,19800800.0,159000000.0
sz001216,华瓷股份,12.1,2.37%,4.36%,17941300.0,15820000.0,2121400.0,33853300.0
sz300873,海晨股份,18.12,2.37%,6.77%,69618100.0,67612100.0,2006000.0,137000000.0
sh603656,泰禾智能,12.08,2.37%,2.64%,25686800.0,23365800.0,2320900.0,49052600.0
sh600235,民丰特纸,5.62,2.37%,2.38%,28134100.0,19354800.0,8779200.0,47488800.0
sz300072,海新能科,3.45,2.37%,1.10%,45360200.00000001,43772500.0,1587700.0,89537700.0
sz000683,远兴能源,7.33,2.37%,1.95%,290000000.0,181000000.0,109000000.00000001,472000000.0
sz301305,朗坤环境,22.58,2.36%,22.38%,140000000.0,146000000.0,6146600.0,285000000.0
sz001332,锡装股份,34.25,2.36%,4.21%,17284100.0,22432900.0,5148800.0,39717100.0
sz301160,翔楼新材,32.55,2.36%,5.28%,36630900.0,35471500.0,1159400.0,72102300.0
sh688767,博拓生物,26.0,2.36%,2.35%,12794000.0,11537000.0,1256900.0,24331000.0
sh688602,康鹏科技,10.39,2.36%,13.48%,57350800.0,63936800.0,6585900.0,121000000.0
sz002860,星帅尔,12.6,2.36%,2.64%,39575500.0,36773500.0,2802000.0,76724800.0
sh688518,联赢激光,23.81,2.36%,2.78%,105000000.0,102000000.0,2607500.0,206999999.99999997
sz002674,兴业科技,12.16,2.36%,0.90%,13152700.0,18838700.0,5686000.0,31991500.0
sz002341,新纶新材,3.04,2.36%,1.59%,26403400.0,20389600.0,6013800.0,46792900.0
sh688509,正元地信,4.8,2.35%,3.57%,33560000.0,33241800.0,318200.0,66801700.0
sh688319,欧林生物,15.65,2.35%,1.70%,33718100.0,42060500.0,8342400.0,75778600.0
sh688089,嘉必优,22.22,2.35%,5.27%,84426800.0,112000000.00000001,27328800.0,196000000.0
sh603580,艾艾精工,13.06,2.35%,1.38%,11474900.0,12266400.000000002,791500.0,23741300.0
sh688016,心脉医疗,160.17,2.35%,1.47%,90833000.0,82750300.0,8082700.0,174000000.0
sh600439,瑞贝卡,2.61,2.35%,1.26%,18332400.0,19105100.0,772700.0,37437400.0
sz003013,地铁设计,18.27,2.35%,2.54%,14080000.0,14194900.0,114800.0,28274800.0
sz001256,炜冈科技,17.03,2.34%,4.97%,15125100.0,15648800.000000002,523700.0,30773900.0
sh688331,荣昌生物,61.3,2.34%,1.00%,50195900.0,49013800.0,1182000.0,99209700.0
sh603218,日月股份,15.74,2.34%,1.52%,107000000.0,125000000.0,17642300.0,231999999.99999997
sh603083,剑桥科技,45.9,2.34%,10.02%,644000000.0,574000000.0,70206000.0,1218000000.0
sh601318,中国平安,48.11,2.34%,1.01%,2915000000.0,2408000000.0,507000000.0,5323000000.0
sh601068,中铝国际,4.82,2.34%,0.47%,31330600.0,26989400.0,4341200.0,58320000.0
sz300507,苏奥传感,5.68,2.34%,2.08%,43875000.0,48346500.0,4471500.0,92221600.0
sh688114,华大智造,79.13,2.33%,1.72%,26423700.0,20483000.0,5940800.0,46906700.0
sz301389,隆扬电子,16.71,2.33%,3.25%,16040900.0,22748200.0,6707300.0,38789100.0
sz301149,隆华新材,10.55,2.33%,3.13%,36207700.0,25917199.999999996,10290400.0,62124900.0
sh601615,明阳智能,14.91,2.33%,0.97%,160000000.0,149000000.0,10145100.0,309000000.0
sh600730,中国高科,5.71,2.33%,2.05%,35350100.0,34253800.0,1096300.0,69603900.0
sh600094,大名城,3.51,2.33%,2.35%,98131100.0,92221600.0,5909500.0,190000000.0
sz300219,鸿利智汇,6.59,2.33%,1.10%,23930300.000000004,27933100.0,4002700.0,51863400.0
sz002807,江阴银行,3.95,2.33%,2.32%,94871700.0,104000000.0,8884600.0,200999999.99999997
sz002792,通宇通讯,13.61,2.33%,2.95%,51677200.0,46279300.0,5397900.0,97956500.0
sz002494,华斯股份,4.83,2.33%,2.34%,16389300.0,16468800.000000002,79500.0,32859600.0
sh605122,四方新材,15.0,2.32%,3.08%,14660500.0,12896900.0,1763600.0000000002,27557300.0
sh603040,新坐标,24.3,2.32%,1.40%,20993300.0,24982800.000000004,3989400.0,45976100.0
sh600737,中粮糖业,8.37,2.32%,2.71%,278000000.0,213000000.0,64645900.0,490000000.00000006
sz300086,康芝药业,5.74,2.32%,4.23%,58139900.0,48337700.00000001,9802200.0,107000000.0
sz002955,鸿合科技,19.83,2.32%,2.67%,51526300.0,48969700.0,2556600.0,100000000.0
sz002398,垒知集团,5.3,2.32%,1.68%,29281100.0,23323800.0,5957300.0,52604900.0
sz000060,中金岭南,5.3,2.32%,1.69%,161000000.0,172000000.0,11122900.0,336000000.0
sz300978,东箭科技,11.95,2.31%,3.32%,28810400.0,24301600.0,4508800.0,53112100.0
sh603595,东尼电子,30.06,2.31%,1.82%,66792500.0,64527000.0,2265500.0,131000000.0
sz000793,华闻集团,2.21,2.31%,2.38%,52406600.0,52061899.99999999,344700.0,104000000.0
sh600828,茂业商业,4.0,2.30%,0.45%,15761000.0,15732300.0,28600.0,31493300.0
sh603018,华设集团,8.45,2.30%,2.55%,84759200.0,62272299.99999999,22486900.0,147000000.0
sh600497,驰宏锌锗,5.33,2.30%,2.16%,293000000.0,296000000.0,2756700.0,589000000.0
sh600369,西南证券,4.45,2.30%,3.88%,429000000.0,709000000.0,280000000.0,1138000000.0
sh600336,澳柯玛,5.34,2.30%,1.15%,27808500.0,21746400.0,6062100.0,49554799.99999999
sz002491,通鼎互联,5.77,2.30%,1.56%,53177900.0,54832400.0,1654600.0,108000000.0
sz000720,新能泰山,4.45,2.30%,0.69%,17305600.0,22006600.0,4701000.0,39312200.0
sh688184,帕瓦股份,24.55,2.29%,1.76%,7766400.0,7226600.0,539900.0,14993000.0
sz001300,三柏硕,11.6,2.29%,5.19%,18985100.0,18309800.0,675400.0000000001,37294900.0
sh600178,东安动力,6.25,2.29%,0.88%,14054200.0,11507000.0,2547200.0,25561100.0
sz002492,恒基达鑫,5.83,2.28%,2.35%,30938100.0,24304500.0,6633600.0,55242700.00000001
sh688599,天合光能,35.0,2.28%,1.28%,447000000.0,432000000.0,15158100.0,878999999.9999999
sh600998,九州通,9.44,2.28%,0.36%,53337900.0,43779000.0,9558900.0,97117000.0
sh600111,北方稀土,22.02,2.28%,0.94%,381000000.0,382000000.0,256300.0,763000000.0
sz002415,海康威视,34.04,2.28%,0.41%,640000000.0,641000000.0,766500.0,1282000000.0
sz002983,芯瑞达,22.54,2.27%,2.77%,37780400.0,30126200.0,7654200.0,67913200.0
sh605366,宏柏新材,7.66,2.27%,0.60%,13268500.0,14922900.0,1654400.0,28191400.0
sh688180,君实生物,37.01,2.27%,1.21%,133000000.0,98574300.0,34392100.0,231999999.99999997
sh603331,百达精工,13.05,2.27%,1.04%,10975100.0,16772200.0,5797200.0,27747300.0
sh603687,大胜达,9.48,2.27%,1.01%,20986100.0,19582700.0,1403400.0,40568800.0
sh603458,勘设股份,9.91,2.27%,2.01%,35084600.0,27634300.0,7450300.0,62718900.0
sh601377,兴业证券,6.76,2.27%,3.08%,924000000.0,936000000.0,12221000.0,1861000000.0
sh600969,郴电国际,6.75,2.27%,1.97%,24688500.0,24875800.0,187300.0,49564399.99999999
sz002566,益盛药业,8.11,2.27%,3.51%,36312000.0,30623800.0,5688099.999999999,66935900.0
sz000728,国元证券,7.22,2.27%,3.96%,649000000.0,647000000.0,2586500.0,1299000000.0
sh688432,有研硅,13.6,2.26%,3.08%,27153800.0,35138700.0,7984900.0,62292500.0
sz300577,开润股份,14.95,2.26%,1.79%,21391800.0,15221800.0,6170100.0,36613600.0
sz300077,国民技术,11.74,2.26%,1.99%,62493000.0,71121600.0,8628600.0,135000000.0
sz002558,巨人网络,13.11,2.26%,2.53%,338000000.0,332000000.0,6799100.0,675000000.0
sz002495,佳隆股份,2.72,2.26%,2.74%,30530100.000000004,23259000.0,7271100.0,53789000.0
sz002226,江南化工,4.98,2.26%,1.12%,51545600.00000001,49090500.0,2455100.0,101000000.0
sh688693,锴威特,55.18,2.26%,29.40%,143000000.0,132000000.0,10784100.0,275000000.0
sh603826,坤彩科技,50.81,2.25%,0.29%,36038400.0,35368800.0,669700.0,71407200.0
sh603058,永吉股份,8.18,2.25%,1.24%,22678800.0,20340500.0,2338300.0,43019200.0
sh603009,北特科技,6.83,2.25%,1.94%,25033100.0,20353200.0,4679900.0,45386300.0
sh600226,瀚叶股份,2.73,2.25%,1.16%,50185400.0,50008500.0,177000.0,100000000.0
sz002936,郑州银行,2.27,2.25%,1.43%,112000000.00000001,109000000.00000001,2754600.0,221000000.0
sh601399,国机重装,3.18,2.25%,0.91%,113999999.99999999,98310100.0,16017400.0,213000000.0
sz000536,华映科技,1.82,2.25%,1.19%,32506500.0,27775000.0,4731600.0,60672800.0
sh601059,信达证券,21.42,2.24%,44.98%,1068000000.0,2207000000.0,1139000000.0,3274000000.0
sh688041,海光信息,50.77,2.24%,2.52%,565000000.0,580000000.0,15089000.0,1145000000.0
sz002224,三力士,5.01,2.24%,1.25%,21679800.0,18637700.0,3042100.0,40317500.0
sz002593,日上集团,3.65,2.24%,1.94%,23239699.999999996,17721900.0,5517700.0,40963900.0
sz300989,蕾奥规划,24.66,2.24%,39.62%,195000000.0,212000000.0,16762900.0,407000000.0
sh600918,中泰证券,7.77,2.24%,3.03%,497000000.0,475000000.0,22166200.0,971000000.0000001
sh603637,镇海股份,8.22,2.24%,1.90%,19871300.0,18665100.0,1206200.0,38536300.0
sh600230,沧州大化,14.12,2.24%,1.20%,38611100.0,32598000.0,6013000.0,71209100.0
sz000757,浩物股份,4.1,2.24%,1.29%,15582500.0,12901900.0,2680600.0,28484400.0
sz000519,中兵红箭,15.13,2.23%,2.28%,260000000.0,227999999.99999997,31604300.0,491000000.0
sz301115,建科股份,23.87,2.23%,13.36%,67967300.0,64902100.0,3065200.0,133000000.0
sz002165,红宝丽,4.13,2.23%,2.77%,43594700.0,40397400.0,3197200.0000000005,83992099.99999999
sz002295,精艺股份,6.87,2.23%,2.32%,22458500.0,17707700.0,4750800.0,40315900.0
sh603183,建研院,5.04,2.23%,2.66%,37751800.0,29231100.0,8520700.0,66983000.0
sh601678,滨化股份,4.58,2.23%,1.08%,53849799.99999999,49937700.00000001,3912100.0,104000000.0
sh601003,柳钢股份,4.13,2.23%,0.83%,42654200.0,45909000.0,3254800.0,88563200.0
sz002832,比音勒芬,34.78,2.23%,0.87%,57075700.0,60570900.0,3495200.0,118000000.0
sz002449,国星光电,7.79,2.23%,1.53%,37682700.0,36720000.0,962700.0,74402800.0
sh601921,浙版传媒,8.29,2.22%,5.08%,93846900.0,85949900.0,7897000.0,180000000.0
sh600359,新农开发,7.84,2.22%,3.22%,54148900.0,43215800.0,10933000.0,97364800.0
sh600036,招商银行,32.26,2.22%,0.68%,2542000000.0,2066000000.0,476000000.0,4609000000.0
sz300147,香雪制药,5.06,2.22%,2.00%,38215100.0,29357100.0,8858000.0,67592900.0
sz300045,华力创通,11.05,2.22%,4.41%,115999999.99999999,125000000.0,8635800.0,241000000.0
sz002910,庄园牧场,11.03,2.22%,2.48%,26402300.0,20915000.0,5487300.0,47407700.00000001
sz000048,京基智农,19.32,2.22%,1.10%,58882200.0,51125600.00000001,7756700.0,111000000.00000001
sz301215,中汽股份,6.0,2.21%,2.04%,47726400.0,47976500.0,250200.0,95702800.0
sz000737,北方铜业,5.54,2.21%,1.43%,29663400.0,29096900.0,566500.0,58760400.0
sh688468,科美诊断,8.8,2.21%,1.03%,13416400.000000002,11967600.0,1448800.0,25384000.0
sh603955,大千生态,15.74,2.21%,1.21%,13679700.0,12672200.0,1007500.0,26351900.0
sh600820,隧道股份,6.01,2.21%,1.14%,103000000.0,115999999.99999999,12875400.0,219000000.0
sh600232,金鹰股份,5.55,2.21%,1.24%,11570600.0,13731700.0,2161200.0,25302300.0
sz002826,易明医药,10.19,2.21%,2.60%,27885400.0,19304300.0,8581100.0,47189799.99999999
sz000999,华润三九,47.27,2.21%,0.74%,189000000.0,158000000.0,31208500.0,346000000.0
sz000070,特发信息,7.39,2.21%,2.00%,73709900.0,59438600.0,14271400.000000002,134000000.00000001
sh688375,国博电子,80.02,2.20%,0.51%,42022600.0,27432500.0,14590100.0,69455200.0
sz300881,盛德鑫泰,30.64,2.20%,6.33%,30368900.0,27293800.0,3075100.0,57662600.0
sh600063,皖维高新,5.11,2.20%,1.63%,83898799.99999999,79174000.0,4724800.0,163000000.0
sz002488,金固股份,6.51,2.20%,1.58%,56303600.0,40339600.0,15963900.000000002,96643300.0
sz002074,国轩高科,23.7,2.20%,1.79%,240000000.0,296000000.0,56128600.0,537000000.0
sz000407,胜利股份,3.71,2.20%,2.35%,41441100.0,35218100.0,6223000.0,77037200.0
sh601088,中国神华,28.5,2.19%,0.23%,663000000.0,437000000.0,225999999.99999997,1100000000.0
sz300242,佳云科技,3.27,2.19%,4.68%,48095300.0,49879100.0,1783800.0,97974300.0
sz002933,新兴装备,27.1,2.19%,1.80%,27129100.0,28816400.0,1687300.0,56249200.0
sz002571,德力股份,6.07,2.19%,1.55%,15197700.0,12963400.0,2234400.0,28161100.0
sz002132,恒星科技,3.27,2.19%,1.53%,35841400.0,35351400.0,489900.0,71192800.0
sz300234,开尔新材,5.62,2.18%,2.24%,22512399.999999996,21856400.0,656100.0,44368800.0
sz301091,深城交,16.88,2.18%,4.22%,58710400.0,46997000.0,11713400.0,106000000.0
sz000962,东方钽业,11.24,2.18%,2.60%,63003300.0,67521200.0,4517800.0,131000000.0
sh600238,海南椰岛,10.33,2.18%,1.97%,51580300.0,40042600.0,11537700.0,91622900.00000001
sh688011,新光光电,21.53,2.18%,1.18%,9744900.0,7366500.0,2378400.0,17111500.0
sh603585,苏利股份,14.07,2.18%,0.67%,9077700.0,8080599.999999999,997099.9999999999,17158300.0
sh601233,桐昆股份,14.53,2.18%,0.99%,145000000.0,185000000.0,39613000.0,330000000.0
sh688249,晶合集成,17.91,2.17%,2.56%,76436800.0,85642000.0,9205200.0,162000000.0
sh688316,青云科技,49.91,2.17%,6.76%,51972800.0,70617700.0,18644900.0,123000000.0
sh605318,法狮龙,15.04,2.17%,1.70%,15948200.0,17191600.0,1243400.0,33139699.999999996
sh603035,常熟汽饰,19.32,2.17%,1.28%,48370800.0,45831100.0,2539700.0,94201800.0
sh601860,紫金银行,2.83,2.17%,3.43%,162000000.0,186000000.0,23698700.0,348000000.0
sh600128,苏豪弘业,8.49,2.17%,1.65%,19468400.0,15534700.0,3933800.0,35003100.0
sz002123,梦网科技,14.57,2.17%,4.43%,223000000.0,231000000.0,7474100.0,454000000.0
sz300240,飞力达,6.14,2.16%,2.69%,34080100.0,27045300.000000004,7034800.0,61125500.0
sh601636,旗滨集团,8.04,2.16%,1.22%,135000000.0,130000000.0,5245500.0,265000000.0
sz300113,顺网科技,14.22,2.16%,2.71%,106000000.0,102000000.0,4017500.0,209000000.0
sz301315,威士顿,79.0,2.15%,46.59%,445000000.0,398000000.0,46824300.0,843000000.0
sz002351,漫步者,15.71,2.15%,3.53%,150000000.0,130000000.0,20706900.0,280000000.0
sh601107,四川成渝,4.27,2.15%,0.67%,32762900.0,29535700.0,3227200.0000000005,62298600.0
sh600050,中国联通,5.23,2.15%,1.45%,1074000000.0,1303000000.0,229999999.99999997,2377000000.0
sz000592,平潭发展,2.38,2.15%,2.15%,53008700.0,46323900.0,6684800.0,99332800.0
sz002996,顺博合金,11.0,2.14%,2.24%,15680400.0,15870700.0,190300.0,31551100.0
sz300026,红日药业,4.29,2.14%,2.33%,138000000.0,136000000.0,1982100.0,275000000.0
sh603626,科森科技,6.21,2.14%,1.67%,31624100.0,27046700.0,4577400.0,58670700.0
sh601212,白银有色,2.86,2.14%,0.57%,55476800.0,67555900.0,12079200.0,123000000.0
sz002587,奥拓电子,6.2,2.14%,3.14%,53488000.0,47329100.0,6158900.0,101000000.0
sz002479,富春环保,4.77,2.14%,2.54%,54215700.0,50950600.00000001,3265100.0,105000000.0
sz000419,通程控股,5.74,2.14%,2.05%,37223100.0,27092900.0,10130200.0,64897100.0
sh688646,逸飞激光,42.2,2.13%,11.62%,42684900.0,47209200.0,4524300.0,89894100.0
sz300995,奇德新材,21.1,2.13%,9.06%,30817399.999999996,25494500.0,5322900.0,56311899.99999999
sz002615,哈尔斯,6.26,2.12%,2.24%,21616000.0,19111600.0,2504400.0,40735800.0
sz002209,达意隆,8.69,2.12%,2.23%,17298600.0,13040000.0,4258600.0,30338500.0
sh688155,先惠技术,43.28,2.12%,0.69%,8516000.0,8011100.0,504900.0,16527000.0
sh689009,九号公司,31.28,2.12%,1.06%,86926400.0,86163500.0,762800.0,173000000.0
sh605168,三人行,72.87,2.12%,1.60%,91713799.99999999,79970300.0,11743500.0,172000000.0
sh600714,金瑞矿业,8.68,2.12%,0.51%,6659800.0,6331900.000000001,327900.0,12991700.0
sh600121,郑州煤电,4.33,2.12%,2.55%,78276300.0,57864200.0,20412100.0,136000000.0
sh601888,中国中免,109.78,2.12%,1.02%,1195000000.0,1046000000.0000001,150000000.0,2241000000.0
sh601231,环旭电子,13.94,2.12%,0.28%,44392400.0,42656300.0,1736100.0000000002,87048600.0
sh601038,一拖股份,11.06,2.12%,0.58%,19411300.0,19139800.0,271500.0,38551100.0
sh600704,物产中大,4.81,2.12%,0.96%,121000000.0,118000000.0,2842799.9999999995,239000000.0
sh600679,上海凤凰,8.2,2.12%,1.55%,21900200.0,16660000.0,5240100.0,38560200.0
sz002337,赛象科技,5.33,2.11%,1.96%,29918200.0,32384300.0,2466200.0,62310700.0
sz300864,南大环境,27.12,2.11%,26.43%,136000000.0,142000000.0,6300200.0,278000000.0
sz300091,金通灵,2.9,2.11%,1.91%,27677199.999999996,32406400.0,4729300.0,60083600.0
sh601908,京运通,4.83,2.11%,0.89%,52914100.0,52337200.0,576900.0,105000000.0
sh600760,中航沈飞,43.62,2.11%,0.61%,383000000.0,351000000.0,32736900.0,734000000.0
sh600735,新华锦,5.8,2.11%,1.40%,20046900.0,14482000.0,5564900.0,34528900.0
sh600126,杭钢股份,4.35,2.11%,0.46%,34137200.0,34386700.0,249500.0,68524000.0
sz002786,银宝山新,5.8,2.11%,5.79%,79558500.0,86400700.0,6842100.0,168000000.0
sz002361,神剑股份,3.88,2.11%,1.71%,27787000.0,25609899.999999996,2177100.0,53396899.99999999
sz002040,南京港,6.8,2.10%,1.58%,30964899.999999996,21803000.0,9161900.0,52767900.0
sh601298,青岛港,6.32,2.10%,0.28%,48735000.0,46827400.0,1907600.0,95562500.0
sh600793,宜宾纸业,11.67,2.10%,1.39%,15277400.0,13754700.0,1522600.0,29032100.0
sh600284,浦东建设,6.81,2.10%,2.31%,79131900.0,76075000.0,3056900.0,155000000.0
sh600156,华升股份,4.38,2.10%,3.92%,33946000.0,36089200.0,2143200.0,70035200.0
sz300324,旋极信息,2.92,2.10%,2.31%,58597000.0,58677200.0,80200.0,117000000.0
sz002628,成都路桥,3.41,2.10%,2.59%,37582900.0,29943800.0,7639100.0,67547200.0
sz002608,江苏国信,7.28,2.10%,0.38%,47569000.0,55228000.0,7659000.0,106000000.0
sz000627,天茂集团,3.4,2.10%,2.04%,164000000.0,160000000.0,3829400.0,323000000.0
sh688539,高华科技,39.1,2.09%,4.70%,29450300.000000004,23452800.000000004,5997400.0,52903100.00000001
sz301011,华立科技,20.53,2.09%,2.42%,22430300.000000004,17292700.0,5137700.0,39723000.0
sh688390,固德威,137.2,2.09%,2.74%,218000000.00000003,215000000.0,2686800.0,433000000.0
sh603221,爱丽家居,8.8,2.09%,0.95%,11489400.0,9016700.0,2472700.0,20506200.0
sh600668,尖峰集团,11.26,2.09%,1.47%,33038900.0,24753400.0,8285500.0,57792400.0
sz002958,青农商行,2.93,2.09%,1.30%,93370300.0,94501400.0,1131100.0,189000000.0
sz002736,国信证券,9.76,2.09%,0.98%,418000000.0,492000000.0,74567400.0,910000000.0
sz002407,多氟多,16.1,2.09%,2.10%,175000000.0,156000000.0,19636400.0,331000000.0
sz300800,力合科技,13.17,2.09%,2.35%,27816800.0,23976000.0,3840899.9999999995,51792800.0
sh603282,亚光股份,27.48,2.08%,6.03%,29614800.0,26996900.0,2617900.0,56611700.0
sz300006,莱美药业,3.43,2.08%,1.69%,25447000.0,22288800.0,3158200.0,47735700.0
sh600787,中储股份,5.4,2.08%,1.03%,66953900.0,55590100.0,11363800.000000002,123000000.0
sz002241,歌尔股份,14.72,2.08%,2.95%,684000000.0,622000000.0,61759500.0,1306000000.0
sz002140,东华科技,8.82,2.08%,0.88%,20073700.0,22365300.000000004,2291600.0,42439100.0
sz000529,广弘控股,6.88,2.08%,2.88%,55553400.0,56539300.0,985900.0,113999999.99999999
sz003008,开普检测,26.11,2.07%,2.40%,11043500.0,11298699.999999998,255200.0,22342199.999999996
sh601865,福莱特,31.09,2.07%,0.42%,111000000.00000001,112000000.00000001,647600.0,222000000.00000003
sz300124,汇川技术,66.18,2.07%,0.56%,440000000.00000006,409999999.99999994,30428500.0,858000000.0
sz002049,紫光国微,93.0,2.07%,2.78%,1188000000.0,1044999999.9999999,143000000.0,2233000000.0
sz002993,奥海科技,31.64,2.06%,0.93%,32540300.000000004,38364400.0,5824200.0,70904700.0
sh601686,友发集团,6.92,2.06%,0.84%,18161400.0,15405100.0,2756400.0,33566500.0
sh603408,建霖家居,10.41,2.06%,2.94%,20575100.000000004,15550700.0,5024400.0,36125700.0
sh601901,方正证券,7.44,2.06%,2.00%,560000000.0,705000000.0,145000000.0,1265000000.0
sh601600,中国铝业,5.94,2.06%,0.81%,320000000.0,317000000.0,3209300.0,638000000.0
sh600798,宁波海运,3.46,2.06%,1.41%,34363200.0,24909300.0,9454000.0,59272500.0
sh600727,鲁北化工,5.95,2.06%,1.11%,21307700.0,14027400.0,7280200.0,35335100.0
sz300274,阳光电源,100.2,2.06%,2.38%,1385000000.0,1357000000.0,27638000.0,2742000000.0
sz002160,常铝股份,3.97,2.06%,1.61%,27624100.0,21843500.0,5780700.000000001,49467600.0
sz000526,学大教育,25.89,2.05%,2.22%,36000500.0,31876400.0,4124100.0000000005,68368800.0
sz002262,恩华药业,25.33,2.05%,0.77%,83724800.0,89283799.99999999,5559000.0,173000000.0
sz300262,巴安水务,3.48,2.05%,15.43%,177000000.0,184000000.0,6779100.0,361000000.0
sz300196,长海股份,13.46,2.05%,0.69%,11997500.0,11349400.0,648100.0,23346900.0
sz002279,久其软件,6.98,2.05%,19.69%,500000000.0,585000000.0,85042300.0,1086000000.0
sz301234,五洲医疗,35.0,2.04%,26.46%,92230400.00000001,82420200.0,9810200.0,175000000.0
sh603132,金徽股份,12.48,2.04%,3.24%,36048800.0,29433300.0,6615599.999999999,65482100.0
sz301336,趣睡科技,43.11,2.04%,3.33%,19103200.0,18481000.0,622300.0,37584200.0
sh603181,皇马科技,10.52,2.04%,0.41%,12135000.0,13465100.0,1330000.0,25600100.000000004
sh603338,浙江鼎力,50.44,2.04%,1.01%,120000000.0,140000000.0,20262100.0,260000000.0
sh600229,城市传媒,8.01,2.04%,1.09%,26272700.0,32708700.0,6436000.0,58981400.0
sh600210,紫江企业,5.01,2.04%,1.22%,44709000.0,49429000.0,4719900.0,94138100.0
sh600022,山东钢铁,1.5,2.04%,0.88%,59316100.0,84132500.0,24816300.0,143000000.0
sz002783,凯龙股份,8.0,2.04%,1.44%,18563700.0,21586400.0,3022799.9999999995,40164500.0
sz000859,国风新材,4.99,2.04%,1.03%,26368500.0,20624500.0,5743900.0,46993000.0
sz002990,盛视科技,30.22,2.03%,1.65%,31750900.0,34690400.0,2939500.0,66441200.0
sh688036,传音控股,124.98,2.03%,0.46%,261000000.0,204999999.99999997,56326800.0,466000000.0
sh600088,中视传媒,13.57,2.03%,3.30%,86198900.0,92835200.0,6636300.0,179000000.0
sh600006,东风汽车,5.54,2.03%,1.08%,62442500.0,58956000.0,3486600.0000000005,121000000.0
sz300340,科恒股份,11.58,2.03%,2.28%,27257700.0,23073000.0,4184700.0000000005,50330700.0
sz300041,回天新材,10.06,2.03%,2.90%,87973600.0,73887400.0,14086199.999999998,162000000.0
sz002098,浔兴股份,6.03,2.03%,0.77%,8861700.0,7995900.0,865800.0,16857600.0
sz000040,东旭蓝天,4.02,2.03%,2.23%,47830600.00000001,48241899.99999999,411300.0,96342300.0
sh688223,晶科能源,10.62,2.02%,2.74%,303000000.0,277000000.0,25791300.0,581000000.0
sz300246,宝莱特,11.09,2.02%,4.26%,53173300.0,48977100.0,4196200.0,102000000.0
sh600119,长江投资,6.07,2.02%,1.25%,12364300.0,11397800.0,966400.0,23762100.0
sh603227,雪峰科技,8.08,2.02%,1.32%,39230400.0,31823800.0,7406600.0,71054000.0
sh600755,厦门国贸,7.57,2.02%,1.67%,130000000.0,134000000.00000001,4237200.0,264000000.0
sh600746,江苏索普,6.55,2.02%,0.40%,17647900.0,13129100.0,4518800.0,30776900.0
sh600740,山西焦化,5.06,2.02%,0.99%,74369500.0,55163500.0,19206000.0,130000000.0
sh600720,祁连山,11.12,2.02%,1.68%,81708000.0,65049200.0,16658900.000000002,147000000.0
sh600392,盛和资源,11.12,2.02%,0.97%,94998300.0,98359900.0,3361600.0000000005,193000000.0
sz300693,盛弘股份,31.77,2.02%,4.25%,171000000.0,172000000.0,1113500.0,342000000.0
sh603182,嘉华股份,14.71,2.01%,4.71%,13785400.0,14931300.000000002,1145900.0,28716600.0
sz301078,孩子王,9.63,2.01%,1.71%,43416899.99999999,59298200.0,15881300.000000002,103000000.0
sz003042,中农联合,17.79,2.01%,4.04%,31416300.0,18017400.0,13398900.000000002,49433600.0
sh601599,浙文影业,3.56,2.01%,2.54%,43143600.0,38505600.0,4638000.0,81649200.0
sz002487,大金重工,23.88,2.01%,3.07%,247000000.00000003,223000000.0,23535000.0,470000000.0
sh688659,元琛科技,12.24,2.00%,4.84%,30662399.999999996,22738000.0,7924400.000000001,53400300.0
sh688728,格科微,13.8,2.00%,0.63%,51732900.0,46727600.0,5005400.0,98460600.0
sh600283,钱江水利,13.78,2.00%,2.62%,73780300.0,54206000.0,19574300.0,128000000.0
sh600035,楚天高速,4.09,2.00%,1.65%,53328100.00000001,56825100.0,3496900.0,110000000.00000001
sz300254,仟源医药,7.64,2.00%,3.69%,35659100.0,28708600.0,6950400.0,64367600.0
sz002879,长缆科技,14.31,2.00%,2.07%,21250500.0,19016700.0,2233800.0,40267200.0
sz002281,光迅科技,26.48,2.00%,3.04%,278000000.0,279000000.0,1531900.0,557000000.0
sz000825,太钢不锈,4.08,2.00%,0.68%,90084900.0,70041900.0,20043000.0,160000000.0
sz000078,海王生物,3.06,2.00%,0.88%,36386000.0,34417600.0,1968400.0,71363000.0
sz001222,源飞宠物,13.34,1.99%,6.30%,28842000.0,26657900.0,2184100.0,55662600.0
sz300822,贝仕达克,11.79,1.99%,0.93%,11231000.0,13344800.0,2113800.0,24575800.0
sz002998,优彩资源,7.69,1.99%,3.55%,22355200.0,19787800.0,2567400.0,42142900.0
sh600981,汇鸿集团,3.07,1.99%,0.95%,34275700.0,32141600.0,2134100.0,66417299.99999999
sh600711,盛屯矿业,4.62,1.99%,1.41%,96976299.99999999,110000000.00000001,13463300.0,206999999.99999997
sh600277,亿利洁能,3.07,1.99%,0.97%,56794799.99999999,51177299.99999999,5617600.0,108000000.0
sz002307,北新路桥,5.13,1.99%,2.49%,62975100.0,78692500.0,15717400.0,142000000.0
sz002194,武汉凡谷,8.72,1.99%,2.19%,53263500.0,45488800.0,7774800.0,98752200.0
sz000917,电广传媒,6.16,1.99%,1.80%,76982900.0,83017099.99999999,6034200.0,160000000.0
sh600935,华塑股份,3.6,1.98%,0.81%,31977700.0,22495300.000000004,9482400.0,54472900.0
sh688565,力源科技,8.77,1.98%,10.31%,43202299.99999999,44978800.0,1776500.0,88181200.00000001
sz300071,福石控股,3.61,1.98%,2.06%,34622700.0,34754300.0,131600.0,69426100.0
sh600193,创兴资源,5.14,1.98%,0.82%,9908200.0,8224900.0,1683300.0000000002,18133000.0
sh603558,健盛集团,8.23,1.98%,1.11%,17056000.0,16912000.0,144000.0,33967900.0
sh603386,骏亚科技,10.28,1.98%,0.73%,12003300.0,12704300.0,701000.0,24707600.000000004
sh600320,振华重工,3.6,1.98%,0.79%,51874799.99999999,43603500.0,8271300.0,95478400.0
sz300307,慈星股份,6.68,1.98%,3.11%,81860100.0,81736000.0,124200.0,164000000.0
sz002855,捷荣技术,9.26,1.98%,0.73%,8616500.0,8190900.0,425700.0,16807400.0
sz002734,利民股份,8.24,1.98%,1.08%,15887700.0,13250100.0,2637700.0,29137800.000000004
sz002524,光正眼科,6.68,1.98%,1.49%,21354400.0,30017399.999999996,8662900.0,51435400.0
sz000913,钱江摩托,14.43,1.98%,2.00%,71423000.0,64102299.99999999,7320700.000000001,136000000.0
sz000670,盈方微,5.69,1.97%,2.82%,60948100.00000001,56898900.0,4049300.0,118000000.0
sz301488,豪恩汽电,69.2,1.97%,13.85%,101000000.0,94942800.0,5704400.000000001,196000000.0
sh600539,狮头股份,6.74,1.97%,2.04%,17843100.0,14175000.0,3668100.0,32018000.0
sh603613,国联股份,31.6,1.97%,1.53%,156000000.0,195000000.0,38939600.0,352000000.0
sh603266,天龙股份,12.96,1.97%,0.90%,12983599.999999998,10674800.0,2308800.0,23658400.0
sh600618,氯碱化工,8.79,1.97%,0.80%,29214699.999999996,24433400.0,4781300.0,53648100.00000001
sz300557,理工光科,34.23,1.97%,1.25%,13277200.0,15059200.0,1782000.0,28336400.0
sz002863,今飞凯达,5.68,1.97%,1.77%,26557300.0,23937800.000000004,2619400.0,50826300.0
sz002563,森马服饰,6.2,1.97%,0.53%,31900600.0,29885700.0,2014900.0,61863800.0
sz002512,达华智能,4.15,1.97%,5.64%,112000000.00000001,137000000.0,25236800.0,249000000.00000003
sz002501,利源股份,1.55,1.97%,0.85%,24564600.0,22623300.0,1941300.0,47187900.0
sz002204,大连重工,4.67,1.97%,0.88%,37932800.0,42249100.0,4316300.0,80182000.0
sz000776,广发证券,15.56,1.97%,2.94%,1378000000.0,1431000000.0,53108000.0,2812000000.0
sz001238,浙江正特,20.81,1.96%,7.46%,26242800.000000004,17306000.0,8936800.0,43548900.0
sz003027,同兴环保,19.73,1.96%,7.87%,58367900.0,46989399.99999999,11378599.999999998,105000000.0
sz002066,瑞泰科技,10.95,1.96%,1.59%,24202000.0,16524100.0,7677900.0,40806000.0
sh688510,航亚科技,17.2,1.96%,1.06%,15092500.0,15468100.0,375700.0,30560600.0
sh600676,交运股份,4.16,1.96%,0.85%,21652000.0,15372100.0,6279900.0,37024100.0
sh600403,大有能源,4.17,1.96%,0.50%,27347700.0,22844899.999999996,4502800.0,50192600.0
sh600192,长城电工,5.2,1.96%,1.02%,11283200.0,12539700.0,1256500.0,23822900.0
sz300359,全通教育,5.71,1.96%,1.79%,35019900.0,30438400.0,4581500.0,65472700.00000001
sz002932,明德生物,22.38,1.96%,2.10%,41427100.0,31775900.0,9651200.0,73847500.0
sz002733,雄韬股份,14.04,1.96%,1.79%,47095900.0,46502600.0,593300.0,93598500.0
sz002408,齐翔腾达,6.23,1.96%,0.55%,45040200.00000001,51197800.0,6157600.0,96238000.0
sz002273,水晶光电,9.88,1.96%,1.19%,82569300.0,79641800.0,2927500.0,162000000.0
sz002045,国光电器,11.99,1.96%,2.75%,83644300.0,72732800.0,10911400.000000002,156000000.0
sz002035,华帝股份,5.71,1.96%,1.98%,43816500.0,45817100.0,2000600.0,89633600.0
sz000488,晨鸣纸业,4.69,1.96%,1.01%,41850500.0,38190000.0,3660500.0,80556800.0
sh600190,锦州港,3.13,1.95%,1.59%,52501300.0,37110300.0,15391099.999999998,89611500.0
sh600218,全柴动力,8.36,1.95%,1.54%,29378300.0,24837000.0,4541300.0,54215200.00000001
sz002107,沃华医药,5.76,1.95%,0.82%,14365400.0,12674200.0,1691200.0,27100200.0
sz002103,广博股份,5.76,1.95%,4.49%,51610100.0,46734500.0,4875600.0,98349100.0
sz002588,史丹利,5.77,1.94%,2.14%,69664400.0,58148200.0,11516199.999999998,128000000.0
sh600370,三房巷,2.63,1.94%,0.97%,17458600.0,12649500.0,4809000.0,30108100.0
sh601360,三六零,10.49,1.94%,1.98%,835000000.0,671000000.0,164000000.0,1506000000.0
sh600958,东方证券,10.5,1.94%,2.82%,1118000000.0,1171000000.0,52785000.0,2290000000.0
sz300319,麦捷科技,7.9,1.94%,1.88%,67364300.0,58508100.00000001,8856200.0,126000000.0
sz003010,若羽臣,19.5,1.93%,7.07%,51679200.0,48641899.99999999,3037400.0,100000000.0
sh600550,保变电气,4.75,1.93%,0.57%,21579500.0,29277199.999999996,7697700.0,50856600.0
sh603012,创力集团,5.8,1.93%,2.81%,58825400.0,45924600.0,12900800.0,105000000.0
sh601698,中国卫通,15.85,1.93%,0.57%,190000000.0,199000000.0,8938900.0,388000000.0
sh601108,财通证券,8.44,1.93%,3.35%,709000000.0,653000000.0,56318600.0,1362000000.0
sh600499,科达制造,10.04,1.93%,0.85%,92559200.0,76645000.0,15914200.0,169000000.0
sh600083,博信股份,6.86,1.93%,1.34%,12487100.0,8818600.0,3668500.0,21305600.0
sz300269,联建光电,3.17,1.93%,3.35%,29285700.0,27547100.0,1738600.0000000002,56832800.0
sz300122,智飞生物,43.21,1.93%,0.93%,288000000.0,288000000.0,42400.0,579000000.0
sz002739,万达电影,13.71,1.93%,1.65%,252000000.0,229999999.99999997,21734200.0,482000000.0
sz002172,澳洋健康,3.7,1.93%,2.53%,42010000.0,30540400.0,11469600.0,72550400.0
sz000151,中成股份,11.62,1.93%,3.73%,62320300.0,55266000.0,7054200.0,118000000.0
sz002965,祥鑫科技,38.83,1.92%,3.06%,66072400.0,72737900.0,6665500.0,139000000.0
sz002875,安奈儿,11.68,1.92%,2.57%,29317100.0,23202399.999999996,6114600.0,52519600.0
sz000759,中百集团,4.78,1.92%,1.94%,34920100.0,26699400.0,8220599.999999999,61630000.0
sh688328,深科达,21.23,1.92%,5.13%,27701400.0,25672100.0,2029300.0,53373600.0
sh600435,北方导航,10.09,1.92%,1.43%,117000000.0,104000000.0,12639800.0,220000000.00000003
sh600125,铁龙物流,5.85,1.92%,2.34%,96041100.0,86119599.99999999,9921500.0,182000000.0
sz300633,开立医疗,44.16,1.92%,1.88%,185000000.0,179000000.0,6161100.0,364000000.0
sz002961,瑞达期货,16.48,1.92%,2.72%,97927000.0,108000000.0,9604700.0,206999999.99999997
sz002926,华西证券,9.02,1.92%,4.43%,434999999.99999994,667000000.0,231999999.99999997,1102000000.0
sz002510,天汽模,3.71,1.92%,1.33%,23898400.0,22321900.0,1576399.9999999998,46439900.0
sz000800,一汽解放,8.48,1.92%,0.28%,54424799.99999999,56442700.00000001,2017800.0,111000000.00000001
sh601878,浙商证券,10.69,1.91%,2.91%,590000000.0,661000000.0,70741100.0,1251000000.0
sh600507,方大特钢,4.81,1.91%,0.96%,56595900.0,48727100.0,7868800.0,105000000.0
sh600213,亚星客车,9.09,1.91%,2.81%,41356500.0,32435700.0,8920700.0,73792300.0
sz300494,盛天网络,14.37,1.91%,6.57%,190000000.0,193000000.0,2578300.0,383000000.0
sz002772,众兴菌业,9.09,1.91%,2.59%,49887900.0,42518500.0,7369400.000000001,92406400.0
sz000900,现代投资,4.27,1.91%,1.41%,42135400.0,51021600.0,8886200.0,93157099.99999999
sh688334,西高院,16.06,1.90%,8.15%,48436000.0,47054100.0,1381900.0,95490100.0
sz001318,阳光乳业,13.92,1.90%,5.57%,34099500.0,26814899.999999996,7284600.0,60914500.0
sz301356,天振股份,20.34,1.90%,2.62%,16063300.0,13306800.0,2756400.0,29370100.000000004
sh688450,光格科技,42.85,1.90%,13.51%,42452299.99999999,45866600.0,3414300.0,88318900.0
sz300381,溢多利,6.96,1.90%,1.40%,25073100.0,22321300.0,2751800.0,47394399.99999999
sh600516,方大炭素,5.91,1.90%,0.99%,111000000.00000001,129000000.0,17999000.0,240000000.0
sh600496,精工钢构,3.76,1.90%,1.59%,63229500.0,59636100.0,3593399.9999999995,123000000.0
sz300384,三联虹普,16.06,1.90%,1.59%,26819800.0,30317700.0,3497799.9999999995,57137500.0
sz002893,京能热力,11.81,1.90%,4.83%,65865100.0,50752800.0,15112300.0,117000000.0
sz000829,天音控股,8.05,1.90%,1.41%,63397000.0,54638400.0,8758700.0,118000000.0
sz300904,威力传动,73.8,1.89%,29.55%,184000000.0,200000000.0,16790400.0,384000000.0
sz301276,嘉曼服饰,25.85,1.89%,8.34%,31795700.0,27274100.0,4521600.0,59069700.0
sz301095,广立微,61.59,1.89%,3.15%,88976600.0,93544500.0,4567900.0,183000000.0
sh688096,京源环保,9.71,1.89%,3.20%,25899400.0,21869000.0,4030299.9999999995,47768400.0
sh688116,天奈科技,25.82,1.89%,2.23%,101000000.0,104000000.0,2981500.0,204999999.99999997
sh600007,中国国贸,19.9,1.89%,0.38%,35940000.0,41587299.99999999,5647200.0,77527300.0
sh600575,淮河能源,2.69,1.89%,1.54%,78618800.0,82907600.0,4288800.0,162000000.0
sz300153,科泰电源,7.54,1.89%,1.71%,17598600.0,23600600.0,6002000.0,41416300.0
sz000557,西部创业,4.85,1.89%,0.67%,25909699.999999996,21387199.999999996,4522500.0,47673300.0
sh600824,益民集团,3.8,1.88%,1.08%,22185500.0,21655700.0,529700.0,43841100.0
sz300739,明阳电路,12.98,1.88%,0.80%,15776000.0,14827100.0,948900.0,30603200.0
sz002748,世龙实业,8.67,1.88%,1.00%,11292200.0,9953700.0,1338500.0,21245900.0
sz002080,中材科技,21.64,1.88%,0.67%,109000000.00000001,133000000.0,23827199.999999996,243000000.00000003
sz000831,中国稀土,28.21,1.88%,1.57%,214000000.0,229999999.99999997,16037400.0,444000000.00000006
sz301135,瑞德智能,22.37,1.87%,2.92%,15932100.0,16923200.0,991100.0,32855300.000000004
sz301055,张小泉,14.67,1.87%,3.95%,18873200.0,15549200.0,3323900.0,34422400.0
sz002062,宏润建设,4.9,1.87%,2.07%,51709900.0,50154900.0,1555000.0,102000000.0
sh688528,秦川物联,9.81,1.87%,1.68%,5891400.0,5363300.0,528000.0,11254700.0
sh600982,宁波能源,4.36,1.87%,1.50%,36794200.0,36345100.0,449099.99999999994,73139300.0
sh600928,西安银行,3.81,1.87%,1.27%,81532300.0,84900400.00000001,3368100.0,166000000.0
sz000836,富通信息,2.72,1.87%,2.30%,41544700.0,35581200.0,5963500.0,77125800.0
sz000610,西安旅游,15.28,1.87%,4.83%,92754900.0,84430600.0,8324200.0,177000000.0
sz000561,烽火电子,8.73,1.87%,2.24%,62950500.0,57047600.0,5902900.0,120000000.0
sz000601,韶能股份,4.39,1.86%,0.71%,16277800.0,17523800.0,1246100.0,33801500.0
sh688055,龙腾光电,3.83,1.86%,0.12%,6078500.0,8959300.0,2880700.0,15037800.0
sz300830,金现代,8.2,1.86%,3.01%,38317300.0,40359700.0,2042400.0,78677000.0
sh600980,北矿科技,14.79,1.86%,1.47%,15920700.0,18497500.0,2576800.0,34418200.0
sz300115,长盈精密,9.31,1.86%,1.38%,81955000.0,73341800.0,8613200.0,156000000.0
sz002659,凯文教育,4.39,1.86%,2.54%,35925600.0,31493500.0,4432100.0,67419100.0
sz002603,以岭药业,23.0,1.86%,2.00%,332000000.0,307000000.0,24918000.0,642000000.0
sz002110,三钢闽光,4.94,1.86%,0.60%,41382299.99999999,32560700.0,8821600.0,73942900.0
sh605577,龙版传媒,11.02,1.85%,2.79%,26238200.0,32101600.0,5863500.0,58339799.99999999
sz000927,中国铁物,2.75,1.85%,1.22%,76990700.0,74221100.0,2769600.0,151000000.0
sh601877,正泰电器,25.35,1.85%,0.60%,177000000.0,155000000.0,21609699.999999996,332000000.0
sh600319,亚星化学,4.95,1.85%,1.27%,10816700.0,9264800.0,1551900.0,20081500.0
sz300332,天壕能源,9.89,1.85%,1.03%,40093900.0,46868000.0,6774100.0,86961900.0
sz300210,森远股份,3.3,1.85%,3.08%,26337900.0,23351000.0,2986900.0,49688900.0
sz300018,中元股份,6.07,1.85%,2.50%,30623500.0,31545500.0,922000.0,62532100.0
sz002869,金溢科技,16.48,1.85%,3.94%,49876899.99999999,52969100.0,3092200.0000000005,103000000.0
sz002370,亚太药业,4.41,1.85%,5.42%,69177900.0,60588400.0,8589600.0,130000000.0
sz002167,东方锆业,6.59,1.85%,1.87%,39941000.0,45874399.99999999,5933400.0,85815500.0
sz000950,重药控股,5.52,1.85%,3.01%,154000000.0,137000000.0,16522600.0,291000000.0
sz000925,众合科技,7.21,1.84%,1.84%,40808300.0,33173500.0,7634800.0,73981700.0
sh600715,文投控股,2.21,1.84%,1.48%,32510500.0,28722600.000000004,3787900.0,61233100.00000001
sh600163,中闽能源,4.97,1.84%,1.02%,26979400.0,31895100.000000004,4915600.0,58874500.0
sz300434,金石亚药,11.64,1.84%,3.55%,62809200.0,77638600.0,14829400.0,140000000.0
sz300105,龙源技术,6.08,1.84%,1.07%,16585700.0,17073300.0,487700.00000000006,33895500.0
sz002927,泰永长征,12.15,1.84%,5.71%,87562700.0,67852100.0,19710600.0,155000000.0
sz002119,康强电子,11.61,1.84%,2.89%,66397000.0,61702400.0,4694600.0,128000000.0
sh603116,红蜻蜓,6.08,1.84%,1.45%,28285000.0,23096800.0,5188200.000000001,51381800.0
sz000547,航天发展,8.31,1.84%,1.40%,94510200.0,91567400.0,2942799.9999999995,188000000.0
sh688459,哈铁科技,9.46,1.83%,3.27%,11285100.0,15834300.0,4549200.0,27119400.0
sh600613,神奇制药,7.24,1.83%,3.54%,62806100.0,61583400.0,1222800.0,124000000.0
sh600130,波导股份,3.9,1.83%,2.02%,33179100.0,28429500.0,4749500.0,61608600.0
sz300082,奥克股份,7.22,1.83%,0.62%,14362500.0,16057000.0,1694400.0,30906000.0
sz002274,华昌化工,7.24,1.83%,1.27%,43074300.0,45019600.0,1945300.0,88093799.99999999
sz000593,德龙汇能,7.23,1.83%,2.94%,40180500.0,36975300.0,3205200.0,77158000.0
sz000096,广聚能源,8.35,1.83%,0.51%,12535000.0,9233500.0,3301500.0,21813600.0
sz000066,中国长城,10.55,1.83%,1.78%,277000000.0,325000000.0,47938300.0,604000000.0
sz003003,天元股份,10.65,1.82%,3.53%,17738000.0,17205200.0,532800.0,34943200.0
sz300005,探路者,7.26,1.82%,1.22%,31849400.0,46497700.00000001,14648400.0,78347100.0
sz002836,新宏泽,7.82,1.82%,1.53%,15561400.000000002,12559700.0,3001800.0,28121100.0
sz300885,海昌新材,8.96,1.82%,2.75%,12113699.999999998,10669600.0,1444100.0,22783300.0
sh688189,南新制药,8.95,1.82%,1.84%,24693800.0,21787800.000000004,2906000.0,46481600.0
sh600569,安阳钢铁,2.24,1.82%,1.36%,48911000.0,39569000.0,9342000.0,88480000.0
sh600167,联美控股,6.71,1.82%,0.27%,21532800.000000004,20218700.0,1314100.0,41751500.0
sz300690,双一科技,14.58,1.82%,2.89%,23472399.999999996,23532000.0,59600.0,47004500.0
sz300126,锐奇股份,6.17,1.82%,1.91%,15621400.000000002,9654400.0,5967000.0,25275900.0
sz002888,惠威科技,12.88,1.82%,2.84%,14846800.0,13215400.0,1631399.9999999998,28062199.999999996
sz002470,金正大,2.24,1.82%,1.63%,65153200.0,51970600.00000001,13182700.0,117000000.0
sz002012,凯恩股份,5.6,1.82%,3.28%,47786400.0,39024300.0,8762100.0,86810600.0
sh688639,华恒生物,92.0,1.81%,0.90%,46444000.0,38927000.0,7517000.0,85370900.0
sh688163,赛伦生物,19.1,1.81%,1.46%,6254400.000000001,5841700.0,412700.00000000006,12096099.999999998
sh600179,安通控股,2.81,1.81%,0.58%,27396000.0,33359899.999999996,5963900.0,60756000.0
sh603937,丽岛新材,11.83,1.81%,1.29%,17389500.0,15022900.0,2366600.0,32412300.0
sh603933,睿能科技,15.76,1.81%,2.94%,49367500.0,47552299.99999999,1815200.0,96919800.0
sh601872,招商轮船,6.18,1.81%,0.47%,136000000.0,106000000.0,30897700.0,242000000.0
sh600386,北巴传媒,3.94,1.81%,1.56%,24154699.999999996,25763900.0,1609199.9999999998,49918700.0
sz300050,世纪鼎利,3.93,1.81%,2.37%,25557700.0,22643200.0,2914600.0,48472100.0
sz002822,中装建设,4.5,1.81%,6.61%,103000000.0,92651600.0,9916600.0,197000000.0
sz002063,远光软件,6.2,1.81%,1.27%,70534700.0,70522800.0,12000.0,141000000.0
sz000751,锌业股份,3.38,1.81%,1.76%,44032299.99999999,40566100.0,3466200.0,84598300.0
sz000710,贝瑞基因,9.56,1.81%,3.98%,72171100.0,49636200.0,22534899.999999996,122000000.0
sh603086,先达股份,6.21,1.80%,1.69%,25502900.0,20310900.0,5192000.0,45813800.0
sh600901,江苏金租,4.53,1.80%,1.24%,118000000.0,125000000.0,7816200.0,243000000.00000003
sh600810,神马股份,6.77,1.80%,0.76%,18071000.0,19156800.0,1085800.0,37227800.0
sh600809,山西汾酒,235.0,1.80%,0.67%,994000000.0,941000000.0,53164000.0,1935000000.0000002
sz300759,康龙化成,28.85,1.80%,2.30%,500000000.0,459000000.0,41015500.0,959000000.0
sh688211,中科微至,37.8,1.80%,1.10%,10708000.0,16231700.0,5523700.0,26939800.0
sz300139,晓程科技,10.18,1.80%,12.16%,143000000.0,150000000.0,6704200.0,293000000.0
sz000582,北部湾港,7.9,1.80%,0.82%,47357800.0,45009600.0,2348100.0,92384700.0
sh688004,博汇科技,28.42,1.79%,4.19%,33778900.0,35470000.0,1691200.0,69248800.0
sh688396,华润微,56.3,1.79%,0.39%,185000000.0,109000000.00000001,76279600.0,295000000.0
sz002999,天禾股份,7.4,1.79%,12.64%,112999999.99999999,95027000.0,18448900.0,209000000.0
sh603601,再升科技,4.54,1.79%,1.25%,30474800.0,28059200.0,2415600.0,58534100.0
sh603208,江山欧派,36.38,1.79%,1.57%,52072100.0,51699600.0,372600.0,104000000.0
sh601788,光大证券,17.63,1.79%,4.17%,1355000000.0,1639000000.0,284000000.0,2995000000.0
sh601118,海南橡胶,4.56,1.79%,1.08%,113999999.99999999,99328900.0,14572000.0,213000000.0
sh600495,晋西车轴,3.98,1.79%,1.58%,33613200.0,43227800.0,9614600.0,76841100.0
sh600100,同方股份,6.81,1.79%,2.50%,225999999.99999997,291000000.0,64278800.0,517000000.0
sz300175,朗源股份,4.54,1.79%,3.71%,42053800.0,37900900.0,4152799.9999999995,79956500.0
sz300066,三川智慧,5.12,1.79%,1.45%,40016200.0,35099300.0,4916900.0,75115400.0
sz002057,中钢天源,8.55,1.79%,1.09%,36203600.0,34988300.0,1215300.0,71191900.0
sz000810,创维数字,13.07,1.79%,1.34%,109000000.00000001,90896400.0,18234900.0,200000000.0
sz000421,南京公用,5.15,1.78%,2.35%,36461600.0,33678800.0,2782799.9999999995,70564100.0
sz300439,美康生物,11.44,1.78%,3.86%,60806899.99999999,64163800.0,3356900.0,125000000.0
sh600467,好当家,2.86,1.78%,15.57%,316000000.0,322000000.0,6462500.0,638000000.0
sz300585,奥联电子,17.19,1.78%,4.78%,70973000.0,63609300.0,7363700.0,135000000.0
sz300276,三丰智能,3.44,1.78%,2.07%,35982300.0,35587400.0,394799.99999999994,71570500.0
sz002950,奥美医疗,9.74,1.78%,1.52%,29094500.0,25065600.0,4028800.0,54338400.0
sz002873,新天药业,11.41,1.78%,1.38%,19860800.0,15830300.0,4030500.0,35857700.0
sz002743,富煌钢构,5.72,1.78%,2.18%,25658200.0,29329899.999999996,3671700.0,54988200.0
sz002506,协鑫集成,2.86,1.78%,1.01%,86980600.0,83801900.0,3178700.0,171000000.0
sz002203,海亮股份,11.43,1.78%,0.29%,30651800.0,34265300.0,3613399.9999999995,64919300.0
sz000012,南玻A,5.76,1.77%,1.03%,57402400.0,60264000.0,2861600.0000000005,118000000.0
sz301291,明阳电气,28.76,1.77%,5.65%,56514900.0,56566700.0,51800.0,112999999.99999999
sh603612,索通发展,16.71,1.77%,1.55%,69283600.0,45758400.0,23525200.0,114999999.99999999
sh601138,工业富联,20.68,1.77%,0.69%,1491000000.0,1377000000.0,113999999.99999999,2867000000.0
sz300729,乐歌股份,14.36,1.77%,2.32%,50641800.0,49826000.0,815800.0,100000000.0
sz300241,瑞丰光电,4.59,1.77%,1.53%,19486800.0,21259699.999999996,1772900.0,40787500.0
sz300063,天龙集团,4.02,1.77%,2.79%,33234100.0,37571700.0,4337600.0,70805800.0
sz002716,金贵银业,2.88,1.77%,1.34%,41005100.0,43649300.0,2644200.0,84654300.0
sz002638,勤上股份,2.87,1.77%,1.67%,34104400.0,31328100.0,2776300.0,65440300.0
sz002423,中粮资本,8.03,1.77%,1.54%,138000000.0,156000000.0,18400400.0,294000000.0
sz002283,天润工业,6.34,1.77%,2.40%,75315000.0,80248600.0,4933700.0,156000000.0
sz002050,三花智控,28.17,1.77%,0.76%,397000000.0,404000000.0,6365700.000000001,801000000.0
sz000565,渝三峡A,5.75,1.77%,1.18%,15115900.0,13962100.0,1153900.0,29805900.0
sh605069,正和生态,13.91,1.76%,45.17%,252999999.99999997,268000000.00000003,15878699.999999998,521000000.0
sz301047,义翘神州,87.51,1.76%,1.07%,30126700.0,25403500.0,4723200.0,55530100.0
sh600444,国机通用,12.72,1.76%,1.40%,16051099.999999998,10401199.999999998,5649900.0,26452399.999999996
sh601798,蓝科高新,6.92,1.76%,1.18%,15056800.0,14188800.000000002,867900.0000000001,29245600.0
sz300805,电声股份,8.08,1.76%,2.26%,29807300.0,23398500.0,6408800.0,53210100.0
sh601992,金隅集团,2.31,1.76%,0.75%,68086800.0,77300800.0,9214000.0,145000000.0
sh688049,炬芯科技,29.51,1.76%,2.92%,34877900.0,44249700.0,9371900.0,79127600.0
sh600196,复星医药,28.3,1.76%,0.85%,266000000.0,254000000.0,11740600.0,520000000.0
sh600054,黄山旅游,12.71,1.76%,2.27%,81871200.0,69050200.0,12821000.0,151000000.0
sz300591,万里马,5.79,1.76%,2.33%,23526800.0,18490000.0,5036800.0,42017299.99999999
sz301362,民爆光电,41.95,1.75%,17.80%,89107300.0,95663200.0,6555900.0,185000000.0
sz300204,舒泰神,9.3,1.75%,1.20%,25637199.999999996,27799400.0,2162200.0,53436500.0
sz300010,*ST豆神,2.33,1.75%,1.03%,6483000.0,13196400.000000002,6713400.0,19720600.0
sz300252,金信诺,8.15,1.75%,3.53%,82944100.0,73990300.0,8953800.0,157000000.0
sh688056,莱伯泰科,40.7,1.75%,11.17%,56327500.0,63551800.0,7224299.999999999,120000000.0
sh688221,前沿生物,9.87,1.75%,1.60%,18701000.0,14299200.0,4401800.0,33000300.000000004
sh603737,三棵树,75.17,1.75%,0.54%,93648900.0,122000000.0,28087500.0,215000000.0
sh603717,天域生态,6.97,1.75%,3.08%,36072600.0,26670200.0,9402500.0,62742800.0
sh603335,迪生力,5.81,1.75%,1.55%,23110500.0,15921400.000000002,7189000.0,39031900.0
sh603060,国检集团,11.03,1.75%,0.59%,30370800.0,22633000.0,7737800.0,53003800.0
sh600623,华谊集团,6.4,1.75%,0.57%,35787000.0,32892199.999999996,2894900.0,68679200.0
sh600531,豫光金铅,6.99,1.75%,3.13%,121000000.0,121000000.0,321300.0,242000000.0
sz300538,同益股份,13.95,1.75%,2.38%,20568100.0,17321800.0,3246300.0,37890000.0
sz002809,红墙股份,10.48,1.75%,2.94%,24808800.0,18355800.0,6453099.999999999,43164600.0
sz002697,红旗连锁,5.23,1.75%,2.28%,67023000.0,63234200.0,3788700.0,130000000.0
sz000955,欣龙控股,4.66,1.75%,1.47%,21140000.0,16211900.0,4928100.0,37352000.0
sz300227,光韵达,7.0,1.74%,1.75%,24203200.0,26704100.0,2500900.0,50907299.99999999
sz002561,徐家汇,9.36,1.74%,3.14%,65648400.0,56921600.0,8726800.0,123000000.0
sz301008,宏昌科技,25.8,1.74%,5.69%,20489800.0,16345300.0,4144400.0,36835100.0
sh603167,渤海轮渡,7.0,1.74%,1.92%,35817700.0,28413100.0,7404700.0,64230800.0
sh600583,海油工程,5.85,1.74%,0.65%,94211700.0,76867300.0,17344400.0,171000000.0
sh600055,万东医疗,17.52,1.74%,0.94%,39909500.0,50897100.0,10987500.0,90806500.0
sz300450,先导智能,29.3,1.74%,1.55%,346000000.0,338000000.0,8778000.0,684000000.0
sz300337,银邦股份,5.86,1.74%,1.49%,29532700.0,33003800.0,3471100.0,62536500.0
sz002458,益生股份,12.3,1.74%,3.01%,123000000.0,131000000.0,8103900.0,256000000.0
sz002456,欧菲光,5.25,1.74%,1.06%,86913799.99999999,94512200.0,7598400.0,183000000.0
sz002326,永太科技,12.87,1.74%,2.69%,131000000.0,112000000.00000001,19298800.0,243000000.00000003
sz000708,中信特钢,14.62,1.74%,0.26%,95637000.0,98492099.99999999,2855100.0,194000000.0
sz000638,万方发展,6.42,1.74%,4.27%,45590400.0,40622900.0,4967500.0,86213300.0
sz001217,华尔泰,11.15,1.73%,1.17%,9858400.0,7618300.0,2240100.0,17476700.0
sz000705,浙江震元,8.22,1.73%,8.24%,113999999.99999999,79605900.0,34545700.0,194000000.0
sz003011,海象新材,24.67,1.73%,6.49%,46458900.0,42976899.99999999,3482000.0,89448200.0
sz002396,星网锐捷,18.21,1.73%,2.22%,129000000.0,112999999.99999999,16126000.0,242000000.0
sh600060,海信视像,21.15,1.73%,0.55%,75155300.0,75857100.0,701800.0000000001,151000000.0
sz002405,四维图新,9.99,1.73%,1.90%,213000000.0,235000000.0,21184600.0,448000000.00000006
sz002315,焦点科技,31.75,1.73%,2.96%,85546200.00000001,99537500.0,13991199.999999998,185000000.0
sz002195,岩山科技,2.94,1.73%,1.73%,132000000.0,159000000.0,27258000.0,292000000.0
sz000758,中色股份,4.71,1.73%,1.36%,61571500.0,66690600.00000001,5119100.0,128000000.0
sz002399,海普瑞,11.21,1.72%,0.19%,11983400.0,15154700.0,3171300.0,27138100.0
sz301335,天元宠物,21.92,1.72%,3.33%,10869100.0,12430200.0,1561100.0000000002,23299300.0
sh688235,百济神州,126.03,1.72%,2.19%,125000000.0,189000000.0,63383400.0,314000000.0
sh600234,科新发展,7.11,1.72%,1.59%,12307000.0,10823800.000000002,1483300.0000000002,23130800.0
sh603311,金海高科,10.63,1.72%,1.03%,15778200.0,10432100.0,5346000.0,26210300.000000004
sh601288,农业银行,3.54,1.72%,0.14%,981000000.0,623000000.0,359000000.0,1604000000.0
sh600712,南宁百货,4.15,1.72%,2.02%,21950200.0,23635900.0,1685600.0,45586100.0
sh600650,锦江在线,9.46,1.72%,0.67%,13740800.0,11253400.0,2487400.0,24994200.0
sh600281,华阳新材,4.13,1.72%,0.69%,8783000.0,6049500.0,2733500.0,14832500.0
sz300145,中金环境,2.96,1.72%,3.56%,95424300.0,105000000.0,10006700.0,200999999.99999997
sz002712,思美传媒,5.92,1.72%,2.08%,34201700.0,32570400.0,1631399.9999999998,66772200.0
sz002547,春兴精工,4.15,1.72%,1.19%,24213900.0,30793500.0,6579600.0,55014000.0
sz002519,银河电子,5.32,1.72%,2.02%,55980300.0,64987600.0,9007300.0,122000000.0
sz002416,爱施德,7.09,1.72%,0.73%,29061600.0,35659500.0,6597900.0,64721000.0
sz002159,三特索道,15.36,1.72%,2.32%,27078300.0,22699000.0,4379300.0,49777400.0
sz000668,荣丰控股,11.22,1.72%,1.38%,12377200.0,10952400.0,1424800.0,23329600.0
sz000622,恒立实业,4.13,1.72%,3.08%,28066500.0,26241300.0,1825200.0,54308700.0
sz300428,立中集团,21.47,1.71%,1.13%,58486600.0,70499000.0,12012400.0,129000000.0
sh603045,福达合金,15.45,1.71%,4.91%,55879900.0,48922400.0,6957500.0,105000000.0
sh601700,风范股份,4.77,1.71%,0.82%,21567700.0,24011800.0,2444100.0,45579500.0
sh600436,片仔癀,275.23,1.71%,0.40%,365000000.0,316000000.0,48780200.00000001,682000000.0
sh600256,广汇能源,6.55,1.71%,1.26%,244000000.0,302000000.0,58403500.0,546000000.0
sz002424,贵州百灵,7.74,1.71%,2.46%,120000000.0,112000000.00000001,8261600.0,231999999.99999997
sz002105,信隆健康,5.94,1.71%,1.59%,19094100.0,15925300.0,3168800.0,35019400.0
sz000790,华神科技,4.75,1.71%,1.33%,21737300.0,17698300.0,4039000.0,39448900.0
sz000756,新华制药,19.08,1.71%,3.26%,149000000.0,130000000.0,18976300.0,279000000.0
sz000571,新大洲A,2.39,1.70%,2.01%,19285700.0,20558900.0,1273100.0,39844500.0
sz002686,亿利达,5.97,1.70%,1.53%,18531200.0,17863700.0,667500.0,36394900.0
sz002181,粤传媒,4.78,1.70%,1.09%,28813700.0,30760300.000000004,1946600.0,59574000.0
sh603232,格尔软件,13.75,1.70%,2.44%,41363100.00000001,38739700.0,2623399.9999999995,80102600.0
sh601515,东风股份,4.19,1.70%,1.15%,40325700.0,49903400.0,9577700.0,90229000.0
sz300482,万孚生物,23.91,1.70%,1.61%,71414600.0,59540200.00000001,11874400.0,131000000.0
sz300283,温州宏丰,5.99,1.70%,4.03%,39738000.0,35578000.0,4160000.0,75316100.0
sz300214,日科化学,5.98,1.70%,0.62%,8794600.0,6216500.0,2578100.0,15011099.999999998
sz002632,道明光学,6.59,1.70%,1.20%,24914899.999999996,21815100.000000004,3099800.0,46730000.0
sz002568,百润股份,29.89,1.70%,2.51%,292000000.0,249000000.00000003,43196000.0,541000000.0
sz002197,证通电子,9.58,1.70%,4.30%,110000000.00000001,114999999.99999999,4954700.0,225000000.0
sz002056,横店东磁,16.12,1.70%,0.87%,110000000.00000001,118000000.0,7984600.0,227000000.0
sh688259,创耀科技,60.0,1.69%,1.50%,25322300.0,27791100.0,2468900.0,53113400.0
sz301108,洁雅股份,34.39,1.69%,2.24%,14981000.0,12660100.0,2320900.0,27641100.0
sz300896,爱美客,427.61,1.69%,2.28%,454000000.0,451000000.0,2690800.0,905000000.0000001
sz300062,中能电气,6.01,1.69%,2.15%,20895400.0,28986300.0,8091000.0,49881700.0
sh600818,中路股份,13.24,1.69%,3.58%,63428100.00000001,51902200.0,11525900.0,114999999.99999999
sz300509,新美星,6.63,1.69%,2.15%,18395900.0,17219900.0,1176000.0,35615800.0
sz002806,华锋股份,10.84,1.69%,3.08%,28377900.0,22095500.0,6282400.0,50569000.0
sz002660,茂硕电源,8.4,1.69%,2.08%,24277399.999999996,21518500.0,2758900.0,45796000.0
sz002625,光启技术,14.46,1.69%,1.17%,157000000.0,150000000.0,6453200.000000001,307000000.0
sz002560,通达股份,7.81,1.69%,4.23%,83189400.0,68538500.0,14650900.0,152000000.0
sz000599,青岛双星,4.2,1.69%,1.27%,23421100.0,20872500.0,2548600.0,44293700.0
sz000039,中集集团,7.21,1.69%,1.24%,113999999.99999999,92673900.0,21101200.0,208000000.0
sz000507,珠海港,5.46,1.68%,1.38%,36297600.0,32239100.0,4058500.0,69015600.0
sh600593,大连圣亚,15.1,1.68%,1.71%,19263700.0,14261400.000000002,5002300.0,33525100.000000004
sh600807,济南高新,3.63,1.68%,1.89%,25202000.0,29557199.999999996,4355200.0,54759200.0
sh600876,凯盛新能,14.54,1.68%,0.81%,23956700.0,21636800.0,2319800.0,45593500.0
sh600469,风神股份,6.06,1.68%,1.40%,24262399.999999996,23901300.0,361100.0,48163900.0
sz300773,拉卡拉,18.18,1.68%,5.67%,407000000.0,385000000.0,22045300.000000004,792000000.0
sz300027,华谊兄弟,3.02,1.68%,4.24%,149000000.0,151000000.0,1327500.0,300000000.0
sz002185,华天科技,8.47,1.68%,0.83%,106000000.0,121000000.0,14936300.000000002,227000000.0
sz000990,诚志股份,7.87,1.68%,1.16%,57906100.0,54702600.0,3203500.0,112999999.99999999
sz000885,城发环境,11.53,1.68%,2.73%,107000000.0,98695200.0,8714200.0,206000000.0
sz000723,美锦能源,7.28,1.68%,1.02%,147000000.0,153000000.0,5730900.0,300000000.0
sh688178,万德斯,18.91,1.67%,1.27%,12462200.0,8317800.0,4144400.0,20780000.0
sz300842,帝科股份,61.0,1.67%,4.81%,113999999.99999999,142000000.0,28508800.0,256000000.0
sh688303,大全能源,40.9,1.67%,1.50%,175000000.0,143000000.0,31744600.0,318000000.0
sh603936,博敏电子,10.36,1.67%,2.08%,61642500.0,50799700.0,10842700.0,112000000.00000001
sh603619,中曼石油,19.49,1.67%,1.32%,52859700.0,50160400.0,2699300.0,103000000.0
sz300536,农尚环境,14.03,1.67%,1.64%,36344600.0,32449200.0,3895500.0,68793700.0
sz002745,木林森,8.54,1.67%,1.54%,65513400.0,65993000.0,479600.0,132000000.0
sz002570,贝因美,4.26,1.67%,1.57%,38571400.0,33692200.0,4879200.0,73232200.0
sz002116,中国海诚,11.6,1.67%,1.78%,43564700.0,43950500.0,385800.0,87515200.0
sz000680,山推股份,4.88,1.67%,1.62%,40750700.0,44359700.0,3609000.0,85110300.0
sz301468,博盈特焊,36.19,1.66%,7.78%,39312900.0,50833700.0,11520800.0,90146600.0
sz301219,腾远钴业,35.52,1.66%,2.42%,79004300.0,68291200.0,10713100.0,147000000.0
sz002633,申科股份,9.8,1.66%,1.25%,8522600.0,10102300.0,1579700.0,18624900.0
sh600721,百花医药,6.72,1.66%,1.49%,20821200.0,17340200.0,3480899.9999999995,38161300.0
sz300986,志特新材,16.51,1.66%,1.88%,16777500.0,16427300.0,350200.00000000006,33204699.999999996
sh603005,晶方科技,18.38,1.66%,2.81%,178000000.0,165000000.0,13199600.0,344000000.0
sh601939,建设银行,6.14,1.66%,1.49%,417000000.0,459999999.99999994,43209000.0,877000000.0
sh600642,申能股份,6.73,1.66%,0.49%,80105000.0,82561200.00000001,2456200.0,163000000.0
sh600332,白云山,30.54,1.66%,0.74%,166000000.0,156000000.0,9961400.0,322000000.0
sz002151,北斗星通,30.04,1.66%,1.91%,123000000.0,115999999.99999999,6488099.999999999,239000000.0
sz000923,河钢资源,14.1,1.66%,1.06%,50758500.0,43919500.0,6839000.0,94723300.0
sz000063,中兴通讯,34.27,1.66%,1.45%,898000000.0,1109000000.0,212000000.0,2025000000.0
sz002072,凯瑞德,6.15,1.65%,1.96%,17451100.0,14068699.999999998,3382400.0,31519699.999999996
sz001210,金房能源,20.33,1.65%,2.73%,16464000.0,10740000.0,5723900.0,27203900.0
sh603272,联翔股份,16.62,1.65%,5.79%,24406700.0,14569900.0,9836800.0,38976500.0
sz003012,东鹏控股,11.08,1.65%,3.04%,113999999.99999999,100000000.0,13921900.0,215000000.0
sh688052,纳芯微,121.63,1.65%,2.26%,137000000.0,93162600.0,43621000.0,229999999.99999997
sh600207,安彩高科,4.92,1.65%,1.27%,39048000.0,28031700.0,11016400.000000002,67079700.0
sh600873,梅花生物,8.62,1.65%,0.58%,82994000.0,65406400.0,17587600.0,148000000.0
sh600468,百利电气,5.55,1.65%,4.42%,136000000.0,135000000.0,988000.0,271000000.0
sz300527,中船应急,8.02,1.65%,1.30%,49052600.0,52512900.0,3460299.9999999995,102000000.0
sz002821,凯莱英,129.55,1.65%,1.15%,276000000.0,217000000.0,59200500.0,493000000.0
sz000068,华控赛格,3.69,1.65%,2.81%,52028100.00000001,53653800.0,1625800.0000000002,106000000.0
sh688146,中船特气,34.1,1.64%,3.90%,35747700.0,45059100.0,9311400.0,80806600.0
sh688370,丛麟科技,26.66,1.64%,1.69%,9345600.0,10609800.0,1264100.0,19955400.0
sz001227,兰州银行,3.1,1.64%,7.49%,348000000.0,307000000.0,40676800.0,655000000.0
sh688206,概伦电子,22.96,1.64%,1.43%,26878900.0,21813100.0,5065800.0,48692000.0
sh605333,沪光股份,13.03,1.64%,0.74%,24529100.0,18632600.0,5896500.0,43161800.0
sh601179,中国西电,4.95,1.64%,0.55%,59525100.0,82699200.0,23174100.0,142000000.0
sh600578,京能电力,3.1,1.64%,0.56%,55355900.0,62717000.0,7361100.0,118000000.0
sh600109,国金证券,9.93,1.64%,6.07%,902999999.9999999,1109000000.0,206999999.99999997,2012000000.0
sz002895,川恒股份,16.71,1.64%,1.33%,55720800.0,56579600.0,858800.0,112000000.00000001
sz002026,山东威达,8.66,1.64%,1.46%,29991800.0,25036500.0,4955300.0,55118400.0
sz000581,威孚高科,16.7,1.64%,1.24%,91943300.0,82361900.0,9581400.0,174000000.0
sz000019,深粮控股,7.45,1.64%,3.33%,57104100.0,47397299.99999999,9706800.0,105000000.0
sz300869,康泰医学,21.21,1.63%,2.68%,56192600.0,59660800.0,3468200.0,115999999.99999999
sh600228,返利科技,8.12,1.63%,2.80%,33422300.0,30869899.999999996,2552400.0,64292299.99999999
sh601998,中信银行,5.6,1.63%,0.17%,170000000.0,166000000.0,3960200.0,336000000.0
sh600617,国新能源,4.37,1.63%,1.63%,39369500.0,30752399.999999996,8617100.0,70121800.0
sz300187,永清环保,6.24,1.63%,2.31%,48010500.0,45681600.0,2328800.0,93692200.0
sz000403,派林生物,18.06,1.63%,0.75%,38052700.0,48946000.0,10893400.0,87616400.0
sz000333,美的集团,56.16,1.63%,0.42%,799000000.0,788000000.0,11702000.0,1623999999.9999998
sh601717,郑煤机,11.29,1.62%,0.73%,66328800.0,61486000.0,4842900.0,128000000.0
sh600653,申华控股,1.88,1.62%,1.44%,27169600.0,26420700.0,748800.0,53590300.0
sh600333,长春燃气,5.02,1.62%,1.47%,25713000.0,19725300.0,5987600.0,45438300.0
sz300299,富春股份,6.27,1.62%,3.13%,71105800.0,59365100.0,11740800.0,130000000.0
sz300069,金利华电,13.76,1.62%,1.54%,12229100.0,12565000.0,335900.00000000006,25138100.0
sz002929,润建股份,34.57,1.62%,7.60%,217000000.0,241000000.0,24331800.0,461000000.00000006
sh600841,动力新科,5.63,1.62%,0.74%,17728900.0,21043000.0,3314200.0,38771900.0
sz002202,金风科技,9.43,1.62%,0.97%,168000000.0,147000000.0,20428400.0,316000000.0
sh688610,埃科光电,55.69,1.61%,5.14%,19982900.0,20015400.0,32400.000000000004,39998300.0
sz000570,苏常柴A,5.67,1.61%,3.65%,54370200.00000001,50793400.0,3576800.0,105000000.0
sz301212,联盛化学,32.9,1.61%,5.35%,24608200.0,23314899.999999996,1293300.0000000002,47923100.00000001
sz300863,卡倍亿,49.3,1.61%,4.67%,36416100.0,41466600.0,5050500.0,77882700.0
sz002852,道道全,11.34,1.61%,3.21%,51319500.0,51366400.0,46900.00000000001,103000000.0
sh603680,今创集团,8.86,1.61%,0.26%,9923800.0,8181500.0,1742300.0,18105300.0
sh601226,华电重工,6.32,1.61%,0.72%,25338800.0,27859100.0,2520300.0,53197800.0
sh600585,海螺水泥,26.51,1.61%,0.97%,589000000.0,450000000.0,139000000.0,1040000000.0
sh600300,维维股份,3.16,1.61%,2.08%,55622400.0,52178400.0,3444000.0,108000000.0
sz002838,道恩股份,13.22,1.61%,1.49%,38352400.0,39528000.0,1175700.0,77880400.0
sz002591,恒大高新,6.3,1.61%,5.62%,46890000.0,35466600.0,11423400.0,82356700.0
sz002532,天山铝业,6.32,1.61%,0.58%,66951400.0,75046700.0,8095300.0,143000000.0
sz002276,万马股份,10.12,1.61%,1.71%,100000000.0,82346100.0,17815300.0,183000000.0
sz002008,大族激光,21.44,1.61%,2.23%,259000000.0,221000000.0,38317300.0,480000000.0
sz301082,久盛电气,15.89,1.60%,3.18%,15780500.0,18321400.0,2540800.0,34103500.0
sh603686,福龙马,9.52,1.60%,2.61%,58623000.0,46259300.0,12363800.000000002,105000000.0
sh603309,维力医疗,12.08,1.60%,2.45%,45855100.0,41761500.0,4093600.0,87616500.0
sh603178,圣龙股份,10.79,1.60%,1.53%,20044300.0,19365100.0,679200.0,39409400.0
sh601919,中远海控,9.54,1.60%,0.55%,360000000.0,321000000.0,38294600.0,681000000.0
sh600850,电科数字,21.01,1.60%,0.90%,54017000.0,54386400.0,369400.0,108000000.0
sh600749,西藏旅游,12.1,1.60%,1.86%,27361400.0,24605100.000000004,2756400.0,51966600.0
sh600703,三安光电,15.25,1.60%,1.17%,365000000.0,530000000.0,165000000.0,894999999.9999999
sh600368,五洲交通,3.8,1.60%,1.94%,45650400.0,46934700.0,1284300.0,92585100.0
sz300760,迈瑞医疗,282.43,1.60%,0.65%,1130000000.0,1085000000.0,44311000.0,2215000000.0
sz002937,兴瑞科技,22.81,1.60%,0.48%,12879700.0,19504900.0,6625200.0,32421100.0
sz000767,晋控电力,3.17,1.60%,1.03%,45685500.0,50118000.0,4432600.0,95803500.0
sz000639,西王食品,4.46,1.59%,0.81%,21470200.0,18377500.0,3092799.9999999995,39855700.0
sh688172,燕东微,18.53,1.59%,4.32%,41265400.0,62083000.0,20817600.000000004,103000000.0
sh603920,世运电路,15.95,1.59%,1.18%,44408900.0,57699600.0,13290800.0,102000000.0
sz002755,奥赛康,7.66,1.59%,0.35%,6291600.0,12209900.0,5918300.0,25421700.0
sh601238,广汽集团,10.24,1.59%,0.50%,194000000.0,185000000.0,8822800.0,379000000.0
sh600986,浙文互联,5.76,1.59%,1.92%,62600200.00000001,86734200.0,24134000.0,149000000.0
sh600460,士兰微,24.28,1.59%,1.36%,246000000.0,227999999.99999997,18710600.0,474000000.0
sz000551,创元科技,9.59,1.59%,1.27%,22745900.0,26775200.0,4029200.0,49673600.0
sz000505,京粮控股,7.69,1.59%,1.35%,36397400.0,29409300.0,6988099.999999999,66185000.0
sh688238,和元生物,9.62,1.58%,1.23%,22309400.0,20505300.000000004,1804100.0,42814700.0
sz300699,光威复材,26.98,1.58%,0.80%,93246600.0,86796800.0,6449800.0,180000000.0
sh603908,牧高笛,39.94,1.58%,1.69%,24314100.0,20993900.0,3320200.0,45308000.0
sh603368,柳药集团,19.87,1.58%,1.32%,44662400.0,51885400.0,7223000.0,96547700.0
sh603032,德新科技,23.81,1.58%,2.30%,56773200.0,69521600.0,12748400.0,126000000.0
sz300263,隆华科技,7.72,1.58%,2.80%,73119900.0,94815300.0,21695400.0,168000000.0
sz000919,金陵药业,7.7,1.58%,1.89%,41468600.0,32930500.0,8538100.0,74399200.0
sz301065,本立科技,20.74,1.57%,2.70%,14241099.999999998,11756800.0,2484200.0,25997900.0
sh603909,建发合诚,12.3,1.57%,0.93%,15391700.0,15216400.000000002,175300.0,30608000.0
sh603579,荣泰健康,22.05,1.57%,1.57%,24084400.0,24871900.0,787500.0,48956400.0
sh601628,中国人寿,35.66,1.57%,0.11%,490000000.00000006,376000000.0,113999999.99999999,866000000.0
sh600624,复旦复华,5.82,1.57%,0.99%,18725900.0,21092300.0,2366400.0,39818300.0
sh600571,信雅达,9.72,1.57%,5.74%,128000000.0,129000000.0,1676900.0,256999999.99999997
sz300569,天能重工,7.12,1.57%,1.35%,34097600.0,36912500.0,2814900.0,71010200.0
sz300310,宜通世纪,3.87,1.57%,2.47%,34684400.0,32752199.999999996,1932200.0,67436500.0
sz002386,天原股份,5.81,1.57%,1.41%,44129000.0,40362900.0,3766100.0,84491900.0
sz002312,川发龙蟒,7.77,1.57%,1.19%,68198400.0,60838200.0,7360200.0,129000000.0
sz000959,首钢股份,3.87,1.57%,0.49%,59411899.99999999,55803100.00000001,3608800.0,114999999.99999999
sz001311,多利科技,48.24,1.56%,5.15%,61047900.0,55369200.0,5678800.0,115999999.99999999
sh688220,翱捷科技,68.87,1.56%,0.82%,64841000.0,63838000.0,1003000.0,129000000.0
sz301261,恒工精密,39.67,1.56%,15.02%,55808100.00000001,64932900.0,9124900.0,121000000.0
sz300437,清水源,15.63,1.56%,9.05%,122000000.0,132000000.0,9535900.0,254000000.0
sz003032,传智教育,12.39,1.56%,2.64%,27567199.999999996,29170600.0,1603500.0,57792100.0
sh600753,庚星股份,9.75,1.56%,2.33%,27741900.0,21861500.0,5880400.0,49603300.0
sh600108,亚盛集团,3.25,1.56%,2.54%,87224599.99999999,74753700.0,12470900.0,162000000.0
sh603869,新智认知,9.78,1.56%,2.36%,63644000.0,55347299.99999999,8296600.0,119000000.0
sh601857,中国石油,7.83,1.56%,0.11%,694000000.0,700000000.0,5931000.0,1393000000.0
sh600103,青山纸业,2.61,1.56%,2.37%,70297400.0,74089500.0,3792100.0,144000000.0
sz300587,天铁股份,6.49,1.56%,1.45%,45032100.0,44338100.00000001,694000.0,89370900.0
sz300140,中环装备,9.12,1.56%,3.27%,58664500.0,67729400.0,9064900.0,129000000.0
sz002324,普利特,13.03,1.56%,1.83%,76824700.0,86678600.0,9853900.0,164000000.0
sz002014,永新股份,8.47,1.56%,1.09%,28552900.0,28482100.0,70800.0,57034900.0
sz000785,居然之家,3.9,1.56%,0.38%,46164900.0,47382700.00000001,1217800.0,93587400.0
sh688489,三未信安,49.11,1.55%,11.00%,63229600.0,72459100.0,9229500.0,136000000.0
sz300229,拓尔思,18.97,1.55%,4.70%,380000000.0,344000000.0,36054900.0,724000000.0
sh688788,科思科技,34.01,1.55%,1.10%,12471900.0,13050400.0,578500.0,25522199.999999996
sh603958,哈森股份,7.86,1.55%,1.08%,10058500.0,8731500.0,1326900.0,18790000.0
sh601616,广电电气,3.28,1.55%,1.52%,24971700.0,22440500.0,2531200.0,47412000.0
sh688711,宏微科技,50.99,1.55%,1.19%,35930300.0,34963200.0,967099.9999999999,70893400.0
sh603297,永新光学,84.29,1.55%,0.51%,21902600.000000004,25711700.0,3809100.0000000005,47614300.0
sh600310,广西能源,3.92,1.55%,3.06%,74972800.0,73535700.0,1437100.0,149000000.0
sz300502,新易盛,44.48,1.55%,6.92%,973000000.0,944999999.9999999,28328000.0,1918000000.0
sz300221,银禧科技,5.23,1.55%,3.51%,47712500.0,37829300.0,9883200.0,85543500.0
sz002947,恒铭达,17.66,1.55%,1.67%,23434800.0,21983800.0,1451000.0,45418600.0
sz301100,风光股份,19.09,1.54%,2.91%,14368800.000000002,13928500.0,440300.0,28297300.0
sz301259,艾布鲁,16.49,1.54%,18.85%,115999999.99999999,118000000.0,1672200.0,234000000.0
sz000820,神雾节能,3.95,1.54%,4.74%,33043600.0,21491100.0,11552500.0,54538400.0
sh601916,浙商银行,2.63,1.54%,0.93%,238000000.0,296000000.0,58030100.0,534000000.0
sh601010,文峰股份,2.63,1.54%,1.01%,28741000.0,21131800.0,7609200.0,49872800.0
sh600826,兰生股份,11.89,1.54%,1.42%,39607100.0,32274500.0,7332600.0,71881600.0
sh600030,中信证券,23.79,1.54%,4.45%,4472000000.0,8109000000.0,3636999999.9999995,12581000000.0
sz300160,秀强股份,5.94,1.54%,1.23%,21252700.0,31648200.0,10395500.0,53383200.0
sz000401,冀东水泥,7.9,1.54%,0.79%,50356100.0,46865200.00000001,3491000.0,98126500.0
sz002122,汇洲智能,3.32,1.53%,1.77%,59961400.0,58408600.0,1552700.0,118000000.0
sz002421,达实智能,3.31,1.53%,1.67%,47535300.0,52461400.0,4926100.0,99996700.0
sh688349,三一重能,30.46,1.53%,1.31%,43997900.0,31010500.0,12987400.0,75008400.0
sh600877,电科芯片,11.95,1.53%,0.88%,44110100.0,55074100.0,10963900.000000002,99184200.0
sh688636,智明达,48.4,1.53%,4.03%,36250800.0,52086500.0,15835800.0,88337300.0
sh601825,沪农商行,5.96,1.53%,0.91%,148000000.0,104000000.0,43568200.0,252000000.0
sz300296,利亚德,5.99,1.53%,1.09%,57240000.0,79767500.0,22527500.0,137000000.0
sz300927,江天化学,15.94,1.53%,1.32%,8592000.0,9990300.0,1398300.0000000002,18582300.0
sz300882,万胜智能,21.89,1.53%,6.92%,42878500.0,45945900.0,3067400.0,88840000.0
sh601816,京沪高铁,5.32,1.53%,0.26%,375000000.0,313000000.0,61729399.99999999,689000000.0
sh603590,康辰药业,33.1,1.53%,0.61%,16183200.0,16414500.0,231400.0,32597700.0
sh603328,依顿电子,7.3,1.53%,1.09%,39215400.0,41858500.0,2643100.0,81073900.0
sh600885,宏发股份,33.09,1.53%,0.70%,105000000.0,139000000.0,33944800.0,244000000.0
sh600865,百大集团,8.62,1.53%,0.47%,8459500.0,6780200.0,1679300.0,15239600.0
sz300691,联合光电,15.93,1.53%,2.45%,34033800.0,44246200.0,10212400.0,78280000.0
sz300137,先河环保,5.99,1.53%,6.04%,83290000.0,95525100.0,12235100.0,179000000.0
sz300100,双林股份,7.97,1.53%,1.83%,29722199.999999996,27676300.0,2045900.0,57398500.0
sz002722,物产金轮,13.29,1.53%,1.94%,24775700.0,21054400.0,3721300.0,45903200.0
sz002662,京威股份,3.32,1.53%,4.32%,112999999.99999999,107000000.0,5909800.0,220000000.00000003
sz001696,宗申动力,6.64,1.53%,1.27%,33532399.999999996,41404399.99999999,7872000.0,74936700.0
sz002627,三峡旅游,5.36,1.52%,1.43%,28272199.999999996,26066200.0,2205900.0,54338400.0
sz300871,回盛生物,16.01,1.52%,2.81%,16852300.0,20926200.0,4073900.0,37778400.0
sh688098,申联生物,7.33,1.52%,0.41%,6304500.0,6093800.0,210700.0,12398300.0
sh688008,澜起科技,48.75,1.52%,1.05%,279000000.0,317000000.0,38069100.0,596000000.0
sh603068,博通集成,24.69,1.52%,1.41%,25968900.0,27441900.0,1473000.0,53410800.0
sh601228,广州港,3.34,1.52%,0.49%,52308100.00000001,55494000.0,3185899.9999999995,108000000.0
sz300678,中科信息,33.45,1.52%,5.93%,278000000.0,283000000.0,4646300.0,561000000.0
sz300247,融捷健康,3.35,1.52%,1.95%,26963800.0,26242500.0,721300.0,53206300.0
sz300076,GQY视讯,4.67,1.52%,1.53%,16011500.0,14903599.999999998,1107900.0,30915000.0
sz002902,铭普光磁,22.09,1.52%,22.75%,356000000.0,390000000.0,33236400.0,746000000.0
sz301105,鸿铭股份,36.08,1.52%,3.89%,9145500.0,8723200.0,422299.99999999994,17868700.0
sz002182,云海金属,19.43,1.52%,1.23%,72072200.0,63823800.0,8248400.0,136000000.0
sh605090,九丰能源,23.48,1.51%,2.42%,71805900.0,77189500.0,5383700.0,149000000.0
sh600316,洪都航空,20.79,1.51%,0.67%,50197600.0,50409900.0,212300.0,101000000.0
sh603136,天目湖,22.92,1.51%,1.14%,24659000.0,24442300.0,216700.00000000003,49101300.0
sh601336,新华保险,42.3,1.51%,1.33%,625000000.0,578000000.0,46656700.0,1203000000.0
sh600594,益佰制药,5.38,1.51%,1.73%,38758700.0,35788100.0,2970600.0,74546700.0
sh600422,昆药集团,16.1,1.51%,1.35%,82678400.0,84401299.99999999,1722800.0,167000000.0
sh600113,浙江东日,7.4,1.51%,2.59%,40423800.0,39248100.0,1175700.0,79671900.0
sh600089,特变电工,14.8,1.51%,1.06%,369000000.0,433000000.0,63934700.0,802000000.0
sz300408,三环集团,30.34,1.51%,0.36%,111000000.00000001,92262900.00000001,18378500.0,202999999.99999997
sz002432,九安医疗,33.55,1.51%,1.60%,135000000.0,129000000.0,6574700.0,264000000.0
sz002342,巨力索具,4.03,1.51%,1.25%,23600800.0,21331200.0,2269600.0,44932000.0
sz002320,海峡股份,6.05,1.51%,0.74%,51648700.0,50522299.99999999,1126400.0,102000000.0
sz000807,云铝股份,14.14,1.51%,0.97%,262000000.0,215000000.0,46468600.0,476999999.99999994
sz301314,科瑞思,41.84,1.50%,10.60%,27463500.0,34994400.0,7530900.0,62457900.0
sz301258,富士莱,41.31,1.50%,21.53%,144000000.0,156000000.0,11480700.0,300000000.0
sh688231,隆达股份,24.31,1.50%,1.02%,12822300.0,16739500.0,3917200.0000000005,29561800.0
sz001289,龙源电力,19.0,1.50%,2.33%,29162000.0,31173600.0,2011600.0,60364100.0
sz301127,天源环保,10.86,1.50%,9.44%,135000000.0,124000000.0,10750300.0,259000000.0
sh600979,广安爱众,3.38,1.50%,2.06%,41530000.0,45078500.0,3548500.0,86608500.0
sh603080,新疆火炬,14.86,1.50%,5.49%,64141300.0,53020400.0,11120800.0,117000000.0
sh601398,工商银行,4.73,1.50%,0.16%,1099000000.0,949000000.0,150000000.0,2048000000.0
sh600138,中青旅,12.17,1.50%,2.66%,120000000.0,118000000.0,1948100.0,237000000.0
sz002939,长城证券,8.79,1.50%,3.12%,467000000.0,528000000.0,61161200.0,994999999.9999999
sz001207,联科科技,15.02,1.49%,2.40%,12647600.0,11180200.0,1467400.0,23827800.000000004
sz301515,港通医疗,34.15,1.49%,30.62%,118000000.0,139000000.0,20383100.0,256999999.99999997
sh688575,亚辉龙,15.68,1.49%,1.45%,32905000.0,29720100.000000004,3184900.0,62625100.0
sh688585,上纬新材,7.49,1.49%,1.62%,4843800.0,5476200.0,632400.0,10319900.0
sh688606,奥泰生物,47.01,1.49%,1.56%,10430400.0,15730700.0,5300300.0,26161100.0
sh600768,宁波富邦,10.22,1.49%,2.00%,13825600.0,14015200.0,189500.0,27840900.0
sh603890,春秋电子,7.5,1.49%,0.74%,12409500.0,12344000.0,65500.0,24753500.0
sh603332,苏州龙杰,8.19,1.49%,1.30%,12748900.000000002,10754700.0,1994199.9999999998,23503600.0
sh600694,大商股份,18.34,1.49%,0.72%,18339800.0,21345400.0,3005600.0,39685300.0
sh600037,歌华有线,8.18,1.49%,1.48%,87752400.0,82425500.0,5327000.0,170000000.0
sz300721,怡达股份,14.26,1.49%,1.28%,12392700.0,13239700.0,847000.0,25632399.999999996
sz300255,常山药业,4.78,1.49%,0.75%,16927700.0,17017400.0,89700.0,33969600.0
sz002695,煌上煌,10.93,1.49%,0.85%,23119699.999999996,20600700.0,2519000.0,43720500.0
sz002666,德联集团,4.77,1.49%,2.16%,24891900.0,22010200.0,2881700.0,47081600.0
sz000005,ST星源,1.36,1.49%,1.07%,6643900.0,8602000.0,1958100.0,15552200.0
sz000801,四川九洲,6.19,1.48%,0.92%,30005600.0,28998600.0,1007099.9999999999,59020300.0
sz002687,乔治白,4.81,1.48%,2.98%,29445800.0,28968500.0,477299.99999999994,58414300.0
sz300052,中青宝,16.47,1.48%,2.55%,58721100.0,53269600.0,5451500.0,112000000.00000001
sz002288,超华科技,4.11,1.48%,1.64%,27758900.0,27305300.000000004,453600.0,55064200.0
sh688068,热景生物,36.3,1.48%,0.97%,15052900.0,17906200.0,2853300.0,32959100.0
sh603108,润达医疗,12.38,1.48%,4.14%,157000000.0,147000000.0,9457200.0,304000000.0
sh600731,湖南海利,6.87,1.48%,2.29%,42818900.0,42967299.99999999,148400.0,85786100.0
sz002948,青岛银行,3.42,1.48%,1.03%,48996800.0,62579399.99999999,13582600.0,112000000.00000001
sz002658,雪迪龙,8.24,1.48%,2.75%,39458500.0,38153000.0,1305500.0,78168600.0
sz002562,兄弟科技,4.12,1.48%,1.32%,18270900.0,20448500.0,2177600.0,38719500.0
sh688047,龙芯中科,90.0,1.47%,0.96%,112999999.99999999,133000000.0,20543800.0,246000000.0
sh603303,得邦照明,12.43,1.47%,0.30%,8917100.0,8887400.0,29700.000000000004,17804500.0
sh601018,宁波港,3.45,1.47%,0.17%,45064200.0,45495600.00000001,431400.0,90559900.0
sh600351,亚宝药业,7.61,1.47%,3.44%,89358799.99999999,113999999.99999999,24315700.0,202999999.99999997
sz002690,美亚光电,22.03,1.47%,1.37%,49980400.0,81667900.0,31687500.0,132000000.0
sz301172,君逸数码,42.81,1.47%,38.35%,216000000.0,254999999.99999997,39303500.0,470000000.0
sz002175,东方智造,2.76,1.47%,1.92%,32727199.999999996,36007800.0,3280600.0,68746600.0
sh601567,三星医疗,15.29,1.46%,1.28%,139000000.0,138000000.0,656000.0,276000000.0
sh600903,贵州燃气,8.32,1.46%,1.55%,77268200.0,72307300.0,4960900.0,150000000.0
sz300598,诚迈科技,45.23,1.46%,2.19%,72513900.0,89867000.0,17353100.0,162000000.0
sz002785,万里石,22.26,1.46%,1.85%,35741800.0,33735200.0,2006600.0,69477000.0
sz002724,海洋王,7.63,1.46%,1.49%,33430000.0,31624000.0,1806000.0,65977900.0
sz002546,新联电子,4.86,1.46%,2.59%,52310500.0,50282700.00000001,2027800.0,103000000.0
sz301128,强瑞技术,29.98,1.46%,3.16%,10098400.0,16042700.0,5944299.999999999,26141000.0
sz000089,深圳机场,6.96,1.46%,0.80%,55274000.0,59952000.0,4678000.0,115999999.99999999
sz000016,深康佳A,4.2,1.45%,0.83%,28585800.0,27187199.999999996,1398600.0000000002,56236800.0
sh603280,南方路机,21.74,1.45%,8.95%,22123300.0,31226600.0,9103300.0,53349900.0
sh603979,金诚信,35.78,1.45%,0.91%,109000000.00000001,88620900.0,19991900.0,197000000.0
sh600395,盘江股份,6.28,1.45%,0.79%,60041400.0,47786000.0,12255400.0,108000000.0
sz002077,大港股份,13.95,1.45%,2.49%,94955800.0,110000000.00000001,15139300.0,204999999.99999997
sz000598,兴蓉环境,5.58,1.45%,0.94%,80018100.0,77178300.0,2839800.0,157000000.0
sz000417,合肥百货,5.59,1.45%,1.77%,39945000.0,37264500.0,2680500.0,77757300.0
sz001360,南矿集团,17.65,1.44%,20.53%,87015800.0,98037400.0,11021600.0,185000000.0
sh603507,振江股份,26.12,1.44%,2.50%,45117800.0,49173200.0,4055400.0,94291000.0
sh603900,莱绅通灵,6.33,1.44%,1.18%,13114100.0,12809000.0,305100.0,25923100.0
sh600148,长春一东,14.84,1.44%,1.44%,14294500.0,16447500.0,2153000.0,30741900.0
sz300778,新城市,17.58,1.44%,9.06%,181000000.0,158000000.0,22968500.0,338000000.0
sz300211,亿通科技,8.44,1.44%,1.15%,13090300.0,16561199.999999998,3470899.9999999995,29651500.0
sz002606,大连电瓷,7.77,1.44%,1.07%,16702700.0,18746600.0,2043899.9999999998,35449300.0
sz002522,浙江众成,4.92,1.44%,1.18%,24057399.999999996,26344699.999999996,2287300.0,50402100.0
sz000626,远大控股,7.04,1.44%,0.88%,16006600.0,15672000.0,334600.0,31678700.0
sh688032,禾迈股份,266.55,1.43%,2.64%,173000000.0,129000000.0,43711200.0,302000000.0
sh603997,继峰股份,14.17,1.43%,0.64%,49604900.0,56315700.0,6710800.0,106000000.0
sh601168,西部矿业,12.75,1.43%,2.19%,350000000.0,315000000.0,35149500.0,665000000.0
sh601139,深圳燃气,7.08,1.43%,0.55%,59959300.0,52706000.0,7253300.0,112999999.99999999
sh603093,南华期货,13.45,1.43%,1.38%,58075000.0,59794799.99999999,1719800.0,118000000.0
sh600757,长江传媒,8.5,1.43%,1.70%,76721900.0,102000000.0,24867000.0,178000000.0
sh600667,太极实业,6.39,1.43%,1.52%,101000000.0,107000000.0,5687600.0,208000000.0
sh600651,飞乐音响,3.55,1.43%,1.32%,31426000.0,27780400.0,3645600.0,59206400.0
sh600135,乐凯胶片,7.08,1.43%,1.25%,26704400.0,22981800.0,3722600.0,49686100.0
sz300257,开山股份,13.5,1.43%,0.69%,48822000.0,41581899.99999999,7240100.0,90403799.99999999
sz002848,高斯贝尔,9.21,1.43%,2.34%,19287600.0,16481099.999999998,2806500.0,35768700.0
sz002825,纳尔股份,7.82,1.43%,1.48%,14903000.0,15140100.0,237100.0,30043100.0
sz000762,西藏矿业,24.82,1.43%,2.22%,154000000.0,140000000.0,13688699.999999998,294000000.0
sz000088,盐田港,4.99,1.42%,0.60%,32903300.0,34599500.0,1696200.0,68085300.0
sz002554,惠博普,3.58,1.42%,1.65%,27808600.0,26742800.000000004,1065800.0,54551400.0
sh688620,安凯微,12.16,1.42%,8.57%,38533800.0,51685100.0,13151199.999999998,90218900.0
sh600713,南京医药,4.99,1.42%,1.62%,44065700.0,41409799.99999999,2655899.9999999995,85475500.0
sh600330,天通股份,9.28,1.42%,2.02%,112999999.99999999,121000000.0,7830500.0,235000000.0
sh600000,浦发银行,7.15,1.42%,0.23%,261000000.0,220000000.00000003,41539700.0,480999999.99999994
sz002598,山东章鼓,10.02,1.42%,1.35%,18959500.0,18568500.0,391100.0,38230400.0
sz002127,南极电商,3.6,1.41%,1.49%,54972400.0,53267200.0,1705200.0,108000000.0
sh601609,金田股份,6.49,1.41%,0.96%,48873800.0,44079000.0,4794800.0,92952900.00000001
sz300858,科拓生物,17.26,1.41%,2.15%,32811700.0,39447000.0,6635300.0,72258700.0
sh600137,浪莎股份,15.81,1.41%,1.61%,14103800.000000002,11016199.999999998,3087600.0,25120000.0
sh601958,金钼股份,10.81,1.41%,0.71%,126000000.0,127000000.0,789800.0,252999999.99999997
sh603508,思维列控,15.12,1.41%,0.92%,24770700.0,29512199.999999996,4741400.0,54282900.0
sh600337,美克家居,2.88,1.41%,2.27%,43500200.00000001,53215200.00000001,9714900.0,96715300.0
sz300259,新天科技,3.6,1.41%,0.83%,16561500.0,18993700.0,2432200.0,35555200.0
sz300108,*ST吉药,2.87,1.41%,3.62%,32421000.0,36127800.0,3706800.0,68548700.0
sz002945,华林证券,16.52,1.41%,3.29%,588000000.0,950000000.0,362000000.0,1538000000.0
sz002055,得润电子,8.62,1.41%,1.77%,49549500.0,42492600.0,7057000.0,92042099.99999999
sz002030,达安基因,9.36,1.41%,0.78%,54981100.0,48504600.0,6476400.0,103000000.0
sz000952,广济药业,7.2,1.41%,1.17%,14919900.0,14460300.0,459600.0,29380100.000000004
sz000878,云南铜业,11.47,1.41%,1.76%,202999999.99999997,208000000.0,4472800.0,411000000.00000006
sz000868,安凯客车,5.02,1.41%,1.81%,30094400.0,37475800.0,7381400.0,67570100.0
sz301171,易点天下,16.63,1.40%,3.53%,92888700.00000001,92890000.0,-1280.0,186000000.0
sz301037,保立佳,19.57,1.40%,6.44%,19615600.0,16468100.0,3147500.0,36083800.0
sh688655,迅捷兴,13.73,1.40%,4.07%,22330500.0,17519400.0,4811000.0,39849800.0
sz002985,北摩高科,36.3,1.40%,1.55%,59542900.0,60309300.0,766400.0,120000000.0
sh688007,光峰科技,20.95,1.40%,1.57%,73323300.0,83917900.00000001,10594700.0,157000000.0
sh603839,安正时尚,7.26,1.40%,1.03%,16398699.999999998,13956199.999999998,2442500.0,30354899.999999996
sh603577,汇金通,8.68,1.40%,0.80%,13392200.0,6809800.0,6582400.0,20202000.0
sh603006,联明股份,10.88,1.40%,1.83%,17471300.0,21045600.0,3574300.0,38516900.0
sh600157,永泰能源,1.45,1.40%,1.46%,206999999.99999997,270000000.0,62738800.0,476999999.99999994
sh600056,中国医药,12.33,1.40%,1.31%,112999999.99999999,132000000.0,18998400.0,245000000.00000003
sz002617,露笑科技,6.52,1.40%,1.91%,122000000.0,118000000.0,3818100.0,240000000.0
sz002091,江苏国泰,7.25,1.40%,0.72%,35107500.0,49251000.0,14143500.0,84358600.0
sz301290,东星医疗,30.0,1.39%,7.82%,25851600.0,31475700.0,5624100.0,57327299.99999999
sz002496,辉丰股份,2.19,1.39%,3.76%,52547700.00000001,45377200.0,7170500.0,97924800.0
sh688779,长远锂科,9.45,1.39%,1.38%,80676900.0,57502700.00000001,23174300.0,138000000.0
sh603126,中材节能,7.3,1.39%,1.15%,27664400.0,24385700.0,3278700.0,52050000.0
sz300134,大富科技,8.75,1.39%,0.86%,24246900.0,30451900.0,6205000.0,54698800.0
sz002511,中顺洁柔,10.18,1.39%,0.67%,46987299.99999999,42157000.0,4830300.0,89144200.0
sz002222,福晶科技,23.4,1.39%,3.70%,193000000.0,186000000.0,7321000.0,379000000.0
sz002112,三变科技,10.2,1.39%,3.90%,55581200.0,50712100.0,4869100.0,106000000.0
sz301177,迪阿股份,33.05,1.38%,3.94%,27440400.0,26243400.0,1197000.0,53683800.0
sz300522,世名科技,10.29,1.38%,1.63%,17002300.0,19999100.0,2996800.0,37001400.0
sz300083,创世纪,5.88,1.38%,1.83%,64398500.0,84179800.0,19781300.0,150000000.0
sz002128,电投能源,13.18,1.38%,0.82%,105000000.0,105000000.0,272700.0,210000000.0
sh603488,展鹏科技,7.37,1.38%,1.00%,11456400.000000002,10383500.0,1072900.0,21839899.999999996
sh603738,泰晶科技,13.23,1.38%,1.69%,45988300.0,42373600.0,3614700.0000000005,88361800.0
sh600018,上港集团,5.15,1.38%,0.14%,92883400.0,76092400.0,16791000.0,169000000.0
sz002957,科瑞技术,14.68,1.38%,1.58%,46983100.00000001,50943600.0,3960500.0,97926600.0
sz000017,深中华A,4.42,1.38%,2.17%,15716300.000000002,13730300.0,1986100.0000000002,29597399.999999996
sz000546,ST金圆,6.64,1.37%,2.63%,55997000.0,66611200.0,10614100.0,124000000.0
sz300929,华骐环保,12.56,1.37%,16.74%,95544700.0,108000000.0,12714400.0,204000000.0
sz000862,银星能源,6.66,1.37%,2.41%,37544900.0,44197400.0,6652500.0,81742200.0
sh603188,亚邦股份,3.7,1.37%,1.25%,14791300.000000002,11831300.000000002,2960000.0,26622700.0
sh603789,星光农机,8.86,1.37%,1.02%,12078200.0,11790300.0,287900.0,23868500.0
sh601330,绿色动力,7.4,1.37%,0.80%,30751300.0,28594300.0,2157000.0,59345500.0
sh600616,金枫酒业,6.67,1.37%,1.24%,27139100.0,28761000.0,1621900.0,55900100.0
sh600331,宏达股份,3.7,1.37%,1.92%,64860500.0,82782500.0,17922000.0,148000000.0
sz300580,贝斯特,20.67,1.37%,1.64%,53474300.0,55224700.0,1750400.0,109000000.00000001
sz002136,安纳达,11.06,1.37%,2.01%,27275800.0,21441900.0,5833900.0,48733300.0
sz000726,鲁泰A,6.69,1.36%,1.77%,34413600.0,35646100.0,1232500.0,70059800.0
sz000912,泸天化,4.48,1.36%,0.75%,25039500.0,28112600.000000004,3073100.0,53172800.0
sz003022,联泓新科,20.19,1.36%,1.56%,47242100.0,51235600.00000001,3993500.0,98477600.0
sh605066,天正电气,8.2,1.36%,1.16%,20099700.0,18696400.0,1403300.0000000002,38796000.0
sh600644,乐山电力,6.7,1.36%,0.93%,16732300.0,17355000.0,622700.0,34087300.0
sh601838,成都银行,14.19,1.36%,0.76%,179000000.0,234000000.0,54427600.0,413000000.0
sh601718,际华集团,2.99,1.36%,1.94%,123000000.0,134000000.00000001,11726900.0,256999999.99999997
sh600409,三友化工,5.95,1.36%,1.46%,96046400.0,87311800.0,8734600.0,183000000.0
sh600405,动力源,5.23,1.36%,1.18%,17572800.0,17115200.0,457600.0,34687900.0
sz300278,华昌达,3.72,1.36%,1.67%,37632400.0,44469300.0,6836900.000000001,82101600.0
sz300270,中威电子,6.72,1.36%,3.10%,27171100.0,24476700.0,2694400.0,51647900.0
sz000521,长虹美菱,5.98,1.36%,3.00%,85488300.0,71051000.0,14437300.0,159000000.0
sz301119,正强股份,24.81,1.35%,6.99%,25772500.0,22579100.0,3193399.9999999995,48351600.0
sh600866,星湖科技,5.25,1.35%,0.81%,14947900.0,16818800.0,1870900.0,31766700.0
sh600295,鄂尔多斯,9.0,1.35%,0.40%,36300200.0,36185700.0,114500.0,72485900.0
sh600104,上汽集团,14.23,1.35%,0.26%,235000000.0,210000000.0,24427100.0,445000000.0
sz300539,横河精密,11.24,1.35%,1.64%,16685700.0,15478900.000000002,1206800.0,32164600.0
sz002198,嘉应制药,6.77,1.35%,1.59%,24643400.0,31244699.999999996,6601300.0,55888000.0
sz002137,实益达,6.0,1.35%,2.31%,25802300.0,30118800.0,4316500.0,55927000.0
sz000975,银泰黄金,14.23,1.35%,1.64%,276000000.0,299000000.0,23041400.0,575000000.0
sz002715,登云股份,13.65,1.34%,1.05%,9991000.0,10164800.0,173800.0,20155900.0
sz000981,山子股份,1.51,1.34%,1.82%,80626700.0,76135600.0,4491100.0,157000000.0
sh605299,舒华体育,11.32,1.34%,2.26%,15410400.0,13896300.000000002,1514000.0,29306700.0
sz002623,亚玛顿,24.98,1.34%,0.76%,15811199.999999998,22437199.999999996,6626000.0,38275900.0
sz002886,沃特股份,16.68,1.34%,1.16%,16082200.0,17657500.0,1575300.0,33739700.0
sz002296,辉煌科技,7.55,1.34%,1.77%,23588300.0,23062000.0,526300.0,47062500.0
sz000789,万年青,8.31,1.34%,0.95%,34051900.0,29804400.0,4247500.0,63856200.0
sh601156,东航物流,12.21,1.33%,1.26%,62490600.00000001,62834900.0,344300.0,125000000.0
sh688297,中无人机,46.6,1.33%,1.34%,61927299.99999999,55228800.0,6698500.0,117000000.0
sz002059,云南旅游,6.1,1.33%,1.09%,27524300.0,35522900.0,7998600.0,63047200.0
sh688622,禾信仪器,32.65,1.33%,2.69%,14475600.0,19025900.0,4550300.0,33501500.0
sh688737,中自科技,26.61,1.33%,1.26%,12254300.0,10127300.0,2127000.0,22381600.0
sz300109,新开源,19.1,1.33%,1.90%,48353900.0,57183800.0,8829900.0,106000000.0
sz002788,鹭燕医药,9.13,1.33%,2.37%,42696000.0,40826400.0,1869600.0,83522400.0
sh603823,百合花,9.92,1.33%,0.80%,18110000.0,15124000.0,2986000.0,33234100.0
sh600522,中天科技,13.71,1.33%,1.11%,223000000.0,306000000.0,83387200.0,528000000.0
sh600269,赣粤高速,3.82,1.33%,1.95%,86022400.0,91688100.0,5665599.999999999,178000000.0
sh600098,广州发展,6.1,1.33%,0.70%,73381200.0,79714600.0,6333400.0,153000000.0
sh600066,宇通客车,12.91,1.33%,0.60%,77910400.0,95611200.00000001,17700900.0,174000000.0
sz300304,云意电气,5.35,1.33%,2.96%,64686500.0,72902700.0,8216200.0,138000000.0
sz300205,天喻信息,12.23,1.33%,1.89%,54392600.0,46523900.0,7868700.0,101000000.0
sz002028,思源电气,49.45,1.33%,0.97%,172000000.0,112999999.99999999,59139799.99999999,285000000.0
sz000922,佳电股份,11.46,1.33%,1.12%,33485400.0,43241500.0,9756200.0,76734900.0
sz000725,京东方A,3.82,1.33%,0.88%,607000000.0,661000000.0,54393000.0,1268000000.0
sh688361,中科飞测,69.9,1.32%,3.68%,75591700.0,81687000.0,6095300.0,157000000.0
sz000816,智慧农业,3.07,1.32%,0.88%,17952000.0,21338400.0,3386500.0,39290400.0
sz000989,九芝堂,10.75,1.32%,1.88%,66389700.0,76277300.0,9887600.0,143000000.0
sh600301,华锡有色,15.4,1.32%,2.13%,22503600.0,30768400.0,8264900.0,53272000.0
sh601077,渝农商行,3.85,1.32%,1.05%,150000000.0,212000000.0,61955700.0,361000000.0
sh603689,皖天然气,8.47,1.32%,1.18%,23687100.0,23868200.0,181200.0,47555300.0
sh601988,中国银行,3.84,1.32%,0.13%,541000000.0,501999999.99999994,39674500.0,1043000000.0
sh600835,上海机电,14.63,1.32%,0.93%,53080800.0,57962100.0,4881300.0,111000000.00000001
sh600811,东方集团,2.31,1.32%,2.35%,105000000.0,96369000.0,8525300.0,200999999.99999997
sh600356,恒丰纸业,7.68,1.32%,1.75%,22443600.0,18393600.0,4050000.0,40837100.0
sz300430,诚益通,13.85,1.32%,1.46%,24865200.0,27687700.0,2822500.0,52552900.0
sz002669,康达新材,13.01,1.32%,4.58%,94719900.0,85927700.0,8792200.0,181000000.0
sz002124,天邦食品,4.61,1.32%,2.56%,83812300.0,101000000.0,17294900.0,185000000.0
sz000035,中国天楹,5.36,1.32%,0.93%,56659200.0,65473900.0,8814700.0,124000000.0
sh603125,常青科技,28.53,1.31%,12.23%,77025200.0,92478100.0,15452900.0,170000000.0
sz001218,丽臣实业,21.6,1.31%,1.98%,15410900.0,16786800.0,1376000.0,32197700.0
sz301005,超捷股份,26.2,1.31%,2.27%,16717900.0,9876800.0,6841100.0,26594699.999999996
sz300973,立高食品,61.16,1.31%,2.09%,48642600.0,43185000.0,5457600.0,91827600.0
sz300890,翔丰华,34.75,1.31%,1.91%,26918700.0,31093400.0,4174700.0000000005,58012000.0
sh603995,甬金股份,20.11,1.31%,1.24%,43862200.0,41880600.00000001,1981500.0,85742800.0
sh603528,多伦科技,6.95,1.31%,1.04%,23195300.000000004,22957600.000000004,237700.0,46153000.0
sh603260,合盛硅业,61.8,1.31%,0.32%,115999999.99999999,97317600.0,18885900.0,214000000.0
sh600846,同济科技,9.3,1.31%,2.07%,65750400.0,57016899.99999999,8733400.0,123000000.0
sh600400,红豆股份,3.1,1.31%,0.94%,32892100.0,34655800.0,1763600.0000000002,67547800.0
sh600327,大东方,4.63,1.31%,1.67%,36306300.0,33136500.0,3169800.0,69442800.0
sz000425,徐工机械,6.2,1.31%,1.15%,170000000.0,168000000.0,1470800.0000000002,339000000.0
sz002769,普路通,7.77,1.30%,1.27%,17493900.0,15680100.0,1813899.9999999998,33174000.0
sz301235,华康医疗,21.88,1.30%,5.28%,29824100.0,28831500.0,992600.0,58655700.0
sz300130,新国都,24.15,1.30%,7.90%,334000000.0,453000000.0,119000000.0,788000000.0
sh601163,三角轮胎,15.53,1.30%,0.68%,36479500.0,48687299.99999999,12207800.0,85166700.0
sh600888,新疆众和,7.78,1.30%,1.71%,88362000.0,91727400.0,3365299.9999999995,180000000.0
sh600741,华域汽车,18.7,1.30%,0.38%,124000000.0,101000000.0,22349200.0,225000000.0
sz300176,派生科技,6.22,1.30%,1.94%,23895300.000000004,23290900.0,604400.0,47361500.0
sz300129,泰胜风能,7.79,1.30%,2.60%,61504100.0,73390000.0,11885900.0,135000000.0
sz002953,日丰股份,10.87,1.30%,2.26%,25654500.0,24298300.0,1356200.0,50148400.0
sz002773,康弘药业,14.77,1.30%,1.61%,64175400.0,103000000.0,38347300.0,167000000.0
sz002042,华孚时尚,3.12,1.30%,1.05%,29276500.0,27255900.0,2020600.0,56532500.0
sz000963,华东医药,37.48,1.30%,0.81%,287000000.0,256999999.99999997,30237500.0,543000000.0
sz000901,航天科技,9.32,1.30%,1.41%,53736200.0,52776100.0,960100.0,107000000.0
sz000722,湖南发展,10.93,1.30%,1.16%,27136500.0,32403600.0,5267200.0,59540100.0
sz000008,神州高铁,2.35,1.29%,1.46%,42731800.0,49390300.0,6658500.0,93399300.0
sz000620,*ST新联,1.57,1.29%,2.76%,30959200.0,52716899.99999999,21757600.000000004,83676100.0
sh688251,井松智能,28.25,1.29%,1.86%,8221500.0,10116800.0,1895300.0,18338300.0
sh605196,华通线缆,7.84,1.29%,4.96%,67499200.0,60078500.0,7420800.0,128000000.0
sh600726,华电能源,2.35,1.29%,1.34%,30972600.000000004,30872900.0,99700.0,61845600.00000001
sh603587,地素时尚,14.96,1.29%,0.52%,17890000.0,19381500.0,1491500.0,37271500.0
sh601198,东兴证券,8.67,1.29%,4.01%,589000000.0,586000000.0,2774300.0,1175000000.0
sz300411,金盾股份,6.3,1.29%,1.77%,17265400.0,13417100.0,3848399.9999999995,30682500.0
sz300239,东宝生物,6.26,1.29%,1.60%,23869400.0,28321200.0,4451800.0,52190600.00000001
sz300183,东软载波,14.09,1.29%,1.37%,32675300.000000004,34152600.0,1477300.0,66827900.0
sz002938,鹏鼎控股,20.41,1.29%,0.65%,147000000.0,159000000.0,11782200.0,306000000.0
sz002889,东方嘉盛,18.06,1.29%,1.32%,16538800.000000002,13571500.0,2967200.0000000005,30264899.999999996
sz002637,赞宇科技,10.22,1.29%,0.74%,15961500.0,14420000.0,1541500.0,30381500.0
sz002205,国统股份,10.24,1.29%,5.84%,66840800.0,46677000.0,20163800.0,113999999.99999999
sh688187,时代电气,41.89,1.28%,2.05%,100000000.0,84531299.99999999,15728100.0,185000000.0
sz002096,易普力,11.06,1.28%,0.87%,18868400.0,17600900.0,1267500.0,36469300.0
sh605365,立达信,14.2,1.28%,1.57%,6540300.0,6361799.999999999,178500.0,12902100.0
sh600785,新华百货,13.47,1.28%,1.19%,17127200.0,19411300.0,2284200.0,36538500.0
sh603698,航天工程,14.27,1.28%,0.52%,20427900.0,19836000.0,591900.0,40263900.0
sh600973,宝胜股份,4.73,1.28%,1.38%,46948900.0,44115300.0,2833600.0,91064100.0
sh600406,国电南瑞,22.87,1.28%,0.24%,245000000.00000003,198000000.0,47162600.0,444000000.00000006
sz300735,光弘科技,10.26,1.28%,1.46%,57961700.0,57394300.0,567400.0,114999999.99999999
sz000633,合金投资,6.34,1.28%,1.92%,25841500.0,22051400.0,3790100.0,47892900.0
sh688570,天玛智控,24.73,1.27%,5.66%,32911100.0,45410900.0,12499800.0,78322100.0
sh601187,厦门银行,5.6,1.27%,1.59%,52438200.0,55719399.99999999,3281100.0,108000000.0
sh603330,天洋新材,7.98,1.27%,1.96%,34839000.0,33150200.0,1688800.0,67989200.0
sh603444,吉比特,403.05,1.27%,1.57%,202999999.99999997,259000000.0,56392600.0,463000000.0
sh600908,无锡银行,5.6,1.27%,1.39%,67875000.0,79725500.0,11850500.0,148000000.0
sh600184,光电股份,11.95,1.27%,1.40%,37407500.0,49263500.0,11856000.0,86671000.0
sz300537,广信材料,13.58,1.27%,2.37%,20131700.0,25061400.0,4929600.0,45193100.00000001
sz300364,中文在线,14.38,1.27%,6.88%,327000000.0,331000000.0,4705800.0,658000000.0
sz300159,新研股份,3.2,1.27%,2.32%,44622299.99999999,67014700.0,22392399.999999996,112000000.00000001
sz002422,科伦药业,27.81,1.27%,1.34%,186000000.0,260000000.0,73314300.0,446000000.0
sz002395,双象股份,10.38,1.27%,2.32%,29930400.0,35548400.0,5618000.0,65478800.0
sz002121,科陆电子,5.6,1.27%,1.90%,81348000.0,70936300.0,10411700.0,152000000.0
sz000678,襄阳轴承,6.39,1.27%,3.79%,66988000.0,46528900.0,20459100.0,113999999.99999999
sh688609,九联科技,8.04,1.26%,3.71%,44322400.0,55014700.0,10692300.0,99337099.99999999
sh688195,腾景科技,32.27,1.26%,3.83%,44236000.0,58938300.0,14702300.0,103000000.0
sh688289,圣湘生物,16.08,1.26%,0.81%,29816700.0,29779000.0,37700.0,59595700.0
sh600366,宁波韵升,7.25,1.26%,1.22%,49145400.0,45761000.0,3384400.0,94906500.0
sh600217,中再资环,4.81,1.26%,0.68%,19702500.0,25917399.999999996,6214900.0,45620000.0
sz300110,华仁药业,4.03,1.26%,1.45%,30545500.0,39144500.0,8599000.0,69689900.0
sz002594,比亚迪,235.53,1.26%,1.15%,1675000000.0,1514000000.0,161000000.0,3190000000.0
sz002383,合众思壮,6.43,1.26%,1.48%,26963600.0,32160700.0,5197100.0,59683800.0
sz001203,大中矿业,10.5,1.25%,1.56%,36741700.0,35129700.0,1612000.0,71871500.0
sz301130,西点药业,27.53,1.25%,3.12%,23210900.0,30203100.0,6992200.0,53414100.0
sh603219,富佳股份,12.14,1.25%,0.99%,8438000.0,10266500.0,1828500.0,18704400.0
sh600396,*ST金山,2.43,1.25%,0.33%,4562900.0,7247600.0,2684800.0,11810500.0
sh603618,杭电股份,5.69,1.25%,0.94%,18172100.0,19438900.0,1266900.0,37611000.0
sh601866,中远海发,2.43,1.25%,0.65%,65617900.0,66358500.0,740600.0,132000000.0
sz002610,爱康科技,2.43,1.25%,1.53%,69384600.0,100000000.0,30801100.0,170000000.0
sz002268,电科网安,23.55,1.25%,1.58%,169000000.0,151000000.0,18339500.0,320000000.0
sz000523,广州浪奇,3.24,1.25%,0.92%,18009200.0,23491000.0,5481799.999999999,41788300.0
sz300930,屹通新材,22.85,1.24%,2.58%,9333500.0,8455900.0,877500.0,17789400.0
sz300884,狄耐克,10.58,1.24%,3.56%,27392199.999999996,28530500.0,1138300.0,55922700.00000001
sz300839,博汇股份,10.63,1.24%,1.76%,26755600.0,19021500.0,7734100.0,45777100.0
sh603990,麦迪科技,13.9,1.24%,3.42%,69929700.0,65413900.0,4515800.0,135000000.0
sh603214,爱婴室,15.49,1.24%,1.34%,13163699.999999998,16435800.0,3272100.0,29599500.0
sh600834,申通地铁,8.18,1.24%,0.70%,14275500.0,13371000.0,904599.9999999999,27646400.0
sz300752,隆利科技,13.92,1.24%,1.60%,14987600.0,15076700.0,89000.0,30064300.0
sz002812,恩捷股份,67.73,1.24%,2.31%,530999999.99999994,657000000.0,126000000.0,1188000000.0
sz000895,双汇发展,26.15,1.24%,0.59%,249000000.00000003,283000000.0,34397800.0,532000000.0
sz000153,丰原药业,9.01,1.24%,2.79%,43420900.0,35527000.0,7893900.0,79757000.0
sz300555,ST路通,6.6,1.23%,0.84%,4418400.0,6639000.0,2220700.0,11057400.0
sz301303,真兰仪表,22.28,1.23%,6.40%,45413900.0,59801000.0,14387100.0,105000000.0
sz001324,长青科技,29.55,1.23%,43.80%,196000000.0,244000000.0,48392900.0,440000000.00000006
sz301298,东利机械,15.58,1.23%,2.34%,14963900.000000002,15247800.0,283900.0,30211600.0
sh600938,中国海油,18.97,1.23%,1.26%,377000000.0,307000000.0,69854900.0,684000000.0
sz002402,和而泰,14.01,1.23%,1.40%,74680300.0,86378500.0,11698200.0,161000000.0
sz300867,圣元环保,17.25,1.23%,3.67%,50803000.0,47370600.00000001,3432400.0,98173700.00000001
sh688443,智翔金泰,27.11,1.23%,2.60%,29349400.0,30800800.0,1451399.9999999998,60150200.00000001
sh600478,科力远,5.76,1.23%,1.01%,46582500.0,52331200.0,5748700.0,98913799.99999999
sh600362,江西铜业,19.0,1.23%,0.85%,145000000.0,194000000.0,49049200.0,338000000.0
sh600280,中央商场,4.12,1.23%,5.24%,124000000.0,123000000.0,1317700.0,248000000.0
sh600168,武汉控股,6.61,1.23%,2.30%,55212000.0,53963900.0,1248100.0,109000000.00000001
sz300660,江苏雷利,27.9,1.23%,2.57%,110000000.00000001,123000000.0,13689800.0,233000000.0
sz300505,川金诺,15.61,1.23%,2.36%,31179100.0,30651300.0,527800.0,61831899.99999999
sz300095,华伍股份,8.26,1.23%,1.63%,22625400.0,23490800.0,865500.0,46116200.0
sz002842,翔鹭钨业,8.23,1.23%,1.57%,13377100.0,15047100.0,1670000.0,28424300.0
sz002004,华邦健康,4.93,1.23%,0.95%,45968800.0,43447900.0,2521000.0,89442300.0
sz300098,高新兴,3.33,1.22%,2.04%,50405500.0,55079500.0,4674000.0,105000000.0
sh605180,华生科技,12.47,1.22%,2.78%,9711600.0,7383700.0,2327900.0,17095300.0
sz300878,维康药业,20.69,1.22%,2.77%,11209000.0,12088300.0,879300.0000000001,23299300.0
sh600338,西藏珠峰,14.13,1.22%,1.77%,113999999.99999999,119000000.0,5737400.0,233000000.0
sz300513,恒实科技,12.46,1.22%,2.85%,42032600.0,56240500.0,14207900.0,98273100.0
sz300835,龙磁科技,25.7,1.22%,2.91%,28690100.000000004,33175900.0,4485800.0,61866100.0
sz002909,集泰股份,7.46,1.22%,1.28%,18942700.0,16093500.0,2849100.0000000005,35036300.0
sh688203,海正生材,12.54,1.21%,3.03%,12812300.0,15535900.0,2723600.0,28348300.0
sz300305,裕兴股份,10.07,1.21%,1.15%,16277000.0,11146199.999999998,5130800.0,27423200.0
sh688001,华兴源创,29.25,1.21%,0.26%,15743400.0,18564900.0,2821500.0,34308400.0
sh603721,中广天择,17.53,1.21%,5.77%,65813900.0,69161900.0,3348100.0,135000000.0
sh600198,大唐电信,5.87,1.21%,1.46%,41253100.00000001,35694900.0,5558200.000000001,76948000.0
sz300466,赛摩智能,5.87,1.21%,1.83%,20154100.0,25961500.0,5807400.0,46115600.00000001
sz300157,恒泰艾普,3.35,1.21%,2.47%,30222800.000000004,27984500.0,2238300.0,58874300.0
sz002429,兆驰股份,5.0,1.21%,0.47%,49226500.0,57936000.0,8709500.0,107000000.0
sz000731,四川美丰,7.53,1.21%,2.24%,44786300.0,55550800.0,10764500.0,100000000.0
sz000597,东北制药,5.03,1.21%,1.48%,48791000.0,54563400.0,5772400.0,103000000.0
sh601568,北元集团,5.06,1.20%,0.40%,24340500.0,28193900.0,3853500.0,52534399.99999999
sh688408,中信博,55.51,1.20%,1.88%,49031600.0,54920400.0,5888700.0,104000000.0
sh601211,国泰君安,15.13,1.20%,1.68%,905000000.0000001,1065000000.0,160000000.0,1970000000.0
sh600538,国发股份,4.22,1.20%,1.16%,12560100.0,13592000.0,1032000.0,26152000.0
sz300321,同大股份,16.92,1.20%,1.15%,7921000.0,8867000.0,945900.0,16788000.0
sz300017,网宿科技,6.77,1.20%,4.52%,305000000.0,405999999.99999994,102000000.0,711000000.0
sz002642,荣联科技,6.74,1.20%,3.96%,68615100.0,93662300.0,25047199.999999996,163000000.0
sz002352,顺丰控股,44.0,1.20%,0.51%,524000000.0,572000000.0,48101899.99999999,1096000000.0
sz002130,沃尔核材,6.76,1.20%,2.19%,94638300.0,93671900.0,966400.0,188000000.0
sh603235,天新药业,28.08,1.19%,2.26%,12845400.0,15238699.999999998,2393300.0,28084100.0
sh600608,ST沪科,4.24,1.19%,0.58%,4376200.0,3512100.0,864100.0,7888300.0
sz001872,招商港口,16.14,1.19%,0.20%,29929100.0,25753700.0,4175299.9999999995,55698800.0
sz300833,浩洋股份,99.3,1.19%,0.74%,14950300.0,24367800.000000004,9417500.0,39318200.0
sz000009,中国宝安,10.21,1.19%,0.80%,110000000.00000001,100000000.0,9658900.0,211000000.0
sh603186,华正新材,29.83,1.19%,0.98%,16881900.0,24488800.0,7606900.000000001,41370700.0
sh603085,天成自控,9.39,1.19%,1.10%,21873200.0,17386200.0,4487000.0,39259400.0
sh601166,兴业银行,16.2,1.19%,0.52%,968000000.0,783000000.0,185000000.0,1751000000.0000002
sh600073,上海梅林,7.63,1.19%,1.79%,63586899.99999999,66216000.0,2629000.0,130000000.0
sz300676,华大基因,52.07,1.19%,0.67%,68414100.0,78140600.0,9726400.0,147000000.0
sz300318,博晖创新,5.1,1.19%,0.93%,18086000.0,20189700.0,2103700.0,38283300.0
sz002580,圣阳股份,8.53,1.19%,2.14%,26773800.0,33093000.0,6319299.999999999,59866800.0
sz002373,千方科技,11.9,1.19%,0.91%,77589000.0,73898700.0,3690299.9999999995,151000000.0
sz002218,拓日新能,4.25,1.19%,0.81%,23354000.0,25488500.0,2134600.0,48842500.0
sz000034,神州数码,28.94,1.19%,4.35%,336000000.0,359000000.0,22739699.999999996,700000000.0
sz000931,中关村,6.02,1.18%,2.59%,52857100.0,65249500.0,12392400.0,118000000.0
sh603172,万丰股份,16.26,1.18%,15.72%,42198200.0,43099000.0,900699.9999999999,85297200.0
sz002685,华东重机,3.43,1.18%,1.44%,18785900.0,21950900.0,3165000.0,40917200.0
sz301090,华润材料,10.29,1.18%,1.89%,21045700.0,22793900.0,1748200.0,43839600.0
sh688129,东来技术,13.76,1.18%,2.11%,6157100.0,6153400.0,3661.0,12310500.0
sh603119,浙江荣泰,22.37,1.18%,15.49%,123000000.0,119000000.0,4426500.0,242000000.0
sz300824,北鼎股份,9.45,1.18%,0.58%,8709900.0,8956200.0,246200.0,17666100.0
sh688338,赛科希德,30.77,1.18%,1.21%,11696000.0,12521600.0,825600.0,24217600.000000004
sh603660,苏州科达,6.01,1.18%,1.95%,30558400.0,28517600.000000004,2040800.0000000002,59076000.0
sz300629,新劲刚,17.22,1.18%,2.45%,36288100.0,48456300.0,12168200.0,84758100.0
sz300474,景嘉微,68.62,1.18%,2.41%,268000000.00000003,291000000.0,22985500.0,560000000.0
sz300292,吴通控股,3.44,1.18%,2.05%,34895600.0,45692000.0,10796400.000000002,80587600.0
sz002878,元隆雅图,15.48,1.18%,1.75%,25642300.0,28168900.0,2526600.0,53811100.0
sz002267,陕天然气,7.7,1.18%,1.23%,54533200.0,51919500.0,2613700.0,106000000.0
sz001278,一彬科技,19.93,1.17%,4.26%,13783900.000000002,12843800.000000002,940100.0,26627700.0
sz002963,豪尔赛,13.88,1.17%,1.41%,12420300.0,11890700.0,529600.0,24310900.0
sz301331,恩威医药,39.85,1.17%,16.13%,48271899.99999999,67035300.0,18763400.0,114999999.99999999
sz002207,准油股份,6.94,1.17%,2.04%,18675200.0,18659900.0,15300.0,37335100.0
sz300952,恒辉安防,19.0,1.17%,3.28%,15224700.0,13129800.0,2094900.0,28354400.0
sh603365,水星家纺,14.66,1.17%,0.62%,11638200.0,12744400.0,1106200.0,24382600.000000004
sh601633,长城汽车,25.9,1.17%,0.35%,267000000.0,296000000.0,29022100.0,562000000.0
sh600751,海航科技,2.6,1.17%,1.39%,43540100.0,51298100.00000001,7758000.0,94838300.0
sh600110,诺德股份,6.03,1.17%,1.43%,60985300.0,63009100.0,2023800.0,124000000.0
sz000902,新洋丰,11.2,1.17%,0.60%,40431200.0,39792500.0,638800.0,80223700.0
sz000524,岭南控股,9.62,1.16%,1.06%,30859300.0,37647700.0,6788400.0,69077700.0
sh688448,磁谷科技,27.94,1.16%,6.27%,11678699.999999998,18463300.0,6784700.0,30142000.0
sh600302,标准股份,5.23,1.16%,1.67%,16125200.0,14660800.0,1464400.0,30786000.0
sh603123,翠微股份,9.56,1.16%,1.69%,56103600.0,51678800.0,4424800.0,108000000.0
sz002282,博深股份,6.98,1.16%,1.13%,18563600.0,20586700.0,2023000.0,39150300.0
sz300790,宇瞳光学,13.04,1.16%,1.29%,20148400.0,22150600.0,2002200.0,42301700.0
sh600976,健民集团,64.67,1.16%,0.96%,37523000.0,57372000.0,19849000.0,94894900.0
sh600537,亿晶光电,6.13,1.16%,3.21%,91282800.0,146000000.0,54221300.0,237000000.0
sh600528,中铁工业,8.75,1.16%,0.74%,67938500.0,79821700.0,11883200.0,148000000.0
sz300763,锦浪科技,75.55,1.16%,3.07%,350000000.0,409999999.99999994,59975000.0,759000000.0
sz300220,ST金运,7.0,1.16%,1.32%,5289100.0,8805700.0,3516600.0000000005,14094800.0
sz002906,华阳集团,28.68,1.16%,1.29%,93789900.0,86478400.0,7311500.0,180000000.0
sz002635,安洁科技,12.18,1.16%,1.29%,30463100.0,33707400.0,3244200.0,64507900.0
sz002303,美盈森,3.48,1.16%,1.94%,33517900.0,31175200.0,2342700.0,65252700.00000001
sz002097,山河智能,6.13,1.16%,1.00%,30365700.0,30233500.0,132200.0,60602400.0
sz002093,国脉科技,6.96,1.16%,1.36%,46670900.0,50424000.0,3753000.0,97094800.0
sz000049,德赛电池,29.54,1.16%,0.97%,40700200.0,45144399.99999999,4444200.0,87416200.00000001
sz001260,坤泰股份,19.38,1.15%,6.02%,17965300.0,16026800.0,1938600.0000000002,33992100.0
sh688265,南模生物,35.98,1.15%,0.30%,1520700.0,3804500.0,2283800.0,5325200.0
sh605189,富春染织,14.98,1.15%,2.33%,8517900.0,9158300.0,640400.0000000001,17676200.0
sh605288,凯迪股份,36.94,1.15%,0.63%,8149700.0,8596000.0,446300.0,16745700.0
sh688567,孚能科技,19.43,1.15%,0.58%,83371600.0,56377800.0,26993800.0,140000000.0
sh601020,华钰矿业,8.8,1.15%,1.53%,49229700.0,57957000.0,8727300.0,107000000.0
sh600859,王府井,21.08,1.15%,0.88%,99358700.00000001,107000000.0,7648900.0,206000000.0
sz002516,旷达科技,4.38,1.15%,1.46%,22736400.0,28187000.0,5450599.999999999,50937500.0
sz002293,罗莱生活,10.54,1.15%,0.51%,24865300.000000004,19008200.0,5857000.0,44699799.99999999
sz002184,海得控制,13.24,1.15%,2.59%,39416800.0,44881000.0,5464100.0,84297800.0
sz002169,智光电气,7.06,1.15%,1.16%,31956500.0,31750300.000000004,206200.0,63706800.0
sz301131,聚赛龙,37.42,1.14%,3.58%,14569700.0,17158000.0,2588300.0,31727800.000000004
sz001215,千味央厨,63.76,1.14%,1.00%,15341199.999999998,13805200.0,1536000.0,29165500.0
sh688045,必易微,44.25,1.14%,2.77%,23059300.0,20448100.0,2611200.0,43507500.0
sz001330,博纳影业,8.01,1.14%,3.22%,40126800.0,31796700.0,8330100.0,71923600.0
sz301029,怡合达,34.6,1.14%,0.99%,48676600.0,54242000.0,5565500.0,103000000.0
sh688347,华虹公司,44.33,1.14%,11.35%,279000000.0,260000000.0,19562500.0,539000000.0
sz002740,*ST爱迪,2.67,1.14%,1.54%,7042500.0,10190600.0,3148000.0,17233100.0
sh600815,厦工股份,2.66,1.14%,0.86%,18083100.0,22987700.0,4904600.0,41070800.0
sh603809,豪能股份,9.77,1.14%,0.68%,14001000.0,12336500.0,1664500.0,26337399.999999996
sh600761,安徽合力,19.58,1.14%,1.07%,83342700.0,73066600.0,10276000.0,156000000.0
sh600698,湖南天雁,4.44,1.14%,0.78%,15921700.0,13107300.0,2814400.0,29029000.0
sz002762,金发拉比,8.89,1.14%,5.03%,47847299.99999999,46191200.0,1656000.0,94505200.0
sz002350,北京科锐,6.29,1.13%,1.28%,21640100.000000004,21580600.0,59500.0,43220600.00000001
sz300880,迦南智能,19.76,1.13%,5.95%,47601200.0,54296200.0,6695100.0,102000000.0
sz002154,报喜鸟,6.29,1.13%,2.59%,89631500.0,87598200.0,2033200.0,177000000.0
sz300004,南风股份,5.39,1.13%,1.26%,15621099.999999998,17381400.0,1760200.0,33141000.0
sh605319,无锡振华,15.24,1.13%,5.10%,27566900.0,28174699.999999996,607800.0,55741600.0
sh600847,万里股份,10.73,1.13%,1.63%,14347400.0,12881000.0,1466300.0,27228400.0
sh603090,宏盛股份,20.53,1.13%,1.73%,14201400.000000002,21387800.000000004,7186400.0,35589200.0
sh603037,凯众股份,14.36,1.13%,2.41%,22113700.0,25710800.0,3597100.0,47824500.0
sh600797,浙大网新,6.28,1.13%,2.15%,68830000.0,73512900.0,4682900.0,142000000.0
sh600391,航发科技,20.54,1.13%,1.46%,52015800.0,49444300.0,2571600.0000000005,101000000.0
sz300583,赛托生物,18.74,1.13%,3.15%,57374600.0,42428500.0,14946099.999999998,99954100.0
sz300387,富邦股份,7.14,1.13%,2.39%,24614100.0,24243100.0,371000.0,48857200.0
sz002360,同德化工,7.17,1.13%,2.06%,27727199.999999996,20321600.0,7405700.000000001,48048800.0
sz002344,海宁皮城,4.46,1.13%,2.05%,59393500.0,59274399.99999999,119100.0,119000000.0
sz002101,广东鸿图,16.96,1.13%,1.55%,67461800.0,73774900.0,6313099.999999999,141000000.0
sz000819,岳阳兴长,17.94,1.13%,0.68%,19403100.0,17325200.0,2077900.0,36728300.0
sz000768,中航西飞,24.2,1.13%,0.66%,211000000.0,237000000.0,26387700.0,448000000.00000006
sz001258,立新能源,8.13,1.12%,1.20%,21500700.0,25166800.0,3666000.0,46667500.0
sh688015,交控科技,15.31,1.12%,0.68%,8984200.0,10925700.0,1941500.0,19909800.0
sh603838,四通股份,6.33,1.12%,0.91%,10899500.0,7802800.0,3096700.0,18702300.0
sh603803,瑞斯康达,7.24,1.12%,1.15%,18450100.0,17641300.0,808800.0,36091400.0
sh603096,新经典,19.01,1.12%,1.88%,28983900.0,29670400.0,686600.0,58654300.0
sh600346,恒力石化,14.5,1.12%,0.27%,131000000.0,149000000.0,17410700.0,280000000.0
sz300149,睿智医药,7.2,1.12%,1.84%,34652400.0,32942600.000000004,1709800.0,67595000.0
sz300121,阳谷华泰,9.01,1.12%,1.20%,21442000.0,21482399.999999996,40400.0,42924399.99999999
sz002846,英联股份,10.8,1.12%,3.34%,46438000.0,42021200.0,4416800.0,88459100.0
sz002796,世嘉科技,9.97,1.12%,2.91%,36032600.0,32428600.0,3604000.0,68701500.0
sz002655,共达电声,10.8,1.12%,1.31%,24885500.0,26963900.0,2078400.0,51849399.99999999
sz002542,中化岩土,2.7,1.12%,2.60%,56120700.0,57110600.00000001,989900.0,112999999.99999999
sz000566,海南海药,4.5,1.12%,1.17%,30657700.0,31378800.0,721100.0,62479399.99999999
sh688352,颀中科技,11.87,1.11%,3.07%,24822500.0,31835600.0,7013099.999999999,56658000.0
sh688348,昱能科技,146.2,1.11%,3.08%,133000000.0,131000000.0,1744400.0,263000000.0
sz300831,派瑞股份,10.97,1.11%,2.15%,20998200.0,23480000.0,2481800.0,44478200.0
sz002898,赛隆药业,10.91,1.11%,7.69%,44154799.99999999,41956000.0,2198800.0,86111000.0
sz002163,海南发展,9.14,1.11%,0.95%,38017600.0,33235500.0,4782100.0,71253200.0
sz301195,北路智控,43.2,1.10%,3.63%,20704600.0,40061700.0,19357100.0,60766300.0
sz300177,中海达,6.41,1.10%,2.02%,36142700.0,44047200.0,7904500.0,80189900.0
sh688680,海优新材,79.01,1.10%,3.66%,73886400.0,79126500.0,5240100.0,153000000.0
sz300909,汇创达,22.03,1.10%,2.43%,15886900.0,17325100.0,1438200.0,33212100.0
sz300862,蓝盾光电,23.85,1.10%,2.69%,22717800.000000004,33725800.0,11008000.0,56443600.0
sh603708,家家悦,11.99,1.10%,0.53%,20754400.0,18398800.0,2355700.0,39153200.0
sh603229,奥翔药业,12.88,1.10%,1.35%,50899399.99999999,55895900.0,4996600.0,107000000.0
sh603189,网达软件,12.84,1.10%,1.33%,25125800.0,22162399.999999996,2963399.9999999995,47288300.0
sh601966,玲珑轮胎,22.0,1.10%,0.65%,93044100.0,120000000.0,26985100.000000004,213000000.0
sh601169,北京银行,4.59,1.10%,0.38%,196000000.0,177000000.0,18810100.0,372000000.0
sh600875,东方电气,17.43,1.10%,0.69%,123000000.0,122000000.0,886400.0,244000000.0
sz300497,富祥药业,11.07,1.10%,2.19%,58685100.0,52942299.99999999,5742800.0,112000000.00000001
sz002497,雅化集团,15.61,1.10%,1.80%,150000000.0,153000000.0,2497000.0,303000000.0
sz002083,孚日股份,4.6,1.10%,1.27%,23347100.0,24512700.0,1165600.0,47883300.0
sz002211,宏达新材,3.72,1.09%,1.93%,17954300.0,13635100.0,4319200.0,31589800.0
sz301328,维峰电子,46.25,1.09%,3.45%,20783000.0,22049300.0,1266300.0,42832299.99999999
sz003019,宸展光电,17.61,1.09%,2.29%,24436700.0,21838300.0,2598399.9999999995,46275100.0
sh605358,立昂微,31.49,1.09%,1.20%,97521000.0,96389300.0,1131700.0,194000000.0
sh603165,荣晟环保,13.95,1.09%,1.52%,34038700.0,26316400.0,7722300.0,60355100.0
sh600628,新世界,7.44,1.09%,0.93%,22956400.0,22346500.0,609900.0,45302800.0
sh600452,涪陵电力,12.99,1.09%,1.17%,87102000.0,83974400.0,3127500.0,171000000.0
sz300001,特锐德,18.59,1.09%,1.91%,190000000.0,186000000.0,4569500.0,380000000.0
sz002648,卫星化学,14.89,1.09%,0.40%,92626000.0,109000000.00000001,16396099.999999998,202000000.0
sz301189,奥尼电子,27.08,1.08%,1.87%,9040500.0,12413800.000000002,3373399.9999999995,21454300.0
sz002600,领益智造,5.63,1.08%,0.94%,170000000.0,199000000.0,29221500.0,370000000.0
sh603015,弘讯科技,8.39,1.08%,1.50%,29937300.0,22240100.000000004,7697200.0,52177500.0
sh600250,南纺股份,6.53,1.08%,2.10%,20594500.0,18904200.0,1690300.0,39498800.0
sz002094,青岛金王,3.73,1.08%,5.44%,69122900.0,72983100.0,3860299.9999999995,142000000.0
sz000020,深华发A,11.24,1.08%,1.87%,20541900.0,17847100.0,2694800.0,38819500.0
sz002972,科安达,11.34,1.07%,1.43%,11604500.0,8944700.0,2659800.0,20549200.0
sh688484,南芯科技,37.79,1.07%,5.78%,51403500.0,72818300.0,21414800.0,124000000.0
sz301220,亚香股份,33.96,1.07%,1.77%,8135100.0,17130200.0,8995000.0,25265300.000000004
sh688350,富淼科技,16.0,1.07%,2.58%,11820900.0,14592100.0,2771200.0,26413000.0
sz300957,贝泰妮,97.72,1.07%,1.43%,144000000.0,164000000.0,19429500.0,308000000.0
sh600831,广电网络,5.69,1.07%,1.53%,32495500.0,30382700.0,2112800.0,62878300.0
sh600380,健康元,11.3,1.07%,0.56%,54116800.0,68226900.0,14110100.0,122000000.0
sh600170,上海建工,2.83,1.07%,0.83%,95152700.0,118000000.0,22986700.0,213000000.0
sz002339,积成电子,6.62,1.07%,2.00%,30659200.0,33712100.0,3053000.0,64371200.0
sh688280,精进电动,7.65,1.06%,0.78%,11889800.0,15936199.999999998,4046400.0,27826000.0
sz002979,雷赛智能,18.09,1.06%,1.56%,32559899.999999996,30016500.0,2543400.0,62576400.0
sz300277,海联讯,7.6,1.06%,2.12%,26001100.0,29333300.0,3332200.0000000005,55334500.0
sz300993,玉马遮阳,10.51,1.06%,3.76%,22766600.0,17219800.0,5546799.999999999,39986300.0
sz300819,聚杰微纤,13.31,1.06%,1.27%,10065800.0,13061900.0,2996100.0,23127600.000000004
sh603390,通达电气,7.65,1.06%,0.98%,13386300.000000002,13295700.0,90600.0,26682100.0
sh688188,柏楚电子,250.8,1.06%,0.55%,108000000.0,94061800.0,14086700.0,202000000.0
sh603897,长城科技,17.22,1.06%,1.01%,20301300.0,16146800.0,4154500.0,36448100.0
sh603001,ST奥康,5.71,1.06%,0.79%,6393400.0,12085700.0,5692300.0,18479000.0
sh600150,中国船舶,28.5,1.06%,1.20%,767000000.0,780000000.0,12531300.000000002,1547000000.0
sz300673,佩蒂股份,12.43,1.06%,1.87%,17872900.0,20812000.0,2939000.0,38684900.0
sz300634,彩讯股份,20.91,1.06%,2.84%,122000000.0,141000000.0,19364000.0,263000000.0
sz002367,康力电梯,8.59,1.06%,1.66%,35548400.0,40171100.0,4622600.0,75733400.0
sz002261,拓维信息,14.33,1.06%,7.12%,577000000.0,587000000.0,10132300.0,1165000000.0
sz002192,融捷股份,51.31,1.06%,2.81%,173000000.0,211000000.0,38162500.0,383000000.0
sh688701,卓锦股份,9.65,1.05%,4.54%,14242300.0,14896600.0,654300.0000000001,29138800.0
sh600595,中孚实业,2.88,1.05%,1.19%,61866500.0,76458600.0,14592100.0,138000000.0
sh688028,沃尔德,18.37,1.05%,0.82%,8289200.0,12129400.0,3840200.0,20418600.0
sh603185,弘元绿能,41.4,1.05%,1.13%,150000000.0,126000000.0,23974400.0,276000000.0
sh601999,出版传媒,6.75,1.05%,2.88%,52531200.0,55999700.0,3468500.0,109000000.00000001
sz300265,通光线缆,8.68,1.05%,1.26%,18777600.0,21921900.0,3144300.0,40699500.0
sz002187,广百股份,6.73,1.05%,1.09%,20068600.0,18702400.0,1366200.0,38771000.0
sz000676,智度股份,5.8,1.05%,2.22%,83237099.99999999,83923300.0,686200.0,168000000.0
sz301265,华新环保,12.63,1.04%,19.82%,96928500.0,95006800.0,1921600.0,192000000.0
sh688062,迈威生物,21.44,1.04%,1.60%,45413600.0,24630900.0,20782700.0,70044500.0
sz002060,粤水电,5.81,1.04%,1.38%,48470300.0,49061200.0,590900.0,97531600.0
sh600925,苏能股份,5.84,1.04%,3.06%,58766899.99999999,64894799.99999999,6127800.0,124000000.0
sh601801,皖新传媒,7.78,1.04%,0.97%,76121900.0,76022700.0,99100.0,152000000.0
sh688365,光云科技,11.67,1.04%,1.68%,38759000.0,42619200.0,3860299.9999999995,81378200.0
sh601100,恒立液压,63.1,1.04%,0.35%,140000000.0,156000000.0,15968800.000000002,296000000.0
sz000506,中润资源,4.86,1.04%,13.27%,264000000.0,328000000.0,63955200.00000001,599000000.0
sh600159,大龙地产,3.92,1.03%,24.67%,388000000.0,445000000.0,56395200.00000001,833000000.0
sh600151,航天机电,7.88,1.03%,0.77%,40023000.0,48588100.00000001,8565100.0,88611000.0
sz300464,星徽股份,5.91,1.03%,1.56%,14252800.0,15419700.0,1166900.0,29672399.999999996
sz300373,扬杰科技,33.27,1.03%,1.70%,161000000.0,149000000.0,12101900.0,311000000.0
sz300317,珈伟新能,4.89,1.03%,1.63%,29782000.0,37468300.0,7686300.0,67250200.0
sz002441,众业达,9.84,1.03%,1.91%,37153500.0,39244600.0,2091200.0,76398100.0
sz002272,川润股份,5.88,1.03%,2.39%,23471300.0,24266100.0,794800.0,47737299.99999999
sz000988,华工科技,29.43,1.03%,5.02%,745000000.0,770000000.0,25796100.0,1515000000.0
sz002843,泰嘉股份,16.89,1.02%,0.89%,17626700.0,14595400.0,3031400.0,32274600.0
sh603213,镇洋发展,10.91,1.02%,1.32%,13316199.999999998,9607600.0,3708600.0,22923900.0
sh605589,圣泉集团,20.77,1.02%,1.63%,101000000.0,111000000.00000001,10234800.0,212000000.0
sh603355,莱克电气,25.84,1.02%,0.31%,27781100.0,18418600.0,9362500.0,46199700.0
sh600487,亨通光电,13.93,1.02%,1.55%,256000000.0,288000000.0,31610100.000000004,544000000.0
sz002514,宝馨科技,7.89,1.02%,2.23%,47264500.0,52166500.0,4902000.0,99435000.0
sz002210,飞马国际,1.99,1.02%,1.78%,47235100.0,48682100.0,1447100.0,95917099.99999999
sz000702,正虹科技,5.94,1.02%,3.61%,30359899.999999996,27619500.0,2740400.0,57979300.0
sz000591,太阳能,5.99,1.01%,1.19%,124000000.0,136000000.0,12028599.999999998,260000000.0
sz002766,索菱股份,5.02,1.01%,1.00%,22226800.0,20736000.0,1490900.0,42983800.0
sz300943,春晖智控,14.0,1.01%,2.82%,19901000.0,19914500.0,13500.0,39815500.0
sh605179,一鸣食品,12.01,1.01%,4.59%,16206099.999999998,17826500.0,1620400.0,34032500.0
sh600733,北汽蓝谷,4.99,1.01%,1.11%,102000000.0,118000000.0,16631700.0,220000000.00000003
sz300533,冰川网络,31.02,1.01%,4.60%,107000000.0,129000000.0,22099899.999999996,236000000.0
sz300322,硕贝德,6.99,1.01%,1.28%,20235500.0,20262900.0,27400.000000000004,40498400.0
sz300300,海峡创新,4.0,1.01%,2.33%,28600800.0,35234700.0,6633900.0,63835500.0
sz002872,ST天圣,5.02,1.01%,0.61%,2155000.0,4566100.0,2411000.0,6721100.0
sz002737,葵花药业,22.92,1.01%,1.82%,110000000.00000001,138000000.0,27788300.0,248000000.0
sz002569,ST步森,6.07,1.00%,1.53%,4455200.0,8607800.0,4152600.0,13063000.0
sz301379,天山电子,30.23,1.00%,16.07%,69958800.0,58037000.0,11921700.0,128000000.0
sz002462,嘉事堂,13.19,1.00%,1.60%,33206000.0,28866100.0,4339900.0,62453400.0
sh688230,芯导科技,37.47,1.00%,1.62%,6834600.0,11187800.0,4353200.0,18022400.0
sz300452,山河药辅,14.08,1.00%,2.43%,31134600.0,33871700.0,2737100.0,65006200.0
sh603290,斯达半导,195.21,1.00%,1.12%,169000000.0,209000000.0,39636900.0,378000000.0
sh603633,徕木股份,11.07,1.00%,1.55%,23755900.0,33624900.0,9868900.0,57380700.0
sh603129,春风动力,140.38,1.00%,0.44%,35711000.0,57549500.0,21838500.0,93260500.0
sh600183,生益科技,14.21,1.00%,0.54%,85040400.00000001,98667500.0,13627100.0,184000000.0
sz300643,万通智控,12.18,1.00%,1.69%,22437900.0,26162600.000000004,3724700.0000000005,48600500.0
sz300627,华测导航,30.21,1.00%,0.89%,58191500.0,62830100.0,4638700.0,121000000.0
sz300433,蓝思科技,11.06,1.00%,0.57%,161000000.0,160000000.0,288800.0,321000000.0
sh688660,电气风电,5.06,1.00%,1.24%,16185500.0,17977000.0,1791500.0,34162500.0
sz000813,德展健康,3.04,1.00%,1.16%,38631300.0,39192900.0,561600.0,77827700.0
sz000589,贵州轮胎,7.12,0.99%,2.87%,117000000.0,112999999.99999999,4485200.0,229999999.99999997
sz000803,山高环能,6.12,0.99%,2.06%,28287800.000000004,24029600.0,4258200.0,52412900.0
sh688306,均普智能,5.09,0.99%,1.58%,17282200.0,20194200.0,2912000.0,37476400.0
sh600032,浙江新能,10.25,0.99%,2.23%,25745100.000000004,22583100.0,3162000.0,48328100.00000001
sh688039,当虹科技,28.56,0.99%,2.58%,41569300.0,43254500.0,1685300.0,84823900.0
sh603982,泉峰汽车,13.27,0.99%,2.13%,34626300.0,35698200.0,1071900.0,70324500.0
sh601229,上海银行,6.1,0.99%,0.40%,187000000.0,150000000.0,37656500.0,337000000.0
sz300495,*ST美尚,2.05,0.99%,1.97%,8493000.0,10785900.0,2292900.0,19278900.0
sz300375,鹏翎股份,4.1,0.99%,5.96%,62307800.0,63370000.0,1062200.0,126000000.0
sz300152,新动力,3.07,0.99%,4.54%,45545900.0,54102000.0,8556100.0,100000000.0
sz002338,奥普光电,29.63,0.99%,2.35%,80923100.0,88744100.0,7821000.0,170000000.0
sz301446,福事特,31.83,0.98%,10.98%,35220600.0,36665100.0,1444500.0,71885800.0
sz002150,通润装备,13.38,0.98%,1.87%,46195000.0,44866000.0,1329000.0,91061000.0
sh600941,中国移动,98.55,0.98%,1.49%,555000000.0,567000000.0,12113000.0,1122000000.0
sz000893,亚钾国际,27.82,0.98%,1.55%,178000000.0,173000000.0,4702000.0,352000000.0
sz001209,洪兴股份,16.44,0.98%,7.71%,26485600.0,25574200.0,911400.0,52064700.0
sh688335,复洁环保,21.54,0.98%,2.35%,16417700.0,19527300.0,3109600.0,35945000.0
sz300519,新光药业,14.46,0.98%,1.61%,12589000.0,14455100.0,1866100.0000000002,27044000.0
sz300016,北陆药业,6.17,0.98%,1.77%,24579899.999999996,29783400.0,5203400.0,54742900.0
sz002757,南兴股份,13.37,0.98%,2.50%,48122400.0,47124799.99999999,997600.0,95581500.0
sz002317,众生药业,14.4,0.98%,3.27%,173000000.0,175000000.0,1782400.0,348000000.0
sz002265,建设工业,12.32,0.98%,1.15%,19771800.0,26302399.999999996,6530599.999999999,46074100.0
sz002129,TCL中环,24.77,0.98%,1.25%,603000000.0,669000000.0,65735000.0,1272000000.0
sh688119,中钢洛耐,5.17,0.98%,1.45%,20768300.0,22453900.0,1685600.0,43222200.0
sh688285,高铁电气,8.3,0.97%,10.17%,37951100.0,39639900.0,1688800.0,77591000.0
sz300988,津荣天宇,18.8,0.97%,2.62%,10590500.0,14154300.0,3563800.0,24744800.0
sz002538,司尔特,6.26,0.97%,1.39%,29564000.0,42066899.99999999,12503000.0,74498100.0
sz300389,艾比森,14.62,0.97%,1.81%,29105600.0,33049200.0,3943500.0,62154799.99999999
sh605378,野马电池,20.8,0.97%,2.42%,8088900.0,8924000.0,835100.0,17012900.0
sh603393,新天然气,25.09,0.97%,1.27%,63103800.0,59563700.0,3540100.0,123000000.0
sh600688,上海石化,3.11,0.97%,0.40%,43998100.00000001,47498800.0,3500700.0,91496900.0
sh600590,泰豪科技,6.22,0.97%,1.03%,24265600.0,30698000.0,6432400.0,54963600.0
sh600551,时代出版,11.47,0.97%,1.71%,47137800.0,49308600.0,2170700.0,96446400.0
sz002768,国恩股份,21.85,0.97%,1.09%,20633100.0,22165700.0,1532600.0,42798800.0
sz301216,万凯新材,14.7,0.96%,1.60%,34301900.0,32981400.0,1320600.0,67283300.0
sh603926,铁流股份,9.42,0.96%,0.99%,9018400.0,10647300.0,1628899.9999999998,19665700.0
sh605005,合兴股份,15.83,0.96%,2.81%,12648200.0,10478100.0,2170200.0,23126300.0
sh601333,广深铁路,3.14,0.96%,0.82%,62556700.0,85086400.0,22529699.999999996,148000000.0
sh601009,南京银行,8.42,0.96%,0.25%,103000000.0,95927800.0,7255700.000000001,199000000.0
sh600926,杭州银行,11.59,0.96%,0.84%,272000000.0,261000000.0,11472700.0,533000000.0
sh600577,精达股份,4.2,0.96%,2.37%,102000000.0,101000000.0,1477100.0,202999999.99999997
sz300745,欣锐科技,35.78,0.96%,2.42%,41194900.0,48685100.0,7490100.0,89880100.0
sz300477,合纵科技,4.2,0.96%,1.42%,26439600.0,30059899.999999996,3620400.0,56499500.0
sz002518,科士达,29.33,0.96%,1.63%,135000000.0,142000000.0,6962200.0,276000000.0
sz002025,航天电器,59.07,0.96%,0.89%,105000000.0,135000000.0,30112700.0,240000000.0
sz000595,宝塔实业,5.3,0.95%,1.45%,39686000.0,48521400.0,8835400.0,88207400.0
sz301024,霍普股份,31.84,0.95%,21.20%,58660500.0,64288600.0,5628200.000000001,123000000.0
sh600956,新天绿能,8.46,0.95%,0.22%,20718500.0,20398800.0,319700.0,41117299.99999999
sh603566,普莱柯,21.25,0.95%,0.75%,28315800.0,28491100.0,175200.0,56806899.99999999
sh601128,常熟银行,7.42,0.95%,1.89%,145000000.0,229999999.99999997,85667400.0,375000000.0
sh600782,新钢股份,4.25,0.95%,1.25%,76371800.0,95373700.00000001,19001900.0,172000000.0
sh600645,中源协和,17.08,0.95%,1.31%,52555700.0,54094600.0,1538899.9999999998,107000000.0
sh600641,万业企业,14.84,0.95%,1.93%,145000000.0,130000000.0,14353599.999999998,275000000.0
sh600567,山鹰国际,2.13,0.95%,0.94%,43609600.0,46864900.0,3255299.9999999995,90474500.0
sz300750,宁德时代,230.5,0.95%,0.57%,2738000000.0,2492000000.0,246000000.0,5230000000.0
sz300543,朗科智能,8.52,0.95%,1.23%,9351000.0,13371900.0,4020899.9999999995,22722900.0
sz300112,万讯自控,9.54,0.95%,2.94%,26062600.000000004,36935600.0,10873000.0,63511600.0
sz002765,蓝黛科技,6.37,0.95%,2.76%,39365100.0,51039300.0,11674200.0,90404400.0
sz002404,嘉欣丝绸,6.35,0.95%,1.51%,21546000.0,23433600.0,1887700.0,44979600.0
sz002255,海陆重工,5.29,0.95%,2.23%,33174000.0,44842500.0,11668599.999999998,78016500.0
sz002253,川大智胜,12.81,0.95%,2.28%,34137500.0,28334400.0,5803099.999999999,62471899.99999999
sz002065,东华软件,6.36,0.95%,1.61%,143000000.0,160000000.0,17014900.0,304000000.0
sz001225,和泰机电,39.89,0.94%,2.94%,8833100.0,10507200.0,1674100.0,19340400.0
sz002490,山东墨龙,4.3,0.94%,1.57%,20170100.0,17055100.0,3115000.0,37225300.0
sh688502,茂莱光学,172.24,0.94%,3.58%,31965500.0,43791899.99999999,11826400.000000002,75757400.0
sh600033,福建高速,3.23,0.94%,0.56%,25575300.000000004,24292100.0,1283100.0,49867400.0
sz002664,信质集团,12.95,0.94%,1.46%,40996100.0,35824800.0,5171300.0,76821000.0
sz300900,广联航空,24.76,0.94%,2.06%,32728500.0,36446600.0,3718200.0,69175000.0
sz002022,科华生物,8.62,0.94%,1.01%,23171100.0,22793500.0,377600.0,45964500.0
sz000861,海印股份,2.14,0.94%,2.44%,56271899.99999999,69171000.0,12899100.0,125000000.0
sz000735,罗牛山,6.45,0.94%,2.33%,86899500.0,89333100.0,2433600.0,176000000.0
sh605296,神农集团,22.7,0.93%,1.98%,15716000.0,15156600.0,559400.0,30872600.000000004
sh605488,福莱新材,15.26,0.93%,7.76%,29083800.0,22525400.0,6558400.0,51609200.0
sh688521,芯原股份,59.7,0.93%,0.65%,105000000.0,89854900.0,14879700.0,195000000.0
sh603029,天鹅股份,19.6,0.93%,3.40%,42216800.0,39897900.0,2318900.0,82114700.0
sh601216,君正集团,4.34,0.93%,0.57%,107000000.0,104000000.0,2789900.0,211000000.0
sz300385,雪浪环境,6.54,0.93%,2.67%,21460200.0,29064699.999999996,7604400.000000001,50524900.0
sz300162,雷曼光电,6.51,0.93%,1.41%,12084600.0,12531700.0,447100.0,24616400.0
sz002717,岭南股份,3.25,0.93%,3.88%,87553799.99999999,93026500.0,5472700.0,184000000.0
sz002164,宁波东力,5.4,0.93%,1.63%,23121300.0,20047900.0,3073300.0,43169100.0
sz001896,豫能控股,4.34,0.93%,0.76%,18554900.0,25626900.0,7072000.0,44181899.99999999
sz000823,超声电子,8.65,0.93%,1.44%,34979800.0,32987600.000000004,1992200.0,67967400.0
sh603150,万朗磁塑,25.27,0.92%,1.71%,10734200.0,11677400.0,943199.9999999999,22411700.0
sh605077,华康股份,25.18,0.92%,0.74%,11935900.0,16891100.0,4955300.0,28827000.0
sz300852,四会富仕,36.26,0.92%,1.26%,19680800.0,27589500.0,7908700.0,47270300.0
sh603169,兰石重装,6.57,0.92%,1.07%,43410900.0,50618300.0,7207400.0,94029300.0
sh600744,华银电力,3.28,0.92%,0.71%,22999699.999999996,25255200.0,2255500.0,48255000.0
sz300512,中亚股份,7.7,0.92%,0.92%,12788800.000000002,10903100.0,1885700.0,23691800.0
sz300335,迪森股份,5.49,0.92%,7.66%,76166400.0,88013400.0,11847000.0,164000000.0
sz300078,思创医惠,4.37,0.92%,1.34%,23723200.0,26854600.0,3131500.0,50805000.0
sz002038,双鹭药业,8.82,0.92%,1.52%,53448900.0,62307100.0,8858200.0,115999999.99999999
sz003021,兆威机电,68.61,0.91%,4.10%,74273800.0,95974700.0,21700900.0,170000000.0
sz002390,信邦制药,4.43,0.91%,0.86%,35368400.0,35305600.0,62800.0,71440800.0
sh605162,新中港,8.87,0.91%,6.44%,29347000.0,29477900.0,130900.0,58824900.0
sz300674,宇信科技,16.58,0.91%,4.08%,225000000.0,269000000.0,43957200.0,493000000.0
sz300612,宣亚国际,18.9,0.91%,3.65%,53253300.0,59269500.0,6016200.0,112999999.99999999
sz300339,润和软件,18.93,0.91%,3.42%,235000000.0,282000000.0,47037900.0,517000000.0
sz002725,跃岭股份,8.83,0.91%,2.40%,20889800.0,21553600.0,663900.0,42785400.0
sz000703,恒逸石化,7.8,0.91%,1.46%,204000000.0,215000000.0,11046099.999999998,419000000.00000006
sz000553,安道麦A,7.77,0.91%,0.19%,16418900.000000002,16126900.0,292100.0,32680300.000000004
sh688343,云天励飞,48.19,0.90%,5.33%,90501600.0,107000000.0,16310400.0,197000000.0
sh603281,江瀚新材,29.16,0.90%,1.94%,22061100.0,31381300.0,9320200.0,53442500.0
sh605566,福莱蒽特,20.18,0.90%,1.55%,9820800.0,10000300.0,179500.0,19821100.0
sz001319,铭科精技,19.1,0.90%,1.55%,8229900.0,8333900.0,104000.0,16563800.000000002
sz301302,华如科技,30.33,0.90%,3.47%,44066400.0,48914399.99999999,4848000.0,92980800.0
sz001208,华菱线缆,8.94,0.90%,1.31%,11237200.0,18314100.0,7076900.000000001,29551300.0
sh600883,博闻科技,7.87,0.90%,1.83%,17707800.0,16917600.0,790200.0,34625300.0
sh603568,伟明环保,17.94,0.90%,0.41%,58407299.99999999,65400400.0,6993099.999999999,124000000.0
sh601328,交通银行,5.63,0.90%,0.36%,413000000.0,383000000.0,30133000.0,797000000.0
sz300349,金卡智能,12.29,0.90%,0.98%,21248000.0,25392399.999999996,4144400.0,46721600.0
sz300184,力源信息,4.47,0.90%,1.44%,30889100.0,38054000.0,7165000.0,68943100.0
sz002758,浙农股份,11.21,0.90%,1.85%,21266400.0,28708600.0,7442200.0,49975000.0
sz002148,北纬科技,5.58,0.90%,2.83%,33156800.0,39596700.0,6439900.0,72800300.0
sz000061,农产品,6.81,0.89%,0.70%,38121000.0,43884399.99999999,5763500.0,82435800.0
sz301278,快可电子,50.0,0.89%,3.52%,27906000.0,50196300.0,22290300.000000004,78102400.0
sh605580,恒盛能源,11.29,0.89%,5.01%,17431000.0,23816700.0,6385700.000000001,41247700.00000001
sh605151,西上海,17.04,0.89%,2.26%,11447100.0,13707600.0,2260500.0,25154699.999999996
sz300999,金龙鱼,35.13,0.89%,1.89%,184000000.0,183000000.0,1319300.0,367000000.0
sh605388,均瑶健康,12.52,0.89%,0.98%,26881100.0,27110400.0,229200.00000000003,53991500.0
sh603079,圣达生物,12.44,0.89%,0.54%,6037500.0,5604900.0,432700.00000000006,11642400.0
sh603066,音飞储存,10.17,0.89%,0.94%,14487500.0,14990900.0,503400.00000000006,29478500.0
sh600717,天津港,4.53,0.89%,0.75%,45956899.99999999,53742400.0,7785400.0,99699200.0
sh600588,用友网络,17.04,0.89%,0.74%,223000000.0,219000000.0,3915600.0,442000000.0
sz300590,移为通信,10.19,0.89%,1.53%,23311600.0,31822100.0,8510500.0,55133600.0
sz300360,炬华科技,15.88,0.89%,3.51%,88145800.0,149000000.0,61249600.0,238000000.0
sz300106,西部牧业,9.03,0.89%,5.55%,53150300.0,54188000.0,1037700.0,107000000.0
sz300088,长信科技,5.64,0.89%,1.07%,66741600.0,84327800.0,17586200.0,151000000.0
sz002782,可立克,11.35,0.89%,1.59%,44477100.0,45496899.99999999,1019800.0,89997099.99999999
sz002439,启明星辰,27.12,0.89%,1.00%,89441500.0,111000000.00000001,21495300.000000004,200000000.0
sz002171,楚江新材,6.77,0.89%,0.92%,36448600.0,45605200.00000001,9156700.0,82053799.99999999
sz002170,芭田股份,5.68,0.89%,1.63%,32644200.0,34117800.0,1473600.0000000002,66762100.0
sz000721,西安饮食,12.45,0.89%,6.44%,175000000.0,182000000.0,7640100.0,357000000.0
sz001308,康冠科技,24.15,0.88%,3.01%,26516200.0,26709899.999999996,193700.0,53226200.0
sz002502,ST鼎龙,2.28,0.88%,1.85%,13824900.0,21668900.0,7844000.0,35493800.0
sh601868,中国能建,2.3,0.88%,1.91%,259000000.0,374000000.0,114999999.99999999,633000000.0
sz300908,仲景食品,40.02,0.88%,1.98%,14390100.0,16235700.0,1845600.0,30625700.0
sh605050,福然德,10.34,0.88%,1.35%,14606300.000000002,14997200.0,390900.00000000006,29603600.0
sh688003,天准科技,36.7,0.88%,0.76%,25672000.0,30256600.0,4584600.0,55928600.0
sh600750,江中药业,18.43,0.88%,2.04%,105000000.0,133000000.0,28579600.0,238000000.0
sh600549,厦门钨业,17.21,0.88%,0.76%,101000000.0,86208600.0,15204400.0,188000000.0
sh603215,比依股份,18.24,0.88%,4.94%,31075100.000000004,33547000.0,2471800.0,64622100.0
sz300421,力星股份,9.15,0.88%,2.56%,25695600.0,29645100.000000004,3949500.0,55399200.0
sz300352,北信源,4.59,0.88%,2.26%,62035300.0,67962800.0,5927500.0,130000000.0
sz002817,黄山胶囊,8.03,0.88%,2.38%,25167300.0,31133800.0,5966500.0,56301200.0
sz002612,朗姿股份,20.65,0.88%,2.35%,75476500.0,61399300.0,14077200.0,137000000.0
sz002270,华明装备,11.47,0.88%,1.07%,42556600.0,51946800.0,9390200.0,94526700.0
sz000822,山东海化,6.84,0.88%,2.81%,84359400.0,89913300.0,5553800.0,174000000.0
sz000021,深科技,16.29,0.87%,2.25%,287000000.0,294000000.0,6632100.0,585000000.0
sz001211,双枪科技,20.91,0.87%,3.29%,12760200.0,13676700.0,916500.0,26436900.0
sh601963,重庆银行,8.14,0.87%,1.02%,31410500.0,26997199.999999996,4413300.0,58407600.0
sh688199,久日新材,26.66,0.87%,0.55%,7340300.0,9210000.0,1869800.0,16550300.0
sh600766,*ST园城,11.56,0.87%,0.60%,8398700.0,7167400.0,1231300.0,15566099.999999998
sh600584,长电科技,30.07,0.87%,1.28%,320000000.0,384000000.0,64256200.0,705000000.0
sh600483,福能股份,8.15,0.87%,0.63%,67850200.0,64569200.0,3281000.0,132000000.0
sz002803,吉宏股份,17.31,0.87%,2.75%,67847000.0,67696000.0,151000.0,136000000.0
sz002767,先锋电子,12.81,0.87%,1.78%,17050600.0,13068500.0,3982100.0,30288300.0
sh601061,中信金属,8.17,0.86%,4.31%,75982700.0,98981500.0,22998900.0,175000000.0
sh688128,中国电研,20.02,0.86%,0.68%,21241800.0,34697900.0,13456099.999999998,55939799.99999999
sh688156,路德环境,28.2,0.86%,2.05%,19594300.0,21459699.999999996,1865400.0,41054000.0
sh600884,杉杉股份,12.95,0.86%,1.16%,135000000.0,136000000.0,1102500.0,271000000.0
sh600640,国脉文化,10.52,0.86%,0.75%,33509300.0,30572600.000000004,2936700.0,64081800.0
sz300685,艾德生物,22.18,0.86%,0.89%,34876300.0,45366899.99999999,10490500.0,80243100.0
sz300328,宜安科技,5.88,0.86%,1.41%,26188600.0,31806300.0,5617600.0,57995000.0
sz300022,吉峰科技,4.7,0.86%,2.54%,17282900.0,22173300.0,4890400.0,39456300.0
sz002616,长青集团,5.85,0.86%,3.45%,51406300.0,44934900.0,6471400.0,96341200.00000001
sz002531,天顺风能,12.95,0.86%,0.79%,78978000.0,106000000.0,27470100.000000004,185000000.0
sz000970,中科三环,10.57,0.86%,1.13%,62236700.0,85279500.0,23042800.000000004,148000000.0
sz301222,浙江恒威,26.08,0.85%,3.92%,15734400.0,14719200.0,1015200.0,30453600.0
sh688501,青达环保,17.84,0.85%,1.69%,14125700.0,10769900.0,3355800.0,24895600.0
sh600869,远东股份,4.72,0.85%,0.91%,47028900.0,50082100.0,3053200.0,97111000.0
sh600415,小商品城,8.26,0.85%,1.68%,363000000.0,411000000.00000006,47405300.0,774000000.0
sh600343,航天动力,9.45,0.85%,0.69%,19843900.0,22310800.0,2466900.0,42154600.0
sz002890,弘宇股份,13.01,0.85%,1.37%,11970500.0,10409200.0,1561399.9999999998,22379699.999999996
sz002445,中南文化,2.38,0.85%,1.28%,32387000.0,41048500.0,8661500.0,73435500.0
sz000932,华菱钢铁,5.92,0.85%,1.67%,290000000.0,278000000.0,11163699.999999998,568000000.0
sz000503,国新健康,10.72,0.85%,1.65%,79648700.0,82466700.0,2818000.0,164000000.0
sz002076,星光股份,2.39,0.84%,1.17%,14554900.0,15064500.0,509600.0,29619400.0
sh688787,海天瑞声,73.31,0.84%,4.90%,85335200.0,67119000.0,18216200.0,152000000.0
sz300946,恒而达,32.47,0.84%,3.54%,20231600.0,19540600.0,691000.0,39772300.0
sh603729,龙韵股份,15.56,0.84%,2.98%,18672600.0,24984400.0,6311799.999999999,43657000.0
sh603256,宏和科技,7.2,0.84%,0.27%,8153300.0,9326400.0,1173200.0,17479700.0
sh601002,晋亿实业,4.78,0.84%,1.18%,26907100.0,28199600.0,1292500.0,55106700.0
sh600020,中原高速,3.62,0.84%,0.70%,26272300.0,31545600.0,5273200.000000001,57817900.0
sz002454,松芝股份,7.2,0.84%,1.67%,40500000.0,36023100.0,4476900.0,76523000.0
sz301063,海锅股份,24.35,0.83%,2.28%,11002300.0,12182900.0,1180700.0,23185200.0
sh688165,埃夫特,9.76,0.83%,1.43%,30601700.0,43265600.00000001,12663900.000000002,73867200.0
sz000564,ST大集,1.21,0.83%,0.82%,53637800.0,95466600.0,41828700.0,153000000.0
sh603567,珍宝岛,12.22,0.83%,0.72%,40351600.0,43926000.0,3574400.0,84277600.0
sh603277,银都股份,24.28,0.83%,0.39%,16903500.0,23828600.0,6925100.0,40732200.0
sh603127,昭衍新药,24.34,0.83%,1.05%,87693200.0,77184800.0,10508400.0,165000000.0
sh600879,航天电子,7.26,0.83%,1.07%,92651900.0,122000000.0,29795000.0,215000000.0
sh600372,中航电子,14.62,0.83%,0.63%,185000000.0,236000000.0,51476600.0,421000000.0
sh600169,太原重工,2.43,0.83%,0.91%,23316400.0,33997500.0,10681199.999999998,57313900.0
sz300388,节能国祯,7.27,0.83%,2.59%,73917300.0,60143100.00000001,13774200.0,134000000.00000001
sz300047,天源迪科,7.28,0.83%,6.00%,117000000.0,127000000.0,9975300.0,244000000.0
sz002033,丽江股份,9.75,0.83%,2.14%,47589200.0,68722500.0,21133300.0,115999999.99999999
sz301280,珠城科技,33.17,0.82%,3.01%,9393800.0,14119200.0,4725400.0,23513000.0
sz300442,润泽科技,23.48,0.82%,2.65%,91225300.0,135000000.0,44153000.0,227000000.0
sz300215,电科院,4.93,0.82%,0.81%,14117000.0,14361400.000000002,244400.0,28478400.0
sz300901,中胤时尚,9.88,0.82%,2.78%,18351600.0,15707900.0,2643700.0,34059500.0
sz002020,京新药业,11.1,0.82%,2.39%,84855600.0,93258500.0,8402900.0,178000000.0
sz000966,长源电力,4.91,0.82%,1.64%,48747600.0,58335300.0,9587700.0,107000000.0
sz000400,许继电气,18.4,0.82%,0.86%,73417100.0,88862700.0,15445500.0,163000000.0
sh688553,汇宇制药,13.76,0.81%,0.65%,12566199.999999998,14012300.0,1446200.0,26578500.0
sh688621,阳光诺和,57.08,0.81%,0.71%,16158900.000000002,13246199.999999998,2912799.9999999995,29405100.000000004
sh600420,国药现代,9.97,0.81%,1.21%,75415800.0,71566200.0,3849600.0,147000000.0
sz300711,广哈通信,12.5,0.81%,1.83%,28635800.0,29590900.0,955100.0,58226800.0
sz300479,神思电子,17.35,0.81%,2.90%,50729500.0,51412100.0,682600.0,102000000.0
sz300133,华策影视,6.21,0.81%,3.59%,147000000.0,223000000.0,75821600.0,370000000.0
sz002340,格林美,6.23,0.81%,1.07%,150000000.0,195000000.0,45132000.0,345000000.0
sz002027,分众传媒,7.44,0.81%,0.76%,426000000.0,399000000.0,27315800.0,826000000.0
sz000795,英洛华,6.21,0.81%,1.10%,35850700.0,43337400.0,7486700.0,79188100.0
sz000782,美达股份,5.07,0.80%,1.24%,16616000.0,16929800.0,313800.0,33545800.0
sh688121,卓然股份,25.12,0.80%,2.03%,35033600.0,37234500.0,2201000.0,72268100.0
sz002818,富森美,13.9,0.80%,1.11%,23845600.0,23259300.0,586300.0,47105000.0
sz301200,大族数控,35.21,0.80%,1.52%,9535800.0,13371300.000000002,3835500.0,22907100.0
sh603730,岱美股份,17.75,0.80%,0.26%,31424600.0,28662100.0,2762500.0,60086700.0
sh603179,新泉股份,50.66,0.80%,0.74%,95117900.00000001,90128100.0,4989900.0,185000000.0
sh600967,内蒙一机,8.81,0.80%,0.83%,55603100.00000001,69807600.0,14204500.0,125000000.0
sz002668,奥马电器,7.54,0.80%,1.05%,37221600.0,50469300.0,13247700.0,87691000.0
sz002611,东方精工,5.06,0.80%,2.05%,53294600.0,53971800.0,677200.0,107000000.0
sz002242,九阳股份,13.91,0.80%,0.47%,25798000.0,25736300.0,61800.0,51534300.0
sz000856,冀东装备,8.77,0.80%,3.02%,31976000.0,29294899.999999996,2681100.0,61270900.0
sz002978,安宁股份,30.41,0.80%,0.44%,16078900.000000002,24186000.0,8107100.0,40401700.0
sz300530,领湃科技,19.25,0.79%,0.33%,4775600.0,5459500.0,683900.0,10235100.0
sz002206,海利得,5.11,0.79%,0.91%,21201400.0,22256300.0,1054900.0,43457600.0
sz002614,奥佳华,7.67,0.79%,1.70%,30046400.0,28381500.0,1664900.0,58428100.00000001
sh601968,宝钢包装,6.34,0.79%,0.88%,26658800.0,24988200.0,1670600.0,51647000.0
sh600789,鲁抗医药,6.41,0.79%,1.83%,48643000.0,57527400.0,8884400.0,106000000.0
sh600559,老白干酒,25.37,0.79%,2.42%,234000000.0,323000000.0,89064599.99999999,557000000.0
sz300775,三角防务,29.24,0.79%,1.64%,105000000.0,154000000.0,49658100.00000001,259000000.0
sz300182,捷成股份,5.08,0.79%,3.12%,163000000.0,196000000.0,33063500.0,359000000.0
sz002922,伊戈尔,12.76,0.79%,1.32%,23722500.0,24408300.0,685800.0,48130800.0
sz002639,雪人股份,7.66,0.79%,2.36%,56550600.00000001,63292400.0,6741799.999999999,120000000.0
sz000607,华媒控股,5.1,0.79%,2.56%,55831100.0,61271500.0,5440400.0,117000000.0
sh688079,美迪凯,9.1,0.78%,1.25%,8150500.0,12782100.0,4631500.0,20932600.000000004
sz301238,瑞泰新材,18.0,0.78%,1.89%,32548800.0,42088800.0,9540000.0,74637600.0
sh688030,山石网科,18.01,0.78%,0.85%,17186100.0,10988800.000000002,6197300.0,28174899.999999996
sh603927,中科软,32.27,0.78%,1.53%,133000000.0,166000000.0,33355200.0,300000000.0
sh603038,华立股份,9.09,0.78%,3.09%,28077300.0,30815900.0,2738600.0,58893300.0
sh601000,唐山港,3.86,0.78%,0.71%,82615500.0,81562200.0,1053300.0,164000000.0
sh600081,东风科技,10.29,0.78%,1.30%,27307800.000000004,33271300.0,5963500.0,60579000.0
sz300683,海特生物,30.94,0.78%,1.16%,18249900.0,26270400.0,8020599.999999999,44520300.0
sz002574,明牌珠宝,6.42,0.78%,1.02%,14574700.0,20632000.0,6057300.0,35300400.0
sz300453,三鑫医疗,6.53,0.77%,1.75%,17726400.0,24574300.0,6848000.0,42300700.0
sh605277,新亚电子,13.03,0.77%,3.12%,21387300.0,24131600.0,2744300.0,45519000.0
sh605178,时空科技,20.92,0.77%,2.30%,17070100.0,13388699.999999998,3681500.0,30458800.0
sh605399,晨光新材,14.41,0.77%,0.78%,17486200.0,18423200.0,937000.0,35909400.0
sh603938,三孚股份,18.26,0.77%,0.81%,28250300.000000004,30281700.0,2031399.9999999998,58532000.0
sh603639,海利尔,16.98,0.77%,0.74%,18970400.0,23644800.0,4674400.0,42615100.0
sh600822,上海物贸,11.79,0.77%,2.05%,49940800.0,47815500.0,2125300.0,97756299.99999999
sz300478,杭州高新,10.53,0.77%,1.85%,11490400.0,13027300.0,1536900.0,24517800.000000004
sz300073,当升科技,43.05,0.77%,1.30%,136000000.0,143000000.0,6690900.0,279000000.0
sz002891,中宠股份,23.42,0.77%,1.18%,42930500.0,39722300.0,3208200.0,82652800.0
sz002541,鸿路钢构,26.24,0.77%,1.37%,92025400.00000001,86777600.0,5247800.0,180000000.0
sz002010,传化智联,5.24,0.77%,0.66%,43193300.0,52698100.00000001,9504800.0,95891200.00000001
sz000869,张裕A,31.22,0.77%,0.36%,23722500.0,28350100.000000004,4627600.0,52072600.0
sz000409,云鼎科技,7.9,0.77%,1.68%,25922600.000000004,30749800.0,4827200.0,57035700.0
sz301487,盟固利,66.67,0.76%,38.01%,718000000.0,716000000.0,2286000.0,1434000000.0
sh688538,和辉光电,2.64,0.76%,0.84%,74473000.0,53606300.0,20866700.0,128000000.0
sh603296,华勤技术,68.97,0.76%,4.41%,90622800.0,93719599.99999999,3096800.0,184000000.0
sh603808,歌力思,11.97,0.76%,0.50%,12809700.0,9640800.0,3168900.0,22450500.0
sh600039,四川路桥,9.33,0.76%,0.30%,89120000.0,98861800.0,9741900.0,188000000.0
sz300468,四方精创,10.58,0.76%,4.50%,117000000.0,144000000.0,27381700.0,261000000.0
sz002827,高争民爆,10.64,0.76%,1.06%,14971000.0,16821600.0,1850600.0,31792500.0
sz002706,良信股份,10.6,0.76%,1.15%,52988700.0,60051400.0,7062800.0,113999999.99999999
sz300834,星辉环材,22.6,0.76%,1.12%,5679700.0,10203900.0,4524200.0,15883599.999999998
sz301133,金钟股份,24.27,0.75%,3.73%,13558400.0,17155900.0,3597500.0,30714300.0
sh688560,明冠新材,20.07,0.75%,2.28%,29026400.0,30852600.000000004,1826200.0,59878900.0
sh601311,骆驼股份,8.1,0.75%,1.16%,55188100.00000001,57482000.0,2293900.0,112999999.99999999
sh600868,梅雁吉祥,2.69,0.75%,1.15%,22852399.999999996,36811500.0,13959100.0,59664000.0
sh600540,新赛股份,5.4,0.75%,3.47%,57393700.0,53219500.0,4174100.0000000005,111000000.00000001
sz300638,广和通,18.69,0.75%,2.30%,103000000.0,113999999.99999999,11610300.0,217000000.0
sz300154,瑞凌股份,6.7,0.75%,1.51%,14822200.0,18146300.0,3324100.0000000005,32968500.0
sz002266,浙富控股,4.04,0.75%,0.56%,53869900.0,58436500.0,4566600.0,112000000.00000001
sh688478,晶升股份,42.26,0.74%,13.45%,79628900.0,92344900.0,12716000.0,172000000.0
sz001367,海森药业,42.28,0.74%,11.33%,34030900.0,47673300.0,13642400.0,81704200.0
sz002689,远大智能,4.07,0.74%,1.43%,26461700.0,35488300.0,9026600.0,61950000.0
sz301042,安联锐视,30.02,0.74%,1.61%,10127500.0,10844100.0,716600.0,20971600.0
sz300956,英力股份,14.94,0.74%,3.37%,15890700.0,13351600.0,2539100.0,29242300.0
sh603988,中电电机,9.47,0.74%,1.05%,11562600.0,12288599.999999998,725900.0,23851200.0
sh603133,*ST碳元,6.77,0.74%,0.62%,2872700.0,5979600.0,3106900.0,8852400.0
sh601390,中国中铁,6.85,0.74%,0.89%,595000000.0,671000000.0,75451200.0,1266000000.0
sz300409,道氏技术,10.83,0.74%,1.45%,37751100.0,39245000.0,1493899.9999999998,76996100.0
sz002322,理工能科,9.49,0.74%,2.37%,37403000.0,44773700.0,7370700.000000001,82176800.0
sh688381,帝奥微,24.87,0.73%,1.20%,28251700.0,26365200.0,1886500.0,54616899.99999999
sh605086,龙高股份,20.65,0.73%,3.33%,17621200.0,18286000.0,664900.0,35907200.0
sh603599,广信股份,19.26,0.73%,0.96%,68853700.0,101000000.0,32370300.000000004,170000000.0
sh601800,中国交建,9.6,0.73%,0.60%,348000000.0,345000000.0,2802100.0,692000000.0
sh600917,重庆燃气,6.93,0.73%,0.32%,15856700.0,19504100.0,3647400.0,35360900.0
sh600326,西藏天路,4.16,0.73%,2.19%,49549500.0,60717700.00000001,11168200.0,110000000.00000001
sh600288,大恒科技,9.64,0.73%,0.96%,23146800.0,18072400.0,5074400.0,41219200.0
sz300782,卓胜微,110.0,0.73%,0.92%,237000000.0,196000000.0,41165800.0,433000000.0
sz300046,台基股份,15.1,0.73%,1.64%,26339899.999999996,33409000.0,7069100.0,59748900.0
sz300040,九洲集团,5.52,0.73%,1.75%,20770700.0,24553800.0,3783100.0,45330000.0
sz002871,伟隆股份,11.07,0.73%,1.57%,11009300.0,9919500.0,1089800.0,20928900.0
sz002845,同兴达,13.73,0.73%,2.72%,44568300.0,40388600.0,4179700.0000000005,84956800.0
sz002319,乐通股份,16.75,0.72%,2.24%,21723600.0,54249100.0,32525500.0,75972800.0
sh688391,钜泉科技,53.51,0.72%,2.62%,9060200.0,17481800.0,8421500.0,26542000.0
sz300960,通业科技,19.62,0.72%,12.33%,28890500.0,34276400.0,5386000.0,63166899.99999999
sh688183,生益电子,9.86,0.72%,0.79%,10470600.0,14102100.0,3631500.0,24572700.0
sz002730,电光科技,8.36,0.72%,1.21%,17576800.0,18005400.0,428600.0,35582100.0
sz002448,中原内配,6.96,0.72%,2.88%,48236600.0,48652299.99999999,415700.0,96889000.0
sz002440,闰土股份,6.98,0.72%,0.73%,24639100.0,25498500.0,859400.0,50137700.00000001
sz002298,中电兴发,5.57,0.72%,1.71%,33779800.0,28131300.0,5648500.0,61911300.0
sz002233,塔牌集团,8.41,0.72%,1.06%,52868200.0,55218400.0,2350200.0,108000000.0
sz000791,甘肃能源,5.58,0.72%,0.76%,35387300.0,33730500.0,1656800.0,69117900.0
sz000555,神州信息,11.2,0.72%,1.23%,66319700.0,72549800.0,6230100.0,140000000.0
sz000408,藏格矿业,22.38,0.72%,0.58%,113999999.99999999,94640000.0,19339700.0,210000000.0
sz000410,沈阳机床,7.05,0.71%,0.59%,28931300.0,40959000.0,12027700.0,70633600.0
sh688522,纳睿雷达,52.53,0.71%,2.75%,25829500.0,27008800.0,1179300.0,52838300.0
sz301176,逸豪新材,15.53,0.71%,2.59%,7057500.0,9665400.0,2607900.0,16722800.0
sh605507,国邦医药,19.87,0.71%,0.59%,16643200.0,19468100.0,2824900.0,36111300.0
sh603516,淳中科技,15.61,0.71%,1.75%,26388400.0,25390900.0,997500.0,51779300.0
sh603158,腾龙股份,7.09,0.71%,1.88%,35331700.0,31183400.0,4148300.0,66515100.0
sz300491,通合科技,24.1,0.71%,2.75%,38721700.0,66848000.0,28126300.0,106000000.0
sz002966,苏州银行,7.05,0.71%,0.94%,111000000.00000001,127000000.0,15815600.0,238000000.0
sz002400,省广集团,5.67,0.71%,6.33%,289000000.0,321000000.0,32309400.0,615000000.0
sh688317,之江生物,21.45,0.70%,1.32%,16793400.0,19222200.0,2428800.0,36015600.0
sh603388,元成股份,8.63,0.70%,1.92%,26433800.0,27735100.000000004,1301300.0,54168800.0
sh601989,中国重工,4.3,0.70%,0.45%,204000000.0,235000000.0,30353200.0,438999999.99999994
sh600596,新安股份,10.11,0.70%,1.13%,59790900.0,60984000.0,1193200.0,121000000.0
sh600246,万通发展,5.74,0.70%,1.96%,107000000.0,130000000.0,23594200.0,237000000.0
sh600233,圆通速递,14.36,0.70%,0.41%,107000000.0,99279500.0,7606900.000000001,206000000.0
sz300563,神宇股份,12.97,0.70%,2.88%,23127000.0,23865700.0,738600.0,47001899.99999999
sz300460,惠伦晶体,10.01,0.70%,2.02%,23900300.000000004,34086200.0,10185900.0,57990500.0
sz002919,名臣健康,32.94,0.70%,1.29%,44564500.0,49121700.0,4557300.0,93686100.0
sz301191,菲菱科思,73.9,0.69%,6.50%,46376500.0,60397700.00000001,14021199.999999998,107000000.0
sz300051,三五互联,13.04,0.69%,1.58%,29427300.0,46932299.99999999,17505000.0,76359700.0
sz301456,盘古智能,36.3,0.69%,11.63%,71503100.0,78446600.0,6943500.0,150000000.0
sh688177,百奥泰,27.63,0.69%,0.33%,19128800.0,18773500.0,355300.0,37902300.0
sh603815,交建股份,7.34,0.69%,1.80%,35767600.0,46953600.0,11186000.0,82721299.99999999
sh603992,松霖科技,13.2,0.69%,0.37%,10182200.0,9484300.0,697900.0000000001,19666500.0
sh600161,天坛生物,23.5,0.69%,0.44%,80641700.0,90085200.0,9443500.0,171000000.0
sz300235,方直科技,10.2,0.69%,2.66%,29661400.0,26549000.0,3112400.0,56210400.0
sz002559,亚威股份,7.32,0.69%,3.10%,47801500.0,63482200.0,15680700.0,111000000.00000001
sz002329,皇氏集团,5.82,0.69%,2.79%,47486000.0,49945300.0,2459300.0,97431400.0
sz002126,银轮股份,17.41,0.69%,1.85%,119000000.0,127000000.0,7472500.0,246000000.0
sh688548,广钢气体,10.3,0.68%,18.14%,215000000.0,260000000.0,45067200.0,475000000.0
sz301032,新柴股份,8.94,0.68%,3.24%,12582000.0,11583800.000000002,998199.9999999999,24165700.0
sz301196,唯科科技,32.52,0.68%,1.36%,6776400.0,10314800.0,3538399.9999999995,17091300.0
sh603797,联泰环保,5.89,0.68%,2.10%,34800100.0,38215400.0,3415299.9999999995,73015500.0
sh600636,国新文化,10.34,0.68%,1.86%,43876899.99999999,42082299.99999999,1794600.0,85959100.0
sz300623,捷捷微电,16.27,0.68%,0.67%,32242900.0,39579400.0,7336500.0,71822300.0
sz300099,精准信息,5.89,0.68%,1.20%,16727300.0,24520200.0,7792900.0,41725300.0
sz002280,联络互动,2.96,0.68%,1.73%,47640100.0,50959500.0,3319400.0,98601299.99999999
sz002216,三全食品,14.8,0.68%,1.08%,46166000.0,56108800.0,9942800.0,102000000.0
sz000837,秦川机床,11.78,0.68%,3.20%,132000000.0,135000000.0,3028200.0,267000000.0
sz300067,安诺其,3.0,0.67%,1.72%,20010300.0,20482500.0,472200.0,40492900.0
sz300053,航宇微,10.53,0.67%,3.12%,91696800.0,123000000.0,30978900.0,214000000.0
sz300898,熊猫乳品,24.06,0.67%,10.07%,73199800.0,58967200.0,14232700.0,132000000.0
sh688389,普门科技,19.46,0.67%,1.23%,57299300.0,45264900.0,12034400.0,103000000.0
sh600237,铜峰电子,7.48,0.67%,3.87%,82768400.0,84275600.0,1507200.0,167000000.0
sh603726,朗迪集团,12.02,0.67%,0.83%,8934300.0,9819700.0,885400.0000000001,18754000.0
sh603111,康尼机电,4.5,0.67%,0.83%,12276199.999999998,19254500.0,6978300.0,31530600.0
sz300402,宝色股份,17.97,0.67%,1.03%,19957400.0,18411400.0,1546000.0,38368900.0
sz300395,菲利华,45.13,0.67%,0.67%,72496800.0,72414600.0,82100.00000000001,145000000.0
sz002956,西麦食品,13.62,0.67%,1.30%,19884200.0,20116700.0,232500.0,40000800.0
sz002466,天齐锂业,57.38,0.67%,1.69%,758000000.0,703000000.0,55203100.00000001,1460000000.0
sz002384,东山精密,17.98,0.67%,2.12%,284000000.0,252999999.99999997,31169699.999999996,540000000.0
sz300966,共同药业,19.92,0.66%,3.02%,17694200.0,18871200.0,1177000.0,36565400.0
sh688026,洁特生物,15.26,0.66%,0.69%,6930200.0,8260500.0,1330400.0,15190700.0
sh605118,力鼎光电,13.77,0.66%,0.54%,14549200.0,16533300.0,1984100.0,31082500.0
sh600008,首创环保,3.03,0.66%,2.20%,240000000.0,252000000.0,12173500.0,493000000.0
sh603657,春光科技,15.19,0.66%,0.92%,9641300.0,9536300.0,104900.0,19177600.0
sh603121,华培动力,7.63,0.66%,1.61%,21048900.0,21107399.999999996,58500.0,42156200.0
sh601881,中国银河,12.14,0.66%,3.46%,1447000000.0,1569000000.0,122000000.0,3015000000.0
sh600345,长江通信,18.33,0.66%,1.03%,19329200.0,18851400.0,477700.00000000006,38180600.0
sh600117,*ST西钢,3.03,0.66%,0.78%,12362000.0,12450700.0,88800.00000000001,24812700.0
sh600075,新疆天业,4.61,0.66%,1.04%,25597300.0,36350200.0,10752900.0,61947500.0
sz300565,科信技术,13.83,0.66%,3.23%,39861400.0,46115700.0,6254200.0,85977099.99999999
sz002777,久远银海,30.6,0.66%,6.62%,325000000.0,490000000.00000006,165000000.0,815000000.0
sz001286,陕西能源,9.36,0.65%,3.16%,84794200.0,134000000.00000001,49301700.0,219000000.0
sh601818,光大银行,3.08,0.65%,0.35%,252999999.99999997,258000000.0,5845700.000000001,511000000.00000006
sh601369,陕鼓动力,7.72,0.65%,0.89%,55888600.0,61952600.0,6063900.0,118000000.0
sh600505,西昌电力,7.76,0.65%,1.18%,16329200.0,17606000.0,1276800.0,33935300.0
sh600176,中国巨石,13.95,0.65%,0.44%,133000000.0,118000000.0,14319500.0,250999999.99999997
sh600028,中国石化,6.2,0.65%,0.18%,547000000.0,532000000.0,14668599.999999998,1079000000.0
sz300383,光环新网,9.35,0.65%,1.50%,118000000.0,141000000.0,22559899.999999996,259000000.0
sz300326,凯利泰,6.21,0.65%,1.16%,24123900.0,28627199.999999996,4503200.0,52839500.0
sz300102,乾照光电,6.2,0.65%,0.82%,23233200.0,23886300.0,653100.0,47119399.99999999
sz002925,盈趣科技,16.97,0.65%,0.65%,38271000.0,43693100.00000001,5422100.0,81964100.0
sz002251,步步高,4.64,0.65%,3.44%,68478500.0,71533800.0,3055299.9999999995,140000000.0
sz000159,国际实业,6.17,0.65%,1.63%,25674500.0,23421200.0,2253200.0,49422100.0
sz002215,诺普信,6.33,0.64%,3.01%,78505100.0,76428100.0,2077000.0,155000000.0
sz300932,三友联众,14.14,0.64%,2.35%,16635400.0,14154800.0,2480600.0,30791600.0
sh601880,辽港股份,1.58,0.64%,0.39%,46833700.0,71974200.0,25140500.0,119000000.0
sh603903,中持股份,9.46,0.64%,2.21%,21737700.0,21185500.0,552200.0,42923200.0
sh603527,众源新材,11.0,0.64%,1.47%,18780800.0,21361700.0,2580899.9999999995,40142400.0
sh600062,华润双鹤,15.82,0.64%,1.17%,88386800.0,104000000.0,15697400.0,192000000.0
sz002141,贤丰控股,3.14,0.64%,2.32%,51776100.0,33350900.0,18425200.0,85126900.0
sh688234,天岳先进,51.32,0.63%,1.70%,89653000.0,102000000.0,12611300.000000002,192000000.0
sh600358,国旅联合,4.79,0.63%,1.43%,17781200.0,17459900.0,321300.0,35241100.0
sz300488,恒锋工具,20.85,0.63%,0.63%,7339900.0,10941500.0,3601600.0000000005,18281400.0
sh600552,凯盛科技,9.6,0.63%,1.48%,59294399.99999999,70079100.0,10784600.0,129000000.0
sh600410,华胜天成,6.41,0.63%,2.34%,76860300.0,91589900.0,14729600.0,168000000.0
sz300595,欧普康视,25.6,0.63%,1.80%,149000000.0,167000000.0,17846200.0,316000000.0
sz300440,运达科技,6.43,0.63%,0.81%,11168300.0,12400600.0,1232400.0,23568900.0
sz300280,紫天科技,31.98,0.63%,3.86%,91148900.0,111000000.00000001,20259200.0,202999999.99999997
sz002835,同为股份,15.89,0.63%,3.31%,31342000.0,37377300.0,6035300.0,68719200.0
sz300797,钢研纳克,11.25,0.63%,0.80%,18122600.0,16038200.0,2084400.0,34160800.0
sh688582,芯动联科,34.21,0.62%,8.16%,69592200.0,64924000.0,4668200.0,135000000.0
sh688275,万润新能,78.94,0.62%,1.73%,18420600.0,22823000.0,4402400.0,41243600.0
sz002991,甘源食品,68.71,0.62%,1.69%,30709600.0,27674400.0,3035200.0,58390900.0
sz002485,*ST雪发,4.9,0.62%,0.50%,5798300.0,7414800.0,1616600.0,13316000.0
sh600354,敦煌种业,6.5,0.62%,3.49%,54112100.0,67929300.0,13817100.0,122000000.0
sh600258,首旅酒店,17.82,0.62%,1.17%,112000000.00000001,124000000.0,11901500.0,237000000.0
sz300014,亿纬锂能,48.9,0.62%,1.18%,513000000.0,572000000.0,58517299.99999999,1106000000.0
sz301329,信音电子,21.28,0.61%,14.15%,54869700.0,72124300.0,17254600.0,127000000.0
sh688236,春立医疗,19.67,0.61%,2.49%,16291400.000000002,22561200.0,6269800.0,38852600.0
sh688253,英诺特,19.65,0.61%,1.80%,12355300.0,11621900.0,733500.0,23977199.999999996
sh603786,科博达,74.45,0.61%,0.24%,34018000.0,36925400.0,2907400.0,70943300.0
sh688772,珠海冠宇,19.72,0.61%,1.15%,79529800.0,97024800.0,17495000.0,177000000.0
sh603757,大元泵业,24.7,0.61%,1.24%,21105900.0,30471900.0,9366100.0,51577800.0
sh601016,节能风电,3.29,0.61%,0.69%,56606600.0,81551700.0,24945100.000000004,138000000.0
sz002550,千红制药,4.96,0.61%,1.03%,19581600.0,27888500.0,8306900.000000001,47797000.0
sz002413,雷科防务,4.97,0.61%,2.03%,60445000.0,68077500.0,7632500.0,129000000.0
sz000733,振华科技,87.86,0.61%,0.79%,173000000.0,192000000.0,19291100.0,365000000.0
sz301066,万事利,14.87,0.61%,4.00%,22136400.0,21375300.000000004,761100.0,43511700.0
sz003038,鑫铂股份,35.41,0.60%,3.28%,39015300.0,41577299.99999999,2562000.0,81063500.0
sz301327,华宝新能,63.53,0.60%,3.70%,31460200.0,45805200.00000001,14345000.0,77265300.0
sz301239,普瑞眼科,99.1,0.60%,3.21%,97051500.0,132000000.0,34845400.0,229000000.0
sh603888,新华网,31.9,0.60%,10.67%,805000000.0000001,1002000000.0,197000000.0,1807000000.0
sh600897,厦门空港,13.42,0.60%,0.62%,15977200.0,19316500.0,3339400.0,35293800.0
sh600481,双良节能,10.11,0.60%,1.23%,108000000.0,130000000.0,21284400.0,238000000.0
sz300412,迦南科技,4.99,0.60%,2.80%,36633600.0,31152800.000000004,5480800.0,67796700.0
sz300315,掌趣科技,4.99,0.60%,4.29%,241000000.0,330000000.0,88935800.0,571000000.0
sz002759,天际股份,11.68,0.60%,1.20%,27876600.0,29563600.0,1686900.0,57929700.0
sz000982,中银绒业,1.69,0.60%,4.83%,169000000.0,185000000.0,16705200.0,354000000.0
sh688469,中芯集成,5.1,0.59%,1.99%,47603400.0,59740900.0,12137500.0,107000000.0
sh603211,晋拓股份,13.58,0.59%,5.19%,21390300.000000004,27665300.000000004,6275000.0,49055600.00000001
sh605169,洪通燃气,10.25,0.59%,5.33%,21630500.0,17795000.0,3835500.0,39425500.0
sh605117,德业股份,89.06,0.59%,4.91%,298000000.0,355000000.0,56274799.99999999,653000000.0
sh603949,雪龙集团,18.73,0.59%,2.62%,43399000.0,60044200.0,16645300.0,103000000.0
sz300528,幸福蓝海,13.66,0.59%,10.97%,261000000.0,303000000.0,41396500.0,564000000.0
sh601137,博威合金,13.62,0.59%,1.16%,56395600.00000001,69140800.0,12745200.0,126000000.0
sh600418,江淮汽车,11.88,0.59%,2.62%,306000000.0,390000000.0,84305500.0,696000000.0
sz300723,一品红,18.76,0.59%,2.40%,49441200.0,52814000.0,3372799.9999999995,102000000.0
sz300429,强力新材,8.54,0.59%,1.61%,23140800.0,29682800.000000004,6542100.0,52823600.0
sz002683,广东宏大,22.22,0.59%,1.27%,97805700.0,92130100.0,5675599.999999999,190000000.0
sz002391,长青股份,6.83,0.59%,1.90%,26569500.0,34339200.0,7769600.0,60942200.0
sz002357,富临运业,6.86,0.59%,3.45%,41748900.0,33948200.0,7800700.000000001,75697000.0
sz301322,绿通科技,48.16,0.58%,7.46%,42476000.0,50185900.0,7709900.0,92661900.0
sz301499,维科精密,32.74,0.58%,21.31%,112999999.99999999,122000000.0,9419000.0,235000000.0
sh688558,国盛智科,27.93,0.58%,1.37%,23606200.0,26607399.999999996,3001300.0,50213500.0
sh601113,华鼎股份,3.47,0.58%,0.55%,11200400.0,10109800.0,1090600.0,21310100.000000004
sh601007,金陵饭店,8.61,0.58%,2.81%,45639900.0,50568700.0,4928700.0,96208700.00000001
sh600880,博瑞传播,5.19,0.58%,1.64%,44369100.0,50761400.0,6392300.0,95130500.0
sh600780,通宝能源,8.72,0.58%,0.37%,18814800.0,18522100.0,292700.0,37336900.0
sh600312,平高电气,10.42,0.58%,1.15%,78584200.0,88652500.0,10068300.0,167000000.0
sh600267,海正药业,10.4,0.58%,1.58%,88107900.00000001,102000000.0,13540800.0,190000000.0
sz300696,爱乐达,20.93,0.58%,2.02%,37496300.0,39939400.0,2443100.0,77437900.0
sz300578,会畅通讯,17.37,0.58%,2.16%,27722000.0,46490300.0,18768300.0,74212400.0
sz002815,崇达技术,10.49,0.58%,1.44%,32680500.0,34684300.0,2003800.0,67398500.0
sz000852,石化机械,6.98,0.58%,0.92%,23646400.0,35585600.0,11939300.0,59231899.99999999
sh688182,灿勤科技,19.48,0.57%,0.99%,8624000.0,10201400.0,1577500.0,18825400.0
sz300975,商络电子,7.05,0.57%,3.17%,32683800.0,41069700.0,8386000.0,73753400.0
sh688168,安博通,30.0,0.57%,1.54%,18195100.0,18039300.0,155800.0,36234400.0
sh688018,乐鑫科技,108.3,0.57%,1.75%,81425100.0,73675700.0,7749299.999999999,155000000.0
sh603020,爱普股份,8.89,0.57%,1.11%,18534600.0,20050200.0,1515500.0,38584700.0
sh600756,浪潮软件,14.05,0.57%,2.73%,66171600.0,61659399.99999999,4512100.0,128000000.0
sh600398,海澜之家,7.07,0.57%,0.37%,53694000.0,58788700.0,5094700.0,112000000.00000001
sh600271,航天信息,12.39,0.57%,0.73%,78135500.0,93424200.0,15288699.999999998,172000000.0
sh600216,浙江医药,10.51,0.57%,0.81%,34919100.0,48382400.0,13463300.0,83301400.0
sz001269,欧晶科技,50.3,0.56%,7.33%,84311500.0,98141299.99999999,13829800.0,182000000.0
sz301332,德尔玛,14.26,0.56%,15.66%,91102500.0,103000000.0,11837200.0,194000000.0
sh688593,新相微,14.4,0.56%,4.53%,20349100.0,26014400.0,5665200.0,46363500.0
sh688351,微电生理,16.17,0.56%,5.22%,24647300.0,32124699.999999996,7477400.0,56772100.0
sz301180,万祥科技,14.34,0.56%,2.49%,8486100.0,12654600.0,4168500.0,21140800.0
sh600399,抚顺特钢,8.96,0.56%,1.33%,105000000.0,133000000.0,27867700.0,239000000.0
sh603050,科林电气,14.3,0.56%,1.62%,22306300.0,31359600.0,9053300.0,53665900.0
sh600259,广晟有色,33.89,0.56%,1.05%,50451500.0,68802900.0,18351300.0,119000000.0
sh600172,黄河旋风,3.57,0.56%,1.87%,44913500.0,42241800.0,2671700.0,87155300.0
sh600010,包钢股份,1.78,0.56%,1.03%,288000000.0,300000000.0,12453000.0,588000000.0
sz300656,民德电子,23.18,0.56%,1.23%,16717500.0,20574600.0,3857100.0,37292100.0
sz002031,巨轮智能,3.57,0.56%,6.35%,206000000.0,250000000.0,44934300.0,455999999.99999994
sz000430,张家界,7.28,0.55%,2.35%,25694899.999999996,31772600.000000004,6077800.0,57804500.0
sh600728,佳都科技,5.53,0.55%,1.84%,110000000.00000001,112999999.99999999,2303800.0,223000000.0
sh600519,贵州茅台,1834.97,0.55%,0.33%,3979000000.0,3654999999.9999995,324000000.0,7633000000.0
sh600158,中体产业,9.14,0.55%,1.66%,71280600.0,77672500.0,6391900.000000001,149000000.0
sz300532,今天国际,18.28,0.55%,6.29%,100000000.0,121000000.0,20468800.0,221000000.0
sz300423,昇辉科技,9.15,0.55%,2.40%,37345600.0,33953700.0,3391900.0,71299300.0
sz000972,中基健康,3.74,0.54%,2.37%,35903300.0,34443000.0,1460400.0,70346200.0
sz300804,广康生化,33.49,0.54%,13.09%,31886100.0,44681000.0,12794900.0,76567000.0
sh605228,神通科技,9.34,0.54%,3.54%,16135600.0,16882700.0,747099.9999999999,33018300.0
sz301045,天禄科技,22.18,0.54%,2.77%,17215100.0,15515900.0,1699199.9999999998,32730900.0
sz002678,珠江钢琴,5.56,0.54%,0.27%,8814900.0,12030900.0,3216000.0,20845800.0
sh603665,康隆达,27.73,0.54%,0.87%,23399100.0,16795800.0,6603400.0,40195000.0
sh601366,利群股份,5.59,0.54%,0.45%,9740800.0,11673699.999999998,1932800.0,21414500.0
sh600655,豫园股份,7.4,0.54%,0.51%,65212500.0,83366600.0,18154100.0,149000000.0
sh600309,万华化学,93.3,0.54%,0.39%,596000000.0,564000000.0,31680500.0,1160000000.0
sz300009,安科生物,9.23,0.54%,1.02%,50300100.0,64252900.0,13952800.0,115999999.99999999
sz002318,久立特材,16.7,0.54%,0.41%,27337900.0,38003500.0,10665600.0,67307000.0
sz000028,国药一致,31.87,0.54%,0.81%,61974200.0,61874200.0,100000.0,125000000.0
sz002052,ST同洲,1.88,0.53%,0.81%,3387000.0,8016500.0,4629500.0,11403500.0
sz002962,五方光电,11.46,0.53%,2.61%,31044600.0,33094699.999999996,2050100.0,64139300.0
sh688010,福光股份,18.83,0.53%,0.88%,10483500.0,16497200.0,6013700.0,26980700.0
sh603598,引力传媒,9.52,0.53%,2.38%,29991500.0,31771900.0,1780400.0,61763500.0
sh601965,中国汽研,20.68,0.53%,0.65%,67250400.0,66653700.0,596700.0,134000000.00000001
sh603628,清源股份,13.31,0.53%,1.30%,26566200.0,21843400.0,4722800.0,48409700.0
sh600449,宁夏建材,15.23,0.53%,1.35%,48376500.0,51596200.0,3219700.0000000005,99972700.0
sh600079,人福医药,22.9,0.53%,1.09%,186000000.0,183000000.0,2397700.0,369000000.0
sz300686,智动力,9.46,0.53%,1.48%,14337800.0,14171199.999999998,166600.0,28509000.0
sz002199,东晶电子,7.57,0.53%,2.33%,22481600.0,21362600.000000004,1119000.0,43844100.0
sh688531,日联科技,121.2,0.52%,3.62%,34400500.0,43961100.0,9560700.0,78361500.0
sz301309,万得凯,25.33,0.52%,3.58%,10730200.0,12407500.0,1677400.0,23137700.0
sh688981,中芯国际,48.55,0.52%,1.22%,587000000.0,597000000.0,10204100.0,1184000000.0
sh601028,玉龙股份,9.71,0.52%,2.22%,81227800.0,91742600.0,10514800.0,173000000.0
sh600662,外服控股,5.78,0.52%,0.75%,19186100.0,27147600.000000004,7961500.0,46333700.0
sh600306,*ST商城,7.75,0.52%,0.26%,911000.0,2623900.0,1712900.0,3534900.0
sh600211,西藏药业,50.31,0.52%,2.42%,147000000.0,161000000.0,13460400.0,308000000.0
sz300592,华凯易佰,25.1,0.52%,3.12%,54365700.0,70869500.0,16503800.000000002,125000000.0
sz300480,光力科技,19.3,0.52%,1.20%,26527600.000000004,29646000.0,3118399.9999999995,56173600.0
sz300288,朗玛信息,15.57,0.52%,4.24%,92020600.0,81504100.0,10516400.000000002,174000000.0
sz300264,佳创视讯,5.83,0.52%,2.32%,21150200.0,29949100.0,8798900.0,51099300.0
sz300127,银河磁体,17.25,0.52%,2.67%,46615500.0,62162600.0,15547100.0,109000000.00000001
sz002935,天奥电子,17.26,0.52%,0.83%,21872700.0,28161200.0,6288500.0,50123600.0
sz002551,尚荣医疗,3.86,0.52%,5.08%,56119600.0,63775700.0,7656100.0,121000000.0
sz002248,华东数控,7.76,0.52%,1.60%,18449600.0,20556100.0,2106500.0,39005800.0
sz000799,酒鬼酒,91.27,0.52%,1.87%,245000000.00000003,319000000.0,73739100.0,563000000.0
sz000411,英特集团,11.76,0.51%,5.14%,72582700.0,109000000.00000001,36467200.0,184000000.0
sh603191,望变电气,15.87,0.51%,3.61%,48637600.0,59256400.0,10618800.000000002,108000000.0
sz002330,得利斯,5.86,0.51%,2.42%,41258400.0,49808500.0,8550100.0,91066800.0
sz300376,易事特,5.87,0.51%,0.68%,38599400.0,56187900.0,17588600.0,94787300.0
sh603366,日出东方,5.95,0.51%,2.23%,54867200.0,53177600.0,1689600.0,108000000.0
sh603931,格林达,25.85,0.51%,0.62%,13871000.0,18713400.0,4842400.0,32584300.0
sh601086,国芳集团,5.91,0.51%,2.47%,48812700.00000001,49799700.0,987099.9999999999,98612400.0
sh603319,湘油泵,15.82,0.51%,1.95%,31680700.0,33696200.0,2015500.0,65377000.0
sh600116,三峡水利,7.9,0.51%,0.57%,33439000.0,54402700.00000001,20963700.0,87841700.0
sz002741,光华科技,13.9,0.51%,0.92%,23016300.0,21049000.0,1967300.0,44065400.0
sz002388,新亚制程,5.93,0.51%,1.66%,24281300.0,23168100.0,1113300.0,47628500.0
sz000513,丽珠集团,33.41,0.51%,0.85%,76360500.0,97084400.0,20724000.0,174000000.0
sz301019,宁波色母,20.0,0.50%,1.40%,7759200.0,8562200.0,803100.0,16321400.000000002
sz301326,捷邦科技,32.47,0.50%,4.24%,10441500.0,13345700.0,2904200.0,23787300.0
sz300850,新强联,28.17,0.50%,2.36%,72050900.0,85600700.0,13549800.0,158000000.0
sz300963,中洲特材,12.16,0.50%,2.64%,13345800.0,20663200.0,7317400.0,34008900.0
sz002286,保龄宝,8.0,0.50%,1.63%,24300400.0,24598200.0,297700.0,48898500.0
sh688222,成都先导,14.05,0.50%,0.67%,16245000.0,22352399.999999996,6107400.0,38597500.0
sh603466,风语筑,12.07,0.50%,1.82%,60672400.0,73197400.0,12525000.0,134000000.00000001
sh603236,移远通信,43.81,0.50%,2.39%,148000000.0,136000000.0,11936199.999999998,285000000.0
sh603053,成都燃气,10.01,0.50%,0.65%,26549500.0,31887000.0,5337500.0,58436500.0
sh601882,海天精工,28.18,0.50%,0.32%,17103000.0,29883400.0,12780400.0,46986400.0
sh600693,东百集团,4.02,0.50%,1.67%,34394900.0,24880400.0,9514500.0,59275300.0
sh600605,汇通能源,18.07,0.50%,1.45%,20467300.0,33820500.0,13353200.0,54287800.0
sh600587,新华医疗,24.26,0.50%,3.52%,177000000.0,204000000.0,26500600.0,381000000.0
sz300353,东土科技,10.05,0.50%,2.55%,48709700.0,67605500.0,18895800.0,115999999.99999999
sz002805,丰元股份,16.03,0.50%,2.75%,47801800.0,49991300.0,2189500.0,97797600.0
sz301439,泓淋电力,16.13,0.50%,5.32%,34813600.0,46138500.0,11324900.0,80952000.0
sz002139,拓邦股份,10.12,0.50%,1.85%,95048700.00000001,107000000.0,11689300.0,202000000.0
sz000892,欢瑞世纪,4.03,0.50%,2.01%,24600200.0,33653200.0,9053000.0,58253300.0
sh605199,葫芦娃,14.07,0.50%,0.56%,14957200.0,17122700.0,2165500.0,32079899.999999996
sz000682,东方电子,8.11,0.50%,0.84%,38731200.0,54631899.99999999,15900700.0,93363100.0
sz000928,中钢国际,8.18,0.49%,2.57%,127000000.0,152000000.0,24732600.000000004,278000000.0
sh603217,元利科技,20.65,0.49%,0.79%,17504300.0,16683599.999999998,820699.9999999999,34187900.0
sh600814,杭州解百,8.22,0.49%,1.66%,54241800.0,45256300.0,8985500.0,99498200.0
sh600297,广汇汽车,2.05,0.49%,1.83%,115999999.99999999,194000000.0,77764100.0,310000000.0
sh605018,长华集团,10.25,0.49%,3.98%,19051000.0,19367100.0,316100.0,38418100.0
sz002911,佛燃能源,12.2,0.49%,0.46%,27243100.0,27129200.0,113900.0,54372299.99999999
sz002667,威领股份,12.33,0.49%,2.06%,29773300.0,30485700.0,712400.0,60264100.0
sz002434,万里扬,8.19,0.49%,0.85%,44093200.0,50221200.0,6128000.0,94318600.0
sz002243,力合科创,8.21,0.49%,1.02%,52138500.0,51965400.0,173100.0,104000000.0
sz002138,顺络电子,24.85,0.49%,0.88%,79801800.0,84745000.0,4943100.0,165000000.0
sz000600,建投能源,6.11,0.49%,1.80%,53675300.0,68191400.0,14516099.999999998,122000000.0
sz000416,*ST民控,2.04,0.49%,3.09%,9523300.0,24505900.0,14982600.0,34475900.0
sz300979,华利集团,50.69,0.48%,0.77%,28366500.0,29053500.0,687000.0,57420000.0
sz301510,固高科技,41.61,0.48%,24.80%,180000000.0,184000000.0,3391500.0,364000000.0
sz002656,ST摩登,2.11,0.48%,0.70%,3620500.0,5064900.0,1444400.0,9009000.0
sz002189,中光学,14.62,0.48%,0.94%,15662100.0,20885300.000000004,5223200.000000001,36547200.0
sz300976,达瑞电子,42.08,0.48%,1.85%,13730100.0,16008100.0,2278100.0,29738200.0
sh603725,天安新材,8.39,0.48%,3.37%,33160200.0,25297399.999999996,7862800.0,58457500.0
sh688111,金山办公,358.11,0.48%,0.79%,681000000.0,646000000.0,35093100.0,1328000000.0
sh603429,集友股份,8.32,0.48%,1.74%,36584800.0,40934500.0,4349700.0,77519300.0
sh603069,海汽集团,16.74,0.48%,1.22%,32449600.0,33217300.0,767700.0,65666899.99999999
sh600936,广西广电,4.22,0.48%,1.07%,38683100.0,37561100.0,1122100.0,76244100.0
sh600775,南京熊猫,8.38,0.48%,0.90%,24521700.0,27223700.0,2701900.0,51745400.0
sh600597,光明乳业,10.36,0.48%,0.81%,54680400.0,62437299.99999999,7756799.999999999,117000000.0
sh600520,文一科技,12.53,0.48%,2.40%,25635500.0,23180600.0,2455000.0,48816000.0
sz300803,指南针,73.21,0.48%,19.60%,2712000000.0,3824000000.0,1112000000.0,6536000000.0
sz300238,冠昊生物,12.58,0.48%,2.83%,40242900.0,56588400.0,16345500.0,96831299.99999999
sz002847,盐津铺子,75.16,0.48%,0.51%,34807200.0,31510200.0,3296900.0,66317500.0
sz002426,胜利精密,2.11,0.48%,1.45%,46419799.99999999,52437700.00000001,6017900.0,98857600.0
sz002108,沧州明珠,4.21,0.48%,1.44%,47011200.0,55360100.0,8349000.0,102000000.0
sz000921,海信家电,22.94,0.48%,0.77%,72814800.0,86565200.0,13750400.0,159000000.0
sh688480,赛恩斯,27.93,0.47%,7.46%,19155900.0,23061900.0,3906000.0,42217800.0
sh600916,中国黄金,10.72,0.47%,2.83%,106000000.0,148000000.0,42290300.0,254000000.0
sz002986,宇新股份,17.12,0.47%,0.46%,7404400.000000001,11348200.0,3943900.0,18752600.0
sh688077,大地熊,23.38,0.47%,1.27%,8651800.0,14673900.000000002,6022200.0,23325700.0
sh603301,振德医疗,25.69,0.47%,1.09%,35514200.0,29938300.0,5575900.0,65452500.0
sh603880,ST南卫,4.26,0.47%,0.61%,3226100.0,4446900.0,1220800.0,7673000.0
sh603690,至纯科技,25.89,0.47%,1.77%,73975300.0,106000000.0,32264400.0,180000000.0
sh601555,东吴证券,8.62,0.47%,4.54%,828999999.9999999,1211000000.0,382000000.0,2039999999.9999998
sh600101,明星电力,8.51,0.47%,1.77%,29887199.999999996,34595400.0,4708200.0,64482600.0
sz300398,飞凯材料,14.95,0.47%,1.45%,48964000.0,68013100.0,19049100.0,117000000.0
sz300306,远方信息,10.72,0.47%,2.47%,19074400.0,22480800.0,3406400.0,41555200.00000001
sz002850,科达利,117.48,0.47%,0.83%,71953400.0,83338400.0,11385000.0,155000000.0
sz002599,盛通股份,6.46,0.47%,5.01%,65334100.0,65440500.0,106500.0,132000000.0
sz000572,海马汽车,4.26,0.47%,3.19%,103000000.0,125000000.0,21575700.0,227999999.99999997
sz001296,长江材料,21.65,0.46%,10.09%,42529100.0,41296899.99999999,1232200.0,83826000.0
sh688387,信科移动,6.52,0.46%,2.61%,31432000.0,53046400.0,21614400.0,84478300.0
sh601727,上海电气,4.41,0.46%,0.36%,95952600.0,110000000.00000001,13672700.0,206000000.0
sh600371,万向德农,11.03,0.46%,1.09%,18456400.0,17485500.0,970900.0,35941900.0
sz300771,智莱科技,11.0,0.46%,4.97%,49393200.0,42904399.99999999,6488700.0,92297700.0
sz300571,平治信息,30.62,0.46%,2.80%,48369700.0,52975100.0,4605300.0,101000000.0
sz300244,迪安诊断,21.81,0.46%,0.84%,43643900.0,50252000.0,6608200.000000001,93895900.0
sz002864,盘龙药业,32.96,0.46%,5.00%,60522900.0,48392700.00000001,12130200.0,109000000.00000001
sz002534,西子洁能,12.98,0.46%,0.84%,46034900.0,35522600.0,10512400.0,81876800.0
sh603135,中重科技,17.89,0.45%,5.35%,33662300.0,51448400.0,17786100.0,85110800.0
sz301289,国缆检测,55.27,0.45%,15.40%,112999999.99999999,108000000.0,4239600.0,221000000.0
sz002455,百川股份,6.63,0.45%,1.34%,21519899.999999996,23648400.0,2128500.0,45168400.0
sz300626,华瑞股份,8.84,0.45%,1.51%,12542400.0,11532500.0,1009900.0,24074899.999999996
sz001914,招商积余,15.7,0.45%,1.46%,122000000.0,125000000.0,3404000.0,247000000.00000003
sh603609,禾丰股份,8.93,0.45%,0.66%,27659300.0,27461400.0,197900.0,55120800.0
sh600579,克劳斯,6.69,0.45%,0.69%,12559400.0,10813599.999999998,1745700.0,23373000.0
sz300770,新媒股份,38.0,0.45%,1.68%,68371600.0,82123700.00000001,13752100.0,150000000.0
sz300019,硅宝科技,15.57,0.45%,0.71%,15697700.0,22100600.0,6402900.0,37918200.0
sz002885,京泉华,15.62,0.45%,2.98%,49332500.0,49553200.0,220700.0,98885700.0
sz002576,通达动力,15.75,0.45%,2.92%,33485600.0,42813800.0,9328200.0,76302500.0
sz002179,中航光电,45.0,0.45%,0.72%,373000000.0,293000000.0,80028400.0,667000000.0
sz001298,好上好,20.62,0.44%,4.43%,17063300.0,15657200.0,1406100.0000000002,32720600.0
sz301158,德石股份,18.28,0.44%,10.54%,68185600.0,82536299.99999999,14350700.0,151000000.0
sh603212,赛伍技术,16.01,0.44%,1.67%,56163300.0,64294399.99999999,8131100.0,120000000.0
sh603986,兆易创新,89.49,0.44%,2.05%,593000000.0,651000000.0,58617100.0,1244000000.0
sh600580,卧龙电驱,11.47,0.44%,1.44%,99452300.0,121000000.0,21496600.0,220000000.00000003
sh600195,中牧股份,11.44,0.44%,0.69%,34313100.0,48342800.0,14029700.0,82655800.0
sz002921,联诚精密,13.66,0.44%,2.25%,18288500.0,16420000.0,1868400.0,34708500.0
sz002605,姚记科技,29.6,0.44%,3.70%,164000000.0,202999999.99999997,38684700.0,367000000.0
sz002152,广电运通,11.33,0.44%,1.16%,185000000.0,150000000.0,34010500.0,336000000.0
sz002087,*ST新纺,2.3,0.44%,1.36%,8933000.0,16634000.0,7701000.0,25567000.0
sz000811,冰轮环境,15.96,0.44%,1.18%,64710500.0,78516900.0,13806300.000000002,143000000.0
sh688148,芳源股份,9.3,0.43%,1.28%,25878800.0,21422600.000000004,4456300.0,47301300.0
sz002289,ST宇顺,4.64,0.43%,0.67%,2273000.0,6002300.0,3729300.0,8275200.0
sh688022,瀚川智能,30.43,0.43%,1.03%,23369600.0,25019699.999999996,1650100.0,48389200.0
sh600990,四创电子,20.83,0.43%,0.79%,21674000.0,23715100.000000004,2041100.0000000002,45389000.0
sh600521,华海药业,16.45,0.43%,0.62%,66117800.0,85813600.0,19695800.0,152000000.0
sh600206,有研新材,11.7,0.43%,0.97%,47661000.0,51533100.00000001,3872200.0000000005,99194000.0
sh600201,生物股份,9.26,0.43%,0.84%,39234000.0,48997600.0,9763500.0,88231600.0
sh600080,金花股份,7.05,0.43%,0.88%,9761700.0,13595200.0,3833500.0,23357000.0
sz000636,风华高科,13.9,0.43%,0.69%,45959300.0,59264399.99999999,13305100.0,105000000.0
sz000166,申万宏源,4.67,0.43%,1.59%,894999999.9999999,835000000.0,59561000.0,1737000000.0
sz301300,远翔新材,28.61,0.42%,2.86%,11743000.0,12698300.0,955300.0,24441300.0
sz301395,仁信新材,21.32,0.42%,9.82%,35316300.0,38476500.0,3160200.0,73792700.0
sz300695,兆丰股份,45.63,0.42%,0.76%,10868500.0,14146500.0,3278100.0,25015000.0
sh605056,咸亨国际,12.09,0.42%,0.56%,4924400.0,5900100.0,975699.9999999999,10824400.0
sh601098,中南传媒,11.98,0.42%,0.83%,84194599.99999999,96126400.0,11931900.0,180000000.0
sh600919,江苏银行,7.09,0.42%,1.33%,740000000.0,770000000.0,30481000.0,1510000000.0
sh600867,通化东宝,9.59,0.42%,0.65%,60418900.0,66267200.0,5848200.000000001,127000000.0
sh600566,济川药业,26.01,0.42%,0.82%,98320800.0,101000000.0,2717700.0,199000000.0
sz300413,芒果超媒,28.78,0.42%,1.39%,197000000.0,221000000.0,23801400.0,418000000.0
sz300075,数字政通,19.07,0.42%,4.75%,223000000.0,254000000.0,30662700.0,476999999.99999994
sz002688,金河生物,4.77,0.42%,1.31%,21727000.0,25390900.0,3663900.0,47166100.0
sz002645,华宏科技,9.58,0.42%,1.54%,37763000.0,37894800.0,131800.0,75657800.0
sz002297,博云新材,7.15,0.42%,1.37%,29266300.0,27804699.999999996,1461600.0,57191800.0
sz002120,韵达股份,9.67,0.42%,0.90%,112000000.00000001,135000000.0,22771300.0,247000000.00000003
sz002100,天康生物,7.23,0.42%,1.51%,65579300.0,83879100.0,18299800.0,149000000.0
sh688371,菲沃泰,16.94,0.41%,1.88%,11376700.0,15048400.0,3671700.0,26425100.000000004
sz300990,同飞股份,38.9,0.41%,2.49%,14649800.0,26847900.0,12198100.0,41497600.0
sh688488,艾迪药业,9.77,0.41%,0.78%,13500700.0,18391200.0,4890500.0,31891900.0
sh688181,八亿时空,24.64,0.41%,0.55%,6939500.0,11720900.0,4781400.0,18660300.0
sh600803,新奥股份,17.2,0.41%,1.22%,146000000.0,157000000.0,11230400.0,303000000.0
sh603825,华扬联众,12.18,0.41%,2.26%,30737300.0,40098800.0,9361500.0,70836200.0
sh603339,四方科技,12.14,0.41%,1.83%,35938700.0,34546800.0,1391900.0,70485600.0
sh600373,中文传媒,12.21,0.41%,1.70%,138000000.0,147000000.0,8504400.0,285000000.0
sz002347,泰尔股份,4.87,0.41%,1.83%,22037500.0,22813800.0,776400.0,44851300.0
sh688176,亚虹医药,10.02,0.40%,2.13%,22889100.0,38985900.0,16096800.0,61875100.0
sz300868,杰美特,17.74,0.40%,7.97%,40042100.0,32732399.999999996,7309700.0,72774400.0
sh688260,昀冢科技,15.18,0.40%,1.59%,7664600.0,9073500.0,1408899.9999999998,16738100.0
sh601827,三峰环境,7.62,0.40%,0.59%,32911600.0,43579200.0,10667700.0,76490800.0
sh603298,杭叉集团,22.53,0.40%,0.59%,58737500.0,67009300.0,8271900.000000001,126000000.0
sh603950,长源东谷,12.5,0.40%,1.12%,23930200.0,21986100.0,1944100.0,45916400.0
sh600572,康恩贝,5.04,0.40%,2.15%,130000000.0,153000000.0,22956500.0,284000000.0
sh600241,时代万恒,7.47,0.40%,0.60%,5290200.0,8164800.0,2874500.0,13455000.0
sz300566,激智科技,15.0,0.40%,1.65%,29062800.000000004,28891300.0,171500.0,57954100.0
sz300406,九强生物,17.46,0.40%,1.13%,39082900.0,46492200.0,7409299.999999999,85575100.0
sz300245,天玑科技,9.98,0.40%,12.75%,208000000.0,209000000.0,1222900.0,416000000.0
sz002679,福建金森,12.62,0.40%,1.57%,24812600.000000004,22578600.0,2234000.0,47391100.0
sz000681,视觉中国,14.92,0.40%,4.09%,192000000.0,229999999.99999997,38794900.0,422000000.0
sz000568,泸州老窖,228.29,0.40%,0.61%,997000000.0000001,1063000000.0000001,65886000.0,2076000000.0000002
sz000007,*ST全新,5.13,0.39%,0.45%,2678700.0,4204800.0,1526100.0000000002,7143500.0
sz002882,金龙羽,12.98,0.39%,1.58%,25765400.0,25492199.999999996,273100.0,51994900.0
sz002323,雅博股份,2.55,0.39%,1.25%,29050600.0,40022200.0,10971600.0,69072600.0
sh601702,华峰铝业,15.3,0.39%,3.59%,69061900.0,83182800.0,14120900.0,152000000.0
sz300861,美畅股份,41.7,0.39%,0.72%,35849400.0,49395100.0,13545700.0,85244500.0
sh603877,太平鸟,17.88,0.39%,0.35%,14100700.0,16283000.0,2182300.0,30383600.0
sh600892,大晟文化,5.09,0.39%,2.13%,35630400.0,26016000.0,9614400.0,61646400.0
sh600573,惠泉啤酒,10.39,0.39%,2.30%,31434600.0,28833500.0,2601000.0,60268200.0
sh600500,中化国际,5.15,0.39%,0.84%,65158000.0,72262800.0,7104800.0,137000000.0
sh600429,三元股份,5.21,0.39%,0.97%,41430300.0,35119500.0,6310900.0,76549700.0
sz300025,华星创业,12.94,0.39%,2.37%,58774500.0,78025000.0,19250500.0,137000000.0
sz002884,凌霄泵业,15.38,0.39%,0.26%,5561900.000000001,5662700.0,100800.0,11224600.0
sz000729,燕京啤酒,10.27,0.39%,0.67%,81614800.0,91459900.0,9845100.0,173000000.0
sz301399,英特科技,45.32,0.38%,9.36%,43827400.0,47426500.0,3599000.0,91253799.99999999
sh603065,宿迁联盛,13.16,0.38%,6.34%,14827800.0,20719000.0,5891200.0,35546800.0
sz301107,瑜欣电子,29.44,0.38%,8.54%,22168000.0,32004800.0,9836800.0,54172800.0
sh605218,伟时电子,13.38,0.38%,1.84%,10653900.000000002,11554200.0,900300.0,22208100.0
sh688166,博瑞医药,18.26,0.38%,1.38%,46223900.0,65825600.00000001,19601700.0,112000000.00000001
sh601669,中国电建,5.25,0.38%,1.28%,403000000.0,496000000.0,92768900.0,898000000.0
sh600759,ST洲际,2.67,0.38%,0.49%,11397300.0,18267000.0,6869700.0,29664200.0
sz300486,东杰智能,7.91,0.38%,0.91%,13691900.0,15086500.0,1394600.0,28778300.0
sz002881,美格智能,26.55,0.38%,0.84%,16452800.0,20073100.0,3620200.0,36730300.0
sz002644,佛慈制药,10.55,0.38%,0.95%,26806400.0,25493600.0,1312800.0,52300000.0
sz000415,渤海租赁,2.67,0.38%,1.12%,66504100.0,96869700.0,30365600.0,165000000.0
sh603031,安孚科技,46.2,0.37%,0.36%,10252200.0,8628600.0,1623500.0,18880800.0
sh605389,长龄液压,24.6,0.37%,3.07%,12020800.0,14055400.0,2034600.0,26076100.0
sh603536,惠发食品,8.1,0.37%,4.05%,42015300.0,39770700.0,2244600.0,81786000.0
sh601021,春秋航空,56.42,0.37%,0.46%,126000000.0,132000000.0,6030400.0,256999999.99999997
sh600812,华北制药,5.43,0.37%,0.51%,22032300.0,24258700.0,2226400.0,46291000.0
sh600078,ST澄星,8.08,0.37%,0.84%,17155700.0,28442700.0,11287000.0,45598400.0
sh688061,灿瑞科技,39.37,0.36%,2.87%,15354600.0,16687100.0,1332600.0,32041700.0
sh603919,金徽酒,25.25,0.36%,1.02%,61414300.0,71761500.0,10347300.0,133000000.0
sh603667,五洲新春,13.77,0.36%,3.57%,76553600.0,87309700.0,10756099.999999998,164000000.0
sh603650,彤程新材,27.7,0.36%,0.71%,58184500.0,62129100.0,3944600.0,120000000.0
sh601577,长沙银行,8.38,0.36%,0.82%,70129000.0,74893700.0,4764600.0,145000000.0
sh601368,绿城水务,5.56,0.36%,1.97%,41953400.0,55464100.0,13510700.0,97417300.0
sh600961,株冶集团,8.26,0.36%,1.07%,19781700.0,27560800.0,7779100.0,47342600.0
sh600543,*ST莫高,5.54,0.36%,1.17%,8458800.0,12495600.0,4036800.0,20954300.0
sz300597,吉大通信,8.3,0.36%,2.56%,27150200.0,28265700.0,1115500.0,55415900.0
sz300547,川环科技,14.0,0.36%,0.94%,11495600.0,12538699.999999998,1043100.0,24034300.0
sz300425,中建环能,5.51,0.36%,8.11%,148000000.0,156000000.0,7946100.0,303000000.0
sz300282,*ST三盛,2.76,0.36%,1.34%,6446900.000000001,7749500.0,1302600.0,14196400.000000002
sz002540,亚太科技,5.53,0.36%,1.36%,28588100.0,38363400.0,9775400.0,66951600.0
sz301301,川宁生物,8.66,0.35%,6.72%,57251500.0,75339100.0,18087600.0,133000000.0
sz301361,众智科技,23.25,0.35%,7.82%,26821200.0,27821900.0,1000699.9999999999,54643100.00000001
sh688380,中微半导,23.06,0.35%,2.05%,25033500.0,25770900.0,737400.0,50804399.99999999
sh688298,东方生物,37.3,0.35%,0.59%,18726000.0,26254000.0,7528099.999999999,44980000.0
sh688105,诺唯赞,25.99,0.35%,1.18%,27010000.0,25427000.0,1582900.0,52437000.0
sz002727,一心堂,22.83,0.35%,1.40%,61226500.0,68713900.0,7487300.0,130000000.0
sh688310,迈得医疗,28.6,0.35%,0.69%,10408300.0,13157200.0,2748900.0,23565500.0
sh688500,*ST慧辰,17.23,0.35%,0.30%,1252100.0,2635100.0,1383000.0,3887200.0000000005
sh603196,日播时尚,16.98,0.35%,0.99%,18400200.0,22162700.0,3762500.0,40562900.0
sh603519,立霸股份,14.44,0.35%,1.96%,33398700.0,42944900.0,9546200.0,76343700.0
sh603699,纽威股份,14.33,0.35%,0.70%,35795600.0,40530500.0,4735000.0,76326200.0
sh603615,茶花股份,8.65,0.35%,1.29%,14615100.0,12911600.0,1703500.0,27526600.0
sh603300,华铁应急,5.72,0.35%,0.87%,42257000.0,48551000.0,6294000.0,90808000.0
sz300706,阿石创,22.9,0.35%,4.12%,42016800.0,65652800.0,23636000.0,108000000.0
sz002670,国盛金控,11.42,0.35%,12.57%,679000000.0,1816000000.0,1137000000.0,2496000000.0
sz002573,清新环境,5.69,0.35%,1.66%,46733800.0,56762299.99999999,10028500.0,103000000.0
sz002250,联化科技,8.56,0.35%,1.48%,49205100.0,69196300.0,19991200.0,119000000.0
sh605133,嵘泰股份,29.64,0.34%,2.92%,20867500.0,34838600.0,13971099.999999998,55706100.0
sz300716,泉为科技,11.81,0.34%,2.44%,26941600.0,20070100.0,6871500.0,47011700.0
sh603131,上海沪工,11.9,0.34%,1.46%,26000600.0,30664000.0,4663400.0,56664600.0
sh605100,华丰股份,14.59,0.34%,1.00%,12715900.0,12642600.0,73400.0,25358500.0
sh600480,凌云股份,8.85,0.34%,1.44%,50888600.0,60845200.00000001,9956600.0,112000000.00000001
sz300584,海辰药业,20.47,0.34%,1.91%,14181700.0,18518100.0,4336300.0,32699800.0
sz300049,福瑞股份,20.93,0.34%,1.70%,37732500.0,46009200.0,8276600.0,83741700.0
sz000908,景峰医药,2.96,0.34%,3.22%,32781100.0,43393500.0,10612400.0,76174500.0
sh603061,金海通,85.78,0.33%,5.47%,41340100.0,30391000.0,10949100.0,71731100.0
sz301040,中环海陆,18.5,0.33%,1.96%,12458300.0,13319600.0,861400.0,25777900.0
sh688057,金达莱,15.05,0.33%,1.93%,19487600.0,21789500.0,2301800.0,41277100.0
sz300582,英飞特,12.03,0.33%,1.24%,12490000.0,20987600.000000004,8497600.0,33477600.000000004
sh603881,数据港,21.6,0.33%,2.54%,103000000.0,156000000.0,52506899.99999999,259000000.0
sh603693,江苏新能,12.14,0.33%,0.39%,17149300.0,21249800.0,4100600.0,38399000.0
sh600874,创业环保,6.12,0.33%,2.75%,96826299.99999999,112999999.99999999,15737200.0,209000000.0
sz300581,晨曦航空,9.16,0.33%,1.19%,27432399.999999996,34040700.0,6608200.000000001,61473100.00000001
sz300548,博创科技,27.01,0.33%,8.07%,199000000.0,239000000.0,40562800.0,438000000.0
sz300236,上海新阳,33.16,0.33%,1.13%,51606400.0,56198900.0,4592500.0,108000000.0
sz002657,中科金财,15.0,0.33%,4.05%,104000000.0,107000000.0,3276200.0,211000000.0
sz002461,珠江啤酒,8.99,0.33%,0.51%,45476300.0,55947299.99999999,10471000.0,103000000.0
sz000929,兰州黄河,9.11,0.33%,3.03%,24737399.999999996,27352199.999999996,2614700.0000000005,52089600.0
sz001230,劲旅环境,25.32,0.32%,9.06%,38809900.0,52869700.0,14059700.0,91679599.99999999
sz301223,中荣股份,18.6,0.32%,4.60%,19175700.0,23098400.0,3922700.0,42274100.0
sh600112,ST天成,3.12,0.32%,0.76%,3914400.0,8526400.0,4612000.0,12440900.0
sz301260,格力博,18.83,0.32%,5.08%,52396000.0,66993800.0,14597800.0,119000000.0
sh688626,翔宇医疗,37.52,0.32%,1.95%,15720500.0,23275500.0,7555000.0,38996100.0
sh688360,德马科技,18.55,0.32%,0.92%,9781000.0,11320700.0,1539600.0,21101700.0
sh688611,杭州柯林,34.11,0.32%,2.09%,6034200.0,8217700.0,2183500.0,14252000.0
sz300823,建科机械,18.93,0.32%,2.94%,16693200.0,14429200.0,2264000.0,31122399.999999996
sz300809,华辰装备,19.0,0.32%,2.22%,25158300.0,25811600.0,653300.0,50969799.99999999
sh603367,辰欣药业,12.61,0.32%,2.17%,59795500.0,66209399.99999999,6413900.0,126000000.0
sh603317,天味食品,12.66,0.32%,0.67%,41723800.0,49529399.99999999,7805599.999999999,91253200.0
sh600898,ST美讯,3.12,0.32%,1.12%,3441500.0,5488900.0,2047400.0,8930400.0
sz300123,亚光科技,6.35,0.32%,1.52%,42458600.0,55182000.0,12723300.0,97640600.0
sz003816,中国广核,3.16,0.32%,0.37%,204999999.99999997,252999999.99999997,47334200.0,461000000.00000006
sz002800,ST天顺,15.61,0.32%,2.40%,14878000.0,23264400.0,8386400.0,38142500.0
sz000802,北京文化,6.46,0.31%,2.76%,60619900.0,69469400.0,8849500.0,130000000.0
sh603051,鹿山新材,32.43,0.31%,3.45%,25511800.0,30476500.0,4964700.0,55988200.0
sz301058,中粮科工,13.05,0.31%,2.29%,28941500.0,33346200.0,4404700.0,62287700.00000001
sh688219,会通股份,9.86,0.31%,0.68%,10443000.0,11442900.0,999800.0,21885900.0
sh603421,鼎信通讯,9.7,0.31%,0.40%,10910100.0,14873599.999999998,3963500.0,25783600.0
sh601969,海南矿业,6.46,0.31%,0.53%,35316800.0,35512700.0,195900.0,70829500.0
sz300708,聚灿光电,9.77,0.31%,2.02%,26637100.0,49775700.0,23138600.0,76412700.0
sz300576,容大感光,32.4,0.31%,5.16%,89304500.0,155000000.0,65511100.0,244000000.0
sz300341,麦克奥迪,9.61,0.31%,0.69%,18030100.0,17273000.0,757099.9999999999,35303000.0
sz002731,萃华珠宝,12.8,0.31%,0.88%,11533200.0,15510600.0,3977400.0,27399500.0
sz002500,山西证券,6.46,0.31%,6.43%,526999999.99999994,1040000000.0,513000000.0,1567000000.0
sz002385,大北农,6.57,0.31%,1.19%,114999999.99999999,148000000.0,33043800.0,262000000.0
sz002382,蓝帆医疗,6.46,0.31%,1.08%,34007100.0,36464000.0,2456900.0,71449300.0
sh605177,东亚药业,27.0,0.30%,3.66%,20287500.0,35816500.0,15529000.0,56103900.0
sh601933,永辉超市,3.3,0.30%,0.78%,113999999.99999999,122000000.0,8044600.0,237000000.0
sz002006,精工科技,16.68,0.30%,1.45%,48304200.0,64023100.00000001,15719000.0,112000000.00000001
sz000980,众泰汽车,3.36,0.30%,5.63%,401999999.99999994,426000000.0,24809800.0,827999999.9999999
sz000586,汇源通信,13.4,0.30%,1.85%,23450600.0,25534500.0,2083800.0,48985100.0
sz002064,华峰化学,6.96,0.29%,0.40%,70600200.0,69722400.0,877800.0,140000000.0
sh688669,聚石化学,17.01,0.29%,1.71%,9222600.0,8795500.0,427100.0,18018100.0
sh603315,福鞍股份,10.49,0.29%,1.03%,16501700.0,17248500.0,746800.0000000001,33750100.0
sh600863,内蒙华电,3.44,0.29%,1.11%,102000000.0,151000000.0,49034600.0,252999999.99999997
sz300670,大烨智能,6.99,0.29%,1.49%,10929600.0,12939300.0,2009700.0,23868900.0
sh688551,科威尔,58.15,0.28%,1.15%,12538100.0,22671900.0,10133800.0,35209900.0
sh688097,博众精工,25.5,0.28%,1.99%,20900300.000000004,27123200.0,6222900.0,48023500.0
sz002651,利君股份,7.09,0.28%,1.79%,36262200.0,36691600.0,429400.0,72953800.0
sh600776,东方通信,10.82,0.28%,1.40%,67691100.0,80509600.0,12818500.0,148000000.0
sz300511,雪榕生物,7.19,0.28%,6.27%,85059800.0,103000000.0,17590100.0,188000000.0
sz300463,迈克生物,14.2,0.28%,1.32%,41277200.0,53997100.0,12719900.0,95274200.0
sz002824,和胜股份,17.95,0.28%,1.53%,19138500.0,33598600.0,14460200.0,52737100.0
sz002545,东方铁塔,7.04,0.28%,0.91%,30837700.0,42325100.0,11487400.0,73162800.0
sz002364,中恒电气,7.11,0.28%,1.23%,22753700.0,23960800.0,1207100.0,46714500.0
sz002032,苏泊尔,46.98,0.28%,0.20%,40147300.0,35027300.0,5120000.0,75174600.0
sh688325,赛微微电,35.8,0.28%,1.62%,6315200.0,12088900.000000002,5773700.0,18404100.0
sz002692,ST远程,3.66,0.27%,0.24%,2805800.0,3521200.0,715400.0000000001,6327000.0
sz301036,双乐股份,18.79,0.27%,2.60%,10296400.000000002,10211100.0,85300.0,20507500.0
sz300980,祥源新材,18.53,0.27%,1.44%,7305300.0,6550800.0,754500.0,13856099.999999998
sh688198,佰仁医疗,124.99,0.27%,0.18%,18832800.0,12647000.0,6185800.0,31479800.0
sh600988,赤峰黄金,15.12,0.27%,2.52%,279000000.0,351000000.0,72132400.0,631000000.0
sh600987,航民股份,7.45,0.27%,0.59%,22205300.000000004,24758200.0,2552900.0,46963500.0
sz300224,正海磁材,11.24,0.27%,1.05%,42491000.0,57111100.0,14620200.0,99602000.0
sz300189,神农科技,3.7,0.27%,6.12%,99232099.99999999,122000000.0,22560000.0,221000000.0
sz002907,华森制药,14.92,0.27%,3.13%,70113400.0,78194400.0,8081000.0,148000000.0
sz002498,汉缆股份,3.76,0.27%,0.44%,23429500.0,31928800.0,8499300.0,55580900.0
sz000715,中兴商业,7.3,0.27%,2.17%,30636500.0,36331200.0,5694700.0,66967600.0
sh688658,悦康药业,15.62,0.26%,2.31%,31523500.0,44473400.0,12949900.0,75996900.0
sh600887,伊利股份,26.82,0.26%,1.05%,884000000.0,911999999.9999999,28645600.0,1796000000.0
sh600734,ST实达,3.89,0.26%,0.24%,8186300.0,11968200.0,3781900.0,20154500.0
sz002275,桂林三金,15.16,0.26%,0.55%,20468100.0,27307600.000000004,6839500.0,47775700.0
sz000596,古井贡酒,271.32,0.26%,0.42%,245000000.00000003,222000000.00000003,22949600.0,468000000.0
sh688676,金盘科技,32.47,0.25%,1.39%,44114600.0,44436800.0,322200.0,88551400.0
sz002629,仁智股份,3.95,0.25%,2.51%,16817900.0,17878000.0,1060100.0,34695800.0
sh688739,成大生物,31.68,0.25%,1.15%,29687100.0,37558000.0,7870900.0,67245100.0
sh688252,天德钰,16.29,0.25%,4.47%,10714300.0,16177400.0,5463099.999999999,26891700.0
sh603098,森特股份,19.76,0.25%,0.24%,11566600.0,14405700.0,2839000.0,25972199.999999996
sh601619,嘉泽新能,4.06,0.25%,1.58%,86627500.0,71887200.0,14740400.0,159000000.0
sh600016,民生银行,4.01,0.25%,0.46%,305000000.0,353000000.0,47981100.0,657000000.0
sz300748,金力永磁,16.26,0.25%,0.96%,76998700.0,104000000.0,26823100.0,181000000.0
sz300508,维宏股份,27.8,0.25%,3.69%,28249800.0,33543900.0,5294200.0,61793700.0
sz002897,意华股份,31.8,0.25%,1.98%,55292200.0,46644500.0,8647700.0,102000000.0
sz000099,中信海直,8.03,0.25%,2.30%,62181899.99999999,70069600.0,7887700.0,134000000.00000001
sz002700,ST浩源,4.22,0.24%,0.37%,2380600.0,4354100.0,1973500.0,6734700.0
sh688631,莱斯信息,32.75,0.24%,7.31%,39124600.0,41639100.0,2514500.0,80763800.0
sz002973,侨银股份,12.73,0.24%,3.19%,36788500.0,47824200.0,11035700.0,84612700.0
sz002358,森源电气,4.1,0.24%,1.23%,20963900.0,26894500.0,5930599.999999999,47858500.0
sh600265,ST景谷,16.7,0.24%,0.19%,1549500.0,2602400.0,1052900.0,4152000.0
sh688210,统联精密,17.0,0.24%,0.82%,5904500.0,8775700.0,2871100.0,14680200.0
sh688215,瑞晟智能,33.74,0.24%,1.73%,7586700.0,9245500.0,1658800.0,16832200.0
sh688799,华纳药厂,37.74,0.24%,3.09%,29870700.0,37224900.0,7354200.0,67095500.0
sh603238,诺邦股份,12.5,0.24%,3.69%,38048800.0,45414700.0,7365900.0,83463400.0
sh603912,佳力图,8.53,0.24%,1.46%,26422600.000000004,27696900.0,1274300.0,54119600.0
sh603701,德宏股份,12.72,0.24%,1.61%,26185300.000000004,28336300.0,2151000.0,54521600.0
sh601688,华泰证券,16.89,0.24%,4.13%,2401000000.0,2897000000.0,496000000.0,5299000000.0
sh600702,舍得酒业,135.45,0.24%,2.30%,544000000.0,512000000.0,32069899.999999996,1056000000.0
sz300781,因赛集团,20.63,0.24%,2.28%,20966100.0,17827800.0,3138399.9999999995,38794000.0
sz300161,华中数控,41.0,0.24%,2.08%,63970300.0,81824300.0,17854000.0,147000000.0
sz002607,中公教育,4.24,0.24%,2.24%,219000000.0,234000000.0,15377300.0,453000000.0
sz001213,中铁特货,4.31,0.23%,5.91%,121000000.0,148000000.0,26589699.999999996,269000000.0
sz003025,思进智能,13.15,0.23%,1.24%,8408800.0,10379200.0,1970400.0,18788000.0
sh688425,铁建重工,4.35,0.23%,1.82%,43285000.0,76300800.0,33015800.0,120000000.0
sh688778,厦钨新能,39.3,0.23%,0.82%,21286800.0,23524899.999999996,2238100.0,44811600.0
sz300920,润阳科技,17.75,0.23%,3.00%,11707300.0,14863400.0,3156100.0,26570600.0
sh688084,晶品特装,66.79,0.23%,1.79%,8635200.0,13566400.000000002,4931200.0,22201700.0
sh603819,神力股份,13.05,0.23%,0.83%,11822700.0,12113400.0,290800.0,23936100.0
sh603776,永安行,13.32,0.23%,0.99%,14809700.0,16466000.0,1656300.0,31275800.0
sh603258,电魂网络,30.71,0.23%,1.84%,73508500.0,66892000.0,6616600.0,140000000.0
sh600115,中国东航,4.33,0.23%,0.51%,139000000.0,160000000.0,20942399.999999996,299000000.0
sz002828,贝肯能源,8.73,0.23%,5.08%,43296200.0,43661000.0,364799.99999999994,86957300.0
sz002636,金安国纪,8.58,0.23%,0.68%,19517800.0,23243000.0,3725100.0,43031100.0
sz002435,长江健康,4.4,0.23%,1.24%,33871900.0,32942300.0,929599.9999999999,66816899.99999999
sz301225,恒勃股份,32.09,0.22%,11.14%,34696600.0,52049500.0,17352800.0,86746200.00000001
sz301279,金道科技,23.21,0.22%,3.17%,9385300.0,12298400.0,2913100.0,21683700.0
sz300718,长盛轴承,17.86,0.22%,1.18%,17341100.0,23752500.0,6411400.0,41139399.99999999
sh605339,南侨食品,18.33,0.22%,2.04%,11226700.0,14527900.0,3301200.0,25754600.0
sh601177,杭齿前进,9.2,0.22%,1.27%,22562500.0,24967900.0,2405400.0,47530400.0
sh603777,来伊份,13.92,0.22%,1.26%,23581400.0,36015300.0,12433800.000000002,59596600.0
sh600681,百川能源,4.47,0.22%,0.88%,24855200.0,28776700.0,3921500.0,53631899.99999999
sz300243,瑞丰高材,9.08,0.22%,1.76%,14337100.0,16320600.0,1983500.0,30657700.0
sz300207,欣旺达,13.57,0.22%,1.20%,141000000.0,147000000.0,5993800.0,289000000.0
sz300008,天海防务,4.66,0.22%,4.22%,102000000.0,183000000.0,81096200.0,288000000.0
sz000691,亚太实业,4.77,0.21%,2.48%,20857900.0,17997700.0,2860200.0,38855600.0
sz300802,矩子科技,18.94,0.21%,1.23%,17449100.0,27604699.999999996,10155500.0,45053900.0
sz300935,盈建科,28.14,0.21%,4.79%,26192199.999999996,29056000.0,2863700.0,55248200.0
sh605111,新洁能,33.57,0.21%,2.60%,86515700.0,109000000.00000001,22309100.0,195000000.0
sh603617,君禾股份,9.58,0.21%,1.18%,20743200.0,24371400.0,3628200.0,45114600.0
sh600995,南网储能,9.75,0.21%,0.95%,53753100.00000001,51444799.99999999,2308300.0,105000000.0
sh600825,新华传媒,4.7,0.21%,2.93%,63229000.0,82233500.0,19004500.0,145000000.0
sz300131,英唐智控,4.71,0.21%,1.98%,41581100.0,56417299.99999999,14836199.999999998,98064500.0
sz002849,威星智能,14.32,0.21%,1.58%,21529200.0,22020200.0,490900.00000000006,43549399.99999999
sz002177,御银股份,4.88,0.21%,19.70%,310000000.0,459000000.0,149000000.0,770000000.0
sh600905,三峡能源,4.96,0.20%,0.85%,236000000.0,343000000.0,107000000.0,580000000.0
sz300970,华绿生物,20.3,0.20%,7.08%,50166300.0,50039700.0,126700.0,100000000.0
sh603291,联合水务,20.5,0.20%,46.92%,189000000.0,220000000.00000003,31740500.0,409000000.0
sh603683,晶华新材,10.08,0.20%,1.48%,16175100.0,16568500.0,393400.00000000006,32743500.0
sh603259,药明康德,79.22,0.20%,1.25%,1353000000.0,1221000000.0,132000000.0,2574000000.0
sh603228,景旺电子,20.04,0.20%,1.09%,99039100.0,86944900.0,12094200.0,186000000.0
sh601200,上海环境,9.96,0.20%,1.49%,79435400.0,89834400.0,10399000.0,169000000.0
sz300620,光库科技,40.97,0.20%,4.17%,188000000.0,235000000.0,46422900.0,423000000.00000006
sz300447,全信股份,14.9,0.20%,2.33%,33337000.0,38337200.0,5000200.0,71675700.0
sz002931,锋龙股份,10.27,0.20%,1.12%,9651000.0,11518200.0,1867200.0,21169200.0
sz002714,牧原股份,40.87,0.20%,0.63%,474000000.0,482000000.0,7907500.0,956000000.0
sh688193,仁度生物,43.24,0.19%,0.69%,4714100.0,4387300.0,326900.0,9101400.0
sz301161,唯万密封,20.6,0.19%,7.07%,15450400.0,26455200.0,11004800.0,41907700.00000001
sz301277,新天地,20.97,0.19%,16.57%,83224400.0,94252400.0,11028100.0,177000000.0
sh603960,克来机电,15.53,0.19%,1.27%,25730300.000000004,27260400.0,1530100.0,52990600.00000001
sh601949,中国出版,10.82,0.19%,4.02%,376000000.0,422000000.0,45793700.0,798000000.0
sz300777,中简科技,37.76,0.19%,1.10%,71313400.0,101000000.0,29986800.0,173000000.0
sz300473,德尔股份,15.74,0.19%,2.16%,24574699.999999996,27459400.0,2884700.0000000005,52034100.0
sz002793,罗欣药业,5.22,0.19%,0.79%,21386900.0,23500600.0,2113600.0,45081200.0
sz002017,东信和平,10.45,0.19%,1.90%,59524200.0,58657600.0,866700.0,118000000.0
sz000665,湖北广电,5.32,0.19%,1.11%,27188100.0,40610900.0,13422800.0,67798900.0
sz000510,新金路,5.14,0.19%,1.11%,12541600.0,20142700.0,7601100.0,33067700.0
sz301387,光大同创,43.99,0.18%,5.05%,14651600.0,23561000.0,8909500.0,38212600.0
sz301358,湖南裕能,39.66,0.18%,3.14%,70596300.0,98999700.0,28403400.0,170000000.0
sh688592,司南导航,55.1,0.18%,26.37%,89461299.99999999,104000000.0,14221099.999999998,193000000.0
sz301000,肇民科技,16.36,0.18%,1.72%,8575800.0,11310800.0,2734900.0,19886600.0
sz300793,佳禾智能,16.78,0.18%,1.85%,48105800.0,56198500.0,8092700.0,104000000.0
sh688033,天宜上佳,16.4,0.18%,0.79%,34388600.0,41404100.0,7015500.0,75792900.0
sh600738,丽尚国潮,5.64,0.18%,2.05%,49643700.0,38764000.0,10879700.0,88407800.0
sh600236,桂冠电力,5.48,0.18%,0.15%,24441200.0,39513500.0,15072300.0,63954700.0
sz300787,海能实业,16.29,0.18%,1.13%,13458599.999999998,13570300.0,111700.0,27029000.0
sz300379,东方通,17.05,0.18%,1.87%,63766899.99999999,79214700.0,15447800.0,143000000.0
sz002808,ST恒久,5.45,0.18%,3.29%,14213400.0,19753500.0,5540100.0,33966900.0
sz002354,天娱数科,5.62,0.18%,3.20%,122000000.0,175000000.0,52650900.0,297000000.0
sz002304,洋河股份,135.58,0.18%,0.46%,450000000.0,499000000.0,49588600.0,949000000.0
sz001231,农心科技,22.05,0.18%,12.31%,37508100.0,59572700.00000001,22064600.0,97080900.0
sz000514,渝开发,5.79,0.17%,16.65%,405999999.99999994,438999999.99999994,33295100.000000004,851000000.0
sh688237,超卓航科,42.48,0.17%,1.38%,7619200.0,10497700.0,2878399.9999999995,18116900.0
sz002227,奥特迅,12.02,0.17%,0.83%,11363400.0,13910600.0,2547100.0,25274000.0
sz300919,中伟股份,54.37,0.17%,1.07%,81867800.0,91136200.00000001,9268400.0,173000000.0
sz300554,三超新材,17.3,0.17%,3.84%,24054800.0,28076500.0,4021700.0,52133100.00000001
sz300084,海默科技,6.07,0.17%,1.84%,17583400.0,19558800.0,1975500.0,37437900.0
sz002346,柘中股份,11.98,0.17%,0.82%,14591199.999999998,23513100.0,8922000.0,38104300.0
sz002427,尤夫股份,6.13,0.16%,0.53%,14204900.0,17904900.0,3699900.0,32109800.0
sz301321,翰博高新,12.22,0.16%,2.14%,12826199.999999998,12250900.0,575300.0,25080800.0
sz002196,方正电机,6.23,0.16%,3.23%,45740000.0,53275900.0,7535900.0,99015900.0
sz300811,铂科新材,42.88,0.16%,2.35%,78693100.0,83524700.0,4831600.0,162000000.0
sh600858,银座股份,6.13,0.16%,1.45%,19933600.0,26682700.0,6749100.0,46616400.0
sh600456,宝钛股份,31.47,0.16%,5.12%,365000000.0,422000000.0,57402900.0,787000000.0
sh600360,华微电子,6.32,0.16%,0.91%,25633600.0,30867000.0,5233500.0,56500600.00000001
sz300647,超频三,6.21,0.16%,2.05%,24726800.0,33315300.000000004,8588600.0,58042000.0
sz000158,常山北明,6.39,0.16%,2.27%,102000000.0,133000000.0,30552700.0,236000000.0
sh688513,苑东生物,47.29,0.15%,1.00%,9101100.0,19453100.0,10352000.0,28554300.0
sh600784,鲁银投资,6.56,0.15%,2.94%,54497400.0,57887100.0,3389700.0000000005,112000000.00000001
sh600177,雅戈尔,6.9,0.15%,0.40%,58988600.0,72772000.0,13783500.0,132000000.0
sz300365,恒华科技,6.5,0.15%,2.78%,34896900.0,49502900.0,14606000.0,84399800.0
sz300120,经纬辉开,6.77,0.15%,1.99%,26993700.0,28763200.0,1769500.0,55756899.99999999
sz300039,上海凯宝,6.61,0.15%,2.68%,63331000.0,103000000.0,39718800.0,166000000.0
sz002567,唐人神,6.53,0.15%,2.55%,98031500.0,131000000.0,32754899.999999996,229999999.99999997
sz000661,长春高新,137.21,0.15%,1.54%,399000000.0,467000000.0,68224500.0,866000000.0
sz001229,魅视科技,27.74,0.14%,3.54%,13626800.0,16186900.0,2560000.0,29813600.0
sz002376,新北洋,7.17,0.14%,1.54%,27450800.0,41686500.0,14235700.0,69563100.0
sh603893,瑞芯微,63.29,0.14%,0.65%,73328200.0,99387600.0,26059400.0,173000000.0
sz300692,中环环保,7.14,0.14%,5.54%,70587200.0,79493900.0,8906700.0,150000000.0
sz002876,三利谱,28.81,0.14%,2.15%,40172500.0,54754100.0,14581600.0,94926600.0
sz300467,迅游科技,14.52,0.14%,3.92%,40770700.0,54121899.99999999,13351300.000000002,94894100.0
sz300343,联创股份,7.25,0.14%,2.46%,93576400.0,103000000.0,9000800.0,196000000.0
sz002200,ST交投,7.74,0.13%,0.75%,5107200.0,5809900.0,702700.0,10917100.0
sz000985,大庆华科,15.2,0.13%,1.07%,11829000.0,9479600.0,2349300.0,21308600.0
sz001206,依依股份,15.32,0.13%,4.78%,31523400.0,35133500.0,3610200.0,66656899.99999999
sz300933,中辰股份,7.59,0.13%,1.81%,14028300.0,18829100.0,4800800.0,32857300.0
sz300855,图南股份,31.77,0.13%,1.00%,41395200.00000001,51065100.0,9669900.0,92460200.0
sh600893,航发动力,37.8,0.13%,0.56%,283000000.0,250000000.0,32686800.0,532000000.0
sh600706,曲江文旅,14.97,0.13%,4.09%,70871800.0,87700700.0,16828900.0,159000000.0
sh600682,南京新百,7.84,0.13%,0.83%,33372199.999999996,43850200.00000001,10478000.0,77222300.0
sh600455,博通股份,22.37,0.13%,3.32%,19936500.0,27080100.000000004,7143600.0,47016500.0
sz300504,天邑股份,16.01,0.13%,1.46%,22863600.0,28718200.0,5854600.0,51581899.99999999
sz300261,雅本化学,7.97,0.13%,1.06%,32360300.000000004,48687800.0,16327400.0,81048100.0
sz002460,赣锋锂业,46.99,0.13%,1.63%,457000000.0,479000000.0,22081800.0,948000000.0
sz002300,太阳电缆,7.95,0.13%,1.30%,37819200.0,37271900.0,547300.0,75091100.0
sz001339,智微智能,24.14,0.12%,3.59%,31433900.0,31540500.0,106600.0,62974300.0
sz301101,明月镜片,34.19,0.12%,2.03%,22515800.0,28047000.0,5531200.0,50562700.00000001
sz003040,楚天龙,16.43,0.12%,2.27%,38463600.0,44319700.0,5856200.0,82783200.0
sh603759,海天股份,8.7,0.12%,2.86%,24273000.0,25052600.000000004,779500.0,49325600.00000001
sh600299,安迪苏,8.05,0.12%,0.12%,11684300.0,13663000.0,1978700.0,25347300.0
sh600199,金种子酒,24.68,0.12%,2.10%,138000000.0,208000000.0,70000500.0,346000000.0
sz300136,信维通信,16.33,0.12%,1.10%,74823100.0,76837100.0,2014000.0,152000000.0
sz000050,深天马A,8.19,0.12%,0.57%,46814700.0,66234700.0,19420000.0,113999999.99999999
sh688161,威高骨科,36.97,0.11%,1.57%,17510900.0,28221000.0,10710200.0,45731899.99999999
sz301232,飞沃科技,54.28,0.11%,10.72%,36769900.0,39886700.0,3116700.0,76656600.0
sz300225,金力泰,8.88,0.11%,2.51%,36392200.0,70432300.0,34040100.0,107000000.0
sz300179,四方达,8.8,0.11%,1.59%,21126800.0,32617800.000000004,11490900.0,53744600.0
sz300821,东岳硅材,9.35,0.11%,0.44%,19222500.0,31428800.0,12206300.000000002,50651400.0
sz000501,武商集团,9.22,0.11%,1.26%,36935700.0,53445200.00000001,16509600.0,91196800.0
sh603733,仙鹤股份,18.26,0.11%,0.54%,36590000.0,34587500.0,2002600.0,71177600.0
sh603663,三祥新材,9.41,0.11%,1.17%,24626200.0,22840400.0,1785800.0000000002,47466500.0
sh601186,中国铁建,8.85,0.11%,1.07%,446000000.0,670000000.0,224000000.00000003,1116000000.0
sh600718,东软集团,9.43,0.11%,1.46%,84599900.0,87002200.0,2402200.0,172000000.0
sz300293,蓝英装备,9.37,0.11%,1.13%,11888500.0,18598600.0,6710200.0,30487100.0
sz300199,翰宇药业,8.78,0.11%,4.01%,105000000.0,135000000.0,30071400.0,241000000.0
sz002916,深南电路,62.9,0.11%,0.66%,103000000.0,112999999.99999999,10925800.0,216000000.0
sz002201,正威新材,8.74,0.11%,0.82%,20776200.0,26899000.0,6122800.0,47675300.0
sz002156,通富微电,18.32,0.11%,1.99%,258000000.0,305000000.0,46365500.0,564000000.0
sz002058,威尔泰,10.42,0.10%,1.35%,9564100.0,10978100.0,1414000.0,20542300.0
sh688428,诺诚健华,10.26,0.10%,1.81%,21157000.0,25066800.0,3909900.0,46223900.0
sh688511,天微电子,28.63,0.10%,1.08%,5963400.0,7119500.0,1156100.0,13083000.0
sh688403,汇成股份,9.62,0.10%,1.92%,33613200.0,48013900.0,14400700.0,81627000.0
sz300065,海兰信,9.95,0.10%,3.16%,101000000.0,79855600.0,21103200.0,212000000.0
sh688330,宏力达,29.73,0.10%,1.66%,15527700.0,25334200.0,9806500.0,40861900.0
sz300888,稳健医疗,39.71,0.10%,0.65%,24127800.000000004,25562500.0,1434700.0,49690300.0
sh603360,百傲化学,10.11,0.10%,0.54%,10743100.0,8962200.0,1781000.0,19705300.0
sh603199,九华旅游,29.58,0.10%,2.60%,39533000.0,47115000.0,7582000.0,86648000.0
sz300636,同和药业,10.53,0.10%,1.09%,14354200.0,19753700.0,5399600.0,34107900.0
sz300631,久吾高科,30.42,0.10%,2.54%,44611400.0,49636100.0,5024700.0,94247500.0
sz300294,博雅生物,29.29,0.10%,1.27%,71285000.0,89852600.0,18567600.0,161000000.0
sz300181,佐力药业,9.81,0.10%,2.64%,64262400.0,94461900.0,30199500.0,160000000.0
sz300926,博俊科技,22.5,0.09%,9.01%,59741600.0,83469800.0,23728300.0,143000000.0
sh603112,华翔股份,10.91,0.09%,1.01%,8851000.0,8825000.0,25900.0,17676000.0
sh601579,会稽山,11.37,0.09%,1.37%,35227100.0,40938300.0,5711200.0,76165300.0
sh600962,国投中鲁,11.13,0.09%,1.20%,16279000.0,19172700.0,2893700.0,35451600.0
sz002709,天赐材料,32.53,0.09%,0.94%,210000000.0,223000000.0,13815700.0,433000000.0
sz000301,东方盛虹,11.36,0.09%,0.41%,124000000.0,133000000.0,8879800.0,260000000.0
sz001266,宏英智能,24.33,0.08%,5.24%,20728500.0,18012700.0,2715800.0,38741300.0
sh688496,清越科技,13.07,0.08%,3.89%,19374300.0,24020000.0,4645700.0,43394200.0
sz300092,科新机电,13.0,0.08%,1.91%,19081700.0,23410000.0,4328300.0,42491600.0
sz003036,泰坦股份,12.71,0.08%,10.21%,36133200.0,38326000.0,2192800.0,74529000.0
sh688232,新点软件,39.71,0.08%,1.14%,22654899.999999996,22573400.0,81500.0,45228400.0
sz301199,迈赫股份,23.61,0.08%,4.24%,22618500.0,25044000.0,2425500.0,47686200.0
sz002186,全聚德,12.15,0.08%,2.10%,38340700.0,41893100.00000001,3552400.0,80233700.0
sh688131,皓元医药,47.84,0.08%,2.19%,44401500.0,48069100.0,3667600.0,92470600.0
sh603707,健友股份,12.72,0.08%,0.28%,23732100.0,34182500.0,10450400.0,57914600.0
sh603681,永冠新材,12.6,0.08%,2.47%,29837700.0,30723000.0,885300.0,60560700.0
sz300645,正元智慧,25.89,0.08%,1.67%,30538300.0,31802100.0,1263800.0,62345700.0
sz002780,三夫户外,12.24,0.08%,2.13%,16975600.0,17817700.0,842099.9999999999,34793300.0
sz000567,海德股份,11.8,0.08%,0.74%,53338000.0,66663300.0,13325400.0,121000000.0
sz301246,宏源药业,29.69,0.07%,4.07%,23538400.0,31308700.0,7770300.0,54847000.0
sz001338,永顺泰,15.19,0.07%,3.45%,33884900.0,33357500.0,527400.0,67242400.0
sz002336,人人乐,14.6,0.07%,2.31%,60771899.99999999,67672200.0,6900400.0,128000000.0
sz301181,标榜股份,29.22,0.07%,7.63%,31916400.0,56452299.99999999,24535900.0,88368700.00000001
sz301296,新巨丰,14.4,0.07%,2.00%,9054900.0,9500900.0,446000.0,18555800.0
sz002946,新乳业,13.58,0.07%,0.38%,20174600.0,23388500.0,3213800.0,43890500.0
sh605183,确成股份,15.13,0.07%,1.43%,13585400.0,16558300.0,2972900.0,30143800.0
sh600989,宝丰能源,13.57,0.07%,0.41%,177000000.0,237000000.0,60124700.0,415000000.00000006
sz002232,启明信息,14.05,0.07%,1.66%,38433600.0,59012500.0,20578900.0,97446200.00000001
sz301111,粤万年青,17.91,0.06%,2.88%,14903100.0,22267199.999999996,7364100.0,37170300.0
sz001316,润贝航科,34.2,0.06%,2.89%,12323500.0,16166600.0,3843100.0,28562000.0
sh688789,宏华数科,87.0,0.06%,1.14%,31274200.0,40137500.0,8863300.0,71411700.0
sh688179,阿拉丁,18.09,0.06%,2.73%,22367600.000000004,30281700.0,7914200.0,52649300.0
sz300628,亿联网络,35.62,0.06%,0.50%,66743000.0,65989399.99999999,753500.0,133000000.0
sz002223,鱼跃医疗,33.52,0.06%,0.95%,129000000.0,175000000.0,45896600.0,304000000.0
sz301002,崧盛股份,18.26,0.05%,2.28%,12870600.0,12081400.000000002,789200.0,24951900.0
sz301123,奕东电子,21.81,0.05%,3.45%,31404000.0,28178700.0,3225200.0,59582800.0
sh605016,百龙创园,21.5,0.05%,1.27%,13121500.0,21546200.0,8424600.0,34667700.0
sh688798,艾为电子,60.87,0.05%,0.72%,21197100.0,23474500.0,2277400.0,44671500.0
sz002857,三晖电气,18.41,0.05%,0.95%,9599300.0,12869500.0,3270200.0,22669500.0
sz300682,朗新科技,18.91,0.05%,0.77%,76482000.0,81418200.0,4936100.0,158000000.0
sz300031,宝通科技,19.01,0.05%,4.42%,130000000.0,167000000.0,36896100.0,297000000.0
sz002362,汉王科技,21.27,0.05%,4.03%,85298200.0,96413300.0,11115100.0,182000000.0
sh688409,富创精密,78.3,0.04%,2.42%,38038600.0,52872000.0,14833500.0,90910600.0
sh688439,振华风光,92.07,0.04%,1.03%,51053200.0,40167400.0,10885900.0,91220600.0
sz301209,联合化学,23.61,0.04%,8.10%,20794400.0,26366600.0,5572200.0,47160900.0
sh688132,邦彦技术,22.42,0.04%,2.89%,10060300.0,13073000.0,3012700.0,23133300.0
sh688006,杭可科技,24.97,0.04%,0.56%,39218700.0,46624000.0,7405300.0,85842600.0
sh600129,太极集团,44.66,0.04%,2.04%,259000000.0,250000000.0,8983000.0,509000000.0
sz002831,裕同科技,22.69,0.04%,0.38%,20923100.0,24655000.0,3731900.0,45600700.0
sz301511,德福科技,30.91,0.03%,26.44%,241000000.0,250000000.0,9204500.0,492000000.0
sz002913,奥士康,28.96,0.03%,1.24%,51544600.0,46002000.0,5542600.0,97546600.0
sh688433,华曙高科,28.79,0.03%,3.50%,16391900.0,19897000.0,3505200.0,36288900.0
sh688320,禾川科技,33.06,0.03%,1.88%,25129500.0,29105600.0,3976100.0,54235100.0
sh605108,同庆楼,32.88,0.03%,0.60%,26436200.0,25941000.0,495200.00000000006,52377100.0
sz003043,华亚智能,45.1,0.02%,3.22%,16760800.0,25393200.0,8632400.0,42889200.0
sz000538,云南白药,52.96,0.02%,0.68%,329000000.0,312000000.0,17599600.0,647000000.0
sh688012,中微公司,130.56,0.01%,1.42%,581000000.0,612000000.0,30908400.0,1192000000.0
sz000023,ST深天,6.12,0.00%,1.02%,4132900.0,4714800.0,581900.0,8880100.0
sh600289,ST信通,2.42,0.00%,0.49%,1877900.0,4951700.0,3073800.0,6829600.0
sz000037,深南电A,9.21,0.00%,3.07%,48567800.0,48445700.0,122100.00000000001,97707900.00000001
sz001333,光华股份,22.69,0.00%,7.50%,22330400.0,33081000.0,10750600.0,55411400.0
sz002005,ST德豪,1.33,0.00%,0.38%,3019900.0,5981300.0,2961400.0,9001200.0
sh600671,*ST目药,9.2,0.00%,1.34%,5894700.0,8812900.0,2918200.0,14707600.0
sz002287,奇正藏药,22.66,0.00%,0.38%,18360200.0,27427000.0,9066800.0,45787200.0
sz000839,ST国安,2.27,0.00%,0.31%,9938800.0,18056800.0,8118000.0,27995700.0
sz000809,铁岭新城,3.74,0.00%,1.24%,17302300.0,21766300.0,4464000.0,39068700.0
sh688429,时创能源,25.94,0.00%,17.00%,64424200.0,70229900.0,5805700.000000001,135000000.0
sh688523,航天环宇,22.45,0.00%,7.31%,22674300.0,34767200.0,12092900.0,57441500.0
sz300024,机器人,11.95,0.00%,2.43%,195000000.0,259000000.0,63719500.0,454000000.0
sz002021,*ST中捷,2.08,0.00%,1.03%,5453700.0,9372700.0,3919000.0,14826400.000000002
sz301132,满坤科技,25.64,0.00%,9.99%,49721800.0,64447700.00000001,14725900.0,113999999.99999999
sz002981,朝阳科技,23.35,0.00%,0.82%,9037600.0,9779600.0,742000.0,18964300.0
sz002575,群兴玩具,5.38,0.00%,0.96%,14757300.0,16350700.0,1593400.0,31108100.0
sh688069,德林海,20.84,0.00%,0.80%,6846799.999999999,7123200.000000001,276400.0,13970100.0
sz002306,中科云网,3.76,0.00%,0.75%,9848900.0,13713400.0,3864500.0,23562199.999999996
sz301268,铭利达,28.8,0.00%,1.33%,32425700.0,34267000.0,1841300.0,66695800.0
sz301096,百诚医药,59.0,0.00%,3.29%,60754799.99999999,77068500.0,16313800.000000002,138000000.0
sz001336,楚环科技,25.8,0.00%,3.98%,13712800.0,15830800.0,2118100.0,29543600.0
sz301079,邵阳液压,16.32,0.00%,4.13%,16411700.0,23386700.0,6975000.0,39798400.0
sh603230,内蒙新华,12.14,0.00%,5.60%,22394699.999999996,39356800.0,16962000.0,61751500.0
sz301060,兰卫医学,14.0,0.00%,2.26%,24891000.0,33313800.0,8422800.0,58204799.99999999
sz301062,上海艾录,9.34,0.00%,1.15%,14293699.999999998,12033500.0,2260300.0,26327199.999999996
sh600462,ST九有,2.11,0.00%,1.36%,6696300.0,10374000.0,3677700.0,17070400.0
sz002867,周大生,15.69,0.00%,1.22%,75607500.0,131000000.0,55686100.0,206999999.99999997
sz300029,ST天龙,6.74,0.00%,0.69%,3657799.9999999995,5845500.0,2187700.0,9503300.0
sh688630,芯碁微装,63.51,0.00%,2.52%,40057100.0,74390700.0,34333600.0,113999999.99999999
sh688579,山大地纬,13.18,0.00%,4.58%,102000000.0,145000000.0,42223100.00000001,247000000.00000003
sh600526,菲达环保,5.21,0.00%,4.16%,82135600.0,73294300.0,8841300.0,155000000.0
sz002987,京北方,19.06,0.00%,1.61%,69892600.0,65778100.00000001,4114400.0,136000000.0
sz002548,金新农,6.43,0.00%,3.00%,52820900.0,78072300.0,25251400.0,131000000.0
sh603109,神驰机电,15.36,0.00%,1.69%,26962100.0,27346100.0,384000.0,54308200.0
sh603439,贵州三力,15.1,0.00%,0.98%,30830600.0,30623600.0,207000.0,61454100.0
sh603028,赛福天,11.05,0.00%,1.10%,16342300.0,18632100.0,2289900.0,34974500.0
sh603007,ST花王,4.43,0.00%,0.66%,4581200.0,5626700.0,1045600.0,10207900.0
sh603977,国泰集团,8.28,0.00%,1.17%,28295900.0,32757000.0,4461200.0,61053000.0
sh603790,雅运股份,12.8,0.00%,0.73%,8631300.0,9712900.0,1081600.0,18344100.0
sh603778,乾景园林,5.63,0.00%,4.61%,79544000.0,89707800.0,10163700.0,169000000.0
sh603697,有友食品,8.65,0.00%,0.66%,11318500.0,13464800.0,2146300.0,24783200.0
sh603607,京华激光,14.41,0.00%,2.42%,25459300.0,37396700.0,11937400.0,62856000.0
sh603588,高能环境,9.82,0.00%,0.94%,64516500.0,77346900.0,12830500.0,142000000.0
sh603557,ST起步,2.4,0.00%,0.95%,4291800.0,7131200.0,2839300.0,11423000.0
sh603555,ST贵人,1.7,0.00%,2.19%,21037500.0,38533000.0,17495400.0,59570500.0
sh603356,华菱精工,12.15,0.00%,1.09%,8775600.0,9252700.0,477100.0,18028300.0
sh603316,诚邦股份,6.74,0.00%,1.87%,16634600.0,17242400.0,607800.0,33877000.0
sh603117,ST万林,3.38,0.00%,0.13%,1306900.0,1473600.0000000002,166700.00000000003,2780600.0
sh603077,和邦生物,2.43,0.00%,0.81%,67401500.0,109000000.00000001,41397299.99999999,176000000.0
sh603003,龙宇股份,8.45,0.00%,1.67%,27227500.0,31085200.0,3857600.0,58312600.0
sh601952,苏垦农发,12.07,0.00%,0.76%,61126600.0,67691900.0,6565300.0,129000000.0
sh601890,亚星锚链,9.62,0.00%,2.17%,82729200.0,121000000.0,38665600.0,204000000.0
sh601339,百隆东方,5.52,0.00%,0.27%,10410800.0,11878699.999999998,1468000.0,22289500.0
sh601158,重庆水务,5.66,0.00%,0.30%,35110500.0,46316600.0,11206199.999999998,81427100.0
sh601111,中国国航,8.45,0.00%,0.67%,263000000.0,369000000.0,107000000.0,632000000.0
sh601006,大秦铁路,7.31,0.00%,0.52%,266000000.0,308000000.0,41629300.0,574000000.0
sh600965,福成股份,6.7,0.00%,1.22%,29094800.0,38527000.0,9432300.0,67621700.0
sh600827,百联股份,12.33,0.00%,0.76%,66007200.0,88509100.0,22501900.0,155000000.0
sh603948,建业股份,23.25,0.00%,0.87%,14560200.0,18555000.0,3994800.0,33115100.000000004
sh600707,彩虹股份,5.77,0.00%,0.56%,55655000.0,62487700.00000001,6832700.0,118000000.0
sh600562,国睿科技,14.74,0.00%,0.44%,32173800.0,48648100.00000001,16474300.0,80821900.0
sh600525,长园集团,4.72,0.00%,1.18%,31758500.0,42483700.0,10725200.0,74242300.0
sh600506,统一股份,10.09,0.00%,1.53%,12524800.0,10809400.0,1715400.0,23334200.0
sh600491,龙元建设,4.53,0.00%,1.17%,35899000.0,47038600.0,11139600.0,82937700.0
sh600518,ST康美,1.87,0.00%,0.47%,40992299.99999999,79852900.0,38860600.0,121000000.0
sh603586,金麒麟,13.86,0.00%,1.35%,16512000.0,20899699.999999996,4387700.0,37411700.0
sh600387,ST海越,5.26,0.00%,0.95%,8542400.0,12013200.0,3470800.0,20555600.0
sh600323,瀚蓝环境,18.97,0.00%,1.23%,87626299.99999999,104000000.0,16460700.0,192000000.0
sh600221,海航控股,1.54,0.00%,0.35%,85706700.0,94201299.99999999,8494600.0,180000000.0
sh600197,伊力特,23.11,0.00%,2.42%,110000000.00000001,158000000.0,47895000.0,269000000.0
sh600141,兴发集团,21.26,0.00%,0.90%,105000000.0,111000000.00000001,6098000.0,216000000.0
sh600038,中直股份,37.19,0.00%,0.80%,71942100.0,107000000.0,35277900.0,179000000.0
sh600021,上海电力,9.2,0.00%,1.44%,145000000.0,206999999.99999997,62570400.0,352000000.0
sz300780,德恩精工,14.26,0.00%,5.68%,35201800.0,36647600.0,1445800.0000000002,71849400.0
sz300684,中石科技,17.12,0.00%,3.26%,52601400.0,51705100.0,896300.0,104000000.0
sz300680,隆盛科技,17.72,0.00%,2.74%,40484900.0,45502000.0,5017200.0,85986900.0
sz300600,国瑞科技,9.95,0.00%,2.69%,28800800.0,39221000.0,10420200.0,68021700.0
sz300493,润欣科技,7.53,0.00%,1.88%,34649500.0,38330300.0,3680700.0,72980600.0
sz300484,蓝海华腾,11.2,0.00%,2.79%,24833800.0,26764400.0,1930500.0,51598200.0
sz300472,新元科技,8.32,0.00%,1.99%,21098600.0,21728500.0,629900.0,42828700.0
sz300424,航新科技,12.4,0.00%,1.48%,17849900.0,27200100.000000004,9350200.0,45050000.0
sz300403,汉宇集团,7.26,0.00%,5.50%,71797400.0,88544200.0,16746900.0,160000000.0
sz300401,花园生物,11.18,0.00%,1.00%,26936500.0,34825100.0,7888700.0,61761700.0
sz300390,天华新能,26.76,0.00%,2.28%,167000000.0,217000000.0,50567299.99999999,384000000.0
sz300301,*ST长方,1.59,0.00%,0.99%,5462100.0,7199800.0,1737700.0,12662000.0
sz300271,华宇软件,8.44,0.00%,2.07%,66805500.0,77364200.0,10558699.999999998,144000000.0
sz300101,振芯科技,20.1,0.00%,1.98%,112000000.00000001,112999999.99999999,586400.0,229000000.0
sz300079,数码视讯,5.12,0.00%,2.13%,60567700.00000001,81711700.0,21144000.0,143000000.0
sz300035,中科电气,10.08,0.00%,2.42%,73215500.0,86533300.0,13317800.0,160000000.0
sz002951,ST金时,7.03,0.00%,0.39%,3801400.0,7212100.0,3410700.0,11013500.0
sz002943,宇晶股份,28.2,0.00%,2.86%,29686200.0,45830200.00000001,16143900.000000002,75516400.0
sz002917,金奥博,9.58,0.00%,3.03%,37550500.0,40476200.0,2925700.0,78030500.0
sz002862,实丰文化,16.87,0.00%,1.62%,13094800.0,11432300.0,1662500.0,25053500.0
sz002795,永和智控,7.45,0.00%,1.12%,14986000.0,16016500.0,1030500.0,31002500.0
sz002451,摩恩电气,6.29,0.00%,7.40%,96229700.0,112000000.00000001,15572800.0,208000000.0
sz002414,高德红外,7.23,0.00%,0.52%,58624900.0,72639700.0,14014700.0,131000000.0
sz002353,杰瑞股份,29.0,0.00%,2.08%,222000000.00000003,197000000.0,24654800.0,419000000.00000006
sz002292,奥飞娱乐,8.56,0.00%,6.41%,229000000.0,312000000.0,82615700.0,545000000.0
sz002240,盛新锂能,22.96,0.00%,1.95%,174000000.0,216000000.0,41996899.99999999,390000000.0
sz002190,成飞集成,19.45,0.00%,1.07%,32047800.000000004,44262299.99999999,12214500.0,76310100.0
sz002183,怡亚通,4.63,0.00%,1.24%,69669800.0,82766299.99999999,13096500.0,152000000.0
sz002176,江特电机,8.89,0.00%,2.53%,175000000.0,218000000.00000003,42838600.0,394000000.0
sz002046,国机精工,10.27,0.00%,1.51%,37811400.0,45137800.0,7326400.0,82955500.0
sz002024,ST易购,1.94,0.00%,0.30%,11769500.0,34268800.0,22499300.0,46038200.0
sz000996,*ST中期,3.95,0.00%,1.66%,7270100.0,15999600.0,8729500.0,23269699.999999996
sz000909,ST数源,5.72,0.00%,2.01%,17902300.0,27366100.0,9463800.0,45268500.0
sz000905,厦门港务,7.39,0.00%,2.23%,52480900.0,72480200.0,19999300.0,125000000.0
sz000875,吉电股份,4.91,0.00%,1.07%,50267200.0,81172200.0,30905000.0,131000000.0
sz000848,承德露露,8.43,0.00%,1.11%,42422299.99999999,57728700.0,15306300.000000002,100000000.0
sz000690,宝新能源,5.95,0.00%,1.32%,86616700.0,88833000.0,2216300.0,175000000.0
sz000543,皖能电力,6.36,0.00%,1.06%,75629600.0,77425500.0,1795900.0,155000000.0
sz000422,湖北宜化,11.12,0.00%,1.30%,68650800.0,63267299.99999999,5383500.0,133000000.0
sh603396,金辰股份,49.95,-0.02%,1.70%,42505500.0,57652299.99999999,15146800.0,100000000.0
sz301363,美好医疗,33.24,-0.03%,7.65%,39420200.0,63696300.0,24276200.0,103000000.0
sz301330,熵基科技,29.67,-0.03%,3.70%,31973900.0,40529800.0,8555900.0,72503700.0
sh688255,凯尔达,25.62,-0.04%,1.74%,14205000.0,17053400.0,2848399.9999999995,31258500.0
sh603855,华荣股份,22.73,-0.04%,0.50%,18141000.0,20803900.0,2662900.0,38944900.0
sz300346,南大光电,27.02,-0.04%,1.61%,103000000.0,129000000.0,26715400.0,231999999.99999997
sz301297,富乐德,19.26,-0.05%,5.78%,37095500.0,47671000.0,10575500.0,84766600.0
sz301377,鼎泰高科,18.74,-0.05%,4.85%,19700300.0,27471400.0,7771200.0,47171700.0
sh688372,伟测科技,93.39,-0.05%,1.92%,23767600.000000004,20614500.0,3153000.0,44382100.0
sh688697,纽威数控,20.48,-0.05%,2.69%,16526700.0,27213800.0,10687100.0,43740500.0
sz300848,美瑞新材,19.71,-0.05%,1.06%,15119800.0,23341200.0,8221400.0,38461000.0
sz300740,水羊股份,18.8,-0.05%,3.98%,128000000.0,142000000.0,13712500.0,270000000.0
sz300838,浙江力诺,16.14,-0.06%,2.36%,16532000.0,22783700.0,6251700.0,39315700.0
sh688136,科兴制药,16.24,-0.06%,1.26%,7134299.999999999,6992000.0,142300.0,14126300.000000002
sh688678,福立旺,17.36,-0.06%,1.88%,15148200.0,14935100.0,213100.0,30083300.0
sh688135,利扬芯片,18.08,-0.06%,1.18%,11637900.0,16610100.0,4972200.0,28247900.0
sh603876,鼎胜新材,16.12,-0.06%,0.52%,34167200.0,41440400.0,7273200.000000001,75607600.0
sz300717,华信新材,16.03,-0.06%,1.33%,11468300.0,10856300.000000002,612100.0,22324600.0
sz300713,英可瑞,16.73,-0.06%,5.11%,39448000.0,35896600.0,3551400.0,75344500.0
sz002705,新宝股份,16.41,-0.06%,0.50%,33227700.0,34518200.0,1290500.0,67745800.0
sz001283,豪鹏科技,44.62,-0.07%,2.11%,6918700.0,12334200.0,5415500.0,19252900.0
sh688366,昊海生科,98.31,-0.07%,1.02%,60449100.0,81254700.0,20805700.0,142000000.0
sh688205,德科立,50.55,-0.08%,2.30%,23165200.0,32636500.0,9471300.0,55801700.0
sh688113,联测科技,37.9,-0.08%,0.72%,5616799.999999999,3977300.0,1639600.0,9594100.0
sz300997,欢乐家,12.81,-0.08%,3.66%,19335300.0,23909500.0,4574200.0,43244799.99999999
sh688299,长阳科技,13.24,-0.08%,1.33%,18642200.0,26655700.0,8013500.0,45297900.0
sh603727,博迈科,12.41,-0.08%,1.32%,23061700.0,23914400.0,852800.0,46976100.0
sh603456,九洲药业,25.3,-0.08%,1.26%,132000000.0,157000000.0,24844300.0,288000000.0
sz300490,华自科技,12.83,-0.08%,1.75%,30766800.0,43502600.0,12735700.0,74269400.0
sz002529,海源复材,11.87,-0.08%,1.87%,30455400.0,28674200.0,1781200.0,59611500.0
sz000504,南华生物,10.61,-0.09%,0.57%,9046700.0,9731800.0,685200.0,19003400.0
sh688552,航天南湖,21.68,-0.09%,4.53%,28806400.0,48255100.0,19448700.0,77061500.0
sz301306,西测测试,33.95,-0.09%,2.25%,13165800.0,15187700.0,2021900.0,28353500.0
sh603387,基蛋生物,11.49,-0.09%,0.69%,18652500.0,22248500.0,3596000.0,40901000.0
sh601116,三江购物,11.75,-0.09%,1.64%,47306000.0,60763100.00000001,13457100.0,108000000.0
sz300514,友讯达,11.65,-0.09%,2.92%,25765300.000000004,28076000.0,2310700.0,53841300.0
sz300366,创意信息,10.54,-0.09%,4.60%,119000000.0,133000000.0,14818800.000000002,252000000.0
sz002079,苏州固锝,11.2,-0.09%,2.20%,85490500.0,115999999.99999999,30898200.0,202000000.0
sz000887,中鼎股份,11.47,-0.09%,1.11%,75336100.0,97109500.0,21773400.0,172000000.0
sh605376,博迁新材,30.89,-0.10%,2.69%,55570200.00000001,88705200.0,33135000.0,144000000.0
sh605368,蓝天燃气,9.95,-0.10%,2.63%,27593700.0,37954100.0,10360400.0,65547800.0
sh603703,盛洋科技,10.03,-0.10%,1.01%,14661600.0,27837900.0,13176300.000000002,42499600.0
sz300653,正海生物,29.41,-0.10%,1.42%,37212300.0,40271600.0,3059300.0,77483900.0
sz300455,航天智装,10.15,-0.10%,2.33%,69633300.0,102000000.0,32003200.0,171000000.0
sz002299,圣农发展,20.32,-0.10%,0.73%,87777099.99999999,97884100.0,10106900.0,186000000.0
sz002230,科大讯飞,51.32,-0.10%,3.63%,1982000000.0,2023999999.9999998,42049000.0,4004999999.9999995
sz000818,航锦科技,29.57,-0.10%,0.88%,80923000.0,102000000.0,20904400.0,183000000.0
sh603073,彩蝶实业,18.05,-0.11%,13.66%,29121100.0,43760000.0,14638900.000000002,72881100.0
sz002970,锐明技术,28.25,-0.11%,2.34%,30813800.0,30983700.0,169899.99999999997,61797600.0
sz300286,安科瑞,26.57,-0.11%,1.14%,26365200.0,27560200.0,1195000.0,53925400.0
sh688200,华峰测控,135.5,-0.11%,0.95%,83341600.0,95443100.0,12101500.0,179000000.0
sh603718,海利生物,9.37,-0.11%,0.62%,15955700.0,22217700.0,6262000.0,38173500.0
sh603696,安记食品,9.07,-0.11%,2.25%,25217800.000000004,24069800.0,1148100.0,49287500.0
sz300642,透景生命,17.53,-0.11%,1.50%,19052200.0,18302900.0,749300.0000000001,37355100.0
sz300609,汇纳科技,26.13,-0.11%,6.30%,74735200.0,85140600.0,10405400.0,160000000.0
sz300432,富临精工,8.83,-0.11%,1.18%,60066100.0,68044700.0,7978600.0,128000000.0
sz300042,朗科科技,26.98,-0.11%,4.33%,103000000.0,114999999.99999999,11843200.0,218000000.00000003
sz002823,凯中精密,9.44,-0.11%,1.63%,9480700.0,17230400.0,7749700.0,26711100.0
sz002245,蔚蓝锂芯,9.46,-0.11%,1.25%,60471700.0,70800100.0,10328400.0,131000000.0
sz301381,赛维时代,34.41,-0.12%,13.94%,76753000.0,78228700.0,1475700.0,155000000.0
sz300836,佰奥智能,24.64,-0.12%,2.80%,12688200.0,17332100.0,4643900.0,30020300.000000004
sh603128,华贸物流,8.6,-0.12%,0.76%,37904700.0,49263200.0,11358500.0,87167900.00000001
sz300498,温氏股份,17.18,-0.12%,0.61%,275000000.0,304000000.0,28704300.0,579000000.0
sz300020,银江技术,8.32,-0.12%,2.28%,50915200.00000001,69091700.0,18176400.0,123000000.0
sz002841,视源股份,51.8,-0.12%,0.58%,71640100.0,78211600.0,6571500.0,150000000.0
sz002579,中京电子,8.22,-0.12%,1.55%,34533700.0,41485600.00000001,6951900.000000001,76019300.0
sz002023,海特高新,8.65,-0.12%,1.02%,27392399.999999996,40843400.0,13451000.0,68235800.0
sz002403,爱仕达,7.95,-0.13%,1.73%,23603900.0,19574900.0,4029000.0,43178800.0
sz002158,汉钟精机,23.9,-0.13%,1.21%,72594100.0,84718200.0,12124000.0,157000000.0
sz300727,润禾材料,23.96,-0.13%,2.03%,28642900.0,27922100.0,720800.0,56565000.0
sz300602,飞荣达,15.08,-0.13%,2.46%,56857800.0,64918200.0,8060500.0,122000000.0
sz300223,北京君正,70.4,-0.13%,1.65%,218000000.00000003,277000000.0,58687400.0,495000000.0
sz300193,佳士科技,7.87,-0.13%,2.58%,37371200.0,52419900.0,15048699.999999998,90420700.0
sz002726,龙大美食,7.58,-0.13%,0.99%,36241400.0,44683000.0,8441500.0,80924400.0
sz001380,华纬科技,29.46,-0.14%,9.75%,40908300.0,53092299.99999999,12184000.0,94000500.0
sh688393,安必平,21.82,-0.14%,2.07%,12359200.0,24217199.999999996,11858000.0,36576500.0
sz002901,大博医疗,28.79,-0.14%,0.32%,16318300.0,16357300.0,39100.0,32675600.0
sz002387,维信诺,7.3,-0.14%,0.77%,35461200.0,42938900.0,7477800.0,78400100.0
sz301202,朗威股份,34.24,-0.15%,25.40%,138000000.0,154000000.0,15789500.0,292000000.0
sh688526,科前生物,20.43,-0.15%,1.63%,21275900.0,20986100.0,289700.0,42262000.0
sz300894,火星人,19.56,-0.15%,2.74%,41371400.0,35834000.0,5537300.0,77205500.0
sh688479,友车科技,27.24,-0.15%,8.70%,27296800.0,51673600.0,24376800.0,78970400.0
sh600072,中船科技,20.5,-0.15%,3.36%,221000000.0,297000000.0,76156900.0,518000000.0
sz002389,航天彩虹,20.07,-0.15%,1.00%,87332400.0,115999999.99999999,28587800.000000004,202999999.99999997
sz002984,森麒麟,31.76,-0.16%,1.72%,70421000.0,91507300.0,21086300.0,162000000.0
sh688137,近岸蛋白,48.6,-0.16%,4.68%,18326600.0,21625500.0,3298900.0,39952100.0
sh603102,百合股份,43.37,-0.16%,3.35%,20718000.0,32364500.0,11646500.0,53082600.0
sz301217,铜冠铜箔,12.23,-0.16%,2.46%,29628200.0,41105200.00000001,11477000.0,70733400.0
sh603097,江苏华辰,19.3,-0.16%,4.36%,14477800.0,19776500.0,5298700.0,34254200.0
sh688455,科捷智能,12.75,-0.16%,2.30%,5979600.0,6086500.0,106900.0,12066000.0
sz300845,捷安高科,18.29,-0.16%,2.18%,21872300.0,23687300.0,1814900.0,45559600.0
sh603283,赛腾股份,42.52,-0.16%,2.15%,76820200.0,93895000.0,17074700.0,171000000.0
sh600963,岳阳林纸,6.34,-0.16%,0.69%,33694500.0,45761100.0,12066500.0,79455500.0
sh600697,欧亚集团,12.75,-0.16%,1.74%,15553400.0,19505100.0,3951700.0,35058500.0
sz000937,冀中能源,6.3,-0.16%,2.14%,162000000.0,237000000.0,75721100.0,399000000.0
sz301053,远信工业,23.39,-0.17%,8.20%,21019899.999999996,24873300.0,3853399.9999999995,45895500.0
sz003035,南网能源,5.99,-0.17%,1.66%,60723100.00000001,103000000.0,42366000.0,164000000.0
sh601058,赛轮轮胎,11.55,-0.17%,1.06%,190000000.0,189000000.0,1342000.0,379000000.0
sz300446,乐凯新材,11.66,-0.17%,1.74%,17884400.0,23182500.0,5298099.999999999,41066800.0
sz300311,任子行,5.65,-0.18%,3.05%,38070100.0,57045500.0,18975400.0,95115700.0
sz300982,苏文电能,38.3,-0.18%,5.56%,66514600.0,104000000.0,37419400.0,170000000.0
sh688133,泰坦科技,56.2,-0.18%,1.91%,45216200.0,46190300.0,974100.0,91406500.0
sz003026,中晶科技,33.16,-0.18%,1.56%,14098300.0,15552900.0,1454600.0,29651200.0
sh688300,联瑞新材,39.11,-0.18%,0.35%,10074200.0,16292800.0,6218700.0,26367000.0
sh688586,江航装备,11.34,-0.18%,0.75%,30800300.000000004,38605400.0,7805000.0,69405700.0
sz300847,中船汉光,16.47,-0.18%,2.32%,57412100.0,59382800.0,1970800.0000000002,117000000.0
sh603533,掌阅科技,21.6,-0.18%,1.77%,78696700.0,92456400.0,13759600.0,171000000.0
sh603500,祥和实业,11.15,-0.18%,1.13%,14340900.0,16831600.0,2490700.0,31172399.999999996
sh603278,大业股份,10.92,-0.18%,1.63%,27747500.0,24281600.0,3465899.9999999995,52029100.0
sh600900,长江电力,22.12,-0.18%,0.33%,787000000.0,876000000.0,88944700.0,1663000000.0
sz002011,盾安环境,11.27,-0.18%,1.36%,61401100.0,82173000.0,20771800.0,144000000.0
sh688102,斯瑞新材,10.48,-0.19%,0.98%,9704000.0,15802900.0,6099000.0,25506900.0
sh688171,纬德信息,21.23,-0.19%,2.03%,10803400.0,10261600.0,541800.0,21065000.0
sz300801,泰和科技,15.76,-0.19%,2.19%,20599100.0,27286100.0,6687000.0,47885200.00000001
sh688733,壹石通,25.6,-0.19%,1.57%,27767100.0,29738100.0,1971000.0,57505100.0
sz000953,河化股份,5.15,-0.19%,1.98%,21215600.0,16953900.0,4261700.0,38169500.0
sh603118,共进股份,10.38,-0.19%,3.21%,127000000.0,139000000.0,12097900.0,266000000.0
sh600488,津药药业,4.89,-0.20%,0.64%,17221200.0,17757800.0,536600.0,34979000.0
sz300892,品渥食品,24.6,-0.20%,7.06%,29686300.0,26070200.0,3616100.0,55756600.0
sz300712,永福股份,29.57,-0.20%,0.83%,19701900.0,27367700.0,7665800.0,47069600.0
sz300397,天和防务,9.93,-0.20%,1.57%,28261900.0,35748900.0,7487000.0,64010800.0
sz300331,苏大维格,19.7,-0.20%,2.27%,43218900.0,49157600.0,5938700.0,92388300.0
sz300048,合康新能,5.04,-0.20%,0.82%,19048100.0,28344300.0,9296200.0,47392400.0
sz002520,日发精机,5.07,-0.20%,1.83%,24419400.0,36774900.0,12355500.0,61237100.0
sz002515,金字火腿,4.89,-0.20%,1.37%,27893400.0,32790100.000000004,4896600.0,60683400.0
sz002995,天地在线,23.25,-0.21%,9.50%,119000000.0,135000000.0,16264100.0,254000000.0
sz300812,易天股份,19.36,-0.21%,5.00%,44881100.0,44352299.99999999,528800.0,89233500.0
sh688157,松井股份,52.12,-0.21%,1.09%,13133500.0,20431400.0,7297900.0,33564900.0
sh688122,西部超导,43.61,-0.21%,1.12%,139000000.0,188000000.0,48443000.0,327000000.0
sh603917,合力科技,18.73,-0.21%,1.67%,22682800.000000004,27559400.0,4876600.0,50242200.0
sh603530,神马电力,14.08,-0.21%,0.49%,13255800.0,17236800.0,3981100.0,30492500.0
sh600303,ST曙光,4.79,-0.21%,1.48%,21812900.0,26610300.000000004,4797400.0,48423100.00000001
sz300689,澄天伟业,18.9,-0.21%,1.59%,16516300.000000002,14030900.0,2485400.0,30547199.999999996
sh603669,灵康药业,4.57,-0.22%,0.42%,5872800.0,8143400.0,2270500.0,14016199.999999998
sh603177,德创环保,13.31,-0.22%,1.30%,14915300.0,20774899.999999996,5859600.0,35690100.0
sh600513,联环药业,9.01,-0.22%,1.66%,15981900.0,27665200.0,11683300.0,43647100.0
sz002117,东港股份,9.09,-0.22%,1.95%,52321600.0,46640200.00000001,5681400.0,98961700.0
sz000792,盐湖股份,17.8,-0.22%,0.83%,357000000.0,458000000.0,101000000.0,814000000.0
sz301186,超达装备,34.22,-0.23%,5.80%,19896800.0,24049400.0,4152600.0,43946200.0
sz003020,立方制药,26.05,-0.23%,2.87%,25639400.0,28702000.0,3062500.0,54341400.0
sz300964,本川智能,39.55,-0.23%,6.27%,39167500.0,44924600.0,5757100.0,84092200.0
sz300248,新开普,8.85,-0.23%,3.31%,55018300.0,65267400.0,10249100.0,120000000.0
sh688038,中科通达,12.79,-0.23%,3.03%,15448400.0,16639000.0,1190600.0,32087300.0
sh601677,明泰铝业,13.19,-0.23%,2.39%,127000000.0,186000000.0,58488900.0,313000000.0
sh600557,康缘药业,17.43,-0.23%,1.48%,73874800.0,78234500.0,4359700.0,152000000.0
sh600547,山东黄金,25.69,-0.23%,0.85%,350000000.0,436000000.00000006,85865600.0,786000000.0
sh600313,农发种业,8.72,-0.23%,2.47%,96249000.0,138000000.0,41973800.0,234000000.0
sz300471,厚普股份,12.79,-0.23%,1.63%,33048100.0,39007400.0,5959200.0,72055400.0
sz000707,双环科技,8.29,-0.24%,3.15%,50159799.99999999,73147900.0,22988100.0,123000000.0
sh688517,金冠电气,16.3,-0.24%,2.55%,15034300.0,20580100.000000004,5545800.0,35614300.0
sz003015,日久光电,8.28,-0.24%,2.12%,15716700.0,18770600.0,3053900.0,34487300.0
sz300918,南山智尚,12.62,-0.24%,2.98%,18858100.0,22961700.0,4103600.0,41823700.0
sz300816,艾可蓝,25.04,-0.24%,2.62%,14530800.0,17113400.0,2582600.0,31644200.0
sh600243,青海华鼎,4.15,-0.24%,1.55%,13792100.0,14886500.0,1094400.0,28678600.0
sz300681,英搏尔,16.56,-0.24%,1.79%,23759100.0,29316100.0,5557000.0,53075200.00000001
sz300128,锦富技术,4.1,-0.24%,1.92%,44967800.0,43194200.0,1773500.0,88192600.0
sz002019,亿帆医药,12.42,-0.24%,0.65%,29337399.999999996,41320500.0,11983100.0,70657900.0
sh603151,邦基科技,15.98,-0.25%,5.46%,15389700.0,21562399.999999996,6172700.0,36952100.0
sh688313,仕佳光子,11.76,-0.25%,2.98%,68678900.0,88401800.0,19722900.0,157000000.0
sz300879,大叶股份,15.78,-0.25%,3.78%,14093000.0,19587100.0,5494100.0,33680200.0
sh603602,纵横通信,11.93,-0.25%,2.01%,19381200.0,29966700.0,10585600.0,49347900.0
sz300709,精研科技,19.89,-0.25%,3.32%,46112700.00000001,54436500.0,8323700.0,101000000.0
sz300363,博腾股份,23.83,-0.25%,2.21%,129000000.0,143000000.0,14226400.000000002,272000000.0
sz002034,旺能环境,15.72,-0.25%,1.79%,52766500.0,68976700.0,16210200.0,122000000.0
sh603057,紫燕食品,22.79,-0.26%,3.00%,10328500.0,18844300.0,8515700.0,29172800.000000004
sh600710,苏美达,7.59,-0.26%,0.71%,35330400.0,36804700.0,1474300.0,72135100.0
sz300410,正业科技,7.63,-0.26%,1.75%,22009400.0,28560900.0,6551500.0,50570200.00000001
sz300138,晨光生物,15.29,-0.26%,0.76%,26770800.0,24499699.999999996,2271000.0,51270600.00000001
sz002829,星网宇达,27.18,-0.26%,3.01%,44591400.0,59757299.99999999,15165900.0,104000000.0
sz000100,TCL科技,3.8,-0.26%,1.28%,378000000.0,520000000.0,141000000.0,902999999.9999999
sz002899,英派斯,14.96,-0.27%,2.37%,20477600.0,22601300.0,2123700.0,43078800.0
sz300614,百川畅银,22.29,-0.27%,3.07%,30737800.000000004,32193400.0,1455600.0,62931200.0
sh603209,兴通股份,18.66,-0.27%,0.56%,11027200.0,8714200.0,2313000.0,19741400.0
sh603895,天永智能,22.07,-0.27%,0.58%,7452400.0,6758900.0,693500.0,14211300.000000002
sh603327,福蓉科技,11.18,-0.27%,0.46%,12998900.000000002,22613100.0,9614300.0,35612000.0
sh688093,世华科技,18.41,-0.27%,1.44%,6768099.999999999,10098900.0,3330700.0,16867000.0
sz002928,华夏航空,7.43,-0.27%,1.78%,77445500.0,87812300.0,10366800.0,165000000.0
sz300872,天阳科技,14.84,-0.27%,8.23%,132000000.0,192000000.0,59505700.0,324000000.0
sh688322,奥比中光,28.9,-0.28%,1.69%,46852299.99999999,63322600.0,16470300.0,110000000.00000001
sz002723,小崧股份,10.63,-0.28%,4.82%,87354800.0,71851000.0,15503800.000000002,159000000.0
sh688323,瑞华泰,21.32,-0.28%,0.93%,7266200.0,12498800.000000002,5232600.0,19765100.0
sh601985,中国核电,7.2,-0.28%,0.45%,303000000.0,319000000.0,16775700.0,622000000.0
sz002858,力盛体育,17.5,-0.28%,5.86%,76023500.0,77026900.0,1003400.0,153000000.0
sz002048,宁波华翔,14.13,-0.28%,4.51%,159000000.0,179000000.0,19763900.0,338000000.0
sz000930,中粮科技,7.04,-0.28%,0.73%,41259900.0,56193700.0,14933900.000000002,97453600.0
sh688246,嘉和美康,31.09,-0.29%,0.64%,11145000.0,9135900.0,2009199.9999999998,20280900.0
sz301360,荣旗科技,72.01,-0.29%,4.97%,20601800.0,23757800.000000004,3156100.0,44381200.0
sz300792,壹网壹创,24.13,-0.29%,1.49%,36727900.0,40264300.0,3536300.0,76992100.0
sh603676,卫信康,10.18,-0.29%,0.83%,15553100.0,21683500.0,6130300.0,37236600.0
sh603377,东方时尚,6.94,-0.29%,0.64%,14675900.0,17840200.0,3164200.0,32516000.0
sh600795,国电电力,3.45,-0.29%,0.51%,144000000.0,172000000.0,28250200.0,316000000.0
sh688681,科汇股份,13.47,-0.30%,3.17%,13613200.0,15655900.0,2042700.0,29269000.0
sh688699,明微电子,36.83,-0.30%,1.88%,14230400.0,23023600.0,8793200.0,37254000.0
sz002577,雷柏科技,13.16,-0.30%,1.12%,20102000.0,22205000.0,2103000.0,42307000.0
sz002478,常宝股份,6.58,-0.30%,3.00%,61937400.0,75638300.0,13700900.0,138000000.0
sh688112,鼎阳科技,43.87,-0.30%,3.11%,35471900.0,26834000.0,8637900.0,62305900.0
sz000605,渤海股份,6.72,-0.30%,4.61%,49822800.0,56420300.0,6597500.0,106000000.0
sz301163,宏德股份,25.89,-0.31%,2.85%,10709900.0,15016900.0,4307000.0,25750500.0
sh688021,奥福环保,22.83,-0.31%,1.15%,8736900.0,11899900.0,3163000.0,20636800.0
sz301236,软通动力,19.6,-0.31%,2.95%,188000000.0,220000000.00000003,31809400.0,408000000.0
sh688667,菱电电控,71.16,-0.31%,1.35%,8706700.0,14526900.0,5820200.0,23233500.0
sh688059,华锐精密,85.6,-0.31%,1.33%,16323300.0,24678200.0,8354900.0,41001400.0
sh603711,香飘飘,16.25,-0.31%,0.46%,12270200.0,18909300.0,6639100.0,31179600.0
sz000637,ST实华,3.25,-0.31%,0.80%,3282000.0,6441799.999999999,3159700.0000000005,9723800.0
sh600029,南方航空,6.34,-0.31%,0.42%,159000000.0,183000000.0,24578200.0,342000000.0
sz002721,*ST金一,3.25,-0.31%,0.56%,5886000.0,11465000.0,5579000.0,17350900.0
sz000625,长安汽车,13.04,-0.31%,2.90%,1407000000.0,1562000000.0,155000000.0,2969000000.0
sh688153,唯捷创芯,65.17,-0.32%,0.91%,25657100.0,28924000.0,3266900.0,54581000.0
sz301206,三元生物,28.07,-0.32%,0.91%,11728699.999999998,15060200.0,3331500.0,26788800.0
sh605167,利柏特,9.22,-0.32%,1.81%,18220600.0,19771200.0,1550600.0,37991800.0
sz300639,凯普生物,9.3,-0.32%,0.88%,25413800.0,28244400.0,2830600.0,53658100.00000001
sz300496,中科创达,74.48,-0.32%,2.41%,325000000.0,351000000.0,26289899.999999996,676000000.0
sh603071,物产环能,15.44,-0.32%,2.01%,37066600.0,38114500.0,1047900.0000000001,75181000.0
sz000738,航发控制,21.69,-0.32%,0.68%,73162400.0,125000000.0,51621200.0,198000000.0
sz300249,依米康,8.95,-0.33%,3.04%,40355300.0,62341800.0,21986500.0,103000000.0
sz300808,久量股份,11.93,-0.33%,2.04%,9475800.0,11457000.0,1981200.0,20932700.0
sz003016,欣贺股份,9.11,-0.33%,2.40%,16969200.0,15990700.0,978600.0,32959899.999999996
sh688158,优刻得,14.93,-0.33%,3.56%,95691200.00000001,99967200.0,4275900.0,196000000.0
sh603322,超讯通信,21.28,-0.33%,3.46%,56994700.0,60382200.0,3387500.0,117000000.0
sz300664,鹏鹞环保,6.07,-0.33%,5.77%,128000000.0,146000000.0,18105000.0,275000000.0
sz000659,珠海中富,3.0,-0.33%,1.75%,29984100.0,38704400.0,8720300.0,68688600.0
sh603030,*ST全筑,2.97,-0.34%,1.34%,7328000.0,16024300.0,8696300.0,23352399.999999996
sz300788,中信出版,28.95,-0.34%,2.75%,67824300.0,86598799.99999999,18774500.0,154000000.0
sz301201,诚达药业,22.73,-0.35%,2.79%,23295000.0,31396300.0,8101300.0,54691500.0
sz301059,金三江,11.45,-0.35%,3.52%,12529500.0,14654000.0,2124500.0,27183500.0
sh603286,日盈电子,16.97,-0.35%,2.33%,17796000.0,17900500.0,104500.0,35696500.0
sz002155,湖南黄金,11.45,-0.35%,3.13%,162000000.0,276000000.0,113999999.99999999,437000000.0
sz000651,格力电器,34.53,-0.35%,0.90%,840000000.0,927999999.9999999,87776000.0,1768000000.0
sz002321,华英农业,2.74,-0.36%,6.13%,180000000.0,185000000.0,4920000.0,365000000.0
sz301087,可孚医疗,38.86,-0.36%,1.49%,25029600.0,27724699.999999996,2695200.0,52754399.99999999
sh688559,海目星,41.85,-0.36%,1.59%,40988300.0,48626400.0,7638000.0,89614700.0
sh603305,旭升集团,22.17,-0.36%,0.89%,86733799.99999999,100000000.0,13485100.0,187000000.0
sh601991,大唐发电,2.79,-0.36%,0.67%,95377800.0,140000000.0,44140000.0,235000000.0
sh600855,航天长峰,11.22,-0.36%,1.32%,31365700.0,35061800.0,3696000.0,66427500.0
sz300370,安控科技,2.76,-0.36%,1.48%,16176099.999999998,30615600.0,14439400.0,46791700.0
sz002335,科华数据,30.41,-0.36%,1.91%,109000000.00000001,127000000.0,18085500.0,236000000.0
sz000426,兴业银锡,8.31,-0.36%,2.04%,111000000.00000001,137000000.0,26413000.0,252999999.99999997
sz301518,长华化学,26.7,-0.37%,14.02%,55692299.99999999,72660200.0,16967900.0,128000000.0
sh688608,恒玄科技,113.2,-0.37%,1.61%,60904900.0,87783700.00000001,26878800.0,149000000.0
sh600482,中国动力,18.64,-0.37%,0.59%,108000000.0,125000000.0,17647800.0,233000000.0
sz300550,和仁科技,13.64,-0.37%,0.73%,9642700.0,17029200.0,7386500.0,26671900.0
sz301020,密封科技,18.8,-0.37%,2.04%,14458599.999999998,14267300.0,191300.0,28725900.0
sz300146,汤臣倍健,18.78,-0.37%,1.34%,121000000.0,172000000.0,51297500.0,292000000.0
sz002696,百洋股份,8.0,-0.37%,27.29%,320000000.0,418000000.0,97927700.0,750000000.0
sh605136,丽人丽妆,10.5,-0.38%,2.43%,26181500.0,25062100.0,1119400.0,51243600.0
sh603889,新澳股份,7.88,-0.38%,0.58%,16161900.0,16637300.0,475500.0,32799300.0
sh603380,易德龙,20.72,-0.38%,0.70%,8846900.0,14874600.0,6027700.0,23721500.0
sh600285,羚锐制药,15.73,-0.38%,1.44%,66309600.0,62643600.0,3666100.0,129000000.0
sz300369,绿盟科技,10.51,-0.38%,2.98%,92932300.0,145000000.0,52331500.0,238000000.0
sz300081,恒信东方,7.8,-0.38%,4.43%,82557500.0,90384900.0,7827400.0,176000000.0
sh688293,奥浦迈,43.83,-0.39%,3.64%,19696800.0,20506400.0,809599.9999999999,40203000.0
sh603929,亚翔集成,15.27,-0.39%,1.36%,19779900.0,25555800.0,5775900.0,45335800.0
sh600576,祥源文旅,7.59,-0.39%,1.47%,30627399.999999996,46014500.0,15387100.0,76641800.0
sz300586,美联新材,10.23,-0.39%,0.68%,13919000.0,24229800.0,10310800.0,38148800.0
sz300382,斯莱克,10.24,-0.39%,1.03%,30642399.999999996,37609400.0,6967000.0,68251900.0
sh688287,观典防务,10.02,-0.40%,1.02%,14059600.0,25267900.0,11208300.0,39327500.0
sh603505,金石资源,24.7,-0.40%,0.72%,45299600.0,65500100.0,20200500.0,111000000.00000001
sh600071,凤凰光学,16.94,-0.41%,1.07%,24852700.0,27378100.0,2525400.0,52230800.0
sh600025,华能水电,7.22,-0.41%,0.17%,97004200.0,123000000.0,25503300.0,220000000.00000003
sh603130,云中马,21.31,-0.42%,7.60%,23220000.0,34435600.0,11215600.0,57655500.0
sz300961,深水海纳,11.89,-0.42%,11.74%,89666700.0,84790600.0,4876200.0,174000000.0
sh600845,宝信软件,47.35,-0.42%,0.35%,141000000.0,147000000.0,5562800.0,288000000.0
sh600106,重庆路桥,4.7,-0.42%,0.84%,28003700.0,25593300.0,2410400.0,53597000.0
sz300358,楚天科技,11.87,-0.42%,2.33%,72104000.0,79012000.0,6908000.0,151000000.0
sz002256,兆新股份,2.36,-0.42%,2.79%,41166600.0,52967500.0,11800900.0,94134000.0
sh603163,圣晖集成,34.48,-0.43%,3.23%,13609400.0,14836000.0,1226600.0,28445400.0
sh603829,洛凯股份,13.97,-0.43%,1.78%,21528100.0,19026300.0,2501700.0,40554400.0
sh600817,宇通重工,9.32,-0.43%,1.70%,14056099.999999998,17370900.0,3314800.0,31426900.0
sh688065,凯赛生物,60.19,-0.43%,0.46%,66897100.0,48930000.0,17967100.0,115999999.99999999
sh600598,北大荒,13.82,-0.43%,1.28%,136000000.0,185000000.0,49652500.0,321000000.0
sz002252,上海莱士,6.95,-0.43%,0.83%,179000000.0,218000000.00000003,38804300.0,397000000.0
sz000960,锡业股份,14.0,-0.43%,1.58%,180000000.0,191000000.0,10697600.0,371000000.0
sh688130,晶华微,41.0,-0.44%,1.53%,3470700.0,6831500.0,3360899.9999999995,10302200.0
sh688175,高凌信息,29.72,-0.44%,1.11%,5013300.0,8408900.0,3395600.0,13422200.0
sz002480,新筑股份,4.54,-0.44%,2.20%,33536300.0,44562900.0,11026600.0,78099200.0
sh605033,美邦股份,18.12,-0.44%,3.03%,10457700.0,8481000.0,1976699.9999999998,18938600.0
sh688277,天智航,13.44,-0.44%,1.62%,31634300.0,38359900.0,6725599.999999999,69994200.0
sh605099,共创草坪,22.43,-0.44%,3.07%,13312800.0,14483900.000000002,1171100.0,27796700.0
sh688321,微芯生物,20.53,-0.44%,1.44%,57035300.0,69340300.0,12305000.0,126000000.0
sh600350,山东高速,6.83,-0.44%,0.43%,71191100.0,72355000.0,1163900.0,144000000.0
sz000650,仁和药业,6.61,-0.45%,5.31%,235000000.0,249000000.00000003,14172100.0,484000000.0
sz301023,江南奕帆,37.38,-0.45%,4.57%,16549800.0,25252900.0,8703100.0,41802700.00000001
sh603279,景津装备,26.35,-0.45%,0.90%,59839900.0,75689400.0,15849400.0,136000000.0
sh600975,新五丰,8.77,-0.45%,4.49%,114999999.99999999,144000000.0,28696700.0,259000000.0
sh600419,天润乳业,13.15,-0.45%,5.27%,110000000.00000001,117000000.0,7230900.0,225999999.99999997
sz300767,震安科技,19.86,-0.45%,3.20%,66064799.99999999,71242900.0,5178099.999999999,137000000.0
sz300758,七彩化学,8.8,-0.45%,0.97%,12128300.0,15619200.0,3490899.9999999995,27747600.000000004
sz300755,华致酒行,21.9,-0.45%,1.11%,39901000.0,63616500.0,23715500.0,104000000.0
sz300570,太辰光,32.93,-0.45%,6.67%,224000000.00000003,212000000.0,12037100.0,437000000.0
sh600262,北方股份,17.4,-0.46%,1.27%,18931300.0,19424700.0,493400.00000000006,38356100.0
sz301391,卡莱特,84.67,-0.46%,10.21%,61402000.0,77702800.0,16300800.0,139000000.0
sz002976,瑞玛精密,29.99,-0.46%,7.32%,64020200.00000001,83561900.0,19541800.0,148000000.0
sh688525,佰维存储,58.58,-0.46%,9.90%,99391600.0,117000000.0,17285300.0,216000000.0
sh601595,上海电影,21.83,-0.46%,3.54%,167000000.0,185000000.0,18265300.0,352000000.0
sz300731,科创新源,17.25,-0.46%,3.21%,32625100.000000004,35150300.0,2525200.0,67775400.0
sz300618,寒锐钴业,30.58,-0.46%,1.31%,49382700.00000001,62689700.0,13307000.0,112000000.00000001
sz300454,深信服,102.16,-0.46%,0.93%,137000000.0,128000000.0,9304400.0,265000000.0
sz300290,荣科科技,4.34,-0.46%,2.56%,30118100.0,42714200.0,12596000.0,72832300.0
sz002379,宏创控股,4.34,-0.46%,1.36%,28045200.0,27512500.0,532700.0,55557700.00000001
sz002482,*ST广田,2.11,-0.47%,0.51%,5633800.0,10868100.0,5234299.999999999,16501900.0
sz300483,首华燃气,12.68,-0.47%,5.03%,70368200.0,99576600.0,29208300.0,170000000.0
sh603171,税友股份,36.11,-0.47%,2.39%,35758100.0,44074799.99999999,8316700.0,79833000.0
sz300829,金丹科技,18.91,-0.47%,1.01%,9344300.0,13650200.0,4305900.0,22996400.0
sz002581,未名医药,16.78,-0.47%,1.05%,30975300.000000004,41227000.0,10251700.0,72202300.0
sz000539,粤电力A,6.33,-0.47%,1.12%,67719200.0,113999999.99999999,46357600.0,183000000.0
sh603810,丰山集团,12.47,-0.48%,1.12%,9931400.0,13419700.0,3488300.0,23351100.0
sh600764,中国海防,22.92,-0.48%,0.46%,34567600.0,42041300.0,7473700.0,76609000.0
sz300529,健帆生物,20.75,-0.48%,0.95%,46639700.0,57543400.0,10903699.999999998,104000000.0
sz300461,田中精机,16.48,-0.48%,2.40%,18054600.0,15060100.0,2994500.0,33116300.0
sz002168,惠程科技,4.17,-0.48%,1.73%,24282300.0,33244699.999999996,8962400.0,57886500.0
sz002090,金智科技,10.35,-0.48%,1.71%,35856900.0,36789500.0,932600.0,72646500.0
sz301503,智迪科技,32.27,-0.49%,15.99%,40482000.0,65851500.0,25369500.0,106000000.0
sh688435,英方软件,61.24,-0.49%,6.76%,37338500.0,43420700.0,6082200.0,80759100.0
sz000971,ST高升,2.02,-0.49%,1.23%,6078400.0,15190700.0,9112300.0,21269200.0
sz002650,加加食品,4.08,-0.49%,0.87%,18491700.0,23123900.0,4632200.0,41665000.0
sz300886,华业香料,24.19,-0.49%,6.14%,20964100.0,28701500.0,7737400.0,49665700.0
sh603611,诺力股份,20.5,-0.49%,1.59%,38302900.0,46393200.0,8090300.0,84696000.0
sh600771,广誉远,28.67,-0.49%,1.32%,98076000.0,92697700.0,5378300.0,191000000.0
sz300517,海波重科,12.25,-0.49%,1.36%,11146000.0,9999400.0,1146600.0,21145400.0
sz300380,安硕信息,32.41,-0.49%,22.21%,475000000.0,504000000.0,28997500.0,980000000.0000001
sz002193,如意集团,6.13,-0.49%,3.77%,28541200.0,32899600.0,4358400.0,61443800.0
sz301317,鑫磊股份,21.98,-0.50%,5.00%,17064400.0,26471500.0,9407100.0,43535900.0
sh688589,力合微,35.92,-0.50%,2.86%,37514900.0,54207400.0,16692600.0,91722300.0
sh688258,卓易信息,56.07,-0.50%,3.27%,58388600.0,106000000.0,47712200.0,164000000.0
sz300342,天银机电,9.92,-0.50%,2.68%,47238800.0,66671000.0,19432200.0,113999999.99999999
sh601929,吉视传媒,2.01,-0.50%,4.45%,125000000.0,174000000.0,48279100.0,299000000.0
sz300994,久祺股份,13.66,-0.51%,2.67%,14077300.0,14906600.0,829300.0000000001,28983900.0
sh601900,南方传媒,17.71,-0.51%,2.91%,195000000.0,277000000.0,82130600.0,472000000.0
sh601811,新华文轩,13.55,-0.51%,0.53%,21027500.0,37153200.0,16125800.0,58180600.00000001
sh601566,九牧王,9.76,-0.51%,0.66%,17215800.0,20022400.0,2806700.0,37238200.0
sz002905,金逸影视,11.78,-0.51%,6.65%,122000000.0,155000000.0,32731900.0,277000000.0
sz002549,凯美特气,9.76,-0.51%,1.19%,33549100.0,40568200.0,7019200.0,74117200.0
sz002419,天虹股份,5.82,-0.51%,2.23%,64758000.0,89391700.0,24633700.0,154000000.0
sz000628,高新发展,13.77,-0.51%,3.13%,38746800.0,47382100.0,8635200.0,86128900.0
sz000880,潍柴重机,9.65,-0.52%,2.10%,13867400.0,19892800.0,6025400.0,33760100.0
sz000976,ST华铁,1.92,-0.52%,1.13%,12808000.0,22264600.0,9456500.0,35072600.0
sz300272,开能健康,5.78,-0.52%,5.73%,66911300.0,77721600.0,10810300.0,145000000.0
sz300055,万邦达,7.64,-0.52%,3.25%,69704100.0,88273799.99999999,18569700.0,158000000.0
sh688027,国盾量子,122.39,-0.52%,0.93%,42700200.00000001,50294600.0,7594299.999999999,92994700.0
sh605123,派克新材,94.51,-0.52%,0.91%,50118800.0,56378500.0,6259600.0,106000000.0
sz300761,立华股份,19.3,-0.52%,2.21%,121000000.0,137000000.0,16666099.999999998,258000000.0
sz300722,新余国科,24.77,-0.52%,2.52%,56051500.0,91073600.0,35022100.0,147000000.0
sz000948,南天信息,19.12,-0.52%,8.97%,297000000.0,373000000.0,75923600.0,670000000.0
sz301109,军信股份,16.9,-0.53%,8.21%,58630600.00000001,80139200.0,21508600.0,139000000.0
sh603768,常青股份,14.95,-0.53%,1.47%,19354000.0,26161500.0,6807500.0,45515500.0
sh601997,贵阳银行,5.64,-0.53%,1.89%,168000000.0,219000000.0,50880500.0,387000000.0
sh600329,达仁堂,34.04,-0.53%,1.19%,111000000.00000001,123000000.0,11931500.0,233000000.0
sz301112,信邦智能,27.95,-0.53%,3.10%,13152200.0,19149800.0,5997600.0,32302000.0
sh688506,百利天恒,89.19,-0.54%,2.04%,29290900.0,34876700.0,5585900.0,64167500.0
sz001228,永泰运,35.3,-0.54%,1.44%,8580600.0,19923300.0,11342700.0,28521600.0
sh605337,李子园,16.47,-0.54%,1.84%,19114000.0,28616800.0,9502700.0,47730800.0
sh600421,华嵘控股,9.14,-0.54%,0.57%,4783400.0,5594700.0,811300.0,10378100.0
sh603222,济民医疗,9.17,-0.54%,1.52%,28334400.0,48010200.00000001,19675700.0,76344600.0
sh600131,国网信通,14.74,-0.54%,0.97%,84849700.0,90341299.99999999,5491600.0,175000000.0
sz002595,豪迈科技,31.1,-0.54%,0.39%,28926900.0,36013500.0,7086700.0,64940400.0
sh688247,宣泰医药,10.87,-0.55%,2.24%,13593400.0,21406800.0,7813500.0,35000200.0
sh603668,天马科技,16.15,-0.55%,4.27%,142000000.0,159000000.0,17148000.0,301000000.0
sh600582,天地科技,5.4,-0.55%,0.71%,77152900.0,83377400.0,6224500.0,161000000.0
sh600282,南钢股份,3.63,-0.55%,0.74%,82938000.0,84781600.0,1843700.0,168000000.0
sh600732,爱旭股份,21.62,-0.55%,2.42%,362000000.0,497000000.0,135000000.0,859000000.0
sz300168,万达信息,9.12,-0.55%,2.13%,122000000.0,151000000.0,29026900.0,274000000.0
sz002556,辉隆股份,7.23,-0.55%,0.99%,21156900.0,47271400.0,26114500.0,68428200.0
sz001219,青岛食品,18.09,-0.55%,9.09%,64966200.0,60875700.0,4090600.0,126000000.0
sz000528,柳工,7.22,-0.55%,1.34%,62309300.0,74542000.0,12232700.0,139000000.0
sh688115,思林杰,30.21,-0.56%,1.04%,4556100.0,6901200.0,2345200.0,11457300.0
sh688519,南亚新材,21.24,-0.56%,1.25%,9507300.0,15421000.0,5913600.0,24928200.0
sh688419,耐科装备,33.51,-0.56%,6.34%,18621700.0,24212399.999999996,5590599.999999999,42834100.0
sh603968,醋化股份,15.86,-0.56%,0.55%,8529200.0,9646400.0,1117200.0,18175700.0
sh600729,重庆百货,33.51,-0.56%,0.55%,28329500.0,46860200.00000001,18530800.0,75189800.0
sh688029,南微医学,71.91,-0.57%,1.20%,62587400.0,104000000.0,41771899.99999999,167000000.0
sz300426,唐德影视,10.43,-0.57%,2.72%,43450000.0,71792800.0,28342800.000000004,114999999.99999999
sz002291,遥望科技,10.34,-0.58%,3.35%,162000000.0,150000000.0,12150200.0,312000000.0
sh603866,桃李面包,8.61,-0.58%,0.97%,59101500.0,76983700.0,17882200.0,136000000.0
sh600529,山东药玻,23.9,-0.58%,0.71%,51531200.0,62939700.0,11408400.0,113999999.99999999
sz300132,青松股份,5.14,-0.58%,3.61%,43462500.0,52273200.0,8810700.0,95756299.99999999
sz002811,郑中设计,8.52,-0.58%,1.18%,12708200.0,12896700.0,188500.0,25604899.999999996
sz002483,润邦股份,5.14,-0.58%,1.92%,38340500.0,50552500.0,12212000.0,88896600.0
sz002007,华兰生物,20.74,-0.58%,0.54%,82709900.0,95924300.0,13214400.0,179000000.0
sh688665,四方光电,67.9,-0.59%,2.31%,17551700.0,17225100.0,326599.99999999994,34776800.0
sz003039,顺控发展,16.93,-0.59%,3.94%,37469300.0,45845400.0,8376100.0,83314800.0
sz002908,德生科技,13.58,-0.59%,6.37%,117000000.0,155000000.0,37708200.0,272000000.0
sz002095,生意宝,21.48,-0.60%,6.76%,159000000.0,218000000.00000003,58130100.0,378000000.0
sh603052,可川科技,26.37,-0.60%,4.18%,11649200.0,15539800.0,3890600.0,27189000.0
sh688227,品高股份,19.81,-0.60%,4.75%,25803300.0,34279000.0,8475700.0,60082299.99999999
sh688196,卓越新能,46.37,-0.60%,0.32%,6083500.0,12212300.0,6128800.0,18295800.0
sh603605,珀莱雅,98.91,-0.60%,0.80%,140000000.0,170000000.0,30458100.0,310000000.0
sh600143,金发科技,8.23,-0.60%,0.60%,55664399.99999999,73783100.0,18118800.0,129000000.0
sz300285,国瓷材料,27.93,-0.60%,0.59%,63774200.0,70027700.0,6253500.0,134000000.00000001
sz300043,星辉娱乐,3.32,-0.60%,4.91%,63178700.0,93848300.0,30669600.0,157000000.0
sz002801,微光股份,21.49,-0.60%,1.78%,18241700.0,26539100.0,8297400.0,44871000.0
sh600620,天宸股份,11.46,-0.61%,1.25%,42592299.99999999,56405300.0,13813000.0,98997700.0
sz300719,安达维尔,11.39,-0.61%,1.83%,17346500.0,21355600.0,4009200.0,38703200.0
sz300630,普利制药,17.99,-0.61%,5.00%,114999999.99999999,183000000.0,68643600.0,298000000.0
sz002960,青鸟消防,16.28,-0.61%,0.95%,55020600.00000001,45826500.0,9194100.0,101000000.0
sz000525,ST红太阳,8.11,-0.61%,0.81%,16687500.0,21899400.0,5211900.000000001,38749100.0
sz002259,ST升达,3.23,-0.62%,0.33%,2845600.0,5133800.0,2288200.0,7979400.000000001
sz301205,联特科技,94.67,-0.62%,11.70%,171000000.0,194000000.0,23609800.0,365000000.0
sz301069,凯盛新材,20.77,-0.62%,1.59%,21156600.0,27235800.0,6079200.0,48392400.0
sh605138,盛泰集团,7.99,-0.62%,1.98%,21667100.0,26356800.0,4689700.0,48023900.0
sh600872,中炬高新,32.05,-0.62%,0.90%,106000000.0,126000000.0,19661700.0,231999999.99999997
sz300849,锦盛新材,11.1,-0.63%,1.98%,13082100.0,14201500.0,1119500.0,27283600.0
sh600381,青海春天,7.9,-0.63%,1.89%,42337100.0,47437800.0,5100700.0,89774800.0
sh603716,塞力医疗,11.09,-0.63%,10.80%,115999999.99999999,128000000.0,12324700.0,245000000.00000003
sz300594,朗进科技,22.1,-0.63%,1.51%,13956600.0,16826200.0,2869600.0,30785100.000000004
sz300203,聚光科技,15.79,-0.63%,2.23%,68257100.0,95072200.0,26815100.000000004,163000000.0
sh600085,同仁堂,56.1,-0.64%,0.64%,246000000.0,250999999.99999997,4968100.0,498000000.00000006
sh600012,皖通高速,10.79,-0.64%,0.79%,38511900.0,60279100.0,21767199.999999996,98791000.0
sz300648,星云股份,24.84,-0.64%,1.94%,21441400.0,27037000.0,5595599.999999999,48478500.0
sz002699,*ST美盛,1.55,-0.64%,3.70%,18081000.0,34913700.0,16832800.0,52994600.0
sz002334,英威腾,9.31,-0.64%,3.88%,119000000.0,141000000.0,21772800.000000004,260000000.0
sh603288,海天味业,39.82,-0.65%,0.35%,407000000.0,394000000.0,12213200.0,801000000.0
sh600315,上海家化,26.02,-0.65%,0.93%,63076100.0,102000000.0,39401200.0,166000000.0
sh600160,巨化股份,15.36,-0.65%,0.75%,139000000.0,179000000.0,39189400.0,318000000.0
sz300672,国科微,65.67,-0.65%,1.76%,119000000.0,132000000.0,13405200.0,250999999.99999997
sz300540,蜀道装备,21.29,-0.65%,1.79%,24258800.0,18868800.0,5389900.0,43127600.0
sz002102,冠福股份,2.99,-0.66%,0.79%,16088100.0,39864100.0,23776000.0,55952100.0
sz001255,博菲电气,31.67,-0.66%,4.38%,12121300.000000002,15963100.0,3841800.0,28084400.0
sz300814,中富电路,23.97,-0.66%,8.85%,51524900.0,58840900.0,7316000.0,110000000.00000001
sh688613,奥精医疗,21.23,-0.66%,1.62%,13898900.000000002,23436900.0,9538000.0,37335900.0
sh603011,合锻智能,6.06,-0.66%,1.42%,18631800.0,25061800.0,6430000.0,43693600.0
sz002675,东诚药业,13.61,-0.66%,1.33%,56827600.0,80053000.0,23225400.0,137000000.0
sz301211,亨迪药业,22.15,-0.67%,7.82%,51920200.00000001,70774100.0,18853900.0,123000000.0
sz301207,华兰疫苗,28.29,-0.67%,1.33%,23536300.0,30603100.0,7066700.0,54139500.0
sh601995,中金公司,42.86,-0.67%,8.07%,1501000000.0,1898999999.9999998,398000000.0,3400000000.0
sh688005,容百科技,50.17,-0.67%,2.42%,170000000.0,186000000.0,15686600.0,356000000.0
sh603739,蔚蓝生物,13.37,-0.67%,1.14%,15616400.000000002,23571400.0,7955100.0,39187800.0
sz002810,山东赫达,16.41,-0.67%,1.17%,28317000.0,34691000.0,6374100.0,63008000.0
sz000713,丰乐种业,8.94,-0.67%,2.12%,42945800.0,75019000.0,32073200.0,118000000.0
sh688267,中触媒,20.45,-0.68%,1.77%,12583900.000000002,17277000.0,4693100.0,29860900.0
sh688663,新风光,29.3,-0.68%,4.38%,46335000.0,66763800.0,20428800.0,112999999.99999999
sh603416,信捷电气,34.91,-0.68%,1.60%,33223200.0,47423000.0,14199800.0,80646300.0
sz000876,新希望,11.72,-0.68%,0.66%,176000000.0,180000000.0,4172300.0,356000000.0
sh603070,万控智造,15.8,-0.69%,3.12%,18722200.0,22393300.0,3671100.0,41115500.0
sz301267,华厦眼科,38.6,-0.69%,4.91%,71402100.0,102000000.0,31077199.999999996,174000000.0
sh603963,大理药业,10.11,-0.69%,2.76%,24845500.0,37566900.0,12721500.0,62412299.99999999
sh688533,上声电子,40.1,-0.69%,4.55%,43783600.0,30414000.0,13369500.0,74197600.0
sz300768,迪普科技,14.4,-0.69%,1.35%,34999400.0,40478200.0,5478800.0,75477700.0
sz002661,克明食品,10.11,-0.69%,1.79%,27352700.0,33188000.0,5835300.0,60540700.0
sz301121,紫建电子,38.16,-0.70%,2.63%,11766199.999999998,18870200.0,7104000.0,30636400.0
sh603883,老百姓,25.43,-0.70%,0.94%,65729799.99999999,76250700.0,10520900.0,142000000.0
sh688686,奥普特,105.21,-0.70%,1.79%,36720700.0,30034200.0,6686500.0,66754900.0
sz301086,鸿富瀚,41.7,-0.71%,1.96%,9181500.0,17990300.0,8808800.0,27171800.0
sz300499,高澜股份,12.62,-0.71%,6.45%,112999999.99999999,117000000.0,3733100.0,229000000.0
sh688244,永信至诚,60.75,-0.72%,3.01%,12970700.0,14394500.0,1423800.0,27365100.000000004
sz300143,盈康生命,9.62,-0.72%,0.80%,21931300.0,28657300.0,6726000.0,50841600.0
sh605098,行动教育,39.76,-0.72%,2.55%,18422100.0,27035500.0,8613400.0,45457700.00000001
sh688696,极米科技,119.34,-0.72%,1.55%,39617000.0,47738100.00000001,8121100.0,87355100.0
sh603056,德邦股份,15.25,-0.72%,0.35%,25630900.0,26949699.999999996,1318899.9999999998,52580700.0
sz002214,大立科技,11.0,-0.72%,0.83%,19678600.0,25132199.999999996,5453600.0,44810700.0
sz300253,卫宁健康,6.8,-0.73%,2.53%,156000000.0,171000000.0,15401600.0,327000000.0
sz002813,路畅科技,31.07,-0.73%,1.77%,29338500.0,36933800.0,7595300.0,66272299.99999999
sz002380,科远智慧,17.68,-0.73%,2.97%,29123600.0,47332500.0,18208900.0,76456000.0
sz300940,南极光,14.68,-0.74%,2.60%,12825700.0,17046600.0,4220900.0,29872199.999999996
sh600769,祥龙电业,8.1,-0.74%,1.28%,15653500.0,24062600.000000004,8409200.0,39716000.0
sh688516,奥特维,153.59,-0.74%,1.87%,106000000.0,120000000.0,14196400.000000002,225999999.99999997
sh603306,华懋科技,28.13,-0.74%,1.70%,53489000.0,107000000.0,53143200.0,160000000.0
sh601126,四方股份,13.34,-0.74%,0.94%,44342600.0,60083700.0,15741099.999999998,104000000.0
sh600489,中金黄金,10.8,-0.74%,1.22%,271000000.0,369000000.0,97507000.0,640000000.0
sz002086,*ST东洋,2.63,-0.75%,0.64%,4559200.0,6095100.0,1535800.0000000002,10654300.0
sz301153,中科江南,65.2,-0.75%,1.28%,46276800.0,63831899.99999999,17555100.0,110000000.00000001
sz301295,美硕科技,37.0,-0.75%,20.26%,53984600.0,78017200.0,24032600.000000004,132000000.0
sz300167,ST迪威迅,2.63,-0.75%,2.97%,9221400.0,16047100.0,6825800.0,25268500.0
sh688418,震有科技,13.28,-0.75%,4.19%,35769800.0,40272200.0,4502400.0,76041900.0
sh688266,泽璟制药,41.0,-0.75%,2.44%,71574200.0,74318000.0,2743800.0,146000000.0
sh603187,海容冷链,17.25,-0.75%,1.04%,28636700.0,41914500.0,13277800.0,70551300.0
sh600599,ST熊猫,9.25,-0.75%,0.70%,4096800.0,7016000.0,2919300.0,11112800.0
sz300521,爱司凯,11.86,-0.75%,1.95%,17228700.0,16927100.0,301600.0,34155900.0
sz002920,德赛西威,137.66,-0.75%,0.94%,367000000.0,355000000.0,12167500.0,721000000.0
sz301269,华大九天,103.18,-0.76%,0.68%,85679400.0,104000000.0,18152400.0,190000000.0
sh688283,坤恒顺维,64.01,-0.76%,0.54%,8896400.0,9112700.0,216300.0,18009200.0
sh688607,康众医疗,18.38,-0.76%,2.15%,9602100.0,17236700.0,7634600.0,26838800.0
sz300275,梅安森,11.69,-0.76%,3.28%,40453600.0,57671100.0,17217500.0,98359599.99999999
sh603991,至正股份,32.75,-0.76%,0.47%,7833000.0,3860899.9999999995,3972100.0,11693800.000000002
sh688379,华光新材,19.58,-0.76%,2.10%,15001700.0,22212100.0,7210400.0,37213800.0
sz300815,玉禾田,15.68,-0.76%,2.50%,72684900.0,80291800.0,7606900.000000001,153000000.0
sz300938,信测标准,39.1,-0.76%,1.42%,13022300.0,16729700.0,3707400.0,29756000.0
sh600685,中船防务,23.56,-0.76%,0.99%,89268100.0,108000000.0,19167500.0,198000000.0
sz002851,麦格米特,30.01,-0.76%,0.82%,44610300.0,59734700.0,15124400.0,104000000.0
sz002001,新和成,15.74,-0.76%,0.52%,112999999.99999999,145000000.0,32119899.999999996,256999999.99999997
sz300056,中创环保,6.47,-0.77%,2.20%,28051800.0,27997600.000000004,54100.0,56049399.99999999
sz002728,特一药业,15.55,-0.77%,6.86%,97824800.0,146000000.0,48303900.0,244000000.0
sh603565,中谷物流,10.35,-0.77%,1.37%,45583600.0,49080700.0,3497100.0,94664300.0
sh600225,卓朗科技,5.13,-0.77%,0.49%,38399400.0,49709500.0,11310200.0,88108799.99999999
sz300518,盛讯达,17.98,-0.77%,1.24%,22299100.0,21585300.000000004,713700.0,43884500.0
sz301370,国科恒泰,19.02,-0.78%,18.51%,107000000.0,134000000.00000001,27242500.0,242000000.0
sh688329,艾隆科技,24.06,-0.78%,3.37%,19392300.0,18648600.0,743700.0,38040800.0
sh688286,敏芯股份,45.83,-0.78%,1.48%,12004300.0,18043000.0,6038700.0,30047199.999999996
sh603638,艾迪精密,16.55,-0.78%,0.25%,19544300.0,15709400.0,3834900.0,35253700.0
sh600777,新潮能源,2.56,-0.78%,2.57%,167000000.0,261000000.0,94021600.0,429000000.0
sh600475,华光环能,10.24,-0.78%,0.73%,29967800.000000004,41513400.0,11545600.0,71481100.0
sz300344,立方数科,5.06,-0.78%,2.40%,33352600.000000004,46258500.0,12905900.0,79611100.0
sz300192,科德教育,10.12,-0.78%,6.58%,58336000.0,87055300.0,28719300.0,146000000.0
sz000998,隆平高科,15.17,-0.78%,0.91%,78010800.0,104000000.0,25947700.0,182000000.0
sz301371,敷尔佳,50.16,-0.79%,14.93%,133000000.0,161000000.0,28490900.0,294000000.0
sh603203,快克智能,23.96,-0.79%,0.52%,15413800.000000002,15464300.0,50400.0,30878100.0
sz002903,宇环数控,17.65,-0.79%,3.31%,28490400.0,31183600.0,2693200.0,59673900.0
sz301056,森赫股份,9.86,-0.80%,23.07%,76776300.0,79610800.0,2834500.0,156000000.0
sz300589,江龙船艇,13.64,-0.80%,4.12%,47745200.00000001,80588400.0,32843200.0,128000000.0
sz300515,三德科技,12.37,-0.80%,1.69%,16756700.0,22484600.0,5727900.0,39241400.0
sz300371,汇中股份,13.58,-0.80%,3.01%,23465800.0,33640300.0,10174400.0,57106100.0
sz002468,申通快递,9.93,-0.80%,1.13%,73826100.0,95028600.0,21202500.0,170000000.0
sz000719,中原传媒,12.3,-0.81%,9.01%,314000000.0,436000000.00000006,122000000.0,750000000.0
sz301150,中一科技,39.0,-0.81%,1.17%,12441400.000000002,19689100.0,7247700.0,32130500.0
sz301157,华塑科技,45.35,-0.81%,6.86%,21997000.0,23972600.000000004,1975500.0,45969500.0
sh600977,中国电影,14.67,-0.81%,1.68%,211000000.0,263000000.0,52633100.00000001,474000000.0
sh600609,金杯汽车,4.89,-0.81%,1.26%,31814200.0,50678200.0,18864000.0,82492400.0
sh600377,宁沪高速,9.76,-0.81%,0.33%,49474500.0,72847000.0,23372500.0,122000000.0
sz300724,捷佳伟创,82.97,-0.81%,1.84%,190000000.0,240000000.0,50207700.00000001,430999999.99999994
sz002453,华软科技,11.07,-0.81%,1.20%,36569900.0,46434000.0,9864100.0,83004000.0
sz301338,凯格精机,33.82,-0.82%,5.58%,26435100.000000004,40031300.0,13596199.999999998,66466400.0
sz002592,ST八菱,4.86,-0.82%,0.98%,5243500.0,7472700.0,2229200.0,12813000.0
sz301028,东亚机械,9.64,-0.82%,1.78%,9442000.0,9569400.0,127400.0,19011400.0
sh603583,捷昌驱动,16.9,-0.82%,1.44%,39131800.0,56260100.0,17128300.0,95391800.0
sz300747,锐科激光,25.4,-0.82%,2.00%,112000000.00000001,153000000.0,40260500.0,265000000.0
sz002915,中欣氟材,13.29,-0.82%,1.15%,21114800.0,24273800.0,3159000.0,45388600.0
sz301229,纽泰格,31.35,-0.82%,5.89%,29642800.000000004,33776700.0,4133900.0,63419500.0
sh601089,福元医药,15.53,-0.83%,3.05%,44188400.0,55611800.0,11423500.0,99800200.0
sz300936,中英科技,31.19,-0.83%,4.57%,18334800.0,20643300.0,2308500.0,38978200.0
sh603859,能科科技,38.9,-0.84%,1.15%,27012700.0,48656100.0,21643400.0,75668700.0
sh601886,江河集团,8.23,-0.84%,0.63%,24076800.0,36227800.0,12151000.0,60304600.0
sz300327,中颖电子,24.87,-0.84%,1.33%,52199799.99999999,63145300.0,10945600.0,114999999.99999999
sz002041,登海种业,15.28,-0.84%,0.71%,44582200.0,53105700.0,8523500.0,97687900.00000001
sh603206,嘉环科技,15.17,-0.85%,3.96%,20079500.0,33919900.0,13840400.0,53999399.99999999
sh605599,菜百股份,13.94,-0.85%,0.72%,20377700.0,39183100.0,18805500.0,59560800.0
sz300826,测绘股份,16.36,-0.85%,9.33%,95890600.0,122000000.0,26477100.0,218000000.00000003
sh600774,汉商集团,9.35,-0.85%,2.08%,25981000.0,32738900.0,6757900.0,58719799.99999999
sh600699,均胜电子,17.43,-0.85%,1.95%,216000000.0,264000000.0,47850800.0,480000000.0
sz301210,金杨股份,43.76,-0.86%,15.12%,50713800.0,61673700.0,10959900.0,112000000.00000001
sh688590,新致软件,18.37,-0.86%,5.49%,76833600.0,90282200.0,13448599.999999998,167000000.0
sh603105,芯能科技,13.83,-0.86%,1.06%,31829200.0,42971300.0,11142100.0,74800500.0
sz000603,盛达资源,14.93,-0.86%,3.10%,114999999.99999999,160000000.0,44702299.99999999,275000000.0
sz301398,星源卓镁,57.01,-0.87%,17.09%,88074500.0,106000000.0,17992800.0,194000000.0
sh605222,起帆电缆,17.06,-0.87%,0.71%,22439699.999999996,28054300.0,5614600.0,50494000.0
sh603712,七一二,25.0,-0.87%,0.96%,86227500.0,103000000.0,16598599.999999998,189000000.0
sh600660,福耀玻璃,37.63,-0.87%,0.80%,301000000.0,306000000.0,5932300.0,607000000.0
sh600305,恒顺醋业,10.3,-0.87%,0.80%,34702400.0,50116000.0,15413599.999999998,84818400.0
sz300520,科大国创,18.29,-0.87%,2.95%,56316899.99999999,73124900.0,16807900.0,129000000.0
sz301533,威马农机,44.6,-0.87%,31.65%,159000000.0,159000000.0,124400.0,318000000.0
sz002089,*ST新海,1.12,-0.88%,2.96%,14357900.0,25544500.0,11186600.0,39902300.0
sh603313,梦百合,11.3,-0.88%,0.65%,15846700.0,20124200.0,4277600.0,35970900.0
sz300644,南京聚隆,16.91,-0.88%,7.94%,47004799.99999999,68186700.0,21181900.0,114999999.99999999
sz002039,黔源电力,13.48,-0.88%,0.74%,18483600.0,25244400.0,6760800.0,43728100.00000001
sz000537,广宇发展,11.24,-0.88%,0.51%,46700800.0,62350900.0,15650100.0,110000000.00000001
sz000032,深桑达A,24.85,-0.88%,7.37%,559000000.0,583000000.0,24743100.0,1150000000.0
sz002729,好利科技,16.7,-0.89%,2.77%,42525900.0,40470300.0,2055600.0,82996200.00000001
sz301183,东田微,44.5,-0.89%,7.53%,66832299.99999999,70975800.0,4143500.0,138000000.0
sh688185,康希诺,70.21,-0.89%,2.79%,84139700.0,94507400.0,10367700.0,179000000.0
sz002212,天融信,8.95,-0.89%,1.54%,76600700.0,89088300.0,12487600.0,166000000.0
sz300895,铜牛信息,35.5,-0.89%,19.73%,208000000.0,277000000.0,69091600.0,486000000.00000006
sh603269,海鸥股份,12.24,-0.89%,2.55%,23671600.0,26642900.0,2971300.0,50314399.99999999
sh603002,宏昌电子,5.55,-0.89%,1.22%,21381600.0,21372800.000000004,8720.0,42754399.99999999
sh600970,中材国际,11.1,-0.89%,1.85%,159000000.0,204999999.99999997,46313200.0,363000000.0
sh600375,汉马科技,6.68,-0.89%,1.35%,23924300.0,35533700.0,11609300.0,59457800.0
sz002732,燕塘乳业,21.9,-0.90%,1.23%,20794300.0,21787700.0,993400.0,42582000.0
sh600861,北京人力,25.02,-0.91%,0.89%,37524200.0,33684500.0,3839700.0000000005,71208700.0
sh688633,星球石墨,27.36,-0.91%,1.09%,4835500.0,5565200.0,729800.0,10400700.0
sz002750,龙津药业,9.75,-0.91%,2.89%,47466600.0,64178100.00000001,16711600.0,114999999.99999999
sz002436,兴森科技,10.88,-0.91%,2.82%,234000000.0,242000000.0,8170599.999999999,476000000.0
sz002264,新华都,5.39,-0.92%,1.26%,16556400.000000002,28701300.0,12144900.0,45260900.0
sz300945,曼卡龙,14.0,-0.92%,4.56%,21780000.0,28526400.0,6746500.0,50306400.0
sh600857,宁波中百,9.67,-0.92%,1.43%,13760800.0,17852500.0,4091700.0,31613200.0
sh600298,安琪酵母,32.37,-0.92%,1.14%,139000000.0,187000000.0,48405700.0,325000000.0
sz300416,苏试试验,16.1,-0.92%,1.63%,52823800.0,83474400.0,30650700.0,136000000.0
sh688081,兴图新科,14.99,-0.93%,2.72%,14805900.0,14671500.0,134400.0,29477399.999999996
sh603603,*ST博天,3.19,-0.93%,1.37%,16288400.0,19732300.0,3443900.0,36020600.0
sz300572,安车检测,14.93,-0.93%,2.62%,33776900.0,41030500.0,7253600.0,74807400.0
sz300458,全志科技,22.33,-0.93%,2.40%,139000000.0,142000000.0,3035500.0,281000000.0
sh688577,浙海德曼,38.11,-0.94%,2.00%,6469900.0,8479700.0,2009800.0,14949600.0
sh688050,爱博医疗,152.16,-0.94%,1.39%,109000000.00000001,95910700.0,13555200.0,204999999.99999997
sh603078,江化微,15.76,-0.94%,3.29%,73230800.0,103000000.0,29287800.000000004,176000000.0
sh600674,川投能源,14.81,-0.94%,0.30%,83202900.00000001,119000000.0,36005400.0,202000000.0
sz300669,沪宁股份,12.66,-0.94%,1.41%,14000500.0,18476300.0,4475900.0,32476700.0
sz300568,星源材质,13.67,-0.94%,1.59%,109000000.00000001,148000000.0,38996600.0,256999999.99999997
sz300377,赢时胜,9.51,-0.94%,13.08%,422000000.0,471000000.0,48908800.0,893000000.0
sz300368,汇金股份,8.43,-0.94%,16.03%,333000000.0,432000000.0,98868700.00000001,765000000.0
sh688272,*ST富吉,17.8,-0.95%,1.99%,3612400.0,5567600.0,1955200.0,9180000.0
sh603039,泛微网络,58.43,-0.95%,1.24%,99401600.0,93935100.0,5466600.0,193000000.0
sz300651,金陵体育,22.0,-0.95%,3.83%,28095500.0,37398700.0,9303200.0,65494100.0
sz002799,环球印务,11.42,-0.95%,4.05%,63085900.0,85590800.0,22504899.999999996,150000000.0
sh688150,莱特光电,15.54,-0.96%,1.70%,18202500.0,22908900.0,4706500.0,41111300.0
sz301226,祥明智能,21.75,-0.96%,3.93%,19501800.0,23604800.0,4103100.0,43106600.0
sz300843,胜蓝股份,17.5,-0.96%,0.87%,9562400.0,12495700.0,2933300.0,22058100.0
sz300451,创业慧康,6.18,-0.96%,2.59%,94212800.0,129000000.0,35058500.0,223000000.0
sz002749,国光股份,10.28,-0.96%,0.93%,21791300.0,17059100.0,4732200.0,38958300.0
sz002672,东江环保,6.21,-0.96%,2.25%,43944000.0,52588200.0,8644100.0,96532200.0
sh688420,美腾科技,28.64,-0.97%,3.72%,10340600.0,13320500.0,2979800.0,23661100.0
sh688288,鸿泉物联,20.52,-0.97%,0.75%,8746100.0,7259900.0,1486200.0,16005900.0
sz300427,*ST红相,7.17,-0.97%,1.63%,14044000.0,24350700.0,10306700.0,38394700.0
sz002234,民和股份,15.31,-0.97%,2.91%,56932800.0,81941299.99999999,25008500.0,139000000.0
sz002221,东华能源,10.23,-0.97%,1.07%,72665200.0,88314300.0,15649100.0,161000000.0
sh600666,ST瑞德,2.03,-0.98%,0.30%,4837600.0,10096000.0,5258400.0,14933500.0
sz002356,赫美集团,5.06,-0.98%,1.02%,26779300.0,43011800.0,16232500.0,69791100.0
sh688279,峰岹科技,99.02,-0.98%,1.80%,44739000.0,54931899.99999999,10192900.0,99670900.0
sh603578,三星新材,15.23,-0.98%,2.37%,28922100.0,37385500.0,8463400.0,66307700.00000001
sh603359,东珠生态,9.06,-0.98%,1.86%,34639600.0,41690700.0,7051100.0,76330200.0
sz002290,禾盛新材,11.17,-0.98%,0.92%,12426400.000000002,13105400.0,679000.0,25531800.0
sz300783,三只松鼠,18.12,-0.98%,2.07%,37899700.0,70451900.0,32552199.999999996,108000000.0
sh688147,微导纳米,41.93,-0.99%,3.57%,30775100.000000004,30958600.0,183500.0,61733700.0
sh603636,南威软件,12.01,-0.99%,1.70%,56594300.0,68039100.0,11444800.0,125000000.0
sh603336,宏辉果蔬,5.01,-0.99%,4.74%,67206200.0,71779400.0,4573200.0,139000000.0
sh601199,江南水务,6.0,-0.99%,3.02%,65368900.0,108000000.0,42586100.0,173000000.0
sz002646,天佑德酒,13.95,-0.99%,1.76%,55791300.0,61419900.0,5628700.0,118000000.0
sz301319,唯特偶,46.99,-0.99%,4.59%,14375400.0,18043700.0,3668200.0,32419100.0
sz002900,哈三联,11.88,-1.00%,2.38%,21015000.0,28026300.0,7011300.0,49041300.0
sz301052,果麦文化,40.41,-1.00%,6.75%,65094700.0,88124000.0,23029300.0,153000000.0
sh600379,宝光股份,9.9,-1.00%,1.72%,23352199.999999996,34093900.0,10741700.0,57446200.0
sz300354,东华测试,35.76,-1.00%,1.02%,10850900.0,19006800.0,8155900.0,29857700.0
sz301041,金百泽,24.85,-1.00%,7.37%,61743400.0,54286400.0,7457000.0,115999999.99999999
sh688353,华盛锂电,32.28,-1.01%,1.06%,7914200.0,11245200.0,3331000.0,19159400.0
sz301046,能辉科技,25.55,-1.01%,4.17%,25206200.0,39115200.0,13909000.0,64321300.0
sh603055,台华新材,9.82,-1.01%,0.71%,29139400.0,33549200.0,4409800.0,62688600.0
sz300044,赛为智能,3.93,-1.01%,4.58%,52741400.0,75345200.0,22603800.0,128000000.0
sz002643,万润股份,16.72,-1.01%,0.63%,43636800.0,53564799.99999999,9927900.0,97201500.0
sz301138,华研精机,29.22,-1.02%,5.50%,20864100.0,28974600.0,8110599.999999999,49838700.0
sh603099,长白山,12.66,-1.02%,1.24%,18671200.0,23985700.0,5314500.0,42656899.99999999
sh603225,新凤鸣,12.56,-1.02%,0.95%,91631299.99999999,93684200.0,2052900.0,185000000.0
sh600009,上海机场,38.7,-1.02%,1.12%,373000000.0,480000000.0,107000000.0,852999999.9999999
sz300707,威唐工业,13.59,-1.02%,3.50%,27825800.0,33128800.0,5303000.0,60954600.0
sz002465,海格通信,9.71,-1.02%,1.60%,156000000.0,206999999.99999997,50916899.99999999,365000000.0
sz000889,ST中嘉,1.95,-1.02%,1.64%,10710400.0,17376100.0,6665599.999999999,28086500.0
sh688173,希荻微,16.4,-1.03%,1.67%,21384699.999999996,28338000.0,6953300.0,49722700.00000001
sh688369,致远互联,43.21,-1.03%,0.97%,21746900.0,28709500.0,6962600.0,50456500.0
sh688625,呈和科技,36.22,-1.04%,0.53%,5849200.0,10339600.0,4490400.0,16188800.000000002
sz002982,湘佳股份,31.35,-1.04%,2.94%,31565600.0,30640600.0,925000.0,62206200.0
sz301292,海科新源,20.96,-1.04%,12.55%,51144900.0,65150400.0,14005500.0,115999999.99999999
sh603198,迎驾贡酒,73.6,-1.04%,0.57%,155000000.0,186000000.0,30387800.000000004,341000000.0
sz000688,国城矿业,12.42,-1.04%,0.43%,29989100.0,31921300.0,1932100.0,61910400.0
sz000669,ST金鸿,1.89,-1.05%,1.07%,5895400.0,8183099.999999999,2287700.0,14078500.0
sz301388,欣灵电气,23.51,-1.05%,6.59%,15722300.0,25198100.0,9475800.0,40920400.0
sz300350,华鹏飞,4.65,-1.06%,4.58%,45679500.0,57723500.0,12044000.0,103000000.0
sh605338,巴比食品,22.47,-1.06%,1.40%,13050000.0,14690500.0,1640400.0,27740500.0
sz300859,*ST西域,24.34,-1.06%,2.65%,41178000.0,61424799.99999999,20246800.0,103000000.0
sz300575,中旗股份,10.31,-1.06%,1.02%,16351099.999999998,20709100.0,4358000.0,37060300.0
sz002585,双星新材,9.3,-1.06%,2.26%,90392900.00000001,102000000.0,12007100.0,193000000.0
sz000915,华特达因,29.9,-1.06%,0.98%,31488100.0,38415100.0,6927000.0,69903200.0
sh605028,世茂能源,18.44,-1.07%,5.85%,14066700.0,30057199.999999996,15990500.0,44123800.0
sh688670,金迪克,28.65,-1.07%,2.74%,17098500.0,18767100.0,1668600.0000000002,35865600.0
sh603885,吉祥航空,15.73,-1.07%,0.83%,138000000.0,151000000.0,13611600.0,289000000.0
sh601778,晶科科技,3.7,-1.07%,3.47%,166000000.0,305000000.0,139000000.0,471000000.0
sz301512,智信精密,53.99,-1.08%,17.80%,56568700.0,75465900.0,18897200.0,132000000.0
sh688498,源杰科技,153.42,-1.08%,11.26%,172000000.0,154000000.0,18099100.0,327000000.0
sz301179,泽宇智能,25.62,-1.08%,4.39%,28698300.0,40631100.0,11932800.0,69329300.0
sz003017,大洋生物,31.09,-1.08%,3.14%,22465500.0,19756300.0,2709200.0,42364900.0
sh688127,蓝特光学,13.79,-1.08%,1.74%,19118100.0,23492500.0,4374300.0,42610700.0
sh603915,国茂股份,16.41,-1.08%,0.54%,25585900.0,33520200.0,7934299.999999999,59106200.0
sh603658,安图生物,44.81,-1.08%,0.57%,78516700.0,74597300.0,3919300.0,153000000.0
sz300506,名家汇,6.43,-1.08%,1.42%,19229800.0,33874600.0,14644800.0,53104399.99999999
sh688337,普源精电,45.26,-1.09%,1.38%,14924500.0,21166400.0,6241900.000000001,36090800.0
sh688118,普元信息,24.6,-1.09%,3.85%,41734600.0,52596800.0,10862200.0,94331200.00000001
sz300828,锐新科技,13.55,-1.09%,1.99%,13779300.0,20139600.0,6360200.0,33918900.0
sz300617,安靠智电,34.63,-1.09%,1.24%,19841600.0,26649300.0,6807700.0,46529000.0
sh603268,松发股份,19.08,-1.09%,1.24%,16776400.000000002,12883000.0,3893399.9999999995,29659300.0
sh600059,古越龙山,10.0,-1.09%,1.71%,83319800.0,76211800.0,7108000.0,160000000.0
sz300671,富满微,30.9,-1.09%,1.82%,66248500.0,60612700.00000001,5635900.0,127000000.0
sz003009,中天火箭,46.92,-1.10%,7.01%,69535400.0,77999000.0,8463600.0,148000000.0
sz300650,太龙股份,11.72,-1.10%,1.93%,16206099.999999998,19094800.0,2888700.0,35300800.0
sh603501,韦尔股份,88.2,-1.10%,0.78%,411000000.00000006,411000000.00000006,218800.0,822000000.0000001
sh600838,上海九百,7.16,-1.10%,7.01%,89060300.0,118000000.0,28642000.0,206999999.99999997
sz300738,奥飞数据,8.96,-1.10%,2.88%,99679400.0,122000000.0,22522800.000000004,222000000.00000003
sz300733,西菱动力,10.82,-1.10%,1.74%,20517199.999999996,22680200.0,2163000.0,43197400.0
sz300393,中来股份,10.78,-1.10%,2.15%,89883900.0,139000000.0,49317200.0,229000000.0
sz002702,海欣食品,5.4,-1.10%,4.75%,44462800.0,57598500.0,13135700.0,102000000.0
sz001287,中电港,25.77,-1.11%,8.86%,177000000.0,254000000.0,76642700.0,430999999.99999994
sh603606,东方电缆,37.5,-1.11%,1.33%,157000000.0,192000000.0,34670400.0,349000000.0
sh603363,傲农生物,8.9,-1.11%,2.29%,64769300.0,88742500.0,23973200.0,154000000.0
sh601208,东材科技,11.55,-1.11%,1.36%,72878700.0,71941800.0,936900.0,145000000.0
sh600719,大连热电,7.12,-1.11%,4.93%,63793500.0,81504800.0,17711300.0,145000000.0
sh600365,ST通葡,3.57,-1.11%,1.20%,6937400.0,10783000.0,3845600.0,17720400.0
sz300436,广生堂,22.26,-1.11%,1.37%,17478200.0,24122100.0,6643900.0,41600200.00000001
sz300386,飞天诚信,10.67,-1.11%,5.96%,73883100.0,90120300.0,16237100.0,164000000.0
sz301486,致尚科技,45.05,-1.12%,15.48%,105000000.0,117000000.0,11714000.0,221000000.0
sh688683,莱尔科技,22.17,-1.12%,1.55%,7079100.0,13521500.0,6442400.0,20600600.0
sh600992,贵绳股份,15.89,-1.12%,2.90%,41660500.0,73324800.0,31664300.0,114999999.99999999
sh600152,维科技术,7.09,-1.12%,1.35%,21993800.0,29445300.000000004,7451500.0,51439100.0
sz301273,瑞晨环保,27.89,-1.13%,9.17%,20571600.0,26790700.0,6219100.0,47362299.99999999
sh688083,中望软件,122.9,-1.13%,1.68%,68509000.0,77730800.0,9221800.0,146000000.0
sh603882,金域医学,60.24,-1.13%,0.76%,104000000.0,110000000.00000001,5824800.0,214000000.0
sh600027,华电国际,5.24,-1.13%,1.01%,149000000.0,307000000.0,158000000.0,457000000.0
sz300188,美亚柏科,16.59,-1.13%,2.21%,115999999.99999999,157000000.0,41376899.99999999,276000000.0
sz002237,恒邦股份,11.36,-1.13%,1.45%,58083900.0,94385100.0,36301200.0,152000000.0
sz000903,云内动力,2.63,-1.13%,3.79%,86226400.0,111000000.00000001,24469600.0,197000000.0
sh688107,安路科技,41.5,-1.14%,0.95%,32703700.0,44213900.0,11510200.0,76917600.0
sz300378,鼎捷软件,24.19,-1.14%,4.88%,168000000.0,156000000.0,11924700.0,325000000.0
sz300323,华灿光电,6.07,-1.14%,1.61%,33201600.0,41481800.0,8280100.0,74683400.0
sz003000,劲仔食品,10.32,-1.15%,3.43%,41543900.0,39443900.0,2100000.0,81003300.0
sz002840,华统股份,14.58,-1.15%,1.20%,35848400.0,47348900.0,11500500.0,83197400.0
sz301311,昆船智能,22.15,-1.16%,10.76%,64543500.0,83460500.0,18916900.0,148000000.0
sh688170,德龙激光,34.0,-1.16%,1.02%,10086500.0,13805600.0,3719100.0000000005,23892199.999999996
sh605300,佳禾食品,19.61,-1.16%,2.79%,15173800.000000002,16943800.0,1770000.0,32117600.000000004
sh688388,嘉元科技,20.38,-1.16%,1.09%,42995100.0,52165000.0,9169800.0,95160200.0
sz300772,运达股份,11.11,-1.16%,1.19%,38368400.0,55413800.0,17045400.0,93782200.0
sz300635,中达安,14.51,-1.16%,16.48%,133000000.0,155000000.0,22285800.0,287000000.0
sz002539,云图控股,8.55,-1.16%,1.78%,56121300.0,81266800.0,25145500.0,137000000.0
sz002111,威海广泰,8.53,-1.16%,1.52%,28050600.0,34961000.0,6910400.0,63011500.0
sz000045,深纺织A,9.37,-1.16%,1.30%,27789300.0,28762100.0,972800.0,57326400.0
sz300967,晓鸣股份,16.05,-1.17%,9.27%,82640000.0,75614300.0,7025700.000000001,158000000.0
sh600816,ST建元,3.38,-1.17%,0.36%,25180300.000000004,39297200.0,14116800.0,64477400.0
sh600568,ST中珠,1.69,-1.17%,0.64%,6681900.000000001,10537700.0,3855800.0,17219500.0
sh600536,中国软件,39.87,-1.17%,3.88%,625000000.0,710000000.0,85471700.0,1335000000.0
sz002371,北方华创,254.0,-1.17%,1.30%,758000000.0,1028999999.9999999,271000000.0,1787000000.0
sh688400,凌云光,22.7,-1.18%,2.13%,33637700.0,59461800.0,25824100.0,93099500.0
sh688216,气派科技,21.72,-1.18%,1.61%,6257200.0,9545000.0,3287700.0,15802200.0
sz300114,中航电测,41.21,-1.18%,2.39%,242000000.0,358000000.0,115999999.99999999,600000000.0
sz001337,四川黄金,31.67,-1.19%,15.13%,127000000.0,163000000.0,36075300.0,290000000.0
sz301188,力诺特玻,12.48,-1.19%,2.66%,21799100.0,29679200.0,7880100.0,51478300.0
sh688707,振华新材,24.16,-1.19%,0.90%,30495800.0,32481000.0,1985200.0,62976800.0
sh688080,映翰通,37.3,-1.19%,1.58%,20485300.000000004,23777700.0,3292400.0,44263100.00000001
sh605567,春雪食品,12.49,-1.19%,2.92%,20697800.000000004,25265300.000000004,4567400.0,45963100.00000001
sz300785,值得买,22.39,-1.19%,4.53%,51947100.0,68170400.0,16223300.0,120000000.0
sz300302,同有科技,11.65,-1.19%,5.75%,109000000.00000001,146000000.0,36763700.0,256000000.0
sz002719,麦趣尔,10.81,-1.19%,11.06%,97429200.0,102000000.0,4212700.0,199000000.0
sz002409,雅克科技,59.88,-1.19%,2.85%,246000000.0,315000000.0,68930000.0,560000000.0
sz301155,海力风电,55.87,-1.20%,2.67%,62374100.0,74055100.0,11681000.0,136000000.0
sz003031,中瓷电子,91.85,-1.20%,3.06%,92116900.0,104000000.0,12031800.0,197000000.0
sz300820,英杰电气,57.67,-1.20%,3.48%,92780600.0,123000000.0,30028400.0,216000000.0
sz300057,万顺新材,6.61,-1.20%,1.94%,36413900.0,60702299.99999999,24288500.0,97116100.0
sz001373,翔腾新材,38.33,-1.21%,15.11%,46100100.0,55853100.00000001,9753000.0,102000000.0
sz002634,棒杰股份,8.18,-1.21%,1.40%,18379400.0,26362800.000000004,7983400.0,44742299.99999999
sh688091,上海谊众,55.75,-1.21%,1.41%,45710000.0,43550200.00000001,2159800.0,89260200.0
sh603993,洛阳钼业,5.73,-1.21%,0.81%,432000000.0,401000000.0,30651100.0,833000000.0
sz300516,久之洋,27.86,-1.21%,0.96%,20854500.0,28440500.0,7586000.0,49295000.0
sz300449,汉邦高科,5.7,-1.21%,4.70%,38098600.0,42928000.0,4829400.0,81033700.0
sz001328,登康口腔,35.73,-1.22%,20.25%,132000000.0,178000000.0,45993600.0,309000000.0
sz301286,侨源股份,28.25,-1.22%,1.79%,5633800.0,14727000.0,9093200.0,20360900.0
sz300258,精锻科技,12.13,-1.22%,2.84%,76305500.0,87793400.0,11488000.0,164000000.0
sz001301,尚太科技,51.46,-1.23%,1.71%,18984900.0,39958900.0,20974000.0,58943800.0
sz001201,东瑞股份,23.35,-1.23%,2.20%,24920700.0,23223000.0,1697700.0,48143700.0
sh688377,迪威尔,23.2,-1.23%,1.25%,14814200.0,35669600.0,20855400.0,50483700.0
sz300992,泰福泵业,19.31,-1.23%,2.98%,11868400.0,13752800.0,1884300.0,25621200.0
sh603706,东方环宇,15.32,-1.23%,1.98%,26517399.999999996,32317199.999999996,5799800.0,58834700.0
sz300666,江丰电子,54.0,-1.23%,2.21%,113999999.99999999,143000000.0,29266500.0,256999999.99999997
sz301366,一博科技,32.11,-1.23%,7.65%,43479500.0,44817500.0,1338000.0,88297099.99999999
sz301072,中捷精工,22.38,-1.24%,5.82%,19431000.0,25043700.0,5612600.0,44474600.0
sh605020,永和股份,27.91,-1.24%,1.61%,35850400.0,43859600.0,8009100.0,79710000.0
sz300903,科翔股份,8.76,-1.24%,2.99%,33176500.0,41262299.99999999,8085800.0,74441400.0
sh688800,瑞可达,40.61,-1.24%,2.11%,43980300.0,41697500.0,2282800.0,85677800.0
sz002877,智能自控,9.53,-1.24%,4.93%,47594799.99999999,52889300.0,5294400.000000001,100000000.0
sz002653,海思科,20.67,-1.24%,0.55%,23174600.0,36638000.0,13463400.0,59812700.00000001
sz002640,跨境通,3.95,-1.25%,6.95%,161000000.0,225000000.0,63733800.0,391000000.0
sh603122,合富中国,7.91,-1.25%,9.88%,58038200.0,85693600.0,27655300.000000004,144000000.0
sz300068,南都电源,14.98,-1.25%,2.32%,127000000.0,164000000.0,36872400.0,294000000.0
sz002166,莱茵生物,7.11,-1.25%,1.93%,26131100.0,45113000.0,18981900.0,71244100.0
sz301018,申菱环境,25.83,-1.26%,3.16%,31869800.0,41231800.0,9361900.0,73101600.0
sh603520,司太立,13.33,-1.26%,1.93%,44979500.0,45798500.0,819100.0,90778000.0
sh603043,广州酒家,24.37,-1.26%,0.69%,39209700.0,57706400.0,18496800.0,96916100.0
sh600461,洪城环境,8.62,-1.26%,1.04%,39101300.0,52277400.0,13176099.999999998,91378700.00000001
sz300579,数字认证,29.68,-1.26%,3.04%,101000000.0,146000000.0,45563800.0,247000000.00000003
sz300827,上能电气,30.36,-1.27%,4.25%,128000000.0,217000000.0,88474900.0,345000000.0
sh603200,上海洗霸,18.59,-1.27%,3.23%,38851000.0,68102900.0,29251900.0,107000000.0
sh600004,白云机场,11.65,-1.27%,1.61%,161000000.0,290000000.0,129000000.0,451000000.0
sz300789,唐源电气,20.98,-1.27%,7.79%,53230100.0,72909300.0,19679200.0,126000000.0
sz001288,运机集团,16.18,-1.28%,4.47%,21755400.0,19668000.0,2087400.0,41423500.0
sh688076,诺泰生物,27.71,-1.28%,2.03%,31891500.0,52413700.0,20522199.999999996,84305200.0
sz300969,恒帅股份,68.0,-1.28%,4.45%,21970900.0,40137700.0,18166800.0,62108500.0
sh603596,伯特利,77.3,-1.28%,1.30%,177000000.0,237000000.0,59803100.00000001,413999999.99999994
sh605499,东鹏饮料,179.11,-1.28%,0.41%,54615200.00000001,62574000.0,7958800.0,117000000.0
sh600416,湘电股份,16.21,-1.28%,0.91%,57744100.0,111000000.00000001,52966899.99999999,168000000.0
sz300456,赛微电子,18.58,-1.28%,2.95%,156000000.0,174000000.0,18263000.0,331000000.0
sz002975,博杰股份,32.23,-1.29%,1.48%,16918300.0,17875300.0,957099.9999999999,35025700.0
sh688225,亚信安全,16.78,-1.29%,0.78%,9649900.0,15568200.0,5918300.0,25218200.0
sh688416,恒烁股份,51.92,-1.29%,7.63%,34413000.0,42246000.0,7832900.0,76658900.0
sh688557,兰剑智能,33.56,-1.29%,2.73%,21501200.0,20253200.0,1248100.0,41754399.99999999
sh603110,东方材料,23.7,-1.29%,1.07%,23588600.0,28818600.0,5230000.0,52407200.0
sh600352,浙江龙盛,9.18,-1.29%,0.79%,99241200.00000001,140000000.0,40451500.0,239000000.0
sz002735,王子新材,11.45,-1.29%,3.16%,26943000.0,44492900.0,17550000.0,71781700.0
sz301073,君亭酒店,33.41,-1.30%,4.41%,49930200.00000001,78998600.0,29068400.0,129000000.0
sh688689,银河微电,22.06,-1.30%,2.01%,8630600.0,8346200.0,284400.0,16976700.0
sh605008,长鸿高科,14.47,-1.30%,0.24%,7092500.0,15801199.999999998,8708700.0,22893700.0
sh603197,保隆科技,53.04,-1.30%,1.32%,63778200.0,86085100.0,22306900.0,150000000.0
sh603115,海星股份,12.89,-1.30%,0.72%,9522600.0,13100200.0,3577600.0,22622800.000000004
sh601899,紫金矿业,12.14,-1.30%,0.99%,1272000000.0,1233000000.0,38945000.0,2506000000.0
sh600600,青岛啤酒,94.46,-1.30%,1.13%,373000000.0,390000000.0,17071100.0,763000000.0
sz002866,传艺科技,19.7,-1.30%,4.14%,70486500.0,81281000.0,10794400.0,152000000.0
sz002003,伟星股份,9.87,-1.30%,0.70%,28765600.0,32192500.0,3426900.0,60958100.00000001
sh605369,拱东医疗,49.75,-1.31%,3.60%,21241300.0,30291500.0,9050200.0,51532800.0
sh603887,城地香江,7.55,-1.31%,2.14%,38802800.0,35982300.0,2820500.0,74785200.0
sh600754,锦江酒店,39.81,-1.31%,1.27%,244000000.0,225999999.99999997,18296300.0,470000000.0
sh688536,思瑞浦,163.58,-1.32%,1.23%,69464700.0,67206700.0,2258000.0,137000000.0
sh603978,深圳新星,15.7,-1.32%,1.02%,14564900.0,12879000.0,1685900.0,27443900.0
sz300742,*ST越博,5.22,-1.32%,5.35%,10748100.0,21335900.0,10587800.0,32084000.0
sz301266,宇邦新材,49.83,-1.33%,3.53%,26165300.000000004,41813700.0,15648400.0,67979000.0
sz300991,创益通,14.11,-1.33%,5.04%,21566400.0,26421700.0,4855200.0,47988100.00000001
sz300151,昌红科技,14.11,-1.33%,1.90%,37064200.0,50661100.0,13597000.0,88363400.0
sh688106,金宏气体,22.9,-1.34%,0.97%,46993700.0,64580300.0,17586500.0,112000000.00000001
sh603138,海量数据,18.4,-1.34%,2.85%,63745700.0,87915000.0,24169300.0,152000000.0
sh688271,联影医疗,102.99,-1.35%,0.96%,292000000.0,311000000.0,19427500.0,603000000.0
sz002157,*ST正邦,2.93,-1.35%,2.17%,64226000.0,109000000.00000001,44479799.99999999,173000000.0
sz300492,华图山鼎,59.56,-1.36%,0.21%,6143500.0,11845200.0,5701700.0,17988800.0
sh688786,悦安新材,40.54,-1.36%,0.65%,5022900.0,9320500.0,4297600.0,14343400.0
sz301017,漱玉平民,18.11,-1.36%,3.07%,28598600.0,33765100.0,5166500.0,62363700.0
sz300501,海顺新材,13.81,-1.36%,2.48%,18013300.0,26212100.0,8198800.0,44225500.0
sz300743,天地数码,13.78,-1.36%,2.65%,17560900.0,18979300.0,1418400.0,36540200.0
sz002254,泰和新材,18.81,-1.36%,1.35%,64169700.0,79211300.0,15041600.0,143000000.0
sz002099,海翔药业,7.26,-1.36%,0.43%,24076700.0,27934500.0,3857799.9999999995,52011200.0
sz300987,川网传媒,17.34,-1.37%,4.25%,31769500.0,40654500.0,8885000.0,72427400.0
sh600353,旭光电子,6.47,-1.37%,1.56%,33150900.0,51317600.0,18166700.0,84468400.0
sz300481,濮阳惠成,16.58,-1.37%,1.98%,34538100.0,65005800.0,30467800.000000004,99543799.99999999
sz300233,金城医药,17.95,-1.37%,1.47%,38498900.0,59870500.0,21371600.0,98369500.0
sz300191,潜能恒信,17.22,-1.37%,1.23%,22300200.0,25043500.0,2743300.0,48025600.00000001
sz300036,超图软件,20.22,-1.37%,2.68%,112999999.99999999,131000000.0,18736800.0,244000000.0
sz002626,金达威,17.11,-1.38%,0.79%,32578000.0,52128000.0,19550000.0,84706000.0
sz300448,浩云科技,5.66,-1.39%,4.75%,58574200.0,78214500.0,19640300.0,137000000.0
sh688217,睿昂基因,36.75,-1.40%,1.32%,8075800.0,10446099.999999998,2370300.0,18522000.0
sh688690,纳微科技,32.09,-1.41%,1.51%,52626000.0,49460000.0,3166000.0,102000000.0
sh600182,S佳通,14.68,-1.41%,1.17%,9749300.0,19903700.0,10154400.0,29653000.0
sz000004,国华网安,15.28,-1.42%,8.18%,76061900.0,83184599.99999999,7122700.0,162000000.0
sh603559,ST通脉,6.25,-1.42%,1.56%,4818900.0,9588600.0,4769700.0,14407600.0
sh603223,恒通股份,11.8,-1.42%,0.73%,22704100.0,25524200.0,2820100.0,48228200.0
sh600136,*ST明诚,2.77,-1.42%,1.28%,5534400.000000001,12023200.0,6488700.0,17557600.0
sz002284,亚太股份,9.01,-1.42%,2.56%,70667300.0,102000000.0,30894699.999999996,172000000.0
sz000977,浪潮信息,36.91,-1.42%,6.57%,1785000000.0000002,1862000000.0,76748000.0,3647000000.0
sz301071,力量钻石,32.42,-1.43%,4.02%,85207300.0,91609700.0,6402400.0,177000000.0
sz301175,中科环保,6.15,-1.44%,11.34%,204999999.99999997,240000000.0,35048600.0,444000000.00000006
sh688095,福昕软件,82.99,-1.44%,2.79%,62025200.00000001,68370100.0,6344900.0,130000000.0
sz300860,锋尚文化,54.89,-1.44%,2.37%,25009800.0,31490100.000000004,6480300.0,56500000.0
sh600273,嘉化能源,8.87,-1.44%,0.91%,51088200.0,64950000.0,13861800.0,115999999.99999999
sh600215,派斯林,8.89,-1.44%,2.40%,45611500.0,56071000.0,10459500.0,102000000.0
sh688378,奥来德,37.95,-1.45%,1.60%,26555500.0,31672300.0,5116800.0,58227700.00000001
sz002528,英飞拓,8.13,-1.45%,7.95%,296000000.0,397000000.0,101000000.0,693000000.0
sz002930,宏川智慧,22.16,-1.47%,0.39%,11951900.0,25866400.0,13914400.0,37818200.0
sh688618,三旺通信,52.6,-1.48%,1.61%,12052600.0,10127000.0,1925600.0,22179600.0
sz301021,英诺激光,21.35,-1.48%,2.40%,12373500.0,24485300.000000004,12111800.0,36858700.0
sz300170,汉得信息,8.64,-1.48%,4.34%,154000000.0,209000000.0,54973000.0,366000000.0
sz301418,协昌科技,68.22,-1.49%,36.26%,213000000.0,242000000.0,28684200.0,455000000.0
sz003029,吉大正元,22.41,-1.49%,3.88%,47253600.0,54831400.0,7577800.0,102000000.0
sz300445,康斯特,14.56,-1.49%,1.95%,14713699.999999998,25552300.0,10838599.999999998,40266000.0
sh688092,爱科科技,27.73,-1.49%,6.24%,21058200.0,27155700.0,6097400.0,48213900.0
sz301010,晶雪节能,19.15,-1.49%,6.41%,30567500.0,33800000.0,3232400.0,64369500.0
sz300702,天宇股份,21.15,-1.49%,1.09%,21748300.0,27937700.0,6189299.999999999,49686000.0
sh688117,圣诺生物,23.58,-1.50%,6.54%,54618500.0,50284100.0,4334400.0,105000000.0
sz301001,凯淳股份,24.81,-1.51%,7.12%,27524600.0,34885800.0,7361200.0,62410300.0
sh603906,龙蟠科技,13.66,-1.51%,4.45%,214000000.0,153000000.0,60901600.0,366000000.0
sh688550,瑞联新材,33.05,-1.52%,2.01%,28672300.0,40536600.0,11864300.0,69209000.0
sh603162,海通发展,16.87,-1.52%,18.99%,85363900.0,114999999.99999999,29803800.0,200999999.99999997
sz301197,工大科雅,19.42,-1.52%,2.41%,12731000.0,16057000.0,3326000.0,28787900.0
sh600486,扬农化工,65.65,-1.53%,0.51%,62452200.0,75976400.0,13524200.0,138000000.0
sh600290,*ST华仪,1.29,-1.53%,1.53%,5173600.0,10299100.0,5125599.999999999,15472700.0
sz300087,荃银高科,10.28,-1.53%,1.57%,66575900.0,81349100.0,14773200.0,150000000.0
sz301349,信德新材,42.24,-1.54%,11.01%,50253700.0,71633200.0,21379500.0,122000000.0
sz003023,彩虹集团,21.15,-1.54%,15.42%,73195600.0,98052000.0,24856400.0,171000000.0
sh603369,今世缘,58.95,-1.54%,0.91%,363000000.0,310000000.0,52935200.00000001,673000000.0
sh600886,国投电力,12.78,-1.54%,0.41%,175000000.0,192000000.0,17276400.0,366000000.0
sz301031,中熔电气,122.08,-1.55%,2.62%,58533000.0,58828400.0,295500.0,117000000.0
sh688110,东芯股份,27.86,-1.55%,3.68%,141000000.0,148000000.0,6761799.999999999,289000000.0
sh688309,恒誉环保,21.58,-1.55%,1.09%,9152900.0,9494600.0,341700.0,18647500.0
sh603324,盛剑环境,34.3,-1.55%,8.43%,58093900.0,74654600.0,16560700.0,133000000.0
sz300012,华测检测,19.71,-1.55%,1.19%,153000000.0,204000000.0,51027400.0,362000000.0
sz002552,宝鼎科技,17.1,-1.55%,0.96%,19521100.0,28075800.0,8554700.0,48015900.0
sz000429,粤高速A,7.59,-1.56%,1.48%,70391300.0,76881900.0,6490599.999999999,148000000.0
sz301170,锡南科技,33.37,-1.56%,18.31%,65123500.0,87134800.0,22011300.0,152000000.0
sh688777,中控技术,46.07,-1.56%,2.03%,222000000.00000003,294000000.0,72630100.0,516000000.0
sh603713,密尔克卫,79.95,-1.56%,0.42%,22569800.0,34276200.0,11706400.000000002,56845900.0
sz300762,上海瀚讯,12.64,-1.56%,2.68%,108000000.0,109000000.00000001,868300.0,218000000.00000003
sz300705,九典制药,19.58,-1.56%,2.70%,59807800.0,55424900.0,4382900.0,114999999.99999999
sz002738,中矿资源,36.68,-1.56%,3.09%,316000000.0,395000000.0,78825800.0,712000000.0
sz000711,*ST京蓝,1.89,-1.56%,1.84%,13378200.0,21470100.000000004,8091900.000000001,34848400.0
sh605060,联德股份,21.95,-1.57%,3.11%,26857399.999999996,29899200.0,3041900.0,56756600.0
sz300985,致远新能,25.75,-1.57%,12.08%,47835200.00000001,68648700.0,20813400.0,115999999.99999999
sh603798,康普顿,9.38,-1.57%,2.65%,30614600.0,34671500.0,4057000.0,65286200.0
sh600592,龙溪股份,8.78,-1.57%,2.46%,38280200.0,50159799.99999999,11879600.0,88439900.0
sz001965,招商公路,9.39,-1.57%,0.27%,74067700.0,81361100.0,7293400.0,155000000.0
sh605116,奥锐特,19.91,-1.58%,1.38%,7623400.0,13896400.000000002,6273000.0,21519800.0
sz300552,万集科技,17.44,-1.58%,2.85%,29144200.0,35082900.0,5938700.0,64227200.0
sz300351,永贵电器,12.47,-1.58%,2.42%,35498600.0,45020000.0,9521500.0,80519800.0
sh688458,美芯晟,75.38,-1.59%,4.93%,33053800.0,36989000.0,3935200.0,70042800.0
sz001317,三羊马,33.97,-1.59%,10.14%,43038500.0,61621700.0,18583200.0,105000000.0
sz002213,大为股份,12.98,-1.59%,2.27%,31111100.0,32011000.0,899900.0,63155000.0
sz002837,英维克,26.06,-1.59%,1.94%,104000000.0,144000000.0,40257700.0,249000000.00000003
sz002036,联创电子,9.28,-1.59%,3.28%,133000000.0,197000000.0,63757900.0,330000000.0
sz301152,天力锂能,32.58,-1.60%,10.23%,35496400.0,60582800.0,25086300.0,96095600.0
sz301182,凯旺科技,20.25,-1.60%,3.97%,13785100.0,15898200.0,2113100.0,29729899.999999996
sz003030,祖名股份,20.34,-1.60%,5.18%,23923300.0,29261500.0,5338200.000000001,53184900.0
sh688568,中科星图,44.19,-1.60%,0.53%,36051400.0,52667600.0,16616199.999999998,88719000.0
sh603822,嘉澳环保,30.05,-1.60%,1.25%,8571100.0,20727700.0,12156500.0,29298700.0
sz002819,东方中科,24.06,-1.60%,1.02%,25950500.0,33361900.0,7411400.0,59312500.0
sz000753,漳州发展,4.3,-1.60%,2.11%,35447600.0,56404700.0,20957000.0,91852300.0
sh688362,甬矽电子,27.53,-1.61%,8.60%,60309600.0,56322000.0,3987500.0,117000000.0
sz300604,长川科技,31.84,-1.61%,2.27%,162000000.0,172000000.0,10161600.0,335000000.0
sz301367,怡和嘉业,119.2,-1.62%,5.72%,50421700.0,62716400.0,12294700.0,112999999.99999999
sh605588,冠石科技,35.73,-1.62%,5.61%,18239300.0,29200600.0,10961300.000000002,47439799.99999999
sh603289,泰瑞机器,9.11,-1.62%,2.40%,27720500.0,31209000.0,3488600.0,58929500.0
sz002238,天威视讯,6.63,-1.63%,1.12%,23674300.0,37380100.0,13705800.0,61054300.0
sh688295,中复神鹰,30.0,-1.64%,2.16%,39688300.0,44822800.0,5134500.0,84511100.0
sh688687,凯因科技,18.56,-1.64%,1.85%,18242500.0,23692300.0,5449800.0,41934700.0
sh603767,中马传动,13.8,-1.64%,9.01%,177000000.0,212000000.0,35169900.0,390000000.0
sz300531,优博讯,13.19,-1.64%,2.45%,43276300.0,62820100.0,19543800.0,106000000.0
sh688067,爱威科技,20.29,-1.65%,2.63%,10661700.0,11872400.0,1210700.0,22534100.0
sz301192,泰祥股份,22.11,-1.65%,2.38%,25814800.0,27756700.0,1941800.0,53571500.0
sz301120,新特电气,11.91,-1.65%,4.78%,31261400.0,53513100.00000001,22251600.0,84774500.0
sh688159,有方科技,35.75,-1.65%,2.30%,33347100.0,39601700.0,6254600.0,72948800.0
sh688661,和林微纳,46.45,-1.65%,3.66%,33118900.0,29972800.000000004,3146100.0,63091700.0
sz300314,戴维医疗,14.93,-1.65%,1.61%,23616100.0,23214200.0,401900.0,46830300.0
sz301093,华兰股份,30.22,-1.66%,0.97%,11510500.0,17442600.0,5932000.0,28953000.0
sz300870,欧陆通,44.46,-1.66%,6.49%,49403600.0,66863900.0,17460400.0,115999999.99999999
sz002707,众信旅游,7.71,-1.66%,3.27%,87049200.0,124000000.0,37341600.0,211000000.0
sz301263,泰恩康,18.2,-1.67%,2.12%,41668700.0,63402500.0,21733900.0,105000000.0
sz300972,万辰生物,32.32,-1.67%,5.65%,69885800.0,70780600.0,894800.0,141000000.0
sz300260,新莱应材,25.9,-1.67%,3.07%,93811700.0,135000000.0,41393900.0,229000000.0
sz002505,鹏都农牧,1.77,-1.67%,1.93%,75313100.0,148000000.0,72694700.0,223000000.0
sh603589,口子窖,58.65,-1.68%,1.64%,271000000.0,309000000.0,38594900.0,580000000.0
sz301012,扬电科技,18.61,-1.69%,3.34%,21021000.0,27222800.000000004,6201799.999999999,48243800.0
sz002691,冀凯股份,5.83,-1.69%,1.40%,12572000.0,15377400.0,2805500.0,27949500.0
sz000978,桂林旅游,7.51,-1.70%,6.26%,75921800.0,97985000.0,22063200.0,174000000.0
sh688138,清溢光电,17.36,-1.70%,0.99%,22272900.0,25240800.0,2967799.9999999995,47513800.0
sh603155,新亚强,21.96,-1.70%,1.24%,7797900.0,8006900.000000001,209000.0,15804800.0
sz002959,小熊电器,58.98,-1.70%,1.29%,42683600.0,78543700.0,35860200.0,121000000.0
sz001205,盛航股份,18.38,-1.71%,2.30%,19382600.0,30456100.0,11073500.0,49838700.0
sz301035,润丰股份,74.01,-1.71%,1.19%,36306100.0,42039399.99999999,5733400.0,78345400.0
sz301033,迈普医学,33.91,-1.71%,2.48%,12464700.0,20456500.0,7991799.999999999,32921200.0
sh603348,文灿股份,36.85,-1.71%,1.26%,57567000.0,68674900.0,11107900.0,126000000.0
sh600860,京城股份,12.63,-1.71%,4.11%,89368700.00000001,139000000.0,50014799.99999999,229000000.0
sh688314,康拓医疗,27.98,-1.72%,1.80%,8340100.0,10741199.999999998,2401100.0,19081300.0
sz301333,诺思格,57.0,-1.72%,3.56%,52495100.0,63828200.0,11333200.0,115999999.99999999
sh603195,公牛集团,101.67,-1.72%,0.31%,113999999.99999999,170000000.0,56167600.0,285000000.0
sz300313,*ST天山,5.7,-1.72%,4.13%,18804100.0,25616700.0,6812500.0,44420800.0
sz002294,信立泰,26.89,-1.72%,0.61%,84912000.0,99352200.0,14440200.0,186000000.0
sh688627,精智达,75.99,-1.73%,9.06%,55711600.0,85386900.0,29675300.000000004,141000000.0
sh688070,纵横股份,35.88,-1.73%,1.03%,6056799.999999999,8677800.0,2621100.0,14734600.0
sh600476,湘邮科技,14.13,-1.74%,2.97%,28664600.0,41039100.0,12374500.0,69703700.0
sz300619,金银河,58.81,-1.74%,1.19%,20034700.0,31960100.000000004,11925300.0,51994799.99999999
sz002536,飞龙股份,12.4,-1.74%,5.44%,129000000.0,196000000.0,67119900.0,325000000.0
sh688401,路维光电,26.98,-1.75%,2.06%,25693400.0,36112100.0,10418699.999999998,61805600.00000001
sz300916,朗特智能,24.11,-1.75%,3.49%,14267100.0,22407300.0,8140100.0,36674400.0
sz300725,药石科技,42.15,-1.75%,2.67%,90318799.99999999,105000000.0,14981300.000000002,196000000.0
sh688386,泛亚微透,35.43,-1.75%,1.23%,7906200.0,13336300.000000002,5430100.0,21242399.999999996
sh603755,日辰股份,28.45,-1.76%,1.23%,14286700.0,20926000.0,6639299.999999999,35212700.0
sh603010,万盛股份,10.04,-1.76%,0.91%,19129100.0,26178900.0,7049800.0,45308000.0
sh688291,金橙子,26.71,-1.77%,7.79%,22142600.000000004,31504000.0,9361300.0,53646700.0
sh603351,威尔药业,25.03,-1.77%,0.84%,11889200.0,16905000.0,5015800.0,28794200.0
sh688276,百克生物,49.0,-1.78%,0.88%,38333200.0,67957800.0,29624600.0,106000000.0
sh603489,八方股份,52.99,-1.78%,0.42%,16462900.0,21934500.0,5471600.0,38397500.0
sh603233,大参林,25.91,-1.78%,0.69%,106000000.0,101000000.0,4959500.0,206999999.99999997
sz300357,我武生物,30.88,-1.78%,1.10%,74664200.0,94122099.99999999,19457900.0,169000000.0
sh688305,科德数控,73.01,-1.79%,2.66%,47056600.0,51869100.0,4812500.0,98925700.0
sh603033,三维股份,13.16,-1.79%,0.47%,26104300.0,37273900.0,11169500.0,63378200.0
sz002513,蓝丰生化,5.99,-1.80%,3.90%,28881200.0,46022299.99999999,17141200.0,74909600.0
sz301283,聚胶股份,31.56,-1.80%,8.69%,17238200.0,38950500.0,21712300.0,56195000.0
sz300443,金雷股份,27.26,-1.80%,3.34%,74625000.0,98802700.0,24177700.0,173000000.0
sz002316,亚联发展,5.45,-1.80%,13.19%,92492700.0,137000000.0,44344000.0,231999999.99999997
sh688190,云路股份,68.0,-1.81%,0.80%,10745800.0,19978500.0,9232800.0,30724300.0
sh600070,ST富润,2.71,-1.81%,1.53%,7234200.0,14371099.999999998,7137000.0,21605300.000000004
sz300097,智云股份,5.92,-1.82%,8.44%,55529000.0,81279600.0,25750600.0,139000000.0
sh605198,安德利,18.32,-1.82%,1.82%,11033300.0,17443600.0,6410300.0,28477000.0
sh603728,鸣志电器,53.8,-1.82%,1.59%,140000000.0,224000000.00000003,83998600.0,364000000.0
sh603398,沐邦高科,22.63,-1.82%,1.08%,26343100.0,58820600.00000001,32477600.000000004,85163799.99999999
sz300710,万隆光电,21.58,-1.82%,2.81%,19573600.0,21384200.0,1810600.0,40957800.0
sz301083,百胜智能,15.6,-1.83%,16.30%,70263600.0,67814900.0,2448700.0,138000000.0
sz002787,华源控股,8.59,-1.83%,3.47%,32653400.0,37457800.0,4804400.0,70545000.0
sz002235,安妮股份,8.03,-1.83%,21.08%,450000000.0,504000000.0,54174100.0,953999999.9999999
sh601022,宁波远洋,9.58,-1.84%,12.05%,56361000.0,98671600.0,42310600.00000001,155000000.0
sh688139,海尔生物,38.84,-1.84%,1.46%,87026700.0,98817300.0,11790600.0,186000000.0
sh600882,妙可蓝多,18.55,-1.85%,1.10%,51748400.0,56357700.00000001,4609300.0,108000000.0
sz300462,华铭智能,10.1,-1.85%,5.65%,35146100.0,44503400.0,9357300.0,79649500.0
sz301067,显盈科技,20.57,-1.86%,3.97%,18298000.0,19780300.0,1482300.0,38078200.0
sh605128,上海沿浦,38.9,-1.87%,2.20%,15736600.0,20615400.0,4878800.0,36352000.0
sz002331,皖通科技,6.3,-1.87%,2.47%,28550900.0,33803100.0,5252200.0,62354000.0
sh600696,岩石股份,23.99,-1.88%,0.48%,14974100.0,24255200.0,9281100.0,39229200.0
sh601019,山东出版,8.86,-1.88%,0.72%,51580700.0,84056900.0,32476300.0,136000000.0
sz300902,国安达,30.08,-1.89%,3.27%,19282900.0,33938200.0,14655300.0,53221000.0
sh603261,立航科技,30.47,-1.90%,3.93%,12367100.0,19319000.0,6952000.0,31686100.0
sh688326,经纬恒润,121.57,-1.90%,2.16%,67143000.0,70691000.0,3548000.0,138000000.0
sh603779,威龙股份,8.77,-1.90%,3.52%,48611100.0,55972800.0,7361700.0,105000000.0
sz301262,海看股份,28.73,-1.91%,19.17%,98597400.0,123000000.0,24422900.0,222000000.00000003
sz301070,开勒股份,36.0,-1.91%,3.03%,22551800.0,16764000.0,5787800.0,39315900.0
sz300475,香农芯创,28.6,-1.92%,4.82%,282000000.0,342000000.0,59885200.00000001,624000000.0
sh688543,国科军工,44.92,-1.92%,12.91%,82468500.0,117000000.0,34936800.0,200000000.0
sh603529,爱玛科技,26.93,-1.93%,4.38%,101000000.0,167000000.0,66147600.0,268000000.00000003
sz002438,江苏神通,10.16,-1.93%,1.57%,26699300.0,49777800.0,23078500.0,76477000.0
sh688125,安达智能,36.57,-1.93%,4.58%,17339600.0,17559000.0,219300.0,34898600.0
sh605259,绿田机械,22.39,-1.93%,2.90%,16331500.0,19284700.0,2953200.0,35616300.0
sz002859,洁美科技,24.89,-1.93%,0.93%,39648400.0,54853400.0,15204900.0,95272099.99999999
sh603719,良品铺子,23.25,-1.94%,1.52%,65285000.0,80906400.0,15621400.000000002,146000000.0
sz301026,浩通科技,29.36,-1.94%,3.75%,30538700.0,32135000.0,1596300.0,62673800.0
sz301357,北方长龙,50.1,-1.96%,18.86%,59674100.0,98874599.99999999,39200500.0,159000000.0
sz300841,康华生物,57.66,-1.96%,2.63%,75254600.0,111000000.00000001,35411500.0,186000000.0
sh688356,键凯科技,88.88,-1.96%,1.60%,25109899.999999996,41329799.99999999,16220000.0,66439700.0
sh601928,凤凰传媒,10.5,-1.96%,1.08%,125000000.0,169000000.0,43888900.0,294000000.0
sz002654,万润科技,8.5,-1.96%,5.39%,173000000.0,199000000.0,25614100.0,372000000.0
sh688087,英科再生,23.9,-1.97%,2.75%,26627800.000000004,43024200.0,16396300.000000002,69652000.0
sh688100,威胜信息,23.88,-1.97%,0.42%,21941300.0,29831100.0,7889800.0,51772299.99999999
sh605001,威奥股份,6.42,-1.98%,3.51%,44040200.00000001,47101700.0,3061600.0000000005,91141800.0
sh603989,艾华集团,20.29,-1.98%,0.51%,16885100.0,26291800.0,9406800.0,43176899.99999999
sz002703,浙江世宝,14.88,-1.98%,12.95%,509999999.99999994,596000000.0,85575300.0,1106000000.0
sz300700,岱勒新材,17.73,-1.99%,2.56%,33899900.0,46403400.0,12503500.0,80303400.0
sz000700,模塑科技,6.4,-1.99%,2.40%,66411500.0,78108500.0,11696900.0,145000000.0
sz300435,中泰股份,13.72,-2.00%,3.08%,58475200.00000001,92126500.0,33651300.0,151000000.0
sh600084,中葡股份,7.79,-2.01%,0.56%,19795400.0,30327399.999999996,10532000.0,50122800.0
sh688383,新益昌,79.12,-2.01%,3.50%,39082400.0,51773400.0,12690900.0,90855800.0
sh688595,芯海科技,25.87,-2.01%,2.64%,28209899.999999996,27895100.000000004,314700.0,56105000.0
sz300726,宏达电子,34.1,-2.01%,2.29%,71554400.0,102000000.0,30140300.000000004,173000000.0
sh603886,元祖股份,17.97,-2.02%,0.65%,11134400.0,17183700.0,6049299.999999999,28318100.0
sh603983,丸美股份,26.2,-2.02%,1.00%,44469900.0,61336899.99999999,16867000.0,106000000.0
sh600770,综艺股份,4.86,-2.02%,1.48%,42921200.0,53714100.0,10792800.0,96635200.0
sz002649,博彦科技,11.66,-2.02%,4.64%,129000000.0,176000000.0,47726200.0,305000000.0
sh688700,东威科技,57.0,-2.03%,2.54%,95516200.00000001,124000000.0,28903000.0,220000000.00000003
sh600335,国机汽车,7.23,-2.03%,2.49%,123000000.0,153000000.0,29637399.999999996,276000000.0
sz002746,仙坛股份,8.22,-2.03%,3.73%,96048600.0,128000000.0,31598900.0,224000000.00000003
sh605598,上海港湾,28.32,-2.04%,4.83%,41771100.0,59660400.0,17889300.0,101000000.0
sh688017,绿的谐波,103.0,-2.04%,2.02%,114999999.99999999,135000000.0,20267300.0,250000000.0
sh603722,阿科力,43.16,-2.04%,0.82%,13560400.0,18418100.0,4857700.0,31978500.0
sh603399,吉翔股份,10.06,-2.04%,1.73%,30882600.000000004,60642100.0,29759500.0,91524599.99999999
sh688466,金科环境,20.57,-2.05%,5.77%,65161400.0,82014300.0,16852900.0,147000000.0
sh688336,三生国健,18.61,-2.05%,4.90%,39482700.0,47819600.0,8337000.0,87302300.0
sh688281,华秦科技,181.0,-2.06%,1.59%,50051400.0,47990700.0,2060700.0,98042000.0
sh688262,国芯科技,28.02,-2.06%,3.45%,128000000.0,135000000.0,6548700.0,263000000.0
sh688355,明志科技,20.46,-2.06%,3.33%,12411000.0,14656500.0,2245500.0,27067500.0
sh600601,方正科技,3.32,-2.06%,1.15%,64512600.0,98994100.0,34481500.0,164000000.0
sz300070,碧水源,5.67,-2.07%,4.71%,405999999.99999994,490000000.00000006,83610000.0,906000000.0
sz300912,凯龙高科,17.54,-2.07%,5.22%,25539200.0,32668900.0,7129800.0,58215500.0
sz300899,上海凯鑫,25.96,-2.07%,20.64%,86122099.99999999,84777600.0,1344600.0,171000000.0
sh688685,迈信林,18.35,-2.08%,2.69%,10683900.000000002,18263000.0,7579100.0,28946900.0
sz002868,绿康生化,27.76,-2.08%,0.79%,17129600.0,16827300.0,302300.0,33956800.0
sh688368,晶丰明源,98.8,-2.09%,1.12%,35649400.0,36553200.0,903800.0,72202600.0
sh603817,海峡环保,6.55,-2.09%,6.19%,102000000.0,112000000.00000001,9853900.0,214000000.0
sh605088,冠盛股份,20.55,-2.10%,4.98%,86707200.0,83649900.0,3057300.0,170000000.0
sh605266,健之佳,51.98,-2.11%,1.82%,24824200.0,46846500.0,22022300.0,71670800.0
sh603868,飞科电器,67.22,-2.11%,0.21%,26310300.000000004,35360200.0,9049800.0,61670600.00000001
sz300414,中光防雷,9.72,-2.11%,4.72%,66528400.0,81166200.0,14637800.0,148000000.0
sz300206,理邦仪器,10.65,-2.11%,3.59%,66026300.0,68379700.0,2353500.0,134000000.00000001
sz002368,太极股份,33.94,-2.11%,4.91%,559000000.0,480000000.0,79073100.0,1043000000.0
sz300061,旗天科技,6.45,-2.12%,7.83%,121000000.0,179000000.0,57395700.0,300000000.0
sz002430,杭氧股份,29.36,-2.13%,0.97%,150000000.0,130000000.0,19443000.0,280000000.0
sh603517,绝味食品,34.34,-2.14%,1.05%,88361700.0,143000000.0,54831200.0,231999999.99999997
sh688209,英集芯,14.1,-2.15%,1.63%,29431400.0,37415700.0,7984200.0,66847200.0
sz300613,富瀚微,45.97,-2.15%,1.73%,74848000.0,104000000.0,29508200.0,179000000.0
sz300400,劲拓股份,14.13,-2.15%,1.05%,13160200.0,23641900.0,10481700.0,36802000.0
sz002779,中坚科技,20.37,-2.16%,1.35%,18528900.0,14894700.0,3634200.0,33423700.0
sz002372,伟星新材,19.51,-2.16%,0.82%,124000000.0,112999999.99999999,11947400.0,237000000.0
sz300212,易华录,27.0,-2.17%,6.12%,476000000.0,623000000.0,147000000.0,1099000000.0
sz300851,交大思诺,22.58,-2.17%,4.95%,23468700.0,29474699.999999996,6006000.0,52943300.0
sh600821,金开新能,6.32,-2.17%,1.37%,75248800.0,102000000.0,26794899.999999996,177000000.0
sh688290,景业智能,49.0,-2.18%,3.71%,46543200.0,36289200.0,10254000.0,82832400.0
sh603239,浙江仙通,13.0,-2.18%,1.19%,18164000.0,24627100.0,6463200.000000001,42791100.0
sz301448,开创电气,29.47,-2.19%,25.26%,74523300.0,79187200.0,4663900.0,154000000.0
sz300795,米奥会展,33.5,-2.19%,1.32%,18079400.0,20841800.0,2762400.0,38921200.0
sz300922,天秦装备,15.55,-2.20%,5.52%,39455600.0,39818900.0,363200.0,79277600.0
sz300720,海川智能,11.13,-2.20%,1.36%,13070600.0,13839800.0,769200.0,26910500.0
sz300096,易联众,5.79,-2.20%,6.02%,60489399.99999999,76347900.0,15858599.999999998,137000000.0
sz002258,利尔化学,12.87,-2.20%,1.50%,57114000.0,101000000.0,44286899.99999999,159000000.0
sh688628,优利德,42.1,-2.21%,9.65%,78145900.0,106000000.0,28234200.0,185000000.0
sh688273,麦澜德,30.95,-2.21%,4.32%,18026400.0,28033400.0,10007000.0,46059799.99999999
sz002967,广电计量,14.59,-2.21%,2.15%,68589700.0,97031400.0,28441700.0,166000000.0
sh603318,水发燃气,8.86,-2.21%,9.54%,137000000.0,195000000.0,57950700.0,332000000.0
sz002896,中大力德,30.57,-2.21%,9.10%,177000000.0,252999999.99999997,76292400.0,430999999.99999994
sz002880,卫光生物,32.27,-2.21%,1.05%,37378600.0,41089300.0,3710700.0,78467900.0
sh603666,亿嘉和,30.01,-2.22%,1.63%,43604799.99999999,59332400.0,15727600.0,103000000.0
sh603063,禾望电气,24.66,-2.22%,1.73%,77861100.0,117000000.0,38861300.0,195000000.0
sh603087,甘李药业,41.41,-2.22%,2.24%,219000000.0,288000000.0,68812700.0,508000000.0
sh688141,杰华特,28.88,-2.23%,3.77%,30118900.0,28984200.0,1134600.0,59103100.00000001
sh600829,人民同泰,7.47,-2.23%,5.92%,110000000.00000001,151000000.0,40990400.0,262000000.0
sz300166,东方国信,9.21,-2.23%,6.08%,211000000.0,328000000.0,117000000.0,539000000.0
sz002912,中新赛克,33.13,-2.24%,2.66%,70839800.0,76514300.0,5674500.0,147000000.0
sz300654,世纪天鸿,10.33,-2.27%,6.36%,89916299.99999999,128000000.0,38299300.0,218000000.00000003
sh603569,长久物流,12.41,-2.28%,4.38%,150000000.0,177000000.0,27486400.0,327000000.0
sh688162,巨一科技,33.85,-2.31%,1.81%,13283400.0,16687300.0,3403900.0,29970700.0
sz300037,新宙邦,46.85,-2.31%,0.94%,91940800.0,151000000.0,58683000.0,243000000.00000003
sz300438,鹏辉能源,36.78,-2.31%,3.00%,173000000.0,236000000.0,63382000.0,409000000.0
sz002401,中远海科,20.63,-2.32%,7.43%,224000000.00000003,357000000.0,133000000.0,581000000.0
sz301141,中科磁业,51.08,-2.33%,16.77%,82900900.0,97372000.0,14471099.999999998,180000000.0
sh601689,拓普集团,67.0,-2.33%,1.30%,475000000.0,498000000.00000006,23344800.0,973000000.0
sz000663,永安林业,9.6,-2.34%,1.79%,23203800.0,31076700.0,7872900.0,54280500.0
sz301015,百洋医药,21.68,-2.34%,3.10%,36746200.0,45488800.0,8742600.0,82243799.99999999
sz300545,联得装备,24.21,-2.34%,6.85%,89457200.0,99844900.0,10387700.0,189000000.0
sh600763,通策医疗,93.21,-2.35%,2.10%,306000000.0,337000000.0,30812800.000000004,643000000.0
sz300659,中孚信息,20.8,-2.35%,6.76%,89256400.0,134000000.00000001,44951500.0,223000000.0
sz300525,博思软件,15.37,-2.35%,1.77%,72605300.0,97604700.0,24999300.0,170000000.0
sz002977,天箭科技,28.99,-2.36%,2.43%,17179400.0,29907000.0,12727700.0,47464500.0
sz300142,沃森生物,22.8,-2.36%,1.72%,325000000.0,313000000.0,11676900.0,639000000.0
sz002327,富安娜,8.29,-2.36%,2.22%,38358100.0,51302600.0,12944500.0,89660700.0
sh603337,杰克股份,18.53,-2.37%,0.32%,11835800.0,16878100.0,5042300.0,28714000.0
sh600862,中航高科,23.85,-2.37%,0.78%,93266100.0,172000000.0,78462900.0,265000000.0
sh688535,华海诚科,69.6,-2.38%,11.26%,67543800.0,68414400.0,870600.0,136000000.0
sz301168,通灵股份,42.21,-2.38%,7.05%,66768000.0,84347600.0,17579600.0,151000000.0
sz300939,秋田微,30.71,-2.38%,4.93%,44703500.0,58826899.99999999,14123400.0,104000000.0
sh603237,五芳斋,29.78,-2.39%,11.43%,48304700.0,72588100.0,24283500.0,121000000.0
sh688508,芯朋微,52.71,-2.39%,1.76%,34959700.0,44412600.0,9452900.0,79372300.0
sh603067,振华股份,10.17,-2.40%,1.88%,35604000.0,63214900.0,27610800.0,98818900.0
sz300316,晶盛机电,54.41,-2.40%,0.89%,252000000.0,362000000.0,110000000.00000001,613000000.0
sz000423,东阿阿胶,48.86,-2.40%,1.48%,206999999.99999997,260000000.0,52332299.99999999,470000000.0
sh688186,广大特材,20.64,-2.41%,4.28%,91828200.0,104000000.0,11956300.000000002,196000000.0
sh688103,国力股份,53.11,-2.41%,2.00%,21405700.0,45741100.0,24335300.000000004,67146800.0
sh603896,寿仙谷,40.5,-2.41%,3.11%,97808200.0,162000000.0,63963400.0,260000000.0
sh600779,水井坊,65.27,-2.41%,1.51%,206999999.99999997,283000000.0,75513800.0,490000000.00000006
sh600023,浙能电力,4.45,-2.41%,0.50%,104000000.0,198000000.0,94644400.0,302000000.0
sh688282,理工导航,41.14,-2.42%,4.36%,21532800.000000004,44941600.0,23408800.0,66474399.99999999
sh603901,永创智能,12.08,-2.42%,0.93%,23662900.0,30978200.0,7315300.0,54641200.0
sz300348,长亮科技,10.08,-2.42%,4.16%,112000000.00000001,163000000.0,50796500.0,276000000.0
sz000701,厦门信达,6.84,-2.43%,9.76%,124000000.0,157000000.0,33071700.0,281000000.0
sz301318,维海德,28.39,-2.44%,4.61%,17651500.0,22202300.0,4550800.0,39853700.0
sh688698,伟创电气,29.14,-2.44%,4.13%,22062800.000000004,34486100.0,12423300.0,56548800.0
sh688167,炬光科技,77.59,-2.44%,2.81%,63529799.99999999,86530900.0,23001000.0,150000000.0
sh600836,上海易连,3.99,-2.44%,2.78%,38469800.0,37161800.0,1308000.0,75631600.0
sh605011,杭州热电,25.84,-2.45%,4.90%,74880300.0,82028600.0,7148200.000000001,157000000.0
sz300661,圣邦股份,71.7,-2.45%,0.89%,140000000.0,151000000.0,10604400.0,292000000.0
sz002428,云南锗业,12.36,-2.45%,5.13%,186000000.0,233000000.0,47299600.0,419000000.00000006
sz301293,三博脑科,63.77,-2.46%,9.72%,99308100.0,131000000.0,31558600.0,229999999.99999997
sz301106,骏成科技,36.91,-2.46%,3.87%,12445500.0,18130600.0,5685100.0,30576100.0
sh688085,三友医疗,21.0,-2.46%,0.97%,17914000.0,32952300.0,15038400.0,50866400.0
sh600633,浙数文化,15.45,-2.46%,6.55%,584000000.0,734000000.0,150000000.0,1317000000.0
sz002816,*ST和科,11.05,-2.47%,2.15%,6850200.0,17653600.0,10803400.0,24503800.0
sz003028,振邦智能,34.37,-2.47%,7.63%,32801800.0,42152500.0,9350700.0,74954300.0
sz301006,迈拓股份,18.39,-2.49%,4.23%,20307000.0,30553500.0,10246500.0,50860400.0
sh688529,豪森股份,22.71,-2.49%,3.13%,16675600.0,17710400.0,1034800.0,34385900.0
sz300840,酷特智能,13.32,-2.49%,4.58%,50627800.0,60832800.0,10205000.0,111000000.00000001
sh600563,法拉电子,108.67,-2.49%,1.11%,117000000.0,159000000.0,42127600.0,277000000.0
sh603999,读者传媒,6.61,-2.51%,8.70%,151000000.0,189000000.0,38058600.0,339000000.0
sz000858,五粮液,157.49,-2.51%,1.41%,3672999999.9999995,5067000000.0,1393000000.0,8740000000.0
sh603685,晨丰科技,13.92,-2.52%,0.80%,9376700.0,9816000.0,439300.0,19192800.0
sz301282,金禄电子,23.52,-2.53%,4.08%,27025700.0,44983100.00000001,17957400.0,72008800.0
sh603655,朗博科技,20.76,-2.54%,0.90%,9732700.0,10607400.0,874700.0,20340100.0
sz300818,耐普矿机,26.29,-2.56%,1.83%,13684400.0,16820000.0,3135600.0,30504400.0
sz002219,新里程,3.42,-2.56%,1.07%,61403000.0,60475200.00000001,927900.0000000001,122000000.0
sh603255,鼎际得,36.38,-2.57%,2.06%,15808699.999999998,31065700.0,15257100.0,46874300.0
sh603329,上海雅仕,12.09,-2.58%,2.68%,25479500.0,28362100.0,2882600.0,53841600.0
sz301162,国能日新,59.81,-2.59%,2.15%,37974100.0,42066400.0,4092300.0,80040400.0
sh688078,龙软科技,41.0,-2.59%,1.63%,19167700.0,30681500.0,11513699.999999998,49849300.0
sh603939,益丰药房,36.14,-2.59%,0.58%,108000000.0,105000000.0,2761500.0,213000000.0
sh603867,新化股份,31.24,-2.59%,1.50%,36651000.0,51693900.0,15042900.0,88344900.0
sz301051,信濠光电,52.81,-2.60%,3.02%,51345100.0,50633800.0,711300.0,102000000.0
sz300998,宁波方正,27.34,-2.60%,3.42%,14019600.0,19641000.0,5621400.0,33660700.0
sz300171,东富龙,19.05,-2.61%,1.37%,78151000.0,73090400.0,5060600.0,153000000.0
sh688143,长盈通,30.56,-2.61%,4.12%,13931099.999999998,19684700.0,5753700.0,33615800.0
sh600548,深高速,9.34,-2.61%,0.34%,19643500.0,27337600.000000004,7694100.0,46981200.0
sz301312,智立方,69.26,-2.62%,8.78%,45608900.0,58899200.0,13290400.0,105000000.0
sz002553,南方精工,13.01,-2.62%,14.29%,185000000.0,268000000.00000003,82878799.99999999,453000000.0
sz002180,纳思达,27.52,-2.62%,1.35%,229000000.0,254999999.99999997,26325200.0,484000000.0
sh688191,智洋创新,15.17,-2.63%,2.75%,13363400.0,17850800.0,4487300.0,31214200.0
sh688123,聚辰股份,49.3,-2.63%,1.80%,58930700.0,88291400.0,29360700.0,147000000.0
sz002941,新疆交建,15.47,-2.64%,6.88%,327000000.0,383000000.0,55626700.0,710000000.0
sz300928,华安鑫创,41.12,-2.65%,7.63%,65755600.00000001,76415600.0,10660100.0,142000000.0
sh688019,安集科技,129.1,-2.65%,1.39%,84870800.0,93980400.00000001,9109600.0,179000000.0
sz300556,丝路视觉,21.57,-2.66%,5.66%,52317200.0,75142700.0,22825500.0,127000000.0
sh688382,益方生物,12.4,-2.67%,2.62%,15501199.999999998,22325900.0,6824700.0,37827100.0
sz301075,多瑞医药,24.71,-2.68%,16.70%,55193700.0,62015400.0,6821700.0,117000000.0
sz301117,佳缘科技,45.0,-2.68%,4.45%,43844500.0,66758200.0,22913700.0,111000000.00000001
sh603345,安井食品,128.77,-2.68%,2.51%,440000000.00000006,511000000.00000006,71329200.0,951000000.0
sh600114,东睦股份,9.43,-2.68%,5.14%,144000000.0,163000000.0,19127600.0,308000000.0
sz300776,帝尔激光,48.66,-2.68%,1.59%,60614000.0,73809700.0,13195700.0,134000000.00000001
sz002582,好想你,7.95,-2.69%,6.82%,79367900.0,109000000.00000001,29928800.0,189000000.0
sh688229,博睿数据,40.11,-2.69%,2.28%,11985500.0,15655900.0,3670299.9999999995,27641400.0
sz300866,安克创新,72.4,-2.69%,2.51%,113999999.99999999,165000000.0,50897800.0,278000000.0
sh603556,海兴电力,23.55,-2.69%,0.91%,52533000.0,55163400.0,2630500.0,108000000.0
sz002444,巨星科技,19.5,-2.69%,1.77%,164000000.0,242000000.0,77339800.0,405999999.99999994
sz000584,ST工智,3.96,-2.70%,2.43%,31460000.0,42589399.99999999,11129400.0,74049500.0
sz001314,亿道信息,38.49,-2.70%,16.87%,89835100.0,145000000.0,54764500.0,234000000.0
sz301190,善水科技,19.08,-2.70%,4.01%,21767900.0,34327300.0,12559400.0,56095300.0
sh600189,泉阳泉,6.85,-2.70%,2.42%,46442800.0,75278100.0,28835300.000000004,122000000.0
sz002015,协鑫能科,11.91,-2.70%,1.47%,107000000.0,185000000.0,78112100.0,293000000.0
sz000509,华塑控股,3.24,-2.70%,2.41%,30366600.0,53079399.99999999,22712800.000000004,86320600.0
sh600612,老凤祥,62.2,-2.72%,1.97%,169000000.0,211000000.0,41360000.0,380000000.0
sz300652,雷迪克,20.04,-2.72%,2.01%,16268800.000000002,21914600.0,5645800.0,38183400.0
sz002229,鸿博股份,36.83,-2.72%,18.84%,1535000000.0,1980000000.0,445000000.0,3515999999.9999995
sz301137,哈焊华通,15.99,-2.74%,33.05%,111000000.00000001,138000000.0,26872300.0,250000000.0
sz300923,研奥股份,21.91,-2.75%,9.38%,30342500.0,36938100.0,6595700.000000001,67280600.0
sh688072,拓荆科技,323.11,-2.75%,2.80%,301000000.0,330000000.0,28360900.0,631000000.0
sh688677,海泰新光,46.01,-2.75%,2.83%,39406000.0,61090600.00000001,21684600.0,100000000.0
sh600361,创新新材,5.66,-2.75%,6.41%,61216800.0,113999999.99999999,52722700.00000001,175000000.0
sz300655,晶瑞电材,9.18,-2.75%,3.02%,112999999.99999999,156000000.0,42295900.0,269000000.0
sz301369,联动科技,60.21,-2.76%,12.02%,52279000.0,79310400.0,27031400.0,132000000.0
sz001309,德明利,66.71,-2.76%,6.31%,115999999.99999999,178000000.0,62019399.99999999,293000000.0
sz301185,鸥玛软件,24.27,-2.76%,6.43%,66051899.99999999,74422500.0,8370599.999999999,140000000.0
sz301178,天亿马,32.47,-2.78%,16.12%,98756600.0,134000000.00000001,35250900.0,233000000.0
sz300950,德固特,17.85,-2.78%,6.24%,28734699.999999996,40026500.0,11291800.0,68761300.0
sz300687,赛意信息,20.3,-2.78%,2.94%,101000000.0,93896200.00000001,7140300.0,195000000.0
sz301393,昊帆生物,64.9,-2.79%,14.12%,99424599.99999999,124000000.0,24194500.0,223000000.0
sz002332,仙琚制药,10.8,-2.79%,1.65%,81355700.0,98025500.0,16669800.0,179000000.0
sh688332,中科蓝讯,63.65,-2.81%,4.29%,41924100.0,53098000.0,11173900.000000002,95022099.99999999
sz301359,东南电子,23.16,-2.81%,12.02%,24984699.999999996,36934700.0,11949900.0,61919500.0
sh688679,通源环境,15.2,-2.81%,4.70%,25767500.0,17818200.0,7949200.0,43585700.0
sh688020,方邦股份,39.47,-2.81%,0.78%,13644800.0,11689000.0,1955800.0000000002,25333800.0
sh600689,上海三毛,9.7,-2.81%,8.89%,59329500.0,75831300.0,16501800.0,135000000.0
sz002178,延华智能,3.8,-2.81%,11.87%,129000000.0,202000000.0,72997200.0,331000000.0
sz300470,中密控股,38.97,-2.82%,0.81%,26456000.0,37629100.0,11173100.0,64085000.0
sh688302,海创药业,41.5,-2.83%,1.42%,12638800.000000002,13355600.0,716800.0000000001,25994400.0
sz300857,协创数据,23.0,-2.83%,2.63%,50780700.0,77585800.0,26805100.000000004,128000000.0
sh688025,杰普特,66.21,-2.83%,2.07%,52717500.0,56588800.0,3871300.0,109000000.00000001
sz301308,江波龙,72.12,-2.86%,4.03%,167000000.0,171000000.0,3746300.0,337000000.0
sh605068,明新旭腾,22.39,-2.86%,2.23%,8484800.0,18600900.0,10116100.0,27085800.0
sh601606,长城军工,12.42,-2.89%,6.09%,225000000.0,339000000.0,113999999.99999999,564000000.0
sh605186,健麾信息,33.52,-2.90%,3.31%,33608800.0,41582500.0,7973700.0,75191400.0
sz000428,华天酒店,4.66,-2.92%,4.85%,94411000.0,141000000.0,46180100.0,237000000.0
sh688718,唯赛勃,16.65,-2.92%,7.03%,28871300.0,38981700.0,10110400.0,67853000.0
sh688367,工大高科,16.25,-2.93%,2.83%,12290600.0,18791300.0,6500800.0,31081900.0
sz002345,潮宏基,5.97,-2.93%,3.90%,81998300.0,123000000.0,41151000.0,204999999.99999997
sz300856,科思股份,67.03,-2.93%,1.27%,63978500.0,77948200.0,13969700.0,142000000.0
sz002590,万安科技,10.62,-2.93%,9.29%,190000000.0,274000000.0,83119200.0,463999999.99999994
sh688292,浩瀚深度,27.59,-2.95%,12.53%,138000000.0,149000000.0,11916600.0,287000000.0
sz301068,大地海洋,33.9,-2.95%,1.92%,13407500.0,13420400.0,12900.0,26828000.0
sh603159,上海亚虹,14.14,-2.95%,5.40%,41318500.0,67110000.0,25791400.0,108000000.0
sz002527,新时达,12.13,-2.96%,14.04%,403000000.0,515000000.00000006,112999999.99999999,918000000.0
sh600367,红星发展,12.8,-2.96%,3.52%,58785600.00000001,78904300.0,20118700.0,138000000.0
sz300837,浙矿股份,32.09,-2.96%,1.68%,15080900.0,23894200.0,8813200.0,38975100.0
sz300231,银信科技,8.86,-2.96%,9.80%,138000000.0,176000000.0,37686200.0,314000000.0
sh688192,迪哲医药,29.4,-2.97%,2.10%,34312000.0,41823600.0,7511600.0,76135600.0
sz000692,*ST惠天,2.61,-2.97%,1.01%,4187000.0,10241600.0,6054600.0,14428599.999999998
sz301025,读客文化,11.72,-2.98%,12.40%,60620700.0,83914200.0,23293400.0,145000000.0
sz300054,鼎龙股份,19.85,-2.98%,1.20%,79498300.0,101000000.0,21020100.000000004,180000000.0
sz002311,海大集团,44.4,-2.99%,0.40%,140000000.0,158000000.0,18581600.0,298000000.0
sz301099,雅创电子,40.16,-3.00%,6.29%,29059899.999999996,44322400.0,15262500.0,73382400.0
sz300741,华宝股份,20.94,-3.01%,0.40%,23349400.0,30410900.0,7061500.0,53760300.0
sz300596,利安隆,33.46,-3.01%,0.96%,32941600.0,37573000.0,4631500.0,70514600.0
sz300996,普联软件,23.99,-3.03%,2.24%,27377600.000000004,38753900.0,11376199.999999998,66131500.0
sh688793,倍轻松,32.94,-3.03%,2.25%,9004400.0,16349800.0,7345400.0,25354200.0
sz300679,电连技术,31.66,-3.03%,1.78%,99299000.0,106000000.0,6256100.0,204999999.99999997
sz300593,新雷能,17.54,-3.04%,2.19%,77143800.0,101000000.0,24063300.0,178000000.0
sh603027,千禾味业,17.4,-3.06%,2.65%,188000000.0,263000000.0,75264600.0,451000000.0
sz301089,拓新药业,54.28,-3.07%,5.40%,112999999.99999999,127000000.0,13906099.999999998,239000000.0
sz002544,普天科技,19.87,-3.07%,1.08%,59652700.00000001,88351800.0,28699100.0,148000000.0
sz300174,元力股份,17.01,-3.08%,1.66%,38239100.0,68386500.0,30147399.999999996,107000000.0
sh688562,航天软件,24.13,-3.09%,8.23%,55895200.00000001,82154100.0,26258900.0,138000000.0
sh600654,ST中安,1.88,-3.09%,0.35%,5980000.0,9496800.0,3516800.0,15476900.0
sh603662,柯力传感,24.5,-3.09%,6.70%,220000000.00000003,252000000.0,32266500.0,472000000.0
sz002535,林州重机,4.39,-3.09%,9.53%,87033200.0,128000000.0,40906800.0,215000000.0
sz300287,飞利信,3.75,-3.10%,6.14%,126000000.0,183000000.0,57754399.99999999,309000000.0
sh688053,思科瑞,46.59,-3.10%,2.39%,17718600.0,28053000.0,10334400.0,45771500.0
sh688169,石头科技,245.0,-3.10%,1.57%,260000000.0,249000000.00000003,10698400.0,509000000.0
sz301007,德迈仕,14.97,-3.11%,11.26%,102000000.0,113999999.99999999,11723900.000000002,215000000.0
sh603076,乐惠国际,33.93,-3.11%,2.04%,39893700.0,45815300.0,5921600.0,85709000.0
sh688270,臻镭科技,44.68,-3.12%,2.85%,66837600.0,66041899.99999999,795699.9999999999,133000000.0
sz300657,弘信电子,14.54,-3.13%,3.30%,101000000.0,120000000.0,18956800.0,221000000.0
sh688566,吉贝尔,24.7,-3.14%,1.42%,24434100.0,36302000.0,11867900.0,60736000.0
sh600647,*ST同达,13.55,-3.15%,1.10%,7916900.000000001,13379400.0,5462400.0,21296300.0
sz300546,雄帝科技,19.37,-3.15%,17.68%,206999999.99999997,252000000.0,45702299.99999999,459000000.0
sz300791,仙乐健康,25.73,-3.16%,1.12%,17790200.0,26917900.0,9127700.0,44708100.00000001
sz002472,双环传动,29.32,-3.17%,2.77%,277000000.0,358000000.0,81307300.0,636000000.0
sz300937,药易购,36.85,-3.18%,22.75%,154000000.0,202000000.0,48460600.00000001,356000000.0
sh600382,广东明珠,4.56,-3.18%,2.01%,28381100.0,45959799.99999999,17578800.0,74340900.0
sz300813,泰林生物,26.4,-3.19%,6.20%,39413000.0,60431400.0,21018400.0,99844400.0
sh603267,鸿远电子,58.32,-3.20%,2.54%,146000000.0,208000000.0,62207700.00000001,353000000.0
sh688662,富信科技,32.01,-3.23%,8.14%,73015600.0,70657200.0,2358400.0,144000000.0
sh603139,康惠制药,16.49,-3.23%,6.64%,45575600.00000001,66645400.0,21069699.999999996,112000000.00000001
sh605089,味知香,37.96,-3.24%,6.01%,36019700.0,49509799.99999999,13490100.0,85529500.0
sz301272,英华特,61.95,-3.25%,13.81%,53789799.99999999,70031300.0,16241500.0,124000000.0
sz002992,宝明科技,59.58,-3.25%,3.99%,78509400.0,112000000.00000001,33753100.0,191000000.0
sh688515,裕太微,112.96,-3.28%,3.51%,36753700.0,43715900.0,6962200.0,80469500.0
sz301316,慧博云通,39.5,-3.28%,51.27%,375000000.0,440000000.00000006,65052000.0,814000000.0
sz000860,顺鑫农业,24.63,-3.30%,2.42%,210000000.0,241000000.0,31157800.000000004,450000000.0
sz300806,斯迪克,16.65,-3.31%,1.96%,37588800.0,50565100.0,12976300.000000002,88153900.0
sh688023,安恒信息,142.07,-3.35%,0.98%,45783500.0,68052600.0,22269000.0,113999999.99999999
sz300489,光智科技,18.73,-3.35%,4.15%,51447200.0,58709200.0,7262100.0,110000000.00000001
sz300662,科锐国际,31.55,-3.37%,1.45%,43381200.0,48940000.0,5558700.0,92321100.0
sh688345,博力威,33.18,-3.38%,10.88%,44270500.0,50472100.0,6201600.0,94742600.0
sh605255,天普股份,14.02,-3.38%,1.97%,16203699.999999998,21957500.0,5753900.0,38161200.0
sz000065,北方国际,14.01,-3.38%,2.66%,153000000.0,195000000.0,41624900.0,350000000.0
sh688333,铂力特,108.97,-3.39%,1.02%,82654100.0,101000000.0,17865100.0,183000000.0
sz300611,美力科技,9.95,-3.40%,6.00%,37375600.0,53462200.0,16086600.0,90837700.0
sz300553,集智股份,44.31,-3.40%,2.02%,20687800.000000004,28259400.0,7571700.0,48947200.0
sz300399,天利科技,15.08,-3.40%,18.01%,244000000.0,326000000.0,81915200.0,570000000.0
sz300846,首都在线,13.89,-3.41%,10.95%,233000000.0,324000000.0,90864599.99999999,557000000.0
sh600212,绿能慧充,7.88,-3.43%,3.30%,48341899.99999999,87978200.0,39636300.0,136000000.0
sz300338,ST开元,5.33,-3.44%,4.01%,24132600.000000004,42453900.0,18321300.0,66586500.0
sz300971,博亚精工,22.07,-3.46%,4.51%,22297000.0,33103500.0,10806500.0,55402800.0
sz301049,超越科技,28.38,-3.47%,42.02%,151000000.0,175000000.0,23396600.0,326000000.0
sh603959,百利科技,9.16,-3.48%,2.65%,50198200.0,71837600.0,21639400.0,122000000.0
sz300915,海融科技,35.95,-3.49%,3.99%,16150700.0,20968700.0,4818000.0,37119400.0
sz301022,海泰科,24.8,-3.50%,7.71%,31564200.0,52204399.99999999,20640300.000000004,83768700.00000001
sh688339,亿华通,51.75,-3.51%,2.12%,56982800.0,72755900.0,15773100.0,130000000.0
sz300266,兴源环境,3.3,-3.51%,1.97%,46011800.0,57443900.0,11432100.0,103000000.0
sz002952,亚世光电,14.59,-3.51%,2.16%,20251100.0,22668800.0,2417700.0,42919799.99999999
sh600530,*ST交昂,1.92,-3.52%,2.06%,12246300.000000002,18995600.0,6749299.999999999,31241900.0
sh601133,柏诚股份,12.86,-3.53%,11.39%,79907600.0,110000000.00000001,29892900.0,190000000.0
sz301231,荣信文化,35.93,-3.54%,47.80%,167000000.0,213000000.0,45907700.00000001,380000000.0
sz000815,美利云,12.07,-3.59%,8.54%,294000000.0,441000000.0,148000000.0,735000000.0
sh688066,航天宏图,53.68,-3.59%,1.68%,93765900.0,147000000.0,53393500.0,241000000.0
sh688071,华依科技,42.89,-3.62%,4.19%,32623800.0,35076200.0,2452400.0,67700000.0
sz002771,真视通,15.6,-3.64%,8.18%,82932200.0,140000000.0,56951899.99999999,223000000.0
sz002053,云南能投,10.58,-3.64%,2.87%,101000000.0,166000000.0,64950100.0,267000000.0
sh688035,德邦科技,46.23,-3.65%,7.26%,42617400.0,63201300.0,20583900.0,106000000.0
sz300951,博硕科技,42.93,-3.66%,3.46%,34356100.0,52461300.0,18105200.0,86817400.0
sz000995,皇台酒业,16.59,-3.71%,7.14%,91845900.0,128000000.0,35781900.0,219000000.0
sh603863,松炀资源,18.68,-3.71%,2.32%,31339000.0,59601800.0,28262800.000000004,90940800.0
sz300567,精测电子,79.45,-3.71%,2.87%,233000000.0,245000000.00000003,11381300.000000002,478000000.0
sz300209,ST有棵树,2.85,-3.72%,3.29%,13594800.0,24995900.0,11401099.999999998,38590700.0
sh603379,三美股份,28.4,-3.73%,1.02%,68147300.0,115999999.99999999,47727200.0,184000000.0
sh603659,璞泰来,32.71,-3.74%,0.68%,209000000.0,247000000.00000003,38572900.0,455999999.99999994
sh603679,华体科技,12.58,-3.75%,2.46%,20838100.0,30894899.999999996,10056700.0,51733000.0
sh688598,金博股份,80.1,-3.76%,1.60%,83156100.0,101000000.0,17550000.0,184000000.0
sh603042,华脉科技,13.84,-3.76%,13.86%,148000000.0,169000000.0,20934000.0,318000000.0
sh600223,福瑞达,8.96,-3.76%,2.16%,71539500.0,130000000.0,58314399.99999999,200999999.99999997
sz002742,ST三圣,3.33,-3.76%,1.33%,7830100.0,10921400.000000002,3091300.0,18751600.0
sh688152,麒麟信安,91.42,-3.77%,11.28%,79412700.0,110000000.00000001,30887500.0,190000000.0
sh603773,沃格光电,27.45,-3.82%,2.40%,35357300.0,69631300.0,34274000.0,105000000.0
sz301116,益客食品,14.97,-3.85%,11.71%,96201500.0,114999999.99999999,18598600.0,211000000.0
sh603811,诚意药业,11.0,-3.85%,2.28%,28494800.0,55716200.0,27221400.0,84211100.0
sh603836,海程邦达,13.47,-3.85%,3.47%,14550400.0,26837100.0,12286700.0,41387500.0
sh688278,特宝生物,31.2,-3.85%,0.65%,38284400.0,45779000.0,7494600.0,84063300.0
sz300953,震裕科技,54.49,-3.86%,2.76%,32904899.999999996,38025700.0,5120700.000000001,70930600.0
sh600011,华能国际,8.22,-3.86%,0.80%,282000000.0,454000000.0,172000000.0,736000000.0
sz001331,胜通能源,16.61,-3.88%,12.47%,34819800.0,55181000.0,20361300.0,90000800.0
sz002997,瑞鹄模具,31.49,-3.88%,7.55%,159000000.0,136000000.0,22897399.999999996,295000000.0
sz002892,科力尔,10.13,-3.89%,9.35%,114999999.99999999,151000000.0,35114300.0,266000000.0
sh605080,浙江自然,26.12,-3.90%,2.52%,8381300.0,23408900.0,15027600.0,31790200.0
sz301310,鑫宏业,52.55,-3.90%,13.37%,70118700.0,93199100.0,23080400.0,163000000.0
sh688228,开普云,39.38,-3.90%,4.17%,51039300.0,64560800.0,13521400.000000002,115999999.99999999
sz301016,雷尔伟,19.72,-3.90%,17.97%,52086500.0,59720600.00000001,7634100.0,112000000.00000001
sh688311,盟升电子,34.74,-3.90%,2.66%,71474700.0,82654599.99999999,11179800.0,154000000.0
sh688569,铁科轨道,32.45,-3.91%,2.59%,56845700.0,57251400.0,405600.0,113999999.99999999
sh688766,普冉股份,88.01,-3.91%,2.51%,45778000.0,54304300.0,8526300.0,100000000.0
sh603899,晨光股份,38.63,-3.91%,1.34%,252000000.0,231000000.0,20821400.0,482000000.0
sh603860,中公高科,26.0,-3.92%,9.16%,74352900.0,91372200.0,17019300.0,166000000.0
sh688600,皖仪科技,19.01,-3.94%,4.67%,38980500.0,40073500.0,1093000.0,79053900.0
sz301281,科源制药,43.8,-3.95%,24.73%,123000000.0,165000000.0,41646000.0,288000000.0
sh603879,永悦科技,9.73,-3.95%,4.74%,71518400.0,99215800.0,27697399.999999996,171000000.0
sh601069,西部黄金,13.49,-3.99%,2.46%,90844400.0,133000000.0,41911700.0,224000000.00000003
sh688037,芯源微,120.6,-4.00%,2.47%,204999999.99999997,217000000.0,12094100.0,421000000.0
sh600996,贵广网络,10.33,-4.00%,3.08%,153000000.0,245000000.00000003,92099300.0,397000000.0
sz300573,兴齐眼药,157.39,-4.01%,3.00%,137000000.0,195000000.0,57177100.0,332000000.0
sz002557,洽洽食品,32.3,-4.01%,2.90%,194000000.0,284000000.0,89737500.0,476999999.99999994
sz001202,炬申股份,14.09,-4.02%,22.47%,57189799.99999999,74072300.0,16882400.0,131000000.0
sz300730,科创信息,12.37,-4.03%,7.45%,71713700.0,115999999.99999999,44490200.00000001,188000000.0
sz002988,豪美新材,16.4,-4.04%,1.54%,29536400.0,30850100.000000004,1313800.0,60386500.0
sh688486,龙迅股份,89.79,-4.07%,4.41%,26973200.0,37784700.0,10811500.0,64758100.00000001
sh688197,首药控股,40.68,-4.10%,2.75%,24557900.0,35565900.0,11008000.0,60123700.0
sz300786,国林科技,14.74,-4.10%,2.94%,26959100.0,34628400.0,7669299.999999999,61587500.0
sz301382,蜂助手,36.8,-4.12%,25.68%,159000000.0,200000000.0,40490700.0,359000000.0
sh688160,步科股份,49.68,-4.13%,10.00%,58378900.0,86221700.0,27842700.0,145000000.0
sh600186,莲花健康,3.24,-4.14%,3.42%,85508100.0,118000000.0,32121100.0,202999999.99999997
sz300298,三诺生物,21.95,-4.15%,0.90%,42489300.0,49876100.0,7386900.000000001,92367500.0
sz300697,电工合金,10.1,-4.17%,4.85%,26102199.999999996,51318300.0,25216100.0,77420500.0
sh603858,步长制药,17.37,-4.19%,1.71%,121000000.0,218000000.00000003,97820300.0,339000000.0
sz001299,美能能源,19.23,-4.23%,45.15%,180000000.0,248000000.0,67920300.0,426999999.99999994
sz300607,拓斯达,13.14,-4.23%,5.48%,93748700.00000001,122000000.0,28480800.0,216000000.0
sz301380,挖金客,58.27,-4.26%,37.35%,175000000.0,219000000.0,43724500.0,394000000.0
sh603477,巨星农牧,26.6,-4.28%,2.17%,139000000.0,161000000.0,22088400.0,299000000.0
sz002191,劲嘉股份,6.23,-4.30%,2.15%,73170600.0,126000000.0,52878400.0,199000000.0
sz301085,亚康股份,63.54,-4.31%,19.69%,178000000.0,246000000.0,68254200.0,423000000.00000006
sh688597,煜邦电力,8.0,-4.31%,2.60%,12830700.0,26393900.0,13563200.0,39224600.0
sz301213,观想科技,47.23,-4.32%,21.44%,131000000.0,172000000.0,40764200.0,303000000.0
sh603987,康德莱,9.7,-4.34%,3.74%,60415500.0,104000000.0,43830900.0,165000000.0
sz301408,华人健康,19.87,-4.43%,36.03%,167000000.0,249000000.00000003,82140900.0,416000000.0
sz301378,通达海,58.2,-4.43%,22.65%,99763100.0,143000000.0,43237700.00000001,243000000.00000003
sh688048,长光华芯,58.18,-4.43%,5.30%,105000000.0,147000000.0,41970200.00000001,250999999.99999997
sh600328,中盐化工,9.27,-4.43%,5.18%,310000000.0,401999999.99999994,92402900.00000001,712000000.0
sz002355,兴民智通,6.04,-4.43%,16.51%,278000000.0,363000000.0,85669500.0,641000000.0
sz301103,何氏眼科,34.5,-4.46%,6.42%,87581600.0,103000000.0,15503599.999999998,191000000.0
sz301339,通行宝,20.75,-4.47%,11.45%,51135100.0,99079000.0,47943800.0,150000000.0
sz301080,百普赛斯,59.13,-4.47%,2.49%,37477300.0,58753500.0,21276200.0,96230900.0
sz300268,*ST佳沃,13.88,-4.47%,2.19%,17204000.0,23685900.0,6481900.000000001,40890000.0
sz002760,凤形股份,20.57,-4.50%,2.42%,21088900.0,23563200.0,2474300.0,44656400.0
sz300667,必创科技,14.8,-4.52%,3.87%,39744300.0,56187500.0,16443100.0,95933300.0
sz002507,涪陵榨菜,16.03,-4.58%,2.96%,217000000.0,335000000.0,118000000.0,552000000.0
sh688315,诺禾致源,20.37,-4.59%,2.36%,27398600.0,27514100.0,115500.0,54912700.00000001
sz301390,经纬股份,41.77,-4.63%,16.98%,47490500.0,63941200.0,16450700.0,111000000.00000001
sz300256,ST星星,2.88,-4.64%,2.14%,32603000.0,62738600.0,30135700.0,95341500.0
sz300250,初灵信息,14.4,-4.64%,8.81%,83898799.99999999,130000000.0,46433600.0,214000000.0
sz002085,万丰奥威,5.51,-4.67%,2.33%,123000000.0,160000000.0,36409100.0,283000000.0
sh603496,恒为科技,18.69,-4.69%,7.03%,222000000.00000003,204000000.0,18115000.0,426999999.99999994
sz002433,*ST太安,2.42,-4.72%,5.80%,37926400.0,70660700.0,32734300.0,109000000.00000001
sh603308,应流股份,12.9,-4.73%,2.17%,94069900.0,106000000.0,11900600.0,200000000.0
sh688046,药康生物,16.04,-4.75%,2.94%,37219800.0,59172500.0,21952600.000000004,96392300.0
sh688327,云从科技,13.98,-4.77%,4.63%,249000000.00000003,256999999.99999997,8347900.0,505999999.99999994
sz300984,金沃股份,22.98,-4.84%,5.34%,15797000.0,21733400.0,5936400.0,37532700.0
sz002564,*ST天沃,2.95,-4.84%,4.48%,45335800.0,71929100.0,26593300.0,117000000.0
sh688213,思特威,41.2,-4.85%,0.76%,29406200.0,33051100.0,3644900.0,62457299.99999999
sz300487,蓝晓科技,58.4,-4.86%,2.35%,156000000.0,267000000.0,111000000.00000001,423000000.00000006
sz300226,上海钢联,32.7,-4.89%,16.19%,813000000.0000001,961000000.0,148000000.0,1775000000.0
sz002776,*ST柏龙,1.55,-4.91%,5.34%,17940200.0,28237900.0,10297800.0,46319799.99999999
sz300606,金太阳,18.98,-4.91%,3.65%,30136800.0,53932200.0,23795400.0,84069000.0
sz301228,实朴检测,26.92,-4.94%,56.11%,433000000.0,444000000.00000006,10747700.0,877000000.0
sh603192,汇得科技,18.49,-4.94%,2.94%,34107700.0,41669600.0,7561900.000000001,75777300.0
sz301169,零点有数,59.5,-4.95%,50.26%,437000000.0,455000000.0,17865900.0,892000000.0
sz301313,凡拓数创,40.8,-4.96%,25.79%,112000000.00000001,166000000.0,54541000.0,278000000.0
sz300769,德方纳米,95.0,-4.98%,2.75%,357000000.0,311000000.0,45789799.99999999,668000000.0
sz000615,*ST美谷,3.82,-4.98%,5.97%,77954500.0,101000000.0,22933400.0,179000000.0
sz300910,瑞丰新材,47.98,-4.99%,2.34%,82446100.0,122000000.0,39773600.0,204999999.99999997
sz000752,*ST西发,7.43,-4.99%,7.03%,88954400.0,49825600.00000001,39128800.0,139000000.0
sz002313,*ST日海,6.46,-5.00%,1.40%,25404300.0,8576400.0,16827800.0,33980700.0
sh600589,*ST榕泰,3.2,-5.04%,3.65%,41298800.0,41587299.99999999,288500.0,82886000.0
sh600610,中毅达,12.23,-5.05%,5.58%,122000000.0,199000000.0,77817600.0,321000000.0
sh600272,开开实业,14.08,-5.06%,25.28%,256000000.0,343000000.0,86752900.00000001,600000000.0
sz000697,*ST炼石,5.07,-5.06%,2.54%,31542700.0,44307400.0,12764800.0,75850100.0
sz002309,ST中利,3.93,-5.07%,3.15%,43936300.0,65919799.99999999,21983500.0,110000000.00000001
sz000796,*ST凯撒,3.92,-5.08%,1.72%,19130700.0,35823300.0,16692700.0,54954000.0
sz300345,华民股份,8.95,-5.09%,2.02%,33268900.0,49699700.0,16430900.0,82968600.0
sz300465,高伟达,11.12,-5.12%,17.33%,438000000.0,505000000.0,66907600.0,943000000.0
sz301509,金凯生科,69.4,-5.19%,22.41%,142000000.0,192000000.0,49372500.0,334000000.0
sz301428,世纪恒通,39.48,-5.26%,34.91%,148000000.0,194000000.0,46134200.0,343000000.0
sz001234,泰慕士,27.58,-5.26%,32.49%,120000000.0,136000000.0,15523699.999999998,256000000.0
sz002708,光洋股份,6.49,-5.26%,8.91%,95088200.0,145000000.0,49897400.0,243000000.00000003
sh688120,华海清科,185.99,-5.29%,3.37%,304000000.0,370000000.0,65883200.0,674000000.0
sh688051,佳华科技,30.52,-5.36%,2.47%,24484899.999999996,36732800.0,12247800.0,61217700.00000001
sz301337,亚华电子,33.05,-5.41%,38.59%,130000000.0,204999999.99999997,74699300.0,336000000.0
sz301221,光庭信息,53.07,-5.42%,10.67%,124000000.0,137000000.0,13852800.0,261000000.0
sz300333,兆日科技,7.15,-5.42%,14.03%,146000000.0,208000000.0,61346000.0,354000000.0
sz002971,和远气体,21.31,-5.50%,3.86%,48949500.0,55612500.0,6663000.0,106000000.0
sz301368,丰立智能,46.56,-5.54%,32.24%,152000000.0,254000000.0,103000000.0,468000000.0
sh688201,信安世纪,23.0,-5.54%,4.80%,46080500.0,61921200.0,15840700.0,108000000.0
sz003005,竞业达,31.31,-5.55%,23.91%,178000000.0,219000000.0,40713500.0,396000000.0
sz300825,阿尔特,16.67,-5.55%,12.36%,239000000.0,283000000.0,44036600.0,522000000.0
sh688031,星环科技,81.36,-5.56%,7.78%,93860200.0,90534500.0,3325700.0,184000000.0
sz301299,卓创资讯,87.0,-5.60%,57.46%,381000000.0,455000000.0,74302500.0,836000000.0
sz002694,顾地科技,6.99,-5.67%,4.16%,84872200.0,75566200.0,9306000.0,160000000.0
sh603220,中贝通信,20.8,-5.71%,23.45%,825000000.0,852000000.0,27171000.0,1676000000.0000002
sh688090,瑞松科技,27.32,-5.73%,3.53%,24571700.0,41636000.0,17064300.0,66207600.0
sz301255,通力科技,48.6,-5.74%,27.45%,184000000.0,192000000.0,8664500.0,376000000.0
sh605289,罗曼股份,28.69,-5.75%,9.02%,58853700.0,74872600.0,16018800.000000002,134000000.00000001
sh688668,鼎通科技,50.79,-5.77%,7.12%,68136200.0,105000000.0,36816900.0,173000000.0
sz300542,新晨科技,14.82,-5.90%,28.32%,484000000.0,636000000.0,152000000.0,1120000000.0
sh603392,万泰生物,47.2,-5.94%,1.03%,316000000.0,317000000.0,1690700.0,633000000.0
sh600929,雪天盐业,7.44,-5.94%,5.93%,199000000.0,286000000.0,86827700.0,484999999.99999994
sh603106,恒银科技,8.76,-6.01%,20.00%,339000000.0,642000000.0,302000000.0,981000000.0
sz301139,元道通信,25.0,-6.02%,11.66%,76653100.0,131000000.0,53928800.0,206999999.99999997
sz300541,先进数通,15.18,-6.12%,27.61%,503000000.0,642000000.0,140000000.0,1145000000.0
sz300817,双飞股份,14.1,-6.19%,9.39%,54294200.0,83245900.0,28951700.0,138000000.0
sz300608,思特奇,9.08,-6.30%,8.62%,105000000.0,122000000.0,16881300.0,227000000.0
sz300560,中富通,16.52,-6.30%,8.70%,109000000.00000001,177000000.0,67899700.0,286000000.0
sz001270,铖昌科技,72.78,-6.43%,4.24%,95132000.0,132000000.0,37194200.0,227000000.0
sh688768,容知日新,48.6,-6.43%,3.79%,33296700.0,61770500.0,28473800.0,95067200.0
sz300469,信息发展,17.86,-6.44%,3.60%,58795300.0,70514700.0,11719400.0,129000000.0
sz301230,泓博医药,41.88,-6.52%,13.70%,56342299.99999999,90717200.0,34374900.0,147000000.0
sh603799,华友钴业,42.47,-6.64%,3.23%,980000000.0000001,1380000000.0,401000000.0,2360000000.0
sz300766,每日互动,15.4,-6.67%,12.79%,344000000.0,407000000.0,62962299.99999999,750000000.0
sz002802,洪汇新材,12.3,-6.68%,11.82%,115999999.99999999,166000000.0,49842900.0,282000000.0
sz300807,天迈科技,31.99,-6.71%,21.92%,155000000.0,200000000.0,44804900.0,355000000.0
sz002861,瀛通通讯,10.09,-6.75%,7.24%,39467100.0,42249399.99999999,2782300.0,82604700.0
sz300913,兆龙互连,31.88,-6.78%,21.24%,206999999.99999997,269000000.0,61851300.0,476000000.0
